,extraction_date,tube_ID,Phytoene,Phytofluene,Zeta,X9_cis_Beta,Trans_Beta,Viola_1,Viola_2,Lutein,sample_ID,sample_weight_g,technician,fresh_weight_.g.,dry_weight_.g.,tube_type,dry_date,block,harvest_date,genotype,family,group,root_ID,rep,layer,totalc,totalbc,totalv,totalpre,ratio_bc_v,dmc
1,6/30/22,1,1.752874494,1.227530364,1.705587045,9.073117409,38.62299595,1.125425101,1.359473684,0.963603239,X2_24_1_o,0.247,Jiho,13.83,9.66,orange,,4,5/27/22,X2_24,X2,X,X2_24_1,1,o,55.83060729,47.69611336,2.323076923,2.980404858,20.53143953,42.40331492
2,6/30/22,2,0.106546185,0.037309237,0,1.475863454,4.563413655,0.404939759,0.655341365,0.090562249,X7_22_1_o,0.249,Jiho,13.34,9.51,orange,6/17/22,4,5/27/22,X7_22,X7,X,X7_22_1,1,o,7.333975904,6.039277108,0.745903614,0.143855422,8.096591827,43.25925926
3,6/30/22,3,0,0,0,0.69322449,2.052081633,0.185061224,0.309346939,0.058,X7_22_3_o,0.245,Jiho,13.33,9.46,orange,6/17/22,4,5/27/22,X7_22,X7,X,X7_22_3,3,o,3.297714286,2.745306122,0.367346939,0,7.473333333,42.58160237
4,6/30/22,4,0.278063063,0.18027027,0.446126126,8.286666667,29.89252252,1.112207207,1.598063063,0.574459459,X4_24_3_o,0.222,Jiho,14.13,9.54,orange,6/17/22,4,5/27/22,X4_24,X4,X,X4_24_3,3,o,42.36837838,38.17918919,2.172522523,0.458333333,17.57366784,39.12466844
5,6/30/22,5,0.759246862,0.347238494,0.038242678,2.831004184,7.012719665,0.523807531,0.685690377,0.176569038,X7_22_1_i,0.239,Jiho,13.87,9.86,orange,6/17/22,4,5/27/22,X7_22,X7,X,X7_22_1,1,i,12.37451883,9.843723849,0.862259414,1.106485356,11.41619759,44.91758242
6,6/30/22,6,0,0,0,0.373984064,0.934940239,0.070119522,0.096414343,0.073027888,X12_59_1_o,0.251,Jiho,14.4,8.97,orange,,4,5/27/22,X12_59,X12,X,X12_59_1,1,o,1.548486056,1.308924303,0.169442231,0,7.724900071,30.4737516
7,6/30/22,7,0.07,0.028505747,0.012950192,2.079272031,5.431494253,0.521111111,0.746666667,0.129616858,X8_37_1_i,0.261,Jiho,14.11,9.87,orange,6/17/22,4,5/27/22,X8_37,X8,X,X8_37_1,1,i,9.019616858,7.510766284,0.876283525,0.098505747,8.571159984,43.61702128
8,6/30/22,8,2.155523013,1.436066946,1.511966527,10.38974895,33.94025105,1.239372385,1.60748954,0.637949791,X2_24_2_o,0.239,Jiho,12.31,9,orange,,4,5/27/22,X2_24,X2,X,X2_24_2,2,o,52.9183682,44.33,2.245439331,3.591589958,19.74223903,42.13286713
9,6/30/22,9,2.349102041,1.659959184,0.970816327,6.48122449,32.79171429,0.494979592,0.656326531,0.062897959,A03_4_1_i,0.245,Jiho,16.69,10.79,orange,,4,5/27/22,A03,A03,A,A03_4_1,1,i,45.46702041,39.27293878,0.71922449,4.009061224,54.60456274,41.58415842
10,6/30/22,10,0.04992,0.02772,0.01388,2.27412,6.90284,0.75988,0.9984,0.08596,X8_37_1_o,0.25,Jiho,12.71,9.3,orange,6/17/22,4,5/27/22,X8_37,X8,X,X8_37_1,1,o,11.11272,9.17696,1.08436,0.07764,8.463019661,44.28104575
11,6/30/22,11,0.057126437,0,0,0.900421456,2.358505747,0.236666667,0.342758621,0,X7_22_2_i,0.261,Jiho,14.7,10.24,orange,6/17/22,4,5/27/22,X7_22,X7,X,X7_22_2,2,i,3.895478927,3.258927203,0.342758621,0.057126437,9.507936508,45.00616523
12,6/30/22,12,0.135918367,0,0.099673469,4.47322449,12.40481633,0.827591837,1.307836735,0.220489796,X9_62_2_o,0.245,Jiho,12.35,9.177,orange,6/21/22,4,5/27/22,X9_62,X9,X,X9_62_2,2,o,19.46955102,16.87804082,1.528326531,0.135918367,11.04347826,44.91319444
13,6/30/22,13,0.330862745,0,0.014039216,1.261764706,2.910470588,0.549568627,0.748666667,0.098156863,X11_43_2_i,0.255,Jiho,14.88,10.19,orange,,4,5/27/22,X11_43,X11,X,X11_43_2,2,i,5.913529412,4.172235294,0.846823529,0.330862745,4.926924146,43.42581423
14,6/30/22,14,0.074531835,0,0.039737828,3.023520599,7.912808989,0.968913858,1.202434457,1.115505618,X8_37_2_i,0.267,Jiho,13.5,9.68,orange,6/17/22,4,5/27/22,X8_37,X8,X,X8_37_2,2,i,14.33745318,10.93632959,2.317940075,0.074531835,4.718124384,44.71780029
15,6/30/22,15,0.090357143,0,0.019761905,1.019484127,2.408928571,0.369960317,0.598690476,0.096031746,X11_43_1_i,0.252,Jiho,14.71,10.16,orange,,4,5/27/22,X11_43,X11,X,X11_43_1,1,i,4.603214286,3.428412698,0.694722222,0.090357143,4.93494031,43.96551724
16,6/30/22,16,3.624793388,2.333471074,4.230247934,10.30636364,83.29743802,1.269876033,1.583347107,0.865330579,X4_24_3_i,0.242,Jiho,13.8,9.4,orange,6/17/22,4,5/27/22,X4_24,X4,X,X4_24_3,3,i,107.5108678,93.60380165,2.448677686,5.958264463,38.22626481,38.97364771
17,6/30/22,17,0.061929134,0.039409449,0.030984252,0.723464567,2.29984252,0.067559055,0.09007874,0.039409449,X12_59_2_i,0.254,Jiho,14.98,9.86,orange,,4,5/27/22,X12_59,X12,X,X12_59_2,2,i,3.352677165,3.023307087,0.129488189,0.101338583,23.34813013,38.9749702
18,6/30/22,18,0.153582677,0.052125984,0.016456693,1.483858268,3.867322835,0.27976378,0.427874016,0.060354331,X7_22_3_i,0.254,Jiho,13.07,9.79,orange,6/17/22,4,5/27/22,X7_22,X7,X,X7_22_3,3,i,6.341338583,5.351181102,0.488228346,0.205708661,10.96040642,49.38271605
19,6/30/22,19,0.265180723,0.122811245,0.061405622,2.643253012,6.567630522,0.270763052,0.622449799,0.446586345,C65_4_2_i,0.249,Jiho,13,9.35,orange,6/21/22,4,5/27/22,C65,C65,C,C65_4_2,2,i,11.00008032,9.210883534,1.069036145,0.387991968,8.616063714,43.05772231
20,6/30/22,20,0.025078125,0,0,1.830703125,5.5171875,0.40125,0.7021875,0.663164063,X8_37_3_o,0.256,Seren,12.6,8.92,orange,6/17/22,4,5/27/22,X8_37,X8,X,X8_37_3,3,o,9.139570313,7.347890625,1.365351563,0.025078125,5.381683976,38.7687188
21,6/30/22,21,0.045849802,0.028656126,0,0.618972332,1.418498024,0.085968379,0.117509881,0.048735178,X12_59_3_i,0.253,Seren,15.95,10.39,orange,,4,5/27/22,X12_59,X12,X,X12_59_3,3,i,2.364189723,2.037470356,0.166245059,0.074505929,12.25582501,40.5982906
22,6/30/22,22,0.09724,0.05008,0,5.04176,13.68432,0.64828,1.08732,0.19744,C14_4_1_i,0.25,Seren,10.74,8.29,orange,6/17/22,4,5/27/22,C14,C14,C,C14_4_1,1,i,20.80644,18.72608,1.28476,0.14732,14.57554718,40.96385542
23,6/30/22,23,0.045252918,0.022607004,0,1.902918288,9.851011673,0.393035019,0.602256809,0.127237354,C14_4_1_o,0.257,Seren,13.66,9.052,orange,6/17/22,4,5/27/22,C14,C14,C,C14_4_1,1,o,12.94431907,11.75392996,0.729494163,0.067859922,16.11243866,34.82319661
24,6/30/22,24,0,0,0,0.423897638,0.981614173,0.055787402,0.078070866,0.058582677,X12_59_3_o,0.254,Seren,13.51,8.85,orange,,4,5/27/22,X12_59,X12,X,X12_59_3,3,o,1.597952756,1.405511811,0.136653543,0,10.2852204,32.65895954
25,6/30/22,25,0.727325581,0.538953488,0.465697674,3.51627907,26.57616279,0.457868217,0.625310078,0,A03_4_1_o,0.258,Seren,13.67,8.99,orange,,4,5/27/22,A03,A03,A,A03_4_1,1,o,32.9075969,30.09244186,0.625310078,1.26627907,48.12403149,33.89830508
26,6/30/22,26,0.306219512,0.167764228,0.047926829,2.793089431,6.331666667,0.761504065,1.003821138,0.580447154,X11_43_3_i,0.246,Seren,15.86,10.56,orange,,4,5/27/22,X11_43,X11,X,X11_43_3,3,i,11.99243902,9.124756098,1.584268293,0.47398374,5.759602802,42.82632147
27,6/30/22,27,0.016459144,0,0,0.567859922,1.226225681,0.10151751,0.131673152,0.049377432,X12_59_2_o,0.257,Seren,15.17,9.5,orange,,4,5/27/22,X12_59,X12,X,X12_59_2,2,o,2.09311284,1.794085603,0.181050584,0.016459144,9.909305824,33.91608392
28,6/30/22,28,0.022350598,0,0,1.970836653,5.755896414,0.50876494,0.707250996,0.673705179,X8_37_2_o,0.251,Seren,11.82,9.03,orange,6/17/22,4,5/27/22,X8_37,X8,X,X8_37_2,2,o,9.638804781,7.726733068,1.380956175,0.022350598,5.595205124,46.65391969
29,6/30/22,29,5.309808429,3.429463602,2.267624521,12.46938697,47.84180077,0.991149425,1.370766284,0.277739464,X2_24_2_i,0.261,Seren,14.98,9.87,orange,,4,5/27/22,X2_24,X2,X,X2_24_2,2,i,73.95773946,60.31118774,1.648505747,8.739272031,36.58536699,39.09415971
30,6/30/22,30,0.489183673,0.307918367,0.189918367,2.448816327,7.662938776,0.529469388,0.745306122,0.279142857,X11_43_3_o,0.245,Seren,13.2,9.46,orange,,4,5/27/22,X11_43,X11,X,X11_43_3,3,o,12.65269388,10.1117551,1.02444898,0.797102041,9.870433085,43.41906203
31,6/30/22,31,0.024291339,0,0,1.329566929,3.872677165,0.509724409,0.738937008,0.221141732,X8_37_3_i,0.254,Seren,13.7,10.01,orange,6/17/22,4,5/27/22,X8_37,X8,X,X8_37_3,3,i,6.696338583,5.202244094,0.96007874,0.024291339,5.418559829,48.10126582
32,6/30/22,32,0.029884615,0,0,0.611538462,1.356269231,0.100576923,0.127730769,0.059807692,X12_59_1_i,0.26,Seren,17.34,11.15,orange,,4,5/27/22,X12_59,X12,X,X12_59_1,1,i,2.285807692,1.967807692,0.187538462,0.029884615,10.49282199,42.41860465
33,6/30/22,33,0.100645161,0.047540323,0.050322581,2.010120968,5.292258065,0.503225806,0.584314516,0.466895161,C65_4_3_i,0.248,Seren,12.85,9.35,orange,6/21/22,4,5/27/22,C65,C65,C,C65_4_3,3,i,9.055322581,7.302379032,1.051209677,0.148185484,6.946643652,44.08945687
34,6/30/22,34,0.03012605,0,0,1.06512605,3.17894958,0.284747899,0.451806723,0.052016807,X7_22_2_o,0.238,Seren,13.44,9.06,orange,6/17/22,4,5/27/22,X7_22,X7,X,X7_22_2,2,o,5.062773109,4.24407563,0.503823529,0.03012605,8.423734468,36.05839416
35,6/30/22,35,0.021075697,0,0,1.136175299,2.878645418,0.38752988,0.498247012,0.092270916,X11_43_2_o,0.251,Seren,14.05,9.64,orange,,4,5/27/22,X11_43,X11,X,X11_43_2,2,o,5.013944223,4.014820717,0.590517928,0.021075697,6.798812576,40.8847185
36,6/30/22,36,4.269367589,3.245731225,3.048498024,7.307865613,53.84648221,0.624189723,0.796442688,0.329565217,X2_24_1_i,0.253,Seren,14.41,9.6,orange,,4,5/27/22,X2_24,X2,X,X2_24_1,1,i,73.46814229,61.15434783,1.126007905,7.515098814,54.31076243,38.49104859
37,6/30/22,37,0.027372549,0,0.016431373,0.909215686,2.28945098,0.273843137,0.429960784,0.117764706,X11_43_1_o,0.255,Seren,13.56,9.29,orange,,4,5/27/22,X11_43,X11,X,X11_43_1,1,o,4.064039216,3.198666667,0.54772549,0.027372549,5.839908355,38.7374462
38,6/30/22,38,3.092918288,2.288560311,1.441867704,11.11657588,39.73229572,1.008560311,1.394552529,0.219143969,X2_24_3_i,0.257,Seren,14.82,9.81,orange,,4,5/27/22,X2_24,X2,X,X2_24_3,3,i,60.29447471,50.8488716,1.613696498,5.381478599,31.51080247,39.12515188
39,7/13/22,1,2.37992126,1.851062992,1.138779528,9.888622047,35.61350394,0.682401575,1.057755906,0,A03_4_2_i,0.254,Jiho,14.64,9.94,orange,,4,5/27/22,A03,A03,A,A03_4_2,2,i,52.61204724,45.50212598,1.057755906,4.230984252,43.01760524,41.61490683
40,7/13/22,2,0.122723735,0.090311284,0.048638132,2.553657588,6.943229572,0.319494163,0.257003891,0.743190661,C64_4_2_i,0.257,Jiho ,15.01,9.9,orange,,4,5/27/22,C64,C64,C,C64_4_2,2,i,11.07824903,9.49688716,1.000194553,0.213035019,9.495039876,39.3111639
41,7/13/22,3,0.417211155,0.26250996,0.400836653,10.41422311,29.5198008,0.677410359,1.071195219,0.794621514,X2_24_3_o,0.251,Jiho,13.75,9.81,orange,,4,5/27/22,X2_24,X2,X,X2_24_3,3,o,43.55780876,39.9340239,1.865816733,0.679721116,21.40297233,44.97206704
42,7/13/22,4,0.034334601,0.016007605,0,1.573954373,3.911977186,0.336311787,0.382053232,0.196730038,C64_4_3_o,0.263,Jiho,13.94,9.24,orange,,4,5/27/22,C64,C64,C,C64_4_3,3,o,6.451368821,5.485931559,0.57878327,0.050342205,9.478386546,36.05442177
43,7/13/22,5,0.054939271,0.049919028,0,2.449190283,5.97194332,0.239676113,0.31708502,0.571740891,C64_4_1_i,0.247,Jiho ,17.11,10.7,orange,,4,5/27/22,C64,C64,C,C64_4_1,1,i,9.654493927,8.421133603,0.888825911,0.1048583,9.47444657,39.06844106
44,7/13/22,6,0.014090909,0.018787879,0,1.46780303,3.835075758,0.420378788,0.556590909,0.476742424,C64_4_2_o,0.264,Jiho ,13.53,9.16,orange,,4,5/27/22,C64,C64,C,C64_4_2,2,o,6.789469697,5.302878788,1.033333333,0.032878788,5.131818182,37.03170029
45,7/13/22,7,6.07243346,3.831939163,3.564220532,7.042737643,50.47079848,0.623307985,0.809657795,0.852509506,X5_36_3_i,0.263,Jiho,14.82,9.74,orange,,4,5/27/22,X5_36,X5,X,X5_36_3,3,i,73.26760456,57.51353612,1.6621673,9.904372624,34.60153265,38.2746051
46,7/13/22,8,8.788008299,5.347676349,3.338921162,10.90950207,60.01240664,1.070871369,1.618713693,0.403568465,X5_47_2_i,0.241,Jiho,12.71,9.111,white,6/29/22,2,5/27/22,X5_47,X5,X,X5_47_2,2,i,91.48966805,70.92190871,2.022282158,14.13568465,35.07023411,37.51736111
47,7/13/22,9,0.633409962,0.329118774,0.236704981,7.799348659,19.55927203,1.846168582,2.240613027,0.399003831,X6_65_2_i,0.261,Jiho,16.83,10.88,orange,,4,5/27/22,X6_65,X6,X,X6_65_2,2,i,33.04363985,27.35862069,2.639616858,0.962528736,10.36461811,41.89453125
48,7/13/22,10,1.016037736,0.568981132,0.553169811,4.712150943,22.66441509,0.462867925,0.654792453,0,A03_4_3_o,0.265,Jiho,13.67,9.44,orange,,4,5/27/22,A03,A03,A,A03_4_3,3,o,30.63241509,27.37656604,0.654792453,1.585018868,41.80953204,40.25423729
49,7/13/22,11,1.211,0.536653846,0.130653846,2.713653846,7.415346154,0.448,0.553,0.100346154,A27_1_1_o,0.26,Jiho,13.22,9.293,white,6/29/22,1,5/27/22,A27,A27,A,A27_1_1,1,o,13.10865385,10.129,0.653346154,1.747653846,15.5032672,37.36842105
50,7/13/22,12,1.917394636,0.9551341,0.814597701,10.89942529,31.96226054,1.826896552,1.731609195,0.545440613,X6_65_1_i,0.261,Jiho,13.8,9.4,orange,,4,5/27/22,X6_65,X6,X,X6_65_1,1,i,50.65275862,42.86168582,2.277049808,2.872528736,18.82334135,38.97364771
51,7/13/22,13,3.218656126,2.034782609,1.903003953,6.691660079,44.65193676,0.633557312,0.776916996,1.139960474,X5_36_2_i,0.253,Jiho,17.51,10.95,orange,,4,5/27/22,X5_36,X5,X,X5_36_2,2,i,61.05047431,51.34359684,1.91687747,5.253438735,26.78501763,39.92673993
52,7/13/22,14,0.126259843,0.072834646,0.058267717,2.27,5.882598425,0.332598425,0.403031496,0.456417323,C64_4_3_i,0.254,Jiho,13.7,9.14,orange,,4,5/27/22,C64,C64,C,C64_4_3,3,i,9.602007874,8.152598425,0.859448819,0.199094488,9.485845167,35.8649789
53,7/13/22,15,0.478372093,0.306821705,0.340658915,6.018294574,28.08383721,0.642674419,0.693410853,1.589728682,X5_36_2_o,0.258,Jiho,13.82,9.45,orange,,4,5/27/22,X5_36,X5,X,X5_36_2,2,o,38.15379845,34.10213178,2.283139535,0.785193798,14.93650794,39.55739972
54,7/13/22,16,0.030798479,0.021330798,0.021330798,2.671102662,7.558212928,0.549847909,0.592509506,0.075855513,A20_2_3_i,0.263,Jiho,10.17,8.363,white,6/29/22,2,5/27/22,A20,A20,A,A20_2_3,3,i,11.52098859,10.22931559,0.668365019,0.052129278,15.3049835,43.88198758
55,7/13/22,17,0.103531746,0.048134921,0.033690476,4.328531746,14.23742063,1.071309524,1.478134921,0.522420635,X6_65_2_o,0.252,Jiho,14.65,9.56,orange,,4,5/27/22,X6_65,X6,X,X6_65_2,2,o,21.8231746,18.56595238,2.000555556,0.151666667,9.280398302,36.84863524
56,7/13/22,18,0.735849057,0.431622642,0.346716981,9.660377358,31.39388679,1.658037736,1.625018868,0.75,X6_65_1_o,0.265,Jiho,12.57,8.96,orange,,4,5/27/22,X6_65,X6,X,X6_65_1,1,o,46.60150943,41.05426415,2.375018868,1.167471698,17.28586863,39.63210702
57,7/13/22,19,1.227398374,0.690569106,0.438536585,10.04349593,25.21081301,1.529837398,2.137235772,0.365447154,X6_65_3_i,0.246,Jiho,16.17,10.59,orange,,4,5/27/22,X6_65,X6,X,X6_65_3,3,i,41.64333333,35.25430894,2.502682927,1.91796748,14.08660624,41.75365344
58,7/13/22,20,2.924566929,2.031771654,1.121574803,9.360590551,34.20448819,0.843070866,1.201181102,0,A03_4_3_i,0.254,Jiho,17.31,11.21,orange,,4,5/27/22,A03,A03,A,A03_4_3,3,i,51.68724409,43.56507874,1.201181102,4.956338583,36.26853491,43.09701493
59,7/13/22,21,0.5936,0.38088,0.3636,8.03832,34.16168,0.63072,0.82608,1.49388,X5_36_1_o,0.25,Jiho,13.85,9.26,orange,,4,5/27/22,X5_36,X5,X,X5_36_1,1,o,46.48876,42.2,2.31996,0.97448,18.18996879,36.7768595
60,7/13/22,22,0,0.010205761,0,1.278271605,3.95473251,0.30617284,0.357201646,0.372510288,X8_64_1_o,0.243,Seren,13.72,9.574,white,6/29/22,2,5/27/22,X8_64,X8,X,X8_64_1,1,o,6.27909465,5.233004115,0.729711934,0.010205761,7.171328671,38.75923191
61,7/13/22,23,0.015166667,0.012625,0,1.289166667,3.268416667,0.573791667,0.687541667,0.369041667,C64_4_1_o,0.24,Seren,12.64,8.68,orange,,4,5/27/22,C64,C64,C,C64_4_1,1,o,6.21575,4.557583333,1.056583333,0.027791667,4.313510529,34.54545455
62,7/13/22,24,2.581653543,1.44,1.735984252,8.578858268,45.80708661,0.683582677,0.77988189,0.899685039,X5_36_1_i,0.254,Seren,14.49,9.83,orange,,4,5/27/22,X5_36,X5,X,X5_36_1,1,i,62.50673228,54.38594488,1.679566929,4.021653543,32.38093341,41.01265823
63,7/13/22,25,0.737865613,0.761501976,0.664545455,7.080671937,25.40197628,0.46826087,0.652727273,0,A03_4_2_o,0.253,Seren,13.57,9.44,orange,,4,5/27/22,A03,A03,A,A03_4_2,2,o,35.76754941,32.48264822,0.652727273,1.499367589,49.76450285,40.83094556
64,7/13/22,26,0.612244898,0.342857143,0.335510204,7.542857143,31.67265306,1.128979592,1.459591837,0.817959184,X4_24_2_o,0.245,Seren,14.61,9.569,orange,6/21/22,4,5/27/22,X4_24,X4,X,X4_24_2,2,o,43.91265306,39.2155102,2.27755102,0.955102041,17.21827957,37.1446384
65,7/13/22,27,0.729227642,0.482723577,0.318414634,8.555731707,22.20077236,1.247926829,1.643373984,0.421097561,X9_62_1_o,0.246,Seren,12.56,9.094,orange,6/21/22,4,5/27/22,X9_62,X9,X,X9_62_1,1,o,35.59926829,30.75650407,2.064471545,1.21195122,14.89800339,41.94304858
66,7/13/22,28,0.238875,0.168,0.09975,5.877375,15.127875,1.425375,2.055375,0.16275,X3_28_1_i,0.24,Seren,13.77,9.446,orange,6/21/22,4,5/27/22,X3_28,X3,X,X3_28_1,1,i,25.155375,21.00525,2.218125,0.406875,9.469822485,39.77715877
67,7/13/22,29,1.858987854,0.976923077,0.653846154,10.77692308,25.54360324,1.251295547,1.741012146,0.192307692,X9_62_1_i,0.247,Seren,13.08,9.644,orange,6/21/22,4,5/27/22,X9_62,X9,X,X9_62_1,1,i,42.99489879,36.32052632,1.933319838,2.835910931,18.78661027,47.05701079
68,7/13/22,30,0.930823529,0.827137255,0.455294118,8.845372549,20.51858824,1.510078431,1.967882353,0,X9_62_2_i,0.255,Seren,12.34,9.484,orange,6/21/22,4,5/27/22,X9_62,X9,X,X9_62_2,2,i,35.05517647,29.36396078,1.967882353,1.757960784,14.92160379,50.33043478
69,7/13/22,31,0.293508065,0.189919355,0.185,4.96733871,16.35467742,0.952016129,1.368870968,0.19483871,X9_62_3_o,0.248,Seren,11.41,9.277,orange,6/21/22,4,5/27/22,X9_62,X9,X,X9_62_3,3,o,24.50616935,21.32201613,1.563709677,0.483427419,13.63553378,55.74688797
70,7/13/22,32,0.253684211,0.132995951,0,0.564008097,1.376761134,0.157611336,0.19951417,0.046801619,X12_29_1_i,0.247,Seren,13.68,9.495,orange,6/21/22,4,5/27/22,X12_29,X12,X,X12_29_1,1,i,2.731376518,1.940769231,0.246315789,0.386680162,7.879191321,40.97320169
71,7/13/22,33,1.452377049,0.870409836,0.373401639,8.515983607,20.83028689,1.073852459,1.514180328,0.13647541,X9_62_3_i,0.244,Seren,14.23,9.873,orange,6/21/22,4,5/27/22,X9_62,X9,X,X9_62_3,3,i,34.76696721,29.34627049,1.650655738,2.322786885,17.77855298,42.97120419
72,7/13/22,34,0.066,0.027307692,0,0.525692308,1.290307692,0.152461538,0.179769231,0.040961538,X12_29_2_i,0.26,Seren,13.22,9.232,orange,6/21/22,4,5/27/22,X12_29,X12,X,X12_29_2,2,i,2.2825,1.816,0.220730769,0.093307692,8.227217285,39.84917044
73,7/13/22,35,0.196721311,0.127868852,0.127868852,4.143442623,16.27622951,0.86557377,1.150819672,0.240983607,X3_28_2_o,0.244,Seren,13.01,9.052,orange,6/21/22,4,5/27/22,X3_28,X3,X,X3_28_2,2,o,23.1295082,20.41967213,1.391803279,0.324590164,14.67137809,38.34890966
74,7/13/22,36,0.021162791,0,0,0.371511628,0.997015504,0.150503876,0.171666667,0,X12_29_2_o,0.258,Seren,13.27,8.867,orange,6/21/22,4,5/27/22,X12_29,X12,X,X12_29_2,2,o,1.711860465,1.368527132,0.171666667,0.021162791,7.972002709,34.08682635
75,7/13/22,37,1.810967742,1.059032258,1.244193548,14.2416129,53.13677419,1.761290323,2.063870968,0.957419355,X4_24_1_i,0.248,Seren,13.32,9.251,orange,6/21/22,4,5/27/22,X4_24,X4,X,X4_24_1,1,i,76.27516129,67.3783871,3.021290323,2.87,22.30119581,39.53937593
76,7/13/22,38,4.675506073,1.297732794,0.092024291,0.529230769,1.401295547,0.246194332,0.306032389,0,A27_4_3_i,0.247,Seren,12.49,8.878,orange,6/21/22,4,5/27/22,A27,A27,A,A27_4_3,3,i,8.548016194,1.930526316,0.306032389,5.973238866,6.308241831,38.77966102
77,7/13/22,38,4.424712644,1.228122605,0.087088123,0.500842912,1.326130268,0.232988506,0.289616858,0,C65_4_3_o,0.261,Seren,12.66,8.857,orange,6/21/22,4,5/27/22,C65,C65,C,C65_4_3,3,o,8.089501916,1.82697318,0.289616858,5.652835249,6.308241831,37.3476112
78,7/13/22,39,0.318674699,0.154738956,0.16626506,8.250923695,30.1702008,1.230843373,1.531044177,0.729718876,X4_24_1_o,0.249,Seren,13.9,9.454,orange,6/21/22,4,5/27/22,X4_24,X4,X,X4_24_1,1,o,42.55240964,38.4211245,2.260763052,0.473413655,16.99475956,39.17920657
79,7/13/22,40,0.543293173,0.362208835,0.281164659,7.868232932,23.79289157,1.415421687,1.925341365,0.250200803,X3_28_3_i,0.249,Seren,13.84,9.876,orange,6/21/22,4,5/27/22,X3_28,X3,X,X3_28_3,3,i,36.43875502,31.6611245,2.175542169,0.905502008,14.55321113,45.32413793
80,7/13/22,41,0.253091603,0.125381679,0,0.622251908,1.513854962,0.202022901,0.260038168,0.046450382,X12_29_3_i,0.262,Seren,13.96,9.971,orange,6/21/22,4,5/27/22,X12_29,X12,X,X12_29_3,3,i,3.023091603,2.13610687,0.30648855,0.378473282,6.969613948,45.87516961
81,7/13/22,42,0.028125,0,0,0.360333333,0.973666667,0.120125,0.161,0,X12_29_3_o,0.24,,13.3,8.561,orange,6/21/22,4,5/27/22,X12_29,X12,X,X12_29_3,3,o,1.64325,1.334,0.161,0.028125,8.285714286,29.37406855
82,7/13/22,S1,0.457126168,0.301401869,0.085397196,7.620443925,16.84836449,0.650545171,0.821339564,0.39182243,X1_54_std,0.2568,Jiho,NA,NA,NA,NA,NA,NA,X1_54,X1,X,X1_54_std,X1_54_std,,27.17644081,24.46880841,1.213161994,0.758528037,20.16944855,NA
83,7/13/22,S2,0.308548009,0.196370023,0.056088993,5.067017955,11.13879781,0.507455113,0.617135051,0.244808743,X1_54_std,0.2562,Jiho,NA,NA,NA,NA,NA,NA,X1_54,X1,X,X1_54_std,X1_54_std,,18.1362217,16.20581577,0.861943794,0.504918033,18.80147625,NA
84,7/13/22,S3,0.423913043,0.277470356,0.079644269,7.401778656,16.07786561,0.62944664,0.775889328,0.362252964,X1_54_std,0.253,Jiho,NA,NA,NA,NA,NA,NA,X1_54,X1,X,X1_54_std,X1_54_std,,26.02826087,23.47964427,1.138142292,0.701383399,20.62979684,NA
85,7/13/22,S4,0.493699515,0.318861066,0.089983845,7.624071082,16.4180937,0.624838449,0.779119548,0.359975767,X1_54_std,0.2476,Seren,NA,NA,NA,NA,NA,NA,X1_54,X1,X,X1_54_std,X1_54_std,,26.70864297,24.04216478,1.139095315,0.812560582,21.10636789,NA
86,7/13/22,S5,0.534827586,0.384051724,0.088189655,8.176034483,17.33637931,0.728275862,0.901810345,0.381206897,X1_54_std,0.232,Seren,NA,NA,NA,NA,NA,NA,X1_54,X1,X,X1_54_std,X1_54_std,,28.53077586,25.51241379,1.283017241,0.91887931,19.88470067,NA
87,7/13/22,S6,0.433555371,0.290799334,0.076686095,7.566069942,16.20283097,0.663572023,0.816902581,0.335761865,X1_54_std,0.2402,Seren,NA,NA,NA,NA,NA,NA,X1_54,X1,X,X1_54_std,X1_54_std,,26.38617818,23.76890092,1.152664446,0.724354704,20.62083288,NA
88,7/14/22,43,0.289433198,0.188785425,0,1.535303644,3.936396761,0.440445344,0.626720648,0.475708502,C65_4_1_i,0.247,Jiho,14.31,9.892,orange,6/21/22,4,5/27/22,C65,C65,C,C65_4_1,1,i,7.492793522,5.471700405,1.10242915,0.478218623,4.963312523,42.77202073
89,7/14/22,44,0.126583333,0.082666667,0.090416667,2.841666667,11.098,0.715583333,0.942916667,0.253166667,X3_28_1_o,0.24,Jiho,13.1,9.093,orange,6/21/22,4,5/27/22,X3_28,X3,X,X3_28_1,1,o,16.151,13.93966667,1.196083333,0.20925,11.65442765,38.44854071
90,7/14/22,45,3.946884615,2.282923077,1.969423077,10.76619231,71.50480769,1.476384615,1.792576923,1.251307692,X4_24_2_i,0.26,Jiho,13.28,9.062,orange,6/21/22,4,5/27/22,X4_24,X4,X,X4_24_2,2,i,94.9905,82.271,3.043884615,6.229807692,27.02829128,36.95067265
91,7/14/22,46,3.130121457,1.911417004,1.77757085,6.851983806,46.15109312,1.007368421,1.368987854,0.211336032,X10_39_1_i,0.247,Jiho,14.39,9.98,orange,6/21/22,4,5/27/22,X10_39,X10,X,X10_39_1,1,i,62.40987854,53.00307692,1.580323887,5.041538462,33.53937593,43.46153846
92,7/14/22,47,3.12796,2.15004,1.88308,5.55464,45.9198,0.73772,0.99252,0.13832,X10_39_3_i,0.25,Jiho,13.69,9.711,orange,6/21/22,4,5/27/22,X10_39,X10,X,X10_39_3,3,i,60.50408,51.47444,1.13084,5.278,45.51876481,43.95774648
93,7/14/22,48,0.094320988,0.049794239,0.049794239,0.552839506,2.195596708,0.138847737,0.165061728,0.041934156,X12_29_1_o,0.243,Jiho,13.47,9.192,orange,6/21/22,4,5/27/22,X12_29,X12,X,X12_29_1,1,o,3.2881893,2.748436214,0.206995885,0.144115226,13.2777336,37.81976744
94,7/14/22,49,0.315405405,0.182741313,0.18023166,4.445714286,18.20590734,1.153976834,1.541969112,0.287876448,X3_28_3_o,0.259,Jiho,13.25,9.256,orange,6/21/22,4,5/27/22,X3_28,X3,X,X3_28_3,3,o,26.31382239,22.65162162,1.82984556,0.498146718,12.37898002,40.03003003
95,7/14/22,50,0.618951613,0.282741935,0,0.491572581,1.416169355,0.183387097,0.241975806,0,A27_4_3_o,0.248,Jiho,13.57,8.705,orange,6/21/22,4,5/27/22,A27,A27,A,A27_4_3,3,o,3.234798387,1.907741935,0.241975806,0.901693548,7.88401933,30.3008596
96,7/14/22,51,0.028160484,0,0,1.034897805,3.322937169,0.387206662,0.495155185,0.448221045,C64_4_3_o,0.2642,,13.94,9.24,orange,,4,5/27/22,C64,C64,C,C64_4_3,3,o,5.71657835,4.357834974,0.94337623,0.028160484,4.619402985,36.05442177
97,7/14/22,52,0.492784314,0.342078431,0.246392157,7.894117647,20.97921569,1.117137255,1.619490196,0.368392157,X3_28_2_i,0.255,Jiho,13.57,9.869,orange,6/21/22,4,5/27/22,X3_28,X3,X,X3_28_2,2,i,33.05960784,28.87333333,1.987882353,0.834862745,14.52466907,46.97707736
98,7/14/22,53,1.028715953,0.821984436,1.23540856,3.093385214,34.0077821,0.45233463,0.60311284,0.155642023,X10_39_1_o,0.257,Jiho,12.78,8.976,orange,6/21/22,4,5/27/22,X10_39,X10,X,X10_39_1,1,o,41.39836576,37.10116732,0.758754864,1.850700389,48.8974359,38.546042
99,7/14/22,54,0.508095238,0.218452381,0.035634921,0.451111111,1.849603175,0.121111111,0.151944444,0,A27_4_1_o,0.252,Jiho,13.43,9.116,orange,6/21/22,4,5/27/22,A27,A27,A,A27_4_1,1,o,3.335952381,2.300714286,0.151944444,0.726547619,15.14181248,36.92982456
100,7/14/22,55,0.777520325,0.32695122,0.023170732,0.491747967,1.143089431,0.208536585,0.280609756,0,A27_4_2_i,0.246,Jiho,14.14,9.25,orange,6/21/22,4,5/27/22,A27,A27,A,A27_4_2,2,i,3.251626016,1.634837398,0.280609756,1.104471545,5.826017673,35.23178808
101,7/14/22,56,0.134708333,0.062166667,0,0.419625,1.163041667,0.225375,0.27975,0,A27_4_2_o,0.24,Jiho,13.53,8.503,orange,6/21/22,4,5/27/22,A27,A27,A,A27_4_2,2,o,2.284666667,1.582666667,0.27975,0.196875,5.657432231,27.5648415
102,7/14/22,57,0.028,0.011653846,0,1.388346154,4.048346154,0.282346154,0.382653846,0.371,C65_4_2_o,0.26,Jiho,13.55,9.318,orange,6/21/22,4,5/27/22,C65,C65,C,C65_4_2,2,o,6.512346154,5.436692308,0.753653846,0.039653846,7.213779025,39.1954023
103,7/14/22,58,0.929269231,0.745769231,1.315076923,3.171269231,39.02903846,0.522269231,0.644615385,0.145846154,X10_39_3_o,0.26,Jiho,12.86,8.955,orange,6/21/22,4,5/27/22,X10_39,X10,X,X10_39_3,3,o,46.50315385,42.20030769,0.790461538,1.675038462,53.38692098,37.71929825
104,7/14/22,59,1.609459459,1.046486486,1.340810811,4.811969112,35.89590734,0.787220077,1.058185328,0.277992278,X10_39_2_o,0.259,Jiho,12.6,9.069,orange,6/21/22,4,5/27/22,X10_39,X10,X,X10_39_2,2,o,46.82803089,40.70787645,1.336177606,2.655945946,30.4659173,41.24792013
105,7/14/22,60,0.083168724,0.041604938,0.036378601,0.873415638,3.093333333,0.283333333,0.387325103,0.335349794,C65_4_1_o,0.243,Jiho,12.69,8.818,orange,6/21/22,4,5/27/22,C65,C65,C,C65_4_1,1,o,5.133909465,3.966748971,0.722674897,0.124773663,5.488981265,36.52459016
106,7/14/22,61,2.807291667,1.192708333,0.075541667,0.502625,1.15625,0.161458333,0.213541667,0,A27_4_1_i,0.24,Jiho,13.69,9.374,orange,6/21/22,4,5/27/22,A27,A27,A,A27_4_1,1,i,6.109416667,1.658875,0.213541667,4,7.768390244,39.21126761
107,7/14/22,62,5.066528926,3.188636364,1.930826446,8.797107438,47.68838843,1.45946281,1.89553719,0,X10_39_2_i,0.242,Jiho,13.81,9.658,orange,6/21/22,4,5/27/22,X10_39,X10,X,X10_39_2,2,i,70.0264876,56.48549587,1.89553719,8.255165289,29.79920213,42.49307479
108,7/14/22,63,2.779758065,1.565040323,0.725806452,6.204637097,27.33620968,1.209677419,1.726330645,0.378024194,A04_3_2_i,0.248,Jiho,12.78,8.875,orange,,3,5/26/22,A04,A04,A,A04_3_2,2,i,41.92548387,33.54084677,2.104354839,4.344798387,15.93877903,36.91437803
109,7/14/22,64,0.307142857,0.123796992,0.090488722,4.31906015,16.50236842,0.854774436,1.016654135,0.409511278,X10_30_1_o,0.266,Jiho,13.66,9.391,orange,,3,5/26/22,X10_30,X10,X,X10_30_1,1,o,23.62379699,20.82142857,1.426165414,0.43093985,14.59958878,39.61810467
110,7/14/22,65,0.732254098,0.385942623,0.269631148,4.877172131,12.28672131,0.689959016,1.160491803,0.227336066,X2_58_3_i,0.244,Jiho,13.81,9.454,orange,,3,5/26/22,X2_58,X2,X,X2_58_3,3,i,20.6295082,17.16389344,1.387827869,1.118196721,12.3674512,39.66759003
111,7/14/22,66,0.201325301,0.123333333,0.057871486,5.662650602,14.24975904,0.737389558,1.026827309,0.196305221,C14_3_2_i,0.249,Seren,12.43,8.969,orange,,3,5/26/22,C14,C14,C,C14_3_2,2,i,22.25546185,19.91240964,1.22313253,0.324658635,16.27984634,40.73630137
112,7/14/22,67,0.704204545,0.470227273,0.385530303,11.55496212,31.1192803,1.025113636,1.42405303,0.490265152,X3_44_2_i,0.264,Seren,14.88,10.14,orange,,3,5/26/22,X3_44,X3,X,X3_44_2,2,i,47.17363636,42.67424242,1.914318182,1.174431818,22.29213661,42.82267793
113,7/14/22,68,0.046641791,0.026641791,0,2.11358209,7.339813433,0.561716418,0.694925373,0.170970149,C14_3_2_o,0.268,Seren,13.19,8.75,orange,,3,5/26/22,C14,C14,C,C14_3_2,2,o,10.95429104,9.453395522,0.865895522,0.073283582,10.91747824,32.72727273
114,7/14/22,69,0.046219512,0.021910569,0,3.66296748,9.31796748,1.070203252,1.403414634,0.160528455,X4_32_1_o,0.246,Seren,12.44,7.85,orange,,3,5/26/22,X4_32,X4,X,X4_32_1,1,o,15.68321138,12.98093496,1.563943089,0.068130081,8.30013256,21.53846154
115,7/14/22,70,0.858653846,0.373730769,0.092269231,5.218038462,14.53057692,0.702538462,0.889384615,0.354807692,X9_41_1_o,0.26,Seren,14.46,9.453,orange,,3,5/26/22,X9_41,X9,X,X9_41_1,1,o,23.02,19.74861538,1.244192308,1.232384615,15.87263903,36.37865311
116,7/14/22,71,0.264661654,0.149962406,0.116879699,3.943458647,14.37334586,0.787368421,1.135827068,0.231578947,C14_3_3_i,0.266,Seren,9.39,7.784,orange,,3,5/26/22,C14,C14,C,C14_3_3,3,i,21.00308271,18.31680451,1.367406015,0.41462406,13.39529321,42.64285714
117,7/14/22,72,2.23796748,1.454065041,0.927357724,7.270325203,37.87,1.018821138,1.510934959,0.289349593,A04_3_3_i,0.246,Seren,12.85,8.713,orange,,3,5/26/22,A04,A04,A,A04_3_3,3,i,52.57882114,45.1403252,1.800284553,3.69203252,25.07399463,33.91373802
118,7/14/22,73,2.93808,1.35972,0.30664,8.51268,20.265,1.2642,1.67892,0.56048,X9_41_1_i,0.25,Seren,14.94,9.808,orange,,3,5/26/22,X9_41,X9,X,X9_41_1,1,i,36.88572,28.77768,2.2394,4.2978,12.8506207,38.53892216
119,7/14/22,74,0.364785992,0.24077821,0.218871595,8.652723735,32.28599222,0.94844358,1.208677043,1.021400778,X11_23_1_o,0.257,Seren,15.26,10.186,orange,,3,5/26/22,X11_23,X11,X,X11_23_1,1,o,44.94167315,40.93871595,2.230077821,0.605564202,18.35752796,41.47635525
120,7/14/22,75,0.154166667,0.066791667,0.056541667,2.363875,8.456041667,0.580708333,0.886458333,0.1105,X2_58_3_o,0.24,Seren,12.11,8.303,orange,,3,5/26/22,X2_58,X2,X,X2_58_3,3,o,12.67508333,10.81991667,0.996958333,0.220958333,10.85292765,31.0326087
121,7/14/22,76,0.378277154,0.202397004,0.062659176,8.845243446,26.68026217,1.551722846,2.055280899,0.334906367,X4_32_1_i,0.267,Seren,10.6,7.804,orange,,3,5/26/22,X4_32,X4,X,X4_32_1,1,i,40.11074906,35.52550562,2.390187266,0.580674157,14.86306371,30.27431421
122,7/14/22,77,0.144307116,0.094644195,0.026029963,8.232958801,21.30397004,1.275168539,1.748314607,0.390374532,X4_32_2_i,0.267,Seren,9.29,7.495,orange,,3,5/26/22,X4_32,X4,X,X4_32_2,2,i,33.21576779,29.53692884,2.138689139,0.238951311,13.81076301,33.51851852
123,7/14/22,78,0.066566038,0.040415094,0,4.455169811,12.4169434,0.741735849,1.160150943,0.259132075,X4_32_3_o,0.265,Seren,12.96,8.082,orange,,3,5/26/22,X4_32,X4,X,X4_32_3,3,o,19.14011321,16.87211321,1.419283019,0.106981132,11.88777219,23.42229199
124,7/14/22,79,0.509350394,0.607431102,0.354675197,6.738533465,26.52770669,0.516879921,0.731938976,0,A03_3_3_o,0.2032,Seren,12.85,8.775,orange,,3,5/26/22,A03,A03,A,A03_3_3,3,o,35.98651575,33.26624016,0.731938976,1.116781496,45.4494722,34.90415335
125,7/14/22,80,0.659235075,0.423367537,0.586660448,6.265625,45.94883396,0.952565299,1.351725746,1.23983209,X8_41.5_3_o,0.2144,Seren,14.32,9.841,orange,,3,5/26/22,X8_41.5,X8,X,X8_41.5_3,3,o,57.42784515,52.21445896,2.591557836,1.082602612,20.14790418,42.05692109
126,7/14/22,81,0.601829268,0.327804878,0.102439024,8.620243902,27.34609756,1.213902439,1.618536585,0.673536585,X4_32_3_i,0.246,Seren,9.38,7.41,orange,,3,5/26/22,X4_32,X4,X,X4_32_3,3,i,40.50439024,35.96634146,2.292073171,0.929634146,15.69162011,29.390681
127,7/14/22,82,0.741570881,0.539770115,0.350613027,7.592260536,23.76812261,0.612950192,0.943371648,0,A03_3_1_o,0.261,Seren,12.16,8.667,orange,,3,5/26/22,A03,A03,A,A03_3_1,1,o,34.548659,31.36038314,0.943371648,1.281340996,33.24287223,37.28904847
128,7/14/22,83,0.243294118,0.168235294,0.157882353,6.530117647,17.35152941,0.802352941,0.986117647,0.235529412,A01_3_2_o,0.255,Seren,13.16,8.923,orange,,3,5/26/22,A01,A01,A,A01_3_2,2,o,26.47505882,23.88164706,1.221647059,0.411529412,19.54872881,35.50989346
129,7/14/22,84,2.758285714,1.622530612,0.611755102,15.382,35.61293878,0.968204082,1.191632653,2.05077551,X9_41_3_i,0.245,Seren,13.96,9.734,orange,,3,5/26/22,X9_41,X9,X,X9_41_3,3,i,60.19812245,50.99493878,3.242408163,4.380816327,15.72748902,42.65943012
130,7/14/22,85,0.255737052,0.162749004,0.224741036,12.9589243,31.37314741,1.446494024,1.903665339,1.947569721,X3_44_1_o,0.251,Seren,12.2,8.925,orange,,3,5/26/22,X3_44,X3,X,X3_44_1,1,o,50.27302789,44.33207171,3.85123506,0.418486056,11.51113111,41.62210339
131,7/14/22,86,0.163984064,0.080677291,0.096294821,7.88685259,20.46418327,0.986494024,1.382151394,2.360836653,X9_41_2_o,0.251,Seren,13.09,8.934,orange,,3,5/26/22,X9_41,X9,X,X9_41_2,2,o,33.4214741,28.35103586,3.742988048,0.244661355,7.574439323,36.06153846
132,7/14/22,87,0.661510204,0.376530612,0.19844898,4.556693878,20.18326531,1.406938776,2.218571429,0.272244898,A04_3_2_o,0.245,Seren,12.5,8.474,orange,,3,5/26/22,A04,A04,A,A04_3_2,2,o,29.87420408,24.73995918,2.490816327,1.038040816,9.932470299,31.87817259
133,7/14/22,88,0.3425,0.18,0.16,5.76,17.25,0.82,1.16,0.2075,X2_58_1_o,0.26,Seren,13.95,9.428,orange,,3,5/26/22,X2_58,X2,X,X2_58_1,1,o,25.88,23.01,1.3675,0.5225,16.82632541,38.55978261
134,7/14/22,S7,0.453274336,0.301238938,0.083185841,7.467300885,15.91287611,0.711460177,0.869247788,0.410221239,X1_54_std,0.226,Jiho,NA,NA,NA,NA,NA,NA,X1_54,X1,X,X1_54_std,X1_54_std,,26.20880531,23.38017699,1.279469027,0.754513274,18.27334348,NA
135,7/14/22,S8,0.473813559,0.316822034,0.08690678,7.628813559,16.30055085,0.68690678,0.849533898,0.372881356,X1_54_std,0.236,Seren,NA,NA,NA,NA,NA,NA,X1_54,X1,X,X1_54_std,X1_54_std,,26.71622881,23.92936441,1.222415254,0.790635593,19.57547922,NA
136,7/28/22,1,0.213830645,0.12016129,0.071290323,2.51483871,7.929314516,0.635322581,1.007983871,0.405241935,A01_2_2_i,0.248,Jiho,12.3,9.403,white,7/20/22,2,5/25/22,A01,A01,A,A01_2_2,2,i,12.89798387,10.44415323,1.413225806,0.333991935,7.390293312,45.85046729
137,7/28/22,2,0.085443548,0.043830645,0.026290323,0.999032258,2.970806452,0.245362903,0.387782258,0.092016129,A04_2_3_i,0.248,Jiho,12.81,9.154,white,7/27/22,2,5/25/22,A04,A04,A,A04_2_3,3,i,4.850564516,3.96983871,0.479798387,0.129274194,8.273972603,37.6109215
138,7/28/22,3,2.534980545,1.411945525,1.159883268,7.688910506,33.12875486,0.981595331,1.631245136,0,A01_2_1_i,0.257,Jiho,10,6.17,white,7/20/22,2,5/25/22,A01,A01,A,A01_2_1,1,i,48.53731518,40.81766537,1.631245136,3.94692607,25.02239821,NA
139,7/28/22,4,0.342873563,0.162413793,0.094252874,4.222758621,11.23662835,0.725862069,0.872222222,0.260651341,X1_34_1_o,0.261,Jiho,13.89,11.915,white,7/20/22,2,5/25/22,X1_34,X1,X,X1_34_1,1,o,17.91766284,15.45938697,1.132873563,0.505287356,13.64617154,71.54178674
140,7/28/22,5,0.024790875,0,0,0.663155894,1.826273764,0.289239544,0.53095057,0.192129278,C65_1_2_o,0.263,Jiho,11.09,7.284,white,7/20/22,1,5/25/22,C65,C65,C,C65_1_2,2,o,3.526539924,2.489429658,0.723079848,0.024790875,3.442814324,8.06763285
141,7/28/22,6,0.278301158,0.175984556,0.178030888,5.365482625,15.69945946,0.775559846,1.098880309,0,A01_2_1_o,0.259,Jiho,13.13,10.151,white,7/20/22,2,5/25/22,A01,A01,A,A01_2_1,1,o,23.57169884,21.06494208,1.098880309,0.454285714,19.16945996,51.7961165
142,7/28/22,7,0.470923077,0.213884615,0.099384615,6.202115385,15.68130769,1.000192308,1.328576923,0,X1_34_1_i,0.26,Jiho,11.73,9.001,white,7/20/22,2,5/25/22,X1_34,X1,X,X1_34_1,1,i,24.99638462,21.88342308,1.328576923,0.684807692,16.47132559,42.90794979
143,7/28/22,8,0.917760618,0.586756757,0.331003861,7.112007722,19.15880309,0.793088803,1.044555985,0,A01_1_1_i,0.259,Jiho,8.73,5.77,white,7/20/22,1,5/25/22,A01,A01,A,A01_1_1,1,i,29.94397683,26.27081081,1.044555985,1.504517375,25.15021808,NA
144,7/28/22,9,0.054146341,0.020325203,0.015813008,1.00398374,2.768252033,0.338414634,0.54597561,0.315853659,C65_1_2_i,0.246,Jiho,10.15,6.782,white,7/20/22,1,5/25/22,C65,C65,C,C65_1_2,2,i,5.062764228,3.772235772,0.861829268,0.074471545,4.377010518,NA
145,7/28/22,10,1.094339623,0.466188679,0.155396226,6.393132075,16.29471698,0.713509434,1.085584906,0,X7_48_3_i,0.265,Jiho,9.82,6.412,white,7/20/22,2,5/25/22,X7_48,X7,X,X7_48_3,3,i,26.20286792,22.68784906,1.085584906,1.560528302,20.89919355,NA
146,7/28/22,11,2.143992248,0.764457364,0.095852713,4.192170543,10.69100775,0.630736434,0.902635659,0,X7_48_1_i,0.258,Jiho,11.37,8.958,white,7/20/22,2,5/25/22,X7_48,X7,X,X7_48_1,1,i,19.42085271,14.88317829,0.902635659,2.908449612,16.48857781,45.42986425
147,7/28/22,12,0.362889734,0.163612167,0.088098859,4.281178707,11.32072243,0.734144487,1.08026616,0.260114068,X1_34_2_o,0.263,Jiho,14.62,12.55,white,7/20/22,2,5/25/22,X1_34,X1,X,X1_34_2,2,o,18.29102662,15.60190114,1.340380228,0.526501901,11.63990696,73.01173403
148,7/28/22,13,0.8,0.388571429,0.029714286,5.12,13.392,0.962285714,1.186285714,0.237714286,X6_53_2_o,0.245,Jiho,12.42,NA,white,8/3/22,2,5/25/22,X6_53,X6,X,X6_53_2,2,o,22.11657143,18.512,1.424,1.188571429,13,NA
149,7/28/22,14,5.1564,3.166,1.46792,8.70592,37.98968,1.18804,1.71464,0,A04_2_2_i,0.25,Jiho,10.75,7.341,white,7/27/22,2,5/25/22,A04,A04,A,A04_2_2,2,i,59.3886,46.6956,1.71464,8.3224,27.23347175,10.28947368
150,7/28/22,15,0.522388664,0.313846154,0.179635628,4.808866397,14.70121457,0.799068826,1.203765182,0.406761134,A01_1_3_i,0.247,Jiho,11.4,10,white,7/20/22,1,5/24/22,A01,A01,A,A01_1_3,3,i,22.93554656,19.51008097,1.610526316,0.836234818,12.11410256,68.53932584
151,7/28/22,16,0.578995984,0.287188755,0.138955823,6.702289157,15.09987952,1.046787149,1.324698795,0.391405622,X1_34_3_i,0.249,Jiho,11.5,8.231,white,7/20/22,2,5/25/22,X1_34,X1,X,X1_34_3,3,i,25.5702008,21.80216867,1.716104418,0.866184739,12.70445344,28.15384615
152,7/28/22,17,0.090677291,0.033187251,0.011075697,1.143187251,2.951912351,0.433386454,0.585976096,0.285258964,C65_1_1_i,0.251,Jiho,9.57,6.238,white,7/20/22,1,5/24/22,C65,C65,C,C65_1_1,1,i,5.534661355,4.095099602,0.87123506,0.123864542,4.700338394,NA
153,7/28/22,18,0.387428571,0.159142857,0.066897959,4.084163265,12.01028571,0.929387755,1.302979592,0,X7_48_3_o,0.245,Jiho,13.24,10.583,white,7/20/22,2,5/25/22,X7_48,X7,X,X7_48_3,3,o,18.94028571,16.09444898,1.302979592,0.546571429,12.35203458,57.75834658
154,7/28/22,19,0.192851406,0.089678715,0,0.791526104,2.00686747,0.311686747,0.468634538,0.199558233,C65_1_3_i,0.249,Jiho,10.96,8.12,white,7/20/22,1,5/24/22,C65,C65,C,C65_1_3,3,i,4.060803213,2.798393574,0.668192771,0.28253012,4.188003366,29.17705736
155,7/28/22,20,0.18188,0.08412,0.04776,4.90132,13.46952,0.62516,1.02528,0.62288,X1_34_3_o,0.25,Jiho,12.47,10.123,white,7/20/22,2,5/25/22,X1_34,X1,X,X1_34_3,3,o,20.95792,18.37084,1.64816,0.266,11.14627221,57.48188406
156,7/28/22,21,4.443607843,2.133098039,0.668509804,7.541607843,26.36317647,1.51654902,2.658823529,0,A04_2_1_i,0.255,Jiho,11.77,8.57,white,7/27/22,2,5/25/22,A04,A04,A,A04_2_1,1,i,45.32537255,33.90478431,2.658823529,6.576705882,12.75179941,33.60995851
157,7/28/22,22,NA,NA,NA,NA,NA,NA,NA,NA,A01_1_3_o,0.256,Seren,11.41,8.025,white,7/20/22,1,5/24/22,A01,A01,A,A01_1_3,3,o,NA,NA,NA,NA,NA,24.10313901
158,7/28/22,23,NA,NA,NA,NA,NA,NA,NA,NA,C65_1_1_o,0.257,Seren,10.27,7.102,white,7/20/22,1,5/24/22,C65,C65,C,C65_1_1,1,o,NA,NA,NA,NA,NA,4.578313253
159,7/28/22,24,2.151660079,0.92541502,0.191462451,4.918774704,13.55735178,0.932252964,1.440513834,0,X7_48_2_i,0.253,Seren,11.87,7.864,white,7/20/22,2,5/25/22,X7_48,X7,X,X7_48_2,2,i,24.11743083,18.47612648,1.440513834,3.077075099,12.82606668,18.57723577
160,7/28/22,25,2.098823529,1.253490196,0.623647059,4.129294118,26.79584314,1.526980392,2.401333333,0,A04_2_2_o,0.255,Seren,11.26,8.23,white,7/27/22,2,5/25/22,A04,A04,A,A04_2_2,2,o,38.82941176,30.92513725,2.401333333,3.352313725,12.87831923,29.69837587
161,7/28/22,26,4.234163265,2.331306122,1.423836735,6.574244898,44.96510204,0.454857143,0.720693878,0.283469388,X4_46_1_i,0.245,Seren,13.27,10.285,orange,7/20/22,3,5/26/22,X4_46,X4,X,X4_46_1,1,i,60.98767347,51.53934694,1.004163265,6.565469388,51.32566458,55.31437126
162,7/28/22,27,1.139533074,0.581400778,0.287509728,5.338210117,14.44167315,1.160661479,1.555992218,0,X5_66_3_i,0.257,Seren,13.3,10.124,orange,7/20/22,3,5/26/22,X5_66,X5,X,X5_66_3,3,i,24.50498054,19.77988327,1.555992218,1.720933852,12.71207082,52.66766021
163,7/28/22,28,0.71768595,0.384132231,0.207024793,5.911694215,16.24913223,1.281239669,1.867809917,0.299049587,X5_66_1_i,0.242,Seren,11.92,9.993,orange,7/20/22,3,5/26/22,X5_66,X5,X,X5_66_1,1,i,26.9177686,22.16082645,2.166859504,1.101818182,10.22716351,63.84615385
164,7/28/22,29,1.260038911,0.699766537,0.270466926,6.192840467,16.76894942,1.154863813,1.6292607,0.210350195,X5_66_2_i,0.257,Seren,12.61,8.132,orange,7/20/22,3,5/26/22,X5_66,X5,X,X5_66_2,2,i,28.18653696,22.96178988,1.839610895,1.959805447,12.48187318,25.61461794
165,7/28/22,30,0.142269231,0.081846154,0.044807692,4.702269231,14.54911538,1.005538462,1.477115385,1.866884615,C17_3_1_o,0.26,Seren,11.76,9.09,orange,7/20/22,3,5/26/22,C17,C17,C,C17_3_1,1,o,23.86984615,19.25138462,3.344,0.224115385,5.756993007,48.35589942
166,7/28/22,31,0.107041667,0.052375,0.029625,4.040791667,11.5415,0.867833333,1.325666667,0.407708333,X5_66_1_o,0.24,Seren,13.07,10.993,orange,7/20/22,3,5/26/22,X5_66,X5,X,X5_66_1,1,o,18.37254167,15.58229167,1.733375,0.159416667,8.989567558,67.94753086
167,7/28/22,32,0.128987854,0.06340081,0.048097166,4.02048583,10.5048583,0.557489879,0.889797571,0.981619433,X6_38_1_o,0.247,Seren,12.74,9.024,orange,7/20/22,3,5/26/22,X6_38,X6,X,X6_38_1,1,o,17.19473684,14.52534413,1.871417004,0.192388664,7.761682243,39.57723577
168,7/28/22,33,0.338615385,0.162692308,0.112153846,4.041230769,10.89026923,0.974038462,1.486346154,0.435346154,C17_3_2_i,0.26,Seren,10.27,7.079,orange,7/20/22,3,5/26/22,C17,C17,C,C17_3_2,2,i,18.44069231,14.9315,1.921692308,0.501307692,7.769974382,13.28804348
169,7/28/22,34,0.217704918,0.124713115,0.086188525,6.599180328,16.97872951,1.387868852,2.000163934,0.941106557,C17_3_1_i,0.244,Seren,9.57,6.174,orange,7/20/22,3,5/26/22,C17,C17,C,C17_3_1,1,i,28.33565574,23.57790984,2.941270492,0.342418033,8.016233088,NA
170,7/28/22,35,NA,NA,NA,NA,NA,NA,NA,NA,X5_66_3_o,0.246,Seren,10.28,8.102,orange,7/20/22,3,5/26/22,X5_66,X5,X,X5_66_3,3,o,NA,NA,NA,NA,NA,40.97560976
171,7/28/22,36,NA,NA,NA,NA,NA,NA,NA,NA,X5_66_2_o,0.265,Seren,13.72,10.185,orange,7/20/22,3,5/26/22,X5_66,X5,X,X5_66_2,2,o,NA,NA,NA,NA,NA,50.42075736
172,7/28/22,37,NA,NA,NA,NA,NA,NA,NA,NA,C17_3_3_o,0.259,Seren,12.8,9.357,orange,7/20/22,3,5/26/22,C17,C17,C,C17_3_3,3,o,NA,NA,NA,NA,NA,44.55716586
173,7/28/22,38,0.13743083,0.060118577,0.040790514,3.328735178,8.976798419,0.624940711,1.125335968,0,C17_3_2_o,0.253,Seren,13.04,10.106,orange,7/20/22,3,5/26/22,C17,C17,C,C17_3_2,2,o,14.2941502,12.3055336,1.125335968,0.197549407,10.93498648,54.51162791
174,7/28/22,39,0.908525896,0.507968127,0.364741036,8.650996016,23.39756972,1.387370518,1.633545817,1.239681275,X6_38_2_i,0.251,Seren,12.32,9.102,orange,7/20/22,3,5/26/22,X6_38,X6,X,X6_38_2,2,i,38.09039841,32.04856574,2.873227092,1.416494024,11.15420561,43.83944154
175,7/28/22,40,3.365585938,2.018046875,1.269882813,9.213203125,35.42980469,0.94796875,1.423046875,0,A01_2_3_i,0.256,Seren,9.71,6.153,white,7/20/22,2,5/25/22,A01,A01,A,A01_2_3,3,i,53.66753906,44.64300781,1.423046875,5.383632813,31.37142465,NA
176,7/28/22,41,1.445039063,0.681328125,0.236015625,5.90484375,16.61238281,1.436132813,2.088515625,0,A04_1_1_o,0.256,Seren,14.11,9.307,white,7/27/22,1,5/24/22,A04,A04,A,A04_1_1,1,o,28.40425781,22.51722656,2.088515625,2.126367188,10.78144989,32.91899441
177,7/28/22,42,0.700648855,0.40889313,0.141793893,7.312709924,16.10274809,1.121870229,1.343778626,0,X1_34_2_i,0.262,Seren,11.69,7.562,white,7/20/22,2,5/25/22,X1_34,X1,X,X1_34_2,2,i,27.13244275,23.41545802,1.343778626,1.109541985,17.42508592,12.91139241
178,7/28/22,43,0.570608365,0.194638783,0.03095057,3.896958175,9.585323194,0.641368821,0.84486692,0,X7_48_1_o,0.263,Seren,13.03,10.347,white,7/20/22,2,5/25/22,X7_48,X7,X,X7_48_1,1,o,15.76471483,13.48228137,0.84486692,0.765247148,15.95787579,55.87171053
179,7/28/22,44,0.358100775,0.139728682,0.043682171,4.37127907,11.31251938,0.757674419,0.917054264,0,X7_48_2_o,0.258,Seren,12.88,9.368,white,7/20/22,2,5/25/22,X7_48,X7,X,X7_48_2,2,o,17.90003876,15.68379845,0.917054264,0.497829457,17.10236686,40.77571669
180,7/28/22,89,0.404716981,0.223283019,0.13954717,4.531698113,15.65860377,0.753622642,1.236113208,0.219320755,X2_58_2_o,0.265,Jiho,13.67,9.321,orange,,3,5/26/22,X2_58,X2,X,X2_58_2,2,o,23.16690566,20.19030189,1.455433962,0.628,13.87235863,38.57344633
181,7/28/22,90,1.865950413,1.55714876,0.948305785,7.713471074,30.17714876,0.459917355,0.694256198,0,A03_3_2_i,0.242,Jiho,15.63,NA,orange,,3,5/26/22,A03,A03,A,A03_3_2,2,i,43.41619835,37.89061983,0.694256198,3.423099174,54.57728707,NA
182,8/1/22,51,0.822891566,0.429718876,0.251445783,12.07365462,28.87891566,1.531485944,1.929236948,0.749759036,X3_61_3_i,0.249,Jiho,13.94,9.951,white,7/27/22,1,5/24/22,X3_61,X3,X,X3_61_3,3,i,46.66710843,40.95257028,2.678995984,1.252610442,15.28653665,42.93276109
183,8/1/22,52,0.152519084,0.069732824,0.026145038,1.551259542,3.669007634,0.440114504,0.579541985,0.174312977,X11_57_1_i,0.262,Jiho,12.46,9.493,white,7/27/22,1,5/24/22,X11_57,X11,X,X11_57_1,1,i,6.662633588,5.220267176,0.753854962,0.222251908,6.924763303,46.15245009
184,8/1/22,53,1.518142292,0.910885375,0.357498024,4.34384585,10.0295336,1.537731225,2.296802372,0,X8_33_1_i,0.253,Jiho,14.07,9.896,white,7/27/22,1,5/24/22,X8_33,X8,X,X8_33_1,1,i,20.99443874,14.37337945,2.296802372,2.429027668,6.570895522,41.37640449
185,8/1/22,54,0.154068093,0.086655642,0.033706226,5.579667315,12.73837938,0.779900778,1.174651751,0.471805447,X1_54_1_o,0.257,Jiho,13.51,9.611,white,7/27/22,1,5/24/22,X1_54,X1,X,X1_54_1,1,o,21.01883463,18.31804669,1.646457198,0.240723735,11.68202189,40.56402439
186,8/1/22,55,0.175554878,0.09027439,0.030091463,3.345189024,9.027439024,1.05320122,1.655030488,0,X8_33_1_o,0.246,Jiho,13.47,9.292,white,7/27/22,1,5/24/22,X8_33,X8,X,X8_33_1,1,o,15.37678049,12.37262805,1.655030488,0.265829268,7.849558994,35.9202454
187,8/1/22,56,0.264147287,0.132093023,0.104767442,5.54255814,15.07918605,1.165891473,1.748837209,0,X8_33_3_o,0.258,Jiho,13.39,9.497,white,7/27/22,1,5/24/22,X8_33,X8,X,X8_33_3,3,o,24.03748062,20.62174419,1.748837209,0.39624031,11.79168883,39.54968944
188,8/1/22,57,0.360775194,0.198875969,0.073992248,5.27748062,14.17197674,0.615155039,0.883449612,0,X10_52_2_o,0.258,Jiho,12.36,8.719,white,7/27/22,1,5/24/22,X10_52,X10,X,X10_52_2,2,o,21.58170543,19.44945736,0.883449612,0.559651163,22.01535559,32.6987061
189,8/1/22,58,0.348072874,0.201795547,0.116010121,8.389074899,21.78231377,1.503285425,2.154030364,0,X8_33_2_o,0.247,Jiho,13.16,9.427,white,7/27/22,1,5/24/22,X8_33,X8,X,X8_33_2,2,o,34.494583,30.17138866,2.154030364,0.549868421,14.70729411,39.88727858
190,8/1/22,59,0.719149798,0.472874494,0.211821862,7.743319838,29.12117409,0.852145749,1.128016194,0.310323887,X10_52_3_i,0.247,Jiho,11.26,8.733,white,7/27/22,1,5/24/22,X10_52,X10,X,X10_52_3,3,i,40.55882591,36.86449393,1.438340081,1.192024291,25.62988713,41.36890951
191,8/1/22,60,2.125607843,1.150627451,0.554509804,8.008039216,22.46227451,1.797529412,2.601568627,0,X8_33_2_i,0.255,Jiho,11.96,8.917,white,7/27/22,1,5/24/22,X8_33,X8,X,X8_33_2,2,i,38.70015686,30.47031373,2.601568627,3.276235294,11.7122852,39.26147705
192,8/1/22,61,0.096862745,0.038745098,0.024235294,1.457803922,3.855137255,0.334196078,0.523058824,0.164666667,X11_57_1_o,0.255,Jiho,11.94,9.004,white,7/27/22,1,5/24/22,X11_57,X11,X,X11_57_1,1,o,6.494705882,5.312941176,0.68772549,0.135607843,7.725380624,41.16232465
193,8/1/22,62,0.550019531,0.290308594,0.050941406,6.676646484,16.57699805,1.222265625,1.436162109,0.499078125,X1_54_2_o,0.256,Jiho,13.13,9.505,white,7/27/22,1,5/24/22,X1_54,X1,X,X1_54_2,2,o,27.30241992,23.25364453,1.935240234,0.840328125,12.61669033,41.34304207
194,8/1/22,63,0.051622642,0.018754717,0,0.900830189,2.280226415,0.300264151,0.408188679,0.173584906,X11_57_2_o,0.265,Jiho,13.78,9.514,white,7/27/22,1,5/24/22,X11_57,X11,X,X11_57_2,2,o,4.133471698,3.181056604,0.581773585,0.070377358,5.467860154,37.54026354
195,8/1/22,64,2.530795455,1.233522727,0.127462121,8.575530303,20.76515152,1.110643939,1.615871212,0.309507576,X1_54_2_i,0.264,Jiho,12.92,9.712,white,7/27/22,1,5/24/22,X1_54,X1,X,X1_54_2,2,i,36.26848485,29.34068182,1.925378788,3.764318182,15.23891403,46.26465662
196,8/1/22,65,3.810754717,1.889698113,0.067169811,0.743358491,1.75090566,0.192566038,0.286603774,0,A27_1_2_i,0.265,Jiho,11.4,8.727,white,7/27/22,1,5/24/22,A27,A27,A,A27_1_2,2,i,8.741056604,2.494264151,0.286603774,5.70045283,8.70283081,39.93258427
197,8/1/22,66,1.640833333,0.994431818,0.271212121,7.426704545,22.02242424,0.96280303,1.356060606,0,X10_52_2_i,0.264,Jiho,11.8,8.763,white,7/27/22,1,5/24/22,X10_52,X10,X,X10_52_2,2,i,34.6744697,29.44912879,1.356060606,2.635265152,21.71667598,37.3814433
198,8/1/22,67,0.870472441,0.536811024,0.256299213,6.417322835,19.7984252,1.576535433,2.021417323,0.483582677,X9_27_2_i,0.254,Jiho,11.99,9.027,white,7/27/22,1,5/24/22,X9_27,X9,X,X9_27_2,2,i,31.96086614,26.21574803,2.505,1.407283465,10.46536848,41.21031746
199,8/1/22,68,5.429770115,2.301149425,0.102260536,0.604329502,1.733984674,0.111570881,0.158045977,0,A27_1_1_i,0.261,Jiho,14.14,9.899,white,7/27/22,1,5/24/22,A27,A27,A,A27_1_1,1,i,10.44111111,2.338314176,0.158045977,7.73091954,14.79515152,41.01529903
200,8/1/22,69,0.463485477,0.276141079,0.147925311,5.72473029,21.85842324,1.587717842,1.952614108,0.700165975,X9_27_1_i,0.241,Jiho,10.93,8.668,white,7/27/22,1,5/24/22,X9_27,X9,X,X9_27_1,1,i,32.71120332,27.58315353,2.652780083,0.739626556,10.39782894,43.16582915
201,8/1/22,70,0.04053719,0.015206612,0,1.495330579,4.070289256,0.28892562,0.456198347,0.268636364,X11_57_3_o,0.242,Jiho,11.72,8.977,white,7/27/22,1,5/24/22,X11_57,X11,X,X11_57_3,3,o,6.635123967,5.565619835,0.724834711,0.055743802,7.67846759,42.49475891
202,8/1/22,71,0.186150943,0.111698113,0.060490566,4.60754717,16.03332075,0.507283019,0.772566038,0.181509434,X10_52_3_o,0.265,Jiho,12.36,8.743,white,7/27/22,1,5/24/22,X10_52,X10,X,X10_52_3,3,o,22.46056604,20.64086792,0.954075472,0.297849057,21.63441838,33.14232902
203,8/1/22,72,0.029673469,0.009877551,0,1.216612245,3.358040816,0.291795918,0.390693878,0.197836735,X11_57_2_i,0.245,Jiho,11.53,9.107,white,7/27/22,1,5/24/22,X11_57,X11,X,X11_57_2,2,i,5.494530612,4.574653061,0.588530612,0.03955102,7.773007837,47.09606987
204,8/1/22,73,0.927818182,0.536414773,0.1015,8.432534091,17.29994318,1.411056818,1.599539773,0.502568182,X1_54_1_i,0.264,Jiho,12.88,9.672,white,7/27/22,1,5/24/22,X1_54,X1,X,X1_54_1,1,i,30.811375,25.73247727,2.102107955,1.464232955,12.85333661,45.90219224
205,8/1/22,74,1.01797093,0.477017442,0.049162791,8.305906977,18.48048837,0.590116279,1.01797093,0.354069767,X1_54_3_o,0.258,Seren,14.37,10.012,white,7/27/22,1,5/24/22,X1_54,X1,X,X1_54_3,3,o,30.29270349,26.78639535,1.372040698,1.494988372,20.49918429,41.26684636
206,8/1/22,75,0.504603774,0.37954717,0.357245283,9.359509434,30.88275472,1.138679245,1.714716981,0.401886792,X10_52_1_o,0.265,Seren,13.42,9.621,white,7/27/22,1,5/24/22,X10_52,X10,X,X10_52_1,1,o,44.7389434,40.24226415,2.116603774,0.884150943,19.01265823,41.28284389
207,8/1/22,76,0.081660232,0.054440154,0.022702703,2.631274131,6.614478764,0.562548263,0.871042471,0.666911197,C64_1_1_i,0.259,Seren,14.72,9.898,white,7/27/22,1,5/24/22,C64,C64,C,C64_1_1,1,i,11.50505792,9.245752896,1.537953668,0.136100386,6.011723947,37.94079794
208,8/1/22,77,0.536280992,0.31285124,0.148966942,5.059917355,19.87714876,1.708140496,1.916694215,0.422066116,X9_27_3_i,0.242,Seren,12.25,9.238,white,7/27/22,1,5/24/22,X9_27,X9,X,X9_27_3,3,i,29.98206612,24.93706612,2.338760331,0.849132231,10.66251458,43.16981132
209,8/1/22,78,0.915703125,0.533359375,0.424804688,7.04703125,18.28078125,1.935234375,2.55828125,0,X8_33_3_i,0.256,Seren,14.37,10.221,white,7/27/22,1,5/24/22,X8_33,X8,X,X8_33_3,3,i,31.69519531,25.3278125,2.55828125,1.4490625,9.900323704,44.08355795
210,8/1/22,79,0.258769231,0.182923077,0.116,6.656615385,16.84230769,1.757846154,2.230769231,0.990461538,X6_26_2_o,0.26,Seren,12.17,8.986,white,7/27/22,1,5/24/22,X6_26,X6,X,X6_26_2,2,o,29.03569231,23.49892308,3.221230769,0.441692308,7.29501385,39.00383142
211,8/1/22,80,0.11624031,0.058100775,0.053643411,7.125620155,18.74837209,1.122054264,1.399186047,0.710775194,X3_61_3_o,0.258,Seren,13.2,9.261,white,7/27/22,1,5/24/22,X3_61,X3,X,X3_61_3,3,o,29.33399225,25.87399225,2.10996124,0.174341085,12.26278083,36.976
212,8/1/22,81,0.243052209,0.15248996,0.11437751,3.378915663,23.82389558,1.115180723,1.310562249,1.048473896,X9_27_2_o,0.249,Seren,13.46,9.612,white,7/27/22,1,5/24/22,X9_27,X9,X,X9_27_2,2,o,31.18694779,27.20281124,2.359036145,0.395542169,11.53132448,40.89093702
213,8/1/22,82,1.145867769,0.936198347,0.594876033,9.123057851,34.49305785,1.175123967,1.711487603,0.28768595,X10_52_1_i,0.242,Seren,13.13,9.47,white,7/27/22,1,5/24/22,X10_52,X10,X,X10_52_1,1,i,49.46735537,43.6161157,1.999173554,2.082066116,21.81707317,40.77669903
214,8/1/22,83,1.658113208,1.020377358,0.607962264,7.078867925,34.54403774,1.556075472,2.210830189,0,A04_1_1_i,0.265,Seren,12.02,8.799,white,7/27/22,1,5/24/22,A04,A04,A,A04_1_1,1,i,48.67626415,41.62290566,2.210830189,2.678490566,18.82682165,36.46942801
215,8/1/22,84,0.714754717,0.398377358,0.214830189,5.09690566,17.70437736,1.484150943,1.874716981,0,A04_1_2_o,0.265,Seren,14.03,9.345,white,7/27/22,1,5/24/22,A04,A04,A,A04_1_2,2,o,27.48811321,22.80128302,1.874716981,1.113132075,12.16252013,33.82768362
216,8/1/22,85,1.554081633,0.953632653,1.059591837,13.50097959,61.72122449,2.476816327,2.211918367,3.050734694,C17_1_3_i,0.245,Seren,13.5,9.87,white,7/27/22,1,5/24/22,C17,C17,C,C17_1_3,3,i,86.52897959,75.22220408,5.262653061,2.507714286,14.29358979,44.58015267
217,8/1/22,86,0.68144,0.42988,0.3064,7.74264,24.13348,1.63724,2.01684,1.01072,X6_26_3_i,0.25,Seren,13.72,9.834,white,7/27/22,1,5/24/22,X6_26,X6,X,X6_26_3,3,i,37.95864,31.87612,3.02756,1.11132,10.52865013,42.59970458
218,8/1/22,87,0.057049808,0.039501916,0.035095785,2.149616858,6.501494253,0.346590038,0.526436782,0.333409962,C64_1_2_o,0.261,Seren,12.71,9.006,white,7/27/22,1,5/24/22,C64,C64,C,C64_1_2,2,o,9.989195402,8.651111111,0.859846743,0.096551724,10.06122449,35.69444444
219,8/1/22,88,0.119641434,0.069043825,0.069043825,2.572310757,22.21191235,0.869721116,1.274661355,0.768486056,X9_27_1_o,0.251,Seren,13.53,9.527,white,7/27/22,1,5/24/22,X9_27,X9,X,X9_27_1,1,o,27.95482072,24.78422311,2.04314741,0.188685259,12.13041359,39.16413374
220,8/1/22,89,0.64124031,0.31379845,0.154612403,5.725697674,13.56155039,0.873178295,1.327945736,0.322906977,X3_61_2_i,0.258,Seren,13.89,9.446,white,7/27/22,1,5/24/22,X3_61,X3,X,X3_61_2,2,i,22.92093023,19.28724806,1.650852713,0.95503876,11.68320342,35.96541787
221,8/1/22,90,3.136,2.155471698,1.365132075,4.970264151,38.52377358,1.758188679,2.130113208,0,A04_1_3_i,0.265,Seren,10.25,8.191,white,7/27/22,1,5/24/22,A04,A04,A,A04_1_3,3,i,54.0389434,43.49403774,2.130113208,5.291471698,20.41865079,37.60606061
222,8/1/22,91,1.327003891,0.812451362,0.464902724,6.057276265,22.46428016,0.929805447,1.385680934,0,A01_1_2_i,0.257,Seren,8.07,7.395,white,7/27/22,1,5/24/22,A01,A01,A,A01_1_2,2,i,33.44140078,28.52155642,1.385680934,2.139455253,20.58306189,39.73214286
223,8/1/22,92,0.135214008,0.076614786,0.06311284,4.232217899,14.81945525,1.419766537,1.527937743,0.856342412,X6_26_3_o,0.257,Seren,12.75,9.146,white,7/27/22,1,5/24/22,X6_26,X6,X,X6_26_3,3,o,23.13066148,19.05167315,2.384280156,0.211828794,7.99053463,37.86206897
224,8/1/22,93,0.555437262,0.424980989,0.290342205,3.008631179,15.13144487,1.039353612,1.413840304,0,A04_1_3_o,0.263,Seren,12.34,8.864,white,7/27/22,1,5/24/22,A04,A04,A,A04_1_3,3,o,21.86403042,18.14007605,1.413840304,0.980418251,12.83035714,35.51020408
225,8/1/22,94,0.175849057,0.079132075,0.026377358,2.448716981,5.974490566,0.316528302,0.448415094,0.290150943,X11_57_3_i,0.265,Seren,12.67,9.582,white,7/27/22,1,5/24/22,X11_57,X11,X,X11_57_3,3,i,9.759660377,8.423207547,0.738566038,0.254981132,11.404813,46.01398601
226,8/1/22,95,0.060374532,0.034494382,0.012958801,4.196891386,10.15797753,0.720337079,0.841123596,0.301947566,X3_61_1_o,0.267,Seren,13.81,9.244,white,7/27/22,1,5/24/22,X3_61,X3,X,X3_61_1,1,o,16.32610487,14.35486891,1.143071161,0.094868914,12.55815858,33.44023324
227,8/1/22,96,0.457235772,0.252439024,0.16195122,6.272723577,14.0552439,0.838252033,1.109756098,0.300081301,X3_61_1_i,0.246,Seren,14.24,9.948,white,7/27/22,1,5/24/22,X3_61,X3,X,X3_61_1,1,i,23.44768293,20.32796748,1.409837398,0.709674797,14.41866098,41.12482853
228,8/4/22,1,0,0,0,1.603183857,3.988340807,0.339327354,0.531121076,0.309820628,C65_2_1_o,0.223,Seren,13.03,9.241,white,6/29/22,2,5/25/22,C65,C65,C,C65_2_1,1,o,6.771793722,5.591524664,0.840941704,0,6.649122807,37.68092105
229,8/4/22,2,0.296888889,0.146,0.150888889,9.378088889,25.08768889,0.6424,0.9052,0.486666667,X3_44_3_o,0.225,Seren,12.66,8.763,orange,7/14/22,3,5/26/22,X3_44,X3,X,X3_44_3,3,o,37.09382222,34.46577778,1.391866667,0.442888889,24.76226969,35.79901153
230,8/4/22,3,0,0,0,1.478554688,3.984726563,0.307851563,0.459609375,0.355546875,C65_2_2_o,0.256,Seren,14.71,9.858,white,7/14/22,2,5/25/22,C65,C65,C,C65_2_2,2,o,6.586289063,5.46328125,0.81515625,0,6.70212766,37.4742268
231,8/4/22,4,0.383633047,0.214821888,0.071607296,2.66483691,8.372961373,1.345216738,1.432145923,0.552399142,X4_33_2_o,0.233,Seren,14.2,9.836,white,6/29/22,2,5/25/22,X4_33,X4,X,X4_33_2,2,o,15.03762232,11.03779828,1.984545064,0.598454936,5.839972297,39.80689655
232,8/4/22,5,0.080714286,0.036321429,0,3.297178571,8.745392857,0.678,0.904,0,C14_3_1_o,0.28,Seren,13.37,8.846,orange,7/14/22,3,5/26/22,C14,C14,C,C14_3_1,1,o,13.74160714,12.04257143,0.904,0.117035714,13.32142857,33.27433628
233,8/4/22,6,8.278512397,5.605289256,2.771404959,7.439504132,55.60214876,0.843471074,1.410247934,0,X4_46_3_i,0.242,Seren,14.46,9.701,orange,8/1/22,3,5/26/22,X4_46,X4,X,X4_46_3,3,i,81.95057851,63.04165289,1.410247934,13.88380165,44.70253165,39.52986023
234,8/4/22,7,2.960133333,1.158533333,0.076577778,0.627777778,1.597466667,0.137822222,0.199066667,0,A27_3_2_i,0.225,Seren,15.13,9.784,orange,7/14/22,3,5/26/22,A27,A27,A,A27_3_2,2,i,6.757377778,2.225244444,0.199066667,4.118666667,11.17838803,37.40046838
235,8/4/22,8,3.950938776,2.264122449,1.73644898,7.965020408,51.714,0.99677551,1.510938776,0.568285714,X4_67_1_i,0.245,Seren,16.89,11.128,white,8/1/22,1,5/24/22,X4_67,X4,X,X4_67_1,1,i,70.70653061,59.67902041,2.07922449,6.215061224,28.70253823,42.03219316
236,8/4/22,9,0.041089494,0,0,1.008988327,2.625175097,0.150661479,0.200894942,0.196303502,X9_21_3_o,0.257,Seren,11.21,8.573,white,8/1/22,1,5/24/22,X9_21,X9,X,X9_21_3,3,o,4.22311284,3.634163424,0.397198444,0.041089494,9.149490596,38.09859155
237,8/4/22,10,0.034175258,0,0,0.370257732,1.139175258,0.193659794,0.296185567,0,C43_2_3_o,0.194,Seren,12.13,8.766,white,8/1/22,2,5/25/22,C43,C43,C,C43_2_3,3,o,2.033453608,1.50943299,0.296185567,0.034175258,5.096240863,35.05791506
238,8/4/22,11,0.359482759,0.214698276,0.109827586,7.129741379,25.33853448,1.163318966,1.507844828,0.369482759,X9_35_2_o,0.232,Seren,14.11,9.435,orange,8/1/22,3,5/25/22,X9_35,X9,X,X9_35_2,2,o,36.19293103,32.46827586,1.877327586,0.574181034,17.29494421,37.83244681
239,8/4/22,12,0.062672811,0.031336406,0,2.157004608,5.421198157,0.616267281,0.903548387,0.438709677,C64_3_1_i,0.217,Seren,13.49,9.411,orange,8/1/22,3,5/26/22,C64,C64,C,C64_3_1,1,i,9.630737327,7.578202765,1.342258065,0.094009217,5.645861228,40.88405797
240,8/4/22,13,0.049710145,0,0,0.501231884,1.205471014,0.091123188,0.132572464,0,C43_2_2_i,0.276,Seren,12.19,9.28,white,8/1/22,2,5/25/22,C43,C43,C,C43_2_2,2,i,1.980108696,1.706702899,0.132572464,0.049710145,12.87373599,44.46564885
241,8/4/22,14,1.775859375,1.08078125,1.313867188,10.74828125,63.02324219,2.292929688,2.704023438,3.123632813,C17_1_1_i,0.256,Seren,13.87,9.841,white,8/1/22,1,5/24/22,C17,C17,C,C17_1_1,1,i,86.06261719,73.77152344,5.82765625,2.856640625,12.65886666,41.77745665
242,8/4/22,15,3.0915,1.644636364,1.020090909,8.7905,40.74640909,1.519727273,1.967318182,0.697409091,X4_67_2_i,0.22,Seren,NA,10.081,white,8/1/22,1,5/24/22,X4_67,X4,X,X4_67_2,2,i,59.47759091,49.53690909,2.664727273,4.736136364,18.58986081,NA
243,8/4/22,16,0.110992366,0.053282443,0.053282443,5.803358779,19.55022901,0.999045802,1.15,0.905801527,X9_35_3_o,0.262,Seren,13.74,9.241,orange,8/1/22,3,5/26/22,X9_35,X9,X,X9_35_3,3,o,28.62599237,25.35358779,2.055801527,0.164274809,12.33270209,37.07692308
244,8/4/22,17,2.454941634,1.229649805,0.764708171,8.676964981,37.18891051,1.529455253,2.029105058,0.690856031,X4_67_3_i,0.257,Seren,14.84,10.441,white,8/1/22,1,5/24/22,X4_67,X4,X,X4_67_3,3,i,54.56459144,45.86587549,2.719961089,3.68459144,16.86269545,44.24588086
245,8/4/22,18,0.042102804,0,0,0.394859813,1.116121495,0.215841121,0.326401869,0,C43_2_1_o,0.214,Seren,13.76,9.366,white,8/1/22,2,5/25/22,C43,C43,C,C43_2_1,1,o,2.095327103,1.510981308,0.326401869,0.042102804,4.62920544,35.47723935
246,8/4/22,19,0.97,0.61,0.475022222,3.245022222,26.86502222,0.565022222,0.815022222,0.24,X4_46_1_o,0.225,Seren,11.91,8.761,orange,8/1/22,3,5/26/22,X4_46,X4,X,X4_46_1,1,o,33.78511111,30.11004444,1.055022222,1.58,28.53972533,40.80827068
247,8/4/22,20,0.073945313,0.043476563,0.02609375,1.922226563,4.93171875,0.308789063,0.460976563,0.204414063,C64_1_2_i,0.256,Seren,12.73,9.284,white,8/1/22,1,5/24/22,C64,C64,C,C64_1_2,2,i,7.971640625,6.853945313,0.665390625,0.117421875,10.30063403,40.38062284
248,8/4/22,21,0.059233871,0.022782258,0,1.649435484,3.904879032,0.223266129,0.369072581,0.30983871,X9_21_3_i,0.248,Seren,12.7,9.371,white,8/1/22,1,5/24/22,X9_21,X9,X,X9_21_3,3,i,6.538508065,5.554314516,0.67891129,0.082016129,8.181208054,42.10434783
249,8/4/22,22,0,0,0,0.513714286,1.375428571,0.174,0.298285714,0.124285714,C43_2_3_i,0.14,Seren,8.34,7.555,white,8/1/22,2,5/25/22,C43,C43,C,C43_2_3,3,i,2.485714286,1.889142857,0.422571429,0,4.470588235,43.52517986
250,8/4/22,23,1.575021834,0.97,0.565021834,4.275021834,20.83,0.78,1.16,0.22,X4_46_2_o,0.229,Seren,13.59,9.34,orange,8/1/22,3,5/26/22,X4_46,X4,X,X4_46_2,2,o,30.3750655,25.10502183,1.38,2.545021834,18.19204481,39.28571429
251,8/4/22,24,0,0,0,0.872972973,2.583198198,0.352252252,0.587072072,0.275675676,C64_3_1_o,0.222,Seren,13.08,8.742,orange,8/1/22,3,5/26/22,C64,C64,C,C64_3_1,1,o,4.671171171,3.456171171,0.862747748,0,4.006004281,33.1587057
252,8/4/22,25,0.05946281,0.027438017,0,0.379545455,1.015206612,0.146322314,0.224090909,0,C43_2_2_o,0.242,Seren,12.7,9.191,white,8/1/22,2,5/25/22,C43,C43,C,C43_2_2,2,o,1.852066116,1.394752066,0.224090909,0.086900826,6.224045731,38.97391304
253,8/4/22,26,0,0,0,1.370884615,3.711384615,0.468115385,0.656192308,0.426307692,C64_1_3_o,0.26,Seren,13.64,9.305,white,8/1/22,1,5/24/22,C64,C64,C,C64_1_3,3,o,6.632884615,5.082269231,1.0825,0,4.694936934,35.20179372
254,8/4/22,27,0.048398438,0,0,0.572148438,1.395117188,0.162851563,0.259648438,0,C43_2_1_i,0.256,Seren,11.57,8.868,white,8/1/22,2,5/25/22,C43,C43,C,C43_2_1,1,i,2.438164063,1.967265625,0.259648438,0.048398438,7.576651121,41.51515152
255,8/4/22,28,0.219690265,0.129823009,0.114823009,4.158849558,14.31884956,1.173274336,1.392964602,1.442876106,X6_38_2_o,0.226,Seren,14.19,9.332,orange,8/1/22,3,5/26/22,X6_38,X6,X,X6_38_2,2,o,22.95115044,18.47769912,2.835840708,0.349513274,6.515774692,36.07894737
256,8/4/22,29,0.032820513,0,0,2.043376068,5.169316239,0.829529915,1.312264957,0.543632479,C64_1_1_o,0.234,Seren,13.32,9.193,white,8/1/22,1,5/24/22,C64,C64,C,C64_1_1,1,o,9.930940171,7.212692308,1.855897436,0.032820513,3.886363636,35.21193093
257,8/4/22,30,0.520745614,0.285438596,0.190263158,5.738377193,24.79618421,1.116622807,1.792631579,0.620921053,X4_67_2_o,0.228,Seren,NA,9.027,white,8/1/22,1,5/24/22,X4_67,X4,X,X4_67_2,2,o,35.06118421,30.5345614,2.413552632,0.806184211,12.65129295,NA
258,8/4/22,31,2.486807512,1.430187793,0.709765258,6.841361502,29.47328638,1.873098592,2.865680751,0,A04_1_2_i,0.213,Seren,11.46,8.559,white,8/1/22,1,5/24/22,A04,A04,A,A04_1_2,2,i,45.68018779,36.31464789,2.865680751,3.916995305,12.67225872,35.67627494
259,8/4/22,32,0.568613445,0.306176471,0.111764706,8.397983193,20.76655462,1.273319328,1.637815126,0.515168067,X11_23_1_i,0.238,Seren,13.64,9.942,orange,8/1/22,3,5/26/22,X11_23,X11,X,X11_23_1,1,i,33.57739496,29.16453782,2.152983193,0.874789916,13.54610566,47.54609929
260,8/4/22,33,2.221380753,1.33376569,0.431799163,16.89292887,38.151841,1.837531381,2.331715481,0.441380753,X9_35_2_i,0.239,Seren,14.19,9.666,orange,8/1/22,3,5/26/22,X9_35,X9,X,X9_35_2,2,i,63.6423431,55.04476987,2.773096234,3.555146444,19.84957074,40.47368421
261,8/4/22,34,0.731324786,0.397136752,0.174358974,5.884615385,15.37747863,1.007393162,1.593461538,0.392307692,X6_38_1_i,0.234,Seren,13.65,9.554,orange,8/1/22,3,5/26/22,X6_38,X6,X,X6_38_1,1,i,25.55807692,21.26209402,1.985769231,1.128461538,10.70723309,41.98300283
262,8/4/22,35,0.174319066,0.108949416,0,4.684824903,14.28108949,1.337898833,1.730116732,1.115642023,X4_46_3_o,0.257,Seren,13.03,9.102,orange,8/1/22,3,5/26/22,X4_46,X4,X,X4_46_3,3,o,23.43284047,18.9659144,2.845758755,0.283268482,6.664624809,39.00621118
263,8/8/22,1,0.030813008,0,0,0.484430894,1.096544715,0.158536585,0.264227642,0,C43_1_1_i,0.246,Jiho,11.32,8.66,white,8/3/22,1,5/24/22,C43,C43,C,C43_1_1,1,i,2.034552846,1.58097561,0.264227642,0.030813008,5.983384615,39.13043478
264,8/8/22,2,3.008571429,1.371428571,0.124285714,8.464285714,17.88428571,0.874285714,1.324285714,0.218571429,X1_54_3_i,0.252,Jiho,13.43,9.744,white,8/3/22,1,5/24/22,X1_54,X1,X,X1_54_3,3,i,33.27,26.34857143,1.542857143,4.38,17.07777778,43.11728395
265,8/8/22,3,0.119692982,0.043114035,0,0.746929825,1.704517544,0.177149123,0.263333333,0,C43_1_2_o,0.228,Jiho,11.47,8.393,white,8/3/22,1,5/24/22,C43,C43,C,C43_1_2,2,o,3.054736842,2.451447368,0.263333333,0.162807018,9.309293804,31.92477876
266,8/8/22,4,0.602207792,0.392121212,0.322121212,9.07012987,27.49515152,1.731861472,2.081991342,0.938311688,X5_31_3_i,0.231,Jiho,12.39,9.322,white,8/3/22,1,5/24/22,X5_31,X5,X,X5_31_3,3,i,42.6338961,36.56528139,3.02030303,0.994329004,12.10649429,43.60294118
267,8/8/22,5,2.123264463,1.529669421,0.639256198,7.885702479,25.49719008,0.703181818,1.073057851,0,A03_2_3_i,0.242,Jiho,12.79,9.216,white,8/3/22,2,5/25/22,A03,A03,A,A03_2_3,3,i,39.45132231,33.38289256,1.073057851,3.652933884,31.11005853,38.80136986
268,8/8/22,6,0.597222222,0.324206349,0.37968254,4.713809524,27.99694444,1.348015873,1.522936508,2.956269841,C17_1_3_o,0.252,Jiho,14.63,10.242,white,8/3/22,1,5/24/22,C17,C17,C,C17_1_3,3,o,39.8390873,32.71075397,4.479206349,0.921428571,7.302801304,42.86458333
269,8/8/22,7,0.145247934,0.10892562,0.059008264,4.738264463,13.01206612,1.098347107,1.570330579,0.472024793,X5_31_1_o,0.242,Jiho,13.92,9.95,white,8/3/22,1,5/24/22,X5_31,X5,X,X5_31_1,1,o,21.20421488,17.75033058,2.042355372,0.254173554,8.691107739,43.04160689
270,8/8/22,8,0.249056604,0.153584906,0.083018868,5.006037736,11.00830189,0.780377358,1.191320755,0,X2_45_2_i,0.265,Jiho,13.78,9.927,white,8/3/22,1,5/24/22,X2_45,X2,X,X2_45_2,2,i,18.47169811,16.01433962,1.191320755,0.402641509,13.44250871,43.58711567
271,8/8/22,9,0.394661654,0.228496241,0.207706767,5.371315789,25.61857143,1.910902256,2.243233083,3.310864662,C17_2_2_o,0.266,Jiho,14.32,10.046,white,8/3/22,2,5/25/22,C17,C17,C,C17_2_2,2,o,39.28575188,30.98988722,5.554097744,0.623157895,5.579643831,42.00814111
272,8/8/22,10,0.278346154,0.162730769,0.089923077,3.845269231,10.74365385,0.839269231,1.216115385,0.222653846,X2_45_1_i,0.26,Jiho,12.85,9.452,white,8/3/22,1,5/24/22,X2_45,X2,X,X2_45_1,1,i,17.39796154,14.58892308,1.438769231,0.441076923,10.13986313,42.40677966
273,8/8/22,11,0.320472441,0.193149606,0.14488189,4.776062992,20.47826772,1.167677165,1.786653543,0.869173228,X5_31_3_o,0.254,Jiho,11.84,8.818,white,8/3/22,1,5/24/22,X5_31,X5,X,X5_31_3,3,o,29.73633858,25.25433071,2.655826772,0.513622047,9.50902784,38.200409
274,8/8/22,37,0,0,0,2.446521739,6.754384058,0.406413043,0.629927536,0,A20_1_2_o,0.276,Seren,11.11,8.402,white,8/3/22,1,5/24/22,A20,A20,A,A20_1_2,2,o,10.23724638,9.200905797,0.629927536,0,14.60629242,34.90384615
275,8/8/22,38,0,0,0,0.457737557,1.192171946,0.231402715,0.362171946,0,C43_1_3_o,0.221,Seren,12.98,9.09,white,8/3/22,1,5/24/22,C43,C43,C,C43_1_3,3,o,2.243484163,1.649909502,0.362171946,0,4.555597201,35.48922056
276,8/8/22,39,0,0,0,3.155984556,9.377413127,0.732934363,1.1296139,0,A20_1_1_o,0.259,Seren,11.98,8.896,white,8/3/22,1,5/24/22,A20,A20,A,A20_1_1,1,o,14.39594595,12.53339768,1.1296139,0,11.09529343,38.68787276
277,8/8/22,40,0.306037037,0.173703704,0.165444444,6.220259259,21.58474074,1.352407407,1.617111111,0.773407407,X3_25_1_o,0.27,Seren,14.55,10.113,white,8/3/22,1,5/24/22,X3_25,X3,X,X3_25_1,1,o,32.19311111,27.805,2.390518519,0.479740741,11.63136775,41.61842105
278,8/8/22,41,0.467848101,0.233924051,0,0.458101266,1.174514768,0.131603376,0.165696203,0,A27_1_2_o,0.237,Seren,12.25,8.674,white,8/3/22,1,5/24/22,A27,A27,A,A27_1_2,2,o,2.631687764,1.632616034,0.165696203,0.701772152,9.8530685,32.52830189
279,8/8/22,42,0.51483871,0.293548387,0.270967742,6.078709677,27.82387097,1.341290323,1.598709677,3.129677419,C17_2_1_o,0.248,Seren,14.02,10.042,white,8/3/22,2,5/25/22,C17,C17,C,C17_2_1,1,o,41.0516129,33.90258065,4.728387097,0.808387097,7.170009551,43.73408769
280,8/8/22,43,0.937836735,0.543673469,0.407755102,14.20346939,42.25702041,2.292489796,2.586979592,2.52355102,C17_2_3_i,0.245,Seren,13.57,9.752,white,8/3/22,2,5/25/22,C17,C17,C,C17_2_3,3,i,65.75277551,56.4604898,5.110530612,1.481510204,11.04787234,42.32628399
281,8/8/22,44,0.223165138,0.138165138,0.090321101,6.408027523,14.98394495,0.759816514,1.105183486,0,X2_45_3_i,0.218,Seren,14.73,10.286,white,8/3/22,1,5/24/22,X2_45,X2,X,X2_45_3,3,i,23.70862385,21.39197248,1.105183486,0.361330275,19.35603702,42.87917738
282,8/8/22,45,6.092801556,3.340622568,0.122217899,9.406264591,21.347393,1.37155642,1.620505837,0.769533074,X6_53_3_i,0.257,Seren,15.16,10.43,white,8/3/22,2,5/25/22,X6_53,X6,X,X6_53_3,3,i,44.07089494,30.75365759,2.390038911,9.433424125,12.86742967,42.38733252
283,8/8/22,46,1.111474104,0.638884462,0.310677291,10.12131474,27.88717131,2.074143426,2.848685259,1.391513944,X6_26_1_i,0.251,Seren,13.84,9.681,white,8/3/22,1,5/24/22,X6_26,X6,X,X6_26_1,1,i,46.38386454,38.00848606,4.240199203,1.750358566,8.963844441,39.6371553
284,8/8/22,47,0.03456,0,0,0.71712,1.84464,0.17712,0.25488,0.09936,C43_1_2_i,0.25,Seren,12.67,9.411,white,8/3/22,1,5/24/22,C43,C43,C,C43_1_2,2,i,3.12768,2.56176,0.35424,0.03456,7.231707317,43.02447552
285,8/8/22,48,0.222331839,0.128430493,0,6.204887892,15.75434978,0.988026906,1.526547085,0.805246637,X6_53_1_o,0.223,Seren,12.94,9.338,white,8/3/22,2,5/25/22,X6_53,X6,X,X6_53_1,1,o,25.62982063,21.95923767,2.331793722,0.350762332,9.417315718,39.86644407
286,8/8/22,49,0.541884058,0.304565217,0.189855072,6.985072464,19.00528986,1.000688406,1.590036232,0.688224638,X5_31_2_i,0.276,Seren,14.05,9.956,white,8/3/22,1,5/24/22,X5_31,X5,X,X5_31_2,2,i,30.30561594,25.99036232,2.27826087,0.846449275,11.40798346,42.33802817
287,8/8/22,50,1.532064777,0.871174089,0.828259109,11.27376518,44.05651822,2.227287449,2.622105263,2.180080972,C17_2_1_i,0.247,Seren,11.66,8.985,white,8/3/22,2,5/25/22,C17,C17,C,C17_2_1,1,i,65.59125506,55.3302834,4.802186235,2.403238866,11.52189455,43.2059448
288,8/8/22,51,0.880982906,0.491495726,0.310683761,8.633632479,22.26568376,1.122094017,1.395683761,0,X3_25_2_i,0.234,Seren,14.33,10.245,white,8/3/22,1,5/24/22,X3_25,X3,X,X3_25_2,2,i,35.10025641,30.89931624,1.395683761,1.372478632,22.13919593,44.64769648
289,8/8/22,52,3.095092251,1.187933579,0.060627306,0.626309963,1.684944649,0.056568266,0.088892989,0,A27_1_3_i,0.271,Seren,12.18,9.126,white,8/3/22,1,5/24/22,A27,A27,A,A27_1_3,3,i,6.800369004,2.311254613,0.088892989,4.28302583,26.00041511,41.60611855
290,8/8/22,53,0.187418182,0.095709091,0.051854545,4.167345455,11.15410909,0.498472727,0.749709091,0,X2_45_2_o,0.275,Seren,15.35,10.417,white,8/3/22,1,5/24/22,X2_45,X2,X,X2_45_2,2,o,16.90461818,15.32145455,0.749709091,0.283127273,20.43653296,41.27380952
291,8/8/22,54,0.061105991,0.035668203,0,4.318156682,10.35746544,0.392119816,0.534700461,0,A20_1_1_i,0.217,Seren,12.08,9.336,white,8/3/22,1,5/24/22,A20,A20,A,A20_1_1,1,i,15.69921659,14.67562212,0.534700461,0.096774194,27.44643627,46.51072125
292,8/8/22,55,0.369704641,0.21907173,0,7.859198312,20.0085654,1.172953586,1.944261603,0.994936709,X6_26_1_o,0.237,Seren,13.97,9.684,white,8/3/22,1,5/24/22,X6_26,X6,X,X6_26_1,1,o,32.56869198,27.86776371,2.939198312,0.588776371,9.481416615,38.94586895
293,8/8/22,56,0,0,0,0.5798,1.47628,0.16504,0.24084,0,C43_1_3_i,0.25,Seren,11.01,8.461,white,8/3/22,1,5/24/22,C43,C43,C,C43_1_3,3,i,2.46196,2.05608,0.24084,0,8.53712008,37.21674877
294,8/8/22,57,0.136345382,0.070361446,0.039598394,3.900682731,9.881405622,0.505742972,0.712409639,0,X2_45_1_o,0.249,Seren,13.19,9.364,white,8/3/22,1,5/24/22,X2_45,X2,X,X2_45_1,1,o,15.24654618,13.78208835,0.712409639,0.206706827,19.34573539,38.68589744
295,8/8/22,58,0.034017467,0,0,3.403187773,8.848340611,0.286855895,0.495895197,0,A20_1_2_i,0.229,Seren,12.01,9.15,white,8/3/22,1,5/24/22,A20,A20,A,A20_1_2,2,i,13.06829694,12.25152838,0.495895197,0.034017467,24.70588235,43.47826087
296,8/8/22,59,0.391367521,0.226324786,0.179188034,3.776794872,30.07760684,1.027905983,1.353247863,4.484059829,C17_2_3_o,0.234,Seren,13.47,9.781,white,8/3/22,2,5/25/22,C17,C17,C,C17_2_3,3,o,41.51649573,33.85440171,5.837307692,0.617692308,5.799660305,43.4202454
297,8/8/22,60,0.137466063,0.050904977,0.061085973,4.66800905,14.19742081,0.962126697,1.522081448,0,X3_25_2_o,0.221,Jiho,13.62,9.393,white,8/3/22,1,5/24/22,X3_25,X3,X,X3_25_2,2,o,21.59909502,18.86542986,1.522081448,0.188371041,12.39449432,36.62668666
298,8/8/22,61,0.661969112,0.408610039,0.331003861,10.34633205,31.16567568,3.048339768,3.412007722,1.932779923,C17_2_2_i,0.259,Jiho,11.58,8.947,white,8/3/22,2,5/25/22,C17,C17,C,C17_2_2,2,i,51.30671815,41.51200772,5.344787645,1.070579151,7.766820776,43.13174946
299,8/8/22,62,5.753433476,2.91695279,0.10416309,7.780171674,17.8332618,1.420600858,2.135622318,0.364635193,X6_53_2_i,0.233,Jiho,11.63,8.723,white,8/3/22,2,5/25/22,X6_53,X6,X,X6_53_2,2,i,38.3088412,25.61343348,2.500257511,8.670386266,10.24431818,37.88461538
300,8/8/22,63,0.496733068,0.320876494,0.114302789,6.681553785,15.5785259,1.248406375,1.811035857,0,X5_31_1_i,0.251,Jiho,12.28,9.281,white,8/3/22,1,5/24/22,X5_31,X5,X,X5_31_1,1,i,26.25143426,22.26007968,1.811035857,0.817609562,12.29135227,43.73358349
301,8/8/22,64,0.329203187,0.191314741,0.11123506,3.852709163,16.78557769,1.023227092,1.472589641,0.805258964,X5_31_2_o,0.251,Jiho,13.39,9.39,white,8/3/22,1,5/24/22,X5_31,X5,X,X5_31_2,2,o,24.57111554,20.63828685,2.277848606,0.520517928,9.060429566,37.88819876
302,8/8/22,65,2.117916667,1.6345,0.778125,6.979916667,25.12033333,0.658416667,0.989916667,0,A03_2_1_i,0.24,Jiho,12.22,9.017,white,8/3/22,2,5/25/22,A03,A03,A,A03_2_1,1,i,38.279125,32.10025,0.989916667,3.752416667,32.42722451,39.22201139
303,8/8/22,66,0.352248062,0.214806202,0.060155039,4.317364341,11.78356589,1.142713178,1.653914729,0.330775194,X6_53_3_o,0.258,Jiho,13.8,9.837,white,8/3/22,2,5/25/22,X6_53,X6,X,X6_53_3,3,o,19.85554264,16.10093023,1.984689922,0.567054264,8.112567132,42.1459854
304,8/8/22,67,0.224090909,0.169214876,0.086900826,4.92053719,14.63359504,0.498471074,0.749958678,0,A03_2_2_o,0.242,Jiho,12.8,8.976,white,8/3/22,2,5/25/22,A03,A03,A,A03_2_2,2,o,21.2827686,19.55413223,0.749958678,0.393305785,26.07361287,34.63247863
305,8/8/22,68,1.125,0.732954545,0.166212121,5.254280303,13.22727273,1.018484848,1.572462121,0.29405303,X3_25_3_i,0.264,Jiho,13.51,9.467,white,8/3/22,1,5/24/22,X3_25,X3,X,X3_25_3,3,i,23.3907197,18.48155303,1.866515152,1.857954545,9.901635685,38.36890244
306,8/8/22,69,0.819568627,0.409803922,0.126431373,4.725686275,11.50466667,0.745490196,1.159607843,0,X10_50_1_i,0.255,Jiho,12.95,9.657,white,8/3/22,NA,,X10_50,X10,X,X10_50_1,1,i,19.4912549,16.23035294,1.159607843,1.229372549,13.99641529,45.11666667
307,8/8/22,70,0.262703704,0.164185185,0.049259259,2.820111111,7.852740741,0.644481481,0.997518519,0.151888889,X3_25_3_o,0.27,Jiho,14.48,9.777,white,8/3/22,1,5/24/22,X3_25,X3,X,X3_25_3,3,o,12.94288889,10.67285185,1.149407407,0.426888889,9.285525553,37.54316069
308,8/8/22,71,1.12236,0.68244,0.4512,12.32904,31.65168,2.46468,2.96664,0.61476,X3_25_1_i,0.25,Jiho,13.44,9.73,white,8/3/22,1,5/24/22,X3_25,X3,X,X3_25_1,1,i,52.2828,43.98072,3.5814,1.8048,12.28031496,42.83513097
309,8/9/22,24,0.070125,0,0,2.0595,4.868333333,0.499541667,0.661666667,0.297958333,X9_21_1_i,0.24,Seren,12.75,9.584,white,8/1/22,1,5/24/22,X9_21,X9,X,X9_21_1,1,i,8.457125,6.927833333,0.959625,0.070125,7.2193131,45.4137931
310,8/9/22,25,0.056861925,0,0,2.120627615,5.264351464,0.585899582,0.896359833,0.612133891,C64_1_3_i,0.239,Seren,12.64,9.245,white,8/1/22,1,5/24/22,C64,C64,C,C64_1_3,3,i,9.53623431,7.384979079,1.508493724,0.056861925,4.895598147,40.33391916
311,8/9/22,26,1.161975806,0.703306452,0.401895161,4.792016129,17.74830645,0.843064516,1.131370968,0.218427419,X6_38_3_o,0.248,Seren,13.36,9.174,orange,8/1/22,3,5/26/22,X6_38,X6,X,X6_38_3,3,o,27.0003629,22.54032258,1.349798387,1.865282258,16.69902913,38.16838996
312,8/9/22,27,1.272060086,0.812832618,0.720987124,8.527854077,30.55240343,1.832317597,2.250214592,1.014892704,X6_38_3_i,0.233,Seren,13.73,9.551,orange,8/1/22,3,5/26/22,X6_38,X6,X,X6_38_3,3,i,46.98356223,39.08025751,3.265107296,2.084892704,11.96905767,41.47058824
313,8/9/22,28,0.023716814,0,0,1.266106195,3.271902655,0.350884956,0.48840708,0.256061947,X9_21_1_o,0.226,Seren,13.24,9.307,white,8/1/22,1,5/24/22,X9_21,X9,X,X9_21_1,1,o,5.657079646,4.53800885,0.744469027,0.023716814,6.095631501,37.47217806
314,8/9/22,29,0,0,0,0.635730769,1.5935,0.165115385,0.272461538,0.161,X9_21_2_i,0.26,Seren,13.35,9.461,white,8/1/22,NA,,X9_21,X9,X,X9_21_2,2,i,2.827807692,2.229230769,0.433461538,0,5.142857143,39.234375
315,8/9/22,30,0,0,0,0.458861789,1.144918699,0.157317073,0.253455285,0.061178862,X9_21_2_o,0.246,Seren,13.71,8.894,white,8/1/22,1,5/24/22,X9_21,X9,X,X9_21_2,2,o,2.075731707,1.603780488,0.314634146,0,5.097286822,28.75739645
316,8/9/22,31,0.48105042,0.238277311,0.166344538,5.183655462,22.7307563,1.213865546,1.807310924,0.791260504,X4_67_3_o,0.238,Seren,14.74,9.921,white,8/1/22,1,5/24/22,X4_67,X4,X,X4_67_3,3,o,32.61252101,27.91441176,2.598571429,0.719327731,10.74221453,38.13863928
317,8/9/22,32,0.022970711,0,0,1.268368201,3.575313808,0.363054393,0.569832636,0.248158996,C64_3_3_o,0.239,Seren,13.5,9.038,orange,8/1/22,3,5/26/22,C64,C64,C,C64_3_3,3,o,6.047698745,4.843682008,0.817991632,0.022970711,5.921432225,35.42691751
318,8/9/22,33,0,0,0,1.089836735,3.309102041,0.355959184,0.575673469,0.136244898,C64_3_2_o,0.245,Seren,12.55,8.826,orange,8/1/22,3,5/26/22,C64,C64,C,C64_3_2,2,o,5.466816327,4.398938776,0.711918367,0,6.178993235,37.51677852
319,8/9/22,34,0,0,0,2.340386266,6.349141631,0.587467811,0.883519313,0.427682403,C64_3_2_i,0.233,Seren,14.22,9.752,orange,8/1/22,3,5/26/22,C64,C64,C,C64_3_2,2,i,10.58819742,8.689527897,1.311201717,0,6.627148048,41.44167759
320,8/9/22,35,0.291030043,0.181287554,0.047725322,5.629914163,14.78085837,0.777682403,1.154592275,0.229012876,C14_2_1_i,0.233,Seren,12.94,9.651,white,8/1/22,2,5/25/22,C14,C14,C,C14_2_1,1,i,23.092103,20.41077253,1.38360515,0.472317597,14.75187667,45.0918197
321,8/9/22,36,0.078406375,0.060996016,0,5.723665339,14.48338645,0.675179283,1.088964143,0.200358566,A01_3_3_o,0.251,Seren,13.28,8.894,orange,8/1/22,3,5/26/22,A01,A01,A,A01_3_3,3,o,22.31095618,20.20705179,1.289322709,0.13940239,15.67260985,34.43946188
322,8/9/22,37,0.1356,0.095422222,0,7.709111111,21.26408889,0.904,1.391155556,0.3616,X9_35_1_o,0.225,Seren,13.03,9.029,orange,8/1/22,3,5/26/22,X9_35,X9,X,X9_35_1,1,o,31.86097778,28.9732,1.752755556,0.231022222,16.53008596,37.87267081
323,8/9/22,38,6.469053498,4.23127572,2.13744856,7.742798354,43.27679012,1.04691358,1.57037037,0.300987654,X4_46_2_i,0.243,Seren,14.3,9.659,orange,8/1/22,3,5/26/22,X4_46,X4,X,X4_46_2,2,i,66.77563786,51.01958848,1.871358025,10.70032922,27.26340326,39.80544747
324,8/9/22,39,0.375409091,0.227227273,0.153136364,3.778636364,10.78763636,1.575681818,2.351136364,0,C17_3_3_i,0.22,Seren,9.61,7.913,orange,8/1/22,3,5/26/22,C17,C17,C,C17_3_3,3,i,19.24886364,14.56627273,2.351136364,0.602636364,6.195418076,43.80794702
325,8/9/22,40,0.048596491,0.029166667,0,2.49377193,6.134736842,0.617368421,1.00627193,0.452105263,C64_3_3_i,0.228,Seren,15.12,10.146,orange,8/1/22,3,5/26/22,C64,C64,C,C64_3_3,3,i,10.78201754,8.628508772,1.458377193,0.077763158,5.916513789,41.68815944
326,8/9/22,41,1.004884793,0.741843318,0.336728111,14.97317972,36.17032258,1.841382488,2.157050691,0.41562212,X9_35_1_i,0.217,Seren,13.75,9.827,orange,8/1/22,3,5/26/22,X9_35,X9,X,X9_35_1,1,i,57.64101382,51.1435023,2.572672811,1.746728111,19.87952066,45.20949721
327,8/9/22,42,0.375585586,0.275405405,0,12.57887387,30.27540541,1.667522523,1.947927928,1.081621622,X9_35_3_i,0.222,Seren,14.05,9.995,orange,8/1/22,3,5/26/22,X9_35,X9,X,X9_35_3,3,i,48.20234234,42.85427928,3.02954955,0.650990991,14.1454294,45.64343164
328,8/9/22,43,0.611548117,0.344016736,0.301548117,4.28083682,23.05196653,1.206108787,1.38874477,2.764728033,C17_1_1_o,0.239,Seren,15.46,10.37,white,8/1/22,1,5/24/22,C17,C17,C,C17_1_1,1,o,33.94949791,27.33280335,4.153472803,0.955564854,6.580710803,40.1880141
329,8/9/22,44,0.023880597,0,0,0.286567164,0.752238806,0.031828358,0,0,X12_63_3_i,0.268,Seren,14.43,10.023,white,6/29/22,2,5/25/22,X12_63,X12,X,X12_63_3,3,i,1.094514925,1.03880597,0,0.023880597,Inf,41.0828877
330,8/9/22,45,0.63398374,0.343780488,0.245569106,6.746260163,27.88247967,1.156382114,1.785894309,0.799186992,X4_67_1_o,0.246,Seren,16.3,10.561,white,8/1/22,1,5/24/22,X4_67,X4,X,X4_67_1,1,o,39.59353659,34.62873984,2.585081301,0.977764228,13.39560958,38.62032086
331,8/9/22,72,1.065241935,0.409395161,0,0.338951613,0.968427419,0.10125,0.167258065,0,A27_1_3_o,0.248,Seren,14.41,9.652,white,8/3/22,1,5/24/22,A27,A27,A,A27_1_3,3,o,3.050524194,1.307379032,0.167258065,1.474637097,7.816538091,36.21983914
332,8/9/22,73,1.321641791,0.92761194,0.467910448,5.967910448,22.34067164,0.537686567,0.878358209,0,A03_2_3_o,0.268,Seren,13.56,9.299,white,8/3/22,2,5/25/22,A03,A03,A,A03_2_3,3,o,32.44179104,28.30858209,0.878358209,2.249253731,32.22897196,35.53706505
333,8/9/22,74,0,0,0,0.490655738,1.275655738,0.28545082,0.463893443,0.093688525,C43_1_1_o,0.244,Seren,12.96,8.931,white,8/3/22,1,5/24/22,C43,C43,C,C43_1_1,1,o,2.609344262,1.766311475,0.557581967,0,3.167805954,32.96173045
334,8/9/22,75,0.119642857,0,0,4.976269841,11.78261905,0.917261905,1.373690476,0,X2_45_3_o,0.252,Seren,14.25,9.858,white,8/3/22,1,5/24/22,X2_45,X2,X,X2_45_3,3,o,19.16948413,16.75888889,1.373690476,0.119642857,12.19990178,39.83561644
335,8/10/22,47,0.470871429,0.2697,0.059442857,4.539428571,10.61944286,0.534857143,0.662871429,0,X11_23_3_i,0.245,Seren,14.76,10.211,orange,7/25/22,3,5/26/22,X11_23,X11,X,X11_23_3,3,i,17.15661429,15.15887143,0.662871429,0.740571429,24.01191892,44.32068543
336,8/10/22,48,0.33000625,0.12656875,0,0.38425625,1.02169375,0.11755625,0.17180625,0,A27_3_2_o,0.24,Seren,14.09,9,orange,7/25/22,3,5/26/22,A27,A27,A,A27_3_2,2,o,2.1518875,1.40595,0.17180625,0.456575,8.592513369,32.13333333
337,8/10/22,49,0,0,0,0.276011321,0.785558491,0,0,0.046715094,X12_41_2_o,0.265,Seren,12.82,8.764,orange,7/25/22,3,5/26/22,X12_41,X12,X,X12_41_2,2,o,1.108284906,1.061569811,0.046715094,0,23.8605598,34.89566613
338,8/10/22,50,0,0,0,0.380109813,0.906778037,0.081448598,0.114028037,0.092292056,C43_3_1_o,0.214,Seren,11.99,8.214,orange,7/25/22,3,5/26/22,C43,C43,C,C43_3_1,1,o,1.574656542,1.28688785,0.206320093,0,6.549203329,30.07407407
339,8/10/22,51,0.663251029,0.387283951,0.044526749,3.957201646,9.6281893,0.689958848,0.916954733,0,X11_23_2_i,0.243,Seren,13.71,9.781,orange,,3,5/26/22,X11_23,X11,X,X11_23_2,2,i,16.28736626,13.58539095,0.916954733,1.050534979,14.81577058,44.81741573
340,8/10/22,52,0.050772152,0,0,4.130398734,10.74827848,1.467563291,1.905993671,0,X4_32_2_o,0.237,Seren,12.57,7.788,orange,7/25/22,3,5/26/22,X4_32,X4,X,X4_32_2,2,o,18.30300633,14.87867722,1.905993671,0.050772152,8.19657028,20.03344482
341,8/10/22,53,7.195311475,4.487860656,4.303680328,9.436172131,77.34345902,0.963877049,1.387491803,0,X8_41.5_1_i,0.183,Seren,14.23,9.713,orange,7/25/22,3,5/26/22,X8_41.5,X8,X,X8_41.5_1,1,i,105.1178525,86.77963115,1.387491803,11.68317213,65.67146018,40.87696335
342,8/10/22,54,2.905530738,2.139461066,0.811383197,6.042190574,22.29679303,0.530336066,0.598327869,0,A04_3_1_i,0.244,Seren,14.22,9.31,orange,7/25/22,3,5/26/22,A04,A04,A,A04_3_1,1,i,35.32402254,28.33898361,0.598327869,5.044991803,49.73181818,35.64875491
343,8/10/22,55,0.332914122,0.192085878,0.042681298,0.53353626,1.357265267,0.123795802,0.17926145,0,A27_3_1_o,0.262,Seren,12.9,9.01,orange,7/25/22,3,5/26/22,A27,A27,A,A27_3_1,1,o,2.761540076,1.890801527,0.17926145,0.525,11.07511737,38.3518225
344,8/10/22,56,0.041702429,0,0,0.356787449,0.889651822,0.055603239,0,0.046336032,X12_41_2_i,0.247,Seren,14.03,10.077,orange,7/25/22,3,5/26/22,X12_41,X12,X,X12_41_2,2,i,1.390080972,1.246439271,0.046336032,0.041702429,28.245,46.86827957
345,8/10/22,57,4.897,3.136818182,3.013909091,9.735,68.9415,1.243909091,1.450409091,0.408090909,X8_41.5_3_i,0.231,Seren,15.16,9.923,orange,7/25/22,3,5/26/22,X8_41.5,X8,X,X8_41.5_3,3,i,92.82663636,78.6765,1.8585,8.033818182,44.45,38.89148191
346,8/10/22,58,0.115317391,0.060169565,0.055147826,3.279241304,8.714543478,0.581654348,0.882502174,0.110295652,X11_23_3_o,0.23,Seren,12.83,8.713,orange,7/25/22,3,5/26/22,X11_23,X11,X,X11_23_3,3,o,13.79887174,11.99378478,0.992797826,0.175486957,12.68483239,34.0224359
347,8/10/22,59,0.088453125,0.13528125,0.08325,4.084453125,9.662203125,0.1040625,0,0.150890625,X11_23_2_o,0.224,Seren,12.99,9.066,orange,7/25/22,3,5/26/22,X11_23,X11,X,X11_23_2,2,o,14.30859375,13.74665625,0.150890625,0.223734375,95.65862069,38.6875
348,8/10/22,60,0,0,0,0.623469512,1.484853659,0.166591463,0.252256098,0,C43_3_3_i,0.246,Seren,13.14,9.284,orange,7/25/22,3,5/26/22,C43,C43,C,C43_3_3,3,i,2.527170732,2.108323171,0.252256098,0,8.775761421,41.12977099
349,8/10/22,61,0.871211009,0.497834862,0.316348624,7.353419725,18.02060092,1.234231651,1.778738532,0,X2_58_2_i,0.218,Seren,13.56,9.652,orange,7/25/22,3,5/26/22,X2_58,X2,X,X2_58_2,2,i,30.07238532,25.37402064,1.778738532,1.369045872,14.97843623,43.93113343
350,8/10/22,62,2.093130841,1.330065421,1.489037383,10.3278785,54.1405514,1.499635514,1.753990654,0,X8_41.5_2_o,0.214,Seren,13.59,9.327,orange,7/25/22,3,5/26/22,X8_41.5,X8,X,X8_41.5_2,2,o,72.63428972,64.46842991,1.753990654,3.423196262,38.59305136,39.1
351,8/10/22,63,0,0,0,0.323806452,1.018288306,0.075066532,0.098564516,0,X12_41_3_o,0.248,Seren,14.11,8.79,orange,7/25/22,3,5/26/22,X12_41,X12,X,X12_41_3,3,o,1.515725806,1.342094758,0.098564516,0,14.29722938,29.25531915
352,8/10/22,64,0,0,0,0.461029412,1.252058824,0,0,0,X12_41_3_i,0.238,Seren,13.67,9.439,orange,7/25/22,3,5/26/22,X12_41,X12,X,X12_41_3,3,i,1.713088235,1.713088235,0,0,Inf,40.24011299
353,8/10/22,65,4.195506356,2.313247881,0.113942797,0.738069915,1.892180085,0.178322034,0.247684322,0,A27_3_1_i,0.236,Seren,14.28,9.623,orange,7/25/22,3,5/26/22,A27,A27,A,A27_3_1,1,i,9.67895339,2.63025,0.247684322,6.508754237,11.15033232,39.44083225
354,8/10/22,66,1.329486486,0.802216216,1.0095,9.468689189,47.53277027,1.027540541,1.572851351,0,X8_41.5_1_o,0.259,Seren,13.49,9.407,orange,7/25/22,3,5/26/22,X8_41.5,X8,X,X8_41.5_1,1,o,62.74305405,57.00145946,1.572851351,2.131702703,38.05288553,40.82608696
355,8/10/22,67,9.088809013,5.693478541,4.798725322,7.925652361,81.72866524,0.659291845,0.861811159,0,X8_41.5_2_i,0.233,Seren,13.13,8.993,orange,7/25/22,3,5/26/22,X8_41.5,X8,X,X8_41.5_2,2,i,110.7564335,89.6543176,0.861811159,14.78228755,109.2316252,36.74311927
356,8/10/22,68,1.179529046,0.670649378,0.418562241,8.470842324,22.5968278,1.488690871,2.059437759,0,X2_58_1_i,0.241,Seren,13.02,9.504,orange,7/25/22,3,5/26/22,X2_58,X2,X,X2_58_1,1,i,36.88453942,31.06767012,2.059437759,1.850178423,15.83978612,45.31881804
357,8/10/22,69,0.235621622,0.080027027,0,0.489040541,1.382675676,0.18672973,0.284554054,0,A27_3_3_o,0.259,Seren,13.36,8.76,orange,7/25/22,3,5/26/22,A27,A27,A,A27_3_3,3,o,2.658648649,1.871716216,0.284554054,0.315648649,6.906603505,32.05317578
358,8/10/22,70,0,0,0,0.46887931,1.08137931,0.139396552,0.194310345,0.076034483,C43_3_3_o,0.261,Seren,13.18,8.727,orange,7/25/22,3,5/26/22,C43,C43,C,C43_3_3,3,o,1.96,1.550258621,0.270344828,0,6.02109375,32.42792109
359,8/10/22,71,0.040535857,0,0,0.41435259,1.022390438,0.094583665,0.144113546,0.067559761,X12_41_1_i,0.251,Seren,14.43,10.067,orange,7/25/22,3,5/26/22,X12_41,X12,X,X12_41_1,1,i,1.783535857,1.436743028,0.211673307,0.040535857,7.126926877,44.3494898
360,8/10/22,72,1.156460905,0.540288066,0.241111111,5.456255144,13.74333333,0.821563786,1.254691358,0,X10_30_2_i,0.243,Seren,14.73,10.127,orange,7/14/22,3,5/26/22,X10_30,X10,X,X10_30_2,2,i,23.2137037,19.19958848,1.254691358,1.696748971,15.30224015,43.45208845
361,8/10/22,73,0.874439834,0,0.44879668,6.976846473,34.6020332,1.295435685,1.59153527,2.452074689,X5_36_3_o,0.241,Seren,13.33,9.234,orange,7/14/22,4,5/27/22,X5_36,X5,X,X5_36_3,3,o,48.24116183,41.57887967,4.043609959,0.874439834,10.28261383,39.22848665
362,8/10/22,74,2.97,2.128235294,1.195147059,9.902647059,32.77720588,1.115735294,1.592205882,0,A03_3_1_i,0.272,Seren,12.51,8.84,orange,7/14/22,3,5/26/22,A03,A03,A,A03_3_1,1,i,51.68117647,42.67985294,1.592205882,5.098235294,26.80548628,38.00675676
363,8/10/22,75,0.242894737,0.115263158,0,3.655488722,14.99244361,1.148533835,1.486090226,0,X10_30_3_o,0.266,Seren,13.04,8.819,orange,7/14/22,3,5/26/22,X10_30,X10,X,X10_30_3,3,o,21.64071429,18.64793233,1.486090226,0.358157895,12.54831773,34.55813953
364,8/10/22,76,0.642612245,0.422530612,0.242081633,6.509632653,16.2762449,0.655795918,0.889061224,0,A01_3_1_i,0.245,Seren,10.68,7.962,orange,7/14/22,3,5/26/22,A01,A01,A,A01_3_1,1,i,25.63795918,22.78587755,0.889061224,1.065142857,25.62914333,33.54523227
365,8/10/22,77,0.032334802,0,0,0.568061674,1.367004405,0.124713656,0.189339207,0.083127753,C43_3_1_i,0.227,Seren,13.7,9.52,orange,7/14/22,3,5/26/22,C43,C43,C,C43_3_1,1,i,2.364581498,1.935066079,0.27246696,0.032334802,7.102021019,41.20956399
366,8/10/22,78,0.460986547,0.223497758,0.107085202,4.721390135,13.5635426,1.652959641,2.281524664,0,A04_3_1_o,0.223,Seren,12.32,8.206,orange,7/14/22,3,5/26/22,A04,A04,A,A04_3_1,1,o,23.01098655,18.28493274,2.281524664,0.684484305,8.014348048,28.20244328
367,8/10/22,79,0.56093617,0.360255319,0.278170213,7.323829787,18.52842553,0.61106383,0.820851064,0,A01_3_3_i,0.235,Seren,12.11,9.044,orange,7/14/22,3,5/26/22,A01,A01,A,A01_3_3,3,i,28.48353191,25.85225532,0.820851064,0.921191489,31.49445308,44.45652174
368,8/10/22,80,1.281822222,0.869288889,0.697377778,11.27102222,32.42315556,0.780888889,1.075555556,0,A01_3_2_i,0.225,Seren,12.27,8.933,orange,7/14/22,3,5/26/22,A01,A01,A,A01_3_2,2,i,48.39911111,43.69417778,1.075555556,2.151111111,40.62475207,41.25
369,8/10/22,81,0.32512,0.145,0.07908,3.84856,13.90492,0.88308,1.26968,0,X10_30_2_o,0.25,Seren,12.77,8.913,orange,7/14/22,3,5/26/22,X10_30,X10,X,X10_30_2,2,o,20.45544,17.75348,1.26968,0.47012,13.9826413,37.58899676
370,8/17/22,12,0.323347107,0.258677686,0.202644628,4.988181818,18.68082645,0.487190083,0.681198347,0,A03_3_2_o,0.242,Seren,13.13,8.855,orange,7/14/22,3,5/26/22,A03,A03,A,A03_3_2,2,o,25.62206612,23.66900826,0.681198347,0.582024793,34.74613285,34.63302752
371,8/17/22,13,0.362517986,0.247841727,0.162769784,5.345107914,16.78255396,1.028345324,1.572086331,0,A04_3_3_o,0.278,Seren,11.62,8.292,orange,7/14/22,3,5/26/22,A04,A04,A,A04_3_3,3,o,25.50122302,22.12766187,1.572086331,0.610359712,14.07534779,33.83697813
372,8/17/22,14,0.864104803,0.470873362,0.412620087,12.3060262,30.68004367,1.412663755,1.62139738,2.85441048,X9_41_2_i,0.229,Seren,13.15,9.32,orange,7/14/22,3,5/26/22,X9_41,X9,X,X9_41_2,2,i,50.62213974,42.98606987,4.47580786,1.334978166,9.604091867,41.61585366
373,8/17/22,15,0.781195219,0.354621514,0.164462151,6.563067729,20.86613546,1.598366534,1.988964143,0.210717131,X10_30_3_i,0.251,Seren,14.01,9.795,orange,7/14/22,3,5/26/22,X10_30,X10,X,X10_30_3,3,i,32.52752988,27.42920319,2.199681275,1.135816733,12.46962617,43.19407008
374,8/17/22,16,0.141372549,0.075411765,0.042431373,11.7574902,29.79192157,1.352470588,1.903803922,0.480666667,C14_3_3_o,0.255,Seren,11.75,8.645,orange,7/14/22,3,5/26/22,C14,C14,C,C14_3_3,3,o,45.54556863,41.54941176,2.384470588,0.216784314,17.42500493,39.8255814
375,8/17/22,17,1.033577982,0.51440367,0.276238532,8.058990826,20.29036697,0.962110092,1.505091743,0.31912844,X10_30_1_i,0.218,Seren,14.21,10.024,orange,7/14/22,3,5/26/22,X10_30,X10,X,X10_30_1,1,i,32.95990826,28.3493578,1.824220183,1.547981651,15.5405351,45.0656168
376,8/17/22,18,3.088333333,2.479188034,1.87,21.75529915,69.84166667,2.318632479,2.875854701,2.753076923,X3_44_3_i,0.234,Seren,13.88,9.422,orange,7/14/22,3,5/26/22,X3_44,X3,X,X3_44_3,3,i,106.9820513,91.59696581,5.628931624,5.567521368,16.27253126,38.84773663
377,8/17/22,19,2.37188,1.84528,0.93716,8.7246,32.1408,0.65516,0.95788,0,A03_3_3_i,0.25,Seren,15.87,10.336,orange,7/14/22,3,5/26/22,A03,A03,A,A03_3_3,3,i,47.63276,40.8654,0.95788,4.21716,42.66233766,40.36637931
378,8/17/22,20,0.043621399,0.030534979,0,0.53218107,1.539835391,0.200658436,0.274814815,0.056707819,C43_3_2_o,0.243,Seren,12.16,8.563,orange,7/14/22,3,5/26/22,C43,C43,C,C43_3_2,2,o,2.678353909,2.072016461,0.331522634,0.074156379,6.25,35.42190305
379,8/17/22,21,0.321863118,0.178821293,0.139087452,6.05148289,18.81794677,0.727148289,1.112547529,0.190722433,X3_44_2_o,0.263,Seren,14.42,9.563,orange,7/14/22,3,5/26/22,X3_44,X3,X,X3_44_2,2,o,27.53961977,24.86942966,1.303269962,0.500684411,19.08233166,37.96934866
380,8/17/22,22,0.217894737,0.121538462,0,5.79097166,14.82522267,0.972145749,1.428906883,0,C14_3_1_i,0.247,Seren,12.77,8.848,orange,7/14/22,3,5/26/22,C14,C14,C,C14_3_1,1,i,23.35668016,20.61619433,1.428906883,0.339433198,14.42794809,36.53721683
381,8/17/22,23,2.108284519,0.920083682,0.055481172,0.619539749,1.419414226,0.134100418,0.198828452,0,A27_3_3_i,0.239,Seren,14.67,9.837,orange,7/14/22,3,5/26/22,A27,A27,A,A27_3_3,3,i,5.455732218,2.038953975,0.198828452,3.028368201,10.25484007,40.18564356
382,8/17/22,24,0.37907234,0.178991489,0.063178723,4.664680851,16.37910638,1.042448936,1.65846383,0.968725532,X4_33_3_o,0.235,Seren,13.4,9.211,white,7/25/22,2,5/25/22,X4_33,X4,X,X4_33_3,3,o,25.33466809,21.04378723,2.627189362,0.55806383,8.410500179,35.05426357
383,8/17/22,25,0.232438889,0.109861111,0.067627778,7.619344444,21.27755,1.238183333,1.534011111,1.208627778,X11_68_2_o,0.27,Seren,12.86,9.474,white,7/25/22,2,5/25/22,X11_68,X11,X,X11_68_2,2,o,33.28764444,28.89689444,2.742638889,0.3423,11.0629727,42.7072758
384,8/17/22,26,0.045997462,0,0,4.509510152,10.55719036,0.512741117,0.821718274,0.249814721,X9_51_2_o,0.197,Seren,14.28,9.376,white,7/25/22,2,5/25/22,X9_51,X9,X,X9_51_2,2,o,16.69697208,15.06670051,1.071532995,0.045997462,14.76392758,33.09686221
385,8/17/22,27,0.36132618,0.183366953,0.059304721,6.935002146,18.79896567,1.197180258,1.536920601,1.003042918,X11_68_1_o,0.233,Seren,13.69,9.839,white,7/25/22,2,5/25/22,X11_68,X11,X,X11_68_1,1,o,30.07510944,25.73396781,2.539963519,0.544693133,10.63821035,42.86350148
386,8/17/22,28,0.324923529,0.209505882,0.085523529,6.370494118,14.87442353,0.816611765,1.004747059,0.222311765,X9_51_2_i,0.255,Seren,15.87,10.725,white,7/25/22,2,5/25/22,X9_51,X9,X,X9_51_2,2,i,23.90854118,21.24491765,1.227058824,0.534429412,18.17937584,42.3206278
387,8/17/22,29,0.687916667,0.538,0.260166667,5.498916667,20.19654167,0.458625,0.701166667,0,A03_2_1_o,0.252,Seren,12.73,8.919,white,7/25/22,2,5/25/22,A03,A03,A,A03_2_1,1,o,28.34133333,25.69545833,0.701166667,1.225916667,38.47905574,34.06574394
388,8/17/22,30,0.627123288,0.334465753,0.235171233,9.213486301,23.50667123,1.045205479,1.353541096,0.355369863,X9_51_3_o,0.219,Seren,14.47,9.946,white,7/25/22,2,5/25/22,X9_51,X9,X,X9_51_3,3,o,36.67103425,32.72015753,1.708910959,0.961589041,20.10412844,39.84042553
389,8/17/22,31,0.35459542,0.246870229,0.11221374,7.482412214,18.90128244,1.090717557,1.566503817,0.219938931,X3_60_1_o,0.262,Seren,13.47,9.507,white,7/25/22,2,5/25/22,X3_60,X3,X,X3_60_1,1,o,29.97453435,26.38369466,1.786442748,0.601465649,15.50728643,39.21779141
390,8/17/22,32,1.892,1.039136364,0.656818182,14.59672727,35.65363636,1.642,1.852772727,0.446045455,X9_51_3_i,0.231,Seren,15.01,10.321,white,7/25/22,2,5/25/22,X9_51,X9,X,X9_51_3,3,i,57.77913636,50.25036364,2.298818182,2.931136364,22.95217701,41.82382134
391,8/17/22,33,0.41647166,0.279248988,0,12.22480567,28.19798381,1.187945344,1.49082996,0.539538462,X9_51_1_i,0.247,Seren,12.84,9.51,white,7/25/22,2,5/25/22,X9_51,X9,X,X9_51_1,1,i,44.33682389,40.42278947,2.030368421,0.695720648,20.90454545,43.46349745
392,8/17/22,34,0.061099138,0.025480603,0,8.864489224,22.52014655,0.819769397,1.089601293,0.616105603,X9_51_1_o,0.232,Seren,12.93,9.216,white,7/25/22,2,5/25/22,X9_51,X9,X,X9_51_1,1,o,33.99669181,31.38463578,1.705706897,0.086579741,19.31977155,37.89297659
393,8/17/22,35,3.657891892,2.144148649,0.102121622,8.909472973,19.67006757,1.451635135,2.153027027,0.421743243,X6_53_1_i,0.259,Seren,14.74,10.024,white,7/25/22,2,5/25/22,X6_53,X6,X,X6_53_1,1,i,38.51010811,28.57954054,2.57477027,5.802040541,11.65483302,39.46084724
394,8/17/22,36,0.129708333,0.076041667,0.044708333,4.239666667,12.817375,0.818416667,1.24775,0,X3_60_2_o,0.252,Seren,13.15,9.205,white,7/25/22,2,5/25/22,X3_60,X3,X,X3_60_2,2,o,19.37366667,17.05704167,1.24775,0.20575,14.35375175,36.37096774
395,8/17/22,37,0.87992278,0.846718147,0.323745174,10.30173745,23.01911197,0.323745174,0.332046332,0.228301158,X3_60_1_i,0.259,Seren,13.99,9.569,white,,2,5/25/22,X3_60,X3,X,X3_60_1,1,i,36.25532819,33.32084942,0.56034749,1.726640927,59.46461793,37.20170455
396,8/17/22,38,0.475523346,0.290854086,0.175435798,9.039560311,23.56379767,1.038764591,1.731274319,0,X3_60_2_i,0.257,Seren,14.1,9.918,white,7/25/22,2,5/25/22,X3_60,X3,X,X3_60_2,2,i,36.31521012,32.60335798,1.731274319,0.766377432,19.7736,41.51048951
397,8/17/22,39,0.738558577,0.396188285,0.210307531,8.466690377,22.85173431,1.095646444,1.7168159,0,X3_60_3_i,0.239,Seren,14.04,9.904,white,7/25/22,2,5/25/22,X3_60,X3,X,X3_60_3,3,i,35.47594142,31.31842469,1.7168159,1.134746862,19.15426455,41.66431594
398,8/17/22,40,0.132984581,0.154262115,0.138303965,4.452323789,17.72950441,0.27660793,0.324482379,0,X3_60_3_o,0.227,Seren,12.53,9.091,white,7/25/22,2,5/25/22,X3_60,X3,X,X3_60_3,3,o,23.20846916,22.18182819,0.324482379,0.287246696,71.77868852,38.36917563
399,8/17/22,41,0.536643145,0.253947581,0.114991935,8.710639113,23.62605847,1.36072379,1.585923387,0.886403226,X11_68_3_o,0.248,Seren,13.75,9.769,white,7/25/22,2,5/25/22,X11_68,X11,X,X11_68_3,3,o,37.07533065,32.33669758,2.472326613,0.790590726,13.73343323,41.45588235
400,8/17/22,42,1.16014786,0.926247082,0.336817121,12.54643774,29.50892218,0.757838521,0.715756809,0.715756809,X11_68_2_i,0.257,Seren,11.56,9.161,white,7/25/22,2,5/25/22,X11_68,X11,X,X11_68_2,2,i,46.66792412,42.05535992,1.431513619,2.086394942,30.8471588,47.96095445
401,8/17/22,43,1.493241107,0.942094862,0.226102767,4.484371542,9.684735178,0.240254941,0.127203557,0.428673913,X4_33_2_i,0.253,Seren,12.75,9.082,white,7/25/22,2,5/25/22,X4_33,X4,X,X4_33_2,2,i,17.62667787,14.16910672,0.55587747,2.435335968,26.76410333,36.75862069
402,8/17/22,44,1.761617647,0.892941176,0.228088235,9.9825,23.30867647,1.135588235,1.247205882,0.417352941,X11_68_3_i,0.238,Seren,14.05,10.011,white,7/25/22,2,5/25/22,X11_68,X11,X,X11_68_3,3,i,38.97397059,33.29117647,1.664558824,2.654558824,21,43.11267606
403,8/17/22,45,0.256277778,0.113901235,0.047444444,3.758740741,12.41048148,0.787802469,1.072555556,0.863765432,X4_33_1_o,0.243,Seren,13.27,9.364,white,7/25/22,2,5/25/22,X4_33,X4,X,X4_33_1,1,o,19.31096914,16.16922222,1.936320988,0.370179012,8.768010801,38.19620253
404,8/17/22,46,1.11725,0.881083333,0.46325,7.507375,26.04645833,0.7085,1.040041667,0,A03_2_2_i,0.252,Seren,16.01,10.793,white,7/25/22,2,5/25/22,A03,A03,A,A03_2_2,2,i,37.76395833,33.55383333,1.040041667,1.998333333,33.87510917,42.41721854
405,8/17/22,47,1.420081967,0.691106557,0.146741803,10.35239754,24.3260041,1.30647541,1.623627049,0.530163934,X11_68_1_i,0.244,Seren,14.5,10.445,white,7/25/22,2,5/25/22,X11_68,X11,X,X11_68_1,1,i,40.39659836,34.67840164,2.153790984,2.111188525,16.90615385,46.29139073
406,8/17/22,48,1.399973978,0.598109665,0.137358736,5.976490706,16.29463383,1.905027881,2.303754647,0.677855019,X4_33_3_i,0.269,Seren,12.73,9.402,white,7/25/22,2,5/25/22,X4_33,X4,X,X4_33_3,3,i,29.29320446,22.27112454,2.981609665,1.998083643,7.84297188,42.42214533
407,8/17/22,49,1.10645283,0.68690566,0.448339623,4.676716981,30.99301887,1.456075472,2.110075472,0,A04_2_3_o,0.265,Seren,13.37,9.677,white,7/27/22,2,5/25/22,A04,A04,A,A04_2_3,3,o,41.47758491,35.66973585,2.110075472,1.793358491,16.90448343,42.47663551
408,8/17/22,50,0.05304,0,0,0.47736,1.43208,0.32268,0.442,0.1282,C65_1_3_o,0.25,Seren,13.34,9.865,white,7/20/22,1,5/24/22,C65,C65,C,C65_1_3,3,o,2.85536,1.90944,0.5702,0.05304,3.348719747,45.61815336
409,8/17/22,51,0.336417323,0.123503937,0.106456693,8.972716535,23.74129921,1.601220472,2.248503937,0.281062992,A01_2_2_o,0.254,Seren,12.22,8.979,white,7/20/22,2,5/25/22,A01,A01,A,A01_2_2,2,o,37.4111811,32.71401575,2.529566929,0.45992126,12.93265474,38.50094877
410,8/17/22,52,0.474023438,0.165273438,0.108710938,7.615039063,20.08347656,1.665664063,2.461523438,0.300078125,A01_2_1_o,0.256,Seren,13.13,10.151,white,7/20/22,2,5/25/22,A01,A01,A,A01_2_1,1,o,32.87378906,27.69851563,2.761601563,0.639296875,10.02987397,51.7961165
411,8/17/22,53,0.19526749,0.079876543,0.057695473,4.730452675,12.92226337,0.980699588,1.384526749,0,A01_1_1_o,0.243,Seren,10.85,7.672,white,7/20/22,1,5/24/22,A01,A01,A,A01_1_1,1,o,20.35078189,17.65271605,1.384526749,0.275144033,12.75,18.51282051
412,8/17/22,54,0.750117188,0.2428125,0.15609375,9.1575,24.55441406,1.651992188,2.415117188,0,A01_2_3_o,0.256,Seren,15.14,13.963,white,7/20/22,2,5/25/22,A01,A01,A,A01_2_3,3,o,38.92804688,33.71191406,2.415117188,0.992929688,13.95870736,85.62881563
413,8/17/22,83,0,0,0,0.36652,1.011989999,0.07966,0,0,X12_41_1_o,0.142857143,Seren,13.74,9.374,orange,7/14/22,3,5/26/22,X12_41,X12,X,X12_41_1,1,o,1.458169999,1.378509999,0,0,Inf,38.93706294
414,8/17/22,84,0.023866171,0,0,0.36197026,0.906914498,0.167063197,0.234684015,0.067620818,C43_3_2_i,0.269,Seren,13.81,9.61,orange,7/14/22,3,5/26/22,C43,C43,C,C43_3_2,2,i,1.762118959,1.268884758,0.302304833,0.023866171,4.197368421,41.82825485
415,8/17/22,85,0.580645161,0.326895161,0.283870968,14.75697581,40.4,2.769879032,3.363427419,1.217217742,X6_65_3_o,0.248,Seren,13.11,9.257,orange,7/14/22,4,5/27/22,X6_65,X6,X,X6_65_3,3,o,63.69891129,55.15697581,4.580645161,0.907540323,12.04131162,40.90490798
416,7/28/22,S1,0.632562442,0.41466235,0.111008326,8.29093432,18.79047179,0.699213691,0.872062905,0.333024977,X1_54_std,0.2162,Jiho,NA,NA,NA,NA,NA,NA,X1_54,X1,X,X1_54_std,X1_54_std,,30.1439408,27.08140611,1.205087882,1.047224792,22.472557,NA
417,7/28/22,S2,0.598526786,0.417455357,0.082991071,8.160803571,17.51866071,0.685267857,0.8125,0.306830357,X1_54_std,0.224,Seren,NA,NA,NA,NA,NA,NA,X1_54,X1,X,X1_54_std,X1_54_std,,28.58303571,25.67946429,1.119330357,1.015982143,22.94180992,NA
418,8/1/22,S4,0.549686586,0.386251567,0.075929795,7.125867112,14.86272461,0.623359799,0.772377768,0.298788132,X1_54_std,0.2393,Seren,NA,NA,NA,NA,NA,NA,X1_54,X1,X,X1_54_std,X1_54_std,,24.69498537,21.98859173,1.071165901,0.935938153,20.52771818,NA
419,8/1/22,S3,0.510939759,0.368096386,0.089156627,8.390361446,17.43291566,0.796626506,0.901012048,0.33653012,X1_54_std,0.2075,Jiho,NA,NA,NA,NA,NA,NA,X1_54,X1,X,X1_54_std,X1_54_std,,28.82563855,25.82327711,1.237542169,0.879036145,20.86658359,NA
420,8/2/22,S6,0.423076923,0.278663968,0.094453441,7.472348178,16.61672065,0.736842105,0.897449393,0.344817814,X1_54_std,0.247,Seren,NA,NA,NA,NA,NA,NA,X1_54,X1,X,X1_54_std,X1_54_std,,26.86437247,24.08906883,1.242267206,0.701740891,19.39121366,NA
421,8/2/22,S5,0.498493151,0.316575342,0.084474886,7.593607306,17.81082192,0.786940639,0.857671233,0.395753425,X1_54_std,0.219,Jiho,NA,NA,NA,NA,NA,NA,X1_54,X1,X,X1_54_std,X1_54_std,,28.3443379,25.40442922,1.253424658,0.815068493,20.26801457,NA
422,8/4/22,S7,0.447368421,0.314561404,0.094868421,7.518991228,16.51583333,0.743903509,1.033508772,0.349429825,X1_54_std,0.228,Seren,NA,NA,NA,NA,NA,NA,X1_54,X1,X,X1_54_std,X1_54_std,,27.01846491,24.03482456,1.382938596,0.761929825,17.37953125,NA
423,8/8/22,S8,0.551358278,0.360481804,0.093131727,8.834802665,17.1089185,0.793593029,1.054177345,0.398103537,X1_54_std,0.1951,Jiho,NA,NA,NA,NA,NA,NA,X1_54,X1,X,X1_54_std,X1_54_std,,29.19456689,25.94372117,1.452280882,0.911840082,17.86412084,NA
424,8/8/22,S9,0.442607803,0.263141684,0.059856263,6.901540041,16.53008214,0.538295688,0.610061602,0.334907598,X1_54_std,0.0974,Seren,NA,NA,NA,NA,NA,NA,X1_54,X1,X,X1_54_std,X1_54_std,,25.68049281,23.43162218,0.944969199,0.705749487,24.79617558,NA
425,8/9/22,S10,0.519330357,0.354910714,0.089196429,7.65625,16.4165625,0.7284375,1.055491071,0.324375,X1_54_std,0.224,Seren,NA,NA,NA,NA,NA,NA,X1_54,X1,X,X1_54_std,X1_54_std,,27.14455357,24.0728125,1.379866071,0.874241071,17.44576013,NA
426,8/10/22,S11,0.505663717,0.346725664,0.105929204,7.599070796,17.10030973,0.693938053,1.131681416,0.332300885,X1_54_std,0.226,Seren,NA,NA,NA,NA,NA,NA,X1_54,X1,X,X1_54_std,X1_54_std,,27.81561947,24.69938053,1.463982301,0.852389381,16.87136553,NA
427,8/17/22,S12,0.517568807,0.32646789,0.096605505,7.703348624,16.88431193,0.762614679,1.04733945,0.345733945,X1_54_std,0.218,Seren,NA,NA,NA,NA,NA,NA,X1_54,X1,X,X1_54_std,X1_54_std,,27.68399083,24.58766055,1.393073394,0.844036697,17.64993908,NA
428,8/2/22,1,0.051302521,0.023319328,0,2.518487395,6.604033613,0.47105042,0.582983193,0.582983193,C65_2_3_i,0.238,Jiho,13.42,9.52,white,6/29/22,2,5/25/22,C65,C65,C,C65_2_3,3,i,10.83415966,9.122521008,1.165966387,0.074621849,7.824,39.72179289
429,8/2/22,2,0.37958159,0.201506276,0.131213389,3.05539749,16.98276151,0.998158996,1.171548117,2.568033473,C17_1_2_o,0.239,Jiho,15.07,10.063,white,7/14/22,1,5/24/22,C17,C17,C,C17_1_2,2,o,25.48820084,20.038159,3.73958159,0.581087866,5.35839599,38.33743842
430,8/2/22,3,0.423476563,0.193710938,0.112617188,3.104101563,13.06511719,0.698320313,1.009179688,0.324375,X10_50_3_o,0.256,Jiho,14.15,9.903,white,7/14/22,2,5/25/22,X10_50,X10,X,X10_50_3,3,o,18.93089844,16.16921875,1.333554688,0.6171875,12.12490114,41.01388889
431,8/2/22,4,0.508487395,0.263823529,0.110336134,3.952647059,11.91554622,0.753109244,0.911428571,0.307016807,X10_50_2_i,0.238,Jiho,13.19,9.512,white,7/14/22,2,5/25/22,X10_50,X10,X,X10_50_2,2,i,18.72239496,15.86819328,1.218445378,0.772310924,13.02331115,41.05769231
432,8/2/22,5,2.514876033,1.465826446,0.950702479,9.32892562,50.5457438,1.419008264,1.924793388,0.585413223,X4_67_1_i,0.242,Jiho,16.89,11.128,white,8/1/22,1,5/24/22,X4_67,X4,X,X4_67_1,1,i,68.73528926,59.87466942,2.510206612,3.980702479,23.85248654,42.03219316
433,8/2/22,6,0.171106195,0.077787611,0.036283186,3.001769912,11.94995575,0.414734513,0.523628319,0.238495575,C14_2_1_o,0.226,Jiho,11.61,8.705,white,7/14/22,2,5/25/22,C14,C14,C,C14_2_1,1,o,16.41376106,14.95172566,0.762123894,0.248893805,19.61849745,37.66094421
434,8/2/22,7,0.092150943,0.050264151,0.041886792,3.514301887,9.411962264,0.531962264,0.615735849,0,A20_2_2_i,0.265,Jiho,11.14,8.864,white,7/14/22,2,5/25/22,A20,A20,A,A20_2_2,2,i,14.25826415,12.92626415,0.615735849,0.142415094,20.99319728,45.68019093
435,8/2/22,8,0.015463576,0,0,0.348178808,0.951688742,0.034834437,0,0,X12_63_2_i,0.302,Jiho,14.74,10.06,white,6/29/22,2,5/25/22,X12_63,X12,X,X12_63_2,2,i,1.350165563,1.29986755,0,0.015463576,Inf,39.92297818
436,8/2/22,9,0,0,0,0.307956989,0.923870968,0.055591398,0.068422939,0,X12_63_1_o,0.279,Jiho,13.8,9.392,white,6/29/22,2,5/25/22,X12_63,X12,X,X12_63_1,1,o,1.355842294,1.231827957,0.068422939,0,18.00314301,35.64963504
437,8/2/22,10,0.164076923,0.054692308,0,2.538653846,12.21919231,0.332730769,0.510461538,0,C14_2_2_o,0.26,Jiho,12.78,9.406,white,6/29/22,2,5/25/22,C14,C14,C,C14_2_2,2,o,15.81980769,14.75784615,0.510461538,0.218769231,28.91078963,42.12692967
438,8/2/22,11,0.971513761,0.518853211,0.397431193,7.827201835,31.4246789,1.678027523,2.036834862,1.849174312,C17_1_2_i,0.218,Jiho,12.37,9.225,white,7/14/22,1,5/24/22,C17,C17,C,C17_1_2,2,i,46.7037156,39.25188073,3.886009174,1.490366972,10.1008204,41.97416974
439,8/2/22,12,0.247368421,0.128461538,0.0951417,3.372793522,11.5597166,0.632712551,0.794453441,0.884817814,C65_2_2_i,0.247,Jiho,13.43,9.767,white,6/29/22,2,5/25/22,C65,C65,C,C65_2_2,2,i,17.71546559,14.93251012,1.679271255,0.37582996,8.892256136,43.47222222
440,8/2/22,13,0,0,0,1.180123457,3.428230453,0.229218107,0.263333333,0.185308642,X8_64_3_o,0.243,Jiho,15.18,10.282,white,7/14/22,2,5/25/22,X8_64,X8,X,X8_64_3,3,o,5.286213992,4.608353909,0.448641975,0,10.27178499,40.48602673
441,8/2/22,14,NA,NA,NA,NA,NA,NA,NA,NA,NA,NA,NA,NA,NA,NA,NA,NA,NA,NA,NA,NA,NA,NA,,NA,NA,NA,NA,NA,NA
442,8/2/22,15,7.355166667,4.792958333,2.481708333,10.63258333,51.192625,1.321375,1.581875,0.288916667,X4_33_1_i,0.24,Jiho,13.9,9.802,white,6/29/22,2,5/25/22,X4_33,X4,X,X4_33_1,1,i,79.64720833,61.82520833,1.870791667,12.148125,33.04761799,41.03597122
443,8/2/22,15,7.294380165,4.753347107,2.461198347,10.54471074,50.76954545,1.310454545,1.568801653,0.286528926,X5_47_3_i,0.242,Jiho,12.88,9.222,white,6/29/22,2,5/25/22,X5_47,X5,X,X5_47_3,3,i,78.98896694,61.3142562,1.855330579,12.04772727,33.04761799,38.31365936
444,8/2/22,16,0.265685484,0.151814516,0.080645161,1.266814516,4.255927419,0.327379032,0.469717742,0.284677419,C65_2_3_o,0.248,Jiho,13.75,9.226,white,6/29/22,2,5/25/22,C65,C65,C,C65_2_3,3,o,7.10266129,5.522741935,0.754395161,0.4175,7.320754717,33.47058824
445,8/2/22,17,2.143468468,1.208063063,0.903378378,9.573513514,38.09626126,1.127882883,1.405810811,1.031666667,X5_47_2_o,0.222,Jiho,13.33,9.437,white,6/29/22,2,5/25/22,X5_47,X5,X,X5_47_2,2,o,55.49004505,47.66977477,2.437477477,3.351531532,19.55701138,38.98119122
446,8/2/22,18,0.061395349,0.037790698,0,2.299728682,7.706666667,0.547790698,0.698875969,0.132209302,A20_2_1_o,0.258,Jiho,13.68,9.227,white,6/29/22,2,5/25/22,A20,A20,A,A20_2_1,1,o,11.48445736,10.00639535,0.831085271,0.099186047,12.04015484,33.83358098
447,8/2/22,19,0.137404844,0.087439446,0.045813149,1.682179931,4.263702422,0.378892734,0.503806228,0.23733564,X8_64_3_i,0.289,Jiho,14.74,10.285,white,6/29/22,2,5/25/22,X8_64,X8,X,X8_64_3,3,i,7.336574394,5.945882353,0.741141869,0.224844291,8.02259676,42.81129653
448,8/2/22,20,0.026137339,0,0,0.439227468,1.228798283,0.083648069,0.067982833,0,X12_63_1_i,0.233,Seren,12.87,9.587,white,6/29/22,2,5/25/22,X12_63,X12,X,X12_63_1,1,i,1.845793991,1.668025751,0.067982833,0.026137339,24.53598485,44.54391892
449,8/2/22,21,0.045913043,0.020391304,0,2.698652174,13.93717391,0.428521739,0.556043478,0.168347826,C14_2_3_o,0.23,Seren,12.62,9.233,white,7/14/22,2,5/25/22,C14,C14,C,C14_2_3,3,o,17.85504348,16.63582609,0.724391304,0.066304348,22.96524818,40.26455026
450,8/2/22,22,0,0,0,2.009087137,10.41020747,0.678257261,0.966016598,0,A20_1_3_o,0.241,Seren,11.67,8.598,white,7/14/22,1,5/24/22,A20,A20,A,A20_1_3,3,o,14.06356846,12.41929461,0.966016598,0,12.85619174,34.91525424
451,8/2/22,23,0.090788382,0.028672199,0,3.101369295,8.314937759,0.530456432,0.602116183,0,A20_2_1_i,0.241,Seren,11.75,8.888,white,7/14/22,2,5/25/22,A20,A20,A,A20_2_1,1,i,12.66834025,11.41630705,0.602116183,0.119460581,18.96030597,40.375
452,8/2/22,24,0.062421525,0.026008969,0,3.74529148,9.971838565,0.655426009,0.738654709,0,A20_1_3_i,0.223,Seren,11.78,8.972,white,7/14/22,1,5/24/22,A20,A20,A,A20_1_3,3,i,15.19964126,13.71713004,0.738654709,0.088430493,18.57042254,41.86335404
453,8/2/22,25,0,0,0,0.415019763,1.111343874,0.059960474,0.073794466,0,X12_63_3_o,0.253,Seren,14.15,9.782,white,6/29/22,2,5/25/22,X12_63,X12,X,X12_63_3,3,o,1.660118577,1.526363636,0.073794466,0,20.683985,39.33333333
454,8/2/22,26,0,0,0,2.661507937,8.157301587,0.536984127,0.775119048,0,A20_2_2_o,0.252,Seren,13.67,9.722,white,7/14/22,2,5/25/22,A20,A20,A,A20_2_2,2,o,12.1309127,10.81880952,0.775119048,0,13.9576102,41.25
455,8/2/22,27,0.064657534,0.032328767,0,4.715958904,10.9109589,0.606164384,0.876917808,0,A01_3_1_o,0.292,Seren,13.35,8.371,orange,7/14/22,3,5/26/22,A01,A01,A,A01_3_1,1,o,17.2069863,15.62691781,0.876917808,0.096986301,17.8202765,26.34615385
456,8/2/22,28,0.04173913,0.018537549,0,1.581462451,3.88173913,0.426679842,0.500869565,0.389565217,X8_64_1_i,0.253,Seren,14.66,10.093,white,7/14/22,2,5/25/22,X8_64,X8,X,X8_64_1,1,i,6.840592885,5.463201581,0.890434783,0.06027668,6.135431463,40.76523995
457,8/2/22,29,0.455311203,0.287551867,0.340290456,16.99912863,41.12473029,2.449004149,2.750912863,1.600705394,X3_44_1_i,0.241,Seren,13.67,9.695,orange,7/14/22,3,5/26/22,X3_44,X3,X,X3_44_1,1,i,66.00763485,58.12385892,4.351618257,0.742863071,13.35683773,43.8559322
458,8/2/22,30,0.485165877,0.228625592,0.066919431,8.242227488,21.44208531,0.752843602,0.7807109,0.323459716,C14_2_2_i,0.211,Seren,11.86,9.22,white,7/14/22,2,5/25/22,C14,C14,C,C14_2_2,2,i,32.32203791,29.6843128,1.104170616,0.713791469,26.88380977,46.23217923
459,8/2/22,31,0.178404669,0.073968872,0.060933852,3.70311284,12.01883268,0.613579767,0.796342412,0.31766537,X10_50_1_o,0.257,Seren,14.46,10.066,white,6/29/22,2,5/25/22,X10_50,X10,X,X10_50_1,1,o,17.76284047,15.72194553,1.114007782,0.252373541,14.11295844,41.49134487
460,8/2/22,32,0.277288136,0.162542373,0.076483051,6.530932203,21.29012712,0.645466102,0.855805085,0.349025424,C14_2_3_i,0.236,Seren,12.94,8.792,white,6/29/22,2,5/25/22,C14,C14,C,C14_2_3,3,i,30.18766949,27.82105932,1.204830508,0.439830508,23.09126398,30.75125209
461,8/2/22,33,0,0,0,2.382325581,8.384883721,0.442139535,0.665813953,0,A20_2_3_o,0.215,Seren,12.73,9.09,white,6/29/22,2,5/25/22,A20,A20,A,A20_2_3,3,o,11.87516279,10.7672093,0.665813953,0,16.17149843,37.02422145
462,8/2/22,34,0.214085106,0.099574468,0.044808511,3.375574468,11.20710638,0.547659574,0.806553191,0.408255319,X10_50_2_o,0.235,Seren,11.83,8.53,white,7/14/22,2,5/25/22,X10_50,X10,X,X10_50_2,2,o,16.70361702,14.58268085,1.214808511,0.313659574,12.00409836,32.37704918
463,8/2/22,35,1.117624521,0.761034483,0.682758621,10.64118774,46.12187739,1.226321839,1.422030651,1.356781609,X5_47_1_o,0.261,Seren,15.97,10.062,white,6/29/22,2,5/25/22,X5_47,X5,X,X5_47_1,1,o,63.32961686,56.76306513,2.778812261,1.878659004,20.42709612,34.50110865
464,8/2/22,36,0.047929515,0.037268722,0,1.458502203,3.997621145,0.239559471,0.271497797,0.202290749,X8_64_2_i,0.227,Seren,13.82,9.805,white,7/14/22,2,5/25/22,X8_64,X8,X,X8_64_2,2,i,6.254669604,5.456123348,0.473788546,0.085198238,11.51594607,41.55749636
465,8/2/22,37,0.018508065,0.018508065,0,0.490806452,1.268709677,0.055564516,0.069475806,0.041693548,X12_63_2_o,0.248,Seren,14.2,9.7,white,6/29/22,2,5/25/22,X12_63,X12,X,X12_63_2,2,o,1.963266129,1.759516129,0.111169355,0.037016129,15.82734857,37.93103448
466,8/2/22,38,2.722821577,1.881037344,1.307344398,9.856721992,40.00526971,1.796390041,1.918672199,1.006348548,X5_47_3_o,0.241,Seren,12.99,9.395,white,6/29/22,2,5/25/22,X5_47,X5,X,X5_47_3,3,o,60.49460581,49.8619917,2.925020747,4.603858921,17.04671386,40.48013245
467,8/2/22,39,4.724462151,3.106613546,2.306294821,13.51936255,65.39808765,1.269322709,1.363984064,0.950916335,X5_47_1_i,0.251,Seren,12.1,8.813,white,6/29/22,2,5/25/22,X5_47,X5,X,X5_47_1,1,i,92.63904382,78.9174502,2.314900398,7.831075697,34.09107807,36.17475728
468,8/2/22,40,0.671578947,0.281781377,0.262995951,9.505425101,26.79740891,1.080161943,1.357246964,1.329068826,X9_41_3_o,0.247,Seren,13.1,9.272,orange,7/14/22,3,5/26/22,X9_41,X9,X,X9_41_3,3,o,41.28566802,36.30283401,2.686315789,0.953360324,13.51398601,41.19815668
469,2/10/00,41,NA,NA,NA,NA,NA,NA,NA,NA,NA,NA,NA,NA,NA,NA,NA,NA,NA,NA,NA,NA,NA,NA,,NA,NA,NA,NA,NA,NA
470,8/2/22,42,0,0,0,1.3875,3.99575,0.245125,0.308875,0.220625,X8_64_2_o,0.24,Seren,13.45,9.527,white,7/14/22,2,5/25/22,X8_64,X8,X,X8_64_2,2,o,6.157875,5.38325,0.5295,0,10.16666667,39.64615385
471,8/2/22,97,1.030620155,0.654302326,0.337829457,7.475310078,18.81224806,1.710581395,2.471821705,1.103333333,X6_26_2_i,0.258,Jiho,13.95,9.622,white,7/27/22,1,5/24/22,X6_26,X6,X,X6_26_2,2,i,33.59604651,26.28755814,3.575155039,1.684922481,7.352844242,38.17142857
472,8/2/22,98,0.086679245,0.047660377,0,3.861018868,9.186679245,0.710679245,0.983660377,0.173320755,X3_61_2_o,0.265,Jiho,13.38,8.757,white,7/27/22,1,5/24/22,X3_61,X3,X,X3_61_2,2,o,15.04969811,13.04769811,1.156981132,0.134339623,11.27736464,28.10264386
473,8/2/22,99,0.137372549,0.075333333,0.048745098,3.062078431,18.8865098,1.010352941,1.528823529,0.664705882,X9_27_3_o,0.255,Jiho,10.69,8.432,white,7/27/22,1,5/24/22,X9_27,X9,X,X9_27_3,3,o,25.41392157,21.94858824,2.193529412,0.212705882,10.00606061,39.62566845
474,8/2/22,100,0.461383399,0.2643083,0.147826087,3.57916996,12.72201581,1.173636364,1.697747036,0,C17_1_3_o,0.253,Jiho,14.63,10.242,white,8/3/22,NA,,C17,C17,C,C17_1_3,3,o,20.04608696,16.30118577,1.697747036,0.7256917,9.601657626,42.86458333