"","Sample_Name","commonID","design_description","filname_1","filname_2"
"1","TCDM_1_C17_1_2_i","TCDM_1_H01_C17_1_2_i","SampleID: TCDM_1_H01_C17_1_2_i; RNAseq Plate ID: TCDM_1; RNAseq Plate Well ID: H01 Year: 2022; Accession: HIL16C017; Block: 1; Root: 2; Tissue layer: inner; Greenhouse grown in 10in pot in Ithaca NY USA; Harvested 5MAP","209038_HY55YBGXT_TCDM_1_H01_C17_1_2_i_TGTGCA_S8",NA
"2","TCDM_1_X1_54_2_o","TCDM_1_A02_X1_54_2_o","SampleID: TCDM_1_A02_X1_54_2_o; RNAseq Plate ID: TCDM_1; RNAseq Plate Well ID: A02 Year: 2022; Accession: ITH21F001P054; Block: 1; Root: 2; Tissue layer: outer; Greenhouse grown in 10in pot in Ithaca NY USA; Harvested 5MAP","209039_HY55YBGXT_TCDM_1_A02_X1_54_2_o_TCAGGA_S9",NA
"3","TCDM_1_X9_27_2_o","TCDM_1_G02_X9_27_2_o","SampleID: TCDM_1_G02_X9_27_2_o; RNAseq Plate ID: TCDM_1; RNAseq Plate Well ID: G02 Year: 2022; Accession: ITH21F009P027; Block: 1; Root: 2; Tissue layer: outer; Greenhouse grown in 10in pot in Ithaca NY USA; Harvested 5MAP","209045_HY55YBGXT_TCDM_1_G02_X9_27_2_o_GGCTGC_S15",NA
"4","TCDM_1_X11_57_3_i","TCDM_1_F03_X11_57_3_i","SampleID: TCDM_1_F03_X11_57_3_i; RNAseq Plate ID: TCDM_1; RNAseq Plate Well ID: F03 Year: 2022; Accession: ITH21F011P057; Block: 1; Root: 3; Tissue layer: inner; Greenhouse grown in 10in pot in Ithaca NY USA; Harvested 5MAP","209052_HY55YBGXT_TCDM_1_F03_X11_57_3_i_GGAGGT_S22",NA
"5","TCDM_1_A04_1_2_o","TCDM_1_H03_A04_1_2_o","SampleID: TCDM_1_H03_A04_1_2_o; RNAseq Plate ID: TCDM_1; RNAseq Plate Well ID: H03 Year: 2022; Accession: HIL16A004; Block: 1; Root: 2; Tissue layer: outer; Greenhouse grown in 10in pot in Ithaca NY USA; Harvested 5MAP","209054_HY55YBGXT_TCDM_1_H03_A04_1_2_o_CCGCAA_S24",NA
"6","TCDM_1_X4_67_2_o","TCDM_1_A04_X4_67_2_o","SampleID: TCDM_1_A04_X4_67_2_o; RNAseq Plate ID: TCDM_1; RNAseq Plate Well ID: A04 Year: 2022; Accession: ITH21F004P067; Block: 1; Root: 2; Tissue layer: outer; Greenhouse grown in 10in pot in Ithaca NY USA; Harvested 5MAP","209055_HY55YBGXT_TCDM_1_A04_X4_67_2_o_TTTATG_S25",NA
"7","TCDM_1_C64_1_2_o","TCDM_1_B04_C64_1_2_o","SampleID: TCDM_1_B04_C64_1_2_o; RNAseq Plate ID: TCDM_1; RNAseq Plate Well ID: B04 Year: 2022; Accession: HIL16C064; Block: 1; Root: 2; Tissue layer: outer; Greenhouse grown in 10in pot in Ithaca NY USA; Harvested 5MAP","209056_HY55YBGXT_TCDM_1_B04_C64_1_2_o_AACGCC_S26",NA
"8","TCDM_1_A04_1_1_i","TCDM_1_C04_A04_1_1_i","SampleID: TCDM_1_C04_A04_1_1_i; RNAseq Plate ID: TCDM_1; RNAseq Plate Well ID: C04 Year: 2022; Accession: HIL16A004; Block: 1; Root: 1; Tissue layer: inner; Greenhouse grown in 10in pot in Ithaca NY USA; Harvested 5MAP","209057_HY55YBGXT_TCDM_1_C04_A04_1_1_i_CAAGCA_S27",NA
"9","TCDM_1_A04_1_2_i","TCDM_1_E04_A04_1_2_i","SampleID: TCDM_1_E04_A04_1_2_i; RNAseq Plate ID: TCDM_1; RNAseq Plate Well ID: E04 Year: 2022; Accession: HIL16A004; Block: 1; Root: 2; Tissue layer: inner; Greenhouse grown in 10in pot in Ithaca NY USA; Harvested 5MAP","209059_HY55YBGXT_TCDM_1_E04_A04_1_2_i_GCGAAT_S29",NA
"10","TCDM_1_C17_1_1_i","TCDM_1_F04_C17_1_1_i","SampleID: TCDM_1_F04_C17_1_1_i; RNAseq Plate ID: TCDM_1; RNAseq Plate Well ID: F04 Year: 2022; Accession: HIL16C017; Block: 1; Root: 1; Tissue layer: inner; Greenhouse grown in 10in pot in Ithaca NY USA; Harvested 5MAP","209060_HY55YBGXT_TCDM_1_F04_C17_1_1_i_TGGATT_S30",NA
"11","TCDM_1_X4_67_2_i","TCDM_1_G04_X4_67_2_i","SampleID: TCDM_1_G04_X4_67_2_i; RNAseq Plate ID: TCDM_1; RNAseq Plate Well ID: G04 Year: 2022; Accession: ITH21F004P067; Block: 1; Root: 2; Tissue layer: inner; Greenhouse grown in 10in pot in Ithaca NY USA; Harvested 5MAP","209061_HY55YBGXT_TCDM_1_G04_X4_67_2_i_ACCTAC_S31",NA
"12","TCDM_1_X4_67_1_i","TCDM_1_H04_X4_67_1_i","SampleID: TCDM_1_H04_X4_67_1_i; RNAseq Plate ID: TCDM_1; RNAseq Plate Well ID: H04 Year: 2022; Accession: ITH21F004P067; Block: 1; Root: 1; Tissue layer: inner; Greenhouse grown in 10in pot in Ithaca NY USA; Harvested 5MAP","209062_HY55YBGXT_TCDM_1_H04_X4_67_1_i_CGAAGG_S32",NA
"13","TCDM_1_C64_1_2_i","TCDM_1_A05_C64_1_2_i","SampleID: TCDM_1_A05_C64_1_2_i; RNAseq Plate ID: TCDM_1; RNAseq Plate Well ID: A05 Year: 2022; Accession: HIL16C064; Block: 1; Root: 2; Tissue layer: inner; Greenhouse grown in 10in pot in Ithaca NY USA; Harvested 5MAP","209063_HY55YBGXT_TCDM_1_A05_C64_1_2_i_AGATAG_S33",NA
"14","TCDM_1_C64_1_1_o","TCDM_1_B05_C64_1_1_o","SampleID: TCDM_1_B05_C64_1_1_o; RNAseq Plate ID: TCDM_1; RNAseq Plate Well ID: B05 Year: 2022; Accession: HIL16C064; Block: 1; Root: 1; Tissue layer: outer; Greenhouse grown in 10in pot in Ithaca NY USA; Harvested 5MAP","209064_HY55YBGXT_TCDM_1_B05_C64_1_1_o_TTGGTA_S34",NA
"15","TCDM_1_X5_31_3_i","TCDM_1_C05_X5_31_3_i","SampleID: TCDM_1_C05_X5_31_3_i; RNAseq Plate ID: TCDM_1; RNAseq Plate Well ID: C05 Year: 2022; Accession: ITH21F005P031; Block: 1; Root: 3; Tissue layer: inner; Greenhouse grown in 10in pot in Ithaca NY USA; Harvested 5MAP","209065_HY55YBGXT_TCDM_1_C05_X5_31_3_i_GTTACC_S35",NA
"16","TCDM_1_X5_31_2_i","TCDM_1_E05_X5_31_2_i","SampleID: TCDM_1_E05_X5_31_2_i; RNAseq Plate ID: TCDM_1; RNAseq Plate Well ID: E05 Year: 2022; Accession: ITH21F005P031; Block: 1; Root: 2; Tissue layer: inner; Greenhouse grown in 10in pot in Ithaca NY USA; Harvested 5MAP","209067_HY55YBGXT_TCDM_1_E05_X5_31_2_i_TGGCGA_S37",NA
"17","TCDM_1_C17_1_3_o","TCDM_1_H05_C17_1_3_o","SampleID: TCDM_1_H05_C17_1_3_o; RNAseq Plate ID: TCDM_1; RNAseq Plate Well ID: H05 Year: 2022; Accession: HIL16C017; Block: 1; Root: 3; Tissue layer: outer; Greenhouse grown in 10in pot in Ithaca NY USA; Harvested 5MAP","209070_HY55YBGXT_TCDM_1_H05_C17_1_3_o_GATTGT_S40",NA
"18","TCDM_1_A20_1_1_i","TCDM_1_A06_A20_1_1_i","SampleID: TCDM_1_A06_A20_1_1_i; RNAseq Plate ID: TCDM_1; RNAseq Plate Well ID: A06 Year: 2022; Accession: HIL16A020; Block: 1; Root: 1; Tissue layer: inner; Greenhouse grown in 10in pot in Ithaca NY USA; Harvested 5MAP","209071_HY55YBGXT_TCDM_1_A06_A20_1_1_i_CTCTCG_S41",NA
"19","TCDM_1_C64_1_3_i","TCDM_1_H06_C64_1_3_i","SampleID: TCDM_1_H06_C64_1_3_i; RNAseq Plate ID: TCDM_1; RNAseq Plate Well ID: H06 Year: 2022; Accession: HIL16C064; Block: 1; Root: 3; Tissue layer: inner; Greenhouse grown in 10in pot in Ithaca NY USA; Harvested 5MAP","209078_HY55YBGXT_TCDM_1_H06_C64_1_3_i_AATAGC_S48",NA
"20","TCDM_1_A20_1_2_i","TCDM_1_A07_A20_1_2_i","SampleID: TCDM_1_A07_A20_1_2_i; RNAseq Plate ID: TCDM_1; RNAseq Plate Well ID: A07 Year: 2022; Accession: HIL16A020; Block: 1; Root: 2; Tissue layer: inner; Greenhouse grown in 10in pot in Ithaca NY USA; Harvested 5MAP","209079_HY55YBGXT_TCDM_1_A07_A20_1_2_i_GTGCCA_S49",NA
"21","TCDM_1_A20_1_3_i","TCDM_1_B07_A20_1_3_i","SampleID: TCDM_1_B07_A20_1_3_i; RNAseq Plate ID: TCDM_1; RNAseq Plate Well ID: B07 Year: 2022; Accession: HIL16A020; Block: 1; Root: 3; Tissue layer: inner; Greenhouse grown in 10in pot in Ithaca NY USA; Harvested 5MAP","209080_HY55YBGXT_TCDM_1_B07_A20_1_3_i_TCGAGG_S50",NA
"22","TCDM_1_A20_1_3_o","TCDM_1_C07_A20_1_3_o","SampleID: TCDM_1_C07_A20_1_3_o; RNAseq Plate ID: TCDM_1; RNAseq Plate Well ID: C07 Year: 2022; Accession: HIL16A020; Block: 1; Root: 3; Tissue layer: outer; Greenhouse grown in 10in pot in Ithaca NY USA; Harvested 5MAP","209081_HY55YBGXT_TCDM_1_C07_A20_1_3_o_CACTAA_S51",NA
"23","TCDM_1_A27_1_3_o","TCDM_1_D07_A27_1_3_o","SampleID: TCDM_1_D07_A27_1_3_o; RNAseq Plate ID: TCDM_1; RNAseq Plate Well ID: D07 Year: 2022; Accession: HIL16A027; Block: 1; Root: 3; Tissue layer: outer; Greenhouse grown in 10in pot in Ithaca NY USA; Harvested 5MAP","209082_HY55YBGXT_TCDM_1_D07_A27_1_3_o_GGTATA_S52",NA
"24","TCDM_1_A27_1_1_o","TCDM_1_E07_A27_1_1_o","SampleID: TCDM_1_E07_A27_1_1_o; RNAseq Plate ID: TCDM_1; RNAseq Plate Well ID: E07 Year: 2022; Accession: HIL16A027; Block: 1; Root: 1; Tissue layer: outer; Greenhouse grown in 10in pot in Ithaca NY USA; Harvested 5MAP","209083_HY55YBGXT_TCDM_1_E07_A27_1_1_o_CGCCTG_S53",NA
"25","TCDM_1_X5_31_1_i","TCDM_1_F07_X5_31_1_i","SampleID: TCDM_1_F07_X5_31_1_i; RNAseq Plate ID: TCDM_1; RNAseq Plate Well ID: F07 Year: 2022; Accession: ITH21F005P031; Block: 1; Root: 1; Tissue layer: inner; Greenhouse grown in 10in pot in Ithaca NY USA; Harvested 5MAP","209084_HY55YBGXT_TCDM_1_F07_X5_31_1_i_AATGAA_S54",NA
"26","TCDM_1_X11_57_1_i","TCDM_1_G07_X11_57_1_i","SampleID: TCDM_1_G07_X11_57_1_i; RNAseq Plate ID: TCDM_1; RNAseq Plate Well ID: G07 Year: 2022; Accession: ITH21F011P057; Block: 1; Root: 1; Tissue layer: inner; Greenhouse grown in 10in pot in Ithaca NY USA; Harvested 5MAP","209085_HY55YBGXT_TCDM_1_G07_X11_57_1_i_ACAACG_S55",NA
"27","TCDM_1_X2_45_2_i","TCDM_1_H07_X2_45_2_i","SampleID: TCDM_1_H07_X2_45_2_i; RNAseq Plate ID: TCDM_1; RNAseq Plate Well ID: H07 Year: 2022; Accession: ITH21F002P045; Block: 1; Root: 2; Tissue layer: inner; Greenhouse grown in 10in pot in Ithaca NY USA; Harvested 5MAP","209086_HY55YBGXT_TCDM_1_H07_X2_45_2_i_ATATCC_S56",NA
"28","TCDM_1_X2_45_2_o","TCDM_1_A08_X2_45_2_o","SampleID: TCDM_1_A08_X2_45_2_o; RNAseq Plate ID: TCDM_1; RNAseq Plate Well ID: A08 Year: 2022; Accession: ITH21F002P045; Block: 1; Root: 2; Tissue layer: outer; Greenhouse grown in 10in pot in Ithaca NY USA; Harvested 5MAP","209087_HY55YBGXT_TCDM_1_A08_X2_45_2_o_AGTACT_S57",NA
"29","TCDM_1_X2_45_1_i","TCDM_1_B08_X2_45_1_i","SampleID: TCDM_1_B08_X2_45_1_i; RNAseq Plate ID: TCDM_1; RNAseq Plate Well ID: B08 Year: 2022; Accession: ITH21F002P045; Block: 1; Root: 1; Tissue layer: inner; Greenhouse grown in 10in pot in Ithaca NY USA; Harvested 5MAP","209088_HY55YBGXT_TCDM_1_B08_X2_45_1_i_ATAAGA_S58",NA
"30","TCDM_1_X2_45_3_o","TCDM_1_C08_X2_45_3_o","SampleID: TCDM_1_C08_X2_45_3_o; RNAseq Plate ID: TCDM_1; RNAseq Plate Well ID: C08 Year: 2022; Accession: ITH21F002P045; Block: 1; Root: 3; Tissue layer: outer; Greenhouse grown in 10in pot in Ithaca NY USA; Harvested 5MAP","209089_HY55YBGXT_TCDM_1_C08_X2_45_3_o_GGTGAG_S59",NA
"31","TCDM_1_X2_45_3_i","TCDM_1_D08_X2_45_3_i","SampleID: TCDM_1_D08_X2_45_3_i; RNAseq Plate ID: TCDM_1; RNAseq Plate Well ID: D08 Year: 2022; Accession: ITH21F002P045; Block: 1; Root: 3; Tissue layer: inner; Greenhouse grown in 10in pot in Ithaca NY USA; Harvested 5MAP","209090_HY55YBGXT_TCDM_1_D08_X2_45_3_i_TTCCGC_S60",NA
"32","TCDM_1_X11_68_1_i","TCDM_1_G08_X11_68_1_i","SampleID: TCDM_1_G08_X11_68_1_i; RNAseq Plate ID: TCDM_1; RNAseq Plate Well ID: G08 Year: 2022; Accession: ITH21F011P068; Block: 2; Root: 1; Tissue layer: inner; Greenhouse grown in 10in pot in Ithaca NY USA; Harvested 5MAP","209093_HY55YBGXT_TCDM_1_G08_X11_68_1_i_ACGTCT_S63",NA
"33","TCDM_1_X11_68_3_i","TCDM_1_H08_X11_68_3_i","SampleID: TCDM_1_H08_X11_68_3_i; RNAseq Plate ID: TCDM_1; RNAseq Plate Well ID: H08 Year: 2022; Accession: ITH21F011P068; Block: 2; Root: 3; Tissue layer: inner; Greenhouse grown in 10in pot in Ithaca NY USA; Harvested 5MAP","209094_HY55YBGXT_TCDM_1_H08_X11_68_3_i_CAGGAC_S64",NA
"34","TCDM_1_X11_68_3_o","TCDM_1_A09_X11_68_3_o","SampleID: TCDM_1_A09_X11_68_3_o; RNAseq Plate ID: TCDM_1; RNAseq Plate Well ID: A09 Year: 2022; Accession: ITH21F011P068; Block: 2; Root: 3; Tissue layer: outer; Greenhouse grown in 10in pot in Ithaca NY USA; Harvested 5MAP","209095_HY55YBGXT_TCDM_1_A09_X11_68_3_o_AAGCTC_S65",NA
"35","TCDM_1_X11_68_2_o","TCDM_1_B09_X11_68_2_o","SampleID: TCDM_1_B09_X11_68_2_o; RNAseq Plate ID: TCDM_1; RNAseq Plate Well ID: B09 Year: 2022; Accession: ITH21F011P068; Block: 2; Root: 2; Tissue layer: outer; Greenhouse grown in 10in pot in Ithaca NY USA; Harvested 5MAP","209096_HY55YBGXT_TCDM_1_B09_X11_68_2_o_GACGAT_S66",NA
"36","TCDM_1_A03_2_1_o","TCDM_1_D09_A03_2_1_o","SampleID: TCDM_1_D09_A03_2_1_o; RNAseq Plate ID: TCDM_1; RNAseq Plate Well ID: D09 Year: 2022; Accession: HIL16A003; Block: 2; Root: 1; Tissue layer: outer; Greenhouse grown in 10in pot in Ithaca NY USA; Harvested 5MAP","209098_HY55YBGXT_TCDM_1_D09_A03_2_1_o_CCAATT_S68",NA
"37","TCDM_1_C17_2_3_o","TCDM_1_E09_C17_2_3_o","SampleID: TCDM_1_E09_C17_2_3_o; RNAseq Plate ID: TCDM_1; RNAseq Plate Well ID: E09 Year: 2022; Accession: HIL16C017; Block: 2; Root: 3; Tissue layer: outer; Greenhouse grown in 10in pot in Ithaca NY USA; Harvested 5MAP","209099_HY55YBGXT_TCDM_1_E09_C17_2_3_o_AGTTGA_S69",NA
"38","TCDM_1_A03_2_1_i","TCDM_1_F09_A03_2_1_i","SampleID: TCDM_1_F09_A03_2_1_i; RNAseq Plate ID: TCDM_1; RNAseq Plate Well ID: F09 Year: 2022; Accession: HIL16A003; Block: 2; Root: 1; Tissue layer: inner; Greenhouse grown in 10in pot in Ithaca NY USA; Harvested 5MAP","209100_HY55YBGXT_TCDM_1_F09_A03_2_1_i_AACCGA_S70",NA
"39","TCDM_1_C14_2_1_i","TCDM_1_G09_C14_2_1_i","SampleID: TCDM_1_G09_C14_2_1_i; RNAseq Plate ID: TCDM_1; RNAseq Plate Well ID: G09 Year: 2022; Accession: HIL16C014; Block: 2; Root: 1; Tissue layer: inner; Greenhouse grown in 10in pot in Ithaca NY USA; Harvested 5MAP","209101_HY55YBGXT_TCDM_1_G09_C14_2_1_i_CAGATG_S71",NA
"40","TCDM_1_A20_2_2_i","TCDM_1_H09_A20_2_2_i","SampleID: TCDM_1_H09_A20_2_2_i; RNAseq Plate ID: TCDM_1; RNAseq Plate Well ID: H09 Year: 2022; Accession: HIL16A020; Block: 2; Root: 2; Tissue layer: inner; Greenhouse grown in 10in pot in Ithaca NY USA; Harvested 5MAP","209102_HY55YBGXT_TCDM_1_H09_A20_2_2_i_GTAGAA_S72",NA
"41","TCDM_1_A20_2_1_o","TCDM_1_A10_A20_2_1_o","SampleID: TCDM_1_A10_A20_2_1_o; RNAseq Plate ID: TCDM_1; RNAseq Plate Well ID: A10 Year: 2022; Accession: HIL16A020; Block: 2; Root: 1; Tissue layer: outer; Greenhouse grown in 10in pot in Ithaca NY USA; Harvested 5MAP","209103_HY55YBGXT_TCDM_1_A10_A20_2_1_o_GACATC_S73",NA
"42","TCDM_1_C14_2_2_o","TCDM_1_B10_C14_2_2_o","SampleID: TCDM_1_B10_C14_2_2_o; RNAseq Plate ID: TCDM_1; RNAseq Plate Well ID: B10 Year: 2022; Accession: HIL16C014; Block: 2; Root: 2; Tissue layer: outer; Greenhouse grown in 10in pot in Ithaca NY USA; Harvested 5MAP","209104_HY55YBGXT_TCDM_1_B10_C14_2_2_o_CGATCT_S74",NA
"43","TCDM_1_A04_2_3_o","TCDM_1_C10_A04_2_3_o","SampleID: TCDM_1_C10_A04_2_3_o; RNAseq Plate ID: TCDM_1; RNAseq Plate Well ID: C10 Year: 2022; Accession: HIL16A004; Block: 2; Root: 3; Tissue layer: outer; Greenhouse grown in 10in pot in Ithaca NY USA; Harvested 5MAP","209105_HY55YBGXT_TCDM_1_C10_A04_2_3_o_CGTCGC_S75",NA
"44","TCDM_1_A20_2_1_i","TCDM_1_G10_A20_2_1_i","SampleID: TCDM_1_G10_A20_2_1_i; RNAseq Plate ID: TCDM_1; RNAseq Plate Well ID: G10 Year: 2022; Accession: HIL16A020; Block: 2; Root: 1; Tissue layer: inner; Greenhouse grown in 10in pot in Ithaca NY USA; Harvested 5MAP","209109_HY55YBGXT_TCDM_1_G10_A20_2_1_i_CATCTA_S79",NA
"45","TCDM_1_A04_2_2_o","TCDM_1_H10_A04_2_2_o","SampleID: TCDM_1_H10_A04_2_2_o; RNAseq Plate ID: TCDM_1; RNAseq Plate Well ID: H10 Year: 2022; Accession: HIL16A004; Block: 2; Root: 2; Tissue layer: outer; Greenhouse grown in 10in pot in Ithaca NY USA; Harvested 5MAP","209110_HY55YBGXT_TCDM_1_H10_A04_2_2_o_AACAAG_S80",NA
"46","TCDM_1_A04_2_2_i","TCDM_1_A11_A04_2_2_i","SampleID: TCDM_1_A11_A04_2_2_i; RNAseq Plate ID: TCDM_1; RNAseq Plate Well ID: A11 Year: 2022; Accession: HIL16A004; Block: 2; Root: 2; Tissue layer: inner; Greenhouse grown in 10in pot in Ithaca NY USA; Harvested 5MAP","209111_HY55YBGXT_TCDM_1_A11_A04_2_2_i_GCAGCC_S81",NA
"47","TCDM_1_A20_2_2_o","TCDM_1_B11_A20_2_2_o","SampleID: TCDM_1_B11_A20_2_2_o; RNAseq Plate ID: TCDM_1; RNAseq Plate Well ID: B11 Year: 2022; Accession: HIL16A020; Block: 2; Root: 2; Tissue layer: outer; Greenhouse grown in 10in pot in Ithaca NY USA; Harvested 5MAP","209112_HY55YBGXT_TCDM_1_B11_A20_2_2_o_ACTCTT_S82",NA
"48","TCDM_1_C17_2_1_i","TCDM_1_C11_C17_2_1_i","SampleID: TCDM_1_C11_C17_2_1_i; RNAseq Plate ID: TCDM_1; RNAseq Plate Well ID: C11 Year: 2022; Accession: HIL16C017; Block: 2; Root: 1; Tissue layer: inner; Greenhouse grown in 10in pot in Ithaca NY USA; Harvested 5MAP","209113_HY55YBGXT_TCDM_1_C11_C17_2_1_i_TGCTAT_S83",NA
"49","TCDM_1_A03_2_3_i","TCDM_1_D11_A03_2_3_i","SampleID: TCDM_1_D11_A03_2_3_i; RNAseq Plate ID: TCDM_1; RNAseq Plate Well ID: D11 Year: 2022; Accession: HIL16A003; Block: 2; Root: 3; Tissue layer: inner; Greenhouse grown in 10in pot in Ithaca NY USA; Harvested 5MAP","209114_HY55YBGXT_TCDM_1_D11_A03_2_3_i_AAGTGG_S84",NA
"50","TCDM_1_C14_2_3_i","TCDM_1_E11_C14_2_3_i","SampleID: TCDM_1_E11_C14_2_3_i; RNAseq Plate ID: TCDM_1; RNAseq Plate Well ID: E11 Year: 2022; Accession: HIL16C014; Block: 2; Root: 3; Tissue layer: inner; Greenhouse grown in 10in pot in Ithaca NY USA; Harvested 5MAP","209115_HY55YBGXT_TCDM_1_E11_C14_2_3_i_CTCATA_S85",NA
"51","TCDM_1_C14_2_1_i","TCDM_1_F11_C14_2_1_i","SampleID: TCDM_1_F11_C14_2_1_i; RNAseq Plate ID: TCDM_1; RNAseq Plate Well ID: F11 Year: 2022; Accession: HIL16C014; Block: 2; Root: 1; Tissue layer: inner; Greenhouse grown in 10in pot in Ithaca NY USA; Harvested 5MAP","209116_HY55YBGXT_TCDM_1_F11_C14_2_1_i_CCGACC_S86",NA
"52","TCDM_1_A20_2_3_o","TCDM_1_G11_A20_2_3_o","SampleID: TCDM_1_G11_A20_2_3_o; RNAseq Plate ID: TCDM_1; RNAseq Plate Well ID: G11 Year: 2022; Accession: HIL16A020; Block: 2; Root: 3; Tissue layer: outer; Greenhouse grown in 10in pot in Ithaca NY USA; Harvested 5MAP","209117_HY55YBGXT_TCDM_1_G11_A20_2_3_o_GGCCAA_S87",NA
"53","TCDM_1_C14_2_2_i","TCDM_1_H11_C14_2_2_i","SampleID: TCDM_1_H11_C14_2_2_i; RNAseq Plate ID: TCDM_1; RNAseq Plate Well ID: H11 Year: 2022; Accession: HIL16C014; Block: 2; Root: 2; Tissue layer: inner; Greenhouse grown in 10in pot in Ithaca NY USA; Harvested 5MAP","209118_HY55YBGXT_TCDM_1_H11_C14_2_2_i_AGACCA_S88",NA
"54","TCDM_1_C14_2_3_o","TCDM_1_A12_C14_2_3_o","SampleID: TCDM_1_A12_C14_2_3_o; RNAseq Plate ID: TCDM_1; RNAseq Plate Well ID: A12 Year: 2022; Accession: HIL16C014; Block: 2; Root: 3; Tissue layer: outer; Greenhouse grown in 10in pot in Ithaca NY USA; Harvested 5MAP","209119_HY55YBGXT_TCDM_1_A12_C14_2_3_o_CGCGGA_S89",NA
"55","TCDM_1_C17_2_2_i","TCDM_1_B12_C17_2_2_i","SampleID: TCDM_1_B12_C17_2_2_i; RNAseq Plate ID: TCDM_1; RNAseq Plate Well ID: B12 Year: 2022; Accession: HIL16C017; Block: 2; Root: 2; Tissue layer: inner; Greenhouse grown in 10in pot in Ithaca NY USA; Harvested 5MAP","209120_HY55YBGXT_TCDM_1_B12_C17_2_2_i_CCTGCT_S90",NA
"56","TCDM_1_A03_2_3_o","TCDM_1_C12_A03_2_3_o","SampleID: TCDM_1_C12_A03_2_3_o; RNAseq Plate ID: TCDM_1; RNAseq Plate Well ID: C12 Year: 2022; Accession: HIL16A003; Block: 2; Root: 3; Tissue layer: outer; Greenhouse grown in 10in pot in Ithaca NY USA; Harvested 5MAP","209121_HY55YBGXT_TCDM_1_C12_A03_2_3_o_GCGCTG_S91",NA
"57","TCDM_1_C17_2_3_i","TCDM_1_D12_C17_2_3_i","SampleID: TCDM_1_D12_C17_2_3_i; RNAseq Plate ID: TCDM_1; RNAseq Plate Well ID: D12 Year: 2022; Accession: HIL16C017; Block: 2; Root: 3; Tissue layer: inner; Greenhouse grown in 10in pot in Ithaca NY USA; Harvested 5MAP","209122_HY55YBGXT_TCDM_1_D12_C17_2_3_i_GAACCT_S92",NA
"58","TCDM_1_A03_2_2_o","TCDM_1_E12_A03_2_2_o","SampleID: TCDM_1_E12_A03_2_2_o; RNAseq Plate ID: TCDM_1; RNAseq Plate Well ID: E12 Year: 2022; Accession: HIL16A003; Block: 2; Root: 2; Tissue layer: outer; Greenhouse grown in 10in pot in Ithaca NY USA; Harvested 5MAP","209123_HY55YBGXT_TCDM_1_E12_A03_2_2_o_TTCGAG_S93",NA
"59","TCDM_1_C17_2_2_o","TCDM_1_F12_C17_2_2_o","SampleID: TCDM_1_F12_C17_2_2_o; RNAseq Plate ID: TCDM_1; RNAseq Plate Well ID: F12 Year: 2022; Accession: HIL16C017; Block: 2; Root: 2; Tissue layer: outer; Greenhouse grown in 10in pot in Ithaca NY USA; Harvested 5MAP","209124_HY55YBGXT_TCDM_1_F12_C17_2_2_o_AGAATC_S94",NA
"60","TCDM_1_X8_415_3_i","TCDM_1_G12_X8_415_3_i","SampleID: TCDM_1_G12_X8_415_3_i; RNAseq Plate ID: TCDM_1; RNAseq Plate Well ID: G12 Year: 2022; Accession: ITH21F008P041.5; Block: 3; Root: 3; Tissue layer: inner; Greenhouse grown in 10in pot in Ithaca NY USA; Harvested 5MAP","209125_HY55YBGXT_TCDM_1_G12_X8_415_3_i_AGGCAT_S95",NA
"61","TCDM_1_X8_415_3_o","TCDM_1_H12_X8_415_3_o","SampleID: TCDM_1_H12_X8_415_3_o; RNAseq Plate ID: TCDM_1; RNAseq Plate Well ID: H12 Year: 2022; Accession: ITH21F008P041.5; Block: 3; Root: 3; Tissue layer: outer; Greenhouse grown in 10in pot in Ithaca NY USA; Harvested 5MAP","209126_HY55YBGXT_TCDM_1_H12_X8_415_3_o_ACACGC_S96",NA
"62","TCDM_2_X4_46_1_o","TCDM_2_A01_X4_46_1_o","SampleID: TCDM_2_A01_X4_46_1_o; RNAseq Plate ID: TCDM_2; RNAseq Plate Well ID: A01 Year: 2022; Accession: ITH21F004P046; Block: 3; Root: 1; Tissue layer: outer; Greenhouse grown in 10in pot in Ithaca NY USA; Harvested 5MAP","209127_HY5CNBGXT_TCDM_2_A01_X4_46_1_o_CAGCGT_S1",NA
"63","TCDM_2_X8_415_2_i","TCDM_2_B01_X8_415_2_i","SampleID: TCDM_2_B01_X8_415_2_i; RNAseq Plate ID: TCDM_2; RNAseq Plate Well ID: B01 Year: 2022; Accession: ITH21F008P041.5; Block: 3; Root: 2; Tissue layer: inner; Greenhouse grown in 10in pot in Ithaca NY USA; Harvested 5MAP","209128_HY5CNBGXT_TCDM_2_B01_X8_415_2_i_GATCAC_S2",NA
"64","TCDM_2_X8_415_2_o","TCDM_2_C01_X8_415_2_o","SampleID: TCDM_2_C01_X8_415_2_o; RNAseq Plate ID: TCDM_2; RNAseq Plate Well ID: C01 Year: 2022; Accession: ITH21F008P041.5; Block: 3; Root: 2; Tissue layer: outer; Greenhouse grown in 10in pot in Ithaca NY USA; Harvested 5MAP","209129_HY5CNBGXT_TCDM_2_C01_X8_415_2_o_ACCAGT_S3",NA
"65","TCDM_2_X4_46_3_o","TCDM_2_D01_X4_46_3_o","SampleID: TCDM_2_D01_X4_46_3_o; RNAseq Plate ID: TCDM_2; RNAseq Plate Well ID: D01 Year: 2022; Accession: ITH21F004P046; Block: 3; Root: 3; Tissue layer: outer; Greenhouse grown in 10in pot in Ithaca NY USA; Harvested 5MAP","209130_HY5CNBGXT_TCDM_2_D01_X4_46_3_o_TGCACG_S4",NA
"66","TCDM_2_X4_46_1_i","TCDM_2_E01_X4_46_1_i","SampleID: TCDM_2_E01_X4_46_1_i; RNAseq Plate ID: TCDM_2; RNAseq Plate Well ID: E01 Year: 2022; Accession: ITH21F004P046; Block: 3; Root: 1; Tissue layer: inner; Greenhouse grown in 10in pot in Ithaca NY USA; Harvested 5MAP","209131_HY5CNBGXT_TCDM_2_E01_X4_46_1_i_ACATTA_S5",NA
"67","TCDM_2_C14_3_2_o","TCDM_2_F01_C14_3_2_o","SampleID: TCDM_2_F01_C14_3_2_o; RNAseq Plate ID: TCDM_2; RNAseq Plate Well ID: F01 Year: 2022; Accession: HIL16C014; Block: 3; Root: 2; Tissue layer: outer; Greenhouse grown in 10in pot in Ithaca NY USA; Harvested 5MAP","209132_HY5CNBGXT_TCDM_2_F01_C14_3_2_o_GTGTAG_S6",NA
"68","TCDM_2_A03_3_1_o","TCDM_2_G01_A03_3_1_o","SampleID: TCDM_2_G01_A03_3_1_o; RNAseq Plate ID: TCDM_2; RNAseq Plate Well ID: G01 Year: 2022; Accession: HIL16A003; Block: 3; Root: 1; Tissue layer: outer; Greenhouse grown in 10in pot in Ithaca NY USA; Harvested 5MAP","209133_HY5CNBGXT_TCDM_2_G01_A03_3_1_o_CTAGTC_S7",NA
"69","TCDM_2_A03_3_3_o","TCDM_2_H01_A03_3_3_o","SampleID: TCDM_2_H01_A03_3_3_o; RNAseq Plate ID: TCDM_2; RNAseq Plate Well ID: H01 Year: 2022; Accession: HIL16A003; Block: 3; Root: 3; Tissue layer: outer; Greenhouse grown in 10in pot in Ithaca NY USA; Harvested 5MAP","209134_HY5CNBGXT_TCDM_2_H01_A03_3_3_o_TGTGCA_S8",NA
"70","TCDM_2_X4_32_2_i","TCDM_2_A02_X4_32_2_i","SampleID: TCDM_2_A02_X4_32_2_i; RNAseq Plate ID: TCDM_2; RNAseq Plate Well ID: A02 Year: 2022; Accession: ITH21F004P032; Block: 3; Root: 2; Tissue layer: inner; Greenhouse grown in 10in pot in Ithaca NY USA; Harvested 5MAP","209135_HY5CNBGXT_TCDM_2_A02_X4_32_2_i_TCAGGA_S9",NA
"71","TCDM_2_C14_3_2_i","TCDM_2_B02_C14_3_2_i","SampleID: TCDM_2_B02_C14_3_2_i; RNAseq Plate ID: TCDM_2; RNAseq Plate Well ID: B02 Year: 2022; Accession: HIL16C014; Block: 3; Root: 2; Tissue layer: inner; Greenhouse grown in 10in pot in Ithaca NY USA; Harvested 5MAP","209136_HY5CNBGXT_TCDM_2_B02_C14_3_2_i_CGGTTA_S10",NA
"72","TCDM_2_X4_32_3_i","TCDM_2_C02_X4_32_3_i","SampleID: TCDM_2_C02_X4_32_3_i; RNAseq Plate ID: TCDM_2; RNAseq Plate Well ID: C02 Year: 2022; Accession: ITH21F004P032; Block: 3; Root: 3; Tissue layer: inner; Greenhouse grown in 10in pot in Ithaca NY USA; Harvested 5MAP","209137_HY5CNBGXT_TCDM_2_C02_X4_32_3_i_TTAACT_S11",NA
"73","TCDM_2_X4_32_3_o","TCDM_2_D02_X4_32_3_o","SampleID: TCDM_2_D02_X4_32_3_o; RNAseq Plate ID: TCDM_2; RNAseq Plate Well ID: D02 Year: 2022; Accession: ITH21F004P032; Block: 3; Root: 3; Tissue layer: outer; Greenhouse grown in 10in pot in Ithaca NY USA; Harvested 5MAP","209138_HY5CNBGXT_TCDM_2_D02_X4_32_3_o_ATGAAC_S12",NA
"74","TCDM_2_X4_32_1_i","TCDM_2_F02_X4_32_1_i","SampleID: TCDM_2_F02_X4_32_1_i; RNAseq Plate ID: TCDM_2; RNAseq Plate Well ID: F02 Year: 2022; Accession: ITH21F004P032; Block: 3; Root: 1; Tissue layer: inner; Greenhouse grown in 10in pot in Ithaca NY USA; Harvested 5MAP","209140_HY5CNBGXT_TCDM_2_F02_X4_32_1_i_CCGACC_S14",NA
"75","TCDM_2_A04_3_2_i","TCDM_2_G02_A04_3_2_i","SampleID: TCDM_2_G02_A04_3_2_i; RNAseq Plate ID: TCDM_2; RNAseq Plate Well ID: G02 Year: 2022; Accession: HIL16A004; Block: 3; Root: 2; Tissue layer: inner; Greenhouse grown in 10in pot in Ithaca NY USA; Harvested 5MAP","209141_HY5CNBGXT_TCDM_2_G02_A04_3_2_i_GGCTGC_S15",NA
"76","TCDM_2_A04_3_1_o","TCDM_2_H02_A04_3_1_o","SampleID: TCDM_2_H02_A04_3_1_o; RNAseq Plate ID: TCDM_2; RNAseq Plate Well ID: H02 Year: 2022; Accession: HIL16A004; Block: 3; Root: 1; Tissue layer: outer; Greenhouse grown in 10in pot in Ithaca NY USA; Harvested 5MAP","209142_HY5CNBGXT_TCDM_2_H02_A04_3_1_o_TACCTT_S16",NA
"77","TCDM_2_C14_3_3_o","TCDM_2_A03_C14_3_3_o","SampleID: TCDM_2_A03_C14_3_3_o; RNAseq Plate ID: TCDM_2; RNAseq Plate Well ID: A03 Year: 2022; Accession: HIL16C014; Block: 3; Root: 3; Tissue layer: outer; Greenhouse grown in 10in pot in Ithaca NY USA; Harvested 5MAP","209143_HY5CNBGXT_TCDM_2_A03_C14_3_3_o_TCTTAA_S17",NA
"78","TCDM_2_C14_3_1_i","TCDM_2_B03_C14_3_1_i","SampleID: TCDM_2_B03_C14_3_1_i; RNAseq Plate ID: TCDM_2; RNAseq Plate Well ID: B03 Year: 2022; Accession: HIL16C014; Block: 3; Root: 1; Tissue layer: inner; Greenhouse grown in 10in pot in Ithaca NY USA; Harvested 5MAP","209144_HY5CNBGXT_TCDM_2_B03_C14_3_1_i_GTCAGG_S18",NA
"79","TCDM_2_A27_3_3_i","TCDM_2_D03_A27_3_3_i","SampleID: TCDM_2_D03_A27_3_3_i; RNAseq Plate ID: TCDM_2; RNAseq Plate Well ID: D03 Year: 2022; Accession: HIL16A027; Block: 3; Root: 3; Tissue layer: inner; Greenhouse grown in 10in pot in Ithaca NY USA; Harvested 5MAP","209146_HY5CNBGXT_TCDM_2_D03_A27_3_3_i_TATGTC_S20",NA
"80","TCDM_2_A03_3_3_i","TCDM_2_G03_A03_3_3_i","SampleID: TCDM_2_G03_A03_3_3_i; RNAseq Plate ID: TCDM_2; RNAseq Plate Well ID: G03 Year: 2022; Accession: HIL16A003; Block: 3; Root: 3; Tissue layer: inner; Greenhouse grown in 10in pot in Ithaca NY USA; Harvested 5MAP","209149_HY5CNBGXT_TCDM_2_G03_A03_3_3_i_CACACT_S23",NA
"81","TCDM_2_X4_32_1_o","TCDM_2_H03_X4_32_1_o","SampleID: TCDM_2_H03_X4_32_1_o; RNAseq Plate ID: TCDM_2; RNAseq Plate Well ID: H03 Year: 2022; Accession: ITH21F004P032; Block: 3; Root: 1; Tissue layer: outer; Greenhouse grown in 10in pot in Ithaca NY USA; Harvested 5MAP","209150_HY5CNBGXT_TCDM_2_H03_X4_32_1_o_CCGCAA_S24",NA
"82","TCDM_2_A04_3_3_i","TCDM_2_A04_A04_3_3_i","SampleID: TCDM_2_A04_A04_3_3_i; RNAseq Plate ID: TCDM_2; RNAseq Plate Well ID: A04 Year: 2022; Accession: HIL16A004; Block: 3; Root: 3; Tissue layer: inner; Greenhouse grown in 10in pot in Ithaca NY USA; Harvested 5MAP","209151_HY5CNBGXT_TCDM_2_A04_A04_3_3_i_TTTATG_S25",NA
"83","TCDM_2_A27_3_1_o","TCDM_2_C04_A27_3_1_o","SampleID: TCDM_2_C04_A27_3_1_o; RNAseq Plate ID: TCDM_2; RNAseq Plate Well ID: C04 Year: 2022; Accession: HIL16A027; Block: 3; Root: 1; Tissue layer: outer; Greenhouse grown in 10in pot in Ithaca NY USA; Harvested 5MAP","209153_HY5CNBGXT_TCDM_2_C04_A27_3_1_o_CAAGCA_S27",NA
"84","TCDM_2_A27_3_3_o","TCDM_2_D04_A27_3_3_o","SampleID: TCDM_2_D04_A27_3_3_o; RNAseq Plate ID: TCDM_2; RNAseq Plate Well ID: D04 Year: 2022; Accession: HIL16A027; Block: 3; Root: 3; Tissue layer: outer; Greenhouse grown in 10in pot in Ithaca NY USA; Harvested 5MAP","209154_HY5CNBGXT_TCDM_2_D04_A27_3_3_o_GCTCGA_S28",NA
"85","TCDM_2_A27_3_2_o","TCDM_2_E04_A27_3_2_o","SampleID: TCDM_2_E04_A27_3_2_o; RNAseq Plate ID: TCDM_2; RNAseq Plate Well ID: E04 Year: 2022; Accession: HIL16A027; Block: 3; Root: 2; Tissue layer: outer; Greenhouse grown in 10in pot in Ithaca NY USA; Harvested 5MAP","209155_HY5CNBGXT_TCDM_2_E04_A27_3_2_o_GCGAAT_S29",NA
"86","TCDM_2_X5_66_3_o","TCDM_2_F04_X5_66_3_o","SampleID: TCDM_2_F04_X5_66_3_o; RNAseq Plate ID: TCDM_2; RNAseq Plate Well ID: F04 Year: 2022; Accession: ITH21F005P066; Block: 3; Root: 3; Tissue layer: outer; Greenhouse grown in 10in pot in Ithaca NY USA; Harvested 5MAP","209156_HY5CNBGXT_TCDM_2_F04_X5_66_3_o_TGGATT_S30",NA
"87","TCDM_2_C17_3_1_i","TCDM_2_G04_C17_3_1_i","SampleID: TCDM_2_G04_C17_3_1_i; RNAseq Plate ID: TCDM_2; RNAseq Plate Well ID: G04 Year: 2022; Accession: HIL16C017; Block: 3; Root: 1; Tissue layer: inner; Greenhouse grown in 10in pot in Ithaca NY USA; Harvested 5MAP","209157_HY5CNBGXT_TCDM_2_G04_C17_3_1_i_ACCTAC_S31",NA
"88","TCDM_2_C17_3_1_o","TCDM_2_H04_C17_3_1_o","SampleID: TCDM_2_H04_C17_3_1_o; RNAseq Plate ID: TCDM_2; RNAseq Plate Well ID: H04 Year: 2022; Accession: HIL16C017; Block: 3; Root: 1; Tissue layer: outer; Greenhouse grown in 10in pot in Ithaca NY USA; Harvested 5MAP","209158_HY5CNBGXT_TCDM_2_H04_C17_3_1_o_CGAAGG_S32",NA
"89","TCDM_2_C17_3_2_i","TCDM_2_A05_C17_3_2_i","SampleID: TCDM_2_A05_C17_3_2_i; RNAseq Plate ID: TCDM_2; RNAseq Plate Well ID: A05 Year: 2022; Accession: HIL16C017; Block: 3; Root: 2; Tissue layer: inner; Greenhouse grown in 10in pot in Ithaca NY USA; Harvested 5MAP","209159_HY5CNBGXT_TCDM_2_A05_C17_3_2_i_AGATAG_S33",NA
"90","TCDM_2_C17_3_2_o","TCDM_2_B05_C17_3_2_o","SampleID: TCDM_2_B05_C17_3_2_o; RNAseq Plate ID: TCDM_2; RNAseq Plate Well ID: B05 Year: 2022; Accession: HIL16C017; Block: 3; Root: 2; Tissue layer: outer; Greenhouse grown in 10in pot in Ithaca NY USA; Harvested 5MAP","209160_HY5CNBGXT_TCDM_2_B05_C17_3_2_o_TTGGTA_S34",NA
"91","TCDM_2_X5_66_2_i","TCDM_2_C05_X5_66_2_i","SampleID: TCDM_2_C05_X5_66_2_i; RNAseq Plate ID: TCDM_2; RNAseq Plate Well ID: C05 Year: 2022; Accession: ITH21F005P066; Block: 3; Root: 2; Tissue layer: inner; Greenhouse grown in 10in pot in Ithaca NY USA; Harvested 5MAP","209161_HY5CNBGXT_TCDM_2_C05_X5_66_2_i_GTTACC_S35",NA
"92","TCDM_2_X5_66_1_i","TCDM_2_D05_X5_66_1_i","SampleID: TCDM_2_D05_X5_66_1_i; RNAseq Plate ID: TCDM_2; RNAseq Plate Well ID: D05 Year: 2022; Accession: ITH21F005P066; Block: 3; Root: 1; Tissue layer: inner; Greenhouse grown in 10in pot in Ithaca NY USA; Harvested 5MAP","209162_HY5CNBGXT_TCDM_2_D05_X5_66_1_i_CGCAAC_S36",NA
"93","TCDM_2_C17_3_3_o","TCDM_2_E05_C17_3_3_o","SampleID: TCDM_2_E05_C17_3_3_o; RNAseq Plate ID: TCDM_2; RNAseq Plate Well ID: E05 Year: 2022; Accession: HIL16C017; Block: 3; Root: 3; Tissue layer: outer; Greenhouse grown in 10in pot in Ithaca NY USA; Harvested 5MAP","209163_HY5CNBGXT_TCDM_2_E05_C17_3_3_o_TGGCGA_S37",NA
"94","TCDM_2_A03_3_2_o","TCDM_2_F05_A03_3_2_o","SampleID: TCDM_2_F05_A03_3_2_o; RNAseq Plate ID: TCDM_2; RNAseq Plate Well ID: F05 Year: 2022; Accession: HIL16A003; Block: 3; Root: 2; Tissue layer: outer; Greenhouse grown in 10in pot in Ithaca NY USA; Harvested 5MAP","209164_HY5CNBGXT_TCDM_2_F05_A03_3_2_o_ACCGTG_S38",NA
"95","TCDM_2_X5_66_3_i","TCDM_2_G05_X5_66_3_i","SampleID: TCDM_2_G05_X5_66_3_i; RNAseq Plate ID: TCDM_2; RNAseq Plate Well ID: G05 Year: 2022; Accession: ITH21F005P066; Block: 3; Root: 3; Tissue layer: inner; Greenhouse grown in 10in pot in Ithaca NY USA; Harvested 5MAP","209165_HY5CNBGXT_TCDM_2_G05_X5_66_3_i_CAACAG_S39",NA
"96","TCDM_2_X5_66_2_o","TCDM_2_A06_X5_66_2_o","SampleID: TCDM_2_A06_X5_66_2_o; RNAseq Plate ID: TCDM_2; RNAseq Plate Well ID: A06 Year: 2022; Accession: ITH21F005P066; Block: 3; Root: 2; Tissue layer: outer; Greenhouse grown in 10in pot in Ithaca NY USA; Harvested 5MAP","209167_HY5CNBGXT_TCDM_2_A06_X5_66_2_o_CTCTCG_S41",NA
"97","TCDM_2_A27_3_2_i","TCDM_2_B06_A27_3_2_i","SampleID: TCDM_2_B06_A27_3_2_i; RNAseq Plate ID: TCDM_2; RNAseq Plate Well ID: B06 Year: 2022; Accession: HIL16A027; Block: 3; Root: 2; Tissue layer: inner; Greenhouse grown in 10in pot in Ithaca NY USA; Harvested 5MAP","209168_HY5CNBGXT_TCDM_2_B06_A27_3_2_i_TGACAC_S42",NA
"98","TCDM_2_C64_3_1_o","TCDM_2_C06_C64_3_1_o","SampleID: TCDM_2_C06_C64_3_1_o; RNAseq Plate ID: TCDM_2; RNAseq Plate Well ID: C06 Year: 2022; Accession: HIL16C064; Block: 3; Root: 1; Tissue layer: outer; Greenhouse grown in 10in pot in Ithaca NY USA; Harvested 5MAP","209169_HY5CNBGXT_TCDM_2_C06_C64_3_1_o_AAGACA_S43",NA
"99","TCDM_2_X9_35_2_i","TCDM_2_D06_X9_35_2_i","SampleID: TCDM_2_D06_X9_35_2_i; RNAseq Plate ID: TCDM_2; RNAseq Plate Well ID: D06 Year: 2022; Accession: ITH21F009P035; Block: 3; Root: 2; Tissue layer: inner; Greenhouse grown in 10in pot in Ithaca NY USA; Harvested 5MAP","209170_HY5CNBGXT_TCDM_2_D06_X9_35_2_i_ACAGAT_S44",NA
"100","TCDM_2_C64_3_1_i","TCDM_2_E06_C64_3_1_i","SampleID: TCDM_2_E06_C64_3_1_i; RNAseq Plate ID: TCDM_2; RNAseq Plate Well ID: E06 Year: 2022; Accession: HIL16C064; Block: 3; Root: 1; Tissue layer: inner; Greenhouse grown in 10in pot in Ithaca NY USA; Harvested 5MAP","209171_HY5CNBGXT_TCDM_2_E06_C64_3_1_i_TAGGCT_S45",NA
"101","TCDM_2_C14_3_1_o","TCDM_2_F06_C14_3_1_o","SampleID: TCDM_2_F06_C14_3_1_o; RNAseq Plate ID: TCDM_2; RNAseq Plate Well ID: F06 Year: 2022; Accession: HIL16C014; Block: 3; Root: 1; Tissue layer: outer; Greenhouse grown in 10in pot in Ithaca NY USA; Harvested 5MAP","209172_HY5CNBGXT_TCDM_2_F06_C14_3_1_o_CTCCAT_S46",NA
"102","TCDM_2_X9_35_2_o","TCDM_2_G06_X9_35_2_o","SampleID: TCDM_2_G06_X9_35_2_o; RNAseq Plate ID: TCDM_2; RNAseq Plate Well ID: G06 Year: 2022; Accession: ITH21F009P035; Block: 3; Root: 2; Tissue layer: outer; Greenhouse grown in 10in pot in Ithaca NY USA; Harvested 5MAP","209173_HY5CNBGXT_TCDM_2_G06_X9_35_2_o_GCATGG_S47",NA
"103","TCDM_2_C64_3_2_o","TCDM_2_H06_C64_3_2_o","SampleID: TCDM_2_H06_C64_3_2_o; RNAseq Plate ID: TCDM_2; RNAseq Plate Well ID: H06 Year: 2022; Accession: HIL16C064; Block: 3; Root: 2; Tissue layer: outer; Greenhouse grown in 10in pot in Ithaca NY USA; Harvested 5MAP","209174_HY5CNBGXT_TCDM_2_H06_C64_3_2_o_AATAGC_S48",NA
"104","TCDM_2_X9_35_1_i","TCDM_2_A07_X9_35_1_i","SampleID: TCDM_2_A07_X9_35_1_i; RNAseq Plate ID: TCDM_2; RNAseq Plate Well ID: A07 Year: 2022; Accession: ITH21F009P035; Block: 3; Root: 1; Tissue layer: inner; Greenhouse grown in 10in pot in Ithaca NY USA; Harvested 5MAP","209175_HY5CNBGXT_TCDM_2_A07_X9_35_1_i_GTGCCA_S49",NA
"105","TCDM_2_C64_3_3_i","TCDM_2_B07_C64_3_3_i","SampleID: TCDM_2_B07_C64_3_3_i; RNAseq Plate ID: TCDM_2; RNAseq Plate Well ID: B07 Year: 2022; Accession: HIL16C064; Block: 3; Root: 3; Tissue layer: inner; Greenhouse grown in 10in pot in Ithaca NY USA; Harvested 5MAP","209176_HY5CNBGXT_TCDM_2_B07_C64_3_3_i_TCGAGG_S50",NA
"106","TCDM_2_C17_3_3_i","TCDM_2_C07_C17_3_3_i","SampleID: TCDM_2_C07_C17_3_3_i; RNAseq Plate ID: TCDM_2; RNAseq Plate Well ID: C07 Year: 2022; Accession: HIL16C017; Block: 3; Root: 3; Tissue layer: inner; Greenhouse grown in 10in pot in Ithaca NY USA; Harvested 5MAP","209177_HY5CNBGXT_TCDM_2_C07_C17_3_3_i_CACTAA_S51",NA
"107","TCDM_2_X2_24_3_i","TCDM_2_E07_X2_24_3_i","SampleID: TCDM_2_E07_X2_24_3_i; RNAseq Plate ID: TCDM_2; RNAseq Plate Well ID: E07 Year: 2022; Accession: ITH21F002P024; Block: 4; Root: 3; Tissue layer: inner; Greenhouse grown in 10in pot in Ithaca NY USA; Harvested 5MAP","209179_HY5CNBGXT_TCDM_2_E07_X2_24_3_i_CGCCTG_S53",NA
"108","TCDM_2_X2_24_2_o","TCDM_2_F07_X2_24_2_o","SampleID: TCDM_2_F07_X2_24_2_o; RNAseq Plate ID: TCDM_2; RNAseq Plate Well ID: F07 Year: 2022; Accession: ITH21F002P024; Block: 4; Root: 2; Tissue layer: outer; Greenhouse grown in 10in pot in Ithaca NY USA; Harvested 5MAP","209180_HY5CNBGXT_TCDM_2_F07_X2_24_2_o_AATGAA_S54",NA
"109","TCDM_2_X2_24_1_o","TCDM_2_G07_X2_24_1_o","SampleID: TCDM_2_G07_X2_24_1_o; RNAseq Plate ID: TCDM_2; RNAseq Plate Well ID: G07 Year: 2022; Accession: ITH21F002P024; Block: 4; Root: 1; Tissue layer: outer; Greenhouse grown in 10in pot in Ithaca NY USA; Harvested 5MAP","209181_HY5CNBGXT_TCDM_2_G07_X2_24_1_o_ACAACG_S55",NA
"110","TCDM_2_X10_39_2_i","TCDM_2_H07_X10_39_2_i","SampleID: TCDM_2_H07_X10_39_2_i; RNAseq Plate ID: TCDM_2; RNAseq Plate Well ID: H07 Year: 2022; Accession: ITH21F010P039; Block: 4; Root: 2; Tissue layer: inner; Greenhouse grown in 10in pot in Ithaca NY USA; Harvested 5MAP","209182_HY5CNBGXT_TCDM_2_H07_X10_39_2_i_ATATCC_S56",NA
"111","TCDM_2_X2_24_3_o","TCDM_2_A08_X2_24_3_o","SampleID: TCDM_2_A08_X2_24_3_o; RNAseq Plate ID: TCDM_2; RNAseq Plate Well ID: A08 Year: 2022; Accession: ITH21F002P024; Block: 4; Root: 3; Tissue layer: outer; Greenhouse grown in 10in pot in Ithaca NY USA; Harvested 5MAP","209183_HY5CNBGXT_TCDM_2_A08_X2_24_3_o_AGTACT_S57",NA
"112","TCDM_2_X2_24_2_i","TCDM_2_B08_X2_24_2_i","SampleID: TCDM_2_B08_X2_24_2_i; RNAseq Plate ID: TCDM_2; RNAseq Plate Well ID: B08 Year: 2022; Accession: ITH21F002P024; Block: 4; Root: 2; Tissue layer: inner; Greenhouse grown in 10in pot in Ithaca NY USA; Harvested 5MAP","209184_HY5CNBGXT_TCDM_2_B08_X2_24_2_i_ATAAGA_S58",NA
"113","TCDM_2_X10_39_3_o","TCDM_2_C08_X10_39_3_o","SampleID: TCDM_2_C08_X10_39_3_o; RNAseq Plate ID: TCDM_2; RNAseq Plate Well ID: C08 Year: 2022; Accession: ITH21F010P039; Block: 4; Root: 3; Tissue layer: outer; Greenhouse grown in 10in pot in Ithaca NY USA; Harvested 5MAP","209185_HY5CNBGXT_TCDM_2_C08_X10_39_3_o_GGTGAG_S59",NA
"114","TCDM_2_X10_39_2_o","TCDM_2_D08_X10_39_2_o","SampleID: TCDM_2_D08_X10_39_2_o; RNAseq Plate ID: TCDM_2; RNAseq Plate Well ID: D08 Year: 2022; Accession: ITH21F010P039; Block: 4; Root: 2; Tissue layer: outer; Greenhouse grown in 10in pot in Ithaca NY USA; Harvested 5MAP","209186_HY5CNBGXT_TCDM_2_D08_X10_39_2_o_TTCCGC_S60",NA
"115","TCDM_2_X2_24_1_i","TCDM_2_E08_X2_24_1_i","SampleID: TCDM_2_E08_X2_24_1_i; RNAseq Plate ID: TCDM_2; RNAseq Plate Well ID: E08 Year: 2022; Accession: ITH21F002P024; Block: 4; Root: 1; Tissue layer: inner; Greenhouse grown in 10in pot in Ithaca NY USA; Harvested 5MAP","209187_HY5CNBGXT_TCDM_2_E08_X2_24_1_i_GAAGTG_S61",NA
"116","TCDM_2_X10_39_3_i","TCDM_2_F08_X10_39_3_i","SampleID: TCDM_2_F08_X10_39_3_i; RNAseq Plate ID: TCDM_2; RNAseq Plate Well ID: F08 Year: 2022; Accession: ITH21F010P039; Block: 4; Root: 3; Tissue layer: inner; Greenhouse grown in 10in pot in Ithaca NY USA; Harvested 5MAP","209188_HY5CNBGXT_TCDM_2_F08_X10_39_3_i_CAATGC_S62",NA
"117","TCDM_2_X5_36_3_i","TCDM_2_G08_X5_36_3_i","SampleID: TCDM_2_G08_X5_36_3_i; RNAseq Plate ID: TCDM_2; RNAseq Plate Well ID: G08 Year: 2022; Accession: ITH21F005P036; Block: 4; Root: 3; Tissue layer: inner; Greenhouse grown in 10in pot in Ithaca NY USA; Harvested 5MAP","209189_HY5CNBGXT_TCDM_2_G08_X5_36_3_i_ACGTCT_S63",NA
"118","TCDM_2_C64_4_2_i","TCDM_2_H08_C64_4_2_i","SampleID: TCDM_2_H08_C64_4_2_i; RNAseq Plate ID: TCDM_2; RNAseq Plate Well ID: H08 Year: 2022; Accession: HIL16C064; Block: 4; Root: 2; Tissue layer: inner; Greenhouse grown in 10in pot in Ithaca NY USA; Harvested 5MAP","209190_HY5CNBGXT_TCDM_2_H08_C64_4_2_i_CAGGAC_S64",NA
"119","TCDM_2_C64_4_3_i","TCDM_2_A09_C64_4_3_i","SampleID: TCDM_2_A09_C64_4_3_i; RNAseq Plate ID: TCDM_2; RNAseq Plate Well ID: A09 Year: 2022; Accession: HIL16C064; Block: 4; Root: 3; Tissue layer: inner; Greenhouse grown in 10in pot in Ithaca NY USA; Harvested 5MAP","209191_HY5CNBGXT_TCDM_2_A09_C64_4_3_i_AAGCTC_S65",NA
"120","TCDM_2_X5_36_2_i","TCDM_2_B09_X5_36_2_i","SampleID: TCDM_2_B09_X5_36_2_i; RNAseq Plate ID: TCDM_2; RNAseq Plate Well ID: B09 Year: 2022; Accession: ITH21F005P036; Block: 4; Root: 2; Tissue layer: inner; Greenhouse grown in 10in pot in Ithaca NY USA; Harvested 5MAP","209192_HY5CNBGXT_TCDM_2_B09_X5_36_2_i_GACGAT_S66",NA
"121","TCDM_2_C64_4_1_i","TCDM_2_C09_C64_4_1_i","SampleID: TCDM_2_C09_C64_4_1_i; RNAseq Plate ID: TCDM_2; RNAseq Plate Well ID: C09 Year: 2022; Accession: HIL16C064; Block: 4; Root: 1; Tissue layer: inner; Greenhouse grown in 10in pot in Ithaca NY USA; Harvested 5MAP","209193_HY5CNBGXT_TCDM_2_C09_C64_4_1_i_TCGTTC_S67",NA
"122","TCDM_2_C14_4_3_o","TCDM_2_D09_C14_4_3_o","SampleID: TCDM_2_D09_C14_4_3_o; RNAseq Plate ID: TCDM_2; RNAseq Plate Well ID: D09 Year: 2022; Accession: HIL16C014; Block: NA; Root: 3; Tissue layer: outer; Greenhouse grown in 10in pot in Ithaca NY USA; Harvested 5MAP","209194_HY5CNBGXT_TCDM_2_D09_C14_4_3_o_CCAATT_S68",NA
"123","TCDM_2_C64_4_2_o","TCDM_2_E09_C64_4_2_o","SampleID: TCDM_2_E09_C64_4_2_o; RNAseq Plate ID: TCDM_2; RNAseq Plate Well ID: E09 Year: 2022; Accession: HIL16C064; Block: 4; Root: 2; Tissue layer: outer; Greenhouse grown in 10in pot in Ithaca NY USA; Harvested 5MAP","209195_HY5CNBGXT_TCDM_2_E09_C64_4_2_o_AGTTGA_S69",NA
"124","TCDM_2_C64_4_1_o","TCDM_2_F09_C64_4_1_o","SampleID: TCDM_2_F09_C64_4_1_o; RNAseq Plate ID: TCDM_2; RNAseq Plate Well ID: F09 Year: 2022; Accession: HIL16C064; Block: 4; Root: 1; Tissue layer: outer; Greenhouse grown in 10in pot in Ithaca NY USA; Harvested 5MAP","209196_HY5CNBGXT_TCDM_2_F09_C64_4_1_o_AACCGA_S70",NA
"125","TCDM_2_X5_36_1_i","TCDM_2_G09_X5_36_1_i","SampleID: TCDM_2_G09_X5_36_1_i; RNAseq Plate ID: TCDM_2; RNAseq Plate Well ID: G09 Year: 2022; Accession: ITH21F005P036; Block: 4; Root: 1; Tissue layer: inner; Greenhouse grown in 10in pot in Ithaca NY USA; Harvested 5MAP","209197_HY5CNBGXT_TCDM_2_G09_X5_36_1_i_CAGATG_S71",NA
"126","TCDM_2_X5_36_2_o","TCDM_2_H09_X5_36_2_o","SampleID: TCDM_2_H09_X5_36_2_o; RNAseq Plate ID: TCDM_2; RNAseq Plate Well ID: H09 Year: 2022; Accession: ITH21F005P036; Block: 4; Root: 2; Tissue layer: outer; Greenhouse grown in 10in pot in Ithaca NY USA; Harvested 5MAP","209198_HY5CNBGXT_TCDM_2_H09_X5_36_2_o_GTAGAA_S72",NA
"127","TCDM_2_A03_4_2_i","TCDM_2_A10_A03_4_2_i","SampleID: TCDM_2_A10_A03_4_2_i; RNAseq Plate ID: TCDM_2; RNAseq Plate Well ID: A10 Year: 2022; Accession: HIL16A003; Block: 4; Root: 2; Tissue layer: inner; Greenhouse grown in 10in pot in Ithaca NY USA; Harvested 5MAP","209199_HY5CNBGXT_TCDM_2_A10_A03_4_2_i_GACATC_S73",NA
"128","TCDM_2_A03_4_3_o","TCDM_2_B10_A03_4_3_o","SampleID: TCDM_2_B10_A03_4_3_o; RNAseq Plate ID: TCDM_2; RNAseq Plate Well ID: B10 Year: 2022; Accession: HIL16A003; Block: 4; Root: 3; Tissue layer: outer; Greenhouse grown in 10in pot in Ithaca NY USA; Harvested 5MAP","209200_HY5CNBGXT_TCDM_2_B10_A03_4_3_o_CGATCT_S74",NA
"129","TCDM_2_A27_4_1_i","TCDM_2_C10_A27_4_1_i","SampleID: TCDM_2_C10_A27_4_1_i; RNAseq Plate ID: TCDM_2; RNAseq Plate Well ID: C10 Year: 2022; Accession: HIL16A027; Block: 4; Root: 1; Tissue layer: inner; Greenhouse grown in 10in pot in Ithaca NY USA; Harvested 5MAP","209201_HY5CNBGXT_TCDM_2_C10_A27_4_1_i_CGTCGC_S75",NA
"130","TCDM_2_A27_4_2_o","TCDM_2_E10_A27_4_2_o","SampleID: TCDM_2_E10_A27_4_2_o; RNAseq Plate ID: TCDM_2; RNAseq Plate Well ID: E10 Year: 2022; Accession: HIL16A027; Block: 4; Root: 2; Tissue layer: outer; Greenhouse grown in 10in pot in Ithaca NY USA; Harvested 5MAP","209203_HY5CNBGXT_TCDM_2_E10_A27_4_2_o_ATTGGT_S77",NA
"131","TCDM_2_X4_42_1_o","TCDM_2_F10_X4_24_1_o","SampleID: TCDM_2_F10_X4_24_1_o; RNAseq Plate ID: TCDM_2; RNAseq Plate Well ID: F10 Year: 2022; Accession: ITH21F004P042; Block: 4; Root: 1; Tissue layer: outer; Greenhouse grown in 10in pot in Ithaca NY USA; Harvested 5MAP","209204_HY5CNBGXT_TCDM_2_F10_X4_24_1_o_GCCACA_S78",NA
"132","TCDM_2_A27_4_2_i","TCDM_2_G10_A27_4_2_i","SampleID: TCDM_2_G10_A27_4_2_i; RNAseq Plate ID: TCDM_2; RNAseq Plate Well ID: G10 Year: 2022; Accession: HIL16A027; Block: 4; Root: 2; Tissue layer: inner; Greenhouse grown in 10in pot in Ithaca NY USA; Harvested 5MAP","209205_HY5CNBGXT_TCDM_2_G10_A27_4_2_i_CATCTA_S79",NA
"133","TCDM_2_A27_4_3_i","TCDM_2_H10_A27_4_3_i","SampleID: TCDM_2_H10_A27_4_3_i; RNAseq Plate ID: TCDM_2; RNAseq Plate Well ID: H10 Year: 2022; Accession: HIL16A027; Block: 4; Root: 3; Tissue layer: inner; Greenhouse grown in 10in pot in Ithaca NY USA; Harvested 5MAP","209206_HY5CNBGXT_TCDM_2_H10_A27_4_3_i_AACAAG_S80",NA
"134","TCDM_2_X4_42_2_o","TCDM_2_A11_X4_24_2_o","SampleID: TCDM_2_A11_X4_24_2_o; RNAseq Plate ID: TCDM_2; RNAseq Plate Well ID: A11 Year: 2022; Accession: ITH21F004P042; Block: 4; Root: 2; Tissue layer: outer; Greenhouse grown in 10in pot in Ithaca NY USA; Harvested 5MAP","209207_HY5CNBGXT_TCDM_2_A11_X4_24_2_o_GCAGCC_S81",NA
"135","TCDM_2_X4_42_1_i","TCDM_2_B11_X4_24_1_i","SampleID: TCDM_2_B11_X4_24_1_i; RNAseq Plate ID: TCDM_2; RNAseq Plate Well ID: B11 Year: 2022; Accession: ITH21F004P042; Block: 4; Root: 1; Tissue layer: inner; Greenhouse grown in 10in pot in Ithaca NY USA; Harvested 5MAP","209208_HY5CNBGXT_TCDM_2_B11_X4_24_1_i_ACTCTT_S82",NA
"136","TCDM_2_X4_42_2_i","TCDM_2_D11_X4_24_2_i","SampleID: TCDM_2_D11_X4_24_2_i; RNAseq Plate ID: TCDM_2; RNAseq Plate Well ID: D11 Year: 2022; Accession: ITH21F004P042; Block: 4; Root: 2; Tissue layer: inner; Greenhouse grown in 10in pot in Ithaca NY USA; Harvested 5MAP","209210_HY5CNBGXT_TCDM_2_D11_X4_24_2_i_AAGTGG_S84",NA
"137","TCDM_2_X4_42_3_o","TCDM_2_E11_X4_24_3_o","SampleID: TCDM_2_E11_X4_24_3_o; RNAseq Plate ID: TCDM_2; RNAseq Plate Well ID: E11 Year: 2022; Accession: ITH21F004P042; Block: 4; Root: 3; Tissue layer: outer; Greenhouse grown in 10in pot in Ithaca NY USA; Harvested 5MAP","209211_HY5CNBGXT_TCDM_2_E11_X4_24_3_o_CTCATA_S85",NA
"138","TCDM_2_A03_4_1_i","TCDM_2_G11_A03_4_1_i","SampleID: TCDM_2_G11_A03_4_1_i; RNAseq Plate ID: TCDM_2; RNAseq Plate Well ID: G11 Year: 2022; Accession: HIL16A003; Block: 4; Root: 1; Tissue layer: inner; Greenhouse grown in 10in pot in Ithaca NY USA; Harvested 5MAP","209213_HY5CNBGXT_TCDM_2_G11_A03_4_1_i_GGCCAA_S87",NA
"139","TCDM_2_X8_37_2_i","TCDM_2_H11_X8_37_2_i","SampleID: TCDM_2_H11_X8_37_2_i; RNAseq Plate ID: TCDM_2; RNAseq Plate Well ID: H11 Year: 2022; Accession: ITH21F008P037; Block: 4; Root: 2; Tissue layer: inner; Greenhouse grown in 10in pot in Ithaca NY USA; Harvested 5MAP","209214_HY5CNBGXT_TCDM_2_H11_X8_37_2_i_AGACCA_S88",NA
"140","TCDM_2_X4_42_3_i","TCDM_2_A12_X4_24_3_i","SampleID: TCDM_2_A12_X4_24_3_i; RNAseq Plate ID: TCDM_2; RNAseq Plate Well ID: A12 Year: 2022; Accession: ITH21F004P042; Block: 4; Root: 3; Tissue layer: inner; Greenhouse grown in 10in pot in Ithaca NY USA; Harvested 5MAP","209215_HY5CNBGXT_TCDM_2_A12_X4_24_3_i_CGCGGA_S89",NA
"141","TCDM_2_X8_37_3_o","TCDM_2_B12_X8_37_3_o","SampleID: TCDM_2_B12_X8_37_3_o; RNAseq Plate ID: TCDM_2; RNAseq Plate Well ID: B12 Year: 2022; Accession: ITH21F008P037; Block: 4; Root: 3; Tissue layer: outer; Greenhouse grown in 10in pot in Ithaca NY USA; Harvested 5MAP","209216_HY5CNBGXT_TCDM_2_B12_X8_37_3_o_CCTGCT_S90",NA
"142","TCDM_2_X8_37_2_o","TCDM_2_C12_X8_37_2_o","SampleID: TCDM_2_C12_X8_37_2_o; RNAseq Plate ID: TCDM_2; RNAseq Plate Well ID: C12 Year: 2022; Accession: ITH21F008P037; Block: 4; Root: 2; Tissue layer: outer; Greenhouse grown in 10in pot in Ithaca NY USA; Harvested 5MAP","209217_HY5CNBGXT_TCDM_2_C12_X8_37_2_o_GCGCTG_S91",NA
"143","TCDM_2_X8_37_1_o","TCDM_2_D12_X8_37_1_o","SampleID: TCDM_2_D12_X8_37_1_o; RNAseq Plate ID: TCDM_2; RNAseq Plate Well ID: D12 Year: 2022; Accession: ITH21F008P037; Block: 4; Root: 1; Tissue layer: outer; Greenhouse grown in 10in pot in Ithaca NY USA; Harvested 5MAP","209218_HY5CNBGXT_TCDM_2_D12_X8_37_1_o_GAACCT_S92",NA
"144","TCDM_2_X8_37_3_i","TCDM_2_E12_X8_37_3_i","SampleID: TCDM_2_E12_X8_37_3_i; RNAseq Plate ID: TCDM_2; RNAseq Plate Well ID: E12 Year: 2022; Accession: ITH21F008P037; Block: 4; Root: 3; Tissue layer: inner; Greenhouse grown in 10in pot in Ithaca NY USA; Harvested 5MAP","209219_HY5CNBGXT_TCDM_2_E12_X8_37_3_i_TTCGAG_S93",NA
"145","TCDM_2_C14_4_1_i","TCDM_2_F12_C14_4_1_i","SampleID: TCDM_2_F12_C14_4_1_i; RNAseq Plate ID: TCDM_2; RNAseq Plate Well ID: F12 Year: 2022; Accession: HIL16C014; Block: 4; Root: 1; Tissue layer: inner; Greenhouse grown in 10in pot in Ithaca NY USA; Harvested 5MAP","209220_HY5CNBGXT_TCDM_2_F12_C14_4_1_i_AGAATC_S94",NA
"146","TCDM_2_X8_37_1_i","TCDM_2_G12_X8_37_1_i","SampleID: TCDM_2_G12_X8_37_1_i; RNAseq Plate ID: TCDM_2; RNAseq Plate Well ID: G12 Year: 2022; Accession: ITH21F008P037; Block: 4; Root: 1; Tissue layer: inner; Greenhouse grown in 10in pot in Ithaca NY USA; Harvested 5MAP","209221_HY5CNBGXT_TCDM_2_G12_X8_37_1_i_AGGCAT_S95",NA
"147","TCDM_2_C14_4_1_o","TCDM_2_H12_C14_4_1_o","SampleID: TCDM_2_H12_C14_4_1_o; RNAseq Plate ID: TCDM_2; RNAseq Plate Well ID: H12 Year: 2022; Accession: HIL16C014; Block: 4; Root: 1; Tissue layer: outer; Greenhouse grown in 10in pot in Ithaca NY USA; Harvested 5MAP","209222_HY5CNBGXT_TCDM_2_H12_C14_4_1_o_ACACGC_S96",NA
"148","TCDM_3_115_X1_54_rt1_i","A03_115_X1_54_rt1_i","SampleID: A03_115_X1_54_rt1_i; RNAseq Plate ID: TCDM_3; RNAseq Plate Well ID: A03 Year: 2024; Accession: ITH21F001P054; Block: 1; Root: 1; Tissue layer: inner; Greenhouse grown in 10in pot in Ithaca NY USA; Harvested 8MAP","3_A03_115_X1_54_rt1_i_10479813_22MM3HLT4_L3_R1","3_A03_115_X1_54_rt1_i_10479813_22MM3HLT4_L3_R2"
"149","TCDM_3_113_C17_rt2_i","A05_113_C17_rt2_i","SampleID: A05_113_C17_rt2_i; RNAseq Plate ID: TCDM_3; RNAseq Plate Well ID: A05 Year: 2024; Accession: HIL16C017; Block: 1; Root: 2; Tissue layer: inner; Greenhouse grown in 10in pot in Ithaca NY USA; Harvested 7MAP","3_A05_113_C17_rt2_i_10479813_22MM3HLT4_L3_R1","3_A05_113_C17_rt2_i_10479813_22MM3HLT4_L3_R2"
"150","TCDM_3_206_C17_rt3_o","A06_206_C17_rt3_o","SampleID: A06_206_C17_rt3_o; RNAseq Plate ID: TCDM_3; RNAseq Plate Well ID: A06 Year: 2024; Accession: HIL16C017; Block: 2; Root: 3; Tissue layer: outer; Greenhouse grown in 10in pot in Ithaca NY USA; Harvested 6MAP","3_A06_206_C17_rt3_o_10479813_22MM3HLT4_L3_R1","3_A06_206_C17_rt3_o_10479813_22MM3HLT4_L3_R2"
"151","TCDM_3_304_X5_31_rt2_i","A07_304_X5_31_rt2_i","SampleID: A07_304_X5_31_rt2_i; RNAseq Plate ID: TCDM_3; RNAseq Plate Well ID: A07 Year: 2024; Accession: ITH21F005P031; Block: 3; Root: 2; Tissue layer: inner; Greenhouse grown in 10in pot in Ithaca NY USA; Harvested 9MAP","3_A07_304_X5_31_rt2_i_10479813_22MM3HLT4_L3_R1","3_A07_304_X5_31_rt2_i_10479813_22MM3HLT4_L3_R2"
"152","TCDM_3_113_C17_rt3_i","A08_113_C17_rt3_i","SampleID: A08_113_C17_rt3_i; RNAseq Plate ID: TCDM_3; RNAseq Plate Well ID: A08 Year: 2024; Accession: HIL16C017; Block: 1; Root: 3; Tissue layer: inner; Greenhouse grown in 10in pot in Ithaca NY USA; Harvested 7MAP","3_A08_113_C17_rt3_i_10479813_22MM3HLT4_L3_R1","3_A08_113_C17_rt3_i_10479813_22MM3HLT4_L3_R2"
"153","TCDM_3_106_X4_46_rt2_i","A09_106_X4_46_rt2_i","SampleID: A09_106_X4_46_rt2_i; RNAseq Plate ID: TCDM_3; RNAseq Plate Well ID: A09 Year: 2024; Accession: ITH21F004P046; Block: 1; Root: 2; Tissue layer: inner; Greenhouse grown in 10in pot in Ithaca NY USA; Harvested 9MAP","3_A09_106_X4_46_rt2_i_10479813_22MM3HLT4_L3_R1","3_A09_106_X4_46_rt2_i_10479813_22MM3HLT4_L3_R2"
"154","TCDM_3_112_X4_67_rt3_o","A10_112_X4_67_rt3_o","SampleID: A10_112_X4_67_rt3_o; RNAseq Plate ID: TCDM_3; RNAseq Plate Well ID: A10 Year: 2024; Accession: ITH21F004P067; Block: 1; Root: 3; Tissue layer: outer; Greenhouse grown in 10in pot in Ithaca NY USA; Harvested 9MAP","3_A10_112_X4_67_rt3_o_10479813_22MM3HLT4_L3_R1","3_A10_112_X4_67_rt3_o_10479813_22MM3HLT4_L3_R2"
"155","TCDM_3_207_A04_rt2_i","A11_207_A04_rt2_i","SampleID: A11_207_A04_rt2_i; RNAseq Plate ID: TCDM_3; RNAseq Plate Well ID: A11 Year: 2024; Accession: HIL16A004; Block: 2; Root: 2; Tissue layer: inner; Greenhouse grown in 10in pot in Ithaca NY USA; Harvested 9MAP","3_A11_207_A04_rt2_i_10479813_22MM3HLT4_L3_R1","3_A11_207_A04_rt2_i_10479813_22MM3HLT4_L3_R2"
"156","TCDM_3_313_X1_54_rt1_i","B02_313_X1_54_rt1_i","SampleID: B02_313_X1_54_rt1_i; RNAseq Plate ID: TCDM_3; RNAseq Plate Well ID: B02 Year: 2024; Accession: ITH21F001P054; Block: 3; Root: 1; Tissue layer: inner; Greenhouse grown in 10in pot in Ithaca NY USA; Harvested 7MAP","3_B02_313_X1_54_rt1_i_10479813_22MM3HLT4_L3_R1","3_B02_313_X1_54_rt1_i_10479813_22MM3HLT4_L3_R2"
"157","TCDM_3_115_X1_54_rt1_o","B03_115_X1_54_rt1_o","SampleID: B03_115_X1_54_rt1_o; RNAseq Plate ID: TCDM_3; RNAseq Plate Well ID: B03 Year: 2024; Accession: ITH21F001P054; Block: 1; Root: 1; Tissue layer: outer; Greenhouse grown in 10in pot in Ithaca NY USA; Harvested 8MAP","3_B03_115_X1_54_rt1_o_10479813_22MM3HLT4_L3_R1","3_B03_115_X1_54_rt1_o_10479813_22MM3HLT4_L3_R2"
"158","TCDM_3_411_C17_rt1_o","B04_411_C17_rt1_o","SampleID: B04_411_C17_rt1_o; RNAseq Plate ID: TCDM_3; RNAseq Plate Well ID: B04 Year: 2024; Accession: HIL16C017; Block: 4; Root: 1; Tissue layer: outer; Greenhouse grown in 10in pot in Ithaca NY USA; Harvested 8MAP","3_B04_411_C17_rt1_o_10479813_22MM3HLT4_L3_R1","3_B04_411_C17_rt1_o_10479813_22MM3HLT4_L3_R2"
"159","TCDM_3_206_C17_rt1_i","B05_206_C17_rt1_i","SampleID: B05_206_C17_rt1_i; RNAseq Plate ID: TCDM_3; RNAseq Plate Well ID: B05 Year: 2024; Accession: HIL16C017; Block: 2; Root: 1; Tissue layer: inner; Greenhouse grown in 10in pot in Ithaca NY USA; Harvested 6MAP","3_B05_206_C17_rt1_i_10479813_22MM3HLT4_L3_R1","3_B05_206_C17_rt1_i_10479813_22MM3HLT4_L3_R2"
"160","TCDM_3_313_X1_54_rt2_o","B06_313_X1_54_rt2_o","SampleID: B06_313_X1_54_rt2_o; RNAseq Plate ID: TCDM_3; RNAseq Plate Well ID: B06 Year: 2024; Accession: ITH21F001P054; Block: 3; Root: 2; Tissue layer: outer; Greenhouse grown in 10in pot in Ithaca NY USA; Harvested 7MAP","3_B06_313_X1_54_rt2_o_10479813_22MM3HLT4_L3_R1","3_B06_313_X1_54_rt2_o_10479813_22MM3HLT4_L3_R2"
"161","TCDM_3_219_X2_24_rt1_o","B07_219_X2_24_rt1_o","SampleID: B07_219_X2_24_rt1_o; RNAseq Plate ID: TCDM_3; RNAseq Plate Well ID: B07 Year: 2024; Accession: ITH21F002P024; Block: 2; Root: 1; Tissue layer: outer; Greenhouse grown in 10in pot in Ithaca NY USA; Harvested 8MAP","3_B07_219_X2_24_rt1_o_10479813_22MM3HLT4_L3_R1","3_B07_219_X2_24_rt1_o_10479813_22MM3HLT4_L3_R2"
"162","TCDM_3_206_C17_rt3_i","B08_206_C17_rt3_i","SampleID: B08_206_C17_rt3_i; RNAseq Plate ID: TCDM_3; RNAseq Plate Well ID: B08 Year: 2024; Accession: HIL16C017; Block: 2; Root: 3; Tissue layer: inner; Greenhouse grown in 10in pot in Ithaca NY USA; Harvested 6MAP","3_B08_206_C17_rt3_i_10479813_22MM3HLT4_L3_R1","3_B08_206_C17_rt3_i_10479813_22MM3HLT4_L3_R2"
"163","TCDM_3_106_X4_46_rt3_i","B09_106_X4_46_rt3_i","SampleID: B09_106_X4_46_rt3_i; RNAseq Plate ID: TCDM_3; RNAseq Plate Well ID: B09 Year: 2024; Accession: ITH21F004P046; Block: 1; Root: 3; Tissue layer: inner; Greenhouse grown in 10in pot in Ithaca NY USA; Harvested 9MAP","3_B09_106_X4_46_rt3_i_10479813_22MM3HLT4_L3_R1","3_B09_106_X4_46_rt3_i_10479813_22MM3HLT4_L3_R2"
"164","TCDM_3_118_C14_rt2_i","B10_118_C14_rt2_i","SampleID: B10_118_C14_rt2_i; RNAseq Plate ID: TCDM_3; RNAseq Plate Well ID: B10 Year: 2024; Accession: HIL16C014; Block: 1; Root: 2; Tissue layer: inner; Greenhouse grown in 10in pot in Ithaca NY USA; Harvested 9MAP","3_B10_118_C14_rt2_i_10479813_22MM3HLT4_L3_R1","3_B10_118_C14_rt2_i_10479813_22MM3HLT4_L3_R2"
"165","TCDM_3_220_X10_39_rt1_i","B12_220_X10_39_rt1_i","SampleID: B12_220_X10_39_rt1_i; RNAseq Plate ID: TCDM_3; RNAseq Plate Well ID: B12 Year: 2024; Accession: ITH21F010P039; Block: 2; Root: 1; Tissue layer: inner; Greenhouse grown in 10in pot in Ithaca NY USA; Harvested 9MAP","3_B12_220_X10_39_rt1_i_10479813_22MM3HLT4_L3_R1","3_B12_220_X10_39_rt1_i_10479813_22MM3HLT4_L3_R2"
"166","TCDM_3_313_X1_54_rt2_i","C02_313_X1_54_rt2_i","SampleID: C02_313_X1_54_rt2_i; RNAseq Plate ID: TCDM_3; RNAseq Plate Well ID: C02 Year: 2024; Accession: ITH21F001P054; Block: 3; Root: 2; Tissue layer: inner; Greenhouse grown in 10in pot in Ithaca NY USA; Harvested 7MAP","3_C02_313_X1_54_rt2_i_10479813_22MM3HLT4_L3_R1","3_C02_313_X1_54_rt2_i_10479813_22MM3HLT4_L3_R2"
"167","TCDM_3_115_X1_54_rt2_i","C03_115_X1_54_rt2_i","SampleID: C03_115_X1_54_rt2_i; RNAseq Plate ID: TCDM_3; RNAseq Plate Well ID: C03 Year: 2024; Accession: ITH21F001P054; Block: 1; Root: 2; Tissue layer: inner; Greenhouse grown in 10in pot in Ithaca NY USA; Harvested 8MAP","3_C03_115_X1_54_rt2_i_10479813_22MM3HLT4_L3_R1","3_C03_115_X1_54_rt2_i_10479813_22MM3HLT4_L3_R2"
"168","TCDM_3_411_C17_rt2_i","C04_411_C17_rt2_i","SampleID: C04_411_C17_rt2_i; RNAseq Plate ID: TCDM_3; RNAseq Plate Well ID: C04 Year: 2024; Accession: HIL16C017; Block: 4; Root: 2; Tissue layer: inner; Greenhouse grown in 10in pot in Ithaca NY USA; Harvested 8MAP","3_C04_411_C17_rt2_i_10479813_22MM3HLT4_L3_R1","3_C04_411_C17_rt2_i_10479813_22MM3HLT4_L3_R2"
"169","TCDM_3_113_C17_rt1_o","C06_113_C17_rt1_o","SampleID: C06_113_C17_rt1_o; RNAseq Plate ID: TCDM_3; RNAseq Plate Well ID: C06 Year: 2024; Accession: HIL16C017; Block: 1; Root: 1; Tissue layer: outer; Greenhouse grown in 10in pot in Ithaca NY USA; Harvested 7MAP","3_C06_113_C17_rt1_o_10479813_22MM3HLT4_L3_R1","3_C06_113_C17_rt1_o_10479813_22MM3HLT4_L3_R2"
"170","TCDM_3_109_X11_68_rt3_o","C07_109_X11_68_rt3_o","SampleID: C07_109_X11_68_rt3_o; RNAseq Plate ID: TCDM_3; RNAseq Plate Well ID: C07 Year: 2024; Accession: ITH21F011P068; Block: 1; Root: 3; Tissue layer: outer; Greenhouse grown in 10in pot in Ithaca NY USA; Harvested 6MAP","3_C07_109_X11_68_rt3_o_10479813_22MM3HLT4_L3_R1","3_C07_109_X11_68_rt3_o_10479813_22MM3HLT4_L3_R2"
"171","TCDM_3_206_C17_rt2_o","C08_206_C17_rt2_o","SampleID: C08_206_C17_rt2_o; RNAseq Plate ID: TCDM_3; RNAseq Plate Well ID: C08 Year: 2024; Accession: HIL16C017; Block: 2; Root: 2; Tissue layer: outer; Greenhouse grown in 10in pot in Ithaca NY USA; Harvested 6MAP","3_C08_206_C17_rt2_o_10479813_22MM3HLT4_L3_R1","3_C08_206_C17_rt2_o_10479813_22MM3HLT4_L3_R2"
"172","TCDM_3_106_X4_46_rt3_o","C09_106_X4_46_rt3_o","SampleID: C09_106_X4_46_rt3_o; RNAseq Plate ID: TCDM_3; RNAseq Plate Well ID: C09 Year: 2024; Accession: ITH21F004P046; Block: 1; Root: 3; Tissue layer: outer; Greenhouse grown in 10in pot in Ithaca NY USA; Harvested 9MAP","3_C09_106_X4_46_rt3_o_10479813_22MM3HLT4_L3_R1","3_C09_106_X4_46_rt3_o_10479813_22MM3HLT4_L3_R2"
"173","TCDM_3_118_C14_rt3_i","C10_118_C14_rt3_i","SampleID: C10_118_C14_rt3_i; RNAseq Plate ID: TCDM_3; RNAseq Plate Well ID: C10 Year: 2024; Accession: HIL16C014; Block: 1; Root: 3; Tissue layer: inner; Greenhouse grown in 10in pot in Ithaca NY USA; Harvested 9MAP","3_C10_118_C14_rt3_i_10479813_22MM3HLT4_L3_R1","3_C10_118_C14_rt3_i_10479813_22MM3HLT4_L3_R2"
"174","TCDM_3_210_X11_68_rt2_i","C11_210_X11_68_rt2_i","SampleID: C11_210_X11_68_rt2_i; RNAseq Plate ID: TCDM_3; RNAseq Plate Well ID: C11 Year: 2024; Accession: ITH21F011P068; Block: 2; Root: 2; Tissue layer: inner; Greenhouse grown in 10in pot in Ithaca NY USA; Harvested 9MAP","3_C11_210_X11_68_rt2_i_10479813_22MM3HLT4_L3_R1","3_C11_210_X11_68_rt2_i_10479813_22MM3HLT4_L3_R2"
"175","TCDM_3_220_X10_39_rt2_i","C12_220_X10_39_rt2_i","SampleID: C12_220_X10_39_rt2_i; RNAseq Plate ID: TCDM_3; RNAseq Plate Well ID: C12 Year: 2024; Accession: ITH21F010P039; Block: 2; Root: 2; Tissue layer: inner; Greenhouse grown in 10in pot in Ithaca NY USA; Harvested 9MAP","3_C12_220_X10_39_rt2_i_10479813_22MM3HLT4_L3_R1","3_C12_220_X10_39_rt2_i_10479813_22MM3HLT4_L3_R2"
"176","TCDM_3_115_X1_54_rt2_o","D03_115_X1_54_rt2_o","SampleID: D03_115_X1_54_rt2_o; RNAseq Plate ID: TCDM_3; RNAseq Plate Well ID: D03 Year: 2024; Accession: ITH21F001P054; Block: 1; Root: 2; Tissue layer: outer; Greenhouse grown in 10in pot in Ithaca NY USA; Harvested 8MAP","3_D03_115_X1_54_rt2_o_10479813_22MM3HLT4_L3_R1","3_D03_115_X1_54_rt2_o_10479813_22MM3HLT4_L3_R2"
"177","TCDM_3_302_C17_rt1_i","D04_302_C17_rt1_i","SampleID: D04_302_C17_rt1_i; RNAseq Plate ID: TCDM_3; RNAseq Plate Well ID: D04 Year: 2024; Accession: HIL16C017; Block: 3; Root: 1; Tissue layer: inner; Greenhouse grown in 10in pot in Ithaca NY USA; Harvested 9MAP","3_D04_302_C17_rt1_i_10479813_22MM3HLT4_L3_R1","3_D04_302_C17_rt1_i_10479813_22MM3HLT4_L3_R2"
"178","TCDM_3_219_X2_24_rt2_o","D05_219_X2_24_rt2_o","SampleID: D05_219_X2_24_rt2_o; RNAseq Plate ID: TCDM_3; RNAseq Plate Well ID: D05 Year: 2024; Accession: ITH21F002P024; Block: 2; Root: 2; Tissue layer: outer; Greenhouse grown in 10in pot in Ithaca NY USA; Harvested 8MAP","3_D05_219_X2_24_rt2_o_10479813_22MM3HLT4_L3_R1","3_D05_219_X2_24_rt2_o_10479813_22MM3HLT4_L3_R2"
"179","TCDM_3_303_X11_68_rt3_o","D07_303_X11_68_rt3_o","SampleID: D07_303_X11_68_rt3_o; RNAseq Plate ID: TCDM_3; RNAseq Plate Well ID: D07 Year: 2024; Accession: ITH21F011P068; Block: 3; Root: 3; Tissue layer: outer; Greenhouse grown in 10in pot in Ithaca NY USA; Harvested 8MAP","3_D07_303_X11_68_rt3_o_10479813_22MM3HLT4_L3_R1","3_D07_303_X11_68_rt3_o_10479813_22MM3HLT4_L3_R2"
"180","TCDM_3_105_X5_66_rt1_i","D08_105_X5_66_rt1_i","SampleID: D08_105_X5_66_rt1_i; RNAseq Plate ID: TCDM_3; RNAseq Plate Well ID: D08 Year: 2024; Accession: ITH21F005P066; Block: 1; Root: 1; Tissue layer: inner; Greenhouse grown in 10in pot in Ithaca NY USA; Harvested 9MAP","3_D08_105_X5_66_rt1_i_10479813_22MM3HLT4_L3_R1","3_D08_105_X5_66_rt1_i_10479813_22MM3HLT4_L3_R2"
"181","TCDM_3_107_X4_32_rt2_i","D09_107_X4_32_rt2_i","SampleID: D09_107_X4_32_rt2_i; RNAseq Plate ID: TCDM_3; RNAseq Plate Well ID: D09 Year: 2024; Accession: ITH21F004P032; Block: 1; Root: 2; Tissue layer: inner; Greenhouse grown in 10in pot in Ithaca NY USA; Harvested 9MAP","3_D09_107_X4_32_rt2_i_10479813_22MM3HLT4_L3_R1","3_D09_107_X4_32_rt2_i_10479813_22MM3HLT4_L3_R2"
"182","TCDM_3_118_C14_rt3_o","D10_118_C14_rt3_o","SampleID: D10_118_C14_rt3_o; RNAseq Plate ID: TCDM_3; RNAseq Plate Well ID: D10 Year: 2024; Accession: HIL16C014; Block: 1; Root: 3; Tissue layer: outer; Greenhouse grown in 10in pot in Ithaca NY USA; Harvested 9MAP","3_D10_118_C14_rt3_o_10479813_22MM3HLT4_L3_R1","3_D10_118_C14_rt3_o_10479813_22MM3HLT4_L3_R2"
"183","TCDM_3_210_X11_68_rt2_o","D11_210_X11_68_rt2_o","SampleID: D11_210_X11_68_rt2_o; RNAseq Plate ID: TCDM_3; RNAseq Plate Well ID: D11 Year: 2024; Accession: ITH21F011P068; Block: 2; Root: 2; Tissue layer: outer; Greenhouse grown in 10in pot in Ithaca NY USA; Harvested 9MAP","3_D11_210_X11_68_rt2_o_10479813_22MM3HLT4_L3_R1","3_D11_210_X11_68_rt2_o_10479813_22MM3HLT4_L3_R2"
"184","TCDM_3_302_C17_rt1_o","D12_302_C17_rt1_o","SampleID: D12_302_C17_rt1_o; RNAseq Plate ID: TCDM_3; RNAseq Plate Well ID: D12 Year: 2024; Accession: HIL16C017; Block: 3; Root: 1; Tissue layer: outer; Greenhouse grown in 10in pot in Ithaca NY USA; Harvested 9MAP","3_D12_302_C17_rt1_o_10479813_22MM3HLT4_L3_R1","3_D12_302_C17_rt1_o_10479813_22MM3HLT4_L3_R2"
"185","TCDM_3_115_X1_54_rt3_i","E03_115_X1_54_rt3_i","SampleID: E03_115_X1_54_rt3_i; RNAseq Plate ID: TCDM_3; RNAseq Plate Well ID: E03 Year: 2024; Accession: ITH21F001P054; Block: 1; Root: 3; Tissue layer: inner; Greenhouse grown in 10in pot in Ithaca NY USA; Harvested 8MAP","3_E03_115_X1_54_rt3_i_10479813_22MM3HLT4_L3_R1","3_E03_115_X1_54_rt3_i_10479813_22MM3HLT4_L3_R2"
"186","TCDM_3_418_X5_36_rt2_i","E04_418_X5_36_rt2_i","SampleID: E04_418_X5_36_rt2_i; RNAseq Plate ID: TCDM_3; RNAseq Plate Well ID: E04 Year: 2024; Accession: ITH21F005P036; Block: 4; Root: 2; Tissue layer: inner; Greenhouse grown in 10in pot in Ithaca NY USA; Harvested 9MAP","3_E04_418_X5_36_rt2_i_10479813_22MM3HLT4_L3_R1","3_E04_418_X5_36_rt2_i_10479813_22MM3HLT4_L3_R2"
"187","TCDM_3_417_X1_54_rt1_o","E05_417_X1_54_rt1_o","SampleID: E05_417_X1_54_rt1_o; RNAseq Plate ID: TCDM_3; RNAseq Plate Well ID: E05 Year: 2024; Accession: ITH21F001P054; Block: 4; Root: 1; Tissue layer: outer; Greenhouse grown in 10in pot in Ithaca NY USA; Harvested 6MAP","3_E05_417_X1_54_rt1_o_10479813_22MM3HLT4_L3_R1","3_E05_417_X1_54_rt1_o_10479813_22MM3HLT4_L3_R2"
"188","TCDM_3_109_X11_68_rt2_o","E06_109_X11_68_rt2_o","SampleID: E06_109_X11_68_rt2_o; RNAseq Plate ID: TCDM_3; RNAseq Plate Well ID: E06 Year: 2024; Accession: ITH21F011P068; Block: 1; Root: 2; Tissue layer: outer; Greenhouse grown in 10in pot in Ithaca NY USA; Harvested 6MAP","3_E06_109_X11_68_rt2_o_10479813_22MM3HLT4_L3_R1","3_E06_109_X11_68_rt2_o_10479813_22MM3HLT4_L3_R2"
"189","TCDM_3_417_X1_54_rt3_o","E07_417_X1_54_rt3_o","SampleID: E07_417_X1_54_rt3_o; RNAseq Plate ID: TCDM_3; RNAseq Plate Well ID: E07 Year: 2024; Accession: ITH21F001P054; Block: 4; Root: 3; Tissue layer: outer; Greenhouse grown in 10in pot in Ithaca NY USA; Harvested 6MAP","3_E07_417_X1_54_rt3_o_10479813_22MM3HLT4_L3_R1","3_E07_417_X1_54_rt3_o_10479813_22MM3HLT4_L3_R2"
"190","TCDM_3_105_X5_66_rt1_o","E08_105_X5_66_rt1_o","SampleID: E08_105_X5_66_rt1_o; RNAseq Plate ID: TCDM_3; RNAseq Plate Well ID: E08 Year: 2024; Accession: ITH21F005P066; Block: 1; Root: 1; Tissue layer: outer; Greenhouse grown in 10in pot in Ithaca NY USA; Harvested 9MAP","3_E08_105_X5_66_rt1_o_10479813_22MM3HLT4_L3_R1","3_E08_105_X5_66_rt1_o_10479813_22MM3HLT4_L3_R2"
"191","TCDM_3_107_X4_32_rt3_i","E09_107_X4_32_rt3_i","SampleID: E09_107_X4_32_rt3_i; RNAseq Plate ID: TCDM_3; RNAseq Plate Well ID: E09 Year: 2024; Accession: ITH21F004P032; Block: 1; Root: 3; Tissue layer: inner; Greenhouse grown in 10in pot in Ithaca NY USA; Harvested 9MAP","3_E09_107_X4_32_rt3_i_10479813_22MM3HLT4_L3_R1","3_E09_107_X4_32_rt3_i_10479813_22MM3HLT4_L3_R2"
"192","TCDM_3_205_X1_54_rt1_i","E10_205_X1_54_rt1_i","SampleID: E10_205_X1_54_rt1_i; RNAseq Plate ID: TCDM_3; RNAseq Plate Well ID: E10 Year: 2024; Accession: ITH21F001P054; Block: 2; Root: 1; Tissue layer: inner; Greenhouse grown in 10in pot in Ithaca NY USA; Harvested 9MAP","3_E10_205_X1_54_rt1_i_10479813_22MM3HLT4_L3_R1","3_E10_205_X1_54_rt1_i_10479813_22MM3HLT4_L3_R2"
"193","TCDM_3_210_X11_68_rt3_i","E11_210_X11_68_rt3_i","SampleID: E11_210_X11_68_rt3_i; RNAseq Plate ID: TCDM_3; RNAseq Plate Well ID: E11 Year: 2024; Accession: ITH21F011P068; Block: 2; Root: 3; Tissue layer: inner; Greenhouse grown in 10in pot in Ithaca NY USA; Harvested 9MAP","3_E11_210_X11_68_rt3_i_10479813_22MM3HLT4_L3_R1","3_E11_210_X11_68_rt3_i_10479813_22MM3HLT4_L3_R2"
"194","TCDM_3_302_C17_rt2_i","E12_302_C17_rt2_i","SampleID: E12_302_C17_rt2_i; RNAseq Plate ID: TCDM_3; RNAseq Plate Well ID: E12 Year: 2024; Accession: HIL16C017; Block: 3; Root: 2; Tissue layer: inner; Greenhouse grown in 10in pot in Ithaca NY USA; Harvested 9MAP","3_E12_302_C17_rt2_i_10479813_22MM3HLT4_L3_R1","3_E12_302_C17_rt2_i_10479813_22MM3HLT4_L3_R2"
"195","TCDM_3_417_X1_54_rt1_i","F01_417_X1_54_rt1_i","SampleID: F01_417_X1_54_rt1_i; RNAseq Plate ID: TCDM_3; RNAseq Plate Well ID: F01 Year: 2024; Accession: ITH21F001P054; Block: 4; Root: 1; Tissue layer: inner; Greenhouse grown in 10in pot in Ithaca NY USA; Harvested 6MAP","3_F01_417_X1_54_rt1_i_10479813_22MM3HLT4_L3_R1","3_F01_417_X1_54_rt1_i_10479813_22MM3HLT4_L3_R2"
"196","TCDM_3_412_X11_68_rt1_i","F04_412_X11_68_rt1_i","SampleID: F04_412_X11_68_rt1_i; RNAseq Plate ID: TCDM_3; RNAseq Plate Well ID: F04 Year: 2024; Accession: ITH21F011P068; Block: 4; Root: 1; Tissue layer: inner; Greenhouse grown in 10in pot in Ithaca NY USA; Harvested 7MAP","3_F04_412_X11_68_rt1_i_10479813_22MM3HLT4_L3_R1","3_F04_412_X11_68_rt1_i_10479813_22MM3HLT4_L3_R2"
"197","TCDM_3_206_C17_rt2_i","F05_206_C17_rt2_i","SampleID: F05_206_C17_rt2_i; RNAseq Plate ID: TCDM_3; RNAseq Plate Well ID: F05 Year: 2024; Accession: HIL16C017; Block: 2; Root: 2; Tissue layer: inner; Greenhouse grown in 10in pot in Ithaca NY USA; Harvested 6MAP","3_F05_206_C17_rt2_i_10479813_22MM3HLT4_L3_R1","3_F05_206_C17_rt2_i_10479813_22MM3HLT4_L3_R2"
"198","TCDM_3_219_X2_24_rt3_o","F06_219_X2_24_rt3_o","SampleID: F06_219_X2_24_rt3_o; RNAseq Plate ID: TCDM_3; RNAseq Plate Well ID: F06 Year: 2024; Accession: ITH21F002P024; Block: 2; Root: 3; Tissue layer: outer; Greenhouse grown in 10in pot in Ithaca NY USA; Harvested 8MAP","3_F06_219_X2_24_rt3_o_10479813_22MM3HLT4_L3_R1","3_F06_219_X2_24_rt3_o_10479813_22MM3HLT4_L3_R2"
"199","TCDM_3_101_X2_24_rt1_o","F07_101_X2_24_rt1_o","SampleID: F07_101_X2_24_rt1_o; RNAseq Plate ID: TCDM_3; RNAseq Plate Well ID: F07 Year: 2024; Accession: ITH21F002P024; Block: 1; Root: 1; Tissue layer: outer; Greenhouse grown in 10in pot in Ithaca NY USA; Harvested 7MAP","3_F07_101_X2_24_rt1_o_10479813_22MM3HLT4_L3_R1","3_F07_101_X2_24_rt1_o_10479813_22MM3HLT4_L3_R2"
"200","TCDM_3_105_X5_66_rt2_i","F08_105_X5_66_rt2_i","SampleID: F08_105_X5_66_rt2_i; RNAseq Plate ID: TCDM_3; RNAseq Plate Well ID: F08 Year: 2024; Accession: ITH21F005P066; Block: 1; Root: 2; Tissue layer: inner; Greenhouse grown in 10in pot in Ithaca NY USA; Harvested 9MAP","3_F08_105_X5_66_rt2_i_10479813_22MM3HLT4_L3_R1","3_F08_105_X5_66_rt2_i_10479813_22MM3HLT4_L3_R2"
"201","TCDM_3_112_X4_67_rt1_i","F09_112_X4_67_rt1_i","SampleID: F09_112_X4_67_rt1_i; RNAseq Plate ID: TCDM_3; RNAseq Plate Well ID: F09 Year: 2024; Accession: ITH21F004P067; Block: 1; Root: 1; Tissue layer: inner; Greenhouse grown in 10in pot in Ithaca NY USA; Harvested 9MAP","3_F09_112_X4_67_rt1_i_10479813_22MM3HLT4_L3_R1","3_F09_112_X4_67_rt1_i_10479813_22MM3HLT4_L3_R2"
"202","TCDM_3_205_X1_54_rt1_o","F10_205_X1_54_rt1_o","SampleID: F10_205_X1_54_rt1_o; RNAseq Plate ID: TCDM_3; RNAseq Plate Well ID: F10 Year: 2024; Accession: ITH21F001P054; Block: 2; Root: 1; Tissue layer: outer; Greenhouse grown in 10in pot in Ithaca NY USA; Harvested 9MAP","3_F10_205_X1_54_rt1_o_10479813_22MM3HLT4_L3_R1","3_F10_205_X1_54_rt1_o_10479813_22MM3HLT4_L3_R2"
"203","TCDM_3_210_X11_68_rt3_o","F11_210_X11_68_rt3_o","SampleID: F11_210_X11_68_rt3_o; RNAseq Plate ID: TCDM_3; RNAseq Plate Well ID: F11 Year: 2024; Accession: ITH21F011P068; Block: 2; Root: 3; Tissue layer: outer; Greenhouse grown in 10in pot in Ithaca NY USA; Harvested 9MAP","3_F11_210_X11_68_rt3_o_10479813_22MM3HLT4_L3_R1","3_F11_210_X11_68_rt3_o_10479813_22MM3HLT4_L3_R2"
"204","TCDM_3_302_C17_rt2_o","F12_302_C17_rt2_o","SampleID: F12_302_C17_rt2_o; RNAseq Plate ID: TCDM_3; RNAseq Plate Well ID: F12 Year: 2024; Accession: HIL16C017; Block: 3; Root: 2; Tissue layer: outer; Greenhouse grown in 10in pot in Ithaca NY USA; Harvested 9MAP","3_F12_302_C17_rt2_o_10479813_22MM3HLT4_L3_R1","3_F12_302_C17_rt2_o_10479813_22MM3HLT4_L3_R2"
"205","TCDM_3_417_X1_54_rt3_i","G01_417_X1_54_rt3_i","SampleID: G01_417_X1_54_rt3_i; RNAseq Plate ID: TCDM_3; RNAseq Plate Well ID: G01 Year: 2024; Accession: ITH21F001P054; Block: 4; Root: 3; Tissue layer: inner; Greenhouse grown in 10in pot in Ithaca NY USA; Harvested 6MAP","3_G01_417_X1_54_rt3_i_10479813_22MM3HLT4_L3_R1","3_G01_417_X1_54_rt3_i_10479813_22MM3HLT4_L3_R2"
"206","TCDM_3_412_X11_68_rt3_i","G02_412_X11_68_rt3_i","SampleID: G02_412_X11_68_rt3_i; RNAseq Plate ID: TCDM_3; RNAseq Plate Well ID: G02 Year: 2024; Accession: ITH21F011P068; Block: 4; Root: 3; Tissue layer: inner; Greenhouse grown in 10in pot in Ithaca NY USA; Harvested 7MAP","3_G02_412_X11_68_rt3_i_10479813_22MM3HLT4_L3_R1","3_G02_412_X11_68_rt3_i_10479813_22MM3HLT4_L3_R2"
"207","TCDM_3_219_X2_24_rt3_i","G03_219_X2_24_rt3_i","SampleID: G03_219_X2_24_rt3_i; RNAseq Plate ID: TCDM_3; RNAseq Plate Well ID: G03 Year: 2024; Accession: ITH21F002P024; Block: 2; Root: 3; Tissue layer: inner; Greenhouse grown in 10in pot in Ithaca NY USA; Harvested 8MAP","3_G03_219_X2_24_rt3_i_10479813_22MM3HLT4_L3_R1","3_G03_219_X2_24_rt3_i_10479813_22MM3HLT4_L3_R2"
"208","TCDM_3_219_X2_24_rt2_i","G04_219_X2_24_rt2_i","SampleID: G04_219_X2_24_rt2_i; RNAseq Plate ID: TCDM_3; RNAseq Plate Well ID: G04 Year: 2024; Accession: ITH21F002P024; Block: 2; Root: 2; Tissue layer: inner; Greenhouse grown in 10in pot in Ithaca NY USA; Harvested 8MAP","3_G04_219_X2_24_rt2_i_10479813_22MM3HLT4_L3_R1","3_G04_219_X2_24_rt2_i_10479813_22MM3HLT4_L3_R2"
"209","TCDM_3_113_C17_rt3_o","G07_113_C17_rt3_o","SampleID: G07_113_C17_rt3_o; RNAseq Plate ID: TCDM_3; RNAseq Plate Well ID: G07 Year: 2024; Accession: HIL16C017; Block: 1; Root: 3; Tissue layer: outer; Greenhouse grown in 10in pot in Ithaca NY USA; Harvested 7MAP","3_G07_113_C17_rt3_o_10479813_22MM3HLT4_L3_R1","3_G07_113_C17_rt3_o_10479813_22MM3HLT4_L3_R2"
"210","TCDM_3_105_X5_66_rt3_i","G08_105_X5_66_rt3_i","SampleID: G08_105_X5_66_rt3_i; RNAseq Plate ID: TCDM_3; RNAseq Plate Well ID: G08 Year: 2024; Accession: ITH21F005P066; Block: 1; Root: 3; Tissue layer: inner; Greenhouse grown in 10in pot in Ithaca NY USA; Harvested 9MAP","3_G08_105_X5_66_rt3_i_10479813_22MM3HLT4_L3_R1","3_G08_105_X5_66_rt3_i_10479813_22MM3HLT4_L3_R2"
"211","TCDM_3_112_X4_67_rt2_i","G09_112_X4_67_rt2_i","SampleID: G09_112_X4_67_rt2_i; RNAseq Plate ID: TCDM_3; RNAseq Plate Well ID: G09 Year: 2024; Accession: ITH21F004P067; Block: 1; Root: 2; Tissue layer: inner; Greenhouse grown in 10in pot in Ithaca NY USA; Harvested 9MAP","3_G09_112_X4_67_rt2_i_10479813_22MM3HLT4_L3_R1","3_G09_112_X4_67_rt2_i_10479813_22MM3HLT4_L3_R2"
"212","TCDM_3_218_X8_415_rt1_i","G11_218_X8_415_rt1_i","SampleID: G11_218_X8_415_rt1_i; RNAseq Plate ID: TCDM_3; RNAseq Plate Well ID: G11 Year: 2024; Accession: ITH21F008P041.5; Block: 2; Root: 1; Tissue layer: inner; Greenhouse grown in 10in pot in Ithaca NY USA; Harvested 9MAP","3_G11_218_X8_415_rt1_i_10479813_22MM3HLT4_L3_R1","3_G11_218_X8_415_rt1_i_10479813_22MM3HLT4_L3_R2"
"213","TCDM_3_302_C17_rt3_i","G12_302_C17_rt3_i","SampleID: G12_302_C17_rt3_i; RNAseq Plate ID: TCDM_3; RNAseq Plate Well ID: G12 Year: 2024; Accession: HIL16C017; Block: 3; Root: 3; Tissue layer: inner; Greenhouse grown in 10in pot in Ithaca NY USA; Harvested 9MAP","3_G12_302_C17_rt3_i_10479813_22MM3HLT4_L3_R1","3_G12_302_C17_rt3_i_10479813_22MM3HLT4_L3_R2"
"214","TCDM_3_101_X2_24_rt3_o","H01_101_X2_24_rt3_o","SampleID: H01_101_X2_24_rt3_o; RNAseq Plate ID: TCDM_3; RNAseq Plate Well ID: H01 Year: 2024; Accession: ITH21F002P024; Block: 1; Root: 3; Tissue layer: outer; Greenhouse grown in 10in pot in Ithaca NY USA; Harvested 7MAP","3_H01_101_X2_24_rt3_o_10479813_22MM3HLT4_L3_R1","3_H01_101_X2_24_rt3_o_10479813_22MM3HLT4_L3_R2"
"215","TCDM_3_109_X11_68_rt1_i","H06_109_X11_68_rt1_i","SampleID: H06_109_X11_68_rt1_i; RNAseq Plate ID: TCDM_3; RNAseq Plate Well ID: H06 Year: 2024; Accession: ITH21F011P068; Block: 1; Root: 1; Tissue layer: inner; Greenhouse grown in 10in pot in Ithaca NY USA; Harvested 6MAP","3_H06_109_X11_68_rt1_i_10479813_22MM3HLT4_L3_R1","3_H06_109_X11_68_rt1_i_10479813_22MM3HLT4_L3_R2"
"216","TCDM_3_403_A20_rt1_i","H07_403_A20_rt1_i","SampleID: H07_403_A20_rt1_i; RNAseq Plate ID: TCDM_3; RNAseq Plate Well ID: H07 Year: 2024; Accession: HIL16A020; Block: 4; Root: 1; Tissue layer: inner; Greenhouse grown in 10in pot in Ithaca NY USA; Harvested 9MAP","3_H07_403_A20_rt1_i_10479813_22MM3HLT4_L3_R1","3_H07_403_A20_rt1_i_10479813_22MM3HLT4_L3_R2"
"217","TCDM_3_105_X5_66_rt3_o","H08_105_X5_66_rt3_o","SampleID: H08_105_X5_66_rt3_o; RNAseq Plate ID: TCDM_3; RNAseq Plate Well ID: H08 Year: 2024; Accession: ITH21F005P066; Block: 1; Root: 3; Tissue layer: outer; Greenhouse grown in 10in pot in Ithaca NY USA; Harvested 9MAP","3_H08_105_X5_66_rt3_o_10479813_22MM3HLT4_L3_R1","3_H08_105_X5_66_rt3_o_10479813_22MM3HLT4_L3_R2"
"218","TCDM_3_112_X4_67_rt3_i","H09_112_X4_67_rt3_i","SampleID: H09_112_X4_67_rt3_i; RNAseq Plate ID: TCDM_3; RNAseq Plate Well ID: H09 Year: 2024; Accession: ITH21F004P067; Block: 1; Root: 3; Tissue layer: inner; Greenhouse grown in 10in pot in Ithaca NY USA; Harvested 9MAP","3_H09_112_X4_67_rt3_i_10479813_22MM3HLT4_L3_R1","3_H09_112_X4_67_rt3_i_10479813_22MM3HLT4_L3_R2"
"219","TCDM_3_218_X8_415_rt2_i","H11_218_X8_415_rt2_i","SampleID: H11_218_X8_415_rt2_i; RNAseq Plate ID: TCDM_3; RNAseq Plate Well ID: H11 Year: 2024; Accession: ITH21F008P041.5; Block: 2; Root: 2; Tissue layer: inner; Greenhouse grown in 10in pot in Ithaca NY USA; Harvested 9MAP","3_H11_218_X8_415_rt2_i_10479813_22MM3HLT4_L3_R1","3_H11_218_X8_415_rt2_i_10479813_22MM3HLT4_L3_R2"
"220","TCDM_3_304_X5_31_rt1_i","H12_304_X5_31_rt1_i","SampleID: H12_304_X5_31_rt1_i; RNAseq Plate ID: TCDM_3; RNAseq Plate Well ID: H12 Year: 2024; Accession: ITH21F005P031; Block: 3; Root: 1; Tissue layer: inner; Greenhouse grown in 10in pot in Ithaca NY USA; Harvested 9MAP","3_H12_304_X5_31_rt1_i_10479813_22MM3HLT4_L3_R1","3_H12_304_X5_31_rt1_i_10479813_22MM3HLT4_L3_R2"
"221","TCDM_4_304_X5_31_rt1_o","A01_304_X5_31_rt1_o","SampleID: A01_304_X5_31_rt1_o; RNAseq Plate ID: TCDM_4; RNAseq Plate Well ID: A01 Year: 2024; Accession: ITH21F005P031; Block: 3; Root: 1; Tissue layer: outer; Greenhouse grown in 10in pot in Ithaca NY USA; Harvested 9MAP","4_A01_304_X5_31_rt1_o_10479813_22MM3HLT4_L3_R1","4_A01_304_X5_31_rt1_o_10479813_22MM3HLT4_L3_R2"
"222","TCDM_4_319_X8_37_rt2_i","A02_319_X8_37_rt2_i","SampleID: A02_319_X8_37_rt2_i; RNAseq Plate ID: TCDM_4; RNAseq Plate Well ID: A02 Year: 2024; Accession: ITH21F008P037; Block: 3; Root: 2; Tissue layer: inner; Greenhouse grown in 10in pot in Ithaca NY USA; Harvested 9MAP","4_A02_319_X8_37_rt2_i_10479813_22MM3HLT4_L3_R1","4_A02_319_X8_37_rt2_i_10479813_22MM3HLT4_L3_R2"
"223","TCDM_4_407_X2_24_rt3_o","A03_407_X2_24_rt3_o","SampleID: A03_407_X2_24_rt3_o; RNAseq Plate ID: TCDM_4; RNAseq Plate Well ID: A03 Year: 2024; Accession: ITH21F002P024; Block: 4; Root: 3; Tissue layer: outer; Greenhouse grown in 10in pot in Ithaca NY USA; Harvested 9MAP","4_A03_407_X2_24_rt3_o_10479813_22MM3HLT4_L3_R1","4_A03_407_X2_24_rt3_o_10479813_22MM3HLT4_L3_R2"
"224","TCDM_4_317_X4_42_rt1_o","A04_317_X4_42_rt1_o","SampleID: A04_317_X4_42_rt1_o; RNAseq Plate ID: TCDM_4; RNAseq Plate Well ID: A04 Year: 2024; Accession: ITH21F004P042; Block: 3; Root: 1; Tissue layer: outer; Greenhouse grown in 10in pot in Ithaca NY USA; Harvested 9MAP","4_A04_317_X4_42_rt1_o_10479813_22MM3HLT4_L3_R1","4_A04_317_X4_42_rt1_o_10479813_22MM3HLT4_L3_R2"
"225","TCDM_4_220_X10_39_rt1_o","A05_220_X10_39_rt1_o","SampleID: A05_220_X10_39_rt1_o; RNAseq Plate ID: TCDM_4; RNAseq Plate Well ID: A05 Year: 2024; Accession: ITH21F010P039; Block: 2; Root: 1; Tissue layer: outer; Greenhouse grown in 10in pot in Ithaca NY USA; Harvested 9MAP","4_A05_220_X10_39_rt1_o_10479813_22MM3HLT4_L3_R1","4_A05_220_X10_39_rt1_o_10479813_22MM3HLT4_L3_R2"
"226","TCDM_4_407_X2_24_rt1_o","A06_407_X2_24_rt1_o","SampleID: A06_407_X2_24_rt1_o; RNAseq Plate ID: TCDM_4; RNAseq Plate Well ID: A06 Year: 2024; Accession: ITH21F002P024; Block: 4; Root: 1; Tissue layer: outer; Greenhouse grown in 10in pot in Ithaca NY USA; Harvested 9MAP","4_A06_407_X2_24_rt1_o_10479813_22MM3HLT4_L3_R1","4_A06_407_X2_24_rt1_o_10479813_22MM3HLT4_L3_R2"
"227","TCDM_4_418_X5_36_rt1_o","A07_418_X5_36_rt1_o","SampleID: A07_418_X5_36_rt1_o; RNAseq Plate ID: TCDM_4; RNAseq Plate Well ID: A07 Year: 2024; Accession: ITH21F005P036; Block: 4; Root: 1; Tissue layer: outer; Greenhouse grown in 10in pot in Ithaca NY USA; Harvested 9MAP","4_A07_418_X5_36_rt1_o_10479813_22MM3HLT4_L3_R1","4_A07_418_X5_36_rt1_o_10479813_22MM3HLT4_L3_R2"
"228","TCDM_4_218_X8_415_rt3_i","A08_218_X8_415_rt3_i","SampleID: A08_218_X8_415_rt3_i; RNAseq Plate ID: TCDM_4; RNAseq Plate Well ID: A08 Year: 2024; Accession: ITH21F008P041.5; Block: 2; Root: 3; Tissue layer: inner; Greenhouse grown in 10in pot in Ithaca NY USA; Harvested 9MAP","4_A08_218_X8_415_rt3_i_10479813_22MM3HLT4_L3_R1","4_A08_218_X8_415_rt3_i_10479813_22MM3HLT4_L3_R2"
"229","TCDM_4_313_X1_54_rt3_i","A09_313_X1_54_rt3_i","SampleID: A09_313_X1_54_rt3_i; RNAseq Plate ID: TCDM_4; RNAseq Plate Well ID: A09 Year: 2024; Accession: ITH21F001P054; Block: 3; Root: 3; Tissue layer: inner; Greenhouse grown in 10in pot in Ithaca NY USA; Harvested 7MAP","4_A09_313_X1_54_rt3_i_10479813_22MM3HLT4_L3_R1","4_A09_313_X1_54_rt3_i_10479813_22MM3HLT4_L3_R2"
"230","TCDM_4_101_X2_24_rt3_i","A10_101_X2_24_rt3_i","SampleID: A10_101_X2_24_rt3_i; RNAseq Plate ID: TCDM_4; RNAseq Plate Well ID: A10 Year: 2024; Accession: ITH21F002P024; Block: 1; Root: 3; Tissue layer: inner; Greenhouse grown in 10in pot in Ithaca NY USA; Harvested 7MAP","4_A10_101_X2_24_rt3_i_10479813_22MM3HLT4_L3_R1","4_A10_101_X2_24_rt3_i_10479813_22MM3HLT4_L3_R2"
"231","TCDM_4_303_X11_68_rt3_i","A11_303_X11_68_rt3_i","SampleID: A11_303_X11_68_rt3_i; RNAseq Plate ID: TCDM_4; RNAseq Plate Well ID: A11 Year: 2024; Accession: ITH21F011P068; Block: 3; Root: 3; Tissue layer: inner; Greenhouse grown in 10in pot in Ithaca NY USA; Harvested 8MAP","4_A11_303_X11_68_rt3_i_10479813_22MM3HLT4_L3_R1","4_A11_303_X11_68_rt3_i_10479813_22MM3HLT4_L3_R2"
"232","TCDM_4_403_A20_rt2_o","A12_403_A20_rt2_o","SampleID: A12_403_A20_rt2_o; RNAseq Plate ID: TCDM_4; RNAseq Plate Well ID: A12 Year: 2024; Accession: HIL16A020; Block: 4; Root: 2; Tissue layer: outer; Greenhouse grown in 10in pot in Ithaca NY USA; Harvested 9MAP","4_A12_403_A20_rt2_o_10479813_22MM3HLT4_L3_R1","4_A12_403_A20_rt2_o_10479813_22MM3HLT4_L3_R2"
"233","TCDM_4_304_X5_31_rt3_o","B01_304_X5_31_rt3_o","SampleID: B01_304_X5_31_rt3_o; RNAseq Plate ID: TCDM_4; RNAseq Plate Well ID: B01 Year: 2024; Accession: ITH21F005P031; Block: 3; Root: 3; Tissue layer: outer; Greenhouse grown in 10in pot in Ithaca NY USA; Harvested 9MAP","4_B01_304_X5_31_rt3_o_10479813_22MM3HLT4_L3_R1","4_B01_304_X5_31_rt3_o_10479813_22MM3HLT4_L3_R2"
"234","TCDM_4_319_X8_37_rt2_o","B02_319_X8_37_rt2_o","SampleID: B02_319_X8_37_rt2_o; RNAseq Plate ID: TCDM_4; RNAseq Plate Well ID: B02 Year: 2024; Accession: ITH21F008P037; Block: 3; Root: 2; Tissue layer: outer; Greenhouse grown in 10in pot in Ithaca NY USA; Harvested 9MAP","4_B02_319_X8_37_rt2_o_10479813_22MM3HLT4_L3_R1","4_B02_319_X8_37_rt2_o_10479813_22MM3HLT4_L3_R2"
"235","TCDM_4_319_X8_37_rt3_i","B04_319_X8_37_rt3_i","SampleID: B04_319_X8_37_rt3_i; RNAseq Plate ID: TCDM_4; RNAseq Plate Well ID: B04 Year: 2024; Accession: ITH21F008P037; Block: 3; Root: 3; Tissue layer: inner; Greenhouse grown in 10in pot in Ithaca NY USA; Harvested 9MAP","4_B04_319_X8_37_rt3_i_10479813_22MM3HLT4_L3_R1","4_B04_319_X8_37_rt3_i_10479813_22MM3HLT4_L3_R2"
"236","TCDM_4_418_X5_36_rt1_i","B05_418_X5_36_rt1_i","SampleID: B05_418_X5_36_rt1_i; RNAseq Plate ID: TCDM_4; RNAseq Plate Well ID: B05 Year: 2024; Accession: ITH21F005P036; Block: 4; Root: 1; Tissue layer: inner; Greenhouse grown in 10in pot in Ithaca NY USA; Harvested 9MAP","4_B05_418_X5_36_rt1_i_10479813_22MM3HLT4_L3_R1","4_B05_418_X5_36_rt1_i_10479813_22MM3HLT4_L3_R2"
"237","TCDM_4_207_A04_rt2_o","B06_207_A04_rt2_o","SampleID: B06_207_A04_rt2_o; RNAseq Plate ID: TCDM_4; RNAseq Plate Well ID: B06 Year: 2024; Accession: HIL16A004; Block: 2; Root: 2; Tissue layer: outer; Greenhouse grown in 10in pot in Ithaca NY USA; Harvested 9MAP","4_B06_207_A04_rt2_o_10479813_22MM3HLT4_L3_R1","4_B06_207_A04_rt2_o_10479813_22MM3HLT4_L3_R2"
"238","TCDM_4_403_A20_rt3_o","B07_403_A20_rt3_o","SampleID: B07_403_A20_rt3_o; RNAseq Plate ID: TCDM_4; RNAseq Plate Well ID: B07 Year: 2024; Accession: HIL16A020; Block: 4; Root: 3; Tissue layer: outer; Greenhouse grown in 10in pot in Ithaca NY USA; Harvested 9MAP","4_B07_403_A20_rt3_o_10479813_22MM3HLT4_L3_R1","4_B07_403_A20_rt3_o_10479813_22MM3HLT4_L3_R2"
"239","TCDM_4_220_X10_39_rt2_o","B08_220_X10_39_rt2_o","SampleID: B08_220_X10_39_rt2_o; RNAseq Plate ID: TCDM_4; RNAseq Plate Well ID: B08 Year: 2024; Accession: ITH21F010P039; Block: 2; Root: 2; Tissue layer: outer; Greenhouse grown in 10in pot in Ithaca NY USA; Harvested 9MAP","4_B08_220_X10_39_rt2_o_10479813_22MM3HLT4_L3_R1","4_B08_220_X10_39_rt2_o_10479813_22MM3HLT4_L3_R2"
"240","TCDM_4_205_X1_54_rt2_i","B09_205_X1_54_rt2_i","SampleID: B09_205_X1_54_rt2_i; RNAseq Plate ID: TCDM_4; RNAseq Plate Well ID: B09 Year: 2024; Accession: ITH21F001P054; Block: 2; Root: 2; Tissue layer: inner; Greenhouse grown in 10in pot in Ithaca NY USA; Harvested 9MAP","4_B09_205_X1_54_rt2_i_10479813_22MM3HLT4_L3_R1","4_B09_205_X1_54_rt2_i_10479813_22MM3HLT4_L3_R2"
"241","TCDM_4_101_X2_24_rt2_i","B11_101_X2_24_rt2_i","SampleID: B11_101_X2_24_rt2_i; RNAseq Plate ID: TCDM_4; RNAseq Plate Well ID: B11 Year: 2024; Accession: ITH21F002P024; Block: 1; Root: 2; Tissue layer: inner; Greenhouse grown in 10in pot in Ithaca NY USA; Harvested 7MAP","4_B11_101_X2_24_rt2_i_10479813_22MM3HLT4_L3_R1","4_B11_101_X2_24_rt2_i_10479813_22MM3HLT4_L3_R2"
"242","TCDM_4_307_A03_rt3_o","B12_307_A03_rt3_o","SampleID: B12_307_A03_rt3_o; RNAseq Plate ID: TCDM_4; RNAseq Plate Well ID: B12 Year: 2024; Accession: HIL16A003; Block: 3; Root: 3; Tissue layer: outer; Greenhouse grown in 10in pot in Ithaca NY USA; Harvested 9MAP","4_B12_307_A03_rt3_o_10479813_22MM3HLT4_L3_R1","4_B12_307_A03_rt3_o_10479813_22MM3HLT4_L3_R2"
"243","TCDM_4_307_A03_rt2_i","C01_307_A03_rt2_i","SampleID: C01_307_A03_rt2_i; RNAseq Plate ID: TCDM_4; RNAseq Plate Well ID: C01 Year: 2024; Accession: HIL16A003; Block: 3; Root: 2; Tissue layer: inner; Greenhouse grown in 10in pot in Ithaca NY USA; Harvested 9MAP","4_C01_307_A03_rt2_i_10479813_22MM3HLT4_L3_R1","4_C01_307_A03_rt2_i_10479813_22MM3HLT4_L3_R2"
"244","TCDM_4_319_X8_37_rt3_o","C02_319_X8_37_rt3_o","SampleID: C02_319_X8_37_rt3_o; RNAseq Plate ID: TCDM_4; RNAseq Plate Well ID: C02 Year: 2024; Accession: ITH21F008P037; Block: 3; Root: 3; Tissue layer: outer; Greenhouse grown in 10in pot in Ithaca NY USA; Harvested 9MAP","4_C02_319_X8_37_rt3_o_10479813_22MM3HLT4_L3_R1","4_C02_319_X8_37_rt3_o_10479813_22MM3HLT4_L3_R2"
"245","TCDM_4_409_X2_45_rt2_i","C03_409_X2_45_rt2_i","SampleID: C03_409_X2_45_rt2_i; RNAseq Plate ID: TCDM_4; RNAseq Plate Well ID: C03 Year: 2024; Accession: ITH21F002P045; Block: 4; Root: 2; Tissue layer: inner; Greenhouse grown in 10in pot in Ithaca NY USA; Harvested 9MAP","4_C03_409_X2_45_rt2_i_10479813_22MM3HLT4_L3_R1","4_C03_409_X2_45_rt2_i_10479813_22MM3HLT4_L3_R2"
"246","TCDM_4_106_X4_46_rt1_o","C04_106_X4_46_rt1_o","SampleID: C04_106_X4_46_rt1_o; RNAseq Plate ID: TCDM_4; RNAseq Plate Well ID: C04 Year: 2024; Accession: ITH21F004P046; Block: 1; Root: 1; Tissue layer: outer; Greenhouse grown in 10in pot in Ithaca NY USA; Harvested 9MAP","4_C04_106_X4_46_rt1_o_10479813_22MM3HLT4_L3_R1","4_C04_106_X4_46_rt1_o_10479813_22MM3HLT4_L3_R2"
"247","TCDM_4_118_C14_rt1_i","C05_118_C14_rt1_i","SampleID: C05_118_C14_rt1_i; RNAseq Plate ID: TCDM_4; RNAseq Plate Well ID: C05 Year: 2024; Accession: HIL16C014; Block: 1; Root: 1; Tissue layer: inner; Greenhouse grown in 10in pot in Ithaca NY USA; Harvested 9MAP","4_C05_118_C14_rt1_i_10479813_22MM3HLT4_L3_R1","4_C05_118_C14_rt1_i_10479813_22MM3HLT4_L3_R2"
"248","TCDM_4_409_X2_45_rt1_o","C06_409_X2_45_rt1_o","SampleID: C06_409_X2_45_rt1_o; RNAseq Plate ID: TCDM_4; RNAseq Plate Well ID: C06 Year: 2024; Accession: ITH21F002P045; Block: 4; Root: 1; Tissue layer: outer; Greenhouse grown in 10in pot in Ithaca NY USA; Harvested 9MAP","4_C06_409_X2_45_rt1_o_10479813_22MM3HLT4_L3_R1","4_C06_409_X2_45_rt1_o_10479813_22MM3HLT4_L3_R2"
"249","TCDM_4_307_A03_rt2_o","C07_307_A03_rt2_o","SampleID: C07_307_A03_rt2_o; RNAseq Plate ID: TCDM_4; RNAseq Plate Well ID: C07 Year: 2024; Accession: HIL16A003; Block: 3; Root: 2; Tissue layer: outer; Greenhouse grown in 10in pot in Ithaca NY USA; Harvested 9MAP","4_C07_307_A03_rt2_o_10479813_22MM3HLT4_L3_R1","4_C07_307_A03_rt2_o_10479813_22MM3HLT4_L3_R2"
"250","TCDM_4_218_X8_415_rt2_o","C08_218_X8_415_rt2_o","SampleID: C08_218_X8_415_rt2_o; RNAseq Plate ID: TCDM_4; RNAseq Plate Well ID: C08 Year: 2024; Accession: ITH21F008P041.5; Block: 2; Root: 2; Tissue layer: outer; Greenhouse grown in 10in pot in Ithaca NY USA; Harvested 9MAP","4_C08_218_X8_415_rt2_o_10479813_22MM3HLT4_L3_R1","4_C08_218_X8_415_rt2_o_10479813_22MM3HLT4_L3_R2"
"251","TCDM_4_115_X1_54_rt3_o","C09_115_X1_54_rt3_o","SampleID: C09_115_X1_54_rt3_o; RNAseq Plate ID: TCDM_4; RNAseq Plate Well ID: C09 Year: 2024; Accession: ITH21F001P054; Block: 1; Root: 3; Tissue layer: outer; Greenhouse grown in 10in pot in Ithaca NY USA; Harvested 8MAP","4_C09_115_X1_54_rt3_o_10479813_22MM3HLT4_L3_R1","4_C09_115_X1_54_rt3_o_10479813_22MM3HLT4_L3_R2"
"252","TCDM_4_101_X2_24_rt2_o","C11_101_X2_24_rt2_o","SampleID: C11_101_X2_24_rt2_o; RNAseq Plate ID: TCDM_4; RNAseq Plate Well ID: C11 Year: 2024; Accession: ITH21F002P024; Block: 1; Root: 2; Tissue layer: outer; Greenhouse grown in 10in pot in Ithaca NY USA; Harvested 7MAP","4_C11_101_X2_24_rt2_o_10479813_22MM3HLT4_L3_R1","4_C11_101_X2_24_rt2_o_10479813_22MM3HLT4_L3_R2"
"253","TCDM_4_101_X2_24_rt1_i","C12_101_X2_24_rt1_i","SampleID: C12_101_X2_24_rt1_i; RNAseq Plate ID: TCDM_4; RNAseq Plate Well ID: C12 Year: 2024; Accession: ITH21F002P024; Block: 1; Root: 1; Tissue layer: inner; Greenhouse grown in 10in pot in Ithaca NY USA; Harvested 7MAP","4_C12_101_X2_24_rt1_i_10479813_22MM3HLT4_L3_R1","4_C12_101_X2_24_rt1_i_10479813_22MM3HLT4_L3_R2"
"254","TCDM_4_307_A03_rt3_i","D01_307_A03_rt3_i","SampleID: D01_307_A03_rt3_i; RNAseq Plate ID: TCDM_4; RNAseq Plate Well ID: D01 Year: 2024; Accession: HIL16A003; Block: 3; Root: 3; Tissue layer: inner; Greenhouse grown in 10in pot in Ithaca NY USA; Harvested 9MAP","4_D01_307_A03_rt3_i_10479813_22MM3HLT4_L3_R1","4_D01_307_A03_rt3_i_10479813_22MM3HLT4_L3_R2"
"255","TCDM_4_402_X11_57_rt2_i","D02_402_X11_57_rt2_i","SampleID: D02_402_X11_57_rt2_i; RNAseq Plate ID: TCDM_4; RNAseq Plate Well ID: D02 Year: 2024; Accession: ITH21F011P057; Block: 4; Root: 2; Tissue layer: inner; Greenhouse grown in 10in pot in Ithaca NY USA; Harvested 9MAP","4_D02_402_X11_57_rt2_i_10479813_22MM3HLT4_L3_R1","4_D02_402_X11_57_rt2_i_10479813_22MM3HLT4_L3_R2"
"256","TCDM_4_220_X10_39_rt3_i","D04_220_X10_39_rt3_i","SampleID: D04_220_X10_39_rt3_i; RNAseq Plate ID: TCDM_4; RNAseq Plate Well ID: D04 Year: 2024; Accession: ITH21F010P039; Block: 2; Root: 3; Tissue layer: inner; Greenhouse grown in 10in pot in Ithaca NY USA; Harvested 9MAP","4_D04_220_X10_39_rt3_i_10479813_22MM3HLT4_L3_R1","4_D04_220_X10_39_rt3_i_10479813_22MM3HLT4_L3_R2"
"257","TCDM_4_207_A04_rt3_o","D05_207_A04_rt3_o","SampleID: D05_207_A04_rt3_o; RNAseq Plate ID: TCDM_4; RNAseq Plate Well ID: D05 Year: 2024; Accession: HIL16A004; Block: 2; Root: 3; Tissue layer: outer; Greenhouse grown in 10in pot in Ithaca NY USA; Harvested 9MAP","4_D05_207_A04_rt3_o_10479813_22MM3HLT4_L3_R1","4_D05_207_A04_rt3_o_10479813_22MM3HLT4_L3_R2"
"258","TCDM_4_403_A20_rt3_i","D06_403_A20_rt3_i","SampleID: D06_403_A20_rt3_i; RNAseq Plate ID: TCDM_4; RNAseq Plate Well ID: D06 Year: 2024; Accession: HIL16A020; Block: 4; Root: 3; Tissue layer: inner; Greenhouse grown in 10in pot in Ithaca NY USA; Harvested 9MAP","4_D06_403_A20_rt3_i_10479813_22MM3HLT4_L3_R1","4_D06_403_A20_rt3_i_10479813_22MM3HLT4_L3_R2"
"259","TCDM_4_220_X10_39_rt3_o","D07_220_X10_39_rt3_o","SampleID: D07_220_X10_39_rt3_o; RNAseq Plate ID: TCDM_4; RNAseq Plate Well ID: D07 Year: 2024; Accession: ITH21F010P039; Block: 2; Root: 3; Tissue layer: outer; Greenhouse grown in 10in pot in Ithaca NY USA; Harvested 9MAP","4_D07_220_X10_39_rt3_o_10479813_22MM3HLT4_L3_R1","4_D07_220_X10_39_rt3_o_10479813_22MM3HLT4_L3_R2"
"260","TCDM_4_106_X4_46_rt2_o","D08_106_X4_46_rt2_o","SampleID: D08_106_X4_46_rt2_o; RNAseq Plate ID: TCDM_4; RNAseq Plate Well ID: D08 Year: 2024; Accession: ITH21F004P046; Block: 1; Root: 2; Tissue layer: outer; Greenhouse grown in 10in pot in Ithaca NY USA; Harvested 9MAP","4_D08_106_X4_46_rt2_o_10479813_22MM3HLT4_L3_R1","4_D08_106_X4_46_rt2_o_10479813_22MM3HLT4_L3_R2"
"261","TCDM_4_307_A03_rt1_i","D10_307_A03_rt1_i","SampleID: D10_307_A03_rt1_i; RNAseq Plate ID: TCDM_4; RNAseq Plate Well ID: D10 Year: 2024; Accession: HIL16A003; Block: 3; Root: 1; Tissue layer: inner; Greenhouse grown in 10in pot in Ithaca NY USA; Harvested 9MAP","4_D10_307_A03_rt1_i_10479813_22MM3HLT4_L3_R1","4_D10_307_A03_rt1_i_10479813_22MM3HLT4_L3_R2"
"262","TCDM_4_303_X11_68_rt1_o","D11_303_X11_68_rt1_o","SampleID: D11_303_X11_68_rt1_o; RNAseq Plate ID: TCDM_4; RNAseq Plate Well ID: D11 Year: 2024; Accession: ITH21F011P068; Block: 3; Root: 1; Tissue layer: outer; Greenhouse grown in 10in pot in Ithaca NY USA; Harvested 8MAP","4_D11_303_X11_68_rt1_o_10479813_22MM3HLT4_L3_R1","4_D11_303_X11_68_rt1_o_10479813_22MM3HLT4_L3_R2"
"263","TCDM_4_302_C17_rt3_o","D12_302_C17_rt3_o","SampleID: D12_302_C17_rt3_o; RNAseq Plate ID: TCDM_4; RNAseq Plate Well ID: D12 Year: 2024; Accession: HIL16C017; Block: 3; Root: 3; Tissue layer: outer; Greenhouse grown in 10in pot in Ithaca NY USA; Harvested 9MAP","4_D12_302_C17_rt3_o_10479813_22MM3HLT4_L3_R1","4_D12_302_C17_rt3_o_10479813_22MM3HLT4_L3_R2"
"264","TCDM_4_317_X4_42_rt1_i","E01_317_X4_42_rt1_i","SampleID: E01_317_X4_42_rt1_i; RNAseq Plate ID: TCDM_4; RNAseq Plate Well ID: E01 Year: 2024; Accession: ITH21F004P042; Block: 3; Root: 1; Tissue layer: inner; Greenhouse grown in 10in pot in Ithaca NY USA; Harvested 9MAP","4_E01_317_X4_42_rt1_i_10479813_22MM3HLT4_L3_R1","4_E01_317_X4_42_rt1_i_10479813_22MM3HLT4_L3_R2"
"265","TCDM_4_409_X2_45_rt3_o","E03_409_X2_45_rt3_o","SampleID: E03_409_X2_45_rt3_o; RNAseq Plate ID: TCDM_4; RNAseq Plate Well ID: E03 Year: 2024; Accession: ITH21F002P045; Block: 4; Root: 3; Tissue layer: outer; Greenhouse grown in 10in pot in Ithaca NY USA; Harvested 9MAP","4_E03_409_X2_45_rt3_o_10479813_22MM3HLT4_L3_R1","4_E03_409_X2_45_rt3_o_10479813_22MM3HLT4_L3_R2"
"266","TCDM_4_307_A03_rt1_o","E04_307_A03_rt1_o","SampleID: E04_307_A03_rt1_o; RNAseq Plate ID: TCDM_4; RNAseq Plate Well ID: E04 Year: 2024; Accession: HIL16A003; Block: 3; Root: 1; Tissue layer: outer; Greenhouse grown in 10in pot in Ithaca NY USA; Harvested 9MAP","4_E04_307_A03_rt1_o_10479813_22MM3HLT4_L3_R1","4_E04_307_A03_rt1_o_10479813_22MM3HLT4_L3_R2"
"267","TCDM_4_107_X4_32_rt1_i","E05_107_X4_32_rt1_i","SampleID: E05_107_X4_32_rt1_i; RNAseq Plate ID: TCDM_4; RNAseq Plate Well ID: E05 Year: 2024; Accession: ITH21F004P032; Block: 1; Root: 1; Tissue layer: inner; Greenhouse grown in 10in pot in Ithaca NY USA; Harvested 9MAP","4_E05_107_X4_32_rt1_i_10479813_22MM3HLT4_L3_R1","4_E05_107_X4_32_rt1_i_10479813_22MM3HLT4_L3_R2"
"268","TCDM_4_218_X8_415_rt1_o","E06_218_X8_415_rt1_o","SampleID: E06_218_X8_415_rt1_o; RNAseq Plate ID: TCDM_4; RNAseq Plate Well ID: E06 Year: 2024; Accession: ITH21F008P041.5; Block: 2; Root: 1; Tissue layer: outer; Greenhouse grown in 10in pot in Ithaca NY USA; Harvested 9MAP","4_E06_218_X8_415_rt1_o_10479813_22MM3HLT4_L3_R1","4_E06_218_X8_415_rt1_o_10479813_22MM3HLT4_L3_R2"
"269","TCDM_4_402_X11_57_rt1_o","E07_402_X11_57_rt1_o","SampleID: E07_402_X11_57_rt1_o; RNAseq Plate ID: TCDM_4; RNAseq Plate Well ID: E07 Year: 2024; Accession: ITH21F011P057; Block: 4; Root: 1; Tissue layer: outer; Greenhouse grown in 10in pot in Ithaca NY USA; Harvested 9MAP","4_E07_402_X11_57_rt1_o_10479813_22MM3HLT4_L3_R1","4_E07_402_X11_57_rt1_o_10479813_22MM3HLT4_L3_R2"
"270","TCDM_4_402_X11_57_rt2_o","E08_402_X11_57_rt2_o","SampleID: E08_402_X11_57_rt2_o; RNAseq Plate ID: TCDM_4; RNAseq Plate Well ID: E08 Year: 2024; Accession: ITH21F011P057; Block: 4; Root: 2; Tissue layer: outer; Greenhouse grown in 10in pot in Ithaca NY USA; Harvested 9MAP","4_E08_402_X11_57_rt2_o_10479813_22MM3HLT4_L3_R1","4_E08_402_X11_57_rt2_o_10479813_22MM3HLT4_L3_R2"
"271","TCDM_4_411_C17_rt3_i","E09_411_C17_rt3_i","SampleID: E09_411_C17_rt3_i; RNAseq Plate ID: TCDM_4; RNAseq Plate Well ID: E09 Year: 2024; Accession: HIL16C017; Block: 4; Root: 3; Tissue layer: inner; Greenhouse grown in 10in pot in Ithaca NY USA; Harvested 8MAP","4_E09_411_C17_rt3_i_10479813_22MM3HLT4_L3_R1","4_E09_411_C17_rt3_i_10479813_22MM3HLT4_L3_R2"
"272","TCDM_4_411_C17_rt2_o","E10_411_C17_rt2_o","SampleID: E10_411_C17_rt2_o; RNAseq Plate ID: TCDM_4; RNAseq Plate Well ID: E10 Year: 2024; Accession: HIL16C017; Block: 4; Root: 2; Tissue layer: outer; Greenhouse grown in 10in pot in Ithaca NY USA; Harvested 8MAP","4_E10_411_C17_rt2_o_10479813_22MM3HLT4_L3_R1","4_E10_411_C17_rt2_o_10479813_22MM3HLT4_L3_R2"
"273","TCDM_4_106_X4_46_rt1_i","E11_106_X4_46_rt1_i","SampleID: E11_106_X4_46_rt1_i; RNAseq Plate ID: TCDM_4; RNAseq Plate Well ID: E11 Year: 2024; Accession: ITH21F004P046; Block: 1; Root: 1; Tissue layer: inner; Greenhouse grown in 10in pot in Ithaca NY USA; Harvested 9MAP","4_E11_106_X4_46_rt1_i_10479813_22MM3HLT4_L3_R1","4_E11_106_X4_46_rt1_i_10479813_22MM3HLT4_L3_R2"
"274","TCDM_4_403_A20_rt1_o","E12_403_A20_rt1_o","SampleID: E12_403_A20_rt1_o; RNAseq Plate ID: TCDM_4; RNAseq Plate Well ID: E12 Year: 2024; Accession: HIL16A020; Block: 4; Root: 1; Tissue layer: outer; Greenhouse grown in 10in pot in Ithaca NY USA; Harvested 9MAP","4_E12_403_A20_rt1_o_10479813_22MM3HLT4_L3_R1","4_E12_403_A20_rt1_o_10479813_22MM3HLT4_L3_R2"
"275","TCDM_4_317_X4_42_rt3_o","F01_317_X4_42_rt3_o","SampleID: F01_317_X4_42_rt3_o; RNAseq Plate ID: TCDM_4; RNAseq Plate Well ID: F01 Year: 2024; Accession: ITH21F004P042; Block: 3; Root: 3; Tissue layer: outer; Greenhouse grown in 10in pot in Ithaca NY USA; Harvested 9MAP","4_F01_317_X4_42_rt3_o_10479813_22MM3HLT4_L3_R1","4_F01_317_X4_42_rt3_o_10479813_22MM3HLT4_L3_R2"
"276","TCDM_4_407_X2_24_rt1_i","F02_407_X2_24_rt1_i","SampleID: F02_407_X2_24_rt1_i; RNAseq Plate ID: TCDM_4; RNAseq Plate Well ID: F02 Year: 2024; Accession: ITH21F002P024; Block: 4; Root: 1; Tissue layer: inner; Greenhouse grown in 10in pot in Ithaca NY USA; Harvested 9MAP","4_F02_407_X2_24_rt1_i_10479813_22MM3HLT4_L3_R1","4_F02_407_X2_24_rt1_i_10479813_22MM3HLT4_L3_R2"
"277","TCDM_4_418_X5_36_rt3_i","F03_418_X5_36_rt3_i","SampleID: F03_418_X5_36_rt3_i; RNAseq Plate ID: TCDM_4; RNAseq Plate Well ID: F03 Year: 2024; Accession: ITH21F005P036; Block: 4; Root: 3; Tissue layer: inner; Greenhouse grown in 10in pot in Ithaca NY USA; Harvested 9MAP","4_F03_418_X5_36_rt3_i_10479813_22MM3HLT4_L3_R1","4_F03_418_X5_36_rt3_i_10479813_22MM3HLT4_L3_R2"
"278","TCDM_4_112_X4_67_rt2_o","F04_112_X4_67_rt2_o","SampleID: F04_112_X4_67_rt2_o; RNAseq Plate ID: TCDM_4; RNAseq Plate Well ID: F04 Year: 2024; Accession: ITH21F004P067; Block: 1; Root: 2; Tissue layer: outer; Greenhouse grown in 10in pot in Ithaca NY USA; Harvested 9MAP","4_F04_112_X4_67_rt2_o_10479813_22MM3HLT4_L3_R1","4_F04_112_X4_67_rt2_o_10479813_22MM3HLT4_L3_R2"
"279","TCDM_4_107_X4_32_rt1_o","F05_107_X4_32_rt1_o","SampleID: F05_107_X4_32_rt1_o; RNAseq Plate ID: TCDM_4; RNAseq Plate Well ID: F05 Year: 2024; Accession: ITH21F004P032; Block: 1; Root: 1; Tissue layer: outer; Greenhouse grown in 10in pot in Ithaca NY USA; Harvested 9MAP","4_F05_107_X4_32_rt1_o_10479813_22MM3HLT4_L3_R1","4_F05_107_X4_32_rt1_o_10479813_22MM3HLT4_L3_R2"
"280","TCDM_4_207_A04_rt1_o","F06_207_A04_rt1_o","SampleID: F06_207_A04_rt1_o; RNAseq Plate ID: TCDM_4; RNAseq Plate Well ID: F06 Year: 2024; Accession: HIL16A004; Block: 2; Root: 1; Tissue layer: outer; Greenhouse grown in 10in pot in Ithaca NY USA; Harvested 9MAP","4_F06_207_A04_rt1_o_10479813_22MM3HLT4_L3_R1","4_F06_207_A04_rt1_o_10479813_22MM3HLT4_L3_R2"
"281","TCDM_4_107_X4_32_rt3_o","F07_107_X4_32_rt3_o","SampleID: F07_107_X4_32_rt3_o; RNAseq Plate ID: TCDM_4; RNAseq Plate Well ID: F07 Year: 2024; Accession: ITH21F004P032; Block: 1; Root: 3; Tissue layer: outer; Greenhouse grown in 10in pot in Ithaca NY USA; Harvested 9MAP","4_F07_107_X4_32_rt3_o_10479813_22MM3HLT4_L3_R1","4_F07_107_X4_32_rt3_o_10479813_22MM3HLT4_L3_R2"
"282","TCDM_4_412_X11_68_rt2_i","F09_412_X11_68_rt2_i","SampleID: F09_412_X11_68_rt2_i; RNAseq Plate ID: TCDM_4; RNAseq Plate Well ID: F09 Year: 2024; Accession: ITH21F011P068; Block: 4; Root: 2; Tissue layer: inner; Greenhouse grown in 10in pot in Ithaca NY USA; Harvested 7MAP","4_F09_412_X11_68_rt2_i_10479813_22MM3HLT4_L3_R1","4_F09_412_X11_68_rt2_i_10479813_22MM3HLT4_L3_R2"
"283","TCDM_4_402_X11_57_rt3_o","F10_402_X11_57_rt3_o","SampleID: F10_402_X11_57_rt3_o; RNAseq Plate ID: TCDM_4; RNAseq Plate Well ID: F10 Year: 2024; Accession: ITH21F011P057; Block: 4; Root: 3; Tissue layer: outer; Greenhouse grown in 10in pot in Ithaca NY USA; Harvested 9MAP","4_F10_402_X11_57_rt3_o_10479813_22MM3HLT4_L3_R1","4_F10_402_X11_57_rt3_o_10479813_22MM3HLT4_L3_R2"
"284","TCDM_4_320_X2_24_rt3_i","F11_320_X2_24_rt3_i","SampleID: F11_320_X2_24_rt3_i; RNAseq Plate ID: TCDM_4; RNAseq Plate Well ID: F11 Year: 2024; Accession: ITH21F002P024; Block: 3; Root: 3; Tissue layer: inner; Greenhouse grown in 10in pot in Ithaca NY USA; Harvested 6MAP","4_F11_320_X2_24_rt3_i_10479813_22MM3HLT4_L3_R1","4_F11_320_X2_24_rt3_i_10479813_22MM3HLT4_L3_R2"
"285","TCDM_4_409_X2_45_rt2_o","F12_409_X2_45_rt2_o","SampleID: F12_409_X2_45_rt2_o; RNAseq Plate ID: TCDM_4; RNAseq Plate Well ID: F12 Year: 2024; Accession: ITH21F002P045; Block: 4; Root: 2; Tissue layer: outer; Greenhouse grown in 10in pot in Ithaca NY USA; Harvested 9MAP","4_F12_409_X2_45_rt2_o_10479813_22MM3HLT4_L3_R1","4_F12_409_X2_45_rt2_o_10479813_22MM3HLT4_L3_R2"
"286","TCDM_4_319_X8_37_rt1_i","G01_319_X8_37_rt1_i","SampleID: G01_319_X8_37_rt1_i; RNAseq Plate ID: TCDM_4; RNAseq Plate Well ID: G01 Year: 2024; Accession: ITH21F008P037; Block: 3; Root: 1; Tissue layer: inner; Greenhouse grown in 10in pot in Ithaca NY USA; Harvested 9MAP","4_G01_319_X8_37_rt1_i_10479813_22MM3HLT4_L3_R1","4_G01_319_X8_37_rt1_i_10479813_22MM3HLT4_L3_R2"
"287","TCDM_4_407_X2_24_rt2_i","G02_407_X2_24_rt2_i","SampleID: G02_407_X2_24_rt2_i; RNAseq Plate ID: TCDM_4; RNAseq Plate Well ID: G02 Year: 2024; Accession: ITH21F002P024; Block: 4; Root: 2; Tissue layer: inner; Greenhouse grown in 10in pot in Ithaca NY USA; Harvested 9MAP","4_G02_407_X2_24_rt2_i_10479813_22MM3HLT4_L3_R1","4_G02_407_X2_24_rt2_i_10479813_22MM3HLT4_L3_R2"
"288","TCDM_4_304_X5_31_rt2_o","G04_304_X5_31_rt2_o","SampleID: G04_304_X5_31_rt2_o; RNAseq Plate ID: TCDM_4; RNAseq Plate Well ID: G04 Year: 2024; Accession: ITH21F005P031; Block: 3; Root: 2; Tissue layer: outer; Greenhouse grown in 10in pot in Ithaca NY USA; Harvested 9MAP","4_G04_304_X5_31_rt2_o_10479813_22MM3HLT4_L3_R1","4_G04_304_X5_31_rt2_o_10479813_22MM3HLT4_L3_R2"
"289","TCDM_4_105_X5_66_rt2_o","G05_105_X5_66_rt2_o","SampleID: G05_105_X5_66_rt2_o; RNAseq Plate ID: TCDM_4; RNAseq Plate Well ID: G05 Year: 2024; Accession: ITH21F005P066; Block: 1; Root: 2; Tissue layer: outer; Greenhouse grown in 10in pot in Ithaca NY USA; Harvested 9MAP","4_G05_105_X5_66_rt2_o_10479813_22MM3HLT4_L3_R1","4_G05_105_X5_66_rt2_o_10479813_22MM3HLT4_L3_R2"
"290","TCDM_4_112_X4_67_rt1_o","G06_112_X4_67_rt1_o","SampleID: G06_112_X4_67_rt1_o; RNAseq Plate ID: TCDM_4; RNAseq Plate Well ID: G06 Year: 2024; Accession: ITH21F004P067; Block: 1; Root: 1; Tissue layer: outer; Greenhouse grown in 10in pot in Ithaca NY USA; Harvested 9MAP","4_G06_112_X4_67_rt1_o_10479813_22MM3HLT4_L3_R1","4_G06_112_X4_67_rt1_o_10479813_22MM3HLT4_L3_R2"
"291","TCDM_4_418_X5_36_rt2_o","G07_418_X5_36_rt2_o","SampleID: G07_418_X5_36_rt2_o; RNAseq Plate ID: TCDM_4; RNAseq Plate Well ID: G07 Year: 2024; Accession: ITH21F005P036; Block: 4; Root: 2; Tissue layer: outer; Greenhouse grown in 10in pot in Ithaca NY USA; Harvested 9MAP","4_G07_418_X5_36_rt2_o_10479813_22MM3HLT4_L3_R1","4_G07_418_X5_36_rt2_o_10479813_22MM3HLT4_L3_R2"
"292","TCDM_4_205_X1_54_rt3_i","G08_205_X1_54_rt3_i","SampleID: G08_205_X1_54_rt3_i; RNAseq Plate ID: TCDM_4; RNAseq Plate Well ID: G08 Year: 2024; Accession: ITH21F001P054; Block: 2; Root: 3; Tissue layer: inner; Greenhouse grown in 10in pot in Ithaca NY USA; Harvested 9MAP","4_G08_205_X1_54_rt3_i_10479813_22MM3HLT4_L3_R1","4_G08_205_X1_54_rt3_i_10479813_22MM3HLT4_L3_R2"
"293","TCDM_4_417_X1_54_rt2_i","G10_417_X1_54_rt2_i","SampleID: G10_417_X1_54_rt2_i; RNAseq Plate ID: TCDM_4; RNAseq Plate Well ID: G10 Year: 2024; Accession: ITH21F001P054; Block: 4; Root: 2; Tissue layer: inner; Greenhouse grown in 10in pot in Ithaca NY USA; Harvested 6MAP","4_G10_417_X1_54_rt2_i_10479813_22MM3HLT4_L3_R1","4_G10_417_X1_54_rt2_i_10479813_22MM3HLT4_L3_R2"
"294","TCDM_4_320_X2_24_rt2_o","G11_320_X2_24_rt2_o","SampleID: G11_320_X2_24_rt2_o; RNAseq Plate ID: TCDM_4; RNAseq Plate Well ID: G11 Year: 2024; Accession: ITH21F002P024; Block: 3; Root: 2; Tissue layer: outer; Greenhouse grown in 10in pot in Ithaca NY USA; Harvested 6MAP","4_G11_320_X2_24_rt2_o_10479813_22MM3HLT4_L3_R1","4_G11_320_X2_24_rt2_o_10479813_22MM3HLT4_L3_R2"
"295","TCDM_4_407_X2_24_rt3_i","G12_407_X2_24_rt3_i","SampleID: G12_407_X2_24_rt3_i; RNAseq Plate ID: TCDM_4; RNAseq Plate Well ID: G12 Year: 2024; Accession: ITH21F002P024; Block: 4; Root: 3; Tissue layer: inner; Greenhouse grown in 10in pot in Ithaca NY USA; Harvested 9MAP","4_G12_407_X2_24_rt3_i_10479813_22MM3HLT4_L3_R1","4_G12_407_X2_24_rt3_i_10479813_22MM3HLT4_L3_R2"
"296","TCDM_4_319_X8_37_rt1_o","H01_319_X8_37_rt1_o","SampleID: H01_319_X8_37_rt1_o; RNAseq Plate ID: TCDM_4; RNAseq Plate Well ID: H01 Year: 2024; Accession: ITH21F008P037; Block: 3; Root: 1; Tissue layer: outer; Greenhouse grown in 10in pot in Ithaca NY USA; Harvested 9MAP","4_H01_319_X8_37_rt1_o_10479813_22MM3HLT4_L3_R1","4_H01_319_X8_37_rt1_o_10479813_22MM3HLT4_L3_R2"
"297","TCDM_4_407_X2_24_rt2_o","H02_407_X2_24_rt2_o","SampleID: H02_407_X2_24_rt2_o; RNAseq Plate ID: TCDM_4; RNAseq Plate Well ID: H02 Year: 2024; Accession: ITH21F002P024; Block: 4; Root: 2; Tissue layer: outer; Greenhouse grown in 10in pot in Ithaca NY USA; Harvested 9MAP","4_H02_407_X2_24_rt2_o_10479813_22MM3HLT4_L3_R1","4_H02_407_X2_24_rt2_o_10479813_22MM3HLT4_L3_R2"
"298","TCDM_4_402_X11_57_rt3_i","H03_402_X11_57_rt3_i","SampleID: H03_402_X11_57_rt3_i; RNAseq Plate ID: TCDM_4; RNAseq Plate Well ID: H03 Year: 2024; Accession: ITH21F011P057; Block: 4; Root: 3; Tissue layer: inner; Greenhouse grown in 10in pot in Ithaca NY USA; Harvested 9MAP","4_H03_402_X11_57_rt3_i_10479813_22MM3HLT4_L3_R1","4_H03_402_X11_57_rt3_i_10479813_22MM3HLT4_L3_R2"
"299","TCDM_4_317_X4_42_rt2_o","H04_317_X4_42_rt2_o","SampleID: H04_317_X4_42_rt2_o; RNAseq Plate ID: TCDM_4; RNAseq Plate Well ID: H04 Year: 2024; Accession: ITH21F004P042; Block: 3; Root: 2; Tissue layer: outer; Greenhouse grown in 10in pot in Ithaca NY USA; Harvested 9MAP","4_H04_317_X4_42_rt2_o_10479813_22MM3HLT4_L3_R1","4_H04_317_X4_42_rt2_o_10479813_22MM3HLT4_L3_R2"
"300","TCDM_4_118_C14_rt1_o","H05_118_C14_rt1_o","SampleID: H05_118_C14_rt1_o; RNAseq Plate ID: TCDM_4; RNAseq Plate Well ID: H05 Year: 2024; Accession: HIL16C014; Block: 1; Root: 1; Tissue layer: outer; Greenhouse grown in 10in pot in Ithaca NY USA; Harvested 9MAP","4_H05_118_C14_rt1_o_10479813_22MM3HLT4_L3_R1","4_H05_118_C14_rt1_o_10479813_22MM3HLT4_L3_R2"
"301","TCDM_4_402_X11_57_rt1_i","H06_402_X11_57_rt1_i","SampleID: H06_402_X11_57_rt1_i; RNAseq Plate ID: TCDM_4; RNAseq Plate Well ID: H06 Year: 2024; Accession: ITH21F011P057; Block: 4; Root: 1; Tissue layer: inner; Greenhouse grown in 10in pot in Ithaca NY USA; Harvested 9MAP","4_H06_402_X11_57_rt1_i_10479813_22MM3HLT4_L3_R1","4_H06_402_X11_57_rt1_i_10479813_22MM3HLT4_L3_R2"
"302","TCDM_4_118_C14_rt2_o","H07_118_C14_rt2_o","SampleID: H07_118_C14_rt2_o; RNAseq Plate ID: TCDM_4; RNAseq Plate Well ID: H07 Year: 2024; Accession: HIL16C014; Block: 1; Root: 2; Tissue layer: outer; Greenhouse grown in 10in pot in Ithaca NY USA; Harvested 9MAP","4_H07_118_C14_rt2_o_10479813_22MM3HLT4_L3_R1","4_H07_118_C14_rt2_o_10479813_22MM3HLT4_L3_R2"
"303","TCDM_4_304_X5_31_rt3_i","H08_304_X5_31_rt3_i","SampleID: H08_304_X5_31_rt3_i; RNAseq Plate ID: TCDM_4; RNAseq Plate Well ID: H08 Year: 2024; Accession: ITH21F005P031; Block: 3; Root: 3; Tissue layer: inner; Greenhouse grown in 10in pot in Ithaca NY USA; Harvested 9MAP","4_H08_304_X5_31_rt3_i_10479813_22MM3HLT4_L3_R1","4_H08_304_X5_31_rt3_i_10479813_22MM3HLT4_L3_R2"
"304","TCDM_4_210_X11_68_rt1_i","H09_210_X11_68_rt1_i","SampleID: H09_210_X11_68_rt1_i; RNAseq Plate ID: TCDM_4; RNAseq Plate Well ID: H09 Year: 2024; Accession: ITH21F011P068; Block: 2; Root: 1; Tissue layer: inner; Greenhouse grown in 10in pot in Ithaca NY USA; Harvested 9MAP","4_H09_210_X11_68_rt1_i_10479813_22MM3HLT4_L3_R1","4_H09_210_X11_68_rt1_i_10479813_22MM3HLT4_L3_R2"
"305","TCDM_4_411_C17_rt1_i","H10_411_C17_rt1_i","SampleID: H10_411_C17_rt1_i; RNAseq Plate ID: TCDM_4; RNAseq Plate Well ID: H10 Year: 2024; Accession: HIL16C017; Block: 4; Root: 1; Tissue layer: inner; Greenhouse grown in 10in pot in Ithaca NY USA; Harvested 8MAP","4_H10_411_C17_rt1_i_10479813_22MM3HLT4_L3_R1","4_H10_411_C17_rt1_i_10479813_22MM3HLT4_L3_R2"
"306","TCDM_4_206_C17_rt1_o","H11_206_C17_rt1_o","SampleID: H11_206_C17_rt1_o; RNAseq Plate ID: TCDM_4; RNAseq Plate Well ID: H11 Year: 2024; Accession: HIL16C017; Block: 2; Root: 1; Tissue layer: outer; Greenhouse grown in 10in pot in Ithaca NY USA; Harvested 6MAP","4_H11_206_C17_rt1_o_10479813_22MM3HLT4_L3_R1","4_H11_206_C17_rt1_o_10479813_22MM3HLT4_L3_R2"
"307","TCDM_4_317_X4_42_rt2_i","H12_317_X4_42_rt2_i","SampleID: H12_317_X4_42_rt2_i; RNAseq Plate ID: TCDM_4; RNAseq Plate Well ID: H12 Year: 2024; Accession: ITH21F004P042; Block: 3; Root: 2; Tissue layer: inner; Greenhouse grown in 10in pot in Ithaca NY USA; Harvested 9MAP","4_H12_317_X4_42_rt2_i_10479813_22MM3HLT4_L3_R1","4_H12_317_X4_42_rt2_i_10479813_22MM3HLT4_L3_R2"
