,Extr.Set.Date,tube_ID,Phytoene,Phytofluene,Zeta.Carotene,Beta.Carotene,Violaxanthin.peak.1,Violaxanthin.peak.2,Lutein,sample_weight_g,date_extracted,technician,note,timept,harvest_date,plant,root,layer,empty_tube_weight_g,raw_fresh_weight_g,fresh_weight_g,greenhouse_notes,dry_date_out,dry_weight_g,Drying_notes,originaltubelabel,sampleID,genotypeID,block,dry_matter,total_carotenoids,total_violaxanthin,genotype.category
1,6112024,2,NA,NA,NA,NA,NA,NA,NA,0.254,6/11/24,SV,spilled during dry down,6MAP,5/29/23,102,1,outer,NA,16.89,16.89,,,9.933,,102_X1_34_rt1_o,102_X10_39_rt1_o,X10_39,1,32.01,NA,NA,Hybrid
2,6112024,3,2.341653226,1.564596774,0.948951613,30.78854839,0.826048387,1.259395161,0.283346774,0.248,6/11/24,KG,,6MAP,5/29/23,102,2,inner,NA,NA,NA,forgot to weigh,,8.157,,102_X1_34_rt2_i,102_X10_39_rt2_i,X10_39,1,NA,38.01254032,2.085443548,Hybrid
3,6112024,4,0.991314741,0.647011952,0.434422311,20.23645418,0.46561753,0.731354582,0.216055777,0.251,6/11/24,KG,,6MAP,5/29/23,102,2,outer,NA,NA,NA,forgot to weigh,,9.4,,102_X1_34_rt2_o,102_X10_39_rt2_o,X10_39,1,NA,23.72223108,1.196972112,Hybrid
4,6112024,6,0.861439689,0.556770428,0.439494163,18.56809339,0.359494163,0.506342412,0.289338521,0.257,6/11/24,SV,,6MAP,5/29/23,102,3,outer,NA,19.66,19.66,,,10.775,,102_X1_34_rt3_o,102_X10_39_rt3_o,X10_39,1,31.67,21.58097276,0.865836576,Hybrid
5,6112024,7,4.509647059,3.094941176,1.649411765,37.01070588,0.854980392,1.093960784,0.094509804,0.255,6/11/24,SV,,6MAP,5/29/23,103,1,inner,NA,12.2,12.2,,,8.09,,103_A04_rt1_i,103_A04_rt1_i,A04,1,25.85,48.30815686,1.948941176,African
6,6112024,8,1.081484375,0.674960938,0.432382813,13.34292969,0.875976563,1.223007813,0,0.256,6/11/24,SV,,6MAP,5/29/23,103,1,outer,NA,18.775,18.775,,,10.192,,103_A04_rt1_o,103_A04_rt1_o,A04,1,29.17,17.63074219,2.098984375,African
7,6112024,9,3.704071146,2.676521739,1.427114625,31.92343874,0.829367589,0.788418972,0.117391304,0.253,6/11/24,KG,,6MAP,5/29/23,103,2,inner,NA,9.303,9.303,,,7.567,,103_A04_rt2_i,103_A04_rt2_i,A04,1,34.39,41.46632411,1.617786561,African
8,6112024,10,1.01496063,0.65988189,0.387834646,10.98858268,0.553897638,0.76476378,0,0.254,6/11/24,SV,,6MAP,5/29/23,103,2,outer,NA,12.31,12.31,,,8.541,,103_A04_rt2_o,103_A04_rt2_o,A04,1,33.33,14.36992126,1.318661417,African
9,6112024,12,0.730699588,0.464444444,0.259218107,10.47580247,0.696666667,0.924197531,0,0.243,6/11/24,SV,,6MAP,5/29/23,103,3,outer,NA,13.788,13.788,,,8.691,,103_A04_rt3_o,103_A04_rt3_o,A04,1,28.52,13.55102881,1.620864198,African
10,6112024,13,0.718293651,0.358611111,0.190555556,17.33642857,0.606666667,0.917896825,0.51984127,0.252,6/11/24,SV,,6MAP,5/29/23,109,1,inner,NA,12.162,12.162,,,8.631,,109_X11_68_rt1_i,109_X11_68_rt1_i,X11_68,1,35.86,20.64829365,1.524563492,Hybrid
11,6112024,16,0.131098039,0.066666667,0.032235294,11.04666667,0.544431373,0.841098039,0.526666667,0.255,6/11/24,KG,,6MAP,5/29/23,109,2,outer,NA,17.21,17.21,,,9.894,,109_X11_68_rt2_o,109_X11_68_rt2_o,X11_68,1,30.67,13.18886275,1.385529412,Hybrid
12,6112024,17,0.390866142,0.246850394,0.253346457,25.20149606,0.847755906,0.729724409,1.108661417,0.254,6/11/24,SV,,6MAP,5/29/23,109,3,inner,NA,11.82,11.82,,,8.408,,109_X11_68_rt3_i,109_X11_68_rt3_i,X11_68,1,33.91,28.77870079,1.577480315,Hybrid
13,6112024,21,2.786571429,2.497714286,1.685020408,37.88959184,0.322081633,0.443591837,0,0.245,6/11/24,KG,,6MAP,5/29/23,111,2,inner,NA,10.28,10.28,,,7.793,,111_A03_rt2_i,111_A03_rt2_i,A03,1,31.36,45.62457143,0.765673469,African
14,6112024,22,1.326374502,1.144621514,0.864661355,32.77183267,0.316055777,0.481992032,0,0.251,6/11/24,KG,,6MAP,5/29/23,111,2,outer,NA,16.8,16.8,,,9.527,,111_A03_rt2_o,111_A03_rt2_o,A03,1,28.3,36.90553785,0.798047809,African
15,6112024,24,1.573984064,1.039880478,0.616055777,26.89454183,0.232669323,0.286175299,0,0.251,6/11/24,SV,,6MAP,5/29/23,111,3,outer,NA,14.95,14.95,,,9.12,,111_A03_rt3_o,111_A03_rt3_o,A03,1,29.7,30.64330677,0.518844622,African
16,6112024,26,0.150238095,0.094166667,0.07734127,14.87384921,0.765674603,1.024642857,0.105396825,0.252,6/11/24,SV,,6MAP,5/29/23,114,1,outer,NA,17.897,17.897,,,10.288,,114_X2_45_rt1_o,114_X2_45_rt1_o,X2_45,1,32.3,17.09130952,1.79031746,Hybrid
17,6112024,27,0.304375,0.180390625,0.123945313,15.25460938,0.630859375,0.814570313,0.229101563,0.256,6/11/24,SV,,6MAP,5/29/23,114,2,inner,NA,10.76,10.76,,,8.078,,114_X2_45_rt2_i,114_X2_45_rt2_i,X2_45,1,34.63,17.53785156,1.445429688,Hybrid
18,6112024,28,0.423968254,0.238968254,0.205912698,23.16246032,0.525277778,0.800555556,0.376626984,0.252,6/11/24,KG,,6MAP,5/29/23,114,2,outer,NA,16.13,16.13,,,9.62,,114_X2_45_rt2_o,114_X2_45_rt2_o,X2_45,1,31.28,25.73376984,1.325833333,Hybrid
19,6112024,30,0.098690476,0.051031746,0.048769841,10.35805556,0.341428571,0.408333333,0,0.252,6/11/24,SV,,6MAP,5/29/23,114,3,outer,NA,19.02,19.02,,,10.837,,114_X2_45_rt3_o,114_X2_45_rt3_o,X2_45,1,33.81,11.30630952,0.749761905,Hybrid
20,6112024,32,0.356178862,0.22304878,0.119918699,10.51686992,1.139227642,1.639308943,0.100731707,0.246,6/11/24,KG,,6MAP,5/29/23,201,1,outer,NA,16.052,16.052,,,10,,201_X5_66_rt1_o,201_X5_66_rt1_o,X5_66,2,35.58,14.09528455,2.778536585,Hybrid
21,6112024,33,0.385976563,0.2484375,0.132890625,10.35996094,1.463007813,2.165585938,0.099375,0.256,6/11/24,KG,,6MAP,5/29/23,201,2,inner,NA,8.505,8.505,,,7.402,,201_X5_66_rt2_i,201_X5_66_rt2_i,X5_66,2,40.31,14.85523438,3.62859375,Hybrid
22,6112024,34,0.193643725,0.122793522,0.068502024,7.657732794,1.013157895,1.457165992,0.250323887,0.247,6/11/24,KG,,6MAP,5/29/23,201,2,outer,NA,12.656,12.656,,,8.968,,201_X5_66_rt2_o,201_X5_66_rt2_o,X5_66,2,38.52,10.76331984,2.470323887,Hybrid
23,6112024,35,0.735429688,0.443554688,0.230976563,12.00109375,0.952578125,1.614453125,0.111445313,0.256,6/11/24,KG,,6MAP,5/29/23,201,3,inner,NA,11.05,11.05,,,8.323,,201_X5_66_rt3_i,201_X5_66_rt3_i,X5_66,2,37.92,16.08953125,2.56703125,Hybrid
24,6112024,37,1.132962963,0.650699588,0.451728395,16.4045679,1.124403292,1.776337449,0.471234568,0.243,6/11/24,KG,,6MAP,5/29/23,206,1,inner,NA,10.998,10.998,,,8.599,,206_C17_rt1_i,206_C17_rt1_i,C17,2,44.74,22.01193416,2.900740741,Latin American
25,6112024,40,0.317510204,0.180571429,0.101510204,13.16710204,0.830897959,0.944204082,1.483591837,0.245,6/11/24,KG,,6MAP,5/29/23,206,2,outer,NA,13.77,13.77,,,8.827,,206_C17_rt2_o,206_C17_rt2_o,C17,2,30.51,17.02538776,1.775102041,Latin American
26,6112024,41,0.67454902,0.378745098,0.210666667,17.83407843,1.295607843,2.113137255,0.98454902,0.255,6/11/24,SV,,6MAP,5/29/23,206,3,inner,NA,11.044,11.044,,,8.225,,206_C17_rt3_i,206_C17_rt3_i,C17,2,35.74,23.49133333,3.408745098,Latin American
27,6112024,46,1.99,1.015761317,0.621399177,26.79156379,0.378477366,0.506666667,0.529835391,0.243,6/11/24,SV,,6MAP,5/29/23,214,2,outer,NA,12.641,12.641,,,8.5,,214_X4_46_rt2_o,214_X4_46_rt2_o,X4_46,2,30.8,31.8337037,0.885144033,Hybrid
28,6112024,S1,0.953777569,0.505818864,0.067245425,14.07907086,0.581135617,0.899953074,0.147958705,0.2131,6/11/24,KG,,NA,NA,NA,NA,NA,NA,NA,NA,NA,NA,NA,NA,NA,NA,standard,NA,NA,17.23496011,1.481088691,NA
29,6112024,S2,0.959263754,0.521521036,0.064886731,13.55683657,0.540372168,0.773988673,0.140412621,0.2472,6/11/24,SV,,NA,NA,NA,NA,NA,NA,NA,NA,NA,NA,NA,NA,NA,NA,standard,NA,NA,16.55728155,1.314360841,NA
30,6112024,S3,0.801582015,0.419941715,0.049417152,13.15732723,0.536011657,0.645961699,0.148209825,0.2402,6/11/24,SV,,NA,NA,NA,NA,NA,NA,NA,NA,NA,NA,NA,NA,NA,NA,standard,NA,NA,15.75845129,1.181973356,NA
31,6132024,1,5.4594,3.57188,2.30592,46.38656,0.8726,1.13232,0.26188,0.25,6/13/24,KG,,6MAP,5/29/23,102,1,inner,6.657157895,11.505,11.505,real genotype is X10_39 (listed correctly in genotypeID column),,8.252,,102_X1_34_rt1_i,102_X10_39_rt1_i,X10_39,1,32.9,59.99056,2.00492,Hybrid
32,6132024,5,2.855652174,2.028458498,1.828063241,42.97810277,0.604545455,0.837193676,0.300592885,0.253,6/13/24,KG,,6MAP,5/29/23,102,3,inner,NA,13.44,13.44,,,9.127,,102_X1_34_rt3_i,102_X10_39_rt3_i,X10_39,1,36.41,51.4326087,1.44173913,Hybrid
33,6132024,11,3.50796875,2.442578125,1.059296875,35.17109375,0.770859375,1.09890625,0.114765625,0.256,6/13/24,KG,,6MAP,5/29/23,103,3,inner,NA,9.148,9.148,,,7.522,,103_A04_rt3_i,103_A04_rt3_i,A04,1,34.73,44.16546875,1.869765625,African
34,6132024,14,0.112921811,0.063539095,0.049423868,11.30748971,0.572839506,0.83399177,0.419917695,0.243,6/13/24,KG,,6MAP,5/29/23,109,1,outer,NA,16.53,16.53,,,8.739,,109_X11_68_rt1_o,109_X11_68_rt1_o,X11_68,1,21.09,13.36012346,1.406831276,Hybrid
35,6132024,15,0.633684211,0.332388664,0.163076923,22.80603239,0.974777328,1.340809717,0.82417004,0.247,6/13/24,KG,,6MAP,5/29/23,109,2,inner,NA,12.26,12.26,,,8.743,,109_X11_68_rt2_i,109_X11_68_rt2_i,X11_68,1,37.23,27.07493927,2.315587045,Hybrid
36,6132024,18,0.096730769,0.047269231,0.061576923,12.44803846,0.557384615,0.670615385,0.483730769,0.26,6/13/24,KG,,6MAP,5/29/23,109,3,outer,NA,16.36,16.36,,,9.192,,109_X11_68_rt3_o,109_X11_68_rt3_o,X11_68,1,26.13,14.36534615,1.228,Hybrid
37,6132024,19,3.134698795,2.94,1.879518072,37.9460241,0.704819277,0.977831325,0,0.249,6/13/24,KG,,6MAP,5/29/23,111,1,inner,NA,14.897,14.897,,,9.24,,111_A03_rt1_i,111_A03_rt1_i,A03,1,31.35,47.58289157,1.682650602,African
38,6132024,20,1.347160494,1.286337449,1.14600823,34.01695473,0.487654321,0.528559671,0,0.243,6/13/24,KG,,6MAP,5/29/23,111,1,outer,NA,17.77,17.77,,,10.316,,111_A03_rt1_o,111_A03_rt1_o,A03,1,32.93,38.8126749,1.016213992,African
39,6132024,23,3.277935223,2.497894737,1.428502024,36.20461538,0.50437247,0.559271255,0,0.247,6/13/24,KG,,6MAP,5/29/23,111,3,inner,NA,12.135,12.135,,,8.672,,111_A03_rt3_i,111_A03_rt3_i,A03,1,36.78,44.47259109,1.063643725,African
40,6132024,25,0.229385246,0.159262295,0.099836066,11.4454918,1.17307377,2.018114754,0.136680328,0.244,6/13/24,KG,,6MAP,5/29/23,114,1,inner,NA,11.034,11.034,,,8.053,,114_X2_45_rt1_i,114_X2_45_rt1_i,X2_45,1,31.89,15.26184426,3.191188525,Hybrid
41,6132024,29,0.328821138,0.195203252,0.146422764,15.38621951,0.857520325,1.077113821,0.125487805,0.246,6/13/24,KG,,6MAP,5/29/23,114,3,inner,NA,11.749,11.749,,,NA,,114_X2_45_rt3_i,114_X2_45_rt3_i,X2_45,1,NA,18.11678862,1.934634146,Hybrid
42,6132024,31,1.324919355,0.829112903,0.413951613,17.60967742,1.457782258,2.13625,0.102016129,0.248,6/13/24,KG,,6MAP,5/29/23,201,1,inner,NA,11.01,11.01,,,8.026,,201_X5_66_rt1_i,201_X5_66_rt1_i,X5_66,2,31.45,23.87370968,3.594032258,Hybrid
43,6132024,36,0.273134921,0.174761905,0.09952381,8.576388889,0.991904762,1.260436508,0.208333333,0.252,6/13/24,KG,,6MAP,5/29/23,201,3,outer,NA,12.84,12.84,,,8.942,,201_X5_66_rt3_o,201_X5_66_rt3_o,X5_66,2,36.96,11.58448413,2.25234127,Hybrid
44,6132024,39,0.930122951,0.50397541,0.321639344,24.33413934,1.561803279,1.88,2.318934426,0.244,6/13/24,KG,,6MAP,5/29/23,206,2,inner,NA,12.598,12.598,,,8.84,,206_C17_rt2_i,206_C17_rt2_i,C17,2,36.74,31.85061475,3.441803279,Latin American
45,6132024,42,0.391713147,0.223505976,0.133625498,15.25095618,0.937768924,0.925099602,1.679721116,0.251,6/13/24,KG,,6MAP,5/29/23,206,3,outer,NA,13.004,13.004,,,8.67,,206_C17_rt3_o,206_C17_rt3_o,C17,2,31.72,19.54239044,1.862868526,Latin American
46,6132024,43,4.203070866,2.425748031,1.639133858,43.2138189,0.649488189,0.948188976,0.345472441,0.254,6/13/24,KG,,6MAP,5/29/23,214,1,inner,NA,12.75,12.75,,,8.544,,214_X4_46_rt1_i,214_X4_46_rt1_i,X4_46,2,30.97,53.42492126,1.597677165,Hybrid
47,6132024,44,1.77688,1.12,0.84948,35.26816,0.52548,0.63348,0.1492,0.25,6/13/24,KG,,6MAP,5/29/23,214,1,outer,NA,17.415,17.415,,,10.06,,214_X4_46_rt1_o,214_X4_46_rt1_o,X4_46,2,31.63,40.32268,1.15896,Hybrid
48,6132024,47,3.969149798,1.883805668,1.003157895,34.74020243,0.636842105,0.82611336,0.616801619,0.247,6/13/24,KG,,6MAP,5/29/23,214,3,inner,NA,10.34,10.34,,,7.888,,214_X4_46_rt3_i,214_X4_46_rt3_i,X4_46,2,33.42,43.67607287,1.462955466,Hybrid
49,6132024,48,2.60547619,1.249047619,0.630357143,30.88634921,0.501944444,0.691071429,0.566150794,0.252,6/13/24,KG,,6MAP,5/29/23,214,3,outer,NA,12.022,12.022,,,8.238,,214_X4_46_rt3_o,214_X4_46_rt3_o,X4_46,2,29.47,37.13039683,1.193015873,Hybrid
50,6132024,281,1.131774194,0.587862903,0.397782258,39.12903226,1.720725806,2.370080645,6.760846774,0.248,6/13/24,SV,,8MAP,7/6/23,211,3,inner,NA,2.102,8.754,,7/14/23,7.377,,211_C14_rt3_i,211_C14_rt3_i,C14,2,34.33,52.09810484,4.090806452,Latin American
51,6132024,283,0.085612648,0.056363636,0.037944664,5.366284585,0.44972332,0.62201581,0.33486166,0.253,6/13/24,SV,,8MAP,7/6/23,212,1,inner,NA,2.96,9.612,,7/14/23,7.671,,212_X8_37_rt1_i,212_X8_37_rt1_i,X8_37,2,34.31,6.952806324,1.07173913,Hybrid
52,6132024,285,0.087131474,0.056294821,0.036135458,6.051513944,0.563067729,0.805298805,0.363346614,0.251,6/13/24,SV,,8MAP,7/6/23,212,2,inner,NA,4.05,10.702,,7/14/23,7.963,,212_X8_37_rt2_i,212_X8_37_rt2_i,X8_37,2,32.29,7.962788845,1.368366534,Hybrid
53,6132024,288,0,0,0,4.517142857,0.488040816,0.545836735,0.437142857,0.245,6/13/24,SV,,8MAP,7/6/23,212,3,outer,NA,8.85,15.502,,7/14/23,9.483,,212_X8_37_rt3_o,212_X8_37_rt3_o,X8_37,2,31.95,5.988163265,1.033877551,Hybrid
54,6132024,289,2.084163265,1.160326531,0.686326531,30.1684898,0.808244898,0.996367347,0.610653061,0.245,6/13/24,SV,,8MAP,7/6/23,213,1,inner,NA,8.014,14.666,,7/14/23,9.233,,213_X4_42_rt1_i,213_X4_42_rt1_i,X4_42,2,32.16,36.51457143,1.804612245,Hybrid
55,6132024,294,0.76672,0.41472,0.3344,30.2038,0.957,1.2232,1.34752,0.25,6/13/24,SV,slight yellow color visible in tissue chunk remaining after 4th extraction,8MAP,7/6/23,213,3,outer,NA,9.165,15.817,,7/14/23,9.399,,213_X4_42_rt3_o,213_X4_42_rt3_o,X4_42,2,29.93,35.24736,2.1802,Hybrid
56,6132024,300,2.32019685,1.278661417,1.011220472,33.74271654,0.414685039,0.455826772,0.419015748,0.254,6/13/24,SV,,8MAP,7/6/23,219,3,outer,NA,8.47,15.122,,7/14/23,8.565,,219_X2_24_rt3_o,219_X2_24_rt3_o,X2_24,2,22.54,39.64232283,0.870511811,Hybrid
57,6132024,302,0.059335938,0.026875,0,11.55960938,0.35609375,0.505039063,0.165742188,0.256,6/13/24,SV,,8MAP,7/6/23,301,1,outer,NA,5.827,12.479,,7/14/23,8.075,,301_X2_45_rt1_o,301_X2_45_rt1_o,X2_45,3,24.36,12.67269531,0.861132813,Hybrid
58,6132024,304,0.629755102,0.391918367,0.271836735,14.83889796,0.528938776,0.745306122,0.237877551,0.245,6/13/24,SV,,8MAP,7/6/23,301,2,outer,NA,4.366,11.018,,7/14/23,7.952,,301_X2_45_rt2_o,301_X2_45_rt2_o,X2_45,3,29.7,17.64453061,1.274244898,Hybrid
59,6132024,310,1.103125,0.5359375,0.180898438,14.03152344,0.461132813,0.591757813,0.308164063,0.256,6/13/24,SV,,8MAP,7/6/23,303,2,outer,NA,2.192,8.844,,7/14/23,7.326,,303_X11_68_rt2_o,303_X11_68_rt2_o,X11_68,3,30.59,17.21253906,1.052890625,Hybrid
60,6132024,319,1.994126984,1.086031746,0.667460317,33.76777778,1.039761905,1.281428571,0.629404762,0.252,6/13/24,SV,,8MAP,7/6/23,314,1,inner,NA,5.952,12.604,,7/14/23,8.576,,314_X5_66_rt1_i,314_X5_66_rt1_i,X5_66,3,32.27,40.46599206,2.321190476,Hybrid
61,6132024,320,0.538203125,0.294335938,0.256757813,32.41132813,0.750898438,0.896992188,0.786328125,0.256,6/13/24,SV,,8MAP,7/6/23,314,1,outer,NA,14.956,21.608,,7/14/23,11.496,,314_X5_66_rt1_o,314_X5_66_rt1_o,X5_66,3,32.37,35.93484375,1.647890625,Hybrid
62,6132024,324,0.692749004,0.382948207,0.404462151,36.22410359,0.882071713,0.997171315,1.985737052,0.251,6/13/24,SV,,8MAP,7/6/23,314,3,outer,NA,7.25,13.902,,7/14/23,8.954,,314_X5_66_rt3_o,314_X5_66_rt3_o,X5_66,3,31.7,41.56924303,1.879243028,Hybrid
63,6132024,328,1.227377049,0.808196721,0.776844262,22.50758197,0.508606557,0.603811475,0,0.244,6/13/24,SV,,8MAP,7/6/23,318,2,outer,NA,6.608,13.26,,7/14/23,8.664,,318_A04_rt2_o,318_A04_rt2_o,A04,3,30.4,26.43241803,1.112418033,African
64,6132024,331,5.608634538,3.056546185,2.111485944,47.40200803,0.749236948,0.903574297,1.055742972,0.249,6/13/24,SV,,8MAP,7/6/23,405,1,inner,NA,6.675,13.327,real genotype is X10_39 (corrected in GID column),7/14/23,8.558,,405_X1_34_rt1_i,405_X10_39_rt1_i,X10_39,4,28.5,60.88722892,1.652811245,Hybrid
65,6132024,334,1.220197628,0.775889328,1.02513834,37.00166008,0.307747036,0.374940711,0.333754941,0.253,6/13/24,SV,,8MAP,7/6/23,405,2,outer,NA,11.208,17.86,,7/14/23,10.47,,405_X1_34_rt2_o,405_X10_39_rt2_o,X10_39,4,34.04,41.03932806,0.682687747,Hybrid
66,6132024,336,1.342801556,0.864319066,1.128910506,36.10019455,0.250272374,0.287743191,0.348365759,0.257,6/13/24,SV,,8MAP,7/6/23,405,3,outer,NA,10.139,16.791,,7/14/23,10.025,,405_X1_34_rt3_o,405_X10_39_rt3_o,X10_39,4,33.23,40.322607,0.538015564,Hybrid
67,6132024,339,8.741065574,4.555942623,2.773647541,46.10147541,0.710204918,0.794221311,0.67102459,0.244,6/13/24,SV,,8MAP,7/6/23,408,2,inner,NA,2.824,9.476,,7/14/23,7.546,,408_X4_46_rt2_i,408_X4_46_rt2_i,X4_46,4,31.54,64.34758197,1.50442623,Hybrid
68,6132024,341,5.744057377,3.213442623,1.640368852,32.9122541,0.409262295,0.413688525,1.109754098,0.244,6/13/24,SV,,8MAP,7/6/23,408,3,inner,NA,3.599,10.251,,7/14/23,7.772,,408_X4_46_rt3_i,408_X4_46_rt3_i,X4_46,4,31.02,45.44282787,0.82295082,Hybrid
69,6132024,345,0.886188525,0.526188525,0.340901639,30.54368852,2.170409836,2.374754098,4.25192623,0.244,6/13/24,SV,,8MAP,7/6/23,411,2,inner,NA,1.756,8.408,,7/14/23,7.184,,411_C17_rt2_i,411_C17_rt2_i,C17,4,30.1,41.09405738,4.545163934,Latin American
70,6132024,346,0.699488189,0.388385827,0.256417323,25.3553937,1.43976378,1.257362205,5.711771654,0.254,6/13/24,SV,,8MAP,7/6/23,411,2,outer,NA,5.836,12.488,,7/14/23,8.534,,411_C17_rt2_o,411_C17_rt2_o,C17,4,32.19,35.10858268,2.697125984,Latin American
71,6132024,347,0.883212851,0.511204819,0.295863454,20.18526104,1.700040161,2.265662651,2.205823293,0.249,6/13/24,SV,,8MAP,7/6/23,411,3,inner,NA,3.125,9.777,,7/14/23,7.637,,411_C17_rt3_i,411_C17_rt3_i,C17,4,31.41,28.04706827,3.965702811,Latin American
72,6132024,359,2.358178138,1.987489879,1.693117409,31.9888664,0.357449393,0.287732794,0,0.247,6/13/24,SV,,8MAP,7/6/23,420,3,inner,NA,3.781,10.433,,7/14/23,7.886,,420_A03_rt3_i,420_A03_rt3_i,A03,4,32.55,38.67283401,0.645182186,African
73,6132024,S4,0.980121704,0.53841785,0.076105477,13.31391481,0.565841785,0.822718053,0.139716024,0.2465,6/13/24,KG,,NA,NA,NA,NA,NA,NA,NA,NA,NA,NA,NA,NA,NA,NA,standard,NA,NA,16.4368357,1.388559838,NA
74,6132024,S5,0.935556465,0.531342062,0.069762684,13.90646481,0.60695581,0.756914894,0.145335516,0.2444,6/13/24,SV,,NA,NA,NA,NA,NA,NA,NA,NA,NA,NA,NA,NA,NA,NA,standard,NA,NA,16.95233224,1.363870704,NA
75,6202024,102,0.44116,0.24796,0.11916,11.43636,0.8018,1.20856,0.19536,0.25,6/20/24,KG,,6MAP,5/30/23,404,3,outer,NA,21.211,21.211,,7/14/23,11.42,,404_X10_52_rt3_o,404_X4_32_rt3_o,X4_32,4,32.73,14.45036,2.01036,Hybrid
76,6202024,110,0.354509804,0.229294118,0.244509804,24.22117647,0.685568627,1.057607843,0.147411765,0.255,6/20/24,SV,,6MAP,5/30/23,417,1,outer,NA,19.974,19.974,,7/14/23,10.963,,417_X1_54_rt1_o,417_X1_54_rt1_o,X1_54,4,32.33,26.94007843,1.743176471,Hybrid
77,6202024,121,4.791640625,2.906875,1.290625,41.95074219,0.944023438,1.234492188,0.18703125,0.256,6/20/24,SV,,7MAP,6/20/23,101,1,inner,NA,11.484,11.484,,6/28/23,8.203,,101_X2_24_rt1_i,101_X2_24_rt1_i,X2_24,1,32.03,53.30542969,2.178515625,Hybrid
78,6202024,126,2.848464567,1.728228346,0.930826772,31.42149606,0.707007874,1.086889764,0.252874016,0.254,6/20/24,SV,,7MAP,6/20/23,101,3,outer,NA,15.346,15.346,,6/28/23,9.537,,101_X2_24_rt3_o,101_X2_24_rt3_o,X2_24,1,33.15,38.9757874,1.793897638,Hybrid
79,6202024,128,0.029055118,0,0,5.704488189,0.656417323,0.58003937,1.380669291,0.254,6/20/24,SV,,7MAP,6/20/23,108,1,outer,NA,17.956,17.956,,6/28/23,10.888,,108_X8_37_rt1_o,108_X8_37_rt1_o,X8_37,1,37.45,8.350669291,1.236456693,Hybrid
80,6202024,130,0.13588,0.07704,0,5.35644,0.39376,0.69124,0.77576,0.25,6/20/24,SV,,7MAP,6/20/23,108,2,outer,NA,18.97,18.97,,6/28/23,10.819,,108_X8_37_rt2_o,108_X8_37_rt2_o,X8_37,1,33.8,7.43012,1.085,Hybrid
81,6202024,131,0,0,0,4.37854902,0.350156863,0.583215686,0.267294118,0.255,6/20/24,SV,,7MAP,6/20/23,108,3,inner,NA,9.795,9.795,,6/28/23,7.768,,108_X8_37_rt3_i,108_X8_37_rt3_i,X8_37,1,35.4,5.579215686,0.933372549,Hybrid
82,6202024,132,0,0,0,5.62083004,0.344466403,0.547865613,0.504110672,0.253,6/20/24,SV,,7MAP,6/20/23,108,3,outer,NA,15.897,15.897,,6/28/23,10.302,,108_X8_37_rt3_o,108_X8_37_rt3_o,X8_37,1,39.45,7.017272727,0.892332016,Hybrid
83,6202024,133,4.230787402,2.562677165,2.007322835,60.97799213,0.723464567,0.925590551,0.595393701,0.254,6/20/24,SV,,7MAP,6/20/23,110,1,inner,NA,9.74,9.74,,6/28/23,7.342,,110_X4_42_rt1_i,110_X4_42_rt1_i,X4_42,1,22.22,72.02322835,1.649055118,Hybrid
84,6202024,134,1.121929134,0.637047244,0.665551181,50.82275591,0.796535433,1.223346457,1.21488189,0.254,6/20/24,SV,still appeared wet after long dry down,7MAP,6/20/23,110,1,outer,NA,19.88,19.88,,6/28/23,10.715,,110_X4_42_rt1_o,110_X4_42_rt1_o,X4_42,1,30.69,56.48204724,2.01988189,Hybrid
85,6202024,144,1.011190476,0.548174603,0.376666667,30.64900794,1.646785714,1.936031746,4.711706349,0.252,6/20/24,SV,,7MAP,6/20/23,113,3,outer,NA,13.92,13.92,,6/28/23,8.614,,113_C17_rt3_o,113_C17_rt3_o,C17,1,26.94,40.87956349,3.58281746,Latin American
86,6202024,145,6.790793651,3.662539683,2.729047619,72.93400794,0.535357143,0.639722222,0.181468254,0.252,6/20/24,SV,,7MAP,6/20/23,116,1,inner,NA,12.74,12.74,,6/28/23,7.966,,116_X8_41.5_rt1_i,116_X8_41.5_rt1_i,X8_41.5,1,21.52,87.47293651,1.175079365,Hybrid
87,6202024,146,2.355803922,1.439764706,1.503294118,46.60890196,0.476941176,0.700941176,0,0.255,6/20/24,SV,,7MAP,6/20/23,116,1,outer,NA,22.66,22.66,,6/28/23,11.8,,116_X8_41.5_rt1_o,116_X8_41.5_rt1_o,X8_41.5,1,32.14,53.08564706,1.177882353,Hybrid
88,6202024,147,3.818228346,2.379527559,2.545472441,73.9769685,0.542952756,0.699015748,0.652874016,0.254,6/20/24,SV,,7MAP,6/20/23,116,2,inner,NA,12.197,12.197,,6/28/23,8.101,,116_X8_41.5_rt2_i,116_X8_41.5_rt2_i,X8_41.5,1,26.06,84.61503937,1.241968504,Hybrid
89,6202024,148,1.683172691,0.99124498,1.064939759,43.75983936,0.642409639,0.880722892,0.324658635,0.249,6/20/24,SV,,7MAP,6/20/23,116,2,outer,NA,15.117,15.117,,6/28/23,8.97,,116_X8_41.5_rt2_o,116_X8_41.5_rt2_o,X8_41.5,1,27.34,49.34698795,1.52313253,Hybrid
90,6202024,150,4.767944664,3.158893281,4.924822134,94.49367589,0.569249012,0.852252964,0.291778656,0.253,6/20/24,SV,,7MAP,6/20/23,116,3,outer,NA,17.053,17.053,,6/28/23,9.606,,116_X8_41.5_rt3_o,116_X8_41.5_rt3_o,X8_41.5,1,28.37,109.0586166,1.421501976,Hybrid
91,6202024,151,0.051692913,0,0,3.150905512,0.319212598,0.385826772,0.175708661,0.254,6/20/24,SV,,7MAP,6/20/23,203,1,inner,NA,10.293,10.293,,6/28/23,7.84,,203_X11_57_rt1_i,203_X11_57_rt1_i,X11_57,2,32.54,4.083346457,0.70503937,Hybrid
92,6202024,152,0,0,0,3.098380567,0.187044534,0.278137652,0.129959514,0.247,6/20/24,SV,,7MAP,6/20/23,203,1,outer,NA,16.734,16.734,,6/28/23,9.951,,203_X11_57_rt1_o,203_X11_57_rt1_o,X11_57,2,32.69,3.693522267,0.465182186,Hybrid
93,6202024,153,0.107058824,0,0,4.172941176,0.408235294,0.518823529,0.265882353,0.255,6/20/24,SV,,7MAP,6/20/23,203,2,inner,NA,10.59,10.59,,6/28/23,7.892,,203_X11_57_rt2_i,203_X11_57_rt2_i,X11_57,2,31.4,5.472941176,0.927058824,Hybrid
94,6202024,154,0,0,0,3.581204819,0.238433735,0.337871486,0.183333333,0.249,6/20/24,SV,,7MAP,6/20/23,203,2,outer,NA,16.53,16.53,,6/28/23,9.92,,203_X11_57_rt2_o,203_X11_57_rt2_o,X11_57,2,33.05,4.340843373,0.576305221,Hybrid
95,6202024,155,0.055603113,0,0,2.471284047,0.263579767,0.312529183,0.196848249,0.257,6/20/24,SV,,7MAP,6/20/23,203,3,inner,NA,8.99,8.99,,6/28/23,7.477,,203_X11_57_rt3_i,203_X11_57_rt3_i,X11_57,2,35.15,3.299844358,0.576108949,Hybrid
96,6202024,156,0,0,0,1.620742188,0.179101563,0.28046875,0.144179688,0.256,6/20/24,SV,,7MAP,6/20/23,203,3,outer,NA,11.247,11.247,,6/28/23,8.051,,203_X11_57_rt3_o,203_X11_57_rt3_o,X11_57,2,30.37,2.224492188,0.459570313,Hybrid
97,6202024,157,0.932862745,0.555176471,0.408196078,29.51854902,0.854823529,1.41454902,0.316588235,0.255,6/20/24,SV,,7MAP,6/20/23,204,1,inner,NA,10.514,10.514,,6/28/23,7.811,,204_X2_45_rt1_i,204_X2_45_rt1_i,X2_45,2,29.92,34.0007451,2.269372549,Hybrid
98,6202024,161,0.957301587,0.556111111,0.286388889,18.67206349,0.708769841,1.127777778,0.147103175,0.252,6/20/24,SV,,7MAP,6/20/23,204,3,inner,NA,8.402,8.402,,6/28/23,7.148,,204_X2_45_rt3_i,204_X2_45_rt3_i,X2_45,2,28.14,22.45551587,1.836547619,Hybrid
99,6202024,162,0.272283465,0.162047244,0.095905512,12.56472441,0.532440945,0.802519685,0,0.254,6/20/24,SV,,7MAP,6/20/23,204,3,outer,NA,12.145,12.145,,6/28/23,8.373,,204_X2_45_rt3_o,204_X2_45_rt3_o,X2_45,2,31.27,14.42992126,1.33496063,Hybrid
100,6202024,163,1.712745902,0.911598361,0.491516393,28.82557377,1.457254098,2.21942623,3.303155738,0.244,6/20/24,SV,,7MAP,6/20/23,208,1,inner,NA,11.395,11.395,real genotype is X4_32 (corrected in genotypeID column),6/28/23,8.299,,208_X10_52_rt1_i,208_X4_32_rt2_i,X4_32,2,34.66,38.92127049,3.676680328,Hybrid
101,6202024,164,0.465381526,0.216184739,0.16497992,22.34349398,0.721405622,1.090080321,1.682931727,0.249,6/20/24,SV,,7MAP,6/20/23,208,1,outer,NA,14.86,14.86,,6/28/23,9.313,,208_X10_52_rt1_o,208_X4_32_rt2_o,X4_32,2,32.38,26.68445783,1.811485944,Hybrid
102,6202024,167,2.112693878,0.960816327,0.456408163,33.73665306,1.868122449,2.48722449,3.788693878,0.245,6/20/24,SV,little sample left ,7MAP,6/20/23,208,3,inner,NA,7.812,7.812,,6/28/23,7.076,,208_X10_52_rt3_i,208_X4_32_rt3_i,X4_32,2,36.28,45.41061224,4.355346939,Hybrid
103,6202024,279,0.639023438,0.30546875,0.217890625,27.98183594,1.002890625,1.637421875,1.0365625,0.256,6/20/24,KG,,8MAP,7/6/23,211,2,inner,NA,7.087,13.739,,7/14/23,8.867,,211_C14_rt2_i,211_C14_rt2_i,C14,2,31.21,32.82109375,2.6403125,Latin American
104,6202024,280,0.865203252,0.415853659,0.191747967,31.51247967,0.993414634,1.574471545,0.656138211,0.246,6/20/24,KG,,8MAP,7/6/23,211,2,outer,NA,5.35,12.002,,7/14/23,8.402,,211_C14_rt2_o,211_C14_rt2_o,C14,2,32.65,36.20930894,2.567886179,Latin American
105,6202024,286,0,0,0,6.236431373,0.39545098,0.565529412,0.731215686,0.255,6/20/24,KG,,8MAP,7/6/23,212,2,outer,NA,9.635,16.287,,7/14/23,10.111,,212_X8_37_rt2_o,212_X8_37_rt2_o,X8_37,2,35.87,7.928627451,0.960980392,Hybrid
106,6202024,290,0.575901639,0.284918033,0.300696721,33.93598361,0.929918033,1.330040984,0.335860656,0.244,6/20/24,SV,,8MAP,7/6/23,213,1,outer,NA,12.754,19.406,,7/14/23,10.657,,213_X4_42_rt1_o,213_X4_42_rt1_o,X4_42,2,31.38,37.69331967,2.259959016,Hybrid
107,6202024,323,1.083333333,0.608293651,0.507261905,42.97007937,0.89202381,1.064007937,2.139801587,0.252,6/20/24,KG,still appeared wet after long dry down,8MAP,7/6/23,314,3,inner,NA,3.423,10.075,,7/14/23,7.891,,314_X5_66_rt3_i,314_X5_66_rt3_i,X5_66,3,36.1,49.26480159,1.956031746,Hybrid
108,6202024,325,3.872392157,2.358901961,1.262823529,30.90580392,0.634078431,0.753019608,0.167803922,0.255,6/20/24,KG,,8MAP,7/6/23,318,1,inner,NA,4.028,10.68,,7/14/23,7.716,,318_A04_rt1_i,318_A04_rt1_i,A04,3,26.32,39.95482353,1.387098039,African
109,6202024,326,1.155061224,0.71922449,0.492285714,24.81685714,0.633959184,0.894489796,0,0.245,6/20/24,KG,,8MAP,7/6/23,318,1,outer,NA,10.77,17.422,,7/14/23,9.638,,318_A04_rt1_o,318_A04_rt1_o,A04,3,27.69,28.71187755,1.52844898,African
110,6202024,329,6.862055336,4.046956522,1.976837945,37.42470356,0.470158103,0.490790514,0.361225296,0.253,6/20/24,SV,,8MAP,7/6/23,318,3,inner,NA,2.495,9.147,,7/14/23,7.298,,318_A04_rt3_i,318_A04_rt3_i,A04,3,25.74,51.63272727,0.960948617,African
111,6202024,330,2.942979592,1.758571429,1.212530612,25.76620408,0.57755102,0.662,0,0.245,6/20/24,KG,,8MAP,7/6/23,318,3,outer,NA,6.725,13.377,,7/14/23,8.414,,318_A04_rt3_o,318_A04_rt3_o,A04,3,26.15,32.91983673,1.23955102,African
112,6202024,332,1.523650794,1.029960317,1.332619048,44.73480159,0.322222222,0.40047619,0.363650794,0.252,6/20/24,KG,,8MAP,7/6/23,405,1,outer,NA,16.61,23.262,,7/14/23,12.231,,405_X1_34_rt1_o,405_X10_39_rt1_o,X10_39,4,33.57,49.70738095,0.722698413,Hybrid
113,6202024,333,5.73092,3.44212,2.67732,49.95444,0.58832,0.7004,0.8192,0.25,6/20/24,KG,,8MAP,7/6/23,405,2,inner,NA,7.157,13.809,,7/14/23,8.948,,405_X1_34_rt2_i,405_X10_39_rt2_i,X10_39,4,32.03,63.91272,1.28872,Hybrid
114,6202024,335,4.959960938,2.838476563,2.301796875,43.14820313,0.44546875,0.561835938,0.4496875,0.256,6/20/24,KG,,8MAP,7/6/23,405,3,inner,NA,4.309,10.961,,7/14/23,8.056,,405_X1_34_rt3_i,405_X10_39_rt3_i,X10_39,4,32.5,54.70542969,1.007304688,Hybrid
115,6202024,337,6.461491935,3.683104839,2.679314516,46.34528226,0.394112903,0.470322581,0.990725806,0.248,6/20/24,KG,,8MAP,7/6/23,408,1,inner,NA,5.845,12.497,,7/14/23,8.272,,408_X4_46_rt1_i,408_X4_46_rt1_i,X4_46,4,27.65,61.02435484,0.864435484,Hybrid
116,6202024,340,3.360607287,1.856477733,1.678582996,56.86133603,0.427651822,0.588421053,0.65,0.247,6/20/24,KG,,8MAP,7/6/23,408,2,outer,NA,7.12,13.772,,7/14/23,9.016,,408_X4_46_rt2_o,408_X4_46_rt2_o,X4_46,4,33.16,65.42307692,1.016072874,Hybrid
117,6202024,343,1.382031873,0.73063745,0.450557769,34.91258964,2.06059761,2.773864542,6.439043825,0.251,6/20/24,KG,still appeared wet after long dry down,8MAP,7/6/23,411,1,inner,NA,4.107,10.759,was in tube labeled 414_x8_41.5; label has been hand-corrected to 411_C17_rt1_i,7/14/23,7.766,it's not hand changed for the dry weight? this must be a different tube (this note was moved and is now correct),414_X8_41.5_rt1_i,411_C17_rt1_i,C17,4,27.04,48.74932271,4.834462151,Latin American
118,6202024,348,0.365381526,0.213815261,0.165140562,16.03236948,0.83935743,0.994337349,3.085903614,0.249,6/20/24,KG,,8MAP,7/6/23,411,3,outer,NA,5.523,12.175,,7/14/23,8.299,,411_C17_rt3_o,411_C17_rt3_o,C17,4,29.76,21.69630522,1.833694779,Latin American
119,6202024,349,9.698134921,5.862301587,7.248214286,101.6867063,0.435436508,0.534722222,0.129880952,0.252,6/20/24,KG,,8MAP,7/6/23,414,1,inner,NA,11.814,18.466,label hand changed,7/14/23,9.511,weight comes from label picture,414_411_C17_rt1_i,414_X8_41.5_rt1_i,X8_41.5,4,24.17,125.5953968,0.97015873,Hybrid
120,6202024,350,0.66161157,0.442809917,0.740619835,20.1918595,0,0.133347107,0,0.242,6/20/24,KG,pink,8MAP,7/6/23,414,1,outer,NA,16.78,23.432,label hand changed,7/14/23,13.205,<when I took the dry weight it wasn't labed 414_x8_41.5—the label read 411_C17_rt1_o but the 411 was changed to 414 and the C17 was crossed out (this is in the correct spot),414_411_C17_rt1_o ,414_X8_41.5_rt1_o,X8_41.5,4,39.03,22.17024793,0.133347107,Hybrid
121,6202024,351,6.422845528,3.961910569,4.614186992,99.36882114,0.326138211,0.408821138,0.516788618,0.246,6/20/24,KG,still appeared wet after long dry down,8MAP,7/6/23,414,2,inner,NA,6.296,12.948,handwritten label,7/14/23,7.98,,414_X8_41.5_rt2_i,414_X8_41.5_rt2_i,X8_41.5,4,21.03,115.6195122,0.73495935,Hybrid
122,6202024,353,5.05765625,3.009375,3.053554688,68.79777344,0.3415625,0.596914063,0.406210938,0.256,6/20/24,KG,,8MAP,7/6/23,414,3,inner,NA,3.778,10.43,,7/14/23,7.523,handwritten for the dry weight but nothing was written here before,414_X8_41.5_rt3_i,414_X8_41.5_rt3_i,X8_41.5,4,22.95,81.26304688,0.938476563,Hybrid
123,6202024,355,4.768937008,3.85503937,2.532401575,40.12602362,0.270669291,0.293661417,0,0.254,6/20/24,KG,,8MAP,7/6/23,420,1,inner,NA,3.788,10.44,,7/14/23,7.732,,420_A03_rt1_i,420_A03_rt1_i,A03,4,28.42,51.84673228,0.564330709,African
124,6202024,356,1.17276,0.69484,0.49184,0,0.20996,0.29696,0,0.25,6/20/24,KG,,8MAP,7/6/23,420,1,outer,NA,6.999,13.651,,7/14/23,8.409,,420_A03_rt1_o,420_A03_rt1_o,A03,4,25.05,2.86636,0.50692,African
125,6202024,357,3.825099602,3.005059761,2.300478088,37.23796813,0.254661355,0.34314741,0,0.251,6/20/24,KG,,8MAP,7/6/23,420,2,inner,NA,4.643,11.295,,7/14/23,8.041,,420_A03_rt2_i,420_A03_rt2_i,A03,4,29.84,46.96641434,0.597808765,African
126,6202024,358,NA,NA,NA,NA,NA,NA,NA,0.25,6/20/24,SV,,8MAP,7/6/23,420,2,outer,NA,12.678,19.33,,7/14/23,9.921,,420_A03_rt2_o,420_A03_rt2_o,A03,4,25.76,NA,NA,African
127,6202024,360,0.943305785,0.680743802,0.611818182,21.84169421,0.344545455,0.477603306,0,0.242,6/20/24,KG,,8MAP,7/6/23,420,3,outer,NA,7.905,14.557,,7/14/23,8.763,,420_A03_rt3_o,420_A03_rt3_o,A03,4,26.66,24.89971074,0.82214876,African
128,6202024,S6,0.89328222,0.447133991,0.06290617,12.26217598,0.450091274,0.680029208,0.131690398,0.2739,6/20/24,KG,,NA,NA,NA,NA,NA,NA,NA,NA,NA,NA,NA,NA,NA,NA,standard,NA,NA,14.92730924,1.130120482,NA
129,6202024,S7,1.059180394,0.545038168,0.069867417,14.27436722,0.532462836,0.771755725,0.183206107,0.2489,6/20/24,SV,,NA,NA,NA,NA,NA,NA,NA,NA,NA,NA,NA,NA,NA,NA,standard,NA,NA,17.43587786,1.304218562,NA
130,6252024,61,0.19,0.095770751,0.047865613,8.076679842,0.238498024,0.288181818,0.216363636,0.253,6/25/24,KG,,7MAP,6/20/23,310,1,inner,NA,13.24,13.24,plant 310 was harvested at timepoint 2 because of accidental pruning at timepoint 1,,7.851,,310_C14_rt1_i,310_C14_rt1_i,C14,3,18.14,9.153359684,0.526679842,Latin American
131,6252024,62,0.319799197,0.141726908,0.117148594,23.87449799,0.73562249,1.002690763,1.00502008,0.249,6/25/24,KG,still appeared wet after long dry down,7MAP,6/20/23,310,1,outer,NA,10.18,10.18,,,8.807,,310_C14_rt1_o,310_C14_rt1_o,C14,3,61.03,27.19650602,1.738313253,Latin American
132,6252024,63,0.296809339,0.150583658,0.103346304,17.1885214,0.605680934,0.82770428,0.496848249,0.257,6/25/24,KG,,7MAP,6/20/23,310,2,inner,NA,8.97,8.97,,,7.504,,310_C14_rt2_i,310_C14_rt2_i,C14,3,36.62,19.66949416,1.433385214,Latin American
133,6252024,64,0.12568,0.05492,0.06712,11.71568,0.36356,0.50144,0.28672,0.25,6/25/24,KG,,7MAP,6/20/23,310,2,outer,NA,12.31,12.31,,,8.515,,310_C14_rt2_o,310_C14_rt2_o,C14,3,32.87,13.11512,0.865,Latin American
134,6252024,65,0.331927711,0.186425703,0.13686747,27.33983936,1.28562249,1.793212851,1.525943775,0.249,6/25/24,KG,,7MAP,6/20/23,310,3,inner,NA,9.14,9.14,,,7.449,,310_C14_rt3_i,310_C14_rt3_i,C14,3,31.9,32.59983936,3.078835341,Latin American
135,6252024,66,0.122222222,0,0.071111111,17.56777778,0.816666667,1.003333333,0.67,0.252,6/25/24,KG,,7MAP,6/20/23,310,3,outer,NA,11.01,11.01,,,7.869,,310_C14_rt3_o,310_C14_rt3_o,C14,3,27.84,20.25111111,1.82,Latin American
136,6252024,122,2.486972112,1.323984064,0.580956175,24.27386454,0.578844622,0.76936255,0.109442231,0.251,6/25/24,KG,,7MAP,6/20/23,101,1,outer,NA,16.585,16.585,,6/28/23,9.879,,101_X2_24_rt1_o,101_X2_24_rt1_o,X2_24,1,32.45,30.12342629,1.348207171,Hybrid
137,6252024,123,2.88498008,2.062071713,1.368366534,40.15673307,0.553904382,0.718087649,0.187450199,0.251,6/25/24,KG,,7MAP,6/20/23,101,2,inner,NA,12.13,12.13,,6/28/23,8.26,,101_X2_24_rt2_i,101_X2_24_rt2_i,X2_24,1,29.29,47.93159363,1.271992032,Hybrid
138,6252024,124,1.638306452,0.99,0.677943548,25.57766129,0.470282258,0.652701613,0.153830645,0.248,6/25/24,KG,,7MAP,6/20/23,101,2,outer,NA,16.01,16.01,,6/28/23,9.546,,101_X2_24_rt2_o,101_X2_24_rt2_o,X2_24,1,30.89,30.16072581,1.122983871,Hybrid
139,6252024,125,3.234403292,2.094238683,1.085555556,34.93193416,0.66872428,0.928395062,0.298683128,0.243,6/25/24,KG,,7MAP,6/20/23,101,3,inner,NA,10.523,10.523,,6/28/23,7.781,,101_X2_24_rt3_i,101_X2_24_rt3_i,X2_24,1,29.07,43.24193416,1.597119342,Hybrid
140,6252024,127,0,0,0,5.632773438,0.477695313,0.658164063,1.3746875,0.256,6/25/24,KG,still appeared wet after long dry down,7MAP,6/20/23,108,1,inner,NA,14.028,14.028,,6/28/23,9.329,,108_X8_37_rt1_i,108_X8_37_rt1_i,X8_37,1,36.25,8.143320313,1.135859375,Hybrid
141,6252024,129,0.080790514,0.058181818,0.022608696,3.302332016,0.422213439,0.611778656,0.463162055,0.253,6/25/24,KG,,7MAP,6/20/23,108,2,inner,NA,10.024,10.024,,6/28/23,7.491,,108_X8_37_rt2_i,108_X8_37_rt2_i,X8_37,1,24.77,4.961067194,1.033992095,Hybrid
142,6252024,135,1.682702703,0.891660232,0.398571429,21.57911197,0.59988417,0.749343629,0.19011583,0.259,6/25/24,KG,,7MAP,6/20/23,110,2,inner,NA,8.16,8.16,,6/28/23,7.094,,110_X4_42_rt2_i,110_X4_42_rt2_i,X4_42,1,29.08,26.09138996,1.349227799,Hybrid
143,6252024,136,0.531405622,0.283333333,0.22188755,30.45891566,0.641767068,0.828393574,0.381204819,0.249,6/25/24,KG,,7MAP,6/20/23,110,2,outer,NA,17.38,17.38,,6/28/23,10.182,,110_X4_42_rt2_o,110_X4_42_rt2_o,X4_42,1,32.87,33.34690763,1.470160643,Hybrid
144,6252024,137,1.757063492,0.969365079,0.515714286,26.05781746,0.504801587,0.661468254,0.393849206,0.252,6/25/24,KG,,7MAP,6/20/23,110,3,inner,NA,10.074,10.074,,6/28/23,7.735,,110_X4_42_rt3_i,110_X4_42_rt3_i,X4_42,1,31.55,30.86007937,1.166269841,Hybrid
145,6252024,138,0.831497976,0.478097166,0.414048583,26.76202429,0.641619433,0.914979757,0.369433198,0.247,6/25/24,KG,,7MAP,6/20/23,110,3,outer,NA,21.08,21.08,,6/28/23,11.424,,110_X4_42_rt3_o,110_X4_42_rt3_o,X4_42,1,33.05,30.4117004,1.55659919,Hybrid
146,6252024,139,0.882283465,0.499606299,0.301889764,26.07094488,1.51476378,2.255669291,1.57003937,0.254,6/25/24,KG,,7MAP,6/20/23,113,1,inner,NA,11.8,11.8,,6/28/23,8.021,,113_C17_rt1_i,113_C17_rt1_i,C17,1,26.52,33.09519685,3.770433071,Latin American
147,6252024,140,0.764085603,0.414747082,0.272801556,23.182607,1.219844358,1.436108949,1.822023346,0.257,6/25/24,KG,still appeared wet after long dry down,7MAP,6/20/23,113,1,outer,NA,17.68,17.68,,6/28/23,9.232,,113_C17_rt1_o,113_C17_rt1_o,C17,1,23.36,29.1122179,2.655953307,Latin American
148,6252024,141,0.598196078,0.337490196,0.210941176,19.04007843,1.301294118,1.776156863,1.644196078,0.255,6/25/24,KG,,7MAP,6/20/23,113,2,inner,NA,10.264,10.264,,6/28/23,7.755,,113_C17_rt2_i,113_C17_rt2_i,C17,1,30.44,24.90835294,3.07745098,Latin American
149,6252024,142,0.556422764,0.303373984,0.21495935,21.17837398,0.961910569,1.146341463,2.506097561,0.246,6/25/24,KG,,7MAP,6/20/23,113,2,outer,NA,16.98,16.98,,6/28/23,9.592,,113_C17_rt2_o,113_C17_rt2_o,C17,1,28.43,26.86747967,2.108252033,Latin American
150,6252024,143,0.968884298,0.53607438,0.341694215,25.9603719,1.25892562,1.705371901,3.608181818,0.242,6/25/24,KG,,7MAP,6/20/23,113,3,inner,NA,8.729,8.729,,6/28/23,7.223,,113_C17_rt3_i,113_C17_rt3_i,C17,1,27.32,34.37950413,2.964297521,Latin American
151,6252024,149,6.440823529,3.929294118,2.782117647,63.7827451,0.61,0.721882353,0.574901961,0.255,6/25/24,KG,,7MAP,6/20/23,116,3,inner,NA,8.68,8.68,,6/28/23,7.196,,116_X8_41.5_rt3_i,116_X8_41.5_rt3_i,X8_41.5,1,26.64,78.84176471,1.331882353,Hybrid
152,6252024,165,0.475243902,0.224268293,0.098821138,9.371341463,1.039878049,1.195162602,0.602276423,0.246,6/25/24,KG,,7MAP,6/20/23,208,2,inner,NA,10.427,10.427,root 2 was bigger (corrected in genotypeID column),6/28/23,7.88,,208_X10_52_rt2_i,208_X4_32_rt1_i,X4_32,2,32.44,13.00699187,2.23504065,Hybrid
153,6252024,385,0.306396761,0.170931174,0.11611336,29.27186235,0.656356275,0.599919028,1.854574899,0.247,6/25/24,SV,,9MAP,7/28/23,118,1,inner,NA,8.6666,8.6496,,,NA,,118_C14_rt1_i,118_C14_rt1_i,C14,1,NA,32.97615385,1.256275304,Latin American
154,6252024,409,8.719637097,4.700846774,3.552056452,60.10387097,0.326330645,0.32766129,0.359758065,0.248,6/25/24,SV,,9MAP,7/28/23,218,1,inner,NA,9.7402,9.7232,,8/7/23,7.177,,218_X8_41.5_rt1_i,218_X8_41.5_rt1_i,X8_41.5,2,16.96,78.09016129,0.653991935,Hybrid
155,6252024,414,1.079919679,0.533052209,0.468514056,35.75682731,0.38248996,0.460843373,0.301084337,0.249,6/25/24,SV,,9MAP,7/28/23,218,3,outer,NA,14.4132,14.3962,,8/7/23,8.445,,218_X8_41.5_rt3_o,218_X8_41.5_rt3_o,X8_41.5,2,23.1,38.98273092,0.843333333,Hybrid
156,6252024,415,5.882766798,3.211304348,2.457233202,38.93786561,0.486245059,0.469762846,0.71284585,0.253,6/25/24,SV,,9MAP,7/28/23,220,1,inner,NA,8.5989,8.5819,real genotype is X10_39,8/7/23,7.174,,220_X1_34_rt1_i,220_X10_39_rt1_i,X10_39,2,26.86,52.15802372,0.956007905,Hybrid
157,6252024,416,1.469525692,0.834822134,0.907747036,30.18272727,0.221581028,0.230158103,0.211581028,0.253,6/25/24,SV,,9MAP,7/28/23,220,1,outer,NA,14.4457,14.4287,,8/7/23,8.771,,220_X1_34_rt1_o,220_X10_39_rt1_o,X10_39,2,27.2,34.05814229,0.45173913,Hybrid
158,6252024,425,0.654552529,0.348287938,0.130622568,15.53692607,0.490933852,0.675603113,0.825719844,0.257,6/25/24,SV,,9MAP,7/28/23,302,3,inner,NA,10.4619,10.4449,,8/7/23,8.038,,302_C17_rt3_i,302_C17_rt3_i,C17,3,36.46,18.66264591,1.166536965,Latin American
159,6252024,426,0.449166667,0.219166667,0.113452381,20.59825397,0.5875,0.725833333,1.739206349,0.252,6/25/24,SV,,9MAP,7/28/23,302,3,outer,NA,14.0117,13.9947,,8/7/23,9.358,,302_C17_rt3_o,302_C17_rt3_o,C17,3,36.81,24.43257937,1.313333333,Latin American
160,6252024,430,0.323877551,0.139265306,0.131428571,19.28089796,0.413061224,0.572653061,0.719714286,0.245,6/25/24,SV,,9MAP,7/28/23,304,2,outer,NA,16.3962,16.3792,,8/7/23,10.155,,304_X5_31_rt2_o,304_X5_31_rt2_o,X5_31,3,35.98,21.58089796,0.985714286,Hybrid
161,6252024,438,1.378047809,0.699123506,0.417290837,16.43836653,0.185298805,0.18374502,0,0.251,6/25/24,SV,,9MAP,7/28/23,307,3,outer,NA,14.638,14.621,,8/7/23,8.795,,307_A03_rt3_o,307_A03_rt3_o,A03,3,26.85,19.30187251,0.369043825,African
162,6252024,440,1.058503937,0.555354331,0.599370079,48.50669291,0.472874016,0.575984252,0.646102362,0.254,6/25/24,SV,pink,9MAP,7/28/23,317,1,outer,NA,23.0401,23.0231,,8/7/23,11.106,*might (???) be not fully dried,317_X4_42_rt1_o,317_X4_42_rt1_o,X4_42,3,27.18,52.41488189,1.048858268,Hybrid
163,6252024,442,1.350117647,0.718196078,0.869843137,45.49109804,0.389568627,0.498117647,0.453529412,0.255,6/25/24,SV,,9MAP,7/28/23,317,2,outer,NA,16.0947,16.0777,,8/7/23,9.301,,317_X4_42_rt2_o,317_X4_42_rt2_o,X4_42,3,28.07,49.77047059,0.887686275,Hybrid
164,6252024,444,0.903046875,0.455859375,0.515390625,38.73027344,0.54734375,0.611210938,0.389101563,0.256,6/25/24,SV,,9MAP,7/28/23,317,3,outer,NA,15.4675,15.4505,,8/7/23,8.985,,317_X4_42_rt3_o,317_X4_42_rt3_o,X4_42,3,26.47,42.15222656,1.158554688,Hybrid
165,6252024,447,0,0,0,4.56472,0.30668,0.37872,0.60412,0.25,6/25/24,SV,,9MAP,7/28/23,319,2,inner,NA,11.9961,11.9791,,8/7/23,8.604,,319_X8_37_rt2_i,319_X8_37_rt2_i,X8_37,3,36.58,5.85424,0.6854,Hybrid
166,6252024,448,0,0,0,1.420988142,0.052094862,0.086284585,0.170632411,0.253,6/25/24,SV,,9MAP,7/28/23,319,2,outer,NA,17.1151,17.0981,,8/7/23,10.404,,319_X8_37_rt2_o,319_X8_37_rt2_o,X8_37,3,35.89,1.73,0.138379447,Hybrid
167,6252024,450,0,0,0,5.802957198,0.274669261,0.345992218,0.179066148,0.257,6/25/24,SV,,9MAP,7/28/23,319,3,outer,NA,14.2276,14.2106,,8/7/23,9.429,,319_X8_37_rt3_o,319_X8_37_rt3_o,X8_37,3,36.7,6.602684825,0.620661479,Hybrid
168,6252024,451,0.303673469,0.142816327,0,5.092040816,0.332244898,0.440489796,0.115755102,0.245,6/25/24,SV,,9MAP,7/28/23,402,1,inner,NA,13.2686,13.2516,,8/7/23,8.604,,402_X11_57_rt1_i,402_X11_57_rt1_i,X11_57,4,29.52,6.427020408,0.772734694,Hybrid
169,6252024,459,0.389566929,0.198897638,0.087125984,7.194488189,0.333661417,0.361614173,0,0.254,6/25/24,SV,,9MAP,7/28/23,403,2,inner,NA,9.9233,9.9063,,8/7/23,7.8,,403_A20_rt2_i,403_A20_rt2_i,A20,4,35.18,8.565354331,0.695275591,African
170,6252024,461,0.69064257,0.348594378,0.112931727,6.051967871,0.306024096,0.405863454,0,0.249,6/25/24,SV,,9MAP,7/28/23,403,3,inner,NA,9.6831,9.6661,,8/7/23,7.656,,403_A20_rt3_i,403_A20_rt3_i,A20,4,33.2,7.916024096,0.71188755,African
171,6252024,464,1.175298805,0.686374502,0.689521912,26.69494024,0.153585657,0.189601594,0,0.251,6/25/24,SV,,9MAP,7/28/23,407,1,outer,NA,15.0954,15.0784,,8/7/23,9.578,,407_X2_24_rt1_o,407_X2_24_rt1_o,X2_24,4,34.69,29.58932271,0.343187251,Hybrid
172,6252024,465,2.840826772,1.802913386,1.271220472,34.68362205,0.306850394,0.366220472,0.83996063,0.254,6/25/24,SV,,9MAP,7/28/23,407,2,inner,NA,11.5049,11.4879,,8/7/23,7.937,,407_X2_24_rt2_i,407_X2_24_rt2_i,X2_24,4,26.5,42.11161417,0.673070866,Hybrid
173,6252024,468,2.150912698,1.20218254,1.009563492,28.03984127,0.205674603,0.239007937,0.166587302,0.252,6/25/24,SV,,9MAP,7/28/23,407,3,outer,NA,14.9337,14.9167,,8/7/23,9.293,,407_X2_24_rt3_o,407_X2_24_rt3_o,X2_24,4,31.91,33.01376984,0.44468254,Hybrid
174,6252024,469,0.647601626,0.394390244,0.340691057,27.78,0.400528455,0.537113821,0.44195122,0.246,6/25/24,SV,,9MAP,7/28/23,409,1,inner,NA,10.19,10.173,,8/7/23,7.797,,409_X2_45_rt1_i,409_X2_45_rt1_i,X2_45,4,32.42,30.54227642,0.937642276,Hybrid
175,6252024,480,3.169882353,1.956705882,2.349686275,50.84278431,0.94345098,0.842117647,2.155254902,0.255,6/25/24,SV,,9MAP,7/28/23,418,3,outer,NA,13.2366,13.2196,,8/7/23,8.284,,418_X5_36_rt3_o,418_X5_36_rt3_o,X5_36,4,24.79,62.25988235,1.785568627,Hybrid
176,6252024,S8,0.724024024,0.43028028,0.056806807,13.18663664,0.485085085,0.554954955,0.137687688,0.1998,6/25/24,KG,,NA,NA,NA,NA,NA,NA,NA,NA,NA,NA,NA,NA,NA,NA,standard,NA,NA,15.57547548,1.04004004,NA
177,6252024,S9,0.798261206,0.409041731,0.053438949,14.16383308,0.494513138,0.628825348,0.115996909,0.2588,6/25/24,SV,,NA,NA,NA,NA,NA,NA,NA,NA,NA,NA,NA,NA,NA,NA,standard,NA,NA,16.66391036,1.123338485,NA
178,6272024,410,2.681015625,1.53578125,2.059804688,49.25914063,0.239765625,0.293359375,0.360546875,0.256,6/27/24,KG,,9MAP,7/28/23,218,1,outer,NA,21.7382,21.7212,,8/7/23,10.511,*might (???) not be fully dried,218_X8_41.5_rt1_o,218_X8_41.5_rt1_o,X8_41.5,2,25.58,56.42941406,0.533125,Hybrid
179,6272024,413,1.960119048,1.013015873,0.642222222,32.86896825,0.329722222,0.393730159,1.193650794,0.252,6/27/24,KG,,9MAP,7/28/23,218,3,inner,NA,10.0969,10.0799,,8/7/23,7.446,,218_X8_41.5_rt3_i,218_X8_41.5_rt3_i,X8_41.5,2,23.05,38.40142857,0.723452381,Hybrid
180,6272024,422,0.764552529,0.351789883,0.193540856,19.35595331,0.553891051,0.746459144,1.640661479,0.257,6/27/24,KG,,9MAP,7/28/23,302,1,outer,NA,12.8269,12.8099,,8/7/23,8.494,,302_C17_rt1_o,302_C17_rt1_o,C17,3,29.86,23.60684825,1.300350195,Latin American
181,6272024,427,0.824484127,0.493769841,0.267936508,15.4731746,0.388055556,0.42297619,0.216865079,0.252,6/27/24,KG,,9MAP,7/28/23,304,1,inner,NA,10.516,10.499,,8/7/23,7.639,,304_X5_31_rt1_i,304_X5_31_rt1_i,X5_31,3,25.56,18.0872619,0.811031746,Hybrid
182,6272024,428,0.565849802,0.301027668,0.25687747,25.37347826,0.764466403,0.910118577,0.378695652,0.253,6/27/24,KG,,9MAP,7/28/23,304,1,outer,NA,19.9203,19.9033,,8/7/23,10.836,,304_X5_31_rt1_o,304_X5_31_rt1_o,X5_31,3,31.55,28.55051383,1.67458498,Hybrid
183,6272024,429,0.589346939,0.317346939,0.208163265,20.20016327,0.457959184,0.561591837,0.602285714,0.245,6/27/24,KG,,9MAP,7/28/23,304,2,inner,NA,10.176,10.159,,8/7/23,7.72,,304_X5_31_rt2_i,304_X5_31_rt2_i,X5_31,3,30.35,22.93685714,1.01955102,Hybrid
184,6272024,432,0.280159363,0.13625498,0.079083665,15.70972112,0.456414343,0.562191235,0.713705179,0.251,6/27/24,KG,,9MAP,7/28/23,304,3,outer,NA,15.307,15.29,,8/7/23,9.607,,304_X5_31_rt3_o,304_X5_31_rt3_o,X5_31,3,34.17,17.93752988,1.018605578,Hybrid
185,6272024,433,3.611075697,2.21812749,1.202111554,27.53840637,0.278207171,0.294342629,0,0.251,6/27/24,KG,,9MAP,7/28/23,307,1,inner,NA,10.1723,10.1553,confirmed A03,8/7/23,7.537,,307_A03_rt1_i,307_A03_rt1_i,A03,3,25.16,35.14227092,0.572549801,African
186,6272024,436,0.911646586,0.37751004,0.18373494,14.69277108,0.190763052,0.18875502,0,0.249,6/27/24,KG,,9MAP,7/28/23,307,2,outer,NA,17.2783,17.2613,,8/7/23,9.627,,307_A03_rt2_o,307_A03_rt2_o,A03,3,28.01,16.54518072,0.379518072,African
187,6272024,437,4.336269841,2.758571429,1.548452381,28.3322619,0.260119048,0.253531746,0,0.252,6/27/24,KG,,9MAP,7/28/23,307,3,inner,NA,10.5362,10.5192,,8/7/23,7.645,,307_A03_rt3_i,307_A03_rt3_i,A03,3,25.58,37.48920635,0.513650794,African
188,6272024,441,5.464345794,2.861588785,2.375280374,67.1064486,0.734719626,0.896448598,1.688551402,0.214,6/27/24,KG,not enough sample,9MAP,7/28/23,317,2,inner,NA,8.0447,8.0277,,,NA,,317_X4_42_rt2_i,317_X4_42_rt2_i,X4_42,3,NA,81.12738318,1.631168224,Hybrid
189,6272024,443,3.317127072,1.680552486,1.07121547,37.32696133,0.328618785,0.406243094,1.031104972,0.181,6/27/24,KG,not enough sample,9MAP,7/28/23,317,3,inner,NA,8.0826,8.0656,,8/7/23,6.877,,317_X4_42_rt3_i,317_X4_42_rt3_i,X4_42,3,15.62,45.1618232,0.734861878,Hybrid
190,6272024,446,0.060671937,0,0,6.44201581,0.192055336,0.282134387,0.544031621,0.253,6/27/24,KG,,9MAP,7/28/23,319,1,outer,NA,17.6264,17.6094,,8/7/23,10.652,,319_X8_37_rt1_o,319_X8_37_rt1_o,X8_37,3,36.48,7.520909091,0.474189723,Hybrid
191,6272024,456,0,0,0,2.927667984,0.161304348,0.211818182,0.060237154,0.253,6/27/24,KG,,9MAP,7/28/23,402,3,outer,NA,16.3737,16.3567,,8/7/23,9.951,,402_X11_57_rt3_o,402_X11_57_rt3_o,X11_57,4,33.96,3.361027668,0.37312253,Hybrid
192,6272024,458,0.069609375,0,0,6.988984375,0.424414063,0.498867188,0,0.256,6/27/24,KG,,9MAP,7/28/23,403,1,outer,NA,18.4019,18.3849,,8/7/23,10.032,,403_A20_rt1_o,403_A20_rt1_o,A20,4,28.78,7.981875,0.92328125,African
193,6272024,462,0.118464567,0.070905512,0.055354331,8.54496063,0.43992126,0.508858268,0,0.254,6/27/24,KG,,9MAP,7/28/23,403,3,outer,NA,20.276,20.259,,8/7/23,11.426,,403_A20_rt3_o,403_A20_rt3_o,A20,4,35.06,9.738464567,0.948779528,African
194,6272024,466,1.225921569,0.681372549,0.631803922,25.19356863,0.238745098,0.298431373,0.57945098,0.255,6/27/24,KG,,9MAP,7/28/23,407,2,outer,NA,21.0743,21.0573,,8/7/23,11.3,*might (???) not be fully dry,407_X2_24_rt2_o,407_X2_24_rt2_o,X2_24,4,32.24,28.84929412,0.537176471,Hybrid
195,6272024,467,3.714958333,2.211291667,1.108458333,34.84983333,0.29925,0.334041667,0.68975,0.24,6/27/24,KG,,9MAP,7/28/23,407,3,inner,NA,8.3788,8.3618,,8/7/23,7.163,,407_X2_24_rt3_i,407_X2_24_rt3_i,X2_24,4,29.68,43.20758333,0.633291667,Hybrid
196,6272024,471,0.605119048,0.333730159,0.267579365,19.04083333,0.349087302,0.481428571,0.190833333,0.252,6/27/24,KG,,9MAP,7/28/23,409,2,inner,NA,10.6441,10.6271,,8/7/23,8.073,,409_X2_45_rt2_i,409_X2_45_rt2_i,X2_45,4,35.67,21.26861111,0.830515873,Hybrid
197,6272024,473,0.682782258,0.368024194,0.228225806,14.11100806,0.395604839,0.471653226,0.260564516,0.248,6/27/24,KG,,9MAP,7/28/23,409,3,inner,NA,9.7305,9.7135,,8/7/23,7.557,,409_X2_45_rt3_i,409_X2_45_rt3_i,X2_45,4,29.45,16.5178629,0.867258065,Hybrid
198,6272024,474,0.256719368,0.133201581,0.121620553,21.95086957,0.320395257,0.399565217,0.098458498,0.253,6/27/24,KG,,9MAP,7/28/23,409,3,outer,NA,20.8028,20.7858,,8/7/23,11.519,,409_X2_45_rt3_o,409_X2_45_rt3_o,X2_45,4,34.41,23.28083004,0.719960474,Hybrid
199,6272024,476,2.098862745,1.31054902,1.579333333,34.81478431,0.478039216,0.631372549,1.377294118,0.255,6/27/24,KG,,9MAP,7/28/23,418,1,outer,NA,19.5818,19.5648,,8/7/23,10.486,*might (???) not be fully dry,418_X5_36_rt1_o,418_X5_36_rt1_o,X5_36,4,29.66,42.29023529,1.109411765,Hybrid
200,6272024,477,5.892411067,4.207865613,3.312094862,30.68920949,0.371067194,0.449604743,0.713675889,0.253,6/27/24,KG,,9MAP,7/28/23,418,2,inner,NA,8.2967,8.2797,,8/7/23,6.978,,418_X5_36_rt2_i,418_X5_36_rt2_i,X5_36,4,19.78,45.63592885,0.820671937,Hybrid
201,6272024,S10,0.73381369,0.369428718,0.050849202,12.6114771,0.41755018,0.506948019,0.123983531,0.1943,6/27/24,KG,,NA,NA,NA,NA,NA,NA,NA,NA,NA,NA,NA,NA,NA,NA,standard,NA,NA,14.81405044,0.924498199,NA
202,7022024,49,0.161857708,0.090711462,0.066996047,4.68055336,0.321660079,0.520632411,0,0.253,7/2/24,KG,,6MAP,5/30/23,215,1,inner,NA,10.474,10.474,,,7.889,,215_A20_rt1_i,215_A20_rt1_i,A20,2,32.28,5.842411067,0.84229249,African
203,7022024,50,0,0,0,3.353604651,0.324263566,0.431356589,0,0.258,7/2/24,SV,,6MAP,5/30/23,215,1,outer,NA,16.46,16.46,,,9.689,,215_A20_rt1_o,215_A20_rt1_o,A20,2,30.93,4.109224806,0.755620155,African
204,7022024,51,0.822421875,0.451992188,0.243515625,6.226484375,0.173359375,0.437539063,0,0.256,7/2/24,SV,,6MAP,5/30/23,215,2,inner,NA,11.61,11.61,,,8.013,,215_A20_rt2_i,215_A20_rt2_i,A20,2,27.38,8.3553125,0.610898438,African
205,7022024,52,0,0,0,3.510409836,0.243401639,0.321229508,0,0.244,7/2/24,SV,,6MAP,5/30/23,215,2,outer,NA,19.037,19.037,,,9.945,,215_A20_rt2_o,215_A20_rt2_o,A20,2,26.56,4.075040984,0.564631148,African
206,7022024,53,0.120806452,0.060403226,0.066895161,4.528104839,0.196330645,0.421733871,0,0.248,7/2/24,SV,,6MAP,5/30/23,215,3,inner,NA,12.436,12.436,,,8.656,,215_A20_rt3_i,215_A20_rt3_i,A20,2,34.59,5.394274194,0.618064516,African
207,7022024,54,0,0,0,3.2,0.226049383,0.340205761,0,0.243,7/2/24,SV,,6MAP,5/30/23,215,3,outer,NA,15.686,15.686,,,9.082,,215_A20_rt3_o,215_A20_rt3_o,A20,2,26.86,3.766255144,0.566255144,African
208,7022024,55,3.48812,1.78092,1.07672,27.24828,0.86912,1.4424,0.71976,0.25,7/2/24,SV,,6MAP,5/30/23,217,1,inner,NA,12.275,12.275,,,7.945,,217_X5_36_rt1_i,217_X5_36_rt1_i,X5_36,2,22.93,36.62532,2.31152,Hybrid
209,7022024,56,0.892109375,0.447070313,0.310703125,16.32113281,0.824414063,1.128945313,0,0.256,7/2/24,KG,,6MAP,5/30/23,217,1,outer,NA,18.943,18.943,,,8.744,,217_X5_36_rt1_o,217_X5_36_rt1_o,X5_36,2,16.99,19.924375,1.953359375,Hybrid
210,7022024,57,2.632773438,1.37078125,0.79265625,21.69414063,0.62609375,0.946523438,0.216523438,0.256,7/2/24,KG,,6MAP,5/30/23,217,2,inner,NA,12.7,12.7,,,8.015,,217_X5_36_rt2_i,217_X5_36_rt2_i,X5_36,2,22.47,28.27949219,1.572617188,Hybrid
211,7022024,58,1.234960938,0.644921875,0.434765625,16.93,0.519648438,0.851953125,0.197734375,0.256,7/2/24,SV,,6MAP,5/30/23,217,2,outer,NA,15.92,15.92,,,8.812,,217_X5_36_rt2_o,217_X5_36_rt2_o,X5_36,2,23.26,20.81398438,1.371601563,Hybrid
212,7022024,60,1.227276265,0.652451362,0.594980545,29.33727626,0.972140078,1.372490272,0.617159533,0.257,7/2/24,KG,,6MAP,5/30/23,217,3,outer,NA,14.276,14.276,,,9.83,,217_X5_36_rt3_o,217_X5_36_rt3_o,X5_36,2,41.65,34.77377432,2.34463035,Hybrid
213,7022024,67,0.242529644,0.090434783,0,4.879367589,0.608379447,0.761501976,0.381264822,0.253,7/2/24,SV,,6MAP,5/30/23,311,1,inner,NA,12.126,12.126,,,8.616,,311_X11_57_rt1_i,311_X11_57_rt1_i,X11_57,3,35.82,6.963478261,1.369881423,Hybrid
214,7022024,68,0.10173913,0.041106719,0,6.00055336,0.655652174,0.955731225,0.343241107,0.253,7/2/24,KG,,6MAP,5/30/23,311,1,outer,NA,19.68,19.68,,,10.988,,311_X11_57_rt1_o,311_X11_57_rt1_o,X11_57,3,33.26,8.098023715,1.611383399,Hybrid
215,7022024,69,0.078710938,0,0,3.584375,0.469257813,0.615546875,0.174570313,0.256,7/2/24,SV,,6MAP,5/30/23,311,2,inner,NA,12.07,12.07,,,8.76,,311_X11_57_rt2_i,311_X11_57_rt2_i,X11_57,3,38.85,4.922460938,1.084804688,Hybrid
216,7022024,70,0,0,0,1.873125,0.275273438,0.372304688,0.104414063,0.256,7/2/24,KG,,6MAP,5/30/23,311,2,outer,NA,16.646,16.646,,,9.241,,311_X11_57_rt2_o,311_X11_57_rt2_o,X11_57,3,25.87,2.625117188,0.647578125,Hybrid
217,7022024,71,0,0,0,2.572031873,0.464183267,0.562988048,0.124541833,0.251,7/2/24,SV,,6MAP,5/30/23,311,3,inner,NA,10.214,10.214,,,8.052,,311_X11_57_rt3_i,311_X11_57_rt3_i,X11_57,3,39.22,3.72374502,1.027171315,Hybrid
218,7022024,72,0,0,0,2.783110236,0.362755906,0.494015748,0.20980315,0.254,7/2/24,KG,,6MAP,5/30/23,311,3,outer,NA,14.388,14.388,,,9.74,,311_X11_57_rt3_o,311_X11_57_rt3_o,X11_57,3,39.88,3.849685039,0.856771654,Hybrid
219,7022024,73,4.07641129,2.150322581,1.430806452,36.27532258,0.844153226,1.317620968,0.179637097,0.248,7/2/24,KG,,6MAP,5/30/23,315,1,inner,NA,10.83,10.83,,,7.991,,315_X8_41.5_rt1_i,315_X8_41.5_rt1_i,X8_41.5,3,31.97,46.27427419,2.161774194,Hybrid
220,7022024,74,2.113571429,1.29484127,2.235714286,50.32944444,0.549603175,0.696587302,0,0.252,7/2/24,SV,,6MAP,5/30/23,315,1,outer,NA,17.588,17.588,,,10.331,,315_X8_41.5_rt1_o,315_X8_41.5_rt1_o,X8_41.5,3,33.61,57.2197619,1.246190476,Hybrid
221,7022024,75,1.989055118,1.096456693,0.93015748,33.70633858,0.480629921,0.723110236,0.172716535,0.254,7/2/24,SV,,6MAP,5/30/23,315,2,inner,NA,8.324,8.324,,,7.234,,315_X8_41.5_rt2_i,315_X8_41.5_rt2_i,X8_41.5,3,34.61,39.09846457,1.203740157,Hybrid
222,7022024,76,0.736269231,0.397730769,0.320884615,21.76823077,0.320884615,0.444461538,0.136038462,0.26,7/2/24,KG,,6MAP,5/30/23,315,2,outer,NA,11.58,11.58,,,8.055,,315_X8_41.5_rt2_o,315_X8_41.5_rt2_o,X8_41.5,3,28.4,24.1245,0.765346154,Hybrid
223,7022024,77,1.996078431,1.228745098,1.45945098,44.15592157,0.364862745,0.538666667,0.212431373,0.255,7/2/24,KG,,6MAP,5/30/23,315,3,inner,NA,10.492,10.492,,,8.086,,315_X8_41.5_rt3_i,315_X8_41.5_rt3_i,X8_41.5,3,37.26,49.95615686,0.903529412,Hybrid
224,7022024,79,2.871439689,1.428326848,0.895058366,32.38330739,0.533268482,0.792529183,0.359805447,0.257,7/2/24,KG,,6MAP,5/30/23,316,1,inner,NA,10.16,10.16,,,7.979,,316_X4_67_rt1_i,316_X4_67_rt1_i,X4_67,3,37.74,39.26373541,1.325797665,Hybrid
225,7022024,80,0.763837209,0.456666667,0.411627907,26.23748062,0.387054264,0.53755814,0.279534884,0.258,7/2/24,KG,,6MAP,5/30/23,316,1,outer,NA,14.643,14.643,,,9.566,,316_X4_67_rt1_o,316_X4_67_rt1_o,X4_67,3,36.43,29.07375969,0.924612403,Hybrid
226,7022024,81,2.716573705,1.517888446,1.272071713,35.78541833,0.630796813,0.938565737,0.734661355,0.251,7/2/24,KG,,6MAP,5/30/23,316,2,inner,NA,10.024,10.024,,,7.931,,316_X4_67_rt2_i,316_X4_67_rt2_i,X4_67,3,37.84,43.5959761,1.56936255,Hybrid
227,7022024,82,0.81077821,0.5092607,0.551595331,30.27712062,0.484046693,0.646420233,0.502217899,0.257,7/2/24,KG,,6MAP,5/30/23,316,2,outer,NA,18.179,18.179,,,10.961,,316_X4_67_rt2_o,316_X4_67_rt2_o,X4_67,3,37.35,33.78143969,1.130466926,Hybrid
228,7022024,83,3.282664093,1.722123552,0.823011583,27.64135135,0.885945946,1.147142857,0.342934363,0.259,7/2/24,KG,,6MAP,5/30/23,316,3,inner,NA,10.781,10.781,,,8.232,,316_X4_67_rt3_i,316_X4_67_rt3_i,X4_67,3,38.19,35.84517375,2.033088803,Hybrid
229,7022024,84,0.995486381,0.521011673,0.306536965,19.4322179,0.72536965,0.959066148,0.389494163,0.257,7/2/24,SV,,6MAP,5/30/23,316,3,outer,NA,17.153,17.153,,,10.584,,316_X4_67_rt3_o,316_X4_67_rt3_o,X4_67,3,37.41,23.32918288,1.684435798,Hybrid
230,7022024,85,2.470551181,1.492637795,0.952677165,35.12476378,0.475866142,0.698228346,0,0.254,7/2/24,KG,,6MAP,5/30/23,320,1,inner,NA,10.926,10.926,,,8.097,,320_X2_24_rt1_i,320_X2_24_rt1_i,X2_24,3,33.73,41.21472441,1.174094488,Hybrid
231,7022024,86,1.854285714,1.166,1.060734694,31.59061224,0.239346939,0.318816327,0.151959184,0.245,7/2/24,SV,,6MAP,5/30/23,320,1,outer,NA,19.02,19.02,,,10.777,,320_X2_24_rt1_o,320_X2_24_rt1_o,X2_24,3,33.33,36.3817551,0.558163265,Hybrid
232,7022024,87,3.165702811,1.947710843,1.245702811,33.95582329,0.542730924,0.69437751,0.091566265,0.249,7/2/24,SV,,6MAP,5/30/23,320,2,inner,NA,11.507,11.507,,,8.368,,320_X2_24_rt2_i,320_X2_24_rt2_i,X2_24,3,35.28,41.64361446,1.237108434,Hybrid
233,7022024,88,2.190196078,1.347803922,1.009882353,28.61772549,0.201607843,0.294117647,0.115882353,0.255,7/2/24,KG,,6MAP,5/30/23,320,2,outer,NA,17.618,17.618,,,10.509,,320_X2_24_rt2_o,320_X2_24_rt2_o,X2_24,3,35.14,33.77721569,0.49572549,Hybrid
234,7022024,91,1.566995885,0.785679012,0.264403292,18.48102881,0.65127572,0.884279835,0.100781893,0.243,7/2/24,KG,,6MAP,5/30/23,401,1,inner,NA,12.226,12.226,,,8.566,,401_X4_42_rt1_i,401_X4_42_rt1_i,X4_42,4,34.28,22.73444444,1.535555556,Hybrid
235,7022024,92,0.385193798,0.192596899,0.069263566,8.477790698,0.403604651,0.578875969,0,0.258,7/2/24,KG,,6MAP,5/30/23,401,1,outer,NA,17.004,17.004,,,10.214,,401_X4_42_rt1_o,401_X4_42_rt1_o,X4_42,4,34.38,10.10732558,0.98248062,Hybrid
236,7022024,93,0.99939759,0.533654618,0.24188755,19.3913253,0.622771084,0.750080321,0,0.249,7/2/24,SV,,6MAP,5/30/23,401,2,inner,NA,12.956,12.956,,,9.037,,401_X4_42_rt2_i,401_X4_42_rt2_i,X4_42,4,37.78,22.53911647,1.372851406,Hybrid
237,7022024,94,0.242538462,0.127961538,0,9.412307692,0.435538462,0.511884615,0,0.26,7/2/24,KG,,6MAP,5/30/23,401,2,outer,NA,15.983,15.983,,,9.346,,401_X4_42_rt2_o,401_X4_42_rt2_o,X4_42,4,28.83,10.73023077,0.947423077,Hybrid
238,7022024,95,0.584556452,0.282419355,0.093467742,12.74729839,0.552379032,0.729919355,0,0.248,7/2/24,SV,,6MAP,5/30/23,401,3,inner,NA,10.557,10.557,,,8.085,,401_X4_42_rt3_i,401_X4_42_rt3_i,X4_42,4,36.62,14.99004032,1.282298387,Hybrid
239,7022024,96,0.179291339,0.087637795,0,6.543897638,0.487480315,0.564055118,0,0.254,7/2/24,KG,,6MAP,5/30/23,401,3,outer,NA,16.856,16.856,,,10.185,,401_X4_42_rt3_o,401_X4_42_rt3_o,X4_42,4,34.59,7.862362205,1.051535433,Hybrid
240,7022024,97,5.362239382,2.806486486,0.243783784,10.78891892,0.638185328,0.887915058,0.275482625,0.259,7/2/24,KG,,6MAP,5/30/23,404,1,inner,NA,11.066,11.066,real genotype is X4_32 (corrected in genotypeID column),,8.019,,404_X10_52_rt1_i,404_X4_32_rt1_i,X4_32,4,30.89,21.00301158,1.526100386,Hybrid
241,7022024,98,0.668508065,0.362298387,0.118145161,8.212056452,0.481451613,0.599596774,0.282580645,0.248,7/2/24,KG,,6MAP,5/30/23,404,1,outer,NA,17.213,17.213,,,10.421,,404_X10_52_rt1_o,404_X4_32_rt1_o,X4_32,4,35.66,10.7246371,1.081048387,Hybrid
242,7022024,99,3.98945098,2.14854902,0.398823529,21.71862745,1.531137255,2.346431373,0.829803922,0.255,7/2/24,SV,,6MAP,5/30/23,404,2,inner,NA,11.477,11.477,,,8.249,,404_X10_52_rt2_i,404_X4_32_rt2_i,X4_32,4,33.03,32.96282353,3.877568627,Hybrid
243,7022024,103,0,0,0,2.172093023,0.52251938,0.87996124,0.098100775,0.258,7/2/24,SV,,6MAP,5/30/23,406,1,inner,NA,8.796,8.796,,,7.487,,406_X8_37_rt1_i,406_X8_37_rt1_i,X8_37,4,38.8,3.672674419,1.40248062,Hybrid
244,7022024,105,0,0,0,3.4975,0.52391129,0.606854839,0.180040323,0.248,7/2/24,SV,,6MAP,5/30/23,406,2,inner,NA,10.713,10.713,,,8.331,,406_X8_37_rt2_i,406_X8_37_rt2_i,X8_37,4,41.27,4.808306452,1.130766129,Hybrid
245,7022024,107,0.050625,0,0,2.405039063,0.332890625,0.486640625,0.249179688,0.256,7/2/24,SV,,6MAP,5/30/23,406,3,inner,NA,10.976,10.976,,,8.407,,406_X8_37_rt3_i,406_X8_37_rt3_i,X8_37,4,40.52,3.524375,0.81953125,Hybrid
246,7022024,111,0.681020408,0.324,0.128,15.19102041,0.727020408,0.859020408,0.111020408,0.245,7/2/24,SV,,6MAP,5/30/23,417,2,inner,NA,9.368,9.368,,,7.764,,417_X1_54_rt2_i,417_X1_54_rt2_i,X1_54,4,40.83,18.02110204,1.586040816,Hybrid
247,7022024,117,0.52768,0.28716,0.16588,13.92452,0.71324,0.90088,0.1586,0.25,7/2/24,SV,,6MAP,5/30/23,419,2,inner,NA,11.524,11.524,,,8.332,,419_X5_31_rt2_i,419_X5_31_rt2_i,X5_31,4,34.42,16.67796,1.61412,Hybrid
248,7022024,S11,0.748680583,0.282237101,0.041039779,12.63182355,0.512209531,0.665892083,0.164710516,0.2539,7/2/24,KG,,NA,NA,NA,NA,NA,NA,NA,NA,NA,NA,NA,NA,NA,NA,standard,NA,NA,15.04659315,1.178101615,NA
249,7022024,S12,0.634221707,0.302201622,0.028891464,10.93194284,0.431170336,0.398184627,0.128968714,0.2589,7/2/24,SV,,NA,NA,NA,NA,NA,NA,NA,NA,NA,NA,NA,NA,NA,NA,standard,NA,NA,12.85558131,0.829354963,NA
250,7082024,59,2.892325581,1.531627907,0.952403101,23.15899225,0.557945736,0.776899225,0.278992248,0.258,7/8/24,SV,,6MAP,5/30/23,217,3,inner,NA,11.73,11.73,,,8.048,,217_X5_36_rt3_i,217_X5_36_rt3_i,X5_36,2,27.42,30.14918605,1.334844961,Hybrid
251,7082024,78,0.840566802,0.55757085,0.728663968,30.4108502,0.277732794,0.38437247,0.141497976,0.247,7/8/24,SV,,6MAP,5/30/23,315,3,outer,NA,16.322,16.322,,,9.729,,315_X8_41.5_rt3_o,315_X8_41.5_rt3_o,X8_41.5,3,31.78,33.34125506,0.662105263,Hybrid
252,7082024,89,2.252178988,1.365603113,0.849805447,30.29680934,0.487198444,0.612840467,0,0.257,7/8/24,SV,,6MAP,5/30/23,320,3,inner,NA,8.934,8.934,,,7.894,,320_X2_24_rt3_i,320_X2_24_rt3_i,X2_24,3,54.33,35.8644358,1.100038911,Hybrid
253,7082024,199,0.364952381,0.154142857,0,4.373952381,0.25952381,0.465047619,0,0.21,7/8/24,KG,,7MAP,6/21/23,312,1,inner,NA,10.168,10.168,,7/26/23,7.826,,312_A20_rt1_i,312_A20_rt1_i,A20,3,33.3,5.617619048,0.724571429,African
254,7082024,200,0,0,0,6.220108696,0.258695652,0.319891304,0,0.276,7/8/24,SV,,7MAP,6/21/23,312,1,outer,NA,19.334,19.334,,7/26/23,10.507,,312_A20_rt1_o,312_A20_rt1_o,A20,3,30.37,6.798695652,0.578586957,African
255,7082024,201,0.133194444,0,0,3.993101852,0.223194444,0.305972222,0,0.216,7/8/24,KG,,7MAP,6/21/23,312,2,inner,NA,10.048,10.048,,7/26/23,7.793,,312_A20_rt2_i,312_A20_rt2_i,A20,3,33.5,4.655462963,0.529166667,African
256,7082024,202,0,0,0,5.283636364,0.208484848,0.283636364,0,0.231,7/8/24,SV,,7MAP,6/21/23,312,2,outer,NA,13.69,13.69,,7/26/23,18.664,,312_A20_rt2_o,312_A20_rt2_o,A20,3,NA,5.775757576,0.492121212,African
257,7082024,203,0.236205357,0.138303571,0.097901786,5.875,0.260714286,0.391651786,0,0.224,7/8/24,SV,,7MAP,6/21/23,312,3,inner,NA,9.192,9.192,,7/26/23,7.498,,312_A20_rt3_i,312_A20_rt3_i,A20,3,33.18,6.999776786,0.652366071,African
258,7082024,204,0,0,0,5.572429907,0.201869159,0.286074766,0,0.214,7/8/24,KG,,7MAP,6/21/23,312,3,outer,NA,14.35,14.35,,7/26/23,8.755,,312_A20_rt3_o,312_A20_rt3_o,A20,3,27.27,6.060373832,0.487943925,African
259,7082024,205,0.77112,0.36924,0.1622,18.89348,0.6926,0.82212,0.27848,0.25,7/8/24,KG,,7MAP,6/21/23,313,1,inner,NA,10.036,10.036,,7/26/23,8.052,,313_X1_54_rt1_i,313_X1_54_rt1_i,X1_54,3,41.28,21.98924,1.51472,Hybrid
260,7082024,206,0.344147157,0.173846154,0.122909699,24.18160535,0.656688963,0.793645485,0.374882943,0.299,7/8/24,SV,not well ground but weighed out some,7MAP,6/21/23,313,1,outer,NA,18.222,18.222,,7/26/23,11.139,,313_X1_54_rt1_o,313_X1_54_rt1_o,X1_54,3,38.75,26.64772575,1.450334448,Hybrid
261,7082024,207,1.206527197,0.622259414,0.289497908,25.02707113,0.740585774,1.156861925,0.286317992,0.239,7/8/24,SV,,7MAP,6/21/23,313,2,inner,NA,8.82,8.82,,7/26/23,7.367,,313_X1_54_rt2_i,313_X1_54_rt2_i,X1_54,3,32.82,29.32912134,1.897447699,Hybrid
262,7082024,208,0.506730769,0.240384615,0.157692308,23.88557692,0.804807692,1.108653846,0.190384615,0.26,7/8/24,SV,,7MAP,6/21/23,313,2,outer,NA,15.914,15.914,,7/26/23,9.725,,313_X1_54_rt2_o,313_X1_54_rt2_o,X1_54,3,33.14,26.89423077,1.913461538,Hybrid
263,7082024,209,1.274030418,0.55878327,0.21026616,18.60053232,0.545323194,0.834296578,0.231368821,0.263,7/8/24,SV,,7MAP,6/21/23,313,3,inner,NA,8.908,8.908,,7/26/23,7.506,,313_X1_54_rt3_i,313_X1_54_rt3_i,X1_54,3,37.72,22.25460076,1.379619772,Hybrid
264,7082024,210,0.39996124,0.182674419,0.107093023,19.97131783,0.605697674,0.68127907,0.099728682,0.258,7/8/24,SV,,7MAP,6/21/23,313,3,outer,NA,14.728,14.728,,7/26/23,9.341,,313_X1_54_rt3_o,313_X1_54_rt3_o,X1_54,3,33.25,22.04775194,1.286976744,Hybrid
265,7082024,212,0.954291498,0.670566802,0.628340081,20.66356275,0.592024291,0.6548583,0,0.247,7/8/24,KG,,7MAP,6/21/23,410,1,outer,NA,15.8,15.785,,7/26/23,9.193,,410_A04_rt1_o,410_A04_rt1_o,A04,4,27.78,24.16364372,1.246882591,African
266,7082024,213,3.437042254,2.109107981,1.060938967,26.65211268,0.388262911,0.478028169,0,0.213,7/8/24,KG,,7MAP,6/21/23,410,2,inner,NA,9.14,9.125,,7/26/23,7.361,,410_A04_rt2_i,410_A04_rt2_i,A04,4,28.53,34.12549296,0.86629108,African
267,7082024,215,4.365146199,2.836432749,1.318888889,31.45532164,0.398596491,0.539883041,0,0.171,7/8/24,KG,,7MAP,6/21/23,410,3,inner,NA,9.59,9.575,,7/26/23,7.4,,410_A04_rt3_i,410_A04_rt3_i,A04,4,25.46,40.91426901,0.938479532,African
268,7082024,216,1.536376812,1.019227053,0.937487923,23.42768116,0.437826087,0.53352657,0,0.207,7/8/24,SV,,7MAP,6/21/23,410,3,outer,NA,15.776,15.761,,7/26/23,9.303,,410_A04_rt3_o,410_A04_rt3_o,A04,4,29.06,27.8921256,0.971352657,African
269,7082024,217,1.851261682,0.851962617,0.415093458,25.47317757,0.600841121,0.804579439,1.159439252,0.214,7/8/24,KG,,7MAP,6/21/23,412,1,inner,NA,10.589,10.574,,7/26/23,7.82,,412_X11_68_rt1_i,412_X11_68_rt1_i,X11_68,4,29.69,31.15635514,1.405420561,Hybrid
270,7082024,218,0.769004149,0.374688797,0.242904564,22.5913278,0.343112033,0.647012448,0.471618257,0.241,7/8/24,KG,,7MAP,6/21/23,412,1,outer,NA,16.143,16.128,,7/26/23,9.35,,412_X11_68_rt1_o,412_X11_68_rt1_o,X11_68,4,28.43,25.43966805,0.990124481,Hybrid
271,7082024,219,1.516686047,0.679011628,0.219418605,13.26593023,0.495174419,0.713139535,0.514476744,0.172,7/8/24,KG,,7MAP,6/21/23,412,2,inner,NA,9.564,9.549,,7/26/23,7.557,,412_X11_68_rt2_i,412_X11_68_rt2_i,X11_68,4,31.12,17.40383721,1.208313953,Hybrid
272,7082024,221,0.70766129,0.307016129,0.116491935,18.11504032,0.712016129,0.829596774,0.747943548,0.248,7/8/24,KG,,7MAP,6/21/23,412,3,inner,NA,9.503,9.488,,7/26/23,7.542,,412_X11_68_rt3_i,412_X11_68_rt3_i,X11_68,4,31.26,21.53576613,1.541612903,Hybrid
273,7082024,222,0.285912698,0.126587302,0.064404762,16.89615079,0.548928571,0.809722222,0.624206349,0.252,7/8/24,KG,,7MAP,6/21/23,412,3,outer,NA,15.133,15.118,,7/26/23,9.249,,412_X11_68_rt3_o,412_X11_68_rt3_o,X11_68,4,30.63,19.3559127,1.358650794,Hybrid
274,7082024,224,0.156367188,0.078164063,0,12.528125,0.487304688,0.717539063,0.188476563,0.256,7/8/24,SV,,7MAP,6/21/23,413,1,outer,NA,14.579,14.564,,7/26/23,9.407,,413_C14_rt1_o,413_C14_rt1_o,C14,4,34.78,14.15597656,1.20484375,Latin American
275,7082024,225,0.613265306,0.289795918,0.11994898,17.2422449,0.797908163,1.005459184,0.404336735,0.196,7/8/24,SV,,7MAP,6/21/23,413,2,inner,NA,8.329,8.314,,7/26/23,7.221,,413_C14_rt2_i,413_C14_rt2_i,C14,4,34.04,20.47295918,1.803367347,Latin American
276,7082024,226,0.168813559,0,0,16.22231638,0.735762712,0.903050847,0.314463277,0.177,7/8/24,SV,,7MAP,6/21/23,413,2,outer,NA,15.089,15.074,,7/26/23,9.445,,413_C14_rt2_o,413_C14_rt2_o,C14,4,33.12,18.34440678,1.638813559,Latin American
277,7082024,227,0.533288889,0.232666667,0.077155556,11.27662222,0.662311111,0.850088889,0.187733333,0.225,7/8/24,KG,,7MAP,6/21/23,413,3,inner,NA,16.43,16.415,,7/26/23,7.866,,413_C14_rt3_i,413_C14_rt3_i,C14,4,12.39,13.81986667,1.5124,Latin American
278,7082024,229,1.209481132,0.670707547,0.343820755,21.40745283,0.80754717,1.018207547,0.23004717,0.212,7/8/24,SV,,7MAP,6/21/23,415,1,inner,NA,9.049,9.034,"tare 0.035, have been subtracting 0.02",7/26/23,7.415,,415_X5_66_rt1_i,415_X5_66_rt1_i,X5_66,4,31.89,25.68726415,1.825754717,Hybrid
279,7082024,230,0.534957983,0.301512605,0.228235294,21.23466387,0.587310924,0.726554622,0.191596639,0.238,7/8/24,KG,not well ground but weighed out some,7MAP,6/21/23,415,1,outer,NA,20.198,20.183,,7/26/23,11.174,,415_X5_66_rt1_o,415_X5_66_rt1_o,X5_66,4,33.39,23.80483193,1.313865546,Hybrid
280,7082024,231,0.789285714,0.529285714,0.278571429,19.24,0.787959184,0.964387755,0.224183673,0.196,7/8/24,KG,,7MAP,6/21/23,415,2,inner,NA,9.979,9.964,,7/26/23,7.403,,415_X5_66_rt2_i,415_X5_66_rt2_i,X5_66,4,22.56,22.81367347,1.752346939,Hybrid
281,7082024,232,0.532126697,0.29561086,0.244932127,29.97769231,0.736063348,1.083574661,0.456108597,0.221,7/8/24,SV,,7MAP,6/21/23,415,2,outer,NA,18.14,18.125,,7/26/23,10.77,,415_X5_66_rt2_o,415_X5_66_rt2_o,X5_66,4,35.87,33.3261086,1.819638009,Hybrid
282,7082024,233,0.987471264,0.573103448,0.271954023,20.60057471,0.861149425,0.997126437,0,0.087,7/8/24,KG,,7MAP,6/21/23,415,3,inner,NA,8.02,8.005,,7/26/23,7.169,,415_X5_66_rt3_i,415_X5_66_rt3_i,X5_66,4,37.98,24.29137931,1.858275862,Hybrid
283,7082024,234,0.403764045,0.24511236,0.171573034,21.66960674,0.73252809,0.915617978,0.167247191,0.178,7/8/24,KG,,7MAP,6/21/23,415,3,outer,NA,17.454,17.439,,7/26/23,10.511,,415_X5_66_rt3_o,415_X5_66_rt3_o,X5_66,4,35.74,24.30544944,1.648146067,Hybrid
284,7082024,235,2.993137255,1.500392157,0.635196078,21.9402451,0.816862745,1.016323529,0.296029412,0.204,7/8/24,SV,,7MAP,6/21/23,416,1,inner,NA,9.785,9.77,,7/26/23,7.732,,416_X4_67_rt1_i,416_X4_67_rt1_i,X4_67,4,34.53,29.19818627,1.833186275,Hybrid
285,7082024,236,0.864216216,0.519135135,0.395027027,30.32627027,0.685621622,0.886918919,0.482810811,0.185,7/8/24,SV,,7MAP,6/21/23,416,1,outer,NA,17.699,17.684,,7/26/23,10.635,,416_X4_67_rt1_o,416_X4_67_rt1_o,X4_67,4,36.08,34.16,1.572540541,Hybrid
286,7082024,237,4.727612613,2.49518018,1.476711712,43.49986486,0.723108108,0.941756757,1.281216216,0.222,7/8/24,SV,,7MAP,6/21/23,416,2,inner,NA,8.973,8.958,,7/26/23,7.339,,416_X4_67_rt2_i,416_X4_67_rt2_i,X4_67,4,29.64,55.14545045,1.664864865,Hybrid
287,7082024,238,1.408530612,0.828612245,0.699714286,43.068,0.80644898,1.048081633,1.049102041,0.245,7/8/24,KG,,7MAP,6/21/23,416,2,outer,NA,17.46,17.445,,7/26/23,10.02,,416_X4_67_rt2_o,416_X4_67_rt2_o,X4_67,4,31.17,48.9084898,1.854530612,Hybrid
288,7082024,239,2.657935223,1.437530364,0.623603239,23.75481781,0.531983806,0.600931174,0.490850202,0.247,7/8/24,SV,,7MAP,6/21/23,416,3,inner,NA,11.252,11.237,,7/26/23,8.033,,416_X4_67_rt3_i,416_X4_67_rt3_i,X4_67,4,30.04,30.09765182,1.13291498,Hybrid
289,7082024,240,1.148,0.667020408,0.483020408,25.238,0.627020408,0.804,0.564,0.245,7/8/24,SV,,7MAP,6/21/23,416,3,outer,NA,16.331,16.316,,7/26/23,9.361,,416_X4_67_rt3_o,416_X4_67_rt3_o,X4_67,4,27.99,29.53106122,1.431020408,Hybrid
290,7082024,246,1.302751678,0.75442953,0.772818792,31.99838926,0.688187919,0.92557047,1.288053691,0.149,7/8/24,KG,,8MAP,7/6/23,104,3,outer,NA,3.626,10.278,,6/27/24,7.7355,,104_X5_36_rt3_o,104_X5_36_rt3_o,X5_36,1,29.78,37.73020134,1.613758389,Hybrid
291,7082024,327,2.925588235,1.910504202,1.27302521,27.19684874,0.318277311,0.398991597,0.191134454,0.238,7/8/24,SV,,8MAP,7/6/23,318,2,inner,NA,2.035,8.687,,7/26/23,7.195,,318_A04_rt2_i,318_A04_rt2_i,A04,3,26.5,34.21436975,0.717268908,African
292,7082024,421,0.89937799,0.454545455,0.196363636,16.89937799,0.654545455,0.889712919,0.807272727,0.209,7/8/24,KG,,9MAP,7/28/23,302,1,inner,NA,11.1809,11.1639,,6/27/24,8.1107,,302_C17_rt1_i,302_C17_rt1_i,C17,3,32.25,20.80119617,1.544258373,Latin American
293,7082024,431,0.64040724,0.358868778,0.169638009,22.22307692,0.604615385,0.747692308,0.936923077,0.221,7/8/24,KG,,9MAP,7/28/23,304,3,inner,NA,10.628,10.611,,6/27/24,7.7864,,304_X5_31_rt3_i,304_X5_31_rt3_i,X5_31,3,28.56,25.68122172,1.352307692,Hybrid
294,7082024,460,0.065291829,0,0,7.74922179,0.33385214,0.433385214,0,0.257,7/8/24,KG,,9MAP,7/28/23,403,2,outer,NA,13.44,13.423,,6/27/24,8.8544,,403_A20_rt2_o,403_A20_rt2_o,A20,4,32.48,8.581750973,0.767237354,African
295,7082024,472,0,0,0,19.43405738,0.29,0.371434426,0,0.244,7/8/24,KG,,9MAP,7/28/23,409,2,outer,NA,17.9582,17.9412,,6/27/24,10.7414,,409_X2_45_rt2_o,409_X2_45_rt2_o,X2_45,4,36.2,20.0954918,0.661434426,Hybrid
296,7082024,S13,0.714136328,0.346824167,0.035824942,12.52695585,0.45120062,0.593415957,0.17087529,0.2582,7/8/24,KG,,NA,NA,NA,NA,NA,NA,NA,NA,NA,NA,NA,NA,NA,NA,standard,NA,NA,14.83923315,1.044616576,NA
297,7082024,S14,0.716053131,0.37313093,0.040227704,11.7686148,0.40629981,0.497836812,0.119696395,0.2635,7/8/24,SV,,NA,NA,NA,NA,NA,NA,NA,NA,NA,NA,NA,NA,NA,NA,standard,NA,NA,13.92185958,0.904136622,NA
298,7112024,90,0.224194915,0.131271186,0.092923729,5.576271186,0.247457627,0.371737288,0,0.236,7/11/24,KG,7/11 batch was dried down 8/2,6MAP,5/30/23,320,3,outer,NA,17.877,17.877,,,10.732,,320_X2_24_rt3_o,320_X2_24_rt3_o,X2_24,3,36.32,6.643855932,0.619194915,Hybrid
299,7112024,159,0.746808511,0.324,0.12293617,19.11714894,0.751404255,0.875489362,0.789319149,0.235,7/11/24,KG,,7MAP,6/20/23,204,2,inner,NA,10.709,10.709,,4/10/24,7.925,,204_X2_45_rt2_i,204_X2_45_rt2_i,X2_45,2,31.29,22.72710638,1.626893617,Hybrid
300,7112024,160,0.063802281,0,0,7.57243346,0.326235741,0.423498099,0,0.263,7/11/24,SV,,7MAP,6/20/23,204,2,outer,NA,18.85,18.85,,4/10/24,10.366,,204_X2_45_rt2_o,204_X2_45_rt2_o,X2_45,2,30.42,8.385969582,0.74973384,Hybrid
301,7112024,166,0.174803493,0.087379913,0,14.00524017,0.544759825,0.802139738,0.21069869,0.229,7/11/24,KG,,7MAP,6/20/23,208,2,outer,NA,15.851,15.851,,4/10/24,9.563,,208_X10_52_rt2_o,208_X4_32_rt1_o,X4_32,2,31.61,15.82502183,1.346899563,Hybrid
302,7112024,169,0.124545455,0,0,3.733809524,0.208701299,0.286103896,0,0.231,7/11/24,KG,,7MAP,6/20/23,209,1,inner,NA,9.635,9.635,,4/10/24,7.433,,209_A03_rt1_i,209_A03_rt1_i,A03,2,26.06,4.353160173,0.494805195,African
303,7112024,170,2.269888476,1.137843866,0.481710037,16.63869888,0.619479554,0.770743494,0.224498141,0.269,7/11/24,SV,,7MAP,6/20/23,209,1,outer,NA,17.054,17.054,,4/10/24,9.717,,209_A03_rt1_o,209_A03_rt1_o,A03,2,29.43,22.14286245,1.390223048,African
304,7112024,171,1.288492462,0.714522613,0.366281407,22.80592965,0.860301508,1.084723618,0.245075377,0.199,7/11/24,SV,,7MAP,6/20/23,209,2,inner,NA,9.694,9.694,,4/10/24,7.372,,209_A03_rt2_i,209_A03_rt2_i,A03,2,23.54,27.36532663,1.945025126,African
305,7112024,173,0.693616236,0.350553506,0.151439114,13.03309963,0.504797048,0.686162362,0.622583026,0.271,7/11/24,KG,,7MAP,6/20/23,209,3,inner,NA,10.289,10.289,,4/10/24,7.736,,209_A03_rt3_i,209_A03_rt3_i,A03,2,29.71,16.04225092,1.19095941,African
306,7112024,174,0.360804196,0.16479021,0.096608392,18.01608392,0.546398601,0.61458042,0.089965035,0.286,7/11/24,KG,,7MAP,6/20/23,209,3,outer,NA,16.518,16.518,,4/10/24,9.624,,209_A03_rt3_o,209_A03_rt3_o,A03,2,30.09,19.88923077,1.160979021,African
307,7112024,175,0.758333333,0.508529412,0.267647059,18.4854902,0.757058824,0.926568627,0.215392157,0.204,7/11/24,KG,,7MAP,6/20/23,216,1,inner,NA,9.748,9.748,,4/10/24,7.721,,216_X5_31_rt1_i,216_X5_31_rt1_i,X5_31,2,34.42,21.91901961,1.683627451,Hybrid
308,7112024,176,2.440557621,1.319962825,0.57260223,21.81204461,0.488475836,0.551784387,0.45070632,0.269,7/11/24,KG,,7MAP,6/20/23,216,1,outer,NA,14.505,14.505,,4/10/24,9.246,,216_X5_31_rt1_o,216_X5_31_rt1_o,X5_31,2,32.99,27.63613383,1.040260223,Hybrid
309,7112024,178,0.961203704,0.637592593,0.833240741,34.77537037,0.317592593,0.439537037,0.161805556,0.216,7/11/24,SV,,7MAP,6/20/23,216,2,outer,NA,15.908,15.908,,4/10/24,9.596,,216_X5_31_rt2_o,216_X5_31_rt2_o,X5_31,2,31.77,38.12634259,0.75712963,Hybrid
310,7112024,179,1.80225,0.9295,0.4324375,37.3841875,1.10625,1.7280625,0.4276875,0.16,7/11/24,SV,,7MAP,6/20/23,216,3,inner,NA,9.453,9.453,,4/10/24,7.336,,216_X5_31_rt3_i,216_X5_31_rt3_i,X5_31,2,24.28,43.810375,2.8343125,Hybrid
311,7112024,180,1.152704918,0.669754098,0.485,25.34143443,0.629590164,0.807295082,0.566311475,0.244,7/11/24,KG,,7MAP,6/20/23,216,3,outer,NA,14.65,14.65,,4/10/24,8.888,,216_X5_31_rt3_o,216_X5_31_rt3_o,X5_31,2,27.91,29.65209016,1.436885246,Hybrid
312,7112024,182,0.668953975,0.401841004,0.305774059,23.47430962,0.530711297,0.686527197,0.373723849,0.239,7/11/24,KG,,7MAP,6/20/23,305,1,outer,NA,16.964,16.964,,4/10/24,9.98,,306_X1_34_rt1_o,305_X10_39_rt1_o,X10_39,3,32.24,26.441841,1.217238494,Hybrid
313,7112024,183,2.724233577,1.770182482,0.82310219,19.63087591,0.248759124,0.336934307,0,0.274,7/11/24,SV,,7MAP,6/20/23,305,2,inner,NA,8.556,8.556,,4/10/24,7.291,,306_X1_34_rt2_i,305_X10_39_rt2_i,X10_39,3,33.39,25.53408759,0.585693431,Hybrid
314,7112024,184,0.951519608,0.551029412,0.564460784,23.37137255,0.502647059,0.676029412,0.940784314,0.204,7/11/24,SV,,7MAP,6/20/23,305,2,outer,NA,16.78,16.78,,4/10/24,9.873,,306_X1_34_rt2_o,305_X10_39_rt2_o,X10_39,3,31.77,27.55784314,1.178676471,Hybrid
315,7112024,187,2.48416309,1.506266094,0.937339056,33.41751073,0.537381974,0.675965665,0,0.233,7/11/24,SV,,7MAP,6/20/23,308,1,inner,NA,10.067,10.067,,4/10/24,7.605,,308_X4_46_rt1_i,308_X4_46_rt1_i,X4_46,3,27.8,39.55862661,1.213347639,Hybrid
316,7112024,188,2.794236641,1.714656489,0.862519084,21.66755725,0.315648855,0.388625954,0,0.262,7/11/24,KG,,7MAP,6/20/23,308,1,outer,NA,18.358,18.358,,4/10/24,10.467,,308_X4_46_rt1_o,308_X4_46_rt1_o,X4_46,3,32.56,27.74324427,0.704274809,Hybrid
317,7112024,191,0,0,0,43.10827273,0.643272727,0.823909091,0,0.11,7/11/24,SV,,7MAP,6/20/23,308,3,inner,NA,8.88,8.88,weighed frozen,4/10/24,7.342,,308_X4_46_rt3_i,308_X4_46_rt3_i,X4_46,3,30.81,44.57545455,1.467181818,Hybrid
318,7112024,192,0.858009259,0.418055556,0.271018519,25.20606481,0.382824074,0.721898148,0.526203704,0.216,7/11/24,KG,,7MAP,6/20/23,308,3,outer,NA,14.095,14.095,weighed frozen,4/10/24,9.185,,308_X4_46_rt3_o,308_X4_46_rt3_o,X4_46,3,33.99,28.38407407,1.104722222,Hybrid
319,7112024,193,6.72775641,3.550833333,2.101474359,61.90365385,1.029038462,1.340192308,1.823269231,0.156,7/11/24,SV,,7MAP,6/20/23,309,1,inner,NA,9.245,9.245,,4/10/24,7.333,,309_X5_36_rt1_i,309_X5_36_rt1_i,X5_36,3,26.12,78.47621795,2.369230769,Hybrid
320,7112024,194,0.451090226,0.196804511,0.065263158,9.538496241,0.560225564,0.71906015,0.158796992,0.266,7/11/24,SV,,7MAP,6/20/23,309,1,outer,NA,17.135,17.135,,4/10/24,9.401,,309_X5_36_rt1_o,309_X5_36_rt1_o,X5_36,3,26.19,11.68973684,1.279285714,Hybrid
321,7112024,195,2.193310345,1.455034483,1.338344828,33.44503448,0.625034483,0.761655172,0,0.145,7/11/24,SV,,7MAP,6/20/23,309,2,inner,NA,9.656,9.656,,4/10/24,7.229,,309_X5_36_rt2_i,309_X5_36_rt2_i,X5_36,3,19.07,39.81841379,1.386689655,Hybrid
322,7112024,196,0.527,0.25,0.164,24.841,0.837,1.153,0.198,0.25,7/11/24,KG,,7MAP,6/20/23,309,2,outer,NA,16.002,16.002,,4/10/24,9.755,,309_X5_36_rt2_o,309_X5_36_rt2_o,X5_36,3,33.15,27.97,1.99,Hybrid
323,7112024,197,0.931118421,0.521776316,0.246644737,32.31118421,0.879078947,1.087105263,1.362236842,0.152,7/11/24,KG,,7MAP,6/20/23,309,3,inner,NA,9.375,9.375,,4/10/24,7.133,,309_X5_36_rt3_i,309_X5_36_rt3_i,X5_36,3,17.51,37.33914474,1.966184211,Hybrid
324,7112024,198,2.805338346,1.48556391,0.923759398,22.4624812,0.541165414,0.753533835,0.270601504,0.266,7/11/24,SV,,7MAP,6/20/23,309,3,outer,NA,18.644,18.644,,4/10/24,9.13,,309_X5_36_rt3_o,309_X5_36_rt3_o,X5_36,3,20.63,29.24244361,1.294699248,Hybrid
325,7112024,242,0,0,0,8.059859155,0.335211268,0.414507042,0,0.213,7/11/24,KG,,8MAP,7/6/23,104,1,outer,NA,5.138,11.79,,4/10/24,8.222,,104_X5_36_rt1_o,104_X5_36_rt1_o,X5_36,1,30.49,8.809577465,0.74971831,Hybrid
326,7112024,256,0.104111498,0,0,10.00470383,0.453763066,0.556933798,0.193937282,0.287,7/11/24,KG,,8MAP,7/6/23,117,2,outer,NA,7.729,14.381,,4/10/24,8.907,,117_A20_rt2_o,119_X11_57_rt2_o,X11_57,1,29.13,11.31344948,1.010696864,Hybrid
327,7112024,274,0.939083665,0.659880478,0.618326693,20.33426295,0.582589641,0.644422311,0,0.251,7/11/24,SV,,8MAP,7/6/23,202,2,outer,NA,7.606,14.258,,4/10/24,9.186,,202_X4_67_rt2_o,202_X4_67_rt2_o,X4_67,2,33.27,23.77856574,1.227011952,Hybrid
328,7112024,321,0,0,0,4.887295082,0.17704918,0.250901639,0,0.244,7/11/24,KG,,8MAP,7/6/23,314,2,inner,NA,3.097,9.749,,4/10/24,7.306,,314_X5_66_rt2_i,314_X5_66_rt2_i,X5_66,3,20.99,5.315245902,0.42795082,Hybrid
329,7112024,322,0.49,0.272208333,0.225541667,27.60445833,0.677791667,0.997791667,0.42,0.24,7/11/24,KG,,8MAP,7/6/23,314,2,outer,NA,8.436,15.088,,4/10/24,9.066,,314_X5_66_rt2_o,314_X5_66_rt2_o,X5_66,3,28.57,30.68779167,1.675583333,Hybrid
330,7112024,338,1.487456897,0.875043103,0.738922414,45.4812931,0.851637931,1.106810345,1.107887931,0.232,7/11/24,SV,,8MAP,7/6/23,408,1,outer,NA,8.864,15.516,,4/10/24,8.922,,408_X4_46_rt1_o,408_X4_46_rt1_o,X4_46,4,25.57,51.64905172,1.958448276,Hybrid
331,7112024,342,0.345225225,0.145810811,0,4.137522523,0.245495495,0.43990991,0,0.222,7/11/24,SV,,8MAP,7/6/23,408,3,outer,NA,8.798,15.45,,4/10/24,9.226,,408_X4_46_rt3_o,408_X4_46_rt3_o,X4_46,4,29.22,5.313963964,0.685405405,Hybrid
332,7112024,344,0.3260181,0.144343891,0.073438914,19.2661991,0.625927602,0.923303167,0.711764706,0.221,7/11/24,SV,,8MAP,7/6/23,411,1,outer,NA,9.423,16.075,note 4/10/24: label hand changed. Former note: in tube labeled 414_x8_41.5; label needs to be corrected,4/10/24,9.244,,414_X8_41.5_rt1_o,411_C17_rt1_o,C17,4,27.47,22.07099548,1.549230769,Latin American
333,7112024,352,1.763526316,0.773473684,0.291052632,25.74705263,0.754842105,1.154842105,0.320263158,0.19,7/11/24,SV,,8MAP,7/6/23,414,2,outer,NA,8.287,14.939,handwritten label,4/10/24,8.985,,414_X8_41.5_rt2_o,414_X8_41.5_rt2_o,X8_41.5,4,28.11,30.80505263,1.909684211,Hybrid
334,7112024,354,0.534957983,0.301512605,0.228235294,21.23466387,0.587310924,0.726554622,0.191596639,0.238,7/11/24,SV,,8MAP,7/6/23,414,3,outer,NA,5.824,12.476,note 4/10/24: handwritten label,4/10/24,8.364,,414_X8_41.5_rt3_o,414_X8_41.5_rt3_o,X8_41.5,4,29.33,23.80483193,1.313865546,Hybrid
335,7112024,365,0.486639676,0.229959514,0.095182186,13.68210526,0.633157895,0.797854251,0.320850202,0.247,7/11/24,KG,,9MAP,7/28/23,105,3,inner,NA,8.993,8.976,,8/10/23,7.463,,105_X5_66_rt3_i,105_X5_66_rt3_i,X5_66,1,34.76,16.24574899,1.431012146,Hybrid
336,7112024,367,0,0,0,5.215897436,0.205811966,0.28,0,0.234,7/11/24,KG,,9MAP,7/28/23,106,1,inner,NA,11.0714,11.0544,,8/10/23,7.773,,106_X4_46_rt1_i,106_X4_46_rt1_i,X4_46,1,25.38,5.701709402,0.485811966,Hybrid
337,7112024,371,1.060447154,0.474756098,0.153414634,9.275365854,0.346219512,0.498617886,0.359715447,0.246,7/11/24,KG,,9MAP,7/28/23,106,3,inner,NA,11.3146,11.2976,,8/10/23,7.982,,106_X4_46_rt3_i,106_X4_46_rt3_i,X4_46,1,28.55,12.16853659,0.844837398,Hybrid
338,7112024,386,3.027347826,1.976956522,1.317304348,28.14282609,0.329347826,0.412869565,0.197782609,0.23,7/11/24,KG,,9MAP,7/28/23,118,1,outer,NA,12.6723,12.6553,,8/10/23,8.361,,118_C14_rt1_o,118_C14_rt1_o,C14,1,28.41,35.40443478,0.742217391,Latin American
339,7112024,397,0.830948276,0.397887931,0.174784483,20.35935345,0.746336207,0.885905172,0.300086207,0.232,7/11/24,KG,,9MAP,7/28/23,207,1,inner,NA,11.1676,11.1506,,8/10/23,7.751,,207_A04_rt1_i,207_A04_rt1_i,A04,2,24.35,23.69530172,1.632241379,African
340,7112024,434,0.40511811,0.204645669,0.144685039,28.46574803,0.773031496,0.934251969,0.441299213,0.254,7/11/24,SV,,9MAP,7/28/23,307,1,outer,NA,16.8489,16.8319,,8/7/23,9.794,,307_A03_rt1_o,307_A03_rt1_o,A03,3,30.83,31.36877953,1.707283465,African
341,7112024,457,0.34364,0.19944,0.09464,7.169,0.29968,0.347,0,0.25,7/11/24,SV,,9MAP,7/28/23,403,1,inner,NA,9.7754,9.7584,,8/7/23,7.512,,403_A20_rt1_i,403_A20_rt1_i,A20,4,27.57,8.4534,0.64668,African
342,7112024,463,1.610447154,0.741138211,0.361097561,22.1595935,0.522682927,0.699918699,1.008617886,0.246,7/11/24,SV,,9MAP,7/28/23,407,1,inner,NA,9.9618,9.9448,,8/7/23,7.614,,407_X2_24_rt1_i,407_X2_24_rt1_i,X2_24,4,29.11,27.10349593,1.222601626,Hybrid
343,7112024,479,0.284071146,0.172450593,0.120711462,15.24581028,0.515375494,0.644189723,0.117667984,0.253,7/11/24,SV,,9MAP,7/28/23,418,3,inner,NA,9.0936,9.0766,,8/7/23,7.089,,418_X5_36_rt3_i,418_X5_36_rt3_i,X5_36,4,17.85,17.10027668,1.159565217,Hybrid
344,7112024,S15,0.783971088,0.380739796,0.039328231,13.75195578,0.495323129,0.651445578,0.187585034,0.2352,7/11/24,SV,,NA,NA,NA,NA,NA,NA,NA,NA,NA,NA,NA,NA,NA,NA,standard,NA,NA,16.29034864,1.146768707,NA
345,7112024,S16,0.783880349,0.40847528,0.044038222,12.8833818,0.444786041,0.544993768,0.131034483,0.2407,7/11/24,KG,,NA,NA,NA,NA,NA,NA,NA,NA,NA,NA,NA,NA,NA,NA,standard,NA,NA,15.24058995,0.989779809,NA
346,7162024,158,0.253320158,0.140474308,0.112094862,17.48126482,0.38,0.537944664,0,0.253,7/16/24,SV,7/16 batch was dried down 8/6,7MAP,6/20/23,204,1,outer,NA,18.96,18.96,,4/10/24,10.755,,204_X2_45_rt1_o,204_X2_45_rt1_o,X2_45,2,33.31,18.90509881,0.917944664,Hybrid
347,7162024,172,2.5065625,2.10234375,1.3609375,28.30277344,0.167929688,0.24375,0,0.256,7/16/24,SV,,7MAP,6/20/23,209,2,outer,NA,20.086,20.086,,4/10/24,10.76,,209_A03_rt2_o,209_A03_rt2_o,A03,2,30.55,34.68429688,0.411679688,African
348,7162024,177,0.587827715,0.3417603,0.226254682,25.60127341,0.753258427,1.084756554,1.066292135,0.267,7/16/24,SV,,7MAP,6/20/23,216,2,inner,NA,10.044,10.044,,4/10/24,7.602,,216_X5_31_rt2_i,216_X5_31_rt2_i,X5_31,2,27.9,29.66142322,1.838014981,Hybrid
349,7162024,181,2.865445026,1.533298429,0.795759162,27.63863874,0.40921466,0.642879581,0.30565445,0.191,7/16/24,SV,,7MAP,6/20/23,305,1,inner,NA,9.946,9.946,"real genotype is X10_39, corrected in GID column (original note: 306 should be labeled X10_39 (according to plant tag) (?) there were two 307s. layout says 306 genotype is X4_32, but there was a second 307 labeled X4_32)",4/10/24,7.833,,306_X1_34_rt1_i,305_X10_39_rt1_i,X10_39,3,35.76,34.19089005,1.052094241,Hybrid
350,7162024,185,3.611564885,2.004007634,1.101793893,26.90729008,0.39110687,0.634503817,0.432900763,0.262,7/16/24,SV,,7MAP,6/20/23,305,3,inner,NA,9.446,9.446,,4/10/24,7.636,,306_X1_34_rt3_i,305_X10_39_rt3_i,X10_39,3,35.1,35.08316794,1.025610687,Hybrid
351,7162024,186,1.312175926,0.865740741,0.954861111,25.21680556,0.191805556,0.392962963,0.297083333,0.216,7/16/24,SV,,7MAP,6/20/23,305,3,outer,NA,17.321,17.321,,4/10/24,10.17,,306_X1_34_rt3_o,305_X10_39_rt3_o,X10_39,3,32.94,29.23143519,0.584768519,Hybrid
352,7162024,244,1.494752852,0.921634981,0.983003802,31.29882129,0.706920152,0.877262357,0.770874525,0.263,7/16/24,SV,,8MAP,7/6/23,104,2,outer,NA,7.826,14.478,,4/10/24,8.953,,104_X5_36_rt2_o,104_X5_36_rt2_o,X5_36,1,29.36,37.05326996,1.58418251,Hybrid
353,7162024,277,0.793004926,0.347586207,0.124876847,25.81147783,0.738965517,1.368916256,0.491083744,0.203,7/16/24,SV,,8MAP,7/6/23,211,1,inner,NA,6.193,12.845,,4/10/24,8.672,,211_C14_rt1_i,211_C14_rt1_i,C14,2,32.56,29.67591133,2.107881773,Latin American
354,7162024,278,0.381414141,0.187373737,0.094191919,20.52262626,0.714343434,1.163282828,0.798989899,0.198,7/16/24,SV,,8MAP,7/6/23,211,1,outer,NA,6.934,13.586,,4/10/24,8.678,,211_C14_rt1_o,211_C14_rt1_o,C14,2,29.17,23.86222222,1.877626263,Latin American
355,7162024,282,0.54990566,0.259386792,0.160801887,29.04066038,0.716037736,1.307688679,1.990849057,0.212,7/16/24,SV,,8MAP,7/6/23,211,3,outer,NA,6.593,13.245,,4/10/24,8.561,,211_C14_rt3_o,211_C14_rt3_o,C14,2,28.9,34.02533019,2.023726415,Latin American
356,7162024,284,0,0,0,5.649411765,0.306512605,0.396008403,0.238655462,0.238,7/16/24,SV,,8MAP,7/6/23,212,1,outer,NA,7.334,13.986,,4/10/24,9.192,,212_X8_37_rt1_o,212_X8_37_rt1_o,X8_37,2,34.59,6.590588235,0.702521008,Hybrid
357,7162024,361,0.815473251,0.485144033,0.294197531,27.34613169,0.779341564,1.072057613,0.756502058,0.243,7/16/24,KG,,9MAP,7/28/23,105,1,inner,NA,14.767,14.75,scale tare = 0.017,8/10/23,9.702,,105_X5_66_rt1_i,105_X5_66_rt1_i,X5_66,1,37.63,31.54884774,1.851399177,Hybrid
358,7162024,363,0.978319672,0.536803279,0.299303279,22.16409836,0.54647541,0.785491803,0.595614754,0.244,7/16/24,KG,,9MAP,7/28/23,105,2,inner,NA,10.9422,10.9252,,8/10/23,8.268,,105_X5_66_rt2_i,105_X5_66_rt2_i,X5_66,1,37.74,25.90610656,1.331967213,Hybrid
359,7162024,368,2.27254902,1.308509804,1.223529412,44.31960784,0.442470588,0.654235294,2.205882353,0.255,7/16/24,KG,,9MAP,7/28/23,106,1,outer,NA,17.579,17.562,,8/10/23,10.275,,106_X4_46_rt1_o,106_X4_46_rt1_o,X4_46,1,33.18,52.42678431,1.096705882,Hybrid
360,7162024,369,6.619792531,3.783568465,2.770497925,47.87580913,0.394190871,0.497344398,0.760788382,0.241,7/16/24,KG,,9MAP,7/28/23,106,2,inner,NA,15.135,15.118,,8/10/23,9.027,,106_X4_46_rt2_i,106_X4_46_rt2_i,X4_46,1,28.01,62.7019917,0.89153527,Hybrid
361,7162024,372,2.593556485,1.456025105,1.288410042,40.84535565,0.410292887,0.531966527,1.832050209,0.239,7/16/24,KG,,9MAP,7/28/23,106,3,outer,NA,18.1614,18.1444,,8/10/23,10.746,,106_X4_46_rt3_o,106_X4_46_rt3_o,X4_46,1,35.6,48.9576569,0.942259414,Hybrid
362,7162024,373,2.000677291,1.091633466,0.508645418,31.51992032,1.236374502,1.737729084,3.78752988,0.251,7/16/24,KG,,9MAP,7/28/23,107,1,inner,NA,13.896,13.879,real genotype is X4_32 (corrected in GID column),8/10/23,8.798,,107_X10_52_rt1_i,107_X4_32_rt1_i,X4_32,1,29.65,41.88250996,2.974103586,Hybrid
363,7162024,374,0.759921875,0.361953125,0.306835938,31.54253906,0.751757813,0.930703125,1.069492188,0.256,7/16/24,SV,,9MAP,7/28/23,107,1,outer,NA,22.2946,22.2776,,8/10/23,11.958,,107_X10_52_rt1_o,107_X4_32_rt1_o,X4_32,1,33.94,35.72320313,1.682460938,Hybrid
364,7162024,375,3.609917355,2.044173554,0.534338843,24.4772314,0.955495868,1.29785124,2.205330579,0.242,7/16/24,KG,,9MAP,7/28/23,107,2,inner,NA,10.0545,10.0375,,8/10/23,7.661,,107_X10_52_rt2_i,107_X4_32_rt2_i,X4_32,1,29.7,35.12433884,2.253347107,Hybrid
365,7162024,377,NA,NA,NA,NA,NA,NA,NA,0.248,7/16/24,KG,,9MAP,7/28/23,107,3,inner,NA,10.4581,10.4411,,8/10/23,7.777,,107_X10_52_rt3_i,107_X4_32_rt3_i,X4_32,1,29.6,NA,NA,Hybrid
366,7162024,378,0.493254902,0.215019608,0.108901961,22.85815686,0.485490196,0.704705882,0.893019608,0.255,7/16/24,KG,,9MAP,7/28/23,107,3,outer,NA,19.7653,19.7483,,8/10/23,10.948,,107_X10_52_rt3_o,107_X4_32_rt3_o,X4_32,1,32.78,25.75854902,1.190196078,Hybrid
367,7162024,379,4.144279835,2.075308642,1.207078189,41.17925926,0.537119342,0.783168724,0.922345679,0.243,7/16/24,KG,,9MAP,7/28/23,112,1,inner,NA,12.4879,12.4709,,8/10/23,8.517,,112_X4_67_rt1_i,112_X4_67_rt1_i,X4_67,1,31.99,50.84855967,1.320288066,Hybrid
368,7162024,381,4.926975806,2.551814516,1.426330645,35.28419355,0.353346774,0.464516129,0.675967742,0.248,7/16/24,KG,,9MAP,7/28/23,112,2,inner,NA,10.2367,10.2197,,8/10/23,7.745,,112_X4_67_rt2_i,112_X4_67_rt2_i,X4_67,1,30.54,45.68314516,0.817862903,Hybrid
369,7162024,382,1.624,0.93896,1.0332,39.56108,0.3756,0.48812,0.32844,0.25,7/16/24,KG,,9MAP,7/28/23,112,2,outer,NA,20.9616,20.9446,,8/10/23,11.027,,112_X4_67_rt2_o,112_X4_67_rt2_o,X4_67,1,30.59,44.3494,0.86372,Hybrid
370,7162024,383,3.3915,1.801041667,1.196416667,38.97225,0.4875,0.603291667,0.910666667,0.24,7/16/24,KG,,9MAP,7/28/23,112,3,inner,NA,11.52,11.503,,8/10/23,8.122,,112_X4_67_rt3_i,112_X4_67_rt3_i,X4_67,1,30.23,47.36266667,1.090791667,Hybrid
371,7162024,387,0.22057377,0.14307377,0.105491803,17.83930328,0.525081967,0.647336066,2.392745902,0.244,7/16/24,SV,,9MAP,7/28/23,118,2,inner,NA,8.4559,8.4389,,8/10/23,7.181,,118_C14_rt2_i,118_C14_rt2_i,C14,1,29.41,21.87360656,1.172418033,Latin American
372,7162024,388,0.141244813,0.067551867,0.058340249,23.44282158,0.467510373,0.602614108,1.359502075,0.241,7/16/24,KG,,9MAP,7/28/23,118,2,outer,NA,10.145,10.128,,8/10/23,7.534,,118_C14_rt2_o,118_C14_rt2_o,C14,1,25.27,26.13958506,1.070124481,Latin American
373,7162024,389,0.367913386,0.214133858,0.147440945,23.9057874,0.455669291,0.630472441,1.889370079,0.254,7/16/24,KG,,9MAP,7/28/23,118,3,inner,NA,8.8293,8.8123,,8/10/23,7.261,,118_C14_rt3_i,118_C14_rt3_i,C14,1,28.02,27.6107874,1.086141732,Latin American
374,7162024,390,0.198980392,0.08372549,0.062980392,24.18592157,0.405803922,0.547490196,1.061372549,0.255,7/16/24,KG,,9MAP,7/28/23,118,3,outer,NA,9.7362,9.7192,,8/10/23,7.403,,118_C14_rt3_o,118_C14_rt3_o,C14,1,24.36,26.54627451,0.953294118,Latin American
375,7162024,391,2.892191235,1.409243028,0.369282869,24.12741036,0,0.7812749,0.599960159,0.251,7/16/24,SV,,9MAP,7/28/23,205,1,inner,NA,11.2239,11.2069,plant 205 was missing tag; we are assuming the one left was 205,8/10/23,8.158,,205_X1_54_rt1_i,205_X1_54_rt1_i,X1_54,2,32.99,30.17936255,0.7812749,Hybrid
376,7162024,392,0.733085938,0.34171875,0.146757813,20.81441406,0.52515625,0.7359375,0.481289063,0.256,7/16/24,KG,,9MAP,7/28/23,205,1,outer,NA,15.0368,15.0198,,8/10/23,9.437,,205_X1_54_rt1_o,205_X1_54_rt1_o,X1_54,2,33.24,23.77835938,1.26109375,Hybrid
377,7162024,394,1.090836653,0.571952191,0.306613546,25.89705179,0.60438247,0.741474104,0.355258964,0.251,7/16/24,KG,,9MAP,7/28/23,205,2,outer,NA,18.7151,18.6981,,8/10/23,11.166,,205_X1_54_rt2_o,205_X1_54_rt2_o,X1_54,2,37.45,29.56756972,1.345856574,Hybrid
378,7162024,395,7.184811715,3.642050209,0.708870293,22.7065272,0.590209205,0.751380753,0.569330544,0.239,7/16/24,KG,,9MAP,7/28/23,205,3,inner,NA,10.0672,10.0502,,8/10/23,7.553,,205_X1_54_rt3_i,205_X1_54_rt3_i,X1_54,2,26.41,36.15317992,1.341589958,Hybrid
379,7162024,398,0.923196721,0.538729508,0.368114754,21.76057377,0.700368852,0.875040984,0,0.244,7/16/24,SV,,9MAP,7/28/23,207,1,outer,NA,16.5829,16.5659,,8/10/23,9.386,,207_A04_rt1_o,207_A04_rt1_o,A04,2,27.54,25.16602459,1.575409836,African
380,7162024,399,3.774505929,2.154387352,1.033715415,24.00426877,0.702094862,0.894664032,0.217312253,0.253,7/16/24,SV,,9MAP,7/28/23,207,2,inner,NA,12.8192,12.8022,,8/10/23,8.226,,207_A04_rt2_i,207_A04_rt2_i,A04,2,25.53,32.78094862,1.596758893,African
381,7162024,400,1.301377953,0.740551181,0.560826772,25.79948819,0.67992126,0.900787402,0,0.254,7/16/24,SV,,9MAP,7/28/23,207,2,outer,NA,17.0128,16.9958,,8/10/23,9.691,,207_A04_rt2_o,207_A04_rt2_o,A04,2,29.35,29.98295276,1.580708661,African
382,7162024,401,3.456910569,2.063617886,1.22300813,26.95260163,0.771341463,1.009430894,0.160894309,0.246,7/16/24,SV,,9MAP,7/28/23,207,3,inner,NA,11.267,11.25,,8/10/23,7.846,,207_A04_rt3_i,207_A04_rt3_i,A04,2,25.89,35.63780488,1.780772358,African
383,7162024,402,1.11147541,0.662704918,0.605081967,29.24114754,0.596885246,0.802540984,0,0.244,7/16/24,KG,,9MAP,7/28/23,207,3,outer,NA,16.0732,16.0562,,8/10/23,9.454,,207_A04_rt3_o,207_A04_rt3_o,A04,2,29.76,33.01983607,1.39942623,African
384,7162024,403,1.381351351,0.663359073,0.315019305,0,0.508841699,0.657374517,1.080965251,0.259,7/16/24,KG,,9MAP,7/28/23,210,1,inner,NA,13.1182,13.1012,,8/10/23,8.447,,210_X11_68_rt1_i,210_X11_68_rt1_i,X11_68,2,27.78,4.606911197,1.166216216,Hybrid
385,7162024,405,1.339101563,0.663515625,0.251210938,15.71914063,0.418671875,0.5265625,0.912578125,0.256,7/16/24,SV,,9MAP,7/28/23,210,2,inner,NA,12.9012,12.8842,,8/10/23,8.258,,210_X11_68_rt2_i,210_X11_68_rt2_i,X11_68,2,25.71,19.83078125,0.945234375,Hybrid
386,7162024,406,0.682995951,0.308259109,0.166882591,13.09874494,0.65902834,0.911659919,1.141902834,0.247,7/16/24,SV,,9MAP,7/28/23,210,2,outer,NA,14.362,14.345,,8/10/23,8.887,,210_X11_68_rt2_o,210_X11_68_rt2_o,X11_68,2,29.01,16.96947368,1.570688259,Hybrid
387,7162024,407,1.431164659,0.671325301,0.24751004,15.34859438,0.412289157,0.564136546,0.839718876,0.249,7/16/24,KG,,9MAP,7/28/23,210,3,inner,NA,11.4778,11.4608,,8/10/23,7.706,,210_X11_68_rt3_i,210_X11_68_rt3_i,X11_68,2,21.84,19.51473896,0.976425703,Hybrid
388,7162024,408,0.61,0.282936508,0.121706349,12.84242063,0.645753968,0.912698413,0.788730159,0.252,7/16/24,KG,,9MAP,7/28/23,210,3,outer,NA,16.2924,16.2754,,8/10/23,9.761,,210_X11_68_rt3_o,210_X11_68_rt3_o,X11_68,2,32.27,16.20424603,1.558452381,Hybrid
389,7162024,411,8.959762846,5.284624506,4.920355731,73.45577075,0.401106719,0.520632411,1.226561265,0.253,7/16/24,SV,,9MAP,7/28/23,218,2,inner,NA,10.9113,10.8943,,8/10/23,7.507,,218_X8_41.5_rt2_i,218_X8_41.5_rt2_i,X8_41.5,2,20.06,94.76881423,0.92173913,Hybrid
390,7162024,418,1.291254902,0.780784314,0.934627451,38.11321569,0.308431373,0.444313725,0.623333333,0.255,7/16/24,SV,,9MAP,7/28/23,220,2,outer,NA,17.0199,17.0029,,8/10/23,9.61,,220_X1_34_rt2_o,220_X10_39_rt2_o,X10_39,2,28.54,42.49596078,0.752745098,Hybrid
391,7162024,424,0.892016461,0.448683128,0.280411523,16.728107,0.959506173,1.333127572,0.553251029,0.243,7/16/24,SV,,9MAP,7/28/23,302,2,outer,NA,14.1505,14.1335,,8/10/23,8.515,,302_C17_rt2_o,302_C17_rt2_o,C17,3,24.85,21.19510288,2.292633745,Latin American
392,7162024,S17,0.798364826,0.39622093,0.044040698,12.31137355,0.486264535,0.6203125,0.126162791,0.2752,7/16/24,KG,,NA,NA,NA,NA,NA,NA,NA,NA,NA,NA,NA,NA,NA,NA,standard,NA,NA,14.78273983,1.106577035,NA
393,7162024,S18,0.76449553,0.384589187,0.041166454,12.56679438,0.474712644,0.619199659,0.143720732,0.2349,7/16/24,SV,,NA,NA,NA,NA,NA,NA,NA,NA,NA,NA,NA,NA,NA,NA,standard,NA,NA,14.99467859,1.093912303,NA
394,8072024,241,5.687991803,4.204713115,5.914959016,45.46184426,0.348442623,0.495409836,0.384098361,0.244,8/7/24,SV,,8MAP,7/6/23,104,1,inner,NA,3.126,9.778,"scale tared to empty tube, read 0.005 with empty tube, wrote down number as is on the scale, added avg empty tube weight to the raw reading",6/27/24,7.4902,,104_X5_36_rt1_i,104_X5_36_rt1_i,X5_36,1,26.7,62.49745902,0.843852459,Hybrid
395,8072024,245,6.711532258,4.442379032,5.27625,75.14209677,0.706854839,0.757016129,2.298991935,0.248,8/7/24,SV,,8MAP,7/6/23,104,3,inner,NA,2.201,8.853,,6/27/24,7.2894,,104_X5_36_rt3_i,104_X5_36_rt3_i,X5_36,1,28.8,95.33512097,1.463870968,Hybrid
396,8072024,247,3.49975,1.605666667,0.402458333,24.588375,1.16275,1.51975,0.895791667,0.24,8/7/24,SV,,8MAP,7/6/23,115,1,inner,NA,5.583,12.235,,6/27/24,8.2863,,115_X1_54_rt1_i,115_X1_54_rt1_i,X1_54,1,29.21,33.67454167,2.6825,Hybrid
397,8072024,248,0.640200803,0.297228916,0.160883534,21.93959839,0.776586345,1.119558233,0.267028112,0.249,8/7/24,SV,,8MAP,7/6/23,115,1,outer,NA,7.867,14.519,,6/27/24,8.7346,,115_X1_54_rt1_o,115_X1_54_rt1_o,X1_54,1,26.43,25.20108434,1.896144578,Hybrid
398,8072024,249,2.927098039,1.238039216,0.259843137,18.7305098,0.564823529,1.05827451,0.833411765,0.255,8/7/24,SV,,8MAP,7/6/23,115,2,inner,NA,3.22,9.872,,6/27/24,7.5754,,115_X1_54_rt2_i,115_X1_54_rt2_i,X1_54,1,28.57,25.612,1.623098039,Hybrid
399,8072024,250,0.873517787,0.325889328,0.130197628,24.15948617,0.690434783,0.986086957,0.424150198,0.253,8/7/24,SV,,8MAP,7/6/23,115,2,outer,NA,5.87,12.522,,6/27/24,8.1864,,115_X1_54_rt2_o,115_X1_54_rt2_o,X1_54,1,26.08,27.58976285,1.676521739,Hybrid
400,8072024,252,0.844274194,0.358709677,0.17641129,19.59258065,0.777903226,1.310483871,0.299072581,0.248,8/7/24,SV,,8MAP,7/6/23,115,3,outer,NA,8.108,14.76,,6/27/24,8.6394,,115_X1_54_rt3_o,115_X1_54_rt3_o,X1_54,1,24.47,23.35943548,2.088387097,Hybrid
401,8072024,253,0.145619835,0,0,3.700247934,0.249380165,0.370702479,0.263595041,0.242,8/7/24,SV,,8MAP,7/6/23,117,1,inner,NA,7.531,14.183,samples in tubes marked 117 are actually 119 (corrected in GID column),6/27/24,8.8869,,117_A20_rt1_i,119_X11_57_rt1_i,X11_57,1,29.63,4.729545455,0.620082645,Hybrid
402,8072024,254,0,0,0,4.582298387,0.263951613,0.341129032,0.189233871,0.248,8/7/24,SV,,8MAP,7/6/23,117,1,outer,NA,13.981,20.633,,6/27/24,10.3047,,117_A20_rt1_o,119_X11_57_rt1_o,X11_57,1,26.1,5.376612903,0.605080645,Hybrid
403,8072024,255,0.464023904,0.173346614,0,5.924820717,0.397410359,0.581354582,0.843266932,0.251,8/7/24,SV,,8MAP,7/6/23,117,2,inner,NA,5.211,11.863,,6/27/24,8.2823,,117_A20_rt2_i,119_X11_57_rt2_i,X11_57,1,31.22,8.384223108,0.97876494,Hybrid
404,8072024,257,0.280614754,0.091598361,0.039508197,4.978811475,0.296598361,0.538565574,0.24954918,0.244,8/7/24,SV,,8MAP,7/6/23,117,3,inner,NA,4.107,10.759,,6/27/24,8.0061,,117_A20_rt3_i,119_X11_57_rt3_i,X11_57,1,32.89,6.475245902,0.835163934,Hybrid
405,8072024,258,0,0,0,5.16944,0.26972,0.44552,0.25272,0.25,8/7/24,SV,,8MAP,7/6/23,117,3,outer,NA,7.892,14.544,,6/27/24,9.1934,,117_A20_rt3_o,119_X11_57_rt3_o,X11_57,1,32.16,6.1374,0.71524,Hybrid
406,8072024,260,0.452008032,0.218192771,0.133373494,17.15742972,1.02502008,1.557670683,0.462690763,0.249,8/7/24,SV,,8MAP,7/6/23,119,1,outer,NA,5.912,12.564,,6/27/24,7.919,,119_X11_57_rt1_o,120_X5_31_rt1_o,X5_31,1,21.36,21.00638554,2.582690763,Hybrid
407,8072024,261,1.038041667,0.545416667,0.414583333,36.49025,1.17125,1.6095,2.730291667,0.24,8/7/24,SV,,8MAP,7/6/23,119,2,inner,NA,5.015,11.667,,6/27/24,7.5678,,119_X11_57_rt2_i,120_X5_31_rt2_i,X5_31,1,18.18,43.99933333,2.78075,Hybrid
408,8072024,262,1.095564516,0.533991935,0.397620968,33.63383065,1.632620968,2.348185484,1.503145161,0.248,8/7/24,SV,,8MAP,7/6/23,119,2,outer,NA,6.6208,13.2728,,6/27/24,7.9282,,119_X11_57_rt2_o,120_X5_31_rt2_o,X5_31,1,19.21,41.14495968,3.980806452,Hybrid
409,8072024,263,0.522310757,0.311314741,0.222031873,23.60167331,1.019322709,1.389123506,1.108605578,0.251,8/7/24,SV,,8MAP,7/6/23,119,3,inner,NA,4.996,11.648,,6/27/24,7.8001,,119_X11_57_rt3_i,120_X5_31_rt3_i,X5_31,1,22.9,28.17438247,2.408446215,Hybrid
410,8072024,264,0.335703125,0.180546875,0.12984375,18.15785156,0.918046875,1.153867188,0.904960938,0.256,8/7/24,SV,,8MAP,7/6/23,119,3,outer,NA,6.142,12.794,,6/27/24,8.1318,,119_X11_57_rt3_o,120_X5_31_rt3_o,X5_31,1,24.03,21.78082031,2.071914063,Hybrid
411,8072024,266,0,0,0,3.814257028,0.208273092,0.309437751,0.065461847,0.249,8/7/24,SV,,8MAP,7/6/23,120,1,outer,NA,7.932,14.584,,6/27/24,9.1233,,120_X5_31_rt1_o,117_A20_rt1_o,A20,1,31.11,4.397429719,0.517710843,African
412,8072024,267,0.100930233,0,0,4.983178295,0.310116279,0.584147287,0,0.258,8/7/24,SV,,8MAP,7/6/23,120,2,inner,NA,4.734,11.386,,6/27/24,8.1646,,120_X5_31_rt2_i,117_A20_rt2_i,A20,1,31.88,5.978372093,0.894263566,African
413,8072024,268,0,0,0,4.455,0.31453125,0.432265625,0,0.256,8/7/24,SV,,8MAP,7/6/23,120,2,outer,NA,6.655,13.307,,6/27/24,8.3477,,120_X5_31_rt2_o,117_A20_rt2_o,A20,1,25.42,5.201796875,0.746796875,African
414,8072024,269,0.125830116,0,0,3.770888031,0.191698842,0.285868726,0,0.259,8/7/24,SV,,8MAP,7/6/23,120,3,inner,NA,2.142,8.794,,6/27/24,7.2909,,120_X5_31_rt3_i,117_A20_rt3_i,A20,1,29.66,4.374285714,0.477567568,African
415,8072024,270,0,0,0,3.139839357,0.264417671,0.361445783,0,0.249,8/7/24,SV,,8MAP,7/6/23,120,3,outer,NA,4.509,11.161,,,NA,,120_X5_31_rt3_o,117_A20_rt3_o,A20,1,NA,3.765702811,0.625863454,African
416,8072024,272,1.153050193,0.669189189,0.521081081,29.13169884,0.651351351,0.875444015,0.415637066,0.259,8/7/24,SV,,8MAP,7/6/23,202,1,outer,NA,9.412,16.064,,6/27/24,9.8505,,202_X4_67_rt1_o,202_X4_67_rt1_o,X4_67,2,33.95,33.41745174,1.526795367,Hybrid
417,8072024,273,3.459043825,1.985378486,1.457888446,36.91410359,0.637768924,0.968685259,0.519243028,0.251,8/7/24,SV,,8MAP,7/6/23,202,2,inner,NA,3.31,9.962,,6/27/24,7.8388,,202_X4_67_rt2_i,202_X4_67_rt2_i,X4_67,2,35.76,45.94211155,1.606454183,Hybrid
418,8072024,275,3.843163265,2.141020408,0.815408163,31.83214286,0.782040816,1.151836735,1.662040816,0.098,8/7/24,SV,little sample left,8MAP,7/6/23,202,3,inner,NA,0.476,7.128,,6/27/24,6.8333,,202_X4_67_rt3_i,202_X4_67_rt3_i,X4_67,2,37.43,42.22765306,1.933877551,Hybrid
419,8072024,276,1.265936255,0.660756972,0.370796813,27.95924303,0.620717131,0.811832669,0.812669323,0.251,8/7/24,SV,,8MAP,7/6/23,202,3,outer,NA,3.223,9.875,,6/27/24,7.642,,202_X4_67_rt3_o,202_X4_67_rt3_o,X4_67,2,30.61,32.50195219,1.432549801,Hybrid
420,8072024,287,0,0,0,4.659218107,0.441851852,0.572098765,0.298847737,0.243,8/7/24,SV,,8MAP,7/6/23,212,3,inner,NA,4.392,11.044,,6/27/24,7.9632,,212_X8_37_rt3_i,212_X8_37_rt3_i,X8_37,2,29.77,5.972016461,1.013950617,Hybrid
421,8072024,292,0.470333333,0.239208333,0.229333333,29.1645,0.973041667,1.189791667,0.436166667,0.24,8/7/24,SV,,8MAP,7/6/23,213,2,outer,NA,7.618,14.27,,6/27/24,8.9939,,213_X4_42_rt2_o,213_X4_42_rt2_o,X4_42,2,30.7,32.702375,2.162833333,Hybrid
422,8072024,293,1.906502058,0.993621399,0.59,31.65555556,0.946831276,1.487037037,0.863868313,0.243,8/7/24,SV,,8MAP,7/6/23,213,3,inner,NA,4.281,10.933,,6/27/24,7.8048,,213_X4_42_rt3_i,213_X4_42_rt3_i,X4_42,2,26.84,38.44341564,2.433868313,Hybrid
423,8072024,296,2.832,1.382823529,1.128705882,40.34470588,0.483529412,0.641647059,0.813176471,0.255,8/7/24,SV,,8MAP,7/6/23,219,1,outer,NA,11.422,18.074,,6/27/24,9.4576,,219_X2_24_rt1_o,219_X2_24_rt1_o,X2_24,2,24.53,47.62658824,1.125176471,Hybrid
424,8072024,297,5.19372093,2.670465116,1.595271318,35.76786822,0.51375969,0.742945736,0.546007752,0.258,8/7/24,SV,,8MAP,7/6/23,219,2,inner,NA,1.677,8.329,,6/27/24,7.0215,,219_X2_24_rt2_i,219_X2_24_rt2_i,X2_24,2,21.8,47.03003876,1.256705426,Hybrid
425,8072024,298,2.44308,1.23924,0.90552,31.27616,0.48064,0.63056,0.24256,0.25,8/7/24,SV,,8MAP,7/6/23,219,2,outer,NA,6.052,12.704,,6/27/24,8.2448,,219_X2_24_rt2_o,219_X2_24_rt2_o,X2_24,2,26.26,37.21776,1.1112,Hybrid
426,8072024,301,0.333669355,0.186370968,0.120241935,13.735,0.63391129,0.800362903,0,0.248,8/7/24,SV,,8MAP,7/6/23,301,1,inner,NA,4.033,10.685,,6/27/24,8.1197,,301_X2_45_rt1_i,301_X2_45_rt1_i,X2_45,3,36.31,15.80955645,1.434274194,Hybrid
427,8072024,306,0.175806452,0.101612903,0,12.88467742,0.471774194,0.671774194,0.262903226,0.248,8/7/24,SV,,8MAP,7/6/23,301,3,outer,NA,4.634,11.286,handwritten label,6/27/24,7.9811,,301_X2_45_rt3_o,301_X2_45_rt3_o,X2_45,3,28.6,14.56854839,1.143548387,Hybrid
428,8072024,307,0.971504065,0.426178862,0.156747967,15.72784553,0.574756098,0.81804878,0.377195122,0.246,8/7/24,SV,,8MAP,7/6/23,303,1,inner,NA,3.874,10.526,,6/27/24,7.7941,,303_X11_68_rt1_i,303_X11_68_rt1_i,X11_68,3,29.39,19.05227642,1.392804878,Hybrid
429,8072024,308,0,0,0,13.81749004,0.545816733,0.800836653,0.444183267,0.251,8/7/24,SV,,8MAP,7/6/23,303,1,outer,NA,9.222,15.874,,6/27/24,9.4871,,303_X11_68_rt1_o,303_X11_68_rt1_o,X11_68,3,30.71,15.60832669,1.346653386,Hybrid
430,8072024,309,0,0,0,10.60794466,0.433873518,0.679090909,0.232094862,0.253,8/7/24,SV,,8MAP,7/6/23,303,2,inner,NA,4.313,10.965,,6/27/24,7.9314,,303_X11_68_rt2_i,303_X11_68_rt2_i,X11_68,3,29.58,11.95300395,1.112964427,Hybrid
431,8072024,311,0.917125506,0.408340081,0.143603239,16.2,0.469757085,0.707975709,0.429919028,0.247,8/7/24,SV,,8MAP,7/6/23,303,3,inner,NA,5.354,12.006,,6/27/24,8.4269,,303_X11_68_rt3_i,303_X11_68_rt3_i,X11_68,3,33.09,19.27672065,1.177732794,Hybrid
432,8072024,312,0.123359375,0,0.027617188,16.09324219,0.477890625,0.679765625,0.418359375,0.256,8/7/24,SV,,8MAP,7/6/23,303,3,outer,NA,9.603,16.255,,6/27/24,9.5674,,303_X11_68_rt3_o,303_X11_68_rt3_o,X11_68,3,30.32,17.82023438,1.15765625,Hybrid
433,8072024,362,0.251028807,0.135802469,0.108641975,25.44691358,0.627983539,0.738271605,1.291358025,0.243,8/7/24,SV,,9MAP,7/28/23,105,1,outer,NA,15.8485,15.8315,,8/10/23,9.828,,105_X5_66_rt1_o,105_X5_66_rt1_o,X5_66,1,34.56,28.6,1.366255144,Hybrid
434,8072024,364,0.37340081,0.198299595,0.156720648,27.20222672,0.558906883,0.610080972,0.977894737,0.247,8/7/24,SV,,9MAP,7/28/23,105,2,outer,NA,18.3079,18.2909,,8/10/23,10.954,,105_X5_66_rt2_o,105_X5_66_rt2_o,X5_66,1,36.94,30.07753036,1.168987854,Hybrid
435,8072024,366,0.329752066,0.175206612,0.14214876,23.48842975,0.740495868,0.934710744,1.738016529,0.242,8/7/24,SV,,9MAP,7/28/23,105,3,outer,NA,15.1097,15.0927,,8/10/23,9.86,,105_X5_66_rt3_o,105_X5_66_rt3_o,X5_66,1,37.97,27.54876033,1.675206612,Hybrid
436,8072024,370,1.990703125,1.14015625,1.07515625,43.83347656,0.479570313,0.602226563,0.600742188,0.256,8/7/24,SV,,9MAP,7/28/23,106,2,outer,NA,18.6143,18.5973,,8/10/23,10.624,,106_X4_46_rt2_o,106_X4_46_rt2_o,X4_46,1,33.22,49.72203125,1.081796875,Hybrid
437,8072024,380,1.299538462,0.721346154,0.775653846,42.55096154,0.588769231,0.655769231,0.377230769,0.26,8/7/24,SV,,9MAP,7/28/23,112,1,outer,NA,16.9352,16.9182,,8/10/23,9.919,,112_X4_67_rt1_o,112_X4_67_rt1_o,X4_67,1,31.79,46.96926923,1.244538462,Hybrid
438,8072024,384,1.205101215,0.662145749,0.645020243,41.57109312,0.704615385,0.819716599,0.635222672,0.247,8/7/24,SV,,9MAP,7/28/23,112,3,outer,NA,13.7808,13.7638,,8/10/23,8.854,,112_X4_67_rt3_o,112_X4_67_rt3_o,X4_67,1,30.91,46.24291498,1.524331984,Hybrid
439,8072024,393,4.256809339,2.119066148,0.656031128,24.02023346,0.642023346,0.86848249,0.578210117,0.257,8/7/24,SV,,9MAP,7/28/23,205,2,inner,NA,9.9402,9.9232,,8/10/23,7.626,,205_X1_54_rt2_i,205_X1_54_rt2_i,X1_54,2,29.67,33.14085603,1.510505837,Hybrid
440,8072024,S19,0.572306525,0.290402124,0.029969651,11.71134294,0.462481032,0.565402124,0.166691958,0.2636,8/7/24,SV,,NA,NA,NA,NA,NA,NA,NA,NA,NA,NA,NA,NA,NA,NA,standard,NA,NA,13.79859636,1.027883156,NA
441,8072024,S20,0.678824546,0.345246327,0.034096802,11.7846586,0.554191876,0.651037165,0.208038029,0.2314,8/7/24,SV,,NA,NA,NA,NA,NA,NA,NA,NA,NA,NA,NA,NA,NA,NA,standard,NA,NA,14.25609334,1.205229041,NA
442,8152024,38,0.606236162,0.292915129,0.122435424,14.06856089,1.091254613,1.500627306,1.214907749,0.271,8/15/24,SV,,6MAP,5/29/23,206,1,outer,NA,13.355,13.355,,,8.818,,206_C17_rt1_o,206_C17_rt1_o,C17,2,32.26,18.89693727,2.591881919,Latin American
443,8152024,45,7.771551724,3.751293103,1.876293103,49.84008621,1.020258621,1.5,1.224568966,0.232,8/15/24,SV,,6MAP,5/29/23,214,2,inner,NA,10.128,10.128,,,7.8,,214_X4_46_rt2_i,214_X4_46_rt2_i,X4_46,2,32.93,66.98405172,2.520258621,Hybrid
444,8152024,100,1.281510204,0.565632653,0.25,26.94608163,1.516367347,1.95322449,0.656530612,0.245,8/15/24,SV,,6MAP,5/30/23,404,2,outer,NA,21.132,21.132,,4/10/24,11.638,,404_X10_52_rt2_o,404_X4_32_rt2_o,X4_32,4,34.41,33.16934694,3.469591837,Hybrid
445,8152024,101,2.601106557,1.340327869,0.253360656,22.50282787,1.490901639,2.63045082,0.418606557,0.244,8/15/24,SV,,6MAP,5/30/23,404,3,inner,NA,13.612,13.612,,4/10/24,9.182,,404_X10_52_rt3_i,404_X4_32_rt3_i,X4_32,4,36.3,31.23758197,4.121352459,Hybrid
446,8152024,104,0,0,0,4.040481481,0.423962963,0.709444444,0.247814815,0.27,8/15/24,SV,,6MAP,5/30/23,406,1,outer,NA,19.861,19.861,tube broke and replaced,4/10/24,11.617,,406_X8_37_rt1_o,406_X8_37_rt1_o,X8_37,4,37.56,5.421703704,1.133407407,Hybrid
447,8152024,106,0,0,0,5.456666667,0.403297101,0.599021739,0.236268116,0.276,8/15/24,SV,,6MAP,5/30/23,406,2,outer,NA,18.708,18.708,,4/10/24,11.545,,406_X8_37_rt2_o,406_X8_37_rt2_o,X8_37,4,40.56,6.695253623,1.002318841,Hybrid
448,8152024,108,0,0,0,4.816210938,0.535546875,0.552226563,0.641914063,0.256,8/15/24,SV,,6MAP,5/30/23,406,3,outer,NA,18.244,18.244,,4/10/24,11.535,,406_X8_37_rt3_o,406_X8_37_rt3_o,X8_37,4,42.1,6.545898438,1.087773438,Hybrid
449,8152024,109,2.444976959,1.336820276,0.426682028,33.91539171,1.735806452,3.189124424,0.420829493,0.217,8/15/24,SV,,6MAP,5/30/23,417,1,inner,NA,9.782,9.782,,4/10/24,7.808,,417_X1_54_rt1_i,417_X1_54_rt1_i,X1_54,4,36.83,43.46963134,4.924930876,Hybrid
450,8152024,112,0.251090047,0,0,25.26037915,0.753222749,1.462417062,0,0.211,8/15/24,SV,,6MAP,5/30/23,417,2,outer,NA,13.428,13.428,,4/10/24,8.924,,417_X1_54_rt2_o,417_X1_54_rt2_o,X1_54,4,33.48,27.727109,2.21563981,Hybrid
451,8152024,113,1.539052133,0.759099526,0.275876777,40.66208531,1.452559242,2.36521327,0,0.211,8/15/24,SV,,6MAP,5/30/23,417,3,inner,NA,10.894,10.894,,4/10/24,8.45,,417_X1_54_rt3_i,417_X1_54_rt3_i,X1_54,4,42.32,47.05388626,3.817772512,Hybrid
452,8152024,114,0.447785978,0.18298893,0.118191882,32.39228782,0.767158672,1.442250923,0,0.271,8/15/24,SV,,6MAP,5/30/23,417,3,outer,NA,17.61,17.61,,4/10/24,10.502,,417_X1_54_rt3_o,417_X1_54_rt3_o,X1_54,4,35.1,35.35066421,2.209409594,Hybrid
453,8152024,115,0.750228571,0.393885714,0.211257143,22.22337143,1.210342857,1.863885714,0,0.175,8/15/24,SV,,6MAP,5/30/23,419,1,inner,NA,10.733,10.733,,4/10/24,8.225,,419_X5_31_rt1_i,419_X5_31_rt1_i,X5_31,4,38.47,26.65297143,3.074228571,Hybrid
454,8152024,116,0.664961832,0.296755725,0.148969466,23.42209924,0.987137405,1.52851145,0.279770992,0.262,8/15/24,SV,,6MAP,5/30/23,419,1,outer,NA,18.437,18.437,,4/10/24,10.483,,419_X5_31_rt1_o,419_X5_31_rt1_o,X5_31,4,32.48,27.32820611,2.515648855,Hybrid
455,8152024,118,0.57816609,0.26567474,0.124117647,17.95885813,0.877577855,1.319653979,0.284186851,0.289,8/15/24,SV,,6MAP,5/30/23,419,2,outer,NA,16.59,16.59,,4/10/24,9.637,,419_X5_31_rt2_o,419_X5_31_rt2_o,X5_31,4,30,21.40823529,2.197231834,Hybrid
456,8152024,119,1.217727273,0.6055,0.298681818,27.17731818,0.841681818,1.633181818,0.329909091,0.22,8/15/24,SV,,6MAP,5/30/23,419,3,inner,NA,9.972,9.972,,4/10/24,7.756,,419_X5_31_rt3_i,419_X5_31_rt3_i,X5_31,4,33.15,32.104,2.474863636,Hybrid
457,8152024,120,0.819588015,0.379737828,0.165505618,18.59644195,0.791235955,1.387490637,0.236928839,0.267,8/15/24,SV,,6MAP,5/30/23,419,3,outer,NA,16.536,16.536,,4/10/24,9.325,,419_X5_31_rt3_o,419_X5_31_rt3_o,X5_31,4,27.01,22.37692884,2.178726592,Hybrid
458,8152024,211,8.310613208,5.365518868,2.804481132,53.76485849,0.688254717,0.920849057,0,0.212,8/15/24,SV,,7MAP,6/21/23,410,1,inner,NA,9.417,9.402,subtract 0.015 from here below,7/26/23,7.462,,410_A04_rt1_i,410_A04_rt1_i,A04,4,29.33,71.85457547,1.609103774,African
459,8152024,214,2.011779359,1.292704626,1.342562278,46.96316726,0.815729537,1.056797153,0,0.281,8/15/24,SV,,7MAP,6/21/23,410,2,outer,NA,16.4,16.385,,7/26/23,9.696,,410_A04_rt2_o,410_A04_rt2_o,A04,4,31.24,53.48274021,1.87252669,African
460,8152024,220,0.624453441,0.253684211,0.132712551,19.14080972,0.803967611,1.122712551,0.593238866,0.247,8/15/24,SV,,7MAP,6/21/23,412,2,outer,NA,15.671,15.656,,7/26/23,9.306,,412_X11_68_rt2_o,412_X11_68_rt2_o,X11_68,4,29.44,22.67157895,1.926680162,Hybrid
461,8152024,223,1.213191489,0.542446809,0.141276596,20.60351064,1.276542553,1.6225,0.404414894,0.188,8/15/24,SV,,7MAP,6/21/23,413,1,inner,NA,10.482,10.467,,7/26/23,8.042,,413_C14_rt1_i,413_C14_rt1_i,C14,4,36.35,25.80388298,2.899042553,Latin American
462,8152024,228,0.285258216,0,0.099671362,21.72408451,1.206995305,1.703896714,0,0.213,8/15/24,SV,,7MAP,6/21/23,413,3,outer,NA,10.127,10.112,,7/26/23,9.783,,413_C14_rt3_o,413_C14_rt3_o,C14,4,90.48,25.0199061,2.910892019,Latin American
463,8152024,243,8.762821577,6.310912863,7.990580913,82.46294606,0.766639004,1.008049793,1.484107884,0.241,8/15/24,SV,,8MAP,7/6/23,104,2,inner,NA,4.345,10.997,,6/27/24,7.7798,,104_X5_36_rt2_i,104_X5_36_rt2_i,X5_36,1,25.87,108.7860581,1.774688797,Hybrid
464,8152024,251,4.618392157,2.043921569,0.612431373,36.14937255,1.247529412,2.064078431,1.305490196,0.255,8/15/24,SV,,8MAP,7/6/23,115,3,inner,NA,5.604,12.256,,6/27/24,8.2987,,115_X1_54_rt3_i,115_X1_54_rt3_i,X1_54,1,29.32,48.04121569,3.311607843,Hybrid
465,8152024,259,1.749641434,0.923585657,0.668007968,49.08314741,1.995099602,2.74498008,1.553505976,0.251,8/15/24,SV,,8MAP,7/6/23,119,1,inner,NA,6.374,13.026,samples in tubes marked 119 are actually 120 (corrected in GID column); this tube is handwritten,6/27/24,8.0003,,119_X11_57_rt1_i,120_X5_31_rt1_i,X5_31,1,21.09,58.71796813,4.740079681,Hybrid
466,8152024,265,0.566666667,0.283333333,0.122142857,9.302142857,0.183849206,0.501190476,0,0.252,8/15/24,SV,,8MAP,7/6/23,120,1,inner,NA,4.456,11.108,samples in tubes marked 120 are actually 117 (corrected in GID column),6/27/24,7.9514,,120_X5_31_rt1_i,117_A20_rt1_i,A20,1,29.08,10.9593254,0.685039683,African
467,8152024,271,5.822304688,3.026953125,2.187382813,55.73175781,0.940507813,1.732578125,0.695859375,0.256,8/15/24,SV,,8MAP,7/6/23,202,1,inner,NA,4.617,11.269,,6/27/24,8.2023,,202_X4_67_rt1_i,202_X4_67_rt1_i,X4_67,2,33.51,70.13734375,2.673085938,Hybrid
468,8152024,291,2.99592,1.5616,0.79448,42.82196,0.89436,1.5378,0.9134,0.25,8/15/24,SV,,8MAP,7/6/23,213,2,inner,NA,4.745,11.397,,6/27/24,8.1413,,213_X4_42_rt2_i,213_X4_42_rt2_i,X4_42,2,31.31,51.51952,2.43216,Hybrid
469,8152024,295,6.525217391,3.013320158,2.008102767,76.94841897,0.755928854,1.132766798,0.956521739,0.253,8/15/24,SV,,8MAP,7/6/23,219,1,inner,NA,7.321,13.973,,6/27/24,8.7111,,219_X2_24_rt1_i,219_X2_24_rt1_i,X2_24,2,28.08,91.34027668,1.888695652,Hybrid
470,8152024,299,6.41555102,2.905183673,1.503142857,60.08591837,0.724571429,0.974897959,1.364163265,0.245,8/15/24,SV,,8MAP,7/6/23,219,3,inner,NA,2.892,9.544,,6/27/24,7.4139,,219_X2_24_rt3_i,219_X2_24_rt3_i,X2_24,2,26.22,73.97342857,1.699469388,Hybrid
471,8152024,303,1.254552846,0.639796748,0.359349593,20.03626016,0.93902439,1.572560976,0.266666667,0.246,8/15/24,SV,,8MAP,7/6/23,301,2,inner,NA,1.287,7.939,,6/27/24,7.0029,,301_X2_45_rt2_i,301_X2_45_rt2_i,X2_45,3,26.98,25.06821138,2.511585366,Hybrid
472,8152024,305,1.104331984,0.593643725,0.380526316,33.2991498,1.141538462,2.18437247,0.484939271,0.247,8/15/24,SV,,8MAP,7/6/23,301,3,inner,NA,2,8.652,,6/27/24,7.1788,,301_X2_45_rt3_i,301_X2_45_rt3_i,X2_45,3,26.16,39.18850202,3.325910931,Hybrid
473,8152024,313,4.282303665,2.48460733,1.068900524,60.54534031,1.889842932,3.173193717,5.007748691,0.191,8/15/24,SV,,9MAP,7/28/23,306,1,inner,NA,9.026,9.009,hand changed label,6/27/24,7.3361,,307_X4_32_rti_i,306_X4_32_rti_i,X4_32,3,28.87,78.45193717,5.063036649,Hybrid
474,8152024,314,1.827165354,0.779055118,0.713464567,62.2896063,1.64511811,2.895354331,2.860551181,0.254,8/15/24,SV,,9MAP,7/28/23,306,1,outer,NA,16.5163,16.4993,no root number or layer written on tube but guessing it goes here by process of elimination,6/27/24,9.9663,,307_X4_32_rti_o,306_X4_32_rti_o,X4_32,3,33.62,73.01031496,4.540472441,Hybrid
475,8152024,315,6.483763441,3.304247312,1.64172043,57.53080645,1.550591398,2.731935484,5.294462366,0.186,8/15/24,SV,,9MAP,7/28/23,306,2,inner,NA,10.8235,10.8065,,6/27/24,7.8061,,307_X4_32_rt2_i,306_X4_32_rt2_i,X4_32,3,27.69,78.53752688,4.282526882,Hybrid
476,8152024,316,1.796875,0.788125,0.569779412,45.44242647,2.287022059,3.113786765,2.169889706,0.272,8/15/24,SV,,9MAP,7/28/23,306,2,outer,NA,20.4339,20.4169,,6/27/24,11.0009,,307_X4_32_rt2_o,306_X4_32_rt2_o,X4_32,3,31.57,56.16790441,5.400808824,Hybrid
477,8152024,317,4.814578313,2.406445783,1.189457831,62.445,1.711987952,3.135240964,6.363253012,0.166,8/15/24,SV,,9MAP,7/28/23,306,3,inner,NA,8.1309,8.1139,,,NA,,307_X4_32_rt3_i,306_X4_32_rt3_i,X4_32,3,NA,82.06596386,4.847228916,Hybrid
478,8152024,318,1.631078838,0.623941909,0.476556017,44.00452282,1.728091286,2.618547718,3.499170124,0.241,8/15/24,SV,,9MAP,7/28/23,306,3,outer,NA,13.8116,13.7946,,6/27/24,9.0184,,307_X4_32_rt3_o,306_X4_32_rt3_o,X4_32,3,33.08,54.58190871,4.346639004,Hybrid
479,8152024,396,2.577419355,1.255846774,0.516733871,42.61584677,0.710040323,1.16108871,0.639314516,0.248,8/15/24,SV,,9MAP,7/28/23,205,3,outer,NA,20.4888,20.4718,,8/10/23,11.483,,205_X1_54_rt3_o,205_X1_54_rt3_o,X1_54,2,34.93,49.47629032,1.871129032,Hybrid
480,8152024,404,1.599924528,0.806075472,0.526,39.28498113,1.022792453,1.23709434,1.643773585,0.265,8/15/24,SV,,9MAP,7/28/23,210,1,outer,NA,21.4788,21.4618,,8/10/23,12.218,,210_X11_68_rt1_o,210_X11_68_rt1_o,X11_68,2,37.56,46.12064151,2.259886792,Hybrid
481,8152024,412,4.94804,2.94668,3.89904,101.93228,0.35124,0.62232,1.35192,0.25,8/15/24,SV,,9MAP,7/28/23,218,2,outer,NA,18.9016,18.8846,may not be fully dry,6/27/24,9.9851,,218_X8_41.5_rt2_o,218_X8_41.5_rt2_o,X8_41.5,2,27.22,116.05152,0.97356,Hybrid
482,8152024,417,8.153842365,3.977783251,3.665714286,77.18600985,0.718866995,1.1008867,4.00546798,0.203,8/15/24,SV,,9MAP,7/28/23,220,2,inner,NA,10.1601,10.1431,,6/27/24,7.5363,,220_X1_34_rt2_i,220_X10_39_rt2_i,X10_39,2,25.22,98.80857143,1.819753695,Hybrid
483,8152024,419,9.944271845,5.151650485,3.836601942,59.77558252,0.674902913,1.035339806,1.881407767,0.206,8/15/24,SV,,9MAP,7/28/23,220,3,inner,NA,11.8715,11.8545,,6/27/24,7.9033,,220_X1_34_rt3_i,220_X10_39_rt3_i,X10_39,2,23.98,82.29975728,1.710242718,Hybrid
484,8152024,420,2.191101322,1.075682819,1.226255507,52.37674009,0.403744493,0.625418502,0.889559471,0.227,8/15/24,SV,,9MAP,7/28/23,220,3,outer,NA,23.2501,23.2331,busted tube; replaced in new tube with handwritten label,6/27/24,10.8176,,220_X1_34_rt3_o,220_X10_39_rt3_o,X10_39,2,25.1,58.7885022,1.029162996,Hybrid
485,8152024,423,1.028253012,0.489819277,0.190481928,13.98548193,1.010783133,1.479216867,0,0.166,8/15/24,SV,,9MAP,7/28/23,302,2,inner,NA,10.5839,10.5669,,6/27/24,7.8709,,302_C17_rt2_i,302_C17_rt2_i,C17,3,31.05,18.18403614,2.49,Latin American
486,8152024,435,5.183522267,3.439352227,2.412226721,49.36323887,0.292267206,0.453319838,0,0.247,8/15/24,SV,,9MAP,7/28/23,307,2,inner,NA,15.1308,15.1138,,6/27/24,8.7831,,307_A03_rt2_i,307_A03_rt2_i,A03,3,25.14,61.14392713,0.745587045,African
487,8152024,439,4.75375,2.44015,1.64965,70.5734,0.54945,1.0248,1.8813,0.2,8/15/24,SV,,9MAP,7/28/23,317,1,inner,NA,11.0285,11.0115,,6/27/24,7.5672,,317_X4_42_rt1_i,317_X4_42_rt1_i,X4_42,3,20.9,82.8725,1.57425,Hybrid
488,8152024,445,0,0,0,7.257160494,0.300987654,0.45882716,0.679074074,0.162,8/15/24,SV,,9MAP,7/28/23,319,1,inner,NA,8.6979,8.6809,,6/27/24,7.2724,,319_X8_37_rt1_i,319_X8_37_rt1_i,X8_37,3,30.41,8.696049383,0.759814815,Hybrid
489,8152024,449,0,0,0,9.083043478,0.450621118,0.830496894,0.406149068,0.161,8/15/24,SV,,9MAP,7/28/23,319,3,inner,NA,9.5648,9.5478,,6/27/24,7.5781,,319_X8_37_rt3_i,319_X8_37_rt3_i,X8_37,3,31.86,10.77031056,1.281118012,Hybrid
490,8152024,452,0.12107438,0,0,7.888016529,0.414628099,0.683719008,0.30822314,0.242,8/15/24,SV,,9MAP,7/28/23,402,1,outer,NA,21.7191,21.7021,may not be fully dry,6/27/24,12.003,,402_X11_57_rt1_o,402_X11_57_rt1_o,X11_57,4,35.53,9.415661157,1.098347107,Hybrid
491,8152024,453,0,0,0,6.835352113,0.480187793,0.6757277,0.486525822,0.213,8/15/24,SV,,9MAP,7/28/23,402,2,inner,NA,9.5872,9.5702,,6/27/24,7.7515,,402_X11_57_rt2_i,402_X11_57_rt2_i,X11_57,4,37.57,8.477793427,1.155915493,Hybrid
492,8152024,454,0,0,0,6.431046025,0.34376569,0.4958159,0.395313808,0.239,8/15/24,SV,,9MAP,7/28/23,402,2,outer,NA,15.9367,15.9197,,6/27/24,9.7985,,402_X11_57_rt2_o,402_X11_57_rt2_o,X11_57,4,33.92,7.665941423,0.83958159,Hybrid
493,8152024,455,0,0,0,8.324795918,0.510816327,0.882755102,0.383520408,0.196,8/15/24,SV,,9MAP,7/28/23,402,3,inner,NA,9.9568,9.9398,,6/27/24,7.8735,,402_X11_57_rt3_i,402_X11_57_rt3_i,X11_57,4,37.06,10.10188776,1.393571429,Hybrid
494,8152024,470,0.208927336,0,0.095259516,48.43134948,0.488546713,0.802975779,0,0.289,8/15/24,SV,tissue seems abnormally heavy for volume,9MAP,7/28/23,409,1,outer,NA,19.3035,19.2865,,6/27/24,11.0441,,409_X2_45_rt1_o,409_X2_45_rt1_o,X2_45,4,34.74,50.02705882,1.291522491,Hybrid
495,8152024,475,8.215936255,5.488964143,4.646334661,70.95701195,0.797729084,1.30438247,1.782589641,0.251,8/15/24,SV,,9MAP,7/28/23,418,1,inner,NA,10.1793,10.1623,,6/27/24,7.3941,,418_X5_36_rt1_i,418_X5_36_rt1_i,X5_36,4,21.03,93.19294821,2.102111554,Hybrid
496,8152024,478,2.482836538,1.531586538,2.405384615,52.16423077,0.720240385,1.09125,2.013990385,0.208,8/15/24,SV,,9MAP,7/28/23,418,2,outer,NA,13.5875,13.5705,,,NA,,418_X5_36_rt2_o,418_X5_36_rt2_o,X5_36,4,NA,62.40951923,1.811490385,Hybrid
497,8152024,S21,0.888859556,0.584794087,0.061457233,15.42597677,0.707761352,0.940337909,0.239229145,0.1894,8/15/24,SV,,NA,NA,NA,NA,NA,NA,NA,NA,NA,NA,NA,NA,NA,NA,standard,NA,NA,18.84841605,1.648099261,NA
498,8152024,S22,0.946999406,0.558764112,0.061675579,16.48942365,0.687581699,0.999643494,0.246761735,0.1683,8/15/24,SV,,NA,NA,NA,NA,NA,NA,NA,NA,NA,NA,NA,NA,NA,NA,standard,NA,NA,19.99084967,1.687225193,NA
499,NA,168,NA,NA,NA,NA,NA,NA,NA,0.255,6/20/24,SV,,7MAP,6/20/23,208,3,outer,NA,12.528,12.528,,6/28/23,8.125,,208_X10_52_rt3_o,208_X4_32_rt3_o,X4_32,2,25,NA,NA,Hybrid
500,NA,189,NA,NA,NA,NA,NA,NA,NA,0.233,8/15/24,SV,,7MAP,6/20/23,308,2,inner,NA,8.688,8.688,,4/10/24,7.179,,308_X4_46_rt2_i,308_X4_46_rt2_i,X4_46,3,25.7,NA,NA,Hybrid
501,NA,190,NA,NA,NA,NA,NA,NA,NA,NA,,,,7MAP,6/20/23,308,2,outer,NA,18.937,18.937,,,NA,,308_X4_46_rt2_o,308_X4_46_rt2_o,X4_46,3,NA,NA,NA,Hybrid
502,NA,376,NA,NA,NA,NA,NA,NA,NA,NA,,,not grounded enough,9MAP,7/28/23,107,2,outer,NA,22.774,22.757,,8/10/23,12.481,,107_X10_52_rt2_o,107_X4_32_rt2_o,X4_32,1,36.17,NA,NA,Hybrid