Sample	0.0	1.0	2.0	3.0	4.0	5.0	6.0	7.0	8.0	9.0	10.0	11.0	12.0	13.0	14.0	15.0	16.0	17.0	18.0	19.0	20.0	21.0	22.0	23.0	24.0	25.0	26.0	27.0	28.0	29.0	30.0	31.0	32.0	33.0	34.0	35.0	36.0	37.0	38.0	39.0	40.0	41.0	42.0	43.0	44.0	45.0	46.0	47.0	48.0	49.0	50.0	51.0	52.0	53.0	54.0	55.0	56.0	57.0	58.0	59.0	60.0	61.0	62.0	63.0	64.0	65.0	66.0	67.0	68.0	69.0	70.0	71.0	72.0	73.0	74.0	75.0	76.0	77.0	78.0	79.0	80.0	81.0	82.0	83.0	84.0	85.0	86.0	87.0	88.0	89.0	90.0	91.0	92.0	93.0	94.0	95.0	96.0	97.0	98.0	99.0	100.0
209031_HY55YBGXT_TCDM_1_A01_A04_1_2_o_CAGCGT_S1_trim1	9.0	9.5	29.0	56.5	66.5	71.0	81.0	112.0	171.5	210.0	240.5	299.5	357.0	415.5	476.0	539.0	619.0	724.0	855.0	991.0	1212.0	1560.0	2010.5	2629.5	3448.5	4537.0	6268.5	8590.5	11491.0	14864.5	19207.5	25083.0	31173.0	36481.5	41717.5	46892.5	50729.0	53917.5	57253.5	59914.0	62033.0	63569.0	64610.5	65306.5	65568.0	65602.0	65520.5	66075.0	68077.0	68535.5	65301.5	59078.0	52754.0	50895.0	52229.0	58273.5	73784.5	87196.0	90428.5	81680.5	61365.0	42428.5	27880.5	16261.5	10332.5	8175.0	7141.5	7003.5	7065.0	6083.5	4100.0	2625.5	1658.0	930.0	567.0	348.0	243.0	184.5	137.0	104.0	79.5	55.0	34.5	21.5	12.5	5.5	2.5	2.0	2.0	1.5	1.5	2.0	2.5	2.5	9.0	19.5	13.5	3.0	1.0	0.5	1.0
209032_HY55YBGXT_TCDM_1_B01_A04_1_1_o_GATCAC_S2_trim1	5.0	5.5	14.5	30.5	41.5	49.5	63.0	97.5	144.5	178.5	237.0	306.0	356.5	414.5	469.0	525.0	601.0	666.0	728.0	788.5	856.0	933.0	1031.0	1214.5	1474.0	1792.0	2267.5	2981.0	3965.5	5056.0	6353.5	8252.5	10292.0	12022.5	13629.5	15129.5	16306.5	17421.5	18769.5	19912.0	20535.0	20791.0	21028.5	20998.5	20639.0	20341.0	20245.5	20164.0	20129.0	19639.0	18489.5	16882.5	15077.5	14360.5	15106.0	17976.5	24563.5	30535.5	32740.5	30367.5	22854.5	15317.0	9626.0	5288.0	3094.0	2229.5	1639.0	1364.0	1384.5	1284.0	879.5	548.0	348.5	174.0	95.0	73.5	52.5	35.0	26.5	23.5	21.0	16.5	13.0	9.0	6.5	3.0	0.0	0.5	0.5	0.0	0.5	1.5	1.0	0.0	0.5	0.5	0.0	0.0	0.0	0.0	0.0
209033_HY55YBGXT_TCDM_1_C01_BLANK_ACCAGT_S3_trim1	1.0	2.0	5.0	8.5	13.0	24.0	40.5	52.0	70.0	107.0	149.0	188.5	221.5	258.5	301.0	350.5	398.0	423.0	460.5	483.0	470.0	447.0	419.0	406.5	414.5	425.5	449.0	473.5	525.5	581.5	608.5	646.0	709.5	760.5	816.0	865.0	854.0	854.0	853.5	819.5	777.0	748.0	727.5	721.0	692.0	666.0	713.0	770.0	809.0	787.5	725.0	656.5	552.5	463.5	397.0	327.0	273.5	259.5	247.5	212.5	167.5	124.0	96.5	91.5	90.0	77.5	53.0	28.0	16.0	9.0	6.5	9.0	7.0	4.0	3.5	4.5	4.5	3.5	2.5	1.5	1.0	0.5	1.0	1.0	0.0	0.5	0.5	0.0	0.0	0.0	0.0	0.0	0.0	0.0	0.0	0.0	0.0	0.0	0.0	0.0	0.0
209034_HY55YBGXT_TCDM_1_D01_A04_1_3_i_TGCACG_S4_trim1	5.0	5.0	15.5	37.5	49.0	50.5	57.5	86.5	120.5	132.0	140.5	158.5	174.0	186.5	209.5	245.0	284.0	321.5	357.0	392.0	448.5	523.0	614.0	748.5	949.5	1197.5	1565.5	2039.0	2748.5	3703.0	4762.5	6076.0	7449.5	8594.0	9679.5	10634.0	11378.0	12098.5	12936.5	13571.0	14158.5	14918.5	15559.0	16033.5	16222.0	16272.0	16592.0	17213.5	18291.0	19100.5	18970.0	17808.0	16466.0	16386.5	18037.0	22517.5	31265.0	40413.0	46074.5	43841.0	32717.0	21393.0	13447.5	7842.0	4788.0	3485.5	2769.0	2542.5	2679.0	2430.0	1585.5	952.5	572.5	284.5	163.0	122.5	103.5	90.5	76.0	59.5	43.5	26.5	19.0	12.5	8.5	5.0	1.5	0.5	0.0	0.0	0.0	0.0	0.0	0.5	1.5	2.0	2.0	1.0	0.0	0.0	0.0
209035_HY55YBGXT_TCDM_1_E01_A04_1_3_o_ACATTA_S5_trim1	20.0	26.5	79.0	162.5	233.0	317.5	450.5	670.5	987.5	1403.5	1902.0	2410.5	2899.0	3442.5	3987.0	4494.0	4914.5	5280.5	5631.0	5847.0	6131.0	6562.5	7043.0	7747.5	8861.5	10713.0	14241.5	18800.5	24060.5	30386.5	39049.5	51206.0	64927.0	75446.0	80915.5	84040.5	85560.5	86952.5	88853.5	89186.5	88067.5	86405.5	85086.0	83780.5	81432.0	78369.5	75741.0	76245.0	81417.0	86175.5	84706.5	77775.0	70852.0	72253.0	86948.0	113130.5	152991.5	182258.0	175222.5	138038.5	92275.0	60092.0	38427.5	20619.0	10759.0	7792.5	6972.5	7715.0	9155.5	8705.5	5616.5	3256.5	1848.0	788.5	373.0	239.5	206.0	186.5	171.0	161.0	130.0	90.0	69.5	47.0	24.0	15.5	12.0	8.5	6.0	3.0	1.5	1.0	1.5	2.0	7.5	14.0	12.0	6.0	1.5	0.0	0.0
209036_HY55YBGXT_TCDM_1_F01_A27_1_2_i_GTGTAG_S6_trim1	10.0	9.0	15.5	30.5	39.5	44.5	53.0	77.0	108.5	124.0	149.0	188.5	224.0	252.0	284.5	359.0	441.0	504.0	598.0	747.0	1000.5	1299.0	1660.0	2228.0	2993.5	4154.0	6309.5	9012.0	11902.0	14964.5	18866.0	24710.0	31708.0	37922.5	43625.5	49530.0	54659.0	60041.0	66441.5	72505.0	77939.5	83392.5	88940.5	93629.0	97766.5	101455.0	103908.0	106560.0	111763.5	117232.0	116857.0	107969.5	97125.5	94859.5	104479.5	121957.0	150605.0	174425.0	170907.5	145024.0	112197.0	87208.0	63473.5	36242.0	19885.0	14374.0	11328.5	10529.0	11360.0	10382.0	6720.5	4070.0	2369.0	1029.0	529.5	340.5	278.0	263.0	223.5	183.5	154.5	120.0	92.0	72.5	56.5	35.0	18.0	15.5	10.0	3.0	0.5	0.5	1.5	2.5	9.5	13.0	9.0	4.5	0.5	0.0	0.0
209037_HY55YBGXT_TCDM_1_G01_C17_1_2_o_CTAGTC_S7_trim1	3.0	2.5	14.0	39.0	53.0	57.0	72.5	114.5	176.0	221.5	257.0	313.5	386.5	443.5	481.0	545.5	634.5	715.0	798.0	923.5	1087.5	1308.0	1607.5	1997.0	2558.5	3291.0	4290.5	5662.5	7635.0	9898.5	12817.5	16791.0	20743.0	24249.5	27715.0	31053.0	33663.5	35645.5	37635.5	39555.5	40804.0	41797.0	43255.5	44536.5	45196.0	46048.5	46657.0	46834.0	47643.0	47496.0	45219.0	40841.0	36277.0	34748.0	36038.5	41223.0	52685.0	62963.0	66511.0	61295.5	47021.0	33127.5	22330.5	13501.0	8768.0	6900.5	5659.5	4901.5	4677.0	4053.0	2861.5	2020.0	1432.0	932.0	662.0	499.5	387.0	312.5	262.5	224.5	179.5	127.5	104.0	79.5	52.5	36.0	25.0	19.5	13.5	9.0	8.0	8.5	9.0	4.5	2.0	5.5	4.0	0.5	0.0	0.0	0.0
209038_HY55YBGXT_TCDM_1_H01_C17_1_2_i_TGTGCA_S8_trim1	20.0	20.5	53.5	102.5	119.0	135.5	176.5	243.5	325.0	396.0	476.0	598.5	732.5	951.5	1191.5	1510.5	1943.5	2445.0	3129.0	4096.0	5582.5	7398.0	10015.0	14358.0	20902.0	30438.5	43338.5	58817.5	79754.0	100382.0	126110.5	166595.0	211006.5	244038.0	261614.5	266544.5	263999.0	264874.5	270771.5	264820.0	248509.0	236641.5	228651.0	225396.5	219986.5	213996.5	215225.0	223869.5	235823.5	233646.5	216492.5	189212.5	163213.5	153974.5	162956.0	163518.5	154487.5	150662.5	132068.5	103719.5	77853.0	60176.5	44401.5	25755.5	14313.0	9725.0	6630.5	5390.0	5049.5	4236.5	2814.0	1791.5	1167.0	684.0	451.0	336.0	302.0	272.0	231.0	199.5	166.0	124.5	99.5	80.5	49.0	24.5	18.0	15.5	8.5	4.5	4.0	3.5	5.5	9.5	24.0	46.0	31.5	3.5	0.0	0.0	0.0
209039_HY55YBGXT_TCDM_1_A02_X1_54_2_o_TCAGGA_S9_trim1	9.0	9.0	29.5	69.0	91.0	104.5	151.5	242.5	344.5	420.5	521.0	679.5	851.5	1006.0	1141.0	1330.0	1573.0	1841.0	2189.0	2632.0	3334.0	4220.0	5304.5	7213.0	10185.0	14391.0	20433.5	28128.5	38844.0	51206.0	66364.0	87168.0	110877.0	131036.0	146370.0	159253.0	167482.5	174118.0	180886.5	182406.0	180499.0	179787.5	181116.5	182310.5	181731.5	182589.0	187193.5	199263.5	220622.0	230548.5	217848.0	192566.0	168231.0	158877.5	158889.0	169225.5	204527.5	234791.0	244927.5	229665.0	175967.5	120330.0	74678.0	37855.0	20810.0	14938.0	11347.0	10140.0	9823.5	8309.0	5688.5	3741.0	2348.5	1314.5	791.5	499.5	361.0	263.5	190.5	155.5	127.0	92.0	72.0	53.5	34.0	22.0	14.0	9.0	8.0	6.0	3.0	1.5	5.0	8.0	15.0	25.5	22.0	9.5	1.5	0.0	0.0
209040_HY55YBGXT_TCDM_1_B02_X9_27_1_i_CGGTTA_S10_trim1	1.0	1.0	0.5	1.0	2.0	2.0	2.5	8.0	16.0	20.5	25.0	34.0	41.5	51.0	64.0	76.5	84.5	85.0	94.5	121.5	159.0	203.5	249.5	304.5	377.5	493.5	698.0	961.5	1284.0	1616.0	2055.0	2790.0	3607.5	4343.0	5057.5	5899.0	6708.0	7294.5	8024.0	8673.0	9273.5	10088.5	10790.5	11349.5	11787.5	12208.0	12659.5	13065.5	13884.0	14588.0	14794.0	14093.0	13199.0	13382.5	14548.5	17887.0	23817.0	29408.5	33299.5	32745.5	25514.5	17276.0	10587.5	5548.0	3237.0	2255.5	1652.0	1409.0	1392.5	1179.5	752.0	459.0	272.5	139.5	83.0	60.5	54.0	52.5	43.0	34.5	25.5	18.0	16.0	9.0	5.0	3.0	1.5	2.0	1.0	0.0	0.0	0.0	0.0	0.0	1.0	2.0	1.5	1.0	1.0	0.5	0.0
209041_HY55YBGXT_TCDM_1_C02_X9_27_2_i_TTAACT_S11_trim1	6.0	7.5	9.0	13.5	22.0	36.0	64.0	100.0	145.5	196.0	270.0	353.0	413.0	486.0	568.5	638.5	699.0	727.5	759.5	772.5	748.0	740.0	720.5	681.5	673.5	671.0	664.0	684.5	739.0	835.0	969.0	1149.0	1342.5	1560.5	1827.0	2226.5	2629.0	2858.0	3074.5	3283.5	3624.5	4107.5	4407.5	4643.5	4886.0	5098.5	5362.0	5650.5	6168.0	6563.0	6435.0	5985.0	5692.5	5900.5	6064.0	6000.0	5999.5	6025.0	5948.0	5454.5	4307.0	3099.5	2094.5	1282.5	898.5	703.5	577.5	547.0	546.5	452.0	303.0	203.5	124.0	62.5	37.5	29.5	26.0	24.5	18.5	15.0	12.5	10.0	8.0	4.5	1.5	0.5	0.0	0.0	0.0	0.0	0.0	0.0	0.0	0.0	0.0	1.0	1.0	1.0	1.0	0.0	0.0
209042_HY55YBGXT_TCDM_1_D02_X9_27_3_o_ATGAAC_S12_trim1	3.0	7.0	16.0	24.5	39.0	63.5	105.5	182.0	272.5	379.0	507.0	645.5	786.0	949.5	1143.0	1308.5	1407.0	1476.5	1539.0	1547.0	1517.0	1524.0	1526.5	1499.0	1444.0	1367.5	1375.0	1450.0	1532.5	1624.5	1787.5	2035.0	2324.0	2657.0	3081.5	3665.0	4185.5	4577.0	5027.5	5382.0	5803.0	6362.5	6756.0	7085.5	7337.0	7446.5	7535.0	7591.0	7807.0	7816.0	7653.0	7385.0	7051.5	7067.0	7672.5	9418.5	12148.0	14472.0	16296.0	16572.5	13354.5	8964.5	5284.0	2718.5	1595.0	1119.5	853.0	738.0	736.5	625.0	368.5	203.5	119.0	58.0	32.5	21.0	18.5	17.0	11.5	6.5	4.0	2.5	1.5	1.5	1.5	1.0	1.0	1.0	1.0	1.0	1.0	1.0	1.0	0.5	0.0	2.5	3.0	0.5	0.0	0.0	0.0
209043_HY55YBGXT_TCDM_1_E02_X11_57_2_o_CCTAAG_S13_trim1	8.0	10.5	24.5	42.0	58.0	79.5	108.5	161.0	245.5	350.5	483.5	640.5	782.0	919.5	1064.5	1212.5	1349.5	1438.0	1511.5	1579.0	1646.5	1760.5	1928.5	2181.0	2547.0	3079.0	3913.0	4967.0	6412.0	8164.5	10500.0	13855.0	17521.0	20526.0	23295.0	26085.5	27891.5	29513.0	31527.0	33010.0	33534.0	33671.5	33919.5	34017.0	33922.0	33576.0	33390.5	33981.5	35404.0	35851.0	34353.5	31092.0	27970.5	26872.5	27044.0	30022.5	38048.0	45405.5	50125.0	49717.5	39596.0	27425.5	16249.5	7522.0	3954.0	2685.0	1978.5	1763.0	1749.0	1438.0	877.0	528.5	314.5	156.0	97.0	65.0	50.0	43.0	31.5	24.5	16.0	12.5	12.5	8.5	6.5	5.5	4.5	3.5	2.0	1.0	0.5	0.0	0.0	0.0	3.0	5.5	2.5	0.0	0.0	0.0	0.0
209044_HY55YBGXT_TCDM_1_F02_X11_57_3_o_AATCCG_S14_trim1	2.0	2.0	4.0	6.0	6.5	9.0	11.5	12.5	15.0	22.5	31.0	35.5	42.0	54.5	66.5	78.5	90.0	102.0	108.0	106.0	111.5	118.0	134.5	151.0	167.5	212.0	276.5	340.0	413.5	501.5	601.5	711.0	858.0	1027.5	1146.5	1284.0	1423.0	1521.0	1667.5	1808.0	1994.5	2274.5	2532.5	2729.5	2844.0	2948.0	3115.5	3301.0	3687.0	3997.5	4195.0	4201.0	4226.0	4525.0	5000.0	6074.5	7664.0	9113.5	9756.0	8923.0	6579.0	4310.0	2913.5	1977.5	1410.0	1028.0	665.5	450.5	356.5	266.5	184.5	129.5	86.0	54.0	38.0	31.0	24.0	17.0	14.0	11.0	7.0	5.5	5.5	5.0	3.5	2.5	2.0	2.0	1.0	0.0	0.0	0.0	0.0	0.0	0.5	0.5	0.0	0.0	0.0	0.0	0.0
209045_HY55YBGXT_TCDM_1_G02_X9_27_2_o_GGCTGC_S15_trim1	23.0	23.0	39.5	67.0	80.0	86.5	98.5	127.5	160.5	189.0	238.5	325.5	427.5	533.0	671.5	879.5	1124.0	1453.0	1937.0	2651.0	3707.0	5070.5	7398.5	12173.5	19629.0	30746.0	46958.0	62844.5	80388.0	100399.5	131939.5	185688.0	246285.5	290197.5	309912.5	316875.0	318119.5	322320.0	331562.5	326826.5	308249.5	289559.5	277162.0	272179.0	267193.5	265676.0	273309.5	291134.0	312319.0	311910.5	288099.5	249355.5	213178.0	195615.0	188707.0	177526.5	162857.0	152145.0	130579.5	101396.5	75248.0	56453.0	41103.5	24776.5	14820.5	10542.0	7326.0	5730.0	4809.5	3702.5	2520.0	1742.0	1197.5	733.0	478.0	324.5	244.0	198.0	167.5	152.5	131.0	109.5	77.0	48.5	33.0	23.0	20.0	17.0	13.5	10.0	5.0	4.0	9.0	12.5	26.0	46.5	33.5	15.5	20.0	36.5	50.0
209046_HY55YBGXT_TCDM_1_H02_X11_57_1_o_TACCTT_S16_trim1	1.0	1.0	4.5	12.0	22.5	36.5	53.5	77.5	112.5	149.0	188.0	227.0	255.5	290.0	317.5	337.5	371.0	391.0	379.5	376.5	373.0	343.0	318.0	301.0	284.5	294.0	300.5	291.5	296.0	307.5	323.0	344.5	387.0	437.5	471.5	481.0	503.0	539.5	566.5	574.5	572.0	568.5	544.0	532.5	538.5	526.5	508.0	523.5	524.5	498.5	467.0	423.5	419.0	424.5	451.5	539.5	621.5	656.5	710.5	804.5	823.5	792.0	777.5	735.0	676.5	588.5	457.0	351.0	249.5	157.5	97.0	61.0	49.0	27.0	13.5	11.0	7.5	4.5	3.0	2.5	2.0	1.5	1.5	1.0	1.5	1.0	0.5	1.0	1.0	0.5	0.0	0.0	0.0	0.0	0.0	0.0	0.0	0.0	0.0	0.0	0.0
209047_HY55YBGXT_TCDM_1_A03_A27_1_1_i_TCTTAA_S17_trim1	8.0	7.5	37.0	88.5	122.5	156.0	208.5	301.0	427.5	561.0	748.0	974.0	1161.5	1350.0	1586.0	1872.0	2126.0	2358.0	2631.0	2943.0	3307.0	3809.5	4513.5	5487.5	6972.5	9299.0	13383.0	18902.0	25622.0	32791.5	41767.0	55438.5	71645.5	85021.5	94428.5	103008.0	109435.5	116312.5	124895.0	130331.0	132632.0	135134.0	139105.5	141819.5	142686.0	141769.5	140080.5	142326.5	150438.0	157077.0	154937.5	144040.5	131993.0	129922.0	142863.5	162500.5	191741.0	214007.0	205374.5	173028.0	129224.0	93985.0	64943.0	35235.5	18289.0	12393.5	8852.5	7781.0	7791.0	6803.0	4465.0	2621.5	1494.0	736.0	423.5	304.0	264.5	229.0	192.5	163.5	135.5	98.5	69.5	51.0	39.0	27.5	17.5	13.0	6.5	1.5	1.5	2.0	1.5	3.5	11.5	18.5	18.5	10.5	1.5	0.0	0.0
209048_HY55YBGXT_TCDM_1_B03_X1_54_2_i_GTCAGG_S18_trim1	4.0	3.5	3.5	4.5	5.5	6.0	6.0	7.0	9.5	12.0	15.0	16.5	14.5	11.0	10.5	14.0	15.5	21.0	28.0	31.5	37.0	45.5	49.5	57.0	81.5	100.5	131.5	176.0	240.5	303.5	354.5	463.0	586.0	667.0	749.5	860.5	947.0	1016.0	1089.0	1132.5	1170.0	1219.5	1280.0	1313.0	1333.0	1355.5	1407.0	1468.0	1572.5	1684.0	1690.5	1653.0	1642.0	1678.0	1812.5	2107.0	2560.5	3000.5	3357.0	3321.5	2629.5	1842.0	1311.0	953.5	734.5	577.5	403.5	285.5	237.0	183.5	121.5	81.5	54.5	33.5	24.0	21.0	16.0	15.5	12.5	6.5	7.0	5.0	2.5	2.0	1.0	0.0	0.0	0.0	0.0	0.0	0.0	0.0	0.0	0.0	0.0	0.5	0.5	0.0	0.0	0.0	0.0
209049_HY55YBGXT_TCDM_1_C03_X11_57_2_i_ATACTG_S19_trim1	4.0	5.5	8.5	12.5	21.5	34.0	51.5	78.0	120.5	163.0	232.0	310.0	352.0	378.0	426.5	476.5	504.0	521.0	508.5	472.0	429.0	389.5	382.5	365.0	335.5	332.0	326.5	332.0	331.5	332.0	361.0	432.0	499.5	535.5	542.5	572.5	573.0	527.0	512.0	486.0	453.5	444.0	416.5	397.0	398.5	372.0	370.5	390.0	414.5	417.5	383.5	347.5	305.5	272.5	272.5	260.5	232.5	215.0	187.5	160.0	130.5	100.5	76.0	55.0	45.5	39.5	31.0	21.5	15.0	11.0	5.5	2.0	2.0	1.5	0.5	0.0	0.5	1.5	2.0	1.5	1.0	1.0	0.5	0.5	0.5	0.0	0.0	0.0	0.0	0.0	0.0	0.0	0.0	0.0	0.0	0.0	0.0	0.0	0.0	0.0	0.0
209050_HY55YBGXT_TCDM_1_D03_X9_27_3_i_TATGTC_S20_trim1	0.0	0.0	0.5	1.5	3.0	4.5	6.0	5.0	3.5	7.5	12.5	11.5	10.0	17.0	22.0	22.5	28.5	33.0	31.5	42.0	52.5	52.0	49.0	43.5	45.5	61.0	83.5	93.5	108.5	136.5	174.0	223.5	259.5	270.5	297.0	312.5	315.0	338.0	327.5	294.5	297.0	307.0	298.0	295.5	270.0	231.5	232.5	249.0	263.5	289.0	297.5	264.5	227.0	210.0	208.0	186.0	154.0	148.0	142.0	131.0	111.5	93.5	96.0	119.5	140.0	112.0	60.5	32.0	17.5	11.0	8.5	8.0	8.0	6.0	3.5	4.5	4.0	1.0	0.5	0.5	0.5	0.0	0.0	0.0	0.0	0.0	0.0	0.0	0.0	0.0	0.0	0.0	0.0	0.0	0.0	0.0	0.0	0.0	0.0	0.0	0.0
209051_HY55YBGXT_TCDM_1_E03_C17_1_3_i_GAGTCC_S21_trim1	0.0	0.0	0.0	1.0	2.0	3.0	5.0	6.5	8.5	10.0	10.0	13.5	20.0	22.5	23.0	25.5	30.0	34.5	39.0	40.0	43.5	51.0	53.0	61.5	87.0	104.5	126.5	158.5	181.5	212.0	265.5	337.5	420.5	474.5	525.5	575.5	587.5	595.5	609.0	661.5	714.0	710.0	699.0	714.0	718.5	713.0	739.0	759.5	783.5	821.5	855.5	829.0	768.0	723.0	738.5	823.5	955.5	1088.0	1149.0	1103.5	877.0	619.5	451.0	360.0	303.0	218.5	137.0	92.0	66.5	44.5	27.5	19.0	14.0	10.5	7.5	5.5	2.5	1.5	1.5	0.5	0.0	0.0	0.0	1.0	1.5	1.0	0.5	0.0	0.0	0.0	0.0	0.0	0.0	0.0	0.0	0.0	0.0	0.0	0.0	0.0	0.0
209052_HY55YBGXT_TCDM_1_F03_X11_57_3_i_GGAGGT_S22_trim1	40.0	38.5	45.0	58.5	67.0	76.0	82.5	102.5	143.0	179.0	220.0	290.0	349.5	403.5	467.5	558.5	699.0	854.0	1053.5	1318.0	1748.5	2322.5	3089.0	4317.0	6230.5	9562.0	15417.0	21973.5	28801.5	36444.5	47487.0	65491.0	86715.0	102750.5	112791.5	122211.5	129684.5	138596.0	152394.5	161466.0	164327.5	168886.5	176878.5	184482.5	191166.0	199433.5	207432.5	218463.0	239904.5	259082.0	258059.5	237605.5	216082.0	212631.0	232702.5	246364.5	252561.0	257216.5	243670.5	220454.0	188568.0	163069.5	123635.0	64593.0	31714.0	21366.5	15719.0	14633.5	14956.0	12783.5	8157.5	4971.0	2983.0	1519.5	912.5	669.5	581.5	501.5	407.5	341.0	281.5	230.5	179.5	128.5	86.5	47.0	25.0	21.5	16.5	8.5	5.5	6.0	6.5	5.5	15.0	31.5	24.0	7.0	2.0	0.5	1.0
209053_HY55YBGXT_TCDM_1_G03_X9_27_1_o_CACACT_S23_trim1	12.0	15.0	53.0	117.0	154.0	175.0	236.5	358.0	507.0	665.0	852.0	1071.5	1275.5	1475.5	1745.0	2038.0	2305.5	2593.5	2858.5	3048.5	3361.0	3798.5	4419.5	5451.5	6811.0	8647.5	11592.5	15456.0	20682.0	26942.5	35333.5	48021.5	62013.5	73024.0	81567.5	89233.0	94841.0	99940.0	105355.5	109459.5	112089.0	113879.5	116953.0	120299.0	123259.5	126753.0	130002.5	135365.0	145646.0	149126.0	138874.5	121069.0	103692.5	95824.0	92839.5	91685.0	99543.0	106784.0	103381.5	89986.5	68750.0	49873.5	34280.0	20493.0	12971.0	9783.0	7348.5	5894.5	5153.0	4133.0	2818.0	1927.0	1288.5	730.5	452.0	293.5	188.5	131.0	96.0	62.0	51.0	44.0	37.0	24.5	14.0	13.5	11.5	9.5	6.0	2.5	1.5	2.0	2.5	1.0	7.5	17.5	11.0	1.5	1.0	1.0	1.0
209054_HY55YBGXT_TCDM_1_H03_A04_1_2_o_CCGCAA_S24_trim1	17.0	18.5	48.0	101.0	136.5	165.5	233.0	368.5	527.5	666.0	841.5	1060.5	1273.5	1515.5	1773.0	2046.5	2362.5	2725.5	3068.5	3424.5	4025.0	4884.5	5958.5	7413.5	9459.5	12567.5	17296.0	23593.0	32081.0	41294.0	52350.0	67872.5	85024.0	99714.0	112164.0	123249.5	130677.0	136170.5	142628.0	147079.0	149367.0	152569.5	156206.0	159197.5	161626.5	162364.0	161525.0	165359.0	175432.5	177462.0	165721.5	145309.0	124574.5	113986.5	109802.5	108626.0	116829.5	124931.0	118988.0	99663.0	74341.5	53890.0	37797.0	23485.0	14924.5	10783.5	7924.5	6517.0	5927.5	4847.5	3201.5	2028.5	1258.5	689.0	412.0	272.5	208.5	160.0	121.5	99.5	79.0	60.0	44.0	30.0	20.5	14.0	7.5	6.0	6.5	3.5	1.0	1.5	4.0	5.5	12.5	23.5	15.5	4.0	2.5	0.5	0.0
209055_HY55YBGXT_TCDM_1_A04_X4_67_2_o_TTTATG_S25_trim1	14.0	16.0	34.5	65.0	91.5	132.0	214.0	342.0	558.5	797.0	1057.5	1399.0	1679.5	1917.0	2156.0	2416.5	2708.5	3028.5	3483.0	4267.5	5513.5	7306.0	10414.0	16132.5	26141.5	43137.5	68862.5	104356.5	155876.5	205512.5	270078.0	383977.5	523473.5	624812.5	660910.0	649177.5	618103.5	593838.5	580019.5	538836.5	471422.5	406333.5	341881.0	303611.5	274906.0	237287.5	205808.5	189569.5	177778.5	156252.0	135913.5	115348.5	94011.0	81558.5	73391.0	64057.5	56489.5	53155.5	45551.5	33848.0	22851.0	14435.5	9238.5	6016.5	4205.0	3259.5	2510.0	2078.5	1613.0	1184.0	945.0	848.5	731.5	570.5	453.5	335.5	229.0	152.0	93.0	65.5	55.0	39.5	27.0	18.0	12.5	7.5	3.5	6.5	8.0	8.5	12.0	11.5	12.5	18.0	51.0	89.0	57.5	11.5	2.5	0.5	0.0
209056_HY55YBGXT_TCDM_1_B04_C64_1_2_o_AACGCC_S26_trim1	21.0	24.5	46.5	79.0	107.5	149.5	228.5	354.0	509.5	695.0	918.5	1170.5	1406.5	1667.0	1973.0	2295.5	2629.5	2988.5	3374.0	3839.0	4607.5	5784.0	7678.5	11205.0	16819.5	26098.0	40920.5	59202.5	85070.0	116606.5	164217.0	241459.0	324637.0	380843.0	405913.5	403982.5	388294.0	379632.5	377938.5	355746.0	313068.5	273527.0	238155.0	214482.5	195260.5	169880.5	145723.0	131327.0	123284.5	110974.5	97103.0	84182.0	74663.5	71916.0	71324.5	73874.5	85520.0	94395.0	84822.5	63272.5	40806.0	24443.5	14332.5	8186.0	5228.0	3872.5	2746.5	2192.0	1863.5	1485.5	1071.0	825.5	629.5	415.5	278.5	171.5	122.0	95.5	64.0	51.5	41.5	27.5	20.0	14.5	12.0	10.5	10.0	8.5	6.5	6.5	4.0	4.5	7.0	8.0	20.0	48.5	39.0	6.0	0.0	0.0	0.0
209057_HY55YBGXT_TCDM_1_C04_A04_1_1_i_CAAGCA_S27_trim1	24.0	31.5	74.5	132.5	193.5	304.5	482.5	737.0	1122.0	1588.5	2072.5	2631.5	3243.0	3932.5	4604.5	5135.5	5727.0	6365.0	7079.0	8185.0	9808.5	11717.5	14975.0	21321.0	31798.5	49533.0	76632.5	112091.5	161298.0	204169.0	252630.5	338048.0	436515.0	515295.0	562765.5	568019.5	549333.5	537343.0	529988.0	499530.5	446168.0	389675.0	326441.0	284363.0	253066.5	212482.5	180289.5	161183.0	145888.5	126029.5	110546.5	98148.5	82673.5	69725.0	61268.0	51826.0	43607.0	40205.0	34587.0	25757.0	17778.5	12089.0	8517.5	6065.0	4639.5	3812.5	3183.0	2779.5	2097.5	1549.5	1257.5	1093.5	950.5	769.5	593.5	400.5	278.0	191.0	112.0	77.5	59.0	39.0	27.0	17.0	12.5	11.0	6.5	7.0	5.5	3.0	3.0	5.0	8.5	13.0	33.5	72.0	51.0	5.0	1.0	0.5	0.0
209058_HY55YBGXT_TCDM_1_D04_X4_67_3_i_GCTCGA_S28_trim1	4.0	4.5	8.0	12.0	14.0	16.5	25.0	43.0	68.0	100.0	123.0	142.0	166.0	213.5	265.5	305.5	356.0	430.0	523.0	650.0	818.5	1063.5	1399.0	1890.5	2738.0	4097.5	6374.5	9708.0	14677.5	20870.0	30345.0	45120.5	61173.5	71538.0	75274.0	75443.0	73850.5	73218.5	73273.0	69885.0	63991.0	58171.5	52303.5	47782.5	43566.5	38670.0	34454.0	31695.0	30014.5	27651.0	24353.5	21039.0	18241.0	17340.5	18162.5	21387.5	29527.0	36676.5	37479.5	31736.0	21779.5	13557.5	7572.0	3728.0	2231.0	1708.0	1366.0	1185.5	1066.5	855.0	563.5	381.5	269.5	178.0	127.0	73.0	49.0	39.0	21.0	8.5	8.5	6.0	2.0	3.0	2.0	1.0	0.5	0.0	0.0	0.0	0.5	0.5	0.0	0.5	3.5	8.5	7.5	2.0	0.0	0.0	0.0
209059_HY55YBGXT_TCDM_1_E04_A04_1_2_i_GCGAAT_S29_trim1	14.0	19.5	45.5	78.5	105.0	147.5	227.0	339.5	482.0	687.5	964.0	1257.0	1523.5	1811.5	2117.0	2392.5	2634.5	2915.0	3290.5	3891.0	4963.0	6321.0	8478.0	12696.0	19679.0	32042.0	52937.5	82620.0	124180.0	162959.0	212693.5	300132.5	402162.5	482166.5	526512.0	530129.0	510272.0	495361.0	485414.5	457994.5	412368.5	362925.5	307994.5	270801.5	243781.5	207612.5	174232.5	153222.5	139658.5	122697.0	108051.0	95041.0	81173.0	71302.5	65972.5	59923.0	56042.0	55807.5	48666.5	35572.5	23484.0	15319.0	10247.0	6838.5	4960.0	3893.5	2884.5	2427.0	2002.0	1534.0	1280.5	1137.0	929.5	694.5	518.0	374.0	256.5	188.0	140.5	111.0	95.5	72.0	47.5	27.5	16.0	16.0	16.0	13.5	10.0	5.5	3.5	4.5	9.0	17.0	35.0	67.5	50.5	10.5	3.0	0.0	0.0
209060_HY55YBGXT_TCDM_1_F04_C17_1_1_i_TGGATT_S30_trim1	16.0	16.0	26.0	39.5	50.0	77.0	137.0	208.5	302.5	445.0	583.0	754.5	965.5	1161.0	1376.0	1622.5	1921.0	2317.0	2867.0	3671.5	5027.5	6780.0	10037.0	17075.5	29424.0	48910.5	78607.5	115318.0	166742.5	216676.5	286641.5	406969.0	539342.5	635900.0	684283.0	686661.5	663286.0	654890.0	668466.5	626146.0	534313.5	459821.5	391440.0	349143.0	310352.0	260750.5	226658.0	208709.5	185870.0	150045.5	125063.0	105999.5	84099.5	69848.0	60017.5	50406.5	43959.5	41670.0	35278.5	25030.0	16444.5	10778.0	7241.5	5052.0	3775.0	2919.5	2153.5	1746.0	1349.0	1029.5	858.0	710.5	605.5	492.5	407.0	301.0	180.0	119.0	87.5	72.0	67.0	53.5	41.0	30.5	22.0	15.5	11.5	12.0	13.0	10.0	6.5	8.0	18.0	26.5	62.0	97.0	56.0	9.5	2.0	0.0	0.0
209061_HY55YBGXT_TCDM_1_G04_X4_67_2_i_ACCTAC_S31_trim1	22.0	24.0	42.0	65.0	98.5	169.0	288.0	458.5	690.0	974.0	1328.5	1752.0	2143.5	2529.0	2887.0	3263.5	3681.0	4031.0	4534.0	5438.0	6692.5	8098.5	10936.5	16436.0	26626.0	44028.0	67406.5	97151.5	142934.0	184169.5	234058.5	323631.5	430261.5	512885.5	556327.0	566922.0	554098.0	537148.0	535592.0	506718.5	445191.5	389221.5	334587.5	302831.5	274270.5	236062.5	210246.0	197972.0	185626.5	164672.5	147098.5	128551.5	108665.5	97124.0	90499.0	79292.0	64241.0	55710.5	44571.5	30461.0	20138.5	13368.5	9292.0	6413.5	4532.5	3656.5	3126.5	2764.5	2124.5	1468.5	1043.5	817.0	736.5	632.5	553.5	480.5	335.0	169.5	72.5	44.0	31.5	26.0	20.0	12.0	9.0	9.0	9.5	8.5	6.5	5.5	7.5	8.0	13.0	22.0	49.5	78.0	48.5	8.5	1.0	0.0	0.0
209062_HY55YBGXT_TCDM_1_H04_X4_67_1_i_CGAAGG_S32_trim1	81.0	81.0	90.5	108.0	121.5	149.0	212.0	315.0	463.0	626.5	823.0	1098.5	1422.5	1820.5	2308.5	2884.0	3628.0	4585.0	6013.0	8536.5	11795.0	15290.0	20975.5	30962.0	47867.0	73490.0	107450.0	150409.0	210728.5	263500.5	324776.5	430144.5	557546.5	657470.5	714439.0	735740.5	722128.0	695310.5	679331.0	631690.0	552786.0	490492.5	439147.0	410907.0	379321.5	335495.0	307158.5	294827.0	279396.5	246340.5	215965.0	185313.5	146966.0	121514.0	105299.0	86118.5	64567.5	51238.5	40818.5	29802.5	21966.5	15782.0	11646.5	8914.0	7105.5	6076.5	5221.0	4623.5	3667.5	2783.0	2224.0	1911.5	1855.0	1760.5	1682.5	1416.5	945.5	544.0	240.0	117.5	87.0	64.5	49.0	33.5	23.0	19.0	16.5	13.0	9.0	8.5	10.0	10.5	15.0	22.0	60.5	109.0	69.0	13.0	4.5	1.0	2.0
209063_HY55YBGXT_TCDM_1_A05_C64_1_2_i_AGATAG_S33_trim1	22.0	23.5	58.0	113.5	143.0	163.5	214.5	320.5	446.0	562.5	727.0	946.5	1155.5	1340.5	1542.0	1788.5	2046.0	2342.0	2648.5	2957.0	3386.0	4040.0	5032.5	6539.0	8746.0	12106.5	17464.0	24338.5	33653.5	45334.0	61821.0	86515.0	113816.5	133905.5	145851.0	152110.0	154709.5	160458.5	170707.5	174478.5	171601.0	171021.0	173028.0	175818.0	177247.5	178171.0	180586.0	189048.5	209196.0	230821.0	233111.0	212307.5	184147.0	174835.5	193038.0	211988.0	226488.0	232791.0	210179.5	169539.5	126347.5	94747.5	68548.5	37485.5	19031.0	13112.5	9943.5	9464.0	9781.5	8408.5	5443.5	3358.0	2137.0	1167.0	746.5	551.5	468.5	454.0	397.5	323.0	266.0	204.5	141.0	93.0	67.5	40.5	27.0	26.5	17.5	5.5	3.0	2.5	3.5	6.5	14.0	24.0	18.5	5.0	0.5	0.5	0.0
209064_HY55YBGXT_TCDM_1_B05_C64_1_1_o_TTGGTA_S34_trim1	17.0	17.5	44.0	78.0	92.0	107.0	138.0	201.0	294.5	388.5	492.0	637.0	800.0	975.5	1178.0	1434.5	1761.0	2204.5	2776.5	3586.5	4805.0	6452.5	9028.0	13319.5	19923.0	30731.0	47200.0	65744.5	88801.0	115505.0	155698.0	221211.5	293567.5	346196.0	377361.5	389003.5	384359.0	382570.0	388252.0	381686.0	362254.0	344589.5	332308.5	328425.5	327155.0	319868.0	306361.0	299809.5	302449.0	295137.5	273614.0	239402.0	204363.0	187149.5	183676.0	171234.5	155932.5	149420.0	129669.5	99542.0	71754.5	51416.5	35993.5	21454.0	12755.5	8803.5	5901.0	4658.0	4099.0	3251.5	2156.5	1414.5	943.5	554.5	347.5	237.0	196.5	177.5	156.5	125.5	94.5	70.0	58.5	47.0	33.0	21.0	10.5	8.0	6.0	5.0	4.0	2.5	6.0	9.0	34.5	58.0	34.0	7.0	0.5	0.0	0.0
209065_HY55YBGXT_TCDM_1_C05_X5_31_3_i_GTTACC_S35_trim1	10.0	9.0	21.5	45.5	59.5	70.5	85.5	121.0	179.0	244.0	311.0	383.0	455.0	540.5	653.0	804.5	968.0	1192.5	1496.0	1864.5	2438.5	3247.0	4420.0	6373.0	9621.5	14794.5	22584.0	32301.0	44699.5	57578.5	75540.0	105190.5	139006.0	163737.5	177470.5	185212.5	187999.0	192580.0	201043.0	202355.5	196442.0	191511.5	189706.0	190731.5	190776.0	191550.0	195277.5	205710.0	228773.5	251598.0	252933.5	229394.5	199684.5	192814.0	227740.0	236067.5	210895.0	199229.5	172623.5	136895.5	107287.0	89582.0	69303.0	37873.0	18731.5	12503.0	8784.5	7725.0	7438.0	6126.0	3958.0	2506.0	1598.5	876.0	591.0	475.5	402.5	376.5	325.0	264.5	226.5	172.0	130.5	91.0	65.5	46.0	27.5	22.5	17.0	8.5	2.0	2.0	6.0	10.5	20.0	27.5	19.0	6.5	1.0	0.5	1.0
209066_HY55YBGXT_TCDM_1_D05_X4_67_3_o_CGCAAC_S36_trim1	0.0	0.5	4.0	12.5	26.0	49.5	78.5	111.5	154.5	212.0	288.5	386.0	480.5	563.5	645.0	732.0	810.0	870.0	947.0	1018.5	1038.0	1057.0	1065.5	1071.0	1131.0	1236.5	1409.0	1658.0	1982.5	2351.5	2913.0	3690.5	4573.5	5337.0	5963.0	6577.0	7133.0	7780.0	8533.5	9229.0	9851.0	10591.5	11425.0	11999.5	12340.5	12715.0	13104.0	13427.0	14091.0	14549.0	14310.0	13253.0	11956.5	12019.5	13368.5	15932.0	20794.0	25917.0	29162.5	28889.5	23418.0	16752.5	10879.5	5911.5	3471.0	2489.0	1943.5	1810.0	1938.5	1771.5	1105.0	629.0	380.0	169.0	89.0	66.5	61.0	60.0	54.5	45.5	33.5	22.5	18.5	10.0	3.0	0.5	0.0	0.0	0.0	0.0	0.0	0.5	0.5	0.0	1.5	2.0	0.5	0.0	0.5	1.0	1.0
209067_HY55YBGXT_TCDM_1_E05_X5_31_2_i_TGGCGA_S37_trim1	18.0	22.0	38.0	54.5	58.0	60.5	77.5	103.5	134.5	161.5	190.5	244.5	308.5	388.0	486.0	625.5	826.0	1129.5	1598.0	2240.5	3230.5	4495.5	6461.0	9920.5	15411.5	24435.0	37582.5	53186.0	73587.0	92511.5	116591.0	158587.0	205438.5	241046.5	262664.5	274363.0	278913.5	285655.5	298198.5	299150.0	288052.5	278152.0	268807.0	264316.5	260307.0	254690.0	255075.0	262798.0	283387.5	314780.5	328138.0	308244.0	278391.5	277528.5	360597.0	374648.5	284823.5	234337.0	187459.5	142253.5	115940.0	104501.0	86614.0	49466.0	24923.5	17015.5	12507.5	11318.5	10370.5	8073.0	5205.0	3291.0	2172.5	1255.5	827.5	627.0	520.5	468.5	415.5	366.5	290.5	212.5	160.0	119.0	87.0	55.5	36.0	24.5	18.0	10.0	5.0	4.5	7.5	12.0	31.0	50.0	37.5	15.5	3.0	0.0	0.0
209068_HY55YBGXT_TCDM_1_F05_C17_1_1_o_ACCGTG_S38_trim1	4.0	5.5	11.5	19.5	25.5	27.0	28.0	32.5	37.5	43.0	57.0	65.5	75.5	96.5	110.5	120.5	135.0	150.0	146.0	139.0	149.0	161.5	173.0	179.0	200.0	237.0	258.5	307.5	390.0	442.5	532.0	674.5	817.5	912.5	957.0	1009.5	1075.0	1141.5	1197.5	1194.5	1168.0	1190.0	1220.0	1227.0	1190.5	1210.0	1281.5	1340.0	1453.0	1530.5	1504.5	1446.0	1352.0	1261.5	1237.0	1187.0	1084.5	999.0	944.5	913.0	846.0	727.0	583.5	436.5	358.0	304.0	223.5	172.5	152.5	125.5	110.0	101.0	80.5	73.0	64.0	53.0	41.5	34.0	28.0	20.0	19.0	18.0	15.0	8.5	1.5	2.5	3.0	2.0	2.0	1.0	0.5	1.0	0.5	0.5	1.0	1.0	0.5	0.0	0.0	0.0	0.0
209069_HY55YBGXT_TCDM_1_G05_A20_1_1_o_CAACAG_S39_trim1	6.0	10.5	31.0	62.5	95.5	125.5	186.0	299.5	436.5	601.5	826.5	1086.0	1322.5	1603.5	1911.0	2134.0	2289.5	2384.5	2441.0	2523.5	2609.0	2667.5	2727.0	2798.0	2905.0	3179.5	3727.0	4437.5	5414.5	6567.0	8137.0	10437.0	13130.5	15418.5	17240.5	19361.0	21474.0	23518.5	26012.5	28507.5	30595.5	32503.5	34040.5	35480.0	37223.0	39010.5	40361.0	41123.5	42437.5	43042.5	41178.5	37171.0	32528.5	30684.0	31524.0	33993.0	40192.5	46177.0	49216.5	46967.0	37791.5	28384.5	18909.0	9995.5	5695.5	4063.0	3113.0	2757.0	2825.5	2535.5	1608.0	916.0	554.0	282.0	153.5	97.5	81.5	80.0	68.5	56.5	44.0	30.0	22.5	16.0	11.0	8.5	5.0	5.0	4.5	2.5	0.5	0.0	0.5	1.0	2.5	4.5	4.5	2.5	0.5	0.0	0.0
209070_HY55YBGXT_TCDM_1_H05_C17_1_3_o_GATTGT_S40_trim1	84.0	77.5	94.0	133.5	149.5	166.0	218.5	321.0	445.0	558.0	704.0	912.5	1144.5	1428.0	1793.0	2470.0	3350.5	4181.5	5220.5	6775.0	9138.5	11907.5	15447.0	21219.0	29640.0	41454.5	56816.0	74243.0	95639.5	115794.5	140487.5	179140.0	220554.5	250562.5	268423.5	277121.0	278481.5	279595.5	281860.5	275087.0	266021.0	268311.5	274669.0	282275.5	286383.0	292474.5	310350.0	337409.5	391409.5	463988.0	502326.5	489605.5	447064.0	449841.5	504835.5	516408.0	448245.0	372814.0	331988.5	313601.0	272399.5	200007.5	146466.0	100343.5	72984.0	60281.0	44410.5	33519.5	24637.0	16329.5	10406.0	6770.0	4948.5	3453.0	2568.0	1960.0	1436.5	1206.0	912.0	678.0	532.0	382.5	279.0	216.0	170.0	117.5	95.0	82.0	56.0	33.0	19.5	11.0	12.0	17.0	32.5	56.5	41.0	11.0	4.0	0.0	0.0
209071_HY55YBGXT_TCDM_1_A06_A20_1_1_i_CTCTCG_S41_trim1	8.0	9.5	23.0	43.5	57.0	70.5	94.5	145.0	203.5	252.0	331.0	429.0	512.0	641.0	807.5	958.0	1172.0	1530.0	2103.5	2813.5	3805.0	5272.5	7350.0	10777.0	16278.0	25268.0	38627.0	54114.5	73180.5	92906.0	121021.0	167883.5	221505.0	260920.5	281223.5	289948.5	291880.5	298057.5	310659.0	312288.0	303602.5	298423.0	297595.0	299315.0	301114.5	301321.5	301560.5	309887.5	332365.0	344989.0	330599.5	300214.0	269514.0	255399.0	266755.0	265974.0	251160.0	243899.0	224594.5	195191.5	156805.5	123673.5	90027.5	48200.5	23865.5	15655.0	10757.0	8932.5	8069.5	6433.0	4144.5	2595.5	1647.0	943.0	602.5	448.5	396.0	362.5	318.5	278.5	232.0	167.5	122.0	86.5	54.5	32.5	17.5	12.0	8.5	5.5	4.5	4.0	5.0	8.0	32.0	59.0	40.5	14.0	5.0	0.0	0.0
209072_HY55YBGXT_TCDM_1_B06_A20_1_2_o_TGACAC_S42_trim1	5.0	4.5	13.5	29.0	37.5	47.5	69.0	130.0	212.5	275.0	333.5	403.5	465.5	518.5	582.5	679.5	810.5	923.0	997.5	1082.0	1198.5	1369.0	1595.0	1927.5	2427.5	3140.0	4125.0	5356.0	7182.5	9410.5	12313.0	16649.0	21483.0	25170.0	27707.5	30049.0	31948.5	33495.0	34884.0	35890.5	36425.5	36388.0	36103.0	35766.0	35355.5	34978.5	34339.5	33734.5	33753.5	32589.0	29672.5	25932.0	22233.5	20139.5	19496.5	20643.0	25399.0	30076.0	32397.0	30686.5	23503.0	16176.0	9911.0	5072.0	2961.0	2084.5	1569.5	1327.5	1264.0	1096.0	718.5	439.5	284.0	152.0	89.0	59.5	47.0	42.5	33.5	24.5	19.0	10.5	6.0	6.0	3.0	1.0	0.5	0.0	0.0	0.0	0.0	0.0	0.0	0.0	3.5	7.5	5.0	1.0	0.0	0.0	0.0
209073_HY55YBGXT_TCDM_1_C06_X5_31_1_o_AAGACA_S43_trim1	26.0	45.0	100.5	165.0	262.0	424.5	684.5	1087.5	1608.5	2239.5	3084.0	4066.0	4969.0	5917.0	6891.5	7627.0	8254.0	8731.5	8877.5	8745.0	8548.5	8278.5	7885.0	7389.0	6872.5	6457.5	5984.5	5594.5	5404.5	5270.5	5196.0	5305.0	5675.0	5905.0	5906.0	5790.0	5554.0	5503.5	5556.0	5376.0	5081.0	4871.0	4732.5	4704.5	4676.5	4656.0	4714.0	4911.5	5283.5	5404.0	5063.0	4439.0	3824.0	3469.5	3291.0	3119.5	2967.5	2844.0	2644.5	2328.5	1818.0	1336.0	976.0	668.5	493.0	365.0	241.0	177.5	144.0	109.0	66.0	36.0	22.5	15.0	13.0	8.5	5.0	4.0	4.0	3.0	2.5	3.0	3.5	2.5	1.0	0.5	0.5	1.5	1.5	1.0	0.5	0.0	0.0	0.0	0.0	0.0	0.0	0.0	0.0	0.0	0.0
209074_HY55YBGXT_TCDM_1_D06_X4_67_1_o_ACAGAT_S44_trim1	8.0	12.5	31.0	53.5	79.0	135.5	218.5	329.0	480.0	694.0	930.0	1156.5	1412.0	1693.0	1968.0	2233.0	2454.5	2559.5	2610.0	2635.5	2604.0	2532.0	2474.5	2386.5	2236.0	2122.5	2039.0	1991.5	1981.0	1975.5	2008.5	2161.5	2367.0	2556.0	2821.5	3196.5	3607.0	4024.5	4491.0	4881.5	5312.0	5931.0	6631.0	7202.0	7542.5	7788.5	7943.5	7943.0	8121.5	8128.5	7972.5	7663.5	7408.0	7597.5	8159.5	9395.5	11294.5	13137.0	14520.0	14495.5	11681.5	8104.5	5124.0	2838.0	1772.0	1348.0	1164.5	1167.0	1313.5	1169.5	709.0	412.0	234.0	97.0	47.5	35.0	30.5	27.5	22.0	18.0	11.5	7.0	7.5	5.5	3.5	2.0	1.0	1.0	0.5	0.0	0.0	0.0	0.0	0.0	0.5	1.5	1.0	0.0	0.0	0.0	0.0
209075_HY55YBGXT_TCDM_1_E06_A27_1_2_o_TAGGCT_S45_trim1	5.0	4.5	6.5	11.5	14.5	15.0	17.5	30.5	50.0	63.0	73.5	88.0	105.0	119.5	130.5	150.5	172.0	191.0	225.0	272.5	324.0	387.0	464.5	583.5	745.0	954.5	1377.0	1923.5	2531.0	3179.0	4003.0	5301.0	6739.5	8041.0	9532.0	11394.0	13151.0	14916.0	16974.0	19183.5	21516.0	23587.0	25146.5	26396.0	27280.5	27647.5	28066.0	28517.5	29591.5	30488.5	30423.5	28623.5	26188.5	26282.0	29038.5	34529.5	43723.5	52784.0	58264.0	56142.5	44530.5	32505.0	22210.0	12897.0	7923.5	5734.5	4260.5	3645.0	3602.0	3065.0	1968.5	1211.5	729.5	367.0	229.0	180.0	156.5	135.0	109.0	91.0	74.5	53.0	36.0	27.5	21.5	16.0	12.0	9.5	5.5	1.0	0.0	0.0	0.0	0.0	1.0	3.5	3.0	0.5	0.0	0.0	0.0
209076_HY55YBGXT_TCDM_1_F06_X5_31_3_o_CTCCAT_S46_trim1	1.0	2.0	8.5	16.5	21.5	33.5	49.0	68.0	109.5	148.0	192.0	246.0	281.0	351.5	424.0	478.5	534.0	557.5	583.5	615.0	633.0	633.5	633.0	642.5	655.0	694.5	770.5	856.5	964.5	1100.0	1310.0	1588.5	1842.5	2111.0	2521.5	2994.5	3334.5	3628.5	4052.5	4448.0	4777.0	5220.0	5596.5	5927.0	6182.5	6308.5	6472.5	6562.0	6777.5	6795.5	6638.0	6392.5	6143.0	6270.5	6719.5	7775.5	9700.5	11602.5	12599.5	11986.0	9290.0	6403.0	4156.0	2441.0	1563.5	1099.5	815.0	690.5	673.0	556.5	336.5	194.0	114.0	56.0	36.0	28.5	22.5	19.0	14.0	11.5	11.5	10.5	11.0	9.5	5.5	3.5	2.0	1.0	0.5	0.0	0.5	0.5	0.0	0.5	1.0	1.0	0.5	0.0	0.0	0.0	0.0
209077_HY55YBGXT_TCDM_1_G06_X5_31_2_o_GCATGG_S47_trim1	3.0	4.0	7.0	9.5	9.5	9.0	11.0	18.5	28.0	33.0	33.0	37.5	45.5	58.0	69.5	78.5	89.0	106.5	133.0	148.0	167.5	205.5	243.5	301.5	398.0	505.0	657.0	859.0	1109.5	1396.0	1757.5	2260.5	2829.0	3438.0	4108.0	4887.0	5590.0	6120.0	6769.0	7365.0	7897.5	8433.0	8870.5	9314.5	9579.0	9707.5	9922.0	10099.0	10302.0	10320.5	10001.0	9261.5	8348.5	8113.5	8468.0	9236.5	10714.0	12268.5	13617.5	13434.0	10725.5	7819.5	5295.5	3182.5	2198.0	1653.0	1200.5	986.0	902.5	737.0	505.5	343.5	215.0	107.0	68.5	47.0	30.0	28.0	29.0	24.5	16.0	10.0	6.0	3.0	3.0	1.5	0.0	0.5	0.5	1.0	1.0	0.0	0.0	0.0	0.5	0.5	0.0	0.0	0.0	0.5	1.0
209078_HY55YBGXT_TCDM_1_H06_C64_1_3_i_AATAGC_S48_trim1	44.0	49.0	128.5	257.5	339.5	435.5	653.5	1032.5	1459.0	1925.0	2488.5	3113.0	3766.0	4562.5	5435.0	6273.0	7115.5	8093.0	9414.5	10987.5	12974.5	15518.0	19288.0	25095.0	33392.0	45707.0	62694.0	81737.0	105392.0	130613.5	162186.0	209269.0	260533.5	300245.0	328698.0	347709.5	354918.0	363514.5	379089.5	380435.0	372338.5	371355.0	374966.0	383147.0	391606.5	401196.0	421541.5	461992.5	526504.5	561058.5	528285.5	448442.5	363535.5	316226.5	289616.5	254766.0	217033.0	191389.0	169395.0	148126.0	122455.5	94262.0	69772.5	45950.0	31200.5	23593.5	16704.5	12594.5	10335.5	7778.0	5184.5	3483.0	2395.0	1494.0	1011.5	781.5	613.5	506.5	404.0	304.0	229.5	170.5	125.0	89.5	66.0	43.5	22.0	16.0	13.5	7.5	4.5	3.0	6.0	12.0	24.5	37.0	23.5	4.5	0.5	0.5	0.0
209079_HY55YBGXT_TCDM_1_A07_A20_1_2_i_GTGCCA_S49_trim1	16.0	15.0	45.0	95.0	117.0	124.0	158.5	237.0	331.0	417.0	515.5	669.5	840.5	1011.0	1187.0	1405.5	1735.5	2206.0	2896.0	3861.5	5252.5	7117.0	9826.5	14194.5	20975.0	31571.0	47445.5	67396.0	93730.5	122500.5	162364.5	225321.0	294445.5	343994.0	369677.5	381018.0	383538.0	388029.0	396650.5	392831.0	377685.5	366253.0	360582.0	359139.5	358597.0	354539.5	351166.0	363226.0	391048.0	392360.0	355950.0	299281.5	238576.0	200143.0	171290.0	142796.0	124534.5	114217.0	103741.5	89298.0	69438.0	50104.5	35325.0	23206.0	15417.0	10965.0	7338.0	5090.5	3799.0	2622.0	1694.5	1167.5	834.5	541.5	366.0	259.0	195.0	164.5	121.5	94.0	73.5	54.0	37.0	25.5	19.5	10.5	3.5	2.5	3.0	3.0	4.5	4.5	5.5	9.0	25.0	49.5	37.0	9.0	1.5	0.0	0.0
209080_HY55YBGXT_TCDM_1_B07_A20_1_3_i_TCGAGG_S50_trim1	29.0	32.0	65.5	113.0	134.0	148.0	177.0	235.5	312.0	400.0	511.5	639.5	801.0	1006.5	1272.0	1678.0	2213.0	3012.5	4101.0	5604.5	7690.0	10107.5	13990.5	20747.5	31056.5	46615.0	66917.5	89183.0	116863.0	142879.0	177303.5	235503.5	300303.5	347092.0	370894.5	380364.0	379550.0	378397.0	382058.5	371640.0	347080.5	328700.0	314925.0	307704.0	304982.5	305238.5	319046.0	348216.0	388062.0	402919.0	377776.0	323293.0	267157.5	236969.5	216369.5	184627.0	144950.5	117618.0	98398.0	82912.5	66593.0	48428.5	35076.5	24532.5	17976.5	14097.5	10361.5	7919.5	6040.0	4190.5	2996.5	2287.0	1754.5	1257.0	969.0	726.5	514.0	374.5	245.0	166.5	130.5	101.5	72.5	54.5	38.0	22.0	17.0	11.0	6.0	4.5	4.0	6.0	7.5	7.0	23.5	50.5	39.5	12.0	3.5	0.5	0.0
209081_HY55YBGXT_TCDM_1_C07_A20_1_3_o_CACTAA_S51_trim1	28.0	43.5	116.0	213.0	307.5	479.5	781.0	1225.0	1814.0	2541.5	3443.5	4452.5	5444.5	6465.5	7459.0	8401.5	9319.0	10108.5	10749.5	11588.5	12873.0	14495.5	17193.5	21943.5	29374.0	41621.0	59581.0	81258.0	111470.0	145028.5	192934.5	272868.0	362240.5	421936.5	443661.5	447340.0	444836.0	443003.5	443235.5	431094.0	406305.5	381907.0	358503.5	342820.0	333355.5	321773.0	308766.0	304919.0	312069.0	300999.5	269110.5	226218.5	177966.0	144327.0	120594.0	99835.5	86686.5	78947.5	68614.5	54653.0	40517.0	28934.5	20457.0	13711.5	9339.0	6720.5	4640.5	3352.5	2450.5	1672.5	1121.5	780.5	540.0	333.0	215.0	152.5	127.0	110.0	80.0	56.5	41.5	28.5	22.5	19.5	17.5	12.0	8.0	8.0	8.0	6.5	4.5	4.5	9.0	16.0	32.5	56.0	40.0	7.0	0.0	0.0	0.0
209082_HY55YBGXT_TCDM_1_D07_A27_1_3_o_GGTATA_S52_trim1	51.0	51.0	85.5	138.0	169.5	210.5	285.5	438.0	626.0	816.0	1064.0	1357.5	1674.0	2079.5	2514.5	3028.5	3681.5	4541.5	5671.0	7259.0	9592.0	12413.0	16699.0	23858.5	34478.5	49698.0	70349.5	95865.5	130460.5	161831.5	195644.0	250124.0	311944.0	360752.0	394365.5	418546.0	427876.5	434717.5	444770.5	436170.5	413819.5	395818.0	380040.0	370469.5	360151.0	345342.5	340724.5	352209.0	376410.5	380282.5	353677.5	304697.0	251040.0	218077.0	189912.5	155384.5	122362.0	99839.0	82303.0	67693.0	53757.5	37842.0	26430.0	18586.5	13645.5	10537.5	7467.5	5429.5	3962.0	2667.0	1845.5	1340.5	996.0	706.0	561.0	441.0	322.5	258.0	182.5	120.5	82.5	57.5	40.0	26.5	18.0	13.0	10.0	9.5	10.0	8.0	4.5	3.5	8.0	15.0	39.0	65.0	41.0	7.5	1.5	0.0	0.0
209083_HY55YBGXT_TCDM_1_E07_A27_1_1_o_CGCCTG_S53_trim1	12.0	13.0	37.0	69.0	84.5	97.5	122.5	177.5	269.5	354.5	433.5	518.0	600.0	721.0	872.5	1046.5	1306.5	1709.0	2288.5	3025.5	4115.0	5652.5	7992.5	11721.5	17209.0	25604.5	38602.0	55575.5	77851.5	98539.0	122259.0	160377.0	203551.0	238484.0	265203.0	286196.5	297145.0	308299.0	323937.5	327140.0	319180.5	314498.5	312292.0	311103.0	308033.5	299518.0	293007.0	299013.5	320886.0	341265.0	338865.5	311681.5	271910.0	250762.0	265344.0	255541.5	219641.5	200268.5	173054.5	139113.0	109888.0	88273.0	69574.0	46086.0	30407.0	23272.5	17338.5	14005.0	10537.5	6826.5	4384.5	2863.5	1867.0	1091.5	714.0	539.0	445.5	400.5	316.5	240.0	197.5	149.5	109.5	79.5	56.5	39.0	30.5	24.5	11.5	6.0	4.0	5.0	9.5	10.5	29.0	47.5	33.5	20.0	19.0	35.0	52.0
209084_HY55YBGXT_TCDM_1_F07_X5_31_1_i_AATGAA_S54_trim1	43.0	60.5	144.0	267.0	387.0	554.0	819.5	1279.5	1960.5	2754.5	3637.5	4582.0	5524.5	6613.5	7765.0	8878.0	9977.0	11091.0	12261.0	13320.5	14430.0	15924.0	18136.5	21865.0	27559.5	35963.5	48273.5	63522.5	83324.0	102385.5	125803.5	163329.5	204725.5	237316.5	260377.5	276346.0	283806.0	293837.0	310183.0	314934.5	310480.0	308442.5	309348.0	314983.0	320368.0	324775.5	336447.5	358947.0	393697.0	416201.0	404485.0	362040.5	313856.0	293531.0	294178.5	275143.5	233346.0	201083.0	176332.0	161635.0	140115.0	104016.0	74826.5	50564.0	36319.0	29497.5	22409.5	17334.0	13049.0	8955.5	5743.0	3785.5	2840.0	2073.5	1648.0	1315.0	1009.0	846.0	586.0	358.0	260.0	186.0	135.5	99.0	70.0	51.0	39.5	27.0	19.5	12.5	6.5	5.5	7.0	10.0	25.0	44.0	29.5	7.0	1.5	0.5	1.0
209085_HY55YBGXT_TCDM_1_G07_X11_57_1_i_ACAACG_S55_trim1	27.0	34.0	96.0	193.5	274.0	379.0	559.5	853.0	1244.5	1696.5	2186.5	2860.0	3631.5	4359.0	5067.5	5861.0	6782.0	7610.0	8499.5	9687.0	11161.0	12986.0	15798.0	20469.5	27419.5	38370.5	53764.0	72017.5	96152.0	118688.5	145970.0	191462.5	240380.5	276081.0	300441.0	318915.0	328255.5	336962.5	349936.0	347075.0	332072.5	324117.5	322484.0	325110.0	327818.0	331010.5	349395.0	389042.5	441175.0	460049.5	427876.0	362262.0	295139.0	255515.5	225644.5	190149.5	153031.0	128076.5	109146.5	94675.5	78031.5	55216.5	38081.5	26299.0	18966.0	14303.0	9908.0	7039.0	4933.5	3218.0	2187.0	1574.5	1202.0	865.0	642.5	456.0	312.0	234.5	172.0	133.0	101.5	78.5	63.0	46.0	28.5	18.0	13.5	10.0	8.5	7.0	5.5	3.5	6.0	11.5	23.5	49.5	37.0	5.0	1.0	0.5	1.0
209086_HY55YBGXT_TCDM_1_H07_X2_45_2_i_ATATCC_S56_trim1	39.0	42.5	93.5	175.0	228.5	291.5	430.0	679.0	979.0	1287.0	1648.0	2078.5	2486.0	2921.0	3424.5	3984.5	4561.0	5129.5	5733.5	6541.5	7735.5	9308.5	11663.5	15539.5	21342.5	29647.0	42190.0	59717.0	85332.5	113666.0	150701.0	207070.5	268151.5	313391.0	338510.5	349140.5	350434.5	359176.0	374673.5	373522.5	358737.0	344602.5	334904.5	330487.0	326431.0	320493.0	316981.5	327318.5	351373.5	355820.5	329482.5	281232.0	228064.5	196735.5	175749.0	154025.0	139432.0	129591.5	113202.5	91847.0	70278.0	50159.0	35471.5	24809.0	17728.0	13173.5	8935.5	6254.0	4724.5	3323.5	2211.0	1513.5	1065.0	650.0	388.0	261.5	184.0	143.5	112.0	75.5	55.0	42.5	33.5	25.5	14.5	9.5	7.5	5.5	5.0	4.0	3.0	4.0	7.5	11.5	26.0	47.5	33.5	7.0	2.0	0.5	0.0
209087_HY55YBGXT_TCDM_1_A08_X2_45_2_o_AGTACT_S57_trim1	45.0	49.5	102.0	176.5	218.5	260.0	350.5	538.5	797.5	1074.5	1373.5	1766.5	2178.0	2674.0	3297.5	3969.5	4742.5	5713.0	7096.5	8815.0	11035.0	13718.0	17574.5	24176.0	34456.5	49281.0	67967.5	88605.5	116898.5	144675.5	176867.5	226173.5	278981.0	319964.0	346572.5	359374.0	360873.5	362917.0	369129.0	364228.0	348886.0	336525.5	326147.5	323001.0	322019.5	319480.0	328519.5	354989.0	400419.5	437035.0	431167.0	381962.5	321814.0	294771.0	304403.0	294090.0	254858.5	225381.0	193902.5	159576.5	126095.5	97858.0	73565.5	45463.0	27768.0	19947.5	14246.5	11789.0	10518.0	8244.0	5495.5	3620.5	2378.5	1381.5	944.5	741.5	635.0	610.5	538.5	465.5	392.0	295.5	217.5	154.5	110.5	65.0	38.5	30.5	22.0	15.0	8.5	5.0	9.5	16.5	28.0	46.0	34.0	9.0	2.0	0.5	0.0
209088_HY55YBGXT_TCDM_1_B08_X2_45_1_i_ATAAGA_S58_trim1	65.0	87.5	194.0	354.5	541.0	841.0	1315.0	1994.0	2952.5	4141.0	5477.0	7004.5	8522.5	10143.0	11783.5	13059.0	14134.0	15298.0	16582.5	17856.0	19457.5	21575.5	24896.5	30859.5	40343.0	55211.0	76425.0	103607.0	143736.5	184880.0	234388.5	312655.0	398827.0	464706.0	499559.5	503699.5	492208.5	490673.0	498109.0	477081.0	434795.0	401939.0	377769.0	364382.0	352904.0	340559.0	340452.0	359813.0	388246.5	386906.0	353346.0	302684.5	249891.5	219898.5	190833.5	152021.5	119287.0	97808.5	80093.5	64854.0	50891.5	36656.5	26591.5	19820.0	15344.5	11764.0	8235.5	5950.0	4362.5	2939.0	2045.0	1539.0	1140.0	755.0	488.5	299.0	207.5	168.5	122.0	92.5	73.5	42.5	26.0	21.5	16.0	14.0	11.5	9.0	7.5	8.0	8.0	9.0	17.0	24.5	52.0	86.0	58.0	14.5	3.0	0.0	0.0
209089_HY55YBGXT_TCDM_1_C08_X2_45_3_o_GGTGAG_S59_trim1	71.0	64.0	86.0	126.0	137.5	147.5	178.0	251.0	345.5	430.0	546.0	698.0	860.5	1106.5	1445.0	1962.0	2687.5	3639.5	5038.0	6991.0	9746.0	13313.5	18540.5	27200.0	40142.0	58466.0	81826.0	108215.5	144436.5	179871.0	219811.5	281647.0	347929.5	396863.5	425358.0	435604.5	432117.0	429607.0	430942.0	417222.5	391417.0	369085.5	349202.5	339896.0	334881.0	328814.5	334932.5	358763.5	396938.5	412000.0	386417.5	334101.5	279713.5	251879.5	230664.0	196438.5	158344.5	130575.0	110430.0	94577.0	76991.0	55804.5	40230.0	29632.5	23091.0	17892.0	12167.0	8511.0	6294.0	4342.0	3111.5	2334.0	1704.0	1114.0	797.0	602.0	448.0	356.0	282.0	213.5	162.0	116.5	79.0	51.0	33.0	24.0	22.5	22.0	13.5	8.0	6.5	3.5	6.0	9.0	26.5	52.5	38.0	9.0	3.0	1.5	1.0
209090_HY55YBGXT_TCDM_1_D08_X2_45_3_i_TTCCGC_S60_trim1	53.0	55.0	84.0	129.0	154.5	176.5	234.0	332.0	455.0	601.5	742.0	925.5	1237.0	1712.5	2294.0	3132.0	4245.0	5540.0	7449.5	10850.5	14900.5	19271.0	26552.5	38686.5	57380.0	83834.0	116081.0	153042.5	204059.5	250116.0	300692.5	379517.0	460971.5	522826.5	559467.0	567272.0	557652.0	556552.0	556791.5	522541.0	467672.5	424619.5	391702.0	371689.5	345760.5	314701.0	306093.0	320031.5	336732.5	325935.0	295034.0	252418.0	209966.0	191850.0	171534.0	138227.0	105158.5	80932.0	65713.0	55104.5	44379.0	31537.0	22898.0	17329.5	13528.5	10686.5	7552.5	5412.0	4032.5	2776.5	1910.5	1419.5	1101.5	789.5	643.0	544.5	397.0	258.0	148.0	82.5	53.5	44.5	34.5	20.5	15.5	16.5	13.0	8.5	8.0	4.5	2.5	3.5	5.5	10.0	39.5	71.0	46.5	10.5	1.5	0.0	0.0
209091_HY55YBGXT_TCDM_1_E08_X2_45_1_o_GAAGTG_S61_trim1	3.0	3.0	3.5	3.5	3.0	3.5	4.0	4.5	6.0	7.0	9.0	11.0	9.0	8.5	11.0	11.0	14.0	19.5	22.0	23.0	29.5	37.5	41.5	52.0	70.0	93.0	135.5	181.5	232.0	285.5	376.0	527.5	655.0	733.0	805.0	852.0	850.0	840.5	866.0	865.0	834.5	798.5	740.0	739.0	743.0	724.0	736.5	739.0	764.0	740.5	660.5	636.0	632.5	615.5	597.0	630.5	706.5	735.0	704.5	630.5	521.0	435.5	347.5	263.0	227.5	192.0	131.5	83.5	58.5	43.5	37.0	31.5	26.0	21.0	14.5	9.0	6.5	4.5	2.5	2.5	3.0	2.0	1.5	3.5	4.0	3.0	2.5	1.5	1.0	0.5	0.0	0.0	0.0	0.0	0.0	0.0	0.0	0.0	0.0	0.0	0.0
209092_HY55YBGXT_TCDM_1_F08_X11_68_1_o_CAATGC_S62_trim1	1.0	2.0	4.0	7.0	10.5	15.5	27.5	44.5	65.5	94.0	108.5	124.5	178.5	234.5	276.0	314.0	342.0	350.0	361.5	373.5	375.0	381.5	385.5	384.5	371.0	371.5	402.5	463.5	536.5	585.0	640.5	764.5	896.0	988.0	1067.5	1114.0	1147.5	1167.5	1217.5	1238.0	1190.0	1144.0	1153.5	1196.5	1221.0	1238.0	1276.5	1333.0	1425.5	1465.0	1433.5	1341.5	1297.0	1391.5	1510.0	1649.5	1784.5	1859.0	1827.5	1685.5	1346.5	993.5	748.5	541.0	416.5	330.0	230.0	156.0	116.5	83.5	52.0	31.0	24.5	17.5	11.5	9.5	6.0	4.0	2.5	0.5	0.0	0.0	0.0	0.0	0.0	0.0	0.0	0.0	0.0	0.0	0.0	0.0	0.0	0.0	0.5	0.5	0.5	0.5	0.0	0.0	0.0
209093_HY55YBGXT_TCDM_1_G08_X11_68_1_i_ACGTCT_S63_trim1	18.0	19.0	54.0	117.0	152.0	171.5	220.5	320.0	435.5	533.0	654.5	845.0	1037.0	1250.5	1529.0	1874.0	2247.5	2754.5	3519.5	4456.5	5800.0	7629.0	10330.0	14744.5	21479.0	31840.0	46484.0	65040.0	90906.0	116573.5	148631.0	199864.5	256140.5	299702.5	328366.5	344706.5	349540.5	359132.0	376735.0	375471.0	358698.0	347312.0	342324.0	341552.0	337289.0	330441.5	336322.0	365814.0	414743.5	435828.5	406227.5	343381.5	276293.0	236006.0	205652.5	169422.5	138933.5	120921.5	104677.0	88539.5	70755.0	51539.0	36354.0	24224.5	16974.0	12903.0	9090.0	6523.5	4896.5	3434.0	2272.0	1580.0	1154.0	772.0	547.5	396.0	286.0	228.0	168.5	119.0	89.0	62.0	52.5	39.5	24.0	17.0	10.5	7.0	6.5	5.0	4.5	4.5	6.0	9.5	27.0	46.5	30.5	6.5	1.0	0.0	0.0
209094_HY55YBGXT_TCDM_1_H08_X11_68_3_i_CAGGAC_S64_trim1	21.0	23.0	61.5	121.0	150.0	172.0	233.0	347.0	467.5	590.5	758.0	956.5	1175.5	1409.0	1631.5	1932.0	2318.0	2745.0	3335.0	4114.5	5213.0	6786.0	9038.0	12654.5	18053.0	26261.0	38530.5	54917.5	77926.5	101956.5	133376.0	183161.0	238414.0	279356.5	300602.0	308540.5	309905.0	318978.5	337787.5	341857.0	330942.0	320693.5	313684.0	312340.0	311811.5	310690.0	318752.5	346244.0	389788.5	409844.5	386689.5	332992.5	273772.0	238926.5	216259.5	189283.5	168021.0	155247.5	137845.0	117408.5	93208.5	67578.5	47682.0	31561.0	22127.5	17178.5	12498.0	9486.5	7505.5	5429.5	3643.5	2538.5	1838.0	1182.0	741.5	483.0	324.5	240.0	182.5	134.0	99.0	72.0	54.0	39.0	29.5	20.5	13.0	9.5	6.0	5.5	5.0	2.5	6.0	10.5	26.0	54.5	43.0	10.5	2.0	0.5	0.0
209095_HY55YBGXT_TCDM_1_A09_X11_68_3_o_AAGCTC_S65_trim1	26.0	27.0	72.0	140.5	170.5	196.0	271.0	406.0	577.5	744.5	930.0	1154.0	1330.0	1535.0	1797.0	2094.5	2457.0	2836.0	3254.0	3784.5	4545.5	5552.0	6913.0	9045.0	12235.5	16847.0	23875.0	33071.5	45876.5	61263.5	82517.5	115100.5	151680.0	177173.5	188147.5	193378.0	196743.5	202329.5	210171.0	213066.5	211836.5	211060.5	211890.0	213678.5	214466.5	214503.5	216507.5	225912.0	245241.0	256445.0	245432.0	219006.0	192989.0	183244.5	186694.5	192445.0	210672.0	226957.0	216697.5	184603.0	138851.5	99556.0	68085.5	38297.0	21415.0	15124.0	10955.0	9162.0	8636.5	7107.5	4558.0	2821.5	1777.5	946.0	556.5	402.5	327.0	276.0	234.0	203.0	158.5	113.0	89.0	64.5	42.5	28.5	17.5	10.5	7.0	3.5	1.0	2.0	4.0	5.0	18.0	43.0	33.5	6.0	0.5	0.0	0.0
209096_HY55YBGXT_TCDM_1_B09_X11_68_2_o_GACGAT_S66_trim1	12.0	13.0	27.0	49.5	67.5	94.5	148.5	233.5	345.5	457.0	594.0	762.5	938.5	1181.5	1423.5	1622.5	1835.0	2148.0	2597.0	3175.5	4139.5	5401.0	7526.5	12018.0	20125.0	34484.0	54661.0	80113.5	117201.0	151654.5	199148.0	282067.0	378193.0	454851.5	497653.5	516830.5	518117.5	516705.0	521699.0	504951.5	466750.0	428513.5	390338.0	366090.5	346394.5	318101.0	292443.5	277757.0	264445.5	235321.0	206255.0	186416.0	170505.0	156543.0	135549.0	109953.0	95407.5	90262.0	80008.5	63979.5	44891.5	28857.0	18240.5	11223.0	7397.5	5352.0	3588.0	2605.0	1809.5	1185.0	865.5	671.0	535.5	384.5	265.5	180.5	133.0	99.5	65.0	50.0	41.0	28.5	21.0	17.0	13.0	9.5	6.0	4.5	2.0	1.0	3.0	6.5	12.5	21.5	64.5	112.0	74.0	16.0	3.0	0.0	0.0
209097_HY55YBGXT_TCDM_1_C09_A20_2_3_o_TCGTTC_S67_trim1	5.0	4.5	7.0	18.0	26.0	26.5	29.5	42.5	55.5	59.0	67.0	88.0	109.5	136.5	168.0	195.0	226.0	263.0	309.0	355.5	446.5	568.0	667.5	842.0	1084.5	1419.5	1925.5	2619.0	3585.0	4638.5	6149.5	8577.5	11311.5	13225.5	14223.5	14928.5	15701.5	16636.5	17755.0	18691.5	19167.5	19469.5	19672.0	20008.0	20742.0	21871.5	23150.5	24362.0	26296.0	27967.0	27793.0	26118.5	25224.5	26967.5	32448.5	44678.0	68869.5	92224.0	98545.0	84534.5	57175.5	34752.5	20776.0	11112.0	6185.5	4228.0	2999.5	2388.0	2217.0	1969.5	1524.0	1072.0	600.0	267.5	152.0	117.5	95.5	84.5	84.5	76.0	63.0	45.5	29.0	17.5	11.0	6.5	2.5	2.5	3.5	2.0	0.5	0.5	0.5	1.0	3.5	4.5	1.5	0.5	1.0	0.5	0.0
209098_HY55YBGXT_TCDM_1_D09_A03_2_1_o_CCAATT_S68_trim1	14.0	20.5	58.5	114.5	170.0	246.5	370.5	560.5	851.5	1214.5	1646.5	2138.0	2643.0	3191.5	3669.0	4121.5	4640.5	5191.0	5757.0	6467.0	7732.5	9316.0	11442.0	15412.5	21994.0	32224.5	47512.5	66990.0	92659.5	115969.0	142949.0	187248.0	236889.0	278302.0	306467.0	322465.5	328107.5	333195.5	341240.0	338966.0	327467.0	315495.5	304581.0	299961.5	301662.0	306749.0	312284.5	322292.0	344883.5	358793.5	348881.5	321721.0	297034.0	287589.0	287646.0	273739.0	241228.0	214583.5	186084.5	152904.0	119306.5	93657.0	72363.5	44962.0	27409.5	19993.5	14540.0	11910.0	9469.5	6662.0	4541.0	3195.5	2177.5	1334.5	948.5	742.5	611.5	527.5	419.0	334.0	258.0	180.0	145.0	106.0	68.5	48.0	32.5	25.0	17.5	11.0	5.5	3.5	8.0	11.0	32.0	62.0	41.0	7.0	1.5	0.0	0.0
209099_HY55YBGXT_TCDM_1_E09_C17_2_3_o_AGTTGA_S69_trim1	21.0	22.0	66.0	138.5	177.5	206.0	268.5	412.5	598.0	753.0	930.5	1173.0	1395.5	1655.0	1947.0	2246.0	2620.0	3079.0	3655.0	4417.0	5617.5	7255.0	9705.5	13811.5	19943.0	28921.0	42099.0	59349.0	83648.5	109784.0	143371.0	194785.5	249904.5	291674.5	319414.5	335759.5	340259.5	343098.0	347262.0	337761.0	316121.5	298065.0	287013.0	278646.0	268720.0	261116.5	258957.5	271873.0	300876.5	309157.0	286089.0	246297.0	205616.0	185718.0	173394.5	155654.0	147216.5	144129.0	129969.0	106318.0	79960.0	59064.0	42344.0	27034.5	17906.0	13077.0	9291.5	7160.5	5782.0	4454.5	3290.0	2446.5	1801.0	1262.0	961.5	800.5	712.0	650.0	566.5	500.5	423.0	324.0	269.5	196.0	117.0	81.0	64.5	60.5	41.5	16.5	8.5	6.5	9.0	10.5	23.0	44.5	31.0	6.0	1.5	0.5	1.0
209100_HY55YBGXT_TCDM_1_F09_A03_2_1_i_AACCGA_S70_trim1	36.0	41.0	115.5	224.0	304.0	420.5	625.0	924.5	1324.5	1803.0	2338.0	3000.5	3674.0	4423.5	5219.0	5989.0	6861.5	7752.0	8787.0	10200.5	12257.0	14864.5	18583.0	24585.5	33997.5	48163.0	67663.0	92097.5	125610.0	157128.5	191958.0	246259.5	305520.0	352187.0	381937.0	394391.0	394024.0	395424.0	400609.5	392218.5	372990.0	356451.5	341379.0	333245.5	329543.5	325334.5	325579.0	335716.5	354597.5	356260.5	334340.5	296320.0	257243.0	236965.5	218545.0	187983.5	154940.0	131425.5	110793.0	92697.5	74671.5	54292.5	39770.0	29443.5	22626.0	17832.0	13146.5	9962.5	7543.5	5275.0	3683.0	2765.0	2080.0	1446.5	1074.5	739.5	514.0	411.5	277.5	169.5	127.0	102.0	76.5	50.0	42.0	38.5	31.5	22.0	12.5	6.5	4.5	4.5	8.0	15.5	49.5	78.5	48.0	11.5	3.5	2.0	2.0
209101_HY55YBGXT_TCDM_1_G09_C14_2_1_i_CAGATG_S71_trim1	23.0	22.5	73.0	157.5	202.5	240.0	316.0	476.0	672.5	852.0	1067.5	1311.5	1567.0	1903.5	2226.5	2572.0	3002.0	3528.5	4182.0	4976.0	6272.0	8137.0	10918.5	15324.0	21680.0	30791.0	43141.0	60083.0	86130.5	113020.5	145315.5	193290.0	245495.0	289649.0	323910.5	347646.5	357274.5	365998.5	377389.0	371500.5	354000.5	340763.5	331604.0	328426.5	325785.5	325332.5	333555.0	356768.0	393134.5	396539.5	361698.5	306459.5	248626.5	215998.0	185308.0	149789.0	123591.5	106494.0	91697.0	78307.5	63257.0	45080.0	32021.5	24163.5	18941.5	14530.0	9864.0	6687.5	4814.5	3322.0	2486.5	1978.0	1547.0	1149.5	815.5	585.0	483.5	419.5	333.5	261.5	214.5	175.5	155.5	120.0	83.5	69.0	55.0	39.0	27.5	18.0	11.5	10.0	11.5	11.5	30.5	53.5	35.0	7.5	1.0	0.0	0.0
209102_HY55YBGXT_TCDM_1_H09_A20_2_2_i_GTAGAA_S72_trim1	24.0	26.5	84.5	178.5	231.5	275.5	380.0	576.5	814.0	1049.0	1349.5	1703.0	2026.5	2375.0	2715.0	3134.5	3598.0	4033.5	4582.0	5259.0	6253.5	7635.5	9513.5	12573.5	17230.5	24394.5	35481.0	49544.5	68412.0	89361.5	117729.0	163473.0	216081.0	254456.5	274730.0	285022.0	288066.0	292894.5	304275.5	307230.0	299831.0	294776.5	294417.0	296530.0	299483.5	303420.5	312442.0	335393.0	374434.5	391400.5	365809.5	313572.5	258092.0	227305.0	209423.5	190097.0	178486.5	171218.5	154604.5	130230.5	100997.5	73450.0	51608.5	32987.5	21627.5	15724.0	10829.0	7835.5	6157.5	4547.0	3023.0	1979.5	1313.5	788.5	514.0	354.0	269.0	223.5	175.5	131.5	97.5	67.5	51.0	36.0	22.0	14.0	8.0	9.5	10.0	6.5	5.5	4.5	7.0	10.5	25.5	45.0	28.5	5.0	1.0	0.0	0.0
209103_HY55YBGXT_TCDM_1_A10_A20_2_1_o_GACATC_S73_trim1	29.0	34.5	90.0	165.5	208.0	266.5	388.0	601.0	869.5	1130.0	1408.5	1796.5	2211.5	2617.0	3059.0	3586.0	4278.0	5151.0	6178.5	7539.5	9530.0	12227.5	16484.5	23612.5	34334.0	50589.5	73500.5	101914.5	139129.5	175597.0	221584.5	296250.5	377323.0	434226.5	463283.5	474889.0	475113.5	474366.5	473669.5	459358.5	435645.0	415995.5	400321.0	391399.0	383933.0	371549.5	363252.0	369993.5	387543.5	380318.5	343180.5	293704.5	245902.5	215998.5	200109.5	179128.5	162269.5	156221.0	137487.0	109544.0	80176.5	55702.5	38197.0	24270.5	15690.0	11105.5	7640.5	5751.5	4446.5	3212.0	2309.5	1630.0	1085.5	637.0	371.5	250.5	200.5	167.5	136.5	106.0	81.0	56.5	40.5	25.0	18.5	15.0	12.0	9.5	4.5	1.5	4.0	6.5	6.0	8.0	37.0	65.5	43.0	11.0	1.5	0.0	0.0
209104_HY55YBGXT_TCDM_1_B10_C14_2_2_o_CGATCT_S74_trim1	27.0	30.0	108.5	227.0	279.0	312.0	403.0	627.5	898.0	1070.5	1251.0	1533.0	1847.0	2191.0	2535.5	2944.0	3411.5	3926.5	4533.5	5213.5	6213.0	7723.0	9733.5	12677.5	16764.0	22029.5	29413.5	39681.0	54862.0	72168.0	92829.5	122218.5	154029.5	180665.0	203948.0	224014.5	236717.5	245774.0	253758.5	255857.0	254681.5	255074.0	258112.5	261357.5	261395.0	262726.5	268561.0	284539.5	313171.0	322154.5	298410.0	256749.5	213751.0	191380.5	173876.0	152846.0	143718.5	139590.0	129481.0	110801.5	85540.0	62911.5	45678.5	31389.5	21943.5	16234.0	11464.0	8617.5	7030.0	5435.0	3945.0	2874.0	2132.0	1497.0	1098.0	892.5	773.5	683.5	597.5	502.0	400.0	317.5	276.0	213.0	145.0	104.0	82.0	73.5	48.5	23.0	18.0	15.0	13.5	10.0	20.0	37.5	26.0	6.0	1.0	0.5	0.0
209105_HY55YBGXT_TCDM_1_C10_A04_2_3_o_CGTCGC_S75_trim1	11.0	11.0	39.0	82.0	98.0	103.0	125.0	198.0	300.5	357.5	394.0	481.0	564.5	637.5	729.0	841.0	991.0	1192.0	1454.0	1762.0	2223.0	2885.5	3763.5	5122.5	7086.0	9746.5	13647.0	18888.0	26300.0	34854.5	45339.5	59916.5	75329.0	87610.0	97686.0	106407.5	112139.5	116352.5	120156.0	121535.0	121651.5	122225.0	122819.0	123663.5	124084.5	123459.5	122393.0	125728.0	135146.5	138409.0	129991.0	114696.5	98692.5	89473.0	81770.0	72967.0	68619.5	66312.5	61825.5	53127.0	41370.5	31156.5	23245.5	16638.5	12520.0	10114.0	7859.0	6332.0	5394.5	4281.5	3047.0	2217.5	1649.5	1135.0	748.5	457.0	288.0	192.5	134.0	85.5	60.0	43.0	33.5	26.5	17.0	12.0	12.0	11.0	6.5	3.5	3.5	4.5	5.5	5.5	12.5	19.5	17.5	15.5	23.5	54.5	78.0
209106_HY55YBGXT_TCDM_1_D10_A04_2_1_o_ATGGCG_S76_trim1	17.0	15.5	14.0	17.5	21.5	23.0	26.0	36.5	47.0	57.0	71.5	81.5	93.5	112.0	131.0	145.5	160.5	187.5	225.0	269.5	339.0	438.0	580.5	795.0	1042.0	1385.5	2015.0	2887.0	4126.5	5460.5	6933.5	9074.5	11373.0	13215.0	15019.5	16419.5	17046.0	17710.0	18232.5	18031.5	17376.5	16848.0	16250.5	15588.0	14978.0	14105.0	13296.0	13239.0	13842.5	13990.0	13194.5	11683.5	10098.0	9378.5	9233.5	9320.5	10768.5	12513.5	13042.0	11796.0	8933.5	6312.0	4244.5	2857.0	2252.5	1739.5	1182.5	836.5	657.0	486.0	342.5	255.0	177.5	109.0	71.5	45.5	35.0	35.0	26.5	14.0	7.0	4.5	3.5	4.0	4.0	3.0	2.5	1.5	0.5	0.5	1.0	0.5	0.5	1.0	2.0	4.0	2.5	0.0	0.0	0.0	0.0
209107_HY55YBGXT_TCDM_1_E10_A04_2_1_i_ATTGGT_S77_trim1	10.0	9.5	19.5	42.0	54.0	57.5	69.5	115.0	166.5	187.0	223.5	279.0	316.5	344.5	387.5	465.5	563.0	678.0	800.5	959.5	1189.5	1501.5	1913.0	2477.5	3307.5	4431.5	6117.0	8501.5	11865.0	15575.5	19796.0	25546.5	31776.5	37325.5	42288.0	46417.0	48772.0	50067.5	51161.5	51649.0	51366.5	50520.0	49655.0	49050.0	48235.0	46684.5	44937.0	45040.5	47034.0	46978.5	43726.0	38558.0	33138.0	29933.5	27785.0	26296.0	26945.0	27944.0	27448.0	24332.0	18678.5	13482.5	9505.0	6424.0	4743.5	3556.0	2413.0	1773.0	1437.5	1097.5	733.0	475.5	323.0	186.0	112.5	88.0	71.5	54.5	37.0	21.0	18.5	15.0	11.5	6.5	3.0	2.5	2.0	1.5	1.5	1.5	0.5	0.0	0.5	1.0	3.5	7.5	5.0	0.5	0.0	0.0	0.0
209108_HY55YBGXT_TCDM_1_F10_A04_2_3_i_GCCACA_S78_trim1	15.0	16.5	56.5	115.5	140.5	163.5	234.5	375.0	538.5	673.0	831.5	1042.5	1238.0	1462.0	1712.0	1918.0	2145.5	2399.0	2663.5	2939.5	3250.5	3713.0	4469.5	5609.0	7031.0	8934.0	11999.0	16254.5	22406.5	29501.5	37996.0	49664.0	62125.5	72435.0	80490.0	86906.0	91211.5	95238.0	100102.5	103602.5	105700.5	108130.5	111329.5	114409.5	116892.0	118448.0	119610.5	124660.0	135189.0	139586.0	131820.0	116675.0	100434.0	91328.0	85484.0	80396.0	81326.0	83454.0	80641.0	71249.5	56198.5	42071.5	30460.5	20185.0	13836.5	10390.5	7354.0	5427.0	4456.0	3435.5	2289.0	1472.5	977.0	576.0	359.5	252.0	189.5	159.5	123.0	96.5	71.0	49.0	39.0	25.5	14.0	8.5	6.0	5.0	4.0	2.0	1.0	2.0	4.5	6.5	11.0	10.5	6.0	3.5	0.5	0.0	0.0
209109_HY55YBGXT_TCDM_1_G10_A20_2_1_i_CATCTA_S79_trim1	21.0	27.0	82.0	176.5	246.5	329.5	455.0	642.0	929.0	1251.0	1587.5	2012.5	2483.0	3040.0	3560.5	4035.0	4616.0	5316.0	6081.0	7001.0	8519.0	10506.0	13198.0	17712.0	24570.0	35101.5	50557.5	70227.0	96829.0	124575.5	161755.5	221853.0	288331.0	336626.5	361779.5	370145.0	367920.0	369631.5	378824.0	373088.5	353650.5	338997.0	330466.0	327255.0	325134.5	323489.0	328477.0	348252.0	379674.0	383944.0	351368.0	296590.5	238213.5	203517.0	178987.0	152304.0	131529.0	118351.0	103067.5	85147.5	66610.5	49041.0	35121.0	23872.5	16596.0	12166.0	8248.5	5790.0	4310.0	3022.5	2084.0	1480.0	1076.0	707.5	442.5	305.5	238.5	194.5	157.0	111.5	85.0	59.5	40.5	29.5	20.0	11.0	6.5	4.5	3.0	2.0	2.5	2.0	8.5	18.5	33.0	45.5	29.0	8.0	2.0	0.0	0.0
209110_HY55YBGXT_TCDM_1_H10_A04_2_2_o_AACAAG_S80_trim1	38.0	54.0	159.5	312.0	442.0	616.5	948.5	1529.5	2282.5	3113.0	4080.5	5221.5	6286.0	7400.0	8594.0	9631.0	10529.0	11130.5	11551.0	11957.0	12294.5	12780.5	13463.5	14407.5	15870.0	18277.0	22473.0	28329.5	36845.5	46651.0	58518.5	75776.0	95014.5	111113.0	125358.0	138109.5	146831.0	155317.0	165448.0	173347.5	179276.5	185927.5	193388.5	200849.0	207709.5	212887.5	217828.5	229554.5	252233.0	267342.5	257067.0	227037.0	194156.0	180116.0	185007.0	196129.0	217966.0	232872.5	217712.0	181000.5	138003.5	104846.5	76966.5	47204.0	28561.5	20488.5	14767.5	11977.5	10806.0	9022.5	6223.5	3887.5	2381.0	1298.5	762.0	561.0	462.5	400.0	336.5	271.0	203.5	143.5	105.0	73.0	56.0	38.0	26.0	23.0	18.5	13.0	9.0	6.0	4.5	5.5	11.5	24.0	23.0	8.5	1.0	0.0	0.0
209111_HY55YBGXT_TCDM_1_A11_A04_2_2_i_GCAGCC_S81_trim1	17.0	17.5	48.0	95.5	119.5	131.5	169.5	236.0	296.5	371.0	464.0	599.0	740.5	901.5	1120.0	1336.5	1574.5	1911.5	2474.5	3393.5	4692.0	6384.0	9147.0	13806.5	21128.0	32729.0	50490.0	74279.5	106974.0	138180.5	175288.0	235445.5	304708.5	359335.0	391268.0	401168.5	396772.0	395617.5	399169.5	388037.5	362355.5	337517.5	314863.5	302137.5	292034.5	276037.5	267013.5	274859.5	291549.5	287561.0	262427.0	225433.0	188319.0	168285.0	158309.5	141041.0	120974.0	110135.5	93757.0	72472.5	52932.0	37330.5	26367.0	17168.0	11357.0	8555.5	6263.0	4802.5	3737.0	2653.5	1746.0	1225.0	853.0	533.5	364.0	254.0	187.0	143.5	108.0	86.5	68.0	45.5	36.0	27.5	14.5	13.5	15.5	11.5	8.5	6.5	5.0	5.5	9.0	12.5	36.5	65.0	43.5	17.0	12.0	21.5	35.0
209112_HY55YBGXT_TCDM_1_B11_A20_2_2_o_ACTCTT_S82_trim1	32.0	31.5	74.5	141.5	186.5	240.0	349.5	528.5	756.5	991.5	1228.0	1553.0	1932.0	2334.5	2712.5	3148.0	3699.0	4423.0	5483.5	6917.5	8950.5	11492.0	15404.0	22389.0	33142.5	49459.0	72068.0	98376.5	131794.5	164014.0	206116.0	278031.0	358109.0	414486.0	444381.5	457845.0	457280.0	451454.5	445190.5	426174.0	398749.0	377666.0	360675.5	350969.0	342298.0	331222.5	329907.5	347397.0	375942.0	373777.0	337327.0	287189.0	236805.0	205375.0	181320.5	149962.5	122290.5	106405.0	90034.5	72173.5	54292.5	37987.5	27026.0	19409.0	14198.0	10540.5	7323.0	5195.0	3575.0	2250.5	1557.5	1142.0	823.0	533.0	337.5	220.0	156.0	128.0	99.5	67.5	48.0	36.0	27.0	17.0	9.5	9.5	11.5	12.0	10.5	9.5	8.0	6.0	12.0	18.0	42.0	66.5	42.5	10.5	1.5	0.0	0.0
209113_HY55YBGXT_TCDM_1_C11_C17_2_1_i_TGCTAT_S83_trim1	24.0	25.5	57.5	111.0	141.5	164.5	225.5	369.5	537.5	659.5	823.5	1056.5	1284.0	1530.5	1784.0	2059.0	2376.0	2785.5	3347.5	4147.5	5291.0	6871.5	9276.0	13326.0	19805.0	29675.5	43995.0	62279.0	88837.5	117225.0	153903.5	211138.5	273512.0	320694.0	350044.0	364755.0	365301.5	366473.0	373640.5	363439.0	339551.5	322667.5	314288.5	310885.5	304692.0	298016.5	294165.5	306256.0	334778.5	337350.0	307319.5	255826.5	198502.5	164897.0	142089.5	118623.0	102447.0	92607.5	79160.0	63004.5	48001.0	34759.5	24742.5	17228.5	12215.5	8946.0	6104.0	4294.5	3321.5	2516.0	1930.5	1519.5	1134.0	783.5	588.0	480.5	428.0	388.5	356.0	329.0	264.5	201.5	165.5	119.5	81.5	63.0	53.5	50.5	31.0	11.0	6.5	6.0	9.5	9.5	17.5	39.0	29.5	5.5	1.0	0.0	0.0
209114_HY55YBGXT_TCDM_1_D11_A03_2_3_i_AAGTGG_S84_trim1	33.0	35.0	54.5	82.5	96.0	114.0	153.5	221.5	328.0	426.0	527.0	664.0	818.0	1023.0	1276.5	1577.0	1970.5	2550.5	3420.5	4885.5	7106.0	9753.5	13885.0	21077.0	32896.0	52679.0	82270.0	121605.5	177453.0	226581.0	283034.5	376894.0	479145.5	563465.0	614038.0	623101.5	611214.5	606581.5	606224.5	579923.5	529574.5	473282.0	412413.0	374567.5	348253.5	313681.0	285655.5	272204.5	262163.5	234589.0	204621.5	174579.0	144778.0	125849.0	107485.5	89092.5	78565.0	73532.0	62849.0	47210.0	32501.0	21955.5	16079.0	12230.5	9389.0	7186.5	4963.0	3567.0	2594.5	1821.0	1335.0	1034.0	756.5	475.0	322.0	207.0	142.5	108.5	74.5	57.5	39.5	27.5	22.0	14.0	11.0	8.0	3.5	2.5	3.0	3.0	4.0	6.5	13.5	20.5	58.5	108.0	69.5	11.0	2.0	0.0	0.0
209115_HY55YBGXT_TCDM_1_E11_C14_2_3_i_CTCATA_S85_trim1	12.0	19.0	52.5	107.0	148.5	194.5	290.0	459.5	661.0	882.5	1160.0	1482.5	1784.5	2079.0	2415.5	2815.5	3175.5	3400.5	3657.5	4002.5	4476.0	5134.0	6170.0	7913.0	10424.0	14248.5	20136.5	28172.0	40709.5	54778.5	71289.5	95209.5	121762.5	144696.0	164539.5	181014.5	190449.0	198768.0	207949.0	208574.5	202475.5	197238.5	195088.0	195340.5	195447.0	196709.0	200974.0	213422.5	236774.5	244897.5	227009.0	196677.5	169148.5	157251.5	149927.0	144930.5	149276.5	152227.0	146114.5	131134.5	104253.5	77669.0	54908.5	32104.0	18711.5	12981.0	8827.0	6750.5	5493.0	4111.5	2862.0	2008.0	1389.5	884.5	616.5	487.5	432.5	395.0	353.0	310.0	246.0	196.0	162.0	112.0	67.5	39.0	26.0	23.0	17.5	9.0	6.0	5.0	4.0	4.5	15.5	34.0	26.0	6.0	2.0	1.0	0.0
209116_HY55YBGXT_TCDM_1_F11_C14_2_1_i_CCGACC_S86_trim1	22.0	23.5	92.0	226.0	304.5	335.5	405.5	596.5	857.0	1045.5	1244.5	1566.5	1872.5	2112.5	2377.0	2694.0	3025.0	3451.0	3963.5	4598.0	5609.5	7066.0	9148.5	12254.0	16718.5	22709.5	31238.5	43385.5	61119.0	80342.0	103751.0	136978.0	172815.0	203447.0	230611.0	253687.5	267261.0	279581.5	293202.0	297045.5	294343.5	292818.5	294554.5	298565.5	300527.0	303615.5	310535.5	327189.0	357145.0	365010.0	335991.0	286705.5	236122.0	207156.5	185084.5	160052.5	143678.5	133525.0	121498.0	107110.5	88276.0	68188.5	51261.5	36521.0	26908.0	21409.5	16776.5	13706.0	11676.5	9309.5	7078.5	5571.5	4355.5	3185.0	2293.5	1595.0	1109.5	778.0	553.5	437.0	351.0	261.0	195.0	128.5	79.5	59.5	44.0	36.0	24.0	15.0	10.5	11.5	13.5	12.5	25.0	45.5	36.5	17.5	23.0	69.5	109.0
209117_HY55YBGXT_TCDM_1_G11_A20_2_3_o_GGCCAA_S87_trim1	37.0	40.0	110.0	217.5	270.5	300.5	398.0	626.0	896.5	1111.5	1360.5	1699.0	2041.0	2420.5	2810.0	3218.5	3710.5	4237.0	4831.5	5610.0	6780.5	8428.5	10685.5	14284.5	19597.0	27727.5	40072.0	55908.0	76732.0	99025.0	129795.0	178650.0	232369.5	271780.5	294975.0	309735.5	317324.5	323878.5	332571.0	333784.5	328819.5	324817.0	320210.5	318171.0	319856.0	320991.0	321966.0	329545.0	345634.0	344000.0	316524.0	274934.5	232308.0	209284.0	204729.0	191931.5	178856.5	176295.5	162249.0	137551.0	108242.5	83226.5	60466.0	36773.0	22403.5	15951.0	11275.5	8778.5	7371.0	5573.5	3630.5	2388.5	1563.0	903.0	582.0	403.0	303.5	258.0	207.5	164.5	135.0	105.0	80.0	55.0	37.0	23.0	15.0	15.5	13.0	8.5	5.0	4.5	8.0	10.0	28.5	56.0	36.0	4.5	1.0	0.0	0.0
209118_HY55YBGXT_TCDM_1_H11_C14_2_2_i_AGACCA_S88_trim1	40.0	57.0	119.0	209.0	291.5	432.0	687.0	1025.0	1444.5	2020.5	2742.0	3555.0	4384.0	5226.0	6035.5	6812.0	7505.0	8095.0	8748.0	9554.5	10680.5	12076.5	14597.5	19246.0	26807.5	39361.5	56768.5	78493.5	111622.5	142792.5	180371.5	241826.5	308976.0	363783.0	405890.0	436936.0	449249.5	457468.5	468328.5	454972.5	426254.5	405349.0	386809.5	375685.0	361225.0	346496.5	350754.5	371224.5	392266.5	377382.0	337746.5	287849.0	243117.5	216469.0	188694.0	157776.5	130650.5	114504.5	97579.5	81199.0	63753.5	43567.5	29972.5	22065.0	17178.0	13488.0	9801.5	7110.5	5032.5	3619.0	3073.5	2806.5	2370.0	1776.5	1322.0	942.0	700.5	536.5	347.0	241.0	198.5	150.5	117.5	88.0	57.0	42.5	36.0	24.0	16.5	14.0	15.0	15.5	15.5	17.5	48.5	84.0	56.5	15.0	2.5	0.5	1.0
209119_HY55YBGXT_TCDM_1_A12_C14_2_3_o_CGCGGA_S89_trim1	30.0	32.0	75.5	139.0	167.0	185.0	246.5	343.0	449.5	560.5	675.5	851.5	1074.0	1362.0	1743.0	2303.5	3028.0	3868.5	5044.5	6935.0	9726.0	13261.5	18932.0	28427.5	42583.5	62680.0	87642.5	118150.5	162889.5	205468.5	253387.5	325284.5	400421.5	459941.0	504368.5	529761.0	531806.0	530150.5	528131.5	500997.0	458715.0	424808.0	395182.5	376648.0	358265.0	335538.5	326938.5	339898.5	356379.0	333323.5	286665.0	234389.5	183612.0	154333.0	129687.5	103400.5	83397.0	72011.5	61423.5	49486.0	37861.5	27995.5	20710.5	14952.5	11053.0	8473.5	6409.0	5217.5	4676.0	4274.5	3940.5	3599.0	3264.0	2904.0	2494.5	1996.0	1561.0	1170.0	824.0	635.5	524.0	345.5	168.0	77.5	39.5	29.0	21.0	17.0	11.5	9.0	9.0	7.5	11.5	16.0	39.5	72.5	51.5	16.0	8.0	18.5	32.0
209120_HY55YBGXT_TCDM_1_B12_C17_2_2_i_CCTGCT_S90_trim1	22.0	21.5	56.5	118.5	147.5	159.0	194.5	284.5	393.0	463.5	560.5	719.0	860.5	1001.0	1187.0	1412.5	1708.5	2109.0	2577.0	3237.0	4297.0	5786.5	7995.0	11530.0	16838.0	24538.0	35784.0	51310.5	74124.5	99285.0	131696.0	179965.0	233216.0	275987.0	307009.5	328119.0	337060.0	344822.0	355767.5	353802.0	341210.0	333691.5	334928.5	337214.0	333845.0	331196.0	331786.5	350680.0	386933.5	391412.5	357888.0	306879.5	259012.5	239153.5	231959.5	226436.5	238874.0	248353.0	230231.0	194154.0	148565.5	110821.5	77014.5	44379.0	26408.0	18806.0	13100.5	9905.0	8095.5	6186.0	4370.5	3136.5	2233.5	1428.0	1000.5	822.0	713.0	615.0	542.5	506.5	426.0	317.0	261.5	180.5	102.0	71.5	60.0	54.5	32.0	14.5	12.0	10.0	12.5	11.5	19.5	37.5	30.5	10.0	1.5	0.5	1.0
209121_HY55YBGXT_TCDM_1_C12_A03_2_3_o_GCGCTG_S91_trim1	63.0	60.5	84.0	130.5	157.5	175.5	212.5	287.5	385.5	487.5	625.5	829.5	1056.5	1410.0	1908.5	2542.5	3398.0	4650.5	6565.0	9470.5	13689.0	18589.0	25323.0	36682.5	54281.5	80752.5	117401.0	163300.5	224957.0	280055.5	341189.5	438473.5	543044.5	623755.0	668386.0	676280.0	664761.0	653961.0	641459.5	607557.5	555997.5	504279.0	453750.5	423079.0	398848.5	365412.5	339986.5	331639.5	329152.5	302323.5	264827.0	223642.5	180816.0	154124.5	134842.0	115569.0	100981.5	93578.0	81288.5	64437.5	48499.5	34967.0	24673.0	16177.5	10677.0	7710.0	5244.5	3882.0	3090.5	2171.0	1386.5	948.0	683.5	453.0	304.5	221.0	181.0	144.5	107.5	80.5	62.5	45.0	35.5	30.0	23.5	18.0	13.0	11.5	8.5	4.0	5.5	11.0	14.5	19.0	66.0	128.5	95.5	32.0	24.0	38.0	50.0
209122_HY55YBGXT_TCDM_1_D12_C17_2_3_i_GAACCT_S92_trim1	11.0	10.5	37.0	78.5	102.5	124.0	170.5	274.0	395.5	497.0	618.0	804.0	982.0	1128.0	1331.5	1574.5	1776.5	2018.5	2336.0	2717.0	3223.0	3905.5	4905.5	6476.5	8918.5	12675.0	18552.5	26522.5	38185.0	51401.5	69117.0	96177.5	125250.0	147618.5	163661.5	175704.0	182284.5	189425.5	199544.0	204280.5	202771.0	201422.0	204701.0	208273.0	208149.0	209287.0	209763.0	220144.0	244248.0	248833.0	227530.0	192524.5	157606.0	139792.0	130088.0	125242.5	135631.5	144504.0	135363.5	112680.5	82931.0	57964.0	40243.0	26062.5	16931.0	12108.5	7970.5	5486.5	4128.5	3098.5	2346.0	1763.5	1345.0	931.5	672.0	536.5	476.5	444.0	412.0	371.0	311.5	231.0	190.5	138.0	77.5	52.0	37.5	31.5	19.5	7.5	4.5	3.5	5.5	8.0	17.0	33.5	22.5	2.0	0.0	0.0	0.0
209123_HY55YBGXT_TCDM_1_E12_A03_2_2_o_TTCGAG_S93_trim1	20.0	21.5	55.5	101.0	117.5	133.5	161.0	243.5	368.0	450.5	540.0	652.0	746.5	924.0	1190.0	1440.0	1754.0	2167.5	2703.5	3518.5	4891.5	6875.5	9600.5	13976.0	20528.5	30557.0	46006.5	67661.0	99121.0	132719.5	174513.0	235086.5	299857.0	350496.0	381308.5	396485.0	399869.5	401175.0	401388.0	390647.0	370427.5	349112.0	329846.0	318433.5	311176.0	299314.5	285631.0	283371.0	292478.0	282190.0	252790.0	217121.5	182986.5	162319.5	147331.5	138225.5	142338.0	145324.5	131470.0	104415.0	73697.5	50774.5	34338.5	20314.5	11786.0	7855.0	5236.0	3966.5	3266.0	2455.0	1614.0	1099.5	773.0	475.0	295.5	193.5	151.5	131.5	101.5	75.5	67.5	61.5	48.5	32.5	20.5	11.5	6.5	7.0	5.5	3.5	3.0	3.5	5.5	8.5	28.0	48.0	29.0	5.5	1.5	0.0	0.0
209124_HY55YBGXT_TCDM_1_F12_C17_2_2_o_AGAATC_S94_trim1	30.0	41.5	113.0	214.5	281.5	394.5	619.5	955.5	1393.5	1922.0	2613.0	3322.5	3905.0	4577.0	5342.0	6037.0	6752.0	7474.5	8249.0	9325.0	10812.5	12753.5	15854.0	21298.5	29877.5	42492.0	60556.0	83428.0	115121.5	145678.0	183628.0	244551.5	309995.5	360645.0	394624.0	415264.0	420874.5	423768.5	432355.5	425849.5	405879.0	388144.5	373279.0	366907.0	362283.0	355965.0	351665.0	361942.0	383614.0	374047.5	337410.0	288672.5	239244.0	208606.0	178992.0	145147.0	117235.5	100127.0	86701.5	74585.5	60865.0	44704.5	32701.5	24380.5	18678.0	14366.5	10107.5	7245.5	5431.5	3876.5	2840.0	2153.5	1616.5	1150.5	871.5	664.0	511.0	419.0	346.0	307.0	254.0	191.0	159.5	103.0	48.0	29.5	20.5	18.5	17.0	10.0	5.0	7.0	13.5	19.5	42.5	68.0	42.5	8.0	2.5	0.5	0.0
209125_HY55YBGXT_TCDM_1_G12_X8_415_3_i_AGGCAT_S95_trim1	13.0	14.0	42.0	83.5	109.0	136.0	202.0	309.0	432.5	585.5	753.5	948.5	1158.0	1371.0	1650.0	2053.5	2505.5	3077.0	3916.0	5156.0	6959.0	9273.5	12936.0	19338.5	29644.0	44624.0	64558.5	87435.0	118066.5	149364.5	189575.5	251867.0	319707.0	371848.5	405460.0	421712.0	421995.5	424043.5	433345.5	426738.5	403731.0	380521.5	360542.0	351751.0	344227.0	336412.5	339514.5	358688.0	384678.0	378274.5	341029.0	287338.5	235405.5	206368.0	180953.5	153651.5	131312.0	116462.5	99185.0	78295.0	57728.5	39800.5	27404.5	18142.5	12053.5	8532.5	5714.0	4048.5	2963.5	2015.0	1348.5	911.5	628.0	428.0	298.5	207.5	166.0	137.0	111.5	93.0	71.5	51.5	33.0	19.5	14.5	11.0	7.5	6.0	4.0	2.0	2.5	5.0	6.0	6.0	23.5	40.5	23.0	3.0	1.0	0.5	0.0
209126_HY55YBGXT_TCDM_1_H12_X8_415_3_o_ACACGC_S96_trim1	42.0	45.0	134.0	284.0	373.0	443.5	576.5	849.0	1215.5	1546.5	1896.0	2378.5	2883.5	3440.5	4142.0	5052.0	6160.5	7483.5	9203.5	11425.5	14633.0	18434.0	23501.0	31920.5	44648.5	61808.5	84215.5	108992.5	140323.0	171758.5	210011.5	269390.5	331084.0	376598.0	406734.5	428041.5	438370.5	444164.0	452997.5	450435.5	437576.0	427251.0	420570.0	421343.0	419762.5	415791.0	424727.5	455146.0	497611.5	498957.0	451784.5	380113.5	312594.0	275864.0	248092.5	215247.5	187113.5	169951.5	151456.5	128925.5	103530.0	80149.0	61836.5	44744.0	32467.5	24964.5	18181.5	13460.0	10237.5	7075.0	4593.5	3124.0	2204.0	1420.5	939.5	636.0	448.0	351.0	283.5	229.0	172.5	127.0	87.5	55.5	40.5	27.0	15.5	13.5	8.5	2.5	1.5	4.0	8.5	11.0	37.5	67.0	44.5	11.0	2.5	1.0	1.0
209127_HY5CNBGXT_TCDM_2_A01_X4_46_1_o_CAGCGT_S1_trim1	51.0	50.0	65.5	86.5	90.5	99.5	133.5	199.0	284.5	360.0	458.0	616.5	845.0	1200.5	1586.0	2064.0	2705.0	3464.5	4609.5	6343.0	8825.5	11567.5	15376.5	22019.0	32725.5	48130.5	67040.0	90018.0	121463.0	147299.5	176230.5	224513.5	276772.5	317435.0	343387.5	355268.0	353444.5	343893.5	329499.5	305451.0	274786.0	246463.5	220916.0	206164.5	190820.5	168279.0	152934.5	148204.0	145149.0	132269.5	116933.0	100480.5	84471.0	76865.0	72273.5	64965.5	56714.0	51332.0	46088.0	38272.0	27776.5	18739.0	12762.5	8447.0	6137.5	5053.0	4101.5	3379.0	2802.0	2086.0	1418.5	1067.0	799.5	515.5	335.0	213.5	150.0	108.0	89.5	77.0	60.5	49.5	36.5	29.0	24.0	15.0	11.0	11.0	7.0	4.0	5.0	4.5	10.5	17.0	36.0	61.5	43.0	10.0	1.5	0.0	0.0
209128_HY5CNBGXT_TCDM_2_B01_X8_415_2_i_GATCAC_S2_trim1	21.0	23.5	59.5	109.5	138.0	203.0	335.0	505.5	724.0	994.0	1338.5	1767.5	2200.5	2670.0	3223.0	3801.5	4491.5	5519.0	7074.0	9348.0	12457.0	16204.5	22342.0	33482.0	51766.5	75804.0	104919.0	141374.5	190716.5	233812.5	285849.5	366825.5	447707.0	507125.0	538212.0	537064.0	519736.0	502640.0	477444.5	432027.5	375579.0	321473.5	272784.5	245542.0	219992.0	187031.5	165879.0	157119.5	144345.5	116652.5	93625.5	74997.5	54608.5	42448.5	33937.0	27077.0	22641.5	20006.0	17312.0	13449.5	9455.0	6221.5	4230.5	3048.0	2246.0	1796.0	1415.5	1157.5	915.5	702.5	531.5	400.5	321.5	256.5	200.0	148.0	112.5	77.0	50.5	39.0	34.5	26.5	21.5	22.0	19.5	16.5	14.5	11.5	7.5	5.0	5.0	9.5	18.5	27.0	59.0	94.0	59.5	10.0	0.0	0.0	0.0
209129_HY5CNBGXT_TCDM_2_C01_X8_415_2_o_ACCAGT_S3_trim1	15.0	22.0	41.5	68.5	107.0	170.5	264.5	421.0	635.0	895.0	1249.0	1625.5	1975.5	2361.5	2789.0	3223.5	3673.0	4285.0	5100.0	6395.5	8322.5	10412.5	13980.5	20752.0	31503.0	46741.5	65912.5	88281.0	117590.5	142484.0	172672.5	223736.5	278685.0	322488.0	349306.0	359191.0	358961.5	360002.5	359382.0	343030.0	316777.5	291607.5	269066.0	257248.0	245158.5	229238.5	222889.5	230228.0	241417.5	234195.5	212009.5	179166.0	148567.5	133881.5	126082.0	114911.5	98779.0	87351.5	77981.0	63347.0	44725.5	31765.0	23081.0	13947.5	8309.0	6099.5	4658.0	3927.5	3157.0	2235.5	1620.5	1314.0	1018.0	692.0	509.0	382.0	288.0	233.5	189.0	153.0	119.0	83.0	55.5	37.5	30.0	23.5	17.5	15.5	17.5	14.5	9.5	7.5	8.5	14.5	40.0	70.5	47.0	9.0	1.5	0.0	0.0
209130_HY5CNBGXT_TCDM_2_D01_X4_46_3_o_TGCACG_S4_trim1	36.0	30.5	40.0	61.0	67.0	88.0	138.0	205.0	304.5	431.0	569.5	777.5	1054.5	1531.5	2162.0	2935.5	3831.0	5014.5	6994.5	9907.0	13562.5	17407.5	22912.5	32355.0	46543.5	65876.0	89029.5	114892.0	147325.0	173955.5	202349.5	248840.5	300240.5	339775.5	362607.0	371258.0	368023.0	361314.0	351811.5	330477.0	302147.5	277908.0	256639.5	243582.5	228975.0	209023.5	199423.5	203357.0	214560.5	215032.0	200876.0	174888.0	149695.5	137027.0	132748.0	119369.0	92624.5	74511.5	60881.5	48304.0	37901.0	28286.5	22108.0	15988.5	11412.0	8809.5	6427.0	5020.0	3707.5	2507.0	1742.5	1278.5	983.5	727.0	585.5	465.5	351.5	261.5	177.0	120.5	80.0	55.5	45.5	38.0	28.5	23.0	19.0	13.0	14.0	15.0	10.5	8.5	12.5	16.0	35.0	67.5	52.0	12.0	2.0	2.0	1.0
209131_HY5CNBGXT_TCDM_2_E01_X4_46_1_i_ACATTA_S5_trim1	146.0	156.0	208.0	300.5	465.0	773.0	1269.5	1929.0	2840.5	4045.0	5435.5	6889.0	8274.5	9945.5	11548.0	12853.5	14047.5	15225.5	16756.5	18948.0	22187.5	25803.0	31209.5	40579.0	55168.5	75989.0	101716.0	131664.0	171588.5	204091.0	237056.5	292850.5	355432.5	405708.5	442064.5	464332.0	466655.5	461332.5	453319.5	428305.5	391913.5	359938.5	332488.5	315227.5	293886.5	265243.5	248929.0	245345.0	242750.5	226464.0	204101.0	174216.5	143540.5	127921.5	117558.5	100110.0	75955.5	59614.5	47951.0	37314.5	28504.5	19767.5	14131.5	10163.5	7286.5	5680.0	4288.0	3429.5	2686.0	1935.0	1446.0	1174.5	900.5	638.5	475.0	361.5	293.0	231.0	153.5	100.5	70.0	52.5	40.0	29.0	23.0	17.5	17.0	17.5	15.5	12.0	9.5	10.0	14.0	19.5	53.5	84.0	46.5	8.5	3.0	0.0	0.0
209132_HY5CNBGXT_TCDM_2_F01_C14_3_2_o_GTGTAG_S6_trim1	20.0	19.0	22.0	35.0	47.0	57.5	88.0	135.0	184.5	237.5	290.0	385.0	519.0	680.0	861.0	1094.5	1455.5	1934.5	2608.0	3530.5	4942.0	7018.0	10347.5	15875.5	24427.0	37476.0	54684.5	77357.5	111891.0	143427.0	178894.0	234169.0	292754.5	341640.5	376649.0	393406.5	392257.5	386631.5	375030.0	340490.0	294698.0	257522.0	225895.0	204128.0	183632.0	157908.5	139960.5	132971.0	125078.5	104769.0	86073.5	70368.5	54740.0	46633.5	40681.0	34961.5	31865.5	30342.5	27805.0	22328.5	15229.5	10237.0	6936.5	4668.5	3453.0	2557.5	1683.5	1304.0	1062.0	762.5	529.0	408.0	312.5	212.5	150.0	118.5	97.5	84.5	74.5	63.0	55.5	47.0	40.5	31.5	23.0	19.5	17.5	15.0	8.0	2.5	3.0	8.0	12.0	13.5	37.5	63.5	36.5	4.5	2.0	1.0	1.0
209133_HY5CNBGXT_TCDM_2_G01_A03_3_1_o_CTAGTC_S7_trim1	4.0	6.0	22.5	43.0	60.5	94.0	142.5	206.0	292.0	425.5	598.0	754.0	907.5	1120.5	1348.0	1581.5	1873.5	2329.5	3019.5	4055.0	5702.0	7664.0	10608.5	16167.0	25236.0	39804.5	59766.0	85191.0	120102.0	147498.0	177153.0	230016.0	285544.5	328928.0	351842.0	349709.0	339017.5	330936.5	317852.0	291032.0	256871.0	225300.5	194545.0	174934.5	158794.5	136561.0	119659.5	111450.0	106049.0	93977.5	81783.0	71172.0	62085.5	57563.5	53631.0	47714.5	41413.5	37427.0	32271.5	24115.0	15770.0	10550.0	7617.0	5283.0	3687.5	2951.5	2309.0	1838.5	1418.5	983.5	651.5	497.0	398.0	271.5	163.0	97.0	65.5	46.5	38.0	28.5	23.5	16.5	14.0	14.0	10.5	11.5	12.0	7.5	4.0	3.5	3.5	7.5	9.5	8.5	28.0	60.5	42.5	6.0	0.5	0.0	0.0
209134_HY5CNBGXT_TCDM_2_H01_A03_3_3_o_TGTGCA_S8_trim1	23.0	22.0	33.0	55.0	75.0	94.5	129.5	193.0	292.0	411.0	552.5	711.5	912.0	1216.5	1557.5	1995.5	2605.5	3456.5	4783.0	6849.0	10265.5	14335.5	19669.0	28636.0	42292.5	62743.5	88372.5	118797.5	158192.5	188423.0	219699.5	270363.5	320893.5	359299.0	380379.0	380270.0	371218.5	361588.5	346746.0	322479.0	293340.0	266639.5	240491.5	222927.0	206388.5	185608.5	172511.5	170151.5	173743.0	167582.5	152413.5	142732.5	153027.5	180362.5	207542.5	201302.5	177288.0	162991.5	136247.0	98364.5	62521.5	41738.5	33394.5	23742.0	15169.0	10843.0	7233.5	5329.0	3438.0	1989.5	1447.0	1040.0	639.5	397.5	268.0	176.5	131.5	102.0	78.0	60.5	48.5	44.0	44.5	39.5	28.5	16.5	10.5	9.0	8.5	7.5	6.5	9.0	15.0	19.0	46.0	79.0	52.0	9.5	0.5	0.0	0.0
209135_HY5CNBGXT_TCDM_2_A02_X4_32_2_i_TCAGGA_S9_trim1	49.0	49.0	86.0	140.0	173.0	225.0	309.5	431.5	596.5	811.0	1060.0	1334.5	1637.0	2014.0	2468.0	3008.5	3651.5	4588.5	6041.0	8418.5	11778.5	15413.5	20669.0	29854.0	44248.5	66998.5	95361.0	124965.5	162604.5	192705.5	220004.5	269646.0	322727.5	359351.5	378433.0	381622.5	377832.5	378631.5	372376.5	348116.0	317744.5	284152.0	253607.5	236749.5	214920.5	184421.0	162778.0	151981.5	143764.5	129532.0	116283.0	106812.5	100300.0	104715.5	119114.0	111670.5	85206.5	69468.5	57119.5	43933.5	32519.0	25468.0	20658.5	14647.0	10748.5	8524.5	6381.5	5087.5	3670.5	2339.0	1563.0	1178.0	911.5	638.0	453.5	302.0	213.5	162.5	119.0	90.0	69.0	57.0	45.0	30.0	20.5	16.5	14.5	11.0	6.5	6.0	9.0	12.5	16.0	18.5	45.5	85.5	57.5	8.5	1.5	0.5	0.0
209136_HY5CNBGXT_TCDM_2_B02_C14_3_2_i_CGGTTA_S10_trim1	16.0	18.0	31.5	47.0	57.0	73.0	103.5	160.5	239.5	319.0	433.0	603.5	766.0	1012.5	1314.5	1662.0	2179.0	2892.0	4055.0	6155.5	9012.5	12133.5	17509.5	27822.5	43885.5	67173.5	94894.5	125671.5	168648.0	203762.0	237769.0	293874.0	349721.5	387716.5	410861.0	419200.5	413620.5	402884.0	381331.0	337844.0	288384.5	255231.0	231534.0	214574.0	190921.0	159738.5	143370.0	141421.0	140960.0	129792.5	114277.5	97516.5	85553.0	85181.0	88619.5	83072.5	70055.5	60914.0	51287.0	39139.0	27307.5	19823.5	16219.5	13434.5	11293.0	9366.0	7046.0	5228.5	3158.5	1505.0	916.5	698.5	544.5	401.0	318.0	251.0	209.5	185.5	149.5	126.5	95.5	64.5	53.5	40.5	27.5	21.0	20.0	18.5	14.0	10.0	7.0	8.0	15.0	19.5	45.0	77.5	46.0	6.0	2.5	0.0	0.0
209137_HY5CNBGXT_TCDM_2_C02_X4_32_3_i_TTAACT_S11_trim1	42.0	45.5	79.0	124.5	172.5	257.0	421.0	672.0	1016.0	1403.0	1840.5	2367.5	2853.5	3342.5	3884.0	4472.5	5082.0	5749.0	6710.5	8388.0	10883.0	13761.0	17953.5	25414.0	37289.5	55837.0	79301.0	103920.5	135503.5	162169.5	188051.5	233480.5	283169.5	319777.0	339939.0	342423.0	336783.5	337534.0	333229.5	310611.5	282324.0	251971.0	225205.0	211328.5	191938.0	166200.5	147776.0	136820.0	127088.5	113127.5	101161.5	90979.5	82442.5	80857.0	84107.0	77499.0	61940.0	51420.0	42874.0	33164.5	23884.5	17662.0	14107.0	10650.0	8290.0	6871.0	5255.0	3980.0	2452.0	1191.0	746.0	564.5	441.0	317.5	245.5	195.0	153.5	126.5	101.5	79.0	62.5	42.5	30.0	28.5	24.0	13.5	9.5	7.0	5.5	5.0	5.5	9.0	13.5	16.5	38.5	70.0	46.0	8.0	3.0	1.0	1.0
209138_HY5CNBGXT_TCDM_2_D02_X4_32_3_o_ATGAAC_S12_trim1	88.0	82.5	108.5	174.0	261.5	426.0	683.5	1027.5	1507.0	2124.0	2870.0	3686.0	4378.5	5200.0	6203.0	7186.5	8126.0	9222.5	10899.0	13612.0	17564.5	21819.0	27619.5	38037.5	52996.5	74168.5	99131.0	125205.5	158224.5	184875.0	209347.5	250692.5	296139.0	328962.0	346932.0	350236.0	344860.5	339798.0	326830.5	301763.5	273859.0	247321.0	224708.0	211118.0	196341.5	176183.0	159871.5	150408.0	144430.5	133804.5	120462.0	107025.5	97188.5	94196.0	95591.5	88573.5	73210.0	63018.0	54367.5	45056.0	34768.5	27362.5	25862.5	24218.5	21860.0	18939.0	15183.0	12304.0	7112.0	2578.0	1410.5	1042.0	896.0	730.0	601.0	489.5	392.0	296.0	197.0	129.5	91.0	70.5	55.5	41.5	28.5	16.5	11.0	13.5	11.5	7.5	10.5	11.0	15.0	20.0	40.5	74.0	52.0	12.0	3.0	0.0	0.0
209139_HY5CNBGXT_TCDM_2_E02_A04_3_2_o_CCTAAG_S13_trim1	8.0	11.0	24.0	43.5	69.5	111.0	163.0	239.0	349.5	480.0	639.5	832.5	1012.0	1163.5	1314.0	1469.0	1595.0	1725.0	1937.5	2187.0	2611.5	3217.5	4097.0	5560.5	7707.0	11165.0	16764.5	24624.0	35946.5	47112.5	60934.0	84281.5	109915.5	129250.5	139951.0	141815.5	139071.0	137584.0	135549.5	127326.0	115156.0	101986.5	87360.5	76787.0	67774.0	56700.5	47173.5	41196.0	37509.0	32719.5	28191.5	23880.0	19407.0	16579.0	15269.5	15603.0	18092.5	20138.5	20888.5	18466.5	12726.5	8205.0	5094.0	2874.5	1842.5	1382.0	1007.0	784.0	626.5	474.0	342.5	253.5	176.5	112.5	76.0	48.5	37.0	35.0	29.0	19.5	17.0	18.5	17.0	12.0	9.0	5.5	2.0	1.0	1.5	1.0	1.0	2.0	4.0	7.5	16.5	21.5	10.5	1.0	0.0	0.0	0.0
209140_HY5CNBGXT_TCDM_2_F02_X4_32_1_i_CCGACC_S14_trim1	39.0	31.5	26.0	36.5	53.5	74.0	112.0	166.0	244.0	345.5	492.5	648.0	793.5	936.5	1065.5	1239.5	1397.0	1581.5	1930.0	2679.0	3637.0	4486.5	6145.5	9536.5	15622.5	27096.0	44528.0	65094.0	92356.0	113982.5	136786.0	184241.0	236998.5	276029.5	304628.0	316559.5	316102.0	325149.5	339828.0	339590.0	322598.5	288881.0	248616.0	225880.5	202581.5	168251.0	142730.5	126649.0	110418.0	90380.0	77193.5	69981.5	64317.5	63977.0	67134.0	62078.0	50193.5	43425.0	35080.0	23815.0	14822.0	9399.5	6562.5	4747.5	3584.0	2818.5	2187.5	1833.0	1320.0	869.5	650.0	503.0	433.0	334.5	240.0	169.0	120.5	89.0	68.5	56.0	38.5	19.5	10.5	10.0	9.0	9.5	11.0	10.5	8.0	6.5	6.5	7.5	8.0	6.0	25.5	55.0	38.0	11.5	15.5	29.5	39.0
209141_HY5CNBGXT_TCDM_2_G02_A04_3_2_i_GGCTGC_S15_trim1	12.0	13.0	24.5	37.0	40.5	46.0	57.5	78.5	113.5	151.5	186.0	268.5	381.5	534.5	742.5	972.5	1259.0	1696.5	2453.0	4009.5	6059.5	8005.5	11291.0	17106.5	26491.5	41917.5	64271.5	92564.5	128887.0	157467.5	187881.5	242737.0	306105.5	355638.5	382122.0	380608.5	365949.5	353084.0	333629.0	301950.0	265799.5	232681.5	204102.5	188223.0	169426.0	144891.5	130682.0	123379.5	110737.5	89160.5	72944.5	60852.5	48165.0	39440.0	31722.5	24049.5	17439.5	13938.0	11699.0	9090.5	6846.0	5066.5	3853.0	2982.5	2367.5	1970.0	1635.5	1385.5	1076.0	771.5	577.5	472.0	401.0	331.0	254.5	183.5	127.0	94.5	72.5	51.0	38.5	28.0	16.0	10.0	7.5	8.0	9.0	6.0	5.0	7.5	7.5	7.5	11.5	15.0	38.0	57.5	34.5	8.0	4.5	8.5	10.0
209142_HY5CNBGXT_TCDM_2_H02_A04_3_1_o_TACCTT_S16_trim1	28.0	32.5	46.0	74.0	106.5	153.0	260.0	414.0	625.5	885.5	1176.0	1476.0	1790.0	2134.5	2423.0	2743.0	3082.5	3403.5	3964.5	4918.5	6390.5	8298.5	11296.5	16733.0	25107.0	38702.5	59430.5	87689.5	127331.5	161624.5	202226.0	272226.0	351294.5	415512.5	447917.5	445546.5	429780.5	417768.5	404363.5	375207.0	334988.0	293049.0	248447.5	220684.5	199868.0	171510.0	148014.5	135358.0	126003.5	108653.5	92421.0	76645.0	58840.0	46611.0	37762.0	30213.0	24652.0	21738.5	18817.5	14662.5	10605.5	7542.5	5761.0	4464.5	3455.5	2804.0	2159.5	1622.0	1115.0	690.5	417.0	294.5	225.0	155.0	104.5	71.5	49.5	36.5	33.5	30.0	21.5	16.0	10.5	6.5	7.5	7.5	7.5	6.0	3.5	3.5	7.0	9.5	12.5	16.5	42.0	76.5	48.0	6.0	1.5	1.5	2.0
209143_HY5CNBGXT_TCDM_2_A03_C14_3_3_o_TCTTAA_S17_trim1	11.0	16.5	37.5	69.5	116.5	195.0	325.5	494.5	720.5	1041.5	1431.0	1831.0	2204.5	2535.5	2789.5	3063.0	3324.5	3603.5	4026.0	4768.0	5978.0	7304.5	9992.0	15548.0	25822.5	41882.0	59593.5	79694.5	111124.0	137916.5	170519.0	226119.5	286068.5	338380.5	373880.0	387293.5	385723.5	390753.0	402364.0	371318.5	310879.5	267402.5	231748.0	209339.0	185058.5	150111.5	126659.5	118322.5	112157.5	95757.0	81081.0	69911.0	59674.0	55181.5	51825.0	48543.5	46072.5	44016.5	40133.5	32049.0	20944.5	13041.0	8414.5	4845.5	2920.0	2122.5	1509.0	1170.5	917.0	747.0	621.0	503.5	417.5	340.0	280.0	236.5	191.5	149.5	121.5	100.5	95.5	90.5	75.0	49.5	31.0	24.5	19.0	12.0	6.5	6.5	6.0	8.5	16.5	22.0	40.5	72.5	53.5	11.5	2.0	0.5	0.0
209144_HY5CNBGXT_TCDM_2_B03_C14_3_1_i_GTCAGG_S18_trim1	13.0	14.0	38.5	69.0	78.0	89.5	112.5	152.0	205.5	271.0	362.5	460.0	560.0	686.0	852.5	1058.0	1273.5	1587.5	2113.5	2900.0	4125.0	5772.0	8508.0	13569.5	21619.5	34268.0	51846.0	74980.5	109271.0	138132.0	173577.5	234295.5	298187.5	350136.0	387223.0	401504.0	397486.5	396062.0	394292.5	365534.0	318218.0	277589.0	239902.0	216095.5	193292.0	161321.5	143333.5	141394.0	134187.5	109115.5	87531.5	69984.0	52108.5	42245.5	34177.5	26636.0	20667.5	17474.0	15023.5	11899.5	8781.0	6303.0	4651.5	3573.0	2824.0	2165.5	1590.5	1240.0	934.0	678.5	519.0	418.5	320.5	222.0	168.5	135.0	116.5	102.5	85.0	73.5	64.5	53.0	45.0	36.5	27.5	19.0	13.0	12.0	9.0	7.0	7.0	8.0	11.5	15.0	42.5	75.0	43.5	4.0	1.0	0.0	0.0
209145_HY5CNBGXT_TCDM_2_C03_A04_3_3_o_ATACTG_S19_trim1	10.0	13.5	34.5	69.5	100.5	136.5	189.5	259.0	382.0	537.5	692.5	857.0	984.5	1087.5	1246.5	1412.5	1537.5	1678.0	1827.5	2095.5	2585.5	3222.5	4273.0	6173.5	9046.5	13503.5	20563.0	30172.5	43019.0	55631.0	70745.5	94043.5	118260.0	133983.0	138785.0	134443.0	126927.5	119694.5	109718.0	95978.0	81494.5	69067.5	58827.5	51408.5	45219.0	39013.5	33089.0	28467.0	24961.0	20703.0	16712.0	13423.0	10438.0	8399.5	7192.0	6692.5	6203.0	5500.0	4471.0	3027.5	1944.0	1326.5	972.0	741.5	572.5	455.0	363.5	310.0	247.0	183.0	133.5	96.5	72.5	40.0	16.0	10.5	13.0	11.5	7.0	4.0	2.0	2.5	2.0	0.5	0.0	0.5	1.0	1.0	1.5	1.5	0.5	1.5	5.5	8.0	16.0	19.0	8.0	2.0	1.5	0.5	0.0
209146_HY5CNBGXT_TCDM_2_D03_A27_3_3_i_TATGTC_S20_trim1	7.0	10.5	23.5	42.0	59.0	84.0	127.5	195.0	284.0	383.0	497.5	630.5	786.0	997.5	1201.5	1356.5	1596.0	2043.5	2565.5	3352.5	4638.0	6096.0	8625.0	13640.0	21814.0	34768.0	53322.0	77425.0	112741.5	141436.0	173489.5	230277.0	290827.5	338652.5	368727.0	380533.0	379456.5	381785.5	387253.5	364164.5	320376.5	285698.0	251227.5	226128.0	201045.5	166401.0	144106.0	134934.5	126084.5	108012.5	91556.5	75993.5	60129.0	50282.5	41055.5	31532.0	23753.5	19904.5	16907.5	13212.0	9757.0	6971.0	5105.0	3875.0	3100.5	2459.5	1862.5	1507.0	1155.0	816.0	561.0	416.5	317.5	221.0	169.5	123.5	86.0	66.5	49.0	31.0	29.0	23.5	18.0	14.5	9.0	8.0	9.0	6.0	3.0	3.5	4.0	6.0	9.0	11.5	36.0	71.5	48.0	7.0	1.0	0.0	0.0
209147_HY5CNBGXT_TCDM_2_E03_C14_3_3_i_GAGTCC_S21_trim1	2.0	2.0	7.0	17.0	23.0	25.5	28.5	37.0	50.5	60.5	66.5	72.5	76.0	88.0	111.5	117.5	129.5	159.5	179.5	231.0	320.0	411.5	533.5	759.0	1126.5	1527.5	1985.0	2631.5	3543.0	4335.5	5135.0	6370.0	7507.0	8238.0	8690.5	8823.5	8608.0	8335.5	8099.5	7392.0	6477.0	5813.0	5368.0	5167.0	4902.5	4408.5	4056.0	4218.0	4493.5	4449.5	4075.0	3366.0	2732.5	2423.0	2355.0	2293.5	2187.5	2112.0	2028.5	1835.5	1399.5	1006.0	740.0	535.5	418.5	348.0	249.0	173.5	131.0	89.0	59.5	44.0	41.0	27.0	13.5	8.5	7.0	5.5	3.5	2.5	3.5	5.0	5.0	3.0	0.5	0.5	1.5	2.0	1.5	1.0	0.5	0.0	0.0	0.0	0.5	0.5	1.5	1.5	0.5	0.5	0.0
209148_HY5CNBGXT_TCDM_2_F03_A03_3_1_i_GGAGGT_S22_trim1	23.0	21.0	24.0	27.5	26.5	32.5	51.0	71.5	90.0	120.5	162.5	205.5	245.5	306.5	369.5	446.5	600.0	835.5	1111.5	1463.5	2012.5	2705.0	3745.0	5429.5	8015.0	12227.5	18885.0	28668.5	42686.0	56353.0	73437.0	100387.5	129887.0	153325.5	164385.0	162581.5	156970.5	155603.5	155012.0	145915.5	130955.5	117028.5	104068.5	95416.5	88885.0	80104.5	72492.0	69450.5	70079.5	69509.0	65675.5	59068.0	53497.5	52776.5	56502.0	62070.5	67006.0	67535.0	62581.0	49447.5	31177.5	19731.5	13343.0	7763.0	4642.5	3377.0	2468.0	2030.5	1608.0	1164.5	810.0	579.0	417.0	267.0	196.5	156.0	140.5	133.0	105.0	75.5	60.5	48.5	41.0	30.0	17.5	13.5	11.5	9.5	6.5	4.0	3.0	1.5	2.0	4.0	17.0	32.0	21.0	4.0	0.5	0.0	0.0
209149_HY5CNBGXT_TCDM_2_G03_A03_3_3_i_CACACT_S23_trim1	7.0	15.0	53.0	105.5	158.0	251.5	400.0	609.0	910.0	1308.0	1740.5	2210.5	2689.0	3101.0	3464.5	3756.5	3940.0	4022.0	4088.0	4259.5	4615.0	5082.5	5890.0	7447.0	9978.0	14210.5	21184.5	31507.5	46699.5	61908.0	81062.5	111777.5	145185.5	171440.0	184016.0	183793.5	179622.5	177876.5	176645.0	166588.0	150312.0	134568.5	118769.5	108771.5	101297.0	91111.0	81074.0	74817.5	72733.0	69029.5	63365.0	55359.5	46810.5	42169.5	40119.5	38478.5	36859.0	34834.5	30659.0	22804.5	14294.5	9252.5	6621.0	4597.5	3294.0	2610.5	2032.0	1649.5	1301.5	960.5	654.0	480.5	363.0	218.0	139.0	108.0	93.5	76.0	53.5	37.0	28.0	23.0	19.0	17.5	12.5	7.5	5.0	5.0	4.0	3.0	3.0	3.5	5.5	8.0	22.0	37.0	25.0	5.5	0.5	0.0	0.0
209150_HY5CNBGXT_TCDM_2_H03_X4_32_1_o_CCGCAA_S24_trim1	15.0	20.0	46.5	80.0	118.5	189.0	289.5	417.0	624.0	939.0	1331.0	1730.0	2092.0	2470.5	2832.0	3166.5	3470.0	3757.5	4085.0	4540.0	5308.0	6393.5	8322.0	12087.5	18385.5	29346.0	45567.5	66909.5	97756.5	125464.5	160106.0	220308.5	286424.5	340333.5	373514.5	381842.5	377089.0	377135.5	377432.0	361629.5	331820.0	295968.5	258605.0	235998.5	215902.5	187043.0	164231.5	151116.5	141238.0	124751.5	108860.5	95285.0	83303.0	77862.0	75917.5	72820.0	69010.5	65324.0	56487.0	41144.5	25647.0	16341.0	11055.0	7092.0	4724.5	3533.5	2524.5	1958.0	1411.0	892.5	578.5	396.5	288.5	193.5	128.0	108.0	96.0	76.5	59.5	39.0	26.5	21.5	18.5	15.0	9.5	5.0	2.5	1.5	2.0	4.5	5.0	4.0	8.0	13.5	34.5	60.5	38.0	4.5	0.5	1.0	1.0
209151_HY5CNBGXT_TCDM_2_A04_A04_3_3_i_TTTATG_S25_trim1	36.0	36.0	46.5	66.5	81.5	106.0	167.0	254.5	381.0	565.5	761.5	1008.5	1324.5	1640.5	1901.5	2209.0	2766.0	3543.0	4723.5	6930.5	9734.0	12434.5	16455.5	23824.0	35998.5	55475.0	82686.0	116224.0	159647.0	193118.0	228036.0	292655.5	365057.0	420672.0	452929.0	452922.5	435676.5	417756.5	391144.0	353158.0	311161.5	273093.5	240859.5	222874.0	199020.5	166985.5	149332.0	141238.5	124124.0	95585.5	76434.5	62984.0	48288.5	38658.5	30746.5	23175.0	16843.5	13428.0	10942.0	8266.0	6271.0	4546.5	3317.0	2444.5	1837.5	1454.0	1147.5	961.0	797.5	623.0	461.5	384.5	344.5	302.5	241.0	171.5	123.0	100.5	80.5	52.5	30.0	18.0	13.5	7.5	6.0	6.0	7.0	5.5	3.5	5.0	6.0	9.5	16.5	20.0	47.5	90.5	58.0	6.5	1.5	0.0	0.0
209152_HY5CNBGXT_TCDM_2_B04_X4_32_2_o_AACGCC_S26_trim1	0.0	2.5	7.0	11.5	18.5	26.5	36.5	64.0	120.5	187.0	259.5	331.5	407.0	488.5	535.5	582.0	622.0	648.0	653.0	631.0	628.5	617.0	598.0	611.5	655.0	745.5	866.5	1000.5	1221.0	1433.0	1666.0	1990.5	2326.5	2625.0	2810.5	2865.0	2908.0	2954.0	2890.5	2741.5	2566.0	2382.0	2184.0	2018.5	1846.0	1674.0	1545.5	1455.5	1427.5	1324.5	1153.5	1003.5	839.5	706.0	660.5	662.5	669.5	682.0	704.5	664.0	509.5	374.0	281.0	203.0	162.0	129.5	105.0	90.0	69.5	44.5	25.5	18.5	18.0	12.0	4.0	3.5	4.5	4.0	3.5	3.5	5.0	5.5	4.0	2.5	1.5	0.5	0.5	0.5	0.0	0.0	0.0	0.0	0.0	0.0	0.0	0.5	0.5	0.0	0.5	0.5	0.0
209153_HY5CNBGXT_TCDM_2_C04_A27_3_1_o_CAAGCA_S27_trim1	25.0	34.5	70.5	123.0	186.5	319.0	541.0	835.0	1311.5	2017.0	2730.5	3437.5	4139.5	4721.0	5235.0	5672.5	5940.0	6161.0	6450.0	6907.5	7868.0	9132.0	11382.0	15776.5	23991.5	38445.0	58641.5	83793.0	121447.5	152687.5	189370.5	255564.0	326888.0	381626.5	414902.0	428026.5	425658.0	422330.0	419670.0	389399.5	336825.5	292257.5	248197.0	217961.0	190438.0	152006.0	124369.5	109369.5	96986.5	78730.5	65068.0	55552.5	45980.0	40651.0	35740.0	29502.0	24630.0	22168.5	19086.0	14411.5	9399.0	5920.5	4074.5	2822.5	2166.0	1836.5	1456.5	1181.0	860.0	590.5	426.5	332.5	298.0	253.5	195.5	136.0	97.0	66.5	49.0	37.5	31.0	24.5	19.5	21.0	16.5	7.0	6.0	7.5	7.5	7.0	6.0	6.0	6.5	6.0	39.0	82.5	54.0	9.0	1.5	0.5	1.0
209154_HY5CNBGXT_TCDM_2_D04_A27_3_3_o_GCTCGA_S28_trim1	18.0	17.5	20.0	23.0	25.0	38.0	66.0	94.0	141.5	214.0	314.5	444.5	576.5	688.5	811.0	963.5	1177.0	1554.0	2025.5	2813.5	4243.5	5759.0	7991.0	12730.5	20870.5	34284.5	53697.0	78737.5	114809.0	143014.0	175047.5	233988.0	299377.0	353641.0	390105.5	408024.0	409952.5	410081.5	411310.0	388522.0	346423.5	304905.5	256244.5	223475.0	197334.5	162351.0	137120.0	121925.0	108693.0	88974.0	74217.5	62222.0	48953.0	39618.0	30229.5	21608.0	16113.5	13663.0	11633.0	8972.5	6526.0	4583.0	3288.0	2455.0	1945.0	1543.0	1145.5	916.0	706.5	536.5	373.0	251.0	199.0	150.0	117.5	86.5	60.5	41.0	29.5	23.0	18.0	15.5	11.0	8.5	8.0	7.0	6.5	4.5	4.5	5.5	6.0	8.0	15.0	21.0	45.0	86.5	58.0	6.5	0.5	0.0	0.0
209155_HY5CNBGXT_TCDM_2_E04_A27_3_2_o_GCGAAT_S29_trim1	30.0	27.5	30.5	42.5	66.0	106.0	175.0	281.5	423.0	621.0	845.5	1083.5	1317.5	1593.0	1922.5	2252.0	2693.5	3439.0	4353.0	5677.5	7951.0	10491.5	14282.5	21444.5	33527.5	52189.5	76663.0	106391.5	147859.5	180243.5	214835.0	278649.5	350085.0	407003.0	444088.0	461748.0	462334.5	460687.0	459622.5	431260.0	382360.0	339962.0	294373.5	263859.0	238033.5	201671.5	176780.0	164327.0	151953.5	129642.0	110772.5	94311.5	77363.5	66147.5	55714.5	44254.0	34878.5	30101.0	25542.5	19345.5	13423.5	9518.0	6994.5	4763.5	3372.5	2660.5	2025.0	1622.0	1196.5	776.0	526.0	377.5	288.0	216.0	186.0	148.5	113.0	83.0	51.5	35.5	32.0	28.0	20.0	20.5	16.0	10.0	8.5	6.0	4.5	4.0	4.0	5.5	12.0	20.5	52.0	95.0	63.0	9.0	1.0	0.0	0.0
209156_HY5CNBGXT_TCDM_2_F04_X5_66_3_o_TGGATT_S30_trim1	14.0	16.0	32.0	52.5	63.0	85.5	128.5	191.0	304.5	416.0	499.5	643.0	829.5	1082.5	1350.0	1674.5	2141.5	2771.5	3759.0	5203.0	7502.0	10458.5	14954.5	23562.5	38052.0	59543.5	88468.5	123325.5	169311.0	209048.5	257674.0	342639.5	435772.5	502770.0	531382.5	529852.5	514975.0	498840.0	480838.5	437529.0	377652.0	327154.5	276968.5	244394.0	216164.0	179634.5	155866.5	146289.5	138580.5	117761.0	97540.5	80426.0	62572.0	51260.0	43453.5	35318.0	27600.0	23583.0	20151.5	15681.5	11250.0	7979.0	6196.5	4938.0	3928.0	3274.5	2531.5	1933.5	1349.0	846.0	580.5	459.0	374.5	317.0	256.0	184.0	138.0	102.0	70.0	51.0	34.5	23.0	19.0	14.0	10.0	5.5	5.5	7.0	6.0	7.0	8.5	10.0	21.0	30.0	51.5	88.5	59.0	9.0	2.0	0.0	0.0
209157_HY5CNBGXT_TCDM_2_G04_C17_3_1_i_ACCTAC_S31_trim1	15.0	21.5	51.0	97.0	145.5	211.0	325.5	467.0	696.0	999.5	1329.0	1761.0	2182.5	2587.5	2911.5	3123.5	3399.0	3743.5	4077.5	4559.0	5384.0	6490.0	8453.0	12338.5	18961.5	29661.5	45977.0	66865.5	96381.5	122630.0	156045.5	215639.0	279607.5	329216.0	357993.0	365848.0	361349.0	357882.5	356318.0	334381.0	297212.5	264593.0	234466.0	216533.0	202312.0	181725.0	165836.5	159990.5	158042.0	150043.0	139494.0	126430.0	116444.0	118475.0	129799.5	128751.5	113562.5	101946.0	87231.5	64717.5	42532.5	30176.0	22460.0	14055.5	8892.0	6674.5	4921.0	3914.0	2830.5	1835.5	1291.0	980.5	722.5	488.0	374.0	306.5	260.0	230.0	201.5	178.0	146.0	104.5	82.0	61.0	39.5	28.0	19.5	20.5	18.5	10.5	7.5	6.5	9.0	14.0	45.5	75.0	48.5	13.0	2.0	0.0	0.0
209158_HY5CNBGXT_TCDM_2_H04_C17_3_1_o_CGAAGG_S32_trim1	26.0	26.0	41.5	68.0	88.0	127.0	199.0	282.0	410.5	568.0	771.5	1035.0	1313.0	1629.5	1929.5	2201.5	2560.0	3089.5	3881.5	5187.5	7160.0	9562.5	13459.5	21092.5	33423.0	52210.5	79928.0	114192.5	158401.5	196146.5	244497.0	329946.0	419096.5	484361.0	522081.0	530555.5	520877.5	509092.5	495878.5	461214.5	407633.0	356067.0	307939.5	280082.0	256341.5	223388.0	199628.0	189580.0	180031.0	157361.0	136584.5	117384.0	99396.5	91774.5	88306.5	80308.0	69555.5	62809.5	55187.5	42538.5	29008.5	20527.5	14855.0	9780.5	6732.5	5080.5	3660.0	2880.5	2168.0	1485.5	1016.0	754.0	554.0	371.0	273.0	221.0	195.5	178.5	158.5	139.0	109.0	83.5	68.0	50.5	36.0	27.0	22.5	16.0	9.0	8.0	8.5	9.0	15.0	20.0	62.5	109.0	66.5	12.0	2.0	0.0	0.0
209159_HY5CNBGXT_TCDM_2_A05_C17_3_2_i_AGATAG_S33_trim1	23.0	31.5	54.5	79.5	110.5	172.0	266.0	384.0	552.5	796.5	1111.0	1487.5	1866.5	2166.5	2433.0	2742.0	3125.5	3623.0	4311.0	5301.5	6907.5	8939.5	11997.5	17685.5	27284.0	42075.5	63154.5	88847.0	121768.0	148335.5	181569.5	239707.5	298271.5	343895.5	374797.0	384185.0	378710.0	372137.5	366719.5	345227.0	308864.5	273427.0	239357.0	220181.0	200860.0	173107.5	155402.0	149098.0	139707.0	119442.5	103163.0	88855.0	75339.5	69181.5	64822.0	57972.0	50633.0	45733.0	39102.5	29510.0	20137.5	14075.5	10146.0	6595.0	4366.5	3217.5	2256.0	1773.5	1410.5	1039.5	743.0	558.0	440.0	319.5	234.5	176.0	150.0	136.5	123.0	124.5	119.5	97.0	72.5	56.5	43.0	31.0	25.0	21.5	14.0	7.0	8.5	9.5	12.5	17.5	45.0	86.0	56.0	8.0	2.0	0.0	0.0
209160_HY5CNBGXT_TCDM_2_B05_C17_3_2_o_TTGGTA_S34_trim1	72.0	60.5	52.5	57.5	58.0	67.5	93.5	146.5	229.0	328.5	434.5	535.5	667.5	927.0	1263.5	1669.5	2225.0	2809.0	3641.0	5184.0	7536.0	10026.0	13587.0	20559.5	32364.0	49202.0	70860.5	95681.0	126779.5	151170.5	179589.0	230755.5	286257.5	330360.0	361187.5	375685.5	374456.0	369760.0	363592.0	341456.5	307763.5	275594.5	245048.0	228110.0	210533.5	184580.5	168148.5	162601.0	155797.0	139087.5	123756.0	108016.5	92436.5	84411.0	78268.0	67507.0	52738.0	43348.5	35887.0	26773.0	19261.0	14190.0	10750.5	7680.0	5494.0	4212.0	3154.0	2593.0	1989.5	1382.0	1035.5	827.0	665.0	480.5	361.5	288.5	235.5	205.5	165.0	123.5	104.0	83.0	60.5	41.0	25.0	16.0	15.5	17.5	13.5	10.5	9.5	8.0	14.5	20.5	52.0	79.0	45.0	7.5	0.0	0.0	0.0
209161_HY5CNBGXT_TCDM_2_C05_X5_66_2_i_GTTACC_S35_trim1	74.0	62.0	54.5	56.0	66.0	89.5	122.0	179.5	266.5	382.0	537.5	714.0	921.0	1261.0	1622.5	2193.5	2889.0	3628.0	4844.0	6827.0	9836.0	13015.0	17598.5	25934.5	39371.0	58577.0	81143.0	107614.0	142505.0	169050.5	196465.0	244731.5	297433.5	337738.5	360731.0	366693.5	361335.5	354276.5	344203.5	315423.0	276619.0	245595.0	217164.0	199630.0	178699.0	149087.5	132258.5	128191.5	122485.0	106579.0	92967.5	80346.0	65735.0	57659.0	54717.5	47373.5	35801.5	29091.5	23961.0	18627.0	14582.5	12205.0	11806.5	10711.0	9237.5	7798.5	5936.5	4608.5	2850.0	1383.0	934.0	769.5	676.5	564.5	486.0	413.5	330.5	258.0	191.0	141.0	94.0	57.5	31.0	16.0	12.0	11.0	11.0	9.5	6.0	5.5	7.0	11.0	17.5	20.5	53.0	78.5	43.0	8.0	1.5	0.5	0.0
209162_HY5CNBGXT_TCDM_2_D05_X5_66_1_i_CGCAAC_S36_trim1	68.0	64.0	66.0	83.0	115.0	183.5	286.5	409.5	603.5	884.5	1255.5	1661.5	2045.0	2474.5	2901.0	3480.0	4176.5	4791.5	5645.0	6968.0	9091.5	11407.5	14655.0	21271.5	32784.0	49357.5	69557.0	93650.0	125162.0	149437.5	177001.0	227568.0	283841.5	327946.5	357955.0	373478.5	373721.5	369853.5	364182.0	338751.0	301497.0	272608.5	248026.0	232429.0	208775.0	176207.5	159962.5	156486.0	149981.5	131651.5	114735.5	98443.5	81666.5	72146.5	65460.0	55781.5	42971.5	34627.0	27944.0	20935.5	15291.5	11165.0	8401.5	5913.0	4307.0	3415.5	2704.0	2385.0	1898.5	1387.0	1082.0	929.0	792.0	594.5	473.5	398.5	317.0	217.5	138.5	104.5	73.5	42.0	26.0	21.0	12.0	6.0	3.5	4.5	4.5	5.0	5.0	3.5	8.0	12.0	30.5	62.0	46.0	10.5	1.5	0.0	0.0
209163_HY5CNBGXT_TCDM_2_E05_C17_3_3_o_TGGCGA_S37_trim1	12.0	11.5	19.0	28.5	32.0	39.5	54.0	73.5	99.0	132.0	177.5	241.5	312.5	406.5	510.5	649.5	864.5	1156.0	1581.0	2273.0	3437.5	4842.0	7168.0	11834.0	19597.5	32227.0	51167.5	74230.0	103832.5	127665.0	157044.5	209947.5	267018.0	313150.0	345370.0	358758.5	355977.5	351669.0	347493.0	325359.0	288804.0	250402.0	209111.0	184913.0	168012.5	142552.0	120746.0	107142.0	94992.5	78749.0	67668.5	59715.5	50817.5	44791.5	38845.0	32211.5	27396.5	24874.5	22178.0	17330.5	11841.0	8372.0	6028.0	4010.5	2821.5	2132.0	1556.5	1238.5	973.0	725.5	522.0	404.5	313.0	233.0	169.5	123.0	94.0	78.0	69.5	53.0	37.0	25.0	24.5	25.0	20.0	14.5	12.0	10.5	9.0	5.5	4.5	5.0	7.0	12.5	35.5	66.5	42.5	5.0	1.0	0.0	0.0
209164_HY5CNBGXT_TCDM_2_F05_A03_3_2_o_ACCGTG_S38_trim1	19.0	23.0	29.5	36.0	40.0	58.0	98.5	146.0	209.5	290.5	380.5	495.5	642.5	802.5	973.0	1204.5	1534.0	2030.0	2757.0	3978.5	6109.5	8499.5	11689.5	17688.5	28120.5	45174.5	67344.5	93352.0	128659.0	156183.0	186862.5	244352.5	307910.0	359952.5	392338.5	396174.0	385562.5	377808.0	369103.5	342612.0	302232.0	263729.0	224261.5	200197.0	181460.5	155785.0	138912.0	130499.0	121820.0	106689.0	93707.5	79988.0	64745.5	55634.0	49068.5	41424.0	32890.0	27454.0	22625.5	16769.5	11681.0	8378.5	6447.0	4701.5	3458.5	2786.5	2218.0	1773.0	1237.0	779.5	552.0	445.5	356.0	266.5	212.0	176.0	139.5	106.5	75.5	55.0	42.0	30.5	23.5	18.5	14.5	12.0	10.0	8.5	6.5	4.5	5.0	6.5	9.5	12.0	44.0	85.0	50.5	4.5	1.0	0.0	0.0
209165_HY5CNBGXT_TCDM_2_G05_X5_66_3_i_CAACAG_S39_trim1	30.0	40.0	78.0	141.0	230.5	406.0	716.5	1090.0	1555.5	2196.0	3023.0	3882.5	4672.5	5429.5	5914.0	6270.5	6564.5	6716.5	6932.0	7442.0	8451.0	9509.0	11621.0	16540.5	24990.0	38393.5	57596.0	82115.0	113812.5	136880.0	162944.0	213689.5	268978.0	313624.5	343496.0	353982.0	351441.5	348409.0	345667.5	324483.0	288823.5	256313.0	221185.5	197922.5	175263.0	142841.5	122912.0	115015.0	104676.0	85475.0	71579.0	60645.0	48406.0	41212.5	35690.0	29647.5	23937.0	20489.5	17108.0	12608.5	8599.5	5981.5	4358.5	3094.0	2280.0	1761.0	1287.0	1007.5	728.5	480.0	329.5	232.0	183.5	137.0	96.0	73.5	67.0	52.0	33.0	22.5	16.0	10.5	8.0	6.0	4.5	4.0	4.5	5.5	4.0	2.0	2.5	6.0	7.0	8.5	41.0	75.0	44.5	5.5	1.0	0.5	0.0
209166_HY5CNBGXT_TCDM_2_H05_X5_66_1_o_GATTGT_S40_trim1	4.0	6.0	23.0	47.0	59.0	68.5	90.0	135.5	196.0	244.0	307.0	387.0	460.0	553.5	663.5	779.0	903.5	1048.0	1226.5	1486.5	1831.0	2265.5	2860.0	3785.5	5197.0	7300.0	10537.5	15047.5	21864.0	29710.5	40149.0	56118.0	73120.5	84791.0	90150.5	92223.5	92309.5	92208.5	91729.0	86982.0	78640.0	69906.5	61432.5	54641.0	49133.5	43402.5	38381.0	35055.0	32498.5	28976.0	24965.5	21171.0	18197.5	17009.5	17667.0	21269.0	28676.0	34011.0	36337.5	32753.0	22090.0	13489.5	7834.0	4172.5	2707.0	2021.5	1387.5	1012.0	831.5	661.5	459.5	302.5	197.0	118.5	77.5	56.5	47.5	36.0	21.0	17.5	15.0	8.5	6.5	5.0	3.5	3.0	1.5	1.5	1.5	2.0	2.5	1.5	2.5	3.0	8.5	13.0	6.0	1.0	0.5	0.0	0.0
209167_HY5CNBGXT_TCDM_2_A06_X5_66_2_o_CTCTCG_S41_trim1	21.0	22.5	34.0	44.5	50.0	65.5	104.0	160.5	235.0	328.0	422.5	541.5	687.5	885.5	1125.0	1422.5	1804.0	2345.5	3248.0	4654.0	6980.5	9669.5	13506.5	20877.5	32839.0	50140.0	73340.0	101192.5	136444.5	164493.0	195943.5	252887.0	315745.5	362897.5	386921.5	391879.5	387058.0	379311.0	368951.5	343175.0	306274.5	270780.0	234645.0	213000.5	193334.0	166420.5	150423.0	145283.0	140582.5	127222.5	112845.5	97893.5	84622.0	79315.0	77928.0	71453.5	59200.0	50763.5	42530.0	31865.5	22194.5	16178.0	12772.5	9299.0	6722.5	5251.0	3908.0	3064.0	2064.5	1149.0	737.0	547.0	398.5	279.5	222.5	186.5	169.0	141.0	99.5	72.5	54.5	40.0	32.0	25.5	17.5	10.5	10.0	8.5	6.5	6.5	5.5	7.0	13.5	18.0	47.5	80.0	49.0	9.0	3.0	0.5	0.0
209168_HY5CNBGXT_TCDM_2_B06_A27_3_2_i_TGACAC_S42_trim1	119.0	103.5	93.5	99.5	118.5	170.0	263.5	367.0	533.5	803.5	1085.0	1350.5	1651.5	2114.5	2658.5	3350.5	4110.5	5125.5	6460.0	8351.5	11149.0	14063.0	17785.5	24366.0	34666.0	49306.0	67380.5	87682.5	115118.0	137662.0	161504.0	200200.0	238966.5	268353.5	286894.0	295540.5	295228.0	294176.5	292500.0	270996.5	238768.0	218607.5	204018.5	192971.0	174689.0	151358.5	142627.5	143389.0	141520.0	130772.0	118514.5	102794.0	85937.0	78923.5	76900.5	68066.0	51545.0	40111.5	32060.0	24548.5	19114.5	14433.0	11352.0	8590.5	6476.5	5379.5	4469.0	4002.0	3210.0	2338.5	1947.0	1736.0	1453.5	1077.5	813.0	640.0	482.5	350.0	233.0	139.5	85.5	61.0	52.5	41.0	30.0	23.0	18.0	13.0	10.0	7.0	3.5	4.0	8.5	10.0	25.5	52.5	40.0	10.5	3.0	0.5	0.0
209169_HY5CNBGXT_TCDM_2_C06_C64_3_1_o_AAGACA_S43_trim1	35.0	65.5	158.0	291.5	470.5	757.5	1261.0	2017.0	3043.5	4404.5	6013.5	7562.5	8957.0	10296.0	11385.5	12185.5	12795.0	13166.5	13528.0	14254.0	15293.0	16245.0	18351.5	23809.0	33498.0	48473.0	69223.5	91629.5	118505.0	140071.0	167484.0	220090.5	275838.5	317109.5	346959.5	361929.0	361645.0	358135.5	352907.0	330756.5	296185.5	262252.5	226615.0	206135.5	190249.5	164865.0	145452.5	135826.0	127398.5	111076.5	95943.0	80556.5	64460.0	56441.0	51245.0	43903.5	35401.5	30208.5	25339.0	18962.5	13171.5	9169.5	6558.5	4433.5	3084.5	2350.5	1730.5	1319.5	993.5	701.0	483.5	361.0	282.0	203.5	162.5	135.5	101.0	81.5	66.5	49.0	37.0	27.5	20.0	12.5	11.0	8.0	5.5	5.5	6.5	7.5	6.5	7.0	13.0	15.5	35.5	74.5	54.0	9.0	1.5	0.5	0.0
209170_HY5CNBGXT_TCDM_2_D06_X9_35_2_i_ACAGAT_S44_trim1	85.0	83.0	123.5	196.0	282.5	455.0	750.0	1137.0	1702.5	2466.0	3300.0	4154.5	4994.0	5941.5	6808.0	7577.5	8374.5	9488.0	10656.5	12234.0	14716.5	17250.5	21012.5	28642.5	41461.5	59472.5	81024.0	105072.0	138254.5	166090.5	198010.0	254151.0	314434.0	361665.5	392376.5	403847.5	400158.0	394542.0	387153.0	358340.0	318802.0	284966.5	253566.5	236294.0	214043.0	185592.0	173769.0	173334.0	169330.0	150096.5	129605.0	108083.5	86119.5	75287.5	68250.0	58245.5	45058.0	36232.0	29938.0	23055.0	16891.5	12270.5	9214.0	6526.5	4701.0	3627.5	2691.5	2218.0	1763.5	1326.0	1072.5	925.5	784.0	616.0	502.0	408.0	308.0	219.5	147.5	104.0	73.0	45.0	27.0	20.5	17.0	13.0	9.5	9.0	7.0	4.5	4.0	8.0	14.0	15.0	38.5	76.5	51.0	8.0	2.0	0.0	0.0
209171_HY5CNBGXT_TCDM_2_E06_C64_3_1_i_TAGGCT_S45_trim1	12.0	11.5	19.5	27.5	30.5	43.5	71.0	106.5	144.5	199.0	267.0	364.5	498.5	709.0	936.5	1246.5	1706.0	2433.0	3677.5	5545.5	7886.0	10247.5	14465.5	23004.5	37082.5	56752.0	79132.5	103286.0	136674.0	164124.0	195878.5	253915.0	316350.5	363098.5	392517.5	402313.0	397967.0	395583.0	393405.0	361592.5	313294.5	278498.5	248725.5	231343.0	214509.0	190728.0	175557.0	172115.0	170528.0	157826.0	141259.0	120224.5	102166.0	94946.0	89163.0	79003.5	63226.5	52257.0	44146.5	34644.5	25076.0	17950.0	13771.0	9583.0	6518.5	5073.5	3872.0	3220.0	2436.0	1646.0	1245.0	1025.0	848.5	650.0	482.0	366.5	291.0	224.5	165.0	116.5	78.5	58.5	45.5	32.5	26.0	21.0	19.5	18.0	13.5	10.0	8.0	8.0	14.0	19.5	39.5	75.0	54.5	9.0	0.5	0.5	0.0
209172_HY5CNBGXT_TCDM_2_F06_C14_3_1_o_CTCCAT_S46_trim1	47.0	47.0	54.0	63.5	101.0	160.5	240.0	363.0	527.5	778.0	1088.0	1360.5	1672.5	2140.0	2533.0	2966.0	3591.0	4373.5	5398.5	7013.5	9682.5	12382.5	16617.5	25023.0	38875.5	59153.0	83171.5	109488.0	144921.0	173074.0	204793.0	260233.5	319332.0	368212.5	403909.0	421227.5	420994.0	417027.5	408824.5	376651.5	332163.5	295697.0	260982.0	239271.5	216346.5	183846.0	163759.0	157168.5	150153.0	131726.5	114576.5	97140.0	79828.0	71570.0	65246.0	55870.0	43918.5	36029.0	29486.5	21901.0	15430.5	11036.5	8409.5	6202.0	4733.5	3838.0	3070.5	2655.5	1958.0	1261.0	979.0	839.5	673.0	488.0	399.5	319.5	249.0	191.0	131.5	93.5	67.0	48.0	34.0	24.0	20.0	17.5	14.0	12.5	11.0	9.0	8.5	9.0	11.0	15.0	47.0	85.5	53.0	7.0	1.5	0.0	0.0
209173_HY5CNBGXT_TCDM_2_G06_X9_35_2_o_GCATGG_S47_trim1	52.0	43.0	38.5	41.5	42.5	51.5	76.0	109.5	164.0	241.5	310.5	414.0	539.0	711.5	942.5	1287.0	1812.5	2683.5	3830.0	5542.5	7966.0	10202.0	13776.0	21073.5	32884.0	50749.5	73082.5	96933.5	127679.5	152390.0	182686.0	237182.0	295809.0	341463.5	371642.5	385617.0	384799.5	382585.0	377983.5	353275.5	318350.5	283263.0	244210.5	221564.0	201488.5	173612.5	157377.5	151789.5	144679.5	126363.5	108962.0	91224.0	72766.5	63230.5	57161.5	48512.5	37418.0	30668.0	25333.5	18834.5	13430.0	10008.5	7671.5	5438.5	3993.0	3191.5	2442.5	2006.5	1531.0	1055.5	805.0	650.0	532.5	420.0	349.0	282.5	217.0	164.0	111.0	77.0	56.5	38.5	23.0	17.5	14.5	9.5	8.0	7.5	6.5	5.0	4.5	4.5	8.0	12.5	39.0	86.5	61.5	9.0	1.5	0.0	0.0
209174_HY5CNBGXT_TCDM_2_H06_C64_3_2_o_AATAGC_S48_trim1	24.0	31.5	89.5	179.0	273.5	408.0	642.5	1001.5	1445.0	2047.0	2857.5	3706.0	4420.5	5139.5	5731.5	6242.5	6885.0	7447.0	8241.5	9502.5	11239.0	13294.5	17074.0	24827.5	37146.5	55779.0	81580.5	111355.5	150414.5	182648.0	220517.5	286881.0	356555.0	412280.5	454583.5	473273.5	470492.5	465153.0	460218.0	433898.5	387093.5	342261.5	296988.5	268494.0	245511.5	211465.5	186420.5	176681.0	168753.5	147023.5	125096.0	103825.5	82341.5	70853.0	62108.5	51818.0	41926.5	36297.5	30909.5	23799.0	16695.0	11321.5	7971.5	5440.5	3849.0	2857.5	2162.5	1838.5	1430.5	1018.0	734.5	607.5	523.0	441.0	358.5	272.5	203.5	142.5	92.5	70.5	57.0	42.0	33.0	24.5	19.5	16.5	14.5	11.0	10.5	9.5	7.5	9.0	11.5	12.0	52.5	98.0	55.5	7.5	4.0	1.0	0.0
209175_HY5CNBGXT_TCDM_2_A07_X9_35_1_i_GTGCCA_S49_trim1	8.0	6.5	13.0	25.5	32.5	43.5	67.5	106.5	143.5	188.5	264.5	351.5	417.5	511.5	639.5	784.0	960.0	1170.5	1469.0	1882.0	2608.5	3642.5	5246.0	7992.5	12620.5	20953.0	34177.5	52593.5	81263.0	108699.0	147502.0	216198.0	288390.0	342567.5	371383.0	367472.5	351442.5	346921.0	351194.5	336031.5	298830.5	257488.5	210348.5	180587.5	159463.0	130989.5	108978.5	97536.0	88854.5	73456.0	60648.0	51623.0	43757.5	40802.0	38940.5	36523.5	35882.0	35564.5	33217.0	26601.5	16942.0	10556.5	6481.5	3628.0	2321.0	1677.5	1186.5	914.0	697.5	536.0	419.0	343.0	282.5	204.0	134.0	101.0	90.0	74.5	58.5	47.0	41.5	30.0	22.0	16.0	13.0	9.0	4.0	5.5	5.0	3.0	4.0	6.5	8.0	11.0	38.0	63.5	39.5	7.5	0.5	0.5	1.0
209176_HY5CNBGXT_TCDM_2_B07_C64_3_3_i_TCGAGG_S50_trim1	14.0	13.5	32.5	66.5	82.0	95.5	138.5	237.0	323.0	377.0	472.0	607.0	753.0	940.0	1168.5	1404.0	1669.0	2019.0	2531.5	3285.5	4376.5	5806.5	7834.0	11220.5	16449.0	24297.0	35868.5	52255.5	77488.0	102770.0	136519.5	191415.5	249330.0	291714.0	313501.0	316344.0	308825.0	307251.5	313247.5	300543.5	269685.0	241820.5	217920.0	203100.0	190677.0	170450.0	151145.5	143755.5	143023.0	133777.5	118363.5	100214.0	82800.0	74333.0	68388.0	61366.5	57275.0	54873.0	51209.5	42493.5	29432.5	20324.0	14405.0	9336.5	6381.0	4966.5	3861.0	3219.5	2700.0	2080.0	1563.0	1279.5	1010.0	633.0	381.5	265.5	191.0	133.5	97.0	67.0	46.0	31.0	26.5	21.0	14.0	11.5	6.5	5.5	7.0	5.5	4.5	9.0	11.0	8.5	22.5	50.0	36.0	5.5	0.5	0.5	1.0
209177_HY5CNBGXT_TCDM_2_C07_C17_3_3_i_CACTAA_S51_trim1	25.0	44.5	110.0	192.5	308.0	536.0	896.0	1350.0	2014.0	2972.5	4038.5	5173.0	6267.0	7156.0	7850.0	8391.5	8797.5	9180.0	9478.5	9758.5	10564.5	11711.5	13799.5	18233.5	25772.0	37894.0	56173.5	77973.0	106843.0	131682.5	162051.0	215839.0	271818.5	315569.0	344661.0	355303.0	351729.0	346677.5	342295.0	319713.0	283765.5	251353.5	219240.0	199453.0	183766.0	161434.0	144208.5	136313.5	130851.5	117301.0	103227.0	88737.0	74271.0	67043.5	62046.5	54435.5	46350.5	41508.0	36094.5	27918.0	19632.0	14245.0	10542.0	7179.5	4995.0	3727.5	2731.5	2221.0	1707.5	1213.5	895.5	655.0	483.5	348.0	266.0	205.5	177.5	158.0	141.5	135.0	110.0	85.5	77.5	63.5	37.5	24.5	20.5	13.0	8.0	5.5	3.5	3.0	4.5	8.0	30.0	64.5	44.5	6.0	1.0	0.0	0.0
209178_HY5CNBGXT_TCDM_2_D07_X9_35_1_o_GGTATA_S52_trim1	5.0	6.0	14.5	28.0	38.0	57.5	98.0	141.0	204.0	303.0	400.5	501.0	614.0	736.0	836.5	928.0	1081.0	1220.5	1349.0	1566.5	1866.0	2285.5	2958.5	4128.0	6033.0	9144.0	13632.5	19710.0	29118.5	38382.5	50237.5	70819.5	94626.0	113577.0	124731.5	128653.5	127452.5	126086.5	125824.0	119556.0	108113.5	95881.0	81625.0	72058.5	65344.5	56689.0	49324.0	45084.5	42579.5	37081.5	31338.0	26245.0	20979.0	17866.5	15297.5	13238.5	12606.5	12240.0	11849.0	10265.5	7146.0	4796.0	3069.5	1838.5	1310.0	978.0	687.0	508.5	367.0	259.5	186.5	144.0	101.5	65.0	48.0	37.5	28.0	20.0	16.0	13.0	9.0	6.5	7.0	5.5	3.5	3.0	2.5	2.0	2.0	2.5	4.0	3.5	2.5	3.5	13.0	22.0	13.5	3.0	0.5	0.0	0.0
209179_HY5CNBGXT_TCDM_2_E07_X2_24_3_i_CGCCTG_S53_trim1	77.0	67.0	54.0	47.5	43.5	51.5	74.5	107.0	141.0	196.5	274.0	375.0	532.5	809.0	1136.0	1592.5	2274.0	3003.0	4013.5	5654.5	7975.5	10383.0	14154.5	21408.5	32690.0	48029.5	66246.5	86827.5	112688.0	132378.0	152906.5	188188.0	229402.5	266697.0	296153.5	317345.5	324276.0	322539.5	322280.5	310395.0	285851.0	263105.0	242750.5	230751.0	213133.0	190310.0	177299.0	171343.5	173292.5	172218.5	163827.5	142163.0	114248.5	102131.5	102117.5	95252.5	75197.0	58269.5	45372.5	33600.5	25694.0	19324.5	15343.0	11653.0	8916.5	7420.5	5943.0	5194.0	4399.5	3624.0	3351.0	3138.0	2611.0	1932.5	1437.0	1074.0	785.5	545.5	368.0	231.5	135.0	88.0	62.5	43.5	36.0	25.0	20.5	23.0	15.0	7.0	5.0	7.0	15.0	22.5	38.5	57.0	38.0	14.0	12.0	19.5	28.0
209180_HY5CNBGXT_TCDM_2_F07_X2_24_2_o_AATGAA_S54_trim1	29.0	50.0	135.0	273.0	459.0	750.5	1195.5	1850.5	2786.0	4023.5	5538.5	7124.0	8514.5	9811.5	10802.0	11536.5	12067.0	12282.0	12287.0	12226.0	12371.5	12735.5	13985.5	16781.5	21930.0	30174.0	41725.5	57342.0	79780.0	99492.5	124334.0	166275.0	213706.0	253590.0	278219.5	286150.0	284279.0	287552.0	296619.5	289732.0	268278.0	245268.5	222333.5	209738.5	197927.5	182944.0	176437.5	181872.5	199995.5	217336.0	215531.5	187863.0	156346.0	148474.0	161092.0	161828.5	142528.0	125380.5	106982.0	80539.0	54016.0	38612.0	29878.5	19627.0	13092.0	10119.5	7536.0	6089.0	4222.0	2473.0	1661.5	1236.0	914.5	629.0	491.0	422.0	334.5	258.5	205.0	162.0	129.0	106.0	92.0	71.5	53.5	39.5	30.0	25.5	16.0	11.0	8.5	5.0	8.0	12.5	25.0	51.0	38.5	7.0	1.5	0.5	0.0
209181_HY5CNBGXT_TCDM_2_G07_X2_24_1_o_ACAACG_S55_trim1	27.0	47.0	93.0	156.0	253.5	435.5	731.5	1121.0	1678.5	2500.5	3478.0	4367.5	5148.5	5955.0	6764.5	7554.0	8329.0	9134.5	10148.5	11685.5	14194.5	17009.5	21771.5	31576.5	46663.0	67420.5	93107.0	122578.0	160242.5	189911.5	221469.5	275689.0	337966.5	389719.5	421699.5	431664.5	426821.5	421609.5	414927.5	389024.0	350952.5	316085.0	283531.5	264834.0	245230.0	219484.5	204223.5	202558.5	209266.5	203164.0	184263.5	153907.5	122593.0	107147.0	100644.0	89753.5	70471.5	57158.5	48753.5	39277.5	29002.0	21778.5	17138.5	11448.0	7610.5	5931.5	4606.5	3957.5	3036.5	2069.5	1616.5	1332.5	1002.5	696.0	538.5	430.5	338.0	263.0	184.5	113.5	73.0	60.5	57.0	42.5	30.0	27.5	28.0	23.5	20.5	16.0	11.5	9.0	12.5	20.0	54.5	81.0	46.0	9.0	1.0	1.0	1.0
209182_HY5CNBGXT_TCDM_2_H07_X10_39_2_i_ATATCC_S56_trim1	41.0	45.5	73.5	104.0	143.5	224.0	347.5	533.0	760.0	1059.5	1459.0	1914.5	2355.5	2773.5	3236.5	3785.5	4325.5	5009.5	5948.0	7131.0	9064.5	11088.5	13990.5	20249.5	31006.0	46252.0	64212.5	85466.0	115848.5	140159.5	170231.0	220442.0	270956.0	310396.5	337071.5	353205.0	357197.5	360133.0	365650.5	349569.5	316209.5	288523.5	264387.0	249490.5	229552.0	202108.5	187521.0	181743.0	177747.0	167720.5	154102.5	132153.5	108282.0	96638.0	90598.0	79571.0	61350.5	48816.0	39028.0	28133.5	20127.5	15027.5	11979.0	9002.5	6888.0	5536.5	4249.5	3536.5	2732.0	1959.0	1581.5	1407.5	1187.0	897.0	690.5	537.5	411.5	301.5	209.0	150.0	109.0	71.5	47.0	33.0	25.0	22.0	17.0	13.5	10.5	8.0	7.0	7.5	11.0	13.0	35.5	70.5	46.5	7.0	1.5	0.0	0.0
209183_HY5CNBGXT_TCDM_2_A08_X2_24_3_o_AGTACT_S57_trim1	32.0	33.0	48.5	75.5	117.5	203.5	331.5	499.5	787.0	1159.0	1512.5	1869.0	2345.0	2946.5	3490.0	4093.0	4835.5	5778.5	7040.0	8908.0	11861.0	15108.5	20694.0	30934.5	46937.5	71506.0	102605.5	136216.5	177157.0	208711.5	243878.5	306747.0	380264.0	444418.5	489082.0	509929.5	511661.5	515585.0	522568.0	504432.0	465083.5	424182.5	385477.0	363528.0	337273.0	303342.0	287932.5	291862.0	301193.5	286948.5	256279.0	214668.0	177673.0	159942.5	148414.0	129852.5	101093.0	82360.0	68155.5	51823.5	36889.0	26518.5	19561.0	12656.0	8177.0	6056.0	4336.5	3422.0	2604.5	1840.0	1328.0	1015.5	815.0	631.5	508.5	376.0	271.0	200.0	145.5	103.5	65.0	40.5	36.5	29.0	19.5	16.5	12.0	11.5	8.5	9.5	10.5	10.0	10.0	10.0	52.5	100.5	66.5	16.0	3.5	1.0	1.0
209184_HY5CNBGXT_TCDM_2_B08_X2_24_2_i_ATAAGA_S58_trim1	128.0	145.0	214.5	324.5	491.5	784.5	1278.0	1951.5	2892.5	4172.0	5620.0	7088.0	8562.0	10011.0	11144.5	12092.5	13071.0	13703.0	14064.0	14764.0	16070.5	17441.5	19696.5	24472.5	32277.5	43584.0	57245.0	72273.5	92552.5	108740.0	127565.0	158930.5	191933.5	220075.5	241873.0	258495.0	264797.5	264670.0	266411.0	258829.5	241786.0	226134.5	211151.0	201820.0	187451.5	170368.0	162852.0	160962.0	165698.5	166229.0	157950.5	137454.0	112454.5	102117.0	102993.5	95187.5	73410.5	56399.5	43281.0	31312.0	23940.0	18430.0	15135.0	11694.0	8839.0	7286.5	5846.5	5091.5	4394.5	3812.0	3611.0	3424.0	2847.5	2067.5	1498.5	1063.0	761.0	552.0	401.0	280.5	168.0	104.5	73.0	50.5	33.5	25.5	26.0	27.0	18.0	10.0	9.5	9.5	10.0	10.5	28.0	54.0	35.5	5.5	1.0	0.5	1.0
209185_HY5CNBGXT_TCDM_2_C08_X10_39_3_o_GGTGAG_S59_trim1	44.0	37.5	32.5	36.0	39.5	45.5	54.0	62.0	87.0	119.5	169.5	251.5	332.5	460.5	651.0	883.5	1208.0	1763.5	2582.0	3698.5	5488.5	7423.0	10178.0	15430.0	24336.5	38939.0	57523.0	77758.5	105523.0	127949.5	155088.0	203536.5	253485.0	292601.0	321603.0	337845.0	340957.0	345070.0	349851.0	333518.0	302180.0	272417.5	240663.0	221449.5	203275.5	177657.0	162472.0	155425.5	148474.0	133468.5	118814.5	101194.5	81959.0	71981.0	66103.5	56620.0	43530.5	35655.5	29240.5	21654.5	15318.0	10828.5	7869.0	5482.5	3895.5	2914.0	2124.5	1733.5	1333.0	939.0	712.5	627.0	536.0	415.0	321.0	257.5	217.5	164.5	111.0	78.0	53.0	39.0	29.5	22.5	14.5	10.0	7.5	6.0	4.5	2.0	2.5	4.0	10.5	16.5	35.5	67.5	44.0	4.5	0.5	0.0	0.0
209186_HY5CNBGXT_TCDM_2_D08_X10_39_2_o_TTCCGC_S60_trim1	22.0	23.5	32.0	40.5	50.0	64.5	83.5	125.5	172.0	250.5	357.5	487.5	646.0	830.0	1041.5	1266.0	1597.5	2181.0	2971.5	4083.5	5982.0	8053.5	10990.5	17079.0	27858.5	44504.5	64990.5	88177.0	120816.5	147740.5	182362.5	242076.0	302734.5	348638.0	378042.5	393232.5	395660.0	397436.0	400883.5	376288.5	331541.0	294840.5	261127.0	241468.5	219887.5	189225.5	169071.5	158904.5	152559.5	137846.0	121724.5	101188.0	78530.0	66380.0	57833.5	47907.5	37413.0	31192.0	25871.5	19404.5	13704.5	9765.0	7242.5	5130.5	3716.5	2878.0	2119.5	1668.5	1246.5	827.0	575.5	469.5	386.0	277.5	211.0	178.5	142.5	103.5	80.0	63.5	50.5	34.5	23.5	18.0	14.5	10.0	5.5	4.5	4.0	3.0	4.5	7.0	11.0	13.5	33.5	68.5	48.0	8.0	2.0	1.0	1.0
209187_HY5CNBGXT_TCDM_2_E08_X2_24_1_i_GAAGTG_S61_trim1	48.0	43.0	45.0	51.5	60.0	86.0	125.0	163.5	217.0	306.5	436.0	608.5	769.5	984.5	1250.0	1613.5	2141.5	2770.5	3635.5	5050.0	7201.0	9444.5	12972.5	20094.0	31449.5	48055.5	68719.5	91759.5	122457.0	146471.5	173614.5	221955.5	277226.5	327363.5	369188.5	394200.5	398133.5	396412.5	399892.5	387300.5	355245.5	319013.5	279881.5	257417.5	233601.0	200571.0	179601.5	170555.5	163722.0	146151.5	128343.0	105469.0	75992.0	57283.5	45521.5	35879.5	27647.0	22444.0	18039.0	13001.5	9290.0	6654.0	4776.0	3501.5	2622.5	1945.5	1418.5	1162.0	931.0	711.5	578.5	502.0	403.5	312.0	238.0	174.0	133.5	92.0	49.5	29.0	21.5	15.5	12.5	12.0	6.5	6.0	7.0	3.0	2.5	3.5	3.0	6.0	13.5	19.5	44.0	77.0	48.0	5.5	1.0	0.0	0.0
209188_HY5CNBGXT_TCDM_2_F08_X10_39_3_i_CAATGC_S62_trim1	120.0	99.5	86.0	101.0	116.5	158.5	249.0	364.5	528.0	746.0	1008.5	1338.0	1681.0	2122.0	2617.0	3205.5	3849.5	4787.5	6006.0	7536.5	9844.0	12342.0	15931.5	22822.5	34205.5	50446.0	69723.0	90488.5	118748.0	141960.5	170038.5	217535.0	264362.5	299523.5	324841.0	340827.5	344204.5	345415.0	347512.5	328520.0	294622.5	267857.0	245303.5	231318.5	212529.0	186353.0	169590.0	159778.0	151347.5	138607.5	126706.0	109798.0	88459.0	77577.5	72256.5	62746.5	48167.5	37207.5	29207.0	21433.5	16182.0	12225.5	9704.5	7575.0	5854.5	4857.5	4001.5	3507.5	2798.5	2139.5	1904.5	1770.0	1482.0	1109.5	836.5	638.5	470.5	342.5	252.5	175.5	112.0	65.0	38.0	32.0	30.0	23.5	17.0	11.5	9.0	7.5	4.0	5.0	10.0	13.5	39.5	68.0	40.0	4.0	0.0	1.5	3.0
209189_HY5CNBGXT_TCDM_2_G08_X5_36_3_i_ACGTCT_S63_trim1	18.0	19.5	32.0	43.0	53.5	89.5	140.0	188.5	275.5	413.0	551.0	715.5	908.5	1093.5	1316.0	1581.0	1985.5	2534.0	3334.0	4809.5	6834.0	9008.0	12992.5	20767.0	33953.5	53027.5	75765.5	103537.0	140272.5	167854.5	195063.5	242703.5	297381.5	342872.5	369718.5	380836.0	380699.5	374719.0	364632.0	341672.0	310472.0	278427.5	248320.0	231078.0	213844.0	190722.5	175601.0	168460.5	164466.5	157338.5	146543.5	130223.0	117959.0	114886.0	113659.5	106290.5	90828.0	78227.5	64011.0	46275.5	31970.5	25122.0	24583.5	23483.5	21072.0	17590.5	13219.0	10151.0	5879.5	2449.5	1431.0	1055.5	841.5	608.0	499.5	431.0	345.5	289.5	204.5	122.5	84.0	59.0	38.5	28.0	22.0	18.5	15.0	9.5	6.0	3.5	4.5	10.5	18.5	24.5	39.5	65.5	44.5	8.0	2.5	0.5	0.0
209190_HY5CNBGXT_TCDM_2_H08_C64_4_2_i_CAGGAC_S64_trim1	8.0	12.0	25.5	39.5	59.0	91.5	148.0	228.0	325.5	480.5	660.5	865.0	1099.5	1322.5	1525.5	1761.5	2036.0	2354.5	2934.5	4117.5	5742.0	7520.5	11174.0	18325.0	29556.5	46435.0	67343.0	93161.5	130968.5	161589.0	193325.0	248759.5	310456.5	360940.0	394081.5	403066.0	397299.5	399087.0	405954.5	389091.0	352866.0	322190.5	298825.0	285239.5	264906.5	235112.5	221039.5	228407.0	240945.5	233612.5	208820.0	177398.0	158442.0	153087.0	149098.5	140719.5	116900.0	94920.0	79757.0	64921.0	48895.0	37600.0	31629.0	24537.0	19155.5	15361.5	11559.5	9082.5	5358.5	2305.5	1387.5	1004.5	747.5	555.5	483.0	398.5	309.0	246.5	163.5	107.5	81.0	58.5	43.5	35.0	27.0	18.0	10.5	9.0	10.5	12.5	12.0	8.5	10.5	15.0	44.0	80.0	50.5	7.5	2.5	1.5	0.0
209191_HY5CNBGXT_TCDM_2_A09_C64_4_3_i_AAGCTC_S65_trim1	18.0	21.5	53.5	99.5	136.5	200.0	323.0	481.0	675.0	943.5	1272.0	1623.0	1981.0	2322.0	2605.0	2912.0	3312.0	3741.0	4251.5	5090.0	6075.5	7201.0	9544.5	13858.0	20838.5	31935.5	47365.5	67331.5	96621.0	120720.5	149521.0	200423.5	250535.5	288428.0	316953.0	332941.0	336571.0	339681.5	346371.0	339730.0	317993.5	295296.0	275128.5	264146.5	248828.0	222379.0	208613.0	211546.0	211761.5	195859.0	175784.0	152768.5	135641.5	131596.0	129353.0	117223.5	92773.0	75651.0	61689.0	46136.0	33785.5	24664.0	19208.0	14872.5	11792.5	9860.0	8108.5	6964.5	5027.0	3174.0	2207.0	1649.5	1326.0	1016.0	847.5	733.0	568.0	375.0	221.5	139.5	112.5	87.5	57.0	39.5	36.0	27.5	23.0	18.0	9.5	6.5	5.0	6.5	14.5	21.5	48.0	96.0	63.5	5.0	1.5	1.0	1.0
209192_HY5CNBGXT_TCDM_2_B09_X5_36_2_i_GACGAT_S66_trim1	25.0	31.0	67.0	115.5	151.0	195.5	287.5	418.5	582.0	774.0	1001.0	1272.5	1583.5	1967.0	2320.0	2673.5	3226.0	3949.5	4986.5	6692.0	8835.5	11095.5	15184.0	22965.0	35499.5	53390.0	76305.0	104247.5	141114.5	170098.0	200231.0	251994.0	307825.0	353386.0	381406.5	391545.5	390436.0	385916.0	378850.0	360315.5	332002.5	300717.5	270435.5	253888.5	236974.0	214624.0	204856.5	206065.5	207659.0	197804.5	181533.0	159558.5	142711.0	138998.0	140230.5	130869.0	106741.0	89013.5	71552.0	51567.0	37011.0	28121.5	24366.5	21100.5	18055.5	15352.5	12355.0	10493.5	7557.5	4659.5	3379.5	2675.0	2131.0	1607.5	1306.5	1101.0	878.5	634.0	415.5	267.5	183.0	131.5	89.5	63.5	45.5	36.0	30.0	20.0	17.0	14.5	9.0	7.5	13.5	22.5	54.0	91.0	58.5	12.0	3.5	0.0	0.0
209193_HY5CNBGXT_TCDM_2_C09_C64_4_1_i_TCGTTC_S67_trim1	77.0	60.0	53.5	73.0	85.5	97.0	121.0	171.0	243.5	306.5	383.0	512.0	676.0	935.5	1294.0	1841.5	2589.5	3500.5	4930.0	6955.0	9169.5	11331.5	14162.0	19398.0	27765.0	38461.0	50549.5	64254.0	81993.5	95690.0	108535.0	131129.0	151338.0	161868.5	171032.5	177519.5	177560.0	174556.0	169110.5	159021.0	147343.0	140848.0	138157.5	137358.5	129869.5	126413.0	136014.0	152866.5	187459.0	219787.0	226084.5	213154.5	190916.0	186248.5	206995.5	200532.0	160903.0	131121.0	105937.0	88465.5	83295.5	83878.5	96198.0	95159.0	82057.5	67558.5	52780.0	45475.5	32521.5	18424.5	11811.0	9454.0	7938.0	6596.5	6275.0	5874.0	4856.0	3700.5	2568.5	1637.0	1008.5	576.5	332.5	260.0	214.5	166.0	128.5	110.5	88.0	66.0	52.0	38.5	28.5	19.5	27.0	53.0	40.0	9.5	4.0	1.5	1.0
209194_HY5CNBGXT_TCDM_2_D09_C14_4_3_o_CCAATT_S68_trim1	93.0	92.0	127.0	190.5	244.5	348.5	580.5	916.0	1318.5	1838.0	2434.0	3132.5	3830.5	4542.0	5288.5	6128.5	7073.5	8157.0	9830.5	12345.5	15110.5	17758.5	22173.0	30806.5	44232.0	63371.0	87570.0	114896.0	150184.5	177910.0	207285.0	259685.5	313192.5	352785.5	385037.0	406148.5	410613.5	409503.5	404815.0	384643.5	355086.0	328394.0	304798.0	291995.5	272710.0	243425.5	229585.0	232304.5	234978.0	221125.0	200541.5	175667.5	154648.5	148845.0	148376.0	134252.5	105021.5	85242.0	69646.0	53451.5	41370.0	32659.5	28448.0	24177.5	19896.5	16905.0	14465.0	12926.0	9699.0	6403.5	4712.0	3834.0	3298.5	2624.5	2278.0	1983.0	1508.5	1056.0	651.0	392.5	274.0	184.5	118.0	79.5	50.5	40.0	38.0	33.5	27.5	17.5	10.5	10.0	16.0	20.0	53.5	97.0	62.5	10.5	1.5	0.5	1.0
209195_HY5CNBGXT_TCDM_2_E09_C64_4_2_o_AGTTGA_S69_trim1	46.0	49.0	78.0	115.5	142.5	196.5	281.5	402.5	565.5	755.5	977.5	1220.0	1452.0	1738.5	2118.0	2529.5	3009.0	3643.5	4627.0	6468.5	8489.5	10235.5	13649.0	20566.0	32028.5	49579.0	73098.5	100580.5	136898.5	165661.5	199546.5	260888.5	321519.0	366382.5	401383.5	423187.5	428785.5	429561.5	428188.5	410566.0	378339.0	345494.5	316072.0	299438.5	277098.5	240115.5	215597.0	208093.5	199507.0	175553.5	152543.5	133690.0	118989.0	114438.0	112568.0	103232.5	87232.0	76499.5	63980.0	47311.5	32384.0	22375.0	16689.0	12380.0	9504.0	7693.0	5911.0	4792.5	3560.0	2343.0	1607.5	1251.5	1028.0	790.0	628.5	516.5	404.5	301.0	212.0	139.5	103.5	73.5	54.0	38.0	25.5	18.0	13.0	11.5	14.0	17.0	12.5	11.0	18.0	20.5	62.0	111.0	65.0	7.5	1.5	0.0	0.0
209196_HY5CNBGXT_TCDM_2_F09_C64_4_1_o_AACCGA_S70_trim1	20.0	29.5	85.5	175.5	256.5	362.0	557.0	846.5	1222.5	1712.5	2323.0	2989.0	3609.5	4218.0	4791.5	5242.5	5661.0	6068.5	6439.0	6967.0	7740.0	8655.0	10405.5	13989.5	19864.0	28541.0	40775.5	56590.5	78136.5	96094.0	116089.0	150526.5	186251.5	212636.5	234112.0	247477.5	249488.5	249800.0	251251.5	246627.5	234195.5	222210.0	213381.0	208847.5	199685.5	182278.5	169913.0	168885.0	171889.0	164006.0	148846.5	138211.0	135553.5	136488.5	137740.5	131248.5	120277.5	112074.5	96982.5	72398.0	46181.0	29621.0	20339.0	13740.0	10179.5	8170.5	6316.5	5073.0	3802.5	2671.5	1925.5	1474.5	1107.5	740.0	520.0	380.5	273.0	195.5	138.5	95.0	79.5	75.0	64.0	42.0	27.0	23.0	18.5	15.5	10.5	4.5	4.5	5.0	8.0	13.5	34.5	62.0	42.0	9.0	2.0	0.0	0.0
209197_HY5CNBGXT_TCDM_2_G09_X5_36_1_i_CAGATG_S71_trim1	16.0	23.0	61.5	118.0	151.5	185.5	263.0	377.5	507.5	657.0	863.0	1125.5	1382.5	1578.0	1750.5	1971.5	2243.0	2634.5	3102.5	3759.5	4842.0	6278.0	8704.5	13374.0	21007.0	31947.0	46604.0	65262.5	89834.0	110485.0	132567.5	169982.0	211718.0	243715.0	262425.0	269709.5	268539.5	268882.5	269936.0	259220.5	239418.5	218020.0	199500.5	189195.0	176433.0	159208.5	147570.5	143667.5	144622.5	140535.0	130362.0	121463.5	123020.5	133176.5	145258.0	149387.0	147171.5	141210.0	121254.0	88409.0	55167.0	35030.5	24290.0	16544.5	12116.0	9571.5	7089.0	5511.0	4002.5	2709.5	1968.5	1480.5	1137.0	841.5	658.5	528.0	388.0	275.5	180.5	112.5	75.0	67.5	67.0	54.5	44.5	33.0	20.0	10.0	7.0	6.5	4.5	4.5	9.5	15.5	44.5	69.5	39.0	7.5	2.5	0.5	0.0
209198_HY5CNBGXT_TCDM_2_H09_X5_36_2_o_GTAGAA_S72_trim1	87.0	77.5	94.0	149.5	195.0	249.0	383.0	631.5	909.5	1192.5	1585.5	2038.0	2481.0	2959.0	3476.0	4089.0	4741.0	5606.0	6799.5	8646.0	11493.5	14601.0	19096.0	27286.5	40283.0	59126.5	84080.5	114164.0	152668.5	182542.0	213053.0	265862.5	322070.5	366410.5	394096.5	404904.5	404408.5	400075.5	390617.0	367453.5	336962.0	307482.0	278483.5	261582.0	243320.5	217996.0	204330.0	201834.0	200923.5	187971.5	168935.0	150887.0	141255.0	141849.0	145539.5	138334.0	118787.5	104418.0	87425.0	64636.0	44674.5	31894.0	24505.0	18113.0	13641.5	10995.5	8493.0	6842.5	4890.5	3225.0	2315.0	1743.0	1433.0	1124.0	946.5	778.0	585.5	417.5	245.0	143.5	112.5	83.5	67.5	56.5	36.0	21.0	15.0	11.5	11.5	12.0	11.5	11.5	15.0	19.0	58.5	108.5	68.5	11.5	4.0	1.0	0.0
209199_HY5CNBGXT_TCDM_2_A10_A03_4_2_i_GACATC_S73_trim1	51.0	51.0	107.0	188.5	237.5	310.5	437.5	617.0	852.5	1141.5	1497.0	1880.0	2240.0	2674.5	3190.0	3741.0	4349.0	5056.5	6084.5	7756.0	9980.5	12365.5	16072.0	22461.5	33130.0	49842.5	72024.0	99813.5	138877.0	172835.0	212690.0	277950.0	344448.5	396541.5	426377.5	427269.0	415766.0	406398.0	396354.0	372647.5	337069.5	302623.0	268633.5	248687.0	229303.0	202393.0	185039.0	177268.0	170994.5	154392.0	136096.0	115990.0	95426.0	85015.0	78791.5	70462.5	60383.5	53589.0	45243.5	33395.5	22997.0	16137.0	11846.5	8421.0	6140.5	4879.0	3728.0	3023.0	2339.0	1675.5	1241.0	941.0	756.0	571.0	442.0	371.5	268.5	185.0	147.5	122.5	92.0	65.5	52.0	35.0	22.5	17.0	13.0	8.5	7.5	10.0	10.0	10.0	14.5	18.5	47.0	84.5	53.5	8.5	1.5	0.0	0.0
209200_HY5CNBGXT_TCDM_2_B10_A03_4_3_o_CGATCT_S74_trim1	20.0	23.5	53.0	92.5	112.0	139.5	207.5	318.5	482.5	663.0	856.5	1103.0	1323.5	1505.0	1730.5	2042.0	2384.0	2761.5	3290.0	3998.5	5022.5	6421.5	8439.5	11703.5	16663.0	24567.5	36618.5	53708.5	79181.0	104655.0	136333.5	184738.5	236910.0	278976.0	303422.5	310866.5	308650.5	306790.0	304174.0	291899.0	273294.5	254688.0	234572.5	220348.5	207462.5	188669.5	171436.5	161835.0	159387.5	150203.0	135448.5	121743.0	113217.0	112924.5	115779.5	124529.5	139187.0	143026.0	132195.0	104943.0	66771.5	40592.0	25175.0	14056.0	8315.0	5941.0	4092.5	3176.0	2590.0	1983.5	1447.0	1087.5	782.5	502.0	345.0	245.5	207.0	174.0	129.5	106.0	83.0	67.5	57.5	42.0	30.5	24.5	18.5	14.5	9.0	7.0	7.5	7.5	14.0	19.0	42.5	68.5	37.5	5.5	3.0	1.0	1.0
209201_HY5CNBGXT_TCDM_2_C10_A27_4_1_i_CGTCGC_S75_trim1	18.0	17.5	44.0	88.5	109.0	113.5	131.0	190.5	266.5	318.0	388.5	491.5	579.5	691.5	869.5	1113.5	1400.0	1813.5	2398.0	3228.5	4458.0	5877.0	8100.5	11961.5	17913.0	26723.0	39405.0	56631.5	81382.5	102630.5	126951.0	167478.0	210315.5	241619.5	259460.0	269800.0	272395.5	275638.0	283325.5	272185.5	246774.5	230749.5	217405.5	207103.0	194660.5	175929.0	165817.0	166565.5	170596.0	167830.0	157262.0	139019.0	122497.0	118752.5	123813.0	120337.0	104309.0	91723.5	79069.5	61291.5	43797.5	31724.5	23332.5	15568.0	10865.5	8832.0	7347.0	6492.0	5461.0	4156.0	3085.0	2493.5	2015.5	1423.5	1072.5	844.5	635.0	444.0	302.5	232.0	174.5	129.0	108.0	84.5	55.0	37.5	27.0	20.5	15.0	13.0	10.5	8.0	12.5	18.0	40.5	67.5	47.0	16.5	13.5	19.5	25.0
209202_HY5CNBGXT_TCDM_2_D10_A27_4_1_o_ATGGCG_S76_trim1	11.0	11.5	15.0	22.5	28.5	30.5	47.0	97.5	147.0	177.0	219.0	290.5	369.0	446.0	530.0	628.0	746.0	928.0	1193.0	1467.0	1810.0	2308.5	2959.0	3907.0	5287.0	7234.0	10164.5	14268.5	19832.5	25831.0	33479.0	44605.5	57156.0	67204.5	73959.0	79300.5	82347.5	84440.5	86409.5	85193.0	81735.5	78062.5	73961.0	70503.0	66851.5	62365.5	57668.5	54293.5	52170.0	48439.0	43911.5	39113.5	35229.0	34427.0	36943.5	46707.5	65306.0	76385.0	82094.5	75401.5	51353.5	32250.5	18078.0	8387.5	4715.0	3382.0	2484.5	2072.0	1881.0	1504.5	944.0	605.5	410.0	241.0	159.0	111.0	81.0	71.5	59.0	41.5	31.5	24.5	19.0	17.0	13.5	10.0	6.0	3.5	2.0	1.0	1.0	0.5	1.0	2.0	7.5	14.5	8.5	0.5	0.0	0.0	0.0
209203_HY5CNBGXT_TCDM_2_E10_A27_4_2_o_ATTGGT_S77_trim1	100.0	85.0	110.5	167.5	191.5	216.0	284.0	411.5	551.0	671.0	810.5	1000.5	1228.5	1535.0	1916.5	2464.0	3211.0	4170.5	5497.0	7416.5	10123.5	13035.5	17180.5	24516.5	35720.0	52133.5	74207.0	100637.0	135575.0	163950.0	194022.0	244837.0	300980.5	347287.5	379001.5	397005.0	401026.0	402192.0	404138.5	388857.0	359521.5	332191.0	304797.5	288628.5	274024.0	253347.5	245254.0	248913.0	251462.5	239151.5	219071.0	193616.5	170336.0	159978.5	155484.0	141216.5	114942.5	96399.5	81156.5	63523.5	47952.0	35626.0	26621.0	18667.5	13589.0	11013.5	8862.5	7552.0	6104.0	4610.0	3473.0	2724.5	2249.0	1727.5	1454.0	1249.5	968.5	692.5	453.0	309.5	219.0	163.5	123.5	89.5	63.5	49.5	39.5	32.0	24.0	17.5	13.0	13.5	23.0	27.0	66.5	118.0	74.0	11.0	2.5	0.5	0.0
209204_HY5CNBGXT_TCDM_2_F10_X4_24_1_o_GCCACA_S78_trim1	35.0	31.0	80.0	158.5	210.0	274.5	400.5	596.0	849.0	1174.0	1549.5	1946.0	2379.0	2857.0	3311.5	3775.5	4292.0	4971.5	5922.0	7245.5	9142.5	11373.5	14871.0	21059.0	30424.0	44143.5	63073.0	87079.5	118454.5	143944.5	172437.0	220874.5	273666.5	317408.0	348925.5	364537.5	365820.5	360949.0	355934.0	341867.5	317626.0	293122.0	269684.5	257849.5	245611.0	226380.5	216389.5	219326.5	226046.0	218085.0	198539.5	172287.0	149277.0	139957.5	137589.0	128374.0	111517.0	99662.0	86472.0	67871.0	48599.5	35290.5	26508.0	18357.5	13027.5	10062.5	7563.5	6070.0	4471.5	2936.5	2069.0	1541.0	1180.5	866.5	708.5	601.5	476.0	364.5	264.0	185.0	132.0	88.0	62.5	46.5	30.0	24.0	22.0	18.5	17.5	14.5	7.0	4.5	5.0	6.0	44.0	90.0	63.5	14.5	1.0	1.5	2.0
209205_HY5CNBGXT_TCDM_2_G10_A27_4_2_i_CATCTA_S79_trim1	81.0	83.0	126.5	194.0	258.5	384.0	586.0	848.5	1248.0	1823.0	2531.5	3238.5	3849.5	4544.5	5160.5	5680.0	6285.5	6953.5	7575.5	8637.0	10598.0	12749.5	15731.0	21367.5	30823.0	45424.5	65677.5	91558.5	128408.5	158525.5	191960.5	250057.5	312776.0	361512.5	392426.0	408998.0	412440.0	417553.0	429183.5	416477.0	381121.0	349337.0	317502.0	296878.0	275488.0	244929.0	230235.5	230124.5	228153.0	210814.0	188425.5	162586.5	139972.5	130413.5	124945.0	113908.5	96948.0	85627.5	73662.0	57190.5	41109.5	29230.5	20948.0	13814.5	9481.5	7275.0	5389.5	4307.0	3406.5	2432.5	1727.0	1354.0	1063.5	754.0	611.5	509.0	386.0	294.0	216.0	153.5	116.0	86.5	59.0	42.5	29.0	17.0	9.5	5.0	6.5	9.5	10.5	8.5	9.0	13.0	47.0	93.0	65.0	13.5	2.5	0.5	0.0
209206_HY5CNBGXT_TCDM_2_H10_A27_4_3_i_AACAAG_S80_trim1	87.0	121.0	275.0	495.5	720.5	1119.0	1821.0	2765.0	3994.5	5565.0	7392.5	9398.0	11270.5	12993.5	14460.5	15500.0	16380.5	17404.0	18232.5	19070.0	20525.5	22104.0	24528.5	29692.0	38791.5	52327.0	71115.5	94928.0	127569.0	155233.0	185538.0	236244.0	290752.5	332972.0	358880.0	371819.0	373993.0	375689.5	381172.5	365000.5	331413.0	307422.0	286763.5	273184.0	257795.5	235821.0	229991.5	240273.0	250242.0	243596.0	224124.0	194929.5	168502.0	158805.0	157620.0	147643.0	125160.0	108309.5	92386.0	71953.0	53031.0	38817.5	28621.0	19386.0	13585.5	10819.0	8579.5	7217.5	5753.5	4173.5	3042.5	2375.0	1899.5	1373.0	1105.5	946.0	723.0	546.0	401.5	303.0	245.5	187.0	134.5	92.0	59.0	46.0	38.5	35.0	28.0	21.0	16.0	9.5	13.0	17.5	48.5	86.0	55.5	11.0	2.5	1.0	1.0
209207_HY5CNBGXT_TCDM_2_A11_X4_24_2_o_GCAGCC_S81_trim1	23.0	21.5	30.5	46.0	58.5	82.0	114.5	178.5	256.0	336.5	440.0	551.0	699.5	950.0	1223.0	1505.0	1856.0	2428.0	3395.5	4923.0	6923.0	9003.0	12519.0	19413.0	30695.0	48207.0	72529.0	102132.5	141358.5	172576.0	209335.5	275704.5	347315.0	404680.5	443066.0	455995.5	450812.0	442806.0	432431.5	404853.5	362016.0	314409.5	264152.5	235106.5	210351.5	175459.5	151494.0	140933.0	127587.5	103206.5	85653.5	70914.0	53091.0	40919.5	31746.0	23880.0	17656.5	14300.0	11965.0	9115.5	6766.5	5066.5	3799.5	2804.5	2140.0	1710.0	1323.0	1056.5	819.5	587.0	386.5	286.5	221.5	159.0	111.5	68.5	41.5	32.0	26.0	20.5	15.0	10.5	9.5	9.5	10.5	11.0	10.5	7.0	3.5	2.0	3.0	5.5	8.5	14.0	46.5	92.0	62.0	10.5	4.5	11.5	19.0
209208_HY5CNBGXT_TCDM_2_B11_X4_24_1_i_ACTCTT_S82_trim1	12.0	16.0	29.0	48.0	82.0	141.0	242.5	368.5	527.0	752.0	1033.0	1337.0	1621.0	1934.0	2190.5	2462.0	2851.5	3437.5	4454.5	6404.5	8841.5	11229.5	16330.5	26579.0	43420.0	69152.5	101767.0	140473.5	190216.5	227260.5	268644.5	339081.0	414685.5	481013.0	522464.0	517848.5	491971.0	470947.0	447138.5	399633.0	332242.5	271560.5	218994.5	189418.0	161850.5	126533.5	107204.5	100914.5	88756.0	64699.5	47854.0	35896.5	22756.0	15543.5	11405.5	8304.5	5886.0	4665.5	3825.5	2858.0	2124.0	1517.0	1069.0	752.5	525.0	376.0	258.0	191.5	130.0	89.0	66.0	42.5	32.5	24.5	18.5	16.5	12.0	9.5	8.0	6.5	7.0	6.0	4.5	2.5	2.5	3.5	4.0	4.5	5.0	6.0	7.5	9.5	16.5	23.5	53.0	94.5	57.5	6.5	2.5	0.0	0.0
209209_HY5CNBGXT_TCDM_2_C11_X5_36_3_o_TGCTAT_S83_trim1	2.0	2.5	4.0	6.5	10.0	17.5	26.5	36.5	56.0	76.0	98.5	130.0	157.0	181.5	196.0	192.5	197.0	218.5	225.5	227.5	241.5	223.5	222.5	267.5	331.0	417.0	524.5	647.0	846.0	1039.0	1218.5	1588.0	2004.0	2302.0	2539.5	2651.0	2632.5	2579.5	2527.5	2457.0	2341.0	2144.0	1970.0	1869.5	1655.5	1472.0	1440.5	1446.0	1438.0	1365.0	1235.5	1038.5	907.5	923.5	1009.5	1182.5	1376.0	1412.5	1324.5	1074.5	706.0	468.5	298.0	165.5	104.5	74.0	55.0	43.5	34.0	25.5	17.5	13.0	13.5	12.0	6.5	4.5	5.0	4.0	3.5	3.0	2.0	1.0	1.0	0.5	0.0	0.0	0.0	0.0	0.0	0.0	0.0	0.0	0.0	0.0	0.0	0.0	0.5	0.5	0.0	0.0	0.0
209210_HY5CNBGXT_TCDM_2_D11_X4_24_2_i_AAGTGG_S84_trim1	11.0	13.5	32.5	59.5	72.0	84.5	122.0	180.5	241.0	318.5	421.5	518.0	639.0	782.0	934.0	1159.5	1451.0	1829.0	2351.0	3159.0	4303.5	5755.0	8275.0	12631.5	19463.0	30036.5	45271.5	65344.5	93353.0	117718.0	147016.5	196605.0	248616.5	288622.5	313870.0	319646.5	314123.5	314768.5	319621.0	308975.5	282578.0	252422.0	223529.0	207207.5	191284.0	168102.0	151674.5	146615.5	146751.5	141150.0	129347.0	109225.0	87733.5	78464.0	77030.0	71621.0	61710.5	54645.0	47033.0	35628.0	24013.5	16902.5	12311.0	7885.5	5148.0	3867.0	2847.0	2258.5	1738.5	1200.5	817.0	595.5	432.5	278.5	215.0	165.0	125.5	104.0	73.0	55.5	46.0	35.0	25.5	21.5	18.0	13.5	10.5	10.5	8.0	3.5	3.0	5.5	12.5	18.0	35.5	60.5	38.5	5.5	1.0	0.0	0.0
209211_HY5CNBGXT_TCDM_2_E11_X4_24_3_o_CTCATA_S85_trim1	74.0	69.5	92.0	140.0	193.0	296.0	472.0	702.5	1065.5	1563.0	2117.0	2743.5	3330.5	3861.5	4381.0	4892.0	5446.5	6081.0	7016.0	8562.0	10755.0	13042.5	16342.5	22933.0	34064.0	50510.0	72106.0	97511.0	129647.5	154460.5	182003.5	233121.0	290433.5	336653.0	371071.5	389105.0	389146.5	384217.0	379429.5	360284.0	327783.5	294420.5	261793.0	243572.0	224753.5	197228.0	179181.5	172863.0	166745.0	149944.5	133195.0	115034.5	95471.0	84271.0	78667.5	69487.5	56203.5	47902.5	39902.5	29671.5	20742.5	14789.0	10826.5	7008.5	4528.5	3394.5	2476.5	1953.0	1487.0	1037.0	709.5	536.0	425.0	351.5	305.0	228.0	165.5	120.5	83.5	61.5	52.5	43.0	32.0	26.5	22.5	15.5	8.5	7.5	8.5	7.0	5.5	8.5	14.5	18.5	38.5	70.5	47.5	7.5	1.5	0.0	0.0
209212_HY5CNBGXT_TCDM_2_F11_BLANK_AATCCG_S86_trim1	0.0	0.5	4.0	8.0	10.5	16.0	30.0	51.5	82.0	109.5	129.5	165.5	210.5	250.0	284.0	311.0	343.5	351.0	341.5	347.0	347.0	344.5	337.5	318.5	307.0	313.0	337.0	384.5	453.0	479.5	521.0	629.5	752.5	823.0	878.5	918.5	883.0	865.5	881.0	861.5	795.5	741.5	687.0	642.5	631.0	578.5	525.0	535.0	502.0	456.0	431.5	368.0	317.5	309.5	297.5	269.5	245.5	219.0	206.5	188.0	141.5	114.0	99.0	67.0	44.5	35.0	25.0	18.0	13.5	11.0	7.5	6.0	6.0	4.5	5.0	5.0	4.0	3.0	1.5	1.0	0.5	0.0	0.5	0.5	0.0	0.0	0.0	0.0	0.5	0.5	0.0	0.0	0.0	0.0	0.5	0.5	0.0	0.0	0.0	0.0	0.0
209213_HY5CNBGXT_TCDM_2_G11_A03_4_1_i_GGCCAA_S87_trim1	29.0	28.5	42.5	68.5	92.0	126.5	182.0	275.0	423.0	611.5	852.0	1095.0	1319.0	1595.0	1901.0	2214.5	2626.0	3145.5	3861.0	5048.5	6798.0	8791.5	11823.0	17571.5	27031.0	41944.0	62303.5	88336.0	124988.5	154290.5	186586.5	243713.0	304625.0	355081.5	386960.5	390118.0	379279.0	371722.5	364029.5	341429.5	303806.0	263828.5	223704.5	199633.5	179520.5	152554.5	133142.5	121602.5	111862.5	96812.5	84043.0	71224.0	56623.5	47942.5	41937.0	36280.0	31413.5	28114.5	23899.5	17510.0	11550.5	7671.0	5402.5	3681.5	2549.0	1879.5	1335.5	1083.0	836.5	546.0	350.0	270.0	209.0	136.5	104.5	88.0	60.5	41.5	37.0	32.0	24.0	14.0	5.5	8.0	9.0	6.5	6.0	6.0	6.0	5.0	6.5	8.5	8.5	10.5	41.5	73.0	44.5	7.5	0.5	0.0	0.0
209214_HY5CNBGXT_TCDM_2_H11_X8_37_2_i_AGACCA_S88_trim1	59.0	65.0	112.0	182.0	263.0	399.0	612.0	910.0	1378.5	1993.0	2662.5	3406.0	4129.5	4900.0	5692.0	6479.5	7339.5	8397.5	9431.5	10651.0	12847.0	15294.0	18428.0	24399.0	34542.5	48784.5	66418.5	86976.5	113854.0	134832.5	159489.0	202687.0	251018.5	291700.5	318481.0	333289.0	336347.0	337139.5	343240.5	328462.0	292741.5	269294.0	254538.0	243811.0	220851.5	188278.5	178805.0	188998.0	198109.5	189677.0	171445.5	147037.5	124180.5	114538.5	111261.5	100388.5	80907.5	67828.0	56395.5	42670.0	30626.0	22390.5	16770.0	11359.0	7711.0	5806.5	4156.0	3272.5	2445.0	1655.0	1206.0	954.0	799.0	652.0	520.0	401.5	320.5	255.0	176.5	113.5	83.0	56.5	38.0	31.0	25.5	23.5	18.5	14.5	11.5	6.5	3.5	6.0	12.5	18.0	36.5	67.0	46.0	7.5	1.5	0.0	0.0
209215_HY5CNBGXT_TCDM_2_A12_X4_24_3_i_CGCGGA_S89_trim1	41.0	35.5	38.5	53.5	71.0	89.0	121.5	178.0	236.0	305.0	390.0	509.0	670.5	893.0	1181.5	1558.5	2031.5	2747.0	3922.5	5788.5	8163.0	10590.0	14766.5	22661.0	35754.5	55332.5	81127.5	112963.5	155932.5	190415.0	229311.0	296822.5	369608.0	429882.0	475364.0	496334.0	494467.0	487650.5	487112.5	470738.5	428939.5	379022.5	329061.5	301916.0	277228.5	242226.0	220165.0	213601.0	207145.5	187595.5	166160.0	136800.5	105849.0	88386.5	75131.5	61927.0	49091.0	41504.5	34074.5	24670.0	16837.0	11360.5	7639.0	5014.0	3472.0	2571.0	1954.5	1660.5	1339.5	1007.5	779.0	666.0	578.0	475.5	401.0	307.0	229.0	174.5	124.5	110.0	84.0	43.5	26.0	18.0	9.5	9.0	6.5	5.5	7.5	10.0	11.5	10.5	14.5	21.0	55.5	107.0	71.5	12.5	7.0	6.5	6.0
209216_HY5CNBGXT_TCDM_2_B12_X8_37_3_o_CCTGCT_S90_trim1	13.0	10.5	21.0	39.0	48.5	63.5	88.0	133.0	187.0	237.0	312.0	422.0	545.0	689.5	852.0	1063.5	1422.0	1934.0	2577.5	3456.0	4914.5	6729.5	9517.0	14866.0	23555.0	36937.5	55811.0	79708.0	111432.5	137349.5	170519.0	230243.5	295604.5	347048.0	377461.0	387230.0	384862.5	385209.5	387926.5	368608.0	329356.0	293546.5	261068.0	240886.0	220297.0	190777.5	173562.5	171216.0	167857.0	149340.0	129317.5	110512.5	93031.5	85223.0	82123.0	76267.5	69528.0	65123.5	58210.0	45516.0	30211.0	20261.0	13738.0	8207.0	5096.5	3726.5	2674.0	2042.5	1454.0	944.5	609.0	404.0	288.5	194.5	135.0	96.5	80.0	68.0	50.0	35.5	24.0	15.5	14.5	13.5	11.5	7.0	4.5	3.5	3.5	6.0	6.0	7.0	10.5	12.0	47.0	81.0	46.5	6.5	1.5	1.0	0.0
209217_HY5CNBGXT_TCDM_2_C12_X8_37_2_o_GCGCTG_S91_trim1	17.0	15.5	21.0	38.5	49.5	55.5	71.0	96.0	122.5	146.5	190.5	270.0	356.0	480.0	644.0	883.0	1238.5	1751.0	2470.0	3478.0	5111.0	6909.5	9589.5	15004.5	23813.0	37027.0	54562.0	75194.0	102420.5	124194.0	151114.5	199362.0	251400.0	294438.5	322639.0	334711.0	335552.0	336850.0	341921.0	326881.5	293239.5	266192.5	242314.0	226086.5	205271.0	175623.5	161547.0	162826.5	163200.0	148448.0	129519.0	108199.0	88275.0	78731.0	71804.0	62580.5	52182.0	45657.5	39190.5	30419.5	21378.5	14888.0	10511.0	6828.0	4502.5	3269.5	2260.5	1727.5	1269.0	811.5	527.0	382.5	297.5	218.5	182.0	157.5	127.0	105.0	81.0	56.0	32.5	19.0	17.5	17.0	11.5	6.5	6.0	6.0	7.5	5.0	4.0	6.5	10.5	14.5	34.5	58.5	42.0	13.5	8.0	15.0	20.0
209218_HY5CNBGXT_TCDM_2_D12_X8_37_1_o_GAACCT_S92_trim1	18.0	17.0	31.5	55.0	83.0	121.0	174.0	268.0	407.0	600.5	788.5	1001.0	1299.5	1608.0	1824.5	2097.5	2491.0	2971.5	3619.0	4532.0	6046.0	7770.5	10474.5	16082.5	25418.5	39134.5	57417.0	79472.0	108559.0	131858.0	161445.0	214600.0	272286.5	318415.5	345280.0	354531.0	353287.0	354575.0	358850.5	339411.0	300021.0	268579.0	244022.5	228694.0	205327.0	172288.5	157930.5	160034.0	159004.0	140960.0	120519.5	100935.5	83001.0	74223.5	68573.0	59955.0	49691.5	43693.0	37064.0	28049.0	19459.5	13573.0	9560.5	6022.0	3790.5	2711.0	1950.5	1516.0	1064.0	670.0	422.0	311.5	249.0	184.0	148.0	121.0	97.5	78.0	59.5	46.0	33.0	21.0	15.5	11.5	5.5	3.5	3.0	4.0	4.5	4.0	7.0	11.0	13.0	15.0	40.0	67.0	45.0	12.0	3.0	1.5	1.0
209219_HY5CNBGXT_TCDM_2_E12_X8_37_3_i_TTCGAG_S93_trim1	22.0	21.5	35.5	57.0	76.5	106.0	151.5	235.0	355.0	487.0	625.0	797.5	999.5	1211.0	1468.0	1768.0	2065.0	2521.5	3185.5	4131.5	5853.0	7941.5	11308.5	17894.0	28615.5	45183.0	69674.5	102890.0	147347.5	181182.5	221889.5	296760.0	377717.0	441918.5	479390.5	489651.0	485122.5	482933.5	489858.5	467562.0	413026.5	364089.5	315596.0	283641.5	252761.0	208834.5	181330.5	170671.0	160271.5	138742.5	119468.5	102777.0	85719.0	76607.5	70600.0	61667.5	53732.5	49793.5	44402.0	34722.0	23299.0	15692.5	10498.0	6235.5	4028.0	2874.5	1990.0	1534.5	1100.0	715.0	466.0	338.5	254.0	176.0	122.0	86.5	62.5	49.5	45.0	39.0	29.5	17.5	13.0	12.5	13.0	12.0	9.5	6.5	4.0	6.0	10.5	13.0	15.5	19.0	64.5	108.0	65.5	13.5	1.5	0.0	0.0
209220_HY5CNBGXT_TCDM_2_F12_C14_4_1_i_AGAATC_S94_trim1	27.0	41.0	99.0	179.0	261.5	421.0	705.0	1099.5	1645.0	2318.5	3124.0	4048.0	4885.5	5703.5	6375.0	6847.0	7178.5	7607.0	8219.5	9028.0	10546.0	12260.0	15230.5	21557.0	32205.5	48256.5	70623.0	99248.5	137768.0	168274.0	206587.0	274390.0	346546.0	404735.0	437447.0	443611.0	438202.5	437541.0	444595.5	422959.0	371542.5	329983.0	295062.5	272444.5	243664.5	203336.5	185117.0	186311.0	182587.0	158874.5	134258.0	111743.0	89768.5	78352.5	70523.5	61261.5	52755.5	47702.5	41851.5	32546.0	22063.0	15056.0	10367.5	6572.5	4360.0	3216.0	2359.5	1816.0	1337.0	860.0	555.0	415.5	314.5	227.5	174.0	128.0	97.5	76.0	58.0	45.5	30.5	20.0	10.5	10.0	13.0	6.5	3.0	4.5	5.5	6.5	7.0	9.5	19.0	28.0	56.5	87.0	53.0	8.0	0.5	0.0	0.0
209221_HY5CNBGXT_TCDM_2_G12_X8_37_1_i_AGGCAT_S95_trim1	12.0	14.0	27.5	48.0	59.5	75.0	121.5	191.0	277.0	389.5	537.5	696.5	847.0	1040.0	1268.0	1517.0	1780.5	2191.0	2768.0	3508.5	4740.5	6425.5	9200.0	14319.0	22456.0	35197.0	52748.0	74816.5	106737.5	133671.0	164364.5	216233.5	271263.0	315650.5	348197.5	361631.5	358467.0	354163.0	348088.5	322160.5	281533.5	247022.0	214288.5	192333.5	172253.5	144875.0	127914.0	124505.0	120651.5	103864.0	87318.5	73035.5	59093.0	52760.5	49880.0	46198.5	42563.5	40029.5	35178.0	26636.0	17239.0	11095.5	7303.5	4542.0	2968.5	2134.5	1426.5	1109.0	901.0	644.0	414.5	276.5	206.0	152.0	115.0	91.0	77.5	73.0	58.5	45.5	39.5	33.0	27.5	20.5	13.0	8.5	7.0	5.0	3.0	4.0	4.0	2.5	6.0	9.5	28.0	42.0	22.5	5.0	1.5	0.0	0.0
209222_HY5CNBGXT_TCDM_2_H12_C14_4_1_o_ACACGC_S96_trim1	10.0	14.0	50.5	100.5	141.0	211.5	328.0	472.5	708.0	1003.5	1320.0	1727.0	2105.0	2447.0	2819.5	3202.5	3612.5	4080.0	4836.0	5843.0	7342.0	9549.0	13227.5	19714.5	30060.0	46342.5	68309.0	96242.5	137056.5	171400.5	210076.0	274706.0	343651.0	401912.0	447956.5	472227.5	472616.0	467502.0	459993.0	425227.0	371199.5	328505.0	289437.0	262623.0	237149.5	200631.0	177256.5	173344.5	171039.0	149409.5	125807.0	105668.0	87475.5	81104.0	77859.5	72149.0	65827.0	61113.0	54569.5	42757.5	28381.5	18460.5	12384.0	7931.5	5497.0	4189.0	3003.0	2311.5	1733.5	1183.0	768.5	539.0	397.5	265.0	201.5	154.0	122.0	122.5	109.5	87.5	74.5	60.5	50.5	36.0	26.5	20.0	12.0	10.0	7.0	3.0	1.5	2.0	11.5	21.0	40.5	77.0	54.0	9.5	4.0	1.5	1.0
