Sample	1	2	3	4	5	6	7	8	9	10	12	14	16	18	20	22	24	26	28	30	32	34	36	38	40	42	44	46	48	50	52	54	56	58	60	62	64	66	68	70	72	74	76	78	80	82	84	86
209031_HY55YBGXT_TCDM_1_A01_A04_1_2_o_CAGCGT_S1_trim1	0.002046119534303194	0.00023609071549652238	0.0	0.0	7.869690516550747e-05	0.04407026689268418	0.0019674226291376863	0.0011804535774826118	7.869690516550747e-05	0.0	0.0	0.0	0.0	0.0	0.0	0.0	0.0	0.0	4.071034669745455e-05	0.0	0.0	0.0009233339069195482	0.0007213305068492454	8.586263180987266e-05	4.3494845643317036e-05	0.00229618590274328	0.0005396928338236292	0.0015606546119868372	0.002341201017392314	0.0007162581528084243	0.00234184496400877	0.0019467285227175732	0.0006667384692710497	0.0017931099223847096	0.005602746760198087	0.002799334206352361	0.003864045574975749	0.012701570343443306	0.015910889153522196	0.025074254707453274	0.04953585492865398	0.046187912656971475	0.042955535798948605	0.0545205029372921	0.035500070260555724	0.017608084032850992	0.015762925598991173	0.0
209032_HY55YBGXT_TCDM_1_B01_A04_1_1_o_GATCAC_S2_trim1	0.001532218729331008	0.0	0.0002553697882218346	0.0	0.0	0.040348426539049874	0.002042958305774677	0.0035751770351056845	0.0002553697882218346	0.0001276848941109173	0.0002553697882218346	0.0	0.0	0.0	0.0	0.0	0.0	0.0	0.0	0.0	0.0	0.0006954838063550528	0.0004230750789035022	0.0001430617211183421	0.00014547062657108278	0.002522217771249685	0.0004550957066271037	0.0015546296872085068	0.002706786550773743	0.0004886081020995489	0.0028371303594644163	0.0029109589041095892	0.0015874639733870484	0.0036318337491782976	0.007693043799688151	0.0023200869259234914	0.003586178866647939	0.011531555277333905	0.01617251821004271	0.02842841179210521	0.04834339550518848	0.04562730597393454	0.04758010912342615	0.0584153901137498	0.04212353360620586	0.017379168696430688	0.016453789949244242	0.0
209033_HY55YBGXT_TCDM_1_C01_BLANK_ACCAGT_S3_trim1	0.0	0.0	0.0	0.0	0.0	0.0582843215175118	0.0	0.005298574683410163	0.0	0.0	0.0	0.0	0.0	0.0	0.0	0.0	0.0	0.0	0.0	0.0	0.0	0.0	0.0	0.0	0.0	0.008563598995204385	0.0	0.0029217553906386957	0.0029596306380963657	0.003003453972067878	0.0	0.0031096461222712857	0.0	0.006500471284168102	0.010017697933014992	0.0034367804240987045	0.0035513885929398395	0.025793139025019347	0.030616150019135095	0.04786979415988511	0.09584930821803633	0.09135995823544767	0.09133254178463787	0.11488750598372427	0.08653160948793648	0.04453847010355194	0.032771842432981584	0.0
209034_HY55YBGXT_TCDM_1_D01_A04_1_3_i_TGCACG_S4_trim1	0.0010786410201786768	0.0002696602550446692	0.0	0.0002696602550446692	0.0002696602550446692	0.04395462157228108	0.0013483012752233462	0.0018876217853126846	0.0	0.0	0.0	0.0	0.0	0.0	0.0	0.0	0.0	0.0	0.0001430598791430141	0.0	0.0	0.001503271117952665	0.0010695513995844029	0.0	0.00031521478735610444	0.0032216961908275088	0.0008268234764950622	0.002903967502895426	0.0035220196669578205	0.001082797949902548	0.003154041533161036	0.0024822518989227023	0.0005947578047092923	0.0018432009437188833	0.006836175330806798	0.0017783666147235418	0.004153657641691646	0.012749210992225387	0.013282409078150688	0.028100098221444242	0.05682708368186393	0.05105485926975081	0.04845803676539754	0.06252203827771045	0.039550534238805515	0.015280881706874487	0.014506443559813778	0.0
209035_HY55YBGXT_TCDM_1_E01_A04_1_3_o_ACATTA_S5_trim1	0.0011833156139405502	0.0001365364169931404	0.00022756069498856732	0.0	0.0001365364169931404	0.04273589851885295	0.0023666312278811004	0.0020935583938948197	4.5512138997713466e-05	0.0	4.5512138997713466e-05	0.0	2.2756069498856733e-05	0.0	0.0	0.0	0.0	0.0	0.0001389910408691573	0.0	0.0	0.0009667038886960721	0.0005221562775763784	4.7794944394166815e-05	9.633635259490395e-05	0.0020675806994990375	0.0008374615260322453	0.0012488095722752288	0.0028840315725561626	0.000538004786193055	0.0021043568760640316	0.0019255528512821677	0.000966724276272612	0.001832832040092517	0.0059474994953002186	0.0019645632647738716	0.002702010121206944	0.01017537042662472	0.012669457814368937	0.021631515713751055	0.04254621870481261	0.040277456753225055	0.03876535201754057	0.04694961267426914	0.03311751867518675	0.013426628388040478	0.012905264923064916	0.0
209036_HY55YBGXT_TCDM_1_F01_A27_1_2_i_GTGTAG_S6_trim1	0.0016213597000391906	0.00013897368857478776	4.632456285826259e-05	0.0	0.0	0.04169210657243633	0.0018529825143305033	0.001806657951472241	0.00013897368857478776	9.264912571652518e-05	4.632456285826259e-05	0.0	0.0	0.0	0.0	0.0	0.0	0.0	0.00011847894830502832	0.0	0.0	0.000897305996380704	0.00044011749180953577	2.463965733135756e-05	7.456771232969666e-05	0.0018850283508263965	0.0006370639201906707	0.0018367439858275798	0.00251828048660524	0.0006380606359656703	0.0025903862670672052	0.0014528743748870939	0.0007818381237672088	0.0021330700082108976	0.005460335311059038	0.002222137945583101	0.003203937578832733	0.010295031487956668	0.011824460508989276	0.02027410983281434	0.04240026973018758	0.03880486390100329	0.03728853677654836	0.04588039576219245	0.030473503092111623	0.012608964937093837	0.011471228234621187	0.0
209037_HY55YBGXT_TCDM_1_G01_C17_1_2_o_CTAGTC_S7_trim1	0.0013111346320717834	0.00035758217238321367	0.0	0.0	0.0	0.04529374183520706	0.0025030752066824958	0.0019071049193771395	0.0	5.959702873053561e-05	0.0	0.0	5.959702873053561e-05	0.0	0.0	0.0	0.0	0.0	0.00018843463579353595	0.0	0.0	0.0007218501412857595	0.00046633960715551496	0.0	0.0002061628961763655	0.00174956453338764	0.0008578101108648084	0.0014650436912654826	0.0021761005628596663	0.0003835911961217396	0.001885280671159919	0.0016108973987228807	0.0006634505899319714	0.0020484369998933103	0.005822005416229281	0.002637888815715268	0.003190918271198021	0.010691663127078192	0.015294489355236652	0.021831101767077664	0.04633184893900066	0.04398207812577119	0.04075740850810902	0.05239989169911025	0.037034899380507136	0.015235469171277893	0.01469344315027421	0.0
209038_HY55YBGXT_TCDM_1_H01_C17_1_2_i_TGTGCA_S8_trim1	0.001708984422412787	0.00025246360785643443	1.9420277527418036e-05	0.0	0.0001942027752741803	0.045288087193938856	0.0018643466426321311	0.0020002885853240573	9.710138763709016e-05	3.884055505483607e-05	9.710138763709018e-06	0.0	1.9420277527418036e-05	0.0	0.0	0.0	0.0	0.0	9.803095994170688e-05	0.0	0.0	0.0008907216200999054	0.0006655320834640806	2.9910609153483897e-05	4.0038881758075265e-05	0.0024228254689021805	0.00048513829372414996	0.0013726487036095577	0.0020977551870578533	0.00046371459088264983	0.002077616857118341	0.0018762296379296068	0.0006883258454070981	0.0018746680498503158	0.005264335872009559	0.0017695189480308772	0.0030424220621737335	0.009828686114390488	0.012039877646187745	0.020090348900038687	0.039704999179966304	0.03644486187434076	0.03559605773660567	0.04385337924975206	0.0298858864617716	0.012582953220472396	0.012290395323237398	0.0
209039_HY55YBGXT_TCDM_1_A02_X1_54_2_o_TCAGGA_S9_trim1	0.0014838744204375728	9.7303240684431e-05	7.297743051332325e-05	0.0	9.7303240684431e-05	0.04517302948774709	0.0019703906238597276	0.0018244357628330813	7.297743051332325e-05	3.6488715256661625e-05	1.2162905085553875e-05	0.0	0.0	0.0	0.0	0.0	0.0	0.0	0.00011116499182196209	0.0	0.0	0.0009414310630827849	0.0006318089258174186	3.817678370523247e-05	2.56561232828036e-05	0.0020717238568195386	0.0006285766667103179	0.0014590049453635807	0.0022584758380054435	0.000531978742675062	0.002122490744275656	0.0016266846441252497	0.0006514899430221374	0.0018117696118120248	0.0051783514359232475	0.002540635663906522	0.0033717650012083504	0.010793632257445646	0.013173319567617768	0.02200940509042525	0.044411514129153125	0.04150670884728518	0.04028319682687473	0.05078502536790952	0.034336755605804695	0.01582104091783369	0.015063649255618504	0.0
209040_HY55YBGXT_TCDM_1_B02_X9_27_1_i_CGGTTA_S10_trim1	0.0007168407394929069	0.0003584203697464534	0.0	0.0	0.0	0.0362004573443918	0.0014336814789858137	0.0014336814789858137	0.0	0.0001792101848732267	0.0	0.0	0.0001792101848732267	0.0	0.0	0.0	0.0	0.0	0.00018800102272556362	0.0	0.0	0.0007825828363932322	0.00019801901774646436	0.0	0.0	0.0010358357744529752	0.000634228017656908	0.0015160900470854253	0.002657124636859633	0.00045143873524923934	0.003920094635696382	0.0011803671886250376	0.0009738283627510652	0.001998291460801015	0.00414341391410185	0.001608018653016375	0.002212315962965831	0.009144267972772941	0.011195008204762592	0.022531792359018574	0.05160148907154179	0.046902691081248685	0.043095347646605185	0.06154957751567172	0.03916960438699569	0.01949760002268812	0.017167574184446924	0.0
209041_HY55YBGXT_TCDM_1_C02_X9_27_2_i_TTAACT_S11_trim1	0.0	0.0	0.0	0.0	0.0	0.04099200655872105	0.0020496003279360524	0.0020496003279360524	0.0	0.0	0.0	0.0	0.0	0.0	0.0	0.0	0.0	0.0	0.0	0.0	0.0	0.0016596316724108364	0.0	0.0	0.000577054023797708	0.001174494673666655	0.0017962888672003639	0.0006105043376333189	0.0037365484256675963	0.0	0.0019515368352577655	0.0013383118534280858	0.0013839393834550048	0.0014321312977973821	0.0014898688915375446	0.0030956877070241156	0.004834927516378317	0.010113524310384061	0.01405666593454865	0.01903087532964195	0.04203211253397596	0.04422566626927662	0.03673659858812316	0.04815721794727297	0.030648911435214546	0.015437544107268879	0.014216325079966828	0.0
209042_HY55YBGXT_TCDM_1_D02_X9_27_3_o_ATGAAC_S12_trim1	0.002448265098144827	0.0	0.0	0.0	0.0	0.044680838041143096	0.0012241325490724136	0.0012241325490724136	0.0	0.0	0.0	0.0	0.0	0.0	0.0	0.0	0.0	0.0	0.0	0.0	0.0	0.0006762765565350294	0.0003425983342868987	0.0	0.0	0.002165509923449224	0.001106884452332021	0.002269898497705511	0.002326474112159317	0.000791239397392075	0.0048539173135185645	0.002898802794445894	0.000852969399722785	0.0013115556799104646	0.006321711919587824	0.0004669754931261207	0.001930651015522434	0.01598377646688611	0.020612394232652095	0.029471977938119374	0.056481675730630815	0.05956615980276982	0.05573343494258887	0.06469142191745374	0.04789039767216295	0.018283840867536726	0.017482752592154278	0.0
209043_HY55YBGXT_TCDM_1_E02_X11_57_2_o_CCTAAG_S13_trim1	0.0006898007441570428	0.0002759202976628171	0.0	0.0	0.0	0.04607868970969046	0.0012416413394826771	0.0020694022324711284	0.0002759202976628171	0.0	0.0	0.0	0.0	0.0	0.0	0.0	0.0	0.0	0.00021244202103176007	0.0	0.0	0.001086244952581787	0.0007300239885882651	0.0	0.0	0.0021072626808294787	0.0008393416204329324	0.0013174587306052639	0.002990793079619634	0.0007190175344409398	0.002193105364092042	0.0019026394572679588	0.0006767473828909803	0.002337109929860734	0.004885579722889918	0.002822423150425139	0.0032691215590160507	0.00942374745895381	0.013565229445459362	0.02223813077848689	0.04463410462734694	0.03986095812027723	0.03949386080068838	0.050608321097315494	0.033403605487067785	0.012856338902796376	0.011333035411872127	0.0
209044_HY55YBGXT_TCDM_1_F02_X11_57_3_o_AATCCG_S14_trim1	0.0	0.0	0.0	0.0	0.0	0.038599308300395256	0.0015439723320158103	0.0	0.0	0.0	0.0	0.0	0.0	0.0	0.0	0.0	0.0	0.0	0.0	0.0	0.0	0.0009279795102124145	0.0028438175406665907	0.0	0.0	0.003089407451650774	0.0	0.0011110123544573816	0.0023159674374978287	0.0	0.0012351473530792224	0.0025735388733046814	0.0	0.002805206463195691	0.005922591726139358	0.003125097659301853	0.0032776138970829235	0.01886468873263591	0.01428316372076415	0.023900134208445938	0.06261265534579262	0.05510184000787169	0.0472560662406772	0.06030713562644037	0.05172491341699276	0.021259005550962558	0.015298707259236594	0.0
209045_HY55YBGXT_TCDM_1_G02_X9_27_2_o_GGCTGC_S15_trim1	0.0013598090310097974	0.00012950562200093307	0.00011331741925081645	0.0	1.6188202750116634e-05	0.04420998171056854	0.00178070230251283	0.0016835730860121302	0.00011331741925081645	1.6188202750116634e-05	0.0	0.0	8.094101375058317e-06	0.0	0.0	0.0	0.0	0.0	0.00010586935639982296	0.0	0.0	0.0009263669446040765	0.000600101540468875	5.771794460792365e-05	6.618237712207587e-05	0.0022918026040524052	0.0005839503255147668	0.0013167603803072364	0.0020164255153928778	0.000416172532561891	0.0021401784343807167	0.0015895338182390537	0.000585058513710366	0.0018567110644595265	0.005264194402484341	0.001991420886076813	0.003103415789366737	0.009455683218789911	0.011355854366364498	0.020469347790736017	0.039915343651287	0.03643642877311002	0.03581769143011385	0.043566769713235566	0.03021620225155077	0.012944071210883189	0.012306486991956585	0.0
209046_HY55YBGXT_TCDM_1_H02_X11_57_1_o_TACCTT_S16_trim1	0.010989010989010988	0.0	0.0	0.0	0.0	0.010989010989010988	0.005494505494505494	0.0	0.0	0.0	0.0	0.0	0.0	0.0	0.0	0.0	0.0	0.0	0.0	0.0	0.0	0.0	0.0	0.0	0.0	0.0	0.0	0.0	0.0	0.0	0.0	0.0	0.0	0.0	0.006996676578625153	0.0	0.0	0.007468259895444362	0.0038267258533598654	0.023515579071134628	0.05622489959839357	0.04924491135915955	0.0378755996969952	0.04741174949355631	0.03107796128573966	0.009226794611551946	0.009899029895070284	0.0
209047_HY55YBGXT_TCDM_1_A03_A27_1_1_i_TCTTAA_S17_trim1	0.0015196804825264656	0.0001240555495939972	0.0	0.0	3.10138873984993e-05	0.04512520616481648	0.0023260415548874477	0.0017367776943159607	6.20277747969986e-05	3.10138873984993e-05	4.652083109774895e-05	0.0	0.0	0.0	0.0	0.0	0.0	0.0	4.720268249697785e-05	0.0	0.0	0.0009424146324087766	0.0006746837299536605	6.462050156494699e-05	6.504528289982279e-05	0.0019502956500704156	0.0006120183870172705	0.0013035247308722786	0.0020939119510024603	0.0005462508923520437	0.0017973852538020316	0.001699635209222466	0.0007837803078047773	0.0016316008451692377	0.0048233124551048485	0.0018446277569420589	0.0029749394935693323	0.009231395938303634	0.011971782809727124	0.019997296661747578	0.04106887813479442	0.03757162563209243	0.03707358187462622	0.045462102908804425	0.029932493860120438	0.012142536026470729	0.011828944248803153	0.0
209048_HY55YBGXT_TCDM_1_B03_X1_54_2_i_GTCAGG_S18_trim1	0.0	0.0	0.0	0.0	0.0	0.061494643492895754	0.0032365601838366185	0.0	0.0	0.0	0.0	0.0	0.0	0.0	0.0	0.0	0.0	0.0	0.0	0.0	0.0	0.0	0.0	0.0	0.0	0.001992150925354105	0.0	0.0020995611917109325	0.004306168586500161	0.0	0.006768342207382005	0.00463875681317407	0.002406623026569118	0.0049653665681868965	0.005175715542673774	0.002683627190510694	0.005539092142797795	0.020055008022003207	0.01775410563692854	0.036535241284822655	0.06915629322268327	0.07454221357964673	0.0639300134589502	0.09104916654993696	0.06185867113019431	0.03047502952268485	0.03666137113528046	0.0
209049_HY55YBGXT_TCDM_1_C03_X11_57_2_i_ATACTG_S19_trim1	0.007321180174244088	0.0	0.0	0.0	0.0	0.051248261219708616	0.0	0.007321180174244088	0.0	0.0	0.0	0.0	0.0	0.0	0.0	0.0	0.0	0.0	0.0	0.0	0.0	0.0	0.0	0.0	0.0	0.0	0.0	0.0	0.0	0.0	0.0	0.0	0.0	0.0	0.004635853692457466	0.004752625825768737	0.0	0.010082169682915764	0.01564047755591471	0.02153895859135211	0.05574757498048835	0.057736720554272515	0.048039392301687384	0.05620433397864235	0.032918559483836984	0.03563791874554526	0.03271716015049894	0.0
209050_HY55YBGXT_TCDM_1_D03_X9_27_3_i_TATGTC_S20_trim1	0.0	0.0	0.0	0.0	0.0	0.031756113051762465	0.0	0.0	0.0	0.0	0.0	0.0	0.0	0.0	0.0	0.0	0.0	0.0	0.0	0.0	0.0	0.008248102936324645	0.0	0.0	0.0	0.00854627809588924	0.008644536652835409	0.0	0.0	0.0	0.0	0.0	0.0	0.0	0.009860960457548565	0.0	0.0	0.021168501270110076	0.032772558444395895	0.033825684970120645	0.04654951704876062	0.0601829561868079	0.025173064820641914	0.05272176090681429	0.02782415136338342	0.014934289127837515	0.0	0.0
209051_HY55YBGXT_TCDM_1_E03_C17_1_3_i_GAGTCC_S21_trim1	0.0	0.0	0.0	0.0	0.0	0.06431281754453662	0.006431281754453663	0.0	0.0	0.0	0.0	0.0	0.0	0.0	0.0	0.0	0.0	0.0	0.0	0.0	0.0	0.0	0.0	0.0	0.0	0.0	0.0	0.0	0.003986763943706893	0.0	0.008253549026081216	0.004208754208754209	0.0	0.0	0.0	0.004655060050274649	0.014327331773246098	0.019698611247907023	0.03045994517209869	0.052254794377384124	0.09697230901842474	0.07226236798221235	0.07503174419946901	0.1259068289465795	0.08165316248979336	0.05320917858330562	0.021966756974445337	0.0
209052_HY55YBGXT_TCDM_1_F03_X11_57_3_i_GGAGGT_S22_trim1	0.001369654868374027	8.560342927337669e-05	8.560342927337669e-05	0.0	0.00012840514391006505	0.04307992578182682	0.0022684908757444823	0.001605064298875813	6.420257195503252e-05	7.490300061420461e-05	3.210128597751626e-05	0.0	0.0	0.0	0.0	0.0	0.0	0.0	5.407852677979462e-05	0.0	0.0	0.0009181302190647772	0.0005486393469875036	3.304372345487549e-05	0.00012168414843828905	0.0021022159692111004	0.0006274319289576753	0.0014682813394204513	0.0021738274363427073	0.00043601047205362196	0.002316231630111706	0.001755750932918258	0.0006756771974711655	0.00159833446338384	0.005139521528857498	0.0019707305609740315	0.003136860071097122	0.009235483111461234	0.011393244317439124	0.019655796253631976	0.03886658746717174	0.03541649280029514	0.03475323213594247	0.04271851586653552	0.029271530367210905	0.01223317535980942	0.011362984274052423	0.0
209053_HY55YBGXT_TCDM_1_G03_X9_27_1_o_CACACT_S23_trim1	0.0011975097120255256	0.00022176105778250473	4.4352211556500953e-05	0.0	0.00013305663466950285	0.043819985017822936	0.001818440673816539	0.0018627928853730397	0.0	0.0	6.652831733475142e-05	0.0	0.0	0.0	0.0	0.0	0.0	0.0	9.077731937753084e-05	0.0	0.0	0.0009528774225455912	0.0004691232461827441	2.3686276218931303e-05	2.3943011801031656e-05	0.002156966577924053	0.0006642847547632907	0.0012757507793336377	0.0026218585107690927	0.0003630879593548964	0.002277638883003517	0.0015995709896383043	0.0005848308251517357	0.0015784490618703244	0.004866577149343086	0.0017455085309432726	0.0029767097793466373	0.009785412815925513	0.012264062792001495	0.02147125620424631	0.043420993342735005	0.03984164110355145	0.04011757036346843	0.050726732946235545	0.03431502422482536	0.016111366220640286	0.01476579940536374	0.0
209054_HY55YBGXT_TCDM_1_H03_A04_1_2_o_CCGCAA_S24_trim1	0.0013304898198271693	0.00010503866998635548	0.0	0.0	0.00010503866998635548	0.04544673121409647	0.0025209280796725316	0.0020307476197362058	7.002577999090365e-05	3.5012889995451824e-05	3.5012889995451824e-05	0.0	0.0	0.0	0.0	0.0	0.0	0.0	3.588349561943256e-05	0.0	0.0	0.000716779081519285	0.0004080027135889569	5.616366240996028e-05	5.675423656187376e-05	0.0019713944917323927	0.0004851634117700256	0.0013599532018422832	0.0018833497258223476	0.0005299864282706176	0.0022023013217755453	0.0014002336692974795	0.000521421630003122	0.002008947405310496	0.004717074475012621	0.002131609855711329	0.003396550717222002	0.010519986453299372	0.01341329307412913	0.023221656040502508	0.04674217574146592	0.04321690261079889	0.04331799115830639	0.05416177193431368	0.03717341161669113	0.016140755905299526	0.01589952117094213	0.0
209055_HY55YBGXT_TCDM_1_A04_X4_67_2_o_TTTATG_S25_trim1	0.0015665354876605551	0.00011651916850367767	0.00012946574278186406	0.0	0.00011651916850367767	0.04536479627076517	0.0022009176272916892	0.0017089478047206056	5.178629711274563e-05	5.178629711274563e-05	1.941986141727961e-05	0.0	0.0	0.0	0.0	0.0	0.0	0.0	0.00010381904858926135	0.0	0.0	0.000865113854512177	0.0005730746726066724	1.3042446773448657e-05	7.185102747622483e-05	0.002048494072162098	0.0005183137979332007	0.0014081433853188286	0.0020795764793958534	0.000543460575348456	0.0022504875168520232	0.0018209229401478697	0.0007342215617970377	0.0018589822221595023	0.005068340865280011	0.002261755595379923	0.0034108897737556813	0.0102859718577219	0.012456658377253012	0.02073930275117929	0.03957116348376873	0.03727740165164212	0.036285462699793186	0.04430575825845213	0.030850002623408198	0.014036998406622208	0.012982970022428346	0.0
209056_HY55YBGXT_TCDM_1_B04_C64_1_2_o_AACGCC_S26_trim1	0.001996303008146328	0.00010082338424981455	0.00010082338424981455	0.0	8.065870739985163e-05	0.045672993065165986	0.0022786084840458088	0.0020164676849962907	6.0494030549888717e-05	4.032935369992581e-05	6.0494030549888717e-05	0.0	0.0	0.0	0.0	0.0	0.0	0.0	0.00012179202347500657	0.0	0.0	0.0009295583729459697	0.0005941955698417473	7.196053601964071e-05	6.193343806965861e-05	0.002343606522153252	0.0005632061196725395	0.0016482671410596467	0.0022842977793664457	0.00045857064808723253	0.002347787194414765	0.0018304360327434498	0.0006289375490391985	0.0020259824979737377	0.0047872613817423635	0.0022052083789143744	0.0037114903512996088	0.01043853484724884	0.013152625130972068	0.02141807076475015	0.041694125461178025	0.039326923769822594	0.03814827108208239	0.04730408519950406	0.03333923486235785	0.015085546330943191	0.01496889832571457	0.0
209057_HY55YBGXT_TCDM_1_C04_A04_1_1_i_CAAGCA_S27_trim1	0.0018388104464389442	0.00014254344546038326	5.70173781841533e-05	0.0	7.127172273019163e-05	0.04518627221094149	0.002138151681905749	0.0017390300346166758	7.127172273019163e-05	7.127172273019163e-05	4.9890205911134137e-05	0.0	1.4254344546038324e-05	0.0	0.0	0.0	0.0	0.0	0.00010001332320341247	0.0	0.0	0.0010025717397369597	0.0006882306536212546	4.3069262049110585e-05	4.3136863850783266e-05	0.002124777906688974	0.0006352693913996508	0.0015200020324598607	0.0021272336952074876	0.0005318637767180493	0.0024146542291973694	0.0020371015765768916	0.0008134884069027597	0.0020022697849376167	0.005098736278213445	0.0021150680088787535	0.003427990041460397	0.00999990377305838	0.012635518074948811	0.02092908891515398	0.03995531795751683	0.03691511045777096	0.035659730677980214	0.04348853015242595	0.029826265220054226	0.013643863772004388	0.013437427727920243	0.0
209058_HY55YBGXT_TCDM_1_D04_X4_67_3_i_GCTCGA_S28_trim1	0.001464736469496863	9.764909796645754e-05	9.764909796645754e-05	0.0	9.764909796645754e-05	0.045895076044235046	0.0013670873715304055	0.001464736469496863	0.00019529819593291507	9.764909796645754e-05	0.0	0.0	0.0	0.0	0.0	0.0	0.0	0.0	4.956993127624728e-05	0.0	0.0	0.0009030840319691747	0.0005545973346052098	0.0	0.0	0.002365473953560604	0.0005709993578852675	0.0015212324710742891	0.0020157386753944617	0.00042950391224376064	0.001688010929598509	0.0014384875078425233	0.00033785039308893233	0.0024118040581474474	0.004751496721467263	0.0023928453922770912	0.0036708204038881334	0.009871966256739032	0.013377969860602851	0.02175111901141499	0.04211369316377394	0.042144957259593684	0.03951147568345621	0.04911486308945474	0.03595614778691101	0.01555709453695061	0.014014082356090645	0.0
209059_HY55YBGXT_TCDM_1_E04_A04_1_2_i_GCGAAT_S29_trim1	0.0017012260064702778	0.00010925304628708204	4.682273412303516e-05	0.0	7.80378902050586e-05	0.04640132951592785	0.0019041245210034302	0.0019353396770854534	0.00014046820236910548	4.682273412303516e-05	3.1215156082023444e-05	0.0	7.803789020505861e-06	0.0	0.0	0.0	0.0	0.0	7.826065996275419e-05	0.0	0.0	0.0009105191968843918	0.0005501904562863071	3.93611837324951e-05	5.521190961905045e-05	0.0020315751038929328	0.0005786742525312243	0.0016462152913995908	0.002171145319066567	0.0003847739497134116	0.0023608502380550846	0.001799382908926179	0.0006526685045267864	0.002145387925592357	0.004940832699425603	0.002390853164248185	0.0038657442224426875	0.0105409416494814	0.013065622457264706	0.02085038410385727	0.04046322877229193	0.03773901795945066	0.03595278653640273	0.044653108043164795	0.03120059380146909	0.014635349974357899	0.014165862162402213	0.0
209060_HY55YBGXT_TCDM_1_F04_C17_1_1_i_TGGATT_S30_trim1	0.0017592618939977409	0.0001416855216642476	0.00010626414124818569	0.0	2.361425361070793e-05	0.04672080076878564	0.0020426329373262357	0.0019481759228834044	0.00011807126805353967	6.493919742944681e-05	3.54213804160619e-05	0.0	0.0	0.0	0.0	0.0	0.0	0.0	0.0001359786582087153	0.0	0.0	0.0009236592109605666	0.0006932229106261474	7.708663286358517e-05	7.122548552336072e-05	0.0022757488654678876	0.0005890663922450301	0.0015257349468218793	0.0022691030862489066	0.0005027294919732953	0.002274698332388043	0.0017945849423122238	0.0006468024955937336	0.002215883648259979	0.0053011094203276495	0.002280147363717523	0.0035813905522424096	0.010667026953056264	0.012479766606426145	0.021382432459190394	0.04015366876117403	0.03716537519947732	0.03580780967217515	0.04358873771275888	0.03057470637194352	0.013624140343729656	0.012992998095967058	0.0
209061_HY55YBGXT_TCDM_1_G04_X4_67_2_i_ACCTAC_S31_trim1	0.0017764104800143726	6.728827575812018e-05	5.383062060649614e-05	0.0	6.728827575812018e-05	0.04533884020582138	0.0021532248242598457	0.001884071721227365	4.037296545487211e-05	4.037296545487211e-05	7.40171033339322e-05	0.0	0.0	0.0	0.0	0.0	0.0	0.0	0.00012129285242783816	0.0	0.0	0.0009650307932553121	0.0006820449111042246	7.433855915382717e-05	8.79345004315893e-05	0.0023360673220746172	0.000644095045105637	0.0016161397768056644	0.0022516201120966694	0.0006271051904201502	0.0024120561261544984	0.0018501263362194847	0.0007698414078584724	0.002097145288569951	0.005389770465055444	0.0022402068003077574	0.0037058692158198946	0.010472454804636286	0.012865556917174127	0.021074179394631676	0.04009791482184028	0.03708876772642066	0.03496712501328751	0.042078084850060295	0.02950715586224033	0.012725976174213498	0.012156928248973891	0.0
209062_HY55YBGXT_TCDM_1_H04_X4_67_1_i_CGAAGG_S32_trim1	0.001702080537119198	0.0001230419665387372	7.177448048093003e-05	0.0	3.07604916346843e-05	0.044684740847984725	0.0023788113530822524	0.002030192447889164	9.22814749040529e-05	6.664773187514931e-05	1.538024581734215e-05	0.0	1.0253497211561433e-05	0.0	0.0	0.0	0.0	0.0	0.00010274826961639139	0.0	0.0	0.0007823643947611027	0.0005666480342490315	5.156207034293572e-05	5.161913482097271e-05	0.0020157902536127744	0.0005436311641690525	0.001410975292058917	0.0018715082724304684	0.000557650450834331	0.002132769278587655	0.0015212232943349383	0.0006267367586586316	0.0018043341906301823	0.004803058127854109	0.0020906122686859168	0.0035932261447437558	0.01051361103465259	0.012601644514609158	0.020487822109185965	0.03960827002839141	0.03676832567674093	0.0349835066344292	0.04244040950005232	0.029695146222107754	0.013060965611405307	0.01225787038826326	0.0
209063_HY55YBGXT_TCDM_1_A05_C64_1_2_i_AGATAG_S33_trim1	0.0015019725502403761	4.845072742710891e-05	7.267609114066337e-05	0.0	4.845072742710891e-05	0.04392058441267423	0.0018653530059436932	0.001913803733370802	9.690145485421782e-05	3.6338045570331685e-05	3.6338045570331685e-05	0.0	0.0	0.0	0.0	0.0	0.0	0.0	7.365939893930465e-05	0.0	0.0	0.0008224133045538521	0.0005263733739292532	0.0	3.805783751054044e-05	0.0023769843506251274	0.000670708026479037	0.0015773882309630097	0.002306398291525581	0.0004800105602323251	0.0022160571991388183	0.0018933136940909954	0.0006006657891358557	0.0019372363898460326	0.0054009562167335315	0.0019174728599553631	0.002813306116750987	0.010081073714061362	0.012716768588615755	0.021235048986262266	0.04266183983614037	0.03889819845822323	0.03909445772526492	0.04757196184033207	0.03249761941587818	0.013826642509774006	0.013053882606752106	0.0
209064_HY55YBGXT_TCDM_1_B05_C64_1_1_o_TTGGTA_S34_trim1	0.001597835545091143	0.00010453129734241122	4.479912743246195e-05	0.0	0.00010453129734241122	0.044843926559894415	0.002210090286668123	0.002001027691983301	5.973216990994927e-05	6.719869114869293e-05	3.73326061937183e-05	0.0	0.0	0.0	0.0	0.0	0.0	0.0	9.7886421331168e-05	0.0	0.0	0.0008583802486249014	0.0005412739698603407	2.2956793707267365e-05	7.684121147854017e-05	0.002184594701331167	0.0005666694353255515	0.0012811500102452942	0.0018722518509136862	0.000459764830289307	0.0018713944167667344	0.001591543909080671	0.000588352580089495	0.0019371698015427487	0.005082346616039214	0.0021556548065606545	0.003315279056473312	0.009929572411428876	0.011960472129030836	0.021061653076841824	0.04099188075583702	0.03795376715059411	0.03693340894472448	0.04524601481173216	0.031312870372544876	0.013859518135850103	0.013497531428041169	0.0
209065_HY55YBGXT_TCDM_1_C05_X5_31_3_i_GTTACC_S35_trim1	0.0015558335031084082	0.00023127254775935798	0.00012614866241419527	0.0	0.0	0.045518642354455456	0.0021445272610413194	0.0016399326113845385	0.00014717343948322779	5.256194267258136e-05	5.256194267258136e-05	0.0	0.0	0.0	0.0	0.0	0.0	0.0	5.2968924085679564e-05	0.0	0.0	0.0011113868205338974	0.0006111756360086671	1.0756632270542209e-05	5.397346146489156e-05	0.00208123583784051	0.0007301467911083814	0.0015458561790228631	0.0023943461653001424	0.00042227983996038566	0.002319437140956453	0.0017985078492990683	0.000709121707016073	0.0019335833792414655	0.005025963564112741	0.0021661408617598657	0.003393987882617781	0.009408022620575801	0.012295187889290113	0.020605718592139537	0.04027263161276219	0.03636768945855022	0.03537193205924595	0.04434567076427866	0.03046495616092808	0.012344189468190008	0.011859025907747418	0.0
209066_HY55YBGXT_TCDM_1_D05_X4_67_3_o_CGCAAC_S36_trim1	0.002718582531068301	0.0	0.0	0.0	0.00033982281638353764	0.0370406869858056	0.001699114081917688	0.004077873796602452	0.0	0.0	0.0	0.0	0.0	0.0	0.0	0.0	0.0	0.0	0.00017696953823338388	0.0	0.0	0.0007328275601788832	0.0005555123490395192	0.0	0.0	0.001537202215108392	0.00039164848764936493	0.0010002200484106503	0.0010193887744908154	0.0008290464721999991	0.0016886294028373196	0.0012907028522381864	0.000440370527762059	0.0011242902917533307	0.004613269608702472	0.001418198320853188	0.0029026452773961335	0.010920336147801787	0.013990567813554063	0.02333885686279086	0.04393917336121442	0.04413552584906733	0.04196997617995392	0.04971684258047557	0.03807693884843621	0.016658791601545937	0.016052704238556027	0.0
209067_HY55YBGXT_TCDM_1_E05_X5_31_2_i_TGGCGA_S37_trim1	0.0016194645760921338	0.0001301355462931179	7.229752571839882e-05	0.0	0.00011567604114943811	0.04570649575917174	0.001980952204684128	0.001966492699540448	5.783802057471906e-05	7.229752571839882e-05	1.4459505143679764e-05	0.0	1.4459505143679764e-05	0.0	0.0	0.0	0.0	0.0	9.437558535549359e-05	0.0	0.0	0.0009117393959967201	0.0005772403061624129	8.051231596897377e-05	0.00010266670910223977	0.002043548759146902	0.0006415271117837396	0.0014948439723302899	0.00203521622278279	0.0004698785125376639	0.0023157429300518233	0.0017709128988171207	0.0006522836107902575	0.0019631653650574745	0.0049525170686613735	0.002182025160070182	0.0034949085999121886	0.010413294464430555	0.012832082292248066	0.021105368695431406	0.04073431870883665	0.038008530079604946	0.036564573621574455	0.04466144309402808	0.03023263339756968	0.013014278432807837	0.01244219959005624	0.0
209068_HY55YBGXT_TCDM_1_F05_C17_1_1_o_ACCGTG_S38_trim1	0.0	0.0034056465619997957	0.0	0.0	0.0	0.04767905186799714	0.0	0.0	0.0	0.0	0.0	0.0	0.0	0.0	0.0	0.0	0.0	0.0	0.0	0.0	0.0	0.0017783784745069445	0.0017910233907654834	0.0	0.0	0.0036666300003666626	0.0	0.0018725539763683689	0.003786444528587656	0.0	0.001939676074095626	0.00196927924379677	0.0	0.0040669418630660675	0.004146538676839509	0.0042178075836180355	0.002150907683042244	0.0021979471173923554	0.006731740154830023	0.009185688697010058	0.02112576874325149	0.016805512208004223	0.017191414116606903	0.022664887053312852	0.018132835975546574	0.010813148788927337	0.0087333702075631	0.0
209069_HY55YBGXT_TCDM_1_G05_A20_1_1_o_CAACAG_S39_trim1	0.00165256933216919	0.0002754282220281984	0.0001377141110140992	0.0	0.0	0.04682279774479372	0.0019279975541973882	0.0015148552211550908	0.0001377141110140992	6.88570555070496e-05	0.0	0.0	0.0	0.0	0.0	0.0	0.0	0.0	0.0	0.0	0.0	0.0008060013394276804	0.0007401453349379684	0.0	7.56097358120221e-05	0.00122632615677047	0.0005453841413199387	0.0014276400633872189	0.0017749822703475497	0.0004103594420424738	0.002006683929722584	0.0016215145970450882	0.0008739585691200722	0.0014320531076894988	0.0042283103763655835	0.002167269890119417	0.0032870885096920772	0.011343486749016399	0.014740279348766268	0.023915289527096126	0.045648286412852145	0.04276909441139448	0.04240293933082932	0.050325363399332336	0.0372490943062957	0.014859508961907212	0.013138040998650366	0.0
209070_HY55YBGXT_TCDM_1_H05_C17_1_3_o_GATTGT_S40_trim1	0.001556123399861831	0.00019300755347123483	7.237783255171305e-05	0.0	6.0314860459760876e-05	0.04370414788914273	0.0020989571439996788	0.0017370679812411134	6.0314860459760876e-05	6.0314860459760876e-05	4.222040232183262e-05	0.0	0.0	0.0	0.0	0.0	0.0	0.0	7.304303111048781e-05	0.0	0.0	0.0007800377169733259	0.0005363852627224264	1.2382017175467485e-05	6.849249390759268e-05	0.001809441098200065	0.0005931382325233255	0.00154600983992862	0.0020585608263685357	0.0005084641892685688	0.0022374475306724652	0.0016908927557773084	0.0006943119947882165	0.001960992335482618	0.004898011830924941	0.002039737448504854	0.0032712740114493105	0.010418441311313156	0.012925207925306659	0.02091580072989758	0.041367489133693654	0.03847744188183405	0.03681326291595073	0.04543569217552935	0.03207236366016832	0.014666865305497774	0.0140509897010714	0.0
209071_HY55YBGXT_TCDM_1_A06_A20_1_1_i_CTCTCG_S41_trim1	0.0015407192282786834	0.00016140868105776683	7.336758229898493e-05	0.0	0.0001027146152185789	0.04472487816946121	0.002127659886670563	0.0016434338434972624	4.402054937939096e-05	8.070434052888342e-05	2.201027468969548e-05	0.0	1.4673516459796985e-05	0.0	0.0	0.0	0.0	0.0	0.00014046879315718843	0.0	0.0	0.0011108946481942035	0.000770424265162978	3.75246433714181e-05	5.273551152090119e-05	0.002270279155038423	0.000768641204450113	0.0015624328642128659	0.00209765558454142	0.00034970379699834464	0.0022818394825509457	0.0017271753773878198	0.0009142711226102537	0.0017315610494365557	0.005060382832407715	0.0019183671930727679	0.003218325040612197	0.01021443007128213	0.012324249585943393	0.021215915130531872	0.042443394096391474	0.03930030814863139	0.038137967310619816	0.046802143763089395	0.03235564309088982	0.014160755189247013	0.013305564737140105	0.0
209072_HY55YBGXT_TCDM_1_B06_A20_1_2_o_TGACAC_S42_trim1	0.0021131270704581586	0.0	0.0	0.0	0.0001625482361890891	0.04486331318818859	0.001625482361890891	0.001950578834269069	0.0	0.0001625482361890891	8.127411809454455e-05	0.0	0.0	0.0	0.0	0.0	0.0	0.0	8.434967664551458e-05	0.0	0.0	0.0010438531403016908	0.0006161792835243342	0.0	0.00018072153071136513	0.002385603433800881	0.0010277914816642	0.0010481960545900505	0.002722845451292185	0.0008930945926099399	0.0021308872101105524	0.0020791576916359645	0.0006407600268264864	0.0017600579059051042	0.005110958918112216	0.00327368216755173	0.004460631311944004	0.011243506874779815	0.01479791115801443	0.02230529226651331	0.04378320342457158	0.04184021670047182	0.04038267101232425	0.052058173836781206	0.03645762127041789	0.01609779237615403	0.017093074547860607	0.0
209073_HY55YBGXT_TCDM_1_C06_X5_31_1_o_AAGACA_S43_trim1	0.00344603791790389	0.0	0.0	0.0	0.0	0.025845284384279174	0.0022973586119359266	0.0028716982649199083	0.0	0.0	0.0	0.0	0.0	0.0	0.0	0.0	0.0	0.0	0.0	0.0	0.0	0.0006177052866306956	0.00031291363270823623	0.0	0.0	0.0019628176902215695	0.0003333911211276621	0.0020400738506733945	0.001041193068430679	0.0007096199630287999	0.002546565774155995	0.0007486514915009339	0.0	0.0015990533604106371	0.00415682883841575	0.0017308674242096428	0.004066601902266001	0.009022870602537801	0.01396815261204454	0.02559923097820408	0.04664255886565297	0.05247467088001753	0.04685550856482185	0.053113201510206695	0.0416393621668851	0.01723143313080156	0.021840546537836562	0.0
209074_HY55YBGXT_TCDM_1_D06_X4_67_1_o_ACAGAT_S44_trim1	0.001174680927293124	0.0	0.0	0.0	0.0	0.02877968271868154	0.001174680927293124	0.001174680927293124	0.0	0.0	0.0	0.0	0.0	0.0	0.0	0.0	0.0	0.0	0.0	0.0	0.0	0.00032471327817537116	0.00032901988267150983	0.0	0.0	0.0006915629322268326	0.00035449804848824306	0.0025463434508046444	0.0007435303564856294	0.0007584031064191239	0.004264425388062711	0.0007942338621607131	0.0016346479989865182	0.001256402417318251	0.004320662271112916	0.0013388195182034827	0.0009213490392632894	0.010474694091320288	0.017642821087091826	0.021503978235973654	0.04910008745953079	0.03777564415343208	0.035093212972611094	0.049004594180704436	0.032719319897364665	0.009574646336500944	0.012846122719010334	0.0
209075_HY55YBGXT_TCDM_1_E06_A27_1_2_o_TAGGCT_S45_trim1	0.001928237993650838	0.0005258830891775013	0.0	0.0	0.0001752943630591671	0.04347300203867344	0.0021035323567100053	0.001577649267532504	0.0	0.0	8.764718152958354e-05	0.0	0.0	0.0	0.0	0.0	0.0	0.0	0.0	0.0	0.0	0.0011454917739371984	0.0008696744518635192	9.771044876454908e-05	9.901490075241424e-05	0.0025174940662664857	0.0007188541054784898	0.0017849436850267374	0.0030008080747458425	0.0007636502481863306	0.0025597962847339313	0.0031811602600371287	0.0006991678737023152	0.0027356006308532936	0.006235686958733202	0.002385678895154435	0.004117238362368441	0.012284622822451534	0.014209043447195136	0.026003436856363343	0.05198364546873556	0.04518352231293879	0.04726776236169057	0.05602973030622575	0.03915595124393083	0.015653980617525817	0.015143371114102806	0.0
209076_HY55YBGXT_TCDM_1_F06_X5_31_3_o_CTCCAT_S46_trim1	0.00080327737167644	0.0	0.0	0.0	0.0	0.035344204353763356	0.0	0.00321310948670576	0.0	0.0	0.0	0.0	0.0	0.0	0.0	0.0	0.0	0.0	0.00042689252126991987	0.0	0.0	0.0013457380476032405	0.0009107924349580352	0.0	0.0	0.0009614321493296414	0.0004919565110444237	0.002525979701227121	0.0010365379632029023	0.0005295207836907599	0.001628478837917501	0.003346010997222811	0.0017265988305170585	0.001772421127259837	0.004285329480618067	0.0038050302499904876	0.005240678143751802	0.015610683137068584	0.019622133766889052	0.029412186688474725	0.041167389546423586	0.04006198269019993	0.049949270272379616	0.05169336144159862	0.04000600090013502	0.02168708143932822	0.02040153938888116	0.0
209077_HY55YBGXT_TCDM_1_G06_X5_31_2_o_GCATGG_S47_trim1	0.0006080653791895704	0.0	0.0	0.0	0.0	0.04803716495597607	0.004256457654326994	0.002432261516758282	0.0	0.0003040326895947852	0.0	0.0	0.0	0.0	0.0	0.0	0.0	0.0	0.0	0.0	0.0	0.0010177944394497125	0.0	0.0	0.0	0.0014629293697700275	0.0007501650363079878	0.0007715960077622557	0.002377235591971283	0.0008115269284923048	0.00416567731830357	0.0017139355817311606	0.000885696445257317	0.00045611698488428313	0.005667167266441869	0.002440989088778773	0.005047649814246487	0.009417870933311008	0.012441915189414635	0.023297868799715987	0.048446298702779104	0.035741280006562334	0.04172890724692022	0.05808796891981361	0.03925631801478869	0.0160378493244056	0.015564092224321015	0.0
209078_HY55YBGXT_TCDM_1_H06_C64_1_3_i_AATAGC_S48_trim1	0.0014099486494114823	0.00012935308710197084	5.174123484078834e-05	0.0	7.761185226118251e-05	0.04414820862790265	0.001966166923949957	0.0019144256891091686	0.00011641777839177377	5.174123484078834e-05	2.587061742039417e-05	0.0	0.0	0.0	0.0	0.0	0.0	0.0	5.913543986911356e-05	0.0	0.0	0.0009298555753672027	0.0006063923455498483	4.7518331384289775e-05	2.0528304117793052e-05	0.0022708167810461207	0.0005929416918579689	0.0016518405739482434	0.0020594382481731784	0.00046422187600619186	0.00221904969381169	0.0017124648362620738	0.0006981230692773606	0.0022565044921343523	0.005264147821799136	0.0022595184916252026	0.003918211023553068	0.011184453078471967	0.014064363608716886	0.022823835609557325	0.0450725389897318	0.04285552965917358	0.041907636465877564	0.05128626504190308	0.036876389400422545	0.01680637216146922	0.0169747275102611	0.0
209079_HY55YBGXT_TCDM_1_A07_A20_1_2_i_GTGCCA_S49_trim1	0.0015913232648608949	0.00013511235267686845	9.007490178457897e-05	0.0	0.00015012483630763161	0.04346114011105935	0.0021768101264606583	0.001861547970214632	0.00010508738541534214	4.5037450892289484e-05	3.7531209076907903e-05	0.0	7.506241815381581e-06	0.0	0.0	0.0	0.0	0.0	9.88148601739324e-05	0.0	0.0	0.0008707646546609026	0.0005656694585683154	7.794697641340083e-05	9.415014547374352e-05	0.001983590412446137	0.0006297838661490853	0.0015379598278451251	0.0019704616400787337	0.000494753102122565	0.0023343732868712167	0.0017867472869731401	0.0008410871597813277	0.002030348838755724	0.005444883327694531	0.002178252752720372	0.0036130876357273575	0.010535835615686289	0.013352257222634247	0.021642950573469162	0.04375521602273813	0.04056895258288424	0.0402403607947878	0.05010518116367887	0.035900407282587254	0.016651290412978192	0.015848264105778925	0.0
209080_HY55YBGXT_TCDM_1_B07_A20_1_3_i_TCGAGG_S50_trim1	0.0015931298698689963	9.6973122513765e-05	6.92665160812607e-05	0.0	9.6973122513765e-05	0.04597911337474086	0.0018840492374102911	0.002050288876005317	6.92665160812607e-05	6.233986447313464e-05	3.463325804063035e-05	0.0	0.0	0.0	0.0	0.0	0.0	0.0	9.753793354740588e-05	0.0	0.0	0.0010590085898220577	0.0007173975013045029	4.232814086974594e-05	9.909266509014955e-05	0.0022876901029623953	0.000592552317015204	0.0014575932278064556	0.0019440051362205593	0.0004295049831313738	0.002260988053247443	0.0018086423752159066	0.0006823054064980668	0.0019609606183623287	0.005258446872544514	0.0021405995999823108	0.003502198606890811	0.010176185704878882	0.01253368061830156	0.021331697134971257	0.04172146546647451	0.03879566853346193	0.03791054763434143	0.0459388731384032	0.03258853306688135	0.014247692150770184	0.014250225313456339	0.0
209081_HY55YBGXT_TCDM_1_C07_A20_1_3_o_CACTAA_S51_trim1	0.0015063081082350308	8.860635930794298e-05	0.00013290953896191447	1.4767726551323829e-05	2.9535453102647657e-05	0.044805282356716505	0.0017721271861588599	0.0020527139906340126	0.00011814181241059063	5.1687042929633415e-05	5.1687042929633415e-05	0.0	0.0	0.0	0.0	0.0	0.0	0.0	4.4728817010011276e-05	0.0	0.0	0.0009793998313172138	0.000620401369422535	5.320837776549593e-05	5.348683341365273e-05	0.0022748884516901693	0.0006579220314403136	0.0015995261033296983	0.002220130156311334	0.0006044162949042537	0.0026148973841853902	0.0017771867590129864	0.0008356658891940127	0.0022309082658939585	0.0054243991533817525	0.0022036453365749074	0.003928637022778863	0.011328689365046208	0.01377530586517188	0.02255411698295806	0.04373644426731699	0.04181941169520773	0.04132254570167903	0.05002670058206712	0.03567983664552448	0.016958505034609987	0.01688385709578156	0.0
209082_HY55YBGXT_TCDM_1_D07_A27_1_3_o_GGTATA_S52_trim1	0.0016599661152723309	9.370776457182512e-05	5.3547294041042926e-05	2.6773647020521463e-05	0.00013386823510260732	0.046760174521340736	0.0021820522321724994	0.001753673879844156	8.032094106156438e-05	8.032094106156438e-05	3.346705877565183e-05	0.0	0.0	0.0	0.0	0.0	0.0	0.0	0.00010108552374431563	0.0	0.0	0.00103234527928879	0.0006474434570590964	4.7886855673805684e-05	4.121830312489695e-05	0.0020981272006179537	0.0006733478975475489	0.0013210469905501107	0.0023032585755705126	0.0005967518795197738	0.0021308811602554645	0.0018287160671574207	0.000691136577778415	0.0017173534836142075	0.004894847800256158	0.0021420736123210216	0.003467618433355211	0.010013003198759484	0.012804914441843783	0.02182247219711108	0.04165237930296232	0.03922406180562116	0.03817800739265052	0.04695248884431268	0.032741725014784784	0.01495348459902907	0.013855210747612933	0.0
209083_HY55YBGXT_TCDM_1_E07_A27_1_1_o_CGCCTG_S53_trim1	0.0013788530516469328	0.00015320589462743697	3.0641178925487396e-05	0.0	3.0641178925487396e-05	0.04534894480972134	0.001884432503917475	0.0016852648409018069	0.00012256471570194958	3.830147365685924e-05	4.596176838823109e-05	0.0	0.0	0.0	0.0	0.0	0.0	0.0	5.406539317435224e-05	0.0	0.0	0.0008576638266558486	0.0006262123569075411	5.502949109041094e-05	6.32003038038604e-05	0.002129268527933381	0.0006000294734477357	0.0015080358148022344	0.0018871150549646663	0.0003530834241702026	0.00211652191870099	0.0017558585396348098	0.000630320082500381	0.0020327747297209744	0.005006367060673913	0.002119755829172008	0.003523850412094729	0.010725650239057348	0.012814472242244173	0.021685423860451428	0.04184853166434125	0.03847337563701086	0.037582603868344694	0.046348009702283526	0.03222154998906256	0.014611531567863321	0.013818836774166215	0.0
209084_HY55YBGXT_TCDM_1_F07_X5_31_1_i_AATGAA_S54_trim1	0.0014758020550109557	0.0001736237711777595	7.234323799073311e-05	0.0	0.00010128053318702637	0.04407150058395462	0.001924330130553501	0.0017796436545720348	0.000115749180785173	4.340594279443988e-05	7.234323799073312e-06	0.0	0.0	0.0	0.0	0.0	0.0	0.0	0.00010240620944439803	0.0	0.0	0.0010441493755653495	0.0006177095389832769	5.236557756239732e-05	6.770560669376747e-05	0.002195374557773969	0.0007172737371442036	0.0014713339845719461	0.0021473908384370822	0.0005268804579802219	0.0020769284758352952	0.0017258372104857675	0.000818692786677969	0.0019161093981833615	0.004964855370107438	0.0022807356664652162	0.0032086879214172823	0.009831240973629356	0.012595565463277428	0.020869472976626766	0.04166841602228638	0.03851614082872173	0.03752466923693616	0.04608720683296841	0.032416076388555704	0.013904934522285944	0.013395269737743047	0.0
209085_HY55YBGXT_TCDM_1_G07_X11_57_1_i_ACAACG_S55_trim1	0.001463347986614278	0.0001159087514149923	0.00013039734534186636	0.0	0.00010142015748811828	0.04450896054335704	0.0017820970530055067	0.001883517210493625	8.693156356124422e-05	6.519867267093318e-05	3.6221484817185093e-05	0.0	0.0	0.0	0.0	0.0	0.0	0.0	8.769349661375216e-05	0.0	0.0	0.0010927230111075295	0.000644991492784621	2.978359759202592e-05	4.488562357614386e-05	0.002022863318659929	0.0007190773647010523	0.001441752731930719	0.00207736092068636	0.0004893732596663454	0.00226940062695137	0.0015823958698036485	0.0007824593584962584	0.0018874120937817324	0.004838840248870428	0.0020572149901488426	0.003401631404977563	0.01060054505066013	0.012926358059381702	0.02173769793991761	0.042731444675022975	0.039452580396422174	0.03861934846936064	0.04728593396410985	0.033853278199071565	0.015842714818680475	0.015780471349103257	0.0
209086_HY55YBGXT_TCDM_1_H07_X2_45_2_i_ATATCC_S56_trim1	0.0015245727425009477	0.00016048134131588923	6.419253652635569e-05	0.0	8.024067065794462e-05	0.04572113414089684	0.002278835046685627	0.0017813428886063706	9.628880478953353e-05	5.616846946056123e-05	4.8144402394766764e-05	0.0	0.0	0.0	0.0	0.0	0.0	0.0	6.509207844051097e-05	0.0	0.0	0.0010078029556878127	0.0006648860464271641	8.364644288064632e-05	6.738639832504368e-05	0.0022063615002816932	0.0006077991763037078	0.0015737246777323146	0.0022996373218371288	0.000531198105818381	0.002389436892366647	0.001926773476273748	0.0007814147569990808	0.0023485827349122336	0.005411970928647405	0.0020685989379393335	0.003409908021839434	0.010927890472164518	0.0136683866420621	0.022267137718987348	0.043175889460205015	0.04147701710747642	0.041221183357314575	0.05033092381728349	0.03642345990100549	0.017086774791698237	0.01665305884647223	0.0
209087_HY55YBGXT_TCDM_1_A08_X2_45_2_o_AGTACT_S57_trim1	0.0015937098841372916	7.711499439373991e-05	0.00011567249159060987	0.0	3.8557497196869955e-05	0.0454207316979128	0.0020435473514341077	0.0019407273589091211	2.5704998131246634e-05	5.783624579530493e-05	6.426249532811659e-05	0.0	0.0	0.0	0.0	0.0	0.0	0.0	5.190435454826505e-05	0.0	0.0	0.0008988102376716696	0.0005798016985949626	3.9700234118897306e-05	9.305633564090889e-05	0.0022713360793786535	0.0005982460903441669	0.0015369707133277434	0.00242266875457492	0.0005093777125223627	0.002328321072000723	0.001981297117282953	0.0008111182973346226	0.0022093747960299412	0.0053762722191709345	0.0023530281791931803	0.0036462095786458483	0.010713816595499465	0.013640450184341625	0.022268724933878985	0.043003048154768	0.04013964847748	0.038219500860380104	0.04730103747182952	0.03315126917623044	0.01470882383309433	0.014357307890493842	0.0
209088_HY55YBGXT_TCDM_1_B08_X2_45_1_i_ATAAGA_S58_trim1	0.0015416524269370833	0.00014799863298596	8.633253590847665e-05	0.0	9.866575532397333e-05	0.044510588870527466	0.0018253164734935063	0.001763650376416023	7.399931649298e-05	4.3166267954238326e-05	4.933287766198667e-05	0.0	6.166609707748333e-06	0.0	0.0	0.0	0.0	0.0	0.0001055526269875715	0.0	0.0	0.0008449609346394552	0.0005652874323288134	3.7826113105878186e-05	8.229470557011714e-05	0.0021175717823449076	0.0005563211899288216	0.001576785089662758	0.002126667975518421	0.0005297096484846773	0.0023320716803521178	0.0017583667166720309	0.0007254504352261918	0.002309511332909992	0.005334139943375188	0.0024560779156706006	0.0037431834034851227	0.010344411129956259	0.01309956783784218	0.02234322484032463	0.04350532454693495	0.04125371796284127	0.039838636957213826	0.048783630377818764	0.034744941977621804	0.015720666356688125	0.015133278988704112	0.0
209089_HY55YBGXT_TCDM_1_C08_X2_45_3_o_GGTGAG_S59_trim1	0.0015262509289584983	0.00014349367708156818	7.826927840812811e-05	0.0	6.52243986734401e-05	0.04503092484414304	0.0019175973209991388	0.0016306099668360022	0.00010435903787750413	4.565707907140806e-05	1.956731960203203e-05	0.0	0.0	0.0	0.0	0.0	0.0	0.0	7.899204049869255e-05	0.0	0.0	0.000930947872504827	0.0005209957270335064	6.040144005086607e-05	4.722115637326408e-05	0.0022116944360959386	0.0006627742459046871	0.0015296153162173052	0.0020793732226661696	0.0005550405622237707	0.0023315587422719137	0.0016280358726898998	0.0006876123130590599	0.002033806482642691	0.005418215874352791	0.002074300834373915	0.003417905293023777	0.011142345257821125	0.013220742013724479	0.02246808191572812	0.04355532937475129	0.040705455361930494	0.04071853865752628	0.0489964125558778	0.03482870682689431	0.015532429256990499	0.01535207914716609	0.0
209090_HY55YBGXT_TCDM_1_D08_X2_45_3_i_TTCCGC_S60_trim1	0.0014761322406648216	0.00016532681095446003	3.5427173775955714e-05	0.0	8.266340547723002e-05	0.0443193943937206	0.001972112673528202	0.0019130673839016087	7.085434755191143e-05	5.9045289626592865e-05	4.133170273861501e-05	0.0	0.0	0.0	0.0	0.0	0.0	0.0	7.136616851098652e-05	0.0	0.0	0.000946169200443909	0.0005587370523952967	2.4118070011742485e-05	8.475632133833622e-05	0.00203137414797843	0.0006851319515200631	0.0015030788167098258	0.0022028656862528523	0.0005191362373605963	0.002064051755056264	0.0017795026551582806	0.0007745712393178557	0.002042670202057401	0.005137892174411207	0.002258838703970328	0.003545382548842291	0.009915830074178145	0.012670069025585255	0.021131633635278767	0.04101635955141747	0.03821878042548437	0.03716855327638177	0.045656784700495875	0.03170229018346729	0.014270095912631838	0.013638198373472268	0.0
209091_HY55YBGXT_TCDM_1_E08_X2_45_1_o_GAAGTG_S61_trim1	0.0	0.0	0.0	0.0	0.0	0.037165510406342916	0.0061942517343904855	0.0	0.0	0.0	0.0	0.0	0.0	0.0	0.0	0.0	0.0	0.0	0.0	0.0	0.0	0.0	0.0	0.0	0.0	0.003498215909885958	0.0	0.0	0.0	0.0	0.0	0.0038019922439358226	0.0	0.0	0.0	0.0	0.00413633355393779	0.004230118443316413	0.00432825484764543	0.008841732979664015	0.027121095692265968	0.027764923646459973	0.01900688999762414	0.01950553469546984	0.025177501384762577	0.005256794406770751	0.005641112427370677	0.0
209092_HY55YBGXT_TCDM_1_F08_X11_68_1_o_CAATGC_S62_trim1	0.0	0.0	0.0034066907406145666	0.0	0.0	0.04428697962798937	0.0	0.0034066907406145666	0.0	0.0017033453703072833	0.0	0.0	0.0	0.0	0.0	0.0	0.0	0.0	0.0	0.0	0.0	0.0	0.0	0.0	0.0	0.0020444880601897288	0.0	0.0	0.0	0.0	0.0022535211267605635	0.0023084025854108953	0.0	0.0	0.0024873765639380147	0.0	0.0	0.0	0.002800179211469534	0.011545011112073195	0.020827754470528727	0.015366175973447247	0.025486635445538246	0.03299785513941594	0.02412794705639046	0.0	0.004030957755562722	0.0
209093_HY55YBGXT_TCDM_1_G08_X11_68_1_i_ACGTCT_S63_trim1	0.0018196286448604144	8.876237292002022e-05	0.0001479372882000337	0.0	2.958745764000674e-05	0.045446334935050355	0.0023374091535605327	0.0017012788143003876	0.00010355610174002357	4.438118646001011e-05	5.177805087001179e-05	0.0	0.0	0.0	0.0	0.0	0.0	0.0	8.212053742068649e-05	0.0	0.0	0.0009437493667441749	0.0006142963599224562	3.810235053400444e-05	6.895062285012915e-05	0.002096004560659335	0.000659606702131779	0.001502112580521449	0.00199759404404308	0.0004308153955232376	0.002213056077791021	0.0016466470702011522	0.0006744826717907365	0.0017659760766277396	0.00490755299332069	0.0023360302195264415	0.0036065997496691903	0.010641694157709908	0.01362909340300394	0.022224769787254094	0.04406230722740588	0.041711983921926196	0.040595997475813224	0.04918802873097191	0.035321902026834086	0.016261051504128283	0.01599163396573765	0.0
209094_HY55YBGXT_TCDM_1_H08_X11_68_3_i_CAGGAC_S64_trim1	0.001403567003589584	9.254287935755499e-05	0.00016966194548885083	0.0	7.711906613129582e-05	0.04432803921226884	0.0023906910500701706	0.0019896719061874325	0.00010796669258381417	3.084762645251833e-05	2.3135719839388747e-05	0.0	0.0	0.0	0.0	0.0	0.0	0.0	9.350074746055865e-05	0.0	0.0	0.0007962180745129255	0.0005068305714498855	7.161764770244618e-05	6.399642132011977e-05	0.002115790198565703	0.0005265215805400216	0.0015267975837081065	0.0020347698506421263	0.0005159516007440022	0.0021138143324864883	0.0017928538382738267	0.0006764439998029639	0.002058516648805574	0.005030377792209634	0.00226102385250963	0.0032251160308790204	0.010565592543576734	0.013545577595513945	0.0224360349165088	0.043642970521529725	0.04165913466242838	0.04026789231294248	0.049960782574251385	0.034625948504547616	0.015747534686137758	0.015517746936413059	0.0
209095_HY55YBGXT_TCDM_1_A09_X11_68_3_o_AAGCTC_S65_trim1	0.0016056526010032471	0.00015396668776743462	4.399048221926704e-05	0.0	0.00013197144665780112	0.04542017289139322	0.0020895479054151844	0.0018915907354284827	0.0	6.598572332890056e-05	2.199524110963352e-05	0.0	2.199524110963352e-05	0.0	0.0	0.0	0.0	0.0	5.6001959620571036e-05	0.0	0.0	0.0009023043138940816	0.0006328276465139826	5.795531784087232e-05	8.179123744767406e-05	0.0020865412431400536	0.0005957498017642534	0.0015919773987451116	0.0019789488703133725	0.0004953757294872031	0.0023898700703112352	0.0017024472871758486	0.0009275701007837575	0.002018507440739763	0.005337525783748427	0.0023076145934672557	0.0036317897648061627	0.010593922529996289	0.013527599172272269	0.022243049448256825	0.04591072980114822	0.04262713013232967	0.04277385323174884	0.052728211706802475	0.03647565784001532	0.016277853549773392	0.015358352965065556	0.0
209096_HY55YBGXT_TCDM_1_B09_X11_68_2_o_GACGAT_S66_trim1	0.0015692947165062664	6.431535723386336e-05	9.004150012740873e-05	0.0	6.431535723386336e-05	0.04504647620659791	0.0021481329316110367	0.0018394192168884925	9.004150012740873e-05	5.788382151047704e-05	3.215767861693168e-05	0.0	1.2863071446772676e-05	0.0	0.0	0.0	0.0	0.0	0.00010961934938852714	0.0	0.0	0.0008858600951452538	0.0005891056625095228	6.482329106033661e-05	7.141630080961414e-05	0.0022047188788321625	0.000573537064995762	0.0014700671781498623	0.0019328164785512082	0.0005718901402984556	0.0023824723423669513	0.0017306322032592377	0.0007000322014812681	0.0020467048655610164	0.005503160226943838	0.002152241089142965	0.0037993552913167692	0.010566627588901915	0.012600519943912902	0.020884489514745176	0.0401544502162998	0.037313317589280234	0.035809806679419326	0.04421368503621007	0.029976405217694332	0.013622829839857494	0.012892555002606297	0.0
209097_HY55YBGXT_TCDM_1_C09_A20_2_3_o_TCGTTC_S67_trim1	0.0013143022369424074	0.0	0.0001460335818824897	0.0	0.0001460335818824897	0.0439561081466294	0.0013143022369424074	0.0014603358188248969	0.0001460335818824897	0.0	0.0	0.0	0.0	0.0	0.0	0.0	0.0	0.0	0.0	0.0	0.0	0.0006171239555177052	0.00023325192841031815	0.0	7.90806401103333e-05	0.0016808121684397902	0.000730028252093356	0.0016500084562933385	0.0036071979537959887	0.0005108234985620318	0.0029443016073288863	0.001324670576505466	0.0008197721762036532	0.0030002803386941466	0.005468872836010966	0.0026243036763466464	0.0041583110603797165	0.012128692945501382	0.016504465067025853	0.02730073859259595	0.04826092454474055	0.048498454484140884	0.04616062670416809	0.05615029520098764	0.0405337420594269	0.017800360861861108	0.015962488152840824	0.0
209098_HY55YBGXT_TCDM_1_D09_A03_2_1_o_CCAATT_S68_trim1	0.0016276748871145393	0.00017932011468211028	0.00011035083980437555	1.3793854975546944e-05	0.00013793854975546944	0.04459553313594327	0.0019311396965765722	0.0017794072918455557	9.65569848288286e-05	4.138156492664083e-05	2.7587709951093887e-05	0.0	6.896927487773472e-06	0.0	0.0	0.0	0.0	0.0	0.00010399562996496803	0.0	0.0	0.0010602714811176462	0.0006643550374860581	4.908839691250814e-05	9.14525750160851e-05	0.0020123055662702003	0.0007306421677855186	0.0014692792258182315	0.0024253579932444454	0.0005924159916194811	0.002403053013315608	0.001771203957148917	0.0007058756045081525	0.0018439109094499759	0.004927506072291785	0.0019771393073747608	0.0032940267159751466	0.009811522343271177	0.011885720439646889	0.020169686812611293	0.039815435279868576	0.03695773973083103	0.03612065913480714	0.044346539326959575	0.031156656835302738	0.013524149388573792	0.012865628741814608	0.0
209099_HY55YBGXT_TCDM_1_E09_C17_2_3_o_AGTTGA_S69_trim1	0.0013597119781386207	0.00012202543393551722	8.716102423965517e-05	0.0	5.22966145437931e-05	0.044155774879809304	0.0018652459187286205	0.0017432204847931032	3.4864409695862065e-05	2.614830727189655e-05	2.614830727189655e-05	0.0	8.716102423965516e-06	0.0	0.0	0.0	0.0	0.0	0.00013240605547619529	0.0	0.0	0.0009847765188454444	0.0006394899068227179	3.6256646296474224e-05	4.562824804683722e-05	0.002095892024055325	0.0005657535990971686	0.001414661041124946	0.001961321786864583	0.0004222461132485188	0.0023468961859723384	0.0015945709316652072	0.0007677972110170415	0.0017475913486162437	0.005444583112091867	0.0022625138225453845	0.003464649897686653	0.010892521423498922	0.013238985493546384	0.022644874149715995	0.04446075201670931	0.041787862831540776	0.04165435643254629	0.052538748947137295	0.03632777803547483	0.017113458270549685	0.01596115731036385	0.0
209100_HY55YBGXT_TCDM_1_F09_A03_2_1_i_AACCGA_S70_trim1	0.0013427473302514744	0.00012458480383776565	9.689929187381774e-05	0.0	5.5371023927895854e-05	0.04595794986015356	0.001882614813548459	0.0019518285934583288	9.689929187381774e-05	2.7685511963947927e-05	1.3842755981973964e-05	0.0	2.0764133972960943e-05	0.0	0.0	0.0	0.0	0.0	0.00010468092625591639	0.0	0.0	0.0009859055644721325	0.0005231064236691236	2.8394917650479577e-05	7.846382664230674e-05	0.0020654612070885197	0.0007074208446604885	0.001396586074436583	0.0023108065639230718	0.0005405629956194404	0.00231297708895141	0.001644282824829398	0.0007760033935166223	0.0020466015868192606	0.004809286317835223	0.0020280648481036216	0.0033451309921004404	0.010603881733295238	0.012650295221472953	0.021036519021368973	0.04101175069416526	0.0383839823575459	0.03786208909335196	0.04650907091808686	0.03230058517841867	0.01432731679741109	0.013933850009042428	0.0
209101_HY55YBGXT_TCDM_1_G09_C14_2_1_i_CAGATG_S71_trim1	0.0017021173703781944	7.953819487748573e-05	0.00012726111180397717	0.0	9.544583385298286e-05	0.04379373009954364	0.0016862097314026972	0.0020361777888636347	0.00012726111180397717	5.567673641424001e-05	5.567673641424001e-05	0.0	7.953819487748573e-06	0.0	0.0	0.0	0.0	0.0	9.674435103687773e-05	0.0	0.0	0.0009818410944189943	0.0006666506451038378	4.141382834233201e-05	7.505324402219675e-05	0.0022508513341249385	0.0006437148990100258	0.001419642463900673	0.002040585163735343	0.0005602867197252354	0.002033436624218159	0.0016876412497064677	0.0007169769384367751	0.0022366140294904136	0.005272922415549858	0.0022133066366394733	0.003869932483390524	0.010849514917452835	0.013728569403529615	0.02342672962741447	0.04609576177297028	0.04319207090671878	0.042934819910164804	0.05294482880030023	0.03673825439588774	0.017200196131837826	0.016808191107230072	0.0
209102_HY55YBGXT_TCDM_1_H09_A20_2_2_i_GTAGAA_S72_trim1	0.0017181221800477505	0.00018528768608358091	8.422167549253678e-05	1.6844335098507357e-05	6.737734039402943e-05	0.04352576189454301	0.0020550088820178976	0.0018191881906387943	3.368867019701471e-05	4.211083774626839e-05	2.5266502647761035e-05	0.0	8.422167549253678e-06	0.0	0.0	0.0	0.0	0.0	6.834269727952496e-05	0.0	0.0	0.0009375806547247251	0.0006027719121567388	4.395756266568155e-05	1.77047868432188e-05	0.0021853293045969962	0.0005582141253563454	0.0015195528692934306	0.0020347011373887287	0.0005969698185118475	0.00240544995409284	0.0018887726822566864	0.0007767478276378873	0.0019625597939131054	0.005581839588266973	0.002226967194122079	0.003697168525120951	0.010889343395161859	0.013512696309123613	0.023391923837939584	0.0460162513090066	0.04352192747555459	0.042423269752290826	0.051972106361718194	0.0365831025591381	0.016248839003133727	0.015846269330570255	0.0
209103_HY55YBGXT_TCDM_1_A10_A20_2_1_o_GACATC_S73_trim1	0.0015554662974357637	0.00010035266435069443	0.00020070532870138886	1.2544083043836804e-05	3.763224913151041e-05	0.04544721286782074	0.0020572296191892357	0.0017436275430933157	6.272041521918402e-05	4.3904290653428814e-05	5.0176332175347215e-05	0.0	0.0	0.0	0.0	0.0	0.0	0.0	0.00012019220124678533	0.0	0.0	0.0007923776845228765	0.000532564865759005	2.5783168579960406e-05	5.1836992873839e-05	0.002105339865405557	0.0005186452644306316	0.001410051989212639	0.002198372148856656	0.0005470121487346291	0.0021876285231757367	0.0017675546422188675	0.0006760322484283307	0.0019295529541419863	0.005243171099172238	0.0020996565753883933	0.0036980247963259356	0.010742809522683937	0.013371429895034679	0.02226092104915846	0.04384739309399669	0.04134105367070974	0.04067874921156487	0.050258494850085635	0.03481892069116604	0.015910448884975132	0.01594244504041353	0.0
209104_HY55YBGXT_TCDM_1_B10_C14_2_2_o_CGATCT_S74_trim1	0.001450853033575006	2.266957864960947e-05	9.067831459843788e-05	0.0	6.800873594882841e-05	0.04413766963078964	0.0021309403930632903	0.0016548792414214915	0.00013601747189765682	5.667394662402368e-05	5.667394662402368e-05	0.0	0.0	0.0	0.0	0.0	0.0	0.0	0.00014033154262488746	0.0	0.0	0.0011341823371854105	0.0006227145764539653	8.654160580422187e-05	7.516889511120298e-05	0.0020827726886017343	0.0007096708262839365	0.0014581734761397497	0.0024520145443319543	0.000575002347926254	0.0024683310323626246	0.0019600741542171933	0.0008476334297702244	0.0018829490933908795	0.005081533690487964	0.0023910560458520946	0.0037354315985744617	0.011492310540986268	0.014630276189264413	0.024476785625622943	0.049196536250937103	0.04783602913122181	0.047382269950047226	0.05817040816536553	0.041781026379505794	0.020148925302278065	0.019971722884265804	0.0
209105_HY55YBGXT_TCDM_1_C10_A04_2_3_o_CGTCGC_S75_trim1	0.0015896520396199093	0.0	9.634254785575208e-05	0.0	4.817127392787604e-05	0.04398037309615083	0.0016859945874756613	0.0015414807656920332	0.0	2.408563696393802e-05	4.817127392787604e-05	0.0	0.0	0.0	0.0	0.0	0.0	0.0	0.0001737332241957765	0.0	0.0	0.0012281130426884418	0.0007247539719106068	0.0	2.6543723219042254e-05	0.0025845963977726167	0.0007117289648504439	0.0015617792458502689	0.0023055877199274506	0.0006399166014145648	0.002056215746500187	0.0023880787110743167	0.0005998601378731169	0.002095281622219414	0.005931208210973758	0.0022666838556859056	0.003323308020803908	0.010121041451287545	0.014180652522521493	0.02429468028200749	0.04808884311593907	0.045732466507552805	0.047687147984217124	0.05845653434281427	0.040160914787689406	0.01745227137070018	0.01762687873701426	0.0
209106_HY55YBGXT_TCDM_1_D10_A04_2_1_o_ATGGCG_S76_trim1	0.0017324176928354134	0.0006929670771341653	0.0	0.0	0.00034648353856708266	0.04781472832225741	0.0027718683085366613	0.001039450615701248	0.0	0.0	0.0	0.0	0.0	0.0	0.0	0.0	0.0	0.0	0.0	0.0	0.0	0.0014708477966700005	0.000557466426584459	0.0	0.0	0.002894154964633426	0.0015682492261670225	0.0015969753287273904	0.003865504845105152	0.00041443304523329467	0.002750630000063476	0.002165533370869245	0.00044456299457633147	0.004120973465509742	0.008750375438405634	0.0019482875769878012	0.004522942626472783	0.009888828746304701	0.015689838935687893	0.0269007781610516	0.04686008335855822	0.04440094963663713	0.043665515865660996	0.053141545603922695	0.037327867628594504	0.015702620910181007	0.015333719231934002	0.0
209107_HY55YBGXT_TCDM_1_E10_A04_2_1_i_ATTGGT_S77_trim1	0.0009963111579377355	0.0	0.0	0.0	0.00012453889474221694	0.04545669658090918	0.002366239000102122	0.0014944667369066033	0.0	6.226944737110847e-05	0.0	0.0	0.0	0.0	0.0	0.0	0.0	0.0	0.00038752129752464315	0.0	0.0	0.001067125530644844	0.0006081520758595385	6.84965755137072e-05	0.00013904579820978535	0.0018366394019902108	0.0006475099644588975	0.0015423144999596062	0.00247818074498619	0.00038407590568939316	0.0018916643809055397	0.0015405559461000014	0.0007536413437592634	0.0019986635024057823	0.005336864709575059	0.002347825678639012	0.0033229280077873794	0.010339186746186273	0.01419599070807881	0.025355941066031378	0.05038517988101985	0.045514400007980606	0.046700141679021374	0.058453975077099964	0.040970566570632826	0.017180747656607934	0.012768774298473461	0.0
209108_HY55YBGXT_TCDM_1_F10_A04_2_3_i_GCCACA_S78_trim1	0.001397859876529034	9.984713403778813e-05	9.984713403778813e-05	0.0	9.984713403778813e-05	0.04473151604892909	0.002745796186039174	0.0017972484126801867	0.0	4.992356701889407e-05	7.48853505283411e-05	0.0	2.4961783509447033e-05	0.0	0.0	0.0	0.0	0.0	0.00015489643108296356	0.0	0.0	0.0009597545587675045	0.0005934658866366858	8.192090318341899e-05	8.300945809765565e-05	0.0021327352694640858	0.0005705110266944962	0.0014528852557717318	0.0015708418556443756	0.000332875981908493	0.0019823533383759445	0.0012076350501454565	0.0005561895389254157	0.0017929871199247893	0.005303105864041009	0.0023661324182346543	0.004314112825403313	0.011955651658233049	0.015977636289237547	0.02670061189987661	0.053412089983662175	0.05219910789579438	0.0500586938185022	0.06238290133304887	0.04458228978158526	0.02046321707497606	0.019253718255193737	0.0
209109_HY55YBGXT_TCDM_1_G10_A20_2_1_i_CATCTA_S79_trim1	0.0015118922419971007	0.00015118922419971007	6.047568967988403e-05	0.0	0.00010583245693979706	0.045387005104752964	0.001678200388616782	0.0018293896128164918	4.5356767259913024e-05	8.315407330984055e-05	5.291622846989853e-05	0.0	0.0	0.0	0.0	0.0	0.0	0.0	9.167202438720309e-05	0.0	0.0	0.0009588767161380034	0.0006604529184093559	7.809914796172549e-05	5.497799427239256e-05	0.002283879775936379	0.0006768261186721437	0.001284933012025126	0.0022217124716478274	0.0005246013439630681	0.0022413292310920845	0.0018191008622369653	0.0007278313904088435	0.002077845884948451	0.005365460628365968	0.0022528140794495473	0.0037633374359625645	0.01140991678450666	0.01402686188722939	0.023771415544230106	0.04562647367563771	0.04307823470818751	0.04202944861848679	0.05137805077011831	0.03662719558261831	0.017096127236506584	0.016310641834238596	0.0
209110_HY55YBGXT_TCDM_1_H10_A04_2_2_o_AACAAG_S80_trim1	0.0013367625749255423	4.860954817911063e-05	0.00012152387044777658	4.860954817911063e-05	9.721909635822127e-05	0.04425899361708023	0.002090210571701757	0.00192007715307487	9.721909635822127e-05	0.0	8.50667093134436e-05	0.0	1.2152387044777658e-05	0.0	0.0	0.0	0.0	0.0	6.225965438669696e-05	0.0	0.0	0.0009199206517331177	0.0005416643721162014	3.9047242086783536e-05	5.259299921439207e-05	0.0020742352852951076	0.0006602141734778762	0.0014499567269990012	0.0022659512192138203	0.0004382782620202762	0.0024340028761560615	0.0015138968380721245	0.0008422373614387941	0.0022371530329932244	0.005412969920396008	0.0019086727807274292	0.0033931376646343676	0.010619573002785944	0.013237120776750646	0.022780163413679198	0.04538475651560946	0.042170267102352776	0.041445308683538934	0.05154187353960226	0.03599136741376762	0.016035586847546218	0.015622900908543387	0.0
209111_HY55YBGXT_TCDM_1_A11_A04_2_2_i_GCAGCC_S81_trim1	0.001677215078895435	6.0989639232561274e-05	3.0494819616280637e-05	1.5247409808140319e-05	4.574222942442095e-05	0.04557450791653141	0.0023176062908373284	0.0020888951437152237	6.0989639232561274e-05	2.2871114712210476e-05	1.5247409808140319e-05	0.0	0.0	0.0	0.0	0.0	0.0	0.0	9.198922560863521e-05	0.0	0.0	0.0008562339928597799	0.0005413426054494795	1.551029290179976e-05	0.00010114009786315868	0.002053440516161553	0.0006194802059214937	0.001544742237295894	0.002132613519453677	0.0005107962779232971	0.002284663064889982	0.0016237894243893822	0.0007466305833506796	0.0019526295397286576	0.0052607901841748685	0.002215158991539889	0.00372977963870694	0.010492934653852454	0.01297510313619131	0.02165018810689808	0.04173370752431229	0.039270629144785345	0.0385132576993877	0.04734954199452692	0.032915212575647196	0.014382575852851845	0.014075787705709665	0.0
209112_HY55YBGXT_TCDM_1_B11_A20_2_2_o_ACTCTT_S82_trim1	0.0017732104448863182	0.00010828766075641638	4.0607872783656144e-05	0.0	5.414383037820819e-05	0.04542667368731668	0.001989785766399151	0.002030393639182807	8.121574556731229e-05	7.444776677003626e-05	4.0607872783656144e-05	0.0	1.3535957594552048e-05	0.0	0.0	0.0	0.0	0.0	4.7747833595525786e-05	0.0	0.0	0.0009021783198836452	0.0006083835249741437	6.942427283628146e-05	6.277653937491028e-05	0.002145669201618227	0.000599947134070186	0.0013654891811652103	0.0020659799387609114	0.00041291786744872825	0.0023006929482002644	0.0016554633370919035	0.0007311447382415154	0.0018343970789644235	0.005280410562105972	0.0020296199864191255	0.0034394373897398884	0.011005292781921435	0.013140889991446303	0.02273059505966982	0.04486774439037889	0.04206471387366151	0.04084596174068582	0.05023882277832705	0.03507473690245225	0.01601923288943597	0.015896019065581624	0.0
209113_HY55YBGXT_TCDM_1_C11_C17_2_1_i_TGCTAT_S83_trim1	0.001525503965818213	0.00011482287914760745	6.561307379863282e-05	0.0	0.00011482287914760745	0.04571590916919742	0.001984795482408643	0.0018043595294624027	6.561307379863282e-05	4.920980534897461e-05	1.6403268449658206e-05	0.0	0.0	0.0	0.0	0.0	0.0	0.0	8.273779358988945e-05	0.0	0.0	0.0009279296284920876	0.0006044706142907432	5.903454068808131e-05	5.084712582807723e-05	0.0020614102635743013	0.0006429130579242377	0.0015888371068070704	0.0021681151243009137	0.0006505630051368982	0.0025875908391103596	0.001847432199914153	0.0008603118905170749	0.001920180519339853	0.005207925224476335	0.0024491985678019804	0.003998296049554205	0.011676723214686841	0.014112043281161056	0.022635173093559918	0.04402949829432324	0.04219426553267629	0.04112021213127552	0.050225884803265015	0.03675530826196373	0.017150904920653954	0.016893061092933214	0.0
209114_HY55YBGXT_TCDM_1_D11_A03_2_3_i_AAGTGG_S84_trim1	0.0017730326860908618	0.00010498219851853788	1.1664688724281985e-05	0.0	5.832344362140993e-05	0.04612217921581097	0.0022629496125107056	0.001738038619918016	9.331750979425588e-05	2.9161721810704964e-05	3.499406617284596e-05	0.0	0.0	0.0	0.0	0.0	0.0	0.0	8.782228142614954e-05	0.0	0.0	0.0008697891548811215	0.0005710409363941049	2.9490993126298305e-05	6.502194638467634e-05	0.002067977685513449	0.0006358685988831533	0.001729210831108813	0.0021007828737955587	0.00044476026430059014	0.002228957418758579	0.0017435593555294312	0.0007948589987393535	0.002236192022486605	0.005337128845870429	0.002299429735160204	0.003454001118691498	0.010383490071539814	0.013142953274172519	0.021298314176255294	0.04090581494564731	0.03762516578525038	0.035882563568061535	0.043987653420801485	0.03062768717146651	0.013891170780732641	0.013196722208053211	0.0
209115_HY55YBGXT_TCDM_1_E11_C14_2_3_i_CTCATA_S85_trim1	0.0022041713943638333	0.00015028441325207957	0.00012523701104339961	2.5047402208679925e-05	0.0001001896088347197	0.04483484995353707	0.001728270752398915	0.001728270752398915	7.514220662603978e-05	5.009480441735985e-05	2.5047402208679925e-05	0.0	0.0	0.0	0.0	0.0	0.0	0.0	8.897309415501426e-05	0.0	0.0	0.0008915767703161272	0.0005333306970320016	7.861750591727762e-05	6.605390659317068e-05	0.0020391568766034204	0.0005926241992165507	0.0011178840037206453	0.0019896983368609027	0.0006309307490409853	0.0020956811006346064	0.001700376262747372	0.0007729478939473869	0.0018456105584787046	0.00506886277631187	0.0018867495514131995	0.0029070293797678398	0.009795958280580348	0.012682083596574516	0.02205389459907726	0.04446445505675632	0.04141945639870457	0.04111891883542873	0.05089990557353966	0.03589662582984188	0.015943892682417585	0.014865235908995128	0.0
209116_HY55YBGXT_TCDM_1_F11_C14_2_1_i_CCGACC_S86_trim1	0.0014203741187600095	0.0002334861565084947	1.9457179709041224e-05	0.0	9.728589854520612e-05	0.043700825626506595	0.001887346431776999	0.001809517712940834	0.0001556574376723298	9.728589854520612e-06	3.891435941808245e-05	0.0	0.0	0.0	0.0	0.0	0.0	0.0	6.97989719807981e-05	0.0	0.0	0.000858991002580552	0.0006402918078277738	3.1310723233871686e-05	4.222469682403776e-05	0.0023070080924717197	0.0005955170988659081	0.0013305217173582612	0.0022145783230362896	0.0006153745169310042	0.002467260213438957	0.0019066313113667163	0.0006117032534538601	0.002196136440656039	0.00534658205036062	0.0021359724940818014	0.003843596484091158	0.011742018615717154	0.0143036613532124	0.023315645731555337	0.04905300818164285	0.045063914706879794	0.04443985272002482	0.05606738851560468	0.039676714948911604	0.018330815681782308	0.018506911242002884	0.0
209117_HY55YBGXT_TCDM_1_G11_A20_2_3_o_GGCCAA_S87_trim1	0.0015177873373262982	0.00014532006421209237	4.844002140403079e-05	1.61466738013436e-05	1.61466738013436e-05	0.04496848653674192	0.0019214541823598882	0.0014693473159222673	1.61466738013436e-05	3.22933476026872e-05	4.0366684503358996e-05	0.0	0.0	0.0	0.0	0.0	0.0	0.0	8.190410667190854e-05	0.0	0.0	0.0008066583744403391	0.0005687979050169397	3.366552509676524e-05	5.084498001156723e-05	0.0019640059196846253	0.0005171399128929531	0.0015241783459372723	0.00203468817434829	0.000410235262788683	0.0022701925258930833	0.0017916072297139987	0.000738906534309488	0.001794692864091155	0.005204429604279779	0.0021350441355525553	0.003309525519250764	0.01064695882706459	0.013319520657784745	0.021887920419281243	0.042578793052131934	0.04103441694368191	0.03910637890693017	0.04832423886442009	0.03470015302394936	0.015522426400632564	0.015337785939069584	0.0
209118_HY55YBGXT_TCDM_1_H11_C14_2_2_i_AGACCA_S88_trim1	0.0015578261290156424	0.00013819425338041988	3.76893418310236e-05	0.0	7.53786836620472e-05	0.04392064634708617	0.0018593408636638311	0.002085476914649973	0.00010050491154939628	3.1407784859186336e-05	3.76893418310236e-05	0.0	0.0	0.0	0.0	0.0	0.0	0.0	5.6828205682239665e-05	0.0	0.0	0.000806482749651498	0.0005473568361145532	3.1898988916887695e-05	7.03597564708109e-05	0.002045991188127607	0.000559818109305065	0.0013951450631144895	0.0023223113926369495	0.0005280071965425307	0.0022418492555651122	0.0018207490983993503	0.0006577826148054907	0.0019297920220253597	0.004837574544317393	0.0021381605575502994	0.003350432513205022	0.009801286791956864	0.01243668708854167	0.02025177515515403	0.039614338141847255	0.03595916456045321	0.034806610103450486	0.04304898206643161	0.02987571843284443	0.01341142087506865	0.012982173825283513	0.0
209119_HY55YBGXT_TCDM_1_A12_C14_2_3_o_CGCGGA_S89_trim1	0.0014429079335844938	9.018174584903086e-05	9.018174584903086e-05	0.0	7.729863929916931e-05	0.045297002629313216	0.0021385956872770175	0.0019968815152285407	1.2883106549861551e-05	9.018174584903086e-05	1.9324659824792328e-05	0.0	0.0	0.0	0.0	0.0	0.0	0.0	0.00010393551840438191	0.0	0.0	0.0009503755818756429	0.0006513787846587794	6.608131398199323e-05	5.312057833436044e-05	0.002276069928076858	0.0004835861459017014	0.001454407504147429	0.0019367969946911985	0.000495539081481147	0.002371950165953041	0.001752821726204178	0.0006992225145083321	0.0021021489253633474	0.005349607947525143	0.0021092624997447866	0.003343715429463902	0.010700668995485272	0.01358447261803833	0.022700062668682103	0.04342712754696875	0.040262070110956526	0.03953352606454042	0.048168431111353466	0.03410368305403416	0.015300726076214693	0.014936508482444249	0.0
209120_HY55YBGXT_TCDM_1_B12_C17_2_2_i_CCTGCT_S90_trim1	0.0014526763091446265	0.00010168734164012386	8.716057854867758e-05	1.4526763091446265e-05	5.810705236578506e-05	0.04504749234657487	0.0020192200697110307	0.0017432115709735516	0.00013074086782301637	2.1790144637169395e-05	4.358028927433879e-05	0.0	7.263381545723132e-06	0.0	0.0	0.0	0.0	0.0	9.55273225778386e-05	0.0	0.0	0.0008702985838233659	0.0005905508426525121	3.7575392206307543e-05	3.779342627190375e-05	0.002259013635543214	0.0005517647275201854	0.0014455756610822353	0.002318359463274025	0.0004971805129861183	0.0024857046009433047	0.001995100649178177	0.0007095127091464025	0.0019191917576437912	0.005270257422795896	0.002033486147029675	0.0031124049092639246	0.010080506420836221	0.012752350601548381	0.021457507132385967	0.044360922690720055	0.041288873826510614	0.04052763596424407	0.05064311034207764	0.03436057175515822	0.015035596336518162	0.015495878217771708	0.0
209121_HY55YBGXT_TCDM_1_C12_A03_2_3_o_GCGCTG_S91_trim1	0.0016368433802780014	0.00011616307860037429	6.33616792365678e-05	1.0560279872761299e-05	6.33616792365678e-05	0.0456520898899471	0.0023021410122619633	0.0019008503770970339	6.33616792365678e-05	6.864181917294845e-05	3.16808396182839e-05	0.0	5.2801399363806495e-06	0.0	0.0	0.0	0.0	0.0	0.00011170971560142676	0.0	0.0	0.0009162163052747002	0.0006126751854672587	4.853225518389195e-05	5.954132395221884e-05	0.002136017112921224	0.0006390165131698026	0.0015816152168518025	0.002171410240337542	0.0005784874211525817	0.0024607792979738593	0.0017751646550018376	0.0008219011074889118	0.0020892276823591327	0.0054344828102049535	0.002217961108199832	0.0035187810894350066	0.010408394821372628	0.012846884509426596	0.021419036799764445	0.0408908368255545	0.03854886492079655	0.03638924067851876	0.0451234337709087	0.03129933017883248	0.014192284277095814	0.013714506758548116	0.0
209122_HY55YBGXT_TCDM_1_D12_C17_2_3_i_GAACCT_S92_trim1	0.0015313309047931413	0.00015062271194686634	0.00010041514129791089	0.0	0.00010041514129791089	0.044383492453676614	0.00198319904063374	0.0015564346901176186	5.0207570648955446e-05	6.27594633111943e-05	2.5103785324477723e-05	0.0	0.0	0.0	0.0	0.0	0.0	0.0	0.00011449933005169771	0.0	0.0	0.0010195025679204872	0.0006618958253840942	1.3054371850388022e-05	3.9415691281590694e-05	0.0019707253380256877	0.0006799069887239425	0.0014262519431000825	0.002148119939597043	0.00045384455851376634	0.002006831868880295	0.0018109234620272696	0.0007340215384947521	0.002085463467820271	0.005380763410087369	0.0022595934730028537	0.003974221182756611	0.010985759526118277	0.01365517106679719	0.022235921034293952	0.043992539298048555	0.04056086360107672	0.04023711419494484	0.04975122386008635	0.0346403125335233	0.015994485083990793	0.014761955762470419	0.0
209123_HY55YBGXT_TCDM_1_E12_A03_2_2_o_TTCGAG_S93_trim1	0.0016373708383290535	0.00012842124222188655	0.00012842124222188655	0.0	8.026327638867909e-05	0.043534801113219536	0.0017818447358286759	0.0018621080122173549	0.00019263186333282983	7.223694874981118e-05	4.815796583320746e-05	0.0	0.0	0.0	0.0	0.0	0.0	0.0	9.743830632735942e-05	0.0	0.0	0.0009447418053506561	0.0006689769772812115	8.308056762970061e-06	5.018633349186639e-05	0.0022246742326938462	0.000518646180425953	0.0015633585855831021	0.0018939137258009082	0.0004926152141218003	0.002266683526984555	0.0020134978729934518	0.0007297605978790016	0.0021984508564145515	0.005139714243481403	0.0024212945841866336	0.003324242004412526	0.010430136531323278	0.01337178840421445	0.022686104078878732	0.04426281175071435	0.04211852947609759	0.04120240187021984	0.05103981092241546	0.036079213011646474	0.016334650880239426	0.015534251389949714	0.0
209124_HY55YBGXT_TCDM_1_F12_C17_2_2_o_AGAATC_S94_trim1	0.002006839637130629	0.0001092157625649322	9.556379224431565e-05	0.0	6.82598516030826e-05	0.04552932101925611	0.00223892313258111	0.0018703199339244634	6.82598516030826e-05	6.82598516030826e-05	6.825985160308262e-06	0.0	0.0	0.0	0.0	0.0	0.0	0.0	0.00011016915716669991	0.0	0.0	0.0008900598739105025	0.0005585441546608763	8.414467498838803e-05	7.045234349857321e-05	0.001961269390192492	0.0005769386098856507	0.0015274591985529153	0.0021823568731595393	0.0005175380525320075	0.002068745670174209	0.0017201433929403976	0.0007920115751360261	0.001983547887096454	0.004916967152321721	0.002202931166325265	0.0032210913509580046	0.010178796509333758	0.01258520330951015	0.020915385107134022	0.04121167679631017	0.03864291358234816	0.03782193463289337	0.04643681584055748	0.03301602152167263	0.014518174445641812	0.014024606014427645	0.0
209125_HY55YBGXT_TCDM_1_G12_X8_415_3_i_AGGCAT_S95_trim1	0.00144621642750482	2.7032082757099437e-05	6.758020689274859e-05	0.0	2.7032082757099437e-05	0.04187269619074702	0.002013890165403908	0.0016084089240474165	0.00010812833102839775	4.730614482492401e-05	1.3516041378549718e-05	0.0	0.0	0.0	0.0	0.0	0.0	0.0	7.47800735033737e-05	0.0	0.0	0.0008897518721577134	0.0006177852973688937	4.1324394499475146e-05	6.913547130169303e-05	0.002159167286241224	0.0007188737439949615	0.0014606061529579065	0.0021001804458067883	0.0004419402431213071	0.00194299301666721	0.0016297939132872516	0.0005968807014542003	0.0018845437276589023	0.00501148458881035	0.001917211409819864	0.0033463779081106676	0.010078710621124108	0.012692574282134113	0.02128234967984975	0.04160739071184841	0.038587237175260566	0.03813070249249836	0.04609069462301908	0.03151298168680838	0.014346561439556359	0.014104855761372204	0.0
209126_HY55YBGXT_TCDM_1_H12_X8_415_3_o_ACACGC_S96_trim1	0.001699674667905115	8.378677940377328e-05	5.9847699574123774e-05	0.0	0.00011969539914824755	0.04488577468059283	0.002094669485094332	0.001843309146883012	0.0001556040188927218	6.583246953153614e-05	1.795430987223713e-05	0.0	0.0	0.0	0.0	0.0	0.0	0.0	8.514493888448331e-05	0.0	0.0	0.0008344645994773902	0.0005660749068884536	5.0097775201638854e-05	4.41432250901515e-05	0.0022553008145638305	0.0005639868383416967	0.0013980694731789433	0.002054308994896612	0.0005361714853810197	0.002092080229131064	0.0017888283385233163	0.0007325036324578717	0.0018787403292369288	0.005113064799766063	0.0021315181881128528	0.003533230859657525	0.011061803193840074	0.013234927075393596	0.02253696802873671	0.04284106100402894	0.03987267624058904	0.03942780508817511	0.04775887560087933	0.03352039868283001	0.015458560754756342	0.015135964679487173	0.0
209127_HY5CNBGXT_TCDM_2_A01_X4_46_1_o_CAGCGT_S1_trim1	0.0003663879743324869	0.0009770345982199652	0.016121070870629424	0.002320457170772417	0.006310015113503941	0.016629943057202324	6.106466238874783e-05	2.035488746291594e-05	0.0	4.070977492583188e-05	0.0002747909807493652	0.0	7.12421061202058e-05	2.035488746291594e-05	0.0	8.155430267758067e-05	1.020778143261721e-05	7.154878068101151e-05	0.00011259660148654128	0.00025630203123460586	0.0005238129474235593	0.00019555642286544505	0.0006395053611694202	0.0008064742095234472	0.0009953422131682946	0.00028076097871613414	0.0015132889205647512	0.0021482058760870838	0.0011263499356612074	0.0013965155033851219	0.001383310423584549	0.002045345633963446	0.0016498041585416507	0.0013368854633704795	0.0025663398860545092	0.0005975321920468465	0.0010839470019199271	0.0017305979328969133	0.0017774216309001654	0.0020099451621897945	0.0016737605037311894	0.00205906918819641	0.0013396759275215837	0.0018537325894345648	0.0019757978605255346	0.0024822089944597356	0.0011078905348757015	0.0
209128_HY5CNBGXT_TCDM_2_B01_X8_415_2_i_GATCAC_S2_trim1	0.0005840159875165794	0.0009312687368507617	0.014142657427428516	0.0020045954166109615	0.006329470567409415	0.01685754255858667	3.156843175765294e-05	0.0	1.578421587882647e-05	2.3676323818239704e-05	0.00018941059054591763	7.892107939413235e-06	7.892107939413235e-06	2.3676323818239704e-05	7.893778163520404e-06	5.530141046247384e-05	2.372002776824584e-05	9.495939694452313e-05	0.00015049383363397776	0.00016650118299090514	0.0003731110459445766	0.00012720860979673258	0.0005176868096745948	0.0007821298337120145	0.000848126472619597	0.0002246715702841678	0.0015139846683282381	0.0020058011327438383	0.0010487669305738242	0.0014315143884374212	0.0013187214599829028	0.002020709192422324	0.0015952521266599962	0.001180140660880468	0.002691236191400374	0.0005223756110488711	0.0013154613053525592	0.0019755569723691416	0.0016396264179906039	0.0017927165846732254	0.0015159785570077063	0.0022142768376693166	0.0016098597812130562	0.0018602017501227785	0.0019104771406161561	0.0024738567525288344	0.0015389146281823668	0.0
209129_HY5CNBGXT_TCDM_2_C01_X8_415_2_o_ACCAGT_S3_trim1	0.0004867227897204818	0.0008895278570753634	0.013812857101377812	0.0026014493933336096	0.006428097533204984	0.01636395586129206	0.0	0.0	0.0	4.1958861182800155e-05	0.00022657785038712085	0.0	0.0	0.0	1.6786544979883004e-05	3.359888492020727e-05	8.406646294560479e-06	5.0483098006371984e-05	1.6843710912063367e-05	0.00018548208141921447	0.0004389909388049164	0.00010146337239898646	0.0006098175544452736	0.0007892590164780309	0.0007570760023494875	0.00011940019482700363	0.0014033527637791914	0.0019675677812064627	0.000992702771410333	0.001631573941195298	0.0013276720929440342	0.0020240634746305644	0.0014819718567332548	0.00127245946970162	0.0027191757634425855	0.00041253085387011235	0.0008912948071771885	0.0015567438805341538	0.0017192983264984023	0.0016216095295153938	0.0016329073038350622	0.001979959359049587	0.001316995400471339	0.00171072974979099	0.002496738297836236	0.002534919355354305	0.001636307350015888	0.0
209130_HY5CNBGXT_TCDM_2_D01_X4_46_3_o_TGCACG_S4_trim1	0.0004715136700232827	0.0010777455314817889	0.013657056656745794	0.00250912631548104	0.006449633414961331	0.016435619355097283	1.683977392940295e-05	3.36795478588059e-05	1.683977392940295e-05	1.683977392940295e-05	0.000176817626258731	0.0	1.683977392940295e-05	1.683977392940295e-05	8.422989741893484e-06	5.061229489051169e-05	2.534334744732512e-05	3.383729758422843e-05	0.00011859332392436489	0.00017816268458926713	0.00035691847803502445	0.00011069846130841833	0.0004523044527837248	0.0006672644101096033	0.0008149429308333058	0.0002323556039008203	0.0011838060175711378	0.0018676426822545626	0.0010394471957767347	0.001300247424785299	0.0012997700291245747	0.0019504217052189632	0.001526141365217838	0.0010148336972992105	0.002582881886185218	0.0005648127752131266	0.0010311827797725435	0.0017896153002969716	0.0015097205681426896	0.0019555790705476626	0.0013891494238078026	0.002145854219817238	0.0013682308205394248	0.00200100935124328	0.0023309822995731186	0.0022461652566049214	0.0013349538719800691	0.0
209131_HY5CNBGXT_TCDM_2_E01_X4_46_1_i_ACATTA_S5_trim1	0.0004648496211475587	0.0009296992422951174	0.014297647438326429	0.0021974709363339145	0.005888095201202411	0.01670641365700014	4.225905646795989e-05	1.408635215598663e-05	0.0	2.817270431197326e-05	0.00023242481057377936	1.408635215598663e-05	3.521588038996657e-05	0.0	0.0	2.82220198076246e-05	7.065151078717865e-06	3.5373409850263647e-05	9.918425906134993e-05	0.00020574359495357787	0.0004334779112447582	0.00018509996537206802	0.0005136031723555946	0.0009365309406945714	0.0008099168803091216	0.00023002899084125194	0.0013925796860432705	0.0019430917722244021	0.0011655970249884332	0.0013765005869896387	0.0013696378677477675	0.0018008513357944474	0.0015001840524315074	0.0012641275661225248	0.0027415659444956684	0.0004982763089316181	0.0011542929432804463	0.0016477641958416397	0.0017030890294565163	0.0018148905233837755	0.0013837018265027861	0.0020380026775195996	0.0013712144007983515	0.001881673011799808	0.0018924360382902893	0.00223118768660121	0.0010892747190716734	0.0
209132_HY5CNBGXT_TCDM_2_F01_C14_3_2_o_GTGTAG_S6_trim1	0.0004083035182224786	0.0011604415781059918	0.014204664502371492	0.0020630072499662074	0.006017104479068105	0.016117244140360996	2.1489658853814663e-05	2.1489658853814663e-05	2.1489658853814663e-05	3.223448828072199e-05	0.0001396827825497953	2.1489658853814663e-05	2.1489658853814663e-05	3.223448828072199e-05	0.0	6.456977054271107e-05	1.0775015626466412e-05	4.315518799802436e-05	9.723771423089073e-05	0.00015150708425482105	0.0004879249419640389	0.0002825074842751988	0.0005011615508422402	0.0008305111435471852	0.0009541997291388906	0.0002752684610720297	0.0014937182508802701	0.0023922111385578705	0.0013099995174275282	0.0014545871137563798	0.0013986123718521416	0.002215783311546711	0.0014498877612886233	0.001373501885101989	0.0028329761759797187	0.0006513950711106286	0.00118758113352293	0.001895419954607186	0.0017200151667115145	0.002121026280036107	0.0017996271172613036	0.0024507518673976205	0.001325241465339226	0.002038792878453097	0.0025028056003850744	0.0026946150687858906	0.0013867539931831853	0.0
209133_HY5CNBGXT_TCDM_2_G01_A03_3_1_o_CTAGTC_S7_trim1	0.00044275949857486784	0.0011068987464371697	0.01578437612419404	0.002080969643301879	0.0056451836068295656	0.01520878877604671	4.4275949857486785e-05	0.0	0.0	5.534493732185848e-05	0.00023244873675180562	0.0	1.1068987464371696e-05	1.1068987464371696e-05	1.1070792514860048e-05	8.862516992491565e-05	2.2172164864679397e-05	3.3281026653110195e-05	7.772034244471115e-05	0.0001778111272425317	0.00044502203359716096	0.0001782458116690403	0.0006470474444191823	0.0008939503363655757	0.0008285275006191564	0.0002244209238848384	0.0015751942017551486	0.0019074390914630588	0.0011439613001290071	0.0016602989652584716	0.0015653919044329387	0.002102240333399234	0.001640951872268306	0.0013963769603387052	0.0025455742844912705	0.0005320938935249375	0.0011573012165144736	0.0018701787094512073	0.0015770119096183914	0.0017706195769358352	0.001935502277294384	0.0020446751292362473	0.0014974239100316465	0.0017337752386720289	0.0024850481808974616	0.002921499313447661	0.0013707984468853596	0.0
209134_HY5CNBGXT_TCDM_2_H01_A03_3_3_o_TGTGCA_S8_trim1	0.0006218684340061259	0.0008610486009315589	0.014526208804604632	0.002264238913560766	0.0063303017512931275	0.016630994273548444	0.0	1.5945344461695537e-05	0.0	4.78360333850866e-05	0.00020728947800204196	1.5945344461695537e-05	4.78360333850866e-05	1.5945344461695537e-05	0.0	4.78833408589984e-05	2.3961142694115804e-05	5.595596936682463e-05	8.801909662320336e-05	0.00018424376186670013	0.00045716738606366126	0.00014458328366629794	0.0005793240688150096	0.0008787069239122839	0.0006706813273833934	0.00021876070762769166	0.001447022827760629	0.0018688916215874774	0.001049312610065105	0.0014585253484701347	0.0014177369336887127	0.0018536749105100864	0.0015571770585228381	0.0012912960951291037	0.0026444895877515487	0.00046854785739138585	0.001237923985672742	0.0017463429707111552	0.001729915925180321	0.001848752202636486	0.0014135975918288441	0.0020992502623108623	0.0013448108718408882	0.0019329963971920997	0.001963911009320681	0.0026636998224235076	0.0014924230913984588	0.0
209135_HY5CNBGXT_TCDM_2_A02_X4_32_2_i_TCAGGA_S9_trim1	0.0005224981612418875	0.0009404966902353976	0.015169863281389468	0.002142242461091739	0.00714080820363913	0.01602327694475122	1.7416605374729587e-05	5.224981612418876e-05	0.0	2.612490806209438e-05	0.00020029096180939024	0.0	8.708302687364794e-06	0.0	0.0	6.975992036207492e-05	8.729610358206467e-06	6.991522516766327e-05	0.00011375107921336403	0.00015770550407103617	0.0004474933266460867	0.00010548034562744851	0.0005636912546736831	0.0007679672559947348	0.0010000629243132023	0.0002218914363307819	0.0013093745696655856	0.002245200392185522	0.0011594767721748583	0.001428059470542432	0.0016555255256566434	0.0022354760707403577	0.0015603555210040932	0.0013781785173257526	0.0028390452196918057	0.0005978815065285339	0.0007865293987423971	0.001827131582241525	0.0017851276381055119	0.0021512952948970574	0.0016784852372645695	0.0024757890619432066	0.0012042041937361735	0.002180547156212035	0.002325514303393836	0.002575283068421414	0.0012194817154413068	0.0
209136_HY5CNBGXT_TCDM_2_B02_C14_3_2_i_CGGTTA_S10_trim1	0.0006171141625937131	0.0009697508269329778	0.01542785406484283	0.001957133487082919	0.006929310454266552	0.016115495560304397	3.526366643392647e-05	5.28954996508897e-05	0.0	0.0	0.0001586864989526691	0.0	6.171141625937131e-05	8.815916608481617e-06	8.817309577855432e-06	6.17607023356486e-05	1.7657681996624732e-05	0.0001060201323396302	0.00017684183646356647	0.00016815767950898665	0.00045183656947248615	0.00017741452744664835	0.0004441703617199058	0.0007741354753098388	0.0006687112587704826	0.0002770129390956671	0.0013441485316387025	0.0019691067825928082	0.0011915036044338016	0.0014691209813873255	0.0013040823705846437	0.001964292106758358	0.0014331850957626541	0.0013335984365376874	0.002562270955820326	0.000561552053733869	0.001165257603787376	0.0017590787274707213	0.0018587852053420892	0.0021122771307595556	0.0019265539924483205	0.002010081770336897	0.0011634399342354805	0.002175298518522832	0.0021714094900270424	0.0026059795193381793	0.00147451525311054	0.0
209137_HY5CNBGXT_TCDM_2_C02_X4_32_3_i_TTAACT_S11_trim1	0.00048061008644373164	0.0008210422310080416	0.015319446505393948	0.0023229487511447033	0.007088998775045042	0.01676127676472514	4.005084053697764e-05	4.005084053697764e-05	0.0	2.002542026848882e-05	0.00024030504322186582	0.0	5.006355067122205e-05	3.0038130402733228e-05	0.0	8.018326687476898e-05	2.006200161599423e-05	7.027531055663668e-05	9.043924532670272e-05	0.00018107057980308572	0.000433063752825741	0.00022188838106707132	0.000545549437993154	0.0008198743203520236	0.0009029015603965056	0.0002949553081682889	0.0014082096787475752	0.0018337877336401804	0.001070279050563687	0.00139688707337258	0.00126002251587342	0.0019510895418978122	0.0016603142900924394	0.0011740432694714276	0.0027282631564020526	0.0005229816096785592	0.0012236515305014436	0.002147304651755276	0.0016597968886084159	0.0016987917430400677	0.001377416468226475	0.002162780990308578	0.0014864072357812863	0.0021282690212165887	0.002217732062585681	0.0025667047328040427	0.0011915674473986805	0.0
209138_HY5CNBGXT_TCDM_2_D02_X4_32_3_o_ATGAAC_S12_trim1	0.00047029291347588605	0.0010910795592640556	0.014616703750830538	0.002257405984684253	0.00618905474134266	0.01674242771974154	7.524686615614176e-05	7.524686615614176e-05	3.762343307807088e-05	1.881171653903544e-05	0.0002633640315464962	9.40585826951772e-06	1.881171653903544e-05	0.0	0.0	2.8263970409507244e-05	3.773441087717034e-05	5.6674054759416273e-05	0.00013242279420041131	0.00019892921141902934	0.00038904757074426793	0.00015213294670012704	0.0006003777805710698	0.0007261044980931636	0.000987063526258573	0.00018270530787767593	0.001506526446395761	0.0020478601414401676	0.0010346935681788388	0.0014247546302314656	0.001623867686468776	0.002077528572010736	0.0015932701880694115	0.0012537736803955564	0.002671932953671262	0.0006369369555624749	0.0011326571193904231	0.0018405290304706577	0.0016991930586976924	0.001830143081478863	0.0015139910990983442	0.002163599531685392	0.0011550576820326252	0.001869142317345653	0.0021243286314031424	0.002490656489302243	0.0013148485010796291	0.0
209139_HY5CNBGXT_TCDM_2_E02_A04_3_2_o_CCTAAG_S13_trim1	0.0004257638202936067	0.0007907042376881268	0.015509967739267102	0.0027370531304589003	0.006873044527596794	0.014840910307377147	0.00018247020869726003	0.0	0.0	3.041170144954334e-05	0.00021288191014680335	0.0	3.041170144954334e-05	0.0	0.0	3.0520502758137835e-05	3.060451257417003e-05	3.069079454170357e-05	6.156130551829387e-05	0.00018526335030860243	0.00040285381643563	9.333344118530981e-05	0.00046870708400762053	0.0006909259129565254	0.0006320601114448389	6.363017126378747e-05	0.0009943208243496982	0.0014242966887691615	0.000719379763847243	0.001057721865424725	0.0011044047342149606	0.0015600957356139672	0.0014791077746720337	0.0009437084877490909	0.0018502138064377476	0.00043419770034424645	0.0009951425984057816	0.001318457615543033	0.0016236759792215866	0.001703341321872091	0.0012599183003945981	0.0014613205160215006	0.00103143025855378	0.001412011807948744	0.001682974844529513	0.0025176604379114056	0.001015556806947221	0.0
209140_HY5CNBGXT_TCDM_2_F02_X4_32_1_i_CCGACC_S14_trim1	0.00037962109596610406	0.0011388632878983121	0.014657592316469016	0.00229881663668363	0.006158297779005688	0.01619716676122044	4.218012177401156e-05	2.109006088700578e-05	0.0	2.109006088700578e-05	0.00025308073064406937	1.054503044350289e-05	3.163509133050867e-05	1.054503044350289e-05	0.0	5.274183714586493e-05	2.110252683766607e-05	8.44348474858627e-05	0.00015836436219069855	0.000179541670248699	0.0004965849745642837	0.00016913045698098116	0.0005182404783888432	0.0005714781600096516	0.0006989973412682946	0.0002755916236681902	0.0012415168322093184	0.0018062877514140043	0.0010535140439806995	0.0011086715598880924	0.0012711777953653713	0.0018202995956150912	0.0014600002340294494	0.0011198322835802978	0.0024852247983077995	0.00047715185455370415	0.0012633473739146648	0.0018614378512437416	0.0015535317285166944	0.002017657160803839	0.0015407001052923383	0.0017778161846084327	0.001225599227236991	0.001978907816754509	0.0020580575728887684	0.0022203564404332105	0.001165569233634509	0.0
209141_HY5CNBGXT_TCDM_2_G02_A04_3_2_i_GGCTGC_S15_trim1	0.0005787453828979453	0.0009860106523446475	0.01504737995534658	0.0022721115032289705	0.005787453828979453	0.016504960919682145	0.0	2.1435014181405383e-05	0.0	1.0717507090702691e-05	0.00022506764890475653	1.0717507090702691e-05	1.0717507090702691e-05	3.215252127210807e-05	1.0718644374458842e-05	4.289217197487677e-05	0.0	6.439475530475944e-05	0.00012885181011022841	0.00018263370479238363	0.000365489021623513	0.000161366980572061	0.00046299272250811124	0.0007221819033934034	0.0007447445321180254	0.0002702500818587498	0.001256396656555201	0.0018239461987984101	0.0010777671017144336	0.0012340981538328467	0.0013486207721149959	0.0020157217484480594	0.0013618472405985485	0.0012477027508614998	0.0023899546503299987	0.0004973236077934226	0.0009688347516694162	0.0015551615812882957	0.001645132734792819	0.0019140974339397123	0.0012341503048890446	0.0019105665036559967	0.0011395487708913661	0.001849510257232906	0.0019500372239013497	0.0023624964048246425	0.0010879017554071896	0.0
209142_HY5CNBGXT_TCDM_2_H02_A04_3_1_o_TACCTT_S16_trim1	0.0005097829231028334	0.0010384466952094754	0.014840347316993595	0.002133535937430377	0.007118080074435859	0.016747313066378267	0.00011328509402285187	9.440424501904322e-05	0.0	3.776169800761729e-05	0.00028321273505712966	1.8880849003808644e-05	1.8880849003808644e-05	0.0	0.0	4.725130198600057e-05	5.675030179337575e-05	9.466343409971903e-05	0.00020846465027022707	0.00027511438592097386	0.0004274384317682881	0.00017125464195221157	0.0005337932597734448	0.0009265935402865676	0.0007949389017622167	0.00024972777271545433	0.0014940441616320592	0.001858277318854256	0.0011376597463893887	0.0014076989401200063	0.0013968186766067693	0.0019813020562349	0.0015172592229396819	0.0013195446624065855	0.002809436816834797	0.00038055769804968295	0.00115521716365462	0.0017638083219856384	0.0019029643023249065	0.0018596545002599687	0.0015947591974948675	0.001821932722173593	0.0011534337139120882	0.001984954992037002	0.0018879578617549554	0.0024065745590363774	0.0012054826434202658	0.0
209143_HY5CNBGXT_TCDM_2_A03_C14_3_3_o_TCTTAA_S17_trim1	0.0003135508239429761	0.0007446832068645681	0.014638904092837695	0.0022144526940972684	0.006878521200249038	0.017147310684381505	3.919385299287201e-05	1.9596926496436005e-05	0.0	2.9395389744654006e-05	0.00015677541197148804	0.0	3.919385299287201e-05	9.798463248218003e-06	0.0	8.823237033910052e-05	2.9423591835934054e-05	6.868383906552301e-05	4.908310791097974e-05	0.00012768192193900516	0.00030465608848313504	0.0001770298985795711	0.0003838886085189607	0.0006798344356832287	0.0008976070978429219	0.0001876410888160578	0.001345160591898355	0.001833177298566515	0.0009931016182292939	0.0011051826194799488	0.001098640432464825	0.0015237109981359601	0.0014090433813256863	0.0010212644446985807	0.002399084688197774	0.0005825555280175994	0.001120733424404063	0.001937311701331596	0.0016200371207989563	0.0015286834788112871	0.0015757946024137128	0.0018518349046116609	0.0012645175609331224	0.0018527531084069002	0.001891229885818954	0.0022770524177466566	0.00113314806565533	0.0
209144_HY5CNBGXT_TCDM_2_B03_C14_3_1_i_GTCAGG_S18_trim1	0.0006685360013727273	0.0008508640017471073	0.014018997362119008	0.0022284533379090905	0.005571133344772727	0.015518138698530578	4.051733341652893e-05	4.051733341652893e-05	2.0258666708264464e-05	1.0129333354132232e-05	0.0002836213339157025	1.0129333354132232e-05	2.0258666708264464e-05	1.0129333354132232e-05	1.0131209291534666e-05	0.0001115283171411115	4.0587075816860564e-05	6.092784579243467e-05	8.130530793572327e-05	0.0001729289319054693	0.00040735844141401447	9.177918539854347e-05	0.0005515488820410577	0.0008390961501859315	0.0009024849615751644	0.00015419499828432366	0.0015256692301689545	0.0020168275819271563	0.0012042690507318063	0.0014180661206695023	0.001435892534029605	0.0023195906723776395	0.001442997921552479	0.0012076690619125974	0.0027049978877307333	0.0006627595722310692	0.0011514542922542326	0.0018636920071463715	0.0016075102880658437	0.0017422759384746569	0.0016291001186007994	0.0022066382957146497	0.0013136541571362051	0.0017458968393205066	0.0021616141303851056	0.0025115358538954176	0.0011648796374569485	0.0
209145_HY5CNBGXT_TCDM_2_C03_A04_3_3_o_ATACTG_S19_trim1	0.00014904851156430138	0.0014159608598608632	0.015426520946905194	0.0025338246965931235	0.007601474089779371	0.018034869899280468	0.0	0.0	7.452425578215069e-05	0.0	0.0003353591510196781	0.0	3.7262127891075344e-05	0.0	0.0	7.473358411433042e-05	7.489786739557271e-05	3.753338125095006e-05	7.524063837167219e-05	0.0002262707080123589	0.0003026107744566245	0.00018980705733008283	0.0005718065083016774	0.0009959308563511468	0.0008865535270182968	0.00027174102924632236	0.0019186868350673303	0.0024123296143910883	0.0012788250155756889	0.0019004380711928363	0.0010657786271213608	0.002290006412017954	0.0018208626823932742	0.0016846601327771364	0.00327042624260729	0.0005877656135413963	0.0011596198116870194	0.0019139003231142219	0.0019369719268202074	0.001597829426039053	0.0015015651134941902	0.002687130659489042	0.0014692374011423615	0.0016571310029570583	0.0029062952292195046	0.0033953857400728276	0.0016636041227134897	0.0
209146_HY5CNBGXT_TCDM_2_D03_A27_3_3_i_TATGTC_S20_trim1	0.0004567072321973039	0.0008538439558471334	0.014852913464503622	0.0023232498333515023	0.006671896957317135	0.015726614256533246	0.0	5.9570508547474416e-05	1.9856836182491474e-05	9.928418091245737e-06	0.00027799570655488064	9.928418091245737e-06	4.964209045622868e-05	2.9785254273737208e-05	9.929402938050753e-06	6.953385200951342e-05	9.937483292606215e-06	0.00010935531759617527	0.0001392429915521277	0.00020897368842142468	0.0003883195084950369	9.964528272256422e-05	0.0005684778437256403	0.0009284487478321222	0.0008596439354819233	0.00023022993063172192	0.0013035828975940373	0.0019594681501012897	0.0010576973927759268	0.001464866194575651	0.0013180442899381108	0.001873485175233992	0.0017287960858419888	0.001254833035721908	0.0025570395817304387	0.0004897515834085502	0.0010918748656810187	0.0018864439186188093	0.001939072000850192	0.0017217876964299868	0.001568060171403232	0.0018898029235695885	0.0011853680872719915	0.00170490887891371	0.0017103701136209337	0.0023382508948006533	0.0011077730781601392	0.0
209147_HY5CNBGXT_TCDM_2_E03_C14_3_3_i_GAGTCC_S21_trim1	0.0	0.0022719527433829375	0.018932939528191146	0.0022719527433829375	0.0030292703245105835	0.015903669203680564	0.0	0.0	0.0	0.0	0.0	0.0	0.0	0.0	0.0	0.0	0.0	0.0	0.0	0.0003816356905697821	0.00038230683946935813	0.000383132954797974	0.0	0.0003853326962499422	0.000773440068062726	0.00038815506018344205	0.0003900886281363125	0.0007849077929570224	0.00039512729025655615	0.0011947574045090145	0.000803958692602374	0.0008127174019050096	0.00041133812405135146	0.00041688726951345084	0.002542782312406235	0.0008616195863364366	0.0008778860503906592	0.0013478542160879879	0.00046051965037348147	0.002361788157049465	0.0009731223604055974	0.0010027877499448467	0.0010359366421149683	0.0010656606829819316	0.001655583455202671	0.002318329875157936	0.0006247618095601052	0.0
209148_HY5CNBGXT_TCDM_2_F03_A03_3_1_i_GGAGGT_S22_trim1	0.0005474977457833197	0.0008844194354961319	0.01326629153244198	0.0017267236597781621	0.007159585906397258	0.016256471528643186	0.0	8.423042242820305e-05	4.2115211214101526e-05	0.0	0.0001052880280352538	0.0	4.2115211214101526e-05	2.1057605607050763e-05	0.0	2.1096432213576906e-05	4.225337234728047e-05	0.00019042633706265683	6.357331624482592e-05	0.00012736663121628764	0.0004892739451200561	0.00021324394147306783	0.0003635498893097514	0.0005578611432119671	0.0006894278395270525	0.00019481679104275688	0.0010666680598657653	0.0018187188681345555	0.0012582062085192039	0.0013131698696511977	0.0012137531720540077	0.0019777037768004438	0.0016802888992059138	0.0012836134605775467	0.002537412005753048	0.0007706854379949847	0.0012006896369212553	0.0017269354629200677	0.0015895601789537102	0.0016517662493815708	0.001478014269018483	0.0022337544006340556	0.0012764110724405831	0.0016282671835251925	0.0023640492153152084	0.0026205679644301576	0.0012348056332500451	0.0
209149_HY5CNBGXT_TCDM_2_G03_A03_3_3_i_CACACT_S23_trim1	0.0005269442825329321	0.0007701493360096698	0.014957110788819377	0.002513118885926291	0.006323331390395185	0.017713434728222406	4.053417557945631e-05	0.0	0.0	4.053417557945631e-05	0.00014186961452809706	2.0267087789728155e-05	0.0	0.0	0.0	4.060476740574111e-05	2.0330947157835243e-05	6.107932045591234e-05	0.00010196430148233661	0.00016343601337070026	0.00034800309681814627	0.00028727453822156954	0.0005143867810004452	0.0006192659840291303	0.0010155091037282447	0.00020817169668467837	0.00140240741023703	0.002043224950430731	0.001060675968794913	0.0012189204684332744	0.0014032651605529643	0.0021166972278467452	0.001479182493367412	0.0010071316108398694	0.0031367272115631582	0.0006692949185745034	0.0013382939428816145	0.001870505391372078	0.0016468779127616817	0.0020629439417625896	0.001678580716103193	0.0021504868197724787	0.0016694454266500416	0.002024179385026189	0.002555271539705	0.002710610639664518	0.0010508351348040867	0.0
209150_HY5CNBGXT_TCDM_2_H03_X4_32_1_o_CCGCAA_S24_trim1	0.0004389204084631488	0.001011425289067256	0.014942377383767195	0.0017175146418123215	0.0062403031985847675	0.01597288616885459	3.816699204027381e-05	7.633398408054762e-05	3.816699204027381e-05	1.9083496020136904e-05	0.000295794188312122	1.9083496020136904e-05	4.770874005034226e-05	9.541748010068452e-06	9.543394386880809e-06	3.8201073259153215e-05	1.9114273249048944e-05	6.695090193863989e-05	0.00012444497540967285	0.00018205893516028514	0.0005180112512043762	0.00024013007750246277	0.0005771636542731994	0.0008383488113081113	0.0007435404441099478	0.0002613234853739181	0.0014851427484265252	0.0019674331377100927	0.0011048725465962884	0.0014535680282605052	0.0014217192495454942	0.002026220686223338	0.001589748183887672	0.0011991350105100655	0.0026640768856656494	0.0005334794246219222	0.0011712044967619305	0.0018061740068038156	0.0018552760960043539	0.0019268275336726643	0.001696201126277548	0.0018968416688300762	0.0014213073689514487	0.001914869569359845	0.0017924603382300961	0.0029024083787816584	0.001378531310091207	0.0
209151_HY5CNBGXT_TCDM_2_A04_A04_3_3_i_TTTATG_S25_trim1	0.0006691844883759037	0.0010670779679507654	0.01560827603968662	0.0020437255996345167	0.007722750717202997	0.016838128612918012	5.4258201760208415e-05	3.617213450680561e-05	3.617213450680561e-05	2.7129100880104208e-05	0.00020798977341413222	0.0	9.043033626701402e-06	1.8086067253402804e-05	0.0	6.333975507964476e-05	9.052872213820152e-06	4.528647909671227e-05	9.061774661574433e-05	0.00019947069544279275	0.00032661083556850064	0.0001725051488247315	0.0004725271360066677	0.0007277022700763278	0.0009016884526133573	0.00023714818724381725	0.0012517770437064809	0.0018769791257031232	0.0009728484424191657	0.0013253095656242677	0.0012558971760043853	0.0018725171766371409	0.001368559623580934	0.0011976640685153672	0.0023716903743157976	0.00043550972057696327	0.0009532807586284539	0.0016440236854780791	0.0015639925017730916	0.0017565591537977447	0.0012403617688749571	0.0017984413441369759	0.0013147428021653509	0.0019091868938138112	0.0021283078149575796	0.0023007096663182477	0.0011797428756129508	0.0
209152_HY5CNBGXT_TCDM_2_B04_X4_32_2_o_AACGCC_S26_trim1	0.0	0.0	0.012798088818736402	0.0021330148031227336	0.010665074015613668	0.010665074015613668	0.0	0.0	0.0	0.0	0.0	0.0	0.0	0.0	0.0	0.0	0.0	0.0	0.0	0.0	0.0	0.001110407852804335	0.0011181304858276962	0.0011262529564140106	0.0011355893708834886	0.0	0.0011592724406162692	0.0	0.0	0.0024039617289292755	0.0012181158184520185	0.0	0.0025143633003532682	0.001278102273743945	0.002601084652300009	0.0013232414121632351	0.005397382269599245	0.00552929142130436	0.0014161297174821214	0.002898508717264967	0.002969561989606533	0.0	0.004705070497639623	0.0016132154610569787	0.001669142561466175	0.0017696296165212622	0.003952412948104818	0.0
209153_HY5CNBGXT_TCDM_2_C04_A27_3_1_o_CAAGCA_S27_trim1	0.0002831920959953239	0.0011138889109149409	0.014216243218965263	0.0018313088874364282	0.006475659261759741	0.01593427526800356	0.0	1.887947306635493e-05	3.775894613270986e-05	2.8319209599532393e-05	0.0002359934133294366	0.0	6.607815573224225e-05	9.439736533177464e-06	0.0	2.8330513975017584e-05	9.44657254731552e-06	6.6148122087888e-05	0.00010398680691020692	0.000198598969384834	0.0005014586770611797	0.00014199978870431442	0.00046415945411816946	0.0007109759519494012	0.0009298858479723933	0.00024696921281793015	0.0016359897971306072	0.0020577705751573553	0.001173965454873436	0.001492198670565769	0.0012948755921897708	0.0021555336880084387	0.0014967781608671502	0.0013479142094303764	0.002865336773556723	0.0004603736333637278	0.0011231732916484971	0.0016872152948249931	0.001421714730136017	0.0017572118904671257	0.0013871393820090061	0.0022591090837125764	0.0012540752219399624	0.0018823087510860285	0.0022327821367123914	0.002671276568853423	0.0011452322811531226	0.0
209154_HY5CNBGXT_TCDM_2_D04_A27_3_3_o_GCTCGA_S28_trim1	0.0006587861632429485	0.0008912989267404598	0.015384594518085326	0.002654520716596587	0.00618096429630884	0.015888372172329936	3.875212724958521e-05	3.875212724958521e-05	1.9376063624792604e-05	2.9064095437188905e-05	0.00017438457262313343	9.688031812396302e-06	9.688031812396302e-06	9.688031812396302e-06	0.0	6.78440648752086e-05	9.695227611465304e-06	6.788893254255012e-05	0.00010672194993032996	0.00017470483617927513	0.0004272530753967676	0.00012630397928459287	0.0004277547503137192	0.000681026068899602	0.0008277001038033307	0.00019494782952397151	0.0014151173571463427	0.0017005984933870174	0.0011062918341075254	0.0013145220647924	0.0012193814785787125	0.0018342368593447023	0.0015035545711669473	0.0011615900877645846	0.0025722790472118887	0.00048060864278522326	0.001106803632610017	0.0016806236045002643	0.0017031400395169285	0.001499763684496152	0.0013052447427124353	0.0017672858859947927	0.0015329393784850585	0.0017720741188147942	0.0020321929632075787	0.0025168174964717432	0.0013127186497000906	0.0
209155_HY5CNBGXT_TCDM_2_E04_A27_3_2_o_GCGAAT_S29_trim1	0.00046729167734186445	0.0007895617996465985	0.015291717303359634	0.0022236638439026655	0.006300380891057552	0.015887917029623392	3.222701223047341e-05	1.6113506115236705e-05	1.6113506115236705e-05	8.056753057618353e-06	0.00017724856726760376	0.0	2.417025917285506e-05	1.6113506115236705e-05	1.61151576271913e-05	4.0303771135196825e-05	4.838346411249285e-05	7.260414196949383e-05	0.00010492097957132032	0.0002180234318664663	0.0004524600617139365	0.00013745030969171835	0.00047739869174957155	0.0007207950255748604	0.0008026571681784864	0.00024352576604073778	0.0013170414760750474	0.0018000121358284272	0.0010610855525529555	0.0013664639472397632	0.001239171914751209	0.0019351338202679	0.0015787221971316518	0.0011374164258374187	0.0024787275931788754	0.0004782095030799209	0.0010633894018054833	0.0017770695952320117	0.0016551280798996358	0.0017642739709915307	0.001502131848225646	0.001960027101347704	0.0011708671451014538	0.0019151212827337816	0.0019687617038304777	0.0022109610605538016	0.0011965022649289333	0.0
209156_HY5CNBGXT_TCDM_2_F04_X5_66_3_o_TGGATT_S30_trim1	0.0005369472621453917	0.0009159688589539036	0.014118554481117065	0.002037241082845751	0.006080138115469877	0.0168348759249114	1.579256653368799e-05	3.158513306737598e-05	0.0	2.3688849800531987e-05	0.00015002938207003594	0.0	3.948141633421998e-05	7.896283266843996e-06	0.0	5.530863323517894e-05	2.3716404921881325e-05	5.536886580200536e-05	7.914806291447862e-05	0.00012672947115237247	0.0004676917359742221	0.00016663285077782232	0.0003734029377595299	0.0008512960106598173	0.0008050025568794083	0.0002715532839857121	0.0014574435687059318	0.0020485475235711504	0.001185357974479646	0.001579368490723883	0.0013354174531244045	0.002031855063190283	0.0014517947234850728	0.0012972136930883872	0.0027362401324340225	0.0006353880653788904	0.001189876666287447	0.0018997669098773132	0.0016570555973002333	0.001744673088077629	0.0017012157506377968	0.002399369382731192	0.0013137289686405334	0.0019333706605327197	0.0021813904792131666	0.002659249838865762	0.0014553511306123336	0.0
209157_HY5CNBGXT_TCDM_2_G04_C17_3_1_i_ACCTAC_S31_trim1	0.00025546466285051125	0.0009853636995662575	0.014670970637986499	0.001952479923214621	0.006003419576987013	0.017389844549752655	5.474242775368097e-05	7.298990367157464e-05	1.824747591789366e-05	1.824747591789366e-05	0.00016422728326104293	2.7371213876840486e-05	1.824747591789366e-05	1.824747591789366e-05	0.0	8.217157186821542e-05	2.7406921526675157e-05	9.141361929463605e-05	0.00013721682563693304	0.00019226573541689576	0.0004307389620162469	0.00020186077093748087	0.0005787935553634411	0.000901669201307862	0.0007834495634526863	0.00024934878409221253	0.0013701500045779674	0.002107682912754648	0.001006123003754143	0.0013279315819723749	0.0017004433271832402	0.002087409370068968	0.0016057751656323829	0.0010619728106258512	0.0028452517715068003	0.0006221602395083611	0.0011574563386379819	0.0017759261405215945	0.0017492211944486556	0.002198837853115799	0.0017655068284848315	0.002222341725503688	0.0013428008609271806	0.002205713489927458	0.0023560051488620937	0.0026798159329818913	0.001328502255011805	0.0
209158_HY5CNBGXT_TCDM_2_H04_C17_3_1_o_CGAAGG_S32_trim1	0.00046038356281056104	0.0009495410982967821	0.014156794556424752	0.0020717260326475247	0.006143243166253424	0.016473099356815388	2.8773972675660065e-05	1.4386986337830033e-05	0.0	2.158047950674505e-05	0.00019422431556070547	7.193493168915016e-06	3.596746584457508e-05	3.596746584457508e-05	7.194655061975837e-06	3.599725758492815e-05	2.881709637640142e-05	5.767483332694104e-05	8.657914332967945e-05	0.0001877467109123082	0.0003542149555626495	0.0001302856244506742	0.00047838043000747075	0.0007477651079587689	0.000901965185744091	0.00018951705369207647	0.00141046145840984	0.0019132568910235266	0.0009710127677880344	0.0014180420443557643	0.001209648393060032	0.001969898753173477	0.0014562856818141898	0.001322924312854213	0.002621615125256046	0.0005915617329624266	0.0010544008832157987	0.0017254003399352377	0.0015660016432683234	0.0016347098341727795	0.0017649065972208606	0.0020173481982839092	0.0011912712765485577	0.0018443753799734976	0.0020460835730704975	0.002440044712463775	0.0013087226751215284	0.0
209159_HY5CNBGXT_TCDM_2_A05_C17_3_2_i_AGATAG_S33_trim1	0.0006314886656395727	0.000937664988373911	0.014371151148343003	0.002143234259140368	0.006831559201009922	0.01726069019414832	3.827204034179229e-05	5.7408060512688424e-05	0.0	2.8704030256344212e-05	0.0002296322420507537	0.0	0.0	9.568010085448072e-06	0.0	0.00010535101761899997	9.584956985109289e-06	2.8777809316125102e-05	0.0001056074381430833	0.00021141939582679253	0.00039445765824150007	0.00013488102241356487	0.0005885745332676317	0.0007635160707568706	0.0010651977525102112	0.00021347751475299436	0.0012451281927567392	0.0020876494754585584	0.0009982124168621174	0.0014438604940026259	0.001371095472731525	0.0021408694050831178	0.0014545455994565977	0.0014732303521932542	0.0027041663231803658	0.0006094081651349869	0.0009413533776117312	0.002013556709398126	0.0017635935232080038	0.0016443252753665107	0.001588266865075664	0.002222437992901145	0.0010493515499304968	0.001945625300203904	0.0023664633340058873	0.0025351437178735355	0.0014045281744077135	0.0
209160_HY5CNBGXT_TCDM_2_B05_C17_3_2_o_TTGGTA_S34_trim1	0.0005730623007453137	0.0010536951981446091	0.01425261399595603	0.002347706844988866	0.006544001756898099	0.017709473681097116	1.8485880669203666e-05	0.0	1.8485880669203666e-05	2.7728821003805504e-05	0.00023107350836504588	0.0	4.6214701673009174e-05	0.0	0.0	6.475311349157945e-05	2.776862698671799e-05	4.6310240824366744e-05	5.561114095060758e-05	0.00016695672305506315	0.0004362934918471135	0.0001115075410691566	0.00050237591245188	0.0008383458653620265	0.0009514880994025215	0.00021488420684230556	0.0014789502785340757	0.0020734226155991746	0.001100578273926407	0.0015094245639602623	0.0014386439644863166	0.0019378985219438984	0.001545175199976193	0.0012267433892428022	0.0026696291518877313	0.0006008686428461015	0.0009752191927038001	0.0016904954449010528	0.0015469253866321848	0.0017503035026273557	0.001545300639754465	0.0021128080259759027	0.0014047401303061734	0.002034591180203741	0.002241029960456392	0.002267813594403166	0.0010813703585340945	0.0
209161_HY5CNBGXT_TCDM_2_C05_X5_66_2_i_GTTACC_S35_trim1	0.0005598096647139973	0.0010796329248055662	0.014794969710298499	0.0023192114681008457	0.006577763560389468	0.01643441229981806	1.9993202311214185e-05	0.0	1.9993202311214185e-05	1.9993202311214185e-05	0.00027990483235699863	9.996601155607092e-06	1.9993202311214185e-05	9.996601155607092e-06	9.998655180878172e-06	7.00473870573443e-05	0.0	4.008919444872898e-05	0.00010030021861435649	0.0002007555031851366	0.00046215293946851407	0.0002011447145706214	0.000594071050092071	0.0008065944744447177	0.0009997171507334136	0.00021244253682286722	0.0013078493977961825	0.00197172986569064	0.0009581271915885403	0.0012579205530105107	0.0013142469087988626	0.0019284815899103494	0.0014094407867498472	0.0012193703546679374	0.0027691027708439493	0.0005489751847380676	0.00112720833138819	0.0020169100744550934	0.0016686763019359246	0.0019913381168484385	0.0015375686084683306	0.0021158083798549967	0.0013952524437052505	0.0021223155862627216	0.0024316262192598526	0.0026063090133219453	0.0011407063862320288	0.0
209162_HY5CNBGXT_TCDM_2_D05_X5_66_1_i_CGCAAC_S36_trim1	0.0003763422953605839	0.0010913926565456933	0.014639715289526713	0.0021827853130913866	0.006491904594970073	0.015956913323288757	1.8817114768029193e-05	3.7634229536058386e-05	1.8817114768029193e-05	2.822567215204379e-05	0.00014112836076021897	0.0	9.408557384014596e-06	9.408557384014596e-06	0.0	1.8829684281742166e-05	0.0	8.482167091905976e-05	3.771964740050806e-05	0.00016040359809802848	0.0002832584350821237	9.44968172054513e-05	0.00044452401739621095	0.0008709816739775481	0.0006350359975368186	0.00024675910389241603	0.0012643205693359104	0.001780997838801981	0.0009353553935312157	0.0014638955984103816	0.0012090695183306934	0.0016751845952335221	0.0015750382526544952	0.0011256542622801603	0.002535495721107173	0.0003626526216207024	0.0011139615162770971	0.0015191365029537276	0.0016216790865261892	0.001604336187740026	0.0014456984464443045	0.0017679538021336942	0.0009974282973732726	0.0018249805859823869	0.0019857586065114194	0.002374511169297527	0.001049652121064338	0.0
209163_HY5CNBGXT_TCDM_2_E05_C17_3_3_o_TGGCGA_S37_trim1	0.0005969914285297339	0.0011055396824624702	0.015101672062437342	0.002188968571275691	0.006412130158282327	0.017003200316272792	0.0	2.2110793649249405e-05	2.2110793649249405e-05	3.316619047387411e-05	0.00021005253966786935	1.1055396824624702e-05	3.316619047387411e-05	1.1055396824624702e-05	1.1056573945869003e-05	7.742936285147123e-05	1.1066030561720564e-05	5.535350296894049e-05	8.860834502317385e-05	0.00022163967926522012	0.000498994470697714	0.0002552227734171056	0.0005997531682516439	0.0008116202675589599	0.0009462227123284805	0.00026754224324806986	0.0014851669785517323	0.0020251857016966354	0.0011439314771587163	0.001383161326539425	0.0013424508685544309	0.0018794310984708677	0.0016595220076488053	0.0012904829055553804	0.0027788287696046657	0.0005426494153414379	0.0012081287549280616	0.0018380439746752664	0.0016186257749023212	0.001943278212584622	0.0015657525120993526	0.0018761273515246215	0.0014191039777484496	0.0018723739954713513	0.0021404291218427244	0.0027852546536203952	0.0011025932718104665	0.0
209164_HY5CNBGXT_TCDM_2_F05_A03_3_2_o_ACCGTG_S38_trim1	0.00038971199309430346	0.0011691359792829104	0.014029631751394926	0.0022018727609828146	0.006605618282948444	0.0163094469109966	3.897119930943035e-05	0.0	1.9485599654715176e-05	3.897119930943035e-05	0.00018511319671979417	9.742799827357588e-06	9.742799827357588e-06	9.742799827357588e-06	0.0	7.798164779900698e-05	1.9503474690292136e-05	7.804551399751171e-05	0.0001073611593287429	0.00015623770238397253	0.00038104833627457057	9.777208700777132e-05	0.00047945988941306577	0.0006758034642077345	0.0006667684469090036	0.0001374574630516794	0.001298164866938101	0.0018821246053204411	0.0010073833297021444	0.001386241689852384	0.001013050876209553	0.00186381938852571	0.0013507608836057351	0.0012464298329361847	0.002375247695378021	0.0004167093539663413	0.0010023589187492974	0.0017013545359916397	0.001509672366738357	0.001597286798203935	0.0014016171476390238	0.0015899019739492415	0.001251995026858015	0.0015638704516149496	0.0017101696186467058	0.002346255026190072	0.0012444777823503524	0.0
209165_HY5CNBGXT_TCDM_2_G05_X5_66_3_i_CAACAG_S39_trim1	0.0005547886905898663	0.0008535210624459482	0.015021970699048688	0.002517887134215547	0.006529436127711502	0.016899717036429774	0.0	0.0	0.0	2.1338026561148705e-05	0.00029873237185608185	3.2007039841723054e-05	3.2007039841723054e-05	0.0	0.0	8.539213777509077e-05	4.271175205315392e-05	0.00011750296374520829	0.00012823962685688307	0.00022452688976798887	0.000609758837170642	0.00017126647382775323	0.0006319849060581216	0.0007825796483837479	0.0008262472792857446	0.0002792867917649497	0.001451980582179681	0.0018850062189048028	0.0012192623160869579	0.0015352423531416358	0.0014847982132133385	0.002053991503213138	0.0016568207549935978	0.001367199334819242	0.0024816143670099017	0.0005843081080908262	0.0011850074627783064	0.002016100736422564	0.0019287480115392954	0.001975091723259628	0.0015917966984544676	0.0020406677569335414	0.0013540820365393828	0.001668953794722418	0.0020298146731998375	0.0026832671460770637	0.0012000817076907365	0.0
209166_HY5CNBGXT_TCDM_2_H05_X5_66_1_o_GATTGT_S40_trim1	0.000608601451253632	0.0007824875801832412	0.015041150152411193	0.0015649751603664824	0.0062599006414659295	0.017388612892960915	8.694306446480459e-05	0.0	0.0	0.0	0.00026082919339441373	4.347153223240229e-05	0.0	4.347153223240229e-05	0.0	0.0	0.0	0.0	8.86106121841364e-05	0.00013356680811391647	0.000358053976636978	9.005463614775084e-05	0.0003172675109004052	0.0005479066768820823	0.0006911057000094452	0.0001861453851301482	0.001224559770762411	0.001814767623781479	0.00101823217439117	0.0014285862070494324	0.0011037732488511978	0.0024579020270010777	0.001832745720146012	0.0011273454825387606	0.0025397330188481316	0.0006804850497434572	0.0012259094204717532	0.0018736540666452707	0.001636504627531547	0.0017637271866787646	0.0018366859654743853	0.002556369727753725	0.0014876403123747128	0.0024823269953836474	0.003003992874853657	0.003274222135292582	0.0013029910158769457	0.0
209167_HY5CNBGXT_TCDM_2_A06_X5_66_2_o_CTCTCG_S41_trim1	0.000461142985314256	0.0009407316900410823	0.015125489918307597	0.0020843662936204372	0.006566676110875006	0.016379798838362377	1.844571941257024e-05	1.844571941257024e-05	0.0	2.7668579118855362e-05	0.00014756575530056192	5.5337158237710724e-05	2.7668579118855362e-05	0.0	9.224258323509498e-06	0.00011075841733974711	9.235837005579091e-06	8.31765071097892e-05	0.00014797200665578087	0.0001573472220949561	0.0003335272732663067	0.00012985510859736353	0.0005293456702449505	0.00067887014804298	0.0008849117333148029	0.00018663572495194599	0.0012532966846935624	0.0018193283189893985	0.0009876956636868045	0.0012460248738659404	0.0012416273089765862	0.0019329846597194755	0.0014356677290607862	0.0010591534302176282	0.0026953038499409943	0.0004978630449050013	0.001042820163498461	0.0019174624798293876	0.0015776024662850277	0.001615378730623202	0.0014095965539171198	0.0020753978480314433	0.0011750116310272935	0.002037244911471522	0.002179718676788699	0.00252653564239976	0.001086269234575305	0.0
209168_HY5CNBGXT_TCDM_2_B06_A27_3_2_i_TGACAC_S42_trim1	0.0004888368549214428	0.000844354567591583	0.014865084361020237	0.0020220069908114227	0.006465978399188175	0.015776098499737472	6.665957112565129e-05	2.2219857041883763e-05	0.0	6.665957112565129e-05	0.00015553899929318633	1.1109928520941881e-05	3.3329785562825644e-05	2.2219857041883763e-05	0.0	7.789556452640442e-05	0.0	6.693003635974225e-05	5.5843746516746315e-05	0.00014537110447373984	0.00047030879019446483	0.00015702251220541595	0.0005280781987185227	0.0007880618979840364	0.0007673007128223622	0.00023758550674103621	0.0013168168178395077	0.0018697807180459605	0.0009503776892539765	0.0015987839120471011	0.0014103421779128162	0.0019881332858506643	0.0016261130831794277	0.0012134068021700426	0.0024107253765778673	0.00045497076513511137	0.001147734444694664	0.0017827377503632329	0.0018034594799712237	0.0020482211199573173	0.0015928720241105202	0.0019582152698043075	0.001388247202973807	0.0018243184005216238	0.002064540465259511	0.002410600946380017	0.001222901984260378	0.0
209169_HY5CNBGXT_TCDM_2_C06_C64_3_1_o_AAGACA_S43_trim1	0.0004393463405145824	0.0009386035456447896	0.014318696643134343	0.002136820837957287	0.006350551649256237	0.015976230564166635	5.991086461562487e-05	1.997028820520829e-05	0.0	0.0	0.00018971773794947879	0.0	1.997028820520829e-05	9.985144102604146e-06	0.0	4.995955773801108e-05	3.998954673248413e-05	2.0006009805345525e-05	0.00013012283595714355	0.00019030959565020375	0.00037090575184600796	0.00017058377178379852	0.0005524925147309572	0.0007141002206469104	0.0006144108555318633	0.00021186107240442947	0.0014657500708108913	0.0019353235146569348	0.0009144231041799195	0.0012026650650157676	0.001166144254499322	0.0017668750175275029	0.001465500417306404	0.0010688198578843158	0.0026317086640026536	0.0003468664505303273	0.0008682033442345792	0.0014744786969882171	0.0017922191776089207	0.001810485371496329	0.0013131703927968521	0.0018106751370496658	0.0011449162431421216	0.0016983894448309173	0.0018655711411069038	0.0024512978781132985	0.0010364220458996777	0.0
209170_HY5CNBGXT_TCDM_2_D06_X9_35_2_i_ACAGAT_S44_trim1	0.0005125681715668184	0.000901412991376129	0.01415748639396626	0.001997248392656913	0.006398264762316836	0.016649628193653204	5.302429361036052e-05	5.302429361036052e-05	0.0	0.0	0.00019442240990465522	0.0	4.41869113419671e-05	0.0	0.0	5.308927368387709e-05	2.6569787317709115e-05	5.318614245695513e-05	7.985385679488447e-05	0.00013321566541624522	0.000382308776929319	0.00019585625148227574	0.0005081723474540164	0.0007233256261946036	0.0008857266756629061	0.00024207313585305768	0.001501104975057388	0.0017942082776475098	0.0009951114696728925	0.0011715311394339108	0.001350283281221218	0.0017700871414816895	0.001558948836775105	0.0011699596698188104	0.002582025863105292	0.0005278443055355127	0.00115970518773203	0.001930664182097172	0.001690950431731715	0.0017785871277262374	0.0013727080376332882	0.0019344487848639055	0.0015016771281804015	0.002067366373707069	0.0019626277885844753	0.002592650527129063	0.0011704039270494116	0.0
209171_HY5CNBGXT_TCDM_2_E06_C64_3_1_i_TAGGCT_S45_trim1	0.00048368746741587554	0.0008982767252009116	0.013836916478575581	0.0023147900226331186	0.0068579973058608065	0.01634172657769351	6.909820963083936e-05	6.909820963083936e-05	0.0	1.727455240770984e-05	0.00027639283852335744	2.5911828611564762e-05	1.727455240770984e-05	8.63727620385492e-06	0.0	6.0506013519809404e-05	8.648766832878667e-06	3.461554504512223e-05	0.00012122922975277032	0.0001992965352210701	0.00045960851933820186	9.548735443603865e-05	0.0005648796423981626	0.0007135060162914307	0.0008104209326324092	0.00022694861132763368	0.0015832553514468241	0.001911709033675807	0.0011521436468072868	0.0013854447643909986	0.0013201589152369375	0.0022078044284105616	0.0013424102941033019	0.001359713087931835	0.002702553677431899	0.00040191850316780286	0.0008840851956066122	0.0017675979023636598	0.001420759001449174	0.001664566301054983	0.001270875575504451	0.0019987675891547847	0.0012949618668328436	0.0018006260776872117	0.002011052255669339	0.0027590378607925355	0.0013105842562401025	0.0
209172_HY5CNBGXT_TCDM_2_F06_C14_3_1_o_CTCCAT_S46_trim1	0.0005371610621996122	0.0007797499289994371	0.014728609769989366	0.002269938682198361	0.00675783271799512	0.016859926242587826	1.732777619998749e-05	3.465555239997498e-05	0.0	4.3319440499968726e-05	0.0001732777619998749	0.0	4.3319440499968726e-05	0.0	8.665355078521982e-06	1.734194765679939e-05	0.0	2.6044262049725096e-05	4.343371676039373e-05	0.00024339142304271788	0.000487140406652633	0.00013930226109335733	0.0004444478141141462	0.0007677312103238909	0.0009346860599173947	0.00019244844546706494	0.0014721664585625014	0.0021337598745665306	0.0013026418015817769	0.0014650025884654168	0.0012837947911575756	0.0021415316020753487	0.001507780100710789	0.0012819254340729505	0.0027675442245904507	0.0006255834245415834	0.0010219421938398054	0.00181205394843336	0.001466762420878379	0.0020794971139015505	0.0014764426477273146	0.00219236373861012	0.0012901343330548713	0.0018345781485653158	0.0020699821145583833	0.0025780053788240797	0.0010751398985067936	0.0
209173_HY5CNBGXT_TCDM_2_G06_X9_35_2_o_GCATGG_S47_trim1	0.0003935423817972031	0.0010307062380402938	0.014148785631280398	0.0017615706613779566	0.006277937995336336	0.016641220715996018	0.0	3.748022683782887e-05	0.0	1.8740113418914434e-05	0.00017803107747968713	9.370056709457217e-06	4.685028354728609e-05	9.370056709457217e-06	0.0	4.688119564301169e-05	9.38119569343078e-06	6.570287433180177e-05	0.00012208727925680778	0.00015034284746722102	0.00047013566610889775	9.410334335063424e-05	0.0005651230894601153	0.0008202628687930143	0.0008495771701622834	0.00023631638339894422	0.001410829737374518	0.0019259031987923923	0.0010269189692472	0.0013155635650285453	0.001405696282966088	0.002024627530904356	0.0015797235926806013	0.0013642321927062149	0.00263560016992327	0.00045946955510736096	0.001130924137117176	0.0017142255252936948	0.0017493536138396863	0.001824862409407176	0.001486421589683094	0.0019139006086718424	0.0012180848749047655	0.00187173976844476	0.0019497067289493202	0.002483309588736583	0.0012746889874751376	0.0
209174_HY5CNBGXT_TCDM_2_H06_C64_3_2_o_AATAGC_S48_trim1	0.00049489175919014	0.0010536405195661046	0.014256075514735322	0.001899745785278279	0.006242021865914346	0.016858248313057673	9.578550177873677e-05	4.7892750889368386e-05	0.0	3.192850059291225e-05	0.00019157100355747354	1.5964250296456126e-05	4.7892750889368386e-05	7.982125148228063e-06	0.0	7.189521129163821e-05	7.993410232604242e-06	7.998800179973004e-05	8.004730475521815e-05	0.0001602278568306417	0.00043306811920921763	0.00012044438195611471	0.0005146135368930063	0.0007731991768328264	0.0007343946384994848	0.0002183697308496014	0.001411177793316954	0.0018796342443321093	0.0010945179110096494	0.001443940013481149	0.0012783907913634888	0.00195009272898383	0.0016206645760650563	0.0012546741876384615	0.0026089227367106617	0.0005145457804244488	0.001143438464992765	0.0017982706951789943	0.0018777312201292786	0.0019939256543617394	0.0015669610568025214	0.0020410723402637214	0.0013762320361381448	0.0016002967682874397	0.001955947347863172	0.002581661038679482	0.0012044777926848483	0.0
209175_HY5CNBGXT_TCDM_2_A07_X9_35_1_i_GTGCCA_S49_trim1	0.0005882973182240481	0.0008371923374726838	0.01409650881744546	0.002375816092827886	0.0059282268221038685	0.015544625293073886	4.525363986338831e-05	0.0	2.2626819931694155e-05	1.1313409965847077e-05	0.00016970114948770617	0.0	3.3940229897541234e-05	3.3940229897541234e-05	0.0	2.2647586678825402e-05	1.1331725965777507e-05	4.535787133695501e-05	0.00013617763010070335	0.0001930717892019491	0.00022735971820127086	9.10442813209114e-05	0.00046720617204422876	0.0006390458862333996	0.000857350286920847	0.00013743058180893232	0.001297079837100547	0.002071593822138939	0.0011890676428257835	0.0014482916993884037	0.0011988480350706115	0.002083271888516397	0.0015539547205848144	0.0011137708643940132	0.002816504717645402	0.0005048674025870367	0.0010787313924895084	0.001813218189077737	0.0015516165734496808	0.0018854271190032578	0.001185331409102861	0.002083424725799954	0.0014211996135389791	0.0020315448120694075	0.0019348418832224818	0.002264991960685367	0.0012542350965141372	0.0
209176_HY5CNBGXT_TCDM_2_B07_C64_3_3_i_TCGAGG_S50_trim1	0.0006109919807302529	0.0011044855036277648	0.014569808771259879	0.001621478718091825	0.0061334194988690765	0.016285286255617894	0.0	2.349969156654819e-05	0.0	1.1749845783274094e-05	0.00014099814939928914	1.1749845783274094e-05	2.349969156654819e-05	1.1749845783274094e-05	2.351060328208022e-05	8.244545467608242e-05	2.3600705330679514e-05	7.094150730839409e-05	8.294111074498534e-05	0.00015439505109229155	0.00029775367481630385	0.00014344535419347549	0.00045602841969111517	0.000699048943911808	0.001065879982640691	0.00018261976082168177	0.0011882596516390204	0.0020477952954740396	0.0009077303309758871	0.001091563755415944	0.001433204065936519	0.002016459964535992	0.0013665346594185668	0.0009510952125565703	0.0024718338562247093	0.000586950266475421	0.0006670600467998211	0.0017056643121866018	0.0017782732325567429	0.0020746120027796814	0.0016081080501582686	0.002344245718486926	0.0013110572300759765	0.0023069953576282626	0.002667710037703635	0.0022682958150656634	0.0013234023177569518	0.0
209177_HY5CNBGXT_TCDM_2_C07_C17_3_3_i_CACTAA_S51_trim1	0.0006207757503471689	0.0006207757503471689	0.01560216385872551	0.0023382553263076693	0.006518145378645272	0.015747011533806515	2.0692525011572297e-05	2.0692525011572297e-05	0.0	3.1038787517358444e-05	0.0001758864625983645	0.0	3.1038787517358444e-05	1.0346262505786148e-05	0.0	8.284935501777118e-05	1.0364376229344575e-05	7.26087902690944e-05	0.00010382348678306249	0.00015589739581714816	0.0004578728372662702	0.00015631661367359776	0.00041750533049930716	0.0007528801587322335	0.0005763810771786837	0.0002626120210967791	0.0013168537687617424	0.0018075267315762551	0.0011035609151830669	0.0013535941869204859	0.0011570475660111705	0.0018105340752212248	0.0014643518193107005	0.001158352717528259	0.0026671010441149533	0.000489008641671805	0.0011330926091173792	0.0018841345766956842	0.0014607005980131252	0.001793943042541379	0.0015123952607204011	0.0018956504420584842	0.001146894350410631	0.0019319117517572657	0.0018671417617289934	0.0024886068062484096	0.0012636094907903697	0.0
209178_HY5CNBGXT_TCDM_2_D07_X9_35_1_o_GGTATA_S52_trim1	0.0005186886772206846	0.0009725412697887835	0.013745249946348142	0.0027231155554085936	0.006548444549911142	0.017181562432935175	0.0	0.0	0.0	0.0	0.00029176238093663504	0.0	0.0	0.0	0.0	3.249557572736472e-05	3.2556004466683816e-05	0.00013046871865692893	3.2686201029942196e-05	0.00026209159577089003	0.00022989675993359267	9.87872222020989e-05	0.0005616852672597622	0.0012933912020877325	0.0007661849917018833	6.69400946399058e-05	0.0016833985257469072	0.0024401510589069407	0.0011949344339476093	0.0018935305634768251	0.0017035265781435453	0.0025313749866399653	0.001636599487815517	0.0016948584126100352	0.0034040160801327344	0.0005197561155803949	0.0008675994240648692	0.001846506813033107	0.0019284308161670192	0.002171995496729337	0.001483169120418913	0.0021984582043500724	0.0012165317981860642	0.0024931116660263227	0.0023839880360477326	0.0030657654593618418	0.0010799052768799993	0.0
209179_HY5CNBGXT_TCDM_2_E07_X2_24_3_i_CGCCTG_S53_trim1	0.0004991709921753027	0.0007487564882629541	0.014591152078970387	0.0023422638863610356	0.005663670872758242	0.015378306335862211	0.0	1.919888431443472e-05	3.839776862886944e-05	2.8798326471652078e-05	0.00016319051667269512	1.919888431443472e-05	2.8798326471652078e-05	9.59944215721736e-06	9.601539933380676e-06	6.726954271510254e-05	1.9235857484994348e-05	0.0001251325924200451	6.743166282627292e-05	0.00017352737678760915	0.00043419596170738973	0.00021248672440896818	0.00045443694344164817	0.0007647838527216043	0.0007658966206314323	0.0001942259537344067	0.0016741876953239255	0.0019336241517078539	0.0009598453591183057	0.001493095904889791	0.0011137032911114947	0.0018501803134284604	0.0015996984220713868	0.0011581091551823338	0.0028509774033940284	0.0005148774339316344	0.0013105691202281568	0.0017508253964288484	0.0015387465680271597	0.0016865421845843381	0.001270826456254215	0.0018024784715152207	0.0013501147597545793	0.0017735616036890082	0.001905478414707665	0.0022496109860202424	0.0009826947455311957	0.0
209180_HY5CNBGXT_TCDM_2_F07_X2_24_2_o_AATGAA_S54_trim1	0.0005096039584525555	0.000962585254854827	0.013306325581816726	0.002095038495860506	0.0061718701634809504	0.016760307966884047	0.0	1.8874220683427982e-05	0.0	2.831133102514197e-05	0.0001887422068342798	9.437110341713991e-06	4.718555170856995e-05	9.437110341713991e-06	0.0	7.556767619099617e-05	1.8907146154414096e-05	5.6771087620496635e-05	4.7357288101945465e-05	0.0001612017839537658	0.0003703332315391733	0.0001236519911727697	0.0005335880326876028	0.0006682400218877246	0.0007462702989109141	0.00019182755163494144	0.0015010198275097293	0.0017484435954028103	0.0009120052686738414	0.001277265723141052	0.0011671079936795708	0.0015997192393986755	0.0016120445600959266	0.0010941565914753559	0.002545575176767884	0.0004098361915480097	0.0012229303587797849	0.0017245135820166042	0.0014747051204219623	0.0017794909115214333	0.001511873948999305	0.0018188142184566531	0.001498194846758684	0.0017554814326449094	0.002089622731675938	0.0024456199806415046	0.001158003375843023	0.0
209181_HY5CNBGXT_TCDM_2_G07_X2_24_1_o_ACAACG_S55_trim1	0.0004323517712834424	0.0009264680813216624	0.015039665186788318	0.0022235233951719896	0.007010275148667245	0.01561098717027001	3.088226937738874e-05	1.544113468869437e-05	1.544113468869437e-05	4.6323404066083114e-05	0.0001544113468869437	1.544113468869437e-05	1.544113468869437e-05	7.720567344347186e-06	0.0	8.499794073170864e-05	2.3197794291857945e-05	0.00012381141045958796	6.969774951387756e-05	0.0001395140215079466	0.00042673380198015345	0.00010875459750350714	0.00045115152927533943	0.0007478843636777806	0.0005931837412395152	0.00020335157814120703	0.0014351390100740486	0.001801877509153774	0.0009319264087726181	0.0014990823474487402	0.001187888196281862	0.001684202016663495	0.0015420205442347567	0.0011470843637432177	0.002741482096110945	0.0004306662174486737	0.0012714503928154353	0.0018292356056306919	0.0016055624237948129	0.0016873355119676012	0.0014121820472120703	0.0017207267632878645	0.001275670243980135	0.0015991733845044165	0.0018642654676363985	0.0024526600119771564	0.001238911352977609	0.0
209182_HY5CNBGXT_TCDM_2_H07_X10_39_2_i_ATATCC_S56_trim1	0.0006099270652803144	0.0009866467232475674	0.014010383470115458	0.0024217692297894837	0.006081331621471371	0.01616306722992833	3.5878062663547905e-05	1.7939031331773953e-05	0.0	1.7939031331773953e-05	0.00025114643864483535	1.7939031331773953e-05	1.7939031331773953e-05	0.0	0.0	6.283144710337156e-05	5.388682527295698e-05	7.189091990722477e-05	0.00013487683991117192	0.0003329108963985789	0.000450239567971722	0.0001532237326977733	0.0005593644969729809	0.0007586927218607191	0.0008049238184826245	0.00018114511245126292	0.0015243950850961797	0.0018825539181176354	0.0009299222448250056	0.00138950784454881	0.0011646335100091538	0.001997194172279442	0.001506157829262503	0.001178873765268968	0.0025847658566054018	0.00043155949558950886	0.001000576653091862	0.0016838493824315908	0.001823631947305867	0.001655033202772829	0.001690228913661544	0.001697479203905939	0.0011478190290628778	0.0018648411518226654	0.0017464209094992431	0.0020041766621917215	0.0012273055855904506	0.0
209183_HY5CNBGXT_TCDM_2_A08_X2_24_3_o_AGTACT_S57_trim1	0.00054344478782104	0.0009902771689183395	0.014974923042179768	0.002089243295400887	0.006231500233681259	0.015590827135043613	2.415310168093511e-05	3.622965252140266e-05	0.0	3.019137710116889e-05	0.00023549274138911735	1.811482626070133e-05	1.811482626070133e-05	1.811482626070133e-05	1.2078032787994049e-05	3.6252394244062355e-05	1.813554944911455e-05	8.467579754016809e-05	0.00011498275530997928	0.00019378272354351087	0.00039998203717033073	0.00013951822053366082	0.00047970554095118687	0.0007234219780581859	0.0007852626770615154	0.00021337159553426664	0.0013681372798719032	0.0018793874054107993	0.0010373510204342191	0.0013053454944738014	0.0013227097898078164	0.0018253560204804945	0.0013353858338401871	0.0012114163120030958	0.0025915840520238376	0.000458327087035359	0.0009561438014609108	0.001705030501245256	0.0015211343256024742	0.0017500871563291207	0.001416387047697606	0.001835665761978059	0.001151100479629795	0.001848383194806894	0.0017997317974488307	0.002342644188472658	0.001088885489146417	0.0
209184_HY5CNBGXT_TCDM_2_B08_X2_24_2_i_ATAAGA_S58_trim1	0.0003226299069320262	0.0009248723998718084	0.015013045002570285	0.002129357385751373	0.006302037515405578	0.015722830797820744	0.0	2.1508660462135078e-05	0.0	3.226299069320262e-05	0.0002473495953145534	1.0754330231067539e-05	1.0754330231067539e-05	0.0	0.0	7.536745943184994e-05	2.1553303474823588e-05	6.471932684133766e-05	5.3982522834337245e-05	0.0002161250231388853	0.0004327095536644225	0.0001841311845873967	0.0005314387217532185	0.0008906425616791697	0.0009139123903998725	0.00016351896296709737	0.0014098254341032839	0.0019959591696941457	0.000979200246450399	0.0016004929076640318	0.0012628535505293738	0.0020021211361147618	0.0015753408434263148	0.0013923093100467355	0.002732722671446447	0.0004997972981185244	0.0009375570966555051	0.0017516985713976205	0.0016855480989749192	0.0018400426327329989	0.001608062636877464	0.002029103067216068	0.001097654457170669	0.001984555773017955	0.0020224432001760017	0.002521917234985151	0.0013664599298478413	0.0
209185_HY5CNBGXT_TCDM_2_C08_X10_39_3_o_GGTGAG_S59_trim1	0.0002981992344629253	0.000974117499245556	0.01489008177418207	0.002047634743312087	0.006361583668542406	0.016023238865141183	5.963984689258506e-05	1.987994896419502e-05	1.987994896419502e-05	5.963984689258506e-05	0.00026837931101663276	9.93997448209751e-06	3.975989792839004e-05	1.987994896419502e-05	0.0	2.9837632554925858e-05	9.950293309771038e-06	8.95902232777499e-05	0.00014938507129253143	0.00023913023550741242	0.0006180984818304967	0.00021946479121366725	0.0006389326629864811	0.0007194060583582194	0.000890137081110491	0.0002503136931202183	0.0014838618989782809	0.0020888303213002645	0.0011167012123049205	0.001441581085810971	0.0014954936129286634	0.002147848139841935	0.0015749028361155093	0.0012743857537130248	0.0027431396686962827	0.0004624414793153523	0.0008775394701767696	0.0018070806404543044	0.0015268427318521148	0.0019265790210072913	0.0017502980280187709	0.002021410696535345	0.0012953471346813434	0.0019370485343833733	0.0019913629856450235	0.002490627183877145	0.0011574307471597307	0.0
209186_HY5CNBGXT_TCDM_2_D08_X10_39_2_o_TTCCGC_S60_trim1	0.0004511927641674979	0.001263339739668994	0.014438168453359932	0.002328154663104289	0.00669570062024567	0.015881985298695927	0.0	7.219084226679967e-05	0.0	1.8047710566699916e-05	0.00022559638208374894	1.8047710566699916e-05	2.7071565850049876e-05	9.023855283349958e-06	0.0	5.416717561242086e-05	1.8062337461540768e-05	3.6137301871596035e-05	0.00010845501760360505	0.0002079622412904509	0.00036185184193443103	0.00016293901428051833	0.0005072980256323198	0.0007615920428863359	0.0006534464170761522	0.00023622600250454076	0.001428407012295673	0.0018499516096401618	0.0010134933398878655	0.0013635054205288644	0.0011285736214909044	0.0019880003928141516	0.0014959704374079043	0.0011495670118766958	0.0024682494634584514	0.000374358011107015	0.0012233955003325282	0.0017063309618492836	0.0015489068780930929	0.0015327512798714185	0.0014694017520523698	0.0017892425625020767	0.0012131498281801976	0.0017176321265912958	0.0017714579037463075	0.0021239863981166625	0.0012655404762584052	0.0
209187_HY5CNBGXT_TCDM_2_E08_X2_24_1_i_GAAGTG_S61_trim1	0.0005203264635886306	0.0008971145923941906	0.015125352027766057	0.0020454212706587545	0.00597478318534531	0.016094235787551783	1.7942291847883817e-05	0.00010765375108730289	0.0	3.5884583695767634e-05	0.00022427864809854766	8.971145923941908e-06	8.971145923941908e-06	8.971145923941908e-06	0.0	6.283188700313442e-05	0.0	8.08530172998506e-05	0.0001348158765647405	0.00024278073500698578	0.0002519121028290809	8.10252539511515e-05	0.0005676033112355453	0.0007123685668722466	0.0008484909317982989	0.00018072366998448216	0.0014567690220329528	0.0020571993867552064	0.0010713465991464093	0.001328404527930524	0.0014687332686421706	0.0021869784193727856	0.0014689037213482298	0.0011426980076783776	0.0027116857087777268	0.0005019383651291148	0.0010274854218500192	0.0017949924972132977	0.0017130684216563649	0.0018486357973075667	0.0015362640899421174	0.002168902718225745	0.0013000828827275386	0.0018925635068413214	0.001943784360749631	0.0024325242805272856	0.0011911786506999635	0.0
209188_HY5CNBGXT_TCDM_2_F08_X10_39_3_i_CAATGC_S62_trim1	0.0004837290010821986	0.0007933155617748057	0.014221632631816635	0.0021090584447183854	0.0064045719743283085	0.015750216275236383	1.9349160043287942e-05	1.9349160043287942e-05	1.9349160043287942e-05	0.0	0.00018381702041123544	1.9349160043287942e-05	9.674580021643971e-06	0.0	0.0	2.9053616221292487e-05	9.692110718796007e-06	7.75962542736137e-05	8.736442497317912e-05	0.0001457214293951016	0.00036948942978252047	0.00018493383018889045	0.0005359357594268176	0.0008585983206792527	0.0008599095883241476	0.0001272534256866913	0.0014518626122029838	0.0019278631004740281	0.00103563767318451	0.0014244956469292574	0.0013101831904092209	0.001893055137921023	0.0014005881069461066	0.0013668863735499445	0.002566723441107086	0.0004979327660693573	0.0010430463169830027	0.001988669324682931	0.0017044728798098223	0.0016347559167946963	0.001512068900433012	0.0020395920047139135	0.0011552962125503175	0.0018314660918770228	0.0018222085476821176	0.002348113631003812	0.001133308826534666	0.0
209189_HY5CNBGXT_TCDM_2_G08_X5_36_3_i_ACGTCT_S63_trim1	0.0003604671241967162	0.0010299060691334747	0.01586055346465551	0.0019396564302013777	0.006660059247063138	0.017302421961442375	6.866040460889832e-05	0.0	3.433020230444916e-05	1.716510115222458e-05	0.0001716510115222458	1.716510115222458e-05	2.574765172833687e-05	8.58255057611229e-06	0.0	2.5761795617763996e-05	0.0	3.438172968637158e-05	7.74042868042118e-05	0.00015491149475994656	0.0004220288009679446	0.00010345056782723549	0.0005781912641168202	0.000768982727438306	0.0007008947310627978	0.000130009189049482	0.0014330682851826733	0.001950493004522009	0.0010392734448080737	0.0014460751985395516	0.0013113802990545563	0.001857423631364031	0.00140537874023095	0.0013161326436082017	0.002661032134082824	0.000536247758098091	0.0011732604054219662	0.0016212486968634583	0.0016788476914671863	0.0017278865412733706	0.0016270007415850126	0.002013129316684298	0.0012517873984152173	0.0021056135455630592	0.002133392193076917	0.0022446722386772694	0.0011852358890330236	0.0
209190_HY5CNBGXT_TCDM_2_H08_C64_4_2_i_CAGGAC_S64_trim1	0.000440415837596508	0.0009871389463370008	0.015141192761507534	0.002369133471208802	0.005831713159898589	0.017115470654181536	1.5186753020569243e-05	1.5186753020569243e-05	0.0	4.5560259061707725e-05	0.00021261454228796938	7.593376510284621e-06	1.5186753020569243e-05	2.2780129530853863e-05	0.0	2.2791853097693937e-05	7.6006421934602105e-06	0.00010645882659256321	0.00015217091593804698	0.00013704980945888852	0.0004419969329985232	0.00014495222565369067	0.0005423414361690101	0.000696152738664874	0.000766400452360203	0.00019199391517524513	0.001347545964792859	0.001900489592385928	0.0008608292003191427	0.0013478127375471257	0.0012929121459144602	0.0019328952419692936	0.0016854405129336093	0.0011793193594418594	0.002789204190584701	0.0005163177724444974	0.0010038964456755958	0.001550924958158742	0.0018271066453841623	0.0019021011237229527	0.0019042546120112375	0.0019433682513018522	0.0012060203795179146	0.0020400611338319773	0.0021443486656838725	0.002486010925817534	0.0011939179881599905	0.0
209191_HY5CNBGXT_TCDM_2_A09_C64_4_3_i_AAGCTC_S65_trim1	0.0004751301900714332	0.000897468136801596	0.014289100531037177	0.0025868199237222473	0.006211887299822812	0.01627760836355836	1.7597414447090116e-05	3.519482889418023e-05	0.0	8.798707223545058e-06	0.00020237026614153633	0.0	4.399353611772529e-05	0.0	0.0	0.00012327361900526994	2.6432644950897837e-05	7.053238194554406e-05	0.00011470045094923447	0.00016778513118192174	0.0003889583218782161	0.00019472297205318202	0.0005494800589255325	0.0008431494418483823	0.0012180025398464641	0.00027611229611778986	0.0014372037050575913	0.002201905220869443	0.0012031260086842353	0.0015046946924913121	0.0015470968862639509	0.002172414050119683	0.001617081644533661	0.0013325988416131836	0.0029331952294956933	0.0007825080388727637	0.0009481669960529968	0.001990537175841021	0.0019061760967624796	0.0020420535277394097	0.0015372431922646705	0.0023396151670113468	0.0013664301469856852	0.0022359541426132208	0.002320748960356038	0.002725569511461285	0.001218775645070865	0.0
209192_HY5CNBGXT_TCDM_2_B09_X5_36_2_i_GACGAT_S66_trim1	0.00031715313199818206	0.0011417512751934554	0.014176745000318739	0.0023786484899863654	0.005883190598566277	0.016587108803504922	3.171531319981821e-05	1.5857656599909105e-05	3.171531319981821e-05	3.964414149977276e-05	0.00020614953579881835	7.928828299954552e-06	2.3786484899863656e-05	0.0	7.930385804545968e-06	7.142956350584234e-05	1.588615599347333e-05	8.744758312369762e-05	6.365520268293948e-05	0.000238946494463769	0.0004465561589025436	0.00018365889400933434	0.000551768698561563	0.0006727902324954799	0.0010672711433635637	0.00024123186499249607	0.0013060417896287543	0.0021431390436262234	0.0011199432432241608	0.0014095122851216853	0.0015140313055843858	0.002163203950158465	0.0016293785723815039	0.0012653234204122806	0.0027670157634372573	0.0006587634199821188	0.0009280156165446283	0.0016939472427440158	0.0017822658806845154	0.00178392659291463	0.0015922109396632998	0.002216820349689893	0.001343268034058698	0.0019235914339883996	0.002385393129692134	0.0025607232023457382	0.0012855666145138002	0.0
209193_HY5CNBGXT_TCDM_2_C09_C64_4_1_i_TCGTTC_S67_trim1	0.0004104404825656764	0.0006480639198405418	0.013954976407232996	0.002376234372748653	0.005638156102612713	0.015942372428077323	2.160213066135139e-05	2.160213066135139e-05	4.320426132270278e-05	2.160213066135139e-05	0.00014041384929878404	1.0801065330675694e-05	4.320426132270278e-05	0.0	2.160941989188159e-05	7.573964906791002e-05	1.0835870371783046e-05	9.766276720940037e-05	0.0001195381264137421	0.00016325850035312813	0.00025074974172776605	0.0001310856370450632	0.00041594314451265916	0.00075687655255674	0.0008248882193973894	0.00017656551816682615	0.0013971832785105228	0.0021239696232100247	0.0010914086226006872	0.0013578746545906348	0.0014453037869235287	0.0020620351829025206	0.0015000709071978824	0.001360788540904373	0.0028040153969775996	0.000674914436834225	0.0010889811265210583	0.0018781470322550547	0.0016208410691657088	0.0017292034977681456	0.0015395996384717176	0.0022005454282133462	0.001155240580148839	0.0018928785832750244	0.0025388249810222832	0.002350184661293036	0.0012308307272202172	0.0
209194_HY5CNBGXT_TCDM_2_D09_C14_4_3_o_CCAATT_S68_trim1	0.0004007757831678327	0.0008757693039593382	0.014487302384140916	0.002152314391086509	0.006174915770289571	0.01711461029601893	1.4843547524734546e-05	7.421773762367272e-05	1.4843547524734546e-05	1.4843547524734546e-05	0.00025234030792048727	0.0	1.4843547524734546e-05	0.0	7.423960088790563e-06	3.716467981810714e-05	4.46508836707551e-05	7.450643769149552e-05	0.00011935612443502592	0.0001718003730458361	0.0004413734164232505	0.00017235397309629417	0.0004954533522036	0.0009853063001387403	0.0008593815136784137	0.00024940228475165766	0.0015012116597744876	0.0021316705490985396	0.0012920513003999397	0.0015204827455925199	0.0014817507347978742	0.0022038228877560412	0.001569171295656932	0.001360026005583968	0.0028525870944364016	0.0005831239146306589	0.0011847748214556433	0.0018658254754107017	0.0017479192134825254	0.0019348521923042922	0.0017490987916346772	0.0023391293760462355	0.0012787231001675997	0.0021235147182038696	0.002158962336409332	0.0027237845203909434	0.0012714209795106075	0.0
209195_HY5CNBGXT_TCDM_2_E09_C64_4_2_o_AGTTGA_S69_trim1	0.000550271169046513	0.0011922541996007782	0.014383476946465799	0.002644358673473521	0.006343403754286192	0.01643170852013893	3.057062050258406e-05	3.057062050258406e-05	0.0	2.2927965376938046e-05	0.00029806354990019455	1.528531025129203e-05	2.2927965376938046e-05	0.0	0.0	3.824658090865309e-05	3.061903498140544e-05	4.596052205637794e-05	0.00013798796376988023	0.00024552675194271126	0.0004992238988464856	0.00016916543233571094	0.0006774930048847245	0.0008865314518617662	0.0009264980527713217	0.00022427137516943123	0.001418066445479297	0.0021126654995743213	0.0011603798351528581	0.001320113039170488	0.0014110078523370876	0.002046275416708248	0.0016363021941863843	0.001191730534154282	0.0025572490138009137	0.0005706549607919856	0.0012702442137544308	0.0018516319158044209	0.0019015469537217802	0.0019266553852135678	0.0016861369344520556	0.0021541088481377858	0.0015018081770451623	0.0018464592020938327	0.0021162329998876024	0.0027921458199055135	0.0012604931278296639	0.0
209196_HY5CNBGXT_TCDM_2_F09_C64_4_1_o_AACCGA_S70_trim1	0.000566061561371959	0.0008490923420579385	0.013999137844698833	0.0023731042380593665	0.006117819182520019	0.015653779331786098	2.1771598514306118e-05	2.1771598514306118e-05	4.3543197028612236e-05	0.0	0.00017417278811444894	0.0	2.1771598514306118e-05	0.0	1.0888460246503852e-05	7.6297388035218e-05	1.091113783854942e-05	9.830900858969502e-05	0.00013124763344110951	0.00018621657754742908	0.00042790004869283117	8.794411503266134e-05	0.0004957123634518986	0.0009273935835183612	0.0008855403655864845	0.00021089791675037834	0.0014143534377920584	0.002045963978288633	0.001100341364066242	0.0015231386765865492	0.0014635464612467646	0.002112163653636672	0.0014831568568296038	0.0013445504385494666	0.002714373814435812	0.0005431697117233027	0.0010260767870529154	0.0018134839056930337	0.001851921804257507	0.0019271329880905669	0.0013897941853790873	0.002210856022885959	0.0011651497682202913	0.0019945530087034317	0.001775965118418236	0.002508281181403239	0.001049345785370111	0.0
209197_HY5CNBGXT_TCDM_2_G09_X5_36_1_i_CAGATG_S71_trim1	0.0003448373962362723	0.0011853785495621859	0.013685734163127055	0.0024354141109186726	0.006185520794988133	0.015646996854220854	0.0	8.620934905906807e-05	2.1552337264767017e-05	0.0	0.0002586280471772042	0.0	2.1552337264767017e-05	0.0	1.07786728866795e-05	4.315722273345549e-05	1.0800660525195078e-05	4.324948519597153e-05	8.659950586321955e-05	0.00019512008991133742	0.00040175822428945533	0.00021759172524779888	0.0005232945096049072	0.0008523475125713063	0.0009862204187294655	0.00028578347043795325	0.0014676262073018706	0.001984226177840539	0.0011698869755480251	0.0014569334397716606	0.0015122354518999658	0.002047724727550225	0.0014462448024142648	0.0014962166595953999	0.0025939165028841184	0.0006886856078956617	0.0011067931474586525	0.0019076611304139515	0.001631800528703371	0.0019284685346252718	0.001672115949964069	0.002215672793687429	0.0012783346617587683	0.0020979702068779247	0.002523491639900309	0.0027261359393612543	0.0012523761459439897	0.0
209198_HY5CNBGXT_TCDM_2_H09_X5_36_2_o_GTAGAA_S72_trim1	0.0005759660273443764	0.0009651322620365225	0.013963284500754205	0.0018212979783592438	0.0063511929501758255	0.016064782168091794	4.669994816305754e-05	4.669994816305754e-05	0.0	2.334997408152877e-05	0.0002957663383660311	0.0	6.226659755074339e-05	0.0	7.785352233469633e-06	5.4555951960834436e-05	7.802324062663898e-06	8.591708797933241e-05	0.00013293963391083614	0.0002505795435004521	0.0003999952000575993	0.00017285275239723198	0.0005982639953234648	0.0007651304346248498	0.0009329592851824085	0.00026950229584249907	0.0012801785189066068	0.001979265754656123	0.0009856931053331686	0.0012801542754978955	0.001278990795313713	0.0020928500668368362	0.0015902143781118302	0.0012057484138214445	0.002831806281795875	0.0005878759981399604	0.0012375451884115928	0.0018433242938996253	0.00195366039113323	0.0019336470763607777	0.001595295749116126	0.0021528686930106034	0.0012408887741756156	0.002170732893460243	0.0023499455532776242	0.0023626356782590068	0.001226140653711694	0.0
209199_HY5CNBGXT_TCDM_2_A10_A03_4_2_i_GACATC_S73_trim1	0.0005094617231218184	0.000967977273931455	0.013976233270975217	0.002173703351986425	0.0058588098159009115	0.01621786485271122	5.094617231218184e-05	0.0	0.0	2.547308615609092e-05	0.0001868026318113334	2.547308615609092e-05	2.547308615609092e-05	1.6982057437393947e-05	8.493538455684454e-06	5.9525211605749555e-05	5.1081214789612224e-05	5.9661960445995315e-05	0.00011946881774255306	0.00023073067705353507	0.0003680367447885997	0.00018006835394715834	0.0005584048521086227	0.0007145420147261083	0.0008802946052612275	0.0002769190163317317	0.001354341602456984	0.0019083014949058807	0.0010062866665704131	0.0012747779468690135	0.0013877556287854459	0.0019386047434812417	0.0015662269208632075	0.0010457004448644073	0.002689966868877656	0.0004762929315106336	0.0010995818262594184	0.0017560289236644886	0.0016930678048117933	0.0018279360888464986	0.0014542233749150735	0.0019162944878820907	0.0013766821959078621	0.0018189336440880412	0.0018693416466311586	0.0023495372734508957	0.0013282940707991997	0.0
209200_HY5CNBGXT_TCDM_2_B10_A03_4_3_o_CGATCT_S74_trim1	0.00043664789981716926	0.0011643943995124516	0.013702426951405455	0.0020792757134150915	0.0059467285403671626	0.01653024192164998	0.0	2.079275713415092e-05	0.0	1.039637856707546e-05	0.00020792757134150918	4.158551426830184e-05	1.039637856707546e-05	0.0	0.0	3.1263198931799014e-05	1.044066715027837e-05	9.41430176791173e-05	8.38583741077207e-05	0.00021015080947464924	0.0003793075908510166	0.0001268251727675916	0.0005407916489893188	0.0007663526075626442	0.0007378221649691232	0.00010746284311005205	0.0012325835405118855	0.002144779356640226	0.0009655250503279931	0.001350085758111332	0.0012182116608114274	0.0019098958598204245	0.001406846837614189	0.0011246787563835665	0.0029073469717332896	0.0004896743796751214	0.0009345229527332854	0.0016709136754011304	0.0016960082420937855	0.00166707201932046	0.0016135606813881594	0.001964663428088373	0.0010850593311833392	0.0019924690363195795	0.002265573111067456	0.0023564758007418793	0.0011055193868269237	0.0
209201_HY5CNBGXT_TCDM_2_C10_A27_4_1_i_CGTCGC_S75_trim1	0.0004090206710436184	0.0009256783607829259	0.014789326368787676	0.0021742677776529187	0.006006145643219449	0.015693477325831463	4.305480747827562e-05	4.305480747827562e-05	0.0	1.0763701869568905e-05	0.0002798562486087915	0.0	3.2291105608706716e-05	0.0	1.0766942214251814e-05	1.078092957055892e-05	2.1589943922279657e-05	7.566278437317058e-05	0.00010824156703481427	0.00024936555439871626	0.0006083141334184973	0.00017419055554049532	0.0005673546532846616	0.0008859206536650701	0.0008336228161687289	0.00024206084441385185	0.001424721052871067	0.0021632607328239874	0.0012374035661301909	0.0014906689169416091	0.0013534035561806274	0.0023623684697406154	0.0015105028006095107	0.001454332907883246	0.003077730532800622	0.0006003685556615814	0.0012732068725565136	0.0018448115579252741	0.0017615458935306984	0.002307350785423448	0.0018777818582075578	0.00235659782071055	0.0014336015080445245	0.0020899070057518736	0.0024522045790743682	0.0029462613055828875	0.0010358737891375315	0.0
209202_HY5CNBGXT_TCDM_2_D10_A27_4_1_o_ATGGCG_S76_trim1	0.0004202322203249515	0.001050580550812379	0.013447431050398449	0.0023112772117872336	0.005042786643899419	0.014778166414760796	7.003870338749192e-05	0.0	0.0	3.501935169374596e-05	0.00017509675846872982	3.501935169374596e-05	0.0	0.0	0.0	7.049404695396985e-05	7.085966951050141e-05	0.00010683471529972836	7.158846938841254e-05	0.00014396319149119954	0.0003981579043574039	0.00029159407189251847	0.0005875274531382595	0.000629285620157277	0.0004856683019990107	0.0001886882880802212	0.001604436189662694	0.0020523456568299933	0.0009822325911060018	0.0012361836538239148	0.001743514430420191	0.0017340016671187459	0.0015567594495298587	0.0009876564415597243	0.0032943820244460717	0.0003587839734786887	0.0012379193967756326	0.001504470628502008	0.0012074080764009193	0.0022756944454751034	0.001218426260335047	0.0019296048847165384	0.0015023965908475072	0.0022575824485629114	0.002773380303453085	0.0025847367768684856	0.0009347215402216911	0.0
209203_HY5CNBGXT_TCDM_2_E10_A27_4_2_o_ATTGGT_S77_trim1	0.0005716721123450035	0.0008575081685175053	0.014367022823407325	0.0021663364257284343	0.006438833265359514	0.016969635334872737	6.017601182578984e-05	0.0	0.0	1.504400295644746e-05	0.00021061604139026446	1.504400295644746e-05	3.761000739111865e-05	7.52200147822373e-06	0.0	4.5217594980123476e-05	2.2642828699151375e-05	6.046759439577265e-05	9.083723315238051e-05	0.0002426046336726892	0.0004177098971347607	0.0001750491355312604	0.0005415851587359403	0.0008105410093606017	0.0007437754810195399	0.0002153369927804428	0.0014974205772757012	0.0019305616515559512	0.0010906217899689906	0.001354393817951621	0.0013853704720720725	0.0019084589075537754	0.0014585942164587293	0.0012607731864219386	0.0029485722025137714	0.00058818517343661	0.0012449237410007885	0.0017923000953920466	0.0017299489006849839	0.0019383095003806601	0.0014974754554684124	0.001992863616842033	0.001461661379581963	0.0018141663648321052	0.0019440555823831151	0.002435426047108125	0.0012159465867826605	0.0
209204_HY5CNBGXT_TCDM_2_F10_X4_24_1_o_GCCACA_S78_trim1	0.0003347714557118287	0.0009875757943498948	0.014411911168394227	0.0022764458988404354	0.006461089095238295	0.01598533701023982	3.347714557118287e-05	3.347714557118287e-05	3.347714557118287e-05	8.369286392795718e-06	0.00020086287342709725	0.0	4.184643196397859e-05	1.6738572785591437e-05	0.0	5.029252226470915e-05	2.517776340220738e-05	5.041889700259658e-05	0.00012622660705404772	0.0001685737414031606	0.00034618317429875324	0.00013538281479317865	0.0005596789952642677	0.0007565120814979415	0.0008011466283275392	0.00019657143521334538	0.0011663074696933718	0.0018685096198969237	0.0009688469009096262	0.0014955104255335798	0.001329340530779437	0.002007140136939777	0.0014807062206152965	0.0011980602867512592	0.0028707387584397913	0.0005650309627854204	0.0011420382435451814	0.001847683848975548	0.0016377064007056718	0.0017184505911854045	0.0015118131125891117	0.001943177138243372	0.001331662567600791	0.002037463945078982	0.0022948038547697916	0.0020686162153438097	0.0011500771299227182	0.0
209205_HY5CNBGXT_TCDM_2_G10_A27_4_2_i_CATCTA_S79_trim1	0.0005172208688276154	0.0009583798451805816	0.01466473286911239	0.0019319720688560933	0.006526110374324912	0.016687979208938063	1.5212378494929866e-05	3.042475698985973e-05	0.0	1.5212378494929866e-05	0.0001825485419391584	0.0	1.5212378494929866e-05	7.606189247464933e-06	0.0	8.379411846035468e-05	1.525384650527131e-05	6.108388466629569e-05	9.938558303558431e-05	0.00015312301275040015	0.00038344455142547433	0.00022280677842757113	0.0005542086062746575	0.0007327260602584656	0.0008349198098176364	0.000255738203436021	0.0015311658708878967	0.0019653897976303638	0.0011665745542530372	0.0014467875850842807	0.001374921712431805	0.001851279047104564	0.0015824725974489422	0.0013759175801230602	0.0027570275415698935	0.0005065981549858614	0.0009723737893843316	0.0018152042171357275	0.0017938135161574594	0.0019159197347140898	0.001551962016246973	0.0018164138314673613	0.0012748045764421957	0.001916891468471435	0.0021548046187736944	0.0023547242589860296	0.0013192881716193538	0.0
209206_HY5CNBGXT_TCDM_2_H10_A27_4_3_i_AACAAG_S80_trim1	0.0005442980887361399	0.0011508016733278385	0.014587188778128547	0.0020527813632334416	0.006158344089700326	0.01671772701118144	7.775686981944854e-05	4.665412189166913e-05	1.5551373963889712e-05	2.3327060945834566e-05	0.00024104629644029052	1.5551373963889712e-05	3.887843490972427e-05	0.0	7.779046453820546e-06	4.675407496828905e-05	3.122432287323721e-05	7.819510680044077e-05	6.266633505731032e-05	0.00021192673425925954	0.00033042618605496076	0.00014199856991662475	0.000593290172923518	0.0008330367458062154	0.0008039596205310591	0.00014378574773301798	0.0014521204207362474	0.0021695516730348523	0.0010544023773042647	0.0014687031595884694	0.0012567644525242443	0.0018785363239410932	0.0014015933780719715	0.0011450860191143484	0.0030035638604049026	0.0005674353495543612	0.0012175289380538668	0.001807680915571866	0.0016469666186719112	0.0018615742470726746	0.0015785154994067646	0.002186697204096463	0.0012800149169499575	0.0020461592185339744	0.002016120663635765	0.002265408990510283	0.001285553031295917	0.0
209207_HY5CNBGXT_TCDM_2_A11_X4_24_2_o_GCAGCC_S81_trim1	0.0006361777310933279	0.0012193406512622119	0.015303608753522834	0.0021029208333362788	0.006273419292725874	0.017070769117670966	1.767160364148133e-05	1.767160364148133e-05	0.0	3.534320728296266e-05	0.000185551838235554	1.767160364148133e-05	4.417900910370333e-05	8.835801820740666e-06	8.837008969387363e-06	5.3051814469316505e-05	1.7693651933487085e-05	5.3110058646782266e-05	0.00014171276169475707	0.00021270997022149044	0.00039915397098328034	0.000133174199043756	0.0006399040997055908	0.0008542511407589647	0.000855507158010568	0.00017851132444602803	0.001475651878160522	0.0018734073236601574	0.0009885458095722868	0.0013339695526857584	0.0015376138331699844	0.002033875467076323	0.0015955825522044977	0.001126913244446448	0.0027544691953615107	0.0004908967822827386	0.0012114978978647628	0.0018872629841815436	0.0016957050632711134	0.00221674639150474	0.0013600944619365026	0.0019982062930631733	0.0015579351206793308	0.0019028007533497015	0.0019177855431269594	0.002786823442924561	0.0013704774381588503	0.0
209208_HY5CNBGXT_TCDM_2_B11_X4_24_1_i_ACTCTT_S82_trim1	0.0004856895898854449	0.0009887252365525128	0.014483957412655233	0.0021335649841396328	0.006088465930349684	0.016426715772197013	3.4692113563246066e-05	5.2038170344869096e-05	3.4692113563246066e-05	8.673028390811517e-06	0.0001647875394254188	8.673028390811517e-06	3.4692113563246066e-05	0.0	0.0	3.470532747599953e-05	1.735794388905774e-05	3.4726294724320537e-05	0.00010421633226251051	0.00017376241412987297	0.0003737703931951536	0.00015655314505266406	0.0005221879396169717	0.0008100295242696603	0.0008282598783068276	0.0002443870619743769	0.0015208338504751119	0.0020312408342446193	0.0011229713259799767	0.00141597739642741	0.0013497356503030774	0.0022664811693484626	0.0015642743904373774	0.0014554352425518546	0.0026843408215070463	0.0005777336052292113	0.0013171270389013016	0.0018858989050159693	0.0017095031185957162	0.001846952728550839	0.001461077094722665	0.0023559860598117138	0.0014886998497863184	0.0020157100133036863	0.002295742976964455	0.002528569249526789	0.001302150871106379	0.0
209209_HY5CNBGXT_TCDM_2_C11_X5_36_3_o_TGCTAT_S83_trim1	0.0	0.002214398015899378	0.011071990079496889	0.008857592063597512	0.008857592063597512	0.02657277619079253	0.0	0.0	0.0	0.0	0.0	0.0	0.0	0.0	0.0	0.0	0.0	0.0	0.0	0.0	0.0	0.0	0.0	0.0011315033153047138	0.0	0.0	0.002293762113931164	0.0011543078769969527	0.001162344681691909	0.00117057639181533	0.0	0.0011900370101510156	0.0012015764683264442	0.002432705289917653	0.003695263903430437	0.0	0.0037971318997050895	0.001287216651434603	0.001310615989515072	0.0026650321136369695	0.0027135937478800047	0.0013848113886888607	0.0014151677681389129	0.0	0.0029565680158472048	0.004608578100036869	0.0016476364654902543	0.0
209210_HY5CNBGXT_TCDM_2_D11_X4_24_2_i_AAGTGG_S84_trim1	0.00045285333180369544	0.0009488355523506	0.01556952883629848	0.0024799111027345227	0.00564988442536039	0.016777137721108334	2.156444437160454e-05	4.312888874320908e-05	4.312888874320908e-05	3.2346666557406816e-05	0.0001940799993444409	0.0	2.156444437160454e-05	1.078222218580227e-05	0.0	6.47630153962196e-05	1.0803557827663808e-05	9.732465341609532e-05	7.577519102925658e-05	0.00017339882173333145	0.0003581247157385069	0.00021742394157209905	0.00046835591389744876	0.0008732138274719401	0.0007003039428534475	0.0002633041555758934	0.0013979571113362764	0.001966983192570638	0.0012321205160387126	0.0014616017146484848	0.0013360636936367778	0.002103585289695927	0.0016986332728285481	0.0012196522334248685	0.002919049975996338	0.0005288001606612399	0.0012246720286692157	0.0018585550313920806	0.001939427505550077	0.002020997414620344	0.0015494700050548284	0.0022004512737247477	0.00130796204056347	0.002192188492704988	0.0021586631138096695	0.002337647528365357	0.0010513439832955155	0.0
209211_HY5CNBGXT_TCDM_2_E11_X4_24_3_o_CTCATA_S85_trim1	0.0005294548062671918	0.0009177216641964659	0.01561891678488216	0.002011928263815329	0.006000487804361508	0.01697785078763462	3.5296987084479457e-05	1.7648493542239728e-05	5.2945480626719185e-05	2.6472740313359592e-05	0.0002029576757357569	2.6472740313359592e-05	1.7648493542239728e-05	8.824246771119864e-06	0.0	8.831451483493973e-05	8.837067539321195e-06	6.189943728990115e-05	0.00010618824379334138	0.00021253941831326413	0.00046092826342972117	0.00014197322012388761	0.000497452245028631	0.0007648988963754109	0.0007481635257455539	0.00016057116232914893	0.0015105106965161456	0.0020513388300256166	0.0011136292503703491	0.0014411607396829554	0.0012653574856334475	0.0019416557841698983	0.0015946444731034961	0.0013369697690073375	0.0027537330120460625	0.00048164095815429254	0.0011837900183944191	0.0016913093572066035	0.0016974245044373902	0.0017698078811362586	0.0013046620794747953	0.0019928968856590063	0.0012654302161206517	0.0016480832791463528	0.002105996633037883	0.0025804982796504717	0.0012158910773822926	0.0
209212_HY5CNBGXT_TCDM_2_F11_BLANK_AATCCG_S86_trim1	0.0	0.0	0.005653550429669833	0.0	0.0	0.011307100859339666	0.0	0.0	0.0	0.0	0.0	0.0	0.0	0.0	0.0	0.0	0.0	0.0	0.0	0.0	0.0	0.0	0.0	0.0	0.0	0.0	0.0	0.0	0.0	0.0030586651985073715	0.0	0.006247071685147588	0.0	0.0	0.006493928177154361	0.0	0.0	0.0034071550255536623	0.0	0.0	0.003611020835590221	0.003691262780997379	0.0037838655970939914	0.0	0.0	0.0	0.004655493482309124	0.0
209213_HY5CNBGXT_TCDM_2_G11_A03_4_1_i_GGCCAA_S87_trim1	0.000384685001698688	0.0009515892147283334	0.015286167172763656	0.0024093429053759934	0.006094220290068689	0.016986879811852592	0.0	0.0	0.0	1.0123289518386527e-05	0.00023283565892289008	0.0	4.049315807354611e-05	0.0	0.0	0.00010131878557682506	2.0276975372802328e-05	0.00012174563765089356	7.107137251207046e-05	0.000162583665808462	0.0004271756539169312	0.00022400030952770045	0.000621879832630728	0.000816796855577145	0.0007875810940033269	0.0001947177182362879	0.0016231791628176088	0.0018440513581695803	0.0010541076560149087	0.0015454514149489335	0.001333357222650239	0.001842246737129813	0.0014836295682111847	0.0011961855442564834	0.0028884095479095482	0.0004614216616008649	0.0011136832749640757	0.0018337024023247852	0.0016884849081453173	0.0015725004686832072	0.0015120728295520416	0.00182882223847842	0.0014146739959148389	0.001702874075632976	0.0021484097590319744	0.0022139222005599503	0.0011111798154317253	0.0
209214_HY5CNBGXT_TCDM_2_H11_X8_37_2_i_AGACCA_S88_trim1	0.0006908317177567022	0.0007817306279878472	0.014143870431966164	0.0022361131916861674	0.006344743934133922	0.015561893431572028	1.8179782046229004e-05	3.635956409245801e-05	1.8179782046229004e-05	3.635956409245801e-05	0.00023633716660097706	0.0	9.089891023114502e-06	0.0	0.0	6.369920000174718e-05	1.8215586567389293e-05	4.557792489724229e-05	9.124194983681833e-05	0.00015526576063919808	0.0005211890791686211	0.00017397170817143282	0.00048598252186783804	0.0007438706436501457	0.0006439425474459168	0.00018432946975692564	0.0015427402799510091	0.0019084386711189492	0.0011523667708350468	0.0014734736049119269	0.0013576364616585672	0.001994036889118099	0.001446395176716403	0.001264724170790254	0.0026042015728611556	0.00036632307169222073	0.0012434737059713163	0.0017263870710872244	0.0014772624522318759	0.0017329208380725712	0.0017227010655615437	0.001989290235599641	0.0014645829563676848	0.001753990906975044	0.0018969188709112607	0.002300806827216967	0.001059480640261615	0.0
209215_HY5CNBGXT_TCDM_2_A12_X4_24_3_i_CGCGGA_S89_trim1	0.00041964408971816996	0.0010852864389263015	0.014846718484511806	0.0022863367646714086	0.006149956487249042	0.016554235815089188	2.8940971704701373e-05	2.8940971704701373e-05	0.0	3.617621463087672e-05	0.0002025868019329096	7.235242926175343e-06	2.170572877852603e-05	7.235242926175343e-06	0.0	5.792193195128708e-05	1.448889621705062e-05	3.6243587059705656e-05	6.528181215347144e-05	0.0002177655138692678	0.00040685019485218267	0.0001454536568649326	0.0005824643571857827	0.0007727585972856782	0.0008834203465869748	0.0001681935102899693	0.00145086672799876	0.0019463759471414239	0.0010237314954087851	0.0014480946362353028	0.0012608511071311068	0.0018624684739961407	0.0015122851834458077	0.0011068256961858335	0.002690552915445244	0.00047291562628407074	0.0009911720378842856	0.0016284439845511845	0.0014732889962160768	0.0018525786033663253	0.0013213248131106173	0.0019535871467259865	0.0014623402208462349	0.0020361591954029673	0.0017968384753564025	0.0022135735636468375	0.0012274497636190166	0.0
209216_HY5CNBGXT_TCDM_2_B12_X8_37_3_o_CCTGCT_S90_trim1	0.0003815120704060542	0.0010900344868744406	0.014352120743846801	0.0023617413882279542	0.0066128758870382725	0.016150677647189627	3.6334482895814686e-05	0.0	0.0	1.8167241447907343e-05	0.00026342500099465647	9.083620723953671e-06	3.6334482895814686e-05	9.083620723953671e-06	0.0	6.364179054541197e-05	2.729575496418797e-05	0.00010926649040767692	8.202131132391692e-05	0.000182455432295761	0.000465806428749792	3.6583811041689265e-05	0.0005220767002114686	0.0006514010075980881	0.0008273701396600795	0.00019347392192645488	0.001284097167909839	0.0015846673885089187	0.0010323617507181193	0.0013634635111015813	0.0012950310690153025	0.0016136310492055558	0.001633008959522645	0.0011284172274884348	0.0024205565621384837	0.0004083784478079704	0.0009813512834259287	0.0016083494383385632	0.001700293064122277	0.0018039777403415593	0.0014275202948388003	0.001944201010627213	0.0013792612356063666	0.001867025453961269	0.0020242193979506935	0.0024794055093990035	0.0011557148090010961	0.0
209217_HY5CNBGXT_TCDM_2_C12_X8_37_2_o_GCGCTG_S91_trim1	0.0005640695360749664	0.0010072670287052973	0.015572348263783896	0.002155551441429336	0.006950142498066551	0.016196853821581182	0.0	4.029068114821189e-05	0.0	1.0072670287052973e-05	0.00016116272459284757	0.0	0.0	3.0218010861158917e-05	0.0	9.072416939250795e-05	3.0260497492665612e-05	5.04660845706608e-05	6.060191029341627e-05	0.00018195050946142647	0.0004451932685158916	0.00019247105893727205	0.0005375490703697374	0.000670320931380465	0.0009663648082081195	0.00015283907756929622	0.0014193348118921878	0.002344316644494618	0.0010678036859351158	0.0013289660829311923	0.0014584368763178295	0.001963948759018188	0.0016084192601730951	0.0013029183163731546	0.002963020655640279	0.0005328481147354137	0.0010848960132542069	0.002137422370609726	0.001558485801535833	0.0019754272388554555	0.0017646231057276743	0.001947966732829186	0.0014911265831227358	0.0020603965443872045	0.002546269524770919	0.002463204504061346	0.0013157027428884964	0.0
209218_HY5CNBGXT_TCDM_2_D12_X8_37_1_o_GAACCT_S92_trim1	0.00033073395896525404	0.0008365623667944662	0.013540637378812753	0.0021594982026554824	0.006108850771475868	0.016342148560636083	1.9454938762662004e-05	0.0	3.890987752532401e-05	2.9182408143993008e-05	0.00014591204071996502	9.727469381331002e-06	1.9454938762662004e-05	9.727469381331002e-06	0.0	4.866571268892273e-05	3.8951476879328425e-05	5.845686730817233e-05	6.823979542099275e-05	0.0002048586821401957	0.0004100296373326908	0.00019543705294995618	0.0005673197788900506	0.0007735808243610197	0.0009510565699232969	0.0001963593600137923	0.001357211602861002	0.001931652230851364	0.0010867170574073105	0.0014365890106092594	0.001530988601093961	0.002096034093890949	0.0016641272018733662	0.0011890633979381037	0.0028692615402865105	0.000571228991013752	0.001037419836206815	0.0018549895592068104	0.001748392865761432	0.0019454763340205235	0.001571879146232238	0.002077931972836234	0.0012064569135300522	0.001997119931157057	0.0020496827327631537	0.002316541764526078	0.0012532968157045463	0.0
209219_HY5CNBGXT_TCDM_2_E12_X8_37_3_i_TTCGAG_S93_trim1	0.000530130336329832	0.001060260672659664	0.014177199851563507	0.0022416939936232894	0.006331270873881993	0.01669153230387071	3.0293162075990398e-05	1.5146581037995199e-05	0.0	7.5732905189975995e-06	0.00014389251986095437	2.2719871556992796e-05	1.5146581037995199e-05	1.5146581037995199e-05	0.0	6.820178787197918e-05	2.274540529544879e-05	4.551408960707762e-05	9.866828927933365e-05	0.000159483952458897	0.00035719963994276295	0.00018256274738678543	0.00038833650347903817	0.0006403162308425388	0.0007174761935292807	0.00016815225361089766	0.0014241398597222238	0.0021098707117261396	0.0010535931294038462	0.0013880950184971374	0.001168378056807779	0.0017788568646319445	0.0013184550234813719	0.0012545268818452083	0.0027682857299918206	0.00044426370668567696	0.000974345327790533	0.0015060209428721962	0.0014473043793316479	0.0015183319293550518	0.0014601462618554957	0.001956223906869637	0.0011145692062395456	0.0018681126260136664	0.0019397440359205645	0.0021290724574562813	0.0011525269391265752	0.0
209220_HY5CNBGXT_TCDM_2_F12_C14_4_1_i_AGAATC_S94_trim1	0.0005767977343384995	0.0010093960350923742	0.014323810402739405	0.002243102300205276	0.006456930192733758	0.016614979180806223	6.408863714872217e-05	4.806647786154163e-05	3.2044318574361085e-05	3.2044318574361085e-05	0.0001602215928718054	8.011079643590271e-06	5.60775575051319e-05	8.011079643590271e-06	8.012186214745178e-06	4.8100942714342614e-05	2.4065180058885893e-05	0.00016053143610860883	8.835167500719865e-05	0.00015273151062476754	0.0004586266465300067	0.00016916268899399352	0.0003871247158565074	0.0008237457804228092	0.0008007978211181064	0.0001944677333059782	0.001323567301326661	0.0020105790646786194	0.0011592731977506181	0.0014499230967342817	0.0013571458416886909	0.0018511980557131276	0.001370711614488106	0.0012870772264722702	0.002474347788433838	0.0005593317985042789	0.000939498516190207	0.001595616315858201	0.0016136609570980758	0.0016840229774795872	0.0015709017583031976	0.001980819874913486	0.001128665582352442	0.0018026534873493217	0.0020957952117310152	0.002361972820788471	0.0012899924757318875	0.0
209221_HY5CNBGXT_TCDM_2_G12_X8_37_1_i_AGGCAT_S95_trim1	0.00030275107741539677	0.0010596287709538886	0.013969799715024737	0.0022273829266989905	0.005946896163516722	0.015699805871684146	2.1625076958242625e-05	0.0	2.1625076958242625e-05	1.0812538479121313e-05	0.00014056300022857707	2.1625076958242625e-05	2.1625076958242625e-05	1.0812538479121313e-05	0.0	7.575282890823184e-05	1.0829430406614789e-05	3.251193729964519e-05	0.00011930843192819455	0.00013027505406414743	0.0005651067655125339	0.00010881322959950529	0.00043585438410125244	0.0008403896046207021	0.0009076571488061246	0.0003287571434817814	0.0013075570976671532	0.0018517573452765802	0.0012832470220648794	0.001410807473991431	0.0012616197411111632	0.0020326492888254263	0.0014691539820288564	0.0011955010902969943	0.002492423377507039	0.0005213043776940577	0.0011695840771888063	0.0015623509404760862	0.001655874882093909	0.0021524273665209257	0.001321135915129241	0.0019712189478085255	0.0011764219968919442	0.001975151810557992	0.0018818024009413254	0.002616319367393154	0.0011231238362176224	0.0
209222_HY5CNBGXT_TCDM_2_H12_C14_4_1_o_ACACGC_S96_trim1	0.0005146945287971588	0.0008524628133202944	0.013751994441299088	0.0021391991353131917	0.006192418549590818	0.016743656389932575	1.6084204024911214e-05	4.825261207473365e-05	4.825261207473365e-05	1.6084204024911214e-05	0.0002734314684234907	0.0	8.042102012455607e-06	0.0	8.043516065395073e-06	2.4148188740955295e-05	2.4165644862649726e-05	2.4184003507002964e-05	0.00012102184065021969	0.0001938189207968671	0.00044464874931625153	0.00016999155303878114	0.0005269271102539043	0.0007714211054643086	0.000870595569547283	0.00025276356186583866	0.0016513300073476012	0.002082829538688518	0.0011438856759508488	0.0013964772415525522	0.0011707445387258214	0.0020037374713183765	0.001654518275246164	0.0012094286380015164	0.0028138852789204097	0.0005587288969170113	0.0013877477314010796	0.0020349754386358855	0.0016618613397997217	0.0019262259077744638	0.0016260119526494358	0.002200884272583139	0.0014465737758298511	0.0019981828064439093	0.0019691847085459677	0.0027648755876879785	0.0011760646460077784	0.0
