Sample	1	2	3	4	5	6	7	8	9	10	12	14	16	18	20	22	24	26	28	30	32	34	36	38	40	42	44	46	48	50	52	54	56	58	60	62	64	66	68	70	72	74	76	78	80	82	84	86
209031_HY55YBGXT_TCDM_1_A01_A04_1_2_o_CAGCGT_S1_trim1	31.13693104104988	31.427158931547858	31.543370651405763	31.59929267221637	31.642723920239114	35.214765428134776	35.20338664261689	35.227548166440805	35.23717122400444	35.25829819516518	35.24530887748308	35.19954465970671	35.1806286780966	35.15317919757487	35.13225659924545	35.100056359740876	35.07553159184755	35.020100461003025	34.9448437626055	34.929594104630894	34.907695832342824	34.84622918044401	34.67448154214685	34.49700877398445	34.22649427338068	34.16623536914922	34.13557652226742	34.07070757915345	34.01449530757594	34.0014088352368	33.995528867321966	33.90851913909292	33.8072194370432	33.71525089605017	33.44706134042622	33.372269321486804	33.41941562088847	33.253465968177636	32.98228519036156	32.921169399683265	32.99083485519	32.96972459700375	32.69690847031629	32.44219177877605	32.182708003273994	31.922262531818987	32.160554311538824	31.729229563618645
209032_HY55YBGXT_TCDM_1_B01_A04_1_1_o_GATCAC_S2_trim1	31.054746175198996	31.3342764990845	31.454152185071592	31.52274706388586	31.565695154869008	35.072954041099216	35.06818884085099	35.0759010084553	35.08658312669661	35.11056745720641	35.086588234092375	35.031529230902805	35.01645475230407	34.97389226970114	34.943161945454634	34.916381530067696	34.883123400205335	34.793986316565764	34.6872623211236	34.69919406976487	34.68665268869762	34.582283617231425	34.399671609401324	34.2402602090808	34.11488822659997	34.06743508743818	34.072076145993066	33.98440280399167	33.86630656713193	33.8680141132572	33.86181879691935	33.72986069042395	33.6504997508396	33.57221197314102	33.30344313430521	33.19877778801322	33.20964205272879	32.92566289999611	32.58246776327526	32.67559525799127	32.86748926877203	32.75658861353679	32.44313702628703	32.15471228809899	31.930925360264652	31.713231336207038	32.03697468424919	31.657461506736322
209033_HY55YBGXT_TCDM_1_C01_BLANK_ACCAGT_S3_trim1	28.862343029725004	28.67578021512213	28.891591161977427	28.933237958989032	28.882742542256132	30.516187145657817	30.360620992952896	30.298733640650664	30.31198007735919	30.180469453716952	29.992502516822974	29.533460499125738	29.419832565040004	29.36120383616807	29.344882163773136	29.239272329123082	29.218959892819868	28.520088417728243	28.39457237919251	28.24779228078441	28.170495915904468	27.971711041807346	27.867582547120296	27.8053510271466	27.678094875091062	27.468019934301136	27.39796639241824	27.34347701224892	27.42088611097636	27.28082823984149	27.304259044809818	27.217720266276768	27.105759202937598	27.087457015235373	27.14483564169423	27.13553009253944	27.105944452976743	27.019885658708965	26.889502180963404	26.83274733404707	26.82332702822337	26.766539537156703	26.52768013016884	26.5297348333586	26.56722437018626	26.75711760396608	27.93733232997454	30.98839378238342
209034_HY55YBGXT_TCDM_1_D01_A04_1_3_i_TGCACG_S4_trim1	30.921833581870203	31.311074677014428	31.44818073708934	31.522639326712277	31.581368633658453	35.092164481969164	35.06797056388656	35.097522631236906	35.11605638056612	35.136888983569605	35.11613727864264	35.082390646025075	35.058942338547666	35.01556478992118	34.97807078904246	34.95995729085645	34.94441326763972	34.9100828593988	34.82173190780953	34.8087845407344	34.76314887738441	34.61760689840217	34.35655249670093	33.96435117638937	33.9564198729005	34.01298386125545	33.98738454518265	33.95390164988463	33.92264308765864	33.7563649943698	33.6940249305124	33.525827116813645	33.49681668243102	33.32732517359574	33.08638551563828	32.9263507428641	32.93181754195561	32.44192718348352	31.91424162143391	32.10710177345222	32.67801907520127	32.74925347793298	32.480183761652995	32.232194697067	31.975821642396035	31.80541339498817	32.073042303537854	31.46283538796229
209035_HY55YBGXT_TCDM_1_E01_A04_1_3_o_ACATTA_S5_trim1	31.106049200442744	31.337868011155937	31.446778104656072	31.498346543990213	31.53459878318745	35.054268219419484	35.052086822597325	35.06748084849191	35.0683442137687	35.08337277718714	35.06358296134745	34.996676476049686	34.97571017141692	34.95820483739423	34.94208928650204	34.899240394255074	34.889010646207524	34.82875295522322	34.76735455588583	34.733180546133454	34.70708339930188	34.650083702520476	34.50927010490666	34.40448727928356	34.13613277420108	34.05365067139408	34.141802435548804	34.1687665026598	34.05048374701077	34.06670295136056	34.088178931705414	34.04240850337675	33.89737831379721	33.775568823711865	33.457454507035195	33.353965919316124	33.483574601913006	33.3363504487926	33.09749921831721	33.098035188063356	33.13748765361112	33.06294094896519	32.77591738983812	32.48470452875566	32.25014169750182	32.01298375264413	32.29323026860997	31.73280814223394
209036_HY55YBGXT_TCDM_1_F01_A27_1_2_i_GTGTAG_S6_trim1	30.999028573916863	31.352201482200712	31.515911560850554	31.576048718616267	31.621341633459675	35.18056712382834	35.181792871761566	35.19376638152354	35.20663719806808	35.22654216785983	35.212868083395335	35.158204867599764	35.144949788806315	35.1317600276465	35.11326162306727	35.06197194040833	35.045648790070956	34.98877998794994	34.92831405364092	34.890621611495675	34.861974569663246	34.797639894837054	34.687236562305415	34.60085405016651	34.33552774878716	34.23701818413926	34.27666264270718	34.2713168132305	34.145439264372186	34.160127185845	34.156660796251956	34.10030970994663	33.954142149788254	33.83877889184646	33.530763144727814	33.421034390528774	33.455527555076365	33.28984764112106	33.048732096003064	32.992662741741384	32.93016680216745	32.793683209628384	32.462970269906684	32.159135044564664	31.837804920429075	31.545363675825378	31.860699836398865	31.513673641933444
209037_HY55YBGXT_TCDM_1_G01_C17_1_2_o_CTAGTC_S7_trim1	31.15265302133097	31.430915124295563	31.548749177561003	31.60276554052121	31.644441742712477	35.22129926290395	35.20619022418018	35.22548297432083	35.23820813189538	35.25583633702358	35.24779252605582	35.200182247713855	35.18571268510837	35.15058798428546	35.134876852365196	35.10172684762806	35.06306118213493	35.008012925021625	34.91429169686348	34.918496652272424	34.91654346197996	34.85373809846968	34.63434904996371	34.49852471578035	34.22633736367082	34.11822289144432	34.04014433396121	33.973491445029644	33.8867786630792	33.923246829300794	33.89029497103494	33.81001138089478	33.735182520647754	33.637138802928575	33.34755548139399	33.21377716114634	33.28824170274823	33.135669177656865	32.837038407487356	32.75689212627107	32.86059934927327	32.89099305563191	32.65796615503715	32.40063876967342	32.15914884894657	31.928628656520395	32.187284963248985	31.768934669992326
209038_HY55YBGXT_TCDM_1_H01_C17_1_2_i_TGTGCA_S8_trim1	31.31181411221075	31.533423754145502	31.63931903185256	31.673745552028187	31.7020364297218	35.333112524777846	35.334507289109865	35.34176950189124	35.35040356307716	35.36550943174909	35.35603932761562	35.31628805864613	35.30475095727403	35.28988929859201	35.28954540160103	35.26572200294851	35.249093809692454	35.212623972288156	35.178594921897094	35.135369280481186	35.10693849532328	35.05149654925161	34.96852554481258	34.912051679038555	34.823425572786135	34.76481326161019	34.71303783715837	34.67514611412811	34.63212492600307	34.60130664733352	34.5849763433827	34.52878931806676	34.472389047887006	34.41297612312478	34.3225141708581	34.25335440255466	34.18795994872117	34.133633933312254	34.00854439033148	33.84531134745541	33.759643190955906	33.63394299463495	33.469830704887215	33.21399757782962	33.08365147505486	32.88474427872697	32.959871156078066	32.4689645462321
209039_HY55YBGXT_TCDM_1_A02_X1_54_2_o_TCAGGA_S9_trim1	31.22145585108712	31.486132098879555	31.597214208219206	31.638657604491517	31.671240567667105	35.26561692687175	35.26596332640859	35.27720890519259	35.28573485839946	35.29872265170792	35.28134854993846	35.230108176877835	35.21528998798305	35.19625844713758	35.186132841874326	35.13891474792776	35.09833371591358	35.03424578426367	34.99148147672803	34.982694745903366	34.96752652452727	34.89602525113497	34.74217187739715	34.67523332103076	34.50734249952586	34.44873855114189	34.404688897245435	34.36385063796738	34.31089597972833	34.34143678235668	34.34375054115148	34.263068484322424	34.15437837135032	34.098542953201445	33.91321675653309	33.83339899095131	33.83773876066377	33.71788716133564	33.54511295051685	33.46138731673044	33.360850849908076	33.24783596043533	32.99044506401478	32.7199006652387	32.48325049173943	32.22450792649718	32.386652315287876	31.93405235847304
209040_HY55YBGXT_TCDM_1_B02_X9_27_1_i_CGGTTA_S10_trim1	30.981186514792007	31.36921240707952	31.485949921505938	31.5493365638956	31.60027168264027	35.13433237037727	35.12526791922639	35.15693435889349	35.172643923699475	35.18838216213504	35.15530713041483	35.103531515903114	35.07992415824977	35.045949491401494	35.021968653064185	34.9810066600634	34.925456720628944	34.84912590029654	34.75957258908076	34.79867059933187	34.79950283791281	34.7377382491135	34.51844800942847	34.375523215068704	34.228094451701125	34.19141695293956	34.09525399213126	34.00088384101542	33.97356037629245	33.906296641194544	33.91674580594252	33.78872707388335	33.71330249338689	33.7039981126272	33.49847209728753	33.432981961248544	33.41913351008377	33.17454455130271	32.87711105053383	32.84211193020215	32.90979135429673	32.84430477682642	32.53758792410275	32.26197398555115	31.947874185048065	31.72391962768659	31.997070539529698	31.68024954775268
209041_HY55YBGXT_TCDM_1_C02_X9_27_2_i_TTAACT_S11_trim1	30.78531461365034	31.0211006353761	31.150194712031155	31.188624718179955	31.217862266857964	34.49425087108014	34.489956958393115	34.4847099815536	34.49293912687026	34.46919450707112	34.37828960852634	34.212241237958594	34.19682824349252	34.17076757532281	34.15795261689221	34.09307964823769	34.03746508085749	33.91502817944478	33.85095516105062	33.8422883771223	33.80546846432145	33.72086212930496	33.64548614521989	33.57599813509453	33.50075584566319	33.43954458968285	33.30766767091881	33.20314617795603	33.216935119831206	33.15587768360518	33.11052241771985	32.99106321042924	32.96863804507742	32.958576541238585	32.86073476773718	32.80106615894039	32.65163127776036	32.43744335048038	32.283993555696824	32.146058642740996	31.93620711127822	31.7912949048445	31.57943035410016	31.30500238272367	31.01985728829225	30.71035204043158	31.13321964694432	31.6296735465224
209042_HY55YBGXT_TCDM_1_D02_X9_27_3_o_ATGAAC_S12_trim1	30.632417478164534	30.84580826411884	30.985402219352313	31.034037005526958	31.050042538606082	34.29022958605958	34.2403094607084	34.24065833848489	34.26510426548987	34.214627159828865	34.14941149827703	33.960527845955156	33.924553650669296	33.88747773608927	33.83964047598478	33.7576749488902	33.72162405991588	33.50105967632223	33.43785458837374	33.45324908784622	33.456683846941786	33.33774491850603	33.21674005929839	33.07945426140883	32.904290029387	32.869973136656	32.72843110656529	32.57921634368037	32.558615263015156	32.52230176345704	32.535546714884376	32.41026345767537	32.39911536470112	32.443874690926904	32.295304729408016	32.241624086123366	32.23353944186589	32.04814430346084	31.836558273904178	31.773564614349553	31.897595690542214	31.831392828364237	31.549811683897598	31.277324121753516	31.087582282000124	31.014800218647622	31.427528020047895	31.56871889246727
209043_HY55YBGXT_TCDM_1_E02_X11_57_2_o_CCTAAG_S13_trim1	31.054641876147656	31.34653106103771	31.461816079807186	31.514247834370565	31.54893101578678	35.067247294946384	35.05750454923591	35.06936912203541	35.0716013172435	35.09070810805591	35.0578653150251	34.984914747526034	34.96179676538635	34.934891087360505	34.91070069854149	34.86454938340296	34.79857358021789	34.70308998445451	34.61889540456947	34.64907264527335	34.65996063187674	34.59643578715752	34.44604699216647	34.36184587515655	34.21878320791767	34.16537963772033	34.11380100935948	34.04803729163348	33.98579734343208	34.0093994906088	34.00113062056846	33.908234425412516	33.831492053664576	33.81594018548749	33.635313537673326	33.54447014524422	33.54126004260063	33.36141680458472	33.16692816396016	33.12554228662224	33.084410158121074	32.954482004241925	32.657017117599565	32.38851611862302	32.14642171023945	31.922280230672907	32.184205566374104	31.86649582956487
209044_HY55YBGXT_TCDM_1_F02_X11_57_3_o_AATCCG_S14_trim1	30.691514328063242	31.087249876482215	31.227843997035574	31.29093070652174	31.380681818181817	34.719429347826086	34.699774580039524	34.74340723814229	34.78517168972332	34.773584177371546	34.75572813735178	34.698662919960476	34.6784677618577	34.63311357460474	34.614837914420285	34.614129021728175	34.567637808810716	34.49986742634612	34.41306891781745	34.34571545284631	34.31003493604385	34.26569049117117	33.959531354914574	33.57663972358063	33.79925296852324	33.82188172442332	33.631724056338385	33.568840568288216	33.54861727598829	33.35298296755806	33.17737406141704	33.003896503355506	32.98720232142371	32.88831247788431	32.76508539015704	32.3753309901831	32.19092956016806	31.672948905710804	31.20490672806142	31.2939300131116	31.744516082377277	31.877389219445103	31.71495342849887	31.495827333402325	31.24876712152216	31.07767268755974	31.599239298359663	31.676438140267926
209045_HY55YBGXT_TCDM_1_G02_X9_27_2_o_GGCTGC_S15_trim1	31.24979934722691	31.481203554022784	31.60114712842328	31.64089596521997	31.673935115740793	35.28214030056312	35.28152077804388	35.29087027454221	35.29942201640901	35.31254587331954	35.30465323412771	35.26606201570968	35.25579359588224	35.24841258483832	35.24584608056817	35.22064049992517	35.19852763040511	35.16143233646986	35.12715796993375	35.08027382085473	35.039838055035986	34.987854552548896	34.915242970558154	34.86478159900904	34.77453452181507	34.72114779817602	34.65443203327968	34.60940993370029	34.58123715839742	34.54541159137614	34.52421477985814	34.48121342793809	34.41720010376	34.37249420829015	34.2839965343316	34.22493079488853	34.1644575474439	34.09233516911792	33.975761872673445	33.79428602497536	33.67494366106452	33.572504870770906	33.39857029453316	33.150598324885436	32.97862450749537	32.79455285331496	32.86619164291638	32.4652512390665
209046_HY55YBGXT_TCDM_1_H02_X11_57_1_o_TACCTT_S16_trim1	30.086978021978023	29.99631868131868	30.033791208791207	30.252527472527472	30.32824175824176	32.89082417582418	32.57895604395605	32.87697802197802	32.84197802197802	32.701730769230764	32.49329670329671	32.362747252747255	32.42123626373626	31.83065934065934	31.553253619961392	32.13083614646739	32.034261792756595	31.855808306127745	31.355369892317242	31.41287141759674	30.885890537346544	30.834003940317075	29.554824229786483	26.157348695120046	24.34831462218734	25.483376002388507	24.530369851498158	23.92656092219467	24.814421248753952	23.333419801653548	23.753397855756027	23.049346465462783	23.887036075704025	23.516817033781173	23.10223923707337	22.92413491066469	24.24474161992584	23.38945456923806	21.34656674333251	21.99013152316172	26.525196868494007	29.350003077229182	30.2178581882161	30.54741864691552	30.64795756613605	30.940041100623088	31.67620076272768	30.370412844036696
209047_HY55YBGXT_TCDM_1_A03_A27_1_1_i_TCTTAA_S17_trim1	31.176718370952145	31.44713620865151	31.564267287606043	31.61020040553759	31.643450084078648	35.22869640567654	35.23261935229357	35.24034025956143	35.2455729226433	35.2690715248474	35.246200953863124	35.1929149084377	35.17919917180515	35.1650524972072	35.15409476993888	35.11928172238488	35.099501963655875	35.04747705126826	34.99927001361913	34.9711660570246	34.943124862154804	34.87486906230078	34.74792301009168	34.67620667341163	34.47937274685496	34.41977218947123	34.43451515269437	34.41859602039678	34.34189751246248	34.339916668729316	34.34423377126199	34.2749185821025	34.15334553037701	34.051383769544515	33.843214401838125	33.76406307752753	33.760729820818575	33.63727729991539	33.45747895963801	33.38151772074771	33.30425048862389	33.18168111575166	32.92749340523363	32.633830512670954	32.40269835577391	32.13361217962471	32.30626558835287	31.80655721711229
209048_HY55YBGXT_TCDM_1_B03_X1_54_2_i_GTCAGG_S18_trim1	30.619121597566107	30.933391591416644	31.11939670518173	31.251124704663884	31.292034825387578	34.56092824546072	34.52920995565913	34.675437744764864	34.62222869534259	34.67474188432534	34.65941677185487	34.64656762792504	34.60695213127488	34.53592581804058	34.49868635542829	34.54587260913334	34.539706344508026	34.43636887622761	34.26126803657095	34.24765571432698	34.237495762586725	34.16171941081849	33.744913460602405	32.99532629383927	32.822637671982946	32.98802038320105	32.81935109110982	32.64776148817833	32.87235712003816	32.29988692033902	32.25531518452979	31.944063418007314	32.05076365229702	31.975093772285458	31.75557366686462	31.60184025411619	31.713787997891785	31.194157275774387	30.54678265785598	30.74192635997382	31.701253990946363	32.12106267931807	31.962318586068772	31.84772996838042	31.540823207885467	31.41481011479591	31.865093613202966	31.6078010603383
209049_HY55YBGXT_TCDM_1_C03_X11_57_2_i_ATACTG_S19_trim1	29.353832637821217	29.05878907679918	29.16523903653269	29.30712350830954	29.246504136466797	31.18749542426239	31.17124240427557	31.198403982722017	31.20755545793982	30.980086389926058	30.704224320960538	30.195146057544477	30.10293579324987	29.98535763965151	30.020305442433063	29.859322385230783	29.837700178410117	29.443060249514758	29.268524009760647	29.265670929375283	29.119295554320047	29.021339582187657	28.839328793222094	28.84388989836268	28.641651259846988	28.62544402225098	28.511835710411944	28.359435982939424	28.3669509507436	28.35878929515463	28.368548285114912	28.425126824763662	28.354412387504848	28.365525020937184	28.270423152566494	28.28034188583257	28.210359667866513	28.253813159979575	28.220586993551798	28.128665757910063	27.98054452083712	27.99477830353313	28.021673192068082	27.872573422329793	27.885546807282786	28.05504577753922	29.289356548048133	31.348884381338742
209050_HY55YBGXT_TCDM_1_D03_X9_27_3_i_TATGTC_S20_trim1	30.467132422991426	30.506192442045094	30.62162591298825	30.747062559542712	30.773102572245158	33.71848205779612	33.61495712924738	33.63528104160051	33.56510003175611	33.57645284217212	33.49825341378215	33.387662750079386	33.320419180692284	33.36956176563989	33.35261192133284	33.3320092910581	33.243532567152954	32.990418593628064	32.916590689148016	32.80240430194713	32.89380176824204	32.59927370272852	32.61849041590979	32.4174848082221	32.42000451253964	32.320526724963784	32.266340342466435	32.213158926941674	32.08598558152214	32.06520320120828	32.00761065958217	31.930889489425333	31.816356580523376	31.740551002125926	31.802837232643697	31.709635654966455	31.47879593764502	31.559520320477073	31.324021486699298	31.262427873042927	31.195364924023462	31.182553388301	31.0472523521361	30.67680091990259	30.686691292918486	30.745246128140863	31.25219632846796	32.16163492800743
209051_HY55YBGXT_TCDM_1_E03_C17_1_3_i_GAGTCC_S21_trim1	30.37983150041803	30.544665251784682	30.731558299569105	30.87677664158467	30.97800501639977	33.84011833558428	33.825455013184126	33.841854781657986	33.87259630844427	33.864943083156476	33.889735674319894	33.723101164062	33.72329410251463	33.63065148884173	33.53247205523094	33.62105778115256	33.560456287935864	33.40639029197952	33.18454660251585	33.171197475206675	32.99325629563361	32.990176197307264	32.162370162261816	31.46983296031258	31.790167512510124	32.0221062655871	31.66875686962089	31.724840249897298	31.81154924671014	31.248774081576222	31.250698476132644	30.954178346320077	31.1558918232991	30.912560652775085	30.8296526787429	30.38659682141521	30.327368392404193	30.055237293344774	29.566628775757295	29.62764493504123	30.69475287373777	30.930014638894157	30.911417496572817	30.54147646113526	30.523675485003363	30.46904449989323	31.23906921431911	31.579771761020364
209052_HY55YBGXT_TCDM_1_F03_X11_57_3_i_GGAGGT_S22_trim1	31.209452758677514	31.488549043274674	31.598321958777667	31.64061283495017	31.673850506451288	35.272602408452485	35.2750243434752	35.284684904477274	35.29566889449591	35.3081097478765	35.294281690924535	35.24167228439171	35.22973017799093	35.21358943739286	35.20229797300756	35.16197606943797	35.128378467693324	35.073181169377484	35.025516686631356	34.99590605505628	34.98156035809721	34.91736507878205	34.82141894279875	34.75708300712124	34.598397891751794	34.529701391065174	34.498398043209534	34.46217833066463	34.39665780389936	34.39439146876113	34.38395419488453	34.32511079624406	34.243254130545424	34.16458992218549	34.003857963236904	33.92641767907875	33.874848039467835	33.79329374836197	33.63270160194156	33.49872918107859	33.37992609903006	33.20534253556585	32.978940404935415	32.65369735891896	32.44779668835439	32.17869515366246	32.34124213515345	31.892592068904026
209053_HY55YBGXT_TCDM_1_G03_X9_27_1_o_CACACT_S23_trim1	31.207577664048852	31.43296141047129	31.548424853382677	31.587417100172573	31.622670455528258	35.181106046581355	35.17195973351417	35.18146042075169	35.191978104200196	35.204555947875505	35.18217138670294	35.12277534850859	35.1122938121125	35.092053236846574	35.078994333391776	35.048618527459574	35.009846262165425	34.9559118335692	34.899451152387826	34.871546181238706	34.83446880830732	34.76685769965453	34.66439906960527	34.55489612874426	34.37181213129666	34.30219664488674	34.24720022534289	34.19580470483325	34.14717687714993	34.125911535043926	34.11930499443156	34.05687551735549	33.98390850447128	33.91619467863454	33.72687815676329	33.644809405858005	33.666953979245754	33.537412817319826	33.321906819736995	33.205958820327155	33.174834337313484	33.10410760596306	32.86677445064534	32.588097784536934	32.370508238656825	32.14640849929701	32.32922011581698	31.97616858104591
209054_HY55YBGXT_TCDM_1_H03_A04_1_2_o_CCGCAA_S24_trim1	31.164777312767697	31.402744170266285	31.52750104951138	31.570793787732953	31.606363732808234	35.157987613139774	35.15302838740082	35.162447555067395	35.16989619728503	35.18484845195759	35.16464916559031	35.11251182122699	35.09886554735125	35.07922559190166	35.07268408948006	35.04180189564311	35.0143111203444	34.961968584082804	34.910579686565015	34.877070142339456	34.837708027701154	34.770047877966334	34.63957465568474	34.56592642549789	34.42102482264717	34.36218315400753	34.318606481600156	34.27253117404946	34.23395133221971	34.17706058403931	34.17355285045983	34.0987512210509	34.01919496656826	33.960404806971354	33.79852119766606	33.72291737453755	33.70507821230148	33.572655186020754	33.384310595142594	33.269089987770194	33.21681260964746	33.11592299922233	32.89347263156407	32.61478600416211	32.40773593292704	32.18457124547332	32.35350392058472	32.061393505449516
209055_HY55YBGXT_TCDM_1_A04_X4_67_2_o_TTTATG_S25_trim1	31.412941084930694	31.57994037066819	31.67246021550091	31.703476711896386	31.72653106511078	35.3878455748156	35.38933274780293	35.40030017927121	35.410578852987896	35.42771759275023	35.42749542953561	35.39977254163651	35.389168196843855	35.38283046033746	35.38314869582706	35.36597796305514	35.34805403725737	35.31742529392496	35.292858508256074	35.25847736581713	35.225173380637784	35.193014405212466	35.155903281993474	35.11620216457467	35.06161571978143	35.01666945085215	34.95470482282208	34.90829773746738	34.8814645478201	34.85499827321643	34.82776460881874	34.788728935131864	34.74750969767625	34.71824166640947	34.66174455592995	34.60957404393263	34.55750847551991	34.49179933244936	34.41409859324849	34.25594687824345	34.139284123986855	34.04795840273829	33.91045291923443	33.72911699787929	33.59175925638847	33.43759724046536	33.42037606679163	32.7978153737569
209056_HY55YBGXT_TCDM_1_B04_C64_1_2_o_AACGCC_S26_trim1	31.32594465965756	31.50311211540164	31.6088835080569	31.64711291230967	31.677342989256058	35.30127358082517	35.30188880511586	35.31458388072029	35.324127822273375	35.34431699920572	35.34581926763103	35.31409095519469	35.301521505527035	35.29126101218209	35.28911376159103	35.265582704026144	35.24761850504637	35.20637019565835	35.177265120526414	35.143345885846095	35.11171542565317	35.073673100902695	35.01598631325098	34.963965514859396	34.85562409428718	34.7929491858806	34.752843010892455	34.71200208781238	34.667047425069995	34.64383628690149	34.622839263339934	34.581160881467326	34.52070669460178	34.48379559643972	34.37913320902777	34.31619833314885	34.29723233707121	34.22288053021072	34.109059575540726	33.966770007973295	33.8661775703909	33.781003068795556	33.61325176123235	33.38841229180763	33.23752698941553	33.057306160573546	33.08891010753924	32.60275660461689
209057_HY55YBGXT_TCDM_1_C04_A04_1_1_i_CAAGCA_S27_trim1	31.375560071015144	31.5274818773827	31.622575460718235	31.654528141996078	31.67908467151932	35.31080172848182	35.31241061635073	35.32238495140338	35.330835069393714	35.34593277223482	35.34003190122309	35.30372423259955	35.293311647723826	35.28204943264145	35.28271622268321	35.263645885533215	35.24743339122301	35.20854154324071	35.18490680748246	35.1452345195746	35.11155082430617	35.079371755297956	35.04084237873061	34.99953267500292	34.9419112128744	34.88811569781181	34.82039013246082	34.770633450327104	34.741913169599684	34.71384730526633	34.68428322870412	34.64185639308401	34.5992364688449	34.575278349816514	34.52061447223734	34.471056029429114	34.41113969980243	34.35056554821056	34.26702209125722	34.11180241116458	33.98902453824935	33.8950440544365	33.7603745292334	33.56519806586106	33.435239797281206	33.28724766573474	33.2998890986519	32.82826095920504
209058_HY55YBGXT_TCDM_1_D04_X4_67_3_i_GCTCGA_S28_trim1	31.293963821009203	31.488678075336278	31.601878768644873	31.64698386348656	31.679662134121035	35.29221980811952	35.29847520933525	35.31206015184435	35.319981446671385	35.34413690403535	35.34899934086859	35.31694553621561	35.29978175426604	35.28649757097869	35.280445797333606	35.25363910076929	35.22773138529779	35.17751397195288	35.12607645979293	35.11014591719595	35.097809579221234	35.045724939196724	34.9497419403717	34.89398680836242	34.708050318038346	34.638617858730335	34.646234046787484	34.6167282664206	34.543740414312964	34.54621625112294	34.55029770421834	34.50230146297628	34.42152653417759	34.37189931238986	34.18152714055822	34.10854480836815	34.16981224805799	34.074456908622494	33.88785077790784	33.79631915668686	33.75705245155	33.67138302277391	33.45348112966032	33.19341283358667	33.03408348740208	32.83346986586359	32.93453083050559	32.39878738608926
209059_HY55YBGXT_TCDM_1_E04_A04_1_2_i_GCGAAT_S29_trim1	31.382709207097577	31.539098543750537	31.638686441259942	31.673964249906042	31.69861704372494	35.34183202375348	35.344428032209045	35.355284507418595	35.36579886451748	35.384874758550765	35.38624026555358	35.35527803027371	35.34516790944608	35.33615968362815	35.335023058044996	35.31531643066612	35.299224509302306	35.266212752585204	35.23966775908632	35.20217724929361	35.171386208636875	35.134808109784935	35.09904487230148	35.05950933455196	34.988194660561994	34.937837562647715	34.87693476064749	34.833920305030496	34.80444708181351	34.777718029094785	34.7532566840469	34.71404163781779	34.6709694839131	34.63975021010873	34.57730839100587	34.5255866992121	34.47143882741278	34.41196302627191	34.32660544223242	34.164927634617285	34.05224425748618	33.95010678839774	33.808721851520204	33.613972675822495	33.47829354247108	33.316841971558134	33.31691704136343	32.78338874507735
209060_HY55YBGXT_TCDM_1_F04_C17_1_1_i_TGGATT_S30_trim1	31.416528277301236	31.575628366433236	31.667572470078085	31.702154245707018	31.726406556450286	35.39485251776943	35.401318454621844	35.41100018053097	35.421669100312286	35.44135571319119	35.44544328145557	35.41977624077849	35.41244065000122	35.40535796788013	35.40624303518857	35.388335536233306	35.370217698589485	35.34347563634084	35.319814140263944	35.286031486693	35.25607414394767	35.220435879429324	35.187379299017145	35.15060750279614	35.09293325427582	35.042555114691496	34.97997811444356	34.936267039511904	34.9147487013079	34.88404331544273	34.86333263505736	34.82266537237841	34.78681128811875	34.75869683694708	34.70362645801036	34.65351645571374	34.601405255004714	34.54029005575215	34.4601620594979	34.30609731748163	34.19658126494841	34.10608199656474	33.974751857320385	33.797433232740005	33.66433874544353	33.51182096543283	33.50215142356113	32.885872593930586
209061_HY55YBGXT_TCDM_1_G04_X4_67_2_i_ACCTAC_S31_trim1	31.368764109510323	31.52700473642173	31.62878094503692	31.663516902478428	31.69125084194455	35.337504802700686	35.34165837338668	35.350831918597336	35.36196503297462	35.3820467478567	35.37817572064061	35.348013010861	35.33727360018518	35.33029923769112	35.33003392740908	35.313074997397024	35.29275082906346	35.26111707695692	35.23537788814053	35.194128543214646	35.16126879556133	35.12117468256476	35.08550467898456	35.042244245934285	34.97954343473956	34.92552017231726	34.85434231694482	34.802380803283356	34.77420331954792	34.740548047561866	34.70985868094541	34.66608962280483	34.61945371809814	34.58947738384581	34.52801547026222	34.469508062835345	34.40196549734752	34.334257633269075	34.25333487715384	34.092151319392116	33.96876017331482	33.87676829684315	33.72694347649451	33.5410895759435	33.409933127001594	33.25100269895639	33.272447099322385	32.82966067711814
209062_HY55YBGXT_TCDM_1_H04_X4_67_1_i_CGAAGG_S32_trim1	31.36183412507421	31.542115624586657	31.645263858370495	31.684812519930237	31.711381894579695	35.366504490519105	35.37027008737005	35.378498929022214	35.389396755998554	35.40374380816937	35.40136955962255	35.36963052548148	35.35803587083465	35.34823234834822	35.347878708556266	35.325787376895555	35.3067911696471	35.27535385894374	35.24954318417478	35.2086186628528	35.174448781636755	35.13732779953541	35.0965866703942	35.05065661444393	34.99462158276606	34.944112368603044	34.87036033816865	34.81723581407812	34.79654134544414	34.76609189552195	34.733298271923715	34.696488131800095	34.650501414538674	34.62085546541167	34.56654634989126	34.51275152873083	34.43933515734551	34.37335637117843	34.29363288529166	34.133126797323314	34.011720151986886	33.91769660889712	33.76806312998022	33.58200287284875	33.444272208557194	33.29375256879931	33.31205033529159	32.87090641357712
209063_HY55YBGXT_TCDM_1_A05_C64_1_2_i_AGATAG_S33_trim1	31.21460135347107	31.476826864959342	31.586906190912824	31.630379332857707	31.662771793440015	35.258825239437435	35.256619277817684	35.266806770020146	35.26977752637234	35.287867937852255	35.27089843395136	35.227053917180754	35.215705545549135	35.20262627168019	35.196643082867546	35.165922207385535	35.14567080820345	35.10052684083771	35.06015953862746	35.02323485747111	34.98054784157654	34.91761002212087	34.820420072942035	34.74291552633909	34.5962460616101	34.54185276445331	34.53081348585228	34.51418191457657	34.454641353916344	34.44416214983234	34.43451587630119	34.380373778995306	34.266269420018915	34.16853502979073	34.0110734927564	33.91614598514904	33.8756347291922	33.757072037165244	33.617009553172956	33.50837519686659	33.422435947352184	33.286601380478515	33.070086312763095	32.78917972333717	32.5216053748305	32.24187929168778	32.38586090622452	31.909626333231575
209064_HY55YBGXT_TCDM_1_B05_C64_1_1_o_TTGGTA_S34_trim1	31.347704395645586	31.549958269612798	31.65057815513908	31.68478408089886	31.711413578227265	35.3508267454972	35.35134671403627	35.362666557555904	35.368946499239385	35.38468973393649	35.37856688785987	35.34063143474133	35.33147158115086	35.31955785053189	35.320679738460186	35.297926024697134	35.2769714710026	35.24038961716359	35.2104945349078	35.168144366408896	35.13975794277938	35.09436710501259	35.03341923662524	34.9796919895647	34.90216839856849	34.84846636479332	34.796468494762884	34.75322744133493	34.71629072027818	34.68876663805398	34.662867452377895	34.6131196439053	34.563157296212914	34.515460096898124	34.43459006879067	34.3690055154906	34.30623407724665	34.25131052049221	34.13211242516172	33.966758824263465	33.866640152036425	33.736622622666566	33.57410580555059	33.33081887713969	33.19664097699154	33.00107499162611	33.04195023584501	32.51544466043481
209065_HY55YBGXT_TCDM_1_C05_X5_31_3_i_GTTACC_S35_trim1	31.239973231253835	31.500650821974173	31.61266578825148	31.652232736713234	31.679825654138632	35.29822048389365	35.29576731290524	35.30720962732952	35.31181951994967	35.330635013444294	35.31552608302306	35.274387742723164	35.26272445789189	35.247165702365265	35.247814713816744	35.220832202227356	35.20198122966735	35.15976849189351	35.11852643179401	35.06835985324223	35.04231702819044	34.972442610237216	34.9010551286398	34.85195369265617	34.734522525592794	34.66820508129575	34.62691355669905	34.592937630353525	34.51733941650238	34.51966306775809	34.504993508793106	34.43149608711426	34.37664488414213	34.269189949994654	34.17297690279819	34.09044952848171	33.97107023278598	33.96071730905001	33.8286497523566	33.64764959162064	33.56308874363388	33.34937943413986	33.18514603452267	32.85183174344976	32.72986082579264	32.47713608473768	32.59617410371429	32.141550404760885
209066_HY55YBGXT_TCDM_1_D05_X4_67_3_o_CGCAAC_S36_trim1	30.75977245464215	31.0945760880277	31.233383513835886	31.29435452355142	31.33022961827703	34.703409442316776	34.68509978897003	34.68966360939406	34.68391720556902	34.70909977537711	34.671726062031254	34.56475833500413	34.54456606325462	34.49606315267219	34.47623740575543	34.40086307958985	34.36332890603424	34.24356832305364	34.14384973613562	34.14249769665025	34.13438937405563	34.012206624054706	33.87966245539586	33.74313020555765	33.50409886702212	33.415687106396135	33.41550064551701	33.32854788427777	33.266527815366814	33.2202647123448	33.24094653344956	33.14277575130406	33.105361368386184	33.03338487953154	32.78669121094761	32.72976382639443	32.75457679694455	32.565118628955	32.27566760423926	32.27787308132108	32.40157953452339	32.32155636167769	32.06454459133154	31.771504492433213	31.542447795043763	31.36569485365233	31.720542605640762	31.507315544140994
209067_HY55YBGXT_TCDM_1_E05_X5_31_2_i_TGGCGA_S37_trim1	31.188211714917554	31.483189379319956	31.604424955602088	31.64320939705888	31.672902858441734	35.30260418579539	35.30465121793858	35.3083622499337	35.31702739758116	35.33382905336801	35.31789489559225	35.28060715751288	35.27114507423944	35.249992842544955	35.25762132197021	35.234201298432296	35.219463239949306	35.17596933466304	35.13988411647825	35.078601675657126	35.04921109277639	34.97240966452341	34.92460710826962	34.88939781024324	34.787719087158436	34.72246095860819	34.65763941165205	34.61193916703872	34.52181881447668	34.541348634989745	34.525212090299036	34.44378304591189	34.40924563441939	34.2786369065046	34.24371359536672	34.160254484660825	33.968253425442484	34.016108560696054	33.91022086153143	33.68611972800713	33.580144621183365	33.32044773315886	33.18976182667924	32.83615535564935	32.768880125186804	32.515664961943926	32.62160285627091	32.226823374310605
209068_HY55YBGXT_TCDM_1_F05_C17_1_1_o_ACCGTG_S38_trim1	30.386643054183835	30.720294247862956	30.98746722065184	31.056090998876137	31.15577427374587	34.374042161904434	34.3690358614583	34.39532745291694	34.384838061505974	34.34560501311174	34.26644075877806	34.211150086843986	34.207761468514796	34.18056738071723	34.2139806115188	34.17498452594927	34.10925810557227	34.034748063074275	33.90279519541856	33.89425347365858	33.87374440772075	33.81201096688504	33.6738321932994	33.57482474111886	33.36151530667161	33.44872718944145	33.33146160445714	33.23254731340775	33.24901298801131	33.137271058807976	33.118564557066655	33.030562214827626	32.998833561768095	32.92925498862934	32.86987829934703	32.809480226347816	32.6083227931976	32.542326837345755	32.426190443888046	32.24170607262887	32.12592222863323	31.97871175918953	31.817540612807825	31.47788163420274	31.37876652745504	31.228161111068815	31.632739728740646	31.821079287460705
209069_HY55YBGXT_TCDM_1_G05_A20_1_1_o_CAACAG_S39_trim1	30.9947448295237	31.237029396454137	31.36070768527368	31.411206072641438	31.44239556450391	34.891174178053326	34.88807698769662	34.90249014655536	34.89710965623804	34.89978337570338	34.860624368236515	34.771605966877004	34.74618669626602	34.71949701298094	34.69729705210194	34.643107920990666	34.6005039115205	34.50397995382849	34.427088313532614	34.41539905443934	34.38235536689497	34.34033795725841	34.21579610484996	34.11885236246259	33.9694937277588	33.90671949228809	33.87608474100339	33.830740948259844	33.7382366178266	33.75931893611357	33.74146860574214	33.67077972131038	33.601517392501435	33.55578083633098	33.35178966609409	33.24411620066667	33.22628865084782	33.05186321513318	32.835956341594	32.78412932723577	32.794292137773	32.67521680206234	32.37936842221711	32.096844952944934	31.873683630571307	31.658652609538528	31.95190794586861	31.712562120935516
209070_HY55YBGXT_TCDM_1_H05_C17_1_3_o_GATTGT_S40_trim1	31.25073961097639	31.528191829242356	31.59303947209539	31.54881251499578	31.64997875107466	35.258024319193	35.275521418952934	35.27625086687533	35.26108385080468	35.232052921223605	35.23439265529056	35.21050977999431	35.21973855679326	35.21325742346255	35.16606247185072	35.04252910091841	35.03353167901072	35.08715091305747	35.0933384929988	35.05061739307718	35.012990633927195	34.92782767979559	34.879155013224754	34.83226787703943	34.797417040732896	34.75711778779566	34.663767469815284	34.56973877550719	34.54059064508295	34.472367371089895	34.44497859759983	34.400850093465024	34.32164944194611	34.26427884068055	34.25287006631058	34.19708412680119	34.0092955899038	33.93286935237174	33.83907055374537	33.626155294189374	33.47944779051352	33.30757462370626	33.16135620938941	32.86553394984776	32.658891093607096	32.53279972221523	32.593736538184224	32.31687608361416
209071_HY55YBGXT_TCDM_1_A06_A20_1_1_i_CTCTCG_S41_trim1	31.25460443941371	31.516301763213757	31.626299431591992	31.664451161328124	31.691963417749584	35.31274546041753	35.31367356033361	35.32212022334853	35.32879726027839	35.34624979402051	35.330959182826	35.286965045776235	35.27232366431748	35.25785601729362	35.25596929101775	35.22703593858125	35.20485325426293	35.156164184502046	35.119915097771326	35.08007154076066	35.050119291673866	34.99099334051442	34.90201452641995	34.84198369394231	34.74592144641518	34.69192855471448	34.638990040536854	34.59666324658009	34.55177151548622	34.54356655315571	34.51826114031934	34.45645219346126	34.3784063705866	34.306173291044686	34.21445738274015	34.1400415489934	34.06230805113141	33.98654538585023	33.8671172430078	33.70076228759104	33.56889500715874	33.41529276972119	33.223955338080884	32.942744280454406	32.77508842327822	32.53705180818552	32.635387764361724	32.22309395450116
209072_HY55YBGXT_TCDM_1_B06_A20_1_2_o_TGACAC_S42_trim1	31.182538418275623	31.420578931798012	31.535401380359623	31.584144719945645	31.611639754097027	35.17564474757884	35.166496532846125	35.18757903907985	35.19977665872348	35.20232785329047	35.18827962197783	35.13244592832923	35.11892760426657	35.09838963462408	35.07788733250794	35.04506127475659	34.99763202372672	34.929760407859035	34.863142478160356	34.866949825071856	34.823303109561834	34.75384607213567	34.598962560880175	34.48602433007423	34.393473669328486	34.34513007958681	34.28521056344311	34.243319076231344	34.17925407371142	34.13293894236119	34.12188351971025	34.01492410871924	33.96824736328935	33.91090614832717	33.722461255745245	33.62307515246763	33.60944378898906	33.40456700488269	33.14621427530366	33.120242219685466	33.18658064290024	33.093205899316715	32.80681334956216	32.53139227236829	32.3410449191856	32.12279668692108	32.32282809298354	31.981921669458345
209073_HY55YBGXT_TCDM_1_C06_X5_31_1_o_AAGACA_S43_trim1	29.072952622722024	28.68019045102893	28.759156409917697	28.74499319407511	28.70665602223843	30.550136980007238	30.51742259337327	30.424971139432436	30.305255782164455	30.152826038262507	29.774347693739124	29.091765118055513	29.035560239614504	28.9904630900622	28.968269681238223	28.818995149317956	28.771368644141372	28.348555555463413	28.21111025769673	28.051724877133964	28.01009637843468	27.916823877722962	27.82789901632242	27.760241484846794	27.70048961642289	27.6781191288213	27.50695946023282	27.394946800800973	27.424880209917564	27.466477040290844	27.53997787204352	27.527279412259226	27.530612751558998	27.61739379211207	27.649389039045623	27.73371064111768	27.70061435289145	27.748903116038022	27.700809948062734	27.652419503310227	27.6689232479495	27.75897689135237	27.725194395514315	27.67186529164503	27.820664703762795	28.024015394758813	29.213514313950448	31.279020773887304
209074_HY55YBGXT_TCDM_1_D06_X4_67_1_o_ACAGAT_S44_trim1	30.38688116340399	30.49629094497207	30.62770837371299	30.666073452798383	30.674983407631903	33.66027640242219	33.66550960595328	33.62989915364239	33.57508854157489	33.57901491257437	33.41619238924227	33.19314397476785	33.15759519320565	33.10677262288631	33.07495178356433	32.98288881134466	32.925963336382885	32.735780940453125	32.62341160367478	32.58641818531029	32.548086840416026	32.509510786129326	32.40272985411464	32.289504251479286	32.16479665342767	32.08261349612584	31.948879589920345	31.832541644003594	31.821937085460096	31.806442295207574	31.782815420451545	31.75214468130051	31.697960465186867	31.710212575109537	31.637540494414427	31.575808401170953	31.577023677645528	31.439579277060545	31.359498411938347	31.317547689800087	31.281742196616886	31.26934299811174	31.044300861342638	30.79701054109608	30.65615252301185	30.576540949165597	31.13521960339699	31.425815752604112
209075_HY55YBGXT_TCDM_1_E06_A27_1_2_o_TAGGCT_S45_trim1	31.031831703387915	31.392470055340432	31.507908405189415	31.570960034638166	31.605580671342352	35.16913451914127	35.168228247284254	35.183200138833136	35.19728153501768	35.21301858646132	35.19424718959313	35.149524338745834	35.13156543125043	35.11280542851584	35.09372061910403	35.04572058832919	35.02517605172886	34.970372477548025	34.908435374310685	34.88696816923511	34.870998358373086	34.81178215409477	34.68829087817391	34.5338009677621	34.29316469501089	34.22036080207413	34.209064292009344	34.143941320354145	34.07148646076074	34.04324235927346	34.034075886773444	33.942779217617726	33.857107220359055	33.77733260421886	33.56117977482259	33.479481770101536	33.48396869339002	33.279734411811084	33.01902141328305	32.92609295087436	32.94046821394683	32.84408855383806	32.5515764982179	32.25976778217772	31.908963926269198	31.625461956491424	31.87713313212888	31.606798138102995
209076_HY55YBGXT_TCDM_1_F06_X5_31_3_o_CTCCAT_S46_trim1	30.71233834042895	31.011229817656037	31.142509438509116	31.204554582697405	31.23903124748976	34.543850911719815	34.50164671861194	34.51874046108121	34.53029962245964	34.53180175114467	34.46057514659812	34.35321712587356	34.34920073901518	34.286529038476985	34.25034373625674	34.22998951786523	34.17821063225193	34.06343524330897	33.89857845901294	33.9045363748742	33.911677889572914	33.78909617257072	33.603342497700524	33.40438365768384	33.31561100370594	33.2788486451374	33.10060232999278	33.008592877902686	33.006030316256684	32.83040841667889	32.752906002088096	32.61762824923851	32.61121043768553	32.55138841629815	32.421195665825195	32.22641497483609	32.12041779814812	31.73738986700284	31.334403066752042	31.424679359185397	31.85469244972731	31.86928412310213	31.62434067575454	31.419947744894884	31.146425558146614	30.994432576687736	31.447936739698733	31.511483044680542
209077_HY55YBGXT_TCDM_1_G06_X5_31_2_o_GCATGG_S47_trim1	30.954151870409106	31.294583353602178	31.421650775891425	31.510562095636523	31.56238750790485	35.047337889769906	35.01803521914676	35.053716495597605	35.07422046018388	35.09406771416063	35.080045726516516	35.03692781047818	35.02685520747191	34.96241547891229	34.93610819663071	34.923206991238274	34.877275636148326	34.80207305247041	34.70298098327225	34.70783762362921	34.71339315559403	34.65465782419231	34.38804356219366	33.99525108873709	33.85222273523043	33.881414361389716	33.786925698552665	33.631700612078824	33.687971481414465	33.41245921432281	33.434689688286895	33.24102932017916	33.24681767643807	33.203907621204785	32.998775856232456	32.92305046487452	32.94400591884745	32.57434481587994	32.14156779214554	32.15666805705703	32.538356509085546	32.57985484308249	32.34891904516139	32.083795159000644	31.794244116299154	31.563553372929746	31.833757541161948	31.6471998065041
209078_HY55YBGXT_TCDM_1_H06_C64_1_3_i_AATAGC_S48_trim1	31.294621446897064	31.49841671821387	31.60131037264296	31.63156567165685	31.66028115152188	35.24734444579834	35.2445407176354	35.24451626990194	35.2450291548923	35.24647428758141	35.228931227879	35.17415666314567	35.16865346540801	35.158246750844484	35.15900815194465	35.12889127652916	35.103926634160175	35.060481054868234	35.0304591597214	34.98323518418219	34.94171383979362	34.88489864686592	34.790003793985775	34.71925831921108	34.65679333407526	34.609663355470126	34.527168732661615	34.46276059425171	34.457912637239374	34.39174905803385	34.37080994090722	34.31754812811029	34.26580165145974	34.2379994848214	34.17637071002394	34.11267893126677	34.03830883515256	33.938188229453985	33.809919003588206	33.632167397911914	33.52886487875584	33.4306827999206	33.264007602478145	33.00728830948722	32.81791801436948	32.64420752172279	32.73305515253888	32.37108927511598
209079_HY55YBGXT_TCDM_1_A07_A20_1_2_i_GTGCCA_S49_trim1	31.337602533386637	31.529056136630416	31.63566518738657	31.66928669535152	31.696742426164477	35.311988383940665	35.3099930747413	35.31623691680817	35.32124237910034	35.336195188108675	35.327318306537805	35.284315272364736	35.273161822713675	35.26448325605157	35.26155427276583	35.23569090322752	35.20957787863253	35.17197285509066	35.14499503566114	35.09872565368022	35.05865569120961	35.0067729654112	34.9318162134167	34.88365689328465	34.83303909660164	34.78577838102871	34.70449751331461	34.651887258263784	34.634977657119194	34.5902302774049	34.563800285156404	34.51643672990217	34.465254776956534	34.438700089126385	34.37757204770096	34.319038595912446	34.250022520447736	34.16833851985983	34.05331155715179	33.87848815112776	33.75409761093827	33.659412949902915	33.489455828783875	33.24742126427161	33.091846401298326	32.92874719162743	32.96508858794188	32.537270327304284
209080_HY55YBGXT_TCDM_1_B07_A20_1_3_i_TCGAGG_S50_trim1	31.35829379946928	31.555914079042793	31.657201674310226	31.688027767560968	31.713629364569762	35.34502579831391	35.34763756156927	35.34830127332636	35.34951163642837	35.3554274125008	35.34812512857597	35.30941241907074	35.30518418312958	35.30065533050865	35.30142057231702	35.27027090391608	35.248702429789844	35.21422653922678	35.18376639568966	35.139089598231095	35.098010758791794	35.04737037642323	34.98453822629538	34.93788187969375	34.888512668641035	34.832138349537594	34.74907017856624	34.69416517252799	34.68151926770984	34.645555734629625	34.618501383727306	34.580755628714286	34.53634173382558	34.50781721206816	34.46237650243128	34.40093116820811	34.32495913863775	34.256284014647235	34.16064924194487	33.97035399926668	33.83478057901985	33.74304985790093	33.587232099003494	33.35635349849661	33.20217728092166	33.0565461155686	33.094352981921645	32.642397275952845
209081_HY55YBGXT_TCDM_1_C07_A20_1_3_o_CACTAA_S51_trim1	31.305489326404118	31.468537432421037	31.570620228270656	31.60547176757725	31.63053747288461	35.2163548731947	35.215553871706554	35.21992570947481	35.22808724123067	35.23989411244708	35.22379064502919	35.17391375618159	35.163498669354	35.1520912651408	35.15041034870471	35.1277302295044	35.10648937319793	35.05912256226675	35.02565745409228	34.98281316904142	34.94750584642986	34.90653909469926	34.84515987888267	34.79369702861319	34.73123155808717	34.67878012594615	34.59997346422202	34.546692476780564	34.523647439181154	34.48035957757314	34.45455543819369	34.41100771067662	34.367536370822165	34.341467609174515	34.28514183853402	34.228239733762365	34.169824141908435	34.09456729308542	33.987898784878766	33.81958279293197	33.71169531692007	33.629291247422444	33.470822399328796	33.25458215123861	33.112067821064414	32.96283306341468	33.00003726438682	32.57890524488867
209082_HY55YBGXT_TCDM_1_D07_A27_1_3_o_GGTATA_S52_trim1	31.362256279491174	31.54458735919739	31.642057758253245	31.670701142913444	31.69638952015199	35.317342415668364	35.319245754235055	35.32289808129336	35.32295832199916	35.33091377654071	35.32245772173399	35.284312168943856	35.27966814599991	35.27462004178831	35.272368674714784	35.24670252542907	35.22410949896762	35.18845893951356	35.16164991692138	35.11724916771266	35.07932624732261	35.03375361237494	34.972561991028705	34.92918465776127	34.89863356035346	34.850952228854496	34.76446002726007	34.70653143905037	34.691338152674376	34.64511183772241	34.61083402218917	34.56967085378015	34.52270971809929	34.505789274963135	34.46238664416583	34.4052686697237	34.32692154522075	34.24793816001112	34.15257918538836	33.97369088930908	33.85428679013587	33.75453113325102	33.59532672631198	33.36422127118988	33.216691666205875	33.07682681445907	33.107669232624204	32.64811016560959
209083_HY55YBGXT_TCDM_1_E07_A27_1_1_o_CGCCTG_S53_trim1	31.248796414491807	31.494602249920487	31.61215820530938	31.646698014635454	31.67677340419208	35.284310460101814	35.28331048522758	35.29211783249203	35.294450851855416	35.30704077605527	35.29247212112335	35.24966739000276	35.24142713435728	35.22684017132096	35.230133313647826	35.204584722618506	35.1831423630216	35.14052438673089	35.10698369526059	35.0580514192077	35.023119980509584	34.96086274614662	34.894669698061215	34.83797692022729	34.742272571152554	34.68015492608225	34.62468213043486	34.587521010882135	34.549982654450886	34.53215738420343	34.49624913675598	34.434302065260596	34.36606414019067	34.28431758482193	34.208340431913584	34.12689722885317	34.00792121344042	33.96732299966876	33.86347306917392	33.68120368744593	33.562774652605924	33.384874546446625	33.21458744972102	32.90437639998997	32.74715783889913	32.53656719579588	32.62946944571948	32.28744750414378
209084_HY55YBGXT_TCDM_1_F07_X5_31_1_i_AATGAA_S54_trim1	31.26077364437453	31.461247029586648	31.566174096027837	31.59111442732514	31.61780951620315	35.1796962625747	35.18272541863585	35.17636413303285	35.16208545877767	35.145023161411075	35.133478627492515	35.08665244109235	35.09392438337518	35.08469085419423	35.085938457124996	35.04897099168374	35.028177043034745	34.989045386022504	34.95938108332923	34.91042101377154	34.86735603332845	34.80790013590037	34.732083786414876	34.686926210195054	34.6281238955283	34.58082382427437	34.4921121338224	34.41987556877018	34.39921138754147	34.3335270053931	34.3033807392287	34.267339704719845	34.208904643011294	34.174557404344924	34.14716873951462	34.096120914491195	33.99695811022704	33.92220657127254	33.81371946730058	33.613200622701235	33.494259242548154	33.37009507653844	33.20486959762818	32.91578019107012	32.75265706210131	32.62366241624177	32.691154651711315	32.34097917406264
209085_HY55YBGXT_TCDM_1_G07_X11_57_1_i_ACAACG_S55_trim1	31.32353218590431	31.499799115645203	31.59860393704358	31.626097927537035	31.651259109522325	35.23633098961008	35.23707251584726	35.23704136537032	35.232750278507	35.23518066769526	35.219599706229275	35.16936572268165	35.164688659676116	35.15728643703888	35.15929627285948	35.125461755798014	35.10442188382453	35.060612077377264	35.03141098003209	34.977276768686494	34.937877899866905	34.8862823880107	34.82185624312845	34.77073317625988	34.73319913336441	34.68616884899715	34.59751776898287	34.53138211291519	34.51912832205984	34.46827269308065	34.43375789817745	34.39595734647834	34.34952486781857	34.321323278526805	34.28499291706392	34.22224069714127	34.13244303207911	34.062166681195514	33.949045713606196	33.756466948223746	33.62557819690612	33.530240000676784	33.36857157865618	33.112682968435024	32.97279764610792	32.84021785499786	32.9064432354745	32.52836253971631
209086_HY55YBGXT_TCDM_1_H07_X2_45_2_i_ATATCC_S56_trim1	31.327279228225972	31.518291342320502	31.61840505939896	31.652001186278074	31.678173606789258	35.286073878548365	35.28293999891515	35.28852282381684	35.29263596059477	35.30307005620378	35.29051407629989	35.24655117573445	35.239760327536004	35.228147015031006	35.22571446748417	35.203640971549575	35.18329102342157	35.144492867611135	35.11794919565267	35.072438103798845	35.03329163204531	34.988912997182275	34.9092478898421	34.84831427052437	34.80558971595046	34.76136422995916	34.683564154576885	34.63001374814414	34.60854983854943	34.55900602571893	34.52654525240676	34.47863029396671	34.43226458513968	34.405051596086	34.338831926264234	34.271599602673646	34.203758780376276	34.11996030926025	33.994674438842694	33.83018177992855	33.73651097018983	33.64558267836707	33.47598011393046	33.23388990691089	33.07847476668913	32.92298153797308	32.955377710438356	32.50475530506411
209087_HY55YBGXT_TCDM_1_A08_X2_45_2_o_AGTACT_S57_trim1	31.28954636847498	31.52277976934391	31.626286085319002	31.656543824194262	31.684555074757846	35.29791090339188	35.298486181250055	35.300343495890026	35.301896334827134	35.31079476255522	35.29188404526753	35.25238304611425	35.24721062212779	35.23893489797943	35.23842130128995	35.209928320207425	35.187572024965945	35.14650479902508	35.1159706304766	35.070230321224926	35.02929201991692	34.97192525885138	34.900919109350276	34.85235855028465	34.78187695456453	34.72785879107363	34.658992646467865	34.61199958722156	34.582706168769164	34.55009746243225	34.5282426687356	34.47169370277477	34.40566684248518	34.35076197337081	34.29030178393563	34.223062280476356	34.122412424520704	34.04851946347234	33.948370802509245	33.77480353944769	33.66479762615343	33.52838928798246	33.362961044929875	33.10739230040975	32.92750713120272	32.72467191852464	32.786258595937504	32.38321803864048
209088_HY55YBGXT_TCDM_1_B08_X2_45_1_i_ATAAGA_S58_trim1	31.3174756909162	31.480972740748452	31.578446860412498	31.605896536868986	31.630048187121577	35.213142944603	35.21195772221717	35.21420816476392	35.21911604609812	35.221304082554624	35.20282589823145	35.147675810967755	35.13977052565291	35.13467024609582	35.13583657984279	35.107601353296474	35.08415640575703	35.0425556398891	35.017891270847855	34.97690043487718	34.9400624043539	34.895179587244925	34.828544830028605	34.78059534522565	34.72687722541902	34.674585969383216	34.584589397813716	34.52548842292545	34.51690593399774	34.4805408596969	34.45289860880831	34.420174131473445	34.386992247319725	34.371194811457016	34.33266359029388	34.277774953031496	34.222982593831865	34.16885598761388	34.075270748285135	33.8943049875775	33.78859474119189	33.71990885564398	33.577181203604475	33.36829574575746	33.23153758570284	33.107700415272014	33.14114926459912	32.651027745139174
209089_HY55YBGXT_TCDM_1_C08_X2_45_3_o_GGTGAG_S59_trim1	31.366439542265606	31.550366215431232	31.65010227837956	31.680936199710846	31.70689616262686	35.32747709547404	35.329392083819094	35.33130381094421	35.333316896784865	35.33896154669486	35.33309461203419	35.29961962435182	35.29525956897369	35.2916109161119	35.29304640872349	35.2624893314378	35.23953128032413	35.20476288671574	35.18005040917013	35.1374951671322	35.096585303623186	35.04921621815795	34.98810215864936	34.9474359418309	34.91342149097435	34.870252198747366	34.79052542149714	34.7366404692786	34.72998981900476	34.68625293876731	34.654011489373914	34.61263584957847	34.56540534287302	34.551840680622135	34.507894560280064	34.449272883076496	34.36989787760398	34.2965854277719	34.19458978070368	34.02075218052002	33.89843718744825	33.79895848304066	33.6433431142071	33.417186277902246	33.26870224089137	33.1348944066428	33.16152910455736	32.704723111968526
209090_HY55YBGXT_TCDM_1_D08_X2_45_3_i_TTCCGC_S60_trim1	31.354428798229964	31.5431207750143	31.643011706555303	31.672913422128	31.70320566324629	35.33677614608088	35.33613278860511	35.34034507956707	35.3446924661517	35.355430206342035	35.35185914722541	35.31729025577947	35.310334897797325	35.305883886729404	35.30236147444418	35.27195786763758	35.24688121222934	35.21836417125352	35.19797582243649	35.15817711899122	35.118942720750276	35.07138500597743	35.017646918088346	34.97426639906076	34.92403079417191	34.86900378854929	34.784631555504504	34.72252463604876	34.71635718926315	34.6772187080705	34.65004439268996	34.60801409214527	34.5647025322397	34.55311547799223	34.50682681459864	34.45998467002133	34.387832743752256	34.321682570511214	34.23217217395362	34.05769221701229	33.93701438396671	33.84393299939791	33.69324461175276	33.48211284313832	33.34350685244356	33.20888211595326	33.23029339156449	32.810900780902514
209091_HY55YBGXT_TCDM_1_E08_X2_45_1_o_GAAGTG_S61_trim1	30.78759910802775	30.908572844400396	31.073525768087215	31.208498513379585	31.316402378592667	34.54366947472745	34.45447224975223	34.551660059464815	34.57042864222002	34.582724231912785	34.64581268582755	34.659873637264624	34.67650520317146	34.64060951437067	34.63860484663204	34.69118567326835	34.680999230015026	34.4961122362315	34.51683763730575	34.45346878037181	34.34472638942978	34.31565429623612	34.00969716409831	33.24535204989016	33.28046255181674	33.50687439644174	33.33118353748816	33.14021159076053	33.40936851833404	32.85004626414295	32.97123416595424	32.63468024857061	32.847460883011614	32.69529167272551	32.70117740809451	32.55497289050085	32.63581685356985	32.259505753071345	31.820207178746195	31.905294549427843	32.61593392334494	32.96355316837413	32.979408959670124	32.820963431422186	32.60063472760357	32.50662329060403	32.623787493099506	32.37505795085767
209092_HY55YBGXT_TCDM_1_F08_X11_68_1_o_CAATGC_S62_trim1	30.2694011037678	30.363323567486542	30.49928459494447	30.54994208625741	30.583906792941338	33.48647543775976	33.34594944470941	33.34686925120938	33.323022416025076	33.32883082373782	33.210022484158884	32.982336308509915	33.00243578387954	32.878159705661915	32.82884857330568	32.75867684991587	32.709577513562124	32.48267827986729	32.350602330180266	32.23964221389439	32.17158212864197	32.14959463554033	31.705198618239884	31.29689780193176	31.10643876322839	31.198548728558062	31.027294761046157	30.84442553365974	31.0526504777893	30.681197969737116	30.791007686531472	30.562247504371285	30.64134690463745	30.550947250459622	30.46545351431692	30.499054187585948	30.585068960453036	30.327271139526573	29.92058163634588	29.94770013557927	30.446851743180908	30.68459359050763	30.74065564282392	30.519376920650878	30.563608371817153	30.563174355451714	31.205691717350394	31.837193225025924
209093_HY55YBGXT_TCDM_1_G08_X11_68_1_i_ACGTCT_S63_trim1	31.349746975459126	31.54386717835216	31.64555305689476	31.67237379137085	31.69919260266219	35.319747068659616	35.31837465443699	35.32135751397897	35.324438012131154	35.33389904552341	35.322098753761495	35.27910884352836	35.27295406059008	35.26181734153438	35.26169709935009	35.23430149599126	35.210972178670886	35.17412976090888	35.145408405267034	35.094302671030825	35.058202351276776	35.00621419050027	34.94048342622716	34.88502522826482	34.83342883848387	34.77969296774983	34.69996885799259	34.639030487485655	34.63091376917992	34.57919037019049	34.55305249910746	34.508582559552124	34.463731991354294	34.444975459153085	34.393535327169616	34.333324926596184	34.256672707405954	34.18881883359647	34.07429492477202	33.89227682700455	33.768521726887144	33.663502864760815	33.50412845575566	33.2540234252037	33.10381302251023	32.957267929956686	32.99242410828744	32.54382880007296
209094_HY55YBGXT_TCDM_1_H08_X11_68_3_i_CAGGAC_S64_trim1	31.32222428044441	31.52460198464374	31.627359901262917	31.659860806255157	31.688273938028043	35.29601968448739	35.29041590466603	35.296866451833516	35.29600025048273	35.30410770078605	35.294801974433184	35.25106443591028	35.24577615018846	35.23655679718966	35.237320912147695	35.20880596452649	35.18961909238635	35.14879484377952	35.115618922402945	35.07015199039648	35.02869993203523	34.973975555249964	34.89955121543552	34.839616717966145	34.765918325775765	34.712487353747974	34.630198411794055	34.56972709124623	34.55241770721595	34.50539329580894	34.477018041644456	34.43153774952797	34.37887843142383	34.34753603794845	34.28344967739219	34.22042651709499	34.158823207044975	34.0825829437544	33.95901941467847	33.76905332853995	33.65711428338019	33.56470439417414	33.4015097520857	33.137441704133494	32.973609229297466	32.81231982747644	32.872525490610414	32.458949821011835
209095_HY55YBGXT_TCDM_1_A09_X11_68_3_o_AAGCTC_S65_trim1	31.24747131710583	31.4813374778233	31.592751952187626	31.632062726908405	31.662721673538712	35.256600441928384	35.25562781236652	35.266630051921965	35.26894351138188	35.288486063155375	35.27503850266956	35.22723767485667	35.214577653978786	35.20416268736096	35.19724354388177	35.164406014044715	35.137404272670324	35.088051876419335	35.05160348397751	35.01165141403703	34.97392411423273	34.92122100038608	34.80839930565918	34.7239283719307	34.565213908054595	34.514083723672115	34.48775920041584	34.45437868167839	34.409192578483115	34.38418388713707	34.3769120783909	34.316307227644394	34.229788476974946	34.16123253457023	34.00212079563149	33.921313031048875	33.90040283348735	33.79811599141084	33.632799525063724	33.51559398613567	33.44786979712757	33.33038005682468	33.10001612831856	32.833598043782956	32.62966848826129	32.392166408586135	32.541397792122524	32.08397570933797
209096_HY55YBGXT_TCDM_1_B09_X11_68_2_o_GACGAT_S66_trim1	31.374181474527322	31.56143692342086	31.658687660571328	31.690568268629296	31.71418023709985	35.35942315813358	35.35934868094991	35.36754387239936	35.37508754928003	35.38916611666317	35.381236226062306	35.34572546629599	35.333489148005455	35.32280720326855	35.321212766680844	35.30015568698152	35.280695270340416	35.24505420528554	35.21676537302848	35.176396440980376	35.14440897583893	35.10323526328813	35.05062840437337	35.00525224652047	34.93864492459632	34.884608390321205	34.81398906309872	34.764718361612275	34.7385026730377	34.70903618980411	34.67910356721576	34.63618530204777	34.587479288208094	34.56209084140495	34.50071950962689	34.440877622857265	34.374465964323946	34.30666047947172	34.21742066027056	34.04801948290381	33.92538502714501	33.834116247031055	33.680865346786575	33.47015438831261	33.33858418786927	33.18423737449706	33.201261056035015	32.6882584262514
209097_HY55YBGXT_TCDM_1_C09_A20_2_3_o_TCGTTC_S67_trim1	31.086546802302657	31.41428850978571	31.542148212402925	31.595505962551147	31.63773011241665	35.21501984596378	35.207478671795364	35.226758025275494	35.245174320286694	35.27052575010149	35.253484361263716	35.21531775447082	35.19850490818868	35.18623151579938	35.15604761605431	35.115150513190315	35.09946950335421	35.05490709173281	34.984917431048004	34.99645352247694	34.97203258586232	34.887620699841165	34.71026949142144	34.54124608107915	34.180421978992726	34.098570329698504	34.20566999806836	34.23831155574247	34.11136507094834	34.1230011813752	34.170499852724404	34.11384809490742	33.999571321369274	33.88602682479051	33.45247948023634	33.30345745326926	33.48816468727476	33.287908588452524	32.97167762218101	33.05973327881133	33.224220814979574	33.12490690242171	32.847003988240715	32.57956496778135	32.325110746341366	32.05840373776873	32.36780004671357	31.581673680123878
209098_HY55YBGXT_TCDM_1_D09_A03_2_1_o_CCAATT_S68_trim1	31.24187221234812	31.484054510556092	31.597097221158947	31.632025744850928	31.659301437802473	35.25435220263725	35.25598277423391	35.26280742192161	35.259113841374806	35.2670429630304	35.24840518897237	35.199282512633445	35.19318080088502	35.18646429702032	35.18342078247157	35.15564753517725	35.13279292914735	35.088140200832925	35.054380981309215	35.013350444569014	34.96858128524493	34.91192372894676	34.841700485627335	34.79764080915859	34.70838126771571	34.65198399744887	34.5798757755226	34.53295539655697	34.50304671658223	34.45867689274532	34.43513983310555	34.38746948462398	34.31352922462459	34.26815878516106	34.18561449218042	34.12171499965063	34.051810187335946	33.96073921496582	33.85384373229682	33.67577071866479	33.52812286595022	33.403020279809525	33.2149123972232	32.94894101506043	32.74675178013979	32.53966589984579	32.629015554245136	32.28555353096187
209099_HY55YBGXT_TCDM_1_E09_C17_2_3_o_AGTTGA_S69_trim1	31.330918856747196	31.534045357551083	31.636103246765586	31.671076782063796	31.697975371432346	35.315134169579444	35.314307011459405	35.323064951175006	35.326878420307544	35.34146882712116	35.332531422856654	35.28857786155308	35.27976187259533	35.27164055700078	35.26998608426481	35.24120201909937	35.214126050236985	35.17658787639368	35.15070599968601	35.11221571454681	35.079166191863536	35.02471407122415	34.93960847511367	34.88233047551236	34.786958704681986	34.73307094056338	34.67155330242637	34.62861176229457	34.60944897713216	34.57622509042518	34.56224267954736	34.51105228766515	34.46163180897881	34.42087804601365	34.32776114964025	34.266124825982835	34.22605765844648	34.15375862314009	34.01809682965171	33.86036230987821	33.76741049449231	33.67830453607893	33.49874098908534	33.24631614762872	33.082680631972615	32.90353964420078	32.96039603686104	32.47615024293102
209100_HY55YBGXT_TCDM_1_F09_A03_2_1_i_AACCGA_S70_trim1	31.31069567462325	31.49560762431314	31.599950027650905	31.628722611242118	31.656243948120117	35.24542195834853	35.246465148439334	35.24924325113736	35.246938293838795	35.24771431873915	35.234569306872444	35.19054546687809	35.1850121712432	35.17751008963877	35.17991617282742	35.153161573269564	35.12797647954979	35.08638417392604	35.0604026101808	35.01006749102819	34.9630294109774	34.91960188346041	34.852790184886295	34.80279603105028	34.73879004897289	34.68259965631438	34.593587396910976	34.52968662110084	34.50897928106818	34.46481413822865	34.429072413134975	34.38966782079234	34.342007885185	34.31209321799744	34.26295989734446	34.200772573717394	34.135588717270366	34.06337561305368	33.960573677889656	33.76670781509431	33.64638922149881	33.55626221497553	33.40292130680318	33.164307227650156	33.00720169384846	32.86538083705601	32.91465143984951	32.56492626236946
209101_HY55YBGXT_TCDM_1_G09_C14_2_1_i_CAGATG_S71_trim1	31.37044993802384	31.542901311553017	31.641831872799973	31.67128279837004	31.698175934669237	35.307577540195425	35.30508179071656	35.31057342584368	35.31337078415752	35.31722520508128	35.30662530892635	35.26551130015042	35.260283572753906	35.253106761891914	35.25314569172305	35.22807153047783	35.20345107545619	35.16683246900974	35.13725986748264	35.093800410765965	35.05907275392254	35.01036993868122	34.941459555487796	34.8725037142493	34.83648030655645	34.79522494520006	34.708670299095644	34.65495410638013	34.6499101193232	34.58133374559054	34.552454451308414	34.50648267508371	34.46553497157396	34.4474152458218	34.39888925740887	34.342808700169705	34.264846298466374	34.180555015997186	34.06167783507874	33.88542974606197	33.77288370543011	33.69249078115733	33.53703738516394	33.30544389580662	33.14936219801603	33.01217139012594	33.04698030387122	32.5854328003086
209102_HY55YBGXT_TCDM_1_H09_A20_2_2_i_GTAGAA_S72_trim1	31.317879891131692	31.519923142667814	31.621276180728934	31.655323466820196	31.682228923273044	35.286442129433894	35.28413058132833	35.290395831768215	35.289573154442	35.297828141965404	35.28611358067779	35.23945393023818	35.22978612410839	35.22033881032504	35.216462682396326	35.189063479510416	35.16344596226011	35.124041032169096	35.090559134925684	35.04933477205792	35.01099198260038	34.94860517917474	34.8571737507482	34.80257321365457	34.723890364043484	34.675852355266954	34.607362418347016	34.555757222790824	34.539714608214595	34.48536769513296	34.4661436012437	34.41021528632318	34.362535435288706	34.326673144644374	34.246695950803456	34.1883948680003	34.13066813857464	34.047651518202706	33.91198074288668	33.745514051159745	33.648472930319826	33.54438743893739	33.366490320435844	33.10198009949835	32.93848398193178	32.76047456151576	32.83154563124863	32.37190340881797
209103_HY55YBGXT_TCDM_1_A10_A20_2_1_o_GACATC_S73_trim1	31.326234218602725	31.52797179989779	31.631892754111135	31.66223877260663	31.6875107095109	35.306111376906294	35.30597427007862	35.313363362195595	35.32013177308356	35.332886408561286	35.32355530422788	35.27972916321182	35.26783749792709	35.25774227077507	35.25661573288583	35.23198217478371	35.21126254303479	35.1717853027807	35.14486511224343	35.10001203048463	35.065100455743426	35.015476564401354	34.95252503137033	34.90013234345848	34.83999936337392	34.7827253974282	34.708561742806175	34.657154870482444	34.62401650502491	34.595405486158626	34.573323320287955	34.51883789482914	34.47191991049435	34.42639179278052	34.362330896638476	34.29491031546553	34.22489174819877	34.16673681144075	34.0597375754062	33.88577167717283	33.7760710321222	33.649341273474704	33.48382572910139	33.23619279752565	33.11107625256314	32.94064193262176	32.98560871766915	32.53444680776042
209104_HY55YBGXT_TCDM_1_B10_C14_2_2_o_CGATCT_S74_trim1	31.291840447878332	31.502630124514926	31.611980917655476	31.6432084889411	31.675300677956418	35.266197300597256	35.25629477525153	35.265601770766125	35.275121180232674	35.28378084592893	35.26581973876485	35.21775513137248	35.20498388419654	35.195060389490564	35.191263415597184	35.1630469480315	35.13094871684075	35.08890743797667	35.05691088256758	35.0191281524874	34.97159781704356	34.917000097142235	34.82607840417718	34.74680296454542	34.68499476786254	34.63839883360632	34.56099310863971	34.515082324677586	34.50279317111427	34.44579899723391	34.40969845815357	34.34805127186995	34.294137443449294	34.25116967006916	34.153961236899505	34.066764617703555	34.00612661542199	33.87131608493449	33.69376008729188	33.55478896427488	33.49204030471544	33.3914967857781	33.19040051380907	32.919893565412394	32.723319072363346	32.529028772887564	32.62489730810011	32.28241804852855
209105_HY55YBGXT_TCDM_1_C10_A04_2_3_o_CGTCGC_S75_trim1	31.253594299604128	31.465721321472923	31.577124136409488	31.624047774342632	31.660905061163067	35.23868191833428	35.227040366564125	35.241872783519256	35.249427966122106	35.257147412769044	35.247476788671655	35.199991714540886	35.19592100103761	35.177778254138154	35.172612596787836	35.14727817549833	35.11075409553453	35.07102189108362	35.02188528219461	34.990123293774026	34.953951257901494	34.88654424500328	34.734569735230835	34.61659878112201	34.51249055834252	34.46240144943606	34.36776037577419	34.302826132274234	34.294963223324054	34.23322965873763	34.210620621059746	34.14241357550685	34.100104371719326	34.04363317115883	33.9264954875826	33.84295541534816	33.81899350484207	33.692275328127785	33.49492647596565	33.32330837020344	33.315177946993515	33.28484012926662	33.096368035567025	32.829534370177036	32.640163348700455	32.44438062272881	32.55772685187428	32.28574193805153
209106_HY55YBGXT_TCDM_1_D10_A04_2_1_o_ATGGCG_S76_trim1	31.131940931486344	31.348524326609244	31.47900656239822	31.547395483240592	31.593955941153236	35.11566659967985	35.110050101519676	35.13870775499456	35.15341944604212	35.17949579715468	35.161953335597026	35.14066711940516	35.13592895701525	35.10106058611155	35.08536446347135	35.073282891941176	35.04113875409175	34.98486080483313	34.93301726601128	34.90289567601583	34.882217755952496	34.819501522252736	34.61825674897845	34.389404546871525	34.23472371017283	34.19159249886049	34.163994524381394	34.099119918521396	34.078473185530584	33.961265444209275	33.97094168821179	33.87836856474429	33.83086666499253	33.80241251313391	33.58943393636641	33.48885730931988	33.55649257237269	33.379270061788105	33.068636529899784	33.03154696297449	33.236331307301995	33.22266957901224	33.034931163014804	32.7785531744173	32.63927741724502	32.42923159028595	32.644605981822764	32.20102020924037
209107_HY55YBGXT_TCDM_1_E10_A04_2_1_i_ATTGGT_S77_trim1	31.287791950304	31.50873889424406	31.605027386102954	31.649756775538567	31.682150587449968	35.28101952520792	35.27487103997449	35.29022668569621	35.29932425195713	35.315831882455214	35.302719804922276	35.26299625636082	35.25630789501869	35.23319160807112	35.22340805998351	35.20386602110209	35.173253666809266	35.13383575385281	35.0995492079779	35.06465427156655	35.02712492154075	34.969078393600206	34.82877607954569	34.63008114613456	34.48659447089723	34.481925703871546	34.41984097453694	34.34135465895382	34.363803874795934	34.22072473250776	34.239783206090934	34.12713555937844	34.102795695189656	34.048258686771476	33.90143126998967	33.84043695246255	33.84454292652987	33.64062695136187	33.38901989788003	33.28804867950805	33.42213808423716	33.38481691024597	33.20025961127001	32.940293450266665	32.750082229590745	32.55530218211348	32.68439170290857	32.2336850836367
209108_HY55YBGXT_TCDM_1_F10_A04_2_3_i_GCCACA_S78_trim1	31.20590725599108	31.425335311637884	31.542027156423515	31.582710869658552	31.618460137529443	35.16903470786226	35.16727590059619	35.17785919756852	35.17431112966049	35.18625459421625	35.16793988403754	35.115735558859384	35.10369474334793	35.088022237953695	35.07617594213171	35.05114730912159	35.01891396792925	34.96923992467026	34.92304501942358	34.88132831967029	34.83394871817884	34.75187850024241	34.62186916333536	34.532593709752305	34.45515578495434	34.40131691812702	34.318869616279684	34.2723573534317	34.24888052321061	34.15524492243709	34.12841994948529	34.050213513940605	33.99581491666798	33.942751556134276	33.8072916695786	33.72316875898358	33.68485614458781	33.513771996903884	33.28640356575259	33.18698864545851	33.18760168389748	33.11461672711125	32.89755000456691	32.617513379521725	32.405048507047354	32.206225507590005	32.38176630260022	32.118134226726475
209109_HY55YBGXT_TCDM_1_G10_A20_2_1_i_CATCTA_S79_trim1	31.331197987127144	31.518599751928722	31.61923901020648	31.65207776327033	31.678676785862237	35.28838392023982	35.28492909527763	35.29228641649487	35.29802404755324	35.30685818511246	35.29220953677436	35.24514206344263	35.235270843400016	35.22530233309163	35.22555840762605	35.199243170576736	35.17761974215527	35.13634880105273	35.10535516657004	35.05979056236013	35.02383617951965	34.97587629276383	34.90127757987342	34.843668989085714	34.78485344498053	34.73241349158792	34.656595884390626	34.598845083627424	34.58312547301028	34.52916184080639	34.50484314284218	34.457414338814075	34.41622050136557	34.39133124835829	34.330851687401406	34.2772085813407	34.21187429941744	34.1375817927138	34.01878991792033	33.83982093244649	33.73094161451664	33.641990462851275	33.473300870185255	33.23362502700324	33.09222232765387	32.93590693925296	32.977662884417	32.521376184560005
209110_HY55YBGXT_TCDM_1_H10_A04_2_2_o_AACAAG_S80_trim1	31.15550024329079	31.36590740172729	31.474695813599883	31.51267105092385	31.54330017027925	35.06058572561174	35.05595809662509	35.06250045571451	35.05994116300288	35.067120185649586	35.03515722029215	34.95612866752965	34.9458657336226	34.928624656026685	34.919952733922244	34.88052477322906	34.8608082167435	34.801894595201645	34.756281781780814	34.71266535757914	34.67426499635903	34.612602235333085	34.50909605883777	34.427100879293434	34.28763855589088	34.223416540057386	34.19813634977491	34.16872553905973	34.115591264371844	34.09080755915559	34.082318796699454	34.0232680250262	33.93264646307023	33.85813043538682	33.69583574382307	33.59962327544031	33.58464210908955	33.467959790314055	33.29391977523734	33.18246296895627	33.12257278853215	33.02428647360071	32.79972406014147	32.519504949469535	32.2895654845631	32.06190235207078	32.2648677053062	31.89755185974051
209111_HY55YBGXT_TCDM_1_A11_A04_2_2_i_GCAGCC_S81_trim1	31.334238927826537	31.526703474930436	31.630860056070826	31.664269875494227	31.692372833933902	35.31636987837599	35.317509012362756	35.322482260019875	35.33053777156971	35.34594954845558	35.338590767296935	35.30016622726173	35.28583427193847	35.27630265864511	35.27654842108629	35.25377385885824	35.2332878975696	35.19656661758627	35.168715741358035	35.12324892415435	35.086295269684555	35.04035371699648	34.979858528160506	34.92598730343266	34.857832518541095	34.801148144530686	34.730435894360525	34.67585955108791	34.64585709146034	34.61594594769497	34.58726596037535	34.536375600810516	34.48775875581211	34.445376869195364	34.38326745247663	34.3203187476565	34.25054418097103	34.19429678177262	34.09210486557395	33.90712461735052	33.788156289071736	33.68335959965064	33.531352654218	33.29226505786126	33.16137660765899	32.98612284561067	33.03178628769727	32.62004880562431
209112_HY55YBGXT_TCDM_1_B11_A20_2_2_o_ACTCTT_S82_trim1	31.35724491826312	31.55784226007177	31.65571752080815	31.682366708041577	31.7036970760978	35.3346512392846	35.334729747838644	35.342046609716384	35.34531243020522	35.35753133912582	35.348310780171985	35.3060481365724	35.2954565881536	35.2879549604547	35.2866022051569	35.26057119197108	35.238906679526735	35.201999118341114	35.178870800800595	35.1316272136564	35.09712725179426	35.04787477295899	34.993765061608826	34.94266824920335	34.88584682337547	34.835122552131736	34.75733126299819	34.70070146717671	34.685426329427	34.647374465588605	34.622882587336036	34.576902421877456	34.537575254516895	34.511938310687654	34.46255696119444	34.40693929045875	34.33718937023319	34.275536987723854	34.180286285299864	34.00319012409116	33.88990003793732	33.78497283741973	33.62807806879266	33.39607129723149	33.27215265710403	33.12154565251092	33.14027907579434	32.64186408255352
209113_HY55YBGXT_TCDM_1_C11_C17_2_1_i_TGCTAT_S83_trim1	31.36231424528726	31.54622637888335	31.646649156724372	31.67761491883827	31.70333409553854	35.332497040030205	35.33047960204358	35.337112755739255	35.343702604806225	35.35571455425922	35.3492655272519	35.3054806108446	35.297895493464445	35.2876123664897	35.28892319111611	35.2671062298777	35.244436989515215	35.20822794470368	35.18299009415938	35.14321071191627	35.10660630806521	35.06379732664472	35.00356410861755	34.960905031685996	34.90390670901991	34.855482183133276	34.78278689961387	34.7353500413631	34.71766038405295	34.67314381366466	34.64701526600638	34.6007894486575	34.557276581559414	34.531697029656144	34.47814490255739	34.41791124773647	34.350085841893716	34.27725996194201	34.16238488171324	33.99803009685373	33.88828966155562	33.799792048188685	33.637977746488275	33.409880077262706	33.27130178300577	33.11216023616443	33.132519004940875	32.611619727505534
209114_HY55YBGXT_TCDM_1_D11_A03_2_3_i_AAGTGG_S84_trim1	31.416265965167838	31.584281458673992	31.673761752465506	31.705609385501866	31.730315662807442	35.38327659239915	35.385067472058985	35.39236128527139	35.401559942152474	35.41738303408352	35.412887521372625	35.382216272194114	35.37036844785686	35.36016995218178	35.36073002438376	35.34394940123377	35.32732967930173	35.29831007980876	35.27320150005474	35.23349537731734	35.20133568060493	35.16688676874411	35.110093171348964	35.05398303863611	34.9928256229009	34.94670517543803	34.884637216477515	34.83801364043427	34.81715040468585	34.78731588062798	34.76287384129452	34.72404536077677	34.68575212313739	34.661974190518265	34.60265476917412	34.5549833259616	34.50639195855963	34.43851603997382	34.35379916310661	34.19298481570466	34.0817295842521	34.005060848276244	33.86545249605463	33.670844919507346	33.54327188148588	33.39637695903221	33.40383254048845	32.82226093176617
209115_HY55YBGXT_TCDM_1_E11_C14_2_3_i_CTCATA_S85_trim1	31.250042455346744	31.484562284122703	31.590638032476463	31.624831994549684	31.65286028809522	35.24104242278512	35.23394298710309	35.24291621894435	35.246489481343446	35.25810897122805	35.23852428220407	35.18323552322771	35.170041804114284	35.15752762102278	35.15334962786834	35.12527982997625	35.09616003497571	35.04967384668778	35.01043750340473	34.982597833319964	34.94891135091473	34.8857517138501	34.77790208102952	34.717284736516845	34.63982013257857	34.59427280198906	34.52195288370524	34.47757623530483	34.45140724891975	34.41077782902396	34.387176772500524	34.32651875234261	34.248872414269414	34.20747770385601	34.09802864809218	34.030096713847485	33.979008174298485	33.85656741533289	33.707409289390455	33.57584652738505	33.46019005370809	33.345590359389625	33.140963670935804	32.87583315233113	32.656466665433555	32.42386456353955	32.527298391065465	32.14011478950622
209116_HY55YBGXT_TCDM_1_F11_C14_2_1_i_CCGACC_S86_trim1	31.27166873139772	31.475617916248904	31.588926996856305	31.62988941901056	31.65797858192572	35.239835617962946	35.231386921389685	35.23872986644008	35.240990012435084	35.25300725305288	35.23649336091842	35.1867817260503	35.178381964284014	35.16177769354981	35.15876171619152	35.13419525893609	35.103439770139325	35.06189502293064	35.01743389481295	34.97923918937409	34.93388033090158	34.85442992957325	34.762317025897964	34.66379333456818	34.58699255664989	34.531507985157035	34.42327052012065	34.3545188295343	34.33718410538445	34.289337174846345	34.25268344704894	34.19309047830711	34.15400139313062	34.10742069476305	34.01240599430663	33.93424106549678	33.86610104130165	33.78126677312613	33.624000608420374	33.436089218527556	33.35629417712143	33.30477684457853	33.1342743226525	32.88142492786166	32.70014832311174	32.52165608038281	32.61050941666488	32.369471511242985
209117_HY55YBGXT_TCDM_1_G11_A20_2_3_o_GGCCAA_S87_trim1	31.246377090065824	31.46687687483066	31.583084970579147	31.62176287446962	31.64964091412133	35.23880575325364	35.236241015587034	35.24499186692041	35.25232229535948	35.26486906823681	35.25239019212281	35.204891683268144	35.191716401113084	35.17771497439299	35.17291593182344	35.145548158656716	35.121024598219805	35.073376952103786	35.043220087139666	34.99510420572075	34.960267585700045	34.89966882120831	34.81518102199037	34.76069102516972	34.67932437855656	34.61674676978607	34.55222596927057	34.49788125924563	34.45566468341552	34.42613722498753	34.398612764025074	34.333850290914654	34.283094360439584	34.229146841937094	34.144531980036874	34.07302340898802	33.99197005119214	33.92281145744147	33.78072358808264	33.61215204281117	33.51415734975241	33.36524491752212	33.18569056199807	32.89875454264475	32.76212698860462	32.56191572857105	32.662026330689514	32.31296103218809
209118_HY55YBGXT_TCDM_1_H11_C14_2_2_i_AGACCA_S88_trim1	31.334314763794612	31.51099398101211	31.609384771747063	31.63933586354448	31.659691877067416	35.262507899057894	35.262671470801436	35.26890867998105	35.26483722601419	35.270037036059904	35.25560647804407	35.20849919784517	35.20141052361802	35.189995175764246	35.19103113209226	35.1675155536599	35.15137190370908	35.10988633539425	35.08119452573402	35.034270595360546	34.992918625042904	34.948360846283435	34.88068760290214	34.83335811037813	34.79314955670772	34.74387357337606	34.655889858613975	34.59726196616762	34.573846726934434	34.52663847878132	34.4927364285613	34.45492009987295	34.402657373606374	34.37587750605233	34.32408067448789	34.26902377205316	34.19040971522484	34.119619585566284	34.01630109536443	33.83850267574374	33.720091654843515	33.62733098014104	33.480343218145016	33.260825324018654	33.130674059292254	32.98655352084687	33.03966609063373	32.61320041353226
209119_HY55YBGXT_TCDM_1_A12_C14_2_3_o_CGCGGA_S89_trim1	31.358082725776764	31.529631982466608	31.63152820827036	31.667829839413365	31.6943962222609	35.314740090411064	35.314785825439316	35.323636133145875	35.32977828302459	35.34623522774692	35.33738575744228	35.30060358642497	35.28943335330644	35.27738082063585	35.27794817260848	35.25845476095705	35.234768656384375	35.19996515157864	35.17022047210351	35.131766740750315	35.09657221167837	35.054520082071605	34.983528881491466	34.927513449899095	34.88825654922357	34.834958715378946	34.73621339526114	34.68007856952809	34.663580438701864	34.639523319229454	34.604684920093675	34.562217305446964	34.527790070066814	34.4960736200118	34.43674580337624	34.377646960185146	34.30215952653844	34.243388165551984	34.15283114543104	33.976130228780946	33.84918082179654	33.77977287929353	33.64571824805509	33.44545583031765	33.312789572255454	33.16261110689838	33.190579771449364	32.77712457842332
209120_HY55YBGXT_TCDM_1_B12_C17_2_2_i_CCTGCT_S90_trim1	31.29117807109572	31.509901877526023	31.6194673733259	31.658350869557513	31.688197702272827	35.299976059894426	35.29559783876629	35.30449301161008	35.313715617693944	35.32897082532061	35.315624870167056	35.26879850304611	35.256037613276064	35.24427260574975	35.235361199911594	35.205650078756484	35.17663262722188	35.130208661321475	35.08325984508005	35.05749059289374	35.03909460018701	34.978181348068475	34.87854381930798	34.79733698097809	34.67848280955283	34.62148102948593	34.56798703980827	34.52063057178603	34.495506657465526	34.461801250785385	34.45989271228575	34.405928328661396	34.32581145712152	34.285360266259644	34.15197120665762	34.08710187110712	34.06740188070972	33.9740227134497	33.82004749056176	33.682386290417675	33.59071895649927	33.49027943773378	33.28877667595826	33.031105107972785	32.854039336735205	32.6443981433753	32.7405197379122	32.29978996105334
209121_HY55YBGXT_TCDM_1_C12_A03_2_3_o_GCGCTG_S91_trim1	31.36897110981994	31.54159588639082	31.644686288933904	31.679901126211607	31.70602694180842	35.341455033377876	35.34174258979881	35.35116098660893	35.358926910824565	35.37643189474865	35.372691126809315	35.34030322365216	35.32995964072238	35.31858563848402	35.31855582566455	35.29852909235508	35.27845102424031	35.24439561216897	35.21607100479772	35.17774986283836	35.141835442166084	35.10312858014983	35.04342896841263	34.98799580060977	34.940533166174355	34.89840738434253	34.831702504415304	34.783366551354604	34.759668697308015	34.72615272651669	34.69772146577948	34.65572036934903	34.60949964170632	34.57708522784321	34.515118282377756	34.4571011150728	34.39398875431188	34.32056707655744	34.2214770669882	34.06667064489074	33.958459978353034	33.86716962012426	33.719218451968416	33.515139050532774	33.38267294013703	33.231212285846595	33.2522739546628	32.793734722514486
209122_HY55YBGXT_TCDM_1_D12_C17_2_3_i_GAACCT_S92_trim1	31.307677013693866	31.51165807238576	31.618894163194184	31.65156799498326	31.680222710741884	35.283316802490695	35.28140063055688	35.2900787581057	35.29420506729948	35.30450339315314	35.29293807925416	35.244313678826686	35.23411576811433	35.217334766257395	35.21222463758814	35.18421327188089	35.15954698207792	35.11989253997689	35.078903789440545	35.04389203685736	34.984648478840455	34.94590353690563	34.854464424481804	34.77753865933585	34.68942556252822	34.634923933297856	34.58210842333422	34.54257708248339	34.51081233740195	34.470326374934885	34.45013007057126	34.400971195484374	34.323432948397794	34.286961882469534	34.1648492352473	34.086614313292024	34.06083081809657	33.959678563057224	33.79031611001241	33.66411819120083	33.60950297192841	33.52390598048612	33.33671851634923	33.07777611722766	32.92321444593506	32.73035213947822	32.831587117408105	32.34864602304113
209123_HY55YBGXT_TCDM_1_E12_A03_2_2_o_TTCGAG_S93_trim1	31.34056831857586	31.544861793861752	31.646333356823718	31.683240979732076	31.709386420962584	35.335661503437116	35.33426588558727	35.34628932439029	35.351420234596716	35.3682314580996	35.35915913944284	35.32223201255832	35.30946589765887	35.29919789697374	35.29545228438645	35.2723289527248	35.25285084384321	35.21593171895162	35.18871612251178	35.149294456730736	35.1159501296767	35.06815835390603	34.99446511494875	34.93853555115531	34.85649181721486	34.81137280515636	34.75616788004981	34.71623197030716	34.69016544637924	34.65519676146168	34.63510712368471	34.58879129106238	34.5262136164531	34.48706320182576	34.3920141526669	34.324205813846696	34.28502268733979	34.19407770073995	34.07358247334005	33.926188347015724	33.82060219378383	33.7221318178664	33.53527052585278	33.30617556226625	33.139952196307114	32.946396312203845	32.98974002060043	32.48960674261262
209124_HY55YBGXT_TCDM_1_F12_C17_2_2_o_AGAATC_S94_trim1	31.34751677485853	31.52376453081591	31.620878777329537	31.64952170321982	31.67266329463	35.280437682168476	35.278405586386256	35.28134622079332	35.28226977658551	35.28753302070321	35.274199414330475	35.22853275448979	35.22071283763029	35.21217748926614	35.21324384909147	35.18775545002836	35.16869378999178	35.129367899107926	35.10304164553201	35.05888002780777	35.01558834902963	34.97314699501223	34.90548837217008	34.84804539053392	34.792253046093094	34.74195172235427	34.65600176158283	34.59464806255883	34.58293906581159	34.53611568012625	34.50654246288537	34.46878289657107	34.42648822103406	34.40318999731903	34.35351389938833	34.2982739702487	34.23476667939338	34.16482986154432	34.06177174924073	33.87636034529355	33.76488812314517	33.6867569068463	33.53960364477817	33.31768585080846	33.177396510669006	33.04372677297401	33.08306601126504	32.63478503163965
209125_HY55YBGXT_TCDM_1_G12_X8_415_3_i_AGGCAT_S95_trim1	31.07732202887675	31.358961594979384	31.523080127418424	31.57772899688266	31.616086441031673	35.18537088558185	35.1803073710002	35.18584800184251	35.19136998054771	35.20282583931914	35.19614141347517	35.14949620307365	35.13862268294503	35.133330814844285	35.131088040476904	35.103177367463175	35.078163869487824	35.03718809452205	35.00552369035415	34.95310141533518	34.907038501270186	34.853204193329795	34.7846741229624	34.73218080829291	34.673526955910404	34.61431239158865	34.52519736143151	34.46457999181294	34.44394641608338	34.39124660268285	34.358362482265875	34.309044358909254	34.25288149660651	34.231814886644095	34.16849193752561	34.102100912617175	34.02550628309468	33.93776232384819	33.82620540257929	33.63599656382944	33.50373894047239	33.40484438007577	33.22887384430295	32.980374077312774	32.81950258245893	32.66202946872832	32.729253489796875	32.496990255831875
209126_HY55YBGXT_TCDM_1_H12_X8_415_3_o_ACACGC_S96_trim1	31.268160784435768	31.477648200858454	31.58885037356934	31.630098964156016	31.660594957951005	35.25034436366335	35.24269810187036	35.25211022988698	35.250076844446255	35.26156730352599	35.249179368343434	35.204736646182795	35.19908026055295	35.176691774771555	35.17343088181431	35.156363387753785	35.13154032486264	35.09294698611693	35.050488557721856	34.996097637421585	34.9465160481696	34.906990695750856	34.766993093859696	34.64605746158319	34.569645641476214	34.52884599406228	34.44307668573564	34.36838775065932	34.37479441181195	34.274748204535086	34.261742852286076	34.20053729287227	34.148346814438376	34.12533156122285	34.04411335293126	33.98616133933126	33.92920159623637	33.80718050773147	33.65466137674365	33.50971741446152	33.48602003428209	33.440549779071254	33.284249941126134	33.048403353537694	32.891037071569045	32.74039123320257	32.82503216040745	32.50667266739155
209127_HY5CNBGXT_TCDM_2_A01_X4_46_1_o_CAGCGT_S1_trim1	31.37223267671859	31.533260191437716	31.610339061537914	31.64555098136001	31.66749497488716	35.25061466671416	35.23725351503463	35.25445787301604	35.26043243958415	35.284740958613426	35.26915104853114	35.216493463536764	35.19469154712411	35.17875733412039	35.1762531850523	35.14984942879818	35.12862142674478	35.0794084536882	35.05110262792081	35.02969113882867	34.99726775104605	34.948300539829475	34.8867015405863	34.81836123315815	34.75774135736067	34.71754897534599	34.665225847154986	34.60965235974406	34.553463644040946	34.51018525631119	34.48778892045452	34.44828805197696	34.40021690056717	34.37014705831053	34.33511499131009	34.29856609627443	34.25630707287469	34.21017266767747	34.162494526298545	34.11217912909521	34.08763404930695	34.05083967687581	34.008603585350976	33.931920527802866	33.90059065770399	33.850923991252586	34.00908941343171	34.02738280946095
209128_HY5CNBGXT_TCDM_2_B01_X8_415_2_i_GATCAC_S2_trim1	31.385717147167135	31.53743092629829	31.612132095577216	31.646079050825648	31.664945450539133	35.24416998148354	35.232257791601945	35.24567958389019	35.250708750753496	35.27397468495889	35.26304490467359	35.212084695576934	35.19114882731958	35.17973163044795	35.179078449036304	35.151775323950545	35.133805081815964	35.08872833743517	35.06485744364494	35.04989341753618	35.020526902888925	34.976923183198	34.93020581270139	34.88407227778773	34.85614636389574	34.8191238061534	34.7643904867347	34.71153148937832	34.660704014542254	34.603498521392254	34.57673497513456	34.536488600292344	34.49667685529599	34.480411236912865	34.4528001190871	34.42372464556152	34.38723508439642	34.333977305487906	34.28372142822075	34.23876080927398	34.216137664797024	34.17872351890045	34.13211122628403	34.06495750186886	34.030803066691135	33.99442074418592	34.13170628298265	34.11619287437524
209129_HY5CNBGXT_TCDM_2_C01_X8_415_2_o_ACCAGT_S3_trim1	31.358304674032517	31.51787321609804	31.59852922443073	31.630576731260376	31.651620274991664	35.21681150585821	35.20094551776144	35.212379139598305	35.2182804016705	35.23178167226874	35.20579957057623	35.13785147469453	35.12153140780203	35.1134571802269	35.110997164282026	35.07432847519254	35.05640822711287	35.0041013493135	34.97517490071627	34.95017466418675	34.916358687996066	34.86281754072568	34.79734568475749	34.74831496016181	34.69778287327644	34.653021276532456	34.600950467869644	34.55577595130458	34.50220279166699	34.45054481285152	34.43055693905316	34.397531885214505	34.34186512783534	34.318484507625236	34.27992216172497	34.239090790157256	34.1961963862541	34.14936665296578	34.097441725486135	34.04971648247583	34.00829633587426	33.96757519324282	33.91199803667838	33.8263856286452	33.77642694054548	33.74077428471208	33.913473068662384	33.94568260668297
209130_HY5CNBGXT_TCDM_2_D01_X4_46_3_o_TGCACG_S4_trim1	31.29569312677891	31.52430417212135	31.606408679084765	31.634280694108536	31.662062953137266	35.23206942971432	35.21468202633673	35.22294513500615	35.223215750173196	35.23840396327447	35.21322749086358	35.14931372869306	35.12960487828043	35.11259502263434	35.106146102861686	35.065502368678715	35.04004604413316	34.99089074473459	34.959500151784276	34.925748130614565	34.8842555703632	34.81870010131871	34.75049760361601	34.699364953501174	34.659925692137556	34.61463684875537	34.5538657480394	34.49368106665651	34.43108740280202	34.37691880411149	34.353620330794584	34.326473501037285	34.277134933040784	34.252831334830894	34.2200066840469	34.187031438308864	34.12666141060217	34.07250582610882	34.02414881396819	33.97503230060465	33.946435605575914	33.89302392299524	33.83964198576952	33.753650199947906	33.71198261275302	33.67925570775543	33.85130815644865	33.92900304462631
209131_HY5CNBGXT_TCDM_2_E01_X4_46_1_i_ACATTA_S5_trim1	31.24704968397269	31.453891706941896	31.540572920114887	31.568506860757818	31.595338826071583	35.1364737916375	35.12247392968375	35.132253238804516	35.1334742438094	35.143728051702546	35.11230562594819	35.03605479309262	35.010694569852106	34.99405788363828	34.98720545569152	34.943103341634625	34.91579201557454	34.85986451044734	34.827962775265405	34.800213193712565	34.760250826885915	34.703501025809054	34.63873891729651	34.58021172140466	34.54250536767255	34.50414182882671	34.434216319245394	34.3715515221635	34.31279574236635	34.254175628266935	34.2270195143563	34.19424063332713	34.14655525241073	34.133348525230474	34.10687986016468	34.07107775796682	34.017865977794784	33.96293355272299	33.915325873550856	33.86360210001173	33.8428262675206	33.805401599519996	33.755124431950506	33.67636191222971	33.647441508276444	33.62311167057467	33.82597269498622	33.93628989323131
209132_HY5CNBGXT_TCDM_2_F01_C14_3_2_o_GTGTAG_S6_trim1	31.27574778103155	31.49021908922098	31.585193925904946	31.626514456845648	31.648374597418105	35.20013856532029	35.19146233045465	35.20595560107543	35.215959467065055	35.24783120990433	35.23656214024968	35.18219631190176	35.15863988510769	35.146777378523794	35.146222652316695	35.11363258579305	35.09351712894626	35.04429192548942	35.022866350054755	35.00695363946846	34.98043986950448	34.93475388638207	34.88737198932742	34.84289536116891	34.80232834025624	34.7650022490879	34.714969565174584	34.67121757059176	34.61700612054078	34.574147097976365	34.55029774965093	34.51247310681102	34.46657339958361	34.443730073941396	34.41030506819844	34.38305405347321	34.3398598856918	34.29770819904637	34.248910414917496	34.207632012459044	34.1782906958032	34.129730867235764	34.07869228615312	33.99838797794557	33.96658606161816	33.9225762969491	34.06797212831603	34.06343343885767
209133_HY5CNBGXT_TCDM_2_G01_A03_3_1_o_CTAGTC_S7_trim1	31.407699809059967	31.55158956194482	31.6238450341755	31.65374391897501	31.6714250767911	35.26394930403741	35.25253075794892	35.26452467000581	35.274700390181806	35.29901076459031	35.286512660154415	35.234800232448734	35.211418546088495	35.201284777374994	35.19954916774415	35.16959223641179	35.15220984930065	35.10664891759842	35.08456617275904	35.065144066001665	35.0366418904577	34.98968489908763	34.94046294068061	34.89072601363065	34.83524717545139	34.793241612742136	34.74961274986994	34.70339075501292	34.64393671970892	34.602701949057035	34.580387786383355	34.542552352083575	34.50346614654637	34.47661435588398	34.44479909932636	34.4126597059484	34.37741060487008	34.34172613918115	34.29361779710714	34.25149989252771	34.22318371501001	34.17844397877085	34.13798675839438	34.06122183709865	34.031491666386685	33.99900641531066	34.13848685822678	34.09409874071526
209134_HY5CNBGXT_TCDM_2_H01_A03_3_3_o_TGTGCA_S8_trim1	31.368056819002643	31.541707519967957	31.61602574088847	31.64675800053672	31.66634159424424	35.2506402454435	35.239072854757204	35.254755101035286	35.26717190022105	35.28367963698191	35.263195769126085	35.20409570523309	35.18608272795504	35.17071021999313	35.17014534044869	35.140458796521045	35.128441170167434	35.081626339904766	35.06231452324958	35.038030131859855	35.0094201629707	34.94625532506102	34.89174185703607	34.835822149168095	34.747619713948524	34.69417521769016	34.67089119429547	34.64690417569565	34.56387123302088	34.54168372678793	34.511168713416374	34.4652808206429	34.42251610335478	34.35033073527487	34.30148273126139	34.24434868195239	34.18014644055604	34.18251804129426	34.11879452841846	34.07763563576988	34.096868377879886	33.983381426977715	33.9208033069769	33.75988301617663	33.81011207732027	33.74235898082604	33.91884619734613	33.88350590458092
209135_HY5CNBGXT_TCDM_2_A02_X4_32_2_i_TCAGGA_S9_trim1	31.376688953535457	31.5412990384118	31.616768846987632	31.64402461523671	31.660224844892067	35.249066513493425	35.234639294265214	35.24785275026486	35.26255950600934	35.28265104072055	35.263079478762805	35.21300769622375	35.18844723473944	35.16989271545255	35.17356465228368	35.1439842474589	35.12943627943784	35.083316581597586	35.06083052591268	35.03803247132249	35.00877657939627	34.950546430011855	34.90339847761089	34.8567812308365	34.81092547277346	34.7655665010499	34.71385786289203	34.65961434808202	34.58967697732279	34.559336192522466	34.52930751449938	34.483815970375574	34.45847495957669	34.4114024822657	34.39198601890783	34.3564637579831	34.276619526256496	34.28336176149858	34.23882489438494	34.179880811864294	34.17248056685062	34.08144219427551	34.03426687846006	33.891590140227486	33.918290808483945	33.89357409614695	34.04814447556778	34.01411072794294
209136_HY5CNBGXT_TCDM_2_B02_C14_3_2_i_CGGTTA_S10_trim1	31.398562124001156	31.549741693643373	31.623278427804696	31.652060279711403	31.669636043698734	35.25639206849615	35.24280462518249	35.260485122259134	35.26905578006757	35.2918989660693	35.27431271114121	35.225913681597305	35.20624607691711	35.19418484508671	35.196433077626125	35.16802645586026	35.15230413248423	35.108864545454665	35.090210442405876	35.06972674675501	35.04346676950898	34.99486809223513	34.949523895625575	34.901267752998464	34.853530690458655	34.81310027546215	34.76916509009733	34.724219033646165	34.66623040602313	34.62958732990799	34.60087901149573	34.56426536098179	34.5270797023266	34.49136093818525	34.461836188039044	34.428652084629626	34.375374235003	34.35597091208665	34.3043511308832	34.26224603075664	34.24797165615452	34.180951421134466	34.124101654829836	34.007501379914004	34.007633463934326	33.965115256839425	34.10503844229233	34.050958606031436
209137_HY5CNBGXT_TCDM_2_C02_X4_32_3_i_TTAACT_S11_trim1	31.363914553133746	31.52395851293632	31.599221852219205	31.630969552750262	31.646872339748075	35.22695489654568	35.214487270140715	35.22748857399583	35.24079166093439	35.25826504164386	35.238318221149925	35.18036275247799	35.15878946734985	35.14248006419349	35.14696428442518	35.11644137199106	35.09845107998672	35.05096557428223	35.02766170418205	35.00428979065133	34.97591214394417	34.922202864888526	34.876076424200654	34.83211050281493	34.781562994657946	34.7416296103433	34.69193610890919	34.641695056623455	34.58107202657868	34.53474522382383	34.514197001158976	34.4718844566772	34.43679447400716	34.405448634366635	34.37295065809599	34.34796692779641	34.288385312478916	34.26708258844012	34.21972120197822	34.1763262064757	34.168153949300276	34.104322867776375	34.04479152113473	33.931601776216674	33.92762221523635	33.89696938675833	34.05403489721074	34.006745599538455
209138_HY5CNBGXT_TCDM_2_D02_X4_32_3_o_ATGAAC_S12_trim1	31.303957270314584	31.494229694068817	31.57507831317595	31.605233871022357	31.623729926957868	35.178812702272985	35.164637321392156	35.17901850245192	35.181736419257476	35.19348104418572	35.16253003290545	35.100338498027405	35.077231126016684	35.06500285185623	35.06246665181474	35.02677286485384	35.008809660087714	34.951201809795194	34.92043652944813	34.899591746060594	34.86816468491066	34.80670388926349	34.752144707014224	34.70410661129835	34.649586528869975	34.60836914219101	34.560090705009465	34.50416913293783	34.442529849307206	34.38809416489718	34.351035123219525	34.32526766337889	34.290927695119	34.250076241572	34.207929612854585	34.18278934575919	34.136848832689076	34.10487083159886	34.05898085820394	34.0170231626993	34.00178800663785	33.93285690987308	33.87100468221744	33.762606562045775	33.75456963302467	33.73294705189326	33.900564777388766	33.949776969217695
209139_HY5CNBGXT_TCDM_2_E02_A04_3_2_o_CCTAAG_S13_trim1	31.36081233303976	31.485819631848106	31.56282753402461	31.60515940597432	31.6260783989334	35.17336859468744	35.15976787356517	35.17763839757096	35.18710312729608	35.21516765362775	35.20304889471713	35.15262142784155	35.12590353165007	35.10979445339224	35.11087067234199	35.07709392793305	35.060502990642064	35.00731600961156	34.97347874336657	34.9597948539523	34.934847426648496	34.89235284855232	34.8400025437944	34.77909879813082	34.730228695003206	34.689427825634	34.65195145299353	34.61326758523805	34.54708219763033	34.500468465804815	34.48039061574623	34.44353098307259	34.39912094958778	34.384746566054645	34.33996322179363	34.309291235733724	34.29279334351061	34.23217659488108	34.16927185632221	34.13277765060381	34.118673820777744	34.09381763668112	34.04153401677267	33.977401556457785	33.93650645985012	33.90657298834432	34.062168671093104	34.04236454492621
209140_HY5CNBGXT_TCDM_2_F02_X4_32_1_i_CCGACC_S14_trim1	31.379313391977764	31.489979901171974	31.57222460071242	31.611466455203658	31.635284093665177	35.21893254765826	35.21391986198664	35.2256644950934	35.24064813975118	35.27107361063952	35.273779149100406	35.21856652965157	35.19432824992566	35.181148332725236	35.18492143495786	35.15898913593294	35.14276557199918	35.0972308683896	35.07029562894777	35.048437626403896	35.01533029891369	34.969159772430466	34.930673070385474	34.88280378622433	34.82689733011425	34.78340830095178	34.73944694176974	34.68949309638192	34.625441847864685	34.577561924245856	34.544110537396186	34.506681062957696	34.46795136843125	34.43033322899203	34.4040463785052	34.37600742445191	34.321737343553984	34.297832368371566	34.246136692397286	34.19279543548719	34.17630503715978	34.10418101765771	34.05767789924356	33.95766389294164	33.95118686311396	33.911521446108836	34.071857275358965	34.07646456280737
209141_HY5CNBGXT_TCDM_2_G02_A04_3_2_i_GGCTGC_S15_trim1	31.381286675309266	31.513012554059106	31.595080792855452	31.63156618789419	31.655375772946613	35.23446711697344	35.22481407268699	35.23677373884951	35.249818659780026	35.27347069747822	35.267134935986476	35.21766120845466	35.19709345494703	35.18363140864054	35.18619389413551	35.1560490929012	35.13520998078685	35.089473578494804	35.06589040941414	35.04528746118453	35.0103130845675	34.966876912034635	34.924852235351224	34.87620798522188	34.8396369419866	34.79734371424633	34.74135797133795	34.6865195004479	34.63113635126568	34.58138499432468	34.553062583981344	34.520953451410676	34.47466926565609	34.457108119383555	34.42478308163081	34.39968151759663	34.35959209054593	34.31208289831095	34.26392639820258	34.21820225870833	34.18549517088505	34.14407031934347	34.093393567335326	34.030264603739155	33.9893937635162	33.9504095891498	34.08880946973863	34.12059179827338
209142_HY5CNBGXT_TCDM_2_H02_A04_3_1_o_TACCTT_S16_trim1	31.3968386284045	31.539436618122746	31.61474835982065	31.64683466342621	31.66528729477461	35.24963673246517	35.23693709580822	35.25268617838777	35.26418499304807	35.28868846448097	35.2796842819953	35.22954552663597	35.20681808226461	35.19475605187853	35.19495654152264	35.16906461078196	35.14991786898386	35.10457219332167	35.0797436096383	35.06028898604639	35.02968312263819	34.991347252076146	34.94960100175577	34.89565798358769	34.8523170165757	34.813578380024815	34.76201130644698	34.711004174141344	34.65526418719578	34.60935029481131	34.58553770734678	34.553600740575746	34.512638776289336	34.498360661525105	34.47070790842223	34.441587785402476	34.407111312434495	34.36532293775997	34.31737117797641	34.26829954895196	34.234688107368356	34.19935315546498	34.15921897522625	34.102285398264456	34.064147552452575	34.03052320600594	34.15913757142823	34.103903610776044
209143_HY5CNBGXT_TCDM_2_A03_C14_3_3_o_TCTTAA_S17_trim1	31.384849145799368	31.5331855333137	31.607997780060167	31.641092481619552	31.662144087969818	35.24931405858031	35.238449522530686	35.2474084534478	35.25681164668858	35.27921416716688	35.264493739859816	35.206484289829916	35.18642761943788	35.17436678901028	35.16889841661566	35.137476076232964	35.11507334583685	35.06612737868319	35.0411918408774	35.02427453718809	34.99587707770079	34.9512706141873	34.89823432342483	34.853115962021214	34.800812148981215	34.76330456958418	34.7150126370801	34.67196376241748	34.61856202500192	34.5717048335763	34.55396341129246	34.51881689235885	34.466447386465596	34.4486018436209	34.41321657590868	34.382091908639	34.34534429245474	34.29836425894369	34.253114085827235	34.21403799931066	34.18454471089279	34.13432905442461	34.08721987705543	34.00787410487946	33.9716672307085	33.92683014434826	34.07849702532934	34.018814796553436
209144_HY5CNBGXT_TCDM_2_B03_C14_3_1_i_GTCAGG_S18_trim1	31.427247987757283	31.549639304568593	31.62426028010848	31.655517174385995	31.676214238641826	35.27085229628948	35.258923993331656	35.27508959901819	35.28252959436679	35.314436791845644	35.307277784204274	35.26476770703699	35.24184684893659	35.23134394576836	35.23156920980591	35.20591943546829	35.18906351116378	35.14360980379905	35.12055118880623	35.103670069055156	35.07334299198993	35.0366574361088	34.99413119171725	34.94659278937269	34.90855988020963	34.872950306108336	34.82296693985988	34.77447074223976	34.72680402967525	34.67456812191562	34.65179891742022	34.613872782255285	34.57543210602326	34.55747988794201	34.530949384915104	34.50592772607282	34.46327506395316	34.42338263721385	34.37652968409945	34.32913006850214	34.29545709616461	34.25482973448841	34.20416180596841	34.135998551491824	34.100293368456576	34.0573729988424	34.18769069850233	34.11618766515456
209145_HY5CNBGXT_TCDM_2_C03_A04_3_3_o_ATACTG_S19_trim1	31.36466879557624	31.51609239517232	31.589283412018528	31.628328905350468	31.646001587366648	35.202081462463994	35.1823683063245	35.196786514090675	35.208835595765535	35.22884349533665	35.22422150099304	35.17084760162314	35.15194154317376	35.125108712258125	35.12652425831094	35.11161146233569	35.08735598168721	35.03704307862695	35.01977109337034	35.00756611675054	34.97137199936435	34.92987540209934	34.851674172087385	34.75496051955329	34.77953823463026	34.76583187137889	34.71571839619287	34.66300128584617	34.608324661083195	34.53929160056032	34.51232045921945	34.45970309597246	34.41604504940514	34.407118185171	34.37456049091681	34.352543778754296	34.31475296577679	34.2095950667624	34.113337317758464	34.07758739550361	34.12493776805255	34.143317869010275	34.11880716906096	34.071166219704494	34.02930506638412	33.99971795086078	34.13974104711136	34.085669781931465
209146_HY5CNBGXT_TCDM_2_D03_A27_3_3_i_TATGTC_S20_trim1	31.41778763471126	31.557148272385753	31.628670014926385	31.660999525620184	31.682715755942805	35.279527462897995	35.26744020957699	35.285571685263584	35.29535216992527	35.31792055637266	35.307218515943745	35.25787894438676	35.239546219665456	35.228330979305404	35.22906501578261	35.19833561106969	35.18507155182144	35.14197468903371	35.11678387790596	35.09924111924703	35.071077930631006	35.02889820311928	34.98488480497784	34.93844914717022	34.89395469028177	34.85283351139037	34.802318328162286	34.75185825288031	34.704429320459525	34.656808935484094	34.63271211423153	34.59834264813441	34.55877318250326	34.53885171317644	34.51061626787847	34.481179706790094	34.44233333922378	34.40191802888948	34.35579572874828	34.311790033794765	34.27505130480614	34.23509525910089	34.19028833953037	34.11994512627633	34.07852391121412	34.04636212287096	34.168632766533676	34.098482690382575
209147_HY5CNBGXT_TCDM_2_E03_C14_3_3_i_GAGTCC_S21_trim1	31.255776439850052	31.406263016395926	31.490605475406113	31.54766935514408	31.56059676625393	35.055852171608166	34.998008254761636	35.025953273505245	35.05219432769132	35.08131697527358	35.054704835472755	34.986561399522884	34.958498996554205	34.93469271839146	34.91586892576457	34.91063607996524	34.88791607734332	34.809522173230164	34.80015906888025	34.77001991103606	34.73089977731807	34.66123572372872	34.401650163841744	34.20867019269361	34.219616999095614	34.260971111711385	34.180043708325414	34.13296596816674	34.10391431767175	33.934518351436935	33.92563838746344	33.871529747644885	33.80187881022988	33.81031897808887	33.73850042541646	33.67708542648054	33.67246491699342	33.558116674697175	33.413234522728935	33.3693541407779	33.54475305542735	33.622232974920465	33.635618571846564	33.603195282220284	33.53973489966138	33.550591973680454	33.76249541328686	33.86235866243093
209148_HY5CNBGXT_TCDM_2_F03_A03_3_1_i_GGAGGT_S22_trim1	31.346768226094667	31.513972774200557	31.593845114572325	31.629554602160763	31.655671508090965	35.21672824612466	35.2030761792575	35.21893129282327	35.2303862091214	35.25758421252347	35.248226002015635	35.19216623379249	35.171859963553494	35.15345245761209	35.15325236786867	35.11942777106627	35.10425722453813	35.05310015832547	35.02002688266487	35.00178867419547	34.96605388035296	34.91171492590209	34.83636143249658	34.76943029333129	34.65358200557301	34.62011529899462	34.60890708736548	34.58285560908756	34.5043491928308	34.460185524981696	34.455624001005035	34.421667181993996	34.34830901168142	34.31571660303979	34.228013955740344	34.18504858235129	34.194649077621534	34.140305945322254	34.06183144161376	34.052451461674984	34.059824481596245	34.02607201689979	33.957614712817346	33.85841442830932	33.816328996339834	33.756421284166464	33.92169986634775	33.8698787118225
209149_HY5CNBGXT_TCDM_2_G03_A03_3_3_i_CACACT_S23_trim1	31.301328629207145	31.436301353760395	31.515694022100853	31.556835804972245	31.576777808673828	35.095637549887435	35.08167595845085	35.09944978910068	35.10427335599464	35.124009648755155	35.10231677133942	35.032179473979895	35.008467994620304	34.98763200967632	34.98616172523126	34.95722789039785	34.94045292099743	34.87972538397686	34.84630076270548	34.82737003647465	34.79406008749734	34.74512787830394	34.687289154030026	34.62846857390247	34.555447557794565	34.509473579265574	34.47150029845667	34.430967520780925	34.36133521716197	34.31690795567378	34.2984231753651	34.26139440916694	34.2130128315075	34.18597050065914	34.14120670028993	34.099181895164946	34.08305339957815	34.042709109829424	33.98135137019115	33.945215830134174	33.91926918822658	33.89250098152095	33.85038315533699	33.774043879941644	33.7357766047787	33.71200611193119	33.90031286405891	33.97193009128069
209150_HY5CNBGXT_TCDM_2_H03_X4_32_1_o_CCGCAA_S24_trim1	31.339419632719036	31.463794218845717	31.54849536175629	31.58563108167164	31.60552200040839	35.15041516145592	35.13725270174595	35.152044892016036	35.16386883531516	35.191346397894705	35.179358145694856	35.120462183190114	35.0955123250759	35.077531664290774	35.078547182447835	35.0503105905574	35.030200309031585	34.97659573207619	34.94582730642369	34.92590106390499	34.895109882585125	34.84581938319367	34.79135620298992	34.73926448369467	34.674651813654755	34.62612997243474	34.58935999952023	34.54530539347006	34.47508975245621	34.428381573773805	34.40839947723839	34.37581581614014	34.327277756154004	34.30332097095726	34.26039866766503	34.21757265957556	34.187787110065884	34.152830776915835	34.10074446533548	34.056503401465314	34.03440883740139	33.997712651470565	33.9482187162066	33.863242477616254	33.835737521142676	33.795420880333744	33.96228392771683	34.00127247973937
209151_HY5CNBGXT_TCDM_2_A04_A04_3_3_i_TTTATG_S25_trim1	31.41523693290684	31.570899192240063	31.641717358898834	31.67710311120146	31.694854586210678	35.3073435944033	35.29890011390605	35.312503368530024	35.322750934235806	35.343023245298795	35.33387793496178	35.285255351757726	35.26258184397584	35.251228043966506	35.2544368238366	35.22612395753447	35.20492141131314	35.164112131224385	35.13900731746077	35.11911327660376	35.08716579534397	35.046731920805584	35.007271397883244	34.96439821374267	34.9300475883492	34.890842038207346	34.83853374773557	34.78291693733627	34.72764708774701	34.67763693951191	34.65387552316879	34.618285744770745	34.576901647427604	34.55547948042795	34.52581650541349	34.500080475206836	34.454708195447594	34.40996639931403	34.36528397309942	34.32121787323753	34.28775662543387	34.24207821333414	34.19377155883939	34.13188612138315	34.089792502511	34.05632677916449	34.180272580087156	34.11452194370813
209152_HY5CNBGXT_TCDM_2_B04_X4_32_2_o_AACGCC_S26_trim1	30.105349601126232	30.145172987500533	30.286506548355444	30.397039375453264	30.383900004266028	33.04935796254426	33.01947442515251	32.92937587986861	32.9379079390811	32.90723518621219	32.80709014120558	32.51558167313681	32.4379079390811	32.37688238556375	32.33415115572689	32.2538284625272	32.236407780631424	31.864391098234016	31.814344737730732	31.773786272135048	31.695395972338403	31.6533593567497	31.453703707315455	31.312108787073253	31.172405222626395	31.128003877952764	31.0147466626769	30.923067409489775	30.886584248185446	30.810208295303056	30.819291618861314	30.6576014434265	30.640246153762973	30.596985782871133	30.48005980199319	30.508696871887928	30.42615647327915	30.423773166339956	30.282590178736964	30.233115483653325	30.32807517814804	30.462862133891974	30.47913641047952	30.433741669092402	30.584510544239198	30.728819839621487	31.65055561589982	33.35946630811398
209153_HY5CNBGXT_TCDM_2_C04_A27_3_1_o_CAAGCA_S27_trim1	31.378755457583676	31.496946245231516	31.569751346012033	31.605636126853444	31.624517487867106	35.19117373306464	35.180752263932014	35.195422936067686	35.206581459828826	35.22973213048435	35.21835696476977	35.15699348544902	35.13487457799658	35.12112890564379	35.12445843721577	35.09652614698886	35.07645895252718	35.02455790528889	34.997869263831745	34.979055900162734	34.950520613127	34.91251776169446	34.86969342245685	34.826329157197634	34.78083005107803	34.74158232344078	34.69512394646789	34.648866852040726	34.59614945248912	34.54785151331335	34.52608195218629	34.49272617861759	34.45469955548199	34.43406431897361	34.40280747755841	34.375529638189505	34.33663775466992	34.29928337154604	34.25683828508065	34.21487450405935	34.18594512252281	34.140951887118845	34.09811423839287	34.025787182313294	33.99412216898672	33.96071311930318	34.11383125399652	34.10827896370778
209154_HY5CNBGXT_TCDM_2_D04_A27_3_3_o_GCTCGA_S28_trim1	31.433180578906402	31.546692341242707	31.620359166340986	31.65511498046796	31.674820437174372	35.276703364285304	35.26229571089518	35.282753152630875	35.29328694962049	35.3170773649406	35.312128427649874	35.263900145843635	35.24496963480189	35.23363454070107	35.234179047969775	35.20936843745033	35.18908446300371	35.146120461448376	35.12225991810713	35.1005220981624	35.07215113151415	35.0320314636932	34.99190823360642	34.94947747722085	34.91079121950556	34.87188214553403	34.819081632229185	34.7686668119388	34.71378790558366	34.66807192652199	34.64439731910208	34.60467420334986	34.56777586876666	34.55023909662735	34.52340722809741	34.492430751249515	34.44940181793498	34.409358172593365	34.361752166248564	34.31652550741952	34.27589629665489	34.23036032842621	34.18068883041225	34.114055499762515	34.07302532321822	34.02839847884367	34.158045118843994	34.12675641447522
209155_HY5CNBGXT_TCDM_2_E04_A27_3_2_o_GCGAAT_S29_trim1	31.396494410063593	31.531819340525757	31.611336270503227	31.644608404740335	31.663820860351656	35.25820169404513	35.25043079458599	35.262834810458436	35.272581225767304	35.2977486692661	35.286418538008704	35.232794562142864	35.21245625585927	35.20290545851465	35.204727541006754	35.17409879243947	35.15648771597152	35.11082810195045	35.08482803993034	35.06409655544637	35.03675586029879	34.993321761480814	34.94915403569847	34.90400473333921	34.85848356607217	34.81832104289268	34.76730612691206	34.71774893632619	34.66215434759698	34.61187953047566	34.58978655771605	34.55027554011726	34.51087499219796	34.488201769902	34.454138320507525	34.4223857904057	34.3770862901861	34.3337301758433	34.2907413336341	34.24568752161713	34.20841213346047	34.15698561871416	34.108167742794535	34.03185792361469	33.99393834489575	33.95036945581827	34.091609943655726	34.07890636629549
209156_HY5CNBGXT_TCDM_2_F04_X5_66_3_o_TGGATT_S30_trim1	31.415968937916738	31.563686130320576	31.63494503318255	31.66643288404008	31.687442051151177	35.29035438993078	35.280398440136615	35.29508900137758	35.30333682717547	35.3295392218655	35.322424117902244	35.27419433037386	35.25943096540117	35.246632827407936	35.24897639598061	35.21874232006003	35.20173710918098	35.155608687589556	35.132823988790115	35.116422544941415	35.08704592346644	35.04639116610947	35.00660097433858	34.958534726833875	34.91505008750319	34.878844321823685	34.83084979026863	34.78014847474844	34.7236124186486	34.68155826525445	34.65894518908234	34.62207514317494	34.583747794563905	34.564495816734535	34.536726747591544	34.505898981019435	34.46878481065444	34.42634119678904	34.377090481838536	34.32957876397124	34.3000408070432	34.25686309872947	34.20919944515255	34.145400767572966	34.10406910572591	34.06321122650965	34.18815096646672	34.11124310736296
209157_HY5CNBGXT_TCDM_2_G04_C17_3_1_i_ACCTAC_S31_trim1	31.333835199745995	31.486650876517505	31.5698902049374	31.603843283377827	31.62471620613079	35.185861308234536	35.174225622740735	35.1891246868277	35.198468306871455	35.219194246205895	35.20268018926282	35.143594679765926	35.122409542700005	35.10729889912977	35.108029722186956	35.078385846850324	35.05890589963683	35.00680085408807	34.97593416518836	34.95398012198264	34.91866808333078	34.86159411056457	34.80689792518198	34.74989001224447	34.674438877820975	34.626306437766566	34.5945046376692	34.558943315843315	34.485133770290034	34.445922526867946	34.429842395731946	34.39388244285145	34.34397176146547	34.2997194933563	34.246499156490835	34.198863937304964	34.160374919180285	34.137307116694146	34.08291539978759	34.04280517872828	34.035486158264874	33.973300216205246	33.924117471440056	33.80639107965236	33.79400196155445	33.74210634770711	33.926603776629236	33.9386412467547
209158_HY5CNBGXT_TCDM_2_H04_C17_3_1_o_CGAAGG_S32_trim1	31.39672143600539	31.53277657614471	31.609759757469938	31.641550825050505	31.66278716784405	35.24304986270499	35.229785205171375	35.24549104654679	35.260026074974036	35.28266507700059	35.27319498711358	35.223295307569316	35.20321308881979	35.18897112330424	35.19172344788963	35.162159031699304	35.14408903024986	35.096137409283465	35.069029902556004	35.04996424143944	35.01957156727721	34.972737025384646	34.92153669234814	34.87038133395718	34.81733637647889	34.7770514094305	34.73406792609093	34.69212864611724	34.631331837656425	34.58411874672281	34.56546010392722	34.53054332578645	34.486307557617	34.46093513900492	34.4224213318279	34.387603223987085	34.3474809547358	34.31364471013586	34.26001308815484	34.212898948818236	34.19308328707968	34.14969140749331	34.10211977413542	34.01524560680478	33.99079018794579	33.94671864816874	34.0933869052006	34.064389103316145
209159_HY5CNBGXT_TCDM_2_A05_C17_3_2_i_AGATAG_S33_trim1	31.401752132278887	31.548213107140473	31.619828705829043	31.65348207634239	31.671141561196897	35.264339815915314	35.25340243222644	35.26569847334745	35.2727141210625	35.29833495574891	35.28327433379381	35.231440021876296	35.20818870488755	35.19759653500256	35.19863268611861	35.17053373899169	35.15344593447924	35.10747478635561	35.08390106770183	35.064137635061414	35.034365137055495	34.98932983870387	34.94257883747301	34.89334482966564	34.848399065339976	34.80933240230566	34.76453995445162	34.7229454052237	34.66299064820575	34.61696557018002	34.591284935276434	34.558789144337105	34.51504590928141	34.48776318274423	34.44964574437071	34.41520024259605	34.370754902008656	34.333188836389	34.28019123778313	34.24221475499327	34.21552441904933	34.171529000797356	34.12254239142574	34.03872743955754	34.01126543599181	33.97166226358081	34.11990399477729	34.059096230094845
209160_HY5CNBGXT_TCDM_2_B05_C17_3_2_o_TTGGTA_S34_trim1	31.377473919195257	31.552437603682684	31.63260532238082	31.664735816430767	31.686132483870146	35.291548957821504	35.28430526548128	35.29667934428363	35.30429275423724	35.3260729112711	35.310148064509804	35.25844804746582	35.2411936037374	35.22973032427562	35.230323953585476	35.200489465652105	35.18026974649283	35.1391681375833	35.112159187989654	35.08711658055902	35.05344417177472	35.00754193986783	34.9554884678524	34.90779952792687	34.86599347752004	34.82734768542064	34.776526702421194	34.7240379949737	34.665858469045574	34.613572846560075	34.58913498410314	34.55554536009673	34.513454162422775	34.484451331583045	34.45144183323376	34.41788660596512	34.36846171930769	34.32729940650441	34.276619568574716	34.225555851326405	34.2019362431215	34.15110570902181	34.09799874930282	34.01267817661176	33.977222896719454	33.93558649703773	34.07766287407583	34.03281963190184
209161_HY5CNBGXT_TCDM_2_C05_X5_66_2_i_GTTACC_S35_trim1	31.32843373253094	31.52986904452486	31.616729711897953	31.650606793690145	31.67381530279705	35.271477297718775	35.2647655797029	35.27506327848531	35.28309974608633	35.30390257312514	35.28570126157106	35.23238478917168	35.21103424835556	35.19873253093948	35.199990603691376	35.164610672058075	35.14232860936602	35.09667677490362	35.06965799438697	35.04591406032688	35.008771541982625	34.95892585847327	34.914422937550384	34.866783702107426	34.82692757572788	34.78347047632093	34.72845306152729	34.67014412767045	34.60924156069028	34.55891914639937	34.52941544628571	34.49329561743052	34.459385779689555	34.42447200278354	34.394267307145135	34.36467856144776	34.30455541078351	34.26890252881306	34.2316219294177	34.179466349215375	34.15114212486239	34.09044962407382	34.038576561460886	33.94395310752923	33.91503610552877	33.87835923027599	34.0327501392904	34.03197563462787
209162_HY5CNBGXT_TCDM_2_D05_X5_66_1_i_CGCAAC_S36_trim1	31.279353805225174	31.471552568150415	31.56257283399485	31.600227762357154	31.624785414327466	35.199121955790694	35.18870762362233	35.204701042148265	35.209115537272844	35.23029749293934	35.21590014208803	35.15492441070912	35.132395902309824	35.12115192355133	35.12152228924137	35.08358577475754	35.061000269507915	35.01012323036791	34.982864386588076	34.95837910448148	34.92136708863589	34.870713349002486	34.82408141893127	34.77154398960019	34.721587230747886	34.67485563034522	34.61616439885119	34.55488734804969	34.49325158652466	34.439469098153964	34.412960688909706	34.37944788974565	34.33306034178627	34.30444512534436	34.26689067558901	34.23077219879622	34.177341446955296	34.134722010535455	34.08509064174184	34.03641527830251	33.99862963477859	33.946508910918325	33.88940198931269	33.80335043659154	33.769459174296955	33.73383211581755	33.91814589982923	34.0032246377913
209163_HY5CNBGXT_TCDM_2_E05_C17_3_3_o_TGGCGA_S37_trim1	31.413337407615575	31.537230154346606	31.61614401909665	31.64807112069442	31.670572390959517	35.26810774501302	35.257630103226454	35.27364716214597	35.283324614310374	35.306893725354755	35.30420118345812	35.255151704366305	35.23544181124546	35.22381717203834	35.22858215068355	35.19840044144452	35.181653105052916	35.138782290304896	35.11191240692288	35.09233642955357	35.06495893708693	35.01901962541037	34.9737249551988	34.92988951519857	34.882440462599845	34.840848004172244	34.79432733265317	34.74951095501717	34.68928773642136	34.64177109075938	34.62323873420672	34.58711636712512	34.54385092423473	34.52011303469102	34.48334630187774	34.452114851296685	34.40589460861134	34.370699857694106	34.32654175103962	34.27974451630039	34.2454372976038	34.19810558825777	34.14794977239855	34.07185394179927	34.04082718585586	33.991729948644355	34.12755536799059	34.100052599672495
209164_HY5CNBGXT_TCDM_2_F05_A03_3_2_o_ACCGTG_S38_trim1	31.39724999732073	31.54149097962878	31.614128228885647	31.65135546702598	31.67459204461423	35.273274623221575	35.26280403624711	35.27807275728055	35.285661034354085	35.31038183006803	35.30053273629456	35.25289356283473	35.234891109597726	35.22411479356468	35.22307105194387	35.19580458671914	35.17762574923209	35.13289454755264	35.10655050211547	35.08498365706154	35.054287432581845	35.00899493728095	34.96245719053054	34.90883813684523	34.86310544210984	34.8246032486893	34.77501925913892	34.723800794159004	34.6653550604321	34.6173642383379	34.59301168400194	34.556847448599946	34.51190241631694	34.48913314076371	34.46360029426613	34.430283147788444	34.39001705420023	34.34180944267686	34.29442105733362	34.249268129181786	34.21340340657969	34.16713449060563	34.11549056621972	34.04687535278675	34.00705356888474	33.965232928933276	34.098987499397026	34.09227279379482
209165_HY5CNBGXT_TCDM_2_G05_X5_66_3_i_CAACAG_S39_trim1	31.364677542943312	31.48008938072566	31.557634543192325	31.592096736370177	31.6106352138465	35.17361557283319	35.16391423905716	35.176127485319974	35.18455344524844	35.204356627559044	35.18672277571878	35.12283384356111	35.09721572894219	35.08616412484538	35.087190448008116	35.05522364206178	35.036202872181704	34.982950936012	34.960199584259165	34.94083254929474	34.911702306261745	34.8670647701142	34.82555245522083	34.77974900360921	34.7380831950192	34.698674100012	34.648305471558835	34.59960538770735	34.54668902212991	34.50246099242691	34.47629693629147	34.438814776923124	34.397045939651875	34.3762649384128	34.34720496729922	34.316921666215684	34.27094262807378	34.22918612673454	34.18902567333596	34.14167691191943	34.11183144369832	34.06641163507679	34.02030079364359	33.94896757172221	33.92332192960187	33.89471066308859	34.06605249044824	34.08801125367744
209166_HY5CNBGXT_TCDM_2_H05_X5_66_1_o_GATTGT_S40_trim1	31.331253075610906	31.504334981194216	31.58245680233842	31.62186722402967	31.65024891799356	35.20345807344602	35.18754749264897	35.20286773003831	35.21884264870307	35.24653271058914	35.2358334970761	35.188732091902295	35.16063122403663	35.13851638615936	35.130226226765515	35.101005614497396	35.07809757773421	35.02267738455393	34.98164075091961	34.98320423272766	34.9550420902109	34.89954889714813	34.817089043572416	34.72734889556533	34.57431165804371	34.5300687996689	34.53055588836457	34.4879778389664	34.41435833432505	34.376130859329116	34.38316664907255	34.340511902972025	34.28870328551076	34.256601989311925	34.1477759523912	34.11940037466041	34.17191997017584	34.09759379215383	33.969555326896995	33.96195601923331	34.00474538833092	34.01486828597966	33.95397437327866	33.860018088908305	33.83922897307716	33.79361550479185	33.96371363884773	33.86260770949845
209167_HY5CNBGXT_TCDM_2_A06_X5_66_2_o_CTCTCG_S41_trim1	31.38853842022005	31.54648690206356	31.621560242243945	31.653891345858714	31.675242819450347	35.27109876723568	35.25681052852151	35.27368190578222	35.28190482303915	35.304229031644	35.29177153058153	35.238412214607834	35.21946099025476	35.206983936729706	35.20963368677586	35.17761389129989	35.15978257120819	35.117384057177546	35.09072409918322	35.06916328099935	35.03843121631093	34.9864710136485	34.93962936328688	34.89182161272416	34.847543866137215	34.806409027816436	34.75887412143032	34.71333146824301	34.648588739011416	34.60548132123144	34.57612778938888	34.540490597356936	34.500682780574806	34.46778543621383	34.43405522179883	34.397673753066755	34.34789644248272	34.309501810574446	34.26145178996327	34.20816176027805	34.18228072812846	34.12814434028614	34.07264169752176	33.984249521968266	33.95535366228216	33.915910660933754	34.05959079942615	34.04717777955727
209168_HY5CNBGXT_TCDM_2_B06_A27_3_2_i_TGACAC_S42_trim1	31.239820028045905	31.49227782198295	31.587130836517623	31.618146201770966	31.646267430644606	35.22871454349637	35.21728598222545	35.22757999759581	35.22926315176674	35.246526314199	35.223739184206835	35.16137893322022	35.14008431102556	35.12472905661819	35.11618386122683	35.072946493103004	35.0460198662914	34.996642113033595	34.96572027033979	34.93402124206116	34.88860025363029	34.82998454399436	34.77624778818433	34.72256726333723	34.673347450436395	34.62073282670885	34.55311008405053	34.48190764023407	34.41883798710294	34.363811116668	34.33459312292308	34.30462125308096	34.25616967413582	34.23105712993415	34.196930043141535	34.164454697585185	34.10059605529141	34.059847319723126	34.02157408366599	33.96841719230284	33.933824716998544	33.879513803654135	33.81844014577833	33.73454168419687	33.69015125823202	33.653674876889866	33.84471750770974	33.93593406972658
209169_HY5CNBGXT_TCDM_2_C06_C64_3_1_o_AAGACA_S43_trim1	31.289172169646	31.417359652309294	31.497966725106387	31.532298046965725	31.5525045836804	35.07789331033289	35.06795110234992	35.07621700434094	35.08377356169491	35.100016395606616	35.06732273723155	34.98476656430562	34.961132427174846	34.95119351428944	34.95166420137748	34.919069889942264	34.8942370200504	34.830914457929694	34.80544206179704	34.78449023275948	34.757613949372384	34.712789412229185	34.66109580220309	34.61669180491532	34.568898011458984	34.532244635010954	34.481988110278465	34.427969439937	34.378393982266424	34.32794236536396	34.307391001607115	34.27640208622532	34.23314789877878	34.212460035017884	34.181944199577	34.154913961259986	34.118371945040906	34.082107197590034	34.03407237592989	33.99112067239835	33.96862135873003	33.92327221987712	33.88053480010482	33.80974716558015	33.78788738968343	33.75976852477575	33.95256030862723	34.022493021861145
209170_HY5CNBGXT_TCDM_2_D06_X9_35_2_i_ACAGAT_S44_trim1	31.285002573445716	31.476201106298863	31.56387695253124	31.59939828031611	31.62233358502198	35.18878309953155	35.18217927725767	35.19134275893177	35.19753546618252	35.21421920667173	35.191461091480335	35.12662625508503	35.104327948893065	35.09289149249954	35.08950469836874	35.05303064373573	35.03209558008707	34.97624013977675	34.94931928848004	34.923033238088735	34.88814689831637	34.83675619384451	34.78245958421884	34.73543819661361	34.6889752421767	34.641811581140345	34.580931163117356	34.52489111134995	34.465328705398804	34.416074194489696	34.39124509215476	34.35900166293312	34.314787510421006	34.29265347203604	34.2591193070658	34.230354806434	34.181797668371516	34.13717627827468	34.090756867892416	34.04553982204922	34.01837456017935	33.96877239851658	33.9168011295573	33.84066669658841	33.809744580424166	33.77820881023659	33.9604306000399	34.00135730359973
209171_HY5CNBGXT_TCDM_2_E06_C64_3_1_i_TAGGCT_S45_trim1	31.33850314621423	31.530275035058704	31.61597357131678	31.65205061029266	31.675926460157456	35.27315334171034	35.25807386667708	35.269189004678296	35.276376600444095	35.29402290121962	35.280307856708276	35.22512093050413	35.20917435931276	35.200674243055026	35.193972141682025	35.156508351892654	35.13379495349663	35.087236085274824	35.06106833062198	35.036336044590136	35.00063086180934	34.94721981897398	34.88901874612777	34.83844083101651	34.78859711243656	34.74484545622912	34.69467987094419	34.64397786765736	34.588734659529834	34.53918750103716	34.51306134672788	34.48469372695127	34.43542213925464	34.410930381034994	34.368602902441964	34.33704148850991	34.2907923522158	34.24819423523911	34.1986935397114	34.149419967422965	34.10981293294796	34.06483661769104	34.0040875534769	33.915995941875266	33.871651404810294	33.82831583798671	33.98914979721391	33.995612156909566
209172_HY5CNBGXT_TCDM_2_F06_C14_3_1_o_CTCCAT_S46_trim1	31.328534810029524	31.513192935604266	31.598340241628907	31.63519919405047	31.657798079770497	35.244398753023916	35.23483676628347	35.24605182287339	35.25544122496288	35.27282349701902	35.25836208155803	35.20386674524235	35.18366611038729	35.17073369789819	35.17045407289054	35.138848771209474	35.11736463550152	35.06527508356639	35.04053175115982	35.01858442271838	34.98441952233158	34.935259612337944	34.885656399890166	34.84025939543645	34.7918481593959	34.748913032263005	34.69012233115192	34.64090531829238	34.58337651312578	34.531525255068246	34.5055769174579	34.46755804682789	34.4221436988864	34.399172901657735	34.364230972267265	34.33282808957196	34.28282651229164	34.23559567314353	34.192299376967554	34.143133971245646	34.11171404706318	34.05787892124039	34.007262148799015	33.922920850916185	33.883128169670705	33.83801132805699	33.997920871382775	34.02877399047127
209173_HY5CNBGXT_TCDM_2_G06_X9_35_2_o_GCATGG_S47_trim1	31.353948457566855	31.528252313888654	31.613413760902763	31.648302979659295	31.67427190442842	35.27464648181544	35.263500986760675	35.27620509704849	35.28649548072795	35.30818153997632	35.297272357751766	35.2479813618328	35.228551143737235	35.220087358912714	35.21951295139719	35.18751375781212	35.165499205613884	35.12101898104136	35.09268045907507	35.070920383326	35.03601834594396	34.987710294788606	34.93785668451004	34.89054035935291	34.846502200843055	34.80643520146664	34.75100435678062	34.69756801374492	34.640804599593295	34.58909852282453	34.566061996439885	34.53192899895602	34.48309534357515	34.45943107014394	34.42625610317056	34.39327543740772	34.34441828708061	34.301533883969114	34.25276165810885	34.20712472322632	34.17009945613316	34.118139935354144	34.06250167603318	33.989146325153854	33.945733870352484	33.900521966627736	34.04917651986288	34.04812889961543
209174_HY5CNBGXT_TCDM_2_H06_C64_3_2_o_AATAGC_S48_trim1	31.36685464039249	31.505647353542372	31.581471795320432	31.61436134378119	31.633874287276047	35.19983585557845	35.189495491376434	35.20163215302181	35.209774878528016	35.229720772490914	35.20818428044973	35.146039125823194	35.12841539170842	35.11446335534058	35.11377246421014	35.08271198070841	35.06097724096384	35.00688348290818	34.985112420986155	34.9667848057678	34.93541270379726	34.8916588455074	34.84468164597848	34.79957221987843	34.75547147724284	34.71464813529621	34.66477219768893	34.61183186756705	34.55746309623001	34.51297105945261	34.48966898826736	34.454707909918824	34.41030654474967	34.3908636097097	34.36109130148071	34.329531505268235	34.28848601921737	34.250503623329436	34.201071778606654	34.1544400990787	34.12340075263771	34.075688187522864	34.02742880229928	33.95350262935288	33.91816093989583	33.8851207164246	34.04255060358295	34.04479693130291
209175_HY5CNBGXT_TCDM_2_A07_X9_35_1_i_GTGCCA_S49_trim1	31.402198738600042	31.532419028793534	31.60927260656893	31.645175713095544	31.668120892383676	35.25114729290463	35.24232396447227	35.258220436815286	35.26920259013733	35.29730102766491	35.296469718300614	35.252366539096656	35.23301834537307	35.2149174550982	35.21236128399558	35.1855600249073	35.166615833981254	35.118987999976284	35.09088727025957	35.07544908382545	35.045564441748	34.99919703804788	34.94918422315218	34.90178341338175	34.845174198770856	34.8033140939481	34.764158391398354	34.71731491735323	34.65990076984641	34.6129770469816	34.588872818175076	34.55284169530668	34.5167038857208	34.49760695651739	34.46445393688444	34.429597342734496	34.40181154482654	34.36089122046057	34.30880121272761	34.2638118113913	34.24195402526649	34.19663079565205	34.14931970578735	34.067412057531854	34.03931418864384	34.00175104319149	34.14007202736852	34.0589823247125
209176_HY5CNBGXT_TCDM_2_B07_C64_3_3_i_TCGAGG_S50_trim1	31.383890256440385	31.531770760508767	31.60810739359046	31.646049055606145	31.669382134359488	35.242161031636456	35.22935393472961	35.238265487765474	35.249327262579676	35.28043791675235	35.26945040096349	35.21894110389801	35.19820380107511	35.1862057985489	35.18290356738342	35.15440344539947	35.134148958938404	35.08278343823942	35.05865063666365	35.03889847546161	35.01103115723741	34.964013041727625	34.897530802592755	34.83641725117739	34.77544112126628	34.73134476982866	34.68182448232941	34.63863438063855	34.582309658757936	34.54139795385349	34.51587576962365	34.48356210416999	34.44258238304934	34.41812741366931	34.37360699780284	34.33525201149184	34.30630132059859	34.27421939339361	34.21771880127987	34.170549327244316	34.14976771542193	34.11421490049101	34.07055604088093	33.989993075199564	33.960712683836675	33.91843944871712	34.066244066052214	34.01372940713471
209177_HY5CNBGXT_TCDM_2_C07_C17_3_3_i_CACTAA_S51_trim1	31.313625841487394	31.433984327067705	31.514057984179736	31.548346946600663	31.56884785883063	35.09669782478108	35.08391791440868	35.095067460735414	35.101898477092234	35.12397667704121	35.099615470807706	35.02601826363642	35.002774867604046	34.988023787299056	34.98574330178974	34.95694383619197	34.941728221914886	34.87794302511985	34.849810564530664	34.830200939954466	34.79845346290465	34.75572205507689	34.69757041114017	34.64601209147902	34.58983398718824	34.552544054137314	34.50237234680356	34.457345913063634	34.39987383417609	34.3492075544344	34.32939037357798	34.296701144162896	34.25347995945737	34.227675360428904	34.194486599250965	34.16555538849745	34.12579063902349	34.08839830154703	34.03401496389617	33.992593396975195	33.97445167112291	33.939986643924485	33.89782604248845	33.82049022002585	33.799493270702655	33.77068480466596	33.96454656110039	34.01497506678862
209178_HY5CNBGXT_TCDM_2_D07_X9_35_1_o_GGTATA_S52_trim1	31.388200221609736	31.51421044885373	31.59488080210017	31.631719368678077	31.65071698984213	35.215587113439156	35.19994735309926	35.220158705768014	35.22639139858567	35.25097497262296	35.246112914634864	35.18983324807388	35.16778444076608	35.15351401853404	35.15553788533255	35.127026207422745	35.105492335487256	35.05374626483358	35.02436208199781	35.006002695874095	34.98424553002533	34.939090440466536	34.8822251118018	34.83326223308514	34.78610027843658	34.74743206738937	34.70302926491306	34.66038742076157	34.60201739877051	34.55489211775891	34.53095756886155	34.49444185226355	34.44877677095455	34.433918003897666	34.39454846057382	34.36250778715478	34.33696772920294	34.285309385026984	34.22242214397356	34.18557874429748	34.16704102634851	34.127694980732706	34.0843490342006	34.00346414206919	33.97786851292642	33.94360284002276	34.08051646387146	34.031809626632416
209179_HY5CNBGXT_TCDM_2_E07_X2_24_3_i_CGCCTG_S53_trim1	31.232162124594616	31.481205252200382	31.581062105318935	31.614566078336054	31.6490985355859	35.227418656247046	35.21906560565952	35.22727620052544	35.230060998695244	35.24552550802168	35.22681542730189	35.17179276877862	35.14897844656451	35.13408568001296	35.126286387789804	35.08093228737381	35.055844977119705	35.014205220932794	34.9829472936995	34.950158822210554	34.90144687962879	34.836908180843224	34.773534335244044	34.714909833554145	34.66651844400704	34.611532367712115	34.545783392084644	34.47657237335248	34.41358644487221	34.36035579248204	34.33341364565979	34.29936013825728	34.24994037845485	34.21810246696151	34.18280049129949	34.14660257108994	34.07959990237969	34.03175522343321	33.98539195111259	33.928599237243475	33.89989192558322	33.837718937471664	33.77832090804211	33.68417673095911	33.64129493806365	33.602321270128925	33.79550282168668	33.923481487914216
209180_HY5CNBGXT_TCDM_2_F07_X2_24_2_o_AATGAA_S54_trim1	31.256993276247623	31.40022426349016	31.484313635190002	31.520141813344527	31.53669337243065	35.04637094034387	35.03333338366459	35.04346412161642	35.04273236808052	35.05700760178112	35.0200498958898	34.937966381993085	34.91707479023191	34.90296527218891	34.90646449435299	34.867887899933805	34.85445611365645	34.790142264289784	34.755300361761655	34.73057502051398	34.69371771039462	34.62857686088458	34.5674080675313	34.51284385926009	34.43149292677072	34.380449424208784	34.36107379884163	34.32593935502186	34.25357491587865	34.21411466990954	34.20117509492471	34.171848261787936	34.122812988513346	34.07852217652697	34.020084252074724	33.9788667157584	33.94965609454999	33.9191811340961	33.861708155168486	33.82811499766701	33.829361332192555	33.775343894522074	33.720854895214515	33.604890230665134	33.5834963350144	33.54155533247321	33.76314480689577	33.81647488822093
209181_HY5CNBGXT_TCDM_2_G07_X2_24_1_o_ACAACG_S55_trim1	31.29131244703691	31.471959825873412	31.557787983338397	31.5919978172412	31.6159751200085	35.16278507422862	35.15147784011879	35.15640804001354	35.16155024668757	35.17596910105419	35.14782477647414	35.07592892322174	35.05475534448554	35.04443796431492	35.04030475999156	35.00213940383249	34.98132977360542	34.92632536420764	34.8975487299533	34.87138253237115	34.832791522950885	34.778702317611064	34.72245739650488	34.67350793813023	34.62751085923646	34.581417383188324	34.527652955331995	34.472963548919836	34.418152439085375	34.36456523748643	34.345601300976824	34.31253761060688	34.26159756003885	34.23746419774608	34.20076084015302	34.17001819787039	34.12096068686287	34.07166984292225	34.02761095244941	33.97671429975611	33.938386715845155	33.888777355742334	33.83778001320556	33.756041705056866	33.712786361678006	33.674856214764304	33.86474280828366	33.95144637059878
209182_HY5CNBGXT_TCDM_2_H07_X10_39_2_i_ATATCC_S56_trim1	31.3049870327712	31.495294502386518	31.585892530492316	31.620593972090813	31.64271764126135	35.22821981843189	35.21714443987796	35.227563429275456	35.23507270779094	35.25577982135236	35.23340859354945	35.172906878308964	35.15417234063278	35.14023407206862	35.1410158298917	35.108412678981665	35.084746807763025	35.03645122761782	35.00561883116366	34.981243924468885	34.94544407173363	34.89235018259744	34.83881919223922	34.79028639724207	34.747081844981324	34.69949424358469	34.639188126056304	34.58495160243788	34.52192085362425	34.471006700584624	34.443236598994844	34.40925851189999	34.36576931694683	34.332464379405316	34.29668278603882	34.25800443687818	34.19784863003739	34.15432035292291	34.10010394280068	34.048552072517055	34.01603725692452	33.96770537157926	33.90779458531167	33.82169939424888	33.77760940209762	33.73827240460801	33.91507899197991	33.97659610348837
209183_HY5CNBGXT_TCDM_2_A08_X2_24_3_o_AGTACT_S57_trim1	31.34411334567557	31.530998090697313	31.612512514325807	31.644404390550825	31.667761406000356	35.253436805220936	35.238357540779496	35.24685303199924	35.25417214640161	35.270967609482994	35.24945583061913	35.18814215549526	35.17060893592303	35.16256999870781	35.15910738664483	35.12281096410669	35.10490137361283	35.0540239541872	35.02827542354383	34.99970380824007	34.96182322649383	34.90909951427443	34.85021727558133	34.80227505033129	34.75907172375807	34.715654221798204	34.66143857805348	34.612575061911954	34.555875331072826	34.50431209905342	34.48028871974257	34.44889685140775	34.39794164886001	34.37669637670173	34.33952956954427	34.30664052019493	34.253894363392746	34.2043364250862	34.15325360612499	34.09649814331346	34.06081907724196	34.013676829276115	33.95924989826004	33.86987139617993	33.82693913700764	33.785622058668224	33.953204114232335	33.95999489325103
209184_HY5CNBGXT_TCDM_2_B08_X2_24_2_i_ATAAGA_S58_trim1	31.118278920007143	31.366964418223	31.46764215611416	31.501598093472335	31.53152094190726	35.04704309690297	35.035963770812316	35.04229462993274	35.04464445108823	35.04994289450647	35.00669833458442	34.919456841797356	34.89504117833046	34.8776411021898	34.87266798655409	34.82686903821282	34.79948729870915	34.73694428540105	34.69935248912982	34.66449908377599	34.61903822988799	34.54710405774147	34.48757891175134	34.431807412423	34.37692170265588	34.31974309133577	34.25061532197351	34.175142628841975	34.10917660134349	34.06248895617061	34.03608854384511	34.006117435017934	33.96311102140179	33.93161197636195	33.901891137514625	33.86878367163442	33.80092450422676	33.764532816141724	33.72534273911253	33.67298942363682	33.64910521823222	33.59870999840081	33.55533926789002	33.467554697879294	33.44698161047715	33.42668642667964	33.66876145032513	33.853115612442345
209185_HY5CNBGXT_TCDM_2_C08_X10_39_3_o_GGTGAG_S59_trim1	31.36361917651685	31.530030650905314	31.614681262790263	31.651301122779756	31.67676236741565	35.274662170087275	35.26624599369328	35.278389660518066	35.285899907637756	35.3082258855225	35.29793055695268	35.249214245017185	35.23184056121892	35.218242477327905	35.22007755271757	35.18650250181162	35.165017037376515	35.117507551038884	35.08892240224421	35.06507656517688	35.028502757563686	34.97947084620928	34.93179350800747	34.88386245310319	34.84216013027758	34.80102969640548	34.74802171031959	34.6948578647069	34.633434889284565	34.58341016270319	34.55868977073399	34.52562270026297	34.47966202921447	34.45442666527559	34.42330588870334	34.38567544486747	34.33633112892988	34.2902764053096	34.24174494747779	34.18954565128871	34.15343889004188	34.09927179913288	34.04445201310959	33.96299260369652	33.92579249268813	33.87833593072874	34.03169579163287	34.02996205463009
209186_HY5CNBGXT_TCDM_2_D08_X10_39_2_o_TTCCGC_S60_trim1	31.353114646818035	31.511103402733397	31.59570096315217	31.63406101100748	31.658236280265786	35.25183233893456	35.23963641804201	35.252671376998805	35.26139437694701	35.28733841207941	35.27501633768999	35.223488589966664	35.20592158017091	35.195748446678664	35.19794887691133	35.16478464813292	35.14204917879586	35.095209091550714	35.06890261701923	35.04879972344925	35.01454729007325	34.96994715893315	34.91858667590455	34.868178177964566	34.82228859815743	34.77617970927224	34.7223449727265	34.66433665805369	34.60568926381043	34.55693025253156	34.53405617429826	34.5003984562256	34.456023246711084	34.43093789343974	34.39632946373178	34.35957461253244	34.30946463724064	34.26490565768709	34.21267870375935	34.15938845742196	34.12225337146835	34.07199738260115	34.01604719626923	33.937383107097205	33.90314873231802	33.854664851982385	34.00509784127061	34.042349386195475
209187_HY5CNBGXT_TCDM_2_E08_X2_24_1_i_GAAGTG_S61_trim1	31.2954090699003	31.480618736345917	31.57736303572095	31.62202750050956	31.650314958991096	35.23901034624317	35.231434931202074	35.245960651836285	35.25145709352097	35.278524027599545	35.26843148843511	35.218658494311576	35.19877260369927	35.18786099891198	35.18467462686603	35.15498387588772	35.132583234141	35.08708209323376	35.06118175559182	35.040408160569825	35.00486673086526	34.95760397257537	34.90959729819758	34.86128869660604	34.818729698470094	34.77222043731739	34.71363566597647	34.657464611582554	34.60231507102381	34.549753261387195	34.523820914291306	34.48934094716881	34.44101214423833	34.420833192508624	34.38770833607934	34.356798607602265	34.30652392205769	34.25854027504862	34.21142587672091	34.15678033660063	34.11869282228383	34.06676524104098	34.008540712661855	33.93013788154167	33.89090343466976	33.845007952869146	34.00458355475935	34.03029158155426
209188_HY5CNBGXT_TCDM_2_F08_X10_39_3_i_CAATGC_S62_trim1	31.232953825357963	31.475762758400776	31.574620906419142	31.61260543599172	31.642472605942938	35.22028534980282	35.21253291533988	35.22359405617023	35.22498139094533	35.24178555596812	35.22411735420359	35.16686802692551	35.14328749581816	35.129182151638204	35.12436293948199	35.084528048132306	35.052110001599715	34.999760828463664	34.965660495237756	34.936424284369465	34.89178483474005	34.83441701683502	34.7808354262149	34.722440121072744	34.66990734432607	34.61275593521485	34.54690566427365	34.47844116090762	34.41377425472159	34.36174210840475	34.33599603691485	34.306753404011005	34.25759713368856	34.23400266250343	34.20026190954083	34.16547471007536	34.1069923622767	34.059466137879454	34.017733349377075	33.96825185190119	33.92848233281106	33.87443613350017	33.812356663655756	33.73170041299882	33.68764423802148	33.65049065939845	33.83565179405119	33.95732927148041
209189_HY5CNBGXT_TCDM_2_G08_X5_36_3_i_ACGTCT_S63_trim1	31.371842608381307	31.533926650776362	31.61153161794467	31.644106002052258	31.663411076365133	35.248910616855376	35.23830533075948	35.25324120022507	35.25660178372865	35.27565933728291	35.25988254951187	35.20563164654173	35.189658661664524	35.179440534425126	35.18249543980906	35.15282416168503	35.1366352191001	35.091112485773095	35.06216693635733	35.036412203791286	35.0040421009093	34.95382211834303	34.89721547589397	34.84792520147181	34.79451298106132	34.74748615257351	34.699748759707816	34.65033110607092	34.592644749589134	34.54500701996976	34.51386469523552	34.481932456476514	34.434527013324114	34.40160021590896	34.35552835780694	34.31503385957811	34.27647199268409	34.23438180413251	34.18927931465683	34.13815888527188	34.11673777747395	34.06614893802035	34.00655086039335	33.8974081372032	33.86857236362353	33.82958747690115	33.982961087673736	33.99603309305232
209190_HY5CNBGXT_TCDM_2_H08_C64_4_2_i_CAGGAC_S64_trim1	31.358181848003078	31.525636454038963	31.60426601967049	31.63220281118948	31.65082374467059	35.218627889013995	35.208098609409774	35.221690145893064	35.22982887870432	35.240951276947754	35.216862580842886	35.15516191660468	35.14070549453687	35.13249728233055	35.13150394353323	35.09261287255292	35.079050398095575	35.030299457341314	35.005290067396466	34.984183746497976	34.95052083798153	34.893718581836595	34.833674637783396	34.79370816900408	34.74540226288157	34.704387012979126	34.65820913979378	34.60729711740707	34.5509513389257	34.50638477477048	34.4792510255259	34.44941532355877	34.39413994523211	34.360356072064704	34.32017181259672	34.286197103186865	34.23728354882159	34.19610322238908	34.1521755124076	34.10754483225189	34.067949262563864	34.01220722993143	33.93758267223447	33.83096654563674	33.804453633808706	33.7570300792522	33.91548471405109	33.944071037812535
209191_HY5CNBGXT_TCDM_2_A09_C64_4_3_i_AAGCTC_S65_trim1	31.360929129404873	31.5124514905274	31.591506819086085	31.618393908619794	31.642622556752983	35.21035174943816	35.196233167853116	35.21065125743205	35.2200194169871	35.236646861949865	35.212180472747505	35.14805531852816	35.12990059396553	35.116523743399426	35.117976532340435	35.08618380108848	35.06814180427381	35.02358874532591	34.99533963140813	34.96884726191898	34.93465937260581	34.88491699020125	34.830068533857045	34.7864180949945	34.73815574480084	34.696407185331864	34.64545154810382	34.592363004454924	34.53551047519258	34.48472850870691	34.45431304268716	34.421850333641146	34.37344589754978	34.3461651080509	34.303508811040686	34.26100130163127	34.21326407278815	34.17047919597227	34.12383926315841	34.070447344552875	34.03812647668243	33.98569100827979	33.929683287044256	33.82914261404956	33.803196795770646	33.769520969254174	33.93429405775962	33.964807829190185
209192_HY5CNBGXT_TCDM_2_B09_X5_36_2_i_GACGAT_S66_trim1	31.34589497600895	31.52329917911255	31.603979605785	31.63266309361948	31.65615843194417	35.233548712025275	35.221483414001234	35.23630826142679	35.24375010109256	35.25954908436305	35.23546534769022	35.17637369328945	35.157090703575676	35.13936993090185	35.140302936492546	35.110641282554134	35.09490777799495	35.04792913051651	35.019643879710955	34.99252831571448	34.95375195821862	34.89691196416118	34.83774206817996	34.79514068716634	34.75312514094003	34.70850386213054	34.64835970551846	34.59447577946703	34.536191875465676	34.48225960252857	34.44819946474015	34.41179699011625	34.3667754420058	34.337295870308324	34.29747659419887	34.25610630018974	34.201620854163664	34.14591624561878	34.095973441675454	34.04583650563238	34.02780683049393	33.98249960743091	33.92821328133266	33.828147245074554	33.79780082715322	33.761195352357916	33.921082988359885	33.963176384229484
209193_HY5CNBGXT_TCDM_2_C09_C64_4_1_i_TCGTTC_S67_trim1	31.18086405498347	31.497574836801302	31.57214387969514	31.557939830721384	31.618834292863973	35.181310355002935	35.179234606267684	35.19371386638607	35.18925129823405	35.181724791879674	35.13078275536473	35.05193573452537	35.01770143392783	34.99264490655243	34.968509317266154	34.87928288770017	34.86267257384537	34.85053505481724	34.82713454947893	34.77013781095413	34.71057584125195	34.602318138375125	34.524805294909164	34.46791412180312	34.44335643874143	34.38806664677069	34.31339068274479	34.23059162228277	34.150523683632336	34.08631962727212	34.0343006945266	33.99420549844487	33.9730190048887	33.89933301049378	33.85154630966029	33.81246910369266	33.63063034014088	33.6098944784509	33.610292761755126	33.52896289289736	33.52384914595495	33.39781176182933	33.34725744817927	33.164724938967666	33.2067905155692	33.19477850953833	33.426379701401636	33.618826259867156
209194_HY5CNBGXT_TCDM_2_D09_C14_4_3_o_CCAATT_S68_trim1	31.29874450306326	31.487260228465946	31.569616237891005	31.599339402760958	31.623178140085685	35.17998172462429	35.1689158599446	35.18024965065711	35.187345460115836	35.199170646469156	35.1670406745858	35.100925138943026	35.08136475732136	35.06414468362017	35.060081972964255	35.02003442602303	34.99978005002308	34.95026081455868	34.919641609612164	34.89344226592753	34.84930901398478	34.79624430284274	34.740449031763276	34.68649543726525	34.636328342940104	34.5922451882431	34.533858181327574	34.47098369105042	34.41185800915968	34.35038208176418	34.32183003397907	34.28749205551629	34.24491026930035	34.213403034529605	34.17701196829961	34.13895271268864	34.08007658245637	34.03086279092159	33.98509788457272	33.93103888155205	33.90376528474501	33.853319178747434	33.80252821767573	33.70893080447283	33.68291106797392	33.65232959968142	33.831345504241796	33.925124384866145
209195_HY5CNBGXT_TCDM_2_E09_C64_4_2_o_AGTTGA_S69_trim1	31.39273296608847	31.547350299110594	31.62274921895886	31.652349986525998	31.671612840210884	35.26292094024835	35.25329364043967	35.2674194070553	35.2745785878177	35.29683399954358	35.278233840484646	35.22224015698625	35.20327636039644	35.18865473831626	35.18804866927651	35.15807555273438	35.14201197837141	35.095980911066704	35.06978463392762	35.04842538140789	35.01315434256574	34.96703436546824	34.90748248325842	34.85683734839084	34.803940810322075	34.76118777709311	34.71257560399235	34.665848329029366	34.60242248871202	34.56273477983171	34.53501411807335	34.50215497081558	34.45946072606961	34.42488510349885	34.385387351681715	34.34546816962561	34.30155658600745	34.26731845805297	34.213277458330296	34.16241789579672	34.14171952907361	34.09327156480708	34.04257236762703	33.95072288578115	33.92975545269138	33.88740055731644	34.04166572694139	34.01796926637702
209196_HY5CNBGXT_TCDM_2_F09_C64_4_1_o_AACCGA_S70_trim1	31.29615709514624	31.454788009945265	31.538454085875895	31.567543771798814	31.586966650265396	35.11415567563802	35.098355591164214	35.11555471855855	35.124854674579915	35.14117031050654	35.10953900817306	35.03120272841673	35.00478855423523	34.981465838184775	34.98312654152715	34.947693751779404	34.932316666047214	34.87426428375157	34.84233004445561	34.81463009407504	34.78212667458301	34.72338168061411	34.64386756272661	34.57219622824847	34.4869691331046	34.43302918998211	34.39617594814973	34.355516250371814	34.275955114052486	34.25379214201975	34.22754315455045	34.19843475831732	34.151377374185415	34.09756510116069	34.043163139349225	33.99294035515335	33.95135218214867	33.936178502631165	33.86709312851795	33.81590784322562	33.8189936589073	33.76345513734984	33.72312442908059	33.59422749226482	33.615116421914124	33.58463102583917	33.803829926170195	33.86339499878967
209197_HY5CNBGXT_TCDM_2_G09_X5_36_1_i_CAGATG_S71_trim1	31.358326357560173	31.522760130245086	31.602267995555046	31.631207180893938	31.649084844655064	35.213168995324864	35.20313142529055	35.2132302039627	35.22656441950504	35.24464413642802	35.22364429332903	35.15954440945303	35.13289882384585	35.11292799708957	35.11021846588204	35.07883961342317	35.066905562578874	35.01740602890243	34.98752720593113	34.96471049014603	34.93497653368063	34.871673796633516	34.80115634758103	34.73152038863387	34.641754208270584	34.591315364881154	34.57386481921896	34.543136581741024	34.46470508212407	34.42683457023875	34.406154337962676	34.370735945952305	34.32157108322717	34.26919764643056	34.19976859207831	34.1512179871166	34.11960891022561	34.09421932076137	34.02993764543969	33.99472983785585	34.011389314604386	33.948028964214856	33.886896520819434	33.737082875531996	33.75681600010721	33.71190027270737	33.905589621766836	33.85590579634449
209198_HY5CNBGXT_TCDM_2_H09_X5_36_2_o_GTAGAA_S72_trim1	31.36031936537884	31.532187939271388	31.608083761027025	31.638772787628874	31.657029665363737	35.23305998297008	35.22250252568886	35.233909455027174	35.24269558327457	35.25902484281576	35.23427962994961	35.17198594642893	35.15001330948523	35.13238921604797	35.13191444988783	35.09860279234255	35.08370543360574	35.03375284062679	35.004460276347814	34.97708516286545	34.94651603256528	34.88566675128931	34.820407469702715	34.76818507475556	34.710720092515146	34.66642976366029	34.62053447628312	34.572645047751756	34.507263230903284	34.4598502155227	34.438518040653	34.40527042264108	34.36159208508947	34.32628789096289	34.283183425420816	34.244215693787126	34.194262079534845	34.153949517609576	34.10445263013678	34.053833765777284	34.04183295564265	33.99388858151132	33.95128683032406	33.84228949828214	33.827617797148896	33.79019573262535	33.957940439352015	33.957225159715264
209199_HY5CNBGXT_TCDM_2_A10_A03_4_2_i_GACATC_S73_trim1	31.358037302108084	31.516092876909973	31.594623854220586	31.62852072014792	31.654293030156058	35.23063875631563	35.215314996786994	35.23238468164077	35.23998160503538	35.26408305041225	35.24817128714486	35.19158070349192	35.17171347940619	35.155645141569224	35.154666870352386	35.1253794927115	35.107760124449754	35.06004320708813	35.034680597945176	35.012552958562594	34.97686915079417	34.92827428319665	34.86723429169815	34.80320536349882	34.76973157964456	34.73493425582839	34.67853237548276	34.629083479354705	34.569784043532245	34.508518908993494	34.47814762750387	34.442096834609785	34.39337116577296	34.371671028417566	34.33676180685802	34.30051136169416	34.258336598772686	34.20221468776409	34.14251001034135	34.09136884909269	34.07735622116145	34.043063448289715	33.99205060624588	33.919153649079476	33.888516614458894	33.84565178854575	34.008632794793925	34.026134969685934
209200_HY5CNBGXT_TCDM_2_B10_A03_4_3_o_CGATCT_S74_trim1	31.351118140911268	31.51543373587418	31.59423433478876	31.62983714904685	31.65033548073998	35.210778882127315	35.20255243569476	35.213743721367074	35.22542072584604	35.25342919348846	35.23475334695813	35.17450706090843	35.148542833183654	35.12849913512527	35.12225577250213	35.08851716021813	35.0729845999776	35.01751861789006	34.98581013180382	34.97122646150456	34.943838025125245	34.89128175836393	34.81620172846446	34.74735266315277	34.64484847961779	34.596436081746894	34.586084171744275	34.55790329166105	34.47967522305778	34.44006584073381	34.427014797531385	34.39468273839062	34.32905174010574	34.28338150753701	34.200290340952606	34.15428902009501	34.15683533980925	34.10761095607635	34.026100345275445	34.009521239291885	34.02162217339869	33.978784947049974	33.905537417675376	33.80535022454997	33.78609146413191	33.738505809266684	33.912457955954594	33.86497131982522
209201_HY5CNBGXT_TCDM_2_C10_A27_4_1_i_CGTCGC_S75_trim1	31.317909379102314	31.486899067906474	31.57916961053913	31.61410837153371	31.638365880615048	35.19330166221695	35.18200451128273	35.19784566659821	35.203714897953645	35.22642577071335	35.20405933641348	35.142377619938856	35.12400365793644	35.103823546760324	35.10471194382945	35.07085401643096	35.0565706619308	35.00561591588197	34.97186288681608	34.94902596903011	34.90920968061101	34.85522395118498	34.77836483725072	34.717113055212536	34.65193225712166	34.600787219069275	34.551583445852536	34.5071531107898	34.438243323730546	34.39220305904378	34.37231756209476	34.3372376472197	34.283556139170116	34.243539567104065	34.19481103194465	34.14548452534295	34.102542153646375	34.07198928086493	34.00868388451897	33.957182508177894	33.93487592202785	33.89242508929717	33.84422451328535	33.7405378703844	33.71021124897744	33.659255593779164	33.83814889492897	33.88640415404587
209202_HY5CNBGXT_TCDM_2_D10_A27_4_1_o_ATGGCG_S76_trim1	31.2784311610596	31.455690014301904	31.54289520388967	31.593168284794178	31.61983482072193	35.14408782293095	35.12627277833731	35.152693478416175	35.16355998324674	35.20122854889612	35.185460035215456	35.126952854147206	35.0903691880133	35.05992616519889	35.031990625041104	34.984767262271774	34.96486866720123	34.888012151795635	34.822540006377324	34.8357189891813	34.8353121331599	34.75908851435364	34.647499972019325	34.53975239308883	34.31131743325649	34.204747147631394	34.30051198823577	34.27749402975705	34.153831249103504	34.15567991525782	34.19579126819571	34.16527644217436	34.06312562692428	34.024138631347725	33.820274907003835	33.762276352683216	33.8936863937858	33.811532072587134	33.64470230178328	33.70371178733629	33.77914791842767	33.76509030895584	33.64161774279755	33.51546041654436	33.49232642914176	33.432412150088155	33.6888180235614	33.60930242030872
209203_HY5CNBGXT_TCDM_2_E10_A27_4_2_o_ATTGGT_S77_trim1	31.35562563720755	31.54495516661459	31.623842157117462	31.65150040611286	31.67858141671482	35.26657190950671	35.256683636803466	35.271058031188325	35.276094161618026	35.29302453210518	35.27009942731994	35.2103104224702	35.19507829425679	35.17709506922272	35.1746470655642	35.14031751748966	35.12216479291121	35.0801763480457	35.0526161770409	35.02607435238108	34.98875520117798	34.93367325336078	34.86792526879631	34.80273942361518	34.7435845529719	34.704553165971575	34.653667590192114	34.59602921757866	34.54047071862851	34.48127472730056	34.45750552305368	34.42079931111759	34.37815771880122	34.343840348672586	34.306700707676384	34.271528674812785	34.22751484952629	34.17647275220109	34.11384339446666	34.06361542888419	34.046809203055965	34.013354970935225	33.958825912111145	33.87122965983852	33.831769721517986	33.79021117648037	33.949259215174834	33.943129725467166
209204_HY5CNBGXT_TCDM_2_F10_X4_24_1_o_GCCACA_S78_trim1	31.319621540869317	31.481367039239398	31.565939180395784	31.60087977938561	31.62248375312279	35.174247036226454	35.16063305282275	35.174759738710875	35.1809076491093	35.20026321405706	35.1733696839339	35.10905447986977	35.088949696404136	35.07194012612515	35.070660119940975	35.03647505393351	35.02074523044391	34.96611765588682	34.93207461793608	34.90668879614121	34.86962952880866	34.811737477692574	34.738508857234834	34.67850215566062	34.629735150005835	34.58523700934864	34.531587333941246	34.48413282925363	34.420088962758385	34.35637664139135	34.333528924603264	34.29536165959916	34.24511291769734	34.21675332407182	34.16805807575584	34.13364161640469	34.091838694811926	34.03590672211378	33.963346897318715	33.912468805594536	33.906683146656256	33.87386268283832	33.82464491231179	33.72702955854429	33.70358097471572	33.661798447191096	33.84942849392757	33.91998098072851
209205_HY5CNBGXT_TCDM_2_G10_A27_4_2_i_CATCTA_S79_trim1	31.342095663346413	31.49947289108515	31.57842118025543	31.612838121733713	31.6345075464046	35.203521087551195	35.19064107092711	35.2074537916397	35.21230349790389	35.23322401718147	35.210350228505135	35.14433306955069	35.125096028139254	35.10802560973495	35.10765366994071	35.07909324758849	35.06197611341485	35.01354042949224	34.98425342458408	34.959875276485256	34.93022951602255	34.88210741450612	34.8071203169376	34.74362839706178	34.6847337632763	34.64599172707839	34.600666419266446	34.548600755897965	34.492200808120145	34.43453011728123	34.41189020662658	34.37636438965563	34.33103931056779	34.29961486387914	34.26348748407011	34.23239234768566	34.19805580967658	34.1441600162228	34.078117580487614	34.02815089421645	34.01644438444787	33.98825685563623	33.94495964664763	33.85860189179	33.82799509826157	33.794968513892044	33.96446642248901	33.963454505870516
209206_HY5CNBGXT_TCDM_2_H10_A27_4_3_i_AACAAG_S80_trim1	31.276712284030292	31.417845823678523	31.497285507674604	31.525917608820738	31.550609147318166	35.0579316672628	35.04335598650141	35.054495280158	35.05656532354634	35.0668668646875	35.02863404506788	34.938774707245386	34.91538178623081	34.89433642287296	34.89560051030175	34.85635842133093	34.8414954342105	34.78173963196642	34.75015392648466	34.72291600884231	34.68982180742171	34.63879960844936	34.56584487606614	34.50287280345858	34.46276949502756	34.42865203940062	34.38027803365445	34.335113314474334	34.27612492860362	34.21230695994668	34.188299751358954	34.151614139211254	34.103343654828564	34.078130919866354	34.04235722857488	34.00733110846165	33.95688641978992	33.89783009666062	33.83039670136979	33.7864650760244	33.79198581836928	33.77174492549253	33.73265320386152	33.64821286988115	33.628303385452085	33.60944504734461	33.82269577480368	33.89521541236984
209207_HY5CNBGXT_TCDM_2_A11_X4_24_2_o_GCAGCC_S81_trim1	31.403029018893772	31.530560387757397	31.60782664722319	31.641925596893756	31.666160434127683	35.25629709924161	35.245956913802864	35.25925815314777	35.273894482147796	35.29950955998414	35.2911949821128	35.243709350893724	35.22661472511113	35.21352890261462	35.214701948002265	35.18579891499303	35.16533940586093	35.12100610510019	35.09483508361459	35.07475002237877	35.04141197584353	35.00076598202022	34.95587214369324	34.90914368521952	34.87326876754001	34.83685213853998	34.78114627929137	34.72742140659149	34.675598835360894	34.62415623506314	34.599917946265904	34.55945076545018	34.52065615383114	34.50079090412335	34.47579668540139	34.44624871469907	34.40148491933016	34.35650881464975	34.30951519108251	34.25970867043146	34.22298425898795	34.179294002508485	34.12938255539507	34.06138211195753	34.02091766311873	33.9768082704736	34.11347963931655	34.12422509447874
209208_HY5CNBGXT_TCDM_2_B11_X4_24_1_i_ACTCTT_S82_trim1	31.436545088732885	31.574588477812398	31.642021793932663	31.672378780985046	31.69210506367824	35.30167047730624	35.29171887107005	35.30189268029361	35.31188053978847	35.33536970257931	35.3277368304834	35.28415720453724	35.263323289388254	35.256049393937445	35.2588673243019	35.23591337218158	35.21579696109101	35.17664465804627	35.155496347461565	35.13676312173089	35.10781062745028	35.07175685913419	35.03546548288144	34.996240158817216	34.960793630540465	34.927275396459876	34.878738584601656	34.8274253073452	34.78079105324244	34.73127745777134	34.70759401159915	34.67327223957503	34.63645899856891	34.61987294322983	34.597945224581615	34.57623786242486	34.53534929572375	34.49021555923062	34.45099515017908	34.40671975850637	34.37977725343785	34.34065270188666	34.30166400038215	34.2402979873499	34.20691676320446	34.16917115424354	34.27911962389285	34.18460314736886
209209_HY5CNBGXT_TCDM_2_C11_X5_36_3_o_TGCTAT_S83_trim1	30.992936070329282	31.13691622932306	31.240240040744922	31.283797249717665	31.2992758918488	34.56662016430833	34.5123674129188	34.587214065856195	34.59004849531655	34.57758143448703	34.54983502734781	34.440067317699686	34.406408467858014	34.329768152527734	34.311765647459794	34.31463202438276	34.261299213909666	34.13941672495838	34.133700589089955	34.112142396153786	34.08906747966293	34.014923746059445	33.90546471690955	33.740940608511366	33.56224855882006	33.588607688737	33.49335365287318	33.4818773610335	33.47132271730716	33.29464587279515	33.29343827077271	33.16826940864878	33.17353662686912	33.103653632255394	33.04259402400061	33.06494642266064	33.04075353883536	32.887355705891096	32.65046725368303	32.637275134215145	32.85975880082768	33.024112954677946	33.04980528098497	32.968826871061495	33.019915183512815	33.100308786411574	33.396561853355834	33.737675699761006
209210_HY5CNBGXT_TCDM_2_D11_X4_24_2_i_AAGTGG_S84_trim1	31.398503384431724	31.54462082482706	31.620267601815986	31.652981726505484	31.67520604287486	35.25878691805921	35.25116518084051	35.26310325724463	35.26961464122264	35.296631547531376	35.28448116917242	35.23680962240011	35.21483761002988	35.20043633496742	35.20177107498682	35.175155709713735	35.157974033155114	35.11414640320376	35.088709809357525	35.06334308416763	35.0342678476859	34.98724829271712	34.931465151674836	34.8866029438108	34.83037441486053	34.79014756253591	34.75034300298343	34.70703143007637	34.6428708172086	34.602287023215645	34.579074359318156	34.546040131449686	34.50549035689454	34.47760377470955	34.44426840195983	34.40433805677938	34.36562688424598	34.34214907202297	34.285870551740885	34.23801807963808	34.218424598647445	34.16570541091048	34.114730970303725	34.021835198440755	33.997860968421605	33.95869099506715	34.09746317080058	34.023134082057275
209211_HY5CNBGXT_TCDM_2_E11_X4_24_3_o_CTCATA_S85_trim1	31.31986641502268	31.494978121162557	31.57672629622008	31.615826886632785	31.637473116932213	35.21189487286555	35.20395587453051	35.21328822143071	35.2239064375704	35.241546724563136	35.219595087082965	35.15859015715277	35.138987445920606	35.124965717801295	35.12402267936396	35.09325847855105	35.068603339233874	35.01783471163682	34.98633021363578	34.96229694433752	34.93035119112635	34.87921342681887	34.825324744948766	34.77715362270955	34.731269459147285	34.6877103780037	34.636426765420026	34.57904454125497	34.52106112879369	34.4708487284164	34.441332625101595	34.40582240793997	34.362114035552175	34.33338347416136	34.300652447022486	34.264761605510586	34.21579427223115	34.17462501119272	34.12139131933728	34.07488558589118	34.04573902419605	33.99610147262089	33.94120378138797	33.855160000985386	33.830402483291095	33.78829496270707	33.9614193039443	33.990472448626974
209212_HY5CNBGXT_TCDM_2_F11_BLANK_AATCCG_S86_trim1	29.940694255992764	29.863975576662146	30.05240841248304	30.07864088647671	30.115332428765264	32.65829941203076	32.65609452736319	32.600746268656714	32.59724106739032	32.60201831750339	32.36454093170511	32.09266169154229	31.966163500678427	31.92034147444595	31.918863546193734	31.81017807246628	31.834639253555224	31.474965906878026	31.406242375759792	31.377096339276243	31.349721064935682	31.286444420468946	31.15689802467982	31.050896862409857	31.001929153591444	30.951351384117274	30.898484577184092	30.886919243569064	30.78189810376825	30.823326746076987	30.739699852790395	30.734737387350663	30.69874964392276	30.648287423177887	30.620829637602263	30.637767620377165	30.601443419713853	30.644445511857143	30.627002220275408	30.617209019723887	30.61199533944632	30.73654454967048	30.709379283129575	30.767238296940846	30.78926469290269	30.990451176958352	31.956226306356726	33.435806253832006
209213_HY5CNBGXT_TCDM_2_G11_A03_4_1_i_GGCCAA_S87_trim1	31.37620229247965	31.506333534854285	31.582684194265116	31.619267737926663	31.643078524737067	35.21284823609779	35.20280937481399	35.22086770358846	35.23165670062558	35.25515326052934	35.2450099268977	35.1941680336482	35.170876571590085	35.15711790757275	35.15806736027088	35.13084457222034	35.11082141995231	35.06417248256428	35.03681430192567	35.017567808307746	34.98554042203081	34.94118068536714	34.89436998520755	34.8416323873283	34.800103754700146	34.760020427142265	34.708772867894794	34.65785262924773	34.60184111023778	34.549157606276495	34.5248528040473	34.48469329607329	34.439887052861344	34.41715341524976	34.388892501756786	34.35844243668658	34.31790834085939	34.2691298869134	34.21673306992737	34.17077549321298	34.140701352101985	34.09347862200998	34.04283741126986	33.97145394997915	33.93560388855286	33.8990791039464	34.04567308624183	34.075312958131676
209214_HY5CNBGXT_TCDM_2_H11_X8_37_2_i_AGACCA_S88_trim1	31.28317828403219	31.46811448026912	31.553074782897042	31.58794814980722	31.606876211682472	35.16170334377095	35.1488691448376	35.16393636639969	35.16681877084312	35.1821124215906	35.153601251205316	35.086048453482306	35.064205263555934	35.04322552237786	35.04144143012805	35.00685676462314	34.98315907721883	34.928068395439546	34.894034662748965	34.86822583437071	34.82201423023897	34.76160316303617	34.68377893230668	34.62477248082743	34.594679308407436	34.552430221319	34.48877769111198	34.435580228882166	34.377614084474615	34.316749882782304	34.29145745944106	34.25086902056148	34.21179537209913	34.18104394032595	34.140796974518	34.10498865276448	34.04590251227597	34.00056765667118	33.94502693010304	33.89541108241811	33.89091844584077	33.85728439655832	33.816052313359265	33.71365194772815	33.69183922494314	33.669028627674976	33.86479828520376	33.9276018163167
209215_HY5CNBGXT_TCDM_2_A12_X4_24_3_i_CGCGGA_S89_trim1	31.378520271269515	31.512151011675076	31.593410024978954	31.63179732984807	31.65336616783043	35.23401553956535	35.225087973318736	35.24403490396951	35.25128982675645	35.27499769195751	35.263775034302284	35.212349604622915	35.19269586309068	35.183842168674346	35.182899493769185	35.155982356952435	35.13631870562355	35.091628980061856	35.06555579180114	35.044771931273495	35.011854505302274	34.96643013332057	34.91787746900958	34.87339029582134	34.83289432115909	34.792576924665795	34.73818309859139	34.684743189833284	34.63194771271944	34.58094141375091	34.55594796418211	34.520790840210296	34.476620909875706	34.45862441510777	34.42484877380103	34.38975873521666	34.34066685036263	34.29969350327369	34.247365457891476	34.19517458359672	34.15382347499319	34.1066721246237	34.052407720449594	33.97791566249255	33.93981679114387	33.89992556130029	34.04944614366924	34.07717130489371
209216_HY5CNBGXT_TCDM_2_B12_X8_37_3_o_CCTGCT_S90_trim1	31.388440147932215	31.533436717048666	31.612507273709294	31.645813640800572	31.66578779608289	35.25230283410783	35.24124316253159	35.254448566995244	35.26091156314034	35.289707185852514	35.27783044259215	35.22318955717894	35.204104688365504	35.18916113307631	35.189055990067416	35.15928493794842	35.13891647841453	35.09055393774641	35.062437325058006	35.04440525937767	35.014401839744565	34.96469091990332	34.91300589592433	34.85912553745119	34.79531344823242	34.74981133315852	34.71437963697256	34.67435524610383	34.607212020609765	34.56945040562129	34.54536780369621	34.510290463241134	34.46760124389205	34.435484287648215	34.39481944216281	34.35742939462943	34.31575628993418	34.2846330930947	34.231086288785406	34.182764084171325	34.15922177095965	34.10254782677417	34.053726755985345	33.95636869536432	33.93822912665425	33.893293830534894	34.042852862464784	34.01625536684002
209217_HY5CNBGXT_TCDM_2_C12_X8_37_2_o_GCGCTG_S91_trim1	31.38206867264567	31.522555629847094	31.603838251448902	31.637836334015386	31.659963573195174	35.24269917748589	35.229084150512286	35.243591414619914	35.2533316867875	35.2773191467159	35.26425146864569	35.21121996757809	35.19351805536222	35.17850171849828	35.17679466800867	35.1452043406661	35.12383591419409	35.076581511024294	35.05110986061317	35.03024504831222	34.99813136013147	34.949100449424094	34.89506273439328	34.84719563604452	34.801752376600206	34.7603701613956	34.71656054539664	34.66902043423492	34.6092703389838	34.565373955505926	34.53630518481205	34.503063309849054	34.457410222606036	34.432834669210635	34.39975003301163	34.363668522297615	34.312834007860175	34.27723950109993	34.22118076141193	34.16994142249069	34.14222544945913	34.08712104293956	34.03245179263651	33.94248500017767	33.91370433733648	33.87316484317769	34.02556735875262	34.0260591795041
209218_HY5CNBGXT_TCDM_2_D12_X8_37_1_o_GAACCT_S92_trim1	31.388673684841276	31.537630618026984	31.610496756569884	31.642689232839235	31.6641456957018	35.25430484293736	35.24279938670251	35.257276973932136	35.26752077738823	35.291385275296136	35.27484176811931	35.21696828630978	35.19644108859721	35.185235335693996	35.18452942965986	35.14986999701391	35.13141632507206	35.082769991573436	35.0560824919172	35.033304367068986	35.003884118993284	34.957068223835925	34.906977079117	34.85797776015312	34.81199277190106	34.77194148751201	34.72398095055777	34.67380481792249	34.61625301171057	34.57308060482237	34.54944659611281	34.50716009992354	34.46758243757611	34.44426871694718	34.41093242426853	34.37625283717976	34.32491353776258	34.288327160141094	34.23481542637592	34.183133253540134	34.152101052672194	34.10568108680218	34.05446703150748	33.962272895918446	33.93388221291555	33.896705928170014	34.05119778726908	34.03146598927627
209219_HY5CNBGXT_TCDM_2_E12_X8_37_3_i_TTCGAG_S93_trim1	31.420316563543693	31.560130260596928	31.632537885385823	31.664474905901866	31.686252660118296	35.283529456313474	35.27146156933726	35.28745378399461	35.29753731738903	35.32313556947358	35.31064804646971	35.260532780988015	35.2412854903327	35.227112531523815	35.2270056104799	35.1969702945911	35.17680015853678	35.13072217610234	35.10575790637558	35.08829343173476	35.060093244134166	35.01440622469527	34.96726051474901	34.92247421092426	34.875275544211796	34.83424456779293	34.79196912396922	34.745988883070005	34.69027989429176	34.64770937409417	34.62296360998845	34.58748552072285	34.547286495774514	34.52388590241273	34.490533652110386	34.46152466016834	34.416199840623776	34.37988718513203	34.33098134480393	34.28373431525684	34.257096848440696	34.20375517657287	34.15691002791675	34.06713663819068	34.03951610167608	33.99754861180469	34.13708636397159	34.06688721883964
209220_HY5CNBGXT_TCDM_2_F12_C14_4_1_i_AGAATC_S94_trim1	31.367076161013728	31.505837673736284	31.579954099718073	31.613206168659502	31.631712884187348	35.203150244914724	35.19294332834083	35.203656064483425	35.2132812164536	35.23226523210661	35.215633750101745	35.15062928632816	35.127610890966636	35.118008650684246	35.11755114606029	35.08325041897844	35.065880318979666	35.011124321450964	34.98413468688353	34.96480914766816	34.93601174742008	34.89227135301142	34.8406653614536	34.78929583683145	34.74397047591049	34.702074910452296	34.65807215063299	34.611070599142806	34.55814853589838	34.51609814631669	34.49364249326675	34.45840473010969	34.41929706640947	34.39608527755557	34.36146814064942	34.332104533807495	34.28738943146351	34.25218720313836	34.20390244109191	34.15814517307149	34.13026608281811	34.08733814894394	34.0383861504113	33.95777416218942	33.92941262376881	33.897149953991686	34.06684665151888	34.03847924917109
209221_HY5CNBGXT_TCDM_2_G12_X8_37_1_i_AGGCAT_S95_trim1	31.218920169082153	31.381885019033312	31.495560696076627	31.53969185562839	31.570196189185687	35.09711649061331	35.0853675863019	35.09779530177903	35.11104477018058	35.14382935997773	35.137954799696644	35.08305954183814	35.06027990202111	35.04767259027983	35.04497890995761	35.01320538482429	34.996619492627744	34.93837943049182	34.91178631803088	34.891398855213595	34.86247053434768	34.81097788982326	34.758061918381046	34.70789200418112	34.65334069961364	34.60752315616824	34.5621532128346	34.51381373747799	34.44927382242189	34.39854647433431	34.37757625903697	34.33768748042064	34.287179363011845	34.260893520743444	34.225502392902285	34.19034849541956	34.14863136484648	34.10600805012274	34.05190341545093	34.007721126015035	33.9767747619738	33.926055581347626	33.86443582653108	33.777298594000555	33.73702400082095	33.69616580091488	33.87170691273523	33.97556097915345
209222_HY5CNBGXT_TCDM_2_H12_C14_4_1_o_ACACGC_S96_trim1	31.353070957074475	31.487678212980597	31.573107854238508	31.606002303258016	31.628250617633434	35.185235022389215	35.1715237209841	35.18735797647846	35.197264559421484	35.22148109784343	35.207721382984204	35.15115814311081	35.129206019352516	35.11134370657265	35.11223160088903	35.08351747334047	35.06575232247201	35.009014726896325	34.98574207137612	34.966483607142976	34.93949062028935	34.89105926542585	34.83063861899048	34.77660683472846	34.71429300648755	34.671305769074095	34.63036099360025	34.58429286660885	34.53044091539854	34.48575062835195	34.46299265796027	34.42558669684696	34.37768688086224	34.34398737008155	34.30966308271894	34.2763474036124	34.24025780551865	34.200695536245114	34.14480523384316	34.10472725034114	34.081540030590574	34.03392589421472	33.979782649405564	33.89439758619989	33.87208245525873	33.82820566135059	33.99521270887141	34.020806817326246
