Sample	0.0	1.0	2.0	3.0	4.0	5.0	6.0	7.0	8.0	9.0	10.0	11.0	12.0	13.0	14.0	15.0	16.0	17.0	18.0	19.0	20.0	21.0	22.0	23.0	24.0	25.0	26.0	27.0	28.0	29.0	30.0	31.0	32.0	33.0	34.0	35.0	36.0	37.0	38.0	39.0	40.0	41.0	42.0	43.0	44.0	45.0	46.0	47.0	48.0	49.0	50.0	51.0	52.0	53.0	54.0	55.0	56.0	57.0	58.0	59.0	60.0	61.0	62.0	63.0	64.0	65.0	66.0	67.0	68.0	69.0	70.0	71.0	72.0	73.0	74.0	75.0	76.0	77.0	78.0	79.0	80.0	81.0	82.0	83.0	84.0	85.0	86.0	87.0	88.0	89.0	90.0	91.0	92.0	93.0	94.0	95.0	96.0	97.0	98.0	99.0	100.0
209031_HY55YBGXT_TCDM_1_A01_A04_1_2_o_CAGCGT_S1_trim1	0.00044626542776772575	0.0004710579515325995	0.001437966378362672	0.002801555185430723	0.003297405660728196	0.0035205383746120594	0.004016388849909533	0.005553525323331699	0.008503835651351663	0.010412859981246934	0.01192520393090423	0.01485072173515932	0.017701861968119792	0.02060258724861001	0.023602482624159718	0.0267263406185338	0.030693144420913587	0.03589957441153705	0.04239521563793395	0.04913878210197958	0.06009707760605374	0.0773526741464058	0.09969073805855695	0.13038388247947055	0.1709940364063336	0.22496736064246356	0.31082387044022103	0.4259603508042943	0.5697817811643263	0.737056939005929	0.9524048004276215	1.2437417471886516	1.5457146866448128	1.8089369114564764	2.0685642203222336	2.3251668412886755	2.5153998761365512	2.6735018001851505	2.8389175187443874	2.9708385376972806	3.075909253412815	3.152071886418507	3.203714713420738	3.2382259065014427	3.2511923964304716	3.252878288046483	3.2488371066728083	3.2763320155280535	3.3756012806826075	3.3983360249749968	3.237977981263794	2.9293854379624116	2.6158095973842896	2.5236309940264894	2.5897774474311723	2.88949426722473	3.6586079394586406	4.323617804403847	4.4839014705437545	4.050131474753525	3.042786441662944	2.103819189115884	1.3824559176531197	0.8063272504049859	0.5123375036011141	0.40535776355568426	0.3541116169336904	0.34726888037458525	0.3503183607976647	0.30165063664721775	0.20329869487196398	0.13018554228935156	0.08221200880432104	0.046114094202665	0.028114721949366726	0.017255596540352063	0.012049166549728596	0.009148441269238378	0.006793151511575382	0.00515684494309372	0.003942011278614911	0.002727177614136102	0.0017106841397762822	0.0010660785218895672	0.0006198130941218414	0.0002727177614136102	0.00012396261882436827	9.917009505949462e-05	9.917009505949462e-05	7.437757129462097e-05	7.437757129462097e-05	9.917009505949462e-05	0.00012396261882436827	0.00012396261882436827	0.00044626542776772575	0.0009669084268300725	0.0006693981416515887	0.00014875514258924194	4.958504752974731e-05	2.4792523764873655e-05	4.958504752974731e-05
209032_HY55YBGXT_TCDM_1_B01_A04_1_1_o_GATCAC_S2_trim1	0.0007663992188859162	0.0008430391407745078	0.002222557734769157	0.004675035235204088	0.0063611135167531046	0.007587352266970569	0.009656630157962543	0.014944784768275364	0.022148937425802977	0.027360452114227208	0.03632732297519242	0.046903632195818064	0.05464426430656582	0.06353449524564245	0.07188824673149893	0.08047191798302118	0.09212118611008711	0.10208437595560403	0.1115877262697894	0.12086115681830896	0.13120754627326883	0.14301009424411193	0.15803151893427592	0.18615837026738902	0.22593448972756808	0.27467748004871234	0.34756204576476296	0.45692721429978317	0.6078312204984201	0.7749828901374384	0.9738634874383336	1.2649419107712045	1.5775561521547699	1.8428069218111853	2.089127630761119	2.3190473964268934	2.4994577725526383	2.6703647983641976	2.8769860277758403	3.052108249291272	3.1476015919644573	3.1868412319714166	3.2232451948684973	3.2186467995551817	3.1635426957172843	3.117865302271684	3.103227077190963	3.0907347699231225	3.085369975390921	3.0102628519401016	2.834067671518229	2.587746962568296	2.31107684455048	2.20117519656224	2.3154453200981298	2.755435111660534	3.76508944262084	4.680476669658178	5.018458725186868	4.654725655903611	3.503134189605634	2.3477873671351155	1.4754717761991658	0.810543813893745	0.4742478366466049	0.34173741170123	0.2512256639508033	0.2090737069120779	0.21221594370951016	0.19681131940990326	0.13480962260203264	0.08399735438989642	0.05341802555634836	0.02667069281722988	0.014561585158832406	0.011266068517622968	0.00804719179830212	0.005364794532201412	0.004061915860095355	0.0036020763287638053	0.0032188767193208475	0.0025291174223235234	0.0019926379691033815	0.001379518593994649	0.0009963189845516908	0.0004598395313315497	0.0	7.663992188859161e-05	7.663992188859161e-05	0.0	7.663992188859161e-05	0.00022991976566577485	0.00015327984377718322	0.0	7.663992188859161e-05	7.663992188859161e-05	0.0	0.0	0.0	0.0	0.0
209033_HY55YBGXT_TCDM_1_C01_BLANK_ACCAGT_S3_trim1	0.0035355053120967317	0.007071010624193463	0.01767752656048366	0.03005179515282222	0.045961569057257505	0.08485212749032155	0.1431879651399176	0.18384627622903002	0.2474853718467712	0.37829906839435024	0.526790291502413	0.6664427513302339	0.7831144266294261	0.913928123177005	1.0641870989411162	1.2391946118899044	1.407131114214499	1.4955187470169173	1.6281001962205448	1.7076490657427212	1.6616874966854638	1.580370874507239	1.4813767257685304	1.4371829093673212	1.4654669518640953	1.5043575102971594	1.5874418851314323	1.6740617652778023	1.8579080415068325	2.0558963389842493	2.151354982410861	2.2839364316144883	2.508441018932631	2.6887517898495643	2.884972334670933	3.0582120949636726	3.0193215365306085	3.0193215365306085	3.0175537838745603	2.897346603263271	2.7470876274991602	2.644557973448355	2.572080114550372	2.5490993300217433	2.446569675970938	2.354646537856423	2.52081528752497	2.7223390903144833	2.8602237974862557	2.7842104332761757	2.56324135127013	2.321059237391504	1.9533666849334441	1.638706712156835	1.4035956089024022	1.156110237055631	0.966960702858456	0.9174636284891019	0.875037564743941	0.7512948788205553	0.5921971397762026	0.4384026586999947	0.3411762626173346	0.3234987360568509	0.31819547808870585	0.2740016616874967	0.18738178154112675	0.09899414873870847	0.05656808499354771	0.031819547808870585	0.022980784528628753	0.031819547808870585	0.02474853718467712	0.014142021248386927	0.01237426859233856	0.015909773904435293	0.015909773904435293	0.01237426859233856	0.00883876328024183	0.005303257968145097	0.0035355053120967317	0.0017677526560483658	0.0035355053120967317	0.0035355053120967317	0.0	0.0017677526560483658	0.0017677526560483658	0.0	0.0	0.0	0.0	0.0	0.0	0.0	0.0	0.0	0.0	0.0	0.0	0.0	0.0
209034_HY55YBGXT_TCDM_1_D01_A04_1_3_i_TGCACG_S4_trim1	0.0007702848744551198	0.0007702848744551198	0.0023878831108108713	0.005777136558413398	0.007548791769660174	0.007779877231996709	0.008858276056233877	0.013325928328073573	0.018563865474368384	0.02033552068561516	0.021645004972188863	0.024418030520227296	0.026805913631038167	0.028731625817175966	0.03227493623966952	0.03774395884830087	0.043752180869050805	0.0495293174274642	0.05499834003609555	0.06039033415728139	0.06909455323862423	0.08057179786800553	0.0945909825830887	0.11531164570593143	0.14627709765902724	0.18448322743200118	0.241176194191898	0.31412217180279783	0.42342559548797937	0.5704729780214617	0.7336963429185016	0.9360501794378615	1.147647434450683	1.3239656422134598	1.4911944884576664	1.6382418709911486	1.7528602603100705	1.8638583107190532	1.9929580556777313	2.0907072062460856	2.1812156789945627	2.2982989799117406	2.3969724723294417	2.4700725069152325	2.4991122466821905	2.5068150954267416	2.5561133273918695	2.6518597372866406	2.8178561277317193	2.942565248906003	2.9224608136827244	2.7434466088593545	2.5367021485556003	2.524454619051764	2.778725656109399	3.4689779321086314	4.816591319967864	6.22590452627095	7.0980980896164825	6.754011836197381	5.04028204750963	3.2957408638436756	2.0716811698470448	1.2081147970954098	0.7376247957782227	0.536965585982664	0.4265837634732453	0.3916898586604284	0.4127186357330531	0.3743584489851882	0.24425733368971847	0.14673926858370032	0.08819761812511122	0.04382920935649631	0.025111286907236904	0.018871979424150434	0.01594489690122098	0.013942156227637666	0.01170833009171782	0.009166390006015926	0.006701478407759542	0.004082509834612134	0.002927082522929455	0.0019257121861377992	0.0013094842865737037	0.0007702848744551198	0.00023108546233653593	7.702848744551197e-05	0.0	0.0	0.0	0.0	0.0	7.702848744551197e-05	0.00023108546233653593	0.0003081139497820479	0.0003081139497820479	0.00015405697489102394	0.0	0.0	0.0
209035_HY55YBGXT_TCDM_1_E01_A04_1_3_o_ACATTA_S5_trim1	0.0006292175271059046	0.0008337132234153235	0.002485409232068323	0.005112392407735474	0.007330384190783788	0.009988828242806235	0.014173124798060498	0.021094517596225448	0.031067615400854037	0.04415533996465685	0.059838586827771524	0.07583644245443914	0.09120508055400087	0.10830406685310381	0.1254345140285621	0.14138517834069675	0.1546144768480984	0.16612915759413646	0.17715619475666744	0.1839517440494112	0.19288663293431504	0.20646200108162494	0.22157895217034426	0.24374313956264976	0.27879055582244866	0.33704036839427776	0.44805007061393703	0.5914802059177279	0.7569644155465808	0.9559859193701784	1.228531491236101	1.6109856346492473	2.042660319120253	2.3735972775016037	2.545672540726891	2.6439877793371886	2.6918083113972373	2.7356018512838083	2.7954089772352244	2.805885449061538	2.7706807284199626	2.7183927519174618	2.6768801255666497	2.635807951484812	2.5619220833644007	2.4655731495263096	2.382878236026416	2.3987345177094848	2.5614501702190715	2.7111567503557437	2.664940722989815	2.4468696585330862	2.2290660115253775	2.2731426992991457	2.7354602773402092	3.5591846725127265	4.81324666491115	5.733996402763398	5.512653407165717	4.34281218077042	2.903052365684867	1.8905469819424008	1.2089628261431073	0.6486918095698323	0.3384875687066214	0.24515887899863809	0.219360960387296	0.24272066108110266	0.28804005347090544	0.2738826591110226	0.17670001204951566	0.10245234385101891	0.05813969950458558	0.024806901006150284	0.01173490688052512	0.007534879887093207	0.006480940529190817	0.00586745344026256	0.0053798098567554836	0.005065201093202532	0.004089913926188379	0.0028314788719765705	0.0021865309066930183	0.0014786611886988758	0.0007550610325270854	0.00048764358350707605	0.0003775305162635427	0.0002674174490200094	0.00018876525813177136	9.438262906588568e-05	4.719131453294284e-05	3.1460876355295224e-05	4.719131453294284e-05	6.292175271059045e-05	0.00023595657266471418	0.0004404522689741332	0.0003775305162635427	0.00018876525813177136	4.719131453294284e-05	0.0	0.0
209036_HY55YBGXT_TCDM_1_F01_A27_1_2_i_GTGTAG_S6_trim1	0.0003144466211138328	0.00028300195900244956	0.0004873922627264409	0.0009590621943971901	0.0012420641533996398	0.001399287463956556	0.001666567091903314	0.002421238982576513	0.0034117458390850865	0.003899138101811527	0.004685254654596109	0.005927318807995748	0.007043604312949855	0.007924054852068587	0.008946006370688545	0.011288633697986598	0.013867095991120027	0.015848109704137175	0.018803907942607202	0.023489162597203312	0.031460384442438975	0.04084661608268688	0.05219813910489624	0.07005870718416195	0.09412959603042585	0.13062112641068616	0.19840009559177282	0.28337929494778613	0.3742543684496838	0.4705536461657951	0.593234995393357	0.7769976007722809	0.9970473462277412	1.1924601989189325	1.3717891069401513	1.557454114376814	1.7187337863460987	1.8879689578295635	2.0892305176734722	2.279895226385845	2.4507812426301574	2.62224898512353	2.796703970517485	2.9441322688267055	3.0742345583125537	3.1902181945103907	3.2673519506696143	3.3507431945890023	3.514365493885586	3.686320628641685	3.6745288803499165	3.395064445834997	3.054078529899157	2.9828249255547625	3.28532257506627	3.834896657117971	4.735723337284879	5.484735188778029	5.374128589801238	4.56023067804125	3.5279967549108697	2.742226093409513	1.9959027605268866	1.139617444240753	0.6252771060848565	0.4519855731890233	0.3562208547288055	0.33108084737075455	0.3572113615853141	0.32645848204038125	0.21132385171955134	0.12797977479332995	0.074492404541867	0.032356557312613395	0.01664994858797745	0.010706907448926007	0.008741616066964553	0.008269946135293802	0.007027881981894164	0.005770095497438833	0.004858200296208717	0.003773359453365994	0.002892908914247262	0.002279738003075288	0.0017766234092931555	0.001100563173898415	0.0005660039180048991	0.0004873922627264409	0.0003144466211138328	9.433398633414985e-05	1.572233105569164e-05	1.572233105569164e-05	4.716699316707492e-05	7.86116552784582e-05	0.0002987242900581412	0.00040878060744798273	0.00028300195900244956	0.00014150097950122478	1.572233105569164e-05	0.0	0.0
209037_HY55YBGXT_TCDM_1_G01_C17_1_2_o_CTAGTC_S7_trim1	0.00021205227371283387	0.0001767102280940282	0.0009895772773265582	0.0027566795582668405	0.003746256835593398	0.0040289932005438435	0.005124596614726818	0.008093328446706493	0.012440400057819585	0.0156565262091309	0.018165811448066102	0.022159462602991137	0.027319401263336766	0.03134839446388061	0.03399904788529103	0.03855817177011696	0.04484905589026436	0.050539125234892075	0.056405904807613816	0.06527675825793403	0.07686894922090227	0.09245479133879556	0.11362467666446013	0.14115613020150974	0.1808452474314285	0.23262134426297876	0.30327009345497125	0.4002486666329739	0.5396730365991622	0.6996664771154953	0.9059933394380828	1.1868565759707312	1.466200104541771	1.714053870466455	1.9590095886503969	2.194953085201543	2.3794739053773277	2.5195697742102734	2.6602311157731195	2.795944570949333	2.884193658859491	2.954382961458439	3.057475708528495	3.148022029403875	3.1946381875750793	3.254896375355144	3.29790764487323	3.3104187290222873	3.3676021588335145	3.357211597421586	3.196263921673545	2.8868089702352826	2.5642067778268247	2.456130802324517	2.5473486220666546	2.91381029308805	3.723991346853551	4.4504824365937194	4.701269592304764	4.3326167144550025	3.3236366540837206	2.341587232473968	1.5784110993814788	0.95430591579899	0.6197581119713758	0.4877555715851367	0.4000366143592611	0.34645807320115174	0.330589494718308	0.28648262178603856	0.2022625270764247	0.1427818642999748	0.10121961865225937	0.06587757303345372	0.04679286839929867	0.03530670357318684	0.027354743308955567	0.022088778511753525	0.018554573949872963	0.015868578482843735	0.012687794377151226	0.009012221632795438	0.007351145488711574	0.005619385253390097	0.0037109147899745923	0.002544627284554006	0.001767102280940282	0.0013783397791334202	0.0009542352317077523	0.0006361568211385015	0.0005654727299008903	0.000600814775519696	0.0006361568211385015	0.00031807841056925076	0.00014136818247522257	0.00038876250180686203	0.00028273636495044515	3.534204561880564e-05	0.0	0.0	0.0
209038_HY55YBGXT_TCDM_1_H01_C17_1_2_i_TGTGCA_S8_trim1	0.0002913509272388935	0.00029863470041986587	0.00077936373036404	0.0014931735020993291	0.0017335380170714163	0.0019739025320435035	0.002571171932883235	0.003547197539133528	0.00473445256763202	0.005768748359330091	0.006934152068285665	0.008718676497623888	0.010670727710124473	0.013861020363390358	0.01735723149025708	0.02200427877971743	0.028312026354439475	0.03561765085495473	0.04558185256652488	0.05966866989852538	0.08132332756555614	0.10777070798566671	0.1458939768148759	0.20916083066480165	0.3044908540573676	0.443414259938053	0.6313356080071392	0.8568266581436809	1.1618200925505355	1.4623194389047303	1.8371205554780237	2.426880386168173	3.0738469714216787	3.555034879076254	3.811081357706975	3.8828993612713623	3.845817672007032	3.858571558846915	3.9444763797433025	3.8577776275701887	3.6201663788605094	3.4472860224101307	3.3308840432050117	3.2834739635700627	3.204663537751942	3.1174039350438933	3.1353001657495425	3.261229320275373	3.4353697694860603	3.403656221056106	3.1537645307633073	2.7563618660094567	2.3776202281452568	2.24303066730725	2.3738690849570565	2.38206332978565	2.250503818590928	2.1947829537564894	1.9239139967024903	1.5109386248877206	1.1341271869164786	0.8766239536495637	0.6468209097898864	0.37519444032506605	0.20850529107851412	0.14166938836991197	0.09659011615287416	0.0785190748908818	0.07355882535463963	0.061715410162378616	0.04099307546251232	0.026097759307423883	0.017000326604389437	0.009964201711570158	0.006569963409237049	0.004894695577613411	0.004399399001307291	0.003962372610448951	0.0033651032096092197	0.0029062254992079624	0.002418212696082816	0.001813659522062112	0.001449470863013495	0.0011726874821365461	0.000713809771735289	0.0003569048858676445	0.00026221583451500413	0.00022579696861014243	0.00012382414407652973	6.555395862875103e-05	5.827018544777869e-05	5.098641226680636e-05	8.01215049906957e-05	0.0001383916904384744	0.00034962111268667216	0.000670107132649455	0.00045887771040125725	5.098641226680636e-05	0.0	0.0	0.0
209039_HY55YBGXT_TCDM_1_A02_X1_54_2_o_TCAGGA_S9_trim1	0.00014975675758649014	0.00014975675758649014	0.0004908693720890511	0.0011481351414964244	0.0015142072155967337	0.001738842351976469	0.002520905419372584	0.004035112634969318	0.005732355887616206	0.006996968507235457	0.008669252300284596	0.011306635197780007	0.014168653231655151	0.016739477570223232	0.018985828934020583	0.02213072084333688	0.02617415329817211	0.030633576746303154	0.03642417137298077	0.04379553177418245	0.055476558865928685	0.07021927966833205	0.0882649689575041	0.12002172138570594	0.16947473066871135	0.23946105538079776	0.34000607846039405	0.46804810619684317	0.6463501657432914	0.8520493921082016	1.1042730511633145	1.4504441161443524	1.8449533345463631	2.1803918319003692	2.4355440675482845	2.6499125462134794	2.786848461386593	2.8972607908271657	3.0098861923520723	3.0351701249245915	3.003438331955987	2.9915992282867885	3.0137133094903934	3.033581039330201	3.0239466879254704	3.0382151789955167	3.114832400140738	3.3156728517039533	3.671070596916292	3.8362439807143245	3.6249122363001893	3.2042288646000068	2.7993032317258693	2.643664361494176	2.6438557173510926	2.8158513534391765	3.403263915252318	3.906837652276623	4.07550536041834	3.821542859011251	2.928035804511189	2.0022478489313733	1.2426150158937679	0.6298935620485094	0.3462709028194289	0.24856293831410997	0.18880999203710042	0.1687259468807789	0.163459500905654	0.1382587665317941	0.09465459061452769	0.062248892236784405	0.03907819391020801	0.021872806427493476	0.013170274847745217	0.008311500046050203	0.006006909943191438	0.004384545069337794	0.0031698513689140412	0.0025874639782999132	0.0021132342459426945	0.0015308468553285658	0.0011980540606919212	0.0008902207256530247	0.0005657477508822961	0.0003660720741003092	0.00023295495624565133	0.00014975675758649014	0.0001331171178546579	9.983783839099343e-05	4.9918919195496715e-05	2.4959459597748357e-05	8.319819865916118e-05	0.0001331171178546579	0.0002495945959774836	0.0004243108131617221	0.0003660720741003092	0.00015807657745240625	2.4959459597748357e-05	0.0	0.0
209040_HY55YBGXT_TCDM_1_B02_X9_27_1_i_CGGTTA_S10_trim1	0.00021716021755110594	0.00021716021755110594	0.00010858010877555297	0.00021716021755110594	0.0004343204351022119	0.0004343204351022119	0.0005429005438777649	0.0017372817404088475	0.003474563480817695	0.004451784459797672	0.0054290054387776485	0.0073834473967376016	0.009012149028370896	0.011075171095106404	0.01389825392327078	0.016612756642659605	0.01835003838306845	0.018458618491844006	0.020521640558579513	0.026384966432459373	0.03452847459062584	0.04419210427165006	0.054181474279000934	0.06612528624431176	0.0819779821255425	0.10716856736147078	0.15157783185067195	0.20879954917538837	0.27883371933562007	0.3509309115625872	0.4462642470675227	0.6058770069675856	0.7834054848156146	0.9431268248244531	1.0982878002647183	1.281028123333974	1.4567107393328187	1.5840752069265422	1.742493585630074	1.8834305668207418	2.013835277460181	2.190820854764332	2.3432673274852087	2.4646598890962768	2.5597760643836613	2.6510919358639016	2.7491397740882255	2.8373068224139746	3.0150524604795548	3.167933253635533	3.212668258451061	3.060438945947736	2.8662977114570474	2.9061466113776753	3.159355425042265	3.884344811336632	5.1721049014146905	6.3863562578517	7.231326664343052	7.111019903819741	5.540734370707693	3.7516599184129062	2.299183803322334	1.2048048869735357	0.7029476242129299	0.48980487068651946	0.358748679394427	0.3059787465295083	0.302395602939915	0.2561404766015295	0.16330448359843167	0.09967653985595763	0.05917615928267637	0.030293850348379277	0.018024298056741793	0.013138193161841909	0.01172665174775972	0.011400911421433062	0.009337889354697556	0.007492027505513155	0.005537585547553202	0.003908883915919907	0.003474563480817695	0.0019544419579599535	0.0010858010877555298	0.0006514806526533179	0.0003257403263266589	0.0004343204351022119	0.00021716021755110594	0.0	0.0	0.0	0.0	0.0	0.00021716021755110594	0.0004343204351022119	0.0003257403263266589	0.00021716021755110594	0.00021716021755110594	0.00010858010877555297	0.0
209041_HY55YBGXT_TCDM_1_C02_X9_27_2_i_TTAACT_S11_trim1	0.0037553513757103874	0.0046941892196379845	0.005633027063565581	0.008449540595348371	0.013769621710938087	0.022532108254262325	0.040057081340910794	0.06258918959517312	0.09106727086097689	0.12267481160653931	0.1689908119069674	0.22093983927096114	0.258493353028065	0.3041834614325414	0.3558195428485592	0.39963197556518043	0.43749843527026006	0.4553363543048845	0.47536489497533985	0.48350148962271233	0.4681671381718949	0.46316000300428106	0.4509551110332223	0.4265453270911049	0.42153819192349096	0.41997346218361165	0.41559221891194953	0.42842300277896006	0.4625341111083293	0.5226197331196956	0.6064892471772275	0.7191497884485392	0.8402598703151992	0.9767043036326766	1.1435044939038128	1.3935483063365295	1.6454697944571013	1.7887990386300476	1.9243046341035976	2.0551160403575097	2.26854517687705	2.570850962621736	2.7586185314072553	2.906329018851864	3.058107803620159	3.1911098315099014	3.356032346093183	3.5366021580752576	3.860501214230278	4.107728513131212	4.02761435044939	3.7459629972711115	3.56288961770523	3.69307513206319	3.7954084570512983	3.755351375710388	3.7550384297624113	3.7709986731091805	3.7228049971208974	3.4139273464687183	2.6957163958641064	1.939951931502391	1.310930576070901	0.8027063565580953	0.5623638685126305	0.4403149488020429	0.36145256991212477	0.342362867085597	0.3420499211376211	0.28290313697018254	0.18964524447337455	0.1273690008261773	0.07761059509801467	0.0391182434969832	0.02347094609818992	0.01846381093057607	0.01627318929474501	0.015334351450817414	0.011579000075107029	0.009388378439275969	0.00782364869939664	0.0062589189595173116	0.005007135167613849	0.0028165135317827906	0.0009388378439275968	0.0003129459479758656	0.0	0.0	0.0	0.0	0.0	0.0	0.0	0.0	0.0	0.0006258918959517312	0.0006258918959517312	0.0006258918959517312	0.0006258918959517312	0.0	0.0
209042_HY55YBGXT_TCDM_1_D02_X9_27_3_o_ATGAAC_S12_trim1	0.0010864506923407037	0.002535051615461642	0.005794403692483753	0.008872680654115747	0.014123859000429149	0.022996539654544894	0.03820684934731475	0.06591134200200269	0.09868593788761391	0.1372549374657089	0.18361016700557892	0.2337679739686414	0.28465008139326436	0.3438616441258327	0.4139377137818081	0.4738735769759369	0.50954537470779	0.5347148157470163	0.557349205170781	0.5602464070170229	0.5493819000936159	0.5519169517090775	0.5528223272860281	0.5428631959395717	0.5229449332466587	0.4952404405919708	0.4979565673228225	0.5251178346313401	0.5549952286707095	0.588313049902491	0.6473435375196692	0.7369757196377774	0.8416371363332651	0.9622331631830832	1.1159659361492928	1.3272805958095597	1.5157797909306718	1.6575616062811338	1.8207102852476293	1.9490925420592224	2.1015577892177015	2.304180843339242	2.4466869591512648	2.566015460193352	2.657096243234581	2.6967516935050164	2.728801988929068	2.749082401852761	2.8273068517012914	2.8305662037783135	2.7715357161611354	2.6744794543120323	2.553702352346824	2.559315680923918	2.7785976456613497	3.410911948603639	4.39940100351829	5.241038139851555	5.901600160794702	6.001734699605437	4.8363352569546425	3.2464957438294126	1.9136018194427593	0.9845054023760677	0.5776296180944741	0.4054271833584726	0.3089141468555401	0.2672668703158131	0.26672364496964274	0.2263438942376466	0.13345236004251645	0.07369757196377774	0.04309587746284792	0.021004713385253605	0.011769882500357624	0.007605154846384925	0.006699779269434339	0.006156553923263987	0.004164727653972697	0.002353976500071525	0.0014486009231209382	0.0009053755769505864	0.0005432253461703519	0.0005432253461703519	0.0005432253461703519	0.00036215023078023454	0.00036215023078023454	0.00036215023078023454	0.00036215023078023454	0.00036215023078023454	0.00036215023078023454	0.00036215023078023454	0.00036215023078023454	0.00018107511539011727	0.0	0.0009053755769505864	0.0010864506923407037	0.00018107511539011727	0.0	0.0	0.0
209043_HY55YBGXT_TCDM_1_E02_X11_57_2_o_CCTAAG_S13_trim1	0.0007333118839607275	0.0009624718476984548	0.002245767644629728	0.0038498873907938194	0.005316511158715274	0.0072872868468597295	0.009945542426217367	0.014757901664709642	0.022503508439044823	0.03212822691602937	0.04431953698687646	0.058710782709605745	0.07168123665716111	0.08428503466273611	0.0975763125595243	0.11114258241279776	0.12370054842562521	0.13181281114194077	0.13855011407582996	0.14473743309674858	0.1509247521176672	0.1613744464641076	0.17677399602728286	0.19991915236479332	0.23346817105599663	0.282233411339385	0.3586811752422908	0.4552950159541167	0.587749474994523	0.7483906095746699	0.9624718476984548	1.2700045190344849	1.6060446898594882	1.8814949662722364	2.1353125421081436	2.3911008936321942	2.5566460514363287	2.7052792039166187	2.8898904707037323	3.025828161192952	3.0738600895923796	3.0864638875979544	3.109196556000737	3.1181337945865084	3.1094257159644747	3.077709976983173	3.0607063076738337	3.1148797231014322	3.2452717424681996	3.2862455439845046	3.1489787257056063	2.8500166370133675	2.563887506290441	2.4632404502168312	2.4789608237292393	2.7519820045263677	3.4876313201172198	4.162049093397351	4.594657272941434	4.557304198852184	3.6295271696636204	2.5139306341956167	1.48949393230248	0.689496498894074	0.36243939864758956	0.24611780105431919	0.18135719530203742	0.16160360642784533	0.16032031063091404	0.13181281114194077	0.08038931527919474	0.04844441633415556	0.0288283234382061	0.014299581737234186	0.00889140659302382	0.00595815905718091	0.004583199274754547	0.00394155137628891	0.0028874155430953646	0.002245767644629728	0.001466623767921455	0.0011457998186886367	0.0011457998186886367	0.0007791438767082729	0.0005958159057180911	0.0005041519202230001	0.00041248793472790923	0.00032082394923281824	0.00018332797099018187	9.166398549509093e-05	4.583199274754547e-05	0.0	0.0	0.0	0.0002749919564852728	0.0005041519202230001	0.0002291599637377273	0.0	0.0	0.0	0.0
209044_HY55YBGXT_TCDM_1_F02_X11_57_3_o_AATCCG_S14_trim1	0.0015508444347947456	0.0015508444347947456	0.003101688869589491	0.004652533304384238	0.005040244413082924	0.006978799956576356	0.008917355500069788	0.009692777717467162	0.011631333260960594	0.017446999891440888	0.02403808873931856	0.027527488717606737	0.03256773313068966	0.042260510848156824	0.0515655774569253	0.06087064406569377	0.06978799956576355	0.07909306617453203	0.08374559947891627	0.08219475504412152	0.08645957723980707	0.09149982165288999	0.10429428823994664	0.11708875482700332	0.12988322141405995	0.16438951008824304	0.21440424311037362	0.2636435539151068	0.32063708689381365	0.3888742420247825	0.4664164637645198	0.551325196569532	0.665312262526946	0.7967463283758006	0.8890215722460879	0.9956421271382268	1.1034258153564616	1.179417192661404	1.2930165475101194	1.4019633690544502	1.5465796125990603	1.7636978334703246	1.9637567655588466	2.116514942386129	2.205300786278128	2.285944696887455	2.4158279183015154	2.559668739628728	2.8589817155441137	3.099750314045998	3.2528962019819794	3.2575487352863632	3.276934290721298	3.508785533723112	3.8771110869868646	4.710302259580342	5.942835874133466	7.066810378250958	7.5650191529287705	6.919092445836758	5.101502768257316	3.342069756982677	2.259192630387246	1.5333974349033048	1.0933453265302957	0.7971340394844993	0.5160434856779517	0.34932770893751647	0.27643802050216343	0.20665002093639986	0.1430653991098153	0.1004171771529598	0.06668631069617406	0.041872799739458136	0.02946604426110017	0.02403808873931856	0.01861013321753695	0.01318217769575534	0.01085591104356322	0.008529644391371102	0.00542795552178161	0.004264822195685551	0.004264822195685551	0.0038771110869868643	0.002713977760890805	0.0019385555434934321	0.0015508444347947456	0.0015508444347947456	0.0007754222173973728	0.0	0.0	0.0	0.0	0.0	0.0003877111086986864	0.0003877111086986864	0.0	0.0	0.0	0.0	0.0
209045_HY55YBGXT_TCDM_1_G02_X9_27_2_o_GGCTGC_S15_trim1	0.00028250886294788784	0.00028250886294788784	0.00048517826462789437	0.0008229606007612385	0.0009826395232970012	0.0010624789845648827	0.0012098749130594329	0.0015660817402545959	0.001971420543614609	0.0023214858737891655	0.002929494078829185	0.0039981145604146735	0.005250979952618351	0.006546835823966271	0.008248030498674204	0.010802893259246407	0.013806085302322867	0.017847190341881786	0.023792159457828643	0.032562217203254376	0.0455330589107748	0.06228092128596806	0.0908757314139108	0.14952702796070055	0.24110289003496047	0.37765293479112	0.5767848341872573	0.7719186190229799	0.9874053249849918	1.233206460240716	1.6206120923005587	2.2808045975246696	3.025123328937045	3.5644941632747686	3.806653390797274	3.892173736809216	3.9074599228935045	3.959054639363618	4.072580211789525	4.014407952010343	3.7862267717067377	3.5566576130764758	3.4043791944505437	3.3431730351431814	3.2819361683507164	3.263296724893176	3.357058959906772	3.5759971871943645	3.8362124159574518	3.8311948128916162	3.538724441776305	3.0628321206435674	2.6184641037176015	2.4027378793717866	2.3178869565350904	2.1805569416573136	2.0003715605697465	1.8687961284002783	1.6039072204045097	1.245452605299805	0.9242707356131594	0.6934118626085702	0.5048740455729787	0.3043296018621019	0.1820401131877901	0.12948732318246234	0.0899852143459229	0.0703815558561477	0.0590750598412116	0.04547778543758934	0.03095314498385554	0.021396975619792202	0.014708885364351987	0.009003434632208774	0.0058712711516995825	0.003985831566373462	0.002997050546055854	0.002432032820160078	0.0020574015019030963	0.0018731565912849088	0.0016090722193988396	0.0013449878475127704	0.0009457905411733637	0.000595725210998807	0.00040533880336001305	0.00028250886294788784	0.0002456598808242503	0.00020881089870061276	0.00016582041955636896	0.00012282994041212515	6.141497020606258e-05	4.9131976164850065e-05	0.00011054694637091263	0.00015353742551515645	0.00031935784507152544	0.000571159222916382	0.00041148030038061923	0.000190386407638794	0.0002456598808242503	0.00044832928250425683	0.0006141497020606258
209046_HY55YBGXT_TCDM_1_H02_X11_57_1_o_TACCTT_S16_trim1	0.003559922393691817	0.003559922393691817	0.01601965077161318	0.04271906872430181	0.08009825385806589	0.12993716736975136	0.19045584806251223	0.2758939855111159	0.40049126929032947	0.5304284366600808	0.6692654100140617	0.8081023833680426	0.9095601715882594	1.0323774941706272	1.130275359997152	1.2014738078709886	1.3207312080596643	1.3919296559335006	1.3509905484060447	1.3403107812249693	1.327851052847048	1.2210533810362934	1.132055321193998	1.0715366405012372	1.012797921005322	1.0466171837453944	1.0697566793043911	1.0377173777611648	1.0537370285327778	1.094676136060234	1.149854933162457	1.2263932646268312	1.3776899663587332	1.5574660472401702	1.6785034086256918	1.7123226713657642	1.7906409640269842	1.9205781313967356	2.016696036026415	2.045175415175949	2.0362756091917196	2.0238158808137983	1.9365977821683489	1.8956586746408928	1.9170182090030439	1.874299140278742	1.8084405759954434	1.8636193730976665	1.8671792954913582	1.7746213132553712	1.6624837578540788	1.5076271337284846	1.4916074829568715	1.5111870561221765	1.6073049607518555	1.9205781313967356	2.2124917676794644	2.337089051458678	2.5293248607180363	2.863957565725067	2.9315960912052117	2.8194585358039195	2.767839661095388	2.616542959363486	2.4082874993325145	2.095014328687635	1.6268845339171605	1.249532760185828	0.8882006372261084	0.5606877770064612	0.3453124721881063	0.21715526601520088	0.17443619729089907	0.09611790462967908	0.04805895231483954	0.03915914633060999	0.02669941795268863	0.01601965077161318	0.010679767181075453	0.008899805984229544	0.007119844787383634	0.0053398835905377265	0.0053398835905377265	0.003559922393691817	0.0053398835905377265	0.003559922393691817	0.0017799611968459085	0.003559922393691817	0.003559922393691817	0.0017799611968459085	0.0	0.0	0.0	0.0	0.0	0.0	0.0	0.0	0.0	0.0	0.0
209047_HY55YBGXT_TCDM_1_A03_A27_1_1_i_TCTTAA_S17_trim1	0.0001759698634011939	0.00016497174693861928	0.0008138606182305219	0.0019466666138757078	0.0026945385333307817	0.0034314123363232813	0.004586214564893616	0.006620866110469921	0.0094033895755013	0.012339886671008724	0.01645318222801163	0.021424330869095357	0.025548624542560842	0.029694914448951473	0.0348860254192867	0.041176948035879374	0.04676399119886728	0.051867117237501904	0.057872088826067654	0.06473491349871421	0.07274154228346853	0.08379464932835602	0.0992799973076611	0.12070432817675644	0.15336873407060306	0.20454296997096275	0.29437558523727225	0.4157727947511709	0.5635874800081738	0.7212894719650312	0.9187166605847082	1.2194381590208863	1.5759311060387797	1.870152717645576	2.077071280772455	2.265787961153773	2.40716874828017	2.5584368421064205	2.7472195111865143	2.8667910333676256	2.9174043653283936	2.9724389401071174	3.0597969791693473	3.1194947553282026	3.1385544911578447	3.118394943681945	3.081243306271368	3.1306468454212535	3.3090692887936015	3.4551022791836674	3.4080413388403104	3.168348388654959	2.9033487724892235	2.8577945741012396	3.142458822502058	3.574398848453214	4.217579697301041	4.707347819612413	4.517465338886063	3.805964190572723	2.8424412035194853	2.067315951470151	1.428501354857967	0.775048265234096	0.4022891039680544	0.2726103127578371	0.19472165196988364	0.17115268839058623	0.1713726507198377	0.14964037258979027	0.09821318001079135	0.05766312461327873	0.032862371990172966	0.01618922743290984	0.009315404643800703	0.006686854809245369	0.005818003608701974	0.005037137339859176	0.004234274838091228	0.0035963840832619006	0.002980489561357722	0.0021666289431272003	0.001528738188297872	0.001121807879182611	0.0008578530840808203	0.0006048964054416041	0.00038493407619011164	0.0002859510280269401	0.00014297551401347004	3.299434938772386e-05	3.299434938772386e-05	4.3992465850298476e-05	3.299434938772386e-05	7.698681523802234e-05	0.00025295667863921626	0.00040693030911526096	0.00040693030911526096	0.000230960445714067	3.299434938772386e-05	0.0	0.0
209048_HY55YBGXT_TCDM_1_B03_X1_54_2_i_GTCAGG_S18_trim1	0.007205389631444321	0.006304715927513781	0.006304715927513781	0.008106063335374862	0.00990741074323594	0.01080808444716648	0.01080808444716648	0.012609431855027562	0.01711280037468026	0.02161616889433296	0.0270202111179162	0.029722232229707823	0.02611953741398566	0.01981482148647188	0.01891414778254134	0.025218863710055123	0.02792088482184674	0.03782829556508268	0.05043772742011025	0.05674244334762402	0.06664985409085997	0.08196130705767915	0.08916669668912347	0.10267680224808155	0.14680981374067803	0.18103541449003854	0.23687718413373202	0.3170371437835501	0.43322405159058974	0.5467089382858379	0.6385776560867529	0.8340238498396801	1.055589581006593	1.2014987210433405	1.3501098821918796	1.5500594444644595	1.7058759952444429	1.8301689663868574	1.9616673271607161	2.040025939402673	2.1075764671974637	2.196743163886587	2.3057246820621824	2.3651691465215983	2.40119609467882	2.441726411355694	2.5344958028605395	2.6443779947400654	2.8326187988615485	3.033469034838059	3.045177792989156	2.9776272651943656	2.9578124437078936	3.0226609503908923	3.2649421767482076	3.7954389883632955	4.612350037828296	5.404942897287171	6.047123248189646	5.983175415210577	4.73664300897071	3.3180819252801093	2.3615664517058756	1.7175847533955397	1.3230896710739632	1.0402781280397737	0.7268436790719458	0.5142846849443384	0.426919335663076	0.3305472493425082	0.2188637100551212	0.14680981374067803	0.09817343372842885	0.060345138163346176	0.04323233778866592	0.03782829556508268	0.028821558525777283	0.02792088482184674	0.0225168425982635	0.01170875815109702	0.012609431855027562	0.0090067370393054	0.0045033685196527	0.0036026948157221604	0.0018013474078610802	0.0	0.0	0.0	0.0	0.0	0.0	0.0	0.0	0.0	0.0	0.0009006737039305401	0.0009006737039305401	0.0	0.0	0.0	0.0
209049_HY55YBGXT_TCDM_1_C03_X11_57_2_i_ATACTG_S19_trim1	0.019480835727852724	0.0267861491257975	0.04139677592168704	0.06087761164953977	0.1047094920372084	0.16558710368674817	0.25081575999610384	0.3798762966931281	0.5868601763015634	0.7938440559099985	1.129888472215458	1.5097647689085862	1.71431354405104	1.8409389762820825	2.0771441094822967	2.3206545560804557	2.4545853017094434	2.5373788535528177	2.4765012419032777	2.2987386158866214	2.089319631812205	1.8969463789996592	1.862854916475917	1.7776262601665611	1.6339550966736474	1.6169093654117763	1.5901232162859786	1.6169093654117763	1.6144742609457947	1.6169093654117763	1.7581454244387082	2.103930258608094	2.4326693615156088	2.6079968830662836	2.6420883455900257	2.7881946135489213	2.7906297180149027	2.5666001071445965	2.4935469731651487	2.366921540934106	2.2086397506453026	2.1623727657916527	2.028442020162665	1.933472945989383	1.940778259387328	1.8117177226903032	1.8044124092923588	1.8993814834656408	2.0187016022987385	2.033312229094628	1.86772512540788	1.6923976038572055	1.4878488287147518	1.3271319339599668	1.3271319339599668	1.2686894267764088	1.1323235766814397	1.0470949203720838	0.9131641747430965	0.779233429114109	0.6355622656211951	0.48945599766229975	0.3701358788292018	0.267861491257975	0.22159450640432474	0.19237325281254566	0.1509764768908586	0.1047094920372084	0.07305313397944771	0.053572298251595	0.0267861491257975	0.009740417863926362	0.009740417863926362	0.007305313397944772	0.0024351044659815906	0.0	0.0024351044659815906	0.007305313397944772	0.009740417863926362	0.007305313397944772	0.004870208931963181	0.004870208931963181	0.0024351044659815906	0.0024351044659815906	0.0024351044659815906	0.0	0.0	0.0	0.0	0.0	0.0	0.0	0.0	0.0	0.0	0.0	0.0	0.0	0.0	0.0	0.0
209050_HY55YBGXT_TCDM_1_D03_X9_27_3_i_TATGTC_S20_trim1	0.0	0.0	0.005353892279687333	0.016061676839062	0.032123353678124	0.04818503051718599	0.064246707356248	0.05353892279687333	0.03747724595781133	0.08030838419530999	0.13384730699218333	0.12313952243280864	0.10707784559374665	0.1820323375093693	0.23557126030624262	0.24092515258592995	0.305171859942178	0.35335689045936397	0.33729521362030196	0.4497269514937359	0.56215868936717	0.5568047970874827	0.5246814434093586	0.4657886283327979	0.48720419745154725	0.6531748581218546	0.8941000107077846	1.0011778563015312	1.1617946246921511	1.461612592354642	1.8631545133311915	2.3931898490202377	2.778670093157726	2.8964557233108468	3.180212014134275	3.3461826748045826	3.3729521362030197	3.619231181068637	3.5067994431952028	3.153442552735839	3.180212014134275	3.2872898597280225	3.1909197986936504	3.1641503372952138	2.89110183103116	2.4788521254952354	2.4895599100546097	2.6662383552842917	2.8215012313952244	3.0945497376592783	3.1855659064139634	2.8322090159545987	2.430667094978049	2.24863475746868	2.2272191883499306	1.9916479280436876	1.6489988221436984	1.5847521147874504	1.5205054074312025	1.402719777278081	1.1939179783702751	1.0011778563015312	1.027947317699968	1.2795802548452724	1.4990898383124531	1.1992718706499625	0.6478209658421673	0.3426491058999893	0.18738622978905664	0.11778563015312131	0.09101616875468466	0.08566227647499733	0.08566227647499733	0.064246707356248	0.03747724595781133	0.04818503051718599	0.042831138237498664	0.010707784559374666	0.005353892279687333	0.005353892279687333	0.005353892279687333	0.0	0.0	0.0	0.0	0.0	0.0	0.0	0.0	0.0	0.0	0.0	0.0	0.0	0.0	0.0	0.0	0.0	0.0	0.0	0.0
209051_HY55YBGXT_TCDM_1_E03_C17_1_3_i_GAGTCC_S21_trim1	0.0	0.0	0.0	0.003832298612707902	0.007664597225415804	0.011496895838123708	0.019161493063539512	0.024909940982601363	0.03257453820801717	0.038322986127079024	0.038322986127079024	0.05173603127155668	0.07664597225415805	0.08622671878592779	0.08814286809228175	0.09772361462405149	0.11496895838123705	0.1322143021384226	0.14945964589560817	0.1532919445083161	0.16670498965279376	0.19544722924810298	0.20311182647351883	0.23568636468153598	0.3334099793055875	0.4004752050279758	0.48478577450754967	0.6074193301142025	0.6955621982064842	0.8124473058940753	1.017475281673948	1.293400781788917	1.611481566643673	1.8184256917298995	2.013872920978003	2.2054878516133978	2.2514754349658923	2.282133823867556	2.3338698551391124	2.5350655323062776	2.7362612094734424	2.7209320150226106	2.6787767302828236	2.7362612094734424	2.7535065532306278	2.7324289108607345	2.83206867479114	2.910630796351652	3.002605963056641	3.148233310339542	3.2785314631716105	3.176975549934851	2.943205334559669	2.770751896987813	2.830152525484786	3.155897907564958	3.6617613244424003	4.169540890626198	4.40331110600138	4.22894151912317	3.36092588334483	2.3741089905725454	1.728366674331264	1.3796275005748446	1.1611864796504943	0.8373572468766766	0.5250249099409826	0.352571472369127	0.2548478577450755	0.17053728826550166	0.10538821184946731	0.07281367364145014	0.05365218057791063	0.04023913543343297	0.028742239595309263	0.02107764236989346	0.009580746531769756	0.005748447919061854	0.005748447919061854	0.001916149306353951	0.0	0.0	0.0	0.003832298612707902	0.005748447919061854	0.003832298612707902	0.001916149306353951	0.0	0.0	0.0	0.0	0.0	0.0	0.0	0.0	0.0	0.0	0.0	0.0	0.0	0.0
209052_HY55YBGXT_TCDM_1_F03_X11_57_3_i_GGAGGT_S22_trim1	0.0006331964811055357	0.0006094516130640781	0.0007123460412437277	0.0009260498536168461	0.0010606041058517724	0.0012030733141005178	0.0013059677422801673	0.0016225659828329353	0.0022636774199522904	0.0028335542529472723	0.003482580646080447	0.004590674488015134	0.005532554253659619	0.0063873695031520916	0.007400483872920949	0.008841005867436042	0.011065108507319238	0.013518744871603188	0.016676812321117045	0.020863824052427402	0.02767860118032573	0.03676497068419017	0.048898598253374996	0.06833773022331494	0.098628266888201	0.1513656188082783	0.24404975373010113	0.3478385719393122	0.4559252112640272	0.5769132288912674	0.7517150324564643	1.036716768602066	1.3726908214766633	1.6265313757958588	1.7854795224653757	1.9345972937657294	2.0528942263482715	2.1939624873825707	2.4123915284959394	2.5559925754546606	2.601289868721748	2.6734584376557518	2.7999710945806373	2.9203417456388	3.026140962675521	3.1570147603640213	3.283638226673101	3.458250071293966	3.7976671300345752	4.10124526794461	4.08505918289635	3.761274162283034	3.420559050756159	3.3659300243487786	3.683660103611523	3.899928361733119	3.99801841161238	4.07171456705705	3.8572825787306613	3.4897674261409946	2.9850148512277164	2.581375839390979	1.9571311735370727	1.0225015076012467	0.5020298300445241	0.3382298153385357	0.2488303871624479	0.2316470176564464	0.2367521642853598	0.2023616804053154	0.1291325073654602	0.07869049268939046	0.04722062757844533	0.024053551325996538	0.014444794725220034	0.010598126102503904	0.009205093844071725	0.007938700881860656	0.0064506891512626455	0.005398000001424692	0.004456120235780207	0.0036487947223706498	0.0028414692089610916	0.0020341436955515334	0.001369287390390721	0.0007440058652990045	0.00039574780069095983	0.00034034310859422547	0.0002611935484560335	0.00013455425223492633	8.706451615201115e-05	9.497947216583036e-05	0.00010289442817964955	8.706451615201115e-05	0.00023744868041457589	0.0004986422288706094	0.00037991788866332144	0.00011080938419346875	3.1659824055276784e-05	7.914956013819196e-06	1.5829912027638392e-05
209053_HY55YBGXT_TCDM_1_G03_X9_27_1_o_CACACT_S23_trim1	0.0003456732440123273	0.00043209155501540907	0.001526723494387779	0.003370314129120191	0.004436139964824867	0.005041068141846439	0.006812643517409617	0.01031258511303443	0.014604694559520827	0.01915605893901647	0.024542800324875234	0.030865740079934055	0.036742185228143626	0.04250340596168241	0.05026665090012593	0.05870683927476025	0.06641247200586838	0.07470862986216424	0.08234224733410313	0.08781540703096498	0.09681731442711933	0.10941998478173544	0.12730857515937336	0.1570364741444335	0.19619837208066346	0.24910078146638334	0.33393475676774204	0.4452271382878775	0.5957678360552461	0.776108448066844	1.0178204639424637	1.3833123072781646	1.7863673097965382	2.1035369142296823	2.3496418609146255	2.5704550485793334	2.731999677947761	2.8788820005493325	3.034881454961729	3.153101704413945	3.2288473540081464	3.280424682625152	3.3689602422478093	3.465345465119914	3.5506259350281213	3.6512600581912102	3.7448654920593816	3.89933822297739	4.195493774784952	4.295739015548527	4.000433243799161	3.4875261649440374	2.986976904562354	2.760316077853104	2.6743442614568713	2.641087614772519	2.867445977393258	3.07603097405103	2.978018206321701	2.5921604476929407	1.9804196271539585	1.4366612112707338	0.9874732337285483	0.5903234824620519	0.3736439706736581	0.28181011218104984	0.21168165280204895	0.1697975780692219	0.14843785219962685	0.11905562645857905	0.08117560013556152	0.055509361767646224	0.03711666457582364	0.02104285872925042	0.01302035885779766	0.00845459142646817	0.0054299505413603075	0.0037735995804679063	0.0027653859520986182	0.0017859784273970244	0.0014691112870523911	0.0012674685613785334	0.0010658258357046759	0.0007057495398585015	0.0004032854513477152	0.0003888823995138682	0.0003312701921784803	0.0002736579848430924	0.00017283662200616364	7.201525916923485e-05	4.320915550154091e-05	5.761220733538788e-05	7.201525916923485e-05	2.880610366769394e-05	0.00021604577750770454	0.0005041068141846439	0.00031686714034463335	4.320915550154091e-05	2.880610366769394e-05	2.880610366769394e-05	2.880610366769394e-05
209054_HY55YBGXT_TCDM_1_H03_A04_1_2_o_CCGCAA_S24_trim1	0.0003884253362535302	0.00042269816004060647	0.0010967303611864384	0.0023077034683297976	0.0031188269646239336	0.003781434891174074	0.005323711961592503	0.008419690377025052	0.01205260969845513	0.015217133761461832	0.019227054144549748	0.024230886417462873	0.029097627395227692	0.03462697629954265	0.040510477716324066	0.046759555920167624	0.05397969746464501	0.06227372082111745	0.07011077319376222	0.07824485670589497	0.09196541049532113	0.1116037385253158	0.13614308035686237	0.16938771943032627	0.2161358510758982	0.28714914196272007	0.3951885068141799	0.5390658210723258	0.7330043066087943	0.9435079903090164	1.1961215501689593	1.5507881549922196	1.9426750464482445	2.2783202340696773	2.56278467150241	2.8160722635634983	2.985779862682504	3.111298367665373	3.258842874068736	3.360541766519587	3.4128192470694736	3.4859917258548814	3.569080474989349	3.637431909895375	3.692931035881247	3.7097818409098933	3.690611908138322	3.7782132457380886	4.008378106017497	4.054749236601411	3.7864958448199655	3.320099834450837	2.8463465912420824	2.604426152403707	2.508827822586956	2.4819465044632927	2.6693845777548124	2.854492099028811	2.718703171184415	2.2771549580609167	1.6985954197112834	1.2313083159236908	0.863606613786746	0.5365981777596563	0.3410031724068125	0.2463873302052908	0.18106332806712355	0.1489039950802504	0.13543477533192944	0.11075834220523459	0.07314963023621629	0.046348282034722715	0.02875489915735693	0.01574265039286367	0.009413602266850262	0.006226229654652176	0.004763922506403591	0.003655767870621461	0.002776098726753172	0.002273430644542721	0.0018050353861193465	0.001370912951483048	0.001005336164420902	0.000685456475741524	0.0004683952584233747	0.00031987968867937787	0.000171364118935381	0.0001370912951483048	0.00014851556974399685	7.996992216984447e-05	2.2848549191384134e-05	3.42728237870762e-05	9.139419676553654e-05	0.00012566702055261274	0.00028560686489230165	0.0005369409059975271	0.00035415251246645403	9.139419676553654e-05	5.712137297846033e-05	1.1424274595692067e-05	0.0
209055_HY55YBGXT_TCDM_1_A04_X4_67_2_o_TTTATG_S25_trim1	0.00014428081168262345	0.00016489235620871252	0.00035554914307503634	0.0006698751970978945	0.0009429781620685746	0.001360361938721878	0.0022054352642915296	0.00352457411396123	0.005755773808910371	0.00821370049364649	0.010898354168169592	0.014417775395999298	0.01730854451578329	0.019756165428256367	0.02221924499912401	0.02490389867364711	0.02791318417445611	0.031211031298630364	0.0358950047921841	0.04397988313254254	0.05682087537229602	0.07529397215380335	0.10732431234734575	0.1662578710335659	0.26940834561437865	0.44456525099708344	0.7096812424639041	1.0754743231684067	1.606427710160461	2.1179650222089395	2.7833623612585408	3.957184669133181	5.394798676738842	6.4391753321035115	6.8111879463687615	6.690275473292591	6.370033905990745	6.11996434202797	5.977548875124958	5.553126256015995	4.858372924675111	4.1875805138458055	3.523347727061928	3.1289509754413447	2.83311862974452	2.445430935867179	2.1210155307988003	1.9536600950192204	1.8321447342656623	1.6102975276452343	1.4006935784733028	1.1887553718837922	0.9688559562210795	0.8405233271155175	0.7563509321571011	0.660162006739975	0.5821679222532541	0.5478084775282636	0.46944338524007295	0.34882977955953126	0.23549720198283058	0.14876897550317933	0.0952098770521369	0.06200467882060743	0.043335772366102254	0.03359166469139365	0.025867488380241773	0.021420547648738058	0.01662321066029083	0.012202034359444724	0.009738954788577081	0.008744447765193284	0.007538672410417075	0.005879443076066905	0.004673667721290695	0.0034575865942514405	0.0023600218482371974	0.0015664773839827687	0.0009584368204631413	0.0006750280832294168	0.0005668174744674492	0.00040707800439025894	0.00027825585110220237	0.00018550390073480155	0.00012882215328805663	7.729329197283398e-05	3.607020292065586e-05	6.698751970978945e-05	8.244617810435626e-05	8.759906423587851e-05	0.0001236692671565344	0.00011851638102501211	0.00012882215328805663	0.00018550390073480155	0.0005255943854152711	0.0009172137314109633	0.0005925819051250605	0.00011851638102501211	2.576443065761133e-05	5.152886131522266e-06	0.0
209056_HY55YBGXT_TCDM_1_B04_C64_1_2_o_AACGCC_S26_trim1	0.00031592898127120344	0.00036858381148307065	0.0006995570299576648	0.0011884947390678605	0.0016172554993644937	0.002249113461906901	0.003437608200974761	0.005325659970000287	0.007665038855127531	0.010455744856356496	0.013818131871314303	0.017609279646568745	0.021159719626568936	0.025078743418052198	0.029682280002289736	0.03453404650038321	0.03955882172631569	0.044959702882332926	0.05075925632424002	0.057754826623816674	0.06931632291462236	0.08701586798441147	0.11551717536623504	0.1685706778639921	0.2530365476424289	0.3926245025340889	0.6156177084813467	0.8906564530337344	1.2798132588924418	1.7542558454571706	2.4705195008292007	3.632566470893501	4.883916032997127	5.729492429250901	6.1066589780585065	6.077608556018759	5.841587040653365	5.711281380116197	5.685796442293654	5.351927208157407	4.709876774909703	4.115005069531832	3.582860311173498	3.226725605976233	2.9375452784526583	2.5557225382306035	2.192291377989694	1.9757145392096827	1.8547212615014135	1.6695267015276745	1.4608405651608414	1.266453976255831	1.123255404435357	1.0819213627190414	1.0730226964132357	1.1113855012818818	1.2865831656339675	1.4201007708140594	1.2760898101846025	0.9518864984515343	0.6138951433215584	0.36773381208107914	0.21562152971759635	0.12315212574695578	0.07865127209932626	0.05825880857013025	0.04131899747911239	0.032976967949832285	0.028034936028518462	0.022348214365636797	0.016112378044831375	0.012419017811398975	0.009470347319534408	0.006250880558008811	0.004189820061144293	0.0025800866803814947	0.001835396938813658	0.0014367246529238063	0.000962831181017001	0.000774778215974618	0.0006243358439407115	0.0004137165230932426	0.0003008847440678128	0.00021814143944916427	0.00018053084644068768	0.00015796449063560172	0.0001504423720339064	0.00012787601622882045	9.778754182203916e-05	9.778754182203916e-05	6.0176948813562563e-05	6.769906741525788e-05	0.00010530966042373449	0.00012035389762712513	0.0003008847440678128	0.000729645504364446	0.0005867252509322349	9.026542322034384e-05	0.0	0.0	0.0
209057_HY55YBGXT_TCDM_1_C04_A04_1_1_i_CAAGCA_S27_trim1	0.00027431631231095036	0.00036004015990812234	0.000851523552798575	0.0015144546408833717	0.002211675268007037	0.0034803882124451826	0.0055149008620847305	0.008423796757215433	0.012824287600536928	0.018156310921081026	0.02368835655268519	0.030077640660261074	0.03706699170101716	0.044947870756783845	0.05262872750149045	0.05869797591137023	0.06545873002520051	0.07275097199413329	0.08091188228538405	0.09355329234438035	0.11210964788758152	0.13392922456264836	0.1711619490356867	0.2436957539492405	0.3634519690424898	0.5661545790707626	0.8758977001320376	1.2811886217251205	1.8436113559638194	2.3336202986756005	2.8875277973863143	3.863836697670506	4.989299377850603	5.889742673011298	6.432323193992838	6.4923756066962435	6.278797497869476	6.1417479252542915	6.057681405377331	5.709556860285216	5.099631684631337	4.453925374990399	3.731170471129123	3.250225396569949	2.8925112103932964	2.4286423262754795	2.0606812828493783	1.8422969236339963	1.6674831386906699	1.4404978200997047	1.263529509120103	1.1218222741188044	0.944945401909973	0.7969460364950421	0.700283825944471	0.5923632167428047	0.49842130962265047	0.45953697235257324	0.39532409557911835	0.2943985523413811	0.20320552326750962	0.13817541248029494	0.09735371625452165	0.0693220180902464	0.05302877212361058	0.043576289195229094	0.03638120092023979	0.03176925791951194	0.023974102711342433	0.01771054691357573	0.014373031780459167	0.012498536979667674	0.010864068952148262	0.008795266763469844	0.006783613806522875	0.004577653461688984	0.0031774972842685085	0.002183100652141313	0.0012801427907844349	0.0008858130918374437	0.0006743609344310863	0.0004457640075052943	0.00030860585134981914	0.00019430738788692316	0.00014287307932861997	0.00012572830980918558	7.429400125088238e-05	8.000892442402718e-05	6.286415490459279e-05	3.4289539038868795e-05	3.4289539038868795e-05	5.7149231731447986e-05	9.715369394346158e-05	0.00014858800250176475	0.00038289985260070154	0.000822948936932851	0.0005829221636607694	5.7149231731447986e-05	1.1429846346289598e-05	5.714923173144799e-06	0.0
209058_HY55YBGXT_TCDM_1_D04_X4_67_3_i_GCTCGA_S28_trim1	0.0002744849119074986	0.0003087955258959359	0.0005489698238149972	0.0008234547357224957	0.000960697191676245	0.0011322502616184316	0.0017155306994218662	0.00295071280300561	0.004666243502427476	0.006862122797687465	0.008440411041155583	0.0097442143727162	0.011391123844161192	0.014650632173062738	0.01821893602786022	0.020963785146935206	0.024429157159767376	0.029507128030056097	0.03588890223190544	0.04460379818496852	0.0561664750990719	0.0729786759534062	0.09600109793964763	0.12972843149028151	0.18788492220068279	0.28117548163524386	0.43742601773858747	0.6661748811994991	1.0071880736305776	1.4321250278773738	2.082311162958261	3.096224116930572	4.1978006896433415	4.909025407009658	5.165394314731262	5.176991302259354	5.067711996706182	5.024343380624796	5.028083237549536	4.7955945171638845	4.391140999468186	3.9917997632567634	3.589130397488463	3.278893825805013	2.9895867286545093	2.6535828858657426	2.364275788715239	2.1749498207270417	2.059631847111904	1.8974455747885608	1.6711670755348167	1.4437220154054657	1.2517198195261705	1.1899264037329949	1.2463330531299859	1.4676365133554066	2.0261789984731777	2.516786467893843	2.5718893139592733	2.177763291074094	1.4945360347223413	0.930332298296478	0.5195999382408948	0.2558199378977887	0.15309395961640734	0.1172050573845019	0.09373659741641077	0.08135046576658489	0.07318453963733682	0.05867114992022782	0.038668061964968865	0.026178998473177676	0.018493420939767715	0.012214578579883688	0.00871489595306308	0.005009349642311849	0.0033624401708668575	0.0026762278910981113	0.0014410457875143677	0.0005832804378034345	0.0005832804378034345	0.00041172736786124783	0.0001372424559537493	0.00020586368393062392	0.0001372424559537493	6.862122797687465e-05	3.4310613988437324e-05	0.0	0.0	0.0	3.4310613988437324e-05	3.4310613988437324e-05	0.0	3.4310613988437324e-05	0.00024017429791906125	0.0005832804378034345	0.0005146592098265598	0.0001372424559537493	0.0	0.0	0.0
209059_HY55YBGXT_TCDM_1_E04_A04_1_2_i_GCGAAT_S29_trim1	0.00017311218992979187	0.00024112055025935297	0.0005626146172718236	0.0009706647792491901	0.0012983414244734392	0.001823860572474593	0.0028068905081473396	0.004197970605797453	0.005960005396154263	0.008501045041195136	0.011920010792308526	0.015543001624410599	0.018838315811288423	0.022399480861272712	0.026177036148669244	0.02958363674335908	0.03257600459785976	0.036044430974667384	0.040687547211712874	0.04811282364405858	0.061368271330111225	0.07816015375330103	0.10483179615891254	0.1569880259534741	0.2433339132591696	0.3962043421235994	0.6545804681720255	1.0216092237142431	1.535505124677254	2.0150135256263537	2.6299883977737277	3.71118531029309	4.972802220188567	5.962064194698785	6.510403238879612	6.555128009663617	6.309593098561055	6.125216251129403	6.002226222762498	5.663173633628577	5.099001006647384	4.487630577597478	3.8084001700950916	3.3485029072337524	3.014396380669254	2.567161037985637	2.154412116567319	1.8946201801083955	1.7268991983792743	1.5171675977011194	1.3360675167217102	1.1751968316512393	1.003716842369357	0.8816665658906419	0.8157602821530854	0.7409572683687798	0.692968096288957	0.6900684671076329	0.6017688850870155	0.43985952687696583	0.2903833334508023	0.18942183125246298	0.12670575787218408	0.08455912220249155	0.06133117586084055	0.04814373653511748	0.0356672937037489	0.030010234639971777	0.024755043159960237	0.018968149953735768	0.01583358280036418	0.014059182853583811	0.011493412895695825	0.008587601136160033	0.0064051510274023005	0.004624568502410154	0.0031716626226422585	0.002324649407628634	0.0017373044775096972	0.0013725323630147785	0.0011808724384496517	0.0008902912624960726	0.0005873449301189367	0.00034004180164780545	0.00019784250277690498	0.00019784250277690498	0.00019784250277690498	0.0001669296117180136	0.00012365156423556564	6.80083603295611e-05	4.327804748244797e-05	5.564320390600454e-05	0.00011128640781200907	0.0002102076592004616	0.0004327804748244797	0.0008346480585900679	0.0006244403993896064	0.0001298341424473439	3.709546927066969e-05	0.0	0.0
209060_HY55YBGXT_TCDM_1_F04_C17_1_1_i_TGGATT_S30_trim1	0.0001547224183113982	0.0001547224183113982	0.0002514239297560221	0.0003819709702062643	0.00048350755722311936	0.0007446016381236039	0.0013248107067913473	0.002016226513620408	0.0029252207211998725	0.004303217259285763	0.005637698117221573	0.007296129038496871	0.009336530929978435	0.011227045478720832	0.013306127974780247	0.015689820231890222	0.018576360348512247	0.022405740201719353	0.027724323331173667	0.03550395992689366	0.048616684878784656	0.06556362475945499	0.09705930703696898	0.1651226658672675	0.28453452727466133	0.47297192755122763	0.7601464060883272	1.1151424896771136	1.6124251772055196	2.0952945044531046	2.771866629275416	3.9354517411107133	5.2155234936322055	6.149249112763632	6.617120035586156	6.64012049008326	6.4140758720058795	6.3328852829969735	6.464172090009766	6.054926458500547	5.166892303526704	4.446543404473411	3.785283963988357	3.3762655810310314	3.001150747986191	2.5214967459941398	2.191817118101556	2.018252410285173	1.7973909932212242	1.4509626635464312	1.2093781125798997	1.025031186237441	0.8132548761737145	0.6754407171384089	0.5803782963127714	0.48743847366334336	0.4250950092349943	0.4029551981897477	0.3411484271499164	0.24204388314589356	0.15902080049511172	0.10422488903501562	0.07002639951262438	0.04885360358182398	0.036504820570345514	0.02823200626625794	0.020824670489599753	0.01688408389823133	0.01304503389387976	0.00995542060322403	0.008296989681948728	0.006870642388140526	0.0058552765179719765	0.004762549438647725	0.003935751515796192	0.0029107154944831787	0.0017406272060032297	0.0011507479861910242	0.0008461382251404589	0.0006962508824012919	0.00064790012667898	0.0005173530862287377	0.0003964761969229579	0.0002949396099061028	0.00021274332517817252	0.00014988734273916701	0.00011120673816131746	0.00011604181373354867	0.00012571196487801104	9.670151144462388e-05	6.285598243900552e-05	7.73612091556991e-05	0.00017406272060032298	0.0002562590053282533	0.0005995493709566681	0.0009380046610128515	0.0005415284640898937	9.186643587239268e-05	1.9340302288924775e-05	0.0	0.0
209061_HY55YBGXT_TCDM_1_G04_X4_67_2_i_ACCTAC_S31_trim1	0.0002429441294759695	0.00026502995942833036	0.0004638024289995782	0.0007177894734517282	0.0010877271251537725	0.001866252630974493	0.0031803595131399648	0.0050631765165787285	0.007619611333564499	0.010755799186799742	0.014670512545855705	0.019347187038268116	0.02367048825144276	0.027927531974760313	0.03188089553623291	0.036038553024764844	0.04064897002732017	0.044513990268983325	0.05006857650200208	0.060051371640469184	0.07390470847808754	0.08943104693459723	0.1207708396369973	0.18150135054850158	0.29402865415578017	0.4861974605712721	0.7443642483419063	1.0728357543083933	1.5784080092053738	2.033768129705662	2.584688114952328	3.573835138113737	4.7513411620238575	5.663750969015789	6.143471759953532	6.260471444126163	6.118857102471625	5.931679693625367	5.91449691792243	5.5956493123576845	4.916211882618231	4.298139931401412	3.69482131459277	3.3441425066091846	3.0287458119744954	2.606818116564593	2.321728702082031	2.1861879636643926	2.049857656825957	1.8184644164150725	1.6243962286236775	1.4195832845604588	1.1999838773441347	1.0725320741465483	0.9993727624293529	0.8756148142912988	0.7094079009848072	0.6152063147805	0.4921992848608262	0.33637823308943215	0.22238774324780963	0.1476272088590681	0.10261076595866857	0.0708237351997332	0.05005201212953781	0.040378418610403755	0.03452567367302812	0.030528138451650807	0.023460672866895328	0.016216520642520965	0.01152328177764428	0.009022061535539413	0.00813310687995689	0.006984643722434124	0.006112253439315869	0.005306120646054698	0.003699376517020445	0.0018717740884625833	0.0008006113357730813	0.000485888258951939	0.00034785182174968364	0.00028711578938069124	0.00022085829952360865	0.00013251497971416518	9.93862347856239e-05	9.93862347856239e-05	0.00010490769227371409	9.386477729753367e-05	7.177894734517281e-05	6.073603236899238e-05	8.282186232135324e-05	8.834331980944346e-05	0.00014355789469034562	0.0002429441294759695	0.0005466242913209315	0.0008613473681420737	0.000535581376344751	9.386477729753367e-05	1.1042914976180432e-05	0.0	0.0
209062_HY55YBGXT_TCDM_1_H04_X4_67_1_i_CGAAGG_S32_trim1	0.0006749432766421256	0.0006749432766421256	0.0007541032905692884	0.0008999243688561675	0.0010124149149631882	0.0012415623236997125	0.0017665182055324766	0.0026247794091638216	0.003858009099818569	0.005220394602670268	0.006857756996005794	0.009153397399893516	0.01185317050646202	0.015169558458357895	0.019235883384300576	0.024031313701677656	0.030230792687131254	0.038205122511162294	0.050104122499371614	0.07113152198833957	0.09828340676535643	0.1274059592575074	0.17478114443465312	0.25799498433819124	0.39885814596331637	0.612365202474442	0.895341420681437	1.2533030036600674	1.7559232626158043	2.1956529736646715	2.7062433961279173	3.584236274809738	4.645830390004306	5.478460414389341	5.953158020011402	6.130655602818713	6.017227635494134	5.793767248810798	5.660615939068787	5.2636409681736325	4.606162890393753	4.087094013807256	3.659250803797031	3.423937246607233	3.1607468655655064	2.7955567234203693	2.5594390671417324	2.4566852027477526	2.3281085085474276	2.0526649906130805	1.7995570955557612	1.5441493937780313	1.2246137480862547	1.0125315718258179	0.8774179270017182	0.7175938588827764	0.5380172841307462	0.4269516182744142	0.34012558194588394	0.24833329632255488	0.18303878378221297	0.13150561471562994	0.0970460107581792	0.07427709096281367	0.05920752410099535	0.05063324469772686	0.04350467712775972	0.03852592888339342	0.030559931692407352	0.02318971776413624	0.018531775892001077	0.015927828065449665	0.01545703429840917	0.014669600475660027	0.014019655098152794	0.011803174708192232	0.007878504544013946	0.004532952376460695	0.001999831930791483	0.0009790843827833303	0.0007249390749119127	0.0005374548314002111	0.00040829901920326115	0.00027914320700631116	0.00019165056003418382	0.00015832002785432574	0.00013748844524191447	0.00010832422958453866	7.499369740468061e-05	7.082738088219836e-05	8.332633044964513e-05	8.749264697212738e-05	0.0001249894956744677	0.00018331792698921928	0.000504124299220353	0.0009082570019011319	0.0005749516801025514	0.00010832422958453866	3.749684870234031e-05	8.332633044964513e-06	1.6665266089929025e-05
209063_HY55YBGXT_TCDM_1_A05_C64_1_2_i_AGATAG_S33_trim1	0.0003759128702314598	0.00040154329320178655	0.000991043021519303	0.0019393686714213947	0.002443433656504489	0.0027937161037656214	0.0036651504847567333	0.005476367041326494	0.007620779096510503	0.009611408613872552	0.012422211666285057	0.016172796894276215	0.01974396916147508	0.02290505466114872	0.026348074813495954	0.030560007654952995	0.034959896931525763	0.04001763373100358	0.045254783491273695	0.050526107148837575	0.057856408118351035	0.06903127253341353	0.08599006906544643	0.11173155720197799	0.14944245286565216	0.20686314379350762	0.2984064711691915	0.41587069964219925	0.5750356262879288	0.7746197299578637	1.056332252299049	1.4782773621852157	1.9447766906681339	2.2880364020353974	2.4921485470967566	2.5990957586776067	2.643513281685183	2.7417461494561226	2.916870286138042	2.9813051694854438	2.9321374747540334	2.9222270445388405	2.9565205504731376	3.0041931371979453	3.028618930288667	3.0443987273640647	3.085663708346291	3.2302620112705513	3.5745213091336576	3.9440265736225353	3.983155686023901	3.6276873498484385	3.1465103324778467	2.9874052101523816	3.2984303928972976	3.622228069755759	3.869988825135585	3.9776878624568983	3.5913263231278685	2.896912730118481	2.158893244162244	1.6189456669206927	1.1712846993209647	0.6405128135027903	0.3251817196988596	0.22405261413227348	0.1699040738702964	0.16171088199411526	0.1671359881895011	0.14367560769732862	0.09301280495931598	0.057377973556238276	0.036514809258392254	0.019940469070914256	0.012755407164899308	0.009423452178756822	0.008005235441065404	0.007757474685685579	0.006792062087136604	0.005519084412943705	0.004545128340071287	0.0034942809982878875	0.0024092597592107194	0.001589086224160262	0.0011533690336647062	0.0006920214201988237	0.00046134761346588245	0.0004528041391424402	0.0002990216013204794	9.397821755786495e-05	5.126084594065361e-05	4.271737161721134e-05	5.9804320264095875e-05	0.00011106516620474949	0.0002392172810563835	0.00041008676752522886	0.0003161085499673639	8.543474323442268e-05	8.543474323442268e-06	8.543474323442268e-06	0.0
209064_HY55YBGXT_TCDM_1_B05_C64_1_1_o_TTGGTA_S34_trim1	0.0001893537839875423	0.00019492301292835238	0.000490092146791286	0.0008687997147663705	0.0010247381251090523	0.0011918149933333546	0.0015371071876635787	0.0022388300342056472	0.00328027584613713	0.004327290887009423	0.0054801212777571065	0.0070951976705920265	0.008910766305296108	0.010865565663520442	0.01312110338454852	0.015978117831184083	0.01961482432953306	0.02455473040003159	0.030925928308318307	0.03994807919243062	0.05352029012118475	0.07187089948115392	0.1005579977552666	0.1483586897542394	0.22191149637551796	0.3422959491600684	0.5257352120124704	0.732292344198175	0.9891061983457498	1.2865475776165338	1.734235615252492	2.4639549756800125	3.269889234162519	3.856089564785364	4.203225173894997	4.332899100552819	4.281166532921634	4.261239831771415	4.32452854945478	4.251393435004063	4.034950921448421	3.8381956321985418	3.7014042309543647	3.6581535990000336	3.6440021882614353	3.5628362456780693	3.4123890950710263	3.339415488259592	3.3688154478381285	3.2873766130366624	3.0476380148216116	2.6665690937756237	2.276288668061536	2.0845568233162677	2.04586738986446	1.907288266130283	1.7368475836257318	1.6643083766716809	1.4443182642807422	1.1087443744522316	0.7992344760667119	0.5727005196703218	0.40091208376209436	0.23896447539227839	0.14207659950900564	0.09805741396084286	0.06572803995944042	0.051882936812586586	0.045656538856760936	0.03621669580208787	0.02402008442171382	0.015755348673551682	0.0105091350113086	0.0061762748953583645	0.003870614113862997	0.0026398145179439723	0.0021887069737383568	0.001977076273987574	0.0017431686584735513	0.001397876464143327	0.001052584269813103	0.0007796920517134095	0.000651599786074778	0.0005235075204361464	0.00036756911009346445	0.00023390761551402286	0.00011695380775701143	8.910766305296109e-05	6.683074728972081e-05	5.569228940810068e-05	4.4553831526480543e-05	2.784614470405034e-05	6.683074728972081e-05	0.00010024612093458121	0.0003842767969158947	0.0006460305571339679	0.0003787075679750846	7.796920517134095e-05	5.569228940810068e-06	0.0	0.0
209065_HY55YBGXT_TCDM_1_C05_X5_31_3_i_GTTACC_S35_trim1	0.00015858696476998507	0.00014272826829298657	0.0003409619742554679	0.0007215706897034321	0.0009435924403814113	0.0011180381016283947	0.0013559185487833723	0.0019189022737168193	0.0028387066693827327	0.0038695219403876357	0.0049320546043465354	0.006073880750690428	0.007215706897034321	0.008571625445817693	0.010355728799480025	0.0127583213157453	0.015351218189734554	0.01891149554882072	0.023724609929589767	0.029568539581363715	0.03867143135916086	0.05149318746081415	0.0700954384283334	0.10106747264791148	0.15258444815344113	0.2346214850289544	0.35815280123653426	0.5122517549035288	0.7088758031735948	0.9131199551008585	1.1979659318724671	1.6681842117637113	2.2044539624816544	2.596663314402543	2.8144507931211633	2.937228821246086	2.9814190789792425	3.0540677675403725	3.188279915825211	3.2090944549512717	3.115314053334541	3.0371227503547	3.008489873865479	3.0247529671026405	3.025458679095867	3.037733310169064	3.096846601287076	3.2622924522833627	3.6280494984806175	3.99001631621987	4.011195605364902	3.637897748992834	3.1667358766612086	3.05777870251599	3.61165953567164	3.743722830583845	3.3445197935166004	3.159520169764174	2.737583691297152	2.1709841835669494	1.7014319689277388	1.42065374780248	1.0990552419454276	0.6006164116733645	0.2970571730588975	0.1982812820519123	0.1393107192021934	0.12250843028481345	0.1179569843959149	0.09715037461809285	0.06276872065596009	0.03974189337135826	0.025350126318482116	0.013892218113850692	0.009372489617906118	0.00754081017481279	0.006383125331991899	0.005970799223589938	0.0051540763550245155	0.004194625218166105	0.0035919947520401617	0.002727695794043743	0.002069559890248305	0.0014431413794068642	0.0010387446192434023	0.0007295000379419313	0.0004361141531174589	0.0003568206707324664	0.00026959784010897463	0.00013479892005448731	3.1717392953997014e-05	3.1717392953997014e-05	9.515217886199104e-05	0.00016651631300848433	0.00031717392953997014	0.0004361141531174589	0.0003013152330629716	0.0001030815271004903	1.5858696476998507e-05	7.929348238499253e-06	1.5858696476998507e-05
209066_HY55YBGXT_TCDM_1_D05_X4_67_3_o_CGCAAC_S36_trim1	0.0	0.00010730638440795312	0.000858451075263625	0.002682659610198828	0.005579931989213562	0.01062333205638736	0.01684710235204864	0.023929323722973548	0.03315767278205751	0.045497906988972124	0.061915783803388955	0.0828405287629398	0.10312143541604295	0.12093429522776317	0.13842523588625955	0.15709654677324336	0.17383634274088405	0.18671310886983844	0.2032382920686632	0.21858310503900052	0.22276805403091066	0.2268456966384129	0.2286699051733481	0.2298502754018356	0.24272704153078997	0.26536868864086804	0.3023893912616119	0.3558279706967725	0.4254698141775341	0.5046619258706035	0.6251669955607349	0.7920284233151019	0.9815314981795472	1.1453883471704915	1.279735940449249	1.4115081805022154	1.5308328799638593	1.6696873413877507	1.8313980626905357	1.9806612434019988	2.1141503856054924	2.273071140913671	2.4519508837217288	2.5752459194064667	2.6484288735726906	2.7288013554942476	2.8122857225636353	2.881605646891173	3.0241085253849347	3.12240117350262	3.071108721755618	2.8442630251172054	2.5660175703473826	2.579538174782785	2.8690507999154424	3.4192106327750182	4.462657914757955	5.562119129401842	6.258644870593866	6.2000555847071235	5.0258018201308925	3.5953004095884693	2.3348796183326517	1.2686833828552297	0.7449209205600106	0.5341711815827906	0.4170999161937138	0.3884491115567903	0.41602685234963427	0.3801865199573779	0.2371471095415764	0.13499143158520502	0.08155285215004436	0.03626955792988815	0.019100536424615653	0.014271749126257765	0.01309137889777028	0.012876766128954375	0.01169639590046689	0.009764880981123734	0.007189527755332859	0.004828787298357891	0.003970336223094265	0.002146127688159062	0.0006438383064477187	0.00010730638440795312	0.0	0.0	0.0	0.0	0.0	0.00010730638440795312	0.00010730638440795312	0.0	0.0003219191532238594	0.0004292255376318125	0.00010730638440795312	0.0	0.00010730638440795312	0.00021461276881590624	0.00021461276881590624
209067_HY55YBGXT_TCDM_1_E05_X5_31_2_i_TGGCGA_S37_trim1	0.00020656322515884997	0.00025246616408303884	0.0004360779197797944	0.0006254275428420735	0.0006655926144007388	0.0006942819512283569	0.0008893694416561598	0.0011877385446633876	0.0015434863213258515	0.0018533311590641262	0.0021861274662644957	0.0028058171417410455	0.0035402641645280683	0.004452585075646322	0.005577207079288949	0.007178072074270037	0.009478956887845004	0.012961842378717836	0.01833822410021346	0.0257113836649113	0.03707236104864805	0.05158916548342279	0.0741447220972961	0.11384502639935395	0.17685828580753427	0.2804095781531389	0.4312868005295822	0.6103484274054776	0.844464891653572	1.061637433571275	1.3379673880275267	1.8199023437925856	2.3575577295442445	2.766185691847374	3.0142681252631527	3.148517008014309	3.200737338907939	3.2781067424646593	3.422046883196185	3.432966044792776	3.3056140786149797	3.1919985669102466	3.0847578258486106	3.033226039038843	2.9872140806347094	2.922754878650417	2.92717303652187	3.015800135849748	3.2520797760946443	3.61233751650641	3.7656246431763734	3.5373263764369196	3.1947470053783324	3.1848434463054387	4.138115516811435	4.299366803384745	3.268558931168428	2.6891892496694125	2.1512354948147467	1.632463430563026	1.3304966847176147	1.1992257551291656	0.9939592879949241	0.5676586942059819	0.2860154745692554	0.195265364316134	0.1435327521485731	0.12988810355335798	0.11900910702832522	0.09264360648374421	0.059731199275100795	0.03776664299987641	0.024931033703200087	0.014407784954829786	0.009496170489941577	0.007195285676366608	0.005973119927510079	0.005376381721495623	0.004768167780750121	0.004205856778928807	0.003333700939369218	0.0024385936303475343	0.0018361175569675554	0.0013656124329946195	0.0009983889216011084	0.0006369032775731208	0.00041312645031769995	0.0002811555009106569	0.00020656322515884997	0.00011475734731047221	5.7378673655236105e-05	5.164080628971249e-05	8.606801048285416e-05	0.00013770881677256666	0.0003557477766624639	0.000573786736552361	0.0004303400524142708	0.00017787388833123195	3.4427204193141664e-05	0.0	0.0
209068_HY55YBGXT_TCDM_1_F05_C17_1_1_o_ACCGTG_S38_trim1	0.009369875849144999	0.012883579292574372	0.026938393066291873	0.045678144764581874	0.059732958538299366	0.06324666198172874	0.065589130944015	0.07613024127430311	0.08784258608573436	0.10072616537830872	0.13352073085031624	0.15343171702974936	0.17685640665261187	0.2260482548606231	0.2588428203326306	0.2822675099554931	0.31623330990864373	0.35137034434293746	0.34200046849379245	0.32560318575778874	0.34902787538065116	0.3783087374092293	0.4052471304755212	0.41930194424923867	0.4684937924572499	0.5551651440618411	0.6055282267509956	0.7203092059030217	0.9135628952916374	1.0365425158116655	1.2461934879362848	1.5799953150620754	1.914968376669009	2.137502928086203	2.241742796907941	2.364722417427969	2.5181541344577183	2.673928320449754	2.805106582337784	2.7980791754509253	2.7360037479503396	2.7875380651206374	2.8578121339892246	2.8742094167252286	2.78870929960178	2.834387444366362	3.001873975169829	3.138908409463575	3.4036074022019207	3.585148746779105	3.5242445537596625	3.387210119465917	3.1670180370110095	2.955024595924104	2.897634106348091	2.7805106582337786	2.540407589599438	2.340126493323963	2.2124619348793626	2.1386741625673458	1.9817287420941674	1.7029749355821036	1.3668306394940268	1.022487702037948	0.8386038884984773	0.71211056453502	0.5235418130709768	0.4040758959943781	0.3572265167486531	0.29397985476692434	0.2576715858514875	0.23658936519091123	0.1885687514640431	0.17100023424689623	0.14991801358631998	0.12415085500117123	0.09721246193487935	0.07964394471773249	0.065589130944015	0.04684937924572499	0.04450691028343875	0.04216444132115249	0.035137034434293744	0.019910986179433123	0.0035137034434293748	0.005856172405715624	0.0070274068868587496	0.004684937924572499	0.004684937924572499	0.0023424689622862497	0.0011712344811431249	0.0023424689622862497	0.0011712344811431249	0.0011712344811431249	0.0023424689622862497	0.0023424689622862497	0.0011712344811431249	0.0	0.0	0.0	0.0
209069_HY55YBGXT_TCDM_1_G05_A20_1_1_o_CAACAG_S39_trim1	0.0005327518051406997	0.0009323156589962246	0.002752550993226949	0.005549497970215622	0.008479632898489471	0.01114339192419297	0.016515305959361692	0.02659319427327326	0.0387576938239859	0.05340836846535515	0.07338656115813139	0.09642807673046665	0.11742737704976258	0.14237791992385201	0.16968144993731285	0.1894820586950422	0.20328920964493868	0.21172444655966643	0.21674119272474135	0.22406653004542598	0.23165824326868092	0.23685257336880278	0.24213569543644803	0.248439925130613	0.2579406656556221	0.2823140607408091	0.330927662959898	0.39401435588530914	0.4807641081557198	0.5830968507264959	0.7225002397383123	0.9267217650422472	1.1658829295666595	1.3690389512603132	1.530817916088039	1.7191012832215147	1.9067187105985643	2.0882538882002577	2.309701055203742	2.5312370141747498	2.7166346423637133	2.8860497163984555	3.0225229704819983	3.1503390077320046	3.305103407125378	3.4638190490735443	3.583732601213964	3.6514364764505944	3.7681091217764076	3.821828262128095	3.6563200346643843	3.3004862248141587	2.888269515586542	2.7244927314895384	2.7990779842092364	3.0183053520246346	3.568771154686262	4.100146684330349	4.370029869617875	4.170292338673874	3.355581640662459	2.5203156021693656	1.6789673139009154	0.8875201113806441	0.5057146510298092	0.3607617640477772	0.2764093949004997	0.2447994544621515	0.2508817042375079	0.22513203365570736	0.14277748377770752	0.08133344225148016	0.04919075000799128	0.025039334841612887	0.013629567014849568	0.00865721683353637	0.007236545353161171	0.007103357401875997	0.006082249775356322	0.005016746165074922	0.003906846571031798	0.0026637590257034987	0.001997819269277624	0.0014206714803751993	0.0009767116427579494	0.0007547317239493247	0.0004439598376172498	0.0004439598376172498	0.00039956385385552483	0.0002219799188086249	4.439598376172498e-05	0.0	4.439598376172498e-05	8.879196752344996e-05	0.0002219799188086249	0.00039956385385552483	0.00039956385385552483	0.0002219799188086249	4.439598376172498e-05	0.0	0.0
209070_HY55YBGXT_TCDM_1_H05_C17_1_3_o_GATTGT_S40_trim1	0.0007297530029336071	0.0006732840205637446	0.0008166283604257032	0.0011597860225194827	0.0012987865945068362	0.001442130934368795	0.0018982265612022993	0.002788698975496284	0.003865953408398276	0.004847644948058961	0.006116025167443564	0.007927376371153767	0.009942884664970397	0.01240580104987132	0.015576751598332826	0.021458213300547733	0.02910758852772679	0.03632693073531997	0.045353280378748764	0.05885805470089509	0.079391045444152	0.1034468319337134	0.1341963647180408	0.18434082106247868	0.25749855960657275	0.3601374507156097	0.49359103112709307	0.6449887166285689	0.8308715752865323	1.005968858311852	1.2204901785670847	1.556285154113409	1.9160751033990504	2.1767706761613326	2.3319387521779653	2.4074985943567158	2.4193179867435153	2.428995901568135	2.4486731700400948	2.3898281466428233	2.3110669475404895	2.3309657481740538	2.3861967566996536	2.452278497376017	2.487962550465895	2.5408826744822055	2.6961767197672017	2.931257093372939	3.400384023830258	4.030912337204268	4.36397942652534	4.253465284259645	3.8838844821846443	3.908014112728074	4.385776453720107	4.486312961177835	3.8941444619044607	3.238834952805831	2.8841619620764742	2.724419898487882	2.3664803943168224	1.7375723063600406	1.2724286110437344	0.8717377434508143	0.634051109120314	0.5236933424981044	0.3858178063902733	0.2912018545456314	0.21403481825327714	0.1418631150167183	0.09040249700627519	0.058814617022149046	0.04299027065496375	0.029998060942020774	0.022309591803970272	0.01702757006845083	0.012479645103739601	0.010477168113546787	0.007923032603279163	0.005890149237964114	0.004621769018579512	0.003322982424072675	0.0024238224740294806	0.001876507721829275	0.0014768810773656334	0.001020785450532129	0.0008253158961749128	0.0007123779314351878	0.0004865020019557381	0.0002866886797239171	0.00016940694710958736	9.556289324130569e-05	0.0001042504289905153	0.00014768810773656334	0.0002823449118493123	0.0004908457698303429	0.0003561889657175939	9.556289324130569e-05	3.4750142996838435e-05	0.0	0.0
209071_HY55YBGXT_TCDM_1_A06_A20_1_1_i_CTCTCG_S41_trim1	8.797289555088077e-05	0.00010446781346667092	0.0002529220747087822	0.0004783526195579142	0.0006268068808000255	0.0007752611420421369	0.0010391798286947791	0.001594508731859714	0.00223781053057553	0.0027711462098527445	0.003639878553417692	0.004717546523915981	0.005630265315256369	0.007048828256014322	0.008879764144667028	0.010534754242217973	0.012888029198204032	0.016824816274105946	0.023131373223909714	0.030938967704050382	0.041842108446387666	0.05797963647400236	0.08082509778737171	0.11851048691898025	0.17900284922215465	0.27786239059745693	0.424766129555484	0.5950761570360172	0.8047375603576539	1.0216512292562663	1.3308209740578927	1.8461497012770365	2.4358045286247307	2.8692414866979483	3.09250569899414	3.1884511382043192	3.209696592479857	3.2776226644570805	3.4161964698676335	3.434109950724182	3.3385988776857847	3.281641926122562	3.2725367314330454	3.2914509039764845	3.311239307169461	3.31351560584184	3.316143796096423	3.4077125837529456	3.654888928721061	3.7937101579003505	3.635474410334176	3.301336858114015	2.96374087143751	2.808523693849925	2.9334012190844	2.9248128651562455	2.7619090558199018	2.6820626564955337	2.4697785612252865	2.146445180239968	1.7243292341629544	1.3599894872389817	0.9899974817758648	0.5300421940000286	0.26243964234619316	0.1721519599811298	0.11829055468010306	0.09822723618853031	0.08873716008097904	0.070741204634852	0.04557545820132817	0.02854170630028888	0.01811141987153758	0.010369805063060072	0.006625458696175708	0.0049319804568212534	0.004354658329768599	0.003986271829649285	0.0035024209041194412	0.003062556426365037	0.0025512139709755422	0.0018419325005965663	0.0013415866571509318	0.0009512069331438983	0.0005993153509403753	0.0003573898881754531	0.0001924407090175517	0.00013195934332632116	9.347120152281082e-05	6.048136569123053e-05	4.948475374737043e-05	4.3986447775440386e-05	5.498305971930049e-05	8.797289555088077e-05	0.0003518915822035231	0.0006488001046877457	0.0004453627837263339	0.00015395256721404134	5.498305971930049e-05	0.0	0.0
209072_HY55YBGXT_TCDM_1_B06_A20_1_2_o_TGACAC_S42_trim1	0.0005060900344293051	0.0004554810309863746	0.0013664430929591236	0.002935322199689969	0.0037956752582197877	0.004807855327078398	0.00698404247512441	0.013158340895161932	0.021508826463245465	0.027834951893611775	0.033756205296434645	0.04084146577844491	0.0471169822053683	0.052481536570318926	0.058959489011014034	0.06877763567894256	0.08203719458099035	0.0934242203556497	0.10096496186864637	0.10951788345050162	0.12130978125270442	0.1385674514267437	0.16144272098294832	0.1950977082724971	0.24570671171542763	0.31782454162160356	0.41752427840417666	0.5421236448806716	0.7269983344576967	0.952512053799395	1.2462973187856066	1.6851785966426998	2.174466441928952	2.5476572333171217	2.804497925789994	3.041499888913237	3.2337634929929306	3.3902971406419145	3.5308889522063756	3.6327648761369944	3.6869165098209304	3.68312083456271	3.65427370260024	3.6201632342797043	3.578613242453059	3.5404540538570894	3.4757757474570243	3.4145388532910785	3.4164619954219093	3.2985936264033247	3.003391309320711	2.624785354564148	2.2504305560967905	2.0384800496777977	1.9733968712501893	2.0894433161448287	2.570836156893984	3.0442327750991556	3.279159769081239	3.106026368302974	2.3789268158383914	1.6373024793856876	1.0031716662457684	0.5133777309250871	0.29970651838903445	0.2109889353535773	0.15886166180735886	0.1343669041409805	0.1279395607037283	0.11093493554690367	0.07272513794749114	0.04448531402633591	0.02874591395558453	0.015385137046650873	0.00900840261284163	0.00602247140970873	0.004757246323635468	0.004301765292649092	0.003390803230676344	0.002479841168703595	0.001923142130831359	0.0010627890723015406	0.0006073080413151661	0.0006073080413151661	0.00030365402065758306	0.00010121800688586101	5.060900344293051e-05	0.0	0.0	0.0	0.0	0.0	0.0	0.0	0.00035426302410051353	0.0007591350516439575	0.0005060900344293051	0.00010121800688586101	0.0	0.0	0.0
209073_HY55YBGXT_TCDM_1_C06_X5_31_1_o_AAGACA_S43_trim1	0.009065392862746465	0.015690103031676575	0.035041230104077684	0.057530377782814106	0.09135126653998361	0.14800997193214904	0.23866390055961367	0.37917748993218386	0.5608340161433727	0.7808441275431042	1.0752950611042347	1.4176879761510435	1.7325360436533532	2.0630742141873397	2.402852112062203	2.65929812939105	2.8779135649657435	3.0444029915796444	3.095308659193529	3.0491100224891476	2.98059657258416	2.8864559543941004	2.7492547201059954	2.5763149178012936	2.3962274018932725	2.2515297850455886	2.086609368734855	1.9506284757936576	1.8843813741043567	1.8376597339655865	1.8116838967242552	1.8496888129565385	1.9786963267725457	2.058890186712226	2.0592388556684855	2.018793256742386	1.936507383065149	1.918899600774045	1.937204720977668	1.8744443088509617	1.771586966754415	1.6983664859399241	1.6500758354979865	1.640313104722721	1.6305503739474556	1.623402660344136	1.643625459807186	1.7124875786684333	1.8421924303969595	1.884207039626227	1.7653109255417445	1.5477414968358294	1.3333100887362492	1.2097069437422638	1.1474695350499469	1.087672809051446	1.0346751277000052	0.9916145116019595	0.9220550548281933	0.8118756646501978	0.6338801624797336	0.4658217255626645	0.34030090130925195	0.233085197259462	0.17189379543592337	0.12726416903471	0.08402921845853455	0.0618887397360576	0.05020832970136504	0.038004916232283255	0.023012151113125642	0.01255208242534126	0.007845051515838287	0.005230034343892192	0.004532696431373232	0.002963686128205575	0.0017433447812973972	0.0013946758250379177	0.0013946758250379177	0.0010460068687784382	0.0008716723906486986	0.0010460068687784382	0.001220341346908178	0.0008716723906486986	0.00034866895625947943	0.00017433447812973971	0.00017433447812973971	0.0005230034343892191	0.0005230034343892191	0.00034866895625947943	0.00017433447812973971	0.0	0.0	0.0	0.0	0.0	0.0	0.0	0.0	0.0	0.0
209074_HY55YBGXT_TCDM_1_D06_X4_67_1_o_ACAGAT_S44_trim1	0.002780722640296147	0.00434487912546273	0.01077530023114757	0.018596082656980484	0.02745963607292445	0.04709848972001599	0.07594848711308852	0.11435721858217905	0.16684335841776882	0.24122768904569075	0.3232590069344271	0.4019882166878117	0.49079754601227	0.5884704287526721	0.6840577695128521	0.776169206972662	0.8531604650758615	0.8896574497297485	0.9072107613966179	0.9160743148125619	0.9051252194163959	0.8800987156537305	0.8601122716766019	0.8295243226333444	0.7772119779627731	0.7377604755035715	0.7087366829454804	0.6922261422687221	0.6885764438033334	0.6866646969881298	0.6981351778793514	0.7513164983750151	0.8227463111976224	0.8884408835746189	0.9807261161994473	1.1110724899633293	1.2537583204435254	1.3988772832339804	1.5610281721962496	1.6967621960757053	1.8463998331566416	2.061558247449556	2.304871478475469	2.5033455569266065	2.621700064304211	2.7072072854933174	2.7610837866490554	2.760909991484037	2.8229548653956447	2.8253879977059038	2.7711639062201288	2.6637584942386905	2.574949164914232	2.640817532456247	2.8361632979370515	3.2657849458628063	3.925858982603104	4.56629416569631	5.0470115921375065	5.038495629051599	4.06037644032743	2.817045829785015	1.781052851109682	0.9864613566450582	0.6159300648255965	0.46855176488990075	0.40476893932810787	0.40563791515320047	0.4565598985036236	0.406506890978293	0.24644154399624604	0.14320721597525157	0.0813361372286623	0.03371626201359078	0.016510540676758372	0.012165661551295642	0.01060150506612906	0.009558734076018005	0.007646987260814404	0.0062566259406663305	0.003997288795425711	0.002433132310259129	0.0026069274752776378	0.001911746815203601	0.0012165661551295644	0.0006951806600740368	0.0003475903300370184	0.0003475903300370184	0.0001737951650185092	0.0	0.0	0.0	0.0	0.0	0.0001737951650185092	0.0005213854950555276	0.0003475903300370184	0.0	0.0	0.0	0.0
209075_HY55YBGXT_TCDM_1_E06_A27_1_2_o_TAGGCT_S45_trim1	0.0005414182233794134	0.0004872764010414721	0.0007038436903932375	0.001245261913772651	0.001570112847800299	0.0016242546701382404	0.001894963781827947	0.003302651162614422	0.005414182233794134	0.00682186961458061	0.007958847883677378	0.009528960731477677	0.011369782690967683	0.01293989553876798	0.014131015630202692	0.016296688523720345	0.018624786884251822	0.020682176133093592	0.024363820052073604	0.02950729317417803	0.035083900874985995	0.0419057704895666	0.05029775295194751	0.06318350666837755	0.08067131528353261	0.10335673884313004	0.14910657871869046	0.20828359053406037	0.2740659046746591	0.3442337064246311	0.43345942963755835	0.5740116004268542	0.7297776232931114	0.8707087868387727	1.032159701050514	1.2337838474370073	1.4240382111325331	1.615158843985466	1.8380065847284328	2.0772592976397957	2.329830898846292	2.554086326970045	2.7229546708420838	2.8582550848645996	2.9540319685804177	2.9937720661764664	3.0390887714733235	3.0879788370444845	3.204275471426383	3.301405900700649	3.2943674637967173	3.099456903380128	2.835786228594354	2.8459107493715488	3.1443946159206195	3.738980108835891	4.734539937985956	5.715643900571791	6.309038273395629	6.079314521215744	4.8219248392393945	3.519759870189567	2.4049797482513546	1.396534165384859	0.8579854585893564	0.6209525603938493	0.46134246814159824	0.39469388484359236	0.3900376881225294	0.33188937093158044	0.21315635454447504	0.13118563552483187	0.07899291879105642	0.03974009759604895	0.02479695463077713	0.019491056041658884	0.016946390391775642	0.014618292031244162	0.011802917269671214	0.009853811665505325	0.00806713152835326	0.005739033167821783	0.0038982112083317767	0.0029778002285867737	0.0023280983605314777	0.001732538314814123	0.0012994037361105924	0.0010286946244208856	0.0005955600457173548	0.00010828364467588268	0.0	0.0	0.0	0.0	0.00010828364467588268	0.0003789927563655894	0.0003248509340276481	5.414182233794134e-05	0.0	0.0	0.0
209076_HY55YBGXT_TCDM_1_F06_X5_31_3_o_CTCCAT_S46_trim1	0.0004647693233655806	0.0009295386467311612	0.003950539248607435	0.007668693835532079	0.009992540452359982	0.01556977233274695	0.022773696844913448	0.03160431398885948	0.050892240908531075	0.06878585985810592	0.08923571008619147	0.11433325354793282	0.13060017986572814	0.16336641716300157	0.19706219310700618	0.22239212123043034	0.24818681867722006	0.2591088977763112	0.27119290018381625	0.28583313386983206	0.2941989816904125	0.2944313663520953	0.2941989816904125	0.2986142902623855	0.3044239068044553	0.3227822950773957	0.35810476365317984	0.39807492546261974	0.4482700123861025	0.5112462557021387	0.6088478136089106	0.7382860701662247	0.8563374783010822	0.9811280416247407	1.1719158488663113	1.391751738818231	1.5497733087625285	1.6864154898320092	1.8834776829390152	2.0672939503301024	2.2202030577173786	2.4260958679683307	2.6010815182154716	2.754687779587796	2.8734363417077016	2.931997276451765	3.00821944548372	3.04981629992494	3.1499740891102226	3.1583399369308025	3.085138768500724	2.971037899614474	2.8550779534347615	2.914336042163873	3.1230174683550187	3.613813873829072	4.508494821307814	5.392486074349149	5.855861089744632	5.570725109859849	4.317707014066244	2.9759179775098126	1.931581307907353	1.1345019183353822	0.7266668370820852	0.5110138710404558	0.3787869985429482	0.3209232177839334	0.3127897546250357	0.2586441284529456	0.15639487731251786	0.09016524873292263	0.05298370286367618	0.026027082108472512	0.0167316956411609	0.013245925715919045	0.010457309775725563	0.008830617143946031	0.006506770527118128	0.005344847218704177	0.005344847218704177	0.004880077895338596	0.005112462557021386	0.0044153085719730156	0.002556231278510693	0.001626692631779532	0.0009295386467311612	0.0004647693233655806	0.0002323846616827903	0.0	0.0002323846616827903	0.0002323846616827903	0.0	0.0002323846616827903	0.0004647693233655806	0.0004647693233655806	0.0002323846616827903	0.0	0.0	0.0	0.0
209077_HY55YBGXT_TCDM_1_G06_X5_31_2_o_GCATGG_S47_trim1	0.001049138133023721	0.0013988508440316279	0.0024479889770553493	0.0033222707545751164	0.0033222707545751164	0.003147414399071163	0.0038468398210869765	0.006469685153646279	0.009791955908221397	0.011540519463260932	0.011540519463260932	0.013114226662796512	0.01591192835085977	0.020283337238458606	0.024305033415049537	0.027452447814120703	0.031124431279703726	0.0372444037223421	0.046511790564051636	0.05175748122917023	0.058576879093824426	0.07186596211212488	0.08515504513042536	0.10543838236888396	0.139185658981147	0.17660491905899303	0.2297612511321949	0.3004032187557921	0.38800625286327284	0.48819894456703816	0.6146200895963966	0.7905255832333739	0.989337259441369	1.2023123004451843	1.436619816820482	1.7090460186956413	1.9548940545342002	2.140241791368391	2.3672053408125224	2.575634116573235	2.7618561351849458	2.94912729192968	3.102126602995639	3.25739904668315	3.3498980587447416	3.3948361421092574	3.469849518620453	3.531748668468853	3.602740348803458	3.609210033957104	3.4974768227900777	3.238864272999731	2.9195765678495116	2.8373940807626536	2.961367236814956	3.2301214552245328	3.7468219857387157	4.290450395000507	4.7622128421501735	4.698040559680223	3.7508436819153066	2.734578543726329	1.8519036611423716	1.112960702782664	0.7686685387953797	0.5780751112960703	0.41983010956499234	0.3448167330537963	0.3156157216846361	0.25773826801282745	0.176779775414497	0.12012631623121606	0.0751882328667	0.037419260077846045	0.02395532070404163	0.016436497417371628	0.01049138133023721	0.009791955908221397	0.010141668619229303	0.008567961419693721	0.0055954033761265115	0.00349712711007907	0.002098276266047442	0.001049138133023721	0.001049138133023721	0.0005245690665118605	0.0	0.00017485635550395349	0.00017485635550395349	0.00034971271100790697	0.00034971271100790697	0.0	0.0	0.0	0.00017485635550395349	0.00017485635550395349	0.0	0.0	0.0	0.00017485635550395349	0.00034971271100790697
209078_HY55YBGXT_TCDM_1_H06_C64_1_3_i_AATAGC_S48_trim1	0.0003883212044735309	0.0004324486140727958	0.0011340744267011073	0.0022725615943621413	0.0029962511117900847	0.0038434973760959703	0.005767452434623919	0.009112310082248196	0.01287637812106549	0.016989052695716975	0.02196221175755413	0.027473725216502307	0.0332367649101663	0.0402662612593292	0.04796649423440092	0.05536224808323771	0.06279771660071384	0.07142462517737012	0.08308749953445584	0.09696998259438457	0.11450621516913241	0.13695382843227846	0.1702258952701242	0.22147546877871038	0.29470049226773054	0.4033863021107199	0.5533047634832624	0.7213684156830226	0.9301351904971447	1.1527270827387164	1.4313696106532745	1.846899775885712	2.299333693766015	2.649806819026256	2.900918256091833	3.068703905611118	3.132322392030378	3.208190647354394	3.3456475282561042	3.357522214179266	3.2860666998151764	3.277386838347001	3.3092556535595903	3.3814569211459076	3.456116085446904	3.5407480443173336	3.7203068867177023	4.077306455857675	4.646655945471231	4.95161164772983	4.662374128770488	3.9577211758436674	3.2083759824747107	2.7908512583283867	2.556005184441099	2.248432726793263	1.9154208175114504	1.6891001591587411	1.4949925098134946	1.3072833348601418	1.080728801236556	0.831907576729181	0.6157759372529417	0.4055308942172442	0.27535944864037276	0.20822400767605115	0.14742526273018403	0.11115253203958829	0.09121576838264042	0.06864459837261644	0.045755711013477744	0.030739153526847914	0.021137029198047875	0.013185269988260343	0.008926974961931284	0.0068971141203651	0.005414433157829799	0.0044701065924055315	0.0035654946956206017	0.0026829465036353043	0.0020254481006062577	0.001504744667334932	0.0011031852399816218	0.0007898806318268412	0.0005824818067102963	0.0003839084635136044	0.00019416060223676545	0.0001412077107176476	0.00011914400591801515	6.61911143988973e-05	3.971466863933838e-05	2.6476445759558922e-05	5.2952891519117845e-05	0.00010590578303823569	0.0002162243070363979	0.00032654283103456005	0.0002073988251165449	3.971466863933838e-05	4.412740959926487e-06	4.412740959926487e-06	0.0
209079_HY55YBGXT_TCDM_1_A07_A20_1_2_i_GTGCCA_S49_trim1	0.00016807947974358634	0.0001575745122596122	0.0004727235367788366	0.000997971910977544	0.0012290811956249753	0.0013026159680127943	0.0016650373462099022	0.0024896772937018728	0.0034771442371954427	0.004380571440817219	0.005415310737988673	0.007033075730520692	0.008829425170280271	0.010620522126297861	0.012469396403477311	0.014764731798725663	0.018231371068437134	0.023173958269646966	0.03042238583358913	0.04056493193936617	0.0551773417095742	0.07476385358344399	0.10322706298127196	0.14911276095127105	0.22034169297635775	0.3316523284365478	0.4984134347608954	0.7079927885499216	0.9846358547566387	1.2868637692705749	1.7056337930517202	2.3669897784565386	3.0931404033025096	3.6136457846822028	3.8834501170568525	4.002581700808862	4.029054218868476	4.076232027839004	4.166800605002088	4.126676881697048	3.967573896668518	3.847475855907983	3.787902185306366	3.7727487697107334	3.7670498248506776	3.724425919284452	3.688987411477265	3.815677319333993	4.107946524673122	4.121729042012096	3.7392431759205973	3.143942426055009	2.506233122456616	2.102495707145038	1.7993958803299317	1.5000673368415722	1.3082308731329784	1.1998458711170752	1.089801084238704	0.9380725863839234	0.7294439321521967	0.5263461433007827	0.37108797637138674	0.24377827543310407	0.1619550837004294	0.11518696846177653	0.07708545139740229	0.0534755369771704	0.039908371471617785	0.027544024742980212	0.01780066740159419	0.012264549537539818	0.008766395365376425	0.005688439892572001	0.003844818099134538	0.002720786578349304	0.0020484686593749586	0.0017280671511137472	0.0012763535493028589	0.0009874669434935697	0.0007721151100720998	0.0005672682441346039	0.0003886837969070434	0.00026787667084134076	0.00020484686593749585	0.00011030215858172855	3.6767386193909516e-05	2.626241870993537e-05	3.151490245192244e-05	3.151490245192244e-05	4.727235367788366e-05	4.727235367788366e-05	5.777732116185781e-05	9.454470735576732e-05	0.0002626241870993537	0.0005199958904567203	0.0003886837969070434	9.454470735576732e-05	1.575745122596122e-05	0.0	0.0
209080_HY55YBGXT_TCDM_1_B07_A20_1_3_i_TCGAGG_S50_trim1	0.00030348364162998136	0.0003348785011089449	0.0006854544319573716	0.0011825397070409618	0.0014023037233937068	0.0015488130676288704	0.0018522967092588515	0.0024644964690986415	0.0032650653858122126	0.004185981263861811	0.005352823541163292	0.006692337545599072	0.008382427480883277	0.010532975355192282	0.013311420419080561	0.017560191401900297	0.02315894134231547	0.03152567139345927	0.04291677290774322	0.0586508299832838	0.08047548979774333	0.10577451406120816	0.1464099271801467	0.21712161567993232	0.3250048178028109	0.4878237915372958	0.7002885030611818	0.9332959176374698	1.2229658210967074	1.4952220424982794	1.8554728225428068	2.4645330964347005	3.1426620611803138	3.6323015220908097	3.8813935696734867	3.9804914436188352	3.971972971746877	3.959906880753795	3.9982243067478698	3.8891951922540096	3.6321811751294737	3.4398301035784438	3.295675373804202	3.220107947038337	3.191627577014337	3.194306605023209	3.3388014457751387	3.6440641294422615	4.061050653041856	4.216528462134843	3.953408144841649	3.3832461018441915	2.7957907237504047	2.479874717766754	2.2642966826778705	1.932112907007537	1.516900192968504	1.2308668607322464	1.0297304610036864	0.8676754288498562	0.6968926257608741	0.5068019840923293	0.3670739295046221	0.2567314633892247	0.18812323047452964	0.1475296771682297	0.1084326121637604	0.08287719654788404	0.06320831708431336	0.04385338621553231	0.03135823214290479	0.02393334787612991	0.018360760318613868	0.013154446121685742	0.010140539611705239	0.007602788470489015	0.0053789859240624275	0.003919124958290622	0.0025639135241153597	0.001742414701082479	0.001365676387334916	0.0010621927457049346	0.0007587091040749534	0.0005703399472011718	0.00039766822006687206	0.00023022896951239963	0.000177904203714127	0.00011511448475619982	6.278971895792718e-05	4.709228921844538e-05	4.1859812638618114e-05	6.278971895792718e-05	7.848714869740897e-05	7.32546721175817e-05	0.00024592639925188144	0.0005284801345625537	0.00041336564980635386	0.00012557943791585436	3.662733605879085e-05	5.232476579827264e-06	0.0
209081_HY55YBGXT_TCDM_1_C07_A20_1_3_o_CACTAA_S51_trim1	0.000299241433652884	0.00046489294156787337	0.0012397145108476622	0.0022763723345737247	0.003286312173152208	0.0051245095513056385	0.008346698560103656	0.013091812722313675	0.01938657002308327	0.027161503701028735	0.036801352742275216	0.04758473154783807	0.05818642805439739	0.06909805318866863	0.07971578048631649	0.08978846088695375	0.09959396143611522	0.10803150114572063	0.11488199253755987	0.12384854835308737	0.1375762491219134	0.15491622148269213	0.18375027105395933	0.23451444283435927	0.3139256382899934	0.44481170393095304	0.63675370923116	0.8684200148487874	1.1913015217602492	1.5499477235902603	2.061928442182227	2.9161932684998266	3.8713345195406257	4.509317256088575	4.741496547021035	4.7808093903671836	4.754048656443368	4.7344643733301925	4.736943802351888	4.607185235684156	4.342265725751853	4.08151422150257	3.831396475342025	3.663783867317203	3.5626349191454993	3.438850493956766	3.2998421608309423	3.2587285252858478	3.3351419628079233	3.2168400681714733	2.8760361368230156	2.4176410092430336	1.9019571779096127	1.5424506569578496	1.2888114803548532	1.0669613624804464	0.9264354477982403	0.843727252975395	0.7332964767634218	0.5840872169082525	0.43301304168978216	0.309228616501049	0.21862792886560883	0.1465374613404114	0.09980770531729584	0.07182328767372168	0.049593924030936015	0.03582881808290334	0.026188969041656865	0.017874332063730305	0.011985688137203908	0.008341354963074142	0.005771084791877048	0.003558835621657513	0.0022977467226917877	0.0016297970940023145	0.0013572736454970096	0.001175591346493473	0.0008549755247225257	0.0006038264643352838	0.0004435185534498102	0.0003045850306823998	0.00024046186632821037	0.00020840028415111564	0.0001870258960330525	0.00012824632870837887	8.549755247225257e-05	8.549755247225257e-05	8.549755247225257e-05	6.946676138370522e-05	4.809237326564207e-05	4.809237326564207e-05	9.618474653128414e-05	0.00017099510494450514	0.00034733380691852605	0.000598482867305768	0.00042748776236126287	7.4810358413221e-05	0.0	0.0	0.0
209082_HY55YBGXT_TCDM_1_D07_A27_1_3_o_GGTATA_S52_trim1	0.0005067713848457172	0.0005067713848457172	0.0008495873216531141	0.0013712637472295878	0.0016842696025754717	0.0020916740492161467	0.002836926085753966	0.004352271893380865	0.006220370331635665	0.008108342157531475	0.01057264222501653	0.013489061861334532	0.01663402545552413	0.020663354799738607	0.024985816611657958	0.030093277235397148	0.036581938300186426	0.04512749498582009	0.05635099065607965	0.07213046044304042	0.09531276712627684	0.12334418039391937	0.16593285010860062	0.23707460951650086	0.3426022978902561	0.49383380949142064	0.6990414419255644	0.952586121449551	1.2963460441698957	1.608070066012935	1.944054525818735	2.4854056051598072	3.0996920171433806	3.5846821691345525	3.918689226870072	4.158963451796775	4.25167777348899	4.319654695915061	4.419548278892589	4.334092712036252	4.111997668454162	3.9331222746443544	3.7763411195444387	3.6812419913353023	3.5787102161484294	3.431562685707492	3.385675033644403	3.4997929938259844	3.740275889322918	3.7787507677959105	3.5143850287013954	3.027680797026186	2.494507616699389	2.1669643782941073	1.8871023651865149	1.544008200952144	1.215873729264542	0.9920695743453247	0.817819711508962	0.6726446147913947	0.5341718180557576	0.37602436755552215	0.26262681767592755	0.18468835969480238	0.13559115552769085	0.10470791113356362	0.07420226110461554	0.053951279098427875	0.03936918091683787	0.026501162419284855	0.01833816844574061	0.01332013806638596	0.009896947045222242	0.007015305837276007	0.005574485233302889	0.004382081974842378	0.0032045837571126235	0.0025636670056900985	0.0018134466222420272	0.001197371605370763	0.0008197772401916014	0.0005713598946789949	0.00039746775282017033	0.00026332238624336284	0.00017886048876907665	0.00012917701966655534	9.936693820504258e-05	9.439859129479045e-05	9.936693820504258e-05	7.949355056403407e-05	4.471512219226916e-05	3.4778428371764904e-05	7.949355056403407e-05	0.0001490504073075639	0.0003875310589996661	0.0006458850983327767	0.0004074044466406746	7.452520365378194e-05	1.4905040730756387e-05	0.0	0.0
209083_HY55YBGXT_TCDM_1_E07_A27_1_1_o_CGCCTG_S53_trim1	0.00013537553342190655	0.00014665682787373208	0.0004174078947175451	0.0007784093171759627	0.0009532693811792586	0.0010999262090529906	0.0013819585703486292	0.0020024297651990344	0.0030403088547669844	0.003999218883172155	0.004890441144866374	0.005843710526045632	0.006768776671095326	0.008133813299766217	0.009842929409217787	0.011805874643835432	0.014739011201310074	0.019279732218169855	0.02581724235300276	0.034131556363998186	0.04642252666926212	0.06376751688894389	0.09016574590621568	0.13223369291707313	0.19413979622146582	0.2888519037917672	0.4354805284293697	0.6269635798074306	0.8782656950162964	1.1116474739884374	1.3792397783857393	1.8092601603004255	2.2963187669635414	2.690408226049163	2.99183313250749	3.228666987581889	3.352180239887702	3.4780117982033634	3.6544343214882375	3.6905626669702087	3.6007692037809034	3.5479501831574565	3.523058006949503	3.5096445478462823	3.4750166145264036	3.3789507516218835	3.305498243446047	3.373259338570937	3.6200094514684915	3.8499109511022445	3.8228414850650894	3.5161707766866632	3.067496774395884	2.8289199593286773	2.993423795025197	2.882838906161177	2.4778404353406405	2.259287917925424	1.9522787707134437	1.569374715076807	1.2396788847222056	0.9958337051459962	0.7848847801913105	0.5199097361068321	0.3430303203966593	0.26254392513011	0.1956007238529772	0.15799452879781675	0.11887664028611168	0.07701175657538709	0.049462835524029095	0.032303986662802445	0.021062176741558292	0.01231353289416758	0.008054844238603438	0.006080617709533969	0.00502581667828828	0.00451815842795613	0.0035705296940027847	0.0027075106684381306	0.002228055654235545	0.0016865535205479191	0.0012353017424748972	0.0008968629089201308	0.0006373931365281433	0.00043997048362119624	0.0003440794807806791	0.00027639171406972584	0.00012973488619599376	6.768776671095328e-05	4.512517780730218e-05	5.640647225912772e-05	0.00010717229729234268	0.00011845359174416822	0.0003271575391029408	0.0005358614864617134	0.00037792336413615575	0.00022562588903651088	0.00021434459458468535	0.00039484530581389407	0.0005866273114949283
209084_HY55YBGXT_TCDM_1_F07_X5_31_1_i_AATGAA_S54_trim1	0.00044691065216736077	0.000628792894328496	0.0014966310212116266	0.002775003351829891	0.0040221958695062475	0.005757872123272508	0.008517285568631445	0.013298190219724143	0.02037600775753746	0.02862826491616268	0.03780552319206453	0.04762196763327551	0.05741762553252522	0.06873589763043815	0.08070374916464083	0.09227145976608904	0.10369366457380833	0.11527176844623717	0.12743189549358164	0.1384435660975658	0.14997490025058177	0.1655024470956524	0.1884975591403102	0.22724886999161265	0.28643335159084604	0.37377840091211345	0.5017195666837462	0.6602065558674691	0.8660089111905389	1.0641202459879378	1.3075098658124784	1.697527752631836	2.1277675981462565	2.4664946926761737	2.7061739147606274	2.8721388624149182	2.949672663930465	3.0539275651372275	3.2238159725867086	3.273199599651202	3.2269027740679572	3.205726484444911	3.2151375913178772	3.2737036732937623	3.329671437524489	3.3754797793716436	3.4967900382576307	3.730633438686457	4.091799605263568	4.325689775411807	4.203922212602673	3.762785022465055	3.2619904568985856	3.050747224217153	3.057476867177115	2.859640954060703	2.4252282102475573	2.089910108599289	1.8326662585575595	1.679916354955148	1.4562531634518547	1.0810664743218652	0.7776920910325819	0.5255253538648936	0.37747320874572965	0.30657551075131917	0.23290800604056908	0.18015695917834956	0.13562179302632305	0.09307693826708836	0.059688555241794256	0.039343727297198705	0.029516889585007082	0.021550447378349363	0.017128110576088616	0.013667151339536731	0.010486810419462023	0.008792707249618307	0.00609045679465287	0.003720791011067794	0.002702250454965437	0.0019331484023983514	0.0014082882178762183	0.0010289338270829933	0.0007275289686445407	0.0005300568200124512	0.00041053420373513374	0.00028061831647718	0.00020266878412240777	0.00012991588725795372	6.755626137413593e-05	5.716299039349964e-05	7.275289686445408e-05	0.00010393270980636297	0.00025983177451590744	0.0004573039231479971	0.00030660149392877076	7.275289686445408e-05	1.5589906470954443e-05	5.196635490318148e-06	1.0393270980636297e-05
209085_HY55YBGXT_TCDM_1_G07_X11_57_1_i_ACAACG_S55_trim1	0.0002850419486734464	0.00035894171314433996	0.0010134824841722542	0.0020428006321596996	0.002892647923574975	0.004001144390638378	0.005906702603066418	0.009005214156238882	0.013138322412003856	0.017910135774981552	0.0230831192879441	0.03019333234096507	0.03833814209657855	0.046018439046946406	0.05349815092232184	0.06187521708055813	0.0715983146630857	0.08033960108907139	0.08973014973147993	0.10226671691850651	0.11782789589423466	0.13709462020271762	0.16678121130159657	0.21609874697670786	0.289470655987095	0.4050815589472029	0.5675924195733028	0.7602966125403677	1.0150871647721933	1.2530074564862352	1.5410212314023324	2.0212905221440645	2.5377231904850883	2.9146172678412503	3.17178844819996	3.366820483747858	3.465429162325055	3.557349912217637	3.6943125685552283	3.664108679105053	3.5057256481801127	3.4217438444135473	3.404498806518804	3.432221775304599	3.460810427045625	3.4945139981989572	3.688601172472549	4.107164159881084	4.6575326557780645	4.856792813564619	4.517133660392577	3.824439496679261	3.1158146551678634	2.6975050383803705	2.3821536291646477	2.0074290377511668	1.615564979535044	1.3521175977509134	1.152271520403197	0.9994995930234399	0.8237870673300753	0.5829266207010132	0.40203055438547597	0.27764141511714696	0.20022613327928093	0.15099833303245572	0.10459983805394472	0.0743114917300885	0.05208349828816475	0.033972777438190764	0.023088397842549162	0.016622168451345978	0.01268964527057343	0.009131899466760414	0.006782942667507013	0.004814041799818206	0.0032938180735598258	0.002475642109774933	0.001815822784141955	0.001404095524946977	0.001071546584827956	0.0008287330729950202	0.0006650978802380418	0.0004856270236658717	0.0003008776124886379	0.00019002796578229762	0.0001425209743367232	0.00010557109210127646	8.973542828608499e-05	7.389976447089352e-05	5.806410065570205e-05	3.694988223544676e-05	6.334265526076589e-05	0.00012140675591646793	0.0002480920664379997	0.0005225769059013184	0.00039061304077472295	5.278554605063823e-05	1.0557109210127646e-05	5.278554605063823e-06	1.0557109210127646e-05
209086_HY55YBGXT_TCDM_1_H07_X2_45_2_i_ATATCC_S56_trim1	0.000434686536671243	0.00047369686688532883	0.0010421331071477236	0.0019505165107042953	0.00254681727254818	0.0032490032164017263	0.004792697712016268	0.007568004061532666	0.010911746651311458	0.014344655710151017	0.018368292626518165	0.02316656324285073	0.02770848026063359	0.03255690701581284	0.03816882166232491	0.04441047449657866	0.050836033173270234	0.05717242538090104	0.06390449379498901	0.07291030717012656	0.08621840267744615	0.10375075965651961	0.12999913898628312	0.1732002932462251	0.23787942074117957	0.3304397885305728	0.47024166620922414	0.6655942541127338	0.9510997151409959	1.266899484032654	1.679684506740846	2.3079681664559644	2.988765303543559	3.4929961131778846	3.7729732531243796	3.8914531988888745	3.9058758752594533	4.003306961421291	4.176039130704947	4.163210304968829	3.9984139514315813	3.8408735193141537	3.732781467195238	3.683544857560745	3.638337457746936	3.572153646086581	3.5330151390732207	3.6482293629083653	3.916341789565461	3.9659072005546157	3.6723488927893024	3.1345580533622304	2.5419632728886845	2.1927762342380848	1.9588647213701096	1.7167331746355947	1.5540823892601217	1.444402059411061	1.2617334017314457	1.0237090854780422	0.7833051390815798	0.5590626152023814	0.3953585509111281	0.2765163663660735	0.1975928954386614	0.14682931002150307	0.09959337303656131	0.06970588718825521	0.05265837288469967	0.037043094990432714	0.024643382886669694	0.016869181365434006	0.01187028619371471	0.007244775611187383	0.004324573749447238	0.002914628957423847	0.002050828788397659	0.0015994235387775224	0.001248330566850749	0.000841508551760996	0.0006130194747927786	0.00047369686688532883	0.0003733845891919651	0.00028421812013119734	0.0001616142251726416	0.00010588518200966176	8.35935647444698e-05	6.130194747927784e-05	5.572904316297987e-05	4.458323453038389e-05	3.343742589778792e-05	4.458323453038389e-05	8.35935647444698e-05	0.0001281767992748537	0.0002897910244474953	0.0005294259100483087	0.0003733845891919651	7.802066042817181e-05	2.2291617265191947e-05	5.572904316297987e-06	0.0
209087_HY55YBGXT_TCDM_1_A08_X2_45_2_o_AGTACT_S57_trim1	0.00042487054312570553	0.00046735759743827616	0.0009630398977515992	0.0016664366858152673	0.0020629825260659257	0.0024548075825040765	0.0033092694525679958	0.005084284166070943	0.007529650180950005	0.010144964413079348	0.012967993132959035	0.016678529209590197	0.020563734287284148	0.025246751829291925	0.0311335692434892	0.037478302687499736	0.044776634461636856	0.05393967584171457	0.06700208465092376	0.08322741861451322	0.10418769874204802	0.12951942467996508	0.16593083022583804	0.22825933890237904	0.3253233748713527	0.4652898941283977	0.6417197475532531	0.8365748201983267	1.1037050930128953	1.3659635169329558	1.6699064619174606	2.1354323952364838	2.634017977594499	3.020961743570517	3.2721876957207465	3.3930539236723845	3.407211554326096	3.426505397767815	3.485156415854412	3.438883292924211	3.2940307624212206	3.177328265792214	3.079343676979801	3.0496357844476893	3.0403688858237365	3.0163920248400093	3.1017390753863383	3.351652649636691	3.780587787624966	4.126295506998727	4.070892388175135	3.6063247739700515	3.038428643676796	2.7831003303934967	2.8740415097576477	2.776670622840861	2.4062637625600583	2.1279499528936587	1.8307435664096026	1.5066523161133145	1.1905391904601645	0.9239329246487843	0.694573643118091	0.4292419889360878	0.26217344981143537	0.18833567020000025	0.13450929316978585	0.11130664073130984	0.09930640827991491	0.07783628350062925	0.051886134883273656	0.034183195586369265	0.022456768596099793	0.013043525673959161	0.008917560621827308	0.007000922393949126	0.005995395441884956	0.005764077035072071	0.005084284166070943	0.004395049729444798	0.003701094509006146	0.002789983233192133	0.0020535409584409104	0.0014587221980649225	0.0010432932225642325	0.0006137018956260191	0.00036350035356310365	0.0002879678125629782	0.00020771448775034493	0.00014162351437523518	8.025332481263327e-05	4.72078381250784e-05	8.969489243764895e-05	0.0001557858658127587	0.000264363893500439	0.0004343121107507212	0.0003210132992505331	8.497410862514111e-05	1.8883135250031357e-05	4.720783812507839e-06	0.0
209088_HY55YBGXT_TCDM_1_B08_X2_45_1_i_ATAAGA_S58_trim1	0.0005923284444821713	0.0007973652137259996	0.0017678725881467878	0.003230468208752765	0.00492999520715161	0.007663818797069323	0.01198326006913931	0.018170814127653066	0.026905380497440158	0.03773587828616417	0.049910506006597716	0.06383022445192874	0.07766337181691237	0.09243057557511788	0.10738003423931791	0.11900334086911805	0.1287995420663232	0.13940677759520392	0.1511120989327016	0.1627171800719023	0.17731124166941303	0.1966120362142321	0.22687546335462117	0.2812147635768856	0.36763548362683435	0.5031237807431562	0.6964415595315375	0.9441442022686817	1.3098341147740247	1.6847643510132893	2.13592270168476	2.849145381685742	3.634408869653706	4.2347474172543365	4.552358485558326	4.5900852510991905	4.485370694860043	4.471378074452314	4.539140448501074	4.347517640338442	3.9621760925942406	3.662767733026453	3.4425126791320824	3.3205203578046536	3.2159242672544024	3.1034274265292887	3.1024523627822176	3.278884224530207	3.537991468009958	3.525775832935676	3.2199521006768808	2.7582867546748266	2.2771975920664076	2.003879022291734	1.7390170801552065	1.3853332095822521	1.0870320485683809	0.8913039486482222	0.7298716656635812	0.5909979836684113	0.463761277420991	0.33404134807939556	0.24232156663765622	0.1806146118405636	0.13983052025164117	0.10720233570597326	0.0750480139158911	0.054220834533367984	0.03975435137005341	0.026782358435893865	0.018635564137939077	0.01402451501627787	0.01038852964168731	0.0068801227012929116	0.0044515760789160105	0.0027247108446179875	0.0018908946496930849	0.0015354975830037824	0.0011117549265665368	0.0008429289402246282	0.0006697867795298398	0.0003872916752383427	0.0002369313777928685	0.00019592402394410277	0.00014580392479561136	0.00012757843419615995	0.00010479657094684569	8.20147076975314e-05	6.834558974794283e-05	7.290196239780568e-05	7.290196239780568e-05	8.20147076975314e-05	0.00015491667009533708	0.00022326225984327993	0.000473862755585737	0.0007836960957764111	0.0005285392273840912	0.0001321348068460228	2.7338235899177133e-05	0.0	0.0
209089_HY55YBGXT_TCDM_1_C08_X2_45_3_o_GGTGAG_S59_trim1	0.0006697262149800398	0.0006036968698411627	0.0008112176688490623	0.001188528212499789	0.001297004993799373	0.0013913326297120545	0.0016790319192457337	0.0023676236614083098	0.0032590198207831512	0.004056088344245311	0.005150288920832419	0.00658406898670518	0.008116893070286258	0.010437352913738226	0.0136303433893825	0.018507082166068143	0.025350552151533194	0.03433054309042049	0.04752226297280902	0.06594445026655575	0.09193171396049954	0.12558309807234874	0.17488815336390745	0.2565711696824941	0.3786499960806867	0.5514959561270847	0.771845313619109	1.0207712284108803	1.3624353584502045	1.6966806199249964	2.0734299141420425	2.6567095671899055	3.281936719928137	3.743519573503254	4.012301455654645	4.108954267792574	4.076057504768026	4.052381268153943	4.064974007548286	3.9355612074578827	3.692144026603412	3.481496266465007	3.2939446279798217	3.2061586136176845	3.158853304207475	3.1016294438810466	3.1593390915324253	3.3841312806759367	3.744227030772599	3.886298599602484	3.6449849250288664	3.1515004649880813	2.638471318786188	2.37591977698683	2.17579898101628	1.8529579307233317	1.4936262344775622	1.2316831059298408	1.0416600833837437	0.8921224821713694	0.7262379016553274	0.5263906558289243	0.37948007927671834	0.27951636711825395	0.21781194408597324	0.16877100617497	0.11476843461495978	0.08028225092528336	0.05936981404344183	0.040957059513286376	0.0293500439142309	0.022016070222019898	0.016073429159520956	0.010508098640672738	0.007517912582240729	0.005678523681943436	0.004225878088888139	0.0033580638384914673	0.002660039332737623	0.0020138950267357533	0.001528107701785443	0.0010989169583827414	0.0007451883237101851	0.00048107094315467643	0.0003112811985118495	0.000226386326190436	0.00021223718080353373	0.00020752079900789966	0.00012734230848212026	7.546210873014533e-05	6.131296334324308e-05	3.3014672569438584e-05	5.6596581547609e-05	8.48948723214135e-05	0.0002499682351686064	0.0004952200885415788	0.0003584450164681903	8.48948723214135e-05	2.82982907738045e-05	1.414914538690225e-05	9.432763591268167e-06
209090_HY55YBGXT_TCDM_1_D08_X2_45_3_i_TTCCGC_S60_trim1	0.00046789538053511955	0.00048555180998927506	0.0007415700370745292	0.001138839699793027	0.001363959175333509	0.0015581798993292192	0.0020658022461361885	0.002930967289389806	0.004016837700820366	0.005310171158337254	0.006550535327491674	0.008170512729910437	0.01092050161739515	0.01511831772012061	0.02025192458391631	0.027649968525207447	0.037475771516444954	0.04890830958801061	0.06576578560936554	0.09579054389615689	0.13154481354082168	0.1701285260055149	0.23441117154073135	0.34153272903909254	0.50656296103972	0.7401045534298343	1.02478799373391	1.3510920523687933	1.8014810831001178	2.208077754677773	2.6545779568218197	3.350457568576358	4.0695553850631105	4.615624607006503	4.939094808713995	5.0079990246588375	4.923071598984349	4.913360562784564	4.9154749202116985	4.613104151701923	4.128713251949258	3.7486321233043816	3.4580293650258005	3.281354717800157	3.052447938141759	2.7782480028260883	2.7022547304554028	2.8253068014287757	2.972746815585701	2.877424167070079	2.6046235037886505	2.2284003049795063	1.8536249333856023	1.693692995389862	1.514338984994551	1.2202976370797731	0.9283618183774033	0.7144850742918546	0.5801284743604587	0.48647435842825465	0.39178734137298254	0.27841540784785035	0.2021484608206258	0.15298854711289347	0.11943250293527104	0.09434271668091614	0.06667509172625455	0.047778298102944664	0.03559977588694094	0.02451153818973131	0.016866304236082	0.012531650805086834	0.009724278521876118	0.006969875527027866	0.005676542069510979	0.004806962918893824	0.0035048012466498578	0.002277679399586054	0.0013065757796075037	0.0007283277149839125	0.0004723094878986584	0.00039285555535495886	0.0003045734080841816	0.00018097840190509342	0.0001368373282697048	0.0001456655429967825	0.00011476679145201046	7.503982518016069e-05	7.062571781662183e-05	3.972696627184978e-05	2.207053681769432e-05	3.089875154477205e-05	4.85551809989275e-05	8.828214727077729e-05	0.00034871448171957023	0.0006268032456225187	0.0004105119848091143	9.269625463431615e-05	1.3242322090616593e-05	0.0	0.0
209091_HY55YBGXT_TCDM_1_E08_X2_45_1_o_GAAGTG_S61_trim1	0.01185981696349153	0.01185981696349153	0.013836453124073451	0.013836453124073451	0.01185981696349153	0.013836453124073451	0.01581308928465537	0.017789725445237294	0.02371963392698306	0.027672906248146903	0.03557945089047459	0.043485995532802274	0.03557945089047459	0.03360281472989267	0.043485995532802274	0.043485995532802274	0.055345812496293806	0.07708881026269494	0.08697199106560455	0.0909252633867684	0.11662153347433338	0.14824771204364412	0.1640608013282995	0.20557016070051987	0.27672906248146906	0.36765432586823743	0.5356683995177007	0.7175189262912376	0.9171591785100117	1.1286592476922774	1.486430392757605	2.085351149413927	2.5893933703623175	2.897748611413097	3.1823842185368942	3.3681880176315944	3.360281472989267	3.3227253859382104	3.423533830127888	3.419580557806724	3.2990057520112277	3.156687948449329	2.925421517661244	2.92146824534008	2.9372813346247355	2.8621691605226225	2.911585064537171	2.92146824534008	3.0203000533691764	2.927398153821826	2.6111363681287183	2.5142811962602045	2.500444743136131	2.4332391136763456	2.3601035757348146	2.4925381984938033	2.7929868949022554	2.905655156055425	2.7850803502599275	2.4925381984938033	2.0596548793263625	1.721650095866854	1.3737621316044355	1.0397106204660909	0.8993694530647744	0.7590282856634579	0.5198553102330454	0.3300982388171809	0.23126643078808484	0.17196734597062718	0.1462710758830622	0.12452807811666107	0.10278508035025993	0.08301871874444071	0.05732244865687573	0.03557945089047459	0.025696270087564983	0.017789725445237294	0.009883180802909609	0.009883180802909609	0.01185981696349153	0.007906544642327686	0.005929908481745765	0.013836453124073451	0.01581308928465537	0.01185981696349153	0.009883180802909609	0.005929908481745765	0.003953272321163843	0.0019766361605819214	0.0	0.0	0.0	0.0	0.0	0.0	0.0	0.0	0.0	0.0	0.0
209092_HY55YBGXT_TCDM_1_F08_X11_68_1_o_CAATGC_S62_trim1	0.001961649747437595	0.00392329949487519	0.00784659898975038	0.013731548232063165	0.02059732234809475	0.030405571085282725	0.05394536805453387	0.08729341376097298	0.1284880584571625	0.18439507625913393	0.21283899759697908	0.2442253935559806	0.3501544799176107	0.4600068657741161	0.5414153302927762	0.6159580206954048	0.6708842136236575	0.6865774116031582	0.7091363836986906	0.7326761806679417	0.7356186552890981	0.7483693786474425	0.756215977637193	0.7542543278897553	0.7277720562993478	0.7287528811730666	0.789564023343632	0.9092246579373252	1.0524250895002698	1.1475651022509932	1.2564366632337796	1.4996812319160413	1.7576381737040851	1.938109950468344	2.0940611053896325	2.185277818645481	2.2509930851846405	2.2902260801333925	2.388308567505272	2.428522387327743	2.334363199450738	2.244127311068609	2.262762983669266	2.3471139228090827	2.3951743416213036	2.428522387327743	2.5040459026040898	2.614879113334314	2.7963317149722915	2.8738168799960766	2.8120249129517925	2.631553136187534	2.5442597224265606	2.7296356235594135	2.9620911186307683	3.235741258398313	3.500563974302388	3.646706880486489	3.5849149134422045	3.3063606493060664	2.6413613849247217	1.9488990240792505	1.4682948359570398	1.061252513363739	0.8170271198077583	0.6473444166544063	0.45117944191064685	0.3060173606002648	0.22853219557647983	0.16379775391103918	0.10200578686675493	0.06081114217056545	0.048060418812221076	0.03432887058015791	0.022558972095532343	0.01863567260065715	0.01176989848462557	0.00784659898975038	0.004904124368593988	0.0009808248737187975	0.0	0.0	0.0	0.0	0.0	0.0	0.0	0.0	0.0	0.0	0.0	0.0	0.0	0.0	0.0009808248737187975	0.0009808248737187975	0.0009808248737187975	0.0009808248737187975	0.0	0.0	0.0
209093_HY55YBGXT_TCDM_1_G08_X11_68_1_i_ACGTCT_S63_trim1	0.00019115648505278415	0.00020177628977793881	0.0005734694551583524	0.001242517152843097	0.0016142103182235105	0.0018212965103640269	0.002341666941896606	0.003398337512049496	0.0046249249578048605	0.005660355918507442	0.006950662192613735	0.008973734992755701	0.011012737499985397	0.01328006580880592	0.0162376814247615	0.01990151405493986	0.02386801111978513	0.02925225211543855	0.03737640273018188	0.04732715975765181	0.06159486740589711	0.08101849024820501	0.1097025828108478	0.1565837107700431	0.22810278569159728	0.33813458244892486	0.49365100284408986	0.69071209932406	0.9654039683449109	1.2379878061278184	1.5784321961044643	2.1225219614906763	2.720162092203481	3.1827820256406687	3.4871881082825027	3.66071571749153	3.712051853532928	3.8139117105542484	4.000852133131146	3.9874286999585506	3.8093027153035317	3.6883856187029203	3.635414032733849	3.6272155434860296	3.581943315942695	3.5092242030871987	3.5716739647734705	3.884873245727732	4.404494981027188	4.628413563657075	4.314056723987771	3.6466444762307004	2.9341777069271604	2.506337633964854	2.183989391239872	1.7992338660475178	1.475446639782277	1.284162717072791	1.111649299215016	0.9402722004628322	0.751404283328319	0.5473341157297468	0.386072380978273	0.2572594595645094	0.18026056540477545	0.13702734036867079	0.096534024951656	0.06927829612454653	0.05199987383671987	0.03646840942618115	0.02412819633555142	0.016779291465744386	0.012255254652828495	0.008198489247819409	0.005814343087022184	0.004205442671161251	0.003037264151394237	0.0024213154773352658	0.0017894370961885628	0.0012637567622934063	0.000945162620538766	0.0006584278929595899	0.0005575397480706204	0.00041948228664360967	0.0002548753134037122	0.00018053668032762949	0.0001115079496141241	7.433863307608272e-05	6.902873071350539e-05	5.3099023625773376e-05	4.778912126319604e-05	4.778912126319604e-05	6.371882835092805e-05	0.00010088814488896941	0.0002867347275791762	0.0004938209197196924	0.0003239040441172176	6.902873071350539e-05	1.0619804725154675e-05	0.0	0.0
209094_HY55YBGXT_TCDM_1_H08_X11_68_3_i_CAGGAC_S64_trim1	0.00023247618073960304	0.00025461676938147	0.000680823100737409	0.001339505612832951	0.0016605441481400216	0.0019040906232005582	0.0025793785767775	0.003841392129363917	0.0051753625950364006	0.0065370087965112185	0.008391283095267576	0.010588736517972873	0.013013130974257303	0.01559804469819527	0.018061185184602972	0.02138780862804348	0.0256609422359238	0.0303879579109624	0.03691943156031315	0.045548725983480795	0.05770944429502622	0.07512301726185458	0.10005332007259678	0.14008903948425272	0.19985202337581207	0.2907169991620341	0.4265439753327274	0.6079528883698643	0.8626692904002228	1.1286884629322542	1.4765115753488236	2.027646178116497	2.6393131502310343	3.092558675465853	3.3277526134612456	3.415634144927976	3.430739561528889	3.5311858770498796	3.7394070429323176	3.7844576056713564	3.663625343158367	3.5501714318102806	3.4725742037676968	3.457695728200363	3.4518450776517495	3.4394297425708222	3.5286839905333482	3.8330229868572916	4.31507341791518	4.537099240815821	4.2807665758146065	3.686324981663441	3.0307366168306005	2.6449866760705127	2.3940563146979135	2.0954240550964123	1.8600419220975641	1.7186355175891201	1.5259847206690753	1.2997466507793183	1.0318455282127281	0.7481138847672031	0.5278537738107502	0.34938955906298147	0.24495793758645557	0.19017105099215575	0.13835653842302661	0.10501834707553545	0.08308809402576622	0.06010616301550832	0.040334617358321126	0.028101942133689634	0.02034720096187573	0.01308508788734337	0.008208623238972174	0.00534695215701087	0.003592310507142914	0.002656870637024035	0.0020203287135703595	0.0014834194390050861	0.0010959591377724144	0.0007970611911072104	0.0005977958933304078	0.00043174147851640567	0.0003265736824675376	0.0002269410335791363	0.00014391382617213522	0.00010516779604886805	6.642176592560086e-05	6.088661876513413e-05	5.535147160466739e-05	2.7675735802333696e-05	6.642176592560086e-05	0.00011623809036980152	0.00028782765234427045	0.0006033310404908746	0.00047602265580013955	0.00011623809036980152	2.2140588641866958e-05	5.5351471604667394e-06	0.0
209095_HY55YBGXT_TCDM_1_A09_X11_68_3_o_AAGCTC_S65_trim1	0.00038901447073982773	0.00040397656576828266	0.0010772708420487538	0.002102174351497915	0.0025510372023515625	0.0029325706255771628	0.0040547277527112815	0.006074610581552694	0.008640609878932712	0.011139279748684682	0.013914748376463068	0.01726625766283697	0.019899586387845034	0.02296681586867829	0.026886884766133476	0.031338108037098814	0.03676186748491372	0.04243250150069813	0.048686657222592286	0.056624048635187614	0.0680102029518418	0.08306955159798167	0.10343296293170881	0.13533214953237468	0.18306871372066008	0.2520664149443799	0.35722001880436105	0.4948189257335467	0.6864085525729118	0.9166303087757476	1.2346346765105283	1.7221446188226748	2.269450573916041	2.6508867435239565	2.8150807743662205	2.893340012412554	2.943694943230819	3.0272732060597685	3.144598474225398	3.187921220380289	3.169517843495289	3.157907257753208	3.170318315579311	3.1970780225377027	3.2088681534201253	3.2094217509361784	3.2394057893732016	3.380116812068306	3.6693191468733115	3.83695445957212	3.672176907023746	3.2767885838017965	2.8875197574464853	2.7417216224417063	2.7933408502898756	2.8793803777510054	3.152094483834653	3.3957522013730417	3.242248587428608	2.762047628537862	2.0775093378435074	1.4895663326528574	1.018701721059867	0.5730033533047377	0.32041326503436196	0.2262867252103521	0.16390975103672356	0.13708271465070393	0.12922013371325086	0.1063430904147433	0.06819722913969749	0.042215551122785536	0.026595123913078608	0.014154141896918347	0.008326405883335159	0.006022243248953103	0.004892605074304756	0.004129538227853556	0.0035011302366584496	0.003037305290776347	0.002371492062010104	0.0016907167382154051	0.0013316264575324872	0.0009650551293353418	0.0006358890387093339	0.00042641970831096504	0.00026183666299796094	0.00015710199779877659	0.00010473466519918438	5.236733259959219e-05	1.4962095028454911e-05	2.9924190056909823e-05	5.9848380113819645e-05	7.481047514227456e-05	0.00026931771051218846	0.0006433700862235613	0.0005012301834532395	8.977257017072947e-05	7.481047514227456e-06	0.0	0.0
209096_HY55YBGXT_TCDM_1_B09_X11_68_2_o_GACGAT_S66_trim1	0.0001236456295649065	0.00013394943202864868	0.0002782026665210396	0.0005100382219552393	0.000695506666302599	0.0009737093328236387	0.0015301146658657178	0.0024059378752838054	0.003559963751222932	0.004708837725930189	0.006120458663462871	0.007856649378603432	0.009670118612222061	0.012173942610911417	0.014667462807137032	0.016717919497421733	0.01890747752096695	0.02213256769211826	0.02675897499833851	0.032719724723613376	0.042652590298660864	0.05565083710667166	0.07755156924335571	0.12383109800925385	0.2073640245828119	0.3553163241596863	0.5632161464706128	0.8254736786790112	1.2076159525530503	1.5626180107375924	2.051981653049333	2.906362649540373	3.8968259651700565	4.686700006336839	5.1277233593899325	5.325319379237117	5.338580373007953	5.324026252027917	5.375483441531846	5.202920509770323	4.809299799951675	4.415318457046796	4.021965646092205	3.7721241958526166	3.56918050252675	3.27764986751886	3.013280055805394	2.861953260921644	2.72479419442554	2.4247010995702802	2.1252107771591486	1.920793640080967	1.756849839080365	1.6129881490815963	1.3966701201577925	1.132933992295847	0.9830600335594846	0.9300418179822991	0.8243917794203184	0.6592321297289945	0.4625531483010833	0.2973368276962089	0.18794650883988973	0.11563957505057879	0.07622237872553297	0.05514595078594829	0.03697004323990704	0.02684140541804845	0.018644730558141524	0.012210005919534514	0.00891794103236888	0.006913851453171021	0.005517686219333952	0.0039618120473088785	0.0027356595541235557	0.0018598363447054683	0.0013704057276777135	0.0010252283451423496	0.0006697471601432434	0.0005151901231871104	0.0004224559010134305	0.00029365837021665293	0.00021637985173858637	0.00017516464188361753	0.00013394943202864868	9.788612340555097e-05	6.182281478245325e-05	4.6367111086839934e-05	2.0607604927484414e-05	1.0303802463742207e-05	3.0911407391226625e-05	6.697471601432434e-05	0.0001287975307967776	0.00022153175297045743	0.0006645952589113724	0.0011540258759391272	0.0007624813823169233	0.00016486083941987531	3.0911407391226625e-05	0.0	0.0
209097_HY55YBGXT_TCDM_1_C09_A20_2_3_o_TCGTTC_S67_trim1	0.00047376726940917904	0.00042639054246826114	0.0006632741771728507	0.0017055621698730445	0.0024635898009277312	0.002510966527868649	0.0027952268895141564	0.004027021789978023	0.005258816690441887	0.005590453779028313	0.006348481410082999	0.00833830394160155	0.010375503200061021	0.012933846454870588	0.015918580252148415	0.018476923506957985	0.021414280577294893	0.024920158370922818	0.029278817249487266	0.033684852854992633	0.04230741715823969	0.05381996180488274	0.06324793046612541	0.07978240816850575	0.10276012073485094	0.13450252778526595	0.18244777544947485	0.24815929571652798	0.3396911321663814	0.4395138958308954	0.5826863646463493	0.8127477506714467	1.0718036935843858	1.2531618043142194	1.3477257512882916	1.4145269362749857	1.487771356125645	1.5763658355051613	1.6823475736719946	1.771084183232334	1.816186827280088	1.8448023703524026	1.863989944763474	1.8958271052677709	1.9653761404170385	2.072400166576572	2.19358983409144	2.308383643469284	2.4916368232767545	2.649969844713302	2.6334827437378627	2.474818085212729	2.3901084974423674	2.555263767558407	3.074607448284749	4.23339481253266	6.525622992115092	8.738542530798425	9.33747911278551	8.009935847174049	5.417576102420903	3.2929194060284988	1.9685977578490208	1.0529003795349596	0.5860974889860954	0.4006176030124018	0.2842129849185665	0.22627124786982392	0.21006840725603	0.1866169274202756	0.14440426371591777	0.10157570256132799	0.056852072329101486	0.02534654891339108	0.014402524990039044	0.011133530831115707	0.009048954845715319	0.008006666853015126	0.008006666853015126	0.007201262495019522	0.0059694675945556564	0.004311282151623529	0.0027478501625732383	0.0016581854429321267	0.0010422879927001938	0.0006158974502319328	0.00023688363470458952	0.00023688363470458952	0.00033163708858642533	0.00018950690776367162	4.7376726940917904e-05	4.7376726940917904e-05	4.7376726940917904e-05	9.475345388183581e-05	0.00033163708858642533	0.00042639054246826114	0.0001421301808227537	4.7376726940917904e-05	9.475345388183581e-05	4.7376726940917904e-05	0.0
209098_HY55YBGXT_TCDM_1_D09_A03_2_1_o_CCAATT_S68_trim1	0.00014702923235197622	0.00021529280451539374	0.0006143721494707578	0.0012024890788786627	0.0017853549642739969	0.0025887646981972955	0.0038910236133147995	0.005886420338091619	0.008942527953407697	0.012754785906533936	0.017291687933394917	0.022453464197751797	0.027757018650448086	0.033517413932238005	0.03853216096424291	0.04328435579561928	0.048734939480667545	0.054516338938507755	0.06046052076073765	0.06791700325858788	0.08120739565440402	0.09783745204221504	0.12016489118366513	0.1618634316874881	0.23098292402495466	0.33842453556616126	0.4989804572945193	0.7035348768042062	0.9731182253655672	1.217916646187595	1.5012629811059035	1.9664949785316317	2.487829130187664	2.922752101572835	3.218543410800936	3.386561066071156	3.4458138467090027	3.4992484705809206	3.583732517699169	3.559850769529998	3.4390872593289	3.313361512535922	3.198736472785519	3.15022207715338	3.168080877840132	3.2215049996240253	3.2796393078871944	3.3847389537987946	3.621996875418771	3.7680809198484844	3.663984223343285	3.378742261536439	3.1194772144597787	3.0202849930623206	3.020883612079754	2.8748310739141156	2.5333976901287514	2.2535748057428777	1.95427579911438	1.6058112673961837	1.2529673649715036	0.9835940581706455	0.7599678468073022	0.4721948817863968	0.2878569817251066	0.20997349693065975	0.15270035988555244	0.1250798683794312	0.09944952255407422	0.0699649104234904	0.047689981722166	0.03355942228433857	0.022868296674744874	0.014015036469550875	0.009961230491846388	0.007797800358667311	0.006422026827373819	0.005539851433261961	0.004400374882534146	0.003507697400397147	0.002709538710486419	0.0018903758445254085	0.001522802763645468	0.0011132213306649628	0.0007193930297221694	0.0005041002252067757	0.0003413178608170877	0.00026255220062852897	0.00018378654043997027	0.00011552296827655275	5.7761484138276376e-05	3.6757308087994055e-05	8.401670420112927e-05	0.00011552296827655275	0.0003360668168045171	0.0006511294575587518	0.0004305856090307875	7.351461617598811e-05	1.575313203771174e-05	0.0	0.0
209099_HY55YBGXT_TCDM_1_E09_C17_2_3_o_AGTTGA_S69_trim1	0.00025544486818558236	0.000267608909527753	0.000802826728583259	0.0016847197258906268	0.0021591173382352795	0.002505792516487142	0.003266045100372804	0.0050176670536453685	0.007274096722618013	0.009159523130654455	0.011318640468889734	0.014268420494366102	0.01697491969299906	0.020131488421292327	0.02368338849320614	0.027320436854515146	0.031869788316486944	0.03745308329254325	0.044459571105633505	0.0537285706083675	0.0683315022396433	0.08825011993744764	0.11805810324643667	0.16800365699738912	0.2425874764869081	0.35179623965691564	0.5120939764640396	0.7219236896164823	1.0175038122105566	1.3354171147088563	1.7439707712683397	2.3693788748553697	3.03984866959447	3.547940676456936	3.885371183288748	4.084192439026527	4.138930625066294	4.173458256416045	4.224109324564843	4.10853876777288	3.8453149951489802	3.6256749826540773	3.4912379977404076	3.3894614638304663	3.268721189468081	3.176231901122887	3.149969735865141	3.307074411819945	3.6598741848875895	3.7605985292214332	3.4799984235402417	2.99596689045259	2.501121524611748	2.2590814299852378	2.1091778665049987	1.893381691074221	1.7907475922496567	1.7531911146057049	1.5809482892005695	1.2932565474168929	0.9726367457199604	0.7184569378339637	0.5150741665928714	0.32884877566491083	0.21780932427290658	0.1590691686315648	0.11302219013077804	0.0871006180306125	0.07033248704043035	0.05418472215869889	0.04001969601574124	0.02975932714362035	0.021907438457249233	0.015351020173819284	0.011695725750497023	0.009737315094407558	0.00866079743562546	0.007906626872410883	0.00689092942033964	0.006088102691756381	0.00514538948773816	0.003941149394863271	0.003278209141714974	0.002384152103065436	0.001423192837033959	0.0009852873487158178	0.0007845806665700031	0.0007359245012013207	0.0005048077157000795	0.00020070668214581475	0.00010339435140845002	7.906626872410885e-05	0.00010947637207953531	0.00012772243409279118	0.00027977295086992356	0.0005412998397265913	0.0003770852816072883	7.298424805302355e-05	1.8246062013255887e-05	6.082020671085295e-06	1.216404134217059e-05
209100_HY55YBGXT_TCDM_1_F09_A03_2_1_i_AACCGA_S70_trim1	0.00036532082474829394	0.000416059828185557	0.0011720709794007763	0.0022731073539893846	0.003084931408985593	0.0042671501890738225	0.006342375429657881	0.009381641735549937	0.01344076201053098	0.018296484639477056	0.0237255580072642	0.030448475962701557	0.03728301972570089	0.04488879634094662	0.052961371787815174	0.06077517831715368	0.06962913441695609	0.07866575092913262	0.08916872464064608	0.10351264091236034	0.12438159302610664	0.15084198331863932	0.18857658017493184	0.24948875380136612	0.3449998538716701	0.48874852450978	0.6866306379151059	0.9345870738126667	1.2746652443509223	1.5945087003183973	1.947951524362028	2.498992323391736	3.100356066030521	3.5739234807118723	3.8758205511635877	4.002201260925122	3.998477018072827	4.012683939035261	4.065305359500046	3.9801551639316313	3.785028178412949	3.617198776743514	3.4642460508818846	3.381708913990489	3.3441417558455395	3.301429662752051	3.303910800020133	3.4067841294891843	3.598384754268977	3.6152605468122108	3.3928207557432493	3.0069962997059574	2.6104506922423716	2.4046786638025517	2.2177511012393305	1.9076190905297477	1.5723002385139073	1.3336797792488029	1.1243052815649368	0.9406757542251383	0.7577514990331176	0.5509494688235208	0.4035780333399903	0.2987867695410109	0.22960413835430277	0.18095558185865496	0.13340806173759573	0.10109746434874663	0.07654993448579876	0.053529648626312515	0.03737434993188796	0.028058668900806466	0.02110742542990143	0.014678793694400201	0.010903811838667829	0.0075042986083712045	0.005215969553350641	0.004175819982886749	0.0028160146907680993	0.0017200522165232172	0.0012887706873064813	0.0010350756701201663	0.0007763067525901246	0.0005073900343726305	0.00042620762887300966	0.0003906903264669255	0.0003196557216547572	0.0002232516151239574	0.00012684750859315763	6.596070446844195e-05	4.566510309353674e-05	4.566510309353674e-05	8.118240549962088e-05	0.00015729091065551544	0.0005023161340289042	0.0007966023539650299	0.0004870944329977253	0.000116699707905705	3.5517302406084134e-05	2.029560137490522e-05	2.029560137490522e-05
209101_HY55YBGXT_TCDM_1_G09_C14_2_1_i_CAGATG_S71_trim1	0.00025470406571364895	0.0002491670208068305	0.0008084085563954945	0.0017441691456478135	0.0022425031872614744	0.0026577815552728586	0.0034994123811092643	0.00527126675129117	0.007447325399670823	0.009435124521218648	0.011821590876057404	0.01452366879058481	0.01735309873796904	0.02107952996025786	0.024656460970062584	0.02848255900067414	0.03324441762053801	0.03907492590741784	0.046311843600629565	0.05510467091265727	0.0694566913111307	0.09010986881356355	0.12091244963019461	0.16969935230417205	0.2400862671596482	0.3409822994516941	0.47774730865010995	0.6653645382727464	0.9538168926934539	1.2515991677821505	1.6092368983135545	2.1405108200778784	2.7186336787987933	3.2075990404301176	3.587013968580038	3.849868564396525	3.9564899011222203	4.0531002606563895	4.17923968067862	4.114029902811019	3.920233331072373	3.7736456042092614	3.672212478561254	3.637024558178423	3.607777886980608	3.6027613242950305	3.6938180277876596	3.9508808746316135	4.353606761839241	4.391314037654674	4.005481674457751	3.3937600272422612	2.753312191050197	2.3919812515659453	2.052117435185429	1.6587768390948592	1.3686633712021063	1.1793241206134493	1.0154608136410639	0.8671842880813725	0.7005136993412301	0.49921996879875197	0.3546089669673744	0.2675887692118155	0.20975987220500356	0.1609065249921443	0.10923482192171448	0.07405797562869684	0.053316205407754905	0.03678812636090182	0.027535724321608175	0.02190454965137381	0.0171316169416963	0.01272966624077563	0.009030920243020902	0.006478342540977593	0.005354322424893447	0.004645580676820684	0.00369320895284791	0.0028958744862660523	0.0023753922650251173	0.001943502762293278	0.0017220209660205397	0.0013288907776364293	0.0009246864994386821	0.0007641121971409469	0.0006090749397500301	0.0004318895027318396	0.00030453746987501505	0.00019933361664546437	0.00012735203285682448	0.0001107408981363691	0.00012735203285682448	0.00012735203285682448	0.0003377597393159258	0.0005924638050295747	0.00038759314347729194	8.305567360227683e-05	1.1074089813636911e-05	0.0	0.0
209102_HY55YBGXT_TCDM_1_H09_A20_2_2_i_GTAGAA_S72_trim1	0.00027924081867823224	0.0003083284039572147	0.000983160382429609	0.002076853588919352	0.002693510396833781	0.003205451897743874	0.004421312962405343	0.006707597165333369	0.009470917766836708	0.012205150783061065	0.015701478533594763	0.019814463092042895	0.02357839662714323	0.027633206015033395	0.03158911761297502	0.036470014422788286	0.041862852733511646	0.046929910089110405	0.05331172629931916	0.061188644392867635	0.07275968581684687	0.08883930295906842	0.1106898970206401	0.14629310140211468	0.20047745525980332	0.2838308396352557	0.41282264531343155	0.5764519475418198	0.7959759536423009	1.0397241007631186	1.3697809309237334	1.902013931324444	2.5141098058671285	2.960610057416566	3.1964929214779474	3.3162406925544627	3.351657736390152	3.4078374985979787	3.5402558218220186	3.5746315301047202	3.4885439127130438	3.4297346327959963	3.4255518380328787	3.450136665110675	3.484500738359265	3.530307867656606	3.635273327894343	3.9023089957895136	4.356558180057273	4.553958168794559	4.256206010844783	3.6484267339574985	3.002909223929263	2.6447014287356487	2.4366495662691983	2.211785079511496	2.0766965159588455	1.9921330880357875	1.798828631305781	1.5152363098698134	1.1751093576856149	0.8545932554965064	0.6004666579481478	0.3838106877561744	0.2516367002484778	0.18294927637068847	0.1259957843944407	0.09116630978138701	0.07164272254213395	0.052904500105413414	0.03517270811934567	0.02303155002389836	0.015282617305577418	0.009174224396991087	0.005980407533358806	0.004118802075503925	0.003129824176018519	0.0026004301239410375	0.002041948486584573	0.0015300069856744804	0.0011344158258803183	0.000785364802532528	0.0005933867396912434	0.0004188612280173483	0.00025597075045504615	0.0001628904775623021	9.308027289274407e-05	0.00011053282406013357	0.00011635034111593008	7.562772172535456e-05	6.399268761376154e-05	5.235765350216854e-05	8.144523878115105e-05	0.0001221678581717266	0.0002966933698456217	0.0005235765350216854	0.00033159847218040074	5.817517055796504e-05	1.1635034111593009e-05	0.0	0.0
209103_HY55YBGXT_TCDM_1_A10_A20_2_1_o_GACATC_S73_trim1	0.00026302372161061396	0.0003129075308815925	0.0008162805153432847	0.0015010491698812624	0.0018865149687933693	0.002417097303766504	0.0035190759994799385	0.005450939885792379	0.007886176756566513	0.01024885535931013	0.012774790065122405	0.016293866064602345	0.02005782621868527	0.023735623429481958	0.027744467738167865	0.032524243644677986	0.03880053382931747	0.04671845482814733	0.0560376573783165	0.06838163272700772	0.08643503679135003	0.11090077779288905	0.14951084616862642	0.21416026298381455	0.3114019468199593	0.4588358125662123	0.6666336224221011	0.92434245089948	1.261874443993928	1.5926267739192752	2.0097234428009343	2.6869278978967306	3.422237921009714	3.9383403466190092	4.2018810458893405	4.307140418342857	4.309176584739464	4.302401456462114	4.2960798173599555	4.1662821456368695	3.9512058345191696	3.772989123560971	3.630824802030434	3.549904193609403	3.482189189969926	3.369873525950442	3.2946169973275428	3.3557609428185065	3.5149356433104475	3.4494064574953893	3.1125728377307347	2.6638362290960194	2.2302824380466895	1.9590596321486278	1.8149498420565224	1.624656714362995	1.4717492342721905	1.4168906487493698	1.2469773245889133	0.993540364141831	0.7271834970935652	0.5052096156212147	0.34643852049519386	0.22012818052932434	0.14230490317484598	0.10072448070160944	0.06929768086089297	0.052164859822187805	0.04032879234971017	0.02913214461425145	0.020946665002059068	0.014783747111217268	0.009845249993390395	0.005777452091929693	0.0033694245716670034	0.002271980767705476	0.001818491592514762	0.001519188736888891	0.0012380254482706485	0.0009613970514043131	0.0007346524638089562	0.0005124427679655065	0.0003673262319044781	0.00022674458759535686	0.00016779099482056408	0.00013604675255721413	0.0001088374020457713	8.61629432862356e-05	4.081402576716424e-05	1.3604675255721412e-05	3.62791340152571e-05	5.895359277479279e-05	5.441870102288565e-05	7.25582680305142e-05	0.00033558198964112816	0.000594070819499835	0.00039000069066401377	9.976761854195703e-05	1.3604675255721412e-05	0.0	0.0
209104_HY55YBGXT_TCDM_1_B10_C14_2_2_o_CGATCT_S74_trim1	0.00037815700700773955	0.0004201744522308217	0.0015196309355681387	0.003179320021879884	0.0039076224057466415	0.004369814303200546	0.0056443434749673714	0.008788648959161354	0.012577221936775929	0.014993225037103155	0.017521274658025266	0.02147091450899499	0.025868740442344256	0.030686740827924348	0.03551174412104161	0.041233119578917975	0.04778083812618161	0.05499383288947739	0.06349536263961435	0.07301931689017964	0.08701812905700317	0.10816690981928787	0.1363256010262901	0.17755872060520808	0.2347934839065832	0.30854110318062955	0.4119600416897092	0.5557647479657079	0.768387026609578	1.0107716622864649	1.3001528104453688	1.7117697096657563	2.1573086929962453	2.53036058040938	2.8564579727857207	3.13750566097538	3.315421529864985	3.4422651940859326	3.554094624547166	3.583485827480712	3.5670219918608006	3.572519274277487	3.6150759433809325	3.660524813297233	3.6610500313625214	3.6796987741340326	3.7614157021853902	3.985207618351063	4.386215112652622	4.5120363523731415	4.179475276339984	3.5959860174345786	2.993756977959679	2.6804398918386925	2.4352751018695455	2.1407328108557393	2.012894733764512	1.9550717262300135	1.8134869416433008	1.5518653189617797	1.1980574214608164	0.8811268350506447	0.6397646238741863	0.439635532276646	0.30733660308423455	0.22737040191717198	0.16056266401247135	0.12069511140330354	0.09846087997275588	0.07612160492915053	0.05525294046835306	0.04025271252371272	0.029860397738537065	0.020966705166318003	0.015378384951648073	0.012500189953866946	0.01083349796001802	0.009572974603325554	0.008368474506930531	0.007030919167329084	0.00560232602974429	0.00444684628610953	0.00386560496052356	0.0029832386108388344	0.002030843185782305	0.0014566047677335152	0.0011484768360975795	0.0010294274079655132	0.0006792820311064951	0.0003221337467102967	0.00025210467133849305	0.00021008722611541084	0.00018907850350386978	0.00014005815074360725	0.0002801163014872145	0.0005252180652885271	0.0003641511919333788	8.403489044616434e-05	1.4005815074360724e-05	7.002907537180362e-06	0.0
209105_HY55YBGXT_TCDM_1_C10_A04_2_3_o_CGTCGC_S75_trim1	0.0003289725037304734	0.0003289725037304734	0.0011663570586807695	0.0024523404823544384	0.002930845942326036	0.0030803788985671607	0.003738323906028107	0.005921505067148522	0.00898693067009157	0.010691606371240387	0.011783196951800594	0.014385070390396156	0.016882270759622932	0.019065451920743347	0.021801905019955922	0.025151443239757102	0.029637431926990834	0.03564865676788403	0.04348418367491894	0.0526954137793722	0.06648235234480385	0.08629546904675282	0.11255345616269426	0.15319651366903184	0.21191810558492133	0.2914845916008236	0.4081352507645246	0.5648756954964711	0.7865433498283136	1.0423792846612534	1.355949893898891	1.7918982745242644	2.2528336121375303	2.62011645925698	2.9214552726740934	3.1822856082454867	3.3537101892803114	3.479706658209083	3.593456378021706	3.634697567353008	3.6381816852334263	3.655333115314283	3.673097630515729	3.698353746824855	3.7109444217403573	3.6922528022102172	3.6603574226439846	3.760095904456815	4.04177113412822	4.139341388075554	3.8875877029479975	3.430181343102022	2.9515562567654317	2.6758324387524226	2.4454619663673465	2.1821942436092234	2.0521753381575656	1.9831808321479107	1.848989957217126	1.588847473244442	1.2372506332346864	0.9317847102253177	0.6951936668606109	0.4976008184835893	0.3744305224277752	0.3024752638845462	0.23503590061979915	0.18936853578375978	0.16133110648854898	0.1280450704292747	0.09112538353334114	0.06631786609293863	0.0493309222639469	0.03394398106673521	0.022385083549296306	0.01366731220043876	0.008613098279488758	0.005757018815283285	0.004007483227262131	0.002557013551723225	0.0017943954748934916	0.0012859834236736687	0.0010018708068155328	0.0007925246680779588	0.0005084120512198226	0.0003588790949786983	0.0003588790949786983	0.0003289725037304734	0.00019439284311346155	0.000104673069368787	0.000104673069368787	0.00013457966061701185	0.0001644862518652367	0.0001644862518652367	0.0003738323906028107	0.0005831785293403847	0.000523365346843935	0.0004635521643474853	0.0007028048943332841	0.0016299092230282549	0.002332714117361539
209106_HY55YBGXT_TCDM_1_D10_A04_2_1_o_ATGGCG_S76_trim1	0.0037356602834487176	0.003406043199615007	0.003076426115781297	0.003845532644726621	0.004724511534949849	0.005054128618783559	0.0057133627864509795	0.008020682373286953	0.010328001960122925	0.012525449185680994	0.015711747662740194	0.017909194888298265	0.020546131558967947	0.024611408926250376	0.028786558654810706	0.03197285713186991	0.03526902797020701	0.0412021354792138	0.04944256257505655	0.059221202728789966	0.07449346094641854	0.09624818847944343	0.1275618114436459	0.1746970544318665	0.2289740009031508	0.3044563131010705	0.4427856159499509	0.6344030140186147	0.9067765976265373	1.1999160575159837	1.5236000338406874	1.9940734848326698	2.499156729627192	2.9039265085749886	3.300455860426942	3.6080984720050715	3.7457685406862846	3.8916790364633407	4.0064956539987495	3.9623269647650323	3.818394171490979	3.702259085620235	3.57096161389314	3.4253807351999184	3.2913364544408763	3.0994993116496565	2.921725831102009	2.9092003819163277	3.0418163219787573	3.074228668555739	2.8994217417625943	2.56738746598077	2.2189822083685384	2.060875880489635	2.029012895719043	2.0481306865813984	2.3663210448422065	2.7497755857020896	2.8659106715728337	2.5921087472682984	1.9630894789523012	1.3870286887722534	0.9327064748881224	0.6278106723419403	0.49497498755695507	0.38224594488582614	0.2598481344222417	0.18381646041793248	0.14437228271916513	0.10679593516212216	0.07526256747536388	0.056034904251730765	0.03900468825365573	0.023952174758582953	0.015711747662740194	0.009998384876289214	0.007691065289453242	0.007691065289453242	0.005823235147728883	0.003076426115781297	0.0015382130578906485	0.0009888512515011311	0.0007691065289453243	0.0008789788902232277	0.0008789788902232277	0.0006592341676674207	0.0005493618063895173	0.00032961708383371036	0.00010987236127790346	0.00010987236127790346	0.00021974472255580692	0.00010987236127790346	0.00010987236127790346	0.00021974472255580692	0.00043948944511161385	0.0008789788902232277	0.0005493618063895173	0.0	0.0	0.0	0.0
209107_HY55YBGXT_TCDM_1_E10_A04_2_1_i_ATTGGT_S77_trim1	0.0007585365705651401	0.0007206097420368831	0.0014791463126020232	0.0031858535963735883	0.0040960974810517565	0.004361585280749556	0.005271829165427724	0.008723170561499112	0.012629633899909582	0.01418463386956812	0.016953292352130882	0.021163170318767407	0.02400768245838668	0.026131584855969076	0.02939329210939918	0.03530987735980727	0.04270560892281739	0.051428779484316504	0.06072085247373946	0.07278158394572519	0.09022792506872342	0.11389426607035578	0.14510804594911128	0.18792743535751347	0.2508859707144201	0.3361454812459418	0.4639968202146962	0.6448698654659538	0.9000036409755388	1.181458635483734	1.5015989950907513	1.9377954499942351	2.4103637334563173	2.8312756764629134	3.2076994496058644	3.520899199592211	3.6995345619603013	3.797802974677015	3.8807868754968418	3.917765533311892	3.896336875193427	3.8321267544950874	3.766513341141203	3.7206218786220124	3.6588011481209533	3.5411900528548284	3.40863578714857	3.416486640653919	3.5677009059960794	3.563491028029443	3.316777008453132	2.924765308785067	2.513638487538761	2.270565443501162	2.107593861315242	1.9946477659580926	2.0438767893877703	2.1196545927872275	2.0820311788871964	1.845671183499099	1.4168325333300968	1.02269693126445	0.7209890103221656	0.487283892931046	0.3598118222475742	0.26973560449296385	0.18303487447736833	0.13448853396119934	0.1090396320187389	0.08324938861952412	0.055600730622424765	0.03606841393037241	0.024500731229254023	0.014108780212511605	0.008533536418857826	0.006675121820973233	0.005423536479540751	0.0041340243095800136	0.0028065853110910183	0.0015929267981867942	0.0014032926555455091	0.00113780485584771	0.0008723170561499111	0.000493048770867341	0.00022756097116954205	0.00018963414264128504	0.00015170731411302802	0.00011378048558477103	0.00011378048558477103	0.00011378048558477103	3.7926828528257004e-05	0.0	3.7926828528257004e-05	7.585365705651401e-05	0.000265487799697799	0.000568902427923855	0.00037926828528257007	3.7926828528257004e-05	0.0	0.0	0.0
209108_HY55YBGXT_TCDM_1_F10_A04_2_3_i_GCCACA_S78_trim1	0.0004642580854027509	0.000510683893943026	0.0017487054550170283	0.0035747872576011815	0.004348550733272433	0.005060413130889984	0.007257901401796338	0.011606452135068772	0.016666865265958754	0.020829712765070087	0.025735373200825824	0.03226593693549118	0.03831676731524037	0.04524968805725478	0.0529873228139673	0.05936313385349841	0.0664043814821068	0.07425034312541329	0.08243676069801513	0.09097910946942574	0.1006047271067761	0.11491935140669426	0.13833343418050634	0.17360157340160196	0.21761323989778278	0.2765121156658784	0.37137551778317385	0.5030855366119342	0.6934932527051159	0.913087327100617	1.1759966808641946	1.5371275702294813	1.9228177123125731	2.2419022944098836	2.4912088862711608	2.689787544667431	2.823045090447534	2.9476674358391457	3.098226332935258	3.206553219529233	3.2714874504075646	3.34669726024281	3.4457080345897033	3.5410356947924013	3.6178704079265565	3.6660294466523355	3.7020094482710486	3.858294195087128	4.184172420500833	4.320261940601892	4.079900054519374	3.611154140957731	3.1084864366226586	2.826650828244162	2.6457758781712504	2.4882995356026374	2.5170835368976077	2.582946283946745	2.495882417664215	2.2052104303935534	1.7393738675004329	1.3021356026681221	0.9427688940273661	0.6247366302569684	0.4282471332450108	0.3215915757584855	0.2276102640034553	0.16796857529871526	0.13791560190364385	0.10633057682674336	0.07084578383245978	0.045574668717036707	0.030238676629232502	0.01782751047946563	0.011126718780152594	0.007799535834766214	0.005865127145588085	0.004936610974782584	0.003806916300302557	0.0029867270160910306	0.0021974882709063543	0.001516576412315653	0.0012070710220471522	0.0007892387451846765	0.0004333075463759008	0.0002630795817282255	0.00018570323416110035	0.0001547526951342503	0.00012380215610740023	6.190107805370012e-05	3.095053902685006e-05	6.190107805370012e-05	0.00013927742562082525	0.00020117850367452536	0.00034045592929535066	0.0003249806597819256	0.00018570323416110035	0.0001083268865939752	1.547526951342503e-05	0.0	0.0
209109_HY55YBGXT_TCDM_1_G10_A20_2_1_i_CATCTA_S79_trim1	0.00022687884448227677	0.000291701371477213	0.0008859078689307952	0.0019068626691010407	0.0026631254840419633	0.0035598371074719143	0.004915708297115997	0.0069360103884581765	0.01003668792971596	0.013515496878444203	0.017150960267410212	0.021742555929551526	0.02682572242140444	0.032843413677434354	0.03846676789424507	0.04359314940409462	0.049870130768104266	0.05743275891751349	0.06569763110936787	0.07563708524859142	0.09203718457831028	0.11350424476813334	0.14258795187986137	0.19135609968905173	0.26544824804426387	0.37922798855212564	0.5462108180910813	0.758715267212231	1.04611674439878	1.345883118609613	1.7475667108882345	2.3968453469012645	3.1150573384961593	3.63683006391015	3.9085769008274216	3.9989557090901116	3.9749173553294894	3.993407981154795	4.092721494388287	4.030756560458378	3.8207531805037824	3.6624403639503993	3.570273534318099	3.5355826786213096	3.5126733172058486	3.4948957391774873	3.5487848666192776	3.7624291118400883	4.10190468571257	4.148036717423966	3.7960936108594585	3.204290948781939	2.573600172384707	2.1987477044047394	1.9337316065404417	1.645455025239461	1.4210070255194944	1.2786351487296161	1.113515966841765	0.9199126862168887	0.7196434890660333	0.5298269243931113	0.3794386617648592	0.25791262928110253	0.17929910966799362	0.13143847723673235	0.08911476898628858	0.06255373855011347	0.04656418189136252	0.03265434797369912	0.022515024376241182	0.015989556658750934	0.011624839841091897	0.007643656308152897	0.004780661365876546	0.0033005469994921697	0.0025766954480487153	0.0021013302500858494	0.001696189456367498	0.0012046186266558981	0.0009183191324282632	0.0006428233926997842	0.00043755205721581955	0.00031871075772510314	0.00021607508998312073	0.0001188412994907164	7.022440424451424e-05	4.8616895246202166e-05	3.241126349746811e-05	2.1607508998312077e-05	2.7009386247890092e-05	2.1607508998312077e-05	9.183191324282633e-05	0.0001998694582343867	0.00035652389847214925	0.0004915708297115998	0.00031330888047552505	8.643003599324831e-05	2.1607508998312077e-05	0.0	0.0
209110_HY55YBGXT_TCDM_1_H10_A04_2_2_o_AACAAG_S80_trim1	0.0006052708579125069	0.000860121745454615	0.0025405447851853903	0.004969592307071108	0.007040255768350738	0.009819723260606854	0.015107879177105599	0.0243621520309784	0.036356071925928865	0.04958442580741141	0.06499494041347327	0.08316899433131986	0.10012454244310573	0.11786853548822501	0.13688678297105483	0.1534043061198777	0.16770781218317854	0.17728861273671465	0.18398641262493068	0.19045325389631168	0.19582901480540302	0.20357011051449458	0.21444905777644832	0.22948526014143267	0.2527802240808285	0.2911193544754444	0.3579539997333622	0.4512373886640096	0.5868817735582966	0.7430655471704305	0.9320932289145535	1.2069738033994242	1.5134081033981022	1.7698279167166413	1.9967248475314745	2.1998330408122992	2.3387506667934552	2.4739172062736006	2.6352856026291693	2.7611102642628493	2.855548446277672	2.961486774592832	3.080326929089811	3.199159119496555	3.3084344016204694	3.390910520101284	3.4696116598103814	3.656385504017804	4.017612744838035	4.258279587670378	4.094609569236694	3.6162863096811	3.0925518076015965	2.868920153783397	2.946824884468925	3.123978107671633	3.471801784625196	3.709235206821849	3.467756026785465	2.883008629410334	2.1981446536823324	1.6700139737927273	1.225936302250604	0.7518738309711046	0.4549327265333701	0.32634452558790517	0.2352194051111301	0.19077978159597503	0.1721199181737513	0.14371200830304193	0.09912903116364438	0.06192080158249659	0.03792499770235997	0.02068274234208921	0.0121372735191929	0.008935709244445166	0.007366783468014063	0.006371272188552704	0.005359832728619961	0.004316536907744457	0.0032413847259261876	0.0022856938976432823	0.0016724589494950847	0.0011627571744108685	0.0008919781063973785	0.0006052708579125069	0.00041413269225592576	0.00036634815084178043	0.00029467133872056254	0.00020706634612796288	0.00014335362424243583	9.556908282829056e-05	7.167681212121791e-05	8.760499259259968e-05	0.00018317407542089021	0.00038227633131316226	0.00036634815084178043	0.00013538953400674497	1.5928180471381756e-05	0.0	0.0
209111_HY55YBGXT_TCDM_1_A11_A04_2_2_i_GCAGCC_S81_trim1	0.00019664780274420852	0.00020243156164844996	0.000555240854807177	0.0011046979507101126	0.0013823183781137012	0.0015211285918154953	0.001960694268537844	0.0027299342028019534	0.0034297690302151664	0.004291549106947139	0.0053673282631360435	0.0069289431672812304	0.008565746937181554	0.010428117304347293	0.012955619945500797	0.015459987551037335	0.018213056789456252	0.022111310290914975	0.028623822817090826	0.03925437168308656	0.05427479355740155	0.07384703368935454	0.10580808539419266	0.1597069346228185	0.2443985162576257	0.3785932903538353	0.5840439741502993	0.8592294390552022	1.237423650044645	1.598405394535065	2.027647061613343	2.72352001417715	3.524721000146098	4.156614011711186	4.525999557889469	4.640523767952354	4.589667175907359	4.576312476597465	4.617400299853196	4.488630691609165	4.191553699251709	3.904239691924612	3.642189143491241	3.494980911860488	3.378114279441386	3.193068697059086	3.0886834163553365	3.179442161080693	3.3725040333042715	3.3263669885251383	3.03562899592673	2.6077002421197153	2.1783833861756823	1.9466397344005373	1.8312479605020164	1.6314942792262304	1.3993688993634048	1.2739943575961634	1.084535767169927	0.8383269343752737	0.6122918526386144	0.43182122354956914	0.3050007420562674	0.19859114573603365	0.13137229975093978	0.09896589861047506	0.07244736403452812	0.055553004275238904	0.04322781405030043	0.030694408504809256	0.020196886093611064	0.014170209315391495	0.009867092690635874	0.006171270750825603	0.004210576482287759	0.002938149523354645	0.002163125830186294	0.0016599388055172897	0.0012492919233161482	0.0010005902904337669	0.0007865912109768341	0.0005263220602859699	0.0004164306411053828	0.0003181067397332785	0.00016772900822300136	0.00015616149041451852	0.00017929652603148423	0.00013302645479755282	9.832390137210426e-05	7.518886575513854e-05	5.783758904241427e-05	6.36213479466557e-05	0.0001041076602763457	0.00014459397260603568	0.0004222144000096242	0.0007518886575513856	0.0005031870246690041	0.00019664780274420852	0.00013881021370179425	0.00024870163288238137	0.0004048631232968999
209112_HY55YBGXT_TCDM_1_B11_A20_2_2_o_ACTCTT_S82_trim1	0.00031534348049526667	0.00031041623861252806	0.0007341590405280426	0.0013944094528150072	0.001837861222261476	0.0023650761037145	0.0034441420760342404	0.005208094670054638	0.007454916968583413	0.009770720653470528	0.012101306064005857	0.01530401328778591	0.019038862634901725	0.02300529235050625	0.026730287213856587	0.031021914893721855	0.03645173544849973	0.04358638169470514	0.05403706172799358	0.06816839144768773	0.08820255694290263	0.11324772743286264	0.15179846792340898	0.2206320370252664	0.3266022281973242	0.487392912556731	0.7101929360104023	0.9694496221544563	1.2987667606291693	1.6162733003109584	2.031166775805074	2.739851975799359	3.5289793267712324	4.084545558017534	4.379150277428354	4.511826119604855	4.5062583362773605	4.448851041101574	4.387122554794625	4.1997247642684306	3.9294655470002215	3.721703465772668	3.55427085935533	3.458618312685726	3.3731700839552743	3.264026749010733	3.251068102859131	3.423418096675442	3.7047143357609857	3.683379378408728	3.3241834451570877	2.830099338123598	2.333591028083801	2.023864603334856	1.7868199235981874	1.477803021680357	1.205109746922075	1.048566345065589	0.8872435185828463	0.7112325840476602	0.5350245598371645	0.37434720204106064	0.2663272782457836	0.19126567540414469	0.1399139605022436	0.10387118613001119	0.07216438461458867	0.05119404316165344	0.035229779461580575	0.022177515714206175	0.015348358464730556	0.011253820460174828	0.008110240138987639	0.005252439846999285	0.0033258882708485154	0.0021679864284049584	0.0015372994674144249	0.0012613739219810667	0.0009805211346649698	0.0006651776541697031	0.00047301522074289995	0.000354761415557175	0.00026607106166788124	0.0001675262240131104	9.361759577203228e-05	9.361759577203228e-05	0.00011332656330298644	0.00011825380518572499	0.00010347207953750937	9.361759577203228e-05	7.883587012381667e-05	5.9126902592862494e-05	0.00011825380518572499	0.0001773807077785875	0.00041388831815003746	0.000655323170404226	0.000418815560032776	0.00010347207953750937	1.4781725648215623e-05	0.0	0.0
209113_HY55YBGXT_TCDM_1_C11_C17_2_1_i_TGCTAT_S83_trim1	0.0002849898347688311	0.00030280169944188305	0.0006827881458003244	0.0013180779858058438	0.0016802525674912334	0.001953367825811363	0.002677716989182142	0.0043876559977951285	0.006382584841176946	0.007831283167918503	0.009778713705505516	0.012545490018052918	0.015246956160132464	0.01817403925473733	0.021184244384483113	0.024449752907875967	0.028213993642114278	0.033076632697857454	0.03975014466202759	0.04924980582098862	0.06282838399007855	0.08159615206725095	0.11014857113815321	0.15824060575539348	0.2351759865665292	0.3523839934034353	0.5224219908606135	0.739536746648668	1.0549076852615014	1.3919972241990093	1.8275388764726996	2.507180259514118	3.2478391536371887	3.808105419639813	4.156624238409196	4.331311132546041	4.337800588575257	4.35171165488491	4.436822681580976	4.31568418993955	4.032030245021198	3.8315398962613254	3.732042820197657	3.6916336365427265	3.618088447307695	3.53881971222439	3.493090718320441	3.6366602848734635	3.9753528916315464	4.005888364969382	3.6492888969266577	3.037831331853682	2.357133111508329	1.9580820326614974	1.6872526303077426	1.4085978820742937	1.2165147334401016	1.0996748384731052	0.9399914716791946	0.7481517518622007	0.5699915441141109	0.4127543400686327	0.2938067077819918	0.20458114034645025	0.14505388860911067	0.10622996091008179	0.07248241464287271	0.05099536855894772	0.03944140567436136	0.02987643434493246	0.02292386983421785	0.01804341891380162	0.013465769692827268	0.009303730647557466	0.006982250951836361	0.0057057339836009725	0.005082318720044155	0.004613272950320453	0.004227349215737661	0.003906735651622726	0.0031408254706814928	0.002392727154413311	0.001965242402260064	0.001419011885619805	0.0009677779805691556	0.0007480983162681817	0.0006352898400055194	0.0005996661106594154	0.0003681118699097402	0.00013062034093571425	7.718474691655843e-05	7.124745869220777e-05	0.00011280847626266232	0.00011280847626266232	0.0002078050878522727	0.0004631084814993505	0.0003503000052366882	6.531017046785713e-05	1.1874576448701295e-05	0.0	0.0
209114_HY55YBGXT_TCDM_1_D11_A03_2_3_i_AAGTGG_S84_trim1	0.0003043899253391469	0.0003228377996021255	0.0005027045736661668	0.0007609748133478672	0.0008854979646229728	0.0010515288329897802	0.0014158743496836073	0.00204310207462488	0.00302545137912849	0.003929397218014442	0.004861014868294861	0.0061246942553088955	0.007545180573558247	0.009436087685513553	0.01177435574834609	0.014546148856358626	0.018175768117599665	0.023525651653863458	0.03155047695825915	0.04506354485589097	0.06554529725636296	0.08996567081198087	0.12807436707072892	0.19441292292039997	0.303430635877472	0.48590778414972474	0.7588533078076246	1.121681486843322	1.6368153157941705	2.089968899189977	2.610692434042508	3.476446561235528	4.419607968836006	5.197365735794618	5.663847908345426	5.747449062536679	5.637804121854666	5.595069621124477	5.591776675568535	5.349177905073234	4.88476189443988	4.365523413465518	3.8040715842088964	3.454987071499118	3.2122683898211086	2.893373823342695	2.6348683732641414	2.510797194908479	2.4181796421711947	2.163834187738943	1.8874158517510378	1.6103057204782705	1.335423170022758	1.1608232640607967	0.991439494546693	0.8217836188872105	0.7246786207354569	0.6782545451526711	0.579715224776971	0.43546207197760983	0.29978718071053373	0.2025161516904133	0.14831168513721643	0.11281336308667989	0.08660354572755304	0.06628782419544785	0.045778399983581394	0.032901783748022335	0.023931504887648985	0.016796789516442014	0.012313956070538213	0.009537550993959936	0.006977908439971654	0.004381370137457417	0.0029701077563395544	0.001909354986218285	0.0013144110412372251	0.0010007971787665889	0.0006871833162959528	0.0005303763850606347	0.00036434551669382734	0.0002536582711159557	0.00020292661689276457	0.0001291351198408502	0.00010146330844638229	7.379149705191438e-05	3.228377996021255e-05	2.3059842828723246e-05	2.76718113944679e-05	2.76718113944679e-05	3.689574852595719e-05	5.9955591354680445e-05	0.00012452315127510553	0.00018909071119553063	0.000539600322192124	0.0009961852102008443	0.0006410636306385064	0.00010146330844638229	1.8447874262978596e-05	0.0	0.0
209115_HY55YBGXT_TCDM_1_E11_C14_2_3_i_CTCATA_S85_trim1	0.00020534488786201236	0.00032512940578151956	0.000898383884396304	0.0018309919167696098	0.002541142987292403	0.00332829839076345	0.004962501456665299	0.007862997997716222	0.011311080906399179	0.015101405294852158	0.019850005826661195	0.025368649687952775	0.030536496032480088	0.03557600182209364	0.04133421471922424	0.04817904431462465	0.05433939095048502	0.05818960759789775	0.06258741061294251	0.06849107613897537	0.0765936431725306	0.08785338785696428	0.10558149650905135	0.13540784147100865	0.1783762592561347	0.2438213862251569	0.34457727786945097	0.48208134840405104	0.6966239760348827	0.9373737449791036	1.219911198603244	1.6292320084081886	2.0836089090248566	2.476048657840145	2.815612098030965	3.0975335169915192	3.258977379036032	3.4013327225463725	3.5584386738348	3.569142276114608	3.4647757368587397	3.37515980538096	3.338360290268689	3.342681088950785	3.3445035248305603	3.366098962204049	3.439081957765006	3.652101610810861	4.051702762590336	4.19070413959893	3.88459480405563	3.365559931873411	2.8944816470439663	2.6908993028027695	2.565561916873994	2.4800614391904485	2.554430512744474	2.6049196870475457	2.5003221347928335	2.243983266445088	1.783993605560192	1.3290776746128865	0.9395983145976087	0.549366023326837	0.32019257243583704	0.22213183244473184	0.15104827709649857	0.1155150554593762	0.09399662241883615	0.07035629220372198	0.048974755755089944	0.034361044568910065	0.023777226807022177	0.01513562944282916	0.010549593613910883	0.00834213606939425	0.007400972000026694	0.006759269225457906	0.006040562117940863	0.005304742936435319	0.004209570201171253	0.0033539665017462018	0.002772155986137167	0.0019165522867121152	0.0011550649942238195	0.0006673708855515401	0.0004449139237010267	0.0003935777017355237	0.00029946129479876797	0.00015400866589650926	0.00010267244393100618	8.556036994250514e-05	6.844829595400412e-05	7.700433294825463e-05	0.00026523714682176594	0.000581810515609035	0.0004449139237010267	0.00010267244393100618	3.422414797700206e-05	1.711207398850103e-05	0.0
209116_HY55YBGXT_TCDM_1_F11_C14_2_1_i_CCGACC_S86_trim1	0.0002752556953374876	0.0002940231291104981	0.0011510692714113116	0.0028276266884669178	0.003809789055921135	0.004197649353896686	0.005073462929970509	0.0074631828304005145	0.010722460495646674	0.01308090133978833	0.015570714220341057	0.019599456670280648	0.023428013159974795	0.026430802563656475	0.029740126718963998	0.03370631105632688	0.037847658108904544	0.043177609300439526	0.04958981583955145	0.057528440325534905	0.07018394649980166	0.08840712469339487	0.11446257858159113	0.15331742230298057	0.20917556102271756	0.2841326915121215	0.3908443199454594	0.5428229986392985	0.7646978565150865	1.005208776127474	1.2980933475890761	1.7138170289062897	2.1621960449885416	2.5454520658784467	2.885317779885152	3.1740422368604033	3.343868745072376	3.498018190272626	3.6684327447428196	3.71652116588053	3.68271476184408	3.663634537508186	3.6853547141948177	3.7355388321038476	3.7600803796676874	3.798722525806316	3.885302953612471	4.093665259171692	4.468463423241227	4.566867334324379	4.203792560551718	3.5871509890719113	2.954269331567193	2.591863929599102	2.31570739744051	2.0025164626365104	1.7976511555703276	1.6706143963608193	1.520137112368821	1.3401261434293619	1.1044759891641842	0.8531487718872851	0.641364537570119	0.4569369658827447	0.33666273864277796	0.2678675822421791	0.20990123512860726	0.17148429819525476	0.14609196030037153	0.11647694980656094	0.08856351997483662	0.06970850484421873	0.05449437186556486	0.039849517711359	0.02869540623893308	0.019956037911967848	0.01388164518077011	0.009734042316934787	0.0069251830622408805	0.00546757903920373	0.00439157950288446	0.00326553347650383	0.002439766390491367	0.001607743493221234	0.0009946739899695572	0.0007444415396627505	0.0005505113906749752	0.0004504184105522524	0.0003002789403681682	0.00018767433773010517	0.0001313720364110736	0.00014388365892641395	0.00016890690395709464	0.0001563952814417543	0.0003127905628835086	0.0005692788244479856	0.0004566742218099225	0.00021895339401845602	0.0002877673178528279	0.000869557764816154	0.0013637668541720974
209117_HY55YBGXT_TCDM_1_G11_A20_2_3_o_GGCCAA_S87_trim1	0.0004180871979609548	0.00045198615995778896	0.0012429619398839197	0.0024576747447704775	0.003056556406714548	0.00339554602668289	0.004497262291580001	0.007073583403339398	0.010130139810053946	0.012559565419827064	0.0153731792655643	0.01919811214420709	0.023062593811846187	0.02735081250444571	0.03175202773703468	0.0363679363956036	0.0419273661630844	0.0478766339935288	0.05459427829590144	0.06339105893407991	0.0766173039398447	0.09523913373010562	0.12074245280572386	0.16140990754792592	0.22143931941731979	0.31331115625573985	0.452799735045713	0.6317410557730018	0.8670450506470266	1.1189482372455013	1.4666385907930306	2.018683186911475	2.6256949499077864	3.0710256136601966	3.3331154383387207	3.4999039811901436	3.5856570553881353	3.6597149876972193	3.7579372300830465	3.771649360210766	3.7155465781060046	3.6703197129752283	3.61826785682909	3.595222212498242	3.614262129486464	3.6270872367752665	3.638104399424238	3.7237444770822394	3.905544610271261	3.8870809756369855	3.5766116823619805	3.1066647223728685	2.625000021186851	2.3648367875151477	2.313366863549955	2.1687595414984595	2.0210165654622574	1.9920781515709598	1.8333575616747828	1.554278707208846	1.2231027979807745	0.9404306535431731	0.6832448787001917	0.4155221765031944	0.2531517983653581	0.18024078093716733	0.12740924866510125	0.09919401262973628	0.08328974962622157	0.06297862156311843	0.041023393843168825	0.02698922357647948	0.017661359200350606	0.010203587561047087	0.006576398627385831	0.004553760561574725	0.0034294449886797243	0.002915310731727739	0.0023446782047810305	0.0018587930828264073	0.001525453289857538	0.0011864636698891962	0.0009039723199155779	0.0006214809699419599	0.0004180871979609548	0.0002598920419757287	0.0001694948099841709	0.00017514463698364323	0.00014689550198628142	9.604705899103017e-05	5.649826999472362e-05	5.084844299525126e-05	9.039723199155781e-05	0.00011299653998944724	0.0003220401389699247	0.0006327806239409046	0.00040678754396201007	5.084844299525126e-05	1.1299653998944726e-05	0.0	0.0
209118_HY55YBGXT_TCDM_1_H11_C14_2_2_i_AGACCA_S88_trim1	0.00039104569872460933	0.0005572401206825683	0.001163360953705713	0.0020432137758360836	0.002849745529455591	0.004223293546225781	0.006716209875595165	0.010020546029818115	0.014121637795192456	0.01975269585682683	0.026806182647571973	0.034754186474149656	0.042858608580217186	0.05109012053837021	0.05900390786630949	0.06659508249280097	0.07336994922320483	0.07913787327939281	0.08552169431107207	0.093406153211607	0.10441408963070475	0.11806158451619361	0.14270723967831211	0.1881516379413458	0.26207393921399913	0.38480363175871773	0.5549769437011997	0.7673636388210031	1.0912374626471928	1.3959598233783443	1.763337481187647	2.3641303165656686	3.0205933952283726	3.556394435478364	3.968038466383292	4.271548585448397	4.391927115729534	4.472277230674973	4.5784461378787045	4.447875979074558	4.167124719675225	3.962749573308042	3.7815047800204193	3.6727500831338715	3.5313870630449253	3.38739914870329	3.429025963332525	3.629143599654844	3.8348531894689244	3.689340196902263	3.301857902107282	2.814052833304502	2.3767513164920056	2.1162317839304365	1.844699426878536	1.5424455421205832	1.2772579015304895	1.1194123052403007	0.9539510939674504	0.7938129922684889	0.6232632988409845	0.4259220869796104	0.29301543012558384	0.21571058355896264	0.16793457531728348	0.13186060960993828	0.09582086040123147	0.06951326101953337	0.04919843697078992	0.03537985959210903	0.030046973875752173	0.027436743836765407	0.023169457649433105	0.01736731709460671	0.01292406034284834	0.00920912620496455	0.006848187798914721	0.005244900434143823	0.003392321436435986	0.002356050334815771	0.001940564279920874	0.0014713094414513426	0.0011486967400035398	0.0008603005371941406	0.0005572401206825683	0.00041548605489489745	0.0003519411288521484	0.0002346274192347656	0.00016130635072390137	0.00013686599455361328	0.0001466421370217285	0.00015153020825578613	0.00015153020825578613	0.00017108249319201658	0.0004741429097035888	0.0008211959673216796	0.0005523520494485107	0.0001466421370217285	2.4440356170288083e-05	4.888071234057616e-06	9.776142468115233e-06
209119_HY55YBGXT_TCDM_1_A12_C14_2_3_o_CGCGGA_S89_trim1	0.00028374799319231815	0.00030266452607180603	0.0007140991162006674	0.0013146990351244074	0.0015795304954372377	0.0017497792913526286	0.0023314626773968806	0.0032441853888321706	0.0042514907646649	0.005301358339476477	0.00638905898004703	0.008053713873441963	0.010158178156284989	0.012882158890931245	0.016485758404473683	0.02178711674395016	0.028639630779544643	0.03658930372214942	0.0477122250552883	0.06559307775962421	0.09199109939294955	0.12543080039066423	0.17906390023723223	0.26887486921582077	0.402766088936836	0.59284414044315	0.8289461164452582	1.1174989089889662	1.5406522912366702	1.9433758179745273	2.396606487500617	3.076627469718887	3.7872932352019273	4.3502445245622665	4.77045165681399	5.010620687385189	5.029962842254465	5.014304682163469	4.995208442221625	4.738563111512393	4.338648689907141	4.017947249734743	3.7377413773241086	3.5624371379966746	3.3885658260348626	3.1736125337920216	3.092271442410224	3.2148505754693053	3.370727535529505	3.1526624736279887	2.711353948949196	2.2169183416783618	1.736651217534264	1.4597226344450012	1.226618928904292	0.9779894790027431	0.7887910462753253	0.6811039537256206	0.5809598286616118	0.46805177303716855	0.3581041548083651	0.2647888981138514	0.1958854271003168	0.14142472894027122	0.10454221895848975	0.08014462067717025	0.0606180296123189	0.049348505149363994	0.04422685387224266	0.04042935989668547	0.03727029890581099	0.034040300916638434	0.030871781659324214	0.027466805741016398	0.023593645633941254	0.0188786998137289	0.014764353912440287	0.011066171734500408	0.007793611546349006	0.006010728322457273	0.0049561316144258235	0.003267831054931531	0.0015889887618769816	0.0007330156490801552	0.00037360152436988556	0.00027428972675257423	0.0001986235952346227	0.00016079052947564696	0.00010877006405705529	8.512439795769545e-05	8.512439795769545e-05	7.093699829807954e-05	0.00010877006405705529	0.00015133226303590302	0.00037360152436988556	0.0006857243168814356	0.00048710072164681286	0.00015133226303590302	7.566613151795151e-05	0.00017497792913526286	0.00030266452607180603
209120_HY55YBGXT_TCDM_1_B12_C17_2_2_i_CCTGCT_S90_trim1	0.00022721828173507392	0.00022205422987745858	0.0005835378599105308	0.0012238802902548298	0.0015233952979965182	0.0016421684907216706	0.002008816172612358	0.002938345506983115	0.004058944760085639	0.004787076072009398	0.005788902132386769	0.007425906571250825	0.008887333246955958	0.010338431818945863	0.012259459109978763	0.01458844649776327	0.017645565197471534	0.021781970735421402	0.02661552327414934	0.03343207172620156	0.04437986166434603	0.05976357214818206	0.0825731892032689	0.11908303583660919	0.17390461035705337	0.25343100896432924	0.3695808633458129	0.5299401656803413	0.765565523839613	1.0254257773666735	1.3601699468810133	1.8586971851114809	2.408679036051227	2.8504223600553567	3.170825957561099	3.3888470629377596	3.481190638255637	3.561357379293257	3.674403638508314	3.6541037506560285	3.5240522686738442	3.4464004208908827	3.459176285186623	3.4827811662277823	3.447985784811171	3.4206266380695247	3.4267253833133684	3.6218594108570783	3.996289318897192	4.04254889543771	3.6963043824364608	3.1694833040781187	2.675107963541174	2.4700021518604087	2.3957017737330397	2.338659656913821	2.4671154468720022	2.5650155419886733	2.3778496464612635	2.005242648726888	1.5343998925050966	1.1445759458774316	0.7954137435766296	0.45835091477822026	0.27274456291181054	0.1942303184686273	0.1353033227213789	0.10229986729935943	0.08361116362664958	0.06388964958241669	0.04513897728741548	0.032394097302820876	0.023067819647967617	0.014748532105349344	0.010333267767088249	0.008489701253919579	0.0073639379489594415	0.00635178378486684	0.005602996265512618	0.005231184531764316	0.00439977218268825	0.003274008877728111	0.00270079912153281	0.001864222720599129	0.0010534665789535245	0.0007384594156389901	0.0006196862229138379	0.0005628816524800694	0.00033049931888738026	0.00014975750387084417	0.0001239372445827676	0.00010328103715230633	0.0001291012964403829	0.00011877319272515228	0.00020139802244699732	0.00038730388932114876	0.0003150071633145343	0.00010328103715230633	1.549215557284595e-05	5.1640518576153165e-06	1.0328103715230633e-05
209121_HY55YBGXT_TCDM_1_C12_A03_2_3_o_GCGCTG_S91_trim1	0.0005044312887518829	0.0004844141741188716	0.0006725750516691772	0.0010448933838431858	0.001261078221879707	0.001405201447237388	0.0017014547438059541	0.002301968182796291	0.003086639076410331	0.0039033373534371886	0.005008282081179408	0.006641678635233124	0.008459232643910543	0.011289652653018331	0.015281065310840768	0.020357405581772417	0.027207262209188857	0.03723583664032748	0.05256494302628748	0.07582883365277313	0.10960571288451625	0.14883925756521826	0.2027573575406973	0.29371112301017366	0.43462360318071946	0.6465728197608955	0.9400117100120602	1.3075219312512198	1.8011960225993224	2.24236121884211	2.7318517332319137	3.510789725215059	4.348073602930506	4.994310135165566	5.351663672439936	5.414869713605133	5.32263885622207	5.236164921007461	5.136067337573626	4.864619249458286	4.451786277267064	4.0376842200081065	3.633110309314464	3.3875283367279025	3.1935184582818312	2.9258015603340857	2.7222194976705083	2.6553863553338104	2.635473329696891	2.4206576623012674	2.1204289667665854	1.7906710237252852	1.4477658397930229	1.2340511137022154	1.0796591085377998	0.9253431684089897	0.8085433045253693	0.7492646212511698	0.6508644891382132	0.5159411296658643	0.38832802045749115	0.27997537894900143	0.19755290773611436	0.12953074879021562	0.08548909317466434	0.06173278152820661	0.04199190307713095	0.03108257560213983	0.024745157109328474	0.01738286234730695	0.011101491775468025	0.0075904898688378564	0.005472679140665269	0.003627101171501634	0.0024380845623007672	0.0017695129335581923	0.0014492390994300126	0.0011569892257880488	0.0008607359292194827	0.0006445510911829614	0.0005004278658252806	0.00036030806339420204	0.0002842430277887594	0.00024020537559613471	0.0001881608775503055	0.0001441232253576808	0.00010408899609165837	9.207872731185164e-05	6.805818975223816e-05	3.202738341281796e-05	4.403765219262469e-05	8.807530438524939e-05	0.00011609926487146511	0.0001521300712108853	0.0005284518263114963	0.0010288796921367768	0.0007646537789810288	0.00025621906730254366	0.00019216430047690777	0.0003042601424217706	0.0004003422926602245
209122_HY55YBGXT_TCDM_1_D12_C17_2_3_i_GAACCT_S92_trim1	0.00019397672296958614	0.00018515959919824132	0.000652467159079517	0.0013842884321011374	0.001807510373125689	0.0021866466952935163	0.003006639206028585	0.004831783826696964	0.006974344903133756	0.008764221028716756	0.010897964981382203	0.014177935024322477	0.017316831086921232	0.019891431228153924	0.023480000603091265	0.02776512275596485	0.03132724075958816	0.035594728664919056	0.04119360225972302	0.04791225057348777	0.05683517983008873	0.06887055377797442	0.08650480132066406	0.1142082042102295	0.15727103670947762	0.22351408760359126	0.32715937753574964	0.46770433045098614	0.6733637424176042	0.906426775065562	1.2188262874080804	1.6960178430370336	2.208689504721878	2.603141170880532	2.886047404207902	3.098407830240742	3.214449996195411	3.340376157897758	3.518808291658463	3.602332905144413	3.5757140084787227	3.5519254085436347	3.609748106236114	3.672737638458601	3.670550991763308	3.6906187654668883	3.699012667297209	3.8820737910378695	4.3071296938068615	4.387982718790093	4.012320343388176	3.395024691032553	2.7792632182131447	2.465126732487671	2.2940039943334107	2.208557247865308	2.391759445586311	2.548219306908825	2.38703346724487	1.9870358302340407	1.4624257829627951	1.0221515245644626	0.7096550238604595	0.459592576581349	0.29856544514527844	0.21352428637065762	0.14055377003900782	0.09675029914296675	0.07280299097999421	0.054639716011023874	0.04136994473514991	0.031097995541533193	0.023718062944917576	0.016426301586015407	0.011850214348687445	0.009460773806652995	0.008402718954091616	0.007829605908954203	0.007265309987588136	0.006542305838337859	0.005493068109547825	0.0040735111823613085	0.0033593241568823777	0.0024335261608911716	0.0013666541845584479	0.0009169808722198617	0.0006612842828508618	0.000555478797594724	0.00034386782708244814	0.00013225685657017235	7.935411394210342e-05	6.171986639941377e-05	9.698836148479307e-05	0.0001410739803415172	0.00029978220822572405	0.0005907472926801032	0.0003967705697105171	3.52684950853793e-05	0.0	0.0	0.0
209123_HY55YBGXT_TCDM_1_E12_A03_2_2_o_TTCGAG_S93_trim1	0.00022610701712952848	0.0002430650434142431	0.0006274469725344415	0.0011418404365041187	0.0013283787256359798	0.0015092643393396024	0.0018201614878927041	0.0027528529335520088	0.0041603691151833235	0.005093060560842628	0.006104889462497268	0.007371088758422627	0.00843944441435965	0.010446144191384215	0.013453367519206944	0.016279705233326048	0.019829585402259646	0.02450434798141265	0.03056401604048401	0.039777876988512297	0.055300123714454426	0.07772993981370364	0.1085370208976019	0.1580035835701145	0.23208189505717625	0.34545760612135	0.5201196241784826	0.7649313443000513	1.1205976822447994	1.5004405129961227	1.97293069401627	2.6577353641210446	3.3899885917704506	3.96248025379156	4.31082637705674	4.482402034330055	4.520664994303799	4.535424129846929	4.537832169579358	4.416401396029945	4.1878128543874205	3.9468336482061965	3.729024758605322	3.6000024419557852	3.5179538581149075	3.383855438930812	3.229158670486217	3.2036085775505803	3.3065664078005113	3.190256958189082	2.8578796430086753	2.4546347359844454	2.068726584498623	1.8350788983478246	1.6656342997109563	1.5626877748118817	1.6091810302091412	1.642944460542008	1.4863144771009553	1.1804482096789857	0.8331760947451712	0.5740235370621621	0.38820879038511563	0.2296625499738903	0.13324486519443113	0.08880353097762231	0.059194817084510555	0.04484267417221373	0.036923275897252	0.027754636352649617	0.018246836282352945	0.012430233266695826	0.008739036212056274	0.005370041656826301	0.003340731178088783	0.002187585390728188	0.0017127606547561781	0.0014866536376266497	0.001147493111932357	0.00085355398966397	0.0007631111828121586	0.0006952790776733	0.0005483095165391065	0.00036742390283548375	0.00023175969255776664	0.00013001153484947886	7.348478056709675e-05	7.913745599533495e-05	6.217942971062033e-05	3.956872799766748e-05	3.391605256942927e-05	3.956872799766748e-05	6.217942971062033e-05	9.609548228004959e-05	0.0003165498239813398	0.0005426568411108683	0.00032785517483781626	6.217942971062033e-05	1.6958026284714635e-05	0.0	0.0
209124_HY55YBGXT_TCDM_1_F12_C17_2_2_o_AGAATC_S94_trim1	0.00030157624857844495	0.00041718047720018216	0.0011359372029788094	0.0021562701773358813	0.002829790465827742	0.003965727668806551	0.006227549533144888	0.009605203517223472	0.01400821674646877	0.01932098499225904	0.02626729125118256	0.03339956953006278	0.03925517502329425	0.04601048299145142	0.053700677330201764	0.06068719375560241	0.06787476101338868	0.07513772233331956	0.08292341581745309	0.09373995059979998	0.1086931062584812	0.12820508954150658	0.15937299483208886	0.214104057678267	0.30034481223008297	0.4271525984865094	0.6087417102972105	0.8386634422134168	1.157263670024115	1.4644341580136901	1.845928112465423	2.4583641318077194	3.116242665539978	3.625398872285776	3.9669741839673422	4.174458642989312	4.230858427744291	4.259950483190492	4.346271658075262	4.280869822300216	4.080115539892355	3.9018387405452075	3.752402683103778	3.6883478879057163	3.641864935458159	3.5783529775075387	3.5351270485446284	3.638437018765984	3.856295700739053	3.760128061338196	3.3918280677617707	2.9018923205920384	2.405010267163383	2.0970204970318362	1.799324529518434	1.4590962584138516	1.1785147430072762	1.0065308347137985	0.8715704372041349	0.7497738429449202	0.6118479456575684	0.4493938468191698	0.3287331897629339	0.24508599094889258	0.18776137236493984	0.14441983917340764	0.10160606441688774	0.0728356903025041	0.054600379805127455	0.03896867758714473	0.028549218198759458	0.021648148377122707	0.016249933527568542	0.011565449132983364	0.008760790021203826	0.006674887635202915	0.0051368487674528455	0.004212014938478948	0.0034781794002713986	0.0030861302771194197	0.002553345571297501	0.0019200354492827662	0.001603380388275399	0.0010354117867859944	0.00048252199772551193	0.0002965499777688042	0.00020607710319527073	0.00018597201995670771	0.0001708932075277855	0.00010052541619281498	5.026270809640749e-05	7.036779133497049e-05	0.00013570931186030022	0.0001960245615759892	0.0004272330188194637	0.000683572830111142	0.0004272330188194637	8.0420332954252e-05	2.5131354048203746e-05	5.02627080964075e-06	0.0
209125_HY55YBGXT_TCDM_1_G12_X8_415_3_i_AGGCAT_S95_trim1	0.00013152020921830204	0.00014163714838894066	0.00042491144516682196	0.0008447644207483247	0.0011027463695996095	0.0013759037272068522	0.002043621712469001	0.003126134203727333	0.004375576191301203	0.0059234678844089115	0.007623113665076199	0.009595916803350731	0.011715415559599521	0.013870323602945548	0.01669294963155372	0.020775134586906406	0.025347991092035064	0.031129821828055033	0.03961793379222083	0.05216293836381272	0.07040377968847415	0.09381943539891724	0.13087272511138118	0.19564642815139496	0.2999065447744112	0.45145829355057776	0.6531344174476733	0.8845745763847876	1.1944715985902046	1.511111560752852	1.9179238017434015	2.548123118091237	3.2344562714273613	3.7619686551932143	4.102014156127135	4.266434651528353	4.269302803783229	4.290022295204697	4.384130063369978	4.317287446269568	4.0845219683011	3.8497128686201636	3.6475814824603887	3.558643470211305	3.48252361989142	3.403464798742464	3.4348475440497857	3.6288246772380255	3.891763926282923	3.826980106303738	3.4501696484237176	2.906986125882545	2.3815831239337695	2.0878125027663503	1.8306955522141553	1.55448287897738	1.3284755163748985	1.1782440281605002	1.0034486116397914	0.7921057523651507	0.5840357229122115	0.40265923746100235	0.27724965950176605	0.18354656890331114	0.12194452629329258	0.08632278347347401	0.05780819042102907	0.04095842823233045	0.029981549232187547	0.020385632428836818	0.013642692471606179	0.009221590054037101	0.006353437799161052	0.004330049965033329	0.0030199063424356277	0.0020992648779075136	0.0016794119023260108	0.001386020666377491	0.001128038717526206	0.0009408753428693915	0.0007233611507006613	0.0005210223672878889	0.0003338589926310744	0.00019728031382745307	0.00014669561797425997	0.00011128633087702483	7.587704377978964e-05	6.0701635023831717e-05	4.0467756682554475e-05	2.0233878341277238e-05	2.5292347926596548e-05	5.0584695853193096e-05	6.0701635023831717e-05	6.0701635023831717e-05	0.00023774807051000756	0.0004097360364108641	0.00023268960092468825	3.0350817511915858e-05	1.0116939170638619e-05	5.0584695853193094e-06	0.0
209126_HY55YBGXT_TCDM_1_H12_X8_415_3_o_ACACGC_S96_trim1	0.0003523747266945963	0.0003775443500299246	0.0011242431756446644	0.0023827243424110797	0.003129423168025819	0.0037209093164060343	0.00483676261760559	0.007123003403897911	0.01019789238803052	0.012974940829361742	0.01590720194792749	0.01995531636769279	0.024192202962473056	0.028865363028399014	0.03475085995164328	0.04238564569669287	0.051685821519096675	0.06278562540997645	0.07721620945556469	0.09585851047259786	0.12276903275528636	0.1546589455211473	0.19717043933451683	0.26780898722511576	0.37459530916246864	0.5185655546405465	0.7065574713321137	0.9144333904585902	1.1772923517610914	1.441032249880329	1.7619701170291002	2.2601524717052532	2.7777531907846122	3.159609936279323	3.412451387494363	3.59121444229631	3.677873455439846	3.7264801930375873	3.800592148948461	3.7790972906200913	3.671207700193206	3.584582246547451	3.5285294953796753	3.535014868325745	3.5217546717652497	3.488434285406497	3.5634103983852174	3.8186177941937793	4.1748980074425734	4.186186583508468	3.790415231246544	3.189104539891105	2.622624412294539	2.3144643239256695	2.081464925773312	1.8058994996236932	1.5698587719849844	1.4258717467580162	1.2707010188957173	1.0816687577729567	0.8686037013021798	0.6724400469010761	0.5188004711250096	0.37539654217197654	0.2723982485465906	0.2094490205849345	0.1525405022237572	0.112927710031173	0.08589133963180784	0.05935836169914926	0.03853888826361019	0.026209967766521878	0.018491283277021195	0.011917816649277952	0.007882287041180314	0.005335960147089601	0.0037586637514090268	0.0029448459302334118	0.002378529405188525	0.0019212812479300605	0.0014472533417813776	0.0010655140545288984	0.0007341140139470755	0.0004656380317035737	0.0003397899150269321	0.00022652661001795478	0.00013004305389919624	0.00011326330500897739	7.13139327834302e-05	2.097468611277359e-05	1.2584811667664153e-05	3.355949778043774e-05	7.13139327834302e-05	9.228861889620378e-05	0.0003146202916916038	0.0005621215878223322	0.00037334941280736986	9.228861889620378e-05	2.097468611277359e-05	8.389874445109435e-06	8.389874445109435e-06
209127_HY5CNBGXT_TCDM_2_A01_X4_46_1_o_CAGCGT_S1_trim1	0.0008086833564640557	0.0007928268200627997	0.0010386031342822677	0.0013715903987086436	0.0014350165443136676	0.0015777253719249716	0.0021168476095676757	0.003155450743849943	0.004511184606157331	0.005708353104452158	0.007262293671775246	0.009775554691374321	0.013398773259061317	0.019035771949707823	0.02514846673239201	0.03272789113219238	0.04289193096539747	0.0549349703621514	0.07309070454158952	0.10057801039316679	0.1399418620092848	0.18342048482152873	0.24381803197391283	0.3491450750192558	0.5189130819993031	0.7631830252606517	1.063022200340202	1.4273736937682624	1.9259824809057569	2.3356598836368074	2.794405338261545	3.560006485323388	4.388653221116625	5.033419632532697	5.444936393486293	5.633319974201415	5.604405580073725	5.4529598009053295	5.22472081594565	4.843394900300045	4.35715421155553	3.9080574593309576	3.50296259561987	3.269054898896742	3.02575220435587	2.6683220890669577	2.425011466257885	2.3500021208117436	2.3015604021059066	2.09733614152593	1.8541523710080676	1.5932727058664033	1.3394174863504953	1.2188126704825422	1.1460073835961753	1.0301278155757965	0.8992876054608325	0.8139477265492727	0.7307960496610864	0.6068613611488696	0.4404390833494871	0.2971356356231361	0.20236904582102963	0.1339401629814094	0.09731949216270867	0.08012307843554654	0.06503558404975147	0.05357923649984401	0.0444300149963193	0.033076734933020005	0.02249249688518163	0.016918924340140147	0.012677300852804168	0.008174044514847465	0.005311939694420759	0.003385370521668155	0.0023784804601883996	0.0017125059313356475	0.0014191600079124117	0.0012209533028967117	0.0009593204522759878	0.0007848985518621719	0.0005787635786458438	0.0004598395556364239	0.0003805568736301439	0.00023784804601883997	0.00017442190041381595	0.00017442190041381595	0.00011099575480879198	6.342614560502398e-05	7.928268200627999e-05	7.135441380565198e-05	0.00016649363221318795	0.00026956111882135193	0.0005708353104452159	0.0009751769886772437	0.0006818310652540079	0.00015856536401255997	2.3784804601883995e-05	0.0	0.0
209128_HY5CNBGXT_TCDM_2_B01_X8_415_2_i_GATCAC_S2_trim1	0.0002566501569324049	0.00028720374704340547	0.0007271754446418139	0.0013382472468618256	0.001686558174127232	0.0024809515170132472	0.004094181074874078	0.006177935920444317	0.008848319696145768	0.01214810742813383	0.01635839214542971	0.02160138820847741	0.026893270015702714	0.03263123423854862	0.03938968837110195	0.04645978912278748	0.054892579993423646	0.06745010552904489	0.08645443857808725	0.11424598414305337	0.1522424288050937	0.19804226038148356	0.27305132410398997	0.4091981216386086	0.6326609689924446	0.9264337379097152	1.282260848342428	1.7277994100590606	2.330829507361857	2.8575245151313293	3.4934913825737843	4.483134387705138	5.471622467130295	6.197795754016468	6.577723536328738	6.5636933277497675	6.351920283972399	6.142982613357333	5.835057421500647	5.2799964606721215	4.590114728119795	3.9288678202194984	3.3338183206536955	3.000875849214122	2.688618158279696	2.2857935155382423	2.0272795896090665	1.9202259205781422	1.764109296546974	1.4256610681693982	1.144238060374994	0.9165771497399064	0.6673942902306301	0.5187816279307234	0.41475887503881076	0.3309198237742251	0.27671164419928784	0.24450204950427104	0.21157750080065685	0.16437220407916092	0.1155536777998042	0.07603566435023605	0.05170278518583518	0.03725093706333191	0.02744934535572292	0.02194969913574282	0.01729944272084853	0.01414631222139327	0.011188724698648412	0.008585558821191164	0.006495693257598724	0.004894685135782294	0.0039291916882746745	0.0031347983453886594	0.002444287208880047	0.0018087725345712344	0.0013749115549950262	0.000941050575418818	0.0006171825202422118	0.0004766360057316091	0.000421639543531808	0.0003238680551766062	0.000262760874954605	0.00026887159297680514	0.00023831800286580455	0.00020165369473260382	0.00017721082264380336	0.00014054651451060268	9.166077033300175e-05	6.110718022200116e-05	6.110718022200116e-05	0.0001161036424218022	0.0002260965668214043	0.0003299787731988063	0.0007210647266196138	0.0011488149881736219	0.0007271754446418139	0.00012221436044400233	0.0	0.0	0.0
209129_HY5CNBGXT_TCDM_2_C01_X8_415_2_o_ACCAGT_S3_trim1	0.00019639724957435807	0.00028804929937572513	0.0005433657238223907	0.0008968807730562351	0.0014009670469637542	0.00223238207016187	0.0034631381674945136	0.00551221613805365	0.008314150231981158	0.011718369224603365	0.016353344314558215	0.021282915278874603	0.025865517768942956	0.03091947365798977	0.03651679527085898	0.04220576893352955	0.048091139845774476	0.05610414762840829	0.06677506485528174	0.08373724064352046	0.10896774063883967	0.13633242407953355	0.18304878317828752	0.27170904821113856	0.4124735035560668	0.6119934693986572	0.8630022475046583	1.1558763726449268	1.5396300517382369	1.8655643805568556	2.2608269384752226	2.929415548626224	3.6488644998419986	4.222383748049039	4.573515843988048	4.702941631457549	4.699936753539062	4.713566722659523	4.70544242310213	4.491343234766136	4.147615315136081	3.8180607303503082	3.5229214902649484	3.3681866439002976	3.2098970073183506	3.0014540597700985	2.918325650600259	3.0144097316670204	3.160915533274506	3.0663568041794385	2.7758721789089913	2.3458473078159625	1.9452165584092296	1.752930557925961	1.6508105347222808	1.5045535029642565	1.2933282610470342	1.1437062897463026	1.0210169279372012	0.8294117712524575	0.5855976790558634	0.4159039088486322	0.30220299449505056	0.18261670922922393	0.10879098311422275	0.0798616682519198	0.06098789256782399	0.05142334651355275	0.04133507446041656	0.029269736761565163	0.021217449529016483	0.017204399062713767	0.013328826671113101	0.009060459780363718	0.0066644133355565505	0.0050015832891603185	0.0037708271918276744	0.003057250518374174	0.0024746053446369114	0.0020032519456584523	0.0015580848466232406	0.0010867314476447813	0.0007266698234251248	0.0004909931239358952	0.00039279449914871614	0.00030768902433316096	0.00022913012450341774	0.00020294382456017	0.00022913012450341774	0.00018985067458854614	0.00012438492473042676	9.819862478717904e-05	0.00011129177475880289	0.00018985067458854614	0.0005237259988649548	0.0009230670729994829	0.0006153780486663219	0.00011783834974461483	1.9639724957435808e-05	0.0	0.0
209130_HY5CNBGXT_TCDM_2_D01_X4_46_3_o_TGCACG_S4_trim1	0.00046827937313261405	0.00039673669112624246	0.0005203104145917934	0.0007934733822524849	0.0008715199444412539	0.0011446829121019454	0.0017950709303416873	0.002666590874782941	0.003960863031080027	0.005606344717226573	0.007407919527750659	0.010113533683627985	0.013716683304676154	0.01992138499868329	0.028122777908686437	0.03818428055085524	0.049832729957529014	0.0652274143492637	0.09098277987155746	0.12886788193402243	0.17641774994752996	0.2264325885501661	0.2980403093583617	0.42086608660293684	0.6054266945388285	0.8568992217912245	1.1580744013975017	1.494487603832008	1.9163682957433992	2.262771458138068	2.6321138059360525	3.2368575930557286	3.9054564758061834	4.419718281828348	4.71670496259716	4.829235097513001	4.787154992732889	4.6998859284454815	4.576279685579018	4.298765622076303	3.9302622748218474	3.614960667459403	3.338305116140764	3.168462789057638	2.978451929528897	2.7189275986106933	2.5940530991086628	2.645219124503583	2.790951567750562	2.797084726762563	2.612946871038527	2.274901194678239	1.9472031916881454	1.782414379506742	1.7267541729057847	1.5527233469851947	1.2048372999089392	0.9692277364214102	0.7919319626492567	0.6283268566610497	0.493007125586089	0.3679440135587691	0.2875755661448842	0.20797457659252222	0.14844456128303865	0.11459186493366008	0.0836008758645364	0.06529895703127007	0.04822627155247685	0.032610455234540654	0.022666022435655	0.016630421626390196	0.01279313231877572	0.009456641785205845	0.007616043693587375	0.0060551124498119955	0.004572227768225384	0.003401529335393849	0.0023023735845686855	0.0015674351239577777	0.0010406208291835867	0.0007219307002461133	0.000591853096598165	0.0004942948938622037	0.00037072117039665275	0.0002991784883902812	0.00024714744693110185	0.00016910088474233285	0.00018210864510712768	0.00019511640547192254	0.00013658148383034575	0.00011056596310075608	0.00016259700455993544	0.00020812416583671737	0.0004552716127678192	0.0008780238246236513	0.0006764035389693314	0.00015609312437753802	2.601552072958967e-05	2.601552072958967e-05	1.3007760364794835e-05
209131_HY5CNBGXT_TCDM_2_E01_X4_46_1_i_ACATTA_S5_trim1	0.0016019718737628607	0.0017116959747055225	0.002282261299607363	0.0032972092333269838	0.005102170693833769	0.00848167300286775	0.013929474614670902	0.02116577907183944	0.031167130872763054	0.04438339883130665	0.05964053506738377	0.07558893313939964	0.09079120732500542	0.1091261045925242	0.12670939176858573	0.1410338731466502	0.154134930799204	0.16706042989024955	0.18385918974457108	0.2079052264661554	0.24345034896653064	0.28312109766235	0.342443432837	0.4452494292152269	0.6053314062855232	0.833782470653192	1.1160696651483777	1.4446714026514609	1.8827393894599906	2.239370148548877	2.6010811335114083	3.2132757823108946	3.89995115083026	4.451600040729586	4.850512982116728	5.094841123890799	5.1203355187448265	5.061929379813048	4.974007457727693	4.699543591629719	4.300235643479184	3.949392830715024	3.6482001736274174	3.458805402990289	3.2246431991685545	2.9103604568384887	2.7313510723555834	2.6920259545777334	2.6635580365881597	2.4848558795878937	2.2394798726498197	1.9115748831877222	1.574985231136013	1.4036071578736697	1.2899000720667895	1.0984479745369864	0.8334148949150342	0.6541147415646306	0.5261380364301571	0.409429996462495	0.31276306353201005	0.2168971165384065	0.1550566132471224	0.11151808999307422	0.07995046615187044	0.06232328933543184	0.04704969448421333	0.03762988041828583	0.029471893513198934	0.021231613532405037	0.01586610499630888	0.012887095655715617	0.009880655289886686	0.007005883845188948	0.00521189479477643	0.00396652624907722	0.0032149161576199873	0.002534626731775485	0.0016842649494698569	0.0011027272144737501	0.0007680687065986318	0.0005760515299489739	0.0004388964037706467	0.00031819989273371895	0.0002523654321681219	0.00019201717664965796	0.00018653097160252488	0.00019201717664965796	0.00017007235646112563	0.00013166892113119404	0.00010423789589552862	0.00010972410094266168	0.00015361374131972637	0.00021396199683819031	0.0005870239400432401	0.0009216824479183583	0.0005102170693833768	9.326548580126244e-05	3.291723028279851e-05	0.0	0.0
209132_HY5CNBGXT_TCDM_2_F01_C14_3_2_o_GTGTAG_S6_trim1	0.00032592821708057787	0.000309631806226549	0.0003585210387886356	0.0005703743798910112	0.000765931310139358	0.0009370436241066614	0.0014340841551545424	0.0022000154652939002	0.003006687802568331	0.0038703975778318616	0.004725959147668379	0.006274118178801124	0.008457837233240995	0.011081559380739648	0.014031209745318877	0.01783642167973462	0.023719425998039053	0.03152540679711889	0.04250103950730735	0.05753447852014901	0.08053686244061078	0.11436821137357477	0.16862711131206395	0.2587136705131357	0.39807242793136377	0.6107242931655867	0.891161079347143	1.26064960264054	1.8234217068681466	2.337345319560802	2.915330123320645	3.8161142332770916	4.770847611365801	5.567513952375858	6.138026851759128	6.411113956645517	6.3923893805742384	6.300705773109472	6.111642962586456	5.548764931688297	4.802519685860607	4.196684315951228	3.6812777298708568	3.3265537548112096	2.9925425179470335	2.5733417933434213	2.280853811335311	2.166950047671076	2.0383306250056528	1.707358668765753	1.402689119644256	1.1467539871817323	0.8920655301495415	0.7599586755613563	0.6629542899527494	0.5697469680731311	0.5192932800690577	0.49447384633837166	0.4531217037962733	0.3638744097541841	0.24818618910143303	0.16682635791269376	0.1130400538889714	0.07607979407203388	0.05627150667896177	0.04167807075917889	0.027435007672757642	0.021250519753653677	0.017306788326978684	0.012426013276197032	0.008620801341781285	0.006648935628443788	0.005092628391884029	0.0034629873064811393	0.002444461628104334	0.0019311246862024237	0.0015889000582678169	0.0013770467171654414	0.0012140826086251525	0.0010266738838038204	0.0009044508023986035	0.000765931310139358	0.0006600046395881701	0.0005133369419019102	0.0003748174496426645	0.0003177800116535634	0.0002851871899455056	0.00024444616281043337	0.00013037128683223115	4.074102713507223e-05	4.888923256208668e-05	0.00013037128683223115	0.00019555693024834672	0.00022000154652939002	0.0006111154070260835	0.0010348220892308347	0.0005948189961720546	7.333384884313002e-05	3.2592821708057787e-05	1.6296410854028893e-05	1.6296410854028893e-05
209133_HY5CNBGXT_TCDM_2_G01_A03_3_1_o_CTAGTC_S7_trim1	7.041113059152391e-05	0.00010561669588728586	0.000396062609577322	0.0007569196538588821	0.0010649683501967992	0.0016546615689008119	0.0025083965273230394	0.0036261732254634815	0.005140012533181246	0.007489984016673356	0.010526464023432824	0.013272498116502256	0.01597452525295199	0.019723917956950637	0.023728551009343558	0.027838800757623766	0.03297881329080501	0.04100568217823874	0.05315160220527661	0.07137928363715737	0.10037106665821732	0.1349077262133598	0.18673911972004534	0.28458418706829175	0.4442238229019243	0.7006699619075784	1.0520479077332545	1.4995986565556283	2.114129401575801	2.596375234997148	3.118385754420059	4.048921653534991	5.02637776979785	5.790048090802194	6.193398252395739	6.155851517007808	5.967651366327989	5.8254032797504625	5.595079670194264	5.122973039578096	4.521644381543834	3.9659157319589076	3.424533350232005	3.079333981115735	2.7952250691789358	2.403853601177274	2.106340170254114	1.961830126106335	1.86675749702513	1.6542655062912346	1.4396083732916498	1.252825246614985	1.0928775620850144	1.0132777789512966	0.9440548361885046	0.8399079726523169	0.7289928391880188	0.6588193461622414	0.568068200221091	0.4244911035536498	0.27759588235708305	0.18570935693514432	0.1340803954289094	0.0929955007287552	0.0649102610140611	0.05195461298522071	0.040644825133957174	0.032362715898129175	0.024969547186019167	0.017312336734190942	0.011468212895094457	0.008748582975996845	0.007005907493856629	0.004779155488899686	0.002869253571604599	0.0017074699168444548	0.001152982263436204	0.0008185293931264655	0.0006689057406194771	0.0005016793054646078	0.00041366539222520296	0.00029044591369003614	0.0002464389570703337	0.0002464389570703337	0.00018482921780275027	0.00020243200045063123	0.00021123339177457173	0.00013202086985910732	7.041113059152391e-05	6.160973926758343e-05	6.160973926758343e-05	0.00013202086985910732	0.00016722643515486928	0.0001496236525069883	0.0004928779141406674	0.0010649683501967992	0.0007481182625349415	0.00010561669588728586	8.801391323940489e-06	0.0	0.0
209134_HY5CNBGXT_TCDM_2_H01_A03_3_3_o_TGTGCA_S8_trim1	0.0002870507834645519	0.00027457031461826706	0.0004118554719274006	0.0006864257865456676	0.000936035163471365	0.00117940430597392	0.0016162207155938904	0.0024087304873329795	0.003644296903115181	0.00512947269582308	0.006895459037572388	0.008879853584131684	0.0113821875878118	0.015182490351505542	0.01943833022808868	0.024904775582761454	0.03251786157899522	0.04313874056718364	0.05969408249178052	0.08547873112820506	0.12811825294153728	0.1789137611459167	0.24547834173757704	0.35739070588221344	0.5278302286815028	0.7830682970568745	1.1029302331183095	1.4826484977665266	1.974316567965919	2.351607381423533	2.741952765294362	3.374263238922539	4.004901329725313	4.484219976001307	4.747308259280992	4.7459478881767465	4.632980924414599	4.512794009424876	4.327552650573892	4.024689113081097	3.661020731369203	3.3277859729389734	3.001446673546317	2.7822334784957463	2.5758252444814644	2.316481101855665	2.1530244013758715	2.1235704948986394	2.1683940987600714	2.0915081704325336	1.9021919385032386	1.7813685196023548	1.9098549463748573	2.2510085622880545	2.590227705530077	2.5123495799292592	2.2126373608201515	2.03421033795924	1.700426438899774	1.2276350778303877	0.7802976329729993	0.5209160489406609	0.41677901688726	0.2963112913484953	0.18931623192929514	0.13532572370026683	0.09027747139960159	0.06650841848185206	0.042907851893527374	0.02482989276968374	0.018059238420574202	0.012979687600136262	0.007981259827199173	0.004960986366398234	0.0033447656508043444	0.002202802751369279	0.0016411816532864599	0.0012730078223210563	0.0009734765700102197	0.0007550683652002344	0.0006053027390448161	0.0005491406292365341	0.0005553808636596766	0.0004929785194282523	0.00035569336211911873	0.0002059277359637003	0.0001310449228859911	0.0001123242196165638	0.00010608398519342137	9.360351634713651e-05	8.112304750085163e-05	0.0001123242196165638	0.00018720703269427301	0.00023712890807941247	0.0005741015669291039	0.0009859570388565046	0.000648984380006813	0.00011856445403970624	6.240234423142434e-06	0.0	0.0
209135_HY5CNBGXT_TCDM_2_A02_X4_32_2_i_TCAGGA_S9_trim1	0.0006674919500811378	0.0006674919500811378	0.0011715164838158743	0.0019071198573746792	0.0023566552523272824	0.00306501405649502	0.004216097113267594	0.005878015846122672	0.008125692820885688	0.011047672888077606	0.01443962177726543	0.018178938926189353	0.02229968004658821	0.027435281376804312	0.03361979862857649	0.040982643506512303	0.0497417725657403	0.06250585332545511	0.08229222184571741	0.11467920370934813	0.16045008028634042	0.20996708515460444	0.28155900237198034	0.4066796873004548	0.6027656643503106	0.9126726411736961	1.2990346908507628	1.702315618119682	2.2150447917748646	2.625089183395116	2.996963933298483	3.6731945790118057	4.396285884077763	4.895188438766978	5.1551220641848	5.198570341221203	5.146941882225132	5.157826087696863	5.072618696926302	4.742135259070313	4.32840603943992	3.870799440805213	3.4547135659224923	3.22506909052519	2.927708237906391	2.5122353658349694	2.2174082581695393	2.070335261454213	1.9584009481110147	1.7645217811818354	1.584040131250713	1.4550302840416638	1.3663151549620023	1.4264643530351302	1.622604819223768	1.521207343092565	1.1607072009099686	0.9463196843716637	0.7780980906665214	0.5984746446712177	0.4429830760140514	0.3469323466258452	0.28141596838267724	0.19952560393547808	0.146419127049941	0.11612316588707466	0.08693060978454653	0.0693033733885263	0.05000059597495543	0.03186252390285267	0.02129163097911874	0.016047051371338373	0.012416712499978716	0.008691017635750323	0.006177706109424407	0.004113929978051094	0.0029083577824963857	0.0022136212630241812	0.0016210518787684773	0.001226005622598008	0.0009399376439918061	0.0007764702276454052	0.000613002811299004	0.00040866854086600275	0.0002792568362584352	0.00022476769747630147	0.00019752312808523465	0.00014984513165086766	8.854485052096725e-05	8.173370817320054e-05	0.0001226005622598008	0.0001702785586941678	0.00021795655512853475	0.00025201226686736834	0.0006198139536467707	0.0011647053414681077	0.0007832813699931718	0.0001157894199120341	2.0433427043300135e-05	6.811142347766711e-06	0.0
209136_HY5CNBGXT_TCDM_2_B02_C14_3_2_i_CGGTTA_S10_trim1	0.0002216745321870728	0.0002493838487104569	0.00043642173524329955	0.0006511689382995263	0.0007897155209164469	0.0010113900531035197	0.0014339571300851272	0.002223672651001574	0.003318190653675246	0.0044196359854797645	0.005999067027312658	0.008361286260931152	0.01061266822845611	0.014027841489963201	0.0182119482849942	0.02302644203093219	0.03018930035222698	0.04006767169281341	0.05618063925116126	0.08528234892984542	0.1248651075834996	0.16810549601824049	0.24258813883309693	0.38547122948592705	0.6080186051434865	0.930665886741771	1.3147308684141363	1.7411356857342324	2.336560406517841	2.8230528767188954	3.294208240224257	4.071523841996489	4.845271869266337	5.371679609919325	5.6923387480570575	5.807879670630438	5.7305706775301966	5.58182013910354	5.283210689589291	4.6807131657630885	3.995468695468931	3.5361382827899237	3.2078244459626073	2.97284944184431	2.645145209980508	2.2131223287352957	1.986342354978789	1.9593396260267515	1.9529526285681114	1.7982307324306654	1.5832757095005132	1.3510577823762928	1.18530757826254	1.1801536453891905	1.2277928878220186	1.1509410984444128	0.9705950118519675	0.8439426533527096	0.7105638582674002	0.5422574697043652	0.3783360804811557	0.27464781805065236	0.2247156296755142	0.18613040641670187	0.15646065574928833	0.12976272927900773	0.0976199221118822	0.07243908072125688	0.04375993811955434	0.020851260683846535	0.012697794296840764	0.009677478795791897	0.007543861423491321	0.005555717962938512	0.004405781327218072	0.0034775192236847045	0.0029025509058244843	0.0025700391075438754	0.0020712714101229616	0.0017526142701040442	0.0013231198639915907	0.0008936254578791373	0.0007412242170005247	0.0005611136595985279	0.0003810031021965314	0.00029094782349553305	0.000277093165233841	0.00025631117784130294	0.0001939652156636887	0.0001385465826169205	9.698260783184435e-05	0.0001108372660935364	0.00020781987392538075	0.000270165836102995	0.0006234596217761422	0.0010737360152811338	0.0006373142800378343	8.31279495701523e-05	3.4636645654230125e-05	0.0	0.0
209137_HY5CNBGXT_TCDM_2_C02_X4_32_3_i_TTAACT_S11_trim1	0.0006589340752931022	0.0007138452482341939	0.0012394236178132159	0.0019532688660474098	0.002706336380668098	0.004032048984531601	0.006605029659485618	0.010542945204689635	0.015939929059471232	0.02201153589610053	0.02887543251373701	0.03714348626800998	0.04476829485354445	0.052440170158742715	0.06093571305805735	0.07016863456543808	0.07973102311046536	0.090195523782382	0.10528040743462766	0.13159854817996525	0.17074237003368642	0.2158950430978185	0.28167078382796923	0.3987178711785452	0.5850314809676698	0.87602147528907	1.2441459786861497	1.630399013607067	2.125901749320925	2.5442621315058265	2.9503224109519235	3.663053746820741	4.442619824612145	5.016951471309579	5.333271205263377	5.372242449144998	5.283764860630344	5.29553938499957	5.228006486735303	4.873154798283414	4.429354854120232	3.953149473468529	3.5332202006281683	3.3155130888232938	3.0112973462763675	2.60750411382741	2.3184438550122253	2.146556194800053	1.993879600663986	1.774846776255248	1.587113320422932	1.4273688738840187	1.2934326786274184	1.2685579172851038	1.3195468635875462	1.2158745690747648	0.9717708719917796	0.8067235750374121	0.6726461796218205	0.5203147414299545	0.37472168860328803	0.277097467567304	0.22132340476570933	0.16708685480646518	0.13006103533761468	0.10779847693664057	0.08244520394441075	0.062441848087298725	0.038469198871873486	0.018685487706525825	0.011703924289729863	0.008856387750070385	0.006918807790577572	0.00498122783108476	0.0038516265591537276	0.0030593367781465456	0.002408247156130742	0.001984646679156605	0.0015924240152916636	0.0012394236178132159	0.0009805566596623543	0.0006667785285704009	0.0004706671966379301	0.0004471338368060336	0.00037653375731034407	0.00021180023848706855	0.00014904461226867785	0.00010982234588218367	8.628898605028718e-05	7.844453277298835e-05	8.628898605028718e-05	0.00014120015899137903	0.00021180023848706855	0.0002588669581508615	0.0006040229023520103	0.0010982234588218368	0.0007216897015114929	0.00012551125243678136	4.706671966379301e-05	1.568890655459767e-05	1.568890655459767e-05
209138_HY5CNBGXT_TCDM_2_D02_X4_32_3_o_ATGAAC_S12_trim1	0.001270435422973428	0.0011910332090375889	0.0015663891294615561	0.002511997313606551	0.003775214353494903	0.006150062388485005	0.009867529677299296	0.01483377723983179	0.021756206618419958	0.030663691345404108	0.041433518908337935	0.05321392010318246	0.06321138067601313	0.07507118408479348	0.08955126055345652	0.1037498200818016	0.11731316189865997	0.13314307600423228	0.15734631448849312	0.1965132611081171	0.2535745793956452	0.31499580106655944	0.3987362632365295	0.5491384931971792	0.7650980783364919	1.0707532916909626	1.4311310672133966	1.8075625267170405	2.284250108889309	2.6689971457069603	3.02230090580602	3.6191890031109786	4.275289496862818	4.749147472865737	5.008576160943379	5.056275236369563	4.978670399821908	4.905584271085511	4.718375505774057	4.356489088186842	3.9536383465918186	3.5705154459683093	3.244056852562649	3.0478612003102747	2.834536324997015	2.543512774155994	2.30802746277155	2.171405126120311	2.085109356338224	1.9317042790141827	1.7390817263889216	1.5451021177436663	1.4030876489278752	1.3598856261636936	1.3800321333541417	1.2787149083720106	1.0569156513168712	0.9097761305106761	0.7848908847557712	0.6504629365623952	0.5019447045869504	0.3950260143308003	0.37337086507557143	0.34963682149184055	0.31558770847953566	0.2734179144965199	0.2191934207614268	0.1776299709575575	0.10267428100212524	0.03721798318665338	0.020363058683000233	0.015043110349299	0.012935342488456722	0.010538839304211393	0.008676496468261708	0.007066797040289693	0.005659212338699816	0.004273282786365167	0.0028440429355200605	0.0018695612190347607	0.001313745721483886	0.0010177920149957577	0.0008012405224434689	0.0005991257960613326	0.0004114478358493489	0.00023820664180751775	0.0001588044278716785	0.00019489634329706	0.0001660228109567548	0.00010827574627614444	0.0001515860447866022	0.0001588044278716785	0.00021655149255228888	0.0002887353234030519	0.0005846890298911799	0.0010683206965912918	0.0007507118408479348	0.0001732411940418311	4.331029851045778e-05	0.0	0.0
209139_HY5CNBGXT_TCDM_2_E02_A04_3_2_o_CCTAAG_S13_trim1	0.00035133469856141614	0.0004830852105219472	0.0010540040956842486	0.0019103824234277004	0.003052220193752303	0.0048747689425396494	0.007158444483188854	0.010496124119522308	0.015348934643401868	0.02108008191368497	0.028084817466253204	0.03656076706904737	0.04444383936801914	0.05109724022202596	0.0577067242387126	0.06451383402334004	0.07004735552568235	0.07575654437730535	0.08508887230784298	0.09604612321922713	0.1146888206616423	0.14130242407766955	0.17992728250076526	0.24419957391884434	0.3384670652266043	0.49033148867977644	0.7362438192541076	1.0814082021720388	1.5786565927297431	2.0690319982468397	2.6760285652676665	3.7013769246004995	4.8271411324659175	5.67627318205154	6.146205299796094	6.228088242979564	6.107558482954338	6.042254145859235	5.952905340331335	5.591755228628859	5.057287318442305	4.4789245293542335	3.836596866709325	3.372242187304433	2.9764197325376776	2.4901066344726974	2.0717109253233708	1.8091980302420123	1.6472766510425199	1.436936958697532	1.2380815193117705	1.0487340752058272	0.8522940618726753	0.7280972459312148	0.670588147460443	0.685234412706722	0.7945653792153028	0.8844192283723848	0.9173568563625176	0.8109902763730489	0.5589076301552328	0.36033765021205244	0.22371236930898175	0.12623894887684883	0.08091677276242616	0.06069306917648465	0.04422425518141826	0.034430800459018786	0.027513898581090906	0.020816580889763906	0.01504151678216063	0.011132918260664875	0.007751321787011245	0.004940644198519915	0.0033376796363334535	0.0021299666100285854	0.0016249229808465498	0.0015370893062061958	0.0012735882822851336	0.0008563783277434519	0.0007465862344430093	0.0008124614904232749	0.0007465862344430093	0.0005270020478421243	0.00039525153588159317	0.0002415426052609736	8.783367464035404e-05	4.391683732017702e-05	6.587525598026554e-05	4.391683732017702e-05	4.391683732017702e-05	8.783367464035404e-05	0.00017566734928070807	0.00032937627990132763	0.0007246278157829209	0.0009442120023838059	0.00046112679186185876	4.391683732017702e-05	0.0	0.0	0.0
209140_HY5CNBGXT_TCDM_2_F02_X4_32_1_i_CCGACC_S14_trim1	0.0006832933548319615	0.0005518907865950458	0.00045552890322130766	0.0006394924987529896	0.0009373383200899985	0.001296505339937568	0.0019622783523379405	0.0029083768436437337	0.004274963553307656	0.006053278310113915	0.008628768647557463	0.011353181895669515	0.013902391719465678	0.016407800687182873	0.01866792486085782	0.021716464443954264	0.02447591837692949	0.027708421555557618	0.033814260892966304	0.046936997374226276	0.0637214854236883	0.07860501631932296	0.10767126441332872	0.16708274559884617	0.2737115496374954	0.474731198526329	0.7801458077937842	1.1404691702418386	1.6181087456118113	1.9970124312085655	2.3965375598472995	3.2279654099383444	4.1522948757728875	4.836131361220229	5.33718687425002	5.546230839972521	5.538215283310069	5.696730581459868	5.953902927841944	5.949733086343226	5.6520361879168854	5.061294041979791	4.35583745397187	3.9575037086184843	3.5492972503048974	2.94781513445724	2.500687235431879	2.2189338486182844	1.9345611706111674	1.5834885489669919	1.3524565534928468	1.2260998438762285	1.12686462434371	1.120898947745754	1.1762106688022795	1.0876278174681668	0.8794073078399504	0.7608208700917418	0.6146136125001336	0.4172469550082863	0.2596865155210086	0.1646824586857185	0.11497724720730122	0.08317782569396763	0.0627929072748141	0.04938108514343291	0.038325749069100405	0.03211478767710219	0.02312685200969716	0.015233937744266424	0.011388222580532691	0.008812732243089145	0.007586308272877931	0.005860554543366439	0.004204882183581301	0.0029609378709385	0.0021112012630064452	0.0015593104764113994	0.0012001434565638298	0.0009811391761689703	0.0006745331836161671	0.00034164667741598076	0.00018396359553168195	0.00017520342431588757	0.00015768308188429884	0.0001664432531000932	0.0001927237667474763	0.00018396359553168195	0.00014016273945271005	0.00011388222580532692	0.00011388222580532692	0.00013140256823691566	0.00014016273945271005	0.00010512205458953253	0.0004467687320055133	0.0009636188337373816	0.0006657730124003728	0.0002014839379632707	0.0002715653076896257	0.0005168501017318683	0.0006832933548319615
209141_HY5CNBGXT_TCDM_2_G02_A04_3_2_i_GGCTGC_S15_trim1	0.00020703483671680016	0.0002242877397765335	0.000422696124963467	0.0006383574132101338	0.0006987425739192005	0.0007936335407477339	0.0009920419259346674	0.0013543528901890677	0.0019582044972797346	0.002613814813549602	0.0032090399691104025	0.0046324044715384035	0.006581982517288271	0.009221676685427473	0.01281028052185201	0.01677844822559068	0.021721404952204284	0.029269550040837623	0.0423213712055259	0.06917551481800084	0.1045439660904542	0.1381181154446953	0.19480252844744922	0.2951367861913285	0.4570552814069259	0.7231985640063725	1.1088699590036517	1.5970063452726873	2.2236749166598515	2.7167715125585605	3.2415013062172906	4.187917930010493	5.281208517551206	6.135796564808977	6.592713822991425	6.566601554210519	6.313691248257888	6.091724023942889	5.756068794915777	5.2095140788864835	4.585813006825593	4.014431363293344	3.5213606467492253	3.2473931726121896	2.923090353798382	2.499799003679354	2.254643877652073	2.1286545530583703	1.9105433525772215	1.5382774632573548	1.2585043872407191	1.0498822834424235	0.8309860758720566	0.6804544966758832	0.5473052173123911	0.4149236921350571	0.3008820029102197	0.24047096284656339	0.20184171289582042	0.15683751526450598	0.11811337434693449	0.08741183335213899	0.06647543548915258	0.05145678337565471	0.0408462479939187	0.03398821902767469	0.028217122954193884	0.023903897189260552	0.018564123692273077	0.013310614710584277	0.009963551516996006	0.00814337024419414	0.0069184141269530725	0.0057107109127717375	0.0043908638287021365	0.003165907711461069	0.002191118688586135	0.0016303993391448013	0.0012508354718306677	0.0008798980560464006	0.0006642367677997339	0.0004830812856725337	0.00027604644895573354	0.00017252903059733347	0.0001293967729480001	0.00013802322447786677	0.00015527612753760012	0.00010351741835840008	8.626451529866673e-05	0.0001293967729480001	0.0001293967729480001	0.0001293967729480001	0.00019840838518693347	0.0002587935458960002	0.0006556103162698672	0.0009920419259346674	0.0005952251555608005	0.00013802322447786677	7.763806376880006e-05	0.00014664967600773346	0.00017252903059733347
209142_HY5CNBGXT_TCDM_2_H02_A04_3_1_o_TACCTT_S16_trim1	0.00041267063930935444	0.0004789927063412149	0.0006779589074367966	0.0010906295467461508	0.0015696222530873659	0.0022549502790832577	0.0038319416507297194	0.006101630166931169	0.009218767317428614	0.013050708968158334	0.017332166850992887	0.021753637986450254	0.026381444441562305	0.03145876712877918	0.035710748537377345	0.04042698441519854	0.045430615916824464	0.05016159003176384	0.05842974105506913	0.07249001926582356	0.09418470430380105	0.12230526072530992	0.16649049560564724	0.24661492169869384	0.3700329193264272	0.570406622066796	0.8759008010526639	1.2923886437756298	1.8766418396149664	2.382060205109098	2.9804547394633394	4.012131337736726	5.177461639316429	6.123921750572433	6.60151432438742	6.5665699641801885	6.334206917774786	6.157171213511073	5.959605144941719	5.5298897344051765	4.9371325757486435	4.319025649248822	3.661678166421815	3.2525004893094724	2.9457019763386447	2.5277550481409774	2.1814727979305157	1.9949382998441283	1.8570694607220086	1.6013610467213908	1.3621226127003516	1.1296121839237667	0.8671978720343719	0.6869639703160114	0.5565453100571373	0.4452863580519116	0.36332702143765017	0.32038716759380004	0.27733677697156345	0.21609940174547893	0.1563063737569771	0.11116315346395733	0.08490698403789967	0.06579885961416475	0.05092797836190979	0.041326016879408206	0.03182722305673396	0.023905420605706173	0.01643313438678322	0.010176752730111044	0.006145844878285743	0.0043404108313073175	0.0033161033515930268	0.0022844267533196406	0.0015401457788509836	0.0010537839539506728	0.0007295427373504659	0.0005379456548139799	0.0004937309434594061	0.0004421471135457369	0.0003168720980411114	0.00023581179389105969	0.0001547514897410079	9.579854126824299e-05	0.00011053677838643422	0.00011053677838643422	0.00011053677838643422	8.842942270914737e-05	5.1583829913669305e-05	5.1583829913669305e-05	0.00010316765982733861	0.00014001325262281668	0.00018422796397739037	0.0002431809124501553	0.0006190059589640316	0.0011274751395416289	0.0007074353816731789	8.842942270914737e-05	2.210735567728684e-05	2.210735567728684e-05	2.947647423638246e-05
209143_HY5CNBGXT_TCDM_2_A03_C14_3_3_o_TCTTAA_S17_trim1	0.0001758300918656284	0.0002637451377984426	0.0005994207677237331	0.001110926489514652	0.0018622005183950646	0.0031169879921634125	0.005202972263842004	0.007904361857050294	0.01151687101719866	0.016647912788913817	0.02287389649633766	0.029267718018724145	0.03523794886525253	0.040528836175027345	0.04458891284174277	0.04896068830767453	0.053140649127934696	0.05760033963979927	0.06435381362282	0.07621435254684693	0.09555566265206605	0.11675917327568025	0.15971766162921447	0.24852784257516275	0.4127611406545627	0.6694650825014772	0.9525755072358479	1.2738810232895748	1.77626755713419	2.2045337149805397	2.725670130439554	3.614419314328179	4.572677330442048	5.408861309139752	5.97630497697465	6.190713789450978	6.165618039975611	6.246012353342718	6.431609007583791	5.935360542400668	4.9692700949218755	4.274309649099882	3.7043883754250593	3.346190509187162	2.9580775505013994	2.399465348644298	2.024595592786778	1.891332367706438	1.7927875934926563	1.5306329187979073	1.2960436071415469	1.1174961411289044	0.953862263817228	0.8820516558439249	0.8283995009941992	0.7759461876799211	0.7364483552253785	0.7035841126003121	0.6415160901717452	0.5122889649274113	0.33478848718905946	0.20845456618360544	0.13450202800030275	0.07745315546680931	0.046674897113421356	0.033927215453163295	0.024120691693203026	0.018709920229883457	0.014657835840071022	0.011940461693056764	0.009926407913505022	0.00804822284130399	0.006673551213990896	0.005434748294028514	0.004475675065670541	0.0037803469751110106	0.003061042053842531	0.0023896907939919497	0.0019421232874248958	0.001606447657499605	0.001526524888469774	0.0014466021194399427	0.0011988415354474663	0.0007912354133953278	0.0004955211679849527	0.0003916215682461723	0.00030370652231335814	0.00019181464567159464	0.00010389959973878042	0.00010389959973878042	9.590732283579732e-05	0.00013586870735071287	0.0002637451377984426	0.0003516601837312568	0.0006473744291416319	0.001158880150932551	0.0008551736286191928	0.00018382236876861153	3.196910761193243e-05	7.992276902983108e-06	0.0
209144_HY5CNBGXT_TCDM_2_B03_C14_3_1_i_GTCAGG_S18_trim1	0.00020897370041867883	0.00022504860045088486	0.0006188836512399334	0.0011091681022222183	0.0012538422025120729	0.0014387035528824427	0.001808426253623182	0.0024433848048953212	0.003303391956618346	0.004356297908727843	0.005827151261674698	0.007394454014814788	0.009001944018035396	0.01102738142209336	0.013703852277455669	0.017007244234074015	0.02047138519101442	0.025518903801127122	0.033974301218067514	0.04661721009339758	0.06630896263285001	0.09278432298589338	0.13676524947400917	0.21812835598702013	0.34753130124627896	0.5508546743036373	0.8334192670697556	1.2053040418648266	1.7565204014191884	2.220458091248688	2.7902409603402476	3.7662767404957354	4.793334253353445	5.628401197676502	6.224571015170928	6.454136662530862	6.389555751651475	6.366657056555597	6.338212520948609	5.875922508372411	5.115322538448549	4.462215425040049	3.856400667526299	3.473713559909585	3.107149577025174	2.59322698554553	2.3040716837662076	2.272894415153744	2.1570506480716514	1.7540207544641806	1.407060112169045	1.124985803853909	0.8376389283282095	0.6790921893105613	0.5493998958507227	0.42817103725784067	0.3322279964156188	0.28089280316276877	0.2415012606338478	0.19128327293323602	0.14115369718280144	0.1013200949029948	0.07477239749980649	0.05743561781507226	0.04539551769094992	0.03481019601974223	0.02556712850122374	0.019932876039935515	0.015013956630080462	0.010906819671851814	0.008342873116714946	0.006727345663478238	0.005152005460322043	0.003568627807149746	0.0027086206554267217	0.0021701115043478185	0.0018727258537520062	0.0016476772533011213	0.0013663665027375154	0.0011815051523671456	0.001036831052077291	0.0008519697017069212	0.0007233705014492728	0.0005867338511755213	0.00044205975088566676	0.00030542310061191515	0.00020897370041867883	0.00019289880038647272	0.00014467410028985456	0.00011252430022544243	0.00011252430022544243	0.00012859920025764848	0.0001848613503703697	0.00024112350048309094	0.0006831832513687577	0.0012056175024154547	0.0006992581514009637	6.429960012882424e-05	1.607490003220606e-05	0.0	0.0
209145_HY5CNBGXT_TCDM_2_C03_A04_3_3_o_ATACTG_S19_trim1	0.0005297106773251518	0.0007151094143889548	0.0018275018367717737	0.0036814892074098046	0.005323592307117776	0.007230550745488322	0.010038017335311625	0.013719506542721433	0.020234947873820797	0.02847194890622691	0.03668246440476676	0.04539620504676551	0.05215001618266119	0.05760603615911025	0.06602843592858017	0.07482163317217769	0.0814430166387421	0.08888545165516047	0.09680462628117148	0.11100087243348555	0.136956695622418	0.17069926576803016	0.22634537242103733	0.32701688664668244	0.47920276424219854	0.7152948131260187	1.0892440657837095	1.5982695411593144	2.2787623627850704	2.946833469027552	3.747464672270653	4.981584608302791	6.264358470047244	7.097222568005582	7.3515896352571195	7.121589259162538	6.72348519961882	6.340345466709538	5.811879609476101	5.084057138831342	4.316850679327458	3.6585792206154917	3.1161554870345367	2.7231631355270065	2.395298711796604	2.0665867509824807	1.7527596602011948	1.5079273851415096	1.3222108216713113	1.0966600152662618	0.8852524839457936	0.7110306421735513	0.5529120049919933	0.4449304834192612	0.38096791913224914	0.3545088707998578	0.32857953314479166	0.29134087252883345	0.2368336438320754	0.1603699075601897	0.1029757556720095	0.07026612134718138	0.05148787783600475	0.039278046723660004	0.03032593627686494	0.024101835818294406	0.019254983120769266	0.016421030997079707	0.01308385372993125	0.009693705395050278	0.007071637542290776	0.005111708036187715	0.0038404024106073503	0.002118842709300607	0.0008475370837202429	0.0005561962111914094	0.0006886238805226973	0.0006091672789239245	0.00037079747412760623	0.00021188427093006071	0.00010594213546503036	0.00013242766933128794	0.00010594213546503036	2.648553386625759e-05	0.0	2.648553386625759e-05	5.297106773251518e-05	5.297106773251518e-05	7.945660159877277e-05	7.945660159877277e-05	2.648553386625759e-05	7.945660159877277e-05	0.0002913408725288335	0.00042376854186012143	0.0008475370837202429	0.0010064502869177885	0.00042376854186012143	0.00010594213546503036	7.945660159877277e-05	2.648553386625759e-05	0.0
209146_HY5CNBGXT_TCDM_2_D03_A27_3_3_i_TATGTC_S20_trim1	0.00011266295388584587	0.00016899443082876882	0.0003782256309024826	0.0006759777233150753	0.0009495877541807009	0.0013519554466301506	0.0020520752314921926	0.0031384680011057064	0.004570896986225747	0.006164273048325567	0.008007117079744046	0.010147713203575118	0.012650440250610694	0.01605447092873304	0.019337791299120544	0.021832470992307132	0.02568715348597286	0.032889535180818004	0.041290972599162507	0.053957507557471175	0.07464725430322187	0.09811333812687378	0.1388168538950601	0.21953181300041966	0.3510899537236917	0.5595807972432985	0.858202003871582	1.2461327435159453	1.8145414879315844	2.2763710779712136	2.7922627911683513	3.7062410045672753	4.680783603033691	5.450512998689488	5.934553285352327	6.124567404434655	6.107241451597782	6.1447260258263725	6.232731887518916	5.861121181480303	5.156366120801243	4.598225799896913	4.043433178193764	3.6394640623283654	3.235768556493832	2.678175455651234	2.319343947524815	2.1717313358728103	2.029293172745705	1.738429615227847	1.473575105349921	1.2230931694462897	0.967758679171718	0.809282139823578	0.660776271894335	0.5074983231326418	0.38230563930392	0.32035710937440276	0.2721212704035627	0.2126432781056851	0.15703606300917117	0.11219620736260452	0.08216348279817759	0.06236699232966468	0.04990164121758073	0.03958493358317685	0.029976393087483993	0.02425472450085282	0.01858938739116457	0.013133281481550033	0.009029131018565648	0.00670344575620783	0.005110069694108009	0.003556930401253134	0.002728052954807268	0.001987696400700281	0.0013841448620261064	0.0010702980619155358	0.0007886406772009211	0.0004989359386373174	0.00046674652324136146	0.0003782256309024826	0.00028970473856360367	0.00023337326162068073	0.00014485236928180184	0.00012875766158382384	0.00014485236928180184	9.656824618786789e-05	4.8284123093933945e-05	5.6331476942922934e-05	6.437883079191192e-05	9.656824618786789e-05	0.00014485236928180184	0.00018508913852674678	0.0005794094771272073	0.0011507716004054258	0.0007725459695029431	0.00011266295388584587	1.609470769797798e-05	0.0	0.0
209147_HY5CNBGXT_TCDM_2_E03_C14_3_3_i_GAGTCC_S21_trim1	0.0011366930189998239	0.0011366930189998239	0.003978425566499383	0.009661890661498501	0.013071969718497972	0.014492835992247753	0.016197875520747487	0.02102882085149674	0.028701498729745555	0.03438496382474467	0.037795042881744144	0.041205121938743615	0.043194334721993306	0.05001449283599225	0.06337063580924018	0.06678071486623965	0.0736008729802386	0.09065126826523595	0.10201819845523417	0.13128804369447966	0.1818708830399718	0.23387458865921376	0.30321286281820303	0.43137500071043317	0.6402423429516507	0.8681492932611155	1.1281678213573252	1.4956038397490181	2.013651683158188	2.464066291936868	2.9184593262820475	3.6203672655144388	4.266577246815839	4.682038545260275	4.9392153408089845	5.014805426572472	4.892326753775242	4.737452329936516	4.603322553694537	4.201217398223349	3.6811803420309293	3.3037982597229876	3.050884062995527	2.9366464145860447	2.7863187628233184	2.5055555871303614	2.3052134425316426	2.3972855770706283	2.553865040437854	2.528857794019858	2.316012026212141	1.9130543509767035	1.5530068372085093	1.3771035925182866	1.3384560298722925	1.303502719538048	1.2432579895310574	1.200347828063814	1.1528908945205714	1.0432000181870884	0.7954009400451267	0.5717565885569114	0.4205764170299348	0.3043495558372028	0.23785301422571312	0.19778458530596935	0.14151828086547805	0.0986081193982347	0.07445339274448846	0.05058283934549216	0.03381661731524476	0.025007246417996124	0.02330220688949639	0.015345355756497621	0.007672677878248811	0.004830945330749251	0.003978425566499383	0.0031259058022495155	0.0019892127832496914	0.0014208662737497796	0.0019892127832496914	0.002841732547499559	0.002841732547499559	0.0017050395284997355	0.00028417325474995597	0.00028417325474995597	0.0008525197642498678	0.0011366930189998239	0.0008525197642498678	0.0005683465094999119	0.00028417325474995597	0.0	0.0	0.0	0.00028417325474995597	0.00028417325474995597	0.0008525197642498678	0.0008525197642498678	0.00028417325474995597	0.00028417325474995597	0.0
209148_HY5CNBGXT_TCDM_2_F03_A03_3_1_i_GGAGGT_S22_trim1	0.000725751803927106	0.0006626429514117056	0.0007573062301848063	0.0008677467220867574	0.0008361922958290571	0.0010255188533752585	0.0016092757391427137	0.002256141477425569	0.002839898363193024	0.003802308364052882	0.005127594266876294	0.006484434595957405	0.007746611646265416	0.009671431647985132	0.011659360502220247	0.014089051324063167	0.018932655754620158	0.02636372313830857	0.035072744785433846	0.04617990282814434	0.06350328284362178	0.08535472302707922	0.1181713263350875	0.17132475736618358	0.25290872645546764	0.38583174706603	0.5959053398766696	0.9046180691688801	1.3469322392361935	1.778186582900183	2.3172624010867344	3.167669965944885	4.098509763333914	4.838098183175022	5.187074360372058	5.130165952616296	4.95311406688434	4.909979166190063	4.891314723058634	4.604279884605464	4.132225667790268	3.6927671732992757	3.28382180899948	3.0108129130178574	2.8047151779156883	2.527651538159951	2.287443468273208	2.1914706808104123	2.211318414926506	2.1933166147464878	2.072352721687594	1.8638568501898392	1.68808291872132	1.665332177389518	1.7828881924125806	1.9585990150285844	2.114335885823464	2.1310281773137874	1.9747075496331403	1.560287492377634	0.98378812464945	0.6226161617038128	0.42103070955649463	0.24495701103852716	0.14649142390137349	0.10655929747225379	0.07787632400400425	0.06407126251626039	0.05073951742238203	0.03674512937709196	0.025559085268737215	0.018270012803208453	0.01315819574946101	0.00842503181080597	0.006200444759638102	0.004922490496201241	0.004433396889206888	0.004196738692274135	0.0033132147570585284	0.00238235918245637	0.001909042788590866	0.001530389673498463	0.001293731476565711	0.000946632787731008	0.0005522024595097546	0.0004259847544789536	0.000362875901963553	0.0002997670494481525	0.00020510377067505176	0.00012621770503080105	9.466327877310079e-05	4.7331639386550397e-05	6.310885251540052e-05	0.00012621770503080105	0.0005364252463809045	0.0010097416402464084	0.0006626429514117056	0.00012621770503080105	1.577721312885013e-05	0.0	0.0
209149_HY5CNBGXT_TCDM_2_G03_A03_3_3_i_CACACT_S23_trim1	0.00021298402330775445	0.0004563943356594738	0.001612593319330141	0.0032099734941382994	0.004807353668946458	0.007652211694557178	0.01217051561758597	0.01852961002777464	0.027687923030008083	0.03979758606950612	0.052956956081020946	0.06725731193168445	0.08181629123922168	0.09435192232533524	0.10541187839281647	0.11429635479365424	0.1198795788332218	0.12237453453482691	0.1243826696117286	0.1296007781827686	0.1404173239378981	0.15464161406595173	0.17921084246895339	0.22658457451040676	0.30359351208068197	0.43237278045926353	0.6445657202518749	0.9586563020527248	1.42089248520864	1.8836307021337804	2.4664310556264066	3.400974523611789	4.417455987992569	5.216282993697346	5.59892400471425	5.592154155401967	5.465246103799589	5.4121218031288265	5.374651828171183	5.068654639256029	4.573436358776455	4.094420077212794	3.6137151366071922	3.3095130987456303	3.082091801286515	2.772169621084688	2.466780957950412	2.2764188805468457	2.2129952810347007	2.1003115195603765	1.9279618052708374	1.684384148329376	1.42426980329252	1.2830613958394788	1.2206875032993507	1.1707579629782043	1.1214825878715031	1.0598845657019962	0.9328395957989205	0.6938563085030981	0.43492858873895657	0.28151923937928547	0.20145245976009177	0.13988486387962873	0.10022419611082047	0.07942782754927043	0.061826219337336716	0.05018816377802014	0.039599815190720346	0.029224450626728307	0.01989879303475306	0.014619831885625146	0.011044742922959268	0.006632931011584353	0.004229254177111124	0.0032860392167482115	0.0028448580256107206	0.002312397967341334	0.0016278064638521232	0.0011257726946267022	0.0008519360932310178	0.0006998046480111933	0.0005780994918353335	0.0005324600582693862	0.00038032861304956156	0.0002281971678297369	0.00015213144521982461	0.00015213144521982461	0.0001217051561758597	9.127886713189476e-05	9.127886713189476e-05	0.00010649201165387723	0.00016734458974180708	0.0002434103123517194	0.0006693783589672283	0.0011257726946267022	0.0007606572260991231	0.00016734458974180708	1.5213144521982462e-05	0.0	0.0
209150_HY5CNBGXT_TCDM_2_H03_X4_32_1_o_CCGCAA_S24_trim1	0.0002261189041735218	0.00030149187223136247	0.0007009686029379176	0.0012059674889254499	0.0017863393429708226	0.0028490981925863752	0.004364094850548971	0.006286105536023908	0.009406546413618508	0.014155043401262467	0.02006428409699717	0.02607904694801285	0.031536049835400516	0.03724178351737905	0.04269124910796092	0.04773370067103046	0.052308839832141386	0.05664278549546722	0.06157971490325578	0.06843865499651929	0.08001594289020358	0.09637941425556079	0.12545076803546992	0.18221415027982968	0.2771539408454857	0.4423790241250781	0.6869115443951304	1.0086335212532171	1.4736395103892592	1.8913263501785886	2.413532884773726	3.321061106674156	4.317732937896594	5.130389204902619	5.630579295528062	5.756120511125201	5.684463430392612	5.68516439899555	5.68963401600138	5.451417750454574	5.002051652190534	4.4616048593254	3.898365280919575	3.5575814804396595	3.254642447221587	2.8195972128885365	2.47572312071825	2.2780198255025343	2.1291054525106583	1.8805781649335405	1.6410277978521115	1.4363826522782686	1.2557588716244592	1.1737380077839172	1.144425460506223	1.0977319067943907	1.0403052424311219	0.984732753082076	0.8515185693366486	0.6202366168511646	0.3866181023558876	0.24633393420663469	0.1666496323758856	0.10690901789324112	0.07121991751785359	0.053266076526475956	0.038055811572403724	0.02951605429145038	0.02127025158592262	0.013454074798324549	0.008720652404292158	0.00597707636698676	0.004349020256937403	0.002916933863838432	0.0019295479822807196	0.0016280561100493573	0.0014471609867105397	0.0011532064112849613	0.0008969383198883032	0.0005879091508511567	0.0003994767307065552	0.00032410376264871464	0.00027887998181401024	0.0002261189041735218	0.00014320863930989718	7.537296805784062e-05	3.768648402892031e-05	2.2611890417352183e-05	3.0149187223136244e-05	6.783567125205655e-05	7.537296805784062e-05	6.029837444627249e-05	0.00012059674889254498	0.00020350701375616967	0.0005200734795991003	0.0009120129134998714	0.0005728345572395887	6.783567125205655e-05	7.537296805784061e-06	1.5074593611568122e-05	1.5074593611568122e-05
209151_HY5CNBGXT_TCDM_2_A04_A04_3_3_i_TTTATG_S25_trim1	0.0005275333580590173	0.0005275333580590173	0.0006813972541595639	0.0009744713419701291	0.001194276907828053	0.0015532926653959952	0.0024471686332182187	0.0037293677673894414	0.005583061372791265	0.008286669832843728	0.011158795893387268	0.014778260877847744	0.019408831465254676	0.024039402052661602	0.027864018898589478	0.03237003299867691	0.04053214634420115	0.05191807465564161	0.06921677268866022	0.10155749827855608	0.14263915853740206	0.1822114872440236	0.2411340325983377	0.34910985339994516	0.5275113775024315	0.812914251064555	1.2116562012352192	1.703112139084756	2.3394199448346646	2.8298940844900358	3.3415721343985014	4.288487185262242	5.349437363693074	6.164403133372303	6.637087675897573	6.636992426819035	6.384274640899984	6.121680258221717	5.7317085501287846	5.175072935150178	4.559668638713358	4.001831419974728	3.5294839126504405	3.2659297123345943	2.9163875746551287	2.446956154504556	2.1882669840463653	2.069667227561625	1.8188764037699292	1.4006816610208386	1.120048568237832	0.9229489173330316	0.7076054044620237	0.5664902311812366	0.4505501220433771	0.3395995992504923	0.24681966990186266	0.19676994255601343	0.16034083344116018	0.12112752049210655	0.09189338023300268	0.06662306701153671	0.04860633746338222	0.03582098038264632	0.02692618181759567	0.021306486183828084	0.016815125788131175	0.014082209919297654	0.011686329251446284	0.009129257835299104	0.00676268457622879	0.005634349338158114	0.005048201162536983	0.004432745578134797	0.0035315427581173093	0.002513110302975596	0.0018024056400349755	0.0014726972912480897	0.0011796232034375247	0.0007693194805027335	0.00043961113171584766	0.00026376667902950864	0.00019782500927213145	0.00010990278292896192	8.792222634316954e-05	8.792222634316954e-05	0.0001025759307336978	8.05953741479054e-05	5.12879653668489e-05	7.326852195264128e-05	8.792222634316954e-05	0.00013921019171001843	0.00024178612244371624	0.00029307408781056513	0.0006960509585500922	0.001326160247342807	0.0008499148546506389	9.524907853843367e-05	2.1980556585792385e-05	0.0	0.0
209152_HY5CNBGXT_TCDM_2_B04_X4_32_2_o_AACGCC_S26_trim1	0.0	0.0036742012286528907	0.010287763440228095	0.016901325651803297	0.027189089092031393	0.03894653302372064	0.05364333793833221	0.09405955145351401	0.17709649922106935	0.27483025190323623	0.3813820875341701	0.4871990829193733	0.5981599600246906	0.7179389200787749	0.7870139031774492	0.855354046030393	0.9141412656888392	0.9523529584668292	0.9597013609241352	0.9273683901119897	0.9236941888833369	0.9067928632315335	0.8788689338937715	0.8987096205284971	0.9626407219070574	1.0956468063842921	1.273478145851092	1.4704153317068869	1.7944798800740718	2.106052144263837	2.4484876987742865	2.9253990182534317	3.4192116633843805	3.8579112900855352	4.1305370212515795	4.210634608036213	4.273830869169043	4.341436171776255	4.248111460568473	4.02912906734076	3.771200141089327	3.5007789306604744	3.2097821933511654	2.966550072014344	2.713030187237295	2.4602451427059755	2.271391199553217	2.1391199553217133	2.0979689015608005	1.9465918109403018	1.6952764469004438	1.4748243731812705	1.2337967725816408	1.0375944269715764	0.9707239646100938	0.973663325593016	0.9839510890332442	1.0023220951765086	1.0353899062343848	0.9758678463302078	0.7488022103994592	0.5496605038064725	0.41298021810058494	0.2983451397666147	0.2380882396167073	0.19032362364421973	0.15431645160342142	0.13227124423150408	0.10214279415655036	0.06540078187002146	0.037476852532259484	0.027189089092031393	0.026454248846300814	0.017636165897533876	0.005878721965844626	0.005143881720114048	0.0066135622115752035	0.005878721965844626	0.005143881720114048	0.005143881720114048	0.007348402457305781	0.00808324270303636	0.005878721965844626	0.0036742012286528907	0.0022045207371917345	0.0007348402457305782	0.0007348402457305782	0.0007348402457305782	0.0	0.0	0.0	0.0	0.0	0.0	0.0	0.0007348402457305782	0.0007348402457305782	0.0	0.0007348402457305782	0.0007348402457305782	0.0
209153_HY5CNBGXT_TCDM_2_C04_A27_3_1_o_CAAGCA_S27_trim1	0.0003866410266958616	0.0005335646168402891	0.0010903276952823298	0.0019022738513436394	0.002884342059151128	0.004933539500639195	0.008366911817698447	0.012913810291641778	0.020283188260464904	0.031194198033822118	0.04222893293572201	0.05316314117068098	0.06402002120030077	0.07301329148124652	0.08096263099011343	0.08772884895729101	0.09186590794293674	0.09528381461892815	0.09975338488753233	0.10682891567606659	0.12168366392172159	0.14123223423146436	0.1760299266340919	0.24399368630669047	0.3710439276789506	0.5945765708528961	0.9069283906794149	1.2959124619970535	1.8782634435858265	2.3614100705449754	2.9287361818363467	3.9524610938600477	5.055532477382274	5.90209847097393	6.416725410326656	6.619704216521449	6.583073845652283	6.531604192178531	6.4904655869380905	6.022312898994207	5.209222285493878	4.5199495943826316	3.8385257161133115	3.3709065927862687	2.94524575367626	2.3508702361572458	1.9234540467860388	1.6914694307685219	1.4999583974255275	1.2176176540911414	1.0063183330018532	0.8591550254208743	0.7111101762990288	0.628693775048539	0.5527420117644039	0.4562673427832524	0.38091873950076294	0.34285006401228835	0.29517722542068864	0.22288308624909642	0.14536156039657616	0.09156432794211396	0.06301475453089153	0.04365177191396278	0.03349857855292945	0.028402649821077996	0.0225257062153009	0.018264922101112503	0.013300451318337642	0.009132461050556252	0.0065960959154314	0.0051423256550549605	0.004608761038214671	0.003920540010696038	0.003023532828761638	0.0021033271852254876	0.0015001671835799433	0.001028465131010992	0.0007578164123238889	0.0005799615400437925	0.0004794348731028685	0.00037890820616194446	0.0003015800008227721	0.0003247784624245238	0.0002551830776192687	0.00010825948747484128	9.27938464070068e-05	0.00011599230800875851	0.00011599230800875851	0.00010825948747484128	9.27938464070068e-05	9.27938464070068e-05	0.00010052666694092404	9.27938464070068e-05	0.0006031600016455442	0.0012759153880963436	0.0008351446176630612	0.00013919076961051022	2.31984616017517e-05	7.732820533917233e-06	1.5465641067834466e-05
209154_HY5CNBGXT_TCDM_2_D04_A27_3_3_o_GCTCGA_S28_trim1	0.00028716387070095746	0.0002791870965148197	0.00031907096744550827	0.00036693161256233454	0.0003988387093068853	0.0006062348381464657	0.0010529341925701772	0.0014996335469938888	0.002257427094676971	0.0034140593516669387	0.005017390963080617	0.007091352251476421	0.009197220636616776	0.010984018054311621	0.012938327729915359	0.01537124385668736	0.018777326434168164	0.024791814170515993	0.03231391222804385	0.044885308345396877	0.06769888251775072	0.0918764850759341	0.1274848050428528	0.20309664755325213	0.332958531303574	0.5469594291692764	0.8566576869460728	1.2561425149620353	1.8316109350725678	2.281580766912596	2.7926287586958805	3.7329388765319793	4.776125451046696	5.641828799919849	6.223566964540686	6.509430621049303	6.540197039085236	6.54225504682526	6.5618539810006	6.198304520693188	5.526684064542951	4.8643246432228215	4.088009025879527	3.565219222494248	3.1481854912687823	2.5900745317872857	2.1875505528064045	1.9451363852896797	1.7340390332277313	1.4194510128748328	1.1840324763193504	0.9926616868197208	0.7809740534679983	0.6320476794128074	0.48226779051969965	0.34472427322812715	0.2570675016966599	0.21797333141039898	0.1855876282146799	0.14314321277024114	0.10411285667746935	0.07311511219013822	0.052455267048041564	0.03916596125393614	0.03102965158407568	0.02461632513842096	0.018274789660441486	0.014613450309004279	0.01127118192501258	0.00855907870172576	0.005950673542858729	0.004004340641441129	0.003174756126082807	0.002393032255841312	0.0018745419337423612	0.0013799819342018233	0.0009651896765226624	0.000654095483263292	0.0004706296769821246	0.00036693161256233454	0.00028716387070095746	0.0002472799997702689	0.00017548903209502954	0.00013560516116434103	0.0001276283869782033	0.00011167483860592789	0.00010369806441979019	7.179096767523937e-05	7.179096767523937e-05	8.774451604751477e-05	9.572129023365249e-05	0.0001276283869782033	0.00023930322558413122	0.0003350245158177837	0.0007179096767523936	0.0013799819342018233	0.000925305805591974	0.00010369806441979019	7.976774186137706e-06	0.0	0.0
209155_HY5CNBGXT_TCDM_2_E04_A27_3_2_o_GCGAAT_S29_trim1	0.00039481383080226963	0.0003619126782354138	0.0004013940613156408	0.0005593195936365486	0.0008685904277649932	0.001395008868834686	0.002303080679679906	0.003704669779027963	0.005566875014312001	0.008172646297606981	0.011127169798110632	0.014259359522475302	0.017338907402733007	0.020964614415600515	0.02530098632391211	0.029637358232223705	0.035447701775530444	0.04525882547096684	0.05728748684940932	0.07471851747932952	0.10463882562362818	0.13807297686206707	0.1879642846144472	0.28221950648797567	0.44123735707410316	0.6868378807551683	1.0089204236931466	1.4001611893266555	1.945899187183606	2.3720875570736295	2.8273276446801865	3.6671558848712342	4.607279998547085	5.3563471192672045	5.844402816443943	6.076816558176213	6.084535168568397	6.062853309026839	6.048843998263872	5.675580422392893	5.032033878185194	4.474056651573373	3.87409097405573	3.472506086055202	3.132630599809068	2.654089915954664	2.3265063003075075	2.162619079141485	1.999778114627089	1.706148488428928	1.4578171690848136	1.2411828201236084	1.0181393266423795	0.8705315957664377	0.733228505874435	0.5824030422774547	0.459017139921232	0.39614303736597056	0.3361510757755657	0.25459569879284355	0.17665944859247554	0.1252612680525334	0.09205084465154915	0.06268985610088704	0.044383654812688474	0.03501340656164794	0.026649933579153195	0.021346267785376044	0.015746491618497185	0.01021251775675204	0.00692240250006646	0.004968074037595226	0.003790212775701788	0.002842659581776341	0.0024478457509740717	0.0019543284624712345	0.0014871320960218822	0.0010923182652196127	0.0006777637428772295	0.0004671963664493524	0.0004211347528557543	0.000368492908748785	0.0002632092205348464	0.00026978945104821754	0.00021056737642787714	0.0001316046102674232	0.0001118639187273097	7.896276616045392e-05	5.9222074620340434e-05	5.2641844106969285e-05	5.2641844106969285e-05	7.238253564708276e-05	0.00015792553232090784	0.00026978945104821754	0.0006843439733906007	0.0012502437975405204	0.000829109044684766	0.00011844414924068087	1.3160461026742321e-05	0.0	0.0
209156_HY5CNBGXT_TCDM_2_F04_X5_66_3_o_TGGATT_S30_trim1	0.00017537317218877118	0.00020042648250145277	0.00040085296500290554	0.000657649395707892	0.0007891792748494703	0.0010710290158671384	0.0016096751875897927	0.0023925911348610927	0.0038143664951057737	0.005211088545037772	0.006257064250592229	0.008054639265527134	0.010390860452184692	0.013560104206738916	0.016910984461060076	0.020975884059292668	0.02682583201730382	0.034717624765798524	0.047087696732685064	0.06517618677844117	0.09397496698286867	0.13101002295259023	0.18732986453549846	0.2951593121212801	0.47666428200908006	0.7458808913015783	1.108214391698736	1.5448560104833071	2.120900511175217	2.6186784704503094	3.2277933407549595	4.292126859441034	5.45877183411652	6.298026412953463	6.656445333614265	6.637279551225063	6.450914239136603	6.248796658189044	6.023298075392175	5.480774903898633	4.730716373102415	4.098151604345096	3.4694888886689763	3.061439360278753	2.707811885215252	2.2502194356817014	1.9524858959257934	1.8325181194935172	1.7359501348932862	1.4751514378658488	1.2218562072770598	1.0074687676038652	0.7838178664425565	0.6421163433140293	0.5443270098360549	0.44241640681164435	0.345735682315006	0.2954161085519851	0.25243089138300157	0.19643674283415824	0.14092487050883398	0.09995018149244322	0.07762141867626575	0.06185662316201086	0.04920470145410666	0.041018532309437944	0.03171122752827673	0.02422028774478493	0.016898457805903738	0.010597550262264315	0.007271723318255833	0.0057497347167604265	0.004691232356049629	0.003970949684560033	0.0032068237200232443	0.002304904548766707	0.0017286784115750303	0.0012777188259467615	0.0008768658609438558	0.0006388594129733807	0.0004321696028937576	0.00028811306859583837	0.00023800644797047517	0.00017537317218877118	0.00012526655156340797	6.889660335987439e-05	6.889660335987439e-05	8.768658609438559e-05	7.51599309380448e-05	8.768658609438559e-05	0.00010647656882889679	0.00012526655156340797	0.00026305975828315675	0.0003757996546902239	0.0006451227405515511	0.0011086089813361608	0.0007390726542241071	0.00011273989640706718	2.5053310312681596e-05	0.0	0.0
209157_HY5CNBGXT_TCDM_2_G04_C17_3_1_i_ACCTAC_S31_trim1	0.00021860138976562216	0.00031332865866405844	0.0007432447252031153	0.0014136223204843567	0.002120433480726535	0.003074992882703085	0.004743650157914001	0.006805789934703036	0.010143104485124867	0.014566139271382622	0.019368083133234123	0.025663803158484037	0.03180650221089802	0.03770873973456982	0.04243052975350726	0.04552009606219472	0.049535074920889974	0.0545556201725071	0.05942314445128828	0.06644024906276476	0.07846332549987398	0.09458153463859252	0.12318916984592028	0.1798142165082086	0.27633401680272296	0.4322696748355334	0.6700424064836006	0.9744594151582138	1.4046086565130207	1.787139228463883	2.274117544444759	3.1425990058446	4.07483920592608	4.797805008871937	5.217184488424291	5.331658749531555	5.266092906027853	5.215574124853018	5.192773999900464	4.873076754081233	4.331404370380998	3.8560265014836843	3.4169728968524242	3.1556276486746304	2.9483789577508364	2.6483558370105125	2.4168059582577732	2.331609709953118	2.303213389422564	2.1866405549735495	2.0329054842643797	1.8425182472045072	1.6969880153245402	1.7265866434988058	1.891623406058858	1.8763504556272335	1.6549946883505644	1.4857024854030743	1.2712618087559913	0.9431556961437767	0.6198442406804217	0.43976770250449426	0.3273191476090582	0.20483678892338014	0.1295869038530608	0.09727033173270967	0.07171582926910844	0.05704038930284301	0.0412500822487729	0.026749523394319963	0.018814292945827878	0.014289244177679501	0.010529300273710799	0.007111831880374907	0.0054504613181561795	0.004466755064210879	0.003789090755937451	0.0033518879764062063	0.002936545335851524	0.0025940698252187163	0.0021277201937187225	0.0015229230153671676	0.0011950209307187345	0.0008889789850468634	0.0005756503263828049	0.0004080559275624947	0.0002841818066953088	0.0002987552326796836	0.000269608380710934	0.0001530209728359355	0.00010930069488281108	9.472726889843626e-05	0.0001311608338593733	0.00020402796378124734	0.0006630908822890539	0.0010930069488281106	0.0007068111602421784	0.00018945453779687252	2.9146851968749616e-05	0.0	0.0
209158_HY5CNBGXT_TCDM_2_H04_C17_3_1_o_CGAAGG_S32_trim1	0.0002977799360460322	0.0002977799360460322	0.00047530259022732067	0.0007788090635050072	0.001007870552771186	0.0014545404568402343	0.002279161818198477	0.0032297669986531188	0.004701487067188316	0.006505346295159474	0.00883604694844284	0.011853932069524743	0.015037886770324626	0.018662784837961903	0.02209870717695458	0.025213943430974613	0.02931987062607086	0.03538427355439294	0.04445510852933361	0.05941282377841507	0.08200401315729194	0.10952002455539166	0.15415265573890655	0.2415739731173436	0.3827961077871744	0.5979707442665909	0.9154213357033562	1.307855205651405	1.8141841745998297	2.246480470217425	2.8002423470556437	3.7788961068709286	4.799943421812151	5.547422600122777	5.9794325688787895	6.076491648418101	5.965648793762197	5.830674311212102	5.679333385253937	5.282324012057797	4.668651102702009	4.0780618649270215	3.5268540236941206	3.207800001832492	2.935898287536306	2.5584793982096556	2.286354348961435	2.171273856754107	2.06190844870397	1.8022672506207567	1.5643124490338187	1.3444076928010555	1.138395515892286	1.0511001823329453	1.0113809200941901	0.9197735039994137	0.7966243208326843	0.7193618805032023	0.6320665469438616	0.48719660805746695	0.33223651056889714	0.23510298604557406	0.17013542115245417	0.112016794788393	0.07710782382422739	0.05818734481084102	0.04191825253571069	0.03299058099156137	0.02483026543645376	0.017013542115245417	0.011636323654721874	0.008635618145334933	0.006345003252673148	0.004249090625887613	0.003126689328483338	0.0025311294563912737	0.002239076057576896	0.002044373791700644	0.0018153123024344656	0.0015919773503999413	0.0012483851165006736	0.0009563317176862956	0.0007788090635050072	0.000578380260397101	0.0004123106806791215	0.00030923301050934113	0.00025769417542445094	0.0001832491914129429	0.00010307767016978038	9.162459570647144e-05	9.73511329381259e-05	0.00010307767016978038	0.00017179611694963397	0.0002290614892661786	0.0007158171539568082	0.0012483851165006736	0.0007616294518100439	0.00013743689355970716	2.290614892661786e-05	0.0	0.0
209159_HY5CNBGXT_TCDM_2_A05_C17_3_2_i_AGATAG_S33_trim1	0.00035247073171161547	0.00048273165430069085	0.0008352023860123063	0.0012183227465684102	0.0016933919936579789	0.002635868080625994	0.0040764006363169444	0.005884728738141755	0.008466959968289894	0.012206214687317467	0.01702586882311325	0.022795661453088176	0.028603766119118707	0.033201210445791954	0.03728527348932002	0.042020641145793465	0.047897707476724095	0.05552180265179056	0.06606527497429454	0.08124450365952737	0.10585615562165149	0.13699617852765159	0.18385946103087422	0.27102700546459896	0.41812223669650944	0.6447992292231338	0.9678309924296182	1.3615637869731263	1.8660720025678261	2.2732140097307973	2.7825188922396595	3.6734729531200903	4.570955384944397	5.270134718144863	5.743694471013842	5.88756382880987	5.803660469848083	5.702938127057884	5.619908282518164	5.290539708548081	4.733291144119229	4.190218033030952	3.6681016056650937	3.3742329643041398	3.0781422248519603	2.6528403125986295	2.3815068108455857	2.2848991807277583	2.140983848488464	1.8304341466288971	1.5809538302419732	1.3616863854885042	1.1545638561646632	1.060193648952484	0.9933851204787104	0.8884101416863379	0.7759413286414881	0.7008497379724918	0.5992385559458019	0.4522352736004249	0.30860345042794163	0.21570442540029758	0.15548556712808917	0.10106715111470017	0.06691580217472909	0.049307590403570564	0.03457278133658281	0.02717855837785	0.021615650742575376	0.015930144591922796	0.011386337115727405	0.008551246447612236	0.006742918345787427	0.004896278207907006	0.0035936689820162534	0.0026971673383149705	0.0022987221633366224	0.0020918371686363267	0.0018849521739360308	0.0019079393955693969	0.001831315323458176	0.001486506998957683	0.0011110490456127011	0.0008658520148567946	0.0006589670201564985	0.00047506924708956875	0.00038312036055610383	0.00032948351007824927	0.00021454740191141812	0.00010727370095570906	0.0001302609225890753	0.00014558573701131943	0.00019156018027805192	0.00026818425238927265	0.0006896166490009868	0.001317934040312997	0.0008581896076456725	0.0001225985153779532	3.06496288444883e-05	0.0	0.0
209160_HY5CNBGXT_TCDM_2_B05_C17_3_2_o_TTGGTA_S34_trim1	0.0010782463939771553	0.0009060264838280262	0.0007862213289416757	0.0008610995507456449	0.0008685873729260418	0.0010108559943535832	0.0014002227477342224	0.002193931898856295	0.0034294225586217852	0.004919499172520771	0.006506917474764916	0.008019457555205093	0.009996242610829877	0.013882422322455875	0.018921726649862997	0.02500183826034529	0.033320808702766255	0.04206658500946985	0.05452632111765031	0.07763374036635518	0.11285645590294224	0.15014581036131888	0.2034740799301057	0.3078917602357406	0.4846717540927313	0.7368316538397777	1.0611816472280307	1.4328846280851137	1.8986047042392606	2.2638756458433824	2.689460995110602	3.455712302297159	4.2868905156099375	4.947353871031847	5.409015547564219	5.626132439507008	5.6077198847654115	5.537394258847124	5.445024484429747	5.113531108681396	4.60895672323317	4.127205219790793	3.669751699323805	3.416094235140679	3.1528748220331866	2.7642119239375043	2.5181321358009403	2.4350547487094367	2.3331604644785955	2.082924935031911	1.8533258435144004	1.617616689097686	1.3842961499565183	1.2641091161389675	1.1721137328306108	1.0109608238641088	0.7897855322995447	0.649171719573871	0.5374309491758079	0.40094292647153307	0.28844588603324983	0.21250439347966435	0.160995664700714	0.11501294869089655	0.08227619011820127	0.06307741404766358	0.04723318231394372	0.03883184582753838	0.029794044455799314	0.020696340506617065	0.015507279735602005	0.012384857886376492	0.009958803499927893	0.007195797115361432	0.005413695436426967	0.004320473398089018	0.003526764246966945	0.00307749491614313	0.002470981319530981	0.0018494920785580371	0.0015574670135225577	0.0012429784819458873	0.0009060264838280262	0.0006140014187925467	0.0003743911090198456	0.00023961030977270116	0.00023212248759230429	0.0002620737763138919	0.00020217119887071662	0.00015724426578833515	0.00014226862142754132	0.00011980515488635058	0.00021714684323151045	0.00030700070939627337	0.0007787335067612789	0.0011830759045027119	0.0006739039962357221	0.00011231733270595366	0.0	0.0	0.0
209161_HY5CNBGXT_TCDM_2_C05_X5_66_2_i_GTTACC_S35_trim1	0.0011898194545449576	0.0009968757592133427	0.0008762859496310836	0.0009004039115475355	0.001061190324323881	0.0014390383943482933	0.0019615942358714167	0.0028861161093354038	0.004284957900489611	0.006142040968056403	0.008642269686728576	0.011480149872231076	0.014808428616701431	0.020275166651097184	0.026087595472962077	0.03526849964249141	0.04645119465108625	0.058333310555258186	0.07788493834886182	0.10976888400241115	0.15814951560681353	0.20926351622841383	0.2829599685244518	0.41699152221481356	0.6330321857417504	0.9418385701199997	1.3046691891911013	1.7302869024513656	2.291286775269313	2.7181023473047614	3.1588902586104743	3.9349499978374225	4.7823265504513195	5.43037618714638	5.800064346722393	5.89593324534029	5.809783885374723	5.696284756595901	5.534324603006288	5.071573267715326	4.4476576715779945	3.9488339045806597	3.491702054416232	3.2097791582541877	2.873237117672019	2.3971244314793427	2.1265369774180307	2.0611451433418906	1.9693923768910695	1.7136455087290139	1.4947910829784912	1.2918545120928266	1.0569294843853079	0.9270783774271312	0.8797830541089692	0.7617015125660209	0.5756394757012337	0.46775179272830586	0.38526032365340174	0.299496851078499	0.23446678643110602	0.1962398167935298	0.18983247824439245	0.1722183267247438	0.14852644880214927	0.1253892840036331	0.09545085394467757	0.07409841832797888	0.045824127641258504	0.022236760886968597	0.01501745095331068	0.012372514463139797	0.010877200824319781	0.00907639300122471	0.007814219660930398	0.0066485181683018915	0.005313990942258222	0.004148289449629717	0.0030710204840282015	0.002267088420146473	0.0015113922800976487	0.0009245218734639873	0.0004984378796066714	0.000257258260442153	0.00019294369533161471	0.00017686505405398019	0.00017686505405398019	0.00015274709213752833	9.647184766580736e-05	8.843252702699009e-05	0.00011255048894344194	0.00017686505405398019	0.00028137622235860485	0.0003296121461915085	0.0008521679877146318	0.001262173340294313	0.0006913815749382861	0.0001286291302210765	2.411796191645184e-05	8.039320638817281e-06	0.0
209162_HY5CNBGXT_TCDM_2_D05_X5_66_1_i_CGCAAC_S36_trim1	0.0010423912946837125	0.0009810741597023177	0.001011732727193015	0.0012723305508639431	0.001762867630715102	0.0028129235672714886	0.004391839793042406	0.006277341693720297	0.009251222740317947	0.013558751472760935	0.01924591574228531	0.025469604942896885	0.031348385259238117	0.03793231262786539	0.044470252145256614	0.05334590743381352	0.0640227535624489	0.07345026306583835	0.08653380674249347	0.10681444913758983	0.13936618317083782	0.17486880432506544	0.22465065328808537	0.3260768591891851	0.5025552383075121	0.7566151224610491	1.0662589894752204	1.435587422751907	1.9186438121353355	2.2907698396955483	2.7132985522104676	3.4884544433615154	4.351086892205396	5.027184951794001	5.487193763066299	5.725157899287219	5.728882915237339	5.66958924571033	5.582649212948584	5.192810198020622	4.6217330613714	4.178893047893895	3.8020609302238597	3.5629700916476557	3.2003712139351777	2.701134765558533	2.4521105511153434	2.3988182961746385	2.299108970053018	2.018123199000776	1.758813035164457	1.509068344385236	1.2518889509895206	1.105954169733801	1.0034549139705267	0.8550904412411692	0.6587223164632522	0.5308071082501898	0.4283615049800244	0.320926219850748	0.23440774239199985	0.1711514530168184	0.1287889773865472	0.09064205478624694	0.0660232250912169	0.05235716863223852	0.041450383247422916	0.03656034173265668	0.02910264519054453	0.021261716554798662	0.016586285012467308	0.014240904599428953	0.01214079272631618	0.00911325918660981	0.0072584158534226145	0.006108719572521462	0.004859382947275542	0.003334119214613345	0.0021231057987307965	0.0016019101513889405	0.0011267023552831304	0.0006438299173046459	0.0003985613773790665	0.00032191495865232296	0.00018395140494418454	9.197570247209227e-05	5.365249310872049e-05	6.89817768540692e-05	6.89817768540692e-05	7.664641872674356e-05	7.664641872674356e-05	5.365249310872049e-05	0.00012263426996278972	0.00018395140494418454	0.0004675431542331357	0.0009504155922116203	0.0007051470522860408	0.00016095747932616148	2.2993925618023067e-05	0.0	0.0
209163_HY5CNBGXT_TCDM_2_E05_C17_3_3_o_TGGCGA_S37_trim1	0.00021622264445699736	0.0002072133676046225	0.00034235252039024585	0.0005135287805853688	0.000576593718551993	0.0007117328713376164	0.0009730019000564881	0.001324363697299109	0.0017838368167702283	0.002378449089026971	0.0031982932825930857	0.004351480719697072	0.005630798032734307	0.007324542080980786	0.009198471666274763	0.011703050631234982	0.015577039677756185	0.020829448082690747	0.028487333407209405	0.04095617257089625	0.06193877836007737	0.08724583703839844	0.12915699295564645	0.2132315645420089	0.35311860622883384	0.5806839302429712	0.9219643466877844	1.3375172415035763	1.8709114775484315	2.3003386587168806	2.829714757285577	3.7829503039279544	4.811278173134877	5.642510092642394	6.223067893009432	6.464309299285474	6.414199701432565	6.336566762795651	6.261321282524615	5.862498614823684	5.203830384146555	4.511881884776755	3.7678777837539315	3.331864821206396	3.0273422543192723	2.568580867719491	2.175668285633717	1.930543881034301	1.7116274627984436	1.4189430856953404	1.2192885013698604	1.0759869437559855	0.9156578528911221	0.8070780482662998	0.6999307186610053	0.5804046426605476	0.49364530657217737	0.44820251412879847	0.3996154840639406	0.31227054498016604	0.21335769441794217	0.15085133161616518	0.10861584173223167	0.072263409632899	0.05083934927795151	0.038415556498526536	0.028045878841443033	0.022315978763332602	0.017532052754721538	0.013072460712795967	0.009405685033879386	0.007288504973571286	0.005639807309586681	0.004198323013206699	0.003054144852955088	0.002216282105684223	0.0016937440482464794	0.001405447188970483	0.0012522894824801096	0.0009549833463517384	0.0006666864870757419	0.00045046384261874454	0.00044145456576636966	0.00045046384261874454	0.0003603710740949956	0.0002612690287188718	0.00021622264445699736	0.0001891948138998727	0.00016216698334274801	9.91020453761238e-05	8.108349167137401e-05	9.00927685237489e-05	0.00012612987593324849	0.00022523192130937227	0.0006396586565186172	0.0011982338213658605	0.0007657885324518657	9.00927685237489e-05	1.801855370474978e-05	0.0	0.0
209164_HY5CNBGXT_TCDM_2_F05_A03_3_2_o_ACCGTG_S38_trim1	0.0003017132788539723	0.0003652318638758612	0.00046844956453643064	0.0005716672651970001	0.000635185850218889	0.0009210194828173892	0.0015641451561640143	0.0023184283532989448	0.003326785890521431	0.0046130372372146814	0.006042205400207182	0.007868364719586487	0.010202672719140904	0.012743416120016459	0.015450895806574475	0.019127033914716297	0.024359377355894392	0.03223568189860862	0.04378018472633693	0.06317717262739625	0.09701669879780755	0.1349690533483862	0.18562512490334257	0.28088712278992045	0.44654359252700676	0.71735507976783	1.0694068372516492	1.4823967372408433	2.0430594075828012	2.4801307911184187	2.967310398413179	3.8802312616402768	4.889501878522453	5.715918368772866	6.2301965924025895	6.291102975615454	6.122596109375509	5.99945739248745	5.861233011656693	5.44055736287985	4.799337247083882	4.187923227309435	3.5611932887215842	3.1790575414067734	2.881528549341118	2.473810691908741	2.205873420640158	2.07227795669287	1.9344585068416262	1.6941835793500764	1.4880419514846634	1.2701811446827125	1.028135636633677	0.8834482397769418	0.7791904222866389	0.6577984664866815	0.5222815653424815	0.43595980829773445	0.3592849363531868	0.2662937278811415	0.18549014791017107	0.13304761615147404	0.10237607940902944	0.07465815687010266	0.05491975657455069	0.044248634290873355	0.03522105539463739	0.028154612810952252	0.019643122418019143	0.0123781842561406	0.008765564733020668	0.0070743824068128765	0.0056531540669481125	0.0042319257270833485	0.0033664850061601113	0.0027948177409631114	0.002215210652638375	0.001691182326207792	0.001198913292288153	0.0008733805440509724	0.0006669451427298334	0.00048432921079190284	0.0003731716870035973	0.0002937734557262362	0.0002302548707043473	0.00019055575506566672	0.00015879646255472226	0.00013497699317151392	0.00010321770066056947	7.145840814962501e-05	7.939823127736113e-05	0.00010321770066056947	0.00015085663942698615	0.00019055575506566672	0.0006987044352407779	0.0013497699317151393	0.0008019221359013473	7.145840814962501e-05	1.5879646255472224e-05	0.0	0.0
209165_HY5CNBGXT_TCDM_2_G05_X5_66_3_i_CAACAG_S39_trim1	0.0005269847827874122	0.000702646377049883	0.0013701604352472716	0.0024768284791008375	0.004048999747749951	0.007131860727056312	0.012586153228906027	0.01914711377460931	0.027324160987527324	0.038575286100038575	0.053102499945544904	0.06820061397240426	0.08207787991913945	0.09537546260480849	0.10388626684682518	0.11014860268228228	0.11531305355359893	0.11798310978638848	0.12176861714274473	0.13072735845013073	0.148451613311214	0.16703660998418343	0.20413633869241724	0.2905530599898397	0.4389783240619144	0.6744263419316171	1.0117405183141266	1.4424451812862786	1.9992485196997452	2.4044559022646994	2.8623002815504033	3.753703824715024	4.724910430153086	5.509177966977026	6.033905498278165	6.218104246021792	6.173477417999411	6.120208039539317	6.07205041347226	5.699920109106929	5.0735196470466715	4.502435021019666	3.8853797557741725	3.4767381890413867	3.0786977995223412	2.5091765616842716	2.1590917873988804	2.020371826409807	1.8387553041018387	1.5014674769584686	1.2573681255713394	1.0652997384047538	0.8503075131869159	0.7239453453542075	0.6269362299227581	0.5207927115896601	0.4204811581860762	0.3599218235640894	0.30052185546423493	0.22148292112583626	0.1510601879860117	0.10507198260809687	0.07656210585929787	0.05434969726480844	0.04005084349184333	0.0309340067496211	0.022607647181579985	0.017697905621943927	0.012796947142020993	0.008431756524598596	0.005788049530948411	0.0040753489868893215	0.0032233902547163383	0.0024065638413958493	0.0016863513049197192	0.0012911127178291601	0.001176932681558554	0.0009134402901648478	0.0005796832610661535	0.0003952385870905592	0.00028105855081995317	0.00018444467397559427	0.00014052927540997659	0.00010539695655748245	7.904771741811185e-05	7.026463770498829e-05	7.904771741811185e-05	9.66138768443589e-05	7.026463770498829e-05	3.5132318852494146e-05	4.3915398565617686e-05	0.00010539695655748245	0.0001229631159837295	0.00014931235512310014	0.00072021253647613	0.0013174619569685307	0.0007816940944679948	9.66138768443589e-05	1.7566159426247073e-05	8.783079713123537e-06	0.0
209166_HY5CNBGXT_TCDM_2_H05_X5_66_1_o_GATTGT_S40_trim1	0.00023383362036410234	0.00035075043054615346	0.0013445433170935885	0.0027475450392782023	0.003449045900370509	0.004004400748735253	0.005261256458192302	0.007921113889833966	0.011457847397841014	0.014263850842210244	0.017946730362944852	0.0226234027702269	0.02689086634187177	0.03235672721788266	0.03878715177789547	0.04553909756590893	0.052817168999741614	0.061264408535394804	0.07169923384414288	0.08689841916780953	0.10703733972166785	0.13243751673371845	0.16719103856033316	0.22129429247207733	0.30380833125805995	0.4267463571644868	0.6160054436466821	0.8796528506072074	1.2781345689101835	1.7368284444569158	2.347046505999586	3.280568776898174	4.274507809458336	4.9567466260731505	5.270054448158501	5.391238721912198	5.396266144750026	5.390361845835832	5.362331040594686	5.084828991627587	4.597168976358252	4.08662249549578	3.5912459707544286	3.1942257125787292	2.8722660465399055	2.537240926963238	2.243692045798653	2.0492593904659016	1.8998104778506948	1.6938907459175572	1.4594433122999992	1.2376228941821026	1.063796826643938	0.9943482413957996	1.0327846427431489	1.2433518178810232	1.6763532243902497	1.9882288155508712	2.124232294995142	1.914688141946361	1.291346168460755	0.7885746554753896	0.45796314548309447	0.24391769524230422	0.15824690258140625	0.11817366589150821	0.08111103706379799	0.0591599059521179	0.04860816383318777	0.03867023496771343	0.026861637139326256	0.01768366754003524	0.01151630580293204	0.006927321003286531	0.004530526394554483	0.0033028998876429455	0.002776774241823715	0.002104502583276921	0.0012276265069115372	0.0010230220890929476	0.0008768760763653838	0.0004968964432737175	0.0003799796330916663	0.0002922920254551279	0.00020460441781858954	0.00017537521527307673	8.768760763653836e-05	8.768760763653836e-05	8.768760763653836e-05	0.00011691681018205117	0.00014614601272756395	8.768760763653836e-05	0.00014614601272756395	0.00017537521527307673	0.0004968964432737175	0.0007599592661833326	0.00035075043054615346	5.8458405091025585e-05	2.9229202545512793e-05	0.0	0.0
209167_HY5CNBGXT_TCDM_2_A06_X5_66_2_o_CTCTCG_S41_trim1	0.0003108929563721694	0.0003330995961130386	0.0005033505007930361	0.0006587969789791209	0.0007402213246956414	0.0009696899353512902	0.001539660355366934	0.0023761104522730084	0.0034790402260695143	0.004855851890003407	0.006254870193678169	0.008016596946453796	0.010178043214565068	0.013109319660359808	0.01665497980565193	0.021059296687590996	0.026707185395018738	0.03472378234147254	0.04808477725222886	0.0688998009026703	0.10334229914075849	0.14315140198289006	0.19995598644003362	0.309079414126665	0.48616256163360333	0.7422939444047891	1.0857566390635667	1.4980969279852736	2.0199825707486885	2.4352245272632027	2.900831142710008	3.7438470027661332	4.674431045533752	5.37248936357473	5.728150905664492	5.801551252221312	5.730171709880911	5.615481817832569	5.462115361568879	5.0805090620485345	4.534218322209904	4.008742606021715	3.4737846546641755	3.153350245416679	2.8621989917741426	2.4637600593302196	2.226926246493849	2.1508314943151374	2.0812432875805	1.8834561496218247	1.67061290991884	1.4492571249818553	1.2527801787678914	1.1742130873646959	1.1536793478176388	1.0578280884828002	0.8764220484396394	0.7515245043237438	0.6296322587861125	0.4717504524417792	0.32857684381914826	0.23950601181852174	0.1890895373935016	0.13766636196689538	0.09952275710532897	0.07773804351953625	0.05785569873821133	0.045360762777348906	0.03056373849668303	0.01701028604150584	0.010910862326013755	0.008098021292170316	0.005899563957824262	0.0041378372050486344	0.003293984894895604	0.0027610255411147423	0.0025019480774712676	0.0020874241356417084	0.0014730404361443263	0.00107332092080868	0.0008068412439182491	0.000592177059756513	0.0004737416478052105	0.00037751287559477706	0.0002590774636434745	0.0001554464781860847	0.00014804426493912826	0.00012583762519825903	9.622877221043338e-05	9.622877221043338e-05	8.142434571652054e-05	0.0001036309854573898	0.00019985975766782316	0.0002664796768904309	0.0007032102584608593	0.001184354119513026	0.0007254168982017285	0.00013323983844521544	4.441327948173848e-05	7.402213246956414e-06	0.0
209168_HY5CNBGXT_TCDM_2_B06_A27_3_2_i_TGACAC_S42_trim1	0.0020843092585980604	0.0018128235988646997	0.0016376715603270474	0.0017427627834496388	0.0020755516566711776	0.002977584655140086	0.004615256215467134	0.006428079814331833	0.009344361255983742	0.014073466296500348	0.019003996181335258	0.02365428280450992	0.028926359164493248	0.03703589854878654	0.046564169445234824	0.058684690512040345	0.07199624544090191	0.0897741773524736	0.11314821689532327	0.14627822498472018	0.19527700776562834	0.24631631179550018	0.3115166581411412	0.4267754571008432	0.6071820567946249	0.8636046412137477	1.1801831932686269	1.5357768619077683	2.0163152372377438	2.4111779929170267	2.828775483198497	3.5065438115237955	4.185546961720784	4.700266257371383	5.025006894422117	5.176452104543698	5.170978603339396	5.152561366487162	5.123197127226325	4.746558941156884	4.182070193755813	3.828954926461979	3.5734256174393977	3.3799264028649265	3.059713446010391	2.651074982500122	2.498149737652898	2.51148756538754	2.478751649384853	2.2904982383645844	2.0758056271270573	1.800457864943941	1.505204073581021	1.3823611913526388	1.3469279339564717	1.1921898655103829	0.9028211826423278	0.7025610993803033	0.5615374355517128	0.42997198180415536	0.33479436406279517	0.2527969372213933	0.1988325941479427	0.15046435870577005	0.1134372177589104	0.09422303913132997	0.07827544602247674	0.07009584582276837	0.056223804370586335	0.04095930421202995	0.03410210190328087	0.03040639389013641	0.025458348801447737	0.01887263215243202	0.014239860733111117	0.011209730466409735	0.008451085859441715	0.006130321348817825	0.004081042497927295	0.0024433709376002473	0.0014975499294969258	0.001068427435079678	0.0009195482023226738	0.0007181233580043737	0.0005254561156129564	0.00040284968863659994	0.0003152736693677738	0.00022769765009894775	0.0001751520385376521	0.0001226064269763565	6.130321348817825e-05	7.006081541506085e-05	0.0001488792327570043	0.0001751520385376521	0.00044663769827101295	0.0009195482023226738	0.0007006081541506084	0.00018390964046453474	5.2545611561295636e-05	8.757601926882606e-06	0.0
209169_HY5CNBGXT_TCDM_2_C06_C64_3_1_o_AAGACA_S43_trim1	0.000564069013360297	0.0010556148678599843	0.0025463686888836257	0.004697889068415044	0.007582699165314849	0.012208065074869283	0.020322600738495268	0.032506491427077684	0.04904982977605896	0.07098405626701222	0.0969151146240613	0.12187919752963557	0.14435331864766227	0.16593298747307478	0.1834916500461046	0.19638465606576852	0.20620751502699997	0.21219470469738141	0.21802073179251705	0.22972113475536204	0.24646592632340059	0.2618086034868007	0.29575749996232825	0.3837119754027231	0.5398623945583779	0.7812033509889621	1.1156237527527575	1.476724618848495	1.9098570979503424	2.257420307725433	2.699215275246742	3.5470351767135555	4.4454843011938365	5.110618365490773	5.591688652599483	5.8329409696136825	5.828363952476702	5.771803946694189	5.6875400942269225	5.330556931928716	4.773401793046463	4.226528826464893	3.6521856989326764	3.322132802958042	3.066109935922566	2.657006796789867	2.3441499475939596	2.189006794533591	2.053187034245194	1.7901374789290005	1.5462420956807705	1.2982692992788216	1.038853960034421	0.9096176909448148	0.8258776168470976	0.7075601122303942	0.5705396907564158	0.48684796543127223	0.40836984941533033	0.3056045333098466	0.2122752859850043	0.1477780233716355	0.10569847497495735	0.07145142773522505	0.049710596334566745	0.03788126331152508	0.027889183646285537	0.021265401803683193	0.016011501850670143	0.011297496524730518	0.007792210513134387	0.005817968966373348	0.004544784621931535	0.003279658406252012	0.002618891847744236	0.002183752894580578	0.0016277420099825711	0.0013134749882532627	0.0010717311253845643	0.0007896966187044156	0.0005963015284094567	0.0004431970819259476	0.00032232515049159823	0.00020145321905724889	0.00017727883277037903	0.00012893006019663929	8.863941638518951e-05	8.863941638518951e-05	0.00010475567390976943	0.00012087193143434934	0.00010475567390976943	0.00011281380267205937	0.00020951134781953886	0.00024980199163098866	0.0005721271421225868	0.0012006611855812034	0.0008702779063273153	0.0001450463177212192	2.417438628686987e-05	8.058128762289955e-06	0.0
209170_HY5CNBGXT_TCDM_2_D06_X9_35_2_i_ACAGAT_S44_trim1	0.0011963556754163195	0.001168206130112406	0.0017382344225166523	0.002758655439783513	0.003976123274177767	0.006404021556640299	0.010556079488967524	0.01600301650527477	0.023962300439956282	0.03470838935972522	0.04644674975145711	0.058473642982554114	0.07028941462387175	0.08362526171160073	0.09582105221452121	0.1066515897702019	0.11786918357381139	0.13354144292176517	0.14998781476557657	0.17219076862403826	0.20713139173252076	0.24279686563257905	0.2957461603492402	0.40313667568366973	0.5835611863091027	0.8370619165434948	1.1403943793521396	1.4788645120863944	1.9459006556099476	2.337686027149814	2.786945732813946	3.577117544267447	4.425587064045352	5.090359688556246	5.522610031470488	5.684061748561083	5.632132874861688	5.5530889516483	5.449090456522992	5.043554032102163	4.487065670989099	4.010838700923819	3.5688908396523784	3.3257843290214564	3.012606562742768	2.6121652060219476	2.445759168957864	2.4396366428542624	2.383281253155828	2.1125741133544187	1.8241609095568478	1.521250689927762	1.212112383400185	1.05965444603419	0.9606032334960447	0.8197921704995439	0.634181106151865	0.5099571627256951	0.4213705436542797	0.3244938834908617	0.23774402225052657	0.1727044978258347	0.12968495521512902	0.09185900371299541	0.06616550623684844	0.051056237794972925	0.03788225059274146	0.031217845742039962	0.02482086157172564	0.018663148536494582	0.01509519366922356	0.013026202089385926	0.011034621759134052	0.008670059953605327	0.007065535871282264	0.005742507241998334	0.004335029976802664	0.0030894125971044953	0.0020760289661636133	0.0014637763558034969	0.001027458403592839	0.0006333647693380515	0.0003800188616028309	0.00028853283936511234	0.00023927113508326388	0.0001829720444754371	0.00013371034019358865	0.00012667295386761031	9.852340856369689e-05	6.333647693380516e-05	5.6299090607826795e-05	0.00011259818121565359	0.00019704681712739378	0.00021112158977935048	0.000541878747100333	0.0010767201078746875	0.0007178134052497917	0.00011259818121565359	2.8149545303913397e-05	0.0	0.0
209171_HY5CNBGXT_TCDM_2_E06_C64_3_1_i_TAGGCT_S45_trim1	0.00016683820878606156	0.000159886616753309	0.00027111208927735005	0.00038233756180139106	0.0004240471139979065	0.0006047885068494732	0.0009871260686508641	0.0014806891029762964	0.0020090100974654913	0.0027667336290355207	0.0037121501454898693	0.00506771059187662	0.0069307372566543065	0.009857357502443136	0.013020331877345553	0.017330318937652144	0.023718832015751753	0.03382644683137398	0.05112895940089511	0.07710010723525869	0.10964050954057344	0.14247287871126382	0.20111650909956447	0.3198357978349128	0.5155648231090939	0.7890335020855472	1.1001937130635848	1.4360042693897628	1.900203778968848	2.281846181566964	2.7233348399750468	3.5302269819927354	4.398279230714581	5.048225279408814	5.45724305143191	5.5934316909455655	5.53300845299688	5.499863262184715	5.469582127290046	5.027287084206163	4.355791100210396	3.8720159074670804	3.4580764082847963	3.216404311266153	2.98235811070744	2.6517264904456623	2.440801284987884	2.3929465254344153	2.370882172322459	2.1942839283224127	1.963949877909189	1.6715033526833214	1.420432703236397	1.32005171428345	1.2396496008326339	1.0984002023191346	0.8790496673176601	0.7265386897111016	0.6137769153478222	0.4816688603573925	0.34863624362660667	0.24956215397581707	0.19146074776607114	0.13323421289973567	0.09062790533099518	0.07053780435634027	0.05383312870163587	0.04476825269092652	0.0338681563835705	0.022884640971821444	0.01730946416155389	0.014250763667142757	0.011796851679581102	0.009037069642578334	0.0067013347195734735	0.00509551696000763	0.004045826563061993	0.0031212648227059016	0.002294025370808346	0.0016197209436313478	0.0010913999491421527	0.0008133362678320502	0.0006325948749804835	0.0004518534821289167	0.00036148278570313335	0.0002919668653756077	0.00027111208927735005	0.00025025731317909235	0.00018769298488431925	0.00013903184065505129	0.00011122547252404103	0.00011122547252404103	0.00019464457691707182	0.00027111208927735005	0.0005491757705874526	0.0010427388049128847	0.0007577235315700296	0.00012512865658954617	6.951592032752565e-06	6.951592032752565e-06	0.0
209172_HY5CNBGXT_TCDM_2_F06_C14_3_1_o_CTCCAT_S46_trim1	0.0006602752490835695	0.0006602752490835695	0.0007586141159683565	0.0008920740067405674	0.001418889365051926	0.002254769733572615	0.0033716182931926957	0.005099572668453952	0.007410536040246446	0.010929662633766322	0.015284669595806887	0.019112861199536094	0.0234959649806866	0.03006359644763487	0.03558462140273791	0.04166758274003973	0.050447838711895704	0.06144071918865939	0.0758403389825032	0.09852852041377905	0.13602372551599282	0.17395443131441063	0.23344944577970675	0.35153335229400345	0.5461389456542194	0.8310055704051147	1.1684272953011512	1.5381322653545078	2.0359095611157443	2.4314144353168023	2.8770159379908824	3.6558667879231725	4.486106720007541	5.172800003259231	5.674279054938202	5.917576435815943	5.914296132184857	5.85857311568507	5.743334012105655	5.291354531493619	4.6663688872121325	4.154072560175835	3.6663820224750667	3.3613840268319004	3.039324237784223	2.582743903042935	2.3005535003122612	2.207967457140234	2.109410839907345	1.8505478212426985	1.6096175973749702	1.3646625041697436	1.1214564379541105	1.0054446718491716	0.9166025298235443	0.7848846418361496	0.6169850750399308	0.5061501478559984	0.4142384283426101	0.3076742176633884	0.21677398363795786	0.15504527205342158	0.11814010015251655	0.08712823605992125	0.06649814662844844	0.05391779587197319	0.043135641538534046	0.037305551573221685	0.02750678590863041	0.017715044448816622	0.013753392954315205	0.011793639821396949	0.009454579630494517	0.006855623862825147	0.005612339617210341	0.004488466852812776	0.003498053979187422	0.0026832462249991866	0.0018473658564784978	0.0013135262933896543	0.0009412434401829609	0.0006743236586385391	0.0004776459248689652	0.00033716182931926955	0.0002809681910993913	0.0002458471672119674	0.0001966777337695739	0.00017560511943711957	0.0001545325051046652	0.00012643568599472608	0.0001194114812172413	0.00012643568599472608	0.0001545325051046652	0.00021072614332454348	0.0006602752490835695	0.0012011390169498978	0.0007445657064133869	9.833886688478696e-05	2.1072614332454347e-05	0.0	0.0
209173_HY5CNBGXT_TCDM_2_G06_X9_35_2_o_GCATGG_S47_trim1	0.0007938551944006339	0.0006564571799851397	0.0005877581727773924	0.0006335575109158906	0.0006488239569620566	0.0007862219713775509	0.001160249899508619	0.001671675842055181	0.00250369715157123	0.003686846720149098	0.004740231497334555	0.00632030866311274	0.008228614418883494	0.010862076361847137	0.014388625398511492	0.01964791606141569	0.027670433458675946	0.04096750796488657	0.05847048835681593	0.08461427721087526	0.12161250920375866	0.15574828256298592	0.21031056073198334	0.32171745075388003	0.502021811782124	0.7747645036199033	1.1157100431689295	1.4798300478160358	1.9492121979514567	2.3264537129752427	2.788965962389889	3.620926206121753	4.51595213847033	5.212934099485017	5.6736601747122615	5.887001124984409	5.874520805341668	5.840713260572434	5.770464709091001	5.39326136018233	4.8600807320199815	4.32441930637513	3.728226422157231	3.382494851772732	3.076013314172926	2.6504458641900013	2.402595112630496	2.31728621212452	2.2087417807362795	1.9291215549547023	1.6634624940823437	1.3926662741154507	1.110885846218341	0.9653050167221017	0.8726529556679199	0.74061346381463	0.5712398781554409	0.46819136734382005	0.38675251091054735	0.28753587805651426	0.2050283704000099	0.1527942252530528	0.11711654084316275	0.083026566822074	0.06095891906234099	0.04872286255633891	0.03728829446776055	0.030632123991632152	0.023372928896680203	0.016113733801728255	0.01228948906716366	0.009923189930007924	0.008129382519583415	0.0064119073393897365	0.005327989670111948	0.004312771008041906	0.0033128187920180305	0.00250369715157123	0.0016945755111244304	0.0011755163455547848	0.0008625542016083811	0.0005877581727773924	0.00035112825906181885	0.0002671628058079057	0.00022136346766940757	0.00014503123743857737	0.00012213156836932831	0.0001144983453462453	9.923189930007924e-05	7.63322302308302e-05	6.869900720774716e-05	6.869900720774716e-05	0.00012213156836932831	0.0001908305755770755	0.0005953913958004755	0.0013205475829933624	0.0009388864318392113	0.00013739801441549433	2.289966906924906e-05	0.0	0.0
209174_HY5CNBGXT_TCDM_2_H06_C64_3_2_o_AATAGC_S48_trim1	0.0003036544048487535	0.000398546406363989	0.0011323778847484767	0.0022647557694969534	0.0034603949885889202	0.00516212488242881	0.008129081463138507	0.012671245269001112	0.018282525625268702	0.02589919028022494	0.03615385257730472	0.04688930101539502	0.055929345693079786	0.06502632557167369	0.07251646755794296	0.07898177592784766	0.08711085739098617	0.09422143137119449	0.1042736573983751	0.12022816591980336	0.14219882733729755	0.1682055618859064	0.21602480451615075	0.3141241556826012	0.4699874312380926	0.7057307936691093	1.0321782572818226	1.4088995032973073	1.9030843949217848	2.310911239033964	2.7900462592181254	3.6296949715589695	4.511229013368638	5.216282910760272	5.751511756106806	5.987982623882774	5.952796669720923	5.885239890775511	5.8228009537784855	5.489799615927787	4.897610265138374	4.330383836880902	3.757577758934335	3.397057740644218	3.106277017334365	2.6755179395226705	2.3586419157961274	2.2354151626284424	2.1351143170268387	1.8601805579700297	1.582747976206653	1.3136279337760108	1.0418066323689017	0.8964510644478639	0.7858133168145338	0.6556151646021963	0.5304652668704694	0.45924565666656797	0.3910752427780228	0.3011112992081452	0.2112295953729142	0.14324263935396514	0.10085754534382661	0.06883465789915182	0.04869857517761885	0.03615385257730472	0.027360527103559563	0.02326119263810139	0.01809906775567258	0.012880007672334631	0.009293090015058729	0.007686252122734075	0.0066171355723290875	0.005579649689095846	0.004535837672428256	0.0034477427217202224	0.002574736307780056	0.0018029480287894742	0.001170334685354571	0.0008919848142432136	0.0007211792115157897	0.0005313952084853187	0.00041752480666703613	0.00030998053828310256	0.0002467192039396122	0.00020876240333351806	0.00018345786959612193	0.0001391749355556787	0.00013284880212132967	0.00012019653525263162	9.489200151523547e-05	0.00011387040181828256	0.00014550106899002775	0.00015182720242437676	0.0006642440106066483	0.0012399221531324103	0.0007022008112127425	9.489200151523547e-05	5.0609067474792256e-05	1.2652266868698064e-05	0.0
209175_HY5CNBGXT_TCDM_2_A07_X9_35_1_i_GTGCCA_S49_trim1	0.00014505633942893314	0.00011785827578600818	0.00023571655157201635	0.0004623670819297244	0.0005892913789300408	0.000788743845644824	0.0012239128639316232	0.0019310625186476724	0.0026019480885064884	0.0034178899977942373	0.004795925222369102	0.00637341291365875	0.007570127713947448	0.009274539702237412	0.011595441133100343	0.014215521264035448	0.017406760731471974	0.02122355566269578	0.026635970327637846	0.03412450385065652	0.04729743267504651	0.06604596454623611	0.09512069458052291	0.14492034911071852	0.22883544147035634	0.3799206850068045	0.6197078801040453	0.9536275734694493	1.4734641638766743	1.9709348799482003	2.674512522305812	3.9201113089820607	5.229099715988753	6.211448444665132	6.733932313266934	6.6630269613498285	6.372370321219105	6.290386291378114	6.367873574696807	6.092937415351693	5.418407304964726	4.668792406880856	3.8140479267958676	3.2744202120778083	2.8913898817944954	2.3751071717032795	1.9760027858069986	1.7685268903175528	1.6111135639735172	1.3319073086364641	1.0996721092107422	0.9360304262924769	0.7934128465701927	0.7398235951724162	0.7060707981915463	0.66224565164158	0.6506139464236224	0.6448570229525366	0.602292053351359	0.48233952666484564	0.30719306282562314	0.19141090589769158	0.11752283300107877	0.06578304993102117	0.04208447047681923	0.030416501174004417	0.021513668341553646	0.01657268677975561	0.012647099593960109	0.00971877474173852	0.007597325777590373	0.006219290553015508	0.005122301986084201	0.003698936655437795	0.00242969368543463	0.0018313362852902808	0.0016318838185754977	0.0013508371609319398	0.0010607244820740737	0.0008522059941449821	0.0007524797607875906	0.0005439612728584992	0.0003989049334295661	0.0002901126788578663	0.00023571655157201635	0.0001631883818575498	7.252816971446657e-05	9.972623335739153e-05	9.066021214308321e-05	5.439612728584992e-05	7.252816971446657e-05	0.00011785827578600818	0.00014505633942893314	0.00019945246671478306	0.0006890176122874323	0.0011513846942171567	0.0007162156759303573	0.0001359903182146248	9.066021214308321e-06	9.066021214308321e-06	1.8132042428616642e-05
209176_HY5CNBGXT_TCDM_2_B07_C64_3_3_i_TCGAGG_S50_trim1	0.00024294561844540312	0.00023426898921521014	0.0005639808999625429	0.001153991687615665	0.001422967193751647	0.001657236182966857	0.0024034262967634525	0.004112722255111467	0.005605102482704658	0.0065421784395654995	0.008190737993302163	0.010533427885454263	0.013067003620670611	0.016312062952762784	0.02027728251096097	0.024363974878381857	0.028962588370384127	0.03503622883151921	0.04392977379246701	0.057014130671598	0.07594653565187906	0.10076169525023095	0.13594542677866345	0.19471223655476042	0.2854437484148883	0.42163212081199714	0.6224353510863531	0.9068031974766975	1.3446692915783856	1.7833943719738627	2.369058168382658	3.321682644824005	4.326687931928026	5.062188438513024	5.440263880589452	5.489599194392329	5.359120044028687	5.33181469184127	5.435864829569744	5.215409034089001	4.679913507889181	4.196373637519757	3.7816220836873033	3.5244467933043837	3.3088672634510097	2.9578629045727833	2.622866926624263	2.494626346602011	2.481915084779778	2.32147553368428	2.0539924077758913	1.7390394433491163	1.4368498005199557	1.289919761135868	1.1867546395888735	1.0649087353092737	0.9939078783186046	0.9522253514967575	0.8886516891271337	0.7374006883864099	0.5107497796353091	0.3526876249488838	0.24997368812185944	0.1620186976153933	0.11073114223572268	0.08618495814350677	0.06700093091555011	0.055868815613212525	0.046853797843042035	0.03609477759760275	0.027123142973583224	0.022203494200063807	0.017526791044989797	0.010984612605424299	0.006620268102637236	0.004607290121232467	0.003314472365933714	0.0023166600044615226	0.001683266070657436	0.0011626683168458579	0.0007982498891777531	0.0005379510122719641	0.0004598613492002274	0.0003644184276681047	0.00024294561844540312	0.00019956247229443828	0.0001127961799925086	9.544292153212266e-05	0.00012147280922270156	9.544292153212266e-05	7.808966307173672e-05	0.00015617932614347344	0.00019088584306424533	0.0001475026969132805	0.0003904483153586836	0.0008676629230192969	0.0006247173045738938	9.544292153212266e-05	8.676629230192969e-06	8.676629230192969e-06	1.7353258460385938e-05
209177_HY5CNBGXT_TCDM_2_C07_C17_3_3_i_CACTAA_S51_trim1	0.0004096728344550585	0.0007292176453300042	0.0018025604716022574	0.0031544808253039505	0.00504716932048632	0.008783385570716454	0.014682674386869298	0.022122333060573162	0.03300324354369951	0.04871010001670646	0.06617854967787015	0.0847695029054407	0.10269678614119407	0.11726475213441595	0.12863727001888836	0.13751078361318494	0.1441638704447351	0.1504318648118975	0.15532335845529088	0.15991169420118753	0.17311954638401864	0.19191533602881672	0.22613121116250318	0.2987907850814524	0.4223235315830307	0.6209656955535995	0.9205102786504491	1.277736796838571	1.7508269860672727	2.1578697209251296	2.6555156998510676	3.5369349966378154	4.454266214092893	5.171201867845935	5.647929951844597	5.822319484015426	5.763752655601731	5.680974162671742	5.609158514791771	5.239109236885206	4.650040668222276	4.118908031807982	3.592666889037081	3.268419034022591	3.0113575238587313	2.6454049742967167	2.3631321979004922	2.2337575167795847	2.1442521959078436	1.9222013261765127	1.6915719072916933	1.454125532441541	1.217072443512466	1.0986360270715085	1.0167506209206316	0.8920298231991336	0.7595416285363676	0.6801880005024228	0.5914774449295244	0.45748984769265294	0.32170788344086837	0.23343158107249234	0.1727508408330091	0.1176498445988037	0.08185263232412068	0.061082219617249224	0.044760853892559696	0.0363953346129874	0.0279806545932805	0.019885519384448543	0.014674480930180195	0.010733428262722533	0.007923072618360833	0.0057026458556144145	0.004358918958601823	0.003367510699220581	0.0029086771246309155	0.00258913231375597	0.0023187482430156313	0.002212233306057316	0.0018025604716022574	0.0014010810938363	0.0012699857868106814	0.0010405689995158487	0.0006145092516825878	0.00040147937776595735	0.000335931724253148	0.00021302987391663044	0.00013109530702561873	9.012802358011288e-05	5.73541968237082e-05	4.9160740134607015e-05	7.374111020191053e-05	0.00013109530702561873	0.0004916074013460702	0.001056955912894051	0.0007292176453300042	9.832148026921403e-05	1.638691337820234e-05	0.0	0.0
209178_HY5CNBGXT_TCDM_2_D07_X9_35_1_o_GGTATA_S52_trim1	0.00024196840328196263	0.0002903620839383552	0.0007017083695176916	0.0013550230583789908	0.0018389598649429162	0.0027826366377425703	0.0047425807043264675	0.006823508972551347	0.009872310853904076	0.014663285238886936	0.019381669102885205	0.024245234008852656	0.029713719923025014	0.0356177489631049	0.04048131386907235	0.04490933564913226	0.05231356878956032	0.05906448724112708	0.06528307520547352	0.0758087007482389	0.09030260810482846	0.11060375714018512	0.1431727042219373	0.19976911374958833	0.2919590754000161	0.4425118159220533	0.6597268515482712	0.9538394457374967	1.4091513901931658	1.8574704477939863	2.4311775319755196	3.4272162672453907	4.579300425791799	5.496409067911094	6.036216378792824	6.226016394327196	6.1678955838588685	6.101789816082237	6.089086474909934	5.785754884555665	5.232010193644894	4.6400344950155725	3.9501341835780397	3.4871760375786613	3.1622608656516413	2.743389362730236	2.386969904695905	2.181804895553129	2.0605787255088654	1.7945102692600194	1.516561164410029	1.2700921488270218	1.0152510264904588	0.8646256954474371	0.7403023298411647	0.6406597413696525	0.6100749351948124	0.5923386512342446	0.573416722097595	0.4967853287781975	0.345821241970581	0.23209609242805856	0.14854440277479686	0.08897178188677766	0.06339572165987421	0.04732901968195189	0.033246458610941665	0.0246081866137756	0.017760480800896056	0.01255816013033386	0.009025421442417208	0.006968690014520523	0.004911958586623841	0.003145589242665514	0.0023228966715068415	0.0018147630246147196	0.0013550230583789908	0.0009678736131278505	0.0007742988905022804	0.0006291178485331028	0.0004355431259075327	0.0003145589242665514	0.0003387557645947477	0.0002661652436101589	0.00016937788229737385	0.0001451810419691776	0.00012098420164098132	9.678736131278505e-05	9.678736131278505e-05	0.00012098420164098132	0.0001935747226255701	0.00016937788229737385	0.00012098420164098132	0.00016937788229737385	0.0006291178485331028	0.0010646609744406356	0.0006533146888612991	0.0001451810419691776	2.4196840328196263e-05	0.0	0.0
209179_HY5CNBGXT_TCDM_2_E07_X2_24_3_i_CGCCTG_S53_trim1	0.0011920573989570736	0.0010372447497418694	0.0008359883057621035	0.0007353600837722207	0.000673435024086139	0.0007972851434583025	0.0011533542366532726	0.0016564953466026869	0.0021828583539343816	0.0030420685570787657	0.004241866588496599	0.005805474345570163	0.008243773570709633	0.012524343321510032	0.017586716950847216	0.024653914387521295	0.03520439643153747	0.046490238559325874	0.062134056762522274	0.08753881249873731	0.12347082838158624	0.1607419736801467	0.21912956433166103	0.33143066007237026	0.5060825502845031	0.7435574135481658	1.0255796166235036	1.3441995299733156	1.7445527814762951	2.049378887781032	2.3671860347224647	2.9133882830510878	3.551440876159092	4.128806910774736	4.584830790935503	4.912909757152364	5.020202663690961	4.99331944715474	4.989309799540067	4.805307225315336	4.425335059081538	4.073198207176635	3.7580848003315466	3.572317361905762	3.299568436518415	2.9462395272145545	2.744812789320652	2.652614116080537	2.6827871014125804	2.6661602228868673	2.5362569289303893	2.2008630650381096	1.7687112953863275	1.5811248083322644	1.5809080706233631	1.4746291869371253	1.1641446783035723	0.9020855663445351	0.702423692651686	0.5201782419955474	0.39777562089354607	0.2991677039759217	0.23752904769088803	0.18040318013047765	0.13803869867273696	0.11487872635014242	0.09200515742859595	0.08040969000237715	0.06810982502222916	0.05610410407559006	0.05187771875201498	0.04858020932373113	0.04042158271008986	0.029917544460838243	0.022246577692224868	0.01662687852571295	0.012160533595854303	0.008445030014689398	0.005697105491119521	0.003583912829331981	0.0020899707644052587	0.0013623513130937984	0.0009675790575950274	0.000673435024086139	0.0005573255371747357	0.0003870316230380109	0.00031736593089116895	0.00035606909319497006	0.00023221897382280656	0.00010836885445064307	7.740632460760219e-05	0.00010836885445064307	0.00023221897382280656	0.0003483284607342098	0.0005960286994785368	0.000882432100526665	0.0005882880670177766	0.00021673770890128614	0.00018577517905824523	0.00030188466596964855	0.0004334754178025723
209180_HY5CNBGXT_TCDM_2_F07_X2_24_2_o_AATGAA_S54_trim1	0.000428872114402376	0.0007394346800040965	0.00199647363601106	0.004037313352822367	0.006788010362437606	0.011098914546861488	0.017679883198897947	0.027366477506951613	0.041201300369828255	0.05950230869992964	0.08190717950405377	0.10535465320698366	0.1259183316578976	0.14509926725720385	0.159747468268085	0.17060976371734518	0.17845516567218864	0.18163473479620626	0.18170867826420667	0.18080656795460168	0.1829583228734136	0.18834140734384341	0.20682727434394582	0.24817646164977492	0.3243160506497967	0.4462340406888721	0.6170656348102185	0.8480132684158979	1.1798419754145364	1.4713640980061513	1.8387374300725865	2.4589900283536226	3.160432554499109	3.7502648100447766	4.114502939067995	4.231784673663444	4.204115027937691	4.252518422090759	4.3866149013095015	4.284757774138938	3.96748114164278	3.6272006962516943	3.2880220085338157	3.1017584126407836	2.927089152530216	2.7055027619733885	2.6092801270644554	2.689656676780901	2.9576721708951856	3.2141155122674063	3.1874293146660584	2.7782483457921914	2.3121530895984095	2.1957364935785644	2.382340229424398	2.3932321022608583	2.107802921432477	1.8542137979250723	1.5821240187239651	1.1910665938569984	0.7988260735020255	0.5710210372863634	0.44186398173004793	0.290257689288808	0.1936135766122726	0.14965418488602908	0.11144759497021743	0.09004835533089887	0.06243786437954591	0.03657243927300261	0.024571414416536125	0.018278825289701265	0.013524260297274925	0.009302088274451533	0.007261248557640228	0.006240828699234574	0.004946818009227406	0.0038228772956211787	0.0030316821880167957	0.0023957683632132728	0.0019077414744105687	0.0015676015216086845	0.0013605598112075375	0.0010573915924058578	0.0007911951076043832	0.0005841533972032362	0.0004436608080024579	0.00037711168680208923	0.00023661909760131088	0.00016267562960090124	0.0001257038956006964	7.394346800040965e-05	0.00011830954880065544	0.00018485867000102413	0.00036971734000204826	0.0007542233736041785	0.0005693647036031543	0.0001035208552005735	2.2183040400122894e-05	7.394346800040965e-06	0.0
209181_HY5CNBGXT_TCDM_2_G07_X2_24_1_o_ACAACG_S55_trim1	0.00033081371720303617	0.0005758609151312111	0.0011394694703660134	0.0019113681438397648	0.0031059732337396172	0.00533590273488601	0.008962601264223	0.013734895443874207	0.020565586086122082	0.030637025920970073	0.042613707719709626	0.0535121818475652	0.06308127492666044	0.07296280318311409	0.08288108851925698	0.09255432665747168	0.10204990557718845	0.1119191814737457	0.12434307440870418	0.14317495156948443	0.17391612254957395	0.20840651565796459	0.266752253484663	0.3868866422689508	0.5717318698461215	0.826060230395826	1.1407804728749293	1.5018697713819913	1.9633487807002785	2.3268640464668295	2.7135240200776973	3.377840847481031	4.140887190929627	4.774983572648469	5.166814042135621	5.288908808503334	5.229570629525026	5.165711329744944	5.083841060917141	4.766462056340517	4.299996336544391	3.872787177856359	3.4739299799686165	3.2448414808055146	3.004646217396317	2.6892030856833258	2.502219821304232	2.481819642076711	2.564008472261821	2.489238445993987	2.2576627177719133	1.8857300807565294	1.5020535567804376	1.3128036058205081	1.233126509414162	1.0996921839623224	0.8634421804397691	0.7003265131388794	0.5973454282095639	0.4812420658311946	0.3553429417156465	0.26683802000393786	0.20998707008460132	0.14026501609408734	0.09324658499161877	0.07267487272554848	0.056440495862806896	0.04848871429003762	0.037204290825445165	0.025356258805617905	0.01980593977254474	0.016326269561964656	0.01228299079614977	0.008527642487900488	0.006597895804216111	0.005274640935403966	0.004141297644986157	0.0032223706527555007	0.002260560400887414	0.0013906428482423929	0.0008944222724378385	0.0007412677737327292	0.0006983845140952987	0.0005207252955973718	0.0003675707968922624	0.0003369398971512405	0.00034306607709944494	0.00028793045756560557	0.0002511733778763793	0.00019603775834253995	0.0001409021388087006	0.00011027123906767873	0.00015315449870510934	0.00024504719792817496	0.0006677536143542767	0.0009924411516091087	0.0005636085552348024	0.00011027123906767873	1.2252359896408747e-05	1.2252359896408747e-05	1.2252359896408747e-05
209182_HY5CNBGXT_TCDM_2_H07_X10_39_2_i_ATATCC_S56_trim1	0.0005971364394865938	0.0006626758047960979	0.0010704763000552351	0.0015146875538196525	0.002089977538203078	0.0032624039620730975	0.005061095432233934	0.007762773713325719	0.011068870585605153	0.015430879454537708	0.021249318663681467	0.027883358863343505	0.034306216663674914	0.04039409548575775	0.04713736796093562	0.05513317052869514	0.06299789436583564	0.07295987789288028	0.08662847663576244	0.10385804756046098	0.1320181281884446	0.16149627827431937	0.20376188674724854	0.2949198617410678	0.45158079128588596	0.6736281609544862	0.9352103322081196	1.2447527545649077	1.687252702679577	2.0413254826883227	2.479295932444935	3.210584170568383	3.9462853926226704	4.5207088009536704	4.90921159420501	5.144184783142984	5.2023327644759165	5.245086277112816	5.325444821133969	5.091236258124606	4.605371096630148	4.202143792639275	3.8506124835741966	3.633655337944634	3.343264974561624	2.9435695141457616	2.731112738267452	2.646960193210049	2.588761236815209	2.442732248753933	2.244395565023971	1.924723669651014	1.5770519009874961	1.4074651521733035	1.3194967596245468	1.1588961860094573	0.8935272958712749	0.7109710348775015	0.5684156331776288	0.40974482976331916	0.2931430167260101	0.2188650693752387	0.17446579045390015	0.13111514137751365	0.10031892183374774	0.08063526578579333	0.06189100730727513	0.05150665898156924	0.0397896768945701	0.02853147036473749	0.023033445830440195	0.0204992570384727	0.017287828138306996	0.013064180151694502	0.010056651499158365	0.007828313078635223	0.005993210849969105	0.0043911374757367805	0.003043939411041417	0.0021846455103168064	0.0015875090708302125	0.001041347693251011	0.000684522259899266	0.0004806220122696974	0.0003641075850528011	0.00032041467484646494	0.0002475931578359047	0.00019661809592851258	0.00015292518572217645	0.00011651442721689633	0.0001019501238147843	0.00010923227551584031	0.00016020733742323247	0.00018933594422745656	0.0005170327707749775	0.001026783389848899	0.00067724010819821	0.0001019501238147843	2.1846455103168063e-05	0.0	0.0
209183_HY5CNBGXT_TCDM_2_A08_X2_24_3_o_AGTACT_S57_trim1	0.00031184611290885523	0.00032159130393725696	0.00047264176487748366	0.0007357619226443303	0.0011450599458372028	0.001983146374279751	0.0032305308259151723	0.004867722918686662	0.007669465339352159	0.011294676401917602	0.01473960143045761	0.018213762032082824	0.022852472961602047	0.028714205365185683	0.03401071668912202	0.03988706687924826	0.047122871217836544	0.056312586357619376	0.06860614483994815	0.08681016168100257	0.11558771078787287	0.14723521865260747	0.2016669831417453	0.30146261186809314	0.457414903895606	0.6968396296768938	0.9999101980646732	1.3274558137202837	1.7264288070185645	2.033933437324267	2.3766425702200706	2.989308112389144	3.7057453212241542	4.330943179055753	4.766197518552772	4.969360388517377	4.986239059378569	5.0244743163785035	5.092524985329834	4.915786200838739	4.532327551657675	4.133739493405015	3.756547002055212	3.5426498041728225	3.286789813722135	2.956125736937436	2.8059572157852797	2.8442509439313843	2.935188194012915	2.7963679478133328	2.497487811567766	2.0919806676849415	1.73145732558922	1.558670216060143	1.4463227812892137	1.265437418015535	0.9851705966342156	0.8026139330991661	0.6641883671362339	0.5050299072603769	0.35949035184671124	0.25842784828667115	0.19062568170656616	0.12333513765545226	0.0796864270392409	0.05901687686800085	0.04226002089466408	0.033348043699190706	0.025381350033472295	0.017931151492259177	0.01294161368571749	0.009896241489341952	0.007942330688147406	0.006154088134435689	0.004955429637942277	0.0036641918266790492	0.0026409467686968674	0.0019490382056803453	0.001417925294632451	0.0010086272714395785	0.0006334374168461121	0.0003946802366502699	0.000355699472536663	0.00028261053982365	0.00019003122505383365	0.00016079565196862848	0.0001169422923408207	0.00011206969682661984	8.283412374141467e-05	9.25793147698164e-05	0.00010232450579821812	9.745191028401726e-05	9.745191028401726e-05	9.745191028401726e-05	0.0005116225289910906	0.0009793916983543735	0.0006480552033887148	0.00015592305645442762	3.410816859940604e-05	9.745191028401726e-06	9.745191028401726e-06
209184_HY5CNBGXT_TCDM_2_B08_X2_24_2_i_ATAAGA_S58_trim1	0.002211042446919219	0.0025046965219006775	0.003705223475501347	0.005605338078322551	0.008490057520787471	0.013551271871938494	0.022075876930959075	0.03370976043095981	0.049964377169639376	0.07206616475427328	0.09707858243504695	0.12243647549815176	0.14789801117595588	0.1729277026258461	0.1925075199194628	0.20888305304195823	0.22578543612250868	0.23670245820417232	0.24293828885524918	0.25502992723683865	0.2775981065876196	0.3012804440464184	0.3402327934042531	0.4227323147049264	0.5575540826596491	0.7528599531759941	0.988836913077271	1.2484357522454388	1.5987305161600862	1.8783496537343427	2.203528357353517	2.745328762578867	3.315414964732578	3.8015333752107074	4.178058357528846	4.465182947784246	4.574050877641342	4.571848472078982	4.601922104110907	4.470961023553734	4.1765555396157055	3.906195142287923	3.64737362273	3.486192083103412	3.2379939315521717	2.9428974968494805	2.8130678481694424	2.780420424539151	2.8622376319597205	2.8714013664760536	2.7284004688446415	2.374348660147143	1.9425130691177916	1.7639454808753896	1.7790859395060514	1.644246897782212	1.2680760277309635	0.9742319412892225	0.7476260011336775	0.5408762585776139	0.41353403265036015	0.31835556481813443	0.2614384955790811	0.2019994560490105	0.152682845221242	0.1258653186677882	0.10099109113994698	0.0879493954569469	0.0759095783827071	0.06584760787231299	0.06237558027988515	0.0591453854550891	0.04918705755939434	0.03571351764848035	0.02588474302115976	0.01836201657089945	0.013145338297699418	0.009535120552339132	0.006926781415739117	0.004845292237194069	0.002901993211581475	0.0018051088726801436	0.0012609851455086171	0.0008723253403860981	0.0005786712654046393	0.00044048111247218814	0.00044911799703046634	0.00046639176614702275	0.00031092784409801513	0.000172737691165564	0.00016410080660728577	0.00016410080660728577	0.000172737691165564	0.00018137457572384218	0.0004836655352635792	0.0009327835322940455	0.0006132188036377522	9.500573014106019e-05	1.7273769116556398e-05	8.636884558278199e-06	1.7273769116556398e-05
209185_HY5CNBGXT_TCDM_2_C08_X10_39_3_o_GGTGAG_S59_trim1	0.000719289329064896	0.0006130306781803092	0.0005312932544229346	0.0005885094510530969	0.0006457256476832589	0.0007438105561921085	0.0008827641765796452	0.0010135440545914445	0.0014222311733783173	0.0019535244278012518	0.0027708986653749972	0.0041113924149959406	0.005435538679865408	0.007528016728054197	0.010642212573210167	0.014443002777928083	0.01974776157978169	0.028828789359226007	0.04220920562830822	0.060461172353329956	0.08972317005847004	0.12134737931019826	0.16638469980051163	0.2522416897152579	0.3978405626542692	0.6365547087376816	0.9403563653590913	1.2711558930475617	1.725035633429887	2.091652500208839	2.535298715136741	3.327309830118573	4.143842172227618	4.7832903857663105	5.2574001385285865	5.522915985862041	5.573789358408631	5.641026563191447	5.719183887788249	5.45218041934241	4.939882942200689	4.453340927284916	3.9342347227442067	3.6201423244717432	3.323043136598438	2.9042450984927783	2.6560085425416315	2.540815991240364	2.427176450990486	2.181874268552229	1.9423182270041157	1.654275545683128	1.3398235027461323	1.1767082998959155	1.0806259582691218	0.9255945866285094	0.7116141849740786	0.5828777425562137	0.4780086278755021	0.3539966085508135	0.2504107714230927	0.17701873863134607	0.12863835750935607	0.08962508514996119	0.06368162684937051	0.04763657056579789	0.03473023135450845	0.028338364816681758	0.021791197173716057	0.01535028818163494	0.011647582885425875	0.01024987293917477	0.008762251826790553	0.006784206171862087	0.005247542605223446	0.0042094773235047895	0.003555577933445793	0.002689161241617623	0.0018145708074137153	0.001275103810615043	0.0008664166918281702	0.0006375519053075215	0.00048225080016850983	0.0003678184069081855	0.00023703852889638623	0.0001634748475147491	0.00012260613563606183	9.808490850884947e-05	7.356368138163711e-05	3.269496950294983e-05	4.0868711878687274e-05	6.538993900589965e-05	0.00017164858989048658	0.00026973349839933604	0.0005803357086773593	0.0011034552207245566	0.000719289329064896	7.356368138163711e-05	8.173742375737457e-06	0.0	0.0
209186_HY5CNBGXT_TCDM_2_D08_X10_39_2_o_TTCCGC_S60_trim1	0.0003252061123080092	0.00034737925632900987	0.0004730270724480134	0.0005986748885670169	0.0007391048007000209	0.0009534451929030271	0.001234305017169035	0.0018551530497570527	0.002542520514408072	0.0037029150515071048	0.00528459932500515	0.007206271806825204	0.00954923402504427	0.012269139691620348	0.015395552998581434	0.01871413355372453	0.02361439838236567	0.032239751406534914	0.043924998305602245	0.06036268907317072	0.0884264983557505	0.11904761024875236	0.1624626262418716	0.25246341782311316	0.4118070218060306	0.6578697920550817	0.9606958109978941	1.303440880226515	1.7859211030754816	2.1839142561564286	2.6956999843531513	3.5783906746851653	4.47505044575041	5.153600390129078	5.588260532372753	5.812800570825419	5.848684108899406	5.87493711142027	5.9258983874285365	5.562332735964197	4.900870894577713	4.358360579815891	3.860004385847887	3.5694105513566603	3.250398137278517	2.797149509297236	2.4992311462310717	2.34894157605673	2.2551491768478966	2.0376528071459017	1.799343246256194	1.4957707314646744	1.160837999979453	0.9812355334093479	0.8549003498256932	0.7081732647907251	0.5530425581717977	0.46108313886870106	0.38243499702621186	0.28683918210367115	0.20258123482386875	0.1443471675767141	0.10705933038139803	0.07583954359982915	0.054937659836032555	0.04254287232829321	0.031330652501673883	0.024663927199359698	0.018425882681451525	0.012224793403578347	0.008507096256057242	0.006940194078573196	0.005705889061404162	0.004102031643885116	0.0031190222589540886	0.0026386041384990747	0.0021064486819950597	0.0015299469374490434	0.0011825676811200335	0.0009386630968890266	0.0007464958487070211	0.0005099823124830145	0.00034737925632900987	0.0002660777282520075	0.00021434039220300609	0.00014782096014000418	8.13015280770023e-05	6.651943206300188e-05	5.9128384056001676e-05	4.434628804200125e-05	6.651943206300188e-05	0.00010347467209800292	0.0001626030561540046	0.00019955829618900566	0.000495200216469014	0.0010125735769590286	0.00070954060867202	0.00011825676811200335	2.9564192028000838e-05	1.4782096014000419e-05	1.4782096014000419e-05
209187_HY5CNBGXT_TCDM_2_E08_X2_24_1_i_GAAGTG_S61_trim1	0.0007063466720035082	0.0006327688936698094	0.0006622000050032888	0.0007578511168370973	0.0008829333400043853	0.0012655377873396188	0.0018394444583424692	0.0024059933515119497	0.003193275579682526	0.004510317811855734	0.006415982270698532	0.008954415623211141	0.01132362008555624	0.014487464553905286	0.018394444583424693	0.023743549068284592	0.03151336246032318	0.040769446974702486	0.05349840262643238	0.07431355611703576	0.10596671635619297	0.1389810654945236	0.19089754588678146	0.2956943755674686	0.46279686794113184	0.7071633853430123	1.0112456276405226	1.3502920302022066	1.80202280028195	2.155409511840872	2.554833839303189	3.266198515789055	4.079541993045428	4.817335807508759	5.43281392327015	5.800879401606644	5.858755682043932	5.833430210741473	5.884640344461727	5.69934206750614	5.227634930608797	4.694460917691483	4.118611793340622	3.7880415508429808	3.437568519306073	2.9515137156336593	2.6429358710799598	2.509818954518632	2.409260204869966	2.150700534027515	1.88863856093638	1.552034940615375	1.1182645062268874	0.8429585330356867	0.6698741672834937	0.527986779544789	0.40684096751835397	0.330275931384307	0.26545390867231844	0.19132429700111692	0.1367075121440123	0.09791730740648633	0.07028149386434906	0.05152651816708925	0.038591544736025	0.02862911354964219	0.02087401571327034	0.017099475684751595	0.01370018232573471	0.010470117856885335	0.008512948953208947	0.0073872089447033565	0.005937726711529491	0.004591253368022803	0.0035023022486840617	0.0025605066860127173	0.0019645266815097573	0.0013538311213400574	0.0007284200055036178	0.00042675111433545284	0.0003163844468349047	0.00022809111283446617	0.00018394444583424692	0.00017658666800087706	9.56511118338084e-05	8.829333400043853e-05	0.00010300888966717828	4.4146667000219265e-05	3.678888916684938e-05	5.150444483358914e-05	4.4146667000219265e-05	8.829333400043853e-05	0.00019866000150098664	0.0002869533355014252	0.0006474844493365492	0.001133097786338961	0.0007063466720035082	8.093555616706865e-05	1.4715555666739754e-05	0.0	0.0
209188_HY5CNBGXT_TCDM_2_F08_X10_39_3_i_CAATGC_S62_trim1	0.0018763957159071212	0.0015558447811063214	0.0013447502630667702	0.0015792997275551604	0.0018216675075264969	0.0024784060080939893	0.0038935211105072766	0.00569955198706788	0.008256141149991333	0.011664926700555937	0.015769542329102763	0.020921812232364403	0.02628517665366559	0.03318093090962426	0.04092106323774113	0.050123220561168975	0.06019321090320386	0.07486037074921119	0.09391360558115142	0.11784546927445015	0.15392699522824752	0.19298729938104742	0.2491149862331192	0.3568670102190856	0.534858780503842	0.788805485705422	1.090232820834935	1.4149352811571794	1.8568186539378237	2.2197839502336074	2.6588292744939417	3.401514517165463	4.1337388537208035	4.683538435112555	5.079418839591543	5.3293938405277865	5.382198743299606	5.401126885083819	5.4339247185347785	5.136946004915062	4.606903306748715	4.188381060631115	3.835720304141854	3.6170420200838453	3.3232375425502045	2.913933090386998	2.6518162455057395	2.4983896224684004	2.366565005110442	2.1673543266049693	1.9812549631643976	1.7168708067930842	1.3832007386119003	1.2130507387565392	1.1298482253870243	0.9811438649013848	0.7531774220496356	0.5817999466634517	0.4566990806208275	0.3351477298074607	0.2530319622900753	0.19116563187352092	0.15174568520850548	0.11844747956663702	0.09154465598981867	0.07595493491682367	0.06256997881001954	0.05484548311286856	0.04375911175805065	0.03345457195152738	0.029779963674542605	0.02767683680963004	0.02317348709145295	0.017348842056657925	0.013080041802969225	0.009983988871722475	0.007357034869452504	0.005355546105818242	0.003948249318887901	0.002744228734514165	0.0017513026681799798	0.001016381012783024	0.0005941919767039217	0.0005003721909085657	0.0004690989289767803	0.0003674608276984779	0.0002658227264201755	0.00017982125610776578	0.0001407296786930341	0.00011727473224419508	6.254652386357071e-05	7.818315482946338e-05	0.00015636630965892677	0.00021109451803955114	0.0006176469231527607	0.001063290905680702	0.0006254652386357071	6.254652386357071e-05	0.0	2.3454946448839015e-05	4.690989289767803e-05
209189_HY5CNBGXT_TCDM_2_G08_X5_36_3_i_ACGTCT_S63_trim1	0.00024780087052445813	0.000268450943068163	0.0004405348809323701	0.0005919687462528723	0.0007365192540588062	0.0012321209951077223	0.0019273401040791188	0.0025950257829922426	0.0037927299905271238	0.005685653307033401	0.0075854599810542475	0.009850084603347211	0.012507060603970568	0.015053902884360832	0.01811699697834372	0.021765176461064906	0.027333812690350644	0.034884855883832055	0.045898227907141306	0.0662110159326323	0.09408173050911928	0.12401056898246217	0.17886404501605682	0.28589337101007906	0.46742815874178834	0.7300144812075392	1.0430420475400464	1.4253643739717123	1.9310915339245587	2.3108050678582033	2.68538361708598	3.3412299210740457	4.093966365437176	4.720227998827626	5.089809230499827	5.242860684836252	5.240981528234776	5.158649689003024	5.019784834504123	4.703701057435148	4.274179548526087	3.833032048774921	3.4185506760351916	3.181184975502819	2.9439294086906798	2.625622307144498	2.4174489258314096	2.31914769716586	2.264163437339489	2.166034292611803	2.0174226038722742	1.7927429312392509	1.62390793812192	1.5816028228373833	1.5647179468541474	1.46327102380444	1.2504031926664159	1.0769356999417807	0.8812211957300605	0.6370616213308091	0.4401287628390105	0.3458474149619688	0.3384340389187787	0.3232906523867285	0.29009221909396565	0.24216340072002676	0.18198220597015624	0.13974592426076526	0.08094140101380844	0.03372156846387001	0.019700169206694422	0.014530767713253644	0.011584690697018419	0.008370162737715032	0.006876474157053713	0.005933454177557859	0.004756400042566683	0.003985464000935035	0.0028152932234584275	0.001686422591069229	0.0011564040624474714	0.0008122361867190574	0.0005300185286217577	0.00038546802081582376	0.0003028677306410044	0.00025468422803902644	0.00020650072543704846	0.00013078379277679737	8.260029017481938e-05	4.818350260197797e-05	6.195021763111453e-05	0.00014455050780593393	0.00025468422803902644	0.0003372845182138458	0.0005437852436508944	0.0009017198344084449	0.0006126188187965771	0.00011013372023309252	3.4416787572841406e-05	6.883357514568283e-06	0.0
209190_HY5CNBGXT_TCDM_2_H08_C64_4_2_i_CAGGAC_S64_trim1	9.600842569943938e-05	0.00014401263854915908	0.000306026856916963	0.000474041601890982	0.0007080621395333654	0.001098096368937338	0.0017761558754396285	0.0027362401324340225	0.00390634282064594	0.0057665060685725775	0.007926695646809964	0.010380911028751882	0.0131951580070667	0.015871392873438573	0.018307606675561847	0.02113985523369531	0.02443414434050732	0.02825647978866625	0.03521709065187561	0.04941433660218021	0.06891004754577261	0.09025392068407924	0.13409976859569195	0.21991930011777835	0.354709129273185	0.5572689059191835	0.8081869264846683	1.1180361188497903	1.5717599376521285	1.9392381875433389	2.320103612293015	2.9853759965974613	3.7258049766447505	4.331660146494457	4.729393051534203	4.8372165141212795	4.768012440771803	4.789464323389021	4.871881556325383	4.66950179547757	4.234763642857297	3.8666253350394033	3.5862147262043718	3.4231744177869046	3.1791570028185676	2.8215976234074303	2.652706801548904	2.7411245610914814	2.891599766795534	2.8035960435887852	2.506059931819616	2.1289628377786434	1.901470873083822	1.8372052331312596	1.7893390323934828	1.6887822075265326	1.4029231205330581	1.139139970923848	0.9571680010637733	0.779120375604163	0.586791496821761	0.4512396007873651	0.37958131205594603	0.29446984267339305	0.2298861748107014	0.18435417892274225	0.1387261746090837	0.10899956580189478	0.06430764363880574	0.027668428181257188	0.016651461332246518	0.012055057951885858	0.008970787276291367	0.006666585059504823	0.0057965087016036525	0.004782419705153324	0.003708325442640846	0.002958259616863976	0.0019621722002322924	0.0012901132203362166	0.0009720853102068238	0.0007020616129271505	0.0005220458147407016	0.00042003686243504725	0.00032402843673560793	0.00021601895782373862	0.0001260110587305142	0.00010800947891186931	0.0001260110587305142	0.00015001316515537402	0.00014401263854915908	0.00010200895230565434	0.0001260110587305142	0.00018001579818644885	0.0005280463413469167	0.0009600842569943938	0.0006060531872277112	9.000789909322443e-05	3.0002633031074806e-05	1.8001579818644885e-05	0.0
209191_HY5CNBGXT_TCDM_2_A09_C64_4_3_i_AAGCTC_S65_trim1	0.0002545214858200778	0.00030401177472953733	0.0007564944161874534	0.0014069382132832077	0.001930121267468923	0.0028280165091119753	0.00456724666221584	0.006801379704414301	0.009544555718252917	0.013341167881735744	0.017986184997952164	0.022949353971443678	0.028011503522754114	0.03283327167079003	0.036834915031183475	0.04117592037267036	0.04683195339089431	0.052898048802939496	0.06011656094244782	0.07197302015689977	0.08590807150554904	0.10182273441057667	0.13496001785609624	0.19595326391636878	0.29465811012564946	0.4515706061337274	0.6697520798117162	0.9520729679163648	1.3662289156345409	1.706997834941261	2.1142392822946583	2.8340048340700195	3.5425926505931162	4.078395728450744	4.481741583062839	4.707813222801251	4.759141722441633	4.803124449199597	4.89771453138812	4.803810243203057	4.496454338951494	4.175509815373649	3.8903397006360705	3.7350533141207323	3.5184484596465726	3.1444574163990593	2.9498050400768827	2.99127790218301	2.9943250899715776	2.769462427290812	2.4856002701886974	2.160159200361364	1.91798200660356	1.8607783026654976	1.8290620975158065	1.6575499662794382	1.3118178779992264	1.0697113846541502	0.8722875521530431	0.6523668483219505	0.47772975884301316	0.3487509959036888	0.2716027055351141	0.21029837765883927	0.16674692341851485	0.13942121389922038	0.11465485932067225	0.09847860488855177	0.0710821949565295	0.044880621999607045	0.031207162178050644	0.023324066158901015	0.018749749455412395	0.014366323866288834	0.011983719957361996	0.01036468050589539	0.00803156688587801	0.005302530954584954	0.003132028283841513	0.0019725415151056027	0.001590759286375486	0.001237257222736489	0.0008059847050969129	0.0005585332605496151	0.0005090429716401556	0.0003888522700028966	0.00032522189854787716	0.0002545214858200778	0.00013433078418281883	9.19105365461392e-05	7.070041272779938e-05	9.19105365461392e-05	0.0002050311969106182	0.00030401177472953733	0.000678723962186874	0.001357447924373748	0.0008978952416430521	7.070041272779938e-05	2.1210123818339813e-05	1.4140082545559875e-05	1.4140082545559875e-05
209192_HY5CNBGXT_TCDM_2_B09_X5_36_2_i_GACGAT_S66_trim1	0.00031625031364124857	0.0003921503889151482	0.0008475508405585461	0.0014610764490225684	0.0019101518943931413	0.0024730774526745634	0.0036368786068743586	0.005294030250354501	0.007362307301568266	0.009791109710333055	0.01266266255819559	0.016097140964339552	0.02003129486603668	0.024882574677293438	0.029348029105907867	0.033819808540795124	0.040808940472266714	0.04996122454904445	0.06307928755888344	0.08465388395548941	0.11176918584709006	0.14035821420025893	0.19207779049314871	0.29050753811085095	0.44906912036430013	0.6753841698122505	0.9652592072958188	1.3187321828526424	1.7851001953731187	2.151741833989964	2.5329246620280337	3.1877272614285115	3.893990111864693	4.470337333457051	4.824797009992435	4.953055487192779	4.93902029827338	4.881842241567043	4.792457252919481	4.557995595392131	4.199835790187145	3.804080147696486	3.4210124677891147	3.2116927101962456	2.9977240729928494	2.7149962925975735	2.591437295057937	2.6067311602256282	2.626888955217121	2.502229406586014	2.296394727449471	2.0184170267650865	1.805295940402249	1.7583264438202506	1.7739175842827641	1.6554944918366625	1.3502749891352206	1.1260218917322111	0.9051336976663447	0.6523231969415306	0.46818961432705003	0.35573732780249484	0.3082365306935793	0.2669215897194866	0.22840230151798252	0.19420931760709073	0.15629090500150503	0.13274290664777766	0.09560246981374944	0.0589427334564559	0.04275071739802398	0.033838783559613596	0.026957176734780028	0.020334895167132282	0.01652724139089165	0.013927663812760584	0.011113036021353474	0.008020107953942063	0.005256080212717551	0.0033838783559613592	0.0023149522958539393	0.0016634766497529672	0.00113217612283567	0.0008032757966487713	0.0005755755708270724	0.0004554004516433979	0.0003795003763694983	0.00025300025091299884	0.000215050213276049	0.00018342518191192416	0.00011385011291084947	9.487509409237457e-05	0.00017077516936627422	0.0002846252822771237	0.0006831006774650969	0.0011511511416541448	0.0007400257339205216	0.00015180015054779933	4.42750439097748e-05	0.0	0.0
209193_HY5CNBGXT_TCDM_2_C09_C64_4_1_i_TCGTTC_S67_trim1	0.0012904075626597612	0.0010055123864881256	0.0008965818779519119	0.0012233734035605529	0.001432855150745579	0.0016255783581558031	0.0020277833127510534	0.002865710301491158	0.00408070443516431	0.005136492440976841	0.006418520733749202	0.008580372364698673	0.011328772887766216	0.01567761395932736	0.02168555046859391	0.030860850995298054	0.04339623874685002	0.05866326848169473	0.08261960108977433	0.11655564413374858	0.1536674304650478	0.18989939345816992	0.23733444029074724	0.32508215455161105	0.4653008568473801	0.6445501982786633	0.8471358063463585	1.0768032146901336	1.3740913310252356	1.6036246710508124	1.8188881144581452	2.197530562130024	2.5362038924389996	2.7126796955375525	2.866254954033839	2.9749676015529802	2.97564632241386	2.9253036689303547	2.8340450405866693	2.664959753528804	2.469253526038665	2.3604068102013254	2.31531795893722	2.3019278856571534	2.1764231812836607	2.118497288552057	2.279396028929932	2.5618193204847843	3.141539107644626	3.683309181484428	3.7888460857162443	3.572158166428053	3.1994733796461166	3.1212528952472276	3.468942319955047	3.3606234981206136	2.6964993253849814	2.1973964938118256	1.7753494281232094	1.4825526004477547	1.395910949812028	1.4056811785007375	1.6121380092564117	1.5947258864303926	1.3751638775708228	1.1321818093759672	0.8845157293140546	0.7621029755290126	0.5450128512862263	0.3087677160808412	0.19793511328018754	0.15843523503097898	0.13302928873237901	0.11054770762448203	0.10515983708688315	0.0984396626371875	0.08137946914643897	0.06201497643665515	0.043044309411579176	0.027433729611351026	0.01690098736288791	0.009661298180173408	0.005572214475121697	0.004357220341448545	0.0035947067816950494	0.0027819176026171477	0.002153472361062069	0.0018518186451156314	0.0014747515001825842	0.0011060636251369383	0.0008714440682897088	0.0006452037813298806	0.0004776183835818597	0.0003267915256086408	0.0004524805739196565	0.0008882026080645109	0.0006703415909920838	0.00015920612786061989	6.703415909920839e-05	2.513780966220314e-05	1.6758539774802096e-05
209194_HY5CNBGXT_TCDM_2_D09_C14_4_3_o_CCAATT_S68_trim1	0.0010881316428681745	0.0010764313026222802	0.0014859432112285824	0.002228914816842874	0.0028607331901211687	0.004077568575694182	0.00679204751274167	0.010717511665239226	0.015426898614211702	0.021505225371953818	0.02847862815850685	0.036651315820264055	0.04481815331189831	0.053142945396852145	0.061877249390412274	0.07170553519696353	0.08276235672933369	0.09543967538576022	0.11502019478726441	0.1444465505056887	0.17679799128558657	0.2077804922567148	0.25943164427221543	0.3604465317851443	0.5175294497563989	0.7414622617225709	1.0245987953329683	1.3443222928922773	1.75720974965952	2.081607533147064	2.4253050278702104	3.0384087069251975	3.6644588124622666	4.127710383817961	4.505063907258424	4.752075640359622	4.80431765955754	4.791330281884598	4.7364732366417215	4.5004598233716635	4.154627016553642	3.8423215347102295	3.5662403062681065	3.4164467002700443	3.190799788457848	2.8481611745269553	2.6862226153536546	2.718041690652364	2.7493225502997625	2.587237736873388	2.346403783422022	2.055369520145646	1.8094400685171925	1.7415371439001446	1.73604968432482	1.5707999288619312	1.2287872831341935	0.9973604032405263	0.8148818967655579	0.6254007366534219	0.48404307597264934	0.3821272622607866	0.3328512793152025	0.28288497629511067	0.23279581970243696	0.197794251856844	0.16924542165686177	0.15123859801843037	0.1134816000449293	0.07492312876458447	0.05513200323865418	0.044859104502758936	0.03859357230108251	0.030707542975349725	0.02665337508014733	0.023201774707608497	0.017649963260931628	0.012355559299664434	0.007616921500077222	0.004592383546513533	0.003205893227375052	0.0021587127753675077	0.0013806401490155335	0.0009301770495486009	0.0005908671824176648	0.000468013609835774	0.00044461292934398533	0.00039196139823746077	0.0003217593567620946	0.00020475595430315114	0.0001228535725818907	0.0001170034024589435	0.0001872054439343096	0.000234006804917887	0.0006259682031553478	0.0011349330038517521	0.0007312712653683969	0.0001228535725818907	1.755051036884153e-05	5.850170122947175e-06	1.170034024589435e-05
209195_HY5CNBGXT_TCDM_2_E09_C64_4_2_o_AGTTGA_S69_trim1	0.0005677475922565153	0.0006047746091428097	0.0009627024390436562	0.0014255401501223372	0.0017587833020989874	0.002425269606052288	0.003474368417830632	0.0049677914322445085	0.006979592683066509	0.009324637085865159	0.01206463633545095	0.015057653533759752	0.017921076172966524	0.02145715628560765	0.026141073921723896	0.031219946404627292	0.03713809793695336	0.04496931200840464	0.05710800237762818	0.07983641957633193	0.1047802866187323	0.1263300104465557	0.16846058449367776	0.2538325430945107	0.3953066034475609	0.6119208234018646	0.9022064646209322	1.2413986239773138	1.6896476904027946	2.044650385969624	2.46287054170032	3.2199742983133453	3.9682964807548378	4.5220170047809285	4.954011210793326	5.223123569522914	5.29221598303274	5.301793638067328	5.2848476066723675	5.0673447383127925	4.669588180581255	4.264210228540622	3.9010677604282886	3.6957714653022293	3.4200436128889566	2.96358689105368	2.6609712532114767	2.5683605128093734	2.462383019311317	2.166740802982699	1.8827435834648205	1.6500472958429029	1.4686025707610977	1.412432586144589	1.3893524122854655	1.2741305069047981	1.0766469123417464	0.9441827594310279	0.7896628467950402	0.583934569805307	0.39969430494858676	0.2761598342769463	0.20598129493845618	0.1527981563507752	0.1173015894957809	0.09494961363542113	0.0729555656049622	0.059150659475855426	0.043938726705069445	0.028918100188195982	0.019840309881572787	0.015446437211065844	0.012687924453036906	0.009750447780057545	0.007757160037678692	0.006374818073923699	0.004992476110168705	0.003715044027591546	0.0026165758599648098	0.0017217562852126932	0.0012774320825771593	0.0009071619137142146	0.0006664863039533006	0.00046900888055973	0.000314729643533503	0.00022216210131776684	0.00016045040650727605	0.00014193689806412882	0.0001727927454693742	0.0002098197623556687	0.00015427923702622697	0.00013576572858307973	0.00022216210131776684	0.0002530179487230122	0.0007652250156500857	0.0013699996247928956	0.0008022520325363803	9.256754221573619e-05	1.8513508443147238e-05	0.0	0.0
209196_HY5CNBGXT_TCDM_2_F09_C64_4_1_o_AACCGA_S70_trim1	0.00034029665360778256	0.0005019375640714792	0.0014547681941732705	0.002986103135408292	0.004364304582519811	0.006159369430300865	0.009477261802976745	0.014403055863949398	0.02080063295177571	0.029137900965166382	0.039525456316543944	0.05085733488168311	0.06141503855986456	0.07176856424588135	0.08152657078808451	0.08920026032694	0.09632096780368286	0.10325451212094144	0.10955850762902561	0.11854233928427108	0.13169480494621186	0.14726337684876792	0.17704784145578908	0.2380290017823037	0.33798263636324966	0.4856203395309861	0.6937883099592069	0.962877888799561	1.3294794737312252	1.635023331589313	1.9752349110336938	2.5611832114645945	3.1690381089714963	3.617974469243563	3.98337650847126	4.210788254661001	4.245005083181264	4.250305203561204	4.27500223319679	4.19632564688267	3.9847972470000723	3.780865969909268	3.630642012174113	3.553505268217569	3.3976153711998434	3.1014381787323098	2.8910412652229582	2.873550017227518	2.924662574599407	2.7905346485798996	2.5325982925615405	2.351637039589262	2.306420121741128	2.3223289902972915	2.343631560813139	2.2331712670520525	2.046501537715504	1.9069288652382714	1.6501410104258387	1.2318398563948123	0.7857619880130503	0.5039963588258064	0.3460646818864345	0.23378380102854665	0.17320248927002116	0.13901969041511938	0.10747419062567794	0.08631624618761405	0.06469890126717966	0.04545512550565956	0.03276206032608927	0.02508837078723377	0.01884392719353096	0.012590976183487956	0.008847712993802348	0.006474143834888064	0.004645049321746232	0.0033263997890160745	0.0023565543262338944	0.0016164091046369671	0.0013526791980909359	0.0012761124510291847	0.0010889492915449044	0.0007146229725763435	0.0004594004823705065	0.00039134115164895	0.0003147744045871989	0.0002637299065460315	0.00017865574314408588	7.656674706175108e-05	7.656674706175108e-05	8.507416340194564e-05	0.00013611866144311305	0.00022970024118525325	0.0005870117274734249	0.001054919626184126	0.0007146229725763435	0.00015313349412350216	3.402966536077826e-05	0.0	0.0
209197_HY5CNBGXT_TCDM_2_G09_X5_36_1_i_CAGATG_S71_trim1	0.00026591890271223984	0.0003822584226488448	0.001022125782300172	0.001961151907502769	0.002517919610056521	0.0030829972783200307	0.0043710419633324425	0.006274024110866909	0.008434615195403857	0.010919294942621349	0.014343000815041437	0.018705732812664123	0.022977055187479473	0.026226251779994655	0.02909318994986099	0.0327661947935738	0.037278506173972124	0.04378520932471224	0.05156333722904526	0.06248263217166661	0.08047370793329157	0.10433992945171511	0.14466819304116824	0.22227496280459347	0.3491348993297514	0.5309569490592454	0.7745552838750767	1.084658274266097	1.4930349191407095	1.8362531228851138	2.203262758456553	2.8250891825519973	3.518738640276875	4.050526585907096	4.361485502766222	4.482553393191678	4.4631080734308455	4.468808709907739	4.486317807658199	4.308226932532386	3.97911905056315	3.6234774480826584	3.3156846281589507	3.144407924915139	2.9323043601392884	2.6460343514038525	2.4526115895435368	2.3877439972131698	2.4036160317188067	2.3356820620415393	2.166607499710813	2.0187150399742593	2.0445922731944437	2.2133842966910384	2.4141779981359086	2.482801694967086	2.4459802369071504	2.3469005157497116	2.0152331643418706	1.4693515168679008	0.9168717566203836	0.5822045075913199	0.4036981341800191	0.27496845537016573	0.20136708907884365	0.15907767358188774	0.11781869383294177	0.09159244205294712	0.06652127550660876	0.04503170418117587	0.032716334999315255	0.024605808466591942	0.018896862023988544	0.013985672289521864	0.010944224839750622	0.008775323789503915	0.006448533390771817	0.00457879110607638	0.002999897621222456	0.0018697422846954365	0.0012464948564636243	0.0011218453708172619	0.0011135354051075043	0.000905786262363567	0.0007395869481684171	0.0005484577368439947	0.00033239862839029984	0.00016619931419514992	0.00011633951993660493	0.00010802955422684745	7.478969138781746e-05	7.478969138781746e-05	0.0001578893484853924	0.0002576089370024824	0.0007395869481684171	0.001155085233656292	0.0006481773253610846	0.00012464948564636243	4.154982854878748e-05	8.309965709757495e-06	0.0
209198_HY5CNBGXT_TCDM_2_H09_X5_36_2_o_GTAGAA_S72_trim1	0.0010659967795869703	0.000949594832390692	0.001151766635415807	0.0018317990637730123	0.002389303126660451	0.0030509563001971914	0.004692836397492065	0.007737666279415768	0.011143954839475282	0.01461150758226968	0.01942687234523151	0.024971280882738454	0.03039928747304912	0.03625614334250397	0.042590859837290905	0.05010184864058761	0.05809069806921639	0.06868940168235121	0.08331316210116788	0.10593802478516029	0.14082797685267637	0.17890366642240638	0.2339801667010665	0.3343370244390789	0.4935810146218612	0.7244673400948161	1.0302246232880719	1.3988328315490446	1.8706221763721078	2.2366572889582157	2.6105035848430207	3.257569756470585	3.94627719310305	4.489567965595995	4.828799998235592	4.961228655635316	4.955151248708015	4.902059707949965	4.786166253470387	4.5023476741144925	4.128740308542353	3.7675266871374804	3.4122128065299773	3.205121489631251	2.981366315028637	2.6710693558947263	2.5036220916437433	2.473039011622489	2.461882803946467	2.3031840649900253	2.0699329420635038	1.848793748063669	1.7307744264431897	1.7380526113520935	1.783271704628711	1.6949838908894708	1.4554838213239911	1.27941668656221	1.0712042351194355	0.791974343050384	0.5473893463179093	0.390791968829274	0.30025575958366335	0.22193562837538847	0.16714706975558224	0.13472606425228198	0.10406334079347287	0.08384003407268786	0.05992249713298941	0.03951539786399976	0.028365316606250992	0.021356694101380337	0.017558314771817567	0.013772188278801778	0.011597309791713419	0.00953270683354785	0.00717403579825484	0.00511555925836276	0.003001944954009284	0.0017582820444911522	0.0013784441115348755	0.0010231118516725519	0.0008270664669209253	0.0006922852649041819	0.0004411021156911601	0.0002573095674865101	0.00018379254820465006	0.0001409076202902317	0.0001409076202902317	0.00014703403856372005	0.0001409076202902317	0.0001409076202902317	0.00018379254820465006	0.00023280389439255677	0.0007167909379981352	0.0013294327653469687	0.000839319303467902	0.0001409076202902317	4.9011346187906686e-05	1.2252836546976671e-05	0.0
209199_HY5CNBGXT_TCDM_2_A10_A03_4_2_i_GACATC_S73_trim1	0.0006814624638783138	0.0006814624638783138	0.0014297349732348937	0.0025187387145306304	0.003173477160217638	0.004148903824200322	0.00584587897934828	0.008244359612018031	0.011391112754044364	0.01525273338268814	0.020002927616192857	0.025120577099828036	0.029930900374263197	0.035736693326324516	0.04262480901513375	0.04998727602683866	0.058111377556995816	0.06756499899217047	0.08130114434250196	0.10363574254588631	0.13335953177916687	0.1652279234722998	0.21475421018533844	0.3001307673020146	0.4426833613389909	0.6659959383500952	0.962385343105327	1.3337088948689817	1.855675737177031	2.3094228420472227	2.841965714554482	3.7139704281368098	4.602523989984105	5.298591129803968	5.697260033181877	5.709172264290652	5.555469073663353	5.430293772455274	5.2960857530985335	4.979319284472431	4.503925724867281	4.043651278553862	3.589483270397157	3.3229579559707103	3.0639487716605682	2.7043771068965405	2.4724928010505747	2.3686566283682535	2.2848300643066732	2.0629873082960906	1.8185159898820196	1.549859435004816	1.2750830799618034	1.1359712032669578	1.05281273966016	0.9415205659024644	0.8068448762273757	0.71605670542696	0.6045440585191861	0.4462309747538868	0.3072861231727369	0.21562274077655588	0.1582930407516558	0.1125214785944957	0.08204941685185854	0.06519324237769202	0.04981356990859517	0.04039335349615966	0.031253739274732864	0.022388046239766955	0.016582253287705635	0.012573650559009672	0.010101678876313828	0.007629707193617984	0.00590600802027872	0.004963986379035168	0.0035876994421828873	0.002471971682695844	0.001970896341608849	0.0016368461142175182	0.0012293048368000954	0.0008752115957652853	0.000694824472973967	0.00046767031834786245	0.00030064520465219725	0.00022715415462610462	0.00017370611824349175	0.00011357707731305231	0.00010021506821739908	0.0001336200909565321	0.0001336200909565321	0.0001336200909565321	0.0001937491318869716	0.0002471971682695844	0.0006280144274957009	0.0011290897685826964	0.0007148674866174469	0.00011357707731305231	2.0043013643479817e-05	0.0	0.0
209200_HY5CNBGXT_TCDM_2_B10_A03_4_3_o_CGATCT_S74_trim1	0.00030883177817231036	0.0003628773393524647	0.0008184042121566225	0.0014283469740469356	0.0017294579577649379	0.002154101652751865	0.0032041296985377203	0.0049181460673940434	0.007450566648406988	0.01023777344641209	0.013225720900229191	0.017032072566202917	0.020436942920552637	0.023239591307466355	0.026721669606359154	0.03153172455139289	0.036812747958139394	0.042641947771141754	0.05080282750934506	0.06174319325109915	0.07755538029352144	0.09915816317667456	0.13031928959426067	0.18072063579198172	0.2573031959842604	0.37936123551241174	0.5654478234501373	0.8293445778983767	1.2226804513730853	1.6160394872311572	2.105205861472734	2.852655972594268	3.6582668283401025	4.307832707369923	4.685325510624392	4.800272698460127	4.766054137438634	4.737325061274155	4.696929864689217	4.507384360835961	4.220101319985623	3.932787395957469	3.6221721142662138	3.4025309536300665	3.2035506389536472	2.9133568585940357	2.647251956931864	2.4989895410257925	2.461196252171956	2.3193729788407764	2.091540055288609	1.8799053585015792	1.7482503714667232	1.743733706710953	1.7878194430450505	1.9229333459954363	2.149268435423468	2.2085486952436435	2.0413008457744284	1.6204866648368386	1.0310580538116212	0.6268049769785211	0.3887420007743957	0.2170469736994997	0.12839681177513804	0.09173847970608479	0.06319470260850901	0.04904248637376289	0.0399937152733142	0.03062839160023888	0.022343979150766656	0.016792727938119378	0.012083043320991643	0.00775167763212499	0.005327348173472354	0.00379091007706511	0.0031964089040834123	0.0026868364700991004	0.0019996857636657094	0.001636808424313245	0.001281651879415088	0.0010423072513315475	0.0008878913622453922	0.0006485467341618518	0.0004709684617127733	0.0003783189282610802	0.00028566939480938707	0.000223903039174925	0.00013897430017753966	0.00010809112236030862	0.00011581191681461638	0.00011581191681461638	0.00021618224472061724	0.00029339018926369487	0.0006562675286161595	0.001057748840240163	0.0005790595840730819	8.492873899738535e-05	4.6324766725846555e-05	1.5441588908615517e-05	1.5441588908615517e-05
209201_HY5CNBGXT_TCDM_2_C10_A27_4_1_i_CGTCGC_S75_trim1	0.0003009483635305757	0.0002925886867658375	0.0007356515552969629	0.001479662787358664	0.0018224095347129307	0.0018976466255955745	0.0021902353123614124	0.00318503684736526	0.004455707715605469	0.005316754422373505	0.006495468846201593	0.008217562259737665	0.009688865370331591	0.01156143296563295	0.014537477893879755	0.018617000155072005	0.023407094941267	0.030320547625705505	0.040093009763684476	0.053978432869914654	0.07453487803440592	0.09825964069273298	0.13543512326552382	0.1999885472428323	0.29949377977351127	0.44679128436819865	0.6588261258290187	0.9468420694045444	1.3606627886126155	1.7159156124069306	2.122538649920562	2.8001238904096537	3.5163391972285996	4.03972184011533	4.338003466757955	4.510881582252741	4.554276664338497	4.608489168157824	4.737019198415674	4.550765600097307	4.125910107559781	3.8579824672499217	3.6348794137525875	3.462628274015157	3.2545977177246463	2.9414191470872586	2.7723530441971933	2.784867480314006	2.852254834714561	2.806009102852029	2.6293189747525223	2.3243078083142836	2.048070649300274	1.9854650300091499	2.070073318545065	2.011956845676605	1.743979047306157	1.5335576234609314	1.3219909238989365	1.0247542568519046	0.7322658862072439	0.530413131045875	0.3901043162265088	0.26028689574688907	0.18166413577452614	0.1476653303723358	0.12283709038106332	0.10854204311336099	0.09130438962447078	0.06948563326850404	0.05157920563843479	0.04168970802574948	0.03369785703865974	0.023799999749209697	0.017931506660363472	0.014119494055642846	0.010616789491217533	0.007423392967087535	0.00505760444266662	0.0038788900188385317	0.002917527190893637	0.002156796605302459	0.0018056901811834543	0.0014127853732407581	0.0009195644441212037	0.0006269757573553661	0.0004514225452958636	0.0003427467473542668	0.00025079030294214644	0.0002173515958831936	0.0001755532120595025	0.00013375482823581146	0.00020899191911845537	0.0003009483635305757	0.0006771338179437954	0.001128556363239659	0.0007858096158853922	0.00027586933323636107	0.0002257112726479318	0.0003260273938247904	0.00041798383823691074
209202_HY5CNBGXT_TCDM_2_D10_A27_4_1_o_ATGGCG_S76_trim1	0.0005224001627988871	0.0005461456247442911	0.0007123638583621187	0.0010685457875431782	0.0013534913308880256	0.0014484731786696416	0.002232073422867972	0.004630365079353772	0.006981165811948764	0.008405893528673	0.010400512332086933	0.0137961133902797	0.017524150915708123	0.021180952055300333	0.025170189662128195	0.029824300203427374	0.035428229222542705	0.04407157737066975	0.05665667220173385	0.06966918534781522	0.08595857224236234	0.10963279780193008	0.14052564379290064	0.18554703964138655	0.25108451461070147	0.34354934342610444	0.482721495888117	0.6776242475359928	0.941863748064448	1.2267380550234595	1.589948640940358	2.118356405611433	2.7143912459030175	3.191603794619801	3.5123812400402623	3.7660540100030135	3.910758855098305	4.010157358801766	4.103666987942766	4.045894279029598	3.8816944096771304	3.7072602462261934	3.5124762218880443	3.3482526070736305	3.1748394984863455	2.9617952139121813	2.7387303443970565	2.5784484762655797	2.4776014993834488	2.3004128623468447	2.085397704431212	1.8575362516031153	1.673057757749272	1.634970036788844	1.7544809467600624	2.218182327629911	3.1014422756131017	3.6275942213993626	3.898743651353931	3.580886897752753	2.4388251600266044	1.5316060409405008	0.8585409220980256	0.3983301241341514	0.22391970614515935	0.16061430459871237	0.11799120040671227	0.09840119430175401	0.0893304278386097	0.07145009499372051	0.04483143215292267	0.028755754415884193	0.019471278795231247	0.011445312657684708	0.007551056898638459	0.005271492551879679	0.0038467648351554412	0.003395601058192766	0.002801964509557667	0.0019708733414685285	0.0014959641025604493	0.001163527635324794	0.0009023275539253504	0.0008073457061437346	0.0006411274725259069	0.00047490923890807917	0.0002849455433448475	0.0001662182336178277	9.498184778161584e-05	4.749092389080792e-05	4.749092389080792e-05	2.374546194540396e-05	4.749092389080792e-05	9.498184778161584e-05	0.00035618192918105936	0.0006886183964167149	0.0004036728530718673	2.374546194540396e-05	0.0	0.0	0.0
209203_HY5CNBGXT_TCDM_2_E10_A27_4_2_o_ATTGGT_S77_trim1	0.0011752886626484331	0.0009989953632511682	0.0012986939722265185	0.0019686085099361256	0.002250677788971749	0.0025386235113206155	0.0033378198019215497	0.004836312846798302	0.006475840531192867	0.007886186926370985	0.00952571461076555	0.011758763069797574	0.014438421220635999	0.01804068097165345	0.02252440721965722	0.02895911264765739	0.03773851895764119	0.049015413675752906	0.06460561778578437	0.08716528366532103	0.11898034776321412	0.1532047536195365	0.20192046868631403	0.2881396449782031	0.4198131102980203	0.6127191149418209	0.8721464578915228	1.1827752514295036	1.5933976043856133	1.926885762412106	2.280318569043743	2.877541502968544	3.5373896932825675	4.081630614295177	4.454361660767501	4.665954755147412	4.713213112272506	4.726916978078986	4.749793971897438	4.570192234914818	4.225415429283586	3.9042031613384562	3.582250461535858	3.392218037672233	3.2205730049357424	2.9775644446032388	2.882442456691788	2.925446268858094	2.955410253312316	2.8107204660536675	2.5747166261505487	2.2755527735167034	2.0019396964088347	1.8802091731750237	1.8273858242322898	1.6597015142889244	1.3509061710646753	1.1329723943497763	0.9538231435022755	0.7465844936174774	0.5635744195131767	0.4187083389551307	0.31287359488363936	0.21939701109989626	0.15970997636729556	0.12944041686078517	0.1041599577272174	0.08875779980320966	0.07173961996806036	0.05418080734809277	0.04081777525378008	0.03202073961385656	0.02643224202296326	0.02030311164725168	0.017088697154908218	0.014685231839792172	0.011382670697750074	0.0081388739888404	0.005324057641797402	0.0036375184108969004	0.0025738821712000684	0.001921596963430188	0.001451481498370815	0.0010518833530703475	0.000746308300781755	0.0005817678880109744	0.000464239021746131	0.00037609237204749857	0.00028206927903562395	0.0002056755159634758	0.0001527875261442963	0.00015866396945753847	0.00027031639240913957	0.00031732793891507693	0.000781566960661208	0.001386840621925151	0.0008697136103598404	0.00012928175289132765	2.9382216566210827e-05	5.876443313242165e-06	0.0
209204_HY5CNBGXT_TCDM_2_F10_X4_24_1_o_GCCACA_S78_trim1	0.0004562312884069348	0.0004040905697318566	0.0010428143735015654	0.0020660759774999765	0.002737387730441609	0.0035781568190772464	0.005220589457342211	0.007768967082586662	0.011066867538785363	0.015303300931135473	0.020198010896758444	0.025366459635425578	0.0310106924320028	0.037241508313674655	0.04316599747313042	0.049214320839439496	0.055946991138358985	0.0648043957232879	0.07719433399845338	0.0944463942900699	0.11917413012172576	0.14825561596275066	0.19384615685427223	0.2745078486446183	0.39658230624264534	0.5754184537083293	0.8221678872483028	1.1350969279666194	1.5440756900742647	1.876342419831201	2.2477472765436177	2.879138791749644	3.567291996823327	4.1374703083048106	4.548306583515256	4.751811808504086	4.768535944019117	4.705035066262706	4.6396636402238265	4.45630428541308	4.140311977472602	3.8208979348690733	3.5153859113822863	3.3611145600023984	3.201583513626162	2.950910491005889	2.820676010935212	2.8589603336223885	2.9465502234066854	2.842777158063611	2.5879980538476755	2.2457919995933024	1.9458525154149147	1.8243711584918165	1.7934973354463357	1.6733781547986242	1.4536441311221757	1.2991120761489126	1.127178056317842	0.8847106792990592	0.6335032143123666	0.4600180081007124	0.3455365426597437	0.23929331076943733	0.16981580313489553	0.13116649541699377	0.09859158142473863	0.07912354058943127	0.05828680588890312	0.038277805097341834	0.026969786734684236	0.020087211869573903	0.015388029598982472	0.01129498318298883	0.009235424795323239	0.007840660570764895	0.006204745522334313	0.004751322989266507	0.0034412874325551656	0.00241150823872237	0.0017206437162775828	0.0011470958108517218	0.0008146987292980979	0.0006061358545977848	0.00039105539006308704	0.0003128443120504696	0.00028677395271293045	0.000241150823872237	0.0002281156442034674	0.00018901010519715872	9.124625768138697e-05	5.8658308509463046e-05	6.517589834384784e-05	7.82110780126174e-05	0.0005735479054258609	0.001173166170189261	0.0008277339089668675	0.00018901010519715872	1.3035179668769567e-05	1.955276950315435e-05	2.6070359337539134e-05
209205_HY5CNBGXT_TCDM_2_G10_A27_4_2_i_CATCTA_S79_trim1	0.0009738264894871523	0.000997871587993008	0.0015208524804953675	0.0023323745550679945	0.003107828981881838	0.004616658913124278	0.0070452138622156945	0.010201133041109244	0.015004141467653902	0.021917107288087392	0.03043508343378674	0.0389350257556067	0.04628080334914559	0.05463647507993041	0.062042365419733944	0.06828807975662994	0.07556773332927773	0.0835987962302335	0.0910768218655546	0.10383875789753746	0.12741497698252888	0.15328149170020308	0.1891267222978073	0.25689182116193493	0.37057103562299376	0.5461182885396192	0.789610978559166	1.1007665757741905	1.5437975157445802	1.905880631595007	2.307854565866648	3.0063286098139947	3.7603648651337473	4.346301836799063	4.717960913129447	4.917198599348967	4.9585802138775446	5.020051508207764	5.159879767293941	5.007115245211613	4.582045993825099	4.199921288370041	3.8171834329030845	3.5692303771107015	3.312068048590575	2.9446709659703547	2.7680176385224597	2.766683135555385	2.742980679703238	2.5345216982067225	2.2653548542575486	1.9547042041111469	1.6828262753054373	1.5679027269967005	1.5021574164070648	1.369470551577127	1.165562104972845	1.0294608361550757	0.885605023069168	0.6875756030495678	0.4942409885132356	0.35142512593770625	0.2518483617503317	0.16608550665457117	0.11399180074163501	0.0874640458150498	0.0647955291986544	0.051781119632360054	0.04095481403009857	0.029244851057746886	0.020762942559806322	0.01627853168846425	0.012785981130488722	0.009065002136707566	0.0073517888681653544	0.006119477569740253	0.004640704011630133	0.003534629480360775	0.002596870638632406	0.0018454613103244181	0.0013946157133396255	0.0010399505103782553	0.0007093304059227405	0.0005109583432494317	0.0003486539283349064	0.0002043833372997727	0.00011421421790281416	6.0112746264639036e-05	7.814657014403075e-05	0.00011421421790281416	0.00012623676715574196	0.00010219166864988635	0.00010820294327635026	0.0001562931402880615	0.0005650598148876069	0.001118097080522286	0.0007814657014403074	0.00016230441491452537	3.0056373132319518e-05	6.011274626463903e-06	0.0
209206_HY5CNBGXT_TCDM_2_H10_A27_4_3_i_AACAAG_S80_trim1	0.001038468576358654	0.0014443068705677832	0.0032825156149267802	0.005914496317077162	0.008600190911108163	0.013356854447647518	0.021736221581024243	0.033004202455536535	0.047680031359363724	0.06642617962570012	0.08823998793944081	0.11217847908757048	0.13452942632011736	0.1550958787001859	0.17260660745326803	0.18501451647769124	0.1955245346556659	0.20774146095340248	0.21763078526964552	0.2276275373696498	0.24500099728792593	0.2638426369176056	0.2927824882208419	0.35441619504874894	0.46303165264157164	0.6245970712082678	0.8488645062302742	1.1331005174318887	1.5227172162930707	1.852926350734287	2.214659571499218	2.8199077052100443	3.470544077559995	3.9744937793941815	4.283742559581538	4.438187903368948	4.464137681357496	4.484387818596489	4.54983521174792	4.3567994207493905	3.955884899962651	3.669518237716439	3.4229296965129303	3.260839075447845	3.077155469846752	2.814858599373266	2.7452752365470277	2.8679995430738265	2.9869937182200266	2.9076642681225597	2.675238289744908	2.326760463854072	2.0113107132596086	1.8955632444670811	1.881418586271851	1.7623289197623078	1.493962379506312	1.292827727254226	1.1027581367295474	0.8588612583302785	0.6330003111824802	0.46334199957243744	0.34163228878116136	0.2313994462217111	0.1621622395875919	0.1291401325014285	0.1024085189755066	0.08615111436630558	0.0686761948744772	0.04981665061417061	0.03631655912150811	0.028348998492549467	0.022673230583830615	0.01638870523379807	0.013195712772005657	0.011291853715348124	0.008630031962152953	0.006517285548181898	0.004792472797793099	0.003616735386628416	0.002930391212598271	0.0022321106181502105	0.0016054485462096435	0.001098150678448232	0.0007042488046570183	0.000549075339224116	0.0004595521860897492	0.0004177747146270448	0.0003342197717016358	0.00025066482877622684	0.00019098272668664906	0.00011339599397019786	0.00015517346543290233	0.0002088873573135224	0.0005789163902689048	0.0010265321559407385	0.0006624713331943139	0.00013130062459707121	2.9841051044788907e-05	1.1936420417915566e-05	1.1936420417915566e-05
209207_HY5CNBGXT_TCDM_2_A11_X4_24_2_o_GCAGCC_S81_trim1	0.0003298330872491691	0.00030832223373291896	0.0004373873548304199	0.0006596661744983382	0.0008389232871337562	0.001175926658888342	0.0016419951517404286	0.002559791568433769	0.0036711856667733605	0.004825601472145453	0.006309850364766714	0.007901653524969226	0.01003122802307799	0.013623540560291766	0.017538515900249296	0.021582556361304326	0.026616096084106863	0.03481890155830359	0.04869340207628495	0.07059862124033302	0.0992797592619999	0.12910814280453345	0.1795295834466238	0.27839346620730954	0.44018376578753243	0.6913158103052476	1.0401071297867386	1.4646381644989463	2.0271613245178988	2.474838037613592	3.0019901841673238	3.953759408847328	4.980694725997616	5.803348637588582	6.353818549353929	6.5392349363795	6.4649005969118445	6.350090001411111	6.2013137682082204	5.805829556027456	5.191515431025878	4.508811132411637	3.78809715563418	3.3715609881455118	3.01656020228233	2.5161890683563297	2.1725101617272013	2.0210594124037895	1.8296773486697115	1.4800399356165814	1.228319927769422	1.0169471108342425	0.7613551493541582	0.586808913638799	0.45525570381791836	0.34245278797870254	0.25320425673978064	0.20507013685491818	0.1715849082146221	0.13072145681825223	0.09703546021180447	0.07265649289338762	0.05448699195666166	0.04021812579088238	0.03068881768318356	0.024522373008525184	0.01897257280133264	0.015150811159945527	0.011752096304378004	0.008417914009359229	0.005542629922687124	0.00410857302160378	0.003176436035899607	0.002280150472722517	0.0015989734447079283	0.0009823289772420906	0.0005951336139495878	0.00045889820834667006	0.00037285479428166945	0.0002939816647220855	0.0002151085351625016	0.0001505759746137511	0.00013623540560291767	0.00013623540560291767	0.0001505759746137511	0.00015774625911916783	0.0001505759746137511	0.00010038398307583408	5.019199153791704e-05	2.868113802166688e-05	4.3021707032500316e-05	7.887312955958392e-05	0.00012189483659208425	0.00020076796615166816	0.0006668364590037549	0.0013193323489966765	0.0008891152786716733	0.0001505759746137511	6.453256054875047e-05	0.00016491654362458456	0.00027247081120583533
209208_HY5CNBGXT_TCDM_2_B11_X4_24_1_i_ACTCTT_S82_trim1	0.0001702757075877977	0.00022703427678373025	0.0004114996266705111	0.0006811028303511909	0.0011635506685166177	0.002000739564156623	0.003440988257503412	0.0052288831871752876	0.007477941491564116	0.010670611008835323	0.014657900494849586	0.018971551753740462	0.023001410166651675	0.027442768206233398	0.031082411455922575	0.03493489934009649	0.040461765015550426	0.04877689540275455	0.0632077616208204	0.09087756410383753	0.12545772238645944	0.1593425881964312	0.2317239535635442	0.3771465026646729	0.616114268621848	0.9812492390804317	1.4440373278406173	1.9932687174862085	2.6991040943645266	3.2247452036880584	3.8119693605891762	4.811438100381503	5.884238911574974	6.825402411160778	7.413577274095928	7.3480849800649715	6.980892511473035	6.682569471779214	6.344735373103874	5.67064932086953	4.714402231519906	3.8533463575330114	3.1074536204446637	2.687773664988789	2.2966007009115708	1.7954651038383833	1.5211935078413383	1.4319406577807343	1.2594158918885479	0.9180627619230598	0.6790311425755393	0.5093584947854484	0.3228995001556604	0.2205567050742445	0.16183996524105224	0.1178378844719055	0.08352023457181477	0.06620177614590585	0.05428247661476002	0.040553997690493816	0.030138800243040196	0.021525687367557427	0.015168727617612978	0.010677705829984814	0.00744956220696615	0.0053353055044176615	0.0036609277131376505	0.0027173165002552717	0.0018446534988678085	0.0012628781646094995	0.0009365163917328874	0.0006030597977067835	0.00046116337471695213	0.00034764623632508695	0.0002625083825311881	0.00023412909793322186	0.0001702757075877977	0.00013480160184033987	0.00011351713839186512	9.223267494339042e-05	9.9327496092882e-05	8.513785379389886e-05	6.385339034542414e-05	3.5474105747457855e-05	3.5474105747457855e-05	4.9663748046441e-05	5.675856919593256e-05	6.385339034542414e-05	7.094821149491571e-05	8.513785379389886e-05	0.00010642231724237356	0.00013480160184033987	0.00023412909793322186	0.00033345659402610385	0.0007520510418461065	0.001340921197253907	0.0008159044321915307	9.223267494339042e-05	3.5474105747457855e-05	0.0	0.0
209209_HY5CNBGXT_TCDM_2_C11_X5_36_3_o_TGCTAT_S83_trim1	0.003332833408322085	0.004166041760402606	0.00666566681664417	0.010831708577046777	0.016664167041610424	0.029162292322818244	0.04416004266026763	0.06082420970187805	0.09331933543301837	0.12664766951623924	0.1641420453598627	0.21663417154093556	0.2616274225532837	0.30245463180522925	0.32661767401556435	0.3207852155510007	0.3282840907197254	0.36411204985918777	0.37577696678831507	0.37910980019663715	0.40243963405489175	0.372444133379993	0.370777716675832	0.4457664683630788	0.551583929077305	0.6948957656351548	0.8740355613324668	1.0781716075921943	1.4097885317202419	1.7314069556233231	2.03052875402023	2.6462697262077355	3.339499075138729	3.83609125297872	4.231865220216967	4.417670682730924	4.386841973703945	4.2985218883834095	4.211868219767035	4.094385842123682	3.9010815044410005	3.572797413721275	3.2828409071972535	3.115366028429069	2.758752853738606	2.4529653885250546	2.400473262343982	2.4096385542168677	2.396307220583579	2.274658801179823	2.058857837990968	1.7305737472712426	1.5122731590261462	1.5389358262927226	1.6822476628505723	1.9705377526704329	2.2929893849255945	2.3538135946274727	2.207168924661301	1.79056474862104	1.1764901931376959	0.7807162258994484	0.4965921778399907	0.2757919645386525	0.17414054558482894	0.12331483610791714	0.09165291872885734	0.07248912663100535	0.05665816794147544	0.04249362595610658	0.029162292322818244	0.021663417154093555	0.022496625506174074	0.01999700044993251	0.010831708577046777	0.007498875168724692	0.008332083520805212	0.00666566681664417	0.005832458464563648	0.004999250112483127	0.003332833408322085	0.0016664167041610424	0.0016664167041610424	0.0008332083520805212	0.0	0.0	0.0	0.0	0.0	0.0	0.0	0.0	0.0	0.0	0.0	0.0	0.0008332083520805212	0.0008332083520805212	0.0	0.0	0.0
209210_HY5CNBGXT_TCDM_2_D11_X4_24_2_i_AAGTGG_S84_trim1	0.00018538641058623816	0.00022751968571947412	0.0005477325767320673	0.0010027719481710156	0.0012134383238371954	0.0014241046995033752	0.0020561038265019143	0.0030420224646196354	0.004061647722843946	0.0053677792519742605	0.0071036701874635805	0.008730014607606487	0.010769265124055108	0.013179288461676205	0.01574099158977695	0.019541413006794833	0.024454152887330147	0.03082470408747542	0.03962213193529509	0.053239606458356944	0.07252821981435237	0.09699079935670915	0.139461140691011	0.21288258593818796	0.3280159735672685	0.5062144474157766	0.7629746260777165	1.1012711187774946	1.5733070534051903	1.983937952853708	2.477714657450153	3.3134450230279415	4.190010958864862	4.864244480856957	5.289748426427507	5.387101571950362	5.294020740526017	5.304891125510392	5.3866718125440025	5.207259900371657	4.7623746482398195	4.254146230272674	3.7672035429028394	3.492132242867995	3.223768560234362	2.833075126578892	2.5562173756783984	2.470956480118782	2.47324853028603	2.3788447140225015	2.179925095463468	1.8408027905710784	1.4785998775607025	1.3223781200216902	1.298210473405266	1.2070509193269967	1.0400261900438228	0.9209491278622713	0.7926617317365946	0.6004497305787722	0.40470696096478453	0.2848630731758083	0.20748110006610712	0.13289677642525283	0.08676084015435946	0.06517174997608938	0.0479813737217291	0.03806320075536536	0.02929947952765228	0.020232398718979902	0.01376915431354151	0.010036146136736803	0.007289056598049818	0.004693646849842485	0.003623461661458292	0.0027807961587935724	0.0021150904116884446	0.0017527442455426156	0.0012302916338904897	0.000935358707957838	0.0007752522624515414	0.0005898658518653033	0.0004297594063590067	0.0003623461661458292	0.00030335958095929885	0.00022751968571947412	0.000176959755559591	0.000176959755559591	0.00013482648042635503	5.898658518653033e-05	5.055993015988314e-05	9.269320529311908e-05	0.00021066637566617973	0.00030335958095929885	0.0005982925068919504	0.0010196252582243101	0.0006488524370518335	9.269320529311908e-05	1.685331005329438e-05	0.0	0.0
209211_HY5CNBGXT_TCDM_2_E11_X4_24_3_o_CTCATA_S85_trim1	0.0010556813417310405	0.0009914845033825313	0.0013124686951250775	0.0019972349708425093	0.0027533310669471734	0.004222725366924162	0.006733535044554745	0.010021839764406163	0.01520038472451924	0.02229770185304887	0.030201045951954227	0.03913867244647446	0.04751279335993555	0.05508802028505964	0.0624991886232931	0.06978909626686826	0.07769957334781233	0.08675132755495213	0.10009000396736462	0.1221451844310969	0.15343044365293707	0.18606383648009592	0.23314151793566934	0.32716135418808046	0.4859558003341374	0.7205738455518225	1.028661605768357	1.391088423155885	1.8495465777307443	2.2035279443844242	2.596455392969533	3.3256958116984046	4.143313877887056	4.802679604564595	5.293692689164187	5.5509579523548185	5.551549989864032	5.481225919944261	5.4129276169234855	5.1397986016787325	4.676147636179683	4.200192276663836	3.73472953372695	3.4747894022717976	3.2063253572803707	2.8136475630666173	2.5561968423429793	2.4660573483196337	2.378778180093816	2.139102850610676	1.9001550852954858	1.6410780446670188	1.3619858564378944	1.2022070587704936	1.1222677290625223	0.9913061788315634	0.801797112026764	0.6833753442198808	0.5692476316003088	0.4232925531239537	0.2959117598764339	0.2109793427413562	0.15445046008447447	0.09998300923678377	0.06460341832471644	0.04842581506089213	0.035329660037796244	0.027861427843253007	0.021213488583162937	0.014793804748312015	0.010121701512948288	0.007646556745511322	0.00606303473291476	0.005014486373222443	0.004351119043621181	0.0032526398096578008	0.002361017054817395	0.0017190486713323026	0.0011912080004667822	0.0008773567907629595	0.000748963114065941	0.0006134364553301993	0.00045651085047828787	0.0003780480480523321	0.0003209841917425461	0.00022112244320042065	0.0001212606946582952	0.0001069947305808487	0.0001212606946582952	9.986174854212547e-05	7.846280242595573e-05	0.0001212606946582952	0.00020685647912297418	0.00026392033543276013	0.0005492396169816901	0.001005750467459978	0.0006776332936787085	0.0001069947305808487	2.1398946116169744e-05	0.0	0.0
209212_HY5CNBGXT_TCDM_2_F11_BLANK_AATCCG_S86_trim1	0.0	0.0020624510167883514	0.01649960813430681	0.03299921626861362	0.04331147135255538	0.06599843253722724	0.12374706100730108	0.2124324547292002	0.3382419667532896	0.45167677267664896	0.534174813348183	0.6826712865569443	0.8682918780678959	1.0312255083941755	1.1714721775357837	1.2828445324423545	1.4169038485335972	1.4478406137854225	1.408654044466444	1.4313410056511158	1.4313410056511158	1.4210287505671741	1.392154436332137	1.3137812976941796	1.2663449243080476	1.2910943365095078	1.3900919853153488	1.5860248319102421	1.8685806212102463	1.977890525100029	2.149073959493462	2.596625830136534	3.1039887802664685	3.3947943736336263	3.623726436497133	3.7887225178402013	3.6422884956482284	3.570102710060636	3.634038691581075	3.5536031019263294	3.2813595677102665	3.058614857897125	2.8338076970671944	2.6502495565730313	2.6028131831868992	2.3862558264241227	2.165573567627769	2.206822587963536	2.070700820855505	1.8809553273109763	1.779895227488347	1.5179639483562264	1.309656395660603	1.2766571793919894	1.227158354989069	1.1116610980489212	1.0126634492430806	0.9033535453532979	0.851792269933589	0.77548158231242	0.5836736377511034	0.47023883182774406	0.40836530132409354	0.2763684362496391	0.18355814049416327	0.1443715711751846	0.10312255083941757	0.07424823660438064	0.05568617745328548	0.045373922369343726	0.03093676525182527	0.024749412201460215	0.024749412201460215	0.01856205915109516	0.020624510167883515	0.020624510167883515	0.01649960813430681	0.012374706100730107	0.006187353050365054	0.004124902033576703	0.0020624510167883514	0.0	0.0020624510167883514	0.0020624510167883514	0.0	0.0	0.0	0.0	0.0020624510167883514	0.0020624510167883514	0.0	0.0	0.0	0.0	0.0020624510167883514	0.0020624510167883514	0.0	0.0	0.0	0.0	0.0
209213_HY5CNBGXT_TCDM_2_G11_A03_4_1_i_GGCCAA_S87_trim1	0.0004710416200193338	0.00046292021277762117	0.0006903196155455755	0.0011126327921146333	0.001494338932475128	0.002054716032153301	0.0029561922359834054	0.004466773982941959	0.006870710526488904	0.009932481056614574	0.013838877939878359	0.01778588185935071	0.021424272303637974	0.02590728910106336	0.030877590332991506	0.03596971267354534	0.04265363083347485	0.051091772957614294	0.0627135067205051	0.08200184891957266	0.11041865285832521	0.14279870353103355	0.1920387956375374	0.2854106146955077	0.43905951830146944	0.681288610692791	1.0119841921680883	1.4348252602078577	2.0301650180616035	2.506111968054932	3.0306899046116356	3.9585850461990315	4.947967362013434	5.767522930996382	6.285327613913498	6.336614300644913	6.160558434459066	6.037819606815063	5.912863634994072	5.54577602766866	4.934664496951508	4.285317380940373	3.633590692607416	3.2426099051768853	2.9159181774717524	2.4779144421117056	2.1626089273594538	1.9751668482207256	1.816961835152163	1.572507477176612	1.3650948576305129	1.156878218767484	0.9197250059022327	0.7787211333716176	0.6811749109914069	0.58928930945867	0.5102436527750808	0.4566586077942607	0.38819514474662303	0.2844116816047771	0.18761262869080397	0.12459862990235551	0.0877518052467052	0.05979792152073026	0.0414029341182511	0.03052836982159786	0.021692278742614493	0.017590968085549604	0.013587114315385267	0.008868576707950217	0.005684985069198856	0.004385559910524832	0.0033947482270358887	0.0022171441769875543	0.0016973741135179444	0.0014293676745414268	0.0009826902762472309	0.0006740768010621501	0.0006009841358867363	0.0005197700634696097	0.00038982754760220727	0.00022739940276795425	8.933547965883918e-05	0.00012994251586740242	0.00014618533035082773	0.00010557829414226448	9.745688690055182e-05	9.745688690055182e-05	9.745688690055182e-05	8.121407241712652e-05	0.00010557829414226448	0.0001380639231091151	0.0001380639231091151	0.00017054955207596568	0.0006740768010621501	0.001185725457290047	0.000722805244512426	0.0001218211086256898	8.121407241712651e-06	0.0	0.0
209214_HY5CNBGXT_TCDM_2_H11_X8_37_2_i_AGACCA_S88_trim1	0.0008574152577626418	0.0009446100297385036	0.0016276357435494216	0.00264490808326781	0.0038220375049419454	0.005798452336394815	0.008893866741537911	0.013224540416339052	0.020032998861454265	0.028963196757982115	0.038692680064288706	0.04949756555829758	0.06001180181238693	0.07120906378028719	0.08271877368110096	0.09416308750293284	0.10666100481947302	0.12203634961121666	0.13706291531505688	0.1547852527191508	0.18669853926231625	0.22225947376647193	0.26780420966186375	0.3545775402398423	0.5019875684960348	0.7089588922427389	0.9652243270797969	1.2639826807930916	1.6545789280899628	1.9594481820725658	2.3177678312763725	2.9455411245785856	3.6479168115371468	4.239126430457483	4.628313028940744	4.843509726177171	4.887949994960869	4.89946697109268	4.988129521730136	4.77336153212259	4.254254723395294	3.913504820744625	3.6990638115319885	3.5431740917011427	3.20951603050451	2.7361501459095514	2.5984768671906635	2.746606252315657	2.8790187797920015	2.756473794010925	2.491525213131271	2.136816880733465	1.804648396891419	1.664526398326209	1.6169035203653925	1.4588920610831349	1.1757851689395074	0.9857078322631265	0.8195654604941196	0.6201001533683377	0.44507118108879096	0.32538909032092256	0.24370938767253394	0.1650742358123025	0.11205981445097848	0.08438274057964032	0.06039691205528032	0.04755748188183466	0.035531869580163716	0.0240512246033419	0.017526149167148234	0.013863968744162037	0.011611437134785607	0.00947516522137699	0.0075568802379080285	0.005834783491384756	0.004657654069710622	0.0037057778089741294	0.0025649795422899367	0.0016494344365433871	0.0012061943456660893	0.0008210841027726993	0.0005522335558471252	0.0004505063218752864	0.00037057778089741295	0.000341512856905459	0.00026885054692557406	0.0002107206989416662	0.00016712331295373525	9.446100297385036e-05	5.0863616985919424e-05	8.719477197586188e-05	0.00018165577494971225	0.0002615843159275856	0.0005304348628531597	0.0009736749537304576	0.000668493251814941	0.00010899346496982733	2.179869299396547e-05	0.0	0.0
209215_HY5CNBGXT_TCDM_2_A12_X4_24_3_i_CGCGGA_S89_trim1	0.00047821243724409433	0.00041406198834549634	0.0004490531422901862	0.0006240089120136354	0.0008281239766909927	0.0010380709003591317	0.0014171417347599382	0.0020761418007182635	0.0027526374436489336	0.0035574339843767997	0.004548850012809678	0.005936832452615708	0.007820522906638178	0.010415700157536007	0.013780682795217013	0.018177904474266367	0.0236948430795458	0.032040233295354326	0.045750933782681955	0.06751543153627904	0.09521092988350104	0.1235187734247551	0.17223229157475414	0.2643115131802054	0.4170304045718042	0.64538267521485	0.9462482805492748	1.3175744062103234	1.818752704160116	2.2209468594593713	2.6746188340702566	3.462053930582566	4.31100347572964	5.014022413350385	5.544511634587846	5.789099800661228	5.767323639189649	5.687817905568323	5.681542825294242	5.490561107064125	5.0030293591527615	4.420811548667068	3.8380805345901847	3.5214630781216587	3.233515040451815	2.825255751802146	2.567942469410879	2.4913818245798978	2.416086693149916	2.188061006610354	1.9380433798165544	1.595602451736847	1.2345928846304914	1.0309152093774425	0.8763126275318214	0.7222990634442691	0.5725835794329228	0.48409678296579306	0.3974353583627779	0.28774392260516607	0.19638201965558091	0.13250566812954961	0.08909914166116187	0.05848188195955828	0.0404964288319877	0.02998741893059919	0.022796736794965425	0.019367603708385823	0.01562355023630401	0.011751195866425004	0.009086036307637792	0.007768036175721143	0.0067416289933435744	0.005546097900233338	0.004677150910606874	0.003580761420339926	0.0026709914177779903	0.002035318787782792	0.001452132888704628	0.0012830089779719606	0.0009797523104513152	0.0005073717321980026	0.0003032566675206452	0.000209946923668139	0.00011080532082485114	0.0001049734618340695	7.58141668801613e-05	6.415044889859802e-05	8.747788486172459e-05	0.00011663717981563278	0.00013413275678797769	0.0001224690388064144	0.00016912391073266753	0.0002449380776128288	0.000647336347976762	0.0012480178240272708	0.0008339558356817744	0.00014579647476954097	8.164602587094294e-05	7.58141668801613e-05	6.998230788937968e-05
209216_HY5CNBGXT_TCDM_2_B12_X8_37_3_o_CCTGCT_S90_trim1	0.00018750781132300534	0.00015144861683781202	0.00030289723367562404	0.0005625234339690161	0.0006995483730127507	0.0009159035399239107	0.0012692836458788055	0.0019183491466122856	0.0026972277474924615	0.0034184116371963284	0.004500187471752129	0.006086792029100636	0.007860904397772149	0.009945125839016323	0.01228897348055389	0.015339581334001247	0.02051046982317797	0.027895392853745565	0.03717702951423433	0.04984823045633127	0.07088516451899306	0.09706413971524343	0.137270141566234	0.21442239408675365	0.33974973043949164	0.5327745985187315	0.8049998813652502	1.1496825096103163	1.6072664757885227	1.981084933177625	2.459511113768273	3.3209580581806444	4.263704062479333	5.005708531078951	5.444375843830225	5.585280752200567	5.551132695023089	5.556137711217633	5.595326843784141	5.316683024319258	4.750524823546135	4.234020133579122	3.7655607143441814	3.4744620491041127	3.1774929470018547	2.751713190359589	2.5034095771345473	2.469564417190745	2.421115283480439	2.154032041767509	1.8652339531355957	1.5939966922179714	1.3418563806997055	1.2292290926446527	1.1845156914830128	1.1000578461597932	1.002849469666609	0.9393203808225953	0.8396022843932417	0.656508118475224	0.4357537298368704	0.2922381357858009	0.1981524855350344	0.11837512365599269	0.07351027387751513	0.05374983529962919	0.038568914421362795	0.029460361894402955	0.020972027512588445	0.013623163676506041	0.008784019776593096	0.005827165828807244	0.004161231043591312	0.0028054053309480415	0.00194719650220044	0.0013918849071284628	0.0011538942235261869	0.0009808100899972587	0.0007211838897038667	0.0005120405616897453	0.000346168267057856	0.00022356700580819869	0.00020914332801412136	0.00019471965022004403	0.00016587229463188938	0.00010096574455854135	6.490655007334801e-05	5.0482872279270673e-05	5.0482872279270673e-05	8.6542066764464e-05	8.6542066764464e-05	0.00010096574455854135	0.00015144861683781202	0.000173084133528928	0.0006779128563216348	0.0011683179013202642	0.0006707010174245961	9.375390566150267e-05	2.1635516691116e-05	1.4423677794077334e-05	0.0
209217_HY5CNBGXT_TCDM_2_C12_X8_37_2_o_GCGCTG_S91_trim1	0.00027497721126361655	0.00025071451615212096	0.00033967773156093806	0.0006227425078617198	0.000800668938679354	0.0008977197191253363	0.0011484342352774573	0.001552812487135717	0.0019814534341054723	0.0023696565558894013	0.0030813622791599385	0.004367285120069203	0.005758346306461617	0.007764062435678585	0.010416783767868767	0.01428263985563373	0.02003289859705818	0.0283226527601525	0.03995257128359605	0.056257102398521074	0.08267108980990259	0.1117620612485858	0.1551114098477912	0.24269973920029025	0.38517837246002945	0.5989165412622312	0.8825474471156144	1.216272730809199	1.656664909777955	2.0088541044513875	2.444296693617399	3.224706281878654	4.066427700686658	4.762581036390727	5.21872779205188	5.413993962309197	5.427597246701709	5.44859256553819	5.530616650145119	5.287350781392227	4.743187055431605	4.305698312311191	3.919460468831293	3.6569785455500963	3.3202851254878722	2.840732956609162	2.6130437381178506	2.6337398170479562	2.6397812281307185	2.401165709274197	2.094986672097197	1.7501328989124734	1.4278596073115146	1.2734841658821054	1.161439039857219	1.0122477276166326	0.8440506375387081	0.7385160013687395	0.6339114351780449	0.4920393692960931	0.34580001829407214	0.24081533654663076	0.17001679221128665	0.11044378814752787	0.07282852315967256	0.052884587778023184	0.03656388153302383	0.02794253720340574	0.020526240064325258	0.013126118055319106	0.008524293549172113	0.006186987253431372	0.004812101197113289	0.0035342659212411888	0.00294387367352813	0.0025475829867070356	0.0020542415194399585	0.0016983886578046904	0.0013101855360207611	0.0009058072841625015	0.0005256917274157375	0.0003073274714122773	0.0002830647763007817	0.00027497721126361655	0.00018601399585479943	0.0001051383454831475	9.705078044598231e-05	9.705078044598231e-05	0.00012131347555747789	8.087565037165192e-05	6.470052029732153e-05	0.0001051383454831475	0.00016983886578046903	0.00023453938607779056	0.0005580419875643982	0.0009462451093483274	0.0006793554631218761	0.00021836425600346016	0.00012940104059464306	0.00024262695111495577	0.0003235026014866077
209218_HY5CNBGXT_TCDM_2_D12_X8_37_1_o_GAACCT_S92_trim1	0.0002837397498030176	0.0002679764303695166	0.0004965445621552809	0.0008669825688425538	0.0013083555129805812	0.0019073616514536185	0.0027428175814291703	0.004224569608178262	0.006415671009434899	0.009465873319817337	0.012429377373315523	0.01577908275293448	0.02048443360383452	0.025347417649069576	0.02876017630642254	0.0330635625117683	0.039266428708850935	0.04684070369664816	0.057047453029840045	0.07143936367262643	0.09530502929494691	0.12248887365801935	0.165112889406206	0.2535135847892795	0.40067993502044463	0.616889624370344	0.9050825119133257	1.2527425220191897	1.7112501943814327	2.0785197738625723	2.544909105941566	3.3828083504293103	4.292139076929964	5.019285239077931	5.442758933999218	5.588585402078536	5.56897583270326	5.589278988133609	5.656675060371543	5.3502440122440005	4.729326859758397	4.23369657013026	3.846604616461493	3.6049765745250726	3.2366350893224554	2.7158386602187337	2.489508919792526	2.5226670622208958	2.50643084320439	2.221997507346298	1.8997873764658213	1.591078528680138	1.3083712763000148	1.17000873997246	1.0809381035134626	0.9450898166355512	0.7833029876298139	0.6887467160079583	0.5842516714832803	0.44214534679026896	0.3067463145162123	0.21395553467090878	0.1507052154439861	0.0949267096285429	0.05975086231268546	0.042734358984221156	0.03074635455504366	0.023897192261187486	0.01677217187724504	0.010561424020445655	0.006652120800937413	0.004910274003535555	0.003925066538941744	0.00290045077576418	0.002332971276158145	0.0019073616514536185	0.0015369236447663455	0.0012295389158130765	0.0009379175062933082	0.000725112693941045	0.0005201895413055323	0.0003310297081035205	0.00024433145121926516	0.00018127817348526125	8.669825688425538e-05	5.5171618017253426e-05	4.728995830050294e-05	6.305327773400392e-05	7.09349374507544e-05	6.305327773400392e-05	0.00011034323603450685	0.00017339651376851076	0.0002049231526355127	0.0002364497915025147	0.0006305327773400392	0.0010561424020445655	0.0007093493745075441	0.00018915983320201175	4.728995830050294e-05	2.364497915025147e-05	1.576331943350098e-05
209219_HY5CNBGXT_TCDM_2_E12_X8_37_3_i_TTCGAG_S93_trim1	0.00027061911626375377	0.0002644686818032139	0.00043668084669833	0.0007011495285015438	0.0009410164724625984	0.0013038921056344498	0.0018635816415435772	0.0028907041964537335	0.004366808466983299	0.005990523164565822	0.0076880430756748235	0.009809942964561074	0.012294718486619175	0.014896352263427535	0.018057675576145023	0.021747936252468937	0.025401294322029616	0.031016640984502505	0.03918441794809944	0.050821039947440846	0.07199698579507958	0.09768735053675456	0.13910437619402996	0.22011174847380044	0.35199551461115663	0.5557901604611448	0.8570568916417687	1.265636403289892	1.8125022833487936	2.2287021832935254	2.7294336544639175	3.650405861019616	4.646247306263467	5.4359815423001665	5.896919702510866	6.023132768075604	5.967428283166495	5.940501681098251	6.025685198376729	5.751418874477874	5.0805848374323315	4.478617215041454	3.882105028017074	3.4890369120784324	3.10917992936103	2.568845810699222	2.2305227118938453	2.0994015996295965	1.971478713284828	1.7066533062829026	1.469566358698012	1.26424640510181	1.0544181830460322	0.9423388158716144	0.8684413458282281	0.7585638341906834	0.6609564393019158	0.6125033166217829	0.5461831818337816	0.42711077067772985	0.2865979449922363	0.19303138554404345	0.12913452193349487	0.07670206815739257	0.049547900014109095	0.03535884771364364	0.024478729152948638	0.018875683359396822	0.013530955813187688	0.008795121278571997	0.0057322049172231476	0.0041638441297854835	0.003124420705954248	0.00216495293011003	0.0015007060083717253	0.0010640251616733955	0.0007688043075674822	0.0006088930115934459	0.0005535391014485872	0.0004797338879221089	0.0003628756331718516	0.00021526520611889503	0.00015991129597403632	0.00015376086151349644	0.00015991129597403632	0.00014761042705295661	0.0001168582547502573	7.995564798701816e-05	4.920347568431887e-05	7.380521352647831e-05	0.000129159123671337	0.00015991129597403632	0.0001906634682767356	0.0002337165095005146	0.0007934060454096417	0.0013284938434766093	0.0008057069143307214	0.00016606173043457617	1.8451303381619577e-05	0.0	0.0
209220_HY5CNBGXT_TCDM_2_F12_C14_4_1_i_AGAATC_S94_trim1	0.0003478234656782297	0.0005281763738076821	0.0012753527074868421	0.0023059407539408557	0.003368734676846558	0.005423469594464248	0.009082057159375996	0.014164144463452353	0.02119146670521066	0.029867729821295392	0.04024446321402924	0.05214775515057309	0.06293672376188855	0.07347448653688085	0.08212498495180423	0.08820545442588291	0.09247595364337674	0.09799604086719604	0.10588648059785957	0.11630186104233547	0.1358572692238004	0.15793761811907764	0.19620464051897324	0.2777048314676147	0.4148825416259343	0.6216571507963514	0.9097902450590228	1.27855397160614	1.7747756747984573	2.167764661612534	2.661326159409942	3.534788175831461	4.464327064330659	5.213938162269566	5.635345614464613	5.714752423443894	5.645078230328313	5.636556555419196	5.727435097590569	5.448706119251791	4.786340740620505	4.250956691662935	3.801098568210468	3.5097255627767576	3.1389715130649254	2.6194520788474573	2.384742092442846	2.4001236190361723	2.3521497454737377	2.0466770073294778	1.7295586242602874	1.4395125009363858	1.1564292881013394	1.0093643738723517	0.9085084511762456	0.7891921200980321	0.6796148460588092	0.6145203285746574	0.539145695327127	0.41926898199865414	0.2842233008614364	0.1939566703426454	0.13355776964514987	0.08466924919148758	0.05616704853174375	0.04142963946745136	0.03039590619510307	0.023394348654506115	0.017223702726362707	0.011078821499380649	0.007149704572274721	0.0053526166662705345	0.004051499257622342	0.002930734757103602	0.00224152900103748	0.0016489408743264222	0.0012560291816158294	0.000979058644131313	0.00074717633367916	0.0005861469514207204	0.0003929116927105928	0.00025764701161350346	0.00013526468109708933	0.00012882350580675173	0.00016747055754877724	8.373527877438862e-05	3.864705174202552e-05	5.7970577613038273e-05	7.085292819371345e-05	8.373527877438862e-05	9.017645406472622e-05	0.00012238233051641413	0.00024476466103282826	0.0003607058162589049	0.0007278528078081473	0.00112076450051874	0.0006827645807757841	0.00010305880464540139	6.441175290337587e-06	0.0	0.0
209221_HY5CNBGXT_TCDM_2_G12_X8_37_1_i_AGGCAT_S95_trim1	0.00020579702787932336	0.00024009653252587726	0.00047161818889011604	0.0008231881115172934	0.0010204102632349783	0.001286231424245771	0.002083694907278149	0.0032756026937458965	0.004750481393547714	0.006679828529916371	0.009217991873761358	0.011944802493162394	0.014525840217815575	0.017835742416208025	0.02174588594591517	0.02601617427441113	0.030535134011594602	0.03757510734029979	0.047470514430830585	0.06016990602621717	0.08129840088849437	0.11019573355321602	0.15777772137414792	0.2455673035170026	0.38511483817150716	0.6036198325223787	0.9046151355482124	1.2830844446944498	1.8305216886057734	2.2924245428047527	2.818810465739254	3.708350968995306	4.652093264469075	5.41332789571853	5.971500884584225	6.201890657295127	6.147620266068118	6.073807732068733	5.969631561580988	5.524972783343063	4.82822979570529	4.236366118400518	3.674994700726532	3.2984718884689865	2.954104861817586	2.4845703678347477	2.1936934186796475	2.135229913009596	2.0691433424318486	1.7812418753048371	1.497490648240058	1.2525407358066933	1.0134303140394045	0.9048295074522533	0.8554296458850542	0.79229283270691	0.7299534830117984	0.6864960106246145	0.6032939872282365	0.4568008028828048	0.2956445803009713	0.19028507690291935	0.1252532160930532	0.07789417505232389	0.05090903977164762	0.036606146334034646	0.024464121689154565	0.019019075326514135	0.015451926843272528	0.011044440496190355	0.007108572337998295	0.004741906517386076	0.0035328489785950512	0.002606762353138096	0.001972221517176849	0.0015606274614182025	0.0013291058050539635	0.001251931919599217	0.0010032605109117014	0.0007803137307091012	0.0006774152167694394	0.0005659418266681393	0.00047161818889011604	0.00035156992262717744	0.0002229467802026003	0.00014577289474785405	0.00012004826626293863	8.574876161638473e-05	5.144925696983084e-05	6.859900929310779e-05	6.859900929310779e-05	4.287438080819236e-05	0.00010289851393966168	0.000162922647071131	0.0004801930650517545	0.0007202895975776318	0.0003858694272737313	8.574876161638473e-05	2.572462848491542e-05	0.0	0.0
209222_HY5CNBGXT_TCDM_2_H12_C14_4_1_o_ACACGC_S96_trim1	0.00012765795837265463	0.00017872114172171651	0.000644672689781906	0.0012829624816451792	0.0017999772130544303	0.0026999658195816455	0.0041871810346230725	0.006031838533107932	0.00903818345278395	0.012810476122695895	0.016850850505190414	0.022046529410957458	0.0268720002374438	0.03123790241378859	0.035993161363169976	0.04088246116884265	0.04611643746212149	0.05208444701604309	0.06173538866901579	0.0745905450771421	0.09372647303720304	0.12190058445004791	0.16885956443742894	0.25167128203377	0.38373982286819985	0.5915988935884747	0.8720187478477667	1.2286121058680215	1.7496352971701739	2.188063789405219	2.6817873263093794	3.506840711271847	4.386978505272114	5.130726536547037	5.718521222976007	6.028359853742278	6.033319365425055	5.968035085513279	5.872176724571252	5.428361066492881	4.738657031895022	4.193627761520891	3.6948936497506044	3.352591600170168	3.0274020999095863	2.5612143846264073	2.262820289828246	2.212880496512863	2.1834489542100477	1.9073311731479143	1.6060264768988561	1.3489361145321672	1.116694373762715	1.0353571055855781	0.9939384809915704	0.921039403862866	0.8403340425796737	0.7801560810028043	0.6966230959416577	0.5458335155118781	0.3623124345553498	0.2356629740538391	0.1580916156486955	0.10125190968327104	0.07017357971744825	0.053475918762305036	0.03833568489930819	0.02950813707783912	0.022129507083899682	0.015101936475485044	0.00981051410093851	0.006880763956286085	0.005074403845313022	0.0033829358968753484	0.002572307861208991	0.001965932558938882	0.0015574270921463866	0.0015638099900650193	0.0013978546441805683	0.0011170071357607281	0.0009510517898762771	0.0007723306481545605	0.000644672689781906	0.0004595686501415567	0.0003382935896875348	0.00025531591674530927	0.00015318955004718556	0.00012765795837265463	8.936057086085826e-05	3.829738751179639e-05	1.9148693755898195e-05	2.553159167453093e-05	0.00014680665212855285	0.00026808171258257474	0.0005170147314092513	0.000982966279469441	0.0006893529752123351	0.00012127506045402192	5.106318334906186e-05	1.9148693755898195e-05	1.2765795837265465e-05
