Sample	1	2	3	4	5	6	7	8	9	10	11	12	13	14	15	16	17	18	19	20	21	22	23	24	25	26	27	28	29	30	31	32	33	34	35	36	37	38	39	40	41	42	43	44	45	46	47	48	49	50	51	52	53	54	55	56	57	58	59	60	61	62	63	64	65	66	67	68	69	70	71	72	73	74	75
209031_HY55YBGXT_TCDM_1_A01_A04_1_2_o_CAGCGT_S1_trim1 - polya	0.0005508783361585523	0.002046119534303194	0.0039348452582753735	0.008892750283702342	0.01518850269694294	0.027071735376934566	0.04588029571149085	0.06791542915783294	0.08703877711305125	0.10466688387012492	0.11922581132574381	0.1327616790142111	0.1499963012454572	0.16612916680438625	0.17683194590689527	0.19131217645734863	0.20398237818899534	0.21822651802395218	0.2331789300053986	0.2456130410215488	0.258519333468692	0.27197650425199377	0.2885028543367504	0.30314047869753474	0.3182502844893122	0.332179636703607	0.3450072322455847	0.35830700921855546	0.37270854286384336	0.3882118331814483	0.40229857920607415	0.41725099118752057	0.4338560381774426	0.45282199232232995	0.47383406600152045	0.4928000201464077	0.5142055783514258	0.537814649901078	0.5610302369249027	0.5853475806210445	0.6113962562308275	0.6351627215908108	0.6590078838559594	0.6861583161380596	0.7103969629290359	0.7379408797369634	0.7661930686913806	0.7983801029040732	0.8307245309270967	0.8662168351567406	0.9020239270070465	0.9361783838488767	0.9739528983283203	1.0030707532395582	1.0346282122109265	1.069412244294081	1.102622338273925	1.137799854882907	1.1737643405435438	1.2076827066698774	1.2438045861408453	1.2800051625169788	1.3143170131691402	1.3580724924411622	1.396948763592923	1.4248074680215126	1.4516431126829505	1.4717895204053206	1.481469239740678	1.4846171159472983	1.4860336602402775	1.486584538576436	1.486584538576436	1.486584538576436	1.486584538576436
209031_HY55YBGXT_TCDM_1_A01_A04_1_2_o_CAGCGT_S1_trim1 - polyg	0.0	0.0	0.0	0.0001573938103310149	0.0013378473878136268	0.003462663827282328	0.003462663827282328	0.003462663827282328	0.003462663827282328	0.003541360732447836	0.003541360732447836	0.003541360732447836	0.003541360732447836	0.003541360732447836	0.003541360732447836	0.003541360732447836	0.003541360732447836	0.003541360732447836	0.003541360732447836	0.003541360732447836	0.003541360732447836	0.003541360732447836	0.003541360732447836	0.003541360732447836	0.003541360732447836	0.003541360732447836	0.003541360732447836	0.003541360732447836	0.003541360732447836	0.003620057637613343	0.0038561483531098658	0.0038561483531098658	0.0039348452582753735	0.004092239068606388	0.004092239068606388	0.004170935973771895	0.004249632878937403	0.004879208120261463	0.008184478137212776	0.014244139834956851	0.017234622231246135	0.018651166524225268	0.019044651050052805	0.019438135575880342	0.02518300965296239	0.036357970186464444	0.042889813315201565	0.05674046862433088	0.07318812180392194	0.08310393185477588	0.09105231927649213	0.09522325525026402	0.0971119809742362	0.09852852526721534	0.09931549431887042	0.10033855408602202	0.10151900766350462	0.10293555195648375	0.1064769126889316	0.11017566723171045	0.11293005891250321	0.11773057012759916	0.12213759681686757	0.1267807142216325	0.1351225861691763	0.14582536527168533	0.17344797898477846	0.2814201328718547	0.5656733543296676	0.9569543668125707	1.2220842403151653	1.361456459363279	1.4369267914170007	1.481154452120016	1.4998843155494066
209032_HY55YBGXT_TCDM_1_B01_A04_1_1_o_GATCAC_S2_trim1 - polya	0.0007661093646655039	0.0015322187293310078	0.004341286399771189	0.01047016131709522	0.021706431998855944	0.03958231717438437	0.06231022832612765	0.0921884935480823	0.11849158173493127	0.13994264394556538	0.16292592488553048	0.1792695913317279	0.20736026803612972	0.2262576323645455	0.24592110605762674	0.2691597567858137	0.2929091470904443	0.3164031676068531	0.33606664129993435	0.3600714013927868	0.37743654699187157	0.3981214998378402	0.4211047807778053	0.4445988012942141	0.46630523329307005	0.48647944656259495	0.5046107015263452	0.5260617637369793	0.5441930187007296	0.5630903830291454	0.5796894192635647	0.5985867835919804	0.6220808041083892	0.6458301944130198	0.6680473659883194	0.6953719333280557	0.7260163079146759	0.7538516148308558	0.7811761821705921	0.8087561192985503	0.8401666032498359	0.8680019101660159	0.9017107222112981	0.9331212061625838	0.9652977994785349	0.9969636532180424	1.025309699710666	1.05927388154417	1.0950256518952268	1.1251592869054035	1.1652523436562314	1.19845041612507	1.2331807073232395	1.261782123604085	1.290894279461374	1.3197510655304414	1.346820263081956	1.3802737053390162	1.4058106841611997	1.4328798817127142	1.462502777146447	1.4905934538508487	1.5171519118259196	1.5480516562007616	1.5804836193049345	1.6034669002448996	1.6208320458439844	1.6376864518666254	1.6450921757250587	1.6463690246661677	1.647901243395499	1.647901243395499	1.647901243395499	1.647901243395499	1.647901243395499
209032_HY55YBGXT_TCDM_1_B01_A04_1_1_o_GATCAC_S2_trim1 - polyg	0.0	0.0	0.0	0.0	0.0	0.0007661093646655039	0.0007661093646655039	0.0007661093646655039	0.0007661093646655039	0.0007661093646655039	0.0007661093646655039	0.0007661093646655039	0.0007661093646655039	0.0007661093646655039	0.0007661093646655039	0.0007661093646655039	0.0010214791528873385	0.0010214791528873385	0.0010214791528873385	0.0010214791528873385	0.0010214791528873385	0.0010214791528873385	0.0010214791528873385	0.0010214791528873385	0.0010214791528873385	0.0010214791528873385	0.0010214791528873385	0.0012768489411091731	0.0012768489411091731	0.0015322187293310078	0.0015322187293310078	0.0015322187293310078	0.0015322187293310078	0.0015322187293310078	0.0015322187293310078	0.0015322187293310078	0.0015322187293310078	0.0015322187293310078	0.0017875885175528425	0.002042958305774677	0.002042958305774677	0.0022983280939965116	0.0025536978822183463	0.0030644374586620156	0.0030644374586620156	0.0030644374586620156	0.0030644374586620156	0.003575177035105685	0.0038305468233275192	0.004085916611549354	0.004085916611549354	0.004596656187993023	0.004596656187993023	0.004596656187993023	0.004596656187993023	0.004852025976214858	0.005873505129102196	0.0063842447055458655	0.006894984281989535	0.0076610936466550384	0.008937942587764211	0.00995942174065155	0.011491640469982559	0.013279228987535401	0.015322187293310077	0.03805009844505336	0.1519450239919916	0.38892818746185415	0.8473169573200473	1.2490136341929932	1.453054094982239	1.5511160936594235	1.5988702440569067	1.6215981552086498	1.633855905043298
209033_HY55YBGXT_TCDM_1_C01_BLANK_ACCAGT_S3_trim1 - illumina_small_rna_3'_adapter	0.0	0.0	0.0	0.0	0.0	0.0	0.0	0.0	0.0	0.0	0.0	0.0	0.0	0.0	0.010597149366820326	0.010597149366820326	0.010597149366820326	0.010597149366820326	0.010597149366820326	0.010597149366820326	0.010597149366820326	0.015895724050230486	0.015895724050230486	0.021194298733640652	0.021194298733640652	0.021194298733640652	0.021194298733640652	0.021194298733640652	0.021194298733640652	0.026492873417050814	0.03179144810046097	0.03179144810046097	0.03179144810046097	0.03179144810046097	0.03179144810046097	0.03179144810046097	0.03179144810046097	0.03179144810046097	0.03179144810046097	0.042388597467281304	0.042388597467281304	0.047687172150691466	0.05298574683410163	0.05828432151751179	0.06888147088433211	0.07418004556774228	0.07947862025115245	0.08477719493456261	0.08477719493456261	0.08477719493456261	0.08477719493456261	0.09537434430138293	0.09537434430138293	0.1006729189847931	0.1006729189847931	0.10597149366820326	0.11127006835161342	0.11656864303502358	0.12186721771843374	0.12186721771843374	0.13776294176866422	0.13776294176866422	0.13776294176866422	0.1430615164520744	0.1430615164520744	0.1430615164520744	0.1430615164520744	0.14836009113548457	0.15365866581889473	0.1589572405023049	0.16425581518571505	0.16425581518571505	0.16425581518571505	0.16425581518571505	0.16425581518571505
209033_HY55YBGXT_TCDM_1_C01_BLANK_ACCAGT_S3_trim1 - polya	0.005298574683410163	0.015895724050230486	0.015895724050230486	0.015895724050230486	0.015895724050230486	0.026492873417050814	0.03709002278387114	0.03709002278387114	0.06358289620092195	0.06358289620092195	0.07418004556774228	0.07947862025115245	0.08477719493456261	0.09537434430138293	0.10597149366820326	0.13776294176866422	0.14836009113548457	0.16425581518571505	0.1854501139193557	0.20664441265299635	0.22254013670322684	0.23843586075345732	0.23843586075345732	0.24373443543686749	0.2649287341705081	0.291421607587559	0.291421607587559	0.3020187569543793	0.3126159063211996	0.3126159063211996	0.33381020505484027	0.3444073544216606	0.3603030784718911	0.36560165315530124	0.3709002278387114	0.38149737720553173	0.3973931012557622	0.4132888253059927	0.4397816987230435	0.4450802734064537	0.46097599745668416	0.47687172150691465	0.47687172150691465	0.48746887087373497	0.4980660202405553	0.5139617442907858	0.5404546177078365	0.5722460658082976	0.582843215175118	0.588141789858528	0.619933237958989	0.65172468605945	0.6782175594765009	0.7206061569437822	0.7682933290944736	0.7788904784612939	0.8159805012451651	0.8371747999788057	0.8583690987124464	0.8689662480792667	0.8901605468129073	0.9325491442801886	0.9908334657977004	1.0173263392147511	1.080909235415673	1.1021035341493137	1.1232978328829546	1.1285964075663646	1.1444921316165952	1.1444921316165952	1.1444921316165952	1.1497907063000052	1.1497907063000052	1.1497907063000052	1.1497907063000052
209033_HY55YBGXT_TCDM_1_C01_BLANK_ACCAGT_S3_trim1 - polyg	0.0	0.0	0.0	0.0	0.0	0.0	0.0	0.0	0.0	0.0	0.0	0.0	0.0	0.0	0.0	0.0	0.0	0.0	0.0	0.0	0.0	0.0	0.0	0.0	0.0	0.0	0.0	0.0	0.0	0.0	0.0	0.0	0.0	0.0	0.0	0.0	0.0	0.0	0.0	0.005298574683410163	0.005298574683410163	0.010597149366820326	0.010597149366820326	0.010597149366820326	0.015895724050230486	0.021194298733640652	0.021194298733640652	0.026492873417050814	0.03709002278387114	0.03709002278387114	0.03709002278387114	0.03709002278387114	0.03709002278387114	0.03709002278387114	0.03709002278387114	0.03709002278387114	0.03709002278387114	0.03709002278387114	0.03709002278387114	0.03709002278387114	0.042388597467281304	0.042388597467281304	0.042388597467281304	0.047687172150691466	0.05828432151751179	0.06358289620092195	0.06358289620092195	0.07947862025115245	0.10597149366820326	0.13776294176866422	0.18015153923594554	0.20664441265299635	0.23843586075345732	0.2649287341705081	0.27552588353732843
209034_HY55YBGXT_TCDM_1_D01_A04_1_3_i_TGCACG_S4_trim1 - polya	0.0005393205100893384	0.0018876217853126846	0.005393205100893385	0.012404371732054784	0.02750534601455626	0.05932525610982723	0.09977429436652761	0.13941435185809398	0.17689712730930301	0.21168330021006534	0.24242456928515763	0.26939059478962457	0.30013186386471685	0.3254799278389158	0.355412216148874	0.38076028012307295	0.4055690235871825	0.4352316516420961	0.45518651051540165	0.4737930681134838	0.4932086064767	0.5115455038197375	0.5339273049884451	0.5552304651369739	0.5762639650304582	0.5956795033936743	0.6167130032871585	0.6350499006301961	0.6501508749126975	0.6682181120006904	0.6841280670483258	0.7016559836262293	0.7245771053050262	0.7469589064737338	0.7674530858571286	0.7879472652405235	0.808711104878963	0.8286659637522685	0.8542836879815121	0.8753171878749962	0.8944630659831678	0.9144179248564733	0.9319458414343769	0.9516310400526377	0.97428250147639	0.9923497385643827	1.0128439179477775	1.0384616421770212	1.0632703856411307	1.0880791291052403	1.1126182123143051	1.1374269557784147	1.1638536607727923	1.1848871606662765	1.2059206605597608	1.2296507630036917	1.250684262897176	1.27171776279066	1.294638884469457	1.322413890739058	1.342638409867408	1.3650202110361156	1.3849750699094212	1.4114017749037988	1.4345925568376403	1.4556260567311246	1.4761202361145194	1.48771562708144	1.49176053090711	1.4936481526924228	1.4947267937126014	1.4947267937126014	1.4947267937126014	1.4947267937126014	1.4947267937126014
209034_HY55YBGXT_TCDM_1_D01_A04_1_3_i_TGCACG_S4_trim1 - polyg	0.0	0.0	0.0	0.0002696602550446692	0.0008089807651340076	0.0016179615302680153	0.0016179615302680153	0.0016179615302680153	0.0016179615302680153	0.0016179615302680153	0.0016179615302680153	0.0016179615302680153	0.0016179615302680153	0.0016179615302680153	0.0016179615302680153	0.0016179615302680153	0.0016179615302680153	0.0016179615302680153	0.0016179615302680153	0.0016179615302680153	0.0016179615302680153	0.0016179615302680153	0.0016179615302680153	0.0016179615302680153	0.0016179615302680153	0.0016179615302680153	0.0016179615302680153	0.0016179615302680153	0.0016179615302680153	0.0016179615302680153	0.0016179615302680153	0.0018876217853126846	0.0018876217853126846	0.0018876217853126846	0.0021572820403573537	0.0021572820403573537	0.0021572820403573537	0.0021572820403573537	0.0026966025504466923	0.0026966025504466923	0.0029662628054913614	0.0032359230605360305	0.0032359230605360305	0.003775243570625369	0.003775243570625369	0.004044903825670038	0.004044903825670038	0.004044903825670038	0.004314564080714707	0.0045842243357593765	0.004853884590804046	0.005393205100893385	0.005932525610982723	0.005932525610982723	0.006471846121072061	0.00674150637611673	0.008089807651340077	0.008629128161429415	0.009438108926563422	0.0105167499467421	0.012134711477010115	0.015640294792590815	0.019415538363216182	0.022112140913662877	0.025617724229243577	0.05096578820344248	0.24997505642640838	0.7485768680040018	1.6832193119888252	2.6286481661754357	3.0932727856174007	3.2963269576660363	3.4023034378985915	3.4608197132432847	3.4888643797679304
209035_HY55YBGXT_TCDM_1_E01_A04_1_3_o_ACATTA_S5_trim1 - polya	0.0006371699459679886	0.001274339891935977	0.002139070532892533	0.0035499468418216506	0.007008869405647875	0.013881202394302608	0.022892605915849875	0.03249566724436742	0.04132502220992383	0.048743500866551125	0.05561583385520586	0.06294328823383773	0.07140854608741243	0.08001034035798028	0.08724677045861672	0.09471076125424173	0.1040862618877707	0.11309766540931797	0.12092575331692469	0.12884486550252683	0.13567168635218385	0.14309016500881114	0.15178298355737443	0.15992965643796514	0.16976027846147124	0.17890821840001164	0.1872369398365932	0.19470093063221822	0.20262004281782037	0.20976544864046137	0.21918646141298806	0.2283344013515285	0.23761887770706203	0.24954305812446295	0.26164928709785473	0.27448371029520996	0.28831940055051486	0.30320187000276716	0.32004136143192113	0.3374269985290477	0.35458507493118563	0.37292646694726417	0.39167746821432214	0.408699008199467	0.4270404002155455	0.44793047201549596	0.4703679565413687	0.4919407104262849	0.517655068959993	0.5428232818257286	0.5712683686992994	0.5973468243449893	0.6211951851797911	0.6432230604546845	0.6672989819844749	0.6913293913752676	0.71636106782401	0.7400728922418187	0.7627834496016778	0.7896356116103287	0.8146217759200735	0.8403361344537815	0.8688267334663502	0.9005031822087587	0.9333174344261101	0.9595779386277908	0.9818333745976727	1.000675400142726	1.010232949332246	1.0131457262280996	1.0141469932860492	1.0145566025370287	1.0147386510930196	1.0147386510930196	1.0147386510930196
209035_HY55YBGXT_TCDM_1_E01_A04_1_3_o_ACATTA_S5_trim1 - polyg	0.0	0.0	9.102427799542695e-05	9.102427799542695e-05	0.0012288277529382636	0.001957021976901679	0.001957021976901679	0.001957021976901679	0.001957021976901679	0.001957021976901679	0.001957021976901679	0.001957021976901679	0.001957021976901679	0.001957021976901679	0.001957021976901679	0.001957021976901679	0.001957021976901679	0.001957021976901679	0.001957021976901679	0.001957021976901679	0.001957021976901679	0.001957021976901679	0.001957021976901679	0.001957021976901679	0.001957021976901679	0.0020025341158993928	0.0020025341158993928	0.0020025341158993928	0.002048046254897106	0.002048046254897106	0.0020935583938948197	0.002139070532892533	0.0021845826718902466	0.0022300948108879603	0.0022300948108879603	0.0022756069498856735	0.0022756069498856735	0.0023666312278811004	0.002412143366878814	0.0024576555058765273	0.0024576555058765273	0.002503167644874241	0.002548679783871954	0.002548679783871954	0.002639704061867381	0.0026852162008650948	0.002730728339862808	0.0029127768958536623	0.0030493133128468024	0.003094825451844516	0.003322386146833083	0.0033678982858307968	0.0034134104248285104	0.0034589225638262237	0.0035499468418216506	0.003686483258814791	0.0038230196758079313	0.0040050682317987855	0.004141604648791926	0.0043236532047827795	0.004414677482778207	0.004642238177766774	0.005051847428746196	0.005734529513711897	0.006280675181684459	0.013835690255304895	0.05015437717548024	0.1323948123443485	0.27493883168518707	0.40068887173586937	0.4699128351513916	0.49917714052692136	0.5172909718480113	0.5266209603425426	0.5312176863813116
209036_HY55YBGXT_TCDM_1_F01_A27_1_2_i_GTGTAG_S6_trim1 - polya	0.00018529825143305035	0.0004632456285826259	0.0008801666943069892	0.001806657951472241	0.003705965028661007	0.008153123063054216	0.014962833803218816	0.02306963230341477	0.032102922060775974	0.038773659112365785	0.044842176846798185	0.05211513321554541	0.0601756071528831	0.0663830985758903	0.0719420461188818	0.0783811603561803	0.08616368691636841	0.0914910116450686	0.09700363462520185	0.10344274886250036	0.10946494203407449	0.11692319665425477	0.12465939865158462	0.13156175851746574	0.13920531138907907	0.1464782677578263	0.15389019781514832	0.16014401380101376	0.1670463736668949	0.1751994967299491	0.18418646192445204	0.19233958498750628	0.20178979581059184	0.21295401545943313	0.22384028773112483	0.23606997232570615	0.24769743760313007	0.25923225375483744	0.2716935611637101	0.28642477215263756	0.2999978690701085	0.31250550104183944	0.3246888610735625	0.33733546673386816	0.35192770403422086	0.36531550270025875	0.37925919612059583	0.3982059423296252	0.4170137148500798	0.4385083120163137	0.4628750320797598	0.4881682434003711	0.5120253932723764	0.536299464210106	0.5598786667049617	0.5843380358941243	0.6098165454661687	0.6343222392181896	0.660495617233108	0.6884293286366403	0.7150659522801414	0.7438335058151224	0.7739907962358513	0.8074834551823752	0.8381039912316868	0.8627486586722825	0.8842432558385163	0.9035142739875535	0.9112504759848834	0.9138909760678043	0.9148637918878278	0.9152343883906939	0.915419686642127	0.915419686642127	0.915419686642127
209036_HY55YBGXT_TCDM_1_F01_A27_1_2_i_GTGTAG_S6_trim1 - polyg	0.0	0.0	0.0	4.632456285826259e-05	0.0008801666943069892	0.0017603333886139784	0.0017603333886139784	0.0017603333886139784	0.0017603333886139784	0.0017603333886139784	0.0017603333886139784	0.0017603333886139784	0.0017603333886139784	0.0017603333886139784	0.0017603333886139784	0.0017603333886139784	0.0017603333886139784	0.0017603333886139784	0.0017603333886139784	0.0017603333886139784	0.0017603333886139784	0.001806657951472241	0.001806657951472241	0.001806657951472241	0.001806657951472241	0.0018529825143305035	0.001899307077188766	0.0019456316400470288	0.0019456316400470288	0.0019456316400470288	0.0019456316400470288	0.0019456316400470288	0.0019456316400470288	0.002038280765763554	0.002038280765763554	0.002038280765763554	0.002038280765763554	0.002130929891480079	0.0022235790171966042	0.002362552705771392	0.0024552018314879173	0.00250152639434618	0.0025478509572044424	0.002594175520062705	0.002594175520062705	0.0027331492086374925	0.003011096585787068	0.003150070274361856	0.003289043962936644	0.0034280176515114314	0.0037522895915192696	0.00393758784295232	0.00412288609438537	0.00430818434581842	0.0045861317229679965	0.00481775453725931	0.005605272105849773	0.006717061614448076	0.007828851123046378	0.008847991505928155	0.009959781014526456	0.010978921397408234	0.012461307408872637	0.013804719731762252	0.015657702246092756	0.02181886910624168	0.038773659112365785	0.07337810756748794	0.14281862729202355	0.21068411187937824	0.25487774484616077	0.2755848244438041	0.2879998072898185	0.29735736898718756	0.3016192287701477
209037_HY55YBGXT_TCDM_1_G01_C17_1_2_o_CTAGTC_S7_trim1 - polya	0.001549522746993926	0.003218239551448923	0.006078896930514633	0.010250688941652125	0.019905407595998893	0.03969162113453672	0.07354273345348095	0.1081090101171916	0.14076818186152512	0.16675248638803863	0.19226001468470788	0.21836351326868247	0.24792363951902813	0.27271600347093095	0.29262141106692985	0.3172945809613716	0.338034346959598	0.35841653078544117	0.37951387895605077	0.3990617043796664	0.4219469634121921	0.44459383432979566	0.4679558695921656	0.4944169503485234	0.518851732128043	0.5424521555053351	0.5630727274461005	0.5815478063525665	0.6028835426380982	0.6196899047401093	0.6401912826234135	0.6587855555873406	0.6815516205624053	0.7093238359508348	0.7326858712132048	0.7567630708203412	0.778098807105873	0.805036664092075	0.8374574477214864	0.8667791858569099	0.8927634903834234	0.9207740938867752	0.9500958320221987	0.9746498078591793	1.0051634865692136	1.029479074291272	1.0604695292311506	1.091459984171029	1.1238807678004405	1.1559439692574687	1.1946820379323169	1.2268644334468062	1.2580932765016066	1.287057432464647	1.3200741863813639	1.3508262532063202	1.3826510665484262	1.4139991036606878	1.4439168120834167	1.4728809680464572	1.5033946467564914	1.53772253530528	1.5719312297966073	1.6061399242879346	1.6444012167329385	1.6715774618340629	1.6951778852113548	1.713772158175282	1.724022847116934	1.727002698553461	1.728552221300455	1.7287906094153769	1.7287906094153769	1.7287906094153769	1.7287906094153769
209037_HY55YBGXT_TCDM_1_G01_C17_1_2_o_CTAGTC_S7_trim1 - polyg	0.0	0.0	0.0	0.0	0.0008343584022274986	0.0016687168044549972	0.0016687168044549972	0.0016687168044549972	0.0016687168044549972	0.0016687168044549972	0.0016687168044549972	0.0016687168044549972	0.0016687168044549972	0.0016687168044549972	0.0016687168044549972	0.0016687168044549972	0.0016687168044549972	0.0016687168044549972	0.0016687168044549972	0.0017879108619160682	0.0017879108619160682	0.0017879108619160682	0.0017879108619160682	0.0017879108619160682	0.0017879108619160682	0.0019071049193771395	0.0019071049193771395	0.0019071049193771395	0.0020262989768382107	0.0020262989768382107	0.0020262989768382107	0.0020262989768382107	0.0020262989768382107	0.002145493034299282	0.0022646870917603533	0.0022646870917603533	0.0044101801260596355	0.027891409445890667	0.08951473715326448	0.11025450315149088	0.11704856442677194	0.12312746135728657	0.12622650685127443	0.12932555234526227	0.1461319144472733	0.20858960055687464	0.24494378808250136	0.2742655262179249	0.3399414518789751	0.3693823840718597	0.38070581953066146	0.390002956012625	0.39357877773645716	0.3963202410580618	0.3991808984371275	0.4020415558161932	0.4040678547930314	0.40740528840194146	0.41264982693022856	0.420039858492815	0.42671472571063496	0.4364886384224428	0.4473352976514003	0.46151939048926777	0.47355799029283596	0.48893402370531414	0.5118192827378398	0.5718930876982197	0.7797675239103279	1.1415214883046791	1.4337853171992256	1.5869496810367023	1.6848080022122418	1.7429747022532445	1.7726540225610512
209038_HY55YBGXT_TCDM_1_H01_C17_1_2_i_TGTGCA_S8_trim1 - polya	0.00015536222021934426	0.0005049272157128689	0.0010098544314257377	0.002388694135872418	0.004427823276251312	0.008117676006460737	0.01312810760853459	0.017924916157806843	0.023071289702572623	0.02802346047206422	0.03169389292474623	0.03528664426731857	0.03988925004131664	0.0436179433265809	0.047055332448933895	0.05055098240386914	0.05472634207226402	0.0582608325822541	0.06175648253718934	0.06544633526739878	0.06894198522233402	0.072146331014358	0.07632169068275287	0.08030284757587357	0.08467241001954262	0.0889448710755746	0.09327559296418882	0.09764515540785787	0.1026167464548769	0.10743297528167656	0.11269587049160684	0.11786166431390005	0.12541615227206565	0.1324657130145184	0.13972889680977274	0.14736106587804804	0.15596424882269422	0.16468395343250491	0.174258150253522	0.1831720576386069	0.19274625445962398	0.20303900154915555	0.21183638726907592	0.2213134827024559	0.23115956340885685	0.24236506354217704	0.2533957811777505	0.2657664979627158	0.28017634388805995	0.29534358063697347	0.3140258876183496	0.33173718072335484	0.34921543049803105	0.3644215078019994	0.38083164231266764	0.3985623556952003	0.41520553353619755	0.43363537690971726	0.451929278340545	0.47084462865225024	0.49125534033356655	0.5145596733664682	0.5382524119499182	0.565557322153468	0.5927068701367983	0.6159723626146452	0.6353926401420632	0.6534534982425619	0.6625810286804484	0.6663097219657127	0.6677079819476868	0.6683100105510368	0.6684071119386739	0.6684071119386739	0.6684071119386739
209038_HY55YBGXT_TCDM_1_H01_C17_1_2_i_TGTGCA_S8_trim1 - polyg	0.0	0.0	1.9420277527418032e-05	3.8840555054836065e-05	0.0012817383168095902	0.0021362305280159836	0.0021750710830708195	0.0021750710830708195	0.0021750710830708195	0.002213911638125656	0.00227217247070791	0.002311013025762746	0.002311013025762746	0.002311013025762746	0.0023498535808175822	0.002388694135872418	0.002388694135872418	0.002427534690927254	0.0024469549684546722	0.002485795523509508	0.0025052158010369263	0.0025052158010369263	0.0025052158010369263	0.0025246360785643445	0.0025440563560917622	0.0025440563560917622	0.0026023171886740163	0.0026411577437288527	0.0026411577437288527	0.0026994185763111068	0.0027188388538385245	0.0027382591313659427	0.002757679408893361	0.0027770996864207786	0.0027770996864207786	0.0027770996864207786	0.0028353605190030327	0.0028353605190030327	0.002913041629112705	0.003010143016749795	0.003068403849332049	0.0030878241268594672	0.003126664681914303	0.003126664681914303	0.0032237660695513936	0.003301447179661066	0.003437389122352992	0.0036510121751545904	0.004039417725702951	0.004311301611086804	0.004680286884107746	0.004874489659381927	0.005068692434656107	0.005243474932402869	0.005379416875094795	0.0055347790953141395	0.005787242703170574	0.006272749641356025	0.006602894359322132	0.0071272418525624185	0.007573908235693033	0.008039994896351066	0.008700284332283278	0.009651877931126762	0.011088978468155698	0.015711004519681188	0.035364325377428237	0.08329357031509595	0.1668978650706306	0.24092796300514813	0.28660445574963533	0.3081998043601242	0.3198325505990476	0.32604703940782137	0.32886297964929695
209039_HY55YBGXT_TCDM_1_A02_X1_54_2_o_TCAGGA_S9_trim1 - polya	0.0003162355322244007	0.0006324710644488014	0.001143313078042064	0.0023596035865974517	0.004694881363023796	0.008830269092112113	0.016006383092588897	0.02366901329648784	0.030334285283371364	0.035612986090501744	0.040818709467118804	0.046121736084420294	0.053005940362843784	0.058479247651343026	0.06305249996351128	0.06857445887235275	0.0741207435913653	0.07920483791712683	0.08492140330733715	0.090759597748403	0.09742486973528654	0.10367660294926123	0.1111203008616202	0.1180531567603859	0.125521180482916	0.13376763013092152	0.14053020535848945	0.14709817410468856	0.15390940095259872	0.16093956009204888	0.1698428066146743	0.17813790788302206	0.1883790739650584	0.20100416944386332	0.21248595184462618	0.22455155368949564	0.23754153632086716	0.25182078689130744	0.2696029541263872	0.2865823696258204	0.304778075633809	0.32256024286888874	0.34153437480235277	0.3598517098611969	0.3782176965403833	0.39981901597232694	0.42331774859761706	0.44871389441625353	0.4753020049332743	0.5037875286436415	0.5375760789713101	0.5707564840447011	0.6037422826367232	0.63485499384557	0.6664785470680101	0.7010941749414964	0.7353935672827584	0.7726607084648954	0.8117036337895234	0.8497492008971359	0.8900084167303192	0.9305838680957269	0.9722053292984922	1.0178892007998326	1.0627459947553552	1.0988698228594502	1.131052869715826	1.158395080348151	1.171287759738838	1.1761042701527173	1.1774178639019572	1.1779530317257216	1.178074660776577	1.178074660776577	1.178074660776577
209039_HY55YBGXT_TCDM_1_A02_X1_54_2_o_TCAGGA_S9_trim1 - polyg	0.0	0.0	7.297743051332325e-05	0.0001459548610266465	0.0011189872678709564	0.0020190422442019434	0.0020190422442019434	0.0020190422442019434	0.0020190422442019434	0.0020190422442019434	0.002043368054373051	0.0020676938645441587	0.0020676938645441587	0.0020676938645441587	0.0020676938645441587	0.0020676938645441587	0.0020920196747152664	0.0020920196747152664	0.0020920196747152664	0.002116345484886374	0.00216499710522859	0.00216499710522859	0.0021893229153996975	0.0021893229153996975	0.0021893229153996975	0.002213648725570805	0.002237974535741913	0.002237974535741913	0.002237974535741913	0.0022623003459130205	0.0023109519662552363	0.002335277776426344	0.0023839293967685593	0.0024325810171107747	0.0024325810171107747	0.002505558447624098	0.0027731423595062834	0.004184039349430533	0.013160263302569293	0.02615024593394083	0.030528891764740225	0.032183046856375554	0.03308310183270654	0.033861527758181985	0.040916012707803234	0.05536554394944124	0.06417148723138225	0.07679658271018716	0.08968926210087427	0.09603829855553339	0.09980879913205509	0.10236300920002141	0.10338469322720793	0.10416311915268338	0.10479559021713218	0.10576862262397649	0.1070335647528741	0.10822552945125838	0.10970940387169595	0.11138788477350238	0.11323664634650657	0.11510973372968186	0.1180288309502148	0.12065601844869443	0.12372107053025401	0.1271996613847224	0.13384060756143484	0.15147681993548795	0.2116102226784663	0.3033185270235425	0.37624730591652356	0.4162146120276536	0.43995660275465476	0.45450343723697717	0.4620444383900206
209040_HY55YBGXT_TCDM_1_B02_X9_27_1_i_CGGTTA_S10_trim1 - polya	0.0	0.0	0.0010752611092393603	0.0021505222184787206	0.004659464806703895	0.010752611092393604	0.01684575737808331	0.027956788840223366	0.03512519623515244	0.039426240672109876	0.045519386957799585	0.05053727213424993	0.058780940638418364	0.06666618877284033	0.07419301653751587	0.08279510541143074	0.08781299058788108	0.09533981835255662	0.10430032759621795	0.11182715536089347	0.12078766460455481	0.1275976516297374	0.1354828997641594	0.13906710346162393	0.1448018293775672	0.15125339603300333	0.15662970157920014	0.1616475867556505	0.16666547193210085	0.17383387932702993	0.17992702561271962	0.18458649041942352	0.1917548978143526	0.2007154070580139	0.20752539408319653	0.2146938014781256	0.22293746998229402	0.2293890366377302	0.23655744403265927	0.24946057734353158	0.2569874051082071	0.2648726532426291	0.27598368470476914	0.2863778754274163	0.29677206615006346	0.3060909957634712	0.31935254944409003	0.3301051605364836	0.3433667142171024	0.3584203697464534	0.37132350305732575	0.384943477107691	0.39605450856983104	0.4064486992924782	0.4164844696453789	0.42831234184701183	0.4379896918301661	0.4508928251410384	0.4627206973426714	0.47383172880481145	0.48852696396441603	0.5028637787542741	0.5139748102164142	0.5268779435272866	0.5419315990566376	0.5505336879305525	0.562003139762439	0.5691715471573681	0.5745478527035649	0.5752646934430578	0.5752646934430578	0.5752646934430578	0.5752646934430578	0.5752646934430578	0.5752646934430578
209040_HY55YBGXT_TCDM_1_B02_X9_27_1_i_CGGTTA_S10_trim1 - polyg	0.0	0.0	0.0	0.0007168407394929069	0.0010752611092393603	0.0021505222184787206	0.0021505222184787206	0.0021505222184787206	0.0021505222184787206	0.0021505222184787206	0.0021505222184787206	0.0021505222184787206	0.0021505222184787206	0.0021505222184787206	0.0021505222184787206	0.0021505222184787206	0.0021505222184787206	0.0021505222184787206	0.0021505222184787206	0.0021505222184787206	0.0021505222184787206	0.0021505222184787206	0.0021505222184787206	0.0021505222184787206	0.0021505222184787206	0.0021505222184787206	0.0021505222184787206	0.0021505222184787206	0.0021505222184787206	0.0021505222184787206	0.0021505222184787206	0.0021505222184787206	0.0021505222184787206	0.0021505222184787206	0.0021505222184787206	0.002508942588225174	0.002508942588225174	0.002508942588225174	0.0028673629579716274	0.0035842036974645343	0.0035842036974645343	0.0035842036974645343	0.0035842036974645343	0.0035842036974645343	0.003942624067210988	0.005376305546196802	0.005376305546196802	0.0068099870251826155	0.008243668504168428	0.010035770352900696	0.01146945183188651	0.01254471294112587	0.01254471294112587	0.01254471294112587	0.012903133310872323	0.012903133310872323	0.012903133310872323	0.013619974050365231	0.013619974050365231	0.014336814789858137	0.014695235159604591	0.014695235159604591	0.015770496268843952	0.015770496268843952	0.01899627959656203	0.029032049949462728	0.08888825169712045	0.2756252643350227	0.6863750080644583	1.0587737722310235	1.258413918179798	1.3465853291374255	1.3938968179439575	1.4218536067841807	1.4379825234227712
209041_HY55YBGXT_TCDM_1_C02_X9_27_2_i_TTAACT_S11_trim1 - polya	0.003074400491904079	0.006148800983808158	0.007173601147776184	0.013322402131584341	0.017421602787456445	0.02254560360729658	0.028694404591104734	0.033818405410944864	0.038942406230784994	0.05226480836236934	0.05943840951014552	0.06866161098585775	0.07788481246156999	0.08813281410125026	0.0973560155769625	0.11170321787251486	0.11887681902029104	0.12707522033203525	0.13527362164377946	0.14654642344742774	0.1526952244312359	0.156794425087108	0.1670424267267883	0.18241442918630868	0.19266243082598894	0.20188563230170117	0.21213363394138143	0.21930723508915761	0.22853043656486985	0.23365443738470998	0.24800163968026234	0.2572248411559746	0.27157204345152697	0.2848944455831113	0.29924164787866364	0.3176880508300881	0.33613445378151263	0.3597048575527772	0.3802008608321377	0.39659766345562614	0.4150440664070506	0.4324656691945071	0.4447632711621234	0.46218487394957986	0.4724328755892601	0.4878048780487805	0.506251281000205	0.5267472842795655	0.549292887886862	0.5646648903463825	0.6056568969051035	0.6333265013322402	0.6476737036277925	0.6712441073990572	0.6978889116622259	0.7317073170731707	0.7593769215003074	0.7931953269112523	0.8280385324861652	0.862881738061078	0.895675343308055	0.9438409510145521	0.9776593564254971	1.0032793605246977	1.0360729657716745	1.0678417708546832	1.0801393728222997	1.098585775773724	1.1170321787251487	1.1190817790530847	1.1211313793810207	1.127280180364829	1.131379381020701	1.131379381020701	1.131379381020701
209041_HY55YBGXT_TCDM_1_C02_X9_27_2_i_TTAACT_S11_trim1 - polyg	0.0	0.0	0.0	0.0	0.003074400491904079	0.004099200655872105	0.004099200655872105	0.004099200655872105	0.004099200655872105	0.004099200655872105	0.004099200655872105	0.004099200655872105	0.004099200655872105	0.004099200655872105	0.004099200655872105	0.004099200655872105	0.004099200655872105	0.004099200655872105	0.004099200655872105	0.004099200655872105	0.004099200655872105	0.004099200655872105	0.004099200655872105	0.004099200655872105	0.004099200655872105	0.004099200655872105	0.004099200655872105	0.004099200655872105	0.004099200655872105	0.004099200655872105	0.004099200655872105	0.004099200655872105	0.004099200655872105	0.004099200655872105	0.004099200655872105	0.004099200655872105	0.004099200655872105	0.004099200655872105	0.004099200655872105	0.004099200655872105	0.004099200655872105	0.004099200655872105	0.004099200655872105	0.004099200655872105	0.004099200655872105	0.004099200655872105	0.004099200655872105	0.004099200655872105	0.004099200655872105	0.004099200655872105	0.004099200655872105	0.004099200655872105	0.004099200655872105	0.004099200655872105	0.004099200655872105	0.004099200655872105	0.004099200655872105	0.004099200655872105	0.004099200655872105	0.004099200655872105	0.004099200655872105	0.004099200655872105	0.005124000819840131	0.006148800983808158	0.00819840131174421	0.025620004099200656	0.06558721049395368	0.13834802213568353	0.26747284279565486	0.39557286329165814	0.45091207214593154	0.468333674933388	0.47960647673703627	0.4826808772289404	0.4847304775568764
209042_HY55YBGXT_TCDM_1_D02_X9_27_3_o_ATGAAC_S12_trim1 - polya	0.0012241325490724136	0.0018361988236086204	0.003060331372681034	0.0036723976472172407	0.0073447952944344815	0.011629259216187928	0.018361988236086202	0.029991247452274133	0.03733604274670861	0.04712910313928792	0.058146296080939644	0.07099968784619999	0.08262894706238791	0.08936167608228619	0.09731853765125688	0.10649953176929998	0.1175167247109517	0.12424945373084997	0.13037011647621205	0.13710284549611032	0.14995623726137067	0.15668896628126894	0.16280962902663101	0.17199062314467412	0.17749921961549997	0.18606814745900685	0.19769740667519478	0.20504220196962927	0.21177493098952754	0.21422319608767237	0.22156799138210687	0.2264645215783965	0.23013691922561375	0.23809378079458443	0.2429903109908741	0.2509471725598448	0.2607402329524241	0.2705332933450034	0.2791022211885103	0.29256767922830684	0.3011366070718137	0.307869336091712	0.32561925805326203	0.33602438472037754	0.3445933125638844	0.3537743066819275	0.36234323452543443	0.37397249374162234	0.381929355310593	0.393558614526781	0.4057999400175051	0.41375680158647576	0.4235498619790551	0.4302825909989534	0.4406877176660689	0.4523169768822568	0.4596617721766913	0.47312723021648784	0.48353235688360335	0.49393748355071887	0.5055667427669068	0.5171960019830947	0.530049393748355	0.5441269180626879	0.5600406412006292	0.5692216353186723	0.5765664306131068	0.5881956898292947	0.5937042863001206	0.5937042863001206	0.5943163525746568	0.5943163525746568	0.5943163525746568	0.5943163525746568	0.5943163525746568
209042_HY55YBGXT_TCDM_1_D02_X9_27_3_o_ATGAAC_S12_trim1 - polyg	0.0	0.0	0.0	0.0	0.003060331372681034	0.0036723976472172407	0.0036723976472172407	0.0036723976472172407	0.0036723976472172407	0.0036723976472172407	0.0036723976472172407	0.0036723976472172407	0.0036723976472172407	0.0036723976472172407	0.0036723976472172407	0.0036723976472172407	0.0036723976472172407	0.0036723976472172407	0.0036723976472172407	0.0036723976472172407	0.0036723976472172407	0.0036723976472172407	0.0036723976472172407	0.0036723976472172407	0.0042844639217534475	0.0042844639217534475	0.0042844639217534475	0.0042844639217534475	0.0042844639217534475	0.0042844639217534475	0.004896530196289654	0.004896530196289654	0.004896530196289654	0.004896530196289654	0.004896530196289654	0.004896530196289654	0.004896530196289654	0.004896530196289654	0.004896530196289654	0.004896530196289654	0.004896530196289654	0.004896530196289654	0.004896530196289654	0.004896530196289654	0.005508596470825861	0.006120662745362068	0.006120662745362068	0.006732729019898275	0.008568927843506895	0.009180994118043101	0.009180994118043101	0.009793060392579309	0.009793060392579309	0.009793060392579309	0.010405126667115515	0.011017192941651722	0.011017192941651722	0.011017192941651722	0.011017192941651722	0.011017192941651722	0.011017192941651722	0.011629259216187928	0.012853391765260342	0.014077524314332755	0.015913723137941375	0.022646452157839652	0.08691341098414136	0.26624882942324996	0.6347127266940464	0.9542113220019464	1.1433398008336342	1.2112791573071533	1.260856525544586	1.2859512428005704	1.3006408333894395
209043_HY55YBGXT_TCDM_1_E02_X11_57_2_o_CCTAAG_S13_trim1 - polya	0.0004138804464942257	0.0008277608929884514	0.001517561637145494	0.0028971631254595797	0.006622087143907611	0.011312732204175502	0.020556062175879877	0.02966143199875284	0.035869638696166224	0.04262968598890524	0.04925177313281286	0.056839581318540326	0.06456534965309921	0.07201519768999527	0.0805687269175426	0.08815653510327007	0.09629618388432318	0.10512563340953332	0.1128514017440922	0.1209910505251453	0.12954457975269262	0.13768422853374573	0.14761735924960717	0.15713660951897435	0.16541421844885887	0.17355386722991198	0.18127963556447085	0.18969520464318676	0.1953515707452745	0.20224957818684494	0.20969942622374102	0.21618355321881721	0.22777220572065554	0.23880901762716822	0.2480523475988726	0.2581234384635654	0.2712296526025492	0.2835081058485446	0.29882168236883094	0.3177222227587339	0.33496724136266	0.34959101713878926	0.3644907132125814	0.38352921375131577	0.400498312057579	0.41705352991734806	0.43747163194439653	0.46009709635274754	0.48258460061226716	0.5050721048717868	0.5310086128520916	0.5512887547303086	0.5746040198828166	0.597367444439999	0.6179235066158789	0.6401350905777358	0.6628985151349182	0.6867656208827518	0.7084253642492829	0.7310508286576339	0.7540901735124792	0.7780952394091443	0.8078946315567285	0.8357625816206731	0.867493415851897	0.890808681004405	0.9086055402036568	0.9250227979145944	0.932334685802659	0.9344040880351302	0.9349559286304558	0.93536980907695	0.9355077692257815	0.9355077692257815	0.9355077692257815
209043_HY55YBGXT_TCDM_1_E02_X11_57_2_o_CCTAAG_S13_trim1 - polyg	0.0	0.0	0.0	0.0	0.0008277608929884514	0.0016555217859769028	0.0016555217859769028	0.0016555217859769028	0.0016555217859769028	0.0016555217859769028	0.0016555217859769028	0.0016555217859769028	0.0016555217859769028	0.0016555217859769028	0.0016555217859769028	0.0016555217859769028	0.0016555217859769028	0.0016555217859769028	0.0016555217859769028	0.0016555217859769028	0.0016555217859769028	0.0016555217859769028	0.0016555217859769028	0.0016555217859769028	0.0019314420836397197	0.0019314420836397197	0.0019314420836397197	0.0019314420836397197	0.0019314420836397197	0.0019314420836397197	0.0020694022324711284	0.002207362381302537	0.002207362381302537	0.002207362381302537	0.002207362381302537	0.0023453225301339454	0.0026212428277967628	0.0026212428277967628	0.0027592029766281712	0.0027592029766281712	0.0027592029766281712	0.0027592029766281712	0.0028971631254595797	0.0028971631254595797	0.003035123274290988	0.0031730834231223966	0.0033110435719538056	0.003449003720785214	0.0035869638696166225	0.0035869638696166225	0.004000844316110848	0.004000844316110848	0.004138804464942257	0.004138804464942257	0.004276764613773665	0.004276764613773665	0.004690645060267891	0.0049665653579307086	0.0055184059532563424	0.005794326250919159	0.005932286399750568	0.006484126995076203	0.007725768334558879	0.008139648781053105	0.010209051013524234	0.02124586292003692	0.07711972319675739	0.20500878116347312	0.41967477274514486	0.6096458976859944	0.7040106394866779	0.7447088833919434	0.7637473839306778	0.776991558218493	0.783751605511232
209044_HY55YBGXT_TCDM_1_F02_X11_57_3_o_AATCCG_S14_trim1 - polya	0.0015439723320158103	0.0015439723320158103	0.0015439723320158103	0.004631916996047431	0.009263833992094862	0.013895750988142292	0.026247529644268776	0.032423418972332016	0.05558300395256917	0.06330286561264822	0.07102272727272728	0.0741106719367589	0.08183053359683795	0.0910943675889328	0.09418231225296443	0.1034461462450593	0.11270998023715414	0.12197381422924901	0.12506175889328064	0.12814970355731226	0.1374135375494071	0.14050148221343872	0.14204545454545456	0.14358942687747037	0.1513092885375494	0.15902915019762845	0.16057312252964426	0.16674901185770752	0.16983695652173914	0.17292490118577075	0.17446887351778656	0.1821887351778656	0.18836462450592886	0.1945405138339921	0.20380434782608695	0.2068922924901186	0.2099802371541502	0.21770009881422925	0.2254199604743083	0.23005187747035574	0.23005187747035574	0.23468379446640317	0.2393157114624506	0.24549160079051383	0.2547554347826087	0.26556324110671936	0.2701951581027668	0.2856348814229249	0.2948987154150198	0.301074604743083	0.30570652173913043	0.3165143280632411	0.32423418972332013	0.33349802371541504	0.3412178853754941	0.35202569169960474	0.3674654150197628	0.38290513833992096	0.39834486166007904	0.40297677865612647	0.4106966403162055	0.4215044466403162	0.44929594861660077	0.47091156126482214	0.4848073122529644	0.5002470355731226	0.5156867588932806	0.5249505928853755	0.529582509881423	0.5326704545454546	0.5342144268774703	0.5342144268774703	0.5342144268774703	0.5342144268774703	0.5342144268774703
209044_HY55YBGXT_TCDM_1_F02_X11_57_3_o_AATCCG_S14_trim1 - polyg	0.0	0.0	0.0	0.0	0.0	0.0015439723320158103	0.0015439723320158103	0.0015439723320158103	0.0015439723320158103	0.0015439723320158103	0.0015439723320158103	0.0015439723320158103	0.0015439723320158103	0.0015439723320158103	0.0015439723320158103	0.0015439723320158103	0.0015439723320158103	0.0015439723320158103	0.0015439723320158103	0.0015439723320158103	0.0015439723320158103	0.0015439723320158103	0.0015439723320158103	0.0015439723320158103	0.0015439723320158103	0.0015439723320158103	0.0015439723320158103	0.0015439723320158103	0.0015439723320158103	0.0015439723320158103	0.0015439723320158103	0.0015439723320158103	0.0015439723320158103	0.0015439723320158103	0.0015439723320158103	0.0015439723320158103	0.0015439723320158103	0.0015439723320158103	0.0015439723320158103	0.0015439723320158103	0.0030879446640316205	0.0030879446640316205	0.0030879446640316205	0.0030879446640316205	0.0030879446640316205	0.0030879446640316205	0.004631916996047431	0.007719861660079051	0.009263833992094862	0.009263833992094862	0.009263833992094862	0.009263833992094862	0.009263833992094862	0.010807806324110672	0.013895750988142292	0.013895750988142292	0.015439723320158102	0.018527667984189724	0.021615612648221344	0.021615612648221344	0.021615612648221344	0.021615612648221344	0.024703557312252964	0.027791501976284584	0.040143280632411064	0.07102272727272728	0.2717391304347826	0.7426506916996047	1.5516921936758894	2.365365612648221	2.7621665019762847	2.924283596837945	3.0230978260869565	3.1049283596837944	3.138895750988142
209045_HY55YBGXT_TCDM_1_G02_X9_27_2_o_GGCTGC_S15_trim1 - polya	8.094101375058317e-05	0.00019425843300139962	0.0004532696770032658	0.001068421381507698	0.0022015955740158624	0.004306061931531025	0.007398008656803303	0.010700402017827097	0.013306702660595875	0.015702556667613138	0.01814697528288075	0.02068852311464906	0.023942351867422506	0.026840040159693383	0.02954347001896286	0.032149770661731636	0.03520934098150368	0.03776707701602211	0.040875211944044504	0.0438862176555662	0.046702964934086495	0.04961684142910749	0.053178246034133146	0.056933909072160206	0.0608190777321882	0.06447761155371456	0.06771525210373788	0.0712280921005132	0.07532370739629271	0.07914412324532023	0.08315879752734916	0.08723822462037856	0.09246701410866623	0.0996383879269679	0.10604891621601409	0.11221662146380852	0.11906423122710785	0.12664031011416244	0.13470203508372053	0.14240761959277604	0.1499513220743304	0.15820730547688988	0.16636615966294868	0.17433075541600607	0.18336377255057112	0.19301194138964065	0.20311337990571343	0.21528690837380116	0.2284641054123961	0.2427744766434992	0.2585903507303631	0.27515088214373246	0.2926827057221088	0.30966413040698115	0.3266617432946036	0.3460228337837431	0.3651249130288807	0.38548967208852747	0.40598393677017514	0.4290359374863412	0.4524764550685101	0.4791384249979522	0.5064964876456494	0.5377073425478742	0.5712169222406156	0.5971827994518027	0.6212060923329757	0.6417003570146235	0.6519474893554473	0.6551365652972203	0.6561887984759779	0.656625879950231	0.6567877619777321	0.6567877619777321	0.6567877619777321
209045_HY55YBGXT_TCDM_1_G02_X9_27_2_o_GGCTGC_S15_trim1 - polyg	0.0	0.0	0.0	4.8564608250349906e-05	0.000890351151256415	0.0016997612887622467	0.0017159494915123634	0.0017159494915123634	0.00173213769426248	0.0017483258970125966	0.0017483258970125966	0.0018130787080130632	0.00182926691076318	0.00182926691076318	0.0018454551135132966	0.0018454551135132966	0.0018778315190135298	0.0018940197217636465	0.0018940197217636465	0.0018940197217636465	0.0018940197217636465	0.001910207924513763	0.0019263961272638797	0.0019263961272638797	0.001958772532764113	0.0019749607355142294	0.0019911489382643463	0.0019911489382643463	0.002007337141014463	0.002039713546514696	0.002039713546514696	0.0020559017492648127	0.0020559017492648127	0.0021044663575151626	0.002136842763015396	0.002185407371265746	0.002185407371265746	0.0022177837767659793	0.002363477601517029	0.0025415478317683117	0.0026386770482690115	0.002671053453769245	0.002751994467519828	0.002800559075770178	0.002946252900521228	0.0033185815637739105	0.003723286632526826	0.004451755756282075	0.005002154649786041	0.005633494557040589	0.0062000816532946715	0.006507657505546887	0.0066857277357981705	0.006766668749548754	0.006960927182550153	0.007187562021051786	0.007462761467803769	0.007786525522806102	0.008142665983308667	0.008531182849311467	0.009065393540065317	0.009696733447319864	0.010522331787575813	0.011509812155332928	0.012448727914839693	0.014553194272354856	0.021659815279656058	0.04056763609179229	0.08387107844835429	0.1305902315851909	0.16010132519865353	0.17572294085251608	0.1843026883100779	0.18894870249936138	0.1912150508843777
209046_HY55YBGXT_TCDM_1_H02_X11_57_1_o_TACCTT_S16_trim1 - illumina_small_rna_3'_adapter	0.0	0.0	0.0	0.0	0.0	0.0	0.0	0.0	0.0	0.0	0.0	0.0	0.0	0.0	0.0	0.0	0.0	0.0	0.0	0.0	0.0	0.0	0.0	0.0	0.005494505494505495	0.005494505494505495	0.005494505494505495	0.01098901098901099	0.016483516483516484	0.02197802197802198	0.02197802197802198	0.02197802197802198	0.02197802197802198	0.027472527472527472	0.027472527472527472	0.027472527472527472	0.03296703296703297	0.038461538461538464	0.038461538461538464	0.038461538461538464	0.04395604395604396	0.04395604395604396	0.04395604395604396	0.04945054945054945	0.04945054945054945	0.04945054945054945	0.04945054945054945	0.04945054945054945	0.04945054945054945	0.054945054945054944	0.054945054945054944	0.054945054945054944	0.06593406593406594	0.07692307692307693	0.08241758241758242	0.08241758241758242	0.08241758241758242	0.08241758241758242	0.08241758241758242	0.08791208791208792	0.09340659340659341	0.0989010989010989	0.10989010989010989	0.10989010989010989	0.10989010989010989	0.11538461538461539	0.11538461538461539	0.11538461538461539	0.12087912087912088	0.12637362637362637	0.12637362637362637	0.12637362637362637	0.13186813186813187	0.13186813186813187	0.13186813186813187
209046_HY55YBGXT_TCDM_1_H02_X11_57_1_o_TACCTT_S16_trim1 - illumina_universal_adapter	0.0	0.0	0.0	0.0	0.005494505494505495	0.005494505494505495	0.005494505494505495	0.005494505494505495	0.01098901098901099	0.016483516483516484	0.02197802197802198	0.03296703296703297	0.04395604395604396	0.04395604395604396	0.04395604395604396	0.04945054945054945	0.06593406593406594	0.07142857142857142	0.0989010989010989	0.10989010989010989	0.13186813186813187	0.13736263736263737	0.14835164835164835	0.15384615384615385	0.15384615384615385	0.15384615384615385	0.15934065934065933	0.17032967032967034	0.1813186813186813	0.1813186813186813	0.18681318681318682	0.19230769230769232	0.19230769230769232	0.19230769230769232	0.1978021978021978	0.2032967032967033	0.2087912087912088	0.2087912087912088	0.21428571428571427	0.21428571428571427	0.21428571428571427	0.21428571428571427	0.21428571428571427	0.21978021978021978	0.21978021978021978	0.21978021978021978	0.21978021978021978	0.21978021978021978	0.23076923076923078	0.23626373626373626	0.24725274725274726	0.24725274725274726	0.24725274725274726	0.25274725274725274	0.25274725274725274	0.26373626373626374	0.26373626373626374	0.26373626373626374	0.2692307692307692	0.2692307692307692	0.2692307692307692	0.2692307692307692	0.2692307692307692	0.2692307692307692	0.2692307692307692	0.2692307692307692	0.2692307692307692	0.2692307692307692	0.2692307692307692	0.27472527472527475	0.2802197802197802	0.2802197802197802	0.2802197802197802	0.2802197802197802	0.2802197802197802
209046_HY55YBGXT_TCDM_1_H02_X11_57_1_o_TACCTT_S16_trim1 - polya	0.02197802197802198	0.03296703296703297	0.07692307692307693	0.11538461538461539	0.23626373626373626	0.37362637362637363	0.5494505494505495	0.6703296703296703	0.7692307692307693	0.8406593406593407	0.9175824175824175	0.978021978021978	1.0604395604395604	1.120879120879121	1.2032967032967032	1.2692307692307692	1.3241758241758241	1.379120879120879	1.4395604395604396	1.5054945054945055	1.565934065934066	1.60989010989011	1.6758241758241759	1.6978021978021978	1.7692307692307692	1.7967032967032968	1.8131868131868132	1.8516483516483517	1.8626373626373627	1.8846153846153846	1.9065934065934067	1.945054945054945	1.989010989010989	2.010989010989011	2.032967032967033	2.0824175824175826	2.1263736263736264	2.1483516483516483	2.197802197802198	2.230769230769231	2.2472527472527473	2.2857142857142856	2.291208791208791	2.32967032967033	2.340659340659341	2.357142857142857	2.3626373626373627	2.3956043956043955	2.4175824175824174	2.4450549450549453	2.4835164835164836	2.4945054945054945	2.521978021978022	2.532967032967033	2.5549450549450547	2.5714285714285716	2.598901098901099	2.6043956043956045	2.6263736263736264	2.6538461538461537	2.697802197802198	2.730769230769231	2.7637362637362637	2.78021978021978	2.8076923076923075	2.8351648351648353	2.8461538461538463	2.8626373626373627	2.8626373626373627	2.8626373626373627	2.8626373626373627	2.8626373626373627	2.8626373626373627	2.8626373626373627	2.8626373626373627
209046_HY55YBGXT_TCDM_1_H02_X11_57_1_o_TACCTT_S16_trim1 - polyg	0.0	0.0	0.0	0.0	0.0	0.0	0.0	0.0	0.0	0.0	0.0	0.0	0.0	0.0	0.0	0.0	0.0	0.0	0.0	0.0	0.0	0.0	0.0	0.0	0.0	0.0	0.0	0.0	0.0	0.0	0.0	0.0	0.0	0.0	0.0	0.0	0.0	0.005494505494505495	0.027472527472527472	0.11538461538461539	0.14285714285714285	0.15384615384615385	0.15384615384615385	0.15384615384615385	0.21428571428571427	0.34065934065934067	0.46153846153846156	0.6868131868131868	0.967032967032967	1.1263736263736264	1.2087912087912087	1.2252747252747254	1.2362637362637363	1.2362637362637363	1.2362637362637363	1.2362637362637363	1.2362637362637363	1.2362637362637363	1.2417582417582418	1.2527472527472527	1.2582417582417582	1.2637362637362637	1.2747252747252746	1.2967032967032968	1.3241758241758241	1.4175824175824177	2.0384615384615383	4.923076923076923	13.076923076923077	23.653846153846153	29.791208791208792	32.862637362637365	34.29120879120879	34.90659340659341	35.16483516483517
209047_HY55YBGXT_TCDM_1_A03_A27_1_1_i_TCTTAA_S17_trim1 - polya	0.000310138873984993	0.0004341944235789902	0.0011164999463459749	0.0021399582304964518	0.004497013672782399	0.009366193994346789	0.01637533254640763	0.02394272107164146	0.03054867908752181	0.03684449822941717	0.04180672021317706	0.04760631715669643	0.05439835849696777	0.059050441606742665	0.06398164970310406	0.06953313554743543	0.07527070471615781	0.08094624611008318	0.08646671806701604	0.09235935667273092	0.0974146203186863	0.10333827281179966	0.10994423082768001	0.11670525828055286	0.12343527184602722	0.12917284101474957	0.13494142407087045	0.1410821737757733	0.14681974294449568	0.15224717323923306	0.15773663130876744	0.1639704226758658	0.1719409917372801	0.1811521162946344	0.1903322269645902	0.20087694868007996	0.2125691842293142	0.22357911425578145	0.23765941913470012	0.2513985712522353	0.266285237203515	0.2785357227259222	0.2914995276584949	0.30437029092887213	0.31789234583461784	0.3331511784346795	0.3497746220802751	0.3686930933933597	0.3893483424007602	0.41043778583173973	0.4346596318899677	0.4572377419160752	0.4783892131218517	0.49783492052071077	0.5174977251313593	0.5399517796078728	0.5619716396608073	0.5846427913491103	0.6065385958524508	0.6310705807846637	0.6545480935453277	0.6801655645364881	0.7088223964927015	0.7380374784220879	0.7680279075364367	0.7933662535410106	0.8152310441569526	0.8321336127891347	0.8414377790086845	0.8447872788477224	0.8458417510192714	0.8463379732176474	0.8464620287672414	0.8464620287672414	0.8464620287672414
209047_HY55YBGXT_TCDM_1_A03_A27_1_1_i_TCTTAA_S17_trim1 - polyg	0.0	0.0	3.10138873984993e-05	6.20277747969986e-05	0.001240555495939972	0.0020159026809024546	0.0020159026809024546	0.002046916568300954	0.002046916568300954	0.002046916568300954	0.002046916568300954	0.002046916568300954	0.002046916568300954	0.002046916568300954	0.002046916568300954	0.002046916568300954	0.002046916568300954	0.002077930455699453	0.002077930455699453	0.0021399582304964518	0.0021399582304964518	0.0021399582304964518	0.0021399582304964518	0.0021399582304964518	0.002170972117894951	0.002170972117894951	0.0022329998926919497	0.0022329998926919497	0.002295027667488948	0.002295027667488948	0.002295027667488948	0.0023260415548874477	0.0023260415548874477	0.0023260415548874477	0.0023260415548874477	0.0023260415548874477	0.002357055442285947	0.002388069329684446	0.002450097104481445	0.002481110991879944	0.002574152654075442	0.0026361804288724403	0.00266719431627094	0.0027292220910679382	0.002822263753263436	0.002853277640661936	0.002915305415458934	0.003008347077654432	0.0031324026272484293	0.0032564581768424264	0.0033805137264364235	0.003504569276030421	0.0035976109382259186	0.0036286248256244182	0.0037526803752184154	0.004031805361804909	0.004155860911398906	0.004217888686195905	0.0044039720105869	0.004528027560180898	0.004807152546767391	0.005117291420752385	0.005520471956932876	0.006171763592301361	0.0070711663268578405	0.012250485522407224	0.03495265109810871	0.09018838455483597	0.17929128305072445	0.26005144583641665	0.3066653185963611	0.3281269286761226	0.34062552529771783	0.34847203880953814	0.35231776084695204
209048_HY55YBGXT_TCDM_1_B03_X1_54_2_i_GTCAGG_S18_trim1 - polya	0.0	0.0	0.0	0.006473120367673237	0.009709680551509855	0.029129041654529567	0.03883872220603942	0.058258083309059135	0.07444088422824223	0.10033336569893517	0.1068064860666084	0.12622584716962812	0.1391720879049746	0.14888176845648446	0.16830112955950416	0.17153768974334077	0.18772049066252386	0.20390329158170697	0.2103764119493802	0.2297957730523999	0.23950545360390976	0.24274201378774637	0.25892481470692946	0.2653979350746027	0.2751076156261126	0.2815807359937858	0.2848172961776224	0.29129041654529564	0.29452697672913225	0.31070977764831537	0.3204194581998252	0.32365601838366187	0.33983881930284493	0.34307537948668154	0.35925818040586466	0.35925818040586466	0.35925818040586466	0.3689678609573745	0.3754409813250477	0.39486034242806745	0.39809690261190406	0.4142797035310872	0.4207528238987604	0.43369906463410685	0.4531184257371266	0.4725377868401463	0.4790109072078195	0.49195714794316603	0.5146130692300224	0.5307958701492054	0.5566883516198984	0.5728711525390815	0.5890539534582645	0.6084733145612843	0.6149464349289575	0.6408389163996504	0.66996795805418	0.6893873191571998	0.7023335598925462	0.7249894811794025	0.7411722820985857	0.7735378839369518	0.8220862866945011	0.8576884487167039	0.8771078098197236	0.8997637311065799	0.9127099718419264	0.9386024533126194	0.9386024533126194	0.9386024533126194	0.9386024533126194	0.9386024533126194	0.9386024533126194	0.9386024533126194	0.9386024533126194
209048_HY55YBGXT_TCDM_1_B03_X1_54_2_i_GTCAGG_S18_trim1 - polyg	0.0	0.0	0.0	0.0	0.0032365601838366185	0.006473120367673237	0.006473120367673237	0.009709680551509855	0.009709680551509855	0.009709680551509855	0.009709680551509855	0.009709680551509855	0.009709680551509855	0.009709680551509855	0.009709680551509855	0.009709680551509855	0.009709680551509855	0.009709680551509855	0.009709680551509855	0.009709680551509855	0.009709680551509855	0.009709680551509855	0.009709680551509855	0.009709680551509855	0.009709680551509855	0.009709680551509855	0.009709680551509855	0.009709680551509855	0.009709680551509855	0.009709680551509855	0.009709680551509855	0.009709680551509855	0.009709680551509855	0.009709680551509855	0.009709680551509855	0.009709680551509855	0.009709680551509855	0.009709680551509855	0.009709680551509855	0.009709680551509855	0.009709680551509855	0.009709680551509855	0.009709680551509855	0.009709680551509855	0.009709680551509855	0.012946240735346474	0.012946240735346474	0.012946240735346474	0.02265592128685633	0.02589248147069295	0.03236560183836618	0.0356021620222028	0.03883872220603942	0.04207528238987604	0.04207528238987604	0.04531184257371266	0.04531184257371266	0.04531184257371266	0.04531184257371266	0.055021523125222516	0.06796776386056899	0.07444088422824223	0.08091400459591547	0.08415056477975208	0.1035699258827718	0.1391720879049746	0.3754409813250477	1.11014014305596	2.8708288830630804	4.495582095349063	5.424474868110172	5.884066414214972	6.120335307635045	6.198012752047124	6.253034275172347
209049_HY55YBGXT_TCDM_1_C03_X11_57_2_i_ATACTG_S19_trim1 - polya	0.0	0.0	0.0	0.014642360348488176	0.014642360348488176	0.014642360348488176	0.021963540522732264	0.029284720696976352	0.04392708104546453	0.058569441393952704	0.07321180174244088	0.08785416209092906	0.10981770261366132	0.1244600629621495	0.13178124313639358	0.13178124313639358	0.13178124313639358	0.14642360348488176	0.15374478365912586	0.15374478365912586	0.1830295043561022	0.20499304487883446	0.23427776557581081	0.24159894575005492	0.24159894575005492	0.25624130609854306	0.26356248627278717	0.27820484662127537	0.2855260267955194	0.32213192766673987	0.3440954681894721	0.3514166483637162	0.3660590087122044	0.3660590087122044	0.37338018888644847	0.3880225492349367	0.4026649095834248	0.4026649095834248	0.417307269931913	0.42462845010615713	0.4392708104546453	0.47587671132586573	0.48319789150010983	0.497840251848598	0.5198037923713302	0.5490885130683066	0.5637308734167948	0.5783732337652829	0.5930155941137711	0.6076579544622593	0.6296214949849915	0.6369426751592356	0.666227395856212	0.6808697562047002	0.739439197598653	0.7614027381213851	0.7760450984698734	0.7833662786441175	0.8199721795153379	0.834614539863826	0.8565780803865584	0.8638992605608024	0.8785416209092906	0.9371110623032433	0.9737169631744638	0.9883593235229519	1.0030016838714402	1.010322864045684	1.0322864045684164	1.0322864045684164	1.0396075847426605	1.0396075847426605	1.0396075847426605	1.0396075847426605	1.0396075847426605
209049_HY55YBGXT_TCDM_1_C03_X11_57_2_i_ATACTG_S19_trim1 - polyg	0.0	0.0	0.0	0.0	0.0	0.0	0.0	0.0	0.0	0.0	0.0	0.0	0.0	0.0	0.0	0.0	0.0	0.0	0.0	0.0	0.0	0.0	0.0	0.0	0.0	0.0	0.0	0.0	0.0	0.0	0.0	0.0	0.0	0.0	0.0	0.0	0.0	0.0	0.0	0.0	0.0	0.0	0.0	0.0	0.0	0.0	0.0	0.0	0.0	0.0	0.0	0.0	0.0	0.0	0.0	0.0	0.0	0.0	0.0	0.0	0.0	0.0	0.0	0.007321180174244088	0.03660590087122044	0.04392708104546453	0.051248261219708616	0.09517534226517314	0.13178124313639358	0.16106596383336994	0.20499304487883446	0.22695658540156674	0.25624130609854306	0.25624130609854306	0.25624130609854306
209050_HY55YBGXT_TCDM_1_D03_X9_27_3_i_TATGTC_S20_trim1 - polya	0.0	0.0	0.0	0.0	0.0	0.0	0.031756113051762465	0.047634169577643694	0.06351222610352493	0.06351222610352493	0.06351222610352493	0.09526833915528739	0.12702445220704986	0.12702445220704986	0.15878056525881232	0.19053667831057478	0.206414734836456	0.206414734836456	0.2381708478882185	0.2381708478882185	0.2540489044140997	0.2540489044140997	0.2858050174658622	0.2858050174658622	0.2858050174658622	0.2858050174658622	0.2858050174658622	0.2858050174658622	0.2858050174658622	0.30168307399174343	0.30168307399174343	0.31756113051762463	0.31756113051762463	0.3493172435693871	0.3493172435693871	0.3493172435693871	0.36519530009526835	0.38107335662114955	0.3969514131470308	0.3969514131470308	0.42870752619879327	0.4445855827246745	0.4604636392505557	0.4604636392505557	0.4922197523023182	0.5239758653540807	0.5239758653540807	0.5557319784058431	0.5874880914576056	0.619244204509368	0.6668783740870118	0.6827564306128929	0.7145125436646554	0.746268656716418	0.7621467132422991	0.8097808828199429	0.825658939345824	0.9050492219752302	0.9209272785011114	0.9685614480787551	0.9844395046046364	1.0161956176563989	1.0161956176563989	1.0479517307081614	1.095585900285805	1.1114639568116862	1.1749761829152112	1.1749761829152112	1.2067322959669737	1.2226103524928549	1.2226103524928549	1.2226103524928549	1.2226103524928549	1.2226103524928549	1.2226103524928549
209050_HY55YBGXT_TCDM_1_D03_X9_27_3_i_TATGTC_S20_trim1 - polyg	0.0	0.0	0.0	0.0	0.0	0.0	0.0	0.0	0.0	0.0	0.0	0.0	0.0	0.0	0.0	0.0	0.015878056525881232	0.015878056525881232	0.015878056525881232	0.015878056525881232	0.015878056525881232	0.015878056525881232	0.015878056525881232	0.015878056525881232	0.015878056525881232	0.015878056525881232	0.015878056525881232	0.015878056525881232	0.015878056525881232	0.015878056525881232	0.015878056525881232	0.015878056525881232	0.015878056525881232	0.015878056525881232	0.015878056525881232	0.015878056525881232	0.015878056525881232	0.015878056525881232	0.015878056525881232	0.015878056525881232	0.015878056525881232	0.015878056525881232	0.015878056525881232	0.015878056525881232	0.015878056525881232	0.015878056525881232	0.015878056525881232	0.015878056525881232	0.015878056525881232	0.015878056525881232	0.015878056525881232	0.015878056525881232	0.015878056525881232	0.015878056525881232	0.015878056525881232	0.015878056525881232	0.015878056525881232	0.015878056525881232	0.015878056525881232	0.015878056525881232	0.015878056525881232	0.015878056525881232	0.031756113051762465	0.06351222610352493	0.06351222610352493	0.06351222610352493	0.11114639568116863	0.1429025087329311	0.206414734836456	0.2540489044140997	0.2699269609399809	0.2858050174658622	0.2858050174658622	0.3334391870435059	0.3334391870435059
209051_HY55YBGXT_TCDM_1_E03_C17_1_3_i_GAGTCC_S21_trim1 - polya	0.006431281754453662	0.006431281754453662	0.012862563508907325	0.012862563508907325	0.012862563508907325	0.019293845263360986	0.045018972281175636	0.0514502540356293	0.07717538105344394	0.09646922631680493	0.10933178982571226	0.11576307158016592	0.1414881985979806	0.1414881985979806	0.1414881985979806	0.1736446073702489	0.18007588912470254	0.19936973438806355	0.2058010161425172	0.21223229789697087	0.21866357965142452	0.2250948614058782	0.24438870666923918	0.25081998842369285	0.27011383368705383	0.27011383368705383	0.27011383368705383	0.2829763971959612	0.2894076789504148	0.2894076789504148	0.2958389607048685	0.30227024245932216	0.3087015242137758	0.3408579329860441	0.3408579329860441	0.3472892147404978	0.36658306000385876	0.3794456235127661	0.38587690526721974	0.40517075053058077	0.4116020322850344	0.42446459579394175	0.45662100456621	0.4630522863206637	0.4630522863206637	0.47591484982957105	0.48877741333847835	0.5016399768473857	0.5209338221107467	0.5402276673741077	0.5595215126374686	0.5659527943919224	0.5852466396552833	0.6238343301820053	0.6495594571998199	0.6817158659720882	0.6945784294809956	0.7138722747443565	0.7267348382532639	0.7653225287799859	0.7781850922888932	0.8296353463245225	0.8360666280789761	0.8489291915878835	0.8810856003601518	0.8939481638690591	0.9196732908868738	0.9261045726413274	0.9261045726413274	0.9261045726413274	0.9261045726413274	0.9261045726413274	0.9261045726413274	0.9261045726413274	0.9261045726413274
209051_HY55YBGXT_TCDM_1_E03_C17_1_3_i_GAGTCC_S21_trim1 - polyg	0.0	0.0	0.0	0.0	0.0	0.0	0.0	0.0	0.0	0.0	0.0	0.0	0.0	0.0	0.0	0.0	0.0	0.0	0.0	0.0	0.0	0.0	0.0	0.0	0.0	0.0	0.0	0.0	0.0	0.0	0.0	0.0	0.0	0.0	0.0	0.0	0.0	0.0	0.0	0.0	0.0	0.0	0.0	0.0	0.006431281754453662	0.006431281754453662	0.006431281754453662	0.006431281754453662	0.006431281754453662	0.006431281754453662	0.012862563508907325	0.012862563508907325	0.012862563508907325	0.019293845263360986	0.019293845263360986	0.019293845263360986	0.02572512701781465	0.02572512701781465	0.02572512701781465	0.02572512701781465	0.02572512701781465	0.032156408772268316	0.032156408772268316	0.032156408772268316	0.032156408772268316	0.10933178982571226	0.5788153579008296	1.408450704225352	3.170621904945656	4.791304907067978	5.537333590584604	5.961798186378545	6.122580230239887	6.186893047784423	6.231912020065599
209052_HY55YBGXT_TCDM_1_F03_X11_57_3_i_GGAGGT_S22_trim1 - polya	0.00017120685854675338	0.00042801714636688345	0.0006848274341870135	0.0015408617269207804	0.002846314023339775	0.00492219718321916	0.007896916350469	0.011984480098272738	0.015601224985072902	0.0181693278632742	0.02082303417074888	0.023455339620905215	0.027007881935750346	0.02949038138467827	0.03207988512019792	0.03509740600208444	0.03785811659615084	0.041153848623175844	0.04359354635746708	0.04620445095030507	0.04928617440414663	0.05189707899698462	0.05559942731305816	0.05874535333885476	0.06246910251224664	0.06563642939536157	0.06873955370652149	0.07201388487622815	0.07560922890570997	0.07999640465597052	0.08436217954891273	0.08926297587481355	0.09519101335199488	0.10313073141710057	0.10997900575897071	0.1173409006764811	0.12498100673912997	0.13302772909082738	0.14182348144866683	0.15085464323700806	0.15950058959361912	0.16900257024296395	0.17730610288248147	0.18723610067819316	0.19772252076418181	0.20891516914167582	0.2196155978008479	0.23222070276135262	0.24551063515604435	0.2594425932702864	0.2766702834115535	0.29381237012354716	0.30979881054035024	0.3262346689608386	0.34322694967160383	0.36135347582024135	0.37984381654329075	0.3997680147066692	0.4216396908860169	0.4444958065020085	0.46711651268749826	0.49284034318414793	0.5191205959710746	0.546749102769057	0.5779515527392027	0.6027123446565269	0.6240275985455978	0.6405918621099961	0.649601623041019	0.6530043593546357	0.6538817945046879	0.6543740142230098	0.6543954150803282	0.6543954150803282	0.6543954150803282
209052_HY55YBGXT_TCDM_1_F03_X11_57_3_i_GGAGGT_S22_trim1 - polyg	0.0	0.0	2.1400857318344173e-05	0.00010700428659172086	0.001112844580553897	0.0017762711574225664	0.0017762711574225664	0.0017762711574225664	0.0017762711574225664	0.0017762711574225664	0.0017762711574225664	0.0017762711574225664	0.0017762711574225664	0.0017762711574225664	0.0017976720147409105	0.0017976720147409105	0.0017976720147409105	0.0017976720147409105	0.0017976720147409105	0.0017976720147409105	0.0017976720147409105	0.0018190728720592546	0.001840473729377599	0.001840473729377599	0.001840473729377599	0.001840473729377599	0.001840473729377599	0.001861874586695943	0.001861874586695943	0.0019046763013326315	0.0019474780159693197	0.0019474780159693197	0.001990279730606008	0.0020544823025610407	0.0020544823025610407	0.0020544823025610407	0.002097284017197729	0.002097284017197729	0.0022898917330628266	0.002354094305017859	0.002375495162336203	0.0023968960196545474	0.0025039003062462682	0.002568102878201301	0.002696508022111366	0.0028249131660214306	0.0029533183099314957	0.003210128597751626	0.0035311414575267884	0.0036595466014368535	0.003852154317301951	0.004001960318530361	0.004130365462440426	0.004237369749032147	0.004322973178305523	0.004708188610035718	0.005093404041765913	0.005628425474724518	0.006056442621091401	0.006741270055278414	0.0072334897736003306	0.007789912063877279	0.008581743784656013	0.009416377220071437	0.011064243233583937	0.014295772688653908	0.02801372222971252	0.06099244335728089	0.1191813744058587	0.1718916859809404	0.20369335995599983	0.2205358346655367	0.23055143589052177	0.23692889137138834	0.24028882597036838
209053_HY55YBGXT_TCDM_1_G03_X9_27_1_o_CACACT_S23_trim1 - polya	0.00093139644268652	0.0017740884622600378	0.0035925291360765768	0.006874592791257647	0.012684732505159271	0.022397866836032978	0.03659057453411328	0.05087198665530659	0.06373412800669186	0.07495523753048661	0.08391438426489979	0.094026688499782	0.10484862811956824	0.11380777485398143	0.12156941187636909	0.1310607851494603	0.14064086284566452	0.1496000095800777	0.15860350852604738	0.1686271083378166	0.17683226747576927	0.18574706199862598	0.1964802971952992	0.20761270229598094	0.2190999250891147	0.22961139922800541	0.23932453355887912	0.2489046112550833	0.26017007299043454	0.2719234090529073	0.28341063184604104	0.2944543325236098	0.3070060083940996	0.32519041513226493	0.34084674581170976	0.3596964357232227	0.37996539640454363	0.40041176593209055	0.42351926815302754	0.44693723585486006	0.47141965663404856	0.49519244202833307	0.5167476168447925	0.5424275473360066	0.5677526601347687	0.5956502012038077	0.6246565475617594	0.6582311717100305	0.6919388524929713	0.7292390624119885	0.7680028953123704	0.8063675583087437	0.842071088611727	0.8779076755493798	0.9168932695075441	0.9540160705803353	0.9927799034807172	1.0364668318638706	1.078290967361651	1.118651479878067	1.1630480436461244	1.20975092241512	1.2560989834916634	1.3037332587033454	1.3554479373782256	1.3934134304705903	1.4267219413495225	1.453954199245214	1.46668328396193	1.471828140502484	1.4735578767531874	1.4740901032918654	1.4741788077149784	1.4741788077149784	1.4741788077149784
209053_HY55YBGXT_TCDM_1_G03_X9_27_1_o_CACACT_S23_trim1 - polyg	0.0	0.0	0.0	4.435221155650095e-05	0.000842692019573518	0.0018184406738165388	0.0018184406738165388	0.0018184406738165388	0.0018184406738165388	0.0018184406738165388	0.00186279288537304	0.00186279288537304	0.00186279288537304	0.0019071450969295408	0.0019514973084860418	0.0019958495200425425	0.0019958495200425425	0.0019958495200425425	0.0019958495200425425	0.0019958495200425425	0.0019958495200425425	0.0019958495200425425	0.0021289061547120455	0.0021289061547120455	0.0021289061547120455	0.0021732583662685463	0.0021732583662685463	0.0021732583662685463	0.0021732583662685463	0.0021732583662685463	0.0022176105778250474	0.0023063150009380493	0.00235066721249455	0.002439371635607552	0.002439371635607552	0.002439371635607552	0.002439371635607552	0.002572428270277055	0.004080403463198087	0.007584228176161662	0.009491373273091203	0.010733235196673229	0.011088052889125236	0.011620279427803248	0.015345865198549328	0.023151854432493495	0.026921792414796076	0.034417316167844735	0.045061846941404964	0.05175903088643661	0.05708129627321672	0.05938761127415477	0.060185951082171785	0.0608955864670758	0.06120605194797131	0.06169392627509282	0.062004391755988326	0.06258097050622284	0.06382283242980487	0.0652864554111694	0.06635090848852541	0.06910074560502848	0.07154011724063603	0.0744673632033651	0.07819294897411116	0.08378132763023029	0.10059081581014415	0.15270466438903277	0.3138362489738007	0.5301419847348559	0.6791210633531425	0.7571366034810276	0.7988276823441386	0.8218021279304061	0.8341763949546698
209054_HY55YBGXT_TCDM_1_H03_A04_1_2_o_CCGCAA_S24_trim1 - polya	0.0007002577999090365	0.0013304898198271693	0.0026609796396543386	0.005426997949295033	0.010678931448612808	0.019817295737425734	0.03217684590582023	0.0460069374540237	0.06071235125211347	0.07279179830054434	0.08385587153910712	0.0947798932176881	0.10846993320590975	0.11988413534442705	0.13122831170295343	0.1419422560415617	0.1536365613000426	0.16372027361873273	0.17513447575725002	0.18581340720586284	0.1971225706743938	0.20871183726288833	0.22156156789121914	0.23311582158971825	0.2461056037780309	0.25937548908630714	0.2704395623248699	0.28304420272323255	0.2951586626616589	0.30783332884001247	0.321593394608225	0.33531844748644213	0.3513543511043591	0.3704013632618849	0.38885315628948797	0.4064996528471957	0.4267721161545623	0.44707959235192435	0.47207879580867695	0.496027612565566	0.5196963262024914	0.5438902331893487	0.567243830816315	0.5921379956030812	0.6168220830498748	0.6454976399561498	0.6763089831521475	0.7077855712580586	0.7422732679035787	0.7759206551892079	0.8143998212942095	0.8520386780393202	0.8885571223045764	0.9224145869301783	0.9560269613258121	0.9927904958210365	1.0292039014163064	1.0678581319712852	1.1057420789463641	1.1452366188612337	1.1860616485959306	1.232908895409845	1.2756246212042963	1.3239073965080244	1.3725052878217117	1.411894789066595	1.4444217638723695	1.4701912509090223	1.483111007317344	1.4873475670067935	1.4892032501765524	1.4896934306364888	1.4897984693064752	1.4897984693064752	1.4897984693064752
209054_HY55YBGXT_TCDM_1_H03_A04_1_2_o_CCGCAA_S24_trim1 - polyg	0.0	0.0	0.00010503866998635548	0.0001400515599818073	0.0011204124798544584	0.0021007733997271097	0.0021007733997271097	0.0021007733997271097	0.0021007733997271097	0.0021007733997271097	0.0021007733997271097	0.0021007733997271097	0.0021007733997271097	0.0021007733997271097	0.0021007733997271097	0.0021007733997271097	0.0021007733997271097	0.0021007733997271097	0.0021007733997271097	0.0021007733997271097	0.0021007733997271097	0.0021007733997271097	0.0021007733997271097	0.0021007733997271097	0.0021007733997271097	0.0021007733997271097	0.0021357862897225612	0.002170799179718013	0.002170799179718013	0.0022408249597089167	0.0022408249597089167	0.0022408249597089167	0.0022758378497043687	0.002380876519690724	0.002380876519690724	0.002415889409686176	0.002625966749658887	0.0029760956496134054	0.0032912116595724718	0.0034312632195542788	0.003571314779536086	0.003781392119508797	0.0038864307894951526	0.003956456569486056	0.004236559689449671	0.004621701479399641	0.0047967659293769	0.005286946389313226	0.006127255749204069	0.0069325522190994615	0.007632810019008498	0.00805296469895392	0.00822802914893118	0.008368080708912986	0.008543145158890245	0.008788235388858407	0.009033325618826572	0.009138364288812926	0.009488493188767445	0.009698570528740156	0.010398828328649192	0.011204124798544584	0.012254511498408139	0.01362001420823076	0.015405671597998803	0.021322850007230162	0.05185409008326415	0.13413438157257596	0.2974345005113633	0.4535919898910784	0.5432950140594259	0.5879714616936225	0.6114651108805707	0.6251551508687924	0.6319126386379146
209055_HY55YBGXT_TCDM_1_A04_X4_67_2_o_TTTATG_S25_trim1 - polya	6.473287139093204e-05	0.0001553588913382369	0.0003236643569546602	0.0004919698225710835	0.0009968862194203534	0.0017348409532769787	0.0028094066183664505	0.004207636640410582	0.00547640091967285	0.006473287139093203	0.007547852804182676	0.008700097914941265	0.010253686828323635	0.011729596296036886	0.013179612615193763	0.014655522082907014	0.016079645253507517	0.01729662323565704	0.018565387514919308	0.020080136705467117	0.021452473578954877	0.023019009066615432	0.02479268974272697	0.026294492358996596	0.027951653866604455	0.029751227691272364	0.03166732068444395	0.03357046710333735	0.03530530805661433	0.036781217524327586	0.0386714173689428	0.040665189807783504	0.043345130683368094	0.046193377024569104	0.0493393945741684	0.05220058748964759	0.05574794884187067	0.059567188253935664	0.06437036731114282	0.06875925599144801	0.07339412958303874	0.0785727592943133	0.08393264104548248	0.08935725566804259	0.09598590169847403	0.10304178468008562	0.1107708895241629	0.11919910937926226	0.12893493323645844	0.13978416248157866	0.15322270658233614	0.1661951740090789	0.17953014551561092	0.19027580216650564	0.20232906281949717	0.21578055349453285	0.2294521359322977	0.24324023753856622	0.2581287979584806	0.2732503967154023	0.28967959947442085	0.3072739939184762	0.3267974279299813	0.3505673383047315	0.37674531149522444	0.3989745795308705	0.4193654340190141	0.43762010375125693	0.44639788111186735	0.44896130281894825	0.4502041739496541	0.45085150266356344	0.45092918210923255	0.45092918210923255	0.45092918210923255
209056_HY55YBGXT_TCDM_1_B04_C64_1_2_o_AACGCC_S26_trim1 - polya	0.00010082338424981454	0.0002823054758994807	0.0005041169212490727	0.0012703746415476632	0.0024802552525454375	0.004496722937541728	0.007702906556685831	0.010929254852679895	0.013187698659875742	0.016252729541070102	0.01887413753156528	0.0221811445349592	0.025830951044802482	0.0296824043231454	0.03282809391173961	0.0363165830067832	0.04063182385267526	0.044281630362518545	0.048254071701961235	0.05194420756550445	0.055856154874397254	0.059828596213839944	0.06466811865783104	0.06886237144262333	0.07301629487371569	0.07769449990290708	0.08192908204139929	0.08592168805769194	0.0895916592443852	0.09402788815137704	0.09832296432041913	0.10328347482551001	0.10854645548335033	0.11465635256888909	0.1208469083618277	0.12673499400201688	0.13417575975965318	0.14208031308483865	0.15179968732652077	0.16282976556345047	0.17361786767818063	0.18501091009840967	0.1957586828594399	0.20705090189541914	0.2209846935987435	0.23469667385671827	0.25016298100063983	0.2673432856768082	0.28585445902507417	0.3051923841241886	0.32729286995174794	0.3517727876476029	0.37520414214725983	0.3990791195376159	0.4243051302769195	0.4511443151642201	0.47727773636177206	0.502846546607525	0.528979967805077	0.555597341247028	0.583303607238877	0.6125625533481732	0.6471046447921597	0.6840060034275918	0.7215929610759226	0.7565988400874583	0.7867450319781528	0.8148344268301511	0.8258846697439308	0.8284657483807261	0.8292118414241747	0.8294739822232242	0.8295949702843239	0.8295949702843239	0.8295949702843239
209056_HY55YBGXT_TCDM_1_B04_C64_1_2_o_AACGCC_S26_trim1 - polyg	0.0	0.0	0.0	8.065870739985163e-05	0.0017744915627967359	0.0024802552525454375	0.0025004199293954003	0.0025205846062453636	0.0025205846062453636	0.0025205846062453636	0.0025609139599452892	0.002581078636795252	0.002661737344195104	0.0027020666978950295	0.0027020666978950295	0.0027020666978950295	0.0027020666978950295	0.0027222313747449923	0.0027222313747449923	0.0027423960515949555	0.0027423960515949555	0.0027423960515949555	0.0027423960515949555	0.0027625607284449184	0.002782725405294881	0.002782725405294881	0.002802890082144844	0.0028432194358447697	0.0028432194358447697	0.0028432194358447697	0.0028432194358447697	0.0028432194358447697	0.0028835487895446958	0.0029037134663946586	0.0029238781432446214	0.0029238781432446214	0.003004536850644473	0.003024701527494436	0.003085195558044325	0.0031658542654441763	0.0031860189422941395	0.003246512972844028	0.0033271716802438797	0.0033876657107937682	0.0034279950644936943	0.0035691478024434346	0.003710300540393175	0.003932111985742767	0.004335405522742025	0.004597546321791543	0.004839522443991098	0.005021004535640763	0.0051218279198905784	0.005262980657840319	0.005383968718940096	0.005525121456889837	0.005726768225389466	0.0058880856401891685	0.0059889090244389835	0.006230885146638538	0.006392202561438242	0.006714837391037648	0.0069971428669371285	0.007481095111336239	0.007844059294635572	0.0092959160278329	0.013046545921926	0.02407662415885571	0.047003861737263536	0.07293563616631583	0.08801881445008809	0.09523776876237482	0.09963366831566672	0.10255754645891134	0.1038884151310089
209057_HY55YBGXT_TCDM_1_C04_A04_1_1_i_CAAGCA_S27_trim1 - polya	0.0002708325463747282	0.0004276303363811498	0.0005416650927494564	0.0010405671518607979	0.0018958278246230973	0.002922140631937857	0.004618407632916418	0.006015333398428174	0.007383750474847853	0.008809184929451685	0.010191856350417403	0.01174557990593558	0.013855222898749252	0.015266403008807047	0.016734600497048994	0.018331087086205285	0.01974226719626308	0.020925377793584263	0.022151251424543557	0.02401857056007458	0.02560080280468483	0.027040491603834704	0.028651232537537034	0.03020495609305521	0.03174442530402735	0.03345494664955195	0.03520823102871466	0.036861734996055114	0.03848673027430348	0.040297032031650346	0.04180799255353041	0.04393188989089012	0.04679701314464382	0.04906345392746392	0.0519570858703097	0.05493624388043171	0.058357286571480906	0.061821092296168216	0.06585507180269706	0.06956120138466702	0.07389452212666268	0.07818507983502021	0.08337366124977817	0.089260705547292	0.0948056455757009	0.10141966144506269	0.10847556199535166	0.11584505812565347	0.1243691561641844	0.1337912779091157	0.14473861452047315	0.15552915334182418	0.1665762703650039	0.1769676875390658	0.18738761340221982	0.19926148240906977	0.21156298175230082	0.22380746371734775	0.23704974980061735	0.2506483944975379	0.2646176521526555	0.2799553268841927	0.2975736967430961	0.31691684229207007	0.3378564744302004	0.3562588332391359	0.3739199661316774	0.3893004038968527	0.3969122238844372	0.3996775667263686	0.40077515125641355	0.40147361413916943	0.4017159379964521	0.4017159379964521	0.4017159379964521
209058_HY55YBGXT_TCDM_1_D04_X4_67_3_i_GCTCGA_S28_trim1 - polya	0.0004882454898322877	0.0007811927837316603	0.0011717891755974904	0.0022459292532285235	0.0050777530942557915	0.010936698972243244	0.0181627322217611	0.025584063667211873	0.03222420232893099	0.03915728828454947	0.045309181456436295	0.05390230207748456	0.06503429924566072	0.07431096355247419	0.0848570661328516	0.09325488855796694	0.10214095647291459	0.11327295364109075	0.12128017967434025	0.12987330029538852	0.13875936821033616	0.14588775236188756	0.1554573639626004	0.1625857481141518	0.17166711422503234	0.17908844567048313	0.1867050753118668	0.19295461758172008	0.19979005443937212	0.20711373678685643	0.2152186119180724	0.22215169787369088	0.22967067841710812	0.23787320264629055	0.24724751605107048	0.2561335839660181	0.26736323023216074	0.2803505602616996	0.29284964480140613	0.3087664477699387	0.3272221272855992	0.3442130703317628	0.3593486805165637	0.3793667455996875	0.39743182872348215	0.4180357883944047	0.43785855528159556	0.46207553157727704	0.48580426238312624	0.5132436589117008	0.5436125283792691	0.5745672924346361	0.6068891438615336	0.6329614530185778	0.6652833044454752	0.6963357175988086	0.7256304469887459	0.7592217366892073	0.7892000097649098	0.8208383175060421	0.8548202035983693	0.8897785806703611	0.929033518052877	0.9741474013133804	1.0166247589287893	1.0591021165441985	1.0941581427141567	1.1242340648878255	1.1365378512315993	1.1398579205624588	1.1410297097380564	1.1410297097380564	1.1410297097380564	1.1410297097380564	1.1410297097380564
209058_HY55YBGXT_TCDM_1_D04_X4_67_3_i_GCTCGA_S28_trim1 - polyg	0.0	0.0	0.0	0.0	0.0013670873715304055	0.0021482801552620656	0.0021482801552620656	0.0021482801552620656	0.0021482801552620656	0.0021482801552620656	0.0021482801552620656	0.0021482801552620656	0.0021482801552620656	0.0021482801552620656	0.0021482801552620656	0.0021482801552620656	0.0021482801552620656	0.0021482801552620656	0.0021482801552620656	0.0021482801552620656	0.0021482801552620656	0.0021482801552620656	0.0021482801552620656	0.0021482801552620656	0.0021482801552620656	0.0021482801552620656	0.0021482801552620656	0.0021482801552620656	0.0022459292532285235	0.0022459292532285235	0.0022459292532285235	0.0024412274491614383	0.0025388765471278957	0.0025388765471278957	0.0025388765471278957	0.0025388765471278957	0.002734174743060811	0.002929472938993726	0.004003613016624759	0.005761296780020995	0.00673778775968557	0.007616629641383688	0.00790957693528306	0.008007226033249519	0.00908136611088055	0.012694382735639479	0.013768522813270512	0.016697995752264237	0.022752239826184607	0.02607230915704416	0.029001782096037886	0.029978273075702465	0.030466518565534752	0.03085711495740058	0.031540658643165784	0.03163830774113224	0.031931255035031615	0.03329834240656202	0.035348973463857625	0.0370090081292874	0.03925493738251593	0.041305568439811535	0.04511388326050338	0.04843395259136294	0.05204696921612187	0.05614823133071308	0.06513194834362718	0.09247369577423528	0.15575031125649977	0.25095818177379586	0.31394184996216096	0.34597075409515904	0.36481703000268534	0.3752654834850963	0.380538534775285
209059_HY55YBGXT_TCDM_1_E04_A04_1_2_i_GCGAAT_S29_trim1 - illumina_small_rna_3'_adapter	0.0	0.0	0.0	0.0	0.0	0.0	1.5607578041011722e-05	1.5607578041011722e-05	1.5607578041011722e-05	4.682273412303516e-05	0.00010925304628708204	0.00014046820236910548	0.00021850609257416409	0.00023411367061517582	0.0005150500753533868	0.0005150500753533868	0.0005150500753533868	0.0005462652314354102	0.0006086955435994571	0.0007335561679275509	0.000952062260501715	0.0011861759311168909	0.0014202896017320667	0.0016700108503882542	0.002075807879454559	0.0023723518622337817	0.002793756469341098	0.003308806544694485	0.00380824904200686	0.004494982475811375	0.005212931065697915	0.0057435887190923135	0.006274246372486711	0.007007802540414262	0.0077881814424648485	0.008506130032351388	0.009645483229345244	0.011050165253036297	0.012860644305793659	0.015201781011945416	0.017730208654589314	0.020726863638463565	0.024020062605117038	0.027250831259606464	0.030075802885029587	0.03307245786890384	0.03600668254061404	0.03925305877314448	0.04212485313269063	0.04523076116285197	0.04810255552239812	0.05072462863328809	0.05384614424149044	0.05626531883784725	0.05937122686800859	0.062086945447144624	0.06475584129215763	0.06789296447840099	0.0703121390747578	0.07348047741708318	0.07591525959148102	0.07827200387567378	0.08076921636223565	0.08328203642683854	0.08563878071103131	0.08797991741718307	0.0902898389672528	0.09289630450010176	0.09498771995759733	0.09709474299313392	0.09896765235805532	0.10071570109864864	0.10291636960243129	0.10471124107714763	0.10592863216434655
209059_HY55YBGXT_TCDM_1_E04_A04_1_2_i_GCGAAT_S29_trim1 - polya	6.243031216404689e-05	9.364546824607032e-05	0.00014046820236910548	0.0003121515608202344	0.001014492572665762	0.002013377567290512	0.003418059590981567	0.004651058256221492	0.005962094811666477	0.007101448008660333	0.0085217376103924	0.009910812056042443	0.011549607750348674	0.013313264068982998	0.015108135543699346	0.016934222174497717	0.018557410290762934	0.020243028719192202	0.021913039569580454	0.023598657998009722	0.025299884004479998	0.026985502432909265	0.02859308297113347	0.03046599233605488	0.03197992740603302	0.0338216216148724	0.03546041730917863	0.037270896361935986	0.03881604658799615	0.04053288017250744	0.04220289102289569	0.04413823069998114	0.04680712654499415	0.049678920904540305	0.05247267737388141	0.055391294467550596	0.058793746480491155	0.06288293192723622	0.06737791440304759	0.0724503772663764	0.07769452348815635	0.08331325158292056	0.08866665085098759	0.0948160365991462	0.1013400042202891	0.10967445089418935	0.11804011272417164	0.12766998837547588	0.13753397769739528	0.14819395349940628	0.1615072175683893	0.17435225429614193	0.18774355625532999	0.19979260650299105	0.21274689627703078	0.2271839059649666	0.2415584853407384	0.25643250721382255	0.2713689593990708	0.2871950435326567	0.3038795444584982	0.3205484378062987	0.3404012770744656	0.3619397347710618	0.3843210016818726	0.4054848775054845	0.4259776274733329	0.44347372245730704	0.45152723272646905	0.4539620149008669	0.4545082801323023	0.4547580013809585	0.4548516468492046	0.4548516468492046	0.4548516468492046
209060_HY55YBGXT_TCDM_1_F04_C17_1_1_i_TGGATT_S30_trim1 - polya	7.08427608321238e-05	0.00010626414124818569	0.0002007211556910174	0.0004958993258248665	0.0010036057784550871	0.0017710690208030948	0.0026329892775939345	0.0035185237879954818	0.004250565649927427	0.004923571877832603	0.005691035120180612	0.006505726869750035	0.008005231974029988	0.009032452006095783	0.010177743306215119	0.011169541957864852	0.012444711652843079	0.013448317431298167	0.014522765970585378	0.015549986002651173	0.016754312936797276	0.017923218490527318	0.019281038073143027	0.020390907992846298	0.021807763209488774	0.023118354284883062	0.024369909726250583	0.025515201026369918	0.02668410658009996	0.0281363831771585	0.029553238393800974	0.031229850400161237	0.033449590239567784	0.03540957328925654	0.037806420030743394	0.04001435274334459	0.0422931282167779	0.04490250324076113	0.04811404173181741	0.05129015884245763	0.05451350446031926	0.05832720641844859	0.06184573020644407	0.06538786824805026	0.06969746953200445	0.07423140622526038	0.07904871396184479	0.08446818516550227	0.0905370483434542	0.09666494715543292	0.10457572211502007	0.1130060106540428	0.12153075620750836	0.12987839485889363	0.13815519074944674	0.14698692159985152	0.15581865245025628	0.16498098285121096	0.174355841534662	0.1851239411811448	0.19562047691110448	0.2067545974885533	0.21963617283319445	0.2345013454811351	0.2511493942766842	0.26562493174004814	0.28034841886632456	0.2934425224934621	0.2999718636168228	0.30220341058303474	0.3032424377419059	0.3039036368430057	0.3041161651255021	0.3041161651255021	0.3041161651255021
209061_HY55YBGXT_TCDM_1_G04_X4_67_2_i_ACCTAC_S31_trim1 - polya	0.00012111889636461632	0.00024223779272923264	0.0004037296545487211	0.0007670863436425701	0.0013726808254656516	0.0020455635830468537	0.003297125512147889	0.004037296545487211	0.004817840544281405	0.005544553922469103	0.006473132127931162	0.007576659850364332	0.00886859474492024	0.009729884674624179	0.010927615983118717	0.012138804946764881	0.013255790324349676	0.01417091087466011	0.01520715032133516	0.016256847423161837	0.01717196797347227	0.018262038040753818	0.019352108108035365	0.020374889899558792	0.021626451828659826	0.022958759688670605	0.024210321617771643	0.02543496823656943	0.026753818441428583	0.027897719129316628	0.02927039995478228	0.030495046573580067	0.03270210201844641	0.034465054843309154	0.03653753373665926	0.03856963966455449	0.04112659414336305	0.04360280269126188	0.04645582558340617	0.04913389895857936	0.05175814171314604	0.05486686005317119	0.05790829011743823	0.0607478553544309	0.06438142224536939	0.06818993865327899	0.07298086388725715	0.07722002526001873	0.08222627297642286	0.08758241972676922	0.09435162026803612	0.10098624425778677	0.10775544479905366	0.11406708506516533	0.12059404781370299	0.1282110806295222	0.13489953523987933	0.1418302276429657	0.14939342983817844	0.15714503920551387	0.16575793850255324	0.17431700717898613	0.18508313130028536	0.1981505144525123	0.21176966146595583	0.22388155110241748	0.2354282192225109	0.24661153065351046	0.25276167905780267	0.25557432898449206	0.2569470098099577	0.25764680787784217	0.2578217573948133	0.2578217573948133	0.2578217573948133
209062_HY55YBGXT_TCDM_1_H04_X4_67_1_i_CGAAGG_S32_trim1 - polya	0.0001538024581734215	0.0002768444247121587	0.000615209832693686	0.0012816871514451792	0.0022352623921203926	0.003855314951547099	0.00557790248308942	0.007218462036939249	0.008602684160500043	0.009925385300791468	0.010858453547043559	0.012293943156662159	0.014108812163108532	0.015216189861957167	0.0164568630245561	0.017912859628597823	0.019409870221485794	0.02101966928370094	0.02238338441283861	0.023839381016880334	0.025223603140441125	0.026853909197079393	0.028668778203525768	0.03025807027131779	0.03239079769132257	0.03432870866430768	0.03682030848671711	0.038799233448548465	0.04095246786297636	0.043095448780192704	0.0454640066360634	0.0477505365142416	0.05175965392396212	0.05430252123242935	0.057491358865224954	0.06003422617369219	0.0638075131475468	0.06677077384168806	0.0705850748043889	0.07356884249295328	0.07677818712017201	0.08064375556893068	0.08423247959297718	0.08767765465606181	0.09227122140684134	0.09688529515204398	0.10260674659609527	0.10826667705687718	0.11457257784198746	0.1215552094430608	0.12957344426250184	0.13765320006521226	0.1472094594663875	0.15576087614082973	0.16400468789892514	0.1734789193224079	0.18197906851079232	0.19129949747610167	0.20063017993862256	0.21052480474777935	0.22038866906530144	0.2314932065454225	0.24445362702083615	0.25936221196644643	0.27491676723638514	0.28913836786882086	0.30304211008769816	0.31502844832801347	0.3212523211354313	0.3242155818295725	0.32569208542803735	0.3266149001770779	0.3268712376073669	0.3268712376073669	0.3268712376073669
209063_HY55YBGXT_TCDM_1_A05_C64_1_2_i_AGATAG_S33_trim1 - polya	0.00024225363713554455	0.000581408729125307	0.0009932399122557327	0.002204508097933455	0.004917748833851554	0.009908173758843772	0.01729690969147788	0.02446761735069	0.03125071919048525	0.03604734120576903	0.04057748422020371	0.046197768601748346	0.05140622180016255	0.056420872088868326	0.061483973105001206	0.06630482048399854	0.0718039780469754	0.0767459522445405	0.08190595471552761	0.08689637964051983	0.09222595965750181	0.09726483530992114	0.1041448386045706	0.11070991217094385	0.11640287264362915	0.12330710130199217	0.12885470959239614	0.13539555779505585	0.14263894154540863	0.14980964920462075	0.1574890895018175	0.16458712106988896	0.17301754764220592	0.18311952431075812	0.1925916415227579	0.2034446044664303	0.2142491166826756	0.22607109417489016	0.2408970167675855	0.25443899508346246	0.26868350894703247	0.28217703653548226	0.295404085123083	0.3096243736229395	0.3256857897650261	0.3423770653636651	0.3601342569657005	0.3812103233964929	0.4023106151909988	0.42527625999144847	0.452868949261187	0.4808250189866288	0.5062374255221475	0.5284036333200498	0.5544458993121208	0.5835405611320997	0.6100915597621553	0.6370059388479143	0.6648408817547884	0.69422624793933	0.7260099251315134	0.7589321944182339	0.7921451680695171	0.8299609608263756	0.8733001365099246	0.9065131101612077	0.9340331233398056	0.9554967955900148	0.9659137019868432	0.9701289152730017	0.9712917327312522	0.9717762400055234	0.9719458175515182	0.9719458175515182	0.9719458175515182
209063_HY55YBGXT_TCDM_1_A05_C64_1_2_i_AGATAG_S33_trim1 - polyg	0.0	0.0	2.4225363713554455e-05	9.690145485421782e-05	0.0008478877299744059	0.001647324732521703	0.001647324732521703	0.0016715500962352573	0.0016715500962352573	0.0016715500962352573	0.0016957754599488117	0.0016957754599488117	0.0016957754599488117	0.0016957754599488117	0.0016957754599488117	0.0017200008236623664	0.0017200008236623664	0.0017200008236623664	0.0017200008236623664	0.0017200008236623664	0.0017200008236623664	0.0017200008236623664	0.0017200008236623664	0.0017684515510894751	0.0017926769148030295	0.0018169022785165842	0.0018411276422301386	0.0018411276422301386	0.0018895783696572474	0.0019864798245114654	0.002059155915652129	0.002083381279365683	0.0021076066430792376	0.002131832006792792	0.002204508097933455	0.002204508097933455	0.00222873346164701	0.00222873346164701	0.0022771841890741186	0.0024225363713554454	0.0025436631899232176	0.0025678885536367722	0.0026890153722045444	0.0027374660996316532	0.002761691463345208	0.0027859168270587624	0.0029070436456265347	0.0029554943730536434	0.002979719736767198	0.0030766211916214157	0.0031735226464756337	0.0032704241013298513	0.0034400016473247327	0.0036580299207467225	0.003827607466741604	0.004142537195017812	0.00445746692329402	0.004845072742710891	0.005256903925841316	0.0056687351089717425	0.0060321155646750595	0.006565073566373257	0.007267609114066337	0.007921693934332306	0.009011835301442258	0.014801697228981772	0.03878480730540068	0.08767159127935358	0.1699409264505845	0.24322265168408672	0.2824435155363314	0.2998373266826635	0.310084655533497	0.3150266297310621	0.3184181806509597
209064_HY55YBGXT_TCDM_1_B05_C64_1_1_o_TTGGTA_S34_trim1 - polya	0.00011946433981989855	0.00028372780707225907	0.0007317190813968786	0.0012245094831539601	0.00267301460347023	0.005689489183922669	0.009407816760817011	0.013305340847441201	0.017068467551768007	0.02101079076582466	0.02422139489848443	0.02758132945591908	0.032315103921282555	0.03613796279551931	0.03982642428745868	0.0437986135864703	0.04775586984300444	0.05174299218449356	0.05535678846404549	0.059045249955984855	0.06253958189571689	0.06628777555756621	0.07109621523531712	0.07557612797856332	0.08047416591117916	0.08520794037654264	0.08940412531271658	0.09382430588605283	0.09861781252132625	0.10308279222209496	0.1079808301547108	0.11344632370147116	0.11988246500926819	0.12784177664976892	0.134830440529233	0.1427150869573463	0.15079386293766694	0.15905183542771742	0.1688628443354266	0.1788829158378206	0.18861925953314232	0.1992665188195908	0.2100929746157691	0.22123302430397462	0.2326866678842074	0.24478243229097213	0.2585805635401704	0.2736480033999551	0.28988022057298385	0.30732201418668903	0.3284074701649011	0.3493883948457708	0.3699959934647033	0.387975376607598	0.40798565352743105	0.4288620469109583	0.44909631946795364	0.4705252354231479	0.4931338617340637	0.516399541913989	0.5405313385576085	0.5666940289781662	0.5951862740252121	0.6263216675907731	0.6608468617987238	0.6884580573395979	0.7144116851654708	0.7355419402711154	0.7460697352177439	0.7496237993273859	0.7505496479609901	0.7509976392353147	0.751191768787522	0.751191768787522	0.751191768787522
209064_HY55YBGXT_TCDM_1_B05_C64_1_1_o_TTGGTA_S34_trim1 - polyg	0.0	0.0	0.0	2.9866084954974636e-05	0.0011946433981989855	0.0022250233291456105	0.0022399563716230977	0.0022399563716230977	0.002254889414100585	0.0022698224565780726	0.0022847554990555598	0.0022847554990555598	0.002299688541533047	0.002299688541533047	0.002299688541533047	0.002344487668965509	0.002374353753920484	0.0024042198388754582	0.0024042198388754582	0.0024490189663079203	0.0024639520087854075	0.0024788850512628947	0.0025087511362178695	0.0025236841786953567	0.0025386172211728443	0.0025684833061278187	0.0025684833061278187	0.0025684833061278187	0.002583416348605306	0.0025983493910827936	0.0026431485185152556	0.002687947645947717	0.002687947645947717	0.0027476798158576664	0.0027775459008126412	0.002807411985767616	0.0028372780707225905	0.002911943283110027	0.0029268763255875145	0.0029716754530199766	0.0030762067503623874	0.0031658050052273115	0.0032106041326597735	0.0033151354300021848	0.003374867599912134	0.0034495328122995704	0.0035241980246870073	0.0036287293220294186	0.0038377919167142407	0.004016988426444088	0.004106586681309012	0.004315649275993835	0.0044799127432461954	0.004629243168021068	0.004823372720228404	0.0049428370600483025	0.005122033569778151	0.005375895291895434	0.005719355268877643	0.0059732169909949276	0.006406275222842059	0.006779601284779242	0.007272391686536324	0.007869713385635817	0.008705963764375107	0.011289380112980413	0.02404219838875458	0.05541652063395544	0.11084797431038837	0.15960435799938447	0.18706622311548363	0.19999823790098767	0.20728556263000147	0.21122788584405813	0.21321398049356394
209065_HY55YBGXT_TCDM_1_C05_X5_31_3_i_GTTACC_S35_trim1 - polya	0.00027332210189742306	0.0004415203184496834	0.0008199663056922691	0.0016189078343155057	0.002712196241905198	0.004835698725877485	0.007947365732094301	0.01116415662365628	0.01471734394832278	0.017303391527813784	0.019384844457648005	0.022118065476622234	0.024998459935079695	0.027710656176984892	0.02985518343802621	0.031936636367860434	0.03448063439321337	0.03712975630391147	0.03952658088978118	0.041965455029788955	0.04440432916979673	0.04650680687669998	0.049555399551709706	0.052519893118443295	0.055631560124660105	0.058596053691393694	0.06109800216260857	0.06397839662106602	0.06740543528331833	0.07152629158884871	0.07510050369058424	0.07913726088783848	0.08348938974112823	0.09009116974080444	0.09585195865771937	0.10186504489946267	0.10897141954879568	0.1155731995484719	0.12310006973918554	0.13094231158593467	0.13912094986578832	0.14738368725391812	0.15507875566118404	0.16361481515121123	0.17286571706158557	0.18287351094644505	0.19489968342993166	0.2078929956585938	0.22208472018019074	0.23720153489282514	0.25425262909581053	0.27145089673827916	0.2880184210686768	0.30317728533544924	0.3198709583282611	0.3394450257795304	0.3562227978806184	0.37518714679688575	0.39524478412074276	0.4172367009349508	0.4388922213160543	0.4645844988944121	0.49052907379759825	0.5184710025223425	0.5488518053870945	0.572441605258549	0.5942022495249977	0.6114846162757425	0.6201678492052529	0.6232795162114697	0.6241835816254381	0.6245620276126808	0.6246881762750949	0.6246881762750949	0.6246881762750949
209065_HY55YBGXT_TCDM_1_C05_X5_31_3_i_GTTACC_S35_trim1 - polyg	0.0	0.0	2.1024777069032544e-05	0.00014717343948322779	0.0009250901910374319	0.001787106050867766	0.001787106050867766	0.001787106050867766	0.0018081308279367988	0.0018291556050058313	0.0018712051591438963	0.0018922299362129288	0.0018922299362129288	0.0018922299362129288	0.0018922299362129288	0.0019132547132819614	0.001976329044489059	0.0019973538215580914	0.0019973538215580914	0.0019973538215580914	0.002018378598627124	0.0020394033756961564	0.0020604281527651894	0.0020604281527651894	0.0021024777069032544	0.002123502483972287	0.002165552038110352	0.0022286263693174495	0.0022286263693174495	0.002249651146386482	0.0023127254775935796	0.002333750254662612	0.00239682458586971	0.002438874140007775	0.002438874140007775	0.0024598989170768076	0.0025019484712148726	0.002522973248283905	0.002522973248283905	0.00256502280242197	0.002607072356560035	0.0026280971336290677	0.002712196241905198	0.0027332210189742307	0.0027752705731122957	0.0027962953501813282	0.0028803944584574583	0.0028803944584574583	0.0029644935667335883	0.003048592675009719	0.003174741337423914	0.003258840445700044	0.003363964331045207	0.0034270386622523045	0.003490112993459402	0.003574212101735532	0.0036162616558735976	0.0037844598724258577	0.0038685589807019877	0.004204955413806509	0.004352128853289736	0.004541351846911029	0.004772624394670387	0.005066971273636843	0.0055925907003626565	0.008073514394508496	0.020246860317478337	0.04541351846911029	0.08868250967717926	0.12957570107644756	0.155709498973255	0.16695775470518742	0.1734754355965875	0.17753321757091078	0.17967774483195212
209066_HY55YBGXT_TCDM_1_D05_X4_67_3_o_CGCAAC_S36_trim1 - polya	0.0006796456327670753	0.001019468449150613	0.0016991140819176882	0.004757519429369527	0.009515038858739054	0.018010609268327493	0.030923876290901924	0.04213802923155867	0.05709023315243432	0.06898403172585814	0.0767999565026795	0.0876742866269527	0.1002477308331436	0.11044241532464973	0.11689904883593694	0.1291326702257443	0.14170611443193518	0.14612381104492117	0.1563184955364273	0.16413442031324868	0.1753485732539054	0.1841839664798774	0.19132024562393168	0.19913617040075304	0.2076317408103415	0.21918571656738176	0.2266618185278196	0.23413792048825743	0.24501225061253062	0.25350782102211905	0.2630228598808581	0.2738971900051313	0.28307240604748685	0.29496620462091067	0.30753964882710155	0.3190936245841418	0.3313272459739492	0.3455998042620578	0.35545466593718034	0.36700864169422065	0.3785626174512609	0.39317499855575305	0.40506879712917687	0.41594312725345006	0.42341922921388786	0.4363324962364623	0.45298381423925566	0.469635132242049	0.48288822208100696	0.49376255220528015	0.5090545789425394	0.5243466056797985	0.5392988096006742	0.5539111907051664	0.5675041033605078	0.5804173703830823	0.5919713461401226	0.6106616010412171	0.6228952224310245	0.6385270719846672	0.6534792759055429	0.6684314798264185	0.6827040381145271	0.6993553561173205	0.7166863197528809	0.7312987008573729	0.7421730309816462	0.7530473611059194	0.7567854120861383	0.758484526168056	0.7591641718008231	0.7591641718008231	0.7598438174335901	0.7598438174335901	0.7598438174335901
209066_HY55YBGXT_TCDM_1_D05_X4_67_3_o_CGCAAC_S36_trim1 - polyg	0.0	0.0	0.0	0.0	0.0006796456327670753	0.0013592912655341505	0.0013592912655341505	0.0013592912655341505	0.0013592912655341505	0.0013592912655341505	0.0013592912655341505	0.0013592912655341505	0.0013592912655341505	0.0013592912655341505	0.0013592912655341505	0.0013592912655341505	0.0013592912655341505	0.0013592912655341505	0.0013592912655341505	0.0013592912655341505	0.0013592912655341505	0.0013592912655341505	0.0013592912655341505	0.0013592912655341505	0.0013592912655341505	0.0013592912655341505	0.0013592912655341505	0.0013592912655341505	0.0016991140819176882	0.002038936898301226	0.002038936898301226	0.002038936898301226	0.002038936898301226	0.002038936898301226	0.002038936898301226	0.002038936898301226	0.002038936898301226	0.002038936898301226	0.002038936898301226	0.002038936898301226	0.002038936898301226	0.002038936898301226	0.002038936898301226	0.0023787597146847634	0.0023787597146847634	0.002718582531068301	0.0033982281638353764	0.003738050980218914	0.004417696612985989	0.005776987878520139	0.007815924776821366	0.008155747593204903	0.008155747593204903	0.008155747593204903	0.008155747593204903	0.008155747593204903	0.00849557040958844	0.00849557040958844	0.00849557040958844	0.00849557040958844	0.008835393225971978	0.008835393225971978	0.009515038858739054	0.010874330124273204	0.01291326702257443	0.023447774330464095	0.07476101960437828	0.24161402244869526	0.5586687101345359	0.8624703079814184	1.048693211359597	1.1329692698227145	1.1829232238310945	1.2135072773056128	1.2271001899609544
209067_HY55YBGXT_TCDM_1_E05_X5_31_2_i_TGGCGA_S37_trim1 - polya	7.229752571839883e-05	0.0001735140617241572	0.0004048661440230334	0.0008531108034771062	0.0016917621018105325	0.0029641985544543517	0.0047427176871269626	0.006246506222069658	0.007880430303305472	0.009398678343391847	0.010873547868047184	0.012565309969857715	0.014618559700260242	0.0160066721940535	0.017640596275289314	0.019202222830806727	0.020749389881180462	0.022079664354399002	0.02385818348707161	0.025477648063163747	0.027342924226698435	0.02893346979250321	0.030437258327445905	0.03228807498583691	0.034138891644227926	0.03610538434376837	0.03818755308445826	0.039778098650263036	0.04206270046296444	0.043913517121355446	0.04612582140833845	0.04861285629305137	0.051562595342362044	0.05536544519514982	0.058676671873052484	0.06210357459210459	0.06583412691917397	0.06949238172052495	0.07358442167618633	0.07798011123986497	0.08217336773153211	0.08655459779006708	0.0911093419103262	0.09557732899972325	0.10062369629486748	0.10629182231118996	0.11200332684294345	0.1196957835793811	0.1269110766460773	0.1350662375471127	0.14534694570426898	0.15481792157337923	0.16524322478197234	0.17497447174366884	0.18618058823002065	0.19677940550033793	0.20866511872844268	0.2206520484925532	0.23333303450356035	0.2468237528026136	0.2621363687497705	0.27814304094382397	0.29534985206480285	0.3159401873894029	0.3379041757026524	0.35580504307052796	0.3712188755536906	0.38496986494533003	0.3922285365274573	0.39490354497903807	0.39621935994711294	0.3966386855962796	0.3968121996580038	0.3968121996580038	0.3968121996580038
209068_HY55YBGXT_TCDM_1_F05_C17_1_1_o_ACCGTG_S38_trim1 - illumina_small_rna_3'_adapter	0.0	0.0	0.0	0.0	0.0	0.0	0.0	0.0	0.006811293123999591	0.010216939685999387	0.020433879371998774	0.027245172495998365	0.03065081905799816	0.04427340530599734	0.17368797466198957	0.17709362122398936	0.17709362122398936	0.17709362122398936	0.18731056090998877	0.19752750059598814	0.21796137996798692	0.2588291387119845	0.28266866464598306	0.3133194837039812	0.35078159588597896	0.3916493546299765	0.44273405305997343	0.4938187514899704	0.551714743043967	0.5857712086639648	0.6198276742839628	0.6913462520859586	0.7185914245819569	0.7730817695739536	0.8275721145659504	0.8956850458059462	0.9535810373599428	1.014882675475939	1.0625617273439363	1.103429486087934	1.1681367707659298	1.2430609951299254	1.3247965126179204	1.3895037972959166	1.4644280216599121	1.515512720089909	1.5972482375779042	1.6789837550658993	1.730068453495896	1.7947757381738922	1.8560773762898886	1.9378128937778838	2.016142764703879	2.1217178081258727	2.1898307393658687	2.2715662568538635	2.349896127779859	2.431631645267854	2.5235841024418484	2.646187378673841	2.7653850083438343	2.8811769914518273	3.00037462112182	3.099138371419814	3.252392466709805	3.4090522085617954	3.5623063038517864	3.7393999250757757	3.9301161325477643	4.120832340019753	4.274086435309743	4.50907604808773	4.6861696693117185	4.8973197561557065	5.0233286789496985
209068_HY55YBGXT_TCDM_1_F05_C17_1_1_o_ACCGTG_S38_trim1 - polya	0.0	0.0034056465619997957	0.006811293123999591	0.010216939685999387	0.027245172495998365	0.03065081905799816	0.03746211218199775	0.04086775874399755	0.04427340530599734	0.06470728467799612	0.0783298709259953	0.08854681061199468	0.09876375029799407	0.10216939685999386	0.11579198310799305	0.15325409528999082	0.1634710349759902	0.17368797466198957	0.19071620747198856	0.19752750059598814	0.21796137996798692	0.2315839662159861	0.24861219902598508	0.2520178455879849	0.2520178455879849	0.26564043183598407	0.2758573715219835	0.28266866464598306	0.3031025440179818	0.3133194837039812	0.33375336307597997	0.34737594932397914	0.36780982869597795	0.3984606477539761	0.4154888805639751	0.4223001736879747	0.44613969962197325	0.4597622858699724	0.4733848721179716	0.4904131049279706	0.4938187514899704	0.5074413377379695	0.5142526308619692	0.5414978033579675	0.5721486224159656	0.5857712086639648	0.6027994414739638	0.616422027721963	0.6232333208459626	0.6470728467799611	0.6641010795899601	0.6777236658379593	0.6981575452099581	0.7117801314579573	0.7492422436399551	0.783298709259953	0.7969212955079522	0.8071382351939516	0.8275721145659504	0.8548172870619487	0.8922793992439465	0.9399584511119436	0.9740149167319415	1.014882675475939	1.0319109082859381	1.0523447876579368	1.0966181929639343	1.1102407792119333	1.117052072335933	1.1238633654599326	1.1238633654599326	1.1238633654599326	1.1272690120219324	1.1272690120219324	1.1272690120219324
209068_HY55YBGXT_TCDM_1_F05_C17_1_1_o_ACCGTG_S38_trim1 - polyg	0.0	0.0	0.0	0.0	0.0	0.0	0.0	0.0	0.0	0.0	0.0	0.0	0.0	0.0	0.0	0.0	0.0	0.0	0.0	0.0	0.0	0.0	0.0	0.0	0.0034056465619997957	0.0034056465619997957	0.0034056465619997957	0.0034056465619997957	0.0034056465619997957	0.0034056465619997957	0.0034056465619997957	0.0034056465619997957	0.0034056465619997957	0.0034056465619997957	0.0034056465619997957	0.0034056465619997957	0.0034056465619997957	0.0034056465619997957	0.0034056465619997957	0.0034056465619997957	0.0034056465619997957	0.0034056465619997957	0.006811293123999591	0.006811293123999591	0.013622586247999183	0.01702823280999898	0.02383952593399857	0.02383952593399857	0.03065081905799816	0.03746211218199775	0.04086775874399755	0.04086775874399755	0.04767905186799714	0.04767905186799714	0.04767905186799714	0.05108469842999693	0.05108469842999693	0.05449034499199673	0.05449034499199673	0.06130163811599632	0.06811293123999591	0.06811293123999591	0.08514116404999489	0.09535810373599428	0.10557504342199367	0.10898068998399346	0.1566597418519906	0.26564043183598407	0.41889452712597486	0.6062050880359636	0.7219970711439567	0.7935156489459524	0.8173551748799509	0.8377890542519497	0.8480059939379491
209069_HY55YBGXT_TCDM_1_G05_A20_1_1_o_CAACAG_S39_trim1 - polya	0.000826284666084595	0.0011017128881127933	0.00330513866433838	0.005370850329549867	0.010328558326057438	0.018729119097917486	0.033326814865412	0.045996513078709125	0.057289070181865256	0.0669290579528522	0.07477876228065584	0.0849696064956992	0.09750159059798222	0.10810557714606785	0.11829642136111118	0.12724783857702762	0.13812725334714146	0.14749181289610022	0.15713180066708715	0.1655323614389472	0.17269349521168037	0.1797169148733994	0.19224889897568245	0.2012003161915989	0.21139116040664221	0.22213286106574195	0.231910562947743	0.24168826482974404	0.25284310782188607	0.2635848084809858	0.2728116539189305	0.284655067466143	0.2937441987930735	0.30751560989448345	0.3178441682205409	0.3335435768761482	0.3492429855317555	0.3639783954102641	0.38312065684122387	0.401298919495085	0.4189263257048897	0.4349011625825252	0.4490857160169774	0.46712626455982437	0.48420281432557266	0.5048599309776876	0.5260679040738588	0.5496170170572698	0.5726152735966243	0.5983678123562609	0.6228809241167705	0.6453283242120688	0.6712185770827194	0.6925642642899047	0.7126705244979632	0.7311242153738525	0.7548110424682776	0.7783601554516885	0.8005321273249585	0.8231172415312707	0.8514863484001751	0.873520606162431	0.8978960038119266	0.9281931082350284	0.9535325046616226	0.9717107673154838	0.9907153146354294	1.0042112975148112	1.0116478595095726	1.0144021417298545	1.0156415687289815	1.0157792828399954	1.0163301392840518	1.0163301392840518	1.0163301392840518
209069_HY55YBGXT_TCDM_1_G05_A20_1_1_o_CAACAG_S39_trim1 - polyg	0.0	0.0	0.0	0.00013771411101409916	0.0011017128881127933	0.0022034257762255866	0.0022034257762255866	0.0022034257762255866	0.0022034257762255866	0.0022034257762255866	0.0022034257762255866	0.0022034257762255866	0.0022034257762255866	0.0022034257762255866	0.0022034257762255866	0.0022034257762255866	0.0022034257762255866	0.0022034257762255866	0.0023411398872396857	0.0023411398872396857	0.0023411398872396857	0.0023411398872396857	0.0023411398872396857	0.0023411398872396857	0.0023411398872396857	0.0023411398872396857	0.0023411398872396857	0.0023411398872396857	0.0023411398872396857	0.0023411398872396857	0.0023411398872396857	0.0023411398872396857	0.0023411398872396857	0.0023411398872396857	0.0023411398872396857	0.0023411398872396857	0.0023411398872396857	0.0023411398872396857	0.0023411398872396857	0.0023411398872396857	0.0024788539982537852	0.0024788539982537852	0.0024788539982537852	0.0026165681092678843	0.0026165681092678843	0.0026165681092678843	0.0027542822202819835	0.0027542822202819835	0.0028919963312960826	0.0030297104423101817	0.00330513866433838	0.00330513866433838	0.0035805668863665785	0.0035805668863665785	0.0037182809973806776	0.0037182809973806776	0.0038559951083947767	0.0038559951083947767	0.003993709219408876	0.004406851552451173	0.004819993885493471	0.005921706773606265	0.0063348491066485615	0.0077119902167895535	0.009364559548958743	0.02286054242834046	0.08221532427541721	0.20973859107447304	0.4276023146987779	0.6223300676727141	0.7260287932663309	0.7800127247838577	0.8083818316527621	0.8258715237515527	0.8326195151912436
209070_HY55YBGXT_TCDM_1_H05_C17_1_3_o_GATTGT_S40_trim1 - polya	0.00016888160928733045	0.0004463299674022305	0.0007358412976090828	0.0017370679812411134	0.0038601510694246965	0.007032712729608119	0.011170312157147715	0.01563361183117002	0.019264566430847625	0.023040276695628657	0.026200775383720128	0.029180329490432314	0.032401143038983546	0.035380697145695736	0.03820343261521254	0.041581064800959154	0.044838067265786236	0.04974769690721077	0.05340277745107228	0.056466772362428135	0.059844404548174746	0.0637889964222431	0.0682281701520815	0.07264321793773601	0.07740809191405712	0.08207646211364261	0.08653976178766491	0.09061704635474474	0.09448926039626139	0.09854241901915732	0.10323491516292672	0.1072760108137307	0.11371763791083317	0.11985769070563682	0.12751767798402647	0.1344659499089909	0.1422103779920242	0.15014781362852875	0.15923123161376873	0.16848353120829604	0.17763932702608776	0.18879757621114351	0.2019944676797392	0.2147329662088407	0.23878653256019333	0.2786184664078194	0.31372171519540026	0.3394520346675342	0.360948250935393	0.38287873419856205	0.404097502108306	0.4248699400506476	0.4496352217554254	0.48126433458052403	0.5173205581633691	0.5484068372443298	0.5764653103302106	0.6061040327601371	0.6357427551900636	0.6640907396061512	0.6949598851894568	0.7278556100842104	0.7629709218438832	0.7994976013383144	0.8332497972515965	0.8605121141794084	0.8839987208424394	0.9056276298033096	0.9165446195465263	0.9203565187275832	0.9217920124065255	0.9223710350669393	0.9226002315366864	0.9226002315366864	0.9226002315366864
209070_HY55YBGXT_TCDM_1_H05_C17_1_3_o_GATTGT_S40_trim1 - polyg	0.0	0.0	6.031486045976088e-05	0.0001447556651034261	0.0012545490975630262	0.0019421385068043003	0.001966264450988205	0.0020145163393560134	0.002038642283539918	0.0020507052556318697	0.0020507052556318697	0.002123083088183583	0.0021592720044594396	0.0022316498370111527	0.002243712809103105	0.002267838753287009	0.0022919646974709136	0.00232815361374677	0.002340216585838722	0.0023643425300226267	0.0023643425300226267	0.0023884684742065307	0.0024125944183904353	0.0024246573904823875	0.0024487833346662916	0.002460846306758244	0.0024970352230341006	0.0024970352230341006	0.0024970352230341006	0.0025090981951260524	0.002545287111401909	0.002593538999769718	0.0026297279160455746	0.0026417908881375264	0.002665916832321431	0.002677979804413383	0.0027141687206892395	0.002738294664873144	0.0027865465532409526	0.0028830503299765702	0.0029554281625282833	0.0030639949113558528	0.003100183827631709	0.003172561660183422	0.003208750576459279	0.0033293802973788007	0.00343794704620637	0.0037153954043212703	0.00399284376243617	0.004125536455447644	0.00437885886937864	0.00454774047866597	0.004632181283309635	0.004704559115861349	0.004849314780964775	0.0049578815297923445	0.005102637194895771	0.005259455832091149	0.0055851560785738575	0.00593498226924047	0.0064416270971024625	0.007575546473745967	0.008504395324826284	0.009602125785193932	0.010784297050205246	0.013365773077883012	0.02067593416560603	0.03933735199185605	0.07527294585378158	0.10964035334375333	0.13256000031846246	0.1454191285684835	0.15287404532130994	0.15794049359992984	0.16000326182765368
209071_HY55YBGXT_TCDM_1_A06_A20_1_1_i_CTCTCG_S41_trim1 - polya	0.00014673516459796985	0.0002934703291959397	0.0004255319773341126	0.0007923698888290373	0.0018488630739344203	0.0035803380161904645	0.00594277416621778	0.00886280394171738	0.011415995805722055	0.01377843195574937	0.015421865799246632	0.01766691381759557	0.019897288319484712	0.02186353952509751	0.023668382049652537	0.025766694903403508	0.028114457536971026	0.030315485005940574	0.03266324763950809	0.034600151812201295	0.03677183224825125	0.03903155378305998	0.04183419542688121	0.04488628685051898	0.04739545816514427	0.050227446841885084	0.05317682365030428	0.0554952392509522	0.05865004528980855	0.06179017781220511	0.06551725099299355	0.06925899769024177	0.07342627636482411	0.078855477454949	0.08460749590718943	0.09028614677713086	0.0964050031408662	0.10283200335025727	0.11065298762332908	0.11787235772154919	0.12625093562009326	0.13443875780466	0.14253853889046791	0.1519149159082782	0.16176084545280198	0.17229643027093622	0.18412328453753257	0.19707999957153333	0.2108437580108229	0.22630964435944892	0.24382982301244652	0.2609097961716502	0.2785180159234066	0.295113763039437	0.3138811905915173	0.3340426022072784	0.3537197877798661	0.3742920578565015	0.3967572115564507	0.4190903036082617	0.44281737972375346	0.4683786453967198	0.49521650700168846	0.5262950148635385	0.5573588492089288	0.5826266445526991	0.6054292891312236	0.6246662692100174	0.6341453608430463	0.6375789636946388	0.6386207833632844	0.6390022947912392	0.6392223975381361	0.6392223975381361	0.6392223975381361
209071_HY55YBGXT_TCDM_1_A06_A20_1_1_i_CTCTCG_S41_trim1 - polyg	0.0	0.0	7.336758229898493e-05	0.0001173881316783759	0.001100513734484774	0.002230374501889142	0.002245048018348939	0.002245048018348939	0.002245048018348939	0.002259721534808736	0.0022890685677283296	0.0023037420841881266	0.0023184156006479236	0.0023330891171077207	0.0023330891171077207	0.0023477626335675177	0.0023477626335675177	0.0023624361500273147	0.0024211302158665027	0.0024211302158665027	0.0024211302158665027	0.0024211302158665027	0.0024358037323262997	0.0024358037323262997	0.0024504772487860967	0.0024798242817056907	0.0025091713146252847	0.0025385183475448788	0.0025385183475448788	0.0025531918640046758	0.0025972124133840663	0.0026265594463036604	0.0026559064792232544	0.0026705799956830514	0.0027292740615222394	0.0027292740615222394	0.0027732946109016304	0.0027732946109016304	0.0027732946109016304	0.0028026416438212244	0.0028466621932006155	0.002934703291959397	0.002993397357798585	0.003125459005936758	0.003169479555316149	0.003257520654074931	0.003286867686994525	0.003374908785753307	0.003418929335132698	0.003477623400971886	0.0035803380161904645	0.0036977261478688406	0.003815114279547216	0.003932502411225593	0.004064564059363765	0.004152605158122547	0.004372707905019502	0.004871607464652599	0.005253118892607321	0.005722671419320825	0.006265591528333313	0.006881879219644786	0.007439472845117072	0.008305210316245095	0.009068233172154537	0.012105651079332513	0.023741749631951522	0.05027146739126447	0.09438005786941421	0.13371975549812992	0.1586794069962446	0.17109320192123287	0.1787527775132469	0.18294940322074882	0.1849303279428214
209072_HY55YBGXT_TCDM_1_B06_A20_1_2_o_TGACAC_S42_trim1 - polya	0.0009752894171345347	0.001625482361890891	0.003250964723781782	0.006339381211374475	0.013979148312261663	0.028608489569279683	0.04730153673102493	0.06957064508893014	0.08761349930591904	0.10695673941242063	0.12483704539322044	0.14450538197210022	0.1718134856518672	0.1882308575069652	0.20692390466871044	0.2267547894837793	0.25032428373119725	0.26657910735010615	0.28771037805468774	0.30071423694981486	0.3164814158601565	0.3341991736047672	0.35370496194745793	0.3717478161644468	0.3899532186176248	0.4063705904727228	0.4242508964535226	0.4421312024343224	0.459686411942744	0.4764288802702202	0.49804779568336904	0.5130022334127652	0.5323454735192669	0.5552647748219284	0.5778589796522118	0.600128088010117	0.6248354199108586	0.6550693918420292	0.6862786531903342	0.7176504627748285	0.7482095311783772	0.780719178416195	0.809977860930231	0.8400492846252126	0.8686577741944922	0.902792903794201	0.939528805172935	0.9765898030240474	1.013975897347538	1.050711798726272	1.0892357307030862	1.132473561529384	1.1695345593804962	1.205457719578285	1.2417059762484517	1.276978943501484	1.31160171780976	1.3475248780075488	1.3865364546929302	1.4231098078354751	1.4588704197970748	1.4949561282310526	1.5344553496250013	1.5765553427979753	1.6167047571366804	1.6540908514601709	1.687250691642745	1.7098448964730284	1.721710917714832	1.7262622683281263	1.7269124612728828	1.727237557745261	1.727725202453828	1.727725202453828	1.727725202453828
209072_HY55YBGXT_TCDM_1_B06_A20_1_2_o_TGACAC_S42_trim1 - polyg	0.0	0.0	0.0	0.0	0.0019505788342690693	0.002925868251403604	0.002925868251403604	0.002925868251403604	0.002925868251403604	0.002925868251403604	0.002925868251403604	0.002925868251403604	0.002925868251403604	0.002925868251403604	0.002925868251403604	0.002925868251403604	0.002925868251403604	0.002925868251403604	0.002925868251403604	0.002925868251403604	0.002925868251403604	0.0030884164875926933	0.0030884164875926933	0.0030884164875926933	0.0030884164875926933	0.0030884164875926933	0.0030884164875926933	0.003250964723781782	0.003250964723781782	0.003250964723781782	0.003250964723781782	0.003250964723781782	0.003250964723781782	0.0034135129599708715	0.0034135129599708715	0.0035760611961599604	0.0035760611961599604	0.0037386094323490497	0.0037386094323490497	0.0037386094323490497	0.0039011576685381386	0.0039011576685381386	0.0039011576685381386	0.004063705904727228	0.004063705904727228	0.004063705904727228	0.004226254140916317	0.004388802377105406	0.004388802377105406	0.004551350613294495	0.004551350613294495	0.004551350613294495	0.004551350613294495	0.005038995321861762	0.00552664003042903	0.005689188266618119	0.006176832975185387	0.006339381211374475	0.006664477683752654	0.0069895741561308315	0.0074772188646980995	0.007964863573265367	0.00926524946277808	0.010728183588479882	0.01267876242274895	0.030071423694981485	0.11914785712660232	0.3207076700010728	0.6674230577923999	0.9939824642962799	1.1586438275558273	1.225613700865732	1.2615368610635207	1.2818553905871568	1.2924210259394475
209073_HY55YBGXT_TCDM_1_C06_X5_31_1_o_AAGACA_S43_trim1 - polya	0.009763774100727688	0.015507170630567505	0.02010188785443936	0.025270944731295195	0.037332077443958805	0.05169056876855835	0.060305663563318075	0.06604906009315789	0.07179245662299771	0.08385358933566132	0.09591472204832494	0.11946264782066819	0.13669283741018765	0.1510513287347872	0.17000453728325857	0.18895774583172997	0.20733661472721737	0.22284378535778487	0.24064831460028832	0.26132454210771167	0.27051397655545534	0.28716982649199085	0.30612303504046223	0.32163020567102973	0.344603791790389	0.3641313399918444	0.38365888819329974	0.39916605882386724	0.42386266390217847	0.44051851383871393	0.4646407792640412	0.48359398781251256	0.4985268187900961	0.5157570083796156	0.532412858316151	0.5536634254765583	0.5737653133309977	0.6001849373682608	0.6179894666107643	0.6334966372413318	0.656470223360691	0.6759977715621465	0.6966739990695697	0.7236679627598169	0.7449185299202242	0.7684664556925674	0.7891426831999908	0.8167109865432219	0.843704950233469	0.8655298570468604	0.8879291035132356	0.9068823120617071	0.9315789171400183	0.9539781636063935	0.9781004290317208	1.0004996754980962	1.0211759030055194	1.0481698666957666	1.0774611889979495	1.1073268509531167	1.1406385508261876	1.1750989300052266	1.2020928936954736	1.2371276125274966	1.2738853503184713	1.3003049743557344	1.3215555415161417	1.3405087500646131	1.351421203471309	1.3571646000011486	1.3594619586130845	1.3611849775720366	1.3623336568780045	1.3623336568780045	1.3623336568780045
209073_HY55YBGXT_TCDM_1_C06_X5_31_1_o_AAGACA_S43_trim1 - polyg	0.0	0.0	0.0	0.0005743396529839817	0.0011486793059679633	0.0011486793059679633	0.0011486793059679633	0.0011486793059679633	0.0011486793059679633	0.0011486793059679633	0.0011486793059679633	0.0011486793059679633	0.0011486793059679633	0.0011486793059679633	0.0011486793059679633	0.0011486793059679633	0.0011486793059679633	0.0011486793059679633	0.0011486793059679633	0.0011486793059679633	0.0011486793059679633	0.0011486793059679633	0.0011486793059679633	0.0011486793059679633	0.0011486793059679633	0.0011486793059679633	0.0011486793059679633	0.0011486793059679633	0.0011486793059679633	0.0011486793059679633	0.0011486793059679633	0.0011486793059679633	0.0011486793059679633	0.0011486793059679633	0.0011486793059679633	0.0011486793059679633	0.0011486793059679633	0.0011486793059679633	0.0011486793059679633	0.0011486793059679633	0.001723018958951945	0.001723018958951945	0.001723018958951945	0.001723018958951945	0.001723018958951945	0.0022973586119359266	0.00344603791790389	0.00344603791790389	0.004020377570887872	0.004020377570887872	0.004594717223871853	0.0057433965298398166	0.0057433965298398166	0.0057433965298398166	0.0057433965298398166	0.0057433965298398166	0.0057433965298398166	0.0057433965298398166	0.006317736182823799	0.006317736182823799	0.006317736182823799	0.00689207583580778	0.00689207583580778	0.008040755141775744	0.009189434447743706	0.012635472365647597	0.028142642996215102	0.06547472044017391	0.12061132712663615	0.188383406178746	0.24064831460028832	0.27223699551440733	0.28257510926811896	0.29578492128675055	0.2998052988576384
209074_HY55YBGXT_TCDM_1_D06_X4_67_1_o_ACAGAT_S44_trim1 - polya	0.00293670231823281	0.004111383245525934	0.004698723709172496	0.007048085563758744	0.010572128345638115	0.015858192518457173	0.019382235300336545	0.025842980400448728	0.03230372550056091	0.041701172918905904	0.04463787523713871	0.05227330126454402	0.060496067755595885	0.06754415331935464	0.07341755795582025	0.07811628166499275	0.08281500537416524	0.08927575047427742	0.09338713371980335	0.1004352192835621	0.10689596438367428	0.11100734762920021	0.11688075226566584	0.12392883782942458	0.13508830663870927	0.14154905173882143	0.14918447776622676	0.15681990379363206	0.1638679893573908	0.17209075584844266	0.18148820326678766	0.18383756512137392	0.1873616079032533	0.1932350125397189	0.19734639578524482	0.20615650273994326	0.21496660969464168	0.22436405711298668	0.23552352592227135	0.2443336328769698	0.24961969704978884	0.2584298040044873	0.2660652300318926	0.27428799652294444	0.28192342255034974	0.2889715081141085	0.2966069341415138	0.3065917220235054	0.3154018289782038	0.3230372550056091	0.33595874520583346	0.3447688521605319	0.35534098050617	0.36415108746086844	0.3735485348792134	0.38059662044297216	0.3923434297159034	0.4017408771342484	0.41466236733447276	0.43052055985293	0.4369813049530421	0.44872811422597336	0.4634116258171374	0.47515843509006866	0.48573056343570675	0.4986520536359311	0.5074621605906295	0.5127482247634486	0.5156849270816815	0.5209709912545005	0.5227330126454401	0.5233203531090868	0.5233203531090868	0.5233203531090868	0.5233203531090868
209074_HY55YBGXT_TCDM_1_D06_X4_67_1_o_ACAGAT_S44_trim1 - polyg	0.0	0.0	0.0	0.0	0.000587340463646562	0.001762021390939686	0.001762021390939686	0.001762021390939686	0.001762021390939686	0.001762021390939686	0.001762021390939686	0.001762021390939686	0.001762021390939686	0.001762021390939686	0.001762021390939686	0.001762021390939686	0.001762021390939686	0.001762021390939686	0.001762021390939686	0.001762021390939686	0.001762021390939686	0.001762021390939686	0.001762021390939686	0.001762021390939686	0.001762021390939686	0.001762021390939686	0.001762021390939686	0.001762021390939686	0.001762021390939686	0.001762021390939686	0.001762021390939686	0.001762021390939686	0.001762021390939686	0.001762021390939686	0.001762021390939686	0.001762021390939686	0.001762021390939686	0.001762021390939686	0.001762021390939686	0.001762021390939686	0.001762021390939686	0.001762021390939686	0.001762021390939686	0.001762021390939686	0.001762021390939686	0.001762021390939686	0.001762021390939686	0.001762021390939686	0.00293670231823281	0.00293670231823281	0.00293670231823281	0.00293670231823281	0.00293670231823281	0.00293670231823281	0.00293670231823281	0.00293670231823281	0.00293670231823281	0.00293670231823281	0.00293670231823281	0.00293670231823281	0.00293670231823281	0.00293670231823281	0.003524042781879372	0.004111383245525934	0.00587340463646562	0.010572128345638115	0.03817713013702653	0.11688075226566584	0.2531437398316682	0.36532576838816155	0.4328699217075162	0.473396413699129	0.5027634368814571	0.5186216293999143	0.5286064172819058
209075_HY55YBGXT_TCDM_1_E06_A27_1_2_o_TAGGCT_S45_trim1 - polya	0.00017529436305916711	0.0007011774522366685	0.0022788267197691725	0.005784713980952515	0.011218839235786695	0.017880025032035046	0.030150630446176743	0.0415447640450226	0.0532894863699868	0.06538479742106933	0.07590245920461935	0.08677070971428771	0.09869072640231108	0.10482602910938194	0.11324015853622195	0.12200487668918031	0.1295425343007245	0.13760607500144617	0.1454943213391087	0.15338256767677122	0.15969316474690123	0.16793199981068208	0.17862495595729128	0.18511084739048048	0.19107085573449215	0.19913439643521383	0.206672054046758	0.21420971165830222	0.22577913962020724	0.23261561977951475	0.2403285717541181	0.24944387863319478	0.25768271369697565	0.26679802057605234	0.27591332745512903	0.2841521625189099	0.29484511866551905	0.3043110142707141	0.3143027929650866	0.3235933942072225	0.333585172901595	0.3432263628698492	0.3526922584750442	0.3651381582522451	0.3742534651313218	0.383894655099576	0.3928346676155935	0.402826446309966	0.41737587844387686	0.4333276654822611	0.44770180325311276	0.4627771184762012	0.4743465464381062	0.4860912687630704	0.49888775726638956	0.5097560077760579	0.5227277906424364	0.5341219242412821	0.5495478281904889	0.5646231434135772	0.5774196319168965	0.5896902373310381	0.6028373145604756	0.6149326256115583	0.6291314690193508	0.6407008969812558	0.6510432644017466	0.6624373980005925	0.6657679908987166	0.6664691683509534	0.6669950514401308	0.6673456401662492	0.6675209345293084	0.6675209345293084	0.6675209345293084
209075_HY55YBGXT_TCDM_1_E06_A27_1_2_o_TAGGCT_S45_trim1 - polyg	0.0	0.0	0.0	0.0	0.0008764718152958355	0.001402354904473337	0.001402354904473337	0.001402354904473337	0.001402354904473337	0.001402354904473337	0.001402354904473337	0.001402354904473337	0.001402354904473337	0.001402354904473337	0.001402354904473337	0.001402354904473337	0.001402354904473337	0.001402354904473337	0.001402354904473337	0.001402354904473337	0.001402354904473337	0.001402354904473337	0.001402354904473337	0.001402354904473337	0.001402354904473337	0.001402354904473337	0.001402354904473337	0.001402354904473337	0.001577649267532504	0.001577649267532504	0.001577649267532504	0.001577649267532504	0.001577649267532504	0.001752943630591671	0.001752943630591671	0.0019282379936508382	0.0019282379936508382	0.0021035323567100053	0.0021035323567100053	0.0022788267197691725	0.0026294154458875066	0.0026294154458875066	0.002804709808946674	0.002804709808946674	0.003330592898124175	0.004382359076479178	0.005784713980952515	0.007712951974603353	0.011043544872727528	0.0133223715924967	0.016127081401443373	0.01700355321673921	0.017178847579798377	0.017704730668975877	0.018405908121212546	0.018581202484271715	0.019808263025685884	0.02243767847157339	0.025242388280520063	0.028222392452525905	0.029449452993940074	0.031202396624531746	0.03523416697489259	0.03716240496854343	0.03926593732525343	0.04540124003232428	0.07152010012814018	0.1603943421991379	0.3842452438256943	0.6357926548155991	0.8038999489893404	0.8869894770793856	0.9332671889270057	0.9623660531948274	0.9763896022395607
209076_HY55YBGXT_TCDM_1_F06_X5_31_3_o_CTCCAT_S46_trim1 - polya	0.0024098321150293196	0.0032131094867057595	0.0056229416017350795	0.006426218973411519	0.012852437946823038	0.020081934291910998	0.028917985380351837	0.04980319704393927	0.06345891236243875	0.07470479556590891	0.08273756928267331	0.09559000722949634	0.10844244517631939	0.12531126998152461	0.1349505984416419	0.14137681741505342	0.15985219696361153	0.17350791228211102	0.1831472407422283	0.1895734597156398	0.19921278817575708	0.21045867137922725	0.21849144509599164	0.2257209414410796	0.23455699252952045	0.2498192625913728	0.2562454815647843	0.26427825528154875	0.2755241384850189	0.28034380271507753	0.293999518033577	0.30685195598040005	0.3148847296971644	0.31970439392722305	0.32773716764398747	0.3325568318740461	0.34621254719254557	0.35585187565266285	0.3687043135994859	0.3807534741746325	0.3887862478913969	0.3992288537231906	0.40967145955498435	0.4177042332717487	0.42413045224516027	0.43457305807695396	0.4409992770503655	0.4514418828821592	0.4650975982006587	0.4811631456341875	0.4972286930677163	0.5116876857578923	0.5229335689613623	0.5317696200498032	0.5454253353683026	0.5566712185717728	0.5655072696602137	0.5791629849787131	0.587999036067154	0.6056711382440356	0.6217366856775645	0.6337858462527111	0.6474415615712106	0.6594907221463572	0.6675234958631215	0.6787693790665917	0.6876054301550325	0.6924250943850911	0.6948349265001205	0.6948349265001205	0.6948349265001205	0.6948349265001205	0.6948349265001205	0.6948349265001205	0.6948349265001205
209076_HY55YBGXT_TCDM_1_F06_X5_31_3_o_CTCCAT_S46_trim1 - polyg	0.0	0.0	0.0	0.0	0.0008032773716764399	0.0024098321150293196	0.0024098321150293196	0.0024098321150293196	0.0024098321150293196	0.0024098321150293196	0.0024098321150293196	0.0024098321150293196	0.0024098321150293196	0.0024098321150293196	0.0024098321150293196	0.0024098321150293196	0.0024098321150293196	0.0024098321150293196	0.0024098321150293196	0.0024098321150293196	0.0024098321150293196	0.0024098321150293196	0.0024098321150293196	0.0024098321150293196	0.0024098321150293196	0.0024098321150293196	0.0024098321150293196	0.0024098321150293196	0.0024098321150293196	0.0024098321150293196	0.0024098321150293196	0.0024098321150293196	0.0024098321150293196	0.0024098321150293196	0.0024098321150293196	0.0024098321150293196	0.0024098321150293196	0.0024098321150293196	0.0024098321150293196	0.0024098321150293196	0.0024098321150293196	0.0024098321150293196	0.0024098321150293196	0.0032131094867057595	0.0032131094867057595	0.0032131094867057595	0.0032131094867057595	0.0032131094867057595	0.0040163868583822	0.0040163868583822	0.0040163868583822	0.0040163868583822	0.0040163868583822	0.0040163868583822	0.0040163868583822	0.004819664230058639	0.004819664230058639	0.004819664230058639	0.004819664230058639	0.0056229416017350795	0.006426218973411519	0.006426218973411519	0.006426218973411519	0.006426218973411519	0.009639328460117278	0.042573700698851316	0.22250783195437385	0.7189332476504137	1.5671941521407342	2.3270945457466463	2.704634910434573	2.863683830026508	2.952847618282593	2.9954213189814443	3.0171098080167083
209077_HY55YBGXT_TCDM_1_G06_X5_31_2_o_GCATGG_S47_trim1 - polya	0.0018241961375687113	0.0030403268959478522	0.004864523033516564	0.008512915308653987	0.019458092134066254	0.03770005350975337	0.06019847253976748	0.08512915308653987	0.1070195067373644	0.13499051418008465	0.15201634479739262	0.1690421754147006	0.19822931361579998	0.21951160188743493	0.24201002091744905	0.267548766843411	0.2949117089069417	0.31558593179938704	0.3271391740039889	0.3417327431045386	0.3605827698594153	0.37760860047672323	0.4013231502651165	0.41713285012404533	0.43902320377486986	0.45179257673785084	0.46881840735515884	0.4791555188013815	0.49739748017706864	0.5059103954857226	0.522328160723841	0.5381378605827699	0.55212336430413	0.5667169334046797	0.5764459794717128	0.5892153524346938	0.6062411830520017	0.6263073405652576	0.6378605827698595	0.6646154594542005	0.6779928977963711	0.6980590553096269	0.7144768205477453	0.7302865204066741	0.7442720241280343	0.7710269008123753	0.7868366006713042	0.8093350197013183	0.8318334387313324	0.8500754001070195	0.8634528384491901	0.8853431921000146	0.9090577418884078	0.9266916378849054	0.9449335992605925	0.9698642798073649	1.0002675487668433	1.0203337062800992	1.0440482560684925	1.0695870019944544	1.095733813299606	1.117016101571241	1.1340419321885489	1.156540351218563	1.1802549010069563	1.1966726662450746	1.2185630198958992	1.230116262100501	1.235588850513207	1.2374130466507758	1.2386291774091551	1.2386291774091551	1.2386291774091551	1.2386291774091551	1.2386291774091551
209077_HY55YBGXT_TCDM_1_G06_X5_31_2_o_GCATGG_S47_trim1 - polyg	0.0	0.0	0.0	0.0	0.0	0.0006080653791895704	0.0006080653791895704	0.0006080653791895704	0.0006080653791895704	0.0006080653791895704	0.0006080653791895704	0.0006080653791895704	0.0006080653791895704	0.0006080653791895704	0.0006080653791895704	0.0006080653791895704	0.0006080653791895704	0.0006080653791895704	0.0006080653791895704	0.0006080653791895704	0.0006080653791895704	0.0006080653791895704	0.0006080653791895704	0.0006080653791895704	0.0006080653791895704	0.0006080653791895704	0.0006080653791895704	0.0006080653791895704	0.0006080653791895704	0.0006080653791895704	0.001216130758379141	0.0018241961375687113	0.0018241961375687113	0.0018241961375687113	0.0030403268959478522	0.0030403268959478522	0.0030403268959478522	0.0030403268959478522	0.0030403268959478522	0.0036483922751374227	0.0036483922751374227	0.004256457654326994	0.004256457654326994	0.004864523033516564	0.0060806537918957045	0.006688719171085275	0.006688719171085275	0.008512915308653987	0.010337111446222697	0.012769372962980979	0.012769372962980979	0.012769372962980979	0.01459356910054969	0.01580969985892883	0.017025830617307974	0.018241961375687114	0.019458092134066254	0.021890353650824538	0.02614681130515153	0.02857907282190981	0.033443595855426375	0.037091988130563795	0.042564576543269936	0.04925329571435521	0.05715814564381962	0.07965656467383372	0.1976212482366104	0.5904314831930729	1.4575327139174004	2.362333998151481	2.840881451573673	3.0312059152600086	3.135793160480615	3.197815829157951	3.219098117429586
209078_HY55YBGXT_TCDM_1_H06_C64_1_3_i_AATAGC_S48_trim1 - polya	0.0004139298787263067	0.0009184069184239931	0.001979102232660154	0.003945269156610111	0.007851732387089631	0.014151227728955612	0.023089526047701796	0.03257110733227626	0.04110841108100634	0.04866263136776143	0.05498799732704781	0.06202480526539502	0.0692556428343952	0.0758914562027263	0.08198398660522913	0.08869741182582142	0.09569541383803803	0.10218893881055698	0.10882475217888808	0.11522772999043564	0.1220187670632891	0.12901676907550572	0.1383819325816884	0.1468028185520267	0.15614211144078902	0.16530031000760856	0.17419980240022415	0.1824266587399095	0.19154605138059844	0.2014415625438992	0.21182861543818746	0.22216392709763494	0.2338574461716531	0.24963852279809354	0.264630545593212	0.279532021227359	0.29619269884609284	0.3145867078319931	0.3356324551034838	0.35511303002104055	0.37439957530794443	0.39441049788261934	0.4127915715598094	0.4325825938864109	0.453589535231771	0.475708913126208	0.49894072756972196	0.5267904472227762	0.5556620562639362	0.5871724682819762	0.6227833731611488	0.6564798523512123	0.6911723503119609	0.7238340048052084	0.7572588425123578	0.7934259656660688	0.8281831401703683	0.8649582228334587	0.9038417608163111	0.9429710696646573	0.9839113217324311	1.0297669911100797	1.075402760239655	1.1268723535975294	1.180941944006153	1.2210543363164743	1.2546473330368562	1.2820313815763433	1.2971398221498536	1.3029089698346015	1.3048880720672615	1.3055348375027713	1.3056900612072937	1.3056900612072937	1.3056900612072937
209078_HY55YBGXT_TCDM_1_H06_C64_1_3_i_AATAGC_S48_trim1 - polyg	0.0	0.0	0.0	2.587061742039417e-05	0.0006208948180894601	0.0012935308710197086	0.0013064661797299055	0.0013323367971502997	0.001358207414570694	0.0013840780319910881	0.0013970133407012852	0.0014228839581216794	0.0014228839581216794	0.0014228839581216794	0.0014358192668318763	0.0014487545755420734	0.0014616898842522705	0.0014616898842522705	0.0014616898842522705	0.0014746251929624676	0.0014746251929624676	0.0014746251929624676	0.0014875605016726647	0.001513431119093059	0.0015781076626440443	0.0015910429713542414	0.0016298488974848327	0.0016427842061950298	0.0016945254410358182	0.0017462666758766064	0.001823878528137789	0.001823878528137789	0.0018756197629785773	0.0019014903803989715	0.001979102232660154	0.0020567140849213363	0.002147261245892716	0.002250743715574293	0.0023154202591252784	0.0023800968026762635	0.0024706439636476433	0.0025223851984884317	0.002561191124619023	0.002587061742039417	0.002755220755271979	0.0030915387817371034	0.003311439029810454	0.003932333847899914	0.00483780545761371	0.005419894349572579	0.0059631773154008565	0.006273624724445586	0.006506460281229134	0.00670048991188209	0.006920390159955441	0.007140290408028791	0.007334320038681747	0.007580090904175492	0.00781292646095904	0.008226856339685345	0.008666656835832048	0.009106457331978748	0.00989551116330077	0.010904465242696143	0.01228854327468723	0.01664774231002365	0.03870244366090968	0.10107650226148002	0.22376790537769936	0.3397329479646162	0.4041895912675283	0.43504030254134834	0.4508213791677888	0.459630324399433	0.46342036985152074
209079_HY55YBGXT_TCDM_1_A07_A20_1_2_i_GTGCCA_S49_trim1 - polya	0.00024019973809221058	0.0004203495416613685	0.0009457864687380792	0.0021617976428298952	0.0043235952856597905	0.007896566389781423	0.013811484940302108	0.02026685290153027	0.026902370666327585	0.03248701457697148	0.03760627149506172	0.04286064076582882	0.04883560925087256	0.05405995355437814	0.05893901073437617	0.06363791811080503	0.06916251208692588	0.07384640697972399	0.07902571383233728	0.08372462120876616	0.08902402793042555	0.09471375922648478	0.10118413967134371	0.10733925795995661	0.11355442618309255	0.12080545577675116	0.12753104844333304	0.13463195320068402	0.14192802024523493	0.1495993993805549	0.15740589086855175	0.16536250719285622	0.17594630815254425	0.18720567087561663	0.19879530823856578	0.21107551984853004	0.22361094368021728	0.23641659221725825	0.25108378872451387	0.2659911849698617	0.2817242678149015	0.29676677641292615	0.312304696970766	0.3286532916446671	0.3461878725253985	0.3655990138599753	0.38705185296833583	0.4105614023341109	0.4358424247683161	0.46345038216528955	0.49502163524078446	0.5255870519130182	0.5573985047266055	0.5874835219226547	0.6170130772243659	0.6501156036301987	0.6833082049378161	0.7181671919284481	0.7532663786571724	0.7875699037534662	0.8259418119136969	0.8657248935352192	0.9082102222102789	0.9547789464329063	1.005641240973932	1.0464601839659768	1.082835431803316	1.1110589010291507	1.1252907355111144	1.1301097427565892	1.1317160785050808	1.13228655288305	1.132466702686619	1.132466702686619	1.132466702686619
209079_HY55YBGXT_TCDM_1_A07_A20_1_2_i_GTGCCA_S49_trim1 - polyg	0.0	0.0	1.5012483630763161e-05	0.00012009986904610529	0.001200998690461053	0.0019966603228915004	0.0020116728065222634	0.0020116728065222634	0.0020116728065222634	0.002026685290153027	0.002026685290153027	0.002026685290153027	0.00204169777378379	0.0021017477083068426	0.0021017477083068426	0.0021017477083068426	0.0021167601919376056	0.0021167601919376056	0.0021617976428298952	0.0021617976428298952	0.002206835093722185	0.002206835093722185	0.002221847577352948	0.002251872544614474	0.0022668850282452375	0.0022969099955067636	0.002341947446399053	0.0023719724136605793	0.0023869848972913428	0.002432022348183632	0.0024470348318143954	0.0024470348318143954	0.0024620473154451585	0.0024770597990759215	0.002537109733598974	0.0025521222172297372	0.0025821471844912638	0.00261217215175279	0.002687234569906606	0.002732272020798895	0.0028073344389527113	0.002867384373475764	0.0029424467916295796	0.0029724717588911057	0.0030325216934141584	0.0031075841115679745	0.003167634046091027	0.003272721431506369	0.0035129211695985796	0.0036780584895369744	0.0037831458749523167	0.0038281833258446063	0.003978308162152238	0.004053370580306054	0.004188482932982922	0.0043386077692905535	0.004563795023752001	0.004788982278213449	0.005014169532674896	0.005314419205290159	0.00550958149249008	0.005914918550520685	0.00641033051033587	0.007145942208243264	0.008106741160612108	0.01187487455193366	0.02826850667672703	0.06764625124021881	0.1396160977660974	0.2073073864572085	0.24694034324242323	0.26513547340290816	0.27456331312302745	0.28010291958277905	0.28262501683274727
209080_HY55YBGXT_TCDM_1_B07_A20_1_3_i_TCGAGG_S50_trim1 - polya	0.00015238633537877354	0.00041559909648756425	0.0008173448897588763	0.001981022359924056	0.0038650715973343472	0.007369957311046139	0.011332002030894251	0.015183220325012346	0.01870195934194039	0.022096018629922165	0.025129892034281384	0.02820532534828936	0.03147470490732487	0.034176099034494034	0.036655840310203164	0.0394265009534536	0.04264046729962409	0.04566048740076706	0.04834802822471997	0.05128492850656543	0.05379237638870706	0.05753276825709514	0.0607882945129144	0.06423776701376117	0.06815825182396053	0.07164928423445607	0.07475242415489655	0.07789712398498579	0.08165136915659012	0.08530864120568069	0.0893260991383938	0.09411934205121705	0.09912038451228407	0.10568685023678759	0.11167147722620852	0.11721279851270937	0.12323898541177905	0.13012407711025636	0.13767412736311377	0.1450440846741599	0.15255257501736857	0.15989482572198221	0.1675418490973534	0.17589539093675344	0.18487233142088483	0.1950129493751814	0.20631724479964314	0.2195332960679477	0.23360825213565986	0.2494287244086198	0.2671193926157738	0.286084564718823	0.30391376595813946	0.321687553984591	0.3413730978548853	0.3619313998278034	0.3825312617103704	0.404654986946725	0.42713889806670224	0.4520471372495236	0.478880985579404	0.5096630253259162	0.5402234122209685	0.5738730857332449	0.6112492978106933	0.638817371211035	0.6652633270508603	0.685738509204481	0.6971951909643215	0.701725221116036	0.7035261505341487	0.7042880822110426	0.7045097350625027	0.7045097350625027	0.7045097350625027
209080_HY55YBGXT_TCDM_1_B07_A20_1_3_i_TCGAGG_S50_trim1 - polyg	0.0	0.0	8.311981929751285e-05	0.00015238633537877354	0.0012467972894626928	0.0020225822695728126	0.002036435572789065	0.002036435572789065	0.002050288876005317	0.002064142179221569	0.0020918487856540734	0.0021057020888703253	0.0021057020888703253	0.0021057020888703253	0.002147261998519082	0.0021888219081678383	0.0022165285146003425	0.002230381817816595	0.0022442351210328467	0.002271941727465351	0.002271941727465351	0.0022996483338978556	0.0023135016371141075	0.00232735494033036	0.002355061546762864	0.0023827681531953682	0.0024104747596278724	0.0024243280628441248	0.0024381813660603767	0.002452034669276629	0.0025074478821416374	0.002535154488574142	0.002576714398222898	0.002576714398222898	0.002576714398222898	0.0025905677014391505	0.002659834217520411	0.0029369002818454538	0.004987189157850771	0.00724527758209987	0.008464368265130058	0.009240153245240178	0.009614192432078986	0.010043644831782803	0.012024667191706858	0.01558496611828366	0.0171365360785039	0.021597299714137087	0.025434664705038933	0.0274988068842605	0.029091936754129497	0.030255614224294677	0.030768186443296007	0.031294611965513586	0.0316963577587849	0.03215351676492122	0.03263838237749005	0.033483433873681426	0.03437004527952156	0.03546445623360548	0.03633721433622936	0.037528598412827054	0.03837364990901843	0.03935723443737233	0.040479351997888754	0.042030921958108994	0.04584058034257833	0.056008904903307406	0.0850454284445719	0.12538624741029814	0.1578445368459769	0.17602007066569972	0.18614683531678003	0.19199292927403844	0.19512377580091142
209081_HY55YBGXT_TCDM_1_C07_A20_1_3_o_CACTAA_S51_trim1 - polya	0.00039872861688574344	0.0005907090620529532	0.0010632763116953158	0.002097017170287984	0.0036476284581769863	0.0066454769480957234	0.011696039428648474	0.016214963753353566	0.020364694914275564	0.024573496981402855	0.02860508632991426	0.0328434238501442	0.03796782496345357	0.042309536569542776	0.04700567361286375	0.05167227520308208	0.05623550270744115	0.06140420700040449	0.06635139539509798	0.07066357154808453	0.0747985349824552	0.079258388400955	0.08475198267804747	0.09030464786134522	0.09539951352155195	0.10064205644727191	0.10560401256851672	0.11041829142424828	0.11580851161548147	0.12068186137741835	0.1263526683731267	0.13227452672020756	0.1395550159100102	0.14884391591079288	0.15754210684952263	0.167318341826499	0.17793633721690083	0.18989819572347313	0.2034992718772424	0.21684929667963912	0.23019932148203587	0.2438447008154591	0.25703228062579125	0.2712979044743701	0.286434824189477	0.3038902769731418	0.3221136515374754	0.34339394549793306	0.36483668445045525	0.3877414283315585	0.41584441195872773	0.44187991386871167	0.46685213946700027	0.49015561196498925	0.5138725808064153	0.5391401609357304	0.5648360051350338	0.5930571305746137	0.621027204662821	0.6505183545858148	0.6800095045088085	0.712276987023451	0.7465085771694197	0.7842105830549494	0.8244083347276528	0.8588319053187887	0.8891352802021052	0.9146391439562415	0.9274427628762392	0.9314152813185453	0.9326705380754079	0.9332021762312556	0.9333941566764227	0.9333941566764227	0.9333941566764227
209081_HY55YBGXT_TCDM_1_C07_A20_1_3_o_CACTAA_S51_trim1 - polyg	0.0	0.0	2.953545310264766e-05	0.00013290953896191447	0.0014177017489270878	0.002333300795109165	0.002333300795109165	0.0023628362482118128	0.0024071394278657844	0.0024071394278657844	0.0024071394278657844	0.002421907154417108	0.002421907154417108	0.002421907154417108	0.002436674880968432	0.0024514426075197557	0.0024514426075197557	0.0024514426075197557	0.0024662103340710798	0.0024662103340710798	0.0024809780606224034	0.0024957457871737274	0.0024957457871737274	0.0024957457871737274	0.002510513513725051	0.0025400489668276987	0.0025695844199303463	0.0025695844199303463	0.0025695844199303463	0.0025991198730329944	0.0026434230526869657	0.0026877262323409374	0.002702493958892261	0.002702493958892261	0.002717261685443585	0.0027763325916488803	0.0028206357713028516	0.0028649389509568233	0.0029092421306107946	0.003027383943021385	0.003056919396124033	0.003130758028880652	0.0032341321147399188	0.0033522739271505094	0.0034113448333558047	0.0034704157395611004	0.003573789825420367	0.003751002544036253	0.0039725184423061105	0.004208802067127292	0.004386014785743178	0.004489388871602444	0.00454845977780774	0.004637066137115683	0.004710904769872302	0.00485858203538554	0.004976723847796131	0.005094865660206721	0.00524254292571996	0.005552665183297761	0.005729877901913647	0.0059070906205295325	0.006276283784312628	0.0068669928463655815	0.007738288712893687	0.010381711765580653	0.024957457871737275	0.062009683789008764	0.13440107934359818	0.20087061655110675	0.23885320924111164	0.25695844199303464	0.2664245547124332	0.27132743992747277	0.2734096893712094
209082_HY55YBGXT_TCDM_1_D07_A27_1_3_o_GGTATA_S52_trim1 - polya	0.0002811232937154754	0.0006425675284925152	0.001258361409964509	0.0022891468202545853	0.004538133169978388	0.007750970812440964	0.011378799983721623	0.0157161308010461	0.019692017383593538	0.023239525613812633	0.0263184950211726	0.029665200898737785	0.033748182069367305	0.036987793358850406	0.03998644182514881	0.04370797876100129	0.047215326520689604	0.0512045999267473	0.05477888180398692	0.05836655050473679	0.06200776649952771	0.06562220884729811	0.07013356837025597	0.07427009683492654	0.07817904929992268	0.08224864364704194	0.0862513038766099	0.09022719045915734	0.0946716158645639	0.09887507844678577	0.10358724032239755	0.10850020455066324	0.11493926665909865	0.12281071888313196	0.13082942616577814	0.13924973815373215	0.1482992308466684	0.15761646000980986	0.16900864681704175	0.17941020868451435	0.19025353572782552	0.200802352653911	0.21204728440253	0.2244970302670725	0.23701371024916626	0.2520604998746993	0.2692357944383639	0.286237060296395	0.3045636216819419	0.3241887049479842	0.34772274067902254	0.37018583052924003	0.39231424979170104	0.41339849682036167	0.4354064346712303	0.45916804640194314	0.48227370378065315	0.5063565992756122	0.5331302462961337	0.5608141973153529	0.5901848880968649	0.620479269700585	0.652621032948721	0.6903718752476562	0.7290597951923098	0.75936756361954	0.785806540052305	0.8069711080220272	0.8193137592984876	0.8240259211740993	0.8257394345834128	0.8265560308175387	0.8267836068172131	0.8267836068172131	0.8267836068172131
209082_HY55YBGXT_TCDM_1_D07_A27_1_3_o_GGTATA_S52_trim1 - polyg	0.0	0.0	2.6773647020521466e-05	0.00010709458808208586	0.0011780404689029445	0.002155278585151978	0.002155278585151978	0.0021820522321724994	0.0021820522321724994	0.0021820522321724994	0.00219543905568276	0.0022088258791930207	0.0022222127027032817	0.0022355995262135424	0.0022355995262135424	0.002248986349723803	0.002248986349723803	0.002248986349723803	0.002302533643764846	0.002302533643764846	0.0023159204672751066	0.0023293072907853677	0.0023293072907853677	0.0023426941142956283	0.002356080937805889	0.0023694677613161495	0.00238285458482641	0.002436401878867453	0.002463175525887975	0.002503335996418757	0.0025702701139700608	0.0026639778785418856	0.002704138349072668	0.002784459290134232	0.002811232937154754	0.002851393407685536	0.002864780231195797	0.002904940701726579	0.002945101172257361	0.002998648466298404	0.0030388089368291863	0.0031325167014010116	0.003186063995442054	0.003266384936503619	0.0033199322305446618	0.0034136399951164866	0.0035475082302190942	0.003708150112342223	0.0038152447004243086	0.0039223392885063945	0.00402943387658848	0.004136528464670566	0.004297170346793695	0.00439087811136552	0.004551519993488649	0.004631840934550213	0.0047924828166733425	0.004979898345816992	0.0050736061103888175	0.005314568933573511	0.0055956922272889864	0.005809881403453158	0.0061177783441891545	0.006666638108109845	0.007844678577012789	0.012878124216870825	0.030575504897435515	0.06772394013840904	0.12602355652559455	0.17868732021496025	0.20762963264414397	0.22113693756599703	0.22808469896782235	0.23169914131559277	0.23326539966629325
209083_HY55YBGXT_TCDM_1_E07_A27_1_1_o_CGCCTG_S53_trim1 - polya	0.00021448825247841175	0.0004749382733450546	0.0012409677464822395	0.0020376383985449115	0.0036616208815957434	0.006112915195634735	0.009636650772065785	0.01334423342204976	0.016760724872241603	0.019457148617684494	0.02233741943668031	0.025416857918691794	0.028863990547809124	0.03165233783002848	0.0343947233438596	0.03698390296306329	0.04049231795003159	0.04341855053741564	0.04613029487232127	0.049347618659497446	0.05227385124688149	0.055598419160296876	0.05938260475759457	0.06305954622865306	0.06652199944723314	0.070474711528621	0.07418229417860497	0.07844141804924773	0.08247073307794932	0.08705158932730969	0.09138731614526616	0.09661163715206175	0.10309224649480234	0.11032356472121736	0.11695737995858538	0.12389760698520828	0.13243117531595652	0.14191462019339487	0.1531752534485115	0.1651406338189143	0.1771979377260936	0.18795299152893968	0.2003779895832248	0.21286426999536093	0.22528926804964605	0.2388326691347115	0.254046014471216	0.27095994523808503	0.28828753192044815	0.3076527570013562	0.3302353058694404	0.35105598694930906	0.3722903239446718	0.39263606675119544	0.41472835675647185	0.4374641115191835	0.46006198097673046	0.4840846652543126	0.5091797907942868	0.5338612604187669	0.5603199184209252	0.5892605119160481	0.6193348290314139	0.6521974934289991	0.6864236902887686	0.7137862630692289	0.7381460003149913	0.7579095607219307	0.7686952557037022	0.7720964265644313	0.7733833560793019	0.7737970119947959	0.7738736149421096	0.7738736149421096	0.7738736149421096
209083_HY55YBGXT_TCDM_1_E07_A27_1_1_o_CGCCTG_S53_trim1 - polyg	0.0	0.0	1.5320589462743698e-05	9.192353677646218e-05	0.0009651971361528529	0.0018844325039174747	0.0018997530933802184	0.0018997530933802184	0.0018997530933802184	0.0018997530933802184	0.0018997530933802184	0.0018997530933802184	0.0018997530933802184	0.0018997530933802184	0.001915073682842962	0.0019457148617684494	0.0019457148617684494	0.0019457148617684494	0.0019457148617684494	0.001976356040693937	0.002006997219619424	0.002006997219619424	0.0020529589880076554	0.0020529589880076554	0.0020836001669331428	0.0020989207563958867	0.0020989207563958867	0.0020989207563958867	0.0020989207563958867	0.0021602031142468614	0.002221485472097836	0.002282767829948811	0.0022980884194115547	0.002328729598337042	0.0023593707772625295	0.0023593707772625295	0.002420653135113504	0.002420653135113504	0.002497256082427223	0.0025432178508154536	0.0026504619770546596	0.0027117443349056343	0.0028036678716820964	0.002880270818995815	0.0029568737663095337	0.0030181561241605084	0.0031560414293252017	0.0032020031977134326	0.0033245679134153825	0.0034164914501918445	0.0035084149869683066	0.0035696973448192813	0.003646300292133	0.003753544418372206	0.00393739149192513	0.004044635618164336	0.00435104740741921	0.004550215070434878	0.004963870985928958	0.005285603364646576	0.005714579869603399	0.006281441679724916	0.006970868205548382	0.007767538857611054	0.008962544835705064	0.011996021549328315	0.021494787016229408	0.04409265647377636	0.08087739177382397	0.11698802113751088	0.1389424258376226	0.1502796620400529	0.15708200376151113	0.16170882177925971	0.16386902489350658
209084_HY55YBGXT_TCDM_1_F07_X5_31_1_i_AATGAA_S54_trim1 - polya	0.0005498086087295717	0.0012008977506461698	0.002112422549329407	0.004123564565471788	0.007176449208680725	0.012240475868032044	0.019272238600731302	0.026723592113776815	0.03358173107529831	0.03997687331367912	0.04530133562979708	0.05068367253630762	0.0574115936694458	0.06293861705193782	0.0677132707593262	0.07248792446671459	0.07768216895444922	0.08277513290899684	0.08772341038756298	0.09203506737181068	0.09725824915474161	0.10295889630841137	0.10878976129046447	0.11449040844413423	0.12056724043535581	0.12673088431216628	0.13246046876103235	0.13836367698107616	0.1439919808967552	0.14986625182160274	0.15655076701194648	0.16375615351582348	0.1722637183035337	0.18350585748729364	0.19360497351079997	0.20436964732382107	0.21630628159229204	0.22922678389743698	0.24431758334230388	0.25861260716927276	0.27189482566437134	0.285379605225844	0.29934185015805553	0.31337643832825773	0.32840936318273206	0.3458874894812932	0.36615806476629664	0.3866022638224778	0.4096942253891198	0.43408836523959504	0.46078302005817556	0.4865950873732691	0.5119875639080165	0.5377128193375211	0.5642917249753164	0.5916374689358136	0.6193159917910681	0.6466906730467615	0.6747887866823623	0.7062725638559293	0.7390440506657314	0.7754037620798738	0.8129933085398588	0.8536502082906509	0.8945386064030132	0.9269049710800672	0.9535417513082551	0.9757945313142046	0.9881218190678256	0.9926215684708491	0.9941263078210564	0.9946471791345897	0.9947195223725804	0.9947195223725804	0.9947195223725804
209084_HY55YBGXT_TCDM_1_F07_X5_31_1_i_AATGAA_S54_trim1 - polyg	0.0	0.0	1.4468647598146625e-05	0.00010128053318702637	0.0010128053318702638	0.001808580949768328	0.001808580949768328	0.0018230495973664746	0.001851986892562768	0.0018664555401609144	0.001880924187759061	0.0019098614829553544	0.001924330130553501	0.001924330130553501	0.001953267425749794	0.001967736073347941	0.0019822047209460875	0.0019822047209460875	0.002040079311338674	0.002069016606534967	0.002069016606534967	0.0020979539017312605	0.002112422549329407	0.002126891196927554	0.002155828492123847	0.00218476578732014	0.00218476578732014	0.00227157767290902	0.0023005149681053134	0.0023294522633016063	0.0024017955012923396	0.0024162641488904863	0.002430732796488633	0.0024596700916849263	0.0024596700916849263	0.002503076034479366	0.0025320133296756592	0.0025754192724700992	0.002662231158058979	0.0027490430436478584	0.0027924489864422984	0.0027924489864422984	0.0028792608720311784	0.002922666814825618	0.0031107592336015242	0.003269914357181137	0.0033711948903681634	0.003703973785125536	0.004109095917873641	0.004355062927042134	0.004774653707388386	0.004948277478566145	0.005078495306949465	0.005165307192538345	0.005324462316117958	0.005498086087295717	0.005715115801267916	0.005845333629651236	0.006076831991221582	0.006322799000390075	0.006597703304754861	0.007031762732699259	0.00775519511260659	0.008377346959326895	0.009375683643599012	0.01264559800078015	0.027750866093245227	0.06861032691041129	0.14241489830855722	0.21173418895127769	0.2540115772330621	0.27571454863028205	0.2879550244983141	0.29442250997468566	0.29738858273230573
209085_HY55YBGXT_TCDM_1_G07_X11_57_1_i_ACAACG_S55_trim1 - polya	0.000362214848171851	0.0008113612599049461	0.0013909050169799077	0.0025355039372029564	0.004361066771989086	0.00807014681726884	0.01248916796496542	0.016835746143027634	0.021486584793554198	0.025775208595908913	0.029093096605163068	0.032961551183638436	0.03729364076777377	0.041393912849079124	0.04492912976723639	0.04895695887890737	0.05320211689948147	0.057027105696176215	0.060518856832552856	0.06370634749646514	0.067748665202063	0.07186342587729523	0.0765142645278218	0.08135345489939773	0.08642446277380364	0.09122018736359894	0.0949872217845862	0.09937726574442902	0.1045786709641768	0.1102147340017308	0.11615505751174916	0.12226924414889001	0.12912234907630143	0.13877175263159955	0.14739246601808959	0.156317439877044	0.16643047843800207	0.17697817481676636	0.18820683511009376	0.1987255543010043	0.20988177162469732	0.22141469239048905	0.2327157956534508	0.24497314611558624	0.25737538251699044	0.2721247711345482	0.2881781332055246	0.30573830904489596	0.32492120740407715	0.3451617731199202	0.3683869891846993	0.3909457299288422	0.41356242504869256	0.43513594140580797	0.4578540566831465	0.48303523292805356	0.5063184033685402	0.533368608230014	0.5625341478048114	0.5921053680095613	0.6234007308916092	0.6591875578909882	0.694974384890367	0.7358901741398592	0.7778056763703058	0.8084780297134982	0.8359339152049245	0.8575364087498937	0.8696633618666872	0.8745170408321901	0.8761252747580731	0.8766323755455137	0.8768062386726362	0.8768062386726362	0.8768062386726362
209085_HY55YBGXT_TCDM_1_G07_X11_57_1_i_ACAACG_S55_trim1 - polyg	0.0	0.0	1.4488593926874039e-05	0.00011590875141499231	0.0010721559505886787	0.001912494398347373	0.001926982992274247	0.001926982992274247	0.001926982992274247	0.001926982992274247	0.001926982992274247	0.001926982992274247	0.001955960180127995	0.001955960180127995	0.001955960180127995	0.0019994259619086174	0.0020284031497623655	0.0020284031497623655	0.0020573803376161136	0.0020863575254698617	0.0020863575254698617	0.0021008461193967355	0.0021008461193967355	0.0021008461193967355	0.0021008461193967355	0.0021153347133236093	0.0021443119011773574	0.0021443119011773574	0.0021443119011773574	0.0021732890890311055	0.00218777768295798	0.00218777768295798	0.0022312434647386017	0.00226022065259235	0.00226022065259235	0.002289197840446098	0.002303686434372972	0.002347152216153594	0.002376129404007342	0.002376129404007342	0.0024195951857879645	0.0024630609675685864	0.0025210153432760826	0.002578969718983579	0.0026224355007642007	0.0027238556582523193	0.0028107872218135635	0.0028687415975210597	0.0029122073793016816	0.0030136275367897997	0.003071581912497296	0.00315851347605854	0.003346865197107903	0.003462773948522895	0.0036221484817185096	0.0036945914513528797	0.003824988796694746	0.003940897548109739	0.004158226457012849	0.00430311239628159	0.0045204413051847	0.004969587716917795	0.005433222722577765	0.005925834916091482	0.00670821898814268	0.01115621732369301	0.029194516762651185	0.06705321269357305	0.1278038870289559	0.18113640127377922	0.21175080024126405	0.2256308732232094	0.2323246036174252	0.2359032863173631	0.23764191758858796
209086_HY55YBGXT_TCDM_1_H07_X2_45_2_i_ATATCC_S56_trim1 - polya	0.00032096268263177846	0.0007061179017899126	0.0013319951329218806	0.002920760411949184	0.006322964847846035	0.01222867820827076	0.0207181411638813	0.02948042239972885	0.038066174160128925	0.04573718227502843	0.052204580330058765	0.05957067389645808	0.06834900326643722	0.07516946027236251	0.08168500272978761	0.08820054518721272	0.0957752644973227	0.10312530992959042	0.11076422177622675	0.1176167750504152	0.12451747272699845	0.13159469987902916	0.14001997029811336	0.14817242243696052	0.15707913687999236	0.16503901140926047	0.17290259713373904	0.18046126830971743	0.18871000925335413	0.19821050465925477	0.2071493153705498	0.21637699249621345	0.22677618341348307	0.23999984593791235	0.2519236095976829	0.2649867907807963	0.27901286001180503	0.29440302064399876	0.31348425212645803	0.33126558474425855	0.34906296549619065	0.36718130893075457	0.38473796767071283	0.4031130812513821	0.4225955160871311	0.44328156098274923	0.4663106334615793	0.4905754122685418	0.5174560369389533	0.5464229190464712	0.5809103592952558	0.6141941894841713	0.645199184626401	0.6758029764153412	0.7085090737755193	0.7424348293296983	0.7757507557868769	0.8114899504979255	0.8470044713311318	0.886851988379867	0.9264106390142337	0.9681357877563649	1.0124125898254188	1.0628518754010028	1.1154095146819565	1.1568137007414558	1.193034339476452	1.2227233876198915	1.2373753340820324	1.2421737261873773	1.2439550690759837	1.2445007056364579	1.2445969944412474	1.2445969944412474	1.2445969944412474
209086_HY55YBGXT_TCDM_1_H07_X2_45_2_i_ATATCC_S56_trim1 - polyg	0.0	0.0	1.6048134131588922e-05	6.419253652635569e-05	0.0011715137916059914	0.0020220649005802042	0.002038113034711793	0.002054161168843382	0.002070209302974971	0.002070209302974971	0.002070209302974971	0.002070209302974971	0.002070209302974971	0.00208625743710656	0.00208625743710656	0.00208625743710656	0.0021183537053697378	0.0021183537053697378	0.0021344018395013267	0.0021504499736329156	0.0021825462418960935	0.0021825462418960935	0.0021985943760276824	0.0021985943760276824	0.0021985943760276824	0.0022146425101592713	0.0022146425101592713	0.0022306906442908603	0.002246738778422449	0.002310931314948805	0.002326979449080394	0.002326979449080394	0.0023590757173435717	0.0023911719856067495	0.0023911719856067495	0.0023911719856067495	0.0024553645221331052	0.002471412656264694	0.002519557058659461	0.0025516533269226388	0.0025516533269226388	0.0025997977293174056	0.0026318939975805834	0.0026479421317121723	0.0026639902658437613	0.002696086534106939	0.002728182802370117	0.0027763272047648837	0.002920760411949184	0.002968904814343951	0.0030170492167387176	0.0031775305580546065	0.0032256749604493732	0.0033540600335020846	0.0034182525700284403	0.0035947820454759185	0.0038355040574497524	0.004076226069423586	0.0042527555448710645	0.004429285020318543	0.0046860551664239655	0.004942825312529388	0.005295884263424345	0.005873617092161546	0.00685255327418847	0.012661977829823659	0.04024872040202502	0.09842320662903487	0.20111521693707238	0.29504494600926234	0.3449064987561091	0.36795161936907084	0.37923345766357786	0.38528360423118685	0.38770687248505675
209087_HY55YBGXT_TCDM_1_A08_X2_45_2_o_AGTACT_S57_trim1 - polya	0.00019278748598434978	0.00038557497196869955	0.001002494927118619	0.001992137355171614	0.003842897220621372	0.007287366970208421	0.012261284108604645	0.017710743712428933	0.023108793319990727	0.02742723300604016	0.03133439272198965	0.035511454918317226	0.04071671703989467	0.045048009225009726	0.0492764814175998	0.05295229615036807	0.05764345830932058	0.06270734294117616	0.0669743726309631	0.07125425481981568	0.07521282453202766	0.07991683919004579	0.0852120688050826	0.09043018342572566	0.09548121555851563	0.10090497016420867	0.10555757482596431	0.11003024450080122	0.11505557163545994	0.12040221124675925	0.1267256407870459	0.13302336532920134	0.14063204477605035	0.1506955515444334	0.16043774583617587	0.17065548259334642	0.18050049687761388	0.1908853161226375	0.2041105376611639	0.2160633617921936	0.22750208596059834	0.2392621226056437	0.25049520678899845	0.2623452109275032	0.274837840019289	0.2893097539671809	0.30501550782537257	0.3222250040742422	0.34089968521659286	0.36029410630661846	0.38399411458362787	0.4072956953896029	0.4286565488366689	0.44889923486502564	0.4699259233363854	0.49239209170309495	0.5141770776193264	0.5378513808982046	0.5636206415247793	0.5901224945980946	0.6187835675144346	0.6517502276177585	0.6851795776874448	0.7231844174244928	0.7634898544942875	0.794901362210671	0.8219944302410049	0.8444863036058458	0.8569275227013691	0.8618371773444372	0.8634951497239026	0.8642277421706431	0.864369119660365	0.864369119660365	0.864369119660365
209087_HY55YBGXT_TCDM_1_A08_X2_45_2_o_AGTACT_S57_trim1 - polyg	0.0	0.0	2.5704998131246637e-05	7.711499439373991e-05	0.0008739699364623857	0.0017479398729247713	0.0017479398729247713	0.0017607923719903946	0.001773644871056018	0.0017864973701216412	0.0017993498691872645	0.0017993498691872645	0.0018122023682528878	0.001825054867318511	0.0018507598654497579	0.0018636123645153812	0.001902169861712251	0.0019278748598434976	0.001940727358909121	0.0019664323570403675	0.002004989854237238	0.002004989854237238	0.002004989854237238	0.0020435473514341077	0.0020821048486309775	0.002146367343959094	0.0021720723420903406	0.002210629839287211	0.002223482338352834	0.002262039835549704	0.0023134498318121972	0.0023263023308778205	0.0023263023308778205	0.0023648598280746904	0.002390564826205937	0.0024419748224684306	0.002454827321534054	0.0025833523121902868	0.0026347623084527804	0.0026861723047152735	0.0027632872991090133	0.002801844796305883	0.0028532547925683768	0.0028918122897652466	0.0029817797832246097	0.0030203372804214795	0.00305889477761835	0.003161714770143336	0.003264534762668323	0.0033802072542589326	0.003470174747718296	0.003508732244915166	0.0035729947402432824	0.003650109734637022	0.003804339723424502	0.0039585697122119816	0.004151357198196331	0.004421259678574422	0.004691162158952511	0.005089589629986834	0.005488017101021157	0.005976412065514843	0.006683299514124125	0.007364481964602161	0.00852120688050826	0.012325546603932761	0.026283360589199684	0.059185758197195376	0.11226657933821968	0.15985938337822284	0.1869010414122943	0.20060180541624875	0.2087888473210508	0.21332577949121584	0.21575490181461865
209088_HY55YBGXT_TCDM_1_B08_X2_45_1_i_ATAAGA_S58_trim1 - polya	0.0005303284348663566	0.0009249914561622499	0.0015786520851835731	0.003132637731536153	0.004908621327367673	0.0081399248142278	0.013258210871658915	0.018549162000906984	0.023433116889443665	0.027675744368374517	0.031055046488220602	0.03461934689929914	0.039379969593680855	0.04284560424943542	0.046681235487654876	0.05014687014340944	0.054204499331107846	0.05747280247621446	0.061222101178525445	0.06507006563616041	0.06937435921216874	0.07362931991051509	0.07857494089612925	0.08301489988570805	0.08756585785002632	0.09215381547259109	0.09587844773607108	0.10023207418974141	0.10461036708224272	0.10902565963299052	0.11398361383802018	0.11862090433824693	0.1246518486324248	0.13178044945458187	0.13930371329803484	0.14635831480369893	0.15483123654214515	0.16503080899876088	0.17560037803784154	0.1860219484439362	0.19655451782477035	0.20690208891437206	0.2175703237087767	0.22885521947395612	0.24096644093997385	0.25439731688344974	0.26907384798789075	0.28615535687835364	0.3036808616677744	0.3239936740450974	0.34890677726440067	0.37303055444111216	0.3964143384528938	0.41837980223189336	0.44212124960672444	0.46703435282602773	0.4926134498937678	0.5192902034894871	0.5484706006265522	0.5789953186799065	0.6122456782240855	0.6477160172630538	0.682730027183649	0.7236146495460204	0.7647459362967017	0.798797955102888	0.8285950132107279	0.8545194404221019	0.8675433201248665	0.8718476137008748	0.8734879318831359	0.8743635904616361	0.8745239223140375	0.8745239223140375	0.8745239223140375
209088_HY55YBGXT_TCDM_1_B08_X2_45_1_i_ATAAGA_S58_trim1 - polyg	0.0	0.0	6.166609707748333e-05	0.00022199794947893998	0.0015909853045990698	0.002984639098550193	0.002984639098550193	0.002984639098550193	0.003021638756796683	0.0030339719762121796	0.0030709716344586697	0.0030709716344586697	0.0030709716344586697	0.0030833048538741665	0.0030833048538741665	0.0031079712927051598	0.003120304512120656	0.003120304512120656	0.003120304512120656	0.0031573041703671463	0.003169637389782643	0.003169637389782643	0.003169637389782643	0.003169637389782643	0.0031819706091981395	0.0032189702674446296	0.0032189702674446296	0.0032313034868601265	0.0032559699256911197	0.0032559699256911197	0.003280636364522113	0.0033053028033531062	0.003317636022768603	0.003317636022768603	0.0033299692421840995	0.0033423024615995963	0.003391635339261583	0.0035889668499095298	0.005796613125283433	0.009360913536361969	0.01080390020797508	0.011654892347644349	0.012012555710693752	0.012333219415496666	0.015317858514046859	0.02196546377899956	0.025912093991958495	0.03241170062392524	0.038417978479272114	0.041920612793273165	0.044337923798710516	0.04541091388785872	0.04573157759266164	0.045854909786816604	0.04601524163921806	0.046224906369281504	0.04643457109934494	0.046619569390577396	0.04695256631479581	0.047445895091415675	0.04803788962335951	0.048617550935887856	0.049419210197895136	0.05045520062879686	0.0521448516887199	0.05384683596805844	0.058508792907116185	0.07381431820174754	0.12015022354576851	0.18475162684414004	0.234861497329303	0.2611189214648954	0.2764737796371888	0.2851193664474519	0.2888316654915164
209089_HY55YBGXT_TCDM_1_C08_X2_45_3_o_GGTGAG_S59_trim1 - polya	0.0002739424744284484	0.0006261542272650249	0.0011088147774484815	0.0023350334725091553	0.0047483362234264385	0.007931286878690314	0.012157827912729232	0.017010523174033176	0.021289243727010847	0.025137483248743812	0.028711780296048327	0.03219476318521003	0.03634303494084082	0.0400608256652269	0.044052558864041434	0.048422593575161925	0.05358836595009838	0.05996731214036082	0.06468955860431788	0.06925526651145869	0.0735992114631098	0.07779966273767934	0.08233928088535077	0.08770072645630754	0.09244906267973399	0.09698868082740542	0.1018022414495053	0.10635490447691141	0.11144240757343973	0.11636032723341712	0.12275231830341425	0.12907908497473794	0.13802787247273393	0.1474201858817093	0.15682554417041936	0.1657091072697419	0.1757014851465129	0.18685485731967116	0.19875178763770665	0.21060958331653806	0.2225456482737776	0.23487305962305777	0.2465743167450729	0.25994531847312813	0.27280756989153054	0.2890223554017477	0.3052240960322302	0.3245174731598338	0.3443587352362943	0.3669263771773046	0.39266392489384405	0.41906676147685257	0.44429555888373923	0.4684938107915855	0.49369651843900275	0.5206341950911335	0.547376198547244	0.5771967936207407	0.6078783507567269	0.6407253579286714	0.6758943536933902	0.7152246660934747	0.7558333767075585	0.800172922925763	0.8461691688702729	0.8816512417486244	0.9141329922879976	0.9402618863965776	0.953919875478796	0.958811705379304	0.960820616858446	0.9616946238006701	0.9618902969966904	0.9618902969966904	0.9618902969966904
209089_HY55YBGXT_TCDM_1_C08_X2_45_3_o_GGTGAG_S59_trim1 - polyg	0.0	0.0	1.3044879734688018e-05	9.131415814281613e-05	0.0010957698977137936	0.0017741036439175705	0.0017741036439175705	0.0018001934033869465	0.0018262831628563226	0.0018523729223256986	0.0018654178020603865	0.0018784626817950746	0.0019045524412644507	0.0019306422007338267	0.001969776839937891	0.001969776839937891	0.001969776839937891	0.0019828217196725785	0.002021956358876643	0.002021956358876643	0.0020350012386113306	0.002074135877815395	0.002113270517019459	0.002126315396754147	0.002165450035958211	0.002165450035958211	0.002178494915692899	0.002178494915692899	0.002256764194101027	0.002256764194101027	0.0022828539535704032	0.0022958988333050914	0.002321988592774467	0.0023741681117132193	0.0024263476306519713	0.0024524373901213476	0.0024785271495907234	0.0025046169090600996	0.0025567964279988517	0.0026481105861416677	0.0026872452253457317	0.0027263798645497956	0.002752469624019172	0.002882918421366052	0.002909008180835428	0.0029742325795088682	0.0030264120984476203	0.0031177262565904363	0.0032351301742026286	0.0033916687310188848	0.003652566325712645	0.003887374160937029	0.004135226875896102	0.004291765432712358	0.004643977185548934	0.005165772374936455	0.00592237539954836	0.006796382341772458	0.007761703442139371	0.008674845023567532	0.009888018838893517	0.011127282413688879	0.012301321589810801	0.013905841797177427	0.01584952887764594	0.02212411603003088	0.04102614676559382	0.07983466397629067	0.14357194635997633	0.19958665994072666	0.2310117752215901	0.24555681612576724	0.2532141605300291	0.258027721152129	0.2602323058272913
209090_HY55YBGXT_TCDM_1_D08_X2_45_3_i_TTCCGC_S60_trim1 - polya	0.00023618115850637146	0.0004841713749380615	0.0010746242712039902	0.002102012310706706	0.004121361215936182	0.0070145804076392326	0.010687197422413308	0.014714086174946942	0.017689968772127224	0.020724896658934094	0.023547261503085233	0.026298771999684462	0.029676162566325572	0.03223872813611971	0.03482491182176447	0.03795431217197389	0.041815874113553066	0.04605532590874244	0.049350053069906315	0.052491262478041055	0.05598674362393535	0.0597065968704107	0.0635799678699152	0.06713449430543608	0.07142118233232674	0.07567244318544142	0.0797938044013776	0.0834191851844504	0.08757597357416254	0.09122497247308597	0.09546442426827534	0.09994005722197108	0.10605714922728611	0.11239861333318217	0.11876369555492888	0.12501068719742242	0.13260391144340225	0.14059864365884292	0.1505064432581852	0.15962303597653116	0.16908209137471134	0.17862381017836873	0.18811829275032488	0.1995140336482573	0.2121733437441988	0.22702913861424956	0.24235729580131307	0.25842942363767163	0.27437165183685175	0.2933133807490627	0.31508928356335014	0.33581418022228426	0.35734209282014	0.3781850800583273	0.39985470135128687	0.4230831182903885	0.4465949526196978	0.47118141122021107	0.4975982737991487	0.5266367472375071	0.5565254728464883	0.5881973662021928	0.6222546892588116	0.6601145289673829	0.697372106721763	0.7282764113123217	0.7564292054062812	0.781889534293268	0.7961076400353516	0.8012800074066412	0.8034528740648997	0.8044212168147759	0.8048109157263114	0.8048109157263114	0.8048109157263114
209090_HY55YBGXT_TCDM_1_D08_X2_45_3_i_TTCCGC_S60_trim1 - polyg	0.0	0.0	1.1809057925318572e-05	0.00011809057925318573	0.0012281420242331316	0.0022555300637358473	0.0022555300637358473	0.0022791481795864845	0.0022909572375118033	0.0023381934692130774	0.0023381934692130774	0.002373620642989033	0.002409047816764989	0.0024444749905409447	0.002456284048466263	0.002468093106391582	0.0024799021643169003	0.0025035202801675376	0.0025507565118688116	0.0025861836856447677	0.002597992743570086	0.0026334199173460417	0.002680656149047316	0.0026924652069726346	0.002716083322823272	0.002739701438673909	0.0027633195545245463	0.0027751286124498647	0.002798746728300502	0.0028341739020764575	0.002845982960001776	0.0028577920179270948	0.0028932191917030504	0.002928646365479006	0.002987691655105599	0.003070355060582829	0.003129400350209422	0.0031766365819106963	0.003271109045313245	0.0033773905666411117	0.003483672087968979	0.0036371898409981204	0.0037198532464753505	0.0037788985361019434	0.003979652520832359	0.004404778606143828	0.00462915070672488	0.005255030776766765	0.005892719904733968	0.0063768912796720294	0.00670754490158095	0.006990962291788595	0.007109052871041781	0.007262570624070922	0.007427897435025382	0.007522369898427931	0.007605033303905161	0.007746741999008984	0.007912068809963443	0.00811282279469386	0.008349003953200231	0.00869146663303447	0.009234683297599125	0.009978653946894194	0.011230414086977962	0.013993733641502509	0.021740475640511493	0.03896989115355129	0.07171640878045969	0.10691921045583436	0.1296398379041473	0.1414134686556899	0.14813282261519617	0.1520298117305513	0.1538129794772744
209091_HY55YBGXT_TCDM_1_E08_X2_45_1_o_GAAGTG_S61_trim1 - polya	0.0	0.0	0.0061942517343904855	0.012388503468780971	0.018582755203171458	0.018582755203171458	0.024777006937561942	0.049554013875123884	0.06813676907829534	0.08052527254707631	0.09910802775024777	0.11149653121902874	0.14246778989098116	0.16105054509415262	0.19202180376610506	0.216798810703667	0.24157581764122893	0.24777006937561943	0.2663528245787909	0.27254707631318137	0.2911298315163528	0.29732408325074333	0.3035183349851338	0.3035183349851338	0.3035183349851338	0.3035183349851338	0.3097125867195243	0.32210109018830524	0.3282953419226957	0.33448959365708625	0.3406838453914767	0.3468780971258672	0.35926660059464816	0.36546085232903863	0.36546085232903863	0.37165510406342916	0.37165510406342916	0.39643211100099107	0.40262636273538155	0.408820614469772	0.41501486620416256	0.4274033696729435	0.44598612487611494	0.45837462834489595	0.4707631318136769	0.4769573835480674	0.5017343904856293	0.5327056491575818	0.5450941526263627	0.5512884043607532	0.5636769078295342	0.6008424182358771	0.63800792864222	0.6565906838453914	0.6627849355797819	0.6875619425173439	0.7185332011892963	0.7495044598612488	0.7742814667988107	0.817641228939544	0.8486124876114965	0.867195242814668	0.904360753221011	0.9415262636273538	0.9724975222993062	1.0158572844400398	1.059217046580773	1.096382556987116	1.1211595639246779	1.1211595639246779	1.1211595639246779	1.1273538156590683	1.1273538156590683	1.1273538156590683	1.1273538156590683
209091_HY55YBGXT_TCDM_1_E08_X2_45_1_o_GAAGTG_S61_trim1 - polyg	0.0	0.0	0.0	0.0	0.0	0.0	0.0	0.0	0.0	0.0	0.0	0.0	0.0	0.0	0.0	0.0	0.0	0.0	0.0	0.0	0.0	0.0	0.0	0.0	0.0	0.0	0.0061942517343904855	0.0061942517343904855	0.0061942517343904855	0.0061942517343904855	0.0061942517343904855	0.0061942517343904855	0.0061942517343904855	0.0061942517343904855	0.0061942517343904855	0.0061942517343904855	0.0061942517343904855	0.0061942517343904855	0.0061942517343904855	0.0061942517343904855	0.0061942517343904855	0.0061942517343904855	0.0061942517343904855	0.0061942517343904855	0.0061942517343904855	0.012388503468780971	0.012388503468780971	0.018582755203171458	0.024777006937561942	0.024777006937561942	0.03097125867195243	0.037165510406342916	0.037165510406342916	0.037165510406342916	0.037165510406342916	0.037165510406342916	0.037165510406342916	0.0433597621407334	0.0433597621407334	0.049554013875123884	0.049554013875123884	0.05574826560951437	0.06194251734390486	0.06194251734390486	0.07433102081268583	0.11769078295341923	0.27874132804757185	0.9786917740336968	2.67591674925669	4.410307234886026	5.314667988107037	5.673934588701685	5.853567888999009	5.977452923686819	6.039395441030724
209092_HY55YBGXT_TCDM_1_F08_X11_68_1_o_CAATGC_S62_trim1 - illumina_small_rna_3'_adapter	0.0	0.0	0.0	0.0	0.0	0.0	0.0	0.0	0.0	0.0	0.0	0.0	0.0	0.0	0.0	0.0	0.0	0.0	0.0	0.0	0.0	0.0	0.0	0.0	0.0	0.003406690740614567	0.003406690740614567	0.006813381481229134	0.006813381481229134	0.006813381481229134	0.006813381481229134	0.006813381481229134	0.006813381481229134	0.006813381481229134	0.013626762962458268	0.017033453703072837	0.020440144443687403	0.02384683518430197	0.030660216665531103	0.040880288887374806	0.04769367036860394	0.05791374259044764	0.06472712407167677	0.06472712407167677	0.06813381481229135	0.0715405055529059	0.07494719629352048	0.07494719629352048	0.07835388703413504	0.08516726851536417	0.08516726851536417	0.08516726851536417	0.08857395925597875	0.0919806499965933	0.09879403147782244	0.10560741295905157	0.10901410369966615	0.10901410369966615	0.10901410369966615	0.11582748518089528	0.11582748518089528	0.11582748518089528	0.11923417592150984	0.12604755740273899	0.12604755740273899	0.12604755740273899	0.12604755740273899	0.12945424814335355	0.12945424814335355	0.1328609388839681	0.1328609388839681	0.1328609388839681	0.1328609388839681	0.1328609388839681	0.13967432036519725
209092_HY55YBGXT_TCDM_1_F08_X11_68_1_o_CAATGC_S62_trim1 - polya	0.0	0.0	0.0	0.003406690740614567	0.006813381481229134	0.010220072221843702	0.020440144443687403	0.03406690740614567	0.04769367036860394	0.05791374259044764	0.06472712407167677	0.06813381481229135	0.07494719629352048	0.08516726851536417	0.0919806499965933	0.10220072221843701	0.11582748518089528	0.11923417592150984	0.1328609388839681	0.1430810111058118	0.15670777406827008	0.16692784629011378	0.1771479185119575	0.19077468147441576	0.19758806295564488	0.21121482591810314	0.2180282073993323	0.228248279621176	0.228248279621176	0.23506166110240512	0.23846835184301968	0.23846835184301968	0.25550180554609253	0.27594194998977994	0.28275533147100906	0.29297540369285274	0.2997887851740819	0.3168222388771547	0.3236356203583839	0.3406690740614567	0.3611092185051441	0.3815493629488315	0.3985828166519043	0.4053961981331335	0.4258363425768209	0.43946310553927914	0.4496831777611228	0.4667166314641957	0.4871567759078831	0.5075969203515704	0.5246303740546433	0.5382571370171015	0.5552905907201744	0.5655106629420181	0.5723240444232472	0.5791374259044764	0.5995775703481638	0.6200177147918512	0.6506779314573823	0.6779314573822989	0.7017782925666008	0.7256251277509028	0.7562853444164339	0.7835388703413504	0.8210124684881106	0.8414526129317981	0.8516726851536418	0.8721128295973292	0.8755195203379437	0.8823329018191729	0.8857395925597874	0.8857395925597874	0.8857395925597874	0.8857395925597874	0.8857395925597874
209092_HY55YBGXT_TCDM_1_F08_X11_68_1_o_CAATGC_S62_trim1 - polyg	0.0	0.0	0.0	0.0	0.003406690740614567	0.006813381481229134	0.006813381481229134	0.006813381481229134	0.006813381481229134	0.006813381481229134	0.006813381481229134	0.006813381481229134	0.006813381481229134	0.006813381481229134	0.006813381481229134	0.006813381481229134	0.006813381481229134	0.006813381481229134	0.006813381481229134	0.006813381481229134	0.006813381481229134	0.006813381481229134	0.006813381481229134	0.006813381481229134	0.006813381481229134	0.006813381481229134	0.006813381481229134	0.006813381481229134	0.006813381481229134	0.006813381481229134	0.006813381481229134	0.006813381481229134	0.006813381481229134	0.006813381481229134	0.006813381481229134	0.006813381481229134	0.006813381481229134	0.006813381481229134	0.006813381481229134	0.010220072221843702	0.010220072221843702	0.010220072221843702	0.010220072221843702	0.010220072221843702	0.010220072221843702	0.013626762962458268	0.020440144443687403	0.027253525924916536	0.030660216665531103	0.03406690740614567	0.04428697962798937	0.04428697962798937	0.04428697962798937	0.04428697962798937	0.04769367036860394	0.04769367036860394	0.04769367036860394	0.04769367036860394	0.04769367036860394	0.04769367036860394	0.04769367036860394	0.04769367036860394	0.04769367036860394	0.051100361109218506	0.051100361109218506	0.06472712407167677	0.16692784629011378	0.5621039722014035	1.597737957348232	2.7253525924916535	3.3249301628398173	3.594058731348368	3.7643932683790964	3.8768140628193772	3.907474279484908
209093_HY55YBGXT_TCDM_1_G08_X11_68_1_i_ACGTCT_S63_trim1 - polya	0.00020711220348004718	0.0005473679663401247	0.0010947359326802493	0.0022486467806405123	0.004571262205381042	0.008728300003801988	0.014054042379003201	0.020045502551104568	0.02476470204468564	0.02936555170770669	0.033552176963767645	0.037058290694108445	0.04143723442482944	0.045150460358650286	0.04902641730949117	0.05339056731139216	0.05766595494037314	0.06223721714575418	0.06654219223237516	0.07041814918321604	0.07484147410039704	0.07920562410229805	0.08533022783377944	0.09102581342948074	0.0961296498723819	0.10114472394236304	0.10610062309706417	0.11136719055698537	0.11740303191554674	0.12388268513870822	0.13099846870112983	0.13901666972157167	0.1483958937934538	0.1606746887140566	0.17128179227799903	0.18222915160480152	0.1940197534743442	0.206313342123767	0.22103310229967035	0.23449539552587342	0.24820918214201654	0.26282538621617985	0.27735282791742316	0.2915252201269864	0.3068219357268699	0.3233761182764537	0.34145405489449776	0.3617658445643624	0.38348303847212734	0.4078187223810329	0.43564572629145926	0.46440473511754576	0.49146246512933195	0.518224320564718	0.5463176115939045	0.5757867194033511	0.6066020565354182	0.6379943490914654	0.6724193560556132	0.7080278613253613	0.7447754837142496	0.7867304986477792	0.8272505218857684	0.8759070959747596	0.9232174407411303	0.9618586604189792	0.9956031558574068	1.0241550524800134	1.0388896063847366	1.0442745236752178	1.0459905962183382	1.0466267265575984	1.0468338387610785	1.0468338387610785	1.0468338387610785
209093_HY55YBGXT_TCDM_1_G08_X11_68_1_i_ACGTCT_S63_trim1 - polyg	0.0	0.0	1.479372882000337e-05	7.396864410001685e-05	0.0008432425427401921	0.0018196286448604144	0.0018344223736804178	0.0018640098313204246	0.0018640098313204246	0.0018640098313204246	0.0018935972889604314	0.0019083910177804346	0.0019527722042404448	0.0019527722042404448	0.001967565933060448	0.0019823596618804514	0.001997153390700455	0.001997153390700455	0.001997153390700455	0.001997153390700455	0.001997153390700455	0.001997153390700455	0.0020267408483404616	0.0020267408483404616	0.002041534577160465	0.002071122034800472	0.0021007094924404787	0.0021007094924404787	0.0021302969500804855	0.0021302969500804855	0.0021450906789004884	0.002159884407720492	0.0021746781365404953	0.002204265594180502	0.0022190593230005055	0.0022190593230005055	0.002307821695920526	0.0023522028823805357	0.0023817903400205425	0.002396584068840546	0.002440965255300556	0.002529727628220576	0.0025889025435005897	0.0026480774587806033	0.0026924586452406135	0.0027812210181606335	0.0028256022046206438	0.003032714408100691	0.0032694140692207446	0.003550494916800809	0.0038019883067408663	0.0039499255949408995	0.004216212713700961	0.0043493562730809905	0.004512087290101028	0.004778374408861088	0.0050002803411611394	0.00539971101930123	0.005947078985641355	0.006598003053721503	0.007352483223541675	0.008003407291621823	0.008979793393742046	0.009823035936482238	0.011006534242082507	0.014778935091183366	0.03050466882684695	0.07288870189615661	0.1431885012488126	0.2041682514448665	0.2396732006128746	0.2558279524843183	0.26492609570862036	0.2697340575751214	0.272012291813402
209094_HY55YBGXT_TCDM_1_H08_X11_68_3_i_CAGGAC_S64_trim1 - polya	0.00037017151743021996	0.0006940715951816624	0.0012956003110057698	0.002498657742653985	0.004858501166271637	0.009177168869624204	0.014729741631077504	0.02108435268029628	0.027639473301456424	0.032497974467728064	0.03680121835785437	0.04104276699507564	0.04620974442587246	0.05062095500858258	0.054600298820957446	0.05890354271108375	0.0635306866789615	0.06842003547168565	0.07335565570408858	0.07735042332968972	0.08188502441820991	0.08722166379449559	0.09388475110823954	0.09946817149614536	0.10557600153374398	0.11094348853648217	0.11597165164824266	0.12150880059646971	0.12743154487535321	0.1337553082981195	0.14162145304351165	0.14894776432598475	0.15764679498559492	0.16975448836820836	0.18008844322980203	0.1907154505426946	0.2022987342756152	0.2149925325608265	0.22936752648770004	0.2425703106093779	0.256204961501391	0.26920723605112745	0.2833971442192859	0.2978801048387433	0.312980017987251	0.32786399775059105	0.34524663525658517	0.36537471151685336	0.38667499758231727	0.40956393641008587	0.436293404731193	0.4626218539084174	0.48874979351370046	0.514013999578313	0.5419619491442945	0.5717607562974273	0.6013590538786187	0.6329778709924498	0.6658151693511557	0.7007501063086327	0.7378752247442385	0.779920539599021	0.8225211117299488	0.8706125613694249	0.9205240209695995	0.9600244066420492	0.9943423910704758	1.0216425404809546	1.0369738108278561	1.04149298810315	1.0434209647564325	1.0441458839780666	1.0443618173632343	1.0443618173632343	1.0443618173632343
209094_HY55YBGXT_TCDM_1_H08_X11_68_3_i_CAGGAC_S64_trim1 - polyg	0.0	0.0	3.084762645251833e-05	9.254287935755499e-05	0.0013572955639108066	0.0022673005442600974	0.0022673005442600974	0.0022827243574863564	0.0022981481707126158	0.002344419610391393	0.002344419610391393	0.0023906910500701706	0.002421538676522689	0.002436962489748948	0.002436962489748948	0.0024523863029752074	0.0024523863029752074	0.0024523863029752074	0.0024678101162014664	0.0024678101162014664	0.0024678101162014664	0.002483233929427726	0.002483233929427726	0.002483233929427726	0.002529505369106503	0.0025603529955590216	0.0025912006220115396	0.002606624435237799	0.002622048248464058	0.0026528958749165764	0.0026528958749165764	0.0026683196881428354	0.002699167314595354	0.0027300149410478722	0.0027608625675003906	0.0027608625675003906	0.002884253073310464	0.0035937484817183856	0.004904772605950415	0.005444606068869485	0.005691387080489632	0.005953591905336038	0.0060307109714673336	0.006200372916956185	0.006971563578269143	0.00979412139867457	0.011737521865183224	0.014822284510435059	0.019264342719597698	0.022642157816148454	0.024678101162014663	0.025726920461400286	0.02609709197883051	0.026343872990450653	0.026482687309486986	0.026744892134333394	0.027068792212084834	0.027330997036931242	0.027670320927908942	0.028163882951149237	0.02898134505214097	0.029629145207643856	0.030539150187993146	0.03163424092705755	0.03330001275549354	0.035351379914586006	0.044050410574196175	0.07420396543153285	0.1489323405127585	0.2296914265654515	0.28353595853832225	0.3117615367423765	0.3269385689570155	0.33552963292404187	0.33893829564704514
209095_HY55YBGXT_TCDM_1_A09_X11_68_3_o_AAGCTC_S65_trim1 - polya	0.00037391909886376983	0.0006378619921793721	0.0013637049487972782	0.003475248095322096	0.007478381977275397	0.014274911480152154	0.024546689078351006	0.03495043812320766	0.04535418716806432	0.05413028837080809	0.061344727454767885	0.06952695714755155	0.07955678709354444	0.08765103582188957	0.09563530834468655	0.10388352376079911	0.11125192953252634	0.11963211639529671	0.12893610338467168	0.13650246632638563	0.14409082450920918	0.15291091619417224	0.164326446330072	0.17411432862385895	0.18383622519431697	0.19369009321143277	0.2024441991730669	0.20979060970368452	0.21918257765749802	0.2286185360935308	0.23933021851392233	0.2506137772031643	0.26422883145002746	0.28167105764996686	0.29566003099569377	0.31101270929021796	0.32629940186141326	0.3429717946225155	0.3611618590201824	0.3799677901689191	0.3983558117365727	0.4176676334308309	0.4359236835518267	0.452772038241806	0.47184191228385824	0.4918135912114055	0.5146886419654244	0.5391033595971175	0.5653656774820199	0.5931456670034871	0.625324704746881	0.6554141945848596	0.6837880556162869	0.712227902371043	0.7429332589600914	0.7738145774780169	0.8039480577982148	0.8373368338026385	0.8710555384237066	0.9060719622702432	0.9417702385911784	0.9829893204306316	1.0244723451634004	1.0703104276358768	1.1175122150571501	1.1555639821768162	1.1883588866712798	1.216380823844953	1.2297099399573908	1.234086992938208	1.2352967311992378	1.2358906027091978	1.2360665646380748	1.2360665646380748	1.2360665646380748
209095_HY55YBGXT_TCDM_1_A09_X11_68_3_o_AAGCTC_S65_trim1 - polyg	0.0	0.0	0.0	4.399048221926704e-05	0.001319714466578011	0.0023095003165115196	0.0023534907987307866	0.00237548603984042	0.00237548603984042	0.00237548603984042	0.00237548603984042	0.00237548603984042	0.0023974812809500535	0.0023974812809500535	0.0023974812809500535	0.0023974812809500535	0.0023974812809500535	0.0023974812809500535	0.002419476522059687	0.002441471763169321	0.002441471763169321	0.0024634670042789544	0.0024634670042789544	0.0024634670042789544	0.0025074574864982213	0.002529452727607855	0.0025514479687174883	0.002595438450936755	0.002639428933156022	0.002639428933156022	0.002705414656484923	0.0027274098975945565	0.00274940513870419	0.0027714003798138234	0.002837386103142724	0.002837386103142724	0.0028593813442523578	0.0029033718264716247	0.0029473623086908917	0.0030353432731294256	0.0031013289964583264	0.00312332423756796	0.003211305202006494	0.0032552956842257607	0.0033212814075546616	0.00349724333643173	0.0036292147830895307	0.003981138640843667	0.00475097207968084	0.005300853107421679	0.00587272937627215	0.006026696064039584	0.006092681787368485	0.00631263419846482	0.006576577091780423	0.006752539020657491	0.007016481913973093	0.007588358182823564	0.008578144032757072	0.00974389181156765	0.010733677661501158	0.0118774301992021	0.013417097076876447	0.01537467353563383	0.017948116745460953	0.023336950817321164	0.047333758867931335	0.10419145713633399	0.20992258115034232	0.31367413346448364	0.37248940819164367	0.40268887423517047	0.41867941452187407	0.4281373681990165	0.4335262022708767
209096_HY55YBGXT_TCDM_1_B09_X11_68_2_o_GACGAT_S66_trim1 - polya	7.717842868063604e-05	0.00010290457157418139	0.00021867221459513547	0.0005402490007644523	0.001273444073230495	0.002521162003567444	0.0041419090058608015	0.005711203722367068	0.007267635367426561	0.008875519298273146	0.010058921871376232	0.011229461373032545	0.012747303803751721	0.014213693948683806	0.01580871480808362	0.01736514645314311	0.019050208812670333	0.020696681957857233	0.02222738746002318	0.023770956033635902	0.025224483107121214	0.026819503966521028	0.028851869255111108	0.030691288471999603	0.03303236747531223	0.035026143549561996	0.03649253369449408	0.03819045912546807	0.03972116462763402	0.04120041784401288	0.04323278313260296	0.045097928492384996	0.04670581242323158	0.049792949570457025	0.052301248502577696	0.05471950593457096	0.05762656008154158	0.06064938187153316	0.06454689251990528	0.06874025381155317	0.07227759845941566	0.0759307107502991	0.07935228775514062	0.08304398926036438	0.08836930083932827	0.09330872027488898	0.09886556713989478	0.1044095509334538	0.11113693730011591	0.11868756023937146	0.12756307953764462	0.1356153622633243	0.14348756198874918	0.15088382807064346	0.15839586179555873	0.1659850739491546	0.17424316581798266	0.18358175568833962	0.19284316713001595	0.20207885242879872	0.21215063737162174	0.22407470460278	0.2372979420500623	0.2505854948545785	0.26585396066189765	0.2787298951801171	0.29169587119846396	0.3029767848572836	0.30853363172228937	0.3102058310103698	0.310990478368623	0.3113892335834729	0.3114792750836003	0.3114792750836003	0.3114792750836003
209096_HY55YBGXT_TCDM_1_B09_X11_68_2_o_GACGAT_S66_trim1 - polyg	0.0	0.0	2.5726142893545348e-05	0.0001543568573612721	0.0020452283600368554	0.0036917015052237577	0.0037045645766705304	0.0037302907195640757	0.003756016862457621	0.0037817430053511663	0.003794606076797939	0.0038589214340318022	0.003910373719818893	0.003923236791265666	0.003923236791265666	0.0039618260056059834	0.0039618260056059834	0.0039746890770527565	0.003987552148499529	0.004000415219946302	0.004013278291393074	0.004077593648626938	0.004103319791520483	0.004116182862967256	0.004154772077307574	0.004180498220201119	0.004219087434541437	0.004270539720328528	0.004283402791775301	0.004321992006115619	0.004373444291902709	0.004386307363349482	0.0044248965776898	0.004437759649136573	0.004450622720583345	0.004450622720583345	0.0044763488634768905	0.004502075006370436	0.004540664220710754	0.0045663903636042995	0.004604979577944618	0.0046564318637317085	0.004669294935178481	0.00475933643530589	0.00475933643530589	0.004836514863986526	0.004887967149773616	0.00495228250700748	0.005016597864241343	0.005132365507262297	0.0051709547216026155	0.005235270078836478	0.005286722364623569	0.005351037721857433	0.005441079221984842	0.00558257300789934	0.005646888365133204	0.005711203722367068	0.005814108293941249	0.005878423651175112	0.0060199174370896115	0.006174274294450884	0.006431535723386337	0.006894606295470154	0.007653527510829742	0.011718258088009907	0.023063487104063404	0.04516224384961886	0.07747427932391182	0.10386930193268935	0.11796722823835219	0.12469461460501431	0.12864357753917352	0.13061162747052973	0.13126764411431516
209097_HY55YBGXT_TCDM_1_C09_A20_2_3_o_TCGTTC_S67_trim1 - polya	0.0	0.0008762014912949382	0.0023365373101198353	0.00481910820212216	0.00963821640424432	0.017085929080251295	0.028476548467085493	0.03869889919885977	0.05111175365887139	0.06031186931746824	0.07038818646736003	0.08250897376360668	0.09331545882291091	0.1033917759728027	0.11390619386834197	0.12383647743635126	0.13581123115071542	0.1448653132274298	0.15333526097661418	0.1645798467815659	0.1729037609488678	0.1810816415342872	0.191450025847944	0.2012342758340708	0.21028835791078515	0.21759003700490964	0.22620601833597653	0.23715853697716327	0.24606658547199514	0.25599686904000446	0.26548905186236627	0.2751272682666106	0.2859337533259148	0.2974704062946315	0.30959119359087817	0.3236104174515972	0.3374836077304337	0.34916629428103285	0.3674204920163441	0.38479848826036034	0.3998399471942568	0.41458933896438827	0.4268561598425174	0.44175158519453134	0.4569390777103103	0.47008210007973433	0.48833629781504556	0.5077587642054167	0.5261589955226104	0.5420766559478017	0.5623753238294679	0.5787310850003067	0.595232879753028	0.6099822715231594	0.6267761334396458	0.6440080961017796	0.6606559244363834	0.6780339206803997	0.6974563870707708	0.7176090213705544	0.7313361780675084	0.7468157377470523	0.7636095996635386	0.7852225697821471	0.8062514055732256	0.8211468309252395	0.8366263906047835	0.8486011443191477	0.8522519838662099	0.8548805883400947	0.8564869577408021	0.8566329913226846	0.8566329913226846	0.8566329913226846	0.8566329913226846
209097_HY55YBGXT_TCDM_1_C09_A20_2_3_o_TCGTTC_S67_trim1 - polyg	0.0	0.0	0.0	0.0	0.0007301679094124484	0.001898436564472366	0.001898436564472366	0.001898436564472366	0.001898436564472366	0.001898436564472366	0.002044470146354856	0.0021905037282373453	0.0021905037282373453	0.0021905037282373453	0.0021905037282373453	0.0021905037282373453	0.0021905037282373453	0.0021905037282373453	0.0021905037282373453	0.0021905037282373453	0.0021905037282373453	0.0021905037282373453	0.0021905037282373453	0.0021905037282373453	0.0021905037282373453	0.0021905037282373453	0.0021905037282373453	0.0021905037282373453	0.0023365373101198353	0.0023365373101198353	0.002482570892002325	0.002482570892002325	0.0026286044738848147	0.0026286044738848147	0.0026286044738848147	0.0026286044738848147	0.0026286044738848147	0.0026286044738848147	0.0027746380557673042	0.0029206716376497938	0.0032127388014147732	0.0032127388014147732	0.0032127388014147732	0.0032127388014147732	0.0032127388014147732	0.003358772383297263	0.003796873128944732	0.00496514178400465	0.0064254776028295464	0.008177880585419423	0.00978424998612681	0.010222350731774278	0.010368384313656769	0.010514417895539259	0.010952518641186727	0.011244585804951707	0.011536652968716686	0.012120787296246644	0.012704921623776604	0.013727156696954032	0.01460335818824897	0.016209727588956356	0.018108164153428724	0.0198605671360186	0.022343138028020924	0.035194093233680016	0.0978424998612681	0.2494253578552924	0.5087809992785941	0.7170248870430244	0.8380867264236084	0.8889064129187148	0.9176750285495653	0.9337387225566391	0.9420626367239411
209098_HY55YBGXT_TCDM_1_D09_A03_2_1_o_CCAATT_S68_trim1 - polya	0.00016552625970656332	0.000248289389559845	0.0006483111838507063	0.0011586838179459432	0.0017932011468211027	0.00315879278940025	0.00464852912675932	0.0064555241285559695	0.008414251535083636	0.010152277262002551	0.011862715278970372	0.013517977876036005	0.015600849977343593	0.017531989673920164	0.019076901431181424	0.02085630872302698	0.022897799259407926	0.02469100040622903	0.02653937697295232	0.028415341249626705	0.030346480946203278	0.03225003293282876	0.034415668163989624	0.03638818942549284	0.038581412366604804	0.04098154313234997	0.04327132305829076	0.04543695828945163	0.04751983039075922	0.050333776805770794	0.05310634165585573	0.05632030986515817	0.059548071929436154	0.06414142563629328	0.06851407766354167	0.07328675148508092	0.07839047782603328	0.08437701088542066	0.09157740318265616	0.09880538318984276	0.10655752968610013	0.11385447896816447	0.12134454221988646	0.12951050436541026	0.1376902603659096	0.14704249403933042	0.1577603193553304	0.16978856089400732	0.18249270132648607	0.19687969206598152	0.21460479570955934	0.23137812335982444	0.24769625379589646	0.2632281344983623	0.2802911331031139	0.29892663117507784	0.31727245829255524	0.33661144296827206	0.35688840978232605	0.37831026655935046	0.40218742952202224	0.42825781542580593	0.45719732316450346	0.48679893594202717	0.5161246716200399	0.5398363083230052	0.5605960600612033	0.5793143212630205	0.5884458532568326	0.5919770801305726	0.5932185270783719	0.5937702812773937	0.5938806321171981	0.5938806321171981	0.5938806321171981
209098_HY55YBGXT_TCDM_1_D09_A03_2_1_o_CCAATT_S68_trim1 - polyg	0.0	0.0	5.5175419902187774e-05	0.00013793854975546944	0.0010483329781415677	0.002151841376185323	0.0021656352311608703	0.002193222941111964	0.0022208106510630578	0.002234604506038605	0.002234604506038605	0.0022483983610141517	0.002262192215989699	0.0022759860709652456	0.0023035737809163396	0.0023035737809163396	0.0023035737809163396	0.0023173676358918863	0.0023173676358918863	0.0023449553458429803	0.0023587492008185274	0.0023587492008185274	0.0023863369107696214	0.0024139246207207153	0.0024415123306718092	0.0024415123306718092	0.0024415123306718092	0.0024966877505739967	0.0025380693155006378	0.0025518631704761845	0.0026070385903783724	0.002648420155305013	0.0026622140102805602	0.0026622140102805602	0.0027173894301827477	0.002758770995109389	0.0027863587050604827	0.0028415341249626706	0.002869121834913764	0.002924297254815952	0.0029932665296936866	0.0030346480946203277	0.0031036173694980623	0.003131205079449156	0.003186380499351344	0.0032829374841801726	0.0033381129040823605	0.0034760514538378297	0.0035726084386666582	0.0036139900035932994	0.0037657224083243158	0.003848485538177597	0.003917454813055332	0.00397263023295752	0.00401401179788416	0.004110568782712989	0.004276095042419553	0.004386445882223928	0.0045381782869549445	0.004772673821539243	0.004910612371294712	0.004993375501147993	0.005283046455634479	0.005503748135243231	0.006276204013873859	0.008428045390059183	0.015724994672123516	0.03398805865974767	0.06524493403433704	0.09294299482523531	0.11032325209442445	0.11875129748448364	0.12424125176475131	0.12800697417307563	0.12974499989999455
209099_HY55YBGXT_TCDM_1_E09_C17_2_3_o_AGTTGA_S69_trim1 - polya	0.0002789152775668965	0.0006624237842213792	0.0013597119781386204	0.003224957896867241	0.006275593745255172	0.011208907717219654	0.018547865958198618	0.026130875067048618	0.033156053620764826	0.038978410039973786	0.044469554567072064	0.05034420760082482	0.05709047087697413	0.06334863241738137	0.06856086166691275	0.07403457398916309	0.08022300671017861	0.08625454958756275	0.09185028734374862	0.09753318612417412	0.10384364427912517	0.11052017873588274	0.11805089123018896	0.12505863757905722	0.13196179069883793	0.1385860285410517	0.14508824094932998	0.15148586012852067	0.15804036915134273	0.16522243754869032	0.1729623365011717	0.18167843892513721	0.19156249907391412	0.20446233066138308	0.21537489089618791	0.22776918854306688	0.24154063037293239	0.2564277333130655	0.2733544042204065	0.289409464885351	0.3062664069733003	0.3224434930721803	0.33888206224377926	0.35680236882745237	0.37493186186930066	0.3951880839025965	0.4172223908303813	0.4410347826526551	0.4668693102372889	0.4951269142957851	0.5300784850158868	0.5625198182378864	0.5935142784575078	0.6220159333838751	0.6531672834471278	0.6864104980921324	0.7210308569201234	0.757028359931101	0.7941938206668899	0.8323877814887068	0.8721157763371417	0.9151558901066833	0.9577253343453309	1.0057859231110768	1.055066766216178	1.0957535323312488	1.1313326624258762	1.159904046171635	1.1739369710742196	1.179131768118903	1.180648369940673	1.1811887682909588	1.181363090339438	1.181363090339438	1.181363090339438
209099_HY55YBGXT_TCDM_1_E09_C17_2_3_o_AGTTGA_S69_trim1 - polyg	0.0	0.0	3.4864409695862065e-05	0.0001045932290875862	0.0012551187490510343	0.0020918645817517238	0.002126728991447586	0.002144161196295517	0.0021790256059913793	0.0021790256059913793	0.00219645781083931	0.002213890015687241	0.002231322220535172	0.002231322220535172	0.002231322220535172	0.0022661866302310344	0.0023184832447748272	0.0023359154496227583	0.0023533476544706894	0.0023533476544706894	0.0023882120641665516	0.0023882120641665516	0.0023882120641665516	0.0024230764738624134	0.0024579408835582756	0.0024753730884062067	0.0024753730884062067	0.0024753730884062067	0.0025102374981020685	0.0025276697029499996	0.002562534112645862	0.002579966317493793	0.002597398522341724	0.002649695136885517	0.002667127341733448	0.002719423956277241	0.002771720570821034	0.0029286104144524137	0.0031552290774755167	0.0035213053792820686	0.00371305963260931	0.004026839319872069	0.004131432548959655	0.00421859357319931	0.004933313971964482	0.0061710005161675855	0.007042610758564137	0.008855560062748964	0.011400661970546896	0.013213611274731724	0.01467791648195793	0.015566958929202412	0.015723848772833792	0.01588073861646517	0.01619451830372793	0.016316543737663447	0.016490865786142755	0.01687437429279724	0.017362476028539308	0.01774598453519379	0.0184258405242631	0.01955893383937862	0.020918645817517238	0.02227835779565586	0.02430049355801586	0.02754288365973103	0.038594901533319306	0.07525482832851826	0.16048087783005308	0.2567763774100241	0.3178239587874786	0.348800986802252	0.36639008149381447	0.3765530569201582	0.38169555735029786
209100_HY55YBGXT_TCDM_1_F09_A03_2_1_i_AACCGA_S70_trim1 - polya	0.00029069787562145325	0.0006367667751708023	0.0011904770144497607	0.0025609098566651833	0.0050941342013664185	0.009357703043814398	0.01474253512080227	0.020625706413141206	0.025719840614507623	0.031173886471405364	0.0353543987779615	0.0397148669122833	0.04532118308498276	0.04932173956377323	0.05364067943014911	0.05722595322948036	0.06175253443558585	0.06638985768954712	0.07079185409181485	0.07497236639837099	0.07918056421689107	0.08380404471487038	0.08920271954784022	0.09449065233295427	0.09922487487878937	0.10423595254426395	0.10858257792260377	0.11323374393254702	0.11788490994249028	0.12296520138787471	0.1282392914170068	0.13384560758970626	0.14062855802087348	0.1489203688540759	0.1565200418881796	0.1650194940611116	0.1745433101767097	0.18439935243587516	0.19598573919278736	0.20710147224631245	0.2183002618357294	0.23041267331995663	0.24161146290937355	0.2543467984127896	0.26889553494984425	0.2847039622812585	0.30073387370838434	0.3193662232601213	0.3394105339220196	0.3607560636462235	0.38499472937065987	0.4085966283199255	0.4325030679007945	0.45491448983561034	0.4799698781629832	0.5075031198111294	0.5335967148371503	0.5618774653083232	0.5922207864208101	0.623117817772576	0.6564650169331513	0.6931621630413642	0.7304268621448381	0.7704739552006888	0.8103826206967197	0.8423040159911517	0.8705017099264327	0.8946019480910493	0.906977371938934	0.9113932110971837	0.9129712852791287	0.9136080520542996	0.9138433789059931	0.9138433789059931	0.9138433789059931
209100_HY55YBGXT_TCDM_1_F09_A03_2_1_i_AACCGA_S70_trim1 - polyg	0.0	0.0	4.152826794592189e-05	9.689929187381774e-05	0.001508860402035162	0.0027131801724668966	0.0027131801724668966	0.0027131801724668966	0.0027131801724668966	0.0027131801724668966	0.0027408656844308448	0.0027408656844308448	0.0027408656844308448	0.0027408656844308448	0.0027408656844308448	0.0027408656844308448	0.002754708440412819	0.0027962367083587407	0.0027962367083587407	0.0028239222203226885	0.0028377649763046625	0.0028654504882686103	0.0028792932442505844	0.0028931360002325585	0.0028931360002325585	0.0028931360002325585	0.0028931360002325585	0.002948507024160454	0.002962349780142428	0.0029900352921063762	0.0029900352921063762	0.00300387804808835	0.0030454063160342717	0.0030869345839801936	0.0031007773399621677	0.003128462851926116	0.0031699911198720377	0.003433003483529543	0.00460963774199733	0.006547623579473685	0.00740587445035607	0.007945741933653055	0.008250282565256482	0.008457923904986092	0.009925256039075332	0.013648957398226328	0.01582227008739624	0.020113524441808167	0.024570891868003784	0.02735328582038055	0.029983409456955604	0.030855503083819964	0.031367685055153	0.03147842710300879	0.03169991119872038	0.031935238050413935	0.03217056490210749	0.03239204899781908	0.03283501718924224	0.033305670892629355	0.033624054280214755	0.034413091371187275	0.03545129806983532	0.03665561784026705	0.03810910721837432	0.040282419907544234	0.04669161592719818	0.06525475169902527	0.11658369088018472	0.18246136659839882	0.22998354788451542	0.25624325598232	0.27153950134240123	0.2804542361947925	0.2841640947979615
209101_HY55YBGXT_TCDM_1_G09_C14_2_1_i_CAGATG_S71_trim1 - polya	0.00030224514053444577	0.0007317513928728687	0.0013680569518927546	0.002608852791981532	0.005392689612693532	0.011580761174161921	0.019009628575719088	0.028570119599992873	0.03727159811958981	0.044859541910901954	0.05122259750110081	0.05791971350978511	0.06541221146724427	0.07223658858773253	0.07777244695120554	0.08491497685120376	0.0914052935532066	0.09772062622647897	0.10384506723204537	0.11041492212892569	0.11719157633248747	0.12330010969907837	0.13115848335297398	0.1376806153329278	0.14474360703804853	0.15228382791243417	0.15977632586989332	0.16733245438325448	0.17514310512022357	0.184019567668551	0.19267332327122141	0.20194747679393626	0.21270104074137233	0.2273678838767807	0.2402530714469334	0.2540131791607384	0.2687595604910243	0.2832673272366777	0.30127477455694046	0.3183118558996979	0.3361125039132792	0.3528473401155022	0.3693276540941172	0.38819411391905684	0.40674242096448654	0.42691330718541687	0.4481818204956566	0.47306136785333414	0.4992771568849534	0.5284994896829417	0.5606329204134459	0.5942616692076469	0.6258701478519597	0.6580513014993904	0.6910119294566205	0.7243066178323361	0.7581739812111694	0.7944274904363274	0.8323194864759617	0.8705932658510078	0.9104100862066772	0.9550151058939711	0.9996996637761426	1.050588200858758	1.1009358782162064	1.142868414555617	1.1790105703079465	1.2072625371284293	1.2221520872094946	1.226510780288781	1.228212897659159	1.228626496272522	1.228817387940228	1.228817387940228	1.228817387940228
209101_HY55YBGXT_TCDM_1_G09_C14_2_1_i_CAGATG_S71_trim1 - polyg	0.0	0.0	0.0	3.181527795099429e-05	0.001208980562137783	0.0022588847345205946	0.002274792373496092	0.002274792373496092	0.002274792373496092	0.002274792373496092	0.002274792373496092	0.002274792373496092	0.002274792373496092	0.002274792373496092	0.002274792373496092	0.002274792373496092	0.002274792373496092	0.002274792373496092	0.002274792373496092	0.002274792373496092	0.002290700012471589	0.002290700012471589	0.002290700012471589	0.002290700012471589	0.002306607651447086	0.002306607651447086	0.0023225152904225834	0.0023225152904225834	0.0023384229293980804	0.0023861458463245717	0.002402053485300069	0.002417961124275566	0.0024656840412020575	0.002481591680177555	0.002513406958128549	0.002513406958128549	0.0025293145971040463	0.0025770375140305377	0.002624760430957029	0.0026883909868590174	0.002767929181736503	0.002815652098662995	0.002847467376613989	0.0028792826545649833	0.0029110979325159777	0.002974728488417966	0.003054266683295452	0.003165620156123932	0.003356511823829898	0.003579218769486858	0.0038019257151438177	0.0038655562710458065	0.004024632660800778	0.004199616689531246	0.00429506252338423	0.004517769469041189	0.0047722916926491435	0.005154075028061075	0.005949456976835932	0.006808469481512779	0.007842466014920092	0.00874920143652343	0.010069535471489694	0.011437592423382447	0.013171525071711637	0.0195027653839595	0.044223236351882064	0.10395642070487385	0.211794305319769	0.31272827461929836	0.36811867353197947	0.39368224936560337	0.4063288223511236	0.41337590641726885	0.41660515712929475
209102_HY55YBGXT_TCDM_1_H09_A20_2_2_i_GTAGAA_S72_trim1 - polya	0.0004211083774626839	0.0009601271006149192	0.0018865655310328238	0.003739442391868633	0.007478884783737266	0.014283996163534238	0.024036866185569997	0.03512043868038784	0.045277572744787775	0.053868183645026525	0.06055538467913395	0.06759631675031003	0.07561422025719952	0.0826551523283756	0.08878649030423227	0.09485045093969492	0.10168925098968891	0.10837645202379632	0.11457516734004704	0.12060543930531267	0.12768006004668575	0.13446832709138423	0.14278942863004684	0.15013355873299605	0.15769666519222586	0.16499026228987956	0.1721996377120407	0.17924056978321679	0.18687105358284062	0.19473735807384354	0.20368170001115096	0.2133840370278912	0.2246192085385956	0.2397622657921537	0.25357462057292973	0.267925994076858	0.2825974099476579	0.2984647736104518	0.3164545234956577	0.33437689604046955	0.35233295725547836	0.37039008448107824	0.38775659396763934	0.4063527399163915	0.42587532429556146	0.44664438947202106	0.46978850589737015	0.4965036213636028	0.523235581164934	0.5527300119224203	0.589602261453053	0.6226003139110289	0.6552614796670346	0.686844607976736	0.7194720850625447	0.753480797626431	0.7874052885148248	0.8235026986309262	0.8613519195972722	0.9010371730893555	0.9413625113151821	0.9843155658163759	1.0282287474181846	1.0789638847348888	1.1308275925031928	1.1718603928031568	1.2077388265629774	1.2374353893416459	1.2522920928985295	1.257126417071801	1.2584739638796816	1.2589456052624397	1.2590972042783264	1.2590972042783264	1.2590972042783264
209102_HY55YBGXT_TCDM_1_H09_A20_2_2_i_GTAGAA_S72_trim1 - polyg	0.0	0.0	1.6844335098507357e-05	0.00010106601059104414	0.0010106601059104415	0.002021320211820883	0.002021320211820883	0.002021320211820883	0.002021320211820883	0.0020550088820178976	0.0020550088820178976	0.002071853217116405	0.002071853217116405	0.002071853217116405	0.002071853217116405	0.002071853217116405	0.002071853217116405	0.002071853217116405	0.0020886975522149123	0.002122386222411927	0.002122386222411927	0.002122386222411927	0.002122386222411927	0.0021392305575104343	0.0021392305575104343	0.0021392305575104343	0.002172919227707449	0.0022066078979044636	0.0022402965681014783	0.0022908295733970003	0.0023413625786925223	0.0023918955839880448	0.0023918955839880448	0.0024424285892835668	0.0024761172594805815	0.002492961594579089	0.0025771832700716255	0.002594027605170133	0.0026277162753671475	0.0027287822859581915	0.0028130039614507286	0.0028635369667462506	0.00293091430714028	0.0030151359826328166	0.0032004236687163978	0.003469933030292515	0.003638376381277589	0.004126862099134303	0.004750102497779074	0.00528912122093131	0.005760762603689516	0.006063960635462648	0.006181870981152199	0.0064008473374327956	0.006636668028811898	0.006788267044698464	0.00693986606058503	0.007259908427456671	0.007546262124131295	0.008169502522776068	0.008624299570435767	0.009264384304179045	0.010106601059104414	0.011302548851098436	0.01254902964838798	0.016776957758113328	0.03769762195045946	0.0959621770561964	0.2037996103568405	0.30825133230268464	0.3690088490030006	0.39649880388376463	0.41162501680222424	0.4207041134203197	0.42466253216846894
209103_HY55YBGXT_TCDM_1_A10_A20_2_1_o_GACATC_S73_trim1 - polya	0.00022579349478906246	0.0004014106574027777	0.0008153653978493922	0.002044685536145399	0.0040642829062031245	0.007639346573696614	0.01287022920297656	0.01852761065574696	0.02350761162415017	0.027734967609923174	0.03141038394176736	0.03529904968535676	0.03970202283374348	0.043540512245157544	0.04702776733134418	0.05074081591231987	0.05479255473547916	0.059032454804295996	0.06348560428485807	0.06719865286583375	0.07104968636029166	0.07517668968171397	0.08028213148055555	0.0853123087811341	0.09078152898824694	0.09623820511231596	0.1017074253194288	0.10718918960958548	0.11309745272323261	0.11869211376078384	0.12483871445226387	0.1315623429637604	0.139201689537457	0.14937494088600867	0.15892098808236846	0.1691945920952708	0.1788033597068498	0.19009303444630293	0.20326432164233157	0.21642306475531636	0.22973233686482722	0.24272800689824214	0.25563586835035024	0.2703877100099023	0.2857542117386024	0.3025005626021245	0.32165537741006334	0.3423656585154379	0.36450596508780986	0.3885906045319765	0.4159617937336284	0.44330789476919263	0.4693243230021102	0.4942368719271701	0.5188609069422218	0.5456927005729886	0.5735029326811748	0.6013006207063172	0.630754127693246	0.6597936799397282	0.6921323260267395	0.7261644233246687	0.7621408534943926	0.8022066547364074	0.8439157308571648	0.8798168965286257	0.9113150890516999	0.9375573107794065	0.9505529808128215	0.9554200850338301	0.9566870374212576	0.9572891534073619	0.9574898587360632	0.9574898587360632	0.9574898587360632
209103_HY55YBGXT_TCDM_1_A10_A20_2_1_o_GACATC_S73_trim1 - polyg	0.0	0.0	1.2544083043836804e-05	8.780858130685763e-05	0.0011916878891644962	0.0022704790309344613	0.002283023113978298	0.002283023113978298	0.002283023113978298	0.0022955671970221352	0.002308111280065972	0.002308111280065972	0.002308111280065972	0.0023206553631098087	0.0023206553631098087	0.0023331994461536455	0.002358287612241319	0.002358287612241319	0.0023708316952851557	0.0023833757783289925	0.0023833757783289925	0.0023833757783289925	0.0024084639444166664	0.0024084639444166664	0.0024084639444166664	0.0024084639444166664	0.002421008027460503	0.0024460961935481767	0.0024460961935481767	0.002483728442679687	0.002483728442679687	0.002508816608767361	0.0025339047748550343	0.002558992940942708	0.0025840811070303813	0.0025966251900742185	0.0026593456052934022	0.0027095219374687497	0.0027220660205125864	0.0027596982696440966	0.0027847864357317706	0.0028475068509509543	0.0029102272661701385	0.002935315432257812	0.002998035847476996	0.00306075626269618	0.0031736530100907115	0.0032238293422660585	0.003274005674441406	0.0033743583387921003	0.003449622837055121	0.003625239999668836	0.003713048580975694	0.003775768996194878	0.003913753909677083	0.004051738823159287	0.004264988234904513	0.004402973148386718	0.004603678477088107	0.0049047364701401905	0.005281058961455295	0.005820454532340277	0.006510379099751301	0.00702468650454861	0.00800312498196788	0.012155216469477863	0.027471541866002598	0.06048756843738107	0.11403825895152038	0.16067715970850563	0.18604129562314364	0.1984724819195859	0.20523374268021394	0.20898442351032115	0.21071550697037061
209104_HY55YBGXT_TCDM_1_B10_C14_2_2_o_CGATCT_S74_trim1 - illumina_small_rna_3'_adapter	0.0	0.0	0.0	0.0	0.0	0.0	0.0	4.533915729921894e-05	0.00022669578649609472	0.0003173741010945326	0.0005667394662402368	0.0007480960954371126	0.0009747918819332073	0.0012468268257285209	0.0025389928087562606	0.00256166238740587	0.00256166238740587	0.0025843319660554796	0.0027883581739019648	0.0030377235390476693	0.003309758482842983	0.003559123847988687	0.003944506685032048	0.004556585308571504	0.004919298566965255	0.005440698875906273	0.006052777499445729	0.006596847387036356	0.007163586853276593	0.008501091993603552	0.009997284184477777	0.01199220710564341	0.014327173706553186	0.016888836093959057	0.020221264155451647	0.023780388003440334	0.027158155222232146	0.03169207095215404	0.03652069120452086	0.04087325030524588	0.0457245401362623	0.050281125444833805	0.054792371596106094	0.0595983222698233	0.06383753347730027	0.06814475342072607	0.07211192968440773	0.07619245384133744	0.08038632589151519	0.08430816299789762	0.08825266968292968	0.09249188089040664	0.09616435263164337	0.0998368243728801	0.10362264400736489	0.10752181153509772	0.11110360496173602	0.11470806796702393	0.1187205833880048	0.12225703765734387	0.12561213529748608	0.129216598302774	0.13241300889236893	0.13511068875167245	0.1381030731334209	0.1414581707735631	0.14442788557666195	0.1474202699584104	0.1500726106604147	0.15279296009836785	0.15571733574416746	0.15852836349671903	0.16118070419872335	0.16331164459178663	0.1646718193107632
209104_HY55YBGXT_TCDM_1_B10_C14_2_2_o_CGATCT_S74_trim1 - polya	0.0007707656740867221	0.0014735226122246155	0.002607001544705089	0.006370151600540262	0.01330704266732076	0.026478067862743863	0.04583788802951035	0.06642186544335575	0.0878446172672367	0.10568557566447935	0.11946867948344192	0.135020010437074	0.15469720470493503	0.17197142363593745	0.18657063228628595	0.20248467649831178	0.21889745144062905	0.23392738208532013	0.24947871303895222	0.2630351210714187	0.27747564267121994	0.2918481555350723	0.3104598796064017	0.32753007232955766	0.34471361294596164	0.3616477881972199	0.3774711540946473	0.3928184588404329	0.41061407808037637	0.427412235859737	0.4449811593131843	0.46520242346863594	0.487373271387954	0.5154835489134698	0.5383798233495753	0.5662860746672446	0.5955978398611896	0.6254763445213749	0.6602288085912262	0.6921929144871756	0.7236582896528335	0.7558717609139286	0.7858636134673619	0.817034284110575	0.8503812343041505	0.8866978993008249	0.9242160519659285	0.9659054071025603	1.0066879790932077	1.0509389966172455	1.101877539842918	1.1491436113273537	1.1945054382052223	1.2368522111226927	1.2817153072702698	1.3280519260300716	1.3749099450988145	1.4224253819483959	1.471119636887757	1.5219901713774806	1.571659218198775	1.6244339972950659	1.6775941592284	1.7397768134642788	1.8054959219694968	1.8534420808134207	1.8944286790119147	1.923264383054218	1.9376368959180703	1.9425108553277364	1.9442564128837563	1.9447778131926974	1.9450045089791934	1.9450045089791934	1.9450045089791934
209104_HY55YBGXT_TCDM_1_B10_C14_2_2_o_CGATCT_S74_trim1 - polyg	0.0	0.0	0.0	0.0	0.0011788180897796925	0.0021309403930632903	0.0021309403930632903	0.0021536099717128997	0.0021536099717128997	0.0021536099717128997	0.0021536099717128997	0.0021536099717128997	0.0021536099717128997	0.0021536099717128997	0.002176279550362509	0.002176279550362509	0.002176279550362509	0.002176279550362509	0.002176279550362509	0.002176279550362509	0.002176279550362509	0.002176279550362509	0.002176279550362509	0.0021989491290121187	0.002221618707661728	0.0022442882863113376	0.002266957864960947	0.0023349666009097754	0.0023349666009097754	0.0023803057582089944	0.0024256449155082133	0.0024483144941578228	0.0024483144941578228	0.0024709840728074322	0.002516323230106651	0.0025389928087562606	0.0025389928087562606	0.0025389928087562606	0.00256166238740587	0.0025843319660554796	0.0025843319660554796	0.0025843319660554796	0.002652340702004308	0.002697679859303527	0.002743019016602746	0.0028336973312011837	0.002901706067150012	0.002969714803098841	0.003173741010945326	0.003309758482842983	0.0035817934266382965	0.0037178108985359533	0.0038311587917840007	0.004193872050177752	0.004579254887221113	0.004987307302914083	0.005644725083752758	0.006710195280284404	0.008274396207107458	0.010201310392324262	0.01203754626294263	0.01419115623465553	0.016548792414214916	0.020017237947605165	0.023213648537200097	0.032848219463284124	0.07521766195940423	0.17745746166914295	0.34784201479960775	0.5030379502348342	0.5885022617438619	0.6287634334255683	0.6483046102215316	0.6595487212317379	0.664830733057097
209105_HY55YBGXT_TCDM_1_C10_A04_2_3_o_CGTCGC_S75_trim1 - polya	0.0009152542046296448	0.0019750222310429178	0.0039018731881579594	0.007996431472027422	0.016522746957261483	0.031359499327047305	0.0530847438685194	0.07471364586213575	0.09388581288543041	0.11055307366447552	0.12548616858211709	0.14061194859547016	0.15910971778377456	0.17394647015356038	0.18863870870156257	0.20482425674132893	0.22067260586360016	0.23594289969873686	0.24967171276818154	0.2648456640554625	0.2792488749598974	0.2951935666300244	0.3121980263265646	0.32876894455775396	0.3454362053367991	0.36263335012905085	0.3783853567034663	0.393655650538603	0.40998571240015297	0.4261712604399193	0.44558428383285337	0.46514182104757107	0.4846993582622887	0.509074022869794	0.5323407481769581	0.5563300425930404	0.5821980166923099	0.6095593002833435	0.6404852581450399	0.6686654533928473	0.6996395825284716	0.7304210265683844	0.7604317302254512	0.7906351189782295	0.8220427895792046	0.8534022889062519	0.8901569709132213	0.9318251228608342	0.9718072802209713	1.0151132554821318	1.065982120749969	1.1142979084996285	1.1613612431271636	1.206256870427944	1.2540909454383249	1.3051043245279457	1.3525048580729757	1.4024102978622552	1.4556395555525583	1.5103139514606976	1.565325546286332	1.6259250088876	1.6833933386835562	1.7457269671462277	1.8073380264999812	1.857869692850323	1.8993933309761524	1.9359553278874102	1.9532006439535898	1.958162285168161	1.9596555946599252	1.960522677590627	1.9608117052341942	1.9608117052341942	1.9608117052341942
209105_HY55YBGXT_TCDM_1_C10_A04_2_3_o_CGTCGC_S75_trim1 - polyg	0.0	0.0	0.0	9.634254785575208e-05	0.001252453122124777	0.0018786796831871655	0.0019750222310429178	0.0019750222310429178	0.0019750222310429178	0.002023193504970794	0.002023193504970794	0.002023193504970794	0.002023193504970794	0.002023193504970794	0.002023193504970794	0.002023193504970794	0.00207136477889867	0.00207136477889867	0.00207136477889867	0.00207136477889867	0.0021677073267544218	0.0021677073267544218	0.0021677073267544218	0.002215878600682298	0.002215878600682298	0.002360392422465926	0.002456734970321678	0.002504906244249554	0.002504906244249554	0.002504906244249554	0.002504906244249554	0.0026012487921053063	0.0026012487921053063	0.0026975913399610585	0.0027939338878168103	0.0028421051617446864	0.003034790257456191	0.003612845544590703	0.006165923062768133	0.008959856950584945	0.011031221729483613	0.012331846125536266	0.012476359947319896	0.012765387590887151	0.01584834912227122	0.022351471102534482	0.026494200660331823	0.035935770350195524	0.048604815393226926	0.05496342355170657	0.06074397642305169	0.06324888266730125	0.064115965598003	0.06469402088513752	0.06517573362441628	0.06580196018547867	0.06686172821189194	0.0689812642647185	0.07129348541325654	0.07375022038357822	0.07615878407997202	0.07962711580277909	0.08352898899093705	0.0896949120537052	0.09552363619897819	0.10457983569741888	0.12919535667456356	0.21402497006155324	0.43970738841365253	0.7309027393076631	0.9241658903063018	1.0247956815416348	1.0752310053441212	1.1057234217404666	1.1202229751927573
209106_HY55YBGXT_TCDM_1_D10_A04_2_1_o_ATGGCG_S76_trim1 - polya	0.0006929670771341653	0.0013859341542683307	0.0038113189242379095	0.005543736617073323	0.012473407388414976	0.02841165016250078	0.04850769539939157	0.06791077355914821	0.08627440110320359	0.10637044634009438	0.1240411068070156	0.13963286604253433	0.15903594420229095	0.1777460552849134	0.1940307815975663	0.2082366066788167	0.22867913545427457	0.24704276299832995	0.264020456388117	0.28134463331647114	0.30490551393903276	0.32119024025168563	0.34475112087424725	0.3617288142640343	0.37697408996098597	0.3880615631951326	0.40261387181495006	0.41681969689620046	0.4292931042846154	0.4396876104416279	0.4521610178300429	0.47052464537409827	0.4878488223024524	0.5065589333850748	0.5252690444676973	0.5464045403202894	0.566154102018613	0.5879825649483393	0.6101575114166325	0.6382226780405663	0.6597046574317255	0.6849979557471224	0.7071729022154157	0.7321197169922457	0.7546411469991061	0.7771625770059665	0.8118109308626748	0.8520030213364563	0.8831865398074937	0.9122911570471287	0.9497113792123736	0.9829737989148135	1.0186616033872231	1.0449943523183214	1.081375123867865	1.1174094118788416	1.152750732812684	1.1919033726707644	1.2300165619131436	1.269169201771224	1.3052034897822005	1.3505928333344883	1.3890525061154344	1.4313234978206186	1.479484709681443	1.5162119647695538	1.5498208680105607	1.5765001004802262	1.5900129584843423	1.592784826792879	1.5938242774085802	1.5945172444857145	1.5945172444857145	1.5945172444857145	1.5945172444857145
209106_HY55YBGXT_TCDM_1_D10_A04_2_1_o_ATGGCG_S76_trim1 - polyg	0.0	0.0	0.0	0.0	0.0013859341542683307	0.0034648353856708267	0.0034648353856708267	0.0034648353856708267	0.0034648353856708267	0.0034648353856708267	0.0034648353856708267	0.0034648353856708267	0.0034648353856708267	0.0034648353856708267	0.0034648353856708267	0.0034648353856708267	0.0034648353856708267	0.0034648353856708267	0.0034648353856708267	0.0034648353856708267	0.0034648353856708267	0.0034648353856708267	0.0034648353856708267	0.0034648353856708267	0.0034648353856708267	0.0034648353856708267	0.0034648353856708267	0.0034648353856708267	0.0034648353856708267	0.0038113189242379095	0.0038113189242379095	0.0038113189242379095	0.0038113189242379095	0.004157802462804992	0.004157802462804992	0.004504286001372075	0.004504286001372075	0.004504286001372075	0.00519725307850624	0.0069296707713416535	0.0069296707713416535	0.0069296707713416535	0.007622637848475819	0.007622637848475819	0.007622637848475819	0.009701539079878314	0.010740989695579564	0.013166374465549142	0.015591759235518721	0.019749561698323714	0.021481979391159128	0.02182846292972621	0.022521430006860375	0.023560880622561623	0.024253847699695786	0.025293298315397037	0.027025716008232448	0.029451100778202028	0.033262419702439934	0.03776670570381201	0.04331044232088534	0.046775277706556165	0.050586596630794074	0.054744399093599065	0.061674069864940714	0.08731385171890484	0.1663120985121997	0.41785914751190173	0.9559480829065811	1.484335479221382	1.8117624231672753	1.9669870484453285	2.0504895812399955	2.0889492540209416	2.108005848642131
209107_HY55YBGXT_TCDM_1_E10_A04_2_1_i_ATTGGT_S77_trim1 - polya	0.0006226944737110847	0.0017435445263910372	0.004234322421235376	0.009838572684635139	0.019178989790301408	0.03686351284369622	0.06401299189749951	0.09365324884614715	0.12478797253170137	0.14371788453251835	0.16414226327024192	0.1853138753764188	0.2145805156408398	0.23575212774701668	0.25779551211638907	0.2793407409067926	0.2998896585392584	0.3196913428032709	0.3386212548040879	0.35730208901542043	0.3762320010162374	0.4007661632804541	0.4255494033341553	0.44560016538765224	0.4682662442307357	0.4886906229684593	0.5078696127587606	0.5250559802331867	0.5444840478129724	0.5630403431295627	0.5845855719199663	0.6042627172892366	0.6225699348163425	0.6472286359753014	0.6726345705027137	0.6982895828196104	0.7246918285049604	0.7530866965061859	0.789950209349882	0.820337699666983	0.8529668900894438	0.8857206194066469	0.9223350544608586	0.9509790002515686	0.9872198186215537	1.0207207813072101	1.0573352163614218	1.0985575905210956	1.144014287102005	1.1873538224722964	1.239286541579801	1.2858640882133898	1.3328152515312057	1.3686824532169641	1.4109011385345758	1.4552369850628049	1.496085742538252	1.5409197446454501	1.5846328966999683	1.6299650543861353	1.6770407565986933	1.7281017034430022	1.77741910576092	1.8299745193421357	1.8822808551338668	1.926616701662096	1.9637292922952767	1.9922486991912445	2.0068197498760836	2.011427688981546	2.013171233507937	2.0139184668763903	2.014416622455359	2.014416622455359	2.014416622455359
209107_HY55YBGXT_TCDM_1_E10_A04_2_1_i_ATTGGT_S77_trim1 - polyg	0.0	0.0	0.0	0.0	0.0008717722631955186	0.002241700105359905	0.002241700105359905	0.002241700105359905	0.002241700105359905	0.002241700105359905	0.002241700105359905	0.002241700105359905	0.002241700105359905	0.002241700105359905	0.002366239000102122	0.002366239000102122	0.002490777894844339	0.002490777894844339	0.002490777894844339	0.002490777894844339	0.002490777894844339	0.0026153167895865558	0.0026153167895865558	0.0026153167895865558	0.0026153167895865558	0.0026153167895865558	0.0026153167895865558	0.0026153167895865558	0.0026153167895865558	0.0026153167895865558	0.0027398556843287727	0.0028643945790709897	0.0028643945790709897	0.0028643945790709897	0.0028643945790709897	0.0029889334738132066	0.0031134723685554235	0.0034870890527820744	0.0041097835264931595	0.004234322421235376	0.004358861315977593	0.004607939105462027	0.004607939105462027	0.004607939105462027	0.0052306335791731115	0.005728789158141979	0.0063514836318530644	0.0074723336845330165	0.010087650474119572	0.012204811684737261	0.013699278421643864	0.014820128474323816	0.014944667369066033	0.015318284053292684	0.016065517421745987	0.01668821189545707	0.01793360084287924	0.018556295316590324	0.019178989790301408	0.020548917632465795	0.023786928895763434	0.02565501231689669	0.02851940689596768	0.03375004047514079	0.038357979580602816	0.0514345635285356	0.11955733895252826	0.3419838049621277	0.773884691928136	1.1961960839989938	1.4457720290623965	1.5566116453829695	1.6151449259118116	1.6449097217552013	1.6612243169664318
209108_HY55YBGXT_TCDM_1_F10_A04_2_3_i_GCCACA_S78_trim1 - polya	0.0008487006393211993	0.0017473248456612925	0.0038441146604548436	0.009785019135703238	0.018022407693820762	0.034746802645150274	0.05636370716433141	0.08122564353974066	0.10668666271937663	0.12925211501191675	0.14597650996324626	0.16529693039955828	0.18826177122824955	0.2054354782827491	0.22036262482139843	0.23778594971099248	0.2553091217346243	0.27238298165508606	0.29015577151381233	0.3060314658258207	0.32240639580801794	0.33908086719232855	0.35895044686584837	0.3757746889512157	0.393996790913112	0.4104715680293471	0.4267466508775065	0.44232280378740146	0.4596462815429577	0.47806807777292964	0.49833704598260065	0.5181567020891016	0.5382758995977159	0.5656340143240699	0.5918438870089893	0.614609033569605	0.6399202820481842	0.6668290846713681	0.6987801675634604	0.7269370593621166	0.7552936454288485	0.7838499257636559	0.8112579640570287	0.8383165373812693	0.8682207540255868	0.8985742827730744	0.9318733019746768	0.9692660536718284	1.0071081174721501	1.044900257705453	1.0893821559192876	1.1322165764214986	1.1739526784492942	1.2152893919409384	1.2573250353708472	1.3004090737081528	1.3424946407050806	1.3849795962381595	1.4331558384113923	1.4810325391825117	1.526113520200573	1.5745393802089003	1.6249621828979832	1.677831240370992	1.7302509857408308	1.7729356355419852	1.8105780050742313	1.8398831389143222	1.8539615848136504	1.8596528714538043	1.8610008077633144	1.8615499670005222	1.86164981413456	1.86164981413456	1.86164981413456
209108_HY55YBGXT_TCDM_1_F10_A04_2_3_i_GCCACA_S78_trim1 - polyg	0.0	0.0	0.0	4.9923567018894073e-05	0.0008487006393211993	0.0018471719796990806	0.0018471719796990806	0.0018471719796990806	0.0018471719796990806	0.0018471719796990806	0.0018471719796990806	0.0018471719796990806	0.0018471719796990806	0.0018471719796990806	0.0018471719796990806	0.0018471719796990806	0.0018471719796990806	0.0018471719796990806	0.0018471719796990806	0.0018471719796990806	0.0018970955467179748	0.0018970955467179748	0.0018970955467179748	0.0019470191137368688	0.0019969426807557628	0.002046866247774657	0.002096789814793551	0.002196636948831339	0.002196636948831339	0.0022964840828691275	0.0023464076498880214	0.0023963312169069154	0.0023963312169069154	0.0024462547839258094	0.002496178350944704	0.0025461019179635978	0.0025960254849824917	0.00269587261902028	0.002745796186039174	0.0029454904541147504	0.0029954140211336444	0.0029954140211336444	0.0031451847221903267	0.0031951082892092207	0.0032949554232470086	0.0035944968253603733	0.0036943439593981613	0.0038940382274737376	0.004393273897662678	0.004942433134870514	0.0051421274029460895	0.0052419745369838774	0.005591439506116136	0.005890980908229501	0.006140598743323971	0.006340293011399547	0.006689757980531806	0.006939375815626276	0.007238917217739641	0.007738152887928581	0.008137541424079735	0.008686700661287568	0.009585324867627662	0.01078349047608112	0.013030050991931353	0.02376361790099358	0.07628321040487014	0.221510866862833	0.4859560013619149	0.742762830107106	0.883247747698274	0.9474494548845718	0.9798498498798339	0.9994198881512405	1.0080566652455092
209109_HY55YBGXT_TCDM_1_G10_A20_2_1_i_CATCTA_S79_trim1 - polya	0.00024190275871953612	0.0005291622846989853	0.0012095137935976806	0.002419027587195361	0.004898530864070607	0.009373731900382026	0.01530034948901066	0.022466718716076917	0.029058568891184276	0.03480375941077326	0.0390068198435252	0.04361809118161636	0.04906090325280592	0.05371753135815699	0.05786011610122905	0.06242603067206029	0.06752110752759052	0.07238940054682119	0.0770762664970122	0.0817177756799433	0.08595107395753518	0.09122757788210506	0.09732050361735338	0.10309593198178231	0.10908302526009082	0.11478285901241989	0.1199988872473099	0.12507884518042015	0.130884511389689	0.13694719928009738	0.14313083854986552	0.14981340225949272	0.15826487989225652	0.1687574120517164	0.1782369764090382	0.18868415180123818	0.20034084098703583	0.21307097366465141	0.2274188310412039	0.24070836384835842	0.2546933670868316	0.26925288937726366	0.2832681304605768	0.29820562581150817	0.31447358633539696	0.3312555902215648	0.3501240054016886	0.3714114481690078	0.3946643508509232	0.41746368586023946	0.44776200638986136	0.47703224019492524	0.5040799924042534	0.5308556040100221	0.5597327458321667	0.5884586984301116	0.6188326135718333	0.6505672317313524	0.6854617046766456	0.7209911723635775	0.7572312294042479	0.7990199309730478	0.8395084052137302	0.8844720804907239	0.9301463451214563	0.9663712832397069	0.9982873284682657	1.026272453867632	1.0397585326662462	1.044052306633518	1.0457153880997148	1.0463655017637734	1.046577166677653	1.046577166677653	1.046577166677653
209109_HY55YBGXT_TCDM_1_G10_A20_2_1_i_CATCTA_S79_trim1 - polyg	0.0	0.0	1.5118922419971008e-05	0.00010583245693979706	0.0009524921124581735	0.00195034099217626	0.001965459914596231	0.001995697759436173	0.001995697759436173	0.001995697759436173	0.0020259356042761152	0.0020259356042761152	0.0020259356042761152	0.002041054526696086	0.002056173449116057	0.00210153021637597	0.0021166491387959413	0.0021166491387959413	0.002131768061215912	0.002146886983635883	0.002146886983635883	0.002146886983635883	0.002146886983635883	0.002146886983635883	0.0021620059060558543	0.002177124828475825	0.002177124828475825	0.002177124828475825	0.0022073626733157673	0.0022073626733157673	0.002237600518155709	0.002237600518155709	0.0022678383629956512	0.002282957285415622	0.0023131951302555642	0.0023434329750955064	0.002373670819935448	0.0024492654320353033	0.0024946221992952163	0.0025853357338150424	0.0026306925010749554	0.0026760492683348684	0.0027365249580147523	0.0027516438804347236	0.0028272384925345784	0.0029179520270544044	0.0030237844839942018	0.0033261629323936216	0.003719254915312868	0.004036752286132259	0.004460082113891447	0.00465662810535107	0.004762460562290867	0.0048229362519707514	0.004943887631330519	0.005034601165850345	0.005231147157309969	0.005518406683289418	0.005911498666208664	0.006380185261227765	0.006924466468346721	0.007559461209985504	0.008270050563724141	0.009131829141662488	0.010235510478320373	0.013607030177973907	0.0283177416926057	0.07346284403863913	0.16205972941966923	0.2467710517387668	0.2951062467154141	0.3174368951297113	0.33033333595394654	0.3368344725945341	0.33984313815610834
209110_HY55YBGXT_TCDM_1_H10_A04_2_2_o_AACAAG_S80_trim1 - polya	0.0007777527708657701	0.001604115089910651	0.0028193537943884167	0.006003279200120163	0.012541263430210543	0.023065230610987995	0.03779392370925851	0.05568223743917123	0.07340041775045705	0.08795897743010068	0.1001356692489679	0.11197209423058134	0.12609316797661296	0.13812403115094285	0.14906117949124276	0.15970667054246798	0.1722479339726785	0.18420588282473974	0.19475415477960673	0.20556977924945885	0.21563195572253477	0.22608300858104355	0.23852705291489587	0.25097109724874817	0.26353666545304827	0.2747411663083333	0.28708799154582737	0.2986084544642766	0.3118302515689947	0.3252707916405188	0.3403640563501326	0.3534886343584925	0.36955409003168854	0.3920360060645272	0.41014306276124596	0.4290764817770095	0.44956540633450465	0.47058903592197	0.4940431429183909	0.5165979732734982	0.5401006898180982	0.5623881676582204	0.5843596834351784	0.6066714660493903	0.6296151727899304	0.6544303471353664	0.6815301702452206	0.7121541855980603	0.7432399916586016	0.778190256799382	0.8147203322559837	0.8506184835862569	0.884718081633903	0.9169705168507429	0.9487611613598813	0.9823260543775572	1.015356242365263	1.0498933263465209	1.0841873625868834	1.1196723327576343	1.1570287705332807	1.1985899342264204	1.2416336891390227	1.288298855390969	1.3331411635861985	1.3676296380192776	1.398059215179401	1.4213917983053739	1.4337629283169575	1.4381377876530776	1.4397419027429883	1.4402523029988687	1.440300912547048	1.440300912547048	1.440300912547048
209110_HY55YBGXT_TCDM_1_H10_A04_2_2_o_AACAAG_S80_trim1 - polyg	0.0	0.0	0.0	9.721909635822127e-05	0.001069410059940434	0.0018471628308062038	0.0018471628308062038	0.0018714676048957593	0.0018714676048957593	0.0018714676048957593	0.0018714676048957593	0.0018714676048957593	0.0018957723789853145	0.0018957723789853145	0.0018957723789853145	0.0018957723789853145	0.00192007715307487	0.00192007715307487	0.0019443819271644251	0.0019443819271644251	0.0019686867012539805	0.0019686867012539805	0.0019686867012539805	0.0019929914753435357	0.0019929914753435357	0.002017296249433091	0.002017296249433091	0.0020416010235226466	0.0020416010235226466	0.002065905797612202	0.002090210571701757	0.002090210571701757	0.002163124893970423	0.0021874296680599783	0.0022117344421495335	0.002236039216239089	0.0022603439903286443	0.0023332583125973104	0.0023332583125973104	0.002406172634865976	0.002479086957134642	0.0025763060534928633	0.0026492203757615294	0.00269782992394064	0.002770744246209306	0.002795049020298861	0.0028922681166570824	0.0030137919871048593	0.0031353158575526357	0.003208230179821302	0.0033297540502690783	0.003524192242985521	0.003621411339343742	0.0037429352097915185	0.0039130686284184054	0.004083202047045293	0.0042290306915826244	0.0043748593361199566	0.004593602302925955	0.005298440751523059	0.005735926685135054	0.00653798423009038	0.00809348977182192	0.009405947572657907	0.011082976984837224	0.018641761726688928	0.05133168287714083	0.12371130011583656	0.2459643137862998	0.3552142733188509	0.4159275989945601	0.44429127035707117	0.46147474563838675	0.47160983643373133	0.47744298221522463
209111_HY55YBGXT_TCDM_1_A11_A04_2_2_i_GCAGCC_S81_trim1 - polya	0.00015247409808140318	0.0003659378353953676	0.0007318756707907352	0.0014485039317733302	0.0029579975027792214	0.005976984644791005	0.009636362998744681	0.013722668827326286	0.017458284230320663	0.02064499288022199	0.023267547367222124	0.0259053492640304	0.02924453201201313	0.031943323548053966	0.03418469278985059	0.03648705167087978	0.0395212862226997	0.0423573044470138	0.045193322671327904	0.04775488751909548	0.050514668694368874	0.05342692396772367	0.05658313779800872	0.059586877530212363	0.06269734913107299	0.0659907896496313	0.0689792819720268	0.07212024839250371	0.07553566818952713	0.07892059316693428	0.08242749742280656	0.08651380325138816	0.09124050029191166	0.09691253674053986	0.10246259391070293	0.10796690885144158	0.11405062536488958	0.12072899086085503	0.12838319058454148	0.1359611532591872	0.14320367291805386	0.1511628208379031	0.1584205879065779	0.1673098278247237	0.17719014938039862	0.18681126496933517	0.1975911837036904	0.2103532657131038	0.22374049152465103	0.2388201798249018	0.255577083204048	0.2732335837618745	0.29028018792737537	0.30694560684767275	0.3254559623547551	0.3449421520895584	0.3656786294286292	0.3876958891915839	0.4093167162995268	0.4318371405861501	0.45751377870305837	0.486270393601211	0.5162315538742067	0.5491964538794061	0.5829084769652043	0.6119090504202872	0.6370672766037188	0.6594199793824524	0.670459104083546	0.6742099668963486	0.6753077804025347	0.6758414397458196	0.6759634190242847	0.6759634190242847	0.6759634190242847
209111_HY55YBGXT_TCDM_1_A11_A04_2_2_i_GCAGCC_S81_trim1 - polyg	0.0	0.0	9.14844588488419e-05	0.0001677215078895435	0.0013112772435000673	0.0024548329791105913	0.0024548329791105913	0.0024548329791105913	0.0024548329791105913	0.0024548329791105913	0.0024548329791105913	0.0024548329791105913	0.0024700803889187314	0.0024700803889187314	0.0024700803889187314	0.0024700803889187314	0.0024700803889187314	0.0024700803889187314	0.0025463174379594332	0.0025768122575757137	0.0025768122575757137	0.0026225544870001347	0.002653049306616415	0.002683544126232696	0.002744533765465257	0.002744533765465257	0.0027750285850815376	0.0028512656341222395	0.0028665130439303795	0.0029122552733548005	0.002973244912587362	0.0029884923223955024	0.0030342345518199233	0.0031104716008606248	0.0031409664204769053	0.0031562138302850457	0.0031867086499013262	0.003232450879325747	0.00336967756759901	0.003491656846064133	0.0035678938951048344	0.003628883534337396	0.003644130944145536	0.0037051205833780972	0.003796605042226939	0.004040563599157184	0.004238779926663008	0.004574222942442095	0.00529085120342469	0.006083716513447987	0.006449654348843354	0.006678365495965459	0.006830839594046862	0.006907076643087564	0.007029055921552687	0.007059550741168967	0.007151035200017809	0.0073644989373317735	0.007532220445221317	0.007760931592343421	0.007989642739465527	0.008386075394477175	0.00867577618083184	0.009285672573157454	0.009941311194907487	0.011649021093419202	0.018190159901111398	0.03648705167087978	0.07664872910552138	0.11764901407961069	0.14405752786730971	0.15746000108866506	0.16494647930446196	0.16939872296843894	0.17138088624349718
209112_HY55YBGXT_TCDM_1_B11_A20_2_2_o_ACTCTT_S82_trim1 - polya	0.0002571831942964889	0.0004331506430256655	0.000866301286051331	0.0021386812999392235	0.004385650260634863	0.008284006047865854	0.014131539728712337	0.019721890215262335	0.02531224070181233	0.03027993713901293	0.033677462495245496	0.03733217104577455	0.04136588640895106	0.04499352304429101	0.04828276073976715	0.05149078268967599	0.05496952379147586	0.05884080766351775	0.062278940892533975	0.06558171454560467	0.06893863202905358	0.07295881143463553	0.07747982127121592	0.08212265472614727	0.0862646577500802	0.09070445184109327	0.09509010210172814	0.09888017022820271	0.10336057219199944	0.10788158202857982	0.11320121336323878	0.11912996278965257	0.12649352372108888	0.13595515807968075	0.14419855625476297	0.15330825571589649	0.16302707326878485	0.1730978257191316	0.1859434494763615	0.19794984386272915	0.21009159782504233	0.22300490137024498	0.23503836767180175	0.24877736463027209	0.2618801715817985	0.2771081238756695	0.2930940897948355	0.3113811685050753	0.331062450847554	0.3529365583203501	0.37791040008229865	0.40361518355435294	0.4279528353093575	0.4517625847181746	0.47666874669215037	0.5021163469699083	0.5290258306678777	0.5566121122455747	0.5857008851162671	0.6163598290679275	0.6489679509132034	0.6836606102280403	0.7208709576554638	0.7618307653365783	0.8042524564379044	0.8379028470179609	0.8694280922556726	0.8965676872327495	0.9096298863114921	0.9141238242328834	0.9157210672290406	0.9162625055328226	0.9164520089391464	0.9164520089391464	0.9164520089391464
209112_HY55YBGXT_TCDM_1_B11_A20_2_2_o_ACTCTT_S82_trim1 - polyg	0.0	0.0	2.7071915189104095e-05	0.00012182361835096843	0.0012723800138878924	0.0025989038581539932	0.0025989038581539932	0.0025989038581539932	0.0026124398157485454	0.002639511730937649	0.0026665836461267534	0.0026801196037213055	0.0026936555613158576	0.0027207274765049614	0.0027613353492886177	0.0027613353492886177	0.0027613353492886177	0.0027613353492886177	0.00277487130688317	0.0028831589676395863	0.0028966949252341384	0.0028966949252341384	0.00291023088282869	0.00291023088282869	0.0029237668404232422	0.0029643747132068986	0.0029914466283960024	0.0030049825859905545	0.0030049825859905545	0.0030049825859905545	0.0030049825859905545	0.003072662373963315	0.0030861983315578667	0.003113270246746971	0.003140342161936075	0.0031538781195306273	0.003194485992314283	0.0032080219499088353	0.0032892376954761476	0.0033027736530706997	0.0033433815258543556	0.00337045344104346	0.0034245972714216683	0.003451669186610772	0.0035058130169889805	0.003600564720150845	0.003668244508123605	0.0037765321688800215	0.00396603557520375	0.004182610896716583	0.004385650260634863	0.004507473878985832	0.004642833454931352	0.004818800903660529	0.004913552606822393	0.005008304309984258	0.005130127928335226	0.005224879631497091	0.005454990910604475	0.00575278197768462	0.00621300453589939	0.006537867518168639	0.006835658585248784	0.007363560931436314	0.008311077963054957	0.010815230118047086	0.023322454935413177	0.056106544229418236	0.11341778868475161	0.16681714139525944	0.19834238663297116	0.21328608381735661	0.2206902526215766	0.2254278377796698	0.22741762354606895
209113_HY55YBGXT_TCDM_1_C11_C17_2_1_i_TGCTAT_S83_trim1 - polya	0.00013122614759726565	0.00044288824814077155	0.0009349863016305177	0.0019847954824086427	0.004150026917763526	0.008398473446225001	0.01443487623569922	0.020979780347112845	0.026983376599687747	0.03241285845652461	0.03636604615289224	0.040630895949803375	0.04597836146439195	0.050571276630296244	0.05472130354805977	0.0593798317877627	0.06393994041676768	0.06786032157623599	0.0717807027357043	0.07565187408982364	0.07981830427603682	0.08337781352961265	0.08841361694365772	0.0929737255726627	0.09771427015461392	0.10214315263602164	0.10630958282223482	0.11034478686085075	0.11518375105349991	0.12008832831994772	0.12571464939818047	0.13165263257695675	0.13988707333868516	0.14994227689832565	0.15963660855207365	0.16959339250101618	0.179632192792207	0.19072080226417595	0.2041222725875467	0.21635911085099171	0.22862875565133606	0.24134128869982116	0.2541522413590042	0.2671928397764825	0.28051229375760495	0.29601338244253195	0.3128759424087806	0.33129681287774676	0.35140721999702773	0.37271506571313373	0.40058421880910305	0.42592726856382496	0.45123751178164756	0.476941433442262	0.5028585975927219	0.5303832820512484	0.5591218083750495	0.5888773373427295	0.6204536291083216	0.6537030542557788	0.6879202722417658	0.7264351465615633	0.7647695849284145	0.8092716522323372	0.8578909399171242	0.8963894109684719	0.9324109884839213	0.9622157272569503	0.9760600858284618	0.9810630827056076	0.9825557801345265	0.9829330553088687	0.9831627010671639	0.9831627010671639	0.9831627010671639
209113_HY55YBGXT_TCDM_1_C11_C17_2_1_i_TGCTAT_S83_trim1 - polyg	0.0	0.0	0.0	4.920980534897462e-05	0.0010662124492277834	0.0017387464556637697	0.0017387464556637697	0.0017715529925630862	0.0018043595294624025	0.001837166066361719	0.0018535693348113772	0.0018535693348113772	0.0018535693348113772	0.0018535693348113772	0.0018699726032610354	0.0018863758717106937	0.0019027791401603517	0.00191918240861001	0.0019355856770596682	0.0019519889455093264	0.0019519889455093264	0.0019519889455093264	0.0019519889455093264	0.0019847954824086427	0.0020340052877576174	0.0020504085562072756	0.0020504085562072756	0.002083215093106592	0.002083215093106592	0.002083215093106592	0.002083215093106592	0.0021160216300059086	0.002132424898455567	0.002165231435354883	0.0021980379722541994	0.0021980379722541994	0.002247247777603174	0.0022800543145024906	0.002296457582952149	0.0023292641198514653	0.0023784739252004396	0.002411280462099756	0.0024604902674487308	0.002476893535898389	0.00255890987814668	0.0026081196834956545	0.0026737327572942875	0.002804958904891553	0.0029033785155895024	0.0029689915893881353	0.0031330242738847173	0.00319863734768335	0.0032314438845826663	0.0033626700321799322	0.0034282831059785648	0.0035595092535758307	0.003690735401173096	0.0038711713541193364	0.00401880077016626	0.0042484465284614754	0.004428882481407715	0.004773351118850537	0.005167029561642334	0.005560708004434131	0.00621683874242046	0.01087536698212339	0.03190435713458521	0.07686571595509835	0.15084445666305685	0.21690041870983046	0.25270875373543433	0.26932526467493806	0.2770019943093781	0.2814800865961348	0.28371093110528833
209114_HY55YBGXT_TCDM_1_D11_A03_2_3_i_AAGTGG_S84_trim1 - polya	4.665875489712794e-05	0.00011664688724281986	0.00046658754897127943	0.0010264926077368148	0.0022162908576135775	0.004362593582881462	0.006975483857120627	0.009378409734322716	0.01145472432724491	0.01404428522403551	0.016003952929714883	0.018371884740744127	0.020751481240497652	0.022711148946177026	0.024822457605272068	0.026863778132021413	0.0290100808572893	0.031168048271281466	0.03320936879803081	0.03519236588115875	0.037373662672599485	0.039601618218937346	0.04174792094420523	0.04398754117926737	0.04599386763984387	0.048070182232766066	0.05012316744823969	0.05223447610733473	0.05425246725663552	0.05655041093531907	0.059116642454661104	0.06149623895441463	0.06412079391737807	0.06710695423079427	0.07026808487507469	0.073300903943388	0.0771852452885739	0.08103459256758695	0.08568880336857547	0.0899464147529384	0.09450730804413265	0.09982640610240523	0.1048305575651222	0.11034795533170759	0.11646025222323135	0.122899160399035	0.12958302703804858	0.13767832101270028	0.14610022627163188	0.15542031256233318	0.16549860362011282	0.17610180567048514	0.18754486530900577	0.19817139673682665	0.2087046106548533	0.22031097593551388	0.23218562905683293	0.24388531184728776	0.2557716296573311	0.2689410632270455	0.2823321258825212	0.29691298678787365	0.31278862814162145	0.3311605128823656	0.3501272967480481	0.3664928550282157	0.3827650957985891	0.3957129002825421	0.4024200962990042	0.4045663990242721	0.40546458005604186	0.4057911913403217	0.4058728441613917	0.4058728441613917	0.4058728441613917
209114_HY55YBGXT_TCDM_1_D11_A03_2_3_i_AAGTGG_S84_trim1 - polyg	0.0	0.0	1.1664688724281985e-05	4.665875489712794e-05	0.0014347567130866842	0.0031144718893832903	0.0031144718893832903	0.003126136578107572	0.0031378012668318543	0.003149465955556136	0.003149465955556136	0.003149465955556136	0.0031611306442804184	0.0031727953330047	0.0031727953330047	0.003184460021728982	0.003184460021728982	0.003184460021728982	0.003184460021728982	0.003196124710453264	0.0032194540879018282	0.0032427834653503923	0.0032427834653503923	0.003254448154074674	0.00328944222024752	0.003301106908971802	0.003312771597696084	0.003336100975144648	0.003371095041317494	0.003382759730041776	0.0034294184849389038	0.003452747862387468	0.003476077239836032	0.003499406617284596	0.00352273599473316	0.0035344006834574417	0.0035577300609060058	0.0035927241270788516	0.0037443650804945177	0.003919335411358747	0.0040359822986015675	0.004175958563292951	0.004234282006914361	0.004315934827984335	0.004595887357367103	0.005179121793581202	0.005622379965103917	0.006555555063046476	0.007605377048231855	0.008363581815310184	0.009145115959837077	0.009471727244116972	0.009658362263705485	0.009891656038191124	0.010054961680331072	0.01015994387884961	0.010463225785680942	0.010731513626339426	0.011186436486586425	0.011653024035557704	0.012084617518356138	0.012551205067327417	0.013309409834405745	0.014125938045105485	0.015047448454323762	0.016948792716381725	0.02359766528922246	0.04458244030420575	0.09241932876248618	0.14416388794340107	0.17796815586637027	0.19583845899197025	0.2043770111381447	0.20907788069403033	0.21143414781633527
209115_HY55YBGXT_TCDM_1_E11_C14_2_3_i_CTCATA_S85_trim1 - polya	0.0004508532397562387	0.000976848686138517	0.0016531285457728753	0.0029305460584155515	0.005435286279283544	0.009117254403959493	0.014953299118581917	0.021140007464125858	0.02710128918979168	0.032411338458031826	0.03689482345338553	0.04100259741560904	0.04696387914127486	0.051973359583010845	0.05755893027554647	0.06344506979458625	0.06940635152025208	0.07484163779953562	0.08027692407881916	0.08618811100006762	0.0923497719434029	0.09828600626686003	0.10499871005878625	0.11090989698003471	0.11734707934766546	0.12385940392192224	0.1301463018763009	0.13553149335116707	0.14146772767462423	0.1466274925296123	0.15308972229945172	0.1602031845267168	0.16924529672405025	0.18001567967378262	0.1912870106676886	0.2039109013808633	0.2167602187139161	0.23166342302808066	0.24949717340066074	0.2668800705334846	0.28446334688397795	0.301595769994715	0.3195547573783385	0.33999343758062134	0.35990612233652186	0.3805702291586828	0.40471592488785024	0.42833562517063545	0.45435987606545386	0.48346495743193996	0.515776106281137	0.5483878239568383	0.5781942325851674	0.6068735081141059	0.6345508875546972	0.6658350929133385	0.699598991090639	0.7337135528988611	0.7675024984783703	0.802118008330766	0.8376352246626741	0.8768845039236756	0.9174112006973196	0.961369391573553	1.0048516818078213	1.0400432819110166	1.0694489321040068	1.0939703388663045	1.106844703601566	1.1114033308035458	1.1128560801316492	1.113256838566988	1.11340712298024	1.11340712298024	1.11340712298024
209115_HY55YBGXT_TCDM_1_E11_C14_2_3_i_CTCATA_S85_trim1 - polyg	0.0	0.0	0.0	2.5047402208679928e-05	0.0012273227082253164	0.002429598014241953	0.0024546454164506327	0.0024546454164506327	0.0024546454164506327	0.0024546454164506327	0.0024546454164506327	0.0024796928186593126	0.0024796928186593126	0.0024796928186593126	0.0024796928186593126	0.0024796928186593126	0.002504740220867993	0.0025297876230766726	0.0025297876230766726	0.0025297876230766726	0.0025297876230766726	0.0025548350252853525	0.0025548350252853525	0.0025798824274940323	0.0025798824274940323	0.0025798824274940323	0.0026049298297027125	0.0026299772319113924	0.002655024634120072	0.002655024634120072	0.002655024634120072	0.002680072036328752	0.0027051194385374322	0.002730166840746112	0.0027802616451634717	0.0028554038517895116	0.0028804512539981914	0.0029054986562068717	0.0029555934606242313	0.0030056882650415914	0.003130925276084991	0.003130925276084991	0.0032311148849197106	0.0032812096893370703	0.0033313044937544303	0.00335635189596311	0.00345654150479783	0.0035817785158412294	0.0036318733202585895	0.003782157733510669	0.0038823473423453886	0.003932442146762748	0.0041578687666408674	0.004283105777684267	0.004408342788727667	0.004558627201979746	0.0046588168108144664	0.004834148626275226	0.004934338235109945	0.005209859659405425	0.005435286279283544	0.005911186921248463	0.0064371823676307414	0.007088414825056419	0.008315737533281735	0.014327114063364918	0.04222992012383436	0.10860553597683616	0.21726116675808968	0.3155972678293671	0.3643144651252495	0.3872328381461917	0.39900511718427123	0.4058180105850322	0.40882369885007375
209116_HY55YBGXT_TCDM_1_F11_C14_2_1_i_CCGACC_S86_trim1 - polya	0.0009339446260339788	0.002140289767994535	0.003891435941808245	0.008191472657506357	0.01603271608024997	0.029146855204143757	0.04763117592773292	0.0691897310453506	0.08928899768479019	0.10382351092744398	0.11678199261366544	0.12933187352599704	0.1445668452381763	0.15610495280563777	0.16682585882531947	0.17805265151743627	0.18957130190518867	0.20056460844079696	0.21130497164018772	0.22231773535550506	0.23432281523598347	0.24588037998315398	0.2592474624432653	0.2720308295121054	0.28419156683025615	0.2972473344150228	0.3096999294288092	0.32275569701357587	0.336025493575142	0.35054054963808673	0.36509452006044957	0.3803100345929198	0.3977242104325117	0.41978865222256445	0.44023814809676676	0.4612324450028223	0.48249914242480435	0.5061979873104165	0.534761127123289	0.5618649784579834	0.5871787692594461	0.6128427892956715	0.6380203798391708	0.6638400573130685	0.691897310453506	0.720168592570743	0.7519421670356072	0.787256948207517	0.8225522721997178	0.8604937726323483	0.9025212808038773	0.9432062435754824	0.9847473222542855	1.0268721163243597	1.069522254246578	1.114312681936791	1.1609126273399448	1.2081741168532059	1.2564862940707553	1.30590753053172	1.3569242557288261	1.4101590994127629	1.464055487206807	1.5233609709599647	1.582569168814577	1.631114832188635	1.672130567015294	1.7050521150829916	1.7215323462965495	1.7267663276382816	1.7284591022729683	1.7293541325395843	1.7295487043366746	1.7295487043366746	1.7295487043366746
209116_HY55YBGXT_TCDM_1_F11_C14_2_1_i_CCGACC_S86_trim1 - polyg	0.0	0.0	0.0	3.8914359418082455e-05	0.0011090592434153499	0.001965175150613164	0.001965175150613164	0.001965175150613164	0.001965175150613164	0.001984632330322205	0.001984632330322205	0.001984632330322205	0.001984632330322205	0.001984632330322205	0.001984632330322205	0.002004089510031246	0.0020235466897402877	0.0020430038694493288	0.0020430038694493288	0.0020430038694493288	0.0020430038694493288	0.0020430038694493288	0.00206246104915837	0.00206246104915837	0.00206246104915837	0.00206246104915837	0.0021013754085764526	0.0021013754085764526	0.002140289767994535	0.002159746947703576	0.0021792041274126175	0.0022764900259578235	0.0022959472056668646	0.0023154043853759057	0.0023348615650849473	0.0023737759245030295	0.0030742343940285137	0.0067321841793282645	0.014378855804981466	0.018309206106207794	0.020371667155366164	0.02142235485965439	0.021986613071216587	0.02255087128277878	0.026208821068078533	0.037883128893503266	0.04624971616839099	0.05726247988370833	0.0745209982856279	0.08592290559512605	0.09298586182950802	0.09730535572491517	0.0984533293277486	0.09927053087552834	0.09989316062621766	0.10032121857981656	0.1008076480725426	0.10164430680003136	0.10267553732461054	0.10395971118540727	0.1054384568432944	0.10748146071274373	0.11067243818502649	0.1152059610572331	0.12036211368012903	0.1272888696565477	0.14480033139468482	0.2019071538407208	0.3457151690702445	0.5218804741559038	0.6417172439838886	0.7058481083048885	0.7432448077056658	0.7651535920580462	0.7755631832023833
209117_HY55YBGXT_TCDM_1_G11_A20_2_3_o_GGCCAA_S87_trim1 - polya	0.00040366684503358993	0.0007104536472591183	0.0016631074015383905	0.00426272188355471	0.008848377243136292	0.016582633993979874	0.02743319878848277	0.039607790834695844	0.0505552356720068	0.05961351967456056	0.06686337621136383	0.07480753972162489	0.08351059690054909	0.0902921998971134	0.0975904964553207	0.10427521940907696	0.11168654268389366	0.11822594557343782	0.1255888288268505	0.13295171208026318	0.13939423492699926	0.1469670249398294	0.1550403618405012	0.16367883232422004	0.17204280935331603	0.18106880000826708	0.18944892371116442	0.1978774874354658	0.20801759858270957	0.21756028279930362	0.2279910340749716	0.23872857215286508	0.2518396712795561	0.26793790505949566	0.28184019120245246	0.29575862401921066	0.31101723076148036	0.3264534509155648	0.34384341859961187	0.3592473454060937	0.37511952575281443	0.3920573865704239	0.4075581934197137	0.4246898143229393	0.44159538179294605	0.4619563374564403	0.48201050631770903	0.5053101566130479	0.5294655806198579	0.5558008055898493	0.5841382181112074	0.6146877249433494	0.6431866042027209	0.6693442157608974	0.697939975063077	0.7274560947719331	0.7578764282136644	0.7883290550029984	0.8193306687015781	0.8516724563256693	0.8858872581107164	0.922378740901753	0.9589993970832003	0.9998827751482022	1.0423162338981333	1.0764987423355776	1.1070321024939183	1.1327860472070614	1.1449283459056718	1.1492718011582332	1.15067656177895	1.151047935276381	1.1512094020143944	1.1512094020143944	1.1512094020143944
209117_HY55YBGXT_TCDM_1_G11_A20_2_3_o_GGCCAA_S87_trim1 - polyg	0.0	0.0	0.0	4.8440021404030794e-05	0.001162560513696739	0.0023412677011948216	0.002405854396400196	0.002405854396400196	0.002405854396400196	0.0024220010702015395	0.002438147744002883	0.002438147744002883	0.0024542944178042266	0.0024704410916055702	0.002486587765406914	0.0025350277868109445	0.002551174460612288	0.002551174460612288	0.0025673211344136317	0.0025834678082149757	0.0025834678082149757	0.0025834678082149757	0.0025834678082149757	0.0025996144820163193	0.0026319078296190065	0.0026319078296190065	0.0026642011772216936	0.0026642011772216936	0.002696494524824381	0.002728787872427068	0.002761081220029755	0.0027933745676324423	0.00287410793663916	0.002922547958043191	0.0029386946318445345	0.0029709879794472217	0.003003281327049909	0.003035574674652596	0.0030678680222552836	0.0031163080436593144	0.0031486013912620015	0.0031970414126660323	0.0032939214554740938	0.0033908014982821553	0.0034553881934875296	0.0034876815410902168	0.003536121562494248	0.003616854931500966	0.0036975883005076838	0.0038590550385211196	0.003988228428931868	0.004036668450335899	0.004165841840746648	0.004311161904958741	0.004343455252561428	0.004537215338177551	0.00471482874999233	0.004876295488005766	0.005102348921224576	0.005409135723450105	0.00569977585187429	0.0060872960231065365	0.0064748161943387825	0.00695921640837909	0.00794416351026105	0.011932391939192918	0.031437573891215986	0.08041043553069112	0.16716651386531026	0.2521787514293843	0.30294389386080856	0.32800353160049384	0.3413245374866023	0.3490910875850486	0.35295014262356966
209118_HY55YBGXT_TCDM_1_H11_C14_2_2_i_AGACCA_S88_trim1 - polya	0.0003015147346481888	0.000540213899578005	0.0010050491154939627	0.0017085834963397367	0.0038191866388770585	0.0066333241622601544	0.010113306724658001	0.013831988451985662	0.017462728381707603	0.02060350686762624	0.02301562474481175	0.025741820470589122	0.028832346500733057	0.03130727994763694	0.034058601901301666	0.03693555499440313	0.04021452773370219	0.04304122837102896	0.04574229786891898	0.04893332881061231	0.052350495803291784	0.05645863406287336	0.06122005424752601	0.06473772615175488	0.06826796116992742	0.0716348757068322	0.07467514928120143	0.07767773351373965	0.08086876445543298	0.08454975684092962	0.08883377869572263	0.09269065467643071	0.09735156994953398	0.10321854416122998	0.10826891596658714	0.11315596729067653	0.1186460480840623	0.1241235657635044	0.1305433169887221	0.13644798054224913	0.1423777703236635	0.1483075601050779	0.15435041791198534	0.16108424698579488	0.1679813965408722	0.17584590586961246	0.18399936681905724	0.19295686706089718	0.20186411484696243	0.2124799461293674	0.22397519538782962	0.23509355122798156	0.24614909149841516	0.2567523596668765	0.26775764748153535	0.27946646967704003	0.29035868946620585	0.30111271500199127	0.3125451486907351	0.3249323790391982	0.3378598232872393	0.3527848026523246	0.3680866754357202	0.3865795791608091	0.4052734927089968	0.42098994825253366	0.434294285918885	0.4465433220139677	0.4532017724041152	0.4555887640534133	0.4569330172453865	0.4575234836007392	0.4578249983353874	0.4578249983353874	0.4578249983353874
209118_HY55YBGXT_TCDM_1_H11_C14_2_2_i_AGACCA_S88_trim1 - polyg	0.0	0.0	2.512622788734907e-05	0.00012563113943674534	0.001432194989578897	0.002789011295495747	0.0028267006373267705	0.002839263751270445	0.0028518268652141195	0.002864389979157794	0.0028769530931014686	0.002889516207045143	0.002889516207045143	0.002889516207045143	0.002914642434932492	0.002914642434932492	0.002914642434932492	0.002952331776763516	0.0029648948907071903	0.0029648948907071903	0.0029648948907071903	0.003002584232538214	0.003027710460425563	0.003052836688312912	0.0030653998022565866	0.00310308914408761	0.0031282153719749592	0.0031407784859186338	0.0031407784859186338	0.0031784678277496574	0.003191030941693332	0.003191030941693332	0.0032287202835243555	0.0032789727392990536	0.0033292251950737517	0.003354351422961101	0.00337947765084845	0.003404603878735799	0.003404603878735799	0.0034422932205668225	0.003454856334510497	0.0034925456763415207	0.0036056137018345914	0.003668429271552964	0.003756371069158686	0.0038443128667644075	0.003969944006201153	0.004196080057187294	0.00432171119662404	0.004485031677891809	0.00457297347549753	0.004686041500990602	0.004786546412539998	0.004899614438033068	0.0050378086914134885	0.005138313602962885	0.005226255400568607	0.005364449653949026	0.005490080793385772	0.005653401274653541	0.0058418479838086585	0.006030294692963777	0.006168488946344196	0.0066835766180348526	0.00770118884747249	0.013668667970717894	0.033731960938766126	0.07138361342795871	0.1286588498971709	0.17621023617397902	0.20368576636879523	0.21657552127500532	0.2223545536890956	0.22578428379571874	0.22716622632952294
209119_HY55YBGXT_TCDM_1_A12_C14_2_3_o_CGCGGA_S89_trim1 - polya	0.00023189591789750792	0.0004251425161454312	0.0009404667781398933	0.002022647728328264	0.0043931393335027895	0.008206538872261809	0.01402970303279923	0.019466373996840803	0.024787097001933624	0.02906428837648766	0.03256849335805	0.03605981523306248	0.04121305785300711	0.04485897700661792	0.04864661033227722	0.05275632132168306	0.057110811335536256	0.06120763921839223	0.06539464884709724	0.06960742468890196	0.07374290189140752	0.0786127161672552	0.08339234869725383	0.08790143598970537	0.0925780036673051	0.0971386233859561	0.10167347689150737	0.10642734320840627	0.11085913186155866	0.11606390690770271	0.1216294089372429	0.12710472922093408	0.13389412637271111	0.14131479574543135	0.14922502316704636	0.15692912088386357	0.1653289063543733	0.17526178150431654	0.18645720109614625	0.19663485527053687	0.20750819719862001	0.21874226611009928	0.230027867447778	0.2424600652683944	0.25632228791604544	0.2697464849410012	0.2854638749318323	0.30246957557764953	0.3206347558129543	0.34011401291634497	0.3625435014196539	0.3845993798330169	0.4071963487214741	0.4294712399461847	0.4542325707350186	0.4800760824740409	0.5075428656383457	0.5350354150157502	0.5636359115564429	0.5922106418840358	0.6252429270778809	0.6593573932219142	0.6951724294305294	0.7351487090547497	0.7768770911697513	0.8114682322561295	0.842877246024692	0.8709495351968404	0.884476797074195	0.8889987674731964	0.8903772598740316	0.8910342983080745	0.8912404280128723	0.8912404280128723	0.8912404280128723
209119_HY55YBGXT_TCDM_1_A12_C14_2_3_o_CGCGGA_S89_trim1 - polyg	0.0	0.0	5.1532426199446206e-05	0.00011594795894875396	0.0012238951222368474	0.002306076072425218	0.002306076072425218	0.002306076072425218	0.002306076072425218	0.002306076072425218	0.0023189591789750793	0.0023189591789750793	0.0023189591789750793	0.0023189591789750793	0.0023189591789750793	0.0023189591789750793	0.0023189591789750793	0.0023318422855249407	0.0023447253920748025	0.0023704916051745257	0.002383374711724387	0.0023962578182742484	0.0023962578182742484	0.0024220240313739716	0.002447790244473695	0.0024864395641232793	0.0025122057772230025	0.0025379719903227257	0.0025766213099723103	0.0026023875230720334	0.0026281537361717566	0.0026796861623712026	0.0027054523754709257	0.0027441016951205107	0.002847166547519403	0.003310958383314419	0.004521970399001405	0.014905754278189815	0.04881409071742542	0.08261936230426213	0.09815638880339517	0.10430163062767912	0.10757393969134396	0.10928739286247555	0.11982577402026229	0.14045162760659063	0.1557438750812763	0.16793129387744532	0.17807029873218636	0.18321065824558114	0.18594187683415178	0.1883123684393263	0.18923995211091632	0.18970374394671136	0.19007735403665732	0.19050249655280277	0.1911981843064953	0.19181657342088865	0.19275704019902853	0.19414841570641359	0.19575880402514628	0.19760108826177647	0.19932742453945793	0.20150466954638452	0.20390092736465878	0.20619412033053414	0.20942778007454937	0.21487733414514082	0.22804386903909932	0.255149925220008	0.2874865226601605	0.30848598633643487	0.32372670138492105	0.33423931632960807	0.34015266223599455
209120_HY55YBGXT_TCDM_1_B12_C17_2_2_i_CCTGCT_S90_trim1 - polya	0.00029053526182892526	0.0005665437605664043	0.0012493016258643787	0.0026148173564603276	0.004851938872543053	0.009195441036885485	0.015253101246018577	0.022080679898998323	0.028385295080686	0.033978098870892814	0.038394234850692474	0.04291205817213226	0.04846128167306474	0.053255113493242	0.05759861565758444	0.06181137695410385	0.0666633158266469	0.070963237701715	0.07532126662914888	0.0799117237660459	0.08460386824458305	0.08932506624930307	0.09462733477768097	0.09995865683224174	0.10579841559500314	0.11105710383410669	0.11573472154955239	0.1205430801328211	0.12652810652649696	0.132193544132161	0.1386289001816717	0.14474466744317058	0.15250195893400287	0.162336577546912	0.17157559887307183	0.18184602037872433	0.1915644248869019	0.20344731709570493	0.21663761798273815	0.22939211597702797	0.24307632680917035	0.2564990559056667	0.2696021962141512	0.2836641028866712	0.2977695898484655	0.314257465957257	0.3313264125897064	0.34990614258366615	0.37065036027825143	0.3944161446958575	0.4214359240459476	0.44639290303705226	0.4718002116839918	0.496059906046707	0.5228617839504254	0.5512180255049285	0.5803441855032783	0.6118091543593509	0.6425768385870341	0.6756252246200743	0.7107654645382828	0.7486367359176832	0.7866387481649066	0.8298122880726849	0.872811506823366	0.90901220044725	0.9413633018519008	0.9673662077855896	0.9799609113858735	0.9842317797347587	0.985510134886806	0.9859168842533665	0.9861202589366468	0.9861202589366468	0.9861202589366468
209120_HY55YBGXT_TCDM_1_B12_C17_2_2_i_CCTGCT_S90_trim1 - polyg	0.0	0.0	0.0	2.905352618289253e-05	0.0008716057854867759	0.0015107833615104116	0.0015253101246018577	0.001539836887693304	0.001539836887693304	0.0015688904138761966	0.0015688904138761966	0.0015834171769676427	0.001597943940059089	0.001597943940059089	0.001597943940059089	0.0016269974662419817	0.0016269974662419817	0.0016269974662419817	0.0016269974662419817	0.0016269974662419817	0.001656050992424874	0.001656050992424874	0.0016705777555163204	0.0016996312816992128	0.0016996312816992128	0.0017286848078821055	0.0017286848078821055	0.0017432115709735518	0.0017432115709735518	0.0017722650971564442	0.0018013186233393368	0.0018448989126136756	0.001859425675705122	0.0018884792018880143	0.0019030059649794606	0.0019465862542537994	0.0019611130173452455	0.0021209074113511545	0.0023533356208142947	0.002440496199362972	0.0024986032517287575	0.0026148173564603276	0.0026729244088261124	0.0027600849873747903	0.0030942005384780543	0.003907699271599045	0.004343502164342433	0.0052877417652864404	0.0071181139148086695	0.008687004328684866	0.009950832717640691	0.010415689136566972	0.010662644109121558	0.01092412584476759	0.011098447001864947	0.01131634844823664	0.011694044288614243	0.012217007759906308	0.012885238862112836	0.013771371410691059	0.014875405405640975	0.015717957664944857	0.017098000158632252	0.018608783520142665	0.02014862040783597	0.023693150602148858	0.03932394768854504	0.08880210277801101	0.19484747334556873	0.3027232160626487	0.3646508071214841	0.3949100546409667	0.41103476167247205	0.41951839131787666	0.4238618934822191
209121_HY55YBGXT_TCDM_1_C12_A03_2_3_o_GCGCTG_S91_trim1 - polya	0.00014784391821865819	0.000316808396182839	0.0008131415502026201	0.0017635667387511371	0.003379289559283616	0.006378409043147825	0.01048635791365197	0.014816072661484103	0.018776177613769592	0.023000289562874112	0.026527423040376384	0.030117918197115227	0.03470107966189363	0.03791140474321306	0.04126957374275116	0.04449045910394336	0.04798591174182735	0.051608087738184476	0.05496625673772257	0.05809209958005991	0.06160867277768942	0.0653786926922652	0.06902198924836786	0.0724752007667608	0.07647754683853733	0.08028980787260416	0.08397534554819786	0.08779816686213744	0.09143090313836734	0.09546493004976216	0.09982632563721257	0.10437780626237268	0.10927777612333393	0.11511761089297093	0.12059839614693404	0.12682896127186322	0.13320737031501104	0.1405045237070891	0.1489105064858071	0.1575593757015986	0.16585975568158898	0.17450862489738048	0.1835059833489731	0.19311583803318588	0.2031058627928181	0.21402519218125327	0.22554645752243585	0.23878904848287852	0.25301374547148797	0.268452874645465	0.28609910231284913	0.30341796130417764	0.3205995366571603	0.3365138784254116	0.35308295754577407	0.3709720716502317	0.38867110071697963	0.4075951222489679	0.42666698769917477	0.4466787180580575	0.4676408736054886	0.4900286669357426	0.5152254947121511	0.5433158391736961	0.5721982046256983	0.5961277988173754	0.6199729107700704	0.6401852864465355	0.6494044107754562	0.6530265867718132	0.6544416642747632	0.655033039947638	0.6552970469444569	0.6552970469444569	0.6552970469444569
209121_HY55YBGXT_TCDM_1_C12_A03_2_3_o_GCGCTG_S91_trim1 - polyg	0.0	0.0	5.28013993638065e-05	0.0001372836383458969	0.0019853326160791246	0.003347608719665332	0.003389849839156377	0.0034109703989019	0.0034215306787746614	0.0034320909586474223	0.0034320909586474223	0.0034426512385201838	0.003463771798265706	0.0034954526378839904	0.0035060129177567514	0.0035271334775022743	0.0035376937573750353	0.0035482540372477967	0.0035693745969933195	0.0036116157164843648	0.0036538568359754096	0.003664417115848171	0.003664417115848171	0.003696097955466455	0.0037172185152119777	0.003759459634703023	0.0037805801944485453	0.0037911404743213068	0.003833381593812352	0.003865062433430636	0.0038967432730489197	0.0039284241126672035	0.0039389843925399645	0.003970665232158249	0.004023466631522055	0.004065707751013101	0.0040973885906313845	0.004129069430249668	0.004150189989995191	0.004192431109486236	0.0042769133484683265	0.004298033908213849	0.00438251614719594	0.0044564381063052685	0.004583161464778404	0.004593721744651166	0.004614842304396688	0.004657083423887733	0.004741565662869824	0.004836608181724675	0.004942210980452289	0.005100615178543708	0.005259019376635127	0.00543854413447207	0.005596948332563489	0.005955997848237373	0.0063678487632750636	0.006938103876404174	0.007571720668769852	0.008247578580626575	0.009166322929556808	0.010127308397978086	0.011088293866399365	0.012080960174438927	0.01372836383458969	0.01950483692499012	0.038312695378377996	0.07857904253321683	0.14769607430043954	0.20861832888639947	0.24384742254193117	0.2607861114578403	0.26980459046917843	0.2742082271761199	0.27643644622927255
209122_HY55YBGXT_TCDM_1_D12_C17_2_3_i_GAACCT_S92_trim1 - polya	0.00027614163856925497	0.0005271794918140321	0.0012300854808994083	0.002886935312314938	0.006301050116443908	0.011372014751988409	0.019229499558549936	0.02962246668288371	0.03931252781813211	0.046442002850283784	0.05219076968958918	0.0579144327435701	0.0643410017866364	0.06953748534880329	0.07423189320448062	0.07945348055197199	0.08525245496192635	0.09034852338279532	0.09551990315963774	0.10084190564842702	0.10666598384370585	0.11228923175638884	0.11929318786191813	0.12619672882614952	0.13237226001597102	0.13844737606449464	0.14429655804509794	0.15004532488440334	0.1568484507073368	0.16375199167156818	0.17078105156242193	0.17846280987171212	0.18744996501787514	0.200579244742577	0.21087179672561288	0.22171663198578725	0.23233553317804131	0.2446112842017109	0.2583932623448492	0.27174847613747133	0.28603252998709916	0.2998145081302374	0.31279316514299244	0.32602286000899217	0.3399805646494018	0.3552185623413598	0.3739961937640691	0.3918449851297728	0.4117522868920836	0.434370797469438	0.45799345945977155	0.4808630078903708	0.5025526784107195	0.5250456700614515	0.5478901147067263	0.5699814457922667	0.5950350235460955	0.6202141202265467	0.6452676979803754	0.6713003233618587	0.698060958517752	0.7272566608501196	0.7584104584377964	0.7943088714517996	0.8296298974033398	0.8605828647084208	0.8873686036496385	0.9103887747921846	0.9215097516909282	0.9255514611281691	0.9266811314677706	0.9273087261008826	0.9274593488128294	0.9274593488128294	0.9274593488128294
209122_HY55YBGXT_TCDM_1_D12_C17_2_3_i_GAACCT_S92_trim1 - polyg	0.0	0.0	0.0	7.531135597343317e-05	0.0010041514129791088	0.0019580952553092624	0.0019580952553092624	0.0019580952553092624	0.0019580952553092624	0.0019580952553092624	0.00198319904063374	0.00198319904063374	0.00198319904063374	0.00198319904063374	0.00198319904063374	0.0020585103966071733	0.002083614181931651	0.0021087179672561285	0.0021087179672561285	0.0021087179672561285	0.0021087179672561285	0.0021087179672561285	0.0021338217525806065	0.0021338217525806065	0.002158925537905084	0.002158925537905084	0.002158925537905084	0.002158925537905084	0.002158925537905084	0.0021840293232295617	0.002259340679202995	0.0023095482498519506	0.0023095482498519506	0.0023597558205009058	0.002384859605825384	0.0024099633911498614	0.0024601709617988166	0.0024852747471232946	0.0025103785324477722	0.0025605861030967274	0.0026358974590701607	0.0026358974590701607	0.0026610012443946387	0.0026861050297191163	0.002711208815043594	0.0028116239563415048	0.0028618315269904604	0.0029622466682883712	0.0031379731655597153	0.0032132845215331485	0.003439218589453448	0.0035898413014003143	0.003865982939969569	0.004016605651916435	0.004091917007889869	0.004192332149187779	0.004317851075810168	0.0045939927143794235	0.004995653279571067	0.0053220024887892774	0.005748766839305398	0.006125323619172564	0.006627399325662119	0.007531135597343317	0.008987155146163025	0.01940522605582128	0.057788913816947715	0.14610403058846033	0.29416615643222993	0.4232498205706944	0.49901304467996815	0.5337566835690454	0.5512540219402063	0.5594880635266349	0.5632034237546577
209123_HY55YBGXT_TCDM_1_E12_A03_2_2_o_TTCGAG_S93_trim1 - polya	0.0002728951397215089	0.000353158416110188	0.0007705274533313192	0.001669476148884525	0.0032105310555471636	0.0062926408688724405	0.010658963104416583	0.01539449641134865	0.019841081923281472	0.024014772295492783	0.027706883009372022	0.03139899372325126	0.03600610578796144	0.03997111164156219	0.04412874935849576	0.048671650802095	0.053359026143193856	0.05806245413957045	0.06255719761733648	0.06681115126593648	0.07114536819092515	0.07616984929285646	0.08130669898173191	0.0865398646022738	0.09235092581281416	0.09812988171279906	0.1033469946780632	0.10846779171166092	0.11429490557747903	0.12033070396190769	0.1263825550016141	0.1323862480754873	0.13855046770213786	0.1465125847198948	0.1548439128090397	0.16458787456262533	0.17399473055537854	0.18508711535229397	0.19847502985392565	0.21292241960388789	0.22720928280107278	0.24192956769075652	0.2565856419593293	0.2724938233395655	0.28862674189369003	0.3066057158047541	0.3267036402124794	0.34774867128159104	0.37057554708653134	0.39611532163340907	0.42555589141277655	0.45205882527631835	0.47817649541319457	0.503122321714796	0.5289670967119506	0.5566900323766004	0.5850871795629151	0.6162935414228335	0.6470985869008086	0.6780641589315609	0.7099286796578665	0.7457421535824952	0.7813469429885131	0.8198091050339682	0.8622844308988572	0.8979373782707084	0.9305082158292344	0.9574927293511083	0.9697409053280207	0.9735935425946773	0.9746369651877301	0.97513459750134	0.9752309134330064	0.9752309134330064	0.9752309134330064
209123_HY55YBGXT_TCDM_1_E12_A03_2_2_o_TTCGAG_S93_trim1 - polyg	0.0	0.0	1.6052655277735818e-05	8.026327638867909e-05	0.0009952646272196207	0.0019744765991615057	0.0020065819097169774	0.0020065819097169774	0.0020065819097169774	0.002022634564994713	0.0020547398755501847	0.0020547398755501847	0.0020547398755501847	0.0020707925308279204	0.0020707925308279204	0.0020707925308279204	0.0020707925308279204	0.0020707925308279204	0.0020868451861056564	0.002102897841383392	0.002118950496661128	0.0021350031519388637	0.0021350031519388637	0.0021510558072166	0.002199213773049807	0.0022473717388830144	0.002279477049438486	0.002279477049438486	0.0023115823599939578	0.0023276350152716934	0.0023436876705494295	0.002375792981104901	0.0023918456363826368	0.0024400036022158445	0.0024721089127713158	0.002536319533882259	0.002568424844437731	0.002568424844437731	0.002584477499715467	0.002632635465548674	0.002664740776104146	0.0027289513972150892	0.0027771093630482965	0.00284131998415924	0.002905530605270183	0.0029536885711033906	0.0029857938816588623	0.003050004502769805	0.0031142151238807486	0.0032907943319358426	0.0034834261952686723	0.0035797421269350873	0.0036760580586015024	0.003788426645545653	0.003997111164156218	0.004205795682766784	0.00471948065165433	0.005088691723042254	0.005602376691929801	0.0062123775924837615	0.00717553690914791	0.008186854191645268	0.009278434750531302	0.010562647172750168	0.01224817597691243	0.017336867699954683	0.03693715979407012	0.08145117287923154	0.1536399636632095	0.21748137370276485	0.25119194978601006	0.2670198678898576	0.2749498795970591	0.2795569916617693	0.2815314682609308
209124_HY55YBGXT_TCDM_1_F12_C17_2_2_o_AGAATC_S94_trim1 - polya	0.0003003433470535635	0.0005870347237865105	0.0011467655069317879	0.0026484822421996056	0.005433484187605376	0.010075154096614993	0.0157816776906327	0.02193871630523075	0.02741315640379798	0.03277838073980027	0.03744735458945112	0.04223919617198752	0.04787745991440215	0.05242356603116745	0.05649185318671117	0.06152943023501867	0.0661847521143489	0.0713861528065038	0.075686523457498	0.08049201701035502	0.08547498617738004	0.09074464672113802	0.09645117031515574	0.10152970327442508	0.10730448672004587	0.11328404972047591	0.11860831814551635	0.1239325865705568	0.12966641410521573	0.1350043345005768	0.1406425982429914	0.14652659745117713	0.15411709294943993	0.16286800592495512	0.17140048737534044	0.1802879200540618	0.19026751035843248	0.2004518802176124	0.2124383101591137	0.22413804872388207	0.2358104833480092	0.2473737022095714	0.2596195195871644	0.2720018566679636	0.28508044423511425	0.29900545396214306	0.3146642639198902	0.33171557485034026	0.34929931262329433	0.36920388535075327	0.3910606898340603	0.41226219974197775	0.43502003426644553	0.454583307735889	0.4760032491689363	0.4980648332070526	0.5218602174758872	0.5465156758749207	0.5723315517512065	0.5967412746844688	0.6261885746660387	0.6583662687117319	0.6913084730953795	0.7261209974129517	0.7621758510296999	0.7918552345067201	0.8170977276295401	0.8402378173229852	0.8506679226479361	0.8545314302486706	0.8560877548652209	0.8567430494406105	0.8568795691438167	0.8568795691438167	0.8568795691438167
209124_HY55YBGXT_TCDM_1_F12_C17_2_2_o_AGAATC_S94_trim1 - polyg	0.0	0.0	2.7303940641233046e-05	6.825985160308262e-05	0.0013105891507791863	0.0024300507170697413	0.0024437026873903576	0.0024437026873903576	0.002457354657710974	0.0024710066280315907	0.002484658598352207	0.002525614509314057	0.002525614509314057	0.002539266479634673	0.0025665704202759063	0.0026211783015583725	0.002634830271878989	0.0026484822421996056	0.002662134212520222	0.0026757861828408387	0.0027030901234820714	0.002716742093802688	0.002716742093802688	0.002716742093802688	0.0027440460344439212	0.0027440460344439212	0.0027576980047645376	0.0027713499750851543	0.0027850019454057707	0.00282595785636762	0.00286691376732947	0.002894217707970703	0.0029078696782913194	0.0029351736189325525	0.0029624775595737856	0.0030170854408562518	0.0031263012034211837	0.00349490440207783	0.004409586413559137	0.0049010573451013315	0.005242356603116745	0.005474440098567226	0.005706523594017706	0.005897651178506338	0.006730421368063946	0.008409613717499778	0.010238977740462393	0.012887459982661997	0.016737315613075857	0.018744155250206486	0.019576925439764095	0.02053256336220725	0.020819254738940196	0.020983078382787596	0.02126976975952054	0.02140628946272671	0.021542809165932875	0.021761240691062736	0.02210253994907815	0.02241653526645233	0.02289435422767391	0.023781732298513984	0.024669110369354055	0.02591143966853016	0.027317592611553664	0.0302391142601656	0.04040983214902491	0.0701574754776483	0.13697021822674557	0.21310725670482392	0.2634284193066164	0.28775623041795506	0.301394548768251	0.30820688195823864	0.3114287469539041
209125_HY55YBGXT_TCDM_1_G12_X8_415_3_i_AGGCAT_S95_trim1 - polya	0.00013516041378549719	0.0002297727034353452	0.0006082218620347373	0.0014327003861262701	0.0028654007722525403	0.004946871144549197	0.008028528578858532	0.011461603089010161	0.01489467759916179	0.018030399198985324	0.02058493101953122	0.023288139295241164	0.02635628068817195	0.029045972922503344	0.031978953901648635	0.03470919426011568	0.037466466701339816	0.04025077122532106	0.04315672012170925	0.04610321714223309	0.049211906659299524	0.051915114935009464	0.05514544882448285	0.058362266672577684	0.061727760975836564	0.06532302798253078	0.06917509977541746	0.07298662344416848	0.07632508566467026	0.08001496496101433	0.08435361424352879	0.08853007102950065	0.09440954902916977	0.10059989598054556	0.10697946751122102	0.11362935986946748	0.12019815597944264	0.12764549477902354	0.1366336622957591	0.14489196357805298	0.1539747433844384	0.16320619964598784	0.1723835917420231	0.182142173617336	0.1922792046512483	0.20328126233338775	0.21618908184990274	0.23078640653873644	0.2460325012137405	0.2627112962748709	0.28329622729440207	0.3030296477070847	0.32314151727836665	0.34265868102899244	0.3630003233037098	0.38508553491626	0.4072653588184601	0.4304588858240514	0.4537875732434282	0.4780623835593035	0.5044321802888541	0.5336808938320357	0.563564861320009	0.5965710343664274	0.6304692661438301	0.6586366963767277	0.6843306910373508	0.7071187368015855	0.7186884682216241	0.7226892164696749	0.7241489489385582	0.7248788151729999	0.7250815557936782	0.7250815557936782	0.7250815557936782
209125_HY55YBGXT_TCDM_1_G12_X8_415_3_i_AGGCAT_S95_trim1 - polyg	0.0	0.0	0.0	5.406416551419887e-05	0.0006622860275489362	0.0013786362206120713	0.0013786362206120713	0.0014191843447477204	0.00144621642750482	0.0014732485102619192	0.001486764551640469	0.001486764551640469	0.001527312675776118	0.0015543447585332176	0.001581376841290317	0.001581376841290317	0.0016084089240474165	0.0016219249654259662	0.0016219249654259662	0.0016219249654259662	0.0016354410068045158	0.0016354410068045158	0.0016354410068045158	0.0016354410068045158	0.0016624730895616153	0.0016895051723187146	0.0016895051723187146	0.0017030212136972644	0.0017030212136972644	0.0017165372550758142	0.0017165372550758142	0.0017165372550758142	0.0017165372550758142	0.001730053296454364	0.0017570853792114633	0.0017570853792114633	0.0017570853792114633	0.0017976335033471126	0.0018246655861042119	0.0018516976688613114	0.0018516976688613114	0.0019057618343755103	0.00191927787575406	0.0019733420412682587	0.0020409222481610075	0.0020814703722966564	0.002149050579189405	0.002243662868839253	0.0023247591171105513	0.0023923393240033	0.002500467655031698	0.0025680478619244463	0.002595079944681546	0.0026626601515742946	0.0027032082757099435	0.0027707884826026923	0.002905948896388189	0.0030275932687951366	0.0031357215998235348	0.0033249461791232306	0.0035141707584229265	0.0037304274204797224	0.003987232206672167	0.0044197455307857575	0.005190159889363092	0.009718033751177248	0.02489654821928858	0.057362079610565005	0.110642314724808	0.15573182876364985	0.18100682614153782	0.1919007554926489	0.1971179474647691	0.19984818782323613	0.20132143633349806
209126_HY55YBGXT_TCDM_1_H12_X8_415_3_o_ACACGC_S96_trim1 - polya	0.00039499481718921687	0.0010174108927601042	0.0020587608653498575	0.004440699308399984	0.009192606654585411	0.01664963002152123	0.026644195850399902	0.037931471990079645	0.049266626289418684	0.057848786408348035	0.06517414483622079	0.07273889406239004	0.0818118053178272	0.08888580340748863	0.09536132450140881	0.10146578985796945	0.10796525003171928	0.1147878877831694	0.12188582495266047	0.12907951844147014	0.13663229812772457	0.14430477321312724	0.15334177584881992	0.16101425093422259	0.16946474611408888	0.17823841887165542	0.1859228634969729	0.19387063800041654	0.2027041584575572	0.2108793542193825	0.22047892523107196	0.2310480289758622	0.24306544705034627	0.2582547932022589	0.2729533882176637	0.2867063895797973	0.3008184771393757	0.3169534169445595	0.3348000009575632	0.3506237327249615	0.366710794370486	0.3832167899130293	0.3991961256993204	0.4165160499560718	0.4339317305321418	0.45258027371943876	0.47331151685191525	0.4945095720410699	0.5179698702741264	0.5425672747990913	0.5719884039097305	0.5993148635352754	0.6252887651504452	0.6509873673475739	0.6760276448493873	0.7034737998740804	0.7310516198378366	0.7597426070136716	0.7878949648933394	0.8167894342477264	0.8468210098940216	0.8815925233465876	0.9163640367991536	0.9550495898038671	0.9948483100206594	1.026016991958863	1.0532476952650893	1.0762411814414679	1.0892520713288822	1.093980039595238	1.0958712269017803	1.0968766682546256	1.0970921199730925	1.0970921199730925	1.0970921199730925
209126_HY55YBGXT_TCDM_1_H12_X8_415_3_o_ACACGC_S96_trim1 - polyg	0.0	0.0	4.787815965929902e-05	9.575631931859803e-05	0.0010054413528452794	0.0021186085649239814	0.002142547644753631	0.002142547644753631	0.00219042580441293	0.00219042580441293	0.0022143648842425797	0.002274212583816703	0.0022981516636463527	0.0023220907434760023	0.0023220907434760023	0.002334060283390827	0.002334060283390827	0.002346029823305652	0.0023579993632204766	0.0023699689031353014	0.002381938443050126	0.0024058775228797753	0.0024058775228797753	0.0024178470627946	0.0024537556825390745	0.0025136033821131984	0.0025136033821131984	0.002525572922028023	0.002525572922028023	0.0025495120018576727	0.0025734510816873223	0.0025854206216021467	0.002621329241346621	0.002633298781261446	0.00266920740100592	0.002729055100580044	0.0027769332602393428	0.0028487504997282915	0.002968445898876539	0.0031958671572582093	0.0033395016362361063	0.0033873797958954054	0.0034352579555547045	0.003554953354702952	0.003926009092062519	0.004632211947037179	0.005015237224311572	0.0066790032724722125	0.008833520457140668	0.010162139387686215	0.011490758318231764	0.01193363129508028	0.012196961173206424	0.01236453473201397	0.012568016910565992	0.012819377248777311	0.013058768047073807	0.013262250225625827	0.013501641023922322	0.013932544460856013	0.014339508817960055	0.014866168574212345	0.015859640387142798	0.017463558735729315	0.019857466718694268	0.02900219521362038	0.07887926803869513	0.21998817409456414	0.49901011904904397	0.7727415273611713	0.932798215102208	1.0076676872694368	1.0449168954843713	1.0631704438544791	1.0706274672214149
209127_HY5CNBGXT_TCDM_2_A01_X4_46_1_o_CAGCGT_S1_trim1 - polya	0.0001628390997033275	0.0004070977492583188	0.0008141954985166376	0.0018319398716624346	0.003989557942731524	0.007083500837094747	0.011683705403713749	0.015876812221074434	0.019561046851862218	0.023143507045335424	0.026033901065069486	0.029901329683023514	0.033178466564552984	0.0363945387836937	0.040587645601054385	0.044495783993934244	0.04846498704920285	0.05192531791789856	0.055955585635555916	0.059863724028435775	0.06426037972042561	0.06963407001063543	0.07529272872532607	0.08062570924061004	0.08608081908067151	0.09175983268282506	0.09658394101153613	0.10079740271635973	0.10562151104507081	0.11130052464722436	0.11771231419804287	0.12402232931154682	0.13130937902327072	0.13904423625917878	0.14743044989390014	0.1546157251683095	0.16261519594123544	0.17183595996193637	0.18331611649102095	0.19343249556009018	0.2033046159796044	0.21449980408420816	0.223740922992372	0.2326767185885921	0.24293558186990175	0.2536626075628584	0.264430343030741	0.2766025657335647	0.2883066260247414	0.30141517355085923	0.31548040078773415	0.3280190114648904	0.34023194394263995	0.3499819350373767	0.35879560130881927	0.3676703322426506	0.37662648272633364	0.38572511742225707	0.3938263626324976	0.40190725295527524	0.41114837186343905	0.4204912652089175	0.4312590006768	0.443858676016345	0.4569061588800741	0.46767389434795664	0.47601939820775213	0.48145415316035073	0.4851790975660643	0.487194231424893	0.48894475174670377	0.48994214123238666	0.49028817431925625	0.49028817431925625	0.49028817431925625
209127_HY5CNBGXT_TCDM_2_A01_X4_46_1_o_CAGCGT_S1_trim1 - polyg	0.0	0.0	8.141954985166375e-05	0.00018319398716624345	0.0019133594215140983	0.003439975981232794	0.0035010406436215414	0.0035213955310844573	0.0035824601934732053	0.0036435248558619533	0.0036435248558619533	0.003684234630787785	0.003704589518250701	0.003704589518250701	0.0037452992931765326	0.0037452992931765326	0.0037452992931765326	0.003786009068102365	0.0038267188430281965	0.0038267188430281965	0.0038674286179540287	0.003928493280342777	0.003989557942731524	0.004091332380046104	0.004132042154971935	0.004172751929897768	0.004193106817360684	0.004335591029601095	0.004335591029601095	0.004376300804526927	0.004478075241841507	0.004539139904230254	0.004579849679156086	0.0046205594540819185	0.004640914341544834	0.004783398553785245	0.005109076753191901	0.005373690290209808	0.007510953473815982	0.010218153506383802	0.011459801641621675	0.012294352027601227	0.01268109488939663	0.013413870838061604	0.016467103957498994	0.02125050251128424	0.024609058942665372	0.030247362769893087	0.03724944405713617	0.04148326064942268	0.0436815884954176	0.044638268206174656	0.04500465618050714	0.04526926971752505	0.045574593029468785	0.04567636746678337	0.04587991634141253	0.046205594540819184	0.046592337402614585	0.046979080264409986	0.047467597563519974	0.04787469531277829	0.04838356749935119	0.04870924569875784	0.049421666759959904	0.0503172818083282	0.0526173840916377	0.059517690941566205	0.07999470772925964	0.12039915934314778	0.16839598398070357	0.20014960842285243	0.22184791845832083	0.23542462839608574	0.24299664653229047
209128_HY5CNBGXT_TCDM_2_B01_X8_415_2_i_GATCAC_S2_trim1 - polya	9.470529527295882e-05	0.00022097902230357056	0.0005998002033954058	0.001041758248002547	0.0020677322801262673	0.004151248776131361	0.006518881157955332	0.009233766289113484	0.011364635432755057	0.013479720360517804	0.01551588420888642	0.01778881129543743	0.02007752259786727	0.02216103909387236	0.0244497503963022	0.026754245914610866	0.02959540477279963	0.031978821370502425	0.03437802218408405	0.03674565456590802	0.03920799224300495	0.042128072180587846	0.044779820448230694	0.047321079204721755	0.05032008022169878	0.053177023295766374	0.05634965068741049	0.05936443592026635	0.06312107929942705	0.06727232807555841	0.07159720322635686	0.07615884161533772	0.08149390658238106	0.08657642409536317	0.09325314741210677	0.10008771288763864	0.10809031033820365	0.11691368701446765	0.127615385380312	0.13710169912348671	0.1480085922957558	0.15959420675081443	0.17009071031023404	0.18136064044771613	0.192378023131137	0.2038847165068015	0.2166383629368933	0.23038641496735113	0.24394505640726308	0.25968191963845305	0.27786533633086113	0.29420199976544653	0.30793426758002557	0.3194883136033266	0.3293534485275931	0.34060759444919636	0.3517986035072843	0.36259500716840165	0.37280739484200237	0.3820095926993582	0.39155904330604824	0.4031130893293492	0.4170663361662318	0.43307153106736185	0.44966074195600847	0.46320359918004156	0.4734949079330364	0.48001378909099174	0.48457542747997256	0.48669051240773537	0.48807952340507205	0.48885294998313455	0.4890739290054381	0.4890739290054381	0.4890739290054381
209128_HY5CNBGXT_TCDM_2_B01_X8_415_2_i_GATCAC_S2_trim1 - polyg	0.0	0.0	1.578421587882647e-05	0.00017362637466709116	0.0021782217912780528	0.004040759264979576	0.004040759264979576	0.004040759264979576	0.004040759264979576	0.004040759264979576	0.004072327696737229	0.004135464560252535	0.004151248776131361	0.004167032992010188	0.004214385639646667	0.0042459540714043205	0.0043248751507984524	0.004340659366677279	0.004388012014313759	0.004403796230192584	0.004419580446071411	0.004419580446071411	0.004466933093707891	0.004498501525465544	0.00451428574134437	0.004577422604859676	0.004624775252496155	0.004656343684253808	0.004703696331890288	0.004719480547769114	0.00478261741128442	0.0047984016271632466	0.004814185843042073	0.004845754274799726	0.004845754274799726	0.004861538490678553	0.004972028001830338	0.005003596433587991	0.0050193806494668175	0.005066733297103296	0.005082517512982123	0.0052087912400127345	0.005271928103528041	0.005398201830558652	0.005477122909952785	0.0055718282052257435	0.005603396636983397	0.005713886148135182	0.005871728306923446	0.005950649386317578	0.006029570465711711	0.006092707329227017	0.006140059976863496	0.006155844192742323	0.006250549488015282	0.006361038999167067	0.006408391646803547	0.006503096942076505	0.006582018021470637	0.006724075964380075	0.006802997043774208	0.006913486554925993	0.007102897145471911	0.007244955088381349	0.007813186860019103	0.009975624435418329	0.017457342761982075	0.041102098148464127	0.07503816228794104	0.1077588418047483	0.13055124953377373	0.1419790218300441	0.14740879209236038	0.1503446562458221	0.15198621469722007
209129_HY5CNBGXT_TCDM_2_C01_X8_415_2_o_ACCAGT_S3_trim1 - polya	0.00023496962262368088	0.00030210380051616114	0.00041958861182800155	0.0009734455794409636	0.0017454886252044866	0.0031385228164734517	0.0046322582745811375	0.006444881077678104	0.007619729190796508	0.008861711481807394	0.010271529217549478	0.011782048220130284	0.013661805201119731	0.015356943192904857	0.016800328017593184	0.01849546600937831	0.020324872356948395	0.022254979971357204	0.02406760277445417	0.02633338127832538	0.028515242059830987	0.030831371197121555	0.033818842113336925	0.03635315732877806	0.039055307988950384	0.0422441814388432	0.04513095108821985	0.04805128782654274	0.05113946000959683	0.05441225118185524	0.0585577866667159	0.062904724685254	0.06800692220508249	0.07349514124779276	0.07898336029050301	0.08559607681291231	0.09331650727054755	0.10133904152869894	0.1101000517436676	0.11845825689128141	0.1271689164728307	0.13621524694384243	0.14453988500250997	0.1533344623064249	0.1621290396103398	0.1714942574263408	0.1822021588001914	0.19296041080746135	0.2036179615478926	0.21521539077881857	0.2291289491470351	0.24138093661241275	0.25183708481916656	0.26162189124699553	0.2702989837395986	0.2797984699113846	0.2885091294929339	0.29747154224158	0.3060815005562906	0.3148760778602055	0.32429164630962587	0.3344456907158635	0.34652984273650994	0.3611483099725975	0.37465906327345916	0.3853166140138904	0.39265102294864385	0.39797140654662294	0.4010763622741501	0.4029225521661933	0.404130967368258	0.4047351749692903	0.40483587623612904	0.40483587623612904	0.40483587623612904
209130_HY5CNBGXT_TCDM_2_D01_X4_46_3_o_TGCACG_S4_trim1 - polya	8.419886964701476e-05	0.0001683977392940295	0.0005051932178820886	0.0012124637229170125	0.0026438445069162635	0.0044962196391505884	0.006887467537125808	0.009278715435101026	0.01094585305411192	0.012949786151710871	0.01460008399679236	0.016351420485450265	0.018473232000555038	0.02040980600243638	0.0222453413607413	0.02475446767622234	0.027448831504926812	0.02994111804647845	0.0325344432316065	0.03489201158172292	0.037384298123274554	0.039943943760543804	0.04282354510247171	0.04612414079263469	0.04912162055206841	0.05201806166792572	0.054796624366277205	0.05836665643931063	0.06116205891159152	0.06451317392354271	0.06865575831017584	0.07276466314895015	0.07788395442348865	0.08339056049840342	0.08968863594800013	0.09595303184973802	0.10282365961293442	0.10967744760220142	0.11757530157509141	0.12508584074760512	0.13249534127654244	0.1402753168319266	0.14800477306552254	0.1567614555088121	0.1653497402128076	0.17530204660508475	0.18626473943312605	0.19776630502690828	0.2087121580810202	0.22002848616157897	0.23307931095686626	0.24501871067281297	0.25544253073511336	0.2645865279787792	0.2724001830820222	0.28156102009961737	0.2901156252557541	0.29860287131617314	0.30655124461085137	0.3152742475062821	0.3235425765056189	0.3344379102379426	0.3445080950477256	0.3581314721566126	0.3723442413530287	0.3836268898857287	0.3917605006936303	0.39726710676854504	0.40068558087621386	0.40319470719169487	0.4046597675235529	0.4053838778025173	0.4055522755418113	0.4055522755418113	0.4055522755418113
209130_HY5CNBGXT_TCDM_2_D01_X4_46_3_o_TGCACG_S4_trim1 - polyg	0.0	0.0	0.0	0.0001683977392940295	0.0018186955843755188	0.0033005956901629788	0.0033679547858805905	0.0034016343337393965	0.003452153655527605	0.0034689934294570082	0.003553192299104023	0.0036205513948216347	0.0036879104905392468	0.0037047502644686494	0.003788949134115664	0.003839468455903873	0.003957346873409694	0.004024705969127305	0.004092065064844917	0.004142584386633126	0.004176263934491932	0.004294142351997753	0.004361501447715365	0.00439518099557417	0.004412020769503574	0.004479379865221185	0.004513059413079991	0.004580418508797603	0.004664617378444618	0.0046814571523740205	0.00473197647416223	0.004816175343809245	0.00484985489166805	0.004950893535244468	0.005035092404891483	0.005119291274538498	0.00518665037025611	0.005287689013832527	0.005388727657408944	0.00547292652705596	0.0056413242663499895	0.005776042457785213	0.005860241327432228	0.006011799292796854	0.006112837936373272	0.006281235675667301	0.006449633414961331	0.00661803115425536	0.006820108441408196	0.006988506180702225	0.007106384598208046	0.007274782337502075	0.0073758209810784936	0.007544218720372523	0.007695776685737149	0.007897853972889985	0.008083091486113417	0.00821780967754864	0.008470406286489686	0.008655643799713118	0.008874560860795355	0.009076638147948192	0.009312394982959833	0.009564991591900877	0.010406980288371025	0.013050824795287288	0.019146822957731156	0.03570032073033426	0.057389949551405264	0.07950057272071134	0.09649190461547892	0.10534962570234487	0.10998056353293069	0.11243917052662351	0.11427470588492844
209131_HY5CNBGXT_TCDM_2_E01_X4_46_1_i_ACATTA_S5_trim1 - polya	0.0003239860995876925	0.00045076326899157215	0.0009437855944511042	0.0019580029496821414	0.004324510111887895	0.006916398908589435	0.009944964622126561	0.012874925870571778	0.015537246428053252	0.018241826042002685	0.0204392969783366	0.02298892671857018	0.02598931972779533	0.02870798569390075	0.03132804719491426	0.03410305856964363	0.03713162428318075	0.040230621757497816	0.0430901512451631	0.04613280331085621	0.04897824644636551	0.052415316372426246	0.05634540862394652	0.05972613314138331	0.06307868495450812	0.0662762868939171	0.06930485260745421	0.07244610913823923	0.07588317906429998	0.07888357207352513	0.08296861419876124	0.08674375657656566	0.09132182102726132	0.09626613063401263	0.10191475784856326	0.10749295330233397	0.11374729365959203	0.12022701565134589	0.12807311380223044	0.13508811717591176	0.14277926545308048	0.15063944995612102	0.15909126124971298	0.16659928694885387	0.1743326942824905	0.18420722714383714	0.193828205666376	0.2035337023018508	0.21329554434594955	0.22367718588491167	0.23501669937048092	0.2446095051887078	0.25455446981083435	0.2636965123600697	0.2718806829626979	0.28044518507353783	0.28869978743694596	0.2964050220662707	0.3041525157520633	0.31125203723868056	0.3188868401072253	0.32697240624476165	0.3370300616841361	0.3479328982528697	0.3605683561367897	0.3704147162938244	0.37776779211924943	0.3830783468820564	0.3865435895124291	0.3886706286879831	0.3901919547208296	0.39122025842821667	0.39161467628858426	0.39161467628858426	0.39161467628858426
209131_HY5CNBGXT_TCDM_2_E01_X4_46_1_i_ACATTA_S5_trim1 - polyg	0.0	0.0	9.86044650919064e-05	0.0002535543388077593	0.001634016850094449	0.0032398609958769246	0.003296206404500871	0.0033384654609688313	0.003380724517436791	0.0034088972217487645	0.0034370699260607377	0.0034511562782167243	0.003465242630372711	0.003465242630372711	0.0034793289825286976	0.003535674391152644	0.0035638470954646173	0.0035920197997765906	0.003620192504088564	0.003620192504088564	0.0037047106170244835	0.0037469696734924434	0.0038174014342723765	0.0038596604907403364	0.0038878331950523096	0.003944178603676256	0.003972351307988229	0.004014610364456189	0.004070955773080136	0.004127301181704082	0.004225905646795989	0.004254078351107962	0.004366769168355855	0.004409028224823815	0.004521719042071708	0.004535805394227694	0.004592150802851641	0.004690755267943547	0.0048597914938153875	0.005000655015375254	0.0051556048890911066	0.005240123002027026	0.005352813819274919	0.005437331932210839	0.005676799918862612	0.005817663440422478	0.005972613314138331	0.006296599413726023	0.006493808343909836	0.0065783264568457555	0.006691017274093649	0.0068318807956535155	0.006972744317213382	0.007141780543085221	0.007296730416801074	0.007536198403452847	0.0076911482771686995	0.007761580037948633	0.007902443559508499	0.008043307081068365	0.008170084250472245	0.00835320682850007	0.00856450211083987	0.008832142801803616	0.01015625990446636	0.014762497059473988	0.02624287406660309	0.055274845860091536	0.09473071824901008	0.13449649038536032	0.161190127720955	0.17447355780405038	0.1813054385997039	0.18543273978140798	0.1878555923522377
209132_HY5CNBGXT_TCDM_2_F01_C14_3_2_o_GTGTAG_S6_trim1 - polya	0.00010744829426907331	0.00021489658853814661	0.00030085522395340524	0.0006017104479068105	0.0014183174843517676	0.002299393497358169	0.0040400558645171565	0.006124552773337178	0.007972663434765239	0.009906732731608558	0.011819312369598064	0.013710402348733754	0.01590234755182285	0.01775045821325091	0.01996389307519382	0.02262861077306684	0.025336307788647486	0.0277001702625671	0.030321908642732487	0.03249236418696777	0.034920695637448824	0.03775733060615236	0.04130312431703178	0.04407529030917387	0.04721278050183081	0.04989898785855765	0.05282158146267644	0.055937581996479566	0.058903154918305986	0.06266384521772356	0.06629559756401823	0.07001330854572817	0.0750418887175208	0.08080111729034313	0.08763482880585619	0.0936519332849243	0.10108735524834417	0.10957577049560097	0.11924611697981756	0.12805687710988156	0.13809254779461302	0.14872992892725126	0.15848623404688314	0.16850041507276076	0.17943865142935242	0.18996858426772162	0.20234662776751886	0.21554127830376105	0.2288218874754185	0.24380017969652734	0.26301193471183765	0.279086199534491	0.2920229741644874	0.3037993072163779	0.3136845502891326	0.32503109016394677	0.3358188989085617	0.34673564560629955	0.3563630127728085	0.36609782823358655	0.376713719707371	0.3882966458295771	0.40108299284759685	0.4159753264332904	0.43185618432625944	0.44363251737814985	0.4527441327321673	0.4594918856122651	0.4627368240991911	0.46424110021895815	0.4645849347606192	0.46497174861998786	0.4650791969142569	0.4650791969142569	0.4650791969142569
209133_HY5CNBGXT_TCDM_2_G01_A03_3_1_o_CTAGTC_S7_trim1 - polya	0.0	0.00013282784957246036	0.0003320696239311509	0.0007526911475772754	0.001571796219940781	0.0031878683897390487	0.005733735506544539	0.007593325400558984	0.009408639344715941	0.011755264687162741	0.013349198882032266	0.015363754600547916	0.01762182804327974	0.01932645211279298	0.020721144533303815	0.022470044552674543	0.024440324321332706	0.026366328140133382	0.02824805600907657	0.030240473752663474	0.03252068517032405	0.034601654813625926	0.03725821180507513	0.04006973462102554	0.04281484351218972	0.04586988405235631	0.048858510667736665	0.051758585383402056	0.05443728034978	0.05720452721587293	0.060325981680825744	0.06331460829620611	0.06676813238509008	0.07139496914519744	0.0755569084318012	0.08049367684091098	0.08580679082380939	0.09242604532750366	0.09959874920441653	0.10716993663004677	0.11398843290809973	0.12189168995766113	0.12926363560893267	0.13665771923513298	0.14471594210919556	0.15357113208069292	0.16331184104934002	0.17245482469491102	0.1818191880897695	0.19242327808063758	0.20486481999059136	0.21526966820710075	0.22412485817859812	0.23112045825608102	0.23751833301048786	0.2437612419403935	0.2510003597420926	0.25832802944350663	0.2649915598970584	0.2709688131278191	0.2781857929545895	0.2860004981044359	0.29516561972493566	0.304972742618369	0.31553255665937957	0.3246534023300219	0.33142762265821735	0.3358109416941085	0.33857818856020144	0.33981791515621107	0.34061488225364583	0.34112405567700693	0.3412126075767219	0.3412126075767219	0.3412126075767219
209134_HY5CNBGXT_TCDM_2_H01_A03_3_3_o_TGTGCA_S8_trim1 - polya	0.0001275627556935643	0.0003667429226189973	0.0007175405007762991	0.0016742611684780312	0.003300686303570976	0.005293854361282917	0.008116180331003028	0.011129850434263483	0.013553542792441205	0.01661504892908675	0.018656053020183777	0.02100001865605302	0.023072913436073438	0.025161753560555555	0.027441937818578017	0.028956745542439093	0.031252875144923246	0.03382007560325623	0.03587702503881496	0.037471559484984505	0.039416891509311366	0.0417768024896423	0.04526883292675363	0.04783603338508661	0.05061052332142163	0.0535604120468353	0.05649435542778728	0.05944424415320096	0.06280871183461871	0.0671299001837382	0.07200917558901704	0.07672899754967892	0.08173583571065131	0.08674267387162371	0.09206841892183003	0.09849439273989333	0.10519143741380545	0.11235089707710674	0.12096138308642233	0.12955592375127623	0.13832586320520876	0.14805252332684304	0.15658328261385016	0.16548078482347628	0.17455368582218103	0.1839773843990431	0.1946288744994557	0.20488173098832593	0.21589996401135755	0.22881569302533095	0.24332595648547387	0.2554444182763625	0.2653464771870754	0.2735423842403869	0.28063806252584145	0.28832371855637867	0.29519616201936943	0.30292965408329176	0.3100891137465931	0.3171847920320476	0.3247269399624296	0.33372011423882586	0.3438932440053876	0.35649006613012707	0.36870419998778586	0.378175734598033	0.38530330357241094	0.390485540522462	0.3936108280369543	0.395093745071892	0.39603452039513204	0.3966404434846764	0.3967839515848317	0.3967839515848317	0.3967839515848317
209135_HY5CNBGXT_TCDM_2_A02_X4_32_2_i_TCAGGA_S9_trim1 - polya	0.00010449963224837752	0.0004005819236187805	0.000801163847237561	0.002194492277215928	0.0043019015275582075	0.0071233915982644004	0.011111794229077475	0.014542865487899204	0.01846160169721336	0.021230841951795365	0.024156831654749935	0.026717072644835183	0.029695312163913943	0.03276063470986635	0.035373125516075785	0.03885644659102171	0.04173018647785209	0.045074174709800165	0.04800016441275474	0.05130931943395336	0.0551583892217686	0.0593383745117037	0.06365769264463664	0.06795959417219484	0.07321940899536318	0.07705106217780369	0.081474879942985	0.08584644789204213	0.08986968373360466	0.09563458011264016	0.10105114438418106	0.10657220828797033	0.11216293861325853	0.11731825380417849	0.12304831697246452	0.12890029637837366	0.1364591031110063	0.14462749103175448	0.15404987453948318	0.16357675767946026	0.17320814045168573	0.18299627267228374	0.19229673994238936	0.20177137326624225	0.21216908667495582	0.22345504695778057	0.234828090267479	0.24743771255878322	0.2586191732093596	0.27154229439740896	0.2865379916250511	0.2994611128131005	0.3103464911723065	0.3191244602811702	0.32739734783416674	0.3362623999699041	0.3443959546799028	0.3533306732371391	0.3608198135482728	0.36815220441103397	0.37651217499090417	0.38572555923413615	0.3974121014405797	0.4113105525296139	0.42459942243053256	0.4350493856553703	0.44314810715461955	0.4482860057401648	0.4523440747924768	0.45459081688581693	0.45600156192117003	0.456837558979157	0.45720330769202633	0.45720330769202633	0.45720330769202633
209135_HY5CNBGXT_TCDM_2_A02_X4_32_2_i_TCAGGA_S9_trim1 - polyg	0.0	0.0	5.224981612418876e-05	0.00015674944837256626	0.002264158698714846	0.003918736209314157	0.003918736209314157	0.003936152814688887	0.003988402630813075	0.003988402630813075	0.003988402630813075	0.003988402630813075	0.004005819236187804	0.004023235841562534	0.004023235841562534	0.004058069052311993	0.004092902263061453	0.004110318868436182	0.004110318868436182	0.004110318868436182	0.004110318868436182	0.004145152079185642	0.004145152079185642	0.004179985289935101	0.004214818500684559	0.004232235106059289	0.004232235106059289	0.004249651711434019	0.004319318132932937	0.0043541513436823965	0.004476067581305503	0.004563150608179151	0.004580567213553881	0.00463281702967807	0.004667650240427529	0.0048069830834253655	0.005294648033917794	0.006252561329527921	0.011425293125822609	0.019454348203572946	0.02265900359252319	0.02436583091924669	0.025341160820231547	0.026177157878218567	0.029660478953164485	0.037114786053548746	0.042287517849843435	0.047373166619264474	0.052667814653182266	0.05557638775076211	0.05733546489360979	0.05794504608172533	0.058188878556971545	0.05831079479459465	0.05850237745371668	0.05865912690208924	0.05876362653433762	0.05893779258808492	0.05912937524720694	0.05942545753857734	0.059860872672945584	0.06034853762343801	0.060836202573930444	0.06144578376204598	0.061950865317913134	0.062473363479155025	0.06329194393176732	0.06513810410148865	0.07118166616651982	0.08567228183829483	0.10618904296972628	0.12087124130062332	0.13201786874045027	0.1399946740020764	0.1449235733231249
209136_HY5CNBGXT_TCDM_2_B02_C14_3_2_i_CGGTTA_S10_trim1 - polya	8.815916608481617e-05	0.0002468456650374853	0.0004936913300749706	0.0010931736594517205	0.002556615816459669	0.004037689806684581	0.006770623955313882	0.009291976105339625	0.01117858225955469	0.01258912891691175	0.014140730240004513	0.015992072727785654	0.01800210171451946	0.019888707868734527	0.02241006001876027	0.02546036716529491	0.028581201644697404	0.03080281263003477	0.03298915994893821	0.036286312760510336	0.03986557490355387	0.044255901374577716	0.04906939184280868	0.05247233565368258	0.055892911297773455	0.058960850277525054	0.06164088892650347	0.0643561912419158	0.06779439871922363	0.07126786986296539	0.07512924133748033	0.07869087164730691	0.08323988461728343	0.08808863875194832	0.09290212922017928	0.09817404735205129	0.10385149764791345	0.11060448977001036	0.11841539188512508	0.12553865250477822	0.13366692761779828	0.14211257572872366	0.1504876965067812	0.1583514941215468	0.1671321470635945	0.17702360549831087	0.1873734915966683	0.1976352185289409	0.20883143262171255	0.2218437255358314	0.23635472427339216	0.24896148502352086	0.258976366290756	0.2668225320723046	0.2737342106933542	0.2816156401413368	0.28932075125714973	0.297819294867726	0.3060533609800478	0.3137584720958608	0.32260965237077627	0.33207794680828556	0.3439441705633018	0.3576088413064483	0.37280748153947063	0.38416238213119497	0.39294303507324263	0.3997841863614244	0.403804244334892	0.4060963826530972	0.4074011383111525	0.40847668013738725	0.40877642130207564	0.40877642130207564	0.40877642130207564
209137_HY5CNBGXT_TCDM_2_C02_X4_32_3_i_TTAACT_S11_trim1 - polya	0.00010012710134244409	0.0002603304634903547	0.0006207880283231534	0.0012015252161093292	0.002122694548459815	0.0035645248077910098	0.005647168515713847	0.0076296851222942405	0.009552125468069167	0.011154159089548272	0.0127161418704904	0.014117921289284617	0.016240615837744433	0.018263183284861803	0.020245699891442197	0.022508572381781434	0.024991724495074048	0.027154469884070838	0.029257139012262165	0.03145993524179594	0.03386298567401459	0.03668656993187152	0.04013094221805159	0.042634119751612694	0.045397627748664154	0.04842146620920597	0.05132515214813684	0.05422883808706772	0.05645165973686998	0.059034938951505044	0.06195865031070441	0.06526284465500506	0.06940810665058225	0.07429430919609352	0.0791604863213363	0.08404668886684757	0.09033467083115307	0.09742366960619811	0.10437249043936372	0.11168176883736215	0.1203728012338863	0.12868335064530917	0.13753458640398122	0.14570495787352467	0.15493667661729799	0.16498943759207937	0.17580316453706335	0.18797862006030455	0.20011402474300877	0.2131305479175265	0.2294112145958079	0.24240771235005718	0.2526807529477919	0.2609512515186778	0.26862098748150903	0.2772519436172277	0.2853021625651602	0.29343248319416665	0.3003612786070638	0.3087118788590236	0.3170624791109835	0.32617404533314587	0.3375084332051106	0.35162635449439517	0.3660046062471702	0.37711871449618145	0.3854893401684098	0.39163714419083584	0.39588253328775547	0.39820548203890016	0.39934693099420404	0.40002779528333265	0.4003081511670915	0.4003081511670915	0.4003081511670915
209137_HY5CNBGXT_TCDM_2_C02_X4_32_3_i_TTAACT_S11_trim1 - polyg	0.0	0.0	0.00012015252161093292	0.00024030504322186585	0.002242847070070748	0.0038048298510128756	0.0038248552712813644	0.0038448806915498536	0.0038448806915498536	0.0038448806915498536	0.0038649061118183423	0.0038649061118183423	0.0038649061118183423	0.003884931532086831	0.00390495695235532	0.00390495695235532	0.003924982372623809	0.003924982372623809	0.003924982372623809	0.0039650332131607865	0.0039650332131607865	0.0039650332131607865	0.004005084053697764	0.004025109473966252	0.004065160314503231	0.004145261995577186	0.004145261995577186	0.004205338256382652	0.004205338256382652	0.004265414517188118	0.004265414517188118	0.004385567038799052	0.004485694140141496	0.004565795821215451	0.004665922922557895	0.004665922922557895	0.004786075444168828	0.004866177125242783	0.004946278806316738	0.00508645674819616	0.005166558429270116	0.005286710950881048	0.005386838052223493	0.0055470414143714035	0.005687219356250825	0.005827397298130247	0.006087727761620601	0.006328032804842467	0.006648439529138288	0.006868719152091665	0.00694882083316562	0.006988871673702598	0.0071290496155820195	0.007209151296655975	0.007249202137192953	0.007389380079072375	0.007589634281757263	0.007729812223636685	0.007910041006053083	0.008190396889811928	0.008290523991154371	0.008510803614107748	0.008691032396524148	0.008791159497866591	0.009091540801893925	0.010192938916660808	0.014117921289284617	0.03091924889454674	0.05799361709754362	0.08540841744510481	0.10583434611896342	0.11620751381804062	0.12199486027563389	0.12511882583751816	0.1270212407630246
209138_HY5CNBGXT_TCDM_2_D02_X4_32_3_o_ATGAAC_S12_trim1 - polya	0.0001881171653903544	0.00031979918116360246	0.0006584100788662404	0.0012980084411934453	0.0028593809139333868	0.004684117418219825	0.0068474648202089	0.00944348170259579	0.01155039395496776	0.014089975687737545	0.01597114734164109	0.018134494743630165	0.020316653862158276	0.022668118429537705	0.02509482986307328	0.0279730224935457	0.0312650728878769	0.03429375925066161	0.03722838703075114	0.04008776794468452	0.0434174417720938	0.04721740851297895	0.051149057269637366	0.055532187223232624	0.05931334224757875	0.06405389481541568	0.06764693267437144	0.07148452284833468	0.07560428877038343	0.07936663207819053	0.08422005494526166	0.08843387945000561	0.09341898433285	0.09985259138920012	0.10671886792594805	0.11463860058888198	0.12295337929913563	0.1314186517417016	0.14097500374353159	0.15071947291075194	0.16020057804642582	0.17111137363906637	0.18145781773553585	0.19234980161163737	0.2029219863065753	0.21507435519079218	0.22837423878389024	0.24152362864467602	0.25457895992276663	0.2697600151697682	0.2861638319918071	0.29950133901798326	0.3108448040910216	0.3210407544551788	0.3292614745827373	0.3386861445687941	0.34848704888563153	0.35830676491900804	0.3679947989366113	0.3770808580249654	0.38661839831025635	0.39673910180825744	0.4089290941255524	0.42281214093136055	0.437899137595667	0.45012675334604	0.46032270371019723	0.46701967479809386	0.47232457886210183	0.4757483112722063	0.47785522352457827	0.4790967968161546	0.4794730311469353	0.4794730311469353	0.4794730311469353
209139_HY5CNBGXT_TCDM_2_E02_A04_3_2_o_CCTAAG_S13_trim1 - polya	0.00018247020869726003	0.0004257638202936067	0.0009731744463853868	0.001885525489871687	0.004075167994238807	0.007602925362385835	0.011921386968220989	0.015449144336368016	0.02031501656829495	0.02432936115963467	0.028404529153873478	0.0342435758321858	0.04044756292789264	0.046347433009104044	0.052429773299012716	0.05948528803530677	0.06647997936870173	0.07280561327020675	0.0799219514093999	0.08545688107321678	0.0908701639312355	0.09737826804143777	0.10613683805890625	0.11434799745028296	0.1227416270503569	0.13070949283013727	0.13855571180411944	0.1451854627201199	0.15412650294628563	0.16270260275505685	0.17194775999571804	0.18143621084797557	0.19159371913212303	0.20467075075542665	0.2181127227961248	0.2328319862977038	0.24949759869205354	0.2710899067212293	0.2943244466286804	0.3176198099390306	0.34231411151605984	0.3671300598988872	0.3868368424381913	0.40842915046736705	0.4300214584965428	0.45337764520979207	0.4770379489375368	0.5020971909319605	0.5268523159118887	0.5511208536686244	0.5815325551181677	0.6071392077386832	0.6265418732634919	0.6441198367013279	0.6595689810376959	0.6748356551653667	0.6890683314437529	0.7028144204989465	0.715100747884562	0.7281169561049666	0.7414372813398665	0.7551225469921611	0.7713623955662172	0.7893661228243469	0.8063966756360912	0.8219674667782574	0.8323074452711021	0.8395454302160934	0.8427690705697449	0.8438638918219286	0.8445937726567175	0.8450803598799103	0.8452020066857084	0.8452020066857084	0.8452020066857084
209139_HY5CNBGXT_TCDM_2_E02_A04_3_2_o_CCTAAG_S13_trim1 - polyg	0.0	0.0	0.0	6.0823402899086676e-05	0.0017638786840735135	0.003223640353651594	0.0032844637565506807	0.0032844637565506807	0.0032844637565506807	0.0032844637565506807	0.0032844637565506807	0.0032844637565506807	0.0032844637565506807	0.0032844637565506807	0.0032844637565506807	0.0032844637565506807	0.0032844637565506807	0.0032844637565506807	0.0032844637565506807	0.0032844637565506807	0.0032844637565506807	0.0032844637565506807	0.0032844637565506807	0.0032844637565506807	0.0033452871594497674	0.0034061105623488536	0.003527757368147027	0.003527757368147027	0.0035885807710461137	0.0035885807710461137	0.0035885807710461137	0.0036494041739452004	0.0036494041739452004	0.003710227576844287	0.003710227576844287	0.003710227576844287	0.003710227576844287	0.003710227576844287	0.003710227576844287	0.003710227576844287	0.003710227576844287	0.0038318743826424606	0.0038926977855415473	0.0038926977855415473	0.004014344591339721	0.004014344591339721	0.004014344591339721	0.004075167994238807	0.00419681480003698	0.004318461605835154	0.0045617552174315006	0.004683402023229674	0.004744225426128761	0.004926695634826021	0.004926695634826021	0.004926695634826021	0.004926695634826021	0.0051091658435232805	0.005291636052220541	0.005291636052220541	0.005352459455119627	0.005474106260917801	0.005595753066715974	0.005778223275413235	0.006082340289908668	0.007237984944991315	0.013746089055193589	0.037771333200332824	0.0789487769630145	0.12620856101560485	0.15966143261010252	0.17371163867979156	0.18429491078423263	0.18873501919586597	0.19147207232632485
209140_HY5CNBGXT_TCDM_2_F02_X4_32_1_i_CCGACC_S14_trim1 - polya	6.327018266101734e-05	0.00016872048709604625	0.00035853103507909825	0.0006959720092711908	0.0012021334705593295	0.002109006088700578	0.0029526085241808092	0.003859481142322058	0.004703083577802289	0.006116117657231676	0.007233890884242982	0.008119673441497225	0.009300716851169549	0.010439580139067862	0.011620623548740185	0.012717306714864486	0.013919440185423815	0.015205933899531168	0.01649242761363852	0.017167309562022705	0.018770154189435145	0.01988792741644645	0.021005700643457758	0.02233437447933912	0.02338887752368941	0.025118262516423885	0.026446936352305248	0.028176321345039723	0.029673715668017134	0.03127656029542957	0.033364476323243145	0.03564220289903977	0.038151920144593454	0.040977988303452235	0.04302372420949179	0.045891972490124576	0.04867586052720934	0.05198700008646925	0.05489742848887605	0.05856709908321505	0.061878238642474964	0.06605407069810211	0.069280850013814	0.07330905164323209	0.07708417254200613	0.08166071575448638	0.08602635835809658	0.0904552711443678	0.0951794447830571	0.10011451903061644	0.10488087279107974	0.10992139734307413	0.11483538152974648	0.11947519492488774	0.12320813570188777	0.1269410764788878	0.13086382780387087	0.135039659859498	0.1390045913062551	0.14282189232680315	0.1469766343215433	0.15119464649894443	0.15716313372996707	0.16378541284848688	0.1707451329411988	0.1758911077976282	0.1810159925931706	0.18470675324839664	0.1874484611637074	0.1893465666435379	0.19090723114917632	0.1919195540717526	0.19208827455884867	0.19208827455884867	0.19208827455884867
209141_HY5CNBGXT_TCDM_2_G02_A04_3_2_i_GGCTGC_S15_trim1 - polya	6.430504254421614e-05	0.0001286100850884323	0.0002572201701768646	0.0005573103687165399	0.001457580964335566	0.0027651168294012944	0.004265567822099671	0.005808888843160859	0.006944944594775344	0.00863831071510637	0.009924411565990693	0.011253382445237825	0.013161098707382905	0.014768724770988308	0.016076260636054038	0.017619581657115226	0.019377252819990465	0.02094200885523306	0.022356719791205813	0.023900040812267	0.02552910189005381	0.027608298265650134	0.02938740444270678	0.031595210903391534	0.03348149215135521	0.0358393437113098	0.03798284512945034	0.03991199640577682	0.04233415300827563	0.04524931493694676	0.04773577658198978	0.05120824887937746	0.05463785114840232	0.058431848658511074	0.06263311143806653	0.06679150418925917	0.0716786874226196	0.07577277513126802	0.08068139337880986	0.08535422647035623	0.09060580494480056	0.0959859935043333	0.10130187702132183	0.10696072076521286	0.11405571045925804	0.12082917494058214	0.12818138480480418	0.13568363976829606	0.14430051546922104	0.1533675264679555	0.16395642347356976	0.172744779287946	0.1800541191238052	0.18567009283933342	0.19128606655486163	0.19726643551147374	0.2035040246382627	0.2091414333679723	0.2154433275373055	0.22195957184845275	0.22847581615959997	0.2361709862507245	0.24517369220691476	0.25492662365945423	0.2654512156225243	0.2744110515503517	0.2819561765422064	0.28782937042791146	0.291559062895476	0.2931452539449	0.2942813096965145	0.29490292510777527	0.2950529702070451	0.2950529702070451	0.2950529702070451
209142_HY5CNBGXT_TCDM_2_H02_A04_3_1_o_TACCTT_S16_trim1 - polya	9.440424501904322e-05	0.0002076893390418951	0.00045314037609140746	0.0009251616011866236	0.0017181572593465866	0.0031153400856284265	0.005362161117081655	0.007854433185584396	0.010063492519030008	0.012064862513433723	0.013952947413814589	0.015765508918180217	0.018503232023732472	0.0207500530551857	0.022977993237635122	0.0253380993631112	0.02760380124356824	0.030001669067051935	0.03258834538057372	0.035307187637122164	0.03808267244068204	0.04138682101634855	0.044653207894007445	0.048448258543772986	0.05222442834453471	0.055962836447288826	0.0583040617237611	0.06117395077234001	0.06410048236793035	0.06644170764440262	0.07016123489815293	0.07480592375308985	0.07988487213511437	0.08486941627211986	0.09011829229517866	0.09583918954333268	0.10324048235282567	0.1122655281766462	0.1223101398466724	0.1332421514198776	0.1437021417679876	0.15444534485115471	0.1653207138773485	0.17615832120553465	0.1869581668357132	0.19879645916110122	0.2120508151617749	0.2251541243704181	0.23750219961890895	0.25130410024069305	0.26729617934691896	0.28124912676073355	0.2933517509721749	0.3038306221692887	0.31219483827797595	0.3208611479707241	0.3299805980395637	0.33860914603430425	0.34667126855893055	0.3551676506106444	0.3644570283205183	0.3745016399905445	0.386188885523902	0.40051944991779276	0.41371716337145503	0.4251400770187593	0.4336931016174846	0.4391307861305815	0.4415664156520728	0.4426992665923013	0.4430013601763622	0.44328457291141937	0.44341673885444605	0.44341673885444605	0.44341673885444605
209142_HY5CNBGXT_TCDM_2_H02_A04_3_1_o_TACCTT_S16_trim1 - polyg	0.0	0.0	3.776169800761729e-05	0.0001321659430266605	0.0021524167864341854	0.0037950506497655377	0.0037950506497655377	0.0038516931967769634	0.0038705740457807723	0.0038705740457807723	0.0038705740457807723	0.0038894548947845807	0.0038894548947845807	0.0038894548947845807	0.0038894548947845807	0.003946097441796007	0.003946097441796007	0.003964978290799816	0.003964978290799816	0.003964978290799816	0.004002739988807433	0.004059382535818858	0.004116025082830285	0.004153786780837902	0.004172667629841711	0.004172667629841711	0.004172667629841711	0.0041915484788455195	0.004248191025856945	0.004304833572868371	0.00432371442187218	0.004342595270875989	0.004361476119879797	0.004361476119879797	0.0043803569688836055	0.004418118666891223	0.004474761213902649	0.004512522911910266	0.004984544137005482	0.005588731305127359	0.0059852291342073404	0.006287322718268279	0.006476131208306365	0.006570535453325408	0.007439054507500606	0.008817356484778638	0.010120135066041433	0.01212150506044515	0.015293487693085002	0.01712493004645444	0.017899044855610596	0.018427708627717237	0.01865427881576294	0.018729802211778175	0.01880532560779341	0.01884308730580103	0.01897525324882769	0.018994134097831496	0.019145180889861967	0.01920182343687339	0.019296227681892434	0.019352870228903862	0.019598321265953372	0.019843772303002886	0.020126985038060017	0.02046684032012857	0.02133535937430377	0.02547026530613786	0.03840364687374678	0.06406272066992273	0.09100569219835766	0.10654463092849219	0.11677805108855646	0.12353739503191996	0.126690496815556
209143_HY5CNBGXT_TCDM_2_A03_C14_3_3_o_TCTTAA_S17_trim1 - polya	3.919385299287201e-05	0.00011758155897861602	0.0003331477504394121	0.0008034739863538763	0.0019400957231471645	0.0030963143864368887	0.004174145343740869	0.005545930198491389	0.006937311979738346	0.008132724496020942	0.009210555453324921	0.010405967969607518	0.011640574338882987	0.012835986855165583	0.015226811887730776	0.017931187744238946	0.02012604351183978	0.021713394558051092	0.023614296428205388	0.026416656917195736	0.028964257361732415	0.03182540863021207	0.0345101875602238	0.036626655621838894	0.03880191446294329	0.04056563784762253	0.04250573357076969	0.04419106924946319	0.045837211075163815	0.047365771341885826	0.04926667321204012	0.05079523347876212	0.05267653842241998	0.055106557307978046	0.05779133623798978	0.06073087521245518	0.06451308202626733	0.06864803351701533	0.0731553266111956	0.07795657360282243	0.08291459600642073	0.08826455693994777	0.09285023774011379	0.09800422940867647	0.10296225181227477	0.10876294205521983	0.11470081078363993	0.12069747029154936	0.12704687447639462	0.13445451269204742	0.14364547121887591	0.15120988484650022	0.15783364600229557	0.16386949936319786	0.1687883279138033	0.17435385503879114	0.17962542826633243	0.1853281338767953	0.19079567636930095	0.1960476526703458	0.20120164433890847	0.2068847530228749	0.21450795742998852	0.22248390651403796	0.22989154472969078	0.23718160138636496	0.2432370516737637	0.24725442160553307	0.2507426745218987	0.2526827702450459	0.25430931514425004	0.2552891614690718	0.2557202938519934	0.2557202938519934	0.2557202938519934
209144_HY5CNBGXT_TCDM_2_B03_C14_3_1_i_GTCAGG_S18_trim1 - polya	4.051733341652892e-05	0.00012155200024958677	0.00034439733404049587	0.0009318986685801653	0.0020258666708264463	0.003909922674695041	0.00563190934489752	0.00786036268280661	0.009825453353508264	0.011587957357127272	0.013370720027454545	0.014788826697033058	0.016997021368233885	0.01920521603943471	0.021534962710885123	0.024715573384082645	0.02728842405603223	0.029354808060275205	0.03127938139756033	0.03366990406913554	0.0364250827414595	0.0395044000811157	0.04254320008735537	0.04602769076117686	0.04967425076866446	0.05334106944286033	0.05650142144934959	0.06012772279012892	0.0637337654642	0.06760317080547851	0.07179671481408925	0.07611181082294959	0.0814600988339314	0.08640321351074794	0.09112348285377356	0.09726185886637768	0.10370411487960578	0.11111878689483058	0.12003260024646693	0.1293515869322686	0.13790074428315618	0.14746283496945703	0.15578914698655372	0.1636089923359438	0.17171245901924959	0.18182153370667356	0.1919913843942223	0.20193838974798017	0.2116017737678223	0.22262248845711818	0.23597294981786446	0.24699366450716032	0.25734584319508347	0.2657734485457215	0.27256010189299007	0.2801571019085892	0.2872678939231901	0.29508773927258014	0.3019554272866818	0.3088231153007835	0.3164403739830909	0.3240171153319818	0.33363998201840744	0.34536975004249254	0.35695770739961985	0.36660083275275374	0.3733874861000223	0.37889784344467026	0.38224052345153386	0.3838409581214868	0.3850362194572744	0.38578579012548014	0.3859681181258545	0.3859681181258545	0.3859681181258545
209145_HY5CNBGXT_TCDM_2_C03_A04_3_3_o_ATACTG_S19_trim1 - polya	0.0004471455346929042	0.0011178638367322605	0.002459300440810973	0.00432240683536474	0.008719337926511632	0.01401056008704433	0.021686558432605852	0.028468265708781564	0.034430206171353624	0.03882713726250051	0.043075019842083104	0.04613051432915128	0.051049115210773224	0.057160104184909584	0.06252585060122444	0.06871136383114294	0.07474782854949714	0.08018809922159414	0.0864481367072948	0.09181388312360966	0.09717962953992451	0.10321609425827871	0.11253162623104755	0.12005857606504478	0.12624408929496328	0.1331748450827033	0.13973297959153255	0.14681278389083688	0.15441425798061625	0.16089786823366334	0.16879743934657132	0.17557914662274704	0.18400038752613007	0.19406116205672042	0.20613409149342882	0.22088989413829466	0.23773237594506072	0.2578539250062414	0.2802112017408866	0.3017487116619282	0.3260436190469093	0.3495932838740689	0.372397706143407	0.3943823615991415	0.41770845365895465	0.44461170999631106	0.4709932965431924	0.4986417954383703	0.5239055181485194	0.5506597259743115	0.5844937380994079	0.6134836735986645	0.633977843938756	0.6508948500013042	0.6660232739250808	0.6833874255223219	0.7020930137236417	0.7178921559494577	0.7335422496637093	0.7494159161453074	0.764544340069084	0.7830263555030573	0.8028498075411095	0.8261013753451405	0.8523339133804575	0.8719337926511631	0.8831869552742679	0.8913846234103044	0.8950363119436299	0.8967503698266193	0.8971229911055301	0.8974956123844409	0.8974956123844409	0.8974956123844409	0.8974956123844409
209145_HY5CNBGXT_TCDM_2_C03_A04_3_3_o_ATACTG_S19_trim1 - polyg	0.0	0.0	0.0	0.0002235727673464521	0.0017885821387716167	0.003949785556453987	0.003949785556453987	0.003949785556453987	0.003949785556453987	0.003949785556453987	0.003949785556453987	0.003949785556453987	0.003949785556453987	0.003949785556453987	0.003949785556453987	0.003949785556453987	0.003949785556453987	0.003949785556453987	0.004024309812236138	0.004024309812236138	0.004024309812236138	0.004024309812236138	0.004024309812236138	0.004173358323800439	0.00424788257958259	0.00424788257958259	0.00424788257958259	0.00424788257958259	0.004396931091146891	0.004396931091146891	0.004396931091146891	0.004396931091146891	0.004396931091146891	0.004396931091146891	0.004396931091146891	0.004396931091146891	0.004396931091146891	0.004471455346929042	0.004471455346929042	0.004471455346929042	0.004545979602711192	0.004545979602711192	0.004545979602711192	0.004545979602711192	0.004545979602711192	0.004545979602711192	0.004695028114275494	0.004769552370057645	0.004844076625839795	0.004993125137404097	0.004993125137404097	0.004993125137404097	0.004993125137404097	0.005142173648968398	0.005216697904750549	0.005216697904750549	0.005216697904750549	0.00536574641631485	0.005440270672097001	0.005440270672097001	0.005812891951007754	0.006110988974136357	0.006260037485700658	0.006260037485700658	0.006930755787740015	0.014085084342826482	0.04516169900398332	0.1653693235805924	0.34862446854890095	0.5347115352369313	0.6549191598135403	0.7151347584855181	0.7428577816364781	0.7594021664201156	0.7686431741371023
209146_HY5CNBGXT_TCDM_2_D03_A27_3_3_i_TATGTC_S20_trim1 - polya	0.0	5.9570508547474416e-05	0.0002184251980074062	0.0006552755940222187	0.001628260566964301	0.0029189549188262465	0.004745783847615462	0.006076191871842391	0.007406599896069319	0.008975289954486146	0.010345411651078057	0.012430379450239662	0.014217494706663895	0.015825898437445703	0.01753358634913997	0.01924127426083424	0.02128652838763086	0.02303392997169011	0.024483479013011986	0.02644930579507864	0.02899098082643755	0.031592226366343935	0.034670035974630115	0.03746984987636141	0.04019023643336274	0.042255347396341854	0.04430060152313848	0.046167144124292674	0.04799397305308189	0.04990022932660107	0.05202491079812766	0.054467301648574114	0.056929549335203056	0.05963007905602189	0.06211218357883333	0.0659048392896892	0.0696379244919976	0.0740262852883282	0.07914934902341102	0.08393484654339145	0.08840263468445204	0.09390297830700217	0.09864876215461764	0.10416896261335026	0.1096891630720829	0.11548735923737041	0.12229825404796499	0.1296452834354868	0.13699231282300867	0.1453321840196551	0.15492303589579848	0.1622899221195028	0.16854482551698763	0.17430330800991015	0.1798036516324603	0.1841920124287909	0.18945407401715114	0.19461685142459892	0.20019662239187902	0.20571682285061166	0.21163416003299412	0.21830605699031125	0.22626864829949034	0.2351645109092465	0.24465607860447744	0.2527973814392989	0.2589331438196888	0.26324207727128945	0.26659788258613054	0.2688615619109345	0.270211826771344	0.27110538439955606	0.27140323694229346	0.27140323694229346	0.27140323694229346
209146_HY5CNBGXT_TCDM_2_D03_A27_3_3_i_TATGTC_S20_trim1 - polyg	0.0	0.0	5.9570508547474416e-05	0.00011914101709494883	0.0021445383077090792	0.003653657857578431	0.003653657857578431	0.003653657857578431	0.0036735146937609225	0.0036735146937609225	0.0036735146937609225	0.0036735146937609225	0.0036735146937609225	0.003693371529943414	0.003693371529943414	0.003693371529943414	0.003693371529943414	0.003693371529943414	0.0037132283661259055	0.0037132283661259055	0.0037132283661259055	0.0037132283661259055	0.0037727988746733797	0.0037926557108558714	0.0038522262194033456	0.0038919398917683285	0.00391179672795082	0.0039316535641333115	0.003951510400315803	0.003951510400315803	0.003971367236498295	0.004050794581228261	0.004090508253593243	0.004110365089775735	0.004189792434505701	0.004229506106870683	0.004368503960148124	0.004924495373257886	0.005619484639645087	0.0060166213632949165	0.006254903397484814	0.006314473906032288	0.006493185431674712	0.006691753793499626	0.007704452438806691	0.00957099503996089	0.010901403064187819	0.013045941371896897	0.016481174031467923	0.01872499652008946	0.019995834035768913	0.020392970759418743	0.020531968612696183	0.02061139595742615	0.020670966465973623	0.02077025064688608	0.020809964319251063	0.02088939166398103	0.020968819008710997	0.021127673698170927	0.02128652838763086	0.021405669404725807	0.021663808275098197	0.02186237663692311	0.022060944998748028	0.022616936411857788	0.023669348729529836	0.027700286474575606	0.04060722999319506	0.06187390154464343	0.08218744495933221	0.09531281367595908	0.10271941357202839	0.10724677222163645	0.11024515448519266
209147_HY5CNBGXT_TCDM_2_E03_C14_3_3_i_GAGTCC_S21_trim1 - polya	0.004543905486765875	0.009845128554659396	0.01287439887916998	0.018932939528191146	0.031050020826233482	0.05225491309780757	0.08406225150516869	0.10981104926350865	0.1272293536294445	0.13101594153508273	0.1385891173463592	0.14237570525199741	0.14389034041425272	0.1469196107387633	0.14843424590101859	0.15449278655003976	0.158279374455678	0.16130864478018858	0.16812450301033738	0.17115377333484796	0.1749403612404862	0.18251353705176265	0.19235866560642206	0.194630618349805	0.1999318414176985	0.20599038206671968	0.21280624029686848	0.21583551062137907	0.22189405127040024	0.22568063917603848	0.23249649740618727	0.23704040289295317	0.24461357870422962	0.25824529516452727	0.27036237646256955	0.28475141050399483	0.2953538566397819	0.3082282555189519	0.33094778295278127	0.34382218183195123	0.35896853345450414	0.3794161081449506	0.3960770949297588	0.4157673520390776	0.43470029156726875	0.4543905486765875	0.47408080578590633	0.49907228596311864	0.5263357188837139	0.5558711045476921	0.5846491726305426	0.6149418758756484	0.6505358021886478	0.6732553296224771	0.7005187625430724	0.7224809723957741	0.7452004998296036	0.7709492975879435	0.7921541898595176	0.8141163997122193	0.8421371502139422	0.8686432655534099	0.898178651217388	0.9375591654360256	0.9739104093301526	1.0057177477375137	1.0231360521034496	1.0360104509826196	1.043583626793896	1.0450982619561513	1.0466128971184065	1.0466128971184065	1.0473702146995343	1.0473702146995343	1.0473702146995343
209147_HY5CNBGXT_TCDM_2_E03_C14_3_3_i_GAGTCC_S21_trim1 - polyg	0.0	0.0	0.0	0.0007573175811276459	0.0015146351622552917	0.0022719527433829375	0.0022719527433829375	0.0022719527433829375	0.0022719527433829375	0.0022719527433829375	0.0022719527433829375	0.0022719527433829375	0.0022719527433829375	0.0022719527433829375	0.0022719527433829375	0.0022719527433829375	0.0022719527433829375	0.0022719527433829375	0.0022719527433829375	0.0022719527433829375	0.0022719527433829375	0.0022719527433829375	0.0022719527433829375	0.0022719527433829375	0.0022719527433829375	0.0022719527433829375	0.0030292703245105835	0.0030292703245105835	0.0030292703245105835	0.0030292703245105835	0.0030292703245105835	0.0030292703245105835	0.0030292703245105835	0.0030292703245105835	0.0030292703245105835	0.0030292703245105835	0.0030292703245105835	0.005301223067893521	0.006058540649021167	0.0068158582301488125	0.0068158582301488125	0.0068158582301488125	0.0068158582301488125	0.0068158582301488125	0.007573175811276459	0.007573175811276459	0.007573175811276459	0.00908781097353175	0.011359763716914687	0.015903669203680564	0.0181756219470635	0.018932939528191146	0.019690257109318793	0.019690257109318793	0.019690257109318793	0.02044757469044644	0.02044757469044644	0.02044757469044644	0.021204892271574086	0.021204892271574086	0.021962209852701732	0.022719527433829375	0.024991480177212314	0.024991480177212314	0.03332197356961642	0.06588662955810519	0.1734257260782309	0.48089666401605513	0.9587640577075996	1.4449619447915483	1.8039304782460526	1.9637244878639857	2.0553599151804307	2.104585557953728	2.128062402968685
209148_HY5CNBGXT_TCDM_2_F03_A03_3_1_i_GGAGGT_S22_trim1 - polya	8.423042242820304e-05	0.00016846084485640608	0.00033692168971281215	0.001052880280352538	0.002442682250417888	0.004000945065339645	0.006654203371828041	0.010149765902598466	0.013392637166084284	0.015582628149217563	0.01798319518842135	0.021226066451907166	0.024763744193891695	0.027711808978878802	0.030533528130223603	0.03365005376006711	0.037187731502051645	0.04131502220103359	0.04561077374487195	0.04881152979714366	0.053570548664337136	0.057697839363319084	0.06317281682115228	0.06868990949019958	0.07399642610317637	0.08001890130679289	0.0857886852431248	0.09176904523552722	0.09741248353821681	0.10423514775490127	0.11215280746315234	0.1192702781583355	0.12798812687965452	0.1378852015149684	0.14807708262878094	0.15927972881173194	0.1714510248526073	0.18459097075140696	0.1989943729866297	0.21478757719191777	0.23053866618599173	0.24780590278377335	0.26414660473484475	0.2801925002074174	0.29674377821455933	0.31451639734691017	0.33212055563440457	0.35023009645646824	0.36636022235146914	0.38585956514359815	0.4088123552552835	0.42801689156891376	0.445115667321839	0.4588873413888502	0.4715640199642947	0.4850408875528072	0.49746487486096713	0.5100573230139835	0.5222286190548588	0.5339787629835931	0.5457710221235416	0.5602165395699784	0.5771468544780473	0.5958881234683224	0.6150926597819527	0.6286958730041075	0.6393931366524893	0.6452471510112494	0.6480267549513801	0.6493323264990173	0.6498798242448005	0.6499640546672287	0.6500061698784428	0.6500061698784428	0.6500061698784428
209148_HY5CNBGXT_TCDM_2_F03_A03_3_1_i_GGAGGT_S22_trim1 - polyg	0.0	0.0	0.0	0.0	0.0018109540822063654	0.0032007560522717155	0.0032007560522717155	0.0032007560522717155	0.0032007560522717155	0.003242871263485817	0.0032849864746999184	0.0032849864746999184	0.0033271016859140203	0.0033271016859140203	0.0033271016859140203	0.0033271016859140203	0.0033271016859140203	0.0033271016859140203	0.0033271016859140203	0.0033271016859140203	0.0033271016859140203	0.0033692168971281218	0.0033692168971281218	0.003411332108342223	0.003411332108342223	0.003411332108342223	0.003411332108342223	0.003411332108342223	0.003411332108342223	0.003411332108342223	0.0034534473195563247	0.0034534473195563247	0.0034534473195563247	0.003495562530770426	0.003495562530770426	0.003495562530770426	0.0035376777419845276	0.0036640233756268323	0.00387459943169734	0.0039588298541255425	0.004085175487767848	0.004169405910196051	0.004295751543838355	0.004379981966266558	0.004801134078407573	0.005095940556906284	0.005432862246619096	0.005980359992402416	0.006991125061540852	0.007622853229752375	0.007917659708251085	0.008296696609177999	0.008465157454034405	0.008633618298890812	0.008759963932533116	0.008970539988603624	0.009096885622245929	0.009349576889530538	0.009391692100744638	0.00968649857924335	0.00998130505774206	0.010360341958668974	0.010781494070809989	0.011244761394165106	0.011750143928734325	0.012845139420300964	0.018067425610849553	0.040262141920681054	0.08389350073849022	0.1389380817953209	0.18088483216456602	0.20131070960340527	0.21402950339006394	0.22026255464975095	0.22375811718052138
209149_HY5CNBGXT_TCDM_2_G03_A03_3_3_i_CACACT_S23_trim1 - polya	0.00024320505347673785	0.0003648075802151068	0.0007296151604302136	0.0019456404278139028	0.0032021998707770483	0.005431579527647145	0.008471642696106368	0.012200786849416348	0.015281384193455028	0.01844304988865262	0.020712963721102172	0.0234692876605052	0.027279500164974095	0.030522234211330598	0.03307588727283635	0.036075416265716115	0.03931815031207262	0.04243928183169075	0.045641481702467804	0.04839780564187083	0.0526944282532932	0.05666677746007992	0.06157141270519413	0.06590856949219595	0.070975341439628	0.07575837415800384	0.08001446259384674	0.08366253839599781	0.0884050369387942	0.09314753548159059	0.09849804665807882	0.10441603629267944	0.11130684614118702	0.11815712181411514	0.1261828885788475	0.1353436122598046	0.1452744852767714	0.15690779366807536	0.1706894133650905	0.1843494305353673	0.19780677682774678	0.21252068256308942	0.22593749467988947	0.23838148658278255	0.2521631062797977	0.26752555882441165	0.28410403663640926	0.3000339676391356	0.315436954359329	0.3331098549119719	0.3541470920377098	0.3729549495065775	0.3877904577686585	0.4008424623052434	0.41174615553611715	0.42439281831690756	0.4363909342884266	0.44774050345067434	0.4585225941548097	0.4710071202332823	0.4827214969757452	0.49617884326812467	0.5108522148278878	0.527390158464306	0.5452251957192668	0.5589662812407025	0.5689376884332488	0.5753420881748028	0.5787469589234772	0.579800847488543	0.5804088601222349	0.5805709968245527	0.5806115310001322	0.5806115310001322	0.5806115310001322
209149_HY5CNBGXT_TCDM_2_G03_A03_3_3_i_CACACT_S23_trim1 - polyg	0.0	0.0	4.0534175579456304e-05	0.00012160252673836892	0.002350982183608466	0.0039318150312072616	0.0039318150312072616	0.0039318150312072616	0.004012883382366174	0.004093951733525087	0.004093951733525087	0.004093951733525087	0.004093951733525087	0.004093951733525087	0.004093951733525087	0.004093951733525087	0.004093951733525087	0.004093951733525087	0.004093951733525087	0.004134485909104544	0.004134485909104544	0.004134485909104544	0.004134485909104544	0.004134485909104544	0.004175020084684	0.004175020084684	0.004215554260263456	0.004215554260263456	0.004215554260263456	0.004256088435842912	0.004256088435842912	0.004256088435842912	0.004296622611422368	0.004296622611422368	0.004296622611422368	0.004337156787001825	0.004377690962581281	0.004377690962581281	0.005553182054385514	0.007823095886835068	0.009160723680957125	0.009484997085592776	0.009728202139069513	0.009930873016966796	0.011795445093621786	0.01568672594924959	0.018605186590970445	0.022820740851233902	0.02918460641720854	0.0324678746391445	0.03425137836464058	0.03494045934949134	0.03502152770065025	0.03522419857854753	0.0353458011052859	0.03546740363202427	0.03546740363202427	0.0356295403343421	0.035832211212239375	0.036075416265716115	0.03623755296803394	0.03644022384593122	0.036602360548249044	0.03696716812846415	0.0372914415330998	0.037858919991212193	0.03891280855627805	0.04324996534327988	0.05759906349840741	0.08856717364111204	0.12687196956369823	0.15321918369034485	0.169757127326763	0.1805392180308984	0.18605186590970446
209150_HY5CNBGXT_TCDM_2_H03_X4_32_1_o_CCGCAA_S24_trim1 - polya	9.541748010068452e-05	0.00024808544826177974	0.0004198369124430119	0.001011425289067256	0.001793848625892869	0.0031106098512823153	0.0052097944134973755	0.007022726535410381	0.00887382564936366	0.010534089803115572	0.012079852980746661	0.013453864694196517	0.01522862982406925	0.016946144465881573	0.01860640861963348	0.020572008709707584	0.022213189367439358	0.023968871001291952	0.025877220603305644	0.02788098768542002	0.029732086799373298	0.03156410241730644	0.034006789907883965	0.036659395854682995	0.03929291830546189	0.042002774740321325	0.044731714671200906	0.04767057305830199	0.050285012013060744	0.053033035439960456	0.05623906277134346	0.06001759498333056	0.0637579602032774	0.06810899729586861	0.07341420918946667	0.0786049201069439	0.0853223107060321	0.0922496197613418	0.10036010556989998	0.10824158942621652	0.11730625003578156	0.12614190869310493	0.13388980807728051	0.14219112884604007	0.15112220498346415	0.16007236461690835	0.1703774524677823	0.18033903739029375	0.1906059582491274	0.2021323898452901	0.2146893302265402	0.22476541612517248	0.2340972456790194	0.241845145063195	0.24875337062248457	0.25604326610217687	0.2635812470301309	0.27056580657350104	0.27734044766064964	0.28401967126769756	0.2920919900842155	0.3003742273569549	0.3100304763431442	0.32151874094726657	0.3333314249837313	0.34249150307339704	0.350850074330217	0.3556972823193318	0.35800638533776835	0.3592849795711175	0.35987656794774175	0.3602009873800841	0.36023915437212434	0.36023915437212434	0.36023915437212434
209151_HY5CNBGXT_TCDM_2_A04_A04_3_3_i_TTTATG_S25_trim1 - polya	7.234426901361122e-05	0.00018086067253402803	0.00043406561408166727	0.0008681312281633345	0.002007553465127711	0.0034182667108931296	0.0051545291672197985	0.006529070278478412	0.008337677003818692	0.009893078787611333	0.011303792033376753	0.013365603700264671	0.015318898963632175	0.016801956478411203	0.018664821405511692	0.020600030601625793	0.022408637326966074	0.023964039110758714	0.025844990105112604	0.027400391888905248	0.029136654345231917	0.03110803567585282	0.033151761275487336	0.03521357294237526	0.037438159214543805	0.03949997088143172	0.041399007943039016	0.04429277870358347	0.04680674205180645	0.049031328323975	0.05168998021022521	0.05518059119013195	0.0587435464390523	0.062360759889732865	0.06565242412985217	0.06925155151327933	0.07281450676219968	0.07684769975970851	0.08160433544735345	0.08701206955612088	0.09229320119411451	0.09688706227647882	0.10242139885602007	0.10791956330105452	0.11473801065558738	0.12099578992526475	0.12795892581782484	0.13566359046777443	0.1426990706293481	0.15204956739935738	0.16205116259048913	0.17053352813233502	0.17720728694884066	0.18268736532662172	0.18764294775405407	0.1934847474769032	0.19950740787228632	0.2046619370395061	0.20988881047573954	0.21524228638274676	0.2213734631816503	0.22763124245132768	0.23591466125338617	0.24465023173677972	0.25392838423777536	0.2611266390046297	0.26733016007254684	0.2729006687865949	0.27662639864079586	0.2790499316527518	0.28031595636049006	0.28147346466470785	0.2817447556735089	0.2817447556735089	0.2817447556735089
209152_HY5CNBGXT_TCDM_2_B04_X4_32_2_o_AACGCC_S26_trim1 - polya	0.0	0.0021330148031227336	0.008532059212490934	0.010665074015613668	0.02346316283435007	0.036261251653086475	0.05119235527494561	0.07252250330617295	0.09171963653427755	0.11091676976238216	0.11518279936862762	0.13437993259673223	0.16637515464357322	0.1834392730685551	0.20690243590290516	0.2154344951153961	0.2282325839341325	0.23889765794974618	0.2602278059809735	0.287956998421569	0.3050211168465509	0.3156861908621646	0.328484279680901	0.3476814129090056	0.36474553133398746	0.3818096497589693	0.3967407533808285	0.41593788660893305	0.43300200503391495	0.4500661234588968	0.4671302418838787	0.4820613455057378	0.5012584787338424	0.5225886267650698	0.5396527451900516	0.5716479672368926	0.6079092188899791	0.6335053965274519	0.6527025297555565	0.6825647369992748	0.6932298110148885	0.7060278998336248	0.7252250330617295	0.744422166289834	0.7721513587304296	0.7892154771554114	0.8233437140053752	0.8404078324303571	0.8532059212490934	0.8788020988865662	0.8958662173115481	0.91293033573653	0.9299944541615118	0.9449255577833711	0.953457616995862	0.9641226910114756	0.9897188686489484	1.0067829870739302	1.0238471054989122	1.0281131351051576	1.0430442387270167	1.0537093127426305	1.0793054903801031	1.0963696088050852	1.113433727230067	1.1240988012456807	1.128364830851926	1.128364830851926	1.1347638752612943	1.1411629196706625	1.1496949788831534	1.153961008489399	1.1560940232925216	1.1560940232925216	1.1560940232925216
209152_HY5CNBGXT_TCDM_2_B04_X4_32_2_o_AACGCC_S26_trim1 - polyg	0.0	0.0	0.0021330148031227336	0.0021330148031227336	0.004266029606245467	0.004266029606245467	0.004266029606245467	0.004266029606245467	0.004266029606245467	0.004266029606245467	0.004266029606245467	0.004266029606245467	0.004266029606245467	0.004266029606245467	0.004266029606245467	0.004266029606245467	0.004266029606245467	0.004266029606245467	0.004266029606245467	0.006399044409368201	0.006399044409368201	0.006399044409368201	0.006399044409368201	0.006399044409368201	0.006399044409368201	0.006399044409368201	0.006399044409368201	0.006399044409368201	0.006399044409368201	0.006399044409368201	0.006399044409368201	0.006399044409368201	0.006399044409368201	0.006399044409368201	0.006399044409368201	0.006399044409368201	0.006399044409368201	0.006399044409368201	0.006399044409368201	0.008532059212490934	0.008532059212490934	0.008532059212490934	0.008532059212490934	0.008532059212490934	0.008532059212490934	0.012798088818736402	0.01706411842498187	0.021330148031227337	0.03412823684996374	0.038394266456209206	0.044793310865577404	0.04692632566870014	0.04905934047182287	0.04905934047182287	0.04905934047182287	0.04905934047182287	0.04905934047182287	0.04905934047182287	0.04905934047182287	0.04905934047182287	0.04905934047182287	0.04905934047182287	0.05119235527494561	0.05119235527494561	0.05119235527494561	0.05545838488119108	0.07038948850305021	0.14291199180922315	0.32635126487777827	0.5631159080244017	0.8062795955803933	0.9214623949490209	0.9961179130583167	1.0430442387270167	1.064374386758244
209153_HY5CNBGXT_TCDM_2_C04_A27_3_1_o_CAAGCA_S27_trim1 - polya	0.0002076742037299042	0.00035870998826074366	0.0006419020842560676	0.0011516478570476507	0.0025487288639579153	0.003738135667138276	0.005135216674048541	0.006211346638830772	0.007268597130546647	0.008439124460660653	0.009496374952376528	0.011252165947547538	0.013007956942718547	0.014348399530429747	0.016255226310131595	0.0183886067666297	0.02006887986953529	0.021692514553241813	0.023127354506284788	0.024562194459327762	0.026299105981432414	0.02884783484539033	0.03137768423628189	0.03364322100424448	0.035531168310879976	0.03723032088685192	0.038702919786027606	0.04011888026600422	0.04144044338064907	0.04296968069902382	0.04515969957472099	0.04751963370801535	0.05003060362584056	0.05233389933993586	0.05565668659961433	0.05873404070943018	0.06198131007684323	0.0655117715402516	0.06996732718391137	0.07404529336624403	0.07821765691390847	0.08303192254582897	0.08692109399749809	0.09113121649129524	0.09622867421921107	0.10104293985113158	0.10623479494437918	0.11170984213362212	0.11752471983805943	0.12430245066888085	0.1311556993919677	0.1377257560190592	0.14372942845416006	0.14812834567862077	0.15230070922628522	0.15798343061925804	0.16355287517383274	0.16840489975188597	0.17306812959927564	0.17839214100398773	0.1836406345164344	0.18926671749020815	0.1959878099018305	0.20459684962008837	0.21328140723061162	0.2209653527686181	0.22706342256905074	0.23200984451243573	0.23538927019131325	0.2373716148632805	0.2385043832472618	0.23950499531977862	0.23988258478110572	0.23988258478110572	0.23988258478110572
209154_HY5CNBGXT_TCDM_2_D04_A27_3_3_o_GCTCGA_S28_trim1 - polya	3.875212724958521e-05	7.750425449917042e-05	0.00019376063624792602	0.00048440159061981507	0.001375700517360275	0.002635144652971794	0.0034489393252130833	0.004533998888201469	0.005444673878566722	0.006568485568804692	0.007866681831665797	0.009067997776402938	0.010811843502634273	0.012187544019994547	0.0136213727282292	0.015539603027083668	0.017574089707686893	0.01918230298854468	0.020674259887653708	0.022611866250132968	0.02493699388510808	0.027320249710957572	0.02962600128230789	0.031970504980907796	0.03408249591601019	0.03592322196036549	0.03757018736847286	0.03937216128557857	0.04080598999381322	0.04233669902017184	0.04409992081002796	0.04592127079075847	0.04830452661660796	0.050649030315207864	0.053167918586430905	0.05613245632102417	0.05931013075549016	0.0628559503988272	0.06700242801453282	0.07111015350298885	0.07479160559169945	0.07868619438028276	0.08263891135974046	0.08682414110269565	0.0911643793546492	0.09525272877948043	0.10094929148516947	0.10561892281874448	0.11057919510669138	0.1160432450488829	0.12270861093581156	0.12879269491399645	0.13353983050207063	0.13722128259078123	0.14080585436136786	0.1448554516589495	0.14840127130228656	0.15227648402724506	0.15553166271621022	0.1590387302322977	0.1626620541301339	0.16673102749134036	0.17186568435191038	0.17856980236608863	0.18529329644389167	0.19064109000433443	0.1951363367652863	0.19875966066312253	0.20176295052496537	0.20339053986944797	0.20499875315030575	0.20583192388617183	0.20604506058604455	0.20604506058604455	0.20604506058604455
209155_HY5CNBGXT_TCDM_2_E04_A27_3_2_o_GCGAAT_S29_trim1 - polya	4.834051834571012e-05	0.00012890804892189364	0.00027392960395902397	0.0006284267384942316	0.0017402586604455643	0.003190474210816868	0.004656803267303408	0.0061553593360204216	0.007234964245741281	0.00845959071049927	0.010006487297561994	0.011601724402970429	0.013487004618453122	0.015146695748322503	0.017257565049418513	0.01946511538720594	0.021157033529305796	0.023445151397669405	0.024879253441925472	0.026828987681869115	0.028730381403467047	0.03132465588802016	0.03370945479307519	0.03654543186935685	0.03862407415822238	0.04089607852047076	0.04249131562587919	0.044151006755748574	0.045859038403963666	0.04777654563167683	0.05004854999392521	0.052948981094667814	0.05633281737886752	0.05923324847961013	0.06264931177604031	0.06579144546851147	0.06946532486278544	0.07349370139159461	0.07839220725062658	0.0825333783222424	0.0869645925039325	0.09221759549749967	0.09711610135653162	0.10233687733786832	0.10807328551489259	0.11384192070414732	0.1200617340646287	0.12529862355208063	0.13137341535752486	0.13809274740757857	0.14639120305692546	0.15270769745409826	0.15810572200270256	0.163310384477924	0.16754823658623128	0.17249508296360894	0.17716799973702757	0.181824803004331	0.186658854838902	0.19150902017958824	0.19634307201415926	0.20130603189765217	0.20783200187432302	0.2155020307851757	0.22260808698199508	0.2291501704647812	0.23404867632381315	0.2379803718159309	0.2410902784961716	0.24345896389511137	0.24510254151886554	0.24618214642858638	0.24660109758758256	0.24660109758758256	0.24660109758758256
209156_HY5CNBGXT_TCDM_2_F04_X5_66_3_o_TGGATT_S30_trim1 - polya	4.7377699601063974e-05	0.00014213309880319194	0.00033164389720744783	0.0007264580605496477	0.0016108417864361753	0.0030163802079344066	0.004864110492375902	0.006553915111480517	0.007896283266843995	0.009491332486746483	0.011307477638120603	0.012791978892287274	0.01495556050740253	0.01651902459423764	0.01824041434640963	0.01983546356631212	0.02187270464915787	0.023862568032402557	0.02613669761325363	0.028142353563032	0.030274350045079883	0.033053841755008966	0.035722785499202235	0.038502277209131325	0.041708168215469986	0.04470875585687071	0.04777251376440618	0.05048883520820051	0.05350521541613492	0.0569479949204789	0.06097509938656934	0.06538122544946828	0.0708928311697254	0.07561480856329811	0.08058946702140983	0.08580101397752686	0.09164426359499142	0.0986403705694152	0.10710518623147196	0.114543485068839	0.12273982709982308	0.13276810684871496	0.14175407720638342	0.15094535092898984	0.16135265227469023	0.17220214548333387	0.18211987726648993	0.19213236444884813	0.20197113339933573	0.21283641917451307	0.22656015949228794	0.23838879182602024	0.24874871547211957	0.25666079130549724	0.26386220164485896	0.271805862611304	0.2793073317148058	0.28725099268125087	0.29517886108116226	0.3032646551464105	0.3105924060180417	0.3195625838091765	0.3303804918847528	0.3426355235148947	0.35558542807251886	0.3656295003879444	0.3731309694914462	0.3786741603447707	0.3823696209136537	0.3842805214642299	0.3851964903231838	0.3862387997144072	0.3863967253797441	0.3863967253797441	0.3863967253797441
209157_HY5CNBGXT_TCDM_2_G04_C17_3_1_i_ACCTAC_S31_trim1 - polya	0.00010948485550736194	0.00016422728326104293	0.0003102070906041922	0.0007846414644694273	0.0017882526399535784	0.002937843622780879	0.0043976416962123715	0.005784449865972289	0.007371980270829037	0.00848507630182055	0.009780647091991	0.010966733026654088	0.012536015955592943	0.014050556456778116	0.015291384819194885	0.0166781929889548	0.0184117032011547	0.019725521467243042	0.02131305187209979	0.0221524357643229	0.023666976265508073	0.02499904200751431	0.026531829984617377	0.028046370485802552	0.02998060293309928	0.03202432023590337	0.03384906782769274	0.03560082551581053	0.03757155291494304	0.03959702274182924	0.04211517441849856	0.04519899784862259	0.048684265748940275	0.05282644278230214	0.05691387738791032	0.06176770598207003	0.06653029719664028	0.07218701473118731	0.07857363130245008	0.08521571253656338	0.09193078367434825	0.09884657704722995	0.10525144109441062	0.11149207785833025	0.11820714899611512	0.1251046948930789	0.13278688225451216	0.1407245342787959	0.1481695044532965	0.1570925201771465	0.16661770260628697	0.1749385516248465	0.18147114800345243	0.18767528981553627	0.1927663355966286	0.19858728041443668	0.20493740203386365	0.2111597913218654	0.21679826138049454	0.2229476607648247	0.22913355510099065	0.23635955556447655	0.24475339448670763	0.253950122349326	0.2629278805009297	0.271631926513765	0.2781645228923709	0.2825256696367475	0.2854087708317747	0.2867408365737809	0.28752547803825035	0.2879451699843619	0.2879999124121156	0.2879999124121156	0.2879999124121156
209158_HY5CNBGXT_TCDM_2_H04_C17_3_1_o_CGAAGG_S32_trim1 - polya	0.00010070890436481024	0.0001294828770404703	0.0003021267130944307	0.0008919931529454621	0.0016401164425126238	0.0029205582265794967	0.004862801382186551	0.0066467876880774756	0.00850270892565755	0.010114051395494515	0.011452041124912707	0.01309215756742533	0.015163883600072856	0.01683277401526114	0.018659921280165553	0.020357585668029497	0.022371763755325704	0.024112589102203135	0.02589657540809406	0.027853205550038944	0.02996809254169996	0.03219807542406362	0.03462947611515689	0.03719035968329064	0.040110917909870134	0.04239844873758511	0.045419715868529414	0.04861362683552768	0.05190824670689076	0.05531796246895648	0.05875645220369786	0.06242513371984452	0.06672684263485569	0.07197809264816366	0.07734443855217427	0.08278271938787402	0.08922808926722187	0.0956590721602319	0.10352875368702492	0.11099559959635871	0.11824664071062505	0.12659109278656647	0.13336736335168442	0.1411651099467883	0.14948078805005405	0.15799788396204945	0.1674645209723416	0.17631251757010707	0.18603812033448017	0.19665571625179873	0.20809337039037362	0.21822180877220596	0.22612026427167464	0.23321304853622485	0.2406223465002073	0.2478014526827845	0.25495178489268605	0.26132521984034474	0.26866258287263806	0.27594239795958003	0.2824884767432927	0.2901999014203696	0.2995370555536213	0.3107013569517774	0.32225410698105494	0.33121719946952305	0.3383387577067489	0.3431727851162598	0.34626598717889323	0.34784855567605455	0.3487261618426622	0.34922970636448625	0.3494455111595537	0.3494455111595537	0.3494455111595537
209159_HY5CNBGXT_TCDM_2_A05_C17_3_2_i_AGATAG_S33_trim1 - polya	0.00011481612102537685	0.00019136020170896142	0.00034444836307613054	0.0009568010085448071	0.001875329976747822	0.003214851388710552	0.005147589425971062	0.007233415624598742	0.009414921924080902	0.011730380364759334	0.013643982381848949	0.015557584398938564	0.017796498758933414	0.01949960455414317	0.02202555921670146	0.024379289697721684	0.02713487660233073	0.029794783406085292	0.032320738068643586	0.03496150885222725	0.037334375353418374	0.03932452145119157	0.041927020194433444	0.04479742322006787	0.047132017680917196	0.0490838917383486	0.05203083884466661	0.05493951391064282	0.05779078091610635	0.060584639861057187	0.0629766423824192	0.06613408571061706	0.07034401014821422	0.07522369529179274	0.08012251645554215	0.08567196230510203	0.09213993712286492	0.09879927214233677	0.10656849633172061	0.11361055175461039	0.12130323186331064	0.12928295227457434	0.1369182243227619	0.14418991198770242	0.1521504963787952	0.15997712862869173	0.16837784148371515	0.17716127474215648	0.1860595241216232	0.1958954384894638	0.20760668283405223	0.21688765261693688	0.22454206068529534	0.23074213122066567	0.23621503298954197	0.24260646372662129	0.24894048640318792	0.25460474837377317	0.2601733302435039	0.2663351287385325	0.2719419826486051	0.27808464512346276	0.2845717559613965	0.2938144537039394	0.30286579124477325	0.31115168797877124	0.31672026984850205	0.320413521741485	0.32360923711002465	0.3249678945421583	0.3261925998330956	0.326671000337368	0.3269006325794188	0.3269006325794188	0.3269006325794188
209160_HY5CNBGXT_TCDM_2_B05_C17_3_2_o_TTGGTA_S34_trim1 - polya	0.00011091528401522202	0.0001848588066920367	0.0004066893747224807	0.0009982375561369981	0.0023107350836504585	0.0037711196565175485	0.005194532468046231	0.007024634654297394	0.009058081527909798	0.011054556640183793	0.01229311064502044	0.013901382263241158	0.016101202062876397	0.01798676189113517	0.019705948793371113	0.02181333918966033	0.02382830018260353	0.02575083177220071	0.027433046913098245	0.02937406438336463	0.031056279524262164	0.033015782875197755	0.03521560267483299	0.03717510602576858	0.03937492582540381	0.04187051971574631	0.04429217008341199	0.04627015931501678	0.048377549711306	0.0508916294823177	0.0544039468094664	0.05765746180724624	0.06189072848049389	0.06601307986972631	0.06941448191285977	0.07377714975079185	0.07802890230470869	0.08292766068204765	0.08828856607611672	0.09340915502148614	0.09913977802893928	0.10470402811036958	0.1098615888170774	0.11509309304646204	0.12071280076989996	0.12714588724278283	0.13380080428369615	0.14041874956327108	0.1470551807235152	0.15433861770718144	0.16315638278639158	0.1713086561615104	0.17776022851506249	0.18404542794259174	0.1889257004392615	0.19515544222478312	0.20036846057349858	0.20487901545678427	0.21023992085085333	0.21486139101815424	0.21988955056017764	0.22554623004495397	0.23175748594980639	0.23959549935354876	0.24850569383610494	0.2559739896264632	0.26161218323057034	0.2661966816365328	0.2703929765484421	0.2725003669447313	0.27403469504027517	0.27499596083507377	0.2752362772837734	0.2752362772837734	0.2752362772837734
209161_HY5CNBGXT_TCDM_2_C05_X5_66_2_i_GTTACC_S35_trim1 - polya	7.997280924485675e-05	0.0001599456184897135	0.000639782473958854	0.0011795989363616371	0.0025391366935242016	0.0037587220345082673	0.005338185017094188	0.0068976547973688945	0.008417138173021173	0.009796669132494952	0.011336145710458444	0.013255493132335006	0.015174840554211567	0.016874262750664774	0.018693644160985266	0.0204330527620609	0.0228322370394066	0.024991502889017733	0.026790891097027012	0.028450326888857787	0.03026970829917828	0.0319891236979427	0.03414838954755383	0.03620768938560889	0.038107043605174244	0.040226323050162945	0.04234560249515165	0.044624827558630065	0.04688405941979727	0.04942319611332147	0.052082292020712954	0.05500129955815023	0.05887998080652578	0.06297858728032468	0.06629745886398625	0.06957634404302537	0.07327508647059999	0.07761361137213348	0.0824319731291361	0.0866705320191135	0.09106903652758062	0.09618729631925145	0.10128556290861107	0.10704360517424076	0.11376132115080873	0.12025911190195333	0.12699682108083252	0.13385448947357897	0.141511885958774	0.15026890857108582	0.15942579522962194	0.1671231781194394	0.17422076493992042	0.18087850130955474	0.18653657756362838	0.19273447028010476	0.1984125397364896	0.20383069756282865	0.20922886218685646	0.21528680248715437	0.22124477677589618	0.22876222084491274	0.23657956294859747	0.24575644280944478	0.2546334246356239	0.26249075314393105	0.26950836715516724	0.2754663414439091	0.2802647099986005	0.2832836835475938	0.2853229901833377	0.2866425415358778	0.28684247355898995	0.28684247355898995	0.28684247355898995
209162_HY5CNBGXT_TCDM_2_D05_X5_66_1_i_CGCAAC_S36_trim1 - polya	0.00011290268860817517	0.00016935403291226276	0.00031989095105649634	0.000865587279329343	0.0019569799358750365	0.00327417796963708	0.004723095806775328	0.006059110955305401	0.007075235152778977	0.008335981842236934	0.00982253390891124	0.011327903090353576	0.01309671187854832	0.014564446830454597	0.015768742175608464	0.01729292847181883	0.01921227417815781	0.02073646047436817	0.022354732344418683	0.023973004214469195	0.025327836477767297	0.02711546238073007	0.02903480808706905	0.030540177268511385	0.03257242566345854	0.03451058848456554	0.03635466573183241	0.038217560093867294	0.04026862560358248	0.04230087399852963	0.04410731701626043	0.04634655367365591	0.04965836587282905	0.052669104235713714	0.05615027046779912	0.0591045574863797	0.06296206601382569	0.06644323224591109	0.07065826595394963	0.07402652949742686	0.07739479304090408	0.08162864386371065	0.08512862721056408	0.08941892937767473	0.09346460905280102	0.09884630387645736	0.10402101043766539	0.109572059294234	0.11533009641325094	0.12163382986054072	0.12855852809517546	0.13501279846060948	0.14233265610537282	0.14822241302776598	0.15377346188433458	0.16099923395525778	0.16598576936878554	0.17076531651986496	0.17569540058908859	0.18068193600261634	0.1861953506296489	0.19184048506005763	0.19778669332675486	0.2053511734635026	0.2130097391740905	0.21987798606442113	0.225579571839134	0.23045320456405355	0.23510103191175677	0.23756607394636858	0.2396924079151559	0.2408590690307737	0.2411789599818302	0.2411789599818302	0.2411789599818302
209163_HY5CNBGXT_TCDM_2_E05_C17_3_3_o_TGGCGA_S37_trim1 - polya	6.633238094774821e-05	0.00013266476189549643	0.00026532952379099286	0.0006854346031267316	0.0011939828570594678	0.0022774117458726887	0.003493505396581406	0.004687488253640874	0.0058151387297525935	0.007296561904252303	0.008844317459699762	0.01039207301514722	0.012227268888034921	0.013642359681586882	0.01527855841163134	0.01709164349086979	0.018816285395511244	0.020010268252570712	0.02155802380801817	0.023525884442801365	0.025383191109338316	0.027218386982226016	0.029119915236061465	0.03130888380733716	0.03354207396591135	0.035952150473679535	0.037986343489410476	0.04017531206068617	0.04309393682238709	0.045437680949207526	0.04798042221887121	0.05098749015516913	0.05527698412312351	0.059190594599040657	0.06286098634481606	0.06673037523343471	0.07017965904271761	0.07409326951863475	0.07873653618497713	0.08430845618458799	0.09016781650163908	0.09543018539016043	0.1004272247548908	0.10622025269099414	0.11258816126197797	0.1186022971345738	0.12543453237219188	0.13160344380033245	0.13828090348240576	0.14449403649784487	0.1524318114179254	0.15928615744919272	0.16516762855989306	0.17058477300395916	0.1750290425274583	0.18015874665408416	0.18508945363786677	0.19086037078032086	0.19590163173234973	0.20034590125584886	0.20543138379517623	0.21124652252492881	0.21774709585780813	0.22588386792073192	0.2340648615709542	0.24098553998316927	0.24737555934780234	0.2516650533157567	0.2551143371250396	0.25648520633129307	0.2573033056963153	0.2580550726803898	0.25820984823593457	0.25820984823593457	0.25820984823593457
209164_HY5CNBGXT_TCDM_2_F05_A03_3_2_o_ACCGTG_S38_trim1 - polya	9.742799827357586e-05	0.00011691359792829105	0.00025331279551129725	0.0007014815875697462	0.0016367903709960745	0.003254095142337434	0.004735000716095787	0.006800474279495596	0.008378807851527524	0.010872964607331068	0.012587697376946002	0.014321915746215653	0.016173047713413595	0.017673438886826664	0.01901794526300201	0.020654735633998084	0.022349982803958304	0.023811402778061944	0.025565106746986307	0.026948584322471086	0.028195662700372857	0.029890909870333077	0.03164461383925744	0.03347626020680067	0.03534687777365333	0.03713955294188712	0.03893222811012092	0.04128998566834145	0.043452887230014836	0.04544041839479578	0.04731103596164844	0.050428731906402874	0.053721798248049735	0.05693692219107774	0.059976675737213304	0.06319179968024131	0.06644589482257875	0.07051838515041421	0.07496110187168928	0.07926741939538133	0.08425573290698841	0.08901021922273891	0.09403750393365543	0.09892838944698894	0.10381927496032245	0.10933369966260684	0.11463378276868937	0.12084968905854351	0.12743582174183724	0.134294752820297	0.1426540750721698	0.14885049576236922	0.1548715460556762	0.16023008596072288	0.16478971627992622	0.17032362658186534	0.17535091129278185	0.18028076800542478	0.18567827910978088	0.1910952758137917	0.1965902149164214	0.2018902980225039	0.20978196588266357	0.2173813497480025	0.22572118640022057	0.2333205702655595	0.23879602376853445	0.2432387404898095	0.24641489323352808	0.24812962600314303	0.24984435877275796	0.2506432683586013	0.250935552353422	0.250935552353422	0.250935552353422
209165_HY5CNBGXT_TCDM_2_G05_X5_66_3_i_CAACAG_S39_trim1 - polya	0.00019204223905033832	0.00032007039841723057	0.0005547886905898663	0.0009602111952516916	0.0018137322576976397	0.0029659856919996698	0.0042249292591074435	0.005398520719970622	0.006444084021466908	0.007639013508891236	0.008919295102560157	0.01037028090871827	0.012205351192977058	0.013570984892890575	0.014851266486559498	0.016408942425523352	0.01824401270978214	0.019609646409695657	0.020953942083048026	0.022639646181378772	0.024154646067220332	0.025477603714011553	0.026779223334241622	0.028336899273205478	0.02993725126529163	0.03153760325737778	0.03288189893073015	0.03493034948060043	0.03642401133988084	0.038216405571017326	0.04088365889116091	0.04316682773320383	0.04557802473461363	0.04813858792195147	0.050955207428023105	0.05396386917314507	0.05705788302451163	0.06038661516805083	0.06412076981625185	0.0680896427566255	0.07193048753763227	0.07613407877017857	0.08012428973711339	0.08451992320871002	0.08925696510528502	0.09395133094873774	0.09902978127029113	0.10376682316686614	0.10846118901031886	0.1143078082880736	0.1207518923095405	0.12706794817164052	0.1327011871837838	0.13788632763814293	0.14187653860507773	0.14710435511255915	0.15199076319506222	0.15602365021511932	0.16054731184608284	0.1644308326802119	0.16846371970026902	0.17324343764996633	0.1794954794323829	0.1858115352944829	0.19315181643151805	0.19914780189520084	0.203906181818337	0.20825913923681133	0.21197195585845122	0.21423378667393297	0.21596216682538602	0.21685836394095426	0.21707174420656575	0.21707174420656575	0.21707174420656575
209166_HY5CNBGXT_TCDM_2_H05_X5_66_1_o_GATTGT_S40_trim1 - polya	0.00026082919339441373	0.0004347153223240229	0.001043316773577655	0.003477722578592183	0.007129331286113975	0.015649751603664823	0.02903898353124473	0.041819614007571004	0.054078586097108444	0.06564201367092745	0.07642295366456323	0.08859498268963586	0.10320141751972303	0.11841645380106383	0.13371843314686943	0.14710766507444933	0.16171409990453653	0.17571193328337006	0.19101391262917566	0.20422925842782597	0.2204876114827444	0.23978897179393102	0.2583947875893992	0.28030443983452996	0.299866629339111	0.3188202173924384	0.33351359528699037	0.34864168850386634	0.3642914401075312	0.3815931099360273	0.4007205841182843	0.4184569692691044	0.43888858941833353	0.4577552344071961	0.4809690326192989	0.5028786848644297	0.5280052304947582	0.557913644670651	0.5904303507804879	0.6252075765664097	0.6592892578366131	0.6938056544291406	0.7272787342480903	0.7589260097132792	0.7890952530825663	0.8249157956420659	0.857780274009762	0.8906447523774581	0.9247264336476615	0.9589820010467945	0.9999321844097174	1.0382740758386964	1.067313059369941	1.0919179466134807	1.1115670791825265	1.1306945533647836	1.1530389209322383	1.175904946886482	1.1979884852605422	1.2158118134758271	1.2365042628184506	1.257718370547863	1.2804974534376419	1.3080584048729849	1.3393579080803146	1.3617022756477692	1.37474373531749	1.3831772125705761	1.3860463336979145	1.3870027074070275	1.387176593535957	1.387176593535957	1.3873504796648866	1.3873504796648866	1.3873504796648866
209166_HY5CNBGXT_TCDM_2_H05_X5_66_1_o_GATTGT_S40_trim1 - polyg	0.0	0.0	0.0	0.0	0.0011302598380424594	0.0027821780628737463	0.0027821780628737463	0.0027821780628737463	0.0028691211273385512	0.0028691211273385512	0.0028691211273385512	0.0028691211273385512	0.0028691211273385512	0.0028691211273385512	0.0028691211273385512	0.0029560641918033558	0.0029560641918033558	0.0029560641918033558	0.0031299503207329648	0.0031299503207329648	0.0031299503207329648	0.0031299503207329648	0.0031299503207329648	0.0031299503207329648	0.0032168933851977693	0.0032168933851977693	0.0032168933851977693	0.0032168933851977693	0.0032168933851977693	0.0033038364496625738	0.0033038364496625738	0.0033038364496625738	0.0033038364496625738	0.0033038364496625738	0.0033038364496625738	0.0033038364496625738	0.0033038364496625738	0.0033907795141273787	0.0036516087075217922	0.0037385517719865967	0.0037385517719865967	0.0037385517719865967	0.0037385517719865967	0.003999380965381011	0.004347153223240229	0.004955754674493861	0.005564356125747493	0.0074771035439731934	0.011041769187030181	0.012345915154002251	0.012954516605255883	0.013389231927579905	0.013563118056509515	0.013563118056509515	0.013650061120974319	0.013737004185439123	0.013823947249903929	0.013823947249903929	0.013997833378833537	0.014084776443298341	0.01425866257222795	0.014519491765622365	0.014693377894551973	0.015301979345805605	0.016258353054918455	0.017388612892960915	0.022083538374060362	0.051731123356558724	0.15032455845964712	0.3019532628862663	0.42810764942469776	0.4908805419682866	0.5304396362997728	0.5532187191895516	0.5648690898278353
209167_HY5CNBGXT_TCDM_2_A06_X5_66_2_o_CTCTCG_S41_trim1 - polya	9.222859706285121e-05	0.00020290291353827265	0.00036891438825140485	0.0008485030929782311	0.0020474748547952967	0.0041133954290031634	0.0059026302120224776	0.007433624923265807	0.00916752254804741	0.010790745856353591	0.012100391934646078	0.013686723804127119	0.015549741464796714	0.017043844737214903	0.018851525239646786	0.02060386858384096	0.022817354913349387	0.024864829768144685	0.027096761817065683	0.02918112811068612	0.031099482929593428	0.03294405487085045	0.035009975445058315	0.03727879893280446	0.03987964536997686	0.042425154648911556	0.044823098172545685	0.04735016173206781	0.05048593403220475	0.053123671908202295	0.05589052982008783	0.05886029064551164	0.06269700028332625	0.06732687585588137	0.07179073995372338	0.07669730131746706	0.08143785120649762	0.08783851584265949	0.09471876918354818	0.10093497662558436	0.10775989280823535	0.11515662629267602	0.12153884520942532	0.12816085847853803	0.13564982056004155	0.14376593710157246	0.15180827076545308	0.16009039878169712	0.16759780658261322	0.17730025499362517	0.18820167516645417	0.19727696911743872	0.2047290397601171	0.2110559215186287	0.2174934775936157	0.22520378830807009	0.23202870449072108	0.23922253506162347	0.24529117674835907	0.25169184138452094	0.25788960310714454	0.2660057196486755	0.2750625678802474	0.28483879916890964	0.29513151060112386	0.3041699131132833	0.310404566274732	0.31523734476082543	0.31839156278037495	0.3203652547575199	0.3216195636775747	0.32259718680644095	0.3227631982811541	0.3227631982811541	0.3227631982811541
209168_HY5CNBGXT_TCDM_2_B06_A27_3_2_i_TGACAC_S42_trim1 - polya	0.00028885814154448893	0.00042217728379579153	0.0008221347105496992	0.0017553687063088174	0.003288538842198797	0.005177226690758917	0.007443652109031061	0.009776737098428856	0.011754304375156512	0.013509673081465329	0.015153942502564728	0.017087070065208616	0.019509034482773944	0.021353282617250297	0.023153091037642883	0.025219537742538073	0.02715266530518196	0.02968572900795671	0.031685516141726246	0.03364086356141202	0.0362628066923543	0.038818090252170936	0.041306714240861915	0.044173075799264924	0.046772799073165325	0.048505947922432256	0.05068349391253687	0.05277216047447394	0.05494970646457855	0.05710503259764128	0.059460337444080955	0.06261555714402844	0.06643737255523245	0.06988145039672444	0.07343662752342583	0.07721400322054608	0.0811691377740014	0.08579086803871322	0.09050147773159258	0.09547872570897453	0.10050041340044026	0.10603315780386932	0.11174366106363345	0.11740972460931381	0.1253422135732663	0.13325248268017692	0.14162936878496712	0.15020623360313423	0.15764988571216532	0.166115651245123	0.17495915434779274	0.18255834545611702	0.1907574727045721	0.1978900468150168	0.20453378407054004	0.21164413832394285	0.2174435210118745	0.2234873221272669	0.22926448495815668	0.23521940664538152	0.24150762618823463	0.2488179591550144	0.25692820697530194	0.26630498664697694	0.2760817237454058	0.2841919715656933	0.29048019110854645	0.29607959508310117	0.30074576506189676	0.30372322590550915	0.30590077189561377	0.3075228214596713	0.30814497745684405	0.30814497745684405	0.30814497745684405
209169_HY5CNBGXT_TCDM_2_C06_C64_3_1_o_AAGACA_S43_trim1 - polya	0.0003594651876937492	0.000619078934361457	0.0010184846984656229	0.0019970288205208293	0.0037344438943739504	0.005711502426689571	0.008267699316956232	0.010084995543630187	0.011782470041072891	0.01367964742056768	0.015616765376472884	0.01753391304417288	0.019750615034951	0.02210710904316558	0.024942889968305154	0.027638878876008275	0.030814154700636393	0.03374978706680201	0.03598645934578534	0.03870241854169367	0.041458318314012414	0.0445537129858197	0.048927206102760315	0.05236209567405614	0.056176420721250925	0.05913202337562175	0.061528457960246745	0.06422444686794987	0.0674396632689884	0.07029541448233319	0.074209590970554	0.07820364861159566	0.0825971120167415	0.08605197187624253	0.09044543528138835	0.09461922551627688	0.09999123304347791	0.10480407250093311	0.11071527780967477	0.11578773101379768	0.12161905516971849	0.12778987422512786	0.13334161434617575	0.1394724928251747	0.14554346043955801	0.15253306131138092	0.15910328613089444	0.16605294642630694	0.172962666145309	0.18081098940995588	0.19059643063050793	0.19816516986028188	0.20485521640902665	0.2117050252634131	0.21759626028394954	0.22358734674551203	0.2297581658009214	0.2363084203322297	0.24203989304712448	0.2483305338317651	0.2542816797169172	0.2606721719425838	0.2685804060718463	0.2782260552749619	0.2869730415088431	0.2950809785201577	0.3021304902565962	0.30720294346071914	0.31109714966073476	0.31329388136330766	0.3156104347951118	0.3170283252576816	0.3175874933274275	0.3175874933274275	0.3175874933274275
209170_HY5CNBGXT_TCDM_2_D06_X9_35_2_i_ACAGAT_S44_trim1 - polya	0.0002120971744414421	0.000441869113419671	0.0008130391686921946	0.0020856222153408472	0.004153569666144908	0.006628036701295066	0.009296926146349879	0.01152394647798502	0.01337979675434764	0.015536118027835633	0.017657089772250053	0.019672012929443754	0.021563212734879947	0.02348976206938971	0.025575384284730558	0.02797915226173357	0.03061269217771481	0.03260994057037172	0.03547325242533119	0.037682597992429546	0.03946774921064502	0.04275525541448737	0.045388795330468606	0.04812838383367057	0.05097402092409325	0.053395463665633046	0.055339687764679596	0.05763740715446189	0.06058909283210529	0.06304588510271866	0.06599757078036206	0.0693027517487412	0.0732088747113711	0.07729174531936886	0.08148066451458734	0.08593470517785762	0.0908129401900108	0.09581489855392146	0.10083453168236893	0.10620766010155212	0.1113510165817571	0.11670647023640351	0.12186750148114527	0.1284248391242932	0.13487612818022038	0.14254697598918586	0.15064201814703423	0.15946172565089087	0.1669558258144885	0.17600530525732336	0.18567340145894576	0.19498800236983244	0.20409050610627766	0.21174367915070635	0.21865451208459	0.2272444476494684	0.23473854781306602	0.24099541445908856	0.24735832969233185	0.2533677496348394	0.259783689161693	0.26796710514222527	0.27636261829719905	0.28705585084195506	0.2984560739681826	0.30815951969887856	0.3154061731589612	0.3219458360375723	0.3274603625730498	0.3309069416577232	0.3339470011580506	0.3356614533181189	0.33638611866412715	0.33638611866412715	0.33638611866412715
209171_HY5CNBGXT_TCDM_2_E06_C64_3_1_i_TAGGCT_S45_trim1 - polya	1.727455240770984e-05	0.00010364731444625903	0.0004664129150081657	0.001191944116131979	0.0030403212237569317	0.00537238579879776	0.007462606640130651	0.008758198070708888	0.010088338606102547	0.011383930036680784	0.01302501251541322	0.014787016860999622	0.01635900113010122	0.017896436294387395	0.019865735268866317	0.022284172605945694	0.024512589866540264	0.026309143316942087	0.027622009299928033	0.029470386407552986	0.03143968538203191	0.03460092847264281	0.037243934991022416	0.03983511785217889	0.042702693551858725	0.04472381618356078	0.04658946784359344	0.04843784495121839	0.05066626221181296	0.0531883468633386	0.05586590248653362	0.05873347818621345	0.062136565010532295	0.06538418086318175	0.06873544403027745	0.07194851077811149	0.07618077611800039	0.08043031601029701	0.08519809247482493	0.09015588901583765	0.09483729271832703	0.10072791508935608	0.10573753528759193	0.1112999411628745	0.11660322875204142	0.12292571493326322	0.12942094663856213	0.13614074752516125	0.14355153050806876	0.15192968842580803	0.16084335746818632	0.16878965157573284	0.176459552844756	0.18316207917894745	0.1901237237992545	0.1980181942495779	0.20430613132598427	0.21043859743072127	0.21615647427767323	0.22228894038241023	0.22864597566844744	0.235935836784501	0.24445219112150193	0.2543159605463043	0.2648016138577841	0.272609711546069	0.27948498340433753	0.28399364158274976	0.28855412341838516	0.2913526009084342	0.2935119199593979	0.29485933504719924	0.29544666982906137	0.29544666982906137	0.29544666982906137
209172_HY5CNBGXT_TCDM_2_F06_C14_3_1_o_CTCCAT_S46_trim1 - polya	0.00019060553819986238	0.00036388330019973726	0.0005544888383995996	0.0011956165577991368	0.0023912331155982736	0.0037254718829973104	0.0050770384265963345	0.006393949417795384	0.007693532632794446	0.009339671371793257	0.010604599034392344	0.012164098892391218	0.014035498721989866	0.015508359698988804	0.017431742857187415	0.019424437120185975	0.021919636892984175	0.023998970036982672	0.02602631985238121	0.028417552967979483	0.030202313916578193	0.032541563703576505	0.03510607458117465	0.037168079948973164	0.039853885259971224	0.04189856285156975	0.043925912666968284	0.045710673615566993	0.047599401221365634	0.04983468435116402	0.05246850633356212	0.05515431164456018	0.05865452243695765	0.06173886660055542	0.06485786631655317	0.06821945489935075	0.07237812118734774	0.07615557639894502	0.0802102760297421	0.08442092564633905	0.08871821414393595	0.09329274706073264	0.0975033966773296	0.10136749076992681	0.10604599034392344	0.11115768432291974	0.11644265606391593	0.12124245007131246	0.12678733845530846	0.13292137123010403	0.14011239835309883	0.1458478922752947	0.15144476398789067	0.15688568571468672	0.16120030198848362	0.16679717370107958	0.17190886768007588	0.1764834005968726	0.18176837233786877	0.18625626637366552	0.19150658256226175	0.1972420764844576	0.203601370349853	0.21115628077304754	0.21923102448224172	0.22706317932463607	0.23302393433743177	0.23737320616362861	0.24118531692762588	0.2434899111622242	0.24539596654422283	0.2466608942068219	0.24719805526902153	0.24719805526902153	0.24719805526902153
209173_HY5CNBGXT_TCDM_2_G06_X9_35_2_o_GCATGG_S47_trim1 - polya	5.62203402567433e-05	0.0001686610207702299	0.00035606215495937425	0.0008995254441078928	0.0029609379201884804	0.004591327787634036	0.006502819356363309	0.00841431092509258	0.00996974033886248	0.011562649979470206	0.013193039846915762	0.015010830848550462	0.01682862185018516	0.018740113418914434	0.020895226462089595	0.023781203928602418	0.026517260487763924	0.028672373530939085	0.030658825553344014	0.03322622109173529	0.03541881436174828	0.038623373756382647	0.04199659417178725	0.04506997277248921	0.04728130615592112	0.049511379652771935	0.05161027235569035	0.05376538539886551	0.05627656059700004	0.05863781488778327	0.06161749292139066	0.06469087152209263	0.06778299023621351	0.07104376997110462	0.07404218811813093	0.07715304694567073	0.0812758718978319	0.0854361770768309	0.09008372520472169	0.09536843718885556	0.09999724520332742	0.10516951650694781	0.10976084429458184	0.1148956353713644	0.12014286712866043	0.12660820625818592	0.13331716686215728	0.13946392406356123	0.14504847786239772	0.151776178579788	0.16004056859752927	0.1662997664794467	0.17312116776393155	0.1786682413359302	0.1830534278759562	0.18845058054060354	0.19392269365892656	0.19902000450887128	0.2035551119562486	0.2081464397438826	0.21256910651074643	0.2185284625779612	0.22467521977936514	0.2329021295702686	0.24169124276373946	0.24821280223352168	0.2539472769397095	0.25874474597495156	0.2624927686587345	0.265884729187558	0.26841464449911145	0.27028865584100287	0.2711881812851108	0.2711881812851108	0.2711881812851108
209174_HY5CNBGXT_TCDM_2_H06_C64_3_2_o_AATAGC_S48_trim1 - polya	0.0002713922550397542	0.00041507050770785934	0.000750319763933438	0.0014048540260881393	0.003208814309587682	0.005332059599016347	0.008253517403267819	0.011079189705740553	0.013489791500505428	0.015676893791119917	0.017305247321358443	0.01974777761671623	0.022110486660591736	0.024329517451799138	0.027075368502789594	0.03014050455970917	0.03299810536277482	0.035424671407836145	0.037819308952304564	0.04034166049914464	0.04295979754776344	0.04616861185735112	0.04980846092494312	0.05311306073630954	0.05707219480983066	0.060408723121789985	0.0634259664278202	0.06677845899007598	0.06963605979314164	0.07351537261518047	0.07713925743247602	0.0811462842568865	0.08596748784641625	0.09061308468268499	0.09554603802428993	0.10111756137775312	0.10667312048091984	0.11301092784861293	0.12070569649150478	0.12852817913676828	0.13668591103825736	0.14564185545456926	0.15320891009508947	0.16149435599895018	0.1702587294117046	0.1797255298375031	0.18971915052308463	0.19945734320392286	0.20951482089069023	0.22096118835324927	0.23438712285256888	0.24519492030326967	0.2552364337397406	0.2637294148974552	0.271807325547462	0.27986927194717237	0.28775561159362173	0.2959452719957037	0.30416686089837863	0.312021272044235	0.3208814309587682	0.3298852681259694	0.3406771013263738	0.35276203880079104	0.3645596197698721	0.3745053477045643	0.3829025433605002	0.3885858164660386	0.3923374152857058	0.39487573108284235	0.3964561918621915	0.39723844012671783	0.3975417608823505	0.3975417608823505	0.3975417608823505
209175_HY5CNBGXT_TCDM_2_A07_X9_35_1_i_GTGCCA_S49_trim1 - polya	2.2626819931694155e-05	4.525363986338831e-05	0.0002036413793852474	0.00042990957870218895	0.0013349823759699552	0.002579457472213134	0.0039370666681147835	0.005543570883265068	0.007082194638620271	0.008485057474385308	0.009729532570628486	0.01115502222632522	0.013078301920519222	0.014820567055259672	0.016947488128838922	0.018961275102759703	0.021088196176338954	0.02264944675162585	0.024731114185341713	0.026858035258920963	0.02875868813318327	0.031021370126352688	0.033442439859043965	0.03615765825084726	0.03875974254299209	0.04118081227568336	0.04364713564823803	0.04597769810120252	0.04855715557341566	0.05129500078515065	0.054575889675246306	0.05781152492547857	0.061318682014891164	0.06539150960259611	0.06932857627071089	0.0739218207168448	0.07899022838154429	0.08507684294317003	0.0914123525240444	0.09765735482519197	0.1037665962067494	0.11069040310584781	0.11743319544549267	0.12383658548616211	0.13076039238526052	0.1381367356829928	0.14569409354017868	0.1540886437348372	0.1622569257301788	0.17128502688292477	0.1816028567717773	0.19119662842281562	0.19911601539890858	0.20570041999903158	0.2128504950974469	0.21927651195804806	0.22665285525578036	0.2335314085150154	0.23982166445602635	0.24502583304031603	0.2510671939620783	0.259009207758103	0.2679015479912588	0.27810624378045284	0.2886503418686224	0.2970222652433492	0.30292786524552134	0.3066839173541826	0.3086298238683083	0.3098742989645515	0.3105304767425706	0.310869879041546	0.3109151326814094	0.3109151326814094	0.3109151326814094
209176_HY5CNBGXT_TCDM_2_B07_C64_3_3_i_TCGAGG_S50_trim1 - polya	0.00014099814939928914	0.00025849660723203005	0.0005404929060306083	0.0016214787180918251	0.0038069500337808066	0.007801897600093999	0.01259583467966983	0.01727227330141292	0.02089122580266134	0.025003671826807274	0.02895162000998737	0.03322856387509914	0.039596980289633696	0.04462591428487501	0.05010134241988074	0.05602326469465088	0.062438680492318537	0.06810210615985665	0.07440002349969156	0.08119143436242399	0.08784184707575714	0.09545574714331874	0.10497312222777076	0.11345651088329466	0.1225508915195488	0.13129277678230472	0.13972916605469554	0.14903504391504863	0.1593749082043298	0.16983227095144376	0.17986663925035984	0.1902300032312076	0.20009987368915783	0.2114502247158006	0.22327056957377434	0.23737038451370326	0.2525041858825603	0.26881297182974473	0.28627324266369003	0.3034750168904033	0.3214052815556796	0.3414505184619452	0.35956878065975384	0.37599506506477104	0.39199835502159036	0.40828364127720823	0.4266134006991158	0.44430866844872663	0.4633669183091972	0.4844461416443909	0.5086978233410686	0.530787533413624	0.549352289751197	0.5656140763152484	0.5797373909467438	0.5949416913903005	0.6097229973856593	0.6233998178773904	0.6372176365185207	0.6494609758246923	0.6621508092706283	0.6770731134153865	0.6935463972035367	0.7131921393531709	0.7314748993919454	0.7470081955174338	0.758029550862145	0.7637164762212496	0.7667714361249008	0.7678759216285286	0.7683459154598596	0.7686984108333578	0.768792409599624	0.768792409599624	0.768792409599624
209176_HY5CNBGXT_TCDM_2_B07_C64_3_3_i_TCGAGG_S50_trim1 - polyg	0.0	0.0	7.049907469964457e-05	0.00014099814939928914	0.0019269747084569514	0.003125458978350909	0.0031489586699174573	0.0031724583614840055	0.0031724583614840055	0.0031724583614840055	0.0031724583614840055	0.0031724583614840055	0.0032429574361836503	0.0032899568193167465	0.0033134565108832946	0.0033369562024498428	0.0033369562024498428	0.003360455894016391	0.0034074552771494876	0.0034309549687160357	0.003454454660282584	0.003477954351849132	0.003477954351849132	0.003477954351849132	0.00350145404341568	0.00350145404341568	0.0035249537349822282	0.0035484534265487764	0.003571953118115325	0.003571953118115325	0.003571953118115325	0.003595452809681873	0.003595452809681873	0.0036894515759480656	0.0037364509590811622	0.0038304497253473548	0.003877449108480451	0.004206444790412126	0.009775871691684047	0.018846752636371648	0.022301207296654232	0.02375818817378022	0.02453367799547631	0.02502717151837382	0.030150104279881327	0.0402314719619305	0.04674088652586435	0.05393179214522809	0.06380166260317834	0.06859559968275417	0.07059307346591076	0.07162705989483888	0.07195605557677055	0.07216755280086949	0.07228505125870223	0.07254354786593425	0.0728020444731663	0.07308404077196487	0.07360103398642893	0.07432952442499192	0.07503451517198836	0.07557500807801898	0.07658549481538054	0.07764298093587521	0.07881796551420263	0.07996945040096348	0.08163792850218841	0.0849983843962048	0.09717122462767676	0.12436036777017302	0.16724730487912345	0.19866639250359838	0.21955761830625972	0.23410392738595306	0.2426578151161766
209177_HY5CNBGXT_TCDM_2_C07_C17_3_3_i_CACTAA_S51_trim1 - polya	0.0004966206002777351	0.0007863159504397472	0.001055318775590187	0.0016967870509489282	0.002586565626446537	0.00424196762737232	0.0060629098283906824	0.008049392229501623	0.010304877455763002	0.012394822481931805	0.014236457207961739	0.016181554559049533	0.01858188746039192	0.02081668016164173	0.022844547612775813	0.02516211041407191	0.027107207765159708	0.029155767741305363	0.031431945492578314	0.033687430718839693	0.03571529816997378	0.03801216844625831	0.04047457892263541	0.04355776514935968	0.04651679622601452	0.04943444225264621	0.052227933129208474	0.055062809055793874	0.05777352983230984	0.06098087120910355	0.06449860046107084	0.06814048486310757	0.0734170787410585	0.0790247530191946	0.08486004507245798	0.09061256702567508	0.09706863482928563	0.1043317111083475	0.11287772393812687	0.12154789191797566	0.129514514047431	0.13847437737744178	0.14648238455692028	0.1543041590112946	0.16338817749137483	0.17323781939688326	0.1823218378769635	0.19244048260762234	0.20235220208816546	0.21282261974402106	0.2254864450511033	0.23651556088227133	0.2448339559369234	0.25340066129171435	0.26122243574608867	0.2695201382757291	0.27670044445474473	0.28443944880907274	0.29124728953788004	0.2997312247926247	0.3072012263218023	0.31671978782712557	0.3256796511571363	0.33658461183823496	0.34860696886995846	0.3581876079503164	0.36594730482965604	0.37147220900774586	0.37567279158509503	0.3774937337861134	0.37885944043687714	0.37972852648736316	0.3799975293125136	0.3799975293125136	0.3799975293125136
209177_HY5CNBGXT_TCDM_2_C07_C17_3_3_i_CACTAA_S51_trim1 - polyg	0.0	0.0	4.138505002314459e-05	0.00016554020009257835	0.0019864824011109404	0.003434959151921001	0.003455651676932573	0.0034763442019441456	0.0034970367269557177	0.0034970367269557177	0.00351772925196729	0.0035591143019904348	0.0035591143019904348	0.003662576927048296	0.003724654502083013	0.0037453470270945853	0.0038281171271408745	0.003848809652152447	0.003869502177164019	0.003931579752198736	0.003952272277210308	0.003972964802221881	0.003972964802221881	0.003993657327233453	0.00405573490226817	0.004117812477302887	0.004159197527326031	0.004200582577349176	0.004304045202407038	0.004366122777441754	0.004428200352476471	0.004469585402499616	0.004490277927511188	0.004552355502545905	0.004635125602592194	0.004635125602592194	0.004655818127603766	0.004697203177626911	0.004697203177626911	0.004759280752661628	0.004800665802684773	0.004821358327696344	0.004842050852707917	0.004924820952754206	0.005111053677858357	0.005193823777904646	0.0052352088279277904	0.005442134078043514	0.005959447203332821	0.006269835078506405	0.006414682753587411	0.0064767603286221285	0.006559530428668418	0.006600915478691562	0.006683685578737851	0.0067043781037494235	0.006725070628760996	0.006745763153772568	0.006849225778830429	0.006869918303842002	0.006911303353865146	0.006952688403888291	0.007014765978923008	0.007138921128992442	0.007449309004166026	0.008318395054652062	0.012022357031723503	0.029611003291559954	0.06586430711183461	0.10644234865952788	0.13963315877808985	0.15742873028804202	0.16703006189341157	0.17232734829637408	0.1749139139228206
209178_HY5CNBGXT_TCDM_2_D07_X9_35_1_o_GGTATA_S52_trim1 - polya	0.0001945082539577567	0.00045385259256809895	0.0009725412697887835	0.0013615577777042968	0.0033714764019344493	0.006224264126648215	0.009855084867193007	0.01316172518447487	0.01757057894085069	0.02178492444326875	0.024378367829372173	0.029630090686231604	0.03540050222031172	0.04058738899251856	0.04622812835729351	0.051933703806721035	0.056342557563096855	0.06178878867391405	0.06768887237729933	0.07216256221832773	0.07715494073657682	0.08279568010135177	0.08986281332848359	0.09595740528582664	0.10056076729616022	0.10626634274558774	0.11171257385640493	0.11702913279791695	0.12377208560178585	0.13057987449030733	0.13758217163278658	0.14594602655297012	0.15606045575877345	0.16623972104922938	0.17803988845599997	0.19107194147116965	0.20429850274029712	0.22024817956483317	0.23691105332054765	0.2551948291925768	0.2719225390329439	0.29033598707427816	0.3049889422057625	0.32139247162286666	0.3386388701404544	0.3556907604040844	0.37390970019146097	0.39225831214814266	0.4101530715122563	0.4293445525694216	0.45391742865275153	0.47330341796387465	0.49080916082007275	0.5043599025124631	0.5150578564801397	0.5274415486487836	0.5404087655793007	0.5529869660019023	0.5631662312923582	0.5743180378526029	0.5852105000742374	0.5975941922428811	0.6092646874803466	0.6237231343578732	0.6392189585898411	0.652834536366884	0.660355522186584	0.6667094584825374	0.669432574037946	0.6708589679003029	0.6713776565775236	0.6715721648314813	0.6716370009161339	0.6716370009161339	0.6716370009161339
209178_HY5CNBGXT_TCDM_2_D07_X9_35_1_o_GGTATA_S52_trim1 - polyg	0.0	0.0	0.0	0.00012967216930517112	0.0022044268781879093	0.004149509417765476	0.004149509417765476	0.004149509417765476	0.004149509417765476	0.004149509417765476	0.004149509417765476	0.004149509417765476	0.004149509417765476	0.004149509417765476	0.004149509417765476	0.004149509417765476	0.004149509417765476	0.004149509417765476	0.004149509417765476	0.004149509417765476	0.004149509417765476	0.004149509417765476	0.004149509417765476	0.004149509417765476	0.004149509417765476	0.004149509417765476	0.004149509417765476	0.004149509417765476	0.004149509417765476	0.004149509417765476	0.004149509417765476	0.004149509417765476	0.004149509417765476	0.004149509417765476	0.004149509417765476	0.004149509417765476	0.004149509417765476	0.004149509417765476	0.004149509417765476	0.004149509417765476	0.0042143455024180616	0.0042143455024180616	0.0042143455024180616	0.004279181587070647	0.004344017671723233	0.004344017671723233	0.004408853756375819	0.004473689841028404	0.004473689841028404	0.004473689841028404	0.004538525925680989	0.004538525925680989	0.004538525925680989	0.004538525925680989	0.004603362010333575	0.004733034179638746	0.004733034179638746	0.004733034179638746	0.004733034179638746	0.004797870264291332	0.004862706348943918	0.004862706348943918	0.005057214602901674	0.00512205068755426	0.005251722856859431	0.006483608465258557	0.012772708676559356	0.036567551744058256	0.07417248084255788	0.12001159269193588	0.15106807724052437	0.1679254592501966	0.17622447808572758	0.18082784009606115	0.18355095565146973
209179_HY5CNBGXT_TCDM_2_E07_X2_24_3_i_CGCCTG_S53_trim1 - polya	5.7596652943304156e-05	0.0002111877274587819	0.000614364298061911	0.0014975129765259082	0.003014224837366251	0.005164499880582939	0.006969195006139803	0.008466707982665711	0.009791431000361707	0.011384938398459788	0.013093639102444479	0.015339908567233341	0.017528581379078898	0.01919888431443472	0.020984380555677147	0.022846672334177316	0.024670566344048614	0.02647526146960548	0.028222359942219038	0.029911861761889293	0.031505369159987376	0.03377083750909067	0.03530674825424545	0.03718823891706005	0.039837684952452046	0.04229514214469969	0.044560610493802985	0.04690287438016402	0.04886116058023636	0.05114582781365409	0.05331530174118521	0.055388781247144164	0.058441403853139284	0.06126363984736119	0.06397068253569649	0.06683131629854726	0.07001833109474342	0.07316694812231071	0.07750589597737297	0.0812304795343733	0.08476307424822929	0.08871804441700284	0.09321058334658057	0.09681997359769429	0.10160049579198853	0.10734096220200452	0.11344620741399476	0.11838032068280448	0.12333363283592864	0.12957327023811993	0.13540973106970808	0.14218693723270354	0.14932892219767324	0.1560485317077254	0.1622305724569734	0.16879659089251006	0.17505542717901576	0.1799895404478255	0.18482765929506303	0.18949298818347068	0.19490707356014128	0.1997451924073788	0.20667598964488976	0.21470112328832347	0.2225726658572417	0.22975304859084028	0.23491754847142324	0.23862293314410912	0.24167555575010424	0.2438066319090065	0.24545773596004788	0.2464560779443985	0.24682085674637275	0.24682085674637275	0.24682085674637275
209180_HY5CNBGXT_TCDM_2_F07_X2_24_2_o_AATGAA_S54_trim1 - polya	0.0002831133102514197	0.0005662266205028394	0.0008115914893874032	0.0013778181098902426	0.0022649064820113576	0.0034539823850673205	0.0057755115291289625	0.007662933597471761	0.009153997031462571	0.010720557348187094	0.012758973181997315	0.015023879664008673	0.017326534587386887	0.019704686393498812	0.02179972488935932	0.024423241564355807	0.02655602850158317	0.028726563880177386	0.030689482831253896	0.033162005740782964	0.03516267313322633	0.0378428124702731	0.04061732291073702	0.043429581792567784	0.04637396021918255	0.04939383552853103	0.052791195251548066	0.05539583770586112	0.058396838794526174	0.06200181494506092	0.06615414349541507	0.07072170490080465	0.07627072578173247	0.08236709906247972	0.08895420208099608	0.09499395269969303	0.10248701831101394	0.10999895814301827	0.11924732627789798	0.12757085759928974	0.1357811435965809	0.1442179202420732	0.1523904577979975	0.15992127185068528	0.16845241959959473	0.17715343533465502	0.18666604255910274	0.19725448036250584	0.2075598048556575	0.21865784661751317	0.2325115245991493	0.2441002960987741	0.25468873390217717	0.26308776210630264	0.27065632460035727	0.2785646230667136	0.28637855042965277	0.29402260980644107	0.3018554113900637	0.30978258407710346	0.3186534677983146	0.3279962070366115	0.3390376261364168	0.3510793789324439	0.3641592138660595	0.37414367660759285	0.38244833370830117	0.3878086123823947	0.3902245126298735	0.3917721987259146	0.3925082933325683	0.39294240040828715	0.3930367715117043	0.3930367715117043	0.3930367715117043
209181_HY5CNBGXT_TCDM_2_G07_X2_24_1_o_ACAACG_S55_trim1 - polya	0.0002316170203304156	0.00041691063659474804	0.0007257333303686354	0.001574995738246826	0.0027330808398989036	0.004153665231258786	0.0055588084879299735	0.007319097842441133	0.008786005637867097	0.010191148894538286	0.011256587188058198	0.012615407040663301	0.01451466660737271	0.015703633978402177	0.01726318858196031	0.01899259566709408	0.020675679348161762	0.022559497780182475	0.024180816922495386	0.025802136064808294	0.027346249533677734	0.029338155908519306	0.031407267956804354	0.03305946936849465	0.035159463686157084	0.03772269204448035	0.03983812749683148	0.042077092026692166	0.044980025348166704	0.04763590051462214	0.05117192035833315	0.05426014729607202	0.05790425508260389	0.06244394868108004	0.0666593784510936	0.07104466070268281	0.07617111741932933	0.08213139540916536	0.08829240814995441	0.09508650741297994	0.10186516554131678	0.10853573572683274	0.11471218960231049	0.12178422928973251	0.1289489157852867	0.13724080511311557	0.14621210436724702	0.15430325894412286	0.16301205890854648	0.17219953404831964	0.18239068294285793	0.19306050701274574	0.20266489278911362	0.21104942892507467	0.21844573244095927	0.22703100332787335	0.2351067167700605	0.24270375503689814	0.25036255784249056	0.25749636206866733	0.26534045849052407	0.274033817320259	0.28346835061505127	0.29440067397464686	0.3060278483952338	0.3154160582859599	0.3227351561284011	0.3274138199390755	0.33017778304835177	0.3322623362313255	0.3336057149492419	0.3344240950877427	0.3347946823202714	0.3347946823202714	0.3347946823202714
209182_HY5CNBGXT_TCDM_2_H07_X10_39_2_i_ATATCC_S56_trim1 - polya	0.00017939031331773954	0.00032290256397193113	0.0005919880339485405	0.0013274883185512725	0.0036057452976865647	0.005453465524859282	0.007642027347335704	0.010045857545793414	0.011965333898293226	0.013364578342171595	0.01506878631869012	0.017400860391820736	0.019804690590278444	0.022082947569413737	0.024253570360558384	0.026836790872333833	0.02963527976009057	0.03207498802121183	0.03415591565569761	0.03638035554083758	0.0389097589586177	0.042371992005650075	0.0462827008359768	0.04933233616237837	0.052023190862144464	0.0548216797499012	0.05686672932172343	0.05962934014681662	0.06185378003195659	0.06468814698237688	0.06750457490146539	0.07028512475789035	0.07356796749160498	0.07726340794595042	0.08031304327235199	0.08397260566403388	0.08811652190167366	0.09245776748396295	0.09735512303753724	0.10264713728041056	0.1079929686172792	0.112531543544218	0.11744683812912407	0.12250564496468433	0.1274747566435857	0.13391486889169257	0.14028322501447232	0.14688478854456513	0.15291230307204118	0.16062608654470398	0.168321930986035	0.17573075092605764	0.18218880220549627	0.1892567805502152	0.19451291673042498	0.20032516288191973	0.20602977484542384	0.21058628880369443	0.21596799820322662	0.22082947569413736	0.22594209962369294	0.23198755318250075	0.23862499477525712	0.24728954690850394	0.2558105867910966	0.2624659674151847	0.26788355487738047	0.2720992272403473	0.2754179480367255	0.27783971726651496	0.2796874374936877	0.2807099622795988	0.2812660722508838	0.2812660722508838	0.2812660722508838
209183_HY5CNBGXT_TCDM_2_A08_X2_24_3_o_AGTACT_S57_trim1 - polya	9.661240672374045e-05	0.00013284205924514312	0.0004106027285758969	0.0009902771689183395	0.002065090193719952	0.0035263528454165262	0.004866849988708425	0.006279806437043129	0.00751161462277082	0.008803805562700847	0.010071843400949942	0.011581412256008386	0.013223823170311974	0.0144797844577206	0.01591689400773624	0.017619687676242165	0.019394940649790894	0.021254729479222897	0.022860910741005082	0.024334249943542125	0.02589212500196244	0.028017597949884728	0.02999815228772141	0.03155602734614172	0.03345204582809513	0.03531183465752713	0.03688178626678792	0.038753651647060385	0.040673823230694725	0.04283552583113842	0.04498515188074165	0.04727969654043048	0.04987615497113101	0.053438737469068937	0.056469951730026294	0.05998422802460235	0.0642834801238088	0.06876388048562226	0.07361865392349022	0.07877534113236986	0.08354557871435456	0.08891964383836261	0.09400387174219946	0.09939001341704798	0.10443801166836342	0.11042798088523532	0.11675609352564033	0.12333781373369515	0.13018521806024025	0.13769683268301108	0.1462108010255407	0.1539518701142804	0.16175332195722245	0.16855242008040566	0.17515829339014144	0.18211438667425073	0.18829758070457012	0.19410640165883503	0.199891069511419	0.20566366081316248	0.21175024243675813	0.21881502467843164	0.22662855307221416	0.23599995652441697	0.24614425923040972	0.2538128690141066	0.26046704852720426	0.2649112192364963	0.26813565831090114	0.2701645188520997	0.27152916909707253	0.27230206835086246	0.27255567591851226	0.27255567591851226	0.27255567591851226
209184_HY5CNBGXT_TCDM_2_B08_X2_24_2_i_ATAAGA_S58_trim1 - polya	0.00043017320924270156	0.0007958204370989979	0.0012259936463416994	0.0020648314043649678	0.003871558883184314	0.006151476892170633	0.008151782315149195	0.010259631040438432	0.01236747976572767	0.014539854472403314	0.016368090611684795	0.018691025941595385	0.02150866046213508	0.023917630433894208	0.026025479159183445	0.028821605019261006	0.031101523028247324	0.03398368353017343	0.03669377474840244	0.039059727399237305	0.04164076665469351	0.04430784055199826	0.04673831918421953	0.048889185230433035	0.05192190635559408	0.055341783369073555	0.058847695024401576	0.06170834686586554	0.06452598138640524	0.0673866332278692	0.07084952756227295	0.07452750850129805	0.07893678389603574	0.08212006564443174	0.08607765916946458	0.08932546689924699	0.09287439587549927	0.09642332485175156	0.10143484273942903	0.10567204885046964	0.1104899887939879	0.11543698070027897	0.11986776475547879	0.12442760077345143	0.1299983438331444	0.13666602857640628	0.14382841251029727	0.14922708628629316	0.15492688130875898	0.16228284318680916	0.17006897827410206	0.1776830440776979	0.18544767050452865	0.1919217773036313	0.197922693572567	0.20508507750645796	0.2112795717195529	0.2163771242490789	0.22138864213675635	0.2274110670661542	0.23369159592109762	0.2402302287015867	0.24694093076577284	0.2545765052298308	0.26227660567527517	0.2695680415719389	0.27513878463163194	0.2791824127985133	0.2829894457003112	0.2851188030860626	0.2868179872625713	0.2876998423415188	0.2881300155507615	0.2881300155507615	0.2881300155507615
209185_HY5CNBGXT_TCDM_2_C08_X10_39_3_o_GGTGAG_S59_trim1 - polya	3.975989792839004e-05	0.00013915964274936513	0.0002584393365345353	0.0009542375502813609	0.0025446334674169625	0.0038169502011254435	0.0055862656589388	0.006818822494718891	0.007852579840857032	0.00922429631938649	0.01053637295102336	0.012544247796407056	0.014711162233504315	0.01648047769131767	0.01868715202634332	0.02119202559583189	0.023975218450819194	0.02618189278584484	0.028726526253261803	0.03057536150693194	0.0331398749233131	0.03588330788037201	0.039024339816714826	0.0423244113447712	0.04494856460804494	0.04733415848374834	0.049202873686382674	0.05140954802140832	0.05325838327507846	0.055643977150781856	0.05800969107752107	0.06037540500426027	0.0630194382164982	0.06677674857073107	0.06965934117053935	0.07230337438277729	0.0754444063191201	0.07858543825546291	0.08256142804830191	0.08643801809631994	0.09091100661326382	0.09520507558952995	0.09949914456579607	0.10446913180684482	0.10928007945618003	0.1141506669524078	0.11900137449967138	0.12399124168968434	0.1289214690328047	0.1349053336710274	0.14110787774785624	0.14677366320265184	0.15275752784087454	0.15721063640885422	0.16130590589547839	0.1664150527792765	0.17088804129622037	0.17512247042559392	0.17903882037154034	0.1828160106747374	0.18669260072275543	0.19086739000523636	0.1959765368890345	0.20166220229279427	0.2087792240219761	0.2139281308037026	0.2178643606986132	0.22092587283909926	0.2239476250816569	0.22613441946771834	0.2279236148744959	0.2290965318633834	0.2295537706895599	0.2295537706895599	0.2295537706895599
209186_HY5CNBGXT_TCDM_2_D08_X10_39_2_o_TTCCGC_S60_trim1 - polya	7.219084226679967e-05	0.0001082862634001995	0.0003248587902005985	0.0011370057657020948	0.0031222539280390854	0.00438559366770808	0.006154269303244672	0.007561990727447265	0.00878923504598286	0.010034527075085153	0.011604677894388047	0.013409448951058039	0.015521031087361928	0.017037038774964722	0.01959981367543611	0.022469399655541396	0.025158508529979685	0.027107661271183275	0.028822193775019767	0.031348873254357756	0.03420041152389634	0.037503142557602426	0.042285785857777904	0.04544413520695039	0.04825957805535558	0.05035311248109277	0.052554933170230154	0.05450408591143375	0.05665176346887104	0.05896187042140863	0.06130807279507962	0.06376256143215081	0.06701114933415679	0.06991683073539548	0.07262398732040047	0.07547552558993906	0.07863387493911153	0.08220732163131812	0.086665106141293	0.09137555859920168	0.09545434118727586	0.09967750545988364	0.10382847889022462	0.1087555038749337	0.11366448114907607	0.11897050805568585	0.12487210941099672	0.13061128137120728	0.13631435791028446	0.14254081805579594	0.1502471904677768	0.15699703421972258	0.16318739894410064	0.16856561669297723	0.1732038783086191	0.17838357124126197	0.18332864393653775	0.18867076626428092	0.1925690717466881	0.19673809288759578	0.20097930487077026	0.20718771730571503	0.21303517552932583	0.22012792578203888	0.22817720469478706	0.2352699549475001	0.24102717461827738	0.24519619575918505	0.24811992487099047	0.25012322074389415	0.25180165782659725	0.25297475901343275	0.253678619725534	0.253678619725534	0.253678619725534
209187_HY5CNBGXT_TCDM_2_E08_X2_24_1_i_GAAGTG_S61_trim1 - polya	5.3826875543651444e-05	0.00016148062663095433	0.0003588458369576763	0.0012380181375039833	0.002601632317943153	0.004413803794579419	0.006136263811976264	0.007589589451654853	0.00893526134024614	0.010801259692426056	0.012218700748408877	0.014264122019067632	0.016471023916357342	0.017583446010926138	0.019413559779410287	0.02059775104137062	0.022499633977246303	0.024114440243555847	0.025388342964755596	0.026554591934868046	0.028097629033786053	0.030107165720749042	0.0315963759441234	0.0334803165881512	0.035525737858809955	0.038127370176753106	0.04031632978219493	0.04228998188546215	0.04449688378275186	0.04688320859852041	0.04957455237570298	0.05215824240179825	0.055710816187679243	0.05847392913225335	0.061685599373024556	0.06452048148499019	0.06823453589750214	0.07196653260186198	0.07668535535785542	0.08075825560732505	0.08441848314429334	0.08822224901604471	0.09173893821822994	0.09582978075954746	0.10031535372151841	0.10472915751609782	0.1096274031905701	0.11443593740580296	0.11942389453951467	0.1256139852270346	0.1329164980091233	0.13919630015588264	0.14606819793362213	0.15168413528200977	0.15717447658746223	0.16338250956683	0.1689266777478261	0.17360961592012378	0.17779016992068072	0.18240133892558685	0.1867792581364705	0.19171338839463856	0.19799319054139788	0.204613896233267	0.21186258213981207	0.21812444199472353	0.2235968410083281	0.22786710646812444	0.23150939171324486	0.2337880627779261	0.2355643496708666	0.2365511757225002	0.23680236780837058	0.23680236780837058	0.23680236780837058
209188_HY5CNBGXT_TCDM_2_F08_X10_39_3_i_CAATGC_S62_trim1 - polya	0.00011609496025972764	0.00021284076047616734	0.00046437984103891056	0.0013737903630734439	0.0034634996477485415	0.005088829091384728	0.006772206015150779	0.008378186298743678	0.009829373301990274	0.01118381450502043	0.012441509907834146	0.01447317171237938	0.016891816717790373	0.01886543104220574	0.02095514032688084	0.023102897091685802	0.025715033697529675	0.02875285182432588	0.030784513628871114	0.033706236795407594	0.03620227844099174	0.03927879488787452	0.04252945377514689	0.04545117694168337	0.048605090028739306	0.050965687554020436	0.0529586510384791	0.05514510612337063	0.05708002212769943	0.059305175532677536	0.06220754953917073	0.06541951010635653	0.06878626395388864	0.07168863796038182	0.07455231364678844	0.07759013177358465	0.0811890755416362	0.08463322602934145	0.0895285635202933	0.09345644300908075	0.09711343425726217	0.10138959862682881	0.10504658987501023	0.10924535760440371	0.11419874257548543	0.11982934814808222	0.1254793028807223	0.13056813197210704	0.13612134090453065	0.1419841363976469	0.14871764409271113	0.15541245346768873	0.16170093048175732	0.16806680413599906	0.17352326726820624	0.18087594808465568	0.18623566541664643	0.19043443314603992	0.19484604163590957	0.1992576501257792	0.20438517753725052	0.2098996881495876	0.21700082988547426	0.22425676490170723	0.23191903227884925	0.23787857357218195	0.24403160646594751	0.24894629311694264	0.2535513932072452	0.2558152449323099	0.258175842457591	0.25970442610101074	0.2600914093018765	0.2600914093018765	0.2600914093018765
209189_HY5CNBGXT_TCDM_2_G08_X5_36_3_i_ACGTCT_S63_trim1 - polya	1.716510115222458e-05	0.00012015570806557205	0.0003604671241967162	0.0009269154622201274	0.0018881611267447039	0.0032785343200748946	0.004583082007643963	0.00633392232517087	0.007998937136936654	0.009475135836027968	0.0111744808500982	0.012650679549189515	0.01491647290128316	0.016632983016505617	0.01855547434555477	0.020220489157320554	0.02222880599213083	0.024340113433854456	0.026296934965208057	0.028219426294257208	0.02983294580256632	0.03237338077309556	0.03436453250675361	0.03604671241967162	0.03838116617637416	0.040767115236533376	0.04310156899323592	0.04528153683956844	0.04761599059627099	0.049967609454125754	0.053314804178809544	0.056679164004645566	0.061004769495006154	0.06579383271647682	0.0706000610390997	0.07511448264213476	0.08010952707743212	0.08555086414268731	0.09215942808629377	0.09844185510800797	0.10472428212972217	0.11102387425258858	0.11701449455471497	0.12317676586836358	0.13066074997073351	0.1386940173099746	0.14662429404230237	0.1545545707746301	0.16329160726111244	0.1729040639063582	0.18347776621612855	0.19221480270261085	0.20129514121213765	0.20816118167302747	0.2140316462670883	0.22167011627982822	0.2283473406280436	0.23524771129123787	0.2413413222002776	0.24750359351392623	0.2544039641771205	0.2618707831783382	0.27089962638440834	0.2818509609195276	0.29252765383621127	0.30183113866071704	0.3097957455953492	0.3154430638744311	0.3191507257233116	0.3215710049857753	0.3230300385837144	0.32397411914708674	0.3241629352597612	0.3241629352597612	0.3241629352597612
209190_HY5CNBGXT_TCDM_2_H08_C64_4_2_i_CAGGAC_S64_trim1 - polya	0.00012149402416455394	0.00019742778926740015	0.0003644820724936618	0.0008656449221724467	0.001883157374550586	0.003143657875257833	0.004540839153150203	0.006044327702186558	0.0071225871666469745	0.00823122013714853	0.0092335458365061	0.01040292581908993	0.011800107096982301	0.013455463176224348	0.015520861587021765	0.017738127528024873	0.019940206716007415	0.021762617078475724	0.023357226145635495	0.026318642984646496	0.029371180341780913	0.03268189250026501	0.03617484569499593	0.039303316817233196	0.04203693236093566	0.044360505573082756	0.04679038605637383	0.04928101355174719	0.052014629095449655	0.055036792946542935	0.05789190251440995	0.061582283498408275	0.06569789356698254	0.07064877505168811	0.07570596380753768	0.08044423074995527	0.08624557040381273	0.0929733019919249	0.1010222810928266	0.10834229604874097	0.1161786606073547	0.12444025425054436	0.1315780281702119	0.1386854285838383	0.14643067262432863	0.15490488080980627	0.16429029417651805	0.173706081049271	0.1824992110481806	0.19303881764445563	0.20565900940454868	0.2166542185914408	0.22578145715680292	0.23370894223354008	0.24074040888206363	0.24912349654941784	0.2581292410906154	0.2663908347338051	0.2739234642320074	0.282154684369156	0.29090225410900383	0.30110775213882635	0.31246744339821214	0.32460165906164695	0.3386494056056735	0.3499331630999565	0.3582099434961667	0.3638442288667979	0.36707900726017917	0.36934183346024396	0.3705567737018895	0.37142241862406195	0.37168059342541165	0.37168059342541165	0.37168059342541165
209191_HY5CNBGXT_TCDM_2_A09_C64_4_3_i_AAGCTC_S65_trim1 - polya	0.00012318190112963083	0.00015837673002381107	0.0004927276045185233	0.0011614293535079478	0.0027275992392989685	0.004680912242925972	0.007584485626695841	0.01025929262265354	0.012634943573010704	0.014412282432166806	0.01622481612021709	0.01791416790713774	0.020043455055235644	0.021732806842156296	0.02379170433246584	0.026519303571764807	0.029370084712193406	0.03179852790589184	0.03403339954067229	0.03663781687884163	0.039383013532587684	0.042902496422005706	0.04670353794257717	0.05038139756201901	0.05381289337920158	0.057279584025278336	0.060112767751259844	0.06259400318829955	0.06516322569757471	0.06790842235132076	0.07119913885292661	0.074982582959051	0.07892440379519917	0.08348213413699553	0.08770551360429715	0.09300233535287128	0.0982991571014454	0.10459903147350366	0.11230669900132913	0.11952163892463608	0.12620865641453033	0.1326669075166124	0.1388787948164352	0.14509068211625803	0.1517425047772581	0.15876387314164705	0.16671790447173176	0.17560459876751228	0.18410414994545682	0.19330759770128494	0.20428838431626917	0.21343903982875603	0.22125229184326406	0.22906554385777206	0.2352246389142536	0.242914709027632	0.24956653168863205	0.25590160088958447	0.2614447864404179	0.2671639461357222	0.2738685610400635	0.28166421564012445	0.29048052027811655	0.3020244241554077	0.3127412495536856	0.3212583981460772	0.32727671388698204	0.3318696390576725	0.33401652362021755	0.33575866765047946	0.336849707346199	0.33739522719405884	0.33760639616742394	0.33760639616742394	0.33760639616742394
209192_HY5CNBGXT_TCDM_2_B09_X5_36_2_i_GACGAT_S66_trim1 - polya	0.00014271890939918195	0.0002854378187983639	0.0005550179809968186	0.0011258936185935464	0.0029970970973828208	0.005264741991169822	0.00830941205835237	0.011052786650136646	0.014176745000318739	0.01676154302610392	0.018807180727492198	0.020947964368479927	0.023263182232066654	0.025768691974852292	0.028020479212039387	0.030414985358625662	0.03314250229381003	0.03593344985539403	0.038312098345380394	0.040484597299567944	0.04297424938575367	0.04524189427954067	0.04782669230532586	0.050316344391511586	0.05282185413429723	0.05566037466568095	0.058308603317865776	0.060829970717251325	0.06382706781463414	0.06695102616481624	0.07093129797139343	0.07467370492897198	0.07900284518074716	0.08464817093031479	0.08989705526488471	0.09536794679185336	0.10167929411861718	0.10875180896217664	0.11650620303953219	0.12359457553969155	0.13109524711144857	0.13843734211720649	0.1451134155457682	0.1525823718043254	0.16052705776087986	0.16953420670962824	0.1793976691147717	0.18840481806352005	0.1978876967102657	0.20808416990400727	0.21986640875773972	0.22977744413268292	0.23853087057583275	0.24588882323819056	0.2528979074553504	0.2602241448045084	0.267264944334868	0.27411545198602877	0.28001450024119495	0.28580254490016177	0.29235175707592426	0.2997414250514819	0.3078764028872353	0.3180253031111771	0.32879265194251533	0.33726064056686683	0.34320726179183275	0.347869412832206	0.35119952071818694	0.3527218557517782	0.35370503046097257	0.35437105203816877	0.354497913290968	0.354497913290968	0.354497913290968
209192_HY5CNBGXT_TCDM_2_B09_X5_36_2_i_GACGAT_S66_trim1 - polyg	0.0	0.0	3.171531319981821e-05	0.00011100359619936373	0.001998064731588547	0.0037582646141784575	0.003805837583978185	0.003821695240578094	0.0038851258669777306	0.003932698836777458	0.003996129463177094	0.004043702432976822	0.004059560089576731	0.0041071330593764575	0.004138848372576276	0.0041864213423760035	0.00424985196877564	0.0042657096253755486	0.004313282595175276	0.004329140251775185	0.004392570878174822	0.004392570878174822	0.00442428619137464	0.004456001504574458	0.004487716817774276	0.004567005100773822	0.004614578070573549	0.004630435727173458	0.004630435727173458	0.004646293383773367	0.004693866353573095	0.004741439323372822	0.004741439323372822	0.004804869949772458	0.004836585262972277	0.004884158232772004	0.0049000158893719135	0.00494758885917164	0.005011019485571277	0.005058592455371005	0.0051220230817706405	0.00513788073837055	0.005217169021370096	0.005264741991169822	0.005344030274169368	0.005455033870368732	0.005534322153368278	0.0055977527797679135	0.005740471689167095	0.0058356176287665505	0.005946621224965914	0.006073482477765187	0.006184486073964551	0.006279632013564005	0.006422350922963187	0.006485781549362824	0.00654921217576246	0.006660215771961824	0.006739504054961369	0.006866365307760642	0.007056657186959551	0.007357952662357824	0.00743724094535737	0.007690963450955915	0.008341127371552189	0.01098935602373701	0.019726924810286924	0.04600306179633631	0.08174621977253144	0.11664892194893137	0.14617587853796213	0.16127236762107558	0.16996236343782578	0.17538568199499469	0.17816077189997878
209193_HY5CNBGXT_TCDM_2_C09_C64_4_1_i_TCGTTC_S67_trim1 - polya	0.00015121491462945973	0.00023762343727486528	0.0006696660505018931	0.0018145789755535167	0.0035643515591229796	0.006221413630469201	0.010433829109432722	0.014106191321862457	0.017044081091806246	0.01926910054992544	0.021494120008044633	0.023395107506243556	0.02566333122568545	0.02797475920645005	0.030199778664569243	0.03231678746938168	0.035017053802050606	0.037220471129508444	0.03918626501969142	0.04128167169384251	0.04404674441849549	0.04648778518322819	0.05054898574756225	0.0536380904321355	0.05709443133795172	0.060485965851783896	0.06312142579246877	0.06577848786381499	0.06804671158325688	0.07053095660931229	0.07400889964578987	0.07811330447144663	0.08260654764900771	0.08805028457566827	0.09267314053719747	0.09809527533319666	0.10379823782779343	0.1101276621115694	0.1164786885260067	0.12306733837771887	0.12956957970678565	0.1362878423424659	0.14350295398335727	0.1505236464482965	0.16039582016053408	0.1748692477036395	0.189040245417486	0.19988451500948443	0.21027513985759444	0.22118421584157688	0.23209329182555935	0.24179264849250612	0.25147040302879153	0.26000324464002533	0.26799603298472535	0.27650727246529777	0.2854289524284359	0.2940482025623151	0.3009824865046089	0.30729030865772355	0.313835754248113	0.3221525745527333	0.33278082283811816	0.34470519896318413	0.3578824986666085	0.36706340419768285	0.37393288174799255	0.3792038016293623	0.38166644452475634	0.3834378192389872	0.3845395279027161	0.38527400034520204	0.3857060429584291	0.3857060429584291	0.3857060429584291
209193_HY5CNBGXT_TCDM_2_C09_C64_4_1_i_TCGTTC_S67_trim1 - polyg	0.0	0.0	6.480639198405417e-05	0.00023762343727486528	0.0018145789755535167	0.003002696161927843	0.0030675025539118974	0.003089104684573249	0.0031107068152346003	0.003218717468541357	0.003326728121848114	0.003434738775154871	0.003585953689784331	0.0036939643430910878	0.0037371686044137906	0.0037803728657364935	0.003909985649704601	0.004017996303011358	0.00403959843367271	0.004061200564334061	0.004104404825656764	0.004147609086979467	0.004212415478963521	0.004212415478963521	0.004234017609624873	0.004234017609624873	0.004234017609624873	0.004255619740286224	0.004298824001608927	0.004342028262931629	0.004428436785577035	0.004471641046899738	0.004514845308222441	0.004579651700206495	0.004687662353513252	0.0047524687454973055	0.004774070876158657	0.004795673006820008	0.005033296444094874	0.005184511358724333	0.005270919881369739	0.005443736926660551	0.005508543318644605	0.005702962494596767	0.00589738167054893	0.006351026414437309	0.006869477550309742	0.007755164907425149	0.008597648003217854	0.009396926837687855	0.009872173712237585	0.010109797149512451	0.010217807802819208	0.010325818456125964	0.010347420586787316	0.010369022717448667	0.01056344189340083	0.010801065330675695	0.01103868876795056	0.011470731381177589	0.012097193170356778	0.012702052828874618	0.01335011674871516	0.014365416889798675	0.015920770297415975	0.019377111203232197	0.027845146422481943	0.04970650265176955	0.08260654764900771	0.11701874179254049	0.14406460938055243	0.16037421802987273	0.16990075765152868	0.17519327966355977	0.17880083548400547
209194_HY5CNBGXT_TCDM_2_D09_C14_4_3_o_CCAATT_S68_trim1 - polya	0.0002226532128710182	0.0004601499732667709	0.0009648305891077454	0.002092940200987571	0.0044233771623708945	0.0072733382871199275	0.010702197765333607	0.01488807816730875	0.018242719907898757	0.021122368127697258	0.02354186637422899	0.026243392023730678	0.028989448315806566	0.031527694942536176	0.034659683470255165	0.03780651554549889	0.041072096000940486	0.04438220709895629	0.04680170534548802	0.0498446325880586	0.05339224044647016	0.057682025681118444	0.06283273667220134	0.06692955578902807	0.07101153135833006	0.07482632307218684	0.07769112774446062	0.080912177557328	0.08416291446524488	0.08796286263157692	0.09222296077117573	0.09709164435928866	0.10197517149492633	0.10795712114739435	0.11319689342362564	0.11877806729292584	0.12444830244737443	0.13117242947607918	0.1389207612839906	0.14631284795130842	0.15370493461862622	0.16102280354832035	0.16783599186217352	0.17549526238493654	0.1839857715690847	0.19385673067303316	0.20386128170470424	0.21401426821162267	0.22361804346012593	0.23408274446506377	0.24595758248485142	0.2556355754709783	0.2640073362749286	0.27196347774818636	0.27846495156402007	0.28630234465707993	0.29396161517984293	0.30139823248973496	0.3080926724233902	0.3151433574976391	0.32237216514218486	0.33065486466098676	0.33985786412632213	0.3503967828688837	0.3617520967253056	0.37099962683321525	0.3778276586945931	0.3825924374500329	0.3861994194985434	0.3888267274104214	0.3909493547064585	0.3924337094589319	0.39287901588467394	0.39287901588467394	0.39287901588467394
209194_HY5CNBGXT_TCDM_2_D09_C14_4_3_o_CCAATT_S68_trim1 - polyg	0.0	0.0	5.937419009893818e-05	0.00016327902277208	0.0020780966534628366	0.0036811997861341673	0.003725730428708371	0.00375541752375784	0.0037851046188073093	0.0038444788089062472	0.0039038529990051856	0.003948383641579389	0.004007757831678328	0.004037444926727796	0.004067132021777265	0.004111662664351469	0.004156193306925673	0.0041710368544504075	0.004200723949499876	0.004230411044549346	0.004230411044549346	0.004260098139598815	0.004289785234648283	0.004349159424747222	0.0043788465197966905	0.0043788465197966905	0.0043788465197966905	0.004393690067321426	0.004438220709895629	0.0044679078049450986	0.004512438447519302	0.004542125542568771	0.0045866561851429745	0.004646030375241913	0.004720248112865586	0.004764778755439789	0.0048389964930634615	0.004868683588112931	0.0048835271356376655	0.004913214230687134	0.004957744873261338	0.005031962610885011	0.005135867443558153	0.005180398086132357	0.005313990013854967	0.005462425489102312	0.005655391606923862	0.0060116367475174905	0.006427256078210058	0.0068131883138531565	0.007050685074248909	0.0072288076445457235	0.007362399572268335	0.007466304404941476	0.007585052785139353	0.007703801165337229	0.007778018902960902	0.00783739309305984	0.008045202758406124	0.008119420496029796	0.008386604351475018	0.008549883374247098	0.008861597872266523	0.009173312370285949	0.009781897818800065	0.011770933187114495	0.015927126494040166	0.0297761563346175	0.055440650004883525	0.08612226273850983	0.11258830797511153	0.12829278125628069	0.13648641948993415	0.14236446430972902	0.14554098348002223
209195_HY5CNBGXT_TCDM_2_E09_C64_4_2_o_AGTTGA_S69_trim1 - polya	4.5855930753876085e-05	0.00016813841276421232	0.0006725536510568493	0.0014521044738727428	0.0037601863218178393	0.007092383956599502	0.01106656462193543	0.01447518880797355	0.01771567458124746	0.020146038911202896	0.022408264828394114	0.024808058537846962	0.02778869403684891	0.03058590581283535	0.033658253173345046	0.037510151356670636	0.041606614504016905	0.04498466806955244	0.04769016798403113	0.05190891361338773	0.056601503860534384	0.0625322042380357	0.06910488764609127	0.07508144395434645	0.07942247206571339	0.08315208776702863	0.08633143229929738	0.08923564124704286	0.09259840950232712	0.09608346023962169	0.10033277648948088	0.10481137239310945	0.10916768581472767	0.11410484102589499	0.11870571941153389	0.12359701869194735	0.12879402417738664	0.13504571607016508	0.1422756678190262	0.14829808005803527	0.1551458990506141	0.16139759094339254	0.167389432561899	0.17380926286744167	0.1804430875165024	0.18703105623480926	0.19468899667070658	0.20311120261916848	0.2102188718860193	0.21859522190372732	0.22759826964173832	0.2356689134544205	0.2433421392005691	0.24942569268058334	0.2550201162325562	0.26182207929438117	0.26784449153339024	0.2732554913623476	0.27871234712205883	0.2841386322612675	0.290237471051533	0.2973298550081325	0.3047279451697579	0.3133335748412353	0.32193920451271274	0.32959714494861003	0.33546670408510615	0.3394408847504421	0.3426660852134647	0.34488245519990207	0.3461664212610106	0.34738924608111393	0.3478936613194066	0.3478936613194066	0.3478936613194066
209195_HY5CNBGXT_TCDM_2_E09_C64_4_2_o_AGTTGA_S69_trim1 - polyg	0.0	0.0	3.057062050258406e-05	0.00016813841276421232	0.0025067908812118926	0.004264601560110476	0.004279886870361768	0.004341028111366936	0.004432739972874689	0.0044938812138798565	0.004555022454885024	0.004631449006141485	0.004692590247146653	0.004769016798403113	0.0048454433496595735	0.004967725831669909	0.00504415238292637	0.005090008313680246	0.005135864244434122	0.005166434864936706	0.00519700548543929	0.005212290795690582	0.005258146726444458	0.005288717346947042	0.005319287967449626	0.005334573277700918	0.005395714518706086	0.005441570449459962	0.005472141069962546	0.005517997000716423	0.005579138241721591	0.005594423551972883	0.0056402794827267585	0.0056555647929780505	0.0056708501032293425	0.005716706033983219	0.005777847274988387	0.005900129756998723	0.006159980031270688	0.00648097154654782	0.006771392441322369	0.006878389613081413	0.006970101474589165	0.007107669266850794	0.007749652297405059	0.008896050566251961	0.009843739801832067	0.01167797703198711	0.014261194464455463	0.01589672266134371	0.01689026782767769	0.01747110961722679	0.01771567458124746	0.01785324237350909	0.017960239545268136	0.018128377958032346	0.01823537512979139	0.018403513542555604	0.018586937265571108	0.01877036098858661	0.01892321409109953	0.019106637814115035	0.019427629329392168	0.019702764913915427	0.02005432704969514	0.02061988352899295	0.022744541653922538	0.02930193975172682	0.04651319909468164	0.07303321238067331	0.10077605048676835	0.11873629003203648	0.12911501569266376	0.1355959872392116	0.1390351820457523
209196_HY5CNBGXT_TCDM_2_F09_C64_4_1_o_AACCGA_S70_trim1 - polya	0.000370117174743204	0.0006531479554291835	0.0012192095168011426	0.0024601906321165914	0.004441406096918448	0.008099034647321876	0.012910557918983528	0.017961568774302546	0.02288195003853573	0.025995288626081504	0.028694966841855463	0.03143818825465804	0.03446444044814658	0.03749069264163513	0.04010328446335187	0.043477882233069316	0.04667830721467232	0.04974810260518948	0.05305738557936401	0.0569327301149105	0.060633901862342535	0.06557605472509002	0.07123667033880962	0.07633122439115725	0.08181766721676238	0.08593249933596625	0.08956835628785537	0.09337838602785893	0.09836408208763504	0.10415532729244047	0.1096199985195313	0.11595553368719438	0.12294421681028664	0.1313698254353231	0.13798839138367217	0.14480290171864998	0.15351154112437243	0.16219840893158058	0.17195208506598972	0.18196702038257054	0.1914376657362937	0.20169208863653187	0.21192473993825575	0.221330070496436	0.23147563540410265	0.24244852105531292	0.2529859747362371	0.26398063198596167	0.2747358016520289	0.2858175452958107	0.2977919244786791	0.3089825261150324	0.3188668318405274	0.3268134652982491	0.3337150620272842	0.34187941147014894	0.34941238455609885	0.35674941325542003	0.3652403366759994	0.37360063050549297	0.3815908071602433	0.3904953909525945	0.40133764701271896	0.4138345445599307	0.42726762084325753	0.4370648401746953	0.44483730084430256	0.44932225013824967	0.4524573603243097	0.4542861745995114	0.45504818054751217	0.45557069891185553	0.4557013285029413	0.4557013285029413	0.4557013285029413
209196_HY5CNBGXT_TCDM_2_F09_C64_4_1_o_AACCGA_S70_trim1 - polyg	0.0	0.0	4.3543197028612236e-05	0.00013062959108583672	0.0019159006692589383	0.003331054572688836	0.003352826171203142	0.003352826171203142	0.0034399125652603666	0.0034399125652603666	0.0034399125652603666	0.0034399125652603666	0.0034616841637746727	0.003505227360803285	0.003505227360803285	0.003548770557831897	0.0035705421563462032	0.0035705421563462032	0.0035705421563462032	0.0035705421563462032	0.0035705421563462032	0.0035923137548605094	0.0035923137548605094	0.0036358569518891216	0.0036358569518891216	0.0036576285504034277	0.003679400148917734	0.003679400148917734	0.003679400148917734	0.00370117174743204	0.00370117174743204	0.003722943345946346	0.003744714944460652	0.0038100297400035705	0.0038535729370321827	0.003897116134060795	0.00409306052068955	0.004354319702861224	0.007924861859207427	0.013955594647670221	0.017308420818873363	0.018723574722303262	0.01946380907178967	0.02007341383019024	0.023687499183565056	0.03289688535511654	0.03938482171237977	0.048703065876502784	0.06039441427868517	0.06692589383297701	0.07016986201160862	0.07210753427938187	0.07269536743926813	0.07289131182589688	0.07304371301549703	0.07313079940955425	0.07321788580361148	0.07341383019024023	0.07356623137984038	0.07389280535755496	0.07421937933526955	0.07458949651001276	0.07487252729069874	0.07559099004167084	0.0761570516030428	0.07696260074807212	0.07844306944704495	0.08397305546967869	0.10489556164192687	0.15007162855911207	0.20515377280030656	0.24599729161314482	0.2709910867075682	0.2867972672289545	0.29633322737822054
209197_HY5CNBGXT_TCDM_2_G09_X5_36_1_i_CAGATG_S71_trim1 - polya	0.0003017327217067382	0.0005819131061487094	0.0010560645259735837	0.0018966056792994973	0.003944077719452364	0.007090718960108348	0.01140118641306175	0.015840967889603756	0.01978504560905612	0.022931686849712102	0.025173129925247874	0.02737146832625411	0.02974222542537848	0.03176814512826658	0.03375096015662515	0.03633724062839719	0.03877265473931586	0.04092788846579256	0.04314777920406356	0.04571250733857084	0.04825568313581335	0.05073420192126155	0.05407481419730044	0.057005932065308754	0.0599154975960523	0.06345008090747409	0.06668293149718914	0.07047614285578814	0.07444177291250527	0.07829964128289857	0.08306270781841207	0.08765335565580745	0.09364490541541268	0.10090804307363917	0.10881775084980866	0.11707229602221443	0.12504666081017823	0.1338831190887327	0.14463773538385144	0.15547856102802923	0.16644870069579565	0.17741884036356206	0.18797948562329791	0.19757027570611924	0.208691281734739	0.2206528289166847	0.23276524245948377	0.2452224933985191	0.25727024992952385	0.2717534205714473	0.28882287168514276	0.3031767283034776	0.3149227521127756	0.3241902571366254	0.3318844415401473	0.34153988863476287	0.34970822445810956	0.3576394845715438	0.3663035241519802	0.374924459057887	0.3841273070699425	0.3939551728626763	0.40572274900923905	0.41938693083510137	0.43348215940625895	0.4448833458193207	0.4524697685365187	0.4572328350720322	0.4599268772301281	0.46132777915233797	0.4617588258976333	0.46212521563113435	0.46223297731745816	0.46223297731745816	0.46223297731745816
209197_HY5CNBGXT_TCDM_2_G09_X5_36_1_i_CAGATG_S71_trim1 - polyg	0.0	0.0	4.310467452953403e-05	0.0001724186981181361	0.0018966056792994973	0.003750106684069461	0.003750106684069461	0.003750106684069461	0.0037716590213342275	0.0037932113585989946	0.0038363160331285288	0.003857868370393296	0.003944077719452364	0.0039656300567171305	0.003987182393981898	0.004051839405776199	0.004094944080305733	0.004094944080305733	0.004138048754835267	0.004159601092100034	0.004224258103894335	0.004267362778423869	0.004288915115688636	0.004310467452953403	0.004353572127482937	0.004375124464747704	0.004418229139277238	0.0044613338138067725	0.0044613338138067725	0.004504438488336306	0.004504438488336306	0.004525990825601073	0.004590647837395374	0.004590647837395374	0.004590647837395374	0.004633752511924908	0.004698409523719209	0.004719961860983976	0.004806171210043044	0.004806171210043044	0.004913932896366879	0.004935485233631646	0.0049570375708964136	0.00497858990816118	0.005021694582690714	0.005086351594485015	0.00519411328080885	0.005323427304397453	0.005538950677045123	0.005819131061487094	0.005948445085075696	0.0060131020968699975	0.0061208637831938325	0.006228625469517668	0.006271730144047201	0.006357939493106269	0.006379491830371037	0.006487253516694872	0.006530358191224405	0.006659672214813008	0.006810538575666377	0.006918300261990212	0.007176928309167416	0.007457108693609387	0.007931260113434261	0.00915974333752598	0.014310751943805298	0.035410490126012203	0.07362278409644413	0.11840854093262998	0.15345264132514114	0.17323768693419728	0.18388454154299216	0.1902640333733632	0.1935399886376078
209198_HY5CNBGXT_TCDM_2_H09_X5_36_2_o_GTAGAA_S72_trim1 - polya	0.00012453319510148677	0.00032689963714140275	0.0008250324175473498	0.0016656314844823855	0.003440229514678572	0.0068181924318064	0.010803254675053978	0.01480388356768924	0.018788945810936816	0.022275875273778445	0.02492220566968504	0.027537402766816262	0.030277133059048972	0.033141396546383164	0.03594339343616662	0.038776523624725445	0.041718620358998065	0.044536183898169206	0.047431580684278773	0.05018687762589917	0.05298887451568262	0.055962104548730615	0.05941790071279687	0.06250009729155867	0.06600259340378799	0.06925602312581433	0.07194905346988398	0.07482888360660586	0.07780211363965386	0.08135130970004624	0.08544533848900761	0.08967946712245817	0.09489429466733292	0.1015101206570994	0.1084372796346196	0.1149285724292846	0.1226340638761891	0.1308688214022749	0.14062911056835395	0.14933086757607034	0.15795479133684828	0.16634521535681096	0.17470450607799826	0.18289256365592102	0.19145422081914823	0.2002960776713538	0.20999410023988208	0.2205171552259577	0.2316317428887654	0.2430420968899391	0.25663178180538887	0.2679954358583995	0.2778179916220293	0.2866909817730102	0.2940073069852226	0.30161939853580094	0.3085776908120965	0.31625204896022563	0.3229924081450936	0.3298261672262877	0.3377495917646198	0.3461244491351948	0.35551113871596934	0.3663922266379618	0.37805164702933847	0.3875784364546022	0.3949414616149776	0.40057658869331986	0.40437485114391525	0.4067565485002312	0.40814198029573523	0.40876464627124265	0.40896701271328256	0.40896701271328256	0.40896701271328256
209198_HY5CNBGXT_TCDM_2_H09_X5_36_2_o_GTAGAA_S72_trim1 - polyg	0.0	0.0	0.00010896654571380093	0.000202366442039916	0.002521797200805107	0.004436495075490466	0.004483195023653524	0.004514328322428896	0.004561028270591953	0.004576594919979639	0.004592161569367325	0.004623294868142697	0.004701128115081126	0.004701128115081126	0.004794528011407241	0.004810094660794927	0.004887927907733356	0.004887927907733356	0.004887927907733356	0.004934627855896413	0.004965761154671785	0.005012461102834842	0.005043594401610214	0.0050902943497732715	0.005168127596711701	0.005261527493037816	0.005292660791813188	0.005292660791813188	0.0053549273893639315	0.005401627337526989	0.0054483272856900465	0.0054483272856900465	0.00551059388324079	0.0055417271820161615	0.005588427130179219	0.005603993779566905	0.0056351270783422764	0.005712960325280706	0.005868626819157564	0.005946460066095993	0.006039859962422108	0.006179959806911281	0.006242226404462025	0.006366759599563511	0.006569126041603427	0.00663139263915417	0.0068181924318064	0.007238491965273919	0.007814457992618295	0.008141357629759698	0.008452690617513414	0.008701757007716387	0.00884185685220556	0.009028656644857792	0.009137623190571592	0.00918432313873465	0.009215456437510022	0.00929328968444845	0.00948008947710068	0.009573489373426796	0.009822555763629769	0.00993152230934357	0.010180588699546543	0.010476355037912574	0.011036754415869265	0.013029285537493053	0.018679979265223016	0.035585360500249845	0.06818192431806401	0.10515271661381789	0.13619261549286346	0.15378292930094847	0.1635432184670275	0.16984771146904026	0.17302330794412818
209199_HY5CNBGXT_TCDM_2_A10_A03_4_2_i_GACATC_S73_trim1 - polya	0.0002207667466861213	0.0004924796656844245	0.0011208157908680005	0.002275595696610789	0.0046191196229711535	0.009000490441818792	0.014264928247410916	0.02005580983356225	0.025490068213528314	0.03075450601912044	0.033896186645038316	0.03749638282176584	0.04148716631955341	0.04454393665828432	0.048279989294510994	0.0518971675286759	0.0555483098777156	0.059165488111880514	0.06295248692041937	0.06589038285708851	0.06882827879375766	0.07227563645354863	0.07655511492777191	0.0810893242635561	0.08519898216340543	0.08910485537400605	0.09250126686148483	0.09588069629152622	0.0995827848128781	0.10289428601316992	0.10753038769357848	0.11291369990123236	0.11918007909563072	0.12690691522964498	0.13456582313390963	0.14258135424435958	0.15139504205436705	0.16083706598955808	0.17121310308380577	0.18184387103961439	0.19240671076567342	0.20308842489379422	0.2129380182074827	0.22238004214267373	0.23199188665223872	0.24202828259773854	0.25313454816179415	0.26490311396590815	0.276705643884897	0.28967993576706597	0.3037071152103534	0.3162738377140249	0.327787672656578	0.3362277552029628	0.34432819660059966	0.35366832819116634	0.36148007461236753	0.3683917719893869	0.37528648730896885	0.3820283641116142	0.3892966846948188	0.39758392872426707	0.40782410935901564	0.41874357229125997	0.4292384837875694	0.4383069024591378	0.4452525639510319	0.4497188450570665	0.45291147185529657	0.4547625161159725	0.4558663498494031	0.45630788334277533	0.4565286500894615	0.4565286500894615	0.4565286500894615
209199_HY5CNBGXT_TCDM_2_A10_A03_4_2_i_GACATC_S73_trim1 - polyg	0.0	0.0	8.491028718696973e-05	0.0001868026318113334	0.002292577754048183	0.003837944980851032	0.003854927038288426	0.003905873210600608	0.003905873210600608	0.003905873210600608	0.003939837325475396	0.003990783497787577	0.004024747612662366	0.004024747612662366	0.004024747612662366	0.004024747612662366	0.004058711727537153	0.004092675842411941	0.004092675842411941	0.004126639957286729	0.004126639957286729	0.004126639957286729	0.004143622014724123	0.004194568187036305	0.004211550244473699	0.00426249641678588	0.00426249641678588	0.004279478474223275	0.004296460531660669	0.004313442589098063	0.00434740670397285	0.004364388761410244	0.004381370818847638	0.004398352876285032	0.004449299048597214	0.004449299048597214	0.00451722727834679	0.004551191393221578	0.004585155508096366	0.0046191196229711535	0.00468704785272073	0.0047040299101581235	0.004771958139907699	0.004822904312219881	0.004839886369657275	0.004890832541969457	0.004924796656844244	0.005043671058906002	0.0051965095758425475	0.0052814198630295175	0.005400294265091275	0.005485204552278245	0.0055701148394652145	0.005621061011777397	0.005688989241526972	0.005790881586151336	0.005875791873338305	0.005960702160525275	0.0060456124477122454	0.0060456124477122454	0.006181468907211397	0.006215433022086185	0.00636827153902273	0.006555074170834063	0.0074721052724533365	0.010749642357870369	0.02163514117523989	0.056346466577273116	0.10958521664350314	0.16352023106466632	0.20638294403664864	0.22876529573913387	0.24087350269199576	0.24844750030907345	0.25208166060067577
209200_HY5CNBGXT_TCDM_2_B10_A03_4_3_o_CGATCT_S74_trim1 - polya	0.00016634205707320734	0.00035347687128056563	0.0006653682282928294	0.0013515292137198096	0.003472390441403203	0.007194293968416218	0.012330104980551494	0.017757014592564884	0.022331421162078088	0.026864242217322986	0.030191083358787132	0.033455546228848825	0.03717744975586184	0.04052508365446014	0.043851924795924285	0.048093647251291075	0.05223140592098711	0.056078065990805025	0.06029899568903766	0.06501895155848993	0.068886404385442	0.07373111679769916	0.07936595398105406	0.08516713322148216	0.09040690801928819	0.09579223211703328	0.10076170107209535	0.10558562072721836	0.11080460276789024	0.11710480817953797	0.12461099350496646	0.1325954122444804	0.14062141649826265	0.15145444296515528	0.16218350564637715	0.1744096468412579	0.18875664926382205	0.20524530567120372	0.22343896816358577	0.2410504334562116	0.26030452656243536	0.2801200241112812	0.297461183561163	0.31378349791147153	0.3296691643619628	0.3468647745119056	0.36697137066062957	0.38556009553856047	0.40408644214508893	0.4237148048797274	0.4462125680988787	0.46611123667626114	0.4823087944837647	0.49526268217834074	0.5066363203307213	0.5173653830119431	0.5296954879924947	0.5405285144593873	0.5518605670974995	0.5619658470646969	0.5726325314745163	0.5839437913554943	0.5977709748497048	0.6131160296147081	0.6291888308794068	0.6419763765169096	0.6506469562418505	0.6563857572108762	0.6583610691386206	0.6592135721811208	0.6595046707809988	0.6596918055952062	0.6597957693808769	0.6597957693808769	0.6597957693808769
209200_HY5CNBGXT_TCDM_2_B10_A03_4_3_o_CGATCT_S74_trim1 - polyg	0.0	0.0	6.237827140245275e-05	0.0001247565428049055	0.0019337264134760355	0.003597146984208109	0.003597146984208109	0.00361793974134226	0.00361793974134226	0.00361793974134226	0.0036387324984764107	0.0036387324984764107	0.0036387324984764107	0.0036387324984764107	0.0036803180127447125	0.0037011107698788634	0.003763489041281316	0.003784281798415467	0.003825867312683769	0.003825867312683769	0.003825867312683769	0.003825867312683769	0.00384666006981792	0.003867452826952071	0.003867452826952071	0.003867452826952071	0.003867452826952071	0.003888245584086222	0.003888245584086222	0.003909038341220372	0.003929831098354523	0.003971416612622825	0.004033794884025279	0.00407538039829358	0.00407538039829358	0.00407538039829358	0.004116965912561882	0.004137758669696033	0.004158551426830184	0.0042417224553667875	0.0042417224553667875	0.004262515212500938	0.00430410072676924	0.004366478998171693	0.004428857269574146	0.0045328210552449	0.004553613812379051	0.004615992083781504	0.004761541383720561	0.004990261712196221	0.005115018255001126	0.0051981892835377295	0.005343738583476786	0.00544770236914754	0.005489287883415842	0.005530873397684145	0.005676422697623201	0.0057595937261598045	0.006050692326037917	0.006258619897379427	0.0065081329829892376	0.006695267797196596	0.006861609854269803	0.007173501211282067	0.007630941868233387	0.008712165239209235	0.014554929993905643	0.040712218468667495	0.08215218343703028	0.12833289703197948	0.16110228227540133	0.17794441555406357	0.1874259128072364	0.19274885863357902	0.1958053939322992
209201_HY5CNBGXT_TCDM_2_C10_A27_4_1_i_CGTCGC_S75_trim1 - polya	0.00017221922991310248	0.00036596586356534277	0.0008180413420872368	0.0016145552804353357	0.003874932673044806	0.007405426886263407	0.012550476379917344	0.017953854718440933	0.02312043161583401	0.027059946500096226	0.0302890570609669	0.0331952565657505	0.03696255222009962	0.03961042288001357	0.04316244449697131	0.04611169880923319	0.049792884848625756	0.05248381031601798	0.055110153572192795	0.05816704490315036	0.062106559787412585	0.06608912947915307	0.07104043233915477	0.07553965972063457	0.08057707219559282	0.08473186111724643	0.08890817744263915	0.0928046375194231	0.09704553605603325	0.10219058554968719	0.10731410763960199	0.11321261626412575	0.11947709075221484	0.12705473686839136	0.13536431471169855	0.1433079266914404	0.15157444972726933	0.16104650737248996	0.17247755875797213	0.18302598659014965	0.1935744144223272	0.2042304792732004	0.2139608657632907	0.22407874552068546	0.23430426229677592	0.2454554574336493	0.25776913237243615	0.2701473895224404	0.2820089889827053	0.29505459564862285	0.31020988788097587	0.32226523397489304	0.3341914156463754	0.34379263771403085	0.35261887324707736	0.3625430063708199	0.37210117363099704	0.3811642106051741	0.39003350094569883	0.3987736268637888	0.40779360903048756	0.41806218061405626	0.43024669113040825	0.4451436545178916	0.4585336996436354	0.4691467096870303	0.4776715615677289	0.48260133702399144	0.4857873927773838	0.48791860574755846	0.48905955814573276	0.4897914898728635	0.49000676391025483	0.49000676391025483	0.49000676391025483
209201_HY5CNBGXT_TCDM_2_C10_A27_4_1_i_CGTCGC_S75_trim1 - polyg	0.0	0.0	4.305480747827562e-05	0.00012916442243482686	0.0020235759514789543	0.0035304942132186007	0.0035304942132186007	0.0035304942132186007	0.0035304942132186007	0.0035520216169577386	0.003595076424436014	0.003595076424436014	0.00363813123191429	0.0036811860393925655	0.0036811860393925655	0.0037027134431317035	0.0037027134431317035	0.0037027134431317035	0.003724240846870841	0.003745768250609979	0.0037888230580882544	0.0038318778655665304	0.0038318778655665304	0.0038318778655665304	0.003917987480523082	0.003939514884262219	0.003939514884262219	0.003939514884262219	0.003961042288001357	0.003961042288001357	0.003961042288001357	0.004004097095479633	0.004025624499218771	0.004047151902957909	0.004047151902957909	0.00413326151791446	0.0042839533440884245	0.004585336996436353	0.006264474488089103	0.008244995632089781	0.009063036974177019	0.009558167260177188	0.009816496105046842	0.010247044179829598	0.01237825715000424	0.01642540905296215	0.01956840999887627	0.024885678722443308	0.032097358975054474	0.03635978491540376	0.0392875118239265	0.040342354607144255	0.04092359450810098	0.04126803296792718	0.04137566998662287	0.041504834409057695	0.041633998831492526	0.04189232767636218	0.04217218392497097	0.042408985366101486	0.0429256430558408	0.04329160891940614	0.04395895843531941	0.04464783535497182	0.04531518487088509	0.04624086323166802	0.048006110338277314	0.05530390020584503	0.07820905778428766	0.12167288593360691	0.1729726890439723	0.2087297066546802	0.23066613106486164	0.2452186559925188	0.25309768576104325
209202_HY5CNBGXT_TCDM_2_D10_A27_4_1_o_ATGGCG_S76_trim1 - polya	0.00021011611016247579	0.0002801548135499677	0.0007003870338749193	0.0018210062880747902	0.0070038703387491925	0.015198398635085748	0.026754784694021917	0.03915163519360799	0.052458988837231456	0.0633149878622927	0.07326048374331656	0.08334605703111539	0.09616313975102642	0.1067389839625377	0.11913583446212377	0.13195291718203478	0.1447699999019458	0.15723688910491937	0.1701240105282179	0.18329128676506637	0.19645856300191486	0.21144684552683812	0.2290965987804861	0.2465362359239716	0.2653066084318194	0.28190578113465503	0.3012364632696028	0.31909633263341325	0.33821689865819854	0.355936690615234	0.3773685338518065	0.3981700287578916	0.4175007108928394	0.4362710834006872	0.4579130427474222	0.4802553891280322	0.503578277356067	0.5330645714822011	0.5631111752354351	0.5936480499123816	0.6236246149622281	0.6543716057493371	0.685258673943221	0.7162157808404924	0.741779907576927	0.768534692270949	0.8008925732359702	0.8305889834722667	0.8607756646322758	0.8916627328261597	0.9258416200792557	0.9563784947562023	0.9812422344587619	1.0026740776953345	1.0206039857625324	1.038183700312793	1.0577945372612907	1.072782819786214	1.0884014506416246	1.105140700751235	1.120199021979546	1.1349771883943067	1.153117212571667	1.1733583978506523	1.1921287703585002	1.2077474012139109	1.2168524326542847	1.2228757611456091	1.2253271157641712	1.2262376189082087	1.2264477350183711	1.2266578511285335	1.2266578511285335	1.2266578511285335	1.2266578511285335
209202_HY5CNBGXT_TCDM_2_D10_A27_4_1_o_ATGGCG_S76_trim1 - polyg	0.0	0.0	7.003870338749192e-05	7.003870338749192e-05	0.001050580550812379	0.0023112772117872336	0.0023112772117872336	0.0023112772117872336	0.0023112772117872336	0.0023112772117872336	0.0023112772117872336	0.0023112772117872336	0.0023112772117872336	0.0023112772117872336	0.0023112772117872336	0.0023813159151747257	0.0023813159151747257	0.0023813159151747257	0.0024513546185622173	0.0024513546185622173	0.0025213933219497093	0.0025213933219497093	0.0025213933219497093	0.0025213933219497093	0.0025213933219497093	0.0025213933219497093	0.0025213933219497093	0.0025213933219497093	0.0025213933219497093	0.0025213933219497093	0.0025213933219497093	0.0025213933219497093	0.0025213933219497093	0.0025213933219497093	0.0025914320253372014	0.0025914320253372014	0.0026614707287246934	0.002871586838887169	0.003081702949049645	0.003151741652437137	0.0032217803558246285	0.0032918190592121205	0.0032918190592121205	0.0033618577625996126	0.0035719738727620883	0.003852128686312056	0.004272360906637008	0.005743173677774338	0.008964954033598966	0.0112762312453862	0.012466889202973563	0.01309723753346099	0.013517469753785942	0.01379762456733591	0.013937701974110893	0.014287895491048353	0.01449801160121083	0.01491824382153578	0.015478553448635716	0.015828746965573175	0.016809288812998063	0.01856025639768536	0.0199610304654352	0.021641959346735004	0.023322888228034813	0.025914320253372012	0.03312830670228368	0.06688696173505479	0.14645092878324562	0.2587229703133952	0.35551645839490903	0.41343846609636486	0.4443255342902488	0.46358617772180905	0.4736017123062204
209203_HY5CNBGXT_TCDM_2_E10_A27_4_2_o_ATTGGT_S77_trim1 - polya	9.026401773868476e-05	0.0003460120679982916	0.000782288153735268	0.002211468434597777	0.00467868491945516	0.008951181759086239	0.014502418850015353	0.021197000165634472	0.027349997374821484	0.03213399031497178	0.0358197710393014	0.03950555176363103	0.043627608573697636	0.047072685250724104	0.05074342197209729	0.05421858665503665	0.057738883346845356	0.06119900402682827	0.06479452073341921	0.06837499343705371	0.07189529012886242	0.07636335900692731	0.081463276009163	0.08654814900844224	0.09158788999885215	0.09668780700108784	0.10135144791758655	0.10578942878973854	0.11096456580675647	0.11647067088881624	0.12284932814234997	0.12895719334266764	0.13556151064054808	0.14270741204486062	0.1493568613516104	0.15591604664062148	0.16333274009815008	0.1722087018424541	0.18263419589127217	0.1922473137804421	0.20195069568735072	0.21171425360608512	0.21983801520256674	0.22896972499713036	0.23805630278282464	0.2479703007311235	0.25955418300758804	0.27086727323083654	0.2815786033358271	0.2932226616241175	0.30647642822874765	0.3172930663544334	0.3275831643766435	0.3353308258992139	0.3422059352503104	0.34936688065757937	0.3568287061239773	0.3642453995815059	0.37145147699764425	0.37826641033691494	0.3865255679600046	0.39510064964517966	0.4044730634870464	0.41652330985516084	0.42849833620849304	0.4375698699912309	0.4438582632270259	0.44838650811691655	0.45154574873777054	0.4531554570541104	0.45458463733497295	0.45553240952122914	0.45589346559218386	0.45589346559218386	0.45589346559218386
209203_HY5CNBGXT_TCDM_2_E10_A27_4_2_o_ATTGGT_S77_trim1 - polyg	0.0	0.0	4.513200886934238e-05	0.00018052803547736953	0.0025273924966831736	0.004663640916498713	0.004663640916498713	0.004708772925368056	0.004783992940150293	0.004783992940150293	0.00479903694310674	0.004814080946063187	0.004829124949019635	0.004874256957888978	0.0049193889667583195	0.004934432969714768	0.004979564978584109	0.005009652984497005	0.005039740990409899	0.005054784993366347	0.005084872999279242	0.005114961005192137	0.0051450490111050315	0.005235313028843717	0.005280445037713059	0.005355665052495296	0.005400797061364639	0.0054459290702339805	0.005476017076146876	0.005476017076146876	0.005506105082059771	0.005536193087972666	0.005536193087972666	0.005611413102754903	0.005641501108667798	0.005716721123450035	0.005761853132319378	0.00586716115301451	0.005972469173709642	0.006062733191448327	0.006137953206230564	0.006243261226925696	0.006318481241707934	0.006453877268315961	0.006709625318575567	0.007145901404312544	0.007506957475267283	0.00883082973543466	0.010651154093164802	0.01197502635333218	0.012727226501154551	0.013103326575065738	0.013328986619412451	0.013434294640107583	0.013554646663759162	0.01369004269036719	0.013990922749496138	0.014186494787929957	0.014442242838189562	0.014713034891405618	0.01499887094757812	0.015209486988968382	0.01558558706287957	0.01605195115452944	0.01699972334078563	0.019406763813817226	0.02649248920630398	0.055948646995028106	0.11302559421178977	0.18179173172571111	0.24061378328542068	0.2735601497600406	0.2921394934112532	0.3040392997498032	0.31046308901220626
209204_HY5CNBGXT_TCDM_2_F10_X4_24_1_o_GCCACA_S78_trim1 - polya	0.00015064715507032294	0.00043520289242537734	0.0010377915127066692	0.0023601387627683926	0.004820708962250334	0.009289907896003247	0.014863852633605196	0.02062192167184865	0.026028480681594683	0.03041398675141964	0.03402951847310739	0.03702572300172826	0.0408588561696287	0.04427352501788935	0.04755428528386527	0.051471111315693666	0.055170335901309375	0.059371717670492825	0.06281986366432467	0.06651908824994036	0.07005092710770017	0.07410166172181329	0.07870476923785094	0.08292288957981998	0.08714100992178903	0.09125869882704452	0.09492444626708904	0.09912582803627248	0.10488389707451594	0.11019002464754843	0.11658415945164435	0.12338002000259447	0.13159865924031988	0.14090530570910872	0.15006130502282722	0.15863145428905004	0.16805527076733803	0.17759625725512515	0.1884428524201884	0.19950704903146432	0.2097343170034607	0.21954312065581727	0.229469094317673	0.23917746653331604	0.24878540731224552	0.25884528955638597	0.26944080612966537	0.2805050027409413	0.29131812076043334	0.30308533742870414	0.3164929342299629	0.32886273951851497	0.3397930275475062	0.34908293544350943	0.35755265327301866	0.36642409684938215	0.37554661901752945	0.3839995982742532	0.3926534404044039	0.40065447819591665	0.4097602617912784	0.4196192811619917	0.4310517263745507	0.4442919374479535	0.4581682142872088	0.46898133230670086	0.47706606296214155	0.48264000769974347	0.4859542451112906	0.48794613527277597	0.4895865154057639	0.49044018261782907	0.4905908297728994	0.4905908297728994	0.4905908297728994
209204_HY5CNBGXT_TCDM_2_F10_X4_24_1_o_GCCACA_S78_trim1 - polyg	0.0	0.0	5.021571835677431e-05	0.0001339085822847315	0.0023099230444116182	0.0037829174495436647	0.0038163945951148475	0.003866610313471622	0.0038833488862572135	0.003916826031828396	0.003916826031828396	0.003933564604613988	0.004033996041327536	0.004067473186898719	0.0041344274780410846	0.004201381769183451	0.004234858914754633	0.004268336060325817	0.004301813205896999	0.004318551778682591	0.004402244642610548	0.004485937506538505	0.0045026760793240965	0.0045026760793240965	0.004569630370466462	0.004569630370466462	0.004586368943252053	0.004603107516037645	0.004636584661608828	0.00465332323439442	0.004686800379965602	0.004703538952751194	0.004703538952751194	0.004737016098322376	0.004753754671107968	0.004753754671107968	0.004870924680607108	0.0048876632533927	0.0048876632533927	0.004904401826178291	0.004937878971749474	0.004954617544535065	0.004988094690106248	0.005105264699605388	0.005205696136318937	0.005306127573032485	0.005406559009746034	0.005774807611029046	0.006243487649025606	0.006661951968665392	0.0069632462788060375	0.0070971548610907695	0.007113893433876361	0.007164109152233135	0.007264540588946684	0.007281279161732275	0.007331494880089049	0.007381710598445824	0.007532357753516146	0.0077164820541576525	0.007900606354799158	0.008001037791512707	0.008201900664939804	0.008452979256723675	0.009005352158648193	0.012286112424624114	0.022262301804836612	0.06283660223711025	0.13126388778460804	0.21067167707945383	0.2756508166331198	0.31066791090057705	0.3295490210027242	0.34116559051592465	0.3475597253200206
209205_HY5CNBGXT_TCDM_2_G10_A27_4_2_i_CATCTA_S79_trim1 - polya	0.0002586104344138077	0.0004411589763529661	0.0010496541161501608	0.002144945367785111	0.0040160679226614844	0.007621401625959863	0.012002566632499665	0.016566280180978624	0.020886595673538705	0.024689690297271173	0.0273518565338839	0.030637730288788752	0.03387796690820881	0.037209477798598456	0.040038980198655406	0.043142305411621104	0.046458603923515814	0.04921204443109812	0.05230015726556888	0.0554186948570295	0.058385108663540825	0.06185353096038484	0.06661500542929788	0.07057022383797965	0.07475362792408537	0.07825247497791923	0.08121888878443055	0.08389626739953822	0.08668013266411038	0.08975303312008621	0.09354091536532375	0.09776995658691424	0.10279004149024111	0.10936178900005081	0.11573577558942642	0.12226188596375133	0.12994413710369093	0.13812839673396318	0.14759049615780956	0.1567179232547675	0.1651760056979485	0.17459246798631006	0.18286800188755192	0.19076322632642054	0.19838462795238038	0.20701004655900562	0.21685245544522525	0.226664439574455	0.23620260089077605	0.24679041632324722	0.25934062858156437	0.269837169743066	0.278721198784105	0.28655557370899387	0.29341635641020725	0.3005965990598142	0.30762471792447177	0.31389221786438287	0.3203879034817179	0.32682273958507324	0.3342311679121041	0.3420199057015082	0.3508430852285675	0.3613092016330793	0.3719730789580251	0.3801117014528126	0.38616622809379464	0.39089727780571787	0.39410708966814806	0.3959934246015194	0.3972560520165985	0.3980623080768298	0.3983209185112436	0.3983209185112436	0.3983209185112436
209205_HY5CNBGXT_TCDM_2_G10_A27_4_2_i_CATCTA_S79_trim1 - polyg	0.0	0.0	9.127427096957919e-05	0.00018254854193915839	0.0020840958538053916	0.003742245109752747	0.003742245109752747	0.0037726698667426067	0.0037878822452375367	0.0037878822452375367	0.0037878822452375367	0.0037878822452375367	0.0038183070022273966	0.0038183070022273966	0.003848731759217256	0.003863944137712186	0.003879156516207116	0.003879156516207116	0.003879156516207116	0.003879156516207116	0.003909581273196976	0.0039552184086817654	0.004000855544166555	0.004000855544166555	0.004046492679651344	0.004092129815136134	0.004107342193631064	0.004168191707610783	0.004168191707610783	0.004183404086105714	0.004183404086105714	0.004259465978580362	0.004289890735570222	0.004335527871055012	0.004381165006539802	0.004411589763529661	0.0044572268990144505	0.004502864034499241	0.00456371354847896	0.004654987819448539	0.004715837333428259	0.0048071116043978375	0.004883173496872487	0.004974447767842067	0.005080934417306575	0.005430819122689962	0.0057046419355987	0.006358774210880684	0.007712675896929443	0.008625418606625234	0.008990515690503551	0.009264338503412288	0.009431674666856517	0.009568586073310886	0.009675072722775395	0.009796771750734835	0.010009745049663852	0.010116231699128361	0.01025314310558273	0.010374842133542169	0.010587815432471188	0.010968124894844434	0.011211522950763312	0.011561407656146699	0.012276389445408402	0.014375697677708724	0.021206055621932233	0.05090061844403533	0.11365167973562103	0.19058067778448137	0.25535498541589274	0.2937053916016109	0.31454635013966487	0.32682273958507324	0.3337595841787613
209206_HY5CNBGXT_TCDM_2_H10_A27_4_3_i_AACAAG_S80_trim1 - polya	0.000482092592880581	0.000964185185761162	0.0017884080058473166	0.0035457132637668537	0.006282755081411443	0.010403869181842216	0.017013203116495342	0.02415128376592072	0.031538186398768334	0.03727664339144363	0.04102452451674105	0.04502122762546071	0.05001321866786931	0.05360558605352783	0.057446775422608586	0.061225759295833786	0.06607778797256737	0.07002783695939536	0.07418005380775392	0.07834782203007636	0.08246893613050713	0.08676111534454069	0.09175310638694929	0.09710277903052734	0.10193925633329705	0.10621588417336672	0.11052361476136417	0.11466028023575883	0.11943455204267298	0.1248308788081427	0.1299939349641541	0.13623003592367386	0.1441456852712937	0.1531032766744942	0.16148546724103074	0.17120507596846182	0.18199772949940127	0.19364570859835467	0.20574467754226086	0.2171749374057198	0.2289317761224204	0.24070416621308494	0.2511546895168188	0.261978445795686	0.27342425703310885	0.2851966471237734	0.2980420820179463	0.31049873256302196	0.32287762623827815	0.33664059219632053	0.35245633951759636	0.3655661477691554	0.3772607809900005	0.38713590345707044	0.39631121409576536	0.40615523381490753	0.4151439279660358	0.4245058550922974	0.43318352176414787	0.4423121782809511	0.4520317870083822	0.4629955056529244	0.47441021414241946	0.48764443338568964	0.5026515092608432	0.5136152279053854	0.5212354011476914	0.5263829059297389	0.5298664136976502	0.5320280546786309	0.5335209865791642	0.5344385176430337	0.5347495451223115	0.5347495451223115	0.5347495451223115
209206_HY5CNBGXT_TCDM_2_H10_A27_4_3_i_AACAAG_S80_trim1 - polyg	0.0	0.0	0.0	0.00013996236567500738	0.0019439217454862137	0.003483507767911295	0.003514610515839074	0.0035457132637668537	0.0035457132637668537	0.0035457132637668537	0.0035457132637668537	0.003592367385658523	0.0036079187596224126	0.0036234701335863023	0.003639021507550192	0.0036701242554779715	0.0036856756294418613	0.003701227003405751	0.003701227003405751	0.0037167783773696408	0.0037323297513335305	0.003794535247189089	0.0038722921170085377	0.0039189462389002064	0.003950048986827986	0.003965600360791876	0.003965600360791876	0.003981151734755765	0.004012254482683545	0.004027805856647435	0.004043357230611324	0.004090011352502994	0.004105562726466883	0.004105562726466883	0.004198870970250222	0.004261076466105781	0.00427662784006967	0.004307730587997449	0.004338833335925229	0.004369936083853008	0.004478795701600236	0.004556552571419685	0.004603206693311354	0.004665412189166913	0.004727617685022472	0.004774271806914141	0.004883131424661369	0.004976439668444707	0.005147504782047494	0.00533412126961417	0.005427429513397509	0.005520737757180847	0.005629597374928075	0.005707354244747523	0.0057384569926753025	0.005800662488530861	0.0058784193583503105	0.006033933097989207	0.006173895463664215	0.006298306455375332	0.00643826882105034	0.0067181935524003545	0.0070447724056420385	0.007449108128703171	0.008506601558247671	0.013032051381739577	0.03158484052066	0.09349486027090494	0.18293081193723465	0.2764412235821035	0.34478951215339876	0.37937576784908944	0.39741536164720154	0.40844128578759936	0.41391536942288853
209207_HY5CNBGXT_TCDM_2_A11_X4_24_2_o_GCAGCC_S81_trim1 - polya	5.3014810924444e-05	8.835801820740666e-05	0.00035343207282962665	0.0008835801820740667	0.002014562815128872	0.003658021953786636	0.005760942787122914	0.007881535224100674	0.009701710399173252	0.011380512745113978	0.012670539810942115	0.014738117436995431	0.01698241109946356	0.018625870238121324	0.020852492296947973	0.022973084733925734	0.025022990756337567	0.027620716491635323	0.029635279306764194	0.03143778287819529	0.03354070371153157	0.03613842944682932	0.038647797163919674	0.04147525374655669	0.044338053536476664	0.04750127058830182	0.050293383963655874	0.052820423284387706	0.055718566281590644	0.05835163522417136	0.06130279303229874	0.0643776520659165	0.06789430119057129	0.07149930833343347	0.07531637471999345	0.07879768063736527	0.08346298399871634	0.08851706264018	0.09450773627464217	0.10042772349453842	0.10648908354356651	0.11332799415281979	0.1194777122200553	0.1260162055674034	0.13276675815844927	0.14045390574249364	0.14775227804642543	0.15584587251422388	0.16296752878174084	0.17081372079855855	0.18039172997224145	0.1885913540618888	0.19597808438402797	0.20189807160392423	0.20728791071457603	0.21266007822158636	0.2180145741249552	0.2237931885157196	0.22983687696110622	0.2351383580535506	0.24086395763339058	0.24800328550454903	0.25539001582668824	0.2644908917020511	0.27436931813763915	0.28203879411804206	0.2886656454835976	0.2934723216740805	0.29693595598781086	0.2992509360648449	0.3003465754906167	0.3010711112399175	0.30135385689818117	0.30135385689818117	0.30135385689818117
209208_HY5CNBGXT_TCDM_2_B11_X4_24_1_i_ACTCTT_S82_trim1 - polya	6.938422712649213e-05	0.00012142239747136122	0.00039895930597732974	0.0007979186119546595	0.0017692977917255492	0.00326105867494513	0.004683435331038219	0.0061751962142578	0.00732003596184492	0.008829142901846124	0.01018213533081272	0.01252385299633183	0.014466611355873609	0.016218563090817536	0.017814400314726853	0.01899393217587722	0.020867306308292508	0.022393759305075336	0.023885520188294915	0.025377281071514497	0.026973118295423815	0.028568955519333136	0.030442329651748423	0.03255854857910643	0.03483088201749905	0.03661752586600622	0.03819601703313392	0.03977450820026161	0.04150911387842392	0.04305291293198837	0.04478751861015067	0.04679966119681894	0.04919341703268292	0.051812671606708	0.05486557760027365	0.05772767696924145	0.06128361860947417	0.0654466722370637	0.07018214573844679	0.07484823501270338	0.07984389936581082	0.084804871605355	0.08914138580076077	0.0938421671885806	0.09890721576881453	0.10404164857617494	0.10992196182514516	0.11654815551572516	0.12326107949021327	0.13039030882746033	0.1382654186063172	0.145359955830001	0.1516739204985118	0.1573981192364474	0.16225501513530186	0.16693845046634007	0.17189942270588426	0.1769818173428998	0.18189075141209912	0.18704253027624115	0.19280142112774	0.19960107538613622	0.20813533532269476	0.2179358574043118	0.2290199876877689	0.23722467254547658	0.24424982554203392	0.24915875961123324	0.25384219494227145	0.256947139106182	0.2586990908411259	0.2600520832700925	0.2603643122921617	0.2603643122921617	0.2603643122921617
209209_HY5CNBGXT_TCDM_2_C11_X5_36_3_o_TGCTAT_S83_trim1 - polya	0.002214398015899378	0.002214398015899378	0.004428796031798756	0.011071990079496889	0.024358378174893155	0.0398591642861888	0.07307513452467947	0.08857592063597511	0.09743351269957262	0.10407670674727075	0.11293429881086826	0.11736309484266702	0.1284350849221639	0.13064948293806328	0.13729267698576142	0.1395070750016608	0.15279346309705708	0.16386545317655396	0.1682942492083527	0.17493744325605085	0.1793662392878496	0.181580637303749	0.19708142341504462	0.21479660754223964	0.21922540357403839	0.22586859762173653	0.23472618968533404	0.24358378174893155	0.25022697579662967	0.2568701698443278	0.2568701698443278	0.26351336389202595	0.27679975198742224	0.2967293341305166	0.30115813016231535	0.31223012024181224	0.3277309063531079	0.3388028964326048	0.37201886667109546	0.39416284683008923	0.4074492349254855	0.4318076131003787	0.45173719524347306	0.4716667773865675	0.4893819615137625	0.5115259416727562	0.5403131158794482	0.5602426980225426	0.5757434841338382	0.5890298722292345	0.615602648420027	0.6311034345313227	0.6532474146903164	0.6776057928652096	0.697535375008304	0.7218937531831972	0.7462521313580903	0.7683961115170841	0.7927544896919773	0.8060408777873735	0.8215416638986691	0.8370424500099648	0.8591864301689586	0.8702584202484555	0.8946167984233486	0.9234039726300405	0.9477623508049337	0.9588343408844305	0.9654775349321287	0.9743351269957262	0.9743351269957262	0.9743351269957262	0.9743351269957262	0.9743351269957262	0.9743351269957262
209209_HY5CNBGXT_TCDM_2_C11_X5_36_3_o_TGCTAT_S83_trim1 - polyg	0.0	0.0	0.0	0.0	0.0	0.0	0.0	0.0	0.0	0.0	0.0	0.0	0.0	0.0	0.0	0.0	0.0	0.0	0.0	0.0	0.0	0.0	0.0	0.0	0.0	0.0	0.0	0.0	0.0	0.0	0.0	0.0	0.0	0.0	0.0	0.0	0.0	0.0	0.0	0.0	0.0	0.0	0.0	0.0	0.0	0.0	0.0	0.0	0.0	0.0	0.0	0.0	0.0	0.0	0.0	0.0	0.0	0.0	0.0	0.0	0.0	0.0	0.0	0.0	0.002214398015899378	0.011071990079496889	0.09300471666777387	0.4295932150844793	0.9521911468367324	1.576651387320357	2.026174184547931	2.234327598042472	2.3472618968533405	2.413693837330322	2.45576739963241
209210_HY5CNBGXT_TCDM_2_D11_X4_24_2_i_AAGTGG_S84_trim1 - polya	8.625777748641818e-05	0.00023720888808764998	0.00047441777617529996	0.0010566577742086227	0.002221137770275268	0.004054115541861654	0.006534026644596177	0.009121759969188722	0.01158010662755164	0.014103146619029372	0.016000817723730573	0.018049439939033005	0.02059404437488234	0.022966133255758837	0.025683253246581012	0.028508195459261206	0.03098810656199573	0.033618968775331486	0.036055750989322795	0.038449404314570904	0.04105870208353505	0.04416398207304611	0.04765742206124604	0.05177623093622251	0.05639102203174588	0.06063921757295197	0.06460707533732721	0.06891996421164812	0.07323285308596902	0.07825736862455289	0.08407976860488611	0.08951400858653046	0.09490511967943159	0.10020997299484631	0.10644209741824003	0.11312707517343744	0.12058837292601261	0.12895537734219517	0.13792618620078265	0.14752236394614668	0.1575282661345712	0.16783607054419816	0.1760736882941511	0.18454851493219168	0.19280769712651621	0.2032017593136296	0.2131214037245677	0.22368798146665392	0.23507400809486112	0.24801267471782384	0.26265493244614335	0.2760248879565382	0.2857073234793886	0.29413902122868596	0.30222568786803766	0.31078677228356466	0.3195850655871793	0.3277795544483891	0.336017172198342	0.3440822743933221	0.35324716325125405	0.36336088766153657	0.37392746540362276	0.38669361647161266	0.4002360875369803	0.41084579416780975	0.4177895452554664	0.42318065634836755	0.4258762118948181	0.42729946522334405	0.42788170522137736	0.4284208163306675	0.42846394521941067	0.42846394521941067	0.42846394521941067
209211_HY5CNBGXT_TCDM_2_E11_X4_24_3_o_CTCATA_S85_trim1 - polya	0.00015883644188015755	0.00028237589667583565	0.000582400286893911	0.0014648249640058974	0.0030178923957229933	0.005100414633707281	0.007465312768367405	0.009830210903027528	0.011577411763709262	0.01364228550815131	0.015301243901121845	0.017189632710141494	0.019289803441668023	0.021089949782976476	0.02333130846284092	0.02608447345543032	0.028784692967392996	0.031661397414778074	0.034220428978402835	0.036020575319711284	0.03815604303832229	0.040573886653609136	0.04320351219140285	0.046115513625872406	0.04879808464429285	0.051039443324157295	0.052998426107345904	0.05492211190345003	0.056898743180180886	0.05945777474380564	0.06226388521702176	0.06505234719669564	0.0684585064503479	0.07246471448443632	0.07606500716705322	0.08008886369468389	0.08517162983484892	0.09002496555896486	0.09602545336332637	0.101372946906625	0.10654395551450124	0.11303860113804545	0.11843904016197082	0.12369829123755825	0.1290987302614836	0.1356639698591968	0.14201742753440308	0.14941214632860153	0.1558361979779768	0.16300148635612613	0.17168454517890808	0.17939693685686683	0.186403388793136	0.19289803441668021	0.1982631764535211	0.20369891246453095	0.20872873312406925	0.21326439596442487	0.21815302867562528	0.2239417345574799	0.22955395550391214	0.23583681920494948	0.24349626540228153	0.25150868147045835	0.26056235865762734	0.2676570530616077	0.27415169868515193	0.27895208892864115	0.28295829696272956	0.28571146195531893	0.2877586872062188	0.2890646757283445	0.2893823486121048	0.2893823486121048	0.2893823486121048
209211_HY5CNBGXT_TCDM_2_E11_X4_24_3_o_CTCATA_S85_trim1 - polyg	0.0	0.0	0.00015883644188015755	0.00033532137730255484	0.0021178192250687674	0.003706183643870343	0.003776777618039302	0.003829723098666021	0.0038650200857505003	0.0038650200857505003	0.0039003170728349797	0.003970911047003939	0.0041120989953418565	0.004147395982426336	0.004253286943679774	0.004306232424306494	0.004359177904933213	0.004376826398475453	0.004394474892017692	0.0044474203726444115	0.004500365853271131	0.00453566284035561	0.004588608320982329	0.004606256814524569	0.004623905308066808	0.004676850788693528	0.004694499282235767	0.004712147775778008	0.004712147775778008	0.004712147775778008	0.004800390243489206	0.004835687230573685	0.004923929698284884	0.004959226685369363	0.004994523672453843	0.004994523672453843	0.005100414633707281	0.00522395408850296	0.0052945480626719185	0.005382790530383117	0.005435736011009836	0.005471032998094315	0.005506329985178795	0.0057004634141434325	0.00584165136248135	0.005929893830192549	0.0060710817785304665	0.0061416757526994254	0.006229918220410624	0.006265215207495104	0.006335809181664063	0.006371106168748542	0.006424051649375261	0.006441700142917501	0.006565239597713179	0.006653482065424377	0.006706427546051097	0.006847615494389015	0.007024100429811411	0.007112342897522611	0.007235882352318288	0.0073594218071139665	0.007482961261909645	0.007624149210247563	0.008118307029430274	0.009936101864280967	0.014612952652974494	0.029314147773660187	0.049856994256827235	0.06987038593372709	0.08478336297691966	0.09284872452572321	0.09747262983379001	0.0998198794749079	0.10124940745182932
209212_HY5CNBGXT_TCDM_2_F11_BLANK_AATCCG_S86_trim1 - polya	0.005653550429669833	0.005653550429669833	0.011307100859339666	0.011307100859339666	0.016960651289009497	0.028267752148349163	0.03957485300768883	0.05088195386702849	0.07349615558570782	0.09045680687471733	0.09611035730438716	0.11872455902306649	0.11872455902306649	0.13568521031207598	0.1413387607417458	0.15264586160108548	0.15829941203075532	0.19222071460877432	0.19787426503844413	0.20352781546811397	0.2091813658977838	0.22048846675712347	0.23744911804613297	0.26571687019448215	0.2883310719131615	0.29963817277250115	0.30529172320217096	0.31659882406151063	0.32225237449118044	0.32225237449118044	0.32225237449118044	0.32225237449118044	0.3279059249208503	0.33921302578018997	0.3448665762098598	0.3618272274988693	0.3787878787878788	0.38444142921754865	0.39009497964721845	0.39574853007688826	0.4014020805065581	0.4127091813658978	0.4127091813658978	0.4522840343735866	0.4635911352329263	0.48055178652193575	0.4918588873812754	0.5144730890999548	0.5144730890999548	0.5314337403889643	0.5540479421076436	0.5597014925373134	0.5710085933966531	0.5936227951153324	0.5992763455450023	0.5992763455450023	0.6162369968340118	0.6275440976933514	0.6445047489823609	0.6671189507010402	0.6953867028493894	0.7236544549977386	0.7406151062867481	0.7688828584350973	0.7858435097241068	0.7914970601537765	0.8028041610131162	0.8254183627317956	0.8367254635911352	0.8367254635911352	0.8367254635911352	0.8367254635911352	0.8367254635911352	0.8367254635911352	0.8367254635911352
209212_HY5CNBGXT_TCDM_2_F11_BLANK_AATCCG_S86_trim1 - polyg	0.0	0.0	0.0	0.0	0.0	0.005653550429669833	0.005653550429669833	0.005653550429669833	0.005653550429669833	0.005653550429669833	0.005653550429669833	0.005653550429669833	0.005653550429669833	0.005653550429669833	0.005653550429669833	0.005653550429669833	0.005653550429669833	0.005653550429669833	0.005653550429669833	0.005653550429669833	0.005653550429669833	0.005653550429669833	0.005653550429669833	0.005653550429669833	0.005653550429669833	0.005653550429669833	0.005653550429669833	0.005653550429669833	0.005653550429669833	0.005653550429669833	0.005653550429669833	0.005653550429669833	0.005653550429669833	0.005653550429669833	0.005653550429669833	0.005653550429669833	0.005653550429669833	0.005653550429669833	0.005653550429669833	0.011307100859339666	0.016960651289009497	0.022614201718679332	0.022614201718679332	0.022614201718679332	0.022614201718679332	0.028267752148349163	0.03957485300768883	0.03957485300768883	0.045228403437358664	0.045228403437358664	0.045228403437358664	0.045228403437358664	0.045228403437358664	0.045228403437358664	0.045228403437358664	0.045228403437358664	0.045228403437358664	0.045228403437358664	0.045228403437358664	0.045228403437358664	0.045228403437358664	0.045228403437358664	0.045228403437358664	0.045228403437358664	0.045228403437358664	0.05088195386702849	0.056535504296698326	0.056535504296698326	0.07349615558570782	0.08480325644504749	0.10176390773405698	0.10741745816372682	0.11872455902306649	0.1413387607417458	0.14699231117141565
209213_HY5CNBGXT_TCDM_2_G11_A03_4_1_i_GGCCAA_S87_trim1 - polya	0.00010123289518386526	0.00020246579036773053	0.0005466576339928724	0.0010730686889489718	0.002328356589228901	0.0041303021235017025	0.006883836872502837	0.010184029255496845	0.012917317425461207	0.015691098753499114	0.017776496394286738	0.01972016798181695	0.021987784833935535	0.0244173743183483	0.026624251433356564	0.028608416178960323	0.030835539873005358	0.03302217040897685	0.035310033840132204	0.03695000674211082	0.038974664645788124	0.04160671992056862	0.04415778887920203	0.04660762494265157	0.04899672126899079	0.051730009438955143	0.054483544187956284	0.057621763938656104	0.06051702474091465	0.06454609396923248	0.06849417688140323	0.07260423242586816	0.07758489086891433	0.08244406983773987	0.08774867354537441	0.09299253751589863	0.09904626464789378	0.10530245757025664	0.11182185602009756	0.11941432315888746	0.12656136555886835	0.13465999717357757	0.14188802588970553	0.14901482171064967	0.15646556279618215	0.163794824407494	0.172804552078858	0.18147008790659686	0.19027734978759314	0.19932757061703069	0.20963307934674819	0.21896675228270054	0.2278145073217704	0.23437439892968484	0.2405698521149374	0.24684629161633703	0.2532644571709941	0.25937892404009955	0.2652706785398005	0.2710814467233544	0.27749961227801145	0.2847478875731762	0.29339317682187827	0.3023219181770952	0.31234397480029785	0.3206855653634484	0.32736693644558346	0.3315377317271587	0.33540482832318236	0.3365791299073152	0.3378749109656687	0.3387657604432867	0.3389884728126912	0.3389884728126912	0.3389884728126912
209214_HY5CNBGXT_TCDM_2_H11_X8_37_2_i_AGACCA_S88_trim1 - polya	0.0004363147691094961	0.0006726519357104731	0.0011998656150511143	0.0020724951532701064	0.003726855319476946	0.006072047203440487	0.008653576254005006	0.011416903125031814	0.013798454573087815	0.01605274754682021	0.017616208802795904	0.02005229959699059	0.022142974532306927	0.02408821121125343	0.026324324402939598	0.028924033235550345	0.03141466337588372	0.0337234956957548	0.036068687579718345	0.03821390186117337	0.04083179047583034	0.043649656692995836	0.04655842182039248	0.04959444542211272	0.052848626408387715	0.05566649262555321	0.058920673611828206	0.06179307917513239	0.06441096778978936	0.06821054223745122	0.07246461123626881	0.07650052285053165	0.08195445746440035	0.08702661665529825	0.0915715621668555	0.09742545198574123	0.10253397074073159	0.10807880426483144	0.11502348100649092	0.12082283147923796	0.12664036173403123	0.13283966741179534	0.13816634355134044	0.14420203119068847	0.14996502209934306	0.15680062014872517	0.16381801601856955	0.1717989403368641	0.17830730230941408	0.18676090096091055	0.1957962526378864	0.20317724414865534	0.21072185369784038	0.21741201349085265	0.22368403829680167	0.23044691721799887	0.23735523439556588	0.24342728159900637	0.2494811490204006	0.25613494924932045	0.26375227792669037	0.27102419074518197	0.27915055331984634	0.28953120886824313	0.30022092071142575	0.3090926543499855	0.3158373534891365	0.32094587224412685	0.32565443579410014	0.32801780746010994	0.3297630665365479	0.3308356736772754	0.33121744910024625	0.33121744910024625	0.33121744910024625
209214_HY5CNBGXT_TCDM_2_H11_X8_37_2_i_AGACCA_S88_trim1 - polyg	0.0	0.0	1.8179782046229004e-05	0.00016361803841606103	0.0020361355891776486	0.0033450798965061366	0.0034359788067372817	0.003617776627199572	0.003690495755384488	0.0038177542297080907	0.0039450127040316935	0.004126810524493984	0.004272248780863816	0.004308608344956274	0.00438132747314119	0.004472226383372335	0.004581305075649709	0.004635844421788396	0.0047267433320195415	0.004763102896111999	0.004799462460204457	0.004854001806343144	0.004854001806343144	0.0048903613704356025	0.004944900716574289	0.004963080498620518	0.004981260280666747	0.004999440062712976	0.0050357996268054345	0.005053979408851664	0.005072159190897892	0.005144878319082808	0.005181237883175266	0.005181237883175266	0.005235777229313953	0.005308496357498869	0.005363035703637557	0.00547211439591493	0.005544833524099846	0.005563013306146075	0.005617552652284762	0.0056539122163772205	0.005708451562515907	0.0058175302547932815	0.005944788729116884	0.0061084067675329454	0.006308384370041465	0.006526541754596212	0.006871957613474563	0.007108294780075541	0.007144654344167999	0.007271912818491602	0.007326452164630288	0.007453710638953892	0.0075082499850925785	0.007635508459416181	0.007635508459416181	0.007726407369647327	0.007890025408063387	0.007980924318294533	0.008108182792618136	0.008271800831034197	0.008453598651496487	0.008689935818097464	0.00985344186905612	0.014852881931769096	0.03157828141429978	0.07939110819588206	0.14989230297115813	0.22410217328386495	0.27796886748684146	0.3058021137996181	0.32040047878274	0.32883589765219023	0.3329081688305455
209215_HY5CNBGXT_TCDM_2_A12_X4_24_3_i_CGCGGA_S89_trim1 - polya	8.682291511410413e-05	0.00018811631608055894	0.000506467004832274	0.0010852864389263015	0.00253233502416137	0.004529262071785765	0.006598541548671913	0.008725702968967464	0.010737100502444209	0.012603793177397448	0.01413766467774662	0.01607670978196161	0.018203871202257166	0.0200416229055057	0.021575494405854875	0.023789478741264528	0.026032404048378886	0.027696509921399215	0.029519791138795402	0.03153118867227215	0.0336872910642724	0.035872334427977354	0.03844808090969577	0.040879122532890694	0.04323781172682385	0.04565438286416642	0.04760789845423376	0.05025599736521394	0.05265809801670415	0.055349608385241375	0.05856205624446323	0.06160085827345688	0.06585518111404798	0.06986350569514911	0.07410335804988787	0.07845897429144542	0.08284353150470768	0.08760432135013106	0.0937542778373801	0.09936882634809217	0.10509913874562304	0.11113333134605327	0.11653082256898008	0.12272419051378618	0.12875838311421642	0.1350385739741366	0.14163711552280853	0.14858294873193686	0.15560113437032694	0.16353096061741512	0.17264736670439604	0.18067848635245068	0.18846360774101534	0.19539497046429133	0.2012989286920504	0.20847628967481635	0.21532082948297823	0.22212195783358304	0.2285034420944697	0.23533351141677922	0.24154134984743766	0.24867529937264657	0.25698135825189583	0.2668647000890514	0.2772689794168915	0.2861393872443825	0.29349039405737665	0.29849718216229	0.30186880536588767	0.3040538487295926	0.305428544885566	0.3061810101498882	0.30631124452255937	0.30631124452255937	0.30631124452255937
209216_HY5CNBGXT_TCDM_2_B12_X8_37_3_o_CCTGCT_S90_trim1 - polya	9.083620723953671e-05	0.0001635051730311661	0.00027250862171861016	0.000635853450676757	0.0014533793158325874	0.0029067586316651748	0.005032325881070334	0.0072850638206108445	0.009101787965401578	0.011027515558879757	0.012535396599056066	0.014261284536607265	0.016386851786012423	0.018203575930803156	0.01989312938545854	0.0220186966348637	0.023962591469789785	0.0259791552705075	0.027777712173850326	0.029430931145609896	0.031919843223973204	0.03402724323193045	0.03671599496622074	0.03920490704458405	0.041948160503218056	0.044764082927643695	0.047143991557319555	0.050014415706088916	0.05272133468182711	0.05604593986679415	0.059788391605063065	0.06383968644794641	0.06890834681191255	0.07350465889823311	0.07895483133260531	0.08445950549132124	0.09065453482505764	0.09755808657526244	0.104897652120217	0.11272773318426506	0.12141167459636477	0.12953243152357935	0.13703550224156508	0.1444840712352071	0.1524413229893905	0.16021690232909486	0.16911885063856946	0.17822063860397103	0.18748593174240377	0.1966785559150449	0.20799674733709117	0.2179887301334402	0.22652733361395666	0.23341271812271355	0.24018909918278297	0.24754683196918545	0.25410520613188	0.2610269251235327	0.2680031458395291	0.27517920621145253	0.28244610279061544	0.29007634419873657	0.2991417976812423	0.3100421425499867	0.32130583224768927	0.33037128573019503	0.33669348575406677	0.341162627150252	0.343905880608886	0.34510491854444786	0.3458316082023642	0.3462312875142181	0.34632212372145765	0.34632212372145765	0.34632212372145765
209217_HY5CNBGXT_TCDM_2_C12_X8_37_2_o_GCGCTG_S91_trim1 - polya	0.00014101738401874162	0.00020145340574105944	0.0004029068114821189	0.0010274123692794032	0.002518167571763243	0.004290957542284566	0.006204764896824631	0.008581915084569132	0.010495722439109198	0.012208076387908202	0.013739122271540255	0.01545147622033926	0.017365283574879323	0.01891647479908548	0.020588538066736276	0.022965688254480778	0.025101094355336008	0.027357372499635872	0.029089871789008983	0.03070149903493746	0.0325347250271811	0.034851439193203285	0.03755091483013348	0.03984748365558156	0.04238579656791891	0.044803237436811624	0.04754300375489003	0.04941652042828188	0.05221672276808261	0.05509750647017976	0.05811930755629565	0.061644742156764194	0.06615729844536392	0.07069000007453775	0.07506153897911876	0.07917118845623636	0.08388519815057716	0.08966691089534556	0.09631487328480053	0.10274123692794032	0.10858338569443104	0.1145061158232182	0.11968346835076342	0.12552561711725413	0.13124689384030022	0.13819703633836677	0.1454090682638967	0.1525405188271302	0.15975255075266015	0.1673876348302463	0.1765537647914645	0.18485364510799615	0.19242829316385998	0.1985524766983882	0.20469680557349051	0.21090157047031513	0.21686459128025048	0.222283687894685	0.22750133110337845	0.2328197010149424	0.23896402989004473	0.24613577113442645	0.2541536166829206	0.2636420720933245	0.2736140156775069	0.28116851839279666	0.28721212056502843	0.2921477290056844	0.2948472046426146	0.2968617387000252	0.2978891510693046	0.2984733659459537	0.29871511003284296	0.29871511003284296	0.29871511003284296
209218_HY5CNBGXT_TCDM_2_D12_X8_37_1_o_GAACCT_S92_trim1 - polya	0.00017509444886395803	0.00025291420391460604	0.0005058284078292121	0.0011867512645223823	0.0020622235088421726	0.003715893303668443	0.005817026690035939	0.007976524892691421	0.009357825544840423	0.011225499666055976	0.012781894767068936	0.014241015174268587	0.016089234356721476	0.017626174518971777	0.019085294926171427	0.02124479312882691	0.023735025290447645	0.02552487965661255	0.027236914267726803	0.02885167418502775	0.03097226251015791	0.03324849034538936	0.03571926756824744	0.037956585525953566	0.039882624463457104	0.04184757327848597	0.043831977032277494	0.04536891719452779	0.04768405490728457	0.050057557436329336	0.052567244536712736	0.055329845841010736	0.05857882061437529	0.06245035342814503	0.06673043995593067	0.07079652215732703	0.07494042411377404	0.08005707300835414	0.08599082933096605	0.09058219487895429	0.09573775365105971	0.10108786181079177	0.1059905063789826	0.11149625404881594	0.11729382580008922	0.12289684816373588	0.12925861313912634	0.1355425583594662	0.1419821430899073	0.14953065932982015	0.15659280210066648	0.16365494487151278	0.1697832505817513	0.17507499392519538	0.18019164281977548	0.18561957073455818	0.19052221530274902	0.19546376974846516	0.20147534582612772	0.20651417496565716	0.21231174671693046	0.21783694932552647	0.2247239976475088	0.23285616205030152	0.24196107339122733	0.24873139208063372	0.2541204101178911	0.2579335781153728	0.26089072880729747	0.262991862193665	0.26437316284581397	0.26530699990642176	0.26546263941652304	0.26546263941652304	0.26546263941652304
209219_HY5CNBGXT_TCDM_2_E12_X8_37_3_i_TTCGAG_S93_trim1 - polya	0.0	4.54397431139856e-05	0.00022719871556992798	0.0005907166604818127	0.0016964170762554622	0.003150488855903001	0.004756026445930492	0.006588762751527912	0.00798224820702347	0.009451466567709003	0.010784365699052582	0.012192997735586134	0.013798535325613625	0.015010261808653242	0.016479480169338777	0.018221336988708224	0.019993486970153664	0.021492998492915187	0.023159122407094657	0.024719220254008165	0.02640049074922563	0.02829381337897503	0.030353748400142377	0.03241368342130972	0.03454935134766705	0.036639579530910384	0.03841172951235582	0.040426224790409186	0.04271335852714646	0.04495505252076975	0.04749967813515294	0.049892837939156186	0.05227085116212143	0.054830623357542616	0.05775391349787569	0.06094984209689268	0.0643578228304416	0.06887150397976417	0.0731882795755928	0.07770196072491536	0.08276091879160577	0.08760782472376423	0.0923941443317707	0.09737736949327114	0.1025423536272275	0.10826776125958967	0.11472020478177564	0.12071825087282173	0.12759479866407156	0.13453193277947334	0.1425747673106488	0.14951190142605061	0.15563112016540068	0.160902130366623	0.16544610467802157	0.17042932983952197	0.17491271782676857	0.17954757162439508	0.1845459433669335	0.18912021084040806	0.19384594412426256	0.2000106026067266	0.20609952818400068	0.21406662980998614	0.22147330793756578	0.22816809675635968	0.23328764114720205	0.23705913982566285	0.2390736351037162	0.24028536158675584	0.2413153290973395	0.2419363389198973	0.24204236498716328	0.24204236498716328	0.24204236498716328
209220_HY5CNBGXT_TCDM_2_F12_C14_4_1_i_AGAATC_S94_trim1 - polya	0.00017624375215898597	0.0003204431857436108	0.0005447534157641384	0.0010895068315282769	0.0021149250259078316	0.00414973925537976	0.006472952352020939	0.008619921696503132	0.010430425695954534	0.012208885376831574	0.01387518994269835	0.015926026331457458	0.01832935022453454	0.020252009338996204	0.02222273493131941	0.024577992346534953	0.026997338398899215	0.029689061159145543	0.0317879640257662	0.03391891121096121	0.03661063397120754	0.039254290253592325	0.04229850051815663	0.04478193520766961	0.047794101153659556	0.05083831141822386	0.053578100656331736	0.05588529159368573	0.058496903557496156	0.06080409449485016	0.0630792411136298	0.06583505251102485	0.06984059233281999	0.07357375544673304	0.07804393788785642	0.08243400953254389	0.08722463515941087	0.09246388124631891	0.0995456756512527	0.10544183026893515	0.11191478262095608	0.11838773497297703	0.12410764583850048	0.12974744590758802	0.13589995507386535	0.14299777163808633	0.1508486296888048	0.1580105348901745	0.16587741510018014	0.17395258338091915	0.1838702999796839	0.19241011087975113	0.20003665870044907	0.20649358889318284	0.21232565487371655	0.2199361805351273	0.22631299993142515	0.23198484431908706	0.23749646711387717	0.24352079900585705	0.25021806158789855	0.2574600775857041	0.26569546745931494	0.2749402533680181	0.28405686200242386	0.2926447393803526	0.2989895144580761	0.3035878741734969	0.306968549783092	0.3087950759418306	0.3097564054990614	0.3105895577819948	0.31071773505629224	0.31071773505629224	0.31071773505629224
209221_HY5CNBGXT_TCDM_2_G12_X8_37_1_i_AGGCAT_S95_trim1 - polya	6.487523087472787e-05	0.00012975046174945574	0.000346001231331882	0.0008217529244132197	0.002032757234074807	0.0033951370824440922	0.0056441450861013254	0.007720152474092617	0.009861035092958636	0.011764041865283988	0.01375354894544231	0.015288929409477537	0.01753793741313477	0.019570694647209577	0.021733202343033838	0.024393086808897683	0.027290847121302194	0.029020853277961604	0.03129148635857708	0.034232496824898075	0.03633012928984761	0.039076514063544426	0.04247165114598852	0.04526128607360182	0.04785629530859093	0.05023505377399762	0.05265706239332079	0.055252071628309904	0.0584958331720463	0.06180446994665742	0.0658483593378488	0.0696543728824995	0.07304950996494358	0.0787369052049614	0.08457567598368691	0.09039282168545418	0.09668571908030278	0.10403824524610528	0.11214764910544625	0.11937042480949929	0.12756632897667325	0.1360649842212626	0.14404463761885414	0.15131066347682365	0.1606743217997427	0.16800522288858696	0.1774121313654225	0.18636491322613494	0.19497169385551552	0.20524360541068076	0.21778615004646149	0.22913931544953886	0.23727034438583808	0.2447309959364318	0.2513915196395705	0.25764116688050265	0.2654478196624282	0.2732977225982703	0.27965549522399363	0.28590514246492577	0.2936469200159766	0.30162657341356813	0.3120931106613576	0.32506815683630313	0.3370700745481278	0.346628358563671	0.35337538257464274	0.3587167765833287	0.36215516381968926	0.36356079382197504	0.36457717243901244	0.365074549209052	0.3652259247477597	0.3652259247477597	0.3652259247477597
209222_HY5CNBGXT_TCDM_2_H12_C14_4_1_o_ACACGC_S96_trim1 - polya	0.00017692624427402337	0.0002734314684234907	0.0005307787328220701	0.0010776416696690514	0.0020426939111637243	0.0036993669257295793	0.005967239693242061	0.008508543929178033	0.010760332492665604	0.012384837099181636	0.014089762725822224	0.015955530392711924	0.01815906634412476	0.019928328786864995	0.021987106902053632	0.02422281126151629	0.02660327345720315	0.028645967368366873	0.030672577075505688	0.03306912347521746	0.035497838282979054	0.0377174584384168	0.041014720263523596	0.04318608780688661	0.046209918163569924	0.04875122239950589	0.05113168459519275	0.053672988831128726	0.05651989294353801	0.05973673374852025	0.06356477430644912	0.06766624633280148	0.07237891811210047	0.07778321066447064	0.08305882958464152	0.08810926964846363	0.09410867774975552	0.10060669617581965	0.10774808276288023	0.11583843738741058	0.12323717123886974	0.13168137835194813	0.13928920685573112	0.14707396160378816	0.15500347418806937	0.16319033403674918	0.17206881465850019	0.18175150548149674	0.1905656492871481	0.20037701374234393	0.21158770394770704	0.22176900509547584	0.229891528128056	0.23679165165474292	0.24385261722167895	0.2511548458489886	0.2584088218642236	0.2648746718822379	0.2722251531216223	0.2788196767718359	0.28623449482732	0.2948073755725977	0.3037180246023985	0.3143496834628648	0.3260428997889752	0.3348731277986515	0.3419340933655875	0.3466628493489114	0.34888246950434915	0.3502496268464666	0.35111817386381183	0.3516972052087086	0.35182587884090794	0.35182587884090794	0.35182587884090794
209222_HY5CNBGXT_TCDM_2_H12_C14_4_1_o_ACACGC_S96_trim1 - polyg	0.0	0.0	4.825261207473365e-05	0.0001286736321992897	0.0018979360749395234	0.0033133460291317105	0.0033294302331566216	0.0033294302331566216	0.0033294302331566216	0.0033294302331566216	0.0033294302331566216	0.0033294302331566216	0.0033294302331566216	0.0033455144371815327	0.0033615986412064438	0.0033615986412064438	0.0033776828452313553	0.0033776828452313553	0.003425935457306089	0.003458103865355911	0.0034741880693808223	0.003490272273405734	0.003506356477430645	0.0035546090895053786	0.0035706932935302897	0.0035706932935302897	0.0036028617015801123	0.0036028617015801123	0.003667198517679757	0.003667198517679757	0.003667198517679757	0.003683282721704668	0.0036993669257295793	0.003747619537804313	0.0037637037418292245	0.0037797879458541356	0.0037797879458541356	0.0038280405579288693	0.004021051006227804	0.004214061454526738	0.004326650882701117	0.004374903494775851	0.004535745535024963	0.004600082351124608	0.004680503371249163	0.004873513819548098	0.005114776879921766	0.005661639816768748	0.006691028874363065	0.007414818055484071	0.007833007360131762	0.008042102012455608	0.008138607236605075	0.008251196664779453	0.00833161768490401	0.008379870296978743	0.008460291317103298	0.008508543929178033	0.008556796541252767	0.0086050491533275	0.00871763858150188	0.008765891193576613	0.008846312213701168	0.008958901641875548	0.009232333110299038	0.009891785475320398	0.011661047918060632	0.021247233516907715	0.04476233980132791	0.07693074785115034	0.10736206186628236	0.12444348654073807	0.13372407226311184	0.1392570384476813	0.14229695300838952
