"","gene_id","baseMean","log2FoldChange","lfcSE","stat","pvalue","padj","locusName","Pathways","Pathways_Desc","GODescription","class","Description","GO","KOG","KO","Pfam","Panther","Best-hit-arabi-defline"
"1","Manes.10G026300.v8.1",379.092462729187,0.348397332462949,0.056193128304421,6.19999887843117,5.64635631126872e-10,1.10877498884384e-05,"Manes.10G026300","","","nucleotidyltransferase activity",NA,"(1 of 1) PTHR12271//PTHR12271:SF40 - POLY A  POLYMERASE CID  PAP -RELATED // POLY(A) RNA POLYMERASE GLD2","GO:0016779","KOG2277","","PF01909","PTHR12271 PTHR12271:SF40","Nucleotidyltransferase family protein"
"2","Manes.02G127202.v8.1",79.0761690096769,1.73323229355477,0.291133785029525,5.95338769555375,2.62648107808454e-09,2.06848945843029e-05,"Manes.02G127202","","","",NA,"","","","","","",""
"3","Manes.05G081700.v8.1",12.5153623077857,1.33615212228528,0.225584838440599,5.92305817856247,3.16008981783922e-09,2.06848945843029e-05,"Manes.05G081700","","","DNA-binding transcription factor activity; nucleus; regulation of DNA-templated transcription; sequence-specific DNA binding",NA,"(1 of 2) PTHR10015//PTHR10015:SF160 - HEAT SHOCK TRANSCRIPTION FACTOR // SUBFAMILY NOT NAMED","GO:0003700 GO:0005634 GO:0006355 GO:0043565","","","PF00447","PTHR10015 PTHR10015:SF160",""
"4","Manes.09G003900.v8.1",31.6322802174471,-0.439338829673759,0.075162823369641,-5.84516134410156,5.06077511547445e-09,2.4844610235643e-05,"Manes.09G003900","","","protein binding",NA,"(1 of 166) PF00646 - F-box domain (F-box)","GO:0005515","","","PF00646","PTHR31482 PTHR31482:SF2",""
"5","Manes.14G023900.v8.1",413.975432305512,0.444024497959068,0.07760127077618,5.72187147862227,1.05356996548282e-08,3.75337331615876e-05,"Manes.14G023900","","","protein binding",NA,"(1 of 108) PF00168 - C2 domain (C2)","GO:0005515","","","PF00168","PTHR32246 PTHR32246:SF17","Calcium-dependent lipid-binding (CaLB domain) family protein"
"6","Manes.15G033100.v8.1",507.002936833525,1.074390071986,0.188243517206748,5.70744792664494,1.14682690313961e-08,3.75337331615876e-05,"Manes.15G033100","","","",NA,"(1 of 1) PTHR14154//PTHR14154:SF5 - UPF0041 BRAIN PROTEIN 44-RELATED // EARLY LIGHT-INDUCED PROTEIN 1, CHLOROPLASTIC-RELATED","","","","PF00504","PTHR14154 PTHR14154:SF5","Chlorophyll A-B binding family protein"
"7","Manes.12G062800.v8.1",93.8294098799099,0.473822198283815,0.0839807907645719,5.64203068308927,1.68056140153455e-08,4.71445489170486e-05,"Manes.12G062800","TRNA-CHARGING-PWY","tRNA charging","nucleotide binding; aminoacyl-tRNA ligase activity; threonine-tRNA ligase activity; ATP binding; cytoplasm; tRNA aminoacylation for protein translation; threonyl-tRNA aminoacylation; tRNA aminoacylation",NA,"(1 of 1) PTHR11451:SF32 - THREONYL-TRNA SYNTHETASE / THREONINE--TRNA LIGASE-RELATED","GO:0000166 GO:0004812 GO:0004829 GO:0005524 GO:0005737 GO:0006418 GO:0006435 GO:0016876 GO:0043039","KOG1637","K01868","PF00587 PF03129 PF07973","PTHR11451 PTHR11451:SF32","threonyl-tRNA synthetase, putative / threonine--tRNA ligase, putative"
"8","Manes.04G146600.v8.1",58.5803567323908,-0.368445894816741,0.0655909187028903,-5.61733090651931,1.93929804921344e-08,4.76024947405053e-05,"Manes.04G146600","","","",NA,"(1 of 3) PTHR10338//PTHR10338:SF114 - VON WILLEBRAND FACTOR, TYPE A DOMAIN CONTAINING // SUBFAMILY NOT NAMED","","","","PF13768","PTHR10338 PTHR10338:SF114","(1 of 2) PTHR10338//PTHR10338:SF114 - VON WILLEBRAND FACTOR, TYPE A DOMAIN CONTAINING"
"9","Manes.01G214200.v8.1",19.1122584094565,-0.734554227424382,0.134206199846579,-5.47332558603182,4.41667564112296e-08,8.90796577257291e-05,"Manes.01G214200","","","",NA,"","","","","","",""
"10","Manes.06G063900.v8.1",65.0024695278405,-0.398030931234685,0.0728611681711503,-5.46286782418467,4.68503440484372e-08,8.90796577257291e-05,"Manes.06G063900","","","",NA,"","","","","","",""
"11","Manes.10G087600.v8.1",48.0551566566418,0.283758607590857,0.0520498673086267,5.45166822248223,4.98994874463014e-08,8.90796577257291e-05,"Manes.10G087600","","","protein binding; signal transduction; ADP binding",NA,"(1 of 36) PTHR11017//PTHR11017:SF162 - LEUCINE-RICH REPEAT-CONTAINING PROTEIN // SUBFAMILY NOT NAMED","GO:0005515 GO:0007165 GO:0043531","KOG4658","","PF00931 PF13676","PTHR11017 PTHR11017:SF162",""
"12","Manes.01G016300.v8.1",398.767103825929,-0.370809443486747,0.0686654816094077,-5.40023072431116,6.65552426351153e-08,0.000108912108302147,"Manes.01G016300","TRNA-CHARGING-PWY","tRNA charging","nucleotide binding; aminoacyl-tRNA ligase activity; tyrosine-tRNA ligase activity; ATP binding; tRNA aminoacylation for protein translation",NA,"(1 of 3) K01866 - tyrosyl-tRNA synthetase (YARS, tyrS)","GO:0000166 GO:0004812 GO:0004831 GO:0005524 GO:0006418","KOG2144","K01866","PF00579","PTHR11946 PTHR11946:SF53","Tyrosyl-tRNA synthetase, class Ib, bacterial/mitochondrial"
"13","Manes.02G199300.v8.1",19.2271656690964,-0.543299876153329,0.103559624123503,-5.24625191286326,1.55224626120963e-07,0.000233070734360251,"Manes.02G199300","","","protein kinase activity; protein tyrosine kinase activity; protein binding; ATP binding; protein phosphorylation",NA,"(1 of 2) PTHR27000//PTHR27000:SF97 - FAMILY NOT NAMED // LEUCINE-RICH RECEPTOR-LIKE PROTEIN KINASE","GO:0004672 GO:0004713 GO:0005515 GO:0005524 GO:0006468","KOG1187","","PF00069 PF00560 PF08263 PF13855","PTHR27000 PTHR27000:SF97","Leucine-rich receptor-like protein kinase family protein"
"14","Manes.06G079900.v8.1",191.076807318017,0.193330165595614,0.0369396023830126,5.233682907332,1.66165416359093e-07,0.000233070734360251,"Manes.06G079900","PWY-7511","protein ubiquitylation","protein binding; zinc ion binding",NA,"(1 of 4) PTHR22763//PTHR22763:SF8 - RING ZINC FINGER PROTEIN // SUBFAMILY NOT NAMED","GO:0005515 GO:0008270","KOG2930","","PF13639","PTHR22763 PTHR22763:SF8","RING/U-box superfamily protein"
"15","Manes.06G066900.v8.1",23.1797643288689,-0.594506566086972,0.116790160913149,-5.09038228424974,3.57342354615188e-07,0.000467808787838563,"Manes.06G066900","","","",NA,"","","","","","PTHR36715 PTHR36715:SF1",""
"16","Manes.02G174100.v8.1",633.331136965393,-0.393548017353528,0.0782718285990508,-5.02796503413108,4.95712235089351e-07,0.000510268782377521,"Manes.02G174100","","","",NA,"(1 of 2) PTHR10791:SF44 - BIDIRECTIONAL SUGAR TRANSPORTER SWEET1","","KOG1623","K15382","PF03083","PTHR10791 PTHR10791:SF44","Nodulin MtN3 family protein"
"17","Manes.10G113400.v8.1",9.46488804975155,-0.889760911536435,0.178238331331947,-4.99197285391639,5.97656566414574e-07,0.000510268782377521,"Manes.10G113400","PWY-6842","glutathione-mediated detoxification II","protein binding",NA,"(1 of 5) PTHR11260//PTHR11260:SF327 - GLUTATHIONE S-TRANSFERASE, GST, SUPERFAMILY, GST DOMAIN CONTAINING // SUBFAMILY NOT NAMED","GO:0005515","KOG0406","K00799","PF00043 PF02798","PTHR11260 PTHR11260:SF327",""
"18","Manes.11G082579.v8.1",516.497061857783,-0.552039442777362,0.110226968403733,-5.00820670995308,5.49395132964534e-07,0.000510268782377521,"Manes.11G082579","PWY-6367; PWY-7039; PWY-6351; LIPASYN-PWY","D-<i>myo</i>-inositol-5-phosphate metabolism; phosphatidate metabolism, as a signaling molecule; D-<i>myo</i>-inositol (1,4,5)-trisphosphate biosynthesis; phospholipases","",NA,"(1 of 1) 4.6.1.13 - Phosphatidylinositol diacylglycerol-lyase / Phosphatidylinositol phospholipase C","","KOG4306","","PF00388","PTHR13593 PTHR13593:SF35","PLC-like phosphodiesterases superfamily protein"
"19","Manes.13G068000.v8.1",1626.67157569431,0.20917165997076,0.0414487880287132,5.04650847271718,4.49956948208017e-07,0.000510268782377521,"Manes.13G068000","","","aspartic-type endopeptidase activity; proteolysis; lipid metabolic process; lysosome; sphingolipid metabolic process",NA,"(1 of 7) 3.4.23.40 - Phytepsin","GO:0004190 GO:0006508 GO:0006629","KOG1339","K08245","PF00026 PF03489 PF05184","PTHR13683 PTHR13683:SF286",""
"20","Manes.14G024400.v8.1",112.476829559097,0.435366163132687,0.0871831958690241,4.99369355290372,5.92353628157845e-07,0.000510268782377521,"Manes.14G024400","PWY-7601; PWY-6433; PWY-7619; PWY-7606; PWY-5080; PWY-7036; PWY-6598; PWY-7726","arachidonate biosynthesis IV (8-detaturase, lower eukaryotes); hydroxylated fatty acid biosynthesis (plants); juniperonate biosynthesis; docosahexaenoate biosynthesis III (6-desaturase, mammals); very long chain fatty acid biosynthesis I; very long chain fatty acid biosynthesis II; sciadonate biosynthesis; (4Z,7Z,10Z,13Z,16Z)-docosa-4,7,10,13,16-pentaenoate biosynthesis (6-desaturase)","metabolic process; oxidoreductase activity",NA,"(1 of 4) K19329 - WW domain-containing oxidoreductase (WWOX)","GO:0008152 GO:0016491","KOG1208","K19329","PF00106","PTHR24320 PTHR24320:SF71","NAD(P)-binding Rossmann-fold superfamily protein"
"21","Manes.15G140300.v8.1",759.520935111548,-0.679736527197094,0.135262719964699,-5.02530577068457,5.02631045202992e-07,0.000510268782377521,"Manes.15G140300","","","",NA,"(1 of 1) PTHR33122:SF8 - NON-SPECIFIC LIPID-TRANSFER PROTEIN","","","","PF14368","PTHR33122 PTHR33122:SF8","Bifunctional inhibitor/lipid-transfer protein/seed storage 2S albumin superfamily protein"
"22","Manes.16G069100.v8.1",69.3659867009187,0.38305554395904,0.0762486623795655,5.02376739479299,5.06675977870865e-07,0.000510268782377521,"Manes.16G069100","","","",NA,"(1 of 20) PF04570 - zinc-finger of the FCS-type, C2-C2 (zf-FLZ)","","","","PF04570","PTHR33059 PTHR33059:SF15","Protein of unknown function (DUF581)"
"23","Manes.16G081500.v8.1",2.64580378816602,1.17165790904105,0.233584212484716,5.01599785609532,5.27589168229607e-07,0.000510268782377521,"Manes.16G081500","","","DNA-binding transcription factor activity; nucleus; regulation of DNA-templated transcription; sequence-specific DNA binding",NA,"(1 of 2) PTHR10015:SF186 - HEAT STRESS TRANSCRIPTION FACTOR A-2-RELATED","GO:0003700 GO:0005634 GO:0006355 GO:0043565","KOG0627","","PF00447","PTHR10015 PTHR10015:SF186","heat shock transcription factor A2"
"24","Manes.01G034900.v8.1",1.73040170409004,1.27264210211044,0.255448347380035,4.98199387532972,6.29324273034927e-07,0.000514918364566119,"Manes.01G034900","","","calcium ion binding",NA,"(1 of 7) PTHR10891:SF574 - CALCIUM-BINDING PROTEIN CML30-RELATED","GO:0005509","KOG0027","","PF13405","PTHR10891 PTHR10891:SF574",""
"25","Manes.11G075100.v8.1",378.858068603578,-1.10678087649508,0.223297152465904,-4.95653824633557,7.17602467100261e-07,0.000563662385857913,"Manes.11G075100","PWY1F-FLAVSYN; PWY-6787","flavonoid biosynthesis; flavonoid biosynthesis (in equisetum)","lipid biosynthetic process; biosynthetic process; acyltransferase activity, transferring groups other than amino-acyl groups",NA,"(1 of 5) K00660 - chalcone synthase (CHS)","GO:0008610 GO:0009058 GO:0016747","","K00660","PF00195 PF08541","PTHR11877 PTHR11877:SF27","Chalcone and stilbene synthase family protein"
"26","Manes.02G110400.v8.1",17.183609181442,-0.744378771857062,0.150505317628432,-4.94586359861905,7.58070288100495e-07,0.00057254716336267,"Manes.02G110400","","","",NA,"","","","","","PTHR33872 PTHR33872:SF1",""
"27","Manes.04G106200.v8.1",12.5092025512319,0.992479617141492,0.201968470096035,4.91403245600451,8.9221969793299e-07,0.000625732793153933,"Manes.04G106200","PWY-112; PWY-5203","lupeol biosynthesis; soybean saponin I biosynthesis","catalytic activity; intramolecular transferase activity",NA,"(1 of 2) 5.4.99.39//5.4.99.41 - Beta-amyrin synthase / 2,3-oxidosqualene beta-amyrin cyclase // Lupeol synthase","GO:0003824 GO:0016866","","K15813","PF00432","PTHR11764 PTHR11764:SF18",""
"28","Manes.18G126800.v8.1",669.32313756595,-0.213381783342735,0.0434220203519909,-4.91413761066397,8.91741016374147e-07,0.000625732793153933,"Manes.18G126800","","","",NA,"","","","","","PTHR36781",""
"29","Manes.02G040000.v8.1",4.09019109237193,-0.998504641607028,0.203845561315483,-4.89833889520746,9.66502353619943e-07,0.000654455404070166,"Manes.02G040000","","","membrane; transmembrane transporter activity",NA,"(1 of 62) PF00892 - EamA-like transporter family (EamA)","GO:0016020 GO:0016021 GO:0022857","","","PF00892","PTHR31218 PTHR31218:SF14","Nodulin MtN21 /EamA-like transporter family protein"
"30","Manes.14G136021.v8.1",36.1655073144548,-2.27940155218774,0.467478746076341,-4.8759469201954,1.08287726480131e-06,0.000708815361630112,"Manes.14G136021","","","",NA,"","","","","","",""
"31","Manes.02G084100.v8.1",5.64365329014062,-0.794492459097774,0.163318071112224,-4.86469411307117,1.14633954560986e-06,0.000725735367216647,"Manes.02G084100","","","",NA,"","","","","","",""
"32","Manes.10G060650.v8.1",20084.2714433558,-0.310542519832519,0.0639170513879003,-4.85852386944284,1.18264153134047e-06,0.000725735367216647,"Manes.10G060650","","","heat shock protein binding; unfolded protein binding",NA,"(1 of 6) K09503 - DnaJ homolog subfamily A member 2 (DNAJA2)","GO:0031072 GO:0051082","KOG0712","K09503","PF00226 PF00684 PF01556","PTHR24078 PTHR24078:SF237","DNAJ homologue 3"
"33","Manes.04G094200.v8.1",14.9825871152765,-1.45805234424732,0.300506884208297,-4.85197651324576,1.22237101798329e-06,0.000727384838792057,"Manes.04G094200","PWY1F-FLAVSYN; PWY-6787","flavonoid biosynthesis; flavonoid biosynthesis (in equisetum)","lipid biosynthetic process; biosynthetic process; acyltransferase activity, transferring groups other than amino-acyl groups",NA,"(1 of 5) K00660 - chalcone synthase (CHS)","GO:0008610 GO:0009058 GO:0016747","","K00660","PF00195 PF08541","PTHR11877 PTHR11877:SF27","Chalcone and stilbene synthase family protein"
"34","Manes.18G085600.v8.1",52.9464816098512,-0.682765703807364,0.140975268031251,-4.84315946578667,1.27790646124714e-06,0.00073806615233853,"Manes.18G085600","","","electron transfer activity",NA,"(1 of 1) PTHR33021:SF9 - BASIC BLUE PROTEIN","GO:0009055","","","PF02298","PTHR33021 PTHR33021:SF9",""
"35","Manes.07G128800.v8.1",57.3836830664159,0.506644781762093,0.105201214812639,4.81595942275398,1.46494293107717e-06,0.000821916695358925,"Manes.07G128800","","","",NA,"(1 of 2) PTHR34953:SF1 - ALPHA/BETA HYDROLASE RELATED PROTEIN","","","","PF10457","PTHR34953 PTHR34953:SF1","Alpha/beta hydrolase related protein"
"36","Manes.01G001900.v8.1",250.820708659129,-0.303995986856302,0.0634697494134167,-4.78962008934671,1.67097372598431e-06,0.000911469751587607,"Manes.01G001900","","","",NA,"(1 of 1) PTHR21654//PTHR21654:SF13 - FAMILY NOT NAMED // TRIHELIX TRANSCRIPTION FACTOR GTL1","","KOG4282","","PF13837","PTHR21654 PTHR21654:SF13","GT-2-like 1"
"37","Manes.14G042600.v8.1",231.880273199618,-0.348775437816386,0.0729052015257441,-4.78395821583769,1.71876428573271e-06,0.000912199304836031,"Manes.14G042600","","","peroxidase activity; calcium ion binding; membrane; oxidoreductase activity; oxidoreductase activity, acting on NAD(P)H, oxygen as acceptor",NA,"(1 of 2) PTHR11972:SF64 - RESPIRATORY BURST OXIDASE HOMOLOG PROTEIN A-RELATED","GO:0004601 GO:0005509 GO:0016020 GO:0016491 GO:0050664 GO:0055114","","K13447","PF01794 PF08022 PF08030 PF08414","PTHR11972 PTHR11972:SF64",""
"38","Manes.03G032100.v8.1",95.716700530206,-0.27909138637714,0.0584641464419651,-4.77371865257936,1.80854993739236e-06,0.000934591976857203,"Manes.03G032100","","","protein kinase activity; protein tyrosine kinase activity; ATP binding; protein phosphorylation",NA,"(1 of 1569) 2.7.11.1 - Non-specific serine/threonine protein kinase / Threonine-specific protein kinase","GO:0004672 GO:0004713 GO:0005524 GO:0006468","KOG1187","","PF00069","PTHR27001 PTHR27001:SF230",""
"39","Manes.02G200100.v8.1",69.4714078613544,0.259075788434607,0.0544918076971651,4.7543988607316,1.99037749247983e-06,0.00100218058512375,"Manes.02G200100","","","",NA,"(1 of 2) PTHR31745:SF1 - SINGLE-STRANDED DNA-BINDING PROTEIN WHY2, MITOCHONDRIAL","","","","PF08536","PTHR31745 PTHR31745:SF1","WHIRLY 2"
"40","Manes.14G060700.v8.1",500.014446202108,0.327675876460546,0.0690457987038986,4.74577574032819,2.07708741696855e-06,0.00101969414017528,"Manes.14G060700","","","protein binding; zinc ion binding",NA,"(1 of 2) K17987 - next to BRCA1 gene 1 protein (NBR1)","GO:0005515 GO:0008270","KOG4351","K17987","PF00564 PF00569 PF16158","PTHR20930 PTHR20930:SF0","ubiquitin-associated (UBA)/TS-N domain-containing protein / octicosapeptide/Phox/Bemp1 (PB1) domain-containing protein"
"41","Manes.06G163400.v8.1",1659.26231936595,-0.342240976370593,0.072846297132286,-4.69812454226872,2.62561318238106e-06,0.0012575406356687,"Manes.06G163400","","","RNA binding; structural constituent of ribosome; ribosome; translation; small ribosomal subunit",NA,"(1 of 3) K02981 - small subunit ribosomal protein S2e (RP-S2e, RPS2)","GO:0003723 GO:0003735 GO:0005840 GO:0006412 GO:0015935","KOG0877","K02981","PF00333 PF03719","PTHR13718 PTHR13718:SF69","Ribosomal protein S5 family protein"
"42","Manes.05G140400.v8.1",47042.8457805842,0.297494733206962,0.0635933100103819,4.67808222529059,2.89570433703061e-06,0.00135387966824453,"Manes.05G140400","","","response to stress; response to water",NA,"(1 of 4) PF00257 - Dehydrin (Dehydrin)","GO:0006950 GO:0009415","","","PF00257","PTHR33346","cold-regulated 47"
"43","Manes.06G023200.v8.1",15.6324245853644,-0.507676654161422,0.109735402330895,-4.6263707370442,3.72128935616109e-06,0.00169941765318454,"Manes.06G023200","","","protein kinase activity; protein tyrosine kinase activity; ATP binding; protein phosphorylation",NA,"(1 of 1569) 2.7.11.1 - Non-specific serine/threonine protein kinase / Threonine-specific protein kinase","GO:0004672 GO:0004713 GO:0005524 GO:0006468","KOG1187","","PF00069","PTHR27001 PTHR27001:SF34","Protein kinase superfamily protein"
"44","Manes.11G053700.v8.1",56.9588827818038,0.321452651278625,0.0699430089635436,4.59592253810779,4.30838747408493e-06,0.00192281374610468,"Manes.11G053700","PWY-1081","homogalacturonan degradation","polygalacturonase activity; carbohydrate metabolic process",NA,"(1 of 225) 3.2.1.15 - Polygalacturonase / Pectinase","GO:0004650 GO:0005975","","","PF00295","PTHR31375 PTHR31375:SF4","Pectin lyase-like superfamily protein"
"45","Manes.11G032000.v8.1",2.05776537757561,-1.04432775928287,0.227939438499217,-4.58160187705497,4.61427718284668e-06,0.00201356802310134,"Manes.11G032000","PWY-5083; PWY-6348","NAD/NADH phosphorylation and dephosphorylation; phosphate acquisition","acid phosphatase activity",NA,"(1 of 8) PF03767 - HAD superfamily, subfamily IIIB (Acid phosphatase) (Acid_phosphat_B)","GO:0003993","","","PF03767","PTHR31284 PTHR31284:SF5",""
"46","Manes.08G163200.v8.1",49.0313957624095,-0.50737357228722,0.111273847628244,-4.55968390688087,5.12306748011863e-06,0.0021080676536047,"Manes.08G163200","PWY-7267; PWY-5125; PWY-5153","anthocyanin biosynthesis (pelargonidin 3-<i>O</i>-glucoside); anthocyanin biosynthesis; anthocyanin biosynthesis (delphinidin 3-O-glucoside)","metabolic process; hexosyltransferase activity",NA,"(1 of 1) K12930 - anthocyanidin 3-O-glucosyltransferase (BZ1)","GO:0008152 GO:0016758","","K12930","PF00201","PTHR11926 PTHR11926:SF292","UDP-glucosyl transferase 78D2"
"47","Manes.12G021400.v8.1",319.333870054481,-0.123329752510626,0.0270041106844552,-4.56707328568389,4.94581132799376e-06,0.0021080676536047,"Manes.12G021400","","","",NA,"(1 of 2) PTHR32091:SF0 - EUKARYOTIC INITIATION FACTOR 4B-RELATED","","","","PF06273","PTHR32091 PTHR32091:SF0","eukaryotic initiation factor 4B2"
"48","Manes.15G109300.v8.1",566.448430713514,-0.313437005774031,0.0687593328550902,-4.55846490591462,5.15288727264987e-06,0.0021080676536047,"Manes.15G109300","","","",NA,"(1 of 13) PF03080//PF14365 - Domain of unknown function (DUF239) (DUF239) // Domain of unknown function (DUF4409) (DUF4409)","","","","PF03080 PF14365","PTHR31589 PTHR31589:SF24","Protein of Unknown Function (DUF239)"
"49","Manes.08G082622.v8.1",29.802209536273,1.10217065664556,0.242424573402447,4.5464477514656,5.45589058686747e-06,0.00215518772401337,"Manes.08G082622","","","",NA,"(1 of 1) PTHR11527//PTHR11527:SF153 - SMALL HEAT-SHOCK PROTEIN  HSP20  FAMILY // SUBFAMILY NOT NAMED","","","K13993","PF00011","PTHR11527 PTHR11527:SF153",""
"50","Manes.18G065500.v8.1",104.912065692631,-0.52757095958059,0.116071383027621,-4.54522851213936,5.48756868160454e-06,0.00215518772401337,"Manes.18G065500","PWY-6164; ARO-PWY","3-dehydroquinate biosynthesis I; chorismate biosynthesis I","3-deoxy-7-phosphoheptulonate synthase activity; aromatic amino acid family biosynthetic process",NA,"(1 of 2) PTHR21337//PTHR21337:SF7 - PHOSPHO-2-DEHYDRO-3-DEOXYHEPTONATE ALDOLASE 1, 2 // SUBFAMILY NOT NAMED","GO:0003849 GO:0009073","","K01626","PF01474","PTHR21337 PTHR21337:SF7","Class-II DAHP synthetase family protein"
"51","Manes.11G120950.v8.1",6.23046682537367,0.46613835550317,0.102825380469555,4.53330056620782,5.80690926384854e-06,0.0022358877885136,"Manes.11G120950","","","",NA,"","","","","","",""
"52","Manes.03G114700.v8.1",227.365528090356,0.181007978558441,0.040132082643666,4.51030613500965,6.47341375717272e-06,0.00238410211561584,"Manes.03G114700","","","",NA,"(1 of 1) PF12584 - Trafficking protein particle complex subunit 10, TRAPPC10 (TRAPPC10)","","","","PF11817 PF12584","PTHR13251","CLUB"
"53","Manes.12G051600.v8.1",156.971124264489,0.393127774247577,0.0872152991099295,4.50755519111462,6.55788756550842e-06,0.00238410211561584,"Manes.12G051600","","","protein kinase activity; protein tyrosine kinase activity; ATP binding; protein phosphorylation",NA,"(1 of 1) PTHR24351:SF69 - AGC (CAMP-DEPENDENT, CGMP-DEPENDENT AND PROTEIN KINASE C) KINASE FAMILY PROTEIN-RELATED","GO:0004672 GO:0004713 GO:0005524 GO:0006468","KOG0610","","PF00069 PF07714","PTHR24351 PTHR24351:SF69","AGC (cAMP-dependent, cGMP-dependent and protein kinase C) kinase family protein"
"54","Manes.14G073900.v8.1",85.412616538236,-0.293662998850162,0.0652045692704243,-4.50371810037188,6.67747702596483e-06,0.00238410211561584,"Manes.14G073900","","","nucleotide binding; ATP biosynthetic process; ATP hydrolysis activity; metal ion binding",NA,"(1 of 6) PTHR24093:SF264 - ATPASE 4, PLASMA MEMBRANE-TYPE","GO:0000166 GO:0006754 GO:0016021 GO:0016887 GO:0046872","","K01535","PF00122 PF00690 PF00702","PTHR24093 PTHR24093:SF264","H(+)-ATPase 11"
"55","Manes.14G103600.v8.1",13.0908497991575,-0.847027638187134,0.187926520234489,-4.50722780973244,6.56801047114832e-06,0.00238410211561584,"Manes.14G103600","","","response to stress",NA,"(1 of 2) PTHR31964//PTHR31964:SF55 - FAMILY NOT NAMED // ADENINE NUCLEOTIDE ALPHA HYDROLASES-LIKE SUPERFAMILY PROTEIN","GO:0006950","","","PF00582","PTHR31964 PTHR31964:SF55",""
"56","Manes.08G174200.v8.1",123.135808347578,-0.151419831723342,0.033658850283351,-4.49866321780575,6.83820858810402e-06,0.00239789110793926,"Manes.08G174200","","","",NA,"","","","","","PTHR36792 PTHR36792:SF2","(1 of 7) PF08238 - Sel1 repeat (Sel1)"
"57","Manes.18G143400.v8.1",124.672010582032,0.338666465728163,0.0754706114872117,4.48739527949298,7.20992311894288e-06,0.00248388175941546,"Manes.18G143400","","","",NA,"(1 of 82) 5.2.1.8 - Peptidylprolyl isomerase / Rotamase","","","","","",""
"58","Manes.11G085200.v8.1",45.3403629243636,0.695581573355127,0.155346473933021,4.4776141726592,7.54818610353713e-06,0.00255558156060618,"Manes.11G085200","","","",NA,"(1 of 13) PF14364 - Domain of unknown function (DUF4408) (DUF4408)","","","","PF14364","PTHR33640 PTHR33640:SF3","(1 of 11) PF14364 - Domain of unknown function (DUF4408) (DUF4408)"
"59","Manes.12G149700.v8.1",146.500578669226,-0.242235996509167,0.0542503886015798,-4.4651476745756,8.00135432404181e-06,0.00266309482815608,"Manes.12G149700","","","protein binding; signal transduction; ADP binding",NA,"(1 of 4) PTHR11017:SF169 - DISEASE RESISTANCE PROTEIN-RELATED","GO:0005515 GO:0007165 GO:0043531","KOG4658","","PF00931 PF13676","PTHR11017 PTHR11017:SF169",""
"60","Manes.18G007380.v8.1",72.0703373427037,-0.43740077761815,0.0981090324884514,-4.45831302708685,8.26072080276406e-06,0.00270359624006463,"Manes.18G007380","PWY-5486; PWY-6333; PWY-6802; PWY66-21; PWY66-389","pyruvate fermentation to ethanol II; acetaldehyde biosynthesis I; salidroside biosynthesis; ethanol degradation II; phytol degradation","zinc ion binding; oxidoreductase activity","carb","(1 of 1) PTHR11695//PTHR11695:SF490 - ALCOHOL DEHYDROGENASE RELATED // SUBFAMILY NOT NAMED","GO:0008270 GO:0016491 GO:0055114","","K00121","PF00107 PF08240","PTHR11695 PTHR11695:SF490","Zinc-binding alcohol dehydrogenase family protein"
"61","Manes.18G053300.v8.1",3.40086341172256,-1.19397099063385,0.268303307001609,-4.45007929263686,8.58385909467044e-06,0.00276329903347612,"Manes.18G053300","","","",NA,"(1 of 2) PTHR22950:SF278 - AMINO ACID PERMEASE 1-RELATED","","KOG1303","","PF01490","PTHR22950 PTHR22950:SF278","amino acid permease 6"
"62","Manes.02G098700.v8.1",44.2628124729438,0.459428810985043,0.104331838647845,4.40353411709505,1.06501526089457e-05,0.00331907740314735,"Manes.02G098700","","","catalytic activity",NA,"(1 of 1) PTHR10992//PTHR10992:SF804 - ALPHA/BETA HYDROLASE FOLD-CONTAINING PROTEIN // SUBFAMILY NOT NAMED","GO:0003824","KOG4178","","PF00561","PTHR10992 PTHR10992:SF804","alpha/beta-Hydrolases superfamily protein"
"63","Manes.03G059750.v8.1",32.481104540682,0.331853176795179,0.0755674514775617,4.39148297721429,1.12580151122746e-05,0.00331907740314735,"Manes.03G059750","","","",NA,"(1 of 19) PF10604 - Polyketide cyclase / dehydrase and lipid transport (Polyketide_cyc2)","","","","PF10604","PTHR33789",""
"64","Manes.03G099300.v8.1",3.69514378271627,-0.926230169449244,0.211000254244216,-4.38971115350982,1.13501321261279e-05,0.00331907740314735,"Manes.03G099300","","","",NA,"","","","","","",""
"65","Manes.04G152300.v8.1",2.75620296741019,-1.38997422624485,0.316840704097797,-4.38698124410119,1.14934696447533e-05,0.00331907740314735,"Manes.04G152300","","","nucleotide binding; ATP biosynthetic process; ATP hydrolysis activity; metal ion binding",NA,"(1 of 4) PTHR24093:SF355 - ATPASE 1, PLASMA MEMBRANE-TYPE-RELATED","GO:0000166 GO:0006754 GO:0016021 GO:0016887 GO:0046872","","K01535","PF00122 PF00690 PF00702","PTHR24093 PTHR24093:SF355","autoinhibited H(+)-ATPase isoform 10"
"66","Manes.09G180600.v8.1",49.654513696639,-0.279035044914435,0.063560183359226,-4.39009188090914,1.13302776396029e-05,0.00331907740314735,"Manes.09G180600","","","",NA,"","","","","","",""
"67","Manes.12G007900.v8.1",51.3881479053087,0.343637208605784,0.0782667584279572,4.3905895108981,1.13043768045747e-05,0.00331907740314735,"Manes.12G007900","PENTOSE-P-PWY; OXIDATIVEPENT-PWY","pentose phosphate pathway; pentose phosphate pathway (oxidative branch)","glucose-6-phosphate dehydrogenase activity; glucose metabolic process; NADP binding",NA,"(1 of 2) PTHR23429//PTHR23429:SF3 - GLUCOSE-6-PHOSPHATE 1-DEHYDROGENASE  G6PD // GLUCOSE-6-PHOSPHATE 1-DEHYDROGENASE 2, CHLOROPLASTIC-RELATED","GO:0004345 GO:0006006 GO:0050661 GO:0055114","","K00036","PF00479 PF02781","PTHR23429 PTHR23429:SF3","glucose-6-phosphate dehydrogenase 2"
"68","Manes.16G028850.v8.1",1400.9265183839,-0.518111931783362,0.118053902231928,-4.38877429706204,1.13991296032756e-05,0.00331907740314735,"Manes.16G028850","","","",NA,"(1 of 2) PTHR31614//PTHR31614:SF15 - FAMILY NOT NAMED // ARABINOGALACTAN PROTEIN 30-RELATED","","","","PF01190","PTHR31614 PTHR31614:SF15","arabinogalactan protein 31"
"69","Manes.14G132800.v8.1",2.60221015838915,-0.924798722209681,0.211044174162164,-4.38201493067075,1.17586748788863e-05,0.00334645070429986,"Manes.14G132800","","","",NA,"(1 of 1) PTHR22957//PTHR22957:SF288 - TBC1 DOMAIN FAMILY MEMBER GTPASE-ACTIVATING PROTEIN // SUBFAMILY NOT NAMED","","KOG4567","","PF00566","PTHR22957 PTHR22957:SF288",""
"70","Manes.12G135000.v8.1",268.279556746012,0.164089088940258,0.0377382427370185,4.34808504687734,1.37331353436727e-05,0.00385253683919572,"Manes.12G135000","CITRULBIO-PWY; PWY0-1325; ASPARAGINE-BIOSYNTHESIS; GLUTAMINDEG-PWY; ASPARAGINESYN-PWY","L-citrulline biosynthesis; superpathway of L-asparagine biosynthesis; L-asparagine biosynthesis I; L-glutamine degradation I; L-asparagine biosynthesis II","asparagine synthase (glutamine-hydrolyzing) activity; asparagine biosynthetic process",NA,"(1 of 2) K01953 - asparagine synthase (glutamine-hydrolysing) (asnB, ASNS)","GO:0004066 GO:0006529","","K01953","PF00733 PF12481","PTHR11772 PTHR11772:SF13","asparagine synthetase 3"
"71","Manes.02G011000.v8.1",1006.41358954546,0.336539025493914,0.0778596642779998,4.32237961227643,1.54355311054972e-05,0.00426912006082604,"Manes.02G011000","","","",NA,"","","","","","",""
"72","Manes.13G067401.v8.1",6.06021230717751,1.13896975776969,0.264191695688715,4.31114897385603,1.62408436959042e-05,0.00436878695419823,"Manes.13G067401","","","protein phosphatase type 2A complex; signal transduction",NA,"(1 of 3) PTHR10257:SF27 - SERINE/THREONINE PROTEIN PHOSPHATASE 2A 59 KDA REGULATORY SUBUNIT B' GAMMA ISOFORM-RELATED","GO:0000159 GO:0007165 GO:0008601","","","PF01603","PTHR10257 PTHR10257:SF27","Protein phosphatase 2A regulatory B subunit family protein"
"73","Manes.18G101500.v8.1",38.7250089268595,0.769348648057894,0.178444747680165,4.31141100009754,1.62216065888912e-05,0.00436878695419823,"Manes.18G101500","","","",NA,"(1 of 2) PTHR33696//PTHR33696:SF1 - FAMILY NOT NAMED // T22J18.15","","","","PF05097","PTHR33696 PTHR33696:SF1","(1 of 2) PTHR33696:SF1 - T22J18.15"
"74","Manes.07G089900.v8.1",596.430858921265,-0.160031700673025,0.037146924642302,-4.30807401188697,1.64682283402967e-05,0.00437008918808658,"Manes.07G089900","","","",NA,"(1 of 1) PTHR24078//PTHR24078:SF208 - DNAJ HOMOLOG SUBFAMILY C MEMBER // SUBFAMILY NOT NAMED","","","","PF00226 PF11926","PTHR24078 PTHR24078:SF208","DNAJ heat shock N-terminal domain-containing protein"
"75","Manes.01G107800.v8.1",180.495999094371,0.286381943169232,0.0665955739268256,4.30031496513424,1.70555528862128e-05,0.00442515405819459,"Manes.01G107800","","","",NA,"(1 of 2) K11599 - proteasome maturation protein (POMP, UMP1)","","KOG3061","K11599","PF05348","PTHR12828","Proteasome maturation factor UMP1"
"76","Manes.07G007600.v8.1",149.420138270891,-0.509902797870567,0.118598707913299,-4.29939589429025,1.71264301279619e-05,0.00442515405819459,"Manes.07G007600","","","",NA,"(1 of 2) PTHR31265:SF2 - F17A17.37 PROTEIN","","","","PF04862","PTHR31265 PTHR31265:SF2","Protein of unknown function, DUF642"
"77","Manes.09G141500.v8.1",48.4738973869355,-0.367911023933932,0.0860182389984369,-4.27712806281256,1.89319902632503e-05,0.0047662499076852,"Manes.09G141500","GLUDEG-I-PWY; ARGININE-SYN4-PWY","GABA shunt; L-ornithine biosynthesis II","amino acid metabolic process; oxidoreductase activity; oxidoreductase activity, acting on the CH-NH2 group of donors, NAD or NADP as acceptor",NA,"(1 of 4) 1.4.1.3 - Glutamate dehydrogenase (NAD(P)(+)) / Glutamic dehydrogenase","GO:0006520 GO:0016491 GO:0016639 GO:0055114","","K00261","PF00208 PF02812","PTHR11606 PTHR11606:SF12","glutamate dehydrogenase 1"
"78","Manes.10G035900.v8.1",145.437096298721,0.19562410678022,0.0457095402656101,4.27972159954974,1.87127239535456e-05,0.0047662499076852,"Manes.10G035900","","","nucleic acid binding; zinc ion binding",NA,"(1 of 1) KOG0121//KOG0131 - Nuclear cap-binding protein complex, subunit CBP20 (RRM superfamily) // Splicing factor 3b, subunit 4","GO:0003676 GO:0008270","KOG0121 KOG0131","K11294","PF00076 PF00098 PF14259","PTHR24012 PTHR24012:SF386","phragmoplastin interacting protein 1"
"79","Manes.03G099100.v8.1",8.88173032407044,-0.619126343098024,0.144860729903533,-4.27394189930092,1.92047099173627e-05,0.00477370745123103,"Manes.03G099100","","","",NA,"","","","","","",""
"80","Manes.01G000155.v8.1",268.453655525448,0.181044485472167,0.0424718402647469,4.26269463116343,2.01976445365456e-05,0.00483340979465843,"Manes.01G000155","","","DNA binding; regulation of DNA-templated transcription",NA,"(1 of 18) PTHR31989:SF21 - NAC TRANSCRIPTION FACTOR-LIKE 9","GO:0003677 GO:0006355","","","PF02365","PTHR31989 PTHR31989:SF21","NAC transcription factor-like 9"
"81","Manes.01G265900.v8.1",71.6280363451902,0.201689896793398,0.0473433107690328,4.26015615547789,2.04284128876414e-05,0.00483340979465843,"Manes.01G265900","","","telomere maintenance; DNA binding; damaged DNA binding; nucleus; double-strand break repair via nonhomologous end joining; DNA recombination; hydrolase activity, acting on acid anhydrides; telomeric DNA binding; Ku70:Ku80 complex",NA,"(1 of 1) K10885 - ATP-dependent DNA helicase 2 subunit 2 (XRCC5, KU80, G22P2)","GO:0000723 GO:0003677 GO:0003684 GO:0004003 GO:0005634 GO:0006303 GO:0006310 GO:0016817 GO:0042162 GO:0043564","KOG2326","K10885","PF02735 PF03730 PF03731 PF08785","PTHR12604 PTHR12604:SF4","Ku80 family protein"
"82","Manes.06G102100.v8.1",1077.10612241144,-0.15749038518023,0.0369175951358071,-4.26599795032361,1.99010606372637e-05,0.00483340979465843,"Manes.06G102100","","","transporter activity; transport; membrane; transmembrane transport",NA,"(1 of 2) PTHR11119:SF48 - NUCLEOBASE-ASCORBATE TRANSPORTER 5-RELATED","GO:0005215 GO:0006810 GO:0016020 GO:0055085","","","PF00860","PTHR11119 PTHR11119:SF48","Xanthine/uracil permease family protein"
"83","Manes.11G015400.v8.1",260.457680281331,-0.220780052734398,0.0518245411475369,-4.2601448627566,2.04294450759612e-05,0.00483340979465843,"Manes.11G015400","","","",NA,"(1 of 3) PTHR31307:SF4 - 6B-INTERACTING PROTEIN 1-LIKE 1-RELATED","","KOG4282","","PF13837","PTHR31307 PTHR31307:SF4","sequence-specific DNA binding transcription factors"
"84","Manes.06G041601.v8.1",124.514502919219,-0.688996034120608,0.161905173919698,-4.2555529106336,2.08533041030203e-05,0.00487495634132154,"Manes.06G041601","","","",NA,"","","","","","",""
"85","Manes.03G036000.v8.1",110.800629094254,0.221403845925659,0.0521204469681362,4.2479268464642,2.15757817384749e-05,0.00487779162163276,"Manes.03G036000","TRIGLSYN-PWY","diacylglycerol and triacylglycerol biosynthesis","diacylglycerol O-acyltransferase activity; O-acyltransferase activity; triglyceride biosynthetic process",NA,"(1 of 2) K11155 - diacylglycerol O-acyltransferase 1 (DGAT1)","GO:0004144 GO:0008374 GO:0019432","KOG0380","K11155","PF03062","PTHR10408 PTHR10408:SF7","membrane bound O-acyl transferase (MBOAT) family protein"
"86","Manes.05G140600.v8.1",69.6118414863118,0.764319079914812,0.17989820846535,4.2486197413246,2.15091667537147e-05,0.00487779162163276,"Manes.05G140600","PWY-6483","ceramide degradation","",NA,"(1 of 1) PTHR12670//PTHR12670:SF6 - CERAMIDASE // SUBFAMILY NOT NAMED","","","K12349","PF04734 PF17048","PTHR12670 PTHR12670:SF6",""
"87","Manes.11G164100.v8.1",131.182908416968,0.164046851346445,0.0386410372591652,4.24540496276495,2.18198979011584e-05,0.00487779162163276,"Manes.11G164100","","","",NA,"(1 of 3) K12611 - mRNA-decapping enzyme 1B (DCP1B)","","KOG2868","K12611","PF06058","PTHR16290 PTHR16290:SF3","decapping 1"
"88","Manes.14G007600.v8.1",531.431572013065,0.211805203983658,0.0498951805393085,4.24500325871742,2.18590244285626e-05,0.00487779162163276,"Manes.14G007600","","","",NA,"","","","","","PTHR33709 PTHR33709:SF4","Ubiquitin-specific protease family C19-related protein"
"89","Manes.14G066400.v8.1",36.6537079397847,-0.374903491246696,0.088382217549234,-4.24184300465026,2.2169175271871e-05,0.00489141679565991,"Manes.14G066400","","","protein kinase activity; protein tyrosine kinase activity; ATP binding; protein phosphorylation",NA,"(1 of 3) PTHR23257//PTHR23257:SF475 - SERINE-THREONINE PROTEIN KINASE // SUBFAMILY NOT NAMED","GO:0004672 GO:0004713 GO:0005524 GO:0006468","KOG0192","","PF14531","PTHR23257 PTHR23257:SF475",""
"90","Manes.18G030900.v8.1",0.87425938180695,-1.35298613839923,0.319198228612704,-4.2387019009459,2.24815942561401e-05,0.00490523407119803,"Manes.18G030900","","","xenobiotic transmembrane transport; antiporter activity; membrane; transmembrane transport",NA,"(1 of 2) PTHR11206//PTHR11206:SF115 - MULTIDRUG RESISTANCE PROTEIN // MATE EFFLUX FAMILY PROTEIN","GO:0006855 GO:0015238 GO:0015297 GO:0016020 GO:0055085","KOG1347","K03327","PF01554","PTHR11206 PTHR11206:SF115","MATE efflux family protein"
"91","Manes.08G013000.v8.1",60.9048015858351,0.246371027560551,0.0582038652129131,4.23289804997163,2.30699100840582e-05,0.00497828378374341,"Manes.08G013000","","","protein binding",NA,"(1 of 2) PTHR24136//PTHR24136:SF15 - FAMILY NOT NAMED // PROTEIN SWAH-1","GO:0005515","KOG4214","","PF12796","PTHR24136 PTHR24136:SF15","Ankyrin repeat family protein"
"92","Manes.18G040700.v8.1",69.6116221271365,0.25036655287362,0.0592179004131789,4.22788635069374,2.35896886251863e-05,0.00503511647318242,"Manes.18G040700","","","",NA,"","","","","","PTHR35513 PTHR35513:SF1",""
"93","Manes.15G033900.v8.1",60.5034193454153,-0.177111299484557,0.041946411194939,-4.22232306505226,2.41797195302021e-05,0.00505124630228275,"Manes.15G033900","PWY-7436; PWY-1422; PWY-1581","vitamin E biosynthesis (tocotrienols); vitamin E biosynthesis (tocopherols); plastoquinol-9 biosynthesis I","metabolic process; methyltransferase activity",NA,"(1 of 3) 2.1.1.295 - 2-methyl-6-phytyl-1,4-hydroquinone methyltransferase / MPBQ/MSBQ methyltransferase","GO:0008152 GO:0008168","KOG1540","K12502","PF08241","PTHR10108 PTHR10108:SF920","S-adenosyl-L-methionine-dependent methyltransferases superfamily protein"
"94","Manes.18G050700.v8.1",169.336267112514,-0.515810363324241,0.122152392318042,-4.22267917587118,2.41415343254434e-05,0.00505124630228275,"Manes.18G050700","PWY-5936; PWY-1001","xyloglucan biosynthesis; cellulose biosynthesis","",NA,"(1 of 2) PTHR32044//PTHR32044:SF7 - FAMILY NOT NAMED // XYLOGLUCAN GLYCOSYLTRANSFERASE 12-RELATED","","","","PF13632","PTHR32044 PTHR32044:SF7","Cellulose-synthase-like C12"
"95","Manes.07G140900.v8.1",8.58026116873593,-1.07373082830595,0.254631433516051,-4.21680392510639,2.47789249819592e-05,0.0051219342091656,"Manes.07G140900","PWY1F-FLAVSYN; PWY-5059; PWY-6787","flavonoid biosynthesis; pinobanksin biosynthesis; flavonoid biosynthesis (in equisetum)","intramolecular lyase activity",NA,"(1 of 1) PTHR28039:SF4 - CHALCONE--FLAVONONE ISOMERASE 3-RELATED","GO:0016872","","","PF02431","PTHR28039 PTHR28039:SF4","Chalcone-flavanone isomerase family protein"
"96","Manes.01G010200.v8.1",153.403497236284,-0.42538831462722,0.100995206147995,-4.2119654075845,2.53158319705124e-05,0.00513269807663453,"Manes.01G010200","","","",NA,"(1 of 1) K15202 - general transcription factor 3C polypeptide 5 (transcription factor C subunit 1) (GTF3C5, TFC1)","","KOG2473","K15202","PF09734","PTHR13230","Transcription factor IIIC, subunit 5"
"97","Manes.02G129900.v8.1",537.197090477301,0.134220895333171,0.0318707695807268,4.21141055264441,2.53781040417477e-05,0.00513269807663453,"Manes.02G129900","","","RNA binding",NA,"(1 of 4) PTHR12537:SF78 - PUMILIO HOMOLOG 1-RELATED","GO:0003723","","K17943","PF00806 PF07990","PTHR12537 PTHR12537:SF78","pumilio 2"
"98","Manes.04G141400.v8.1",91.9669734743139,0.294904500818495,0.0701642779872626,4.20305758540024,2.63333561901104e-05,0.00513269807663453,"Manes.04G141400","","","",NA,"(1 of 18) PF12023 - Domain of unknown function (DUF3511) (DUF3511)","","","","PF12023","PTHR33193 PTHR33193:SF5","Protein of unknown function (DUF3511)"
"99","Manes.06G164200.v8.1",68.0605730074604,-0.346985873758395,0.0825464014027975,-4.20352514297051,2.62789946229505e-05,0.00513269807663453,"Manes.06G164200","","","",NA,"(1 of 2) PTHR33791:SF4 - CHAPERONIN-LIKE RBCX PROTEIN","","","","PF02341","PTHR33791 PTHR33791:SF4","Chaperonin-like RbcX protein"
"100","Manes.09G053200.v8.1",138.669270164307,0.22290333583079,0.0530407534823156,4.20249188023146,2.63992720751687e-05,0.00513269807663453,"Manes.09G053200","","","",NA,"(1 of 1) PTHR15852:SF8 - CHAPERONE PROTEIN DNAJ-LIKE PROTEIN","","","","","PTHR15852 PTHR15852:SF8","chaperone protein dnaJ-related"
"101","Manes.12G158500.v8.1",290.444569744414,-0.173309769746276,0.0412226545385012,-4.20423603687161,2.61965454956763e-05,0.00513269807663453,"Manes.12G158500","","","",NA,"","","","","","PTHR24015 PTHR24015:SF716",""
"102","Manes.14G073800.v8.1",143.717548123792,-0.195513056899464,0.0465653925054947,-4.1986773090422,2.68478588253676e-05,0.00516873925248769,"Manes.14G073800","","","protein kinase activity; protein tyrosine kinase activity; calcium ion binding; ATP binding; protein phosphorylation; membrane; phosphotransferase activity, alcohol group as acceptor",NA,"(1 of 1) PTHR24349//PTHR24349:SF167 - SERINE/THREONINE-PROTEIN KINASE // CALCIUM-DEPENDENT PROTEIN KINASE 10-RELATED","GO:0004672 GO:0004713 GO:0005509 GO:0005524 GO:0006468 GO:0016020 GO:0016773","KOG0032","K13412","PF06293 PF13499","PTHR24349 PTHR24349:SF167","calcium-dependent protein kinase 1"
"103","Manes.06G157500.v8.1",1.39758705611888,-0.977415042588216,0.233213102776437,-4.1910811654746,2.77628312185483e-05,0.00529299724891877,"Manes.06G157500","","","",NA,"(1 of 4) PTHR10641//PTHR10641:SF620 - MYB-LIKE DNA-BINDING PROTEIN MYB // SUBFAMILY NOT NAMED","","","K09422","PF00249","PTHR10641 PTHR10641:SF620",""
"104","Manes.18G086800.v8.1",24.9348422574066,1.49597453726896,0.357708803223979,4.18210154121439,2.88826914826391e-05,0.00545355204465947,"Manes.18G086800","PWY-5486; PWY-6333; PWY-6802; PWY66-21; PWY66-389","pyruvate fermentation to ethanol II; acetaldehyde biosynthesis I; salidroside biosynthesis; ethanol degradation II; phytol degradation","zinc ion binding; oxidoreductase activity","carb","(1 of 3) K00001//K18857 - alcohol dehydrogenase (E1.1.1.1, adh) // alcohol dehydrogenase class-P (ADH1)","GO:0008270 GO:0016491 GO:0055114","","K00001 K18857","PF00107 PF08240","PTHR11695 PTHR11695:SF432",""
"105","Manes.15G113000.v8.1",70.9427195044224,-0.218583188866194,0.0523369517227503,-4.17646006638133,2.96080692294195e-05,0.00552725289825387,"Manes.15G113000","","","",NA,"(1 of 599) PF13041 - PPR repeat family (PPR_2)","","","","PF13041","PTHR24015 PTHR24015:SF337","Pentatricopeptide repeat (PPR) superfamily protein"
"106","Manes.18G107800.v8.1",183.833706196355,0.226764564767562,0.0543185767675971,4.17471477092963,2.98359630908443e-05,0.00552725289825387,"Manes.18G107800","","","protein binding",NA,"(1 of 5) PF00646//PF08268 - F-box domain (F-box) // F-box associated domain (FBA_3)","GO:0005515","","","PF00646 PF08268","PTHR31790 PTHR31790:SF9",""
"107","Manes.18G043400.v8.1",4.53401964548087,-0.628630193189446,0.15116808029629,-4.15848499205208,3.20365276590406e-05,0.00587945134243534,"Manes.18G043400","","","protein binding; zinc ion binding",NA,"(1 of 2) PTHR12183//PTHR12183:SF14 - UNCHARACTERIZED RING ZINC FINGER-CONTAINING PROTEIN // RING-FINGER DOMAIN-CONTAINING PROTEIN","GO:0005515 GO:0008270","KOG4172","","PF13920 PF16040 PF16041","PTHR12183 PTHR12183:SF14",""
"108","Manes.06G071400.v8.1",55.0464805959436,0.241900556471661,0.058244526804056,4.15318948826648,3.27873017169949e-05,0.00595202224914245,"Manes.06G071400","","","",NA,"(1 of 1) PTHR23030:SF18 - ENDOSOMAL TARGETING BRO1-LIKE DOMAIN-CONTAINING PROTEIN","","","","PF03097","PTHR23030 PTHR23030:SF18","Endosomal targeting BRO1-like domain-containing protein"
"109","Manes.15G105800.v8.1",297.327437681321,-0.323591130134347,0.0779466124866421,-4.15144571150929,3.30381639332142e-05,0.00595202224914245,"Manes.15G105800","","","lipid transport; lipid binding",NA,"(1 of 1) PTHR33044:SF28 - BIFUNCTIONAL INHIBITOR/LIPID-TRANSFER PROTEIN/SEED STORAGE 2S ALBUMIN SUPERFAMILY PROTEIN","GO:0006869 GO:0008289","","","PF14368","PTHR33044 PTHR33044:SF28","Bifunctional inhibitor/lipid-transfer protein/seed storage 2S albumin superfamily protein"
"110","Manes.09G140200.v8.1",184.909004374838,-0.244454248725878,0.0589364735864512,-4.14775832095382,3.35746545052603e-05,0.0059936862774527,"Manes.09G140200","","","GTPase activity; structural constituent of cytoskeleton; GTP binding; microtubule; microtubule-based process",NA,"(1 of 3) PTHR11588:SF48 - TUBULIN ALPHA-1 CHAIN-RELATED","GO:0003924 GO:0005200 GO:0005525 GO:0005874 GO:0007017","","K07374","PF00091 PF03953","PTHR11588 PTHR11588:SF48",""
"111","Manes.10G082000.v8.1",22.3205349806118,0.260916806974075,0.0630382801156475,4.13902166263749,3.48790018619441e-05,0.00617044107714412,"Manes.10G082000","","","protein binding; metal ion binding",NA,"(1 of 3) K12862 - pleiotropic regulator 1 (PLRG1, PRL1, PRP46)","GO:0005515 GO:0046872","KOG0266","K12862","PF00400","PTHR22844 PTHR22844:SF178",""
"112","Manes.05G138900.v8.1",16.4414770313755,0.341742666794908,0.0827165863538746,4.13148900188989,3.60420938795381e-05,0.0062686070902488,"Manes.05G138900","LIPAS-PWY","triacylglycerol degradation","lipid metabolic process",NA,"(1 of 2) PTHR11005//PTHR11005:SF17 - LYSOSOMAL ACID LIPASE-RELATED // AB-HYDROLASE ASSOCIATED LIPASE REGION CONTAINING PROTEIN","GO:0006629","KOG2624","","PF04083","PTHR11005 PTHR11005:SF17","alpha/beta-Hydrolases superfamily protein"
"113","Manes.08G101100.v8.1",34.5704690959211,-0.293054178842432,0.0709351654478733,-4.13129619127741,3.60723430869335e-05,0.0062686070902488,"Manes.08G101100","","","protein binding; zinc ion binding; histone binding; metal ion binding",NA,"(1 of 2) K10638 - E3 ubiquitin-protein ligase UHRF1 [EC:6.3.2.19] (UHRF1, NP95)","GO:0005515 GO:0008270 GO:0042393 GO:0046872","","K10638","PF00097 PF02182 PF13445","PTHR14140",""
"114","Manes.06G124900.v8.1",198.397731669126,0.177717385043734,0.043052747708061,4.12789878706066,3.66093177382108e-05,0.00630611554758987,"Manes.06G124900","PWY-5129","sphingolipid biosynthesis (plants)","amino acid metabolic process; lyase activity",NA,"(1 of 4) K00654 - serine palmitoyltransferase (SPT)","GO:0006520 GO:0016829","","K00654","PF01212","PTHR13693 PTHR13693:SF62","long chain base2"
"115","Manes.13G146400.v8.1",260.031416183393,-0.194719873513803,0.0473439000483287,-4.11288198300167,3.9075016962353e-05,0.00667231398338892,"Manes.13G146400","","","monoatomic ion channel activity; calcium ion binding; monoatomic ion transport; membrane; transmembrane transport",NA,"(1 of 1) K16900 - two pore calcium channel protein, plant (TPC1, CCH1)","GO:0005216 GO:0005509 GO:0006811 GO:0016020 GO:0055085","","K16900","PF00520 PF13499","PTHR10037","two-pore  channel 1"
"116","Manes.08G070848.v8.1",2.46624602994796,0.621426130142966,0.151166919804241,4.11086057020745,3.94187192658817e-05,0.00667297750193206,"Manes.08G070848","PWY-6358; PWY-882; PWY-2301; PWY-6363","superpathway of D-<i>myo</i>-inositol (1,4,5)-trisphosphate metabolism; L-ascorbate biosynthesis I (L-galactose pathway); <i>myo</i>-inositol biosynthesis; D-<i>myo</i>-inositol (1,4,5)-trisphosphate degradation","phosphatidylinositol phosphate biosynthetic process",NA,"(1 of 2) 3.1.3.25//3.1.3.93 - Inositol-phosphate phosphatase / Myo-inositol-1-phosphatase // L-galactose 1-phosphate phosphatase","GO:0046854","KOG2951","K10047","PF00459","PTHR20854 PTHR20854:SF4","Inositol monophosphatase family protein"
"117","Manes.02G062900.v8.1",20.8034213737923,-0.443621879697786,0.108157016543738,-4.10164678977059,4.1022013847149e-05,0.00688503663176465,"Manes.02G062900","","","protein kinase activity; protein tyrosine kinase activity; protein binding; ATP binding; protein phosphorylation",NA,"(1 of 2) PTHR27001//PTHR27001:SF217 - FAMILY NOT NAMED // PROTEIN NSP-INTERACTING KINASE 1","GO:0004672 GO:0004713 GO:0005515 GO:0005524 GO:0006468","KOG1187","","PF00069 PF00560 PF08263","PTHR27001 PTHR27001:SF217","NSP-interacting kinase 1"
"118","Manes.02G163900.v8.1",9866.82404487028,0.548106108429833,0.133725696271045,4.09873437726503,4.15415441607462e-05,0.00691314663292011,"Manes.02G163900","","","defense response",NA,"(1 of 5) PF00304 - Gamma-thionin family (Gamma-thionin)","GO:0006952","","","PF00304","PTHR33147","low-molecular-weight cysteine-rich 69"
"119","Manes.08G001500.v8.1",2.21529204258034,-1.06120045678062,0.259058241675519,-4.09637790296523,4.19664664312371e-05,0.00692517227991767,"Manes.08G001500","","","DNA-binding transcription factor activity; regulation of DNA-templated transcription; sequence-specific DNA binding",NA,"(1 of 102) PF03106 - WRKY DNA -binding domain (WRKY)","GO:0003700 GO:0006355 GO:0043565","","","PF03106","PTHR31221 PTHR31221:SF27","WRKY family transcription factor family protein"
"120","Manes.05G089300.v8.1",9.87114934672032,-0.501943789870064,0.122600845268366,-4.09412992847918,4.23756646950852e-05,0.00693442439681156,"Manes.05G089300","PWY-6303","methyl indole-3-acetate interconversion","",NA,"(1 of 1) PTHR23024//PTHR23024:SF228 - MEMBER OF 'GDXG' FAMILY OF LIPOLYTIC ENZYMES // SUBFAMILY NOT NAMED","","KOG1515","","PF00135","PTHR23024 PTHR23024:SF228",""
"121","Manes.04G130100.v8.1",7.98510354087372,-0.678912206390822,0.166154460563427,-4.08603057714275,4.38815977208064e-05,0.00710559430290257,"Manes.04G130100","","","DNA binding; lipid binding",NA,"(1 of 2) PTHR24326:SF272 - HOMEOBOX-LEUCINE ZIPPER PROTEIN GLABRA 2","GO:0003677 GO:0008289","KOG0484","K09338","PF00046 PF01852","PTHR24326 PTHR24326:SF272","HD-ZIP IV family of homeobox-leucine zipper protein with lipid-binding START domain"
"122","Manes.08G134400.v8.1",716.677725216701,-0.293108624170141,0.0717587558175011,-4.08463916118589,4.41453635969911e-05,0.00710559430290257,"Manes.08G134400","PWY-882","L-ascorbate biosynthesis I (L-galactose pathway)","",NA,"(1 of 2) K10046 - GDP-D-mannose 3', 5'-epimerase (GME)","","KOG1429","K10046","PF16363","PTHR10366 PTHR10366:SF327","GDP-D-mannose 3',5'-epimerase"
"123","Manes.03G003500.v8.1",41.9599764847822,-0.285384332474823,0.0699685718802585,-4.07875028467379,4.52784393987484e-05,0.00716915742030087,"Manes.03G003500","","","nucleotide binding; ATP biosynthetic process; ATP hydrolysis activity; metal ion binding",NA,"(1 of 13) K01535 - H+-transporting ATPase (E3.6.3.6)","GO:0000166 GO:0006754 GO:0016021 GO:0016887 GO:0046872","","K01535","PF00122 PF00690 PF00702","PTHR24093 PTHR24093:SF361","H(+)-ATPase 1"
"124","Manes.10G020400.v8.1",295.646415056786,0.222481458961834,0.0545299399642235,4.07998723467881,4.50381740001039e-05,0.00716915742030087,"Manes.10G020400","","","metabolic process; hexosyltransferase activity",NA,"(1 of 3) 2.4.1.323 - 7-deoxyloganetic acid glucosyltransferase","GO:0008152 GO:0016758","","","PF00201","PTHR11926 PTHR11926:SF220",""
"125","Manes.16G133700.v8.1",35.391124748723,-0.549964494200526,0.134896940751594,-4.07692339897655,4.56355185383515e-05,0.00716915742030087,"Manes.16G133700","","","phosphorelay sensor kinase activity; phosphorelay signal transduction system; signal transduction; phosphorylation; transferase activity, transferring phosphorus-containing groups",NA,"(1 of 2) PTHR24423:SF475 - HISTIDINE KINASE 5","GO:0000155 GO:0000160 GO:0007165 GO:0016310 GO:0016772","KOG0519","","PF00072 PF00512 PF02518","PTHR24423 PTHR24423:SF475","histidine kinase 5"
"126","Manes.01G150600.v8.1",128.507025111825,0.287673331678782,0.070776853694054,4.06451144214891,4.81331777597772e-05,0.00744245048558067,"Manes.01G150600","","","protein binding; zinc ion binding",NA,"(1 of 1) PF13441 - YMGG-like Gly-zipper (Gly-zipper_YMGG)","GO:0005515 GO:0008270","","","PF13488 PF13639","PTHR14155 PTHR14155:SF120","RING/U-box superfamily protein"
"127","Manes.14G004100.v8.1",22.7520499563533,-1.40340612091352,0.345182803345611,-4.06568956307009,4.78906491251066e-05,0.00744245048558067,"Manes.14G004100","","","ATP binding; membrane; ATP hydrolysis activity",NA,"(1 of 3) PTHR19241//PTHR19241:SF247 - ATP-BINDING CASSETTE TRANSPORTER // SUBFAMILY NOT NAMED","GO:0005524 GO:0016020 GO:0016887","","","PF00005 PF01061","PTHR19241 PTHR19241:SF247","ABC-2 type transporter family protein"
"128","Manes.16G076600.v8.1",55.2296465834786,0.153061603135506,0.037697784992505,4.06022802575635,4.90248138181929e-05,0.00752109585115511,"Manes.16G076600","","","",NA,"(1 of 3) PTHR31513//PTHR31513:SF1 - FAMILY NOT NAMED // GLYCINE-RICH PROTEIN","","","","","PTHR31513 PTHR31513:SF1","(1 of 2) PTHR31513:SF1 - GLYCINE-RICH PROTEIN"
"129","Manes.03G162600.v8.1",309.19603573833,0.273851659887325,0.0675365370023378,4.05486677348952,5.01628846493229e-05,0.00757729666045195,"Manes.03G162600","","","protein binding",NA,"(1 of 2) PTHR10666:SF124 - GH17761P","GO:0005515","KOG0001 KOG0005","K08770","PF00240","PTHR10666 PTHR10666:SF124",""
"130","Manes.13G009400.v8.1",17.8494859402035,-0.36622640416825,0.0902802579613269,-4.05655026290609,4.98028486911085e-05,0.00757729666045195,"Manes.13G009400","","","DNA binding; nucleus",NA,"(1 of 26) PF03110 - SBP domain (SBP)","GO:0003677 GO:0005634","","","PF03110","PTHR31251 PTHR31251:SF19",""
"131","Manes.01G016000.v8.1",80.1559842987463,0.226715247943821,0.0559743569552628,4.05034126832439,5.11429917982797e-05,0.00760829492380923,"Manes.01G016000","","","iron ion binding; oxidoreductase activity; oxidoreductase activity, acting on paired donors, with incorporation or reduction of molecular oxygen; L-ascorbic acid binding",NA,"(1 of 2) 1.14.11.4 - Procollagen-lysine 5-dioxygenase / Procollagen-lysine,2-oxoglutarate 5-dioxygenase","GO:0005506 GO:0016491 GO:0016705 GO:0031418 GO:0055114","KOG1971","","","PTHR24014 PTHR24014:SF4","2-oxoglutarate (2OG) and Fe(II)-dependent oxygenase superfamily protein"
"132","Manes.01G140600.v8.1",164.319468800434,-0.259696336789309,0.0641013558962184,-4.05133921363166,5.09253153649811e-05,0.00760829492380923,"Manes.01G140600","","","catalytic activity; RNA modification; transferase activity; macromolecule modification; iron-sulfur cluster binding; 4 iron, 4 sulfur cluster binding",NA,"(1 of 1) 2.8.4.3 - tRNA-2-methylthio-N(6)-dimethylallyladenosine synthase / tRNA-i6A37 methylthiotransferase","GO:0003824 GO:0009451 GO:0016740 GO:0043412 GO:0051536 GO:0051539","","","PF00919 PF01938 PF04055","PTHR11918 PTHR11918:SF43","Methylthiotransferase"
"133","Manes.03G058600.v8.1",101.22065613076,-0.446203834843025,0.110288515636693,-4.04578692774222,5.21476491158158e-05,0.00764196556483042,"Manes.03G058600","","","cytoplasm",NA,"(1 of 3) K14801 - pre-rRNA-processing protein TSR4 (TSR4)","GO:0005737","KOG2061","K14801","PF04194","PTHR12298 PTHR12298:SF26","zinc finger (MYND type) family protein / programmed cell death 2 C-terminal domain-containing protein"
"134","Manes.14G138700.v8.1",114.289031177783,-0.307221475940322,0.0759136335222763,-4.04698684130526,5.18811565783112e-05,0.00764196556483042,"Manes.14G138700","","","DNA binding; nucleus; regulation of DNA-templated transcription",NA,"(1 of 2) PTHR11850//PTHR11850:SF127 - HOMEOBOX PROTEIN TRANSCRIPTION FACTORS // SUBFAMILY NOT NAMED","GO:0003677 GO:0005634 GO:0006355","KOG0773","","PF03789 PF03790 PF03791 PF05920","PTHR11850 PTHR11850:SF127",""
"135","Manes.12G070801.v8.1",59.2920253480028,-0.598751532742088,0.148148362230687,-4.04156700571384,5.30952046451224e-05,0.00766640098247257,"Manes.12G070801","","","",NA,"","","","","","PTHR15892",""
"136","Manes.16G130900.v8.1",439.361958178418,0.244167837332176,0.0604110257823569,4.04177605279939,5.30478829389105e-05,0.00766640098247257,"Manes.16G130900","","","pyrimidine nucleotide biosynthetic process; cell cycle; positive regulation of Notch signaling pathway",NA,"(1 of 2) KOG1766 - Enhancer of rudimentary","GO:0006221 GO:0007049 GO:0045747","KOG1766","","PF01133","PTHR12373","enhancer of rudimentary protein, putative"
"137","Manes.03G203500.v8.1",90.97041291545,-0.310364822928003,0.0768794171393675,-4.03703402648556,5.4131220138956e-05,0.00775893992604874,"Manes.03G203500","","","",NA,"(1 of 2) PTHR10887:SF359 - HELICASE SEN1","","","K10706","PF13086 PF13087","PTHR10887 PTHR10887:SF359","P-loop containing nucleoside triphosphate hydrolases superfamily protein"
"138","Manes.06G096900.v8.1",24.1289666896204,-0.320430418288207,0.0794402889023854,-4.03360086821872,5.49285862030609e-05,0.00781617860340222,"Manes.06G096900","","","protein kinase activity; protein tyrosine kinase activity; ATP binding; protein phosphorylation",NA,"(1 of 18) PF07714//PF08263 - Protein tyrosine kinase (Pkinase_Tyr) // Leucine rich repeat N-terminal domain (LRRNT_2)","GO:0004672 GO:0004713 GO:0005524 GO:0006468","KOG1187","","PF07714 PF08263","PTHR27000 PTHR27000:SF184","Leucine-rich repeat protein kinase family protein"
"139","Manes.07G014300.v8.1",80.8917831838086,-0.591872101256107,0.146944152587426,-4.02787107097688,5.62841923556736e-05,0.00795145816754218,"Manes.07G014300","","","electron transfer activity",NA,"(1 of 57) PF02298 - Plastocyanin-like domain (Cu_bind_like)","GO:0009055","","","PF02298","PTHR33021 PTHR33021:SF61","plantacyanin"
"140","Manes.05G046200.v8.1",187.658011009171,0.271687073960596,0.0675992061418263,4.01908675363116,5.84241573945597e-05,0.00796407015288243,"Manes.05G046200","","","",NA,"(1 of 1) PTHR13105//PTHR13105:SF8 - MYELOID LEUKEMIA FACTOR // SUBFAMILY NOT NAMED","","","","PF10248","PTHR13105 PTHR13105:SF8","(1 of 1) PTHR13105//PTHR13105:SF8 - MYELOID LEUKEMIA FACTOR"
"141","Manes.08G087800.v8.1",17.999600085221,-0.383463985621634,0.0952933869406979,-4.0240356433156,5.72092529604153e-05,0.00796407015288243,"Manes.08G087800","","","",NA,"(1 of 11) PF05340 - Protein of unknown function (DUF740) (DUF740)","","","","PF05340","PTHR31659 PTHR31659:SF8","Protein of unknown function (DUF740)"
"142","Manes.08G096900.v8.1",93.1474859933995,0.446305533804283,0.111008244514224,4.02047195464924,5.80816639019741e-05,0.00796407015288243,"Manes.08G096900","","","DNA-binding transcription factor activity; regulation of DNA-templated transcription",NA,"(1 of 2) PTHR31241:SF2 - DEHYDRATION-RESPONSIVE ELEMENT-BINDING PROTEIN 2A-RELATED","GO:0003700 GO:0006355","","","PF00847","PTHR31241 PTHR31241:SF2",""
"143","Manes.14G087800.v8.1",654.969024165541,-0.460069599118729,0.114392380607465,-4.0218552728389,5.77415341702031e-05,0.00796407015288243,"Manes.14G087800","","","cellulose microfibril organization; cell growth",NA,"(1 of 3) PTHR31673//PTHR31673:SF2 - FAMILY NOT NAMED // COBRA-LIKE PROTEIN 4","GO:0010215 GO:0016049 GO:0031225","","","PF04833","PTHR31673 PTHR31673:SF2","COBRA-like extracellular glycosyl-phosphatidyl inositol-anchored protein family"
"144","Manes.14G149400.v8.1",75.0512912048778,0.899304975412759,0.223934555404826,4.01592766148577,5.92124174935497e-05,0.00796407015288243,"Manes.14G149400","","","",NA,"(1 of 16) PTHR11527//PTHR11527:SF158 - SMALL HEAT-SHOCK PROTEIN  HSP20  FAMILY // 17.6 KDA CLASS I HEAT SHOCK PROTEIN 1-RELATED","","KOG0710","K13993","PF00011","PTHR11527 PTHR11527:SF158","HSP20-like chaperones superfamily protein"
"145","Manes.17G010150.v8.1",22.3934497602414,0.619989302964936,0.154270092804643,4.01885609643114,5.84813732428518e-05,0.00796407015288243,"Manes.17G010150","","","",NA,"","","","","","",""
"146","Manes.18G030800.v8.1",19.829994494746,0.212448591393426,0.0528846707244502,4.01720552445843,5.88923583612635e-05,0.00796407015288243,"Manes.18G030800","","","zinc ion binding",NA,"(1 of 1) PF00412//PF02809//PF12315 - LIM domain (LIM) // Ubiquitin interaction motif (UIM) // Protein of unknown function (DUF3633) (DUF3633)","GO:0008270","KOG1703","","PF00412 PF02809 PF12315","PTHR24209 PTHR24209:SF10","DA1"
"147","Manes.04G135000.v8.1",11.9141188837555,-1.17325715781242,0.292331041167611,-4.01345390187189,5.98366925882131e-05,0.0079932866146581,"Manes.04G135000","","","",NA,"(1 of 4) PTHR33172//PTHR33172:SF2 - FAMILY NOT NAMED // EMB|CAB83157.1","","","","","PTHR33172 PTHR33172:SF2",""
"148","Manes.04G041200.v8.1",56.5208231447886,0.309377227816005,0.0771617699726943,4.00946256061112,6.08571007475763e-05,0.00802385061768556,"Manes.04G041200","","","base-excision repair; 4 iron, 4 sulfur cluster binding",NA,"(1 of 2) K10773 - endonuclease III (NTH)","GO:0006284 GO:0051539","KOG1921","K10773","PF00730","PTHR10359","DNA glycosylase superfamily protein"
"149","Manes.06G157100.v8.1",66.4719281939209,-0.206322879231649,0.0514805476091337,-4.00778330483499,6.12913170368607e-05,0.00802385061768556,"Manes.06G157100","PWY-6614; PWY-6612","tetrahydrofolate biosynthesis; superpathway of tetrahydrofolate biosynthesis","tetrahydrofolylpolyglutamate synthase activity; ATP binding; biosynthetic process; folic acid-containing compound biosynthetic process",NA,"(1 of 1) 6.3.2.12 - Dihydrofolate synthase / H(2)-folate synthetase","GO:0004326 GO:0005524 GO:0009058 GO:0009396","KOG2525","","PF08245","PTHR11136 PTHR11136:SF0","Folylpolyglutamate synthetase family protein"
"150","Manes.12G148100.v8.1",1366.6942151382,-0.211097109313891,0.0526702682730073,-4.0078988817696,6.12613377942581e-05,0.00802385061768556,"Manes.12G148100","PWY-1001","cellulose biosynthesis","protein binding; zinc ion binding",NA,"(1 of 3) 2.4.1.29 - Cellulose synthase (GDP-forming) / GDP-glucose-cellulose glucosyltransferase","GO:0005515 GO:0008270","","K10999","PF13632 PF14569","PTHR13301 PTHR13301:SF43","cellulose synthase A2"
"151","Manes.01G155200.v8.1",1444.58828038906,-0.18581242561995,0.0464298430078046,-4.00200417625182,6.28081898037534e-05,0.00805174975772802,"Manes.01G155200","","","nucleic acid binding",NA,"(1 of 3) K12898 - heterogeneous nuclear ribonucleoprotein F/H (HNRNPF_H)","GO:0003676","KOG0114","","PF14259","PTHR13976","RNA-binding (RRM/RBD/RNP motifs) family protein"
"152","Manes.02G046500.v8.1",19.885832558109,0.437104822271513,0.109239987450714,4.00132618532862,6.29884562484181e-05,0.00805174975772802,"Manes.02G046500","","","protein binding; ATP binding; chromosome; chromosome organization",NA,"(1 of 1) K06675 - structural maintenance of chromosome 4 (SMC4)","GO:0005515 GO:0005524 GO:0005694 GO:0051276","","K06675","PF06470 PF13304","PTHR18937 PTHR18937:SF231","structural maintenance of chromosome 3"
"153","Manes.04G068400.v8.1",11.8338647403122,0.672741628769391,0.168154273267164,4.00074060384145,6.31445466563179e-05,0.00805174975772802,"Manes.04G068400","","","electron transfer activity",NA,"(1 of 57) PF02298 - Plastocyanin-like domain (Cu_bind_like)","GO:0009055","","","PF02298","PTHR33021 PTHR33021:SF31",""
"154","Manes.14G129500.v8.1",859.051509453725,-0.157456481156827,0.0393191479418838,-4.00457510904249,6.21290492217876e-05,0.00805174975772802,"Manes.14G129500","","","",NA,"(1 of 9) PF07800 - Protein of unknown function (DUF1644) (DUF1644)","","","","PF07800","PTHR31197 PTHR31197:SF5","Protein of unknown function (DUF1644)"
"155","Manes.01G164200.v8.1",34.1888309770541,-0.380194422988591,0.0951323904391919,-3.99647713290259,6.42920888592322e-05,0.00814518547695963,"Manes.01G164200","PWY-6890","4-amino-2-methyl-5-diphosphomethylpyrimidine biosynthesis","thiamine biosynthetic process; iron-sulfur cluster binding",NA,"(1 of 2) 4.1.99.17 - Phosphomethylpyrimidine synthase","GO:0009228 GO:0051536","","K03147","PF01964","PTHR30557","thiaminC"
"156","Manes.11G132200.v8.1",4371.4210222178,-0.161060334985376,0.0403196545493037,-3.99458618348102,6.48073448576111e-05,0.0081578322498007,"Manes.11G132200","PWY-7511","protein ubiquitylation","",NA,"(1 of 3) K10575 - ubiquitin-conjugating enzyme E2 G1 (UBE2G1, UBC7)","","KOG0425","K10575","PF00179","PTHR24067 PTHR24067:SF109","ubiquitin carrier protein 7"
"157","Manes.04G025300.v8.1",5.46921250743253,0.740122603062503,0.185588927165985,3.98796746316961,6.66418006803689e-05,0.00817903149975252,"Manes.04G025300","","","",NA,"(1 of 56) PF03195 - Protein of unknown function DUF260 (DUF260)","","","","PF03195","PTHR31301 PTHR31301:SF6","LOB domain-containing protein 11"
"158","Manes.09G098300.v8.1",314.186654496756,0.155390154489713,0.0389515367914504,3.9893202499733,6.62629101979864e-05,0.00817903149975252,"Manes.09G098300","","","",NA,"(1 of 1) K06700 - proteasome inhibitor subunit 1 (PI31) (PSMF1)","","KOG4761","K06700","PF08577 PF11566","PTHR13266","proteasome inhibitor-related"
"159","Manes.10G020800.v8.1",358.779653403246,0.339411556992713,0.0850666695336723,3.98994763581713,6.60878838707247e-05,0.00817903149975252,"Manes.10G020800","","","",NA,"","","","","","PTHR33356 PTHR33356:SF4",""
"160","Manes.18G101100.v8.1",604.76659521452,0.275988321428753,0.069181351281041,3.98934563026362,6.62558211704297e-05,0.00817903149975252,"Manes.18G101100","","","",NA,"(1 of 2) PTHR10795//PTHR10795:SF316 - PROPROTEIN CONVERTASE SUBTILISIN/KEXIN // SERINE PROTEASE-LIKE PROTEIN-RELATED","","","","PF05922","PTHR10795 PTHR10795:SF316","Proteinase inhibitor, propeptide"
"161","Manes.08G123600.v8.1",16.4672493552161,-0.430532620496375,0.108045350337202,-3.98473991849454,6.75540738561768e-05,0.00823949905784934,"Manes.08G123600","","","",NA,"(1 of 6) PF06364 - Protein of unknown function (DUF1068) (DUF1068)","","","","PF06364","PTHR32254 PTHR32254:SF6",""
"162","Manes.03G011200.v8.1",17.5719829195089,0.491824777165852,0.123653479459069,3.97744389658402,6.96600513542829e-05,0.00839211305793898,"Manes.03G011200","","","protein kinase activity; protein tyrosine kinase activity; ATP binding; protein phosphorylation",NA,"(1 of 2) PTHR27001//PTHR27001:SF62 - FAMILY NOT NAMED // PROTEIN KINASE FAMILY PROTEIN-RELATED","GO:0004672 GO:0004713 GO:0005524 GO:0006468","KOG1187","","PF07714","PTHR27001 PTHR27001:SF62","Protein kinase superfamily protein"
"163","Manes.15G139200.v8.1",12.0568793683922,-0.431725306765347,0.108522809142947,-3.97819877843999,6.94393094342301e-05,0.00839211305793898,"Manes.15G139200","","","metal ion binding",NA,"(1 of 3) PTHR10593//PTHR10593:SF43 - SERINE/THREONINE-PROTEIN KINASE RIO // SHOOT GRAVITROPISM5-LIKE PROTEIN","GO:0046872","","","","PTHR10593 PTHR10593:SF43","C2H2-like zinc finger protein"
"164","Manes.01G034800.v8.1",2.93563781242269,1.02178860899645,0.257752454370563,3.96422455604421,7.36349139202347e-05,0.00864418914093327,"Manes.01G034800","","","",NA,"(1 of 2) PTHR10641//PTHR10641:SF512 - MYB-LIKE DNA-BINDING PROTEIN MYB // MYB-DOMAIN TRANSCRIPTION FACTOR LOF1-RELATED","","","","PF00249","PTHR10641 PTHR10641:SF512","myb domain protein 110"
"165","Manes.04G049700.v8.1",38.1982578923915,0.280002897385236,0.0706117632646144,3.96538599858975,7.32772683762267e-05,0.00864418914093327,"Manes.04G049700","","","",NA,"(1 of 1) PTHR13343//PTHR13343:SF18 - CREG1 PROTEIN // PENTATRICOPEPTIDE REPEAT-CONTAINING PROTEIN-LIKE PROTEIN","","","","","PTHR13343 PTHR13343:SF18","Pentatricopeptide repeat (PPR) superfamily protein"
"166","Manes.10G134200.v8.1",4.21527258138268,-0.404975332920207,0.102220597793058,-3.96177817058031,7.43936428587729e-05,0.00864418914093327,"Manes.10G134200","","","protein binding; ADP binding",NA,"(1 of 23) PF00931//PF13855 - NB-ARC domain (NB-ARC) // Leucine rich repeat (LRR_8)","GO:0005515 GO:0043531","KOG4658","","PF00931 PF13855","PTHR23155 PTHR23155:SF563",""
"167","Manes.13G125300.v8.1",1.84593757564055,-0.862800277793664,0.217529229350771,-3.96636479781932,7.29771409250536e-05,0.00864418914093327,"Manes.13G125300","PWY-6824; PWY-5466; PWY-7445; PWY-7214","justicidin B biosynthesis; matairesinol biosynthesis; luteolin triglucuronide degradation; baicalein degradation (hydrogen peroxide detoxification)","peroxidase activity; response to oxidative stress; heme binding",NA,"(1 of 91) K00430 - peroxidase (E1.11.1.7)","GO:0004601 GO:0006979 GO:0020037 GO:0055114","","K00430","PF00141","PTHR31388 PTHR31388:SF34",""
"168","Manes.14G003400.v8.1",858.942241708801,-0.180302188199034,0.0455081297148383,-3.96197754838176,7.43315315928346e-05,0.00864418914093327,"Manes.14G003400","SULFMETII-PWY","sulfate reduction II (assimilatory)","oxidoreductase activity; heme binding; sulfite reductase (ferredoxin) activity; iron-sulfur cluster binding; 4 iron, 4 sulfur cluster binding",NA,"(1 of 1) K00392 - sulfite reductase (ferredoxin) (sir)","GO:0016491 GO:0020037 GO:0050311 GO:0051536 GO:0051539 GO:0055114","","K00392","PF01077 PF03460","PTHR11493 PTHR11493:SF48","sulfite reductase"
"169","Manes.18G022300.v8.1",11.8479979052349,-0.996952158284902,0.251292522104324,-3.96729735503636,7.26922744464852e-05,0.00864418914093327,"Manes.18G022300","PWY-5152; PWY1F-823","leucodelphinidin biosynthesis; leucopelargonidin and leucocyanidin biosynthesis","catalytic activity",NA,"(1 of 2) K13082 - bifunctional dihydroflavonol 4-reductase/flavanone 4-reductase (DFR)","GO:0003824 GO:0050662","KOG1502","K13082","PF01370","PTHR10366 PTHR10366:SF276","dihydroflavonol 4-reductase"
"170","Manes.12G061400.v8.1",409.44766622564,0.169572389753113,0.0428382067361822,3.95843810170251,7.54414860574929e-05,0.00871437918653523,"Manes.12G061400","","","ATP binding; protein folding; response to stress; unfolded protein binding",NA,"(1 of 5) K09487 - heat shock protein 90kDa beta (HSP90B, TRA1)","GO:0005524 GO:0006457 GO:0006950 GO:0051082","","K09487","PF00183 PF02518","PTHR11528 PTHR11528:SF41","HEAT SHOCK PROTEIN 89.1"
"171","Manes.02G046700.v8.1",277.737290190224,0.394245877773348,0.0996506670063776,3.95627936688188,7.61261309474204e-05,0.00874203996148827,"Manes.02G046700","","","metalloendopeptidase activity; ATP binding; proteolysis; membrane",NA,"(1 of 1) PTHR23076:SF54 - ATP-DEPENDENT ZINC METALLOPROTEASE FTSH 6, CHLOROPLASTIC","GO:0004222 GO:0005524 GO:0006508 GO:0016020","","K03798","PF00004 PF01434","PTHR23076 PTHR23076:SF54","FTSH protease 6"
"172","Manes.16G107300.v8.1",32.7253243819128,0.338669922131029,0.0856721361830912,3.95309300339206,7.71474336814866e-05,0.00880781485583344,"Manes.16G107300","","","",NA,"(1 of 5) K13989 - Derlin-2/3 (DERL2_3)","","KOG0858","K13989","PF04511","PTHR11009 PTHR11009:SF13","DERLIN-1"
"173","Manes.05G147600.v8.1",26.4352808623379,0.497669084340747,0.12603229481521,3.9487425430953,7.85627902298519e-05,0.00890432145688305,"Manes.05G147600","","","protein retention in ER lumen; ER retention sequence binding",NA,"(1 of 4) PTHR10585:SF34 - ER LUMEN PROTEIN RETAINING RECEPTOR-LIKE PROTEIN","GO:0006621 GO:0016021 GO:0046923","KOG3106","","PF00810","PTHR10585 PTHR10585:SF34","ER lumen protein retaining receptor family protein"
"174","Manes.13G050200.v8.1",1.70728953131285,-0.988900118162849,0.250499171707468,-3.94771811588136,7.88996248662042e-05,0.00890432145688305,"Manes.13G050200","","","monooxygenase activity; iron ion binding; oxidoreductase activity, acting on paired donors, with incorporation or reduction of molecular oxygen; heme binding",NA,"(1 of 138) KOG0156 - Cytochrome P450 CYP2 subfamily","GO:0004497 GO:0005506 GO:0016705 GO:0020037 GO:0055114","KOG0156","","PF00067","PTHR24298 PTHR24298:SF78",""
"175","Manes.02G124500.v8.1",29.1226197038248,0.560872406347363,0.142207750668215,3.94403542501658,8.01218146005595e-05,0.00899058327606393,"Manes.02G124500","","","",NA,"(1 of 16) PTHR11527//PTHR11527:SF158 - SMALL HEAT-SHOCK PROTEIN  HSP20  FAMILY // 17.6 KDA CLASS I HEAT SHOCK PROTEIN 1-RELATED","","KOG0710","","PF00011","PTHR11527 PTHR11527:SF158","HSP20-like chaperones superfamily protein"
"176","Manes.12G060500.v8.1",119.115445216268,-0.452534908818233,0.114802108201377,-3.94186932546945,8.08490232514809e-05,0.00902063789539392,"Manes.12G060500","","","",NA,"(1 of 2) PTHR32077:SF3 - FASCICLIN-LIKE ARABINOGALACTAN PROTEIN 7","","","","PF02469","PTHR32077 PTHR32077:SF3","FASCICLIN-like arabinoogalactan 7"
"177","Manes.02G124700.v8.1",453.78326186315,0.667219954759048,0.169481794737712,3.9368237502537,8.25672029545266e-05,0.0091602947142262,"Manes.02G124700","","","",NA,"(1 of 16) PTHR11527:SF158 - 17.6 KDA CLASS I HEAT SHOCK PROTEIN 1-RELATED","","KOG0710","K13993","PF00011","PTHR11527 PTHR11527:SF158","HSP20-like chaperones superfamily protein"
"178","Manes.05G018700.v8.1",78.5441730935691,-0.798676975170376,0.203077088164259,-3.93287584724657,8.39355950752928e-05,0.00925979371063777,"Manes.05G018700","","","DNA binding; DNA-binding transcription factor activity; regulation of DNA-templated transcription; sequence-specific DNA binding",NA,"(1 of 3) PTHR24326//PTHR24326:SF122 - FAMILY NOT NAMED // HOMEOBOX-LEUCINE ZIPPER PROTEIN ATHB-12-RELATED","GO:0003677 GO:0003700 GO:0006355 GO:0043565","","K09338","PF00046 PF02183","PTHR24326 PTHR24326:SF122","homeobox 12"
"179","Manes.11G017400.v8.1",38.822589321431,-0.438587610974824,0.111750182165074,-3.92471495327814,8.68324946522439e-05,0.00952586423176599,"Manes.11G017400","","","",NA,"(1 of 11) PF07911 - Protein of unknown function (DUF1677) (DUF1677)","","","","PF07911","PTHR33108 PTHR33108:SF15","Protein of unknown function (DUF1677)"
"180","Manes.14G148722.v8.1",26.7826424909279,0.933544505442015,0.238136227069989,3.92021204387202,8.8471090776878e-05,0.00959838016345609,"Manes.14G148722","","","",NA,"(1 of 16) PTHR11527:SF158 - 17.6 KDA CLASS I HEAT SHOCK PROTEIN 1-RELATED","","KOG0710","K13993","PF00011","PTHR11527 PTHR11527:SF158","HSP20-like chaperones superfamily protein"
"181","Manes.17G054200.v8.1",116.495118746882,-0.144106210871092,0.0367508525794508,-3.92116646979962,8.81213569451849e-05,0.00959838016345609,"Manes.17G054200","","","structural constituent of ribosome; intracellular anatomical structure; ribosome; translation",NA,"(1 of 2) PTHR14503:SF3 - 50S RIBOSOMAL PROTEIN L34, CHLOROPLASTIC","GO:0003735 GO:0005622 GO:0005840 GO:0006412","","K02914","PF00468","PTHR14503 PTHR14503:SF3","Ribosomal protein L34"
"182","Manes.11G037800.v8.1",3.8579379710033,-0.749827287131156,0.191866780248591,-3.90806207390172,9.30394049562693e-05,0.00998368740506153,"Manes.11G037800","","","DNA binding; lipid binding",NA,"(1 of 2) PTHR24326:SF272 - HOMEOBOX-LEUCINE ZIPPER PROTEIN GLABRA 2","GO:0003677 GO:0008289","","K09338","PF00046 PF01852","PTHR24326 PTHR24326:SF272","HD-ZIP IV family of homeobox-leucine zipper protein with lipid-binding START domain"
"183","Manes.13G078700.v8.1",115.266916883866,0.406955203058891,0.104106332367202,3.90903409817075,9.26658850908941e-05,0.00998368740506153,"Manes.13G078700","","","protein binding",NA,"(1 of 2) K14961 - COMPASS component SWD1 (RBBP5, SWD1, CPS50)","GO:0005515","KOG1273","K14961","PF00400","PTHR22847 PTHR22847:SF461","Transducin/WD40 repeat-like superfamily protein"
"184","Manes.18G012500.v8.1",6.84911906217809,-0.676216412968866,0.173112179410911,-3.90623245152355,9.37463344420439e-05,0.0100048737469479,"Manes.18G012500","","","ATP binding; protein folding; response to stress; unfolded protein binding",NA,"(1 of 2) PTHR11528:SF45 - ENDOPLASMIN HOMOLOG","GO:0005524 GO:0006457 GO:0006950 GO:0051082","","K09487","PF00183 PF02518","PTHR11528 PTHR11528:SF45","Chaperone protein htpG family protein"
"185","Manes.15G181900.v8.1",64.8288294229084,-0.518460251198617,0.132835095967213,-3.9030366743333,9.49933021417172e-05,0.0100831539143616,"Manes.15G181900","","","metabolic process; oxidoreductase activity, acting on the CH-OH group of donors, NAD or NADP as acceptor; NAD binding",NA,"(1 of 2) 1.2.1.2 - Formate dehydrogenase","GO:0008152 GO:0016616 GO:0051287 GO:0055114","KOG0069","K00122","PF00389 PF02826","PTHR10996 PTHR10996:SF171","formate dehydrogenase"
"186","Manes.15G043100.v8.1",105.309206326107,0.163238083002374,0.0418499805095429,3.90055338174296,9.59730605084877e-05,0.0101323816623934,"Manes.15G043100","","","",NA,"(1 of 13) PF04755 - PAP_fibrillin (PAP_fibrillin)","","","","PF04755","PTHR31906 PTHR31906:SF15","Plastid-lipid associated protein PAP / fibrillin family protein"
"187","Manes.09G174400.v8.1",467.647334308085,-0.180571469452174,0.0463295332725355,-3.89754561933432,9.71725213925341e-05,0.0102041540245197,"Manes.09G174400","","","catalytic activity; protein serine/threonine phosphatase activity; protein dephosphorylation",NA,"(1 of 4) PTHR13832//PTHR13832:SF158 - PROTEIN PHOSPHATASE 2C // PROTEIN PHOSPHATASE 2C 5-RELATED","GO:0003824 GO:0004722 GO:0006470","KOG0698","","PF00481","PTHR13832 PTHR13832:SF158","Protein phosphatase 2C family protein"
"188","Manes.14G099700.v8.1",0.933065449247694,-1.1848422280076,0.304404556399203,-3.892327506602,9.92870890606356e-05,0.0103707477015091,"Manes.14G099700","","","malate transport",NA,"(1 of 3) PTHR31086//PTHR31086:SF20 - FAMILY NOT NAMED // ALUMINUM-ACTIVATED MALATE TRANSPORTER 4-RELATED","GO:0015743","","","PF11744","PTHR31086 PTHR31086:SF20","Aluminium activated malate transporter family protein"
"189","Manes.15G059750.v8.1",2.38932653045894,-0.856446097278383,0.220196107758574,-3.88946973675576,0.000100463495312602,0.0104381040076908,"Manes.15G059750","","","",NA,"","","","","","",""
"190","Manes.02G202959.v8.1",41.6816508212547,-0.489801079342742,0.126039859510535,-3.8860808100298,0.000101875606193857,0.0104753426747962,"Manes.02G202959","","","ADP binding",NA,"(1 of 70) PTHR23155//PTHR23155:SF554 - LEUCINE-RICH REPEAT-CONTAINING PROTEIN // SUBFAMILY NOT NAMED","GO:0043531","KOG4658","","PF00931","PTHR23155 PTHR23155:SF554",""
"191","Manes.07G044900.v8.1",6.79299587748067,-0.985365639901405,0.253564881018314,-3.88604934541482,0.000101888804343131,0.0104753426747962,"Manes.07G044900","","","protein kinase activity; protein tyrosine kinase activity; ubiquitin-protein transferase activity; protein binding; ATP binding; protein phosphorylation",NA,"(1 of 5) PF00069//PF00240//PF00632 - Protein kinase domain (Pkinase) // Ubiquitin family (ubiquitin) // HECT-domain (ubiquitin-transferase) (HECT)","GO:0004672 GO:0004713 GO:0004842 GO:0005515 GO:0005524 GO:0006468","KOG0198","","PF00069 PF00240 PF00632","PTHR24361 PTHR24361:SF318",""
"192","Manes.01G008200.v8.1",22.1169149106959,0.408589232083043,0.105184921580641,3.88448482865289,0.000102547095599384,0.0104881110223183,"Manes.01G008200","","","protein binding",NA,"(1 of 2) K12179 - COP9 signalosome complex subunit 6 (COPS6, CSN6)","GO:0005515","KOG3050","K12179","PF01398 PF13012","PTHR10540 PTHR10540:SF8","COP9 signalosome subunit 6A"
"193","Manes.05G079200.v8.1",3820.08009220858,-0.202825317261427,0.0523107952901247,-3.87731282112081,0.000105616525439079,0.010746071036514,"Manes.05G079200","","","structural constituent of ribosome; intracellular anatomical structure; ribosome; translation",NA,"(1 of 2) K02895 - large subunit ribosomal protein L24 (RP-L24, MRPL24, rplX)","GO:0003735 GO:0005622 GO:0005840 GO:0006412","","K02895","PF00467","PTHR12903","KOW domain-containing protein"
"194","Manes.12G151400.v8.1",21.1578890168519,0.375846123678772,0.0970220820862673,3.87382042929761,0.000107142372271247,0.010789511611746,"Manes.12G151400","","","",NA,"(1 of 1) PTHR13420//PTHR13420:SF7 - UNCHARACTERIZED // UPF0235 PROTEIN C15ORF40","","KOG3276","K09131","PF02594","PTHR13420 PTHR13420:SF7","Protein of unknown function (DUF167)"
"195","Manes.14G123800.v8.1",11.1163599456165,-0.438457239653945,0.113162629923043,-3.87457626207627,0.000106810391181592,0.010789511611746,"Manes.14G123800","","","protein kinase activity; protein tyrosine kinase activity; ATP binding; protein phosphorylation",NA,"(1 of 31) PF07714//PF11721 - Protein tyrosine kinase (Pkinase_Tyr) // Di-glucose binding within endoplasmic reticulum (Malectin)","GO:0004672 GO:0004713 GO:0005524 GO:0006468","KOG1187","","PF07714 PF11721","PTHR27003 PTHR27003:SF41","hercules receptor kinase 2"
"196","Manes.04G083800.v8.1",206.104906332936,0.484845931405578,0.12526392460056,3.87059508914197,0.00010856999687389,0.0108120005910573,"Manes.04G083800","PWY66-399; PWY66-373; PHOTOALL-PWY; GLUCONEO-PWY; PWY-5464; CALVIN-PWY; PWY-1042; SUCSYN-PWY; ANAGLYCOLYSIS-PWY; ANAEROFRUCAT-PWY","gluconeogenesis III; sucrose degradation V (sucrose &alpha;-glucosidase); oxygenic photosynthesis; gluconeogenesis I; superpathway of cytosolic glycolysis (plants), pyruvate dehydrogenase and TCA cycle; Calvin-Benson-Bassham cycle; glycolysis IV (plant cytosol); sucrose biosynthesis I (from photosynthesis); glycolysis III (from glucose); homolactic fermentation","fructose-bisphosphate aldolase activity; glycolytic process","carb","(1 of 3) PTHR11627:SF15 - FRUCTOSE-BISPHOSPHATE ALDOLASE 2, CHLOROPLASTIC-RELATED","GO:0004332 GO:0006096","","K01623","PF00274","PTHR11627 PTHR11627:SF15","fructose-bisphosphate aldolase 2"
"197","Manes.14G097300.v8.1",7.70302476300814,-0.677943835990793,0.17519773952442,-3.86959236934844,0.000109017472986166,0.0108120005910573,"Manes.14G097300","PWY-641; PWY-6029","proanthocyanidins biosynthesis from flavanols; 2,3-<i>trans</i>-flavanols biosynthesis","catalytic activity",NA,"(1 of 2) 1.17.1.3 - Leucoanthocyanidin reductase / Leucocyanidin reductase","GO:0003824 GO:0050662","","K13081","PF01370","PTHR10366 PTHR10366:SF403",""
"198","Manes.17G091200.v8.1",28.4734305908353,-0.365543274518157,0.0944191363984033,-3.87149563596663,0.000108169594305811,0.0108120005910573,"Manes.17G091200","","","potassium ion transmembrane transporter activity; membrane; potassium ion transmembrane transport",NA,"(1 of 1) PTHR30540//PTHR30540:SF5 - OSMOTIC STRESS POTASSIUM TRANSPORTER // SUBFAMILY NOT NAMED","GO:0015079 GO:0016020 GO:0071805","","K03549","PF02705","PTHR30540 PTHR30540:SF5",""
"199","Manes.07G105100.v8.1",20.2616298108347,-0.294388960851191,0.0761261189860744,-3.86712162359208,0.000110127511356823,0.0108128697025697,"Manes.07G105100","","","phosphorelay signal transduction system; protein binding",NA,"(1 of 3) K12129 - pseudo-response regulator 7 (PRR7)","GO:0000160 GO:0005515","","K12129","PF00072 PF06203","PTHR26402 PTHR26402:SF543",""
"200","Manes.14G092000.v8.1",298.818044887729,-0.265977110288451,0.0687754830806652,-3.86732449376608,0.000110035967048871,0.0108128697025697,"Manes.14G092000","","","",NA,"(1 of 1) PTHR28630//PTHR28630:SF3 - FAMILY NOT NAMED // REDOX-REGULATORY PROTEIN FAM213A","","KOG4498","","PF13911","PTHR28630 PTHR28630:SF3",""
"201","Manes.08G108200.v8.1",609.153000881685,-0.253842234121111,0.0657095242148051,-3.86309651689606,0.000111958746521316,0.0109379796290501,"Manes.08G108200","PWY-7528; PWY-7270; ETHYL-PWY; SAM-PWY; PWY-5041","L-methionine salvage cycle I (bacteria and plants); L-methionine salvage cycle II (plants); ethylene biosynthesis I (plants); S-adenosyl-L-methionine biosynthesis; <i>S</i>-adenosyl-L-methionine cycle II","methionine adenosyltransferase activity; ATP binding; S-adenosylmethionine biosynthetic process",NA,"(1 of 1) PTHR11964:SF16 - S-ADENOSYLMETHIONINE SYNTHASE 4","GO:0004478 GO:0005524 GO:0006556","","K00789","PF00438 PF02772 PF02773","PTHR11964 PTHR11964:SF16","S-adenosylmethionine synthetase 2"
"202","Manes.12G102000.v8.1",133.101418151079,-0.177675963102722,0.0460287706697406,-3.86010663585952,0.000113337554497257,0.0110178690973398,"Manes.12G102000","","","protein kinase activity; protein tyrosine kinase activity; ATP binding; protein phosphorylation",NA,"(1 of 4) PTHR24349//PTHR24349:SF115 - SERINE/THREONINE-PROTEIN KINASE // SUBFAMILY NOT NAMED","GO:0004672 GO:0004713 GO:0005524 GO:0006468","KOG0032","K00924","PF14531","PTHR24349 PTHR24349:SF115","CDPK-related kinase"
"203","Manes.08G008900.v8.1",526.529350242982,-0.126062189100117,0.032717066079288,-3.85310188861716,0.000116630828370699,0.011282165402539,"Manes.08G008900","","","",NA,"(1 of 2) PTHR21717:SF21 - PROTEIN TRF-LIKE 8","","","","PF00249","PTHR21717 PTHR21717:SF21","TRF-like 8"
"204","Manes.16G100000.v8.1",84.493629704234,0.184962356945582,0.0480691490753177,3.84783921711972,0.000119164214830188,0.0114707239540216,"Manes.16G100000","TRIGLSYN-PWY","diacylglycerol and triacylglycerol biosynthesis","diacylglycerol O-acyltransferase activity; O-acyltransferase activity; triglyceride biosynthetic process",NA,"(1 of 2) K11155 - diacylglycerol O-acyltransferase 1 (DGAT1)","GO:0004144 GO:0008374 GO:0019432","KOG0380","K11155","PF03062","PTHR10408 PTHR10408:SF7","membrane bound O-acyl transferase (MBOAT) family protein"
"205","Manes.02G011900.v8.1",33.160906638937,-0.692803421014932,0.18040389780179,-3.84029075566935,0.000122888677476446,0.0117049965150551,"Manes.02G011900","","","",NA,"","","","","","PTHR33978 PTHR33978:SF4",""
"206","Manes.02G097200.v8.1",311.534100596355,0.251932922039921,0.0655867455442832,3.84121700122809,0.000122425824886929,0.0117049965150551,"Manes.02G097200","","","ATP binding",NA,"(1 of 4) PTHR23070//PTHR23070:SF12 - BCS1 AAA-TYPE ATPASE // SUBFAMILY NOT NAMED","GO:0005524","KOG0743","K08900","PF00004 PF14363","PTHR23070 PTHR23070:SF12",""
"207","Manes.12G017500.v8.1",61.3165444974712,-0.220596158016771,0.0574574074538587,-3.83929884399886,0.00012338617297023,0.0117049965150551,"Manes.12G017500","","","phosphorelay signal transduction system",NA,"(1 of 3) PTHR26402//PTHR26402:SF608 - RESPONSE REGULATOR OF TWO-COMPONENT SYSTEM // SUBFAMILY NOT NAMED","GO:0000160","KOG1601","","PF00072 PF00249","PTHR26402 PTHR26402:SF608","response regulator 11"
"208","Manes.14G066000.v8.1",448.813645735988,-0.112905953874,0.0294285974713572,-3.83660668789573,0.000124746016652528,0.011777103504835,"Manes.14G066000","","","protein binding; peroxisomal membrane; protein import into peroxisome matrix, docking",NA,"(1 of 2) K13343 - peroxin-14 (PEX14)","GO:0005515 GO:0005778 GO:0016560","KOG2629","K13343","PF04695","PTHR23058 PTHR23058:SF0","peroxin 14"
"209","Manes.05G095900.v8.1",154.986028819886,-0.179035638951606,0.0467362682360014,-3.83076453703021,0.000127745709038634,0.0118459764848033,"Manes.05G095900","","","nucleic acid binding",NA,"(1 of 259) PF00076 - RNA recognition motif. (a.k.a. RRM, RBD, or RNP domain) (RRM_1)","GO:0003676","","","PF00076","","homeobox protein 54"
"210","Manes.05G117026.v8.1",197.318149481379,-0.135593258441409,0.0353953437039677,-3.83082191757922,0.000127715918795408,0.0118459764848033,"Manes.05G117026","","","iron-sulfur cluster assembly",NA,"(1 of 1) K09015 - Fe-S cluster assembly protein SufD (sufD)","GO:0016226","","K09015","PF01458","PTHR30508 PTHR30508:SF3","non-intrinsic ABC protein 6"
"211","Manes.09G038600.v8.1",171.331609386688,-0.30775998020426,0.0803262930337524,-3.83137287407179,0.00012743021193649,0.0118459764848033,"Manes.09G038600","","","metal ion binding",NA,"","GO:0046872","","","","","zinc finger protein 8"
"212","Manes.18G067900.v8.1",10.1708574085176,-0.442175763687965,0.115435833883359,-3.83048962192067,0.000127888527513281,0.0118459764848033,"Manes.18G067900","","","membrane; transmembrane transport",NA,"(1 of 1) PTHR23500:SF44 - SUGAR TRANSPORT PROTEIN 5","GO:0016020 GO:0016021 GO:0022891 GO:0055085","KOG0254","","PF07690","PTHR23500 PTHR23500:SF44","Major facilitator superfamily protein"
"213","Manes.04G148000.v8.1",8167.57327377571,-0.170238326943995,0.0444765141738316,-3.82760047872991,0.000129398566792891,0.0119295758502911,"Manes.04G148000","","","nucleic acid binding",NA,"(1 of 4) K13201 - nucleolysin TIA-1/TIAR (TIA1, TIAL1)","GO:0003676","KOG0148","K13201","PF00076","PTHR24012 PTHR24012:SF379","oligouridylate binding protein 1B"
"214","Manes.01G060400.v8.1",1789.20692759843,-0.194505511700664,0.0508417536044752,-3.82570422754936,0.00013039877754387,0.011965611189855,"Manes.01G060400","","","nucleic acid binding",NA,"(1 of 6) K12897 - transformer-2 protein (TRA2)","GO:0003676","KOG4207","K12897","PF00076","PTHR15241",""
"215","Manes.07G025100.v8.1",6.02703122658344,0.741608388511756,0.194245102436593,3.81790006136107,0.000134592422847692,0.0121958313652156,"Manes.07G025100","PWY-841; PWY-6121","superpathway of purine nucleotides <i>de novo</i> biosynthesis I; 5-aminoimidazole ribonucleotide biosynthesis I","phosphoribosylamine-glycine ligase activity; ATP binding; purine nucleobase biosynthetic process; metal ion binding",NA,"(1 of 1) 6.3.4.13 - Phosphoribosylamine--glycine ligase / Phosphoribosylglycinamide synthetase","GO:0004637 GO:0005524 GO:0009113 GO:0046872","","K01945","PF02843 PF02844 PF13535","PTHR10520 PTHR10520:SF36","Glycinamide ribonucleotide (GAR) synthetase"
"216","Manes.07G056100.v8.1",90.6905394475799,-0.256892973037261,0.0672922210512749,-3.81757310167419,0.000134770861447868,0.0121958313652156,"Manes.07G056100","PWY-5464; PWY-5723; PWY-1042; ANAGLYCOLYSIS-PWY; ANAEROFRUCAT-PWY","superpathway of cytosolic glycolysis (plants), pyruvate dehydrogenase and TCA cycle; Rubisco shunt; glycolysis IV (plant cytosol); glycolysis III (from glucose); homolactic fermentation","magnesium ion binding; pyruvate kinase activity; glycolytic process; potassium ion binding","carb","(1 of 2) PTHR11817//PTHR11817:SF21 - PYRUVATE KINASE // SUBFAMILY NOT NAMED","GO:0000287 GO:0004743 GO:0006096 GO:0030955","KOG2323","K00873","PF00224 PF02887","PTHR11817 PTHR11817:SF21",""
"217","Manes.12G003000.v8.1",91.0770244617761,0.323941483278662,0.0848201075377114,3.81915907303744,0.000133907392525088,0.0121958313652156,"Manes.12G003000","","","DNA binding; RNA binding; ribonuclease III activity; protein binding; ATP binding; RNA processing; hydrolase activity; RNA endonuclease activity, producing 5'-phosphomonoesters",NA,"(1 of 5) K11592 - endoribonuclease Dicer (DICER1, DCR1)","GO:0003677 GO:0003723 GO:0004525 GO:0005515 GO:0005524 GO:0006396 GO:0016787 GO:0016891","","K11592","PF00271 PF00636 PF02170 PF03368 PF04851","PTHR14950 PTHR14950:SF19","dicer-like 2"
"218","Manes.03G095600.v8.1",1276.45579103394,-0.155821722972982,0.0408464773243519,-3.81481423075092,0.000136285417996668,0.0122202591470346,"Manes.03G095600","","","",NA,"(1 of 1) PTHR16196//PTHR16196:SF0 - CELL CYCLE CONTROL PROTEIN CWF25 // PRE-MRNA-SPLICING FACTOR CWC25 HOMOLOG","","KOG3869","","PF10197 PF12542","PTHR16196 PTHR16196:SF0","CBF1-interacting co-repressor CIR, N-terminal;Pre-mRNA splicing factor"
"219","Manes.18G085000.v8.1",53.8230567639653,-0.358196811713347,0.0938699556089114,-3.81588346761018,0.000135696538478806,0.0122202591470346,"Manes.18G085000","","","metabolic process; amino acid binding",NA,"(1 of 1) PTHR31096//PTHR31096:SF5 - FAMILY NOT NAMED // ACR3","GO:0008152 GO:0016597","","","PF01842","PTHR31096 PTHR31096:SF5","ACT domain repeat 3"
"220","Manes.11G151900.v8.1",63.8641796756708,-0.360723214610522,0.0945979890173579,-3.81322286401176,0.000137166318890019,0.0122433409274696,"Manes.11G151900","","","",NA,"(1 of 6) PF07795 - Protein of unknown function (DUF1635) (DUF1635)","","","","PF07795","PTHR33431 PTHR33431:SF3","Protein of unknown function (DUF1635)"
"221","Manes.08G062600.v8.1",16801.5519564763,-0.276534330048627,0.0725615588819425,-3.8110307208056,0.000138388565921108,0.0122827217321472,"Manes.08G062600","","","nucleic acid binding",NA,"(1 of 2) KOG2953 - mRNA-binding protein Encore","GO:0003676","KOG2953","","PF01424 PF12752","PTHR15672 PTHR15672:SF15","Single-stranded nucleic acid binding R3H protein"
"222","Manes.18G027500.v8.1",2234.80374563497,0.187751762127223,0.0492761849287564,3.81019274115224,0.000138858492872469,0.0122827217321472,"Manes.18G027500","","","",NA,"","","","","","",""
"223","Manes.11G081400.v8.1",230.724708142527,-0.151437881649845,0.0398640080670238,-3.79886240729309,0.000145361758856087,0.0128003087832152,"Manes.11G081400","","","",NA,"(1 of 2) PTHR31421//PTHR31421:SF3 - FAMILY NOT NAMED // PROTEIN BASIC PENTACYSTEINE4-RELATED","","","","PF06217","PTHR31421 PTHR31421:SF3","basic pentacysteine 4"
"224","Manes.02G086700.v8.1",96.1292582274468,0.180218000534095,0.047488228090156,3.79500368369089,0.000147641264120055,0.0128558015005423,"Manes.02G086700","","","protein binding; hydrolase activity",NA,"(1 of 3) K04460 - serine/threonine-protein phosphatase 5 (PPP5C)","GO:0005515 GO:0016787","","K04460","PF00149 PF13414","PTHR11668 PTHR11668:SF21",""
"225","Manes.04G050100.v8.1",2538.07295386148,-0.137759657181858,0.0363104551895601,-3.79393914129355,0.000148276031258679,0.0128558015005423,"Manes.04G050100","","","phospholipid binding",NA,"(1 of 3) K12471 - epsin (EPN)","GO:0005543","KOG2056","K12471","PF07651","PTHR12276 PTHR12276:SF45","ENTH/VHS family protein"
"226","Manes.06G027400.v8.1",3.27365623270565,-1.11470283453856,0.293705340871624,-3.7953100588177,0.000147459052930631,0.0128558015005423,"Manes.06G027400","","","protein kinase activity; protein tyrosine kinase activity; ATP binding; protein phosphorylation; signal transduction",NA,"(1 of 25) PF03822//PF14531 - NAF domain (NAF) // Kinase-like (Kinase-like)","GO:0004672 GO:0004713 GO:0005524 GO:0006468 GO:0007165","KOG0583","","PF03822 PF14531","PTHR24343 PTHR24343:SF123","CBL-interacting protein kinase 21"
"227","Manes.07G091300.v8.1",12772.6745131057,-0.511715800909669,0.13489706752182,-3.79337972507741,0.00014861062996502,0.0128558015005423,"Manes.07G091300","","","metal ion binding",NA,"(1 of 9) PF01439 - Metallothionein (Metallothio_2)","GO:0046872","","","PF01439","PTHR33543",""
"228","Manes.10G141601.v8.1",48.0121508824432,0.506097894366009,0.133474375140753,3.79172327146925,0.000149605563800859,0.0128851072647257,"Manes.10G141601","","","ADP binding",NA,"(1 of 86) PTHR23155//PTHR23155:SF563 - LEUCINE-RICH REPEAT-CONTAINING PROTEIN // SUBFAMILY NOT NAMED","GO:0043531","KOG4658","","PF00931","PTHR23155 PTHR23155:SF563",""
"229","Manes.10G073700.v8.1",520.217319092981,-0.129793238629307,0.0342440615917899,-3.79024077740897,0.000150501325055258,0.0128929597563566,"Manes.10G073700","","","",NA,"(1 of 1) 3.1.1.53 - Sialate O-acetylesterase","","","","PF03629","PTHR31988 PTHR31988:SF2","Domain of unknown function (DUF303)"
"230","Manes.11G095000.v8.1",7.09061769099759,-0.789890886686597,0.208447325961977,-3.78940282894626,0.000151009866270918,0.0128929597563566,"Manes.11G095000","","","actin binding; intracellular anatomical structure; actin cytoskeleton; actin filament depolymerization",NA,"(1 of 2) PTHR11913//PTHR11913:SF16 - COFILIN-RELATED // ACTIN-DEPOLYMERIZING FACTOR 5-RELATED","GO:0003779 GO:0005622 GO:0015629 GO:0030042","KOG1735","K05765","PF00241","PTHR11913 PTHR11913:SF16","actin depolymerizing factor 5"
"231","Manes.08G052000.v8.1",2974.33370319974,-0.181532505607575,0.0479760829452143,-3.78381256791794,0.000154444149871944,0.013129089917902,"Manes.08G052000","PWY-1801","formaldehyde oxidation II (glutathione-dependent)","proteolysis; serine-type peptidase activity; S-formylglutathione hydrolase activity; formaldehyde catabolic process",NA,"(1 of 1) 3.1.2.12 - S-formylglutathione hydrolase","GO:0006508 GO:0008236 GO:0018738 GO:0046294","KOG3101","K01070","PF00326","PTHR10061","S-formylglutathione hydrolase"
"232","Manes.16G025800.v8.1",252.694561154722,-0.238560854404694,0.063065974353901,-3.78271892012617,0.000155124555226792,0.0131300900473643,"Manes.16G025800","","","",NA,"(1 of 4) PTHR13780//PTHR13780:SF39 - AMP-ACTIVATED PROTEIN KINASE, GAMMA REGULATORY SUBUNIT // CBS DOMAIN-CONTAINING PROTEIN-RELATED","","KOG1764","","PF00571","PTHR13780 PTHR13780:SF39",""
"233","Manes.10G072100.v8.1",1909.2423302271,-0.160817796846943,0.0425648256010046,-3.77818526391772,0.000157975342018964,0.0133139991039759,"Manes.10G072100","","","structural constituent of ribosome; intracellular anatomical structure; ribosome; translation",NA,"(1 of 3) K02938 - large subunit ribosomal protein L8e (RP-L8e, RPL8)","GO:0003735 GO:0005622 GO:0005840 GO:0006412","KOG2309","K02938","PF00181 PF03947","PTHR13691 PTHR13691:SF18","Ribosomal protein L2 family"
"234","Manes.03G084800.v8.1",258.854744511285,0.219423916023584,0.0581025046525983,3.77649668177897,0.000159049677481173,0.0133472586183666,"Manes.03G084800","","","hydrolase activity",NA,"(1 of 7) K04382 - serine/threonine-protein phosphatase 2A catalytic subunit (PPP2C)","GO:0016787","","K04382","PF00149","PTHR11668 PTHR11668:SF287",""
"235","Manes.17G079800.v8.1",6.00168200832543,-0.536078698979034,0.142122146548821,-3.77195751680323,0.000161971838061789,0.0135346424851887,"Manes.17G079800","","","defense response; response to biotic stimulus",NA,"(1 of 13) PTHR31907:SF4 - MLP-LIKE PROTEIN 165-RELATED","GO:0006952 GO:0009607","","","PF00407","PTHR31907 PTHR31907:SF4","MLP-like protein 31"
"236","Manes.03G076700.v8.1",88.756470872589,0.458964984129621,0.121829955958212,3.76725888571318,0.000165049820381218,0.0137334039102796,"Manes.03G076700","","","",NA,"","","","","","PTHR33727",""
"237","Manes.08G103000.v8.1",373.604788629429,0.548560358415182,0.145669335154618,3.76579159802522,0.000166022232568607,0.0137560277677204,"Manes.08G103000","","","",NA,"(1 of 1) PTHR31969//PTHR31969:SF3 - FAMILY NOT NAMED // GEM-LIKE PROTEIN 5","","","","PF02893","PTHR31969 PTHR31969:SF3","GRAM domain family protein"
"238","Manes.16G098600.v8.1",89.3376313999732,0.191380924652309,0.0509480838935036,3.75639101663472,0.000172381288682009,0.0142229048985236,"Manes.16G098600","PWY-724; THRESYN-PWY; PWY-3001; HOMOSER-THRESYN-PWY","superpathway of L-lysine, L-threonine and L-methionine biosynthesis II; superpathway of L-threonine biosynthesis; superpathway of L-isoleucine biosynthesis I; L-threonine biosynthesis","",NA,"(1 of 2) 4.2.3.1 - Threonine synthase","","","K01733","PF00291","PTHR10314 PTHR10314:SF125","Pyridoxal-5'-phosphate-dependent enzyme family protein"
"239","Manes.18G057444.v8.1",1.31148724939762,-1.15037399528913,0.306434443696572,-3.75406230909282,0.000173991582491316,0.0142361362724249,"Manes.18G057444","","","protein kinase activity; protein tyrosine kinase activity; ATP binding; protein phosphorylation",NA,"(1 of 3) PTHR23257:SF349 - PROTEIN KINASE FAMILY PROTEIN","GO:0004672 GO:0004713 GO:0005524 GO:0006468","KOG0192","","PF07714 PF14381","PTHR23257 PTHR23257:SF349","Protein kinase superfamily protein"
"240","Manes.18G097800.v8.1",43.9817812725801,-0.353782716950415,0.094214388731331,-3.75508159331468,0.000173285017533105,0.0142361362724249,"Manes.18G097800","PWY-6352","3-phosphoinositide biosynthesis","ATP binding; phosphatidylinositol metabolic process",NA,"(1 of 2) PTHR11353//PTHR11353:SF107 - CHAPERONIN // 1-PHOSPHATIDYLINOSITOL-3-PHOSPHATE 5-KINASE FAB1D-RELATED","GO:0005524 GO:0016307 GO:0046488","","","PF00118 PF01504","PTHR11353 PTHR11353:SF107","FORMS APLOID AND BINUCLEATE CELLS 1A"
"241","Manes.09G066900.v8.1",30.3400791743109,0.260586430576955,0.0694576468475792,3.7517313413856,0.00017561759890306,0.0142504247506587,"Manes.09G066900","","","",NA,"(1 of 2) KOG3918 - Predicted membrane protein","","KOG3918","","PF10270","PTHR21181","(1 of 1) KOG3918 - Predicted membrane protein"
"242","Manes.12G139600.v8.1",16.2430171765363,-0.413621230623084,0.110223484244858,-3.75256900520618,0.000175031630599593,0.0142504247506587,"Manes.12G139600","","","protein binding; zinc ion binding",NA,"(1 of 5) K16282 - E3 ubiquitin-protein ligase RHA2 [EC:6.3.2.19] (RHA2)","GO:0005515 GO:0008270","","K16282","PF13639","PTHR14155 PTHR14155:SF175",""
"243","Manes.03G069664.v8.1",3.4432411183838,-0.701723488182643,0.187354323369835,-3.74543525636955,0.000180081285982004,0.0145524947029984,"Manes.03G069664","","","",NA,"","","","","","",""
"244","Manes.15G155400.v8.1",284.063306854222,0.400891403152519,0.107314448520186,3.73567034710253,0.000187215793205381,0.0150670349638282,"Manes.15G155400","","","",NA,"(1 of 1) PTHR34278//PTHR34278:SF1 - FAMILY NOT NAMED // GB|AAC02775.1","","","","","PTHR34278 PTHR34278:SF1","(1 of 1) PTHR34278:SF1 - GB"
"245","Manes.01G005700.v8.1",22.4205413359059,0.175765749732167,0.0471757724313409,3.72576304898822,0.000194725263173653,0.0154970480892899,"Manes.01G005700","","","double-stranded DNA binding; mitochondrion; regulation of DNA-templated transcription",NA,"(1 of 7) PTHR13068//PTHR13068:SF18 - CGI-12 PROTEIN-RELATED // EMB|CAB62602.1","GO:0003690 GO:0005739 GO:0006355","KOG1267","","PF02536","PTHR13068 PTHR13068:SF18","Mitochondrial transcription termination factor family protein"
"246","Manes.06G149700.v8.1",2.01336554532447,-0.896727267518654,0.240699676985551,-3.7255025796004,0.000194926459136049,0.0154970480892899,"Manes.06G149700","","","",NA,"","","","","","PTHR34937 PTHR34937:SF2",""
"247","Manes.09G085800.v8.1",115.587852576885,0.1349213822496,0.0362125901329106,3.72581419209176,0.000194685781320191,0.0154970480892899,"Manes.09G085800","","","protein binding",NA,"(1 of 2) PTHR26312//PTHR26312:SF76 - FAMILY NOT NAMED // TETRATRICOPEPTIDE REPEAT DOMAIN-CONTAINING PROTEIN","GO:0005515","","","PF13371 PF14559","PTHR26312 PTHR26312:SF76","Tetratricopeptide repeat (TPR)-like superfamily protein"
"248","Manes.02G048440.v8.1",16237.2120227692,-0.200630869544424,0.0539355927376123,-3.71982320692126,0.000199362279092261,0.0157857946553819,"Manes.02G048440","","","",NA,"(1 of 3) PTHR33971//PTHR33971:SF1 - FAMILY NOT NAMED // GENOMIC DNA, CHROMOSOME 3, P1 CLONE:MRI12","","","","","PTHR33971 PTHR33971:SF1","(1 of 2) PTHR33971:SF1 - GENOMIC DNA, CHROMOSOME 3, P1 CLONE:MRI12"
"249","Manes.06G062600.v8.1",56.4778439228989,0.177506408877549,0.0477657400183914,3.71618672314514,0.000202252138205834,0.0158865009517918,"Manes.06G062600","","","protein binding",NA,"(1 of 2) K12200 - programmed cell death 6-interacting protein (PDCD6IP, ALIX, RIM20)","GO:0005515","","K12200","PF03097 PF13949","PTHR23030 PTHR23030:SF13","Endosomal targeting BRO1-like domain-containing protein"
"250","Manes.15G087900.v8.1",140.593450822667,0.124005267957396,0.033361042434511,3.71706814020644,0.000201548097963148,0.0158865009517918,"Manes.15G087900","","","",NA,"(1 of 1) PTHR36404:SF1 - PROTEIN EMBRYO DEFECTIVE 2737","","","","","PTHR36404 PTHR36404:SF1","embryo defective 2737"
"251","Manes.16G123300.v8.1",601.41277904885,-0.155440939542679,0.041897263163129,-3.71004996048219,0.000207218350475796,0.0162117400330407,"Manes.16G123300","","","vesicle-mediated transport",NA,"(1 of 2) PTHR21136//PTHR21136:SF104 - SNARE PROTEINS // SUBFAMILY NOT NAMED","GO:0016021 GO:0016192","KOG0859","K08515","PF00957 PF13774","PTHR21136 PTHR21136:SF104","vesicle-associated membrane protein 711"
"252","Manes.18G036600.v8.1",94.2774764717019,0.110213979756976,0.0297176801259488,3.70870065529577,0.000208325536950572,0.0162336847980094,"Manes.18G036600","","","",NA,"(1 of 2) PTHR33926//PTHR33926:SF2 - FAMILY NOT NAMED // PROTEIN TIC 22, CHLOROPLASTIC","","","","PF04278","PTHR33926 PTHR33926:SF2","Tic22-like family protein"
"253","Manes.15G082700.v8.1",472.730047905776,-0.373299366339692,0.100697794443011,-3.7071255473322,0.000209625036565773,0.0162703827788225,"Manes.15G082700","","","monoatomic ion channel activity; monoatomic ion transport; membrane; transmembrane transport",NA,"(1 of 2) PTHR10217//PTHR10217:SF476 - VOLTAGE AND LIGAND GATED POTASSIUM CHANNEL // CYCLIC NUCLEOTIDE-GATED ION CHANNEL 4","GO:0005216 GO:0006811 GO:0016020 GO:0055085","","","PF00520","PTHR10217 PTHR10217:SF476","cyclic nucleotide-gated cation channel 4"
"254","Manes.17G020000.v8.1",357.869534091721,0.21102528450872,0.0570019587032779,3.70207075878228,0.00021384695553383,0.0164875886597092,"Manes.17G020000","","","",NA,"(1 of 20) PF04570 - zinc-finger of the FCS-type, C2-C2 (zf-FLZ)","","","","PF04570","PTHR33059 PTHR33059:SF31","Protein of unknown function (DUF581)"
"255","Manes.18G059600.v8.1",90.2703583034627,0.109819667498108,0.0296668188301665,3.70176755811913,0.000214102719775212,0.0164875886597092,"Manes.18G059600","","","intracellular protein transport; vesicle-mediated transport; clathrin adaptor complex",NA,"(1 of 3) K12402 - AP-4 complex subunit mu-1 (AP4M1)","GO:0006886 GO:0016192 GO:0030131","KOG0937","K12402","PF00928 PF01217","PTHR10529 PTHR10529:SF242","Clathrin adaptor complexes medium subunit family protein"
"256","Manes.01G039400.v8.1",3.70248019370534,0.562112295911913,0.151980271769517,3.69858725324807,0.000216802822778564,0.016599251225488,"Manes.01G039400","","","",NA,"(1 of 28) PF04398 - Protein of unknown function, DUF538 (DUF538)","","","","PF04398","PTHR31676 PTHR31676:SF20","Protein of unknown function, DUF538"
"257","Manes.02G037400.v8.1",18.4970632299463,1.13558979708448,0.307248391637513,3.69599915896138,0.000219023696628915,0.016599251225488,"Manes.02G037400","","","",NA,"(1 of 25) PF14547 - Hydrophobic seed protein (Hydrophob_seed)","","","","PF14547","PTHR31731","Bifunctional inhibitor/lipid-transfer protein/seed storage 2S albumin superfamily protein"
"258","Manes.07G004400.v8.1",408.321976777972,-0.233755490192773,0.0632216963439867,-3.69739351694897,0.00021782454164313,0.016599251225488,"Manes.07G004400","","","DNA binding; zinc ion binding",NA,"(1 of 2) PTHR10634//PTHR10634:SF22 - AN1-TYPE ZINC FINGER PROTEIN // ZINC FINGER A20 AND AN1 DOMAIN-CONTAINING STRESS-ASSOCIATED PROTEIN 5","GO:0003677 GO:0008270","KOG3173","","PF01428 PF01754","PTHR10634 PTHR10634:SF22","A20/AN1-like zinc finger family protein"
"259","Manes.08G060000.v8.1",116.892782435929,-0.190300902278429,0.0515005417727781,-3.69512427884822,0.000219779259491108,0.016599251225488,"Manes.08G060000","","","",NA,"(1 of 2) PTHR22950:SF269 - EXPRESSED PROTEIN","","KOG1303","K15015","PF01490","PTHR22950 PTHR22950:SF269","Transmembrane amino acid transporter family protein"
"260","Manes.12G043800.v8.1",307.400114256664,-0.194094777372648,0.0525271239821856,-3.69513429744363,0.000219770593410666,0.016599251225488,"Manes.12G043800","","","",NA,"(1 of 1) KOG2857 - Predicted MYND Zn-finger protein/hormone receptor interactor","","KOG2857","","PF04438","PTHR13483 PTHR13483:SF8","HIT-type Zinc finger family protein"
"261","Manes.06G076700.v8.1",127.575359039337,0.178079193686757,0.0482225357646511,3.69286249391505,0.000221743935493528,0.0166374011562168,"Manes.06G076700","PWY3O-450; PWY4FS-2; PWY-3561; PWY4FS-6","phosphatidylcholine biosynthesis I; phosphatidylcholine biosynthesis II; choline biosynthesis III; phosphatidylethanolamine biosynthesis II","phospholipid biosynthetic process; membrane; phosphotransferase activity, for other substituted phosphate groups",NA,"(1 of 2) 2.7.8.2 - Diacylglycerol cholinephosphotransferase / Phosphorylcholine--glyceride transferase","GO:0008654 GO:0016020 GO:0016780","KOG2877","K00993","PF01066","PTHR10414 PTHR10414:SF46","aminoalcoholphosphotransferase 1"
"262","Manes.16G094900.v8.1",245.77980137878,-0.393091419342499,0.10645402525614,-3.69259328988903,0.000221978871667199,0.0166374011562168,"Manes.16G094900","","","serine-type endopeptidase activity; proteolysis",NA,"(1 of 1) KOG1153 - Subtilisin-related protease/Vacuolar protease B","GO:0004252 GO:0006508","KOG1153","","PF00082 PF02225 PF05922","PTHR10795 PTHR10795:SF434","Subtilase family protein"
"263","Manes.10G006600.v8.1",1636.85998915038,-0.166747258862316,0.0451849605536091,-3.69032653385811,0.000223966372998318,0.0166591957066969,"Manes.10G006600","","","protein binding; intracellular protein transport",NA,"(1 of 2) K15296 - alpha-soluble NSF attachment protein (NAPA, SNAPA, SEC17)","GO:0005515 GO:0006886","KOG1586","K15296","PF14938","PTHR13768 PTHR13768:SF8","alpha-soluble NSF attachment protein 2"
"264","Manes.16G007000.v8.1",3.85250316944767,0.704081202203232,0.190754027318405,3.69104239685586,0.00022333690369472,0.0166591957066969,"Manes.16G007000","PWY-6126; PWY-841; PWY-7229; PWY-7219","superpathway of adenosine nucleotides <i>de novo</i> biosynthesis II; superpathway of purine nucleotides <i>de novo</i> biosynthesis I; superpathway of adenosine nucleotides <i>de novo</i> biosynthesis I; adenosine ribonucleotides <i>de novo</i> biosynthesis","proton motive force-driven ATP synthesis; proton-transporting ATP synthase complex, catalytic core F(1); proton-transporting ATP synthase activity, rotational mechanism; proton-transporting ATPase activity, rotational mechanism",NA,"(1 of 2) K02115 - F-type H+-transporting ATPase subunit gamma (ATPF1G, atpG)","GO:0015986 GO:0045261 GO:0046933 GO:0046961","KOG1531","K02115","PF00231","PTHR11693 PTHR11693:SF21","ATPase, F1 complex, gamma subunit protein"
"265","Manes.13G096400.v8.1",322.991440826565,0.279473332869439,0.0757810199177638,3.6879067235136,0.000226106500526433,0.0166919298903668,"Manes.13G096400","","","",NA,"(1 of 1) PTHR12736//PTHR12736:SF14 - LANC-LIKE PROTEIN // LANC-LIKE PROTEIN GCL1","","","","PF05147","PTHR12736 PTHR12736:SF14","GCR2-like 1"
"266","Manes.14G037400.v8.1",176.381644909213,-0.225004236544123,0.0609995539639609,-3.68862101314802,0.000225472780319166,0.0166919298903668,"Manes.14G037400","","","",NA,"","","","","","PTHR33625 PTHR33625:SF3","Uncharacterised conserved protein (UCP012943)"
"267","Manes.02G046800.v8.1",12.4350420733147,0.714698001970546,0.194044569194925,3.68316415623364,0.000230356711356762,0.0169420027749541,"Manes.02G046800","","","structural constituent of ribosome; intracellular anatomical structure; ribosome; translation",NA,"(1 of 1) PTHR10759//PTHR10759:SF12 - 60S RIBOSOMAL PROTEIN L34 // SUBFAMILY NOT NAMED","GO:0003735 GO:0005622 GO:0005840 GO:0006412","","","PF07891","PTHR10759 PTHR10759:SF12","Protein of unknown function (DUF1666)"
"268","Manes.01G236000.v8.1",9.74459506455137,-0.425293451486279,0.115538402848394,-3.68097049120832,0.000232347896933621,0.0170246852689758,"Manes.01G236000","","","hydrolase activity",NA,"(1 of 1) PTHR21562//PTHR21562:SF12//PTHR21562:SF5 - NOTUM-RELATED // PECTINACETYLESTERASE FAMILY PROTEIN // PECTINACETYLESTERASE FAMILY PROTEIN","GO:0016787","","","PF03283","PTHR21562 PTHR21562:SF12","Pectinacetylesterase family protein"
"269","Manes.09G058128.v8.1",5.91926116057062,-0.643178065515099,0.174973688097155,-3.67585591016389,0.000237053299051823,0.0173048908307831,"Manes.09G058128","","","hydrolase activity, hydrolyzing O-glycosyl compounds; carbohydrate metabolic process; carbohydrate binding; beta-galactosidase activity; beta-galactosidase complex",NA,"(1 of 3) PF01301//PF02140//PF02449 - Glycosyl hydrolases family 35 (Glyco_hydro_35) // Galactose binding lectin domain (Gal_Lectin) // Beta-galactosidase (Glyco_hydro_42)","GO:0004553 GO:0005975 GO:0030246","","","PF01301 PF02140","PTHR23421 PTHR23421:SF49",""
"270","Manes.07G063442.v8.1",39.1965146207647,0.18735034833641,0.0510603381699878,3.6691952119998,0.000243315234534039,0.0176962268909072,"Manes.07G063442","","","",NA,"(1 of 1) PTHR11266//PTHR11266:SF18 - PEROXISOMAL MEMBRANE PROTEIN 2, PXMP2  MPV17 // 22 KDA PEROXISOMAL MEMBRANE PROTEIN","GO:0016021","KOG1944","K13348","PF04117","PTHR11266 PTHR11266:SF18","Peroxisomal membrane 22 kDa (Mpv17/PMP22) family protein"
"271","Manes.05G168400.v8.1",1.70096742047633,-0.860190562687485,0.234708943323475,-3.66492452527458,0.000247411533953185,0.0177964113268817,"Manes.05G168400","","","monooxygenase activity; iron ion binding; oxidoreductase activity, acting on paired donors, with incorporation or reduction of molecular oxygen; heme binding",NA,"(1 of 4) PTHR24298//PTHR24298:SF172 - FAMILY NOT NAMED // CYTOCHROME P450 82C2-RELATED","GO:0004497 GO:0005506 GO:0016705 GO:0020037 GO:0055114","KOG0156","","PF00067","PTHR24298 PTHR24298:SF172","cytochrome P450, family 82, subfamily C, polypeptide 4"
"272","Manes.16G102400.v8.1",11.95348391942,0.736362002160785,0.200901148569946,3.66529513346417,0.000247053511974088,0.0177964113268817,"Manes.16G102400","","","hydrolase activity, hydrolyzing O-glycosyl compounds; carbohydrate metabolic process; carbohydrate binding",NA,"(1 of 5) PTHR23421//PTHR23421:SF74 - BETA-GALACTOSIDASE RELATED // BETA-GALACTOSIDASE 1","GO:0004553 GO:0005975 GO:0030246","","","PF01301 PF02140","PTHR23421 PTHR23421:SF74",""
"273","Manes.16G119700.v8.1",768.075618784997,0.0878750397795293,0.0239685039649523,3.66627136629068,0.000246112757568595,0.0177964113268817,"Manes.16G119700","","","protein peptidyl-prolyl isomerization; peptidyl-prolyl cis-trans isomerase activity; protein folding",NA,"(1 of 3) K09566 - peptidyl-prolyl isomerase G (cyclophilin G) [EC:5.2.1.8] (PPIG)","GO:0000413 GO:0003755 GO:0006457","KOG0865 KOG0879","K09566","PF00160","PTHR11071 PTHR11071:SF255","Cyclophilin-like peptidyl-prolyl cis-trans isomerase family protein"
"274","Manes.04G044000.v8.1",4.89422802189469,1.00090120020526,0.273522781997492,3.65929738245508,0.000252907716687595,0.0180594503003429,"Manes.04G044000","","","intracellular anatomical structure; zinc ion binding",NA,"(1 of 2) PTHR31832//PTHR31832:SF8 - FAMILY NOT NAMED // B-BOX TYPE ZINC FINGER-CONTAINING PROTEIN-RELATED","GO:0005622 GO:0008270","","","PF00643","PTHR31832 PTHR31832:SF8","salt tolerance homologue"
"275","Manes.14G031100.v8.1",337.006550585995,0.33552030474705,0.0916824691209169,3.65959062800265,0.000252618490493248,0.0180594503003429,"Manes.14G031100","PWY-3801; GLYCOGENSYNTH-PWY; SUCSYN-PWY; PWY-7238; PWY-7343; GLUCOSE1PMETAB-PWY; PWY-622; PWY66-422","sucrose degradation II (sucrose synthase); glycogen biosynthesis I (from ADP-D-Glucose); sucrose biosynthesis I (from photosynthesis); sucrose biosynthesis II; UDP-glucose biosynthesis; glucose and glucose-1-phosphate degradation; starch biosynthesis; D-galactose degradation V (Leloir pathway)","carbohydrate metabolic process; intramolecular phosphotransferase activity","carb","(1 of 2) 5.4.2.5 - Phosphoglucomutase (glucose-cofactor) / Glucose-1-phosphate phosphotransferase","GO:0005975 GO:0016868 GO:0071704","","K01835","PF00408 PF02878 PF02879 PF02880","PTHR22573 PTHR22573:SF2","phosphoglucomutase"
"276","Manes.09G018700.v8.1",51.4926504655624,0.221802647961907,0.0607192243096171,3.65292294959006,0.00025927204829697,0.0184468304797377,"Manes.09G018700","","","",NA,"(1 of 599) PF13041 - PPR repeat family (PPR_2)","","","","PF13041","PTHR24015","ATP binding;nucleic acid binding;helicases"
"277","Manes.04G111000.v8.1",19641.0647726563,-0.240591677855476,0.0658996317364312,-3.65088046042099,0.000261342863368491,0.0185270390179316,"Manes.04G111000","","","protein binding",NA,"(1 of 3) PTHR10666//PTHR10666:SF150 - UBIQUITIN // POLYUBIQUITIN 3","GO:0005515","KOG0001 KOG0005","K08770","PF11976","PTHR10666 PTHR10666:SF150","polyubiquitin 10"
"278","Manes.14G128800.v8.1",5063.19807694423,0.157097688522865,0.043046770838428,3.6494651158043,0.000262786921519198,0.0185623984815558,"Manes.14G128800","PWY-7726; PWY-5136; PWY-6435; PWY-735; PWY-561; PWY-5138; VALDEG-PWY; PWY-7606; ILEUDEG-PWY; PWY-7036","(4Z,7Z,10Z,13Z,16Z)-docosa-4,7,10,13,16-pentaenoate biosynthesis (6-desaturase); fatty acid &beta;-oxidation II (peroxisome); 4-hydroxybenzoate biosynthesis V; jasmonic acid biosynthesis; superpathway of glyoxylate cycle and fatty acid degradation; unsaturated, even numbered fatty acid &beta;-oxidation; L-valine degradation I; docosahexaenoate biosynthesis III (6-desaturase, mammals); L-isoleucine degradation I; very long chain fatty acid biosynthesis II","GTPase activity; GTP binding; intracellular anatomical structure; intracellular protein transport; nucleocytoplasmic transport; signal transduction; small GTPase-mediated signal transduction; protein transport; membrane",NA,"(1 of 4) K07936 - GTP-binding nuclear protein Ran (RAN)","GO:0003924 GO:0005525 GO:0005622 GO:0006886 GO:0006913 GO:0007165 GO:0007264 GO:0015031 GO:0016020","KOG0096","K07936","PF00025","PTHR24071",""
"279","Manes.08G170300.v8.1",11.1142661284176,-0.390344117715534,0.107009343411657,-3.64775733847753,0.000264539303852126,0.0186192054112696,"Manes.08G170300","","","protein kinase activity; protein serine/threonine kinase activity; protein tyrosine kinase activity; ATP binding; protein phosphorylation",NA,"(1 of 4) K04688 - p70 ribosomal S6 kinase (RPS6KB)","GO:0004672 GO:0004674 GO:0004713 GO:0005524 GO:0006468","KOG0598","K04688","PF14531","PTHR24351 PTHR24351:SF80","serine/threonine protein kinase 2"
"280","Manes.11G134700.v8.1",12.4382671326543,0.400003235152978,0.109722255115672,3.64559801228369,0.000266770713483136,0.0187092017881012,"Manes.11G134700","","","",NA,"(1 of 2) PTHR33431:SF2 - GB|AAD24366.1","","","","PF07795","PTHR33431 PTHR33431:SF2","Protein of unknown function (DUF1635)"
"281","Manes.08G134300.v8.1",49.5027164636818,0.493577632119658,0.135449061778105,3.64400923594618,0.000268423780912446,0.0187581415863975,"Manes.08G134300","","","calcium ion binding",NA,"","GO:0005509","","","","PTHR34574 PTHR34574:SF1","calcium-binding EF hand family protein"
"282","Manes.01G016600.v8.1",364.704590597796,-0.186259827181974,0.0511476093424097,-3.64161354903316,0.000270934575924775,0.0187997959980028,"Manes.01G016600","CYSTSYN-PWY; PWY-6936","L-cysteine biosynthesis I; seleno-amino acid biosynthesis","cysteine synthase activity; cysteine biosynthetic process from serine",NA,"(1 of 1) PTHR10314:SF110 - CYSTEINE SYNTHASE","GO:0004124 GO:0006535","KOG1252","K01738","PF00291","PTHR10314 PTHR10314:SF110","O-acetylserine (thiol) lyase B"
"283","Manes.14G118700.v8.1",9.35563858771854,-0.795899127155476,0.218552334577222,-3.64168668660117,0.000270857599569541,0.0187997959980028,"Manes.14G118700","","","oxidoreductase activity",NA,"(1 of 2) PTHR10209//PTHR10209:SF218 - OXIDOREDUCTASE, 2OG-FE II  OXYGENASE FAMILY PROTEIN // SUBFAMILY NOT NAMED","GO:0016491 GO:0055114","KOG0143","","PF03171 PF14226","PTHR10209 PTHR10209:SF218",""
"284","Manes.05G169500.v8.1",92.2669893571502,-0.19941298145128,0.0547870612244996,-3.63978240472054,0.000272868528428034,0.0188673214533144,"Manes.05G169500","","","extracellular space",NA,"(1 of 3) K13963 - serpin B (SERPINB)","GO:0005615","KOG2392","K13963","PF00079","PTHR11461 PTHR11461:SF171","Serine protease inhibitor (SERPIN) family protein"
"285","Manes.13G079000.v8.1",137.526589780872,-0.152201396405091,0.0418384134104156,-3.63783862719805,0.000274935590115465,0.0189435445020961,"Manes.13G079000","","","",NA,"(1 of 11) PF01823 - MAC/Perforin domain (MACPF)","","","","PF01823","PTHR33199 PTHR33199:SF6",""
"286","Manes.02G126000.v8.1",23.3653486964003,-0.501513567939948,0.137930328670305,-3.63599197344564,0.000276912953694323,0.0190130757751588,"Manes.02G126000","PWY-6842","glutathione-mediated detoxification II","protein binding",NA,"(1 of 9) PTHR11260//PTHR11260:SF303 - GLUTATHIONE S-TRANSFERASE, GST, SUPERFAMILY, GST DOMAIN CONTAINING // GLUTATHIONE S-TRANSFERASE U1-RELATED","GO:0005515","KOG0406","K00799","PF00043 PF13417","PTHR11260 PTHR11260:SF303","glutathione S-transferase tau 7"
"287","Manes.10G105800.v8.1",1.67904051443657,-0.926632422495014,0.254917683914138,-3.63502605337936,0.000277952544638275,0.0190179586030028,"Manes.10G105800","PWY-5441; PWY-6054","S-methyl-L-methionine cycle; dimethylsulfoniopropanoate biosynthesis I (Wollastonia)","methyltransferase activity; biosynthetic process; pyridoxal phosphate binding",NA,"(1 of 2) 2.1.1.12 - Methionine S-methyltransferase","GO:0008168 GO:0009058 GO:0030170","","K08247","PF00155 PF12847","PTHR11751 PTHR11751:SF133","methionine S-methyltransferase"
"288","Manes.04G077500.v8.1",1340.22933760353,-0.181087419397015,0.0499253906787338,-3.62716078803067,0.000286554864279304,0.0194978995368202,"Manes.04G077500","","","ATP binding; ATP hydrolysis activity",NA,"(1 of 2) K06174 - ATP-binding cassette, sub-family E, member 1 (ABCE1)","GO:0005524 GO:0016887","","K06174","PF00005 PF00037 PF04068","PTHR19248","RNAse l inhibitor protein 2"
"289","Manes.08G065450.v8.1",72.9525187849982,0.226027983696123,0.0623215620230242,3.6268022873467,0.000286952842396549,0.0194978995368202,"Manes.08G065450","","","intracellular anatomical structure; intracellular protein transport",NA,"(1 of 2) PTHR13856//PTHR13856:SF93 - VHS DOMAIN CONTAINING PROTEIN FAMILY // SUBFAMILY NOT NAMED","GO:0005622 GO:0006886","KOG1087","","PF00790 PF03127","PTHR13856 PTHR13856:SF93","Target of Myb protein 1"
"290","Manes.06G043200.v8.1",9.86574984735876,0.684165135847372,0.188692499411929,3.6258205174006,0.000288045375504138,0.0195046449612923,"Manes.06G043200","","","",NA,"(1 of 2) PTHR31065//PTHR31065:SF11 - FAMILY NOT NAMED // PLATZ TRANSCRIPTION FACTOR FAMILY PROTEIN","","","","PF04640","PTHR31065 PTHR31065:SF11","PLATZ transcription factor family protein"
"291","Manes.03G173600.v8.1",126.079484670481,0.217013150710248,0.059933004579719,3.62092893943922,0.000293547139405507,0.0198088837680616,"Manes.03G173600","PWY-7528; PWY-7270; PWY-4361; PWY-5389","L-methionine salvage cycle I (bacteria and plants); L-methionine salvage cycle II (plants); <i>S</i>-methyl-5-thio-&alpha;-D-ribose 1-phosphate degradation; 3-methylthiopropanoate biosynthesis","acireductone dioxygenase [iron(II)-requiring] activity",NA,"(1 of 1) PTHR23418:SF4 - 1,2-DIHYDROXY-3-KETO-5-METHYLTHIOPENTENE DIOXYGENASE 4","GO:0010309 GO:0055114","KOG2107","K08967","PF07883","PTHR23418 PTHR23418:SF4","RmlC-like cupins superfamily protein"
"292","Manes.09G092900.v8.1",501.048842339297,-0.140443608802227,0.0388641206426653,-3.61370864642816,0.000301848239832214,0.0202992941287164,"Manes.09G092900","","","nucleus; DNA-templated transcription; leaf formation",NA,"(1 of 2) PTHR10641:SF457 - TRANSCRIPTION FACTOR AS1","GO:0005634 GO:0006351 GO:0010338","KOG0048","K09422","PF13921","PTHR10641 PTHR10641:SF457","myb-like HTH transcriptional regulator family protein"
"293","Manes.01G094100.v8.1",16.3895483709691,0.688990908638821,0.190773415939788,3.61156666008581,0.00030435282825607,0.0203284914573621,"Manes.01G094100","PWY-6010","apigenin glycosides biosynthesis","acyltransferase activity, transferring groups other than amino-acyl groups",NA,"(1 of 8) 2.3.1.115 - Isoflavone-7-O-beta-glucoside 6''-O-malonyltransferase / Flavone/flavonol 7-O-beta-D-glucoside malonyltransferase","GO:0016747","","","PF02458","PTHR31625 PTHR31625:SF5","HXXXD-type acyl-transferase family protein"
"294","Manes.09G144100.v8.1",9.90819165619988,-0.755783032299913,0.209249342330922,-3.61187769519802,0.000303987936322461,0.0203284914573621,"Manes.09G144100","","","DNA binding; regulation of DNA-templated transcription",NA,"(1 of 152) PF02365 - No apical meristem (NAM) protein (NAM)","GO:0003677 GO:0006355","","","PF02365","PTHR31719 PTHR31719:SF32","NAC domain containing protein 47"
"295","Manes.04G162000.v8.1",126.448147513629,0.132608942012445,0.0367703990734112,3.60640475366324,0.000310468742908808,0.0205968740016901,"Manes.04G162000","","","protein binding; ATP binding; zinc ion binding",NA,"(1 of 1) PTHR10799//PTHR10799:SF777 - SWI/SNF-RELATED MATRIX-ASSOCIATED ACTIN-DEPENDENT REGULATOR OF CHROMATIN SUBFAMILY-RELATED // DNA-BINDING PROTEIN-RELATED","GO:0005515 GO:0005524 GO:0008270","","","PF00176 PF00271 PF13923","PTHR10799 PTHR10799:SF777","SNF2 domain-containing protein / helicase domain-containing protein / zinc finger protein-related"
"296","Manes.08G167000.v8.1",684.190849355585,-0.145546618680938,0.0403541269890148,-3.60673441704137,0.000310074737766288,0.0205968740016901,"Manes.08G167000","","","",NA,"","","","","","PTHR31789 PTHR31789:SF5","Transducin/WD40 repeat-like superfamily protein"
"297","Manes.16G048600.v8.1",161.107147504493,0.161157892448117,0.044768400818164,3.59981347340712,0.000318445528937125,0.0210549321607351,"Manes.16G048600","","","",NA,"(1 of 1) PTHR12357:SF15 - METHYLATED RNA-BINDING PROTEIN 1","","","","PF04146","PTHR12357 PTHR12357:SF15","evolutionarily conserved C-terminal region 8"
"298","Manes.07G030900.v8.1",479.419142836225,-0.171812910844479,0.047752433163834,-3.59799280290087,0.000320682490548298,0.0210915584338913,"Manes.07G030900","","","",NA,"(1 of 7) KOG4249 - Uncharacterized conserved protein","","KOG4249","","PF04884","PTHR12770 PTHR12770:SF20","Protein of unknown function, DUF647"
"299","Manes.08G011400.v8.1",97.4553761098792,-0.308732312828818,0.085815811613342,-3.59761571934861,0.00032114762803552,0.0210915584338913,"Manes.08G011400","","","",NA,"(1 of 1) PTHR10343//PTHR10343:SF60 - 5'-AMP-ACTIVATED PROTEIN KINASE , BETA SUBUNIT // SNF1 PROTEIN KINASE SUBUNIT BETA-2-RELATED","","","","PF16561","PTHR10343 PTHR10343:SF60","5'-AMP-activated protein kinase-related"
"300","Manes.16G051000.v8.1",1406.90584859035,-0.188408462506986,0.0524123049588484,-3.59473720255033,0.000324719181473016,0.021255035221952,"Manes.16G051000","PWY-2541","plant sterol biosynthesis","monooxygenase activity; iron ion binding; oxidoreductase activity, acting on paired donors, with incorporation or reduction of molecular oxygen; heme binding",NA,"(1 of 2) K05917 - sterol 14-demethylase (CYP51)","GO:0004497 GO:0005506 GO:0016705 GO:0020037 GO:0055114","","K05917","PF00067","PTHR24286 PTHR24286:SF24","CYTOCHROME P450 51G1"
"301","Manes.08G008400.v8.1",34.785115360368,-0.435080292713149,0.121262196173418,-3.58793017480021,0.000333313519658231,0.0215924976006826,"Manes.08G008400","PWY-1121; PWY-7186; PWY1F-467","suberin monomers biosynthesis; superpathway of scopolin and esculin biosynthesis; phenylpropanoid biosynthesis, initial reactions","cytoplasm; L-phenylalanine catabolic process; ammonia-lyase activity",NA,"(1 of 6) 4.3.1.24 - Phenylalanine ammonia-lyase","GO:0005737 GO:0006559 GO:0016841","","K10775","PF00221","PTHR10362 PTHR10362:SF19","PHE ammonia lyase 1"
"302","Manes.08G164800.v8.1",4.40988576820113,-0.607181330860441,0.169264228982421,-3.58718043682756,0.000334273018821995,0.0215924976006826,"Manes.08G164800","","","iron ion binding; protein binding",NA,"","GO:0005506 GO:0005515","","","","PTHR17130","rubredoxin family protein"
"303","Manes.14G162100.v8.1",94.1889293563254,0.141338425807438,0.0393757737394165,3.58947678699081,0.000331342333191729,0.0215924976006826,"Manes.14G162100","","","",NA,"(1 of 6) K02936 - large subunit ribosomal protein L7Ae (RP-L7Ae, RPL7A)","","KOG3166","K02936","PF01248","PTHR23105 PTHR23105:SF41","Ribosomal protein L7Ae/L30e/S12e/Gadd45 family protein"
"304","Manes.18G113400.v8.1",177.677943412982,-0.273031835897716,0.0760813292020159,-3.58868383033563,0.000332351604696778,0.0215924976006826,"Manes.18G113400","","","protein binding; zinc ion binding",NA,"(1 of 270) PF13639 - Ring finger domain (zf-RING_2)","GO:0005515 GO:0008270","","","PF13639","PTHR22763",""
"305","Manes.18G066101.v8.1",4.33237919258246,-0.927917765738353,0.258778514566076,-3.5857604611971,0.000336097361037072,0.0216391602579835,"Manes.18G066101","","","nucleic acid binding",NA,"(1 of 17) KOG0149 - Predicted RNA-binding protein SEB4 (RRM superfamily)","GO:0003676","KOG0149","","PF00076","PTHR24012 PTHR24012:SF421","RNA-binding (RRM/RBD/RNP motifs) family protein"
"306","Manes.08G063400.v8.1",46.042504130779,-0.353826714903213,0.0987586538981569,-3.5827413693598,0.000340007203896662,0.0216776670873986,"Manes.08G063400","","","monooxygenase activity; iron ion binding; oxidoreductase activity, acting on paired donors, with incorporation or reduction of molecular oxygen; heme binding",NA,"(1 of 1) K09754 - coumaroylquinate(coumaroylshikimate) 3'-monooxygenase (CYP98A3, C3'H)","GO:0004497 GO:0005506 GO:0016705 GO:0020037 GO:0055114","","K09754","PF00067","PTHR24298 PTHR24298:SF0","cytochrome P450, family 98, subfamily A, polypeptide 3"
"307","Manes.09G073810.v8.1",535.850763136569,-0.371602227383127,0.103718564384672,-3.58279378033934,0.000339938968169762,0.0216776670873986,"Manes.09G073810","PWY-6824; PWY-5466; PWY-7445; PWY-7214","justicidin B biosynthesis; matairesinol biosynthesis; luteolin triglucuronide degradation; baicalein degradation (hydrogen peroxide detoxification)","peroxidase activity; response to oxidative stress; heme binding",NA,"(1 of 2) PTHR31235:SF11 - PEROXIDASE 21","GO:0004601 GO:0006979 GO:0020037 GO:0055114","","K00430","PF00141","PTHR31235 PTHR31235:SF11","Peroxidase superfamily protein"
"308","Manes.12G093900.v8.1",24.5085609989467,-0.910959448672878,0.254191492354685,-3.58375270641149,0.000338692767428331,0.0216776670873986,"Manes.12G093900","","","",NA,"(1 of 3) PTHR31003//PTHR31003:SF5 - MYB FAMILY TRANSCRIPTION FACTOR // MYB FAMILY TRANSCRIPTION FACTOR","","","","PF00249","PTHR31003 PTHR31003:SF5","Homeodomain-like superfamily protein"
"309","Manes.02G205100.v8.1",46.984269313531,-0.328857289217284,0.0918685889003757,-3.57964885662828,0.000344056217763933,0.0217242184830558,"Manes.02G205100","","","metal ion binding",NA,"(1 of 2) K09191 - general transcription factor IIIA (GTF3A)","GO:0046872","","K09191","","PTHR24375 PTHR24375:SF106","transcription factor IIIA"
"310","Manes.12G083100.v8.1",7.11182683917379,-0.470852703321283,0.131511448512947,-3.58031721683095,0.00034317733446039,0.0217242184830558,"Manes.12G083100","","","",NA,"(1 of 5) PTHR10641:SF643 - MYB TRANSCRIPTION FACTOR-RELATED","","KOG0048","K09422","PF00249","PTHR10641 PTHR10641:SF643",""
"311","Manes.15G043400.v8.1",339.19059901009,0.381796497113272,0.106631104511087,3.58053589394802,0.000342890233744336,0.0217242184830558,"Manes.15G043400","PWY-2724","alkane oxidation","oxidoreductase activity, acting on CH-OH group of donors; long-chain-alcohol oxidase activity",NA,"(1 of 4) 1.1.3.20 - Long-chain-alcohol oxidase","GO:0016614 GO:0046577 GO:0055114","","K17756","PF05199 PF13450","PTHR10668 PTHR10668:SF81","fatty alcohol oxidase 3"
"312","Manes.15G179456.v8.1",122.06317907103,-0.135719241974411,0.0379268210202786,-3.57845024506128,0.000345637649579395,0.0217541234768929,"Manes.15G179456","","","protein kinase activity; protein tyrosine kinase activity; ATP binding; protein phosphorylation",NA,"(1 of 1569) 2.7.11.1 - Non-specific serine/threonine protein kinase / Threonine-specific protein kinase","GO:0004672 GO:0004713 GO:0005524 GO:0006468","KOG1187","","PF00069","PTHR27001 PTHR27001:SF22","Protein kinase superfamily protein"
"313","Manes.01G232800.v8.1",2.93001856821127,-0.684659326235786,0.191384382275137,-3.57740437384023,0.000347023110377878,0.0217715425510875,"Manes.01G232800","","","",NA,"","","","","","PTHR12242 PTHR12242:SF6",""
"314","Manes.06G106400.v8.1",324.942979948985,-0.152746437177759,0.0427174243051067,-3.57574080512852,0.000349237539556846,0.0218406928798656,"Manes.06G106400","THIOREDOX-PWY","thioredoxin pathway","electron transfer activity; protein-disulfide reductase activity; cell redox homeostasis",NA,"(1 of 3) PTHR10168:SF73 - GLUTAREDOXIN-C1","GO:0009055 GO:0015035 GO:0045454","KOG1752","","PF00462","PTHR10168 PTHR10168:SF73","Thioredoxin superfamily protein"
"315","Manes.01G121500.v8.1",64.9324761292476,-0.297512486783365,0.0832396041649339,-3.57416988905742,0.000351340763134544,0.0218930361163957,"Manes.01G121500","","","metal ion binding",NA,"","GO:0046872","","","","","zinc finger protein 4"
"316","Manes.04G058800.v8.1",599.972704251719,-0.118154190862554,0.0330720839425894,-3.57262611777535,0.000353419180572258,0.0218930361163957,"Manes.04G058800","PWY-6351; PWY-7625; PWY-6352","D-<i>myo</i>-inositol (1,4,5)-trisphosphate biosynthesis; phosphatidylinositol biosynthesis II (eukaryotes); 3-phosphoinositide biosynthesis","phospholipid biosynthetic process; membrane; phosphotransferase activity, for other substituted phosphate groups",NA,"(1 of 1) K00999 - CDP-diacylglycerol--inositol 3-phosphatidyltransferase (CDIPT)","GO:0008654 GO:0016020 GO:0016780","KOG3240","K00999","PF01066","PTHR15362 PTHR15362:SF4","phosphatidylinositol synthase 1"
"317","Manes.18G079200.v8.1",255.901493894388,-0.142172306764832,0.0397888609209179,-3.57316855708451,0.000352687574230146,0.0218930361163957,"Manes.18G079200","","","cysteine-type deubiquitinase activity; protein binding",NA,"(1 of 1) K11858 - ubiquitin carboxyl-terminal hydrolase 48 [EC:3.4.19.12] (USP48)","GO:0004843 GO:0005515","KOG1863","K11858","PF13423","PTHR24006","ubiquitin-specific protease 26"
"318","Manes.01G066400.v8.1",8.27549709023517,0.477626424969779,0.133760810416343,3.5707500835493,0.000355960409517748,0.0219811149738994,"Manes.01G066400","","","",NA,"(1 of 2) PTHR31636:SF16 - SCARECROW-LIKE PROTEIN 28","","","","PF03514","PTHR31636 PTHR31636:SF16","GRAS family transcription factor"
"319","Manes.07G009200.v8.1",5.78735846367838,-0.419244269928434,0.117533659847483,-3.56701450863068,0.000361071496319827,0.022019754575256,"Manes.07G009200","PWY-361","phenylpropanoid biosynthesis","catalytic activity",NA,"(1 of 18) PTHR10366//PTHR10366:SF332 - NAD DEPENDENT EPIMERASE/DEHYDRATASE // SUBFAMILY NOT NAMED","GO:0003824 GO:0050662","KOG1502","","PF01370","PTHR10366 PTHR10366:SF332",""
"320","Manes.13G069750.v8.1",674.232785747757,-0.199095111648367,0.0557949340342045,-3.56833671541423,0.000359254631678846,0.022019754575256,"Manes.13G069750","","","transporter activity; transport; membrane",NA,"(1 of 3) K09875 - aquaporin SIP (SIP)","GO:0005215 GO:0006810 GO:0016020","KOG0223","K09875","PF00230","PTHR19139 PTHR19139:SF75","small and basic intrinsic protein 1A"
"321","Manes.15G036800.v8.1",138.165586648362,-0.328966557554988,0.0921861162925596,-3.56850435602458,0.000359024885795265,0.022019754575256,"Manes.15G036800","","","nucleosome; DNA binding; nucleus; nucleosome assembly",NA,"(1 of 2) PTHR11467//PTHR11467:SF44 - HISTONE H1/H5 // SUBFAMILY NOT NAMED","GO:0000786 GO:0003677 GO:0005634 GO:0006334","KOG4012","K11275","PF00538","PTHR11467 PTHR11467:SF44",""
"322","Manes.15G040500.v8.1",617.988815361982,0.107067612427694,0.0300117853151025,3.56751893642978,0.000360377343018358,0.022019754575256,"Manes.15G040500","","","DNA photolyase activity; DNA repair",NA,"(1 of 1) K12119 - cryptochrome 2 (CRY2)","GO:0003913 GO:0006281","KOG0133","K12119","PF00875 PF03441","PTHR11455 PTHR11455:SF24","cryptochrome 2"
"323","Manes.02G033700.v8.1",57.5770236603927,-0.385692926521905,0.108256523220382,-3.56276846002836,0.000366964323529085,0.0223098403131289,"Manes.02G033700","","","calcium ion binding",NA,"(1 of 2) PTHR23050:SF214 - CALCIUM-BINDING PROTEIN CML14-RELATED","GO:0005509","KOG0027","K13448","PF13405 PF13499","PTHR23050 PTHR23050:SF214","Calcium-binding EF-hand family protein"
"324","Manes.06G086000.v8.1",15.3675133734528,0.173781655715373,0.0488104875469181,3.56033435536428,0.000370382890984301,0.0223791040931038,"Manes.06G086000","","","",NA,"","","","","","PTHR15827",""
"325","Manes.16G019400.v8.1",164.760773392302,0.213803250471081,0.0600482984853499,3.56052137802443,0.000370119175599641,0.0223791040931038,"Manes.16G019400","","","protein binding; zinc ion binding",NA,"(1 of 3) PTHR12549//PTHR12549:SF13 - JMJC DOMAIN-CONTAINING HISTONE DEMETHYLATION PROTEIN // PROTEIN BINDING / TRANSCRIPTION FACTOR/ ZINC ION BINDING PROTEIN","GO:0005515 GO:0008270","KOG1356","K15601","PF02373 PF08879","PTHR12549 PTHR12549:SF13","Zinc finger, RING-type;Transcription factor jumonji/aspartyl beta-hydroxylase"
"326","Manes.07G141600.v8.1",761.334309067406,-0.121258627869365,0.0340927995844203,-3.5567225146502,0.000375510428307817,0.0223979972158305,"Manes.07G141600","","","hydroxyacylglutathione hydrolase activity; methylglyoxal catabolic process to D-lactate via S-lactoyl-glutathione",NA,"(1 of 1) PTHR11935:SF94 - PROTEIN Y17G7B.3","GO:0004416 GO:0019243","KOG0813","K01069","PF00753 PF16123","PTHR11935 PTHR11935:SF94","Metallo-hydrolase/oxidoreductase superfamily protein"
"327","Manes.13G049900.v8.1",486.655881668056,-0.167221817940353,0.0470209337439683,-3.55632703618531,0.000376075880696419,0.0223979972158305,"Manes.13G049900","PWY-1061","homogalacturonan biosynthesis","glycosyltransferase activity; polygalacturonate 4-alpha-galacturonosyltransferase activity",NA,"(1 of 2) PTHR32116//PTHR32116:SF19 - FAMILY NOT NAMED // GALACTURONOSYLTRANSFERASE 8","GO:0016757 GO:0047262","","K13648","PF01501","PTHR32116 PTHR32116:SF19","Nucleotide-diphospho-sugar transferases superfamily protein"
"328","Manes.14G036000.v8.1",52.2283536811394,0.614103936087901,0.172664767760249,3.55662561652766,0.000375648899024298,0.0223979972158305,"Manes.14G036000","","","",NA,"(1 of 2) PTHR11527//PTHR11527:SF95 - SMALL HEAT-SHOCK PROTEIN  HSP20  FAMILY // 23.5 KDA HEAT SHOCK PROTEIN, MITOCHONDRIAL-RELATED","","KOG0710","","PF00011","PTHR11527 PTHR11527:SF95","mitochondrion-localized small heat shock protein 23.6"
"329","Manes.14G145000.v8.1",24.0763012880195,-0.284272084702539,0.0799392475385202,-3.5561015828371,0.000376398588441414,0.0223979972158305,"Manes.14G145000","","","",NA,"(1 of 5) KOG1773 - Stress responsive protein","GO:0016021","KOG1773","","PF01679","PTHR21659",""
"330","Manes.15G053300.v8.1",228.373492523671,-0.181540735627322,0.0510061238291209,-3.5591948965876,0.000371993408964319,0.0223979972158305,"Manes.15G053300","","","",NA,"(1 of 2) PTHR31499:SF6 - MYB FAMILY TRANSCRIPTION FACTOR-RELATED","","","","PF00249 PF14379","PTHR31499 PTHR31499:SF6","Homeodomain-like superfamily protein"
"331","Manes.15G089600.v8.1",73.7990052628863,-0.161512229686485,0.0454449408642252,-3.5540200210411,0.000379390330512452,0.0225078184902508,"Manes.15G089600","","","RNA binding; structural constituent of ribosome; intracellular anatomical structure; ribosome; translation",NA,"(1 of 1) K02968 - small subunit ribosomal protein S20 (RP-S20, rpsT)","GO:0003723 GO:0003735 GO:0005622 GO:0005840 GO:0006412","","K02968","PF01649","PTHR33398 PTHR33398:SF2","chloroplast 30S ribosomal protein S20, putative"
"332","Manes.08G135100.v8.1",4.27431761074702,-0.47561133429883,0.13393575200257,-3.55104090720827,0.000383710772716365,0.0226955676019014,"Manes.08G135100","","","chitin binding; defense response to bacterium; defense response to fungus",NA,"(1 of 4) PTHR22595//PTHR22595:SF62 - CHITINASE-RELATED // HEVEIN-LIKE PREPROPROTEIN","GO:0008061 GO:0042742 GO:0050832","","","PF00187 PF00967","PTHR22595 PTHR22595:SF62","pathogenesis-related 4"
"333","Manes.09G057000.v8.1",14.6913114659206,0.39322891261477,0.110787783282126,3.54938875898794,0.000386126569003668,0.0227698721787538,"Manes.09G057000","","","hydrolase activity, acting on ester bonds",NA,"(1 of 2) PTHR22835//PTHR22835:SF216 - ZINC FINGER FYVE DOMAIN CONTAINING PROTEIN // SUBFAMILY NOT NAMED","GO:0016788","","","PF00657","PTHR22835 PTHR22835:SF216","GDSL-like Lipase/Acylhydrolase superfamily protein"
"334","Manes.03G049500.v8.1",300.110099912179,0.502964481975999,0.141765332171786,3.54786656420714,0.000388364919330594,0.0228332991643559,"Manes.03G049500","","","DNA-binding transcription factor activity; nucleus; regulation of DNA-templated transcription; sequence-specific DNA binding",NA,"(1 of 2) PTHR10015//PTHR10015:SF186 - HEAT SHOCK TRANSCRIPTION FACTOR // HEAT STRESS TRANSCRIPTION FACTOR A-2-RELATED","GO:0003700 GO:0005634 GO:0006355 GO:0043565","KOG0627","K09419","PF00447","PTHR10015 PTHR10015:SF186","heat shock transcription factor A2"
"335","Manes.02G040300.v8.1",224.361376914141,-0.195588673725494,0.0551556372250225,-3.54612299967702,0.000390943685356565,0.0229163019383489,"Manes.02G040300","","","",NA,"","","","","","PTHR33156 PTHR33156:SF9",""
"336","Manes.15G157000.v8.1",7.06166099071153,-0.503811999259253,0.14212570531939,-3.54483376618655,0.000392860767080015,0.0229601395331853,"Manes.15G157000","","","amino acid transmembrane transport",NA,"(1 of 2) PF01490//PF03222 - Transmembrane amino acid transporter protein (Aa_trans) // Tryptophan/tyrosine permease family (Trp_Tyr_perm)","","KOG1303","","PF01490","PTHR22950 PTHR22950:SF298","lysine histidine transporter 1"
"337","Manes.01G076201.v8.1",10.4393323138841,0.418073680100376,0.118005686275098,3.54282656452463,0.000395862954882263,0.0230100020269394,"Manes.01G076201","","","",NA,"","","","","","",""
"338","Manes.01G205800.v8.1",223.578234537728,-0.153418047010576,0.0433279952720076,-3.54085265305808,0.000398836244584274,0.0230100020269394,"Manes.01G205800","","","protein binding",NA,"(1 of 2) PTHR24414//PTHR24414:SF29 - FAMILY NOT NAMED // SEGMENTATION PROTEIN CAP'N'COLLAR","GO:0005515","","","PF01344","PTHR24414 PTHR24414:SF29","Galactose oxidase/kelch repeat superfamily protein"
"339","Manes.02G147000.v8.1",294.982529650456,0.15992909774927,0.0451816206934452,3.53969369169778,0.000400591688431374,0.0230100020269394,"Manes.02G147000","","","protein binding",NA,"(1 of 1) K11807 - WD and tetratricopeptide repeats protein 1 (WDTC1)","GO:0005515","","K11807","PF00400","PTHR15574 PTHR15574:SF40","transducin family protein / WD-40 repeat family protein"
"340","Manes.06G173400.v8.1",191.698625397749,0.310206221867317,0.0876515824851011,3.5390829585997,0.000401519649038905,0.0230100020269394,"Manes.06G173400","","","",NA,"(1 of 3) PTHR31301//PTHR31301:SF15 - FAMILY NOT NAMED // LOB DOMAIN-CONTAINING PROTEIN 4","","","","PF03195","PTHR31301 PTHR31301:SF15",""
"341","Manes.11G060183.v8.1",6.23803959403188,-0.480937671683054,0.13590331229256,-3.53882229630825,0.000401916315895514,0.0230100020269394,"Manes.11G060183","","","",NA,"","","","","","",""
"342","Manes.18G047500.v8.1",75.1273675882398,-0.522982489854676,0.147770287005036,-3.53915865262448,0.00040140452903284,0.0230100020269394,"Manes.18G047500","","","",NA,"","","","","","PTHR33347 PTHR33347:SF1",""
"343","Manes.18G102400.v8.1",48.389349503475,0.232105127541795,0.0655224703281324,3.5423744919785,0.00039654207460933,0.0230100020269394,"Manes.18G102400","","","RNA binding; RNA processing; nucleotidyltransferase activity",NA,"(1 of 1) 2.7.7.72 - CCA tRNA nucleotidyltransferase / tRNA-nucleotidyltransferase","GO:0003723 GO:0006396 GO:0016779","KOG2159","","PF01743","PTHR13734 PTHR13734:SF5","Polynucleotide adenylyltransferase family protein"
"344","Manes.02G016500.v8.1",1057.0324987521,-0.147213711461197,0.0416302909454126,-3.5362162530699,0.000405902278920632,0.0230438409437584,"Manes.02G016500","","","hydrolase activity",NA,"(1 of 1) PTHR11668:SF280 - SERINE/THREONINE-PROTEIN PHOSPHATASE PP1 ISOZYME 7","GO:0016787","","K06269","PF00149 PF16891","PTHR11668 PTHR11668:SF280","Calcineurin-like metallo-phosphoesterase superfamily protein"
"345","Manes.05G142100.v8.1",1.90656240600685,-0.860863542462197,0.243447621290434,-3.53613454055968,0.000406027853874849,0.0230438409437584,"Manes.05G142100","PWY-7039; LIPASYN-PWY; PWY-3561","phosphatidate metabolism, as a signaling molecule; phospholipases; choline biosynthesis III","catalytic activity; phospholipase D activity; calcium ion binding; protein binding; membrane; phosphatidylcholine metabolic process",NA,"(1 of 2) PTHR18896//PTHR18896:SF72 - PHOSPHOLIPASE D // SUBFAMILY NOT NAMED","GO:0003824 GO:0004630 GO:0005509 GO:0005515 GO:0016020 GO:0046470","","K01115","PF00168 PF00614 PF12357 PF13091","PTHR18896 PTHR18896:SF72",""
"346","Manes.11G057900.v8.1",190.604860086968,0.169163110602407,0.0478197296859637,3.53751708161706,0.000403908058450963,0.0230438409437584,"Manes.11G057900","","","protein binding",NA,"(1 of 6) PF02845 - CUE domain (CUE)","GO:0005515","","","PF02845","PTHR31245 PTHR31245:SF4",""
"347","Manes.13G066164.v8.1",1.12316595623259,0.602241862839704,0.170369959798847,3.53490640926818,0.000407919610585124,0.0230844881644383,"Manes.13G066164","","","nucleic acid binding; protein binding",NA,"(1 of 1) PTHR22891:SF35 - PROTEIN ARGONAUTE 6","GO:0003676 GO:0005515","","","PF02170 PF02171 PF08699 PF16486 PF16488","PTHR22891 PTHR22891:SF35","Argonaute family protein"
"348","Manes.04G122400.v8.1",185.233787158058,-0.254323166902103,0.0720143861706516,-3.53156057318098,0.000413115233088364,0.0232445382010206,"Manes.04G122400","","","",NA,"(1 of 3) PTHR36312:SF1 - PLANT THIONIN FAMILY PROTEIN-RELATED","","","","","PTHR36312 PTHR36312:SF1","(1 of 3) PTHR36312:SF1 - PLANT THIONIN FAMILY PROTEIN-RELATED"
"349","Manes.09G067800.v8.1",328.537948861161,-0.183521457055567,0.0519589481873384,-3.53204719221564,0.000412355758962687,0.0232445382010206,"Manes.09G067800","","","nucleic acid binding",NA,"(1 of 8) K11294 - nucleolin (NCL, NSR1)","GO:0003676","KOG0131","K11294","PF00076","PTHR24012","RNA-binding (RRM/RBD/RNP motifs) family protein"
"350","Manes.09G139000.v8.1",3899.94949519744,-0.171219953189903,0.0485167092002813,-3.52909247169036,0.000416987396555055,0.0233953757318617,"Manes.09G139000","","","nucleic acid binding",NA,"(1 of 259) PF00076 - RNA recognition motif. (a.k.a. RRM, RBD, or RNP domain) (RRM_1)","GO:0003676","","","PF00076","","RNA binding (RRM/RBD/RNP motifs) family protein"
"351","Manes.02G131700.v8.1",22.0025524572282,0.302260457752101,0.0856859298040873,3.52753898385873,0.000419441991503317,0.0234660466870388,"Manes.02G131700","","","serine-type endopeptidase activity; proteolysis",NA,"(1 of 2) PTHR22936:SF25 - PROTEIN RHOMBOID-LIKE 1","GO:0004252 GO:0006508 GO:0016021","KOG2289","","PF01694","PTHR22936 PTHR22936:SF25","RHOMBOID-like 1"
"352","Manes.06G164400.v8.1",218.931557243922,-0.0957928407737467,0.0271616114434798,-3.52677310670909,0.000420657078675531,0.0234671677669074,"Manes.06G164400","","","protein binding",NA,"(1 of 1) KOG1293 - Proteins containing armadillo/beta-catenin-like repeat","GO:0005515","KOG1293","","PF00514","PTHR15651","ARM repeat superfamily protein"
"353","Manes.04G066900.v8.1",139.904778216529,-0.528299638159825,0.149880198813222,-3.52481276608247,0.000423782209320783,0.0235745361032074,"Manes.04G066900","","","",NA,"(1 of 17) PF04674 - Phosphate-induced protein 1 conserved region (Phi_1)","","","","PF04674","PTHR31279 PTHR31279:SF9","EXORDIUM like 5"
"354","Manes.07G024800.v8.1",317.894023880831,-0.224032283219603,0.0636243480637517,-3.52117216187617,0.000429643570948646,0.0238330813636118,"Manes.07G024800","PWY-5669","phosphatidylethanolamine biosynthesis I","phosphatidylserine decarboxylase activity; calcium ion binding; protein binding; phospholipid biosynthetic process",NA,"(1 of 3) 4.1.1.65 - Phosphatidylserine decarboxylase / PS decarboxylase","GO:0004609 GO:0005509 GO:0005515 GO:0008654","","K01613","PF00168 PF02666 PF13499","PTHR10067 PTHR10067:SF2","phosphatidylserine decarboxylase 2"
"355","Manes.12G064400.v8.1",108.684559150271,-0.171817335783394,0.0488655912301329,-3.51612108762214,0.000437901220045969,0.0242227218536414,"Manes.12G064400","","","",NA,"","","","","","PTHR31469 PTHR31469:SF2",""
"356","Manes.14G015300.v8.1",86.6402081495749,0.248967295843223,0.0708608555703698,3.51346725691142,0.000442298923088454,0.0243972582940673,"Manes.14G015300","","","",NA,"(1 of 1) PTHR32057:SF14 - UPF0061 PROTEIN FMP40","","KOG2542","","PF02696","PTHR32057 PTHR32057:SF14","(1 of 1) PF02696 - Uncharacterized ACR, YdiU/UPF0061 family (UPF0061)"
"357","Manes.02G198600.v8.1",36.9603103518713,0.190708858065768,0.0542944104207644,3.51249523823603,0.000443919959149303,0.0244180846997615,"Manes.02G198600","","","hydrolase activity",NA,"(1 of 1) PTHR17630//PTHR17630:SF45 - DIENELACTONE HYDROLASE // DIENELACTONE HYDROLASE-LIKE PROTEIN","GO:0016787","KOG3043","K01061","PF01738","PTHR17630 PTHR17630:SF45","alpha/beta-Hydrolases superfamily protein"
"358","Manes.01G057400.v8.1",119.509291166243,0.252617256115023,0.072054846847753,3.50590233921094,0.000455062157048245,0.0249610491004368,"Manes.01G057400","","","oxidoreductase activity",NA,"(1 of 1) PTHR22912:SF97 - MONODEHYDROASCORBATE REDUCTASE, CHLOROPLASTIC","GO:0016491 GO:0055114","KOG1336","K08232","PF00070","PTHR22912 PTHR22912:SF97","monodehydroascorbate reductase 6"
"359","Manes.03G030300.v8.1",2537.14233326129,-0.156185000193154,0.0445919711190573,-3.50253635965432,0.000460850879668139,0.0251754478449211,"Manes.03G030300","","","structural constituent of ribosome; intracellular anatomical structure; ribosome; translation",NA,"(1 of 3) K02910 - large subunit ribosomal protein L31e (RP-L31e, RPL31)","GO:0003735 GO:0005622 GO:0005840 GO:0006412","KOG0893","K02910","PF01198","PTHR10956 PTHR10956:SF12","Ribosomal protein L31e family protein"
"360","Manes.04G147600.v8.1",59.5740707262426,-0.204182254408898,0.0583144260674278,-3.5014021088505,0.000462816961451165,0.0251754478449211,"Manes.04G147600","","","",NA,"(1 of 2) PTHR21229//PTHR21229:SF15 - LUNG SEVEN TRANSMEMBRANE RECEPTOR // LUNG SEVEN TRANSMEMBRANE RECEPTOR-LIKE PROTEIN","GO:0016021","","","PF06814","PTHR21229 PTHR21229:SF15","Lung seven transmembrane receptor family protein"
"361","Manes.06G158600.v8.1",233.810335410848,0.173458748216308,0.0495331806564703,3.50186977531898,0.000462005373906514,0.0251754478449211,"Manes.06G158600","","","monoatomic ion channel activity; monoatomic ion transport; membrane; transmembrane transport",NA,"(1 of 4) PTHR10217//PTHR10217:SF527 - VOLTAGE AND LIGAND GATED POTASSIUM CHANNEL // CYCLIC NUCLEOTIDE-GATED ION CHANNEL 1","GO:0005216 GO:0006811 GO:0016020 GO:0055085","","K05391","PF00027 PF00520","PTHR10217 PTHR10217:SF527","cyclic nucleotide gated channel 1"
"362","Manes.03G067600.v8.1",52.0051808467633,0.443537257343301,0.126800946394354,3.49790178981701,0.00046893377868765,0.025437714398037,"Manes.03G067600","","","",NA,"(1 of 8) PF05553//PF14364 - Cotton fibre expressed protein (DUF761) // Domain of unknown function (DUF4408) (DUF4408)","","","","PF05553 PF14364","PTHR33098 PTHR33098:SF7",""
"363","Manes.13G107400.v8.1",169.552805285712,0.299707719557628,0.0857199999927076,3.49635697133837,0.000471657269664155,0.025514969158113,"Manes.13G107400","","","DNA binding; DNA-binding transcription factor activity; regulation of DNA-templated transcription; sequence-specific DNA binding",NA,"(1 of 2) PTHR24326:SF252 - HOMEOBOX-LEUCINE ZIPPER PROTEIN HAT9","GO:0003677 GO:0003700 GO:0006355 GO:0043565","KOG0483","K09338","PF00046 PF02183","PTHR24326 PTHR24326:SF252","Homeobox-leucine zipper protein family"
"364","Manes.01G198700.v8.1",79.7202021026785,-0.166776238421024,0.0477120961937618,-3.49547078677355,0.000473226252181269,0.0255295162474824,"Manes.01G198700","","","",NA,"(1 of 2) PTHR13833:SF42 - NHL DOMAIN-CONTAINING PROTEIN","","","","","PTHR13833 PTHR13833:SF42","NHL domain-containing protein"
"365","Manes.07G064000.v8.1",14711.7118007971,-0.253623330857816,0.0726037551363388,-3.49325362553976,0.000477173072462888,0.0255320098745333,"Manes.07G064000","","","",NA,"(1 of 4) PF04419//PF12907 - 4F5 protein family (4F5) // Zinc-binding (zf-met2)","","","","PF04419 PF12907","PTHR33788 PTHR33788:SF2","Uncharacterised protein family SERF"
"366","Manes.08G117800.v8.1",2809.54582141672,0.243946679419358,0.0698273378058449,3.49356981212219,0.000476608350367007,0.0255320098745333,"Manes.08G117800","","","",NA,"(1 of 5) PF05755 - Rubber elongation factor protein (REF) (REF)","","","","PF05755","PTHR33732 PTHR33732:SF3","Rubber elongation factor protein (REF)"
"367","Manes.08G127700.v8.1",56.404613366635,-0.370564866765204,0.106063334257606,-3.4938074440049,0.000476184340552338,0.0255320098745333,"Manes.08G127700","PWY-6606; PWY-6608","guanosine nucleotides degradation II; guanosine nucleotides degradation III","zinc ion binding",NA,"(1 of 2) 3.5.4.3 - Guanine deaminase / Guanine aminase","GO:0008270","KOG1018","","PF00383","PTHR11079 PTHR11079:SF90","Cytidine/deoxycytidylate deaminase family protein"
"368","Manes.03G201100.v8.1",159.83642997105,-0.316732169552725,0.0907906411641246,-3.48859932578469,0.000485558384975089,0.0257700270425833,"Manes.03G201100","","","cellulose microfibril organization; cell growth",NA,"(1 of 2) PTHR31052:SF3 - COBRA-LIKE PROTEIN 7-RELATED","GO:0010215 GO:0016049 GO:0031225","","","PF04833","PTHR31052 PTHR31052:SF3","COBRA-like protein-7 precursor"
"369","Manes.10G139300.v8.1",13.2379522253381,0.745127784576466,0.213530088132479,3.48956810299338,0.000483801765572515,0.0257700270425833,"Manes.10G139300","","","",NA,"","","","","","PTHR33983",""
"370","Manes.13G013400.v8.1",203.621189329485,0.55233316125528,0.158316746771837,3.48878544132347,0.000485220453098702,0.0257700270425833,"Manes.13G013400","","","",NA,"(1 of 2) PTHR11527//PTHR11527:SF137 - SMALL HEAT-SHOCK PROTEIN  HSP20  FAMILY // SUBFAMILY NOT NAMED","","KOG3591","K13993","PF00011","PTHR11527 PTHR11527:SF137",""
"371","Manes.01G206000.v8.1",356.666822413042,-0.265185192488468,0.0760469840442027,-3.48712307031569,0.000488246622718458,0.0257965561820509,"Manes.01G206000","","","",NA,"(1 of 20) PF04570 - zinc-finger of the FCS-type, C2-C2 (zf-FLZ)","","","","PF04570","PTHR33059 PTHR33059:SF11","Protein of unknown function (DUF581)"
"372","Manes.06G130400.v8.1",51.8250447647537,0.273012604783622,0.0782970423295424,3.48688273095357,0.000488685588415895,0.0257965561820509,"Manes.06G130400","","","response to oxidative stress; peptide-methionine (S)-S-oxide reductase activity; oxidoreductase activity, acting on a sulfur group of donors, disulfide as acceptor; protein repair",NA,"(1 of 2) PTHR10173:SF23 - PEPTIDE METHIONINE SULFOXIDE REDUCTASE A1-RELATED","GO:0006979 GO:0008113 GO:0016671 GO:0030091 GO:0055114","KOG1635","K07304","PF01625","PTHR10173 PTHR10173:SF23","peptide met sulfoxide reductase 4"
"373","Manes.07G082500.v8.1",990.020458071906,-0.160536624051847,0.0460768068289497,-3.48410914514552,0.000493778081603286,0.0259732696575978,"Manes.07G082500","","","",NA,"(1 of 3) PF01535//PF14432 - PPR repeat (PPR) // DYW family of nucleic acid deaminases (DYW_deaminase)","","","","PF01535 PF14432","PTHR24015 PTHR24015:SF363","Tetratricopeptide repeat (TPR)-like superfamily protein"
"374","Manes.09G182000.v8.1",17.2766002089246,-0.343398621840626,0.0985751819879364,-3.48362148479372,0.000494678558432631,0.0259732696575978,"Manes.09G182000","","","",NA,"(1 of 2) PTHR10641:SF618 - MYB DOMAIN PROTEIN 55","","KOG0048","","PF00249","PTHR10641 PTHR10641:SF618","myb domain protein 61"
"375","Manes.01G177900.v8.1",425.683241708465,0.184569918752872,0.0530158219418107,3.48141200103345,0.000498777642920452,0.025993831052413,"Manes.01G177900","","","",NA,"","","","","","PTHR35312",""
"376","Manes.02G028800.v8.1",43.4062881643139,0.301076857128386,0.0864699430466669,3.48186718436831,0.000497930595086882,0.025993831052413,"Manes.02G028800","","","copper ion binding; superoxide metabolic process; superoxide dismutase copper chaperone activity; metal ion transport; metal ion binding",NA,"(1 of 1) K04569 - copper chaperone for superoxide dismutase (CCS)","GO:0005507 GO:0006801 GO:0016532 GO:0030001 GO:0046872 GO:0055114","KOG4656","K04569","PF00080 PF00403","PTHR10003 PTHR10003:SF27","copper chaperone for SOD1"
"377","Manes.13G019200.v8.1",8.56871412800164,-0.637710779407747,0.183183348521677,-3.48127045691756,0.000499041315209028,0.025993831052413,"Manes.13G019200","","","photosystem II; photosynthesis; manganese ion binding",NA,"(1 of 1) PTHR34790//PTHR34790:SF1 - FAMILY NOT NAMED // PHOTOSYSTEM II CORE COMPLEX PROTEINS PSBY, CHLOROPLASTIC","GO:0009523 GO:0015979 GO:0016021 GO:0030145","","K02723","PF06298","PTHR34790 PTHR34790:SF1","photosystem II BY"
"378","Manes.05G014800.v8.1",23.1585543662567,0.30377193265397,0.0872941616390368,3.47986539936168,0.000501665752627677,0.0259998070083335,"Manes.05G014800","","","DNA binding; regulation of DNA-templated transcription",NA,"(1 of 18) PTHR31989:SF21 - NAC TRANSCRIPTION FACTOR-LIKE 9","GO:0003677 GO:0006355","","","PF02365","PTHR31989 PTHR31989:SF21",""
"379","Manes.10G044400.v8.1",2757.39799189882,-0.152700714532598,0.0438821444513504,-3.47979152891876,0.000501804086986729,0.0259998070083335,"Manes.10G044400","","","",NA,"(1 of 2) K04650 - nuclear receptor co-repressor 1 (NCOR1, N-CoR)","","KOG1878","K04650","PF00249","PTHR13992","Duplicated homeodomain-like superfamily protein"
"380","Manes.01G202100.v8.1",102.485819032471,0.182550496903285,0.0525010631332511,3.47708191051216,0.000506902932432647,0.0261639563241788,"Manes.01G202100","TRPSYN-PWY","L-tryptophan biosynthesis","tryptophan synthase activity; tryptophan metabolic process",NA,"(1 of 2) 4.1.2.8//4.2.1.20 - Indole-3-glycerol-phosphate lyase / TSA // Tryptophan synthase / Tryptophan synthetase","GO:0004834 GO:0006568","KOG4175","K01695","PF00290","PTHR10314 PTHR10314:SF88","tryptophan synthase alpha chain"
"381","Manes.04G053480.v8.1",53.7828409031211,0.20096744377098,0.057815869941174,3.47599100342966,0.000508969359669822,0.0261639563241788,"Manes.04G053480","PWY-5464; PWY-5690","superpathway of cytosolic glycolysis (plants), pyruvate dehydrogenase and TCA cycle; TCA cycle II (plants and fungi)","catalytic activity; metabolic process","carb","(1 of 2) K01899 - succinyl-CoA synthetase alpha subunit (LSC1)","GO:0003824 GO:0008152 GO:0048037","","K01899","PF00549 PF02629","PTHR11117 PTHR11117:SF9","Succinyl-CoA ligase, alpha subunit"
"382","Manes.05G050200.v8.1",131.191046901494,0.131125134003845,0.0377179051690555,3.47646915745,0.000508062661927436,0.0261639563241788,"Manes.05G050200","","","",NA,"(1 of 2) K12604 - CCR4-NOT transcription complex subunit 1 (CNOT1, NOT1)","","","K12604","PF04054 PF12842 PF16415 PF16417 PF16418","PTHR13162 PTHR13162:SF9","transcription regulators"
"383","Manes.01G256200.v8.1",276.319914646722,0.287572124860691,0.0828704182410248,3.47014207197917,0.000520183136464687,0.0265415183167476,"Manes.01G256200","","","protein kinase activity; protein tyrosine kinase activity; ubiquitin-protein transferase activity; ATP binding; protein phosphorylation; protein ubiquitination",NA,"(1 of 4) PTHR27003//PTHR27003:SF52 - FAMILY NOT NAMED // U-BOX DOMAIN-CONTAINING PROTEIN 33","GO:0004672 GO:0004713 GO:0004842 GO:0005524 GO:0006468 GO:0016567","KOG1187","","PF00069 PF04564","PTHR27003 PTHR27003:SF52",""
"384","Manes.08G145900.v8.1",4532.59546904334,0.213378686230323,0.0614915987546672,3.47004616161695,0.000520368923560005,0.0265415183167476,"Manes.08G145900","","","",NA,"","","","","","",""
"385","Manes.13G113900.v8.1",111.212595122469,-0.340767492215853,0.0981933446074377,-3.4703725958026,0.000519736843690244,0.0265415183167476,"Manes.13G113900","","","serine-type endopeptidase activity; proteolysis",NA,"(1 of 2) PTHR10795//PTHR10795:SF388 - PROPROTEIN CONVERTASE SUBTILISIN/KEXIN // SUBFAMILY NOT NAMED","GO:0004252 GO:0006508","","","PF00082 PF02225 PF05922","PTHR10795 PTHR10795:SF388","Subtilase family protein"
"386","Manes.15G093700.v8.1",112.718721736168,0.182885774878892,0.052725624640943,3.4686317350307,0.000523115987509748,0.0266125094474843,"Manes.15G093700","PWY-7117; PWYQT-4429; PWY-6549; PWY-241; PWY-7115","C4 photosynthetic carbon assimilation cycle, PEPCK type; CO<sub>2</sub> fixation into oxaloacetate (anaplerotic); L-glutamine biosynthesis III; C4 photosynthetic carbon assimilation cycle, NADP-ME type; C4 photosynthetic carbon assimilation cycle, NAD-ME type","tricarboxylic acid cycle; phosphoenolpyruvate carboxylase activity; carbon fixation",NA,"(1 of 5) 4.1.1.31 - Phosphoenolpyruvate carboxylase / Phosphoenolpyruvic carboxylase","GO:0006099 GO:0008964 GO:0015977","","K01595","PF00311","PTHR30523 PTHR30523:SF8","phosphoenolpyruvate carboxylase 3"
"387","Manes.06G110100.v8.1",1155.12032205993,0.236716831942325,0.0683209621570311,3.4647760287428,0.000530673235131064,0.0268578100986307,"Manes.06G110100","","","protein binding; zinc ion binding",NA,"(1 of 2) K17987 - next to BRCA1 gene 1 protein (NBR1)","GO:0005515 GO:0008270","KOG4351","K17987","PF00564 PF00569 PF16158","PTHR20930 PTHR20930:SF0","ubiquitin-associated (UBA)/TS-N domain-containing protein / octicosapeptide/Phox/Bemp1 (PB1) domain-containing protein"
"388","Manes.11G075700.v8.1",35.2506770954936,-0.300035591534995,0.0865796130673539,-3.46543003491578,0.000529384248795445,0.0268578100986307,"Manes.11G075700","","","protein kinase activity; protein tyrosine kinase activity; ATP binding; protein phosphorylation",NA,"(1 of 3) PTHR27003:SF68 - PROTEIN KINASE FAMILY PROTEIN","GO:0004672 GO:0004713 GO:0005524 GO:0006468","KOG1187","","PF07714","PTHR27003 PTHR27003:SF68","Protein kinase superfamily protein"
"389","Manes.02G064400.v8.1",32.1520815938022,0.179700721125564,0.0519087648985709,3.46185700000177,0.000536462111035294,0.0269187516728135,"Manes.02G064400","GLUCONEO-PWY; PWY-5464; PWY-5723; PWY-1042","gluconeogenesis I; superpathway of cytosolic glycolysis (plants), pyruvate dehydrogenase and TCA cycle; Rubisco shunt; glycolysis IV (plant cytosol)","catalytic activity; 2,3-bisphosphoglycerate-independent phosphoglycerate mutase activity; metal ion binding","carb","(1 of 1) PTHR31209//PTHR31209:SF0 - FAMILY NOT NAMED // COFACTOR-INDEPENDENT PHOSPHOGLYCERATE MUTASE","GO:0003824 GO:0046537 GO:0046872","","","PF01676 PF10143","PTHR31209 PTHR31209:SF0","Cofactor-independent phosphoglycerate mutase"
"390","Manes.07G139600.v8.1",4.59420856091671,-0.544223427479631,0.157157442734051,-3.46291857395892,0.000534350074804108,0.0269187516728135,"Manes.07G139600","","","potassium ion transmembrane transporter activity; membrane; potassium ion transmembrane transport",NA,"(1 of 2) PTHR30540//PTHR30540:SF6 - OSMOTIC STRESS POTASSIUM TRANSPORTER // POTASSIUM TRANSPORTER 2","GO:0015079 GO:0016020 GO:0071805","","K03549","PF02705","PTHR30540 PTHR30540:SF6","potassium transporter 2"
"391","Manes.12G005300.v8.1",3.74933099274349,0.414809808985092,0.119818409421859,3.46198727713552,0.000536202502343211,0.0269187516728135,"Manes.12G005300","","","protein binding",NA,"(1 of 69) KOG4412 - 26S proteasome regulatory complex, subunit PSMD10","GO:0005515","KOG4412","","PF12796","PTHR24177 PTHR24177:SF36",""
"392","Manes.14G013900.v8.1",22.2396034391014,-0.250926860195417,0.0724927442016092,-3.46140655811795,0.000537360628188771,0.0269187516728135,"Manes.14G013900","","","",NA,"(1 of 3) K10277 - lysine-specific demethylase 8 [EC:1.14.11.27] (KDM8, JMJD5)","","KOG2132","K10277","PF08007","PTHR12461 PTHR12461:SF38","2-oxoglutarate (2OG) and Fe(II)-dependent oxygenase superfamily protein"
"393","Manes.10G060800.v8.1",16726.6121430625,-0.180708066270226,0.0522319451968664,-3.4597230792214,0.00054073116901611,0.0269500963603283,"Manes.10G060800","","","heat shock protein binding; unfolded protein binding",NA,"(1 of 6) K09503 - DnaJ homolog subfamily A member 2 (DNAJA2)","GO:0031072 GO:0051082","KOG0712","K09503","PF00226 PF00684 PF01556","PTHR24078 PTHR24078:SF237","DNAJ homologue 3"
"394","Manes.13G088900.v8.1",141.162208791934,-0.188100230091599,0.054360463848621,-3.46023960750972,0.000539694924249212,0.0269500963603283,"Manes.13G088900","","","methyltransferase activity",NA,"(1 of 1) 2.1.1.221 - tRNA (guanine(9)-N(1))-methyltransferase / tRNA m(1)G(9)-methyltransferase","GO:0008168","KOG2967","K15445","PF01746","PTHR13563 PTHR13563:SF13","(1 of 1) 2.1.1.221 - tRNA (guanine(9)-N(1))-methyltransferase / tRNA m(1)G(9)-methyltransferase"
"395","Manes.09G098500.v8.1",65.6515140497839,-0.559907324962634,0.161874719319895,-3.45889294705834,0.00054240044154167,0.0269648543558324,"Manes.09G098500","","","",NA,"","","","","","PTHR33738 PTHR33738:SF3",""
"396","Manes.11G066800.v8.1",50.0316110456382,0.466562086119012,0.134950702791254,3.45727792793125,0.000545661769529867,0.0270584852733788,"Manes.11G066800","","","ATP binding; transport; ATP hydrolysis activity; ATPase-coupled transmembrane transporter activity; transmembrane transport",NA,"(1 of 1) K05674 - ATP-binding cassette, subfamily C (CFTR/MRP), member 10 (ABCC10)","GO:0005524 GO:0006810 GO:0016021 GO:0016887 GO:0042626 GO:0055085","","K05674","PF00005 PF00664","PTHR24223 PTHR24223:SF232","multidrug resistance-associated protein 11"
"397","Manes.17G085400.v8.1",653.804958373497,-0.172055154202251,0.0497817129174181,-3.45619192508842,0.000547865078103005,0.0270993111806265,"Manes.17G085400","","","catalytic activity; trehalose biosynthetic process; metabolic process",NA,"(1 of 3) PTHR10788:SF48 - ALPHA,ALPHA-TREHALOSE-PHOSPHATE SYNTHASE [UDP-FORMING] 6","GO:0003824 GO:0005992 GO:0008152","","K16055","PF00982 PF08282","PTHR10788 PTHR10788:SF48","UDP-Glycosyltransferase / trehalose-phosphatase family protein"
"398","Manes.06G158100.v8.1",934.745875999726,-0.139024096680832,0.0402420523040528,-3.45469698290786,0.000550911611303673,0.0271815359577142,"Manes.06G158100","","","",NA,"(1 of 2) PTHR31213:SF12 - ABSCISIC ACID RECEPTOR PYL10-RELATED","","","K14496","PF10604","PTHR31213 PTHR31213:SF12","regulatory components of ABA receptor 3"
"399","Manes.04G067600.v8.1",111.766490590483,0.261644952463243,0.0757967999640343,3.45192610489353,0.000556600138389368,0.0272944912130471,"Manes.04G067600","","","calcium ion binding",NA,"(1 of 1) PTHR10183//PTHR10183:SF323 - CALPAIN // SUBFAMILY NOT NAMED","GO:0005509","KOG0037","","PF13499","PTHR10183 PTHR10183:SF323",""
"400","Manes.08G019400.v8.1",459.318541324679,0.376020800068214,0.108924899358044,3.45211060358391,0.000556219674622378,0.0272944912130471,"Manes.08G019400","","","monooxygenase activity; iron ion binding; oxidoreductase activity, acting on paired donors, with incorporation or reduction of molecular oxygen; heme binding",NA,"(1 of 1) K07410 - cytochrome P450, family 1, subfamily B, polypeptide 1 (CYP1B1)","GO:0004497 GO:0005506 GO:0016705 GO:0020037 GO:0055114","KOG0156","K07410","PF00067","PTHR24298 PTHR24298:SF119",""
"401","Manes.15G069000.v8.1",7.74856031474748,0.421406923595038,0.122091984750573,3.45155273260525,0.000557370829374746,0.0272944912130471,"Manes.15G069000","","","protein kinase activity; protein tyrosine kinase activity; ATP binding; protein phosphorylation",NA,"(1 of 6) PTHR24361//PTHR24361:SF380 - MITOGEN-ACTIVATED KINASE KINASE KINASE // MITOGEN-ACTIVATED PROTEIN KINASE KINASE KINASE 17-RELATED","GO:0004672 GO:0004713 GO:0005524 GO:0006468","KOG0198","","PF00069","PTHR24361 PTHR24361:SF380","mitogen-activated protein kinase kinase kinase 15"
"402","Manes.06G135200.v8.1",2503.28890783501,-0.146603762662418,0.042485113734979,-3.45070896071806,0.000559116151421858,0.0272967305998278,"Manes.06G135200","","","protein binding; protein-folding chaperone binding",NA,"(1 of 2) PTHR33322//PTHR33322:SF3 - FAMILY NOT NAMED // BAG FAMILY MOLECULAR CHAPERONE REGULATOR 7","GO:0005515 GO:0051087","","","PF02179","PTHR33322 PTHR33322:SF3","BCL-2-associated athanogene 7"
"403","Manes.18G106700.v8.1",26.5303183621256,0.274249724297614,0.0794883466681098,3.45018780479479,0.000560196691537943,0.0272967305998278,"Manes.18G106700","","","protein binding; zinc ion binding",NA,"","GO:0005515 GO:0008270","","","","PTHR22894",""
"404","Manes.06G169600.v8.1",81.4533100122161,-0.202115492293592,0.0586037552906011,-3.44884882020535,0.0005629818033041,0.0272969720283521,"Manes.06G169600","PWY-7420; LIPAS-PWY","monoacylglycerol metabolism (yeast); triacylglycerol degradation","",NA,"(1 of 4) K07018 - uncharacterized protein (K07018)","","","K07018","PF12695","PTHR12277 PTHR12277:SF75","alpha/beta-Hydrolases superfamily protein"
"405","Manes.08G068000.v8.1",12.3912114465911,0.331657112582256,0.096157985085869,3.44908550533881,0.00056248855761067,0.0272969720283521,"Manes.08G068000","","","phosphoprotein phosphatase activity; nucleus",NA,"(1 of 3) K18999 - RNA polymerase II C-terminal domain phosphatase-like 3/4 [EC:3.1.3.16] (CPL3_4)","GO:0004721 GO:0005634","KOG0323","K18999","PF03031 PF12738","PTHR23081","C-terminal domain phosphatase-like 4"
"406","Manes.09G169700.v8.1",167.419342694033,0.45569340220359,0.132191720568147,3.44721590917393,0.000566395739287337,0.0273405628000715,"Manes.09G169700","","","metal ion transport; metal ion binding",NA,"(1 of 4) PTHR22814//PTHR22814:SF75 - COPPER TRANSPORT PROTEIN ATOX1-RELATED // HEAVY METAL TRANSPORT/DETOXIFICATION DOMAIN-CONTAINING PROTEIN","GO:0030001 GO:0046872","KOG1603","","PF00403","PTHR22814 PTHR22814:SF75","Heavy metal transport/detoxification superfamily protein"
"407","Manes.14G003300.v8.1",117.120544598684,-0.109278703469078,0.0317017510167404,-3.44708730477922,0.000566665430545863,0.0273405628000715,"Manes.14G003300","","","protein kinase activity; protein tyrosine kinase activity; calcium ion binding; ATP binding; protein phosphorylation",NA,"(1 of 2) PTHR24349//PTHR24349:SF116 - SERINE/THREONINE-PROTEIN KINASE // CALCIUM-DEPENDENT PROTEIN KINASE 7","GO:0004672 GO:0004713 GO:0005509 GO:0005524 GO:0006468","KOG0032","K13412","PF07714 PF13499","PTHR24349 PTHR24349:SF116","calmodulin-domain protein kinase 7"
"408","Manes.14G149300.v8.1",28.6278938814896,0.673102205931296,0.195309417618458,3.44633768375788,0.000568239813101041,0.0273493264947675,"Manes.14G149300","","","",NA,"(1 of 16) PTHR11527:SF158 - 17.6 KDA CLASS I HEAT SHOCK PROTEIN 1-RELATED","","KOG0710","K13993","PF00011","PTHR11527 PTHR11527:SF158",""
"409","Manes.17G124500.v8.1",84.6456318582114,-0.51690046560228,0.150275001164168,-3.43969696621458,0.00058236585083243,0.0279606802268862,"Manes.17G124500","PWY-5936; PWY-1001","xyloglucan biosynthesis; cellulose biosynthesis","",NA,"(1 of 2) PTHR32044:SF11 - XYLOGLUCAN GLYCOSYLTRANSFERASE 4","","","","PF13632","PTHR32044 PTHR32044:SF11","Cellulose-synthase-like C4"
"410","Manes.13G153000.v8.1",55.5490542771791,0.155700776712761,0.0452913243822887,3.43776162071446,0.000586543805874449,0.0280360427791019,"Manes.13G153000","","","",NA,"","","","","","",""
"411","Manes.16G136800.v8.1",10.6159272288339,-0.351274477781279,0.102184552970765,-3.43764754621748,0.000586790934573044,0.0280360427791019,"Manes.16G136800","","","DNA photolyase activity; DNA repair",NA,"(1 of 1) 4.1.99.13//4.1.99.3 - (6-4)DNA photolyase / DNA photolyase // Deoxyribodipyrimidine photo-lyase / Photoreactivating enzyme","GO:0003913 GO:0006281","KOG0133","K01669","PF00875 PF03441","PTHR11455 PTHR11455:SF22","cryptochrome 3"
"412","Manes.01G115900.v8.1",194.167274913943,0.103701073881237,0.0301806894403723,3.43600745390915,0.00059035472972637,0.0280697235535998,"Manes.01G115900","","","serine-type endopeptidase activity; protein binding; proteolysis",NA,"(1 of 1) KOG1421 - Predicted signaling-associated protein (contains a PDZ domain)","GO:0004252 GO:0005515 GO:0006508","","","PF00595 PF12812 PF13365","PTHR22939 PTHR22939:SF66","DegP protease 7"
"413","Manes.13G068300.v8.1",99.0307691885637,0.200927412097608,0.0584723771126407,3.43627918034773,0.000589762899785621,0.0280697235535998,"Manes.13G068300","","","ubiquitin-dependent protein catabolic process",NA,"(1 of 1) PTHR12555//PTHR12555:SF14 - UBIQUITIN FUSION DEGRADATON PROTEIN 1 // SUBFAMILY NOT NAMED","GO:0006511","KOG1816","","PF03152","PTHR12555 PTHR12555:SF14","Ubiquitin fusion degradation UFD1 family protein"
"414","Manes.01G051900.v8.1",7.85243267123941,-0.556277266444921,0.162137347022416,-3.4309014959275,0.000601579005580778,0.0282741147633424,"Manes.01G051900","","","electron transfer activity",NA,"(1 of 57) PF02298 - Plastocyanin-like domain (Cu_bind_like)","GO:0009055","","","PF02298","PTHR33021 PTHR33021:SF44","early nodulin-like protein 8"
"415","Manes.04G048500.v8.1",52.4130910365721,0.168497984220226,0.0491192345076842,3.43038701455875,0.000602720922211129,0.0282741147633424,"Manes.04G048500","","","",NA,"(1 of 2) PTHR22957//PTHR22957:SF26 - TBC1 DOMAIN FAMILY MEMBER GTPASE-ACTIVATING PROTEIN // PROTEIN TBC-3, ISOFORM B","","","","PF00566","PTHR22957 PTHR22957:SF26","Ypt/Rab-GAP domain of gyp1p superfamily protein"
"416","Manes.05G145805.v8.1",93.186705076882,-0.239304139243209,0.0697448585649161,-3.43113663382761,0.000601057776212856,0.0282741147633424,"Manes.05G145805","","","",NA,"","","","","","PTHR36004 PTHR36004:SF1",""
"417","Manes.11G121900.v8.1",98.1695852956646,0.195451723189136,0.0569720639113274,3.43065898917303,0.000602117010110592,0.0282741147633424,"Manes.11G121900","","","",NA,"(1 of 2) PTHR14083:SF5 - HRF1 PROTEIN","","KOG3094","","PF03878","PTHR14083 PTHR14083:SF5","Integral membrane HRF1 family protein"
"418","Manes.12G047900.v8.1",7177.84962352658,-0.155544080645506,0.0453549646891535,-3.42948300613943,0.000604732301298763,0.0282741147633424,"Manes.12G047900","","","nucleic acid binding; intracellular anatomical structure; transport",NA,"(1 of 2) PTHR10693:SF23 - NUCLEAR TRANSPORT FACTOR 2 AND RNA RECOGNITION MOTIF DOMAIN-CONTAINING PROTEIN-RELATED","GO:0003676 GO:0005622 GO:0006810","KOG0116","","PF00076 PF02136","PTHR10693 PTHR10693:SF23","Nuclear transport factor 2 (NTF2) family protein with RNA binding (RRM-RBD-RNP motifs) domain"
"419","Manes.15G134900.v8.1",276.75618446236,-0.225603588687176,0.0657507093904805,-3.43119626812481,0.000600925651907621,0.0282741147633424,"Manes.15G134900","","","protein binding; regulation of circadian rhythm",NA,"(1 of 1) K12116 - flavin-binding kelch repeat F-box protein 1 (FKF1)","GO:0005515 GO:0042752","KOG4693","K12116","PF00646 PF07646 PF13415 PF13418 PF13426","PTHR23244 PTHR23244:SF263","flavin-binding, kelch repeat, f box 1"
"420","Manes.16G015700.v8.1",25.3134677129046,0.264797335497411,0.0772062058265969,3.42974159476427,0.000604156315982067,0.0282741147633424,"Manes.16G015700","","","",NA,"(1 of 28) PF04398 - Protein of unknown function, DUF538 (DUF538)","","","","PF04398","PTHR31676 PTHR31676:SF28","Protein of unknown function, DUF538"
"421","Manes.04G025600.v8.1",3.18312973792548,0.447086467852556,0.130425407085715,3.4279093149292,0.000608248604830402,0.0283709687721012,"Manes.04G025600","PWY-6367; PWY-7039; PWY-6351; LIPASYN-PWY","D-<i>myo</i>-inositol-5-phosphate metabolism; phosphatidate metabolism, as a signaling molecule; D-<i>myo</i>-inositol (1,4,5)-trisphosphate biosynthesis; phospholipases","phosphatidylinositol phospholipase C activity; protein binding; lipid metabolic process; signal transduction; intracellular signal transduction",NA,"(1 of 8) 3.1.4.11 - Phosphoinositide phospholipase C / Triphosphoinositide phosphodiesterase","GO:0004435 GO:0005515 GO:0006629 GO:0007165 GO:0035556","","","PF00168 PF00387 PF00388 PF09279","PTHR10336 PTHR10336:SF92",""
"422","Manes.10G144600.v8.1",139.805104473699,-0.226000558115347,0.065968383390968,-3.42589201824052,0.000612783944593364,0.0285147827487675,"Manes.10G144600","","","calcium ion binding; photosystem II; photosystem II oxygen evolving complex; photosynthesis; extrinsic component of membrane",NA,"(1 of 1) PTHR31407//PTHR31407:SF20 - FAMILY NOT NAMED // THYLAKOID LUMENAL 19 KDA PROTEIN, CHLOROPLASTIC","GO:0005509 GO:0009523 GO:0009654 GO:0015979 GO:0019898","","","PF01789","PTHR31407 PTHR31407:SF20","Mog1/PsbP/DUF1795-like photosystem II reaction center PsbP family protein"
"423","Manes.14G162600.v8.1",292.877795271907,0.299889583375186,0.0875684505745567,3.42463046231311,0.00061563618039389,0.028579781736158,"Manes.14G162600","","","nucleotide binding; P-type calcium transporter activity; calmodulin binding; ATP binding; membrane; metal ion binding; calcium ion transmembrane transport",NA,"(1 of 16) K01537 - Ca2+-transporting ATPase (E3.6.3.8)","GO:0000166 GO:0005388 GO:0005516 GO:0005524 GO:0016020 GO:0016021 GO:0046872 GO:0070588","","K01537","PF00122 PF00689 PF00690 PF00702 PF12515","PTHR24093 PTHR24093:SF359","autoinhibited Ca(2+)-ATPase 10"
"424","Manes.07G051500.v8.1",149.417901003949,-0.379211874049692,0.1109951492789,-3.41647249013412,0.000634380730098345,0.0293805056531632,"Manes.07G051500","","","",NA,"(1 of 3) PTHR31317//PTHR31317:SF3 - FAMILY NOT NAMED // F2J10.8 PROTEIN-RELATED","","","","PF06219","PTHR31317 PTHR31317:SF3","Protein of unknown function (DUF1005)"
"425","Manes.01G087500.v8.1",179.084716109202,0.159221824918401,0.0466236406364214,3.41504487305137,0.000637715046980351,0.0294521973625071,"Manes.01G087500","","","DNA-binding transcription factor activity; regulation of DNA-templated transcription; zinc ion binding; sequence-specific DNA binding",NA,"(1 of 1) PF00320//PF13919 - GATA zinc finger (GATA) // Asx homology domain (ASXH)","GO:0003700 GO:0006355 GO:0008270 GO:0043565","","","PF00320 PF13919","PTHR10071 PTHR10071:SF159","GATA transcription factor 26"
"426","Manes.08G046600.v8.1",120.700422344982,-0.277137721120863,0.081164305445428,-3.41452710769761,0.000638928353436269,0.0294521973625071,"Manes.08G046600","","","",NA,"(1 of 2) K16810 - TBCC domain-containing protein 1 (TBCCD1)","","","K16810","PF07986","PTHR16052 PTHR16052:SF1","Tubulin binding cofactor C domain-containing protein"
"427","Manes.03G020500.v8.1",85.1797118556815,0.543651498059814,0.159266475850146,3.41347100924953,0.000641409823231984,0.0294973412150034,"Manes.03G020500","","","DNA-binding transcription factor activity; nucleus; regulation of DNA-templated transcription; sequence-specific DNA binding",NA,"(1 of 2) PTHR10015//PTHR10015:SF187 - HEAT SHOCK TRANSCRIPTION FACTOR // HEAT STRESS TRANSCRIPTION FACTOR C-1","GO:0003700 GO:0005634 GO:0006355 GO:0043565","","","PF00447","PTHR10015 PTHR10015:SF187","heat shock transcription factor  C1"
"428","Manes.01G115400.v8.1",3.26844662623786,-0.809516702423747,0.237488634993048,-3.40865449181365,0.000652841072919649,0.0298352133149128,"Manes.01G115400","","","",NA,"(1 of 2) PTHR10641//PTHR10641:SF550 - MYB-LIKE DNA-BINDING PROTEIN MYB // SUBFAMILY NOT NAMED","","KOG0048","K09422","PF00249","PTHR10641 PTHR10641:SF550",""
"429","Manes.02G104700.v8.1",101.553406444123,-0.450563434680183,0.132182377145602,-3.40864980952701,0.000652852277198813,0.0298352133149128,"Manes.02G104700","PWY-5152; PWY1F-823; PWY1F-FLAVSYN; PWY-5059; PWY-6787","leucodelphinidin biosynthesis; leucopelargonidin and leucocyanidin biosynthesis; flavonoid biosynthesis; pinobanksin biosynthesis; flavonoid biosynthesis (in equisetum)","oxidoreductase activity",NA,"(1 of 1) K00475 - naringenin 3-dioxygenase (E1.14.11.9)","GO:0016491 GO:0055114","KOG0143","K00475","PF03171 PF14226","PTHR10209 PTHR10209:SF137","flavanone 3-hydroxylase"
"430","Manes.08G104900.v8.1",139.004439353825,0.126212404297942,0.0370399296275719,3.40746879292103,0.000655684058761325,0.0298352133149128,"Manes.08G104900","","","nuclear-transcribed mRNA catabolic process, non-stop decay; nuclear-transcribed mRNA catabolic process, no-go decay; RNA surveillance",NA,"(1 of 1) K06965 - protein pelota (PELO, DOM34, pelA)","GO:0070481 GO:0070966 GO:0071025","","K06965","PF03463 PF03464 PF03465","PTHR10853","Eukaryotic release factor 1 (eRF1) family protein"
"431","Manes.14G004400.v8.1",1373.56492363399,-0.115011531158464,0.0337478604066108,-3.40796512053651,0.000654492601018433,0.0298352133149128,"Manes.14G004400","","","nucleic acid binding; RNA binding; nucleus; cytoplasm; RNA processing",NA,"(1 of 2) K12876 - RNA-binding protein 8A (RBM8A, Y14)","GO:0003676 GO:0003723 GO:0005634 GO:0005737 GO:0006396","KOG0130","K12876","PF00076","PTHR23139","RNA-binding (RRM/RBD/RNP motifs) family protein"
"432","Manes.15G019200.v8.1",235.957847050531,-0.360093492471792,0.10568634515568,-3.40719032284977,0.000656353422215324,0.0298352133149128,"Manes.15G019200","","","membrane; transmembrane transport; transmembrane transporter activity",NA,"(1 of 10) K08145 - MFS transporter, SP family, solute carrier family 2 (facilitated glucose transporter), member 8 (SLC2A8, GLUT8)","GO:0016020 GO:0016021 GO:0022891 GO:0055085","KOG0254","K08145","PF07690","PTHR23500 PTHR23500:SF62","Major facilitator superfamily protein"
"433","Manes.06G021500.v8.1",236.357825474557,0.188291416117903,0.0552963521701384,3.40513268467619,0.000661319133312088,0.0298536179789643,"Manes.06G021500","","","carbohydrate metabolic process; isomerase activity",NA,"(1 of 3) PTHR11122//PTHR11122:SF22 - APOSPORY-ASSOCIATED PROTEIN C-RELATED // SUBFAMILY NOT NAMED","GO:0005975 GO:0016853","","K01792","PF01263","PTHR11122 PTHR11122:SF22","Galactose mutarotase-like superfamily protein"
"434","Manes.09G042800.v8.1",1068.56128806055,0.248095459732144,0.072836459418122,3.40619878717521,0.000658741956992333,0.0298536179789643,"Manes.09G042800","","","",NA,"","","","","","PTHR35722",""
"435","Manes.10G008900.v8.1",259.818270560307,0.158124348668245,0.0464357446998958,3.40522909000747,0.000661085699868926,0.0298536179789643,"Manes.10G008900","","","iron ion transport; intracellular iron ion homeostasis; ferric iron binding",NA,"(1 of 2) PTHR11431:SF41 - FERRITIN-1, CHLOROPLASTIC-RELATED","GO:0006826 GO:0006879 GO:0008199","KOG2332","K00522","PF00210","PTHR11431 PTHR11431:SF41","ferritin 2"
"436","Manes.02G182900.v8.1",57.6343355348776,0.181370810720247,0.0533189636163228,3.40161920673047,0.000669879062095767,0.0301706769320518,"Manes.02G182900","","","",NA,"","","","","","PTHR33401 PTHR33401:SF3",""
"437","Manes.14G172600.v8.1",657.906455374591,-0.112864643437321,0.033240597331784,-3.39538553747353,0.000685320226340331,0.030795499507197,"Manes.14G172600","","","protein kinase activity; protein serine/threonine kinase activity; protein tyrosine kinase activity; ATP binding; protein phosphorylation",NA,"(1 of 1569) 2.7.11.1 - Non-specific serine/threonine protein kinase / Threonine-specific protein kinase","GO:0004672 GO:0004674 GO:0004713 GO:0005524 GO:0006468","","","PF07714","PTHR24356 PTHR24356:SF144","Protein kinase superfamily protein"
"438","Manes.02G124800.v8.1",1249.4227615245,0.532941318915969,0.157047156124847,3.39351142718113,0.000690026795623892,0.030912042152213,"Manes.02G124800","","","",NA,"(1 of 16) PTHR11527//PTHR11527:SF158 - SMALL HEAT-SHOCK PROTEIN  HSP20  FAMILY // 17.6 KDA CLASS I HEAT SHOCK PROTEIN 1-RELATED","","KOG0710","K13993","PF00011","PTHR11527 PTHR11527:SF158","HSP20-like chaperones superfamily protein"
"439","Manes.12G047002.v8.1",62.286034424904,0.297328667373007,0.0876274202541009,3.39310077268984,0.000691062102399628,0.030912042152213,"Manes.12G047002","","","",NA,"(1 of 13) KOG0324 - Uncharacterized conserved protein","","KOG0324","","PF05903","PTHR12378 PTHR12378:SF16","PPPDE putative thiol peptidase family protein"
"440","Manes.01G191500.v8.1",193.450388182122,0.361721367393297,0.106689055837865,3.39042617401175,0.000697840472465747,0.0309513120745466,"Manes.01G191500","","","DNA binding; DNA-binding transcription factor activity; regulation of DNA-templated transcription; sequence-specific DNA binding",NA,"(1 of 2) KOG0490 - Transcription factor, contains HOX domain","GO:0003677 GO:0003700 GO:0006355 GO:0043565","KOG0490","K09338","PF00046 PF02183","PTHR24326 PTHR24326:SF190",""
"441","Manes.12G094000.v8.1",3405.87511370239,-0.176616925751273,0.0520979854376806,-3.39009127257984,0.000698693569353158,0.0309513120745466,"Manes.12G094000","","","protein kinase activity; protein tyrosine kinase activity; ATP binding; protein phosphorylation",NA,"(1 of 2) PTHR24343:SF169 - SERINE/THREONINE-PROTEIN KINASE SRK2D-RELATED","GO:0004672 GO:0004713 GO:0005524 GO:0006468","KOG0583","K14498","PF00069","PTHR24343 PTHR24343:SF169","sucrose nonfermenting 1(SNF1)-related protein kinase 2.3"
"442","Manes.14G160500.v8.1",21.4724657457661,-0.361807139836073,0.106707947330319,-3.39062974115773,0.000697322397509454,0.0309513120745466,"Manes.14G160500","","","protein binding",NA,"(1 of 7) PTHR24177//PTHR24177:SF42 - FAMILY NOT NAMED // ANKYRIN REPEAT FAMILY PROTEIN","GO:0005515","","","PF13637 PF13962","PTHR24177 PTHR24177:SF42","Ankyrin repeat family protein"
"443","Manes.16G122400.v8.1",1054.89683735402,-0.124643918345151,0.0367543717480236,-3.39126782521739,0.000695700799595139,0.0309513120745466,"Manes.16G122400","","","phospholipid binding",NA,"(1 of 1) PTHR22951//PTHR22951:SF13 - CLATHRIN ASSEMBLY PROTEIN // SUBFAMILY NOT NAMED","GO:0005543","KOG0251","","PF07651","PTHR22951 PTHR22951:SF13","epsin N-terminal homology (ENTH) domain-containing protein / clathrin assembly protein-related"
"444","Manes.18G111900.v8.1",2594.65440610837,-0.208967289608768,0.0616486458418061,-3.38964930624737,0.000699820876971975,0.0309513120745466,"Manes.18G111900","","","phosphorelay signal transduction system",NA,"(1 of 1) PTHR26402//PTHR26402:SF604 - RESPONSE REGULATOR OF TWO-COMPONENT SYSTEM // SUBFAMILY NOT NAMED","GO:0000160","","K14492","PF00072","PTHR26402 PTHR26402:SF604",""
"445","Manes.01G194000.v8.1",4181.12372492185,0.18295243204287,0.0539928233633333,3.38845832920665,0.000702867079277964,0.0310161816534413,"Manes.01G194000","","","nucleic acid binding; zinc ion binding",NA,"(1 of 4) PTHR12374:SF26 - F25A4.19 PROTEIN","GO:0003676 GO:0008270","","","PF00249","PTHR12374 PTHR12374:SF26","myb-like transcription factor family protein"
"446","Manes.05G118900.v8.1",198.00883451672,-0.12023809500658,0.0355021628130598,-3.38678225435744,0.00070717490882719,0.0311363087099541,"Manes.05G118900","","","",NA,"(1 of 22) PF12854//PF13041 - PPR repeat (PPR_1) // PPR repeat family (PPR_2)","","","","PF12854 PF13041","PTHR24015 PTHR24015:SF384","Pentatricopeptide repeat (PPR-like) superfamily protein"
"447","Manes.07G019300.v8.1",6779.47951554451,0.356824922180475,0.10538461613617,3.38592989435396,0.000709375033899813,0.031163305460158,"Manes.07G019300","","","protein binding",NA,"(1 of 1) PTHR10666//PTHR10666:SF155 - UBIQUITIN // POLYUBIQUITIN 4","GO:0005515","KOG0001","K08770","PF11976","PTHR10666 PTHR10666:SF155","ubiquitin 4"
"448","Manes.02G020100.v8.1",10994.4571362363,0.222307652338297,0.0656837367849379,3.38451591245757,0.000713038858260231,0.0311847306451139,"Manes.02G020100","","","transporter activity; transport; membrane",NA,"(1 of 4) PTHR19139//PTHR19139:SF169 - AQUAPORIN TRANSPORTER // AQUAPORIN PIP1-4-RELATED","GO:0005215 GO:0006810 GO:0016020","KOG0223","K09872","PF00230","PTHR19139 PTHR19139:SF169","plasma membrane intrinsic protein 1C"
"449","Manes.05G027100.v8.1",281.139218387369,-0.196119736372103,0.0579391140950006,-3.38492811696315,0.00071196896727332,0.0311847306451139,"Manes.05G027100","","","protein binding",NA,"(1 of 5) PF00651//PF07707 - BTB/POZ domain (BTB) // BTB And C-terminal Kelch (BACK)","GO:0005515","","","PF00651 PF07707","PTHR24412 PTHR24412:SF214","POZ/BTB containin G-protein 1"
"450","Manes.12G013400.v8.1",4.64664319862349,0.485699520295194,0.143605399776309,3.38218145732512,0.000719126255773574,0.0313810717436126,"Manes.12G013400","","","protein kinase activity; protein tyrosine kinase activity; protein binding; ATP binding; protein phosphorylation",NA,"(1 of 2) PTHR27008//PTHR27008:SF4 - FAMILY NOT NAMED // LEUCINE-RICH REPEAT PROTEIN KINASE FAMILY PROTEIN","GO:0004672 GO:0004713 GO:0005515 GO:0005524 GO:0006468","KOG1187","","PF07714 PF08263 PF13855","PTHR27008 PTHR27008:SF4","Leucine-rich repeat protein kinase family protein"
"451","Manes.03G028500.v8.1",25.2558199061752,0.313138606606653,0.0926674104135038,3.37916647513246,0.000727059670624579,0.0316305922044987,"Manes.03G028500","","","",NA,"(1 of 5) K13989 - Derlin-2/3 (DERL2_3)","","KOG0858","K13989","PF04511","PTHR11009 PTHR11009:SF13","DERLIN-1"
"452","Manes.03G099316.v8.1",8.22352463733991,-0.621204582425387,0.18385435670203,-3.37878630437986,0.000728065777686683,0.0316305922044987,"Manes.03G099316","","","",NA,"","","","","","",""
"453","Manes.02G164000.v8.1",6.57047921689468,-0.654228695461171,0.193868326864317,-3.37460329927461,0.000739221666806822,0.0320104770356249,"Manes.02G164000","PWY-7511","protein ubiquitylation","protein binding; zinc ion binding",NA,"(1 of 301) 6.3.2.19 - Transferred entry: 2.3.2.23, 2.3.2.27 and 6.2.1.45","GO:0005515 GO:0008270","","","PF13639","PTHR22763","RING/U-box superfamily protein"
"454","Manes.11G160500.v8.1",46.0423945039804,0.15283479873617,0.0453101950837307,3.37307748187223,0.000743330321752047,0.0320104770356249,"Manes.11G160500","","","",NA,"(1 of 1) PTHR37211//PTHR37211:SF1 - FAMILY NOT NAMED // EXPRESSED PROTEIN","","","","","PTHR37211 PTHR37211:SF1","S-adenosyl-L-methionine-dependent methyltransferases superfamily protein"
"455","Manes.15G077000.v8.1",853.202438223975,-0.1505076644596,0.0446195580502635,-3.37313212044939,0.000743182827957706,0.0320104770356249,"Manes.15G077000","","","protein dimerization activity",NA,"(1 of 3) PTHR23042//PTHR23042:SF67 - CIRCADIAN PROTEIN CLOCK/ARNT/BMAL/PAS // TRANSCRIPTION FACTOR ILR3-RELATED","GO:0046983","","","PF00010","PTHR23042 PTHR23042:SF67","basic helix-loop-helix (bHLH) DNA-binding superfamily protein"
"456","Manes.17G069400.v8.1",356.294798867171,-0.253094026457136,0.0750150791535619,-3.37390867693457,0.000741089493243975,0.0320104770356249,"Manes.17G069400","","","",NA,"(1 of 10) PF04862 - Protein of unknown function (DUF642) (DUF642)","","","","PF04862","PTHR31265 PTHR31265:SF1","Protein of unknown function, DUF642"
"457","Manes.16G077200.v8.1",132.491194992287,-0.135744343627746,0.0402567393988855,-3.37196567965224,0.000746337481038761,0.0320696479543942,"Manes.16G077200","","","",NA,"(1 of 2) K12125 - protein EARLY FLOWERING 3 (ELF3)","","","K12125","","PTHR34281 PTHR34281:SF2","hydroxyproline-rich glycoprotein family protein"
"458","Manes.10G053500.v8.1",64.8294915858462,0.209539319254891,0.0622509803888166,3.36604046950134,0.000762555199286326,0.0326237395389664,"Manes.10G053500","","","protein dephosphorylation; protein tyrosine/serine/threonine phosphatase activity; dephosphorylation; phosphatase activity",NA,"(1 of 2) PTHR10343//PTHR10343:SF58 - 5'-AMP-ACTIVATED PROTEIN KINASE , BETA SUBUNIT // PHOSPHOGLUCAN PHOSPHATASE DSP4, CHLOROPLASTIC","GO:0006470 GO:0008138 GO:0016311 GO:0016791","","","PF00782 PF16561","PTHR10343 PTHR10343:SF58","dual specificity protein phosphatase (DsPTP1) family protein"
"459","Manes.17G074800.v8.1",294.355450797862,-0.221535134163008,0.0658127610512492,-3.36614253260847,0.000762273097132372,0.0326237395389664,"Manes.17G074800","","","protein binding; protein-folding chaperone binding",NA,"(1 of 1) PTHR12329//PTHR12329:SF17 - BCL2-ASSOCIATED ATHANOGENE // SUBFAMILY NOT NAMED","GO:0005515 GO:0051087","KOG4361","","PF00240 PF02179","PTHR12329 PTHR12329:SF17",""
"460","Manes.01G052500.v8.1",761.634294579581,0.28694883330786,0.0852707550863404,3.36514943508254,0.000765022136418389,0.0326581297670607,"Manes.01G052500","","","",NA,"(1 of 2) PTHR10857//PTHR10857:SF54 - COPINE // DCD (DEVELOPMENT AND CELL DEATH) DOMAIN PROTEIN","","","","PF10539","PTHR10857 PTHR10857:SF54","DCD (Development and Cell Death) domain protein"
"461","Manes.01G037100.v8.1",6.66542105383009,0.429616224622714,0.127694138133995,3.3644161815157,0.000767057793744981,0.032673999773905,"Manes.01G037100","PWY-7511","protein ubiquitylation","ubiquitin-protein transferase activity; protein binding; protein ubiquitination",NA,"(1 of 2) PTHR22849//PTHR22849:SF37 - WDSAM1 PROTEIN // SUBFAMILY NOT NAMED","GO:0004842 GO:0005515 GO:0016567","","","PF00514 PF04564","PTHR22849 PTHR22849:SF37",""
"462","Manes.08G022800.v8.1",1551.33545341481,-0.148662310192579,0.0442183417511201,-3.36200554578265,0.000773785695153664,0.0328892417656548,"Manes.08G022800","","","nucleus",NA,"(1 of 2) K12873 - bud site selection protein 31 (BUD31, G10)","GO:0005634","KOG3404","K12873","PF01125","PTHR19411 PTHR19411:SF2",""
"463","Manes.05G087400.v8.1",7444.22699766402,-0.146995223880003,0.0437477977967538,-3.36005996377059,0.000779255572144813,0.0329789691168269,"Manes.05G087400","","","protein binding",NA,"(1 of 2) PTHR12791//PTHR12791:SF34 - GOLGI SNARE BET1-RELATED // SUBFAMILY NOT NAMED","GO:0005515","KOG3385","K08504","","PTHR12791 PTHR12791:SF34","BET1P/SFT1P-like protein 14A"
"464","Manes.07G105700.v8.1",27.6493263202497,0.232533989691589,0.06919835216212,3.36039779020751,0.000778303227314648,0.0329789691168269,"Manes.07G105700","","","protein binding",NA,"(1 of 1) PTHR11260//PTHR11260:SF320 - GLUTATHIONE S-TRANSFERASE, GST, SUPERFAMILY, GST DOMAIN CONTAINING // SUBFAMILY NOT NAMED","GO:0005515","KOG0406","K00799","PF13410 PF13417","PTHR11260 PTHR11260:SF320",""
"465","Manes.17G099400.v8.1",46.8705462051493,-0.142459551473437,0.0424055651138945,-3.35945414454007,0.000780966108048357,0.0329802827177324,"Manes.17G099400","","","",NA,"(1 of 1) PTHR10584//PTHR10584:SF188 - SUGAR KINASE // ADY43A","","KOG2855","","PF00294","PTHR10584 PTHR10584:SF188","pfkB-like carbohydrate kinase family protein"
"466","Manes.17G033500.v8.1",435.546603166404,-0.121993191118413,0.0363495318055927,-3.35611450983374,0.000790458326369374,0.0333095067702047,"Manes.17G033500","","","endoplasmic reticulum membrane",NA,"(1 of 5) PTHR10809:SF48 - VESICLE-ASSOCIATED PROTEIN 4-1","GO:0005789","KOG0439","","PF00635","PTHR10809 PTHR10809:SF48","PapD-like superfamily protein"
"467","Manes.18G064621.v8.1",309.609606030749,-0.191340625436502,0.0570476314737178,-3.35405029961066,0.0007963788474817,0.0334871336787969,"Manes.18G064621","PWY-7279; PWY-3781","aerobic respiration II (cytochrome c) (yeast); aerobic respiration I (cytochrome c)","cytochrome-c oxidase activity; mitochondrion",NA,"(1 of 4) K02267 - cytochrome c oxidase subunit 6b (COX6B)","GO:0004129 GO:0005739","KOG3057","K02267","PF02297","PTHR11387 PTHR11387:SF15","cytochrome C oxidase 6B"
"468","Manes.13G076700.v8.1",390.053839030737,-0.270921451980459,0.0807995674431188,-3.35300621715805,0.000799389109022989,0.0335418887476163,"Manes.13G076700","","","zinc ion binding; oxidoreductase activity",NA,"(1 of 1) 1.2.1.76 - Succinate-semialdehyde dehydrogenase (acetylating) / Succinyl-CoA reductase","GO:0008270 GO:0016491 GO:0055114","KOG0022","","PF08240 PF13602","PTHR11695 PTHR11695:SF555","GroES-like zinc-binding alcohol dehydrogenase family protein"
"469","Manes.03G100100.v8.1",935.651887665059,-0.133408563864556,0.0398120133455405,-3.35096250236489,0.000805312062736614,0.0336802247534048,"Manes.03G100100","","","protein transport; membrane",NA,"(1 of 4) K10956 - protein transport protein SEC61 subunit alpha (SEC61A)","GO:0015031 GO:0016020","","K10956","PF00344 PF10559","PTHR10906","SecY protein transport family protein"
"470","Manes.18G042900.v8.1",295.767787329932,-0.242462111654955,0.0723619300402756,-3.35068607926854,0.000806116292412297,0.0336802247534048,"Manes.18G042900","","","monooxygenase activity; iron ion binding; oxidoreductase activity, acting on paired donors, with incorporation or reduction of molecular oxygen; heme binding",NA,"(1 of 5) 1.14.13.53//1.14.13.89 - 4'-methoxyisoflavone 2'-hydroxylase / Isoflavone 2'-monooxygenase // Isoflavone 2'-hydroxylase / Isoflavone 2'-monooxygenase","GO:0004497 GO:0005506 GO:0016705 GO:0020037 GO:0055114","KOG0156","","PF00067","PTHR24298 PTHR24298:SF155","cytochrome P450, family 81, subfamily K, polypeptide 1"
"471","Manes.05G131200.v8.1",30.7733074254379,-0.212097561269962,0.0633130258704729,-3.34998301461497,0.000808165159346664,0.0336941385012536,"Manes.05G131200","","","",NA,"(1 of 1) PTHR34209//PTHR34209:SF1 - FAMILY NOT NAMED // RHODANESE/CELL CYCLE CONTROL PHOSPHATASE SUPERFAMILY PROTEIN","","","","PF00581","PTHR34209 PTHR34209:SF1","Rhodanese/Cell cycle control phosphatase superfamily protein"
"472","Manes.02G220900.v8.1",58.1728015588873,-0.257213217523314,0.0767951335997014,-3.34934266621699,0.000810035462720696,0.033700564367471,"Manes.02G220900","","","ADP binding",NA,"(1 of 70) PTHR23155//PTHR23155:SF554 - LEUCINE-RICH REPEAT-CONTAINING PROTEIN // SUBFAMILY NOT NAMED","GO:0043531","KOG4658","","PF00931","PTHR23155 PTHR23155:SF554",""
"473","Manes.04G008000.v8.1",1.84298896405045,-0.687795428206624,0.205590971399071,-3.34545541336807,0.00082147565605232,0.0341042652386879,"Manes.04G008000","","","",NA,"(1 of 15) PF05910 - Plant protein of unknown function (DUF868) (DUF868)","","","","PF05910","PTHR31972 PTHR31972:SF10","Plant protein of unknown function (DUF868)"
"474","Manes.04G141300.v8.1",493.063928827147,0.122552758244723,0.0366514803640713,3.34373283227214,0.000826592992433893,0.0342062739328799,"Manes.04G141300","","","protein kinase activity; protein tyrosine kinase activity; ATP binding; protein phosphorylation",NA,"(1 of 4) K02218 - casein kinase 1 (CSNK1, CK1)","GO:0004672 GO:0004713 GO:0005524 GO:0006468","","K02218","PF00069","PTHR11909 PTHR11909:SF154","casein kinase 1-like protein 2"
"475","Manes.11G133700.v8.1",765.987390279854,0.209150715629889,0.062555237354003,3.34345651102393,0.000827416617513772,0.0342062739328799,"Manes.11G133700","","","nucleosome; DNA binding",NA,"(1 of 10) K11252 - histone H2B (H2B)","GO:0000786 GO:0003677","KOG1744","K11252","PF00125","PTHR23428","Histone superfamily protein"
"476","Manes.18G098000.v8.1",55.1989221708322,0.110821585916064,0.0331885058220401,3.33915562545358,0.000840334719565898,0.0346673380002427,"Manes.18G098000","PWY-5980","xylogalacturonan biosynthesis","",NA,"(1 of 2) PTHR11062//PTHR11062:SF60 - EXOSTOSIN  HEPARAN SULFATE GLYCOSYLTRANSFERASE -RELATED // EXOSTOSIN FAMILY PROTEIN","","KOG1021","","PF03016","PTHR11062 PTHR11062:SF60","Exostosin family protein"
"477","Manes.10G061001.v8.1",291.751138015142,0.102650733601441,0.0307548477836673,3.33770904422927,0.000844721530743518,0.0347752551346132,"Manes.10G061001","MANNOSYL-CHITO-DOLICHOL-BIOSYNTHESIS","protein <i>N</i>-glycosylation (eukaryotic, high mannose)","glycosyltransferase activity",NA,"(1 of 1) 2.4.1.142 - Chitobiosyldiphosphodolichol beta-mannosyltransferase / mannosyltransferase","GO:0016757","","K03842","PF13579 PF13692","PTHR13036 PTHR13036:SF0","UDP-Glycosyltransferase superfamily protein"
"478","Manes.03G090364.v8.1",78.6279177233954,-0.230406762110811,0.0691286914451534,-3.33301205757113,0.000859112190923312,0.0352200127205868,"Manes.03G090364","","","",NA,"(1 of 2) K14315 - nucleoporin NDC1 (NDC1, TMEM48)","","","K14315","PF09531","PTHR13269","(1 of 1) PTHR13269:SF6 - NUCLEOPORIN NDC1"
"479","Manes.03G173400.v8.1",6.77332157552307,0.451814803098717,0.135550421433916,3.33318626618203,0.000858574414759076,0.0352200127205868,"Manes.03G173400","","","",NA,"(1 of 3) PTHR33109:SF4 - EPIDERMAL PATTERNING FACTOR-LIKE PROTEIN 5","","","","","PTHR33109 PTHR33109:SF4","(1 of 2) PTHR33109:SF4 - EPIDERMAL PATTERNING FACTOR-LIKE PROTEIN 5"
"480","Manes.12G060112.v8.1",1.98037731437458,0.511989585536187,0.153669315168166,3.33176200450883,0.000862980234804482,0.0353048809809492,"Manes.12G060112","","","",NA,"","","","","","PTHR33430 PTHR33430:SF1",""
"481","Manes.07G099600.v8.1",67.7231376238544,-0.247566778875925,0.0743785595933735,-3.32846965885558,0.000873245162763697,0.0355804980880618,"Manes.07G099600","","","DNA binding; DNA-binding transcription factor activity; nucleus; regulation of DNA-templated transcription; zinc ion binding; sequence-specific DNA binding; positive regulation of DNA-templated transcription",NA,"(1 of 2) PTHR10071:SF194 - GATA TRANSCRIPTION FACTOR 8","GO:0003677 GO:0003700 GO:0005634 GO:0006355 GO:0008270 GO:0043565 GO:0045893","","","PF00320","PTHR10071 PTHR10071:SF194","Plant-specific GATA-type zinc finger transcription factor family protein"
"482","Manes.13G064400.v8.1",19.3503500977716,0.268216232379404,0.0805831889653508,3.32843904321944,0.000873341145717054,0.0355804980880618,"Manes.13G064400","","","nucleus; DNA-templated transcription initiation; regulation of DNA-binding transcription factor activity; DNA binding",NA,"(1 of 2) K03131 - transcription initiation factor TFIID subunit 6 (TAF6)","GO:0005634 GO:0006352 GO:0051090","","K03131","PF02969 PF07571","PTHR10221 PTHR10221:SF11","TATA BOX ASSOCIATED FACTOR II 59"
"483","Manes.02G125200.v8.1",412.651449691777,0.517455459942622,0.15581845487721,3.32088686382107,0.000897319034959922,0.0364063096890661,"Manes.02G125200","","","",NA,"(1 of 16) PTHR11527:SF158 - 17.6 KDA CLASS I HEAT SHOCK PROTEIN 1-RELATED","","KOG0710","K13993","PF00011","PTHR11527 PTHR11527:SF158","HSP20-like chaperones superfamily protein"
"484","Manes.15G042500.v8.1",1554.1647297365,-0.161280017491373,0.0485603861478076,-3.32122600920986,0.000896229305286889,0.0364063096890661,"Manes.15G042500","","","structural constituent of ribosome; intracellular anatomical structure; ribosome; translation",NA,"(1 of 2) K02875 - large subunit ribosomal protein L14e (RP-L14e, RPL14)","GO:0003735 GO:0005622 GO:0005840 GO:0006412","KOG3421","K02875","PF01929","PTHR11127 PTHR11127:SF3","Ribosomal protein L14"
"485","Manes.11G154800.v8.1",11.9301355330255,0.338875994113545,0.102148600658702,3.31748053256054,0.000908332453464717,0.0367014905117009,"Manes.11G154800","","","aspartic-type endopeptidase activity; proteolysis",NA,"(1 of 2) PTHR13683//PTHR13683:SF348 - ASPARTYL PROTEASES // ASPARTYL PROTEASE FAMILY PROTEIN","GO:0004190 GO:0006508","KOG1339","","PF14541","PTHR13683 PTHR13683:SF348","Eukaryotic aspartyl protease family protein"
"486","Manes.13G105280.v8.1",37.1724414713712,0.227668473687643,0.0686158652402689,3.31801505221026,0.000906595987397426,0.0367014905117009,"Manes.13G105280","GLYCOGENSYNTH-PWY; PWY-622","glycogen biosynthesis I (from ADP-D-Glucose); starch biosynthesis","","carb","(1 of 1) PTHR12526//PTHR12526:SF382 - GLYCOSYLTRANSFERASE // SUBFAMILY NOT NAMED","","","","PF08323","PTHR12526 PTHR12526:SF382","UDP-Glycosyltransferase superfamily protein"
"487","Manes.11G117700.v8.1",130.871380459912,-0.266953739104206,0.0805207791911641,-3.31533973945325,0.000915318075989305,0.0368321742995942,"Manes.11G117700","","","membrane; transmembrane transporter activity; transmembrane transport",NA,"(1 of 5) K08150 - MFS transporter, SP family, solute carrier family 2 (myo-inositol transporter), member 13 (SLC2A13, ITR)","GO:0016020 GO:0016021 GO:0022857 GO:0022891 GO:0055085","KOG0254","K08150","PF00083","PTHR24064 PTHR24064:SF113","inositol transporter 1"
"488","Manes.13G119500.v8.1",4.15644433322985,-0.627378516418542,0.189229125547115,-3.31544372254859,0.00091497762161959,0.0368321742995942,"Manes.13G119500","","","proteolysis; cysteine-type peptidase activity",NA,"(1 of 2) PTHR12411//PTHR12411:SF349 - CYSTEINE PROTEASE FAMILY C1-RELATED // SUBFAMILY NOT NAMED","GO:0006508 GO:0008234","KOG1543","","PF00112 PF08246","PTHR12411 PTHR12411:SF349",""
"489","Manes.16G066000.v8.1",13.2660956605234,-0.443210488806133,0.133710777042014,-3.31469533429509,0.000917430562809284,0.0368416849936317,"Manes.16G066000","","","",NA,"(1 of 2) PTHR14255//PTHR14255:SF1 - ATP-DEPENDENT PROTEASE  CEREBLON // SUBFAMILY NOT NAMED","GO:0016021","","","PF01925","PTHR14255 PTHR14255:SF1","Sulfite exporter TauE/SafE family protein"
"490","Manes.01G184000.v8.1",136.973086169489,0.223830635226364,0.0675716302738317,3.31249422752268,0.000924680342400349,0.0369815639179545,"Manes.01G184000","GLYCOGENSYNTH-PWY; PWY-622","glycogen biosynthesis I (from ADP-D-Glucose); starch biosynthesis","alpha-1,4-glucan glucosyltransferase (UDP-glucose donor) activity","carb","(1 of 3) K00703 - starch synthase (E2.4.1.21, glgA)","GO:0004373","","K00703","PF00534 PF08323","PTHR12526 PTHR12526:SF337","Glycogen/starch synthases, ADP-glucose type"
"491","Manes.14G159400.v8.1",603.606738065149,-0.125300854423525,0.037824141270148,-3.31272172257923,0.000923928590268016,0.0369815639179545,"Manes.14G159400","","","",NA,"(1 of 1) K13105 - proline-rich protein PRCC (PRCC)","","KOG3903","K13105","PF10253","PTHR13621","(1 of 1) KOG3903 - Mitotic checkpoint protein PRCC"
"492","Manes.03G023600.v8.1",7.22291591644441,0.481309428427929,0.145350830349048,3.3113634595145,0.000928425355745041,0.0370558713633442,"Manes.03G023600","","","antioxidant activity; oxidoreductase activity",NA,"(1 of 10) 1.11.1.15 - Peroxiredoxin / TXNPx","GO:0016209 GO:0016491 GO:0055114","KOG0541","","PF00578","PTHR10430","thioredoxin-dependent peroxidase 1"
"493","Manes.04G094700.v8.1",80.2221875722884,0.303380657667648,0.0916780810379229,3.30919511221176,0.000935646090163097,0.0370923222610544,"Manes.04G094700","","","potassium ion transmembrane transporter activity; membrane; potassium ion transmembrane transport",NA,"(1 of 2) PTHR30540:SF9 - POTASSIUM TRANSPORTER 4","GO:0015079 GO:0016020 GO:0071805","","K03549","PF02705","PTHR30540 PTHR30540:SF9","K+ uptake transporter 3"
"494","Manes.05G137200.v8.1",206.329674854375,0.111682416697387,0.0337525271655125,3.30886087876411,0.000936763725615199,0.0370923222610544,"Manes.05G137200","","","RNA binding; nucleus; nucleotidyltransferase activity",NA,"(1 of 2) PTHR10682:SF10 - FI03258P","GO:0003723 GO:0004652 GO:0005634 GO:0016779 GO:0043631","","K14376","PF01909 PF04926 PF04928","PTHR10682 PTHR10682:SF10","poly(A) polymerase 1"
"495","Manes.07G073352.v8.1",2.10669334946055,0.493016692651807,0.148954507096718,3.30984743101251,0.000933468373989591,0.0370923222610544,"Manes.07G073352","","","",NA,"","","","","","",""
"496","Manes.12G045900.v8.1",101.915029486342,-0.280177380798716,0.0846758729200982,-3.30882187731442,0.000936894222207209,0.0370923222610544,"Manes.12G045900","","","protein binding; zinc ion binding",NA,"(1 of 2) PTHR12183:SF11 - C3HC4 TYPE RING-FINGER PROTEIN-RELATED","GO:0005515 GO:0008270","","","PF13920","PTHR12183 PTHR12183:SF11","RING/U-box superfamily protein"
"497","Manes.01G104700.v8.1",472.680921368571,-0.131104798709412,0.0396504490076328,-3.3065148564692,0.000944643410743915,0.037267741449146,"Manes.01G104700","","","",NA,"(1 of 2) PTHR12277//PTHR12277:SF67 - UNCHARACTERIZED // ALPHA/BETA-HYDROLASES SUPERFAMILY PROTEIN","","KOG1552","","PF12695","PTHR12277 PTHR12277:SF67","alpha/beta-Hydrolases superfamily protein"
"498","Manes.04G150800.v8.1",2.26743700283928,-0.642588918725921,0.19434856672479,-3.30637333505972,0.000945120702840287,0.037267741449146,"Manes.04G150800","","","threonine-type endopeptidase activity; proteasome core complex; proteolysis involved in protein catabolic process",NA,"(1 of 2) PTHR11599//PTHR11599:SF14 - PROTEASOME SUBUNIT ALPHA/BETA // PROTEASOME SUBUNIT ALPHA TYPE-5","GO:0004298 GO:0005839 GO:0051603","KOG0176","","PF00227","PTHR11599 PTHR11599:SF14",""
"499","Manes.03G123618.v8.1",32442.0826647831,-0.180286338406292,0.0545537557874409,-3.30474658992767,0.000950623094555398,0.0373400999315507,"Manes.03G123618","","","translation initiation factor activity; translational initiation",NA,"(1 of 5) K03113 - translation initiation factor 1 (EIF1, SUI1)","GO:0003743 GO:0006413","KOG1770","K03113","PF01253","PTHR10388 PTHR10388:SF14","Translation initiation factor SUI1 family protein"
"500","Manes.11G161800.v8.1",9669.55089705934,-0.128757961608558,0.0389637627981642,-3.30455665371786,0.000951267476123955,0.0373400999315507,"Manes.11G161800","","","RNA binding; structural constituent of ribosome; translation; large ribosomal subunit",NA,"(1 of 2) K02865 - large subunit ribosomal protein L10Ae (RP-L10Ae, RPL10A)","GO:0003723 GO:0003735 GO:0006412 GO:0015934","KOG1570","K02865","PF00687","PTHR23105 PTHR23105:SF48","Ribosomal protein L1p/L10e family"
"501","Manes.13G026200.v8.1",127.773302816133,0.184848529809037,0.0559444106780574,3.30414651917209,0.000952660287503535,0.0373400999315507,"Manes.13G026200","","","",NA,"(1 of 7) PTHR23155//PTHR23155:SF458 - LEUCINE-RICH REPEAT-CONTAINING PROTEIN // DISEASE RESISTANCE RPP13-LIKE PROTEIN 4","","","","","PTHR23155 PTHR23155:SF458",""
"502","Manes.15G039700.v8.1",45.4839379568535,0.695912387080776,0.210717421959109,3.30258590206092,0.000957977409073413,0.0374737099242522,"Manes.15G039700","","","DNA-binding transcription factor activity; regulation of DNA-templated transcription",NA,"(1 of 5) K14516 - ethylene-responsive transcription factor 1 (ERF1)","GO:0003700 GO:0006355","","K14516","PF00847","PTHR31190 PTHR31190:SF25","ethylene response factor 1"
"503","Manes.01G001700.v8.1",1066.09148574594,-0.0931308084684596,0.028237803044019,-3.29808973889651,0.000973450180499526,0.038003262812066,"Manes.01G001700","","","nucleic acid binding",NA,"(1 of 8) PTHR24012//PTHR24012:SF490 - FAMILY NOT NAMED // UBP1-ASSOCIATED PROTEIN 2C","GO:0003676","KOG4205","K12741","PF00076","PTHR24012 PTHR24012:SF490",""
"504","Manes.05G113300.v8.1",436.488830505355,-0.123356431345103,0.0374141105183742,-3.29705636819888,0.000977038903126941,0.0380676844061582,"Manes.05G113300","","","protein binding",NA,"(1 of 1) PTHR22884//PTHR22884:SF295 - SET DOMAIN PROTEINS // HISTONE-LYSINE N-METHYLTRANSFERASE SETD1A","GO:0005515","KOG1080","","PF00856","PTHR22884 PTHR22884:SF295","SET domain protein 25"
"505","Manes.09G081684.v8.1",1289.20812602737,-0.221793327230127,0.067286044104562,-3.29627532992521,0.000979759442589915,0.0380980914339369,"Manes.09G081684","","","",NA,"(1 of 4) PTHR11615//PTHR11615:SF100 - NITRATE, FROMATE, IRON DEHYDROGENASE // SUBFAMILY NOT NAMED","","","","PF04535","PTHR11615 PTHR11615:SF100","Uncharacterised protein family (UPF0497)"
"506","Manes.04G151300.v8.1",386.680688548651,-0.14022772307729,0.0425562013229826,-3.29511842499814,0.000983802106244429,0.0381043825647374,"Manes.04G151300","PWY-7511","protein ubiquitylation","",NA,"(1 of 2) K04554 - ubiquitin-conjugating enzyme E2 J2 (UBE2J2, NCUBE2, UBC6)","","KOG0894","K04554","PF00179","PTHR24067 PTHR24067:SF42","ubiquitin-conjugating enzyme 34"
"507","Manes.07G067400.v8.1",5.11742156351283,0.325838966715808,0.0988797932488907,3.29530388373322,0.000983153005412661,0.0381043825647374,"Manes.07G067400","","","",NA,"(1 of 599) PF13041 - PPR repeat family (PPR_2)","","","","PF13041","PTHR24015 PTHR24015:SF547","ATP binding;nucleic acid binding;helicases"
"508","Manes.13G126000.v8.1",648.793880753633,-0.145641044490653,0.0442216366018369,-3.29343406717342,0.000989715509285983,0.0382579595587576,"Manes.13G126000","","","protein kinase activity; protein tyrosine kinase activity; ATP binding; protein phosphorylation",NA,"(1 of 4) PTHR24349//PTHR24349:SF115 - SERINE/THREONINE-PROTEIN KINASE // SUBFAMILY NOT NAMED","GO:0004672 GO:0004713 GO:0005524 GO:0006468","KOG0032","K00924","PF14531","PTHR24349 PTHR24349:SF115","CDPK-related kinase"
"509","Manes.05G064500.v8.1",7.80621900278578,0.742869366269485,0.225924721774026,3.28812783495432,0.00100856032492897,0.0387575324865562,"Manes.05G064500","","","",NA,"","","","","","",""
"510","Manes.10G077100.v8.1",7.2531797051644,-0.589471347468983,0.179263445802365,-3.28829642223248,0.00100795652190616,0.0387575324865562,"Manes.10G077100","LIPASYN-PWY; PWY-6803","phospholipases; phosphatidylcholine acyl editing","lipid metabolic process",NA,"(1 of 2) PTHR31828//PTHR31828:SF2 - FAMILY NOT NAMED // PHOSPHOLIPASE A1-IIDELTA","GO:0006629","KOG4569","","PF01764","PTHR31828 PTHR31828:SF2","alpha/beta-Hydrolases superfamily protein"
"511","Manes.15G169500.v8.1",10.0335835877591,-0.443387528893792,0.134844139092438,-3.28814831610771,0.00100848695288132,0.0387575324865562,"Manes.15G169500","","","DNA binding; regulation of DNA-templated transcription",NA,"(1 of 1) PTHR31989:SF51 - F5D14.30 PROTEIN-RELATED","GO:0003677 GO:0006355","","","PF02365","PTHR31989 PTHR31989:SF51","NAC domain containing protein 71"
"512","Manes.10G067800.v8.1",11857.8739198611,-0.17315363254312,0.0526938064382448,-3.28603386711206,0.0010160879245253,0.0389705440896551,"Manes.10G067800","","","",NA,"(1 of 4) PTHR12357//PTHR12357:SF21 - YTH  YT521-B HOMOLOGY  DOMAIN-CONTAINING // SUBFAMILY NOT NAMED","","KOG1901","","PF04146","PTHR12357 PTHR12357:SF21","evolutionarily conserved C-terminal region 2"
"513","Manes.03G011300.v8.1",38.7441305297773,0.17897967467753,0.054530071460282,3.28221969794947,0.00102993325956015,0.0391027965701542,"Manes.03G011300","","","",NA,"","","","","","PTHR33670 PTHR33670:SF3",""
"514","Manes.03G086600.v8.1",118.803254464499,0.156296175736323,0.0476330971561045,3.28125158908111,0.00103347514487498,0.0391027965701542,"Manes.03G086600","","","protein kinase activity; protein tyrosine kinase activity; ATP binding; protein phosphorylation",NA,"(1 of 1569) 2.7.11.1 - Non-specific serine/threonine protein kinase / Threonine-specific protein kinase","GO:0004672 GO:0004713 GO:0005524 GO:0006468","KOG1187","","PF07714","PTHR27001 PTHR27001:SF76","Protein kinase superfamily protein"
"515","Manes.04G004900.v8.1",16.8984897046604,-0.231541436299377,0.070523463323239,-3.28318300589017,0.00102642009197876,0.0391027965701542,"Manes.04G004900","","","protein glycosylation; sialyltransferase activity",NA,"(1 of 2) PTHR13713//PTHR13713:SF54 - SIALYLTRANSFERASE // SUBFAMILY NOT NAMED","GO:0006486 GO:0008373","","","PF00777","PTHR13713 PTHR13713:SF54","Glycosyltransferase family 29 (sialyltransferase) family protein"
"516","Manes.05G165800.v8.1",3.12044611854735,0.784838433863026,0.239164868702378,3.28157909696886,0.00103227567762025,0.0391027965701542,"Manes.05G165800","","","nucleic acid binding; ubiquitin-protein transferase activity; protein binding; zinc ion binding; protein ubiquitination",NA,"(1 of 4) PTHR11685//PTHR11685:SF135 - RBR FAMILY  RING FINGER AND IBR DOMAIN-CONTAINING // E3 UBIQUITIN-PROTEIN LIGASE ARI10-RELATED","GO:0003676 GO:0004842 GO:0005515 GO:0008270 GO:0016567","KOG1815","K11968","PF01485","PTHR11685 PTHR11685:SF135",""
"517","Manes.14G004600.v8.1",42.000832603353,-0.260953057127256,0.0794835917602163,-3.2831060014813,0.00102670051736615,0.0391027965701542,"Manes.14G004600","","","nucleic acid binding; metal ion binding",NA,"(1 of 6) PF00076//PF00642 - RNA recognition motif. (a.k.a. RRM, RBD, or RNP domain) (RRM_1) // Zinc finger C-x8-C-x5-C-x3-H type (and similar) (zf-CCCH)","GO:0003676 GO:0046872","","","PF00076 PF00642","PTHR24009 PTHR24009:SF5","Zinc finger (CCCH-type) family protein / RNA recognition motif (RRM)-containing protein"
"518","Manes.14G157400.v8.1",161.200862801497,0.220575459118012,0.067156425934453,3.2845026525578,0.00102162536485868,0.0391027965701542,"Manes.14G157400","","","serine-type endopeptidase activity; cell wall; proteolysis; membrane",NA,"(1 of 1) PF00082//PF05922//PF06280 - Subtilase family (Peptidase_S8) // Peptidase inhibitor I9 (Inhibitor_I9) // Fn3-like domain (fn3_5)","GO:0004252 GO:0005618 GO:0006508 GO:0016020","","","PF00082 PF05922 PF06280","PTHR10795 PTHR10795:SF431","subtilisin-like serine protease 3"
"519","Manes.16G040500.v8.1",29.1863026870859,-0.356474579356348,0.108599388608126,-3.28247316974005,0.0010290077750143,0.0391027965701542,"Manes.16G040500","","","proteolysis; cysteine-type peptidase activity",NA,"(1 of 1) PTHR12411//PTHR12411:SF371 - CYSTEINE PROTEASE FAMILY C1-RELATED // CATHEPSIN O","GO:0006508 GO:0008234","KOG1542","","PF00112 PF00396 PF08246","PTHR12411 PTHR12411:SF371",""
"520","Manes.05G041100.v8.1",63.7605740980356,-0.118697748119,0.0361852086695548,-3.28028364304746,0.00103702770067655,0.039161755688818,"Manes.05G041100","","","",NA,"(1 of 1) K19323 - ataxin-10 (ATXN10)","","KOG2676","K19323","PF09759","PTHR13255","ARM repeat superfamily protein"
"521","Manes.05G004000.v8.1",15.5439876614772,-0.390532348067854,0.119091247167974,-3.27926994934416,0.00104076027147904,0.0392272734184912,"Manes.05G004000","","","protein binding",NA,"(1 of 2) PTHR22884//PTHR22884:SF237 - SET DOMAIN PROTEINS // HISTONE-LYSINE N-METHYLTRANSFERASE E(Z)","GO:0005515","","","PF00856","PTHR22884 PTHR22884:SF237",""
"522","Manes.01G071100.v8.1",13.6161436886618,0.228024041936958,0.0695949136698738,3.27644694005368,0.00105122062871404,0.0392656098142198,"Manes.01G071100","","","",NA,"(1 of 15) PF09335 - SNARE associated Golgi protein (SNARE_assoc)","","","","PF09335","PTHR12677 PTHR12677:SF19","SNARE associated Golgi protein family"
"523","Manes.05G205400.v8.1",598.591700570318,0.0969517205875033,0.0295877290107695,3.27675437855383,0.00105007674663127,0.0392656098142198,"Manes.05G205400","","","nucleic acid binding",NA,"(1 of 7) K14945 - protein quaking (QKI)","GO:0003676","KOG1588","K14945","PF16544","PTHR11208","RNA-binding KH domain-containing protein"
"524","Manes.06G023700.v8.1",708.494746755514,-0.0885951356570645,0.0270339956768223,-3.27717503236201,0.00104851349181908,0.0392656098142198,"Manes.06G023700","","","calmodulin binding; response to stress",NA,"(1 of 1) PTHR31713:SF12 - CALMODULIN-BINDING PROTEIN","GO:0005516 GO:0006950","","","PF07887","PTHR31713 PTHR31713:SF12","Calmodulin-binding protein"
"525","Manes.06G076250.v8.1",6.2887406020516,1.18838168130649,0.362541238344635,3.27792139380516,0.00104574512453013,0.0392656098142198,"Manes.06G076250","","","",NA,"","","","","","",""
"526","Manes.15G026400.v8.1",411.953318184356,-0.114904043177036,0.0350713041705373,-3.2762979847657,0.00105177525906603,0.0392656098142198,"Manes.15G026400","","","protein binding",NA,"(1 of 3) PTHR23315:SF84 - ANKYRIN AND ARMADILLO REPEAT-CONTAINING PROTEIN","GO:0005515","","","PF00514 PF00651","PTHR23315 PTHR23315:SF84","ARM repeat protein interacting with  ABF2"
"527","Manes.04G050800.v8.1",56.4506138336646,0.337510138058343,0.103128346910799,3.2727193654163,0.00106518179912591,0.0396154829345371,"Manes.04G050800","","","",NA,"","","","","","PTHR36743 PTHR36743:SF1",""
"528","Manes.13G020900.v8.1",138.908696435,0.10712754362008,0.0327288128564295,3.27318757603624,0.00106341880290022,0.0396154829345371,"Manes.13G020900","","","nuclear pore; poly(A)+ mRNA export from nucleus",NA,"(1 of 1) K18723 - nucleoporin GLE1 (GLE1)","GO:0005643 GO:0016973","KOG2412","K18723","PF07817","PTHR12960","embryo defective 1745"
"529","Manes.01G175500.v8.1",195.029751870957,-0.354592504272601,0.108403832067724,-3.2710329285322,0.00107155432722372,0.039682928925495,"Manes.01G175500","PWY-5337","stachyose biosynthesis","",NA,"(1 of 2) PTHR31268//PTHR31268:SF5 - FAMILY NOT NAMED // GALACTINOL--SUCROSE GALACTOSYLTRANSFERASE 6-RELATED","","","K06617","PF05691","PTHR31268 PTHR31268:SF5","Raffinose synthase family protein"
"530","Manes.14G032300.v8.1",50.5728381326857,0.251328700540332,0.0768439743946521,3.27063640994893,0.00107305776134022,0.039682928925495,"Manes.14G032300","","","monoatomic cation transport; transmembrane transport",NA,"(1 of 1) PTHR16254//PTHR16254:SF9 - POTASSIUM/PROTON ANTIPORTER-RELATED // K(+) EFFLUX ANTIPORTER 5","GO:0006812 GO:0015299 GO:0016021 GO:0055085","KOG1650","","PF00999","PTHR16254 PTHR16254:SF9","K+ efflux antiporter 5"
"531","Manes.18G103000.v8.1",554.526211830073,-0.14881708401794,0.0454913723031969,-3.27132545103463,0.00107044645237314,0.039682928925495,"Manes.18G103000","PWY66-373; PWY-621","sucrose degradation V (sucrose &alpha;-glucosidase); sucrose degradation III (sucrose invertase)","endo-alpha-N-acetylgalactosaminidase activity","carb","(1 of 2) PTHR31916:SF3 - ALKALINE/NEUTRAL INVERTASE CINV1-RELATED","GO:0033926","","","PF12899","PTHR31916 PTHR31916:SF3","cytosolic invertase 2"
"532","Manes.02G041600.v8.1",301.020640195422,-0.139378091354354,0.042639746654341,-3.26873638542512,0.00108028898021572,0.0398212542804509,"Manes.02G041600","PWY-5136; PWY-735; PWY-561; PWY-6837; PWY-7606; PWY-7726","fatty acid &beta;-oxidation II (peroxisome); jasmonic acid biosynthesis; superpathway of glyoxylate cycle and fatty acid degradation; fatty acid beta-oxidation V (unsaturated, odd number, di-isomerase-dependent); docosahexaenoate biosynthesis III (6-desaturase, mammals); (4Z,7Z,10Z,13Z,16Z)-docosa-4,7,10,13,16-pentaenoate biosynthesis (6-desaturase)","acyl-CoA dehydrogenase activity; acyl-CoA oxidase activity; peroxisome; fatty acid metabolic process; fatty acid beta-oxidation; flavin adenine dinucleotide binding",NA,"(1 of 2) PTHR10909//PTHR10909:SF250 - ELECTRON TRANSPORT OXIDOREDUCTASE // PEROXISOMAL ACYL-COENZYME A OXIDASE 2","GO:0003995 GO:0003997 GO:0005777 GO:0006631 GO:0006635 GO:0050660 GO:0055114","","K00232","PF01756 PF02770 PF14749","PTHR10909 PTHR10909:SF250","acyl-CoA oxidase 1"
"533","Manes.02G117704.v8.1",1736.67667544344,-0.129560630758292,0.0396445324854926,-3.268057980144,0.00108288179384635,0.0398212542804509,"Manes.02G117704","","","",NA,"","","","","","PTHR37740",""
"534","Manes.03G207600.v8.1",45.6865060644542,0.24755355868096,0.0757427325128373,3.26834734459842,0.00108177516165482,0.0398212542804509,"Manes.03G207600","","","",NA,"(1 of 5) PF13668 - Ferritin-like domain (Ferritin_2)","","","","PF13668","PTHR31694 PTHR31694:SF4","(1 of 2) PF13668 - Ferritin-like domain (Ferritin_2)"
"535","Manes.02G045900.v8.1",11485.6081332562,-0.153143868040449,0.0468743596452178,-3.26711381658465,0.00108649989598896,0.0398796232851124,"Manes.02G045900","","","structural constituent of ribosome; intracellular anatomical structure; ribosome; translation",NA,"(1 of 5) K02915 - large subunit ribosomal protein L34e (RP-L34e, RPL34)","GO:0003735 GO:0005622 GO:0005840 GO:0006412","KOG1790","K02915","PF01199","PTHR10759 PTHR10759:SF13","Ribosomal protein L34e superfamily protein"
"536","Manes.07G077000.v8.1",546.410954631266,-0.198982159100651,0.0609473354708761,-3.26482130126485,0.0010953315613804,0.0401287796097516,"Manes.07G077000","","","",NA,"(1 of 8) PF05911 - Filament-like plant protein, long coiled-coil (FPP)","","","","PF05911","PTHR31580 PTHR31580:SF8","Plant protein of unknown function (DUF869)"
"537","Manes.03G137751.v8.1",10.9227534549896,-0.42317756461474,0.129676799298827,-3.26332518155055,0.00110113095093831,0.0402661238055411,"Manes.03G137751","","","nucleic acid binding; metal ion binding",NA,"(1 of 5) PTHR24009//PTHR24009:SF4 - FAMILY NOT NAMED // ZINC FINGER CCCH DOMAIN-CONTAINING PROTEIN 18","GO:0003676 GO:0046872","","","PF00076 PF00642 PF12872","PTHR24009 PTHR24009:SF4","CCCH-type zinc fingerfamily protein with RNA-binding domain"
"538","Manes.01G106000.v8.1",626.560753931008,-0.16129991266225,0.0494470813966922,-3.26207145307954,0.00110601261565223,0.0402945635131035,"Manes.01G106000","","","",NA,"(1 of 1) K16750 - biogenesis of lysosome-related organelles complex 1 subunit 2 (BLOC1S2)","","KOG4559","K16750","PF10046","","(1 of 1) KOG4559 - Uncharacterized conserved protein"
"539","Manes.01G106300.v8.1",0.930250097961926,-0.761559128188457,0.233450783002983,-3.26218279669992,0.00110557826666,0.0402945635131035,"Manes.01G106300","","","protein kinase activity; protein tyrosine kinase activity; protein binding; ATP binding; protein phosphorylation",NA,"(1 of 2) PTHR27001//PTHR27001:SF217 - FAMILY NOT NAMED // PROTEIN NSP-INTERACTING KINASE 1","GO:0004672 GO:0004713 GO:0005515 GO:0005524 GO:0006468","KOG1187","","PF00069 PF08263 PF13855","PTHR27001 PTHR27001:SF217","NSP-interacting kinase 1"
"540","Manes.10G026900.v8.1",19.8481691187569,0.392766355609977,0.120471037555559,3.26025544047332,0.00111311915190079,0.0404783718256961,"Manes.10G026900","","","membrane; glycosyltransferase activity",NA,"(1 of 2) PTHR10811//PTHR10811:SF14 - FRINGE-RELATED // SUBFAMILY NOT NAMED","GO:0016020 GO:0016757","KOG2246","","PF02434","PTHR10811 PTHR10811:SF14","Protein of unknown function (DUF604)"
"541","Manes.08G153900.v8.1",266.593831040563,0.135403675756387,0.0415531164072721,3.2585684892864,0.00111975844009039,0.0406445406433547,"Manes.08G153900","","","",NA,"(1 of 1) PTHR31587:SF3 - F1K23.6","","","","PF10225","PTHR31587 PTHR31587:SF3","Uncharacterized conserved protein (DUF2215)"
"542","Manes.09G173700.v8.1",77.6112498398793,-0.237551682133566,0.072924550802188,-3.25749942262844,0.00112398487040978,0.0406477726380801,"Manes.09G173700","","","",NA,"(1 of 2) PTHR24006//PTHR24006:SF442 - FAMILY NOT NAMED // PROTEIN GADR-4","","KOG1947","K10268","","PTHR24006 PTHR24006:SF442","F-box family protein"
"543","Manes.16G121800.v8.1",844.532150738358,-0.114089345687725,0.03502360345856,-3.25749878429031,0.00112398739840492,0.0406477726380801,"Manes.16G121800","","","",NA,"(1 of 4) PTHR31358:SF10 - TARGETING PROTEIN FOR XKLP2-LIKE PROTEIN","","","","PF06886","PTHR31358 PTHR31358:SF10","TPX2 (targeting protein for Xklp2) protein family"
"544","Manes.07G126300.v8.1",2097.56314077931,-0.169044006421848,0.0519257115858128,-3.2554971565962,0.00113194029895038,0.0408601317104571,"Manes.07G126300","","","protein binding",NA,"(1 of 2) K03249 - translation initiation factor 3 subunit F (EIF3F)","GO:0005515","KOG2975","K03249","PF01398 PF13012","PTHR10540","eukaryotic translation initiation factor 2"
"545","Manes.15G129000.v8.1",36.9739069443176,0.254748080762543,0.0782737205715522,3.25457993950435,0.00113560195381741,0.0409170927836925,"Manes.15G129000","","","",NA,"(1 of 1) 1.14.11.18 - Phytanoyl-CoA dioxygenase / Phytanoyl-CoA hydroxylase","","KOG3290","K00477","PF05721","PTHR20883","phytanoyl-CoA dioxygenase (PhyH) family protein"
"546","Manes.02G209475.v8.1",181.469067612788,-0.273713204721017,0.0842071997239185,-3.25047271039071,0.0011521332534525,0.0414367045751771,"Manes.02G209475","","","ADP binding",NA,"(1 of 70) PTHR23155//PTHR23155:SF554 - LEUCINE-RICH REPEAT-CONTAINING PROTEIN // SUBFAMILY NOT NAMED","GO:0043531","KOG4658","","PF00931","PTHR23155 PTHR23155:SF554",""
"547","Manes.18G143600.v8.1",36.5174428736909,0.444873758184725,0.13702226071614,3.246726158652,0.00116740655414664,0.0419092550343282,"Manes.18G143600","","","",NA,"(1 of 82) 5.2.1.8 - Peptidylprolyl isomerase / Rotamase","","","","","",""
"548","Manes.12G021900.v8.1",11.1174265441695,0.272314465513049,0.0839120407260418,3.24523707392731,0.0011735287947014,0.04197556455656,"Manes.12G021900","","","",NA,"(1 of 11) PF05212 - Protein of unknown function (DUF707) (DUF707)","","","","PF05212","PTHR31210 PTHR31210:SF7","Protein of unknown function (DUF707)"
"549","Manes.12G097000.v8.1",14.5863511676664,-0.524558479393497,0.161637430575218,-3.24527850713016,0.00117335804522635,0.04197556455656,"Manes.12G097000","","","",NA,"(1 of 53) PF14009 - Domain of unknown function (DUF4228) (DUF4228)","","","","PF14009","PTHR33052 PTHR33052:SF17","(1 of 28) PF14009 - Domain of unknown function (DUF4228) (DUF4228)"
"550","Manes.13G031100.v8.1",3.37138607307536,0.497575566034685,0.153465087699602,3.24227206000531,0.00118580763274999,0.04233764451693,"Manes.13G031100","PWY-7511","protein ubiquitylation","ubiquitin-protein transferase activity; protein binding; protein ubiquitination",NA,"(1 of 3) PTHR23315//PTHR23315:SF116 - BETA CATENIN-RELATED ARMADILLO REPEAT-CONTAINING // U-BOX DOMAIN-CONTAINING PROTEIN 18-RELATED","GO:0004842 GO:0005515 GO:0016567","","","PF04564","PTHR23315 PTHR23315:SF116","ARM repeat superfamily protein"
"551","Manes.14G057600.v8.1",1343.72298300161,-0.199362039374428,0.0615088614006658,-3.24119216052128,0.00119030916940549,0.0424212362243476,"Manes.14G057600","","","nucleic acid binding",NA,"(1 of 8) K11294 - nucleolin (NCL, NSR1)","GO:0003676","KOG0131","K11294","PF00076","PTHR24012","31-kDa RNA binding protein"
"552","Manes.01G219800.v8.1",12.836647095454,0.211007262757679,0.0651445474850739,3.23906252946228,0.00119923279096278,0.0426030278893518,"Manes.01G219800","","","methyltransferase activity; methylation",NA,"(1 of 1) PTHR13600//PTHR13600:SF22 - LEUCINE CARBOXYL METHYLTRANSFERASE // S-ADENOSYL-L-METHIONINE-DEPENDENT METHYLTRANSFERASES SUPERFAMILY PROTEIN","GO:0008168 GO:0032259","","","PF04072","PTHR13600 PTHR13600:SF22","S-adenosyl-L-methionine-dependent methyltransferases superfamily protein"
"553","Manes.09G002100.v8.1",168.320633967291,0.129763600946885,0.0400636045133861,3.23893974401451,0.00119974916854975,0.0426030278893518,"Manes.09G002100","","","",NA,"(1 of 1) PTHR10984:SF32 - ENDOPLASMIC RETICULUM VESICLE TRANSPORTER PROTEIN","","KOG2667","","PF07970 PF13850","PTHR10984 PTHR10984:SF32","Endoplasmic reticulum vesicle transporter protein"
"554","Manes.04G075700.v8.1",701.665484326849,-0.147314866417949,0.0455135198199062,-3.2367276141433,0.00120908759895577,0.0426146722253645,"Manes.04G075700","","","GTP binding; intracellular anatomical structure; signal transduction; small GTPase-mediated signal transduction; protein transport; membrane",NA,"(1 of 6) PTHR24072:SF171 - RAC-LIKE GTP-BINDING PROTEIN ARAC4-RELATED","GO:0005525 GO:0005622 GO:0007165 GO:0007264 GO:0015031 GO:0016020","KOG0393","K04392","PF08477","PTHR24072 PTHR24072:SF171","RAC-like 3"
"555","Manes.06G047000.v8.1",61.5499864841197,0.14170735317846,0.0437849253661511,3.23644158334024,0.00121029995820657,0.0426146722253645,"Manes.06G047000","","","protein binding",NA,"(1 of 2) K12607 - CCR4-NOT transcription complex subunit 10 (CNOT10)","GO:0005515","KOG2471","K12607","PF00515","PTHR12979","Tetratricopeptide repeat (TPR)-like superfamily protein"
"556","Manes.09G122700.v8.1",2238.20149259942,-0.134102808446913,0.0414352604476726,-3.23644178890266,0.00121029908651447,0.0426146722253645,"Manes.09G122700","PWY-7511","protein ubiquitylation","",NA,"(1 of 14) K06689 - ubiquitin-conjugating enzyme E2 D/E (UBE2D_E, UBC4, UBC5)","","KOG0417","K06689","PF00179","PTHR24068",""
"557","Manes.10G069200.v8.1",162.075823715503,-0.0851690767778616,0.0263017856360845,-3.23814808455494,0.00120308344892585,0.0426146722253645,"Manes.10G069200","","","GTPase activator activity; protein binding; cytoplasm",NA,"(1 of 1) PTHR23180//PTHR23180:SF244 - CENTAURIN/ARF // ADP-RIBOSYLATION FACTOR GTPASE-ACTIVATING PROTEIN AGD2-RELATED","GO:0005096 GO:0005515 GO:0005737","","","PF00169 PF01412 PF03114 PF12796","PTHR23180 PTHR23180:SF244","ARF-GAP domain 4"
"558","Manes.18G055200.v8.1",122.513939975663,0.0854219179036801,0.0263949841448606,3.23629358649616,0.00121092769271036,0.0426146722253645,"Manes.18G055200","","","",NA,"(1 of 2) PTHR33966:SF1 - PROTEIN ODR-4 HOMOLOG","","","","PF14778","PTHR33966 PTHR33966:SF1","oxidoreductase, zinc-binding dehydrogenase family protein"
"559","Manes.03G163800.v8.1",14.6202564676631,0.213561947379149,0.0660224031623708,3.23468909263921,0.00121775254836056,0.0427017978431362,"Manes.03G163800","","","oxidoreductase activity",NA,"(1 of 1) PTHR11732:SF255 - ARYL-ALCOHOL DEHYDROGENASE YPL088W-RELATED","GO:0016491 GO:0055114","KOG1575","","PF00248","PTHR11732 PTHR11732:SF255","NAD(P)-linked oxidoreductase superfamily protein"
"560","Manes.08G117400.v8.1",3454.60904949334,-0.173260099128599,0.0535626429260929,-3.23471900682099,0.00121762498139367,0.0427017978431362,"Manes.08G117400","","","",NA,"(1 of 4) K02937 - large subunit ribosomal protein L7e (RP-L7e, RPL7)","","KOG3184","K02937","PF00327 PF08079","PTHR11524","Ribosomal protein L30/L7 family protein"
"561","Manes.03G073800.v8.1",11.4812185867456,-0.36667451445259,0.113386542841421,-3.23384508658501,0.00122135684553245,0.0427518438069887,"Manes.03G073800","LIPASYN-PWY; PWY-7416; PWY-6803; PWY-7417; PWY-7409","phospholipases; phospholipid remodeling (phosphatidylcholine, yeast); phosphatidylcholine acyl editing; phospholipid remodeling (phosphatidate, yeast); phospholipid remodeling (phosphatidylethanolamine, yeast)","phospholipase A2 activity; calcium ion binding; lipid catabolic process",NA,"(1 of 1) K01047 - secretory phospholipase A2 (PLA2G, SPLA2)","GO:0004623 GO:0005509 GO:0016042","","K01047","","PTHR11716 PTHR11716:SF54","Phospholipase A2 family protein"
"562","Manes.01G160800.v8.1",82.9157858300327,0.183280543932744,0.0567013444175369,3.23238444900185,0.00122761773496552,0.0428026195599065,"Manes.01G160800","","","protein binding; metal ion binding",NA,"(1 of 2) PTHR14493:SF54 - ZINC FINGER CCCH DOMAIN-CONTAINING PROTEIN 66","GO:0005515 GO:0046872","KOG1595","","PF12796","PTHR14493 PTHR14493:SF54","zinc finger (CCCH-type) family protein"
"563","Manes.03G178500.v8.1",1312.43721974103,-0.13093770870274,0.0405139240571369,-3.23191869832402,0.0012296203569216,0.0428026195599065,"Manes.03G178500","","","",NA,"(1 of 3) PTHR31791:SF2 - FRIGIDA-LIKE PROTEIN 4A-RELATED","","","","PF07899","PTHR31791 PTHR31791:SF2","FRIGIDA-like protein"
"564","Manes.12G144101.v8.1",22.1954272982853,-0.86986308998612,0.269152226949664,-3.23186287494029,0.00122986058714893,0.0428026195599065,"Manes.12G144101","","","",NA,"(1 of 3) PTHR10925 - N-ACETYLTRANSFERASE 10","","","","PF08351","PTHR10925",""
"565","Manes.15G048800.v8.1",292.062748229455,0.186280622489307,0.0576462904580834,3.23144162458742,0.00123167479314598,0.0428026195599065,"Manes.15G048800","PWY-7206; PWY-6545; PWY-7211; PWY-7184","pyrimidine deoxyribonucleotides dephosphorylation; pyrimidine deoxyribonucleotides <i>de novo</i> biosynthesis III; superpathway of pyrimidine deoxyribonucleotides <i>de novo</i> biosynthesis; pyrimidine deoxyribonucleotides <i>de novo</i> biosynthesis I","hydrolase activity",NA,"(1 of 2) 3.6.1.19 - Nucleoside-triphosphate diphosphatase / Nucleoside-triphosphate pyrophosphatase","GO:0016787","KOG3222","K01519","PF01725","PTHR11067 PTHR11067:SF9","Inosine triphosphate pyrophosphatase family protein"
"566","Manes.16G059300.v8.1",41.9313430334948,0.172558046753585,0.0534074936741988,3.2309706912337,0.00123370589554958,0.0428026195599065,"Manes.16G059300","","","",NA,"(1 of 2) KOG2215 - Exocyst complex subunit","","KOG2215","","PF16528","PTHR21426 PTHR21426:SF2","(1 of 1) PTHR21426:SF2 - EXOCYST COMPLEX COMPONENT EXO84C"
"567","Manes.01G006400.v8.1",22.5267514082683,-0.288193412162342,0.0892137103170109,-3.23037133124807,0.00123629536650998,0.0428168114852846,"Manes.01G006400","","","photosystem I; photosynthesis; membrane",NA,"(1 of 1) K08905 - photosystem I subunit V (psaG)","GO:0009522 GO:0015979 GO:0016020","","K08905","PF01241","PTHR34195 PTHR34195:SF1","photosystem I subunit G"
"568","Manes.11G034200.v8.1",3.06850068445081,-0.69443963972122,0.215041558237843,-3.22932760258901,0.00124081666900768,0.0428977410727179,"Manes.11G034200","","","ATP binding; membrane; ATP hydrolysis activity",NA,"(1 of 3) PTHR19241:SF246 - ABC TRANSPORTER G FAMILY MEMBER 29","GO:0005524 GO:0016020 GO:0016887","","","PF00005 PF01061 PF08370 PF14510","PTHR19241 PTHR19241:SF246","ABC-2 and Plant PDR ABC-type transporter family protein"
"569","Manes.12G051300.v8.1",486.399210071229,-0.143833534761535,0.0445530344662405,-3.2283667427978,0.00124499248788404,0.0429664630660438,"Manes.12G051300","PWY-7511","protein ubiquitylation","ubiquitin-protein transferase activity; protein binding; protein ubiquitination",NA,"(1 of 2) PTHR23315:SF75 - U-BOX DOMAIN-CONTAINING PROTEIN 9","GO:0004842 GO:0005515 GO:0016567","","","PF00514 PF04564","PTHR23315 PTHR23315:SF75","plant U-box 9"
"570","Manes.04G066380.v8.1",12.3708679455134,-0.352456498446832,0.109243040775198,-3.22635195748644,0.00125379074789538,0.0431941910814412,"Manes.04G066380","","","",NA,"","","","","","",""
"571","Manes.09G020400.v8.1",432.344398322921,0.164381104465838,0.0509715282899349,3.22495930533629,0.00125990576466188,0.0433288432586082,"Manes.09G020400","","","transporter activity; ATP binding; transport; ATP hydrolysis activity",NA,"(1 of 1) 3.6.3.32 - Quaternary-amine-transporting ATPase","GO:0005215 GO:0005524 GO:0006810 GO:0016021 GO:0016887","KOG0059","","PF00005 PF12698 PF13304","PTHR19229 PTHR19229:SF36","ATP-binding cassette A1"
"572","Manes.01G209500.v8.1",179.626022095455,0.163059356729421,0.0505893030811381,3.22319832055991,0.0012676775213809,0.0435199012016726,"Manes.01G209500","","","protein binding",NA,"","GO:0005515","","","","PTHR16223","(1 of 2) PTHR16223:SF12 - F15K9.11 PROTEIN"
"573","Manes.06G012700.v8.1",386.078080389622,0.167910052047893,0.0521382557310753,3.22047697402764,0.00127977472977184,0.0437377814529799,"Manes.06G012700","PWY-4302","aerobic respiration III (alternative oxidase pathway)","alternative oxidase activity",NA,"(1 of 2) K17893 - ubiquinol oxidase (AOX1, AOX2)","GO:0009916 GO:0055114","","K17893","PF01786","PTHR31803 PTHR31803:SF6","alternative oxidase 2"
"574","Manes.07G125800.v8.1",307.822495051492,0.153809980153987,0.0477630924855713,3.22026845729161,0.00128070603124018,0.0437377814529799,"Manes.07G125800","","","protein binding",NA,"(1 of 3) PTHR32246//PTHR32246:SF19 - FAMILY NOT NAMED // CALCIUM-DEPENDENT LIPID-BINDING DOMAIN PROTEIN","GO:0005515","","","PF00168","PTHR32246 PTHR32246:SF19",""
"575","Manes.14G097800.v8.1",100.658824650727,-0.281782276676275,0.0874959246085559,-3.22051887487249,0.00127958766284012,0.0437377814529799,"Manes.14G097800","PWY-1061","homogalacturonan biosynthesis","glycosyltransferase activity",NA,"(1 of 2) PTHR13778//PTHR13778:SF4 - GLYCOSYLTRANSFERASE 8 DOMAIN-CONTAINING PROTEIN // GALACTURONOSYLTRANSFERASE-LIKE 3-RELATED","GO:0016757","","","PF01501","PTHR13778 PTHR13778:SF4","galacturonosyltransferase-like 3"
"576","Manes.15G071100.v8.1",16.2012889525899,-0.386673289873567,0.120174258092929,-3.21760496806693,0.00129265717415515,0.0440692863348692,"Manes.15G071100","","","",NA,"(1 of 13) PF04520 - Senescence regulator (Senescence_reg)","","","","PF04520","PTHR33083 PTHR33083:SF4",""
"577","Manes.02G109100.v8.1",126.372105263584,0.155167125078278,0.0482404566401001,3.2165351633362,0.00129748632481578,0.0441572598967202,"Manes.02G109100","","","",NA,"(1 of 3) K18757 - la-related protein 1 (LARP1)","","KOG2590","K18757","PF05383","PTHR22792 PTHR22792:SF59","winged-helix DNA-binding transcription factor family protein"
"578","Manes.12G121100.v8.1",1108.82808657852,-0.238955562936553,0.0743205328699674,-3.21520249800461,0.00130352533061243,0.044209545625624,"Manes.12G121100","","","protein dimerization activity",NA,"(1 of 163) PF00010 - Helix-loop-helix DNA-binding domain (HLH)","GO:0046983","","","PF00010","PTHR31945 PTHR31945:SF15","beta HLH protein 93"
"579","Manes.14G016400.v8.1",158.058706988348,-0.133300151440658,0.0414540452312277,-3.21561263073651,0.00130166404646019,0.044209545625624,"Manes.14G016400","","","",NA,"(1 of 2) PTHR21043//PTHR21043:SF1 - IOJAP SUPERFAMILY ORTHOLOG // PROTEIN IOJAP, CHLOROPLASTIC","","","","PF02410","PTHR21043 PTHR21043:SF1","Lojap-related protein"
"580","Manes.03G006900.v8.1",49.5081700188886,0.203712552125407,0.0634034323283165,3.21295779494303,0.00131375593376178,0.0443268475451547,"Manes.03G006900","","","GTPase activity; GTP binding",NA,"(1 of 1) PTHR11566//PTHR11566:SF84 - DYNAMIN // SUBFAMILY NOT NAMED","GO:0003924 GO:0005525","","K17065","PF01031 PF01926 PF02212","PTHR11566 PTHR11566:SF84",""
"581","Manes.04G086100.v8.1",284.475356959379,0.203188114887401,0.0632243705471403,3.21376255910532,0.00131007959868177,0.0443268475451547,"Manes.04G086100","","","chromatin binding; protein binding; zinc ion binding",NA,"(1 of 1) PTHR12505:SF25 - FINGER AND BAH MOTIF CONTAINING PUTATIVE TRANSCRIPTION FACTOR-RELATED","GO:0003682","","","PF01426","PTHR12505 PTHR12505:SF25","PHD finger family protein / bromo-adjacent homology (BAH) domain-containing protein"
"582","Manes.12G008600.v8.1",250.960183010383,-0.143326229169147,0.0446083347724344,-3.21299214373981,0.00131359882680293,0.0443268475451547,"Manes.12G008600","","","carboxy-lyase activity; carboxylic acid metabolic process; pyridoxal phosphate binding",NA,"(1 of 1) 4.1.2.27 - Sphinganine-1-phosphate aldolase / Sphingosine-1-phosphate lyase","GO:0016831 GO:0019752 GO:0030170","","K01634","PF00282","PTHR11999 PTHR11999:SF5","dihydrosphingosine phosphate lyase"
"583","Manes.01G223600.v8.1",143.674111385448,-0.341181346406632,0.106584838261803,-3.20103076545082,0.00136936910202313,0.0458878857618229,"Manes.01G223600","PWY-7196; PWY-7200; PWY-6556; PWY-7199; PWY-7193","superpathway of pyrimidine ribonucleosides salvage; superpathway of pyrimidine deoxyribonucleoside salvage; pyrimidine ribonucleosides salvage II; pyrimidine deoxyribonucleosides salvage; pyrimidine ribonucleosides salvage I","cytidine deaminase activity; zinc ion binding; cytidine deamination",NA,"(1 of 2) 3.5.4.5 - Cytidine deaminase / Cytosine nucleoside deaminase","GO:0004126 GO:0008270 GO:0009972","KOG0833","K01489","PF00383 PF08211","PTHR11644 PTHR11644:SF2","cytidine deaminase 1"
"584","Manes.06G068300.v8.1",1756.15485706522,-0.13919429827398,0.0434658657897562,-3.20238181720021,0.00136296213237903,0.0458878857618229,"Manes.06G068300","","","",NA,"(1 of 2) PTHR31769:SF5 - EXPRESSED PROTEIN","","","","PF06749","PTHR31769 PTHR31769:SF5","Protein of unknown function (DUF1218)"
"585","Manes.10G088500.v8.1",27.1137822561207,0.265976075397169,0.0830808233002609,3.2014135733334,0.00136755093244956,0.0458878857618229,"Manes.10G088500","","","protein binding; signal transduction; ADP binding",NA,"(1 of 36) PTHR11017//PTHR11017:SF162 - LEUCINE-RICH REPEAT-CONTAINING PROTEIN // SUBFAMILY NOT NAMED","GO:0005515 GO:0007165 GO:0043531","KOG4658","","PF00931 PF13676","PTHR11017 PTHR11017:SF162",""
"586","Manes.13G091900.v8.1",20.8919900850477,-0.545471539675933,0.170360885324739,-3.20185903375745,0.00136543799397254,0.0458878857618229,"Manes.13G091900","","","protein binding",NA,"(1 of 1) KOG0624 - dsRNA-activated protein kinase inhibitor P58, contains TPR and DnaJ domains","GO:0005515","KOG0548 KOG0624","","PF13371 PF13414","PTHR22904 PTHR22904:SF358","tetratricopeptide repeat (TPR)-containing protein"
"587","Manes.03G132100.v8.1",86.0984513519055,0.270398594650649,0.0845431718723715,3.19834930086192,0.00138216752135361,0.046101897913531,"Manes.03G132100","","","aspartic-type endopeptidase activity; proteolysis; lipid metabolic process",NA,"(1 of 7) 3.4.23.40 - Phytepsin","GO:0004190 GO:0006508 GO:0006629","KOG1339","K08245","PF00026 PF03489 PF05184","PTHR13683 PTHR13683:SF286",""
"588","Manes.08G074600.v8.1",28.925447892591,0.398711278806504,0.124677056636108,3.19795229021338,0.00138407177006834,0.046101897913531,"Manes.08G074600","","","metal ion transport; metal ion binding",NA,"(1 of 2) PTHR22814//PTHR22814:SF16 - COPPER TRANSPORT PROTEIN ATOX1-RELATED // CHLOROPLAST-TARGETED COPPER CHAPERONE PROTEIN","GO:0030001 GO:0046872","KOG1603","","PF00403","PTHR22814 PTHR22814:SF16","Chloroplast-targeted copper chaperone protein"
"589","Manes.11G030600.v8.1",1.82537787174173,0.929402573625946,0.290680368071417,3.19733520289751,0.00138703641288751,0.046101897913531,"Manes.11G030600","","","",NA,"","","","","","PTHR36328","(1 of 5) PTHR36328:SF1 - CRYPTDIN PROTEIN-LIKE PROTEIN"
"590","Manes.13G131300.v8.1",38.1582026017944,0.15417607788252,0.048221614818936,3.19724004393933,0.00138749410128313,0.046101897913531,"Manes.13G131300","","","",NA,"(1 of 7) KOG4249 - Uncharacterized conserved protein","","KOG4249","","PF04884","PTHR12770 PTHR12770:SF23","Protein of unknown function, DUF647"
"591","Manes.18G063201.v8.1",211.917134429271,-0.176176465764378,0.0550724170295654,-3.19899643536253,0.00137906874005037,0.046101897913531,"Manes.18G063201","","","nucleic acid binding",NA,"(1 of 2) PTHR24012//PTHR24012:SF477 - FAMILY NOT NAMED // PROTEIN RBD-1","GO:0003676","KOG0131","K13126","PF00076","PTHR24012 PTHR24012:SF477","RNA-binding (RRM/RBD/RNP motifs) family protein"
"592","Manes.06G036600.v8.1",95.1103630639294,0.286797486689258,0.0897178181072838,3.19666140728376,0.00139028018395151,0.046116439142324,"Manes.06G036600","","","",NA,"(1 of 2) PTHR10994//PTHR10994:SF84 - RETICULON // RETICULON-LIKE PROTEIN B21","","","","PF02453","PTHR10994 PTHR10994:SF84","Reticulon family protein"
"593","Manes.02G100100.v8.1",155.434897435264,0.246274558789369,0.0770609836302739,3.19583980358925,0.00139424499458936,0.0461699645172871,"Manes.02G100100","","","",NA,"(1 of 2) PTHR31604//PTHR31604:SF3 - FAMILY NOT NAMED // PROTEIN SHI RELATED SEQUENCE 1-RELATED","","","","PF05142","PTHR31604 PTHR31604:SF3","Lateral root primordium (LRP) protein-related"
"594","Manes.01G043900.v8.1",7383.66089425124,-0.196127615357186,0.0614132142552106,-3.19357352868965,0.00140523545900213,0.0462221251397399,"Manes.01G043900","","","",NA,"(1 of 4) K03626 - nascent polypeptide-associated complex subunit alpha (EGD2, NACA)","","KOG2239","K03626","PF01849","PTHR21713","nascent polypeptide-associated complex subunit alpha-like protein 2"
"595","Manes.05G187100.v8.1",2963.09081230221,-0.121911006122222,0.0381699171450179,-3.19390282297572,0.00140363357769009,0.0462221251397399,"Manes.05G187100","","","nucleus; regulation of DNA-templated transcription",NA,"(1 of 2) PTHR31734//PTHR31734:SF18 - FAMILY NOT NAMED // AUXIN-RESPONSIVE PROTEIN IAA8","GO:0005634 GO:0006355","","K14484","PF02309","PTHR31734 PTHR31734:SF18",""
"596","Manes.13G123000.v8.1",112.533279041349,-0.135886848921333,0.0425441097056535,-3.19402262408316,0.00140305121238551,0.0462221251397399,"Manes.13G123000","","","protein kinase activity; protein tyrosine kinase activity; ATP binding; protein phosphorylation",NA,"(1 of 1569) 2.7.11.1 - Non-specific serine/threonine protein kinase / Threonine-specific protein kinase","GO:0004672 GO:0004713 GO:0005524 GO:0006468","KOG1187","","PF00069","PTHR27001 PTHR27001:SF110",""
"597","Manes.18G121900.v8.1",640.227045205078,-0.137517936922639,0.0430454531270122,-3.19471458499626,0.00139969187781386,0.0462221251397399,"Manes.18G121900","","","nucleic acid binding; protein binding",NA,"(1 of 2) PTHR22891//PTHR22891:SF20 - EUKARYOTIC TRANSLATION INITIATION FACTOR 2C // PROTEIN ARGONAUTE 4-RELATED","GO:0003676 GO:0005515","","K11593","PF02170 PF02171 PF08699 PF16486 PF16487 PF16488","PTHR22891 PTHR22891:SF20","Argonaute family protein"
"598","Manes.14G148700.v8.1",13.8681557571535,0.65753693325571,0.20592942724416,3.19302074528719,0.00140792831330286,0.0462332580072379,"Manes.14G148700","","","",NA,"(1 of 10) PTHR11527//PTHR11527:SF152 - SMALL HEAT-SHOCK PROTEIN  HSP20  FAMILY // SUBFAMILY NOT NAMED","","","","PF00011","PTHR11527 PTHR11527:SF152",""
"599","Manes.15G003100.v8.1",169.877991596038,-0.123058011477793,0.0386054694827705,-3.18757971672158,0.00143468904514539,0.047033370249616,"Manes.15G003100","","","nucleic acid binding; RNA binding; structural constituent of ribosome; ribosome; translation",NA,"(1 of 1) PTHR10724//PTHR10724:SF7 - S1 RNA-BINDING DOMAIN-CONTAINING PROTEIN 1 // RIBOSOMAL PROTEIN S1-RELATED","GO:0003676 GO:0003723 GO:0003735 GO:0005840 GO:0006412","","K02945","PF00575","PTHR10724 PTHR10724:SF7","ribosomal protein S1"
"600","Manes.01G160700.v8.1",3.00470656301985,-0.646625609683142,0.202973767926716,-3.18575950128003,0.00144374559702394,0.0472147892937547,"Manes.01G160700","","","lipid metabolic process; oxidoreductase activity, acting on paired donors, with oxidation of a pair of donors resulting in the reduction of molecular oxygen to two molecules of water",NA,"(1 of 5) K10257 - omega-3 fatty acid desaturase (delta-15 desaturase) (FAD8, desB)","GO:0006629 GO:0016717 GO:0055114","","K10257","PF00487 PF11960","PTHR32100 PTHR32100:SF20",""
"601","Manes.12G135400.v8.1",147.828469385153,0.273643196325179,0.0859026954802862,3.18550186109093,0.0014450317444389,0.0472147892937547,"Manes.12G135400","","","",NA,"(1 of 3) PTHR31132//PTHR31132:SF2 - FAMILY NOT NAMED // EXPRESSED PROTEIN","","","","PF13266","PTHR31132 PTHR31132:SF2","(1 of 4) PTHR31132:SF2 - EXPRESSED PROTEIN"
"602","Manes.12G119800.v8.1",223.749165802504,-0.128812332313203,0.0404766722577078,-3.18238444833305,0.00146067788119202,0.0476467301544315,"Manes.12G119800","","","protein binding",NA,"(1 of 2) K14963 - COMPASS component SWD3 (WDR5, SWD3, CPS30)","GO:0005515","KOG0271 KOG0316","K14963","PF00400","PTHR22847 PTHR22847:SF461","Transducin/WD40 repeat-like superfamily protein"
"603","Manes.02G098800.v8.1",146.534488677387,0.109292761641778,0.0344103169092856,3.17616260059162,0.00149237277129442,0.0480803733261688,"Manes.02G098800","PWY-7511","protein ubiquitylation","",NA,"(1 of 3) K10688 - ubiquitin-conjugating enzyme E2 W (UBE2W, UBC16)","","KOG0427","K10688","PF00179","PTHR24067 PTHR24067:SF155",""
"604","Manes.03G134200.v8.1",6831.95119632162,-0.196007258738811,0.0616866306338133,-3.17746741433095,0.00148567383951611,0.0480803733261688,"Manes.03G134200","","","structural constituent of ribosome; intracellular anatomical structure; ribosome; translation",NA,"(1 of 4) K02995 - small subunit ribosomal protein S8e (RP-S8e, RPS8)","GO:0003735 GO:0005622 GO:0005840 GO:0006412","KOG3283","K02995","PF01201","PTHR10394","Ribosomal protein S8e family protein"
"605","Manes.04G165000.v8.1",12.9516954827615,0.282078942514258,0.0888092205607012,3.17623486315203,0.0014920010475728,0.0480803733261688,"Manes.04G165000","","","membrane",NA,"(1 of 2) PTHR13018:SF30 - EARLY-RESPONSIVE TO DEHYDRATION STRESS PROTEIN (ERD4)","GO:0016020","","","PF02714","PTHR13018 PTHR13018:SF30","Early-responsive to dehydration stress protein (ERD4)"
"606","Manes.05G039000.v8.1",14.861566327848,0.242204997073878,0.0762269363934263,3.17742006347727,0.001485916454175,0.0480803733261688,"Manes.05G039000","","","protein binding; zinc ion binding",NA,"(1 of 2) PTHR14155//PTHR14155:SF140 - RING FINGER DOMAIN-CONTAINING // SUBFAMILY NOT NAMED","GO:0005515 GO:0008270","","","PF13639","PTHR14155 PTHR14155:SF140","RING/U-box superfamily protein"
"607","Manes.10G020700.v8.1",68.684348275928,0.222123720701388,0.0699396963353781,3.17593201486391,0.00149355949121368,0.0480803733261688,"Manes.10G020700","","","",NA,"","","","","","PTHR33356 PTHR33356:SF4",""
"608","Manes.13G067000.v8.1",193.316166390905,-0.321459266212677,0.101212403082934,-3.17608570116916,0.00149276844107818,0.0480803733261688,"Manes.13G067000","","","transporter activity; transport; membrane",NA,"(1 of 2) PTHR11654:SF154 - PROTEIN NRT1/ PTR FAMILY 6.4","GO:0005215 GO:0006810 GO:0016020","","K14638","PF00854","PTHR11654 PTHR11654:SF154","Major facilitator superfamily protein"
"609","Manes.14G062950.v8.1",50.7499360923233,0.180772238952999,0.0568619222477796,3.17914400018474,0.00147710689699438,0.0480803733261688,"Manes.14G062950","","","",NA,"(1 of 1) PTHR12480:SF6 - JMJC DOMAIN-CONTAINING PROTEIN 4","","KOG2131","","PF13621","PTHR12480 PTHR12480:SF6","2-oxoglutarate (2OG) and Fe(II)-dependent oxygenase superfamily protein"
"610","Manes.16G058900.v8.1",2.38171901908683,-0.703398661349538,0.221327913207192,-3.17808382664803,0.00148251881606221,0.0480803733261688,"Manes.16G058900","PWY-7511","protein ubiquitylation","protein binding; zinc ion binding",NA,"(1 of 2) PTHR10044//PTHR10044:SF103 - INHIBITOR OF APOPTOSIS // SUBFAMILY NOT NAMED","GO:0005515 GO:0008270","KOG4172","","PF13920","PTHR10044 PTHR10044:SF103","RING/U-box superfamily protein"
"611","Manes.01G218500.v8.1",454.040619546921,0.241156931459083,0.075949119028343,3.17524330162522,0.00149710916363798,0.0481157653786564,"Manes.01G218500","","","nucleic acid binding; ATP binding; metal ion binding",NA,"(1 of 1) PTHR18934//PTHR18934:SF129 - ATP-DEPENDENT RNA HELICASE // ZINC FINGER CCCH DOMAIN-CONTAINING PROTEIN 31","GO:0003676 GO:0005524 GO:0046872","","","PF00270 PF00271","PTHR18934 PTHR18934:SF129","zinc finger (CCCH type) helicase family protein"
"612","Manes.08G134700.v8.1",15.3923447562423,-0.359279653358136,0.113239399135651,-3.17274425774505,0.00151005476725748,0.0482946994538032,"Manes.08G134700","","","protein dimerization activity",NA,"(1 of 163) PF00010 - Helix-loop-helix DNA-binding domain (HLH)","GO:0046983","","","PF00010","PTHR16223 PTHR16223:SF38",""
"613","Manes.10G011400.v8.1",24.8819888556033,-0.162828237760244,0.0513155166265143,-3.17307996615027,0.00150830974729321,0.0482946994538032,"Manes.10G011400","TRPSYN-PWY","L-tryptophan biosynthesis","phosphoribosylanthranilate isomerase activity; tryptophan metabolic process",NA,"(1 of 1) 5.3.1.24 - Phosphoribosylanthranilate isomerase / PRAI","GO:0004640 GO:0006568","KOG4202","K01817","PF00697","PTHR22854 PTHR22854:SF6","phosphoribosylanthranilate isomerase 1"
"614","Manes.18G038702.v8.1",340.568415937955,-0.146852213302435,0.0462759176342966,-3.17340467374326,0.00150662367735556,0.0482946994538032,"Manes.18G038702","","","ubiquitin-protein transferase activity; protein binding; nucleus; zinc ion binding; protein ubiquitination; regulation of defense response",NA,"(1 of 2) PTHR10044//PTHR10044:SF118 - INHIBITOR OF APOPTOSIS // F2G19.2","GO:0004842 GO:0005515 GO:0005634 GO:0008270 GO:0016567 GO:0031347","KOG1100","K19042","PF13920","PTHR10044 PTHR10044:SF118","S-ribonuclease binding protein 1"
"615","Manes.02G038300.v8.1",121.436810589185,0.127100992784489,0.0400922069898162,3.17021691564084,0.00152325177318362,0.0485230948931368,"Manes.02G038300","","","autophagosome assembly; cytoplasm",NA,"(1 of 2) PTHR10969//PTHR10969:SF39 - MICROTUBULE-ASSOCIATED PROTEINS 1A/1B LIGHT CHAIN 3-RELATED // AUTOPHAGY-RELATED PROTEIN 8F","GO:0000045 GO:0005737","KOG1654","K08341","PF04110","PTHR10969 PTHR10969:SF39","Ubiquitin-like superfamily protein"
"616","Manes.14G141000.v8.1",1.04392626615368,0.567948851127428,0.179134694427756,3.17051285314514,0.00152170100528272,0.0485230948931368,"Manes.14G141000","PWY-6902","chitin degradation II","hydrolase activity, hydrolyzing O-glycosyl compounds; chitinase activity; carbohydrate metabolic process; chitin catabolic process",NA,"(1 of 2) PTHR11177//PTHR11177:SF208 - CHITINASE // SUBFAMILY NOT NAMED","GO:0004553 GO:0004568 GO:0005975 GO:0006032","KOG2806","K01183","PF00704","PTHR11177 PTHR11177:SF208",""
"617","Manes.16G098400.v8.1",141.620881484768,-0.197600369273363,0.062335324992693,-3.16995811438419,0.00152460913322124,0.0485230948931368,"Manes.16G098400","","","",NA,"(1 of 1) KOG2895 - Uncharacterized conserved protein","","KOG2895","","PF10998","PTHR31201 PTHR31201:SF1","(1 of 1) PF10998 - Protein of unknown function (DUF2838) (DUF2838)"
"618","Manes.10G017900.v8.1",635.702666741404,-0.119285149406127,0.0376413106242094,-3.16899564409449,0.00152966687629185,0.0486052887536296,"Manes.10G017900","","","",NA,"(1 of 2) K13463 - coronatine-insensitive protein 1 (COI-1)","","KOG1947","K13463","","PTHR24006 PTHR24006:SF428","RNI-like superfamily protein"
"619","Manes.10G065600.v8.1",401.991944431395,-0.112438979120753,0.0354900706506638,-3.16818132675794,0.00153395814549406,0.0486629016204634,"Manes.10G065600","","","",NA,"(1 of 1) PTHR21717//PTHR21717:SF22 - TELOMERIC REPEAT BINDING PROTEIN // SUBFAMILY NOT NAMED","","","","PF00249","PTHR21717 PTHR21717:SF22","TRF-like 5"
"620","Manes.03G112900.v8.1",135.835422457659,-0.116382744237481,0.036743381805898,-3.16744781011964,0.0015378331024735,0.0487071429568905,"Manes.03G112900","","","protein binding",NA,"(1 of 49) PF00560//PF13855 - Leucine Rich Repeat (LRR_1) // Leucine rich repeat (LRR_8)","GO:0005515","","","PF13855","PTHR23155","Leucine-rich repeat (LRR) family protein"
"621","Manes.02G055400.v8.1",243.955839301146,-0.169083838047687,0.0534122753473607,-3.16563630641215,0.00154744141041906,0.0488538697369761,"Manes.02G055400","","","signal transduction",NA,"(1 of 1) PTHR31413:SF0 - NINJA-FAMILY PROTEIN AFP3","GO:0007165","","","PF07897 PF16135 PF16136","PTHR31413 PTHR31413:SF0","ABI five binding protein 3"
"622","Manes.08G133100.v8.1",70.5719977239133,0.277500221896307,0.0876517891840561,3.16593904676146,0.00154583182220218,0.0488538697369761,"Manes.08G133100","","","",NA,"(1 of 1) K01456 - peptide-N4-(N-acetyl-beta-glucosaminyl)asparagine amidase (E3.5.1.52, NGLY1, PNG1)","","KOG0909","K01456","PF01841","PTHR12143 PTHR12143:SF19","peptide-N-glycanase 1"
"623","Manes.04G033100.v8.1",246.693567385221,-0.177606429402767,0.0561332005492007,-3.16401750951463,0.00155607433600579,0.0489689611156182,"Manes.04G033100","","","",NA,"(1 of 1) PTHR10174:SF100 - SEC14 CYTOSOLIC FACTOR FAMILY PROTEIN / PHOSPHOGLYCERIDE TRANSFER FAMILY PROTEIN","","KOG1470 KOG1471","","PF00650","PTHR10174 PTHR10174:SF100","SEC14 cytosolic factor family protein / phosphoglyceride transfer family protein"
"624","Manes.13G152700.v8.1",225.252013491473,0.210954596973597,0.066671088195854,3.16410910159278,0.00155558470090886,0.0489689611156182,"Manes.13G152700","","","",NA,"","","","","","PTHR34056 PTHR34056:SF3",""
"625","Manes.04G043700.v8.1",567.879421536486,-0.241766617736613,0.0765095087793359,-3.15995516889151,0.00157793416422601,0.0495774290926499,"Manes.04G043700","PWY-4101; PWY-3801; PWY-621","D-sorbitol degradation I; sucrose degradation II (sucrose synthase); sucrose degradation III (sucrose invertase)","ribokinase activity; D-ribose metabolic process","carb","(1 of 2) PTHR10584:SF168 - F14I3.3 PROTEIN-RELATED","GO:0004747 GO:0006014","KOG2855","K00847","PF00294","PTHR10584 PTHR10584:SF168","pfkB-like carbohydrate kinase family protein"
"626","Manes.13G049400.v8.1",328.48983962962,-0.157170157317634,0.0497700280246753,-3.15792784443904,0.00158894881926895,0.0498437507411889,"Manes.13G049400","","","protein binding",NA,"(1 of 19) PF00498 - FHA domain (FHA)","GO:0005515","","","PF00498","PTHR21712 PTHR21712:SF35","SMAD/FHA domain-containing protein"
