gene_id,locusName,Description,colors,class
Manes.01G000155.v8.1,Manes.01G000155,(1 of 18) PTHR31989:SF21 - NAC TRANSCRIPTION FACTOR-LIKE 9,brown,NA
Manes.01G000279.v8.1,Manes.01G000279,,brown,NA
Manes.01G001951.v8.1,Manes.01G001951,,brown,NA
Manes.01G001800.v8.1,Manes.01G001800,(1 of 1) 2.4.1.149 - N-acetyllactosaminide beta-1;3-N-acetylglucosaminyltransferase / Poly-N-acetyllactosamine extension enzyme,brown,carb
Manes.01G002500.v8.1,Manes.01G002500,(1 of 5) K14006 - protein transport protein SEC23 (SEC23),brown,NA
Manes.01G005500.v8.1,Manes.01G005500,(1 of 1) K06699 - proteasome activator subunit 4 (PSME4),brown,NA
Manes.01G010800.v8.1,Manes.01G010800,(1 of 7) PTHR13068//PTHR13068:SF18 - CGI-12 PROTEIN-RELATED // EMB|CAB62602.1,yellow,NA
Manes.01G009800.v8.1,Manes.01G009800,(1 of 2) PTHR35485:SF1 - EXPRESSED PROTEIN,brown,NA
Manes.01G012500.v8.1,Manes.01G012500,,yellow,NA
Manes.01G012400.v8.1,Manes.01G012400,,brown,NA
Manes.01G011042.v8.1,Manes.01G011042,(1 of 2) PTHR12565:SF94 - TRANSCRIPTION FACTOR BEE 3,brown,NA
Manes.01G016300.v8.1,Manes.01G016300,(1 of 3) K01866 - tyrosyl-tRNA synthetase (YARS; tyrS),brown,NA
Manes.01G016600.v8.1,Manes.01G016600,(1 of 1) PTHR10314:SF110 - CYSTEINE SYNTHASE,brown,NA
Manes.01G017101.v8.1,Manes.01G017101,(1 of 86) PTHR23155//PTHR23155:SF563 - LEUCINE-RICH REPEAT-CONTAINING PROTEIN // SUBFAMILY NOT NAMED,brown,NA
Manes.01G017151.v8.1,Manes.01G017151,(1 of 7) PF13191 - AAA ATPase domain (AAA_16),brown,NA
Manes.01G017500.v8.1,Manes.01G017500,,brown,NA
Manes.01G017700.v8.1,Manes.01G017700,(1 of 2) 3.1.2.2//3.1.2.20 - Palmitoyl-CoA hydrolase / Long-chain fatty-acyl-CoA hydrolase // Acyl-CoA hydrolase,yellow,NA
Manes.01G021100.v8.1,Manes.01G021100,(1 of 4) PTHR34359//PTHR34359:SF1 - FAMILY NOT NAMED // CLAVATA3/ESR (CLE)-RELATED PROTEIN 11-RELATED,yellow,NA
Manes.01G022400.v8.1,Manes.01G022400,,brown,NA
Manes.01G022500.v8.1,Manes.01G022500,(1 of 5) PTHR31194//PTHR31194:SF14 - SHN  SHINE ; DNA BINDING / TRANSCRIPTION FACTOR // SUBFAMILY NOT NAMED,brown,NA
Manes.01G024700.v8.1,Manes.01G024700,(1 of 2) PTHR31096:SF13 - ACT DOMAIN-CONTAINING PROTEIN 5,brown,NA
Manes.01G025500.v8.1,Manes.01G025500,(1 of 2) PTHR31964//PTHR31964:SF39 - FAMILY NOT NAMED // ADENINE NUCLEOTIDE ALPHA HYDROLASES-LIKE PROTEIN,brown,NA
Manes.01G026800.v8.1,Manes.01G026800,(1 of 5) 3.1.1.31 - 6-phosphogluconolactonase,yellow,carb
Manes.01G027100.v8.1,Manes.01G027100,(1 of 2) PTHR10693//PTHR10693:SF27 - RAS GTPASE-ACTIVATING PROTEIN-BINDING PROTEIN // NUCLEAR TRANSPORT FACTOR 2 AND RNA RECOGNITION MOTIF DOMAIN-CONTAINING PROTEIN,brown,NA
Manes.01G030500.v8.1,Manes.01G030500,(1 of 207) PF01535//PF13041 - PPR repeat (PPR) // PPR repeat family (PPR_2),skyblue3,NA
Manes.01G031700.v8.1,Manes.01G031700,(1 of 4) PTHR31558:SF1 - F7A19.6 PROTEIN-RELATED,skyblue3,NA
Manes.01G031900.v8.1,Manes.01G031900,(1 of 2) PTHR33133:SF7 - F26K24.10 PROTEIN,skyblue3,NA
Manes.01G033600.v8.1,Manes.01G033600,(1 of 2) K02911 - large subunit ribosomal protein L32 (RP-L32; MRPL32; rpmF),yellow,NA
Manes.01G033700.v8.1,Manes.01G033700,(1 of 3) PTHR31889//PTHR31889:SF2 - FAMILY NOT NAMED // FUCOSYLTRANSFERASE 2-RELATED,skyblue3,NA
Manes.01G034100.v8.1,Manes.01G034100,(1 of 1) KOG4555 - TPR repeat-containing protein,yellow,NA
Manes.01G034200.v8.1,Manes.01G034200,(1 of 2) PTHR14304//PTHR14304:SF11 - P30 DBC PROTEIN // PROTEIN LST-3; ISOFORM A,yellow,NA
Manes.01G034800.v8.1,Manes.01G034800,(1 of 2) PTHR10641//PTHR10641:SF512 - MYB-LIKE DNA-BINDING PROTEIN MYB // MYB-DOMAIN TRANSCRIPTION FACTOR LOF1-RELATED,brown,NA
Manes.01G034900.v8.1,Manes.01G034900,(1 of 7) PTHR10891:SF574 - CALCIUM-BINDING PROTEIN CML30-RELATED,brown,NA
Manes.01G039400.v8.1,Manes.01G039400,(1 of 28) PF04398 - Protein of unknown function; DUF538 (DUF538),yellow,NA
Manes.01G038033.v8.1,Manes.01G038033,(1 of 1) KOG2948 - Predicted metal-binding protein,floralwhite,NA
Manes.01G038000.v8.1,Manes.01G038000,(1 of 3) PTHR23074//PTHR23074:SF20 - AAA ATPASE // GH08677P,brown,NA
Manes.01G043300.v8.1,Manes.01G043300,(1 of 67) PF03168 - Late embryogenesis abundant protein (LEA_2),brown,NA
Manes.01G043800.v8.1,Manes.01G043800,,brown,NA
Manes.01G043900.v8.1,Manes.01G043900,(1 of 4) K03626 - nascent polypeptide-associated complex subunit alpha (EGD2; NACA),yellow,NA
Manes.01G044200.v8.1,Manes.01G044200,,floralwhite,NA
Manes.01G050700.v8.1,Manes.01G050700,(1 of 1) PTHR21495//PTHR21495:SF49 - NUCLEOPORIN-RELATED // SUBFAMILY NOT NAMED,yellow,NA
Manes.01G051500.v8.1,Manes.01G051500,(1 of 1) PTHR33284//PTHR33284:SF1 - FAMILY NOT NAMED // RIBOSOMAL L25/TL5/CTC N-TERMINAL 5S RRNA BINDING DOMAIN-CONTAINING PROTEIN,brown,NA
Manes.01G051530.v8.1,Manes.01G051530,(1 of 67) PF03168 - Late embryogenesis abundant protein (LEA_2),brown,NA
Manes.01G046100.v8.1,Manes.01G046100,(1 of 1) PTHR37750:SF1 - COX19-LIKE CHCH FAMILY PROTEIN,yellow,NA
Manes.01G048000.v8.1,Manes.01G048000,(1 of 1) PTHR23257:SF454 - SERINE/THREONINE-PROTEIN KINASE QKGA-RELATED,yellow,NA
Manes.01G047820.v8.1,Manes.01G047820,,brown,NA
Manes.01G049300.v8.1,Manes.01G049300,,floralwhite,NA
Manes.01G049601.v8.1,Manes.01G049601,(1 of 4) PTHR31213//PTHR31213:SF4 - FAMILY NOT NAMED // ABSCISIC ACID RECEPTOR PYL7-RELATED,yellow,NA
Manes.01G045300.v8.1,Manes.01G045300,,brown,NA
Manes.01G052500.v8.1,Manes.01G052500,(1 of 2) PTHR10857//PTHR10857:SF54 - COPINE // DCD (DEVELOPMENT AND CELL DEATH) DOMAIN PROTEIN,brown,NA
Manes.01G052600.v8.1,Manes.01G052600,(1 of 2) PTHR22765:SF50 - RING-H2 ZINC FINGER PROTEIN RHA4A,skyblue3,NA
Manes.01G052108.v8.1,Manes.01G052108,(1 of 2) PTHR23322:SF1 - FAS-ASSOCIATED FACTOR 2,brown,NA
Manes.01G053100.v8.1,Manes.01G053100,(1 of 2) PTHR10791//PTHR10791:SF41 - RAG1-ACTIVATING PROTEIN 1 // BIDIRECTIONAL SUGAR TRANSPORTER SWEET6-RELATED,yellow,NA
Manes.01G057400.v8.1,Manes.01G057400,(1 of 1) PTHR22912:SF97 - MONODEHYDROASCORBATE REDUCTASE; CHLOROPLASTIC,brown,NA
Manes.01G059500.v8.1,Manes.01G059500,(1 of 5) PTHR12174:SF41 - SIGNAL PEPTIDE PEPTIDASE-LIKE 4,yellow,NA
Manes.01G059600.v8.1,Manes.01G059600,(1 of 4) PTHR19139//PTHR19139:SF169 - AQUAPORIN TRANSPORTER // AQUAPORIN PIP1-4-RELATED,brown,NA
Manes.01G062800.v8.1,Manes.01G062800,(1 of 2) 6.2.1.8 - Oxalate--CoA ligase / Oxalyl-CoA synthetase,brown,NA
Manes.01G068400.v8.1,Manes.01G068400,(1 of 1) KOG1161//KOG2325 - Protein involved in vacuolar polyphosphate accumulation; contains SPX domain // Predicted transporter/transmembrane protein,skyblue3,NA
Manes.01G070300.v8.1,Manes.01G070300,(1 of 2) PTHR10996:SF131 - GLYOXYLATE/HYDROXYPYRUVATE REDUCTASE HPR3,brown,NA
Manes.01G070700.v8.1,Manes.01G070700,(1 of 1) 3.6.1.21 - ADP-sugar diphosphatase / ADP-sugar pyrophosphatase,yellow,NA
Manes.01G071400.v8.1,Manes.01G071400,(1 of 2) PTHR10634//PTHR10634:SF38 - AN1-TYPE ZINC FINGER PROTEIN // ZINC FINGER A20 AND AN1 DOMAIN-CONTAINING STRESS-ASSOCIATED PROTEIN 1-RELATED,floralwhite,NA
Manes.01G074000.v8.1,Manes.01G074000,(1 of 3) PTHR10366//PTHR10366:SF393 - NAD DEPENDENT EPIMERASE/DEHYDRATASE // SUBFAMILY NOT NAMED,brown,carb
Manes.01G074100.v8.1,Manes.01G074100,(1 of 1) PTHR10638:SF39 - AMINE OXIDASE-RELATED,brown,NA
Manes.01G074700.v8.1,Manes.01G074700,,skyblue3,NA
Manes.01G078100.v8.1,Manes.01G078100,(1 of 25) PF14547 - Hydrophobic seed protein (Hydrophob_seed),yellow,NA
Manes.01G080300.v8.1,Manes.01G080300,(1 of 1) PTHR24074//PTHR24074:SF2//PTHR24078//PTHR24078:SF285 - FAMILY NOT NAMED // DNAJ HOMOLOG SUBFAMILY C MEMBER 11 HOMOLOG // DNAJ HOMOLOG SUBFAMILY C MEMBER // CHAPERONE PROTEIN DNAJ 13,yellow,NA
Manes.01G080400.v8.1,Manes.01G080400,,floralwhite,NA
Manes.01G080800.v8.1,Manes.01G080800,(1 of 1) PTHR22594//PTHR22594:SF6 - ASPARTYL/LYSYL-TRNA SYNTHETASE // ASPARAGINE--TRNA LIGASE; MITOCHONDRIAL,yellow,NA
Manes.01G081800.v8.1,Manes.01G081800,(1 of 8) PF08458 - Plant pleckstrin homology-like region (PH_2),brown,NA
Manes.01G082400.v8.1,Manes.01G082400,(1 of 1) K08740 - DNA mismatch repair protein MSH4 (MSH4),brown,NA
Manes.01G084700.v8.1,Manes.01G084700,(1 of 2) 3.1.2.22 - Palmitoyl-protein hydrolase / Palmitoyl-protein thioesterase,yellow,NA
Manes.01G084800.v8.1,Manes.01G084800,,brown,NA
Manes.01G087050.v8.1,Manes.01G087050,(1 of 1) PTHR15680:SF10 - 50S RIBOSOMAL PROTEIN L19-1; CHLOROPLASTIC-RELATED,brown,NA
Manes.01G087400.v8.1,Manes.01G087400,(1 of 2) PTHR23291:SF34 - BAX INHIBITOR 1,floralwhite,NA
Manes.01G087500.v8.1,Manes.01G087500,(1 of 1) PF00320//PF13919 - GATA zinc finger (GATA) // Asx homology domain (ASXH),brown,NA
Manes.01G087800.v8.1,Manes.01G087800,(1 of 2) PTHR31692//PTHR31692:SF10 - FAMILY NOT NAMED // EXPANSIN-LIKE B1,brown,NA
Manes.01G088500.v8.1,Manes.01G088500,(1 of 2) PTHR14154//PTHR14154:SF14 - UPF0041 BRAIN PROTEIN 44-RELATED // SUBFAMILY NOT NAMED,brown,NA
Manes.01G090200.v8.1,Manes.01G090200,(1 of 1) PTHR22939//PTHR22939:SF99 - SERINE PROTEASE FAMILY S1C HTRA-RELATED // PROTEASE DO-LIKE 8; CHLOROPLASTIC,brown,NA
Manes.01G091600.v8.1,Manes.01G091600,(1 of 3) K14413 - beta-1;3-galactosyltransferase (GALT1),brown,carb
Manes.01G092400.v8.1,Manes.01G092400,(1 of 1) PTHR12561//PTHR12561:SF9 - LIPOATE-PROTEIN LIGASE // BIOTIN/LIPOATE A/B PROTEIN LIGASE FAMILY PROTEIN,brown,NA
Manes.01G092700.v8.1,Manes.01G092700,(1 of 5) K14948 - polypyrimidine tract-binding protein 2 (PTBP2; NPTB),floralwhite,NA
Manes.01G093700.v8.1,Manes.01G093700,(1 of 31) PF07714//PF11721 - Protein tyrosine kinase (Pkinase_Tyr) // Di-glucose binding within endoplasmic reticulum (Malectin),brown,NA
Manes.01G094800.v8.1,Manes.01G094800,(1 of 31) PF07714//PF11721 - Protein tyrosine kinase (Pkinase_Tyr) // Di-glucose binding within endoplasmic reticulum (Malectin),brown,NA
Manes.01G098300.v8.1,Manes.01G098300,(1 of 207) PF01535//PF13041 - PPR repeat (PPR) // PPR repeat family (PPR_2),yellow,NA
Manes.01G099800.v8.1,Manes.01G099800,(1 of 207) PF01535//PF13041 - PPR repeat (PPR) // PPR repeat family (PPR_2),brown,NA
Manes.01G100000.v8.1,Manes.01G100000,(1 of 2) PTHR33021//PTHR33021:SF63 - FAMILY NOT NAMED // LAMIN-LIKE PROTEIN,yellow,NA
Manes.01G101300.v8.1,Manes.01G101300,(1 of 3) PTHR33971:SF1 - GENOMIC DNA; CHROMOSOME 3; P1 CLONE:MRI12,skyblue3,NA
Manes.01G104000.v8.1,Manes.01G104000,(1 of 6) K02936 - large subunit ribosomal protein L7Ae (RP-L7Ae; RPL7A),brown,NA
Manes.01G104200.v8.1,Manes.01G104200,(1 of 2) PTHR12565//PTHR12565:SF85 - STEROL REGULATORY ELEMENT-BINDING PROTEIN // TRANSCRIPTION FACTOR BIM3,yellow,NA
Manes.01G106000.v8.1,Manes.01G106000,(1 of 1) K16750 - biogenesis of lysosome-related organelles complex 1 subunit 2 (BLOC1S2),yellow,NA
Manes.01G107300.v8.1,Manes.01G107300,(1 of 1) K12590 - exosome complex component RRP46 (RRP46; EXOSC5),brown,NA
Manes.01G109600.v8.1,Manes.01G109600,(1 of 6) K10839 - UV excision repair protein RAD23 (RAD23; HR23),yellow,NA
Manes.01G115900.v8.1,Manes.01G115900,(1 of 1) KOG1421 - Predicted signaling-associated protein (contains a PDZ domain),brown,NA
Manes.01G118500.v8.1,Manes.01G118500,(1 of 2) PTHR19965:SF33 - THO COMPLEX SUBUNIT 4D,brown,NA
Manes.01G123700.v8.1,Manes.01G123700,(1 of 1) K03352 - anaphase-promoting complex subunit 5 (APC5),brown,NA
Manes.01G124801.v8.1,Manes.01G124801,(1 of 2) PTHR10887//PTHR10887:SF358 - DNA2/NAM7 HELICASE FAMILY // P-LOOP CONTAINING NUCLEOSIDE TRIPHOSPHATE HYDROLASES SUPERFAMILY PROTEIN,brown,NA
Manes.01G124900.v8.1,Manes.01G124900,(1 of 2) PTHR10887//PTHR10887:SF358 - DNA2/NAM7 HELICASE FAMILY // P-LOOP CONTAINING NUCLEOSIDE TRIPHOSPHATE HYDROLASES SUPERFAMILY PROTEIN,brown,NA
Manes.01G125000.v8.1,Manes.01G125000,(1 of 1) PTHR31384//PTHR31384:SF2//PTHR31384:SF33 - FAMILY NOT NAMED // AUXIN RESPONSE FACTOR 8 // SUBFAMILY NOT NAMED,skyblue3,NA
Manes.01G125500.v8.1,Manes.01G125500,(1 of 6) K17964 - leucine-rich PPR motif-containing protein; mitochondrial (LRPPRC),yellow,NA
Manes.01G126500.v8.1,Manes.01G126500,(1 of 1) K10867 - nijmegen breakage syndrome protein 1 (NBN; NBS1),skyblue3,NA
Manes.01G129900.v8.1,Manes.01G129900,(1 of 2) PTHR10015//PTHR10015:SF172 - HEAT SHOCK TRANSCRIPTION FACTOR // SUBFAMILY NOT NAMED,skyblue3,NA
Manes.01G130400.v8.1,Manes.01G130400,(1 of 2) PTHR31479//PTHR31479:SF3 - FAMILY NOT NAMED // GB|AAD29063.1,brown,NA
Manes.01G131100.v8.1,Manes.01G131100,(1 of 2) PTHR13683//PTHR13683:SF250 - ASPARTYL PROTEASES // ASPARTYL PROTEASE-LIKE PROTEIN,brown,NA
Manes.01G131702.v8.1,Manes.01G131702,(1 of 4) PTHR12862//PTHR12862:SF6 - BADF TYPE ATPASE DOMAIN-CONTAINING PROTEIN // ACTIN-LIKE ATPASE SUPERFAMILY PROTEIN,yellow,NA
Manes.01G132100.v8.1,Manes.01G132100,(1 of 1) PTHR23105//PTHR23105:SF51 - RIBOSOMAL PROTEIN L7AE FAMILY MEMBER // SUBFAMILY NOT NAMED,yellow,NA
Manes.01G132500.v8.1,Manes.01G132500,(1 of 1) PTHR18934:SF112 - DEA(D/H)-BOX RNA HELICASE FAMILY PROTEIN,yellow,NA
Manes.01G132600.v8.1,Manes.01G132600,(1 of 13) PF05097 - Protein of unknown function (DUF688) (DUF688),skyblue3,NA
Manes.01G134400.v8.1,Manes.01G134400,(1 of 2) K11093 - U1 small nuclear ribonucleoprotein 70kDa (SNRP70),yellow,NA
Manes.01G136850.v8.1,Manes.01G136850,(1 of 3) 2.7.7.3 - Pantetheine-phosphate adenylyltransferase / PPAT,brown,NA
Manes.01G137500.v8.1,Manes.01G137500,(1 of 3) PTHR10286//PTHR10286:SF13 - INORGANIC PYROPHOSPHATASE // INORGANIC PYROPHOSPHATASE-LIKE PROTEIN,brown,NA
Manes.01G138100.v8.1,Manes.01G138100,(1 of 1) PTHR31451//PTHR31451:SF8 - FAMILY NOT NAMED // MANNAN ENDO-1;4-BETA-MANNOSIDASE 3-RELATED,yellow,carb
Manes.01G138200.v8.1,Manes.01G138200,(1 of 207) PF01535//PF13041 - PPR repeat (PPR) // PPR repeat family (PPR_2),brown,NA
Manes.01G138400.v8.1,Manes.01G138400,(1 of 1) PTHR31009//PTHR31009:SF9 - S-ADENOSYL-L-METHIONINE:CARBOXYL METHYLTRANSFERASE FAMILY PROTEIN // SUBFAMILY NOT NAMED,brown,NA
Manes.01G140000.v8.1,Manes.01G140000,,yellow,NA
Manes.01G140700.v8.1,Manes.01G140700,(1 of 1) 1.1.99.39 - D-2-hydroxyglutarate dehydrogenase,brown,NA
Manes.01G141500.v8.1,Manes.01G141500,(1 of 2) PTHR31604//PTHR31604:SF3 - FAMILY NOT NAMED // PROTEIN SHI RELATED SEQUENCE 1-RELATED,skyblue3,NA
Manes.01G145100.v8.1,Manes.01G145100,(1 of 2) PTHR31161//PTHR31161:SF6 - FAMILY NOT NAMED // KINECTIN-RELATED PROTEIN,skyblue3,NA
Manes.01G146900.v8.1,Manes.01G146900,(1 of 2) PTHR31048:SF11 - PATHOGENESIS-RELATED THAUMATIN FAMILY PROTEIN,yellow,NA
Manes.01G148000.v8.1,Manes.01G148000,(1 of 2) PTHR22765//PTHR22765:SF59 - RING FINGER AND PROTEASE ASSOCIATED DOMAIN-CONTAINING // RECEPTOR HOMOLOGY REGION; TRANSMEMBRANE DOMAIN- AND RING DOMAIN-CONTAINING PROTEIN 1,brown,NA
Manes.01G148200.v8.1,Manes.01G148200,(1 of 2) K02150 - V-type H+-transporting ATPase subunit E (ATPeV1E; ATP6E),yellow,NA
Manes.01G150600.v8.1,Manes.01G150600,(1 of 1) PF13441 - YMGG-like Gly-zipper (Gly-zipper_YMGG),brown,NA
Manes.01G151100.v8.1,Manes.01G151100,(1 of 2) PTHR18896//PTHR18896:SF60 - PHOSPHOLIPASE D // PHOSPHOLIPASE D DELTA,brown,NA
Manes.01G152000.v8.1,Manes.01G152000,(1 of 1) PTHR34573//PTHR34573:SF1 - FAMILY NOT NAMED // THIOL-DISULFIDE OXIDOREDUCTASE LTO1,skyblue3,NA
Manes.01G152100.v8.1,Manes.01G152100,(1 of 2) PTHR11106//PTHR11106:SF58 - GANGLIOSIDE INDUCED DIFFERENTIATION ASSOCIATED PROTEIN 2-RELATED // SUBFAMILY NOT NAMED,brown,NA
Manes.01G153000.v8.1,Manes.01G153000,(1 of 1) PTHR12161//PTHR12161:SF19 - UNCHARACTERIZED DUF292 // REGULATOR OF VPS4 ACTIVITY IN THE MVB PATHWAY PROTEIN,skyblue3,NA
Manes.01G154900.v8.1,Manes.01G154900,(1 of 2) 4.3.3.7 - 4-hydroxy-tetrahydrodipicolinate synthase / Dihydrodipicolinate synthetase,yellow,NA
Manes.01G155000.v8.1,Manes.01G155000,(1 of 1) PTHR27001:SF32 - INTERLEUKIN-1 RECEPTOR-ASSOCIATED KINASE 4 PROTEIN-RELATED,yellow,NA
Manes.01G156800.v8.1,Manes.01G156800,(1 of 1) PTHR31942:SF18 - MLO-LIKE PROTEIN 10-RELATED,brown,NA
Manes.01G158700.v8.1,Manes.01G158700,(1 of 1) PTHR10209//PTHR10209:SF108 - OXIDOREDUCTASE; 2OG-FE II  OXYGENASE FAMILY PROTEIN // 2-OXOGLUTARATE (2OG) AND FE(II)-DEPENDENT OXYGENASE-LIKE PROTEIN,brown,NA
Manes.01G159201.v8.1,Manes.01G159201,,yellow,NA
Manes.01G161100.v8.1,Manes.01G161100,(1 of 3) K06215 - pyridoxal 5'-phosphate synthase pdxS subunit (pdxS; pdx1),brown,NA
Manes.01G161300.v8.1,Manes.01G161300,(1 of 3) PTHR11071//PTHR11071:SF291 - PEPTIDYL-PROLYL CIS-TRANS ISOMERASE // SUBFAMILY NOT NAMED,yellow,NA
Manes.01G162500.v8.1,Manes.01G162500,(1 of 1) PTHR11926//PTHR11926:SF374 - GLUCOSYL/GLUCURONOSYL TRANSFERASES // UDP-GLYCOSYLTRANSFERASE 71C4,yellow,NA
Manes.01G167200.v8.1,Manes.01G167200,(1 of 7) K14686 - solute carrier family 31 (copper transporter); member 1 (SLC31A1; CTR1),yellow,NA
Manes.01G173632.v8.1,Manes.01G173632,(1 of 1) PTHR12396:SF11 - METHYL-CPG-BINDING DOMAIN-CONTAINING PROTEIN 5-RELATED,brown,NA
Manes.01G174332.v8.1,Manes.01G174332,(1 of 6) PTHR11702:SF31 - MITOCHONDRIAL RIBOSOME-ASSOCIATED GTPASE 2,brown,NA
Manes.01G174700.v8.1,Manes.01G174700,(1 of 3) K02727 - 20S proteasome subunit alpha 7 (PSMA3),brown,NA
Manes.01G175000.v8.1,Manes.01G175000,(1 of 2) K12176 - COP9 signalosome complex subunit 2 (COPS2; CSN2; TRIP15),brown,NA
Manes.01G176200.v8.1,Manes.01G176200,(1 of 3) K03232 - elongation factor 1-beta (EEF1B),yellow,NA
Manes.01G181600.v8.1,Manes.01G181600,(1 of 2) K03678 - exosome complex component RRP45 (RRP45; EXOSC9),yellow,NA
Manes.01G182300.v8.1,Manes.01G182300,(1 of 1) PTHR10366//PTHR10366:SF384//PTHR15020//PTHR15020:SF11 - NAD DEPENDENT EPIMERASE/DEHYDRATASE // NAD(P)-BINDING ROSSMANN-FOLD SUPERFAMILY PROTEIN // FLAVIN REDUCTASE-RELATED // UPF0659 PROTEIN YMR090W,yellow,NA
Manes.01G182501.v8.1,Manes.01G182501,(1 of 1) PTHR31479:SF4 - GB|AAD29063.1,yellow,NA
Manes.01G183200.v8.1,Manes.01G183200,(1 of 38) PF01535//PF12854//PF13041 - PPR repeat (PPR) // PPR repeat (PPR_1) // PPR repeat family (PPR_2),yellow,NA
Manes.01G183800.v8.1,Manes.01G183800,(1 of 2) PTHR32295//PTHR32295:SF33 - FAMILY NOT NAMED // PROTEIN IQ-DOMAIN 21,yellow,NA
Manes.01G184800.v8.1,Manes.01G184800,(1 of 3) PTHR10460:SF10 - PROTEIN ABIL2-RELATED,floralwhite,NA
Manes.01G187200.v8.1,Manes.01G187200,(1 of 1) PTHR22870//PTHR22870:SF187 - REGULATOR OF CHROMOSOME CONDENSATION // SUBFAMILY NOT NAMED,yellow,NA
Manes.01G191300.v8.1,Manes.01G191300,(1 of 5) PTHR11654//PTHR11654:SF98 - OLIGOPEPTIDE TRANSPORTER-RELATED // PROTEIN NRT1/ PTR FAMILY 4.5-RELATED,brown,NA
Manes.01G191500.v8.1,Manes.01G191500,(1 of 2) KOG0490 - Transcription factor; contains HOX domain,brown,NA
Manes.01G191800.v8.1,Manes.01G191800,(1 of 1) PTHR10343//PTHR10343:SF47 - 5'-AMP-ACTIVATED PROTEIN KINASE ; BETA SUBUNIT // 5'-AMP-ACTIVATED PROTEIN KINASE-LIKE PROTEIN,yellow,NA
Manes.01G192200.v8.1,Manes.01G192200,(1 of 2) PTHR24078:SF317 - DNAJ HEAT SHOCK PROTEIN-RELATED,yellow,NA
Manes.01G192700.v8.1,Manes.01G192700,(1 of 1) PTHR11260:SF312 - GLUTATHIONE S-TRANSFERASE U17-RELATED,brown,NA
Manes.01G194800.v8.1,Manes.01G194800,(1 of 1) PTHR31238:SF5 - GERMIN-LIKE PROTEIN SUBFAMILY 1 MEMBER 1,yellow,NA
Manes.01G196700.v8.1,Manes.01G196700,(1 of 1) K03512 - DNA polymerase lambda (POLL),brown,NA
Manes.01G197100.v8.1,Manes.01G197100,(1 of 53) PF14009 - Domain of unknown function (DUF4228) (DUF4228),yellow,NA
Manes.01G197800.v8.1,Manes.01G197800,(1 of 62) PF00892 - EamA-like transporter family (EamA),floralwhite,NA
Manes.01G198700.v8.1,Manes.01G198700,(1 of 2) PTHR13833:SF42 - NHL DOMAIN-CONTAINING PROTEIN,brown,NA
Manes.01G202500.v8.1,Manes.01G202500,(1 of 2) K18881 - D-lactate dehydratase (DJ1D),brown,NA
Manes.01G203800.v8.1,Manes.01G203800,(1 of 1) PTHR13743:SF84 - BEACH DOMAIN-CONTAINING PROTEIN LVSB,yellow,NA
Manes.01G207000.v8.1,Manes.01G207000,(1 of 2) K14963 - COMPASS component SWD3 (WDR5; SWD3; CPS30),brown,NA
Manes.01G207400.v8.1,Manes.01G207400,(1 of 2) PTHR32241//PTHR32241:SF5 - FAMILY NOT NAMED // INACTIVE PATATIN-LIKE PROTEIN 9-RELATED,brown,NA
Manes.01G209400.v8.1,Manes.01G209400,(1 of 3) PTHR12064//PTHR12064:SF32 - ANCIENT CONSERVED DOMAIN PROTEIN-RELATED // SUBFAMILY NOT NAMED,brown,NA
Manes.01G209500.v8.1,Manes.01G209500,,brown,NA
Manes.01G210000.v8.1,Manes.01G210000,(1 of 1) PTHR37219//PTHR37219:SF1 - FAMILY NOT NAMED // PROTEIN PALE CRESS; CHLOROPLASTIC,floralwhite,NA
Manes.01G210100.v8.1,Manes.01G210100,(1 of 2) PTHR33739//PTHR33739:SF4 - FAMILY NOT NAMED // MEDIATOR OF RNA POLYMERASE II TRANSCRIPTION SUBUNIT 33B,yellow,NA
Manes.01G210500.v8.1,Manes.01G210500,(1 of 1) PTHR35095//PTHR35095:SF1 - FAMILY NOT NAMED // F15K9.6,brown,NA
Manes.01G211500.v8.1,Manes.01G211500,(1 of 3) PTHR14859:SF2 - DNASE I-LIKE SUPERFAMILY PROTEIN,brown,NA
Manes.01G214000.v8.1,Manes.01G214000,(1 of 5) PTHR10110:SF117 - SODIUM/HYDROGEN EXCHANGER 1-RELATED,brown,NA
Manes.01G214300.v8.1,Manes.01G214300,(1 of 3) K14485 - transport inhibitor response 1 (TIR1),brown,NA
Manes.01G215700.v8.1,Manes.01G215700,(1 of 4) PTHR11064:SF42 - NUCLEAR TRANSCRIPTION FACTOR Y SUBUNIT B-5,brown,NA
Manes.01G217500.v8.1,Manes.01G217500,(1 of 1) K10858 - DNA mismatch repair protein PMS2 (PMS2),yellow,NA
Manes.01G217900.v8.1,Manes.01G217900,(1 of 2) PTHR24223:SF246 - ABC TRANSPORTER C FAMILY MEMBER 14-RELATED,yellow,NA
Manes.01G218300.v8.1,Manes.01G218300,(1 of 4) K12890 - splicing factor; arginine/serine-rich 1/9 (SFRS1_9),yellow,NA
Manes.01G221200.v8.1,Manes.01G221200,(1 of 4) K02883 - large subunit ribosomal protein L18e (RP-L18e; RPL18),yellow,NA
Manes.01G226500.v8.1,Manes.01G226500,(1 of 2) PTHR23241//PTHR23241:SF55 - LATE EMBRYOGENESIS ABUNDANT  PLANTS  LEA-RELATED // SUBFAMILY NOT NAMED,yellow,NA
Manes.01G232000.v8.1,Manes.01G232000,(1 of 2) PTHR11453:SF44 - BORON TRANSPORTER 1-RELATED,brown,NA
Manes.01G233500.v8.1,Manes.01G233500,(1 of 4) K13436 - pto-interacting protein 1 (PTI1),yellow,NA
Manes.01G237200.v8.1,Manes.01G237200,(1 of 1) PTHR10509//PTHR10509:SF27 - O-METHYLTRANSFERASE-RELATED // PROTEIN COMT-1,skyblue3,NA
Manes.01G237400.v8.1,Manes.01G237400,(1 of 1) PTHR22684:SF0 - TRANSCRIPTION FACTOR 25,brown,NA
Manes.01G238800.v8.1,Manes.01G238800,(1 of 101) PF02362 - B3 DNA binding domain (B3),yellow,NA
Manes.01G240101.v8.1,Manes.01G240101,(1 of 4) K02942 - large subunit ribosomal protein LP1 (RP-LP1; RPLP1),yellow,NA
Manes.01G243600.v8.1,Manes.01G243600,(1 of 1) 2.7.1.52 - Fucokinase / L-fucose kinase,yellow,carb
Manes.01G243700.v8.1,Manes.01G243700,(1 of 3) PTHR13943:SF32 - NC DOMAIN-CONTAINING PROTEIN-LIKE PROTEIN,brown,NA
Manes.01G244000.v8.1,Manes.01G244000,(1 of 45) PF02701 - Dof domain; zinc finger (zf-Dof),brown,NA
Manes.01G247000.v8.1,Manes.01G247000,(1 of 9) 3.4.17.23 - Angiotensin-converting enzyme 2 / Angiotensin converting enzyme-2,brown,NA
Manes.01G248300.v8.1,Manes.01G248300,(1 of 4) PTHR33978:SF2 - EXPRESSED PROTEIN,brown,NA
Manes.01G249700.v8.1,Manes.01G249700,(1 of 1) K11600 - exosome complex component RRP41 (RRP41; EXOSC4; SKI6),yellow,NA
Manes.01G250800.v8.1,Manes.01G250800,(1 of 1) PTHR33322:SF4 - BAG FAMILY MOLECULAR CHAPERONE REGULATOR 6,brown,NA
Manes.01G251100.v8.1,Manes.01G251100,(1 of 2) K11714 - rhamnogalacturonan II specific xylosyltransferase [EC:2.4.2.-] Xyl a1-3 Fuc (RGXT),brown,NA
Manes.01G251200.v8.1,Manes.01G251200,(1 of 7) PTHR10460 - ABL INTERACTOR,yellow,NA
Manes.01G251700.v8.1,Manes.01G251700,(1 of 2) PTHR10994:SF78 - RETICULON-LIKE PROTEIN B1-RELATED,yellow,NA
Manes.01G253200.v8.1,Manes.01G253200,(1 of 1) K02931 - large subunit ribosomal protein L5 (RP-L5; MRPL5; rplE),yellow,NA
Manes.01G253600.v8.1,Manes.01G253600,(1 of 2) PTHR31509:SF3 - BYPASS1-RELATED PROTEIN-RELATED,floralwhite,NA
Manes.01G254200.v8.1,Manes.01G254200,(1 of 63) PF11721 - Di-glucose binding within endoplasmic reticulum (Malectin),brown,NA
Manes.01G259100.v8.1,Manes.01G259100,(1 of 3) PTHR10024//PTHR10024:SF225 - SYNAPTOTAGMIN // C2 CALCIUM/LIPID-BINDING PLANT PHOSPHORIBOSYLTRANSFERASE FAMILY PROTEIN,brown,NA
Manes.01G261500.v8.1,Manes.01G261500,(1 of 2) PTHR23322//PTHR23322:SF3 - FAS-ASSOCIATED PROTEIN // PROTEIN SAY1,brown,NA
Manes.01G262100.v8.1,Manes.01G262100,(1 of 2) PTHR31194//PTHR31194:SF7 - SHN  SHINE ; DNA BINDING / TRANSCRIPTION FACTOR // SUBFAMILY NOT NAMED,brown,NA
Manes.01G262600.v8.1,Manes.01G262600,(1 of 1) PTHR26402//PTHR26402:SF565 - RESPONSE REGULATOR OF TWO-COMPONENT SYSTEM // TWO-COMPONENT RESPONSE REGULATOR-LIKE APRR7,yellow,NA
Manes.01G271000.v8.1,Manes.01G271000,(1 of 3) PTHR15907//PTHR15907:SF35 - FAMILY NOT NAMED // GENE1000 PROTEIN-RELATED,yellow,NA
Manes.01G275100.v8.1,Manes.01G275100,(1 of 2) PTHR11566//PTHR11566:SF77 - DYNAMIN // SUBFAMILY NOT NAMED,floralwhite,NA
Manes.02G003500.v8.1,Manes.02G003500,,brown,NA
Manes.02G005900.v8.1,Manes.02G005900,(1 of 2) 6.3.5.1 - NAD(+) synthase (glutamine-hydrolyzing) / Nicotinamide adenine dinucleotide synthetase (glutamine),skyblue3,NA
Manes.02G006500.v8.1,Manes.02G006500,(1 of 3) PTHR19959//PTHR19959:SF158 - KINESIN LIGHT CHAIN // SUBFAMILY NOT NAMED,skyblue3,NA
Manes.02G007900.v8.1,Manes.02G007900,(1 of 1) PTHR10168:SF61 - F1N19.7,skyblue3,NA
Manes.02G008600.v8.1,Manes.02G008600,(1 of 1) PTHR23076//PTHR23076:SF71 - METALLOPROTEASE M41 FTSH // CELL DIVISION PROTEIN ISOLOG,brown,NA
Manes.02G009900.v8.1,Manes.02G009900,,brown,NA
Manes.02G011000.v8.1,Manes.02G011000,,brown,NA
Manes.02G012200.v8.1,Manes.02G012200,(1 of 2) PTHR32285//PTHR32285:SF40 - FAMILY NOT NAMED // PROTEIN TRICHOME BIREFRINGENCE-LIKE 23-RELATED,yellow,NA
Manes.02G016100.v8.1,Manes.02G016100,(1 of 67) PF03168 - Late embryogenesis abundant protein (LEA_2),brown,NA
Manes.02G016600.v8.1,Manes.02G016600,(1 of 1) K04706 - E3 SUMO-protein ligase PIAS1 (PIAS1),brown,NA
Manes.02G016900.v8.1,Manes.02G016900,(1 of 3) PTHR31221//PTHR31221:SF7 - FAMILY NOT NAMED // WRKY TRANSCRIPTION FACTOR 24-RELATED,brown,NA
Manes.02G018100.v8.1,Manes.02G018100,(1 of 5) PTHR31339//PTHR31339:SF7 - FAMILY NOT NAMED // POLYGALACTURONASE-RELATED,yellow,NA
Manes.02G019100.v8.1,Manes.02G019100,(1 of 270) PF13639 - Ring finger domain (zf-RING_2),skyblue3,NA
Manes.02G020100.v8.1,Manes.02G020100,(1 of 4) PTHR19139//PTHR19139:SF169 - AQUAPORIN TRANSPORTER // AQUAPORIN PIP1-4-RELATED,yellow,NA
Manes.02G027000.v8.1,Manes.02G027000,(1 of 2) PTHR31636:SF16 - SCARECROW-LIKE PROTEIN 28,brown,NA
Manes.02G028000.v8.1,Manes.02G028000,(1 of 3) K15277 - solute carrier family 35 (adenosine 3'-phospho 5'-phosphosulfate transporter); member B3 (SLC35B3; PAPST2),skyblue3,NA
Manes.02G028100.v8.1,Manes.02G028100,(1 of 1) K14295 - nuclear pore complex protein Nup50 (NUP50; NPAP60),yellow,NA
Manes.02G030900.v8.1,Manes.02G030900,(1 of 2) 2.3.3.10 - Hydroxymethylglutaryl-CoA synthase / Hydroxymethylglutaryl coenzyme alpha-condensing enzyme,brown,carot
Manes.02G030700.v8.1,Manes.02G030700,(1 of 2) 1.1.1.133 - dTDP-4-dehydrorhamnose reductase / dTDP-6-deoxy-L-mannose dehydrogenase,yellow,NA
Manes.02G030300.v8.1,Manes.02G030300,(1 of 1) KOG2427 - Uncharacterized conserved protein,yellow,NA
Manes.02G030000.v8.1,Manes.02G030000,(1 of 2) PTHR31750:SF4 - PROTEIN STAY-GREEN 1; CHLOROPLASTIC-RELATED,brown,NA
Manes.02G029400.v8.1,Manes.02G029400,(1 of 1) PTHR12357:SF32 - YTH FAMILY PROTEIN,yellow,NA
Manes.02G031700.v8.1,Manes.02G031700,(1 of 15) PF09335 - SNARE associated Golgi protein (SNARE_assoc),yellow,NA
Manes.02G032000.v8.1,Manes.02G032000,(1 of 2) PTHR10634:SF38 - ZINC FINGER A20 AND AN1 DOMAIN-CONTAINING STRESS-ASSOCIATED PROTEIN 1-RELATED,brown,NA
Manes.02G032685.v8.1,Manes.02G032685,,floralwhite,NA
Manes.02G033500.v8.1,Manes.02G033500,(1 of 3) PTHR33593:SF2 - F5O11.5,brown,NA
Manes.02G034500.v8.1,Manes.02G034500,(1 of 56) PF14368 - Probable lipid transfer (LTP_2),brown,NA
Manes.02G034600.v8.1,Manes.02G034600,,floralwhite,NA
Manes.02G034900.v8.1,Manes.02G034900,(1 of 4) PTHR31080:SF8 - F23N19.12,brown,carb
Manes.02G035000.v8.1,Manes.02G035000,(1 of 3) K02355 - elongation factor G (fusA; GFM; EFG),yellow,NA
Manes.02G036501.v8.1,Manes.02G036501,(1 of 6) PF05904 - Plant protein of unknown function (DUF863) (DUF863),brown,NA
Manes.02G042100.v8.1,Manes.02G042100,(1 of 3) 3.1.3.16//3.1.3.27//3.1.3.48 - Protein-serine/threonine phosphatase / Serine/threonine specific protein phosphatase // Phosphatidylglycerophosphatase // Protein-tyrosine-phosphatase / PTPase,brown,NA
Manes.02G044200.v8.1,Manes.02G044200,(1 of 2) PTHR23291:SF34 - BAX INHIBITOR 1,brown,NA
Manes.02G046700.v8.1,Manes.02G046700,(1 of 1) PTHR23076:SF54 - ATP-DEPENDENT ZINC METALLOPROTEASE FTSH 6; CHLOROPLASTIC,brown,NA
Manes.02G047100.v8.1,Manes.02G047100,(1 of 2) PTHR10759//PTHR10759:SF8 - 60S RIBOSOMAL PROTEIN L34 // SUBFAMILY NOT NAMED,brown,NA
Manes.02G048440.v8.1,Manes.02G048440,(1 of 3) PTHR33971//PTHR33971:SF1 - FAMILY NOT NAMED // GENOMIC DNA; CHROMOSOME 3; P1 CLONE:MRI12,brown,NA
Manes.02G049500.v8.1,Manes.02G049500,(1 of 4) PTHR31558//PTHR31558:SF1 - FAMILY NOT NAMED // F7A19.6 PROTEIN-RELATED,brown,NA
Manes.02G050200.v8.1,Manes.02G050200,(1 of 4) 5.4.99.5 - Chorismate mutase / Hydroxyphenylpyruvate synthase,floralwhite,NA
Manes.02G051500.v8.1,Manes.02G051500,(1 of 207) PF01535//PF13041 - PPR repeat (PPR) // PPR repeat family (PPR_2),floralwhite,NA
Manes.02G055300.v8.1,Manes.02G055300,(1 of 3) PTHR27000//PTHR27000:SF205 - FAMILY NOT NAMED // LRR RECEPTOR-LIKE SERINE/THREONINE-PROTEIN KINASE RPK2,brown,NA
Manes.02G057200.v8.1,Manes.02G057200,,brown,NA
Manes.02G057300.v8.1,Manes.02G057300,(1 of 31) PF07714//PF11721 - Protein tyrosine kinase (Pkinase_Tyr) // Di-glucose binding within endoplasmic reticulum (Malectin),brown,NA
Manes.02G058400.v8.1,Manes.02G058400,(1 of 4) PTHR13593//PTHR13593:SF46 - UNCHARACTERIZED // F21F23.12 PROTEIN,brown,NA
Manes.02G059300.v8.1,Manes.02G059300,(1 of 4) PTHR11945:SF155 - AGAMOUS-LIKE MADS-BOX PROTEIN AGL8-RELATED,brown,NA
Manes.02G061900.v8.1,Manes.02G061900,(1 of 3) PTHR22952//PTHR22952:SF133 - CAMP-RESPONSE ELEMENT BINDING PROTEIN-RELATED // SUBFAMILY NOT NAMED,floralwhite,NA
Manes.02G062000.v8.1,Manes.02G062000,(1 of 2) PTHR32116:SF31 - GALACTURONOSYLTRANSFERASE 9-RELATED,brown,carb
Manes.02G064600.v8.1,Manes.02G064600,(1 of 1) PTHR31050//PTHR31050:SF0 - FAMILY NOT NAMED // T25B24.5 PROTEIN,brown,NA
Manes.02G066200.v8.1,Manes.02G066200,(1 of 2) K03680 - translation initiation factor eIF-2B subunit delta (EIF2B4),yellow,NA
Manes.02G066700.v8.1,Manes.02G066700,(1 of 1) PF11016 - Protein of unknown function (DUF2854) (DUF2854),yellow,NA
Manes.02G067800.v8.1,Manes.02G067800,(1 of 6) K10839 - UV excision repair protein RAD23 (RAD23; HR23),brown,NA
Manes.02G068800.v8.1,Manes.02G068800,(1 of 4) PTHR12565//PTHR12565:SF128 - STEROL REGULATORY ELEMENT-BINDING PROTEIN // TRANSCRIPTION FACTOR BHLH75,brown,NA
Manes.02G069000.v8.1,Manes.02G069000,(1 of 2) 5.3.1.8 - Mannose-6-phosphate isomerase / Phosphomannose isomerase,yellow,carb
Manes.02G069300.v8.1,Manes.02G069300,(1 of 1) K15441 - tRNA-specific adenosine deaminase 2 [EC:3.5.4.-] (TAD2; ADAT2),yellow,NA
Manes.02G071000.v8.1,Manes.02G071000,(1 of 56) PF14368 - Probable lipid transfer (LTP_2),brown,NA
Manes.02G073200.v8.1,Manes.02G073200,(1 of 2) PTHR10358//PTHR10358:SF7 - ENDOSULFINE // SUBFAMILY NOT NAMED,yellow,NA
Manes.02G074200.v8.1,Manes.02G074200,(1 of 4) PTHR22814//PTHR22814:SF47 - COPPER TRANSPORT PROTEIN ATOX1-RELATED // SUBFAMILY NOT NAMED,skyblue3,NA
Manes.02G077000.v8.1,Manes.02G077000,(1 of 2) PTHR21493:SF112 - ALPHA/BETA-HYDROLASES SUPERFAMILY PROTEIN,yellow,NA
Manes.02G077700.v8.1,Manes.02G077700,(1 of 2) PTHR32080//PTHR32080:SF5 - FAMILY NOT NAMED // CYSTEINE-RICH REPEAT SECRETORY PROTEIN 60,brown,NA
Manes.02G082900.v8.1,Manes.02G082900,(1 of 5) PTHR23257//PTHR23257:SF541 - SERINE-THREONINE PROTEIN KINASE // SUBFAMILY NOT NAMED,floralwhite,NA
Manes.02G086800.v8.1,Manes.02G086800,(1 of 29) KOG0617 - Ras suppressor protein (contains leucine-rich repeats),yellow,NA
Manes.02G087801.v8.1,Manes.02G087801,(1 of 4) PTHR12758//PTHR12758:SF20 - APOPTOSIS INHIBITOR 5-RELATED // PEPTIDASE-C1 DOMAIN-CONTAINING PROTEIN,brown,NA
Manes.02G088600.v8.1,Manes.02G088600,(1 of 2) KOG0716 - Molecular chaperone (DnaJ superfamily),yellow,NA
Manes.02G089800.v8.1,Manes.02G089800,(1 of 3) PTHR22838:SF3 - WD-REPEAT PROTEIN-LIKE,yellow,NA
Manes.02G090800.v8.1,Manes.02G090800,(1 of 2) PTHR23257:SF545 - SERINE/THREONINE KINASE-RELATED,yellow,NA
Manes.02G092300.v8.1,Manes.02G092300,(1 of 2) K18647 - acidic leucine-rich nuclear phosphoprotein 32 family member B (ANP32B),brown,NA
Manes.02G094400.v8.1,Manes.02G094400,(1 of 1) K14544 - U3 small nucleolar RNA-associated protein 22 (UTP22; NOL6),brown,NA
Manes.02G095100.v8.1,Manes.02G095100,(1 of 1) PTHR12565//PTHR12565:SF132 - STEROL REGULATORY ELEMENT-BINDING PROTEIN // TRANSCRIPTION FACTOR BEE 2-RELATED,yellow,NA
Manes.02G097200.v8.1,Manes.02G097200,(1 of 4) PTHR23070//PTHR23070:SF12 - BCS1 AAA-TYPE ATPASE // SUBFAMILY NOT NAMED,brown,NA
Manes.02G098700.v8.1,Manes.02G098700,(1 of 1) PTHR10992//PTHR10992:SF804 - ALPHA/BETA HYDROLASE FOLD-CONTAINING PROTEIN // SUBFAMILY NOT NAMED,brown,NA
Manes.02G099200.v8.1,Manes.02G099200,,yellow,NA
Manes.02G100300.v8.1,Manes.02G100300,(1 of 1) PTHR11699//PTHR11699:SF117 - ALDEHYDE DEHYDROGENASE-RELATED // ALDEHYDE DEHYDROGENASE FAMILY 3 MEMBER F1,brown,NA
Manes.02G100500.v8.1,Manes.02G100500,,yellow,NA
Manes.02G101501.v8.1,Manes.02G101501,,brown,NA
Manes.02G102600.v8.1,Manes.02G102600,(1 of 1) 2.5.1.78 - 6;7-dimethyl-8-ribityllumazine synthase / Lumazine synthase,brown,NA
Manes.02G103900.v8.1,Manes.02G103900,(1 of 2) PTHR31447//PTHR31447:SF1 - FAMILY NOT NAMED // 2-OXOGLUTARATE (2OG) AND FE(II)-DEPENDENT OXYGENASE-LIKE PROTEIN,brown,NA
Manes.02G106100.v8.1,Manes.02G106100,(1 of 2) PTHR24423//PTHR24423:SF436 - TWO-COMPONENT SENSOR HISTIDINE KINASE // HISTIDINE KINASE 1,brown,NA
Manes.02G109500.v8.1,Manes.02G109500,(1 of 2) PTHR13683:SF232 - ASPARTYL PROTEASE FAMILY PROTEIN,skyblue3,NA
Manes.02G111300.v8.1,Manes.02G111300,(1 of 2) PTHR11106//PTHR11106:SF58 - GANGLIOSIDE INDUCED DIFFERENTIATION ASSOCIATED PROTEIN 2-RELATED // SUBFAMILY NOT NAMED,skyblue3,NA
Manes.02G112300.v8.1,Manes.02G112300,(1 of 1) K00666 - fatty-acyl-CoA synthase [EC:6.2.1.-] (K00666),skyblue3,NA
Manes.02G114000.v8.1,Manes.02G114000,(1 of 1) PTHR10241//PTHR10241:SF27 - LETHAL 2  GIANT LARVAE PROTEIN // DUO1-ACTIVATED WD40 1,yellow,NA
Manes.02G114100.v8.1,Manes.02G114100,(1 of 2) PTHR21726//PTHR21726:SF37 - PHOSPHATIDYLINOSITOL N-ACETYLGLUCOSAMINYLTRANSFERASE SUBUNIT P  DOWN SYNDROME CRITICAL REGION PROTEIN 5 -RELATED // SUBFAMILY NOT NAMED,brown,NA
Manes.02G114600.v8.1,Manes.02G114600,(1 of 5) K08832 - serine/threonine-protein kinase SRPK3 [EC:2.7.11.1] (SRPK3; STK23),floralwhite,NA
Manes.02G115000.v8.1,Manes.02G115000,(1 of 2) PTHR13832:SF304 - PROTEIN PHOSPHATASE 2C 47-RELATED,brown,NA
Manes.02G117704.v8.1,Manes.02G117704,,brown,NA
Manes.02G118300.v8.1,Manes.02G118300,(1 of 3) PTHR19139//PTHR19139:SF30 - AQUAPORIN TRANSPORTER // AQUAPORIN TIP3-1-RELATED,brown,NA
Manes.02G119900.v8.1,Manes.02G119900,(1 of 1) K10140 - DNA damage-binding protein 2 (DDB2),brown,NA
Manes.02G120100.v8.1,Manes.02G120100,(1 of 1) PTHR31956:SF9 - NON-SPECIFIC PHOSPHOLIPASE C1,yellow,NA
Manes.02G121100.v8.1,Manes.02G121100,(1 of 1) PTHR11662//PTHR11662:SF312 - SODIUM-DEPENDENT PHOSPHATE TRANSPORTERS // SUBFAMILY NOT NAMED,brown,NA
Manes.02G122500.v8.1,Manes.02G122500,(1 of 1) PTHR11468:SF4 - ALPHA-GLUCAN PHOSPHORYLASE 2; CYTOSOLIC,brown,carb
Manes.02G123400.v8.1,Manes.02G123400,(1 of 1) PTHR11662:SF226 - FI19708P1,brown,NA
Manes.02G125400.v8.1,Manes.02G125400,(1 of 7) K14686 - solute carrier family 31 (copper transporter); member 1 (SLC31A1; CTR1),brown,NA
Manes.02G125800.v8.1,Manes.02G125800,(1 of 9) PTHR11260//PTHR11260:SF303 - GLUTATHIONE S-TRANSFERASE; GST; SUPERFAMILY; GST DOMAIN CONTAINING // GLUTATHIONE S-TRANSFERASE U1-RELATED,brown,NA
Manes.02G128700.v8.1,Manes.02G128700,(1 of 2) K03122 - transcription initiation factor TFIIA large subunit (TFIIA1; GTF2A1; TOA1),yellow,NA
Manes.02G129800.v8.1,Manes.02G129800,(1 of 321) PF00249 - Myb-like DNA-binding domain (Myb_DNA-binding),brown,NA
Manes.02G129900.v8.1,Manes.02G129900,(1 of 4) PTHR12537:SF78 - PUMILIO HOMOLOG 1-RELATED,yellow,NA
Manes.02G130900.v8.1,Manes.02G130900,(1 of 4) PTHR31636//PTHR31636:SF46 - FAMILY NOT NAMED // SCARECROW-LIKE PROTEIN 11-RELATED,brown,NA
Manes.02G132200.v8.1,Manes.02G132200,(1 of 1) PTHR21596//PTHR21596:SF23 - RIBONUCLEASE P SUBUNIT P38 // SUBFAMILY NOT NAMED,yellow,NA
Manes.02G133500.v8.1,Manes.02G133500,(1 of 2) K12176 - COP9 signalosome complex subunit 2 (COPS2; CSN2; TRIP15),skyblue3,NA
Manes.02G133700.v8.1,Manes.02G133700,(1 of 2) K18466 - vacuolar protein sorting-associated protein 26 (VPS26),floralwhite,NA
Manes.02G133900.v8.1,Manes.02G133900,(1 of 2) PTHR10641:SF540 - MYB TRANSCRIPTION FACTOR,yellow,NA
Manes.02G134700.v8.1,Manes.02G134700,(1 of 1) PTHR11413//PTHR11413:SF50 - CYSTATIN FAMILY MEMBER // SUBFAMILY NOT NAMED,brown,NA
Manes.02G137100.v8.1,Manes.02G137100,(1 of 3) K03029 - 26S proteasome regulatory subunit N10 (PSMD4; RPN10),floralwhite,NA
Manes.02G142900.v8.1,Manes.02G142900,(1 of 1) PTHR10666//PTHR10666:SF135 - UBIQUITIN // F15I1.6 PROTEIN-RELATED,yellow,NA
Manes.02G143000.v8.1,Manes.02G143000,(1 of 2) K02692 - photosystem I subunit II (psaD),brown,carb
Manes.02G143200.v8.1,Manes.02G143200,(1 of 4) PTHR23056//PTHR23056:SF45 - CALCINEURIN B // CALCINEURIN B-LIKE PROTEIN 4,yellow,NA
Manes.02G144800.v8.1,Manes.02G144800,,yellow,NA
Manes.02G146400.v8.1,Manes.02G146400,(1 of 2) PTHR11469:SF9 - GLUCOSE-6-PHOSPHATE ISOMERASE 1; CHLOROPLASTIC,yellow,carb
Manes.02G146500.v8.1,Manes.02G146500,(1 of 2) PTHR24078//PTHR24078:SF193 - DNAJ HOMOLOG SUBFAMILY C MEMBER // DNAJ HOMOLOG SUBFAMILY C MEMBER 2,floralwhite,NA
Manes.02G147700.v8.1,Manes.02G147700,(1 of 2) K08505 - protein transport protein SFT1 (SFT1),yellow,NA
Manes.02G148800.v8.1,Manes.02G148800,,yellow,NA
Manes.02G150800.v8.1,Manes.02G150800,(1 of 17) PF04674 - Phosphate-induced protein 1 conserved region (Phi_1),brown,NA
Manes.02G151900.v8.1,Manes.02G151900,(1 of 4) PTHR18860:SF12 - 14-3-3-LIKE PROTEIN GF14 IOTA,brown,NA
Manes.02G152400.v8.1,Manes.02G152400,(1 of 2) K12118 - cryptochrome 1 (CRY1),yellow,NA
Manes.02G154900.v8.1,Manes.02G154900,(1 of 2) K01834 - 2;3-bisphosphoglycerate-dependent phosphoglycerate mutase (PGAM; gpmA),skyblue3,carb
Manes.02G157200.v8.1,Manes.02G157200,,brown,NA
Manes.02G157700.v8.1,Manes.02G157700,(1 of 1) 6.3.2.5 - Phosphopantothenate--cysteine ligase / Phosphopantothenoylcysteine synthetase,brown,NA
Manes.02G158400.v8.1,Manes.02G158400,(1 of 1) PTHR11214:SF74 - BETA-1;3-GALACTOSYLTRANSFERASE 7-RELATED,brown,carb
Manes.02G159900.v8.1,Manes.02G159900,(1 of 1) K01942 - biotin--protein ligase (HLCS),brown,NA
Manes.02G160000.v8.1,Manes.02G160000,(1 of 2) K08866 - serine/threonine-protein kinase TTK/MPS1 (TTK; MPS1),brown,NA
Manes.02G163700.v8.1,Manes.02G163700,(1 of 1) K13600 - chlorophyllide a oxygenase (CAO),brown,NA
Manes.02G164300.v8.1,Manes.02G164300,(1 of 1) PF14542 - GCN5-related N-acetyl-transferase (Acetyltransf_CG),brown,NA
Manes.02G166900.v8.1,Manes.02G166900,(1 of 1) PTHR12383//PTHR12383:SF24 - PROTEASE FAMILY S26 MITOCHONDRIAL INNER MEMBRANE PROTEASE-RELATED // SUBFAMILY NOT NAMED,brown,NA
Manes.02G173000.v8.1,Manes.02G173000,(1 of 3) PTHR33133:SF5 - EXPRESSED PROTEIN,brown,NA
Manes.02G173500.v8.1,Manes.02G173500,(1 of 3) PTHR24361//PTHR24361:SF310 - MITOGEN-ACTIVATED KINASE KINASE KINASE // MITOGEN-ACTIVATED PROTEIN KINASE KINASE KINASE 3,brown,NA
Manes.02G174700.v8.1,Manes.02G174700,(1 of 2) K15172 - transcription elongation factor SPT5 (SUPT5H; SPT5),yellow,NA
Manes.02G175700.v8.1,Manes.02G175700,(1 of 15) PF04720 - PDDEXK-like family of unknown function (PDDEXK_6),brown,NA
Manes.02G177900.v8.1,Manes.02G177900,(1 of 2) K01590 - histidine decarboxylase (hdc; HDC),brown,NA
Manes.02G178900.v8.1,Manes.02G178900,(1 of 2) K12622 - U6 snRNA-associated Sm-like protein LSm3 (LSM3),yellow,NA
Manes.02G180500.v8.1,Manes.02G180500,(1 of 2) PTHR10438:SF280 - THIOREDOXIN Y1; CHLOROPLASTIC-RELATED,yellow,NA
Manes.02G181100.v8.1,Manes.02G181100,(1 of 3) 2.4.1.29 - Cellulose synthase (GDP-forming) / GDP-glucose-cellulose glucosyltransferase,brown,carb
Manes.02G181600.v8.1,Manes.02G181600,(1 of 2) PTHR24012:SF376 - POLYPYRIMIDINE TRACT-BINDING PROTEIN 3,yellow,NA
Manes.02G181700.v8.1,Manes.02G181700,(1 of 6) PF04367 - Protein of unknown function (DUF502) (DUF502),brown,NA
Manes.02G181900.v8.1,Manes.02G181900,(1 of 2) K10807 - ribonucleoside-diphosphate reductase subunit M1 (RRM1),brown,NA
Manes.02G187600.v8.1,Manes.02G187600,(1 of 2) PTHR12161//PTHR12161:SF21 - UNCHARACTERIZED DUF292 // REGULATOR OF VPS4 ACTIVITY IN THE MVB PATHWAY PROTEIN,brown,NA
Manes.02G188100.v8.1,Manes.02G188100,(1 of 1) PTHR11910:SF7 - F-TYPE H+-TRANSPORTING ATPASE SUBUNIT DELTA,yellow,NA
Manes.02G188400.v8.1,Manes.02G188400,(1 of 2) PTHR11353:SF107 - 1-PHOSPHATIDYLINOSITOL-3-PHOSPHATE 5-KINASE FAB1D-RELATED,yellow,NA
Manes.02G190200.v8.1,Manes.02G190200,(1 of 12) PF11961 - Domain of unknown function (DUF3475) (DUF3475),yellow,NA
Manes.02G192000.v8.1,Manes.02G192000,(1 of 6) KOG3140 - Predicted membrane protein,yellow,NA
Manes.02G195100.v8.1,Manes.02G195100,(1 of 1) PTHR12899//PTHR12899:SF7 - 39S RIBOSOMAL PROTEIN L18; MITOCHONDRIAL // SUBFAMILY NOT NAMED,yellow,NA
Manes.02G195300.v8.1,Manes.02G195300,(1 of 1) PTHR31288//PTHR31288:SF8 - FAMILY NOT NAMED // O-FUCOSYLTRANSFERASE-LIKE PROTEIN,yellow,NA
Manes.02G197900.v8.1,Manes.02G197900,(1 of 1) PTHR16223//PTHR16223:SF29 - FAMILY NOT NAMED // TRANSCRIPTION FACTOR BHLH117-RELATED,yellow,NA
Manes.02G198400.v8.1,Manes.02G198400,(1 of 1) K09548 - prefoldin subunit 1 (PFDN1),brown,NA
Manes.02G199700.v8.1,Manes.02G199700,(1 of 1) PTHR10996:SF108 - D-ISOMER SPECIFIC 2-HYDROXYACID DEHYDROGENASE-LIKE PROTEIN,brown,NA
Manes.02G202900.v8.1,Manes.02G202900,(1 of 8) 1.6.5.9 - NADH:ubiquinone reductase (non-electrogenic) / Ubiquinone reductase,brown,NA
Manes.02G206150.v8.1,Manes.02G206150,(1 of 13) PF00931//PF07725//PF13676 - NB-ARC domain (NB-ARC) // Leucine Rich Repeat (LRR_3) // TIR domain (TIR_2),brown,NA
Manes.02G200600.v8.1,Manes.02G200600,(1 of 70) PTHR23155//PTHR23155:SF554 - LEUCINE-RICH REPEAT-CONTAINING PROTEIN // SUBFAMILY NOT NAMED,yellow,NA
Manes.02G200534.v8.1,Manes.02G200534,,yellow,NA
Manes.02G221151.v8.1,Manes.02G221151,(1 of 70) PTHR23155//PTHR23155:SF554 - LEUCINE-RICH REPEAT-CONTAINING PROTEIN // SUBFAMILY NOT NAMED,yellow,NA
Manes.02G207700.v8.1,Manes.02G207700,(1 of 1) PTHR10288:SF145 - P-ELEMENT SOMATIC INHIBITOR; ISOFORM C,yellow,NA
Manes.02G208560.v8.1,Manes.02G208560,(1 of 1) 2.1.1.176//2.1.1.178 - 16S rRNA (cytosine(967)-C(5))-methyltransferase // 16S rRNA (cytosine(1407)-C(5))-methyltransferase,brown,NA
Manes.02G212020.v8.1,Manes.02G212020,(1 of 1) K11094 - U2 small nuclear ribonucleoprotein B'' (SNRPB2),skyblue3,NA
Manes.02G212800.v8.1,Manes.02G212800,(1 of 2) K01953 - asparagine synthase (glutamine-hydrolysing) (asnB; ASNS),yellow,NA
Manes.02G218100.v8.1,Manes.02G218100,(1 of 1) PTHR32370:SF17 - ROOT PHOTOTROPISM PROTEIN 2,brown,NA
Manes.02G217200.v8.1,Manes.02G217200,(1 of 2) PTHR12542//PTHR12542:SF29 - EXOCYST COMPLEX PROTEIN EXO70 // SUBFAMILY NOT NAMED,floralwhite,NA
Manes.02G216800.v8.1,Manes.02G216800,(1 of 2) PTHR11926:SF176 - UDP-GLYCOSYLTRANSFERASE 87A2,floralwhite,NA
Manes.02G216300.v8.1,Manes.02G216300,(1 of 2) K13098 - RNA-binding protein FUS (TLS; FUS),skyblue3,NA
Manes.02G219500.v8.1,Manes.02G219500,(1 of 2) K10583 - ubiquitin-conjugating enzyme E2 S (UBE2S; E2EPF),yellow,NA
Manes.02G215600.v8.1,Manes.02G215600,(1 of 70) PTHR23155//PTHR23155:SF554 - LEUCINE-RICH REPEAT-CONTAINING PROTEIN // SUBFAMILY NOT NAMED,skyblue3,NA
Manes.02G223000.v8.1,Manes.02G223000,(1 of 2) 5.4.99.8 - Cycloartenol synthase / 2;3-epoxysqualene--cycloartenol cyclase,yellow,NA
Manes.02G222200.v8.1,Manes.02G222200,(1 of 1) K14321 - nucleoporin-like protein 2 (NUPL2; CG1),yellow,NA
Manes.03G000300.v8.1,Manes.03G000300,(1 of 1) PTHR12323:SF0 - CALCIUM HOMEOSTASIS ENDOPLASMIC RETICULUM PROTEIN,yellow,NA
Manes.03G000450.v8.1,Manes.03G000450,(1 of 1) PTHR11390//PTHR11390:SF27 - PROKARYOTIC DNA TOPOISOMERASE // DNA TOPOISOMERASE,yellow,NA
Manes.03G004300.v8.1,Manes.03G004300,(1 of 1) PTHR11717:SF2 - PEPTIDYL-TRNA HYDROLASE PTRHD1-RELATED,yellow,NA
Manes.03G005100.v8.1,Manes.03G005100,(1 of 2) PTHR10217//PTHR10217:SF544 - VOLTAGE AND LIGAND GATED POTASSIUM CHANNEL // CYCLIC NUCLEOTIDE-GATED ION CHANNEL 14-RELATED,yellow,NA
Manes.03G006500.v8.1,Manes.03G006500,(1 of 5) PTHR13683:SF246 - ASPARTYL PROTEASE FAMILY PROTEIN,skyblue3,NA
Manes.03G006700.v8.1,Manes.03G006700,(1 of 1) K18328 - lariat debranching enzyme [EC:3.1.-.-] (DBR1),yellow,NA
Manes.03G006900.v8.1,Manes.03G006900,(1 of 1) PTHR11566//PTHR11566:SF84 - DYNAMIN // SUBFAMILY NOT NAMED,brown,NA
Manes.03G007400.v8.1,Manes.03G007400,,skyblue3,NA
Manes.03G007700.v8.1,Manes.03G007700,(1 of 2) PTHR11592//PTHR11592:SF11 - GLUTATHIONE PEROXIDASE // PHOSPHOLIPID HYDROPEROXIDE GLUTATHIONE PEROXIDASE 1; CHLOROPLASTIC-RELATED,yellow,NA
Manes.03G008500.v8.1,Manes.03G008500,(1 of 8) K17086 - transmembrane 9 superfamily member 2/4 (TM9SF2_4),yellow,NA
Manes.03G011400.v8.1,Manes.03G011400,,yellow,NA
Manes.03G013000.v8.1,Manes.03G013000,(1 of 4) K15289 - solute carrier family 35; member F5 (SLC35F5),brown,NA
Manes.03G015100.v8.1,Manes.03G015100,(1 of 3) K14515 - EIN3-binding F-box protein (EBF1_2),brown,NA
Manes.03G015700.v8.1,Manes.03G015700,(1 of 1) PTHR21011//PTHR21011:SF5 - MITOCHONDRIAL 28S RIBOSOMAL PROTEIN S6 // GENOMIC DNA; CHROMOSOME 3; P1 CLONE: MVE11,brown,NA
Manes.03G019300.v8.1,Manes.03G019300,(1 of 1) PTHR31791//PTHR31791:SF10 - FAMILY NOT NAMED // FRIGIDA-LIKE PROTEIN 1-RELATED,yellow,NA
Manes.03G021100.v8.1,Manes.03G021100,(1 of 32) PF00083 - Sugar (and other) transporter (Sugar_tr),brown,NA
Manes.03G023400.v8.1,Manes.03G023400,(1 of 2) PTHR24072:SF127 - RAC-LIKE GTP-BINDING PROTEIN ARAC7,yellow,NA
Manes.03G025400.v8.1,Manes.03G025400,(1 of 2) K06063 - SNW domain-containing protein 1 (SNW1; SKIIP; SKIP),brown,NA
Manes.03G026000.v8.1,Manes.03G026000,(1 of 2) PTHR10209:SF146 - 2-OXOGLUTARATE (2OG) AND FE(II)-DEPENDENT OXYGENASE SUPERFAMILY PROTEIN-RELATED,brown,NA
Manes.03G027800.v8.1,Manes.03G027800,(1 of 1) PTHR24361//PTHR24361:SF336 - MITOGEN-ACTIVATED KINASE KINASE KINASE // MITOGEN-ACTIVATED PROTEIN KINASE KINASE 6,yellow,NA
Manes.03G028900.v8.1,Manes.03G028900,(1 of 2) PTHR31079//PTHR31079:SF3 - FAMILY NOT NAMED // NAC DOMAIN CONTAINING PROTEIN 75-RELATED,brown,NA
Manes.03G029700.v8.1,Manes.03G029700,(1 of 1) PTHR31398:SF0 - MEIOTIC NUCLEAR DIVISION PROTEIN 1 HOMOLOG,brown,NA
Manes.03G030200.v8.1,Manes.03G030200,(1 of 1) PTHR22594:SF34 - ASPARAGINE--TRNA LIGASE; MITOCHONDRIAL-RELATED,yellow,NA
Manes.03G030300.v8.1,Manes.03G030300,(1 of 3) K02910 - large subunit ribosomal protein L31e (RP-L31e; RPL31),brown,NA
Manes.03G032600.v8.1,Manes.03G032600,(1 of 2) PTHR32191:SF0 - TETRASPANIN-2,brown,NA
Manes.03G033100.v8.1,Manes.03G033100,,yellow,NA
Manes.03G033700.v8.1,Manes.03G033700,(1 of 1) K12259 - spermine oxidase (SMOX; PAO5),yellow,NA
Manes.03G034100.v8.1,Manes.03G034100,(1 of 2) PTHR27001//PTHR27001:SF26 - FAMILY NOT NAMED // PROTEIN KINASE FAMILY PROTEIN,yellow,NA
Manes.03G036300.v8.1,Manes.03G036300,(1 of 10) K13459 - disease resistance protein RPS2 (RPS2),yellow,NA
Manes.03G038100.v8.1,Manes.03G038100,(1 of 4) K12191 - charged multivesicular body protein 2A (CHMP2A),brown,NA
Manes.03G038200.v8.1,Manes.03G038200,(1 of 4) PTHR14155//PTHR14155:SF93 - RING FINGER DOMAIN-CONTAINING // SUBFAMILY NOT NAMED,yellow,NA
Manes.03G038600.v8.1,Manes.03G038600,(1 of 1) PTHR23273//PTHR23273:SF15 - REPLICATION FACTOR A 1; RFA1 // REPLICATION PROTEIN A 70 KDA DNA-BINDING SUBUNIT A,floralwhite,NA
Manes.03G038800.v8.1,Manes.03G038800,(1 of 2) PTHR11760//PTHR11760:SF22 - 30S/40S RIBOSOMAL PROTEIN S3 // SUBFAMILY NOT NAMED,yellow,NA
Manes.03G042600.v8.1,Manes.03G042600,(1 of 20) PF04570 - zinc-finger of the FCS-type; C2-C2 (zf-FLZ),brown,NA
Manes.03G043600.v8.1,Manes.03G043600,(1 of 137) 3.1.1.11 - Pectinesterase / Pectin methylesterase,yellow,carb
Manes.03G045200.v8.1,Manes.03G045200,(1 of 5) K11975 - E3 ubiquitin-protein ligase RNF144 [EC:6.3.2.19] (RNF144),brown,NA
Manes.03G045500.v8.1,Manes.03G045500,(1 of 1) K04482 - DNA repair protein RAD51 (RAD51),skyblue3,NA
Manes.03G045900.v8.1,Manes.03G045900,(1 of 1) PTHR12276:SF7 - CLATHRIN INTERACTOR EPSIN 1,yellow,NA
Manes.03G046000.v8.1,Manes.03G046000,(1 of 2) K18740 - exonuclease 3'-5' domain-containing protein 1 (EXD1; EGL),yellow,NA
Manes.03G046200.v8.1,Manes.03G046200,(1 of 3) PTHR31042//PTHR31042:SF24 - FAMILY NOT NAMED // CORE-2/I-BRANCHING BETA-1;6-N-ACETYLGLUCOSAMINYLTRANSFERASE FAMILY PROTEIN,brown,NA
Manes.03G046800.v8.1,Manes.03G046800,(1 of 2) 4.99.1.1 - Ferrochelatase / Protoheme ferro-lyase,yellow,NA
Manes.03G047100.v8.1,Manes.03G047100,(1 of 3) PTHR11034:SF23 - N-MYC DOWNREGULATED-LIKE 3 PROTEIN,yellow,NA
Manes.03G047600.v8.1,Manes.03G047600,(1 of 1) K11418 - histone deacetylase 11 (HDAC11),brown,NA
Manes.03G048300.v8.1,Manes.03G048300,(1 of 25) PF07714//PF08263//PF13855 - Protein tyrosine kinase (Pkinase_Tyr) // Leucine rich repeat N-terminal domain (LRRNT_2) // Leucine rich repeat (LRR_8),brown,NA
Manes.03G049100.v8.1,Manes.03G049100,(1 of 1) PTHR10593//PTHR10593:SF25 - SERINE/THREONINE-PROTEIN KINASE RIO // SUBFAMILY NOT NAMED,brown,NA
Manes.03G050700.v8.1,Manes.03G050700,(1 of 3) PTHR24356//PTHR24356:SF206 - SERINE/THREONINE-PROTEIN KINASE // AGC (CAMP-DEPENDENT; CGMP-DEPENDENT AND PROTEIN KINASE C) KINASE FAMILY PROTEIN,yellow,NA
Manes.03G051300.v8.1,Manes.03G051300,(1 of 102) PF03106 - WRKY DNA -binding domain (WRKY),yellow,NA
Manes.03G054600.v8.1,Manes.03G054600,(1 of 14) PF04784//PF14389 - Protein of unknown function; DUF547 (DUF547) // Leucine-zipper of ternary complex factor MIP1 (Lzipper-MIP1),brown,NA
Manes.03G055100.v8.1,Manes.03G055100,(1 of 1) PTHR13856//PTHR13856:SF97 - VHS DOMAIN CONTAINING PROTEIN FAMILY // SUBFAMILY NOT NAMED,yellow,NA
Manes.03G055200.v8.1,Manes.03G055200,(1 of 3) PTHR33077:SF5 - PROTEIN TIFY 3A-RELATED,brown,NA
Manes.03G055400.v8.1,Manes.03G055400,(1 of 2) PTHR32133//PTHR32133:SF124 - FAMILY NOT NAMED // F-BOX ONLY PROTEIN 13,brown,NA
Manes.03G057400.v8.1,Manes.03G057400,(1 of 3) PTHR31513:SF1 - GLYCINE-RICH PROTEIN,skyblue3,NA
Manes.03G061600.v8.1,Manes.03G061600,(1 of 2) PTHR13856:SF78 - ENTH/VHS/GAT FAMILY PROTEIN,brown,NA
Manes.03G064200.v8.1,Manes.03G064200,(1 of 1) K19027 - zinc finger FYVE domain-containing protein 26 (ZFYVE26),yellow,NA
Manes.03G073800.v8.1,Manes.03G073800,(1 of 1) K01047 - secretory phospholipase A2 (PLA2G; SPLA2),brown,NA
Manes.03G075600.v8.1,Manes.03G075600,(1 of 5) PTHR11040//PTHR11040:SF59 - ZINC/IRON TRANSPORTER // SUBFAMILY NOT NAMED,brown,NA
Manes.03G074900.v8.1,Manes.03G074900,(1 of 1) K03509 - DNA polymerase eta (POLH),yellow,NA
Manes.03G076000.v8.1,Manes.03G076000,(1 of 2) PTHR12547:SF63 - ZINC FINGER CCCH DOMAIN-CONTAINING PROTEIN 37-RELATED,brown,NA
Manes.03G081900.v8.1,Manes.03G081900,(1 of 8) K07300 - Ca2+:H+ antiporter (chaA; CAX),brown,NA
Manes.03G081600.v8.1,Manes.03G081600,(1 of 2) PTHR31288:SF5 - GENOMIC DNA; CHROMOSOME 3; P1 CLONE: MXL8-RELATED,yellow,NA
Manes.03G082162.v8.1,Manes.03G082162,(1 of 16) K01537 - Ca2+-transporting ATPase (E3.6.3.8),brown,NA
Manes.03G080600.v8.1,Manes.03G080600,(1 of 1) PTHR10527//PTHR10527:SF6 - IMPORTIN BETA // IMPORTIN-4,yellow,NA
Manes.03G080800.v8.1,Manes.03G080800,(1 of 1) K19022 - AP-5 complex subunit beta-1 (AP5B1),brown,NA
Manes.03G096516.v8.1,Manes.03G096516,,skyblue3,NA
Manes.03G095300.v8.1,Manes.03G095300,(1 of 2) K11322 - enhancer of polycomb-like protein (EPC),skyblue3,NA
Manes.03G085800.v8.1,Manes.03G085800,,yellow,NA
Manes.03G087300.v8.1,Manes.03G087300,(1 of 1) PTHR22594:SF20 - LYSINE--TRNA LIGASE,brown,NA
Manes.03G098700.v8.1,Manes.03G098700,(1 of 4) PTHR10641//PTHR10641:SF455 - MYB-LIKE DNA-BINDING PROTEIN MYB // SUBFAMILY NOT NAMED,brown,NA
Manes.03G089300.v8.1,Manes.03G089300,(1 of 3) 1.14.13.39 - Nitric-oxide synthase (NADPH) / NO synthase,brown,NA
Manes.03G078500.v8.1,Manes.03G078500,(1 of 1) PTHR33405//PTHR33405:SF6 - FAMILY NOT NAMED // PROTEIN FLX-LIKE 1,brown,NA
Manes.03G079200.v8.1,Manes.03G079200,(1 of 1) PTHR23272//PTHR23272:SF13 - BED FINGER-RELATED // SUBFAMILY NOT NAMED,brown,NA
Manes.03G092500.v8.1,Manes.03G092500,(1 of 1) PTHR32285:SF58 - PROTEIN TRICHOME BIREFRINGENCE-LIKE 41,brown,NA
Manes.03G100000.v8.1,Manes.03G100000,(1 of 11) PF04859 - Plant protein of unknown function (DUF641) (DUF641),brown,NA
Manes.03G100100.v8.1,Manes.03G100100,(1 of 4) K10956 - protein transport protein SEC61 subunit alpha (SEC61A),brown,NA
Manes.03G101900.v8.1,Manes.03G101900,(1 of 5) 4.1.1.31 - Phosphoenolpyruvate carboxylase / Phosphoenolpyruvic carboxylase,brown,carb
Manes.03G102000.v8.1,Manes.03G102000,(1 of 1) K03846 - alpha-1;2-mannosyltransferase (ALG9),brown,carb
Manes.03G102500.v8.1,Manes.03G102500,(1 of 1) K08497 - protein transport protein SEC20 (SEC20),yellow,NA
Manes.03G104300.v8.1,Manes.03G104300,(1 of 4) KOG3214 - Uncharacterized Zn ribbon-containing protein,brown,NA
Manes.03G104600.v8.1,Manes.03G104600,(1 of 1) PF11282 - Protein of unknown function (DUF3082) (DUF3082),brown,NA
Manes.03G109200.v8.1,Manes.03G109200,(1 of 4) PTHR33021:SF45 - EARLY NODULIN-LIKE PROTEIN 3-RELATED,brown,NA
Manes.03G111200.v8.1,Manes.03G111200,(1 of 1) PTHR11926//PTHR11926:SF366 - GLUCOSYL/GLUCURONOSYL TRANSFERASES // SUBFAMILY NOT NAMED,brown,NA
Manes.03G111300.v8.1,Manes.03G111300,(1 of 3) PTHR10438//PTHR10438:SF300 - THIOREDOXIN // THIOREDOXIN M1; CHLOROPLASTIC-RELATED,yellow,NA
Manes.03G115300.v8.1,Manes.03G115300,(1 of 49) PF00407 - Pathogenesis-related protein Bet v I family (Bet_v_1),brown,NA
Manes.03G116100.v8.1,Manes.03G116100,(1 of 2) PTHR35292:SF2 - EXPRESSED PROTEIN,yellow,NA
Manes.03G116600.v8.1,Manes.03G116600,(1 of 3) PTHR13140:SF384 - MYOSIN-2,floralwhite,NA
Manes.03G117900.v8.1,Manes.03G117900,(1 of 6) PTHR31717//PTHR31717:SF7 - FAMILY NOT NAMED // B-BOX DOMAIN PROTEIN 26-RELATED,floralwhite,NA
Manes.03G121040.v8.1,Manes.03G121040,(1 of 1) PTHR12903//PTHR12903:SF1 - MITOCHONDRIAL RIBOSOMAL PROTEIN L24 // 50S RIBOSOMAL PROTEIN L24; CHLOROPLASTIC,brown,NA
Manes.03G121600.v8.1,Manes.03G121600,(1 of 19) K11251 - histone H2A (H2A),yellow,NA
Manes.03G123800.v8.1,Manes.03G123800,(1 of 2) K03146 - thiamine thiazole synthase (THI4; THI1),skyblue3,NA
Manes.03G129600.v8.1,Manes.03G129600,(1 of 2) PTHR10388//PTHR10388:SF16 - EUKARYOTIC TRANSLATION INITIATION FACTOR SUI1 // SUBFAMILY NOT NAMED,brown,NA
Manes.03G131200.v8.1,Manes.03G131200,(1 of 2) PTHR22881:SF11 - PROTEIN SWSN-9; ISOFORM A,yellow,NA
Manes.03G131650.v8.1,Manes.03G131650,,yellow,NA
Manes.03G131951.v8.1,Manes.03G131951,(1 of 3) 2.3.1.61 - Dihydrolipoyllysine-residue succinyltransferase / Succinyl-CoA:dihydrolipoate S-succinyltransferase,yellow,NA
Manes.03G135500.v8.1,Manes.03G135500,(1 of 1) PTHR30314:SF12 - CELL DIVISION PROTEIN FTSZ HOMOLOG 1; CHLOROPLASTIC,skyblue3,NA
Manes.03G134300.v8.1,Manes.03G134300,,skyblue3,NA
Manes.03G134200.v8.1,Manes.03G134200,(1 of 4) K02995 - small subunit ribosomal protein S8e (RP-S8e; RPS8),skyblue3,NA
Manes.03G137500.v8.1,Manes.03G137500,(1 of 2) PTHR13902:SF44 - SERINE/THREONINE-PROTEIN KINASE WNK11-RELATED,brown,NA
Manes.03G137751.v8.1,Manes.03G137751,(1 of 5) PTHR24009//PTHR24009:SF4 - FAMILY NOT NAMED // ZINC FINGER CCCH DOMAIN-CONTAINING PROTEIN 18,skyblue3,NA
Manes.03G138852.v8.1,Manes.03G138852,,yellow,NA
Manes.03G140301.v8.1,Manes.03G140301,(1 of 3) PTHR34947:SF2 - GENOMIC DNA; CHROMOSOME 3; P1 CLONE:MJG19,brown,NA
Manes.03G141100.v8.1,Manes.03G141100,,yellow,NA
Manes.03G142200.v8.1,Manes.03G142200,(1 of 6) PTHR13301//PTHR13301:SF60 - X-BOX TRANSCRIPTION FACTOR-RELATED // CELLULOSE SYNTHASE-LIKE PROTEIN E1,yellow,carb
Manes.03G142400.v8.1,Manes.03G142400,(1 of 6) PTHR13301:SF60 - CELLULOSE SYNTHASE-LIKE PROTEIN E1,floralwhite,carb
Manes.03G142600.v8.1,Manes.03G142600,(1 of 16) PF05701 - Weak chloroplast movement under blue light (WEMBL),skyblue3,NA
Manes.03G143000.v8.1,Manes.03G143000,(1 of 3) PTHR24012:SF478 - GENOMIC DNA; CHROMOSOME 3; P1 CLONE: MJH23,brown,NA
Manes.03G143300.v8.1,Manes.03G143300,(1 of 2) PTHR21716//PTHR21716:SF4 - TRANSMEMBRANE PROTEIN // TRANSMEMBRANE PROTEIN 245,floralwhite,NA
Manes.03G144200.v8.1,Manes.03G144200,(1 of 1) K10866 - DNA repair protein RAD50 (RAD50),yellow,NA
Manes.03G148600.v8.1,Manes.03G148600,(1 of 2) K03032 - 26S proteasome regulatory subunit N2 (PSMD1; RPN2),yellow,NA
Manes.03G151300.v8.1,Manes.03G151300,(1 of 44) PF03140 - Plant protein of unknown function (DUF247),yellow,NA
Manes.03G152400.v8.1,Manes.03G152400,(1 of 2) 3.1.3.2//3.1.3.3//3.1.3.62//3.6.1.1//3.6.1.7 - Acid phosphatase / Phosphomonoesterase // Phosphoserine phosphatase // Multiple inositol-polyphosphate phosphatase / MIPP // Inorganic diphosphatase / Pyrophosphate phosphohydrolase // Acylphosphatase / Acylphosphate phosphohydrolase,yellow,NA
Manes.03G155100.v8.1,Manes.03G155100,(1 of 1) PTHR12966//PTHR12966:SF0 - NADH DEHYDROGENASE  UBIQUINONE  1 ALPHA SUBCOMPLEX SUBUNIT 13 // NADH DEHYDROGENASE [UBIQUINONE] 1 ALPHA SUBCOMPLEX SUBUNIT 13,brown,NA
Manes.03G155700.v8.1,Manes.03G155700,(1 of 1) PTHR21493:SF119 - TRIGLYCERIDE LIPASE-RELATED,yellow,NA
Manes.03G155800.v8.1,Manes.03G155800,(1 of 7) K01177 - beta-amylase (E3.2.1.2),yellow,carb
Manes.03G156800.v8.1,Manes.03G156800,(1 of 207) PF01535//PF13041 - PPR repeat (PPR) // PPR repeat family (PPR_2),brown,NA
Manes.03G158200.v8.1,Manes.03G158200,(1 of 3) K01703 - 3-isopropylmalate/(R)-2-methylmalate dehydratase large subunit (leuC),floralwhite,NA
Manes.03G158300.v8.1,Manes.03G158300,(1 of 4) PTHR31734:SF6 - AUXIN-RESPONSIVE PROTEIN IAA10-RELATED,brown,NA
Manes.03G162700.v8.1,Manes.03G162700,(1 of 2) PTHR10219//PTHR10219:SF36 - GLYCOLIPID TRANSFER PROTEIN-RELATED // SUBFAMILY NOT NAMED,yellow,NA
Manes.03G162900.v8.1,Manes.03G162900,(1 of 2) K02875 - large subunit ribosomal protein L14e (RP-L14e; RPL14),brown,NA
Manes.03G164100.v8.1,Manes.03G164100,(1 of 5) K00025 - malate dehydrogenase (MDH1),yellow,carb
Manes.03G166700.v8.1,Manes.03G166700,(1 of 4) PF05514 - HR-like lesion-inducing (HR_lesion),yellow,NA
Manes.03G166900.v8.1,Manes.03G166900,(1 of 1) K11673 - actin-related protein 8 (ACTR8; ARP8; INO80N),yellow,NA
Manes.03G168200.v8.1,Manes.03G168200,(1 of 26) PF00917 - MATH domain (MATH),floralwhite,NA
Manes.03G169000.v8.1,Manes.03G169000,(1 of 4) K02958 - small subunit ribosomal protein S15e (RP-S15e; RPS15),yellow,NA
Manes.03G170000.v8.1,Manes.03G170000,(1 of 1) PTHR33911//PTHR33911:SF1 - FAMILY NOT NAMED // RRNA-PROCESSING PROTEIN EFG1,brown,NA
Manes.03G173500.v8.1,Manes.03G173500,(1 of 18) PF06200//PF09425 - tify domain (tify) // Divergent CCT motif (CCT_2),yellow,NA
Manes.03G173700.v8.1,Manes.03G173700,(1 of 1) PTHR33428//PTHR33428:SF1 - FAMILY NOT NAMED // CHLOROPHYLLASE-2; CHLOROPLASTIC,brown,NA
Manes.03G173800.v8.1,Manes.03G173800,(1 of 2) PTHR31351//PTHR31351:SF4 - FAMILY NOT NAMED // GENOMIC DNA; CHROMOSOME 3; P1 CLONE: MWI23-RELATED,brown,NA
Manes.03G176600.v8.1,Manes.03G176600,(1 of 2) PTHR33044:SF23 - BIFUNCTIONAL INHIBITOR/LIPID-TRANSFER PROTEIN/SEED STORAGE 2S ALBUMIN SUPERFAMILY PROTEIN-RELATED,brown,NA
Manes.03G177300.v8.1,Manes.03G177300,,brown,NA
Manes.03G180900.v8.1,Manes.03G180900,(1 of 1) PTHR10026//PTHR10026:SF67 - CYCLIN // SUBFAMILY NOT NAMED,yellow,NA
Manes.03G182200.v8.1,Manes.03G182200,(1 of 1) PTHR24031:SF228 - PROTEIN Y54G11A.3,yellow,NA
Manes.03G183300.v8.1,Manes.03G183300,(1 of 2) PTHR11772:SF18 - ALUMINUM INDUCED PROTEIN WITH YGL AND LRDR MOTIFS,brown,NA
Manes.03G184200.v8.1,Manes.03G184200,(1 of 5) 3.1.3.16//3.1.3.48 - Protein-serine/threonine phosphatase / Serine/threonine specific protein phosphatase // Protein-tyrosine-phosphatase / PTPase,yellow,NA
Manes.03G186900.v8.1,Manes.03G186900,(1 of 599) PF13041 - PPR repeat family (PPR_2),brown,NA
Manes.03G191600.v8.1,Manes.03G191600,(1 of 2) PTHR21319//PTHR21319:SF5 - RING FINGER AND CHY ZINC FINGER DOMAIN-CONTAINING PROTEIN 1 // SUBFAMILY NOT NAMED,skyblue3,NA
Manes.03G192700.v8.1,Manes.03G192700,(1 of 2) PTHR13780//PTHR13780:SF43 - AMP-ACTIVATED PROTEIN KINASE; GAMMA REGULATORY SUBUNIT // SUBFAMILY NOT NAMED,brown,NA
Manes.03G193100.v8.1,Manes.03G193100,(1 of 2) PTHR10209//PTHR10209:SF169 - OXIDOREDUCTASE; 2OG-FE II  OXYGENASE FAMILY PROTEIN // SUBFAMILY NOT NAMED,brown,NA
Manes.03G194700.v8.1,Manes.03G194700,(1 of 1) PTHR11777:SF7 - THREONYL AND ALANYL TRNA SYNTHETASE SECOND ADDITIONAL DOMAIN-CONTAINING PROTEIN,yellow,NA
Manes.03G194800.v8.1,Manes.03G194800,(1 of 5) PTHR33136:SF5 - PROTEIN RALF-LIKE 1-RELATED,brown,NA
Manes.03G195800.v8.1,Manes.03G195800,(1 of 38) PF01535//PF12854//PF13041 - PPR repeat (PPR) // PPR repeat (PPR_1) // PPR repeat family (PPR_2),yellow,NA
Manes.03G197700.v8.1,Manes.03G197700,(1 of 11) K10418 - dynein light chain LC8-type (DYNLL),yellow,NA
Manes.03G199300.v8.1,Manes.03G199300,(1 of 47) K09286 - EREBP-like factor (EREBP),brown,NA
Manes.03G199500.v8.1,Manes.03G199500,(1 of 4) K02885 - large subunit ribosomal protein L19e (RP-L19e; RPL19),yellow,NA
Manes.03G200200.v8.1,Manes.03G200200,(1 of 2) PTHR31339:SF15 - PECTIN LYASE-LIKE SUPERFAMILY PROTEIN-RELATED,yellow,NA
Manes.03G200800.v8.1,Manes.03G200800,(1 of 2) PTHR31875:SF6 - PROTEIN DEHYDRATION-INDUCED 19 HOMOLOG 4-RELATED,yellow,NA
Manes.03G200900.v8.1,Manes.03G200900,(1 of 26) PF00917 - MATH domain (MATH),yellow,NA
Manes.03G203000.v8.1,Manes.03G203000,(1 of 1) PTHR20858:SF18 - PROTEIN PET18,yellow,NA
Manes.03G204100.v8.1,Manes.03G204100,(1 of 1) 3.4.21.72 - IgA-specific serine endopeptidase / Immunoglobulin A1 protease,yellow,NA
Manes.03G206400.v8.1,Manes.03G206400,(1 of 2) PTHR31221//PTHR31221:SF13 - FAMILY NOT NAMED // WRKY TRANSCRIPTION FACTOR 48-RELATED,brown,NA
Manes.03G206900.v8.1,Manes.03G206900,(1 of 4) PTHR34188//PTHR34188:SF1 - FAMILY NOT NAMED // T6A9.7 PROTEIN,yellow,NA
Manes.03G207400.v8.1,Manes.03G207400,(1 of 3) 2.3.1.45 - N-acetylneuraminate 7-O(or 9-O)-acetyltransferase,floralwhite,NA
Manes.03G207500.v8.1,Manes.03G207500,(1 of 5) PF13668 - Ferritin-like domain (Ferritin_2),brown,NA
Manes.03G207600.v8.1,Manes.03G207600,(1 of 5) PF13668 - Ferritin-like domain (Ferritin_2),brown,NA
Manes.03G207800.v8.1,Manes.03G207800,(1 of 3) K09534 - DnaJ homolog subfamily C member 14 (DNAJC14),yellow,NA
Manes.03G209200.v8.1,Manes.03G209200,(1 of 1) PTHR13832:SF316 - PROTEIN PHOSPHATASE 2C 43-RELATED,yellow,NA
Manes.03G209300.v8.1,Manes.03G209300,(1 of 1) PTHR11214//PTHR11214:SF131 - BETA-1;3-N-ACETYLGLUCOSAMINYLTRANSFERASE // BETA-1;3-GALACTOSYLTRANSFERASE 16-RELATED,yellow,carb
Manes.03G210900.v8.1,Manes.03G210900,(1 of 15) KOG1987 - Speckle-type POZ protein SPOP and related proteins with TRAF; MATH and BTB/POZ domains,yellow,NA
Manes.03G211500.v8.1,Manes.03G211500,(1 of 1) PTHR21230//PTHR21230:SF35 - VESICLE TRANSPORT V-SNARE PROTEIN VTI1-RELATED // SUBFAMILY NOT NAMED,brown,NA
Manes.03G212000.v8.1,Manes.03G212000,(1 of 1) PTHR11142:SF0 - TRNA PSEUDOURIDINE SYNTHASE-LIKE 1,brown,NA
Manes.04G000400.v8.1,Manes.04G000400,(1 of 4) K06620 - transcription factor E2F3 (E2F3),yellow,NA
Manes.04G001400.v8.1,Manes.04G001400,,brown,NA
Manes.04G009000.v8.1,Manes.04G009000,(1 of 1) PTHR23084//PTHR23084:SF155 - PHOSPHATIDYLINOSITOL-4-PHOSPHATE 5-KINASE RELATED // SUBFAMILY NOT NAMED,brown,NA
Manes.04G013700.v8.1,Manes.04G013700,,brown,NA
Manes.04G014300.v8.1,Manes.04G014300,(1 of 4) K16298 - serine carboxypeptidase-like clade IV [EC:3.4.16.-] (SCPL-IV),skyblue3,NA
Manes.04G016700.v8.1,Manes.04G016700,(1 of 37) PF03634 - TCP family transcription factor (TCP),brown,NA
Manes.04G016900.v8.1,Manes.04G016900,(1 of 4) PTHR12419//PTHR12419:SF19 - OTU DOMAIN CONTAINING PROTEIN // SUBFAMILY NOT NAMED,yellow,NA
Manes.04G021000.v8.1,Manes.04G021000,(1 of 3) K02870 - large subunit ribosomal protein L12e (RP-L12e; RPL12),yellow,NA
Manes.04G021300.v8.1,Manes.04G021300,(1 of 1) PTHR35718//PTHR35718:SF1 - FAMILY NOT NAMED // EXPRESSED PROTEIN,yellow,NA
Manes.04G024500.v8.1,Manes.04G024500,(1 of 1) K03142 - transcription initiation factor TFIIH subunit 2 (TFIIH2; GTF2H2; SSL1),brown,NA
Manes.04G025200.v8.1,Manes.04G025200,(1 of 1) PF01485//PF13456 - IBR domain; a half RING-finger domain (IBR) // Reverse transcriptase-like (RVT_3),brown,NA
Manes.04G026900.v8.1,Manes.04G026900,(1 of 3) K10643 - CCR4-NOT transcription complex subunit 4 (CNOT4; NOT4; MOT2),yellow,NA
Manes.04G030450.v8.1,Manes.04G030450,(1 of 2) PTHR10641//PTHR10641:SF484 - MYB-LIKE DNA-BINDING PROTEIN MYB // TRANSCRIPTION FACTOR MYB48-RELATED,brown,NA
Manes.04G031800.v8.1,Manes.04G031800,(1 of 19) K11251 - histone H2A (H2A),yellow,NA
Manes.04G032300.v8.1,Manes.04G032300,,brown,NA
Manes.04G033600.v8.1,Manes.04G033600,(1 of 2) PTHR24326:SF203 - WUSCHEL-RELATED HOMEOBOX 2,yellow,NA
Manes.04G033900.v8.1,Manes.04G033900,(1 of 45) PF02701 - Dof domain; zinc finger (zf-Dof),brown,NA
Manes.04G034100.v8.1,Manes.04G034100,(1 of 8) PF05056 - Protein of unknown function (DUF674) (DUF674),brown,NA
Manes.04G036700.v8.1,Manes.04G036700,(1 of 1) PTHR10133:SF22 - 5'-3' EXONUCLEASE FAMILY PROTEIN,yellow,NA
Manes.04G049785.v8.1,Manes.04G049785,(1 of 2) K03969 - phage shock protein A (pspA),floralwhite,NA
Manes.04G038300.v8.1,Manes.04G038300,(1 of 1) PTHR11685//PTHR11685:SF146 - RBR FAMILY  RING FINGER AND IBR DOMAIN-CONTAINING // SUBFAMILY NOT NAMED,yellow,NA
Manes.04G047900.v8.1,Manes.04G047900,(1 of 4) PF12579 - Protein of unknown function (DUF3755) (DUF3755),yellow,NA
Manes.04G039500.v8.1,Manes.04G039500,(1 of 2) PTHR13690:SF80 - TRANSCRIPTION FACTOR POSF21-RELATED,brown,NA
Manes.04G043700.v8.1,Manes.04G043700,(1 of 2) PTHR10584:SF168 - F14I3.3 PROTEIN-RELATED,yellow,carb
Manes.04G043400.v8.1,Manes.04G043400,(1 of 4) PTHR31669:SF44 - FAR-RED IMPAIRED RESPONSIVE 1-LIKE PROTEIN,brown,NA
Manes.04G042909.v8.1,Manes.04G042909,,brown,NA
Manes.04G048800.v8.1,Manes.04G048800,,brown,NA
Manes.04G049100.v8.1,Manes.04G049100,(1 of 2) PTHR27001:SF115 - PTI1-LIKE TYROSINE-PROTEIN KINASE 1-RELATED,brown,NA
Manes.04G050100.v8.1,Manes.04G050100,(1 of 3) K12471 - epsin (EPN),floralwhite,NA
Manes.04G058800.v8.1,Manes.04G058800,(1 of 1) K00999 - CDP-diacylglycerol--inositol 3-phosphatidyltransferase (CDIPT),brown,NA
Manes.04G051200.v8.1,Manes.04G051200,(1 of 80) PF01535//PF13041//PF14432 - PPR repeat (PPR) // PPR repeat family (PPR_2) // DYW family of nucleic acid deaminases (DYW_deaminase),brown,NA
Manes.04G056000.v8.1,Manes.04G056000,(1 of 1) PTHR22763//PTHR22763:SF5 - RING ZINC FINGER PROTEIN // E3 UBIQUITIN-PROTEIN LIGASE CIP8,brown,NA
Manes.04G063600.v8.1,Manes.04G063600,(1 of 5) K11838 - ubiquitin carboxyl-terminal hydrolase 7 (USP7; UBP15),yellow,NA
Manes.04G064400.v8.1,Manes.04G064400,(1 of 1) 1.3.1.94 - Polyprenol reductase,yellow,NA
Manes.04G066700.v8.1,Manes.04G066700,(1 of 2) PF02620 - Uncharacterized ACR; COG1399 (DUF177),brown,NA
Manes.04G064632.v8.1,Manes.04G064632,(1 of 1) PTHR23023//PTHR23023:SF98 - DIMETHYLANILINE MONOOXYGENASE // SUBFAMILY NOT NAMED,yellow,NA
Manes.04G065300.v8.1,Manes.04G065300,(1 of 2) 1.3.1.75 - Divinyl chlorophyllide a 8-vinyl-reductase / [4-vinyl]chlorophyllide a reductase,yellow,NA
Manes.04G068200.v8.1,Manes.04G068200,(1 of 2) PTHR31692:SF4 - EXPANSIN-LIKE A1-RELATED,brown,NA
Manes.04G068400.v8.1,Manes.04G068400,(1 of 57) PF02298 - Plastocyanin-like domain (Cu_bind_like),floralwhite,NA
Manes.04G068700.v8.1,Manes.04G068700,(1 of 2) PTHR31852:SF8 - LATE EMBRYOGENESIS ABUNDANT HYDROXYPROLINE-RICH GLYCOPROTEIN,yellow,NA
Manes.04G071100.v8.1,Manes.04G071100,(1 of 1) PTHR12956//PTHR12956:SF22 - ALKALINE CERAMIDASE-RELATED // SUBFAMILY NOT NAMED,brown,NA
Manes.04G076400.v8.1,Manes.04G076400,(1 of 3) K10727 - chromatin licensing and DNA replication factor 1 (CDT1),brown,NA
Manes.04G074700.v8.1,Manes.04G074700,(1 of 4) PF06911 - Senescence-associated protein (Senescence),brown,NA
Manes.04G077500.v8.1,Manes.04G077500,(1 of 2) K06174 - ATP-binding cassette; sub-family E; member 1 (ABCE1),yellow,NA
Manes.04G078300.v8.1,Manes.04G078300,(1 of 2) PTHR21139//PTHR21139:SF7 - TRIOSEPHOSPHATE ISOMERASE // TRIOSEPHOSPHATE ISOMERASE; CHLOROPLASTIC,brown,carb
Manes.04G080700.v8.1,Manes.04G080700,(1 of 91) K14488 - SAUR family protein (SAUR),skyblue3,NA
Manes.04G083100.v8.1,Manes.04G083100,(1 of 1) K07071 - uncharacterized protein (K07071),yellow,NA
Manes.04G083400.v8.1,Manes.04G083400,(1 of 1) PTHR12868//PTHR12868:SF0 - NADH-UBIQUINONE OXIDOREDUCTASE B22 SUBUNIT // NADH DEHYDROGENASE [UBIQUINONE] 1 BETA SUBCOMPLEX SUBUNIT 9,yellow,NA
Manes.04G084900.v8.1,Manes.04G084900,(1 of 1) PTHR31846:SF14 - RNA-BINDING CRS1 / YHBY (CRM) DOMAIN PROTEIN,skyblue3,NA
Manes.04G086001.v8.1,Manes.04G086001,(1 of 1) PTHR22953//PTHR22953:SF22 - ACID PHOSPHATASE RELATED // PURPLE ACID PHOSPHATASE 10,yellow,NA
Manes.04G086600.v8.1,Manes.04G086600,(1 of 2) K10685 - ubiquitin-like 1-activating enzyme E1 B (UBLE1B; SAE2; UBA2),floralwhite,NA
Manes.04G074300.v8.1,Manes.04G074300,(1 of 5) PTHR22952//PTHR22952:SF182 - CAMP-RESPONSE ELEMENT BINDING PROTEIN-RELATED // SUBFAMILY NOT NAMED,brown,NA
Manes.04G088100.v8.1,Manes.04G088100,(1 of 1) K17260 - actin-related protein 2 (ACTR2; ARP2),yellow,NA
Manes.04G091900.v8.1,Manes.04G091900,(1 of 2) K02148 - V-type H+-transporting ATPase subunit C (ATPeV1C; ATP6C),yellow,NA
Manes.04G092900.v8.1,Manes.04G092900,(1 of 4) 2.4.99.4 - Beta-galactoside alpha-2;3-sialyltransferase / CMP-N-acetylneuraminate-beta-galactosamide-alpha-2;3-sialyltransferase,yellow,carb
Manes.04G093000.v8.1,Manes.04G093000,(1 of 1) PTHR11607//PTHR11607:SF29 - ALPHA-MANNOSIDASE // SUBFAMILY NOT NAMED,floralwhite,carb
Manes.04G094400.v8.1,Manes.04G094400,(1 of 2) PF00098//PF06839 - Zinc knuckle (zf-CCHC) // GRF zinc finger (zf-GRF),brown,NA
Manes.04G097500.v8.1,Manes.04G097500,(1 of 5) K11975 - E3 ubiquitin-protein ligase RNF144 [EC:6.3.2.19] (RNF144),brown,NA
Manes.04G103500.v8.1,Manes.04G103500,(1 of 2) PF08737 - Rgp1 (Rgp1),brown,NA
Manes.04G103600.v8.1,Manes.04G103600,(1 of 3) K02951 - small subunit ribosomal protein S12e (RP-S12e; RPS12),yellow,NA
Manes.04G105400.v8.1,Manes.04G105400,(1 of 1569) 2.7.11.1 - Non-specific serine/threonine protein kinase / Threonine-specific protein kinase,yellow,NA
Manes.04G108800.v8.1,Manes.04G108800,(1 of 1) PTHR13748//PTHR13748:SF43 - COBW-RELATED // SUBFAMILY NOT NAMED,brown,NA
Manes.04G110800.v8.1,Manes.04G110800,(1 of 2) 3.2.2.23 - DNA-formamidopyrimidine glycosylase / Formamidopyrimidine-DNA glycosylase,brown,NA
Manes.04G113300.v8.1,Manes.04G113300,(1 of 2) PTHR27002:SF31 - G-TYPE LECTIN S-RECEPTOR-LIKE SERINE/THREONINE-PROTEIN KINASE SD2-5,skyblue3,NA
Manes.04G114300.v8.1,Manes.04G114300,(1 of 1) K03025 - DNA-directed RNA polymerase III subunit RPC6 (RPC6; POLR3F),brown,NA
Manes.04G114400.v8.1,Manes.04G114400,(1 of 21) PF01477 - PLAT/LH2 domain (PLAT),brown,NA
Manes.04G117000.v8.1,Manes.04G117000,(1 of 3) K07390 - monothiol glutaredoxin (grxD; GLRX5),yellow,NA
Manes.04G118600.v8.1,Manes.04G118600,(1 of 19) K11251 - histone H2A (H2A),yellow,NA
Manes.04G122500.v8.1,Manes.04G122500,(1 of 2) K15304 - Ran-binding protein 3 (RANBP3),brown,NA
Manes.04G122700.v8.1,Manes.04G122700,(1 of 3) K17302 - coatomer; subunit beta' (COPB2; SEC27),brown,NA
Manes.04G124200.v8.1,Manes.04G124200,(1 of 4) PF02798//PF14497 - Glutathione S-transferase; N-terminal domain (GST_N) // Glutathione S-transferase; C-terminal domain (GST_C_3),brown,NA
Manes.04G124300.v8.1,Manes.04G124300,(1 of 14) PTHR11260//PTHR11260:SF317 - GLUTATHIONE S-TRANSFERASE; GST; SUPERFAMILY; GST DOMAIN CONTAINING // SUBFAMILY NOT NAMED,brown,NA
Manes.04G124400.v8.1,Manes.04G124400,(1 of 3) PTHR12161//PTHR12161:SF14 - UNCHARACTERIZED DUF292 // REGULATOR OF VPS4,brown,NA
Manes.04G124800.v8.1,Manes.04G124800,(1 of 3) K06215 - pyridoxal 5'-phosphate synthase pdxS subunit (pdxS; pdx1),brown,NA
Manes.04G126400.v8.1,Manes.04G126400,(1 of 1569) 2.7.11.1 - Non-specific serine/threonine protein kinase / Threonine-specific protein kinase,brown,NA
Manes.04G128300.v8.1,Manes.04G128300,(1 of 20) PTHR27001//PTHR27001:SF27 - FAMILY NOT NAMED // PROLINE-RICH RECEPTOR-LIKE PROTEIN KINASE PERK15,yellow,NA
Manes.04G135700.v8.1,Manes.04G135700,,yellow,NA
Manes.04G136500.v8.1,Manes.04G136500,(1 of 2) PTHR12565:SF174 - TRANSCRIPTION FACTOR BHLH87,yellow,NA
Manes.04G137700.v8.1,Manes.04G137700,(1 of 2) K11843 - ubiquitin carboxyl-terminal hydrolase 14 [EC:3.4.19.12] (USP14; UBP6),brown,NA
Manes.04G138000.v8.1,Manes.04G138000,(1 of 2) K04354 - serine/threonine-protein phosphatase 2A regulatory subunit B (PPP2R2),brown,NA
Manes.04G141400.v8.1,Manes.04G141400,(1 of 18) PF12023 - Domain of unknown function (DUF3511) (DUF3511),brown,NA
Manes.04G141600.v8.1,Manes.04G141600,(1 of 2) 2.3.1.97 - Glycylpeptide N-tetradecanoyltransferase / Peptide N-tetradecanoyltransferase,floralwhite,NA
Manes.04G142700.v8.1,Manes.04G142700,(1 of 2) KOG2375 - Protein interacting with poly(A)-binding protein,yellow,NA
Manes.04G143700.v8.1,Manes.04G143700,(1 of 2) PTHR21717:SF25 - MYB FAMILY TRANSCRIPTION FACTOR TRFL6-RELATED,brown,NA
Manes.04G146400.v8.1,Manes.04G146400,(1 of 11) PF07911 - Protein of unknown function (DUF1677) (DUF1677),yellow,NA
Manes.04G146500.v8.1,Manes.04G146500,(1 of 2) K02730 - 20S proteasome subunit alpha 1 (PSMA6),yellow,NA
Manes.04G149200.v8.1,Manes.04G149200,(1 of 129) PF02519 - Auxin responsive protein (Auxin_inducible),brown,NA
Manes.04G149500.v8.1,Manes.04G149500,(1 of 2) PTHR11200//PTHR11200:SF122 - INOSITOL 5-PHOSPHATASE // PHOSPHOINOSITIDE PHOSPHATASE SAC3-RELATED,brown,NA
Manes.04G150900.v8.1,Manes.04G150900,(1 of 2) K00814 - alanine transaminase (GPT; ALT),brown,NA
Manes.04G151300.v8.1,Manes.04G151300,(1 of 2) K04554 - ubiquitin-conjugating enzyme E2 J2 (UBE2J2; NCUBE2; UBC6),brown,NA
Manes.04G151900.v8.1,Manes.04G151900,(1 of 3) PF00557//PF08512//PF08644//PF14826 - Metallopeptidase family M24 (Peptidase_M24) // Histone chaperone Rttp106-like (Rtt106) // FACT complex subunit (SPT16/CDC68) (SPT16) // FACT complex subunit SPT16 N-terminal lobe domain (FACT-Spt16_Nlob),yellow,NA
Manes.04G154202.v8.1,Manes.04G154202,,skyblue3,NA
Manes.04G154400.v8.1,Manes.04G154400,(1 of 4) K03626 - nascent polypeptide-associated complex subunit alpha (EGD2; NACA),brown,NA
Manes.04G155400.v8.1,Manes.04G155400,(1 of 2) PTHR11413//PTHR11413:SF55 - CYSTATIN FAMILY MEMBER // CYSTEINE PROTEINASE INHIBITOR 6,brown,NA
Manes.04G157300.v8.1,Manes.04G157300,(1 of 1) K10734 - GINS complex subunit 3 (GINS3),brown,NA
Manes.04G160100.v8.1,Manes.04G160100,(1 of 2) K15542 - polyadenylation factor subunit 2 (PFS2),yellow,NA
Manes.04G160200.v8.1,Manes.04G160200,(1 of 1) PTHR28626//PTHR28626:SF3 - FAMILY NOT NAMED // SRR1-LIKE PROTEIN,skyblue3,NA
Manes.04G161300.v8.1,Manes.04G161300,(1 of 2) K01354 - oligopeptidase B (ptrB),brown,NA
Manes.04G162000.v8.1,Manes.04G162000,(1 of 1) PTHR10799//PTHR10799:SF777 - SWI/SNF-RELATED MATRIX-ASSOCIATED ACTIN-DEPENDENT REGULATOR OF CHROMATIN SUBFAMILY-RELATED // DNA-BINDING PROTEIN-RELATED,brown,NA
Manes.04G165900.v8.1,Manes.04G165900,(1 of 4) PTHR23180:SF249 - ADP-RIBOSYLATION FACTOR GTPASE-ACTIVATING PROTEIN AGD11-RELATED,brown,NA
Manes.05G001600.v8.1,Manes.05G001600,(1 of 18) PF12023 - Domain of unknown function (DUF3511) (DUF3511),brown,NA
Manes.05G003600.v8.1,Manes.05G003600,(1 of 1) PTHR11731:SF117 - GLUTAMYL ENDOPEPTIDASE; CHLOROPLASTIC-RELATED,brown,NA
Manes.05G011100.v8.1,Manes.05G011100,,yellow,NA
Manes.05G009900.v8.1,Manes.05G009900,(1 of 46) PF05678 - VQ motif (VQ),brown,NA
Manes.05G006200.v8.1,Manes.05G006200,(1 of 1) PTHR31969//PTHR31969:SF9 - FAMILY NOT NAMED // GEM-LIKE PROTEIN 2,yellow,NA
Manes.05G006100.v8.1,Manes.05G006100,(1 of 1) PTHR13052//PTHR13052:SF1 - NFRKB-RELATED // SUBFAMILY NOT NAMED,brown,NA
Manes.05G016200.v8.1,Manes.05G016200,(1 of 3) PTHR26402//PTHR26402:SF560 - RESPONSE REGULATOR OF TWO-COMPONENT SYSTEM // SUBFAMILY NOT NAMED,brown,NA
Manes.05G016500.v8.1,Manes.05G016500,(1 of 2) PTHR11516//PTHR11516:SF25 - PYRUVATE DEHYDROGENASE E1 COMPONENT; ALPHA SUBUNIT  BACTERIAL AND ORGANELLAR // PYRUVATE DEHYDROGENASE E1 COMPONENT SUBUNIT ALPHA-3; CHLOROPLASTIC,yellow,NA
Manes.05G017300.v8.1,Manes.05G017300,(1 of 1) PTHR13878//PTHR13878:SF63 - GULONOLACTONE OXIDASE // L-GULONOLACTONE OXIDASE,yellow,NA
Manes.05G018900.v8.1,Manes.05G018900,(1 of 3) PTHR24298:SF46 - CYTOCHROME P450 78A6-RELATED,brown,NA
Manes.05G020000.v8.1,Manes.05G020000,(1 of 2) PTHR10891//PTHR10891:SF624 - EF-HAND CALCIUM-BINDING DOMAIN CONTAINING PROTEIN // CALCIUM-BINDING PROTEIN KIC,floralwhite,NA
Manes.05G020200.v8.1,Manes.05G020200,(1 of 1) PTHR13902//PTHR13902:SF58 - SERINE/THREONINE-PROTEIN KINASE WNK  WITH NO LYSINE -RELATED // SUBFAMILY NOT NAMED,yellow,NA
Manes.05G020600.v8.1,Manes.05G020600,(1 of 45) PF02701 - Dof domain; zinc finger (zf-Dof),brown,NA
Manes.05G021700.v8.1,Manes.05G021700,(1 of 2) PTHR31384:SF17 - AUXIN RESPONSE FACTOR 11-RELATED,yellow,NA
Manes.05G022100.v8.1,Manes.05G022100,(1 of 2) PTHR13215//PTHR13215:SF6 - RNA POLYMERASE II TRANSCRIPTIONAL COACTIVATOR // RNA POLYMERASE II TRANSCRIPTIONAL COACTIVATOR KELP,skyblue3,NA
Manes.05G022900.v8.1,Manes.05G022900,(1 of 5) 2.3.1.20//2.3.1.75 - Diacylglycerol O-acyltransferase / Diglyceride acyltransferase // Long-chain-alcohol O-fatty-acyltransferase / Wax synthase,brown,NA
Manes.05G027700.v8.1,Manes.05G027700,(1 of 1) PTHR11177//PTHR11177:SF170 - CHITINASE // SUBFAMILY NOT NAMED,brown,carb
Manes.05G028400.v8.1,Manes.05G028400,(1 of 3) PTHR10108//PTHR10108:SF882 - METHYLTRANSFERASE // METHYLTRANSFERASE-RELATED,brown,NA
Manes.05G028500.v8.1,Manes.05G028500,(1 of 2) PTHR14155:SF71 - RING-H2 FINGER PROTEIN ATL67-RELATED,yellow,NA
Manes.05G029400.v8.1,Manes.05G029400,(1 of 2) PTHR24015//PTHR24015:SF771 - FAMILY NOT NAMED // F21B23.6 PROTEIN,brown,NA
Manes.05G029701.v8.1,Manes.05G029701,(1 of 2) PTHR12100//PTHR12100:SF0 - SEC10 // EXOCYST COMPLEX COMPONENT 5,yellow,NA
Manes.05G031200.v8.1,Manes.05G031200,(1 of 1) PTHR24055//PTHR24055:SF223 - MITOGEN-ACTIVATED PROTEIN KINASE // SUBFAMILY NOT NAMED,brown,NA
Manes.05G035000.v8.1,Manes.05G035000,(1 of 4) K02920 - large subunit ribosomal protein L36e (RP-L36e; RPL36),yellow,NA
Manes.05G038000.v8.1,Manes.05G038000,,yellow,NA
Manes.05G041300.v8.1,Manes.05G041300,(1 of 1) PTHR18896//PTHR18896:SF65 - PHOSPHOLIPASE D // PHOSPHOLIPASE D BETA 1-RELATED,brown,NA
Manes.05G043200.v8.1,Manes.05G043200,(1 of 2) PTHR10774//PTHR10774:SF51 - EXTENDED SYNAPTOTAGMIN-RELATED // C2 CALCIUM/LIPID-BINDING ENDONUCLEASE/EXONUCLEASE/PHOSPHATASE-RELATED,brown,NA
Manes.05G046600.v8.1,Manes.05G046600,(1 of 3) K02953 - small subunit ribosomal protein S13e (RP-S13e; RPS13),brown,NA
Manes.05G047400.v8.1,Manes.05G047400,(1 of 1) PTHR12658//PTHR12658:SF0 - BETA-TUBULIN COFACTOR D // TUBULIN-SPECIFIC CHAPERONE D,brown,NA
Manes.05G048300.v8.1,Manes.05G048300,(1 of 2) PTHR10809//PTHR10809:SF43 - VESICLE-ASSOCIATED MEMBRANE PROTEIN-ASSOCIATED PROTEIN // VESICLE-ASSOCIATED PROTEIN 1-3,yellow,NA
Manes.05G048800.v8.1,Manes.05G048800,(1 of 1) KOG0027//KOG0028 - Calmodulin and related proteins (EF-Hand superfamily) // Ca2+-binding protein (centrin/caltractin); EF-Hand superfamily protein,brown,NA
Manes.05G049700.v8.1,Manes.05G049700,(1 of 2) PTHR31692:SF3 - BETA EXPANSIN 6-RELATED,yellow,NA
Manes.05G051400.v8.1,Manes.05G051400,,brown,NA
Manes.05G051800.v8.1,Manes.05G051800,(1 of 1) PTHR31934//PTHR31934:SF4 - FAMILY NOT NAMED // ALPHA/BETA-HYDROLASES SUPERFAMILY PROTEIN,brown,carb
Manes.05G052400.v8.1,Manes.05G052400,(1 of 1) PTHR33977//PTHR33977:SF1 - FAMILY NOT NAMED // ZINC ION BINDING PROTEIN,brown,NA
Manes.05G052600.v8.1,Manes.05G052600,,brown,NA
Manes.05G055400.v8.1,Manes.05G055400,(1 of 4) K13199 - plasminogen activator inhibitor 1 RNA-binding protein (SERBP1),floralwhite,NA
Manes.05G056701.v8.1,Manes.05G056701,(1 of 59) PF13962 - Domain of unknown function (PGG),yellow,NA
Manes.05G059100.v8.1,Manes.05G059100,,yellow,NA
Manes.05G061400.v8.1,Manes.05G061400,(1 of 3) PTHR33509:SF5 - LATE EMBRYOGENESIS ABUNDANT 3 (LEA3) FAMILY PROTEIN,brown,NA
Manes.05G062600.v8.1,Manes.05G062600,(1 of 1) PTHR12925//PTHR12925:SF0 - UNCHARACTERIZED // PROTEIN HIKESHI,brown,NA
Manes.05G062700.v8.1,Manes.05G062700,(1 of 4) PTHR10353//PTHR10353:SF29 - GLYCOSYL HYDROLASE // BETA-GLUCOSIDASE 1-RELATED,yellow,carb
Manes.05G063000.v8.1,Manes.05G063000,(1 of 3) K16275 - E3 ubiquitin-protein ligase BAH [EC:6.3.2.19] (BAH; NLA),brown,NA
Manes.05G063300.v8.1,Manes.05G063300,(1 of 2) PTHR22932//PTHR22932:SF5 - TELOMERASE-BINDING PROTEIN P23  HSP90 CO-CHAPERONE // SUBFAMILY NOT NAMED,yellow,NA
Manes.05G063800.v8.1,Manes.05G063800,(1 of 4) 2.1.1.229 - tRNA (carboxymethyluridine(34)-5-O)-methyltransferase / tRNA methyltransferase 9,brown,NA
Manes.05G064100.v8.1,Manes.05G064100,(1 of 1) 2.4.1.258 - Dolichyl-P-Man:Man(5)GlcNAc(2)-PP-dolichol alpha-1;3-mannosyltransferase / Man(5)GlcNAc(2)-PP-Dol mannosyltransferase,skyblue3,carb
Manes.05G064500.v8.1,Manes.05G064500,,brown,NA
Manes.05G065500.v8.1,Manes.05G065500,(1 of 1) PTHR10593//PTHR10593:SF34 - SERINE/THREONINE-PROTEIN KINASE RIO // SUBFAMILY NOT NAMED,brown,NA
Manes.05G065650.v8.1,Manes.05G065650,(1 of 1) K02110 - F-type H+-transporting ATPase subunit c (ATPF0C; atpE),yellow,NA
Manes.05G067500.v8.1,Manes.05G067500,(1 of 1) KOG4851 - Uncharacterized conserved protein,yellow,NA
Manes.05G067800.v8.1,Manes.05G067800,(1 of 3) K14485 - transport inhibitor response 1 (TIR1),yellow,NA
Manes.05G071900.v8.1,Manes.05G071900,(1 of 1) PTHR13068//PTHR13068:SF24 - CGI-12 PROTEIN-RELATED // MITOCHONDRIAL TRANSCRIPTION TERMINATION FACTOR-LIKE PROTEIN BELAYA SMERT,floralwhite,NA
Manes.05G073300.v8.1,Manes.05G073300,(1 of 2) PTHR33739:SF4 - MEDIATOR OF RNA POLYMERASE II TRANSCRIPTION SUBUNIT 33B,brown,NA
Manes.05G073400.v8.1,Manes.05G073400,(1 of 1) PTHR10357:SF115 - ISOAMYLASE 2; CHLOROPLASTIC,yellow,carb
Manes.05G075000.v8.1,Manes.05G075000,(1 of 2) K11087 - small nuclear ribonucleoprotein D1 (SNRPD1; SMD1),skyblue3,NA
Manes.05G075700.v8.1,Manes.05G075700,,yellow,NA
Manes.05G076000.v8.1,Manes.05G076000,(1 of 12) PF11250 - Fantastic Four meristem regulator (FAF),brown,NA
Manes.05G077700.v8.1,Manes.05G077700,,yellow,NA
Manes.05G079200.v8.1,Manes.05G079200,(1 of 2) K02895 - large subunit ribosomal protein L24 (RP-L24; MRPL24; rplX),brown,NA
Manes.05G079400.v8.1,Manes.05G079400,(1 of 56) PF14368 - Probable lipid transfer (LTP_2),brown,NA
Manes.05G079800.v8.1,Manes.05G079800,,yellow,NA
Manes.05G080400.v8.1,Manes.05G080400,(1 of 1) PTHR11814:SF60 - SULFATE TRANSPORTER 3.1-RELATED,brown,NA
Manes.05G080800.v8.1,Manes.05G080800,(1 of 4) K06890 - uncharacterized protein (K06890),brown,NA
Manes.05G081900.v8.1,Manes.05G081900,(1 of 1) 1.14.11.42 - tRNA(Phe) (7-(3-amino-3-carboxypropyl)wyosine(37)-C(2))-hydroxylase,yellow,NA
Manes.05G082900.v8.1,Manes.05G082900,(1 of 1) K17911 - beta-carotene isomerase (DWARF27),skyblue3,NA
Manes.05G083000.v8.1,Manes.05G083000,(1 of 2) PTHR23430:SF76 - HISTONE H2A VARIANT 1-RELATED,yellow,NA
Manes.05G086300.v8.1,Manes.05G086300,(1 of 4) K13407 - fatty acid omega-hydroxylase (CYP94A1),yellow,NA
Manes.05G087000.v8.1,Manes.05G087000,(1 of 1) PTHR24412//PTHR24412:SF213 - FAMILY NOT NAMED // F-BOX/KELCH-REPEAT PROTEIN OR23,brown,NA
Manes.05G087400.v8.1,Manes.05G087400,(1 of 2) PTHR12791//PTHR12791:SF34 - GOLGI SNARE BET1-RELATED // SUBFAMILY NOT NAMED,brown,NA
Manes.05G088100.v8.1,Manes.05G088100,(1 of 4) PTHR13833//PTHR13833:SF46 - FAMILY NOT NAMED // NHL DOMAIN-CONTAINING PROTEIN,yellow,NA
Manes.05G089700.v8.1,Manes.05G089700,(1 of 49) PF00407 - Pathogenesis-related protein Bet v I family (Bet_v_1),yellow,NA
Manes.05G090700.v8.1,Manes.05G090700,(1 of 259) PF00076 - RNA recognition motif. (a.k.a. RRM; RBD; or RNP domain) (RRM_1),brown,NA
Manes.05G090800.v8.1,Manes.05G090800,,yellow,NA
Manes.05G092200.v8.1,Manes.05G092200,(1 of 4) PTHR26402//PTHR26402:SF526 - RESPONSE REGULATOR OF TWO-COMPONENT SYSTEM // TWO-COMPONENT RESPONSE REGULATOR ARR15-RELATED,yellow,NA
Manes.05G095400.v8.1,Manes.05G095400,(1 of 2) PTHR37736:SF1 - GENOMIC DNA; CHROMOSOME 3; P1 CLONE:MSD24,brown,NA
Manes.05G097001.v8.1,Manes.05G097001,(1 of 7) K15040 - voltage-dependent anion channel protein 2 (VDAC2),yellow,NA
Manes.05G097600.v8.1,Manes.05G097600,(1 of 38) PF01535//PF12854//PF13041 - PPR repeat (PPR) // PPR repeat (PPR_1) // PPR repeat family (PPR_2),yellow,NA
Manes.05G097902.v8.1,Manes.05G097902,(1 of 2) PTHR23155//PTHR23155:SF411 - LEUCINE-RICH REPEAT-CONTAINING PROTEIN // SUBFAMILY NOT NAMED,skyblue3,NA
Manes.05G098800.v8.1,Manes.05G098800,(1 of 1) PTHR35688:SF2 - NAD(P)-LINKED OXIDOREDUCTASE-LIKE PROTEIN,yellow,NA
Manes.05G100100.v8.1,Manes.05G100100,(1 of 2) PTHR31072:SF33 - TRANSCRIPTION FACTOR TCP15,brown,NA
Manes.05G100200.v8.1,Manes.05G100200,(1 of 2) K03869 - cullin 3 (CUL3),floralwhite,NA
Manes.05G100300.v8.1,Manes.05G100300,(1 of 1) PTHR12725//PTHR12725:SF55 - HALOACID DEHALOGENASE-LIKE HYDROLASE // F14L17.7 PROTEIN,brown,NA
Manes.05G101200.v8.1,Manes.05G101200,(1 of 3) PTHR10759//PTHR10759:SF1 - 60S RIBOSOMAL PROTEIN L34 // SUBFAMILY NOT NAMED,yellow,NA
Manes.05G103000.v8.1,Manes.05G103000,,yellow,NA
Manes.05G106700.v8.1,Manes.05G106700,(1 of 2) PTHR22883//PTHR22883:SF96 - ZINC FINGER DHHC DOMAIN CONTAINING PROTEIN // SUBFAMILY NOT NAMED,yellow,NA
Manes.05G110700.v8.1,Manes.05G110700,(1 of 60) PF07983 - X8 domain (X8),brown,NA
Manes.05G112400.v8.1,Manes.05G112400,(1 of 3) K12640 - brassinosteroid-6-oxidase 2 (CYP85A2; BR6OX2),brown,NA
Manes.05G111300.v8.1,Manes.05G111300,(1 of 12) K15639 - PHYB activation tagged suppressor 1 (CYP734A1; BAS1),brown,NA
Manes.05G113000.v8.1,Manes.05G113000,(1 of 2) PTHR31096//PTHR31096:SF13 - FAMILY NOT NAMED // ACT DOMAIN-CONTAINING PROTEIN 5,brown,NA
Manes.05G115800.v8.1,Manes.05G115800,(1 of 4) K04710 - ceramide synthetase (CERS),brown,NA
Manes.05G117000.v8.1,Manes.05G117000,,yellow,NA
Manes.05G117400.v8.1,Manes.05G117400,(1 of 2) PTHR11064:SF35 - PROTEIN DR1 HOMOLOG,yellow,NA
Manes.05G118100.v8.1,Manes.05G118100,(1 of 1) PTHR23272:SF21 - BED ZINC FINGER AND HAT DIMERIZATION DOMAIN-CONTAINING PROTEIN,yellow,NA
Manes.05G119232.v8.1,Manes.05G119232,,yellow,NA
Manes.05G138900.v8.1,Manes.05G138900,(1 of 2) PTHR11005//PTHR11005:SF17 - LYSOSOMAL ACID LIPASE-RELATED // AB-HYDROLASE ASSOCIATED LIPASE REGION CONTAINING PROTEIN,yellow,NA
Manes.05G138400.v8.1,Manes.05G138400,(1 of 4) K03456 - serine/threonine-protein phosphatase 2A regulatory subunit A (PPP2R1),yellow,NA
Manes.05G114500.v8.1,Manes.05G114500,(1 of 3) PF13398 - Peptidase M50B-like (Peptidase_M50B),brown,NA
Manes.05G114400.v8.1,Manes.05G114400,(1 of 4) PTHR10641//PTHR10641:SF581 - MYB-LIKE DNA-BINDING PROTEIN MYB // MYB TRANSCRIPTION FACTOR,yellow,NA
Manes.05G132600.v8.1,Manes.05G132600,(1 of 56) PF14368 - Probable lipid transfer (LTP_2),brown,NA
Manes.05G120100.v8.1,Manes.05G120100,(1 of 1) PTHR11005//PTHR11005:SF30 - LYSOSOMAL ACID LIPASE-RELATED // SUBFAMILY NOT NAMED,yellow,NA
Manes.05G131700.v8.1,Manes.05G131700,(1 of 3) K02932 - large subunit ribosomal protein L5e (RP-L5e; RPL5),floralwhite,NA
Manes.05G121700.v8.1,Manes.05G121700,(1 of 4) 1.1.1.54//1.3.1.102//1.3.1.74 - Allyl-alcohol dehydrogenase // 2-alkenal reductase (NADP(+)) / NADPH-dependent alkenal/one oxidoreductase // 2-alkenal reductase (NAD(P)(+)) / NADPH:2-alkenal alpha;beta-hydrogenase,yellow,NA
Manes.05G123347.v8.1,Manes.05G123347,(1 of 1) PTHR34050//PTHR34050:SF1 - FAMILY NOT NAMED // ORGANELLAR DNA-BINDING PROTEIN,brown,NA
Manes.05G114300.v8.1,Manes.05G114300,(1 of 1) PTHR10903:SF65 - AIG1 DOMAIN-CONTAINING PROTEIN-RELATED,brown,NA
Manes.05G113300.v8.1,Manes.05G113300,(1 of 1) PTHR22884//PTHR22884:SF295 - SET DOMAIN PROTEINS // HISTONE-LYSINE N-METHYLTRANSFERASE SETD1A,brown,NA
Manes.05G136300.v8.1,Manes.05G136300,(1 of 14) PF04784//PF14389 - Protein of unknown function; DUF547 (DUF547) // Leucine-zipper of ternary complex factor MIP1 (Lzipper-MIP1),yellow,NA
Manes.05G136400.v8.1,Manes.05G136400,(1 of 15) PF04759 - Protein of unknown function; DUF617 (DUF617),brown,NA
Manes.05G125500.v8.1,Manes.05G125500,(1 of 1) PTHR22883//PTHR22883:SF72 - ZINC FINGER DHHC DOMAIN CONTAINING PROTEIN // PROTEIN S-ACYLTRANSFERASE 21,floralwhite,NA
Manes.05G134400.v8.1,Manes.05G134400,(1 of 3) 3.4.17.20 - Carboxypeptidase U / Thrombin-activatable fibrinolysis inhibitor,yellow,NA
Manes.05G135400.v8.1,Manes.05G135400,(1 of 9) K14500 - BR-signaling kinase (BSK),yellow,NA
Manes.05G140400.v8.1,Manes.05G140400,(1 of 4) PF00257 - Dehydrin (Dehydrin),brown,NA
Manes.05G141600.v8.1,Manes.05G141600,(1 of 80) PF01535//PF13041//PF14432 - PPR repeat (PPR) // PPR repeat family (PPR_2) // DYW family of nucleic acid deaminases (DYW_deaminase),yellow,NA
Manes.05G142300.v8.1,Manes.05G142300,(1 of 3) 2.1.1.142//2.1.1.143 - Cycloartenol 24-C-methyltransferase / Sterol C-methyltransferase // 24-methylenesterol C-methyltransferase / SMT(2),yellow,NA
Manes.05G142400.v8.1,Manes.05G142400,(1 of 1) PTHR10438//PTHR10438:SF247 - THIOREDOXIN // THIOREDOXIN-LIKE PROTEIN CDSP32; CHLOROPLASTIC,brown,NA
Manes.05G145300.v8.1,Manes.05G145300,,yellow,NA
Manes.05G146600.v8.1,Manes.05G146600,(1 of 3) PTHR11071//PTHR11071:SF250 - PEPTIDYL-PROLYL CIS-TRANS ISOMERASE // SUBFAMILY NOT NAMED,yellow,NA
Manes.05G146700.v8.1,Manes.05G146700,(1 of 1) PTHR22849//PTHR22849:SF31 - WDSAM1 PROTEIN // SUBFAMILY NOT NAMED,yellow,NA
Manes.05G147700.v8.1,Manes.05G147700,(1 of 2) PTHR23201:SF2 - GIBBERELLIN-REGULATED PROTEIN 1-RELATED,yellow,NA
Manes.05G148300.v8.1,Manes.05G148300,(1 of 2) PTHR31681//PTHR31681:SF1 - FAMILY NOT NAMED // C2H2-LIKE ZINC FINGER PROTEIN,skyblue3,NA
Manes.05G148550.v8.1,Manes.05G148550,(1 of 3) PTHR12300//PTHR12300:SF26 - HVA22-LIKE PROTEINS // HVA22-LIKE PROTEIN G-RELATED,yellow,NA
Manes.05G149100.v8.1,Manes.05G149100,(1 of 3) K12619 - 5'-3' exoribonuclease 2 (XRN2; RAT1),brown,NA
Manes.05G149400.v8.1,Manes.05G149400,(1 of 4) PTHR31374//PTHR31374:SF35 - FAMILY NOT NAMED // AUXIN-INDUCED PROTEIN-RELATED,brown,NA
Manes.05G151200.v8.1,Manes.05G151200,(1 of 2) PTHR22870:SF195 - REGULATOR OF CHROMOSOME CONDENSATION (RCC1) FAMILY PROTEIN,yellow,NA
Manes.05G152600.v8.1,Manes.05G152600,(1 of 6) K09250 - cellular nucleic acid-binding protein (CNBP),yellow,NA
Manes.05G153600.v8.1,Manes.05G153600,(1 of 3) 3.1.3.2//3.1.3.41//3.1.3.60 - Acid phosphatase / Phosphomonoesterase // 4-nitrophenylphosphatase // Phosphoenolpyruvate phosphatase,yellow,NA
Manes.05G154600.v8.1,Manes.05G154600,(1 of 1) PTHR24067:SF125 - UBIQUITIN-CONJUGATING ENZYME E2 18-RELATED,brown,NA
Manes.05G158900.v8.1,Manes.05G158900,(1 of 3) PTHR23500:SF43 - SUGAR TRANSPORTER ERD6-LIKE 4-RELATED,yellow,NA
Manes.05G159900.v8.1,Manes.05G159900,(1 of 1) PTHR10174//PTHR10174:SF151 - RETINALDEHYDE BINDING PROTEIN-RELATED // SUBFAMILY NOT NAMED,brown,NA
Manes.05G160200.v8.1,Manes.05G160200,,brown,NA
Manes.05G160600.v8.1,Manes.05G160600,(1 of 3) PTHR32227:SF16 - GLUCAN ENDO-1;3-BETA-GLUCOSIDASE 7-RELATED,brown,carb
Manes.05G161100.v8.1,Manes.05G161100,(1 of 3) PF06708 - Protein of unknown function (DUF1195) (DUF1195),yellow,NA
Manes.05G163100.v8.1,Manes.05G163100,(1 of 1) KOG2356 - Transcriptional activator; adenine-specific DNA methyltransferase,yellow,NA
Manes.05G163200.v8.1,Manes.05G163200,(1 of 152) PF02365 - No apical meristem (NAM) protein (NAM),brown,NA
Manes.05G163300.v8.1,Manes.05G163300,(1 of 2) PTHR13286:SF6 - HISTONE DEACETYLASE COMPLEX SUBUNIT SAP30L,yellow,NA
Manes.05G165800.v8.1,Manes.05G165800,(1 of 4) PTHR11685//PTHR11685:SF135 - RBR FAMILY  RING FINGER AND IBR DOMAIN-CONTAINING // E3 UBIQUITIN-PROTEIN LIGASE ARI10-RELATED,brown,NA
Manes.05G172300.v8.1,Manes.05G172300,(1 of 2) K14499 - BRI1 kinase inhibitor 1 (BKI1),yellow,NA
Manes.05G173500.v8.1,Manes.05G173500,(1 of 2) PTHR33926//PTHR33926:SF2 - FAMILY NOT NAMED // PROTEIN TIC 22; CHLOROPLASTIC,brown,NA
Manes.05G174700.v8.1,Manes.05G174700,(1 of 2) PTHR21493//PTHR21493:SF104 - CGI-141-RELATED/LIPASE CONTAINING PROTEIN // SUBFAMILY NOT NAMED,brown,NA
Manes.05G176400.v8.1,Manes.05G176400,(1 of 4) K10395 - kinesin family member 4/21/27 (KIF4_21_27),brown,NA
Manes.05G180000.v8.1,Manes.05G180000,(1 of 2) PTHR31300:SF7 - LIPASE-RELATED,yellow,NA
Manes.05G182700.v8.1,Manes.05G182700,,yellow,NA
Manes.05G182800.v8.1,Manes.05G182800,(1 of 1) 2.3.1.43 - Phosphatidylcholine--sterol O-acyltransferase / Phospholipid--cholesterol acyltransferase,brown,NA
Manes.05G184800.v8.1,Manes.05G184800,(1 of 49) K09338 - homeobox-leucine zipper protein (HD-ZIP),skyblue3,NA
Manes.05G187100.v8.1,Manes.05G187100,(1 of 2) PTHR31734//PTHR31734:SF18 - FAMILY NOT NAMED // AUXIN-RESPONSIVE PROTEIN IAA8,brown,NA
Manes.05G187600.v8.1,Manes.05G187600,(1 of 22) PF12854//PF13041 - PPR repeat (PPR_1) // PPR repeat family (PPR_2),brown,NA
Manes.05G192400.v8.1,Manes.05G192400,(1 of 12) KOG3399 - Predicted Yippee-type zinc-binding protein,yellow,NA
Manes.05G193700.v8.1,Manes.05G193700,(1 of 1) K02293 - 15-cis-phytoene desaturase (PDS; crtP),brown,carot
Manes.05G195080.v8.1,Manes.05G195080,(1 of 2) PTHR22595:SF42 - CHITINASE-LIKE PROTEIN 1,yellow,carb
Manes.05G197600.v8.1,Manes.05G197600,(1 of 1) PTHR33231//PTHR33231:SF1 - FAMILY NOT NAMED // 30S RIBOSOMAL PROTEIN-RELATED,yellow,NA
Manes.05G200300.v8.1,Manes.05G200300,(1 of 4) PF16712 - Coiled-coil regions of plant-specific actin-binding protein (SCAB_CC),yellow,NA
Manes.05G203000.v8.1,Manes.05G203000,(1 of 1) PTHR32175:SF0 - P-LOOP CONTAINING NUCLEOSIDE TRIPHOSPHATE HYDROLASE FAMILY PROTEIN,brown,NA
Manes.05G204160.v8.1,Manes.05G204160,(1 of 1) PTHR33254:SF3 - REGULATOR OF RIBONUCLEASE-LIKE PROTEIN 3,yellow,NA
Manes.05G207100.v8.1,Manes.05G207100,,skyblue3,NA
Manes.06G000700.v8.1,Manes.06G000700,(1 of 1) PTHR10314//PTHR10314:SF79 - SER/THR DEHYDRATASE; TRP SYNTHASE // DOF-TYPE TRANSCRIPTION FACTOR TMO6,floralwhite,NA
Manes.06G004000.v8.1,Manes.06G004000,(1 of 11) K13464 - jasmonate ZIM domain-containing protein (JAZ),yellow,NA
Manes.06G004900.v8.1,Manes.06G004900,(1 of 2) PTHR33052:SF22 - F15H18.19,brown,NA
Manes.06G005200.v8.1,Manes.06G005200,(1 of 1) PF07005 - Putative sugar-binding N-terminal domain (DUF1537),yellow,carb
Manes.06G005300.v8.1,Manes.06G005300,(1 of 5) PTHR10722 - 60S RIBOSOMAL PROTEIN L19,brown,NA
Manes.06G006000.v8.1,Manes.06G006000,(1 of 1) PTHR23111//PTHR23111:SF40 - ZINC FINGER PROTEIN // SUBFAMILY NOT NAMED,yellow,NA
Manes.06G006100.v8.1,Manes.06G006100,(1 of 4) 3.5.1.4 - Amidase / Acylase,yellow,NA
Manes.06G006500.v8.1,Manes.06G006500,(1 of 11) PTHR24296:SF1 - ALKANE HYDROXYLASE CYP96A15-RELATED,brown,NA
Manes.06G006600.v8.1,Manes.06G006600,(1 of 11) PTHR24296:SF1 - ALKANE HYDROXYLASE CYP96A15-RELATED,brown,NA
Manes.06G008400.v8.1,Manes.06G008400,(1 of 2) K14753 - guanine nucleotide-binding protein subunit beta-2-like 1 protein (RACK1),skyblue3,NA
Manes.06G008800.v8.1,Manes.06G008800,(1 of 2) K03267 - peptide chain release factor subunit 3 (ERF3; GSPT),yellow,NA
Manes.06G010600.v8.1,Manes.06G010600,(1 of 2) PTHR33334//PTHR33334:SF5 - FAMILY NOT NAMED // DENTIN SIALOPHOSPHOPROTEIN-LIKE PROTEIN,yellow,NA
Manes.06G010675.v8.1,Manes.06G010675,(1 of 35) PTHR27002//PTHR27002:SF84 - FAMILY NOT NAMED // ATP BINDING / PROTEIN KINASE-RELATED,skyblue3,NA
Manes.06G012225.v8.1,Manes.06G012225,(1 of 84) PF03732 - Retrotransposon gag protein (Retrotrans_gag),yellow,NA
Manes.06G012700.v8.1,Manes.06G012700,(1 of 2) K17893 - ubiquinol oxidase (AOX1; AOX2),brown,NA
Manes.06G013700.v8.1,Manes.06G013700,(1 of 2) PF08122 - NADH-ubiquinone oxidoreductase B12 subunit family (NDUF_B12),yellow,NA
Manes.06G017700.v8.1,Manes.06G017700,(1 of 16) K01537 - Ca2+-transporting ATPase (E3.6.3.8),brown,NA
Manes.06G018200.v8.1,Manes.06G018200,(1 of 2) PF09758 - Uncharacterised conserved protein (FPL),skyblue3,NA
Manes.06G019800.v8.1,Manes.06G019800,(1 of 1) PTHR10615//PTHR10615:SF117 - HISTONE ACETYLTRANSFERASE // SUBFAMILY NOT NAMED,yellow,NA
Manes.06G020300.v8.1,Manes.06G020300,(1 of 2) K18469 - TBC1 domain family member 5 (TBC1D5),brown,NA
Manes.06G020600.v8.1,Manes.06G020600,(1 of 53) PF14009 - Domain of unknown function (DUF4228) (DUF4228),yellow,NA
Manes.06G025800.v8.1,Manes.06G025800,(1 of 3) PTHR14155//PTHR14155:SF138 - RING FINGER DOMAIN-CONTAINING // GH10160P,yellow,NA
Manes.06G028600.v8.1,Manes.06G028600,(1 of 2) PTHR33228:SF5 - PROTEIN GLUTAMINE DUMPER 1-RELATED,yellow,NA
Manes.06G026400.v8.1,Manes.06G026400,(1 of 2) PTHR11638//PTHR11638:SF94 - ATP-DEPENDENT CLP PROTEASE // HEAT SHOCK PROTEIN 104,skyblue3,NA
Manes.06G031900.v8.1,Manes.06G031900,,yellow,NA
Manes.06G032800.v8.1,Manes.06G032800,(1 of 1) K17908 - autophagy-related protein 18 (WIPI; ATG18),brown,NA
Manes.06G033000.v8.1,Manes.06G033000,(1 of 1) KOG3269 - Predicted membrane protein,brown,NA
Manes.06G035575.v8.1,Manes.06G035575,(1 of 1) PTHR11802:SF87 - SERINE CARBOXYPEPTIDASE 24-RELATED,brown,NA
Manes.06G034300.v8.1,Manes.06G034300,(1 of 1) PTHR10217:SF500 - CYCLIC NUCLEOTIDE-GATED ION CHANNEL 5-RELATED,brown,NA
Manes.06G036300.v8.1,Manes.06G036300,(1 of 10) K11855 - ubiquitin carboxyl-terminal hydrolase 36/42 [EC:3.4.19.12] (USP36_42),brown,NA
Manes.06G037700.v8.1,Manes.06G037700,(1 of 2) KOG3315 - Transport protein particle (TRAPP) complex subunit,yellow,NA
Manes.06G038100.v8.1,Manes.06G038100,(1 of 1) PTHR35769:SF2 - CALCINEURIN-LIKE METALLO-PHOSPHOESTERASE SUPERFAMILY PROTEIN,floralwhite,NA
Manes.06G038600.v8.1,Manes.06G038600,(1 of 2) PTHR12277//PTHR12277:SF53 - UNCHARACTERIZED // ALPHA/BETA-HYDROLASES SUPERFAMILY PROTEIN,brown,NA
Manes.06G039700.v8.1,Manes.06G039700,(1 of 1) PTHR14773//PTHR14773:SF0 - UNCHARACTERIZED // WD REPEAT-CONTAINING PROTEIN 76,yellow,NA
Manes.06G041350.v8.1,Manes.06G041350,(1 of 6) K02936 - large subunit ribosomal protein L7Ae (RP-L7Ae; RPL7A),yellow,NA
Manes.06G048400.v8.1,Manes.06G048400,(1 of 1) KOG1092 - Ypt/Rab-specific GTPase-activating protein GYP1,brown,NA
Manes.06G058601.v8.1,Manes.06G058601,,floralwhite,NA
Manes.06G053600.v8.1,Manes.06G053600,(1 of 74) PF00069//PF07714 - Protein kinase domain (Pkinase) // Protein tyrosine kinase (Pkinase_Tyr),brown,NA
Manes.06G054000.v8.1,Manes.06G054000,(1 of 1) PTHR10357:SF169 - ISOAMYLASE 1; CHLOROPLASTIC,yellow,carb
Manes.06G054300.v8.1,Manes.06G054300,(1 of 17) PF04852 - Protein of unknown function (DUF640) (DUF640),yellow,NA
Manes.06G051800.v8.1,Manes.06G051800,(1 of 9) PF13041//PF13812 - PPR repeat family (PPR_2) // Pentatricopeptide repeat domain (PPR_3),brown,NA
Manes.06G051900.v8.1,Manes.06G051900,(1 of 1) PTHR27000//PTHR27000:SF222 - FAMILY NOT NAMED // LEUCINE-RICH REPEAT PROTEIN KINASE,brown,NA
Manes.06G059100.v8.1,Manes.06G059100,(1 of 3) PTHR32448:SF11 - BERBERINE BRIDGE ENZYME-RELATED,brown,NA
Manes.06G058300.v8.1,Manes.06G058300,(1 of 1) 1.1.1.23 - Histidinol dehydrogenase,brown,NA
Manes.06G055000.v8.1,Manes.06G055000,(1 of 8) PF00046//PF01852//PF08670 - Homeobox domain (Homeobox) // START domain (START) // MEKHLA domain (MEKHLA),brown,NA
Manes.06G061800.v8.1,Manes.06G061800,,brown,NA
Manes.06G062200.v8.1,Manes.06G062200,(1 of 1) KOG3104 - Mod5 protein sorting/negative effector of RNA Pol III synthesis,brown,NA
Manes.06G062600.v8.1,Manes.06G062600,(1 of 2) K12200 - programmed cell death 6-interacting protein (PDCD6IP; ALIX; RIM20),brown,NA
Manes.06G063600.v8.1,Manes.06G063600,,yellow,NA
Manes.06G064900.v8.1,Manes.06G064900,(1 of 1) PTHR31285:SF0 - PROMOTER OF FILAMENTATION PROTEIN 1,floralwhite,NA
Manes.06G065500.v8.1,Manes.06G065500,(1 of 5) PTHR27005//PTHR27005:SF28 - FAMILY NOT NAMED // PROTEIN KINASE-LIKE PROTEIN,yellow,NA
Manes.06G066100.v8.1,Manes.06G066100,(1 of 2) 6.1.1.16 - Cysteine--tRNA ligase / Cysteinyl-tRNA synthetase,floralwhite,NA
Manes.06G068300.v8.1,Manes.06G068300,(1 of 2) PTHR31769:SF5 - EXPRESSED PROTEIN,brown,NA
Manes.06G068700.v8.1,Manes.06G068700,(1 of 5) K00547 - homocysteine S-methyltransferase (mmuM),floralwhite,NA
Manes.06G068900.v8.1,Manes.06G068900,(1 of 2) PTHR31194:SF8 - ETHYLENE-RESPONSIVE TRANSCRIPTION FACTOR ERF119,skyblue3,NA
Manes.06G070400.v8.1,Manes.06G070400,(1 of 2) K19032 - 30S ribosomal protein 3 (PSRP3),yellow,NA
Manes.06G071400.v8.1,Manes.06G071400,(1 of 1) PTHR23030:SF18 - ENDOSOMAL TARGETING BRO1-LIKE DOMAIN-CONTAINING PROTEIN,brown,NA
Manes.06G071500.v8.1,Manes.06G071500,(1 of 2) PTHR31003//PTHR31003:SF4 - MYB FAMILY TRANSCRIPTION FACTOR // GENOMIC DNA; CHROMOSOME 3; TAC CLONE:K13N2-RELATED,floralwhite,NA
Manes.06G071800.v8.1,Manes.06G071800,(1 of 2) PTHR27003//PTHR27003:SF5 - FAMILY NOT NAMED // DI-GLUCOSE BINDING PROTEIN WITH LEUCINE-RICH REPEAT DOMAIN,brown,NA
Manes.06G073500.v8.1,Manes.06G073500,(1 of 1) PTHR10106:SF20 - TRANSMEMBRANE ASCORBATE FERRIREDUCTASE 4-RELATED,brown,NA
Manes.06G077300.v8.1,Manes.06G077300,(1 of 80) PF01535//PF13041//PF14432 - PPR repeat (PPR) // PPR repeat family (PPR_2) // DYW family of nucleic acid deaminases (DYW_deaminase),brown,NA
Manes.06G077800.v8.1,Manes.06G077800,(1 of 4) K04710 - ceramide synthetase (CERS),brown,NA
Manes.06G078200.v8.1,Manes.06G078200,(1 of 1) PTHR35705:SF2 - WPP DOMAIN-INTERACTING TAIL-ANCHORED PROTEIN 2,yellow,NA
Manes.06G079300.v8.1,Manes.06G079300,(1 of 2) PTHR31923//PTHR31923:SF7 - FAMILY NOT NAMED // BSD DOMAIN-CONTAINING PROTEIN,brown,NA
Manes.06G079900.v8.1,Manes.06G079900,(1 of 4) PTHR22763//PTHR22763:SF8 - RING ZINC FINGER PROTEIN // SUBFAMILY NOT NAMED,brown,NA
Manes.06G085200.v8.1,Manes.06G085200,,yellow,NA
Manes.06G086400.v8.1,Manes.06G086400,(1 of 19) 2.4.1.203 - Trans-zeatin O-beta-D-glucosyltransferase / Zeatin O-glucosyltransferase,yellow,NA
Manes.06G091550.v8.1,Manes.06G091550,,yellow,NA
Manes.06G094500.v8.1,Manes.06G094500,(1 of 163) PF00010 - Helix-loop-helix DNA-binding domain (HLH),yellow,NA
Manes.06G097100.v8.1,Manes.06G097100,(1 of 1) PTHR24078//PTHR24078:SF175 - DNAJ HOMOLOG SUBFAMILY C MEMBER // SUBFAMILY NOT NAMED,yellow,NA
Manes.06G098800.v8.1,Manes.06G098800,(1 of 1) PTHR12363//PTHR12363:SF32 - TRANSPORTIN 3 AND IMPORTIN 13 // SUBFAMILY NOT NAMED,yellow,NA
Manes.06G101900.v8.1,Manes.06G101900,(1 of 10) K09377 - cysteine and glycine-rich protein (CSRP),floralwhite,NA
Manes.06G106400.v8.1,Manes.06G106400,(1 of 3) PTHR10168:SF73 - GLUTAREDOXIN-C1,brown,NA
Manes.06G108000.v8.1,Manes.06G108000,(1 of 1) K11550 - kinetochore protein Spc25; animal type (SPBC25; SPC25),brown,NA
Manes.06G110100.v8.1,Manes.06G110100,(1 of 2) K17987 - next to BRCA1 gene 1 protein (NBR1),brown,NA
Manes.06G110900.v8.1,Manes.06G110900,(1 of 7) PF05605//PF14571 - Drought induced 19 protein (Di19); zinc-binding (zf-Di19) // Stress-induced protein Di19; C-terminal (Di19_C),brown,NA
Manes.06G111900.v8.1,Manes.06G111900,(1 of 1) PTHR12231:SF150 - RHODANESE-LIKE DOMAIN-CONTAINING PROTEIN 11; CHLOROPLASTIC,floralwhite,NA
Manes.06G112100.v8.1,Manes.06G112100,(1 of 2) 2.1.1.77 - Protein-L-isoaspartate(D-aspartate) O-methyltransferase / Protein L-isoaspartyl methyltransferase,brown,NA
Manes.06G113100.v8.1,Manes.06G113100,(1 of 2) PTHR24413:SF75 - BTB/POZ AND TAZ DOMAIN-CONTAINING PROTEIN 2,yellow,NA
Manes.06G115200.v8.1,Manes.06G115200,(1 of 2) K07739 - elongator complex protein 3 [EC:2.3.1.48] (ELP3; KAT9),yellow,NA
Manes.06G115400.v8.1,Manes.06G115400,(1 of 2) K03037 - 26S proteasome regulatory subunit N7 (PSMD6; RPN7),yellow,NA
Manes.06G115500.v8.1,Manes.06G115500,(1 of 2) PTHR11349//PTHR11349:SF44 - NUCLEOSIDE DIPHOSPHATE KINASE // NUCLEOSIDE DIPHOSPHATE KINASE II; CHLOROPLASTIC,yellow,NA
Manes.06G116400.v8.1,Manes.06G116400,(1 of 8) K00134 - glyceraldehyde 3-phosphate dehydrogenase (GAPDH; gapA),brown,carb
Manes.06G116500.v8.1,Manes.06G116500,(1 of 2) PTHR34466//PTHR34466:SF2 - FAMILY NOT NAMED // GENOMIC DNA; CHROMOSOME 5; P1 CLONE:MXI22,yellow,NA
Manes.06G116800.v8.1,Manes.06G116800,(1 of 2) K08818 - cell division cycle 2-like [EC:2.7.11.22] (CDC2L),yellow,NA
Manes.06G122600.v8.1,Manes.06G122600,(1 of 129) PF02519 - Auxin responsive protein (Auxin_inducible),brown,NA
Manes.06G122900.v8.1,Manes.06G122900,(1 of 2) PTHR13169:SF3 - MEMBRANE-ANCHORED UBIQUITIN-FOLD PROTEIN 3,brown,NA
Manes.06G125000.v8.1,Manes.06G125000,(1 of 6) PTHR10627 - SCP160,yellow,NA
Manes.06G125600.v8.1,Manes.06G125600,(1 of 2) PTHR11802//PTHR11802:SF22 - SERINE PROTEASE FAMILY S10 SERINE CARBOXYPEPTIDASE // SUBFAMILY NOT NAMED,yellow,NA
Manes.06G128000.v8.1,Manes.06G128000,(1 of 1) PF01535//PF12854//PF13812 - PPR repeat (PPR) // PPR repeat (PPR_1) // Pentatricopeptide repeat domain (PPR_3),brown,NA
Manes.06G128800.v8.1,Manes.06G128800,(1 of 1) PTHR12415//PTHR12415:SF2 - TYROSYL-DNA PHOSPHODIESTERASE 1 // SUBFAMILY NOT NAMED,yellow,NA
Manes.06G131400.v8.1,Manes.06G131400,(1 of 6) KOG4372 - Predicted alpha/beta hydrolase,yellow,NA
Manes.06G132400.v8.1,Manes.06G132400,(1 of 1) 3.5.1.26 - N(4)-(beta-N-acetylglucosaminyl)-L-asparaginase / N-aspartyl-beta-glucosaminidase,brown,NA
Manes.06G133700.v8.1,Manes.06G133700,(1 of 16) K10268 - F-box and leucine-rich repeat protein 2/20 (FBXL2_20),brown,NA
Manes.06G136900.v8.1,Manes.06G136900,(1 of 2) K02969 - small subunit ribosomal protein S20e (RP-S20e; RPS20),yellow,NA
Manes.06G139600.v8.1,Manes.06G139600,(1 of 52) PF01535//PF13041//PF13812 - PPR repeat (PPR) // PPR repeat family (PPR_2) // Pentatricopeptide repeat domain (PPR_3),brown,NA
Manes.06G140300.v8.1,Manes.06G140300,(1 of 1) K02366//K02367 - glucuronyl/N-acetylglucosaminyl transferase EXT1 (EXT1) // glucuronyl/N-acetylglucosaminyl transferase EXT2 (EXT2),brown,NA
Manes.06G140400.v8.1,Manes.06G140400,(1 of 77) KOG0198 - MEKK and related serine/threonine protein kinases,brown,NA
Manes.06G141900.v8.1,Manes.06G141900,(1 of 1) PTHR14237//PTHR14237:SF28 - MOLYBDOPTERIN COFACTOR SULFURASE  MOSC // CATALYTIC/ PYRIDOXAL PHOSPHATE BINDING PROTEIN,brown,NA
Manes.06G142400.v8.1,Manes.06G142400,(1 of 1) 1.1.1.140 - Sorbitol-6-phosphate 2-dehydrogenase / Ketosephosphate reductase,yellow,NA
Manes.06G143300.v8.1,Manes.06G143300,(1 of 1) PTHR21530//PTHR21530:SF1 - PHEROMONE SHUTDOWN PROTEIN // TRAB FAMILY PROTEIN,yellow,NA
Manes.06G145600.v8.1,Manes.06G145600,(1 of 3) K19044 - E3 ubiquitin-protein ligase XBAT32/33 [EC:6.3.2.19] (XBAT32_33),brown,NA
Manes.06G146300.v8.1,Manes.06G146300,(1 of 2) PTHR10281:SF45 - MEMBRANE STEROID-BINDING PROTEIN 1-RELATED,yellow,NA
Manes.06G147000.v8.1,Manes.06G147000,(1 of 1) KOG0978//KOG4593 - E3 ubiquitin ligase involved in syntaxin degradation // Mitotic checkpoint protein MAD1,brown,NA
Manes.06G148700.v8.1,Manes.06G148700,(1 of 1) 2.4.99.6 - N-acetyllactosaminide alpha-2;3-sialyltransferase,brown,carb
Manes.06G151700.v8.1,Manes.06G151700,(1 of 2) PTHR34289:SF2 - SIMILARITY TO UNKNOWN PROTEIN,brown,NA
Manes.06G152900.v8.1,Manes.06G152900,(1 of 4) K02947 - small subunit ribosomal protein S10e (RP-S10e; RPS10),yellow,NA
Manes.06G153500.v8.1,Manes.06G153500,(1 of 4) PF04278 - Tic22-like family (Tic22),yellow,NA
Manes.06G157500.v8.1,Manes.06G157500,(1 of 4) PTHR10641//PTHR10641:SF620 - MYB-LIKE DNA-BINDING PROTEIN MYB // SUBFAMILY NOT NAMED,brown,NA
Manes.06G158600.v8.1,Manes.06G158600,(1 of 4) PTHR10217//PTHR10217:SF527 - VOLTAGE AND LIGAND GATED POTASSIUM CHANNEL // CYCLIC NUCLEOTIDE-GATED ION CHANNEL 1,floralwhite,NA
Manes.06G160333.v8.1,Manes.06G160333,,yellow,NA
Manes.06G161950.v8.1,Manes.06G161950,(1 of 3) PTHR11785:SF379 - CATIONIC AMINO ACID TRANSPORTER 4; VACUOLAR,brown,NA
Manes.06G162200.v8.1,Manes.06G162200,(1 of 2) K12876 - RNA-binding protein 8A (RBM8A; Y14),brown,NA
Manes.06G162900.v8.1,Manes.06G162900,(1 of 1) PTHR10366//PTHR10366:SF244 - NAD DEPENDENT EPIMERASE/DEHYDRATASE // CINNAMYL-ALCOHOL DEHYDROGENASE-RELATED,floralwhite,NA
Manes.06G163400.v8.1,Manes.06G163400,(1 of 3) K02981 - small subunit ribosomal protein S2e (RP-S2e; RPS2),brown,NA
Manes.06G164400.v8.1,Manes.06G164400,(1 of 1) KOG1293 - Proteins containing armadillo/beta-catenin-like repeat,brown,NA
Manes.06G164500.v8.1,Manes.06G164500,(1 of 16) PTHR11206//PTHR11206:SF128 - MULTIDRUG RESISTANCE PROTEIN // MATE EFFLUX FAMILY PROTEIN 1,brown,NA
Manes.06G165100.v8.1,Manes.06G165100,(1 of 1) K03977 - GTP-binding protein (engA),brown,NA
Manes.06G165200.v8.1,Manes.06G165200,(1 of 2) PTHR11699//PTHR11699:SF192 - ALDEHYDE DEHYDROGENASE-RELATED // SUBFAMILY NOT NAMED,yellow,NA
Manes.06G167400.v8.1,Manes.06G167400,(1 of 44) PF03140 - Plant protein of unknown function (DUF247),brown,NA
Manes.06G169900.v8.1,Manes.06G169900,(1 of 4) PTHR31305//PTHR31305:SF2 - FAMILY NOT NAMED // SNARE-ASSOCIATED PROTEIN SNAPIN,yellow,NA
Manes.06G171400.v8.1,Manes.06G171400,(1 of 1) PTHR23305:SF12 - GTP-BINDING PROTEIN-RELATED,yellow,NA
Manes.06G171800.v8.1,Manes.06G171800,(1 of 15) KOG0107 - Alternative splicing factor SRp20/9G8 (RRM superfamily),yellow,NA
Manes.07G000600.v8.1,Manes.07G000600,(1 of 2) PTHR24326:SF243 - HOMEOBOX-LEUCINE ZIPPER PROTEIN HAT14,brown,NA
Manes.07G002600.v8.1,Manes.07G002600,(1 of 2) 2.1.1.107 - Uroporphyrinogen-III C-methyltransferase / Uroporphyrinogen-III methyltransferase,yellow,NA
Manes.07G002900.v8.1,Manes.07G002900,(1 of 3) K02934 - large subunit ribosomal protein L6e (RP-L6e; RPL6),brown,NA
Manes.07G004500.v8.1,Manes.07G004500,(1 of 3) PTHR10634//PTHR10634:SF32 - AN1-TYPE ZINC FINGER PROTEIN // SUBFAMILY NOT NAMED,yellow,NA
Manes.07G010400.v8.1,Manes.07G010400,(1 of 10) PF11891 - Domain of unknown function (DUF3411) (DUF3411),brown,NA
Manes.07G013100.v8.1,Manes.07G013100,(1 of 9) PF07800 - Protein of unknown function (DUF1644) (DUF1644),brown,NA
Manes.07G015700.v8.1,Manes.07G015700,(1 of 2) K13173 - arginine and glutamate-rich protein 1 (ARGLU1),brown,NA
Manes.07G019300.v8.1,Manes.07G019300,(1 of 1) PTHR10666//PTHR10666:SF155 - UBIQUITIN // POLYUBIQUITIN 4,brown,NA
Manes.07G023100.v8.1,Manes.07G023100,(1 of 2) PTHR22891//PTHR22891:SF4 - EUKARYOTIC TRANSLATION INITIATION FACTOR 2C // PROTEIN ARGONAUTE 2-RELATED,brown,NA
Manes.07G024100.v8.1,Manes.07G024100,(1 of 1) PTHR12357:SF25 - EVOLUTIONARILY CONSERVED C-TERMINAL REGION 11 PROTEIN,brown,NA
Manes.07G024500.v8.1,Manes.07G024500,(1 of 7) 1.11.1.6 - Catalase,yellow,NA
Manes.07G025500.v8.1,Manes.07G025500,(1 of 2) PTHR24057:SF3 - SHAGGY-RELATED PROTEIN KINASE DELTA-RELATED,yellow,NA
Manes.07G026300.v8.1,Manes.07G026300,(1 of 3) 6.1.1.4 - Leucine--tRNA ligase / Leucyl-tRNA synthetase,brown,NA
Manes.07G028000.v8.1,Manes.07G028000,(1 of 2) K18172 - COX assembly mitochondrial protein 2 (CMC2),skyblue3,NA
Manes.07G033800.v8.1,Manes.07G033800,(1 of 1) PTHR32332:SF20 - 2-NITROPROPANE DIOXYGENASE-LIKE PROTEIN,floralwhite,NA
Manes.07G034000.v8.1,Manes.07G034000,(1 of 6) K14396 - polyadenylate-binding protein 2 (PABPN1; PABP2),skyblue3,NA
Manes.07G035100.v8.1,Manes.07G035100,(1 of 16) K06630 - 14-3-3 protein epsilon (YWHAE),brown,NA
Manes.07G037000.v8.1,Manes.07G037000,(1 of 2) PTHR36066:SF2 - TRANSCRIPTION FACTOR SAC51-RELATED,yellow,NA
Manes.07G049400.v8.1,Manes.07G049400,(1 of 1) PF02456 - Adenovirus IVa2 protein (Adeno_IVa2),brown,NA
Manes.07G049500.v8.1,Manes.07G049500,,brown,NA
Manes.07G051500.v8.1,Manes.07G051500,(1 of 3) PTHR31317//PTHR31317:SF3 - FAMILY NOT NAMED // F2J10.8 PROTEIN-RELATED,brown,NA
Manes.07G056100.v8.1,Manes.07G056100,(1 of 2) PTHR11817//PTHR11817:SF21 - PYRUVATE KINASE // SUBFAMILY NOT NAMED,brown,carb
Manes.07G059900.v8.1,Manes.07G059900,(1 of 2) PTHR32002:SF3 - PROTEIN NLP1-RELATED,brown,NA
Manes.07G062324.v8.1,Manes.07G062324,(1 of 1) PTHR23155//PTHR23155:SF554//PTHR33463//PTHR33463:SF3 - LEUCINE-RICH REPEAT-CONTAINING PROTEIN // SUBFAMILY NOT NAMED // FAMILY NOT NAMED // SUBFAMILY NOT NAMED,brown,NA
Manes.07G060300.v8.1,Manes.07G060300,(1 of 70) PTHR23155//PTHR23155:SF554 - LEUCINE-RICH REPEAT-CONTAINING PROTEIN // SUBFAMILY NOT NAMED,yellow,NA
Manes.07G062220.v8.1,Manes.07G062220,(1 of 70) PTHR23155//PTHR23155:SF554 - LEUCINE-RICH REPEAT-CONTAINING PROTEIN // SUBFAMILY NOT NAMED,yellow,NA
Manes.07G063328.v8.1,Manes.07G063328,(1 of 8) PF12767 - Transcriptional regulator of RNA polII; SAGA; subunit (SAGA-Tad1),yellow,NA
Manes.07G063671.v8.1,Manes.07G063671,,brown,NA
Manes.07G071100.v8.1,Manes.07G071100,(1 of 3) 2.7.1.100 - S-methyl-5-thioribose kinase / MTR kinase,yellow,NA
Manes.07G069764.v8.1,Manes.07G069764,(1 of 1) PTHR12841:SF6 - PROTEIN UNC-50 HOMOLOG,brown,NA
Manes.07G077122.v8.1,Manes.07G077122,,brown,NA
Manes.07G073200.v8.1,Manes.07G073200,(1 of 1) PTHR32285:SF14 - PROTEIN PMR5-RELATED,brown,NA
Manes.07G075900.v8.1,Manes.07G075900,(1 of 4) PF12579 - Protein of unknown function (DUF3755) (DUF3755),yellow,NA
Manes.07G078500.v8.1,Manes.07G078500,(1 of 2) PTHR32263:SF4 - INACTIVE POLY [ADP-RIBOSE] POLYMERASE RCD1-RELATED,brown,NA
Manes.07G079501.v8.1,Manes.07G079501,(1 of 2) PTHR27008//PTHR27008:SF40 - FAMILY NOT NAMED // LEUCINE-RICH REPEAT PROTEIN KINASE-LIKE PROTEIN,brown,NA
Manes.07G082400.v8.1,Manes.07G082400,(1 of 5) K10875 - DNA repair and recombination protein RAD54 and RAD54-like protein (RAD54L; RAD54),yellow,NA
Manes.07G083301.v8.1,Manes.07G083301,,brown,NA
Manes.07G087900.v8.1,Manes.07G087900,(1 of 1) PTHR11715//PTHR11715:SF9 - GLYCINE CLEAVAGE SYSTEM H PROTEIN // SUBFAMILY NOT NAMED,yellow,NA
Manes.07G087700.v8.1,Manes.07G087700,(1 of 1) 3.7.1.17//3.7.1.8 - 4;5-9;10-diseco-3-hydroxy-5;9;17-trioxoandrosta-1(10);2-diene-4-oate hydrolase // 2;6-dioxo-6-phenylhexa-3-enoate hydrolase / HOHPDA hydrolase,yellow,NA
Manes.07G086800.v8.1,Manes.07G086800,(1 of 2) PF04568 - Mitochondrial ATPase inhibitor; IATP (IATP),yellow,NA
Manes.07G088000.v8.1,Manes.07G088000,(1 of 2) K02149 - V-type H+-transporting ATPase subunit D (ATPeV1D; ATP6M),brown,NA
Manes.07G089900.v8.1,Manes.07G089900,(1 of 1) PTHR24078//PTHR24078:SF208 - DNAJ HOMOLOG SUBFAMILY C MEMBER // SUBFAMILY NOT NAMED,brown,NA
Manes.07G091450.v8.1,Manes.07G091450,,skyblue3,NA
Manes.07G107166.v8.1,Manes.07G107166,,brown,NA
Manes.07G133160.v8.1,Manes.07G133160,(1 of 1) PTHR23315//PTHR23315:SF111 - BETA CATENIN-RELATED ARMADILLO REPEAT-CONTAINING // U-BOX DOMAIN-CONTAINING PROTEIN 14,yellow,NA
Manes.07G098200.v8.1,Manes.07G098200,(1 of 31) PF03181 - BURP domain (BURP),brown,NA
Manes.07G098900.v8.1,Manes.07G098900,(1 of 1) PF00092//PF00097//PF14624//PF17123 - von Willebrand factor type A domain (VWA) // Zinc finger; C3HC4 type (RING finger) (zf-C3HC4) // VWA / Hh  protein intein-like (Vwaint) // RING-like zinc finger (zf-RING_11),brown,NA
Manes.07G103500.v8.1,Manes.07G103500,(1 of 1) PTHR11079//PTHR11079:SF98 - CYTOSINE DEAMINASE // PROTEIN ZK287.7,yellow,NA
Manes.07G104000.v8.1,Manes.07G104000,(1 of 2) PTHR32191:SF1 - TETRASPANIN-5-RELATED,brown,NA
Manes.07G105700.v8.1,Manes.07G105700,(1 of 1) PTHR11260//PTHR11260:SF320 - GLUTATHIONE S-TRANSFERASE; GST; SUPERFAMILY; GST DOMAIN CONTAINING // SUBFAMILY NOT NAMED,brown,NA
Manes.07G106308.v8.1,Manes.07G106308,(1 of 10) K11254 - histone H4 (H4),yellow,NA
Manes.07G107000.v8.1,Manes.07G107000,(1 of 31) PF07714//PF11721 - Protein tyrosine kinase (Pkinase_Tyr) // Di-glucose binding within endoplasmic reticulum (Malectin),brown,NA
Manes.07G107600.v8.1,Manes.07G107600,(1 of 3) PTHR24177:SF10 - ANKYRIN REPEAT-CONTAINING PROTEIN,floralwhite,NA
Manes.07G109504.v8.1,Manes.07G109504,(1 of 3) K18422 - helicase MOV-10 [EC:3.6.4.13] (MOV10),brown,NA
Manes.07G110400.v8.1,Manes.07G110400,(1 of 2) PTHR10159//PTHR10159:SF339 - DUAL SPECIFICITY PROTEIN PHOSPHATASE // PROTEIN-TYROSINE-PHOSPHATASE MKP1,skyblue3,NA
Manes.07G111000.v8.1,Manes.07G111000,(1 of 3) K02893 - large subunit ribosomal protein L23Ae (RP-L23Ae; RPL23A),floralwhite,NA
Manes.07G111900.v8.1,Manes.07G111900,(1 of 54) PF13912 - C2H2-type zinc finger (zf-C2H2_6),brown,NA
Manes.07G115700.v8.1,Manes.07G115700,(1 of 1) K13102 - DNA/RNA-binding protein KIN17 (KIN),yellow,NA
Manes.07G120100.v8.1,Manes.07G120100,(1 of 2) K03248 - translation initiation factor 3 subunit G (EIF3G),yellow,NA
Manes.07G120700.v8.1,Manes.07G120700,(1 of 2) 2.7.2.11 - Glutamate 5-kinase / Gamma-glutamyl kinase,floralwhite,NA
Manes.07G121100.v8.1,Manes.07G121100,(1 of 10) PTHR23155//PTHR23155:SF634 - LEUCINE-RICH REPEAT-CONTAINING PROTEIN // SUBFAMILY NOT NAMED,yellow,NA
Manes.07G121500.v8.1,Manes.07G121500,(1 of 12) K06269 - serine/threonine-protein phosphatase PP1 catalytic subunit (PPP1C),skyblue3,NA
Manes.07G122000.v8.1,Manes.07G122000,(1 of 1) KOG0752//KOG0758//KOG0764 - Mitochondrial solute carrier protein // Mitochondrial carnitine-acylcarnitine carrier protein // Mitochondrial FAD carrier protein,brown,NA
Manes.07G125800.v8.1,Manes.07G125800,(1 of 3) PTHR32246//PTHR32246:SF19 - FAMILY NOT NAMED // CALCIUM-DEPENDENT LIPID-BINDING DOMAIN PROTEIN,brown,NA
Manes.07G126300.v8.1,Manes.07G126300,(1 of 2) K03249 - translation initiation factor 3 subunit F (EIF3F),yellow,NA
Manes.07G127600.v8.1,Manes.07G127600,(1 of 4) PTHR34271//PTHR34271:SF1 - FAMILY NOT NAMED // NUCLEOLAR HISTONE METHYLTRANSFERASE-RELATED PROTEIN,yellow,NA
Manes.07G128800.v8.1,Manes.07G128800,(1 of 2) PTHR34953:SF1 - ALPHA/BETA HYDROLASE RELATED PROTEIN,brown,NA
Manes.07G128900.v8.1,Manes.07G128900,(1 of 2) PTHR10566//PTHR10566:SF58 - CHAPERONE-ACTIVITY OF BC1 COMPLEX  CABC1 -RELATED // PROTEIN D2023.6,brown,NA
Manes.07G129000.v8.1,Manes.07G129000,(1 of 3) PTHR14209//PTHR14209:SF8 - ISOAMYL ACETATE-HYDROLYZING ESTERASE 1 // GDSL ESTERASE/LIPASE CPRD49,brown,NA
Manes.07G129600.v8.1,Manes.07G129600,(1 of 2) PTHR33469:SF5 - PROTEIN EARLY FLOWERING 4,brown,NA
Manes.07G130000.v8.1,Manes.07G130000,(1 of 2) PTHR24058:SF56 - HYPOTHETICAL SER-THR PROTEIN KINASE-RELATED,brown,NA
Manes.07G131200.v8.1,Manes.07G131200,(1 of 1) K03348 - anaphase-promoting complex subunit 1 (APC1),yellow,NA
Manes.07G137200.v8.1,Manes.07G137200,(1 of 1) PTHR22950//PTHR22950:SF289 - AMINO ACID TRANSPORTER // SUBFAMILY NOT NAMED,yellow,NA
Manes.07G138700.v8.1,Manes.07G138700,(1 of 2) PTHR11654//PTHR11654:SF155 - OLIGOPEPTIDE TRANSPORTER-RELATED // PROTEIN NRT1/ PTR FAMILY 5.1,brown,NA
Manes.07G144101.v8.1,Manes.07G144101,(1 of 3) K15437 - aminoacyl tRNA synthase complex-interacting multifunctional protein 1 (AIMP1; ARC1),floralwhite,NA
Manes.07G142000.v8.1,Manes.07G142000,(1 of 5) PF11331 - Probable zinc-ribbon domain (zinc_ribbon_12),brown,NA
Manes.07G141600.v8.1,Manes.07G141600,(1 of 1) PTHR11935:SF94 - PROTEIN Y17G7B.3,brown,NA
Manes.08G001000.v8.1,Manes.08G001000,,yellow,NA
Manes.08G001700.v8.1,Manes.08G001700,(1 of 2) PTHR28630//PTHR28630:SF5 - FAMILY NOT NAMED // THIOREDOXIN-LIKE PROTEIN AAED1; CHLOROPLASTIC,yellow,NA
Manes.08G002402.v8.1,Manes.08G002402,(1 of 9) PF09459 - Ethylbenzene dehydrogenase (EB_dh),brown,NA
Manes.08G002700.v8.1,Manes.08G002700,(1 of 3) PTHR31356:SF10 - L-ASCORBATE PEROXIDASE 2; CYTOSOLIC,brown,NA
Manes.08G002800.v8.1,Manes.08G002800,(1 of 6) PF07714//PF12819 - Protein tyrosine kinase (Pkinase_Tyr) // Carbohydrate-binding protein of the ER (Malectin_like),brown,NA
Manes.08G002900.v8.1,Manes.08G002900,(1 of 3) PTHR11064//PTHR11064:SF27 - CCAAT-BINDING TRANSCRIPTION FACTOR-RELATED // NUCLEAR TRANSCRIPTION FACTOR Y SUBUNIT B-2-RELATED,yellow,NA
Manes.08G003200.v8.1,Manes.08G003200,(1 of 1) K10737 - DNA helicase MCM8 [EC:3.6.4.12] (MCM8),brown,NA
Manes.08G006400.v8.1,Manes.08G006400,(1 of 6) KOG4265 - Predicted E3 ubiquitin ligase,skyblue3,NA
Manes.08G007000.v8.1,Manes.08G007000,(1 of 3) K02870 - large subunit ribosomal protein L12e (RP-L12e; RPL12),brown,NA
Manes.08G007100.v8.1,Manes.08G007100,(1 of 3) PTHR13061//PTHR13061:SF9 - DYNACTIN SUBUNIT P25 // SUBFAMILY NOT NAMED,yellow,NA
Manes.08G008000.v8.1,Manes.08G008000,(1 of 8) K11294 - nucleolin (NCL; NSR1),brown,NA
Manes.08G013300.v8.1,Manes.08G013300,(1 of 2) 6.3.5.2 - GMP synthase (glutamine-hydrolyzing) / GMP synthetase (glutamine-hydrolyzing),yellow,NA
Manes.08G013802.v8.1,Manes.08G013802,(1 of 1) PTHR23120//PTHR23120:SF20 - MAESTRO-RELATED HEAT DOMAIN-CONTAINING // SUBFAMILY NOT NAMED,brown,NA
Manes.08G015700.v8.1,Manes.08G015700,(1 of 2) K18655 - ATP-dependent RNA helicase DDX19/DBP5 [EC:3.6.4.13] (DDX19; DBP5),brown,NA
Manes.08G017000.v8.1,Manes.08G017000,(1 of 1) PTHR13683//PTHR13683:SF350 - ASPARTYL PROTEASES // EUKARYOTIC ASPARTYL PROTEASE FAMILY PROTEIN,brown,NA
Manes.08G017200.v8.1,Manes.08G017200,(1 of 1) PTHR21737:SF4 - CACTIN,brown,NA
Manes.08G018100.v8.1,Manes.08G018100,(1 of 2) PTHR14255//PTHR14255:SF5 - ATP-DEPENDENT PROTEASE  CEREBLON // SUBFAMILY NOT NAMED,yellow,NA
Manes.08G019600.v8.1,Manes.08G019600,(1 of 12) PF05003//PF11961 - Protein of unknown function (DUF668) (DUF668) // Domain of unknown function (DUF3475) (DUF3475),brown,NA
Manes.08G020700.v8.1,Manes.08G020700,(1 of 2) PTHR10015:SF164 - HEAT STRESS TRANSCRIPTION FACTOR A-3,brown,NA
Manes.08G020900.v8.1,Manes.08G020900,(1 of 1) K14847 - ribosome production factor 2 (RPF2),yellow,NA
Manes.08G021100.v8.1,Manes.08G021100,(1 of 3) PTHR33285:SF2 - PHYTOSULFOKINES 6-RELATED,brown,NA
Manes.08G022400.v8.1,Manes.08G022400,(1 of 2) PTHR10357//PTHR10357:SF141 - ALPHA-AMYLASE // 1;4-ALPHA-GLUCAN-BRANCHING ENZYME 2-1; CHLOROPLASTIC/AMYLOPLASTIC-RELATED,brown,carb
Manes.08G025000.v8.1,Manes.08G025000,(1 of 2) PTHR19920//PTHR19920:SF0 - WD40 PROTEIN CIAO1 // CYTOSOLIC IRON-SULFUR PROTEIN ASSEMBLY PROTEIN CIAO1-RELATED,brown,NA
Manes.08G025600.v8.1,Manes.08G025600,(1 of 1) PTHR11220//PTHR11220:SF22 - HEME-BINDING PROTEIN-RELATED // SUBFAMILY NOT NAMED,brown,NA
Manes.08G027400.v8.1,Manes.08G027400,(1 of 4) K02927//K08770 - large subunit ribosomal protein L40e (RP-L40e; RPL40) // ubiquitin C (UBC),yellow,NA
Manes.08G030200.v8.1,Manes.08G030200,(1 of 27) 1.1.1.331 - Secoisolariciresinol dehydrogenase,brown,NA
Manes.08G030800.v8.1,Manes.08G030800,(1 of 2) PTHR24067//PTHR24067:SF117 - UBIQUITIN-CONJUGATING ENZYME E2 // UBIQUITIN-CONJUGATING ENZYME E2 VARIANT 1D,yellow,NA
Manes.08G032200.v8.1,Manes.08G032200,(1 of 2) PF09758 - Uncharacterised conserved protein (FPL),skyblue3,NA
Manes.08G032300.v8.1,Manes.08G032300,(1 of 2) PTHR11638//PTHR11638:SF69 - ATP-DEPENDENT CLP PROTEASE // SUBFAMILY NOT NAMED,brown,NA
Manes.08G033100.v8.1,Manes.08G033100,(1 of 1) K11268 - N-acetyltransferase [EC:2.3.1.-] (ESCO; ECO1),yellow,NA
Manes.08G033200.v8.1,Manes.08G033200,(1 of 1) K15170 - mediator of RNA polymerase II transcription subunit 27 (MED27),brown,NA
Manes.08G033400.v8.1,Manes.08G033400,(1 of 26) PF00560//PF07714//PF08263//PF13855 - Leucine Rich Repeat (LRR_1) // Protein tyrosine kinase (Pkinase_Tyr) // Leucine rich repeat N-terminal domain (LRRNT_2) // Leucine rich repeat (LRR_8),yellow,NA
Manes.08G035600.v8.1,Manes.08G035600,(1 of 5) PTHR31182:SF2 - F26K24.5 PROTEIN,brown,NA
Manes.08G036000.v8.1,Manes.08G036000,(1 of 2) PTHR34560:SF1 - POLYKETIDE CYCLASE/DEHYDRASE AND LIPID TRANSPORT SUPERFAMILY PROTEIN,yellow,NA
Manes.08G036300.v8.1,Manes.08G036300,(1 of 2) PTHR24349:SF161 - CALCIUM-DEPENDENT PROTEIN KINASE 1-RELATED,yellow,NA
Manes.08G037000.v8.1,Manes.08G037000,(1 of 3) 3.1.3.24 - Sucrose-phosphate phosphatase / Sucrose-6-phosphate phosphatase,brown,carb
Manes.08G037300.v8.1,Manes.08G037300,(1 of 3) PTHR24349:SF81 - CALCIUM-DEPENDENT PROTEIN KINASE 20,yellow,NA
Manes.08G038800.v8.1,Manes.08G038800,(1 of 1) PTHR12917//PTHR12917:SF19 - ASPARTYL PROTEASE DDI-RELATED // SUBFAMILY NOT NAMED,yellow,NA
Manes.08G038900.v8.1,Manes.08G038900,(1 of 1) PTHR13200//PTHR13200:SF0 - UNCHARACTERIZED // N(6)-ADENINE-SPECIFIC DNA METHYLTRANSFERASE 2,yellow,NA
Manes.08G040700.v8.1,Manes.08G040700,(1 of 4) K11594 - ATP-dependent RNA helicase DDX3X (DDX3X; bel),floralwhite,NA
Manes.08G041300.v8.1,Manes.08G041300,(1 of 2) K02889 - large subunit ribosomal protein L21e (RP-L21e; RPL21),yellow,NA
Manes.08G045000.v8.1,Manes.08G045000,(1 of 2) PTHR14110//PTHR14110:SF4 - MITOCHONDRIAL IMPORT INNER MEMBRANE TRANSLOCASE SUBUNIT TIM22 // OUTER ENVELOPE PORE PROTEIN 16-3; CHLOROPLASTIC/MITOCHONDRIAL,yellow,NA
Manes.08G045200.v8.1,Manes.08G045200,(1 of 2) PTHR34055:SF4 - EXPRESSED PROTEIN,yellow,NA
Manes.08G045600.v8.1,Manes.08G045600,(1 of 2) PTHR24078//PTHR24078:SF193 - DNAJ HOMOLOG SUBFAMILY C MEMBER // DNAJ HOMOLOG SUBFAMILY C MEMBER 2,yellow,NA
Manes.08G048400.v8.1,Manes.08G048400,,yellow,NA
Manes.08G051000.v8.1,Manes.08G051000,(1 of 3) K00559 - sterol 24-C-methyltransferase (E2.1.1.41; SMT1; ERG6),brown,NA
Manes.08G054000.v8.1,Manes.08G054000,,brown,NA
Manes.08G056100.v8.1,Manes.08G056100,(1 of 3) PTHR10891//PTHR10891:SF573 - EF-HAND CALCIUM-BINDING DOMAIN CONTAINING PROTEIN // CALCIUM-BINDING PROTEIN CML24-RELATED,floralwhite,NA
Manes.08G056700.v8.1,Manes.08G056700,(1 of 1) 1.3.2.3//1.6.5.3 - L-galactonolactone dehydrogenase / L-galactono-gamma-lactone dehydrogenase // NADH:ubiquinone reductase (H(+)-translocating) / Ubiquinone reductase,brown,NA
Manes.08G060000.v8.1,Manes.08G060000,(1 of 2) PTHR22950:SF269 - EXPRESSED PROTEIN,brown,NA
Manes.08G064700.v8.1,Manes.08G064700,(1 of 1) K13176 - THO complex subunit 7 (THOC7),brown,NA
Manes.08G066900.v8.1,Manes.08G066900,(1 of 1) PTHR14155//PTHR14155:SF151 - RING FINGER DOMAIN-CONTAINING // SUBFAMILY NOT NAMED,brown,NA
Manes.08G067400.v8.1,Manes.08G067400,(1 of 5) PTHR23050:SF166 - CALMODULIN-5,yellow,NA
Manes.08G069932.v8.1,Manes.08G069932,(1 of 2) PTHR22814//PTHR22814:SF94 - COPPER TRANSPORT PROTEIN ATOX1-RELATED // SUBFAMILY NOT NAMED,brown,NA
Manes.08G071100.v8.1,Manes.08G071100,(1 of 1) PTHR31636:SF35 - SCARECROW-LIKE PROTEIN 23,yellow,NA
Manes.08G074200.v8.1,Manes.08G074200,(1 of 25) PF00651//PF03000 - BTB/POZ domain (BTB) // NPH3 family (NPH3),skyblue3,NA
Manes.08G076200.v8.1,Manes.08G076200,(1 of 3) PTHR23324//PTHR23324:SF79 - SEC14 RELATED PROTEIN // SUBFAMILY NOT NAMED,floralwhite,NA
Manes.08G075300.v8.1,Manes.08G075300,(1 of 9) 3.4.17.23 - Angiotensin-converting enzyme 2 / Angiotensin converting enzyme-2,yellow,NA
Manes.08G076950.v8.1,Manes.08G076950,(1 of 6) K07901 - Ras-related protein Rab-8A (RAB8A; MEL),yellow,NA
Manes.08G156081.v8.1,Manes.08G156081,(1 of 2) PTHR14155:SF180 - RING/U-BOX DOMAIN-CONTAINING PROTEIN-RELATED,brown,NA
Manes.08G084400.v8.1,Manes.08G084400,(1 of 3) K18551 - pyrimidine and pyridine-specific 5'-nucleotidase (SDT1),yellow,NA
Manes.08G082622.v8.1,Manes.08G082622,(1 of 1) PTHR11527//PTHR11527:SF153 - SMALL HEAT-SHOCK PROTEIN  HSP20  FAMILY // SUBFAMILY NOT NAMED,brown,NA
Manes.08G083100.v8.1,Manes.08G083100,(1 of 4) PTHR23012//PTHR23012:SF87 - MEMBRANE ASSOCIATED RING FINGER // RING/FYVE/PHD ZINC FINGER-CONTAINING PROTEIN,brown,NA
Manes.08G086700.v8.1,Manes.08G086700,(1 of 1) PTHR15852//PTHR15852:SF20 - FAMILY NOT NAMED // CHAPERONE PROTEIN DNAJ-LIKE PROTEIN,brown,NA
Manes.08G089250.v8.1,Manes.08G089250,(1 of 2) K06119 - sulfoquinovosyltransferase (SQD2),skyblue3,NA
Manes.08G092100.v8.1,Manes.08G092100,(1 of 2) PTHR31503:SF1 - VACUOLAR CATION/PROTON EXCHANGER 1-RELATED,floralwhite,NA
Manes.08G092600.v8.1,Manes.08G092600,(1 of 2) PTHR12321//PTHR12321:SF46 - CPG BINDING PROTEIN // SUBFAMILY NOT NAMED,yellow,NA
Manes.08G092800.v8.1,Manes.08G092800,(1 of 2) PTHR24349//PTHR24349:SF145 - SERINE/THREONINE-PROTEIN KINASE // SUBFAMILY NOT NAMED,yellow,NA
Manes.08G093500.v8.1,Manes.08G093500,(1 of 4) 3.1.3.66 - Phosphatidylinositol-3;4-bisphosphate 4-phosphatase / Phosphoinositide 4-phosphatase,brown,NA
Manes.08G096900.v8.1,Manes.08G096900,(1 of 2) PTHR31241:SF2 - DEHYDRATION-RESPONSIVE ELEMENT-BINDING PROTEIN 2A-RELATED,brown,NA
Manes.08G101300.v8.1,Manes.08G101300,(1 of 196) PF00847 - AP2 domain (AP2),brown,NA
Manes.08G101500.v8.1,Manes.08G101500,(1 of 2) K09602 - ubiquitin thioesterase protein OTUB1 [EC:3.4.19.12] (OTUB1),brown,NA
Manes.08G103900.v8.1,Manes.08G103900,,brown,NA
Manes.08G104100.v8.1,Manes.08G104100,(1 of 1) PTHR12506//PTHR12506:SF25 - PROTEIN PHOSPHATASE RELATED // SUBFAMILY NOT NAMED,yellow,NA
Manes.08G105600.v8.1,Manes.08G105600,(1 of 3) PF00646//PF14299 - F-box domain (F-box) // Phloem protein 2 (PP2),brown,NA
Manes.08G107700.v8.1,Manes.08G107700,(1 of 2) PTHR34451:SF2 - GENOMIC DNA; CHROMOSOME 3; P1 CLONE:MTO12,yellow,NA
Manes.08G108000.v8.1,Manes.08G108000,(1 of 2) PTHR32227//PTHR32227:SF118 - FAMILY NOT NAMED // CARBOHYDRATE-BINDING X8 DOMAIN-CONTAINING PROTEIN,brown,carb
Manes.08G110200.v8.1,Manes.08G110200,(1 of 4) 3.1.26.11 - Ribonuclease Z / tRNase Z,yellow,NA
Manes.08G111900.v8.1,Manes.08G111900,(1 of 13) K01507 - inorganic pyrophosphatase (ppa),brown,NA
Manes.08G116100.v8.1,Manes.08G116100,(1 of 1) K02883//K07575 - large subunit ribosomal protein L18e (RP-L18e; RPL18) // PUA domain protein (K07575),floralwhite,NA
Manes.08G116611.v8.1,Manes.08G116611,(1 of 2) PTHR12899//PTHR12899:SF10 - 39S RIBOSOMAL PROTEIN L18; MITOCHONDRIAL // SUBFAMILY NOT NAMED,skyblue3,NA
Manes.08G117400.v8.1,Manes.08G117400,(1 of 4) K02937 - large subunit ribosomal protein L7e (RP-L7e; RPL7),brown,NA
Manes.08G117800.v8.1,Manes.08G117800,(1 of 5) PF05755 - Rubber elongation factor protein (REF) (REF),brown,NA
Manes.08G118100.v8.1,Manes.08G118100,(1 of 1) K10994 - cell cycle checkpoint control protein RAD9A [EC:3.1.11.2] (RAD9A),floralwhite,NA
Manes.08G118300.v8.1,Manes.08G118300,(1 of 2) K02971 - small subunit ribosomal protein S21e (RP-S21e; RPS21),yellow,NA
Manes.08G118700.v8.1,Manes.08G118700,(1 of 1) PTHR19375:SF219 - MEDIATOR OF RNA POLYMERASE II TRANSCRIPTION SUBUNIT 37A-RELATED,brown,NA
Manes.08G119400.v8.1,Manes.08G119400,(1 of 1) PTHR12549:SF17 - WRC; ZF-4CXXC-R1 TRANSCRIPTION FACTOR AND JUMONJI DOMAIN-CONTAINING PROTEIN,yellow,NA
Manes.08G119900.v8.1,Manes.08G119900,,yellow,NA
Manes.08G122800.v8.1,Manes.08G122800,(1 of 2) PTHR22814//PTHR22814:SF134 - COPPER TRANSPORT PROTEIN ATOX1-RELATED // COPPER-BINDING FAMILY PROTEIN-RELATED,yellow,NA
Manes.08G127300.v8.1,Manes.08G127300,(1 of 2) 2.5.1.52 - L-mimosine synthase / O(3)-acetyl-L-serine acetate-lyase (adding 3;4-dihydroxypyridin-1-yl),brown,NA
Manes.08G128400.v8.1,Manes.08G128400,(1 of 15) PF05910 - Plant protein of unknown function (DUF868) (DUF868),yellow,NA
Manes.08G133100.v8.1,Manes.08G133100,(1 of 1) K01456 - peptide-N4-(N-acetyl-beta-glucosaminyl)asparagine amidase (E3.5.1.52; NGLY1; PNG1),brown,NA
Manes.08G133800.v8.1,Manes.08G133800,(1 of 10) 1.1.1.317 - Perakine reductase,yellow,NA
Manes.08G134300.v8.1,Manes.08G134300,,brown,NA
Manes.08G135700.v8.1,Manes.08G135700,(1 of 2) K09550 - prefoldin subunit 4 (PFDN4),brown,NA
Manes.08G136000.v8.1,Manes.08G136000,(1 of 1) PTHR22904//PTHR22904:SF361 - TPR REPEAT CONTAINING PROTEIN // SUBFAMILY NOT NAMED,yellow,NA
Manes.08G136200.v8.1,Manes.08G136200,(1 of 1) PTHR11467//PTHR11467:SF48//PTHR11467:SF54 - HISTONE H1/H5 // HISTONE H1.1-RELATED // SUBFAMILY NOT NAMED,yellow,NA
Manes.08G140000.v8.1,Manes.08G140000,(1 of 1) PTHR13132:SF29 - ALPHA-(1;6)-FUCOSYLTRANSFERASE,yellow,NA
Manes.08G146901.v8.1,Manes.08G146901,(1 of 4) PTHR23315//PTHR23315:SF80 - BETA CATENIN-RELATED ARMADILLO REPEAT-CONTAINING // SUBFAMILY NOT NAMED,yellow,NA
Manes.08G147900.v8.1,Manes.08G147900,(1 of 1) PF14200 - Ricin-type beta-trefoil lectin domain-like (RicinB_lectin_2),yellow,NA
Manes.08G148200.v8.1,Manes.08G148200,(1 of 2) PTHR10438//PTHR10438:SF245 - THIOREDOXIN // THIOREDOXIN-LIKE 1-1; CHLOROPLASTIC-RELATED,brown,NA
Manes.08G148900.v8.1,Manes.08G148900,,yellow,NA
Manes.08G145800.v8.1,Manes.08G145800,(1 of 3) PTHR19957//PTHR19957:SF131 - SYNTAXIN // SUBFAMILY NOT NAMED,brown,NA
Manes.08G145900.v8.1,Manes.08G145900,,brown,NA
Manes.08G150800.v8.1,Manes.08G150800,(1 of 3) K04505 - presenilin 1 (PSEN1; PS1),brown,NA
Manes.08G156200.v8.1,Manes.08G156200,(1 of 52) PF00385 - Chromo (CHRromatin Organisation MOdifier) domain (Chromo),floralwhite,NA
Manes.08G157900.v8.1,Manes.08G157900,(1 of 2) PTHR31956//PTHR31956:SF1 - FAMILY NOT NAMED // NON-SPECIFIC PHOSPHOLIPASE C3-RELATED,brown,NA
Manes.08G161900.v8.1,Manes.08G161900,(1 of 11) PF01612 - 3'-5' exonuclease (DNA_pol_A_exo1),brown,NA
Manes.08G163500.v8.1,Manes.08G163500,(1 of 3) PTHR11711//PTHR11711:SF168 - ADP RIBOSYLATION FACTOR-RELATED // ADP-RIBOSYLATION FACTOR B1C,yellow,NA
Manes.08G166600.v8.1,Manes.08G166600,(1 of 2) PTHR31087:SF22 - PROTEIN LURP-ONE-RELATED 8,brown,NA
Manes.08G169500.v8.1,Manes.08G169500,(1 of 26) PF00069//PF00560//PF08263 - Protein kinase domain (Pkinase) // Leucine Rich Repeat (LRR_1) // Leucine rich repeat N-terminal domain (LRRNT_2),yellow,NA
Manes.08G169600.v8.1,Manes.08G169600,(1 of 3) PF06548 - Kinesin-related (Kinesin-related),brown,NA
Manes.08G170200.v8.1,Manes.08G170200,(1 of 1) PTHR31451//PTHR31451:SF17 - FAMILY NOT NAMED // MANNAN ENDO-1;4-BETA-MANNOSIDASE 6,yellow,carb
Manes.08G172200.v8.1,Manes.08G172200,(1 of 2) PTHR23257//PTHR23257:SF531 - SERINE-THREONINE PROTEIN KINASE // PROTEIN KINASE ATN1-LIKE PROTEIN,brown,NA
Manes.08G172311.v8.1,Manes.08G172311,,brown,NA
Manes.08G173500.v8.1,Manes.08G173500,(1 of 2) PTHR23315//PTHR23315:SF63 - BETA CATENIN-RELATED ARMADILLO REPEAT-CONTAINING // U-BOX DOMAIN-CONTAINING PROTEIN 16,yellow,NA
Manes.08G173400.v8.1,Manes.08G173400,(1 of 2) PTHR24347//PTHR24347:SF189 - SERINE/THREONINE-PROTEIN KINASE // SUBFAMILY NOT NAMED,yellow,NA
Manes.08G173300.v8.1,Manes.08G173300,(1 of 5) PTHR24347//PTHR24347:SF167 - SERINE/THREONINE-PROTEIN KINASE // CBL-INTERACTING SERINE/THREONINE-PROTEIN KINASE 2,brown,NA
Manes.08G172700.v8.1,Manes.08G172700,,yellow,NA
Manes.09G001500.v8.1,Manes.09G001500,(1 of 1) PTHR22883//PTHR22883:SF15 - ZINC FINGER DHHC DOMAIN CONTAINING PROTEIN // PROTEIN S-ACYLTRANSFERASE 19-RELATED,yellow,NA
Manes.09G001501.v8.1,Manes.09G001501,,brown,NA
Manes.09G000800.v8.1,Manes.09G000800,(1 of 5) PTHR23050//PTHR23050:SF166 - CALCIUM BINDING PROTEIN // CALMODULIN-5,yellow,NA
Manes.09G000500.v8.1,Manes.09G000500,(1 of 2) 3.6.4.8 - Proteasome ATPase / RP triple-A protein,yellow,NA
Manes.09G002000.v8.1,Manes.09G002000,(1 of 1) KOG0148//KOG4205 - Apoptosis-promoting RNA-binding protein TIA-1/TIAR (RRM superfamily) // RNA-binding protein musashi/mRNA cleavage and polyadenylation factor I complex; subunit HRP1,yellow,NA
Manes.09G003700.v8.1,Manes.09G003700,(1 of 1) PTHR12917//PTHR12917:SF20 - ASPARTYL PROTEASE DDI-RELATED // SUBFAMILY NOT NAMED,floralwhite,NA
Manes.09G004100.v8.1,Manes.09G004100,(1 of 1) PTHR22426//PTHR22426:SF1 - UNCHARACTERIZED // LYSINE-RICH NUCLEOLAR PROTEIN 1,yellow,NA
Manes.09G005300.v8.1,Manes.09G005300,(1 of 5) K01527 - nascent polypeptide-associated complex subunit beta (EGD1; BTF3),yellow,NA
Manes.09G008802.v8.1,Manes.09G008802,,brown,NA
Manes.09G010000.v8.1,Manes.09G010000,(1 of 1) K03860 - phosphatidylinositol glycan; class Q (PIGQ; GPI1),yellow,carb
Manes.09G010900.v8.1,Manes.09G010900,(1 of 4) PTHR13878//PTHR13878:SF53 - GULONOLACTONE OXIDASE // CYTOKININ DEHYDROGENASE 6,skyblue3,NA
Manes.09G011100.v8.1,Manes.09G011100,(1 of 1) PTHR22942:SF41 - DNA REPAIR PROTEIN RECA HOMOLOG 2; MITOCHONDRIAL,skyblue3,NA
Manes.09G011668.v8.1,Manes.09G011668,(1 of 599) PF13041 - PPR repeat family (PPR_2),yellow,NA
Manes.09G011688.v8.1,Manes.09G011688,(1 of 599) PF13041 - PPR repeat family (PPR_2),skyblue3,NA
Manes.09G011961.v8.1,Manes.09G011961,(1 of 599) PF13041 - PPR repeat family (PPR_2),yellow,NA
Manes.09G012500.v8.1,Manes.09G012500,(1 of 599) PF13041 - PPR repeat family (PPR_2),yellow,NA
Manes.09G014860.v8.1,Manes.09G014860,(1 of 599) PF13041 - PPR repeat family (PPR_2),brown,NA
Manes.09G015800.v8.1,Manes.09G015800,,brown,NA
Manes.09G016699.v8.1,Manes.09G016699,(1 of 599) PF13041 - PPR repeat family (PPR_2),floralwhite,NA
Manes.09G016800.v8.1,Manes.09G016800,(1 of 599) PF13041 - PPR repeat family (PPR_2),brown,NA
Manes.09G018460.v8.1,Manes.09G018460,(1 of 599) PF13041 - PPR repeat family (PPR_2),yellow,NA
Manes.09G018700.v8.1,Manes.09G018700,(1 of 599) PF13041 - PPR repeat family (PPR_2),brown,NA
Manes.09G020400.v8.1,Manes.09G020400,(1 of 1) 3.6.3.32 - Quaternary-amine-transporting ATPase,yellow,NA
Manes.09G023700.v8.1,Manes.09G023700,(1 of 1) PTHR13301//PTHR13301:SF64 - X-BOX TRANSCRIPTION FACTOR-RELATED // SUBFAMILY NOT NAMED,brown,carb
Manes.09G029400.v8.1,Manes.09G029400,(1 of 10) PTHR10593//PTHR10593:SF27 - SERINE/THREONINE-PROTEIN KINASE RIO // SUBFAMILY NOT NAMED,skyblue3,NA
Manes.09G031600.v8.1,Manes.09G031600,(1 of 1) PTHR10024:SF236 - ANTHRANILATE PHOSPHORIBOSYLTRANSFERASE-LIKE PROTEIN,yellow,NA
Manes.09G031900.v8.1,Manes.09G031900,(1 of 5) PTHR10024//PTHR10024:SF243 - SYNAPTOTAGMIN // ANTHRANILATE PHOSPHORIBOSYLTRANSFERASE-LIKE PROTEIN,skyblue3,NA
Manes.09G032200.v8.1,Manes.09G032200,(1 of 1) PTHR14894//PTHR14894:SF0 - CDK5 REGULATORY SUBUNIT-ASSOCIATED PROTEIN 3 // CDK5 REGULATORY SUBUNIT-ASSOCIATED PROTEIN 3,brown,NA
Manes.09G035100.v8.1,Manes.09G035100,(1 of 2) 1.14.19.6 - Delta(12)-fatty-acid desaturase / Oleoyl-CoA Delta(12) desaturase,yellow,NA
Manes.09G036600.v8.1,Manes.09G036600,(1 of 1) PF00046//PF02183//PF03101//PF04618 - Homeobox domain (Homeobox) // Homeobox associated leucine zipper (HALZ) // FAR1 DNA-binding domain (FAR1) // HD-ZIP protein N terminus (HD-ZIP_N),brown,NA
Manes.09G037300.v8.1,Manes.09G037300,(1 of 1) K16570 - gamma-tubulin complex component 3 (TUBGCP3; GCP3),yellow,NA
Manes.09G038600.v8.1,Manes.09G038600,,brown,NA
Manes.09G039200.v8.1,Manes.09G039200,(1 of 2) K02889 - large subunit ribosomal protein L21e (RP-L21e; RPL21),brown,NA
Manes.09G042100.v8.1,Manes.09G042100,(1 of 3) 3.1.3.24 - Sucrose-phosphate phosphatase / Sucrose-6-phosphate phosphatase,brown,carb
Manes.09G042800.v8.1,Manes.09G042800,,brown,NA
Manes.09G043700.v8.1,Manes.09G043700,,brown,NA
Manes.09G045200.v8.1,Manes.09G045200,(1 of 9) PF00560//PF07714//PF08263 - Leucine Rich Repeat (LRR_1) // Protein tyrosine kinase (Pkinase_Tyr) // Leucine rich repeat N-terminal domain (LRRNT_2),skyblue3,NA
Manes.09G049300.v8.1,Manes.09G049300,(1 of 8) PF00076//PF00098 - RNA recognition motif. (a.k.a. RRM; RBD; or RNP domain) (RRM_1) // Zinc knuckle (zf-CCHC),floralwhite,NA
Manes.09G050000.v8.1,Manes.09G050000,(1 of 27) 1.1.1.331 - Secoisolariciresinol dehydrogenase,yellow,NA
Manes.09G051000.v8.1,Manes.09G051000,(1 of 1) 3.5.5.4//4.2.1.65 - Cyanoalanine nitrilase // 3-cyanoalanine hydratase,yellow,NA
Manes.09G053800.v8.1,Manes.09G053800,(1 of 1) K11099 - small nuclear ribonucleoprotein G (SNRPG; SMG),yellow,NA
Manes.09G054400.v8.1,Manes.09G054400,(1 of 5) K13161 - heterogeneous nuclear ribonucleoprotein R (HNRNPR),brown,NA
Manes.09G056602.v8.1,Manes.09G056602,(1 of 14) PTHR10634 - AN1-TYPE ZINC FINGER PROTEIN,brown,NA
Manes.09G056700.v8.1,Manes.09G056700,(1 of 1) PTHR12264:SF21 - TRANSCRIPTION INITIATION FACTOR TFIID SUBUNIT 12,brown,NA
Manes.09G058676.v8.1,Manes.09G058676,(1 of 2) PTHR10357//PTHR10357:SF141 - ALPHA-AMYLASE // 1;4-ALPHA-GLUCAN-BRANCHING ENZYME 2-1; CHLOROPLASTIC/AMYLOPLASTIC-RELATED,brown,carb
Manes.09G059028.v8.1,Manes.09G059028,(1 of 2) PTHR10015//PTHR10015:SF164 - HEAT SHOCK TRANSCRIPTION FACTOR // HEAT STRESS TRANSCRIPTION FACTOR A-3,brown,NA
Manes.09G065200.v8.1,Manes.09G065200,(1 of 3) PTHR11964:SF15 - S-ADENOSYLMETHIONINE SYNTHASE 3,yellow,NA
Manes.09G066900.v8.1,Manes.09G066900,(1 of 2) KOG3918 - Predicted membrane protein,brown,NA
Manes.09G067800.v8.1,Manes.09G067800,(1 of 8) K11294 - nucleolin (NCL; NSR1),brown,NA
Manes.09G068812.v8.1,Manes.09G068812,(1 of 4) K02152 - V-type H+-transporting ATPase subunit G (ATPeV1G; ATP6G),floralwhite,NA
Manes.09G073810.v8.1,Manes.09G073810,(1 of 2) PTHR31235:SF11 - PEROXIDASE 21,brown,NA
Manes.09G075494.v8.1,Manes.09G075494,(1 of 3) PTHR27007:SF47 - L-TYPE LECTIN-DOMAIN CONTAINING RECEPTOR KINASE VIII.1-RELATED,yellow,carb
Manes.09G081400.v8.1,Manes.09G081400,(1 of 4) PTHR32295:SF32 - PROTEIN IQ-DOMAIN 3-RELATED,floralwhite,NA
Manes.09G079800.v8.1,Manes.09G079800,(1 of 2) PTHR12802//PTHR12802:SF52 - SWI/SNF COMPLEX-RELATED // PROTEIN REVEILLE 4-RELATED,floralwhite,NA
Manes.09G070900.v8.1,Manes.09G070900,(1 of 2) PTHR28630:SF5 - THIOREDOXIN-LIKE PROTEIN AAED1; CHLOROPLASTIC,yellow,NA
Manes.09G071800.v8.1,Manes.09G071800,,yellow,NA
Manes.09G072000.v8.1,Manes.09G072000,(1 of 5) K12896 - splicing factor; arginine/serine-rich 7 (SFRS7),yellow,NA
Manes.09G074200.v8.1,Manes.09G074200,(1 of 1) PTHR35118:SF2 - PROTEIN KINASE FAMILY PROTEIN,yellow,NA
Manes.09G073000.v8.1,Manes.09G073000,(1 of 3) K02901 - large subunit ribosomal protein L27e (RP-L27e; RPL27),yellow,NA
Manes.09G072900.v8.1,Manes.09G072900,(1 of 1) PTHR18937//PTHR18937:SF225 - STRUCTURAL MAINTENANCE OF CHROMOSOMES SMC FAMILY MEMBER // SUBFAMILY NOT NAMED,brown,NA
Manes.09G077400.v8.1,Manes.09G077400,(1 of 1) PTHR32133:SF121 - F-BOX PROTEIN CPR30,brown,NA
Manes.09G077457.v8.1,Manes.09G077457,(1 of 29) PF00646//PF07734 - F-box domain (F-box) // F-box associated (FBA_1),brown,NA
Manes.09G075238.v8.1,Manes.09G075238,(1 of 11) K14411 - RNA-binding protein Musashi (MSI),yellow,NA
Manes.09G077799.v8.1,Manes.09G077799,(1 of 3) 2.4.1.10 - Levansucrase / Sucrose 6-fructosyltransferase,brown,carb
Manes.09G084700.v8.1,Manes.09G084700,(1 of 1) K13216 - nuclear inhibitor of protein phosphatase 1 [EC:3.1.4.-] (PPP1R8; NIPP1),yellow,NA
Manes.09G084900.v8.1,Manes.09G084900,(1 of 37) PF03000 - NPH3 family (NPH3),skyblue3,NA
Manes.09G085000.v8.1,Manes.09G085000,(1 of 1) PTHR21297//PTHR21297:SF2 - DNA-DIRECTED RNA POLYMERASE II // DNA-DIRECTED RNA POLYMERASES IV AND V SUBUNIT 4,brown,NA
Manes.09G086600.v8.1,Manes.09G086600,(1 of 6) K07901 - Ras-related protein Rab-8A (RAB8A; MEL),yellow,NA
Manes.09G086700.v8.1,Manes.09G086700,,yellow,NA
Manes.09G086900.v8.1,Manes.09G086900,(1 of 259) PF00076 - RNA recognition motif. (a.k.a. RRM; RBD; or RNP domain) (RRM_1),floralwhite,NA
Manes.09G087400.v8.1,Manes.09G087400,(1 of 1) K12492 - ADP-ribosylation factor GTPase-activating protein 1 (ARFGAP1),brown,NA
Manes.09G091100.v8.1,Manes.09G091100,(1 of 1) PTHR21562:SF6 - PECTINACETYLESTERASE FAMILY PROTEIN,yellow,NA
Manes.09G091500.v8.1,Manes.09G091500,(1 of 52) PF01535//PF13041//PF13812 - PPR repeat (PPR) // PPR repeat family (PPR_2) // Pentatricopeptide repeat domain (PPR_3),yellow,NA
Manes.09G092000.v8.1,Manes.09G092000,(1 of 2) PTHR37723//PTHR37723:SF1 - FAMILY NOT NAMED // FHL-3,yellow,NA
Manes.09G095700.v8.1,Manes.09G095700,(1 of 1) PTHR13902//PTHR13902:SF5 - SERINE/THREONINE-PROTEIN KINASE WNK  WITH NO LYSINE -RELATED // SUBFAMILY NOT NAMED,brown,NA
Manes.09G095800.v8.1,Manes.09G095800,(1 of 3) PTHR34670:SF3 - EXPRESSED PROTEIN,brown,NA
Manes.09G097500.v8.1,Manes.09G097500,(1 of 2) PTHR11850//PTHR11850:SF82 - HOMEOBOX PROTEIN TRANSCRIPTION FACTORS // BEL1-LIKE HOMEODOMAIN PROTEIN 8-RELATED,yellow,NA
Manes.09G098300.v8.1,Manes.09G098300,(1 of 1) K06700 - proteasome inhibitor subunit 1 (PI31) (PSMF1),brown,NA
Manes.09G098800.v8.1,Manes.09G098800,(1 of 9) PTHR11260//PTHR11260:SF303 - GLUTATHIONE S-TRANSFERASE; GST; SUPERFAMILY; GST DOMAIN CONTAINING // GLUTATHIONE S-TRANSFERASE U1-RELATED,brown,NA
Manes.09G098760.v8.1,Manes.09G098760,(1 of 46) PF00582 - Universal stress protein family (Usp),brown,NA
Manes.09G099500.v8.1,Manes.09G099500,(1 of 4) PF13474 - SnoaL-like domain (SnoaL_3),yellow,NA
Manes.09G101700.v8.1,Manes.09G101700,(1 of 2) K01962 - acetyl-CoA carboxylase carboxyl transferase subunit alpha (accA),brown,NA
Manes.09G107800.v8.1,Manes.09G107800,(1 of 7) K13946 - auxin influx carrier (AUX1 LAX family) (AUX1; LAX),yellow,NA
Manes.09G103700.v8.1,Manes.09G103700,(1 of 2) PTHR31503//PTHR31503:SF1 - FAMILY NOT NAMED // VACUOLAR CATION/PROTON EXCHANGER 1-RELATED,floralwhite,NA
Manes.09G108500.v8.1,Manes.09G108500,(1 of 4) PTHR27004:SF37 - DISEASE RESISTANCE FAMILY PROTEIN/LRR FAMILY PROTEIN-RELATED,brown,NA
Manes.09G109900.v8.1,Manes.09G109900,(1 of 3) K03178 - ubiquitin-activating enzyme E1 (UBE1; UBA1),brown,NA
Manes.09G110400.v8.1,Manes.09G110400,,yellow,NA
Manes.09G110800.v8.1,Manes.09G110800,(1 of 4) PTHR31213:SF3 - ABSCISIC ACID RECEPTOR PYL4,yellow,NA
Manes.09G111300.v8.1,Manes.09G111300,,skyblue3,NA
Manes.09G113600.v8.1,Manes.09G113600,(1 of 2) PTHR12902//PTHR12902:SF12 - WASP-1 // PROTEIN SCAR2-RELATED,brown,NA
Manes.09G116400.v8.1,Manes.09G116400,(1 of 3) PTHR33057//PTHR33057:SF22 - FAMILY NOT NAMED // OVATE FAMILY PROTEIN 1-RELATED,brown,NA
Manes.09G118300.v8.1,Manes.09G118300,(1 of 2) PTHR12668:SF19 - NON-GREEN PLASTID INNER ENVELOPE MEMBRANE PROTEIN-RELATED,yellow,NA
Manes.09G118400.v8.1,Manes.09G118400,(1 of 2) PTHR22765:SF58 - VACUOLAR-SORTING RECEPTOR 1-RELATED,brown,NA
Manes.09G119000.v8.1,Manes.09G119000,(1 of 1) K11664 - vacuolar protein sorting-associated protein 72 (VPS72; TCFL1; YL1),yellow,NA
Manes.09G119100.v8.1,Manes.09G119100,,yellow,NA
Manes.09G119700.v8.1,Manes.09G119700,(1 of 3) 2.7.7.14 - Ethanolamine-phosphate cytidylyltransferase / Phosphorylethanolamine transferase,brown,NA
Manes.09G122300.v8.1,Manes.09G122300,(1 of 2) PTHR31284//PTHR31284:SF9 - FAMILY NOT NAMED // HAD SUPERFAMILY; SUBFAMILY IIIB ACID PHOSPHATASE,yellow,NA
Manes.09G123900.v8.1,Manes.09G123900,,yellow,NA
Manes.09G124400.v8.1,Manes.09G124400,(1 of 1) PTHR21262//PTHR21262:SF7 - GUANOSINE-3';5'-BIS DIPHOSPHATE  3'-PYROPHOSPHOHYDROLASE // SUBFAMILY NOT NAMED,yellow,NA
Manes.09G125200.v8.1,Manes.09G125200,(1 of 259) PF00076 - RNA recognition motif. (a.k.a. RRM; RBD; or RNP domain) (RRM_1),brown,NA
Manes.09G130200.v8.1,Manes.09G130200,(1 of 138) KOG0156 - Cytochrome P450 CYP2 subfamily,brown,NA
Manes.09G134700.v8.1,Manes.09G134700,(1 of 2) PTHR12771//PTHR12771:SF25 - ENGULFMENT AND CELL MOTILITY // SUBFAMILY NOT NAMED,brown,NA
Manes.09G135500.v8.1,Manes.09G135500,(1 of 2) PTHR23180:SF202 - ADP-RIBOSYLATION FACTOR GTPASE-ACTIVATING PROTEIN AGD14-RELATED,brown,NA
Manes.09G137700.v8.1,Manes.09G137700,(1 of 1) K08496 - golgi SNAP receptor complex member 2 (GOSR2; BOS1),yellow,NA
Manes.09G138300.v8.1,Manes.09G138300,,skyblue3,NA
Manes.09G138400.v8.1,Manes.09G138400,(1 of 1) PTHR10910//PTHR10910:SF95 - EUKARYOTE SPECIFIC DSRNA BINDING PROTEIN // DOUBLE-STRANDED RNA-BINDING PROTEIN 4,brown,NA
Manes.09G138900.v8.1,Manes.09G138900,(1 of 1) PTHR10502//PTHR10502:SF127 - ANNEXIN // SUBFAMILY NOT NAMED,yellow,NA
Manes.09G139900.v8.1,Manes.09G139900,(1 of 4) PTHR10641//PTHR10641:SF455 - MYB-LIKE DNA-BINDING PROTEIN MYB // SUBFAMILY NOT NAMED,yellow,NA
Manes.09G142000.v8.1,Manes.09G142000,(1 of 1) PTHR11122:SF15 - NDH-DEPENDENT CYCLIC ELECTRON FLOW 5,brown,NA
Manes.09G143400.v8.1,Manes.09G143400,(1 of 2) PTHR31150:SF9 - PROTEIN BINDING / ZINC ION BINDING PROTEIN,yellow,NA
Manes.09G146400.v8.1,Manes.09G146400,(1 of 1) PTHR11795:SF388 - CURCULIN-LIKE (MANNOSE-BINDING) LECTIN FAMILY PROTEIN,yellow,NA
Manes.09G147800.v8.1,Manes.09G147800,(1 of 4) PTHR11909:SF178 - CASEIN KINASE 1-LIKE PROTEIN 8,brown,NA
Manes.09G148600.v8.1,Manes.09G148600,(1 of 2) PTHR24349//PTHR24349:SF76 - SERINE/THREONINE-PROTEIN KINASE // PHOSPHOENOLPYRUVATE CARBOXYLASE KINASE 1-RELATED,brown,NA
Manes.09G148700.v8.1,Manes.09G148700,(1 of 12) K06269 - serine/threonine-protein phosphatase PP1 catalytic subunit (PPP1C),yellow,NA
Manes.09G149700.v8.1,Manes.09G149700,(1 of 7) K14509 - ethylene receptor (ETR; ERS),brown,NA
Manes.09G150200.v8.1,Manes.09G150200,(1 of 2) PTHR23107:SF6 - GRF1-INTERACTING FACTOR 1,skyblue3,NA
Manes.09G151200.v8.1,Manes.09G151200,(1 of 3) PTHR31282:SF12 - WRKY TRANSCRIPTION FACTOR 39-RELATED,brown,NA
Manes.09G151500.v8.1,Manes.09G151500,(1 of 1) PTHR22904//PTHR22904:SF361//PTHR22904:SF383 - TPR REPEAT CONTAINING PROTEIN // SUBFAMILY NOT NAMED // SUBFAMILY NOT NAMED,yellow,NA
Manes.09G151600.v8.1,Manes.09G151600,(1 of 1) KOG0265//KOG0279//KOG0315//KOG1407 - U5 snRNP-specific protein-like factor and related proteins // G protein beta subunit-like protein // G-protein beta subunit-like protein (contains WD40 repeats) // WD40 repeat protein,yellow,NA
Manes.09G151700.v8.1,Manes.09G151700,(1 of 1) PTHR19317//PTHR19317:SF3 - PRENYLATED RAB ACCEPTOR 1-RELATED // PRA1 FAMILY PROTEIN E,yellow,NA
Manes.09G153400.v8.1,Manes.09G153400,(1 of 2) K10046 - GDP-D-mannose 3'; 5'-epimerase (GME),floralwhite,NA
Manes.09G153500.v8.1,Manes.09G153500,,yellow,NA
Manes.09G156500.v8.1,Manes.09G156500,(1 of 4) K02974 - small subunit ribosomal protein S24e (RP-S24e; RPS24),yellow,NA
Manes.09G156600.v8.1,Manes.09G156600,(1 of 4) K02974 - small subunit ribosomal protein S24e (RP-S24e; RPS24),yellow,NA
Manes.09G160000.v8.1,Manes.09G160000,(1 of 2) PTHR10809:SF59 - VESICLE-ASSOCIATED PROTEIN 2-2,brown,NA
Manes.09G160900.v8.1,Manes.09G160900,(1 of 1) PTHR21089//PTHR21089:SF10 - SHIKIMATE DEHYDROGENASE // SUBFAMILY NOT NAMED,brown,NA
Manes.09G161900.v8.1,Manes.09G161900,(1 of 3) PTHR13268//PTHR13268:SF2 - BREAST CARCINOMA AMPLIFIED SEQUENCE 3 // AUTOPHAGY-RELATED PROTEIN 18G,brown,NA
Manes.09G165200.v8.1,Manes.09G165200,(1 of 2) PTHR34661//PTHR34661:SF3 - FAMILY NOT NAMED // ALPHA-CRYSTALLIN DOMAIN OF HEAT SHOCK PROTEIN-CONTAINING PROTEIN,brown,NA
Manes.09G166400.v8.1,Manes.09G166400,(1 of 3) KOG3114 - Uncharacterized conserved protein,yellow,NA
Manes.09G169800.v8.1,Manes.09G169800,(1 of 2) K02971 - small subunit ribosomal protein S21e (RP-S21e; RPS21),yellow,NA
Manes.09G170000.v8.1,Manes.09G170000,(1 of 5) PF05755 - Rubber elongation factor protein (REF) (REF),brown,NA
Manes.09G170200.v8.1,Manes.09G170200,(1 of 1) K10364 - capping protein (actin filament) muscle Z-line; alpha (CAPZA),yellow,NA
Manes.09G170800.v8.1,Manes.09G170800,(1 of 4) KOG1727 - Microtubule-binding protein (translationally controlled tumor protein),brown,NA
Manes.09G171300.v8.1,Manes.09G171300,(1 of 2) PTHR12899//PTHR12899:SF10 - 39S RIBOSOMAL PROTEIN L18; MITOCHONDRIAL // SUBFAMILY NOT NAMED,yellow,NA
Manes.09G172000.v8.1,Manes.09G172000,(1 of 3) PTHR10791//PTHR10791:SF35 - RAG1-ACTIVATING PROTEIN 1 // SUBFAMILY NOT NAMED,yellow,NA
Manes.09G174000.v8.1,Manes.09G174000,(1 of 4) PTHR13832//PTHR13832:SF198 - PROTEIN PHOSPHATASE 2C // PROTEIN PHOSPHATASE 2C 34-RELATED,yellow,NA
Manes.09G174700.v8.1,Manes.09G174700,(1 of 2) K08489 - syntaxin 16 (STX16),brown,NA
Manes.09G176400.v8.1,Manes.09G176400,(1 of 1) PTHR11079:SF82 - RNA PSEUDOURIDINE SYNTHASE 1,floralwhite,NA
Manes.09G177000.v8.1,Manes.09G177000,(1 of 5) KOG1877 - Putative transmembrane protein cmp44E,brown,NA
Manes.09G179400.v8.1,Manes.09G179400,(1 of 1) PTHR22835:SF275 - GDSL ESTERASE/LIPASE LIP-4,yellow,NA
Manes.09G180500.v8.1,Manes.09G180500,(1 of 2) PTHR32227:SF118 - CARBOHYDRATE-BINDING X8 DOMAIN-CONTAINING PROTEIN,brown,carb
Manes.09G180600.v8.1,Manes.09G180600,,brown,NA
Manes.09G181200.v8.1,Manes.09G181200,(1 of 1) PTHR13683//PTHR13683:SF312 - ASPARTYL PROTEASES // SUBFAMILY NOT NAMED,brown,NA
Manes.09G182200.v8.1,Manes.09G182200,(1 of 1) PTHR11081//PTHR11081:SF30 - XP-G/RAD2 DNA REPAIR ENDONUCLEASE FAMILY // SUBFAMILY NOT NAMED,yellow,NA
Manes.09G183100.v8.1,Manes.09G183100,(1 of 6) PTHR32278//PTHR32278:SF6 - FAMILY NOT NAMED // F-BOX PROTEIN PP2-B1-RELATED,brown,NA
Manes.09G185200.v8.1,Manes.09G185200,(1 of 1) PTHR12506//PTHR12506:SF21//PTHR12506:SF25 - PROTEIN PHOSPHATASE RELATED // SUBFAMILY NOT NAMED // SUBFAMILY NOT NAMED,brown,NA
Manes.09G185400.v8.1,Manes.09G185400,(1 of 2) PTHR11624:SF56 - PYRUVATE DEHYDROGENASE E1 COMPONENT SUBUNIT BETA; MITOCHONDRIAL,yellow,NA
Manes.09G185500.v8.1,Manes.09G185500,(1 of 3) PF16746 - BAR domain of APPL family (BAR_3),yellow,NA
Manes.09G186000.v8.1,Manes.09G186000,(1 of 2) PTHR31373//PTHR31373:SF0 - FAMILY NOT NAMED // EMB|CAB86628.1,brown,NA
Manes.10G003400.v8.1,Manes.10G003400,(1 of 5) PF11331 - Probable zinc-ribbon domain (zinc_ribbon_12),brown,NA
Manes.10G001600.v8.1,Manes.10G001600,,brown,NA
Manes.10G000800.v8.1,Manes.10G000800,(1 of 6) PF01661 - Macro domain (Macro),brown,NA
Manes.10G000100.v8.1,Manes.10G000100,(1 of 2) K02976 - small subunit ribosomal protein S26e (RP-S26e; RPS26),yellow,NA
Manes.10G006600.v8.1,Manes.10G006600,(1 of 2) K15296 - alpha-soluble NSF attachment protein (NAPA; SNAPA; SEC17),yellow,NA
Manes.10G009200.v8.1,Manes.10G009200,(1 of 14) 3.5.1.52 - Peptide-N(4)-(N-acetyl-beta-glucosaminyl)asparagine amidase / N-oligosaccharide glycopeptidase,yellow,NA
Manes.10G012600.v8.1,Manes.10G012600,(1 of 6) PTHR27003//PTHR27003:SF102 - FAMILY NOT NAMED // SERINE/THREONINE-PROTEIN KINASE-LIKE PROTEIN CCR3-RELATED,brown,NA
Manes.10G013400.v8.1,Manes.10G013400,(1 of 1) K11375 - elongator complex protein 4 (ELP4),brown,NA
Manes.10G020100.v8.1,Manes.10G020100,(1 of 10) PTHR11527//PTHR11527:SF152 - SMALL HEAT-SHOCK PROTEIN  HSP20  FAMILY // SUBFAMILY NOT NAMED,brown,NA
Manes.10G020800.v8.1,Manes.10G020800,,brown,NA
Manes.10G021300.v8.1,Manes.10G021300,,brown,NA
Manes.10G022000.v8.1,Manes.10G022000,(1 of 1) KOG0752//KOG0764 - Mitochondrial solute carrier protein // Mitochondrial FAD carrier protein,yellow,NA
Manes.10G023200.v8.1,Manes.10G023200,(1 of 10) PTHR23155//PTHR23155:SF634 - LEUCINE-RICH REPEAT-CONTAINING PROTEIN // SUBFAMILY NOT NAMED,yellow,NA
Manes.10G026300.v8.1,Manes.10G026300,(1 of 1) PTHR12271//PTHR12271:SF40 - POLY A  POLYMERASE CID  PAP -RELATED // POLY(A) RNA POLYMERASE GLD2,brown,NA
Manes.10G026351.v8.1,Manes.10G026351,,brown,NA
Manes.10G029400.v8.1,Manes.10G029400,(1 of 5) PTHR31867//PTHR31867:SF9 - FAMILY NOT NAMED // EXPANSIN-A6,brown,NA
Manes.10G029532.v8.1,Manes.10G029532,,floralwhite,NA
Manes.10G031200.v8.1,Manes.10G031200,(1 of 2) PTHR31992:SF26 - DOF ZINC FINGER PROTEIN DOF2.4,brown,NA
Manes.10G041600.v8.1,Manes.10G041600,(1 of 17) KOG0149 - Predicted RNA-binding protein SEB4 (RRM superfamily),skyblue3,NA
Manes.10G047400.v8.1,Manes.10G047400,(1 of 3) PTHR10774//PTHR10774:SF62 - EXTENDED SYNAPTOTAGMIN-RELATED // SYNAPTOTAGMIN-3,yellow,NA
Manes.10G048800.v8.1,Manes.10G048800,(1 of 1) PTHR27001//PTHR27001:SF29 - FAMILY NOT NAMED // PROTEIN KINASE FAMILY PROTEIN-RELATED,brown,NA
Manes.10G049400.v8.1,Manes.10G049400,(1 of 1) PTHR22883:SF19 - PROTEIN S-ACYLTRANSFERASE 15-RELATED,yellow,NA
Manes.10G052301.v8.1,Manes.10G052301,(1 of 1) PTHR31989:SF29 - F18K10.6 PROTEIN-RELATED,brown,NA
Manes.10G052900.v8.1,Manes.10G052900,(1 of 10) K11252 - histone H2B (H2B),yellow,NA
Manes.10G055500.v8.1,Manes.10G055500,(1 of 2) PTHR19919//PTHR19919:SF2 - WD REPEAT CONTAINING PROTEIN // PROTEIN TRANSPARENT TESTA GLABRA 1,brown,NA
Manes.10G057200.v8.1,Manes.10G057200,(1 of 1) PTHR21596//PTHR21596:SF14 - RIBONUCLEASE P SUBUNIT P38 // SUBFAMILY NOT NAMED,yellow,NA
Manes.10G059200.v8.1,Manes.10G059200,(1 of 1) 3.1.3.91 - 7-methylguanosine nucleotidase / N(7)-methylguanylate 5'-phosphatase,yellow,NA
Manes.10G059900.v8.1,Manes.10G059900,(1 of 1) 1.7.3.3 - Factor independent urate hydroxylase / Uricase II,yellow,NA
Manes.10G060650.v8.1,Manes.10G060650,(1 of 6) K09503 - DnaJ homolog subfamily A member 2 (DNAJA2),yellow,NA
Manes.10G060800.v8.1,Manes.10G060800,(1 of 6) K09503 - DnaJ homolog subfamily A member 2 (DNAJA2),yellow,NA
Manes.10G061600.v8.1,Manes.10G061600,(1 of 1) PTHR33510//PTHR33510:SF2 - FAMILY NOT NAMED // PROTEIN TIC 20-IV; CHLOROPLASTIC,brown,NA
Manes.10G063001.v8.1,Manes.10G063001,(1 of 3) PTHR10887//PTHR10887:SF372 - DNA2/NAM7 HELICASE FAMILY // SUBFAMILY NOT NAMED,brown,NA
Manes.10G066000.v8.1,Manes.10G066000,(1 of 101) PF02362 - B3 DNA binding domain (B3),yellow,NA
Manes.10G066800.v8.1,Manes.10G066800,(1 of 7) PTHR13068:SF18 - EMB|CAB62602.1,floralwhite,NA
Manes.10G067400.v8.1,Manes.10G067400,(1 of 1) PTHR12111//PTHR12111:SF1 - CELL CYCLE CONTROL PROTEIN CWF16-RELATED // COILED-COIL DOMAIN-CONTAINING PROTEIN 94,brown,NA
Manes.10G063700.v8.1,Manes.10G063700,(1 of 1) PTHR10887//PTHR10887:SF372//PTHR21529 - DNA2/NAM7 HELICASE FAMILY // SUBFAMILY NOT NAMED // MAMMARY TURMOR VIRUS RECEPTOR HOMOLOG 1; 2  MTVR1; 2,brown,NA
Manes.10G065901.v8.1,Manes.10G065901,(1 of 1) PTHR13555//PTHR13555:SF34 - C2H2 ZINC FINGER CGI-62-RELATED // SUBFAMILY NOT NAMED,floralwhite,NA
Manes.10G067800.v8.1,Manes.10G067800,(1 of 4) PTHR12357//PTHR12357:SF21 - YTH  YT521-B HOMOLOGY  DOMAIN-CONTAINING // SUBFAMILY NOT NAMED,brown,NA
Manes.10G068700.v8.1,Manes.10G068700,(1 of 1) K10904 - TIMELESS-interacting protein (TIPIN),brown,NA
Manes.10G072100.v8.1,Manes.10G072100,(1 of 3) K02938 - large subunit ribosomal protein L8e (RP-L8e; RPL8),brown,NA
Manes.10G072200.v8.1,Manes.10G072200,(1 of 5) K14802 - phospholipid-transporting ATPase [EC:3.6.3.1] (DRS2; ATP8A),skyblue3,NA
Manes.10G072400.v8.1,Manes.10G072400,(1 of 1) PTHR24314//PTHR24314:SF6 - FAMILY NOT NAMED // CHLOROPHYLL(IDE) B REDUCTASE NOL; CHLOROPLASTIC,brown,NA
Manes.10G056200.v8.1,Manes.10G056200,(1 of 3) PF08553 - VID27 cytoplasmic protein (VID27),brown,NA
Manes.10G074700.v8.1,Manes.10G074700,(1 of 4) PTHR13832:SF362 - PROTEIN PHOSPHATASE 2C 63-RELATED,yellow,NA
Manes.10G076211.v8.1,Manes.10G076211,(1 of 7) PF05542 - Protein of unknown function (DUF760) (DUF760),yellow,NA
Manes.10G075000.v8.1,Manes.10G075000,(1 of 1) KOG4299 - PHD Zn-finger protein,brown,NA
Manes.10G075700.v8.1,Manes.10G075700,(1 of 3) K15923 - alpha-L-fucosidase 2 (AXY8; FUC95A; afcA),brown,NA
Manes.10G076074.v8.1,Manes.10G076074,,brown,NA
Manes.10G076400.v8.1,Manes.10G076400,(1 of 2) PTHR10994:SF77 - RETICULON-LIKE PROTEIN B10-RELATED,brown,NA
Manes.10G076700.v8.1,Manes.10G076700,(1 of 3) PTHR11695//PTHR11695:SF574 - ALCOHOL DEHYDROGENASE RELATED // CINNAMYL ALCOHOL DEHYDROGENASE 4-RELATED,yellow,NA
Manes.10G077334.v8.1,Manes.10G077334,(1 of 2) K03011 - DNA-directed RNA polymerase II subunit RPB3 (RPB3; POLR2C),brown,NA
Manes.10G077200.v8.1,Manes.10G077200,(1 of 4) PTHR12411:SF344 - CYSTEINE PROTEASE COMPONENT OF PROTEASE-INHIBITOR COMPLEX-RELATED,brown,NA
Manes.10G080100.v8.1,Manes.10G080100,,brown,NA
Manes.10G080400.v8.1,Manes.10G080400,(1 of 18) 3.5.1.98 - Histone deacetylase / HDAC,brown,NA
Manes.10G082700.v8.1,Manes.10G082700,(1 of 1569) 2.7.11.1 - Non-specific serine/threonine protein kinase / Threonine-specific protein kinase,yellow,NA
Manes.10G084500.v8.1,Manes.10G084500,(1 of 1) PTHR10177//PTHR10177:SF224 - CYCLINE // SUBFAMILY NOT NAMED,yellow,NA
Manes.10G088500.v8.1,Manes.10G088500,(1 of 36) PTHR11017//PTHR11017:SF162 - LEUCINE-RICH REPEAT-CONTAINING PROTEIN // SUBFAMILY NOT NAMED,brown,NA
Manes.10G090400.v8.1,Manes.10G090400,(1 of 2) PF02386 - Cation transport protein (TrkH),yellow,NA
Manes.10G097400.v8.1,Manes.10G097400,(1 of 2) PTHR10071//PTHR10071:SF186 - TRANSCRIPTION FACTOR GATA  GATA BINDING FACTOR // SUBFAMILY NOT NAMED,yellow,NA
Manes.10G102300.v8.1,Manes.10G102300,(1 of 3) PTHR24349//PTHR24349:SF102 - SERINE/THREONINE-PROTEIN KINASE // SERINE/THREONINE-PROTEIN KINASE PEPKR2,yellow,NA
Manes.10G102850.v8.1,Manes.10G102850,(1 of 7) PTHR31376//PTHR31376:SF1 - FAMILY NOT NAMED // PURINE PERMEASE 1-RELATED,skyblue3,NA
Manes.10G105156.v8.1,Manes.10G105156,(1 of 2) PTHR31279//PTHR31279:SF12 - FAMILY NOT NAMED // PHI-1-LIKE PROTEIN,brown,NA
Manes.10G105300.v8.1,Manes.10G105300,(1 of 24) 2.4.1.324 - 7-deoxyloganetin glucosyltransferase / UGT85A24,brown,NA
Manes.10G105600.v8.1,Manes.10G105600,,brown,NA
Manes.10G111700.v8.1,Manes.10G111700,(1 of 2) PF00612//PF02179 - IQ calmodulin-binding motif (IQ) // BAG domain (BAG),yellow,NA
Manes.10G109900.v8.1,Manes.10G109900,(1 of 4) K02960 - small subunit ribosomal protein S16e (RP-S16e; RPS16),yellow,NA
Manes.10G110100.v8.1,Manes.10G110100,(1 of 1) PTHR11689//PTHR11689:SF87 - CHLORIDE CHANNEL // SUBFAMILY NOT NAMED,brown,NA
Manes.10G116300.v8.1,Manes.10G116300,(1 of 2) PTHR11208//PTHR11208:SF48 - RNA-BINDING PROTEIN RELATED // SUBFAMILY NOT NAMED,yellow,NA
Manes.10G117400.v8.1,Manes.10G117400,(1 of 11) PF01823 - MAC/Perforin domain (MACPF),yellow,NA
Manes.10G118900.v8.1,Manes.10G118900,(1 of 2) PTHR10361//PTHR10361:SF36 - SODIUM-BILE ACID COTRANSPORTER // SUBFAMILY NOT NAMED,yellow,NA
Manes.10G123000.v8.1,Manes.10G123000,(1 of 12) K14498 - serine/threonine-protein kinase SRK2 (SNRK2),yellow,NA
Manes.10G122600.v8.1,Manes.10G122600,(1 of 3) K04551 - ubiquitin B (UBB),brown,NA
Manes.10G127900.v8.1,Manes.10G127900,(1 of 36) PTHR11017//PTHR11017:SF162 - LEUCINE-RICH REPEAT-CONTAINING PROTEIN // SUBFAMILY NOT NAMED,yellow,NA
Manes.10G128900.v8.1,Manes.10G128900,(1 of 2) PTHR31561:SF20 - 3-KETOACYL-COA SYNTHASE 7,yellow,NA
Manes.10G129200.v8.1,Manes.10G129200,(1 of 2) PTHR37707:SF1 - MATERNAL EFFECT EMBRYO ARREST 9 PROTEIN,yellow,NA
Manes.10G129300.v8.1,Manes.10G129300,(1 of 4) PTHR22811//PTHR22811:SF68 - TRANSMEMBRANE EMP24 DOMAIN-CONTAINING PROTEIN // SUBFAMILY NOT NAMED,yellow,NA
Manes.10G129700.v8.1,Manes.10G129700,(1 of 1) PTHR33826//PTHR33826:SF4 - FAMILY NOT NAMED // F20B24.21,yellow,NA
Manes.10G133710.v8.1,Manes.10G133710,(1 of 86) PTHR23155//PTHR23155:SF563 - LEUCINE-RICH REPEAT-CONTAINING PROTEIN // SUBFAMILY NOT NAMED,floralwhite,NA
Manes.10G134500.v8.1,Manes.10G134500,(1 of 22) 2.3.1.75 - Long-chain-alcohol O-fatty-acyltransferase / Wax synthase,brown,NA
Manes.10G136716.v8.1,Manes.10G136716,(1 of 85) PF00560//PF08263//PF13855 - Leucine Rich Repeat (LRR_1) // Leucine rich repeat N-terminal domain (LRRNT_2) // Leucine rich repeat (LRR_8),brown,NA
Manes.10G138200.v8.1,Manes.10G138200,(1 of 1) PF00931//PF02902 - NB-ARC domain (NB-ARC) // Ulp1 protease family; C-terminal catalytic domain (Peptidase_C48),yellow,NA
Manes.10G141500.v8.1,Manes.10G141500,(1 of 86) PTHR23155//PTHR23155:SF563 - LEUCINE-RICH REPEAT-CONTAINING PROTEIN // SUBFAMILY NOT NAMED,yellow,NA
Manes.10G141533.v8.1,Manes.10G141533,(1 of 86) PTHR23155//PTHR23155:SF563 - LEUCINE-RICH REPEAT-CONTAINING PROTEIN // SUBFAMILY NOT NAMED,yellow,NA
Manes.10G141601.v8.1,Manes.10G141601,(1 of 86) PTHR23155//PTHR23155:SF563 - LEUCINE-RICH REPEAT-CONTAINING PROTEIN // SUBFAMILY NOT NAMED,brown,NA
Manes.10G141651.v8.1,Manes.10G141651,(1 of 6) PTHR23155//PTHR23155:SF414 - LEUCINE-RICH REPEAT-CONTAINING PROTEIN // SUBFAMILY NOT NAMED,brown,NA
Manes.10G141700.v8.1,Manes.10G141700,(1 of 86) PTHR23155//PTHR23155:SF563 - LEUCINE-RICH REPEAT-CONTAINING PROTEIN // SUBFAMILY NOT NAMED,brown,NA
Manes.10G142050.v8.1,Manes.10G142050,,floralwhite,NA
Manes.10G141900.v8.1,Manes.10G141900,(1 of 6) PTHR23155//PTHR23155:SF414 - LEUCINE-RICH REPEAT-CONTAINING PROTEIN // SUBFAMILY NOT NAMED,brown,NA
Manes.10G142200.v8.1,Manes.10G142200,(1 of 86) PTHR23155//PTHR23155:SF563 - LEUCINE-RICH REPEAT-CONTAINING PROTEIN // SUBFAMILY NOT NAMED,brown,NA
Manes.10G143800.v8.1,Manes.10G143800,(1 of 5) K19045 - E3 ubiquitin-protein ligase BIG BROTHER and related proteins [EC:6.3.2.19] (BB),brown,NA
Manes.10G144100.v8.1,Manes.10G144100,(1 of 39) K01188 - beta-glucosidase (E3.2.1.21),brown,carb
Manes.10G144600.v8.1,Manes.10G144600,(1 of 1) PTHR31407//PTHR31407:SF20 - FAMILY NOT NAMED // THYLAKOID LUMENAL 19 KDA PROTEIN; CHLOROPLASTIC,yellow,carb
Manes.10G144700.v8.1,Manes.10G144700,(1 of 2) K15687 - E3 ubiquitin-protein ligase makorin [EC:6.3.2.19] (MKRN),yellow,NA
Manes.10G145100.v8.1,Manes.10G145100,,brown,NA
Manes.10G147900.v8.1,Manes.10G147900,(1 of 2) PTHR24078//PTHR24078:SF289 - DNAJ HOMOLOG SUBFAMILY C MEMBER // SUBFAMILY NOT NAMED,brown,NA
Manes.10G149900.v8.1,Manes.10G149900,(1 of 1) PF00232//PF04438 - Glycosyl hydrolase family 1 (Glyco_hydro_1) // HIT zinc finger (zf-HIT),brown,carb
Manes.10G150700.v8.1,Manes.10G150700,(1 of 1) PTHR13789//PTHR13789:SF227 - MONOOXYGENASE // SUBFAMILY NOT NAMED,floralwhite,NA
Manes.11G001200.v8.1,Manes.11G001200,(1 of 1) PTHR10827//PTHR10827:SF52 - RETICULOCALBIN // IP16409P,brown,NA
Manes.11G001300.v8.1,Manes.11G001300,(1 of 6) PTHR24078:SF279 - DUPLICATED SANT DNA-BINDING DOMAIN-CONTAINING PROTEIN,yellow,NA
Manes.11G002700.v8.1,Manes.11G002700,(1 of 1) PTHR18829:SF0 - YAE1 DOMAIN-CONTAINING PROTEIN 1,brown,NA
Manes.11G006900.v8.1,Manes.11G006900,(1 of 2) PTHR12629:SF9 - NUDIX HYDROLASE 16; MITOCHONDRIAL,yellow,NA
Manes.11G007250.v8.1,Manes.11G007250,(1 of 2) K18417 - ERI1 exoribonuclease 2 [EC:3.1.-.-] (ERI2),brown,NA
Manes.11G008800.v8.1,Manes.11G008800,(1 of 2) PTHR10252//PTHR10252:SF40 - HISTONE-LIKE TRANSCRIPTION FACTOR CCAAT-RELATED // SUBFAMILY NOT NAMED,yellow,NA
Manes.11G009500.v8.1,Manes.11G009500,(1 of 10) PF12776 - Myb/SANT-like DNA-binding domain (Myb_DNA-bind_3),brown,NA
Manes.11G009600.v8.1,Manes.11G009600,(1 of 4) K03626 - nascent polypeptide-associated complex subunit alpha (EGD2; NACA),floralwhite,NA
Manes.11G009900.v8.1,Manes.11G009900,(1 of 3) PTHR10641:SF475 - MYB TRANSCRIPTION FACTOR-RELATED,skyblue3,NA
Manes.11G010000.v8.1,Manes.11G010000,(1 of 2) K18460 - exportin-7 (XPO7; EXP7),yellow,NA
Manes.11G011200.v8.1,Manes.11G011200,(1 of 6) PTHR21493:SF131 - ALPHA/BETA-HYDROLASES,brown,NA
Manes.11G011400.v8.1,Manes.11G011400,(1 of 3) K03061 - 26S proteasome regulatory subunit T1 (PSMC2; RPT1),yellow,NA
Manes.11G012200.v8.1,Manes.11G012200,(1 of 446) PF01535 - PPR repeat (PPR),yellow,NA
Manes.11G012500.v8.1,Manes.11G012500,(1 of 3) PTHR31707//PTHR31707:SF55 - FAMILY NOT NAMED // PECTINESTERASE 2-RELATED,yellow,carb
Manes.11G015400.v8.1,Manes.11G015400,(1 of 3) PTHR31307:SF4 - 6B-INTERACTING PROTEIN 1-LIKE 1-RELATED,brown,NA
Manes.11G016500.v8.1,Manes.11G016500,(1 of 1) PTHR10098//PTHR10098:SF117 - RAPSYN-RELATED // SUBFAMILY NOT NAMED,brown,NA
Manes.11G017601.v8.1,Manes.11G017601,(1 of 3) PTHR11562:SF23 - METAL TOLERANCE PROTEIN C2,yellow,NA
Manes.11G018400.v8.1,Manes.11G018400,(1 of 2) K14085 - aldehyde dehydrogenase family 7 member A1 (ALDH7A1),floralwhite,NA
Manes.11G018600.v8.1,Manes.11G018600,(1 of 4) PTHR12266//PTHR12266:SF9 - NA+/CA2+ K+ INDEPENDENT EXCHANGER // CATION/CALCIUM EXCHANGER 3-RELATED,yellow,NA
Manes.11G019300.v8.1,Manes.11G019300,(1 of 1569) 2.7.11.1 - Non-specific serine/threonine protein kinase / Threonine-specific protein kinase,brown,NA
Manes.11G019500.v8.1,Manes.11G019500,(1 of 2) PTHR21262//PTHR21262:SF14 - GUANOSINE-3';5'-BIS DIPHOSPHATE  3'-PYROPHOSPHOHYDROLASE // SUBFAMILY NOT NAMED,brown,NA
Manes.11G023100.v8.1,Manes.11G023100,(1 of 2) K03005 - DNA-directed RNA polymerase I subunit RPA49 (RPA49; POLR1E),yellow,NA
Manes.11G025000.v8.1,Manes.11G025000,(1 of 1) PTHR24012:SF318 - RNA-BINDING (RRM/RBD/RNP MOTIFS) FAMILY PROTEIN,brown,NA
Manes.11G025600.v8.1,Manes.11G025600,(1 of 2) PTHR10593//PTHR10593:SF49 - SERINE/THREONINE-PROTEIN KINASE RIO // SUBFAMILY NOT NAMED,yellow,NA
Manes.11G026000.v8.1,Manes.11G026000,(1 of 4) PTHR31301//PTHR31301:SF27 - FAMILY NOT NAMED // LOB DOMAIN-CONTAINING PROTEIN 22-RELATED,yellow,NA
Manes.11G033200.v8.1,Manes.11G033200,(1 of 1) PF01476//PF07714 - LysM domain (LysM) // Protein tyrosine kinase (Pkinase_Tyr),yellow,NA
Manes.11G034400.v8.1,Manes.11G034400,(1 of 4) PTHR11909:SF73 - PROTEIN KINASE FAMILY PROTEIN,brown,NA
Manes.11G040441.v8.1,Manes.11G040441,(1 of 1) PF00069//PF00085//PF02617 - Protein kinase domain (Pkinase) // Thioredoxin (Thioredoxin) // ATP-dependent Clp protease adaptor protein ClpS (ClpS),yellow,NA
Manes.11G044400.v8.1,Manes.11G044400,(1 of 4) K02922 - large subunit ribosomal protein L37e (RP-L37e; RPL37),yellow,NA
Manes.11G052190.v8.1,Manes.11G052190,(1 of 2) PTHR23099//PTHR23099:SF0 - TRANSCRIPTIONAL REGULATOR // ACIDIC REPEAT-CONTAINING PROTEIN,yellow,NA
Manes.11G052100.v8.1,Manes.11G052100,(1 of 1) PTHR16684//PTHR16684:SF11 - CENTROMERE PROTEIN C // CENTROMERE PROTEIN C,floralwhite,NA
Manes.11G051400.v8.1,Manes.11G051400,(1 of 2) K06184 - ATP-binding cassette; subfamily F; member 1 (ABCF1),floralwhite,NA
Manes.11G050000.v8.1,Manes.11G050000,(1 of 20) 3.6.3.25 - Sulfate-transporting ATPase,yellow,NA
Manes.11G049100.v8.1,Manes.11G049100,(1 of 19) K11251 - histone H2A (H2A),brown,NA
Manes.11G051180.v8.1,Manes.11G051180,(1 of 1) K13338 - peroxin-1 (PEX1),brown,NA
Manes.11G052200.v8.1,Manes.11G052200,(1 of 2) K02265 - cytochrome c oxidase subunit 5b (COX5B),brown,NA
Manes.11G052700.v8.1,Manes.11G052700,(1 of 4) PTHR23111//PTHR23111:SF34 - ZINC FINGER PROTEIN // SUBFAMILY NOT NAMED,brown,NA
Manes.11G053700.v8.1,Manes.11G053700,(1 of 225) 3.2.1.15 - Polygalacturonase / Pectinase,floralwhite,carb
Manes.11G054050.v8.1,Manes.11G054050,,yellow,NA
Manes.11G056100.v8.1,Manes.11G056100,(1 of 4) PTHR26312:SF75 - F18B13.21 PROTEIN-RELATED,brown,NA
Manes.11G057300.v8.1,Manes.11G057300,(1 of 1) PTHR27001//PTHR27001:SF88 - FAMILY NOT NAMED // PROTEIN KINASE SUPERFAMILY PROTEIN,brown,NA
Manes.11G057500.v8.1,Manes.11G057500,(1 of 7) K00759 - adenine phosphoribosyltransferase (APRT; apt),brown,NA
Manes.11G058800.v8.1,Manes.11G058800,(1 of 2) PTHR12601//PTHR12601:SF18 - EUKARYOTIC TRANSLATION INITIATION FACTOR 3 SUBUNIT  EIF-3 // TETRATRICOPEPTIDE REPEAT-CONTAINING PROTEIN,brown,NA
Manes.11G060069.v8.1,Manes.11G060069,,yellow,NA
Manes.11G060900.v8.1,Manes.11G060900,,brown,NA
Manes.11G061400.v8.1,Manes.11G061400,(1 of 80) PF01535//PF13041//PF14432 - PPR repeat (PPR) // PPR repeat family (PPR_2) // DYW family of nucleic acid deaminases (DYW_deaminase),brown,NA
Manes.11G065100.v8.1,Manes.11G065100,(1 of 3) PTHR21596//PTHR21596:SF3 - RIBONUCLEASE P SUBUNIT P38 // F16A14.2-RELATED,brown,NA
Manes.11G066600.v8.1,Manes.11G066600,(1 of 9) 3.2.2.20 - DNA-3-methyladenine glycosylase I / DNA-3-methyladenine glycosidase I,yellow,NA
Manes.11G067700.v8.1,Manes.11G067700,,brown,NA
Manes.11G068300.v8.1,Manes.11G068300,(1 of 3) K17499 - protein phosphatase 1G [EC:3.1.3.16] (PPM1G; PP2CG),brown,NA
Manes.11G069100.v8.1,Manes.11G069100,(1 of 2) PTHR31150:SF5 - ZINC ION BINDING PROTEIN,yellow,NA
Manes.11G071900.v8.1,Manes.11G071900,(1 of 3) K03265 - peptide chain release factor subunit 1 (ETF1; ERF1),brown,NA
Manes.11G073800.v8.1,Manes.11G073800,(1 of 2) PTHR16007//PTHR16007:SF13 - EPIDIDYMAL MEMBRANE PROTEIN E9-RELATED // SUBFAMILY NOT NAMED,yellow,NA
Manes.11G074000.v8.1,Manes.11G074000,(1 of 3) K04681 - retinoblastoma-like protein 1 (RBL1),brown,NA
Manes.11G075000.v8.1,Manes.11G075000,(1 of 1) 3.6.1.31 - Phosphoribosyl-ATP diphosphatase / Phosphoribosyladenosine triphosphate pyrophosphatase,brown,NA
Manes.11G076200.v8.1,Manes.11G076200,(1 of 1) PF12046 - Protein of unknown function (DUF3529) (DUF3529),brown,NA
Manes.11G078600.v8.1,Manes.11G078600,(1 of 4) PTHR24006//PTHR24006:SF456 - FAMILY NOT NAMED // GRR1-LIKE PROTEIN 1-RELATED,brown,NA
Manes.11G078800.v8.1,Manes.11G078800,(1 of 16) PF02893 - GRAM domain (GRAM),brown,NA
Manes.11G086500.v8.1,Manes.11G086500,(1 of 1) PTHR31964:SF26 - SUGAR UTILIZATION REGULATORY PROTEIN IMP2,brown,NA
Manes.11G085200.v8.1,Manes.11G085200,(1 of 13) PF14364 - Domain of unknown function (DUF4408) (DUF4408),brown,NA
Manes.11G088451.v8.1,Manes.11G088451,(1 of 2) PTHR23070//PTHR23070:SF32 - BCS1 AAA-TYPE ATPASE // SUBFAMILY NOT NAMED,brown,NA
Manes.11G084300.v8.1,Manes.11G084300,(1 of 2) PTHR23070//PTHR23070:SF32 - BCS1 AAA-TYPE ATPASE // SUBFAMILY NOT NAMED,brown,NA
Manes.11G084400.v8.1,Manes.11G084400,(1 of 2) K13998 - dihydrofolate reductase / thymidylate synthase (DHFR-TS),brown,NA
Manes.11G091200.v8.1,Manes.11G091200,(1 of 1) PTHR12790:SF0 - RNA POLYMERASE I-SPECIFIC TRANSCRIPTION INITIATION FACTOR RRN3-RELATED,brown,NA
Manes.11G092000.v8.1,Manes.11G092000,(1 of 3) PTHR11206//PTHR11206:SF116 - MULTIDRUG RESISTANCE PROTEIN // ENHANCED DISEASE SUSCEPTIBILITY 5-RELATED,yellow,NA
Manes.11G082100.v8.1,Manes.11G082100,(1 of 32) PF00643 - B-box zinc finger (zf-B_box),yellow,NA
Manes.11G081400.v8.1,Manes.11G081400,(1 of 2) PTHR31421//PTHR31421:SF3 - FAMILY NOT NAMED // PROTEIN BASIC PENTACYSTEINE4-RELATED,skyblue3,NA
Manes.11G088413.v8.1,Manes.11G088413,(1 of 2) PTHR24015//PTHR24015:SF364 - FAMILY NOT NAMED // ATPASE EXPRESSION PROTEIN 3,floralwhite,NA
Manes.11G095000.v8.1,Manes.11G095000,(1 of 2) PTHR11913//PTHR11913:SF16 - COFILIN-RELATED // ACTIN-DEPOLYMERIZING FACTOR 5-RELATED,skyblue3,NA
Manes.11G096300.v8.1,Manes.11G096300,,skyblue3,NA
Manes.11G098400.v8.1,Manes.11G098400,(1 of 1) PTHR12001:SF41 - HETERODIMERIC GERANYLGERANYL PYROPHOSPHATE SYNTHASE SMALL SUBUNIT; CHLOROPLASTIC,brown,carot
Manes.11G101600.v8.1,Manes.11G101600,(1 of 1) PTHR24009//PTHR24009:SF3 - FAMILY NOT NAMED // RNA RECOGNITION MOTIF-CONTAINING PROTEIN-RELATED,skyblue3,NA
Manes.11G103800.v8.1,Manes.11G103800,(1 of 9) 1.3.5.1 - Succinate dehydrogenase (quinone) / Succinic dehydrogenase,skyblue3,NA
Manes.11G106900.v8.1,Manes.11G106900,(1 of 2) K13506 - glycerol-3-phosphate O-acyltransferase 3/4 (GPAT3_4; AGPAT9; AGPAT6),yellow,NA
Manes.11G107800.v8.1,Manes.11G107800,(1 of 2) K12885 - heterogeneous nuclear ribonucleoprotein G (RBMX; HNRNPG),brown,NA
Manes.11G108100.v8.1,Manes.11G108100,(1 of 2) PTHR32010:SF6 - PHOTOSYSTEM II STABILITY/ASSEMBLY FACTOR HCF136; CHLOROPLASTIC,brown,NA
Manes.11G108500.v8.1,Manes.11G108500,(1 of 1) PTHR31072:SF7 - TRANSCRIPTION FACTOR TCP21-RELATED,brown,NA
Manes.11G110900.v8.1,Manes.11G110900,(1 of 2) PTHR32002:SF3 - PROTEIN NLP1-RELATED,skyblue3,NA
Manes.11G115200.v8.1,Manes.11G115200,(1 of 3) PTHR31062:SF20 - XYLOGLUCAN ENDOTRANSGLUCOSYLASE/HYDROLASE PROTEIN 14-RELATED,yellow,carb
Manes.11G120200.v8.1,Manes.11G120200,(1 of 1) PTHR12899:SF6 - F14B2.25/F14B2.25,yellow,NA
Manes.11G120950.v8.1,Manes.11G120950,,brown,NA
Manes.11G121000.v8.1,Manes.11G121000,,brown,NA
Manes.11G121900.v8.1,Manes.11G121900,(1 of 2) PTHR14083:SF5 - HRF1 PROTEIN,yellow,NA
Manes.11G122200.v8.1,Manes.11G122200,(1 of 26) PF00069//PF00560//PF08263 - Protein kinase domain (Pkinase) // Leucine Rich Repeat (LRR_1) // Leucine rich repeat N-terminal domain (LRRNT_2),skyblue3,NA
Manes.11G123700.v8.1,Manes.11G123700,(1 of 1) K10290 - F-box protein 3 (FBXO3),yellow,NA
Manes.11G125500.v8.1,Manes.11G125500,(1 of 8) PF06075 - Plant protein of unknown function (DUF936) (DUF936),brown,NA
Manes.11G130200.v8.1,Manes.11G130200,(1 of 1) PTHR30560//PTHR30560:SF4 - TRIGGER FACTOR CHAPERONE AND PEPTIDYL-PROLYL CIS/TRANS ISOMERASE // SUBFAMILY NOT NAMED,yellow,NA
Manes.11G131600.v8.1,Manes.11G131600,(1 of 45) PF02701 - Dof domain; zinc finger (zf-Dof),brown,NA
Manes.11G132200.v8.1,Manes.11G132200,(1 of 3) K10575 - ubiquitin-conjugating enzyme E2 G1 (UBE2G1; UBC7),brown,NA
Manes.11G132250.v8.1,Manes.11G132250,(1 of 11) PF04937 - Protein of unknown function (DUF 659) (DUF659),brown,NA
Manes.11G132400.v8.1,Manes.11G132400,(1 of 1) PTHR30509 - P-HYDROXYBENZOIC ACID EFFLUX PUMP SUBUNIT-RELATED,skyblue3,NA
Manes.11G133700.v8.1,Manes.11G133700,(1 of 10) K11252 - histone H2B (H2B),floralwhite,NA
Manes.11G133800.v8.1,Manes.11G133800,(1 of 5) K02957 - small subunit ribosomal protein S15Ae (RP-S15Ae; RPS15A),yellow,NA
Manes.11G134600.v8.1,Manes.11G134600,(1 of 13) K09873 - aquaporin TIP (TIP),yellow,NA
Manes.11G136600.v8.1,Manes.11G136600,(1 of 2) K12605 - CCR4-NOT transcription complex subunit 2 (CNOT2; NOT2),floralwhite,NA
Manes.11G137100.v8.1,Manes.11G137100,(1 of 10) K11254 - histone H4 (H4),yellow,NA
Manes.11G138200.v8.1,Manes.11G138200,(1 of 1) K08282 - non-specific serine/threonine protein kinase (E2.7.11.1),brown,NA
Manes.11G141900.v8.1,Manes.11G141900,,skyblue3,NA
Manes.11G144700.v8.1,Manes.11G144700,(1 of 2) 1.17.7.1 - (E)-4-hydroxy-3-methylbut-2-enyl-diphosphate synthase (ferredoxin) / 4-hydroxy-3-methylbut-2-en-1-yl diphosphate synthase,brown,carot
Manes.11G145100.v8.1,Manes.11G145100,,yellow,NA
Manes.11G145800.v8.1,Manes.11G145800,(1 of 1) KOG0997 - Uncharacterized conserved protein Sand,yellow,NA
Manes.11G150100.v8.1,Manes.11G150100,,brown,NA
Manes.11G151500.v8.1,Manes.11G151500,(1 of 38) K08235 - xyloglucan:xyloglucosyl transferase (E2.4.1.207),yellow,carb
Manes.11G151600.v8.1,Manes.11G151600,(1 of 2) PTHR11062:SF46 - GLUCURONOXYLAN GLUCURONOSYLTRANSFERASE F8H-RELATED,brown,carb
Manes.11G152200.v8.1,Manes.11G152200,(1 of 7) PF06136 - Domain of unknown function (DUF966) (DUF966),yellow,NA
Manes.11G155500.v8.1,Manes.11G155500,(1 of 2) K12449 - UDP-apiose/xylose synthase (AXS),yellow,carb
Manes.11G155900.v8.1,Manes.11G155900,(1 of 2) PTHR28052//PTHR28052:SF1 - FAMILY NOT NAMED // UPF0545 PROTEIN C22ORF39,yellow,NA
Manes.11G158800.v8.1,Manes.11G158800,(1 of 2) PTHR21470//PTHR21470:SF4 - NTKL-BINDING PROTEIN 1 // SUBFAMILY NOT NAMED,yellow,NA
Manes.11G159401.v8.1,Manes.11G159401,(1 of 1569) 2.7.11.1 - Non-specific serine/threonine protein kinase / Threonine-specific protein kinase,floralwhite,NA
Manes.11G161800.v8.1,Manes.11G161800,(1 of 2) K02865 - large subunit ribosomal protein L10Ae (RP-L10Ae; RPL10A),brown,NA
Manes.11G162700.v8.1,Manes.11G162700,(1 of 3) PTHR22850:SF82 - HISTONE-BINDING PROTEIN RBBP7,yellow,NA
Manes.11G162900.v8.1,Manes.11G162900,(1 of 3) PTHR10183//PTHR10183:SF299 - CALPAIN // SUBFAMILY NOT NAMED,brown,NA
Manes.11G164300.v8.1,Manes.11G164300,(1 of 1) PTHR31826//PTHR31826:SF0 - FAMILY NOT NAMED // NICALIN,brown,NA
Manes.12G000500.v8.1,Manes.12G000500,(1 of 1) PTHR22600//PTHR22600:SF18 - BETA-HEXOSAMINIDASE // SUBFAMILY NOT NAMED,brown,carb
Manes.12G003400.v8.1,Manes.12G003400,(1 of 2) PTHR20863//PTHR20863:SF30 - ACYL CARRIER PROTEIN/ZINC FINGER PROTEIN 593-RELATED // SUBFAMILY NOT NAMED,yellow,NA
Manes.12G006300.v8.1,Manes.12G006300,(1 of 2) K00859 - dephospho-CoA kinase (coaE),yellow,NA
Manes.12G007100.v8.1,Manes.12G007100,(1 of 2) PTHR31614:SF6 - POLLEN OLE E 1 ALLERGEN AND EXTENSIN FAMILY PROTEIN,brown,NA
Manes.12G007900.v8.1,Manes.12G007900,(1 of 2) PTHR23429//PTHR23429:SF3 - GLUCOSE-6-PHOSPHATE 1-DEHYDROGENASE  G6PD // GLUCOSE-6-PHOSPHATE 1-DEHYDROGENASE 2; CHLOROPLASTIC-RELATED,brown,carb
Manes.12G008400.v8.1,Manes.12G008400,,brown,NA
Manes.12G012200.v8.1,Manes.12G012200,(1 of 1) PTHR19321:SF3 - 65-KDA MICROTUBULE-ASSOCIATED PROTEIN 8,yellow,NA
Manes.12G013400.v8.1,Manes.12G013400,(1 of 2) PTHR27008//PTHR27008:SF4 - FAMILY NOT NAMED // LEUCINE-RICH REPEAT PROTEIN KINASE FAMILY PROTEIN,brown,NA
Manes.12G013500.v8.1,Manes.12G013500,(1 of 2) K02737 - 20S proteasome subunit beta 5 (PSMB5),brown,NA
Manes.12G014100.v8.1,Manes.12G014100,(1 of 2) PTHR11132//PTHR11132:SF136 - SOLUTE CARRIER FAMILY 35 // GDP-MANNOSE TRANSPORTER GONST3,yellow,NA
Manes.12G014300.v8.1,Manes.12G014300,(1 of 1) K03942 - NADH dehydrogenase (ubiquinone) flavoprotein 1 (NDUFV1),yellow,NA
Manes.12G016300.v8.1,Manes.12G016300,,brown,NA
Manes.12G017100.v8.1,Manes.12G017100,(1 of 1) PTHR11804//PTHR11804:SF42 - PROTEASE M3 THIMET OLIGOPEPTIDASE-RELATED // SUBFAMILY NOT NAMED,brown,NA
Manes.12G017200.v8.1,Manes.12G017200,(1 of 27) 1.14.13.121 - Premnaspirodiene oxygenase / Hyoscymus muticus premnaspirodiene oxygenase,yellow,NA
Manes.12G019300.v8.1,Manes.12G019300,(1 of 2) K18584 - actin-related protein 3 (ACTR3; ARP3),yellow,NA
Manes.12G020000.v8.1,Manes.12G020000,(1 of 1) KOG0265//KOG0645 - U5 snRNP-specific protein-like factor and related proteins // WD40 repeat protein,yellow,NA
Manes.12G020900.v8.1,Manes.12G020900,(1 of 1) PTHR10159//PTHR10159:SF359 - DUAL SPECIFICITY PROTEIN PHOSPHATASE // SUBFAMILY NOT NAMED,brown,NA
Manes.12G021400.v8.1,Manes.12G021400,(1 of 2) PTHR32091:SF0 - EUKARYOTIC INITIATION FACTOR 4B-RELATED,brown,NA
Manes.12G021900.v8.1,Manes.12G021900,(1 of 11) PF05212 - Protein of unknown function (DUF707) (DUF707),brown,NA
Manes.12G022400.v8.1,Manes.12G022400,(1 of 37) PF03000 - NPH3 family (NPH3),brown,NA
Manes.12G022500.v8.1,Manes.12G022500,,brown,NA
Manes.12G023800.v8.1,Manes.12G023800,(1 of 2) PTHR23315:SF102 - ARMADILLO REPEAT ONLY 4 PROTEIN,brown,NA
Manes.12G024600.v8.1,Manes.12G024600,(1 of 7) PTHR23155//PTHR23155:SF458 - LEUCINE-RICH REPEAT-CONTAINING PROTEIN // DISEASE RESISTANCE RPP13-LIKE PROTEIN 4,yellow,NA
Manes.12G025900.v8.1,Manes.12G025900,(1 of 2) PTHR27001:SF49 - PROTEIN NSP-INTERACTING KINASE 3,yellow,NA
Manes.12G026700.v8.1,Manes.12G026700,(1 of 3) PTHR10044:SF108 - S-RIBONUCLEASE BINDING PROTEIN SBP1-RELATED,yellow,NA
Manes.12G027500.v8.1,Manes.12G027500,(1 of 5) 2.7.1.33 - Pantothenate kinase / Pantothenic acid kinase,yellow,NA
Manes.12G027600.v8.1,Manes.12G027600,(1 of 1) PTHR31385:SF1 - EXPRESSED PROTEIN-RELATED,brown,NA
Manes.12G027700.v8.1,Manes.12G027700,(1 of 5) K17609 - nucleoredoxin [EC:1.8.1.8] (NXN),brown,NA
Manes.12G027800.v8.1,Manes.12G027800,(1 of 5) K17609 - nucleoredoxin [EC:1.8.1.8] (NXN),brown,NA
Manes.12G028100.v8.1,Manes.12G028100,(1 of 2) PTHR32263//PTHR32263:SF8 - FAMILY NOT NAMED // INACTIVE POLY [ADP-RIBOSE] POLYMERASE SRO2-RELATED,brown,NA
Manes.12G028600.v8.1,Manes.12G028600,(1 of 8) K07466 - replication factor A1 (RFA1; RPA1; rpa),yellow,NA
Manes.12G028800.v8.1,Manes.12G028800,(1 of 4) PTHR31458:SF3 - POLYGALACTURONASE NON-CATALYTIC SUBUNIT JP630-RELATED,yellow,NA
Manes.12G029233.v8.1,Manes.12G029233,(1 of 1) PTHR30544//PTHR30544:SF3 - 23S RRNA METHYLTRANSFERASE // SUBFAMILY NOT NAMED,yellow,NA
Manes.12G029366.v8.1,Manes.12G029366,(1 of 1) KOG2681 - Metal-dependent phosphohydrolase,brown,NA
Manes.12G030500.v8.1,Manes.12G030500,(1 of 5) K12896 - splicing factor; arginine/serine-rich 7 (SFRS7),floralwhite,NA
Manes.12G035100.v8.1,Manes.12G035100,(1 of 2) PTHR10980//PTHR10980:SF16 - RHO GDP-DISSOCIATION INHIBITOR // SUBFAMILY NOT NAMED,yellow,NA
Manes.12G035200.v8.1,Manes.12G035200,(1 of 2) 2.3.1.158//2.3.1.23 - Phospholipid:diacylglycerol acyltransferase / PDAT // 1-acylglycerophosphocholine O-acyltransferase / Lysolecithin acyltransferase,yellow,NA
Manes.12G039200.v8.1,Manes.12G039200,(1 of 2) PTHR33271//PTHR33271:SF3 - FAMILY NOT NAMED // CUPIN DOMAIN-CONTAINING PROTEIN,brown,NA
Manes.12G040759.v8.1,Manes.12G040759,,yellow,NA
Manes.12G044400.v8.1,Manes.12G044400,(1 of 2) K16578 - CLIP-associating protein 1/2 (CLASP1_2),brown,NA
Manes.12G043800.v8.1,Manes.12G043800,(1 of 1) KOG2857 - Predicted MYND Zn-finger protein/hormone receptor interactor,brown,NA
Manes.12G044467.v8.1,Manes.12G044467,,brown,NA
Manes.12G049543.v8.1,Manes.12G049543,,yellow,NA
Manes.12G045750.v8.1,Manes.12G045750,(1 of 1) PF00097//PF00569//PF13920 - Zinc finger; C3HC4 type (RING finger) (zf-C3HC4) // Zinc finger; ZZ type (ZZ) // Zinc finger; C3HC4 type (RING finger) (zf-C3HC4_3),brown,NA
Manes.12G045700.v8.1,Manes.12G045700,(1 of 4) K02993 - small subunit ribosomal protein S7e (RP-S7e; RPS7),yellow,NA
Manes.12G045800.v8.1,Manes.12G045800,(1 of 4) K02993 - small subunit ribosomal protein S7e (RP-S7e; RPS7),yellow,NA
Manes.12G047500.v8.1,Manes.12G047500,(1 of 196) PF00847 - AP2 domain (AP2),skyblue3,NA
Manes.12G047800.v8.1,Manes.12G047800,(1 of 2) PTHR32116:SF19 - GALACTURONOSYLTRANSFERASE 8,yellow,carb
Manes.12G049300.v8.1,Manes.12G049300,(1 of 1) PTHR14241//PTHR14241:SF10 - INTERFERON-INDUCED PROTEIN 44 // VON WILLEBRAND FACTOR A DOMAIN-CONTAINING PROTEIN DDB_G0292188,brown,NA
Manes.12G049701.v8.1,Manes.12G049701,(1 of 12) 1.6.5.5 - NADPH:quinone reductase / Zeta-crystallin,brown,NA
Manes.12G050500.v8.1,Manes.12G050500,,brown,NA
Manes.12G051600.v8.1,Manes.12G051600,(1 of 1) PTHR24351:SF69 - AGC (CAMP-DEPENDENT; CGMP-DEPENDENT AND PROTEIN KINASE C) KINASE FAMILY PROTEIN-RELATED,brown,NA
Manes.12G059200.v8.1,Manes.12G059200,(1 of 1) PTHR11709//PTHR11709:SF58 - MULTI-COPPER OXIDASE // PROTEIN SKU5-LIKE 3,yellow,NA
Manes.12G062800.v8.1,Manes.12G062800,(1 of 1) PTHR11451:SF32 - THREONYL-TRNA SYNTHETASE / THREONINE--TRNA LIGASE-RELATED,brown,NA
Manes.12G062302.v8.1,Manes.12G062302,(1 of 23) KOG4293 - Predicted membrane protein; contains DoH and Cytochrome b-561/ferric reductase transmembrane domains,brown,NA
Manes.12G061700.v8.1,Manes.12G061700,(1 of 2) PTHR32227:SF60 - CARBOHYDRATE-BINDING X8 DOMAIN-CONTAINING PROTEIN,yellow,NA
Manes.12G061400.v8.1,Manes.12G061400,(1 of 5) K09487 - heat shock protein 90kDa beta (HSP90B; TRA1),brown,NA
Manes.12G065800.v8.1,Manes.12G065800,(1 of 1) 2.4.1.143 - Alpha-1;6-mannosyl-glycoprotein 2-beta-N-acetylglucosaminyltransferase / 1->6-acetylglucosaminyltransferase,brown,carb
Manes.12G067900.v8.1,Manes.12G067900,(1 of 2) PTHR22572:SF101 - GLUCOSE-1-PHOSPHATE ADENYLYLTRANSFERASE SMALL SUBUNIT; CHLOROPLASTIC,brown,carb
Manes.12G068200.v8.1,Manes.12G068200,(1 of 1) PTHR23189:SF41 - BCDNA.GH11110,yellow,NA
Manes.12G070801.v8.1,Manes.12G070801,,skyblue3,NA
Manes.12G073200.v8.1,Manes.12G073200,(1 of 2) PTHR23336//PTHR23336:SF11 - ZINC FINGER CW-TYPE COILED-COIL DOMAIN PROTEIN 3. // SUBFAMILY NOT NAMED,yellow,NA
Manes.12G066600.v8.1,Manes.12G066600,(1 of 1) K04532 - amyloid beta precursor protein binding protein 1 (APPBP1),brown,NA
Manes.12G075000.v8.1,Manes.12G075000,(1 of 1) PTHR11655//PTHR11655:SF14 - 60S/50S RIBOSOMAL PROTEIN L6/L9 // 54S RIBOSOMAL PROTEIN L6; MITOCHONDRIAL,skyblue3,NA
Manes.12G076301.v8.1,Manes.12G076301,(1 of 3) PTHR31235:SF39 - PEROXIDASE 3-RELATED,brown,NA
Manes.12G077600.v8.1,Manes.12G077600,,yellow,NA
Manes.12G085100.v8.1,Manes.12G085100,(1 of 1) K02516 - protein arginine N-methyltransferase 5 (PRMT5; HSL7),yellow,NA
Manes.12G090100.v8.1,Manes.12G090100,,brown,NA
Manes.12G089066.v8.1,Manes.12G089066,(1 of 2) PTHR27007:SF9 - L-TYPE LECTIN-DOMAIN CONTAINING RECEPTOR KINASE VII.1-RELATED,yellow,carb
Manes.12G089294.v8.1,Manes.12G089294,,brown,NA
Manes.12G089408.v8.1,Manes.12G089408,(1 of 2) PTHR31805:SF3 - PROLINE-RICH PROTEIN-RELATED,brown,NA
Manes.12G088176.v8.1,Manes.12G088176,(1 of 2) PTHR32227//PTHR32227:SF91 - FAMILY NOT NAMED // GLUCAN ENDO-1;3-BETA-GLUCOSIDASE-LIKE PROTEIN 1,brown,NA
Manes.12G093600.v8.1,Manes.12G093600,(1 of 2) K02897 - large subunit ribosomal protein L25 (RP-L25; rplY),yellow,NA
Manes.12G094200.v8.1,Manes.12G094200,(1 of 6) PF05659 - Arabidopsis broad-spectrum mildew resistance protein RPW8 (RPW8),yellow,NA
Manes.12G097100.v8.1,Manes.12G097100,(1 of 48) PF04535 - Domain of unknown function (DUF588) (DUF588),yellow,NA
Manes.12G099300.v8.1,Manes.12G099300,(1 of 4) PTHR10891:SF568 - CALCIUM-BINDING PROTEIN CML41-RELATED,floralwhite,NA
Manes.12G099800.v8.1,Manes.12G099800,(1 of 17) PF00685 - Sulfotransferase domain (Sulfotransfer_1),brown,NA
Manes.12G099500.v8.1,Manes.12G099500,(1 of 19) PF03763 - Remorin; C-terminal region (Remorin_C),brown,NA
Manes.12G106800.v8.1,Manes.12G106800,(1 of 1) K13168 - splicing factor; arginine/serine-rich 16 (SFRS16),yellow,NA
Manes.12G101000.v8.1,Manes.12G101000,(1 of 2) PTHR10015//PTHR10015:SF166 - HEAT SHOCK TRANSCRIPTION FACTOR // HEAT STRESS TRANSCRIPTION FACTOR B-1,brown,NA
Manes.12G103000.v8.1,Manes.12G103000,,brown,NA
Manes.12G114700.v8.1,Manes.12G114700,(1 of 5) PF07714//PF11721//PF12819 - Protein tyrosine kinase (Pkinase_Tyr) // Di-glucose binding within endoplasmic reticulum (Malectin) // Carbohydrate-binding protein of the ER (Malectin_like),yellow,NA
Manes.12G114300.v8.1,Manes.12G114300,(1 of 366) PF00067 - Cytochrome P450 (p450),brown,NA
Manes.12G110100.v8.1,Manes.12G110100,(1 of 2) PTHR23091//PTHR23091:SF222 - N-TERMINAL ACETYLTRANSFERASE // SUBFAMILY NOT NAMED,yellow,NA
Manes.12G111700.v8.1,Manes.12G111700,(1 of 2) PTHR24054//PTHR24054:SF31 - CASEIN KINASE II SUBUNIT ALPHA // SUBFAMILY NOT NAMED,brown,NA
Manes.12G114100.v8.1,Manes.12G114100,(1 of 2) PTHR31636//PTHR31636:SF9 - FAMILY NOT NAMED // PROTEIN SHORT-ROOT,skyblue3,NA
Manes.12G114200.v8.1,Manes.12G114200,(1 of 3) 3.2.1.145 - Galactan 1;3-beta-galactosidase,yellow,carb
Manes.12G115100.v8.1,Manes.12G115100,(1 of 4) PTHR21717//PTHR21717:SF27 - TELOMERIC REPEAT BINDING PROTEIN // TELOMERE REPEAT-BINDING FACTOR 2-RELATED,yellow,NA
Manes.12G115700.v8.1,Manes.12G115700,(1 of 53) PF14009 - Domain of unknown function (DUF4228) (DUF4228),brown,NA
Manes.12G116900.v8.1,Manes.12G116900,,yellow,NA
Manes.12G118700.v8.1,Manes.12G118700,(1 of 3) 2.6.1.42//2.6.1.88 - Branched-chain-amino-acid transaminase / Transaminase B // Methionine transaminase / Methionine-oxo-acid transaminase,brown,NA
Manes.12G121100.v8.1,Manes.12G121100,(1 of 163) PF00010 - Helix-loop-helix DNA-binding domain (HLH),yellow,NA
Manes.12G126900.v8.1,Manes.12G126900,(1 of 1) PTHR24115:SF469 - KINESIN-LIKE PROTEIN KCA1-RELATED,brown,NA
Manes.12G127600.v8.1,Manes.12G127600,,brown,NA
Manes.12G127700.v8.1,Manes.12G127700,(1 of 2) PTHR33222//PTHR33222:SF2 - FAMILY NOT NAMED // PROTEIN CURVATURE THYLAKOID 1D; CHLOROPLASTIC,brown,NA
Manes.12G133700.v8.1,Manes.12G133700,(1 of 5) PTHR10593//PTHR10593:SF41 - SERINE/THREONINE-PROTEIN KINASE RIO // SUBFAMILY NOT NAMED,brown,NA
Manes.12G134100.v8.1,Manes.12G134100,(1 of 1) PTHR15139:SF0 - TUBULIN-SPECIFIC CHAPERONE C,brown,NA
Manes.12G134800.v8.1,Manes.12G134800,(1 of 2) K02892 - large subunit ribosomal protein L23 (RP-L23; MRPL23; rplW),brown,NA
Manes.12G135200.v8.1,Manes.12G135200,(1 of 2) PTHR10502:SF98 - ANNEXIN D1-RELATED,yellow,NA
Manes.12G136900.v8.1,Manes.12G136900,,brown,NA
Manes.12G137100.v8.1,Manes.12G137100,(1 of 21) PF04783 - Protein of unknown function (DUF630) (DUF630),yellow,NA
Manes.12G137700.v8.1,Manes.12G137700,(1 of 1) PTHR33059:SF4 - F28K19.24-RELATED,brown,NA
Manes.12G141000.v8.1,Manes.12G141000,(1 of 3) PTHR31642:SF6 - HXXXD-TYPE ACYL-TRANSFERASE-RELATED,brown,NA
Manes.12G141100.v8.1,Manes.12G141100,(1 of 7) KOG0472//KOG1187 - Leucine-rich repeat protein // Serine/threonine protein kinase,brown,NA
Manes.12G142600.v8.1,Manes.12G142600,(1 of 1) PTHR33471//PTHR33471:SF5 - FAMILY NOT NAMED // EXPRESSED PROTEIN,brown,NA
Manes.12G145200.v8.1,Manes.12G145200,(1 of 18) PF12023 - Domain of unknown function (DUF3511) (DUF3511),yellow,NA
Manes.12G149600.v8.1,Manes.12G149600,(1 of 1) 1.14.13.113 - FAD-dependent urate hydroxylase / Urate hydroxylase,brown,NA
Manes.12G149900.v8.1,Manes.12G149900,,yellow,NA
Manes.12G150200.v8.1,Manes.12G150200,(1 of 29) KOG4282 - Transcription factor GT-2 and related proteins; contains trihelix DNA-binding/SANT domain,yellow,NA
Manes.12G150600.v8.1,Manes.12G150600,(1 of 4) PTHR11937//PTHR11937:SF247 - ACTIN // SUBFAMILY NOT NAMED,brown,NA
Manes.12G151000.v8.1,Manes.12G151000,,yellow,NA
Manes.12G152600.v8.1,Manes.12G152600,(1 of 46) PF05678 - VQ motif (VQ),yellow,NA
Manes.12G155100.v8.1,Manes.12G155100,(1 of 1) K09651 - rhomboid domain-containing protein 1 [EC:3.4.21.-] (RHBDD1),brown,NA
Manes.12G156700.v8.1,Manes.12G156700,(1 of 1) 1.2.1.25//1.2.4.4 - 2-oxoisovalerate dehydrogenase (acylating) // 3-methyl-2-oxobutanoate dehydrogenase (2-methylpropanoyl-transferring) / Dehydrogenase; branched chain alpha-keto acid,brown,NA
Manes.12G156800.v8.1,Manes.12G156800,(1 of 152) PF02365 - No apical meristem (NAM) protein (NAM),brown,NA
Manes.12G158600.v8.1,Manes.12G158600,(1 of 1) PTHR31476:SF11 - UBIQUITIN CARBOXYL-TERMINAL HYDROLASE FAMILY PROTEIN,brown,NA
Manes.12G158700.v8.1,Manes.12G158700,(1 of 9) PF00069//PF00582 - Protein kinase domain (Pkinase) // Universal stress protein family (Usp),brown,NA
Manes.12G147800.v8.1,Manes.12G147800,(1 of 2) PTHR31407//PTHR31407:SF3 - FAMILY NOT NAMED // PSBP DOMAIN-CONTAINING PROTEIN 2; CHLOROPLASTIC,skyblue3,carb
Manes.13G000084.v8.1,Manes.13G000084,(1 of 1) K12849 - pre-mRNA-splicing factor 38A (PRPF38A),yellow,NA
Manes.13G000300.v8.1,Manes.13G000300,(1 of 1) K13093 - HIV Tat-specific factor 1 (HTATSF1),floralwhite,NA
Manes.13G002500.v8.1,Manes.13G002500,(1 of 4) PTHR11017:SF169 - DISEASE RESISTANCE PROTEIN-RELATED,yellow,NA
Manes.13G003300.v8.1,Manes.13G003300,(1 of 2) PTHR20863//PTHR20863:SF30 - ACYL CARRIER PROTEIN/ZINC FINGER PROTEIN 593-RELATED // SUBFAMILY NOT NAMED,yellow,NA
Manes.13G004100.v8.1,Manes.13G004100,(1 of 2) PTHR23151//PTHR23151:SF66 - DIHYDROLIPOAMIDE ACETYL/SUCCINYL-TRANSFERASE-RELATED // BIOTIN CARBOXYL CARRIER PROTEIN OF ACETYL-COA CARBOXYLASE 1; CHLOROPLASTIC,yellow,NA
Manes.13G004600.v8.1,Manes.13G004600,(1 of 1) PTHR10438:SF258 - THIOREDOXIN F1; CHLOROPLASTIC-RELATED,brown,NA
Manes.13G004700.v8.1,Manes.13G004700,(1 of 2) PTHR13683//PTHR13683:SF287 - ASPARTYL PROTEASES // ASPARTIC PROTEINASE-LIKE PROTEIN 2-RELATED,yellow,NA
Manes.13G007300.v8.1,Manes.13G007300,(1 of 2) PTHR31614//PTHR31614:SF6 - FAMILY NOT NAMED // POLLEN OLE E 1 ALLERGEN AND EXTENSIN FAMILY PROTEIN,yellow,NA
Manes.13G007600.v8.1,Manes.13G007600,(1 of 1) 3.5.4.28 - S-adenosylhomocysteine deaminase,yellow,NA
Manes.13G008500.v8.1,Manes.13G008500,(1 of 13) PF14364 - Domain of unknown function (DUF4408) (DUF4408),brown,NA
Manes.13G010400.v8.1,Manes.13G010400,(1 of 3) KOG2104 - Nuclear transport factor 2,yellow,NA
Manes.13G018400.v8.1,Manes.13G018400,(1 of 1) K06949 - ribosome biogenesis GTPase [EC:3.6.1.-] (rsgA; engC),yellow,NA
Manes.13G017800.v8.1,Manes.13G017800,(1 of 2) PTHR27008:SF4 - LEUCINE-RICH REPEAT PROTEIN KINASE FAMILY PROTEIN,brown,NA
Manes.13G017200.v8.1,Manes.13G017200,(1 of 16) PF10358 - N-terminal C2 in EEIG1 and EHBP1 proteins (NT-C2),brown,NA
Manes.13G016100.v8.1,Manes.13G016100,(1 of 1) PTHR13789:SF90 - FAD-BINDING MONOOXYGENASE,brown,NA
Manes.13G014900.v8.1,Manes.13G014900,(1 of 2) K02537 - mitotic spindle assembly checkpoint protein MAD2 (MAD2),brown,NA
Manes.13G014300.v8.1,Manes.13G014300,(1 of 2) K03108 - signal recognition particle subunit SRP72 (SRP72),brown,NA
Manes.13G020800.v8.1,Manes.13G020800,(1 of 1) PTHR31263//PTHR31263:SF0 - FAMILY NOT NAMED // CELLULASE (GLYCOSYL HYDROLASE FAMILY 5) PROTEIN-RELATED,yellow,carb
Manes.13G021600.v8.1,Manes.13G021600,(1 of 1) K02970 - small subunit ribosomal protein S21 (RP-S21; MRPS21; rpsU),yellow,NA
Manes.13G021800.v8.1,Manes.13G021800,(1 of 8) 1.14.13.68 - 4-hydroxyphenylacetaldehyde oxime monooxygenase / Cytochrome P450-II-dependent monooxygenase,yellow,NA
Manes.13G024200.v8.1,Manes.13G024200,(1 of 1) K14831 - protein MAK16 (MAK16),brown,NA
Manes.13G025000.v8.1,Manes.13G025000,,yellow,NA
Manes.13G027500.v8.1,Manes.13G027500,(1 of 2) PTHR27001//PTHR27001:SF49 - FAMILY NOT NAMED // PROTEIN NSP-INTERACTING KINASE 3,yellow,NA
Manes.13G028100.v8.1,Manes.13G028100,(1 of 4) K02977//K08770 - small subunit ribosomal protein S27Ae (RP-S27Ae; RPS27A) // ubiquitin C (UBC),yellow,NA
Manes.13G029600.v8.1,Manes.13G029600,(1 of 2) PTHR32263:SF8 - INACTIVE POLY [ADP-RIBOSE] POLYMERASE SRO2-RELATED,brown,NA
Manes.13G029900.v8.1,Manes.13G029900,(1 of 2) PTHR11002//PTHR11002:SF15 - CARBONIC ANHYDRASE // CARBONIC ANHYDRASE,brown,NA
Manes.13G030200.v8.1,Manes.13G030200,(1 of 8) K07466 - replication factor A1 (RFA1; RPA1; rpa),brown,NA
Manes.13G030800.v8.1,Manes.13G030800,(1 of 1) PTHR23257:SF353 - KINASE-LIKE PROTEIN,brown,NA
Manes.13G031100.v8.1,Manes.13G031100,(1 of 3) PTHR23315//PTHR23315:SF116 - BETA CATENIN-RELATED ARMADILLO REPEAT-CONTAINING // U-BOX DOMAIN-CONTAINING PROTEIN 18-RELATED,brown,NA
Manes.13G032900.v8.1,Manes.13G032900,(1 of 1) PTHR19959//PTHR19959:SF168 - KINESIN LIGHT CHAIN // SUBFAMILY NOT NAMED,yellow,NA
Manes.13G033700.v8.1,Manes.13G033700,(1 of 3) K11344 - chromatin modification-related protein EAF6 (EAF6),brown,NA
Manes.13G034800.v8.1,Manes.13G034800,(1 of 2) PTHR34449//PTHR34449:SF2 - FAMILY NOT NAMED // ATP BINDING / ATPASE-RELATED,yellow,NA
Manes.13G034900.v8.1,Manes.13G034900,(1 of 1) PTHR24188//PTHR24188:SF42 - ANKYRIN REPEAT PROTEIN // SUBFAMILY NOT NAMED,brown,NA
Manes.13G038700.v8.1,Manes.13G038700,,brown,NA
Manes.13G042200.v8.1,Manes.13G042200,(1 of 2) PTHR11260//PTHR11260:SF203 - GLUTATHIONE S-TRANSFERASE; GST; SUPERFAMILY; GST DOMAIN CONTAINING // SUBFAMILY NOT NAMED,brown,NA
Manes.13G042800.v8.1,Manes.13G042800,(1 of 2) K16578 - CLIP-associating protein 1/2 (CLASP1_2),brown,NA
Manes.13G048800.v8.1,Manes.13G048800,(1 of 4) K13456 - RPM1-interacting protein 4 (RIN4),brown,NA
Manes.13G054700.v8.1,Manes.13G054700,(1 of 1) PTHR10361//PTHR10361:SF33 - SODIUM-BILE ACID COTRANSPORTER // SODIUM/METABOLITE COTRANSPORTER BASS3; CHLOROPLASTIC-RELATED,brown,NA
Manes.13G055600.v8.1,Manes.13G055600,(1 of 4) PTHR31669//PTHR31669:SF44 - FAMILY NOT NAMED // FAR-RED IMPAIRED RESPONSIVE 1-LIKE PROTEIN,yellow,NA
Manes.13G056300.v8.1,Manes.13G056300,(1 of 1) PTHR31791:SF8 - ZIP4-LIKE PROTEIN,yellow,NA
Manes.13G058400.v8.1,Manes.13G058400,,skyblue3,NA
Manes.13G058900.v8.1,Manes.13G058900,(1 of 2) PTHR22572:SF101 - GLUCOSE-1-PHOSPHATE ADENYLYLTRANSFERASE SMALL SUBUNIT; CHLOROPLASTIC,brown,carb
Manes.13G061400.v8.1,Manes.13G061400,(1 of 2) PTHR13994//PTHR13994:SF15 - NUDIX HYDROLASE RELATED // SUBFAMILY NOT NAMED,skyblue3,NA
Manes.13G063600.v8.1,Manes.13G063600,(1 of 2) PTHR31636//PTHR31636:SF38 - FAMILY NOT NAMED // SCARECROW-LIKE PROTEIN 21-RELATED,brown,NA
Manes.13G063858.v8.1,Manes.13G063858,(1 of 16) PTHR23130//PTHR23130:SF80 - FAMILY NOT NAMED // AUXIN-INDUCED IN ROOT CULTURES PROTEIN 12,yellow,NA
Manes.13G063873.v8.1,Manes.13G063873,,brown,NA
Manes.13G068000.v8.1,Manes.13G068000,(1 of 7) 3.4.23.40 - Phytepsin,yellow,NA
Manes.13G069750.v8.1,Manes.13G069750,(1 of 3) K09875 - aquaporin SIP (SIP),yellow,NA
Manes.13G072600.v8.1,Manes.13G072600,(1 of 3) PTHR31235:SF39 - PEROXIDASE 3-RELATED,yellow,NA
Manes.13G085400.v8.1,Manes.13G085400,(1 of 1) PTHR33827//PTHR33827:SF3 - FAMILY NOT NAMED // PROTEIN SAWADEE HOMEODOMAIN HOMOLOG 2,yellow,NA
Manes.13G082700.v8.1,Manes.13G082700,(1 of 1) K10751 - chromatin assembly factor 1 subunit B (CHAF1B),brown,NA
Manes.13G082400.v8.1,Manes.13G082400,(1 of 4) PTHR31707//PTHR31707:SF24 - FAMILY NOT NAMED // PECTINESTERASE/PECTINESTERASE INHIBITOR 51-RELATED,yellow,carb
Manes.13G087578.v8.1,Manes.13G087578,(1 of 2) K08331 - autophagy-related protein 13 (ATG13),yellow,NA
Manes.13G081000.v8.1,Manes.13G081000,(1 of 2) K03035 - 26S proteasome regulatory subunit N5 (PSMD12; RPN5),yellow,NA
Manes.13G081600.v8.1,Manes.13G081600,,yellow,NA
Manes.13G077600.v8.1,Manes.13G077600,,brown,NA
Manes.13G090400.v8.1,Manes.13G090400,(1 of 1) PTHR22814//PTHR22814:SF126 - COPPER TRANSPORT PROTEIN ATOX1-RELATED // SUBFAMILY NOT NAMED,brown,NA
Manes.13G093300.v8.1,Manes.13G093300,(1 of 9) PTHR31657//PTHR31657:SF9 - FAMILY NOT NAMED // ETHYLENE-RESPONSIVE TRANSCRIPTION FACTOR CRF5-RELATED,yellow,NA
Manes.13G093200.v8.1,Manes.13G093200,(1 of 2) PTHR10788:SF19 - TREHALOSE-PHOSPHATE PHOSPHATASE E-RELATED,floralwhite,carb
Manes.13G091800.v8.1,Manes.13G091800,(1 of 3) K07152 - protein SCO1/2 (SCO1_2),brown,NA
Manes.13G075600.v8.1,Manes.13G075600,,yellow,NA
Manes.13G097300.v8.1,Manes.13G097300,,brown,NA
Manes.13G097400.v8.1,Manes.13G097400,(1 of 3) PTHR14155:SF94 - RING-H2 FINGER PROTEIN ATL33-RELATED,brown,NA
Manes.13G098500.v8.1,Manes.13G098500,(1 of 2) PTHR13697//PTHR13697:SF21 - PHOSPHOFRUCTOKINASE // SUBFAMILY NOT NAMED,brown,carb
Manes.13G100300.v8.1,Manes.13G100300,,floralwhite,NA
Manes.13G101500.v8.1,Manes.13G101500,(1 of 1) PTHR10288//PTHR10288:SF160 - KH DOMAIN CONTAINING RNA BINDING PROTEIN // RNA-BINDING KH DOMAIN-CONTAINING PROTEIN,yellow,NA
Manes.13G102900.v8.1,Manes.13G102900,(1 of 2) PTHR10388:SF20 - APO PROTEIN 4; MITOCHONDRIAL,brown,NA
Manes.13G104800.v8.1,Manes.13G104800,(1 of 3) PTHR12170//PTHR12170:SF3 - MACROPHAGE ERYTHROBLAST ATTACHER-RELATED // REQUIRED FOR MEIOTIC NUCLEAR DIVISION 5 HOMOLOG B (S. CEREVISIAE),brown,NA
Manes.13G107700.v8.1,Manes.13G107700,(1 of 3) 2.6.1.88 - Methionine transaminase / Methionine-oxo-acid transaminase,brown,NA
Manes.13G108600.v8.1,Manes.13G108600,(1 of 47) 2.7.10.1//2.7.11.1 - Receptor protein-tyrosine kinase / Receptor protein tyrosine kinase // Non-specific serine/threonine protein kinase / Threonine-specific protein kinase,yellow,NA
Manes.13G109400.v8.1,Manes.13G109400,(1 of 2) PTHR22952//PTHR22952:SF186 - CAMP-RESPONSE ELEMENT BINDING PROTEIN-RELATED // SUBFAMILY NOT NAMED,yellow,NA
Manes.13G112700.v8.1,Manes.13G112700,,brown,NA
Manes.13G113500.v8.1,Manes.13G113500,(1 of 1) PTHR11207//PTHR11207:SF4 - RIBONUCLEASE III // SUBFAMILY NOT NAMED,yellow,NA
Manes.13G114000.v8.1,Manes.13G114000,,yellow,NA
Manes.13G116500.v8.1,Manes.13G116500,(1 of 2) K04508 - transducin (beta)-like 1 (TBL1),yellow,NA
Manes.13G120700.v8.1,Manes.13G120700,(1 of 4) PTHR32467//PTHR32467:SF18 - FAMILY NOT NAMED // FLORAL HOMEOTIC PROTEIN APETALA 2,yellow,NA
Manes.13G121400.v8.1,Manes.13G121400,(1 of 2) PTHR31896:SF12 - ANTHRANILATE N-HYDROXYCINNAMOYL/BENZOYLTRANSFERASE-LIKE PROTEIN-RELATED,brown,NA
Manes.13G127900.v8.1,Manes.13G127900,(1 of 2) PTHR24361:SF300 - MITOGEN-ACTIVATED PROTEIN KINASE KINASE KINASE 5,skyblue3,NA
Manes.13G130000.v8.1,Manes.13G130000,(1 of 1) PF14694//PF14695 - Lines N-terminus (LINES_N) // Lines C-terminus (LINES_C),yellow,NA
Manes.13G130900.v8.1,Manes.13G130900,(1 of 101) PF02362 - B3 DNA binding domain (B3),brown,NA
Manes.13G131900.v8.1,Manes.13G131900,,brown,NA
Manes.13G134900.v8.1,Manes.13G134900,(1 of 1569) 2.7.11.1 - Non-specific serine/threonine protein kinase / Threonine-specific protein kinase,brown,NA
Manes.13G135300.v8.1,Manes.13G135300,(1 of 4) PTHR10891//PTHR10891:SF568 - EF-HAND CALCIUM-BINDING DOMAIN CONTAINING PROTEIN // CALCIUM-BINDING PROTEIN CML41-RELATED,floralwhite,NA
Manes.13G136400.v8.1,Manes.13G136400,(1 of 6) KOG1330 - Sugar transporter/spinster transmembrane protein,yellow,NA
Manes.13G137100.v8.1,Manes.13G137100,(1 of 1) PTHR31636//PTHR31636:SF53 - FAMILY NOT NAMED // SCARECROW-LIKE PROTEIN 15,brown,NA
Manes.13G137300.v8.1,Manes.13G137300,(1 of 4) K12666 - oligosaccharyltransferase complex subunit alpha (ribophorin I) (OST1; RPN1),brown,carb
Manes.13G138100.v8.1,Manes.13G138100,,yellow,NA
Manes.13G138300.v8.1,Manes.13G138300,(1 of 37) PF03634 - TCP family transcription factor (TCP),yellow,NA
Manes.13G138700.v8.1,Manes.13G138700,(1 of 3) PTHR22880:SF172 - TRANSCRIPTION FACTOR GTE3; CHLOROPLASTIC-RELATED,yellow,NA
Manes.13G140300.v8.1,Manes.13G140300,(1 of 1) PTHR12499//PTHR12499:SF2 - OPTIC ATROPHY 3 PROTEIN  OPA3 // SUBFAMILY NOT NAMED,brown,NA
Manes.13G140900.v8.1,Manes.13G140900,(1 of 9) PTHR11746//PTHR11746:SF99 - O-METHYLTRANSFERASE // SUBFAMILY NOT NAMED,brown,NA
Manes.13G142500.v8.1,Manes.13G142500,(1 of 1) K11806 - WD repeat and SOF domain-containing protein 1 (WDSOF1),yellow,NA
Manes.13G144900.v8.1,Manes.13G144900,(1 of 1) K17560 - unconventional prefoldin RPB5 interactor 1 (URI1),brown,NA
Manes.13G147900.v8.1,Manes.13G147900,(1 of 5) PTHR10992//PTHR10992:SF869 - ALPHA/BETA HYDROLASE FOLD-CONTAINING PROTEIN // SUBFAMILY NOT NAMED,yellow,NA
Manes.13G148200.v8.1,Manes.13G148200,(1 of 3) 1.3.1.33 - Protochlorophyllide reductase / Protochlorophyllide oxidoreductase,yellow,NA
Manes.13G149200.v8.1,Manes.13G149200,(1 of 1) PTHR13832//PTHR13832:SF193 - PROTEIN PHOSPHATASE 2C // PROTEIN PHOSPHATASE 2C 1-RELATED,brown,NA
Manes.13G150700.v8.1,Manes.13G150700,(1 of 1) PTHR19297//PTHR19297:SF84 - GLYCOSYLTRANSFERASE 14 FAMILY MEMBER // CORE-2/I-BRANCHING BETA-1;6-N-ACETYLGLUCOSAMINYLTRANSFERASE FAMILY PROTEIN-RELATED,brown,NA
Manes.13G152800.v8.1,Manes.13G152800,(1 of 2) PTHR10332:SF30 - EQUILIBRATIVE NUCLEOTIDE TRANSPORTER 2,brown,NA
Manes.14G000100.v8.1,Manes.14G000100,(1 of 1) PTHR19308//PTHR19308:SF13 - PHOSPHATIDYLCHOLINE TRANSFER PROTEIN // MEMBRANE RELATED PROTEIN CP5-RELATED,yellow,NA
Manes.14G007600.v8.1,Manes.14G007600,,brown,NA
Manes.14G007800.v8.1,Manes.14G007800,(1 of 3) PTHR33972//PTHR33972:SF2 - FAMILY NOT NAMED // EXPRESSED PROTEIN,brown,NA
Manes.14G008100.v8.1,Manes.14G008100,(1 of 2) KOG3410 - Conserved alpha-helical protein,yellow,NA
Manes.14G010600.v8.1,Manes.14G010600,(1 of 1) PTHR13068:SF21 - MITOCHONDRIAL TRANSCRIPTION TERMINATION FACTOR FAMILY PROTEIN,brown,NA
Manes.14G011100.v8.1,Manes.14G011100,(1 of 2) PTHR33177:SF6 - F3O9.30,brown,NA
Manes.14G011350.v8.1,Manes.14G011350,,yellow,NA
Manes.14G011800.v8.1,Manes.14G011800,(1 of 2) PTHR10026//PTHR10026:SF75 - CYCLIN // SUBFAMILY NOT NAMED,brown,NA
Manes.14G012605.v8.1,Manes.14G012605,,brown,NA
Manes.14G016400.v8.1,Manes.14G016400,(1 of 2) PTHR21043//PTHR21043:SF1 - IOJAP SUPERFAMILY ORTHOLOG // PROTEIN IOJAP; CHLOROPLASTIC,brown,NA
Manes.14G015600.v8.1,Manes.14G015600,(1 of 599) PF13041 - PPR repeat family (PPR_2),floralwhite,NA
Manes.14G014700.v8.1,Manes.14G014700,(1 of 8) PTHR10353//PTHR10353:SF81 - GLYCOSYL HYDROLASE // SUBFAMILY NOT NAMED,brown,carb
Manes.14G001936.v8.1,Manes.14G001936,,brown,NA
Manes.14G002200.v8.1,Manes.14G002200,(1 of 2) PTHR11699//PTHR11699:SF192 - ALDEHYDE DEHYDROGENASE-RELATED // SUBFAMILY NOT NAMED,yellow,NA
Manes.14G006200.v8.1,Manes.14G006200,(1 of 3) PTHR12356//PTHR12356:SF3 - NUCLEAR MOVEMENT PROTEIN NUDC // NUCLEAR MIGRATION PROTEIN NUDC,brown,NA
Manes.14G022100.v8.1,Manes.14G022100,(1 of 4) PTHR12802//PTHR12802:SF48 - SWI/SNF COMPLEX-RELATED // SUBFAMILY NOT NAMED,brown,NA
Manes.14G023100.v8.1,Manes.14G023100,(1 of 2) PTHR34289:SF2 - SIMILARITY TO UNKNOWN PROTEIN,yellow,NA
Manes.14G024400.v8.1,Manes.14G024400,(1 of 4) K19329 - WW domain-containing oxidoreductase (WWOX),brown,NA
Manes.14G025500.v8.1,Manes.14G025500,(1 of 2) 6.2.1.8 - Oxalate--CoA ligase / Oxalyl-CoA synthetase,brown,NA
Manes.14G025800.v8.1,Manes.14G025800,(1 of 6) 2.4.2.26 - Protein xylosyltransferase / Uridine diphosphoxylose-protein xylosyltransferase,yellow,NA
Manes.14G029000.v8.1,Manes.14G029000,(1 of 2) PTHR12329:SF11 - BAG FAMILY MOLECULAR CHAPERONE REGULATOR 2-RELATED,yellow,NA
Manes.14G029900.v8.1,Manes.14G029900,,yellow,NA
Manes.14G031901.v8.1,Manes.14G031901,(1 of 1) PTHR31718:SF8 - EMBRYO-SPECIFIC PROTEIN 3,yellow,NA
Manes.14G032700.v8.1,Manes.14G032700,(1 of 4) PTHR10634//PTHR10634:SF36 - AN1-TYPE ZINC FINGER PROTEIN // ZINC FINGER A20 AND AN1 DOMAIN-CONTAINING STRESS-ASSOCIATED PROTEIN 10-RELATED,yellow,NA
Manes.14G033200.v8.1,Manes.14G033200,(1 of 1) PTHR11902//PTHR11902:SF18 - ENOLASE // SUBFAMILY NOT NAMED,skyblue3,carb
Manes.14G033300.v8.1,Manes.14G033300,(1 of 1) PTHR10516//PTHR10516:SF292 - PEPTIDYL-PROLYL CIS-TRANS ISOMERASE // SUBFAMILY NOT NAMED,brown,NA
Manes.14G035900.v8.1,Manes.14G035900,(1 of 3) 3.6.3.20 - Glycerol-3-phosphate-transporting ATPase,brown,NA
Manes.14G037400.v8.1,Manes.14G037400,,brown,NA
Manes.14G038500.v8.1,Manes.14G038500,(1 of 1) PTHR16220:SF0 - WD REPEAT-CONTAINING PROTEIN WRAP73,yellow,NA
Manes.14G038600.v8.1,Manes.14G038600,(1 of 1) PTHR23315//PTHR23315:SF59//PTHR23315:SF91 - BETA CATENIN-RELATED ARMADILLO REPEAT-CONTAINING // ARMADILLO/BETA-CATENIN-LIKE REPEAT-CONTAINING PROTEIN-RELATED // ARMADILLO SEGMENT POLARITY PROTEIN,yellow,NA
Manes.14G041100.v8.1,Manes.14G041100,(1 of 2) PTHR12459:SF7 - GB|AAD46013.1,brown,NA
Manes.14G043000.v8.1,Manes.14G043000,(1 of 4) 6.3.5.7 - Glutaminyl-tRNA synthase (glutamine-hydrolyzing) / Glutamyl-tRNA(Gln) amidotransferase,yellow,NA
Manes.14G043800.v8.1,Manes.14G043800,(1 of 2) PTHR35137//PTHR35137:SF1 - FAMILY NOT NAMED // CRUMPLED LEAF,yellow,NA
Manes.14G044800.v8.1,Manes.14G044800,(1 of 1) KOG1327 - Copine,brown,NA
Manes.14G046200.v8.1,Manes.14G046200,(1 of 2) PTHR13734:SF47 - POLYNUCLEOTIDE ADENYLYLTRANSFERASE DOMAIN AND RNA RECOGNITION MOTIF-CONTAINING PROTEIN-RELATED,brown,NA
Manes.14G046800.v8.1,Manes.14G046800,(1 of 3) PTHR11615//PTHR11615:SF157 - NITRATE; FROMATE; IRON DEHYDROGENASE // SUBFAMILY NOT NAMED,brown,NA
Manes.14G047264.v8.1,Manes.14G047264,(1 of 152) PF02365 - No apical meristem (NAM) protein (NAM),brown,NA
Manes.14G047700.v8.1,Manes.14G047700,(1 of 9) PTHR10791:SF22 - BIDIRECTIONAL SUGAR TRANSPORTER SWEET10,brown,NA
Manes.14G049300.v8.1,Manes.14G049300,(1 of 9) 5.4.99.30 - UDP-arabinopyranose mutase,yellow,carb
Manes.14G050500.v8.1,Manes.14G050500,,yellow,NA
Manes.14G050900.v8.1,Manes.14G050900,(1 of 2) PTHR10252//PTHR10252:SF39 - HISTONE-LIKE TRANSCRIPTION FACTOR CCAAT-RELATED // NUCLEAR TRANSCRIPTION FACTOR Y SUBUNIT C-1-RELATED,brown,NA
Manes.14G053900.v8.1,Manes.14G053900,(1 of 6) PF12056 - Protein of unknown function (DUF3537) (DUF3537),brown,NA
Manes.14G054300.v8.1,Manes.14G054300,(1 of 3) PTHR22880:SF156 - TRANSCRIPTION FACTOR GTE10,brown,NA
Manes.14G055400.v8.1,Manes.14G055400,(1 of 2) PTHR21385//PTHR21385:SF1 - ZINC FINGER PROTEIN-RELATED // C2H2-LIKE ZINC FINGER PROTEIN,brown,NA
Manes.14G056500.v8.1,Manes.14G056500,(1 of 2) PTHR24413//PTHR24413:SF75 - FAMILY NOT NAMED // BTB/POZ AND TAZ DOMAIN-CONTAINING PROTEIN 2,skyblue3,NA
Manes.14G059900.v8.1,Manes.14G059900,(1 of 15) PF05910 - Plant protein of unknown function (DUF868) (DUF868),brown,NA
Manes.14G060700.v8.1,Manes.14G060700,(1 of 2) K17987 - next to BRCA1 gene 1 protein (NBR1),brown,NA
Manes.14G061300.v8.1,Manes.14G061300,(1 of 46) PF00582 - Universal stress protein family (Usp),brown,NA
Manes.14G062100.v8.1,Manes.14G062100,(1 of 56) PF03195 - Protein of unknown function DUF260 (DUF260),brown,NA
Manes.14G064600.v8.1,Manes.14G064600,(1 of 2) K06195 - ApaG protein (apaG),brown,NA
Manes.14G066000.v8.1,Manes.14G066000,(1 of 2) K13343 - peroxin-14 (PEX14),brown,NA
Manes.14G066400.v8.1,Manes.14G066400,(1 of 3) PTHR23257//PTHR23257:SF475 - SERINE-THREONINE PROTEIN KINASE // SUBFAMILY NOT NAMED,brown,NA
Manes.14G066900.v8.1,Manes.14G066900,(1 of 31) PF03181 - BURP domain (BURP),brown,NA
Manes.14G067033.v8.1,Manes.14G067033,,yellow,NA
Manes.14G067900.v8.1,Manes.14G067900,,yellow,NA
Manes.14G071000.v8.1,Manes.14G071000,(1 of 1) K03355 - anaphase-promoting complex subunit 8 (APC8; CDC23),floralwhite,NA
Manes.14G073900.v8.1,Manes.14G073900,(1 of 6) PTHR24093:SF264 - ATPASE 4; PLASMA MEMBRANE-TYPE,brown,NA
Manes.14G076900.v8.1,Manes.14G076900,(1 of 4) K10436 - microtubule-associated protein; RP/EB family (MAPRE),yellow,NA
Manes.14G078000.v8.1,Manes.14G078000,(1 of 1) PTHR11062//PTHR11062:SF99 - EXOSTOSIN  HEPARAN SULFATE GLYCOSYLTRANSFERASE -RELATED // SUBFAMILY NOT NAMED,brown,carb
Manes.14G078800.v8.1,Manes.14G078800,(1 of 2) PTHR22835//PTHR22835:SF267 - ZINC FINGER FYVE DOMAIN CONTAINING PROTEIN // SUBFAMILY NOT NAMED,yellow,NA
Manes.14G080900.v8.1,Manes.14G080900,(1 of 3) PTHR31889//PTHR31889:SF2 - FAMILY NOT NAMED // FUCOSYLTRANSFERASE 2-RELATED,yellow,NA
Manes.14G081300.v8.1,Manes.14G081300,(1 of 207) PF01535//PF13041 - PPR repeat (PPR) // PPR repeat family (PPR_2),yellow,NA
Manes.14G081400.v8.1,Manes.14G081400,(1 of 3) PTHR30231//PTHR30231:SF6 - DNA POLYMERASE III SUBUNIT EPSILON // EXONUCLEASE FAMILY PROTEIN-RELATED,yellow,NA
Manes.14G082800.v8.1,Manes.14G082800,(1 of 4) PTHR33167//PTHR33167:SF3 - FAMILY NOT NAMED // F16A14.15-RELATED,yellow,NA
Manes.14G082900.v8.1,Manes.14G082900,(1 of 2) PTHR23023//PTHR23023:SF86 - DIMETHYLANILINE MONOOXYGENASE // FLAVIN-CONTAINING MONOOXYGENASE FMO GS-OX-LIKE 8-RELATED,yellow,NA
Manes.14G083500.v8.1,Manes.14G083500,(1 of 2) PTHR14363//PTHR14363:SF17 - HEPARANASE-RELATED // HEPARANASE-LIKE PROTEIN 1-RELATED,brown,NA
Manes.14G084550.v8.1,Manes.14G084550,(1 of 2) KOG3462 - Predicted membrane protein,brown,NA
Manes.14G085100.v8.1,Manes.14G085100,(1 of 2) PTHR32227:SF75 - GLUCAN ENDO-1;3-BETA-GLUCOSIDASE-LIKE PROTEIN 2-RELATED,yellow,NA
Manes.14G085201.v8.1,Manes.14G085201,,brown,NA
Manes.14G085800.v8.1,Manes.14G085800,(1 of 2) PTHR33476:SF7 - EMB|CAB62613.1,yellow,NA
Manes.14G086100.v8.1,Manes.14G086100,(1 of 2) K01126 - glycerophosphoryl diester phosphodiesterase (E3.1.4.46; glpQ; ugpQ),brown,NA
Manes.14G092000.v8.1,Manes.14G092000,(1 of 1) PTHR28630//PTHR28630:SF3 - FAMILY NOT NAMED // REDOX-REGULATORY PROTEIN FAM213A,brown,NA
Manes.14G092600.v8.1,Manes.14G092600,(1 of 3) PTHR22952//PTHR22952:SF133 - CAMP-RESPONSE ELEMENT BINDING PROTEIN-RELATED // SUBFAMILY NOT NAMED,yellow,NA
Manes.14G094400.v8.1,Manes.14G094400,,brown,NA
Manes.14G094500.v8.1,Manes.14G094500,(1 of 3) PF06880 - Protein of unknown function (DUF1262) (DUF1262),brown,NA
Manes.14G095200.v8.1,Manes.14G095200,(1 of 3) PTHR10891//PTHR10891:SF638 - EF-HAND CALCIUM-BINDING DOMAIN CONTAINING PROTEIN // CALCIUM-BINDING PROTEIN CML15-RELATED,yellow,NA
Manes.14G095800.v8.1,Manes.14G095800,(1 of 1) PTHR19241//PTHR19241:SF303 - ATP-BINDING CASSETTE TRANSPORTER // ABC TRANSPORTER G FAMILY MEMBER 21,brown,NA
Manes.14G097200.v8.1,Manes.14G097200,(1 of 2) PTHR10044//PTHR10044:SF122 - INHIBITOR OF APOPTOSIS // SUBFAMILY NOT NAMED,brown,NA
Manes.14G098500.v8.1,Manes.14G098500,(1 of 1) PF13483 - Beta-lactamase superfamily domain (Lactamase_B_3),yellow,NA
Manes.14G099400.v8.1,Manes.14G099400,(1 of 5) PTHR15907:SF47 - PROTEIN PLANT CADMIUM RESISTANCE 11-RELATED,floralwhite,NA
Manes.14G100100.v8.1,Manes.14G100100,(1 of 1) K06695 - 26S proteasome regulatory subunit; ATPase 3; interacting protein (PSMC3IP),brown,NA
Manes.14G100200.v8.1,Manes.14G100200,(1 of 3) PTHR12161//PTHR12161:SF16 - UNCHARACTERIZED DUF292 // SUBFAMILY NOT NAMED,brown,NA
Manes.14G100700.v8.1,Manes.14G100700,(1 of 1) PTHR31917//PTHR31917:SF9 - FAMILY NOT NAMED // AGENET DOMAIN-CONTAINING PROTEIN / BROMO-ADJACENT HOMOLOGY (BAH) DOMAIN-CONTAINING PROTEIN,brown,NA
Manes.14G101300.v8.1,Manes.14G101300,(1 of 6) K10839 - UV excision repair protein RAD23 (RAD23; HR23),yellow,NA
Manes.14G104500.v8.1,Manes.14G104500,,yellow,NA
Manes.14G107500.v8.1,Manes.14G107500,(1 of 3) PTHR31066:SF12 - EXPRESSED PROTEIN,yellow,NA
Manes.14G108200.v8.1,Manes.14G108200,,brown,NA
Manes.14G109000.v8.1,Manes.14G109000,(1 of 1) PTHR18934:SF146 - DEA(D/H)-BOX RNA HELICASE FAMILY PROTEIN,yellow,NA
Manes.14G109600.v8.1,Manes.14G109600,(1 of 1) PF13324 - Grap2 and cyclin-D-interacting (GCIP),brown,NA
Manes.14G136021.v8.1,Manes.14G136021,,brown,NA
Manes.14G135300.v8.1,Manes.14G135300,,brown,NA
Manes.14G122500.v8.1,Manes.14G122500,(1 of 2) K14404 - cleavage and polyadenylation specificity factor subunit 4 (CPSF4; YTH1),brown,NA
Manes.14G122900.v8.1,Manes.14G122900,(1 of 8) PF00046//PF01852//PF08670 - Homeobox domain (Homeobox) // START domain (START) // MEKHLA domain (MEKHLA),brown,NA
Manes.14G124800.v8.1,Manes.14G124800,(1 of 2) PTHR12863//PTHR12863:SF3 - FATTY ACID HYDROXYLASE // FATTY ACID 2-HYDROXYLASE 1-RELATED,brown,NA
Manes.14G126200.v8.1,Manes.14G126200,(1 of 1) 1.1.1.320 - Benzil reductase ((S)-benzoin forming),yellow,NA
Manes.14G127321.v8.1,Manes.14G127321,,yellow,NA
Manes.14G128200.v8.1,Manes.14G128200,(1 of 2) K03066 - 26S proteasome regulatory subunit T6 (PSMC5; RPT6),brown,NA
Manes.14G128500.v8.1,Manes.14G128500,(1 of 2) PTHR23012//PTHR23012:SF54 - MEMBRANE ASSOCIATED RING FINGER // SUBFAMILY NOT NAMED,brown,NA
Manes.14G128600.v8.1,Manes.14G128600,(1 of 2) PF00027//PF00520//PF07885//PF11834//PF12796//PF13857 - Cyclic nucleotide-binding domain (cNMP_binding) // Ion transport protein (Ion_trans) // Ion channel (Ion_trans_2) // KHA; dimerisation domain of potassium ion channel (KHA) // Ankyrin repeats (3 copies) (Ank_2) // Ankyrin repeats (many copies) (Ank_5),brown,NA
Manes.14G129500.v8.1,Manes.14G129500,(1 of 9) PF07800 - Protein of unknown function (DUF1644) (DUF1644),brown,NA
Manes.14G131400.v8.1,Manes.14G131400,(1 of 4) K11594 - ATP-dependent RNA helicase DDX3X (DDX3X; bel),skyblue3,NA
Manes.14G132521.v8.1,Manes.14G132521,(1 of 3) PTHR10783//PTHR10783:SF44 - XENOTROPIC AND POLYTROPIC RETROVIRUS RECEPTOR 1-RELATED // SPX DOMAIN-CONTAINING PROTEIN 1-RELATED,brown,NA
Manes.14G133400.v8.1,Manes.14G133400,(1 of 3) PTHR10332//PTHR10332:SF35 - EQUILIBRATIVE NUCLEOSIDE TRANSPORTER // EQUILIBRATIVE NUCLEOTIDE TRANSPORTER 8,brown,NA
Manes.14G133500.v8.1,Manes.14G133500,(1 of 1) PTHR33416:SF4 - NUCLEOPORIN-RELATED PROTEIN,floralwhite,NA
Manes.14G115300.v8.1,Manes.14G115300,(1 of 2) PTHR22957:SF34 - TBC1 DOMAIN FAMILY MEMBER 25,brown,NA
Manes.14G115828.v8.1,Manes.14G115828,(1 of 17) PTHR11697//PTHR11697:SF111 - GENERAL TRANSCRIPTION FACTOR 2-RELATED ZINC FINGER PROTEIN // SUBFAMILY NOT NAMED,brown,NA
Manes.14G117000.v8.1,Manes.14G117000,(1 of 1) PTHR12526//PTHR12526:SF334 - GLYCOSYLTRANSFERASE // SUBFAMILY NOT NAMED,brown,carb
Manes.14G117700.v8.1,Manes.14G117700,(1 of 4) K15289 - solute carrier family 35; member F5 (SLC35F5),brown,NA
Manes.14G119700.v8.1,Manes.14G119700,(1 of 1) KOG2561 - Adaptor protein NUB1; contains UBA domain,brown,NA
Manes.14G137700.v8.1,Manes.14G137700,(1 of 2) PTHR13832//PTHR13832:SF299 - PROTEIN PHOSPHATASE 2C // SUBFAMILY NOT NAMED,skyblue3,NA
Manes.14G144400.v8.1,Manes.14G144400,(1 of 2) K13431 - signal recognition particle receptor subunit alpha (SRPR),skyblue3,NA
Manes.14G143500.v8.1,Manes.14G143500,(1 of 3) PTHR19375//PTHR19375:SF229 - HEAT SHOCK PROTEIN 70KDA // HEAT SHOCK 70 KDA PROTEIN 5,brown,NA
Manes.14G143400.v8.1,Manes.14G143400,(1 of 1) K02520 - translation initiation factor IF-3 (infC; MTIF3),brown,NA
Manes.14G142200.v8.1,Manes.14G142200,(1 of 2) PTHR31422//PTHR31422:SF1 - FAMILY NOT NAMED // EXPRESSED PROTEIN,brown,NA
Manes.14G151100.v8.1,Manes.14G151100,(1 of 1) K07561 - 2-(3-amino-3-carboxypropyl)histidine synthase [EC:2.5.1.108] (dph2; DPH1),brown,NA
Manes.14G151300.v8.1,Manes.14G151300,(1 of 43) PF05553 - Cotton fibre expressed protein (DUF761),brown,NA
Manes.14G155000.v8.1,Manes.14G155000,(1 of 26) K04730 - interleukin-1 receptor-associated kinase 1 (IRAK1),yellow,NA
Manes.14G156100.v8.1,Manes.14G156100,(1 of 1) PF00651//PF12313//PF12796 - BTB/POZ domain (BTB) // NPR1/NIM1 like defence protein C terminal (NPR1_like_C) // Ankyrin repeats (3 copies) (Ank_2),brown,NA
Manes.14G161500.v8.1,Manes.14G161500,(1 of 2) PTHR31319:SF14 - ZINC FINGER PROTEIN CONSTANS-LIKE 5,brown,NA
Manes.14G162600.v8.1,Manes.14G162600,(1 of 16) K01537 - Ca2+-transporting ATPase (E3.6.3.8),brown,NA
Manes.14G164800.v8.1,Manes.14G164800,(1 of 2) PF00059//PF07714 - Lectin C-type domain (Lectin_C) // Protein tyrosine kinase (Pkinase_Tyr),brown,NA
Manes.14G166800.v8.1,Manes.14G166800,(1 of 4) PTHR33044:SF27 - BIFUNCTIONAL INHIBITOR/LIPID-TRANSFER PROTEIN/SEED STORAGE 2S ALBUMIN SUPERFAMILY PROTEIN-RELATED,yellow,NA
Manes.14G168900.v8.1,Manes.14G168900,(1 of 1) PTHR11903:SF12 - ALPHA-DIOXYGENASE 2,brown,NA
Manes.14G172800.v8.1,Manes.14G172800,(1 of 2) PTHR12701//PTHR12701:SF20 - BCR-ASSOCIATED PROTEIN; BAP // GENOMIC DNA; CHROMOSOME 3; P1 CLONE: MIG5,brown,NA
Manes.14G174300.v8.1,Manes.14G174300,,brown,NA
Manes.14G174500.v8.1,Manes.14G174500,(1 of 6) 1.8.7.2 - Ferredoxin:thioredoxin reductase,yellow,carb
Manes.15G003900.v8.1,Manes.15G003900,(1 of 1) PTHR12176:SF28 - S-ADENOSYL-L-METHIONINE-DEPENDENT METHYLTRANSFERASE-LIKE PROTEIN,yellow,NA
Manes.15G001900.v8.1,Manes.15G001900,(1 of 4) PTHR34188//PTHR34188:SF1 - FAMILY NOT NAMED // T6A9.7 PROTEIN,yellow,NA
Manes.15G001200.v8.1,Manes.15G001200,(1 of 3) PTHR33124//PTHR33124:SF12 - FAMILY NOT NAMED // TRANSCRIPTION FACTOR BHLH147-RELATED,skyblue3,NA
Manes.15G005100.v8.1,Manes.15G005100,(1 of 79) PF03514 - GRAS domain family (GRAS),yellow,NA
Manes.15G006500.v8.1,Manes.15G006500,(1 of 3) KOG2880 - SMAD6 interacting protein AMSH; contains JAB/MPN/Mov34 domain,brown,NA
Manes.15G006900.v8.1,Manes.15G006900,,yellow,NA
Manes.15G007000.v8.1,Manes.15G007000,(1 of 19) PF06749 - Protein of unknown function (DUF1218) (DUF1218),yellow,NA
Manes.15G007300.v8.1,Manes.15G007300,(1 of 2) PTHR31052//PTHR31052:SF3 - FAMILY NOT NAMED // COBRA-LIKE PROTEIN 7-RELATED,brown,NA
Manes.15G012300.v8.1,Manes.15G012300,(1 of 4) K08238 - xyloglucan 6-xylosyltransferase [EC:2.4.2.39] Xyl a1-6 Glc (XXT),yellow,carb
Manes.15G012600.v8.1,Manes.15G012600,(1 of 1) PTHR13832:SF309 - PROTEIN PHOSPHATASE 2C 40-RELATED,skyblue3,NA
Manes.15G016900.v8.1,Manes.15G016900,(1 of 2) PTHR10366//PTHR10366:SF389 - NAD DEPENDENT EPIMERASE/DEHYDRATASE // SUBFAMILY NOT NAMED,yellow,NA
Manes.15G017750.v8.1,Manes.15G017750,(1 of 2) K17545 - serine/threonine-protein kinase ULK4 [EC:2.7.11.1] (ULK4),brown,NA
Manes.15G019200.v8.1,Manes.15G019200,(1 of 10) K08145 - MFS transporter; SP family; solute carrier family 2 (facilitated glucose transporter); member 8 (SLC2A8; GLUT8),yellow,NA
Manes.15G019800.v8.1,Manes.15G019800,(1 of 5) PF15365 - Proline-rich nuclear receptor coactivator (PNRC),brown,NA
Manes.15G020300.v8.1,Manes.15G020300,(1 of 2) PTHR13832:SF267 - PROTEIN PHOSPHATASE 1K; MITOCHONDRIAL,brown,NA
Manes.15G021800.v8.1,Manes.15G021800,(1 of 63) PF00651 - BTB/POZ domain (BTB),brown,NA
Manes.15G023100.v8.1,Manes.15G023100,(1 of 6) KOG3140 - Predicted membrane protein,floralwhite,NA
Manes.15G024100.v8.1,Manes.15G024100,(1 of 2) PTHR11772:SF18 - ALUMINUM INDUCED PROTEIN WITH YGL AND LRDR MOTIFS,brown,NA
Manes.15G024500.v8.1,Manes.15G024500,(1 of 4) PTHR32285//PTHR32285:SF65 - FAMILY NOT NAMED // PROTEIN TRICHOME BIREFRINGENCE-LIKE 10-RELATED,yellow,NA
Manes.15G025300.v8.1,Manes.15G025300,(1 of 2) PTHR22763//PTHR22763:SF65 - RING ZINC FINGER PROTEIN // E3 UBIQUITIN-PROTEIN LIGASE RHF1A,brown,NA
Manes.15G026100.v8.1,Manes.15G026100,(1 of 1) PF13516//PF13943 - Leucine Rich repeat (LRR_6) // WPP domain (WPP),brown,NA
Manes.15G026900.v8.1,Manes.15G026900,(1 of 3) PTHR24096:SF221 - PROTEIN ACS-13; ISOFORM C,skyblue3,NA
Manes.15G027000.v8.1,Manes.15G027000,(1 of 1) PTHR11689:SF92 - H(+)/CL(-) EXCHANGE TRANSPORTER 7,yellow,NA
Manes.15G031700.v8.1,Manes.15G031700,(1 of 4) K02984 - small subunit ribosomal protein S3Ae (RP-S3Ae; RPS3A),yellow,NA
Manes.15G032000.v8.1,Manes.15G032000,(1 of 3) PTHR22904:SF289 - CARBOXYLATE CLAMP-TETRATRICOPEPTIDE REPEAT PROTEIN-RELATED,yellow,NA
Manes.15G032100.v8.1,Manes.15G032100,(1 of 2) PTHR11814//PTHR11814:SF106 - SULFATE TRANSPORTER // SUBFAMILY NOT NAMED,yellow,NA
Manes.15G034800.v8.1,Manes.15G034800,,brown,NA
Manes.15G036500.v8.1,Manes.15G036500,(1 of 4) PTHR13890//PTHR13890:SF8 - RNA SPLICING PROTEIN MRS2; MITOCHONDRIAL // SUBFAMILY NOT NAMED,brown,NA
Manes.15G038950.v8.1,Manes.15G038950,(1 of 2) PTHR10209//PTHR10209:SF135 - OXIDOREDUCTASE; 2OG-FE II  OXYGENASE FAMILY PROTEIN // SUBFAMILY NOT NAMED,brown,NA
Manes.15G039300.v8.1,Manes.15G039300,(1 of 2) PTHR23042:SF72 - TRANSCRIPTION FACTOR BHLH104-RELATED,brown,NA
Manes.15G042500.v8.1,Manes.15G042500,(1 of 2) K02875 - large subunit ribosomal protein L14e (RP-L14e; RPL14),yellow,NA
Manes.15G042800.v8.1,Manes.15G042800,(1 of 2) PTHR10219//PTHR10219:SF36 - GLYCOLIPID TRANSFER PROTEIN-RELATED // SUBFAMILY NOT NAMED,brown,NA
Manes.15G043200.v8.1,Manes.15G043200,,yellow,NA
Manes.15G043800.v8.1,Manes.15G043800,(1 of 1) PTHR13528//PTHR13528:SF6 - 39S RIBOSOMAL PROTEIN L28; MITOCHONDRIAL // 50S RIBOSOMAL PROTEIN L28; CHLOROPLASTIC,yellow,NA
Manes.15G044600.v8.1,Manes.15G044600,(1 of 1) PTHR16007//PTHR16007:SF30 - EPIDIDYMAL MEMBRANE PROTEIN E9-RELATED // SUBFAMILY NOT NAMED,skyblue3,NA
Manes.15G044900.v8.1,Manes.15G044900,(1 of 2) PTHR11960//PTHR11960:SF12 - EUKARYOTIC TRANSLATION INITIATION FACTOR 4E RELATED // EUKARYOTIC TRANSLATION INITIATION FACTOR ISOFORM 4E,yellow,NA
Manes.15G045200.v8.1,Manes.15G045200,(1 of 7) PF12043 - Domain of unknown function (DUF3527) (DUF3527),skyblue3,NA
Manes.15G047100.v8.1,Manes.15G047100,(1 of 2) PTHR31585:SF12 - FOLATE-BIOPTERIN TRANSPORTER 8; CHLOROPLASTIC-RELATED,yellow,NA
Manes.15G050712.v8.1,Manes.15G050712,(1 of 1) PTHR22763//PTHR22763:SF54 - RING ZINC FINGER PROTEIN // SUBFAMILY NOT NAMED,brown,NA
Manes.15G052800.v8.1,Manes.15G052800,(1 of 2) K03032 - 26S proteasome regulatory subunit N2 (PSMD1; RPN2),brown,NA
Manes.15G053100.v8.1,Manes.15G053100,(1 of 3) K02872 - large subunit ribosomal protein L13Ae (RP-L13Ae; RPL13A),yellow,NA
Manes.15G053700.v8.1,Manes.15G053700,(1 of 21) PF04576 - Zein-binding (Zein-binding),brown,NA
Manes.15G054400.v8.1,Manes.15G054400,(1 of 2) 3.1.3.2//3.1.3.26 - Acid phosphatase / Phosphomonoesterase // 4-phytase / Phytate 6-phosphatase,brown,NA
Manes.15G055300.v8.1,Manes.15G055300,(1 of 3) K01874 - methionyl-tRNA synthetase (MARS; metG),brown,NA
Manes.15G060100.v8.1,Manes.15G060100,(1 of 1) PTHR31352:SF9 - INACTIVE BETA-AMYLASE 4; CHLOROPLASTIC,yellow,carb
Manes.15G060400.v8.1,Manes.15G060400,(1 of 3) PTHR11064//PTHR11064:SF45 - CCAAT-BINDING TRANSCRIPTION FACTOR-RELATED // SUBFAMILY NOT NAMED,yellow,NA
Manes.15G060800.v8.1,Manes.15G060800,(1 of 1) 4.2.1.22 - Cystathionine beta-synthase / Serine sulfhydrase,brown,NA
Manes.15G062200.v8.1,Manes.15G062200,(1 of 27) 1.14.13.121 - Premnaspirodiene oxygenase / Hyoscymus muticus premnaspirodiene oxygenase,yellow,NA
Manes.15G063200.v8.1,Manes.15G063200,(1 of 1) PTHR13068:SF13 - MITOCHONDRIAL TRANSCRIPTION TERMINATION FACTOR FAMILY PROTEIN,brown,NA
Manes.15G065900.v8.1,Manes.15G065900,(1 of 3) PTHR10504//PTHR10504:SF73 - BACTERICIDAL PERMEABILITY-INCREASING  BPI  PROTEIN-RELATED // PROTEIN C05C9.1,brown,NA
Manes.15G066500.v8.1,Manes.15G066500,(1 of 3) K12483 - EH domain-containing protein 1 (EHD1),floralwhite,NA
Manes.15G067100.v8.1,Manes.15G067100,(1 of 1) PTHR31832:SF5 - B-BOX TYPE ZINC FINGER-CONTAINING PROTEIN,brown,NA
Manes.15G071100.v8.1,Manes.15G071100,(1 of 13) PF04520 - Senescence regulator (Senescence_reg),brown,NA
Manes.15G071500.v8.1,Manes.15G071500,(1 of 2) PTHR10388//PTHR10388:SF16 - EUKARYOTIC TRANSLATION INITIATION FACTOR SUI1 // SUBFAMILY NOT NAMED,skyblue3,NA
Manes.15G072400.v8.1,Manes.15G072400,(1 of 1) PTHR10434//PTHR10434:SF17 - 1-ACYL-SN-GLYCEROL-3-PHOSPHATE ACYLTRANSFERASE // SUBFAMILY NOT NAMED,yellow,NA
Manes.15G072700.v8.1,Manes.15G072700,(1 of 4) PTHR24012//PTHR24012:SF333 - FAMILY NOT NAMED // POLYADENYLATE-BINDING PROTEIN RBP45B-RELATED,brown,NA
Manes.15G073100.v8.1,Manes.15G073100,,skyblue3,NA
Manes.15G075400.v8.1,Manes.15G075400,(1 of 2) PTHR22957//PTHR22957:SF276 - TBC1 DOMAIN FAMILY MEMBER GTPASE-ACTIVATING PROTEIN // SUBFAMILY NOT NAMED,brown,NA
Manes.15G075500.v8.1,Manes.15G075500,(1 of 2) PTHR31707//PTHR31707:SF32 - FAMILY NOT NAMED // PECTINESTERASE-RELATED PROTEIN-RELATED,brown,carb
Manes.15G076600.v8.1,Manes.15G076600,(1 of 1) PTHR22774:SF11 - PROTEIN C44H4.4,brown,NA
Manes.15G078400.v8.1,Manes.15G078400,(1 of 79) PF03514 - GRAS domain family (GRAS),brown,NA
Manes.15G079100.v8.1,Manes.15G079100,,brown,NA
Manes.15G080900.v8.1,Manes.15G080900,(1 of 21) PF00954//PF01453//PF07714//PF08276//PF11883 - S-locus glycoprotein domain (S_locus_glycop) // D-mannose binding lectin (B_lectin) // Protein tyrosine kinase (Pkinase_Tyr) // PAN-like domain (PAN_2) // Domain of unknown function (DUF3403) (DUF3403),yellow,NA
Manes.15G082000.v8.1,Manes.15G082000,(1 of 3) PTHR11255:SF29 - DIACYLGLYCEROL KINASE 5-RELATED,brown,NA
Manes.15G086000.v8.1,Manes.15G086000,,yellow,NA
Manes.15G086600.v8.1,Manes.15G086600,,yellow,NA
Manes.15G087800.v8.1,Manes.15G087800,(1 of 2) 3.1.3.77 - Acireductone synthase / E-1 enolase-phosphatase,floralwhite,NA
Manes.15G089600.v8.1,Manes.15G089600,(1 of 1) K02968 - small subunit ribosomal protein S20 (RP-S20; rpsT),brown,NA
Manes.15G090700.v8.1,Manes.15G090700,(1 of 4) PTHR13301//PTHR13301:SF69 - X-BOX TRANSCRIPTION FACTOR-RELATED // BASIC HELIX-LOOP-HELIX DOMAIN-CONTAINING PROTEIN,brown,NA
Manes.15G094500.v8.1,Manes.15G094500,(1 of 2) PTHR31165//PTHR31165:SF9 - FAMILY NOT NAMED // PROTEIN LIGHT-DEPENDENT SHORT HYPOCOTYLS 7-RELATED,floralwhite,NA
Manes.15G097600.v8.1,Manes.15G097600,(1 of 1) PTHR11545//PTHR11545:SF7 - RIBOSOMAL PROTEIN L13 // 50S RIBOSOMAL PROTEIN L13; CHLOROPLASTIC,yellow,NA
Manes.15G100000.v8.1,Manes.15G100000,(1 of 1) K03351 - anaphase-promoting complex subunit 4 (APC4),yellow,NA
Manes.15G100800.v8.1,Manes.15G100800,(1 of 1) PTHR12741:SF22 - CALLOSE SYNTHASE 8-RELATED,yellow,carb
Manes.15G101000.v8.1,Manes.15G101000,(1 of 1) KOG2789 - Putative Zn-finger protein,floralwhite,NA
Manes.15G101100.v8.1,Manes.15G101100,(1 of 4) PF02798//PF14497 - Glutathione S-transferase; N-terminal domain (GST_N) // Glutathione S-transferase; C-terminal domain (GST_C_3),brown,NA
Manes.15G104800.v8.1,Manes.15G104800,(1 of 207) PF01535//PF13041 - PPR repeat (PPR) // PPR repeat family (PPR_2),brown,NA
Manes.15G106400.v8.1,Manes.15G106400,(1 of 1) PTHR24031//PTHR24031:SF264 - RNA HELICASE // SUBFAMILY NOT NAMED,brown,NA
Manes.15G108200.v8.1,Manes.15G108200,(1 of 4) PTHR10641//PTHR10641:SF455 - MYB-LIKE DNA-BINDING PROTEIN MYB // SUBFAMILY NOT NAMED,brown,NA
Manes.15G108400.v8.1,Manes.15G108400,(1 of 4) PTHR31194//PTHR31194:SF5 - SHN  SHINE ; DNA BINDING / TRANSCRIPTION FACTOR // SUBFAMILY NOT NAMED,yellow,NA
Manes.15G113000.v8.1,Manes.15G113000,(1 of 599) PF13041 - PPR repeat family (PPR_2),brown,NA
Manes.15G117300.v8.1,Manes.15G117300,(1 of 2) PTHR12210:SF71 - SCP1-LIKE SMALL PHOSPHATASE 4-RELATED,floralwhite,NA
Manes.15G119300.v8.1,Manes.15G119300,(1 of 2) K09647 - mitochondrial inner membrane protease subunit 1 (IMP1),brown,NA
Manes.15G119950.v8.1,Manes.15G119950,(1 of 2) PTHR13711:SF200 - HIGH MOBILITY GROUP B PROTEIN 14,brown,NA
Manes.15G120501.v8.1,Manes.15G120501,(1 of 2) K02882 - large subunit ribosomal protein L18Ae (RP-L18Ae; RPL18A),yellow,NA
Manes.15G121100.v8.1,Manes.15G121100,(1 of 1) PF00076//PF05383 - RNA recognition motif. (a.k.a. RRM; RBD; or RNP domain) (RRM_1) // La domain (La),brown,NA
Manes.15G121200.v8.1,Manes.15G121200,(1 of 3) K02955 - small subunit ribosomal protein S14e (RP-S14e; RPS14),brown,NA
Manes.15G123700.v8.1,Manes.15G123700,,brown,NA
Manes.15G125300.v8.1,Manes.15G125300,(1 of 1) PTHR35720//PTHR35720:SF1 - FAMILY NOT NAMED // PLASTID TRANSCRIPTIONALLY ACTIVE 12,floralwhite,NA
Manes.15G127900.v8.1,Manes.15G127900,(1 of 1) K03655 - ATP-dependent DNA helicase RecG (recG),brown,NA
Manes.15G128100.v8.1,Manes.15G128100,,brown,NA
Manes.15G128200.v8.1,Manes.15G128200,(1 of 5) PTHR24055//PTHR24055:SF211 - MITOGEN-ACTIVATED PROTEIN KINASE // MITOGEN-ACTIVATED PROTEIN KINASE 16-RELATED,brown,NA
Manes.15G128300.v8.1,Manes.15G128300,(1 of 1) PTHR10285:SF53 - URIDINE KINASE,yellow,NA
Manes.15G128900.v8.1,Manes.15G128900,(1 of 3) PTHR31288//PTHR31288:SF10 - FAMILY NOT NAMED // O-FUCOSYLTRANSFERASE FAMILY PROTEIN,yellow,NA
Manes.15G130900.v8.1,Manes.15G130900,(1 of 2) PTHR13261//PTHR13261:SF0 - CDK INHIBITOR P21 BINDING PROTEIN // BRCA2 AND CDKN1A-INTERACTING PROTEIN,floralwhite,NA
Manes.15G131000.v8.1,Manes.15G131000,(1 of 3) KOG4467 - Uncharacterized conserved protein,brown,NA
Manes.15G131400.v8.1,Manes.15G131400,(1 of 3) PTHR31448//PTHR31448:SF3 - FAMILY NOT NAMED // IFA-BINDING PROTEIN,yellow,NA
Manes.15G134400.v8.1,Manes.15G134400,(1 of 5) PF07058 - Microtubule-associated protein 70 (MAP70),skyblue3,NA
Manes.15G135600.v8.1,Manes.15G135600,(1 of 1) PF05183//PF14259 - RNA dependent RNA polymerase (RdRP) // RNA recognition motif (a.k.a. RRM; RBD; or RNP domain) (RRM_6),brown,NA
Manes.15G136500.v8.1,Manes.15G136500,(1 of 1) PTHR10015//PTHR10015:SF156 - HEAT SHOCK TRANSCRIPTION FACTOR // HEAT STRESS TRANSCRIPTION FACTOR A-8,brown,NA
Manes.15G136900.v8.1,Manes.15G136900,(1 of 1) KOG2490 - Predicted membrane protein,brown,NA
Manes.15G137800.v8.1,Manes.15G137800,(1 of 3) PTHR31062//PTHR31062:SF44 - FAMILY NOT NAMED // XYLOGLUCAN ENDOTRANSGLUCOSYLASE/HYDROLASE PROTEIN 27-RELATED,yellow,carb
Manes.15G140500.v8.1,Manes.15G140500,(1 of 2) K03246 - translation initiation factor 3 subunit I (EIF3I),yellow,NA
Manes.15G141000.v8.1,Manes.15G141000,(1 of 1) PTHR13452//PTHR13452:SF9 - THUMP DOMAIN CONTAINING PROTEIN 1-RELATED // SUBFAMILY NOT NAMED,brown,NA
Manes.15G141100.v8.1,Manes.15G141100,(1 of 2) 3.1.21.7 - Deoxyribonuclease V / Escherichia coli endodeoxyribonuclease V,brown,NA
Manes.15G141200.v8.1,Manes.15G141200,(1 of 2) 3.1.21.7 - Deoxyribonuclease V / Escherichia coli endodeoxyribonuclease V,brown,NA
Manes.15G143600.v8.1,Manes.15G143600,(1 of 3) K15223 - upstream activation factor subunit UAF30 (UAF30; SPP27),yellow,NA
Manes.15G144000.v8.1,Manes.15G144000,(1 of 1) 1.2.1.38 - N-acetyl-gamma-glutamyl-phosphate reductase / NAGSA dehydrogenase,yellow,NA
Manes.15G145200.v8.1,Manes.15G145200,(1 of 6) PTHR31920//PTHR31920:SF18 - FAMILY NOT NAMED // B3 DOMAIN-CONTAINING PROTEIN REM19-RELATED,yellow,NA
Manes.15G150700.v8.1,Manes.15G150700,(1 of 2) PTHR24006//PTHR24006:SF492 - FAMILY NOT NAMED // F-BOX/LRR-REPEAT PROTEIN 5,yellow,NA
Manes.15G151200.v8.1,Manes.15G151200,(1 of 2) PTHR31902:SF5 - SUCRASE/FERREDOXIN-LIKE PROTEIN,brown,NA
Manes.15G150500.v8.1,Manes.15G150500,(1 of 1) 2.1.1.287 - 25S rRNA (adenine(645)-N(1))-methyltransferase / 25S rRNA m(1)A(645) methyltransferase,brown,NA
Manes.15G152800.v8.1,Manes.15G152800,(1 of 2) PTHR24073:SF597 - RAS-RELATED PROTEIN RABB1B,floralwhite,NA
Manes.15G153700.v8.1,Manes.15G153700,(1 of 4) PTHR12277:SF42 - ALPHA/BETA-HYDROLASES SUPERFAMILY PROTEIN-RELATED,yellow,NA
Manes.15G155400.v8.1,Manes.15G155400,(1 of 1) PTHR34278//PTHR34278:SF1 - FAMILY NOT NAMED // GB|AAC02775.1,brown,NA
Manes.15G158400.v8.1,Manes.15G158400,(1 of 1) PF12796//PF13637//PF13857 - Ankyrin repeats (3 copies) (Ank_2) // Ankyrin repeats (many copies) (Ank_4) // Ankyrin repeats (many copies) (Ank_5),yellow,NA
Manes.15G158600.v8.1,Manes.15G158600,(1 of 1) PTHR10742:SF229 - PROTOPORPHYRINOGEN OXIDASE 2; CHLOROPLASTIC/MITOCHONDRIAL,brown,NA
Manes.15G159500.v8.1,Manes.15G159500,(1 of 1) PTHR10285//PTHR10285:SF71 - URIDINE KINASE // URIDINE KINASE-LIKE PROTEIN 1; CHLOROPLASTIC-RELATED,yellow,NA
Manes.15G159600.v8.1,Manes.15G159600,(1 of 1) PTHR11061//PTHR11061:SF29 - RNA M5U METHYLTRANSFERASE FAMILY // SUBFAMILY NOT NAMED,brown,NA
Manes.15G160400.v8.1,Manes.15G160400,(1 of 207) PF01535//PF13041 - PPR repeat (PPR) // PPR repeat family (PPR_2),yellow,NA
Manes.15G160800.v8.1,Manes.15G160800,(1 of 1) PTHR10857//PTHR10857:SF43 - COPINE // SUBFAMILY NOT NAMED,brown,NA
Manes.15G161500.v8.1,Manes.15G161500,(1 of 2) K02899 - large subunit ribosomal protein L27 (RP-L27; MRPL27; rpmA),yellow,NA
Manes.15G161800.v8.1,Manes.15G161800,(1 of 1) PTHR21354:SF0 - ZINC FINGER PROTEIN 511,brown,NA
Manes.15G161900.v8.1,Manes.15G161900,(1 of 1) PTHR31517:SF7 - PEROXIDASE 55,skyblue3,NA
Manes.15G162000.v8.1,Manes.15G162000,(1 of 3) PTHR21576//PTHR21576:SF44 - UNCHARACTERIZED NODULIN-LIKE PROTEIN // MAJOR FACILITATOR PROTEIN,yellow,NA
Manes.15G162100.v8.1,Manes.15G162100,(1 of 11) PF11820 - Protein of unknown function (DUF3339) (DUF3339),brown,NA
Manes.15G162300.v8.1,Manes.15G162300,(1 of 1) PTHR33128//PTHR33128:SF13 - FAMILY NOT NAMED // EMB|CAB62355.1,brown,NA
Manes.15G166700.v8.1,Manes.15G166700,(1 of 1) PTHR11252//PTHR11252:SF3 - POLYRIBONUCLEOTIDE NUCLEOTIDYLTRANSFERASE // POLYRIBONUCLEOTIDE NUCLEOTIDYLTRANSFERASE 1; MITOCHONDRIAL,yellow,NA
Manes.15G173200.v8.1,Manes.15G173200,(1 of 3) PF11145 - Protein of unknown function (DUF2921) (DUF2921),yellow,NA
Manes.15G179300.v8.1,Manes.15G179300,(1 of 9) 1.13.11.19 - Cysteamine dioxygenase / Persulfurase,yellow,NA
Manes.15G180400.v8.1,Manes.15G180400,(1 of 7) PTHR11654//PTHR11654:SF59 - OLIGOPEPTIDE TRANSPORTER-RELATED // PROTEIN NRT1/ PTR FAMILY 2.10-RELATED,brown,NA
Manes.15G175500.v8.1,Manes.15G175500,(1 of 1) PTHR23070//PTHR23070:SF19 - BCS1 AAA-TYPE ATPASE // SUBFAMILY NOT NAMED,brown,NA
Manes.15G180100.v8.1,Manes.15G180100,(1 of 2) PTHR32285:SF28 - PROTEIN ALTERED XYLOGLUCAN 4-LIKE,yellow,NA
Manes.15G179000.v8.1,Manes.15G179000,(1 of 62) PF00892 - EamA-like transporter family (EamA),brown,NA
Manes.15G181500.v8.1,Manes.15G181500,(1 of 5) K02998 - small subunit ribosomal protein SAe (RP-SAe; RPSA),yellow,NA
Manes.15G185200.v8.1,Manes.15G185200,(1 of 1) PTHR13748//PTHR13748:SF40 - COBW-RELATED // SUBFAMILY NOT NAMED,yellow,NA
Manes.15G186150.v8.1,Manes.15G186150,,brown,NA
Manes.15G190900.v8.1,Manes.15G190900,(1 of 62) PF00892 - EamA-like transporter family (EamA),brown,NA
Manes.15G188100.v8.1,Manes.15G188100,(1 of 16) KOG1552 - Predicted alpha/beta hydrolase,yellow,NA
Manes.15G192700.v8.1,Manes.15G192700,(1 of 2) PTHR10218//PTHR10218:SF192 - GTP-BINDING PROTEIN ALPHA SUBUNIT // EXTRA-LARGE GUANINE NUCLEOTIDE-BINDING PROTEIN 3,floralwhite,NA
Manes.16G000900.v8.1,Manes.16G000900,(1 of 16) 4.2.3.19 - Ent-kaurene synthase / Ent-kaurene synthetase B,yellow,NA
Manes.16G001800.v8.1,Manes.16G001800,(1 of 2) K11147 - dehydrogenase/reductase SDR family member 4 (DHRS4),brown,NA
Manes.16G006100.v8.1,Manes.16G006100,(1 of 2) PTHR10374:SF17 - GLYOXALASE I HOMOLOG,yellow,NA
Manes.16G006600.v8.1,Manes.16G006600,(1 of 1) PTHR11214:SF109 - BETA-1;3-GALACTOSYLTRANSFERASE 1-RELATED,yellow,carb
Manes.16G006900.v8.1,Manes.16G006900,(1 of 3) PTHR12526//PTHR12526:SF341 - GLYCOSYLTRANSFERASE // SUBFAMILY NOT NAMED,brown,carb
Manes.16G007000.v8.1,Manes.16G007000,(1 of 2) K02115 - F-type H+-transporting ATPase subunit gamma (ATPF1G; atpG),brown,NA
Manes.16G008000.v8.1,Manes.16G008000,(1 of 2) PTHR11206:SF140 - MATE EFFLUX FAMILY PROTEIN,yellow,NA
Manes.16G009600.v8.1,Manes.16G009600,(1 of 5) K13989 - Derlin-2/3 (DERL2_3),brown,NA
Manes.16G010400.v8.1,Manes.16G010400,(1 of 1) PTHR11079:SF79 - RNA PSEUDOURIDINE SYNTHASE 6; CHLOROPLASTIC,brown,NA
Manes.16G011900.v8.1,Manes.16G011900,(1 of 5) K03113 - translation initiation factor 1 (EIF1; SUI1),yellow,NA
Manes.16G012700.v8.1,Manes.16G012700,(1 of 1) 2.7.4.27 - ([Pyruvate; phosphate dikinase] phosphate) phosphotransferase / Pyruvate; phosphate dikinase regulatory protein,yellow,NA
Manes.16G013300.v8.1,Manes.16G013300,(1 of 30) PF01657//PF07714 - Salt stress response/antifungal (Stress-antifung) // Protein tyrosine kinase (Pkinase_Tyr),brown,NA
Manes.16G014401.v8.1,Manes.16G014401,(1 of 77) KOG0198 - MEKK and related serine/threonine protein kinases,brown,NA
Manes.16G017400.v8.1,Manes.16G017400,(1 of 1) PTHR14255//PTHR14255:SF3 - ATP-DEPENDENT PROTEASE  CEREBLON // SULFITE EXPORTER TAUE/SAFE FAMILY PROTEIN,brown,NA
Manes.16G017100.v8.1,Manes.16G017100,(1 of 1) PTHR24115:SF464 - KINESIN-1-RELATED,brown,NA
Manes.16G015500.v8.1,Manes.16G015500,(1 of 2) PTHR31346:SF3 - DAG PROTEIN-RELATED,brown,NA
Manes.16G015400.v8.1,Manes.16G015400,(1 of 2) PTHR16223:SF21 - TRANSCRIPTION FACTOR BHLH103-RELATED,brown,NA
Manes.16G015200.v8.1,Manes.16G015200,(1 of 2) PTHR23315:SF112 - U-BOX DOMAIN-CONTAINING PROTEIN 8,floralwhite,NA
Manes.16G018900.v8.1,Manes.16G018900,(1 of 35) PTHR27002//PTHR27002:SF84 - FAMILY NOT NAMED // ATP BINDING / PROTEIN KINASE-RELATED,yellow,NA
Manes.16G021700.v8.1,Manes.16G021700,(1 of 3) PTHR33098:SF10 - T28P6.11 PROTEIN,brown,NA
Manes.16G023300.v8.1,Manes.16G023300,,skyblue3,NA
Manes.16G023800.v8.1,Manes.16G023800,(1 of 1) PTHR31719//PTHR31719:SF29//PTHR31719:SF9 - FAMILY NOT NAMED // SUBFAMILY NOT NAMED // ATNAC2-RELATED,brown,NA
Manes.16G024400.v8.1,Manes.16G024400,(1 of 19) PF06749 - Protein of unknown function (DUF1218) (DUF1218),skyblue3,NA
Manes.16G024500.v8.1,Manes.16G024500,(1 of 45) PF02701 - Dof domain; zinc finger (zf-Dof),brown,NA
Manes.16G026100.v8.1,Manes.16G026100,(1 of 1) PTHR19282//PTHR19282:SF221 - TETRASPANIN // SUBFAMILY NOT NAMED,floralwhite,NA
Manes.16G026200.v8.1,Manes.16G026200,,brown,NA
Manes.16G027500.v8.1,Manes.16G027500,(1 of 2) KOG0895 - Ubiquitin-conjugating enzyme,brown,NA
Manes.16G028200.v8.1,Manes.16G028200,,yellow,NA
Manes.16G029300.v8.1,Manes.16G029300,(1 of 2) K02988 - small subunit ribosomal protein S5 (RP-S5; MRPS5; rpsE),brown,NA
Manes.16G032500.v8.1,Manes.16G032500,(1 of 3) PTHR31079:SF5 - NAC DOMAIN CONTAINING PROTEIN 10,brown,NA
Manes.16G032600.v8.1,Manes.16G032600,(1 of 2) PTHR10751//PTHR10751:SF44 - GUANYLATE BINDING PROTEIN // SUBFAMILY NOT NAMED,yellow,NA
Manes.16G033500.v8.1,Manes.16G033500,(1 of 2) PTHR33873//PTHR33873:SF1 - FAMILY NOT NAMED // TRANSCRIPTION FACTOR VOZ1,brown,NA
Manes.16G040300.v8.1,Manes.16G040300,(1 of 53) PF14009 - Domain of unknown function (DUF4228) (DUF4228),brown,NA
Manes.16G042900.v8.1,Manes.16G042900,(1 of 1) PTHR13194:SF19 - NAD(P)-BINDING ROSSMANN-FOLD SUPERFAMILY PROTEIN,brown,NA
Manes.16G038730.v8.1,Manes.16G038730,(1 of 2) PTHR33057//PTHR33057:SF10 - FAMILY NOT NAMED // OVATE FAMILY PROTEIN 5,yellow,NA
Manes.16G043400.v8.1,Manes.16G043400,,yellow,NA
Manes.16G043800.v8.1,Manes.16G043800,(1 of 3) K15731 - carboxy-terminal domain RNA polymerase II polypeptide A small phosphatase [EC:3.1.3.16] (CTDSP),brown,NA
Manes.16G044900.v8.1,Manes.16G044900,(1 of 2) PTHR31288:SF5 - GENOMIC DNA; CHROMOSOME 3; P1 CLONE: MXL8-RELATED,brown,NA
Manes.16G045300.v8.1,Manes.16G045300,,yellow,NA
Manes.16G046301.v8.1,Manes.16G046301,(1 of 1) PTHR13343//PTHR13343:SF16 - CREG1 PROTEIN // SUBFAMILY NOT NAMED,brown,NA
Manes.16G048683.v8.1,Manes.16G048683,(1 of 2) PTHR22891:SF4 - PROTEIN ARGONAUTE 2-RELATED,brown,NA
Manes.16G053000.v8.1,Manes.16G053000,(1 of 4) 1.1.1.42 - Isocitrate dehydrogenase (NADP(+)) / oxalosuccinate carboxylase,brown,NA
Manes.16G055032.v8.1,Manes.16G055032,(1 of 2) PTHR12547//PTHR12547:SF63 - CCCH ZINC FINGER/TIS11-RELATED // ZINC FINGER CCCH DOMAIN-CONTAINING PROTEIN 37-RELATED,brown,NA
Manes.16G054458.v8.1,Manes.16G054458,(1 of 11) PF04937 - Protein of unknown function (DUF 659) (DUF659),skyblue3,NA
Manes.16G055700.v8.1,Manes.16G055700,(1 of 1) PTHR10281//PTHR10281:SF40 - MEMBRANE-ASSOCIATED PROGESTERONE RECEPTOR COMPONENT-RELATED // SUBFAMILY NOT NAMED,yellow,NA
Manes.16G056900.v8.1,Manes.16G056900,(1 of 1) PTHR23089:SF3 - HISTIDINE TRIAD NUCLEOTIDE-BINDING PROTEIN 1,yellow,NA
Manes.16G058100.v8.1,Manes.16G058100,(1 of 1) PTHR22765:SF56 - VACUOLAR-SORTING RECEPTOR 5-RELATED,yellow,NA
Manes.16G061800.v8.1,Manes.16G061800,(1 of 3) K01187 - alpha-glucosidase (malZ),brown,carb
Manes.16G063300.v8.1,Manes.16G063300,(1 of 43) PF05553 - Cotton fibre expressed protein (DUF761),yellow,NA
Manes.16G064300.v8.1,Manes.16G064300,(1 of 2) PTHR10257//PTHR10257:SF13 - SERINE/THREONINE PROTEIN PHOSPHATASE 2A  PP2A  REGULATORY SUBUNIT B // SUBFAMILY NOT NAMED,skyblue3,NA
Manes.16G064900.v8.1,Manes.16G064900,(1 of 1) PTHR19957//PTHR19957:SF116 - SYNTAXIN // SYNTAXIN-32,floralwhite,NA
Manes.16G070300.v8.1,Manes.16G070300,(1 of 6) PTHR10383 - SERINE INCORPORATOR,brown,NA
Manes.16G072000.v8.1,Manes.16G072000,(1 of 1) 5.5.1.24 - Tocopherol cyclase,skyblue3,NA
Manes.16G072400.v8.1,Manes.16G072400,(1 of 3) PTHR11909:SF97 - CASEIN KINASE 1-LIKE PROTEIN 4,floralwhite,NA
Manes.16G073200.v8.1,Manes.16G073200,(1 of 2) 3.1.3.23 - Sugar-phosphatase,yellow,carb
Manes.16G076400.v8.1,Manes.16G076400,(1 of 2) K08850 - aurora kinase; other [EC:2.7.11.1] (AURKX),yellow,NA
Manes.16G077900.v8.1,Manes.16G077900,(1 of 2) K14291 - phosphorylated adapter RNA export protein (PHAX),brown,NA
Manes.16G078500.v8.1,Manes.16G078500,(1 of 4) K02140 - F-type H+-transporting ATPase subunit g (ATPeFG; ATP5L; ATP20),yellow,NA
Manes.16G079300.v8.1,Manes.16G079300,(1 of 2) PTHR11850:SF92 - HOMEOBOX PROTEIN ATH1,yellow,NA
Manes.16G081200.v8.1,Manes.16G081200,(1 of 2) 1.14.19.3 - Acyl-CoA 6-desaturase / Long-chain fatty acid Delta(6)-desaturase,brown,NA
Manes.16G084100.v8.1,Manes.16G084100,,brown,NA
Manes.16G086000.v8.1,Manes.16G086000,(1 of 2) PTHR27000:SF188 - LRR RECEPTOR-LIKE SERINE/THREONINE-PROTEIN KINASE ERECTA,brown,NA
Manes.16G086100.v8.1,Manes.16G086100,(1 of 1) PTHR13140//PTHR13140:SF304 - MYOSIN // MYOSIN IA HEAVY CHAIN-RELATED,brown,NA
Manes.16G088300.v8.1,Manes.16G088300,(1 of 3) PTHR33077//PTHR33077:SF5 - FAMILY NOT NAMED // PROTEIN TIFY 3A-RELATED,yellow,NA
Manes.16G088800.v8.1,Manes.16G088800,(1 of 1) PF06941 - 5' nucleotidase; deoxy (Pyrimidine); cytosolic type C protein (NT5C) (NT5C),floralwhite,NA
Manes.16G089900.v8.1,Manes.16G089900,(1 of 2) PTHR22970:SF21 - AT-RICH INTERACTIVE DOMAIN-CONTAINING PROTEIN 4,brown,NA
Manes.16G090400.v8.1,Manes.16G090400,(1 of 3) PTHR11200//PTHR11200:SF131 - INOSITOL 5-PHOSPHATASE // SUBFAMILY NOT NAMED,yellow,NA
Manes.16G091200.v8.1,Manes.16G091200,(1 of 2) PTHR31384:SF21 - AUXIN RESPONSE FACTOR 19-RELATED,brown,NA
Manes.16G091600.v8.1,Manes.16G091600,(1 of 137) 3.1.1.11 - Pectinesterase / Pectin methylesterase,yellow,carb
Manes.16G093800.v8.1,Manes.16G093800,(1 of 1) PTHR23423//PTHR23423:SF10//PTHR23423:SF23 - ORGANIC SOLUTE TRANSPORTER-RELATED // TRANSMEMBRANE PROTEIN 184C // SUBFAMILY NOT NAMED,brown,NA
Manes.16G094202.v8.1,Manes.16G094202,,brown,NA
Manes.16G094900.v8.1,Manes.16G094900,(1 of 1) KOG1153 - Subtilisin-related protease/Vacuolar protease B,brown,NA
Manes.16G100600.v8.1,Manes.16G100600,(1 of 1) PTHR24198//PTHR24198:SF66 - ANKYRIN REPEAT AND PROTEIN KINASE DOMAIN-CONTAINING PROTEIN // REGULATORY PROTEIN NPR1-RELATED,skyblue3,NA
Manes.16G101500.v8.1,Manes.16G101500,(1 of 8) PF05553//PF14364 - Cotton fibre expressed protein (DUF761) // Domain of unknown function (DUF4408) (DUF4408),yellow,NA
Manes.16G101900.v8.1,Manes.16G101900,(1 of 2) PTHR22850//PTHR22850:SF105 - WD40 REPEAT FAMILY // SUBFAMILY NOT NAMED,yellow,NA
Manes.16G103300.v8.1,Manes.16G103300,(1 of 4) PTHR12374//PTHR12374:SF19 - TRANSCRIPTIONAL ADAPTOR 2  ADA2 -RELATED // SUBFAMILY NOT NAMED,brown,NA
Manes.16G103800.v8.1,Manes.16G103800,(1 of 3) PTHR11034//PTHR11034:SF23 - N-MYC DOWNSTREAM REGULATED // N-MYC DOWNREGULATED-LIKE 3 PROTEIN,yellow,NA
Manes.16G105100.v8.1,Manes.16G105100,(1 of 1) K11303 - histone acetyltransferase 1 (HAT1; KAT1),brown,NA
Manes.16G107300.v8.1,Manes.16G107300,(1 of 5) K13989 - Derlin-2/3 (DERL2_3),skyblue3,NA
Manes.16G107700.v8.1,Manes.16G107700,(1 of 2) PTHR32227//PTHR32227:SF88 - FAMILY NOT NAMED // GLUCAN ENDO-1;3-BETA-GLUCOSIDASE 12-RELATED,yellow,carb
Manes.16G108600.v8.1,Manes.16G108600,(1 of 2) PTHR12726//PTHR12726:SF0 - CERAMIDE GLUCOSYLTRANSFERASE // CERAMIDE GLUCOSYLTRANSFERASE,yellow,NA
Manes.16G112000.v8.1,Manes.16G112000,(1 of 2) PTHR10374//PTHR10374:SF12 - LACTOYLGLUTATHIONE LYASE  GLYOXALASE I // SUBFAMILY NOT NAMED,brown,NA
Manes.16G112600.v8.1,Manes.16G112600,(1 of 2) K02357 - elongation factor Ts (tsf; TSFM),brown,NA
Manes.16G113400.v8.1,Manes.16G113400,(1 of 5) PTHR10430 - PEROXIREDOXIN,brown,NA
Manes.16G113700.v8.1,Manes.16G113700,(1 of 2) PTHR23503//PTHR23503:SF37 - FAMILY NOT NAMED // PLASTIDIC GLUCOSE TRANSPORTER 2-RELATED,yellow,NA
Manes.16G117200.v8.1,Manes.16G117200,(1 of 2) K12355 - coniferyl-aldehyde dehydrogenase (REF1),brown,NA
Manes.16G118500.v8.1,Manes.16G118500,(1 of 1) PTHR12121//PTHR12121:SF48 - CARBON CATABOLITE REPRESSOR PROTEIN 4 // CARBON CATABOLITE REPRESSOR PROTEIN 4 HOMOLOG 6,yellow,NA
Manes.16G120800.v8.1,Manes.16G120800,(1 of 3) PTHR11132//PTHR11132:SF80 - SOLUTE CARRIER FAMILY 35 // SUBFAMILY NOT NAMED,yellow,NA
Manes.16G121600.v8.1,Manes.16G121600,(1 of 3) PTHR18896//PTHR18896:SF11 - PHOSPHOLIPASE D // PHOSPHOLIPASE D ALPHA 1-RELATED,brown,NA
Manes.16G122000.v8.1,Manes.16G122000,(1 of 2) PTHR27002:SF31 - G-TYPE LECTIN S-RECEPTOR-LIKE SERINE/THREONINE-PROTEIN KINASE SD2-5,brown,NA
Manes.16G122400.v8.1,Manes.16G122400,(1 of 1) PTHR22951//PTHR22951:SF13 - CLATHRIN ASSEMBLY PROTEIN // SUBFAMILY NOT NAMED,brown,NA
Manes.16G122500.v8.1,Manes.16G122500,(1 of 2) PF11721//PF13855 - Di-glucose binding within endoplasmic reticulum (Malectin) // Leucine rich repeat (LRR_8),brown,NA
Manes.16G123300.v8.1,Manes.16G123300,(1 of 2) PTHR21136//PTHR21136:SF104 - SNARE PROTEINS // SUBFAMILY NOT NAMED,brown,NA
Manes.16G124200.v8.1,Manes.16G124200,(1 of 6) KOG2765 - Predicted membrane protein,brown,NA
Manes.16G126400.v8.1,Manes.16G126400,(1 of 5) PF15365 - Proline-rich nuclear receptor coactivator (PNRC),skyblue3,NA
Manes.16G129800.v8.1,Manes.16G129800,(1 of 2) PTHR32370//PTHR32370:SF7 - FAMILY NOT NAMED // BTB/POZ DOMAIN-CONTAINING PROTEIN NPY1,brown,NA
Manes.16G130200.v8.1,Manes.16G130200,(1 of 2) K12592 - exosome complex protein LRP1 (C1D; LRP1),yellow,NA
Manes.16G130900.v8.1,Manes.16G130900,(1 of 2) KOG1766 - Enhancer of rudimentary,brown,NA
Manes.16G131200.v8.1,Manes.16G131200,(1 of 1) PTHR31585//PTHR31585:SF6 - FAMILY NOT NAMED // FOLATE-BIOPTERIN TRANSPORTER 2-RELATED,skyblue3,NA
Manes.16G131700.v8.1,Manes.16G131700,(1 of 1) PTHR19315:SF9 - ER MEMBRANE PROTEIN COMPLEX SUBUNIT 4,skyblue3,NA
Manes.16G133300.v8.1,Manes.16G133300,(1 of 3) K07942 - ADP-ribosylation factor-like protein 1 (ARL1),yellow,NA
Manes.16G133800.v8.1,Manes.16G133800,(1 of 10) K11855 - ubiquitin carboxyl-terminal hydrolase 36/42 [EC:3.4.19.12] (USP36_42),brown,NA
Manes.16G135100.v8.1,Manes.16G135100,,brown,NA
Manes.16G136300.v8.1,Manes.16G136300,(1 of 2) PTHR10566//PTHR10566:SF53 - CHAPERONE-ACTIVITY OF BC1 COMPLEX  CABC1 -RELATED // SUBFAMILY NOT NAMED,brown,NA
Manes.16G136400.v8.1,Manes.16G136400,(1 of 13) PF04755 - PAP_fibrillin (PAP_fibrillin),yellow,NA
Manes.17G001200.v8.1,Manes.17G001200,(1 of 1) K12400 - AP-4 complex subunit epsilon-1 (AP4E1),yellow,NA
Manes.17G005900.v8.1,Manes.17G005900,(1 of 1) PTHR11662:SF282 - ANION TRANSPORTER 5-RELATED,yellow,NA
Manes.17G005100.v8.1,Manes.17G005100,(1 of 2) PF07741 - Brf1-like TBP-binding domain (BRF1),brown,NA
Manes.17G003200.v8.1,Manes.17G003200,(1 of 1) K11363 - SAGA-associated factor 11 (SGF11),brown,NA
Manes.17G006800.v8.1,Manes.17G006800,(1 of 2) K08762 - diazepam-binding inhibitor (GABA receptor modulator; acyl-CoA-binding protein) (DBI; ACBP),yellow,NA
Manes.17G008600.v8.1,Manes.17G008600,(1 of 11) PF04819 - Family of unknown function (DUF716) (DUF716),brown,NA
Manes.17G009100.v8.1,Manes.17G009100,(1 of 2) 1.23.1.4 - (-)-lariciresinol reductase / Pinoresinol/lariciresinol reductase,brown,NA
Manes.17G010600.v8.1,Manes.17G010600,(1 of 1) PTHR24006:SF470 - PROTEIN Y71A12B.15,yellow,NA
Manes.17G013400.v8.1,Manes.17G013400,(1 of 1) PTHR31213:SF6 - ABSCISIC ACID RECEPTOR PYL1-RELATED,yellow,NA
Manes.17G015710.v8.1,Manes.17G015710,,yellow,NA
Manes.17G014300.v8.1,Manes.17G014300,(1 of 16) KOG1677 - CCCH-type Zn-finger protein,yellow,NA
Manes.17G014700.v8.1,Manes.17G014700,(1 of 2) K03039 - 26S proteasome regulatory subunit N9 (PSMD13; RPN9),skyblue3,NA
Manes.17G017000.v8.1,Manes.17G017000,,floralwhite,NA
Manes.17G021150.v8.1,Manes.17G021150,(1 of 1569) 2.7.11.1 - Non-specific serine/threonine protein kinase / Threonine-specific protein kinase,brown,NA
Manes.17G020800.v8.1,Manes.17G020800,(1 of 1) K18164 - NADH dehydrogenase [ubiquinone] 1 alpha subcomplex assembly factor 7 (NDUFAF7),yellow,NA
Manes.17G025599.v8.1,Manes.17G025599,(1 of 7) PTHR23070//PTHR23070:SF5 - BCS1 AAA-TYPE ATPASE // AAA-TYPE ATPASE FAMILY PROTEIN-RELATED,brown,NA
Manes.17G024283.v8.1,Manes.17G024283,(1 of 1) K14766 - nucleolar protein 14 (NOP14; UTP2),yellow,NA
Manes.17G029024.v8.1,Manes.17G029024,(1 of 6) PTHR24361:SF380 - MITOGEN-ACTIVATED PROTEIN KINASE KINASE KINASE 17-RELATED,floralwhite,NA
Manes.17G025900.v8.1,Manes.17G025900,(1 of 1) K00605 - aminomethyltransferase (gcvT; AMT),brown,NA
Manes.17G038400.v8.1,Manes.17G038400,(1 of 3) PTHR11206//PTHR11206:SF143 - MULTIDRUG RESISTANCE PROTEIN // SUBFAMILY NOT NAMED,yellow,NA
Manes.17G037400.v8.1,Manes.17G037400,(1 of 5) PF06454 - Protein of unknown function (DUF1084) (DUF1084),brown,NA
Manes.17G035500.v8.1,Manes.17G035500,(1 of 7) K12160 - small ubiquitin-related modifier (SUMO; SMT3),skyblue3,NA
Manes.17G030100.v8.1,Manes.17G030100,(1 of 7) PF04504 - Protein of unknown function; DUF573 (DUF573),brown,NA
Manes.17G031100.v8.1,Manes.17G031100,(1 of 2) PTHR16223:SF21 - TRANSCRIPTION FACTOR BHLH103-RELATED,skyblue3,NA
Manes.17G031200.v8.1,Manes.17G031200,(1 of 7) K03809 - NAD(P)H dehydrogenase (quinone) (wrbA),brown,NA
Manes.17G034100.v8.1,Manes.17G034100,(1 of 38) PF00564 - PB1 domain (PB1),brown,NA
Manes.17G041500.v8.1,Manes.17G041500,(1 of 2) PF08513//PF10607 - LisH (LisH) // CTLH/CRA C-terminal to LisH motif domain (CLTH),yellow,NA
Manes.17G041900.v8.1,Manes.17G041900,(1 of 2) PTHR31719//PTHR31719:SF9 - FAMILY NOT NAMED // ATNAC2-RELATED,brown,NA
Manes.17G043700.v8.1,Manes.17G043700,,yellow,NA
Manes.17G045000.v8.1,Manes.17G045000,(1 of 2) PTHR12313//PTHR12313:SF6 - RNF5 // SUBFAMILY NOT NAMED,skyblue3,NA
Manes.17G045800.v8.1,Manes.17G045800,(1 of 2) K06027 - vesicle-fusing ATPase (NSF),brown,NA
Manes.17G046600.v8.1,Manes.17G046600,(1 of 46) PF05678 - VQ motif (VQ),brown,NA
Manes.17G047800.v8.1,Manes.17G047800,(1 of 1) PTHR21004:SF0 - PEROXISOMAL LEADER PEPTIDE-PROCESSING PROTEASE,yellow,NA
Manes.17G052700.v8.1,Manes.17G052700,(1 of 1) PTHR10891:SF639 - CALCIUM-BINDING EF-HAND FAMILY PROTEIN-RELATED,skyblue3,NA
Manes.17G053000.v8.1,Manes.17G053000,(1 of 2) PTHR12992//PTHR12992:SF7 - MUTT-NUDIX-RELATED // SUBFAMILY NOT NAMED,yellow,NA
Manes.17G053600.v8.1,Manes.17G053600,(1 of 2) PTHR18968//PTHR18968:SF132 - THIAMINE PYROPHOSPHATE ENZYMES // SUBFAMILY NOT NAMED,yellow,NA
Manes.17G055500.v8.1,Manes.17G055500,(1 of 1) PTHR22814:SF107 - F28N24.19 PROTEIN,brown,NA
Manes.17G055600.v8.1,Manes.17G055600,(1 of 2) PTHR12482//PTHR12482:SF11 - UNCHARACTERIZED // HYDROLASE-LIKE PROTEIN,floralwhite,NA
Manes.17G055850.v8.1,Manes.17G055850,,yellow,NA
Manes.17G055900.v8.1,Manes.17G055900,(1 of 17) PF04852 - Protein of unknown function (DUF640) (DUF640),yellow,NA
Manes.17G056500.v8.1,Manes.17G056500,(1 of 1) PTHR33671:SF3 - F28N24.8 PROTEIN,brown,NA
Manes.17G059700.v8.1,Manes.17G059700,(1 of 4) K10956 - protein transport protein SEC61 subunit alpha (SEC61A),yellow,NA
Manes.17G060600.v8.1,Manes.17G060600,(1 of 2) PTHR10015:SF161 - E2F/DP FAMILY WINGED-HELIX DNA-BINDING DOMAIN-CONTAINING PROTEIN-RELATED,brown,NA
Manes.17G061450.v8.1,Manes.17G061450,(1 of 1569) 2.7.11.1 - Non-specific serine/threonine protein kinase / Threonine-specific protein kinase,yellow,NA
Manes.17G061500.v8.1,Manes.17G061500,(1 of 1) PTHR33199//PTHR33199:SF3 - FAMILY NOT NAMED // MACPF DOMAIN-CONTAINING PROTEIN CAD1,brown,NA
Manes.17G062900.v8.1,Manes.17G062900,(1 of 1) PTHR10791//PTHR10791:SF23 - RAG1-ACTIVATING PROTEIN 1 // SUBFAMILY NOT NAMED,brown,NA
Manes.17G063900.v8.1,Manes.17G063900,(1 of 15) 1.14.11.32 - Codeine 3-O-demethylase / Codeine O-demethylase,skyblue3,NA
Manes.17G066100.v8.1,Manes.17G066100,(1 of 2) PTHR11003:SF126 - POTASSIUM INWARD RECTIFIER (KIR)-LIKE CHANNEL 3-RELATED,yellow,NA
Manes.17G068348.v8.1,Manes.17G068348,(1 of 2) K02882 - large subunit ribosomal protein L18Ae (RP-L18Ae; RPL18A),yellow,NA
Manes.17G069100.v8.1,Manes.17G069100,(1 of 28) PF04398 - Protein of unknown function; DUF538 (DUF538),brown,NA
Manes.17G072500.v8.1,Manes.17G072500,,brown,NA
Manes.17G074000.v8.1,Manes.17G074000,(1 of 2) PTHR15835//PTHR15835:SF6 - FAMILY NOT NAMED // F20D23.9 PROTEIN,brown,NA
Manes.17G074300.v8.1,Manes.17G074300,(1 of 2) PTHR31384:SF3 - AUXIN RESPONSE FACTOR 6,floralwhite,NA
Manes.17G074800.v8.1,Manes.17G074800,(1 of 1) PTHR12329//PTHR12329:SF17 - BCL2-ASSOCIATED ATHANOGENE // SUBFAMILY NOT NAMED,brown,NA
Manes.17G077300.v8.1,Manes.17G077300,,brown,NA
Manes.17G080600.v8.1,Manes.17G080600,(1 of 2) PTHR22951//PTHR22951:SF25 - CLATHRIN ASSEMBLY PROTEIN // SUBFAMILY NOT NAMED,brown,NA
Manes.17G081800.v8.1,Manes.17G081800,(1 of 166) PF00646 - F-box domain (F-box),brown,NA
Manes.17G086800.v8.1,Manes.17G086800,(1 of 6) PF07227//PF16312 - PHD - plant homeodomain finger protein (PHD_Oberon) // Coiled-coil region of Oberon (Oberon_cc),yellow,NA
Manes.17G089100.v8.1,Manes.17G089100,(1 of 9) KOG2679 - Purple (tartrate-resistant) acid phosphatase,brown,NA
Manes.17G090300.v8.1,Manes.17G090300,(1 of 2) PTHR27000:SF5 - SERINE/THREONINE-PROTEIN KINASE BRI1-LIKE 2,skyblue3,NA
Manes.17G090900.v8.1,Manes.17G090900,(1 of 6) PTHR10766//PTHR10766:SF58 - TRANSMEMBRANE 9 SUPERFAMILY PROTEIN // SUBFAMILY NOT NAMED,brown,NA
Manes.17G091900.v8.1,Manes.17G091900,(1 of 3) PTHR24015:SF419 - NUCLEOTIDE-DIPHOSPHO-SUGAR TRANSFERASE DOMAIN-CONTAINING PROTEIN-RELATED,brown,NA
Manes.17G095000.v8.1,Manes.17G095000,(1 of 5) PTHR10992:SF784 - ALPHA-HYDROXYNITRILE LYASE-RELATED,yellow,NA
Manes.17G095100.v8.1,Manes.17G095100,(1 of 3) PTHR10209//PTHR10209:SF98 - OXIDOREDUCTASE; 2OG-FE II  OXYGENASE FAMILY PROTEIN // SUBFAMILY NOT NAMED,brown,NA
Manes.17G096000.v8.1,Manes.17G096000,(1 of 3) K17925 - sorting nexin-13 (SNX13),yellow,NA
Manes.17G096500.v8.1,Manes.17G096500,(1 of 138) KOG0156 - Cytochrome P450 CYP2 subfamily,brown,NA
Manes.17G097300.v8.1,Manes.17G097300,(1 of 8) PF05562 - Cold acclimation protein WCOR413 (WCOR413),yellow,NA
Manes.17G097600.v8.1,Manes.17G097600,,brown,NA
Manes.17G099100.v8.1,Manes.17G099100,(1 of 9) PF05055 - Protein of unknown function (DUF677) (DUF677),brown,NA
Manes.17G100900.v8.1,Manes.17G100900,(1 of 3) PTHR10996//PTHR10996:SF162 - 2-HYDROXYACID DEHYDROGENASE-RELATED // SUBFAMILY NOT NAMED,brown,NA
Manes.17G101100.v8.1,Manes.17G101100,(1 of 2) K03941 - NADH dehydrogenase (ubiquinone) Fe-S protein 8 (NDUFS8),brown,NA
Manes.17G103400.v8.1,Manes.17G103400,(1 of 2) K00387 - sulfite oxidase (SUOX),brown,NA
Manes.17G103600.v8.1,Manes.17G103600,(1 of 41) PF01344 - Kelch motif (Kelch_1),skyblue3,NA
Manes.17G104700.v8.1,Manes.17G104700,(1 of 44) PF03140 - Plant protein of unknown function (DUF247),brown,NA
Manes.17G106900.v8.1,Manes.17G106900,(1 of 4) PTHR24198//PTHR24198:SF77 - ANKYRIN REPEAT AND PROTEIN KINASE DOMAIN-CONTAINING PROTEIN // SUBFAMILY NOT NAMED,brown,NA
Manes.17G108700.v8.1,Manes.17G108700,,yellow,NA
Manes.17G111200.v8.1,Manes.17G111200,(1 of 2) PTHR10013 - GENERAL VESICULAR TRANSPORT FACTOR P115,yellow,NA
Manes.17G111400.v8.1,Manes.17G111400,(1 of 2) PTHR31079//PTHR31079:SF2 - FAMILY NOT NAMED // F4P13.14 PROTEIN-RELATED,brown,NA
Manes.17G111900.v8.1,Manes.17G111900,(1 of 2) PTHR31902//PTHR31902:SF5 - FAMILY NOT NAMED // SUCRASE/FERREDOXIN-LIKE PROTEIN,brown,NA
Manes.17G112001.v8.1,Manes.17G112001,(1 of 2) PTHR24012:SF426 - RNA-BINDING PROTEIN-RELATED,yellow,NA
Manes.17G113600.v8.1,Manes.17G113600,(1 of 2) PTHR23068//PTHR23068:SF12 - DNA  CYTOSINE-5- -METHYLTRANSFERASE 3-RELATED // SUBFAMILY NOT NAMED,yellow,NA
Manes.17G115600.v8.1,Manes.17G115600,(1 of 2) K13192 - RNA-binding protein 26 (RBM26),yellow,NA
Manes.17G116300.v8.1,Manes.17G116300,(1 of 1) PTHR24092//PTHR24092:SF75 - FAMILY NOT NAMED // PHOSPHOLIPID-TRANSPORTING ATPASE 8-RELATED,brown,NA
Manes.17G121000.v8.1,Manes.17G121000,(1 of 1) PTHR11695//PTHR11695:SF530 - ALCOHOL DEHYDROGENASE RELATED // SUBFAMILY NOT NAMED,yellow,NA
Manes.17G122200.v8.1,Manes.17G122200,,yellow,NA
Manes.17G123400.v8.1,Manes.17G123400,(1 of 6) PTHR14155:SF128 - RING-H2 FINGER PROTEIN ATL46,yellow,NA
Manes.17G118700.v8.1,Manes.17G118700,,yellow,NA
Manes.17G117800.v8.1,Manes.17G117800,(1 of 4) PTHR10359//PTHR10359:SF22 - A/G-SPECIFIC ADENINE GLYCOSYLASE/ENDONUCLEASE III // DEMETER-LIKE PROTEIN 2-RELATED,brown,NA
Manes.18G001000.v8.1,Manes.18G001000,(1 of 2) PTHR22952//PTHR22952:SF117 - CAMP-RESPONSE ELEMENT BINDING PROTEIN-RELATED // BZIP TRANSCRIPTION FACTOR 60,brown,NA
Manes.18G002100.v8.1,Manes.18G002100,(1 of 1) PTHR10366//PTHR10366:SF355 - NAD DEPENDENT EPIMERASE/DEHYDRATASE // SUBFAMILY NOT NAMED,yellow,NA
Manes.18G002601.v8.1,Manes.18G002601,,yellow,NA
Manes.18G002700.v8.1,Manes.18G002700,(1 of 4) KOG0569 - Permease of the major facilitator superfamily,yellow,NA
Manes.18G004500.v8.1,Manes.18G004500,(1 of 2) PTHR11465//PTHR11465:SF15 - CATALASE // SUBFAMILY NOT NAMED,yellow,NA
Manes.18G004700.v8.1,Manes.18G004700,(1 of 5) K05868 - cyclin B (CCNB),yellow,NA
Manes.18G004800.v8.1,Manes.18G004800,(1 of 1) KOG4276 - Predicted hormone receptor interactor,yellow,NA
Manes.18G005000.v8.1,Manes.18G005000,(1 of 2) PTHR22952//PTHR22952:SF117 - CAMP-RESPONSE ELEMENT BINDING PROTEIN-RELATED // BZIP TRANSCRIPTION FACTOR 60,brown,NA
Manes.18G008500.v8.1,Manes.18G008500,(1 of 3) PTHR13711//PTHR13711:SF202 - SWI/SNF-RELATED CHROMATIN BINDING PROTEIN // HIGH MOBILITY GROUP B PROTEIN 10-RELATED,brown,NA
Manes.18G009500.v8.1,Manes.18G009500,(1 of 4) K02147 - V-type H+-transporting ATPase subunit B (ATPeV1B; ATP6B),brown,NA
Manes.18G010102.v8.1,Manes.18G010102,(1 of 4) PTHR13516//PTHR13516:SF9 - RIBONUCLEASE P SUBUNIT P25 // SUBFAMILY NOT NAMED,yellow,NA
Manes.18G011800.v8.1,Manes.18G011800,(1 of 6) PTHR24072//PTHR24072:SF171 - RHO FAMILY GTPASE // RAC-LIKE GTP-BINDING PROTEIN ARAC4-RELATED,brown,NA
Manes.18G012300.v8.1,Manes.18G012300,(1 of 1) K13181 - ATP-dependent RNA helicase DDX27 [EC:3.6.4.13] (DDX27; DRS1),brown,NA
Manes.18G016500.v8.1,Manes.18G016500,(1 of 13) K11253 - histone H3 (H3),yellow,NA
Manes.18G017100.v8.1,Manes.18G017100,(1 of 1) PTHR10992//PTHR10992:SF866 - ALPHA/BETA HYDROLASE FOLD-CONTAINING PROTEIN // SUBFAMILY NOT NAMED,brown,NA
Manes.18G020600.v8.1,Manes.18G020600,(1 of 2) PTHR16223:SF11 - TRANSCRIPTION FACTOR BHLH110,brown,NA
Manes.18G023000.v8.1,Manes.18G023000,,yellow,NA
Manes.18G023300.v8.1,Manes.18G023300,(1 of 1) PTHR11911:SF94 - CYSTATHIONINE BETA-SYNTHASE (CBS) FAMILY PROTEIN,brown,NA
Manes.18G027300.v8.1,Manes.18G027300,(1 of 3) PTHR10996//PTHR10996:SF162 - 2-HYDROXYACID DEHYDROGENASE-RELATED // SUBFAMILY NOT NAMED,brown,NA
Manes.18G027800.v8.1,Manes.18G027800,(1 of 2) PTHR11469//PTHR11469:SF1 - GLUCOSE-6-PHOSPHATE ISOMERASE // GLUCOSE-6-PHOSPHATE ISOMERASE; CYTOSOLIC,skyblue3,carb
Manes.18G025940.v8.1,Manes.18G025940,(1 of 2) PTHR31391//PTHR31391:SF17 - FAMILY NOT NAMED // B3 DOMAIN-CONTAINING PROTEIN REM16,yellow,NA
Manes.18G034900.v8.1,Manes.18G034900,(1 of 1) PTHR11119:SF29 - NUCLEOBASE-ASCORBATE TRANSPORTER 3,brown,NA
Manes.18G034500.v8.1,Manes.18G034500,(1 of 1) PTHR11731//PTHR11731:SF126 - PROTEASE FAMILY S9B;C DIPEPTIDYL-PEPTIDASE IV-RELATED // SUBFAMILY NOT NAMED,brown,NA
Manes.18G035600.v8.1,Manes.18G035600,(1 of 2) K14499 - BRI1 kinase inhibitor 1 (BKI1),brown,NA
Manes.18G036500.v8.1,Manes.18G036500,(1 of 28) PF13202 - EF hand (EF-hand_5),brown,NA
Manes.18G036700.v8.1,Manes.18G036700,(1 of 2) PTHR11183:SF44 - UDP-GLUCURONATE:XYLAN ALPHA-GLUCURONOSYLTRANSFERASE 2,brown,NA
Manes.18G038500.v8.1,Manes.18G038500,(1 of 1) KOG0646 - WD40 repeat protein,yellow,NA
Manes.18G038901.v8.1,Manes.18G038901,(1 of 2) PTHR31852:SF44 - EMB|CAB53482.1,brown,NA
Manes.18G040500.v8.1,Manes.18G040500,(1 of 2) PTHR12864//PTHR12864:SF23 - RAN BINDING PROTEIN 9-RELATED // SUBFAMILY NOT NAMED,brown,NA
Manes.18G041500.v8.1,Manes.18G041500,(1 of 7) PF11523 - Protein of unknown function (DUF3223) (DUF3223),floralwhite,NA
Manes.18G043500.v8.1,Manes.18G043500,(1 of 24) 1.14.13.89 - Isoflavone 2'-hydroxylase / Isoflavone 2'-monooxygenase,brown,NA
Manes.18G046900.v8.1,Manes.18G046900,(1 of 1) PTHR21231//PTHR21231:SF3 - XPA-BINDING PROTEIN 1-RELATED // GPN-LOOP GTPASE 2,floralwhite,NA
Manes.18G047100.v8.1,Manes.18G047100,(1 of 1) PTHR22844//PTHR22844:SF184 - F-BOX AND WD40 DOMAIN PROTEIN // SUBFAMILY NOT NAMED,brown,NA
Manes.18G047800.v8.1,Manes.18G047800,(1 of 14) K16296 - serine carboxypeptidase-like clade I [EC:3.4.16.-] (SCPL-I),yellow,NA
Manes.18G048000.v8.1,Manes.18G048000,,skyblue3,NA
Manes.18G048300.v8.1,Manes.18G048300,(1 of 1) PF03224//PF04564 - V-ATPase subunit H (V-ATPase_H_N) // U-box domain (U-box),brown,NA
Manes.18G049100.v8.1,Manes.18G049100,(1 of 2) PTHR22952//PTHR22952:SF115 - CAMP-RESPONSE ELEMENT BINDING PROTEIN-RELATED // SUBFAMILY NOT NAMED,brown,NA
Manes.18G050400.v8.1,Manes.18G050400,(1 of 1) PTHR21521//PTHR21521:SF0 - UNCHARACTERIZED // AMUN; ISOFORM A,brown,NA
Manes.18G051550.v8.1,Manes.18G051550,,yellow,NA
Manes.18G054064.v8.1,Manes.18G054064,,brown,NA
Manes.18G054150.v8.1,Manes.18G054150,(1 of 2) PTHR22952//PTHR22952:SF145 - CAMP-RESPONSE ELEMENT BINDING PROTEIN-RELATED // SUBFAMILY NOT NAMED,brown,NA
Manes.18G054615.v8.1,Manes.18G054615,(1 of 3) 4.1.1.32 - Phosphoenolpyruvate carboxykinase (GTP) / Phosphopyruvate carboxylase,yellow,carb
Manes.18G057015.v8.1,Manes.18G057015,(1 of 3) K10592 - E3 ubiquitin-protein ligase HUWE1 (HUWE1; MULE; ARF-BP1),yellow,NA
Manes.18G056800.v8.1,Manes.18G056800,(1 of 2) KOG4090 - Uncharacterized conserved protein,brown,NA
Manes.18G059200.v8.1,Manes.18G059200,(1 of 5) PTHR11945:SF179 - MADS-BOX PROTEIN SVP,yellow,NA
Manes.18G059900.v8.1,Manes.18G059900,(1 of 1) KOG1865//KOG1873 - Ubiquitin carboxyl-terminal hydrolase // Ubiquitin-specific protease,yellow,NA
Manes.18G061100.v8.1,Manes.18G061100,(1 of 2) PTHR10177//PTHR10177:SF213 - CYCLINE // CYCLIN-D4-1-RELATED,brown,NA
Manes.18G062600.v8.1,Manes.18G062600,(1 of 7) PTHR31376//PTHR31376:SF1 - FAMILY NOT NAMED // PURINE PERMEASE 1-RELATED,yellow,NA
Manes.18G063800.v8.1,Manes.18G063800,(1 of 4) PTHR24326//PTHR24326:SF196 - FAMILY NOT NAMED // HOMEOBOX-LEUCINE ZIPPER PROTEIN ATHB-16-RELATED,brown,NA
Manes.18G064500.v8.1,Manes.18G064500,(1 of 13) K11253 - histone H3 (H3),brown,NA
Manes.18G064621.v8.1,Manes.18G064621,(1 of 4) K02267 - cytochrome c oxidase subunit 6b (COX6B),brown,NA
Manes.18G025182.v8.1,Manes.18G025182,(1 of 2) PTHR33783//PTHR33783:SF1 - FAMILY NOT NAMED // F3F9.15,floralwhite,NA
Manes.18G064980.v8.1,Manes.18G064980,(1 of 2) PTHR18860//PTHR18860:SF26 - 14-3-3 PROTEIN // SUBFAMILY NOT NAMED,yellow,NA
Manes.18G067100.v8.1,Manes.18G067100,(1 of 1) KOG0698//KOG0699 - Serine/threonine protein phosphatase // Serine/threonine protein phosphatase,yellow,NA
Manes.18G067900.v8.1,Manes.18G067900,(1 of 1) PTHR23500:SF44 - SUGAR TRANSPORT PROTEIN 5,brown,NA
Manes.18G070000.v8.1,Manes.18G070000,(1 of 20) PF04570 - zinc-finger of the FCS-type; C2-C2 (zf-FLZ),yellow,NA
Manes.18G071700.v8.1,Manes.18G071700,(1 of 1) PTHR22952:SF180 - TRANSCRIPTION FACTOR TGA1-RELATED,skyblue3,NA
Manes.18G072000.v8.1,Manes.18G072000,(1 of 2) PTHR31509//PTHR31509:SF2 - FAMILY NOT NAMED // F2E2.8,brown,NA
Manes.18G072550.v8.1,Manes.18G072550,(1 of 2) KOG2319 - Vacuolar assembly/sorting protein VPS9,skyblue3,NA
Manes.18G073608.v8.1,Manes.18G073608,(1 of 2) K02952 - small subunit ribosomal protein S13 (RP-S13; rpsM),brown,NA
Manes.18G077024.v8.1,Manes.18G077024,(1 of 6) PTHR32278:SF6 - F-BOX PROTEIN PP2-B1-RELATED,brown,NA
Manes.18G077300.v8.1,Manes.18G077300,(1 of 6) PTHR32278:SF6 - F-BOX PROTEIN PP2-B1-RELATED,brown,NA
Manes.18G084500.v8.1,Manes.18G084500,(1 of 1) PTHR31750//PTHR31750:SF2 - FAMILY NOT NAMED // PROTEIN STAY-GREEN LIKE; CHLOROPLASTIC,yellow,NA
Manes.18G084700.v8.1,Manes.18G084700,,brown,NA
Manes.18G093500.v8.1,Manes.18G093500,(1 of 1) PTHR13017:SF0 - METHENYLTETRAHYDROFOLATE SYNTHASE DOMAIN-CONTAINING PROTEIN,skyblue3,NA
Manes.18G099400.v8.1,Manes.18G099400,(1 of 5) K15378 - solute carrier family 45; member 1/2/4 (SLC45A1_2_4),yellow,NA
Manes.18G099800.v8.1,Manes.18G099800,(1 of 4) KOG2462 - C2H2-type Zn-finger protein,yellow,NA
Manes.18G101100.v8.1,Manes.18G101100,(1 of 2) PTHR10795//PTHR10795:SF316 - PROPROTEIN CONVERTASE SUBTILISIN/KEXIN // SERINE PROTEASE-LIKE PROTEIN-RELATED,brown,NA
Manes.18G102400.v8.1,Manes.18G102400,(1 of 1) 2.7.7.72 - CCA tRNA nucleotidyltransferase / tRNA-nucleotidyltransferase,brown,NA
Manes.18G103000.v8.1,Manes.18G103000,(1 of 2) PTHR31916:SF3 - ALKALINE/NEUTRAL INVERTASE CINV1-RELATED,brown,NA
Manes.18G107800.v8.1,Manes.18G107800,(1 of 5) PF00646//PF08268 - F-box domain (F-box) // F-box associated domain (FBA_3),brown,NA
Manes.18G107900.v8.1,Manes.18G107900,(1 of 1) PF00931//PF07725//PF13855 - NB-ARC domain (NB-ARC) // Leucine Rich Repeat (LRR_3) // Leucine rich repeat (LRR_8),brown,NA
Manes.18G108700.v8.1,Manes.18G108700,,brown,NA
Manes.18G109100.v8.1,Manes.18G109100,(1 of 2) PF09835 - Uncharacterized protein conserved in bacteria (DUF2062) (DUF2062),yellow,NA
Manes.18G111900.v8.1,Manes.18G111900,(1 of 1) PTHR26402//PTHR26402:SF604 - RESPONSE REGULATOR OF TWO-COMPONENT SYSTEM // SUBFAMILY NOT NAMED,yellow,NA
Manes.18G120501.v8.1,Manes.18G120501,(1 of 7) 1.3.1.42 - 12-oxophytodienoate reductase,brown,NA
Manes.18G120700.v8.1,Manes.18G120700,(1 of 6) K05894 - 12-oxophytodienoic acid reductase (OPR),floralwhite,NA
Manes.18G123800.v8.1,Manes.18G123800,(1 of 1) K11266 - MAternally affected uncoordination (MAU2),brown,NA
Manes.18G126800.v8.1,Manes.18G126800,,brown,NA
Manes.18G136600.v8.1,Manes.18G136600,(1 of 1) K17408 - small subunit ribosomal protein S29 (DAP3; MRPS29),yellow,NA
Manes.18G141500.v8.1,Manes.18G141500,(1 of 1) PTHR11040:SF26 - ZINC TRANSPORTER 6; CHLOROPLASTIC,yellow,NA
Manes.18G124650.v8.1,Manes.18G124650,,floralwhite,NA
Manes.18G127700.v8.1,Manes.18G127700,(1 of 1) 2.3.1.39 - [Acyl-carrier-protein] S-malonyltransferase / MCAT,yellow,NA
Manes.18G144200.v8.1,Manes.18G144200,(1 of 1) PF00240//PF13855 - Ubiquitin family (ubiquitin) // Leucine rich repeat (LRR_8),brown,NA
Manes.18G145692.v8.1,Manes.18G145692,(1 of 20) PTHR22595:SF34 - BASIC ENDOCHITINASE B,brown,carb
Manes.18G146501.v8.1,Manes.18G146501,(1 of 20) PTHR22595:SF34 - BASIC ENDOCHITINASE B,yellow,carb
Manes.18G145566.v8.1,Manes.18G145566,(1 of 1) PTHR10217:SF475 - CYCLIC NUCLEOTIDE-GATED ION CHANNEL 19-RELATED,yellow,NA
Manes.18G143100.v8.1,Manes.18G143100,(1 of 82) 5.2.1.8 - Peptidylprolyl isomerase / Rotamase,brown,NA
