gene_id,locusName,Description,colors,class
Manes.01G000155.v8.1,Manes.01G000155,(1 of 18) PTHR31989:SF21 - NAC TRANSCRIPTION FACTOR-LIKE 9,blue,NA
Manes.01G000279.v8.1,Manes.01G000279,NA,blue,NA
Manes.01G001951.v8.1,Manes.01G001951,NA,blue,NA
Manes.01G001600.v8.1,Manes.01G001600,(1 of 8) PTHR24012//PTHR24012:SF490 - FAMILY NOT NAMED // UBP1-ASSOCIATED PROTEIN 2C,magenta3,NA
Manes.01G005500.v8.1,Manes.01G005500,NA,blue,NA
Manes.01G006400.v8.1,Manes.01G006400,(1 of 1) K08905 - photosystem I subunit V (psaG),skyblue3,carb
Manes.01G009800.v8.1,Manes.01G009800,NA,blue,NA
Manes.01G012700.v8.1,Manes.01G012700,NA,blue,NA
Manes.01G012500.v8.1,Manes.01G012500,NA,red,NA
Manes.01G012400.v8.1,Manes.01G012400,NA,moccasin,NA
Manes.01G011300.v8.1,Manes.01G011300,(1 of 1) PTHR10759//PTHR10759:SF6 - 60S RIBOSOMAL PROTEIN L34 // SUBFAMILY NOT NAMED,blue,NA
Manes.01G011042.v8.1,Manes.01G011042,(1 of 2) PTHR12565:SF94 - TRANSCRIPTION FACTOR BEE 3,blue,NA
Manes.01G015800.v8.1,Manes.01G015800,(1 of 2) PTHR10682:SF10 - FI03258P,red,NA
Manes.01G016000.v8.1,Manes.01G016000,(1 of 2) 1.14.11.4 - Procollagen-lysine 5-dioxygenase / Procollagen-lysine;2-oxoglutarate 5-dioxygenase,moccasin,NA
Manes.01G016300.v8.1,Manes.01G016300,(1 of 3) K01866 - tyrosyl-tRNA synthetase (YARS; tyrS),blue,NA
Manes.01G017101.v8.1,Manes.01G017101,NA,blue,NA
Manes.01G017151.v8.1,Manes.01G017151,NA,blue,NA
Manes.01G017500.v8.1,Manes.01G017500,NA,blue,NA
Manes.01G020500.v8.1,Manes.01G020500,(1 of 4) PF10269 - Transmembrane Fragile-X-F protein (Tmemb_185A),blue,NA
Manes.01G022400.v8.1,Manes.01G022400,NA,blue,NA
Manes.01G022500.v8.1,Manes.01G022500,(1 of 5) PTHR31194//PTHR31194:SF14 - SHN  SHINE ; DNA BINDING / TRANSCRIPTION FACTOR // SUBFAMILY NOT NAMED,red,NA
Manes.01G026600.v8.1,Manes.01G026600,(1 of 1) K09564 - peptidyl-prolyl isomerase E (cyclophilin E) (PPIE),blue,NA
Manes.01G027100.v8.1,Manes.01G027100,(1 of 2) PTHR10693//PTHR10693:SF27 - RAS GTPASE-ACTIVATING PROTEIN-BINDING PROTEIN // NUCLEAR TRANSPORT FACTOR 2 AND RNA RECOGNITION MOTIF DOMAIN-CONTAINING PROTEIN,blue,NA
Manes.01G033600.v8.1,Manes.01G033600,(1 of 2) K02911 - large subunit ribosomal protein L32 (RP-L32; MRPL32; rpmF),red,NA
Manes.01G034200.v8.1,Manes.01G034200,(1 of 2) PTHR14304//PTHR14304:SF11 - P30 DBC PROTEIN // PROTEIN LST-3; ISOFORM A,red,NA
Manes.01G034800.v8.1,Manes.01G034800,NA,blue,NA
Manes.01G034900.v8.1,Manes.01G034900,(1 of 7) PTHR10891:SF574 - CALCIUM-BINDING PROTEIN CML30-RELATED,blue,NA
Manes.01G039500.v8.1,Manes.01G039500,(1 of 2) PTHR14221//PTHR14221:SF1 - WD REPEAT DOMAIN 44 // TRANSDUCIN/WD40 DOMAIN-CONTAINING PROTEIN,red,NA
Manes.01G039400.v8.1,Manes.01G039400,NA,red,NA
Manes.01G039300.v8.1,Manes.01G039300,(1 of 1) KOG1085 - Predicted methyltransferase (contains a SET domain),blue,NA
Manes.01G038000.v8.1,Manes.01G038000,(1 of 3) PTHR23074//PTHR23074:SF20 - AAA ATPASE // GH08677P,moccasin,NA
Manes.01G043300.v8.1,Manes.01G043300,NA,blue,NA
Manes.01G043900.v8.1,Manes.01G043900,NA,red,NA
Manes.01G044200.v8.1,Manes.01G044200,NA,skyblue3,NA
Manes.01G050700.v8.1,Manes.01G050700,NA,red,NA
Manes.01G051500.v8.1,Manes.01G051500,(1 of 1) PTHR33284//PTHR33284:SF1 - FAMILY NOT NAMED // RIBOSOMAL L25/TL5/CTC N-TERMINAL 5S RRNA BINDING DOMAIN-CONTAINING PROTEIN,blue,NA
Manes.01G051530.v8.1,Manes.01G051530,NA,blue,NA
Manes.01G048400.v8.1,Manes.01G048400,(1 of 3) K02881 - large subunit ribosomal protein L18 (RP-L18; MRPL18; rplR),magenta3,NA
Manes.01G047820.v8.1,Manes.01G047820,NA,blue,NA
Manes.01G049300.v8.1,Manes.01G049300,NA,skyblue3,NA
Manes.01G049601.v8.1,Manes.01G049601,NA,red,NA
Manes.01G045300.v8.1,Manes.01G045300,NA,blue,NA
Manes.01G052500.v8.1,Manes.01G052500,NA,blue,NA
Manes.01G052108.v8.1,Manes.01G052108,(1 of 2) PTHR23322:SF1 - FAS-ASSOCIATED FACTOR 2,blue,NA
Manes.01G053100.v8.1,Manes.01G053100,NA,red,NA
Manes.01G054600.v8.1,Manes.01G054600,NA,blue,NA
Manes.01G054800.v8.1,Manes.01G054800,(1 of 2) PTHR11214:SF106 - BETA-1;3-GALACTOSYLTRANSFERASE 6-RELATED,blue,carb
Manes.01G056000.v8.1,Manes.01G056000,(1 of 2) PTHR32227//PTHR32227:SF29 - FAMILY NOT NAMED // GLUCAN ENDO-1;3-BETA-GLUCOSIDASE 10-RELATED,blue,carb
Manes.01G056750.v8.1,Manes.01G056750,NA,magenta3,NA
Manes.01G057400.v8.1,Manes.01G057400,(1 of 1) PTHR22912:SF97 - MONODEHYDROASCORBATE REDUCTASE; CHLOROPLASTIC,blue,NA
Manes.01G057800.v8.1,Manes.01G057800,(1 of 2) PTHR11751//PTHR11751:SF380 - SUBGROUP I AMINOTRANSFERASE RELATED // 1-AMINOCYCLOPROPANE-1-CARBOXYLATE SYNTHASE 2-RELATED,moccasin,NA
Manes.01G062800.v8.1,Manes.01G062800,(1 of 2) 6.2.1.8 - Oxalate--CoA ligase / Oxalyl-CoA synthetase,blue,NA
Manes.01G063100.v8.1,Manes.01G063100,(1 of 18) PF07714//PF08263 - Protein tyrosine kinase (Pkinase_Tyr) // Leucine rich repeat N-terminal domain (LRRNT_2),blue,NA
Manes.01G070300.v8.1,Manes.01G070300,(1 of 2) PTHR10996:SF131 - GLYOXYLATE/HYDROXYPYRUVATE REDUCTASE HPR3,blue,NA
Manes.01G070700.v8.1,Manes.01G070700,(1 of 1) 3.6.1.21 - ADP-sugar diphosphatase / ADP-sugar pyrophosphatase,red,NA
Manes.01G071400.v8.1,Manes.01G071400,(1 of 2) PTHR10634//PTHR10634:SF38 - AN1-TYPE ZINC FINGER PROTEIN // ZINC FINGER A20 AND AN1 DOMAIN-CONTAINING STRESS-ASSOCIATED PROTEIN 1-RELATED,skyblue3,NA
Manes.01G074000.v8.1,Manes.01G074000,(1 of 3) PTHR10366//PTHR10366:SF393 - NAD DEPENDENT EPIMERASE/DEHYDRATASE // SUBFAMILY NOT NAMED,blue,carb
Manes.01G074100.v8.1,Manes.01G074100,(1 of 1) PTHR10638:SF39 - AMINE OXIDASE-RELATED,blue,NA
Manes.01G078100.v8.1,Manes.01G078100,NA,red,NA
Manes.01G080300.v8.1,Manes.01G080300,NA,red,NA
Manes.01G080400.v8.1,Manes.01G080400,NA,skyblue3,NA
Manes.01G081800.v8.1,Manes.01G081800,NA,blue,NA
Manes.01G082400.v8.1,Manes.01G082400,(1 of 1) K08740 - DNA mismatch repair protein MSH4 (MSH4),blue,NA
Manes.01G084700.v8.1,Manes.01G084700,(1 of 2) 3.1.2.22 - Palmitoyl-protein hydrolase / Palmitoyl-protein thioesterase,red,NA
Manes.01G084800.v8.1,Manes.01G084800,NA,blue,NA
Manes.01G085600.v8.1,Manes.01G085600,(1 of 3) PTHR27002//PTHR27002:SF34 - FAMILY NOT NAMED // G-TYPE LECTIN S-RECEPTOR-LIKE SERINE/THREONINE-PROTEIN KINASE RLK1,blue,NA
Manes.01G087050.v8.1,Manes.01G087050,(1 of 1) PTHR15680:SF10 - 50S RIBOSOMAL PROTEIN L19-1; CHLOROPLASTIC-RELATED,blue,NA
Manes.01G087400.v8.1,Manes.01G087400,NA,skyblue3,NA
Manes.01G087500.v8.1,Manes.01G087500,(1 of 1) PF00320//PF13919 - GATA zinc finger (GATA) // Asx homology domain (ASXH),blue,NA
Manes.01G088500.v8.1,Manes.01G088500,NA,blue,NA
Manes.01G090200.v8.1,Manes.01G090200,(1 of 1) PTHR22939//PTHR22939:SF99 - SERINE PROTEASE FAMILY S1C HTRA-RELATED // PROTEASE DO-LIKE 8; CHLOROPLASTIC,blue,NA
Manes.01G091600.v8.1,Manes.01G091600,(1 of 3) K14413 - beta-1;3-galactosyltransferase (GALT1),blue,carb
Manes.01G092400.v8.1,Manes.01G092400,NA,blue,NA
Manes.01G092700.v8.1,Manes.01G092700,(1 of 5) K14948 - polypyrimidine tract-binding protein 2 (PTBP2; NPTB),skyblue3,NA
Manes.01G093100.v8.1,Manes.01G093100,NA,red,NA
Manes.01G093700.v8.1,Manes.01G093700,(1 of 31) PF07714//PF11721 - Protein tyrosine kinase (Pkinase_Tyr) // Di-glucose binding within endoplasmic reticulum (Malectin),blue,NA
Manes.01G094800.v8.1,Manes.01G094800,(1 of 31) PF07714//PF11721 - Protein tyrosine kinase (Pkinase_Tyr) // Di-glucose binding within endoplasmic reticulum (Malectin),moccasin,NA
Manes.01G097900.v8.1,Manes.01G097900,(1 of 4) K00012 - UDPglucose 6-dehydrogenase (UGDH; ugd),blue,carb
Manes.01G098300.v8.1,Manes.01G098300,NA,red,NA
Manes.01G104200.v8.1,Manes.01G104200,(1 of 2) PTHR12565//PTHR12565:SF85 - STEROL REGULATORY ELEMENT-BINDING PROTEIN // TRANSCRIPTION FACTOR BIM3,red,NA
Manes.01G106000.v8.1,Manes.01G106000,NA,red,NA
Manes.01G107700.v8.1,Manes.01G107700,(1 of 2) PTHR10106//PTHR10106:SF21 - CYTOCHROME B561-RELATED // TRANSMEMBRANE ASCORBATE FERRIREDUCTASE 2-RELATED,blue,NA
Manes.01G112100.v8.1,Manes.01G112100,NA,moccasin,NA
Manes.01G115900.v8.1,Manes.01G115900,(1 of 1) KOG1421 - Predicted signaling-associated protein (contains a PDZ domain),blue,NA
Manes.01G118300.v8.1,Manes.01G118300,(1 of 1) K10838 - xeroderma pigmentosum group C-complementing protein (XPC),blue,NA
Manes.01G118800.v8.1,Manes.01G118800,(1 of 2) PTHR11711//PTHR11711:SF152 - ADP RIBOSYLATION FACTOR-RELATED // ADP-RIBOSYLATION FACTOR-LIKE A1A,blue,NA
Manes.01G123700.v8.1,Manes.01G123700,NA,blue,NA
Manes.01G124801.v8.1,Manes.01G124801,NA,blue,NA
Manes.01G125500.v8.1,Manes.01G125500,NA,red,NA
Manes.01G128100.v8.1,Manes.01G128100,(1 of 2) K06942 - uncharacterized protein (K06942),blue,NA
Manes.01G129900.v8.1,Manes.01G129900,(1 of 2) PTHR10015//PTHR10015:SF172 - HEAT SHOCK TRANSCRIPTION FACTOR // SUBFAMILY NOT NAMED,moccasin,NA
Manes.01G130400.v8.1,Manes.01G130400,NA,blue,NA
Manes.01G132100.v8.1,Manes.01G132100,NA,red,NA
Manes.01G132500.v8.1,Manes.01G132500,(1 of 1) PTHR18934:SF112 - DEA(D/H)-BOX RNA HELICASE FAMILY PROTEIN,red,NA
Manes.01G136850.v8.1,Manes.01G136850,(1 of 3) 2.7.7.3 - Pantetheine-phosphate adenylyltransferase / PPAT,blue,NA
Manes.01G138200.v8.1,Manes.01G138200,NA,blue,NA
Manes.01G138400.v8.1,Manes.01G138400,(1 of 1) PTHR31009//PTHR31009:SF9 - S-ADENOSYL-L-METHIONINE:CARBOXYL METHYLTRANSFERASE FAMILY PROTEIN // SUBFAMILY NOT NAMED,blue,NA
Manes.01G140300.v8.1,Manes.01G140300,(1 of 2) PTHR24089:SF321 - GM03767P,blue,NA
Manes.01G140700.v8.1,Manes.01G140700,(1 of 1) 1.1.99.39 - D-2-hydroxyglutarate dehydrogenase,blue,NA
Manes.01G144700.v8.1,Manes.01G144700,(1 of 2) 4.2.1.47 - GDP-mannose 4;6-dehydratase / Guanosine diphosphomannose oxidoreductase,blue,carb
Manes.01G148000.v8.1,Manes.01G148000,(1 of 2) PTHR22765//PTHR22765:SF59 - RING FINGER AND PROTEASE ASSOCIATED DOMAIN-CONTAINING // RECEPTOR HOMOLOGY REGION; TRANSMEMBRANE DOMAIN- AND RING DOMAIN-CONTAINING PROTEIN 1,blue,NA
Manes.01G148200.v8.1,Manes.01G148200,(1 of 2) K02150 - V-type H+-transporting ATPase subunit E (ATPeV1E; ATP6E),red,NA
Manes.01G150000.v8.1,Manes.01G150000,NA,blue,NA
Manes.01G150300.v8.1,Manes.01G150300,(1 of 2) PTHR13683:SF232 - ASPARTYL PROTEASE FAMILY PROTEIN,blue,NA
Manes.01G150600.v8.1,Manes.01G150600,(1 of 1) PF13441 - YMGG-like Gly-zipper (Gly-zipper_YMGG),blue,NA
Manes.01G151100.v8.1,Manes.01G151100,(1 of 2) PTHR18896//PTHR18896:SF60 - PHOSPHOLIPASE D // PHOSPHOLIPASE D DELTA,blue,NA
Manes.01G152100.v8.1,Manes.01G152100,NA,blue,NA
Manes.01G155000.v8.1,Manes.01G155000,(1 of 1) PTHR27001:SF32 - INTERLEUKIN-1 RECEPTOR-ASSOCIATED KINASE 4 PROTEIN-RELATED,red,NA
Manes.01G155200.v8.1,Manes.01G155200,(1 of 3) K12898 - heterogeneous nuclear ribonucleoprotein F/H (HNRNPF_H),blue,NA
Manes.01G158700.v8.1,Manes.01G158700,(1 of 1) PTHR10209//PTHR10209:SF108 - OXIDOREDUCTASE; 2OG-FE II  OXYGENASE FAMILY PROTEIN // 2-OXOGLUTARATE (2OG) AND FE(II)-DEPENDENT OXYGENASE-LIKE PROTEIN,blue,NA
Manes.01G159201.v8.1,Manes.01G159201,NA,red,NA
Manes.01G160900.v8.1,Manes.01G160900,(1 of 4) PF00069//PF13540 - Protein kinase domain (Pkinase) // Regulator of chromosome condensation (RCC1) repeat (RCC1_2),blue,NA
Manes.01G161100.v8.1,Manes.01G161100,(1 of 3) K06215 - pyridoxal 5'-phosphate synthase pdxS subunit (pdxS; pdx1),blue,NA
Manes.01G161500.v8.1,Manes.01G161500,NA,red,NA
Manes.01G173632.v8.1,Manes.01G173632,(1 of 1) PTHR12396:SF11 - METHYL-CPG-BINDING DOMAIN-CONTAINING PROTEIN 5-RELATED,blue,NA
Manes.01G178100.v8.1,Manes.01G178100,(1 of 33) K13412 - calcium-dependent protein kinase (CPK),moccasin,NA
Manes.01G182501.v8.1,Manes.01G182501,(1 of 1) PTHR31479:SF4 - GB|AAD29063.1,red,NA
Manes.01G184800.v8.1,Manes.01G184800,NA,skyblue3,NA
Manes.01G187200.v8.1,Manes.01G187200,(1 of 1) PTHR22870//PTHR22870:SF187 - REGULATOR OF CHROMOSOME CONDENSATION // SUBFAMILY NOT NAMED,red,NA
Manes.01G191300.v8.1,Manes.01G191300,(1 of 5) PTHR11654//PTHR11654:SF98 - OLIGOPEPTIDE TRANSPORTER-RELATED // PROTEIN NRT1/ PTR FAMILY 4.5-RELATED,blue,NA
Manes.01G191500.v8.1,Manes.01G191500,(1 of 2) KOG0490 - Transcription factor; contains HOX domain,blue,NA
Manes.01G192200.v8.1,Manes.01G192200,NA,red,NA
Manes.01G197100.v8.1,Manes.01G197100,NA,red,NA
Manes.01G197800.v8.1,Manes.01G197800,(1 of 62) PF00892 - EamA-like transporter family (EamA),skyblue3,NA
Manes.01G198700.v8.1,Manes.01G198700,NA,blue,NA
Manes.01G202500.v8.1,Manes.01G202500,(1 of 2) K18881 - D-lactate dehydratase (DJ1D),blue,NA
Manes.01G203800.v8.1,Manes.01G203800,(1 of 1) PTHR13743:SF84 - BEACH DOMAIN-CONTAINING PROTEIN LVSB,red,NA
Manes.01G209500.v8.1,Manes.01G209500,,moccasin,NA
Manes.01G210000.v8.1,Manes.01G210000,NA,skyblue3,NA
Manes.01G210100.v8.1,Manes.01G210100,NA,red,NA
Manes.01G210500.v8.1,Manes.01G210500,NA,blue,NA
Manes.01G214000.v8.1,Manes.01G214000,(1 of 5) PTHR10110:SF117 - SODIUM/HYDROGEN EXCHANGER 1-RELATED,blue,NA
Manes.01G214900.v8.1,Manes.01G214900,NA,blue,NA
Manes.01G217900.v8.1,Manes.01G217900,(1 of 2) PTHR24223:SF246 - ABC TRANSPORTER C FAMILY MEMBER 14-RELATED,red,NA
Manes.01G218300.v8.1,Manes.01G218300,(1 of 4) K12890 - splicing factor; arginine/serine-rich 1/9 (SFRS1_9),red,NA
Manes.01G221200.v8.1,Manes.01G221200,(1 of 4) K02883 - large subunit ribosomal protein L18e (RP-L18e; RPL18),red,NA
Manes.01G226500.v8.1,Manes.01G226500,NA,red,NA
Manes.01G237400.v8.1,Manes.01G237400,NA,blue,NA
Manes.01G238300.v8.1,Manes.01G238300,(1 of 18) PTHR31989:SF21 - NAC TRANSCRIPTION FACTOR-LIKE 9,blue,NA
Manes.01G238800.v8.1,Manes.01G238800,(1 of 101) PF02362 - B3 DNA binding domain (B3),red,NA
Manes.01G246900.v8.1,Manes.01G246900,(1 of 4) PTHR10217:SF527 - CYCLIC NUCLEOTIDE-GATED ION CHANNEL 1,blue,NA
Manes.01G247000.v8.1,Manes.01G247000,NA,blue,NA
Manes.01G248300.v8.1,Manes.01G248300,NA,blue,NA
Manes.01G250800.v8.1,Manes.01G250800,(1 of 1) PTHR33322:SF4 - BAG FAMILY MOLECULAR CHAPERONE REGULATOR 6,blue,NA
Manes.01G251200.v8.1,Manes.01G251200,NA,red,NA
Manes.01G252100.v8.1,Manes.01G252100,(1 of 67) PF03168 - Late embryogenesis abundant protein (LEA_2),blue,NA
Manes.01G253600.v8.1,Manes.01G253600,NA,skyblue3,NA
Manes.01G254200.v8.1,Manes.01G254200,NA,blue,NA
Manes.01G260200.v8.1,Manes.01G260200,NA,moccasin,NA
Manes.01G261500.v8.1,Manes.01G261500,(1 of 2) PTHR23322//PTHR23322:SF3 - FAS-ASSOCIATED PROTEIN // PROTEIN SAY1,blue,NA
Manes.01G262600.v8.1,Manes.01G262600,(1 of 1) PTHR26402//PTHR26402:SF565 - RESPONSE REGULATOR OF TWO-COMPONENT SYSTEM // TWO-COMPONENT RESPONSE REGULATOR-LIKE APRR7,red,NA
Manes.01G271000.v8.1,Manes.01G271000,NA,red,NA
Manes.01G275100.v8.1,Manes.01G275100,(1 of 2) PTHR11566//PTHR11566:SF77 - DYNAMIN // SUBFAMILY NOT NAMED,skyblue3,NA
Manes.02G003500.v8.1,Manes.02G003500,NA,blue,NA
Manes.02G007800.v8.1,Manes.02G007800,NA,skyblue3,NA
Manes.02G008600.v8.1,Manes.02G008600,(1 of 1) PTHR23076//PTHR23076:SF71 - METALLOPROTEASE M41 FTSH // CELL DIVISION PROTEIN ISOLOG,blue,NA
Manes.02G009900.v8.1,Manes.02G009900,NA,moccasin,NA
Manes.02G010100.v8.1,Manes.02G010100,(1 of 2) PF13639//PF13947 - Ring finger domain (zf-RING_2) // Wall-associated receptor kinase galacturonan-binding (GUB_WAK_bind),blue,NA
Manes.02G010600.v8.1,Manes.02G010600,(1 of 2) PTHR22298:SF19 - ENDOGLUCANASE 19-RELATED,blue,carb
Manes.02G011000.v8.1,Manes.02G011000,NA,blue,NA
Manes.02G016100.v8.1,Manes.02G016100,NA,blue,NA
Manes.02G016500.v8.1,Manes.02G016500,(1 of 1) PTHR11668:SF280 - SERINE/THREONINE-PROTEIN PHOSPHATASE PP1 ISOZYME 7,blue,NA
Manes.02G016600.v8.1,Manes.02G016600,(1 of 1) K04706 - E3 SUMO-protein ligase PIAS1 (PIAS1),moccasin,NA
Manes.02G016900.v8.1,Manes.02G016900,(1 of 3) PTHR31221//PTHR31221:SF7 - FAMILY NOT NAMED // WRKY TRANSCRIPTION FACTOR 24-RELATED,moccasin,NA
Manes.02G018100.v8.1,Manes.02G018100,NA,red,NA
Manes.02G025500.v8.1,Manes.02G025500,(1 of 1) PTHR24031:SF303 - DEAD-BOX ATP-DEPENDENT RNA HELICASE 47; MITOCHONDRIAL,skyblue3,NA
Manes.02G027000.v8.1,Manes.02G027000,NA,blue,NA
Manes.02G030300.v8.1,Manes.02G030300,NA,red,NA
Manes.02G030000.v8.1,Manes.02G030000,NA,blue,NA
Manes.02G032685.v8.1,Manes.02G032685,NA,skyblue3,NA
Manes.02G032800.v8.1,Manes.02G032800,(1 of 2) K14423 - 4;4-dimethyl-9beta;19-cyclopropylsterol-4alpha-methyl oxidase (SMO1),blue,NA
Manes.02G033500.v8.1,Manes.02G033500,NA,blue,NA
Manes.02G034500.v8.1,Manes.02G034500,NA,blue,NA
Manes.02G034600.v8.1,Manes.02G034600,NA,skyblue3,NA
Manes.02G034700.v8.1,Manes.02G034700,(1 of 2) PTHR31080:SF2 - F23N19.14-RELATED,moccasin,carb
Manes.02G034900.v8.1,Manes.02G034900,(1 of 4) PTHR31080:SF8 - F23N19.12,blue,carb
Manes.02G035000.v8.1,Manes.02G035000,(1 of 3) K02355 - elongation factor G (fusA; GFM; EFG),red,NA
Manes.02G035300.v8.1,Manes.02G035300,(1 of 2) PTHR12000//PTHR12000:SF16 - HEMOGLOBINASE FAMILY MEMBER // SUBFAMILY NOT NAMED,blue,NA
Manes.02G038200.v8.1,Manes.02G038200,(1 of 2) 1.1.1.27 - L-lactate dehydrogenase / L-lactic dehydrogenase,blue,NA
Manes.02G042100.v8.1,Manes.02G042100,(1 of 3) 3.1.3.16//3.1.3.27//3.1.3.48 - Protein-serine/threonine phosphatase / Serine/threonine specific protein phosphatase // Phosphatidylglycerophosphatase // Protein-tyrosine-phosphatase / PTPase,blue,NA
Manes.02G042900.v8.1,Manes.02G042900,NA,blue,NA
Manes.02G044200.v8.1,Manes.02G044200,NA,blue,NA
Manes.02G046700.v8.1,Manes.02G046700,(1 of 1) PTHR23076:SF54 - ATP-DEPENDENT ZINC METALLOPROTEASE FTSH 6; CHLOROPLASTIC,blue,NA
Manes.02G047100.v8.1,Manes.02G047100,(1 of 2) PTHR10759//PTHR10759:SF8 - 60S RIBOSOMAL PROTEIN L34 // SUBFAMILY NOT NAMED,blue,NA
Manes.02G048440.v8.1,Manes.02G048440,NA,blue,NA
Manes.02G049500.v8.1,Manes.02G049500,NA,blue,NA
Manes.02G050200.v8.1,Manes.02G050200,(1 of 4) 5.4.99.5 - Chorismate mutase / Hydroxyphenylpyruvate synthase,skyblue3,NA
Manes.02G050801.v8.1,Manes.02G050801,(1 of 3) 3.1.3.67 - Phosphatidylinositol-3;4;5-trisphosphate 3-phosphatase / Phosphatidylinositol-3;4;5-trisphosphate 3-phosphohydrolase,blue,NA
Manes.02G051500.v8.1,Manes.02G051500,NA,skyblue3,NA
Manes.02G053700.v8.1,Manes.02G053700,NA,blue,NA
Manes.02G056300.v8.1,Manes.02G056300,NA,red,NA
Manes.02G057200.v8.1,Manes.02G057200,NA,blue,NA
Manes.02G057300.v8.1,Manes.02G057300,(1 of 31) PF07714//PF11721 - Protein tyrosine kinase (Pkinase_Tyr) // Di-glucose binding within endoplasmic reticulum (Malectin),blue,NA
Manes.02G058400.v8.1,Manes.02G058400,NA,blue,NA
Manes.02G061900.v8.1,Manes.02G061900,(1 of 3) PTHR22952//PTHR22952:SF133 - CAMP-RESPONSE ELEMENT BINDING PROTEIN-RELATED // SUBFAMILY NOT NAMED,skyblue3,NA
Manes.02G064600.v8.1,Manes.02G064600,NA,blue,NA
Manes.02G066200.v8.1,Manes.02G066200,(1 of 2) K03680 - translation initiation factor eIF-2B subunit delta (EIF2B4),red,NA
Manes.02G068800.v8.1,Manes.02G068800,(1 of 4) PTHR12565//PTHR12565:SF128 - STEROL REGULATORY ELEMENT-BINDING PROTEIN // TRANSCRIPTION FACTOR BHLH75,blue,NA
Manes.02G069000.v8.1,Manes.02G069000,(1 of 2) 5.3.1.8 - Mannose-6-phosphate isomerase / Phosphomannose isomerase,red,carb
Manes.02G069300.v8.1,Manes.02G069300,(1 of 1) K15441 - tRNA-specific adenosine deaminase 2 [EC:3.5.4.-] (TAD2; ADAT2),red,NA
Manes.02G071000.v8.1,Manes.02G071000,NA,blue,NA
Manes.02G073200.v8.1,Manes.02G073200,NA,red,NA
Manes.02G077000.v8.1,Manes.02G077000,(1 of 2) PTHR21493:SF112 - ALPHA/BETA-HYDROLASES SUPERFAMILY PROTEIN,red,NA
Manes.02G077700.v8.1,Manes.02G077700,NA,blue,NA
Manes.02G080500.v8.1,Manes.02G080500,(1 of 4) 1.1.1.42 - Isocitrate dehydrogenase (NADP(+)) / oxalosuccinate carboxylase,magenta3,NA
Manes.02G082900.v8.1,Manes.02G082900,(1 of 5) PTHR23257//PTHR23257:SF541 - SERINE-THREONINE PROTEIN KINASE // SUBFAMILY NOT NAMED,skyblue3,NA
Manes.02G087801.v8.1,Manes.02G087801,NA,blue,NA
Manes.02G088600.v8.1,Manes.02G088600,(1 of 2) KOG0716 - Molecular chaperone (DnaJ superfamily),red,NA
Manes.02G089800.v8.1,Manes.02G089800,(1 of 3) PTHR22838:SF3 - WD-REPEAT PROTEIN-LIKE,red,NA
Manes.02G090800.v8.1,Manes.02G090800,(1 of 2) PTHR23257:SF545 - SERINE/THREONINE KINASE-RELATED,red,NA
Manes.02G095100.v8.1,Manes.02G095100,(1 of 1) PTHR12565//PTHR12565:SF132 - STEROL REGULATORY ELEMENT-BINDING PROTEIN // TRANSCRIPTION FACTOR BEE 2-RELATED,red,NA
Manes.02G096600.v8.1,Manes.02G096600,NA,blue,NA
Manes.02G097200.v8.1,Manes.02G097200,(1 of 4) PTHR23070//PTHR23070:SF12 - BCS1 AAA-TYPE ATPASE // SUBFAMILY NOT NAMED,blue,NA
Manes.02G098700.v8.1,Manes.02G098700,(1 of 1) PTHR10992//PTHR10992:SF804 - ALPHA/BETA HYDROLASE FOLD-CONTAINING PROTEIN // SUBFAMILY NOT NAMED,blue,NA
Manes.02G099200.v8.1,Manes.02G099200,NA,red,NA
Manes.02G100500.v8.1,Manes.02G100500,NA,red,NA
Manes.02G101501.v8.1,Manes.02G101501,NA,blue,NA
Manes.02G102600.v8.1,Manes.02G102600,(1 of 1) 2.5.1.78 - 6;7-dimethyl-8-ribityllumazine synthase / Lumazine synthase,blue,NA
Manes.02G103900.v8.1,Manes.02G103900,(1 of 2) PTHR31447//PTHR31447:SF1 - FAMILY NOT NAMED // 2-OXOGLUTARATE (2OG) AND FE(II)-DEPENDENT OXYGENASE-LIKE PROTEIN,blue,NA
Manes.02G106100.v8.1,Manes.02G106100,(1 of 2) PTHR24423//PTHR24423:SF436 - TWO-COMPONENT SENSOR HISTIDINE KINASE // HISTIDINE KINASE 1,blue,NA
Manes.02G113900.v8.1,Manes.02G113900,NA,blue,NA
Manes.02G114100.v8.1,Manes.02G114100,NA,blue,NA
Manes.02G114600.v8.1,Manes.02G114600,(1 of 5) K08832 - serine/threonine-protein kinase SRPK3 [EC:2.7.11.1] (SRPK3; STK23),skyblue3,NA
Manes.02G117704.v8.1,Manes.02G117704,NA,blue,NA
Manes.02G118300.v8.1,Manes.02G118300,(1 of 3) PTHR19139//PTHR19139:SF30 - AQUAPORIN TRANSPORTER // AQUAPORIN TIP3-1-RELATED,blue,NA
Manes.02G119900.v8.1,Manes.02G119900,(1 of 1) K10140 - DNA damage-binding protein 2 (DDB2),blue,NA
Manes.02G120100.v8.1,Manes.02G120100,(1 of 1) PTHR31956:SF9 - NON-SPECIFIC PHOSPHOLIPASE C1,red,NA
Manes.02G121100.v8.1,Manes.02G121100,(1 of 1) PTHR11662//PTHR11662:SF312 - SODIUM-DEPENDENT PHOSPHATE TRANSPORTERS // SUBFAMILY NOT NAMED,blue,NA
Manes.02G122000.v8.1,Manes.02G122000,(1 of 3) PTHR23500:SF91 - SUGAR TRANSPORT PROTEIN 2,blue,NA
Manes.02G122500.v8.1,Manes.02G122500,(1 of 1) PTHR11468:SF4 - ALPHA-GLUCAN PHOSPHORYLASE 2; CYTOSOLIC,blue,carb
Manes.02G123400.v8.1,Manes.02G123400,(1 of 1) PTHR11662:SF226 - FI19708P1,blue,NA
Manes.02G125400.v8.1,Manes.02G125400,(1 of 7) K14686 - solute carrier family 31 (copper transporter); member 1 (SLC31A1; CTR1),blue,NA
Manes.02G129800.v8.1,Manes.02G129800,NA,blue,NA
Manes.02G130900.v8.1,Manes.02G130900,NA,blue,NA
Manes.02G133900.v8.1,Manes.02G133900,NA,red,NA
Manes.02G134700.v8.1,Manes.02G134700,(1 of 1) PTHR11413//PTHR11413:SF50 - CYSTATIN FAMILY MEMBER // SUBFAMILY NOT NAMED,blue,NA
Manes.02G137100.v8.1,Manes.02G137100,(1 of 3) K03029 - 26S proteasome regulatory subunit N10 (PSMD4; RPN10),skyblue3,NA
Manes.02G144800.v8.1,Manes.02G144800,NA,red,NA
Manes.02G146500.v8.1,Manes.02G146500,NA,skyblue3,NA
Manes.02G147700.v8.1,Manes.02G147700,(1 of 2) K08505 - protein transport protein SFT1 (SFT1),red,NA
Manes.02G148800.v8.1,Manes.02G148800,NA,red,NA
Manes.02G151900.v8.1,Manes.02G151900,(1 of 4) PTHR18860:SF12 - 14-3-3-LIKE PROTEIN GF14 IOTA,blue,NA
Manes.02G152400.v8.1,Manes.02G152400,(1 of 2) K12118 - cryptochrome 1 (CRY1),red,NA
Manes.02G155100.v8.1,Manes.02G155100,NA,blue,NA
Manes.02G157200.v8.1,Manes.02G157200,NA,blue,NA
Manes.02G158400.v8.1,Manes.02G158400,(1 of 1) PTHR11214:SF74 - BETA-1;3-GALACTOSYLTRANSFERASE 7-RELATED,blue,carb
Manes.02G160000.v8.1,Manes.02G160000,(1 of 2) K08866 - serine/threonine-protein kinase TTK/MPS1 (TTK; MPS1),blue,NA
Manes.02G162500.v8.1,Manes.02G162500,(1 of 2) PTHR31964//PTHR31964:SF37 - FAMILY NOT NAMED // ADENINE NUCLEOTIDE ALPHA HYDROLASE-LIKE PROTEIN,blue,NA
Manes.02G164200.v8.1,Manes.02G164200,(1 of 7) K02155 - V-type H+-transporting ATPase 16kDa proteolipid subunit (ATPeV0C; ATP6L),magenta3,NA
Manes.02G164300.v8.1,Manes.02G164300,NA,blue,NA
Manes.02G166900.v8.1,Manes.02G166900,(1 of 1) PTHR12383//PTHR12383:SF24 - PROTEASE FAMILY S26 MITOCHONDRIAL INNER MEMBRANE PROTEASE-RELATED // SUBFAMILY NOT NAMED,blue,NA
Manes.02G173500.v8.1,Manes.02G173500,(1 of 3) PTHR24361//PTHR24361:SF310 - MITOGEN-ACTIVATED KINASE KINASE KINASE // MITOGEN-ACTIVATED PROTEIN KINASE KINASE KINASE 3,blue,NA
Manes.02G174700.v8.1,Manes.02G174700,(1 of 2) K15172 - transcription elongation factor SPT5 (SUPT5H; SPT5),red,NA
Manes.02G175700.v8.1,Manes.02G175700,NA,blue,NA
Manes.02G177900.v8.1,Manes.02G177900,(1 of 2) K01590 - histidine decarboxylase (hdc; HDC),blue,NA
Manes.02G178900.v8.1,Manes.02G178900,NA,red,NA
Manes.02G180500.v8.1,Manes.02G180500,(1 of 2) PTHR10438:SF280 - THIOREDOXIN Y1; CHLOROPLASTIC-RELATED,red,NA
Manes.02G181100.v8.1,Manes.02G181100,(1 of 3) 2.4.1.29 - Cellulose synthase (GDP-forming) / GDP-glucose-cellulose glucosyltransferase,blue,carb
Manes.02G181600.v8.1,Manes.02G181600,(1 of 2) PTHR24012:SF376 - POLYPYRIMIDINE TRACT-BINDING PROTEIN 3,red,NA
Manes.02G181900.v8.1,Manes.02G181900,(1 of 2) K10807 - ribonucleoside-diphosphate reductase subunit M1 (RRM1),blue,NA
Manes.02G187600.v8.1,Manes.02G187600,NA,blue,NA
Manes.02G188100.v8.1,Manes.02G188100,(1 of 1) PTHR11910:SF7 - F-TYPE H+-TRANSPORTING ATPASE SUBUNIT DELTA,red,NA
Manes.02G188400.v8.1,Manes.02G188400,(1 of 2) PTHR11353:SF107 - 1-PHOSPHATIDYLINOSITOL-3-PHOSPHATE 5-KINASE FAB1D-RELATED,red,NA
Manes.02G190200.v8.1,Manes.02G190200,NA,red,NA
Manes.02G190700.v8.1,Manes.02G190700,(1 of 10) PTHR10593//PTHR10593:SF27 - SERINE/THREONINE-PROTEIN KINASE RIO // SUBFAMILY NOT NAMED,magenta3,NA
Manes.02G192000.v8.1,Manes.02G192000,NA,red,NA
Manes.02G194600.v8.1,Manes.02G194600,NA,blue,NA
Manes.02G195100.v8.1,Manes.02G195100,(1 of 1) PTHR12899//PTHR12899:SF7 - 39S RIBOSOMAL PROTEIN L18; MITOCHONDRIAL // SUBFAMILY NOT NAMED,red,NA
Manes.02G198400.v8.1,Manes.02G198400,(1 of 1) K09548 - prefoldin subunit 1 (PFDN1),blue,NA
Manes.02G198500.v8.1,Manes.02G198500,(1 of 3) PTHR23324//PTHR23324:SF48 - SEC14 RELATED PROTEIN // PATELLIN-3-RELATED,magenta3,NA
Manes.02G199700.v8.1,Manes.02G199700,(1 of 1) PTHR10996:SF108 - D-ISOMER SPECIFIC 2-HYDROXYACID DEHYDROGENASE-LIKE PROTEIN,blue,NA
Manes.02G202900.v8.1,Manes.02G202900,(1 of 8) 1.6.5.9 - NADH:ubiquinone reductase (non-electrogenic) / Ubiquinone reductase,blue,NA
Manes.02G206150.v8.1,Manes.02G206150,(1 of 13) PF00931//PF07725//PF13676 - NB-ARC domain (NB-ARC) // Leucine Rich Repeat (LRR_3) // TIR domain (TIR_2),blue,NA
Manes.02G201800.v8.1,Manes.02G201800,NA,blue,NA
Manes.02G200534.v8.1,Manes.02G200534,NA,red,NA
Manes.02G221151.v8.1,Manes.02G221151,(1 of 70) PTHR23155//PTHR23155:SF554 - LEUCINE-RICH REPEAT-CONTAINING PROTEIN // SUBFAMILY NOT NAMED,red,NA
Manes.02G207800.v8.1,Manes.02G207800,NA,blue,NA
Manes.02G218100.v8.1,Manes.02G218100,(1 of 1) PTHR32370:SF17 - ROOT PHOTOTROPISM PROTEIN 2,blue,NA
Manes.02G217200.v8.1,Manes.02G217200,(1 of 2) PTHR12542//PTHR12542:SF29 - EXOCYST COMPLEX PROTEIN EXO70 // SUBFAMILY NOT NAMED,skyblue3,NA
Manes.02G216800.v8.1,Manes.02G216800,(1 of 2) PTHR11926:SF176 - UDP-GLYCOSYLTRANSFERASE 87A2,skyblue3,NA
Manes.02G219500.v8.1,Manes.02G219500,NA,red,NA
Manes.02G215130.v8.1,Manes.02G215130,NA,red,NA
Manes.03G000300.v8.1,Manes.03G000300,(1 of 1) PTHR12323:SF0 - CALCIUM HOMEOSTASIS ENDOPLASMIC RETICULUM PROTEIN,red,NA
Manes.03G000450.v8.1,Manes.03G000450,(1 of 1) PTHR11390//PTHR11390:SF27 - PROKARYOTIC DNA TOPOISOMERASE // DNA TOPOISOMERASE,red,NA
Manes.03G004300.v8.1,Manes.03G004300,(1 of 1) PTHR11717:SF2 - PEPTIDYL-TRNA HYDROLASE PTRHD1-RELATED,red,NA
Manes.03G006700.v8.1,Manes.03G006700,(1 of 1) K18328 - lariat debranching enzyme [EC:3.1.-.-] (DBR1),red,NA
Manes.03G006900.v8.1,Manes.03G006900,(1 of 1) PTHR11566//PTHR11566:SF84 - DYNAMIN // SUBFAMILY NOT NAMED,blue,NA
Manes.03G007700.v8.1,Manes.03G007700,(1 of 2) PTHR11592//PTHR11592:SF11 - GLUTATHIONE PEROXIDASE // PHOSPHOLIPID HYDROPEROXIDE GLUTATHIONE PEROXIDASE 1; CHLOROPLASTIC-RELATED,red,NA
Manes.03G012300.v8.1,Manes.03G012300,(1 of 3) K02949 - small subunit ribosomal protein S11e (RP-S11e; RPS11),red,NA
Manes.03G013000.v8.1,Manes.03G013000,(1 of 4) K15289 - solute carrier family 35; member F5 (SLC35F5),blue,NA
Manes.03G013600.v8.1,Manes.03G013600,(1 of 7) K00759 - adenine phosphoribosyltransferase (APRT; apt),blue,NA
Manes.03G015100.v8.1,Manes.03G015100,(1 of 3) K14515 - EIN3-binding F-box protein (EBF1_2),moccasin,NA
Manes.03G015700.v8.1,Manes.03G015700,(1 of 1) PTHR21011//PTHR21011:SF5 - MITOCHONDRIAL 28S RIBOSOMAL PROTEIN S6 // GENOMIC DNA; CHROMOSOME 3; P1 CLONE: MVE11,blue,NA
Manes.03G019300.v8.1,Manes.03G019300,NA,red,NA
Manes.03G021100.v8.1,Manes.03G021100,(1 of 32) PF00083 - Sugar (and other) transporter (Sugar_tr),blue,NA
Manes.03G023400.v8.1,Manes.03G023400,(1 of 2) PTHR24072:SF127 - RAC-LIKE GTP-BINDING PROTEIN ARAC7,red,NA
Manes.03G026000.v8.1,Manes.03G026000,(1 of 2) PTHR10209:SF146 - 2-OXOGLUTARATE (2OG) AND FE(II)-DEPENDENT OXYGENASE SUPERFAMILY PROTEIN-RELATED,blue,NA
Manes.03G027800.v8.1,Manes.03G027800,(1 of 1) PTHR24361//PTHR24361:SF336 - MITOGEN-ACTIVATED KINASE KINASE KINASE // MITOGEN-ACTIVATED PROTEIN KINASE KINASE 6,red,NA
Manes.03G028900.v8.1,Manes.03G028900,(1 of 2) PTHR31079//PTHR31079:SF3 - FAMILY NOT NAMED // NAC DOMAIN CONTAINING PROTEIN 75-RELATED,blue,NA
Manes.03G029700.v8.1,Manes.03G029700,NA,blue,NA
Manes.03G029850.v8.1,Manes.03G029850,(1 of 2) K12194 - charged multivesicular body protein 4 (CHMP4; SNF7; VPS32),blue,NA
Manes.03G030300.v8.1,Manes.03G030300,(1 of 3) K02910 - large subunit ribosomal protein L31e (RP-L31e; RPL31),blue,NA
Manes.03G032600.v8.1,Manes.03G032600,(1 of 2) PTHR32191:SF0 - TETRASPANIN-2,blue,NA
Manes.03G033700.v8.1,Manes.03G033700,NA,red,NA
Manes.03G036100.v8.1,Manes.03G036100,(1 of 5) K03257 - translation initiation factor 4A (EIF4A),moccasin,NA
Manes.03G036300.v8.1,Manes.03G036300,(1 of 10) K13459 - disease resistance protein RPS2 (RPS2),red,NA
Manes.03G038100.v8.1,Manes.03G038100,(1 of 4) K12191 - charged multivesicular body protein 2A (CHMP2A),blue,NA
Manes.03G038800.v8.1,Manes.03G038800,(1 of 2) PTHR11760//PTHR11760:SF22 - 30S/40S RIBOSOMAL PROTEIN S3 // SUBFAMILY NOT NAMED,red,NA
Manes.03G042600.v8.1,Manes.03G042600,NA,blue,NA
Manes.03G045200.v8.1,Manes.03G045200,(1 of 5) K11975 - E3 ubiquitin-protein ligase RNF144 [EC:6.3.2.19] (RNF144),blue,NA
Manes.03G046000.v8.1,Manes.03G046000,(1 of 2) K18740 - exonuclease 3'-5' domain-containing protein 1 (EXD1; EGL),red,NA
Manes.03G046200.v8.1,Manes.03G046200,(1 of 3) PTHR31042//PTHR31042:SF24 - FAMILY NOT NAMED // CORE-2/I-BRANCHING BETA-1;6-N-ACETYLGLUCOSAMINYLTRANSFERASE FAMILY PROTEIN,blue,NA
Manes.03G046800.v8.1,Manes.03G046800,(1 of 2) 4.99.1.1 - Ferrochelatase / Protoheme ferro-lyase,red,NA
Manes.03G047600.v8.1,Manes.03G047600,NA,blue,NA
Manes.03G048300.v8.1,Manes.03G048300,(1 of 25) PF07714//PF08263//PF13855 - Protein tyrosine kinase (Pkinase_Tyr) // Leucine rich repeat N-terminal domain (LRRNT_2) // Leucine rich repeat (LRR_8),blue,NA
Manes.03G049400.v8.1,Manes.03G049400,(1 of 2) PTHR10168:SF56 - GLUTAREDOXIN-C10-RELATED,blue,NA
Manes.03G051300.v8.1,Manes.03G051300,(1 of 102) PF03106 - WRKY DNA -binding domain (WRKY),red,NA
Manes.03G054600.v8.1,Manes.03G054600,NA,blue,NA
Manes.03G055100.v8.1,Manes.03G055100,(1 of 1) PTHR13856//PTHR13856:SF97 - VHS DOMAIN CONTAINING PROTEIN FAMILY // SUBFAMILY NOT NAMED,red,NA
Manes.03G055400.v8.1,Manes.03G055400,(1 of 2) PTHR32133//PTHR32133:SF124 - FAMILY NOT NAMED // F-BOX ONLY PROTEIN 13,blue,NA
Manes.03G064200.v8.1,Manes.03G064200,NA,red,NA
Manes.03G075600.v8.1,Manes.03G075600,(1 of 5) PTHR11040//PTHR11040:SF59 - ZINC/IRON TRANSPORTER // SUBFAMILY NOT NAMED,blue,NA
Manes.03G074900.v8.1,Manes.03G074900,(1 of 1) K03509 - DNA polymerase eta (POLH),red,NA
Manes.03G081900.v8.1,Manes.03G081900,(1 of 8) K07300 - Ca2+:H+ antiporter (chaA; CAX),blue,NA
Manes.03G081600.v8.1,Manes.03G081600,NA,red,NA
Manes.03G080800.v8.1,Manes.03G080800,NA,blue,NA
Manes.03G085800.v8.1,Manes.03G085800,NA,red,NA
Manes.03G086900.v8.1,Manes.03G086900,(1 of 2) PTHR12537:SF13 - SUPPRESSOR PROTEIN MPT5,blue,NA
Manes.03G087300.v8.1,Manes.03G087300,(1 of 1) PTHR22594:SF20 - LYSINE--TRNA LIGASE,blue,NA
Manes.03G098700.v8.1,Manes.03G098700,NA,blue,NA
Manes.03G088503.v8.1,Manes.03G088503,NA,blue,NA
Manes.03G089300.v8.1,Manes.03G089300,(1 of 3) 1.14.13.39 - Nitric-oxide synthase (NADPH) / NO synthase,blue,NA
Manes.03G083300.v8.1,Manes.03G083300,NA,blue,NA
Manes.03G078500.v8.1,Manes.03G078500,NA,blue,NA
Manes.03G079200.v8.1,Manes.03G079200,(1 of 1) PTHR23272//PTHR23272:SF13 - BED FINGER-RELATED // SUBFAMILY NOT NAMED,blue,NA
Manes.03G092500.v8.1,Manes.03G092500,NA,blue,NA
Manes.03G100100.v8.1,Manes.03G100100,(1 of 4) K10956 - protein transport protein SEC61 subunit alpha (SEC61A),blue,NA
Manes.03G100400.v8.1,Manes.03G100400,NA,red,NA
Manes.03G102000.v8.1,Manes.03G102000,(1 of 1) K03846 - alpha-1;2-mannosyltransferase (ALG9),moccasin,carb
Manes.03G104300.v8.1,Manes.03G104300,NA,blue,NA
Manes.03G104600.v8.1,Manes.03G104600,NA,blue,NA
Manes.03G104800.v8.1,Manes.03G104800,NA,blue,NA
Manes.03G109700.v8.1,Manes.03G109700,(1 of 2) PTHR19297:SF75 - CORE-2/I-BRANCHING BETA-1;6-N-ACETYLGLUCOSAMINYLTRANSFERASE FAMILY PROTEIN,blue,NA
Manes.03G111200.v8.1,Manes.03G111200,(1 of 1) PTHR11926//PTHR11926:SF366 - GLUCOSYL/GLUCURONOSYL TRANSFERASES // SUBFAMILY NOT NAMED,blue,NA
Manes.03G113400.v8.1,Manes.03G113400,(1 of 2) PTHR14221//PTHR14221:SF0 - WD REPEAT DOMAIN 44 // WD REPEAT-CONTAINING PROTEIN 44,red,NA
Manes.03G115100.v8.1,Manes.03G115100,(1 of 1) PTHR20854//PTHR20854:SF32 - INOSITOL MONOPHOSPHATASE // PAP-SPECIFIC PHOSPHATASE HAL2-LIKE,blue,NA
Manes.03G115300.v8.1,Manes.03G115300,(1 of 49) PF00407 - Pathogenesis-related protein Bet v I family (Bet_v_1),blue,NA
Manes.03G116100.v8.1,Manes.03G116100,NA,red,NA
Manes.03G116600.v8.1,Manes.03G116600,(1 of 3) PTHR13140:SF384 - MYOSIN-2,skyblue3,NA
Manes.03G117900.v8.1,Manes.03G117900,(1 of 6) PTHR31717//PTHR31717:SF7 - FAMILY NOT NAMED // B-BOX DOMAIN PROTEIN 26-RELATED,skyblue3,NA
Manes.03G121040.v8.1,Manes.03G121040,(1 of 1) PTHR12903//PTHR12903:SF1 - MITOCHONDRIAL RIBOSOMAL PROTEIN L24 // 50S RIBOSOMAL PROTEIN L24; CHLOROPLASTIC,blue,NA
Manes.03G121600.v8.1,Manes.03G121600,(1 of 19) K11251 - histone H2A (H2A),red,NA
Manes.03G129600.v8.1,Manes.03G129600,(1 of 2) PTHR10388//PTHR10388:SF16 - EUKARYOTIC TRANSLATION INITIATION FACTOR SUI1 // SUBFAMILY NOT NAMED,blue,NA
Manes.03G137402.v8.1,Manes.03G137402,(1 of 2) PTHR24012//PTHR24012:SF433 - FAMILY NOT NAMED // RNA RECOGNITION MOTIF-CONTAINING PROTEIN,blue,NA
Manes.03G137500.v8.1,Manes.03G137500,(1 of 2) PTHR13902:SF44 - SERINE/THREONINE-PROTEIN KINASE WNK11-RELATED,blue,NA
Manes.03G137804.v8.1,Manes.03G137804,(1 of 3) PTHR31221:SF21 - WRKY TRANSCRIPTION FACTOR 20-RELATED,moccasin,NA
Manes.03G137851.v8.1,Manes.03G137851,NA,moccasin,NA
Manes.03G138852.v8.1,Manes.03G138852,NA,red,NA
Manes.03G140301.v8.1,Manes.03G140301,NA,blue,NA
Manes.03G142200.v8.1,Manes.03G142200,(1 of 6) PTHR13301//PTHR13301:SF60 - X-BOX TRANSCRIPTION FACTOR-RELATED // CELLULOSE SYNTHASE-LIKE PROTEIN E1,red,carb
Manes.03G142400.v8.1,Manes.03G142400,(1 of 6) PTHR13301:SF60 - CELLULOSE SYNTHASE-LIKE PROTEIN E1,skyblue3,carb
Manes.03G143000.v8.1,Manes.03G143000,(1 of 3) PTHR24012:SF478 - GENOMIC DNA; CHROMOSOME 3; P1 CLONE: MJH23,blue,NA
Manes.03G143300.v8.1,Manes.03G143300,NA,skyblue3,NA
Manes.03G143600.v8.1,Manes.03G143600,(1 of 2) PTHR14155//PTHR14155:SF83 - RING FINGER DOMAIN-CONTAINING // RING/U-BOX DOMAIN-CONTAINING PROTEIN,blue,NA
Manes.03G144200.v8.1,Manes.03G144200,(1 of 1) K10866 - DNA repair protein RAD50 (RAD50),red,NA
Manes.03G148600.v8.1,Manes.03G148600,(1 of 2) K03032 - 26S proteasome regulatory subunit N2 (PSMD1; RPN2),red,NA
Manes.03G151300.v8.1,Manes.03G151300,NA,red,NA
Manes.03G152400.v8.1,Manes.03G152400,(1 of 2) 3.1.3.2//3.1.3.3//3.1.3.62//3.6.1.1//3.6.1.7 - Acid phosphatase / Phosphomonoesterase // Phosphoserine phosphatase // Multiple inositol-polyphosphate phosphatase / MIPP // Inorganic diphosphatase / Pyrophosphate phosphohydrolase // Acylphosphatase / Acylphosphate phosphohydrolase,red,NA
Manes.03G155700.v8.1,Manes.03G155700,(1 of 1) PTHR21493:SF119 - TRIGLYCERIDE LIPASE-RELATED,red,NA
Manes.03G156800.v8.1,Manes.03G156800,NA,blue,NA
Manes.03G158200.v8.1,Manes.03G158200,(1 of 3) K01703 - 3-isopropylmalate/(R)-2-methylmalate dehydratase large subunit (leuC),skyblue3,NA
Manes.03G158300.v8.1,Manes.03G158300,(1 of 4) PTHR31734:SF6 - AUXIN-RESPONSIVE PROTEIN IAA10-RELATED,blue,NA
Manes.03G161900.v8.1,Manes.03G161900,NA,magenta3,NA
Manes.03G162700.v8.1,Manes.03G162700,(1 of 2) PTHR10219//PTHR10219:SF36 - GLYCOLIPID TRANSFER PROTEIN-RELATED // SUBFAMILY NOT NAMED,red,NA
Manes.03G162900.v8.1,Manes.03G162900,(1 of 2) K02875 - large subunit ribosomal protein L14e (RP-L14e; RPL14),blue,NA
Manes.03G164100.v8.1,Manes.03G164100,(1 of 5) K00025 - malate dehydrogenase (MDH1),red,carb
Manes.03G166700.v8.1,Manes.03G166700,NA,red,NA
Manes.03G167050.v8.1,Manes.03G167050,NA,moccasin,NA
Manes.03G168200.v8.1,Manes.03G168200,(1 of 26) PF00917 - MATH domain (MATH),skyblue3,NA
Manes.03G169000.v8.1,Manes.03G169000,(1 of 4) K02958 - small subunit ribosomal protein S15e (RP-S15e; RPS15),red,NA
Manes.03G170600.v8.1,Manes.03G170600,(1 of 5) PTHR31561//PTHR31561:SF25 - FAMILY NOT NAMED // 3-KETOACYL-COA SYNTHASE 17-RELATED,magenta3,NA
Manes.03G173500.v8.1,Manes.03G173500,NA,red,NA
Manes.03G173700.v8.1,Manes.03G173700,NA,blue,NA
Manes.03G174900.v8.1,Manes.03G174900,NA,blue,NA
Manes.03G177300.v8.1,Manes.03G177300,NA,blue,NA
Manes.03G180300.v8.1,Manes.03G180300,NA,blue,NA
Manes.03G180900.v8.1,Manes.03G180900,(1 of 1) PTHR10026//PTHR10026:SF67 - CYCLIN // SUBFAMILY NOT NAMED,red,NA
Manes.03G182200.v8.1,Manes.03G182200,(1 of 1) PTHR24031:SF228 - PROTEIN Y54G11A.3,red,NA
Manes.03G183300.v8.1,Manes.03G183300,NA,blue,NA
Manes.03G184200.v8.1,Manes.03G184200,(1 of 5) 3.1.3.16//3.1.3.48 - Protein-serine/threonine phosphatase / Serine/threonine specific protein phosphatase // Protein-tyrosine-phosphatase / PTPase,red,NA
Manes.03G186900.v8.1,Manes.03G186900,NA,blue,NA
Manes.03G189500.v8.1,Manes.03G189500,(1 of 1) PTHR23147//PTHR23147:SF7 - SERINE/ARGININE RICH SPLICING FACTOR // SUBFAMILY NOT NAMED,blue,NA
Manes.03G192700.v8.1,Manes.03G192700,NA,blue,NA
Manes.03G193100.v8.1,Manes.03G193100,(1 of 2) PTHR10209//PTHR10209:SF169 - OXIDOREDUCTASE; 2OG-FE II  OXYGENASE FAMILY PROTEIN // SUBFAMILY NOT NAMED,blue,NA
Manes.03G194800.v8.1,Manes.03G194800,NA,blue,NA
Manes.03G199300.v8.1,Manes.03G199300,(1 of 47) K09286 - EREBP-like factor (EREBP),blue,NA
Manes.03G199500.v8.1,Manes.03G199500,(1 of 4) K02885 - large subunit ribosomal protein L19e (RP-L19e; RPL19),red,NA
Manes.03G202700.v8.1,Manes.03G202700,NA,blue,NA
Manes.03G203400.v8.1,Manes.03G203400,NA,blue,NA
Manes.03G204100.v8.1,Manes.03G204100,(1 of 1) 3.4.21.72 - IgA-specific serine endopeptidase / Immunoglobulin A1 protease,red,NA
Manes.03G206400.v8.1,Manes.03G206400,(1 of 2) PTHR31221//PTHR31221:SF13 - FAMILY NOT NAMED // WRKY TRANSCRIPTION FACTOR 48-RELATED,blue,NA
Manes.03G207400.v8.1,Manes.03G207400,NA,skyblue3,NA
Manes.03G207600.v8.1,Manes.03G207600,NA,blue,NA
Manes.03G207800.v8.1,Manes.03G207800,NA,red,NA
Manes.03G209300.v8.1,Manes.03G209300,(1 of 1) PTHR11214//PTHR11214:SF131 - BETA-1;3-N-ACETYLGLUCOSAMINYLTRANSFERASE // BETA-1;3-GALACTOSYLTRANSFERASE 16-RELATED,red,carb
Manes.03G212000.v8.1,Manes.03G212000,(1 of 1) PTHR11142:SF0 - TRNA PSEUDOURIDINE SYNTHASE-LIKE 1,blue,NA
Manes.04G001100.v8.1,Manes.04G001100,(1 of 1) PTHR24365//PTHR24365:SF276 - TOLL-LIKE RECEPTOR // SUBFAMILY NOT NAMED,blue,NA
Manes.04G001400.v8.1,Manes.04G001400,NA,blue,NA
Manes.04G003400.v8.1,Manes.04G003400,(1 of 2) PTHR19370//PTHR19370:SF127 - NADH-CYTOCHROME B5 REDUCTASE // SUBFAMILY NOT NAMED,magenta3,NA
Manes.04G009000.v8.1,Manes.04G009000,NA,blue,NA
Manes.04G013000.v8.1,Manes.04G013000,(1 of 4) PTHR22814:SF100 - HEAVY METAL TRANSPORT/DETOXIFICATION DOMAIN-CONTAINING PROTEIN-RELATED,blue,NA
Manes.04G013700.v8.1,Manes.04G013700,NA,blue,NA
Manes.04G015700.v8.1,Manes.04G015700,(1 of 1) PTHR19241:SF200 - ABC TRANSPORTER G FAMILY MEMBER 3,red,NA
Manes.04G016700.v8.1,Manes.04G016700,NA,blue,NA
Manes.04G024300.v8.1,Manes.04G024300,(1 of 2) PTHR31384:SF20 - AUXIN RESPONSE FACTOR 4,blue,NA
Manes.04G024500.v8.1,Manes.04G024500,(1 of 1) K03142 - transcription initiation factor TFIIH subunit 2 (TFIIH2; GTF2H2; SSL1),blue,NA
Manes.04G030450.v8.1,Manes.04G030450,NA,blue,NA
Manes.04G031800.v8.1,Manes.04G031800,(1 of 19) K11251 - histone H2A (H2A),red,NA
Manes.04G032300.v8.1,Manes.04G032300,NA,moccasin,NA
Manes.04G033900.v8.1,Manes.04G033900,(1 of 45) PF02701 - Dof domain; zinc finger (zf-Dof),blue,NA
Manes.04G034100.v8.1,Manes.04G034100,NA,blue,NA
Manes.04G049785.v8.1,Manes.04G049785,NA,skyblue3,NA
Manes.04G038300.v8.1,Manes.04G038300,(1 of 1) PTHR11685//PTHR11685:SF146 - RBR FAMILY  RING FINGER AND IBR DOMAIN-CONTAINING // SUBFAMILY NOT NAMED,red,NA
Manes.04G047900.v8.1,Manes.04G047900,NA,red,NA
Manes.04G043400.v8.1,Manes.04G043400,(1 of 4) PTHR31669:SF44 - FAR-RED IMPAIRED RESPONSIVE 1-LIKE PROTEIN,blue,NA
Manes.04G042909.v8.1,Manes.04G042909,NA,blue,NA
Manes.04G048800.v8.1,Manes.04G048800,NA,blue,NA
Manes.04G050100.v8.1,Manes.04G050100,(1 of 3) K12471 - epsin (EPN),skyblue3,NA
Manes.04G058800.v8.1,Manes.04G058800,(1 of 1) K00999 - CDP-diacylglycerol--inositol 3-phosphatidyltransferase (CDIPT),blue,NA
Manes.04G051200.v8.1,Manes.04G051200,NA,blue,NA
Manes.04G056000.v8.1,Manes.04G056000,(1 of 1) PTHR22763//PTHR22763:SF5 - RING ZINC FINGER PROTEIN // E3 UBIQUITIN-PROTEIN LIGASE CIP8,blue,NA
Manes.04G063600.v8.1,Manes.04G063600,(1 of 5) K11838 - ubiquitin carboxyl-terminal hydrolase 7 (USP7; UBP15),red,NA
Manes.04G064400.v8.1,Manes.04G064400,(1 of 1) 1.3.1.94 - Polyprenol reductase,red,NA
Manes.04G068100.v8.1,Manes.04G068100,(1 of 12) PF03947 - Ribosomal Proteins L2; C-terminal domain (Ribosomal_L2_C),magenta3,NA
Manes.04G068200.v8.1,Manes.04G068200,(1 of 2) PTHR31692:SF4 - EXPANSIN-LIKE A1-RELATED,moccasin,NA
Manes.04G068400.v8.1,Manes.04G068400,(1 of 57) PF02298 - Plastocyanin-like domain (Cu_bind_like),skyblue3,NA
Manes.04G068700.v8.1,Manes.04G068700,NA,red,NA
Manes.04G068800.v8.1,Manes.04G068800,(1 of 1) PTHR11709//PTHR11709:SF64 - MULTI-COPPER OXIDASE // MULTI-COPPER OXIDASE TYPE I FAMILY PROTEIN-RELATED,blue,NA
Manes.04G071300.v8.1,Manes.04G071300,NA,red,NA
Manes.04G074700.v8.1,Manes.04G074700,NA,blue,NA
Manes.04G083100.v8.1,Manes.04G083100,(1 of 1) K07071 - uncharacterized protein (K07071),red,NA
Manes.04G083400.v8.1,Manes.04G083400,NA,red,NA
Manes.04G086001.v8.1,Manes.04G086001,(1 of 1) PTHR22953//PTHR22953:SF22 - ACID PHOSPHATASE RELATED // PURPLE ACID PHOSPHATASE 10,red,NA
Manes.04G092900.v8.1,Manes.04G092900,(1 of 4) 2.4.99.4 - Beta-galactoside alpha-2;3-sialyltransferase / CMP-N-acetylneuraminate-beta-galactosamide-alpha-2;3-sialyltransferase,red,carb
Manes.04G094700.v8.1,Manes.04G094700,(1 of 2) PTHR30540:SF9 - POTASSIUM TRANSPORTER 4,blue,NA
Manes.04G097000.v8.1,Manes.04G097000,(1 of 108) PF00168 - C2 domain (C2),blue,NA
Manes.04G097500.v8.1,Manes.04G097500,(1 of 5) K11975 - E3 ubiquitin-protein ligase RNF144 [EC:6.3.2.19] (RNF144),blue,NA
Manes.04G097700.v8.1,Manes.04G097700,(1 of 7) PTHR11685//PTHR11685:SF149 - RBR FAMILY  RING FINGER AND IBR DOMAIN-CONTAINING // SUBFAMILY NOT NAMED,blue,NA
Manes.04G103500.v8.1,Manes.04G103500,NA,blue,NA
Manes.04G103600.v8.1,Manes.04G103600,(1 of 3) K02951 - small subunit ribosomal protein S12e (RP-S12e; RPS12),red,NA
Manes.04G103900.v8.1,Manes.04G103900,NA,magenta3,NA
Manes.04G105400.v8.1,Manes.04G105400,(1 of 1569) 2.7.11.1 - Non-specific serine/threonine protein kinase / Threonine-specific protein kinase,red,NA
Manes.04G108800.v8.1,Manes.04G108800,NA,blue,NA
Manes.04G112700.v8.1,Manes.04G112700,NA,magenta3,NA
Manes.04G114300.v8.1,Manes.04G114300,(1 of 1) K03025 - DNA-directed RNA polymerase III subunit RPC6 (RPC6; POLR3F),blue,NA
Manes.04G114400.v8.1,Manes.04G114400,(1 of 21) PF01477 - PLAT/LH2 domain (PLAT),blue,NA
Manes.04G117000.v8.1,Manes.04G117000,(1 of 3) K07390 - monothiol glutaredoxin (grxD; GLRX5),red,NA
Manes.04G117200.v8.1,Manes.04G117200,NA,magenta3,NA
Manes.04G118100.v8.1,Manes.04G118100,NA,magenta3,NA
Manes.04G118600.v8.1,Manes.04G118600,(1 of 19) K11251 - histone H2A (H2A),red,NA
Manes.04G120500.v8.1,Manes.04G120500,(1 of 2) PTHR11751//PTHR11751:SF184 - SUBGROUP I AMINOTRANSFERASE RELATED // SUBFAMILY NOT NAMED,magenta3,NA
Manes.04G121200.v8.1,Manes.04G121200,(1 of 1) PF00515//PF12569 - Tetratricopeptide repeat (TPR_1) // NMDA receptor-regulated protein 1 (NARP1),magenta3,NA
Manes.04G122500.v8.1,Manes.04G122500,(1 of 2) K15304 - Ran-binding protein 3 (RANBP3),blue,NA
Manes.04G122700.v8.1,Manes.04G122700,(1 of 3) K17302 - coatomer; subunit beta' (COPB2; SEC27),blue,NA
Manes.04G124200.v8.1,Manes.04G124200,(1 of 4) PF02798//PF14497 - Glutathione S-transferase; N-terminal domain (GST_N) // Glutathione S-transferase; C-terminal domain (GST_C_3),blue,NA
Manes.04G124300.v8.1,Manes.04G124300,(1 of 14) PTHR11260//PTHR11260:SF317 - GLUTATHIONE S-TRANSFERASE; GST; SUPERFAMILY; GST DOMAIN CONTAINING // SUBFAMILY NOT NAMED,blue,NA
Manes.04G124400.v8.1,Manes.04G124400,NA,blue,NA
Manes.04G126300.v8.1,Manes.04G126300,(1 of 1569) 2.7.11.1 - Non-specific serine/threonine protein kinase / Threonine-specific protein kinase,magenta3,NA
Manes.04G126462.v8.1,Manes.04G126462,NA,magenta3,NA
Manes.04G127100.v8.1,Manes.04G127100,(1 of 26) K04730 - interleukin-1 receptor-associated kinase 1 (IRAK1),magenta3,NA
Manes.04G127400.v8.1,Manes.04G127400,(1 of 26) K04730 - interleukin-1 receptor-associated kinase 1 (IRAK1),magenta3,NA
Manes.04G131700.v8.1,Manes.04G131700,(1 of 2) PTHR21514:SF0 - AP-4 COMPLEX ACCESSORY SUBUNIT TEPSIN,magenta3,NA
Manes.04G133900.v8.1,Manes.04G133900,(1 of 4) 1.1.1.40 - Malate dehydrogenase (oxaloacetate-decarboxylating) (NADP(+)) / Pyruvic-malic carboxylase,moccasin,carb
Manes.04G134800.v8.1,Manes.04G134800,(1 of 2) PTHR10682//PTHR10682:SF24 - POLY A  POLYMERASE // SUBFAMILY NOT NAMED,magenta3,NA
Manes.04G135700.v8.1,Manes.04G135700,NA,magenta3,NA
Manes.04G138000.v8.1,Manes.04G138000,(1 of 2) K04354 - serine/threonine-protein phosphatase 2A regulatory subunit B (PPP2R2),blue,NA
Manes.04G141400.v8.1,Manes.04G141400,NA,blue,NA
Manes.04G141500.v8.1,Manes.04G141500,(1 of 5) K03257 - translation initiation factor 4A (EIF4A),blue,NA
Manes.04G141600.v8.1,Manes.04G141600,(1 of 2) 2.3.1.97 - Glycylpeptide N-tetradecanoyltransferase / Peptide N-tetradecanoyltransferase,skyblue3,NA
Manes.04G146000.v8.1,Manes.04G146000,(1 of 2) K03868 - RING-box protein 1 (RBX1; ROC1),blue,NA
Manes.04G146400.v8.1,Manes.04G146400,NA,red,NA
Manes.04G146500.v8.1,Manes.04G146500,(1 of 2) K02730 - 20S proteasome subunit alpha 1 (PSMA6),red,NA
Manes.04G149500.v8.1,Manes.04G149500,(1 of 2) PTHR11200//PTHR11200:SF122 - INOSITOL 5-PHOSPHATASE // PHOSPHOINOSITIDE PHOSPHATASE SAC3-RELATED,blue,NA
Manes.04G150900.v8.1,Manes.04G150900,(1 of 2) K00814 - alanine transaminase (GPT; ALT),blue,NA
Manes.04G151300.v8.1,Manes.04G151300,NA,blue,NA
Manes.04G151900.v8.1,Manes.04G151900,NA,red,NA
Manes.04G155400.v8.1,Manes.04G155400,(1 of 2) PTHR11413//PTHR11413:SF55 - CYSTATIN FAMILY MEMBER // CYSTEINE PROTEINASE INHIBITOR 6,blue,NA
Manes.04G157300.v8.1,Manes.04G157300,NA,blue,NA
Manes.04G161300.v8.1,Manes.04G161300,(1 of 2) K01354 - oligopeptidase B (ptrB),blue,NA
Manes.04G162000.v8.1,Manes.04G162000,(1 of 1) PTHR10799//PTHR10799:SF777 - SWI/SNF-RELATED MATRIX-ASSOCIATED ACTIN-DEPENDENT REGULATOR OF CHROMATIN SUBFAMILY-RELATED // DNA-BINDING PROTEIN-RELATED,blue,NA
Manes.04G163700.v8.1,Manes.04G163700,NA,blue,NA
Manes.04G165900.v8.1,Manes.04G165900,(1 of 4) PTHR23180:SF249 - ADP-RIBOSYLATION FACTOR GTPASE-ACTIVATING PROTEIN AGD11-RELATED,blue,NA
Manes.05G001600.v8.1,Manes.05G001600,NA,blue,NA
Manes.05G003600.v8.1,Manes.05G003600,(1 of 1) PTHR11731:SF117 - GLUTAMYL ENDOPEPTIDASE; CHLOROPLASTIC-RELATED,blue,NA
Manes.05G004000.v8.1,Manes.05G004000,(1 of 2) PTHR22884//PTHR22884:SF237 - SET DOMAIN PROTEINS // HISTONE-LYSINE N-METHYLTRANSFERASE E(Z),blue,NA
Manes.05G012000.v8.1,Manes.05G012000,(1 of 2) PTHR11183//PTHR11183:SF54 - GLYCOGENIN // SUBFAMILY NOT NAMED,blue,carb
Manes.05G009900.v8.1,Manes.05G009900,NA,blue,NA
Manes.05G009000.v8.1,Manes.05G009000,(1 of 1) PTHR30612//PTHR30612:SF4 - SECA INNER MEMBRANE COMPONENT OF SEC PROTEIN SECRETION SYSTEM // SUBFAMILY NOT NAMED,blue,NA
Manes.05G014800.v8.1,Manes.05G014800,(1 of 18) PTHR31989:SF21 - NAC TRANSCRIPTION FACTOR-LIKE 9,blue,NA
Manes.05G016200.v8.1,Manes.05G016200,(1 of 3) PTHR26402//PTHR26402:SF560 - RESPONSE REGULATOR OF TWO-COMPONENT SYSTEM // SUBFAMILY NOT NAMED,blue,NA
Manes.05G017300.v8.1,Manes.05G017300,(1 of 1) PTHR13878//PTHR13878:SF63 - GULONOLACTONE OXIDASE // L-GULONOLACTONE OXIDASE,red,NA
Manes.05G018900.v8.1,Manes.05G018900,(1 of 3) PTHR24298:SF46 - CYTOCHROME P450 78A6-RELATED,blue,NA
Manes.05G020000.v8.1,Manes.05G020000,(1 of 2) PTHR10891//PTHR10891:SF624 - EF-HAND CALCIUM-BINDING DOMAIN CONTAINING PROTEIN // CALCIUM-BINDING PROTEIN KIC,skyblue3,NA
Manes.05G020200.v8.1,Manes.05G020200,(1 of 1) PTHR13902//PTHR13902:SF58 - SERINE/THREONINE-PROTEIN KINASE WNK  WITH NO LYSINE -RELATED // SUBFAMILY NOT NAMED,blue,NA
Manes.05G020600.v8.1,Manes.05G020600,(1 of 45) PF02701 - Dof domain; zinc finger (zf-Dof),blue,NA
Manes.05G022900.v8.1,Manes.05G022900,(1 of 5) 2.3.1.20//2.3.1.75 - Diacylglycerol O-acyltransferase / Diglyceride acyltransferase // Long-chain-alcohol O-fatty-acyltransferase / Wax synthase,blue,NA
Manes.05G027500.v8.1,Manes.05G027500,(1 of 2) PTHR10706//PTHR10706:SF127 - F-BOX FAMILY PROTEIN // SUBFAMILY NOT NAMED,blue,NA
Manes.05G029701.v8.1,Manes.05G029701,(1 of 2) PTHR12100//PTHR12100:SF0 - SEC10 // EXOCYST COMPLEX COMPONENT 5,red,NA
Manes.05G035000.v8.1,Manes.05G035000,(1 of 4) K02920 - large subunit ribosomal protein L36e (RP-L36e; RPL36),red,NA
Manes.05G038000.v8.1,Manes.05G038000,NA,red,NA
Manes.05G043200.v8.1,Manes.05G043200,(1 of 2) PTHR10774//PTHR10774:SF51 - EXTENDED SYNAPTOTAGMIN-RELATED // C2 CALCIUM/LIPID-BINDING ENDONUCLEASE/EXONUCLEASE/PHOSPHATASE-RELATED,blue,NA
Manes.05G047400.v8.1,Manes.05G047400,NA,blue,NA
Manes.05G048800.v8.1,Manes.05G048800,(1 of 1) KOG0027//KOG0028 - Calmodulin and related proteins (EF-Hand superfamily) // Ca2+-binding protein (centrin/caltractin); EF-Hand superfamily protein,blue,NA
Manes.05G048900.v8.1,Manes.05G048900,(1 of 3) PTHR10809:SF50 - VESICLE-ASSOCIATED PROTEIN 1-1-RELATED,blue,NA
Manes.05G049700.v8.1,Manes.05G049700,(1 of 2) PTHR31692:SF3 - BETA EXPANSIN 6-RELATED,red,NA
Manes.05G049800.v8.1,Manes.05G049800,NA,red,NA
Manes.05G051800.v8.1,Manes.05G051800,(1 of 1) PTHR31934//PTHR31934:SF4 - FAMILY NOT NAMED // ALPHA/BETA-HYDROLASES SUPERFAMILY PROTEIN,blue,carb
Manes.05G052400.v8.1,Manes.05G052400,(1 of 1) PTHR33977//PTHR33977:SF1 - FAMILY NOT NAMED // ZINC ION BINDING PROTEIN,blue,NA
Manes.05G053202.v8.1,Manes.05G053202,NA,blue,NA
Manes.05G055400.v8.1,Manes.05G055400,NA,skyblue3,NA
Manes.05G056701.v8.1,Manes.05G056701,NA,red,NA
Manes.05G059100.v8.1,Manes.05G059100,NA,red,NA
Manes.05G061400.v8.1,Manes.05G061400,(1 of 3) PTHR33509:SF5 - LATE EMBRYOGENESIS ABUNDANT 3 (LEA3) FAMILY PROTEIN,blue,NA
Manes.05G062600.v8.1,Manes.05G062600,NA,blue,NA
Manes.05G062700.v8.1,Manes.05G062700,(1 of 4) PTHR10353//PTHR10353:SF29 - GLYCOSYL HYDROLASE // BETA-GLUCOSIDASE 1-RELATED,red,carb
Manes.05G063000.v8.1,Manes.05G063000,(1 of 3) K16275 - E3 ubiquitin-protein ligase BAH [EC:6.3.2.19] (BAH; NLA),blue,NA
Manes.05G063300.v8.1,Manes.05G063300,NA,red,NA
Manes.05G063800.v8.1,Manes.05G063800,(1 of 4) 2.1.1.229 - tRNA (carboxymethyluridine(34)-5-O)-methyltransferase / tRNA methyltransferase 9,blue,NA
Manes.05G064500.v8.1,Manes.05G064500,NA,blue,NA
Manes.05G065500.v8.1,Manes.05G065500,(1 of 1) PTHR10593//PTHR10593:SF34 - SERINE/THREONINE-PROTEIN KINASE RIO // SUBFAMILY NOT NAMED,blue,NA
Manes.05G065650.v8.1,Manes.05G065650,(1 of 1) K02110 - F-type H+-transporting ATPase subunit c (ATPF0C; atpE),red,NA
Manes.05G066600.v8.1,Manes.05G066600,NA,magenta3,NA
Manes.05G067800.v8.1,Manes.05G067800,(1 of 3) K14485 - transport inhibitor response 1 (TIR1),red,NA
Manes.05G071600.v8.1,Manes.05G071600,(1 of 2) PF01429//PF07496 - Methyl-CpG binding domain (MBD) // CW-type Zinc Finger (zf-CW),magenta3,NA
Manes.05G071900.v8.1,Manes.05G071900,(1 of 1) PTHR13068//PTHR13068:SF24 - CGI-12 PROTEIN-RELATED // MITOCHONDRIAL TRANSCRIPTION TERMINATION FACTOR-LIKE PROTEIN BELAYA SMERT,skyblue3,NA
Manes.05G075700.v8.1,Manes.05G075700,NA,red,NA
Manes.05G076000.v8.1,Manes.05G076000,NA,blue,NA
Manes.05G076600.v8.1,Manes.05G076600,(1 of 4) K14319 - Ran GTPase-activating protein 1 (RANGAP1),blue,NA
Manes.05G077700.v8.1,Manes.05G077700,NA,red,NA
Manes.05G079200.v8.1,Manes.05G079200,(1 of 2) K02895 - large subunit ribosomal protein L24 (RP-L24; MRPL24; rplX),blue,NA
Manes.05G080400.v8.1,Manes.05G080400,(1 of 1) PTHR11814:SF60 - SULFATE TRANSPORTER 3.1-RELATED,magenta3,NA
Manes.05G080800.v8.1,Manes.05G080800,NA,blue,NA
Manes.05G081900.v8.1,Manes.05G081900,NA,red,NA
Manes.05G087400.v8.1,Manes.05G087400,(1 of 2) PTHR12791//PTHR12791:SF34 - GOLGI SNARE BET1-RELATED // SUBFAMILY NOT NAMED,blue,NA
Manes.05G089700.v8.1,Manes.05G089700,(1 of 49) PF00407 - Pathogenesis-related protein Bet v I family (Bet_v_1),red,NA
Manes.05G090700.v8.1,Manes.05G090700,(1 of 259) PF00076 - RNA recognition motif. (a.k.a. RRM; RBD; or RNP domain) (RRM_1),blue,NA
Manes.05G095400.v8.1,Manes.05G095400,NA,blue,NA
Manes.05G097001.v8.1,Manes.05G097001,(1 of 7) K15040 - voltage-dependent anion channel protein 2 (VDAC2),red,NA
Manes.05G100200.v8.1,Manes.05G100200,(1 of 2) K03869 - cullin 3 (CUL3),skyblue3,NA
Manes.05G103000.v8.1,Manes.05G103000,NA,red,NA
Manes.05G105800.v8.1,Manes.05G105800,(1 of 2) PTHR23257//PTHR23257:SF366 - SERINE-THREONINE PROTEIN KINASE // SUBFAMILY NOT NAMED,blue,NA
Manes.05G110700.v8.1,Manes.05G110700,NA,moccasin,NA
Manes.05G111300.v8.1,Manes.05G111300,(1 of 12) K15639 - PHYB activation tagged suppressor 1 (CYP734A1; BAS1),blue,NA
Manes.05G113000.v8.1,Manes.05G113000,(1 of 2) PTHR31096//PTHR31096:SF13 - FAMILY NOT NAMED // ACT DOMAIN-CONTAINING PROTEIN 5,blue,NA
Manes.05G115800.v8.1,Manes.05G115800,(1 of 4) K04710 - ceramide synthetase (CERS),blue,NA
Manes.05G116200.v8.1,Manes.05G116200,(1 of 9) 1.13.11.19 - Cysteamine dioxygenase / Persulfurase,blue,NA
Manes.05G117000.v8.1,Manes.05G117000,NA,red,NA
Manes.05G138900.v8.1,Manes.05G138900,(1 of 2) PTHR11005//PTHR11005:SF17 - LYSOSOMAL ACID LIPASE-RELATED // AB-HYDROLASE ASSOCIATED LIPASE REGION CONTAINING PROTEIN,red,NA
Manes.05G138400.v8.1,Manes.05G138400,NA,red,NA
Manes.05G113988.v8.1,Manes.05G113988,(1 of 2) PTHR12565//PTHR12565:SF94 - STEROL REGULATORY ELEMENT-BINDING PROTEIN // TRANSCRIPTION FACTOR BEE 3,skyblue3,NA
Manes.05G114400.v8.1,Manes.05G114400,NA,red,NA
Manes.05G120100.v8.1,Manes.05G120100,NA,red,NA
Manes.05G131700.v8.1,Manes.05G131700,(1 of 3) K02932 - large subunit ribosomal protein L5e (RP-L5e; RPL5),skyblue3,NA
Manes.05G121700.v8.1,Manes.05G121700,(1 of 4) 1.1.1.54//1.3.1.102//1.3.1.74 - Allyl-alcohol dehydrogenase // 2-alkenal reductase (NADP(+)) / NADPH-dependent alkenal/one oxidoreductase // 2-alkenal reductase (NAD(P)(+)) / NADPH:2-alkenal alpha;beta-hydrogenase,red,NA
Manes.05G123347.v8.1,Manes.05G123347,NA,blue,NA
Manes.05G114300.v8.1,Manes.05G114300,(1 of 1) PTHR10903:SF65 - AIG1 DOMAIN-CONTAINING PROTEIN-RELATED,blue,NA
Manes.05G114200.v8.1,Manes.05G114200,NA,red,NA
Manes.05G113900.v8.1,Manes.05G113900,NA,blue,NA
Manes.05G113300.v8.1,Manes.05G113300,(1 of 1) PTHR22884//PTHR22884:SF295 - SET DOMAIN PROTEINS // HISTONE-LYSINE N-METHYLTRANSFERASE SETD1A,blue,NA
Manes.05G136400.v8.1,Manes.05G136400,NA,blue,NA
Manes.05G125500.v8.1,Manes.05G125500,(1 of 1) PTHR22883//PTHR22883:SF72 - ZINC FINGER DHHC DOMAIN CONTAINING PROTEIN // PROTEIN S-ACYLTRANSFERASE 21,skyblue3,NA
Manes.05G135400.v8.1,Manes.05G135400,(1 of 9) K14500 - BR-signaling kinase (BSK),red,NA
Manes.05G140400.v8.1,Manes.05G140400,(1 of 4) PF00257 - Dehydrin (Dehydrin),blue,NA
Manes.05G146600.v8.1,Manes.05G146600,(1 of 3) PTHR11071//PTHR11071:SF250 - PEPTIDYL-PROLYL CIS-TRANS ISOMERASE // SUBFAMILY NOT NAMED,red,NA
Manes.05G148550.v8.1,Manes.05G148550,NA,red,NA
Manes.05G149100.v8.1,Manes.05G149100,(1 of 3) K12619 - 5'-3' exoribonuclease 2 (XRN2; RAT1),blue,NA
Manes.05G149400.v8.1,Manes.05G149400,(1 of 4) PTHR31374//PTHR31374:SF35 - FAMILY NOT NAMED // AUXIN-INDUCED PROTEIN-RELATED,blue,NA
Manes.05G151200.v8.1,Manes.05G151200,NA,red,NA
Manes.05G153000.v8.1,Manes.05G153000,(1 of 3) PTHR11945//PTHR11945:SF219 - MADS BOX PROTEIN // FLORAL HOMEOTIC PROTEIN APETALA 3,red,NA
Manes.05G153600.v8.1,Manes.05G153600,(1 of 3) 3.1.3.2//3.1.3.41//3.1.3.60 - Acid phosphatase / Phosphomonoesterase // 4-nitrophenylphosphatase // Phosphoenolpyruvate phosphatase,red,NA
Manes.05G154600.v8.1,Manes.05G154600,NA,blue,NA
Manes.05G159500.v8.1,Manes.05G159500,NA,blue,NA
Manes.05G159900.v8.1,Manes.05G159900,NA,blue,NA
Manes.05G160200.v8.1,Manes.05G160200,NA,blue,NA
Manes.05G160600.v8.1,Manes.05G160600,(1 of 3) PTHR32227:SF16 - GLUCAN ENDO-1;3-BETA-GLUCOSIDASE 7-RELATED,blue,carb
Manes.05G163100.v8.1,Manes.05G163100,(1 of 1) KOG2356 - Transcriptional activator; adenine-specific DNA methyltransferase,red,NA
Manes.05G163200.v8.1,Manes.05G163200,(1 of 152) PF02365 - No apical meristem (NAM) protein (NAM),blue,NA
Manes.05G164701.v8.1,Manes.05G164701,NA,magenta3,NA
Manes.05G172300.v8.1,Manes.05G172300,NA,red,NA
Manes.05G173500.v8.1,Manes.05G173500,NA,blue,NA
Manes.05G174700.v8.1,Manes.05G174700,(1 of 2) PTHR21493//PTHR21493:SF104 - CGI-141-RELATED/LIPASE CONTAINING PROTEIN // SUBFAMILY NOT NAMED,blue,NA
Manes.05G180000.v8.1,Manes.05G180000,NA,red,NA
Manes.05G182700.v8.1,Manes.05G182700,NA,red,NA
Manes.05G187100.v8.1,Manes.05G187100,(1 of 2) PTHR31734//PTHR31734:SF18 - FAMILY NOT NAMED // AUXIN-RESPONSIVE PROTEIN IAA8,blue,NA
Manes.05G193700.v8.1,Manes.05G193700,(1 of 1) K02293 - 15-cis-phytoene desaturase (PDS; crtP),blue,carot
Manes.05G195080.v8.1,Manes.05G195080,(1 of 2) PTHR22595:SF42 - CHITINASE-LIKE PROTEIN 1,red,carb
Manes.05G197600.v8.1,Manes.05G197600,(1 of 1) PTHR33231//PTHR33231:SF1 - FAMILY NOT NAMED // 30S RIBOSOMAL PROTEIN-RELATED,red,NA
Manes.05G201800.v8.1,Manes.05G201800,NA,blue,NA
Manes.05G203000.v8.1,Manes.05G203000,(1 of 1) PTHR32175:SF0 - P-LOOP CONTAINING NUCLEOSIDE TRIPHOSPHATE HYDROLASE FAMILY PROTEIN,blue,NA
Manes.05G207200.v8.1,Manes.05G207200,NA,blue,NA
Manes.06G004000.v8.1,Manes.06G004000,NA,red,NA
Manes.06G005200.v8.1,Manes.06G005200,(1 of 1) PF07005 - Putative sugar-binding N-terminal domain (DUF1537),red,carb
Manes.06G005300.v8.1,Manes.06G005300,(1 of 5) PTHR10722 - 60S RIBOSOMAL PROTEIN L19,blue,NA
Manes.06G006100.v8.1,Manes.06G006100,(1 of 4) 3.5.1.4 - Amidase / Acylase,red,NA
Manes.06G007500.v8.1,Manes.06G007500,NA,blue,NA
Manes.06G010600.v8.1,Manes.06G010600,NA,red,NA
Manes.06G010675.v8.1,Manes.06G010675,(1 of 35) PTHR27002//PTHR27002:SF84 - FAMILY NOT NAMED // ATP BINDING / PROTEIN KINASE-RELATED,moccasin,NA
Manes.06G012101.v8.1,Manes.06G012101,(1 of 1) PF13181//PF13424 - Tetratricopeptide repeat (TPR_8) // Tetratricopeptide repeat (TPR_12),red,NA
Manes.06G012225.v8.1,Manes.06G012225,NA,red,NA
Manes.06G012700.v8.1,Manes.06G012700,(1 of 2) K17893 - ubiquinol oxidase (AOX1; AOX2),blue,NA
Manes.06G013700.v8.1,Manes.06G013700,(1 of 2) PF08122 - NADH-ubiquinone oxidoreductase B12 subunit family (NDUF_B12),red,NA
Manes.06G017700.v8.1,Manes.06G017700,(1 of 16) K01537 - Ca2+-transporting ATPase (E3.6.3.8),blue,NA
Manes.06G020300.v8.1,Manes.06G020300,NA,blue,NA
Manes.06G023550.v8.1,Manes.06G023550,(1 of 2) K10739 - replication factor A2 (RFA2; RPA2),magenta3,NA
Manes.06G025800.v8.1,Manes.06G025800,(1 of 3) PTHR14155//PTHR14155:SF138 - RING FINGER DOMAIN-CONTAINING // GH10160P,red,NA
Manes.06G031900.v8.1,Manes.06G031900,NA,red,NA
Manes.06G032800.v8.1,Manes.06G032800,(1 of 1) K17908 - autophagy-related protein 18 (WIPI; ATG18),blue,NA
Manes.06G035100.v8.1,Manes.06G035100,(1 of 5) KOG1773 - Stress responsive protein,magenta3,NA
Manes.06G035575.v8.1,Manes.06G035575,(1 of 1) PTHR11802:SF87 - SERINE CARBOXYPEPTIDASE 24-RELATED,blue,NA
Manes.06G036300.v8.1,Manes.06G036300,NA,blue,NA
Manes.06G037700.v8.1,Manes.06G037700,NA,red,NA
Manes.06G038100.v8.1,Manes.06G038100,(1 of 1) PTHR35769:SF2 - CALCINEURIN-LIKE METALLO-PHOSPHOESTERASE SUPERFAMILY PROTEIN,skyblue3,NA
Manes.06G038600.v8.1,Manes.06G038600,NA,blue,NA
Manes.06G041000.v8.1,Manes.06G041000,(1 of 3) PTHR10766//PTHR10766:SF54 - TRANSMEMBRANE 9 SUPERFAMILY PROTEIN // ENDOMEMBRANE FAMILY PROTEIN 70,blue,NA
Manes.06G041200.v8.1,Manes.06G041200,(1 of 2) PTHR11850//PTHR11850:SF127 - HOMEOBOX PROTEIN TRANSCRIPTION FACTORS // SUBFAMILY NOT NAMED,blue,NA
Manes.06G041300.v8.1,Manes.06G041300,(1 of 2) PTHR22763//PTHR22763:SF49 - RING ZINC FINGER PROTEIN // SUBFAMILY NOT NAMED,moccasin,NA
Manes.06G041350.v8.1,Manes.06G041350,NA,red,NA
Manes.06G048400.v8.1,Manes.06G048400,NA,blue,NA
Manes.06G056600.v8.1,Manes.06G056600,(1 of 5) PTHR33021//PTHR33021:SF55 - FAMILY NOT NAMED // BLUE COPPER PROTEIN,blue,NA
Manes.06G048700.v8.1,Manes.06G048700,(1 of 2) PTHR19297//PTHR19297:SF98 - GLYCOSYLTRANSFERASE 14 FAMILY MEMBER // SUBFAMILY NOT NAMED,magenta3,NA
Manes.06G053600.v8.1,Manes.06G053600,(1 of 74) PF00069//PF07714 - Protein kinase domain (Pkinase) // Protein tyrosine kinase (Pkinase_Tyr),blue,NA
Manes.06G050700.v8.1,Manes.06G050700,NA,moccasin,NA
Manes.06G050900.v8.1,Manes.06G050900,(1 of 3) K13137 - serine-threonine kinase receptor-associated protein (STRAP; UNRIP),blue,NA
Manes.06G054000.v8.1,Manes.06G054000,(1 of 1) PTHR10357:SF169 - ISOAMYLASE 1; CHLOROPLASTIC,red,carb
Manes.06G054300.v8.1,Manes.06G054300,NA,red,NA
Manes.06G051200.v8.1,Manes.06G051200,NA,red,NA
Manes.06G051900.v8.1,Manes.06G051900,(1 of 1) PTHR27000//PTHR27000:SF222 - FAMILY NOT NAMED // LEUCINE-RICH REPEAT PROTEIN KINASE,blue,NA
Manes.06G059100.v8.1,Manes.06G059100,(1 of 3) PTHR32448:SF11 - BERBERINE BRIDGE ENZYME-RELATED,blue,NA
Manes.06G058300.v8.1,Manes.06G058300,(1 of 1) 1.1.1.23 - Histidinol dehydrogenase,blue,NA
Manes.06G055000.v8.1,Manes.06G055000,(1 of 8) PF00046//PF01852//PF08670 - Homeobox domain (Homeobox) // START domain (START) // MEKHLA domain (MEKHLA),blue,NA
Manes.06G055700.v8.1,Manes.06G055700,(1 of 2) PTHR24365//PTHR24365:SF274 - TOLL-LIKE RECEPTOR // SUBFAMILY NOT NAMED,blue,NA
Manes.06G061800.v8.1,Manes.06G061800,NA,blue,NA
Manes.06G062600.v8.1,Manes.06G062600,(1 of 2) K12200 - programmed cell death 6-interacting protein (PDCD6IP; ALIX; RIM20),blue,NA
Manes.06G063600.v8.1,Manes.06G063600,NA,red,NA
Manes.06G064900.v8.1,Manes.06G064900,(1 of 1) PTHR31285:SF0 - PROMOTER OF FILAMENTATION PROTEIN 1,skyblue3,NA
Manes.06G065500.v8.1,Manes.06G065500,(1 of 5) PTHR27005//PTHR27005:SF28 - FAMILY NOT NAMED // PROTEIN KINASE-LIKE PROTEIN,red,NA
Manes.06G066100.v8.1,Manes.06G066100,(1 of 2) 6.1.1.16 - Cysteine--tRNA ligase / Cysteinyl-tRNA synthetase,skyblue3,NA
Manes.06G068300.v8.1,Manes.06G068300,NA,blue,NA
Manes.06G068700.v8.1,Manes.06G068700,NA,skyblue3,NA
Manes.06G071400.v8.1,Manes.06G071400,NA,blue,NA
Manes.06G071500.v8.1,Manes.06G071500,NA,skyblue3,NA
Manes.06G073400.v8.1,Manes.06G073400,(1 of 2) PTHR10106:SF21 - TRANSMEMBRANE ASCORBATE FERRIREDUCTASE 2-RELATED,moccasin,NA
Manes.06G073500.v8.1,Manes.06G073500,(1 of 1) PTHR10106:SF20 - TRANSMEMBRANE ASCORBATE FERRIREDUCTASE 4-RELATED,blue,NA
Manes.06G076200.v8.1,Manes.06G076200,(1 of 85) PF00560//PF08263//PF13855 - Leucine Rich Repeat (LRR_1) // Leucine rich repeat N-terminal domain (LRRNT_2) // Leucine rich repeat (LRR_8),red,NA
Manes.06G077300.v8.1,Manes.06G077300,NA,blue,NA
Manes.06G078200.v8.1,Manes.06G078200,NA,red,NA
Manes.06G079300.v8.1,Manes.06G079300,NA,blue,NA
Manes.06G082100.v8.1,Manes.06G082100,(1 of 9) 5.4.99.30 - UDP-arabinopyranose mutase,blue,carb
Manes.06G093300.v8.1,Manes.06G093300,NA,blue,NA
Manes.06G094500.v8.1,Manes.06G094500,(1 of 163) PF00010 - Helix-loop-helix DNA-binding domain (HLH),red,NA
Manes.06G095400.v8.1,Manes.06G095400,NA,magenta3,NA
Manes.06G101900.v8.1,Manes.06G101900,(1 of 10) K09377 - cysteine and glycine-rich protein (CSRP),skyblue3,NA
Manes.06G106100.v8.1,Manes.06G106100,NA,blue,NA
Manes.06G106400.v8.1,Manes.06G106400,(1 of 3) PTHR10168:SF73 - GLUTAREDOXIN-C1,blue,NA
Manes.06G109200.v8.1,Manes.06G109200,(1 of 3) PTHR10638//PTHR10638:SF34 - COPPER AMINE OXIDASE // SUBFAMILY NOT NAMED,red,NA
Manes.06G110100.v8.1,Manes.06G110100,(1 of 2) K17987 - next to BRCA1 gene 1 protein (NBR1),blue,NA
Manes.06G110300.v8.1,Manes.06G110300,NA,blue,NA
Manes.06G110900.v8.1,Manes.06G110900,NA,blue,NA
Manes.06G111900.v8.1,Manes.06G111900,NA,blue,NA
Manes.06G112000.v8.1,Manes.06G112000,(1 of 8) K11294 - nucleolin (NCL; NSR1),blue,NA
Manes.06G115200.v8.1,Manes.06G115200,(1 of 2) K07739 - elongator complex protein 3 [EC:2.3.1.48] (ELP3; KAT9),red,NA
Manes.06G115500.v8.1,Manes.06G115500,(1 of 2) PTHR11349//PTHR11349:SF44 - NUCLEOSIDE DIPHOSPHATE KINASE // NUCLEOSIDE DIPHOSPHATE KINASE II; CHLOROPLASTIC,red,NA
Manes.06G116400.v8.1,Manes.06G116400,(1 of 8) K00134 - glyceraldehyde 3-phosphate dehydrogenase (GAPDH; gapA),blue,carb
Manes.06G116500.v8.1,Manes.06G116500,NA,red,NA
Manes.06G122600.v8.1,Manes.06G122600,(1 of 129) PF02519 - Auxin responsive protein (Auxin_inducible),skyblue3,NA
Manes.06G128900.v8.1,Manes.06G128900,NA,blue,NA
Manes.06G129700.v8.1,Manes.06G129700,(1 of 4) 1.4.1.3 - Glutamate dehydrogenase (NAD(P)(+)) / Glutamic dehydrogenase,blue,NA
Manes.06G131400.v8.1,Manes.06G131400,NA,red,NA
Manes.06G133700.v8.1,Manes.06G133700,NA,blue,NA
Manes.06G135600.v8.1,Manes.06G135600,(1 of 2) PTHR11709//PTHR11709:SF123 - MULTI-COPPER OXIDASE // MONOCOPPER OXIDASE-LIKE PROTEIN SKS1-RELATED,blue,NA
Manes.06G136900.v8.1,Manes.06G136900,(1 of 2) K02969 - small subunit ribosomal protein S20e (RP-S20e; RPS20),red,NA
Manes.06G139600.v8.1,Manes.06G139600,NA,moccasin,NA
Manes.06G140300.v8.1,Manes.06G140300,(1 of 1) K02366//K02367 - glucuronyl/N-acetylglucosaminyl transferase EXT1 (EXT1) // glucuronyl/N-acetylglucosaminyl transferase EXT2 (EXT2),blue,NA
Manes.06G141900.v8.1,Manes.06G141900,NA,blue,NA
Manes.06G142400.v8.1,Manes.06G142400,(1 of 1) 1.1.1.140 - Sorbitol-6-phosphate 2-dehydrogenase / Ketosephosphate reductase,red,NA
Manes.06G143300.v8.1,Manes.06G143300,NA,red,NA
Manes.06G145600.v8.1,Manes.06G145600,(1 of 3) K19044 - E3 ubiquitin-protein ligase XBAT32/33 [EC:6.3.2.19] (XBAT32_33),blue,NA
Manes.06G146300.v8.1,Manes.06G146300,(1 of 2) PTHR10281:SF45 - MEMBRANE STEROID-BINDING PROTEIN 1-RELATED,red,NA
Manes.06G147000.v8.1,Manes.06G147000,NA,moccasin,NA
Manes.06G148700.v8.1,Manes.06G148700,(1 of 1) 2.4.99.6 - N-acetyllactosaminide alpha-2;3-sialyltransferase,blue,carb
Manes.06G152900.v8.1,Manes.06G152900,NA,red,NA
Manes.06G153500.v8.1,Manes.06G153500,NA,red,NA
Manes.06G158600.v8.1,Manes.06G158600,(1 of 4) PTHR10217//PTHR10217:SF527 - VOLTAGE AND LIGAND GATED POTASSIUM CHANNEL // CYCLIC NUCLEOTIDE-GATED ION CHANNEL 1,skyblue3,NA
Manes.06G160333.v8.1,Manes.06G160333,NA,red,NA
Manes.06G161950.v8.1,Manes.06G161950,(1 of 3) PTHR11785:SF379 - CATIONIC AMINO ACID TRANSPORTER 4; VACUOLAR,blue,NA
Manes.06G162200.v8.1,Manes.06G162200,(1 of 2) K12876 - RNA-binding protein 8A (RBM8A; Y14),blue,NA
Manes.06G162900.v8.1,Manes.06G162900,(1 of 1) PTHR10366//PTHR10366:SF244 - NAD DEPENDENT EPIMERASE/DEHYDRATASE // CINNAMYL-ALCOHOL DEHYDROGENASE-RELATED,skyblue3,NA
Manes.06G163400.v8.1,Manes.06G163400,(1 of 3) K02981 - small subunit ribosomal protein S2e (RP-S2e; RPS2),blue,NA
Manes.06G164500.v8.1,Manes.06G164500,(1 of 16) PTHR11206//PTHR11206:SF128 - MULTIDRUG RESISTANCE PROTEIN // MATE EFFLUX FAMILY PROTEIN 1,blue,NA
Manes.06G165100.v8.1,Manes.06G165100,(1 of 1) K03977 - GTP-binding protein (engA),blue,NA
Manes.06G169900.v8.1,Manes.06G169900,(1 of 4) PTHR31305//PTHR31305:SF2 - FAMILY NOT NAMED // SNARE-ASSOCIATED PROTEIN SNAPIN,red,NA
Manes.06G171400.v8.1,Manes.06G171400,(1 of 1) PTHR23305:SF12 - GTP-BINDING PROTEIN-RELATED,red,NA
Manes.06G178700.v8.1,Manes.06G178700,(1 of 1) PTHR27003:SF80 - ADENINE NUCLEOTIDE ALPHA HYDROLASES-DOMAIN CONTAINING PROTEIN KINASE-RELATED,blue,NA
Manes.07G002900.v8.1,Manes.07G002900,(1 of 3) K02934 - large subunit ribosomal protein L6e (RP-L6e; RPL6),blue,NA
Manes.07G012900.v8.1,Manes.07G012900,NA,magenta3,NA
Manes.07G013100.v8.1,Manes.07G013100,NA,blue,NA
Manes.07G019300.v8.1,Manes.07G019300,(1 of 1) PTHR10666//PTHR10666:SF155 - UBIQUITIN // POLYUBIQUITIN 4,blue,NA
Manes.07G023100.v8.1,Manes.07G023100,(1 of 2) PTHR22891//PTHR22891:SF4 - EUKARYOTIC TRANSLATION INITIATION FACTOR 2C // PROTEIN ARGONAUTE 2-RELATED,blue,NA
Manes.07G024100.v8.1,Manes.07G024100,NA,blue,NA
Manes.07G026300.v8.1,Manes.07G026300,(1 of 3) 6.1.1.4 - Leucine--tRNA ligase / Leucyl-tRNA synthetase,blue,NA
Manes.07G033800.v8.1,Manes.07G033800,(1 of 1) PTHR32332:SF20 - 2-NITROPROPANE DIOXYGENASE-LIKE PROTEIN,blue,NA
Manes.07G035100.v8.1,Manes.07G035100,(1 of 16) K06630 - 14-3-3 protein epsilon (YWHAE),blue,NA
Manes.07G038800.v8.1,Manes.07G038800,(1 of 2) PTHR11002//PTHR11002:SF12 - CARBONIC ANHYDRASE // SUBFAMILY NOT NAMED,magenta3,NA
Manes.07G042266.v8.1,Manes.07G042266,(1 of 152) PF02365 - No apical meristem (NAM) protein (NAM),magenta3,NA
Manes.07G056100.v8.1,Manes.07G056100,(1 of 2) PTHR11817//PTHR11817:SF21 - PYRUVATE KINASE // SUBFAMILY NOT NAMED,blue,carb
Manes.07G059900.v8.1,Manes.07G059900,(1 of 2) PTHR32002:SF3 - PROTEIN NLP1-RELATED,blue,NA
Manes.07G062324.v8.1,Manes.07G062324,(1 of 1) PTHR23155//PTHR23155:SF554//PTHR33463//PTHR33463:SF3 - LEUCINE-RICH REPEAT-CONTAINING PROTEIN // SUBFAMILY NOT NAMED // FAMILY NOT NAMED // SUBFAMILY NOT NAMED,blue,NA
Manes.07G062340.v8.1,Manes.07G062340,(1 of 70) PTHR23155//PTHR23155:SF554 - LEUCINE-RICH REPEAT-CONTAINING PROTEIN // SUBFAMILY NOT NAMED,red,NA
Manes.07G062220.v8.1,Manes.07G062220,(1 of 70) PTHR23155//PTHR23155:SF554 - LEUCINE-RICH REPEAT-CONTAINING PROTEIN // SUBFAMILY NOT NAMED,red,NA
Manes.07G063671.v8.1,Manes.07G063671,NA,blue,NA
Manes.07G064100.v8.1,Manes.07G064100,(1 of 2) PTHR10869//PTHR10869:SF66 - PROLYL 4-HYDROXYLASE ALPHA SUBUNIT // OXIDOREDUCTASE; 2OG-FE(II) OXYGENASE FAMILY PROTEIN-RELATED,blue,NA
Manes.07G071100.v8.1,Manes.07G071100,(1 of 3) 2.7.1.100 - S-methyl-5-thioribose kinase / MTR kinase,red,NA
Manes.07G069764.v8.1,Manes.07G069764,NA,blue,NA
Manes.07G069200.v8.1,Manes.07G069200,(1 of 1) K02864 - large subunit ribosomal protein L10 (RP-L10; MRPL10; rplJ),magenta3,NA
Manes.07G074704.v8.1,Manes.07G074704,NA,moccasin,NA
Manes.07G076300.v8.1,Manes.07G076300,(1 of 2) PTHR11926//PTHR11926:SF246 - GLUCOSYL/GLUCURONOSYL TRANSFERASES // SUBFAMILY NOT NAMED,blue,NA
Manes.07G077122.v8.1,Manes.07G077122,NA,blue,NA
Manes.07G073200.v8.1,Manes.07G073200,NA,blue,NA
Manes.07G078500.v8.1,Manes.07G078500,(1 of 2) PTHR32263:SF4 - INACTIVE POLY [ADP-RIBOSE] POLYMERASE RCD1-RELATED,blue,NA
Manes.07G082500.v8.1,Manes.07G082500,NA,blue,NA
Manes.07G083301.v8.1,Manes.07G083301,NA,blue,NA
Manes.07G087700.v8.1,Manes.07G087700,NA,red,NA
Manes.07G088000.v8.1,Manes.07G088000,(1 of 2) K02149 - V-type H+-transporting ATPase subunit D (ATPeV1D; ATP6M),blue,NA
Manes.07G089900.v8.1,Manes.07G089900,NA,blue,NA
Manes.07G090500.v8.1,Manes.07G090500,(1 of 3) K02727 - 20S proteasome subunit alpha 7 (PSMA3),moccasin,NA
Manes.07G107166.v8.1,Manes.07G107166,,blue,NA
Manes.07G133160.v8.1,Manes.07G133160,(1 of 1) PTHR23315//PTHR23315:SF111 - BETA CATENIN-RELATED ARMADILLO REPEAT-CONTAINING // U-BOX DOMAIN-CONTAINING PROTEIN 14,red,NA
Manes.07G098200.v8.1,Manes.07G098200,NA,blue,NA
Manes.07G103500.v8.1,Manes.07G103500,(1 of 1) PTHR11079//PTHR11079:SF98 - CYTOSINE DEAMINASE // PROTEIN ZK287.7,red,NA
Manes.07G104000.v8.1,Manes.07G104000,(1 of 2) PTHR32191:SF1 - TETRASPANIN-5-RELATED,blue,NA
Manes.07G105600.v8.1,Manes.07G105600,(1 of 2) 2.7.8.5 - CDP-diacylglycerol--glycerol-3-phosphate 3-phosphatidyltransferase / Phosphatidylglycerophosphate synthase,skyblue3,NA
Manes.07G105700.v8.1,Manes.07G105700,(1 of 1) PTHR11260//PTHR11260:SF320 - GLUTATHIONE S-TRANSFERASE; GST; SUPERFAMILY; GST DOMAIN CONTAINING // SUBFAMILY NOT NAMED,blue,NA
Manes.07G105800.v8.1,Manes.07G105800,(1 of 2) PTHR13832//PTHR13832:SF358 - PROTEIN PHOSPHATASE 2C // PROTEIN PHOSPHATASE 2C 38-RELATED,skyblue3,NA
Manes.07G107000.v8.1,Manes.07G107000,(1 of 31) PF07714//PF11721 - Protein tyrosine kinase (Pkinase_Tyr) // Di-glucose binding within endoplasmic reticulum (Malectin),blue,NA
Manes.07G107600.v8.1,Manes.07G107600,(1 of 3) PTHR24177:SF10 - ANKYRIN REPEAT-CONTAINING PROTEIN,skyblue3,NA
Manes.07G109504.v8.1,Manes.07G109504,NA,blue,NA
Manes.07G111000.v8.1,Manes.07G111000,(1 of 3) K02893 - large subunit ribosomal protein L23Ae (RP-L23Ae; RPL23A),skyblue3,NA
Manes.07G111900.v8.1,Manes.07G111900,(1 of 54) PF13912 - C2H2-type zinc finger (zf-C2H2_6),blue,NA
Manes.07G115700.v8.1,Manes.07G115700,NA,red,NA
Manes.07G120100.v8.1,Manes.07G120100,(1 of 2) K03248 - translation initiation factor 3 subunit G (EIF3G),red,NA
Manes.07G120700.v8.1,Manes.07G120700,(1 of 2) 2.7.2.11 - Glutamate 5-kinase / Gamma-glutamyl kinase,skyblue3,NA
Manes.07G121100.v8.1,Manes.07G121100,(1 of 10) PTHR23155//PTHR23155:SF634 - LEUCINE-RICH REPEAT-CONTAINING PROTEIN // SUBFAMILY NOT NAMED,red,NA
Manes.07G123600.v8.1,Manes.07G123600,(1 of 4) PTHR23012//PTHR23012:SF87 - MEMBRANE ASSOCIATED RING FINGER // RING/FYVE/PHD ZINC FINGER-CONTAINING PROTEIN,blue,NA
Manes.07G125800.v8.1,Manes.07G125800,(1 of 3) PTHR32246//PTHR32246:SF19 - FAMILY NOT NAMED // CALCIUM-DEPENDENT LIPID-BINDING DOMAIN PROTEIN,blue,NA
Manes.07G126300.v8.1,Manes.07G126300,(1 of 2) K03249 - translation initiation factor 3 subunit F (EIF3F),red,NA
Manes.07G128800.v8.1,Manes.07G128800,NA,blue,NA
Manes.07G128900.v8.1,Manes.07G128900,NA,blue,NA
Manes.07G129000.v8.1,Manes.07G129000,(1 of 3) PTHR14209//PTHR14209:SF8 - ISOAMYL ACETATE-HYDROLYZING ESTERASE 1 // GDSL ESTERASE/LIPASE CPRD49,blue,NA
Manes.07G144101.v8.1,Manes.07G144101,(1 of 3) K15437 - aminoacyl tRNA synthase complex-interacting multifunctional protein 1 (AIMP1; ARC1),skyblue3,NA
Manes.07G141600.v8.1,Manes.07G141600,(1 of 1) PTHR11935:SF94 - PROTEIN Y17G7B.3,blue,NA
Manes.08G014900.v8.1,Manes.08G014900,NA,blue,NA
Manes.08G001000.v8.1,Manes.08G001000,NA,red,NA
Manes.08G002200.v8.1,Manes.08G002200,(1 of 1) PTHR13208//PTHR13208:SF2 - MEDIATOR OF RNA POLYMERASE II TRANSCRIPTION SUBUNIT 4 // MEDIATOR OF RNA POLYMERASE II TRANSCRIPTION SUBUNIT 4,blue,NA
Manes.08G002402.v8.1,Manes.08G002402,(1 of 9) PF09459 - Ethylbenzene dehydrogenase (EB_dh),blue,NA
Manes.08G002700.v8.1,Manes.08G002700,(1 of 3) PTHR31356:SF10 - L-ASCORBATE PEROXIDASE 2; CYTOSOLIC,blue,NA
Manes.08G002800.v8.1,Manes.08G002800,(1 of 6) PF07714//PF12819 - Protein tyrosine kinase (Pkinase_Tyr) // Carbohydrate-binding protein of the ER (Malectin_like),blue,NA
Manes.08G002900.v8.1,Manes.08G002900,NA,red,NA
Manes.08G003200.v8.1,Manes.08G003200,(1 of 1) K10737 - DNA helicase MCM8 [EC:3.6.4.12] (MCM8),blue,NA
Manes.08G006500.v8.1,Manes.08G006500,(1 of 52) K04733 - interleukin-1 receptor-associated kinase 4 (IRAK4),blue,NA
Manes.08G007000.v8.1,Manes.08G007000,(1 of 3) K02870 - large subunit ribosomal protein L12e (RP-L12e; RPL12),blue,NA
Manes.08G007100.v8.1,Manes.08G007100,NA,red,NA
Manes.08G008000.v8.1,Manes.08G008000,(1 of 8) K11294 - nucleolin (NCL; NSR1),blue,NA
Manes.08G011200.v8.1,Manes.08G011200,NA,blue,NA
Manes.08G015700.v8.1,Manes.08G015700,(1 of 2) K18655 - ATP-dependent RNA helicase DDX19/DBP5 [EC:3.6.4.13] (DDX19; DBP5),blue,NA
Manes.08G017000.v8.1,Manes.08G017000,(1 of 1) PTHR13683//PTHR13683:SF350 - ASPARTYL PROTEASES // EUKARYOTIC ASPARTYL PROTEASE FAMILY PROTEIN,blue,NA
Manes.08G017200.v8.1,Manes.08G017200,(1 of 1) PTHR21737:SF4 - CACTIN,blue,NA
Manes.08G019600.v8.1,Manes.08G019600,NA,blue,NA
Manes.08G020100.v8.1,Manes.08G020100,NA,blue,NA
Manes.08G020700.v8.1,Manes.08G020700,(1 of 2) PTHR10015:SF164 - HEAT STRESS TRANSCRIPTION FACTOR A-3,blue,NA
Manes.08G021100.v8.1,Manes.08G021100,(1 of 3) PTHR33285:SF2 - PHYTOSULFOKINES 6-RELATED,blue,NA
Manes.08G022400.v8.1,Manes.08G022400,(1 of 2) PTHR10357//PTHR10357:SF141 - ALPHA-AMYLASE // 1;4-ALPHA-GLUCAN-BRANCHING ENZYME 2-1; CHLOROPLASTIC/AMYLOPLASTIC-RELATED,blue,carb
Manes.08G022800.v8.1,Manes.08G022800,(1 of 2) K12873 - bud site selection protein 31 (BUD31; G10),blue,NA
Manes.08G025000.v8.1,Manes.08G025000,(1 of 2) PTHR19920//PTHR19920:SF0 - WD40 PROTEIN CIAO1 // CYTOSOLIC IRON-SULFUR PROTEIN ASSEMBLY PROTEIN CIAO1-RELATED,blue,NA
Manes.08G027400.v8.1,Manes.08G027400,(1 of 4) K02927//K08770 - large subunit ribosomal protein L40e (RP-L40e; RPL40) // ubiquitin C (UBC),red,NA
Manes.08G030200.v8.1,Manes.08G030200,(1 of 27) 1.1.1.331 - Secoisolariciresinol dehydrogenase,blue,NA
Manes.08G030800.v8.1,Manes.08G030800,NA,red,NA
Manes.08G032300.v8.1,Manes.08G032300,(1 of 2) PTHR11638//PTHR11638:SF69 - ATP-DEPENDENT CLP PROTEASE // SUBFAMILY NOT NAMED,blue,NA
Manes.08G033200.v8.1,Manes.08G033200,NA,blue,NA
Manes.08G033400.v8.1,Manes.08G033400,(1 of 26) PF00560//PF07714//PF08263//PF13855 - Leucine Rich Repeat (LRR_1) // Protein tyrosine kinase (Pkinase_Tyr) // Leucine rich repeat N-terminal domain (LRRNT_2) // Leucine rich repeat (LRR_8),red,NA
Manes.08G036000.v8.1,Manes.08G036000,(1 of 2) PTHR34560:SF1 - POLYKETIDE CYCLASE/DEHYDRASE AND LIPID TRANSPORT SUPERFAMILY PROTEIN,red,NA
Manes.08G036300.v8.1,Manes.08G036300,(1 of 2) PTHR24349:SF161 - CALCIUM-DEPENDENT PROTEIN KINASE 1-RELATED,red,NA
Manes.08G038800.v8.1,Manes.08G038800,(1 of 1) PTHR12917//PTHR12917:SF19 - ASPARTYL PROTEASE DDI-RELATED // SUBFAMILY NOT NAMED,red,NA
Manes.08G040700.v8.1,Manes.08G040700,(1 of 4) K11594 - ATP-dependent RNA helicase DDX3X (DDX3X; bel),skyblue3,NA
Manes.08G041300.v8.1,Manes.08G041300,(1 of 2) K02889 - large subunit ribosomal protein L21e (RP-L21e; RPL21),red,NA
Manes.08G044000.v8.1,Manes.08G044000,NA,blue,NA
Manes.08G045000.v8.1,Manes.08G045000,NA,red,NA
Manes.08G045200.v8.1,Manes.08G045200,NA,red,NA
Manes.08G047400.v8.1,Manes.08G047400,(1 of 2) PTHR12565:SF112 - TRANSCRIPTION FACTOR BHLH48-RELATED,blue,NA
Manes.08G050300.v8.1,Manes.08G050300,(1 of 6) PF00560//PF07714//PF13855 - Leucine Rich Repeat (LRR_1) // Protein tyrosine kinase (Pkinase_Tyr) // Leucine rich repeat (LRR_8),blue,NA
Manes.08G054000.v8.1,Manes.08G054000,NA,blue,NA
Manes.08G056100.v8.1,Manes.08G056100,(1 of 3) PTHR10891//PTHR10891:SF573 - EF-HAND CALCIUM-BINDING DOMAIN CONTAINING PROTEIN // CALCIUM-BINDING PROTEIN CML24-RELATED,skyblue3,NA
Manes.08G056700.v8.1,Manes.08G056700,(1 of 1) 1.3.2.3//1.6.5.3 - L-galactonolactone dehydrogenase / L-galactono-gamma-lactone dehydrogenase // NADH:ubiquinone reductase (H(+)-translocating) / Ubiquinone reductase,blue,NA
Manes.08G057400.v8.1,Manes.08G057400,(1 of 2) PTHR10535:SF2 - DNA-DIRECTED RNA POLYMERASE V SUBUNIT 5A-RELATED,blue,NA
Manes.08G064700.v8.1,Manes.08G064700,(1 of 1) K13176 - THO complex subunit 7 (THOC7),blue,NA
Manes.08G065450.v8.1,Manes.08G065450,(1 of 2) PTHR13856//PTHR13856:SF93 - VHS DOMAIN CONTAINING PROTEIN FAMILY // SUBFAMILY NOT NAMED,blue,NA
Manes.08G067400.v8.1,Manes.08G067400,(1 of 5) PTHR23050:SF166 - CALMODULIN-5,red,NA
Manes.08G069932.v8.1,Manes.08G069932,(1 of 2) PTHR22814//PTHR22814:SF94 - COPPER TRANSPORT PROTEIN ATOX1-RELATED // SUBFAMILY NOT NAMED,blue,NA
Manes.08G070000.v8.1,Manes.08G070000,NA,blue,NA
Manes.08G073101.v8.1,Manes.08G073101,(1 of 15) PF00069//PF01453 - Protein kinase domain (Pkinase) // D-mannose binding lectin (B_lectin),blue,NA
Manes.08G076200.v8.1,Manes.08G076200,NA,skyblue3,NA
Manes.08G076650.v8.1,Manes.08G076650,NA,magenta3,NA
Manes.08G076950.v8.1,Manes.08G076950,(1 of 6) K07901 - Ras-related protein Rab-8A (RAB8A; MEL),red,NA
Manes.08G156081.v8.1,Manes.08G156081,(1 of 2) PTHR14155:SF180 - RING/U-BOX DOMAIN-CONTAINING PROTEIN-RELATED,blue,NA
Manes.08G082622.v8.1,Manes.08G082622,NA,blue,NA
Manes.08G086700.v8.1,Manes.08G086700,NA,blue,NA
Manes.08G091600.v8.1,Manes.08G091600,(1 of 1) K09648 - mitochondrial inner membrane protease subunit 2 (IMP2),blue,NA
Manes.08G092100.v8.1,Manes.08G092100,(1 of 2) PTHR31503:SF1 - VACUOLAR CATION/PROTON EXCHANGER 1-RELATED,skyblue3,NA
Manes.08G092600.v8.1,Manes.08G092600,(1 of 2) PTHR12321//PTHR12321:SF46 - CPG BINDING PROTEIN // SUBFAMILY NOT NAMED,red,NA
Manes.08G093500.v8.1,Manes.08G093500,(1 of 4) 3.1.3.66 - Phosphatidylinositol-3;4-bisphosphate 4-phosphatase / Phosphoinositide 4-phosphatase,blue,NA
Manes.08G096900.v8.1,Manes.08G096900,(1 of 2) PTHR31241:SF2 - DEHYDRATION-RESPONSIVE ELEMENT-BINDING PROTEIN 2A-RELATED,blue,NA
Manes.08G101500.v8.1,Manes.08G101500,(1 of 2) K09602 - ubiquitin thioesterase protein OTUB1 [EC:3.4.19.12] (OTUB1),blue,NA
Manes.08G103000.v8.1,Manes.08G103000,NA,blue,NA
Manes.08G105600.v8.1,Manes.08G105600,(1 of 3) PF00646//PF14299 - F-box domain (F-box) // Phloem protein 2 (PP2),blue,NA
Manes.08G108000.v8.1,Manes.08G108000,(1 of 2) PTHR32227//PTHR32227:SF118 - FAMILY NOT NAMED // CARBOHYDRATE-BINDING X8 DOMAIN-CONTAINING PROTEIN,blue,carb
Manes.08G110200.v8.1,Manes.08G110200,(1 of 4) 3.1.26.11 - Ribonuclease Z / tRNase Z,red,NA
Manes.08G111900.v8.1,Manes.08G111900,(1 of 13) K01507 - inorganic pyrophosphatase (ppa),blue,NA
Manes.08G115000.v8.1,Manes.08G115000,NA,magenta3,NA
Manes.08G116100.v8.1,Manes.08G116100,(1 of 1) K02883//K07575 - large subunit ribosomal protein L18e (RP-L18e; RPL18) // PUA domain protein (K07575),skyblue3,NA
Manes.08G117300.v8.1,Manes.08G117300,NA,skyblue3,NA
Manes.08G117400.v8.1,Manes.08G117400,NA,blue,NA
Manes.08G117800.v8.1,Manes.08G117800,NA,blue,NA
Manes.08G118100.v8.1,Manes.08G118100,(1 of 1) K10994 - cell cycle checkpoint control protein RAD9A [EC:3.1.11.2] (RAD9A),skyblue3,NA
Manes.08G118300.v8.1,Manes.08G118300,(1 of 2) K02971 - small subunit ribosomal protein S21e (RP-S21e; RPS21),red,NA
Manes.08G119400.v8.1,Manes.08G119400,(1 of 1) PTHR12549:SF17 - WRC; ZF-4CXXC-R1 TRANSCRIPTION FACTOR AND JUMONJI DOMAIN-CONTAINING PROTEIN,red,NA
Manes.08G119900.v8.1,Manes.08G119900,NA,red,NA
Manes.08G122800.v8.1,Manes.08G122800,(1 of 2) PTHR22814//PTHR22814:SF134 - COPPER TRANSPORT PROTEIN ATOX1-RELATED // COPPER-BINDING FAMILY PROTEIN-RELATED,red,NA
Manes.08G128600.v8.1,Manes.08G128600,NA,blue,NA
Manes.08G133800.v8.1,Manes.08G133800,(1 of 10) 1.1.1.317 - Perakine reductase,red,NA
Manes.08G134300.v8.1,Manes.08G134300,,blue,NA
Manes.08G135700.v8.1,Manes.08G135700,(1 of 2) K09550 - prefoldin subunit 4 (PFDN4),blue,NA
Manes.08G140000.v8.1,Manes.08G140000,NA,red,NA
Manes.08G148200.v8.1,Manes.08G148200,(1 of 2) PTHR10438//PTHR10438:SF245 - THIOREDOXIN // THIOREDOXIN-LIKE 1-1; CHLOROPLASTIC-RELATED,blue,NA
Manes.08G148900.v8.1,Manes.08G148900,NA,red,NA
Manes.08G145800.v8.1,Manes.08G145800,(1 of 3) PTHR19957//PTHR19957:SF131 - SYNTAXIN // SUBFAMILY NOT NAMED,blue,NA
Manes.08G145900.v8.1,Manes.08G145900,NA,blue,NA
Manes.08G153900.v8.1,Manes.08G153900,NA,blue,NA
Manes.08G155900.v8.1,Manes.08G155900,(1 of 18) K08472 - mlo protein (MLO),skyblue3,NA
Manes.08G156200.v8.1,Manes.08G156200,(1 of 52) PF00385 - Chromo (CHRromatin Organisation MOdifier) domain (Chromo),skyblue3,NA
Manes.08G157900.v8.1,Manes.08G157900,(1 of 2) PTHR31956//PTHR31956:SF1 - FAMILY NOT NAMED // NON-SPECIFIC PHOSPHOLIPASE C3-RELATED,blue,NA
Manes.08G161900.v8.1,Manes.08G161900,(1 of 11) PF01612 - 3'-5' exonuclease (DNA_pol_A_exo1),blue,NA
Manes.08G166600.v8.1,Manes.08G166600,NA,blue,NA
Manes.08G167000.v8.1,Manes.08G167000,NA,blue,NA
Manes.08G169600.v8.1,Manes.08G169600,NA,blue,NA
Manes.08G170200.v8.1,Manes.08G170200,(1 of 1) PTHR31451//PTHR31451:SF17 - FAMILY NOT NAMED // MANNAN ENDO-1;4-BETA-MANNOSIDASE 6,red,carb
Manes.08G172311.v8.1,Manes.08G172311,NA,blue,NA
Manes.08G173400.v8.1,Manes.08G173400,(1 of 2) PTHR24347//PTHR24347:SF189 - SERINE/THREONINE-PROTEIN KINASE // SUBFAMILY NOT NAMED,red,NA
Manes.08G173300.v8.1,Manes.08G173300,(1 of 5) PTHR24347//PTHR24347:SF167 - SERINE/THREONINE-PROTEIN KINASE // CBL-INTERACTING SERINE/THREONINE-PROTEIN KINASE 2,blue,NA
Manes.08G172700.v8.1,Manes.08G172700,NA,red,NA
Manes.08G174200.v8.1,Manes.08G174200,NA,moccasin,NA
Manes.08G174100.v8.1,Manes.08G174100,(1 of 1) PTHR13140:SF270 - MYOSIN-12,blue,NA
Manes.09G001501.v8.1,Manes.09G001501,NA,blue,NA
Manes.09G000800.v8.1,Manes.09G000800,(1 of 5) PTHR23050//PTHR23050:SF166 - CALCIUM BINDING PROTEIN // CALMODULIN-5,red,NA
Manes.09G003600.v8.1,Manes.09G003600,(1 of 2) K14819 - dual specificity phosphatase 12 [EC:3.1.3.16 3.1.3.48] (DUSP12; YVH1),magenta3,NA
Manes.09G004100.v8.1,Manes.09G004100,NA,red,NA
Manes.09G005300.v8.1,Manes.09G005300,NA,red,NA
Manes.09G011961.v8.1,Manes.09G011961,NA,magenta3,NA
Manes.09G014100.v8.1,Manes.09G014100,NA,magenta3,NA
Manes.09G015800.v8.1,Manes.09G015800,NA,blue,NA
Manes.09G016699.v8.1,Manes.09G016699,NA,skyblue3,NA
Manes.09G016800.v8.1,Manes.09G016800,NA,blue,NA
Manes.09G018460.v8.1,Manes.09G018460,NA,red,NA
Manes.09G018700.v8.1,Manes.09G018700,NA,blue,NA
Manes.09G020400.v8.1,Manes.09G020400,(1 of 1) 3.6.3.32 - Quaternary-amine-transporting ATPase,red,NA
Manes.09G031600.v8.1,Manes.09G031600,(1 of 1) PTHR10024:SF236 - ANTHRANILATE PHOSPHORIBOSYLTRANSFERASE-LIKE PROTEIN,red,NA
Manes.09G032200.v8.1,Manes.09G032200,NA,blue,NA
Manes.09G035100.v8.1,Manes.09G035100,(1 of 2) 1.14.19.6 - Delta(12)-fatty-acid desaturase / Oleoyl-CoA Delta(12) desaturase,red,NA
Manes.09G036600.v8.1,Manes.09G036600,(1 of 1) PF00046//PF02183//PF03101//PF04618 - Homeobox domain (Homeobox) // Homeobox associated leucine zipper (HALZ) // FAR1 DNA-binding domain (FAR1) // HD-ZIP protein N terminus (HD-ZIP_N),blue,NA
Manes.09G038600.v8.1,Manes.09G038600,,blue,NA
Manes.09G039200.v8.1,Manes.09G039200,(1 of 2) K02889 - large subunit ribosomal protein L21e (RP-L21e; RPL21),blue,NA
Manes.09G039700.v8.1,Manes.09G039700,NA,blue,NA
Manes.09G040700.v8.1,Manes.09G040700,(1 of 2) K03252 - translation initiation factor 3 subunit C (EIF3C),blue,NA
Manes.09G042800.v8.1,Manes.09G042800,NA,blue,NA
Manes.09G043000.v8.1,Manes.09G043000,NA,moccasin,NA
Manes.09G049300.v8.1,Manes.09G049300,(1 of 8) PF00076//PF00098 - RNA recognition motif. (a.k.a. RRM; RBD; or RNP domain) (RRM_1) // Zinc knuckle (zf-CCHC),skyblue3,NA
Manes.09G051000.v8.1,Manes.09G051000,(1 of 1) 3.5.5.4//4.2.1.65 - Cyanoalanine nitrilase // 3-cyanoalanine hydratase,red,NA
Manes.09G051600.v8.1,Manes.09G051600,NA,red,NA
Manes.09G053800.v8.1,Manes.09G053800,(1 of 1) K11099 - small nuclear ribonucleoprotein G (SNRPG; SMG),red,NA
Manes.09G054400.v8.1,Manes.09G054400,(1 of 5) K13161 - heterogeneous nuclear ribonucleoprotein R (HNRNPR),blue,NA
Manes.09G056602.v8.1,Manes.09G056602,(1 of 14) PTHR10634 - AN1-TYPE ZINC FINGER PROTEIN,blue,NA
Manes.09G056700.v8.1,Manes.09G056700,(1 of 1) PTHR12264:SF21 - TRANSCRIPTION INITIATION FACTOR TFIID SUBUNIT 12,blue,NA
Manes.09G058676.v8.1,Manes.09G058676,(1 of 2) PTHR10357//PTHR10357:SF141 - ALPHA-AMYLASE // 1;4-ALPHA-GLUCAN-BRANCHING ENZYME 2-1; CHLOROPLASTIC/AMYLOPLASTIC-RELATED,blue,carb
Manes.09G059028.v8.1,Manes.09G059028,(1 of 2) PTHR10015//PTHR10015:SF164 - HEAT SHOCK TRANSCRIPTION FACTOR // HEAT STRESS TRANSCRIPTION FACTOR A-3,blue,NA
Manes.09G066900.v8.1,Manes.09G066900,NA,blue,NA
Manes.09G067800.v8.1,Manes.09G067800,(1 of 8) K11294 - nucleolin (NCL; NSR1),blue,NA
Manes.09G068812.v8.1,Manes.09G068812,(1 of 4) K02152 - V-type H+-transporting ATPase subunit G (ATPeV1G; ATP6G),skyblue3,NA
Manes.09G073810.v8.1,Manes.09G073810,(1 of 2) PTHR31235:SF11 - PEROXIDASE 21,blue,NA
Manes.09G081400.v8.1,Manes.09G081400,(1 of 4) PTHR32295:SF32 - PROTEIN IQ-DOMAIN 3-RELATED,skyblue3,NA
Manes.09G079800.v8.1,Manes.09G079800,NA,skyblue3,NA
Manes.09G070900.v8.1,Manes.09G070900,NA,red,NA
Manes.09G072000.v8.1,Manes.09G072000,(1 of 5) K12896 - splicing factor; arginine/serine-rich 7 (SFRS7),red,NA
Manes.09G074200.v8.1,Manes.09G074200,NA,red,NA
Manes.09G073000.v8.1,Manes.09G073000,(1 of 3) K02901 - large subunit ribosomal protein L27e (RP-L27e; RPL27),red,NA
Manes.09G072900.v8.1,Manes.09G072900,(1 of 1) PTHR18937//PTHR18937:SF225 - STRUCTURAL MAINTENANCE OF CHROMOSOMES SMC FAMILY MEMBER // SUBFAMILY NOT NAMED,blue,NA
Manes.09G076800.v8.1,Manes.09G076800,NA,red,NA
Manes.09G077400.v8.1,Manes.09G077400,(1 of 1) PTHR32133:SF121 - F-BOX PROTEIN CPR30,blue,NA
Manes.09G084700.v8.1,Manes.09G084700,(1 of 1) K13216 - nuclear inhibitor of protein phosphatase 1 [EC:3.1.4.-] (PPP1R8; NIPP1),red,NA
Manes.09G085000.v8.1,Manes.09G085000,(1 of 1) PTHR21297//PTHR21297:SF2 - DNA-DIRECTED RNA POLYMERASE II // DNA-DIRECTED RNA POLYMERASES IV AND V SUBUNIT 4,blue,NA
Manes.09G086900.v8.1,Manes.09G086900,(1 of 259) PF00076 - RNA recognition motif. (a.k.a. RRM; RBD; or RNP domain) (RRM_1),skyblue3,NA
Manes.09G087400.v8.1,Manes.09G087400,(1 of 1) K12492 - ADP-ribosylation factor GTPase-activating protein 1 (ARFGAP1),blue,NA
Manes.09G095700.v8.1,Manes.09G095700,(1 of 1) PTHR13902//PTHR13902:SF5 - SERINE/THREONINE-PROTEIN KINASE WNK  WITH NO LYSINE -RELATED // SUBFAMILY NOT NAMED,blue,NA
Manes.09G098300.v8.1,Manes.09G098300,NA,blue,NA
Manes.09G098800.v8.1,Manes.09G098800,(1 of 9) PTHR11260//PTHR11260:SF303 - GLUTATHIONE S-TRANSFERASE; GST; SUPERFAMILY; GST DOMAIN CONTAINING // GLUTATHIONE S-TRANSFERASE U1-RELATED,blue,NA
Manes.09G098760.v8.1,Manes.09G098760,(1 of 46) PF00582 - Universal stress protein family (Usp),blue,NA
Manes.09G099500.v8.1,Manes.09G099500,NA,red,NA
Manes.09G107800.v8.1,Manes.09G107800,NA,red,NA
Manes.09G103700.v8.1,Manes.09G103700,(1 of 2) PTHR31503//PTHR31503:SF1 - FAMILY NOT NAMED // VACUOLAR CATION/PROTON EXCHANGER 1-RELATED,skyblue3,NA
Manes.09G108500.v8.1,Manes.09G108500,(1 of 4) PTHR27004:SF37 - DISEASE RESISTANCE FAMILY PROTEIN/LRR FAMILY PROTEIN-RELATED,blue,NA
Manes.09G109900.v8.1,Manes.09G109900,(1 of 3) K03178 - ubiquitin-activating enzyme E1 (UBE1; UBA1),blue,NA
Manes.09G110400.v8.1,Manes.09G110400,NA,red,NA
Manes.09G113600.v8.1,Manes.09G113600,(1 of 2) PTHR12902//PTHR12902:SF12 - WASP-1 // PROTEIN SCAR2-RELATED,blue,NA
Manes.09G118300.v8.1,Manes.09G118300,(1 of 2) PTHR12668:SF19 - NON-GREEN PLASTID INNER ENVELOPE MEMBRANE PROTEIN-RELATED,red,NA
Manes.09G118400.v8.1,Manes.09G118400,(1 of 2) PTHR22765:SF58 - VACUOLAR-SORTING RECEPTOR 1-RELATED,blue,NA
Manes.09G119000.v8.1,Manes.09G119000,(1 of 1) K11664 - vacuolar protein sorting-associated protein 72 (VPS72; TCFL1; YL1),red,NA
Manes.09G119100.v8.1,Manes.09G119100,NA,red,NA
Manes.09G119300.v8.1,Manes.09G119300,(1 of 2) PTHR32116:SF12 - GALACTURONOSYLTRANSFERASE 7-RELATED,blue,carb
Manes.09G122000.v8.1,Manes.09G122000,(1 of 2) PTHR11040:SF70 - METAL HOMEOSTASIS FACTOR ATX2,blue,NA
Manes.09G122300.v8.1,Manes.09G122300,(1 of 2) PTHR31284//PTHR31284:SF9 - FAMILY NOT NAMED // HAD SUPERFAMILY; SUBFAMILY IIIB ACID PHOSPHATASE,red,NA
Manes.09G122700.v8.1,Manes.09G122700,NA,blue,NA
Manes.09G125200.v8.1,Manes.09G125200,(1 of 259) PF00076 - RNA recognition motif. (a.k.a. RRM; RBD; or RNP domain) (RRM_1),blue,NA
Manes.09G130200.v8.1,Manes.09G130200,(1 of 138) KOG0156 - Cytochrome P450 CYP2 subfamily,blue,NA
Manes.09G134700.v8.1,Manes.09G134700,NA,blue,NA
Manes.09G135400.v8.1,Manes.09G135400,(1 of 3) K03687 - molecular chaperone GrpE (GRPE),blue,NA
Manes.09G135500.v8.1,Manes.09G135500,(1 of 2) PTHR23180:SF202 - ADP-RIBOSYLATION FACTOR GTPASE-ACTIVATING PROTEIN AGD14-RELATED,blue,NA
Manes.09G138400.v8.1,Manes.09G138400,NA,blue,NA
Manes.09G138900.v8.1,Manes.09G138900,(1 of 1) PTHR10502//PTHR10502:SF127 - ANNEXIN // SUBFAMILY NOT NAMED,red,NA
Manes.09G142000.v8.1,Manes.09G142000,NA,blue,NA
Manes.09G143200.v8.1,Manes.09G143200,(1 of 4) K15078 - structure-specific endonuclease subunit SLX1 (SLX1),blue,NA
Manes.09G143800.v8.1,Manes.09G143800,(1 of 2) PTHR31744:SF10 - NAC DOMAIN CONTAINING PROTEIN 87,blue,NA
Manes.09G146400.v8.1,Manes.09G146400,(1 of 1) PTHR11795:SF388 - CURCULIN-LIKE (MANNOSE-BINDING) LECTIN FAMILY PROTEIN,red,NA
Manes.09G147800.v8.1,Manes.09G147800,(1 of 4) PTHR11909:SF178 - CASEIN KINASE 1-LIKE PROTEIN 8,blue,NA
Manes.09G148600.v8.1,Manes.09G148600,(1 of 2) PTHR24349//PTHR24349:SF76 - SERINE/THREONINE-PROTEIN KINASE // PHOSPHOENOLPYRUVATE CARBOXYLASE KINASE 1-RELATED,blue,NA
Manes.09G148700.v8.1,Manes.09G148700,(1 of 12) K06269 - serine/threonine-protein phosphatase PP1 catalytic subunit (PPP1C),red,NA
Manes.09G153400.v8.1,Manes.09G153400,NA,skyblue3,NA
Manes.09G156500.v8.1,Manes.09G156500,(1 of 4) K02974 - small subunit ribosomal protein S24e (RP-S24e; RPS24),red,NA
Manes.09G157600.v8.1,Manes.09G157600,(1 of 2) PTHR23257//PTHR23257:SF440 - SERINE-THREONINE PROTEIN KINASE // SUBFAMILY NOT NAMED,blue,NA
Manes.09G160000.v8.1,Manes.09G160000,(1 of 2) PTHR10809:SF59 - VESICLE-ASSOCIATED PROTEIN 2-2,blue,NA
Manes.09G161800.v8.1,Manes.09G161800,(1 of 14) K14490 - histidine-containing phosphotransfer peotein (AHP),blue,NA
Manes.09G161900.v8.1,Manes.09G161900,(1 of 3) PTHR13268//PTHR13268:SF2 - BREAST CARCINOMA AMPLIFIED SEQUENCE 3 // AUTOPHAGY-RELATED PROTEIN 18G,blue,NA
Manes.09G167000.v8.1,Manes.09G167000,(1 of 1) KOG0239//KOG4280 - Kinesin (KAR3 subfamily) // Kinesin-like protein,moccasin,NA
Manes.09G170000.v8.1,Manes.09G170000,NA,blue,NA
Manes.09G170200.v8.1,Manes.09G170200,(1 of 1) K10364 - capping protein (actin filament) muscle Z-line; alpha (CAPZA),red,NA
Manes.09G170800.v8.1,Manes.09G170800,NA,blue,NA
Manes.09G171300.v8.1,Manes.09G171300,(1 of 2) PTHR12899//PTHR12899:SF10 - 39S RIBOSOMAL PROTEIN L18; MITOCHONDRIAL // SUBFAMILY NOT NAMED,red,NA
Manes.09G172000.v8.1,Manes.09G172000,NA,red,NA
Manes.09G174700.v8.1,Manes.09G174700,(1 of 2) K08489 - syntaxin 16 (STX16),blue,NA
Manes.09G175300.v8.1,Manes.09G175300,(1 of 1) PTHR13710//PTHR13710:SF70 - DNA HELICASE RECQ FAMILY MEMBER // BLOOM SYNDROME PROTEIN,blue,NA
Manes.09G176400.v8.1,Manes.09G176400,(1 of 1) PTHR11079:SF82 - RNA PSEUDOURIDINE SYNTHASE 1,skyblue3,NA
Manes.09G177000.v8.1,Manes.09G177000,NA,blue,NA
Manes.09G179800.v8.1,Manes.09G179800,(1 of 3) 3.4.19.3 - Pyroglutamyl-peptidase I / Pyrrolidone-carboxylate peptidase,red,NA
Manes.09G180500.v8.1,Manes.09G180500,(1 of 2) PTHR32227:SF118 - CARBOHYDRATE-BINDING X8 DOMAIN-CONTAINING PROTEIN,blue,carb
Manes.09G180600.v8.1,Manes.09G180600,NA,blue,NA
Manes.09G181200.v8.1,Manes.09G181200,(1 of 1) PTHR13683//PTHR13683:SF312 - ASPARTYL PROTEASES // SUBFAMILY NOT NAMED,blue,NA
Manes.09G183100.v8.1,Manes.09G183100,(1 of 6) PTHR32278//PTHR32278:SF6 - FAMILY NOT NAMED // F-BOX PROTEIN PP2-B1-RELATED,blue,NA
Manes.09G183950.v8.1,Manes.09G183950,(1 of 1) PF00350//PF02212 - Dynamin family (Dynamin_N) // Dynamin GTPase effector domain (GED),blue,NA
Manes.09G185400.v8.1,Manes.09G185400,(1 of 2) PTHR11624:SF56 - PYRUVATE DEHYDROGENASE E1 COMPONENT SUBUNIT BETA; MITOCHONDRIAL,red,NA
Manes.09G186000.v8.1,Manes.09G186000,NA,blue,NA
Manes.10G004300.v8.1,Manes.10G004300,(1 of 1) PTHR11695//PTHR11695:SF31 - ALCOHOL DEHYDROGENASE RELATED // GROES-LIKE ZINC-BINDING ALCOHOL DEHYDROGENASE FAMILY PROTEIN,moccasin,NA
Manes.10G003400.v8.1,Manes.10G003400,NA,blue,NA
Manes.10G001600.v8.1,Manes.10G001600,NA,magenta3,NA
Manes.10G000800.v8.1,Manes.10G000800,NA,blue,NA
Manes.10G000100.v8.1,Manes.10G000100,(1 of 2) K02976 - small subunit ribosomal protein S26e (RP-S26e; RPS26),red,NA
Manes.10G006600.v8.1,Manes.10G006600,(1 of 2) K15296 - alpha-soluble NSF attachment protein (NAPA; SNAPA; SEC17),red,NA
Manes.10G020200.v8.1,Manes.10G020200,(1 of 1) PTHR10108:SF887 - METHYLTRANSFERASE PMT22-RELATED,blue,NA
Manes.10G017601.v8.1,Manes.10G017601,(1 of 2) K12947 - signal peptidase complex subunit 2 (SPCS2; SPC2),blue,NA
Manes.10G020100.v8.1,Manes.10G020100,NA,blue,NA
Manes.10G020800.v8.1,Manes.10G020800,NA,blue,NA
Manes.10G021300.v8.1,Manes.10G021300,NA,blue,NA
Manes.10G023200.v8.1,Manes.10G023200,(1 of 10) PTHR23155//PTHR23155:SF634 - LEUCINE-RICH REPEAT-CONTAINING PROTEIN // SUBFAMILY NOT NAMED,red,NA
Manes.10G026300.v8.1,Manes.10G026300,(1 of 1) PTHR12271//PTHR12271:SF40 - POLY A  POLYMERASE CID  PAP -RELATED // POLY(A) RNA POLYMERASE GLD2,blue,NA
Manes.10G026351.v8.1,Manes.10G026351,NA,blue,NA
Manes.10G029400.v8.1,Manes.10G029400,(1 of 5) PTHR31867//PTHR31867:SF9 - FAMILY NOT NAMED // EXPANSIN-A6,blue,NA
Manes.10G029532.v8.1,Manes.10G029532,NA,skyblue3,NA
Manes.10G031200.v8.1,Manes.10G031200,(1 of 2) PTHR31992:SF26 - DOF ZINC FINGER PROTEIN DOF2.4,blue,NA
Manes.10G037500.v8.1,Manes.10G037500,(1 of 2) K18059 - sulfate transporter 4 (SULTR4),magenta3,NA
Manes.10G036700.v8.1,Manes.10G036700,NA,magenta3,NA
Manes.10G049400.v8.1,Manes.10G049400,(1 of 1) PTHR22883:SF19 - PROTEIN S-ACYLTRANSFERASE 15-RELATED,red,NA
Manes.10G051200.v8.1,Manes.10G051200,(1 of 2) K12885 - heterogeneous nuclear ribonucleoprotein G (RBMX; HNRNPG),blue,NA
Manes.10G052301.v8.1,Manes.10G052301,(1 of 1) PTHR31989:SF29 - F18K10.6 PROTEIN-RELATED,blue,NA
Manes.10G055500.v8.1,Manes.10G055500,(1 of 2) PTHR19919//PTHR19919:SF2 - WD REPEAT CONTAINING PROTEIN // PROTEIN TRANSPARENT TESTA GLABRA 1,blue,NA
Manes.10G057200.v8.1,Manes.10G057200,(1 of 1) PTHR21596//PTHR21596:SF14 - RIBONUCLEASE P SUBUNIT P38 // SUBFAMILY NOT NAMED,red,NA
Manes.10G060650.v8.1,Manes.10G060650,(1 of 6) K09503 - DnaJ homolog subfamily A member 2 (DNAJA2),red,NA
Manes.10G060800.v8.1,Manes.10G060800,(1 of 6) K09503 - DnaJ homolog subfamily A member 2 (DNAJA2),red,NA
Manes.10G063001.v8.1,Manes.10G063001,(1 of 3) PTHR10887//PTHR10887:SF372 - DNA2/NAM7 HELICASE FAMILY // SUBFAMILY NOT NAMED,blue,NA
Manes.10G066800.v8.1,Manes.10G066800,(1 of 7) PTHR13068:SF18 - EMB|CAB62602.1,blue,NA
Manes.10G067400.v8.1,Manes.10G067400,NA,blue,NA
Manes.10G063700.v8.1,Manes.10G063700,(1 of 1) PTHR10887//PTHR10887:SF372//PTHR21529 - DNA2/NAM7 HELICASE FAMILY // SUBFAMILY NOT NAMED // MAMMARY TURMOR VIRUS RECEPTOR HOMOLOG 1; 2  MTVR1; 2,blue,NA
Manes.10G065901.v8.1,Manes.10G065901,NA,skyblue3,NA
Manes.10G067800.v8.1,Manes.10G067800,NA,blue,NA
Manes.10G068500.v8.1,Manes.10G068500,(1 of 8) PF00069//PF00560//PF13855 - Protein kinase domain (Pkinase) // Leucine Rich Repeat (LRR_1) // Leucine rich repeat (LRR_8),blue,NA
Manes.10G068700.v8.1,Manes.10G068700,(1 of 1) K10904 - TIMELESS-interacting protein (TIPIN),blue,NA
Manes.10G069200.v8.1,Manes.10G069200,(1 of 1) PTHR23180//PTHR23180:SF244 - CENTAURIN/ARF // ADP-RIBOSYLATION FACTOR GTPASE-ACTIVATING PROTEIN AGD2-RELATED,blue,NA
Manes.10G072100.v8.1,Manes.10G072100,(1 of 3) K02938 - large subunit ribosomal protein L8e (RP-L8e; RPL8),blue,NA
Manes.10G072400.v8.1,Manes.10G072400,(1 of 1) PTHR24314//PTHR24314:SF6 - FAMILY NOT NAMED // CHLOROPHYLL(IDE) B REDUCTASE NOL; CHLOROPLASTIC,blue,NA
Manes.10G056200.v8.1,Manes.10G056200,NA,blue,NA
Manes.10G074700.v8.1,Manes.10G074700,(1 of 4) PTHR13832:SF362 - PROTEIN PHOSPHATASE 2C 63-RELATED,red,NA
Manes.10G073200.v8.1,Manes.10G073200,NA,blue,NA
Manes.10G075700.v8.1,Manes.10G075700,(1 of 3) K15923 - alpha-L-fucosidase 2 (AXY8; FUC95A; afcA),blue,NA
Manes.10G076074.v8.1,Manes.10G076074,NA,blue,NA
Manes.10G076400.v8.1,Manes.10G076400,NA,blue,NA
Manes.10G076700.v8.1,Manes.10G076700,(1 of 3) PTHR11695//PTHR11695:SF574 - ALCOHOL DEHYDROGENASE RELATED // CINNAMYL ALCOHOL DEHYDROGENASE 4-RELATED,red,NA
Manes.10G077334.v8.1,Manes.10G077334,(1 of 2) K03011 - DNA-directed RNA polymerase II subunit RPB3 (RPB3; POLR2C),blue,NA
Manes.10G077200.v8.1,Manes.10G077200,(1 of 4) PTHR12411:SF344 - CYSTEINE PROTEASE COMPONENT OF PROTEASE-INHIBITOR COMPLEX-RELATED,blue,NA
Manes.10G082700.v8.1,Manes.10G082700,(1 of 1569) 2.7.11.1 - Non-specific serine/threonine protein kinase / Threonine-specific protein kinase,red,NA
Manes.10G084500.v8.1,Manes.10G084500,(1 of 1) PTHR10177//PTHR10177:SF224 - CYCLINE // SUBFAMILY NOT NAMED,red,NA
Manes.10G088500.v8.1,Manes.10G088500,(1 of 36) PTHR11017//PTHR11017:SF162 - LEUCINE-RICH REPEAT-CONTAINING PROTEIN // SUBFAMILY NOT NAMED,blue,NA
Manes.10G087700.v8.1,Manes.10G087700,NA,magenta3,NA
Manes.10G097400.v8.1,Manes.10G097400,(1 of 2) PTHR10071//PTHR10071:SF186 - TRANSCRIPTION FACTOR GATA  GATA BINDING FACTOR // SUBFAMILY NOT NAMED,red,NA
Manes.10G097500.v8.1,Manes.10G097500,(1 of 1) PTHR10288:SF173 - RNA-BINDING KH DOMAIN-CONTAINING PROTEIN,moccasin,NA
Manes.10G097700.v8.1,Manes.10G097700,NA,blue,NA
Manes.10G105156.v8.1,Manes.10G105156,NA,blue,NA
Manes.10G105300.v8.1,Manes.10G105300,(1 of 24) 2.4.1.324 - 7-deoxyloganetin glucosyltransferase / UGT85A24,blue,NA
Manes.10G109900.v8.1,Manes.10G109900,(1 of 4) K02960 - small subunit ribosomal protein S16e (RP-S16e; RPS16),red,NA
Manes.10G110000.v8.1,Manes.10G110000,(1 of 2) PTHR11566//PTHR11566:SF57 - DYNAMIN // DYNAMIN-2A-RELATED,blue,NA
Manes.10G115900.v8.1,Manes.10G115900,(1 of 24) K07904 - Ras-related protein Rab-11A (RAB11A),red,NA
Manes.10G116300.v8.1,Manes.10G116300,(1 of 2) PTHR11208//PTHR11208:SF48 - RNA-BINDING PROTEIN RELATED // SUBFAMILY NOT NAMED,red,NA
Manes.10G122600.v8.1,Manes.10G122600,(1 of 3) K04551 - ubiquitin B (UBB),blue,NA
Manes.10G127900.v8.1,Manes.10G127900,(1 of 36) PTHR11017//PTHR11017:SF162 - LEUCINE-RICH REPEAT-CONTAINING PROTEIN // SUBFAMILY NOT NAMED,red,NA
Manes.10G129300.v8.1,Manes.10G129300,(1 of 4) PTHR22811//PTHR22811:SF68 - TRANSMEMBRANE EMP24 DOMAIN-CONTAINING PROTEIN // SUBFAMILY NOT NAMED,red,NA
Manes.10G129700.v8.1,Manes.10G129700,NA,red,NA
Manes.10G131600.v8.1,Manes.10G131600,(1 of 6) PTHR21596:SF12 - PROTEIN SUPPRESSOR OF GENE SILENCING 3,magenta3,NA
Manes.10G133710.v8.1,Manes.10G133710,(1 of 86) PTHR23155//PTHR23155:SF563 - LEUCINE-RICH REPEAT-CONTAINING PROTEIN // SUBFAMILY NOT NAMED,skyblue3,NA
Manes.10G134500.v8.1,Manes.10G134500,(1 of 22) 2.3.1.75 - Long-chain-alcohol O-fatty-acyltransferase / Wax synthase,blue,NA
Manes.10G135200.v8.1,Manes.10G135200,(1 of 5) 3.4.24.71 - Endothelin-converting enzyme 1 / ECE-1,blue,NA
Manes.10G138200.v8.1,Manes.10G138200,(1 of 1) PF00931//PF02902 - NB-ARC domain (NB-ARC) // Ulp1 protease family; C-terminal catalytic domain (Peptidase_C48),red,NA
Manes.10G141500.v8.1,Manes.10G141500,(1 of 86) PTHR23155//PTHR23155:SF563 - LEUCINE-RICH REPEAT-CONTAINING PROTEIN // SUBFAMILY NOT NAMED,red,NA
Manes.10G141601.v8.1,Manes.10G141601,(1 of 86) PTHR23155//PTHR23155:SF563 - LEUCINE-RICH REPEAT-CONTAINING PROTEIN // SUBFAMILY NOT NAMED,blue,NA
Manes.10G141651.v8.1,Manes.10G141651,(1 of 6) PTHR23155//PTHR23155:SF414 - LEUCINE-RICH REPEAT-CONTAINING PROTEIN // SUBFAMILY NOT NAMED,blue,NA
Manes.10G141700.v8.1,Manes.10G141700,(1 of 86) PTHR23155//PTHR23155:SF563 - LEUCINE-RICH REPEAT-CONTAINING PROTEIN // SUBFAMILY NOT NAMED,blue,NA
Manes.10G142050.v8.1,Manes.10G142050,NA,skyblue3,NA
Manes.10G141900.v8.1,Manes.10G141900,(1 of 6) PTHR23155//PTHR23155:SF414 - LEUCINE-RICH REPEAT-CONTAINING PROTEIN // SUBFAMILY NOT NAMED,blue,NA
Manes.10G142200.v8.1,Manes.10G142200,(1 of 86) PTHR23155//PTHR23155:SF563 - LEUCINE-RICH REPEAT-CONTAINING PROTEIN // SUBFAMILY NOT NAMED,blue,NA
Manes.10G143000.v8.1,Manes.10G143000,(1 of 3) PTHR11206//PTHR11206:SF156 - MULTIDRUG RESISTANCE PROTEIN // MATE EFFLUX FAMILY PROTEIN FRD3,blue,NA
Manes.10G143800.v8.1,Manes.10G143800,(1 of 5) K19045 - E3 ubiquitin-protein ligase BIG BROTHER and related proteins [EC:6.3.2.19] (BB),blue,NA
Manes.10G144100.v8.1,Manes.10G144100,(1 of 39) K01188 - beta-glucosidase (E3.2.1.21),blue,carb
Manes.10G144600.v8.1,Manes.10G144600,(1 of 1) PTHR31407//PTHR31407:SF20 - FAMILY NOT NAMED // THYLAKOID LUMENAL 19 KDA PROTEIN; CHLOROPLASTIC,red,carb
Manes.10G145100.v8.1,Manes.10G145100,NA,blue,NA
Manes.10G147900.v8.1,Manes.10G147900,(1 of 2) PTHR24078//PTHR24078:SF289 - DNAJ HOMOLOG SUBFAMILY C MEMBER // SUBFAMILY NOT NAMED,blue,NA
Manes.11G002700.v8.1,Manes.11G002700,NA,blue,NA
Manes.11G004900.v8.1,Manes.11G004900,(1 of 2) PTHR26402//PTHR26402:SF574 - RESPONSE REGULATOR OF TWO-COMPONENT SYSTEM // SUBFAMILY NOT NAMED,blue,NA
Manes.11G007250.v8.1,Manes.11G007250,(1 of 2) K18417 - ERI1 exoribonuclease 2 [EC:3.1.-.-] (ERI2),blue,NA
Manes.11G007500.v8.1,Manes.11G007500,NA,red,NA
Manes.11G009500.v8.1,Manes.11G009500,NA,blue,NA
Manes.11G009600.v8.1,Manes.11G009600,NA,skyblue3,NA
Manes.11G011200.v8.1,Manes.11G011200,(1 of 6) PTHR21493:SF131 - ALPHA/BETA-HYDROLASES,blue,NA
Manes.11G012200.v8.1,Manes.11G012200,NA,skyblue3,NA
Manes.11G013200.v8.1,Manes.11G013200,(1 of 1) K03239 - translation initiation factor eIF-2B subunit alpha (EIF2B1),blue,NA
Manes.11G015400.v8.1,Manes.11G015400,NA,blue,NA
Manes.11G016500.v8.1,Manes.11G016500,(1 of 1) PTHR10098//PTHR10098:SF117 - RAPSYN-RELATED // SUBFAMILY NOT NAMED,blue,NA
Manes.11G017601.v8.1,Manes.11G017601,(1 of 3) PTHR11562:SF23 - METAL TOLERANCE PROTEIN C2,red,NA
Manes.11G018400.v8.1,Manes.11G018400,(1 of 2) K14085 - aldehyde dehydrogenase family 7 member A1 (ALDH7A1),skyblue3,NA
Manes.11G018600.v8.1,Manes.11G018600,(1 of 4) PTHR12266//PTHR12266:SF9 - NA+/CA2+ K+ INDEPENDENT EXCHANGER // CATION/CALCIUM EXCHANGER 3-RELATED,red,NA
Manes.11G019300.v8.1,Manes.11G019300,(1 of 1569) 2.7.11.1 - Non-specific serine/threonine protein kinase / Threonine-specific protein kinase,blue,NA
Manes.11G033200.v8.1,Manes.11G033200,(1 of 1) PF01476//PF07714 - LysM domain (LysM) // Protein tyrosine kinase (Pkinase_Tyr),red,NA
Manes.11G040441.v8.1,Manes.11G040441,(1 of 1) PF00069//PF00085//PF02617 - Protein kinase domain (Pkinase) // Thioredoxin (Thioredoxin) // ATP-dependent Clp protease adaptor protein ClpS (ClpS),red,NA
Manes.11G044400.v8.1,Manes.11G044400,(1 of 4) K02922 - large subunit ribosomal protein L37e (RP-L37e; RPL37),red,NA
Manes.11G051400.v8.1,Manes.11G051400,(1 of 2) K06184 - ATP-binding cassette; subfamily F; member 1 (ABCF1),skyblue3,NA
Manes.11G050000.v8.1,Manes.11G050000,(1 of 20) 3.6.3.25 - Sulfate-transporting ATPase,red,NA
Manes.11G052200.v8.1,Manes.11G052200,(1 of 2) K02265 - cytochrome c oxidase subunit 5b (COX5B),blue,NA
Manes.11G053700.v8.1,Manes.11G053700,(1 of 225) 3.2.1.15 - Polygalacturonase / Pectinase,skyblue3,carb
Manes.11G057300.v8.1,Manes.11G057300,(1 of 1) PTHR27001//PTHR27001:SF88 - FAMILY NOT NAMED // PROTEIN KINASE SUPERFAMILY PROTEIN,blue,NA
Manes.11G057500.v8.1,Manes.11G057500,(1 of 7) K00759 - adenine phosphoribosyltransferase (APRT; apt),blue,NA
Manes.11G057800.v8.1,Manes.11G057800,(1 of 1) K14769 - U3 small nucleolar RNA-associated protein 11 (UTP11),blue,NA
Manes.11G058800.v8.1,Manes.11G058800,(1 of 2) PTHR12601//PTHR12601:SF18 - EUKARYOTIC TRANSLATION INITIATION FACTOR 3 SUBUNIT  EIF-3 // TETRATRICOPEPTIDE REPEAT-CONTAINING PROTEIN,blue,NA
Manes.11G060900.v8.1,Manes.11G060900,NA,blue,NA
Manes.11G063100.v8.1,Manes.11G063100,NA,red,NA
Manes.11G066600.v8.1,Manes.11G066600,(1 of 9) 3.2.2.20 - DNA-3-methyladenine glycosylase I / DNA-3-methyladenine glycosidase I,red,NA
Manes.11G067700.v8.1,Manes.11G067700,NA,blue,NA
Manes.11G069100.v8.1,Manes.11G069100,(1 of 2) PTHR31150:SF5 - ZINC ION BINDING PROTEIN,red,NA
Manes.11G071900.v8.1,Manes.11G071900,(1 of 3) K03265 - peptide chain release factor subunit 1 (ETF1; ERF1),blue,NA
Manes.11G074000.v8.1,Manes.11G074000,(1 of 3) K04681 - retinoblastoma-like protein 1 (RBL1),blue,NA
Manes.11G076200.v8.1,Manes.11G076200,NA,blue,NA
Manes.11G078800.v8.1,Manes.11G078800,NA,blue,NA
Manes.11G086500.v8.1,Manes.11G086500,(1 of 1) PTHR31964:SF26 - SUGAR UTILIZATION REGULATORY PROTEIN IMP2,blue,NA
Manes.11G085500.v8.1,Manes.11G085500,(1 of 1) PTHR22572:SF111 - GLUCOSE-1-PHOSPHATE ADENYLYLTRANSFERASE LARGE SUBUNIT 3; CHLOROPLASTIC-RELATED,blue,carb
Manes.11G085200.v8.1,Manes.11G085200,NA,blue,NA
Manes.11G084400.v8.1,Manes.11G084400,(1 of 2) K13998 - dihydrofolate reductase / thymidylate synthase (DHFR-TS),blue,NA
Manes.11G092000.v8.1,Manes.11G092000,(1 of 3) PTHR11206//PTHR11206:SF116 - MULTIDRUG RESISTANCE PROTEIN // ENHANCED DISEASE SUSCEPTIBILITY 5-RELATED,red,NA
Manes.11G082100.v8.1,Manes.11G082100,(1 of 32) PF00643 - B-box zinc finger (zf-B_box),red,NA
Manes.11G088413.v8.1,Manes.11G088413,NA,skyblue3,NA
Manes.11G089800.v8.1,Manes.11G089800,NA,blue,NA
Manes.11G108500.v8.1,Manes.11G108500,NA,blue,NA
Manes.11G113000.v8.1,Manes.11G113000,(1 of 3) K02940 - large subunit ribosomal protein L9e (RP-L9e; RPL9),red,NA
Manes.11G115200.v8.1,Manes.11G115200,(1 of 3) PTHR31062:SF20 - XYLOGLUCAN ENDOTRANSGLUCOSYLASE/HYDROLASE PROTEIN 14-RELATED,red,carb
Manes.11G120950.v8.1,Manes.11G120950,NA,blue,NA
Manes.11G121000.v8.1,Manes.11G121000,NA,blue,NA
Manes.11G121900.v8.1,Manes.11G121900,NA,red,NA
Manes.11G123700.v8.1,Manes.11G123700,(1 of 1) K10290 - F-box protein 3 (FBXO3),red,NA
Manes.11G124200.v8.1,Manes.11G124200,(1 of 11) PTHR13068//PTHR13068:SF31 - CGI-12 PROTEIN-RELATED // F19K23.4 PROTEIN-RELATED,blue,NA
Manes.11G128000.v8.1,Manes.11G128000,NA,blue,NA
Manes.11G129900.v8.1,Manes.11G129900,(1 of 10) K13459 - disease resistance protein RPS2 (RPS2),skyblue3,NA
Manes.11G128600.v8.1,Manes.11G128600,(1 of 1) K02684 - DNA primase small subunit (PRI1),blue,NA
Manes.11G131600.v8.1,Manes.11G131600,(1 of 45) PF02701 - Dof domain; zinc finger (zf-Dof),blue,NA
Manes.11G132200.v8.1,Manes.11G132200,NA,blue,NA
Manes.11G133700.v8.1,Manes.11G133700,(1 of 10) K11252 - histone H2B (H2B),skyblue3,NA
Manes.11G133800.v8.1,Manes.11G133800,(1 of 5) K02957 - small subunit ribosomal protein S15Ae (RP-S15Ae; RPS15A),red,NA
Manes.11G134600.v8.1,Manes.11G134600,(1 of 13) K09873 - aquaporin TIP (TIP),red,NA
Manes.11G136600.v8.1,Manes.11G136600,(1 of 2) K12605 - CCR4-NOT transcription complex subunit 2 (CNOT2; NOT2),skyblue3,NA
Manes.11G137100.v8.1,Manes.11G137100,(1 of 10) K11254 - histone H4 (H4),red,NA
Manes.11G138200.v8.1,Manes.11G138200,(1 of 1) K08282 - non-specific serine/threonine protein kinase (E2.7.11.1),blue,NA
Manes.11G140300.v8.1,Manes.11G140300,(1 of 9) PTHR31992:SF8 - DOF ZINC FINGER PROTEIN DOF1.1-RELATED,moccasin,NA
Manes.11G140900.v8.1,Manes.11G140900,(1 of 2) PTHR11685//PTHR11685:SF107 - RBR FAMILY  RING FINGER AND IBR DOMAIN-CONTAINING // C3H4 TYPE ZINC FINGER PROTEIN-RELATED,blue,NA
Manes.11G142000.v8.1,Manes.11G142000,(1 of 2) K02736 - 20S proteasome subunit beta 7 (PSMB4),blue,NA
Manes.11G144700.v8.1,Manes.11G144700,(1 of 2) 1.17.7.1 - (E)-4-hydroxy-3-methylbut-2-enyl-diphosphate synthase (ferredoxin) / 4-hydroxy-3-methylbut-2-en-1-yl diphosphate synthase,blue,carot
Manes.11G145100.v8.1,Manes.11G145100,NA,red,NA
Manes.11G145800.v8.1,Manes.11G145800,NA,red,NA
Manes.11G152200.v8.1,Manes.11G152200,NA,red,NA
Manes.11G155500.v8.1,Manes.11G155500,(1 of 2) K12449 - UDP-apiose/xylose synthase (AXS),red,carb
Manes.11G159401.v8.1,Manes.11G159401,NA,skyblue3,NA
Manes.11G161800.v8.1,Manes.11G161800,(1 of 2) K02865 - large subunit ribosomal protein L10Ae (RP-L10Ae; RPL10A),blue,NA
Manes.11G162700.v8.1,Manes.11G162700,(1 of 3) PTHR22850:SF82 - HISTONE-BINDING PROTEIN RBBP7,red,NA
Manes.11G162900.v8.1,Manes.11G162900,(1 of 3) PTHR10183//PTHR10183:SF299 - CALPAIN // SUBFAMILY NOT NAMED,moccasin,NA
Manes.11G164300.v8.1,Manes.11G164300,(1 of 1) PTHR31826//PTHR31826:SF0 - FAMILY NOT NAMED // NICALIN,blue,NA
Manes.12G003400.v8.1,Manes.12G003400,(1 of 2) PTHR20863//PTHR20863:SF30 - ACYL CARRIER PROTEIN/ZINC FINGER PROTEIN 593-RELATED // SUBFAMILY NOT NAMED,red,NA
Manes.12G007100.v8.1,Manes.12G007100,NA,blue,NA
Manes.12G007300.v8.1,Manes.12G007300,(1 of 91) K14488 - SAUR family protein (SAUR),magenta3,NA
Manes.12G007900.v8.1,Manes.12G007900,(1 of 2) PTHR23429//PTHR23429:SF3 - GLUCOSE-6-PHOSPHATE 1-DEHYDROGENASE  G6PD // GLUCOSE-6-PHOSPHATE 1-DEHYDROGENASE 2; CHLOROPLASTIC-RELATED,blue,carb
Manes.12G012200.v8.1,Manes.12G012200,(1 of 1) PTHR19321:SF3 - 65-KDA MICROTUBULE-ASSOCIATED PROTEIN 8,red,NA
Manes.12G012600.v8.1,Manes.12G012600,(1 of 1) PTHR12147//PTHR12147:SF22 - FXNA-RELATED // ENDOPLASMIC RETICULUM METALLOPEPTIDASE 1,skyblue3,NA
Manes.12G013400.v8.1,Manes.12G013400,(1 of 2) PTHR27008//PTHR27008:SF4 - FAMILY NOT NAMED // LEUCINE-RICH REPEAT PROTEIN KINASE FAMILY PROTEIN,blue,NA
Manes.12G013500.v8.1,Manes.12G013500,(1 of 2) K02737 - 20S proteasome subunit beta 5 (PSMB5),blue,NA
Manes.12G016300.v8.1,Manes.12G016300,NA,blue,NA
Manes.12G016800.v8.1,Manes.12G016800,(1 of 4) PTHR10257:SF26 - SERINE/THREONINE PROTEIN PHOSPHATASE 2A 55 KDA REGULATORY SUBUNIT B' DELTA ISOFORM,red,NA
Manes.12G019300.v8.1,Manes.12G019300,(1 of 2) K18584 - actin-related protein 3 (ACTR3; ARP3),red,NA
Manes.12G020900.v8.1,Manes.12G020900,(1 of 1) PTHR10159//PTHR10159:SF359 - DUAL SPECIFICITY PROTEIN PHOSPHATASE // SUBFAMILY NOT NAMED,blue,NA
Manes.12G021400.v8.1,Manes.12G021400,NA,blue,NA
Manes.12G021900.v8.1,Manes.12G021900,NA,blue,NA
Manes.12G022400.v8.1,Manes.12G022400,NA,blue,NA
Manes.12G024000.v8.1,Manes.12G024000,NA,blue,NA
Manes.12G026700.v8.1,Manes.12G026700,(1 of 3) PTHR10044:SF108 - S-RIBONUCLEASE BINDING PROTEIN SBP1-RELATED,red,NA
Manes.12G027700.v8.1,Manes.12G027700,(1 of 5) K17609 - nucleoredoxin [EC:1.8.1.8] (NXN),blue,NA
Manes.12G027800.v8.1,Manes.12G027800,(1 of 5) K17609 - nucleoredoxin [EC:1.8.1.8] (NXN),blue,NA
Manes.12G028100.v8.1,Manes.12G028100,(1 of 2) PTHR32263//PTHR32263:SF8 - FAMILY NOT NAMED // INACTIVE POLY [ADP-RIBOSE] POLYMERASE SRO2-RELATED,blue,NA
Manes.12G028600.v8.1,Manes.12G028600,NA,red,NA
Manes.12G029233.v8.1,Manes.12G029233,(1 of 1) PTHR30544//PTHR30544:SF3 - 23S RRNA METHYLTRANSFERASE // SUBFAMILY NOT NAMED,red,NA
Manes.12G029366.v8.1,Manes.12G029366,NA,blue,NA
Manes.12G030500.v8.1,Manes.12G030500,(1 of 5) K12896 - splicing factor; arginine/serine-rich 7 (SFRS7),skyblue3,NA
Manes.12G039200.v8.1,Manes.12G039200,NA,blue,NA
Manes.12G043800.v8.1,Manes.12G043800,NA,blue,NA
Manes.12G049543.v8.1,Manes.12G049543,NA,red,NA
Manes.12G045700.v8.1,Manes.12G045700,(1 of 4) K02993 - small subunit ribosomal protein S7e (RP-S7e; RPS7),red,NA
Manes.12G045800.v8.1,Manes.12G045800,(1 of 4) K02993 - small subunit ribosomal protein S7e (RP-S7e; RPS7),red,NA
Manes.12G047900.v8.1,Manes.12G047900,(1 of 2) PTHR10693:SF23 - NUCLEAR TRANSPORT FACTOR 2 AND RNA RECOGNITION MOTIF DOMAIN-CONTAINING PROTEIN-RELATED,blue,NA
Manes.12G049300.v8.1,Manes.12G049300,NA,blue,NA
Manes.12G049701.v8.1,Manes.12G049701,(1 of 12) 1.6.5.5 - NADPH:quinone reductase / Zeta-crystallin,blue,NA
Manes.12G051600.v8.1,Manes.12G051600,(1 of 1) PTHR24351:SF69 - AGC (CAMP-DEPENDENT; CGMP-DEPENDENT AND PROTEIN KINASE C) KINASE FAMILY PROTEIN-RELATED,blue,NA
Manes.12G062302.v8.1,Manes.12G062302,(1 of 23) KOG4293 - Predicted membrane protein; contains DoH and Cytochrome b-561/ferric reductase transmembrane domains,blue,NA
Manes.12G067900.v8.1,Manes.12G067900,(1 of 2) PTHR22572:SF101 - GLUCOSE-1-PHOSPHATE ADENYLYLTRANSFERASE SMALL SUBUNIT; CHLOROPLASTIC,blue,carb
Manes.12G066600.v8.1,Manes.12G066600,(1 of 1) K04532 - amyloid beta precursor protein binding protein 1 (APPBP1),blue,NA
Manes.12G076301.v8.1,Manes.12G076301,(1 of 3) PTHR31235:SF39 - PEROXIDASE 3-RELATED,blue,NA
Manes.12G090100.v8.1,Manes.12G090100,NA,blue,NA
Manes.12G089256.v8.1,Manes.12G089256,NA,blue,NA
Manes.12G089408.v8.1,Manes.12G089408,NA,blue,NA
Manes.12G089902.v8.1,Manes.12G089902,(1 of 2) PTHR12320//PTHR12320:SF16 - PROTEIN PHOSPHATASE 2C // PROTEIN PHOSPHATASE 2C 80-RELATED,red,NA
Manes.12G093600.v8.1,Manes.12G093600,(1 of 2) K02897 - large subunit ribosomal protein L25 (RP-L25; rplY),red,NA
Manes.12G096601.v8.1,Manes.12G096601,NA,magenta3,NA
Manes.12G099300.v8.1,Manes.12G099300,(1 of 4) PTHR10891:SF568 - CALCIUM-BINDING PROTEIN CML41-RELATED,skyblue3,NA
Manes.12G100611.v8.1,Manes.12G100611,NA,skyblue3,NA
Manes.12G101000.v8.1,Manes.12G101000,(1 of 2) PTHR10015//PTHR10015:SF166 - HEAT SHOCK TRANSCRIPTION FACTOR // HEAT STRESS TRANSCRIPTION FACTOR B-1,blue,NA
Manes.12G103000.v8.1,Manes.12G103000,NA,blue,NA
Manes.12G104500.v8.1,Manes.12G104500,(1 of 63) PF12937 - F-box-like (F-box-like),blue,NA
Manes.12G114700.v8.1,Manes.12G114700,(1 of 5) PF07714//PF11721//PF12819 - Protein tyrosine kinase (Pkinase_Tyr) // Di-glucose binding within endoplasmic reticulum (Malectin) // Carbohydrate-binding protein of the ER (Malectin_like),red,NA
Manes.12G114300.v8.1,Manes.12G114300,(1 of 366) PF00067 - Cytochrome P450 (p450),blue,NA
Manes.12G109700.v8.1,Manes.12G109700,NA,blue,NA
Manes.12G110100.v8.1,Manes.12G110100,(1 of 2) PTHR23091//PTHR23091:SF222 - N-TERMINAL ACETYLTRANSFERASE // SUBFAMILY NOT NAMED,red,NA
Manes.12G114200.v8.1,Manes.12G114200,(1 of 3) 3.2.1.145 - Galactan 1;3-beta-galactosidase,red,carb
Manes.12G118700.v8.1,Manes.12G118700,(1 of 3) 2.6.1.42//2.6.1.88 - Branched-chain-amino-acid transaminase / Transaminase B // Methionine transaminase / Methionine-oxo-acid transaminase,blue,NA
Manes.12G126800.v8.1,Manes.12G126800,(1 of 5) PTHR11945//PTHR11945:SF179 - MADS BOX PROTEIN // MADS-BOX PROTEIN SVP,blue,NA
Manes.12G126900.v8.1,Manes.12G126900,(1 of 1) PTHR24115:SF469 - KINESIN-LIKE PROTEIN KCA1-RELATED,blue,NA
Manes.12G127600.v8.1,Manes.12G127600,NA,blue,NA
Manes.12G127700.v8.1,Manes.12G127700,NA,blue,NA
Manes.12G130800.v8.1,Manes.12G130800,(1 of 2) PTHR31388:SF2 - PEROXIDASE 17,blue,NA
Manes.12G133700.v8.1,Manes.12G133700,(1 of 5) PTHR10593//PTHR10593:SF41 - SERINE/THREONINE-PROTEIN KINASE RIO // SUBFAMILY NOT NAMED,blue,NA
Manes.12G134100.v8.1,Manes.12G134100,(1 of 1) PTHR15139:SF0 - TUBULIN-SPECIFIC CHAPERONE C,blue,NA
Manes.12G134800.v8.1,Manes.12G134800,(1 of 2) K02892 - large subunit ribosomal protein L23 (RP-L23; MRPL23; rplW),blue,NA
Manes.12G136500.v8.1,Manes.12G136500,(1 of 3) PTHR31718:SF0 - EXPRESSED PROTEIN-RELATED,blue,NA
Manes.12G137100.v8.1,Manes.12G137100,NA,red,NA
Manes.12G137700.v8.1,Manes.12G137700,NA,blue,NA
Manes.12G141000.v8.1,Manes.12G141000,(1 of 3) PTHR31642:SF6 - HXXXD-TYPE ACYL-TRANSFERASE-RELATED,blue,NA
Manes.12G141100.v8.1,Manes.12G141100,(1 of 7) KOG0472//KOG1187 - Leucine-rich repeat protein // Serine/threonine protein kinase,blue,NA
Manes.12G142600.v8.1,Manes.12G142600,NA,blue,NA
Manes.12G144300.v8.1,Manes.12G144300,NA,blue,NA
Manes.12G145200.v8.1,Manes.12G145200,NA,red,NA
Manes.12G145900.v8.1,Manes.12G145900,(1 of 2) K03035 - 26S proteasome regulatory subunit N5 (PSMD12; RPN5),blue,NA
Manes.12G149600.v8.1,Manes.12G149600,NA,blue,NA
Manes.12G152600.v8.1,Manes.12G152600,NA,red,NA
Manes.12G153300.v8.1,Manes.12G153300,(1 of 4) PTHR31707//PTHR31707:SF24 - FAMILY NOT NAMED // PECTINESTERASE/PECTINESTERASE INHIBITOR 51-RELATED,red,carb
Manes.12G153600.v8.1,Manes.12G153600,(1 of 1) PTHR24056:SF227 - CYCLIN-DEPENDENT KINASE C-2,red,NA
Manes.12G155100.v8.1,Manes.12G155100,(1 of 1) K09651 - rhomboid domain-containing protein 1 [EC:3.4.21.-] (RHBDD1),blue,NA
Manes.12G158600.v8.1,Manes.12G158600,NA,blue,NA
Manes.12G158700.v8.1,Manes.12G158700,(1 of 9) PF00069//PF00582 - Protein kinase domain (Pkinase) // Universal stress protein family (Usp),blue,NA
Manes.12G159300.v8.1,Manes.12G159300,(1 of 2) PTHR31407//PTHR31407:SF3 - FAMILY NOT NAMED // PSBP DOMAIN-CONTAINING PROTEIN 2; CHLOROPLASTIC,blue,carb
Manes.13G000300.v8.1,Manes.13G000300,(1 of 1) K13093 - HIV Tat-specific factor 1 (HTATSF1),skyblue3,NA
Manes.13G003300.v8.1,Manes.13G003300,(1 of 2) PTHR20863//PTHR20863:SF30 - ACYL CARRIER PROTEIN/ZINC FINGER PROTEIN 593-RELATED // SUBFAMILY NOT NAMED,red,NA
Manes.13G004600.v8.1,Manes.13G004600,(1 of 1) PTHR10438:SF258 - THIOREDOXIN F1; CHLOROPLASTIC-RELATED,blue,NA
Manes.13G004700.v8.1,Manes.13G004700,(1 of 2) PTHR13683//PTHR13683:SF287 - ASPARTYL PROTEASES // ASPARTIC PROTEINASE-LIKE PROTEIN 2-RELATED,red,NA
Manes.13G007300.v8.1,Manes.13G007300,NA,red,NA
Manes.13G008500.v8.1,Manes.13G008500,NA,blue,NA
Manes.13G009300.v8.1,Manes.13G009300,(1 of 2) K02685 - DNA primase large subunit (PRI2),blue,NA
Manes.13G010200.v8.1,Manes.13G010200,(1 of 1) KOG0520 - Uncharacterized conserved protein; contains IPT/TIG domain,red,NA
Manes.13G010400.v8.1,Manes.13G010400,(1 of 3) KOG2104 - Nuclear transport factor 2,red,NA
Manes.13G017200.v8.1,Manes.13G017200,NA,blue,NA
Manes.13G016100.v8.1,Manes.13G016100,(1 of 1) PTHR13789:SF90 - FAD-BINDING MONOOXYGENASE,blue,NA
Manes.13G014300.v8.1,Manes.13G014300,(1 of 2) K03108 - signal recognition particle subunit SRP72 (SRP72),blue,NA
Manes.13G019900.v8.1,Manes.13G019900,(1 of 2) K18584 - actin-related protein 3 (ACTR3; ARP3),blue,NA
Manes.13G021600.v8.1,Manes.13G021600,(1 of 1) K02970 - small subunit ribosomal protein S21 (RP-S21; MRPS21; rpsU),red,NA
Manes.13G021800.v8.1,Manes.13G021800,(1 of 8) 1.14.13.68 - 4-hydroxyphenylacetaldehyde oxime monooxygenase / Cytochrome P450-II-dependent monooxygenase,red,NA
Manes.13G024200.v8.1,Manes.13G024200,NA,blue,NA
Manes.13G025000.v8.1,Manes.13G025000,NA,red,NA
Manes.13G028100.v8.1,Manes.13G028100,(1 of 4) K02977//K08770 - small subunit ribosomal protein S27Ae (RP-S27Ae; RPS27A) // ubiquitin C (UBC),red,NA
Manes.13G029600.v8.1,Manes.13G029600,(1 of 2) PTHR32263:SF8 - INACTIVE POLY [ADP-RIBOSE] POLYMERASE SRO2-RELATED,blue,NA
Manes.13G029900.v8.1,Manes.13G029900,(1 of 2) PTHR11002//PTHR11002:SF15 - CARBONIC ANHYDRASE // CARBONIC ANHYDRASE,blue,NA
Manes.13G030200.v8.1,Manes.13G030200,NA,blue,NA
Manes.13G030800.v8.1,Manes.13G030800,(1 of 1) PTHR23257:SF353 - KINASE-LIKE PROTEIN,blue,NA
Manes.13G031100.v8.1,Manes.13G031100,(1 of 3) PTHR23315//PTHR23315:SF116 - BETA CATENIN-RELATED ARMADILLO REPEAT-CONTAINING // U-BOX DOMAIN-CONTAINING PROTEIN 18-RELATED,blue,NA
Manes.13G033700.v8.1,Manes.13G033700,NA,moccasin,NA
Manes.13G034700.v8.1,Manes.13G034700,(1 of 1) PTHR13856//PTHR13856:SF92 - VHS DOMAIN CONTAINING PROTEIN FAMILY // SUBFAMILY NOT NAMED,blue,NA
Manes.13G034900.v8.1,Manes.13G034900,(1 of 1) PTHR24188//PTHR24188:SF42 - ANKYRIN REPEAT PROTEIN // SUBFAMILY NOT NAMED,blue,NA
Manes.13G042200.v8.1,Manes.13G042200,(1 of 2) PTHR11260//PTHR11260:SF203 - GLUTATHIONE S-TRANSFERASE; GST; SUPERFAMILY; GST DOMAIN CONTAINING // SUBFAMILY NOT NAMED,blue,NA
Manes.13G043900.v8.1,Manes.13G043900,NA,blue,NA
Manes.13G048800.v8.1,Manes.13G048800,NA,blue,NA
Manes.13G048900.v8.1,Manes.13G048900,(1 of 1) K06628 - cell division control protein 45 (CDC45),blue,NA
Manes.13G053300.v8.1,Manes.13G053300,(1 of 24) K07904 - Ras-related protein Rab-11A (RAB11A),blue,NA
Manes.13G054700.v8.1,Manes.13G054700,(1 of 1) PTHR10361//PTHR10361:SF33 - SODIUM-BILE ACID COTRANSPORTER // SODIUM/METABOLITE COTRANSPORTER BASS3; CHLOROPLASTIC-RELATED,blue,NA
Manes.13G055600.v8.1,Manes.13G055600,(1 of 4) PTHR31669//PTHR31669:SF44 - FAMILY NOT NAMED // FAR-RED IMPAIRED RESPONSIVE 1-LIKE PROTEIN,red,NA
Manes.13G058900.v8.1,Manes.13G058900,(1 of 2) PTHR22572:SF101 - GLUCOSE-1-PHOSPHATE ADENYLYLTRANSFERASE SMALL SUBUNIT; CHLOROPLASTIC,blue,carb
Manes.13G063400.v8.1,Manes.13G063400,NA,blue,NA
Manes.13G068300.v8.1,Manes.13G068300,(1 of 1) PTHR12555//PTHR12555:SF14 - UBIQUITIN FUSION DEGRADATON PROTEIN 1 // SUBFAMILY NOT NAMED,moccasin,NA
Manes.13G068000.v8.1,Manes.13G068000,(1 of 7) 3.4.23.40 - Phytepsin,red,NA
Manes.13G069750.v8.1,Manes.13G069750,(1 of 3) K09875 - aquaporin SIP (SIP),red,NA
Manes.13G079400.v8.1,Manes.13G079400,(1 of 2) PTHR14445//PTHR14445:SF39 - GRB10 INTERACTING GYF PROTEIN // SWIB/MDM2; PLUS-3 AND GYF DOMAIN-CONTAINING PROTEIN-RELATED,blue,NA
Manes.13G083400.v8.1,Manes.13G083400,(1 of 2) PTHR31989//PTHR31989:SF14 - FAMILY NOT NAMED // NAC DOMAIN CONTAINING PROTEIN 103,magenta3,NA
Manes.13G082700.v8.1,Manes.13G082700,(1 of 1) K10751 - chromatin assembly factor 1 subunit B (CHAF1B),blue,NA
Manes.13G087000.v8.1,Manes.13G087000,(1 of 2) K04420 - mitogen-activated protein kinase kinase kinase 2 (MAP3K2; MEKK2),blue,NA
Manes.13G086400.v8.1,Manes.13G086400,NA,blue,NA
Manes.13G077600.v8.1,Manes.13G077600,NA,blue,NA
Manes.13G090400.v8.1,Manes.13G090400,(1 of 1) PTHR22814//PTHR22814:SF126 - COPPER TRANSPORT PROTEIN ATOX1-RELATED // SUBFAMILY NOT NAMED,blue,NA
Manes.13G093200.v8.1,Manes.13G093200,(1 of 2) PTHR10788:SF19 - TREHALOSE-PHOSPHATE PHOSPHATASE E-RELATED,blue,carb
Manes.13G091800.v8.1,Manes.13G091800,NA,blue,NA
Manes.13G097300.v8.1,Manes.13G097300,NA,blue,NA
Manes.13G097400.v8.1,Manes.13G097400,(1 of 3) PTHR14155:SF94 - RING-H2 FINGER PROTEIN ATL33-RELATED,blue,NA
Manes.13G101500.v8.1,Manes.13G101500,(1 of 1) PTHR10288//PTHR10288:SF160 - KH DOMAIN CONTAINING RNA BINDING PROTEIN // RNA-BINDING KH DOMAIN-CONTAINING PROTEIN,red,NA
Manes.13G102900.v8.1,Manes.13G102900,(1 of 2) PTHR10388:SF20 - APO PROTEIN 4; MITOCHONDRIAL,blue,NA
Manes.13G104200.v8.1,Manes.13G104200,NA,blue,NA
Manes.13G104800.v8.1,Manes.13G104800,(1 of 3) PTHR12170//PTHR12170:SF3 - MACROPHAGE ERYTHROBLAST ATTACHER-RELATED // REQUIRED FOR MEIOTIC NUCLEAR DIVISION 5 HOMOLOG B (S. CEREVISIAE),skyblue3,NA
Manes.13G109400.v8.1,Manes.13G109400,(1 of 2) PTHR22952//PTHR22952:SF186 - CAMP-RESPONSE ELEMENT BINDING PROTEIN-RELATED // SUBFAMILY NOT NAMED,red,NA
Manes.13G111300.v8.1,Manes.13G111300,NA,blue,NA
Manes.13G113500.v8.1,Manes.13G113500,(1 of 1) PTHR11207//PTHR11207:SF4 - RIBONUCLEASE III // SUBFAMILY NOT NAMED,red,NA
Manes.13G114000.v8.1,Manes.13G114000,NA,red,NA
Manes.13G114100.v8.1,Manes.13G114100,(1 of 4) PTHR13832//PTHR13832:SF362 - PROTEIN PHOSPHATASE 2C // PROTEIN PHOSPHATASE 2C 63-RELATED,red,NA
Manes.13G115400.v8.1,Manes.13G115400,NA,blue,NA
Manes.13G116500.v8.1,Manes.13G116500,(1 of 2) K04508 - transducin (beta)-like 1 (TBL1),red,NA
Manes.13G121400.v8.1,Manes.13G121400,(1 of 2) PTHR31896:SF12 - ANTHRANILATE N-HYDROXYCINNAMOYL/BENZOYLTRANSFERASE-LIKE PROTEIN-RELATED,blue,NA
Manes.13G134900.v8.1,Manes.13G134900,(1 of 1569) 2.7.11.1 - Non-specific serine/threonine protein kinase / Threonine-specific protein kinase,blue,NA
Manes.13G135300.v8.1,Manes.13G135300,(1 of 4) PTHR10891//PTHR10891:SF568 - EF-HAND CALCIUM-BINDING DOMAIN CONTAINING PROTEIN // CALCIUM-BINDING PROTEIN CML41-RELATED,skyblue3,NA
Manes.13G136400.v8.1,Manes.13G136400,(1 of 6) KOG1330 - Sugar transporter/spinster transmembrane protein,red,NA
Manes.13G137100.v8.1,Manes.13G137100,NA,blue,NA
Manes.13G138100.v8.1,Manes.13G138100,NA,red,NA
Manes.13G138300.v8.1,Manes.13G138300,NA,red,NA
Manes.13G138700.v8.1,Manes.13G138700,(1 of 3) PTHR22880:SF172 - TRANSCRIPTION FACTOR GTE3; CHLOROPLASTIC-RELATED,red,NA
Manes.13G142500.v8.1,Manes.13G142500,(1 of 1) K11806 - WD repeat and SOF domain-containing protein 1 (WDSOF1),red,NA
Manes.13G144900.v8.1,Manes.13G144900,NA,blue,NA
Manes.13G147900.v8.1,Manes.13G147900,(1 of 5) PTHR10992//PTHR10992:SF869 - ALPHA/BETA HYDROLASE FOLD-CONTAINING PROTEIN // SUBFAMILY NOT NAMED,red,NA
Manes.13G149200.v8.1,Manes.13G149200,(1 of 1) PTHR13832//PTHR13832:SF193 - PROTEIN PHOSPHATASE 2C // PROTEIN PHOSPHATASE 2C 1-RELATED,blue,NA
Manes.13G150700.v8.1,Manes.13G150700,(1 of 1) PTHR19297//PTHR19297:SF84 - GLYCOSYLTRANSFERASE 14 FAMILY MEMBER // CORE-2/I-BRANCHING BETA-1;6-N-ACETYLGLUCOSAMINYLTRANSFERASE FAMILY PROTEIN-RELATED,blue,NA
Manes.14G000100.v8.1,Manes.14G000100,(1 of 1) PTHR19308//PTHR19308:SF13 - PHOSPHATIDYLCHOLINE TRANSFER PROTEIN // MEMBRANE RELATED PROTEIN CP5-RELATED,red,NA
Manes.14G007600.v8.1,Manes.14G007600,NA,blue,NA
Manes.14G007800.v8.1,Manes.14G007800,NA,blue,NA
Manes.14G008100.v8.1,Manes.14G008100,NA,red,NA
Manes.14G010600.v8.1,Manes.14G010600,(1 of 1) PTHR13068:SF21 - MITOCHONDRIAL TRANSCRIPTION TERMINATION FACTOR FAMILY PROTEIN,blue,NA
Manes.14G010700.v8.1,Manes.14G010700,(1 of 2) K02726 - 20S proteasome subunit alpha 2 (PSMA2),blue,NA
Manes.14G011100.v8.1,Manes.14G011100,NA,blue,NA
Manes.14G011350.v8.1,Manes.14G011350,NA,red,NA
Manes.14G012605.v8.1,Manes.14G012605,NA,blue,NA
Manes.14G016400.v8.1,Manes.14G016400,NA,blue,NA
Manes.14G015600.v8.1,Manes.14G015600,NA,skyblue3,NA
Manes.14G014700.v8.1,Manes.14G014700,(1 of 8) PTHR10353//PTHR10353:SF81 - GLYCOSYL HYDROLASE // SUBFAMILY NOT NAMED,blue,carb
Manes.14G014000.v8.1,Manes.14G014000,NA,blue,NA
Manes.14G001936.v8.1,Manes.14G001936,NA,blue,NA
Manes.14G003400.v8.1,Manes.14G003400,(1 of 1) K00392 - sulfite reductase (ferredoxin) (sir),blue,NA
Manes.14G004400.v8.1,Manes.14G004400,(1 of 2) K12876 - RNA-binding protein 8A (RBM8A; Y14),blue,NA
Manes.14G006200.v8.1,Manes.14G006200,NA,blue,NA
Manes.14G023100.v8.1,Manes.14G023100,NA,red,NA
Manes.14G024400.v8.1,Manes.14G024400,(1 of 4) K19329 - WW domain-containing oxidoreductase (WWOX),blue,NA
Manes.14G025500.v8.1,Manes.14G025500,(1 of 2) 6.2.1.8 - Oxalate--CoA ligase / Oxalyl-CoA synthetase,blue,NA
Manes.14G029900.v8.1,Manes.14G029900,NA,red,NA
Manes.14G031901.v8.1,Manes.14G031901,NA,red,NA
Manes.14G033000.v8.1,Manes.14G033000,NA,blue,NA
Manes.14G035900.v8.1,Manes.14G035900,(1 of 3) 3.6.3.20 - Glycerol-3-phosphate-transporting ATPase,blue,NA
Manes.14G037400.v8.1,Manes.14G037400,NA,blue,NA
Manes.14G043000.v8.1,Manes.14G043000,(1 of 4) 6.3.5.7 - Glutaminyl-tRNA synthase (glutamine-hydrolyzing) / Glutamyl-tRNA(Gln) amidotransferase,red,NA
Manes.14G043800.v8.1,Manes.14G043800,(1 of 2) PTHR35137//PTHR35137:SF1 - FAMILY NOT NAMED // CRUMPLED LEAF,red,NA
Manes.14G044800.v8.1,Manes.14G044800,(1 of 1) KOG1327 - Copine,blue,NA
Manes.14G046651.v8.1,Manes.14G046651,NA,blue,NA
Manes.14G046800.v8.1,Manes.14G046800,NA,blue,NA
Manes.14G047200.v8.1,Manes.14G047200,(1 of 2) K02728 - 20S proteasome subunit alpha 3 (PSMA4),blue,NA
Manes.14G047264.v8.1,Manes.14G047264,(1 of 152) PF02365 - No apical meristem (NAM) protein (NAM),blue,NA
Manes.14G047700.v8.1,Manes.14G047700,(1 of 9) PTHR10791:SF22 - BIDIRECTIONAL SUGAR TRANSPORTER SWEET10,blue,NA
Manes.14G050500.v8.1,Manes.14G050500,NA,red,NA
Manes.14G053900.v8.1,Manes.14G053900,NA,blue,NA
Manes.14G054300.v8.1,Manes.14G054300,(1 of 3) PTHR22880:SF156 - TRANSCRIPTION FACTOR GTE10,blue,NA
Manes.14G055400.v8.1,Manes.14G055400,(1 of 2) PTHR21385//PTHR21385:SF1 - ZINC FINGER PROTEIN-RELATED // C2H2-LIKE ZINC FINGER PROTEIN,blue,NA
Manes.14G060700.v8.1,Manes.14G060700,(1 of 2) K17987 - next to BRCA1 gene 1 protein (NBR1),blue,NA
Manes.14G062100.v8.1,Manes.14G062100,NA,blue,NA
Manes.14G064600.v8.1,Manes.14G064600,(1 of 2) K06195 - ApaG protein (apaG),blue,NA
Manes.14G066000.v8.1,Manes.14G066000,(1 of 2) K13343 - peroxin-14 (PEX14),blue,NA
Manes.14G066900.v8.1,Manes.14G066900,NA,blue,NA
Manes.14G067900.v8.1,Manes.14G067900,NA,red,NA
Manes.14G071000.v8.1,Manes.14G071000,(1 of 1) K03355 - anaphase-promoting complex subunit 8 (APC8; CDC23),skyblue3,NA
Manes.14G073900.v8.1,Manes.14G073900,(1 of 6) PTHR24093:SF264 - ATPASE 4; PLASMA MEMBRANE-TYPE,blue,NA
Manes.14G078000.v8.1,Manes.14G078000,NA,blue,NA
Manes.14G078800.v8.1,Manes.14G078800,(1 of 2) PTHR22835//PTHR22835:SF267 - ZINC FINGER FYVE DOMAIN CONTAINING PROTEIN // SUBFAMILY NOT NAMED,red,NA
Manes.14G081400.v8.1,Manes.14G081400,NA,red,NA
Manes.14G088500.v8.1,Manes.14G088500,(1 of 2) PTHR11945//PTHR11945:SF166 - MADS BOX PROTEIN // SUBFAMILY NOT NAMED,red,NA
Manes.14G094500.v8.1,Manes.14G094500,NA,blue,NA
Manes.14G097200.v8.1,Manes.14G097200,(1 of 2) PTHR10044//PTHR10044:SF122 - INHIBITOR OF APOPTOSIS // SUBFAMILY NOT NAMED,blue,NA
Manes.14G098500.v8.1,Manes.14G098500,NA,red,NA
Manes.14G099400.v8.1,Manes.14G099400,NA,skyblue3,NA
Manes.14G100200.v8.1,Manes.14G100200,NA,blue,NA
Manes.14G108200.v8.1,Manes.14G108200,,blue,NA
Manes.14G136021.v8.1,Manes.14G136021,NA,blue,NA
Manes.14G135300.v8.1,Manes.14G135300,NA,blue,NA
Manes.14G134600.v8.1,Manes.14G134600,(1 of 25) PF00651//PF03000 - BTB/POZ domain (BTB) // NPH3 family (NPH3),blue,NA
Manes.14G122500.v8.1,Manes.14G122500,(1 of 2) K14404 - cleavage and polyadenylation specificity factor subunit 4 (CPSF4; YTH1),blue,NA
Manes.14G122900.v8.1,Manes.14G122900,(1 of 8) PF00046//PF01852//PF08670 - Homeobox domain (Homeobox) // START domain (START) // MEKHLA domain (MEKHLA),blue,NA
Manes.14G124800.v8.1,Manes.14G124800,(1 of 2) PTHR12863//PTHR12863:SF3 - FATTY ACID HYDROXYLASE // FATTY ACID 2-HYDROXYLASE 1-RELATED,blue,NA
Manes.14G126200.v8.1,Manes.14G126200,(1 of 1) 1.1.1.320 - Benzil reductase ((S)-benzoin forming),red,NA
Manes.14G127321.v8.1,Manes.14G127321,NA,red,NA
Manes.14G128200.v8.1,Manes.14G128200,(1 of 2) K03066 - 26S proteasome regulatory subunit T6 (PSMC5; RPT6),blue,NA
Manes.14G128500.v8.1,Manes.14G128500,(1 of 2) PTHR23012//PTHR23012:SF54 - MEMBRANE ASSOCIATED RING FINGER // SUBFAMILY NOT NAMED,blue,NA
Manes.14G129500.v8.1,Manes.14G129500,NA,blue,NA
Manes.14G132300.v8.1,Manes.14G132300,(1 of 21) PF01477 - PLAT/LH2 domain (PLAT),blue,NA
Manes.14G132521.v8.1,Manes.14G132521,NA,blue,NA
Manes.14G133500.v8.1,Manes.14G133500,NA,skyblue3,NA
Manes.14G114700.v8.1,Manes.14G114700,(1 of 2) PTHR22951//PTHR22951:SF27 - CLATHRIN ASSEMBLY PROTEIN // SUBFAMILY NOT NAMED,blue,NA
Manes.14G117000.v8.1,Manes.14G117000,(1 of 1) PTHR12526//PTHR12526:SF334 - GLYCOSYLTRANSFERASE // SUBFAMILY NOT NAMED,blue,carb
Manes.14G117700.v8.1,Manes.14G117700,(1 of 4) K15289 - solute carrier family 35; member F5 (SLC35F5),blue,NA
Manes.14G119700.v8.1,Manes.14G119700,(1 of 1) KOG2561 - Adaptor protein NUB1; contains UBA domain,blue,NA
Manes.14G120700.v8.1,Manes.14G120700,NA,blue,NA
Manes.14G143500.v8.1,Manes.14G143500,NA,blue,NA
Manes.14G143400.v8.1,Manes.14G143400,(1 of 1) K02520 - translation initiation factor IF-3 (infC; MTIF3),blue,NA
Manes.14G142800.v8.1,Manes.14G142800,(1 of 1) PTHR10617//PTHR10617:SF52 - ELECTRON TRANSFER FLAVOPROTEIN-UBIQUINONE OXIDOREDUCTASE // OXIDOREDUCTASE/ELECTRON CARRIER-RELATED,magenta3,NA
Manes.14G142200.v8.1,Manes.14G142200,NA,blue,NA
Manes.14G151100.v8.1,Manes.14G151100,NA,blue,NA
Manes.14G151300.v8.1,Manes.14G151300,NA,blue,NA
Manes.14G156100.v8.1,Manes.14G156100,(1 of 1) PF00651//PF12313//PF12796 - BTB/POZ domain (BTB) // NPR1/NIM1 like defence protein C terminal (NPR1_like_C) // Ankyrin repeats (3 copies) (Ank_2),blue,NA
Manes.14G162600.v8.1,Manes.14G162600,(1 of 16) K01537 - Ca2+-transporting ATPase (E3.6.3.8),blue,NA
Manes.14G164800.v8.1,Manes.14G164800,(1 of 2) PF00059//PF07714 - Lectin C-type domain (Lectin_C) // Protein tyrosine kinase (Pkinase_Tyr),blue,NA
Manes.14G166800.v8.1,Manes.14G166800,(1 of 4) PTHR33044:SF27 - BIFUNCTIONAL INHIBITOR/LIPID-TRANSFER PROTEIN/SEED STORAGE 2S ALBUMIN SUPERFAMILY PROTEIN-RELATED,red,NA
Manes.14G168900.v8.1,Manes.14G168900,NA,blue,NA
Manes.14G172800.v8.1,Manes.14G172800,(1 of 2) PTHR12701//PTHR12701:SF20 - BCR-ASSOCIATED PROTEIN; BAP // GENOMIC DNA; CHROMOSOME 3; P1 CLONE: MIG5,blue,NA
Manes.14G174300.v8.1,Manes.14G174300,NA,blue,NA
Manes.14G174500.v8.1,Manes.14G174500,(1 of 6) 1.8.7.2 - Ferredoxin:thioredoxin reductase,red,carb
Manes.15G003900.v8.1,Manes.15G003900,(1 of 1) PTHR12176:SF28 - S-ADENOSYL-L-METHIONINE-DEPENDENT METHYLTRANSFERASE-LIKE PROTEIN,red,NA
Manes.15G003300.v8.1,Manes.15G003300,NA,blue,NA
Manes.15G001900.v8.1,Manes.15G001900,NA,red,NA
Manes.15G006500.v8.1,Manes.15G006500,(1 of 3) KOG2880 - SMAD6 interacting protein AMSH; contains JAB/MPN/Mov34 domain,blue,NA
Manes.15G006900.v8.1,Manes.15G006900,NA,red,NA
Manes.15G007000.v8.1,Manes.15G007000,NA,red,NA
Manes.15G012300.v8.1,Manes.15G012300,(1 of 4) K08238 - xyloglucan 6-xylosyltransferase [EC:2.4.2.39] Xyl a1-6 Glc (XXT),red,carb
Manes.15G015900.v8.1,Manes.15G015900,(1 of 2) PTHR21493//PTHR21493:SF106 - CGI-141-RELATED/LIPASE CONTAINING PROTEIN // SUBFAMILY NOT NAMED,blue,NA
Manes.15G016100.v8.1,Manes.15G016100,(1 of 2) PTHR21319//PTHR21319:SF5 - RING FINGER AND CHY ZINC FINGER DOMAIN-CONTAINING PROTEIN 1 // SUBFAMILY NOT NAMED,blue,NA
Manes.15G019800.v8.1,Manes.15G019800,NA,blue,NA
Manes.15G022500.v8.1,Manes.15G022500,NA,red,NA
Manes.15G023100.v8.1,Manes.15G023100,NA,skyblue3,NA
Manes.15G024100.v8.1,Manes.15G024100,NA,blue,NA
Manes.15G024500.v8.1,Manes.15G024500,NA,red,NA
Manes.15G025300.v8.1,Manes.15G025300,(1 of 2) PTHR22763//PTHR22763:SF65 - RING ZINC FINGER PROTEIN // E3 UBIQUITIN-PROTEIN LIGASE RHF1A,blue,NA
Manes.15G031200.v8.1,Manes.15G031200,(1 of 3) PTHR36366:SF1 - PROTEIN RDM1,red,NA
Manes.15G031700.v8.1,Manes.15G031700,(1 of 4) K02984 - small subunit ribosomal protein S3Ae (RP-S3Ae; RPS3A),red,NA
Manes.15G032100.v8.1,Manes.15G032100,(1 of 2) PTHR11814//PTHR11814:SF106 - SULFATE TRANSPORTER // SUBFAMILY NOT NAMED,red,NA
Manes.15G034800.v8.1,Manes.15G034800,NA,blue,NA
Manes.15G035200.v8.1,Manes.15G035200,(1 of 2) PTHR24343//PTHR24343:SF102 - SERINE/THREONINE KINASE // CBL-INTERACTING SERINE/THREONINE-PROTEIN KINASE 7,blue,NA
Manes.15G036500.v8.1,Manes.15G036500,(1 of 4) PTHR13890//PTHR13890:SF8 - RNA SPLICING PROTEIN MRS2; MITOCHONDRIAL // SUBFAMILY NOT NAMED,blue,NA
Manes.15G038950.v8.1,Manes.15G038950,(1 of 2) PTHR10209//PTHR10209:SF135 - OXIDOREDUCTASE; 2OG-FE II  OXYGENASE FAMILY PROTEIN // SUBFAMILY NOT NAMED,blue,NA
Manes.15G039300.v8.1,Manes.15G039300,(1 of 2) PTHR23042:SF72 - TRANSCRIPTION FACTOR BHLH104-RELATED,blue,NA
Manes.15G042500.v8.1,Manes.15G042500,(1 of 2) K02875 - large subunit ribosomal protein L14e (RP-L14e; RPL14),red,NA
Manes.15G042800.v8.1,Manes.15G042800,(1 of 2) PTHR10219//PTHR10219:SF36 - GLYCOLIPID TRANSFER PROTEIN-RELATED // SUBFAMILY NOT NAMED,blue,NA
Manes.15G043800.v8.1,Manes.15G043800,(1 of 1) PTHR13528//PTHR13528:SF6 - 39S RIBOSOMAL PROTEIN L28; MITOCHONDRIAL // 50S RIBOSOMAL PROTEIN L28; CHLOROPLASTIC,red,NA
Manes.15G044100.v8.1,Manes.15G044100,(1 of 11) K14411 - RNA-binding protein Musashi (MSI),blue,NA
Manes.15G046900.v8.1,Manes.15G046900,NA,red,NA
Manes.15G050712.v8.1,Manes.15G050712,(1 of 1) PTHR22763//PTHR22763:SF54 - RING ZINC FINGER PROTEIN // SUBFAMILY NOT NAMED,blue,NA
Manes.15G052800.v8.1,Manes.15G052800,(1 of 2) K03032 - 26S proteasome regulatory subunit N2 (PSMD1; RPN2),blue,NA
Manes.15G053100.v8.1,Manes.15G053100,(1 of 3) K02872 - large subunit ribosomal protein L13Ae (RP-L13Ae; RPL13A),red,NA
Manes.15G053700.v8.1,Manes.15G053700,NA,blue,NA
Manes.15G054400.v8.1,Manes.15G054400,(1 of 2) 3.1.3.2//3.1.3.26 - Acid phosphatase / Phosphomonoesterase // 4-phytase / Phytate 6-phosphatase,blue,NA
Manes.15G055300.v8.1,Manes.15G055300,(1 of 3) K01874 - methionyl-tRNA synthetase (MARS; metG),magenta3,NA
Manes.15G060100.v8.1,Manes.15G060100,(1 of 1) PTHR31352:SF9 - INACTIVE BETA-AMYLASE 4; CHLOROPLASTIC,red,carb
Manes.15G060800.v8.1,Manes.15G060800,NA,blue,NA
Manes.15G063200.v8.1,Manes.15G063200,(1 of 1) PTHR13068:SF13 - MITOCHONDRIAL TRANSCRIPTION TERMINATION FACTOR FAMILY PROTEIN,blue,NA
Manes.15G064500.v8.1,Manes.15G064500,(1 of 1) 2.4.2.38 - Glycoprotein 2-beta-D-xylosyltransferase / Beta-1;2-xylosyltransferase,red,NA
Manes.15G066000.v8.1,Manes.15G066000,(1 of 1) PTHR22880//PTHR22880:SF171 - FALZ-RELATED BROMODOMAIN-CONTAINING PROTEINS // SUBFAMILY NOT NAMED,blue,NA
Manes.15G066500.v8.1,Manes.15G066500,(1 of 3) K12483 - EH domain-containing protein 1 (EHD1),skyblue3,NA
Manes.15G067100.v8.1,Manes.15G067100,(1 of 1) PTHR31832:SF5 - B-BOX TYPE ZINC FINGER-CONTAINING PROTEIN,blue,NA
Manes.15G072700.v8.1,Manes.15G072700,(1 of 4) PTHR24012//PTHR24012:SF333 - FAMILY NOT NAMED // POLYADENYLATE-BINDING PROTEIN RBP45B-RELATED,blue,NA
Manes.15G075400.v8.1,Manes.15G075400,NA,blue,NA
Manes.15G075500.v8.1,Manes.15G075500,(1 of 2) PTHR31707//PTHR31707:SF32 - FAMILY NOT NAMED // PECTINESTERASE-RELATED PROTEIN-RELATED,blue,carb
Manes.15G078400.v8.1,Manes.15G078400,NA,blue,NA
Manes.15G079100.v8.1,Manes.15G079100,NA,blue,NA
Manes.15G086000.v8.1,Manes.15G086000,NA,red,NA
Manes.15G087800.v8.1,Manes.15G087800,(1 of 2) 3.1.3.77 - Acireductone synthase / E-1 enolase-phosphatase,skyblue3,NA
Manes.15G089600.v8.1,Manes.15G089600,(1 of 1) K02968 - small subunit ribosomal protein S20 (RP-S20; rpsT),blue,NA
Manes.15G090700.v8.1,Manes.15G090700,(1 of 4) PTHR13301//PTHR13301:SF69 - X-BOX TRANSCRIPTION FACTOR-RELATED // BASIC HELIX-LOOP-HELIX DOMAIN-CONTAINING PROTEIN,blue,NA
Manes.15G094500.v8.1,Manes.15G094500,NA,skyblue3,NA
Manes.15G097600.v8.1,Manes.15G097600,(1 of 1) PTHR11545//PTHR11545:SF7 - RIBOSOMAL PROTEIN L13 // 50S RIBOSOMAL PROTEIN L13; CHLOROPLASTIC,red,NA
Manes.15G097700.v8.1,Manes.15G097700,(1 of 3) KOG4491 - Predicted membrane protein,magenta3,NA
Manes.15G098700.v8.1,Manes.15G098700,(1 of 1) PTHR20275//PTHR20275:SF2 - FAMILY NOT NAMED // NADH KINASE,blue,NA
Manes.15G100000.v8.1,Manes.15G100000,(1 of 1) K03351 - anaphase-promoting complex subunit 4 (APC4),red,NA
Manes.15G100800.v8.1,Manes.15G100800,(1 of 1) PTHR12741:SF22 - CALLOSE SYNTHASE 8-RELATED,red,carb
Manes.15G101000.v8.1,Manes.15G101000,(1 of 1) KOG2789 - Putative Zn-finger protein,skyblue3,NA
Manes.15G101100.v8.1,Manes.15G101100,(1 of 4) PF02798//PF14497 - Glutathione S-transferase; N-terminal domain (GST_N) // Glutathione S-transferase; C-terminal domain (GST_C_3),blue,NA
Manes.15G106600.v8.1,Manes.15G106600,(1 of 2) PTHR11785//PTHR11785:SF378 - AMINO ACID TRANSPORTER // SUBFAMILY NOT NAMED,blue,NA
Manes.15G108200.v8.1,Manes.15G108200,NA,blue,NA
Manes.15G108400.v8.1,Manes.15G108400,(1 of 4) PTHR31194//PTHR31194:SF5 - SHN  SHINE ; DNA BINDING / TRANSCRIPTION FACTOR // SUBFAMILY NOT NAMED,red,NA
Manes.15G113000.v8.1,Manes.15G113000,NA,blue,NA
Manes.15G115400.v8.1,Manes.15G115400,(1 of 5) PTHR23257:SF378 - INTEGRIN-LINKED PROTEIN KINASE FAMILY PROTEIN-RELATED,blue,NA
Manes.15G117300.v8.1,Manes.15G117300,(1 of 2) PTHR12210:SF71 - SCP1-LIKE SMALL PHOSPHATASE 4-RELATED,skyblue3,NA
Manes.15G119300.v8.1,Manes.15G119300,(1 of 2) K09647 - mitochondrial inner membrane protease subunit 1 (IMP1),blue,NA
Manes.15G120501.v8.1,Manes.15G120501,(1 of 2) K02882 - large subunit ribosomal protein L18Ae (RP-L18Ae; RPL18A),red,NA
Manes.15G121100.v8.1,Manes.15G121100,(1 of 1) PF00076//PF05383 - RNA recognition motif. (a.k.a. RRM; RBD; or RNP domain) (RRM_1) // La domain (La),blue,NA
Manes.15G121200.v8.1,Manes.15G121200,(1 of 3) K02955 - small subunit ribosomal protein S14e (RP-S14e; RPS14),blue,NA
Manes.15G121300.v8.1,Manes.15G121300,NA,blue,NA
Manes.15G125200.v8.1,Manes.15G125200,(1 of 2) PTHR31384:SF3 - AUXIN RESPONSE FACTOR 6,blue,NA
Manes.15G125300.v8.1,Manes.15G125300,NA,skyblue3,NA
Manes.15G125800.v8.1,Manes.15G125800,NA,blue,NA
Manes.15G127900.v8.1,Manes.15G127900,(1 of 1) K03655 - ATP-dependent DNA helicase RecG (recG),blue,NA
Manes.15G128100.v8.1,Manes.15G128100,NA,blue,NA
Manes.15G128200.v8.1,Manes.15G128200,(1 of 5) PTHR24055//PTHR24055:SF211 - MITOGEN-ACTIVATED PROTEIN KINASE // MITOGEN-ACTIVATED PROTEIN KINASE 16-RELATED,blue,NA
Manes.15G130900.v8.1,Manes.15G130900,NA,skyblue3,NA
Manes.15G131000.v8.1,Manes.15G131000,NA,blue,NA
Manes.15G131400.v8.1,Manes.15G131400,NA,red,NA
Manes.15G135600.v8.1,Manes.15G135600,(1 of 1) PF05183//PF14259 - RNA dependent RNA polymerase (RdRP) // RNA recognition motif (a.k.a. RRM; RBD; or RNP domain) (RRM_6),blue,NA
Manes.15G137800.v8.1,Manes.15G137800,(1 of 3) PTHR31062//PTHR31062:SF44 - FAMILY NOT NAMED // XYLOGLUCAN ENDOTRANSGLUCOSYLASE/HYDROLASE PROTEIN 27-RELATED,red,carb
Manes.15G138900.v8.1,Manes.15G138900,NA,magenta3,NA
Manes.15G140500.v8.1,Manes.15G140500,(1 of 2) K03246 - translation initiation factor 3 subunit I (EIF3I),red,NA
Manes.15G141000.v8.1,Manes.15G141000,(1 of 1) PTHR13452//PTHR13452:SF9 - THUMP DOMAIN CONTAINING PROTEIN 1-RELATED // SUBFAMILY NOT NAMED,blue,NA
Manes.15G141100.v8.1,Manes.15G141100,(1 of 2) 3.1.21.7 - Deoxyribonuclease V / Escherichia coli endodeoxyribonuclease V,blue,NA
Manes.15G141200.v8.1,Manes.15G141200,(1 of 2) 3.1.21.7 - Deoxyribonuclease V / Escherichia coli endodeoxyribonuclease V,blue,NA
Manes.15G144000.v8.1,Manes.15G144000,(1 of 1) 1.2.1.38 - N-acetyl-gamma-glutamyl-phosphate reductase / NAGSA dehydrogenase,red,NA
Manes.15G145200.v8.1,Manes.15G145200,(1 of 6) PTHR31920//PTHR31920:SF18 - FAMILY NOT NAMED // B3 DOMAIN-CONTAINING PROTEIN REM19-RELATED,red,NA
Manes.15G145900.v8.1,Manes.15G145900,NA,red,NA
Manes.15G150700.v8.1,Manes.15G150700,NA,red,NA
Manes.15G151000.v8.1,Manes.15G151000,NA,moccasin,NA
Manes.15G151200.v8.1,Manes.15G151200,NA,blue,NA
Manes.15G151500.v8.1,Manes.15G151500,(1 of 2) PTHR31079:SF2 - F4P13.14 PROTEIN-RELATED,blue,NA
Manes.15G152800.v8.1,Manes.15G152800,(1 of 2) PTHR24073:SF597 - RAS-RELATED PROTEIN RABB1B,skyblue3,NA
Manes.15G155400.v8.1,Manes.15G155400,NA,blue,NA
Manes.15G156400.v8.1,Manes.15G156400,(1 of 13) PF00789 - UBX domain (UBX),blue,NA
Manes.15G158600.v8.1,Manes.15G158600,(1 of 1) PTHR10742:SF229 - PROTOPORPHYRINOGEN OXIDASE 2; CHLOROPLASTIC/MITOCHONDRIAL,blue,NA
Manes.15G159500.v8.1,Manes.15G159500,NA,red,NA
Manes.15G159600.v8.1,Manes.15G159600,(1 of 1) PTHR11061//PTHR11061:SF29 - RNA M5U METHYLTRANSFERASE FAMILY // SUBFAMILY NOT NAMED,blue,NA
Manes.15G160400.v8.1,Manes.15G160400,NA,red,NA
Manes.15G160800.v8.1,Manes.15G160800,NA,blue,NA
Manes.15G161500.v8.1,Manes.15G161500,(1 of 2) K02899 - large subunit ribosomal protein L27 (RP-L27; MRPL27; rpmA),red,NA
Manes.15G162000.v8.1,Manes.15G162000,NA,red,NA
Manes.15G162100.v8.1,Manes.15G162100,NA,blue,NA
Manes.15G162300.v8.1,Manes.15G162300,NA,blue,NA
Manes.15G173200.v8.1,Manes.15G173200,NA,red,NA
Manes.15G171800.v8.1,Manes.15G171800,(1 of 3) K02134 - F-type H+-transporting ATPase subunit delta (ATPeF1D; ATP5D; ATP16),blue,NA
Manes.15G175200.v8.1,Manes.15G175200,(1 of 1) PTHR10438//PTHR10438:SF243 - THIOREDOXIN // THIOREDOXIN H2,red,NA
Manes.15G175500.v8.1,Manes.15G175500,(1 of 1) PTHR23070//PTHR23070:SF19 - BCS1 AAA-TYPE ATPASE // SUBFAMILY NOT NAMED,blue,NA
Manes.15G179000.v8.1,Manes.15G179000,(1 of 62) PF00892 - EamA-like transporter family (EamA),blue,NA
Manes.15G181500.v8.1,Manes.15G181500,(1 of 5) K02998 - small subunit ribosomal protein SAe (RP-SAe; RPSA),red,NA
Manes.15G182900.v8.1,Manes.15G182900,NA,blue,NA
Manes.15G187301.v8.1,Manes.15G187301,(1 of 3) K01187 - alpha-glucosidase (malZ),magenta3,carb
Manes.15G190900.v8.1,Manes.15G190900,(1 of 62) PF00892 - EamA-like transporter family (EamA),blue,NA
Manes.15G192700.v8.1,Manes.15G192700,(1 of 2) PTHR10218//PTHR10218:SF192 - GTP-BINDING PROTEIN ALPHA SUBUNIT // EXTRA-LARGE GUANINE NUCLEOTIDE-BINDING PROTEIN 3,skyblue3,NA
Manes.15G192966.v8.1,Manes.15G192966,NA,blue,NA
Manes.16G006100.v8.1,Manes.16G006100,(1 of 2) PTHR10374:SF17 - GLYOXALASE I HOMOLOG,red,NA
Manes.16G006900.v8.1,Manes.16G006900,(1 of 3) PTHR12526//PTHR12526:SF341 - GLYCOSYLTRANSFERASE // SUBFAMILY NOT NAMED,blue,carb
Manes.16G009600.v8.1,Manes.16G009600,NA,blue,NA
Manes.16G010400.v8.1,Manes.16G010400,(1 of 1) PTHR11079:SF79 - RNA PSEUDOURIDINE SYNTHASE 6; CHLOROPLASTIC,blue,NA
Manes.16G011900.v8.1,Manes.16G011900,(1 of 5) K03113 - translation initiation factor 1 (EIF1; SUI1),red,NA
Manes.16G014401.v8.1,Manes.16G014401,(1 of 77) KOG0198 - MEKK and related serine/threonine protein kinases,blue,NA
Manes.16G017400.v8.1,Manes.16G017400,(1 of 1) PTHR14255//PTHR14255:SF3 - ATP-DEPENDENT PROTEASE  CEREBLON // SULFITE EXPORTER TAUE/SAFE FAMILY PROTEIN,blue,NA
Manes.16G017100.v8.1,Manes.16G017100,(1 of 1) PTHR24115:SF464 - KINESIN-1-RELATED,blue,NA
Manes.16G016500.v8.1,Manes.16G016500,NA,magenta3,NA
Manes.16G021700.v8.1,Manes.16G021700,NA,blue,NA
Manes.16G022400.v8.1,Manes.16G022400,NA,blue,NA
Manes.16G022901.v8.1,Manes.16G022901,(1 of 7) PTHR10687 - SECRETORY CARRIER-ASSOCIATED MEMBRANE PROTEIN  SCAMP,blue,NA
Manes.16G023800.v8.1,Manes.16G023800,(1 of 1) PTHR31719//PTHR31719:SF29//PTHR31719:SF9 - FAMILY NOT NAMED // SUBFAMILY NOT NAMED // ATNAC2-RELATED,blue,NA
Manes.16G024500.v8.1,Manes.16G024500,(1 of 45) PF02701 - Dof domain; zinc finger (zf-Dof),blue,NA
Manes.16G026200.v8.1,Manes.16G026200,NA,blue,NA
Manes.16G027500.v8.1,Manes.16G027500,NA,blue,NA
Manes.16G028200.v8.1,Manes.16G028200,NA,red,NA
Manes.16G029300.v8.1,Manes.16G029300,(1 of 2) K02988 - small subunit ribosomal protein S5 (RP-S5; MRPS5; rpsE),blue,NA
Manes.16G032500.v8.1,Manes.16G032500,(1 of 3) PTHR31079:SF5 - NAC DOMAIN CONTAINING PROTEIN 10,blue,NA
Manes.16G032600.v8.1,Manes.16G032600,(1 of 2) PTHR10751//PTHR10751:SF44 - GUANYLATE BINDING PROTEIN // SUBFAMILY NOT NAMED,red,NA
Manes.16G039101.v8.1,Manes.16G039101,NA,blue,NA
Manes.16G040300.v8.1,Manes.16G040300,NA,blue,NA
Manes.16G042900.v8.1,Manes.16G042900,NA,blue,NA
Manes.16G042400.v8.1,Manes.16G042400,(1 of 2) PTHR23315//PTHR23315:SF76 - BETA CATENIN-RELATED ARMADILLO REPEAT-CONTAINING // U-BOX DOMAIN-CONTAINING PROTEIN 17,blue,NA
Manes.16G038730.v8.1,Manes.16G038730,NA,red,NA
Manes.16G043400.v8.1,Manes.16G043400,NA,red,NA
Manes.16G043800.v8.1,Manes.16G043800,(1 of 3) K15731 - carboxy-terminal domain RNA polymerase II polypeptide A small phosphatase [EC:3.1.3.16] (CTDSP),blue,NA
Manes.16G044900.v8.1,Manes.16G044900,NA,blue,NA
Manes.16G045300.v8.1,Manes.16G045300,NA,red,NA
Manes.16G045400.v8.1,Manes.16G045400,NA,red,NA
Manes.16G046301.v8.1,Manes.16G046301,NA,blue,NA
Manes.16G048683.v8.1,Manes.16G048683,(1 of 2) PTHR22891:SF4 - PROTEIN ARGONAUTE 2-RELATED,blue,NA
Manes.16G053000.v8.1,Manes.16G053000,(1 of 4) 1.1.1.42 - Isocitrate dehydrogenase (NADP(+)) / oxalosuccinate carboxylase,blue,NA
Manes.16G055032.v8.1,Manes.16G055032,(1 of 2) PTHR12547//PTHR12547:SF63 - CCCH ZINC FINGER/TIS11-RELATED // ZINC FINGER CCCH DOMAIN-CONTAINING PROTEIN 37-RELATED,blue,NA
Manes.16G055700.v8.1,Manes.16G055700,NA,red,NA
Manes.16G058100.v8.1,Manes.16G058100,(1 of 1) PTHR22765:SF56 - VACUOLAR-SORTING RECEPTOR 5-RELATED,red,NA
Manes.16G061100.v8.1,Manes.16G061100,(1 of 1) 2.1.1.72 - Site-specific DNA-methyltransferase (adenine-specific) / Restriction-modification system,blue,NA
Manes.16G060700.v8.1,Manes.16G060700,(1 of 1) K03135 - transcription initiation factor TFIID subunit 11 (TAF11),blue,NA
Manes.16G064900.v8.1,Manes.16G064900,(1 of 1) PTHR19957//PTHR19957:SF116 - SYNTAXIN // SYNTAXIN-32,skyblue3,NA
Manes.16G072400.v8.1,Manes.16G072400,(1 of 3) PTHR11909:SF97 - CASEIN KINASE 1-LIKE PROTEIN 4,skyblue3,NA
Manes.16G073200.v8.1,Manes.16G073200,(1 of 2) 3.1.3.23 - Sugar-phosphatase,magenta3,carb
Manes.16G076400.v8.1,Manes.16G076400,(1 of 2) K08850 - aurora kinase; other [EC:2.7.11.1] (AURKX),red,NA
Manes.16G078500.v8.1,Manes.16G078500,(1 of 4) K02140 - F-type H+-transporting ATPase subunit g (ATPeFG; ATP5L; ATP20),red,NA
Manes.16G081200.v8.1,Manes.16G081200,(1 of 2) 1.14.19.3 - Acyl-CoA 6-desaturase / Long-chain fatty acid Delta(6)-desaturase,blue,NA
Manes.16G084100.v8.1,Manes.16G084100,NA,blue,NA
Manes.16G086000.v8.1,Manes.16G086000,(1 of 2) PTHR27000:SF188 - LRR RECEPTOR-LIKE SERINE/THREONINE-PROTEIN KINASE ERECTA,blue,NA
Manes.16G086100.v8.1,Manes.16G086100,(1 of 1) PTHR13140//PTHR13140:SF304 - MYOSIN // MYOSIN IA HEAVY CHAIN-RELATED,blue,NA
Manes.16G088300.v8.1,Manes.16G088300,NA,red,NA
Manes.16G088800.v8.1,Manes.16G088800,(1 of 1) PF06941 - 5' nucleotidase; deoxy (Pyrimidine); cytosolic type C protein (NT5C) (NT5C),skyblue3,NA
Manes.16G090400.v8.1,Manes.16G090400,(1 of 3) PTHR11200//PTHR11200:SF131 - INOSITOL 5-PHOSPHATASE // SUBFAMILY NOT NAMED,red,NA
Manes.16G091600.v8.1,Manes.16G091600,(1 of 137) 3.1.1.11 - Pectinesterase / Pectin methylesterase,red,carb
Manes.16G091900.v8.1,Manes.16G091900,(1 of 1) K03564 - peroxiredoxin Q/BCP (BCP; PRXQ; DOT5),blue,NA
Manes.16G093800.v8.1,Manes.16G093800,(1 of 1) PTHR23423//PTHR23423:SF10//PTHR23423:SF23 - ORGANIC SOLUTE TRANSPORTER-RELATED // TRANSMEMBRANE PROTEIN 184C // SUBFAMILY NOT NAMED,blue,NA
Manes.16G100000.v8.1,Manes.16G100000,(1 of 2) K11155 - diacylglycerol O-acyltransferase 1 (DGAT1),blue,NA
Manes.16G101500.v8.1,Manes.16G101500,NA,red,NA
Manes.16G101900.v8.1,Manes.16G101900,(1 of 2) PTHR22850//PTHR22850:SF105 - WD40 REPEAT FAMILY // SUBFAMILY NOT NAMED,red,NA
Manes.16G103300.v8.1,Manes.16G103300,(1 of 4) PTHR12374//PTHR12374:SF19 - TRANSCRIPTIONAL ADAPTOR 2  ADA2 -RELATED // SUBFAMILY NOT NAMED,blue,NA
Manes.16G105800.v8.1,Manes.16G105800,(1 of 2) K12194 - charged multivesicular body protein 4 (CHMP4; SNF7; VPS32),blue,NA
Manes.16G107700.v8.1,Manes.16G107700,(1 of 2) PTHR32227//PTHR32227:SF88 - FAMILY NOT NAMED // GLUCAN ENDO-1;3-BETA-GLUCOSIDASE 12-RELATED,red,carb
Manes.16G112000.v8.1,Manes.16G112000,(1 of 2) PTHR10374//PTHR10374:SF12 - LACTOYLGLUTATHIONE LYASE  GLYOXALASE I // SUBFAMILY NOT NAMED,blue,NA
Manes.16G112600.v8.1,Manes.16G112600,(1 of 2) K02357 - elongation factor Ts (tsf; TSFM),blue,NA
Manes.16G113400.v8.1,Manes.16G113400,(1 of 5) PTHR10430 - PEROXIREDOXIN,blue,NA
Manes.16G113700.v8.1,Manes.16G113700,(1 of 2) PTHR23503//PTHR23503:SF37 - FAMILY NOT NAMED // PLASTIDIC GLUCOSE TRANSPORTER 2-RELATED,red,NA
Manes.16G117200.v8.1,Manes.16G117200,(1 of 2) K12355 - coniferyl-aldehyde dehydrogenase (REF1),blue,NA
Manes.16G118500.v8.1,Manes.16G118500,NA,red,NA
Manes.16G121600.v8.1,Manes.16G121600,(1 of 3) PTHR18896//PTHR18896:SF11 - PHOSPHOLIPASE D // PHOSPHOLIPASE D ALPHA 1-RELATED,blue,NA
Manes.16G122400.v8.1,Manes.16G122400,(1 of 1) PTHR22951//PTHR22951:SF13 - CLATHRIN ASSEMBLY PROTEIN // SUBFAMILY NOT NAMED,blue,NA
Manes.16G122500.v8.1,Manes.16G122500,(1 of 2) PF11721//PF13855 - Di-glucose binding within endoplasmic reticulum (Malectin) // Leucine rich repeat (LRR_8),blue,NA
Manes.16G123200.v8.1,Manes.16G123200,NA,blue,NA
Manes.16G123300.v8.1,Manes.16G123300,(1 of 2) PTHR21136//PTHR21136:SF104 - SNARE PROTEINS // SUBFAMILY NOT NAMED,blue,NA
Manes.16G124200.v8.1,Manes.16G124200,(1 of 6) KOG2765 - Predicted membrane protein,blue,NA
Manes.16G126100.v8.1,Manes.16G126100,(1 of 2) PTHR11850:SF122 - HOMEOBOX PROTEIN KNOTTED-1-LIKE 3-RELATED,blue,NA
Manes.16G128100.v8.1,Manes.16G128100,(1 of 2) PTHR23315//PTHR23315:SF59 - BETA CATENIN-RELATED ARMADILLO REPEAT-CONTAINING // ARMADILLO/BETA-CATENIN-LIKE REPEAT-CONTAINING PROTEIN-RELATED,blue,NA
Manes.16G130900.v8.1,Manes.16G130900,(1 of 2) KOG1766 - Enhancer of rudimentary,blue,NA
Manes.16G131200.v8.1,Manes.16G131200,(1 of 1) PTHR31585//PTHR31585:SF6 - FAMILY NOT NAMED // FOLATE-BIOPTERIN TRANSPORTER 2-RELATED,moccasin,NA
Manes.16G133700.v8.1,Manes.16G133700,(1 of 2) PTHR24423:SF475 - HISTIDINE KINASE 5,blue,NA
Manes.16G133800.v8.1,Manes.16G133800,NA,blue,NA
Manes.16G136300.v8.1,Manes.16G136300,(1 of 2) PTHR10566//PTHR10566:SF53 - CHAPERONE-ACTIVITY OF BC1 COMPLEX  CABC1 -RELATED // SUBFAMILY NOT NAMED,blue,NA
Manes.17G001200.v8.1,Manes.17G001200,(1 of 1) K12400 - AP-4 complex subunit epsilon-1 (AP4E1),red,NA
Manes.17G001400.v8.1,Manes.17G001400,(1 of 6) K09250 - cellular nucleic acid-binding protein (CNBP),magenta3,NA
Manes.17G006800.v8.1,Manes.17G006800,(1 of 2) K08762 - diazepam-binding inhibitor (GABA receptor modulator; acyl-CoA-binding protein) (DBI; ACBP),red,NA
Manes.17G008600.v8.1,Manes.17G008600,NA,blue,NA
Manes.17G009100.v8.1,Manes.17G009100,(1 of 2) 1.23.1.4 - (-)-lariciresinol reductase / Pinoresinol/lariciresinol reductase,blue,NA
Manes.17G010150.v8.1,Manes.17G010150,NA,blue,NA
Manes.17G009900.v8.1,Manes.17G009900,NA,blue,NA
Manes.17G015710.v8.1,Manes.17G015710,NA,red,NA
Manes.17G014100.v8.1,Manes.17G014100,(1 of 2) PTHR10044:SF133 - MND1-INTERACTING PROTEIN 1,magenta3,NA
Manes.17G014300.v8.1,Manes.17G014300,(1 of 16) KOG1677 - CCCH-type Zn-finger protein,red,NA
Manes.17G014700.v8.1,Manes.17G014700,(1 of 2) K03039 - 26S proteasome regulatory subunit N9 (PSMD13; RPN9),moccasin,NA
Manes.17G017000.v8.1,Manes.17G017000,NA,skyblue3,NA
Manes.17G017708.v8.1,Manes.17G017708,(1 of 1) K05283 - phosphatidylinositol glycan; class W (PIGW),blue,carb
Manes.17G021150.v8.1,Manes.17G021150,(1 of 1569) 2.7.11.1 - Non-specific serine/threonine protein kinase / Threonine-specific protein kinase,blue,NA
Manes.17G020800.v8.1,Manes.17G020800,NA,red,NA
Manes.17G025599.v8.1,Manes.17G025599,(1 of 7) PTHR23070//PTHR23070:SF5 - BCS1 AAA-TYPE ATPASE // AAA-TYPE ATPASE FAMILY PROTEIN-RELATED,blue,NA
Manes.17G024283.v8.1,Manes.17G024283,(1 of 1) K14766 - nucleolar protein 14 (NOP14; UTP2),red,NA
Manes.17G029024.v8.1,Manes.17G029024,(1 of 6) PTHR24361:SF380 - MITOGEN-ACTIVATED PROTEIN KINASE KINASE KINASE 17-RELATED,skyblue3,NA
Manes.17G038964.v8.1,Manes.17G038964,(1 of 3) PTHR12526//PTHR12526:SF341 - GLYCOSYLTRANSFERASE // SUBFAMILY NOT NAMED,blue,carb
Manes.17G038905.v8.1,Manes.17G038905,NA,magenta3,NA
Manes.17G030100.v8.1,Manes.17G030100,NA,blue,NA
Manes.17G031200.v8.1,Manes.17G031200,(1 of 7) K03809 - NAD(P)H dehydrogenase (quinone) (wrbA),blue,NA
Manes.17G034100.v8.1,Manes.17G034100,(1 of 38) PF00564 - PB1 domain (PB1),blue,NA
Manes.17G040800.v8.1,Manes.17G040800,NA,magenta3,NA
Manes.17G041900.v8.1,Manes.17G041900,(1 of 2) PTHR31719//PTHR31719:SF9 - FAMILY NOT NAMED // ATNAC2-RELATED,blue,NA
Manes.17G043700.v8.1,Manes.17G043700,NA,red,NA
Manes.17G045000.v8.1,Manes.17G045000,(1 of 2) PTHR12313//PTHR12313:SF6 - RNF5 // SUBFAMILY NOT NAMED,blue,NA
Manes.17G045800.v8.1,Manes.17G045800,(1 of 2) K06027 - vesicle-fusing ATPase (NSF),blue,NA
Manes.17G046600.v8.1,Manes.17G046600,NA,blue,NA
Manes.17G047800.v8.1,Manes.17G047800,NA,red,NA
Manes.17G054800.v8.1,Manes.17G054800,(1 of 2) PTHR23315:SF131 - ARMADILLO/BETA-CATENIN-LIKE REPEAT-CONTAINING PROTEIN,blue,NA
Manes.17G055600.v8.1,Manes.17G055600,NA,skyblue3,NA
Manes.17G055850.v8.1,Manes.17G055850,NA,red,NA
Manes.17G055900.v8.1,Manes.17G055900,NA,red,NA
Manes.17G056500.v8.1,Manes.17G056500,NA,blue,NA
Manes.17G057400.v8.1,Manes.17G057400,(1 of 1) PTHR27000:SF154 - LEUCINE-RICH REPEAT RECEPTOR-LIKE PROTEIN KINASE,blue,NA
Manes.17G058000.v8.1,Manes.17G058000,(1 of 2) PTHR23012//PTHR23012:SF76 - MEMBRANE ASSOCIATED RING FINGER // SUBFAMILY NOT NAMED,blue,NA
Manes.17G059700.v8.1,Manes.17G059700,(1 of 4) K10956 - protein transport protein SEC61 subunit alpha (SEC61A),red,NA
Manes.17G060600.v8.1,Manes.17G060600,(1 of 2) PTHR10015:SF161 - E2F/DP FAMILY WINGED-HELIX DNA-BINDING DOMAIN-CONTAINING PROTEIN-RELATED,blue,NA
Manes.17G061100.v8.1,Manes.17G061100,(1 of 2) PTHR19139//PTHR19139:SF144 - AQUAPORIN TRANSPORTER // AQUAPORIN NIP1-1-RELATED,blue,NA
Manes.17G061450.v8.1,Manes.17G061450,NA,red,NA
Manes.17G061500.v8.1,Manes.17G061500,NA,blue,NA
Manes.17G068348.v8.1,Manes.17G068348,(1 of 2) K02882 - large subunit ribosomal protein L18Ae (RP-L18Ae; RPL18A),red,NA
Manes.17G072500.v8.1,Manes.17G072500,NA,blue,NA
Manes.17G074000.v8.1,Manes.17G074000,(1 of 2) PTHR15835//PTHR15835:SF6 - FAMILY NOT NAMED // F20D23.9 PROTEIN,blue,NA
Manes.17G074300.v8.1,Manes.17G074300,(1 of 2) PTHR31384:SF3 - AUXIN RESPONSE FACTOR 6,skyblue3,NA
Manes.17G074800.v8.1,Manes.17G074800,(1 of 1) PTHR12329//PTHR12329:SF17 - BCL2-ASSOCIATED ATHANOGENE // SUBFAMILY NOT NAMED,blue,NA
Manes.17G077300.v8.1,Manes.17G077300,NA,blue,NA
Manes.17G080600.v8.1,Manes.17G080600,(1 of 2) PTHR22951//PTHR22951:SF25 - CLATHRIN ASSEMBLY PROTEIN // SUBFAMILY NOT NAMED,blue,NA
Manes.17G083400.v8.1,Manes.17G083400,(1 of 1) PTHR23111//PTHR23111:SF23 - ZINC FINGER PROTEIN // ZINC FINGER (RAN-BINDING) DOMAIN-CONTAINING PROTEIN,blue,NA
Manes.17G083500.v8.1,Manes.17G083500,(1 of 2) PTHR12629//PTHR12629:SF4 - DIPHOSPHOINOSITOL POLYPHOSPHATE PHOSPHOHYDROLASE // NUDIX HYDROLASE 17; MITOCHONDRIAL-RELATED,blue,NA
Manes.17G089700.v8.1,Manes.17G089700,NA,moccasin,NA
Manes.17G091900.v8.1,Manes.17G091900,NA,blue,NA
Manes.17G096000.v8.1,Manes.17G096000,(1 of 3) K17925 - sorting nexin-13 (SNX13),red,NA
Manes.17G097300.v8.1,Manes.17G097300,NA,red,NA
Manes.17G097600.v8.1,Manes.17G097600,NA,blue,NA
Manes.17G097800.v8.1,Manes.17G097800,NA,blue,NA
Manes.17G100900.v8.1,Manes.17G100900,NA,blue,NA
Manes.17G103400.v8.1,Manes.17G103400,(1 of 2) K00387 - sulfite oxidase (SUOX),blue,NA
Manes.17G104700.v8.1,Manes.17G104700,NA,blue,NA
Manes.17G106900.v8.1,Manes.17G106900,(1 of 4) PTHR24198//PTHR24198:SF77 - ANKYRIN REPEAT AND PROTEIN KINASE DOMAIN-CONTAINING PROTEIN // SUBFAMILY NOT NAMED,blue,NA
Manes.17G111400.v8.1,Manes.17G111400,(1 of 2) PTHR31079//PTHR31079:SF2 - FAMILY NOT NAMED // F4P13.14 PROTEIN-RELATED,blue,NA
Manes.17G116300.v8.1,Manes.17G116300,(1 of 1) PTHR24092//PTHR24092:SF75 - FAMILY NOT NAMED // PHOSPHOLIPID-TRANSPORTING ATPASE 8-RELATED,moccasin,NA
Manes.17G121000.v8.1,Manes.17G121000,(1 of 1) PTHR11695//PTHR11695:SF530 - ALCOHOL DEHYDROGENASE RELATED // SUBFAMILY NOT NAMED,red,NA
Manes.17G122200.v8.1,Manes.17G122200,NA,red,NA
Manes.17G123800.v8.1,Manes.17G123800,(1 of 62) PF00892 - EamA-like transporter family (EamA),red,NA
Manes.17G117800.v8.1,Manes.17G117800,(1 of 4) PTHR10359//PTHR10359:SF22 - A/G-SPECIFIC ADENINE GLYCOSYLASE/ENDONUCLEASE III // DEMETER-LIKE PROTEIN 2-RELATED,blue,NA
Manes.18G001000.v8.1,Manes.18G001000,(1 of 2) PTHR22952//PTHR22952:SF117 - CAMP-RESPONSE ELEMENT BINDING PROTEIN-RELATED // BZIP TRANSCRIPTION FACTOR 60,blue,NA
Manes.18G002100.v8.1,Manes.18G002100,(1 of 1) PTHR10366//PTHR10366:SF355 - NAD DEPENDENT EPIMERASE/DEHYDRATASE // SUBFAMILY NOT NAMED,red,NA
Manes.18G002601.v8.1,Manes.18G002601,NA,red,NA
Manes.18G004500.v8.1,Manes.18G004500,(1 of 2) PTHR11465//PTHR11465:SF15 - CATALASE // SUBFAMILY NOT NAMED,red,NA
Manes.18G005000.v8.1,Manes.18G005000,(1 of 2) PTHR22952//PTHR22952:SF117 - CAMP-RESPONSE ELEMENT BINDING PROTEIN-RELATED // BZIP TRANSCRIPTION FACTOR 60,blue,NA
Manes.18G008500.v8.1,Manes.18G008500,(1 of 3) PTHR13711//PTHR13711:SF202 - SWI/SNF-RELATED CHROMATIN BINDING PROTEIN // HIGH MOBILITY GROUP B PROTEIN 10-RELATED,blue,NA
Manes.18G013700.v8.1,Manes.18G013700,NA,red,NA
Manes.18G015150.v8.1,Manes.18G015150,(1 of 91) K14488 - SAUR family protein (SAUR),blue,NA
Manes.18G016500.v8.1,Manes.18G016500,(1 of 13) K11253 - histone H3 (H3),red,NA
Manes.18G017100.v8.1,Manes.18G017100,NA,blue,NA
Manes.18G020600.v8.1,Manes.18G020600,(1 of 2) PTHR16223:SF11 - TRANSCRIPTION FACTOR BHLH110,blue,NA
Manes.18G023000.v8.1,Manes.18G023000,NA,red,NA
Manes.18G023300.v8.1,Manes.18G023300,NA,blue,NA
Manes.18G027300.v8.1,Manes.18G027300,NA,blue,NA
Manes.18G029700.v8.1,Manes.18G029700,(1 of 2) PTHR13286:SF6 - HISTONE DEACETYLASE COMPLEX SUBUNIT SAP30L,red,NA
Manes.18G031300.v8.1,Manes.18G031300,NA,blue,NA
Manes.18G031400.v8.1,Manes.18G031400,(1 of 4) PTHR11685//PTHR11685:SF135 - RBR FAMILY  RING FINGER AND IBR DOMAIN-CONTAINING // E3 UBIQUITIN-PROTEIN LIGASE ARI10-RELATED,blue,NA
Manes.18G025940.v8.1,Manes.18G025940,(1 of 2) PTHR31391//PTHR31391:SF17 - FAMILY NOT NAMED // B3 DOMAIN-CONTAINING PROTEIN REM16,red,NA
Manes.18G036400.v8.1,Manes.18G036400,(1 of 19) PTHR10891:SF592 - CALCIUM-BINDING PROTEIN CML38-RELATED,blue,NA
Manes.18G036500.v8.1,Manes.18G036500,(1 of 28) PF13202 - EF hand (EF-hand_5),blue,NA
Manes.18G036700.v8.1,Manes.18G036700,(1 of 2) PTHR11183:SF44 - UDP-GLUCURONATE:XYLAN ALPHA-GLUCURONOSYLTRANSFERASE 2,blue,NA
Manes.18G041500.v8.1,Manes.18G041500,NA,skyblue3,NA
Manes.18G043500.v8.1,Manes.18G043500,(1 of 24) 1.14.13.89 - Isoflavone 2'-hydroxylase / Isoflavone 2'-monooxygenase,blue,NA
Manes.18G046600.v8.1,Manes.18G046600,(1 of 1) PTHR23083//PTHR23083:SF431 - TETRATRICOPEPTIDE REPEAT PROTEIN; TPR // SUBFAMILY NOT NAMED,blue,NA
Manes.18G046900.v8.1,Manes.18G046900,NA,skyblue3,NA
Manes.18G047100.v8.1,Manes.18G047100,(1 of 1) PTHR22844//PTHR22844:SF184 - F-BOX AND WD40 DOMAIN PROTEIN // SUBFAMILY NOT NAMED,blue,NA
Manes.18G048300.v8.1,Manes.18G048300,(1 of 1) PF03224//PF04564 - V-ATPase subunit H (V-ATPase_H_N) // U-box domain (U-box),blue,NA
Manes.18G049100.v8.1,Manes.18G049100,(1 of 2) PTHR22952//PTHR22952:SF115 - CAMP-RESPONSE ELEMENT BINDING PROTEIN-RELATED // SUBFAMILY NOT NAMED,blue,NA
Manes.18G050400.v8.1,Manes.18G050400,NA,blue,NA
Manes.18G051550.v8.1,Manes.18G051550,NA,red,NA
Manes.18G054064.v8.1,Manes.18G054064,NA,blue,NA
Manes.18G054150.v8.1,Manes.18G054150,(1 of 2) PTHR22952//PTHR22952:SF145 - CAMP-RESPONSE ELEMENT BINDING PROTEIN-RELATED // SUBFAMILY NOT NAMED,blue,NA
Manes.18G054615.v8.1,Manes.18G054615,(1 of 3) 4.1.1.32 - Phosphoenolpyruvate carboxykinase (GTP) / Phosphopyruvate carboxylase,red,carb
Manes.18G057015.v8.1,Manes.18G057015,(1 of 3) K10592 - E3 ubiquitin-protein ligase HUWE1 (HUWE1; MULE; ARF-BP1),red,NA
Manes.18G056800.v8.1,Manes.18G056800,NA,blue,NA
Manes.18G059880.v8.1,Manes.18G059880,NA,red,NA
Manes.18G059900.v8.1,Manes.18G059900,NA,red,NA
Manes.18G063352.v8.1,Manes.18G063352,(1 of 1) PTHR10357//PTHR10357:SF74 - ALPHA-AMYLASE // ISOAMYLASE 3; CHLOROPLASTIC,blue,carb
Manes.18G063800.v8.1,Manes.18G063800,(1 of 4) PTHR24326//PTHR24326:SF196 - FAMILY NOT NAMED // HOMEOBOX-LEUCINE ZIPPER PROTEIN ATHB-16-RELATED,blue,NA
Manes.18G064621.v8.1,Manes.18G064621,(1 of 4) K02267 - cytochrome c oxidase subunit 6b (COX6B),blue,NA
Manes.18G066200.v8.1,Manes.18G066200,(1 of 2) PTHR10108//PTHR10108:SF899 - METHYLTRANSFERASE // PECTIN METHYLTRANSFERASE QUA2-RELATED,blue,NA
Manes.18G067100.v8.1,Manes.18G067100,(1 of 1) KOG0698//KOG0699 - Serine/threonine protein phosphatase // Serine/threonine protein phosphatase,red,NA
Manes.18G072500.v8.1,Manes.18G072500,(1 of 2) K03262 - translation initiation factor 5 (EIF5),blue,NA
Manes.18G072550.v8.1,Manes.18G072550,NA,blue,NA
Manes.18G073608.v8.1,Manes.18G073608,(1 of 2) K02952 - small subunit ribosomal protein S13 (RP-S13; rpsM),blue,NA
Manes.18G077024.v8.1,Manes.18G077024,(1 of 6) PTHR32278:SF6 - F-BOX PROTEIN PP2-B1-RELATED,blue,NA
Manes.18G077300.v8.1,Manes.18G077300,(1 of 6) PTHR32278:SF6 - F-BOX PROTEIN PP2-B1-RELATED,blue,NA
Manes.18G084500.v8.1,Manes.18G084500,NA,red,NA
Manes.18G084700.v8.1,Manes.18G084700,NA,blue,NA
Manes.18G097500.v8.1,Manes.18G097500,NA,blue,NA
Manes.18G099400.v8.1,Manes.18G099400,(1 of 5) K15378 - solute carrier family 45; member 1/2/4 (SLC45A1_2_4),red,NA
Manes.18G099800.v8.1,Manes.18G099800,(1 of 4) KOG2462 - C2H2-type Zn-finger protein,red,NA
Manes.18G101100.v8.1,Manes.18G101100,NA,blue,NA
Manes.18G102400.v8.1,Manes.18G102400,(1 of 1) 2.7.7.72 - CCA tRNA nucleotidyltransferase / tRNA-nucleotidyltransferase,blue,NA
Manes.18G102500.v8.1,Manes.18G102500,NA,blue,NA
Manes.18G103000.v8.1,Manes.18G103000,(1 of 2) PTHR31916:SF3 - ALKALINE/NEUTRAL INVERTASE CINV1-RELATED,moccasin,NA
Manes.18G107800.v8.1,Manes.18G107800,(1 of 5) PF00646//PF08268 - F-box domain (F-box) // F-box associated domain (FBA_3),blue,NA
Manes.18G107900.v8.1,Manes.18G107900,(1 of 1) PF00931//PF07725//PF13855 - NB-ARC domain (NB-ARC) // Leucine Rich Repeat (LRR_3) // Leucine rich repeat (LRR_8),blue,NA
Manes.18G111900.v8.1,Manes.18G111900,(1 of 1) PTHR26402//PTHR26402:SF604 - RESPONSE REGULATOR OF TWO-COMPONENT SYSTEM // SUBFAMILY NOT NAMED,red,NA
Manes.18G120501.v8.1,Manes.18G120501,(1 of 7) 1.3.1.42 - 12-oxophytodienoate reductase,blue,NA
Manes.18G120700.v8.1,Manes.18G120700,(1 of 6) K05894 - 12-oxophytodienoic acid reductase (OPR),skyblue3,NA
Manes.18G123800.v8.1,Manes.18G123800,(1 of 1) K11266 - MAternally affected uncoordination (MAU2),blue,NA
Manes.18G126800.v8.1,Manes.18G126800,NA,blue,NA
Manes.18G136600.v8.1,Manes.18G136600,NA,red,NA
Manes.18G141500.v8.1,Manes.18G141500,(1 of 1) PTHR11040:SF26 - ZINC TRANSPORTER 6; CHLOROPLASTIC,red,NA
Manes.18G124650.v8.1,Manes.18G124650,NA,skyblue3,NA
Manes.18G144200.v8.1,Manes.18G144200,(1 of 1) PF00240//PF13855 - Ubiquitin family (ubiquitin) // Leucine rich repeat (LRR_8),blue,NA
Manes.18G145566.v8.1,Manes.18G145566,(1 of 1) PTHR10217:SF475 - CYCLIC NUCLEOTIDE-GATED ION CHANNEL 19-RELATED,red,NA
Manes.18G143600.v8.1,Manes.18G143600,NA,blue,NA
Manes.18G143400.v8.1,Manes.18G143400,NA,blue,NA
Manes.18G143100.v8.1,Manes.18G143100,NA,blue,NA
