gene_id,locusName,Description,colors,class,gene_metabolite
Manes.01G000155.v8.1,Manes.01G000155,(1 of 18) PTHR31989:SF21 - NAC TRANSCRIPTION FACTOR-LIKE 9,black,NA,gene
Manes.01G000279.v8.1,Manes.01G000279,,black,NA,gene
Manes.01G002500.v8.1,Manes.01G002500,(1 of 5) K14006 - protein transport protein SEC23 (SEC23),black,NA,gene
Manes.01G005233.v8.1,Manes.01G005233,(1 of 3) PTHR22950//PTHR22950:SF228 - AMINO ACID TRANSPORTER // AMINO ACID PERMEASE 7-RELATED,skyblue4,NA,gene
Manes.01G009800.v8.1,Manes.01G009800,(1 of 2) PTHR35485:SF1 - EXPRESSED PROTEIN,black,NA,gene
Manes.01G012400.v8.1,Manes.01G012400,,black,NA,gene
Manes.01G012200.v8.1,Manes.01G012200,(1 of 3) PTHR31190:SF27 - ETHYLENE-RESPONSIVE TRANSCRIPTION FACTOR CRF1-RELATED,white,NA,gene
Manes.01G015400.v8.1,Manes.01G015400,(1 of 1) 2.4.1.227 - Undecaprenyldiphospho-muramoylpentapeptide beta-N- acetylglucosaminyltransferase / Undecaprenyl-PP-MurNAc-pentapeptide-UDPGlcNAc GlcNAc transferase,bisque4,NA,gene
Manes.01G017151.v8.1,Manes.01G017151,(1 of 7) PF13191 - AAA ATPase domain (AAA_16),black,NA,gene
Manes.01G017500.v8.1,Manes.01G017500,,black,NA,gene
Manes.01G020300.v8.1,Manes.01G020300,,bisque4,NA,gene
Manes.01G022400.v8.1,Manes.01G022400,,black,NA,gene
Manes.01G024700.v8.1,Manes.01G024700,(1 of 2) PTHR31096:SF13 - ACT DOMAIN-CONTAINING PROTEIN 5,black,NA,gene
Manes.01G026800.v8.1,Manes.01G026800,(1 of 5) 3.1.1.31 - 6-phosphogluconolactonase,black,NA,gene
Manes.01G027100.v8.1,Manes.01G027100,(1 of 2) PTHR10693//PTHR10693:SF27 - RAS GTPASE-ACTIVATING PROTEIN-BINDING PROTEIN // NUCLEAR TRANSPORT FACTOR 2 AND RNA RECOGNITION MOTIF DOMAIN-CONTAINING PROTEIN,black,NA,gene
Manes.01G032000.v8.1,Manes.01G032000,(1 of 1) PTHR33133:SF1 - T24P13.3,lightcyan,NA,gene
Manes.01G034800.v8.1,Manes.01G034800,(1 of 2) PTHR10641//PTHR10641:SF512 - MYB-LIKE DNA-BINDING PROTEIN MYB // MYB-DOMAIN TRANSCRIPTION FACTOR LOF1-RELATED,black,NA,gene
Manes.01G037300.v8.1,Manes.01G037300,(1 of 63) PF12937 - F-box-like (F-box-like),black,NA,gene
Manes.01G043000.v8.1,Manes.01G043000,(1 of 3) PTHR19308//PTHR19308:SF12 - PHOSPHATIDYLCHOLINE TRANSFER PROTEIN // SUBFAMILY NOT NAMED,lavenderblush2,NA,gene
Manes.01G043300.v8.1,Manes.01G043300,(1 of 67) PF03168 - Late embryogenesis abundant protein (LEA_2),black,NA,gene
Manes.01G050300.v8.1,Manes.01G050300,,lavenderblush2,NA,gene
Manes.01G051530.v8.1,Manes.01G051530,(1 of 67) PF03168 - Late embryogenesis abundant protein (LEA_2),black,NA,gene
Manes.01G048766.v8.1,Manes.01G048766,(1 of 2) PTHR11214//PTHR11214:SF7 - BETA-1;3-N-ACETYLGLUCOSAMINYLTRANSFERASE // SUBFAMILY NOT NAMED,skyblue4,NA,gene
Manes.01G045600.v8.1,Manes.01G045600,,plum3,NA,gene
Manes.01G048900.v8.1,Manes.01G048900,(1 of 2) PTHR11349//PTHR11349:SF53 - NUCLEOSIDE DIPHOSPHATE KINASE // NUCLEOSIDE DIPHOSPHATE KINASE-RELATED,lightcyan,NA,gene
Manes.01G052500.v8.1,Manes.01G052500,(1 of 2) PTHR10857//PTHR10857:SF54 - COPINE // DCD (DEVELOPMENT AND CELL DEATH) DOMAIN PROTEIN,black,NA,gene
Manes.01G052600.v8.1,Manes.01G052600,(1 of 2) PTHR22765:SF50 - RING-H2 ZINC FINGER PROTEIN RHA4A,lightcyan,NA,gene
Manes.01G052108.v8.1,Manes.01G052108,(1 of 2) PTHR23322:SF1 - FAS-ASSOCIATED FACTOR 2,black,NA,gene
Manes.01G057400.v8.1,Manes.01G057400,(1 of 1) PTHR22912:SF97 - MONODEHYDROASCORBATE REDUCTASE; CHLOROPLASTIC,black,NA,gene
Manes.01G060400.v8.1,Manes.01G060400,(1 of 6) K12897 - transformer-2 protein (TRA2),lightcyan,NA,gene
Manes.01G069400.v8.1,Manes.01G069400,(1 of 10) K11254 - histone H4 (H4),black,NA,gene
Manes.01G070300.v8.1,Manes.01G070300,(1 of 2) PTHR10996:SF131 - GLYOXYLATE/HYDROXYPYRUVATE REDUCTASE HPR3,black,NA,gene
Manes.01G071400.v8.1,Manes.01G071400,(1 of 2) PTHR10634//PTHR10634:SF38 - AN1-TYPE ZINC FINGER PROTEIN // ZINC FINGER A20 AND AN1 DOMAIN-CONTAINING STRESS-ASSOCIATED PROTEIN 1-RELATED,white,NA,gene
Manes.01G078200.v8.1,Manes.01G078200,(1 of 25) PF14547 - Hydrophobic seed protein (Hydrophob_seed),black,NA,gene
Manes.01G082400.v8.1,Manes.01G082400,(1 of 1) K08740 - DNA mismatch repair protein MSH4 (MSH4),black,NA,gene
Manes.01G084800.v8.1,Manes.01G084800,,black,NA,gene
Manes.01G085300.v8.1,Manes.01G085300,,lightcyan,NA,gene
Manes.01G085600.v8.1,Manes.01G085600,(1 of 3) PTHR27002//PTHR27002:SF34 - FAMILY NOT NAMED // G-TYPE LECTIN S-RECEPTOR-LIKE SERINE/THREONINE-PROTEIN KINASE RLK1,black,NA,gene
Manes.01G086100.v8.1,Manes.01G086100,(1 of 2) PTHR31403:SF2 - PHOSPHOLIPASE A1-IBETA2; CHLOROPLASTIC,lightcyan,NA,gene
Manes.01G086200.v8.1,Manes.01G086200,(1 of 4) K13199 - plasminogen activator inhibitor 1 RNA-binding protein (SERBP1),black,NA,gene
Manes.01G087500.v8.1,Manes.01G087500,(1 of 1) PF00320//PF13919 - GATA zinc finger (GATA) // Asx homology domain (ASXH),black,NA,gene
Manes.01G087600.v8.1,Manes.01G087600,,lavenderblush2,NA,gene
Manes.01G088500.v8.1,Manes.01G088500,(1 of 2) PTHR14154//PTHR14154:SF14 - UPF0041 BRAIN PROTEIN 44-RELATED // SUBFAMILY NOT NAMED,white,NA,gene
Manes.01G090200.v8.1,Manes.01G090200,(1 of 1) PTHR22939//PTHR22939:SF99 - SERINE PROTEASE FAMILY S1C HTRA-RELATED // PROTEASE DO-LIKE 8; CHLOROPLASTIC,black,NA,gene
Manes.01G091600.v8.1,Manes.01G091600,(1 of 3) K14413 - beta-1;3-galactosyltransferase (GALT1),black,NA,gene
Manes.01G094700.v8.1,Manes.01G094700,(1 of 2) K15030 - translation initiation factor 3 subunit M (EIF3M),black,NA,gene
Manes.01G094800.v8.1,Manes.01G094800,(1 of 31) PF07714//PF11721 - Protein tyrosine kinase (Pkinase_Tyr) // Di-glucose binding within endoplasmic reticulum (Malectin),black,NA,gene
Manes.01G101300.v8.1,Manes.01G101300,(1 of 3) PTHR33971:SF1 - GENOMIC DNA; CHROMOSOME 3; P1 CLONE:MRI12,black,NA,gene
Manes.01G103200.v8.1,Manes.01G103200,(1 of 4) PTHR11945//PTHR11945:SF155 - MADS BOX PROTEIN // AGAMOUS-LIKE MADS-BOX PROTEIN AGL8-RELATED,lightcyan,NA,gene
Manes.01G107300.v8.1,Manes.01G107300,(1 of 1) K12590 - exosome complex component RRP46 (RRP46; EXOSC5),black,NA,gene
Manes.01G108300.v8.1,Manes.01G108300,,lightcyan,NA,gene
Manes.01G115900.v8.1,Manes.01G115900,(1 of 1) KOG1421 - Predicted signaling-associated protein (contains a PDZ domain),black,NA,gene
Manes.01G116100.v8.1,Manes.01G116100,(1 of 1) PTHR11207//PTHR11207:SF8 - RIBONUCLEASE III // SUBFAMILY NOT NAMED,white,NA,gene
Manes.01G118000.v8.1,Manes.01G118000,(1 of 3) PTHR31448//PTHR31448:SF3 - FAMILY NOT NAMED // IFA-BINDING PROTEIN,plum3,NA,gene
Manes.01G119800.v8.1,Manes.01G119800,(1 of 2) K03247 - translation initiation factor 3 subunit H (EIF3H),lightcyan,NA,gene
Manes.01G122300.v8.1,Manes.01G122300,(1 of 2) 4.4.1.8 - Cystathionine beta-lyase / Cystine lyase,white,NA,gene
Manes.01G123700.v8.1,Manes.01G123700,(1 of 1) K03352 - anaphase-promoting complex subunit 5 (APC5),black,NA,gene
Manes.01G124200.v8.1,Manes.01G124200,(1 of 3) K02291 - phytoene synthase (crtB),black,carot,gene
Manes.01G124600.v8.1,Manes.01G124600,(1 of 1) PTHR11019//PTHR11019:SF112 - THIJ/PFPI // DJ-1/THIJ/PFPI FAMILY PROTEIN,skyblue4,NA,gene
Manes.01G124801.v8.1,Manes.01G124801,(1 of 2) PTHR10887//PTHR10887:SF358 - DNA2/NAM7 HELICASE FAMILY // P-LOOP CONTAINING NUCLEOSIDE TRIPHOSPHATE HYDROLASES SUPERFAMILY PROTEIN,black,NA,gene
Manes.01G124900.v8.1,Manes.01G124900,(1 of 2) PTHR10887//PTHR10887:SF358 - DNA2/NAM7 HELICASE FAMILY // P-LOOP CONTAINING NUCLEOSIDE TRIPHOSPHATE HYDROLASES SUPERFAMILY PROTEIN,black,NA,gene
Manes.01G126500.v8.1,Manes.01G126500,(1 of 1) K10867 - nijmegen breakage syndrome protein 1 (NBN; NBS1),white,NA,gene
Manes.01G127700.v8.1,Manes.01G127700,(1 of 3) PTHR32227//PTHR32227:SF127 - FAMILY NOT NAMED // CARBOHYDRATE-BINDING X8 DOMAIN-CONTAINING PROTEIN,skyblue4,NA,gene
Manes.01G129100.v8.1,Manes.01G129100,(1 of 1) K02433 - aspartyl-tRNA(Asn)/glutamyl-tRNA(Gln) amidotransferase subunit A (gatA; QRSL1),skyblue4,NA,gene
Manes.01G130300.v8.1,Manes.01G130300,(1 of 2) PF10392 - Golgi transport complex subunit 5 (COG5),white,NA,gene
Manes.01G130400.v8.1,Manes.01G130400,(1 of 2) PTHR31479//PTHR31479:SF3 - FAMILY NOT NAMED // GB|AAD29063.1,lightcyan,NA,gene
Manes.01G130500.v8.1,Manes.01G130500,(1 of 1) PTHR11941//PTHR11941:SF94 - ENOYL-COA HYDRATASE-RELATED // 3-HYDROXYISOBUTYRYL-COA HYDROLASE-LIKE PROTEIN 5,bisque4,NA,gene
Manes.01G131100.v8.1,Manes.01G131100,(1 of 2) PTHR13683//PTHR13683:SF250 - ASPARTYL PROTEASES // ASPARTYL PROTEASE-LIKE PROTEIN,lavenderblush2,NA,gene
Manes.01G134000.v8.1,Manes.01G134000,,lightcyan,NA,gene
Manes.01G136850.v8.1,Manes.01G136850,(1 of 3) 2.7.7.3 - Pantetheine-phosphate adenylyltransferase / PPAT,black,NA,gene
Manes.01G137500.v8.1,Manes.01G137500,(1 of 3) PTHR10286//PTHR10286:SF13 - INORGANIC PYROPHOSPHATASE // INORGANIC PYROPHOSPHATASE-LIKE PROTEIN,black,NA,gene
Manes.01G138200.v8.1,Manes.01G138200,(1 of 207) PF01535//PF13041 - PPR repeat (PPR) // PPR repeat family (PPR_2),black,NA,gene
Manes.01G141500.v8.1,Manes.01G141500,(1 of 2) PTHR31604//PTHR31604:SF3 - FAMILY NOT NAMED // PROTEIN SHI RELATED SEQUENCE 1-RELATED,white,NA,gene
Manes.01G144700.v8.1,Manes.01G144700,(1 of 2) 4.2.1.47 - GDP-mannose 4;6-dehydratase / Guanosine diphosphomannose oxidoreductase,black,NA,gene
Manes.01G145100.v8.1,Manes.01G145100,(1 of 2) PTHR31161//PTHR31161:SF6 - FAMILY NOT NAMED // KINECTIN-RELATED PROTEIN,lightcyan,NA,gene
Manes.01G148000.v8.1,Manes.01G148000,(1 of 2) PTHR22765//PTHR22765:SF59 - RING FINGER AND PROTEASE ASSOCIATED DOMAIN-CONTAINING // RECEPTOR HOMOLOGY REGION; TRANSMEMBRANE DOMAIN- AND RING DOMAIN-CONTAINING PROTEIN 1,black,NA,gene
Manes.01G150600.v8.1,Manes.01G150600,(1 of 1) PF13441 - YMGG-like Gly-zipper (Gly-zipper_YMGG),black,NA,gene
Manes.01G151100.v8.1,Manes.01G151100,(1 of 2) PTHR18896//PTHR18896:SF60 - PHOSPHOLIPASE D // PHOSPHOLIPASE D DELTA,black,NA,gene
Manes.01G153000.v8.1,Manes.01G153000,(1 of 1) PTHR12161//PTHR12161:SF19 - UNCHARACTERIZED DUF292 // REGULATOR OF VPS4 ACTIVITY IN THE MVB PATHWAY PROTEIN,plum3,NA,gene
Manes.01G154700.v8.1,Manes.01G154700,(1 of 6) K11778 - ditrans;polycis-polyprenyl diphosphate synthase (DHDDS; RER2; SRT1),lightcyan,NA,gene
Manes.01G154800.v8.1,Manes.01G154800,(1 of 2) PTHR13683:SF227 - ASPARTYL PROTEASE FAMILY PROTEIN,black,NA,gene
Manes.01G155200.v8.1,Manes.01G155200,(1 of 3) K12898 - heterogeneous nuclear ribonucleoprotein F/H (HNRNPF_H),lightcyan,NA,gene
Manes.01G157000.v8.1,Manes.01G157000,(1 of 2) PTHR14659//PTHR14659:SF1 - FAMILY NOT NAMED // ALPHA- AND GAMMA-ADAPTIN-BINDING PROTEIN P34,black,NA,gene
Manes.01G162500.v8.1,Manes.01G162500,(1 of 1) PTHR11926//PTHR11926:SF374 - GLUCOSYL/GLUCURONOSYL TRANSFERASES // UDP-GLYCOSYLTRANSFERASE 71C4,bisque4,NA,gene
Manes.01G171600.v8.1,Manes.01G171600,(1 of 1) 1.5.1.20//2.1.1.10 - Methylenetetrahydrofolate reductase (NAD(P)H) / N(5;10)-methylenetetrahydrofolate reductase // Homocysteine S-methyltransferase,lightcyan,NA,gene
Manes.01G173632.v8.1,Manes.01G173632,(1 of 1) PTHR12396:SF11 - METHYL-CPG-BINDING DOMAIN-CONTAINING PROTEIN 5-RELATED,black,NA,gene
Manes.01G174700.v8.1,Manes.01G174700,(1 of 3) K02727 - 20S proteasome subunit alpha 7 (PSMA3),black,NA,gene
Manes.01G191300.v8.1,Manes.01G191300,(1 of 5) PTHR11654//PTHR11654:SF98 - OLIGOPEPTIDE TRANSPORTER-RELATED // PROTEIN NRT1/ PTR FAMILY 4.5-RELATED,black,NA,gene
Manes.01G191500.v8.1,Manes.01G191500,(1 of 2) KOG0490 - Transcription factor; contains HOX domain,black,NA,gene
Manes.01G195100.v8.1,Manes.01G195100,(1 of 4) PTHR26402:SF526 - TWO-COMPONENT RESPONSE REGULATOR ARR15-RELATED,lightcyan,NA,gene
Manes.01G197500.v8.1,Manes.01G197500,(1 of 1) PTHR23091:SF267 - ACYL-COA N-ACYLTRANSFERASES-LIKE PROTEIN,black,NA,gene
Manes.01G207000.v8.1,Manes.01G207000,(1 of 2) K14963 - COMPASS component SWD3 (WDR5; SWD3; CPS30),white,NA,gene
Manes.01G207500.v8.1,Manes.01G207500,(1 of 2) KOG2484 - GTPase,black,NA,gene
Manes.01G209200.v8.1,Manes.01G209200,,lightcyan,NA,gene
Manes.01G209400.v8.1,Manes.01G209400,(1 of 3) PTHR12064//PTHR12064:SF32 - ANCIENT CONSERVED DOMAIN PROTEIN-RELATED // SUBFAMILY NOT NAMED,black,NA,gene
Manes.01G209500.v8.1,Manes.01G209500,,black,NA,gene
Manes.01G214000.v8.1,Manes.01G214000,(1 of 5) PTHR10110:SF117 - SODIUM/HYDROGEN EXCHANGER 1-RELATED,black,NA,gene
Manes.01G215300.v8.1,Manes.01G215300,(1 of 2) PTHR32370:SF30 - BTB/POZ DOMAIN-CONTAINING PROTEIN SETH6,plum3,NA,gene
Manes.01G225300.v8.1,Manes.01G225300,,lightcyan,NA,gene
Manes.01G226300.v8.1,Manes.01G226300,(1 of 2) K09517 - DnaJ homolog subfamily B member 11 (DNAJB11),bisque4,NA,gene
Manes.01G228900.v8.1,Manes.01G228900,(1 of 2) K12835 - ATP-dependent RNA helicase DDX42 (DDX42; SF3B125),bisque4,NA,gene
Manes.01G229300.v8.1,Manes.01G229300,(1 of 9) PF09459 - Ethylbenzene dehydrogenase (EB_dh),bisque4,NA,gene
Manes.01G237200.v8.1,Manes.01G237200,(1 of 1) PTHR10509//PTHR10509:SF27 - O-METHYLTRANSFERASE-RELATED // PROTEIN COMT-1,white,NA,gene
Manes.01G240900.v8.1,Manes.01G240900,(1 of 2) PTHR24012//PTHR24012:SF479 - FAMILY NOT NAMED // RNA RECOGNITION MOTIF-CONTAINING PROTEIN,bisque4,NA,gene
Manes.01G241800.v8.1,Manes.01G241800,(1 of 2) PTHR24349//PTHR24349:SF103 - SERINE/THREONINE-PROTEIN KINASE // SUBFAMILY NOT NAMED,lightcyan,NA,gene
Manes.01G243700.v8.1,Manes.01G243700,(1 of 3) PTHR13943:SF32 - NC DOMAIN-CONTAINING PROTEIN-LIKE PROTEIN,black,NA,gene
Manes.01G243900.v8.1,Manes.01G243900,(1 of 4) PTHR12665//PTHR12665:SF14 - ORMDL PROTEINS // SUBFAMILY NOT NAMED,lavenderblush2,NA,gene
Manes.01G244000.v8.1,Manes.01G244000,(1 of 45) PF02701 - Dof domain; zinc finger (zf-Dof),black,NA,gene
Manes.01G248500.v8.1,Manes.01G248500,(1 of 11) K14684 - solute carrier family 25 (mitochondrial phosphate transporter); member 23/24/25/41 (SLC25A23S),lightcyan,NA,gene
Manes.01G250800.v8.1,Manes.01G250800,(1 of 1) PTHR33322:SF4 - BAG FAMILY MOLECULAR CHAPERONE REGULATOR 6,black,NA,gene
Manes.01G251100.v8.1,Manes.01G251100,(1 of 2) K11714 - rhamnogalacturonan II specific xylosyltransferase [EC:2.4.2.-] Xyl a1-3 Fuc (RGXT),black,NA,gene
Manes.01G259100.v8.1,Manes.01G259100,(1 of 3) PTHR10024//PTHR10024:SF225 - SYNAPTOTAGMIN // C2 CALCIUM/LIPID-BINDING PLANT PHOSPHORIBOSYLTRANSFERASE FAMILY PROTEIN,black,NA,gene
Manes.01G261500.v8.1,Manes.01G261500,(1 of 2) PTHR23322//PTHR23322:SF3 - FAS-ASSOCIATED PROTEIN // PROTEIN SAY1,black,NA,gene
Manes.02G004900.v8.1,Manes.02G004900,(1 of 4) PTHR12665//PTHR12665:SF14 - ORMDL PROTEINS // SUBFAMILY NOT NAMED,bisque4,NA,gene
Manes.02G005900.v8.1,Manes.02G005900,(1 of 2) 6.3.5.1 - NAD(+) synthase (glutamine-hydrolyzing) / Nicotinamide adenine dinucleotide synthetase (glutamine),black,NA,gene
Manes.02G006800.v8.1,Manes.02G006800,(1 of 3) PTHR10460:SF10 - PROTEIN ABIL2-RELATED,plum3,NA,gene
Manes.02G009900.v8.1,Manes.02G009900,,black,NA,gene
Manes.02G011000.v8.1,Manes.02G011000,,black,NA,gene
Manes.02G014000.v8.1,Manes.02G014000,(1 of 1) 2.3.1.164 - Isopenicillin-N N-acyltransferase / Isopenicillin N:acyl-CoA acyltransferase,lavenderblush2,NA,gene
Manes.02G016900.v8.1,Manes.02G016900,(1 of 3) PTHR31221//PTHR31221:SF7 - FAMILY NOT NAMED // WRKY TRANSCRIPTION FACTOR 24-RELATED,black,NA,gene
Manes.02G018600.v8.1,Manes.02G018600,(1 of 5) 2.4.1.122 - Glycoprotein-N-acetylgalactosamine 3-beta-galactosyltransferase,lightcyan,NA,gene
Manes.02G025500.v8.1,Manes.02G025500,(1 of 1) PTHR24031:SF303 - DEAD-BOX ATP-DEPENDENT RNA HELICASE 47; MITOCHONDRIAL,white,NA,gene
Manes.02G029300.v8.1,Manes.02G029300,(1 of 1) PF05205 - COMPASS (Complex proteins associated with Set1p) component shg1 (COMPASS-Shg1),white,NA,gene
Manes.02G029775.v8.1,Manes.02G029775,(1 of 3) PTHR14326:SF15 - CELL CYCLE REGULATED MICROTUBULE ASSOCIATED PROTEIN,white,NA,gene
Manes.02G032500.v8.1,Manes.02G032500,(1 of 2) PTHR31096:SF6 - ACR7-RELATED,lightcyan,NA,gene
Manes.02G032685.v8.1,Manes.02G032685,,white,NA,gene
Manes.02G032800.v8.1,Manes.02G032800,(1 of 2) K14423 - 4;4-dimethyl-9beta;19-cyclopropylsterol-4alpha-methyl oxidase (SMO1),lightcyan,NA,gene
Manes.02G033500.v8.1,Manes.02G033500,(1 of 3) PTHR33593:SF2 - F5O11.5,black,NA,gene
Manes.02G034500.v8.1,Manes.02G034500,(1 of 56) PF14368 - Probable lipid transfer (LTP_2),black,NA,gene
Manes.02G034600.v8.1,Manes.02G034600,,black,NA,gene
Manes.02G034900.v8.1,Manes.02G034900,(1 of 4) PTHR31080:SF8 - F23N19.12,black,NA,gene
Manes.02G035300.v8.1,Manes.02G035300,(1 of 2) PTHR12000//PTHR12000:SF16 - HEMOGLOBINASE FAMILY MEMBER // SUBFAMILY NOT NAMED,lightcyan,NA,gene
Manes.02G042900.v8.1,Manes.02G042900,,lightcyan,NA,gene
Manes.02G044200.v8.1,Manes.02G044200,(1 of 2) PTHR23291:SF34 - BAX INHIBITOR 1,black,NA,gene
Manes.02G046700.v8.1,Manes.02G046700,(1 of 1) PTHR23076:SF54 - ATP-DEPENDENT ZINC METALLOPROTEASE FTSH 6; CHLOROPLASTIC,black,NA,gene
Manes.02G047100.v8.1,Manes.02G047100,(1 of 2) PTHR10759//PTHR10759:SF8 - 60S RIBOSOMAL PROTEIN L34 // SUBFAMILY NOT NAMED,black,NA,gene
Manes.02G048440.v8.1,Manes.02G048440,(1 of 3) PTHR33971//PTHR33971:SF1 - FAMILY NOT NAMED // GENOMIC DNA; CHROMOSOME 3; P1 CLONE:MRI12,lightcyan,NA,gene
Manes.02G050801.v8.1,Manes.02G050801,(1 of 3) 3.1.3.67 - Phosphatidylinositol-3;4;5-trisphosphate 3-phosphatase / Phosphatidylinositol-3;4;5-trisphosphate 3-phosphohydrolase,white,NA,gene
Manes.02G053300.v8.1,Manes.02G053300,,bisque4,NA,gene
Manes.02G056800.v8.1,Manes.02G056800,,plum3,NA,gene
Manes.02G056900.v8.1,Manes.02G056900,,black,NA,gene
Manes.02G057100.v8.1,Manes.02G057100,,plum3,NA,gene
Manes.02G063850.v8.1,Manes.02G063850,,lightcyan,NA,gene
Manes.02G064600.v8.1,Manes.02G064600,(1 of 1) PTHR31050//PTHR31050:SF0 - FAMILY NOT NAMED // T25B24.5 PROTEIN,black,NA,gene
Manes.02G066800.v8.1,Manes.02G066800,(1 of 2) PTHR31169//PTHR31169:SF1 - FAMILY NOT NAMED // ZINC-FINGER DOMAIN OF MONOAMINE-OXIDASE A REPRESSOR R1 PROTEIN,skyblue4,NA,gene
Manes.02G068800.v8.1,Manes.02G068800,(1 of 4) PTHR12565//PTHR12565:SF128 - STEROL REGULATORY ELEMENT-BINDING PROTEIN // TRANSCRIPTION FACTOR BHLH75,black,NA,gene
Manes.02G069300.v8.1,Manes.02G069300,(1 of 1) K15441 - tRNA-specific adenosine deaminase 2 [EC:3.5.4.-] (TAD2; ADAT2),bisque4,NA,gene
Manes.02G069700.v8.1,Manes.02G069700,(1 of 2) PTHR17224:SF3 - CHLOROPLASTIC GROUP IIB INTRON SPLICING FACILITATOR CRS2-A; CHLOROPLASTIC-RELATED,lightcyan,NA,gene
Manes.02G070200.v8.1,Manes.02G070200,(1 of 8) PTHR27009:SF21 - PR5-LIKE RECEPTOR KINASE-RELATED,lavenderblush2,NA,gene
Manes.02G072000.v8.1,Manes.02G072000,,black,NA,gene
Manes.02G073100.v8.1,Manes.02G073100,,black,NA,gene
Manes.02G073300.v8.1,Manes.02G073300,(1 of 5) PTHR23012//PTHR23012:SF89 - MEMBRANE ASSOCIATED RING FINGER // SUBFAMILY NOT NAMED,bisque4,NA,gene
Manes.02G074200.v8.1,Manes.02G074200,(1 of 4) PTHR22814//PTHR22814:SF47 - COPPER TRANSPORT PROTEIN ATOX1-RELATED // SUBFAMILY NOT NAMED,plum3,NA,gene
Manes.02G076500.v8.1,Manes.02G076500,(1 of 3) KOG4467 - Uncharacterized conserved protein,black,NA,gene
Manes.02G077700.v8.1,Manes.02G077700,(1 of 2) PTHR32080//PTHR32080:SF5 - FAMILY NOT NAMED // CYSTEINE-RICH REPEAT SECRETORY PROTEIN 60,black,NA,gene
Manes.02G077900.v8.1,Manes.02G077900,(1 of 4) K01915 - glutamine synthetase (glnA; GLUL),bisque4,NA,gene
Manes.02G080300.v8.1,Manes.02G080300,(1 of 46) PF00582 - Universal stress protein family (Usp),black,NA,gene
Manes.02G082900.v8.1,Manes.02G082900,(1 of 5) PTHR23257//PTHR23257:SF541 - SERINE-THREONINE PROTEIN KINASE // SUBFAMILY NOT NAMED,lavenderblush2,NA,gene
Manes.02G087801.v8.1,Manes.02G087801,(1 of 4) PTHR12758//PTHR12758:SF20 - APOPTOSIS INHIBITOR 5-RELATED // PEPTIDASE-C1 DOMAIN-CONTAINING PROTEIN,black,NA,gene
Manes.02G093400.v8.1,Manes.02G093400,,bisque4,NA,gene
Manes.02G094100.v8.1,Manes.02G094100,(1 of 3) PTHR23500//PTHR23500:SF43 - FAMILY NOT NAMED // SUGAR TRANSPORTER ERD6-LIKE 4-RELATED,skyblue4,NA,gene
Manes.02G097200.v8.1,Manes.02G097200,(1 of 4) PTHR23070//PTHR23070:SF12 - BCS1 AAA-TYPE ATPASE // SUBFAMILY NOT NAMED,black,NA,gene
Manes.02G098700.v8.1,Manes.02G098700,(1 of 1) PTHR10992//PTHR10992:SF804 - ALPHA/BETA HYDROLASE FOLD-CONTAINING PROTEIN // SUBFAMILY NOT NAMED,black,NA,gene
Manes.02G099300.v8.1,Manes.02G099300,(1 of 1) PTHR11727//PTHR11727:SF12 - DIMETHYLADENOSINE TRANSFERASE // DIMETHYLADENOSINE TRANSFERASE-LIKE PROTEIN,bisque4,NA,gene
Manes.02G099500.v8.1,Manes.02G099500,(1 of 2) PTHR10071//PTHR10071:SF163 - TRANSCRIPTION FACTOR GATA  GATA BINDING FACTOR // GATA TRANSCRIPTION FACTOR 14-RELATED,black,NA,gene
Manes.02G099800.v8.1,Manes.02G099800,(1 of 62) PF00892 - EamA-like transporter family (EamA),bisque4,NA,gene
Manes.02G101501.v8.1,Manes.02G101501,,black,NA,gene
Manes.02G106800.v8.1,Manes.02G106800,(1 of 2) K02150 - V-type H+-transporting ATPase subunit E (ATPeV1E; ATP6E),skyblue4,NA,gene
Manes.02G107000.v8.1,Manes.02G107000,(1 of 86) PTHR23155//PTHR23155:SF563 - LEUCINE-RICH REPEAT-CONTAINING PROTEIN // SUBFAMILY NOT NAMED,white,NA,gene
Manes.02G111300.v8.1,Manes.02G111300,(1 of 2) PTHR11106//PTHR11106:SF58 - GANGLIOSIDE INDUCED DIFFERENTIATION ASSOCIATED PROTEIN 2-RELATED // SUBFAMILY NOT NAMED,lightcyan,NA,gene
Manes.02G114000.v8.1,Manes.02G114000,(1 of 1) PTHR10241//PTHR10241:SF27 - LETHAL 2  GIANT LARVAE PROTEIN // DUO1-ACTIVATED WD40 1,black,NA,gene
Manes.02G115000.v8.1,Manes.02G115000,(1 of 2) PTHR13832:SF304 - PROTEIN PHOSPHATASE 2C 47-RELATED,lightcyan,NA,gene
Manes.02G117425.v8.1,Manes.02G117425,(1 of 2) PTHR31669//PTHR31669:SF54 - FAMILY NOT NAMED // PROTEIN FAR1-RELATED SEQUENCE 5,lightcyan,NA,gene
Manes.02G117704.v8.1,Manes.02G117704,,black,NA,gene
Manes.02G118300.v8.1,Manes.02G118300,(1 of 3) PTHR19139//PTHR19139:SF30 - AQUAPORIN TRANSPORTER // AQUAPORIN TIP3-1-RELATED,black,NA,gene
Manes.02G121100.v8.1,Manes.02G121100,(1 of 1) PTHR11662//PTHR11662:SF312 - SODIUM-DEPENDENT PHOSPHATE TRANSPORTERS // SUBFAMILY NOT NAMED,black,NA,gene
Manes.02G122000.v8.1,Manes.02G122000,(1 of 3) PTHR23500:SF91 - SUGAR TRANSPORT PROTEIN 2,lightcyan,NA,gene
Manes.02G122500.v8.1,Manes.02G122500,(1 of 1) PTHR11468:SF4 - ALPHA-GLUCAN PHOSPHORYLASE 2; CYTOSOLIC,black,carb,gene
Manes.02G122600.v8.1,Manes.02G122600,(1 of 2) K12872 - pre-mRNA-splicing factor RBM22/SLT11 (RBM22; SLT11),lightcyan,NA,gene
Manes.02G123000.v8.1,Manes.02G123000,(1 of 2) K04802 - proliferating cell nuclear antigen (PCNA),lightcyan,NA,gene
Manes.02G126000.v8.1,Manes.02G126000,(1 of 9) PTHR11260//PTHR11260:SF303 - GLUTATHIONE S-TRANSFERASE; GST; SUPERFAMILY; GST DOMAIN CONTAINING // GLUTATHIONE S-TRANSFERASE U1-RELATED,black,NA,gene
Manes.02G126300.v8.1,Manes.02G126300,(1 of 9) PTHR11260:SF303 - GLUTATHIONE S-TRANSFERASE U1-RELATED,white,NA,gene
Manes.02G130900.v8.1,Manes.02G130900,(1 of 4) PTHR31636//PTHR31636:SF46 - FAMILY NOT NAMED // SCARECROW-LIKE PROTEIN 11-RELATED,black,NA,gene
Manes.02G134700.v8.1,Manes.02G134700,(1 of 1) PTHR11413//PTHR11413:SF50 - CYSTATIN FAMILY MEMBER // SUBFAMILY NOT NAMED,black,NA,gene
Manes.02G139500.v8.1,Manes.02G139500,(1 of 1) PTHR19241//PTHR19241:SF158 - ATP-BINDING CASSETTE TRANSPORTER // ABC TRANSPORTER G FAMILY MEMBER 23,lavenderblush2,NA,gene
Manes.02G140700.v8.1,Manes.02G140700,(1 of 4) PTHR22870//PTHR22870:SF219 - REGULATOR OF CHROMOSOME CONDENSATION // REGULATOR OF CHROMOSOME CONDENSATION (RCC1) FAMILY PROTEIN-RELATED,white,NA,gene
Manes.02G145600.v8.1,Manes.02G145600,(1 of 2) PTHR31100:SF1 - AT-HOOK MOTIF NUCLEAR LOCALIZED PROTEIN 17-RELATED,black,NA,gene
Manes.02G151900.v8.1,Manes.02G151900,(1 of 4) PTHR18860:SF12 - 14-3-3-LIKE PROTEIN GF14 IOTA,lightcyan,NA,gene
Manes.02G152200.v8.1,Manes.02G152200,(1 of 5) PTHR13832//PTHR13832:SF314 - PROTEIN PHOSPHATASE 2C // PROTEIN PHOSPHATASE 2C 10-RELATED,white,NA,gene
Manes.02G153400.v8.1,Manes.02G153400,(1 of 46) PF05678 - VQ motif (VQ),lightcyan,NA,gene
Manes.02G155100.v8.1,Manes.02G155100,(1 of 20) PF04570 - zinc-finger of the FCS-type; C2-C2 (zf-FLZ),black,NA,gene
Manes.02G157200.v8.1,Manes.02G157200,,black,NA,gene
Manes.02G160000.v8.1,Manes.02G160000,(1 of 2) K08866 - serine/threonine-protein kinase TTK/MPS1 (TTK; MPS1),black,NA,gene
Manes.02G160900.v8.1,Manes.02G160900,(1 of 28) PF00069//PF00954//PF01453 - Protein kinase domain (Pkinase) // S-locus glycoprotein domain (S_locus_glycop) // D-mannose binding lectin (B_lectin),plum3,NA,gene
Manes.02G161300.v8.1,Manes.02G161300,(1 of 1) KOG0231 - Junctional membrane complex protein Junctophilin and related MORN repeat proteins,lightcyan,NA,gene
Manes.02G164300.v8.1,Manes.02G164300,(1 of 1) PF14542 - GCN5-related N-acetyl-transferase (Acetyltransf_CG),lightcyan,NA,gene
Manes.02G165600.v8.1,Manes.02G165600,(1 of 1) 2.1.1.199 - 16S rRNA (cytosine(1402)-N(4))-methyltransferase,white,NA,gene
Manes.02G166900.v8.1,Manes.02G166900,(1 of 1) PTHR12383//PTHR12383:SF24 - PROTEASE FAMILY S26 MITOCHONDRIAL INNER MEMBRANE PROTEASE-RELATED // SUBFAMILY NOT NAMED,black,NA,gene
Manes.02G167000.v8.1,Manes.02G167000,(1 of 7) PTHR22950:SF205 - AMINO ACID PERMEASE 3-RELATED,plum3,NA,gene
Manes.02G167200.v8.1,Manes.02G167200,,bisque4,NA,gene
Manes.02G173300.v8.1,Manes.02G173300,(1 of 2) PTHR31636:SF10 - SCARECROW-LIKE PROTEIN 1,bisque4,NA,gene
Manes.02G175700.v8.1,Manes.02G175700,(1 of 15) PF04720 - PDDEXK-like family of unknown function (PDDEXK_6),black,NA,gene
Manes.02G176600.v8.1,Manes.02G176600,(1 of 2) PTHR33143:SF6 - F16F4.1 PROTEIN-RELATED,bisque4,NA,gene
Manes.02G177900.v8.1,Manes.02G177900,(1 of 2) K01590 - histidine decarboxylase (hdc; HDC),black,NA,gene
Manes.02G179300.v8.1,Manes.02G179300,(1 of 62) PF00892 - EamA-like transporter family (EamA),bisque4,NA,gene
Manes.02G181000.v8.1,Manes.02G181000,(1 of 3) PF02496 - ABA/WDS induced protein (ABA_WDS),plum3,NA,gene
Manes.02G181100.v8.1,Manes.02G181100,(1 of 3) 2.4.1.29 - Cellulose synthase (GDP-forming) / GDP-glucose-cellulose glucosyltransferase,black,NA,gene
Manes.02G181900.v8.1,Manes.02G181900,(1 of 2) K10807 - ribonucleoside-diphosphate reductase subunit M1 (RRM1),black,NA,gene
Manes.02G187600.v8.1,Manes.02G187600,(1 of 2) PTHR12161//PTHR12161:SF21 - UNCHARACTERIZED DUF292 // REGULATOR OF VPS4 ACTIVITY IN THE MVB PATHWAY PROTEIN,black,NA,gene
Manes.02G188100.v8.1,Manes.02G188100,(1 of 1) PTHR11910:SF7 - F-TYPE H+-TRANSPORTING ATPASE SUBUNIT DELTA,black,NA,gene
Manes.02G188000.v8.1,Manes.02G188000,(1 of 3) KOG0296 - Angio-associated migratory cell protein (contains WD40 repeats),white,NA,gene
Manes.02G188300.v8.1,Manes.02G188300,(1 of 1) PTHR13068//PTHR13068:SF8 - CGI-12 PROTEIN-RELATED // EXPRESSED PROTEIN,white,NA,gene
Manes.02G192400.v8.1,Manes.02G192400,(1 of 2) PTHR19241//PTHR19241:SF225 - ATP-BINDING CASSETTE TRANSPORTER // ABC TRANSPORTER G FAMILY MEMBER 25,lightcyan,NA,gene
Manes.02G199700.v8.1,Manes.02G199700,(1 of 1) PTHR10996:SF108 - D-ISOMER SPECIFIC 2-HYDROXYACID DEHYDROGENASE-LIKE PROTEIN,black,NA,gene
Manes.02G202900.v8.1,Manes.02G202900,(1 of 8) 1.6.5.9 - NADH:ubiquinone reductase (non-electrogenic) / Ubiquinone reductase,black,NA,gene
Manes.02G206150.v8.1,Manes.02G206150,(1 of 13) PF00931//PF07725//PF13676 - NB-ARC domain (NB-ARC) // Leucine Rich Repeat (LRR_3) // TIR domain (TIR_2),black,NA,gene
Manes.02G218100.v8.1,Manes.02G218100,(1 of 1) PTHR32370:SF17 - ROOT PHOTOTROPISM PROTEIN 2,black,NA,gene
Manes.02G217700.v8.1,Manes.02G217700,(1 of 3) K02866 - large subunit ribosomal protein L10e (RP-L10e; RPL10),bisque4,NA,gene
Manes.02G220100.v8.1,Manes.02G220100,(1 of 1) PTHR13734//PTHR13734:SF42 - TRNA-NUCLEOTIDYLTRANSFERASE/POLY A  POLYMERASE FAMILY MEMBER // SUBFAMILY NOT NAMED,lavenderblush2,NA,gene
Manes.02G223600.v8.1,Manes.02G223600,(1 of 4) KOG2358 - NifU-like domain-containing proteins,lavenderblush2,NA,gene
Manes.03G003400.v8.1,Manes.03G003400,(1 of 2) K09613 - COP9 signalosome complex subunit 5 [EC:3.4.-.-] (COPS5; CSN5),skyblue4,NA,gene
Manes.03G005300.v8.1,Manes.03G005300,(1 of 1) PTHR11132//PTHR11132:SF47 - SOLUTE CARRIER FAMILY 35 // SUBFAMILY NOT NAMED,black,NA,gene
Manes.03G006900.v8.1,Manes.03G006900,(1 of 1) PTHR11566//PTHR11566:SF84 - DYNAMIN // SUBFAMILY NOT NAMED,black,NA,gene
Manes.03G007100.v8.1,Manes.03G007100,(1 of 3) 2.4.1.46 - Monogalactosyldiacylglycerol synthase / Uridine diphosphogalactose-1;2-diacylglycerol galactosyltransferase,lightcyan,NA,gene
Manes.03G007500.v8.1,Manes.03G007500,(1 of 2) K12842 - U2-associated protein SR140 (SR140),black,NA,gene
Manes.03G010900.v8.1,Manes.03G010900,(1 of 2) PTHR12378//PTHR12378:SF12 - UNCHARACTERIZED // EXPRESSED PROTEIN,white,NA,gene
Manes.03G011000.v8.1,Manes.03G011000,(1 of 5) PTHR31194:SF4 - ETHYLENE-RESPONSIVE TRANSCRIPTION FACTOR ERF003,lightcyan,NA,gene
Manes.03G013000.v8.1,Manes.03G013000,(1 of 4) K15289 - solute carrier family 35; member F5 (SLC35F5),black,NA,gene
Manes.03G015700.v8.1,Manes.03G015700,(1 of 1) PTHR21011//PTHR21011:SF5 - MITOCHONDRIAL 28S RIBOSOMAL PROTEIN S6 // GENOMIC DNA; CHROMOSOME 3; P1 CLONE: MVE11,black,NA,gene
Manes.03G018700.v8.1,Manes.03G018700,(1 of 1) PTHR19241//PTHR19241:SF274 - ATP-BINDING CASSETTE TRANSPORTER // SUBFAMILY NOT NAMED,bisque4,NA,gene
Manes.03G021100.v8.1,Manes.03G021100,(1 of 32) PF00083 - Sugar (and other) transporter (Sugar_tr),black,NA,gene
Manes.03G026000.v8.1,Manes.03G026000,(1 of 2) PTHR10209:SF146 - 2-OXOGLUTARATE (2OG) AND FE(II)-DEPENDENT OXYGENASE SUPERFAMILY PROTEIN-RELATED,lightcyan,NA,gene
Manes.03G028900.v8.1,Manes.03G028900,(1 of 2) PTHR31079//PTHR31079:SF3 - FAMILY NOT NAMED // NAC DOMAIN CONTAINING PROTEIN 75-RELATED,black,NA,gene
Manes.03G029300.v8.1,Manes.03G029300,(1 of 4) PTHR13697:SF7 - 6-PHOSPHOFRUCTOKINASE 1-RELATED,bisque4,carb,gene
Manes.03G030300.v8.1,Manes.03G030300,(1 of 3) K02910 - large subunit ribosomal protein L31e (RP-L31e; RPL31),black,NA,gene
Manes.03G032600.v8.1,Manes.03G032600,(1 of 2) PTHR32191:SF0 - TETRASPANIN-2,black,NA,gene
Manes.03G035200.v8.1,Manes.03G035200,(1 of 4) K03553 - recombination protein RecA (recA),white,NA,gene
Manes.03G037900.v8.1,Manes.03G037900,(1 of 1) PTHR22870//PTHR22870:SF166//PTHR22870:SF219 - REGULATOR OF CHROMOSOME CONDENSATION // PROTEIN RCC2 // REGULATOR OF CHROMOSOME CONDENSATION (RCC1) FAMILY PROTEIN-RELATED,lightcyan,NA,gene
Manes.03G038100.v8.1,Manes.03G038100,(1 of 4) K12191 - charged multivesicular body protein 2A (CHMP2A),black,NA,gene
Manes.03G039100.v8.1,Manes.03G039100,(1 of 2) PTHR24282//PTHR24282:SF29 - CYTOCHROME P450 FAMILY MEMBER // CYTOCHROME P450 72C1,plum3,NA,gene
Manes.03G042600.v8.1,Manes.03G042600,(1 of 20) PF04570 - zinc-finger of the FCS-type; C2-C2 (zf-FLZ),black,NA,gene
Manes.03G045000.v8.1,Manes.03G045000,(1 of 4) KOG1843 - Uncharacterized conserved protein,white,NA,gene
Manes.03G045200.v8.1,Manes.03G045200,(1 of 5) K11975 - E3 ubiquitin-protein ligase RNF144 [EC:6.3.2.19] (RNF144),black,NA,gene
Manes.03G045500.v8.1,Manes.03G045500,(1 of 1) K04482 - DNA repair protein RAD51 (RAD51),lightcyan,NA,gene
Manes.03G048300.v8.1,Manes.03G048300,(1 of 25) PF07714//PF08263//PF13855 - Protein tyrosine kinase (Pkinase_Tyr) // Leucine rich repeat N-terminal domain (LRRNT_2) // Leucine rich repeat (LRR_8),black,NA,gene
Manes.03G052800.v8.1,Manes.03G052800,(1 of 7) PTHR10641:SF459 - TRANSCRIPTION FACTOR TT2,black,NA,gene
Manes.03G055200.v8.1,Manes.03G055200,(1 of 3) PTHR33077:SF5 - PROTEIN TIFY 3A-RELATED,white,NA,gene
Manes.03G055400.v8.1,Manes.03G055400,(1 of 2) PTHR32133//PTHR32133:SF124 - FAMILY NOT NAMED // F-BOX ONLY PROTEIN 13,black,NA,gene
Manes.03G058100.v8.1,Manes.03G058100,(1 of 39) K01188 - beta-glucosidase (E3.2.1.21),bisque4,NA,gene
Manes.03G060100.v8.1,Manes.03G060100,(1 of 1) PTHR10055//PTHR10055:SF9 - TRYPTOPHANYL-TRNA SYNTHETASE // PROTEIN OVULE ABORTION 4,bisque4,NA,gene
Manes.03G061400.v8.1,Manes.03G061400,(1 of 5) 4.1.3.38 - Aminodeoxychorismate lyase / Enzyme X,white,NA,gene
Manes.03G066340.v8.1,Manes.03G066340,(1 of 1) K02349 - DNA polymerase theta [EC:2.7.7.7] (POLQ),lavenderblush2,NA,gene
Manes.03G068582.v8.1,Manes.03G068582,(1 of 2) PTHR33102//PTHR33102:SF12 - FAMILY NOT NAMED // DVL10,black,NA,gene
Manes.03G068700.v8.1,Manes.03G068700,(1 of 28) PF04398 - Protein of unknown function; DUF538 (DUF538),lightcyan,NA,gene
Manes.03G069800.v8.1,Manes.03G069800,(1 of 2) PTHR27000//PTHR27000:SF121 - FAMILY NOT NAMED // LEUCINE-RICH REPEAT RECEPTOR-LIKE SERINE/THREONINE-PROTEIN KINASE BAM3,plum3,NA,gene
Manes.03G073800.v8.1,Manes.03G073800,(1 of 1) K01047 - secretory phospholipase A2 (PLA2G; SPLA2),black,NA,gene
Manes.03G074800.v8.1,Manes.03G074800,(1 of 5) 3.6.3.54 - Cu(+) exporting ATPase,lightcyan,NA,gene
Manes.03G074000.v8.1,Manes.03G074000,(1 of 1) 2.7.7.23//2.7.7.83 - UDP-N-acetylglucosamine diphosphorylase / UDP-N-acetylglucosamine pyrophosphorylase // UDP-N-acetylgalactosamine diphosphorylase,white,NA,gene
Manes.03G075600.v8.1,Manes.03G075600,(1 of 5) PTHR11040//PTHR11040:SF59 - ZINC/IRON TRANSPORTER // SUBFAMILY NOT NAMED,black,NA,gene
Manes.03G082162.v8.1,Manes.03G082162,(1 of 16) K01537 - Ca2+-transporting ATPase (E3.6.3.8),black,NA,gene
Manes.03G081362.v8.1,Manes.03G081362,(1 of 1) K14696 - solute carrier family 30 (zinc transporter); member 9 (SLC30A9; ZNT9),lightcyan,NA,gene
Manes.03G096800.v8.1,Manes.03G096800,(1 of 3) 3.5.1.14 - N-acyl-aliphatic-L-amino acid amidohydrolase / N-acyl-L-amino-acid amidohydrolase,bisque4,NA,gene
Manes.03G096516.v8.1,Manes.03G096516,,lightcyan,NA,gene
Manes.03G098333.v8.1,Manes.03G098333,(1 of 3) PTHR10527//PTHR10527:SF29 - IMPORTIN BETA // SUBFAMILY NOT NAMED,plum3,NA,gene
Manes.03G088200.v8.1,Manes.03G088200,(1 of 28) PF04398 - Protein of unknown function; DUF538 (DUF538),skyblue4,NA,gene
Manes.03G089100.v8.1,Manes.03G089100,(1 of 1) PTHR10629:SF28 - DNA (CYTOSINE-5)-METHYLTRANSFERASE CMT3,plum3,NA,gene
Manes.03G089300.v8.1,Manes.03G089300,(1 of 3) 1.14.13.39 - Nitric-oxide synthase (NADPH) / NO synthase,black,NA,gene
Manes.03G083900.v8.1,Manes.03G083900,(1 of 1) K14066 - geranyl diphosphate synthase (GPS),lavenderblush2,carot,gene
Manes.03G078500.v8.1,Manes.03G078500,(1 of 1) PTHR33405//PTHR33405:SF6 - FAMILY NOT NAMED // PROTEIN FLX-LIKE 1,black,NA,gene
Manes.03G079200.v8.1,Manes.03G079200,(1 of 1) PTHR23272//PTHR23272:SF13 - BED FINGER-RELATED // SUBFAMILY NOT NAMED,black,NA,gene
Manes.03G092700.v8.1,Manes.03G092700,(1 of 3) KOG4491 - Predicted membrane protein,lightcyan,NA,gene
Manes.03G092500.v8.1,Manes.03G092500,(1 of 1) PTHR32285:SF58 - PROTEIN TRICHOME BIREFRINGENCE-LIKE 41,black,NA,gene
Manes.03G100000.v8.1,Manes.03G100000,(1 of 11) PF04859 - Plant protein of unknown function (DUF641) (DUF641),black,NA,gene
Manes.03G101700.v8.1,Manes.03G101700,(1 of 2) PTHR31165//PTHR31165:SF9 - FAMILY NOT NAMED // PROTEIN LIGHT-DEPENDENT SHORT HYPOCOTYLS 7-RELATED,lightcyan,NA,gene
Manes.03G102000.v8.1,Manes.03G102000,(1 of 1) K03846 - alpha-1;2-mannosyltransferase (ALG9),black,NA,gene
Manes.03G103200.v8.1,Manes.03G103200,(1 of 6) K00026 - malate dehydrogenase (MDH2),bisque4,carb,gene
Manes.03G104300.v8.1,Manes.03G104300,(1 of 4) KOG3214 - Uncharacterized Zn ribbon-containing protein,black,NA,gene
Manes.03G109100.v8.1,Manes.03G109100,(1 of 2) PTHR11206:SF78 - MATE EFFLUX FAMILY PROTEIN ALF5-RELATED,bisque4,NA,gene
Manes.03G111200.v8.1,Manes.03G111200,(1 of 1) PTHR11926//PTHR11926:SF366 - GLUCOSYL/GLUCURONOSYL TRANSFERASES // SUBFAMILY NOT NAMED,black,NA,gene
Manes.03G112900.v8.1,Manes.03G112900,(1 of 49) PF00560//PF13855 - Leucine Rich Repeat (LRR_1) // Leucine rich repeat (LRR_8),lightcyan,NA,gene
Manes.03G115300.v8.1,Manes.03G115300,(1 of 49) PF00407 - Pathogenesis-related protein Bet v I family (Bet_v_1),black,NA,gene
Manes.03G125450.v8.1,Manes.03G125450,,plum3,NA,gene
Manes.03G137106.v8.1,Manes.03G137106,(1 of 7) K12160 - small ubiquitin-related modifier (SUMO; SMT3),lightcyan,NA,gene
Manes.03G136600.v8.1,Manes.03G136600,(1 of 1) PTHR30560:SF3 - TRIGGER FACTOR-LIKE PROTEIN TIG,white,NA,gene
Manes.03G135800.v8.1,Manes.03G135800,(1 of 2) K15423 - serine/threonine-protein phosphatase 4 catalytic subunit (PPP4C),lightcyan,NA,gene
Manes.03G140301.v8.1,Manes.03G140301,(1 of 3) PTHR34947:SF2 - GENOMIC DNA; CHROMOSOME 3; P1 CLONE:MJG19,black,NA,gene
Manes.03G141900.v8.1,Manes.03G141900,(1 of 2) K01148 - poly(A)-specific ribonuclease (PARN),white,NA,gene
Manes.03G142000.v8.1,Manes.03G142000,(1 of 13) PF05627 - Cleavage site for pathogenic type III effector avirulence factor Avr (AvrRpt-cleavage),white,NA,gene
Manes.03G146500.v8.1,Manes.03G146500,(1 of 1) PTHR22957//PTHR22957:SF329 - TBC1 DOMAIN FAMILY MEMBER GTPASE-ACTIVATING PROTEIN // SUBFAMILY NOT NAMED,black,NA,gene
Manes.03G150200.v8.1,Manes.03G150200,(1 of 2) 2.3.1.16 - Acetyl-CoA C-acyltransferase / Beta-ketothiolase,white,NA,gene
Manes.03G150400.v8.1,Manes.03G150400,(1 of 2) PTHR10543//PTHR10543:SF48 - BETA-CAROTENE DIOXYGENASE // 9-CIS-EPOXYCAROTENOID DIOXYGENASE NCED6; CHLOROPLASTIC,skyblue4,carot,gene
Manes.03G152100.v8.1,Manes.03G152100,(1 of 44) PF03140 - Plant protein of unknown function (DUF247),black,NA,gene
Manes.03G152200.v8.1,Manes.03G152200,(1 of 4) PTHR11732:SF14 - HYPERKINETIC; ISOFORM M,lavenderblush2,NA,gene
Manes.03G155100.v8.1,Manes.03G155100,(1 of 1) PTHR12966//PTHR12966:SF0 - NADH DEHYDROGENASE  UBIQUINONE  1 ALPHA SUBCOMPLEX SUBUNIT 13 // NADH DEHYDROGENASE [UBIQUINONE] 1 ALPHA SUBCOMPLEX SUBUNIT 13,black,NA,gene
Manes.03G158300.v8.1,Manes.03G158300,(1 of 4) PTHR31734:SF6 - AUXIN-RESPONSIVE PROTEIN IAA10-RELATED,black,NA,gene
Manes.03G160100.v8.1,Manes.03G160100,(1 of 2) PTHR35709//PTHR35709:SF1 - FAMILY NOT NAMED // PROTEIN PROTON GRADIENT REGULATION 5; CHLOROPLASTIC,white,NA,gene
Manes.03G160600.v8.1,Manes.03G160600,(1 of 11) K14411 - RNA-binding protein Musashi (MSI),lightcyan,NA,gene
Manes.03G162900.v8.1,Manes.03G162900,(1 of 2) K02875 - large subunit ribosomal protein L14e (RP-L14e; RPL14),black,NA,gene
Manes.03G170200.v8.1,Manes.03G170200,(1 of 1) K01303 - acylaminoacyl-peptidase [EC:3.4.19.1] (APEH),lavenderblush2,NA,gene
Manes.03G173100.v8.1,Manes.03G173100,(1 of 1) PTHR12895:SF9 - DYMECLIN,black,NA,gene
Manes.03G173700.v8.1,Manes.03G173700,(1 of 1) PTHR33428//PTHR33428:SF1 - FAMILY NOT NAMED // CHLOROPHYLLASE-2; CHLOROPLASTIC,black,NA,gene
Manes.03G177300.v8.1,Manes.03G177300,,black,NA,gene
Manes.03G182300.v8.1,Manes.03G182300,(1 of 2) PTHR22763:SF65 - E3 UBIQUITIN-PROTEIN LIGASE RHF1A,plum3,NA,gene
Manes.03G186900.v8.1,Manes.03G186900,(1 of 599) PF13041 - PPR repeat family (PPR_2),black,NA,gene
Manes.03G188200.v8.1,Manes.03G188200,(1 of 2) KOG1003//KOG4172 - Actin filament-coating protein tropomyosin // Predicted E3 ubiquitin ligase,white,NA,gene
Manes.03G193100.v8.1,Manes.03G193100,(1 of 2) PTHR10209//PTHR10209:SF169 - OXIDOREDUCTASE; 2OG-FE II  OXYGENASE FAMILY PROTEIN // SUBFAMILY NOT NAMED,lightcyan,NA,gene
Manes.03G194800.v8.1,Manes.03G194800,(1 of 5) PTHR33136:SF5 - PROTEIN RALF-LIKE 1-RELATED,black,NA,gene
Manes.03G199300.v8.1,Manes.03G199300,(1 of 47) K09286 - EREBP-like factor (EREBP),black,NA,gene
Manes.03G201200.v8.1,Manes.03G201200,(1 of 2) PTHR35487//PTHR35487:SF1 - FAMILY NOT NAMED // F3E22.11 PROTEIN,plum3,NA,gene
Manes.03G201600.v8.1,Manes.03G201600,(1 of 2) PTHR21726:SF29 - F1O19.10 PROTEIN,plum3,NA,gene
Manes.03G202100.v8.1,Manes.03G202100,(1 of 599) PF13041 - PPR repeat family (PPR_2),lightcyan,NA,gene
Manes.03G203400.v8.1,Manes.03G203400,(1 of 2) K10578 - ubiquitin-conjugating enzyme E2 J1 (UBE2J1; NCUBE1; UBC6),lightcyan,NA,gene
Manes.03G205700.v8.1,Manes.03G205700,(1 of 2) PTHR13832:SF325 - PROTEIN PHOSPHATASE 2C 42-RELATED,lightcyan,NA,gene
Manes.03G206101.v8.1,Manes.03G206101,,skyblue4,NA,gene
Manes.03G206400.v8.1,Manes.03G206400,(1 of 2) PTHR31221//PTHR31221:SF13 - FAMILY NOT NAMED // WRKY TRANSCRIPTION FACTOR 48-RELATED,black,NA,gene
Manes.03G207600.v8.1,Manes.03G207600,(1 of 5) PF13668 - Ferritin-like domain (Ferritin_2),black,NA,gene
Manes.04G000400.v8.1,Manes.04G000400,(1 of 4) K06620 - transcription factor E2F3 (E2F3),black,NA,gene
Manes.04G001400.v8.1,Manes.04G001400,,black,NA,gene
Manes.04G001800.v8.1,Manes.04G001800,(1 of 2) PTHR21136//PTHR21136:SF101 - SNARE PROTEINS // VESICLE-ASSOCIATED MEMBRANE PROTEIN 714,skyblue4,NA,gene
Manes.04G002500.v8.1,Manes.04G002500,,skyblue4,NA,gene
Manes.04G002800.v8.1,Manes.04G002800,(1 of 1) K12251 - N-carbamoylputrescine amidase (aguB),lavenderblush2,NA,gene
Manes.04G008000.v8.1,Manes.04G008000,(1 of 15) PF05910 - Plant protein of unknown function (DUF868) (DUF868),lightcyan,NA,gene
Manes.04G008200.v8.1,Manes.04G008200,(1 of 2) PTHR11119:SF28 - NUCLEOBASE-ASCORBATE TRANSPORTER 12,lightcyan,NA,gene
Manes.04G009800.v8.1,Manes.04G009800,(1 of 1) PTHR22950:SF319 - GABA TRANSPORTER 1,bisque4,NA,gene
Manes.04G009900.v8.1,Manes.04G009900,(1 of 41) PF03479 - Domain of unknown function (DUF296) (DUF296),lavenderblush2,NA,gene
Manes.04G010800.v8.1,Manes.04G010800,(1 of 1) K15365 - RecQ-mediated genome instability protein 2 (RMI2),white,NA,gene
Manes.04G014300.v8.1,Manes.04G014300,(1 of 4) K16298 - serine carboxypeptidase-like clade IV [EC:3.4.16.-] (SCPL-IV),lightcyan,NA,gene
Manes.04G016700.v8.1,Manes.04G016700,(1 of 37) PF03634 - TCP family transcription factor (TCP),black,NA,gene
Manes.04G024500.v8.1,Manes.04G024500,(1 of 1) K03142 - transcription initiation factor TFIIH subunit 2 (TFIIH2; GTF2H2; SSL1),black,NA,gene
Manes.04G028300.v8.1,Manes.04G028300,(1 of 2) PTHR24115:SF515 - KINESIN MOTOR PROTEIN-RELATED PROTEIN-RELATED,plum3,NA,gene
Manes.04G029100.v8.1,Manes.04G029100,(1 of 2) K12605 - CCR4-NOT transcription complex subunit 2 (CNOT2; NOT2),lightcyan,NA,gene
Manes.04G032300.v8.1,Manes.04G032300,,black,NA,gene
Manes.04G034100.v8.1,Manes.04G034100,(1 of 8) PF05056 - Protein of unknown function (DUF674) (DUF674),black,NA,gene
Manes.04G034200.v8.1,Manes.04G034200,(1 of 2) PTHR24128:SF14 - E3 UBIQUITIN-PROTEIN LIGASE XBAT31-RELATED,lavenderblush2,NA,gene
Manes.04G038600.v8.1,Manes.04G038600,(1 of 1) PTHR10366//PTHR10366:SF386 - NAD DEPENDENT EPIMERASE/DEHYDRATASE // 3BETA-HYDROXYSTEROID-DEHYDROGENASE/DECARBOXYLASE ISOFORM 3,lavenderblush2,NA,gene
Manes.04G046000.v8.1,Manes.04G046000,(1 of 6) PF00630 - Filamin/ABP280 repeat (Filamin),bisque4,NA,gene
Manes.04G048800.v8.1,Manes.04G048800,,black,NA,gene
Manes.04G063200.v8.1,Manes.04G063200,(1 of 1) PTHR24115//PTHR24115:SF388 - FAMILY NOT NAMED // KINESIN FAMILY MEMBER C1,plum3,NA,gene
Manes.04G067300.v8.1,Manes.04G067300,(1 of 1) PTHR34555//PTHR34555:SF1 - FAMILY NOT NAMED // INTEGRAL MEMBRANE PROTEIN HEMOLYSIN-III LIKE PROTEIN,lightcyan,NA,gene
Manes.04G064801.v8.1,Manes.04G064801,,black,NA,gene
Manes.04G068800.v8.1,Manes.04G068800,(1 of 1) PTHR11709//PTHR11709:SF64 - MULTI-COPPER OXIDASE // MULTI-COPPER OXIDASE TYPE I FAMILY PROTEIN-RELATED,black,NA,gene
Manes.04G071100.v8.1,Manes.04G071100,(1 of 1) PTHR12956//PTHR12956:SF22 - ALKALINE CERAMIDASE-RELATED // SUBFAMILY NOT NAMED,white,NA,gene
Manes.04G071600.v8.1,Manes.04G071600,(1 of 1) K13091 - RNA-binding protein 39 (RBM39; RNPC2),lavenderblush2,NA,gene
Manes.04G076400.v8.1,Manes.04G076400,(1 of 3) K10727 - chromatin licensing and DNA replication factor 1 (CDT1),black,NA,gene
Manes.04G075700.v8.1,Manes.04G075700,(1 of 6) PTHR24072:SF171 - RAC-LIKE GTP-BINDING PROTEIN ARAC4-RELATED,white,NA,gene
Manes.04G074700.v8.1,Manes.04G074700,(1 of 4) PF06911 - Senescence-associated protein (Senescence),black,NA,gene
Manes.04G072700.v8.1,Manes.04G072700,(1 of 1) PTHR31048//PTHR31048:SF40 - FAMILY NOT NAMED // PATHOGENESIS-RELATED THAUMATIN-LIKE PROTEIN,black,NA,gene
Manes.04G081500.v8.1,Manes.04G081500,(1 of 91) K14488 - SAUR family protein (SAUR),black,NA,gene
Manes.04G087332.v8.1,Manes.04G087332,(1 of 2) PTHR24078//PTHR24078:SF219 - DNAJ HOMOLOG SUBFAMILY C MEMBER // DNAJ HEAT SHOCK N-TERMINAL DOMAIN-CONTAINING PROTEIN,bisque4,NA,gene
Manes.04G074231.v8.1,Manes.04G074231,(1 of 4) 2.1.1.159 - Theobromine synthase / MXMT,bisque4,NA,gene
Manes.04G090300.v8.1,Manes.04G090300,,lightcyan,NA,gene
Manes.04G091700.v8.1,Manes.04G091700,(1 of 4) K00654 - serine palmitoyltransferase (SPT),bisque4,NA,gene
Manes.04G094400.v8.1,Manes.04G094400,(1 of 2) PF00098//PF06839 - Zinc knuckle (zf-CCHC) // GRF zinc finger (zf-GRF),black,NA,gene
Manes.04G097700.v8.1,Manes.04G097700,(1 of 7) PTHR11685//PTHR11685:SF149 - RBR FAMILY  RING FINGER AND IBR DOMAIN-CONTAINING // SUBFAMILY NOT NAMED,lightcyan,NA,gene
Manes.04G101100.v8.1,Manes.04G101100,(1 of 1) PTHR13683//PTHR13683:SF263 - ASPARTYL PROTEASES // SUBFAMILY NOT NAMED,lavenderblush2,NA,gene
Manes.04G104200.v8.1,Manes.04G104200,(1 of 1) K15326 - tRNA-splicing endonuclease subunit Sen54 (TSEN54),lightcyan,NA,gene
Manes.04G124200.v8.1,Manes.04G124200,(1 of 4) PF02798//PF14497 - Glutathione S-transferase; N-terminal domain (GST_N) // Glutathione S-transferase; C-terminal domain (GST_C_3),black,NA,gene
Manes.04G124300.v8.1,Manes.04G124300,(1 of 14) PTHR11260//PTHR11260:SF317 - GLUTATHIONE S-TRANSFERASE; GST; SUPERFAMILY; GST DOMAIN CONTAINING // SUBFAMILY NOT NAMED,black,NA,gene
Manes.04G124400.v8.1,Manes.04G124400,(1 of 3) PTHR12161//PTHR12161:SF14 - UNCHARACTERIZED DUF292 // REGULATOR OF VPS4,black,NA,gene
Manes.04G131200.v8.1,Manes.04G131200,,white,NA,gene
Manes.04G135400.v8.1,Manes.04G135400,(1 of 166) PF00646 - F-box domain (F-box),lightcyan,NA,gene
Manes.04G136600.v8.1,Manes.04G136600,(1 of 2) K12125 - protein EARLY FLOWERING 3 (ELF3),black,NA,gene
Manes.04G136700.v8.1,Manes.04G136700,(1 of 3) PTHR31042:SF24 - CORE-2/I-BRANCHING BETA-1;6-N-ACETYLGLUCOSAMINYLTRANSFERASE FAMILY PROTEIN,white,NA,gene
Manes.04G141400.v8.1,Manes.04G141400,(1 of 18) PF12023 - Domain of unknown function (DUF3511) (DUF3511),black,NA,gene
Manes.04G141500.v8.1,Manes.04G141500,(1 of 5) K03257 - translation initiation factor 4A (EIF4A),black,NA,gene
Manes.04G142400.v8.1,Manes.04G142400,(1 of 43) PF05553 - Cotton fibre expressed protein (DUF761),bisque4,NA,gene
Manes.04G147700.v8.1,Manes.04G147700,(1 of 2) PTHR12542//PTHR12542:SF27 - EXOCYST COMPLEX PROTEIN EXO70 // EXOCYST SUBUNIT EXO70 FAMILY PROTEIN D3-RELATED,white,NA,gene
Manes.04G149500.v8.1,Manes.04G149500,(1 of 2) PTHR11200//PTHR11200:SF122 - INOSITOL 5-PHOSPHATASE // PHOSPHOINOSITIDE PHOSPHATASE SAC3-RELATED,black,NA,gene
Manes.04G151300.v8.1,Manes.04G151300,(1 of 2) K04554 - ubiquitin-conjugating enzyme E2 J2 (UBE2J2; NCUBE2; UBC6),black,NA,gene
Manes.04G155400.v8.1,Manes.04G155400,(1 of 2) PTHR11413//PTHR11413:SF55 - CYSTATIN FAMILY MEMBER // CYSTEINE PROTEINASE INHIBITOR 6,black,NA,gene
Manes.04G157300.v8.1,Manes.04G157300,(1 of 1) K10734 - GINS complex subunit 3 (GINS3),lightcyan,NA,gene
Manes.04G158100.v8.1,Manes.04G158100,(1 of 1) PTHR10438:SF276 - THIOREDOXIN-LIKE PROTEIN CITRX; CHLOROPLASTIC,bisque4,NA,gene
Manes.04G160600.v8.1,Manes.04G160600,(1 of 3) PTHR22838//PTHR22838:SF3 - WD REPEAT PROTEIN 26-RELATED // WD-REPEAT PROTEIN-LIKE,lavenderblush2,NA,gene
Manes.04G162000.v8.1,Manes.04G162000,(1 of 1) PTHR10799//PTHR10799:SF777 - SWI/SNF-RELATED MATRIX-ASSOCIATED ACTIN-DEPENDENT REGULATOR OF CHROMATIN SUBFAMILY-RELATED // DNA-BINDING PROTEIN-RELATED,white,NA,gene
Manes.05G000700.v8.1,Manes.05G000700,(1 of 10) PF12776 - Myb/SANT-like DNA-binding domain (Myb_DNA-bind_3),lightcyan,NA,gene
Manes.05G001600.v8.1,Manes.05G001600,(1 of 18) PF12023 - Domain of unknown function (DUF3511) (DUF3511),black,NA,gene
Manes.05G002300.v8.1,Manes.05G002300,(1 of 2) PTHR23241//PTHR23241:SF55 - LATE EMBRYOGENESIS ABUNDANT  PLANTS  LEA-RELATED // SUBFAMILY NOT NAMED,lightcyan,NA,gene
Manes.05G003000.v8.1,Manes.05G003000,(1 of 1) PTHR37194:SF1 - T2E6.9,white,NA,gene
Manes.05G004000.v8.1,Manes.05G004000,(1 of 2) PTHR22884//PTHR22884:SF237 - SET DOMAIN PROTEINS // HISTONE-LYSINE N-METHYLTRANSFERASE E(Z),lightcyan,NA,gene
Manes.05G012000.v8.1,Manes.05G012000,(1 of 2) PTHR11183//PTHR11183:SF54 - GLYCOGENIN // SUBFAMILY NOT NAMED,black,NA,gene
Manes.05G010400.v8.1,Manes.05G010400,(1 of 2) PTHR31251:SF8 - SQUAMOSA PROMOTER-BINDING-LIKE PROTEIN 1-RELATED,lavenderblush2,NA,gene
Manes.05G010300.v8.1,Manes.05G010300,(1 of 4) K13436 - pto-interacting protein 1 (PTI1),white,NA,gene
Manes.05G009900.v8.1,Manes.05G009900,(1 of 46) PF05678 - VQ motif (VQ),white,NA,gene
Manes.05G008400.v8.1,Manes.05G008400,(1 of 1) PTHR22595//PTHR22595:SF35 - CHITINASE-RELATED // SUBFAMILY NOT NAMED,lightcyan,NA,gene
Manes.05G007800.v8.1,Manes.05G007800,(1 of 4) PTHR24282//PTHR24282:SF22 - CYTOCHROME P450 FAMILY MEMBER // CYTOCHROME P450; FAMILY 709; SUBFAMILY B; POLYPEPTIDE 2-RELATED,lightcyan,NA,gene
Manes.05G006100.v8.1,Manes.05G006100,(1 of 1) PTHR13052//PTHR13052:SF1 - NFRKB-RELATED // SUBFAMILY NOT NAMED,white,NA,gene
Manes.05G014800.v8.1,Manes.05G014800,(1 of 18) PTHR31989:SF21 - NAC TRANSCRIPTION FACTOR-LIKE 9,lightcyan,NA,gene
Manes.05G017300.v8.1,Manes.05G017300,(1 of 1) PTHR13878//PTHR13878:SF63 - GULONOLACTONE OXIDASE // L-GULONOLACTONE OXIDASE,black,NA,gene
Manes.05G017600.v8.1,Manes.05G017600,(1 of 2) PTHR31561//PTHR31561:SF1 - FAMILY NOT NAMED // 3-KETOACYL-COA SYNTHASE 1-RELATED,white,NA,gene
Manes.05G018900.v8.1,Manes.05G018900,(1 of 3) PTHR24298:SF46 - CYTOCHROME P450 78A6-RELATED,black,NA,gene
Manes.05G020900.v8.1,Manes.05G020900,(1 of 1) PTHR10851 - PYRIDOXINE-5-PHOSPHATE OXIDASE,black,NA,gene
Manes.05G022700.v8.1,Manes.05G022700,(1 of 2) PTHR10666//PTHR10666:SF138 - UBIQUITIN // SUBFAMILY NOT NAMED,white,NA,gene
Manes.05G023500.v8.1,Manes.05G023500,(1 of 1) KOG2827 - Uncharacterized conserved protein,white,NA,gene
Manes.05G024100.v8.1,Manes.05G024100,(1 of 2) PTHR23092//PTHR23092:SF19 - TOPOISOMERASE-RELATED PROTEIN // NUCLEOTIDYLTRANSFERASE,lightcyan,NA,gene
Manes.05G025900.v8.1,Manes.05G025900,(1 of 2) K10389 - tubulin gamma (TUBG),bisque4,NA,gene
Manes.05G026500.v8.1,Manes.05G026500,(1 of 3) PTHR11122//PTHR11122:SF10 - APOSPORY-ASSOCIATED PROTEIN C-RELATED // APOSPORY-ASSOCIATED PROTEIN C-RELATED,black,NA,gene
Manes.05G031200.v8.1,Manes.05G031200,(1 of 1) PTHR24055//PTHR24055:SF223 - MITOGEN-ACTIVATED PROTEIN KINASE // SUBFAMILY NOT NAMED,black,NA,gene
Manes.05G033500.v8.1,Manes.05G033500,(1 of 2) PTHR11662:SF255 - ANION TRANSPORTER 2; CHLOROPLASTIC-RELATED,bisque4,NA,gene
Manes.05G034000.v8.1,Manes.05G034000,(1 of 2) PTHR37695:SF1 - RECOMBINATION INITIATION DEFECTS 3-RELATED,bisque4,NA,gene
Manes.05G037300.v8.1,Manes.05G037300,(1 of 5) PTHR24206//PTHR24206:SF22 - FAMILY NOT NAMED // PROTEIN PLIM2A,plum3,NA,gene
Manes.05G043200.v8.1,Manes.05G043200,(1 of 2) PTHR10774//PTHR10774:SF51 - EXTENDED SYNAPTOTAGMIN-RELATED // C2 CALCIUM/LIPID-BINDING ENDONUCLEASE/EXONUCLEASE/PHOSPHATASE-RELATED,black,NA,gene
Manes.05G051800.v8.1,Manes.05G051800,(1 of 1) PTHR31934//PTHR31934:SF4 - FAMILY NOT NAMED // ALPHA/BETA-HYDROLASES SUPERFAMILY PROTEIN,black,NA,gene
Manes.05G052200.v8.1,Manes.05G052200,(1 of 1) PTHR24078//PTHR24078:SF192 - DNAJ HOMOLOG SUBFAMILY C MEMBER // SUBFAMILY NOT NAMED,black,NA,gene
Manes.05G055600.v8.1,Manes.05G055600,(1 of 57) PF02298 - Plastocyanin-like domain (Cu_bind_like),plum3,NA,gene
Manes.05G057900.v8.1,Manes.05G057900,(1 of 3) K02134 - F-type H+-transporting ATPase subunit delta (ATPeF1D; ATP5D; ATP16),white,NA,gene
Manes.05G058600.v8.1,Manes.05G058600,(1 of 137) 3.1.1.11 - Pectinesterase / Pectin methylesterase,black,NA,gene
Manes.05G061800.v8.1,Manes.05G061800,(1 of 1) K16571 - gamma-tubulin complex component 4 (TUBGCP4; GCP4),white,NA,gene
Manes.05G063000.v8.1,Manes.05G063000,(1 of 3) K16275 - E3 ubiquitin-protein ligase BAH [EC:6.3.2.19] (BAH; NLA),black,NA,gene
Manes.05G064500.v8.1,Manes.05G064500,,black,NA,gene
Manes.05G066100.v8.1,Manes.05G066100,(1 of 1) K13339 - peroxin-6 (PEX6; PXAAA1),lavenderblush2,NA,gene
Manes.05G072900.v8.1,Manes.05G072900,(1 of 2) PTHR23115//PTHR23115:SF155 - TRANSLATION FACTOR // SUBFAMILY NOT NAMED,black,NA,gene
Manes.05G075800.v8.1,Manes.05G075800,(1 of 52) PF01535//PF13041//PF13812 - PPR repeat (PPR) // PPR repeat family (PPR_2) // Pentatricopeptide repeat domain (PPR_3),lavenderblush2,NA,gene
Manes.05G077500.v8.1,Manes.05G077500,(1 of 15) PF05910 - Plant protein of unknown function (DUF868) (DUF868),white,NA,gene
Manes.05G078400.v8.1,Manes.05G078400,(1 of 3) PTHR23257//PTHR23257:SF499 - SERINE-THREONINE PROTEIN KINASE // KINASE LIKE PROTEIN,white,NA,gene
Manes.05G079200.v8.1,Manes.05G079200,(1 of 2) K02895 - large subunit ribosomal protein L24 (RP-L24; MRPL24; rplX),lightcyan,NA,gene
Manes.05G079400.v8.1,Manes.05G079400,(1 of 56) PF14368 - Probable lipid transfer (LTP_2),black,NA,gene
Manes.05G080800.v8.1,Manes.05G080800,(1 of 4) K06890 - uncharacterized protein (K06890),black,NA,gene
Manes.05G084700.v8.1,Manes.05G084700,(1 of 1) PTHR22912//PTHR22912:SF135 - DISULFIDE OXIDOREDUCTASE // GLUTATHIONE REDUCTASE; CHLOROPLASTIC,skyblue4,NA,gene
Manes.05G087400.v8.1,Manes.05G087400,(1 of 2) PTHR12791//PTHR12791:SF34 - GOLGI SNARE BET1-RELATED // SUBFAMILY NOT NAMED,lightcyan,NA,gene
Manes.05G090400.v8.1,Manes.05G090400,(1 of 2) PTHR11119//PTHR11119:SF50 - XANTHINE-URACIL / VITAMIN C PERMEASE FAMILY MEMBER // NUCLEOBASE-ASCORBATE TRANSPORTER 7-RELATED,plum3,NA,gene
Manes.05G094300.v8.1,Manes.05G094300,(1 of 1) PTHR11017//PTHR11017:SF151 - LEUCINE-RICH REPEAT-CONTAINING PROTEIN // TIR-NBS-LRR CLASS DISEASE RESISTANCE PROTEIN-RELATED,skyblue4,NA,gene
Manes.05G095400.v8.1,Manes.05G095400,(1 of 2) PTHR37736:SF1 - GENOMIC DNA; CHROMOSOME 3; P1 CLONE:MSD24,lightcyan,NA,gene
Manes.05G097902.v8.1,Manes.05G097902,(1 of 2) PTHR23155//PTHR23155:SF411 - LEUCINE-RICH REPEAT-CONTAINING PROTEIN // SUBFAMILY NOT NAMED,plum3,NA,gene
Manes.05G099600.v8.1,Manes.05G099600,,lightcyan,NA,gene
Manes.05G099700.v8.1,Manes.05G099700,(1 of 4) K02997 - small subunit ribosomal protein S9e (RP-S9e; RPS9),lightcyan,NA,gene
Manes.05G111800.v8.1,Manes.05G111800,(1 of 2) PTHR31964//PTHR31964:SF39 - FAMILY NOT NAMED // ADENINE NUCLEOTIDE ALPHA HYDROLASES-LIKE PROTEIN,skyblue4,NA,gene
Manes.05G137300.v8.1,Manes.05G137300,,lightcyan,NA,gene
Manes.05G113988.v8.1,Manes.05G113988,(1 of 2) PTHR12565//PTHR12565:SF94 - STEROL REGULATORY ELEMENT-BINDING PROTEIN // TRANSCRIPTION FACTOR BEE 3,white,NA,gene
Manes.05G114500.v8.1,Manes.05G114500,(1 of 3) PF13398 - Peptidase M50B-like (Peptidase_M50B),black,NA,gene
Manes.05G132600.v8.1,Manes.05G132600,(1 of 56) PF14368 - Probable lipid transfer (LTP_2),white,NA,gene
Manes.05G114300.v8.1,Manes.05G114300,(1 of 1) PTHR10903:SF65 - AIG1 DOMAIN-CONTAINING PROTEIN-RELATED,black,NA,gene
Manes.05G113300.v8.1,Manes.05G113300,(1 of 1) PTHR22884//PTHR22884:SF295 - SET DOMAIN PROTEINS // HISTONE-LYSINE N-METHYLTRANSFERASE SETD1A,white,NA,gene
Manes.05G136400.v8.1,Manes.05G136400,(1 of 15) PF04759 - Protein of unknown function; DUF617 (DUF617),black,NA,gene
Manes.05G129600.v8.1,Manes.05G129600,(1 of 1) PTHR12620//PTHR12620:SF15 - U2 SNRNP AUXILIARY FACTOR; SMALL SUBUNIT // SUBFAMILY NOT NAMED,lavenderblush2,NA,gene
Manes.05G129200.v8.1,Manes.05G129200,(1 of 4) PTHR15348//PTHR15348:SF6 - AT-RICH INTERACTIVE DOMAIN-CONTAINING PROTEIN  ARID DOMAIN- CONTAINING PROTEIN   DEAD RINGER PROTEIN   B-CELL REGULATOR OF IGH TRANSCRIPTION   BRIGHT // AT-RICH INTERACTIVE DOMAIN-CONTAINING PROTEIN 5-RELATED,white,NA,gene
Manes.05G136200.v8.1,Manes.05G136200,(1 of 2) PTHR31374:SF47 - F5M15.19,plum3,NA,gene
Manes.05G140400.v8.1,Manes.05G140400,(1 of 4) PF00257 - Dehydrin (Dehydrin),black,NA,gene
Manes.05G144300.v8.1,Manes.05G144300,(1 of 2) PTHR22792:SF66 - LA-RELATED PROTEIN 7,lightcyan,NA,gene
Manes.05G144900.v8.1,Manes.05G144900,(1 of 2) PTHR22835//PTHR22835:SF196 - ZINC FINGER FYVE DOMAIN CONTAINING PROTEIN // SUBFAMILY NOT NAMED,white,NA,gene
Manes.05G149400.v8.1,Manes.05G149400,(1 of 4) PTHR31374//PTHR31374:SF35 - FAMILY NOT NAMED // AUXIN-INDUCED PROTEIN-RELATED,black,NA,gene
Manes.05G149700.v8.1,Manes.05G149700,(1 of 2) PTHR31374:SF34 - F6F9.11 PROTEIN-RELATED,lightcyan,NA,gene
Manes.05G152900.v8.1,Manes.05G152900,(1 of 1) K11674 - microspherule protein 1 (MCRS1; INO80Q),white,NA,gene
Manes.05G153500.v8.1,Manes.05G153500,(1 of 2) PTHR31218:SF53 - PROTEIN WALLS ARE THIN 1,plum3,NA,gene
Manes.05G154600.v8.1,Manes.05G154600,(1 of 1) PTHR24067:SF125 - UBIQUITIN-CONJUGATING ENZYME E2 18-RELATED,black,NA,gene
Manes.05G154900.v8.1,Manes.05G154900,(1 of 2) 2.4.1.245 - Alpha;alpha-trehalose synthase / Trehalose synthetase,white,NA,gene
Manes.05G155000.v8.1,Manes.05G155000,(1 of 2) K03064 - 26S proteasome regulatory subunit T4 (PSMC6; RPT4),bisque4,NA,gene
Manes.05G155500.v8.1,Manes.05G155500,(1 of 1) PTHR10026:SF77 - CYCLIN-T1-3,black,NA,gene
Manes.05G158900.v8.1,Manes.05G158900,(1 of 3) PTHR23500:SF43 - SUGAR TRANSPORTER ERD6-LIKE 4-RELATED,lightcyan,NA,gene
Manes.05G159500.v8.1,Manes.05G159500,,lightcyan,NA,gene
Manes.05G160200.v8.1,Manes.05G160200,,black,NA,gene
Manes.05G160600.v8.1,Manes.05G160600,(1 of 3) PTHR32227:SF16 - GLUCAN ENDO-1;3-BETA-GLUCOSIDASE 7-RELATED,black,NA,gene
Manes.05G163700.v8.1,Manes.05G163700,(1 of 3) K13513 - lysocardiolipin and lysophospholipid acyltransferase (LCLAT1; AGPAT8),black,NA,gene
Manes.05G166400.v8.1,Manes.05G166400,(1 of 74) PF00069//PF07714 - Protein kinase domain (Pkinase) // Protein tyrosine kinase (Pkinase_Tyr),white,NA,gene
Manes.05G166500.v8.1,Manes.05G166500,,black,NA,gene
Manes.05G167000.v8.1,Manes.05G167000,(1 of 138) KOG0156 - Cytochrome P450 CYP2 subfamily,lightcyan,NA,gene
Manes.05G174700.v8.1,Manes.05G174700,(1 of 2) PTHR21493//PTHR21493:SF104 - CGI-141-RELATED/LIPASE CONTAINING PROTEIN // SUBFAMILY NOT NAMED,black,NA,gene
Manes.05G176200.v8.1,Manes.05G176200,(1 of 2) PTHR12864//PTHR12864:SF23 - RAN BINDING PROTEIN 9-RELATED // SUBFAMILY NOT NAMED,skyblue4,NA,gene
Manes.05G176800.v8.1,Manes.05G176800,(1 of 2) PTHR31282:SF27 - WRKY TRANSCRIPTION FACTOR 7-RELATED,plum3,NA,gene
Manes.05G183400.v8.1,Manes.05G183400,(1 of 34) PF14309 - Domain of unknown function (DUF4378) (DUF4378),lightcyan,NA,gene
Manes.05G184100.v8.1,Manes.05G184100,(1 of 2) PTHR24078:SF272 - CHAPERONE DNAJ-DOMAIN CONTAINING PROTEIN,lightcyan,NA,gene
Manes.05G184800.v8.1,Manes.05G184800,(1 of 49) K09338 - homeobox-leucine zipper protein (HD-ZIP),white,NA,gene
Manes.05G184900.v8.1,Manes.05G184900,(1 of 2) PTHR11850:SF64 - HOMEOBOX PROTEIN KNOTTED-1-LIKE 1,skyblue4,NA,gene
Manes.05G187100.v8.1,Manes.05G187100,(1 of 2) PTHR31734//PTHR31734:SF18 - FAMILY NOT NAMED // AUXIN-RESPONSIVE PROTEIN IAA8,black,NA,gene
Manes.05G190600.v8.1,Manes.05G190600,(1 of 1) K08266 - G protein beta subunit-like (GBL),bisque4,NA,gene
Manes.05G191200.v8.1,Manes.05G191200,(1 of 91) K14488 - SAUR family protein (SAUR),lightcyan,NA,gene
Manes.05G192200.v8.1,Manes.05G192200,(1 of 2) PTHR14221:SF1 - TRANSDUCIN/WD40 DOMAIN-CONTAINING PROTEIN,lightcyan,NA,gene
Manes.05G193700.v8.1,Manes.05G193700,(1 of 1) K02293 - 15-cis-phytoene desaturase (PDS; crtP),black,carot,gene
Manes.05G200500.v8.1,Manes.05G200500,(1 of 1) PTHR23042:SF59 - TRANSCRIPTION FACTOR BHLH11,black,NA,gene
Manes.06G000700.v8.1,Manes.06G000700,(1 of 1) PTHR10314//PTHR10314:SF79 - SER/THR DEHYDRATASE; TRP SYNTHASE // DOF-TYPE TRANSCRIPTION FACTOR TMO6,white,NA,gene
Manes.06G001700.v8.1,Manes.06G001700,(1 of 1) 2.7.1.28//2.7.1.29//4.6.1.15 - Triokinase / Triose kinase // Glycerone kinase / Dihydroxyacetone kinase // FAD-AMP lyase (cyclizing) / FMN cyclase,white,NA,gene
Manes.06G003700.v8.1,Manes.06G003700,(1 of 2) PTHR27008:SF19 - INACTIVE RECEPTOR KINASE RLK902-RELATED,bisque4,NA,gene
Manes.06G005300.v8.1,Manes.06G005300,(1 of 5) PTHR10722 - 60S RIBOSOMAL PROTEIN L19,black,NA,gene
Manes.06G007500.v8.1,Manes.06G007500,(1 of 207) PF01535//PF13041 - PPR repeat (PPR) // PPR repeat family (PPR_2),black,NA,gene
Manes.06G015100.v8.1,Manes.06G015100,(1 of 1) K06962 - uncharacterized protein (K06962),black,NA,gene
Manes.06G017700.v8.1,Manes.06G017700,(1 of 16) K01537 - Ca2+-transporting ATPase (E3.6.3.8),black,NA,gene
Manes.06G017800.v8.1,Manes.06G017800,(1 of 1) PF05022 - SRP40; C-terminal domain (SRP40_C),bisque4,NA,gene
Manes.06G019000.v8.1,Manes.06G019000,(1 of 3) K18999 - RNA polymerase II C-terminal domain phosphatase-like 3/4 [EC:3.1.3.16] (CPL3_4),bisque4,NA,gene
Manes.06G020300.v8.1,Manes.06G020300,(1 of 2) K18469 - TBC1 domain family member 5 (TBC1D5),black,NA,gene
Manes.06G026440.v8.1,Manes.06G026440,(1 of 1569) 2.7.11.1 - Non-specific serine/threonine protein kinase / Threonine-specific protein kinase,lavenderblush2,NA,gene
Manes.06G029800.v8.1,Manes.06G029800,(1 of 27) PF00504 - Chlorophyll A-B binding protein (Chloroa_b-bind),skyblue4,NA,gene
Manes.06G044700.v8.1,Manes.06G044700,(1 of 1) PTHR11662//PTHR11662:SF243 - SODIUM-DEPENDENT PHOSPHATE TRANSPORTERS // ANION TRANSPORTER 6; CHLOROPLASTIC-RELATED,lightcyan,NA,gene
Manes.06G048000.v8.1,Manes.06G048000,(1 of 52) K04733 - interleukin-1 receptor-associated kinase 4 (IRAK4),plum3,NA,gene
Manes.06G048400.v8.1,Manes.06G048400,(1 of 1) KOG1092 - Ypt/Rab-specific GTPase-activating protein GYP1,black,NA,gene
Manes.06G057000.v8.1,Manes.06G057000,(1 of 2) PTHR35742:SF1 - THYLAKOID LUMENAL 16.5 KDA PROTEIN; CHLOROPLASTIC,plum3,NA,gene
Manes.06G052600.v8.1,Manes.06G052600,(1 of 4) K07936 - GTP-binding nuclear protein Ran (RAN),white,NA,gene
Manes.06G054000.v8.1,Manes.06G054000,(1 of 1) PTHR10357:SF169 - ISOAMYLASE 1; CHLOROPLASTIC,black,carb,gene
Manes.06G051800.v8.1,Manes.06G051800,(1 of 9) PF13041//PF13812 - PPR repeat family (PPR_2) // Pentatricopeptide repeat domain (PPR_3),black,NA,gene
Manes.06G051900.v8.1,Manes.06G051900,(1 of 1) PTHR27000//PTHR27000:SF222 - FAMILY NOT NAMED // LEUCINE-RICH REPEAT PROTEIN KINASE,white,NA,gene
Manes.06G052100.v8.1,Manes.06G052100,(1 of 2) PTHR23324:SF85 - CELLULAR RETINALDEHYDE-BINDING/TRIPLE FUNCTION DOMAIN-CONTAINING PROTEIN,plum3,NA,gene
Manes.06G071400.v8.1,Manes.06G071400,(1 of 1) PTHR23030:SF18 - ENDOSOMAL TARGETING BRO1-LIKE DOMAIN-CONTAINING PROTEIN,black,NA,gene
Manes.06G071500.v8.1,Manes.06G071500,(1 of 2) PTHR31003//PTHR31003:SF4 - MYB FAMILY TRANSCRIPTION FACTOR // GENOMIC DNA; CHROMOSOME 3; TAC CLONE:K13N2-RELATED,white,NA,gene
Manes.06G081200.v8.1,Manes.06G081200,(1 of 1) PTHR24031:SF267 - UBQ; HELICASE-C AND DEAD-LIKE HELICASE DOMAIN-CONTAINING PROTEIN,lightcyan,NA,gene
Manes.06G085300.v8.1,Manes.06G085300,(1 of 2) PTHR32227//PTHR32227:SF75 - FAMILY NOT NAMED // GLUCAN ENDO-1;3-BETA-GLUCOSIDASE-LIKE PROTEIN 2-RELATED,plum3,NA,gene
Manes.06G088300.v8.1,Manes.06G088300,(1 of 4) PTHR33167//PTHR33167:SF3 - FAMILY NOT NAMED // F16A14.15-RELATED,lightcyan,NA,gene
Manes.06G090300.v8.1,Manes.06G090300,(1 of 7) PTHR10641:SF537 - F21H2.9 PROTEIN-RELATED,lightcyan,NA,gene
Manes.06G093300.v8.1,Manes.06G093300,(1 of 207) PF01535//PF13041 - PPR repeat (PPR) // PPR repeat family (PPR_2),lightcyan,NA,gene
Manes.06G096900.v8.1,Manes.06G096900,(1 of 18) PF07714//PF08263 - Protein tyrosine kinase (Pkinase_Tyr) // Leucine rich repeat N-terminal domain (LRRNT_2),white,NA,gene
Manes.06G099500.v8.1,Manes.06G099500,(1 of 2) PTHR12603:SF5 - RING/U-BOX DOMAIN-CONTAINING PROTEIN,white,NA,gene
Manes.06G106400.v8.1,Manes.06G106400,(1 of 3) PTHR10168:SF73 - GLUTAREDOXIN-C1,black,NA,gene
Manes.06G107000.v8.1,Manes.06G107000,,lavenderblush2,NA,gene
Manes.06G108000.v8.1,Manes.06G108000,(1 of 1) K11550 - kinetochore protein Spc25; animal type (SPBC25; SPC25),black,NA,gene
Manes.06G110100.v8.1,Manes.06G110100,(1 of 2) K17987 - next to BRCA1 gene 1 protein (NBR1),black,NA,gene
Manes.06G110300.v8.1,Manes.06G110300,(1 of 2) PTHR24015:SF469 - PENTATRICOPEPTIDE REPEAT-CONTAINING PROTEIN,lightcyan,NA,gene
Manes.06G111800.v8.1,Manes.06G111800,(1 of 2) PTHR24058//PTHR24058:SF58 - DUAL SPECIFICITY PROTEIN KINASE // SUBFAMILY NOT NAMED,black,NA,gene
Manes.06G111900.v8.1,Manes.06G111900,(1 of 1) PTHR12231:SF150 - RHODANESE-LIKE DOMAIN-CONTAINING PROTEIN 11; CHLOROPLASTIC,white,NA,gene
Manes.06G112000.v8.1,Manes.06G112000,(1 of 8) K11294 - nucleolin (NCL; NSR1),lightcyan,NA,gene
Manes.06G118400.v8.1,Manes.06G118400,(1 of 3) PTHR23074//PTHR23074:SF84 - AAA ATPASE // AAA-TYPE ATPASE-LIKE PROTEIN-RELATED,lavenderblush2,NA,gene
Manes.06G120100.v8.1,Manes.06G120100,(1 of 2) K01652 - acetolactate synthase I/II/III large subunit (E2.2.1.6L; ilvB; ilvG; ilvI),black,NA,gene
Manes.06G121000.v8.1,Manes.06G121000,(1 of 2) K10684 - ubiquitin-like 1-activating enzyme E1 A (UBLE1A; SAE1),lavenderblush2,NA,gene
Manes.06G128000.v8.1,Manes.06G128000,(1 of 1) PF01535//PF12854//PF13812 - PPR repeat (PPR) // PPR repeat (PPR_1) // Pentatricopeptide repeat domain (PPR_3),lightcyan,NA,gene
Manes.06G128900.v8.1,Manes.06G128900,(1 of 13) PF07899 - Frigida-like protein (Frigida),black,NA,gene
Manes.06G133700.v8.1,Manes.06G133700,(1 of 16) K10268 - F-box and leucine-rich repeat protein 2/20 (FBXL2_20),lightcyan,NA,gene
Manes.06G138500.v8.1,Manes.06G138500,(1 of 2) PTHR31371//PTHR31371:SF4 - FAMILY NOT NAMED // SIMILARITY TO UNKNOWN PROTEIN,plum3,NA,gene
Manes.06G139500.v8.1,Manes.06G139500,(1 of 1) PTHR22726:SF1 - METALLOENDOPEPTIDASE OMA1; MITOCHONDRIAL,lightcyan,NA,gene
Manes.06G139600.v8.1,Manes.06G139600,(1 of 52) PF01535//PF13041//PF13812 - PPR repeat (PPR) // PPR repeat family (PPR_2) // Pentatricopeptide repeat domain (PPR_3),black,NA,gene
Manes.06G140400.v8.1,Manes.06G140400,(1 of 77) KOG0198 - MEKK and related serine/threonine protein kinases,black,NA,gene
Manes.06G142500.v8.1,Manes.06G142500,(1 of 1) PF00400//PF00642 - WD domain; G-beta repeat (WD40) // Zinc finger C-x8-C-x5-C-x3-H type (and similar) (zf-CCCH),skyblue4,NA,gene
Manes.06G145600.v8.1,Manes.06G145600,(1 of 3) K19044 - E3 ubiquitin-protein ligase XBAT32/33 [EC:6.3.2.19] (XBAT32_33),white,NA,gene
Manes.06G147000.v8.1,Manes.06G147000,(1 of 1) KOG0978//KOG4593 - E3 ubiquitin ligase involved in syntaxin degradation // Mitotic checkpoint protein MAD1,black,NA,gene
Manes.06G151000.v8.1,Manes.06G151000,(1 of 1) PTHR31896:SF4 - BAHD ACYLTRANSFERASE DCR,lightcyan,NA,gene
Manes.06G155500.v8.1,Manes.06G155500,(1 of 1) PTHR11177//PTHR11177:SF161 - CHITINASE // SUBFAMILY NOT NAMED,black,NA,gene
Manes.06G162100.v8.1,Manes.06G162100,(1 of 1) PF15159 - Phosphatidylinositol N-acetylglucosaminyltransferase subunit Y (PIG-Y),lightcyan,NA,gene
Manes.06G162200.v8.1,Manes.06G162200,(1 of 2) K12876 - RNA-binding protein 8A (RBM8A; Y14),black,NA,gene
Manes.06G166900.v8.1,Manes.06G166900,(1 of 1) KOG3336 - Predicted member of the intramitochondrial sorting protein family,skyblue4,NA,gene
Manes.06G167100.v8.1,Manes.06G167100,(1 of 5) KOG0610 - Putative serine/threonine protein kinase,plum3,NA,gene
Manes.06G168501.v8.1,Manes.06G168501,(1 of 2) PTHR11926//PTHR11926:SF392 - GLUCOSYL/GLUCURONOSYL TRANSFERASES // SUBFAMILY NOT NAMED,black,NA,gene
Manes.06G173700.v8.1,Manes.06G173700,,black,NA,gene
Manes.06G175000.v8.1,Manes.06G175000,(1 of 2) PTHR33177//PTHR33177:SF6 - FAMILY NOT NAMED // F3O9.30,bisque4,NA,gene
Manes.07G002900.v8.1,Manes.07G002900,(1 of 3) K02934 - large subunit ribosomal protein L6e (RP-L6e; RPL6),black,NA,gene
Manes.07G009200.v8.1,Manes.07G009200,(1 of 18) PTHR10366//PTHR10366:SF332 - NAD DEPENDENT EPIMERASE/DEHYDRATASE // SUBFAMILY NOT NAMED,black,NA,gene
Manes.07G010700.v8.1,Manes.07G010700,(1 of 2) PTHR23091//PTHR23091:SF4 - N-TERMINAL ACETYLTRANSFERASE // ARD1 HOMOLOG A; N-ACETYLTRANSFERASE,black,NA,gene
Manes.07G019300.v8.1,Manes.07G019300,(1 of 1) PTHR10666//PTHR10666:SF155 - UBIQUITIN // POLYUBIQUITIN 4,black,NA,gene
Manes.07G023100.v8.1,Manes.07G023100,(1 of 2) PTHR22891//PTHR22891:SF4 - EUKARYOTIC TRANSLATION INITIATION FACTOR 2C // PROTEIN ARGONAUTE 2-RELATED,black,NA,gene
Manes.07G023200.v8.1,Manes.07G023200,(1 of 2) KOG2357 - Uncharacterized conserved protein,lightcyan,NA,gene
Manes.07G024100.v8.1,Manes.07G024100,(1 of 1) PTHR12357:SF25 - EVOLUTIONARILY CONSERVED C-TERMINAL REGION 11 PROTEIN,lightcyan,NA,gene
Manes.07G037300.v8.1,Manes.07G037300,(1 of 2) KOG2983 - Uncharacterized conserved protein,bisque4,NA,gene
Manes.07G056100.v8.1,Manes.07G056100,(1 of 2) PTHR11817//PTHR11817:SF21 - PYRUVATE KINASE // SUBFAMILY NOT NAMED,black,carb,gene
Manes.07G056300.v8.1,Manes.07G056300,(1 of 2) PTHR11817//PTHR11817:SF21 - PYRUVATE KINASE // SUBFAMILY NOT NAMED,skyblue4,carb,gene
Manes.07G054398.v8.1,Manes.07G054398,,bisque4,NA,gene
Manes.07G059900.v8.1,Manes.07G059900,(1 of 2) PTHR32002:SF3 - PROTEIN NLP1-RELATED,black,NA,gene
Manes.07G062220.v8.1,Manes.07G062220,(1 of 70) PTHR23155//PTHR23155:SF554 - LEUCINE-RICH REPEAT-CONTAINING PROTEIN // SUBFAMILY NOT NAMED,bisque4,NA,gene
Manes.07G063671.v8.1,Manes.07G063671,,black,NA,gene
Manes.07G064100.v8.1,Manes.07G064100,(1 of 2) PTHR10869//PTHR10869:SF66 - PROLYL 4-HYDROXYLASE ALPHA SUBUNIT // OXIDOREDUCTASE; 2OG-FE(II) OXYGENASE FAMILY PROTEIN-RELATED,white,NA,gene
Manes.07G071780.v8.1,Manes.07G071780,(1 of 2) K13127 - RING finger protein 113A (RNF113A; CWC24),white,NA,gene
Manes.07G069748.v8.1,Manes.07G069748,(1 of 2) PTHR10994:SF77 - RETICULON-LIKE PROTEIN B10-RELATED,white,NA,gene
Manes.07G076300.v8.1,Manes.07G076300,(1 of 2) PTHR11926//PTHR11926:SF246 - GLUCOSYL/GLUCURONOSYL TRANSFERASES // SUBFAMILY NOT NAMED,lightcyan,NA,gene
Manes.07G071314.v8.1,Manes.07G071314,(1 of 22) PF12854//PF13041 - PPR repeat (PPR_1) // PPR repeat family (PPR_2),lavenderblush2,NA,gene
Manes.07G073200.v8.1,Manes.07G073200,(1 of 1) PTHR32285:SF14 - PROTEIN PMR5-RELATED,black,NA,gene
Manes.07G078500.v8.1,Manes.07G078500,(1 of 2) PTHR32263:SF4 - INACTIVE POLY [ADP-RIBOSE] POLYMERASE RCD1-RELATED,black,NA,gene
Manes.07G081600.v8.1,Manes.07G081600,(1 of 2) PTHR23024//PTHR23024:SF157 - MEMBER OF 'GDXG' FAMILY OF LIPOLYTIC ENZYMES // CARBOXYLESTERASE 12-RELATED,lightcyan,NA,gene
Manes.07G082500.v8.1,Manes.07G082500,(1 of 3) PF01535//PF14432 - PPR repeat (PPR) // DYW family of nucleic acid deaminases (DYW_deaminase),lightcyan,NA,gene
Manes.07G091400.v8.1,Manes.07G091400,(1 of 3) PTHR15371:SF2 - OUTER ENVELOPE PORE PROTEIN 16-1; CHLOROPLASTIC,white,NA,gene
Manes.07G092500.v8.1,Manes.07G092500,(1 of 1) PTHR21496:SF6 - 3-OXOACYL-[ACYL-CARRIER-PROTEIN] SYNTHASE-LIKE PROTEIN,lightcyan,NA,gene
Manes.07G093400.v8.1,Manes.07G093400,(1 of 3) PTHR33133//PTHR33133:SF5 - FAMILY NOT NAMED // EXPRESSED PROTEIN,lightcyan,NA,gene
Manes.07G093500.v8.1,Manes.07G093500,(1 of 5) PTHR33142//PTHR33142:SF1 - FAMILY NOT NAMED // CYCLIN-DEPENDENT PROTEIN KINASE INHIBITOR SIM-RELATED,white,NA,gene
Manes.07G094000.v8.1,Manes.07G094000,(1 of 207) PF01535//PF13041 - PPR repeat (PPR) // PPR repeat family (PPR_2),lavenderblush2,NA,gene
Manes.07G096900.v8.1,Manes.07G096900,(1 of 5) K01551 - arsenite-transporting ATPase [EC:3.6.3.16] (arsA; ASNA1),lavenderblush2,NA,gene
Manes.07G098200.v8.1,Manes.07G098200,(1 of 31) PF03181 - BURP domain (BURP),black,NA,gene
Manes.07G100500.v8.1,Manes.07G100500,(1 of 6) PTHR19139//PTHR19139:SF167 - AQUAPORIN TRANSPORTER // AQUAPORIN PIP2-1-RELATED,bisque4,NA,gene
Manes.07G104000.v8.1,Manes.07G104000,(1 of 2) PTHR32191:SF1 - TETRASPANIN-5-RELATED,black,NA,gene
Manes.07G105700.v8.1,Manes.07G105700,(1 of 1) PTHR11260//PTHR11260:SF320 - GLUTATHIONE S-TRANSFERASE; GST; SUPERFAMILY; GST DOMAIN CONTAINING // SUBFAMILY NOT NAMED,white,NA,gene
Manes.07G108300.v8.1,Manes.07G108300,(1 of 3) K02918 - large subunit ribosomal protein L35e (RP-L35e; RPL35),skyblue4,NA,gene
Manes.07G108800.v8.1,Manes.07G108800,(1 of 42) 2.7.10.2//2.7.11.1 - Non-specific protein-tyrosine kinase / Cytoplasmic protein tyrosine kinase // Non-specific serine/threonine protein kinase / Threonine-specific protein kinase,white,NA,gene
Manes.07G108900.v8.1,Manes.07G108900,(1 of 3) K02918 - large subunit ribosomal protein L35e (RP-L35e; RPL35),skyblue4,NA,gene
Manes.07G109504.v8.1,Manes.07G109504,(1 of 3) K18422 - helicase MOV-10 [EC:3.6.4.13] (MOV10),black,NA,gene
Manes.07G111000.v8.1,Manes.07G111000,(1 of 3) K02893 - large subunit ribosomal protein L23Ae (RP-L23Ae; RPL23A),lavenderblush2,NA,gene
Manes.07G112300.v8.1,Manes.07G112300,(1 of 3) 1.2.4.2 - Oxoglutarate dehydrogenase (succinyl-transferring) / Oxoglutarate dehydrogenase (lipoamide),plum3,NA,gene
Manes.07G113900.v8.1,Manes.07G113900,(1 of 3) K10575 - ubiquitin-conjugating enzyme E2 G1 (UBE2G1; UBC7),lightcyan,NA,gene
Manes.07G116100.v8.1,Manes.07G116100,(1 of 1) K00729 - dolichyl-phosphate beta-glucosyltransferase (ALG5),white,NA,gene
Manes.07G119100.v8.1,Manes.07G119100,(1 of 7) 1.1.1.206//1.1.1.236 - Tropinone reductase I / Tropinone reductase // Tropinone reductase II / Tropinone reductase,black,NA,gene
Manes.07G125800.v8.1,Manes.07G125800,(1 of 3) PTHR32246//PTHR32246:SF19 - FAMILY NOT NAMED // CALCIUM-DEPENDENT LIPID-BINDING DOMAIN PROTEIN,black,NA,gene
Manes.07G126100.v8.1,Manes.07G126100,(1 of 3) K03038 - 26S proteasome regulatory subunit N8 (PSMD7; RPN8),lightcyan,NA,gene
Manes.07G127400.v8.1,Manes.07G127400,(1 of 7) K13946 - auxin influx carrier (AUX1 LAX family) (AUX1; LAX),lightcyan,NA,gene
Manes.07G128800.v8.1,Manes.07G128800,(1 of 2) PTHR34953:SF1 - ALPHA/BETA HYDROLASE RELATED PROTEIN,black,NA,gene
Manes.07G130500.v8.1,Manes.07G130500,(1 of 22) PF12854//PF13041 - PPR repeat (PPR_1) // PPR repeat family (PPR_2),lightcyan,NA,gene
Manes.07G131500.v8.1,Manes.07G131500,(1 of 1) 2.4.1.131 - GDP-Man:Man(3)GlcNAc(2)-PP-dolichol alpha-1;2-mannosyltransferase,white,NA,gene
Manes.07G132200.v8.1,Manes.07G132200,(1 of 2) PTHR31301:SF24 - LOB DOMAIN-CONTAINING PROTEIN 21,skyblue4,NA,gene
Manes.07G132600.v8.1,Manes.07G132600,(1 of 3) K07277 - outer membrane protein insertion porin family (SAM50; TOB55; bamA),white,NA,gene
Manes.07G137000.v8.1,Manes.07G137000,(1 of 2) PTHR31045:SF4 - (Z)-GAMMA-BISABOLENE SYNTHASE 1-RELATED,skyblue4,NA,gene
Manes.07G137700.v8.1,Manes.07G137700,(1 of 1) PTHR11119//PTHR11119:SF9 - XANTHINE-URACIL / VITAMIN C PERMEASE FAMILY MEMBER // ADENINE/GUANINE PERMEASE AZG1,lightcyan,NA,gene
Manes.07G139500.v8.1,Manes.07G139500,(1 of 2) PF05349 - GATA-type transcription activator; N-terminal (GATA-N),bisque4,NA,gene
Manes.07G142300.v8.1,Manes.07G142300,(1 of 1) PTHR22778//PTHR22778:SF12 - OVARIAN CANCER GENE-2 PROTEIN-RELATED // RHODANESE-LIKE DOMAIN-CONTAINING PROTEIN 7,bisque4,NA,gene
Manes.07G141600.v8.1,Manes.07G141600,(1 of 1) PTHR11935:SF94 - PROTEIN Y17G7B.3,black,NA,gene
Manes.08G002800.v8.1,Manes.08G002800,(1 of 6) PF07714//PF12819 - Protein tyrosine kinase (Pkinase_Tyr) // Carbohydrate-binding protein of the ER (Malectin_like),black,NA,gene
Manes.08G003400.v8.1,Manes.08G003400,,lightcyan,NA,gene
Manes.08G005800.v8.1,Manes.08G005800,(1 of 2) K09523 - DnaJ homolog subfamily C member 3 (DNAJC3),bisque4,NA,gene
Manes.08G006500.v8.1,Manes.08G006500,(1 of 52) K04733 - interleukin-1 receptor-associated kinase 4 (IRAK4),lightcyan,NA,gene
Manes.08G007600.v8.1,Manes.08G007600,(1 of 6) PTHR31384//PTHR31384:SF27 - FAMILY NOT NAMED // AUXIN RESPONSE FACTOR 10-RELATED,lightcyan,NA,gene
Manes.08G008900.v8.1,Manes.08G008900,(1 of 2) PTHR21717:SF21 - PROTEIN TRF-LIKE 8,lavenderblush2,NA,gene
Manes.08G012400.v8.1,Manes.08G012400,(1 of 2) PTHR31683//PTHR31683:SF21 - FAMILY NOT NAMED // PECTATE LYASE 12-RELATED,bisque4,NA,gene
Manes.08G013400.v8.1,Manes.08G013400,(1 of 1) PTHR23086:SF42 - PHOSPHATIDYLINOSITOL 4-PHOSPHATE 5-KINASE 9,skyblue4,NA,gene
Manes.08G013802.v8.1,Manes.08G013802,(1 of 1) PTHR23120//PTHR23120:SF20 - MAESTRO-RELATED HEAT DOMAIN-CONTAINING // SUBFAMILY NOT NAMED,black,NA,gene
Manes.08G016000.v8.1,Manes.08G016000,(1 of 3) PTHR31065//PTHR31065:SF4 - FAMILY NOT NAMED // PLATZ TRANSCRIPTION FACTOR FAMILY PROTEIN,lightcyan,NA,gene
Manes.08G016500.v8.1,Manes.08G016500,(1 of 1) PTHR31321:SF24 - PECTINESTERASE 14-RELATED,white,NA,gene
Manes.08G019600.v8.1,Manes.08G019600,(1 of 12) PF05003//PF11961 - Protein of unknown function (DUF668) (DUF668) // Domain of unknown function (DUF3475) (DUF3475),white,NA,gene
Manes.08G020700.v8.1,Manes.08G020700,(1 of 2) PTHR10015:SF164 - HEAT STRESS TRANSCRIPTION FACTOR A-3,black,NA,gene
Manes.08G022400.v8.1,Manes.08G022400,(1 of 2) PTHR10357//PTHR10357:SF141 - ALPHA-AMYLASE // 1;4-ALPHA-GLUCAN-BRANCHING ENZYME 2-1; CHLOROPLASTIC/AMYLOPLASTIC-RELATED,black,carb,gene
Manes.08G022800.v8.1,Manes.08G022800,(1 of 2) K12873 - bud site selection protein 31 (BUD31; G10),lightcyan,NA,gene
Manes.08G025000.v8.1,Manes.08G025000,(1 of 2) PTHR19920//PTHR19920:SF0 - WD40 PROTEIN CIAO1 // CYTOSOLIC IRON-SULFUR PROTEIN ASSEMBLY PROTEIN CIAO1-RELATED,black,NA,gene
Manes.08G032300.v8.1,Manes.08G032300,(1 of 2) PTHR11638//PTHR11638:SF69 - ATP-DEPENDENT CLP PROTEASE // SUBFAMILY NOT NAMED,black,NA,gene
Manes.08G033900.v8.1,Manes.08G033900,(1 of 2) PTHR11850:SF111 - BEL1-LIKE HOMEODOMAIN PROTEIN 1-RELATED,white,NA,gene
Manes.08G034700.v8.1,Manes.08G034700,(1 of 2) PTHR12632:SF7 - NUCLEAR TRANSCRIPTION FACTOR Y SUBUNIT A-10-RELATED,lightcyan,NA,gene
Manes.08G035600.v8.1,Manes.08G035600,(1 of 5) PTHR31182:SF2 - F26K24.5 PROTEIN,black,NA,gene
Manes.08G043500.v8.1,Manes.08G043500,(1 of 1) PTHR34122//PTHR34122:SF1 - FAMILY NOT NAMED // EXPRESSED PROTEIN,white,NA,gene
Manes.08G046500.v8.1,Manes.08G046500,(1 of 2) PTHR12231//PTHR12231:SF111 - CTX-RELATED TYPE I TRANSMEMBRANE PROTEIN // MATRIX-REMODELING-ASSOCIATED PROTEIN 8,skyblue4,NA,gene
Manes.08G048300.v8.1,Manes.08G048300,(1 of 3) K13523 - lysophosphatidic acid acyltransferase / lysophosphatidylinositol acyltransferase (AGPAT3_4),lightcyan,NA,gene
Manes.08G049300.v8.1,Manes.08G049300,(1 of 19) PF03763 - Remorin; C-terminal region (Remorin_C),plum3,NA,gene
Manes.08G051000.v8.1,Manes.08G051000,(1 of 3) K00559 - sterol 24-C-methyltransferase (E2.1.1.41; SMT1; ERG6),white,NA,gene
Manes.08G052000.v8.1,Manes.08G052000,(1 of 1) 3.1.2.12 - S-formylglutathione hydrolase,white,NA,gene
Manes.08G053600.v8.1,Manes.08G053600,(1 of 1) 2.7.8.15 - UDP-N-acetylglucosamine--dolichyl-phosphate N-acetylglucosaminephosphotransferase / N-acetylglucosamine-1-phosphate transferase,bisque4,NA,gene
Manes.08G056700.v8.1,Manes.08G056700,(1 of 1) 1.3.2.3//1.6.5.3 - L-galactonolactone dehydrogenase / L-galactono-gamma-lactone dehydrogenase // NADH:ubiquinone reductase (H(+)-translocating) / Ubiquinone reductase,black,NA,gene
Manes.08G060000.v8.1,Manes.08G060000,(1 of 2) PTHR22950:SF269 - EXPRESSED PROTEIN,black,NA,gene
Manes.08G061900.v8.1,Manes.08G061900,(1 of 3) PTHR10177//PTHR10177:SF253 - CYCLINE // CYCLIN-B1-4,plum3,NA,gene
Manes.08G062600.v8.1,Manes.08G062600,(1 of 2) KOG2953 - mRNA-binding protein Encore,white,NA,gene
Manes.08G062701.v8.1,Manes.08G062701,(1 of 1) PTHR11802//PTHR11802:SF3//PTHR11802:SF65 - SERINE PROTEASE FAMILY S10 SERINE CARBOXYPEPTIDASE // RETINOID-INDUCIBLE SERINE CARBOXYPEPTIDASE // SUBFAMILY NOT NAMED,skyblue4,NA,gene
Manes.08G064501.v8.1,Manes.08G064501,(1 of 16) PF05701 - Weak chloroplast movement under blue light (WEMBL),bisque4,NA,gene
Manes.08G066300.v8.1,Manes.08G066300,(1 of 2) PTHR13301:SF72 - CELLULOSE SYNTHASE-LIKE PROTEIN D3,plum3,NA,gene
Manes.08G067800.v8.1,Manes.08G067800,(1 of 2) PTHR31731:SF16 - BIFUNCTIONAL INHIBITOR/LIPID-TRANSFER PROTEIN/SEED STORAGE 2S ALBUMIN-LIKE PROTEIN,bisque4,NA,gene
Manes.08G068601.v8.1,Manes.08G068601,(1 of 3) 2.3.1.9 - Acetyl-CoA C-acetyltransferase / Acetoacetyl-CoA thiolase,white,NA,gene
Manes.08G069932.v8.1,Manes.08G069932,(1 of 2) PTHR22814//PTHR22814:SF94 - COPPER TRANSPORT PROTEIN ATOX1-RELATED // SUBFAMILY NOT NAMED,black,NA,gene
Manes.08G070832.v8.1,Manes.08G070832,(1 of 1) PTHR24073:SF430 - RAS-RELATED PROTEIN RABA5A,bisque4,NA,gene
Manes.08G068300.v8.1,Manes.08G068300,(1 of 2) K10591 - E3 ubiquitin-protein ligase NEDD4 (NEDD4; RSP5),lightcyan,NA,gene
Manes.08G068400.v8.1,Manes.08G068400,,black,NA,gene
Manes.08G073600.v8.1,Manes.08G073600,(1 of 3) PTHR10857:SF34 - COPINE (CALCIUM-DEPENDENT PHOSPHOLIPID-BINDING PROTEIN) FAMILY PROTEIN,lightcyan,NA,gene
Manes.08G074200.v8.1,Manes.08G074200,(1 of 25) PF00651//PF03000 - BTB/POZ domain (BTB) // NPH3 family (NPH3),lightcyan,NA,gene
Manes.08G075900.v8.1,Manes.08G075900,(1 of 9) 3.6.1.13//3.6.1.22//3.6.1.53 - ADP-ribose diphosphatase / ADPR-PPase // NAD(+) diphosphatase / NADP pyrophosphatase // Mn(2+)-dependent ADP-ribose/CDP-alcohol diphosphatase / Mn(2+)-dependent ADP-ribose/CDP-alcohol pyrophosphatase,lightcyan,NA,gene
Manes.08G156081.v8.1,Manes.08G156081,(1 of 2) PTHR14155:SF180 - RING/U-BOX DOMAIN-CONTAINING PROTEIN-RELATED,black,NA,gene
Manes.08G080100.v8.1,Manes.08G080100,(1 of 2) PTHR23249:SF15 - TRAFFICKING PROTEIN PARTICLE COMPLEX SUBUNIT 4,black,NA,gene
Manes.08G080000.v8.1,Manes.08G080000,(1 of 42) 2.7.10.2//2.7.11.1 - Non-specific protein-tyrosine kinase / Cytoplasmic protein tyrosine kinase // Non-specific serine/threonine protein kinase / Threonine-specific protein kinase,bisque4,NA,gene
Manes.08G079700.v8.1,Manes.08G079700,(1 of 48) PF04535 - Domain of unknown function (DUF588) (DUF588),white,NA,gene
Manes.08G083100.v8.1,Manes.08G083100,(1 of 4) PTHR23012//PTHR23012:SF87 - MEMBRANE ASSOCIATED RING FINGER // RING/FYVE/PHD ZINC FINGER-CONTAINING PROTEIN,black,NA,gene
Manes.08G086700.v8.1,Manes.08G086700,(1 of 1) PTHR15852//PTHR15852:SF20 - FAMILY NOT NAMED // CHAPERONE PROTEIN DNAJ-LIKE PROTEIN,black,NA,gene
Manes.08G086900.v8.1,Manes.08G086900,(1 of 1) K15685 - E3 ubiquitin-protein ligase Hakai [EC:6.3.2.19] (CBLL1),white,NA,gene
Manes.08G087100.v8.1,Manes.08G087100,(1 of 2) K01962 - acetyl-CoA carboxylase carboxyl transferase subunit alpha (accA),lightcyan,NA,gene
Manes.08G087500.v8.1,Manes.08G087500,(1 of 5) PF06127 - Protein of unknown function (DUF962) (DUF962),black,NA,gene
Manes.08G087800.v8.1,Manes.08G087800,(1 of 11) PF05340 - Protein of unknown function (DUF740) (DUF740),plum3,NA,gene
Manes.08G089250.v8.1,Manes.08G089250,(1 of 2) K06119 - sulfoquinovosyltransferase (SQD2),plum3,NA,gene
Manes.08G091600.v8.1,Manes.08G091600,(1 of 1) K09648 - mitochondrial inner membrane protease subunit 2 (IMP2),lightcyan,NA,gene
Manes.08G093200.v8.1,Manes.08G093200,(1 of 1) PTHR10909//PTHR10909:SF331 - ELECTRON TRANSPORT OXIDOREDUCTASE // ACYL-COENZYME A OXIDASE 4; PEROXISOMAL,plum3,NA,gene
Manes.08G093600.v8.1,Manes.08G093600,(1 of 1) PTHR10293//PTHR10293:SF45 - GLUTAREDOXIN-RELATED PROTEIN // MONOTHIOL GLUTAREDOXIN-S16; CHLOROPLASTIC,lightcyan,NA,gene
Manes.08G094100.v8.1,Manes.08G094100,(1 of 1) K15100 - solute carrier family 25 (mitochondrial citrate transporter); member 1 (SLC25A1; CTP),skyblue4,NA,gene
Manes.08G095200.v8.1,Manes.08G095200,(1 of 321) PF00249 - Myb-like DNA-binding domain (Myb_DNA-binding),lightcyan,NA,gene
Manes.08G096900.v8.1,Manes.08G096900,(1 of 2) PTHR31241:SF2 - DEHYDRATION-RESPONSIVE ELEMENT-BINDING PROTEIN 2A-RELATED,black,NA,gene
Manes.08G103600.v8.1,Manes.08G103600,(1 of 4) PTHR27001//PTHR27001:SF224 - FAMILY NOT NAMED // SOMATIC EMBRYOGENESIS RECEPTOR KINASE 1,plum3,NA,gene
Manes.08G103900.v8.1,Manes.08G103900,,black,NA,gene
Manes.08G105600.v8.1,Manes.08G105600,(1 of 3) PF00646//PF14299 - F-box domain (F-box) // Phloem protein 2 (PP2),black,NA,gene
Manes.08G106900.v8.1,Manes.08G106900,(1 of 2) PTHR10641//PTHR10641:SF618 - MYB-LIKE DNA-BINDING PROTEIN MYB // MYB DOMAIN PROTEIN 55,black,NA,gene
Manes.08G107800.v8.1,Manes.08G107800,(1 of 1) K17573 - meiosis arrest female protein 1 (LKAP; MARF1),lightcyan,NA,gene
Manes.08G110200.v8.1,Manes.08G110200,(1 of 4) 3.1.26.11 - Ribonuclease Z / tRNase Z,bisque4,NA,gene
Manes.08G111900.v8.1,Manes.08G111900,(1 of 13) K01507 - inorganic pyrophosphatase (ppa),black,NA,gene
Manes.08G117800.v8.1,Manes.08G117800,(1 of 5) PF05755 - Rubber elongation factor protein (REF) (REF),black,NA,gene
Manes.08G120100.v8.1,Manes.08G120100,(1 of 2) PTHR13780//PTHR13780:SF54 - AMP-ACTIVATED PROTEIN KINASE; GAMMA REGULATORY SUBUNIT // SUCROSE NONFERMENTING 4-LIKE PROTEIN,lightcyan,NA,gene
Manes.08G124800.v8.1,Manes.08G124800,(1 of 19) K11251 - histone H2A (H2A),lavenderblush2,NA,gene
Manes.08G127400.v8.1,Manes.08G127400,(1 of 3) K12619 - 5'-3' exoribonuclease 2 (XRN2; RAT1),white,NA,gene
Manes.08G128600.v8.1,Manes.08G128600,(1 of 1) PF00561//PF03096 - alpha/beta hydrolase fold (Abhydrolase_1) // Ndr family (Ndr),black,NA,gene
Manes.08G134300.v8.1,Manes.08G134300,,black,NA,gene
Manes.08G135100.v8.1,Manes.08G135100,(1 of 4) PTHR22595//PTHR22595:SF62 - CHITINASE-RELATED // HEVEIN-LIKE PREPROPROTEIN,plum3,NA,gene
Manes.08G135700.v8.1,Manes.08G135700,(1 of 2) K09550 - prefoldin subunit 4 (PFDN4),lightcyan,NA,gene
Manes.08G136600.v8.1,Manes.08G136600,(1 of 11) PF01918 - Alba (Alba),lavenderblush2,NA,gene
Manes.08G140300.v8.1,Manes.08G140300,(1 of 2) PTHR31314:SF12 - MYB FAMILY TRANSCRIPTION FACTOR-RELATED,white,NA,gene
Manes.08G148200.v8.1,Manes.08G148200,(1 of 2) PTHR10438//PTHR10438:SF245 - THIOREDOXIN // THIOREDOXIN-LIKE 1-1; CHLOROPLASTIC-RELATED,black,NA,gene
Manes.08G145200.v8.1,Manes.08G145200,(1 of 2) PTHR11960:SF18 - 4EHP; ISOFORM B,lightcyan,NA,gene
Manes.08G145900.v8.1,Manes.08G145900,,black,NA,gene
Manes.08G155900.v8.1,Manes.08G155900,(1 of 18) K08472 - mlo protein (MLO),white,NA,gene
Manes.08G157900.v8.1,Manes.08G157900,(1 of 2) PTHR31956//PTHR31956:SF1 - FAMILY NOT NAMED // NON-SPECIFIC PHOSPHOLIPASE C3-RELATED,black,NA,gene
Manes.08G160200.v8.1,Manes.08G160200,(1 of 2) PF15249 - Conserved region of unknown function on GLTSCR protein (GLTSCR1),bisque4,NA,gene
Manes.08G161240.v8.1,Manes.08G161240,,black,NA,gene
Manes.08G161900.v8.1,Manes.08G161900,(1 of 11) PF01612 - 3'-5' exonuclease (DNA_pol_A_exo1),black,NA,gene
Manes.08G162900.v8.1,Manes.08G162900,(1 of 2) PTHR10585:SF26 - ER LUMEN PROTEIN RETAINING RECEPTOR,black,NA,gene
Manes.08G166800.v8.1,Manes.08G166800,(1 of 3) K07760 - cyclin-dependent kinase [EC:2.7.11.22] (CDK),plum3,NA,gene
Manes.08G169800.v8.1,Manes.08G169800,(1 of 14) K06689 - ubiquitin-conjugating enzyme E2 D/E (UBE2D_E; UBC4; UBC5),lightcyan,NA,gene
Manes.08G169900.v8.1,Manes.08G169900,(1 of 14) K06689 - ubiquitin-conjugating enzyme E2 D/E (UBE2D_E; UBC4; UBC5),lightcyan,NA,gene
Manes.08G170400.v8.1,Manes.08G170400,(1 of 3) K03145 - transcription elongation factor S-II (TFIIS),white,NA,gene
Manes.08G172311.v8.1,Manes.08G172311,,black,NA,gene
Manes.08G174000.v8.1,Manes.08G174000,(1 of 4) PTHR23092//PTHR23092:SF30 - TOPOISOMERASE-RELATED PROTEIN // NUCLEOTIDYLTRANSFERASE FAMILY PROTEIN-RELATED,white,NA,gene
Manes.08G173300.v8.1,Manes.08G173300,(1 of 5) PTHR24347//PTHR24347:SF167 - SERINE/THREONINE-PROTEIN KINASE // CBL-INTERACTING SERINE/THREONINE-PROTEIN KINASE 2,black,NA,gene
Manes.08G174200.v8.1,Manes.08G174200,,black,NA,gene
Manes.08G174100.v8.1,Manes.08G174100,(1 of 1) PTHR13140:SF270 - MYOSIN-12,lightcyan,NA,gene
Manes.09G001501.v8.1,Manes.09G001501,,black,NA,gene
Manes.09G003500.v8.1,Manes.09G003500,(1 of 2) PTHR24349//PTHR24349:SF92 - SERINE/THREONINE-PROTEIN KINASE // SUBFAMILY NOT NAMED,white,NA,gene
Manes.09G006800.v8.1,Manes.09G006800,(1 of 2) PTHR26402//PTHR26402:SF507 - RESPONSE REGULATOR OF TWO-COMPONENT SYSTEM // TWO-COMPONENT RESPONSE REGULATOR ARR8-RELATED,lightcyan,NA,gene
Manes.09G008400.v8.1,Manes.09G008400,(1 of 4) K14508 - regulatory protein NPR1 (NPR1),black,NA,gene
Manes.09G015800.v8.1,Manes.09G015800,,white,NA,gene
Manes.09G018700.v8.1,Manes.09G018700,(1 of 599) PF13041 - PPR repeat family (PPR_2),black,NA,gene
Manes.09G021650.v8.1,Manes.09G021650,,black,NA,gene
Manes.09G024300.v8.1,Manes.09G024300,(1 of 8) K06617 - raffinose synthase (E2.4.1.82),black,NA,gene
Manes.09G032200.v8.1,Manes.09G032200,(1 of 1) PTHR14894//PTHR14894:SF0 - CDK5 REGULATORY SUBUNIT-ASSOCIATED PROTEIN 3 // CDK5 REGULATORY SUBUNIT-ASSOCIATED PROTEIN 3,black,NA,gene
Manes.09G033200.v8.1,Manes.09G033200,(1 of 2) KOG0148//KOG0149 - Apoptosis-promoting RNA-binding protein TIA-1/TIAR (RRM superfamily) // Predicted RNA-binding protein SEB4 (RRM superfamily),lightcyan,NA,gene
Manes.09G036600.v8.1,Manes.09G036600,(1 of 1) PF00046//PF02183//PF03101//PF04618 - Homeobox domain (Homeobox) // Homeobox associated leucine zipper (HALZ) // FAR1 DNA-binding domain (FAR1) // HD-ZIP protein N terminus (HD-ZIP_N),black,NA,gene
Manes.09G038300.v8.1,Manes.09G038300,(1 of 1) PF07035 - Colon cancer-associated protein Mic1-like (Mic1),black,NA,gene
Manes.09G038600.v8.1,Manes.09G038600,,black,NA,gene
Manes.09G039200.v8.1,Manes.09G039200,(1 of 2) K02889 - large subunit ribosomal protein L21e (RP-L21e; RPL21),lightcyan,NA,gene
Manes.09G040700.v8.1,Manes.09G040700,(1 of 2) K03252 - translation initiation factor 3 subunit C (EIF3C),lightcyan,NA,gene
Manes.09G042800.v8.1,Manes.09G042800,,black,NA,gene
Manes.09G045000.v8.1,Manes.09G045000,(1 of 1) PTHR11839:SF10 - NUDIX HYDROLASE 27; CHLOROPLASTIC,black,NA,gene
Manes.09G054400.v8.1,Manes.09G054400,(1 of 5) K13161 - heterogeneous nuclear ribonucleoprotein R (HNRNPR),black,NA,gene
Manes.09G056200.v8.1,Manes.09G056200,(1 of 3) PTHR10992//PTHR10992:SF740 - ALPHA/BETA HYDROLASE FOLD-CONTAINING PROTEIN // ALPHA/BETA-HYDROLASES SUPERFAMILY PROTEIN-RELATED,lightcyan,carb,gene
Manes.09G057000.v8.1,Manes.09G057000,(1 of 2) PTHR22835//PTHR22835:SF216 - ZINC FINGER FYVE DOMAIN CONTAINING PROTEIN // SUBFAMILY NOT NAMED,black,NA,gene
Manes.09G058500.v8.1,Manes.09G058500,(1 of 2) PTHR24351//PTHR24351:SF92 - RIBOSOMAL PROTEIN S6 KINASE // PROTEIN KINASE-RELATED,skyblue4,NA,gene
Manes.09G058676.v8.1,Manes.09G058676,(1 of 2) PTHR10357//PTHR10357:SF141 - ALPHA-AMYLASE // 1;4-ALPHA-GLUCAN-BRANCHING ENZYME 2-1; CHLOROPLASTIC/AMYLOPLASTIC-RELATED,black,carb,gene
Manes.09G058984.v8.1,Manes.09G058984,(1 of 4) KOG2071 - mRNA cleavage and polyadenylation factor I/II complex; subunit Pcf11,lightcyan,NA,gene
Manes.09G059028.v8.1,Manes.09G059028,(1 of 2) PTHR10015//PTHR10015:SF164 - HEAT SHOCK TRANSCRIPTION FACTOR // HEAT STRESS TRANSCRIPTION FACTOR A-3,black,NA,gene
Manes.09G063060.v8.1,Manes.09G063060,(1 of 1) PTHR10641//PTHR10641:SF636 - MYB-LIKE DNA-BINDING PROTEIN MYB // SUBFAMILY NOT NAMED,plum3,NA,gene
Manes.09G066300.v8.1,Manes.09G066300,(1 of 3) PTHR22814:SF113 - HEAVY-METAL-ASSOCIATED DOMAIN-CONTAINING PROTEIN-RELATED,lavenderblush2,NA,gene
Manes.09G066900.v8.1,Manes.09G066900,(1 of 2) KOG3918 - Predicted membrane protein,black,NA,gene
Manes.09G067800.v8.1,Manes.09G067800,(1 of 8) K11294 - nucleolin (NCL; NSR1),black,NA,gene
Manes.09G079800.v8.1,Manes.09G079800,(1 of 2) PTHR12802//PTHR12802:SF52 - SWI/SNF COMPLEX-RELATED // PROTEIN REVEILLE 4-RELATED,lavenderblush2,NA,gene
Manes.09G076319.v8.1,Manes.09G076319,(1 of 5) K12462 - Rho GDP-dissociation inhibitor (ARHGDI; RHOGDI),bisque4,NA,gene
Manes.09G070538.v8.1,Manes.09G070538,(1 of 4) PTHR11926//PTHR11926:SF242 - GLUCOSYL/GLUCURONOSYL TRANSFERASES // UDP-GLYCOSYLTRANSFERASE 71B2-RELATED,white,NA,gene
Manes.09G073009.v8.1,Manes.09G073009,(1 of 1) PTHR12419//PTHR12419:SF6 - OTU DOMAIN CONTAINING PROTEIN // SUBFAMILY NOT NAMED,lightcyan,NA,gene
Manes.09G077400.v8.1,Manes.09G077400,(1 of 1) PTHR32133:SF121 - F-BOX PROTEIN CPR30,black,NA,gene
Manes.09G083000.v8.1,Manes.09G083000,(1 of 25) PF01190 - Pollen proteins Ole e I like (Pollen_Ole_e_I),black,NA,gene
Manes.09G087400.v8.1,Manes.09G087400,(1 of 1) K12492 - ADP-ribosylation factor GTPase-activating protein 1 (ARFGAP1),black,NA,gene
Manes.09G095800.v8.1,Manes.09G095800,(1 of 3) PTHR34670:SF3 - EXPRESSED PROTEIN,black,NA,gene
Manes.09G098300.v8.1,Manes.09G098300,(1 of 1) K06700 - proteasome inhibitor subunit 1 (PI31) (PSMF1),black,NA,gene
Manes.09G098800.v8.1,Manes.09G098800,(1 of 9) PTHR11260//PTHR11260:SF303 - GLUTATHIONE S-TRANSFERASE; GST; SUPERFAMILY; GST DOMAIN CONTAINING // GLUTATHIONE S-TRANSFERASE U1-RELATED,black,NA,gene
Manes.09G098760.v8.1,Manes.09G098760,(1 of 46) PF00582 - Universal stress protein family (Usp),black,NA,gene
Manes.09G109200.v8.1,Manes.09G109200,,bisque4,NA,gene
Manes.09G109600.v8.1,Manes.09G109600,(1 of 5) K14293 - importin subunit beta-1 (KPNB1),plum3,NA,gene
Manes.09G110101.v8.1,Manes.09G110101,,black,NA,gene
Manes.09G110900.v8.1,Manes.09G110900,(1 of 1) PTHR32285:SF11 - PROTEIN TRICHOME BIREFRINGENCE-LIKE 34,white,NA,gene
Manes.09G115100.v8.1,Manes.09G115100,(1 of 1) PF01453//PF08277 - D-mannose binding lectin (B_lectin) // PAN-like domain (PAN_3),black,NA,gene
Manes.09G116400.v8.1,Manes.09G116400,(1 of 3) PTHR33057//PTHR33057:SF22 - FAMILY NOT NAMED // OVATE FAMILY PROTEIN 1-RELATED,white,NA,gene
Manes.09G121000.v8.1,Manes.09G121000,(1 of 1) PTHR31419//PTHR31419:SF1 - FAMILY NOT NAMED // AUXIN EFFLUX CARRIER FAMILY PROTEIN,white,NA,gene
Manes.09G122000.v8.1,Manes.09G122000,(1 of 2) PTHR11040:SF70 - METAL HOMEOSTASIS FACTOR ATX2,black,NA,gene
Manes.09G130200.v8.1,Manes.09G130200,(1 of 138) KOG0156 - Cytochrome P450 CYP2 subfamily,black,NA,gene
Manes.09G130400.v8.1,Manes.09G130400,(1 of 1) PTHR34809//PTHR34809:SF1 - FAMILY NOT NAMED // MALTOSE EXCESS PROTEIN 1; CHLOROPLASTIC-RELATED,lightcyan,NA,gene
Manes.09G131800.v8.1,Manes.09G131800,(1 of 5) PF16709 - Fused Ig-PH domain of plant-specific actin-binding protein (SCAB-IgPH),lightcyan,NA,gene
Manes.09G131900.v8.1,Manes.09G131900,(1 of 3) PF12070 - Protein of unknown function (DUF3550/UPF0682) (DUF3550),lightcyan,NA,gene
Manes.09G132900.v8.1,Manes.09G132900,(1 of 2) K17292 - tubulin-specific chaperone A (TBCA),lightcyan,NA,gene
Manes.09G134000.v8.1,Manes.09G134000,(1 of 1) PTHR11229//PTHR11229:SF5 - 50S RIBOSOMAL PROTEIN L3 // 50S RIBOSOMAL PROTEIN L3-1; CHLOROPLASTIC,white,NA,gene
Manes.09G135500.v8.1,Manes.09G135500,(1 of 2) PTHR23180:SF202 - ADP-RIBOSYLATION FACTOR GTPASE-ACTIVATING PROTEIN AGD14-RELATED,black,NA,gene
Manes.09G138300.v8.1,Manes.09G138300,,lightcyan,NA,gene
Manes.09G138400.v8.1,Manes.09G138400,(1 of 1) PTHR10910//PTHR10910:SF95 - EUKARYOTE SPECIFIC DSRNA BINDING PROTEIN // DOUBLE-STRANDED RNA-BINDING PROTEIN 4,black,NA,gene
Manes.09G139000.v8.1,Manes.09G139000,(1 of 259) PF00076 - RNA recognition motif. (a.k.a. RRM; RBD; or RNP domain) (RRM_1),bisque4,NA,gene
Manes.09G143800.v8.1,Manes.09G143800,(1 of 2) PTHR31744:SF10 - NAC DOMAIN CONTAINING PROTEIN 87,lightcyan,NA,gene
Manes.09G144500.v8.1,Manes.09G144500,(1 of 2) PTHR19957:SF91 - SYNTAXIN-RELATED PROTEIN KNOLLE,plum3,NA,gene
Manes.09G149900.v8.1,Manes.09G149900,,white,NA,gene
Manes.09G152200.v8.1,Manes.09G152200,(1 of 2) 3.6.4.9 - Chaperonin ATPase / Chaperonin,lightcyan,NA,gene
Manes.09G153000.v8.1,Manes.09G153000,(1 of 163) PF00010 - Helix-loop-helix DNA-binding domain (HLH),white,NA,gene
Manes.09G154700.v8.1,Manes.09G154700,(1 of 2) KOG3060 - Uncharacterized conserved protein,skyblue4,NA,gene
Manes.09G155300.v8.1,Manes.09G155300,(1 of 15) PF05910 - Plant protein of unknown function (DUF868) (DUF868),black,NA,gene
Manes.09G155500.v8.1,Manes.09G155500,,lightcyan,NA,gene
Manes.09G157800.v8.1,Manes.09G157800,(1 of 2) PF02810 - SEC-C motif (SEC-C),skyblue4,NA,gene
Manes.09G161900.v8.1,Manes.09G161900,(1 of 3) PTHR13268//PTHR13268:SF2 - BREAST CARCINOMA AMPLIFIED SEQUENCE 3 // AUTOPHAGY-RELATED PROTEIN 18G,black,NA,gene
Manes.09G166900.v8.1,Manes.09G166900,(1 of 1) K18636 - microtubule-binding protein TANGLED1 (TAN1),plum3,NA,gene
Manes.09G167000.v8.1,Manes.09G167000,(1 of 1) KOG0239//KOG4280 - Kinesin (KAR3 subfamily) // Kinesin-like protein,plum3,NA,gene
Manes.09G170000.v8.1,Manes.09G170000,(1 of 5) PF05755 - Rubber elongation factor protein (REF) (REF),black,NA,gene
Manes.09G170800.v8.1,Manes.09G170800,(1 of 4) KOG1727 - Microtubule-binding protein (translationally controlled tumor protein),black,NA,gene
Manes.09G171500.v8.1,Manes.09G171500,(1 of 2) PF03024 - Folate receptor family (Folate_rec),bisque4,NA,gene
Manes.09G176000.v8.1,Manes.09G176000,,skyblue4,NA,gene
Manes.09G177000.v8.1,Manes.09G177000,(1 of 5) KOG1877 - Putative transmembrane protein cmp44E,lightcyan,NA,gene
Manes.09G180500.v8.1,Manes.09G180500,(1 of 2) PTHR32227:SF118 - CARBOHYDRATE-BINDING X8 DOMAIN-CONTAINING PROTEIN,black,NA,gene
Manes.09G180600.v8.1,Manes.09G180600,,black,NA,gene
Manes.09G182100.v8.1,Manes.09G182100,(1 of 2) PTHR21562//PTHR21562:SF5 - NOTUM-RELATED // PECTINACETYLESTERASE FAMILY PROTEIN,white,NA,gene
Manes.09G183100.v8.1,Manes.09G183100,(1 of 6) PTHR32278//PTHR32278:SF6 - FAMILY NOT NAMED // F-BOX PROTEIN PP2-B1-RELATED,black,NA,gene
Manes.09G183950.v8.1,Manes.09G183950,(1 of 1) PF00350//PF02212 - Dynamin family (Dynamin_N) // Dynamin GTPase effector domain (GED),lightcyan,NA,gene
Manes.09G172300.v8.1,Manes.09G172300,(1 of 2) PTHR12428//PTHR12428:SF22 - OXA1 // ALBINO3-LIKE PROTEIN 2; CHLOROPLASTIC-RELATED,lightcyan,NA,gene
Manes.09G185200.v8.1,Manes.09G185200,(1 of 1) PTHR12506//PTHR12506:SF21//PTHR12506:SF25 - PROTEIN PHOSPHATASE RELATED // SUBFAMILY NOT NAMED // SUBFAMILY NOT NAMED,black,NA,gene
Manes.09G185600.v8.1,Manes.09G185600,(1 of 4) PTHR27001//PTHR27001:SF224 - FAMILY NOT NAMED // SOMATIC EMBRYOGENESIS RECEPTOR KINASE 1,white,NA,gene
Manes.09G186000.v8.1,Manes.09G186000,(1 of 2) PTHR31373//PTHR31373:SF0 - FAMILY NOT NAMED // EMB|CAB86628.1,lightcyan,NA,gene
Manes.09G186500.v8.1,Manes.09G186500,(1 of 1) PTHR23081:SF2 - RNA POLYMERASE II C-TERMINAL DOMAIN PHOSPHATASE-LIKE 3,lightcyan,NA,gene
Manes.10G001600.v8.1,Manes.10G001600,,black,NA,gene
Manes.10G000600.v8.1,Manes.10G000600,(1 of 1) PTHR10994:SF67 - RETICULON-LIKE PROTEIN B16,lightcyan,NA,gene
Manes.10G006600.v8.1,Manes.10G006600,(1 of 2) K15296 - alpha-soluble NSF attachment protein (NAPA; SNAPA; SEC17),bisque4,NA,gene
Manes.10G007900.v8.1,Manes.10G007900,(1 of 4) PTHR31213//PTHR31213:SF3 - FAMILY NOT NAMED // ABSCISIC ACID RECEPTOR PYL4,lavenderblush2,NA,gene
Manes.10G009800.v8.1,Manes.10G009800,(1 of 1) PTHR14030//PTHR14030:SF2 - MITOTIC CHECKPOINT SERINE/THREONINE-PROTEIN KINASE BUB1 // SUBFAMILY NOT NAMED,black,NA,gene
Manes.10G017000.v8.1,Manes.10G017000,(1 of 3) PTHR32246:SF19 - CALCIUM-DEPENDENT LIPID-BINDING DOMAIN PROTEIN,white,NA,gene
Manes.10G020100.v8.1,Manes.10G020100,(1 of 10) PTHR11527//PTHR11527:SF152 - SMALL HEAT-SHOCK PROTEIN  HSP20  FAMILY // SUBFAMILY NOT NAMED,black,NA,gene
Manes.10G020800.v8.1,Manes.10G020800,,black,NA,gene
Manes.10G021100.v8.1,Manes.10G021100,,white,NA,gene
Manes.10G021300.v8.1,Manes.10G021300,,black,NA,gene
Manes.10G022200.v8.1,Manes.10G022200,(1 of 2) PTHR24209//PTHR24209:SF7 - FAMILY NOT NAMED // PROTEIN DA1-RELATED 2,plum3,NA,gene
Manes.10G022450.v8.1,Manes.10G022450,(1 of 10) PTHR23155//PTHR23155:SF634 - LEUCINE-RICH REPEAT-CONTAINING PROTEIN // SUBFAMILY NOT NAMED,skyblue4,NA,gene
Manes.10G025000.v8.1,Manes.10G025000,(1 of 2) 2.7.7.13//2.7.7.22 - Mannose-1-phosphate guanylyltransferase / GTP-mannose-1-phosphate guanylyltransferase // Mannose-1-phosphate guanylyltransferase (GDP) / GDP-mannose pyrophosphorylase,black,NA,gene
Manes.10G026300.v8.1,Manes.10G026300,(1 of 1) PTHR12271//PTHR12271:SF40 - POLY A  POLYMERASE CID  PAP -RELATED // POLY(A) RNA POLYMERASE GLD2,black,NA,gene
Manes.10G026351.v8.1,Manes.10G026351,,black,NA,gene
Manes.10G029400.v8.1,Manes.10G029400,(1 of 5) PTHR31867//PTHR31867:SF9 - FAMILY NOT NAMED // EXPANSIN-A6,black,NA,gene
Manes.10G029532.v8.1,Manes.10G029532,,white,NA,gene
Manes.10G031200.v8.1,Manes.10G031200,(1 of 2) PTHR31992:SF26 - DOF ZINC FINGER PROTEIN DOF2.4,black,NA,gene
Manes.10G032100.v8.1,Manes.10G032100,(1 of 3) K10575 - ubiquitin-conjugating enzyme E2 G1 (UBE2G1; UBC7),lightcyan,NA,gene
Manes.10G036400.v8.1,Manes.10G036400,(1 of 2) PTHR11614//PTHR11614:SF92 - PHOSPHOLIPASE-RELATED // ALPHA/BETA-HYDROLASES SUPERFAMILY PROTEIN-RELATED,lavenderblush2,NA,gene
Manes.10G036336.v8.1,Manes.10G036336,(1 of 3) PTHR12542:SF26 - EXOCYST SUBUNIT EXO70 FAMILY PROTEIN H1-RELATED,lightcyan,NA,gene
Manes.10G041600.v8.1,Manes.10G041600,(1 of 17) KOG0149 - Predicted RNA-binding protein SEB4 (RRM superfamily),black,NA,gene
Manes.10G045200.v8.1,Manes.10G045200,(1 of 1) 4.2.3.5 - Chorismate synthase / 5-enolpyruvylshikimate-3-phosphate phospholyase,lightcyan,NA,gene
Manes.10G048700.v8.1,Manes.10G048700,(1 of 1) PTHR19241//PTHR19241:SF304 - ATP-BINDING CASSETTE TRANSPORTER // ABC TRANSPORTER G FAMILY MEMBER 24,bisque4,NA,gene
Manes.10G052301.v8.1,Manes.10G052301,(1 of 1) PTHR31989:SF29 - F18K10.6 PROTEIN-RELATED,black,NA,gene
Manes.10G058300.v8.1,Manes.10G058300,(1 of 6) PF01424//PF12752 - R3H domain (R3H) // SUZ domain (SUZ),white,NA,gene
Manes.10G058650.v8.1,Manes.10G058650,(1 of 1) K14347 - solute carrier family 10 (sodium/bile acid cotransporter); member 7 (SLC10A7; P7),skyblue4,NA,gene
Manes.10G058900.v8.1,Manes.10G058900,(1 of 4) K02962 - small subunit ribosomal protein S17e (RP-S17e; RPS17),skyblue4,NA,gene
Manes.10G059400.v8.1,Manes.10G059400,(1 of 8) PF02330 - Mitochondrial glycoprotein (MAM33),black,NA,gene
Manes.10G062400.v8.1,Manes.10G062400,(1 of 7) K08511 - vesicle-associated membrane protein 72 (ATVAMP72),lavenderblush2,NA,gene
Manes.10G062800.v8.1,Manes.10G062800,(1 of 8) PTHR24078:SF261 - DNAJ (HSP40) HOMOLOG; SUBFAMILY A; MEMBER 3A,lavenderblush2,NA,gene
Manes.10G066800.v8.1,Manes.10G066800,(1 of 7) PTHR13068:SF18 - EMB|CAB62602.1,black,NA,gene
Manes.10G063700.v8.1,Manes.10G063700,(1 of 1) PTHR10887//PTHR10887:SF372//PTHR21529 - DNA2/NAM7 HELICASE FAMILY // SUBFAMILY NOT NAMED // MAMMARY TURMOR VIRUS RECEPTOR HOMOLOG 1; 2  MTVR1; 2,black,NA,gene
Manes.10G067800.v8.1,Manes.10G067800,(1 of 4) PTHR12357//PTHR12357:SF21 - YTH  YT521-B HOMOLOGY  DOMAIN-CONTAINING // SUBFAMILY NOT NAMED,lightcyan,NA,gene
Manes.10G068400.v8.1,Manes.10G068400,(1 of 1) PTHR10110//PTHR10110:SF119 - SODIUM/HYDROGEN EXCHANGER // SODIUM/HYDROGEN EXCHANGER 5-RELATED,lightcyan,NA,gene
Manes.10G068500.v8.1,Manes.10G068500,(1 of 8) PF00069//PF00560//PF13855 - Protein kinase domain (Pkinase) // Leucine Rich Repeat (LRR_1) // Leucine rich repeat (LRR_8),lightcyan,NA,gene
Manes.10G072200.v8.1,Manes.10G072200,(1 of 5) K14802 - phospholipid-transporting ATPase [EC:3.6.3.1] (DRS2; ATP8A),lightcyan,NA,gene
Manes.10G071200.v8.1,Manes.10G071200,(1 of 3) 3.1.3.24 - Sucrose-phosphate phosphatase / Sucrose-6-phosphate phosphatase,lightcyan,carb,gene
Manes.10G056200.v8.1,Manes.10G056200,(1 of 3) PF08553 - VID27 cytoplasmic protein (VID27),black,NA,gene
Manes.10G073200.v8.1,Manes.10G073200,(1 of 13) PF04788 - Protein of unknown function (DUF620) (DUF620),lightcyan,NA,gene
Manes.10G075100.v8.1,Manes.10G075100,(1 of 3) PTHR10177//PTHR10177:SF100 - CYCLINE // CYCLIN-A3-2-RELATED,white,NA,gene
Manes.10G076074.v8.1,Manes.10G076074,,white,NA,gene
Manes.10G079000.v8.1,Manes.10G079000,(1 of 55) PF13839 - GDSL/SGNH-like Acyl-Esterase family found in Pmr5 and Cas1p (PC-Esterase),skyblue4,NA,gene
Manes.10G080400.v8.1,Manes.10G080400,(1 of 18) 3.5.1.98 - Histone deacetylase / HDAC,black,NA,gene
Manes.10G082400.v8.1,Manes.10G082400,(1 of 4) PTHR21717//PTHR21717:SF27 - TELOMERIC REPEAT BINDING PROTEIN // TELOMERE REPEAT-BINDING FACTOR 2-RELATED,white,NA,gene
Manes.10G084200.v8.1,Manes.10G084200,(1 of 1) PF02162//PF12734 - XYPPX repeat (two copies) (XYPPX) // Cysteine-rich TM module stress tolerance (CYSTM),white,NA,gene
Manes.10G094333.v8.1,Manes.10G094333,(1 of 2) PTHR22880//PTHR22880:SF147 - FALZ-RELATED BROMODOMAIN-CONTAINING PROTEINS // SUBFAMILY NOT NAMED,plum3,NA,gene
Manes.10G103000.v8.1,Manes.10G103000,(1 of 7) PTHR31376//PTHR31376:SF1 - FAMILY NOT NAMED // PURINE PERMEASE 1-RELATED,black,NA,gene
Manes.10G105156.v8.1,Manes.10G105156,(1 of 2) PTHR31279//PTHR31279:SF12 - FAMILY NOT NAMED // PHI-1-LIKE PROTEIN,black,NA,gene
Manes.10G105300.v8.1,Manes.10G105300,(1 of 24) 2.4.1.324 - 7-deoxyloganetin glucosyltransferase / UGT85A24,lightcyan,NA,gene
Manes.10G106300.v8.1,Manes.10G106300,(1 of 1) PTHR13479//PTHR13479:SF44 - 30S RIBOSOMAL PROTEIN S18 // F10K1.8 PROTEIN,lightcyan,NA,gene
Manes.10G110100.v8.1,Manes.10G110100,(1 of 1) PTHR11689//PTHR11689:SF87 - CHLORIDE CHANNEL // SUBFAMILY NOT NAMED,black,NA,gene
Manes.10G119200.v8.1,Manes.10G119200,(1 of 25) PF11955 - Plant organelle RNA recognition domain (PORR),bisque4,NA,gene
Manes.10G122600.v8.1,Manes.10G122600,(1 of 3) K04551 - ubiquitin B (UBB),black,NA,gene
Manes.10G133665.v8.1,Manes.10G133665,(1 of 45) KOG1947 - Leucine rich repeat proteins; some proteins contain F-box,lavenderblush2,NA,gene
Manes.10G135200.v8.1,Manes.10G135200,(1 of 5) 3.4.24.71 - Endothelin-converting enzyme 1 / ECE-1,white,NA,gene
Manes.10G140401.v8.1,Manes.10G140401,(1 of 49) PF00560//PF13855 - Leucine Rich Repeat (LRR_1) // Leucine rich repeat (LRR_8),black,NA,gene
Manes.10G139200.v8.1,Manes.10G139200,(1 of 2) PTHR10742:SF273 - POLYAMINE OXIDASE 1,lavenderblush2,NA,gene
Manes.10G141100.v8.1,Manes.10G141100,(1 of 1) K16615 - actin-related protein 7; plant (PARP7),white,NA,gene
Manes.10G141300.v8.1,Manes.10G141300,(1 of 1) PTHR10543:SF37 - CAROTENOID 9;10(9';10')-CLEAVAGE DIOXYGENASE 1,lightcyan,NA,gene
Manes.10G141651.v8.1,Manes.10G141651,(1 of 6) PTHR23155//PTHR23155:SF414 - LEUCINE-RICH REPEAT-CONTAINING PROTEIN // SUBFAMILY NOT NAMED,black,NA,gene
Manes.10G141700.v8.1,Manes.10G141700,(1 of 86) PTHR23155//PTHR23155:SF563 - LEUCINE-RICH REPEAT-CONTAINING PROTEIN // SUBFAMILY NOT NAMED,black,NA,gene
Manes.10G141900.v8.1,Manes.10G141900,(1 of 6) PTHR23155//PTHR23155:SF414 - LEUCINE-RICH REPEAT-CONTAINING PROTEIN // SUBFAMILY NOT NAMED,black,NA,gene
Manes.10G142200.v8.1,Manes.10G142200,(1 of 86) PTHR23155//PTHR23155:SF563 - LEUCINE-RICH REPEAT-CONTAINING PROTEIN // SUBFAMILY NOT NAMED,black,NA,gene
Manes.10G143800.v8.1,Manes.10G143800,(1 of 5) K19045 - E3 ubiquitin-protein ligase BIG BROTHER and related proteins [EC:6.3.2.19] (BB),black,NA,gene
Manes.10G144100.v8.1,Manes.10G144100,(1 of 39) K01188 - beta-glucosidase (E3.2.1.21),lightcyan,NA,gene
Manes.10G147900.v8.1,Manes.10G147900,(1 of 2) PTHR24078//PTHR24078:SF289 - DNAJ HOMOLOG SUBFAMILY C MEMBER // SUBFAMILY NOT NAMED,black,NA,gene
Manes.11G001200.v8.1,Manes.11G001200,(1 of 1) PTHR10827//PTHR10827:SF52 - RETICULOCALBIN // IP16409P,lightcyan,NA,gene
Manes.11G001400.v8.1,Manes.11G001400,(1 of 5) PTHR31969//PTHR31969:SF1 - FAMILY NOT NAMED // GEM-LIKE PROTEIN 4-RELATED,white,NA,gene
Manes.11G002300.v8.1,Manes.11G002300,(1 of 2) K11841 - ubiquitin carboxyl-terminal hydrolase 10 [EC:3.4.19.12] (USP10; UBP3),black,NA,gene
Manes.11G002700.v8.1,Manes.11G002700,(1 of 1) PTHR18829:SF0 - YAE1 DOMAIN-CONTAINING PROTEIN 1,black,NA,gene
Manes.11G004100.v8.1,Manes.11G004100,(1 of 1) PTHR10315//PTHR10315:SF29 - SEVEN IN ABSENTIA HOMOLOG // SUBFAMILY NOT NAMED,lightcyan,NA,gene
Manes.11G004900.v8.1,Manes.11G004900,(1 of 2) PTHR26402//PTHR26402:SF574 - RESPONSE REGULATOR OF TWO-COMPONENT SYSTEM // SUBFAMILY NOT NAMED,lightcyan,NA,gene
Manes.11G009900.v8.1,Manes.11G009900,(1 of 3) PTHR10641:SF475 - MYB TRANSCRIPTION FACTOR-RELATED,white,NA,gene
Manes.11G011200.v8.1,Manes.11G011200,(1 of 6) PTHR21493:SF131 - ALPHA/BETA-HYDROLASES,black,NA,gene
Manes.11G015400.v8.1,Manes.11G015400,(1 of 3) PTHR31307:SF4 - 6B-INTERACTING PROTEIN 1-LIKE 1-RELATED,black,NA,gene
Manes.11G015900.v8.1,Manes.11G015900,(1 of 3) K08517 - vesicle transport protein SEC22 (SEC22),white,NA,gene
Manes.11G016500.v8.1,Manes.11G016500,(1 of 1) PTHR10098//PTHR10098:SF117 - RAPSYN-RELATED // SUBFAMILY NOT NAMED,black,NA,gene
Manes.11G019300.v8.1,Manes.11G019300,(1 of 1569) 2.7.11.1 - Non-specific serine/threonine protein kinase / Threonine-specific protein kinase,black,NA,gene
Manes.11G022100.v8.1,Manes.11G022100,(1 of 5) 2.3.1.158//2.3.1.20 - Phospholipid:diacylglycerol acyltransferase / PDAT // Diacylglycerol O-acyltransferase / Diglyceride acyltransferase,lightcyan,NA,gene
Manes.11G023800.v8.1,Manes.11G023800,(1 of 18) PF12023 - Domain of unknown function (DUF3511) (DUF3511),skyblue4,NA,gene
Manes.11G025200.v8.1,Manes.11G025200,(1 of 2) K18121 - glyoxylate/succinic semialdehyde reductase (GLYR),skyblue4,NA,gene
Manes.11G027100.v8.1,Manes.11G027100,,lightcyan,NA,gene
Manes.11G030600.v8.1,Manes.11G030600,,black,NA,gene
Manes.11G032800.v8.1,Manes.11G032800,(1 of 4) PTHR32295//PTHR32295:SF10 - FAMILY NOT NAMED // CALMODULIN-BINDING FAMILY PROTEIN,bisque4,NA,gene
Manes.11G034400.v8.1,Manes.11G034400,(1 of 4) PTHR11909:SF73 - PROTEIN KINASE FAMILY PROTEIN,black,NA,gene
Manes.11G035100.v8.1,Manes.11G035100,(1 of 2) PTHR11615//PTHR11615:SF118 - NITRATE; FROMATE; IRON DEHYDROGENASE // SUBFAMILY NOT NAMED,lightcyan,NA,gene
Manes.11G037200.v8.1,Manes.11G037200,(1 of 3) PTHR11654//PTHR11654:SF157 - OLIGOPEPTIDE TRANSPORTER-RELATED // PROTEIN NRT1/ PTR FAMILY 1.1-RELATED,black,NA,gene
Manes.11G045066.v8.1,Manes.11G045066,(1 of 5) K10393 - kinesin family member 2/24 (KIF2_24; MCAK),white,NA,gene
Manes.11G045132.v8.1,Manes.11G045132,,lavenderblush2,NA,gene
Manes.11G049700.v8.1,Manes.11G049700,(1 of 2) PTHR31970:SF0 - MOLYBDATE TRANSPORTER 2,black,NA,gene
Manes.11G049100.v8.1,Manes.11G049100,(1 of 19) K11251 - histone H2A (H2A),black,NA,gene
Manes.11G051180.v8.1,Manes.11G051180,(1 of 1) K13338 - peroxin-1 (PEX1),black,NA,gene
Manes.11G052200.v8.1,Manes.11G052200,(1 of 2) K02265 - cytochrome c oxidase subunit 5b (COX5B),black,NA,gene
Manes.11G056000.v8.1,Manes.11G056000,,lavenderblush2,NA,gene
Manes.11G057300.v8.1,Manes.11G057300,(1 of 1) PTHR27001//PTHR27001:SF88 - FAMILY NOT NAMED // PROTEIN KINASE SUPERFAMILY PROTEIN,black,NA,gene
Manes.11G057500.v8.1,Manes.11G057500,(1 of 7) K00759 - adenine phosphoribosyltransferase (APRT; apt),lightcyan,NA,gene
Manes.11G057800.v8.1,Manes.11G057800,(1 of 1) K14769 - U3 small nucleolar RNA-associated protein 11 (UTP11),lightcyan,NA,gene
Manes.11G058100.v8.1,Manes.11G058100,,black,NA,gene
Manes.11G058800.v8.1,Manes.11G058800,(1 of 2) PTHR12601//PTHR12601:SF18 - EUKARYOTIC TRANSLATION INITIATION FACTOR 3 SUBUNIT  EIF-3 // TETRATRICOPEPTIDE REPEAT-CONTAINING PROTEIN,black,NA,gene
Manes.11G060199.v8.1,Manes.11G060199,(1 of 2) PF00560//PF07723//PF13855 - Leucine Rich Repeat (LRR_1) // Leucine Rich Repeat (LRR_2) // Leucine rich repeat (LRR_8),bisque4,NA,gene
Manes.11G060900.v8.1,Manes.11G060900,,black,NA,gene
Manes.11G062600.v8.1,Manes.11G062600,(1 of 44) PF03140 - Plant protein of unknown function (DUF247),lavenderblush2,NA,gene
Manes.11G068300.v8.1,Manes.11G068300,(1 of 3) K17499 - protein phosphatase 1G [EC:3.1.3.16] (PPM1G; PP2CG),white,NA,gene
Manes.11G068900.v8.1,Manes.11G068900,,bisque4,NA,gene
Manes.11G071500.v8.1,Manes.11G071500,(1 of 3) KOG0651 - 26S proteasome regulatory complex; ATPase RPT4,lavenderblush2,NA,gene
Manes.11G071900.v8.1,Manes.11G071900,(1 of 3) K03265 - peptide chain release factor subunit 1 (ETF1; ERF1),black,NA,gene
Manes.11G074000.v8.1,Manes.11G074000,(1 of 3) K04681 - retinoblastoma-like protein 1 (RBL1),black,NA,gene
Manes.11G074100.v8.1,Manes.11G074100,(1 of 2) PTHR30540:SF9 - POTASSIUM TRANSPORTER 4,white,NA,gene
Manes.11G077300.v8.1,Manes.11G077300,(1 of 1) PTHR24322:SF547 - ALCOHOL DEHYDROGENASE-LIKE PROTEIN,plum3,carot,gene
Manes.11G079800.v8.1,Manes.11G079800,,lightcyan,NA,gene
Manes.11G086500.v8.1,Manes.11G086500,(1 of 1) PTHR31964:SF26 - SUGAR UTILIZATION REGULATORY PROTEIN IMP2,black,NA,gene
Manes.11G085200.v8.1,Manes.11G085200,(1 of 13) PF14364 - Domain of unknown function (DUF4408) (DUF4408),black,NA,gene
Manes.11G088451.v8.1,Manes.11G088451,(1 of 2) PTHR23070//PTHR23070:SF32 - BCS1 AAA-TYPE ATPASE // SUBFAMILY NOT NAMED,black,NA,gene
Manes.11G084300.v8.1,Manes.11G084300,(1 of 2) PTHR23070//PTHR23070:SF32 - BCS1 AAA-TYPE ATPASE // SUBFAMILY NOT NAMED,black,NA,gene
Manes.11G084400.v8.1,Manes.11G084400,(1 of 2) K13998 - dihydrofolate reductase / thymidylate synthase (DHFR-TS),black,NA,gene
Manes.11G091200.v8.1,Manes.11G091200,(1 of 1) PTHR12790:SF0 - RNA POLYMERASE I-SPECIFIC TRANSCRIPTION INITIATION FACTOR RRN3-RELATED,lightcyan,NA,gene
Manes.11G084185.v8.1,Manes.11G084185,,lavenderblush2,NA,gene
Manes.11G089800.v8.1,Manes.11G089800,,lightcyan,NA,gene
Manes.11G090100.v8.1,Manes.11G090100,(1 of 2) K13249 - translocon-associated protein subunit alpha (SSR1),bisque4,NA,gene
Manes.11G095500.v8.1,Manes.11G095500,(1 of 3) PTHR21576:SF17 - MAJOR FACILITATOR FAMILY PROTEIN,black,NA,gene
Manes.11G098300.v8.1,Manes.11G098300,(1 of 3) PTHR24006:SF449 - PROTEIN C48D1.1; ISOFORM A-RELATED,white,NA,gene
Manes.11G106600.v8.1,Manes.11G106600,(1 of 21) PF04782//PF04783 - Protein of unknown function (DUF632) (DUF632) // Protein of unknown function (DUF630) (DUF630),skyblue4,NA,gene
Manes.11G108000.v8.1,Manes.11G108000,(1 of 16) K01537 - Ca2+-transporting ATPase (E3.6.3.8),lightcyan,NA,gene
Manes.11G116200.v8.1,Manes.11G116200,(1 of 3) PTHR10231//PTHR10231:SF25 - NUCLEOTIDE-SUGAR TRANSMEMBRANE TRANSPORTER // UDP-SUGAR TRANSPORTER PROTEIN SLC35A4-RELATED,lightcyan,NA,gene
Manes.11G118300.v8.1,Manes.11G118300,(1 of 3) PTHR11685:SF154 - E3 UBIQUITIN-PROTEIN LIGASE ARI5-RELATED,skyblue4,NA,gene
Manes.11G122900.v8.1,Manes.11G122900,(1 of 7) PF13968 - Domain of unknown function (DUF4220) (DUF4220),black,NA,gene
Manes.11G123000.v8.1,Manes.11G123000,(1 of 1) 3.5.2.9 - 5-oxoprolinase (ATP-hydrolyzing) / Pyroglutamase (ATP-hydrolyzing),white,NA,gene
Manes.11G125500.v8.1,Manes.11G125500,(1 of 8) PF06075 - Plant protein of unknown function (DUF936) (DUF936),lightcyan,NA,gene
Manes.11G128000.v8.1,Manes.11G128000,(1 of 2) K03969 - phage shock protein A (pspA),black,NA,gene
Manes.11G128600.v8.1,Manes.11G128600,(1 of 1) K02684 - DNA primase small subunit (PRI1),lightcyan,NA,gene
Manes.11G131600.v8.1,Manes.11G131600,(1 of 45) PF02701 - Dof domain; zinc finger (zf-Dof),black,NA,gene
Manes.11G132100.v8.1,Manes.11G132100,(1 of 36) PF00314 - Thaumatin family (Thaumatin),plum3,NA,gene
Manes.11G132250.v8.1,Manes.11G132250,(1 of 11) PF04937 - Protein of unknown function (DUF 659) (DUF659),plum3,NA,gene
Manes.11G138200.v8.1,Manes.11G138200,(1 of 1) K08282 - non-specific serine/threonine protein kinase (E2.7.11.1),black,NA,gene
Manes.11G139102.v8.1,Manes.11G139102,,lightcyan,NA,gene
Manes.11G139600.v8.1,Manes.11G139600,(1 of 3) K10643 - CCR4-NOT transcription complex subunit 4 (CNOT4; NOT4; MOT2),lavenderblush2,NA,gene
Manes.11G139800.v8.1,Manes.11G139800,(1 of 1) PTHR11654:SF19 - PROTEIN NRT1/ PTR FAMILY 2.1-RELATED,plum3,NA,gene
Manes.11G140900.v8.1,Manes.11G140900,(1 of 2) PTHR11685//PTHR11685:SF107 - RBR FAMILY  RING FINGER AND IBR DOMAIN-CONTAINING // C3H4 TYPE ZINC FINGER PROTEIN-RELATED,lightcyan,NA,gene
Manes.11G141900.v8.1,Manes.11G141900,,plum3,NA,gene
Manes.11G142200.v8.1,Manes.11G142200,(1 of 1) 1.3.8.4//1.3.99.12 - Isovaleryl-CoA dehydrogenase // 2-methylacyl-CoA dehydrogenase / Branched-chain acyl-CoA dehydrogenase,black,NA,gene
Manes.11G144500.v8.1,Manes.11G144500,(1 of 3) PTHR23012//PTHR23012:SF79 - MEMBRANE ASSOCIATED RING FINGER // SUBFAMILY NOT NAMED,lightcyan,NA,gene
Manes.11G144700.v8.1,Manes.11G144700,(1 of 2) 1.17.7.1 - (E)-4-hydroxy-3-methylbut-2-enyl-diphosphate synthase (ferredoxin) / 4-hydroxy-3-methylbut-2-en-1-yl diphosphate synthase,black,carot,gene
Manes.11G145800.v8.1,Manes.11G145800,(1 of 1) KOG0997 - Uncharacterized conserved protein Sand,black,NA,gene
Manes.11G146400.v8.1,Manes.11G146400,(1 of 3) K13113 - ubiquitin-like protein 5 (UBL5; HUB1),white,NA,gene
Manes.11G151400.v8.1,Manes.11G151400,(1 of 2) K12193 - charged multivesicular body protein 3 (VPS24; CHMP3),white,NA,gene
Manes.11G155800.v8.1,Manes.11G155800,(1 of 2) PTHR22880//PTHR22880:SF167 - FALZ-RELATED BROMODOMAIN-CONTAINING PROTEINS // DNA BINDING AND ZINC-FINGER DOMAIN-CONTAINING PROTEIN-RELATED,lightcyan,NA,gene
Manes.11G158100.v8.1,Manes.11G158100,,lightcyan,NA,gene
Manes.11G158633.v8.1,Manes.11G158633,(1 of 5) PTHR31549:SF3 - EMB|CAB72473.1,skyblue4,NA,gene
Manes.11G158700.v8.1,Manes.11G158700,(1 of 2) 2.5.1.75 - tRNA dimethylallyltransferase / tRNA prenyltransferase,white,NA,gene
Manes.11G161800.v8.1,Manes.11G161800,(1 of 2) K02865 - large subunit ribosomal protein L10Ae (RP-L10Ae; RPL10A),black,NA,gene
Manes.11G162900.v8.1,Manes.11G162900,(1 of 3) PTHR10183//PTHR10183:SF299 - CALPAIN // SUBFAMILY NOT NAMED,black,NA,gene
Manes.11G163400.v8.1,Manes.11G163400,(1 of 2) PTHR31989//PTHR31989:SF4 - FAMILY NOT NAMED // NAC DOMAIN-CONTAINING PROTEIN 61-RELATED,black,NA,gene
Manes.11G165500.v8.1,Manes.11G165500,(1 of 67) PF03168 - Late embryogenesis abundant protein (LEA_2),black,NA,gene
Manes.12G002100.v8.1,Manes.12G002100,(1 of 1) PTHR14795//PTHR14795:SF1 - HELICASE RELATED // SUBFAMILY NOT NAMED,white,NA,gene
Manes.12G007900.v8.1,Manes.12G007900,(1 of 2) PTHR23429//PTHR23429:SF3 - GLUCOSE-6-PHOSPHATE 1-DEHYDROGENASE  G6PD // GLUCOSE-6-PHOSPHATE 1-DEHYDROGENASE 2; CHLOROPLASTIC-RELATED,black,NA,gene
Manes.12G008400.v8.1,Manes.12G008400,,lightcyan,NA,gene
Manes.12G012700.v8.1,Manes.12G012700,(1 of 3) K02880 - large subunit ribosomal protein L17e (RP-L17e; RPL17),black,NA,gene
Manes.12G013400.v8.1,Manes.12G013400,(1 of 2) PTHR27008//PTHR27008:SF4 - FAMILY NOT NAMED // LEUCINE-RICH REPEAT PROTEIN KINASE FAMILY PROTEIN,black,NA,gene
Manes.12G013500.v8.1,Manes.12G013500,(1 of 2) K02737 - 20S proteasome subunit beta 5 (PSMB5),white,NA,gene
Manes.12G015600.v8.1,Manes.12G015600,(1 of 5) PF06522 - NADH-ubiquinone reductase complex 1 MLRQ subunit (B12D),bisque4,NA,gene
Manes.12G016300.v8.1,Manes.12G016300,,white,NA,gene
Manes.12G017100.v8.1,Manes.12G017100,(1 of 1) PTHR11804//PTHR11804:SF42 - PROTEASE M3 THIMET OLIGOPEPTIDASE-RELATED // SUBFAMILY NOT NAMED,white,NA,gene
Manes.12G021900.v8.1,Manes.12G021900,(1 of 11) PF05212 - Protein of unknown function (DUF707) (DUF707),black,NA,gene
Manes.12G022400.v8.1,Manes.12G022400,(1 of 37) PF03000 - NPH3 family (NPH3),black,NA,gene
Manes.12G022500.v8.1,Manes.12G022500,,black,NA,gene
Manes.12G027700.v8.1,Manes.12G027700,(1 of 5) K17609 - nucleoredoxin [EC:1.8.1.8] (NXN),black,NA,gene
Manes.12G027800.v8.1,Manes.12G027800,(1 of 5) K17609 - nucleoredoxin [EC:1.8.1.8] (NXN),black,NA,gene
Manes.12G028000.v8.1,Manes.12G028000,(1 of 1) PTHR31945//PTHR31945:SF14 - FAMILY NOT NAMED // TRANSCRIPTION FACTOR BHLH90,lightcyan,NA,gene
Manes.12G028100.v8.1,Manes.12G028100,(1 of 2) PTHR32263//PTHR32263:SF8 - FAMILY NOT NAMED // INACTIVE POLY [ADP-RIBOSE] POLYMERASE SRO2-RELATED,black,NA,gene
Manes.12G029366.v8.1,Manes.12G029366,(1 of 1) KOG2681 - Metal-dependent phosphohydrolase,black,NA,gene
Manes.12G033500.v8.1,Manes.12G033500,(1 of 152) PF02365 - No apical meristem (NAM) protein (NAM),lightcyan,NA,gene
Manes.12G039200.v8.1,Manes.12G039200,(1 of 2) PTHR33271//PTHR33271:SF3 - FAMILY NOT NAMED // CUPIN DOMAIN-CONTAINING PROTEIN,white,NA,gene
Manes.12G040800.v8.1,Manes.12G040800,(1 of 1) PTHR24106:SF146 - RNI-LIKE SUPERFAMILY PROTEIN,lavenderblush2,NA,gene
Manes.12G044400.v8.1,Manes.12G044400,(1 of 2) K16578 - CLIP-associating protein 1/2 (CLASP1_2),black,NA,gene
Manes.12G043800.v8.1,Manes.12G043800,(1 of 1) KOG2857 - Predicted MYND Zn-finger protein/hormone receptor interactor,white,NA,gene
Manes.12G043100.v8.1,Manes.12G043100,(1 of 1) 1.1.1.1//1.1.1.22 - Alcohol dehydrogenase / Aldehyde reductase // UDP-glucose 6-dehydrogenase,black,carb,gene
Manes.12G043301.v8.1,Manes.12G043301,(1 of 9) PF07714//PF12819//PF13855 - Protein tyrosine kinase (Pkinase_Tyr) // Carbohydrate-binding protein of the ER (Malectin_like) // Leucine rich repeat (LRR_8),skyblue4,NA,gene
Manes.12G046000.v8.1,Manes.12G046000,(1 of 2) 3.1.3.2//3.1.3.26 - Acid phosphatase / Phosphomonoesterase // 4-phytase / Phytate 6-phosphatase,lightcyan,NA,gene
Manes.12G046200.v8.1,Manes.12G046200,(1 of 3) PTHR33385:SF4 - PROTEIN XRI1,white,NA,gene
Manes.12G047900.v8.1,Manes.12G047900,(1 of 2) PTHR10693:SF23 - NUCLEAR TRANSPORT FACTOR 2 AND RNA RECOGNITION MOTIF DOMAIN-CONTAINING PROTEIN-RELATED,lightcyan,NA,gene
Manes.12G049300.v8.1,Manes.12G049300,(1 of 1) PTHR14241//PTHR14241:SF10 - INTERFERON-INDUCED PROTEIN 44 // VON WILLEBRAND FACTOR A DOMAIN-CONTAINING PROTEIN DDB_G0292188,black,NA,gene
Manes.12G049600.v8.1,Manes.12G049600,(1 of 1) K08830 - renal tumor antigen [EC:2.7.11.22] (RAGE; MOK),black,NA,gene
Manes.12G049701.v8.1,Manes.12G049701,(1 of 12) 1.6.5.5 - NADPH:quinone reductase / Zeta-crystallin,black,NA,gene
Manes.12G051600.v8.1,Manes.12G051600,(1 of 1) PTHR24351:SF69 - AGC (CAMP-DEPENDENT; CGMP-DEPENDENT AND PROTEIN KINASE C) KINASE FAMILY PROTEIN-RELATED,black,NA,gene
Manes.12G052100.v8.1,Manes.12G052100,(1 of 1) PTHR21493//PTHR21493:SF84 - CGI-141-RELATED/LIPASE CONTAINING PROTEIN // F21O3.11 PROTEIN,black,NA,gene
Manes.12G054500.v8.1,Manes.12G054500,(1 of 2) 3.1.2.2//3.1.2.20 - Palmitoyl-CoA hydrolase / Long-chain fatty-acyl-CoA hydrolase // Acyl-CoA hydrolase,plum3,NA,gene
Manes.12G057700.v8.1,Manes.12G057700,,skyblue4,NA,gene
Manes.12G062302.v8.1,Manes.12G062302,(1 of 23) KOG4293 - Predicted membrane protein; contains DoH and Cytochrome b-561/ferric reductase transmembrane domains,black,NA,gene
Manes.12G065000.v8.1,Manes.12G065000,(1 of 1) 3.4.19.5//3.5.1.1 - Beta-aspartyl-peptidase // Asparaginase / L-asparagine amidohydrolase,white,NA,gene
Manes.12G065800.v8.1,Manes.12G065800,(1 of 1) 2.4.1.143 - Alpha-1;6-mannosyl-glycoprotein 2-beta-N-acetylglucosaminyltransferase / 1->6-acetylglucosaminyltransferase,white,NA,gene
Manes.12G063603.v8.1,Manes.12G063603,(1 of 3) PTHR12758:SF13 - GBF-INTERACTING PROTEIN 1,white,NA,gene
Manes.12G064600.v8.1,Manes.12G064600,(1 of 2) PTHR14155//PTHR14155:SF184 - RING FINGER DOMAIN-CONTAINING // SUBFAMILY NOT NAMED,white,NA,gene
Manes.12G067900.v8.1,Manes.12G067900,(1 of 2) PTHR22572:SF101 - GLUCOSE-1-PHOSPHATE ADENYLYLTRANSFERASE SMALL SUBUNIT; CHLOROPLASTIC,black,carb,gene
Manes.12G070801.v8.1,Manes.12G070801,,skyblue4,NA,gene
Manes.12G071800.v8.1,Manes.12G071800,(1 of 3) PTHR27001//PTHR27001:SF12 - FAMILY NOT NAMED // CHITIN ELICITOR RECEPTOR KINASE 1,bisque4,NA,gene
Manes.12G072000.v8.1,Manes.12G072000,,white,NA,gene
Manes.12G072300.v8.1,Manes.12G072300,(1 of 6) PF06364 - Protein of unknown function (DUF1068) (DUF1068),bisque4,NA,gene
Manes.12G075000.v8.1,Manes.12G075000,(1 of 1) PTHR11655//PTHR11655:SF14 - 60S/50S RIBOSOMAL PROTEIN L6/L9 // 54S RIBOSOMAL PROTEIN L6; MITOCHONDRIAL,skyblue4,NA,gene
Manes.12G076300.v8.1,Manes.12G076300,(1 of 3) PTHR31235//PTHR31235:SF39 - FAMILY NOT NAMED // PEROXIDASE 3-RELATED,lightcyan,NA,gene
Manes.12G077300.v8.1,Manes.12G077300,(1 of 19) PF06749 - Protein of unknown function (DUF1218) (DUF1218),plum3,NA,gene
Manes.12G081500.v8.1,Manes.12G081500,(1 of 2) PTHR24349//PTHR24349:SF166 - SERINE/THREONINE-PROTEIN KINASE // CALCIUM-DEPENDENT PROTEIN KINASE 11-RELATED,white,NA,gene
Manes.12G084800.v8.1,Manes.12G084800,(1 of 1) PTHR23293//PTHR23293:SF9 - FAD SYNTHETASE-RELATED  FMN ADENYLYLTRANSFERASE // FAD SYNTHASE,white,NA,gene
Manes.12G087000.v8.1,Manes.12G087000,(1 of 3) PTHR11266//PTHR11266:SF16 - PEROXISOMAL MEMBRANE PROTEIN 2; PXMP2  MPV17 // PEROXISOMAL MEMBRANE (MPV17/PMP22) FAMILY PROTEIN,lightcyan,NA,gene
Manes.12G089066.v8.1,Manes.12G089066,(1 of 2) PTHR27007:SF9 - L-TYPE LECTIN-DOMAIN CONTAINING RECEPTOR KINASE VII.1-RELATED,black,NA,gene
Manes.12G089256.v8.1,Manes.12G089256,(1 of 1) PTHR24067//PTHR24067:SF137 - UBIQUITIN-CONJUGATING ENZYME E2 // SUBFAMILY NOT NAMED,white,NA,gene
Manes.12G089294.v8.1,Manes.12G089294,,lightcyan,NA,gene
Manes.12G089408.v8.1,Manes.12G089408,(1 of 2) PTHR31805:SF3 - PROLINE-RICH PROTEIN-RELATED,black,NA,gene
Manes.12G098200.v8.1,Manes.12G098200,(1 of 2) K10579 - ubiquitin-conjugating enzyme E2 M (UBE2M; UBC12),black,NA,gene
Manes.12G103000.v8.1,Manes.12G103000,,black,NA,gene
Manes.12G104500.v8.1,Manes.12G104500,(1 of 63) PF12937 - F-box-like (F-box-like),lightcyan,NA,gene
Manes.12G108600.v8.1,Manes.12G108600,(1 of 2) PTHR24093//PTHR24093:SF272 - FAMILY NOT NAMED // CADMIUM/ZINC-TRANSPORTING ATPASE HMA1; CHLOROPLASTIC-RELATED,plum3,NA,gene
Manes.12G114300.v8.1,Manes.12G114300,(1 of 366) PF00067 - Cytochrome P450 (p450),black,NA,gene
Manes.12G109100.v8.1,Manes.12G109100,,white,NA,gene
Manes.12G112200.v8.1,Manes.12G112200,(1 of 2) PTHR24078//PTHR24078:SF250 - DNAJ HOMOLOG SUBFAMILY C MEMBER // CHAPERONE DNAJ-DOMAIN CONTAINING PROTEIN-RELATED,lightcyan,NA,gene
Manes.12G118700.v8.1,Manes.12G118700,(1 of 3) 2.6.1.42//2.6.1.88 - Branched-chain-amino-acid transaminase / Transaminase B // Methionine transaminase / Methionine-oxo-acid transaminase,black,NA,gene
Manes.12G119200.v8.1,Manes.12G119200,(1 of 2) K02266 - cytochrome c oxidase subunit 6a (COX6A),white,NA,gene
Manes.12G120300.v8.1,Manes.12G120300,(1 of 1) 1.3.1.91 - tRNA-dihydrouridine(20) synthase (NAD(P)(+)) / tRNA-dihydrouridine synthase 2,black,NA,gene
Manes.12G125500.v8.1,Manes.12G125500,(1 of 2) PTHR32467//PTHR32467:SF33 - FAMILY NOT NAMED // AP2-LIKE ETHYLENE-RESPONSIVE TRANSCRIPTION FACTOR AIL6-RELATED,black,NA,gene
Manes.12G126100.v8.1,Manes.12G126100,(1 of 2) PTHR31631//PTHR31631:SF0 - FAMILY NOT NAMED // KINASE INTERACTING (KIP1-LIKE) FAMILY PROTEIN,plum3,NA,gene
Manes.12G127600.v8.1,Manes.12G127600,,black,NA,gene
Manes.12G127700.v8.1,Manes.12G127700,(1 of 2) PTHR33222//PTHR33222:SF2 - FAMILY NOT NAMED // PROTEIN CURVATURE THYLAKOID 1D; CHLOROPLASTIC,black,NA,gene
Manes.12G129100.v8.1,Manes.12G129100,(1 of 13) K11253 - histone H3 (H3),plum3,NA,gene
Manes.12G130600.v8.1,Manes.12G130600,(1 of 3) PTHR24343:SF207 - SERINE/THREONINE-PROTEIN KINASE SRK2C,lightcyan,NA,gene
Manes.12G131800.v8.1,Manes.12G131800,,lightcyan,NA,gene
Manes.12G133000.v8.1,Manes.12G133000,(1 of 5) PTHR11926//PTHR11926:SF269 - GLUCOSYL/GLUCURONOSYL TRANSFERASES // SUBFAMILY NOT NAMED,lightcyan,NA,gene
Manes.12G133400.v8.1,Manes.12G133400,(1 of 47) 2.7.10.1//2.7.11.1 - Receptor protein-tyrosine kinase / Receptor protein tyrosine kinase // Non-specific serine/threonine protein kinase / Threonine-specific protein kinase,black,NA,gene
Manes.12G133700.v8.1,Manes.12G133700,(1 of 5) PTHR10593//PTHR10593:SF41 - SERINE/THREONINE-PROTEIN KINASE RIO // SUBFAMILY NOT NAMED,lightcyan,NA,gene
Manes.12G136800.v8.1,Manes.12G136800,(1 of 9) PTHR31657:SF9 - ETHYLENE-RESPONSIVE TRANSCRIPTION FACTOR CRF5-RELATED,white,NA,gene
Manes.12G136900.v8.1,Manes.12G136900,,black,NA,gene
Manes.12G137700.v8.1,Manes.12G137700,(1 of 1) PTHR33059:SF4 - F28K19.24-RELATED,black,NA,gene
Manes.12G139300.v8.1,Manes.12G139300,(1 of 2) 1.1.1.101 - Acylglycerone-phosphate reductase / Palmitoyldihydroxyacetone-phosphate reductase,black,NA,gene
Manes.12G139400.v8.1,Manes.12G139400,,bisque4,NA,gene
Manes.12G142600.v8.1,Manes.12G142600,(1 of 1) PTHR33471//PTHR33471:SF5 - FAMILY NOT NAMED // EXPRESSED PROTEIN,black,NA,gene
Manes.12G144300.v8.1,Manes.12G144300,(1 of 2) 1.10.99.3 - Transferred entry: 1.23.5.1,black,carot,gene
Manes.12G148500.v8.1,Manes.12G148500,(1 of 115) PF00226 - DnaJ domain (DnaJ),lightcyan,NA,gene
Manes.12G149600.v8.1,Manes.12G149600,(1 of 1) 1.14.13.113 - FAD-dependent urate hydroxylase / Urate hydroxylase,black,NA,gene
Manes.12G149800.v8.1,Manes.12G149800,(1 of 2) PTHR11695//PTHR11695:SF567 - ALCOHOL DEHYDROGENASE RELATED // SUBFAMILY NOT NAMED,bisque4,NA,gene
Manes.12G150600.v8.1,Manes.12G150600,(1 of 4) PTHR11937//PTHR11937:SF247 - ACTIN // SUBFAMILY NOT NAMED,black,NA,gene
Manes.12G152200.v8.1,Manes.12G152200,(1 of 2) PTHR22849//PTHR22849:SF20 - WDSAM1 PROTEIN // SUBFAMILY NOT NAMED,lightcyan,NA,gene
Manes.12G153400.v8.1,Manes.12G153400,(1 of 4) PTHR31707//PTHR31707:SF24 - FAMILY NOT NAMED // PECTINESTERASE/PECTINESTERASE INHIBITOR 51-RELATED,lightcyan,NA,gene
Manes.12G158600.v8.1,Manes.12G158600,(1 of 1) PTHR31476:SF11 - UBIQUITIN CARBOXYL-TERMINAL HYDROLASE FAMILY PROTEIN,white,NA,gene
Manes.12G147800.v8.1,Manes.12G147800,(1 of 2) PTHR31407//PTHR31407:SF3 - FAMILY NOT NAMED // PSBP DOMAIN-CONTAINING PROTEIN 2; CHLOROPLASTIC,lightcyan,NA,gene
Manes.13G001050.v8.1,Manes.13G001050,(1 of 1) 3.1.3.18//3.4.22.68 - Phosphoglycolate phosphatase // Ulp1 peptidase / Ulp1 protease,black,NA,gene
Manes.13G003100.v8.1,Manes.13G003100,(1 of 1) 1.1.1.146//1.1.1.184//1.1.1.300 - 11-beta-hydroxysteroid dehydrogenase / Corticosteroid 11-beta-dehydrogenase // Carbonyl reductase (NADPH) / Xenobiotic ketone reductase // NADP-retinol dehydrogenase / Retinol dehydrogenase (NADP(+)),lavenderblush2,NA,gene
Manes.13G003400.v8.1,Manes.13G003400,(1 of 3) K08057 - calreticulin (CALR),bisque4,NA,gene
Manes.13G004600.v8.1,Manes.13G004600,(1 of 1) PTHR10438:SF258 - THIOREDOXIN F1; CHLOROPLASTIC-RELATED,black,NA,gene
Manes.13G008500.v8.1,Manes.13G008500,(1 of 13) PF14364 - Domain of unknown function (DUF4408) (DUF4408),black,NA,gene
Manes.13G016500.v8.1,Manes.13G016500,(1 of 1) 3.5.1.5 - Urease,lightcyan,NA,gene
Manes.13G015900.v8.1,Manes.13G015900,(1 of 1) K10730 - ATP-dependent DNA helicase Q4 [EC:3.6.4.12] (RECQL4),lightcyan,NA,gene
Manes.13G014900.v8.1,Manes.13G014900,(1 of 2) K02537 - mitotic spindle assembly checkpoint protein MAD2 (MAD2),black,NA,gene
Manes.13G014300.v8.1,Manes.13G014300,(1 of 2) K03108 - signal recognition particle subunit SRP72 (SRP72),lightcyan,NA,gene
Manes.13G019600.v8.1,Manes.13G019600,(1 of 2) K09497 - T-complex protein 1 subunit epsilon (CCT5),white,NA,gene
Manes.13G019900.v8.1,Manes.13G019900,(1 of 2) K18584 - actin-related protein 3 (ACTR3; ARP3),white,NA,gene
Manes.13G020500.v8.1,Manes.13G020500,(1 of 8) PF14577 - Sieve element occlusion C-terminus (SEO_C),white,NA,gene
Manes.13G022500.v8.1,Manes.13G022500,(1 of 2) PTHR22835//PTHR22835:SF117 - ZINC FINGER FYVE DOMAIN CONTAINING PROTEIN // ALPHA-L-FUCOSIDASE 3,lightcyan,NA,gene
Manes.13G029900.v8.1,Manes.13G029900,(1 of 2) PTHR11002//PTHR11002:SF15 - CARBONIC ANHYDRASE // CARBONIC ANHYDRASE,black,NA,gene
Manes.13G030800.v8.1,Manes.13G030800,(1 of 1) PTHR23257:SF353 - KINASE-LIKE PROTEIN,black,NA,gene
Manes.13G031100.v8.1,Manes.13G031100,(1 of 3) PTHR23315//PTHR23315:SF116 - BETA CATENIN-RELATED ARMADILLO REPEAT-CONTAINING // U-BOX DOMAIN-CONTAINING PROTEIN 18-RELATED,lightcyan,NA,gene
Manes.13G034900.v8.1,Manes.13G034900,(1 of 1) PTHR24188//PTHR24188:SF42 - ANKYRIN REPEAT PROTEIN // SUBFAMILY NOT NAMED,black,NA,gene
Manes.13G037800.v8.1,Manes.13G037800,(1 of 11) K14411 - RNA-binding protein Musashi (MSI),white,NA,gene
Manes.13G048500.v8.1,Manes.13G048500,(1 of 2) PTHR27001:SF10 - RECEPTOR-LIKE SERINE/THREONINE-PROTEIN KINASE ALE2,bisque4,NA,gene
Manes.13G042200.v8.1,Manes.13G042200,(1 of 2) PTHR11260//PTHR11260:SF203 - GLUTATHIONE S-TRANSFERASE; GST; SUPERFAMILY; GST DOMAIN CONTAINING // SUBFAMILY NOT NAMED,black,NA,gene
Manes.13G044400.v8.1,Manes.13G044400,(1 of 2) PTHR13516:SF3 - ALBA DNA/RNA-BINDING PROTEIN,white,NA,gene
Manes.13G044700.v8.1,Manes.13G044700,,lavenderblush2,NA,gene
Manes.13G044800.v8.1,Manes.13G044800,(1 of 1) K14538 - nuclear GTP-binding protein (NUG1; GNL3),skyblue4,NA,gene
Manes.13G046900.v8.1,Manes.13G046900,(1 of 3) PTHR33385//PTHR33385:SF4 - FAMILY NOT NAMED // PROTEIN XRI1,lightcyan,NA,gene
Manes.13G048800.v8.1,Manes.13G048800,(1 of 4) K13456 - RPM1-interacting protein 4 (RIN4),black,NA,gene
Manes.13G051360.v8.1,Manes.13G051360,(1 of 12) 1.6.5.5 - NADPH:quinone reductase / Zeta-crystallin,white,NA,gene
Manes.13G052400.v8.1,Manes.13G052400,(1 of 2) PTHR23315:SF75 - U-BOX DOMAIN-CONTAINING PROTEIN 9,lightcyan,NA,gene
Manes.13G056200.v8.1,Manes.13G056200,(1 of 1) K17888 - ubiquitin-like-conjugating enzyme ATG10; animal type (ATG10L; ATG10),plum3,NA,gene
Manes.13G056300.v8.1,Manes.13G056300,(1 of 1) PTHR31791:SF8 - ZIP4-LIKE PROTEIN,black,NA,gene
Manes.13G060800.v8.1,Manes.13G060800,(1 of 1) PTHR13271:SF44 - RIBULOSE-1;5-BISPHOSPHATE CARBOXYLASE/OXYGENASE SMALL SUBUNIT N-METHYLTRANSFERASE I-RELATED,bisque4,NA,gene
Manes.13G061200.v8.1,Manes.13G061200,(1 of 3) 2.3.1.9 - Acetyl-CoA C-acetyltransferase / Acetoacetyl-CoA thiolase,black,NA,gene
Manes.13G063873.v8.1,Manes.13G063873,,lightcyan,NA,gene
Manes.13G066300.v8.1,Manes.13G066300,,lightcyan,NA,gene
Manes.13G067500.v8.1,Manes.13G067500,(1 of 3) PTHR10257//PTHR10257:SF27 - SERINE/THREONINE PROTEIN PHOSPHATASE 2A  PP2A  REGULATORY SUBUNIT B // SERINE/THREONINE PROTEIN PHOSPHATASE 2A 59 KDA REGULATORY SUBUNIT B' GAMMA ISOFORM-RELATED,lavenderblush2,NA,gene
Manes.13G074300.v8.1,Manes.13G074300,(1 of 80) PF01535//PF13041//PF14432 - PPR repeat (PPR) // PPR repeat family (PPR_2) // DYW family of nucleic acid deaminases (DYW_deaminase),lavenderblush2,NA,gene
Manes.13G077841.v8.1,Manes.13G077841,(1 of 3) PTHR10438//PTHR10438:SF300 - THIOREDOXIN // THIOREDOXIN M1; CHLOROPLASTIC-RELATED,lightcyan,NA,gene
Manes.13G086400.v8.1,Manes.13G086400,(1 of 4) PTHR11937//PTHR11937:SF247 - ACTIN // SUBFAMILY NOT NAMED,lightcyan,NA,gene
Manes.13G077600.v8.1,Manes.13G077600,,black,NA,gene
Manes.13G077680.v8.1,Manes.13G077680,,plum3,NA,gene
Manes.13G076424.v8.1,Manes.13G076424,(1 of 1) PTHR10072:SF48 - IRON-SULFUR ASSEMBLY PROTEIN ISCA; CHLOROPLASTIC,lightcyan,NA,gene
Manes.13G080120.v8.1,Manes.13G080120,(1 of 2) PTHR11702//PTHR11702:SF26 - DEVELOPMENTALLY REGULATED GTP-BINDING PROTEIN-RELATED // DEVELOPMENTALLY-REGULATED GTP-BINDING PROTEIN 2,black,NA,gene
Manes.13G094300.v8.1,Manes.13G094300,(1 of 47) 2.7.10.1//2.7.11.1 - Receptor protein-tyrosine kinase / Receptor protein tyrosine kinase // Non-specific serine/threonine protein kinase / Threonine-specific protein kinase,lightcyan,NA,gene
Manes.13G097101.v8.1,Manes.13G097101,(1 of 1) PTHR21327:SF11 - MONOFUNCTIONAL RIBOFLAVIN BIOSYNTHESIS PROTEIN RIBA 2; CHLOROPLASTIC,skyblue4,NA,gene
Manes.13G098500.v8.1,Manes.13G098500,(1 of 2) PTHR13697//PTHR13697:SF21 - PHOSPHOFRUCTOKINASE // SUBFAMILY NOT NAMED,black,carb,gene
Manes.13G100300.v8.1,Manes.13G100300,,black,NA,gene
Manes.13G102200.v8.1,Manes.13G102200,(1 of 1) PTHR11695//PTHR11695:SF497//PTHR11695:SF588 - ALCOHOL DEHYDROGENASE RELATED // CINNAMYL ALCOHOL DEHYDROGENASE 6-RELATED // SUBFAMILY NOT NAMED,white,NA,gene
Manes.13G110000.v8.1,Manes.13G110000,,black,NA,gene
Manes.13G111300.v8.1,Manes.13G111300,(1 of 7) PF01535//PF13812 - PPR repeat (PPR) // Pentatricopeptide repeat domain (PPR_3),white,NA,gene
Manes.13G115200.v8.1,Manes.13G115200,(1 of 1) KOG0315//KOG1407 - G-protein beta subunit-like protein (contains WD40 repeats) // WD40 repeat protein,bisque4,NA,gene
Manes.13G117900.v8.1,Manes.13G117900,(1 of 2) K11339 - mortality factor 4-like protein 1 (MORF4L1; MRG15; EAF3),white,NA,gene
Manes.13G120500.v8.1,Manes.13G120500,(1 of 2) PTHR11911//PTHR11911:SF109 - INOSINE-5-MONOPHOSPHATE DEHYDROGENASE RELATED // SUBFAMILY NOT NAMED,white,NA,gene
Manes.13G131650.v8.1,Manes.13G131650,(1 of 1) PTHR16166//PTHR16166:SF98 - VACUOLAR PROTEIN SORTING-ASSOCIATED PROTEIN  VPS13 // SUBFAMILY NOT NAMED,black,NA,gene
Manes.13G131900.v8.1,Manes.13G131900,,black,NA,gene
Manes.13G137100.v8.1,Manes.13G137100,(1 of 1) PTHR31636//PTHR31636:SF53 - FAMILY NOT NAMED // SCARECROW-LIKE PROTEIN 15,black,NA,gene
Manes.13G137300.v8.1,Manes.13G137300,(1 of 4) K12666 - oligosaccharyltransferase complex subunit alpha (ribophorin I) (OST1; RPN1),bisque4,NA,gene
Manes.13G140900.v8.1,Manes.13G140900,(1 of 9) PTHR11746//PTHR11746:SF99 - O-METHYLTRANSFERASE // SUBFAMILY NOT NAMED,black,NA,gene
Manes.13G144800.v8.1,Manes.13G144800,(1 of 1) PTHR22763:SF71 - PROTEIN Y105C5B.11; ISOFORM B,lightcyan,NA,gene
Manes.13G144900.v8.1,Manes.13G144900,(1 of 1) K17560 - unconventional prefoldin RPB5 interactor 1 (URI1),black,NA,gene
Manes.13G149100.v8.1,Manes.13G149100,(1 of 2) PTHR31343:SF3 - GB|AAD11584.1,black,NA,gene
Manes.13G150000.v8.1,Manes.13G150000,(1 of 2) PTHR27001//PTHR27001:SF91 - FAMILY NOT NAMED // PROTEIN STRUBBELIG-RELATED,skyblue4,NA,gene
Manes.14G007600.v8.1,Manes.14G007600,,black,NA,gene
Manes.14G007800.v8.1,Manes.14G007800,(1 of 3) PTHR33972//PTHR33972:SF2 - FAMILY NOT NAMED // EXPRESSED PROTEIN,black,NA,gene
Manes.14G008600.v8.1,Manes.14G008600,(1 of 11) K14684 - solute carrier family 25 (mitochondrial phosphate transporter); member 23/24/25/41 (SLC25A23S),black,NA,gene
Manes.14G011800.v8.1,Manes.14G011800,(1 of 2) PTHR10026//PTHR10026:SF75 - CYCLIN // SUBFAMILY NOT NAMED,black,NA,gene
Manes.14G016400.v8.1,Manes.14G016400,(1 of 2) PTHR21043//PTHR21043:SF1 - IOJAP SUPERFAMILY ORTHOLOG // PROTEIN IOJAP; CHLOROPLASTIC,black,NA,gene
Manes.14G014000.v8.1,Manes.14G014000,,black,NA,gene
Manes.14G003000.v8.1,Manes.14G003000,,bisque4,NA,gene
Manes.14G006200.v8.1,Manes.14G006200,(1 of 3) PTHR12356//PTHR12356:SF3 - NUCLEAR MOVEMENT PROTEIN NUDC // NUCLEAR MIGRATION PROTEIN NUDC,black,NA,gene
Manes.14G007652.v8.1,Manes.14G007652,(1 of 2) PTHR13832:SF223 - PROTEIN PHOSPHATASE 2C 76-RELATED,bisque4,NA,gene
Manes.14G007924.v8.1,Manes.14G007924,(1 of 2) PTHR31213:SF12 - ABSCISIC ACID RECEPTOR PYL10-RELATED,white,NA,gene
Manes.14G021300.v8.1,Manes.14G021300,(1 of 446) PF01535 - PPR repeat (PPR),bisque4,NA,gene
Manes.14G022100.v8.1,Manes.14G022100,(1 of 4) PTHR12802//PTHR12802:SF48 - SWI/SNF COMPLEX-RELATED // SUBFAMILY NOT NAMED,black,NA,gene
Manes.14G025500.v8.1,Manes.14G025500,(1 of 2) 6.2.1.8 - Oxalate--CoA ligase / Oxalyl-CoA synthetase,black,NA,gene
Manes.14G032300.v8.1,Manes.14G032300,(1 of 1) PTHR16254//PTHR16254:SF9 - POTASSIUM/PROTON ANTIPORTER-RELATED // K(+) EFFLUX ANTIPORTER 5,white,NA,gene
Manes.14G033000.v8.1,Manes.14G033000,(1 of 2) PTHR32285:SF18 - PROTEIN YLS7-RELATED,white,NA,gene
Manes.14G037400.v8.1,Manes.14G037400,,black,NA,gene
Manes.14G041100.v8.1,Manes.14G041100,(1 of 2) PTHR12459:SF7 - GB|AAD46013.1,lightcyan,NA,gene
Manes.14G043600.v8.1,Manes.14G043600,(1 of 1) PF00153//PF13202//PF13499//PF13833 - Mitochondrial carrier protein (Mito_carr) // EF hand (EF-hand_5) // EF-hand domain pair (EF-hand_7) // EF-hand domain pair (EF-hand_8),bisque4,NA,gene
Manes.14G047264.v8.1,Manes.14G047264,(1 of 152) PF02365 - No apical meristem (NAM) protein (NAM),black,NA,gene
Manes.14G050600.v8.1,Manes.14G050600,(1 of 3) PTHR21576//PTHR21576:SF44 - UNCHARACTERIZED NODULIN-LIKE PROTEIN // MAJOR FACILITATOR PROTEIN,black,NA,gene
Manes.14G053300.v8.1,Manes.14G053300,(1 of 2) K14564 - nucleolar protein 56 (NOP56),skyblue4,NA,gene
Manes.14G054300.v8.1,Manes.14G054300,(1 of 3) PTHR22880:SF156 - TRANSCRIPTION FACTOR GTE10,black,NA,gene
Manes.14G055400.v8.1,Manes.14G055400,(1 of 2) PTHR21385//PTHR21385:SF1 - ZINC FINGER PROTEIN-RELATED // C2H2-LIKE ZINC FINGER PROTEIN,black,NA,gene
Manes.14G060700.v8.1,Manes.14G060700,(1 of 2) K17987 - next to BRCA1 gene 1 protein (NBR1),black,NA,gene
Manes.14G061300.v8.1,Manes.14G061300,(1 of 46) PF00582 - Universal stress protein family (Usp),black,NA,gene
Manes.14G062400.v8.1,Manes.14G062400,(1 of 2) 2.6.1.27//2.6.1.99 - Tryptophan transaminase / Tryptophan aminotransferase // L-tryptophan--pyruvate aminotransferase,white,NA,gene
Manes.14G063400.v8.1,Manes.14G063400,(1 of 8) PF04832 - SOUL heme-binding protein (SOUL),white,NA,gene
Manes.14G064600.v8.1,Manes.14G064600,(1 of 2) K06195 - ApaG protein (apaG),black,NA,gene
Manes.14G065100.v8.1,Manes.14G065100,(1 of 2) PTHR10093 - IRON-SULFUR CLUSTER ASSEMBLY ENZYME  NIFU HOMOLOG,black,NA,gene
Manes.14G065700.v8.1,Manes.14G065700,(1 of 2) PTHR32263//PTHR32263:SF6 - FAMILY NOT NAMED // INACTIVE POLY [ADP-RIBOSE] POLYMERASE SRO4-RELATED,black,NA,gene
Manes.14G066300.v8.1,Manes.14G066300,(1 of 1) K03681 - exosome complex component RRP40 (RRP40; EXOSC3),black,NA,gene
Manes.14G066900.v8.1,Manes.14G066900,(1 of 31) PF03181 - BURP domain (BURP),black,NA,gene
Manes.14G075700.v8.1,Manes.14G075700,(1 of 1) 1.2.1.88//1.5.1.12 - L-glutamate gamma-semialdehyde dehydrogenase / Pyrroline-5-carboxylate dehydrogenase // Transferred entry: 1.2.1.88,black,NA,gene
Manes.14G077100.v8.1,Manes.14G077100,(1 of 2) PTHR23042//PTHR23042:SF51 - CIRCADIAN PROTEIN CLOCK/ARNT/BMAL/PAS // TRANSCRIPTION FACTOR BHLH47,lightcyan,NA,gene
Manes.14G080600.v8.1,Manes.14G080600,(1 of 7) PTHR10641:SF537 - F21H2.9 PROTEIN-RELATED,white,NA,gene
Manes.14G083000.v8.1,Manes.14G083000,(1 of 3) PTHR13139//PTHR13139:SF47 - RING FINGER AND CCCH-TYPE ZINC FINGER DOMAIN-CONTAINING PROTEIN // SUBFAMILY NOT NAMED,lightcyan,NA,gene
Manes.14G094500.v8.1,Manes.14G094500,(1 of 3) PF06880 - Protein of unknown function (DUF1262) (DUF1262),black,NA,gene
Manes.14G099000.v8.1,Manes.14G099000,(1 of 1) PTHR12385//PTHR12385:SF36 - CTL TRANSPORTER // PLASMA-MEMBRANE CHOLINE TRANSPORTER-LIKE PROTEIN,skyblue4,NA,gene
Manes.14G102500.v8.1,Manes.14G102500,(1 of 1) PTHR31304//PTHR31304:SF7 - FAMILY NOT NAMED // LOB DOMAIN-CONTAINING PROTEIN 42,lavenderblush2,NA,gene
Manes.14G103800.v8.1,Manes.14G103800,(1 of 1) 3.1.1.80 - Acetylajmaline esterase / Acetylajmalan esterase,lavenderblush2,NA,gene
Manes.14G105800.v8.1,Manes.14G105800,(1 of 5) PTHR27005//PTHR27005:SF28 - FAMILY NOT NAMED // PROTEIN KINASE-LIKE PROTEIN,lightcyan,NA,gene
Manes.14G109300.v8.1,Manes.14G109300,(1 of 2) 2.7.8.8 - CDP-diacylglycerol--serine O-phosphatidyltransferase / Phosphatidylserine synthase,white,NA,gene
Manes.14G136021.v8.1,Manes.14G136021,,black,NA,gene
Manes.14G135300.v8.1,Manes.14G135300,,black,NA,gene
Manes.14G134700.v8.1,Manes.14G134700,(1 of 21) PF04782//PF04783 - Protein of unknown function (DUF632) (DUF632) // Protein of unknown function (DUF630) (DUF630),lightcyan,NA,gene
Manes.14G122500.v8.1,Manes.14G122500,(1 of 2) K14404 - cleavage and polyadenylation specificity factor subunit 4 (CPSF4; YTH1),black,NA,gene
Manes.14G124800.v8.1,Manes.14G124800,(1 of 2) PTHR12863//PTHR12863:SF3 - FATTY ACID HYDROXYLASE // FATTY ACID 2-HYDROXYLASE 1-RELATED,black,NA,gene
Manes.14G125600.v8.1,Manes.14G125600,(1 of 2) PTHR23324//PTHR23324:SF85 - SEC14 RELATED PROTEIN // CELLULAR RETINALDEHYDE-BINDING/TRIPLE FUNCTION DOMAIN-CONTAINING PROTEIN,plum3,NA,gene
Manes.14G126600.v8.1,Manes.14G126600,,plum3,NA,gene
Manes.14G128200.v8.1,Manes.14G128200,(1 of 2) K03066 - 26S proteasome regulatory subunit T6 (PSMC5; RPT6),black,NA,gene
Manes.14G128500.v8.1,Manes.14G128500,(1 of 2) PTHR23012//PTHR23012:SF54 - MEMBRANE ASSOCIATED RING FINGER // SUBFAMILY NOT NAMED,white,NA,gene
Manes.14G129500.v8.1,Manes.14G129500,(1 of 9) PF07800 - Protein of unknown function (DUF1644) (DUF1644),black,NA,gene
Manes.14G132521.v8.1,Manes.14G132521,(1 of 3) PTHR10783//PTHR10783:SF44 - XENOTROPIC AND POLYTROPIC RETROVIRUS RECEPTOR 1-RELATED // SPX DOMAIN-CONTAINING PROTEIN 1-RELATED,black,NA,gene
Manes.14G133400.v8.1,Manes.14G133400,(1 of 3) PTHR10332//PTHR10332:SF35 - EQUILIBRATIVE NUCLEOSIDE TRANSPORTER // EQUILIBRATIVE NUCLEOTIDE TRANSPORTER 8,lightcyan,NA,gene
Manes.14G133700.v8.1,Manes.14G133700,(1 of 14) PF01429 - Methyl-CpG binding domain (MBD),lightcyan,NA,gene
Manes.14G114700.v8.1,Manes.14G114700,(1 of 2) PTHR22951//PTHR22951:SF27 - CLATHRIN ASSEMBLY PROTEIN // SUBFAMILY NOT NAMED,black,NA,gene
Manes.14G115300.v8.1,Manes.14G115300,(1 of 2) PTHR22957:SF34 - TBC1 DOMAIN FAMILY MEMBER 25,black,NA,gene
Manes.14G115828.v8.1,Manes.14G115828,(1 of 17) PTHR11697//PTHR11697:SF111 - GENERAL TRANSCRIPTION FACTOR 2-RELATED ZINC FINGER PROTEIN // SUBFAMILY NOT NAMED,black,NA,gene
Manes.14G117700.v8.1,Manes.14G117700,(1 of 4) K15289 - solute carrier family 35; member F5 (SLC35F5),black,NA,gene
Manes.14G119500.v8.1,Manes.14G119500,(1 of 3) PTHR22904//PTHR22904:SF367 - TPR REPEAT CONTAINING PROTEIN // SUBFAMILY NOT NAMED,lightcyan,NA,gene
Manes.14G119700.v8.1,Manes.14G119700,(1 of 1) KOG2561 - Adaptor protein NUB1; contains UBA domain,black,NA,gene
Manes.14G120700.v8.1,Manes.14G120700,,lightcyan,NA,gene
Manes.14G139200.v8.1,Manes.14G139200,,white,NA,gene
Manes.14G141500.v8.1,Manes.14G141500,(1 of 1) PTHR11010//PTHR11010:SF31 - PROTEASE S28 PRO-X CARBOXYPEPTIDASE-RELATED // ALPHA/BETA-HYDROLASES SUPERFAMILY PROTEIN,lightcyan,NA,gene
Manes.14G143900.v8.1,Manes.14G143900,(1 of 1) K00655 - 1-acyl-sn-glycerol-3-phosphate acyltransferase (plsC),lavenderblush2,NA,gene
Manes.14G142200.v8.1,Manes.14G142200,(1 of 2) PTHR31422//PTHR31422:SF1 - FAMILY NOT NAMED // EXPRESSED PROTEIN,black,NA,gene
Manes.14G113800.v8.1,Manes.14G113800,(1 of 1) PTHR22884//PTHR22884:SF285 - SET DOMAIN PROTEINS // HISTONE-LYSINE N-METHYLTRANSFERASE ASHR3,plum3,NA,gene
Manes.14G147200.v8.1,Manes.14G147200,,black,NA,gene
Manes.14G147300.v8.1,Manes.14G147300,(1 of 2) PTHR11638:SF94 - HEAT SHOCK PROTEIN 104,skyblue4,NA,gene
Manes.14G151100.v8.1,Manes.14G151100,(1 of 1) K07561 - 2-(3-amino-3-carboxypropyl)histidine synthase [EC:2.5.1.108] (dph2; DPH1),black,NA,gene
Manes.14G151300.v8.1,Manes.14G151300,(1 of 43) PF05553 - Cotton fibre expressed protein (DUF761),black,NA,gene
Manes.14G156100.v8.1,Manes.14G156100,(1 of 1) PF00651//PF12313//PF12796 - BTB/POZ domain (BTB) // NPR1/NIM1 like defence protein C terminal (NPR1_like_C) // Ankyrin repeats (3 copies) (Ank_2),black,NA,gene
Manes.14G156300.v8.1,Manes.14G156300,(1 of 13) K01535 - H+-transporting ATPase (E3.6.3.6),plum3,NA,gene
Manes.14G159400.v8.1,Manes.14G159400,(1 of 1) K13105 - proline-rich protein PRCC (PRCC),lightcyan,NA,gene
Manes.14G162900.v8.1,Manes.14G162900,,lightcyan,NA,gene
Manes.14G166201.v8.1,Manes.14G166201,(1 of 1) PTHR36080//PTHR36080:SF1 - FAMILY NOT NAMED // DBJ|BAA96220.1,lavenderblush2,NA,gene
Manes.14G167800.v8.1,Manes.14G167800,(1 of 2) PTHR11782:SF3 - APYRASE 7-RELATED,skyblue4,NA,gene
Manes.14G168100.v8.1,Manes.14G168100,,bisque4,NA,gene
Manes.14G168500.v8.1,Manes.14G168500,(1 of 1) K12861 - pre-mRNA-splicing factor SPF27 (BCAS2),lightcyan,NA,gene
Manes.14G169100.v8.1,Manes.14G169100,(1 of 1) PTHR11081//PTHR11081:SF27 - XP-G/RAD2 DNA REPAIR ENDONUCLEASE FAMILY // 5'-3' EXONUCLEASE FAMILY PROTEIN,lavenderblush2,NA,gene
Manes.14G170700.v8.1,Manes.14G170700,(1 of 2) K00943 - dTMP kinase (tmk; DTYMK),lavenderblush2,NA,gene
Manes.14G171700.v8.1,Manes.14G171700,(1 of 1) PTHR10388//PTHR10388:SF11 - EUKARYOTIC TRANSLATION INITIATION FACTOR SUI1 // APO PROTEIN 3; MITOCHONDRIAL,skyblue4,NA,gene
Manes.14G171800.v8.1,Manes.14G171800,(1 of 2) PTHR10091//PTHR10091:SF8 - ALDOSE-1-EPIMERASE // SUBFAMILY NOT NAMED,black,NA,gene
Manes.14G172800.v8.1,Manes.14G172800,(1 of 2) PTHR12701//PTHR12701:SF20 - BCR-ASSOCIATED PROTEIN; BAP // GENOMIC DNA; CHROMOSOME 3; P1 CLONE: MIG5,black,NA,gene
Manes.14G174300.v8.1,Manes.14G174300,,black,NA,gene
Manes.15G002700.v8.1,Manes.15G002700,(1 of 1) PTHR10353//PTHR10353:SF33 - GLYCOSYL HYDROLASE // BETA-GLUCOSIDASE-LIKE SFR2; CHLOROPLASTIC,bisque4,NA,gene
Manes.15G000800.v8.1,Manes.15G000800,(1 of 2) PTHR31515:SF0 - TRANSMEMBRANE PROTEIN,bisque4,NA,gene
Manes.15G006500.v8.1,Manes.15G006500,(1 of 3) KOG2880 - SMAD6 interacting protein AMSH; contains JAB/MPN/Mov34 domain,black,NA,gene
Manes.15G010200.v8.1,Manes.15G010200,(1 of 1) PTHR31346//PTHR31346:SF1 - FAMILY NOT NAMED // MULTIPLE ORGANELLAR RNA EDITING FACTOR 3,plum3,NA,gene
Manes.15G011100.v8.1,Manes.15G011100,(1 of 2) PTHR33059//PTHR33059:SF10 - FAMILY NOT NAMED // GB|AAF17687.1,lightcyan,NA,gene
Manes.15G013400.v8.1,Manes.15G013400,(1 of 2) K15108 - solute carrier family 25 (mitochondrial thiamine pyrophosphate transporter); member 19 (SLC25A19; DNC; TPC1),lightcyan,NA,gene
Manes.15G017600.v8.1,Manes.15G017600,(1 of 1) PTHR10809//PTHR10809:SF45 - VESICLE-ASSOCIATED MEMBRANE PROTEIN-ASSOCIATED PROTEIN // SUBFAMILY NOT NAMED,lightcyan,NA,gene
Manes.15G021100.v8.1,Manes.15G021100,(1 of 166) PF00646 - F-box domain (F-box),white,NA,gene
Manes.15G025500.v8.1,Manes.15G025500,,lightcyan,NA,gene
Manes.15G026100.v8.1,Manes.15G026100,(1 of 1) PF13516//PF13943 - Leucine Rich repeat (LRR_6) // WPP domain (WPP),black,NA,gene
Manes.15G032400.v8.1,Manes.15G032400,(1 of 2) PTHR31351//PTHR31351:SF4 - FAMILY NOT NAMED // GENOMIC DNA; CHROMOSOME 3; P1 CLONE: MWI23-RELATED,lightcyan,NA,gene
Manes.15G034800.v8.1,Manes.15G034800,,black,NA,gene
Manes.15G035200.v8.1,Manes.15G035200,(1 of 2) PTHR24343//PTHR24343:SF102 - SERINE/THREONINE KINASE // CBL-INTERACTING SERINE/THREONINE-PROTEIN KINASE 7,black,NA,gene
Manes.15G036500.v8.1,Manes.15G036500,(1 of 4) PTHR13890//PTHR13890:SF8 - RNA SPLICING PROTEIN MRS2; MITOCHONDRIAL // SUBFAMILY NOT NAMED,black,NA,gene
Manes.15G036900.v8.1,Manes.15G036900,(1 of 4) PTHR31153//PTHR31153:SF3 - UNCHARACTERIZED // HISTONE H1FLK-LIKE PROTEIN-RELATED,white,NA,gene
Manes.15G038950.v8.1,Manes.15G038950,(1 of 2) PTHR10209//PTHR10209:SF135 - OXIDOREDUCTASE; 2OG-FE II  OXYGENASE FAMILY PROTEIN // SUBFAMILY NOT NAMED,black,NA,gene
Manes.15G039300.v8.1,Manes.15G039300,(1 of 2) PTHR23042:SF72 - TRANSCRIPTION FACTOR BHLH104-RELATED,lightcyan,NA,gene
Manes.15G040100.v8.1,Manes.15G040100,(1 of 12) K06269 - serine/threonine-protein phosphatase PP1 catalytic subunit (PPP1C),bisque4,NA,gene
Manes.15G040400.v8.1,Manes.15G040400,(1 of 2) K08794 - calcium/calmodulin-dependent protein kinase I (CAMK1),skyblue4,NA,gene
Manes.15G042800.v8.1,Manes.15G042800,(1 of 2) PTHR10219//PTHR10219:SF36 - GLYCOLIPID TRANSFER PROTEIN-RELATED // SUBFAMILY NOT NAMED,black,NA,gene
Manes.15G044100.v8.1,Manes.15G044100,(1 of 11) K14411 - RNA-binding protein Musashi (MSI),lightcyan,NA,gene
Manes.15G047400.v8.1,Manes.15G047400,(1 of 4) PTHR11730//PTHR11730:SF39 - AMMONIUM TRANSPORTER // AMMONIUM TRANSPORTER 1 MEMBER 2,bisque4,NA,gene
Manes.15G057300.v8.1,Manes.15G057300,(1 of 2) PTHR14155//PTHR14155:SF83 - RING FINGER DOMAIN-CONTAINING // RING/U-BOX DOMAIN-CONTAINING PROTEIN,lightcyan,NA,gene
Manes.15G063200.v8.1,Manes.15G063200,(1 of 1) PTHR13068:SF13 - MITOCHONDRIAL TRANSCRIPTION TERMINATION FACTOR FAMILY PROTEIN,black,NA,gene
Manes.15G068100.v8.1,Manes.15G068100,(1 of 3) K12606 - CCR4-NOT transcription complex subunit 9 (RCD1; CNOT9; CAF40),white,NA,gene
Manes.15G069000.v8.1,Manes.15G069000,(1 of 6) PTHR24361//PTHR24361:SF380 - MITOGEN-ACTIVATED KINASE KINASE KINASE // MITOGEN-ACTIVATED PROTEIN KINASE KINASE KINASE 17-RELATED,bisque4,NA,gene
Manes.15G069200.v8.1,Manes.15G069200,(1 of 3) 2.3.1.61 - Dihydrolipoyllysine-residue succinyltransferase / Succinyl-CoA:dihydrolipoate S-succinyltransferase,skyblue4,NA,gene
Manes.15G070000.v8.1,Manes.15G070000,(1 of 82) 5.2.1.8 - Peptidylprolyl isomerase / Rotamase,bisque4,NA,gene
Manes.15G071150.v8.1,Manes.15G071150,,lightcyan,NA,gene
Manes.15G071500.v8.1,Manes.15G071500,(1 of 2) PTHR10388//PTHR10388:SF16 - EUKARYOTIC TRANSLATION INITIATION FACTOR SUI1 // SUBFAMILY NOT NAMED,black,NA,gene
Manes.15G071900.v8.1,Manes.15G071900,(1 of 1) K13719 - ubiquitin thioesterase OTU1 (OTU1; YOD1),white,NA,gene
Manes.15G072600.v8.1,Manes.15G072600,(1 of 2) PTHR12854//PTHR12854:SF12 - ATAXIN 2-RELATED // SUBFAMILY NOT NAMED,plum3,NA,gene
Manes.15G083500.v8.1,Manes.15G083500,,lavenderblush2,NA,gene
Manes.15G086400.v8.1,Manes.15G086400,(1 of 2) PTHR12313//PTHR12313:SF2 - RNF5 // E3 UBIQUITIN-PROTEIN LIGASE RMA3,bisque4,NA,gene
Manes.15G087900.v8.1,Manes.15G087900,(1 of 1) PTHR36404:SF1 - PROTEIN EMBRYO DEFECTIVE 2737,black,NA,gene
Manes.15G088600.v8.1,Manes.15G088600,(1 of 2) PTHR13832//PTHR13832:SF333 - PROTEIN PHOSPHATASE 2C // PROTEIN PHOSPHATASE 2C 39-RELATED,lightcyan,NA,gene
Manes.15G089600.v8.1,Manes.15G089600,(1 of 1) K02968 - small subunit ribosomal protein S20 (RP-S20; rpsT),black,NA,gene
Manes.15G095600.v8.1,Manes.15G095600,(1 of 1) PTHR11679//PTHR11679:SF1 - VESICLE PROTEIN SORTING-ASSOCIATED // VACUOLAR PROTEIN SORTING-ASSOCIATED PROTEIN 33B,bisque4,NA,gene
Manes.15G101600.v8.1,Manes.15G101600,,plum3,NA,gene
Manes.15G103500.v8.1,Manes.15G103500,(1 of 3) PTHR12741//PTHR12741:SF21 - LYST-INTERACTING PROTEIN LIP5  DOPAMINE RESPONSIVE PROTEIN DRG-1 // CALLOSE SYNTHASE 3,lightcyan,NA,gene
Manes.15G104600.v8.1,Manes.15G104600,(1 of 1) 2.5.1.46 - Deoxyhypusine synthase / Spermidine dehydrogenase,white,NA,gene
Manes.15G106400.v8.1,Manes.15G106400,(1 of 1) PTHR24031//PTHR24031:SF264 - RNA HELICASE // SUBFAMILY NOT NAMED,lightcyan,NA,gene
Manes.15G106600.v8.1,Manes.15G106600,(1 of 2) PTHR11785//PTHR11785:SF378 - AMINO ACID TRANSPORTER // SUBFAMILY NOT NAMED,lightcyan,NA,gene
Manes.15G107800.v8.1,Manes.15G107800,(1 of 1) 1.3.5.2 - Dihydroorotate dehydrogenase (quinone) / DHODH,lavenderblush2,NA,gene
Manes.15G108200.v8.1,Manes.15G108200,(1 of 4) PTHR10641//PTHR10641:SF455 - MYB-LIKE DNA-BINDING PROTEIN MYB // SUBFAMILY NOT NAMED,black,NA,gene
Manes.15G110100.v8.1,Manes.15G110100,(1 of 1) PTHR17130:SF24 - GAN,lightcyan,NA,gene
Manes.15G116100.v8.1,Manes.15G116100,(1 of 13) PF04520 - Senescence regulator (Senescence_reg),black,NA,gene
Manes.15G116300.v8.1,Manes.15G116300,(1 of 2) PTHR22880:SF153 - TRANSCRIPTION FACTOR GTE11-RELATED,skyblue4,NA,gene
Manes.15G116900.v8.1,Manes.15G116900,(1 of 28) PF12796//PF13962 - Ankyrin repeats (3 copies) (Ank_2) // Domain of unknown function (PGG),bisque4,NA,gene
Manes.15G117100.v8.1,Manes.15G117100,(1 of 8) KOG4660 - Protein Mei2; essential for commitment to meiosis; and related proteins,white,NA,gene
Manes.15G118000.v8.1,Manes.15G118000,(1 of 4) PTHR11043//PTHR11043:SF8 - ZETA-COAT PROTEIN // SUBFAMILY NOT NAMED,white,NA,gene
Manes.15G119000.v8.1,Manes.15G119000,(1 of 2) PTHR12565:SF155 - TRANSCRIPTION FACTOR BHLH144,lightcyan,NA,gene
Manes.15G119950.v8.1,Manes.15G119950,(1 of 2) PTHR13711:SF200 - HIGH MOBILITY GROUP B PROTEIN 14,lightcyan,NA,gene
Manes.15G121100.v8.1,Manes.15G121100,(1 of 1) PF00076//PF05383 - RNA recognition motif. (a.k.a. RRM; RBD; or RNP domain) (RRM_1) // La domain (La),lightcyan,NA,gene
Manes.15G123700.v8.1,Manes.15G123700,,white,NA,gene
Manes.15G124500.v8.1,Manes.15G124500,(1 of 1) K14807 - ATP-dependent RNA helicase DDX51/DBP6 [EC:3.6.4.13] (DDX51; DBP6),plum3,NA,gene
Manes.15G125200.v8.1,Manes.15G125200,(1 of 2) PTHR31384:SF3 - AUXIN RESPONSE FACTOR 6,lightcyan,NA,gene
Manes.15G127500.v8.1,Manes.15G127500,(1 of 2) PTHR37702//PTHR37702:SF1 - FAMILY NOT NAMED // HYDROXYPROLINE-RICH GLYCOPROTEIN FAMILY PROTEIN,black,NA,gene
Manes.15G130300.v8.1,Manes.15G130300,(1 of 13) PTHR31907//PTHR31907:SF4 - FAMILY NOT NAMED // MLP-LIKE PROTEIN 165-RELATED,black,NA,gene
Manes.15G131000.v8.1,Manes.15G131000,(1 of 3) KOG4467 - Uncharacterized conserved protein,black,NA,gene
Manes.15G131200.v8.1,Manes.15G131200,(1 of 1) PTHR36340//PTHR36340:SF1 - FAMILY NOT NAMED // CHLORORESPIRATORY REDUCTION 3,black,NA,gene
Manes.15G133500.v8.1,Manes.15G133500,(1 of 2) PTHR10209//PTHR10209:SF148 - OXIDOREDUCTASE; 2OG-FE II  OXYGENASE FAMILY PROTEIN // SUBFAMILY NOT NAMED,lightcyan,NA,gene
Manes.15G134400.v8.1,Manes.15G134400,(1 of 5) PF07058 - Microtubule-associated protein 70 (MAP70),black,NA,gene
Manes.15G135300.v8.1,Manes.15G135300,(1 of 4) PTHR10174//PTHR10174:SF121 - RETINALDEHYDE BINDING PROTEIN-RELATED // SUBFAMILY NOT NAMED,bisque4,NA,gene
Manes.15G135600.v8.1,Manes.15G135600,(1 of 1) PF05183//PF14259 - RNA dependent RNA polymerase (RdRP) // RNA recognition motif (a.k.a. RRM; RBD; or RNP domain) (RRM_6),lightcyan,NA,gene
Manes.15G139600.v8.1,Manes.15G139600,(1 of 6) PTHR10766//PTHR10766:SF58 - TRANSMEMBRANE 9 SUPERFAMILY PROTEIN // SUBFAMILY NOT NAMED,bisque4,NA,gene
Manes.15G141100.v8.1,Manes.15G141100,(1 of 2) 3.1.21.7 - Deoxyribonuclease V / Escherichia coli endodeoxyribonuclease V,lightcyan,NA,gene
Manes.15G141200.v8.1,Manes.15G141200,(1 of 2) 3.1.21.7 - Deoxyribonuclease V / Escherichia coli endodeoxyribonuclease V,black,NA,gene
Manes.15G144300.v8.1,Manes.15G144300,(1 of 2) PTHR10209//PTHR10209:SF127 - OXIDOREDUCTASE; 2OG-FE II  OXYGENASE FAMILY PROTEIN // 2-OXOGLUTARATE (2OG) AND FE(II)-DEPENDENT OXYGENASE SUPERFAMILY PROTEIN,bisque4,NA,gene
Manes.15G146300.v8.1,Manes.15G146300,(1 of 1) PTHR14155//PTHR14155:SF185 - RING FINGER DOMAIN-CONTAINING // RING-H2 FINGER PROTEIN ATL65,black,NA,gene
Manes.15G147900.v8.1,Manes.15G147900,(1 of 1) PF14667 - Polysaccharide biosynthesis C-terminal domain (Polysacc_synt_C),bisque4,NA,gene
Manes.15G149500.v8.1,Manes.15G149500,(1 of 7) K07937//K07977 - ADP-ribosylation factor 1 (ARF1) // Arf/Sar family; other (ARF),lightcyan,NA,gene
Manes.15G151500.v8.1,Manes.15G151500,(1 of 2) PTHR31079:SF2 - F4P13.14 PROTEIN-RELATED,lightcyan,NA,gene
Manes.15G153200.v8.1,Manes.15G153200,(1 of 11) PF17035 - Bromodomain extra-terminal - transcription regulation (BET),lavenderblush2,NA,gene
Manes.15G155400.v8.1,Manes.15G155400,(1 of 1) PTHR34278//PTHR34278:SF1 - FAMILY NOT NAMED // GB|AAC02775.1,black,NA,gene
Manes.15G156000.v8.1,Manes.15G156000,(1 of 2) PTHR21461:SF10 - C3H4 TYPE ZINC FINGER PROTEIN-RELATED,lightcyan,NA,gene
Manes.15G156500.v8.1,Manes.15G156500,(1 of 2) PTHR23429//PTHR23429:SF6 - GLUCOSE-6-PHOSPHATE 1-DEHYDROGENASE  G6PD // SUBFAMILY NOT NAMED,white,NA,gene
Manes.15G160800.v8.1,Manes.15G160800,(1 of 1) PTHR10857//PTHR10857:SF43 - COPINE // SUBFAMILY NOT NAMED,lightcyan,NA,gene
Manes.15G161800.v8.1,Manes.15G161800,(1 of 1) PTHR21354:SF0 - ZINC FINGER PROTEIN 511,black,NA,gene
Manes.15G161900.v8.1,Manes.15G161900,(1 of 1) PTHR31517:SF7 - PEROXIDASE 55,white,NA,gene
Manes.15G162100.v8.1,Manes.15G162100,(1 of 11) PF11820 - Protein of unknown function (DUF3339) (DUF3339),black,NA,gene
Manes.15G162300.v8.1,Manes.15G162300,(1 of 1) PTHR33128//PTHR33128:SF13 - FAMILY NOT NAMED // EMB|CAB62355.1,black,NA,gene
Manes.15G167000.v8.1,Manes.15G167000,(1 of 2) PTHR10994//PTHR10994:SF79 - RETICULON // SUBFAMILY NOT NAMED,white,NA,gene
Manes.15G172300.v8.1,Manes.15G172300,(1 of 1) PTHR10516//PTHR10516:SF268 - PEPTIDYL-PROLYL CIS-TRANS ISOMERASE // PEPTIDYL-PROLYL CIS-TRANS ISOMERASE PASTICCINO1,lavenderblush2,NA,gene
Manes.15G180400.v8.1,Manes.15G180400,(1 of 7) PTHR11654//PTHR11654:SF59 - OLIGOPEPTIDE TRANSPORTER-RELATED // PROTEIN NRT1/ PTR FAMILY 2.10-RELATED,black,NA,gene
Manes.15G175400.v8.1,Manes.15G175400,(1 of 1) 2.7.4.24 - Diphosphoinositol-pentakisphosphate kinase / PP-IP(5) kinase,lightcyan,NA,gene
Manes.15G175500.v8.1,Manes.15G175500,(1 of 1) PTHR23070//PTHR23070:SF19 - BCS1 AAA-TYPE ATPASE // SUBFAMILY NOT NAMED,black,NA,gene
Manes.15G176636.v8.1,Manes.15G176636,(1 of 1) PTHR11654:SF82 - PROTEIN NRT1/ PTR FAMILY 5.8-RELATED,lightcyan,NA,gene
Manes.15G180701.v8.1,Manes.15G180701,(1 of 4) PTHR31517:SF11 - PEROXIDASE 31-RELATED,lightcyan,NA,gene
Manes.15G183100.v8.1,Manes.15G183100,(1 of 1) PTHR11071:SF236 - PEPTIDYL-PROLYL CIS-TRANS ISOMERASE CYP38; CHLOROPLASTIC,lightcyan,NA,gene
Manes.15G190900.v8.1,Manes.15G190900,(1 of 62) PF00892 - EamA-like transporter family (EamA),black,NA,gene
Manes.15G184300.v8.1,Manes.15G184300,(1 of 3) PF13369 - Transglutaminase-like superfamily (Transglut_core2),skyblue4,NA,gene
Manes.16G006300.v8.1,Manes.16G006300,(1 of 1) PTHR12447//PTHR12447:SF7 - UNCHARACTERIZED WITH ANKYRIN REPEAT DOMAIN // ANKYRIN REPEAT FAMILY PROTEIN,bisque4,NA,gene
Manes.16G007400.v8.1,Manes.16G007400,,lightcyan,NA,gene
Manes.16G009600.v8.1,Manes.16G009600,(1 of 5) K13989 - Derlin-2/3 (DERL2_3),black,NA,gene
Manes.16G010400.v8.1,Manes.16G010400,(1 of 1) PTHR11079:SF79 - RNA PSEUDOURIDINE SYNTHASE 6; CHLOROPLASTIC,black,NA,gene
Manes.16G012000.v8.1,Manes.16G012000,(1 of 3) K04551//K08770 - ubiquitin B (UBB) // ubiquitin C (UBC),lavenderblush2,NA,gene
Manes.16G014401.v8.1,Manes.16G014401,(1 of 77) KOG0198 - MEKK and related serine/threonine protein kinases,black,NA,gene
Manes.16G014800.v8.1,Manes.16G014800,(1 of 2) PF01657//PF07714//PF11883 - Salt stress response/antifungal (Stress-antifung) // Protein tyrosine kinase (Pkinase_Tyr) // Domain of unknown function (DUF3403) (DUF3403),bisque4,NA,gene
Manes.16G017400.v8.1,Manes.16G017400,(1 of 1) PTHR14255//PTHR14255:SF3 - ATP-DEPENDENT PROTEASE  CEREBLON // SULFITE EXPORTER TAUE/SAFE FAMILY PROTEIN,black,NA,gene
Manes.16G015500.v8.1,Manes.16G015500,(1 of 2) PTHR31346:SF3 - DAG PROTEIN-RELATED,black,NA,gene
Manes.16G015200.v8.1,Manes.16G015200,(1 of 2) PTHR23315:SF112 - U-BOX DOMAIN-CONTAINING PROTEIN 8,lavenderblush2,NA,gene
Manes.16G019191.v8.1,Manes.16G019191,(1 of 2) K18812 - cyclin D6; plant (CYCD6),plum3,NA,gene
Manes.16G019500.v8.1,Manes.16G019500,(1 of 2) PTHR10566//PTHR10566:SF93 - CHAPERONE-ACTIVITY OF BC1 COMPLEX  CABC1 -RELATED // SUBFAMILY NOT NAMED,lightcyan,NA,gene
Manes.16G019600.v8.1,Manes.16G019600,(1 of 1) PTHR11362//PTHR11362:SF34 - PHOSPHATIDYLETHANOLAMINE-BINDING PROTEIN // SUBFAMILY NOT NAMED,white,NA,gene
Manes.16G022300.v8.1,Manes.16G022300,(1 of 6) K17871 - NADH:ubiquinone reductase (non-electrogenic) (ndh1),lightcyan,NA,gene
Manes.16G023800.v8.1,Manes.16G023800,(1 of 1) PTHR31719//PTHR31719:SF29//PTHR31719:SF9 - FAMILY NOT NAMED // SUBFAMILY NOT NAMED // ATNAC2-RELATED,lightcyan,NA,gene
Manes.16G024400.v8.1,Manes.16G024400,(1 of 19) PF06749 - Protein of unknown function (DUF1218) (DUF1218),black,NA,gene
Manes.16G024500.v8.1,Manes.16G024500,(1 of 45) PF02701 - Dof domain; zinc finger (zf-Dof),black,NA,gene
Manes.16G025000.v8.1,Manes.16G025000,(1 of 5) PTHR10992//PTHR10992:SF869 - ALPHA/BETA HYDROLASE FOLD-CONTAINING PROTEIN // SUBFAMILY NOT NAMED,lightcyan,NA,gene
Manes.16G025300.v8.1,Manes.16G025300,(1 of 2) K18998 - RNA polymerase II C-terminal domain phosphatase-like 1/2 [EC:3.1.3.16] (CPL1_2),lightcyan,NA,gene
Manes.16G029300.v8.1,Manes.16G029300,(1 of 2) K02988 - small subunit ribosomal protein S5 (RP-S5; MRPS5; rpsE),black,NA,gene
Manes.16G030250.v8.1,Manes.16G030250,(1 of 2) PTHR27003//PTHR27003:SF93 - FAMILY NOT NAMED // RECEPTOR LIKE PROTEIN 4,lightcyan,NA,gene
Manes.16G030700.v8.1,Manes.16G030700,(1 of 2) PTHR33199//PTHR33199:SF8 - FAMILY NOT NAMED // MACPF DOMAIN-CONTAINING PROTEIN NSL1,lightcyan,NA,gene
Manes.16G032500.v8.1,Manes.16G032500,(1 of 3) PTHR31079:SF5 - NAC DOMAIN CONTAINING PROTEIN 10,black,NA,gene
Manes.16G034601.v8.1,Manes.16G034601,(1 of 1) K07560 - D-tyrosyl-tRNA(Tyr) deacylase [EC:3.1.-.-] (dtd; DTD1),white,NA,gene
Manes.16G041400.v8.1,Manes.16G041400,(1 of 2) PTHR11119//PTHR11119:SF47 - XANTHINE-URACIL / VITAMIN C PERMEASE FAMILY MEMBER // SUBFAMILY NOT NAMED,plum3,NA,gene
Manes.16G042900.v8.1,Manes.16G042900,(1 of 1) PTHR13194:SF19 - NAD(P)-BINDING ROSSMANN-FOLD SUPERFAMILY PROTEIN,black,NA,gene
Manes.16G042400.v8.1,Manes.16G042400,(1 of 2) PTHR23315//PTHR23315:SF76 - BETA CATENIN-RELATED ARMADILLO REPEAT-CONTAINING // U-BOX DOMAIN-CONTAINING PROTEIN 17,white,NA,gene
Manes.16G043800.v8.1,Manes.16G043800,(1 of 3) K15731 - carboxy-terminal domain RNA polymerase II polypeptide A small phosphatase [EC:3.1.3.16] (CTDSP),white,NA,gene
Manes.16G046301.v8.1,Manes.16G046301,(1 of 1) PTHR13343//PTHR13343:SF16 - CREG1 PROTEIN // SUBFAMILY NOT NAMED,black,NA,gene
Manes.16G048683.v8.1,Manes.16G048683,(1 of 2) PTHR22891:SF4 - PROTEIN ARGONAUTE 2-RELATED,black,NA,gene
Manes.16G049052.v8.1,Manes.16G049052,(1 of 6) PTHR19957:SF119 - SYNTAXIN-8,skyblue4,NA,gene
Manes.16G050159.v8.1,Manes.16G050159,(1 of 1) KOG3371 - Uncharacterized conserved protein,white,NA,gene
Manes.16G055400.v8.1,Manes.16G055400,(1 of 1) K18065 - Cdc25 family phosphatase [EC:3.1.3.48 1.20.4.-] (CDC25),white,NA,gene
Manes.16G063800.v8.1,Manes.16G063800,(1 of 6) PTHR22847:SF437 - TRANSCRIPTIONAL COREPRESSOR LEUNIG,lightcyan,NA,gene
Manes.16G070300.v8.1,Manes.16G070300,(1 of 6) PTHR10383 - SERINE INCORPORATOR,black,NA,gene
Manes.16G068000.v8.1,Manes.16G068000,(1 of 1) PTHR14155//PTHR14155:SF143 - RING FINGER DOMAIN-CONTAINING // C3H4 TYPE ZINC FINGER PROTEIN,white,NA,gene
Manes.16G068200.v8.1,Manes.16G068200,(1 of 2) PTHR37252//PTHR37252:SF1 - FAMILY NOT NAMED // CTC-INTERACTING DOMAIN 5,white,NA,gene
Manes.16G073200.v8.1,Manes.16G073200,(1 of 2) 3.1.3.23 - Sugar-phosphatase,skyblue4,NA,gene
Manes.16G075700.v8.1,Manes.16G075700,(1 of 1) 1.13.11.69//1.13.11.70 - Carlactone synthase // All-trans-10'-apo-beta-carotenal 13;14-cleaving dioxygenase / Carotenoid cleavage dioxygenase 8,plum3,NA,gene
Manes.16G076600.v8.1,Manes.16G076600,(1 of 3) PTHR31513//PTHR31513:SF1 - FAMILY NOT NAMED // GLYCINE-RICH PROTEIN,white,NA,gene
Manes.16G078100.v8.1,Manes.16G078100,(1 of 1) PTHR15660:SF1 - BRISC AND BRCA1-A COMPLEX MEMBER 1,bisque4,NA,gene
Manes.16G081200.v8.1,Manes.16G081200,(1 of 2) 1.14.19.3 - Acyl-CoA 6-desaturase / Long-chain fatty acid Delta(6)-desaturase,black,NA,gene
Manes.16G081500.v8.1,Manes.16G081500,(1 of 2) PTHR10015:SF186 - HEAT STRESS TRANSCRIPTION FACTOR A-2-RELATED,black,NA,gene
Manes.16G084100.v8.1,Manes.16G084100,,white,NA,gene
Manes.16G086000.v8.1,Manes.16G086000,(1 of 2) PTHR27000:SF188 - LRR RECEPTOR-LIKE SERINE/THREONINE-PROTEIN KINASE ERECTA,black,NA,gene
Manes.16G090800.v8.1,Manes.16G090800,(1 of 4) PTHR15439:SF7 - DWNN DOMAIN-CONTAINING PROTEIN,lightcyan,NA,gene
Manes.16G093800.v8.1,Manes.16G093800,(1 of 1) PTHR23423//PTHR23423:SF10//PTHR23423:SF23 - ORGANIC SOLUTE TRANSPORTER-RELATED // TRANSMEMBRANE PROTEIN 184C // SUBFAMILY NOT NAMED,black,NA,gene
Manes.16G096300.v8.1,Manes.16G096300,(1 of 2) PTHR15288:SF4 - DENN (AEX-3) DOMAIN-CONTAINING PROTEIN,white,NA,gene
Manes.16G098500.v8.1,Manes.16G098500,(1 of 4) PTHR13140:SF390 - MYOSIN-11-RELATED,white,NA,gene
Manes.16G112600.v8.1,Manes.16G112600,(1 of 2) K02357 - elongation factor Ts (tsf; TSFM),black,NA,gene
Manes.16G113400.v8.1,Manes.16G113400,(1 of 5) PTHR10430 - PEROXIREDOXIN,black,NA,gene
Manes.16G116400.v8.1,Manes.16G116400,,lightcyan,NA,gene
Manes.16G121600.v8.1,Manes.16G121600,(1 of 3) PTHR18896//PTHR18896:SF11 - PHOSPHOLIPASE D // PHOSPHOLIPASE D ALPHA 1-RELATED,black,NA,gene
Manes.16G122900.v8.1,Manes.16G122900,(1 of 1) PTHR23160:SF7 - MYOSIN HEAVY CHAIN-RELATED PROTEIN,lightcyan,NA,gene
Manes.16G123300.v8.1,Manes.16G123300,(1 of 2) PTHR21136//PTHR21136:SF104 - SNARE PROTEINS // SUBFAMILY NOT NAMED,black,NA,gene
Manes.16G123800.v8.1,Manes.16G123800,(1 of 1) PTHR12526//PTHR12526:SF404 - GLYCOSYLTRANSFERASE // SUBFAMILY NOT NAMED,lightcyan,carb,gene
Manes.16G124200.v8.1,Manes.16G124200,(1 of 6) KOG2765 - Predicted membrane protein,white,NA,gene
Manes.16G125400.v8.1,Manes.16G125400,,plum3,NA,gene
Manes.16G127500.v8.1,Manes.16G127500,(1 of 3) PTHR26402//PTHR26402:SF558 - RESPONSE REGULATOR OF TWO-COMPONENT SYSTEM // TWO-COMPONENT RESPONSE REGULATOR ARR18,lightcyan,NA,gene
Manes.16G130900.v8.1,Manes.16G130900,(1 of 2) KOG1766 - Enhancer of rudimentary,black,NA,gene
Manes.16G131100.v8.1,Manes.16G131100,(1 of 10) PF12776 - Myb/SANT-like DNA-binding domain (Myb_DNA-bind_3),white,NA,gene
Manes.16G133800.v8.1,Manes.16G133800,(1 of 10) K11855 - ubiquitin carboxyl-terminal hydrolase 36/42 [EC:3.4.19.12] (USP36_42),black,NA,gene
Manes.16G135300.v8.1,Manes.16G135300,(1 of 1) PTHR10742:SF287 - PROTEIN GLF-1,lavenderblush2,carot,gene
Manes.16G135600.v8.1,Manes.16G135600,(1 of 1) PTHR33349//PTHR33349:SF2 - FAMILY NOT NAMED // CALMODULIN-BINDING PROTEIN-LIKE PROTEIN,lightcyan,NA,gene
Manes.16G136300.v8.1,Manes.16G136300,(1 of 2) PTHR10566//PTHR10566:SF53 - CHAPERONE-ACTIVITY OF BC1 COMPLEX  CABC1 -RELATED // SUBFAMILY NOT NAMED,white,NA,gene
Manes.16G137600.v8.1,Manes.16G137600,(1 of 2) 2.7.1.46 - L-arabinokinase,lightcyan,NA,gene
Manes.17G002400.v8.1,Manes.17G002400,,lightcyan,NA,gene
Manes.17G008600.v8.1,Manes.17G008600,(1 of 11) PF04819 - Family of unknown function (DUF716) (DUF716),black,NA,gene
Manes.17G009100.v8.1,Manes.17G009100,(1 of 2) 1.23.1.4 - (-)-lariciresinol reductase / Pinoresinol/lariciresinol reductase,black,NA,gene
Manes.17G011500.v8.1,Manes.17G011500,(1 of 2) PTHR31065:SF2 - PLATZ TRANSCRIPTION FACTOR DOMAIN-CONTAINING PROTEIN,black,NA,gene
Manes.17G014900.v8.1,Manes.17G014900,(1 of 4) K02993 - small subunit ribosomal protein S7e (RP-S7e; RPS7),white,NA,gene
Manes.17G017708.v8.1,Manes.17G017708,(1 of 1) K05283 - phosphatidylinositol glycan; class W (PIGW),lightcyan,NA,gene
Manes.17G021150.v8.1,Manes.17G021150,(1 of 1569) 2.7.11.1 - Non-specific serine/threonine protein kinase / Threonine-specific protein kinase,black,NA,gene
Manes.17G022800.v8.1,Manes.17G022800,(1 of 3) K02921 - large subunit ribosomal protein L37Ae (RP-L37Ae; RPL37A),lightcyan,NA,gene
Manes.17G023200.v8.1,Manes.17G023200,(1 of 1) PTHR23115//PTHR23115:SF97 - TRANSLATION FACTOR // TRANSLATION FACTOR GUF1; MITOCHONDRIAL,white,NA,gene
Manes.17G025997.v8.1,Manes.17G025997,(1 of 7) PTHR23070//PTHR23070:SF5 - BCS1 AAA-TYPE ATPASE // AAA-TYPE ATPASE FAMILY PROTEIN-RELATED,black,NA,gene
Manes.17G030100.v8.1,Manes.17G030100,(1 of 7) PF04504 - Protein of unknown function; DUF573 (DUF573),black,NA,gene
Manes.17G031200.v8.1,Manes.17G031200,(1 of 7) K03809 - NAD(P)H dehydrogenase (quinone) (wrbA),lightcyan,NA,gene
Manes.17G034100.v8.1,Manes.17G034100,(1 of 38) PF00564 - PB1 domain (PB1),black,NA,gene
Manes.17G033900.v8.1,Manes.17G033900,(1 of 3) PTHR12549//PTHR12549:SF13 - JMJC DOMAIN-CONTAINING HISTONE DEMETHYLATION PROTEIN // PROTEIN BINDING / TRANSCRIPTION FACTOR/ ZINC ION BINDING PROTEIN,bisque4,NA,gene
Manes.17G041900.v8.1,Manes.17G041900,(1 of 2) PTHR31719//PTHR31719:SF9 - FAMILY NOT NAMED // ATNAC2-RELATED,black,NA,gene
Manes.17G045800.v8.1,Manes.17G045800,(1 of 2) K06027 - vesicle-fusing ATPase (NSF),black,NA,gene
Manes.17G048200.v8.1,Manes.17G048200,(1 of 196) PF00847 - AP2 domain (AP2),bisque4,NA,gene
Manes.17G048600.v8.1,Manes.17G048600,(1 of 4) KOG2923 - Uncharacterized conserved protein,black,NA,gene
Manes.17G054000.v8.1,Manes.17G054000,,bisque4,NA,gene
Manes.17G056500.v8.1,Manes.17G056500,(1 of 1) PTHR33671:SF3 - F28N24.8 PROTEIN,black,NA,gene
Manes.17G058000.v8.1,Manes.17G058000,(1 of 2) PTHR23012//PTHR23012:SF76 - MEMBRANE ASSOCIATED RING FINGER // SUBFAMILY NOT NAMED,black,NA,gene
Manes.17G058400.v8.1,Manes.17G058400,(1 of 1) PTHR22847:SF412 - TRANSDUCIN/WD40 DOMAIN-CONTAINING PROTEIN,white,NA,gene
Manes.17G058900.v8.1,Manes.17G058900,(1 of 2) PTHR31282//PTHR31282:SF9 - FAMILY NOT NAMED // WRKY TRANSCRIPTION FACTOR 65-RELATED,lightcyan,NA,gene
Manes.17G060600.v8.1,Manes.17G060600,(1 of 2) PTHR10015:SF161 - E2F/DP FAMILY WINGED-HELIX DNA-BINDING DOMAIN-CONTAINING PROTEIN-RELATED,white,NA,gene
Manes.17G065800.v8.1,Manes.17G065800,(1 of 2) PTHR10108:SF750 - PROTEIN PMT-1; ISOFORM B,bisque4,NA,gene
Manes.17G066000.v8.1,Manes.17G066000,(1 of 2) K06875 - programmed cell death protein 5 (PDCD5; TFAR19),skyblue4,NA,gene
Manes.17G072500.v8.1,Manes.17G072500,,black,NA,gene
Manes.17G074300.v8.1,Manes.17G074300,(1 of 2) PTHR31384:SF3 - AUXIN RESPONSE FACTOR 6,black,NA,gene
Manes.17G081800.v8.1,Manes.17G081800,(1 of 166) PF00646 - F-box domain (F-box),black,NA,gene
Manes.17G089100.v8.1,Manes.17G089100,(1 of 9) KOG2679 - Purple (tartrate-resistant) acid phosphatase,white,NA,gene
Manes.17G090300.v8.1,Manes.17G090300,(1 of 2) PTHR27000:SF5 - SERINE/THREONINE-PROTEIN KINASE BRI1-LIKE 2,plum3,NA,gene
Manes.17G094700.v8.1,Manes.17G094700,(1 of 2) PTHR24343//PTHR24343:SF162 - SERINE/THREONINE KINASE // SERINE/THREONINE-PROTEIN KINASE SRK2E,white,NA,gene
Manes.17G096500.v8.1,Manes.17G096500,(1 of 138) KOG0156 - Cytochrome P450 CYP2 subfamily,black,NA,gene
Manes.17G097800.v8.1,Manes.17G097800,(1 of 48) PF04535 - Domain of unknown function (DUF588) (DUF588),lightcyan,NA,gene
Manes.17G100700.v8.1,Manes.17G100700,(1 of 2) K17261 - adenylyl cyclase-associated protein (CAP1_2; SRV2),white,NA,gene
Manes.17G100900.v8.1,Manes.17G100900,(1 of 3) PTHR10996//PTHR10996:SF162 - 2-HYDROXYACID DEHYDROGENASE-RELATED // SUBFAMILY NOT NAMED,black,NA,gene
Manes.17G103400.v8.1,Manes.17G103400,(1 of 2) K00387 - sulfite oxidase (SUOX),black,NA,gene
Manes.17G104500.v8.1,Manes.17G104500,(1 of 44) PF03140 - Plant protein of unknown function (DUF247),lightcyan,NA,gene
Manes.17G106900.v8.1,Manes.17G106900,(1 of 4) PTHR24198//PTHR24198:SF77 - ANKYRIN REPEAT AND PROTEIN KINASE DOMAIN-CONTAINING PROTEIN // SUBFAMILY NOT NAMED,black,NA,gene
Manes.17G110100.v8.1,Manes.17G110100,(1 of 2) PTHR24073//PTHR24073:SF597 - FAMILY NOT NAMED // RAS-RELATED PROTEIN RABB1B,white,NA,gene
Manes.17G110900.v8.1,Manes.17G110900,(1 of 11) PF05212 - Protein of unknown function (DUF707) (DUF707),bisque4,NA,gene
Manes.17G111300.v8.1,Manes.17G111300,(1 of 6) 2.4.1.144 - Beta-1;4-mannosyl-glycoprotein 4-beta-N-acetylglucosaminyltransferase / acetylglucosaminyltransferase III,white,NA,gene
Manes.17G111400.v8.1,Manes.17G111400,(1 of 2) PTHR31079//PTHR31079:SF2 - FAMILY NOT NAMED // F4P13.14 PROTEIN-RELATED,black,NA,gene
Manes.17G111900.v8.1,Manes.17G111900,(1 of 2) PTHR31902//PTHR31902:SF5 - FAMILY NOT NAMED // SUCRASE/FERREDOXIN-LIKE PROTEIN,black,NA,gene
Manes.17G116300.v8.1,Manes.17G116300,(1 of 1) PTHR24092//PTHR24092:SF75 - FAMILY NOT NAMED // PHOSPHOLIPID-TRANSPORTING ATPASE 8-RELATED,black,NA,gene
Manes.17G120900.v8.1,Manes.17G120900,,white,NA,gene
Manes.17G121000.v8.1,Manes.17G121000,(1 of 1) PTHR11695//PTHR11695:SF530 - ALCOHOL DEHYDROGENASE RELATED // SUBFAMILY NOT NAMED,lightcyan,NA,gene
Manes.17G122100.v8.1,Manes.17G122100,(1 of 2) 1.2.1.2 - Formate dehydrogenase,black,NA,gene
Manes.17G117800.v8.1,Manes.17G117800,(1 of 4) PTHR10359//PTHR10359:SF22 - A/G-SPECIFIC ADENINE GLYCOSYLASE/ENDONUCLEASE III // DEMETER-LIKE PROTEIN 2-RELATED,lightcyan,NA,gene
Manes.18G001000.v8.1,Manes.18G001000,(1 of 2) PTHR22952//PTHR22952:SF117 - CAMP-RESPONSE ELEMENT BINDING PROTEIN-RELATED // BZIP TRANSCRIPTION FACTOR 60,black,NA,gene
Manes.18G001800.v8.1,Manes.18G001800,(1 of 17) KOG0149 - Predicted RNA-binding protein SEB4 (RRM superfamily),black,NA,gene
Manes.18G005000.v8.1,Manes.18G005000,(1 of 2) PTHR22952//PTHR22952:SF117 - CAMP-RESPONSE ELEMENT BINDING PROTEIN-RELATED // BZIP TRANSCRIPTION FACTOR 60,black,NA,gene
Manes.18G008500.v8.1,Manes.18G008500,(1 of 3) PTHR13711//PTHR13711:SF202 - SWI/SNF-RELATED CHROMATIN BINDING PROTEIN // HIGH MOBILITY GROUP B PROTEIN 10-RELATED,black,NA,gene
Manes.18G011700.v8.1,Manes.18G011700,(1 of 3) K18468 - vacuolar protein sorting-associated protein 35 (VPS35),lavenderblush2,NA,gene
Manes.18G018300.v8.1,Manes.18G018300,(1 of 4) K02154 - V-type H+-transporting ATPase subunit a (ATPeV0A; ATP6N),lightcyan,NA,gene
Manes.18G020600.v8.1,Manes.18G020600,(1 of 2) PTHR16223:SF11 - TRANSCRIPTION FACTOR BHLH110,white,NA,gene
Manes.18G023800.v8.1,Manes.18G023800,(1 of 3) K01247 - DNA-3-methyladenine glycosylase II (alkA),white,NA,gene
Manes.18G027300.v8.1,Manes.18G027300,(1 of 3) PTHR10996//PTHR10996:SF162 - 2-HYDROXYACID DEHYDROGENASE-RELATED // SUBFAMILY NOT NAMED,black,NA,gene
Manes.18G030100.v8.1,Manes.18G030100,(1 of 3) K13513 - lysocardiolipin and lysophospholipid acyltransferase (LCLAT1; AGPAT8),bisque4,NA,gene
Manes.18G030800.v8.1,Manes.18G030800,(1 of 1) PF00412//PF02809//PF12315 - LIM domain (LIM) // Ubiquitin interaction motif (UIM) // Protein of unknown function (DUF3633) (DUF3633),black,NA,gene
Manes.18G034900.v8.1,Manes.18G034900,(1 of 1) PTHR11119:SF29 - NUCLEOBASE-ASCORBATE TRANSPORTER 3,black,NA,gene
Manes.18G036400.v8.1,Manes.18G036400,(1 of 19) PTHR10891:SF592 - CALCIUM-BINDING PROTEIN CML38-RELATED,lightcyan,NA,gene
Manes.18G036500.v8.1,Manes.18G036500,(1 of 28) PF13202 - EF hand (EF-hand_5),black,NA,gene
Manes.18G036600.v8.1,Manes.18G036600,(1 of 2) PTHR33926//PTHR33926:SF2 - FAMILY NOT NAMED // PROTEIN TIC 22; CHLOROPLASTIC,black,NA,gene
Manes.18G038702.v8.1,Manes.18G038702,(1 of 2) PTHR10044//PTHR10044:SF118 - INHIBITOR OF APOPTOSIS // F2G19.2,lightcyan,NA,gene
Manes.18G040500.v8.1,Manes.18G040500,(1 of 2) PTHR12864//PTHR12864:SF23 - RAN BINDING PROTEIN 9-RELATED // SUBFAMILY NOT NAMED,black,NA,gene
Manes.18G041700.v8.1,Manes.18G041700,(1 of 3) 3.5.1.1 - Asparaginase / L-asparagine amidohydrolase,black,NA,gene
Manes.18G044500.v8.1,Manes.18G044500,(1 of 8) PF00887 - Acyl CoA binding protein (ACBP),bisque4,NA,gene
Manes.18G047000.v8.1,Manes.18G047000,(1 of 1) PTHR24206//PTHR24206:SF35 - FAMILY NOT NAMED // TRANSCRIPTION FACTOR-RELATED,white,NA,gene
Manes.18G049100.v8.1,Manes.18G049100,(1 of 2) PTHR22952//PTHR22952:SF115 - CAMP-RESPONSE ELEMENT BINDING PROTEIN-RELATED // SUBFAMILY NOT NAMED,black,NA,gene
Manes.18G049600.v8.1,Manes.18G049600,(1 of 18) PF08879//PF08880 - WRC (WRC) // QLQ (QLQ),bisque4,NA,gene
Manes.18G051900.v8.1,Manes.18G051900,(1 of 2) PTHR12482:SF17 - ALPHA/BETA-HYDROLASES SUPERFAMILY PROTEIN,lightcyan,NA,gene
Manes.18G054150.v8.1,Manes.18G054150,(1 of 2) PTHR22952//PTHR22952:SF145 - CAMP-RESPONSE ELEMENT BINDING PROTEIN-RELATED // SUBFAMILY NOT NAMED,black,NA,gene
Manes.18G056800.v8.1,Manes.18G056800,(1 of 2) KOG4090 - Uncharacterized conserved protein,black,NA,gene
Manes.18G058700.v8.1,Manes.18G058700,(1 of 4) PTHR24115//PTHR24115:SF463 - FAMILY NOT NAMED // KINESIN-LIKE PROTEIN-RELATED,plum3,NA,gene
Manes.18G061000.v8.1,Manes.18G061000,(1 of 1) K03926 - periplasmic divalent cation tolerance protein (cutA),white,NA,gene
Manes.18G062000.v8.1,Manes.18G062000,(1 of 2) 1.4.3.5//5.1.99.6 - Pyridoxal 5'-phosphate synthase / Pyridoxine (pyridoxamine)phosphate oxidase // NAD(P)H-hydrate epimerase / NAD(P)HX epimerase,skyblue4,NA,gene
Manes.18G063352.v8.1,Manes.18G063352,(1 of 1) PTHR10357//PTHR10357:SF74 - ALPHA-AMYLASE // ISOAMYLASE 3; CHLOROPLASTIC,white,carb,gene
Manes.18G064400.v8.1,Manes.18G064400,(1 of 1) PTHR11778//PTHR11778:SF0 - SERYL-TRNA SYNTHETASE // SERINE--TRNA LIGASE; MITOCHONDRIAL,white,NA,gene
Manes.18G073581.v8.1,Manes.18G073581,(1 of 5) 3.1.1.31 - 6-phosphogluconolactonase,lavenderblush2,NA,gene
Manes.18G073608.v8.1,Manes.18G073608,(1 of 2) K02952 - small subunit ribosomal protein S13 (RP-S13; rpsM),black,NA,gene
Manes.18G077024.v8.1,Manes.18G077024,(1 of 6) PTHR32278:SF6 - F-BOX PROTEIN PP2-B1-RELATED,black,NA,gene
Manes.18G077300.v8.1,Manes.18G077300,(1 of 6) PTHR32278:SF6 - F-BOX PROTEIN PP2-B1-RELATED,black,NA,gene
Manes.18G084700.v8.1,Manes.18G084700,,black,NA,gene
Manes.18G087300.v8.1,Manes.18G087300,(1 of 1) PTHR31752//PTHR31752:SF8 - FAMILY NOT NAMED // AUXIN EFFLUX CARRIER COMPONENT 6-RELATED,plum3,NA,gene
Manes.18G089349.v8.1,Manes.18G089349,,black,NA,gene
Manes.18G092600.v8.1,Manes.18G092600,,plum3,NA,gene
Manes.18G097500.v8.1,Manes.18G097500,(1 of 2) PTHR12161:SF21 - REGULATOR OF VPS4 ACTIVITY IN THE MVB PATHWAY PROTEIN,black,NA,gene
Manes.18G099200.v8.1,Manes.18G099200,(1 of 12) PF05003//PF11961 - Protein of unknown function (DUF668) (DUF668) // Domain of unknown function (DUF3475) (DUF3475),bisque4,NA,gene
Manes.18G100300.v8.1,Manes.18G100300,(1 of 11) KOG2922 - Uncharacterized conserved protein,black,NA,gene
Manes.18G101000.v8.1,Manes.18G101000,(1 of 2) PTHR24349//PTHR24349:SF117 - SERINE/THREONINE-PROTEIN KINASE // SUBFAMILY NOT NAMED,lightcyan,NA,gene
Manes.18G101100.v8.1,Manes.18G101100,(1 of 2) PTHR10795//PTHR10795:SF316 - PROPROTEIN CONVERTASE SUBTILISIN/KEXIN // SERINE PROTEASE-LIKE PROTEIN-RELATED,black,NA,gene
Manes.18G102400.v8.1,Manes.18G102400,(1 of 1) 2.7.7.72 - CCA tRNA nucleotidyltransferase / tRNA-nucleotidyltransferase,black,NA,gene
Manes.18G102500.v8.1,Manes.18G102500,,lightcyan,NA,gene
Manes.18G103000.v8.1,Manes.18G103000,(1 of 2) PTHR31916:SF3 - ALKALINE/NEUTRAL INVERTASE CINV1-RELATED,black,carb,gene
Manes.18G105100.v8.1,Manes.18G105100,(1 of 5) PTHR11654//PTHR11654:SF94 - OLIGOPEPTIDE TRANSPORTER-RELATED // PROTEIN NRT1/ PTR FAMILY 5.10-RELATED,black,NA,gene
Manes.18G107600.v8.1,Manes.18G107600,(1 of 4) PTHR18937:SF231 - STRUCTURAL MAINTENANCE OF CHROMOSOMES PROTEIN,bisque4,NA,gene
Manes.18G107900.v8.1,Manes.18G107900,(1 of 1) PF00931//PF07725//PF13855 - NB-ARC domain (NB-ARC) // Leucine Rich Repeat (LRR_3) // Leucine rich repeat (LRR_8),black,NA,gene
Manes.18G108700.v8.1,Manes.18G108700,,black,NA,gene
Manes.18G111100.v8.1,Manes.18G111100,(1 of 8) PTHR23024//PTHR23024:SF174 - MEMBER OF 'GDXG' FAMILY OF LIPOLYTIC ENZYMES // SUBFAMILY NOT NAMED,bisque4,NA,gene
Manes.18G121700.v8.1,Manes.18G121700,(1 of 1) K10768 - alkylated DNA repair protein alkB homolog 6 (ALKBH6),lavenderblush2,NA,gene
Manes.18G123900.v8.1,Manes.18G123900,(1 of 1) PTHR35515//PTHR35515:SF1 - FAMILY NOT NAMED // NADH DEHYDROGENASE-LIKE COMPLEX N,lightcyan,NA,gene
Manes.18G126800.v8.1,Manes.18G126800,,black,NA,gene
Manes.18G141033.v8.1,Manes.18G141033,(1 of 3) 3.3.2.6 - Leukotriene-A(4) hydrolase / LTA-4 hydrolase,bisque4,NA,gene
Manes.18G145692.v8.1,Manes.18G145692,(1 of 20) PTHR22595:SF34 - BASIC ENDOCHITINASE B,black,NA,gene
Manes.18G145400.v8.1,Manes.18G145400,(1 of 63) 3.2.1.39 - Glucan endo-1;3-beta-D-glucosidase / Laminarinase,skyblue4,NA,gene
Manes.18G143600.v8.1,Manes.18G143600,(1 of 82) 5.2.1.8 - Peptidylprolyl isomerase / Rotamase,lightcyan,NA,gene
Manes.18G143400.v8.1,Manes.18G143400,(1 of 82) 5.2.1.8 - Peptidylprolyl isomerase / Rotamase,lightcyan,NA,gene
Manes.S095408.v8.1,Manes.S095408,(1 of 3) PTHR22939//PTHR22939:SF90 - SERINE PROTEASE FAMILY S1C HTRA-RELATED // SUBFAMILY NOT NAMED,white,NA,gene
Phytoene,Phytoene,NA,white,carot,metabolite
Phytofluene,Phytofluene,NA,white,carot,metabolite
Zeta.Carotene,Zeta.Carotene,NA,black,carot,metabolite
Lutein,Lutein,NA,skyblue4,carot,metabolite
total_carotenoids,total_carotenoids,NA,black,carot,metabolite
Beta.Carotene,Beta.Carotene,NA,black,carot,metabolite
percent_ciscarotenes,percent_ciscarotenes,NA,white,carot,metabolite
ratio_cis_bc,ratio_cis_bc,NA,white,carot,metabolite
ratio_viola_bc,ratio_viola_bc,NA,black,carot,metabolite
i_o_diff_TC,i_o_diff_TC,NA,black,carot,metabolite
i_o_diff_DM,i_o_diff_DM,NA,bisque4,carb,metabolite
meansuc_mg_g,meansuc_mg_g,NA,lightcyan,carb,metabolite
mean_totalsugar,mean_totalsugar,NA,lightcyan,carb,metabolite
