"","ID","Description.x","GeneRatio","BgRatio","RichFactor","FoldEnrichment","zScore","pvalue","p.adjust","qvalue","geneID","Count","Description.y"
"1","GO:0006073","GO:0006073","3/284","27/20430",0.111111111111111,7.99295774647887,4.31702020047303,0.00607404805093634,0.171758685858508,0.159035820239359,"Manes.11G151500/Manes.12G118804/Manes.15G192300",3,"hydrolase activity, hydrolyzing O-glycosyl compounds; cell wall; carbohydrate metabolic process; xyloglucan metabolic process; xyloglucan:xyloglucosyl transferase activity; cell wall biogenesis; apoplast"
"2","GO:0010411","GO:0010411","3/284","27/20430",0.111111111111111,7.99295774647887,4.31702020047303,0.00607404805093634,0.171758685858508,0.159035820239359,"Manes.11G151500/Manes.12G118804/Manes.15G192300",3,"hydrolase activity, hydrolyzing O-glycosyl compounds; cell wall; carbohydrate metabolic process; xyloglucan metabolic process; xyloglucan:xyloglucosyl transferase activity; cell wall biogenesis; apoplast"
"3","GO:0016762","GO:0016762","3/284","27/20430",0.111111111111111,7.99295774647887,4.31702020047303,0.00607404805093634,0.171758685858508,0.159035820239359,"Manes.11G151500/Manes.12G118804/Manes.15G192300",3,"hydrolase activity, hydrolyzing O-glycosyl compounds; cell wall; carbohydrate metabolic process; xyloglucan metabolic process; xyloglucan:xyloglucosyl transferase activity; cell wall biogenesis; apoplast"
"4","GO:0003950","GO:0003950","2/284","10/20430",0.2,14.387323943662,5.02752470108977,0.00805019914045999,0.171758685858508,0.159035820239359,"Manes.12G028100/Manes.13G029600",2,"NAD+-protein poly-ADP-ribosyltransferase activity;DNA binding; NAD+-protein poly-ADP-ribosyltransferase activity; nucleus; zinc ion binding; NAD binding;NAD+-protein poly-ADP-ribosyltransferase activity; nucleus"
"5","GO:0005509","GO:0005509","8/284","207/20430",0.0386473429951691,2.78015921616656,3.0563954062103,0.00858594957302015,0.171758685858508,0.159035820239359,"Manes.02G169400/Manes.08G134300/Manes.09G009100/Manes.12G099300/Manes.13G135300/Manes.16G121600/Manes.18G036400/Manes.18G036500",8,"calcium ion binding;calcium ion binding; regulation of DNA-templated transcription;protein kinase activity; protein tyrosine kinase activity; calcium ion binding; ATP binding; protein phosphorylation;peroxidase activity; calcium ion binding; membrane; oxidoreductase activity; oxidoreductase activity, acting on NAD(P)H, oxygen as acceptor;catalytic activity; phospholipase D activity; calcium ion binding; protein binding; membrane; phosphatidylcholine metabolic process;calcium ion binding; photosystem II; photosystem II oxygen evolving complex; photosynthesis; extrinsic component of membrane;calcium ion binding; protein binding;calcium ion binding; metabolic process; hexosyltransferase activity;catalytic activity; alpha-amylase activity; calcium ion binding; carbohydrate metabolic process; cation binding;GTPase activity; calcium ion binding; GTP binding; intracellular anatomical structure; mitochondrion; mitochondrion organization; small GTPase-mediated signal transduction; protein transport;protein kinase activity; protein tyrosine kinase activity; calcium ion binding; ATP binding; protein phosphorylation; membrane; phosphotransferase activity, alcohol group as acceptor;alpha,alpha-trehalase activity; calcium ion binding; trehalose metabolic process;protein kinase activity; protein tyrosine kinase activity; calcium ion binding; protein binding; ATP binding; protein phosphorylation; polysaccharide binding;protein kinase activity; protein serine/threonine kinase activity; protein tyrosine kinase activity; calcium ion binding; protein binding; ATP binding; protein phosphorylation; polysaccharide binding;protein kinase activity; protein tyrosine kinase activity; calcium ion binding; protein binding; ATP binding; protein phosphorylation;protein kinase activity; protein serine/threonine kinase activity; protein tyrosine kinase activity; calcium ion binding; protein binding; ATP binding; protein phosphorylation;calcium ion binding; guanosine tetraphosphate metabolic process;phospholipase A2 activity; calcium ion binding; lipid catabolic process;mannosyl-oligosaccharide 1,2-alpha-mannosidase activity; calcium ion binding; membrane;calcium ion binding; protein binding; GTP binding;protein kinase activity; protein serine/threonine kinase activity; protein tyrosine kinase activity; calcium ion binding; ATP binding; protein phosphorylation; polysaccharide binding;protein kinase activity; protein tyrosine kinase activity; calcium ion binding; ATP binding; protein phosphorylation; polysaccharide binding;calcium ion binding; calcium-dependent phospholipid binding;calcium ion binding; metabolic process; acyltransferase activity;calcium ion binding; membrane;calcium ion binding; transmembrane transport;calcium ion binding; endoplasmic reticulum; protein folding; unfolded protein binding;phosphatidylserine decarboxylase activity; calcium ion binding; protein binding; phospholipid biosynthetic process;potassium channel activity; calcium ion binding; membrane; potassium ion transmembrane transport;peroxidase activity; calcium ion binding; membrane; NAD(P)H oxidase H2O2-forming activity; oxidoreductase activity; oxidoreductase activity, acting on NAD(P)H, oxygen as acceptor;GTPase activity; calcium ion binding; GTP binding; intracellular anatomical structure; mitochondrion; mitochondrion organization; signal transduction; small GTPase-mediated signal transduction; protein transport; membrane;calcium ion binding; photosystem II; photosystem II oxygen evolving complex; photosynthesis; extrinsic component of membrane; photosystem II stabilization;monoatomic ion channel activity; calcium ion binding; monoatomic ion transport; membrane; transmembrane transport;calcium ion binding; oxidoreductase activity;metalloendopeptidase activity; calcium ion binding; proteolysis; metallopeptidase activity; zinc ion binding; extracellular matrix"
"6","GO:0042546","GO:0042546","3/284","32/20430",0.09375,6.74405809859155,3.86089800487671,0.00978842802578861,0.171758685858508,0.159035820239359,"Manes.11G151500/Manes.12G118804/Manes.15G192300",3,"galactoside 2-alpha-L-fucosyltransferase activity; membrane; cell wall biogenesis;hydrolase activity, hydrolyzing O-glycosyl compounds; cell wall; carbohydrate metabolic process; xyloglucan metabolic process; xyloglucan:xyloglucosyl transferase activity; cell wall biogenesis; apoplast"
"7","GO:0016209","GO:0016209","2/284","12/20430",0.166666666666667,11.9894366197183,4.52113797918147,0.0115927127600158,0.171758685858508,0.159035820239359,"Manes.12G027700/Manes.12G027800",2,"glutathione peroxidase activity; response to oxidative stress; antioxidant activity; oxidoreductase activity;antioxidant activity; oxidoreductase activity;antioxidant activity; oxidoreductase activity; peroxiredoxin activity;antioxidant activity; oxidoreductase activity; copper ion binding; mitochondrial inner membrane; copper ion transport; intracellular copper ion homeostasis; respiratory chain complex IV assembly;antioxidant activity; oxidoreductase activity; protein-disulfide reductase (NAD(P)H) activity"
"8","GO:0043565","GO:0043565","8/284","222/20430",0.036036036036036,2.59231062047963,2.83224567218176,0.0127228656191487,0.171758685858508,0.159035820239359,"Manes.01G191500/Manes.03G020500/Manes.03G206400/Manes.05G184800/Manes.08G020700/Manes.09G059028/Manes.18G049100/Manes.18G054150",8,"DNA-binding transcription factor activity; regulation of DNA-templated transcription; sequence-specific DNA binding;transcription initiation at RNA polymerase II promoter; sequence-specific DNA binding;sequence-specific DNA binding;DNA binding; DNA-binding transcription factor activity; regulation of DNA-templated transcription; sequence-specific DNA binding;DNA-binding transcription factor activity; nucleus; regulation of DNA-templated transcription; sequence-specific DNA binding;DNA-templated transcription; sequence-specific DNA binding;DNA binding; DNA-binding transcription factor activity; nucleus; regulation of DNA-templated transcription; sequence-specific DNA binding;DNA-binding transcription factor activity; regulation of DNA-templated transcription; zinc ion binding; sequence-specific DNA binding;DNA binding; DNA-binding transcription factor activity; nucleus; regulation of DNA-templated transcription; zinc ion binding; sequence-specific DNA binding; positive regulation of DNA-templated transcription;DNA-binding transcription factor activity; nucleus; regulation of DNA-templated transcription; response to heat; sequence-specific DNA binding;DNA-binding transcription factor activity; DNA-templated transcription; regulation of DNA-templated transcription; sequence-specific DNA binding;protein kinase activity; protein tyrosine kinase activity; ATP binding; DNA-templated transcription; protein phosphorylation; sequence-specific DNA binding;DNA binding; DNA-binding transcription factor activity; protein binding; regulation of DNA-templated transcription; zinc ion binding; sequence-specific DNA binding;DNA-binding transcription factor activity; protein binding; regulation of DNA-templated transcription; zinc ion binding; sequence-specific DNA binding;DNA-binding transcription factor activity; nucleus; asymmetric cell division; radial pattern formation; sequence-specific DNA binding; leaf development;DNA-binding transcription factor activity; nucleus; DNA-templated transcription; regulation of DNA-templated transcription; sequence-specific DNA binding"
"9","GO:0043531","GO:0043531","7/284","187/20430",0.0374331550802139,2.69281464186187,2.76109329869052,0.0159230707766717,0.19107684932006,0.176923008629685,"Manes.10G088500/Manes.10G141533/Manes.10G141601/Manes.10G141651/Manes.10G141700/Manes.10G141900/Manes.10G142200",7,"ADP binding;protein binding; signal transduction; ADP binding;protein binding; ADP binding;DNA binding; protein binding; ADP binding;protein kinase activity; protein tyrosine kinase activity; protein binding; ATP binding; protein phosphorylation; ADP binding;proteolysis; cysteine-type peptidase activity; ADP binding;protein binding; ADP binding; ATP binding"
"10","GO:0009607","GO:0009607","2/284","16/20430",0.125,8.99207746478873,3.79702914133609,0.0203222575596653,0.196082962921515,0.181558299001403,"Manes.03G115300/Manes.15G130600",2,"defense response; response to biotic stimulus"
"11","GO:0048046","GO:0048046","3/284","43/20430",0.0697674418604651,5.01883393383557,3.13217440553481,0.0217869958801683,0.196082962921515,0.181558299001403,"Manes.11G151500/Manes.12G118804/Manes.15G192300",3,"copper ion binding; oxidoreductase activity; lignin catabolic process; apoplast; hydroquinone:oxygen oxidoreductase activity;hydrolase activity, hydrolyzing O-glycosyl compounds; cell wall; carbohydrate metabolic process; xyloglucan metabolic process; xyloglucan:xyloglucosyl transferase activity; cell wall biogenesis; apoplast"
"12","GO:0050661","GO:0050661","3/284","43/20430",0.0697674418604651,5.01883393383557,3.13217440553481,0.0217869958801683,0.196082962921515,0.181558299001403,"Manes.04G064632/Manes.11G084400/Manes.12G007900",3,"N,N-dimethylaniline monooxygenase activity; oxidoreductase activity; flavin adenine dinucleotide binding; NADP binding;N,N-dimethylaniline monooxygenase activity; flavin adenine dinucleotide binding; NADP binding;phosphogluconate dehydrogenase (decarboxylating) activity; pentose-phosphate shunt; NADP binding;hydroxymethylglutaryl-CoA reductase (NADPH) activity; isoprenoid biosynthetic process; coenzyme A metabolic process; NADP binding;aspartate kinase activity; amino acid metabolic process; metabolic process; amino acid biosynthetic process; oxidoreductase activity; amino acid binding; NADP binding;glutathione-disulfide reductase (NADPH) activity; glutathione metabolic process; oxidoreductase activity; cell redox homeostasis; flavin adenine dinucleotide binding; NADP binding;dihydrofolate reductase activity; thymidylate synthase activity; dTMP biosynthetic process; glycine biosynthetic process; one-carbon metabolic process; nucleotide biosynthetic process; NADP binding;glucose metabolic process; oxidoreductase activity, acting on the aldehyde or oxo group of donors, NAD or NADP as acceptor; NADP binding; NAD binding;3-dehydroquinate dehydratase activity; shikimate 3-dehydrogenase (NADP+) activity; shikimate metabolic process; NADP binding;glutamyl-tRNA reductase activity; tetrapyrrole biosynthetic process; NADP binding;glucose-6-phosphate dehydrogenase activity; glucose metabolic process; NADP binding;zinc ion binding; 5-amino-6-(5-phosphoribosylamino)uracil reductase activity; diaminohydroxyphosphoribosylaminopyrimidine deaminase activity; riboflavin biosynthetic process; NADP binding;N-acetyl-gamma-glutamyl-phosphate reductase activity; aspartate-semialdehyde dehydrogenase activity; cytoplasm; amino acid biosynthetic process; methionine biosynthetic process; threonine biosynthetic process; lysine biosynthetic process via diaminopimelate; isoleucine biosynthetic process; oxidoreductase activity, acting on the aldehyde or oxo group of donors, NAD or NADP as acceptor; protein dimerization activity; NADP binding; NAD binding;dihydrofolate reductase activity; glycine biosynthetic process; nucleotide biosynthetic process; NADP binding"
"13","GO:0005618","GO:0005618","3/284","54/20430",0.0555555555555556,3.99647887323944,2.61780289348812,0.0392085592982283,0.325732646477589,0.301604302294064,"Manes.11G151500/Manes.12G118804/Manes.15G192300",3,"cell wall; pectinesterase activity; cell wall modification;enzyme inhibitor activity; cell wall; pectinesterase activity; cell wall modification;hydrolase activity, hydrolyzing O-glycosyl compounds; cell wall; carbohydrate metabolic process; xyloglucan metabolic process; xyloglucan:xyloglucosyl transferase activity; cell wall biogenesis; apoplast;serine-type endopeptidase activity; cell wall; proteolysis; membrane"
"14","GO:0004298","GO:0004298","2/284","28/20430",0.0714285714285714,5.13832997987928,2.60169313340698,0.057435500092128,0.373582015359522,0.345909273481039,"Manes.03G175800/Manes.07G090500",2,"endopeptidase activity; threonine-type endopeptidase activity; proteasome core complex; ubiquitin-dependent protein catabolic process; proteasome core complex, alpha-subunit complex; proteolysis involved in protein catabolic process;threonine-type endopeptidase activity; proteasome core complex; proteolysis involved in protein catabolic process;endopeptidase activity; threonine-type endopeptidase activity; proteasome core complex; proteolysis involved in protein catabolic process"
"15","GO:0005839","GO:0005839","2/284","28/20430",0.0714285714285714,5.13832997987928,2.60169313340698,0.057435500092128,0.373582015359522,0.345909273481039,"Manes.03G175800/Manes.07G090500",2,"endopeptidase activity; threonine-type endopeptidase activity; proteasome core complex; ubiquitin-dependent protein catabolic process; proteasome core complex, alpha-subunit complex; proteolysis involved in protein catabolic process;threonine-type endopeptidase activity; proteasome core complex; proteolysis involved in protein catabolic process;endopeptidase activity; threonine-type endopeptidase activity; proteasome core complex; proteolysis involved in protein catabolic process"
"16","GO:0051603","GO:0051603","2/284","28/20430",0.0714285714285714,5.13832997987928,2.60169313340698,0.057435500092128,0.373582015359522,0.345909273481039,"Manes.03G175800/Manes.07G090500",2,"endopeptidase activity; threonine-type endopeptidase activity; proteasome core complex; ubiquitin-dependent protein catabolic process; proteasome core complex, alpha-subunit complex; proteolysis involved in protein catabolic process;threonine-type endopeptidase activity; proteasome core complex; proteolysis involved in protein catabolic process;endopeptidase activity; threonine-type endopeptidase activity; proteasome core complex; proteolysis involved in protein catabolic process"
"17","GO:0004553","GO:0004553","6/284","198/20430",0.0303030303030303,2.17989756722151,1.98082360188274,0.0588045764917767,0.373582015359522,0.345909273481039,"Manes.05G160600/Manes.08G108000/Manes.09G180500/Manes.11G151500/Manes.12G118804/Manes.15G192300",6,"hydrolase activity, hydrolyzing O-glycosyl compounds; carbohydrate metabolic process;hydrolase activity, hydrolyzing O-glycosyl compounds; carbohydrate metabolic process; carbohydrate binding;hydrolase activity, hydrolyzing O-glycosyl compounds; beta-fructofuranosidase activity; sucrose alpha-glucosidase activity; carbohydrate metabolic process;hydrolase activity, hydrolyzing O-glycosyl compounds; cell wall; carbohydrate metabolic process; xyloglucan metabolic process; xyloglucan:xyloglucosyl transferase activity; cell wall biogenesis; apoplast;hydrolase activity, hydrolyzing O-glycosyl compounds; alpha-mannosidase activity; carbohydrate metabolic process; mannose metabolic process; zinc ion binding; mannosidase activity;catalytic activity; 1,4-alpha-glucan branching enzyme activity; hydrolase activity, hydrolyzing O-glycosyl compounds; carbohydrate metabolic process; glycogen biosynthetic process; cation binding;hydrolase activity, hydrolyzing O-glycosyl compounds; carbohydrate metabolic process; carbohydrate binding; beta-galactosidase activity; beta-galactosidase complex;hydrolase activity, hydrolyzing O-glycosyl compounds; beta-galactosidase activity; carbohydrate metabolic process; beta-galactosidase complex;hydrolase activity, hydrolyzing O-glycosyl compounds; chitinase activity; carbohydrate metabolic process; chitin catabolic process;catalytic activity; hydrolase activity, hydrolyzing O-glycosyl compounds; carbohydrate metabolic process; cation binding;hydrolase activity, hydrolyzing O-glycosyl compounds; carbohydrate metabolic process; hydrolase activity, acting on glycosyl bonds;hydrolase activity, hydrolyzing O-glycosyl compounds; carbohydrate metabolic process; mannosylglycoprotein endo-beta-mannosidase activity;hydrolase activity, hydrolyzing O-glycosyl compounds; beta-N-acetylhexosaminidase activity; carbohydrate metabolic process;catalytic activity; hydrolase activity, hydrolyzing O-glycosyl compounds; carbohydrate metabolic process; pullulanase activity;hydrolase activity, hydrolyzing O-glycosyl compounds; beta-galactosidase activity; carbohydrate metabolic process;hydrolase activity, hydrolyzing O-glycosyl compounds; carbohydrate metabolic process; beta-glucosidase activity; cellulose catabolic process;hydrolase activity, hydrolyzing O-glycosyl compounds; carbohydrate metabolic process; actin filament organization; actin filament binding;hydrolase activity, hydrolyzing O-glycosyl compounds; chitinase activity; protein kinase activity; protein tyrosine kinase activity; ATP binding; carbohydrate metabolic process; chitin catabolic process; protein phosphorylation;hydrolase activity, hydrolyzing O-glycosyl compounds; beta-galactosidase activity; carbohydrate metabolic process; beta-galactosidase complex; carbohydrate binding"
"18","GO:0006952","GO:0006952","2/284","30/20430",0.0666666666666667,4.79577464788732,2.47021226586784,0.0649222795228122,0.389533677136873,0.36067933068229,"Manes.03G115300/Manes.15G130600",2,"defense response;defense response; response to biotic stimulus"
"19","GO:0003700","GO:0003700","9/284","365/20430",0.0246575342465753,1.77377966428709,1.77105672529538,0.0698410319769038,0.396991129131874,0.36758437882581,"Manes.01G191500/Manes.03G020500/Manes.03G199300/Manes.03G206400/Manes.05G184800/Manes.08G020700/Manes.08G096900/Manes.09G059028/Manes.18G049100",9,"DNA-binding transcription factor activity; regulation of DNA-templated transcription;DNA-binding transcription factor activity; regulation of DNA-templated transcription; sequence-specific DNA binding;DNA binding; DNA-binding transcription factor activity; nucleus; regulation of DNA-templated transcription; protein dimerization activity;DNA binding; DNA-binding transcription factor activity; regulation of DNA-templated transcription; sequence-specific DNA binding;DNA-binding transcription factor activity; nucleus; regulation of DNA-templated transcription; sequence-specific DNA binding;DNA binding; DNA-binding transcription factor activity; nucleus; regulation of DNA-templated transcription; sequence-specific DNA binding;DNA binding; DNA-binding transcription factor activity; regulation of DNA-templated transcription;DNA-binding transcription factor activity; regulation of DNA-templated transcription; zinc ion binding; sequence-specific DNA binding;DNA-binding transcription factor activity; regulation of DNA-templated transcription; multicellular organism development;DNA binding; DNA-binding transcription factor activity; DNA-templated transcription initiation; regulation of DNA-templated transcription; sigma factor activity;DNA binding; DNA-binding transcription factor activity; nucleus; regulation of DNA-templated transcription; zinc ion binding; sequence-specific DNA binding; positive regulation of DNA-templated transcription;DNA-binding transcription factor activity; nucleus; regulation of DNA-templated transcription; signal transduction;DNA-binding transcription factor activity; nucleus; regulation of DNA-templated transcription; response to heat; sequence-specific DNA binding;DNA-binding transcription factor activity; transcription regulator complex; regulation of DNA-templated transcription;DNA-binding transcription factor activity; DNA-templated transcription; regulation of DNA-templated transcription; sequence-specific DNA binding;DNA binding; DNA-binding transcription factor activity; nucleus; regulation of DNA-templated transcription;protein peptidyl-prolyl isomerization; DNA-binding transcription factor activity; peptidyl-prolyl cis-trans isomerase activity; protein binding; regulation of DNA-templated transcription; protein folding;DNA binding; DNA-binding transcription factor activity; protein binding; regulation of DNA-templated transcription; zinc ion binding; sequence-specific DNA binding;DNA-binding transcription factor activity; protein binding; regulation of DNA-templated transcription; zinc ion binding; sequence-specific DNA binding;DNA-binding transcription factor activity; protein binding; nucleus; regulation of DNA-templated transcription; zinc ion binding;DNA-binding transcription factor activity; nucleus; regulation of DNA-templated transcription;DNA-binding transcription factor activity; transcription regulator complex; regulation of DNA-templated transcription; cell cycle;DNA-binding transcription factor activity; nucleus; DNA-templated transcription;DNA binding; DNA-binding transcription factor activity; copper ion binding; nucleus; regulation of DNA-templated transcription; metal ion transport; metal ion binding;DNA-binding transcription factor activity; regulation of DNA-templated transcription; cell cycle; cell population proliferation;DNA-binding transcription factor activity; nucleus; asymmetric cell division; radial pattern formation; sequence-specific DNA binding; leaf development;DNA binding; DNA-binding transcription factor activity; nucleus; flower development;DNA-binding transcription factor activity; nucleus; DNA-templated transcription; regulation of DNA-templated transcription; sequence-specific DNA binding"
"20","GO:0004857","GO:0004857","2/284","38/20430",0.0526315789473684,3.78613787991105,2.04104604086743,0.097704639645836,0.435350552857532,0.403102363756974,"Manes.02G034700/Manes.02G034900",2,"enzyme inhibitor activity;enzyme inhibitor activity; cell wall; pectinesterase activity; cell wall modification;enzyme inhibitor activity; mitochondrion; negative regulation of nucleotide metabolic process"
"21","GO:0030001","GO:0030001","3/284","80/20430",0.0375,2.69762323943662,1.80631050625799,0.100399101659412,0.435350552857532,0.403102363756974,"Manes.03G074800/Manes.05G064600/Manes.08G069932",3,"metal ion transport; metal ion binding;membrane; metal ion transport; metal ion transmembrane transporter activity; transmembrane transport;nucleotide binding; copper ion binding; monoatomic cation transport; ATPase-coupled monoatomic cation transmembrane transporter activity; metal ion transport; metal ion binding;copper ion binding; superoxide metabolic process; superoxide dismutase copper chaperone activity; metal ion transport; metal ion binding;nucleotide binding; monoatomic cation transport; ATPase-coupled monoatomic cation transmembrane transporter activity; metal ion transport; metal ion binding;zinc ion transmembrane transporter activity; membrane; metal ion transport; metal ion transmembrane transporter activity; transmembrane transport; zinc ion transmembrane transport;zinc ion binding; metal ion transport; metal ion binding;DNA binding; DNA-binding transcription factor activity; copper ion binding; nucleus; regulation of DNA-templated transcription; metal ion transport; metal ion binding"
"22","GO:0016758","GO:0016758","3/284","82/20430",0.0365853658536585,2.63182755066987,1.75795855598651,0.106122101830803,0.435350552857532,0.403102363756974,"Manes.03G111200/Manes.10G105300/Manes.13G056600",3,"metabolic process; hexosyltransferase activity;endoplasmic reticulum membrane; hexosyltransferase activity;calcium ion binding; metabolic process; hexosyltransferase activity;hexosyltransferase activity; glycolipid biosynthetic process;endoplasmic reticulum; hexosyltransferase activity;GPI anchor biosynthetic process; hexosyltransferase activity;carbohydrate metabolic process; metabolic process; hexosyltransferase activity; lipid glycosylation;hexosyltransferase activity"
"23","GO:0005975","GO:0005975","7/284","297/20430",0.0235690235690236,1.69547588561673,1.43348899612327,0.121517918361801,0.435350552857532,0.403102363756974,"Manes.05G160600/Manes.08G108000/Manes.09G180500/Manes.11G151500/Manes.12G118804/Manes.13G028600/Manes.15G192300",7,"hydrolase activity, hydrolyzing O-glycosyl compounds; carbohydrate metabolic process;carbohydrate metabolic process; pentose-phosphate shunt; 6-phosphogluconolactonase activity;carbohydrate metabolic process; isomerase activity;hydrolase activity, hydrolyzing O-glycosyl compounds; carbohydrate metabolic process; carbohydrate binding;3-beta-hydroxy-delta5-steroid dehydrogenase (NAD+) activity; carbohydrate metabolic process; steroid biosynthetic process; oxidoreductase activity, acting on the CH-OH group of donors, NAD or NADP as acceptor; racemase and epimerase activity, acting on carbohydrates and derivatives;hydrolase activity, hydrolyzing O-glycosyl compounds; beta-fructofuranosidase activity; sucrose alpha-glucosidase activity; carbohydrate metabolic process;carbohydrate metabolic process;mannose-6-phosphate isomerase activity; carbohydrate metabolic process; zinc ion binding; GDP-mannose biosynthetic process;carbohydrate metabolic process; isomerase activity; hexose metabolic process;catalytic activity; alpha-amylase activity; calcium ion binding; carbohydrate metabolic process; cation binding;hydrolase activity, hydrolyzing O-glycosyl compounds; cell wall; carbohydrate metabolic process; xyloglucan metabolic process; xyloglucan:xyloglucosyl transferase activity; cell wall biogenesis; apoplast;carbohydrate metabolic process; racemase and epimerase activity, acting on carbohydrates and derivatives;1,4-alpha-oligoglucan phosphorylase activity; carbohydrate metabolic process; glycogen phosphorylase activity; pyridoxal phosphate binding;carbohydrate metabolic process; xylose isomerase activity;hydrolase activity, hydrolyzing O-glycosyl compounds; alpha-mannosidase activity; carbohydrate metabolic process; mannose metabolic process; zinc ion binding; mannosidase activity;carbohydrate metabolic process; fructose 1,6-bisphosphate 1-phosphatase activity; phosphoric ester hydrolase activity;carbohydrate metabolic process; phosphotransferase activity, alcohol group as acceptor;intracellular glucose homeostasis; hexokinase activity; ATP binding; D-glucose binding; carbohydrate metabolic process; phosphotransferase activity, alcohol group as acceptor; carbohydrate phosphorylation;catalytic activity; 1,4-alpha-glucan branching enzyme activity; hydrolase activity, hydrolyzing O-glycosyl compounds; carbohydrate metabolic process; glycogen biosynthetic process; cation binding;alpha-L-fucosidase activity; carbohydrate metabolic process;chitinase activity; carbohydrate metabolic process; chitin catabolic process; chitin binding; cell wall macromolecule catabolic process;chitinase activity; carbohydrate metabolic process; chitin catabolic process; cell wall macromolecule catabolic process;polygalacturonase activity; carbohydrate metabolic process;hydrolase activity, hydrolyzing O-glycosyl compounds; carbohydrate metabolic process; carbohydrate binding; beta-galactosidase activity; beta-galactosidase complex;hydrolase activity, hydrolyzing O-glycosyl compounds; beta-galactosidase activity; carbohydrate metabolic process; beta-galactosidase complex;hydrolase activity, hydrolyzing O-glycosyl compounds; chitinase activity; carbohydrate metabolic process; chitin catabolic process;catalytic activity; hydrolase activity, hydrolyzing O-glycosyl compounds; carbohydrate metabolic process; cation binding;hydrolase activity, hydrolyzing O-glycosyl compounds; carbohydrate metabolic process; hydrolase activity, acting on glycosyl bonds;poly(ADP-ribose) glycohydrolase activity; carbohydrate metabolic process;phosphogluconate dehydrogenase (decarboxylating) activity; carbohydrate metabolic process; zinc ion binding; aldehyde-lyase activity; NAD binding;carbohydrate metabolic process; oxidoreductase activity, acting on the CH-OH group of donors, quinone or similar compound as acceptor; quinone binding;carbohydrate metabolic process; intramolecular phosphotransferase activity;carbohydrate metabolic process; carbohydrate binding;carbohydrate metabolic process; glycerol-3-phosphate metabolic process; 2-dehydropantoate 2-reductase activity; glycerol-3-phosphate dehydrogenase (FAD) complex;carbohydrate metabolic process; glycerol-3-phosphate metabolic process; glycerol-3-phosphate dehydrogenase (FAD) complex; oxidoreductase activity, acting on the CH-OH group of donors, NAD or NADP as acceptor; glycerol-3-phosphate catabolic process; NAD binding;transaldolase activity; cytoplasm; carbohydrate metabolic process; pentose-phosphate shunt;carbohydrate metabolic process; metabolic process; hexosyltransferase activity; lipid glycosylation;hydrolase activity, hydrolyzing O-glycosyl compounds; carbohydrate metabolic process; mannosylglycoprotein endo-beta-mannosidase activity;4-alpha-glucanotransferase activity; carbohydrate metabolic process; starch binding;carbohydrate metabolic process; kinase activity;catalytic activity; carbohydrate metabolic process; cation binding;alpha-mannosidase activity; protein binding; carbohydrate metabolic process;hydrolase activity, hydrolyzing O-glycosyl compounds; beta-N-acetylhexosaminidase activity; carbohydrate metabolic process;catalytic activity; hydrolase activity, hydrolyzing O-glycosyl compounds; carbohydrate metabolic process; pullulanase activity;hydrolase activity, hydrolyzing O-glycosyl compounds; beta-galactosidase activity; carbohydrate metabolic process;glycerol kinase activity; carbohydrate metabolic process; glycerol-3-phosphate metabolic process; phosphotransferase activity, alcohol group as acceptor;hydrolase activity, hydrolyzing O-glycosyl compounds; carbohydrate metabolic process; beta-glucosidase activity; cellulose catabolic process;glutamine-fructose-6-phosphate transaminase (isomerizing) activity; carbohydrate metabolic process; carbohydrate binding; carbohydrate derivative biosynthetic process;carbohydrate metabolic process; isomerase activity; carbohydrate binding;hydrolase activity, hydrolyzing O-glycosyl compounds; carbohydrate metabolic process; actin filament organization; actin filament binding;4-alpha-glucanotransferase activity; carbohydrate metabolic process;hydrolase activity, hydrolyzing O-glycosyl compounds; chitinase activity; protein kinase activity; protein tyrosine kinase activity; ATP binding; carbohydrate metabolic process; chitin catabolic process; protein phosphorylation;carbohydrate metabolic process; glycerol-3-phosphate metabolic process; glycerol-3-phosphate dehydrogenase (FAD) complex; oxidoreductase activity, acting on the CH-OH group of donors, NAD or NADP as acceptor; protein homodimerization activity; glycerol-3-phosphate catabolic process; NAD binding;phosphoacetylglucosamine mutase activity; carbohydrate metabolic process; intramolecular phosphotransferase activity;ATP binding; carbohydrate metabolic process; metabolic process; phosphoribulokinase activity; kinase activity;hydrolase activity, hydrolyzing O-glycosyl compounds; beta-galactosidase activity; carbohydrate metabolic process; beta-galactosidase complex; carbohydrate binding"
"24","GO:0004499","GO:0004499","1/284","10/20430",0.1,7.19366197183099,2.32599051794237,0.130657042263631,0.435350552857532,0.403102363756974,"Manes.04G064632",1,"N,N-dimethylaniline monooxygenase activity; oxidoreductase activity; flavin adenine dinucleotide binding; NADP binding;N,N-dimethylaniline monooxygenase activity; flavin adenine dinucleotide binding; NADP binding"
"25","GO:0004630","GO:0004630","1/284","10/20430",0.1,7.19366197183099,2.32599051794237,0.130657042263631,0.435350552857532,0.403102363756974,"Manes.16G121600",1,"catalytic activity; phospholipase D activity; calcium ion binding; protein binding; membrane; phosphatidylcholine metabolic process;catalytic activity; phospholipase D activity; phosphatidic acid biosynthetic process; regulation of cell migration; regulation of phagocytosis"
"26","GO:0006821","GO:0006821","1/284","10/20430",0.1,7.19366197183099,2.32599051794237,0.130657042263631,0.435350552857532,0.403102363756974,"Manes.10G110100",1,"voltage-gated chloride channel activity; chloride transport; membrane; transmembrane transport;spliceosomal snRNP assembly; cytosol; plasma membrane; chloride transport; cell volume homeostasis; methylosome; pICln-Sm protein complex"
"27","GO:0019829","GO:0019829","1/284","10/20430",0.1,7.19366197183099,2.32599051794237,0.130657042263631,0.435350552857532,0.403102363756974,"Manes.03G074800",1,"nucleotide binding; copper ion binding; monoatomic cation transport; ATPase-coupled monoatomic cation transmembrane transporter activity; metal ion transport; metal ion binding;nucleotide binding; monoatomic cation transport; ATPase-coupled monoatomic cation transmembrane transporter activity; metal ion transport; metal ion binding;nucleotide binding; monoatomic cation transport; ATPase-coupled monoatomic cation transmembrane transporter activity; metal ion binding"
"28","GO:0006221","GO:0006221","1/284","11/20430",0.0909090909090909,6.53969270166453,2.18199168672024,0.142747806220395,0.435350552857532,0.403102363756974,"Manes.16G130900",1,"CTP synthase activity; pyrimidine nucleotide biosynthetic process; glutamine metabolic process; hydrolase activity;(d)CMP kinase activity; ATP binding; nucleobase-containing compound metabolic process; 'de novo' pyrimidine nucleobase biosynthetic process; pyrimidine nucleotide biosynthetic process; UMP/dUMP kinase activity; nucleobase-containing compound kinase activity;pyrimidine nucleotide biosynthetic process; cell cycle; positive regulation of Notch signaling pathway;cytoplasm; pyrimidine nucleotide biosynthetic process; UMP/dUMP kinase activity; UMP kinase activity"
"29","GO:0006779","GO:0006779","1/284","11/20430",0.0909090909090909,6.53969270166453,2.18199168672024,0.142747806220395,0.435350552857532,0.403102363756974,"Manes.07G138000",1,"uroporphyrinogen decarboxylase activity; porphyrin-containing compound biosynthetic process;oxygen-dependent protoporphyrinogen oxidase activity; porphyrin-containing compound biosynthetic process;catalytic activity; coproporphyrinogen oxidase activity; cytoplasm; porphyrin-containing compound biosynthetic process; iron-sulfur cluster binding;porphyrin-containing compound biosynthetic process; metabolic process; methyltransferase activity;coproporphyrinogen oxidase activity; porphyrin-containing compound biosynthetic process;ATP binding; porphyrin-containing compound biosynthetic process; photosynthesis; chlorophyll biosynthetic process; magnesium chelatase activity"
"30","GO:0008374","GO:0008374","1/284","11/20430",0.0909090909090909,6.53969270166453,2.18199168672024,0.142747806220395,0.435350552857532,0.403102363756974,"Manes.16G100000",1,"diacylglycerol O-acyltransferase activity; O-acyltransferase activity; triglyceride biosynthetic process;lipid metabolic process; O-acyltransferase activity"
"31","GO:0070588","GO:0070588","1/284","11/20430",0.0909090909090909,6.53969270166453,2.18199168672024,0.142747806220395,0.435350552857532,0.403102363756974,"Manes.14G162600",1,"nucleotide binding; P-type calcium transporter activity; calmodulin binding; ATP binding; membrane; metal ion binding; calcium ion transmembrane transport;nucleotide binding; P-type calcium transporter activity; ATP binding; membrane; metal ion binding; calcium ion transmembrane transport"
"32","GO:0006629","GO:0006629","3/284","94/20430",0.0319148936170213,2.29584956547797,1.4951131355255,0.14292603160065,0.435350552857532,0.403102363756974,"Manes.03G132100/Manes.05G174700/Manes.16G081200",3,"lipid metabolic process;lipid metabolic process; lipid catabolic process;lipid metabolic process; oxidoreductase activity, acting on paired donors, with oxidation of a pair of donors resulting in the reduction of molecular oxygen to two molecules of water;phosphatidylinositol phospholipase C activity; protein binding; lipid metabolic process; signal transduction; intracellular signal transduction;cytoplasm; lipid metabolic process; oxidoreductase activity, acting on the CH-CH group of donors;lipid metabolic process; oxidoreductase activity;lipid metabolic process; phosphoric diester hydrolase activity; glycerophosphodiester phosphodiesterase activity;lipid metabolic process; O-acyltransferase activity;aspartic-type endopeptidase activity; proteolysis; lipid metabolic process;protein binding; lipid metabolic process;lipid metabolic process; phosphoric diester hydrolase activity;lipid metabolic process; hydrolase activity, acting on ester bonds;triacylglycerol lipase activity; lipid metabolic process;lipid metabolic process; GTP binding;aspartic-type endopeptidase activity; proteolysis; lipid metabolic process; lysosome; sphingolipid metabolic process;aspartic-type endopeptidase activity; lysosome; proteolysis; lipid metabolic process; sphingolipid metabolic process;lipid metabolic process; sphingolipid biosynthetic process; sphingolipid delta-4 desaturase activity"
"33","GO:0005507","GO:0005507","2/284","49/20430",0.0408163265306122,2.93618855993101,1.61109538902335,0.14836289445623,0.435350552857532,0.403102363756974,"Manes.03G074800/Manes.14G035200",2,"copper ion binding; translation; methyltransferase activity;nucleotide binding; copper ion binding; monoatomic cation transport; ATPase-coupled monoatomic cation transmembrane transporter activity; metal ion transport; metal ion binding;copper ion binding; primary methylamine oxidase activity; amine metabolic process; quinone binding;copper ion binding; oxidoreductase activity;copper ion binding; oxidoreductase activity; lignin catabolic process; apoplast; hydroquinone:oxygen oxidoreductase activity;copper ion binding; superoxide metabolic process; superoxide dismutase copper chaperone activity; metal ion transport; metal ion binding;copper ion binding; mitochondrial intermembrane space; copper ion transport; copper chaperone activity;copper ion binding; electron transfer activity;copper ion binding;DNA binding; DNA-binding transcription factor activity; copper ion binding; nucleus; regulation of DNA-templated transcription; metal ion transport; metal ion binding;copper ion binding; extracellular region; oxidoreductase activity"
"34","GO:0022857","GO:0022857","2/284","49/20430",0.0408163265306122,2.93618855993101,1.61109538902335,0.14836289445623,0.435350552857532,0.403102363756974,"Manes.03G021100/Manes.04G059500",2,"membrane; transmembrane transporter activity;membrane; transmembrane transporter activity; transmembrane transport;transmembrane transporter activity;transmembrane transporter activity; transmembrane transport"
"35","GO:0005388","GO:0005388","1/284","12/20430",0.0833333333333333,5.99471830985915,2.0548651789391,0.154670996534975,0.435350552857532,0.403102363756974,"Manes.14G162600",1,"nucleotide binding; P-type calcium transporter activity; calmodulin binding; ATP binding; membrane; metal ion binding; calcium ion transmembrane transport;nucleotide binding; P-type calcium transporter activity; ATP binding; membrane; metal ion binding; calcium ion transmembrane transport;nucleotide binding; P-type calcium transporter activity; calcium ion transport; metal ion binding"
"36","GO:0008408","GO:0008408","1/284","12/20430",0.0833333333333333,5.99471830985915,2.0548651789391,0.154670996534975,0.435350552857532,0.403102363756974,"Manes.08G161900",1,"nucleic acid binding; nucleobase-containing compound metabolic process; 3'-5' exonuclease activity;nucleic acid binding; RNA binding; nucleobase-containing compound metabolic process; 3'-5' exonuclease activity;nucleotide binding; nucleic acid binding; DNA binding; DNA-directed DNA polymerase activity; nucleus; DNA replication; zinc ion binding; 3'-5' exonuclease activity;nuclear exosome (RNase complex); nucleic acid binding; intracellular anatomical structure; nucleobase-containing compound metabolic process; RNA processing; 3'-5' exonuclease activity;nucleotide binding; nucleic acid binding; DNA binding; DNA-directed DNA polymerase activity; DNA repair; zinc ion binding; 3'-5' exonuclease activity; zeta DNA polymerase complex; translesion synthesis;nucleic acid binding; intracellular anatomical structure; nucleobase-containing compound metabolic process; 3'-5' exonuclease activity;nucleotide binding; nucleic acid binding; DNA binding; DNA-directed DNA polymerase activity; 3'-5' exonuclease activity;nucleotide binding; nucleoside binding; nucleic acid binding; DNA binding; DNA-directed DNA polymerase activity; DNA replication; 3'-5' exonuclease activity;nucleic acid binding; DNA binding; DNA-directed DNA polymerase activity; nucleobase-containing compound metabolic process; DNA replication; DNA-templated DNA replication; 3'-5' exonuclease activity"
"37","GO:0009116","GO:0009116","1/284","13/20430",0.0769230769230769,5.53358613217768,1.94135917406835,0.166428927624409,0.435350552857532,0.403102363756974,"Manes.11G057500",1,"adenine phosphoribosyltransferase activity; cytoplasm; adenine salvage; nucleoside metabolic process;nucleoside metabolic process;catalytic activity; nucleoside metabolic process;amidophosphoribosyltransferase activity; purine nucleobase biosynthetic process; nucleoside metabolic process;uracil phosphoribosyltransferase activity; uracil salvage; nucleoside metabolic process;orotate phosphoribosyltransferase activity; orotidine-5'-phosphate decarboxylase activity; 'de novo' pyrimidine nucleobase biosynthetic process; nucleoside metabolic process; 'de novo' UMP biosynthetic process;nucleoside metabolic process; adenine phosphoribosyltransferase activity; cytoplasm; adenine salvage;hypoxanthine phosphoribosyltransferase activity; cytoplasm; purine ribonucleoside salvage; nucleoside metabolic process"
"38","GO:0016820","GO:0016820","1/284","13/20430",0.0769230769230769,5.53358613217768,1.94135917406835,0.166428927624409,0.435350552857532,0.403102363756974,"Manes.09G068812",1,"vacuolar proton-transporting V-type ATPase complex;ATP binding; proton-transporting two-sector ATPase complex, catalytic domain; proton-transporting V-type ATPase, V1 domain; ATP metabolic process;ATP binding; ATP biosynthetic process; proton motive force-driven ATP synthesis; ATP hydrolysis activity; proton-transporting two-sector ATPase complex, catalytic domain; ATP metabolic process; proton-transporting ATP synthase activity, rotational mechanism;ATP binding; proton-transporting two-sector ATPase complex, catalytic domain; proton-transporting V-type ATPase, V1 domain; ATP metabolic process; proton-transporting ATPase activity, rotational mechanism;vacuolar proton-transporting V-type ATPase, V1 domain; protein binding; proton-transporting ATPase activity, rotational mechanism"
"39","GO:0016831","GO:0016831","1/284","13/20430",0.0769230769230769,5.53358613217768,1.94135917406835,0.166428927624409,0.435350552857532,0.403102363756974,"Manes.02G177900",1,"glutamate decarboxylase activity; glutamate metabolic process; carboxy-lyase activity; carboxylic acid metabolic process; pyridoxal phosphate binding;carboxy-lyase activity; carboxylic acid metabolic process; pyridoxal phosphate binding;diphosphomevalonate decarboxylase activity; ATP binding; cytosol; isoprenoid biosynthetic process; carboxy-lyase activity; isopentenyl diphosphate biosynthetic process, mevalonate pathway;magnesium ion binding; catalytic activity; carboxy-lyase activity; thiamine pyrophosphate binding;amino acid metabolic process; carboxy-lyase activity; carboxylic acid metabolic process; pyridoxal phosphate binding"
"40","GO:0006511","GO:0006511","2/284","54/20430",0.037037037037037,2.66431924882629,1.45399314648106,0.172839997609537,0.435350552857532,0.403102363756974,"Manes.03G089500/Manes.07G090500",2,"ubiquitin-dependent protein catabolic process; ubiquitin protein ligase binding;cysteine-type deubiquitinase activity; intracellular anatomical structure; ubiquitin-dependent protein catabolic process;ubiquitin ligase complex; ubiquitin-protein transferase activity; ubiquitin-dependent protein catabolic process; protein ubiquitination; ubiquitin-ubiquitin ligase activity;ubiquitin-dependent protein catabolic process;endopeptidase activity; threonine-type endopeptidase activity; proteasome core complex; ubiquitin-dependent protein catabolic process; proteasome core complex, alpha-subunit complex; proteolysis involved in protein catabolic process;protein binding; nucleus; ubiquitin-dependent protein catabolic process; multicellular organism development; zinc ion binding;ubiquitin-dependent protein catabolic process; proteasome regulatory particle, base subcomplex;nucleus; ubiquitin-dependent protein catabolic process; multicellular organism development; zinc ion binding;cysteine-type deubiquitinase activity; intracellular anatomical structure; ubiquitin-dependent protein catabolic process; omega peptidase activity"
"41","GO:0004519","GO:0004519","1/284","14/20430",0.0714285714285714,5.13832997987928,1.8390439827648,0.178023882052321,0.435350552857532,0.403102363756974,"Manes.15G141200",1,"nucleic acid binding; endonuclease activity; DNA catabolic process;nucleic acid binding; DNA binding; endonuclease activity; ATP binding; hydrolase activity;nucleic acid binding; endonuclease activity;damaged DNA binding; endonuclease activity; nucleus; DNA repair;endonuclease activity; exonuclease activity; nucleus; DNA metabolic process; double-strand break repair; hydrolase activity; manganese ion binding;endonuclease activity; DNA repair;DNA binding; single-stranded DNA binding; catalytic activity; nuclease activity; endonuclease activity; nucleus; DNA repair; nucleotide-excision repair;endonuclease activity; ATP binding; mismatch repair; ATP hydrolysis activity; mismatched DNA binding; negative regulation of DNA recombination;endonuclease activity"
"42","GO:0006006","GO:0006006","1/284","14/20430",0.0714285714285714,5.13832997987928,1.8390439827648,0.178023882052321,0.435350552857532,0.403102363756974,"Manes.12G007900",1,"glucose metabolic process; oxidoreductase activity, acting on the aldehyde or oxo group of donors, NAD or NADP as acceptor; NADP binding; NAD binding;glucose-6-phosphate dehydrogenase activity; glucose metabolic process; NADP binding"
"43","GO:0019773","GO:0019773","1/284","14/20430",0.0714285714285714,5.13832997987928,1.8390439827648,0.178023882052321,0.435350552857532,0.403102363756974,"Manes.07G090500",1,"endopeptidase activity; threonine-type endopeptidase activity; proteasome core complex; ubiquitin-dependent protein catabolic process; proteasome core complex, alpha-subunit complex; proteolysis involved in protein catabolic process"
"44","GO:0042578","GO:0042578","1/284","14/20430",0.0714285714285714,5.13832997987928,1.8390439827648,0.178023882052321,0.435350552857532,0.403102363756974,"Manes.04G149500",1,"phosphoric ester hydrolase activity; phosphatidylinositol phosphate phosphatase activity;carbohydrate metabolic process; fructose 1,6-bisphosphate 1-phosphatase activity; phosphoric ester hydrolase activity;phosphoric ester hydrolase activity;vacuole organization; phosphatidylinositol-3-phosphate biosynthetic process; phosphoric ester hydrolase activity;protein binding; phosphoric ester hydrolase activity"
"45","GO:0016788","GO:0016788","2/284","57/20430",0.0350877192982456,2.5240919199407,1.36807342050058,0.187823116781384,0.435350552857532,0.403102363756974,"Manes.01G149000/Manes.08G157900",2,"hydrolase activity, acting on ester bonds;mRNA processing; hydrolase activity; hydrolase activity, acting on ester bonds;GPI anchor metabolic process; intracellular protein transport; hydrolase activity, acting on ester bonds;hydrolase activity, acting on ester bonds; D-amino acid catabolic process; D-aminoacyl-tRNA deacylase activity;nucleic acid binding; DNA binding; DNA repair; zinc ion binding; hydrolase activity, acting on ester bonds; hydrolase activity, acting on acid anhydrides, in phosphorus-containing anhydrides;lipid metabolic process; hydrolase activity, acting on ester bonds;cytoplasm; hydrolase activity, acting on ester bonds; D-amino acid catabolic process"
"46","GO:0004743","GO:0004743","1/284","15/20430",0.0666666666666667,4.79577464788732,1.74606202755569,0.189458110965778,0.435350552857532,0.403102363756974,"Manes.07G056100",1,"magnesium ion binding; pyruvate kinase activity; glycolytic process; potassium ion binding"
"47","GO:0030955","GO:0030955","1/284","15/20430",0.0666666666666667,4.79577464788732,1.74606202755569,0.189458110965778,0.435350552857532,0.403102363756974,"Manes.07G056100",1,"magnesium ion binding; pyruvate kinase activity; glycolytic process; potassium ion binding"
"48","GO:0008233","GO:0008233","1/284","16/20430",0.0625,4.49603873239437,1.66096499997976,0.200733834526185,0.451651127683916,0.418195488596219,"Manes.02G035300",1,"proteolysis; peptidase activity;signal peptidase complex; signal peptide processing; peptidase activity;signal peptide processing; peptidase activity; membrane;metalloendopeptidase activity; proteolysis; peptidase activity; CAAX-box protein processing;nucleus; proteolysis; peptidase activity;aminopeptidase activity; cytoplasm; proteolysis; peptidase activity;GPI-anchor transamidase activity; proteolysis; peptidase activity; attachment of GPI anchor to protein; GPI-anchor transamidase complex"
"49","GO:0016491","GO:0016491","9/284","469/20430",0.0191897654584222,1.38044686026607,0.989640791129661,0.207429754269616,0.457192111451399,0.423326029121666,"Manes.02G202900/Manes.12G027700/Manes.12G027800/Manes.12G049701/Manes.14G035200/Manes.15G038950/Manes.15G139400/Manes.16G081200/Manes.17G031200",9,"metabolic process; oxidoreductase activity;iron ion binding; oxidoreductase activity; oxidoreductase activity, acting on paired donors, with incorporation or reduction of molecular oxygen; L-ascorbic acid binding;zinc ion binding; oxidoreductase activity;oxidoreductase activity; carbohydrate metabolic process; pentose-phosphate shunt; 6-phosphogluconolactonase activity;oxidoreductase activity;peroxidase activity; calcium ion binding; membrane; oxidoreductase activity; oxidoreductase activity, acting on NAD(P)H, oxygen as acceptor;glutathione peroxidase activity; response to oxidative stress; antioxidant activity; oxidoreductase activity;iron ion binding; fatty acid biosynthetic process; oxidoreductase activity;copper ion binding; oxidoreductase activity;N,N-dimethylaniline monooxygenase activity; oxidoreductase activity; flavin adenine dinucleotide binding; NADP binding;L-lactate dehydrogenase activity; cytoplasm; oxidoreductase activity; oxidoreductase activity, acting on the CH-OH group of donors, NAD or NADP as acceptor; carboxylic acid metabolic process;iron ion binding; oxidoreductase activity;iron ion binding; FMN binding; oxidoreductase activity;electron transfer activity; oxidoreductase activity; oxidoreductase activity, acting on NAD(P)H; iron-sulfur cluster binding;tricarboxylic acid cycle; oxidoreductase activity; oxidoreductase activity, acting on the CH-CH group of donors; electron transport chain; flavin adenine dinucleotide binding;catalytic activity; oxidoreductase activity; oxidoreductase activity, acting on CH-OH group of donors; flavin adenine dinucleotide binding;thioredoxin-disulfide reductase (NADPH) activity; cytoplasm; oxidoreductase activity; removal of superoxide radicals;FMN binding; oxidoreductase activity; negative regulation of DNA-templated transcription;copper ion binding; oxidoreductase activity; lignin catabolic process; apoplast; hydroquinone:oxygen oxidoreductase activity;metabolic process; 2,3-dihydro-2,3-dihydroxybenzoate dehydrogenase activity; oxidoreductase activity; siderophore biosynthetic process;lipid metabolic process; oxidoreductase activity;malate metabolic process; oxidoreductase activity; malate dehydrogenase activity; oxidoreductase activity, acting on the CH-OH group of donors, NAD or NADP as acceptor; carboxylic acid metabolic process; L-malate dehydrogenase (NAD+) activity;aldehyde dehydrogenase [NAD(P)+] activity; cellular aldehyde metabolic process; metabolic process; oxidoreductase activity;chlorophyllide a oxygenase activity; oxidoreductase activity; 2 iron, 2 sulfur cluster binding;aspartate kinase activity; amino acid metabolic process; metabolic process; amino acid biosynthetic process; oxidoreductase activity; amino acid binding; NADP binding;oxidoreductase activity; 2 iron, 2 sulfur cluster binding;3-hydroxyacyl-CoA dehydrogenase activity; fatty acid metabolic process; oxidoreductase activity;antioxidant activity; oxidoreductase activity;catalytic activity; cytokinin metabolic process; oxidoreductase activity; oxidoreductase activity, acting on CH-OH group of donors; cytokinin dehydrogenase activity; flavin adenine dinucleotide binding;FMN binding; oxidoreductase activity;catalytic activity; D-arabinono-1,4-lactone oxidase activity; membrane; oxidoreductase activity; oxidoreductase activity, acting on CH-OH group of donors; flavin adenine dinucleotide binding;3-hydroxyacyl-CoA dehydrogenase activity; fatty acid metabolic process; oxidoreductase activity; NAD+ binding;metabolic process; oxidoreductase activity; protochlorophyllide reductase activity;glutathione-disulfide reductase (NADPH) activity; glutathione metabolic process; oxidoreductase activity; cell redox homeostasis; flavin adenine dinucleotide binding; NADP binding;metabolic process; methyltransferase activity; oxidoreductase activity;dihydrolipoyl dehydrogenase activity; tRNA processing; oxidoreductase activity; cell redox homeostasis; flavin adenine dinucleotide binding;antioxidant activity; oxidoreductase activity; peroxiredoxin activity;catalytic activity; iron ion binding; electron transfer activity; oxidoreductase activity; oxidoreductase activity, acting on CH-OH group of donors; metal ion binding; flavin adenine dinucleotide binding; iron-sulfur cluster binding;ubiquinol-cytochrome-c reductase activity; membrane; oxidoreductase activity; oxidoreductase activity, acting on diphenols and related substances as donors; 2 iron, 2 sulfur cluster binding;amino acid metabolic process; oxidoreductase activity;protein binding; oxidoreductase activity; oxidoreductase activity, acting on single donors with incorporation of molecular oxygen, incorporation of two atoms of oxygen; metal ion binding;oxidoreductase activity; cell redox homeostasis;oxidoreductase activity; flavin adenine dinucleotide binding;iron ion binding; oxidoreductase activity; oxidoreductase activity, acting on paired donors, with incorporation or reduction of molecular oxygen, NAD(P)H as one donor, and incorporation of two atoms of oxygen into one donor; 2 iron, 2 sulfur cluster binding;amino acid metabolic process; oxidoreductase activity; oxidoreductase activity, acting on the CH-NH2 group of donors, NAD or NADP as acceptor;oxidoreductase activity; membrane;iron ion binding; glutamate biosynthetic process; metabolic process; FMN binding; glutamate synthase activity; glutamate synthase (NADH) activity; oxidoreductase activity; oxidoreductase activity, acting on the CH-NH2 group of donors; oxidoreductase activity, acting on the CH-NH2 group of donors, NAD or NADP as acceptor; glutamate synthase activity, NAD(P)H as acceptor; flavin adenine dinucleotide binding;oxidoreductase activity; heme binding; sulfite reductase (ferredoxin) activity; iron-sulfur cluster binding; 4 iron, 4 sulfur cluster binding;methylmalonate-semialdehyde dehydrogenase (acylating, NAD) activity; metabolic process; oxidoreductase activity;malate metabolic process; oxidoreductase activity; oxidoreductase activity, acting on the CH-OH group of donors, NAD or NADP as acceptor; carboxylic acid metabolic process; L-malate dehydrogenase (NAD+) activity;alcohol dehydrogenase (NAD+) activity; metabolic process; zinc ion binding; oxidoreductase activity;catalytic activity; glutamate-5-semialdehyde dehydrogenase activity; cytoplasm; proline biosynthetic process; metabolic process; oxidoreductase activity;malate metabolic process; oxidoreductase activity; malate dehydrogenase activity; oxidoreductase activity, acting on the CH-OH group of donors, NAD or NADP as acceptor; L-malate dehydrogenase (NADP+) activity;glycerol-3-phosphate dehydrogenase (quinone) activity; glycerol-3-phosphate metabolic process; glycerol-3-phosphate dehydrogenase (FAD) complex; oxidoreductase activity;oxidoreductase activity; peroxiredoxin activity;carotenoid biosynthetic process; oxidoreductase activity; isomerase activity;thioredoxin-disulfide reductase (NADPH) activity; cytoplasm; oxidoreductase activity; removal of superoxide radicals; cell redox homeostasis;catalytic activity; D-arabinono-1,4-lactone oxidase activity; membrane; oxidoreductase activity; oxidoreductase activity, acting on CH-OH group of donors; galactonolactone dehydrogenase activity; flavin adenine dinucleotide binding;peroxidase activity; calcium ion binding; membrane; NAD(P)H oxidase H2O2-forming activity; oxidoreductase activity; oxidoreductase activity, acting on NAD(P)H, oxygen as acceptor;glutamate biosynthetic process; metabolic process; glutamate synthase activity; oxidoreductase activity; oxidoreductase activity, acting on the CH-NH2 group of donors;alcohol dehydrogenase (NAD+) activity; metabolic process; 2,3-dihydro-2,3-dihydroxybenzoate dehydrogenase activity; oxidoreductase activity; siderophore biosynthetic process;photosynthesis; chlorophyll biosynthetic process; oxidoreductase activity; metal ion binding; magnesium-protoporphyrin IX monomethyl ester (oxidative) cyclase activity;antioxidant activity; oxidoreductase activity; copper ion binding; mitochondrial inner membrane; copper ion transport; intracellular copper ion homeostasis; respiratory chain complex IV assembly;oxidoreductase activity; heme binding; iron-sulfur cluster binding;oxidoreductase activity; oxidoreductase activity, acting on the CH-OH group of donors, NAD or NADP as acceptor; carboxylic acid metabolic process;oxidoreductase activity; NAD binding;copper ion binding; extracellular region; oxidoreductase activity;3-oxoacyl-[acyl-carrier-protein] reductase (NADPH) activity; fatty acid biosynthetic process; metabolic process; 2,3-dihydro-2,3-dihydroxybenzoate dehydrogenase activity; oxidoreductase activity; siderophore biosynthetic process; NAD binding;antioxidant activity; oxidoreductase activity; protein-disulfide reductase (NAD(P)H) activity;zinc ion binding; oxidoreductase activity; S-(hydroxymethyl)glutathione dehydrogenase [NAD(P)+] activity;zinc ion binding; oxidoreductase activity; pteridine-containing compound metabolic process;ubiquinol-cytochrome-c reductase activity; plastoquinol--plastocyanin reductase activity; membrane; oxidoreductase activity; oxidoreductase activity, acting on diphenols and related substances as donors; thylakoid membrane; 2 iron, 2 sulfur cluster binding;tricarboxylic acid cycle; electron transfer activity; oxidoreductase activity; iron-sulfur cluster binding;ketol-acid reductoisomerase activity; branched-chain amino acid biosynthetic process; oxidoreductase activity;calcium ion binding; oxidoreductase activity;ferrous iron binding; zinc ion binding; oxidoreductase activity; oxidoreductase activity, acting on single donors with incorporation of molecular oxygen;catalytic activity; metabolic process; oxidoreductase activity;NADPH-hemoprotein reductase activity; iron ion binding; FMN binding; oxidoreductase activity;tRNA processing; oxidoreductase activity; cell redox homeostasis; flavin adenine dinucleotide binding;oxidoreductase activity; molybdenum ion binding; nitrate assimilation;3-dehydroquinate synthase activity; aromatic amino acid family biosynthetic process; oxidoreductase activity;metabolic process; succinate-semialdehyde dehydrogenase [NAD(P)+] activity; gamma-aminobutyric acid catabolic process; oxidoreductase activity;nucleic acid binding; oxidoreductase activity;catechol oxidase activity; metabolic process; oxidoreductase activity; pigment biosynthetic process;cytoplasm; L-aspartate oxidase activity; NAD biosynthetic process; oxidoreductase activity;nitric oxide biosynthetic process; oxidoreductase activity; molybdenum ion binding; nitrate assimilation; nitrate reductase (NADPH) activity;oxidoreductase activity; nitrate assimilation"
"50","GO:0015992","GO:0015992","1/284","18/20430",0.0555555555555556,3.99647887323944,1.51005582235636,0.222818493849353,0.481287946714602,0.445636987698705,"Manes.09G068812",1,"vacuolar proton-transporting V-type ATPase complex;ATP binding; proton-transporting two-sector ATPase complex, catalytic domain; proton-transporting V-type ATPase, V1 domain; ATP metabolic process;inorganic diphosphate phosphatase activity; diphosphate hydrolysis-driven proton transmembrane transporter activity; membrane;ATP binding; ATP biosynthetic process; proton motive force-driven ATP synthesis; ATP hydrolysis activity; proton-transporting two-sector ATPase complex, catalytic domain; ATP metabolic process; proton-transporting ATP synthase activity, rotational mechanism;ATP binding; proton-transporting two-sector ATPase complex, catalytic domain; proton-transporting V-type ATPase, V1 domain; ATP metabolic process; proton-transporting ATPase activity, rotational mechanism"
"51","GO:0004175","GO:0004175","1/284","19/20430",0.0526315789473684,3.78613787991105,1.44256560613072,0.233631718802654,0.494749522170326,0.458101409416969,"Manes.07G090500",1,"endopeptidase activity; threonine-type endopeptidase activity; proteasome core complex; ubiquitin-dependent protein catabolic process; proteasome core complex, alpha-subunit complex; proteolysis involved in protein catabolic process;endopeptidase activity; threonine-type endopeptidase activity; proteasome core complex; proteolysis involved in protein catabolic process"
"52","GO:0006950","GO:0006950","2/284","67/20430",0.0298507462686567,2.14736178263612,1.11687664644003,0.238782274382955,0.495932416026137,0.459196681505682,"Manes.05G140400/Manes.09G098760",2,"ATP binding; protein folding; response to stress; unfolded protein binding;calmodulin binding; response to stress;response to stress;protein binding; regulation of DNA-templated transcription; response to stress;response to stress; response to water;protein kinase activity; protein tyrosine kinase activity; ATP binding; protein phosphorylation; response to stress;protein kinase activity; protein tyrosine kinase activity; ubiquitin-protein transferase activity; ATP binding; protein phosphorylation; response to stress; protein ubiquitination;ATPase activator activity; response to stress; protein-folding chaperone binding"
"53","GO:0019752","GO:0019752","1/284","20/20430",0.05,3.59683098591549,1.3795120218096,0.244295017605263,0.497808715120158,0.460933995481628,"Manes.02G177900",1,"L-lactate dehydrogenase activity; cytoplasm; oxidoreductase activity; oxidoreductase activity, acting on the CH-OH group of donors, NAD or NADP as acceptor; carboxylic acid metabolic process;glutamate decarboxylase activity; glutamate metabolic process; carboxy-lyase activity; carboxylic acid metabolic process; pyridoxal phosphate binding;malate metabolic process; oxidoreductase activity; malate dehydrogenase activity; oxidoreductase activity, acting on the CH-OH group of donors, NAD or NADP as acceptor; carboxylic acid metabolic process; L-malate dehydrogenase (NAD+) activity;isocitrate lyase activity; carboxylic acid metabolic process;carboxy-lyase activity; carboxylic acid metabolic process; pyridoxal phosphate binding;3-beta-hydroxy-delta5-steroid dehydrogenase (NAD+) activity; malate metabolic process; steroid biosynthetic process; oxidoreductase activity, acting on the CH-OH group of donors, NAD or NADP as acceptor; carboxylic acid metabolic process; L-malate dehydrogenase (NAD+) activity;malate metabolic process; oxidoreductase activity; oxidoreductase activity, acting on the CH-OH group of donors, NAD or NADP as acceptor; carboxylic acid metabolic process; L-malate dehydrogenase (NAD+) activity;oxidoreductase activity; oxidoreductase activity, acting on the CH-OH group of donors, NAD or NADP as acceptor; carboxylic acid metabolic process;amino acid metabolic process; carboxy-lyase activity; carboxylic acid metabolic process; pyridoxal phosphate binding"
"54","GO:0005096","GO:0005096","1/284","22/20430",0.0454545454545455,3.26984635083227,1.26472437041202,0.265180094209647,0.520157817294569,0.481627608606082,"Manes.09G135500",1,"GTPase activator activity;GTPase activator activity; protein binding;GTPase activator activity; protein binding; cytoplasm"
"55","GO:0007049","GO:0007049","1/284","22/20430",0.0454545454545455,3.26984635083227,1.26472437041202,0.265180094209647,0.520157817294569,0.481627608606082,"Manes.16G130900",1,"chromosome, centromeric region; nucleus; cell cycle;nucleus; DNA repair; cell cycle;ATP binding; nucleus; DNA repair; cell cycle;pyrimidine nucleotide biosynthetic process; cell cycle; positive regulation of Notch signaling pathway;nucleus; DNA-templated transcription; regulation of transcription by RNA polymerase II; cell cycle; regulation of cell cycle;cell cycle; cyclin-dependent protein serine/threonine kinase regulator activity;DNA-templated transcription; cell cycle; DRM complex;microtubule cytoskeleton organization; mitotic cell cycle; protein kinase activity; protein tyrosine kinase activity; ATP binding; protein phosphorylation; cell cycle; chromosome segregation; regulation of cytokinesis;cell cycle;DNA-binding transcription factor activity; transcription regulator complex; regulation of DNA-templated transcription; cell cycle;DNA-binding transcription factor activity; regulation of DNA-templated transcription; cell cycle; cell population proliferation;DNA-templated transcription; cell cycle; transcription repressor complex;nucleic acid binding; nucleus; DNA damage response; cell cycle; zinc ion binding;cell cycle; transcription repressor complex;nucleus; cell cycle;protein kinase activity; protein tyrosine kinase activity; ATP binding; protein phosphorylation; cell cycle"
"56","GO:0030170","GO:0030170","2/284","73/20430",0.0273972602739726,1.97086629365232,0.986625361112639,0.269711460819406,0.520157817294569,0.481627608606082,"Manes.02G064500/Manes.02G177900",2,"biosynthetic process; pyridoxal phosphate binding;pyridoxal phosphate binding;glutamate decarboxylase activity; glutamate metabolic process; carboxy-lyase activity; carboxylic acid metabolic process; pyridoxal phosphate binding;pyridoxal phosphate binding; 'de novo' L-methionine biosynthetic process;amino acid metabolic process; transaminase activity; biosynthetic process; pyridoxal phosphate binding;1,4-alpha-oligoglucan phosphorylase activity; carbohydrate metabolic process; glycogen phosphorylase activity; pyridoxal phosphate binding;tryptophan biosynthetic process; tryptophan synthase activity; pyridoxal phosphate binding;cysteine metabolic process; pyridoxal phosphate binding; cysteine desulfurase activity;carboxy-lyase activity; carboxylic acid metabolic process; pyridoxal phosphate binding;L-histidine biosynthetic process; histidinol-phosphate transaminase activity; biosynthetic process; pyridoxal phosphate binding;catalytic activity; molybdenum ion binding; pyridoxal phosphate binding;catalytic activity; biosynthetic process; pyridoxal phosphate binding;amino acid metabolic process; transaminase activity; lyase activity; pyridoxal phosphate binding;amino acid metabolic process; transaminase activity; pyridoxal phosphate binding;transaminase activity; pyridoxal phosphate binding;transaminase activity; pyridoxal phosphate binding; tetrapyrrole biosynthetic process; glutamate-1-semialdehyde 2,1-aminomutase activity;arginine metabolic process; transaminase activity; pyridoxal phosphate binding;methyltransferase activity; biosynthetic process; pyridoxal phosphate binding;biosynthetic process; lysine biosynthetic process via diaminopimelate; L,L-diaminopimelate aminotransferase activity; pyridoxal phosphate binding;amino acid metabolic process; carboxy-lyase activity; carboxylic acid metabolic process; pyridoxal phosphate binding;amino acid metabolic process; lyase activity; pyridoxal phosphate binding; cysteine desulfurase activity; [2Fe-2S] cluster assembly"
"57","GO:0010181","GO:0010181","1/284","24/20430",0.0416666666666667,2.99735915492958,1.16244162699175,0.285489955695336,0.540928337106952,0.500859571395326,"Manes.17G031200",1,"iron ion binding; FMN binding; oxidoreductase activity;FMN binding; oxidoreductase activity; negative regulation of DNA-templated transcription;pyridoxamine phosphate oxidase activity; pyridoxine biosynthetic process; FMN binding; oxidoreductase activity, acting on the CH-NH2 group of donors;FMN binding; oxidoreductase activity;pyridoxamine phosphate oxidase activity; pyridoxine biosynthetic process; FMN binding;iron ion binding; glutamate biosynthetic process; metabolic process; FMN binding; glutamate synthase activity; glutamate synthase (NADH) activity; oxidoreductase activity; oxidoreductase activity, acting on the CH-NH2 group of donors; oxidoreductase activity, acting on the CH-NH2 group of donors, NAD or NADP as acceptor; glutamate synthase activity, NAD(P)H as acceptor; flavin adenine dinucleotide binding;FMN binding; oxidoreductase activity, acting on NAD(P)H; NAD binding; 4 iron, 4 sulfur cluster binding;NADPH-hemoprotein reductase activity; iron ion binding; FMN binding; oxidoreductase activity;catalytic activity; iron ion binding; FMN binding; iron-sulfur cluster binding"
"58","GO:0005516","GO:0005516","1/284","26/20430",0.0384615384615385,2.76679306608884,1.07029380616786,0.30524039014989,0.549432702269802,0.50873398358315,"Manes.14G162600",1,"calmodulin binding; response to stress;calmodulin binding;nucleotide binding; P-type calcium transporter activity; calmodulin binding; ATP binding; membrane; metal ion binding; calcium ion transmembrane transport;calmodulin binding; photosystem I; photosynthesis; thylakoid membrane"
"59","GO:0006357","GO:0006357","1/284","26/20430",0.0384615384615385,2.76679306608884,1.07029380616786,0.30524039014989,0.549432702269802,0.50873398358315,"Manes.08G170400",1,"regulation of transcription by RNA polymerase II; mediator complex;regulation of DNA-templated transcription; regulation of transcription by RNA polymerase II; regulation of DNA-templated transcription elongation;regulation of transcription by RNA polymerase II; piccolo histone acetyltransferase complex; NuA4 histone acetyltransferase complex;nucleus; DNA-templated transcription; regulation of transcription by RNA polymerase II; cell cycle; regulation of cell cycle;protein binding; regulation of transcription by RNA polymerase II; zinc ion binding;nucleic acid binding; DNA binding; nucleobase-containing compound metabolic process; regulation of transcription by RNA polymerase II; regulation of DNA-templated transcription elongation;nucleic acid binding; DNA binding; nucleus; DNA-templated transcription; regulation of DNA-templated transcription; regulation of transcription by RNA polymerase II; zinc ion binding; regulation of DNA-templated transcription elongation"
"60","GO:0006662","GO:0006662","1/284","26/20430",0.0384615384615385,2.76679306608884,1.07029380616786,0.30524039014989,0.549432702269802,0.50873398358315,"Manes.05G153800",1,"glycerol ether metabolic process; protein-disulfide reductase activity; cell redox homeostasis"
"61","GO:0004674","GO:0004674","2/284","85/20430",0.0235294117647059,1.69262634631317,0.759745143330958,0.331295508334205,0.586555981968757,0.543107390711812,"Manes.06G010675/Manes.08G073101",2,"protein kinase activity; protein serine/threonine kinase activity; protein tyrosine kinase activity; ATP binding; protein phosphorylation; polysaccharide binding;protein serine/threonine kinase activity; ATP binding; protein phosphorylation;protein kinase activity; protein serine/threonine kinase activity; protein tyrosine kinase activity; ATP binding; protein phosphorylation;protein kinase activity; protein serine/threonine kinase activity; ATP binding; protein phosphorylation;protein kinase activity; protein serine/threonine kinase activity; protein tyrosine kinase activity; protein binding; ATP binding; protein phosphorylation; recognition of pollen;protein kinase activity; protein serine/threonine kinase activity; protein tyrosine kinase activity; calcium ion binding; protein binding; ATP binding; protein phosphorylation; polysaccharide binding;protein kinase activity; protein serine/threonine kinase activity; protein tyrosine kinase activity; calcium ion binding; protein binding; ATP binding; protein phosphorylation;protein kinase activity; protein serine/threonine kinase activity; protein tyrosine kinase activity; ATP binding; protein phosphorylation; recognition of pollen;protein serine/threonine kinase activity;protein serine/threonine kinase activity; protein binding; phosphotransferase activity, alcohol group as acceptor;protein serine/threonine kinase activity; polysaccharide binding;protein kinase activity; protein serine/threonine kinase activity; protein tyrosine kinase activity; calcium ion binding; ATP binding; protein phosphorylation; polysaccharide binding;protein kinase activity; protein serine/threonine kinase activity; protein tyrosine kinase activity; protein binding; ATP binding; protein phosphorylation; polysaccharide binding; recognition of pollen"
"62","GO:0005215","GO:0005215","3/284","148/20430",0.0202702702702703,1.45817472401979,0.664193933911419,0.338993504690899,0.58821254204563,0.544641242634843,"Manes.01G190700/Manes.02G118300/Manes.14G035900",3,"transporter activity; transport; membrane;transporter activity; intracellular anatomical structure; transport;transporter activity; transport; transmembrane transport;transporter activity; transport; membrane; transmembrane transport;transporter activity;transporter activity; mitochondrial inner membrane; transport; transmembrane transport;transporter activity; ATP binding; transport; ATP hydrolysis activity; ATPase-coupled transmembrane transporter activity; transmembrane transport;transporter activity; ATP binding; transport; ATP hydrolysis activity;transporter activity; transport;transporter activity; transport; membrane; hydrolase activity;amino acid transmembrane transport; transporter activity; monoatomic ion transport; amino acid transmembrane transporter activity; chloride:monoatomic cation symporter activity; membrane;transporter activity; purine nucleobase transmembrane transporter activity; transport; purine nucleobase transport; membrane; transmembrane transport;transporter activity; sodium ion transport; membrane; transmembrane transport;transporter activity; membrane; transmembrane transport;transporter activity; transmembrane transport;transporter activity; ATP binding; ATP hydrolysis activity; cytochrome complex assembly; outer membrane-bounded periplasmic space;transporter activity; transport; monoatomic ion transport; chloride:monoatomic cation symporter activity; membrane; transmembrane transport"
"63","GO:0007275","GO:0007275","1/284","30/20430",0.0333333333333333,2.39788732394366,0.909716391047803,0.343123982859951,0.58821254204563,0.544641242634843,"Manes.03G089500",1,"multicellular organism development;protein binding; nucleus; ubiquitin-dependent protein catabolic process; multicellular organism development; zinc ion binding;DNA-binding transcription factor activity; regulation of DNA-templated transcription; multicellular organism development;nucleus; ubiquitin-dependent protein catabolic process; multicellular organism development; zinc ion binding;protein binding; multicellular organism development;protein tyrosine phosphatase activity; multicellular organism development"
"64","GO:0006139","GO:0006139","1/284","33/20430",0.0303030303030303,2.17989756722151,0.805390378583196,0.370179369032362,0.617391019927202,0.571658351784447,"Manes.08G161900",1,"nucleic acid binding; nucleobase-containing compound metabolic process; 3'-5' exonuclease activity;nucleobase-containing compound metabolic process; methyltransferase activity;nucleobase-containing compound metabolic process; DNA recombination;adenylate kinase activity; ATP binding; nucleobase-containing compound metabolic process; phosphotransferase activity, phosphate group as acceptor; nucleobase-containing compound kinase activity;(d)CMP kinase activity; ATP binding; nucleobase-containing compound metabolic process; 'de novo' pyrimidine nucleobase biosynthetic process; pyrimidine nucleotide biosynthetic process; UMP/dUMP kinase activity; nucleobase-containing compound kinase activity;nucleic acid binding; RNA binding; nucleobase-containing compound metabolic process; 3'-5' exonuclease activity;nucleic acid binding; DNA binding; ATP binding; nucleus; nucleobase-containing compound metabolic process; nucleotide-excision repair; hydrolase activity; hydrolase activity, acting on acid anhydrides, in phosphorus-containing anhydrides;nucleic acid binding; exonuclease activity; 5'-3' RNA exonuclease activity; nucleus; nucleobase-containing compound metabolic process; zinc ion binding;nuclear exosome (RNase complex); nucleic acid binding; intracellular anatomical structure; nucleobase-containing compound metabolic process; RNA processing; 3'-5' exonuclease activity;nucleic acid binding; DNA binding; nucleobase-containing compound metabolic process; regulation of transcription by RNA polymerase II; regulation of DNA-templated transcription elongation;nucleic acid binding; DNA binding; ATP binding; nucleobase-containing compound metabolic process; hydrolase activity, acting on acid anhydrides, in phosphorus-containing anhydrides;nucleic acid binding; intracellular anatomical structure; nucleobase-containing compound metabolic process; 3'-5' exonuclease activity;ATP binding; nucleobase-containing compound metabolic process; nucleobase-containing compound kinase activity;nucleic acid binding; DNA binding; DNA-directed DNA polymerase activity; nucleobase-containing compound metabolic process; DNA replication; DNA-templated DNA replication; 3'-5' exonuclease activity"
"65","GO:0016567","GO:0016567","2/284","93/20430",0.021505376344086,1.54702407996365,0.627758762909384,0.37157792865989,0.617391019927202,0.571658351784447,"Manes.03G045200/Manes.04G103400",2,"ubiquitin-protein transferase activity; protein binding; protein ubiquitination;protein ubiquitination;ubiquitin ligase complex; ubiquitin-protein transferase activity; ubiquitin-dependent protein catabolic process; protein ubiquitination; ubiquitin-ubiquitin ligase activity;ubiquitin-protein transferase activity; protein ubiquitination;protein kinase activity; protein tyrosine kinase activity; ubiquitin-protein transferase activity; ATP binding; protein phosphorylation; protein ubiquitination;protein kinase activity; protein tyrosine kinase activity; ubiquitin-protein transferase activity; ATP binding; protein phosphorylation; response to stress; protein ubiquitination;ubiquitin-protein transferase activity; protein binding; zinc ion binding; protein ubiquitination;protein binding; zinc ion binding; protein ubiquitination;ubiquitin-protein transferase activity; nucleus; protein ubiquitination; regulation of defense response;ubiquitin-protein transferase activity; protein binding; zinc ion binding; protein ubiquitination; metal ion binding;nucleic acid binding; ubiquitin-protein transferase activity; protein binding; zinc ion binding; protein ubiquitination;ubiquitin-protein transferase activity; protein binding; nucleus; zinc ion binding; protein ubiquitination; regulation of defense response;protein binding; protein ubiquitination;protein peptidyl-prolyl isomerization; peptidyl-prolyl cis-trans isomerase activity; ubiquitin-protein transferase activity; protein folding; protein ubiquitination;protein binding; zinc ion binding; protein ubiquitination; metal ion binding;vacuolar proton-transporting V-type ATPase, V1 domain; ubiquitin-protein transferase activity; protein ubiquitination; proton-transporting ATPase activity, rotational mechanism"
"66","GO:0000166","GO:0000166","2/284","102/20430",0.0196078431372549,1.41052195526098,0.493488978909147,0.415689523215461,0.658962459220288,0.61015042520397,"Manes.03G074800/Manes.14G162600",2,"nucleotide binding; aminoacyl-tRNA ligase activity; tyrosine-tRNA ligase activity; ATP binding; tRNA aminoacylation for protein translation;nucleotide binding; magnesium ion binding; ATP binding; phospholipid transport; metal ion binding;nucleotide binding; copper ion binding; monoatomic cation transport; ATPase-coupled monoatomic cation transmembrane transporter activity; metal ion transport; metal ion binding;nucleotide binding; aminoacyl-tRNA ligase activity; asparagine-tRNA ligase activity; ATP binding; cytoplasm; tRNA aminoacylation for protein translation; asparaginyl-tRNA aminoacylation;nucleotide binding; ATP biosynthetic process; ATP hydrolysis activity; metal ion binding;nucleotide binding; aminoacyl-tRNA ligase activity; proline-tRNA ligase activity; ATP binding; cytoplasm; tRNA aminoacylation for protein translation; prolyl-tRNA aminoacylation;nucleotide binding; metal ion binding;nucleotide binding; aminoacyl-tRNA ligase activity; valine-tRNA ligase activity; ATP binding; cytoplasm; tRNA aminoacylation for protein translation; valyl-tRNA aminoacylation;nucleotide binding; glutamate-tRNA ligase activity; ATP binding; cytoplasm; glutamyl-tRNA aminoacylation; tRNA aminoacylation;nucleotide binding; aminoacyl-tRNA ligase activity; aspartate-tRNA ligase activity; ATP binding; cytoplasm; tRNA aminoacylation for protein translation; aspartyl-tRNA aminoacylation;nucleotide binding; aminoacyl-tRNA ligase activity; serine-tRNA ligase activity; ATP binding; cytoplasm; tRNA aminoacylation for protein translation; seryl-tRNA aminoacylation;nucleotide binding; arginine-tRNA ligase activity; ATP binding; cytoplasm; arginyl-tRNA aminoacylation;nucleotide binding; nucleic acid binding; aminoacyl-tRNA ligase activity; asparagine-tRNA ligase activity; ATP binding; cytoplasm; tRNA aminoacylation for protein translation; asparaginyl-tRNA aminoacylation;nucleotide binding; monoatomic cation transport; ATPase-coupled monoatomic cation transmembrane transporter activity; metal ion transport; metal ion binding;nucleotide binding; aminoacyl-tRNA ligase activity; tryptophan-tRNA ligase activity; ATP binding; cytoplasm; tRNA aminoacylation for protein translation; tryptophanyl-tRNA aminoacylation;nucleotide binding; P-type calcium transporter activity; calmodulin binding; ATP binding; membrane; metal ion binding; calcium ion transmembrane transport;nucleotide binding; nucleic acid binding; aminoacyl-tRNA ligase activity; lysine-tRNA ligase activity; ATP binding; cytoplasm; tRNA aminoacylation for protein translation; lysyl-tRNA aminoacylation;nucleotide binding; P-type calcium transporter activity; ATP binding; membrane; metal ion binding; calcium ion transmembrane transport;nucleotide binding; nucleic acid binding; alanine-tRNA ligase activity; ATP binding; alanyl-tRNA aminoacylation;nucleotide binding; aminoacyl-tRNA ligase activity; isoleucine-tRNA ligase activity; ATP binding; cytoplasm; tRNA aminoacylation for protein translation; isoleucyl-tRNA aminoacylation;nucleotide binding; nucleic acid binding; DNA binding; DNA-directed DNA polymerase activity; nucleus; DNA replication; zinc ion binding; 3'-5' exonuclease activity;nucleotide binding; nucleic acid binding; alanine-tRNA ligase activity; ATP binding; cytoplasm; alanyl-tRNA aminoacylation; tRNA aminoacylation;nucleotide binding; RNA binding; aminoacyl-tRNA ligase activity; tyrosine-tRNA ligase activity; ATP binding; cytoplasm; tRNA aminoacylation for protein translation; tyrosyl-tRNA aminoacylation;nucleotide binding; glycine-tRNA ligase activity; ATP binding; cytoplasm; glycyl-tRNA aminoacylation;nucleotide binding; aminoacyl-tRNA ligase activity; threonine-tRNA ligase activity; ATP binding; cytoplasm; tRNA aminoacylation for protein translation; threonyl-tRNA aminoacylation; tRNA aminoacylation;nucleotide binding; magnesium ion binding; RNA binding; phenylalanine-tRNA ligase activity; ATP binding; cytoplasm; phenylalanyl-tRNA aminoacylation;nucleotide binding; aminoacyl-tRNA ligase activity; glutamine-tRNA ligase activity; ATP binding; cytoplasm; tRNA aminoacylation for protein translation; glutaminyl-tRNA aminoacylation; tRNA aminoacylation;nucleotide binding; aminoacyl-tRNA ligase activity; leucine-tRNA ligase activity; ATP binding; cytoplasm; tRNA aminoacylation for protein translation; leucyl-tRNA aminoacylation;nucleotide binding; nucleic acid binding; aminoacyl-tRNA ligase activity; lysine-tRNA ligase activity; ATP binding; cytoplasm; tRNA aminoacylation for protein translation; lysyl-tRNA aminoacylation; ligase activity;nucleotide binding; aminoacyl-tRNA ligase activity; histidine-tRNA ligase activity; ATP binding; cytoplasm; tRNA aminoacylation for protein translation; histidyl-tRNA aminoacylation;nucleotide binding; aminoacyl-tRNA ligase activity; glycine-tRNA ligase activity; ATP binding; cytoplasm; tRNA aminoacylation for protein translation; glycyl-tRNA aminoacylation;nucleotide binding; aminoacyl-tRNA ligase activity; glutamate-tRNA ligase activity; ATP binding; cytoplasm; tRNA aminoacylation for protein translation; glutamyl-tRNA aminoacylation; tRNA aminoacylation;nucleotide binding; aminoacyl-tRNA ligase activity; valine-tRNA ligase activity; ATP binding; tRNA aminoacylation for protein translation; valyl-tRNA aminoacylation;nucleotide binding; nucleic acid binding; DNA binding; DNA-directed DNA polymerase activity; DNA repair; zinc ion binding; 3'-5' exonuclease activity; zeta DNA polymerase complex; translesion synthesis;nucleotide binding; aminoacyl-tRNA ligase activity; methionine-tRNA ligase activity; ATP binding; cytoplasm; tRNA aminoacylation for protein translation; methionyl-tRNA aminoacylation;nucleotide binding; nucleic acid binding; DNA binding; DNA-directed DNA polymerase activity; 3'-5' exonuclease activity;nucleotide binding; monoatomic cation transport; ATPase-coupled monoatomic cation transmembrane transporter activity; metal ion binding;nucleotide binding; P-type magnesium transporter activity; magnesium ion transport; metal ion binding;nucleotide binding; nucleoside binding; nucleic acid binding; DNA binding; DNA-directed DNA polymerase activity; DNA replication; 3'-5' exonuclease activity;nucleotide binding; magnesium ion binding; GTPase activity; GTP binding;tRNA binding; nucleotide binding; aminoacyl-tRNA ligase activity; methionine-tRNA ligase activity; ATP binding; cytoplasm; tRNA aminoacylation for protein translation; methionyl-tRNA aminoacylation;nucleotide binding; ATP binding; cytoplasm; tRNA processing; ligase activity, forming carbon-nitrogen bonds;nucleotide binding; monoatomic cation transport; ATP hydrolysis activity; metal ion binding;nucleotide binding; aminoacyl-tRNA editing activity; aminoacyl-tRNA ligase activity; leucine-tRNA ligase activity; ATP binding; tRNA aminoacylation for protein translation; leucyl-tRNA aminoacylation;tRNA binding; nucleotide binding; aminoacyl-tRNA ligase activity; phenylalanine-tRNA ligase activity; ATP binding; cytoplasm; tRNA aminoacylation for protein translation; phenylalanyl-tRNA aminoacylation; tRNA aminoacylation;nucleotide binding; P-type calcium transporter activity; calcium ion transport; metal ion binding;nucleotide binding; aminoacyl-tRNA ligase activity; serine-tRNA ligase activity; protein binding; ATP binding; cytoplasm; tRNA aminoacylation for protein translation; seryl-tRNA aminoacylation"
"67","GO:0006351","GO:0006351","2/284","103/20430",0.0194174757281553,1.39682756734582,0.479371392329486,0.420497282142213,0.658962459220288,0.61015042520397,"Manes.08G170400/Manes.18G054150",2,"DNA binding; DNA-directed 5'-3' RNA polymerase activity; extracellular matrix structural constituent; collagen trimer; DNA-templated transcription; ribonucleoside binding;ATP binding; nucleus; DNA-templated transcription; regulation of DNA-templated transcription; developmental process;chromatin binding; nucleus; DNA-templated transcription; zinc ion binding;DNA-templated transcription; sequence-specific DNA binding;DNA binding; DNA-directed 5'-3' RNA polymerase activity; RNA polymerase II, core complex; DNA-templated transcription; transcription by RNA polymerase II;DNA-directed 5'-3' RNA polymerase activity; DNA-templated transcription;nucleic acid binding; DNA binding; DNA-directed 5'-3' RNA polymerase activity; DNA-templated transcription; zinc ion binding;DNA binding; DNA-directed 5'-3' RNA polymerase activity; DNA-templated transcription;DNA-templated transcription;nucleic acid binding; DNA-directed 5'-3' RNA polymerase activity; DNA-templated transcription;transcription factor TFIIH core complex; nucleotide-excision repair; DNA-templated transcription;DNA binding; DNA-directed 5'-3' RNA polymerase activity; DNA-templated transcription; ribonucleoside binding;DNA binding; DNA-directed 5'-3' RNA polymerase activity; nucleus; DNA-templated transcription;nucleus; DNA-templated transcription; zinc ion binding;nucleus; DNA-templated transcription; regulation of transcription by RNA polymerase II; cell cycle; regulation of cell cycle;DNA-binding transcription factor activity; DNA-templated transcription; regulation of DNA-templated transcription; sequence-specific DNA binding;protein binding; nucleus; DNA-templated transcription; regulation of DNA-templated transcription;transcription factor TFIIH core complex; DNA repair; nucleotide-excision repair; DNA-templated transcription; zinc ion binding;DNA-templated transcription; cell cycle; DRM complex;protein kinase activity; protein tyrosine kinase activity; ATP binding; DNA-templated transcription; protein phosphorylation; sequence-specific DNA binding;DNA binding; DNA-directed 5'-3' RNA polymerase activity; nucleus; DNA-templated transcription; ribonucleoside binding;DNA binding; nucleus; DNA-templated transcription;DNA binding; DNA-directed 5'-3' RNA polymerase activity; nucleus; RNA polymerase II, core complex; DNA-templated transcription;DNA-directed 5'-3' RNA polymerase activity; nucleus; DNA-templated transcription;DNA-directed 5'-3' RNA polymerase activity; DNA-templated transcription; protein dimerization activity;nucleus; DNA-templated transcription; leaf formation;DNA-binding transcription factor activity; nucleus; DNA-templated transcription;nucleic acid binding; DNA binding; nucleus; DNA-templated transcription; regulation of DNA-templated transcription; regulation of transcription by RNA polymerase II; zinc ion binding; regulation of DNA-templated transcription elongation;DNA binding; DNA-directed 5'-3' RNA polymerase activity; nucleus; DNA-templated transcription; zinc ion binding;transcription corepressor activity; DNA-templated transcription;DNA-templated transcription; cell cycle; transcription repressor complex;DNA binding; DNA-directed DNA polymerase activity; DNA-templated transcription;nucleus; DNA-templated transcription;DNA binding; DNA-templated transcription; regulation of DNA-templated transcription;nucleic acid binding; DNA-directed 5'-3' RNA polymerase activity; DNA-templated transcription; zinc ion binding;DNA binding; chromatin binding; nucleus; DNA-templated transcription;DNA-binding transcription factor activity; nucleus; DNA-templated transcription; regulation of DNA-templated transcription; sequence-specific DNA binding"
"68","GO:0005783","GO:0005783","1/284","39/20430",0.0256410256410256,1.84452871072589,0.626780922300898,0.42100379339074,0.658962459220288,0.61015042520397,"Manes.14G172800",1,"endoplasmic reticulum; Golgi vesicle transport;endoplasmic reticulum; isomerase activity; cell redox homeostasis;endoplasmic reticulum; plasma membrane; regulation of proton transport;endoplasmic reticulum;endoplasmic reticulum; hexosyltransferase activity;dolichyl-diphosphooligosaccharide-protein glycotransferase activity; endoplasmic reticulum; protein glycosylation;endoplasmic reticulum; intracellular protein transport;calcium ion binding; endoplasmic reticulum; protein folding; unfolded protein binding;protein C-terminal S-isoprenylcysteine carboxyl O-methyltransferase activity; endoplasmic reticulum; C-terminal protein methylation;endoplasmic reticulum; isomerase activity;endoplasmic reticulum; EMC complex;protein disulfide isomerase activity; endoplasmic reticulum; oxidoreductase activity, acting on a sulfur group of donors, disulfide as acceptor"
"69","GO:0008289","GO:0008289","1/284","39/20430",0.0256410256410256,1.84452871072589,0.626780922300898,0.42100379339074,0.658962459220288,0.61015042520397,"Manes.06G055000",1,"lipid binding;lipid transport; lipid binding;DNA binding; lipid binding;extracellular space; lipid binding"
"70","GO:0022891","GO:0022891","1/284","41/20430",0.024390243902439,1.75455170044658,0.574210694736617,0.437020055225792,0.674259513776936,0.624314364608274,"Manes.03G021100",1,"membrane; transmembrane transport;membrane; transmembrane transporter activity; transmembrane transport;membrane; transmembrane transport; transmembrane transporter activity"
"71","GO:0004842","GO:0004842","2/284","109/20430",0.018348623853211,1.31993797648275,0.397644348244984,0.448906877051288,0.68284426368365,0.632263207114491,"Manes.03G045200/Manes.04G103400",2,"ubiquitin-protein transferase activity; protein binding; protein ubiquitination;ubiquitin ligase complex; ubiquitin-protein transferase activity; ubiquitin-dependent protein catabolic process; protein ubiquitination; ubiquitin-ubiquitin ligase activity;ubiquitin-protein transferase activity; protein ubiquitination;protein kinase activity; protein tyrosine kinase activity; ubiquitin-protein transferase activity; ATP binding; protein phosphorylation; protein ubiquitination;protein kinase activity; protein tyrosine kinase activity; ubiquitin-protein transferase activity; ATP binding; protein phosphorylation; response to stress; protein ubiquitination;ubiquitin-protein transferase activity; protein binding; zinc ion binding; protein ubiquitination;ubiquitin-protein transferase activity; protein binding;ubiquitin-protein transferase activity; nucleus; protein ubiquitination; regulation of defense response;ubiquitin-protein transferase activity; protein binding; zinc ion binding; protein ubiquitination; metal ion binding;ubiquitin-protein transferase activity; protein binding; anaphase-promoting complex; zinc ion binding;ubiquitin-protein transferase activity; protein binding; mitochondrion organization; zinc ion binding;nucleic acid binding; ubiquitin-protein transferase activity; protein binding; zinc ion binding; protein ubiquitination;ubiquitin-protein transferase activity; protein binding; nucleus; zinc ion binding; protein ubiquitination; regulation of defense response;ubiquitin-protein transferase activity;protein kinase activity; protein tyrosine kinase activity; ubiquitin-protein transferase activity; protein binding; ATP binding; protein phosphorylation;protein kinase activity; protein tyrosine kinase activity; ubiquitin-protein transferase activity; ATP binding; protein phosphorylation;protein peptidyl-prolyl isomerization; peptidyl-prolyl cis-trans isomerase activity; ubiquitin-protein transferase activity; protein folding; protein ubiquitination;vacuolar proton-transporting V-type ATPase, V1 domain; ubiquitin-protein transferase activity; protein ubiquitination; proton-transporting ATPase activity, rotational mechanism"
"72","GO:0003690","GO:0003690","1/284","44/20430",0.0227272727272727,1.63492317541613,0.500575762234292,0.460220388901309,0.686822122746685,0.635946409950635,"Manes.10G066800",1,"double-stranded DNA binding; mitochondrion; regulation of DNA-templated transcription;DNA strand exchange activity; double-strand break repair via homologous recombination; DNA binding; double-stranded DNA binding; single-stranded DNA binding; ATP binding; DNA metabolic process; DNA repair; ATP-dependent activity, acting on DNA; mitotic recombination-dependent replication fork processing;double-stranded DNA binding; structural molecule activity; mitochondrion; regulation of DNA-templated transcription; viral capsid"
"73","GO:0006096","GO:0006096","1/284","46/20430",0.0217391304347826,1.56383955909369,0.454546232773711,0.475155473195893,0.686822122746685,0.635946409950635,"Manes.07G056100",1,"fructose-bisphosphate aldolase activity; glycolytic process;phosphopyruvate hydratase complex; magnesium ion binding; phosphopyruvate hydratase activity; glycolytic process;glucose-6-phosphate isomerase activity; gluconeogenesis; glycolytic process;phosphoglycerate mutase activity; glycolytic process; intramolecular phosphotransferase activity;6-phosphofructokinase activity; ATP binding; fructose 6-phosphate metabolic process; glycolytic process;magnesium ion binding; pyruvate kinase activity; glycolytic process; potassium ion binding;6-phosphofructokinase activity; ATP binding; glycolytic process; diphosphate-fructose-6-phosphate 1-phosphotransferase activity;phosphoglycerate kinase activity; glycolytic process;phosphoglycerate kinase activity; glycolytic process; tRNA modification; tRNA (guanine(46)-N7)-methyltransferase activity;6-phosphofructokinase activity; fructose 6-phosphate metabolic process; glycolytic process;6-phosphofructokinase activity; ATP binding; fructose 6-phosphate metabolic process; glycolytic process; diphosphate-fructose-6-phosphate 1-phosphotransferase activity"
"74","GO:0050662","GO:0050662","1/284","46/20430",0.0217391304347826,1.56383955909369,0.454546232773711,0.475155473195893,0.686822122746685,0.635946409950635,"Manes.17G009100",1,"hydroxymethylglutaryl-CoA reductase (NADPH) activity; isoprenoid biosynthetic process; coenzyme A metabolic process; NADP binding;catalytic activity;microtubule cytoskeleton organization; cytokinesis; catalytic activity; microtubule binding;catalytic activity; 3-beta-hydroxy-delta5-steroid dehydrogenase (NAD+) activity; steroid biosynthetic process; oxidoreductase activity, acting on the CH-OH group of donors, NAD or NADP as acceptor"
"75","GO:0051536","GO:0051536","1/284","47/20430",0.0212765957446809,1.53056637698532,0.432357414006799,0.482467867505762,0.686822122746685,0.635946409950635,"Manes.01G164200",1,"cytoplasm; metabolic process; methyltransferase activity; iron-sulfur cluster assembly; iron-sulfur cluster binding;electron transfer activity; oxidoreductase activity; oxidoreductase activity, acting on NAD(P)H; iron-sulfur cluster binding;catalytic activity; RNA modification; transferase activity; macromolecule modification; iron-sulfur cluster binding; 4 iron, 4 sulfur cluster binding;thiamine biosynthetic process; iron-sulfur cluster binding;electron transfer activity; iron-sulfur cluster binding; 2 iron, 2 sulfur cluster binding;iron ion binding; iron-sulfur cluster assembly; iron-sulfur cluster binding;NADH dehydrogenase (ubiquinone) activity; quinone binding; iron-sulfur cluster binding; 4 iron, 4 sulfur cluster binding;electron transfer activity; iron-sulfur cluster binding;electron transfer activity; electron transport chain; iron-sulfur cluster binding; 2 iron, 2 sulfur cluster binding;catalytic activity; biotin synthase activity; biotin biosynthetic process; iron-sulfur cluster binding;catalytic activity; iron ion binding; electron transfer activity; oxidoreductase activity; oxidoreductase activity, acting on CH-OH group of donors; metal ion binding; flavin adenine dinucleotide binding; iron-sulfur cluster binding;catalytic activity; lipoate biosynthetic process; lipoate synthase activity; iron-sulfur cluster binding; 4 iron, 4 sulfur cluster binding;catalytic activity; coproporphyrinogen oxidase activity; cytoplasm; porphyrin-containing compound biosynthetic process; iron-sulfur cluster binding;catalytic activity; N-acetyltransferase activity; iron-sulfur cluster binding;oxidoreductase activity; heme binding; sulfite reductase (ferredoxin) activity; iron-sulfur cluster binding; 4 iron, 4 sulfur cluster binding;structural molecule activity; iron-sulfur cluster assembly; iron-sulfur cluster binding;catalytic activity; cytoplasm; rRNA processing; RNA methyltransferase activity; iron-sulfur cluster binding;oxidoreductase activity; heme binding; iron-sulfur cluster binding;catalytic activity; Mo-molybdopterin cofactor biosynthetic process; metal ion binding; iron-sulfur cluster binding; 4 iron, 4 sulfur cluster binding;tricarboxylic acid cycle; electron transfer activity; oxidoreductase activity; iron-sulfur cluster binding;catalytic activity; iron ion binding; FMN binding; iron-sulfur cluster binding"
"76","GO:0046872","GO:0046872","6/284","402/20430",0.0149253731343284,1.07368089131806,0.177148473969285,0.487819881402424,0.686822122746685,0.635946409950635,"Manes.03G074800/Manes.05G064600/Manes.07G091300/Manes.08G069932/Manes.09G038600/Manes.14G162600",6,"metal ion transport; metal ion binding;metal ion binding;protein binding; metal ion binding;protein binding; zinc ion binding; metal ion binding;nucleotide binding; magnesium ion binding; ATP binding; phospholipid transport; metal ion binding;nucleotide binding; copper ion binding; monoatomic cation transport; ATPase-coupled monoatomic cation transmembrane transporter activity; metal ion transport; metal ion binding;nucleotide binding; ATP biosynthetic process; ATP hydrolysis activity; metal ion binding;oxidoreductase activity, acting on single donors with incorporation of molecular oxygen, incorporation of two atoms of oxygen; metal ion binding;nucleic acid binding; protein binding; metal ion binding;DNA binding; protein binding; nucleus; DNA-templated transcription initiation; zinc ion binding; metal ion binding;nucleic acid binding; metal ion binding;nucleic acid binding; regulation of DNA-templated transcription; metal ion binding;nucleic acid binding; ATP binding; metal ion binding;nucleotide binding; metal ion binding;copper ion binding; superoxide metabolic process; superoxide dismutase copper chaperone activity; metal ion transport; metal ion binding;catalytic activity; 2,3-bisphosphoglycerate-independent phosphoglycerate mutase activity; metal ion binding;acetyl-CoA carboxylase activity; biotin carboxylase activity; ATP binding; fatty acid biosynthetic process; ligase activity; metal ion binding;porphobilinogen synthase activity; tetrapyrrole biosynthetic process; metal ion binding;biotin carboxylase activity; ATP binding; ligase activity; metal ion binding;nucleic acid binding; zinc ion binding; metal ion binding;nucleotide binding; monoatomic cation transport; ATPase-coupled monoatomic cation transmembrane transporter activity; metal ion transport; metal ion binding;nucleotide binding; P-type calcium transporter activity; calmodulin binding; ATP binding; membrane; metal ion binding; calcium ion transmembrane transport;magnesium ion binding; cytoplasm; metabolic process; hydrolase activity; L-methionine salvage from methylthioadenosine; acireductone synthase activity; metal ion binding;nucleotide binding; P-type calcium transporter activity; ATP binding; membrane; metal ion binding; calcium ion transmembrane transport;superoxide metabolic process; chloroplast; cellular response to oxidative stress; metal ion binding; cellular response to high light intensity;zinc ion binding; metal ion transport; metal ion binding;lactoylglutathione lyase activity; metal ion binding;nucleic acid binding; RNA processing; RNA methyltransferase activity; metal ion binding;ATP binding; metal ion binding;catalytic activity; iron ion binding; electron transfer activity; oxidoreductase activity; oxidoreductase activity, acting on CH-OH group of donors; metal ion binding; flavin adenine dinucleotide binding; iron-sulfur cluster binding;superoxide dismutase activity; superoxide metabolic process; metal ion binding;protein binding; zinc ion binding; regulatory ncRNA-mediated gene silencing; metal ion binding;ubiquitin-protein transferase activity; protein binding; zinc ion binding; protein ubiquitination; metal ion binding;protein binding; oxidoreductase activity; oxidoreductase activity, acting on single donors with incorporation of molecular oxygen, incorporation of two atoms of oxygen; metal ion binding;ATP binding; phosphatidylinositol metabolic process; metal ion binding;biotin carboxylase activity; ATP binding; metal ion binding;nucleic acid binding; RNA binding; nucleus; metal ion binding;hydrolase activity; metal ion binding;RNA binding; RNA processing; metal ion binding;protein binding; isoprenoid biosynthetic process; 1-deoxy-D-xylulose-5-phosphate reductoisomerase activity; metal ion binding; NADPH binding;phosphoribosylamine-glycine ligase activity; ATP binding; purine nucleobase biosynthetic process; metal ion binding;photosystem II; photosynthesis; metal ion binding;nucleic acid binding; RNA binding; metal ion binding;protein binding; zinc ion binding; histone binding; metal ion binding;zinc ion binding; metal ion binding;superoxide metabolic process; metal ion binding;catalytic activity; phosphoglycerate mutase activity; cytoplasm; glucose catabolic process; manganese ion binding; metal ion binding;nucleic acid binding; protein binding; ATP binding; zinc ion binding; hydrolase activity, acting on acid anhydrides, in phosphorus-containing anhydrides; metal ion binding;photosynthesis; chlorophyll biosynthetic process; oxidoreductase activity; metal ion binding; magnesium-protoporphyrin IX monomethyl ester (oxidative) cyclase activity;DNA binding; DNA-binding transcription factor activity; copper ion binding; nucleus; regulation of DNA-templated transcription; metal ion transport; metal ion binding;ATP binding; cytoplasm; D-alanine-D-alanine ligase activity; metal ion binding;protein binding; ATP binding; zinc ion binding; metal ion binding;catalytic activity; Mo-molybdopterin cofactor biosynthetic process; metal ion binding; iron-sulfur cluster binding; 4 iron, 4 sulfur cluster binding;tRNA processing; tRNA dihydrouridine synthase activity; metal ion binding; flavin adenine dinucleotide binding;catalytic activity; ATP binding; metabolic process; metal ion binding;nucleotide binding; monoatomic cation transport; ATPase-coupled monoatomic cation transmembrane transporter activity; metal ion binding;nucleotide binding; P-type magnesium transporter activity; magnesium ion transport; metal ion binding;response to metal ion; glutathione gamma-glutamylcysteinyltransferase activity; metal ion binding; phytochelatin biosynthetic process;protein binding; nucleus; zinc ion binding; metal ion binding;magnesium ion binding; cytoplasm; L-methionine salvage from methylthioadenosine; acireductone synthase activity; metal ion binding;RNA binding; metal ion binding;ATP-dependent peptidase activity; protein binding; proteolysis; zinc ion binding; metal ion binding;protein binding; zinc ion binding; protein ubiquitination; metal ion binding;nucleic acid binding; DNA binding; protein binding; ATP binding; zinc ion binding; hydrolase activity; hydrolase activity, acting on acid anhydrides, in phosphorus-containing anhydrides; metal ion binding;phosphoribosylaminoimidazole carboxylase activity; ATP binding; 'de novo' IMP biosynthetic process; metal ion binding;isopentenyl diphosphate biosynthetic process, methylerythritol 4-phosphate pathway; metal ion binding; dimethylallyl diphosphate biosynthetic process; 4-hydroxy-3-methylbut-2-enyl diphosphate reductase activity;nucleic acid binding; protein binding; nucleus; zinc ion binding; metal ion binding;nucleotide binding; monoatomic cation transport; ATP hydrolysis activity; metal ion binding;nucleotide binding; P-type calcium transporter activity; calcium ion transport; metal ion binding;DNA binding; nucleus; metal ion binding"
"77","GO:0016773","GO:0016773","1/284","48/20430",0.0208333333333333,1.49867957746479,0.410683365462911,0.489678735661988,0.686822122746685,0.635946409950635,"Manes.15G128200",1,"phosphotransferase activity, alcohol group as acceptor;protein kinase activity; protein tyrosine kinase activity; ATP binding; protein phosphorylation; membrane; phosphotransferase activity, alcohol group as acceptor;protein binding; phosphotransferase activity, alcohol group as acceptor;protein kinase activity; protein tyrosine kinase activity; calcium ion binding; ATP binding; protein phosphorylation; membrane; phosphotransferase activity, alcohol group as acceptor;ATP binding; cytoplasm; metabolic process; kinase activity; transferase activity, transferring phosphorus-containing groups; phosphotransferase activity, alcohol group as acceptor;carbohydrate metabolic process; phosphotransferase activity, alcohol group as acceptor;ATP binding; cytoplasm; metabolic process; kinase activity; phosphotransferase activity, alcohol group as acceptor;intracellular glucose homeostasis; hexokinase activity; ATP binding; D-glucose binding; carbohydrate metabolic process; phosphotransferase activity, alcohol group as acceptor; carbohydrate phosphorylation;galactokinase activity; ATP binding; cytoplasm; galactose metabolic process; metabolic process; kinase activity; phosphotransferase activity, alcohol group as acceptor; carbohydrate phosphorylation;protein serine/threonine kinase activity; protein binding; phosphotransferase activity, alcohol group as acceptor;mevalonate kinase activity; ATP binding; cytoplasm; metabolic process; isoprenoid biosynthetic process; kinase activity; phosphotransferase activity, alcohol group as acceptor;glycerol kinase activity; carbohydrate metabolic process; glycerol-3-phosphate metabolic process; phosphotransferase activity, alcohol group as acceptor;phosphotransferase activity, alcohol group as acceptor; phosphatidylinositol phosphate biosynthetic process; phosphatidylinositol-mediated signaling;1-phosphatidylinositol 4-kinase activity; phosphatidylinositol biosynthetic process; phosphotransferase activity, alcohol group as acceptor; phosphatidylinositol phosphate biosynthetic process; phosphatidylinositol-mediated signaling"
"78","GO:0000786","GO:0000786","1/284","52/20430",0.0192307692307692,1.38339653304442,0.328667970924924,0.517534751623224,0.707515862978584,0.655107280535726,"Manes.11G049100",1,"nucleosome; DNA binding; nucleus;chromatin; nucleosome; DNA binding; nucleus; nucleosome assembly; regulation of DNA-templated transcription;nucleosome; DNA binding; nucleus; nucleosome assembly;nucleosome; DNA binding;nucleosome; DNA binding; nucleosome assembly"
"79","GO:0006812","GO:0006812","1/284","52/20430",0.0192307692307692,1.38339653304442,0.328667970924924,0.517534751623224,0.707515862978584,0.655107280535726,"Manes.03G074800",1,"monoatomic cation transport; calcium ion transport; monoatomic cation transmembrane transporter activity; calcium:proton antiporter activity; transmembrane transport;monoatomic cation transport; transmembrane transport;nucleotide binding; copper ion binding; monoatomic cation transport; ATPase-coupled monoatomic cation transmembrane transporter activity; metal ion transport; metal ion binding;monoatomic cation transport; sodium ion transport; regulation of pH; sodium:proton antiporter activity; transmembrane transport;monoatomic cation transport; monoatomic cation transmembrane transporter activity; transmembrane transport;nucleotide binding; monoatomic cation transport; ATPase-coupled monoatomic cation transmembrane transporter activity; metal ion transport; metal ion binding;vacuolar membrane; plasma membrane; monoatomic cation transport; sodium ion transport; regulation of pH; response to salt stress; sodium:proton antiporter activity; potassium ion homeostasis; transmembrane transport;vacuolar membrane; plasma membrane; monoatomic cation transport; sodium ion transport; response to salt stress; potassium ion homeostasis;monoatomic cation transport; potassium ion transport; monoatomic cation transmembrane transporter activity; transmembrane transport;monoatomic cation transport; potassium ion transport; transmembrane transport;monoatomic cation transport; potassium ion transport; sodium ion transport; transmembrane transport;nucleotide binding; monoatomic cation transport; ATPase-coupled monoatomic cation transmembrane transporter activity; metal ion binding;nucleotide binding; monoatomic cation transport; ATP hydrolysis activity; metal ion binding"
"80","GO:0015035","GO:0015035","1/284","54/20430",0.0185185185185185,1.33215962441315,0.290183399474006,0.53088921708116,0.716700443059566,0.66361152135145,"Manes.05G153800",1,"electron transfer activity; protein-disulfide reductase activity; cell redox homeostasis;protein-disulfide reductase activity;glycerol ether metabolic process; protein-disulfide reductase activity; cell redox homeostasis;electron transfer activity; protein-disulfide reductase activity; intracellular signal transduction; cell redox homeostasis;protein binding; electron transfer activity; protein-disulfide reductase activity; cell redox homeostasis"
"81","GO:0004497","GO:0004497","2/284","130/20430",0.0153846153846154,1.10671722643554,0.144926063531305,0.541718539203992,0.721835104874044,0.668365837846337,"Manes.05G167700/Manes.09G130200",2,"monooxygenase activity; iron ion binding; oxidoreductase activity, acting on paired donors, with incorporation or reduction of molecular oxygen; heme binding;monooxygenase activity; serine-type endopeptidase inhibitor activity; iron ion binding; response to wounding; oxidoreductase activity, acting on paired donors, with incorporation or reduction of molecular oxygen; heme binding;monooxygenase activity; ubiquinone biosynthetic process; oxidoreductase activity, acting on paired donors, with incorporation or reduction of molecular oxygen, NAD(P)H as one donor, and incorporation of one atom of oxygen; flavin adenine dinucleotide binding; FAD binding"
"82","GO:0004190","GO:0004190","1/284","57/20430",0.0175438596491228,1.26204595997035,0.235220794818557,0.550233376044379,0.721835104874044,0.668365837846337,"Manes.03G132100",1,"aspartic-type endopeptidase activity;aspartic-type endopeptidase activity; proteolysis;aspartic-type endopeptidase activity; proteolysis; lipid metabolic process;nucleic acid binding; aspartic-type endopeptidase activity; proteolysis; zinc ion binding;aspartic-type endopeptidase activity; proteolysis; lipid metabolic process; lysosome; sphingolipid metabolic process;aspartic-type endopeptidase activity; lysosome; proteolysis; lipid metabolic process; sphingolipid metabolic process;aspartic-type endopeptidase activity; peroxidase activity; proteolysis; response to oxidative stress; heme binding"
"83","GO:0048544","GO:0048544","1/284","59/20430",0.0169491525423729,1.2192647409883,0.200252036374434,0.562685789268196,0.721835104874044,0.668365837846337,"Manes.06G010675",1,"protein kinase activity; protein serine/threonine kinase activity; protein tyrosine kinase activity; protein binding; ATP binding; protein phosphorylation; recognition of pollen;protein kinase activity; protein serine/threonine kinase activity; protein tyrosine kinase activity; ATP binding; protein phosphorylation; recognition of pollen;protein binding; recognition of pollen;recognition of pollen;protein kinase activity; protein tyrosine kinase activity; protein binding; ATP binding; protein phosphorylation; recognition of pollen;protein kinase activity; protein tyrosine kinase activity; ATP binding; protein phosphorylation; recognition of pollen;protein kinase activity; protein tyrosine kinase activity; protein binding; ATP binding; protein phosphorylation; polysaccharide binding; recognition of pollen;protein kinase activity; protein serine/threonine kinase activity; protein tyrosine kinase activity; protein binding; ATP binding; protein phosphorylation; polysaccharide binding; recognition of pollen;protein kinase activity; protein binding; ATP binding; protein phosphorylation; recognition of pollen; protein tyrosine kinase activity"
"84","GO:0050660","GO:0050660","1/284","59/20430",0.0169491525423729,1.2192647409883,0.200252036374434,0.562685789268196,0.721835104874044,0.668365837846337,"Manes.04G064632",1,"N,N-dimethylaniline monooxygenase activity; oxidoreductase activity; flavin adenine dinucleotide binding; NADP binding;N,N-dimethylaniline monooxygenase activity; flavin adenine dinucleotide binding; NADP binding;acyl-CoA dehydrogenase activity; acyl-CoA oxidase activity; peroxisome; fatty acid metabolic process; fatty acid beta-oxidation; flavin adenine dinucleotide binding;tricarboxylic acid cycle; oxidoreductase activity; oxidoreductase activity, acting on the CH-CH group of donors; electron transport chain; flavin adenine dinucleotide binding;catalytic activity; oxidoreductase activity; oxidoreductase activity, acting on CH-OH group of donors; flavin adenine dinucleotide binding;oxidoreductase activity, acting on CH-OH group of donors; flavin adenine dinucleotide binding;tRNA wobble uridine modification; tRNA processing; flavin adenine dinucleotide binding;catalytic activity; cytokinin metabolic process; oxidoreductase activity; oxidoreductase activity, acting on CH-OH group of donors; cytokinin dehydrogenase activity; flavin adenine dinucleotide binding;catalytic activity; D-arabinono-1,4-lactone oxidase activity; membrane; oxidoreductase activity; oxidoreductase activity, acting on CH-OH group of donors; flavin adenine dinucleotide binding;glutathione-disulfide reductase (NADPH) activity; glutathione metabolic process; oxidoreductase activity; cell redox homeostasis; flavin adenine dinucleotide binding; NADP binding;monooxygenase activity; ubiquinone biosynthetic process; oxidoreductase activity, acting on paired donors, with incorporation or reduction of molecular oxygen, NAD(P)H as one donor, and incorporation of one atom of oxygen; flavin adenine dinucleotide binding; FAD binding;acyl-CoA dehydrogenase activity; metabolic process; oxidoreductase activity, acting on the CH-CH group of donors; flavin adenine dinucleotide binding;dihydrolipoyl dehydrogenase activity; tRNA processing; oxidoreductase activity; cell redox homeostasis; flavin adenine dinucleotide binding;catalytic activity; iron ion binding; electron transfer activity; oxidoreductase activity; oxidoreductase activity, acting on CH-OH group of donors; metal ion binding; flavin adenine dinucleotide binding; iron-sulfur cluster binding;fatty acid omega-oxidation; oxidoreductase activity, acting on CH-OH group of donors; flavin adenine dinucleotide binding;oxidoreductase activity; flavin adenine dinucleotide binding;magnesium ion binding; catalytic activity; acetolactate synthase activity; branched-chain amino acid biosynthetic process; thiamine pyrophosphate binding; flavin adenine dinucleotide binding;iron ion binding; glutamate biosynthetic process; metabolic process; FMN binding; glutamate synthase activity; glutamate synthase (NADH) activity; oxidoreductase activity; oxidoreductase activity, acting on the CH-NH2 group of donors; oxidoreductase activity, acting on the CH-NH2 group of donors, NAD or NADP as acceptor; glutamate synthase activity, NAD(P)H as acceptor; flavin adenine dinucleotide binding;catalytic activity; D-arabinono-1,4-lactone oxidase activity; membrane; oxidoreductase activity; oxidoreductase activity, acting on CH-OH group of donors; galactonolactone dehydrogenase activity; flavin adenine dinucleotide binding;squalene monooxygenase activity; flavin adenine dinucleotide binding;tRNA processing; tRNA dihydrouridine synthase activity; flavin adenine dinucleotide binding;tRNA processing; tRNA dihydrouridine synthase activity; metal ion binding; flavin adenine dinucleotide binding;oxidoreductase activity, acting on CH-OH group of donors; long-chain-alcohol oxidase activity; flavin adenine dinucleotide binding;acyl-CoA dehydrogenase activity; acyl-CoA oxidase activity; peroxisome; fatty acid metabolic process; fatty acid beta-oxidation; oxidoreductase activity, acting on the CH-CH group of donors; flavin adenine dinucleotide binding;L-histidine biosynthetic process; tRNA processing; tRNA dihydrouridine synthase activity; flavin adenine dinucleotide binding;tRNA processing; flavin adenine dinucleotide binding;tRNA processing; photosynthesis; chlorophyll biosynthetic process; oxidoreductase activity, acting on the CH-CH group of donors, NAD or NADP as acceptor; geranylgeranyl reductase activity; flavin adenine dinucleotide binding;tRNA processing; oxidoreductase activity; cell redox homeostasis; flavin adenine dinucleotide binding;electron transfer activity; flavin adenine dinucleotide binding"
"85","GO:0051287","GO:0051287","1/284","60/20430",0.0166666666666667,1.19894366197183,0.183230821147998,0.568782556037026,0.721835104874044,0.668365837846337,"Manes.01G070300",1,"phosphogluconate dehydrogenase (decarboxylating) activity; metabolic process; oxidoreductase activity, acting on the CH-OH group of donors, NAD or NADP as acceptor; NAD binding;UDP-glucose 6-dehydrogenase activity; oxidoreductase activity, acting on the CH-OH group of donors, NAD or NADP as acceptor; NAD binding;magnesium ion binding; isocitrate dehydrogenase (NAD+) activity; tricarboxylic acid cycle; oxidoreductase activity, acting on the CH-OH group of donors, NAD or NADP as acceptor; NAD binding;NAD binding;malic enzyme activity; malate dehydrogenase (decarboxylating) (NAD+) activity; malate metabolic process; NAD binding;metabolic process; oxidoreductase activity, acting on the CH-OH group of donors, NAD or NADP as acceptor; NAD binding;adenosylhomocysteinase activity; one-carbon metabolic process; NAD binding;glucose metabolic process; oxidoreductase activity, acting on the aldehyde or oxo group of donors, NAD or NADP as acceptor; NADP binding; NAD binding;DNA binding; NAD+-protein poly-ADP-ribosyltransferase activity; nucleus; zinc ion binding; NAD binding;phosphoglycerate dehydrogenase activity; L-serine biosynthetic process; metabolic process; amino acid binding; oxidoreductase activity, acting on the CH-OH group of donors, NAD or NADP as acceptor; NAD binding;phosphogluconate dehydrogenase (decarboxylating) activity; carbohydrate metabolic process; zinc ion binding; aldehyde-lyase activity; NAD binding;L-histidine biosynthetic process; histidinol dehydrogenase activity; zinc ion binding; NAD binding;carbohydrate metabolic process; glycerol-3-phosphate metabolic process; glycerol-3-phosphate dehydrogenase (FAD) complex; oxidoreductase activity, acting on the CH-OH group of donors, NAD or NADP as acceptor; glycerol-3-phosphate catabolic process; NAD binding;oxidoreductase activity; NAD binding;magnesium ion binding; 3-isopropylmalate dehydrogenase activity; cytoplasm; L-leucine biosynthetic process; oxidoreductase activity, acting on the CH-OH group of donors, NAD or NADP as acceptor; NAD binding;FMN binding; oxidoreductase activity, acting on NAD(P)H; NAD binding; 4 iron, 4 sulfur cluster binding;3-oxoacyl-[acyl-carrier-protein] reductase (NADPH) activity; fatty acid biosynthetic process; metabolic process; 2,3-dihydro-2,3-dihydroxybenzoate dehydrogenase activity; oxidoreductase activity; siderophore biosynthetic process; NAD binding;3-hydroxyisobutyrate dehydrogenase activity; NAD binding;N-acetyl-gamma-glutamyl-phosphate reductase activity; aspartate-semialdehyde dehydrogenase activity; cytoplasm; amino acid biosynthetic process; methionine biosynthetic process; threonine biosynthetic process; lysine biosynthetic process via diaminopimelate; isoleucine biosynthetic process; oxidoreductase activity, acting on the aldehyde or oxo group of donors, NAD or NADP as acceptor; protein dimerization activity; NADP binding; NAD binding;N-acetyl-gamma-glutamyl-phosphate reductase activity; cytoplasm; L-arginine biosynthetic process; amino acid biosynthetic process; oxidoreductase activity, acting on the aldehyde or oxo group of donors, NAD or NADP as acceptor; protein dimerization activity; NAD binding;carbohydrate metabolic process; glycerol-3-phosphate metabolic process; glycerol-3-phosphate dehydrogenase (FAD) complex; oxidoreductase activity, acting on the CH-OH group of donors, NAD or NADP as acceptor; protein homodimerization activity; glycerol-3-phosphate catabolic process; NAD binding"
"86","GO:0005739","GO:0005739","1/284","61/20430",0.0163934426229508,1.17928884784115,0.166502841386447,0.57479462054785,0.721835104874044,0.668365837846337,"Manes.10G066800",1,"double-stranded DNA binding; mitochondrion; regulation of DNA-templated transcription;GTPase activity; calcium ion binding; GTP binding; intracellular anatomical structure; mitochondrion; mitochondrion organization; small GTPase-mediated signal transduction; protein transport;cysteine synthase activity; mitochondrion; cysteine biosynthetic process from serine; cyanide metabolic process; L-3-cyanoalanine synthase activity;cytochrome-c oxidase activity; mitochondrion;mitochondrion; mitochondrial cytochrome c oxidase assembly;mitochondrion; electron transport chain;enzyme inhibitor activity; mitochondrion; negative regulation of nucleotide metabolic process;GTPase activity; calcium ion binding; GTP binding; intracellular anatomical structure; mitochondrion; mitochondrion organization; signal transduction; small GTPase-mediated signal transduction; protein transport; membrane;double-stranded DNA binding; structural molecule activity; mitochondrion; regulation of DNA-templated transcription; viral capsid;NADH dehydrogenase activity; mitochondrion; NADH dehydrogenase (ubiquinone) activity;mitochondrion;ferroxidase activity; mitochondrion; ferric iron binding; iron-sulfur cluster assembly"
"87","GO:0016616","GO:0016616","1/284","64/20430",0.015625,1.12400968309859,0.117972565621099,0.59233424652478,0.724349869148036,0.670694323285218,"Manes.01G070300",1,"3-beta-hydroxy-delta5-steroid dehydrogenase (NAD+) activity; UDP-glucose 4-epimerase activity; galactose metabolic process; steroid biosynthetic process; oxidoreductase activity, acting on the CH-OH group of donors, NAD or NADP as acceptor;phosphogluconate dehydrogenase (decarboxylating) activity; metabolic process; oxidoreductase activity, acting on the CH-OH group of donors, NAD or NADP as acceptor; NAD binding;3-beta-hydroxy-delta5-steroid dehydrogenase (NAD+) activity; carbohydrate metabolic process; steroid biosynthetic process; oxidoreductase activity, acting on the CH-OH group of donors, NAD or NADP as acceptor; racemase and epimerase activity, acting on carbohydrates and derivatives;L-lactate dehydrogenase activity; cytoplasm; oxidoreductase activity; oxidoreductase activity, acting on the CH-OH group of donors, NAD or NADP as acceptor; carboxylic acid metabolic process;UDP-glucose 6-dehydrogenase activity; oxidoreductase activity, acting on the CH-OH group of donors, NAD or NADP as acceptor; NAD binding;isocitrate dehydrogenase (NADP+) activity; isocitrate metabolic process; oxidoreductase activity, acting on the CH-OH group of donors, NAD or NADP as acceptor;magnesium ion binding; isocitrate dehydrogenase (NAD+) activity; tricarboxylic acid cycle; oxidoreductase activity, acting on the CH-OH group of donors, NAD or NADP as acceptor; NAD binding;3-beta-hydroxy-delta5-steroid dehydrogenase (NAD+) activity; steroid biosynthetic process; oxidoreductase activity, acting on the CH-OH group of donors, NAD or NADP as acceptor;malate metabolic process; oxidoreductase activity; malate dehydrogenase activity; oxidoreductase activity, acting on the CH-OH group of donors, NAD or NADP as acceptor; carboxylic acid metabolic process; L-malate dehydrogenase (NAD+) activity;metabolic process; oxidoreductase activity, acting on the CH-OH group of donors, NAD or NADP as acceptor; NAD binding;3-beta-hydroxy-delta5-steroid dehydrogenase (NAD+) activity; malate metabolic process; steroid biosynthetic process; oxidoreductase activity, acting on the CH-OH group of donors, NAD or NADP as acceptor; carboxylic acid metabolic process; L-malate dehydrogenase (NAD+) activity;phosphoglycerate dehydrogenase activity; L-serine biosynthetic process; metabolic process; amino acid binding; oxidoreductase activity, acting on the CH-OH group of donors, NAD or NADP as acceptor; NAD binding;malate metabolic process; oxidoreductase activity; oxidoreductase activity, acting on the CH-OH group of donors, NAD or NADP as acceptor; carboxylic acid metabolic process; L-malate dehydrogenase (NAD+) activity;malate metabolic process; oxidoreductase activity; malate dehydrogenase activity; oxidoreductase activity, acting on the CH-OH group of donors, NAD or NADP as acceptor; L-malate dehydrogenase (NADP+) activity;carbohydrate metabolic process; glycerol-3-phosphate metabolic process; glycerol-3-phosphate dehydrogenase (FAD) complex; oxidoreductase activity, acting on the CH-OH group of donors, NAD or NADP as acceptor; glycerol-3-phosphate catabolic process; NAD binding;oxidoreductase activity; oxidoreductase activity, acting on the CH-OH group of donors, NAD or NADP as acceptor; carboxylic acid metabolic process;magnesium ion binding; 3-isopropylmalate dehydrogenase activity; cytoplasm; L-leucine biosynthetic process; oxidoreductase activity, acting on the CH-OH group of donors, NAD or NADP as acceptor; NAD binding;carbohydrate metabolic process; glycerol-3-phosphate metabolic process; glycerol-3-phosphate dehydrogenase (FAD) complex; oxidoreductase activity, acting on the CH-OH group of donors, NAD or NADP as acceptor; protein homodimerization activity; glycerol-3-phosphate catabolic process; NAD binding;catalytic activity; 3-beta-hydroxy-delta5-steroid dehydrogenase (NAD+) activity; steroid biosynthetic process; oxidoreductase activity, acting on the CH-OH group of donors, NAD or NADP as acceptor"
"88","GO:0003777","GO:0003777","1/284","66/20430",0.0151515151515152,1.08994878361076,0.0869008506604578,0.603624890956697,0.724349869148036,0.670694323285218,"Manes.16G017100",1,"microtubule motor activity; ATP binding; kinesin complex; microtubule-based movement; microtubule binding;microtubule motor activity; protein binding; ATP binding; kinesin complex; microtubule-based movement; microtubule binding;microtubule motor activity; ATP binding; cytoskeleton; kinesin complex; microtubule-based movement; microtubule binding;microtubule motor activity; protein binding; ATP binding; kinesin complex; microtubule-based movement; microtubule binding; zinc ion binding;microtubule motor activity; kinesin complex; microtubule-based movement"
"89","GO:0005871","GO:0005871","1/284","66/20430",0.0151515151515152,1.08994878361076,0.0869008506604578,0.603624890956697,0.724349869148036,0.670694323285218,"Manes.16G017100",1,"microtubule motor activity; ATP binding; kinesin complex; microtubule-based movement; microtubule binding;microtubule motor activity; protein binding; ATP binding; kinesin complex; microtubule-based movement; microtubule binding;microtubule motor activity; ATP binding; cytoskeleton; kinesin complex; microtubule-based movement; microtubule binding;microtubule motor activity; protein binding; ATP binding; kinesin complex; microtubule-based movement; microtubule binding; zinc ion binding;microtubule motor activity; kinesin complex; microtubule-based movement"
"90","GO:0007018","GO:0007018","1/284","66/20430",0.0151515151515152,1.08994878361076,0.0869008506604578,0.603624890956697,0.724349869148036,0.670694323285218,"Manes.16G017100",1,"microtubule motor activity; ATP binding; kinesin complex; microtubule-based movement; microtubule binding;microtubule motor activity; protein binding; ATP binding; kinesin complex; microtubule-based movement; microtubule binding;microtubule motor activity; ATP binding; cytoskeleton; kinesin complex; microtubule-based movement; microtubule binding;microtubule motor activity; protein binding; ATP binding; kinesin complex; microtubule-based movement; microtubule binding; zinc ion binding;microtubule motor activity; kinesin complex; microtubule-based movement"
"91","GO:0016705","GO:0016705","2/284","156/20430",0.0128205128205128,0.922264355362947,-0.115718046082883,0.640835621409142,0.760552166067993,0.704214968581475,"Manes.05G167700/Manes.09G130200",2,"monooxygenase activity; iron ion binding; oxidoreductase activity, acting on paired donors, with incorporation or reduction of molecular oxygen; heme binding;iron ion binding; oxidoreductase activity, acting on paired donors, with incorporation or reduction of molecular oxygen; heme binding;iron ion binding; oxidoreductase activity; oxidoreductase activity, acting on paired donors, with incorporation or reduction of molecular oxygen; L-ascorbic acid binding;monooxygenase activity; serine-type endopeptidase inhibitor activity; iron ion binding; response to wounding; oxidoreductase activity, acting on paired donors, with incorporation or reduction of molecular oxygen; heme binding;carotenoid biosynthetic process; oxidoreductase activity, acting on paired donors, with incorporation or reduction of molecular oxygen;iron ion binding; oxidoreductase activity, acting on paired donors, with incorporation or reduction of molecular oxygen; L-ascorbic acid binding"
"92","GO:0006810","GO:0006810","3/284","240/20430",0.0125,0.899207746478873,-0.186488873732973,0.651213460323894,0.764467975162832,0.707840717743363,"Manes.01G190700/Manes.02G118300/Manes.14G035900",3,"nuclear pore; transport;transporter activity; transport; membrane;transport; vesicle-mediated transport;ATP binding; transport; ATPase-coupled transmembrane transporter activity; transmembrane transport;nucleic acid binding; intracellular anatomical structure; transport;SNAP receptor activity; Golgi apparatus; transport; intracellular protein transport; membrane;transport;transporter activity; intracellular anatomical structure; transport;transporter activity; transport; transmembrane transport;amino acid transmembrane transport; transport; amino acid transmembrane transporter activity; membrane; transmembrane transport;transporter activity; transport; membrane; transmembrane transport;ATP binding; transport; ATP hydrolysis activity; ATPase-coupled transmembrane transporter activity; transmembrane transport;plasma membrane; transport; malate transport;transporter activity; mitochondrial inner membrane; transport; transmembrane transport;transporter activity; ATP binding; transport; ATP hydrolysis activity; ATPase-coupled transmembrane transporter activity; transmembrane transport;transporter activity; ATP binding; transport; ATP hydrolysis activity;transport; transmembrane transport;transporter activity; transport;intracellular anatomical structure; transport;ATP:ADP antiporter activity; ATP binding; transport;transporter activity; transport; membrane; hydrolase activity;nucleoside transmembrane transporter activity; transport;transporter activity; purine nucleobase transmembrane transporter activity; transport; purine nucleobase transport; membrane; transmembrane transport;ATP binding; transport; ATP hydrolysis activity;SNAP receptor activity; Golgi apparatus; transport;amino acid transmembrane transport; transport; amino acid transport; amino acid transmembrane transporter activity; membrane; transmembrane transport;transporter activity; transport; monoatomic ion transport; chloride:monoatomic cation symporter activity; membrane; transmembrane transport;transport; ATP-binding cassette (ABC) transporter complex"
"93","GO:0000287","GO:0000287","1/284","78/20430",0.0128205128205128,0.922264355362947,-0.0816680654522772,0.665116383865826,0.769628266458906,0.712618765239728,"Manes.07G056100",1,"magnesium ion binding; ATP binding; intracellular anatomical structure; inositol trisphosphate metabolic process; inositol-3,4,5,6-tetrakisphosphate 1-kinase activity; inositol-1,3,4-trisphosphate 6-kinase activity; inositol-1,3,4-trisphosphate 5-kinase activity;nucleotide binding; magnesium ion binding; ATP binding; phospholipid transport; metal ion binding;phosphopyruvate hydratase complex; magnesium ion binding; phosphopyruvate hydratase activity; glycolytic process;magnesium ion binding; catalytic activity; thiamine pyrophosphate binding;magnesium ion binding; inorganic diphosphate phosphatase activity; cytoplasm; phosphate-containing compound metabolic process;magnesium ion binding; isocitrate dehydrogenase (NAD+) activity; tricarboxylic acid cycle; oxidoreductase activity, acting on the CH-OH group of donors, NAD or NADP as acceptor; NAD binding;magnesium ion binding; GTPase activity; GTP binding;magnesium ion binding; metabolic process; terpene synthase activity; lyase activity;magnesium ion binding; holo-[acyl-carrier-protein] synthase activity;magnesium ion binding; cytoplasm; metabolic process; hydrolase activity; L-methionine salvage from methylthioadenosine; acireductone synthase activity; metal ion binding;magnesium ion binding; terpene synthase activity; lyase activity;magnesium ion binding; pyruvate kinase activity; glycolytic process; potassium ion binding;magnesium ion binding; ribose phosphate diphosphokinase activity; nucleotide biosynthetic process;nucleotide binding; magnesium ion binding; RNA binding; phenylalanine-tRNA ligase activity; ATP binding; cytoplasm; phenylalanyl-tRNA aminoacylation;magnesium ion binding; catalytic activity; acetolactate synthase activity; branched-chain amino acid biosynthetic process; thiamine pyrophosphate binding; flavin adenine dinucleotide binding;L-histidine biosynthetic process; magnesium ion binding; ATP phosphoribosyltransferase activity; cytoplasm;magnesium ion binding; catalytic activity; sucrose biosynthetic process; metabolic process; phosphatase activity; sucrose-phosphate phosphatase activity;magnesium ion binding; ATP binding; intracellular anatomical structure; inositol trisphosphate metabolic process; inositol-3,4,5,6-tetrakisphosphate 1-kinase activity; inositol-1,3,4-trisphosphate 6-kinase activity; inositol-1,3,4-trisphosphate 5-kinase activity; metal ion binding;magnesium ion binding; catalytic activity; carboxy-lyase activity; thiamine pyrophosphate binding;magnesium ion binding; cytoplasm; 5'-nucleotidase activity;magnesium ion binding; tRNA modification; tRNA guanylyltransferase activity;magnesium ion binding; 3-isopropylmalate dehydrogenase activity; cytoplasm; L-leucine biosynthetic process; oxidoreductase activity, acting on the CH-OH group of donors, NAD or NADP as acceptor; NAD binding;tRNA binding; magnesium ion binding; aminoacyl-tRNA ligase activity; phenylalanine-tRNA ligase activity; ATP binding; cytoplasm; tRNA aminoacylation for protein translation; phenylalanyl-tRNA aminoacylation; tRNA processing; tRNA aminoacylation;magnesium ion binding; cytoplasm; L-methionine salvage from methylthioadenosine; acireductone synthase activity; metal ion binding;nucleotide binding; magnesium ion binding; GTPase activity; GTP binding"
"94","GO:0009058","GO:0009058","1/284","80/20430",0.0125,0.899207746478873,-0.107245295808421,0.67439760150836,0.769628266458906,0.712618765239728,"Manes.01G136850",1,"biosynthetic process; strictosidine synthase activity;biosynthetic process; pyridoxal phosphate binding;'de novo' IMP biosynthetic process; metabolic process; formyltetrahydrofolate deformylase activity; biosynthetic process; amino acid binding; hydroxymethyl-, formyl- and related transferase activity;methionyl-tRNA formyltransferase activity; biosynthetic process; hydroxymethyl-, formyl- and related transferase activity; conversion of methionyl-tRNA to N-formyl-methionyl-tRNA;biosynthetic process; transferase activity;amino acid metabolic process; transaminase activity; biosynthetic process; pyridoxal phosphate binding;catalytic activity; biosynthetic process;tryptophan biosynthetic process; anthranilate synthase activity; biosynthetic process; oxo-acid-lyase activity;biosynthetic process; nucleotidyltransferase activity;glycogen biosynthetic process; glucose-1-phosphate adenylyltransferase activity; biosynthetic process; nucleotidyltransferase activity;biosynthetic process; acyltransferase activity, transferring groups other than amino-acyl groups;ATP binding; cytoplasm; regulation of cell shape; biosynthetic process; ligase activity; acid-amino acid ligase activity; cell division;L-histidine biosynthetic process; histidinol-phosphate transaminase activity; biosynthetic process; pyridoxal phosphate binding;catalytic activity; biosynthetic process; pyridoxal phosphate binding;cytoplasm; metabolic process; 3-deoxy-8-phosphooctulonate synthase activity; biosynthetic process;phosphoribosylglycinamide formyltransferase activity; 'de novo' IMP biosynthetic process; biosynthetic process; hydroxymethyl-, formyl- and related transferase activity;catalytic activity; biosynthetic process; NAD biosynthetic process; nucleotidyltransferase activity;lipid biosynthetic process; biosynthetic process; acyltransferase activity, transferring groups other than amino-acyl groups;lipid biosynthetic process; biosynthetic process; transferase activity;tetrahydrofolylpolyglutamate synthase activity; ATP binding; biosynthetic process; folic acid-containing compound biosynthetic process;methyltransferase activity; biosynthetic process; pyridoxal phosphate binding;biosynthetic process; lysine biosynthetic process via diaminopimelate; L,L-diaminopimelate aminotransferase activity; pyridoxal phosphate binding;biosynthetic process; folic acid-containing compound biosynthetic process; oxo-acid-lyase activity;biosynthetic process; chlorophyll biosynthetic process; magnesium chelatase activity;protein binding; biosynthetic process; nucleotidyltransferase activity;dimethylallyltranstransferase activity; tRNA processing; biosynthetic process;isochorismate synthase activity; biosynthetic process;fatty acid biosynthetic process; lipid biosynthetic process; biosynthetic process; membrane; acyltransferase activity, transferring groups other than amino-acyl groups"
"95","GO:0003824","GO:0003824","5/284","410/20430",0.0121951219512195,0.877275850223291,-0.298042524438893,0.676987826977742,0.769628266458906,0.712618765239728,"Manes.01G136850/Manes.08G063732/Manes.13G060600/Manes.16G121600/Manes.17G009100",5,"catalytic activity; protein serine/threonine phosphatase activity; protein dephosphorylation;catalytic activity; metabolic process;catalytic activity;catalytic activity; phospholipase D activity; calcium ion binding; protein binding; membrane; phosphatidylcholine metabolic process;catalytic activity; trehalose biosynthetic process; metabolic process;magnesium ion binding; catalytic activity; thiamine pyrophosphate binding;catalytic activity; biosynthetic process;catalytic activity; RNA modification; transferase activity; macromolecule modification; iron-sulfur cluster binding; 4 iron, 4 sulfur cluster binding;catalytic activity; oxidoreductase activity; oxidoreductase activity, acting on CH-OH group of donors; flavin adenine dinucleotide binding;catalytic activity; starch binding;catalytic activity; alpha-amylase activity; calcium ion binding; carbohydrate metabolic process; cation binding;catalytic activity; methylenetetrahydrofolate dehydrogenase (NADP+) activity; folic acid-containing compound biosynthetic process;catalytic activity; phosphomannomutase activity; cytoplasm; metabolic process; GDP-mannose biosynthetic process;catalytic activity; protein binding; cytoplasm; aromatic amino acid metabolic process;catalytic activity; 2,3-bisphosphoglycerate-independent phosphoglycerate mutase activity; metal ion binding;catalytic activity; intramolecular transferase activity;catalytic activity; metabolic process; 1-deoxy-D-xylulose-5-phosphate synthase activity; terpenoid biosynthetic process;catalytic activity; cytokinin metabolic process; oxidoreductase activity; oxidoreductase activity, acting on CH-OH group of donors; cytokinin dehydrogenase activity; flavin adenine dinucleotide binding;catalytic activity; metalloendopeptidase activity; rRNA processing; metabolic process; hydrolase activity;catalytic activity; D-arabinono-1,4-lactone oxidase activity; membrane; oxidoreductase activity; oxidoreductase activity, acting on CH-OH group of donors; flavin adenine dinucleotide binding;catalytic activity; molybdenum ion binding; pyridoxal phosphate binding;catalytic activity; biosynthetic process; pyridoxal phosphate binding;catalytic activity; alpha,alpha-trehalose-phosphate synthase (UDP-forming) activity; trehalose biosynthetic process;catalytic activity; IMP dehydrogenase activity; purine nucleotide biosynthetic process;catalytic activity; glutamine metabolic process; omega peptidase activity; hydrolase activity;catalytic activity; 1,4-alpha-glucan branching enzyme activity; hydrolase activity, hydrolyzing O-glycosyl compounds; carbohydrate metabolic process; glycogen biosynthetic process; cation binding;catalytic activity; biosynthetic process; NAD biosynthetic process; nucleotidyltransferase activity;catalytic activity; phosphoprotein phosphatase activity; protein serine/threonine phosphatase activity; protein binding; protein dephosphorylation;catalytic activity; phospholipase D activity; phosphatidic acid biosynthetic process; regulation of cell migration; regulation of phagocytosis;catalytic activity; metabolic process; acyltransferase activity, acyl groups converted into alkyl on transfer;catalytic activity; glutaminase activity; cobalamin biosynthetic process; vitamin B6 biosynthetic process; pyridoxal phosphate biosynthetic process;DNA binding; catalytic activity;catalytic activity; biotin synthase activity; biotin biosynthetic process; iron-sulfur cluster binding;catalytic activity; 2-isopropylmalate synthase activity; L-leucine biosynthetic process;catalytic activity; iron ion binding; electron transfer activity; oxidoreductase activity; oxidoreductase activity, acting on CH-OH group of donors; metal ion binding; flavin adenine dinucleotide binding; iron-sulfur cluster binding;catalytic activity; diaminopimelate decarboxylase activity; lysine biosynthetic process via diaminopimelate;catalytic activity; nucleoside metabolic process;catalytic activity; arginine catabolic process; spermidine biosynthetic process; arginine decarboxylase activity;catalytic activity; acetate-CoA ligase activity; metabolic process; AMP binding; acetyl-CoA biosynthetic process from acetate;catalytic activity; lipoate biosynthetic process; lipoate synthase activity; iron-sulfur cluster binding; 4 iron, 4 sulfur cluster binding;catalytic activity; protein binding;microtubule cytoskeleton organization; cytokinesis; catalytic activity; microtubule binding;catalytic activity; transketolase activity; metabolic process;catalytic activity; hydrolase activity, hydrolyzing O-glycosyl compounds; carbohydrate metabolic process; cation binding;catalytic activity; protein kinase activity; protein serine/threonine phosphatase activity; ATP binding; protein phosphorylation; protein dephosphorylation;catalytic activity; branched-chain-amino-acid transaminase activity; metabolic process; branched-chain amino acid metabolic process;DNA binding; catalytic activity; DNA-directed DNA polymerase activity; DNA replication;catalytic activity; coproporphyrinogen oxidase activity; cytoplasm; porphyrin-containing compound biosynthetic process; iron-sulfur cluster binding;catalytic activity; N-acetyltransferase activity; iron-sulfur cluster binding;magnesium ion binding; catalytic activity; acetolactate synthase activity; branched-chain amino acid biosynthetic process; thiamine pyrophosphate binding; flavin adenine dinucleotide binding;catalytic activity; polyamine metabolic process;catalytic activity; glutamate-5-semialdehyde dehydrogenase activity; cytoplasm; proline biosynthetic process; metabolic process; oxidoreductase activity;magnesium ion binding; catalytic activity; sucrose biosynthetic process; metabolic process; phosphatase activity; sucrose-phosphate phosphatase activity;catalytic activity; D-arabinono-1,4-lactone oxidase activity; membrane; oxidoreductase activity; oxidoreductase activity, acting on CH-OH group of donors; galactonolactone dehydrogenase activity; flavin adenine dinucleotide binding;catalytic activity; protein kinase activity; protein tyrosine kinase activity; ATP binding; protein phosphorylation;magnesium ion binding; catalytic activity; carboxy-lyase activity; thiamine pyrophosphate binding;catalytic activity; pyruvate dehydrogenase (acetyl-transferring) activity; acetyl-CoA biosynthetic process from pyruvate; metabolic process;DNA binding; catalytic activity; nuclease activity; DNA repair;catalytic activity; phosphoglycerate mutase activity; cytoplasm; glucose catabolic process; manganese ion binding; metal ion binding;catalytic activity; fumarylacetoacetase activity; metabolic process; aromatic amino acid metabolic process;DNA binding; catalytic activity; DNA topoisomerase type II (double strand cut, ATP-hydrolyzing) activity; ATP binding; chromosome; DNA metabolic process; DNA topological change;catalytic activity; carbohydrate metabolic process; cation binding;catalytic activity; cytoplasm; rRNA processing; RNA methyltransferase activity; iron-sulfur cluster binding;DNA binding; catalytic activity; ATP binding; chromosome; DNA metabolic process;catalytic activity; hydrolase activity, hydrolyzing O-glycosyl compounds; carbohydrate metabolic process; pullulanase activity;catalytic activity; 3-beta-hydroxy-delta5-steroid dehydrogenase (NAD+) activity; steroid biosynthetic process; oxidoreductase activity, acting on the CH-OH group of donors, NAD or NADP as acceptor;catalytic activity; Mo-molybdopterin cofactor biosynthetic process; metal ion binding; iron-sulfur cluster binding; 4 iron, 4 sulfur cluster binding;catalytic activity; hydrolase activity;catalytic activity; ATP binding; metabolic process; metal ion binding;catalytic activity; polyamine biosynthetic process;catalytic activity; biosynthetic process; pyridoxal phosphate binding; DNA integration;catalytic activity; metabolic process; oxidoreductase activity;catalytic activity; dihydroxy-acid dehydratase activity; metabolic process; branched-chain amino acid biosynthetic process;DNA binding; single-stranded DNA binding; catalytic activity; nuclease activity; endonuclease activity; nucleus; DNA repair; nucleotide-excision repair;catalytic activity; metabolic process; oxidoreductase activity, acting on a sulfur group of donors, disulfide as acceptor; cell redox homeostasis;catalytic activity; protein kinase activity; ATP binding; protein phosphorylation;catalytic activity; protein farnesyltransferase complex; protein farnesylation; regulation of cell population proliferation;catalytic activity; iron ion binding; FMN binding; iron-sulfur cluster binding;catalytic activity; 6-phosphofructo-2-kinase activity; ATP binding; fructose metabolic process; fructose 2,6-bisphosphate metabolic process; starch binding"
"96","GO:0008017","GO:0008017","1/284","85/20430",0.0117647058823529,0.846313173156586,-0.168579813502264,0.696494513555966,0.778341224880928,0.720686319334193,"Manes.16G017100",1,"microtubule motor activity; ATP binding; kinesin complex; microtubule-based movement; microtubule binding;microtubule motor activity; protein binding; ATP binding; kinesin complex; microtubule-based movement; microtubule binding;microtubule motor activity; ATP binding; cytoskeleton; kinesin complex; microtubule-based movement; microtubule binding;microtubule cytoskeleton organization; cytokinesis; microtubule binding;protein binding; microtubule binding; katanin complex; microtubule severing;microtubule motor activity; protein binding; ATP binding; kinesin complex; microtubule-based movement; microtubule binding; zinc ion binding;microtubule cytoskeleton organization; cytokinesis; catalytic activity; microtubule binding;protein binding; microtubule binding;cytoskeleton organization; microtubule binding;mitotic anaphase; outer kinetochore; spindle microtubule; chromosome segregation; microtubule binding; regulation of microtubule polymerization or depolymerization; cell division"
"97","GO:0046983","GO:0046983","2/284","174/20430",0.0114942528735632,0.826857697911608,-0.272326106540044,0.699065729754167,0.778341224880928,0.720686319334193,"Manes.02G068800/Manes.15G161100",2,"protein dimerization activity;DNA binding; DNA-binding transcription factor activity; nucleus; regulation of DNA-templated transcription; protein dimerization activity;DNA binding; protein dimerization activity;methyltransferase activity; O-methyltransferase activity; protein dimerization activity;metabolic process; amino acid binding; protein dimerization activity;DNA-directed 5'-3' RNA polymerase activity; DNA-templated transcription; protein dimerization activity;N-acetyl-gamma-glutamyl-phosphate reductase activity; aspartate-semialdehyde dehydrogenase activity; cytoplasm; amino acid biosynthetic process; methionine biosynthetic process; threonine biosynthetic process; lysine biosynthetic process via diaminopimelate; isoleucine biosynthetic process; oxidoreductase activity, acting on the aldehyde or oxo group of donors, NAD or NADP as acceptor; protein dimerization activity; NADP binding; NAD binding;N-acetyl-gamma-glutamyl-phosphate reductase activity; cytoplasm; L-arginine biosynthetic process; amino acid biosynthetic process; oxidoreductase activity, acting on the aldehyde or oxo group of donors, NAD or NADP as acceptor; protein dimerization activity; NAD binding"
"98","GO:0007165","GO:0007165","2/284","185/20430",0.0108108108108108,0.77769318614389,-0.360635152995832,0.73066050461652,0.805217698965144,0.745571943486245,"Manes.10G088500/Manes.15G035200",2,"signal transduction;GTPase activity; GTP binding; intracellular anatomical structure; intracellular protein transport; nucleocytoplasmic transport; signal transduction; small GTPase-mediated signal transduction; protein transport; membrane;GTP binding; intracellular anatomical structure; intracellular protein transport; signal transduction; small GTPase-mediated signal transduction; protein transport; membrane;phosphorelay sensor kinase activity; phosphorelay signal transduction system; signal transduction; phosphorylation; transferase activity, transferring phosphorus-containing groups;phosphatidylinositol phospholipase C activity; protein binding; lipid metabolic process; signal transduction; intracellular signal transduction;protein kinase activity; protein tyrosine kinase activity; ATP binding; protein phosphorylation; signal transduction;phosphorelay sensor kinase activity; protein binding; signal transduction; phosphorylation; transferase activity, transferring phosphorus-containing groups;protein binding; signal transduction;GTP binding; intracellular anatomical structure; signal transduction; small GTPase-mediated signal transduction; protein transport; membrane;protein binding; signal transduction; ADP binding;protein phosphatase type 2A complex; signal transduction;DNA-binding transcription factor activity; nucleus; regulation of DNA-templated transcription; signal transduction;phosphorelay sensor kinase activity; phosphorelay signal transduction system; protein histidine kinase activity; protein binding; endoplasmic reticulum membrane; signal transduction; ethylene-activated signaling pathway;phosphorelay sensor kinase activity; protein binding; regulation of DNA-templated transcription; signal transduction; detection of visible light; red, far-red light phototransduction; photoreceptor activity; protein-tetrapyrrole linkage; protein homodimerization activity;phosphorelay sensor kinase activity; phosphorelay signal transduction system; protein histidine kinase activity; protein binding; endoplasmic reticulum membrane; signal transduction; ethylene-activated signaling pathway; phosphorylation; transferase activity, transferring phosphorus-containing groups;GTPase activity; calcium ion binding; GTP binding; intracellular anatomical structure; mitochondrion; mitochondrion organization; signal transduction; small GTPase-mediated signal transduction; protein transport; membrane;protein binding; ATP binding; signal transduction;phosphorelay sensor kinase activity; phosphorelay signal transduction system; protein binding; regulation of DNA-templated transcription; signal transduction; detection of visible light; red, far-red light phototransduction; photoreceptor activity; protein-tetrapyrrole linkage; protein homodimerization activity"
"99","GO:0045454","GO:0045454","1/284","96/20430",0.0104166666666667,0.749339788732394,-0.29227920521717,0.739987851121032,0.807259473950217,0.747462475879831,"Manes.05G153800",1,"electron transfer activity; protein-disulfide reductase activity; cell redox homeostasis;protein binding; cell redox homeostasis;cell redox homeostasis;glycerol ether metabolic process; protein-disulfide reductase activity; cell redox homeostasis;endoplasmic reticulum; isomerase activity; cell redox homeostasis;mRNA splicing, via spliceosome; spliceosomal complex; cell redox homeostasis;glutathione-disulfide reductase (NADPH) activity; glutathione metabolic process; oxidoreductase activity; cell redox homeostasis; flavin adenine dinucleotide binding; NADP binding;dihydrolipoyl dehydrogenase activity; tRNA processing; oxidoreductase activity; cell redox homeostasis; flavin adenine dinucleotide binding;oxidoreductase activity; cell redox homeostasis;thiol oxidase activity; cell redox homeostasis;electron transfer activity; protein-disulfide reductase activity; intracellular signal transduction; cell redox homeostasis;protein binding; electron transfer activity; protein-disulfide reductase activity; cell redox homeostasis;thioredoxin-disulfide reductase (NADPH) activity; cytoplasm; oxidoreductase activity; removal of superoxide radicals; cell redox homeostasis;protein kinase activity; protein tyrosine kinase activity; ATP binding; protein phosphorylation; cell redox homeostasis;protein kinase activity; protein tyrosine kinase activity; ATP binding; protein phosphorylation; protein catabolic process; cell redox homeostasis;isomerase activity; cell redox homeostasis;tRNA processing; oxidoreductase activity; cell redox homeostasis; flavin adenine dinucleotide binding;catalytic activity; metabolic process; oxidoreductase activity, acting on a sulfur group of donors, disulfide as acceptor; cell redox homeostasis"
"100","GO:0006281","GO:0006281","1/284","107/20430",0.00934579439252336,0.672304857180466,-0.403511850609932,0.777267223512663,0.831664241571389,0.770059482936471,"Manes.15G141200",1,"DNA binding; ATP binding; DNA repair; ATP-dependent activity, acting on DNA;telomere maintenance; DNA helicase activity; DNA repair;DNA repair; DNA recombination; four-way junction helicase activity;deoxyribodipyrimidine photo-lyase activity; DNA repair;DNA binding; nucleus; DNA replication; DNA repair; DNA recombination;nuclease activity; DNA repair; zinc ion binding;nucleus; DNA repair; cell cycle;DNA binding; DNA-directed DNA polymerase activity; nucleus; DNA repair; DNA polymerase activity;protein binding; DNA repair; DNA recombination; four-way junction helicase activity;nuclease activity; DNA repair;metalloendopeptidase activity; ATP binding; DNA repair; DNA recombination; proteolysis; four-way junction helicase activity;DNA binding; DNA ligase (ATP) activity; ATP binding; DNA repair; DNA recombination; DNA biosynthetic process;DNA binding; DNA repair;nucleus; DNA repair;DNA photolyase activity; DNA repair;ATP binding; nucleus; DNA repair; cell cycle;protein binding; DNA repair;DNA binding; single-stranded DNA binding; ATP binding; DNA metabolic process; DNA repair; ATP-dependent activity, acting on DNA; SOS response;nucleic acid binding; DNA binding; nucleus; DNA replication; DNA repair; DNA recombination;DNA strand exchange activity; double-strand break repair via homologous recombination; DNA binding; double-stranded DNA binding; single-stranded DNA binding; ATP binding; DNA metabolic process; DNA repair; ATP-dependent activity, acting on DNA; mitotic recombination-dependent replication fork processing;damaged DNA binding; DNA repair;uracil DNA N-glycosylase activity; DNA repair; base-excision repair;nucleus; DNA repair; Smc5-Smc6 complex;telomere maintenance; nucleus; DNA repair; ATP hydrolysis activity; Mre11 complex;DNA binding; single-stranded DNA binding; ATP binding; nucleus; DNA metabolic process; DNA repair; reciprocal meiotic recombination; ATP-dependent activity, acting on DNA; SOS response;DNA repair;ATP binding; DNA repair; DNA recombination; four-way junction helicase activity; hydrolase activity;transcription factor TFIIH core complex; DNA repair; nucleotide-excision repair; DNA-templated transcription; zinc ion binding;double-strand break repair via homologous recombination; DNA binding; ATP binding; DNA repair; ATP-dependent activity, acting on DNA; Rad51B-Rad51C-Rad51D-XRCC2 complex;DNA repair; Smc5-Smc6 complex;DNA binding; DNA clamp loader activity; ATP binding; DNA replication factor C complex; DNA replication; DNA repair;damaged DNA binding; DNA-(apurinic or apyrimidinic site) endonuclease activity; DNA repair; base-excision repair; nucleotide-excision repair; zinc ion binding; oxidized purine nucleobase lesion DNA N-glycosylase activity; hydrolase activity, hydrolyzing N-glycosyl compounds;nucleus; DNA repair; chromatin remodeling; NuA4 histone acetyltransferase complex; negative regulation of DNA-templated transcription;ATP binding; DNA repair; DNA recombination; four-way junction helicase activity;cytoplasm; DNA repair; DNA recombination; four-way junction helicase activity; hydrolase activity; protein catabolic process;nucleic acid binding; DNA binding; DNA repair; zinc ion binding; hydrolase activity, acting on ester bonds; hydrolase activity, acting on acid anhydrides, in phosphorus-containing anhydrides;chromatin binding; protein binding; ATP binding; chromosome; DNA repair; mitotic sister chromatid cohesion; chromosome organization;DNA repair; chromatin remodeling; regulation of DNA-templated transcription; Ino80 complex; NuA4 histone acetyltransferase complex;DNA repair; kinetochore assembly;nucleic acid binding; protein binding; nucleus; DNA repair; phosphoric diester hydrolase activity; zinc ion binding; hydrolase activity, acting on acid anhydrides, in phosphorus-containing anhydrides;DNA ligase (ATP) activity; mRNA guanylyltransferase activity; polynucleotide 5'-phosphatase activity; ATP binding; nucleus; DNA repair; DNA recombination; 7-methylguanosine mRNA capping; mRNA processing; protein dephosphorylation; protein tyrosine/serine/threonine phosphatase activity; dephosphorylation; phosphatase activity;DNA binding; catalytic activity; nuclease activity; DNA repair;cell cycle checkpoint signaling; DNA damage checkpoint signaling; DNA repair; checkpoint clamp complex;DNA binding; DNA repair; DNA 5'-adenosine monophosphate hydrolase activity;double-strand break repair via homologous recombination; DNA repair;damaged DNA binding; endonuclease activity; nucleus; DNA repair;nucleotide binding; nucleic acid binding; DNA binding; DNA-directed DNA polymerase activity; DNA repair; zinc ion binding; 3'-5' exonuclease activity; zeta DNA polymerase complex; translesion synthesis;DNA repair; regulation of DNA-templated transcription; Ino80 complex;nucleic acid binding; ATP binding; intracellular anatomical structure; DNA replication; DNA repair; DNA recombination;double-strand break repair via homologous recombination; DNA repair; Smc5-Smc6 complex;DNA binding; damaged DNA binding; ATP binding; DNA repair; ATP-dependent activity, acting on DNA;DNA damage checkpoint signaling; nucleolus; DNA repair; checkpoint clamp complex;nucleic acid binding; ATP binding; DNA repair;nucleic acid binding; ATP binding; DNA repair; DNA recombination;endonuclease activity; DNA repair;DNA binding; single-stranded DNA binding; catalytic activity; nuclease activity; endonuclease activity; nucleus; DNA repair; nucleotide-excision repair;nucleic acid binding; DNA binding; nucleus; DNA replication; DNA repair; DNA recombination; zinc ion binding;protein binding; nucleus; DNA repair; phosphoric diester hydrolase activity"
"101","GO:0020037","GO:0020037","2/284","205/20430",0.00975609756097561,0.701820680178633,-0.50944639637005,0.780914668554723,0.831664241571389,0.770059482936471,"Manes.05G167700/Manes.09G130200",2,"monooxygenase activity; iron ion binding; oxidoreductase activity, acting on paired donors, with incorporation or reduction of molecular oxygen; heme binding;iron ion binding; oxidoreductase activity, acting on paired donors, with incorporation or reduction of molecular oxygen; heme binding;peroxidase activity; response to oxidative stress; heme binding;catalase activity; response to oxidative stress; heme binding;monooxygenase activity; serine-type endopeptidase inhibitor activity; iron ion binding; response to wounding; oxidoreductase activity, acting on paired donors, with incorporation or reduction of molecular oxygen; heme binding;heme binding;protein binding; heme binding;heme transmembrane transporter activity; heme transport; membrane; cytochrome complex assembly; heme binding;oxidoreductase activity; heme binding; sulfite reductase (ferredoxin) activity; iron-sulfur cluster binding; 4 iron, 4 sulfur cluster binding;electron transfer activity; heme binding;oxygen binding; heme binding;oxidoreductase activity; heme binding; iron-sulfur cluster binding;peroxidase activity; response to oxidative stress; vesicle-mediated transport; heme binding;aspartic-type endopeptidase activity; peroxidase activity; proteolysis; response to oxidative stress; heme binding"
"102","GO:0005506","GO:0005506","2/284","207/20430",0.00966183574879227,0.695039804041641,-0.52359302108453,0.785460672595201,0.831664241571389,0.770059482936471,"Manes.05G167700/Manes.09G130200",2,"monooxygenase activity; iron ion binding; oxidoreductase activity, acting on paired donors, with incorporation or reduction of molecular oxygen; heme binding;iron ion binding; oxidoreductase activity, acting on paired donors, with incorporation or reduction of molecular oxygen; heme binding;iron ion binding; oxidoreductase activity; oxidoreductase activity, acting on paired donors, with incorporation or reduction of molecular oxygen; L-ascorbic acid binding;iron ion binding; fatty acid biosynthetic process; oxidoreductase activity;iron ion binding; oxidoreductase activity;iron ion binding; FMN binding; oxidoreductase activity;monooxygenase activity; serine-type endopeptidase inhibitor activity; iron ion binding; response to wounding; oxidoreductase activity, acting on paired donors, with incorporation or reduction of molecular oxygen; heme binding;iron ion binding; electron transfer activity;iron ion binding; iron-sulfur cluster assembly; iron-sulfur cluster binding;iron ion binding; isoprenoid biosynthetic process; terpenoid biosynthetic process; 4-hydroxy-3-methylbut-2-en-1-yl diphosphate synthase activity (ferredoxin);catalytic activity; iron ion binding; electron transfer activity; oxidoreductase activity; oxidoreductase activity, acting on CH-OH group of donors; metal ion binding; flavin adenine dinucleotide binding; iron-sulfur cluster binding;iron ion binding; cytoplasm; inositol catabolic process; inositol oxygenase activity;iron ion binding; oxidoreductase activity; oxidoreductase activity, acting on paired donors, with incorporation or reduction of molecular oxygen, NAD(P)H as one donor, and incorporation of two atoms of oxygen into one donor; 2 iron, 2 sulfur cluster binding;iron ion binding;iron ion binding; oxidoreductase activity, acting on paired donors, with incorporation or reduction of molecular oxygen; L-ascorbic acid binding;iron ion binding; glutamate biosynthetic process; metabolic process; FMN binding; glutamate synthase activity; glutamate synthase (NADH) activity; oxidoreductase activity; oxidoreductase activity, acting on the CH-NH2 group of donors; oxidoreductase activity, acting on the CH-NH2 group of donors, NAD or NADP as acceptor; glutamate synthase activity, NAD(P)H as acceptor; flavin adenine dinucleotide binding;iron ion binding; protein binding;iron ion binding; peptide deformylase activity;NADPH-hemoprotein reductase activity; iron ion binding; FMN binding; oxidoreductase activity;catalytic activity; iron ion binding; FMN binding; iron-sulfur cluster binding"
"103","GO:0016887","GO:0016887","1/284","140/20430",0.00714285714285714,0.513832997987927,-0.685325327127561,0.860062027357344,0.901812611209642,0.835011677045965,"Manes.01G038000",1,"ATP binding; ATP hydrolysis activity;nucleotide binding; ATP biosynthetic process; ATP hydrolysis activity; metal ion binding;ATP binding; cytoplasm; response to heat; protein processing; ATP hydrolysis activity; protein metabolic process;ATP binding; membrane; ATP hydrolysis activity;ATP binding; transport; ATP hydrolysis activity; ATPase-coupled transmembrane transporter activity; transmembrane transport;metalloendopeptidase activity; ATP binding; proteolysis; membrane; ATP hydrolysis activity;transporter activity; ATP binding; transport; ATP hydrolysis activity; ATPase-coupled transmembrane transporter activity; transmembrane transport;transporter activity; ATP binding; transport; ATP hydrolysis activity;telomere maintenance; nucleus; DNA repair; ATP hydrolysis activity; Mre11 complex;ribosomal large subunit assembly; ATP binding; nucleus; ATP hydrolysis activity;ATP binding; ATP biosynthetic process; proton motive force-driven ATP synthesis; ATP hydrolysis activity; proton-transporting two-sector ATPase complex, catalytic domain; ATP metabolic process; proton-transporting ATP synthase activity, rotational mechanism;ATP binding; ATP hydrolysis activity; protein metabolic process;protein binding; ATP binding; ATP hydrolysis activity; protein metabolic process;ATP binding; ATP hydrolysis activity; viral transcription;ATP binding; transport; ATP hydrolysis activity;ATP binding; cytoplasm; hydrolase activity; ATP hydrolysis activity; protein catabolic process;division septum site selection; ATP hydrolysis activity;transporter activity; ATP binding; ATP hydrolysis activity; cytochrome complex assembly; outer membrane-bounded periplasmic space;nucleotide binding; monoatomic cation transport; ATP hydrolysis activity; metal ion binding;endonuclease activity; ATP binding; mismatch repair; ATP hydrolysis activity; mismatched DNA binding; negative regulation of DNA recombination"
"104","GO:0006508","GO:0006508","2/284","270/20430",0.00740740740740741,0.532863849765258,-0.917420425224495,0.89186208012926,0.92616446782654,0.857559692431981,"Manes.02G035300/Manes.03G132100",2,"serine-type endopeptidase activity; proteolysis;aminopeptidase activity; proteolysis; metalloexopeptidase activity;proteolysis; peptidase activity;proteasome regulatory particle; proteolysis;aspartic-type endopeptidase activity; proteolysis;serine-type endopeptidase activity; protein binding; proteolysis;serine-type carboxypeptidase activity; proteolysis;proteolysis; serine-type peptidase activity;proteolysis; cysteine-type peptidase activity;metalloendopeptidase activity; ATP binding; proteolysis; zinc ion binding; membrane;proteolysis;metalloendopeptidase activity; proteolysis; metallopeptidase activity; zinc ion binding; extracellular matrix;serine-type endopeptidase activity; proteolysis; oxo-acid-lyase activity;cysteine-type endopeptidase activity; proteolysis; cysteine-type peptidase activity; regulation of catalytic activity;cysteine-type endopeptidase activity; proteolysis;metalloendopeptidase activity; ATP binding; DNA repair; DNA recombination; proteolysis; four-way junction helicase activity;proteolysis; metallopeptidase activity; zinc ion binding;metalloendopeptidase activity; ATP binding; proteolysis; membrane;metalloendopeptidase activity; ATP binding; proteolysis; membrane; ATP hydrolysis activity;proteolysis; serine-type peptidase activity; membrane;metallocarboxypeptidase activity; proteolysis; zinc ion binding;calcium-dependent cysteine-type endopeptidase activity; intracellular anatomical structure; proteolysis;aspartic-type endopeptidase activity; proteolysis; lipid metabolic process;protein binding; proteolysis; serine-type peptidase activity;serine-type endopeptidase activity; proteolysis; serine-type peptidase activity; serine-type exopeptidase activity;metalloendopeptidase activity; proteolysis; peptidase activity; CAAX-box protein processing;metalloendopeptidase activity; protein binding; proteolysis; cell adhesion; membrane;serine-type endopeptidase activity; cell wall; proteolysis; membrane;aminopeptidase activity; intracellular anatomical structure; cytoplasm; proteolysis; metalloexopeptidase activity; protein metabolic process; manganese ion binding;ATP-dependent peptidase activity; protein kinase activity; protein tyrosine kinase activity; protein binding; ATP binding; protein phosphorylation; proteolysis; zinc ion binding;aminopeptidase activity; proteolysis; zinc ion binding;metalloendopeptidase activity; proteolysis;metalloendopeptidase activity; ATP binding; proteolysis;nucleus; proteolysis; peptidase activity;aminopeptidase activity; cytoplasm; proteolysis; peptidase activity;nucleic acid binding; aspartic-type endopeptidase activity; proteolysis; zinc ion binding;GPI-anchor transamidase activity; proteolysis; peptidase activity; attachment of GPI anchor to protein; GPI-anchor transamidase complex;proteolysis; serine-type peptidase activity; S-formylglutathione hydrolase activity; formaldehyde catabolic process;ATP-dependent peptidase activity; serine-type endopeptidase activity; ATP binding; proteolysis; protein catabolic process;cytosol; proteolysis; pyroglutamyl-peptidase activity;proteolysis; cysteine-type peptidase activity; ADP binding;metalloendopeptidase activity; protein binding; proteolysis;proteolysis; cysteine-type peptidase activity; metabolic process; phosphatase activity;aspartic-type endopeptidase activity; proteolysis; lipid metabolic process; lysosome; sphingolipid metabolic process;serine-type endopeptidase activity; protein binding; proteolysis; serine-type peptidase activity;ATP-dependent peptidase activity; protein binding; proteolysis; zinc ion binding; metal ion binding;aspartic-type endopeptidase activity; lysosome; proteolysis; lipid metabolic process; sphingolipid metabolic process;serine-type carboxypeptidase activity; proteolysis; zinc ion binding;metalloendopeptidase activity; calcium ion binding; proteolysis; metallopeptidase activity; zinc ion binding; extracellular matrix;ATP-dependent peptidase activity; proteolysis;aspartic-type endopeptidase activity; peroxidase activity; proteolysis; response to oxidative stress; heme binding;metalloendopeptidase activity; proteolysis; zinc ion binding; extracellular matrix;metalloendopeptidase activity; proteolysis; membrane;proteolysis; metallopeptidase activity; zinc ion binding; leukotriene biosynthetic process"
"105","GO:0055085","GO:0055085","3/284","417/20430",0.00719424460431655,0.517529638261222,-1.18187318412753,0.931632929163353,0.958251012853735,0.887269456346051,"Manes.03G021100/Manes.10G110100/Manes.14G035900",3,"monoatomic cation transport; calcium ion transport; monoatomic cation transmembrane transporter activity; calcium:proton antiporter activity; transmembrane transport;voltage-gated chloride channel activity; chloride transport; membrane; transmembrane transport;ATP binding; transport; ATPase-coupled transmembrane transporter activity; transmembrane transport;membrane; metal ion transport; metal ion transmembrane transporter activity; transmembrane transport;transmembrane transport;monoatomic cation transport; transmembrane transport;xenobiotic transmembrane transport; antiporter activity; membrane; transmembrane transport;membrane; transmembrane transport;transporter activity; transport; transmembrane transport;amino acid transmembrane transport; transport; amino acid transmembrane transporter activity; membrane; transmembrane transport;monoatomic ion channel activity; monoatomic ion transport; membrane; transmembrane transport;monoatomic ion channel activity; voltage-gated potassium channel activity; protein binding; monoatomic ion transport; potassium ion transport; membrane; transmembrane transport;mitochondrial outer membrane; transmembrane transport;transporter activity; transport; membrane; transmembrane transport;monoatomic cation transport; sodium ion transport; regulation of pH; sodium:proton antiporter activity; transmembrane transport;ATP binding; transport; ATP hydrolysis activity; ATPase-coupled transmembrane transporter activity; transmembrane transport;monoatomic cation transport; monoatomic cation transmembrane transporter activity; transmembrane transport;Golgi membrane; nucleotide-sugar transmembrane transporter activity; carbohydrate:proton symporter activity; carbohydrate transport; nucleotide-sugar transmembrane transport; transmembrane transport;membrane; transmembrane transporter activity; transmembrane transport;plasma membrane; secondary active sulfate transmembrane transporter activity; sulfate transmembrane transporter activity; membrane; transmembrane transport;secondary active sulfate transmembrane transporter activity; sulfate transmembrane transporter activity; membrane; transmembrane transport;transmembrane transport; transmembrane transporter activity;monoatomic ion channel activity; voltage-gated potassium channel activity; monoatomic ion transport; potassium ion transport; membrane; transmembrane transport;transporter activity; mitochondrial inner membrane; transport; transmembrane transport;mitochondrial inner membrane; transmembrane transport;secondary active sulfate transmembrane transporter activity; sulfate transmembrane transporter activity; membrane; transmembrane transport; sulfate transmembrane transport;zinc ion transmembrane transporter activity; membrane; metal ion transport; metal ion transmembrane transporter activity; transmembrane transport; zinc ion transmembrane transport;transporter activity; ATP binding; transport; ATP hydrolysis activity; ATPase-coupled transmembrane transporter activity; transmembrane transport;transport; transmembrane transport;vacuolar membrane; plasma membrane; monoatomic cation transport; sodium ion transport; regulation of pH; response to salt stress; sodium:proton antiporter activity; potassium ion homeostasis; transmembrane transport;phosphate transmembrane transporter activity; phosphate ion transport; transmembrane transport;monoatomic ion channel activity; protein binding; monoatomic ion transport; membrane; transmembrane transport;nuclear membrane; transmembrane transport;monoatomic cation transport; potassium ion transport; monoatomic cation transmembrane transporter activity; transmembrane transport;secondary active sulfate transmembrane transporter activity; chloroplast; sulfate transmembrane transporter activity; membrane; transmembrane transport;intracellular monoatomic ion homeostasis; voltage-gated monoatomic anion channel activity; transmembrane transport;sucrose transmembrane transporter activity; sucrose transport; transmembrane transport;RNA binding; adenosine deaminase activity; monoatomic ion channel activity; RNA processing; monoatomic ion transport; membrane; transmembrane transport;transporter activity; purine nucleobase transmembrane transporter activity; transport; purine nucleobase transport; membrane; transmembrane transport;calcium ion binding; transmembrane transport;phosphate transmembrane transporter activity; phosphate ion transport; transmembrane transport; transmembrane transporter activity;transporter activity; sodium ion transport; membrane; transmembrane transport;transmembrane transporter activity; transmembrane transport;transporter activity; membrane; transmembrane transport;mitochondrial transport; mitochondrial membrane; transmembrane transport;transporter activity; transmembrane transport;monoatomic cation transport; potassium ion transport; transmembrane transport;monoatomic cation transport; potassium ion transport; sodium ion transport; transmembrane transport;transmembrane transport; membrane;monoatomic ion channel activity; calcium ion binding; monoatomic ion transport; membrane; transmembrane transport;amino acid transmembrane transport; transport; amino acid transport; amino acid transmembrane transporter activity; membrane; transmembrane transport;transporter activity; transport; monoatomic ion transport; chloride:monoatomic cation symporter activity; membrane; transmembrane transport;membrane; transmembrane transport; transmembrane transporter activity"
"106","GO:0006886","GO:0006886","1/284","226/20430",0.00442477876106195,0.318303627072168,-1.22353059156402,0.95847127950905,0.976555643273372,0.904218188216085,"Manes.14G172800",1,"intracellular protein transport; endoplasmic reticulum to Golgi vesicle-mediated transport; zinc ion binding; COPII vesicle coat;SNAP receptor activity; Golgi apparatus; transport; intracellular protein transport; membrane;intracellular protein transport;intracellular protein transport; endoplasmic reticulum to Golgi vesicle-mediated transport; COPII vesicle coat;GTPase activity; GTP binding; intracellular anatomical structure; intracellular protein transport; nucleocytoplasmic transport; signal transduction; small GTPase-mediated signal transduction; protein transport; membrane;GTP binding; intracellular anatomical structure; intracellular protein transport; signal transduction; small GTPase-mediated signal transduction; protein transport; membrane;GTP binding; intracellular anatomical structure; intracellular protein transport; small GTPase-mediated signal transduction; protein transport;intracellular protein transport; protein-transporting ATPase activity; outer membrane;Golgi apparatus; intracellular protein transport; protein transport; vesicle-mediated transport; membrane coat; clathrin adaptor complex;GTP binding; intracellular anatomical structure; intracellular protein transport; small GTPase-mediated signal transduction;GTP binding; intracellular protein transport; chloroplast outer membrane; protein-transporting ATPase activity;protein binding; intracellular protein transport; zinc ion binding; vesicle-mediated transport;protein binding; intracellular protein transport;Sec61 translocon complex; intracellular protein transport;cytoplasm; intracellular protein transport; vacuole organization;intracellular protein transport; vesicle-mediated transport;intracellular protein transport; protein transport; vesicle-mediated transport; membrane coat; clathrin adaptor complex;intracellular protein transport; vesicle-mediated transport; clathrin adaptor complex;ATP binding; protein targeting; intracellular protein transport; membrane; protein import;intracellular anatomical structure; intracellular protein transport;structural molecule activity; cytoplasm; intracellular protein transport; vesicle-mediated transport; membrane coat; COPI vesicle coat;TIM23 mitochondrial import inner membrane translocase complex; intracellular protein transport; protein-transporting ATPase activity;cis-Golgi network; intracellular protein transport; membrane;mitochondrial outer membrane; intracellular protein transport;intracellular protein transport; protein transport; membrane; vesicle-mediated transport; membrane coat; clathrin adaptor complex;protein binding; intracellular protein transport; vesicle-mediated transport;intracellular protein transport; vesicle-mediated transport; membrane coat; AP-3 adaptor complex;structural molecule activity; protein binding; intracellular protein transport; vesicle-mediated transport; membrane coat; COPI vesicle coat;structural molecule activity; protein binding; intracellular protein transport; vesicle-mediated transport; membrane coat;GPI anchor metabolic process; intracellular protein transport; hydrolase activity, acting on ester bonds;Golgi apparatus; intracellular protein transport; protein transport; vesicle-mediated transport; membrane coat;endoplasmic reticulum; intracellular protein transport;GTPase activity; signal recognition particle binding; GTP binding; signal recognition particle receptor complex; SRP-dependent cotranslational protein targeting to membrane; intracellular protein transport;intracellular protein transport; Golgi transport complex;intracellular protein transport; BLOC-1 complex;GTP binding; intracellular protein transport; endoplasmic reticulum to Golgi vesicle-mediated transport; COPII vesicle coat;structural molecule activity; intracellular protein transport; vesicle-mediated transport; clathrin coat of trans-Golgi network vesicle; clathrin coat of coated pit;Golgi membrane; cytoplasm; intracellular protein transport; membrane; Golgi vesicle transport; vesicle fusion with Golgi apparatus;protein targeting; intracellular protein transport; protein transport; protein-transporting ATPase activity; membrane;structural molecule activity; intracellular protein transport; vesicle-mediated transport; membrane coat; COPI vesicle coat;intracellular protein transport; protein transport; vesicle-mediated transport; clathrin adaptor complex;intracellular protein transport; vesicle-mediated transport; membrane coat"
"107","GO:0005525","GO:0005525","1/284","248/20430",0.00403225806451613,0.290067014993185,-1.33551694841667,0.96958966944915,0.976771142082742,0.904417724150687,"Manes.16G066300",1,"protein serine/threonine phosphatase activity; GTP binding; protein dephosphorylation;translation initiation factor activity; GTP binding; intracellular anatomical structure; translational initiation;GTPase activity; GTP binding;gamma-tubulin complex; GTPase activity; structural constituent of cytoskeleton; GTP binding; microtubule; microtubule-based process; microtubule nucleation; cytoplasmic microtubule organization;translation elongation factor activity; GTPase activity; GTP binding; intracellular anatomical structure; translational elongation;GTPase activity; GTP binding; intracellular anatomical structure; intracellular protein transport; nucleocytoplasmic transport; signal transduction; small GTPase-mediated signal transduction; protein transport; membrane;GTP binding; intracellular anatomical structure; intracellular protein transport; signal transduction; small GTPase-mediated signal transduction; protein transport; membrane;GTP binding;GTP binding; intracellular anatomical structure; intracellular protein transport; small GTPase-mediated signal transduction; protein transport;GTP binding; nucleolus;GTP binding; small GTPase-mediated signal transduction;magnesium ion binding; GTPase activity; GTP binding;GTPase activity; calcium ion binding; GTP binding; intracellular anatomical structure; mitochondrion; mitochondrion organization; small GTPase-mediated signal transduction; protein transport;GTP binding; hydrolase activity, acting on acid anhydrides;GTP binding; intracellular anatomical structure; intracellular protein transport; small GTPase-mediated signal transduction;GTP binding; intracellular protein transport; chloroplast outer membrane; protein-transporting ATPase activity;GTP binding; SRP-dependent cotranslational protein targeting to membrane;RNA binding; GTP binding; intracellular anatomical structure;GTP binding; intracellular anatomical structure; signal transduction; small GTPase-mediated signal transduction; protein transport; membrane;GTPase activity; GTP binding; zinc ion binding;GTPase activity; GTP binding; G protein-coupled receptor signaling pathway; guanyl nucleotide binding; G-protein beta/gamma-subunit complex binding;translation initiation factor activity; GTPase activity; GTP binding; intracellular anatomical structure; translational initiation;GTPase activity; structural constituent of cytoskeleton; GTP binding; microtubule; microtubule-based process;calcium ion binding; protein binding; GTP binding;translation elongation factor activity; GTPase activity; GTP binding; cytoplasm; translational elongation;GTPase activity; GTP binding; SRP-dependent cotranslational protein targeting to membrane; 7S RNA binding; signal recognition particle;thiamine-phosphate diphosphorylase activity; GTP binding; thiamine biosynthetic process;GTPase activity; signal recognition particle binding; GTP binding; signal recognition particle receptor complex; SRP-dependent cotranslational protein targeting to membrane; intracellular protein transport;GTP binding; intracellular protein transport; endoplasmic reticulum to Golgi vesicle-mediated transport; COPII vesicle coat;GTPase activity; calcium ion binding; GTP binding; intracellular anatomical structure; mitochondrion; mitochondrion organization; signal transduction; small GTPase-mediated signal transduction; protein transport; membrane;adenylosuccinate synthase activity; GTP binding; purine nucleotide biosynthetic process;GTP binding; intracellular anatomical structure; small GTPase-mediated signal transduction;GTP binding; intracellular anatomical structure; small GTPase-mediated signal transduction; protein transport;division septum assembly; GTP binding;GTP binding; small GTPase-mediated signal transduction; protein transport;nucleotide binding; magnesium ion binding; GTPase activity; GTP binding;structural constituent of cytoskeleton; GTP binding; microtubule; microtubule-based process;GTPase activity; GTP binding; intracellular anatomical structure; tRNA modification"
"108","GO:0016787","GO:0016787","1/284","267/20430",0.00374531835205993,0.269425542016142,-1.42669404854021,0.976771142082742,0.976771142082742,0.904417724150687,"Manes.18G041700",1,"hydrolase activity;metabolic process; hydrolase activity;protein binding; hydrolase activity;DNA binding; ATP binding; hydrolase activity;phosphoprotein phosphatase activity; brassinosteroid mediated signaling pathway; hydrolase activity;CTP synthase activity; pyrimidine nucleotide biosynthetic process; glutamine metabolic process; hydrolase activity;DNA binding; protein binding; ATP binding; nucleus; regulation of DNA-templated transcription; hydrolase activity;GMP synthase (glutamine-hydrolyzing) activity; ATP binding; purine nucleotide biosynthetic process; GMP biosynthetic process; glutamine metabolic process; pyrophosphatase activity; hydrolase activity;DNA binding; ATP binding; nucleotide-excision repair; hydrolase activity;dihydroorotase activity; hydrolase activity; pyrimidine nucleobase biosynthetic process;cytoplasm; hydrolase activity;mRNA processing; hydrolase activity; hydrolase activity, acting on ester bonds;DNA binding; protein binding; ATP binding; zinc ion binding; hydrolase activity;ATP binding; cytoplasm; hydrolase activity; protein catabolic process;catalytic activity; metalloendopeptidase activity; rRNA processing; metabolic process; hydrolase activity;DNA binding; protein binding; ATP binding; hydrolase activity;aminoacylase activity; cytoplasm; amino acid metabolic process; metabolic process; hydrolase activity;catalytic activity; glutamine metabolic process; omega peptidase activity; hydrolase activity;magnesium ion binding; cytoplasm; metabolic process; hydrolase activity; L-methionine salvage from methylthioadenosine; acireductone synthase activity; metal ion binding;DNA binding; ATP binding; hydrolase activity; nucleic acid binding;metabolic process; hydrolase activity; hydrolase activity, acting on carbon-nitrogen (but not peptide) bonds, in linear amidines;DNA binding; ATP binding; hydrolase activity; histone binding;nucleic acid binding; DNA binding; ATP binding; nucleus; chromatin remodeling; hydrolase activity; hydrolase activity, acting on acid anhydrides, in phosphorus-containing anhydrides; nucleosome binding;ATP binding; DNA repair; DNA recombination; four-way junction helicase activity; hydrolase activity;phosphoprotein phosphatase activity; protein binding; brassinosteroid mediated signaling pathway; hydrolase activity;nucleic acid binding; DNA binding; ATP binding; zinc ion binding; hydrolase activity;DNA binding; RNA binding; ribonuclease III activity; protein binding; ATP binding; RNA processing; hydrolase activity; RNA endonuclease activity, producing 5'-phosphomonoesters;nucleic acid binding; DNA binding; ATP binding; nucleus; nucleobase-containing compound metabolic process; nucleotide-excision repair; hydrolase activity; hydrolase activity, acting on acid anhydrides, in phosphorus-containing anhydrides;cytoplasm; DNA repair; DNA recombination; four-way junction helicase activity; hydrolase activity; protein catabolic process;dUTP diphosphatase activity; hydrolase activity; dUTP metabolic process;transporter activity; transport; membrane; hydrolase activity;hydrolase activity; metal ion binding;nucleic acid binding; DNA binding; endonuclease activity; ATP binding; hydrolase activity;RNA binding; hydrolase activity; manganese ion binding;glutamine synthetase activity; hydrolase activity;protein deubiquitination; hydrolase activity;ATP binding; cytoplasm; hydrolase activity; ATP hydrolysis activity; protein catabolic process;DNA binding; ATP binding; hydrolase activity; hydrolase activity, acting on acid anhydrides;protein binding; metabolic process; hydrolase activity;nucleic acid binding; DNA binding; RNA binding; helicase activity; ATP binding; nucleus; zinc ion binding; hydrolase activity;ATP binding; hydrolase activity;catalytic activity; hydrolase activity;DNA binding; RNA binding; ribonuclease III activity; protein binding; ATP binding; RNA processing; hydrolase activity;isopentenyl-diphosphate delta-isomerase activity; isoprenoid biosynthetic process; hydrolase activity;urease activity; nickel cation binding; hydrolase activity; urea catabolic process;carbamoyl-phosphate synthase (glutamine-hydrolyzing) activity; 'de novo' pyrimidine nucleobase biosynthetic process; glutamine metabolic process; hydrolase activity;mRNA binding; mRNA cleavage factor complex; hydrolase activity;acid phosphatase activity; hydrolase activity;DNA binding; ATP binding; nucleus; regulation of DNA-templated transcription; hydrolase activity; histone binding;nucleic acid binding; DNA binding; protein binding; ATP binding; zinc ion binding; hydrolase activity; hydrolase activity, acting on acid anhydrides, in phosphorus-containing anhydrides; metal ion binding;endonuclease activity; exonuclease activity; nucleus; DNA metabolic process; double-strand break repair; hydrolase activity; manganese ion binding;glutamine metabolic process; metabolic process; hydrolase activity;metabolic process; riboflavin kinase activity; riboflavin biosynthetic process; hydrolase activity;allantoin catabolic process; allantoinase activity; zinc ion binding; hydrolase activity; cobalt ion binding;nucleic acid binding; DNA binding; ATP binding; hydrolase activity; post-translational protein targeting to membrane, translocation"
