gene_id,locusName,Description,colors,class,gene_metabolite
Manes.01G000031.v8.1,Manes.01G000031,(1 of 1) PTHR23198//PTHR23198:SF4 - NUCLEOPORIN // NUCLEOPORIN AUTOPEPTIDASE,turquoise,NA,gene
Manes.01G000155.v8.1,Manes.01G000155,(1 of 18) PTHR31989:SF21 - NAC TRANSCRIPTION FACTOR-LIKE 9,purple,NA,gene
Manes.01G001900.v8.1,Manes.01G001900,(1 of 1) PTHR21654//PTHR21654:SF13 - FAMILY NOT NAMED // TRIHELIX TRANSCRIPTION FACTOR GTL1,turquoise,NA,gene
Manes.01G001951.v8.1,Manes.01G001951,,turquoise,NA,gene
Manes.01G001800.v8.1,Manes.01G001800,(1 of 1) 2.4.1.149 - N-acetyllactosaminide beta-1;3-N-acetylglucosaminyltransferase / Poly-N-acetyllactosamine extension enzyme,turquoise,NA,gene
Manes.01G001700.v8.1,Manes.01G001700,(1 of 8) PTHR24012//PTHR24012:SF490 - FAMILY NOT NAMED // UBP1-ASSOCIATED PROTEIN 2C,turquoise,NA,gene
Manes.01G001200.v8.1,Manes.01G001200,(1 of 1) 5.2.1.12 - Zeta-carotene isomerase / 15-cis-zeta-carotene isomerase,turquoise,carot,gene
Manes.01G001100.v8.1,Manes.01G001100,(1 of 1) PTHR13430//PTHR13430:SF3 - UNCHARACTERIZED // AUTOPHAGY-RELATED PROTEIN 13,black,NA,gene
Manes.01G003300.v8.1,Manes.01G003300,(1 of 4) PTHR11062:SF110 - EXOSTOSIN FAMILY PROTEIN,turquoise,NA,gene
Manes.01G003500.v8.1,Manes.01G003500,(1 of 9) PF00397 - WW domain (WW),turquoise,NA,gene
Manes.01G003700.v8.1,Manes.01G003700,(1 of 1) PTHR23056:SF44 - CALCINEURIN B-LIKE PROTEIN 2,turquoise,NA,gene
Manes.01G004880.v8.1,Manes.01G004880,(1 of 1) K15171 - transcription elongation factor SPT4 (SUPT4H1; SPT4),turquoise,NA,gene
Manes.01G005233.v8.1,Manes.01G005233,(1 of 3) PTHR22950//PTHR22950:SF228 - AMINO ACID TRANSPORTER // AMINO ACID PERMEASE 7-RELATED,turquoise,NA,gene
Manes.01G005500.v8.1,Manes.01G005500,(1 of 1) K06699 - proteasome activator subunit 4 (PSME4),black,NA,gene
Manes.01G005584.v8.1,Manes.01G005584,(1 of 7) PTHR13068:SF18 - EMB|CAB62602.1,turquoise,NA,gene
Manes.01G005700.v8.1,Manes.01G005700,(1 of 7) PTHR13068//PTHR13068:SF18 - CGI-12 PROTEIN-RELATED // EMB|CAB62602.1,turquoise,NA,gene
Manes.01G006975.v8.1,Manes.01G006975,,turquoise,NA,gene
Manes.01G008250.v8.1,Manes.01G008250,(1 of 7) PTHR13068:SF18 - EMB|CAB62602.1,turquoise,NA,gene
Manes.01G006000.v8.1,Manes.01G006000,(1 of 7) K14945 - protein quaking (QKI),turquoise,NA,gene
Manes.01G006200.v8.1,Manes.01G006200,(1 of 2) PTHR23324:SF84 - PHOSPHATIDYLINOSITOL/PHOSPHATIDYLCHOLINE TRANSFER PROTEIN SFH13-RELATED,black,NA,gene
Manes.01G007600.v8.1,Manes.01G007600,(1 of 3) K18835 - WRKY transcription factor 2 (WRKY2),turquoise,NA,gene
Manes.01G007900.v8.1,Manes.01G007900,(1 of 14) PTHR13832//PTHR13832:SF286 - PROTEIN PHOSPHATASE 2C // PROTEIN PHOSPHATASE 2C 33-RELATED,turquoise,NA,gene
Manes.01G008000.v8.1,Manes.01G008000,(1 of 2) K13342 - peroxin-5 (PEX5; PXR1),turquoise,NA,gene
Manes.01G008800.v8.1,Manes.01G008800,(1 of 1) K00297 - methylenetetrahydrofolate reductase (NADPH) (metF; MTHFR),turquoise,NA,gene
Manes.01G008900.v8.1,Manes.01G008900,(1 of 1) PTHR22884//PTHR22884:SF362 - SET DOMAIN PROTEINS // SUBFAMILY NOT NAMED,turquoise,NA,gene
Manes.01G009000.v8.1,Manes.01G009000,(1 of 1) K08342 - cysteine protease ATG4 (ATG4),turquoise,NA,gene
Manes.01G009300.v8.1,Manes.01G009300,(1 of 10) PF01535//PF13041//PF13812//PF14432 - PPR repeat (PPR) // PPR repeat family (PPR_2) // Pentatricopeptide repeat domain (PPR_3) // DYW family of nucleic acid deaminases (DYW_deaminase),turquoise,NA,gene
Manes.01G009800.v8.1,Manes.01G009800,(1 of 2) PTHR35485:SF1 - EXPRESSED PROTEIN,purple,NA,gene
Manes.01G009900.v8.1,Manes.01G009900,(1 of 1) PTHR14217//PTHR14217:SF1 - FAMILY NOT NAMED // INOSITOL-TETRAKISPHOSPHATE 1-KINASE,black,NA,gene
Manes.01G013300.v8.1,Manes.01G013300,(1 of 1) 1.1.1.300//1.1.1.330 - NADP-retinol dehydrogenase / Retinol dehydrogenase (NADP(+)) // Very-long-chain 3-oxoacyl-CoA reductase / Very-long-chain beta-ketoacyl-CoA reductase,turquoise,NA,gene
Manes.01G012900.v8.1,Manes.01G012900,(1 of 2) K09313 - homeobox protein cut-like (CUTL),turquoise,NA,gene
Manes.01G012400.v8.1,Manes.01G012400,,turquoise,NA,gene
Manes.01G012100.v8.1,Manes.01G012100,(1 of 1) PTHR12121//PTHR12121:SF29 - CARBON CATABOLITE REPRESSOR PROTEIN 4 // PROTEIN ANGEL,turquoise,NA,gene
Manes.01G013800.v8.1,Manes.01G013800,,turquoise,NA,gene
Manes.01G014500.v8.1,Manes.01G014500,(1 of 2) PTHR31713//PTHR31713:SF15 - FAMILY NOT NAMED // PROTEIN SAR DEFICIENT 1,turquoise,NA,gene
Manes.01G015500.v8.1,Manes.01G015500,(1 of 5) PTHR10165:SF80 - LIPID PHOSPHATE PHOSPHATASE 1-RELATED,turquoise,NA,gene
Manes.01G015600.v8.1,Manes.01G015600,,turquoise,NA,gene
Manes.01G016000.v8.1,Manes.01G016000,(1 of 2) 1.14.11.4 - Procollagen-lysine 5-dioxygenase / Procollagen-lysine;2-oxoglutarate 5-dioxygenase,turquoise,NA,gene
Manes.01G016600.v8.1,Manes.01G016600,(1 of 1) PTHR10314:SF110 - CYSTEINE SYNTHASE,turquoise,NA,gene
Manes.01G017500.v8.1,Manes.01G017500,,black,NA,gene
Manes.01G018300.v8.1,Manes.01G018300,(1 of 2) K17800 - LETM1 and EF-hand domain-containing protein 1; mitochondrial (LETM1; MDM38),turquoise,NA,gene
Manes.01G018600.v8.1,Manes.01G018600,(1 of 4) 1.1.1.54//1.3.1.102//1.3.1.74 - Allyl-alcohol dehydrogenase // 2-alkenal reductase (NADP(+)) / NADPH-dependent alkenal/one oxidoreductase // 2-alkenal reductase (NAD(P)(+)) / NADPH:2-alkenal alpha;beta-hydrogenase,black,NA,gene
Manes.01G021100.v8.1,Manes.01G021100,(1 of 4) PTHR34359//PTHR34359:SF1 - FAMILY NOT NAMED // CLAVATA3/ESR (CLE)-RELATED PROTEIN 11-RELATED,turquoise,NA,gene
Manes.01G021200.v8.1,Manes.01G021200,(1 of 1) K13111 - WD40 repeat-containing protein SMU1 (SMU1),turquoise,NA,gene
Manes.01G021300.v8.1,Manes.01G021300,,turquoise,NA,gene
Manes.01G021500.v8.1,Manes.01G021500,,turquoise,NA,gene
Manes.01G021700.v8.1,Manes.01G021700,(1 of 1) K03111 - single-strand DNA-binding protein (ssb),turquoise,NA,gene
Manes.01G022000.v8.1,Manes.01G022000,(1 of 15) PF04759 - Protein of unknown function; DUF617 (DUF617),turquoise,NA,gene
Manes.01G022300.v8.1,Manes.01G022300,(1 of 8) K01530 - phospholipid-translocating ATPase (E3.6.3.1),turquoise,NA,gene
Manes.01G022400.v8.1,Manes.01G022400,,purple,NA,gene
Manes.01G022500.v8.1,Manes.01G022500,(1 of 5) PTHR31194//PTHR31194:SF14 - SHN  SHINE ; DNA BINDING / TRANSCRIPTION FACTOR // SUBFAMILY NOT NAMED,turquoise,NA,gene
Manes.01G022750.v8.1,Manes.01G022750,(1 of 7) 6.2.1.1 - Acetate--CoA ligase / Acyl-activating enzyme,turquoise,NA,gene
Manes.01G023300.v8.1,Manes.01G023300,(1 of 9) 1.13.11.19 - Cysteamine dioxygenase / Persulfurase,turquoise,NA,gene
Manes.01G023900.v8.1,Manes.01G023900,(1 of 1) 3.5.3.12 - Agmatine deiminase,turquoise,NA,gene
Manes.01G024300.v8.1,Manes.01G024300,(1 of 1) K04773 - protease IV [EC:3.4.21.-] (sppA),turquoise,NA,gene
Manes.01G025000.v8.1,Manes.01G025000,(1 of 1) PTHR36335//PTHR36335:SF1 - FAMILY NOT NAMED // CHAPERONE DNAJ-DOMAIN CONTAINING PROTEIN,turquoise,NA,gene
Manes.01G025200.v8.1,Manes.01G025200,(1 of 12) K15639 - PHYB activation tagged suppressor 1 (CYP734A1; BAS1),turquoise,NA,gene
Manes.01G025400.v8.1,Manes.01G025400,(1 of 2) K14842 - ribosome biogenesis protein NSA2 (NSA2),turquoise,NA,gene
Manes.01G026300.v8.1,Manes.01G026300,(1 of 9) 5.4.99.30 - UDP-arabinopyranose mutase,turquoise,NA,gene
Manes.01G026600.v8.1,Manes.01G026600,(1 of 1) K09564 - peptidyl-prolyl isomerase E (cyclophilin E) (PPIE),turquoise,NA,gene
Manes.01G026800.v8.1,Manes.01G026800,(1 of 5) 3.1.1.31 - 6-phosphogluconolactonase,turquoise,NA,gene
Manes.01G027100.v8.1,Manes.01G027100,(1 of 2) PTHR10693//PTHR10693:SF27 - RAS GTPASE-ACTIVATING PROTEIN-BINDING PROTEIN // NUCLEAR TRANSPORT FACTOR 2 AND RNA RECOGNITION MOTIF DOMAIN-CONTAINING PROTEIN,black,NA,gene
Manes.01G027350.v8.1,Manes.01G027350,,turquoise,NA,gene
Manes.01G027400.v8.1,Manes.01G027400,(1 of 2) PTHR13890//PTHR13890:SF11 - RNA SPLICING PROTEIN MRS2; MITOCHONDRIAL // MAGNESIUM TRANSPORTER MRS2-5,turquoise,NA,gene
Manes.01G027600.v8.1,Manes.01G027600,(1 of 52) PF01535//PF13041//PF13812 - PPR repeat (PPR) // PPR repeat family (PPR_2) // Pentatricopeptide repeat domain (PPR_3),turquoise,NA,gene
Manes.01G027700.v8.1,Manes.01G027700,(1 of 1) PTHR12770//PTHR12770:SF22 - FAMILY NOT NAMED // UPF0420 PROTEIN C16ORF58,turquoise,NA,gene
Manes.01G027900.v8.1,Manes.01G027900,(1 of 2) PF07168 - Ureide permease (Ureide_permease),turquoise,NA,gene
Manes.01G028100.v8.1,Manes.01G028100,(1 of 1) PTHR15351//PTHR15351:SF3 - FAMILY NOT NAMED // PROTEIN ERL-1,black,NA,gene
Manes.01G028200.v8.1,Manes.01G028200,(1 of 1) 3.1.1.3//3.7.1.14 - Triacylglycerol lipase / Triglyceride lipase // 2-hydroxy-6-oxonona-2;4-dienedioate hydrolase,turquoise,NA,gene
Manes.01G028400.v8.1,Manes.01G028400,(1 of 9) PF13041//PF13812 - PPR repeat family (PPR_2) // Pentatricopeptide repeat domain (PPR_3),turquoise,NA,gene
Manes.01G028600.v8.1,Manes.01G028600,(1 of 4) PTHR18860//PTHR18860:SF12 - 14-3-3 PROTEIN // 14-3-3-LIKE PROTEIN GF14 IOTA,turquoise,NA,gene
Manes.01G028700.v8.1,Manes.01G028700,(1 of 2) PTHR10108:SF817 - METHYLTRANSFERASE PMT4-RELATED,black,NA,gene
Manes.01G028800.v8.1,Manes.01G028800,(1 of 1) PTHR13748//PTHR13748:SF31 - COBW-RELATED // COBW DOMAIN-CONTAINING PROTEIN 1,turquoise,NA,gene
Manes.01G029400.v8.1,Manes.01G029400,(1 of 1) PTHR22953:SF46 - INACTIVE PURPLE ACID PHOSPHATASE 2-RELATED,turquoise,NA,gene
Manes.01G029950.v8.1,Manes.01G029950,(1 of 1) 4.6.1.1 - Adenylate cyclase / ATP pyrophosphate-lyase,turquoise,NA,gene
Manes.01G030200.v8.1,Manes.01G030200,(1 of 2) PTHR11106//PTHR11106:SF65 - GANGLIOSIDE INDUCED DIFFERENTIATION ASSOCIATED PROTEIN 2-RELATED // SUBFAMILY NOT NAMED,turquoise,NA,gene
Manes.01G030400.v8.1,Manes.01G030400,(1 of 1) PF02151//PF08755 - UvrB/uvrC motif (UVR) // Hemimethylated DNA-binding protein YccV like (YccV-like),turquoise,NA,gene
Manes.01G030700.v8.1,Manes.01G030700,(1 of 4) PTHR33167:SF3 - F16A14.15-RELATED,turquoise,NA,gene
Manes.01G031001.v8.1,Manes.01G031001,(1 of 2) PTHR20856:SF20 - DNA-DIRECTED RNA POLYMERASE SUBUNIT BETA,turquoise,NA,gene
Manes.01G031200.v8.1,Manes.01G031200,(1 of 2) KOG2861 - Uncharacterized conserved protein,turquoise,NA,gene
Manes.01G033200.v8.1,Manes.01G033200,(1 of 2) PTHR31741:SF3 - O-FUCOSYLTRANSFERASE-LIKE PROTEIN,turquoise,NA,gene
Manes.01G034200.v8.1,Manes.01G034200,(1 of 2) PTHR14304//PTHR14304:SF11 - P30 DBC PROTEIN // PROTEIN LST-3; ISOFORM A,turquoise,NA,gene
Manes.01G034800.v8.1,Manes.01G034800,(1 of 2) PTHR10641//PTHR10641:SF512 - MYB-LIKE DNA-BINDING PROTEIN MYB // MYB-DOMAIN TRANSCRIPTION FACTOR LOF1-RELATED,purple,NA,gene
Manes.01G035000.v8.1,Manes.01G035000,(1 of 6) PTHR31089//PTHR31089:SF4 - FAMILY NOT NAMED // CYCLIC DOF FACTOR 2-RELATED,turquoise,NA,gene
Manes.01G040700.v8.1,Manes.01G040700,(1 of 80) PF01535//PF13041//PF14432 - PPR repeat (PPR) // PPR repeat family (PPR_2) // DYW family of nucleic acid deaminases (DYW_deaminase),turquoise,NA,gene
Manes.01G040400.v8.1,Manes.01G040400,(1 of 5) K14293 - importin subunit beta-1 (KPNB1),turquoise,NA,gene
Manes.01G040300.v8.1,Manes.01G040300,,turquoise,NA,gene
Manes.01G039400.v8.1,Manes.01G039400,(1 of 28) PF04398 - Protein of unknown function; DUF538 (DUF538),turquoise,NA,gene
Manes.01G039300.v8.1,Manes.01G039300,(1 of 1) KOG1085 - Predicted methyltransferase (contains a SET domain),turquoise,NA,gene
Manes.01G039200.v8.1,Manes.01G039200,(1 of 1) K09122 - hypothetical protein (K09122),turquoise,NA,gene
Manes.01G036700.v8.1,Manes.01G036700,(1 of 207) PF01535//PF13041 - PPR repeat (PPR) // PPR repeat family (PPR_2),turquoise,NA,gene
Manes.01G037400.v8.1,Manes.01G037400,(1 of 4) PF05631 - Sugar-tranasporters; 12 TM (MFS_5),turquoise,NA,gene
Manes.01G037700.v8.1,Manes.01G037700,(1 of 3) PTHR12820//PTHR12820:SF0 - VACUOLAR SORTING PROTEIN 53 // VACUOLAR PROTEIN SORTING-ASSOCIATED PROTEIN 53 HOMOLOG,turquoise,NA,gene
Manes.01G038000.v8.1,Manes.01G038000,(1 of 3) PTHR23074//PTHR23074:SF20 - AAA ATPASE // GH08677P,purple,NA,gene
Manes.01G038300.v8.1,Manes.01G038300,(1 of 1) PTHR22957:SF312 - RABGAP/TBC DOMAIN-CONTAINING PROTEIN,turquoise,NA,gene
Manes.01G041400.v8.1,Manes.01G041400,(1 of 5) PF05030 - SSXT protein (N-terminal region) (SSXT),turquoise,NA,gene
Manes.01G042100.v8.1,Manes.01G042100,(1 of 2) PF09446 - VMA21-like domain (VMA21),turquoise,NA,gene
Manes.01G042200.v8.1,Manes.01G042200,(1 of 1) PTHR11527:SF167 - 25.3 KDA HEAT SHOCK PROTEIN; CHLOROPLASTIC,black,NA,gene
Manes.01G042600.v8.1,Manes.01G042600,(1 of 5) PF00076//PF07145//PF14259 - RNA recognition motif. (a.k.a. RRM; RBD; or RNP domain) (RRM_1) // Ataxin-2 C-terminal region (PAM2) // RNA recognition motif (a.k.a. RRM; RBD; or RNP domain) (RRM_6),black,NA,gene
Manes.01G042800.v8.1,Manes.01G042800,(1 of 4) K12890 - splicing factor; arginine/serine-rich 1/9 (SFRS1_9),turquoise,NA,gene
Manes.01G043100.v8.1,Manes.01G043100,,turquoise,NA,gene
Manes.01G043300.v8.1,Manes.01G043300,(1 of 67) PF03168 - Late embryogenesis abundant protein (LEA_2),purple,NA,gene
Manes.01G044200.v8.1,Manes.01G044200,,purple,NA,gene
Manes.01G044400.v8.1,Manes.01G044400,(1 of 1) PTHR22814:SF51 - HEAVY METAL TRANSPORT/DETOXIFICATION DOMAIN-CONTAINING PROTEIN,turquoise,NA,gene
Manes.01G044801.v8.1,Manes.01G044801,(1 of 3) PTHR12121//PTHR12121:SF44 - CARBON CATABOLITE REPRESSOR PROTEIN 4 // SUBFAMILY NOT NAMED,turquoise,NA,gene
Manes.01G050500.v8.1,Manes.01G050500,(1 of 3) PTHR32468//PTHR32468:SF34 - FAMILY NOT NAMED // CATION/H(+) ANTIPORTER 18,turquoise,NA,gene
Manes.01G050600.v8.1,Manes.01G050600,(1 of 3) PTHR32468:SF34 - CATION/H(+) ANTIPORTER 18,turquoise,NA,gene
Manes.01G050900.v8.1,Manes.01G050900,(1 of 1) PF00036//PF00069//PF13499 - EF hand (EF-hand_1) // Protein kinase domain (Pkinase) // EF-hand domain pair (EF-hand_7),turquoise,NA,gene
Manes.01G051400.v8.1,Manes.01G051400,(1 of 2) PTHR23074:SF90 - P-LOOP CONTAINING NUCLEOSIDE TRIPHOSPHATE HYDROLASES SUPERFAMILY PROTEIN,turquoise,NA,gene
Manes.01G051530.v8.1,Manes.01G051530,(1 of 67) PF03168 - Late embryogenesis abundant protein (LEA_2),purple,NA,gene
Manes.01G046700.v8.1,Manes.01G046700,(1 of 74) PF00069//PF00560//PF08263//PF13855 - Protein kinase domain (Pkinase) // Leucine Rich Repeat (LRR_1) // Leucine rich repeat N-terminal domain (LRRNT_2) // Leucine rich repeat (LRR_8),black,NA,gene
Manes.01G045900.v8.1,Manes.01G045900,(1 of 2) PTHR13140//PTHR13140:SF470 - MYOSIN // SUBFAMILY NOT NAMED,turquoise,NA,gene
Manes.01G045600.v8.1,Manes.01G045600,,turquoise,NA,gene
Manes.01G048000.v8.1,Manes.01G048000,(1 of 1) PTHR23257:SF454 - SERINE/THREONINE-PROTEIN KINASE QKGA-RELATED,turquoise,NA,gene
Manes.01G047900.v8.1,Manes.01G047900,(1 of 1) PTHR22847//PTHR22847:SF443 - WD40 REPEAT PROTEIN // PROTEIN SPA1-RELATED 2,turquoise,NA,gene
Manes.01G049375.v8.1,Manes.01G049375,,turquoise,NA,gene
Manes.01G049465.v8.1,Manes.01G049465,(1 of 1) PTHR10871//PTHR10871:SF8 - 30S RIBOSOMAL PROTEIN S13/40S RIBOSOMAL PROTEIN S18 // SUBFAMILY NOT NAMED,turquoise,NA,gene
Manes.01G046800.v8.1,Manes.01G046800,(1 of 1) PTHR19376//PTHR19376:SF38 - DNA-DIRECTED RNA POLYMERASE // DNA-DIRECTED RNA POLYMERASE SUBUNIT BETA'',turquoise,NA,gene
Manes.01G047200.v8.1,Manes.01G047200,(1 of 102) PF03106 - WRKY DNA -binding domain (WRKY),turquoise,NA,gene
Manes.01G045515.v8.1,Manes.01G045515,,turquoise,NA,gene
Manes.01G045165.v8.1,Manes.01G045165,(1 of 2) PTHR32285//PTHR32285:SF40 - FAMILY NOT NAMED // PROTEIN TRICHOME BIREFRINGENCE-LIKE 23-RELATED,turquoise,NA,gene
Manes.01G049700.v8.1,Manes.01G049700,(1 of 2) PTHR11566//PTHR11566:SF58 - DYNAMIN // DYNAMIN-RELATED PROTEIN 1A,turquoise,NA,gene
Manes.01G052500.v8.1,Manes.01G052500,(1 of 2) PTHR10857//PTHR10857:SF54 - COPINE // DCD (DEVELOPMENT AND CELL DEATH) DOMAIN PROTEIN,purple,NA,gene
Manes.01G052104.v8.1,Manes.01G052104,(1 of 2) PTHR13902//PTHR13902:SF56 - SERINE/THREONINE-PROTEIN KINASE WNK  WITH NO LYSINE -RELATED // SUBFAMILY NOT NAMED,turquoise,NA,gene
Manes.01G049500.v8.1,Manes.01G049500,(1 of 1) PF10382 - Protein of unknown function (DUF2439) (DUF2439),turquoise,NA,gene
Manes.01G053700.v8.1,Manes.01G053700,(1 of 4) PTHR24320//PTHR24320:SF81 - FAMILY NOT NAMED // NAD(P)-BINDING ROSSMANN-FOLD SUPERFAMILY PROTEIN,turquoise,NA,gene
Manes.01G054600.v8.1,Manes.01G054600,(1 of 1) K06111 - exocyst complex component 4 (EXOC4; SEC8L1),turquoise,NA,gene
Manes.01G054900.v8.1,Manes.01G054900,(1 of 3) PTHR19308//PTHR19308:SF12 - PHOSPHATIDYLCHOLINE TRANSFER PROTEIN // SUBFAMILY NOT NAMED,turquoise,NA,gene
Manes.01G055708.v8.1,Manes.01G055708,(1 of 15) PF04811 - Sec23/Sec24 trunk domain (Sec23_trunk),turquoise,NA,gene
Manes.01G056900.v8.1,Manes.01G056900,,turquoise,NA,gene
Manes.01G058700.v8.1,Manes.01G058700,(1 of 2) PTHR11850//PTHR11850:SF120 - HOMEOBOX PROTEIN TRANSCRIPTION FACTORS // HOMEOBOX PROTEIN BEL1 HOMOLOG,turquoise,NA,gene
Manes.01G059900.v8.1,Manes.01G059900,,black,NA,gene
Manes.01G060200.v8.1,Manes.01G060200,(1 of 2) PTHR22937//PTHR22937:SF49 - RING FINGER CONTAINING PROTEIN // SUBFAMILY NOT NAMED,turquoise,NA,gene
Manes.01G060700.v8.1,Manes.01G060700,(1 of 1) PTHR24089:SF164 - MITOCHONDRIAL SUBSTRATE CARRIER FAMILY PROTEIN,black,NA,gene
Manes.01G061900.v8.1,Manes.01G061900,(1 of 2) PTHR15141//PTHR15141:SF38 - TRANSCRIPTION ELONGATION FACTOR B POLYPEPTIDE 3 // BROMO-ADJACENT HOMOLOGY (BAH) DOMAIN-CONTAINING PROTEIN-RELATED,turquoise,NA,gene
Manes.01G062700.v8.1,Manes.01G062700,(1 of 3) 3.6.3.4//3.6.3.54 - Cu(2+)-exporting ATPase // Cu(+) exporting ATPase,turquoise,NA,gene
Manes.01G063600.v8.1,Manes.01G063600,(1 of 1) KOG0978//KOG4809 - E3 ubiquitin ligase involved in syntaxin degradation // Rab6 GTPase-interacting protein involved in endosome-to-TGN transport,turquoise,NA,gene
Manes.01G064900.v8.1,Manes.01G064900,,purple,NA,gene
Manes.01G065400.v8.1,Manes.01G065400,(1 of 6) PF05664 - Plant family of unknown function (DUF810) (DUF810),turquoise,NA,gene
Manes.01G066800.v8.1,Manes.01G066800,(1 of 2) K13519 - lysophospholipid acyltransferase (LPT1; ALE1),turquoise,NA,gene
Manes.01G068100.v8.1,Manes.01G068100,(1 of 1) PTHR24349//PTHR24349:SF134 - SERINE/THREONINE-PROTEIN KINASE // SUBFAMILY NOT NAMED,turquoise,NA,gene
Manes.01G069600.v8.1,Manes.01G069600,(1 of 2) PF04424 - Protein of unknown function (DUF544) (DUF544),turquoise,NA,gene
Manes.01G069800.v8.1,Manes.01G069800,(1 of 3) K03364 - cell division cycle 20-like protein 1; cofactor of APC complex (CDH1),turquoise,NA,gene
Manes.01G070200.v8.1,Manes.01G070200,(1 of 1) K05277 - leucoanthocyanidin dioxygenase (E1.14.11.19),turquoise,NA,gene
Manes.01G070300.v8.1,Manes.01G070300,(1 of 2) PTHR10996:SF131 - GLYOXYLATE/HYDROXYPYRUVATE REDUCTASE HPR3,purple,NA,gene
Manes.01G071100.v8.1,Manes.01G071100,(1 of 15) PF09335 - SNARE associated Golgi protein (SNARE_assoc),turquoise,NA,gene
Manes.01G071200.v8.1,Manes.01G071200,(1 of 1) PTHR10361:SF30 - SODIUM/METABOLITE COTRANSPORTER BASS5; CHLOROPLASTIC-RELATED,turquoise,NA,gene
Manes.01G071500.v8.1,Manes.01G071500,(1 of 2) PTHR24115//PTHR24115:SF437 - FAMILY NOT NAMED // ARMADILLO REPEAT-CONTAINING KINESIN-LIKE PROTEIN 3,turquoise,NA,gene
Manes.01G072000.v8.1,Manes.01G072000,(1 of 3) PTHR12290:SF18 - PROTEIN CORNICHON HOMOLOG 3-RELATED,turquoise,NA,gene
Manes.01G072200.v8.1,Manes.01G072200,,black,NA,gene
Manes.01G073100.v8.1,Manes.01G073100,(1 of 4) PTHR22883:SF66 - PROTEIN S-ACYLTRANSFERASE 13-RELATED,turquoise,NA,gene
Manes.01G073112.v8.1,Manes.01G073112,,turquoise,NA,gene
Manes.01G073125.v8.1,Manes.01G073125,(1 of 7) K03347 - cullin 1 (CUL1; CDC53),turquoise,NA,gene
Manes.01G073300.v8.1,Manes.01G073300,(1 of 1) PTHR13273:SF14 - ANAMORSIN,turquoise,NA,gene
Manes.01G073400.v8.1,Manes.01G073400,(1 of 1) PTHR13105//PTHR13105:SF7 - MYELOID LEUKEMIA FACTOR // MYELOID LEUKEMIA FACTOR,turquoise,NA,gene
Manes.01G073700.v8.1,Manes.01G073700,(1 of 1) K06980 - uncharacterized protein (K06980),turquoise,NA,gene
Manes.01G074100.v8.1,Manes.01G074100,(1 of 1) PTHR10638:SF39 - AMINE OXIDASE-RELATED,turquoise,NA,gene
Manes.01G074500.v8.1,Manes.01G074500,(1 of 3) K09560 - suppressor of tumorigenicity protein 13 (ST13),turquoise,NA,gene
Manes.01G074800.v8.1,Manes.01G074800,(1 of 2) PTHR31080:SF2 - F23N19.14-RELATED,turquoise,carb,gene
Manes.01G075700.v8.1,Manes.01G075700,(1 of 2) PTHR12000//PTHR12000:SF16 - HEMOGLOBINASE FAMILY MEMBER // SUBFAMILY NOT NAMED,turquoise,NA,gene
Manes.01G076201.v8.1,Manes.01G076201,,turquoise,NA,gene
Manes.01G076600.v8.1,Manes.01G076600,(1 of 1) PTHR10683//PTHR10683:SF10 - TRANSALDOLASE // TRANSALDOLASE-LIKE PROTEIN,turquoise,NA,gene
Manes.01G077700.v8.1,Manes.01G077700,(1 of 3) PTHR10972//PTHR10972:SF91 - OXYSTEROL-BINDING PROTEIN-RELATED // SUBFAMILY NOT NAMED,turquoise,NA,gene
Manes.01G079200.v8.1,Manes.01G079200,(1 of 2) PF04073 - Aminoacyl-tRNA editing domain (tRNA_edit),turquoise,NA,gene
Manes.01G080200.v8.1,Manes.01G080200,(1 of 1) 2.1.1.126 - [Myelin basic protein]-arginine N-methyltransferase / Protein-arginine N-methyltransferase,turquoise,NA,gene
Manes.01G080300.v8.1,Manes.01G080300,(1 of 1) PTHR24074//PTHR24074:SF2//PTHR24078//PTHR24078:SF285 - FAMILY NOT NAMED // DNAJ HOMOLOG SUBFAMILY C MEMBER 11 HOMOLOG // DNAJ HOMOLOG SUBFAMILY C MEMBER // CHAPERONE PROTEIN DNAJ 13,turquoise,NA,gene
Manes.01G080400.v8.1,Manes.01G080400,,purple,NA,gene
Manes.01G080700.v8.1,Manes.01G080700,(1 of 1) PTHR23067//PTHR23067:SF44 - DOUBLE-STRANDED RNA-BINDING ZINC FINGER PROTEIN // SUBFAMILY NOT NAMED,turquoise,NA,gene
Manes.01G080900.v8.1,Manes.01G080900,(1 of 2) PTHR13402//PTHR13402:SF12 - RGPR-RELATED // SUBFAMILY NOT NAMED,turquoise,NA,gene
Manes.01G080964.v8.1,Manes.01G080964,(1 of 43) PF10250 - GDP-fucose protein O-fucosyltransferase (O-FucT),turquoise,NA,gene
Manes.01G081600.v8.1,Manes.01G081600,(1 of 2) PTHR19139//PTHR19139:SF134 - AQUAPORIN TRANSPORTER // AQUAPORIN TIP2-3-RELATED,turquoise,NA,gene
Manes.01G081900.v8.1,Manes.01G081900,(1 of 1) 3.5.1.10 - Formyltetrahydrofolate deformylase / Formyltetrahydrofolate hydrolase,turquoise,NA,gene
Manes.01G082700.v8.1,Manes.01G082700,(1 of 1) K01704 - 3-isopropylmalate/(R)-2-methylmalate dehydratase small subunit (leuD),turquoise,NA,gene
Manes.01G084300.v8.1,Manes.01G084300,(1 of 14) PF07797 - Protein of unknown function (DUF1639) (DUF1639),turquoise,NA,gene
Manes.01G084500.v8.1,Manes.01G084500,(1 of 7) PF00046//PF02183//PF04618 - Homeobox domain (Homeobox) // Homeobox associated leucine zipper (HALZ) // HD-ZIP protein N terminus (HD-ZIP_N),black,NA,gene
Manes.01G084600.v8.1,Manes.01G084600,(1 of 3) 3.1.3.16//3.1.3.27//3.1.3.48 - Protein-serine/threonine phosphatase / Serine/threonine specific protein phosphatase // Phosphatidylglycerophosphatase // Protein-tyrosine-phosphatase / PTPase,turquoise,NA,gene
Manes.01G084700.v8.1,Manes.01G084700,(1 of 2) 3.1.2.22 - Palmitoyl-protein hydrolase / Palmitoyl-protein thioesterase,turquoise,NA,gene
Manes.01G084900.v8.1,Manes.01G084900,(1 of 13) KOG0324 - Uncharacterized conserved protein,turquoise,NA,gene
Manes.01G085300.v8.1,Manes.01G085300,,purple,NA,gene
Manes.01G085900.v8.1,Manes.01G085900,(1 of 1) 4.2.1.18 - Methylglutaconyl-CoA hydratase,turquoise,NA,gene
Manes.01G087050.v8.1,Manes.01G087050,(1 of 1) PTHR15680:SF10 - 50S RIBOSOMAL PROTEIN L19-1; CHLOROPLASTIC-RELATED,black,NA,gene
Manes.01G087400.v8.1,Manes.01G087400,(1 of 2) PTHR23291:SF34 - BAX INHIBITOR 1,purple,NA,gene
Manes.01G087500.v8.1,Manes.01G087500,(1 of 1) PF00320//PF13919 - GATA zinc finger (GATA) // Asx homology domain (ASXH),turquoise,NA,gene
Manes.01G087700.v8.1,Manes.01G087700,(1 of 4) PTHR22884:SF370 - HISTONE-LYSINE N-METHYLTRANSFERASE; H3 LYSINE-9 SPECIFIC SUVH5-RELATED,turquoise,NA,gene
Manes.01G087900.v8.1,Manes.01G087900,(1 of 2) PTHR10381:SF25 - ATP-DEPENDENT CLP PROTEASE PROTEOLYTIC SUBUNIT-RELATED PROTEIN 4; CHLOROPLASTIC,turquoise,NA,gene
Manes.01G088700.v8.1,Manes.01G088700,(1 of 1) PTHR10795//PTHR10795:SF384 - PROPROTEIN CONVERTASE SUBTILISIN/KEXIN // SUBFAMILY NOT NAMED,turquoise,NA,gene
Manes.01G089600.v8.1,Manes.01G089600,(1 of 2) PTHR21337//PTHR21337:SF3 - PHOSPHO-2-DEHYDRO-3-DEOXYHEPTONATE ALDOLASE 1; 2 // SUBFAMILY NOT NAMED,turquoise,NA,gene
Manes.01G089800.v8.1,Manes.01G089800,(1 of 82) 5.2.1.8 - Peptidylprolyl isomerase / Rotamase,turquoise,NA,gene
Manes.01G089900.v8.1,Manes.01G089900,(1 of 56) PF14368 - Probable lipid transfer (LTP_2),black,NA,gene
Manes.01G090400.v8.1,Manes.01G090400,(1 of 5) K02915 - large subunit ribosomal protein L34e (RP-L34e; RPL34),turquoise,NA,gene
Manes.01G091400.v8.1,Manes.01G091400,(1 of 3) PTHR22950//PTHR22950:SF280 - AMINO ACID TRANSPORTER // TRANSMEMBRANE AMINO ACID TRANSPORTER FAMILY PROTEIN,turquoise,NA,gene
Manes.01G092000.v8.1,Manes.01G092000,(1 of 2) PTHR10759//PTHR10759:SF8 - 60S RIBOSOMAL PROTEIN L34 // SUBFAMILY NOT NAMED,black,NA,gene
Manes.01G092400.v8.1,Manes.01G092400,(1 of 1) PTHR12561//PTHR12561:SF9 - LIPOATE-PROTEIN LIGASE // BIOTIN/LIPOATE A/B PROTEIN LIGASE FAMILY PROTEIN,turquoise,NA,gene
Manes.01G092900.v8.1,Manes.01G092900,(1 of 207) PF01535//PF13041 - PPR repeat (PPR) // PPR repeat family (PPR_2),turquoise,NA,gene
Manes.01G093400.v8.1,Manes.01G093400,(1 of 2) K01739 - cystathionine gamma-synthase (metB),black,NA,gene
Manes.01G093700.v8.1,Manes.01G093700,(1 of 31) PF07714//PF11721 - Protein tyrosine kinase (Pkinase_Tyr) // Di-glucose binding within endoplasmic reticulum (Malectin),purple,NA,gene
Manes.01G094700.v8.1,Manes.01G094700,(1 of 2) K15030 - translation initiation factor 3 subunit M (EIF3M),turquoise,NA,gene
Manes.01G096300.v8.1,Manes.01G096300,(1 of 3) PTHR27000//PTHR27000:SF205 - FAMILY NOT NAMED // LRR RECEPTOR-LIKE SERINE/THREONINE-PROTEIN KINASE RPK2,turquoise,NA,gene
Manes.01G095900.v8.1,Manes.01G095900,(1 of 2) PTHR11802:SF43 - SERINE CARBOXYPEPTIDASE-LIKE 25,black,NA,gene
Manes.01G095500.v8.1,Manes.01G095500,(1 of 1) 2.7.7.48//3.4.21.98//3.6.1.15//3.6.4.13 - RNA-directed RNA polymerase / RNA nucleotidyltransferase (RNA-directed) // Hepacivirin / Hepatitis C virus NS3 serine proteinase // Nucleoside-triphosphate phosphatase / Nucleoside-triphosphatase // RNA helicase,black,NA,gene
Manes.01G128050.v8.1,Manes.01G128050,(1 of 19) 2.4.1.203 - Trans-zeatin O-beta-D-glucosyltransferase / Zeatin O-glucosyltransferase,black,NA,gene
Manes.01G097600.v8.1,Manes.01G097600,(1 of 2) K17732 - mitochondrial-processing peptidase subunit beta [EC:3.4.24.64] (PMPCB; MAS1),turquoise,NA,gene
Manes.01G097700.v8.1,Manes.01G097700,(1 of 3) K02966 - small subunit ribosomal protein S19e (RP-S19e; RPS19),turquoise,NA,gene
Manes.01G098000.v8.1,Manes.01G098000,,turquoise,NA,gene
Manes.01G098100.v8.1,Manes.01G098100,(1 of 1) PTHR23067:SF41 - AT30637P,turquoise,NA,gene
Manes.01G098400.v8.1,Manes.01G098400,(1 of 2) PTHR32116//PTHR32116:SF2 - FAMILY NOT NAMED // GALACTURONOSYLTRANSFERASE 13-RELATED,turquoise,NA,gene
Manes.01G099400.v8.1,Manes.01G099400,(1 of 1) K10597 - ubiquitin conjugation factor E4 B (UBE4B; UFD2),turquoise,NA,gene
Manes.01G099800.v8.1,Manes.01G099800,(1 of 207) PF01535//PF13041 - PPR repeat (PPR) // PPR repeat family (PPR_2),turquoise,NA,gene
Manes.01G100000.v8.1,Manes.01G100000,(1 of 2) PTHR33021//PTHR33021:SF63 - FAMILY NOT NAMED // LAMIN-LIKE PROTEIN,turquoise,NA,gene
Manes.01G101200.v8.1,Manes.01G101200,(1 of 5) K08493 - vesicle transport through interaction with t-SNAREs 1 (VTI1),turquoise,NA,gene
Manes.01G101300.v8.1,Manes.01G101300,(1 of 3) PTHR33971:SF1 - GENOMIC DNA; CHROMOSOME 3; P1 CLONE:MRI12,turquoise,NA,gene
Manes.01G102700.v8.1,Manes.01G102700,(1 of 4) PTHR13593:SF46 - F21F23.12 PROTEIN,turquoise,NA,gene
Manes.01G103200.v8.1,Manes.01G103200,(1 of 4) PTHR11945//PTHR11945:SF155 - MADS BOX PROTEIN // AGAMOUS-LIKE MADS-BOX PROTEIN AGL8-RELATED,turquoise,NA,gene
Manes.01G103500.v8.1,Manes.01G103500,(1 of 2) PTHR22763//PTHR22763:SF34 - RING ZINC FINGER PROTEIN // SUBFAMILY NOT NAMED,turquoise,NA,gene
Manes.01G103800.v8.1,Manes.01G103800,(1 of 3) PTHR31003:SF5 - MYB FAMILY TRANSCRIPTION FACTOR,turquoise,NA,gene
Manes.01G104300.v8.1,Manes.01G104300,(1 of 8) PTHR15245//PTHR15245:SF11 - SYMPLEKIN-RELATED // PHOSPHATIDYLINOSITOL 3-KINASE-RELATED PROTEIN KINASE,turquoise,NA,gene
Manes.01G105100.v8.1,Manes.01G105100,(1 of 2) PTHR35705:SF1 - WPP DOMAIN-INTERACTING TAIL-ANCHORED PROTEIN 1,turquoise,NA,gene
Manes.01G106800.v8.1,Manes.01G106800,(1 of 2) PTHR22957:SF212 - [PROTEIN ADP-RIBOSYLARGININE] HYDROLASE,turquoise,NA,gene
Manes.01G106900.v8.1,Manes.01G106900,(1 of 80) PF01535//PF13041//PF14432 - PPR repeat (PPR) // PPR repeat family (PPR_2) // DYW family of nucleic acid deaminases (DYW_deaminase),turquoise,NA,gene
Manes.01G107000.v8.1,Manes.01G107000,(1 of 15) KOG1003 - Actin filament-coating protein tropomyosin,turquoise,NA,gene
Manes.01G107200.v8.1,Manes.01G107200,,black,NA,gene
Manes.01G107400.v8.1,Manes.01G107400,(1 of 2) PTHR27001:SF132 - PROLINE-RICH RECEPTOR-LIKE PROTEIN KINASE PERK8,turquoise,NA,gene
Manes.01G108100.v8.1,Manes.01G108100,,turquoise,NA,gene
Manes.01G108700.v8.1,Manes.01G108700,(1 of 4) PTHR18860:SF27 - 14-3-3-LIKE PROTEIN GF14 LAMBDA,turquoise,NA,gene
Manes.01G108900.v8.1,Manes.01G108900,(1 of 2) K09498 - T-complex protein 1 subunit zeta (CCT6),turquoise,NA,gene
Manes.01G109200.v8.1,Manes.01G109200,(1 of 1) 1.5.1.30 - Flavin reductase (NADPH) / Riboflavine mononucleotide reductase,turquoise,NA,gene
Manes.01G110300.v8.1,Manes.01G110300,,black,NA,gene
Manes.01G111300.v8.1,Manes.01G111300,,turquoise,NA,gene
Manes.01G111400.v8.1,Manes.01G111400,(1 of 2) PTHR17224//PTHR17224:SF3 - PEPTIDYL-TRNA HYDROLASE // CHLOROPLASTIC GROUP IIB INTRON SPLICING FACILITATOR CRS2-A; CHLOROPLASTIC-RELATED,turquoise,NA,gene
Manes.01G111600.v8.1,Manes.01G111600,,turquoise,NA,gene
Manes.01G112200.v8.1,Manes.01G112200,(1 of 3) PTHR34542:SF1 - 50S RIBOSOMAL PROTEIN RELATED PROTEIN,turquoise,NA,gene
Manes.01G112900.v8.1,Manes.01G112900,(1 of 2) PTHR32059//PTHR32059:SF0 - FAMILY NOT NAMED // LISH DOMAIN AND HEAT REPEAT-CONTAINING PROTEIN KIAA1468,turquoise,NA,gene
Manes.01G113800.v8.1,Manes.01G113800,(1 of 18) PF12874 - Zinc-finger of C2H2 type (zf-met),turquoise,NA,gene
Manes.01G113900.v8.1,Manes.01G113900,(1 of 2) K10753 - histone chaperone ASF1 (ASF1),turquoise,NA,gene
Manes.01G115400.v8.1,Manes.01G115400,(1 of 2) PTHR10641//PTHR10641:SF550 - MYB-LIKE DNA-BINDING PROTEIN MYB // SUBFAMILY NOT NAMED,turquoise,NA,gene
Manes.01G115500.v8.1,Manes.01G115500,(1 of 53) PF14009 - Domain of unknown function (DUF4228) (DUF4228),black,NA,gene
Manes.01G116200.v8.1,Manes.01G116200,(1 of 207) PF01535//PF13041 - PPR repeat (PPR) // PPR repeat family (PPR_2),turquoise,NA,gene
Manes.01G116300.v8.1,Manes.01G116300,(1 of 3) K02966 - small subunit ribosomal protein S19e (RP-S19e; RPS19),turquoise,NA,gene
Manes.01G116900.v8.1,Manes.01G116900,(1 of 2) PTHR23180//PTHR23180:SF285 - CENTAURIN/ARF // SUBFAMILY NOT NAMED,black,NA,gene
Manes.01G117900.v8.1,Manes.01G117900,(1 of 1) PTHR36725//PTHR36725:SF1 - FAMILY NOT NAMED // SENESCENCE-ASSOCIATED PROTEIN-RELATED,turquoise,NA,gene
Manes.01G118100.v8.1,Manes.01G118100,(1 of 2) PTHR10091//PTHR10091:SF8 - ALDOSE-1-EPIMERASE // SUBFAMILY NOT NAMED,turquoise,NA,gene
Manes.01G118300.v8.1,Manes.01G118300,(1 of 1) K10838 - xeroderma pigmentosum group C-complementing protein (XPC),turquoise,NA,gene
Manes.01G118500.v8.1,Manes.01G118500,(1 of 2) PTHR19965:SF33 - THO COMPLEX SUBUNIT 4D,turquoise,NA,gene
Manes.01G118800.v8.1,Manes.01G118800,(1 of 2) PTHR11711//PTHR11711:SF152 - ADP RIBOSYLATION FACTOR-RELATED // ADP-RIBOSYLATION FACTOR-LIKE A1A,turquoise,NA,gene
Manes.01G119600.v8.1,Manes.01G119600,(1 of 1) PTHR19959//PTHR19959:SF159 - KINESIN LIGHT CHAIN // TETRATRICOPEPTIDE REPEAT DOMAIN-CONTAINING PROTEIN,turquoise,NA,gene
Manes.01G119800.v8.1,Manes.01G119800,(1 of 2) K03247 - translation initiation factor 3 subunit H (EIF3H),turquoise,NA,gene
Manes.01G121500.v8.1,Manes.01G121500,,turquoise,NA,gene
Manes.01G122100.v8.1,Manes.01G122100,(1 of 35) PF03101 - FAR1 DNA-binding domain (FAR1),turquoise,NA,gene
Manes.01G122400.v8.1,Manes.01G122400,(1 of 5) 4.1.1.15 - Glutamate decarboxylase / L-glutamate 1-carboxy-lyase,turquoise,NA,gene
Manes.01G123200.v8.1,Manes.01G123200,(1 of 1) K08339 - autophagy-related protein 5 (ATG5),turquoise,NA,gene
Manes.01G123700.v8.1,Manes.01G123700,(1 of 1) K03352 - anaphase-promoting complex subunit 5 (APC5),black,NA,gene
Manes.01G124000.v8.1,Manes.01G124000,(1 of 1) PTHR13271//PTHR13271:SF19 - UNCHARACTERIZED PUTATIVE METHYLTRANSFERASE // PROTEIN SET DOMAIN GROUP 40,turquoise,NA,gene
Manes.01G124200.v8.1,Manes.01G124200,(1 of 3) K02291 - phytoene synthase (crtB),turquoise,carot,gene
Manes.01G124300.v8.1,Manes.01G124300,(1 of 24) 2.4.1.324 - 7-deoxyloganetin glucosyltransferase / UGT85A24,turquoise,NA,gene
Manes.01G124600.v8.1,Manes.01G124600,(1 of 1) PTHR11019//PTHR11019:SF112 - THIJ/PFPI // DJ-1/THIJ/PFPI FAMILY PROTEIN,turquoise,NA,gene
Manes.01G124801.v8.1,Manes.01G124801,(1 of 2) PTHR10887//PTHR10887:SF358 - DNA2/NAM7 HELICASE FAMILY // P-LOOP CONTAINING NUCLEOSIDE TRIPHOSPHATE HYDROLASES SUPERFAMILY PROTEIN,purple,NA,gene
Manes.01G124900.v8.1,Manes.01G124900,(1 of 2) PTHR10887//PTHR10887:SF358 - DNA2/NAM7 HELICASE FAMILY // P-LOOP CONTAINING NUCLEOSIDE TRIPHOSPHATE HYDROLASES SUPERFAMILY PROTEIN,purple,NA,gene
Manes.01G125400.v8.1,Manes.01G125400,(1 of 5) PTHR23257//PTHR23257:SF541 - SERINE-THREONINE PROTEIN KINASE // SUBFAMILY NOT NAMED,turquoise,NA,gene
Manes.01G125500.v8.1,Manes.01G125500,(1 of 6) K17964 - leucine-rich PPR motif-containing protein; mitochondrial (LRPPRC),turquoise,NA,gene
Manes.01G125800.v8.1,Manes.01G125800,(1 of 1) PTHR22911//PTHR22911:SF60 - ACYL-MALONYL CONDENSING ENZYME-RELATED // SUBFAMILY NOT NAMED,turquoise,NA,gene
Manes.01G126500.v8.1,Manes.01G126500,(1 of 1) K10867 - nijmegen breakage syndrome protein 1 (NBN; NBS1),black,NA,gene
Manes.01G127900.v8.1,Manes.01G127900,(1 of 2) PTHR27001:SF221 - PROTEIN KINASE FAMILY PROTEIN,turquoise,NA,gene
Manes.01G128600.v8.1,Manes.01G128600,(1 of 1) PTHR23272//PTHR23272:SF31 - BED FINGER-RELATED // SUBFAMILY NOT NAMED,turquoise,NA,gene
Manes.01G128700.v8.1,Manes.01G128700,(1 of 207) PF01535//PF13041 - PPR repeat (PPR) // PPR repeat family (PPR_2),turquoise,NA,gene
Manes.01G130500.v8.1,Manes.01G130500,(1 of 1) PTHR11941//PTHR11941:SF94 - ENOYL-COA HYDRATASE-RELATED // 3-HYDROXYISOBUTYRYL-COA HYDROLASE-LIKE PROTEIN 5,turquoise,NA,gene
Manes.01G131100.v8.1,Manes.01G131100,(1 of 2) PTHR13683//PTHR13683:SF250 - ASPARTYL PROTEASES // ASPARTYL PROTEASE-LIKE PROTEIN,turquoise,NA,gene
Manes.01G131200.v8.1,Manes.01G131200,(1 of 3) PTHR22838:SF3 - WD-REPEAT PROTEIN-LIKE,turquoise,NA,gene
Manes.01G131400.v8.1,Manes.01G131400,(1 of 2) PTHR10994:SF62 - RETICULON-LIKE PROTEIN B8,turquoise,NA,gene
Manes.01G131500.v8.1,Manes.01G131500,(1 of 2) 1.1.1.65 - Pyridoxine 4-dehydrogenase / Pyridoxine dehydrogenase,turquoise,NA,gene
Manes.01G132000.v8.1,Manes.01G132000,(1 of 2) PTHR31165//PTHR31165:SF10 - FAMILY NOT NAMED // PROTEIN LIGHT-DEPENDENT SHORT HYPOCOTYLS 10-RELATED,turquoise,NA,gene
Manes.01G132300.v8.1,Manes.01G132300,(1 of 1) PTHR18934:SF115 - NUCLEAR DEIH-BOXHELICASE-RELATED,turquoise,NA,gene
Manes.01G133000.v8.1,Manes.01G133000,(1 of 3) 2.7.1.26 - Riboflavin kinase / RFK,turquoise,NA,gene
Manes.01G133100.v8.1,Manes.01G133100,(1 of 3) PTHR18860//PTHR18860:SF31 - 14-3-3 PROTEIN // SUBFAMILY NOT NAMED,turquoise,NA,gene
Manes.01G134400.v8.1,Manes.01G134400,(1 of 2) K11093 - U1 small nuclear ribonucleoprotein 70kDa (SNRP70),turquoise,NA,gene
Manes.01G136100.v8.1,Manes.01G136100,(1 of 1) K12399 - AP-3 complex subunit sigma (AP3S),turquoise,NA,gene
Manes.01G136850.v8.1,Manes.01G136850,(1 of 3) 2.7.7.3 - Pantetheine-phosphate adenylyltransferase / PPAT,purple,NA,gene
Manes.01G137500.v8.1,Manes.01G137500,(1 of 3) PTHR10286//PTHR10286:SF13 - INORGANIC PYROPHOSPHATASE // INORGANIC PYROPHOSPHATASE-LIKE PROTEIN,black,NA,gene
Manes.01G137600.v8.1,Manes.01G137600,(1 of 4) PTHR23172//PTHR23172:SF19 - AUXILIN/CYCLIN G-ASSOCIATED KINASE-RELATED // AUXILLIN; ISOFORM A,turquoise,NA,gene
Manes.01G137800.v8.1,Manes.01G137800,,black,NA,gene
Manes.01G138000.v8.1,Manes.01G138000,(1 of 1) K03242 - translation initiation factor 2 subunit 3 (EIF2S3),turquoise,NA,gene
Manes.01G138400.v8.1,Manes.01G138400,(1 of 1) PTHR31009//PTHR31009:SF9 - S-ADENOSYL-L-METHIONINE:CARBOXYL METHYLTRANSFERASE FAMILY PROTEIN // SUBFAMILY NOT NAMED,turquoise,NA,gene
Manes.01G138700.v8.1,Manes.01G138700,(1 of 2) PTHR22814//PTHR22814:SF132 - COPPER TRANSPORT PROTEIN ATOX1-RELATED // SUBFAMILY NOT NAMED,turquoise,NA,gene
Manes.01G139500.v8.1,Manes.01G139500,(1 of 1) PTHR23070:SF26 - AAA-TYPE ATPASE LIKE PROTEIN,turquoise,NA,gene
Manes.01G139600.v8.1,Manes.01G139600,(1 of 2) PTHR21148:SF25 - PHOSDUCIN-LIKE PROTEIN 1,turquoise,NA,gene
Manes.01G139700.v8.1,Manes.01G139700,(1 of 3) PTHR23324//PTHR23324:SF55 - SEC14 RELATED PROTEIN // PHOSPHATIDYLINOSITOL/PHOSPHATIDYLCHOLINE TRANSFER PROTEIN SFH10-RELATED,turquoise,NA,gene
Manes.01G140200.v8.1,Manes.01G140200,(1 of 1) PTHR21368//PTHR21368:SF21 - 50S RIBOSOMAL PROTEIN L9 // SUBFAMILY NOT NAMED,turquoise,NA,gene
Manes.01G140300.v8.1,Manes.01G140300,(1 of 2) PTHR24089:SF321 - GM03767P,turquoise,NA,gene
Manes.01G140700.v8.1,Manes.01G140700,(1 of 1) 1.1.99.39 - D-2-hydroxyglutarate dehydrogenase,turquoise,NA,gene
Manes.01G140900.v8.1,Manes.01G140900,(1 of 1) PTHR10938//PTHR10938:SF2 - TRANSLATION INITIATION FACTOR IF-3 // SUBFAMILY NOT NAMED,turquoise,NA,gene
Manes.01G141100.v8.1,Manes.01G141100,(1 of 2) K07943 - ADP-ribosylation factor-like protein 2 (ARL2),black,NA,gene
Manes.01G141400.v8.1,Manes.01G141400,(1 of 1) PTHR20921//PTHR20921:SF1 - UNCHARACTERIZED // PROTEIN RTE1-HOMOLOG,turquoise,NA,gene
Manes.01G141600.v8.1,Manes.01G141600,(1 of 1) PTHR10108//PTHR10108:SF797 - METHYLTRANSFERASE // METHYLTRANSFERASE PMT27-RELATED,turquoise,NA,gene
Manes.01G141700.v8.1,Manes.01G141700,(1 of 1) PTHR10168:SF116 - GLUTAREDOXIN-C3,turquoise,NA,gene
Manes.01G142500.v8.1,Manes.01G142500,(1 of 2) KOG3156 - Uncharacterized membrane protein,turquoise,NA,gene
Manes.01G144400.v8.1,Manes.01G144400,(1 of 7) K02155 - V-type H+-transporting ATPase 16kDa proteolipid subunit (ATPeV0C; ATP6L),turquoise,NA,gene
Manes.01G145300.v8.1,Manes.01G145300,(1 of 1) PTHR23111//PTHR23111:SF37 - ZINC FINGER PROTEIN // SUBFAMILY NOT NAMED,turquoise,NA,gene
Manes.01G145900.v8.1,Manes.01G145900,(1 of 1) PTHR23042:SF70 - TRANSCRIPTION FACTOR BHLH121,turquoise,NA,gene
Manes.01G146000.v8.1,Manes.01G146000,(1 of 1) K10772 - AP endonuclease 2 (APEX2),turquoise,NA,gene
Manes.01G146300.v8.1,Manes.01G146300,(1 of 4) PTHR23315:SF123 - ARMADILLO REPEAT ONLY 2 PROTEIN,black,NA,gene
Manes.01G147700.v8.1,Manes.01G147700,(1 of 4) PF06911 - Senescence-associated protein (Senescence),turquoise,NA,gene
Manes.01G147800.v8.1,Manes.01G147800,(1 of 2) K14537 - nuclear GTP-binding protein (NUG2; GNL2),turquoise,NA,gene
Manes.01G148000.v8.1,Manes.01G148000,(1 of 2) PTHR22765//PTHR22765:SF59 - RING FINGER AND PROTEASE ASSOCIATED DOMAIN-CONTAINING // RECEPTOR HOMOLOGY REGION; TRANSMEMBRANE DOMAIN- AND RING DOMAIN-CONTAINING PROTEIN 1,turquoise,NA,gene
Manes.01G148800.v8.1,Manes.01G148800,(1 of 3) K18468 - vacuolar protein sorting-associated protein 35 (VPS35),turquoise,NA,gene
Manes.01G148900.v8.1,Manes.01G148900,(1 of 2) PTHR22814:SF155 - HEAVY METAL-ASSOCIATED ISOPRENYLATED PLANT PROTEIN 26,turquoise,NA,gene
Manes.01G149000.v8.1,Manes.01G149000,(1 of 6) PTHR22835//PTHR22835:SF184 - ZINC FINGER FYVE DOMAIN CONTAINING PROTEIN // GDSL ESTERASE/LIPASE EXL1-RELATED,purple,NA,gene
Manes.01G149200.v8.1,Manes.01G149200,(1 of 2) PTHR31704:SF3 - PROTEIN MID1-COMPLEMENTING ACTIVITY 1-RELATED,turquoise,NA,gene
Manes.01G150600.v8.1,Manes.01G150600,(1 of 1) PF13441 - YMGG-like Gly-zipper (Gly-zipper_YMGG),purple,NA,gene
Manes.01G151000.v8.1,Manes.01G151000,(1 of 1) K03006 - DNA-directed RNA polymerase II subunit RPB1 (RPB1; POLR2A),turquoise,NA,gene
Manes.01G151200.v8.1,Manes.01G151200,(1 of 6) K12897 - transformer-2 protein (TRA2),turquoise,NA,gene
Manes.01G151300.v8.1,Manes.01G151300,(1 of 1) PTHR24198:SF87 - ANKYRIN REPEAT DOMAIN-CONTAINING PROTEIN; CHLOROPLASTIC,turquoise,NA,gene
Manes.01G152000.v8.1,Manes.01G152000,(1 of 1) PTHR34573//PTHR34573:SF1 - FAMILY NOT NAMED // THIOL-DISULFIDE OXIDOREDUCTASE LTO1,turquoise,NA,gene
Manes.01G152100.v8.1,Manes.01G152100,(1 of 2) PTHR11106//PTHR11106:SF58 - GANGLIOSIDE INDUCED DIFFERENTIATION ASSOCIATED PROTEIN 2-RELATED // SUBFAMILY NOT NAMED,black,NA,gene
Manes.01G152300.v8.1,Manes.01G152300,(1 of 1) PTHR13710:SF81 - ATP-DEPENDENT DNA HELICASE Q-LIKE 3,turquoise,NA,gene
Manes.01G153300.v8.1,Manes.01G153300,(1 of 599) PF13041 - PPR repeat family (PPR_2),turquoise,NA,gene
Manes.01G153700.v8.1,Manes.01G153700,(1 of 1) KOG4687 - Uncharacterized coiled-coil protein,turquoise,NA,gene
Manes.01G154100.v8.1,Manes.01G154100,(1 of 1) PTHR13734:SF48 - POLYNUCLEOTIDE ADENYLYLTRANSFERASE FAMILY PROTEIN,turquoise,NA,gene
Manes.01G154200.v8.1,Manes.01G154200,(1 of 2) K04523 - ubiquilin (UBQLN; DSK2),turquoise,NA,gene
Manes.01G154900.v8.1,Manes.01G154900,(1 of 2) 4.3.3.7 - 4-hydroxy-tetrahydrodipicolinate synthase / Dihydrodipicolinate synthetase,turquoise,NA,gene
Manes.01G155000.v8.1,Manes.01G155000,(1 of 1) PTHR27001:SF32 - INTERLEUKIN-1 RECEPTOR-ASSOCIATED KINASE 4 PROTEIN-RELATED,turquoise,NA,gene
Manes.01G155200.v8.1,Manes.01G155200,(1 of 3) K12898 - heterogeneous nuclear ribonucleoprotein F/H (HNRNPF_H),turquoise,NA,gene
Manes.01G155900.v8.1,Manes.01G155900,(1 of 3) PTHR11216//PTHR11216:SF72 - EH DOMAIN // CALCIUM-BINDING EF HAND-CONTAINING PROTEIN,turquoise,NA,gene
Manes.01G156400.v8.1,Manes.01G156400,(1 of 2) K08852 - serine/threonine-protein kinase/endoribonuclease IRE1 (ERN1),turquoise,NA,gene
Manes.01G156500.v8.1,Manes.01G156500,(1 of 1) K12585 - exosome complex exonuclease DIS3/RRP44 (DIS3; RRP44),turquoise,NA,gene
Manes.01G157100.v8.1,Manes.01G157100,(1 of 1) K03264 - translation initiation factor 6 (EIF6),black,NA,gene
Manes.01G157300.v8.1,Manes.01G157300,(1 of 2) K15216 - RNA polymerase I-specific transcription initiation factor RRN3 (RRN3; TIFIA),turquoise,NA,gene
Manes.01G157400.v8.1,Manes.01G157400,(1 of 4) PTHR31500//PTHR31500:SF0 - FAMILY NOT NAMED // AT HOOK MOTIF DNA-BINDING FAMILY PROTEIN,turquoise,NA,gene
Manes.01G157600.v8.1,Manes.01G157600,(1 of 1) PTHR22912//PTHR22912:SF183 - DISULFIDE OXIDOREDUCTASE // SUBFAMILY NOT NAMED,turquoise,NA,gene
Manes.01G158200.v8.1,Manes.01G158200,(1 of 2) K14457 - 2-acylglycerol O-acyltransferase 2 (MOGAT2; MGAT2),turquoise,NA,gene
Manes.01G158400.v8.1,Manes.01G158400,,turquoise,NA,gene
Manes.01G158600.v8.1,Manes.01G158600,,turquoise,NA,gene
Manes.01G158700.v8.1,Manes.01G158700,(1 of 1) PTHR10209//PTHR10209:SF108 - OXIDOREDUCTASE; 2OG-FE II  OXYGENASE FAMILY PROTEIN // 2-OXOGLUTARATE (2OG) AND FE(II)-DEPENDENT OXYGENASE-LIKE PROTEIN,turquoise,NA,gene
Manes.01G158800.v8.1,Manes.01G158800,(1 of 1) PF09379 - FERM N-terminal domain (FERM_N),turquoise,NA,gene
Manes.01G159100.v8.1,Manes.01G159100,(1 of 1) PTHR10625:SF121 - HISTONE DEACETYLASE 8,turquoise,NA,gene
Manes.01G159200.v8.1,Manes.01G159200,(1 of 2) PTHR19241//PTHR19241:SF271 - ATP-BINDING CASSETTE TRANSPORTER // SUBFAMILY NOT NAMED,turquoise,NA,gene
Manes.01G159600.v8.1,Manes.01G159600,(1 of 2) PTHR13466//PTHR13466:SF6 - TEX2 PROTEIN-RELATED // SUBFAMILY NOT NAMED,turquoise,NA,gene
Manes.01G159800.v8.1,Manes.01G159800,(1 of 2) PTHR11452//PTHR11452:SF33 - ALPHA-GALACTOSIDASE/ALPHA-N-ACETYLGALACTOSAMINIDASE // SUBFAMILY NOT NAMED,turquoise,NA,gene
Manes.01G159900.v8.1,Manes.01G159900,(1 of 83) PF00149 - Calcineurin-like phosphoesterase (Metallophos),turquoise,NA,gene
Manes.01G160400.v8.1,Manes.01G160400,(1 of 2) PTHR13544:SF0 - SELENOPROTEIN T,turquoise,NA,gene
Manes.01G161200.v8.1,Manes.01G161200,(1 of 2) PTHR12183:SF16 - PROTEIN ABERRANT POLLEN DEVELOPMENT 1-RELATED,black,NA,gene
Manes.01G161500.v8.1,Manes.01G161500,(1 of 5) KOG2401 - Predicted MutS-related protein involved in mismatch repair,turquoise,NA,gene
Manes.01G162300.v8.1,Manes.01G162300,(1 of 2) 3.2.1.3 - Glucan 1;4-alpha-glucosidase / Lysosomal alpha-glucosidase,black,NA,gene
Manes.01G162800.v8.1,Manes.01G162800,(1 of 1) PTHR11236//PTHR11236:SF14 - AMINOBENZOATE/ANTHRANILATE SYNTHASE // ANTHRANILATE SYNTHASE ALPHA SUBUNIT 1; CHLOROPLASTIC-RELATED,black,NA,gene
Manes.01G163200.v8.1,Manes.01G163200,(1 of 3) PF13432 - Tetratricopeptide repeat (TPR_16),black,NA,gene
Manes.01G163600.v8.1,Manes.01G163600,(1 of 2) 1.14.14.1//1.14.15.3 - Unspecific monooxygenase / Xenobiotic monooxygenase // Alkane 1-monooxygenase / Omega-hydroxylase,turquoise,NA,gene
Manes.01G164100.v8.1,Manes.01G164100,(1 of 1) PTHR10746:SF10 - 50S RIBOSOMAL PROTEIN L4; CHLOROPLASTIC,turquoise,NA,gene
Manes.01G164200.v8.1,Manes.01G164200,(1 of 2) 4.1.99.17 - Phosphomethylpyrimidine synthase,purple,NA,gene
Manes.01G164700.v8.1,Manes.01G164700,(1 of 1) PTHR30620//PTHR30620:SF33 - PERIPLASMIC BETA-GLUCOSIDASE-RELATED // BETA-D-GLUCAN EXOHYDROLASE-LIKE PROTEIN-RELATED,turquoise,NA,gene
Manes.01G165100.v8.1,Manes.01G165100,(1 of 1) PTHR31659//PTHR31659:SF0 - FAMILY NOT NAMED // EMB|CAB61945.1,turquoise,NA,gene
Manes.01G165200.v8.1,Manes.01G165200,(1 of 2) K12872 - pre-mRNA-splicing factor RBM22/SLT11 (RBM22; SLT11),black,NA,gene
Manes.01G165300.v8.1,Manes.01G165300,(1 of 1) K12599 - antiviral helicase SKI2 (SKI2; SKIV2L),turquoise,NA,gene
Manes.01G165500.v8.1,Manes.01G165500,(1 of 2) K04802 - proliferating cell nuclear antigen (PCNA),turquoise,NA,gene
Manes.01G165800.v8.1,Manes.01G165800,(1 of 3) K12349 - neutral ceramidase (ASAH2),turquoise,NA,gene
Manes.01G168000.v8.1,Manes.01G168000,(1 of 12) K06269 - serine/threonine-protein phosphatase PP1 catalytic subunit (PPP1C),turquoise,NA,gene
Manes.01G168600.v8.1,Manes.01G168600,(1 of 4) PTHR13832//PTHR13832:SF219 - PROTEIN PHOSPHATASE 2C // PROTEIN PHOSPHATASE 2C 3-RELATED,turquoise,NA,gene
Manes.01G169200.v8.1,Manes.01G169200,(1 of 2) PTHR14194:SF38 - PROTEIN PLASTID TRANSCRIPTIONALLY ACTIVE 16,black,NA,gene
Manes.01G169300.v8.1,Manes.01G169300,(1 of 1) K13171 - serine/arginine repetitive matrix protein 1 (SRRM1; SRM160),turquoise,NA,gene
Manes.01G169400.v8.1,Manes.01G169400,(1 of 2) K03122 - transcription initiation factor TFIIA large subunit (TFIIA1; GTF2A1; TOA1),turquoise,NA,gene
Manes.01G170100.v8.1,Manes.01G170100,,black,NA,gene
Manes.01G171200.v8.1,Manes.01G171200,(1 of 2) K08956 - AFG3 family protein [EC:3.4.24.-] (AFG3),turquoise,NA,gene
Manes.01G171600.v8.1,Manes.01G171600,(1 of 1) 1.5.1.20//2.1.1.10 - Methylenetetrahydrofolate reductase (NAD(P)H) / N(5;10)-methylenetetrahydrofolate reductase // Homocysteine S-methyltransferase,turquoise,NA,gene
Manes.01G172000.v8.1,Manes.01G172000,(1 of 1) PTHR31636:SF54 - SCARECROW-LIKE PROTEIN 14-RELATED,turquoise,NA,gene
Manes.01G172400.v8.1,Manes.01G172400,(1 of 1) PTHR12906//PTHR12906:SF0 - PROTEIN C20ORF24  RAB5-INTERACTING PROTEIN // PROTEIN F44E7.9,turquoise,NA,gene
Manes.01G172900.v8.1,Manes.01G172900,(1 of 1) PTHR24015:SF730 - PPR REPEAT DOMAIN-CONTAINING PROTEIN,turquoise,NA,gene
Manes.01G173566.v8.1,Manes.01G173566,(1 of 14) PF01429 - Methyl-CpG binding domain (MBD),turquoise,NA,gene
Manes.01G174600.v8.1,Manes.01G174600,(1 of 6) PTHR11702//PTHR11702:SF31 - DEVELOPMENTALLY REGULATED GTP-BINDING PROTEIN-RELATED // MITOCHONDRIAL RIBOSOME-ASSOCIATED GTPASE 2,turquoise,NA,gene
Manes.01G174800.v8.1,Manes.01G174800,(1 of 2) KOG2846 - Predicted membrane protein,turquoise,NA,gene
Manes.01G175000.v8.1,Manes.01G175000,(1 of 2) K12176 - COP9 signalosome complex subunit 2 (COPS2; CSN2; TRIP15),turquoise,NA,gene
Manes.01G176500.v8.1,Manes.01G176500,(1 of 24) PF00627 - UBA/TS-N domain (UBA),turquoise,NA,gene
Manes.01G176600.v8.1,Manes.01G176600,(1 of 1) PTHR10252//PTHR10252:SF36 - HISTONE-LIKE TRANSCRIPTION FACTOR CCAAT-RELATED // HISTONE SUPERFAMILY PROTEIN,black,NA,gene
Manes.01G177800.v8.1,Manes.01G177800,(1 of 3) 4.1.3.4 - Hydroxymethylglutaryl-CoA lyase / HMG-CoA lyase,turquoise,NA,gene
Manes.01G177900.v8.1,Manes.01G177900,,turquoise,NA,gene
Manes.01G178000.v8.1,Manes.01G178000,(1 of 1) K13083 - flavonoid 3';5'-hydroxylase (CYP75A),turquoise,NA,gene
Manes.01G179100.v8.1,Manes.01G179100,(1 of 38) PF01535//PF12854//PF13041 - PPR repeat (PPR) // PPR repeat (PPR_1) // PPR repeat family (PPR_2),turquoise,NA,gene
Manes.01G179300.v8.1,Manes.01G179300,(1 of 207) PF01535//PF13041 - PPR repeat (PPR) // PPR repeat family (PPR_2),turquoise,NA,gene
Manes.01G181400.v8.1,Manes.01G181400,,turquoise,NA,gene
Manes.01G181800.v8.1,Manes.01G181800,(1 of 2) K11367 - chromodomain-helicase-DNA-binding protein 1 [EC:3.6.4.12] (CHD1),turquoise,NA,gene
Manes.01G182101.v8.1,Manes.01G182101,(1 of 1) K13206 - coiled-coil domain-containing protein 55 (CCDC55),turquoise,NA,gene
Manes.01G182601.v8.1,Manes.01G182601,(1 of 15) PF08268 - F-box associated domain (FBA_3),turquoise,NA,gene
Manes.01G182900.v8.1,Manes.01G182900,(1 of 1) K14845 - RAT1-interacting protein (RAI1; DOM3Z),turquoise,NA,gene
Manes.01G183100.v8.1,Manes.01G183100,(1 of 4) PTHR23056//PTHR23056:SF45 - CALCINEURIN B // CALCINEURIN B-LIKE PROTEIN 4,turquoise,NA,gene
Manes.01G183900.v8.1,Manes.01G183900,(1 of 5) 5.3.3.17 - Trans-2;3-dihydro-3-hydroxyanthranilate isomerase,black,NA,gene
Manes.01G184000.v8.1,Manes.01G184000,(1 of 3) K00703 - starch synthase (E2.4.1.21; glgA),turquoise,carb,gene
Manes.01G184200.v8.1,Manes.01G184200,,black,NA,gene
Manes.01G184500.v8.1,Manes.01G184500,(1 of 2) K12627 - U6 snRNA-associated Sm-like protein LSm8 (LSM8),turquoise,NA,gene
Manes.01G184800.v8.1,Manes.01G184800,(1 of 3) PTHR10460:SF10 - PROTEIN ABIL2-RELATED,turquoise,NA,gene
Manes.01G185200.v8.1,Manes.01G185200,(1 of 4) K01510 - apyrase (ENTPD1_3_8),turquoise,NA,gene
Manes.01G185800.v8.1,Manes.01G185800,(1 of 1) PTHR10759//PTHR10759:SF9 - 60S RIBOSOMAL PROTEIN L34 // SUBFAMILY NOT NAMED,turquoise,NA,gene
Manes.01G185700.v8.1,Manes.01G185700,(1 of 1) PTHR31576:SF2 - TATA BOX-BINDING PROTEIN-ASSOCIATED FACTOR RNA POLYMERASE I SUBUNIT B,turquoise,NA,gene
Manes.01G186400.v8.1,Manes.01G186400,(1 of 4) 1.14.13.169 - Transferred entry: 1.14.18.5,turquoise,NA,gene
Manes.01G186500.v8.1,Manes.01G186500,(1 of 1) K02608 - origin recognition complex subunit 6 (ORC6),turquoise,NA,gene
Manes.01G186600.v8.1,Manes.01G186600,(1 of 1) KOG2973 - Uncharacterized conserved protein,turquoise,NA,gene
Manes.01G187100.v8.1,Manes.01G187100,(1 of 2) PTHR12300//PTHR12300:SF51 - HVA22-LIKE PROTEINS // HVA22-LIKE PROTEIN C,black,NA,gene
Manes.01G187200.v8.1,Manes.01G187200,(1 of 1) PTHR22870//PTHR22870:SF187 - REGULATOR OF CHROMOSOME CONDENSATION // SUBFAMILY NOT NAMED,turquoise,NA,gene
Manes.01G187900.v8.1,Manes.01G187900,(1 of 2) PTHR24326//PTHR24326:SF176 - FAMILY NOT NAMED // HOMEOBOX-LEUCINE ZIPPER PROTEIN ATHB-13-RELATED,turquoise,NA,gene
Manes.01G189500.v8.1,Manes.01G189500,(1 of 5) PF07889 - Protein of unknown function (DUF1664) (DUF1664),turquoise,NA,gene
Manes.01G190700.v8.1,Manes.01G190700,(1 of 5) PTHR11654//PTHR11654:SF98 - OLIGOPEPTIDE TRANSPORTER-RELATED // PROTEIN NRT1/ PTR FAMILY 4.5-RELATED,purple,NA,gene
Manes.01G191401.v8.1,Manes.01G191401,(1 of 207) PF01535//PF13041 - PPR repeat (PPR) // PPR repeat family (PPR_2),turquoise,NA,gene
Manes.01G191500.v8.1,Manes.01G191500,(1 of 2) KOG0490 - Transcription factor; contains HOX domain,purple,NA,gene
Manes.01G191600.v8.1,Manes.01G191600,(1 of 4) PTHR22870//PTHR22870:SF190 - REGULATOR OF CHROMOSOME CONDENSATION // SUBFAMILY NOT NAMED,turquoise,NA,gene
Manes.01G191800.v8.1,Manes.01G191800,(1 of 1) PTHR10343//PTHR10343:SF47 - 5'-AMP-ACTIVATED PROTEIN KINASE ; BETA SUBUNIT // 5'-AMP-ACTIVATED PROTEIN KINASE-LIKE PROTEIN,turquoise,NA,gene
Manes.01G192000.v8.1,Manes.01G192000,(1 of 2) PTHR37736:SF1 - GENOMIC DNA; CHROMOSOME 3; P1 CLONE:MSD24,turquoise,NA,gene
Manes.01G192100.v8.1,Manes.01G192100,(1 of 1) PTHR10438//PTHR10438:SF278 - THIOREDOXIN // THIOREDOXIN H7-RELATED,black,NA,gene
Manes.01G192200.v8.1,Manes.01G192200,(1 of 2) PTHR24078:SF317 - DNAJ HEAT SHOCK PROTEIN-RELATED,turquoise,NA,gene
Manes.01G193500.v8.1,Manes.01G193500,(1 of 2) PTHR24092:SF85 - PHOSPHOLIPID-TRANSPORTING ATPASE 3,turquoise,NA,gene
Manes.01G194000.v8.1,Manes.01G194000,(1 of 4) PTHR12374:SF26 - F25A4.19 PROTEIN,turquoise,NA,gene
Manes.01G194400.v8.1,Manes.01G194400,(1 of 3) K11644 - paired amphipathic helix protein Sin3a (SIN3A),turquoise,NA,gene
Manes.01G194600.v8.1,Manes.01G194600,(1 of 1) K12189 - ESCRT-II complex subunit VPS25 (VPS25; EAP20),turquoise,NA,gene
Manes.01G195100.v8.1,Manes.01G195100,(1 of 4) PTHR26402:SF526 - TWO-COMPONENT RESPONSE REGULATOR ARR15-RELATED,turquoise,NA,gene
Manes.01G195400.v8.1,Manes.01G195400,,turquoise,NA,gene
Manes.01G195800.v8.1,Manes.01G195800,(1 of 10) PF00536 - SAM domain (Sterile alpha motif) (SAM_1),turquoise,NA,gene
Manes.01G198700.v8.1,Manes.01G198700,(1 of 2) PTHR13833:SF42 - NHL DOMAIN-CONTAINING PROTEIN,black,NA,gene
Manes.01G198900.v8.1,Manes.01G198900,(1 of 4) PTHR10788//PTHR10788:SF14 - TREHALOSE-6-PHOSPHATE SYNTHASE // ALPHA;ALPHA-TREHALOSE-PHOSPHATE SYNTHASE [UDP-FORMING] 10-RELATED,turquoise,NA,gene
Manes.01G199500.v8.1,Manes.01G199500,(1 of 2) PTHR10797//PTHR10797:SF14 - CCR4-NOT TRANSCRIPTION COMPLEX SUBUNIT // CCR4-ASSOCIATED FACTOR 1 HOMOLOG 10-RELATED,turquoise,NA,gene
Manes.01G200200.v8.1,Manes.01G200200,(1 of 1) K03593 - ATP-binding protein involved in chromosome partitioning (mrp; NUBPL),turquoise,NA,gene
Manes.01G200300.v8.1,Manes.01G200300,(1 of 1) PTHR10584:SF184 - RIBOKINASE,turquoise,carb,gene
Manes.01G200700.v8.1,Manes.01G200700,(1 of 4) K02958 - small subunit ribosomal protein S15e (RP-S15e; RPS15),turquoise,NA,gene
Manes.01G201800.v8.1,Manes.01G201800,(1 of 2) K03943 - NADH dehydrogenase (ubiquinone) flavoprotein 2 (NDUFV2),turquoise,NA,gene
Manes.01G202700.v8.1,Manes.01G202700,(1 of 15) PF04720 - PDDEXK-like family of unknown function (PDDEXK_6),turquoise,NA,gene
Manes.01G204300.v8.1,Manes.01G204300,(1 of 1) K17505 - protein phosphatase 1K [EC:3.1.3.16] (PPM1K; PP2CM),turquoise,NA,gene
Manes.01G204400.v8.1,Manes.01G204400,(1 of 1) PF00515//PF13371 - Tetratricopeptide repeat (TPR_1) // Tetratricopeptide repeat (TPR_9),turquoise,NA,gene
Manes.01G204900.v8.1,Manes.01G204900,(1 of 1) KOG0978//KOG0982//KOG0993 - E3 ubiquitin ligase involved in syntaxin degradation // Centrosomal protein Nuf // Rab5 GTPase effector Rabaptin-5,turquoise,NA,gene
Manes.01G205100.v8.1,Manes.01G205100,(1 of 2) 2.1.1.10//2.1.1.280 - Homocysteine S-methyltransferase // Selenocysteine Se-methyltransferase,turquoise,NA,gene
Manes.01G205600.v8.1,Manes.01G205600,(1 of 56) PF14368 - Probable lipid transfer (LTP_2),turquoise,NA,gene
Manes.01G205800.v8.1,Manes.01G205800,(1 of 2) PTHR24414//PTHR24414:SF29 - FAMILY NOT NAMED // SEGMENTATION PROTEIN CAP'N'COLLAR,turquoise,NA,gene
Manes.01G206200.v8.1,Manes.01G206200,(1 of 3) K14004 - protein transport protein SEC13 (SEC13),turquoise,NA,gene
Manes.01G206700.v8.1,Manes.01G206700,(1 of 3) PTHR24098//PTHR24098:SF9 - FAMILY NOT NAMED // ACYL-COA N-ACYLTRANSFERASE DOMAIN-CONTAINING PROTEIN-RELATED,turquoise,NA,gene
Manes.01G207000.v8.1,Manes.01G207000,(1 of 2) K14963 - COMPASS component SWD3 (WDR5; SWD3; CPS30),black,NA,gene
Manes.01G208001.v8.1,Manes.01G208001,(1 of 4) K07870 - Ras homolog gene family; member T1 (RHOT1; ARHT1),turquoise,NA,gene
Manes.01G208300.v8.1,Manes.01G208300,(1 of 1) PTHR15681//PTHR15681:SF1 - FAMILY NOT NAMED // MAD2L1-BINDING PROTEIN,turquoise,NA,gene
Manes.01G208400.v8.1,Manes.01G208400,(1 of 2) PTHR11514//PTHR11514:SF28 - MYC // TRANSCRIPTION FACTOR TT8,turquoise,NA,gene
Manes.01G208600.v8.1,Manes.01G208600,(1 of 4) PTHR32285//PTHR32285:SF65 - FAMILY NOT NAMED // PROTEIN TRICHOME BIREFRINGENCE-LIKE 10-RELATED,turquoise,NA,gene
Manes.01G208800.v8.1,Manes.01G208800,,turquoise,NA,gene
Manes.01G209500.v8.1,Manes.01G209500,,turquoise,NA,gene
Manes.01G209750.v8.1,Manes.01G209750,(1 of 3) PF00855//PF04818 - PWWP domain (PWWP) // RNA polymerase II-binding domain. (CTD_bind),turquoise,NA,gene
Manes.01G210000.v8.1,Manes.01G210000,(1 of 1) PTHR37219//PTHR37219:SF1 - FAMILY NOT NAMED // PROTEIN PALE CRESS; CHLOROPLASTIC,turquoise,NA,gene
Manes.01G210100.v8.1,Manes.01G210100,(1 of 2) PTHR33739//PTHR33739:SF4 - FAMILY NOT NAMED // MEDIATOR OF RNA POLYMERASE II TRANSCRIPTION SUBUNIT 33B,turquoise,NA,gene
Manes.01G211000.v8.1,Manes.01G211000,(1 of 2) PTHR31447:SF2 - OXIDOREDUCTASE; 2OG-FE(II) OXYGENASE FAMILY PROTEIN,black,NA,gene
Manes.01G211100.v8.1,Manes.01G211100,(1 of 3) PTHR16019//PTHR16019:SF7 - SYNAPSE-ASSOCIATED PROTEIN // BSD DOMAIN-CONTAINING PROTEIN,turquoise,NA,gene
Manes.01G211500.v8.1,Manes.01G211500,(1 of 3) PTHR14859:SF2 - DNASE I-LIKE SUPERFAMILY PROTEIN,black,NA,gene
Manes.01G211800.v8.1,Manes.01G211800,(1 of 2) PTHR27001:SF54 - RECEPTOR-LIKE CYTOPLASMIC KINASE VIA5,turquoise,NA,gene
Manes.01G211900.v8.1,Manes.01G211900,(1 of 3) PTHR13268//PTHR13268:SF2 - BREAST CARCINOMA AMPLIFIED SEQUENCE 3 // AUTOPHAGY-RELATED PROTEIN 18G,turquoise,NA,gene
Manes.01G212100.v8.1,Manes.01G212100,(1 of 25) PF00560//PF08263 - Leucine Rich Repeat (LRR_1) // Leucine rich repeat N-terminal domain (LRRNT_2),turquoise,NA,gene
Manes.01G212200.v8.1,Manes.01G212200,(1 of 9) PF13041//PF13812 - PPR repeat family (PPR_2) // Pentatricopeptide repeat domain (PPR_3),turquoise,NA,gene
Manes.01G213100.v8.1,Manes.01G213100,(1 of 2) K11095 - U1 small nuclear ribonucleoprotein C (SNRPC),turquoise,NA,gene
Manes.01G214100.v8.1,Manes.01G214100,(1 of 2) PTHR16517//PTHR16517:SF34 - TUBBY-RELATED // SUBFAMILY NOT NAMED,turquoise,NA,gene
Manes.01G215700.v8.1,Manes.01G215700,(1 of 4) PTHR11064:SF42 - NUCLEAR TRANSCRIPTION FACTOR Y SUBUNIT B-5,black,NA,gene
Manes.01G216000.v8.1,Manes.01G216000,,turquoise,NA,gene
Manes.01G216600.v8.1,Manes.01G216600,(1 of 3) 1.5.1.5//3.5.4.9 - Methylenetetrahydrofolate dehydrogenase (NADP(+)) // Methenyltetrahydrofolate cyclohydrolase,turquoise,NA,gene
Manes.01G216800.v8.1,Manes.01G216800,(1 of 2) PTHR31901:SF18 - INDOLE-3-ACETIC ACID-AMIDO SYNTHETASE GH3.9-RELATED,turquoise,NA,gene
Manes.01G216900.v8.1,Manes.01G216900,(1 of 1) PTHR17130:SF20 - PROTEIN LOW PSII ACCUMULATION 1; CHLOROPLASTIC,turquoise,NA,gene
Manes.01G217600.v8.1,Manes.01G217600,(1 of 3) K12623 - U6 snRNA-associated Sm-like protein LSm4 (LSM4),turquoise,NA,gene
Manes.01G217800.v8.1,Manes.01G217800,(1 of 2) PTHR22932//PTHR22932:SF5 - TELOMERASE-BINDING PROTEIN P23  HSP90 CO-CHAPERONE // SUBFAMILY NOT NAMED,turquoise,NA,gene
Manes.01G218000.v8.1,Manes.01G218000,(1 of 3) K16275 - E3 ubiquitin-protein ligase BAH [EC:6.3.2.19] (BAH; NLA),black,NA,gene
Manes.01G218550.v8.1,Manes.01G218550,,turquoise,NA,gene
Manes.01G218600.v8.1,Manes.01G218600,,turquoise,NA,gene
Manes.01G219000.v8.1,Manes.01G219000,(1 of 2) PTHR10366//PTHR10366:SF465 - NAD DEPENDENT EPIMERASE/DEHYDRATASE // UDP-GLUCURONIC ACID DECARBOXYLASE 1,black,NA,gene
Manes.01G219700.v8.1,Manes.01G219700,(1 of 2) PTHR11455//PTHR11455:SF2 - CRYPTOCHROME // BLUE-LIGHT PHOTORECEPTOR PHR2,black,NA,gene
Manes.01G220300.v8.1,Manes.01G220300,(1 of 1) K11091 - U1 small nuclear ribonucleoprotein A (SNRPA),turquoise,NA,gene
Manes.01G221300.v8.1,Manes.01G221300,(1 of 5) PTHR10992//PTHR10992:SF811 - ALPHA/BETA HYDROLASE FOLD-CONTAINING PROTEIN // ALPHA/BETA-HYDROLASES SUPERFAMILY PROTEIN,turquoise,NA,gene
Manes.01G222100.v8.1,Manes.01G222100,(1 of 1) PTHR21262:SF13 - RELA-SPOT LIKE PROTEIN RSH1,turquoise,NA,gene
Manes.01G223500.v8.1,Manes.01G223500,(1 of 3) K15115 - solute carrier family 25 (mitochondrial folate transporter); member 32 (SLC25A32; MFT),turquoise,NA,gene
Manes.01G225000.v8.1,Manes.01G225000,(1 of 1) PTHR11751//PTHR11751:SF388 - SUBGROUP I AMINOTRANSFERASE RELATED // SUBFAMILY NOT NAMED,black,NA,gene
Manes.01G225200.v8.1,Manes.01G225200,(1 of 18) PF03101//PF04434//PF10551 - FAR1 DNA-binding domain (FAR1) // SWIM zinc finger (SWIM) // MULE transposase domain (MULE),turquoise,NA,gene
Manes.01G225400.v8.1,Manes.01G225400,(1 of 18) PF12023 - Domain of unknown function (DUF3511) (DUF3511),turquoise,NA,gene
Manes.01G225700.v8.1,Manes.01G225700,(1 of 2) PTHR11550//PTHR11550:SF7 - CTP SYNTHASE // CTP SYNTHASE,turquoise,NA,gene
Manes.01G227300.v8.1,Manes.01G227300,(1 of 207) PF01535//PF13041 - PPR repeat (PPR) // PPR repeat family (PPR_2),turquoise,NA,gene
Manes.01G227500.v8.1,Manes.01G227500,(1 of 2) K11797 - PH-interacting protein (PHIP; WDR11),turquoise,NA,gene
Manes.01G228300.v8.1,Manes.01G228300,(1 of 2) K11430 - histone-lysine N-methyltransferase EZH2 (EZH2),turquoise,NA,gene
Manes.01G228500.v8.1,Manes.01G228500,(1 of 102) PF03106 - WRKY DNA -binding domain (WRKY),turquoise,NA,gene
Manes.01G228600.v8.1,Manes.01G228600,(1 of 2) PTHR10381//PTHR10381:SF12 - ATP-DEPENDENT CLP PROTEASE PROTEOLYTIC SUBUNIT // ATP-DEPENDENT CLP PROTEASE PROTEOLYTIC SUBUNIT 5; CHLOROPLASTIC,turquoise,NA,gene
Manes.01G228900.v8.1,Manes.01G228900,(1 of 2) K12835 - ATP-dependent RNA helicase DDX42 (DDX42; SF3B125),turquoise,NA,gene
Manes.01G230200.v8.1,Manes.01G230200,,turquoise,NA,gene
Manes.01G230500.v8.1,Manes.01G230500,(1 of 1) K12820 - pre-mRNA-splicing factor ATP-dependent RNA helicase DHX15/PRP43 (DHX15; PRP43),turquoise,NA,gene
Manes.01G231500.v8.1,Manes.01G231500,(1 of 2) PTHR11183//PTHR11183:SF54 - GLYCOGENIN // SUBFAMILY NOT NAMED,turquoise,NA,gene
Manes.01G231900.v8.1,Manes.01G231900,(1 of 1) PF06108 - Protein of unknown function (DUF952) (DUF952),turquoise,NA,gene
Manes.01G232050.v8.1,Manes.01G232050,,black,NA,gene
Manes.01G233000.v8.1,Manes.01G233000,(1 of 1) PF00930//PF07676 - Dipeptidyl peptidase IV (DPP IV) N-terminal region (DPPIV_N) // WD40-like Beta Propeller Repeat (PD40),turquoise,NA,gene
Manes.01G233600.v8.1,Manes.01G233600,(1 of 3) PTHR14379:SF7 - EMB|CAB71865.1-RELATED,turquoise,NA,gene
Manes.01G233700.v8.1,Manes.01G233700,(1 of 1) PTHR32166:SF18 - HAT DIMERIZATION DOMAIN-CONTAINING PROTEIN,turquoise,NA,gene
Manes.01G234200.v8.1,Manes.01G234200,(1 of 2) PTHR11003:SF146 - TWO-PORE POTASSIUM CHANNEL 4-RELATED,turquoise,NA,gene
Manes.01G234500.v8.1,Manes.01G234500,(1 of 8) PTHR24221//PTHR24221:SF205 - FAMILY NOT NAMED // ABC TRANSPORTER B FAMILY MEMBER 11-RELATED,turquoise,NA,gene
Manes.01G234600.v8.1,Manes.01G234600,(1 of 1) PTHR13495//PTHR13495:SF0 - NEFA-INTERACTING NUCLEAR PROTEIN NIP30 // PROTEIN FAM192A,turquoise,NA,gene
Manes.01G234700.v8.1,Manes.01G234700,(1 of 2) PTHR11780//PTHR11780:SF8 - NADH-UBIQUINONE OXIDOREDUCTASE FLAVOPROTEIN 1  NDUFV1 // SUBFAMILY NOT NAMED,turquoise,NA,gene
Manes.01G237400.v8.1,Manes.01G237400,(1 of 1) PTHR22684:SF0 - TRANSCRIPTION FACTOR 25,black,NA,gene
Manes.01G237600.v8.1,Manes.01G237600,(1 of 4) KOG4650 - Predicted steroid reductase,turquoise,NA,gene
Manes.01G238050.v8.1,Manes.01G238050,(1 of 18) PTHR31989//PTHR31989:SF21 - FAMILY NOT NAMED // NAC TRANSCRIPTION FACTOR-LIKE 9,turquoise,NA,gene
Manes.01G238201.v8.1,Manes.01G238201,(1 of 18) PTHR31989//PTHR31989:SF21 - FAMILY NOT NAMED // NAC TRANSCRIPTION FACTOR-LIKE 9,turquoise,NA,gene
Manes.01G238800.v8.1,Manes.01G238800,(1 of 101) PF02362 - B3 DNA binding domain (B3),turquoise,NA,gene
Manes.01G239000.v8.1,Manes.01G239000,(1 of 2) K12133 - MYB-related transcription factor LHY (LHY),turquoise,NA,gene
Manes.01G239300.v8.1,Manes.01G239300,(1 of 4) K14689 - solute carrier family 30 (zinc transporter); member 2 (SLC30A2; ZNT2),turquoise,NA,gene
Manes.01G239500.v8.1,Manes.01G239500,(1 of 2) K12130 - pseudo-response regulator 5 (PRR5),turquoise,NA,gene
Manes.01G239601.v8.1,Manes.01G239601,(1 of 207) PF01535//PF13041 - PPR repeat (PPR) // PPR repeat family (PPR_2),turquoise,NA,gene
Manes.01G239700.v8.1,Manes.01G239700,(1 of 1) KOG0114//KOG0131//KOG0144//KOG0146 - Predicted RNA-binding protein (RRM superfamily) // Splicing factor 3b; subunit 4 // RNA-binding protein CUGBP1/BRUNO (RRM superfamily) // RNA-binding protein ETR-3 (RRM superfamily),turquoise,NA,gene
Manes.01G239900.v8.1,Manes.01G239900,(1 of 2) PTHR11516:SF25 - PYRUVATE DEHYDROGENASE E1 COMPONENT SUBUNIT ALPHA-3; CHLOROPLASTIC,turquoise,carb,gene
Manes.01G240000.v8.1,Manes.01G240000,(1 of 1) PTHR12616:SF6 - RING ZINC FINGER-CONTAINING PROTEIN,turquoise,NA,gene
Manes.01G240900.v8.1,Manes.01G240900,(1 of 2) PTHR24012//PTHR24012:SF479 - FAMILY NOT NAMED // RNA RECOGNITION MOTIF-CONTAINING PROTEIN,turquoise,NA,gene
Manes.01G241000.v8.1,Manes.01G241000,(1 of 2) PTHR31561//PTHR31561:SF1 - FAMILY NOT NAMED // 3-KETOACYL-COA SYNTHASE 1-RELATED,turquoise,NA,gene
Manes.01G241400.v8.1,Manes.01G241400,(1 of 2) KOG3227 - Calcium-responsive transcription coactivator,black,NA,gene
Manes.01G241800.v8.1,Manes.01G241800,(1 of 2) PTHR24349//PTHR24349:SF103 - SERINE/THREONINE-PROTEIN KINASE // SUBFAMILY NOT NAMED,turquoise,NA,gene
Manes.01G242400.v8.1,Manes.01G242400,(1 of 3) PTHR24298//PTHR24298:SF46 - FAMILY NOT NAMED // CYTOCHROME P450 78A6-RELATED,turquoise,NA,gene
Manes.01G243200.v8.1,Manes.01G243200,(1 of 2) K12893 - splicing factor; arginine/serine-rich 4/5/6 (SFRS4_5_6),turquoise,NA,gene
Manes.01G243500.v8.1,Manes.01G243500,(1 of 1) K03019 - DNA-directed RNA polymerase III subunit RPC11 (RPC11; POLR3K),turquoise,NA,gene
Manes.01G243600.v8.1,Manes.01G243600,(1 of 1) 2.7.1.52 - Fucokinase / L-fucose kinase,turquoise,NA,gene
Manes.01G246000.v8.1,Manes.01G246000,(1 of 9) K04506 - E3 ubiquitin-protein ligase SIAH1 (SIAH1),turquoise,NA,gene
Manes.01G246100.v8.1,Manes.01G246100,(1 of 9) K04506 - E3 ubiquitin-protein ligase SIAH1 (SIAH1),black,NA,gene
Manes.01G246200.v8.1,Manes.01G246200,(1 of 1) PTHR34962:SF1 - PROTEIN EMBRYO DEFECTIVE 1703,turquoise,NA,gene
Manes.01G246700.v8.1,Manes.01G246700,(1 of 1) K08334 - beclin 1 (BECN1; VPS30; ATG6),turquoise,NA,gene
Manes.01G247000.v8.1,Manes.01G247000,(1 of 9) 3.4.17.23 - Angiotensin-converting enzyme 2 / Angiotensin converting enzyme-2,black,NA,gene
Manes.01G247800.v8.1,Manes.01G247800,(1 of 3) 2.4.1.218 - Hydroquinone glucosyltransferase / Hydroquinone:O-glucosyltransferase,turquoise,NA,gene
Manes.01G248000.v8.1,Manes.01G248000,(1 of 2) PTHR32285:SF9 - PROTEIN TRICHOME BIREFRINGENCE-LIKE 25-RELATED,turquoise,NA,gene
Manes.01G248600.v8.1,Manes.01G248600,(1 of 2) K16240 - protein suppressor of PHYA-105 1 (SPA1),turquoise,NA,gene
Manes.01G249000.v8.1,Manes.01G249000,(1 of 2) K10389 - tubulin gamma (TUBG),turquoise,NA,gene
Manes.01G249200.v8.1,Manes.01G249200,(1 of 2) K15119 - solute carrier family 25; member 39/40 (SLC25A39_40),turquoise,NA,gene
Manes.01G250000.v8.1,Manes.01G250000,(1 of 1) PTHR22835//PTHR22835:SF200 - ZINC FINGER FYVE DOMAIN CONTAINING PROTEIN // SUBFAMILY NOT NAMED,black,NA,gene
Manes.01G250100.v8.1,Manes.01G250100,(1 of 2) PTHR33222:SF4 - PROTEIN CURVATURE THYLAKOID 1A; CHLOROPLASTIC,black,NA,gene
Manes.01G250200.v8.1,Manes.01G250200,(1 of 5) PF00651//PF07707 - BTB/POZ domain (BTB) // BTB And C-terminal Kelch (BACK),turquoise,NA,gene
Manes.01G250600.v8.1,Manes.01G250600,(1 of 2) PTHR10706 - F-BOX FAMILY PROTEIN,turquoise,NA,gene
Manes.01G251000.v8.1,Manes.01G251000,(1 of 2) PTHR12526//PTHR12526:SF412 - GLYCOSYLTRANSFERASE // GLYCOSYL TRANSFERASE FAMILY 1 PROTEIN,turquoise,NA,gene
Manes.01G251600.v8.1,Manes.01G251600,(1 of 1) PF16021 - Programmed cell death protein 7 (PDCD7),turquoise,NA,gene
Manes.01G253100.v8.1,Manes.01G253100,,turquoise,NA,gene
Manes.01G253200.v8.1,Manes.01G253200,(1 of 1) K02931 - large subunit ribosomal protein L5 (RP-L5; MRPL5; rplE),turquoise,NA,gene
Manes.01G253600.v8.1,Manes.01G253600,(1 of 2) PTHR31509:SF3 - BYPASS1-RELATED PROTEIN-RELATED,black,NA,gene
Manes.01G254700.v8.1,Manes.01G254700,(1 of 27) PF08879 - WRC (WRC),turquoise,NA,gene
Manes.01G254800.v8.1,Manes.01G254800,(1 of 1) PF12036 - Protein of unknown function (DUF3522) (DUF3522),turquoise,NA,gene
Manes.01G255300.v8.1,Manes.01G255300,(1 of 2) PTHR10799//PTHR10799:SF577 - SWI/SNF-RELATED MATRIX-ASSOCIATED ACTIN-DEPENDENT REGULATOR OF CHROMATIN SUBFAMILY-RELATED // PROTEIN TAF-3; ISOFORM A,turquoise,NA,gene
Manes.01G255700.v8.1,Manes.01G255700,(1 of 2) PTHR34797//PTHR34797:SF1 - FAMILY NOT NAMED // EXPRESSED PROTEIN,turquoise,NA,gene
Manes.01G255800.v8.1,Manes.01G255800,(1 of 2) PTHR11662:SF255 - ANION TRANSPORTER 2; CHLOROPLASTIC-RELATED,turquoise,NA,gene
Manes.01G255900.v8.1,Manes.01G255900,(1 of 1) PTHR15486:SF27 - GLYCEROL-3-PHOSPHATE 2-O-ACYLTRANSFERASE 4-RELATED,turquoise,NA,gene
Manes.01G256600.v8.1,Manes.01G256600,(1 of 9) PTHR21726:SF30 - PHOSPHATIDYLINOSITOL N-ACETYGLUCOSAMINLYTRANSFERASE SUBUNIT P-LIKE PROTEIN,turquoise,NA,gene
Manes.01G256801.v8.1,Manes.01G256801,(1 of 1) KOG4522 - RNA polymerase II transcription mediator,turquoise,NA,gene
Manes.01G257200.v8.1,Manes.01G257200,(1 of 2) PTHR11514//PTHR11514:SF38 - MYC // TRANSCRIPTION FACTOR MYC1,turquoise,NA,gene
Manes.01G257400.v8.1,Manes.01G257400,(1 of 1) PTHR21493//PTHR21493:SF139 - CGI-141-RELATED/LIPASE CONTAINING PROTEIN // ALPHA/BETA-HYDROLASES SUPERFAMILY PROTEIN,turquoise,NA,gene
Manes.01G259100.v8.1,Manes.01G259100,(1 of 3) PTHR10024//PTHR10024:SF225 - SYNAPTOTAGMIN // C2 CALCIUM/LIPID-BINDING PLANT PHOSPHORIBOSYLTRANSFERASE FAMILY PROTEIN,black,NA,gene
Manes.01G259300.v8.1,Manes.01G259300,(1 of 2) PTHR12203//PTHR12203:SF27 - KDEL  LYS-ASP-GLU-LEU  CONTAINING - RELATED // SUBFAMILY NOT NAMED,turquoise,NA,gene
Manes.01G259600.v8.1,Manes.01G259600,(1 of 2) K12614 - ATP-dependent RNA helicase DDX6/DHH1 (DDX6; RCK; DHH1),turquoise,NA,gene
Manes.01G259900.v8.1,Manes.01G259900,(1 of 2) K17497 - phosphomannomutase (PMM),turquoise,NA,gene
Manes.01G260600.v8.1,Manes.01G260600,(1 of 2) PTHR11564:SF15 - CELL DIVISION PROTEIN FTSY HOMOLOG; CHLOROPLASTIC,turquoise,NA,gene
Manes.01G261100.v8.1,Manes.01G261100,(1 of 1) PTHR10925//PTHR10925:SF5 - N-ACETYLTRANSFERASE 10 // N-ACETYLTRANSFERASE 10,turquoise,NA,gene
Manes.01G261400.v8.1,Manes.01G261400,(1 of 1) PTHR10108//PTHR10108:SF763 - METHYLTRANSFERASE // METHYLTRANSFERASE PMT13-RELATED,turquoise,NA,gene
Manes.01G261800.v8.1,Manes.01G261800,(1 of 3) PTHR22844//PTHR22844:SF176 - F-BOX AND WD40 DOMAIN PROTEIN // SUBFAMILY NOT NAMED,turquoise,NA,gene
Manes.01G262300.v8.1,Manes.01G262300,(1 of 43) 2.4.1.207 - Xyloglucan:xyloglucosyl transferase / Xyloglucan endotransglycosylase,turquoise,NA,gene
Manes.01G262700.v8.1,Manes.01G262700,(1 of 1) PTHR11081:SF23 - FLAP ENDONUCLEASE GEN HOMOLOG 1,turquoise,NA,gene
Manes.01G262900.v8.1,Manes.01G262900,(1 of 2) 2.1.1.127//2.1.1.259 - [Ribulose-bisphosphate carboxylase]-lysine N-methyltransferase / RuBisCO methyltransferase // [Fructose-bisphosphate aldolase]-lysine N-methyltransferase / (dimerizing)]-lysine 6-N-methyltransferase,turquoise,NA,gene
Manes.01G263000.v8.1,Manes.01G263000,(1 of 2) PTHR10803//PTHR10803:SF3 - ARSENICAL PUMP-DRIVING ATPASE  ARSENITE-TRANSLOCATING ATPASE // ATPASE ASNA1,turquoise,NA,gene
Manes.01G263100.v8.1,Manes.01G263100,(1 of 1) K12161 - ubiquitin related modifier 1 (URM1),turquoise,NA,gene
Manes.01G263300.v8.1,Manes.01G263300,(1 of 2) PTHR31072//PTHR31072:SF10 - FAMILY NOT NAMED // TRANSCRIPTION FACTOR TCP9,turquoise,NA,gene
Manes.01G264000.v8.1,Manes.01G264000,(1 of 2) PTHR32116//PTHR32116:SF4 - FAMILY NOT NAMED // POLYGALACTURONATE 4-ALPHA-GALACTURONOSYLTRANSFERASE-RELATED,turquoise,NA,gene
Manes.01G264800.v8.1,Manes.01G264800,(1 of 1) KOG2505 - Ankyrin repeat protein,turquoise,NA,gene
Manes.01G265500.v8.1,Manes.01G265500,(1 of 2) PTHR31500:SF15 - AT HOOK MOTIF DNA-BINDING FAMILY PROTEIN,turquoise,NA,gene
Manes.01G265800.v8.1,Manes.01G265800,(1 of 2) K02732 - 20S proteasome subunit beta 6 (PSMB1),turquoise,NA,gene
Manes.01G266800.v8.1,Manes.01G266800,(1 of 2) 2.5.1.19 - 3-phosphoshikimate 1-carboxyvinyltransferase / EPSP synthase,turquoise,NA,gene
Manes.01G267300.v8.1,Manes.01G267300,(1 of 2) 3.5.3.1 - Arginase / Canavanase,turquoise,NA,gene
Manes.01G267400.v8.1,Manes.01G267400,(1 of 1) PTHR23026//PTHR23026:SF102 - NADPH NITROREDUCTASE // NITROREDUCTASE FAMILY PROTEIN,turquoise,NA,gene
Manes.01G267700.v8.1,Manes.01G267700,(1 of 1) PTHR10804//PTHR10804:SF13 - PROTEASE FAMILY M24  METHIONYL AMINOPEPTIDASE; AMINOPEPTIDASE P // METHIONINE AMINOPEPTIDASE 1,turquoise,NA,gene
Manes.01G268200.v8.1,Manes.01G268200,(1 of 11) PF04859 - Plant protein of unknown function (DUF641) (DUF641),turquoise,NA,gene
Manes.01G268500.v8.1,Manes.01G268500,(1 of 2) PTHR10809//PTHR10809:SF43 - VESICLE-ASSOCIATED MEMBRANE PROTEIN-ASSOCIATED PROTEIN // VESICLE-ASSOCIATED PROTEIN 1-3,turquoise,NA,gene
Manes.01G271200.v8.1,Manes.01G271200,(1 of 3) K10696 - E3 ubiquitin-protein ligase BRE1 [EC:6.3.2.19] (BRE1),turquoise,NA,gene
Manes.01G271900.v8.1,Manes.01G271900,(1 of 1) PTHR10288//PTHR10288:SF159 - KH DOMAIN CONTAINING RNA BINDING PROTEIN // SUBFAMILY NOT NAMED,turquoise,NA,gene
Manes.01G272000.v8.1,Manes.01G272000,(1 of 1) K14782 - protein AATF/BFR2 (AATF; BFR2),turquoise,NA,gene
Manes.01G272700.v8.1,Manes.01G272700,(1 of 1) PTHR31296:SF1 - UPF0565 PROTEIN C2ORF69,black,NA,gene
Manes.01G273000.v8.1,Manes.01G273000,(1 of 2) PTHR23253//PTHR23253:SF26 - EUKARYOTIC TRANSLATION INITIATION FACTOR 4 GAMMA // EUKARYOTIC TRANSLATION INITIATION FACTOR 4G,turquoise,NA,gene
Manes.02G000300.v8.1,Manes.02G000300,(1 of 2) K17781 - mitochondrial import inner membrane translocase subunit TIM13 (TIM13),turquoise,NA,gene
Manes.02G000500.v8.1,Manes.02G000500,(1 of 2) PTHR11746//PTHR11746:SF81 - O-METHYLTRANSFERASE // SUBFAMILY NOT NAMED,turquoise,NA,gene
Manes.02G001600.v8.1,Manes.02G001600,(1 of 2) PTHR31989:SF39 - NAC DOMAIN-CONTAINING PROTEIN 12,turquoise,NA,gene
Manes.02G003100.v8.1,Manes.02G003100,(1 of 17) 2.4.1.255 - Protein O-GlcNAc transferase / OGTase,turquoise,NA,gene
Manes.02G003500.v8.1,Manes.02G003500,,black,NA,gene
Manes.02G003700.v8.1,Manes.02G003700,(1 of 2) PTHR11215//PTHR11215:SF3 - METAL DEPENDENT HYDROLASE - RELATED // SUBFAMILY NOT NAMED,turquoise,NA,gene
Manes.02G003800.v8.1,Manes.02G003800,(1 of 4) PF05631 - Sugar-tranasporters; 12 TM (MFS_5),turquoise,NA,gene
Manes.02G004000.v8.1,Manes.02G004000,(1 of 1) K05925 - mRNA (2'-O-methyladenosine-N6-)-methyltransferase [EC:2.1.1.62] (METTL3_14),turquoise,NA,gene
Manes.02G004200.v8.1,Manes.02G004200,(1 of 12) KOG3399 - Predicted Yippee-type zinc-binding protein,turquoise,NA,gene
Manes.02G004800.v8.1,Manes.02G004800,(1 of 2) PTHR13902//PTHR13902:SF63 - SERINE/THREONINE-PROTEIN KINASE WNK  WITH NO LYSINE -RELATED // SUBFAMILY NOT NAMED,black,NA,gene
Manes.02G005000.v8.1,Manes.02G005000,(1 of 45) PF02701 - Dof domain; zinc finger (zf-Dof),turquoise,NA,gene
Manes.02G005200.v8.1,Manes.02G005200,(1 of 2) PTHR10641//PTHR10641:SF613 - MYB-LIKE DNA-BINDING PROTEIN MYB // SUBFAMILY NOT NAMED,turquoise,NA,gene
Manes.02G006500.v8.1,Manes.02G006500,(1 of 3) PTHR19959//PTHR19959:SF158 - KINESIN LIGHT CHAIN // SUBFAMILY NOT NAMED,turquoise,NA,gene
Manes.02G007001.v8.1,Manes.02G007001,,black,NA,gene
Manes.02G007300.v8.1,Manes.02G007300,(1 of 5) PTHR13301//PTHR13301:SF51 - X-BOX TRANSCRIPTION FACTOR-RELATED // CELLULOSE SYNTHASE-LIKE PROTEIN G1-RELATED,turquoise,NA,gene
Manes.02G008400.v8.1,Manes.02G008400,(1 of 4) PF13474 - SnoaL-like domain (SnoaL_3),turquoise,NA,gene
Manes.02G008800.v8.1,Manes.02G008800,(1 of 1) PTHR22835:SF281 - SGNH HYDROLASE-TYPE ESTERASE SUPERFAMILY PROTEIN,turquoise,NA,gene
Manes.02G008900.v8.1,Manes.02G008900,(1 of 1) PTHR10666:SF134 - PHOSPHATIDYLINOSITOL 4-KINASE GAMMA 2,black,NA,gene
Manes.02G009300.v8.1,Manes.02G009300,(1 of 2) PTHR10366//PTHR10366:SF308 - NAD DEPENDENT EPIMERASE/DEHYDRATASE // SUBFAMILY NOT NAMED,turquoise,NA,gene
Manes.02G010300.v8.1,Manes.02G010300,(1 of 2) 2.7.8.11//6.2.1.3 - CDP-diacylglycerol--inositol 3-phosphatidyltransferase / Phosphatidylinositol synthase // Long-chain-fatty-acid--CoA ligase / Lignoceroyl-CoA synthase,turquoise,NA,gene
Manes.02G010400.v8.1,Manes.02G010400,,turquoise,NA,gene
Manes.02G010800.v8.1,Manes.02G010800,(1 of 4) PTHR31213//PTHR31213:SF4 - FAMILY NOT NAMED // ABSCISIC ACID RECEPTOR PYL7-RELATED,turquoise,NA,gene
Manes.02G011000.v8.1,Manes.02G011000,,purple,NA,gene
Manes.02G011800.v8.1,Manes.02G011800,(1 of 1) K14299 - nucleoporin SEH1 (SEH1),turquoise,NA,gene
Manes.02G012400.v8.1,Manes.02G012400,(1 of 4) PTHR33978//PTHR33978:SF2 - FAMILY NOT NAMED // EXPRESSED PROTEIN,turquoise,NA,gene
Manes.02G012600.v8.1,Manes.02G012600,(1 of 2) PTHR13140//PTHR13140:SF470 - MYOSIN // SUBFAMILY NOT NAMED,turquoise,NA,gene
Manes.02G014900.v8.1,Manes.02G014900,(1 of 1) PTHR31827//PTHR31827:SF14 - FAMILY NOT NAMED // F22C12.10,turquoise,NA,gene
Manes.02G016200.v8.1,Manes.02G016200,(1 of 2) PTHR11972//PTHR11972:SF69 - NADPH OXIDASE // RESPIRATORY BURST OXIDASE HOMOLOG PROTEIN F-RELATED,turquoise,NA,gene
Manes.02G016400.v8.1,Manes.02G016400,(1 of 1) PTHR36723:SF1 - F22C12.19,turquoise,NA,gene
Manes.02G017401.v8.1,Manes.02G017401,(1 of 2) PTHR10641//PTHR10641:SF667 - MYB-LIKE DNA-BINDING PROTEIN MYB // SUBFAMILY NOT NAMED,turquoise,NA,gene
Manes.02G017600.v8.1,Manes.02G017600,(1 of 6) PTHR22814:SF77 - HEAVY-METAL-ASSOCIATED DOMAIN-CONTAINING PROTEIN,turquoise,NA,gene
Manes.02G017900.v8.1,Manes.02G017900,(1 of 1) K11792 - DET1- and DDB1-associated protein 1 (DDA1),turquoise,NA,gene
Manes.02G018000.v8.1,Manes.02G018000,(1 of 2) PTHR24055//PTHR24055:SF224 - MITOGEN-ACTIVATED PROTEIN KINASE // MITOGEN-ACTIVATED PROTEIN KINASE 5,turquoise,NA,gene
Manes.02G018600.v8.1,Manes.02G018600,(1 of 5) 2.4.1.122 - Glycoprotein-N-acetylgalactosamine 3-beta-galactosyltransferase,turquoise,NA,gene
Manes.02G019000.v8.1,Manes.02G019000,(1 of 1) PTHR34536//PTHR34536:SF2 - FAMILY NOT NAMED // DENTIN SIALOPHOSPHOPROTEIN-RELATED PROTEIN,turquoise,NA,gene
Manes.02G019100.v8.1,Manes.02G019100,(1 of 270) PF13639 - Ring finger domain (zf-RING_2),black,NA,gene
Manes.02G019300.v8.1,Manes.02G019300,(1 of 1) PF10157 - Uncharacterized conserved protein (DUF2365) (DUF2365),turquoise,NA,gene
Manes.02G019700.v8.1,Manes.02G019700,(1 of 9) PTHR21726//PTHR21726:SF30 - PHOSPHATIDYLINOSITOL N-ACETYLGLUCOSAMINYLTRANSFERASE SUBUNIT P  DOWN SYNDROME CRITICAL REGION PROTEIN 5 -RELATED // PHOSPHATIDYLINOSITOL N-ACETYGLUCOSAMINLYTRANSFERASE SUBUNIT P-LIKE PROTEIN,purple,NA,gene
Manes.02G020100.v8.1,Manes.02G020100,(1 of 4) PTHR19139//PTHR19139:SF169 - AQUAPORIN TRANSPORTER // AQUAPORIN PIP1-4-RELATED,turquoise,NA,gene
Manes.02G020300.v8.1,Manes.02G020300,(1 of 4) K19329 - WW domain-containing oxidoreductase (WWOX),turquoise,NA,gene
Manes.02G021100.v8.1,Manes.02G021100,(1 of 46) PF13676 - TIR domain (TIR_2),turquoise,NA,gene
Manes.02G021200.v8.1,Manes.02G021200,(1 of 3) PTHR24067//PTHR24067:SF156 - UBIQUITIN-CONJUGATING ENZYME E2 // SUBFAMILY NOT NAMED,turquoise,NA,gene
Manes.02G021600.v8.1,Manes.02G021600,(1 of 2) K09539 - DnaJ homolog subfamily C member 19 (DNAJC19),turquoise,NA,gene
Manes.02G021700.v8.1,Manes.02G021700,(1 of 1) K10843 - DNA excision repair protein ERCC-3 (ERCC3; XPB),turquoise,NA,gene
Manes.02G022100.v8.1,Manes.02G022100,(1 of 2) PTHR27001:SF147 - PROTEIN KINASE PROTEIN WITH TETRATRICOPEPTIDE REPEAT DOMAIN,turquoise,NA,gene
Manes.02G022400.v8.1,Manes.02G022400,(1 of 1) PTHR33317//PTHR33317:SF1 - FAMILY NOT NAMED // POLYNUCLEOTIDYL TRANSFERASE/ RIBONUCLEASE H-LIKE PROTEIN,turquoise,NA,gene
Manes.02G022520.v8.1,Manes.02G022520,(1 of 1) PTHR11592:SF27 - GLUTATHIONE PEROXIDASE 8-RELATED,turquoise,NA,gene
Manes.02G023100.v8.1,Manes.02G023100,(1 of 4) PTHR11260:SF220 - GST-CONTAINING FLYWCH ZINC-FINGER PROTEIN,turquoise,NA,gene
Manes.02G023500.v8.1,Manes.02G023500,(1 of 9) PF00560//PF07714//PF08263 - Leucine Rich Repeat (LRR_1) // Protein tyrosine kinase (Pkinase_Tyr) // Leucine rich repeat N-terminal domain (LRRNT_2),turquoise,NA,gene
Manes.02G024500.v8.1,Manes.02G024500,(1 of 2) PTHR24031:SF324 - DEAD-BOX ATP-DEPENDENT RNA HELICASE 33-RELATED,turquoise,NA,gene
Manes.02G024800.v8.1,Manes.02G024800,(1 of 1) PTHR12716:SF8 - TRANSCRIPTION INITIATION FACTOR IIE SUBUNIT BETA,turquoise,NA,gene
Manes.02G024900.v8.1,Manes.02G024900,(1 of 2) PTHR34067//PTHR34067:SF1 - FAMILY NOT NAMED // METHYL-CPG-BINDING DOMAIN-CONTAINING PROTEIN 13,turquoise,NA,gene
Manes.02G027415.v8.1,Manes.02G027415,(1 of 36) PF00314 - Thaumatin family (Thaumatin),turquoise,NA,gene
Manes.02G025100.v8.1,Manes.02G025100,(1 of 4) PTHR31048:SF19 - OSMOTIN-LIKE PROTEIN OSM34,turquoise,NA,gene
Manes.02G025600.v8.1,Manes.02G025600,(1 of 1) PTHR14155//PTHR14155:SF186 - RING FINGER DOMAIN-CONTAINING // SUBFAMILY NOT NAMED,turquoise,NA,gene
Manes.02G025701.v8.1,Manes.02G025701,(1 of 1) PTHR11669//PTHR11669:SF5 - REPLICATION FACTOR C / DNA POLYMERASE III GAMMA-TAU SUBUNIT // REPLICATION FACTOR C SUBUNIT 2,turquoise,NA,gene
Manes.02G027500.v8.1,Manes.02G027500,(1 of 2) K13519 - lysophospholipid acyltransferase (LPT1; ALE1),turquoise,NA,gene
Manes.02G028200.v8.1,Manes.02G028200,(1 of 1) K16250 - DNA-directed RNA polymerase IV subunit 1 [EC:2.7.7.6] (NRPD1),turquoise,NA,gene
Manes.02G030900.v8.1,Manes.02G030900,(1 of 2) 2.3.3.10 - Hydroxymethylglutaryl-CoA synthase / Hydroxymethylglutaryl coenzyme alpha-condensing enzyme,turquoise,carot,gene
Manes.02G030300.v8.1,Manes.02G030300,(1 of 1) KOG2427 - Uncharacterized conserved protein,turquoise,NA,gene
Manes.02G030100.v8.1,Manes.02G030100,(1 of 1) PTHR11945//PTHR11945:SF191 - MADS BOX PROTEIN // AGAMOUS-LIKE MADS-BOX PROTEIN AGL14-RELATED,turquoise,NA,gene
Manes.02G030000.v8.1,Manes.02G030000,(1 of 2) PTHR31750:SF4 - PROTEIN STAY-GREEN 1; CHLOROPLASTIC-RELATED,purple,NA,gene
Manes.02G029400.v8.1,Manes.02G029400,(1 of 1) PTHR12357:SF32 - YTH FAMILY PROTEIN,turquoise,NA,gene
Manes.02G028600.v8.1,Manes.02G028600,(1 of 3) 1.14.13.152 - Geraniol 8-hydroxylase / G10H,turquoise,NA,gene
Manes.02G028875.v8.1,Manes.02G028875,(1 of 3) 1.14.13.152 - Geraniol 8-hydroxylase / G10H,turquoise,NA,gene
Manes.02G031700.v8.1,Manes.02G031700,(1 of 15) PF09335 - SNARE associated Golgi protein (SNARE_assoc),turquoise,NA,gene
Manes.02G032000.v8.1,Manes.02G032000,(1 of 2) PTHR10634:SF38 - ZINC FINGER A20 AND AN1 DOMAIN-CONTAINING STRESS-ASSOCIATED PROTEIN 1-RELATED,turquoise,NA,gene
Manes.02G032648.v8.1,Manes.02G032648,(1 of 3) PTHR12290//PTHR12290:SF18 - CORNICHON-RELATED // PROTEIN CORNICHON HOMOLOG 3-RELATED,turquoise,NA,gene
Manes.02G032685.v8.1,Manes.02G032685,,purple,NA,gene
Manes.02G032722.v8.1,Manes.02G032722,,turquoise,NA,gene
Manes.02G032759.v8.1,Manes.02G032759,(1 of 207) PF01535//PF13041 - PPR repeat (PPR) // PPR repeat family (PPR_2),turquoise,NA,gene
Manes.02G033400.v8.1,Manes.02G033400,(1 of 7) K03347 - cullin 1 (CUL1; CDC53),turquoise,NA,gene
Manes.02G033500.v8.1,Manes.02G033500,(1 of 3) PTHR33593:SF2 - F5O11.5,purple,NA,gene
Manes.02G034500.v8.1,Manes.02G034500,(1 of 56) PF14368 - Probable lipid transfer (LTP_2),turquoise,NA,gene
Manes.02G034600.v8.1,Manes.02G034600,,purple,NA,gene
Manes.02G034700.v8.1,Manes.02G034700,(1 of 2) PTHR31080:SF2 - F23N19.14-RELATED,purple,carb,gene
Manes.02G034800.v8.1,Manes.02G034800,(1 of 4) PTHR31080//PTHR31080:SF8 - FAMILY NOT NAMED // F23N19.12,turquoise,carb,gene
Manes.02G034900.v8.1,Manes.02G034900,(1 of 4) PTHR31080:SF8 - F23N19.12,purple,carb,gene
Manes.02G035300.v8.1,Manes.02G035300,(1 of 2) PTHR12000//PTHR12000:SF16 - HEMOGLOBINASE FAMILY MEMBER // SUBFAMILY NOT NAMED,purple,NA,gene
Manes.02G036200.v8.1,Manes.02G036200,(1 of 2) 2.3.1.180 - Beta-ketoacyl-[acyl-carrier-protein] synthase III / KASIII,turquoise,NA,gene
Manes.02G036400.v8.1,Manes.02G036400,(1 of 4) PTHR23023:SF94 - FLAVIN-CONTAINING MONOOXYGENASE FMO GS-OX-LIKE 1-RELATED,turquoise,NA,gene
Manes.02G036600.v8.1,Manes.02G036600,(1 of 2) PTHR31282:SF6 - WRKY TRANSCRIPTION FACTOR 21-RELATED,turquoise,NA,gene
Manes.02G037200.v8.1,Manes.02G037200,(1 of 3) PTHR10972//PTHR10972:SF91 - OXYSTEROL-BINDING PROTEIN-RELATED // SUBFAMILY NOT NAMED,turquoise,NA,gene
Manes.02G037400.v8.1,Manes.02G037400,(1 of 25) PF14547 - Hydrophobic seed protein (Hydrophob_seed),turquoise,NA,gene
Manes.02G038200.v8.1,Manes.02G038200,(1 of 2) 1.1.1.27 - L-lactate dehydrogenase / L-lactic dehydrogenase,turquoise,NA,gene
Manes.02G038700.v8.1,Manes.02G038700,(1 of 1) PTHR24031//PTHR24031:SF293 - RNA HELICASE // SUBFAMILY NOT NAMED,turquoise,NA,gene
Manes.02G038900.v8.1,Manes.02G038900,(1 of 3) PTHR10809:SF50 - VESICLE-ASSOCIATED PROTEIN 1-1-RELATED,turquoise,NA,gene
Manes.02G039200.v8.1,Manes.02G039200,(1 of 1) PTHR24078//PTHR24078:SF285 - DNAJ HOMOLOG SUBFAMILY C MEMBER // CHAPERONE PROTEIN DNAJ 13,turquoise,NA,gene
Manes.02G039500.v8.1,Manes.02G039500,(1 of 1) PTHR31321:SF19 - PECTINESTERASE 68-RELATED,turquoise,carb,gene
Manes.02G039800.v8.1,Manes.02G039800,(1 of 1) KOG1913 - Regucalcin gene promoter region-related protein (RGPR),turquoise,NA,gene
Manes.02G040000.v8.1,Manes.02G040000,(1 of 62) PF00892 - EamA-like transporter family (EamA),turquoise,NA,gene
Manes.02G041700.v8.1,Manes.02G041700,(1 of 14) PF07797 - Protein of unknown function (DUF1639) (DUF1639),black,NA,gene
Manes.02G043100.v8.1,Manes.02G043100,,turquoise,NA,gene
Manes.02G043300.v8.1,Manes.02G043300,(1 of 4) K13199 - plasminogen activator inhibitor 1 RNA-binding protein (SERBP1),turquoise,NA,gene
Manes.02G043700.v8.1,Manes.02G043700,(1 of 1) PTHR13789//PTHR13789:SF224 - MONOOXYGENASE // CTF2A LIKE OXIDOREDUCTASE-RELATED,turquoise,NA,gene
Manes.02G044100.v8.1,Manes.02G044100,(1 of 2) PTHR10809:SF42 - VESICLE-ASSOCIATED PROTEIN 2-1,turquoise,NA,gene
Manes.02G044200.v8.1,Manes.02G044200,(1 of 2) PTHR23291:SF34 - BAX INHIBITOR 1,purple,NA,gene
Manes.02G045700.v8.1,Manes.02G045700,(1 of 2) PTHR21337//PTHR21337:SF3 - PHOSPHO-2-DEHYDRO-3-DEOXYHEPTONATE ALDOLASE 1; 2 // SUBFAMILY NOT NAMED,turquoise,NA,gene
Manes.02G046300.v8.1,Manes.02G046300,(1 of 4) PTHR31948:SF8 - ZINC-FINGER HOMEODOMAIN PROTEIN 10-RELATED,turquoise,NA,gene
Manes.02G046500.v8.1,Manes.02G046500,(1 of 1) K06675 - structural maintenance of chromosome 4 (SMC4),turquoise,NA,gene
Manes.02G046800.v8.1,Manes.02G046800,(1 of 1) PTHR10759//PTHR10759:SF12 - 60S RIBOSOMAL PROTEIN L34 // SUBFAMILY NOT NAMED,turquoise,NA,gene
Manes.02G047100.v8.1,Manes.02G047100,(1 of 2) PTHR10759//PTHR10759:SF8 - 60S RIBOSOMAL PROTEIN L34 // SUBFAMILY NOT NAMED,black,NA,gene
Manes.02G053000.v8.1,Manes.02G053000,(1 of 43) PF01357//PF03330 - Pollen allergen (Pollen_allerg_1) // Rare lipoprotein A (RlpA)-like double-psi beta-barrel (DPBB_1),black,NA,gene
Manes.02G047500.v8.1,Manes.02G047500,(1 of 1) PTHR10288//PTHR10288:SF151 - KH DOMAIN CONTAINING RNA BINDING PROTEIN // SUBFAMILY NOT NAMED,turquoise,NA,gene
Manes.02G047801.v8.1,Manes.02G047801,(1 of 152) PF02365 - No apical meristem (NAM) protein (NAM),turquoise,NA,gene
Manes.02G048100.v8.1,Manes.02G048100,(1 of 2) K01739 - cystathionine gamma-synthase (metB),turquoise,NA,gene
Manes.02G048440.v8.1,Manes.02G048440,(1 of 3) PTHR33971//PTHR33971:SF1 - FAMILY NOT NAMED // GENOMIC DNA; CHROMOSOME 3; P1 CLONE:MRI12,turquoise,NA,gene
Manes.02G048520.v8.1,Manes.02G048520,(1 of 3) PTHR33971//PTHR33971:SF1 - FAMILY NOT NAMED // GENOMIC DNA; CHROMOSOME 3; P1 CLONE:MRI12,turquoise,NA,gene
Manes.02G048600.v8.1,Manes.02G048600,(1 of 2) PTHR31321:SF12 - PECTINESTERASE 31,turquoise,carb,gene
Manes.02G049000.v8.1,Manes.02G049000,(1 of 4) K18443 - golgi-specific brefeldin A-resistance guanine nucleotide exchange factor 1 (GBF1),turquoise,NA,gene
Manes.02G049500.v8.1,Manes.02G049500,(1 of 4) PTHR31558//PTHR31558:SF1 - FAMILY NOT NAMED // F7A19.6 PROTEIN-RELATED,turquoise,NA,gene
Manes.02G049700.v8.1,Manes.02G049700,(1 of 102) PF03106 - WRKY DNA -binding domain (WRKY),black,NA,gene
Manes.02G050200.v8.1,Manes.02G050200,(1 of 4) 5.4.99.5 - Chorismate mutase / Hydroxyphenylpyruvate synthase,turquoise,NA,gene
Manes.02G052200.v8.1,Manes.02G052200,(1 of 9) 2.4.1.1 - Glycogen phosphorylase / Polyphosphorylase,turquoise,carb,gene
Manes.02G052240.v8.1,Manes.02G052240,(1 of 9) 2.4.1.1 - Glycogen phosphorylase / Polyphosphorylase,turquoise,carb,gene
Manes.02G052280.v8.1,Manes.02G052280,(1 of 9) 2.4.1.1 - Glycogen phosphorylase / Polyphosphorylase,black,carb,gene
Manes.02G052520.v8.1,Manes.02G052520,(1 of 9) 2.4.1.1 - Glycogen phosphorylase / Polyphosphorylase,black,carb,gene
Manes.02G053200.v8.1,Manes.02G053200,(1 of 6) PTHR26374//PTHR26374:SF175 - FAMILY NOT NAMED // C2H2-LIKE ZINC FINGER PROTEIN-RELATED,turquoise,NA,gene
Manes.02G053900.v8.1,Manes.02G053900,(1 of 152) PF02365 - No apical meristem (NAM) protein (NAM),turquoise,NA,gene
Manes.02G054400.v8.1,Manes.02G054400,(1 of 4) PTHR31267//PTHR31267:SF2 - FAMILY NOT NAMED // DENTIN SIALOPHOSPHOPROTEIN-LIKE PROTEIN,turquoise,NA,gene
Manes.02G054600.v8.1,Manes.02G054600,(1 of 1) K14863 - ribosome biogenesis protein YTM1 (YTM1; WDR12),turquoise,NA,gene
Manes.02G054900.v8.1,Manes.02G054900,(1 of 3) PTHR12542:SF34 - EXOCYST SUBUNIT EXO70 FAMILY PROTEIN E1,turquoise,NA,gene
Manes.02G055300.v8.1,Manes.02G055300,(1 of 3) PTHR27000//PTHR27000:SF205 - FAMILY NOT NAMED // LRR RECEPTOR-LIKE SERINE/THREONINE-PROTEIN KINASE RPK2,turquoise,NA,gene
Manes.02G055500.v8.1,Manes.02G055500,(1 of 2) PTHR10693//PTHR10693:SF25 - RAS GTPASE-ACTIVATING PROTEIN-BINDING PROTEIN // SUBFAMILY NOT NAMED,turquoise,NA,gene
Manes.02G056700.v8.1,Manes.02G056700,(1 of 9) 3.6.3.43 - Peptide-transporting ATPase,black,NA,gene
Manes.02G056900.v8.1,Manes.02G056900,,purple,NA,gene
Manes.02G057200.v8.1,Manes.02G057200,,purple,NA,gene
Manes.02G057300.v8.1,Manes.02G057300,(1 of 31) PF07714//PF11721 - Protein tyrosine kinase (Pkinase_Tyr) // Di-glucose binding within endoplasmic reticulum (Malectin),purple,NA,gene
Manes.02G058400.v8.1,Manes.02G058400,(1 of 4) PTHR13593//PTHR13593:SF46 - UNCHARACTERIZED // F21F23.12 PROTEIN,purple,NA,gene
Manes.02G059300.v8.1,Manes.02G059300,(1 of 4) PTHR11945:SF155 - AGAMOUS-LIKE MADS-BOX PROTEIN AGL8-RELATED,black,NA,gene
Manes.02G059500.v8.1,Manes.02G059500,(1 of 2) PTHR22763//PTHR22763:SF34 - RING ZINC FINGER PROTEIN // SUBFAMILY NOT NAMED,turquoise,NA,gene
Manes.02G059900.v8.1,Manes.02G059900,(1 of 1) K10691 - E3 ubiquitin-protein ligase UBR4 (UBR4; ZUBR1),turquoise,NA,gene
Manes.02G061300.v8.1,Manes.02G061300,(1 of 2) PTHR10102//PTHR10102:SF3 - DNA-DIRECTED RNA POLYMERASE; MITOCHONDRIAL // SUBFAMILY NOT NAMED,turquoise,NA,gene
Manes.02G061400.v8.1,Manes.02G061400,(1 of 4) K14207 - solute carrier family 38 (sodium-coupled neutral amino acid transporter); member 2 (SLC38A2; SNAT2),turquoise,NA,gene
Manes.02G061500.v8.1,Manes.02G061500,(1 of 2) PTHR35705:SF1 - WPP DOMAIN-INTERACTING TAIL-ANCHORED PROTEIN 1,black,NA,gene
Manes.02G061600.v8.1,Manes.02G061600,(1 of 80) PF01535//PF13041//PF14432 - PPR repeat (PPR) // PPR repeat family (PPR_2) // DYW family of nucleic acid deaminases (DYW_deaminase),turquoise,NA,gene
Manes.02G062500.v8.1,Manes.02G062500,(1 of 2) KOG4559 - Uncharacterized conserved protein,turquoise,NA,gene
Manes.02G062700.v8.1,Manes.02G062700,(1 of 3) PTHR31319//PTHR31319:SF10 - FAMILY NOT NAMED // ZINC FINGER PROTEIN CONSTANS-RELATED,turquoise,NA,gene
Manes.02G062800.v8.1,Manes.02G062800,(1 of 13) PF00646//PF08387 - F-box domain (F-box) // FBD (FBD),turquoise,NA,gene
Manes.02G063700.v8.1,Manes.02G063700,(1 of 2) PTHR22957//PTHR22957:SF212 - TBC1 DOMAIN FAMILY MEMBER GTPASE-ACTIVATING PROTEIN // [PROTEIN ADP-RIBOSYLARGININE] HYDROLASE,turquoise,NA,gene
Manes.02G063800.v8.1,Manes.02G063800,(1 of 1) PTHR23076//PTHR23076:SF61 - METALLOPROTEASE M41 FTSH // SUBFAMILY NOT NAMED,turquoise,NA,gene
Manes.02G063900.v8.1,Manes.02G063900,(1 of 1) 1.5.5.2 - Proline dehydrogenase,turquoise,NA,gene
Manes.02G064300.v8.1,Manes.02G064300,(1 of 2) PTHR12126//PTHR12126:SF8 - NADH-UBIQUINONE OXIDOREDUCTASE 39 KDA SUBUNIT-RELATED // NAD(P)-BINDING ROSSMANN-FOLD SUPERFAMILY PROTEIN,turquoise,NA,gene
Manes.02G064500.v8.1,Manes.02G064500,(1 of 1) 4.2.1.122//4.2.1.20 - Tryptophan synthase (indole-salvaging) / Tryptophan synthase beta-2 // Tryptophan synthase / Tryptophan synthetase,purple,NA,gene
Manes.02G064600.v8.1,Manes.02G064600,(1 of 1) PTHR31050//PTHR31050:SF0 - FAMILY NOT NAMED // T25B24.5 PROTEIN,purple,NA,gene
Manes.02G066000.v8.1,Manes.02G066000,(1 of 1) K13128 - zinc finger CCHC domain-containing protein 8 (ZCCHC8),turquoise,NA,gene
Manes.02G066200.v8.1,Manes.02G066200,(1 of 2) K03680 - translation initiation factor eIF-2B subunit delta (EIF2B4),turquoise,NA,gene
Manes.02G066800.v8.1,Manes.02G066800,(1 of 2) PTHR31169//PTHR31169:SF1 - FAMILY NOT NAMED // ZINC-FINGER DOMAIN OF MONOAMINE-OXIDASE A REPRESSOR R1 PROTEIN,turquoise,NA,gene
Manes.02G066900.v8.1,Manes.02G066900,(1 of 1) PTHR22936//PTHR22936:SF4 - RHOMBOID-RELATED // RHOMBOID FAMILY PROTEIN,turquoise,NA,gene
Manes.02G067400.v8.1,Manes.02G067400,(1 of 2) K09498 - T-complex protein 1 subunit zeta (CCT6),turquoise,NA,gene
Manes.02G067500.v8.1,Manes.02G067500,(1 of 1) KOG1822 - Uncharacterized conserved protein,turquoise,NA,gene
Manes.02G067800.v8.1,Manes.02G067800,(1 of 6) K10839 - UV excision repair protein RAD23 (RAD23; HR23),black,NA,gene
Manes.02G068600.v8.1,Manes.02G068600,(1 of 2) 5.3.99.9 - Neoxanthin synthase / NSY,turquoise,carot,gene
Manes.02G068700.v8.1,Manes.02G068700,(1 of 1) PTHR11562//PTHR11562:SF58 - CATION EFFLUX PROTEIN/ ZINC TRANSPORTER // SUBFAMILY NOT NAMED,turquoise,NA,gene
Manes.02G068800.v8.1,Manes.02G068800,(1 of 4) PTHR12565//PTHR12565:SF128 - STEROL REGULATORY ELEMENT-BINDING PROTEIN // TRANSCRIPTION FACTOR BHLH75,purple,NA,gene
Manes.02G069400.v8.1,Manes.02G069400,(1 of 3) PF13398 - Peptidase M50B-like (Peptidase_M50B),turquoise,NA,gene
Manes.02G069700.v8.1,Manes.02G069700,(1 of 2) PTHR17224:SF3 - CHLOROPLASTIC GROUP IIB INTRON SPLICING FACILITATOR CRS2-A; CHLOROPLASTIC-RELATED,purple,NA,gene
Manes.02G070600.v8.1,Manes.02G070600,(1 of 1) PTHR27005//PTHR27005:SF13//PTHR33138//PTHR33138:SF3 - FAMILY NOT NAMED // PROTEIN KINASE-LIKE PROTEIN-RELATED // FAMILY NOT NAMED // SUBFAMILY NOT NAMED,turquoise,NA,gene
Manes.02G070700.v8.1,Manes.02G070700,(1 of 2) 3.5.1.94 - Gamma-glutamyl-gamma-aminobutyrate hydrolase / Gamma-glutamyl-GABA hydrolase,purple,NA,gene
Manes.02G071000.v8.1,Manes.02G071000,(1 of 56) PF14368 - Probable lipid transfer (LTP_2),black,NA,gene
Manes.02G071200.v8.1,Manes.02G071200,(1 of 2) PTHR13794//PTHR13794:SF13 - ENOLASE SUPERFAMILY; MANDELATE RACEMASE // SUBFAMILY NOT NAMED,turquoise,NA,gene
Manes.02G072200.v8.1,Manes.02G072200,,turquoise,NA,gene
Manes.02G072600.v8.1,Manes.02G072600,(1 of 1) PTHR10459:SF38 - DNA LIGASE,turquoise,NA,gene
Manes.02G073300.v8.1,Manes.02G073300,(1 of 5) PTHR23012//PTHR23012:SF89 - MEMBRANE ASSOCIATED RING FINGER // SUBFAMILY NOT NAMED,turquoise,NA,gene
Manes.02G074000.v8.1,Manes.02G074000,(1 of 1) PTHR10381//PTHR10381:SF20 - ATP-DEPENDENT CLP PROTEASE PROTEOLYTIC SUBUNIT // ATP-DEPENDENT CLP PROTEASE PROTEOLYTIC SUBUNIT 3; CHLOROPLASTIC,turquoise,NA,gene
Manes.02G075200.v8.1,Manes.02G075200,(1 of 2) PTHR27001//PTHR27001:SF52 - FAMILY NOT NAMED // PROTEIN KINASE FAMILY PROTEIN-RELATED,turquoise,NA,gene
Manes.02G075900.v8.1,Manes.02G075900,(1 of 1) PTHR31636:SF47 - DELLA PROTEIN RGL1-RELATED,turquoise,NA,gene
Manes.02G076900.v8.1,Manes.02G076900,(1 of 2) PTHR19965//PTHR19965:SF33 - RNA AND EXPORT FACTOR BINDING PROTEIN // THO COMPLEX SUBUNIT 4D,turquoise,NA,gene
Manes.02G077100.v8.1,Manes.02G077100,(1 of 1) PTHR22835//PTHR22835:SF150 - ZINC FINGER FYVE DOMAIN CONTAINING PROTEIN // SUBFAMILY NOT NAMED,turquoise,NA,gene
Manes.02G080300.v8.1,Manes.02G080300,(1 of 46) PF00582 - Universal stress protein family (Usp),turquoise,NA,gene
Manes.02G080400.v8.1,Manes.02G080400,(1 of 5) 4.1.1.15 - Glutamate decarboxylase / L-glutamate 1-carboxy-lyase,black,NA,gene
Manes.02G080800.v8.1,Manes.02G080800,(1 of 2) KOG2976 - Protein involved in autophagy and nutrient starvation,turquoise,NA,gene
Manes.02G081900.v8.1,Manes.02G081900,(1 of 1) K13094 - RNA-binding protein 5/10 (RBM5_10),turquoise,NA,gene
Manes.02G082800.v8.1,Manes.02G082800,(1 of 1) PTHR12526//PTHR12526:SF392 - GLYCOSYLTRANSFERASE // SUBFAMILY NOT NAMED,black,carb,gene
Manes.02G084000.v8.1,Manes.02G084000,(1 of 1) K01094 - phosphatidylglycerophosphatase GEP4 (GEP4),turquoise,NA,gene
Manes.02G084600.v8.1,Manes.02G084600,(1 of 3) PTHR32227:SF127 - CARBOHYDRATE-BINDING X8 DOMAIN-CONTAINING PROTEIN,black,NA,gene
Manes.02G084900.v8.1,Manes.02G084900,(1 of 1) PTHR12741:SF16 - CALLOSE SYNTHASE 7-RELATED,turquoise,NA,gene
Manes.02G085100.v8.1,Manes.02G085100,(1 of 2) PTHR31221//PTHR31221:SF37 - FAMILY NOT NAMED // WRKY TRANSCRIPTION FACTOR 71-RELATED,turquoise,NA,gene
Manes.02G085200.v8.1,Manes.02G085200,(1 of 1) K03495 - tRNA uridine 5-carboxymethylaminomethyl modification enzyme (gidA; mnmG; MTO1),turquoise,NA,gene
Manes.02G085800.v8.1,Manes.02G085800,,turquoise,NA,gene
Manes.02G086700.v8.1,Manes.02G086700,(1 of 3) K04460 - serine/threonine-protein phosphatase 5 (PPP5C),turquoise,NA,gene
Manes.02G086900.v8.1,Manes.02G086900,(1 of 4) 2.3.3.1//2.3.3.16 - Citrate (Si)-synthase / Citrate oxaloacetate-lyase ((pro-3S)-CH(2)COO->acetyl-CoA) // Citrate synthase (unknown stereospecificity) / Oxaloacetate transacetase,turquoise,carb,gene
Manes.02G087000.v8.1,Manes.02G087000,(1 of 1) K15077 - elongin-A (ELA1),turquoise,NA,gene
Manes.02G087500.v8.1,Manes.02G087500,(1 of 1) K15280 - solute carrier family 35; member C2 (SLC35C2),turquoise,NA,gene
Manes.02G087600.v8.1,Manes.02G087600,(1 of 2) PF00069//PF01453//PF08276 - Protein kinase domain (Pkinase) // D-mannose binding lectin (B_lectin) // PAN-like domain (PAN_2),black,NA,gene
Manes.02G087700.v8.1,Manes.02G087700,(1 of 207) PF01535//PF13041 - PPR repeat (PPR) // PPR repeat family (PPR_2),turquoise,NA,gene
Manes.02G088600.v8.1,Manes.02G088600,(1 of 2) KOG0716 - Molecular chaperone (DnaJ superfamily),turquoise,NA,gene
Manes.02G089200.v8.1,Manes.02G089200,(1 of 5) PTHR11260//PTHR11260:SF287 - GLUTATHIONE S-TRANSFERASE; GST; SUPERFAMILY; GST DOMAIN CONTAINING // SUBFAMILY NOT NAMED,turquoise,NA,gene
Manes.02G089400.v8.1,Manes.02G089400,(1 of 1) 1.13.11.18 - Persulfide dioxygenase / Sulfur oxygenase,turquoise,NA,gene
Manes.02G089700.v8.1,Manes.02G089700,(1 of 1) PTHR23076//PTHR23076:SF60 - METALLOPROTEASE M41 FTSH // SUBFAMILY NOT NAMED,turquoise,NA,gene
Manes.02G089800.v8.1,Manes.02G089800,(1 of 3) PTHR22838:SF3 - WD-REPEAT PROTEIN-LIKE,turquoise,NA,gene
Manes.02G090000.v8.1,Manes.02G090000,(1 of 2) PTHR10994//PTHR10994:SF62 - RETICULON // RETICULON-LIKE PROTEIN B8,turquoise,NA,gene
Manes.02G090600.v8.1,Manes.02G090600,(1 of 2) KOG1794 - N-Acetylglucosamine kinase,turquoise,carb,gene
Manes.02G090700.v8.1,Manes.02G090700,(1 of 2) PTHR31165:SF10 - PROTEIN LIGHT-DEPENDENT SHORT HYPOCOTYLS 10-RELATED,turquoise,NA,gene
Manes.02G091200.v8.1,Manes.02G091200,(1 of 2) PTHR34118//PTHR34118:SF3 - FAMILY NOT NAMED // ATP SYNTHASE PROTEIN I-RELATED PROTEIN,turquoise,NA,gene
Manes.02G092100.v8.1,Manes.02G092100,(1 of 3) PF06708 - Protein of unknown function (DUF1195) (DUF1195),turquoise,NA,gene
Manes.02G092200.v8.1,Manes.02G092200,(1 of 1) PTHR11618//PTHR11618:SF26 - TRANSCRIPTION INITIATION FACTOR IIB-RELATED // SUBFAMILY NOT NAMED,turquoise,NA,gene
Manes.02G092600.v8.1,Manes.02G092600,(1 of 2) K11093 - U1 small nuclear ribonucleoprotein 70kDa (SNRP70),turquoise,NA,gene
Manes.02G092800.v8.1,Manes.02G092800,(1 of 2) K19001 - ATP-dependent DNA helicase (HELLS; DDM1),turquoise,NA,gene
Manes.02G094100.v8.1,Manes.02G094100,(1 of 3) PTHR23500//PTHR23500:SF43 - FAMILY NOT NAMED // SUGAR TRANSPORTER ERD6-LIKE 4-RELATED,turquoise,NA,gene
Manes.02G095100.v8.1,Manes.02G095100,(1 of 1) PTHR12565//PTHR12565:SF132 - STEROL REGULATORY ELEMENT-BINDING PROTEIN // TRANSCRIPTION FACTOR BEE 2-RELATED,turquoise,NA,gene
Manes.02G095600.v8.1,Manes.02G095600,(1 of 3) 2.7.7.3 - Pantetheine-phosphate adenylyltransferase / PPAT,turquoise,NA,gene
Manes.02G096000.v8.1,Manes.02G096000,(1 of 4) PTHR23172:SF19 - AUXILLIN; ISOFORM A,turquoise,NA,gene
Manes.02G097100.v8.1,Manes.02G097100,(1 of 1) PF09370 - Phosphoenolpyruvate hydrolase-like (PEP_hydrolase),turquoise,NA,gene
Manes.02G097400.v8.1,Manes.02G097400,(1 of 7) PTHR23155//PTHR23155:SF458 - LEUCINE-RICH REPEAT-CONTAINING PROTEIN // DISEASE RESISTANCE RPP13-LIKE PROTEIN 4,turquoise,NA,gene
Manes.02G098500.v8.1,Manes.02G098500,(1 of 2) PTHR24089:SF321 - GM03767P,turquoise,NA,gene
Manes.02G099200.v8.1,Manes.02G099200,,black,NA,gene
Manes.02G099400.v8.1,Manes.02G099400,(1 of 2) K07943 - ADP-ribosylation factor-like protein 2 (ARL2),turquoise,NA,gene
Manes.02G099900.v8.1,Manes.02G099900,(1 of 1) PTHR23336:SF18 - ATP BINDING PROTEIN,turquoise,NA,gene
Manes.02G100500.v8.1,Manes.02G100500,,turquoise,NA,gene
Manes.02G101100.v8.1,Manes.02G101100,(1 of 2) PF05277 - Protein of unknown function (DUF726) (DUF726),turquoise,NA,gene
Manes.02G101200.v8.1,Manes.02G101200,(1 of 2) PTHR22884//PTHR22884:SF339 - SET DOMAIN PROTEINS // PHD FINGER; SWIB/MDM2 AND GYF DOMAIN-CONTAINING PROTEIN,turquoise,NA,gene
Manes.02G102200.v8.1,Manes.02G102200,(1 of 7) K02155 - V-type H+-transporting ATPase 16kDa proteolipid subunit (ATPeV0C; ATP6L),turquoise,NA,gene
Manes.02G102300.v8.1,Manes.02G102300,(1 of 152) PF02365 - No apical meristem (NAM) protein (NAM),turquoise,NA,gene
Manes.02G102400.v8.1,Manes.02G102400,(1 of 13) K11253 - histone H3 (H3),turquoise,NA,gene
Manes.02G103100.v8.1,Manes.02G103100,(1 of 1) PTHR10173//PTHR10173:SF28 - METHIONINE SULFOXIDE REDUCTASE // PEPTIDE METHIONINE SULFOXIDE REDUCTASE A5,turquoise,NA,gene
Manes.02G103600.v8.1,Manes.02G103600,(1 of 2) PTHR31161//PTHR31161:SF6 - FAMILY NOT NAMED // KINECTIN-RELATED PROTEIN,turquoise,NA,gene
Manes.02G104700.v8.1,Manes.02G104700,(1 of 1) K00475 - naringenin 3-dioxygenase (E1.14.11.9),black,NA,gene
Manes.02G104800.v8.1,Manes.02G104800,(1 of 2) PTHR24349//PTHR24349:SF87 - SERINE/THREONINE-PROTEIN KINASE // CALCIUM-DEPENDENT PROTEIN KINASE 16-RELATED,turquoise,NA,gene
Manes.02G105000.v8.1,Manes.02G105000,(1 of 4) PTHR23315:SF123 - ARMADILLO REPEAT ONLY 2 PROTEIN,turquoise,NA,gene
Manes.02G105400.v8.1,Manes.02G105400,(1 of 2) PTHR31048//PTHR31048:SF11 - FAMILY NOT NAMED // PATHOGENESIS-RELATED THAUMATIN FAMILY PROTEIN,turquoise,NA,gene
Manes.02G105700.v8.1,Manes.02G105700,(1 of 21) PF04782//PF04783 - Protein of unknown function (DUF632) (DUF632) // Protein of unknown function (DUF630) (DUF630),turquoise,NA,gene
Manes.02G106500.v8.1,Manes.02G106500,(1 of 18) K08472 - mlo protein (MLO),turquoise,NA,gene
Manes.02G106800.v8.1,Manes.02G106800,(1 of 2) K02150 - V-type H+-transporting ATPase subunit E (ATPeV1E; ATP6E),turquoise,NA,gene
Manes.02G107100.v8.1,Manes.02G107100,(1 of 1) PTHR31009//PTHR31009:SF18 - S-ADENOSYL-L-METHIONINE:CARBOXYL METHYLTRANSFERASE FAMILY PROTEIN // SUBFAMILY NOT NAMED,turquoise,NA,gene
Manes.02G107200.v8.1,Manes.02G107200,(1 of 1) 4.2.3.4 - 3-dehydroquinate synthase / Dehydroquinate synthase,turquoise,NA,gene
Manes.02G107400.v8.1,Manes.02G107400,(1 of 2) PTHR24072//PTHR24072:SF179 - RHO FAMILY GTPASE // RAC-LIKE GTP-BINDING PROTEIN ARAC1-RELATED,turquoise,NA,gene
Manes.02G108800.v8.1,Manes.02G108800,,turquoise,NA,gene
Manes.02G109100.v8.1,Manes.02G109100,(1 of 3) K18757 - la-related protein 1 (LARP1),turquoise,NA,gene
Manes.02G109500.v8.1,Manes.02G109500,(1 of 2) PTHR13683:SF232 - ASPARTYL PROTEASE FAMILY PROTEIN,black,NA,gene
Manes.02G109900.v8.1,Manes.02G109900,(1 of 21) PF04782//PF04783 - Protein of unknown function (DUF632) (DUF632) // Protein of unknown function (DUF630) (DUF630),turquoise,NA,gene
Manes.02G110200.v8.1,Manes.02G110200,(1 of 1) PTHR11670//PTHR11670:SF40 - ACONITASE // ACONITATE HYDRATASE 1,purple,carb,gene
Manes.02G110800.v8.1,Manes.02G110800,(1 of 6) K12897 - transformer-2 protein (TRA2),turquoise,NA,gene
Manes.02G111000.v8.1,Manes.02G111000,(1 of 2) PTHR23257//PTHR23257:SF492 - SERINE-THREONINE PROTEIN KINASE // SUBFAMILY NOT NAMED,turquoise,NA,gene
Manes.02G111300.v8.1,Manes.02G111300,(1 of 2) PTHR11106//PTHR11106:SF58 - GANGLIOSIDE INDUCED DIFFERENTIATION ASSOCIATED PROTEIN 2-RELATED // SUBFAMILY NOT NAMED,purple,NA,gene
Manes.02G112250.v8.1,Manes.02G112250,(1 of 152) PF02365 - No apical meristem (NAM) protein (NAM),turquoise,NA,gene
Manes.02G112300.v8.1,Manes.02G112300,(1 of 1) K00666 - fatty-acyl-CoA synthase [EC:6.2.1.-] (K00666),black,NA,gene
Manes.02G112400.v8.1,Manes.02G112400,(1 of 2) PTHR10426:SF4 - FI18644P1-RELATED,black,NA,gene
Manes.02G112500.v8.1,Manes.02G112500,(1 of 4) 1.1.1.41 - Isocitrate dehydrogenase (NAD(+)) / Nicotinamide adenine dinucleotide isocitrate dehydrogenase,turquoise,carb,gene
Manes.02G114300.v8.1,Manes.02G114300,(1 of 1) K08739 - DNA mismatch repair protein MLH3 (MLH3),turquoise,NA,gene
Manes.02G114400.v8.1,Manes.02G114400,,turquoise,NA,gene
Manes.02G115000.v8.1,Manes.02G115000,(1 of 2) PTHR13832:SF304 - PROTEIN PHOSPHATASE 2C 47-RELATED,turquoise,NA,gene
Manes.02G115100.v8.1,Manes.02G115100,(1 of 1) PTHR18966//PTHR18966:SF218 - IONOTROPIC GLUTAMATE RECEPTOR // SUBFAMILY NOT NAMED,turquoise,NA,gene
Manes.02G116300.v8.1,Manes.02G116300,(1 of 4) PTHR31500:SF0 - AT HOOK MOTIF DNA-BINDING FAMILY PROTEIN,turquoise,NA,gene
Manes.02G116400.v8.1,Manes.02G116400,(1 of 2) PTHR23336//PTHR23336:SF11 - ZINC FINGER CW-TYPE COILED-COIL DOMAIN PROTEIN 3. // SUBFAMILY NOT NAMED,turquoise,NA,gene
Manes.02G117100.v8.1,Manes.02G117100,(1 of 1) PTHR11668//PTHR11668:SF241 - SERINE/THREONINE PROTEIN PHOSPHATASE // SERINE/THREONINE-PROTEIN PHOSPHATASE 7 INACTIVE HOMOLOG-RELATED,turquoise,NA,gene
Manes.02G117800.v8.1,Manes.02G117800,(1 of 41) PF00069//PF00139 - Protein kinase domain (Pkinase) // Legume lectin domain (Lectin_legB),turquoise,NA,gene
Manes.02G117900.v8.1,Manes.02G117900,(1 of 2) PTHR11141//PTHR11141:SF2 - PROTEIN TRANSPORT PROTEIN SEC23 // SUBFAMILY NOT NAMED,turquoise,NA,gene
Manes.02G118200.v8.1,Manes.02G118200,(1 of 2) PTHR13466//PTHR13466:SF6 - TEX2 PROTEIN-RELATED // SUBFAMILY NOT NAMED,turquoise,NA,gene
Manes.02G118300.v8.1,Manes.02G118300,(1 of 3) PTHR19139//PTHR19139:SF30 - AQUAPORIN TRANSPORTER // AQUAPORIN TIP3-1-RELATED,purple,NA,gene
Manes.02G118500.v8.1,Manes.02G118500,(1 of 6) K17871 - NADH:ubiquinone reductase (non-electrogenic) (ndh1),turquoise,NA,gene
Manes.02G121696.v8.1,Manes.02G121696,(1 of 2) 4.1.99.17 - Phosphomethylpyrimidine synthase,black,NA,gene
Manes.02G122500.v8.1,Manes.02G122500,(1 of 1) PTHR11468:SF4 - ALPHA-GLUCAN PHOSPHORYLASE 2; CYTOSOLIC,black,carb,gene
Manes.02G122600.v8.1,Manes.02G122600,(1 of 2) K12872 - pre-mRNA-splicing factor RBM22/SLT11 (RBM22; SLT11),turquoise,NA,gene
Manes.02G122542.v8.1,Manes.02G122542,(1 of 11) PF04859 - Plant protein of unknown function (DUF641) (DUF641),black,NA,gene
Manes.02G123200.v8.1,Manes.02G123200,(1 of 1) PTHR31476:SF12 - UBIQUITIN CARBOXYL-TERMINAL HYDROLASE FAMILY PROTEIN,turquoise,NA,gene
Manes.02G125400.v8.1,Manes.02G125400,(1 of 7) K14686 - solute carrier family 31 (copper transporter); member 1 (SLC31A1; CTR1),purple,NA,gene
Manes.02G125800.v8.1,Manes.02G125800,(1 of 9) PTHR11260//PTHR11260:SF303 - GLUTATHIONE S-TRANSFERASE; GST; SUPERFAMILY; GST DOMAIN CONTAINING // GLUTATHIONE S-TRANSFERASE U1-RELATED,black,NA,gene
Manes.02G126300.v8.1,Manes.02G126300,(1 of 9) PTHR11260:SF303 - GLUTATHIONE S-TRANSFERASE U1-RELATED,turquoise,NA,gene
Manes.02G127202.v8.1,Manes.02G127202,,turquoise,NA,gene
Manes.02G127300.v8.1,Manes.02G127300,(1 of 1) K03015 - DNA-directed RNA polymerase II subunit RPB7 (RPB7; POLR2G),turquoise,NA,gene
Manes.02G127600.v8.1,Manes.02G127600,,turquoise,NA,gene
Manes.02G129600.v8.1,Manes.02G129600,(1 of 115) PF00226 - DnaJ domain (DnaJ),turquoise,NA,gene
Manes.02G129900.v8.1,Manes.02G129900,(1 of 4) PTHR12537:SF78 - PUMILIO HOMOLOG 1-RELATED,turquoise,NA,gene
Manes.02G130900.v8.1,Manes.02G130900,(1 of 4) PTHR31636//PTHR31636:SF46 - FAMILY NOT NAMED // SCARECROW-LIKE PROTEIN 11-RELATED,black,NA,gene
Manes.02G131166.v8.1,Manes.02G131166,(1 of 4) PTHR21717:SF9 - PROTEIN TBF1,turquoise,NA,gene
Manes.02G131400.v8.1,Manes.02G131400,(1 of 2) KOG3415 - Putative Rab5-interacting protein,turquoise,NA,gene
Manes.02G131800.v8.1,Manes.02G131800,(1 of 1) PTHR10857:SF46 - DCD (DEVELOPMENT AND CELL DEATH) DOMAIN PROTEIN,turquoise,NA,gene
Manes.02G132400.v8.1,Manes.02G132400,(1 of 1569) 2.7.11.1 - Non-specific serine/threonine protein kinase / Threonine-specific protein kinase,turquoise,NA,gene
Manes.02G132650.v8.1,Manes.02G132650,,turquoise,NA,gene
Manes.02G133000.v8.1,Manes.02G133000,(1 of 2) PTHR31437:SF1 - PROTEIN SREK1IP1,turquoise,NA,gene
Manes.02G133800.v8.1,Manes.02G133800,(1 of 52) PF01535//PF13041//PF13812 - PPR repeat (PPR) // PPR repeat family (PPR_2) // Pentatricopeptide repeat domain (PPR_3),turquoise,NA,gene
Manes.02G134700.v8.1,Manes.02G134700,(1 of 1) PTHR11413//PTHR11413:SF50 - CYSTATIN FAMILY MEMBER // SUBFAMILY NOT NAMED,purple,NA,gene
Manes.02G136000.v8.1,Manes.02G136000,(1 of 4) PF16711 - Actin-binding domain of plant-specific actin-binding protein (SCAB-ABD),turquoise,NA,gene
Manes.02G136200.v8.1,Manes.02G136200,(1 of 3) PTHR11588:SF106 - TUBULIN BETA-6 CHAIN,black,NA,gene
Manes.02G137000.v8.1,Manes.02G137000,,turquoise,NA,gene
Manes.02G137100.v8.1,Manes.02G137100,(1 of 3) K03029 - 26S proteasome regulatory subunit N10 (PSMD4; RPN10),turquoise,NA,gene
Manes.02G137200.v8.1,Manes.02G137200,(1 of 3) K02206 - cyclin-dependent kinase 2 (CDK2),turquoise,NA,gene
Manes.02G137300.v8.1,Manes.02G137300,(1 of 1) PTHR23108:SF2 - METHYLTRANSFERASE FAMILY PROTEIN-RELATED,black,NA,gene
Manes.02G137500.v8.1,Manes.02G137500,(1 of 3) K03029 - 26S proteasome regulatory subunit N10 (PSMD4; RPN10),turquoise,NA,gene
Manes.02G137601.v8.1,Manes.02G137601,(1 of 5) K01191 - alpha-mannosidase (E3.2.1.24),black,NA,gene
Manes.02G137701.v8.1,Manes.02G137701,(1 of 5) K01191 - alpha-mannosidase (E3.2.1.24),turquoise,NA,gene
Manes.02G138300.v8.1,Manes.02G138300,(1 of 1) K11886 - proteasome component ECM29 (ECM29),turquoise,NA,gene
Manes.02G138600.v8.1,Manes.02G138600,(1 of 1) PTHR13547:SF3 - PROTEINACEOUS RNASE P 1; CHLOROPLASTIC/MITOCHONDRIAL,turquoise,NA,gene
Manes.02G138800.v8.1,Manes.02G138800,(1 of 1) PTHR31326//PTHR31326:SF3 - FAMILY NOT NAMED // CRT (CHLOROQUINE-RESISTANCE TRANSPORTER)-LIKE TRANSPORTER 1-RELATED,turquoise,NA,gene
Manes.02G139000.v8.1,Manes.02G139000,(1 of 2) PTHR23176//PTHR23176:SF44 - RHO/RAC/CDC GTPASE-ACTIVATING PROTEIN // SUBFAMILY NOT NAMED,turquoise,NA,gene
Manes.02G139500.v8.1,Manes.02G139500,(1 of 1) PTHR19241//PTHR19241:SF158 - ATP-BINDING CASSETTE TRANSPORTER // ABC TRANSPORTER G FAMILY MEMBER 23,turquoise,NA,gene
Manes.02G140500.v8.1,Manes.02G140500,(1 of 88) PF00046 - Homeobox domain (Homeobox),turquoise,NA,gene
Manes.02G141000.v8.1,Manes.02G141000,(1 of 1) K13140 - integrator complex subunit 3 (INTS3),turquoise,NA,gene
Manes.02G141600.v8.1,Manes.02G141600,(1 of 2) 2.6.1.44//2.6.1.45//2.6.1.51 - Alanine--glyoxylate transaminase / Alanine--glyoxylate aminotransferase // Serine--glyoxylate transaminase / SGAT // Serine--pyruvate transaminase / Serine--pyruvate aminotransferase,turquoise,NA,gene
Manes.02G141700.v8.1,Manes.02G141700,(1 of 2) K11367 - chromodomain-helicase-DNA-binding protein 1 [EC:3.6.4.12] (CHD1),turquoise,NA,gene
Manes.02G141800.v8.1,Manes.02G141800,(1 of 1) PTHR13691//PTHR13691:SF20 - RIBOSOMAL PROTEIN L2 // 60S RIBOSOMAL PROTEIN L2-RELATED,turquoise,NA,gene
Manes.02G142000.v8.1,Manes.02G142000,(1 of 2) PTHR11206:SF85 - PROTEIN TRANSPARENT TESTA 12,turquoise,NA,gene
Manes.02G142800.v8.1,Manes.02G142800,(1 of 2) PTHR31707:SF8 - PECTINESTERASE/PECTINESTERASE INHIBITOR 34-RELATED,black,carb,gene
Manes.02G144000.v8.1,Manes.02G144000,(1 of 1) PTHR12549//PTHR12549:SF12 - JMJC DOMAIN-CONTAINING HISTONE DEMETHYLATION PROTEIN // SUBFAMILY NOT NAMED,turquoise,NA,gene
Manes.02G144900.v8.1,Manes.02G144900,(1 of 43) PF10250 - GDP-fucose protein O-fucosyltransferase (O-FucT),turquoise,NA,gene
Manes.02G145700.v8.1,Manes.02G145700,(1 of 10) K11855 - ubiquitin carboxyl-terminal hydrolase 36/42 [EC:3.4.19.12] (USP36_42),turquoise,NA,gene
Manes.02G146300.v8.1,Manes.02G146300,,turquoise,NA,gene
Manes.02G146550.v8.1,Manes.02G146550,,turquoise,NA,gene
Manes.02G146600.v8.1,Manes.02G146600,(1 of 4) PTHR18860:SF27 - 14-3-3-LIKE PROTEIN GF14 LAMBDA,turquoise,NA,gene
Manes.02G147300.v8.1,Manes.02G147300,(1 of 4) PTHR31948//PTHR31948:SF20 - FAMILY NOT NAMED // ZINC-FINGER HOMEODOMAIN PROTEIN 1,turquoise,NA,gene
Manes.02G147500.v8.1,Manes.02G147500,(1 of 2) 5.1.99.6 - NAD(P)H-hydrate epimerase / NAD(P)HX epimerase,turquoise,NA,gene
Manes.02G151400.v8.1,Manes.02G151400,(1 of 24) 2.4.1.324 - 7-deoxyloganetin glucosyltransferase / UGT85A24,turquoise,NA,gene
Manes.02G152700.v8.1,Manes.02G152700,(1 of 2) PTHR12459//PTHR12459:SF6 - UNCHARACTERIZED // TRANSMEMBRANE PROTEIN,turquoise,NA,gene
Manes.02G152800.v8.1,Manes.02G152800,(1 of 3) PTHR24089//PTHR24089:SF292 - FAMILY NOT NAMED // MITOCHONDRIAL ADENINE NUCLEOTIDE TRANSPORTER BTL2-RELATED,turquoise,NA,gene
Manes.02G153020.v8.1,Manes.02G153020,(1 of 61) PF00069//PF08263//PF13855 - Protein kinase domain (Pkinase) // Leucine rich repeat N-terminal domain (LRRNT_2) // Leucine rich repeat (LRR_8),turquoise,NA,gene
Manes.02G153400.v8.1,Manes.02G153400,(1 of 46) PF05678 - VQ motif (VQ),turquoise,NA,gene
Manes.02G154300.v8.1,Manes.02G154300,(1 of 4) PTHR10984//PTHR10984:SF35 - ENDOPLASMIC RETICULUM-GOLGI INTERMEDIATE COMPARTMENT PROTEIN // SUBFAMILY NOT NAMED,turquoise,NA,gene
Manes.02G154600.v8.1,Manes.02G154600,(1 of 2) PTHR22847//PTHR22847:SF453 - WD40 REPEAT PROTEIN // SUBFAMILY NOT NAMED,black,NA,gene
Manes.02G155100.v8.1,Manes.02G155100,(1 of 20) PF04570 - zinc-finger of the FCS-type; C2-C2 (zf-FLZ),turquoise,NA,gene
Manes.02G155300.v8.1,Manes.02G155300,(1 of 2) K11262 - acetyl-CoA carboxylase / biotin carboxylase (ACAC),turquoise,NA,gene
Manes.02G155900.v8.1,Manes.02G155900,(1 of 2) PTHR32099:SF4 - CYSTEINE-RICH REPEAT SECRETORY PROTEIN 1-RELATED,turquoise,NA,gene
Manes.02G156800.v8.1,Manes.02G156800,(1 of 15) PF00646//PF01344 - F-box domain (F-box) // Kelch motif (Kelch_1),turquoise,NA,gene
Manes.02G156900.v8.1,Manes.02G156900,(1 of 6) PF13881 - Ubiquitin-2 like Rad60 SUMO-like (Rad60-SLD_2),turquoise,NA,gene
Manes.02G157000.v8.1,Manes.02G157000,(1 of 1) KOG4360 - Uncharacterized coiled coil protein,turquoise,NA,gene
Manes.02G157200.v8.1,Manes.02G157200,,purple,NA,gene
Manes.02G158200.v8.1,Manes.02G158200,(1 of 2) K03262 - translation initiation factor 5 (EIF5),turquoise,NA,gene
Manes.02G158800.v8.1,Manes.02G158800,,turquoise,NA,gene
Manes.02G159700.v8.1,Manes.02G159700,(1 of 3) PTHR23086:SF33 - PHOSPHATIDYLINOSITOL 4-PHOSPHATE 5-KINASE 1-RELATED,turquoise,NA,gene
Manes.02G159800.v8.1,Manes.02G159800,(1 of 3) PTHR10972:SF67 - OXYSTEROL-BINDING PROTEIN-RELATED PROTEIN 1D,turquoise,NA,gene
Manes.02G159900.v8.1,Manes.02G159900,(1 of 1) K01942 - biotin--protein ligase (HLCS),turquoise,NA,gene
Manes.02G160000.v8.1,Manes.02G160000,(1 of 2) K08866 - serine/threonine-protein kinase TTK/MPS1 (TTK; MPS1),purple,NA,gene
Manes.02G161500.v8.1,Manes.02G161500,(1 of 2) PTHR22763:SF88 - RING/U-BOX DOMAIN-CONTAINING PROTEIN,turquoise,NA,gene
Manes.02G161800.v8.1,Manes.02G161800,(1 of 1) K01436 - amidohydrolase [EC:3.5.1.-] (K01436),turquoise,NA,gene
Manes.02G161900.v8.1,Manes.02G161900,(1 of 4) PTHR22811//PTHR22811:SF68 - TRANSMEMBRANE EMP24 DOMAIN-CONTAINING PROTEIN // SUBFAMILY NOT NAMED,turquoise,NA,gene
Manes.02G162100.v8.1,Manes.02G162100,,turquoise,NA,gene
Manes.02G163400.v8.1,Manes.02G163400,,turquoise,NA,gene
Manes.02G163900.v8.1,Manes.02G163900,(1 of 5) PF00304 - Gamma-thionin family (Gamma-thionin),turquoise,NA,gene
Manes.02G164200.v8.1,Manes.02G164200,(1 of 7) K02155 - V-type H+-transporting ATPase 16kDa proteolipid subunit (ATPeV0C; ATP6L),turquoise,NA,gene
Manes.02G164300.v8.1,Manes.02G164300,(1 of 1) PF14542 - GCN5-related N-acetyl-transferase (Acetyltransf_CG),purple,NA,gene
Manes.02G165100.v8.1,Manes.02G165100,(1 of 3) PTHR31356:SF1 - L-ASCORBATE PEROXIDASE S; CHLOROPLASTIC/MITOCHONDRIAL-RELATED,turquoise,NA,gene
Manes.02G165800.v8.1,Manes.02G165800,(1 of 1) PTHR24115//PTHR24115:SF487 - FAMILY NOT NAMED // KINESIN MOTOR FAMILY PROTEIN,turquoise,NA,gene
Manes.02G165900.v8.1,Manes.02G165900,(1 of 1) PTHR23315//PTHR23315:SF135 - BETA CATENIN-RELATED ARMADILLO REPEAT-CONTAINING // ARMADILLO/BETA-CATENIN-LIKE REPEAT AND C2 CALCIUM/LIPID-BINDING DOMAIN-CONTAINING PROTEIN-RELATED,turquoise,NA,gene
Manes.02G166000.v8.1,Manes.02G166000,(1 of 1) PTHR31719//PTHR31719:SF16//PTHR31719:SF3 - FAMILY NOT NAMED // NAC DOMAIN-CONTAINING PROTEIN 2 // GRAB1-LIKE PROTEIN,turquoise,NA,gene
Manes.02G166400.v8.1,Manes.02G166400,(1 of 1) K03660 - N-glycosylase/DNA lyase (OGG1),turquoise,NA,gene
Manes.02G166600.v8.1,Manes.02G166600,(1 of 13) PF05097 - Protein of unknown function (DUF688) (DUF688),turquoise,NA,gene
Manes.02G166700.v8.1,Manes.02G166700,(1 of 1) PTHR11669//PTHR11669:SF17 - REPLICATION FACTOR C / DNA POLYMERASE III GAMMA-TAU SUBUNIT // REPLICATION FACTOR C SUBUNIT 4,turquoise,NA,gene
Manes.02G166900.v8.1,Manes.02G166900,(1 of 1) PTHR12383//PTHR12383:SF24 - PROTEASE FAMILY S26 MITOCHONDRIAL INNER MEMBRANE PROTEASE-RELATED // SUBFAMILY NOT NAMED,black,NA,gene
Manes.02G168600.v8.1,Manes.02G168600,(1 of 2) PTHR22884:SF276 - HISTONE-LYSINE N-METHYLTRANSFERASE; H3 LYSINE-36 SPECIFIC,turquoise,NA,gene
Manes.02G169400.v8.1,Manes.02G169400,(1 of 2) PTHR10891//PTHR10891:SF530 - EF-HAND CALCIUM-BINDING DOMAIN CONTAINING PROTEIN // SUBFAMILY NOT NAMED,purple,NA,gene
Manes.02G169600.v8.1,Manes.02G169600,(1 of 2) PTHR10615//PTHR10615:SF100 - HISTONE ACETYLTRANSFERASE // SUBFAMILY NOT NAMED,turquoise,NA,gene
Manes.02G171900.v8.1,Manes.02G171900,(1 of 2) PTHR10108//PTHR10108:SF926 - METHYLTRANSFERASE // SUBFAMILY NOT NAMED,turquoise,NA,gene
Manes.02G172100.v8.1,Manes.02G172100,(1 of 2) PTHR13856:SF95 - F24J8.3 PROTEIN,turquoise,NA,gene
Manes.02G172400.v8.1,Manes.02G172400,(1 of 2) K00166 - 2-oxoisovalerate dehydrogenase E1 component alpha subunit (BCKDHA; bkdA1),turquoise,NA,gene
Manes.02G172600.v8.1,Manes.02G172600,(1 of 2) K03875 - F-box and leucine-rich repeat protein 1 (S-phase kinase-associated protein 2) (SKP2; FBXL1),turquoise,NA,gene
Manes.02G173200.v8.1,Manes.02G173200,(1 of 2) PTHR10641//PTHR10641:SF496 - MYB-LIKE DNA-BINDING PROTEIN MYB // SUBFAMILY NOT NAMED,turquoise,NA,gene
Manes.02G175100.v8.1,Manes.02G175100,(1 of 53) PF14416 - PMR5 N terminal Domain (PMR5N),turquoise,NA,gene
Manes.02G175600.v8.1,Manes.02G175600,(1 of 2) K12479 - vacuolar protein sorting-associated protein 45 (VPS45),turquoise,NA,gene
Manes.02G175700.v8.1,Manes.02G175700,(1 of 15) PF04720 - PDDEXK-like family of unknown function (PDDEXK_6),black,NA,gene
Manes.02G177601.v8.1,Manes.02G177601,,turquoise,NA,gene
Manes.02G177900.v8.1,Manes.02G177900,(1 of 2) K01590 - histidine decarboxylase (hdc; HDC),purple,NA,gene
Manes.02G178000.v8.1,Manes.02G178000,(1 of 2) K07437 - cytochrome P450; family 26; subfamily A (CYP26A),turquoise,NA,gene
Manes.02G178200.v8.1,Manes.02G178200,(1 of 1) KOG1157 - Predicted guanosine polyphosphate pyrophosphohydrolase/synthase,turquoise,NA,gene
Manes.02G178700.v8.1,Manes.02G178700,(1 of 2) PTHR11556//PTHR11556:SF17 - FRUCTOSE-1;6-BISPHOSPHATASE-RELATED // SUBFAMILY NOT NAMED,turquoise,NA,gene
Manes.02G178800.v8.1,Manes.02G178800,(1 of 1) K17637 - exocyst complex component 2 (EXOC2; SEC5),black,NA,gene
Manes.02G180200.v8.1,Manes.02G180200,(1 of 2) PTHR22952:SF184 - BASIC LEUCINE ZIPPER TRANSCRIPTION FACTOR-RELATED,turquoise,NA,gene
Manes.02G181700.v8.1,Manes.02G181700,(1 of 6) PF04367 - Protein of unknown function (DUF502) (DUF502),turquoise,NA,gene
Manes.02G181900.v8.1,Manes.02G181900,(1 of 2) K10807 - ribonucleoside-diphosphate reductase subunit M1 (RRM1),black,NA,gene
Manes.02G182600.v8.1,Manes.02G182600,(1 of 1) PTHR24056//PTHR24056:SF221 - CELL DIVISION PROTEIN KINASE // SUBFAMILY NOT NAMED,black,NA,gene
Manes.02G183700.v8.1,Manes.02G183700,(1 of 2) K15111 - solute carrier family 25 (mitochondrial S-adenosylmethionine transporter); member 26 (SLC25A26),black,NA,gene
Manes.02G184400.v8.1,Manes.02G184400,(1 of 5) PTHR24031//PTHR24031:SF247 - RNA HELICASE // DEAD-BOX ATP-DEPENDENT RNA HELICASE 39,turquoise,NA,gene
Manes.02G184800.v8.1,Manes.02G184800,(1 of 109) 1.11.1.7 - Peroxidase / Lactoperoxidase,black,NA,gene
Manes.02G185350.v8.1,Manes.02G185350,,turquoise,NA,gene
Manes.02G185501.v8.1,Manes.02G185501,(1 of 7) K07897 - Ras-related protein Rab-7A (RAB7A),turquoise,NA,gene
Manes.02G185600.v8.1,Manes.02G185600,,turquoise,NA,gene
Manes.02G186000.v8.1,Manes.02G186000,(1 of 1) 5.4.99.45 - tRNA pseudouridine(38/39) synthase / Pseudouridine synthase 3,turquoise,NA,gene
Manes.02G186100.v8.1,Manes.02G186100,(1 of 1) PTHR10619:SF0 - F-ACTIN-CAPPING PROTEIN SUBUNIT BETA,turquoise,NA,gene
Manes.02G186700.v8.1,Manes.02G186700,(1 of 1) K14407 - cleavage stimulation factor subunit 2 (CSTF2; RNA15),turquoise,NA,gene
Manes.02G186900.v8.1,Manes.02G186900,(1 of 2) PTHR22604:SF132 - NAD(P)-BINDING ROSSMANN-FOLD SUPERFAMILY PROTEIN,turquoise,NA,gene
Manes.02G187200.v8.1,Manes.02G187200,(1 of 2) PTHR11709//PTHR11709:SF118 - MULTI-COPPER OXIDASE // SUBFAMILY NOT NAMED,turquoise,NA,gene
Manes.02G187600.v8.1,Manes.02G187600,(1 of 2) PTHR12161//PTHR12161:SF21 - UNCHARACTERIZED DUF292 // REGULATOR OF VPS4 ACTIVITY IN THE MVB PATHWAY PROTEIN,purple,NA,gene
Manes.02G188000.v8.1,Manes.02G188000,(1 of 3) KOG0296 - Angio-associated migratory cell protein (contains WD40 repeats),turquoise,NA,gene
Manes.02G188900.v8.1,Manes.02G188900,,turquoise,NA,gene
Manes.02G190000.v8.1,Manes.02G190000,(1 of 1) PF00102//PF13350 - Protein-tyrosine phosphatase (Y_phosphatase) // Tyrosine phosphatase family (Y_phosphatase3),turquoise,NA,gene
Manes.02G190200.v8.1,Manes.02G190200,(1 of 12) PF11961 - Domain of unknown function (DUF3475) (DUF3475),turquoise,NA,gene
Manes.02G190300.v8.1,Manes.02G190300,(1 of 5) K15378 - solute carrier family 45; member 1/2/4 (SLC45A1_2_4),black,NA,gene
Manes.02G190500.v8.1,Manes.02G190500,(1 of 1) K07019//K13696 - uncharacterized protein (K07019) // abhydrolase domain-containing protein 1/3 (ABHD1_3),turquoise,NA,gene
Manes.02G190800.v8.1,Manes.02G190800,(1 of 5) K00627 - pyruvate dehydrogenase E2 component (dihydrolipoamide acetyltransferase) (DLAT; aceF; pdhC),turquoise,carb,gene
Manes.02G191700.v8.1,Manes.02G191700,(1 of 14) K06689 - ubiquitin-conjugating enzyme E2 D/E (UBE2D_E; UBC4; UBC5),black,NA,gene
Manes.02G191800.v8.1,Manes.02G191800,(1 of 1) PTHR15606//PTHR15606:SF3 - DNAJ HOMOLOG SUBFAMILY C MEMBER 8/LIPOPOLYSACCHARIDE SPECIFIC RESPONSE-7-RELATED // GPALPP MOTIFS-CONTAINING PROTEIN 1,turquoise,NA,gene
Manes.02G192000.v8.1,Manes.02G192000,(1 of 6) KOG3140 - Predicted membrane protein,turquoise,NA,gene
Manes.02G192200.v8.1,Manes.02G192200,(1 of 2) PTHR24349//PTHR24349:SF117 - SERINE/THREONINE-PROTEIN KINASE // SUBFAMILY NOT NAMED,turquoise,NA,gene
Manes.02G192600.v8.1,Manes.02G192600,(1 of 2) PTHR22765//PTHR22765:SF46 - RING FINGER AND PROTEASE ASSOCIATED DOMAIN-CONTAINING // SUBFAMILY NOT NAMED,turquoise,NA,gene
Manes.02G192700.v8.1,Manes.02G192700,(1 of 1) PTHR18929//PTHR18929:SF98 - PROTEIN DISULFIDE ISOMERASE // SUBFAMILY NOT NAMED,turquoise,NA,gene
Manes.02G193200.v8.1,Manes.02G193200,,black,NA,gene
Manes.02G194100.v8.1,Manes.02G194100,(1 of 2) PTHR31916:SF3 - ALKALINE/NEUTRAL INVERTASE CINV1-RELATED,turquoise,carb,gene
Manes.02G194600.v8.1,Manes.02G194600,(1 of 2) 2.7.1.74 - Deoxycytidine kinase,turquoise,NA,gene
Manes.02G194800.v8.1,Manes.02G194800,(1 of 5) PTHR10641:SF643 - MYB TRANSCRIPTION FACTOR-RELATED,black,NA,gene
Manes.02G195100.v8.1,Manes.02G195100,(1 of 1) PTHR12899//PTHR12899:SF7 - 39S RIBOSOMAL PROTEIN L18; MITOCHONDRIAL // SUBFAMILY NOT NAMED,turquoise,NA,gene
Manes.02G195200.v8.1,Manes.02G195200,(1 of 2) K09191 - general transcription factor IIIA (GTF3A),turquoise,NA,gene
Manes.02G197400.v8.1,Manes.02G197400,(1 of 80) PF01535//PF13041//PF14432 - PPR repeat (PPR) // PPR repeat family (PPR_2) // DYW family of nucleic acid deaminases (DYW_deaminase),turquoise,NA,gene
Manes.02G197600.v8.1,Manes.02G197600,(1 of 1) PTHR11886//PTHR11886:SF37 - DYNEIN LIGHT CHAIN // SUBFAMILY NOT NAMED,turquoise,NA,gene
Manes.02G198100.v8.1,Manes.02G198100,,turquoise,NA,gene
Manes.02G198600.v8.1,Manes.02G198600,(1 of 1) PTHR17630//PTHR17630:SF45 - DIENELACTONE HYDROLASE // DIENELACTONE HYDROLASE-LIKE PROTEIN,turquoise,NA,gene
Manes.02G199300.v8.1,Manes.02G199300,(1 of 2) PTHR27000//PTHR27000:SF97 - FAMILY NOT NAMED // LEUCINE-RICH RECEPTOR-LIKE PROTEIN KINASE,turquoise,NA,gene
Manes.02G199500.v8.1,Manes.02G199500,(1 of 2) PTHR23359//PTHR23359:SF72 - NUCLEOTIDE KINASE // ADENYLATE KINASE FAMILY PROTEIN,black,NA,gene
Manes.02G199800.v8.1,Manes.02G199800,(1 of 1) PF00931//PF13676//PF13855 - NB-ARC domain (NB-ARC) // TIR domain (TIR_2) // Leucine rich repeat (LRR_8),turquoise,NA,gene
Manes.02G202900.v8.1,Manes.02G202900,(1 of 8) 1.6.5.9 - NADH:ubiquinone reductase (non-electrogenic) / Ubiquinone reductase,purple,NA,gene
Manes.02G203201.v8.1,Manes.02G203201,(1 of 3) PTHR10887//PTHR10887:SF372 - DNA2/NAM7 HELICASE FAMILY // SUBFAMILY NOT NAMED,turquoise,NA,gene
Manes.02G203500.v8.1,Manes.02G203500,(1 of 42) 2.7.10.2//2.7.11.1 - Non-specific protein-tyrosine kinase / Cytoplasmic protein tyrosine kinase // Non-specific serine/threonine protein kinase / Threonine-specific protein kinase,turquoise,NA,gene
Manes.02G204000.v8.1,Manes.02G204000,(1 of 1) PTHR19302//PTHR19302:SF39 - GAMMA TUBULIN COMPLEX PROTEIN // SUBFAMILY NOT NAMED,turquoise,NA,gene
Manes.02G204500.v8.1,Manes.02G204500,(1 of 1) PF06588 - Muskelin N-terminus (Muskelin_N),turquoise,NA,gene
Manes.02G206150.v8.1,Manes.02G206150,(1 of 13) PF00931//PF07725//PF13676 - NB-ARC domain (NB-ARC) // Leucine Rich Repeat (LRR_3) // TIR domain (TIR_2),turquoise,NA,gene
Manes.02G206300.v8.1,Manes.02G206300,(1 of 10) PTHR11695//PTHR11695:SF497 - ALCOHOL DEHYDROGENASE RELATED // CINNAMYL ALCOHOL DEHYDROGENASE 6-RELATED,turquoise,NA,gene
Manes.02G206350.v8.1,Manes.02G206350,(1 of 74) PF03372 - Endonuclease/Exonuclease/phosphatase family (Exo_endo_phos),turquoise,NA,gene
Manes.02G206400.v8.1,Manes.02G206400,(1 of 10) PTHR11695//PTHR11695:SF497 - ALCOHOL DEHYDROGENASE RELATED // CINNAMYL ALCOHOL DEHYDROGENASE 6-RELATED,turquoise,NA,gene
Manes.02G206500.v8.1,Manes.02G206500,(1 of 10) PTHR11695//PTHR11695:SF497 - ALCOHOL DEHYDROGENASE RELATED // CINNAMYL ALCOHOL DEHYDROGENASE 6-RELATED,turquoise,NA,gene
Manes.02G207300.v8.1,Manes.02G207300,(1 of 2) K17541 - SCY1-like protein 2 (SCYL2),turquoise,NA,gene
Manes.02G202100.v8.1,Manes.02G202100,(1 of 1) PF05729//PF07725//PF13676//PF13855 - NACHT domain (NACHT) // Leucine Rich Repeat (LRR_3) // TIR domain (TIR_2) // Leucine rich repeat (LRR_8),turquoise,NA,gene
Manes.02G202000.v8.1,Manes.02G202000,(1 of 1) KOG0472//KOG0617//KOG4658 - Leucine-rich repeat protein // Ras suppressor protein (contains leucine-rich repeats) // Apoptotic ATPase,turquoise,NA,gene
Manes.02G202166.v8.1,Manes.02G202166,(1 of 1) KOG0617//KOG4658 - Ras suppressor protein (contains leucine-rich repeats) // Apoptotic ATPase,turquoise,NA,gene
Manes.02G201900.v8.1,Manes.02G201900,(1 of 1) PTHR11476:SF7 - HISTIDYL-TRNA SYNTHETASE; ISOFORM D,turquoise,NA,gene
Manes.02G201301.v8.1,Manes.02G201301,(1 of 70) PTHR23155//PTHR23155:SF554 - LEUCINE-RICH REPEAT-CONTAINING PROTEIN // SUBFAMILY NOT NAMED,turquoise,NA,gene
Manes.02G211901.v8.1,Manes.02G211901,(1 of 70) PTHR23155//PTHR23155:SF554 - LEUCINE-RICH REPEAT-CONTAINING PROTEIN // SUBFAMILY NOT NAMED,turquoise,NA,gene
Manes.02G200534.v8.1,Manes.02G200534,,turquoise,NA,gene
Manes.02G221200.v8.1,Manes.02G221200,(1 of 70) PTHR23155//PTHR23155:SF554 - LEUCINE-RICH REPEAT-CONTAINING PROTEIN // SUBFAMILY NOT NAMED,turquoise,NA,gene
Manes.02G220750.v8.1,Manes.02G220750,(1 of 70) PTHR23155//PTHR23155:SF554 - LEUCINE-RICH REPEAT-CONTAINING PROTEIN // SUBFAMILY NOT NAMED,turquoise,NA,gene
Manes.02G221381.v8.1,Manes.02G221381,(1 of 2) PTHR23509:SF10 - PHOSPHOLIPASE DDHD1,turquoise,NA,gene
Manes.02G207700.v8.1,Manes.02G207700,(1 of 1) PTHR10288:SF145 - P-ELEMENT SOMATIC INHIBITOR; ISOFORM C,turquoise,NA,gene
Manes.02G207900.v8.1,Manes.02G207900,(1 of 3) KOG0253 - Synaptic vesicle transporter SV2 (major facilitator superfamily),turquoise,NA,gene
Manes.02G208200.v8.1,Manes.02G208200,(1 of 1) PTHR15561//PTHR15561:SF0 - CALCITONIN GENE-RELATED PEPTIDE-RECEPTOR COMPONENT PROTEIN // DNA-DIRECTED RNA POLYMERASE III SUBUNIT RPC9,turquoise,NA,gene
Manes.02G208560.v8.1,Manes.02G208560,(1 of 1) 2.1.1.176//2.1.1.178 - 16S rRNA (cytosine(967)-C(5))-methyltransferase // 16S rRNA (cytosine(1407)-C(5))-methyltransferase,turquoise,NA,gene
Manes.02G208680.v8.1,Manes.02G208680,(1 of 3) K07735 - putative transcriptional regulator (algH),turquoise,NA,gene
Manes.02G195900.v8.1,Manes.02G195900,,turquoise,NA,gene
Manes.02G210300.v8.1,Manes.02G210300,(1 of 1) KOG2477 - Uncharacterized conserved protein,turquoise,NA,gene
Manes.02G210080.v8.1,Manes.02G210080,(1 of 1) K01522 - bis(5'-adenosyl)-triphosphatase (FHIT),turquoise,NA,gene
Manes.02G208660.v8.1,Manes.02G208660,(1 of 1) K01411 - nardilysin [EC:3.4.24.61] (NRD1),turquoise,NA,gene
Manes.02G213372.v8.1,Manes.02G213372,(1 of 1) PTHR22778//PTHR22778:SF18 - OVARIAN CANCER GENE-2 PROTEIN-RELATED // RHODANESE-LIKE DOMAIN-CONTAINING PROTEIN 8; CHLOROPLASTIC,turquoise,NA,gene
Manes.02G213900.v8.1,Manes.02G213900,(1 of 1) PTHR24286:SF83 - CYTOCHROME P450 SUPERFAMILY PROTEIN,turquoise,NA,gene
Manes.02G214160.v8.1,Manes.02G214160,,turquoise,NA,gene
Manes.02G214300.v8.1,Manes.02G214300,(1 of 2) PTHR12072:SF5 - CWF19-LIKE PROTEIN 2,turquoise,NA,gene
Manes.02G214360.v8.1,Manes.02G214360,(1 of 6) PTHR10178//PTHR10178:SF283 - GAG/POL/ENV POLYPROTEIN // SUBFAMILY NOT NAMED,black,NA,gene
Manes.02G210700.v8.1,Manes.02G210700,(1 of 2) PTHR11132//PTHR11132:SF98 - SOLUTE CARRIER FAMILY 35 // SUBFAMILY NOT NAMED,turquoise,NA,gene
Manes.02G210800.v8.1,Manes.02G210800,(1 of 4) PTHR32258//PTHR32258:SF4 - FAMILY NOT NAMED // KINASE INTERACTING (KIP1-LIKE) FAMILY PROTEIN,turquoise,NA,gene
Manes.02G218100.v8.1,Manes.02G218100,(1 of 1) PTHR32370:SF17 - ROOT PHOTOTROPISM PROTEIN 2,black,NA,gene
Manes.02G218000.v8.1,Manes.02G218000,(1 of 3) K02866 - large subunit ribosomal protein L10e (RP-L10e; RPL10),turquoise,NA,gene
Manes.02G217900.v8.1,Manes.02G217900,(1 of 5) PTHR27003//PTHR27003:SF36 - FAMILY NOT NAMED // LEUCINE-RICH REPEAT PROTEIN KINASE-LIKE PROTEIN,turquoise,NA,gene
Manes.02G217700.v8.1,Manes.02G217700,(1 of 3) K02866 - large subunit ribosomal protein L10e (RP-L10e; RPL10),turquoise,NA,gene
Manes.02G217200.v8.1,Manes.02G217200,(1 of 2) PTHR12542//PTHR12542:SF29 - EXOCYST COMPLEX PROTEIN EXO70 // SUBFAMILY NOT NAMED,turquoise,NA,gene
Manes.02G216400.v8.1,Manes.02G216400,(1 of 1) PTHR33405:SF1 - PROTEIN FLC EXPRESSOR,turquoise,NA,gene
Manes.02G216300.v8.1,Manes.02G216300,(1 of 2) K13098 - RNA-binding protein FUS (TLS; FUS),turquoise,NA,gene
Manes.02G216200.v8.1,Manes.02G216200,(1 of 2) PTHR31165//PTHR31165:SF6 - FAMILY NOT NAMED // PROTEIN LIGHT-DEPENDENT SHORT HYPOCOTYLS 6,turquoise,NA,gene
Manes.02G215950.v8.1,Manes.02G215950,(1 of 3) K18270 - Rab3 GTPase-activating protein catalytic subunit (RAB3GAP1),turquoise,NA,gene
Manes.02G216130.v8.1,Manes.02G216130,(1 of 10) 2.3.1.119//2.3.1.199 - Transferred entry: 1.1.1.330; 1.3.1.93; 2.3.1.199 and 4.2.1.134 // Very-long-chain 3-oxoacyl-CoA synthase / Very-long-chain beta-ketoacyl-CoA synthase,turquoise,NA,gene
Manes.02G218400.v8.1,Manes.02G218400,(1 of 1) PTHR35698:SF1 - DNA-BINDING PROTEIN RHL1,turquoise,NA,gene
Manes.02G218300.v8.1,Manes.02G218300,(1 of 1) PTHR33925//PTHR33925:SF2 - FAMILY NOT NAMED // PLASTID DIVISION PROTEIN CDP1; CHLOROPLASTIC,turquoise,NA,gene
Manes.02G218650.v8.1,Manes.02G218650,(1 of 4) PTHR31645//PTHR31645:SF1 - FAMILY NOT NAMED // GB|AAD49762.1-RELATED,turquoise,NA,gene
Manes.02G219100.v8.1,Manes.02G219100,(1 of 1) K10744 - ribonuclease H2 subunit B (RNASEH2B),turquoise,NA,gene
Manes.02G219500.v8.1,Manes.02G219500,(1 of 2) K10583 - ubiquitin-conjugating enzyme E2 S (UBE2S; E2EPF),black,NA,gene
Manes.02G219800.v8.1,Manes.02G219800,(1 of 1) PTHR23074//PTHR23074:SF95 - AAA ATPASE // AAA-TYPE ATPASE DOMAIN-CONTAINING PROTEIN-RELATED,turquoise,NA,gene
Manes.02G219900.v8.1,Manes.02G219900,,turquoise,NA,gene
Manes.02G220100.v8.1,Manes.02G220100,(1 of 1) PTHR13734//PTHR13734:SF42 - TRNA-NUCLEOTIDYLTRANSFERASE/POLY A  POLYMERASE FAMILY MEMBER // SUBFAMILY NOT NAMED,turquoise,NA,gene
Manes.02G219700.v8.1,Manes.02G219700,(1 of 1) PTHR22891//PTHR22891:SF34 - EUKARYOTIC TRANSLATION INITIATION FACTOR 2C // SUBFAMILY NOT NAMED,turquoise,NA,gene
Manes.02G220200.v8.1,Manes.02G220200,(1 of 1) PTHR13872//PTHR13872:SF23 - 60S RIBOSOMAL PROTEIN L35 // DOLICHYL-DIPHOSPHOOLIGOSACCHARIDE--PROTEIN GLYCOSYLTRANSFERASE SUBUNIT STT3B,turquoise,NA,gene
Manes.02G215405.v8.1,Manes.02G215405,(1 of 20) PF01637 - Archaeal ATPase (Arch_ATPase),turquoise,NA,gene
Manes.02G215300.v8.1,Manes.02G215300,(1 of 70) PTHR23155//PTHR23155:SF554 - LEUCINE-RICH REPEAT-CONTAINING PROTEIN // SUBFAMILY NOT NAMED,turquoise,NA,gene
Manes.02G215130.v8.1,Manes.02G215130,,turquoise,NA,gene
Manes.02G215325.v8.1,Manes.02G215325,(1 of 70) PTHR23155//PTHR23155:SF554 - LEUCINE-RICH REPEAT-CONTAINING PROTEIN // SUBFAMILY NOT NAMED,turquoise,NA,gene
Manes.02G215420.v8.1,Manes.02G215420,(1 of 20) PF01637 - Archaeal ATPase (Arch_ATPase),turquoise,NA,gene
Manes.02G226900.v8.1,Manes.02G226900,(1 of 18) PF02309//PF02362//PF06507 - AUX/IAA family (AUX_IAA) // B3 DNA binding domain (B3) // Auxin response factor (Auxin_resp),turquoise,NA,gene
Manes.02G227000.v8.1,Manes.02G227000,(1 of 1) K01961 - acetyl-CoA carboxylase; biotin carboxylase subunit (accC),turquoise,NA,gene
Manes.02G227100.v8.1,Manes.02G227100,(1 of 207) PF01535//PF13041 - PPR repeat (PPR) // PPR repeat family (PPR_2),turquoise,NA,gene
Manes.02G227200.v8.1,Manes.02G227200,(1 of 2) 1.14.13.11 - Trans-cinnamate 4-monooxygenase / Cinnamic acid 4-monooxygenase,turquoise,NA,gene
Manes.02G222800.v8.1,Manes.02G222800,,turquoise,NA,gene
Manes.02G223000.v8.1,Manes.02G223000,(1 of 2) 5.4.99.8 - Cycloartenol synthase / 2;3-epoxysqualene--cycloartenol cyclase,turquoise,NA,gene
Manes.02G223400.v8.1,Manes.02G223400,(1 of 1) K07541 - phosphatidylinositol glycan; class X (PIGX),turquoise,NA,gene
Manes.02G223800.v8.1,Manes.02G223800,(1 of 3) PTHR24286:SF66 - CYTOCHROME P450 FAMILY PROTEIN-RELATED,black,NA,gene
Manes.02G223900.v8.1,Manes.02G223900,(1 of 1) PF00018 - SH3 domain (SH3_1),turquoise,NA,gene
Manes.02G224801.v8.1,Manes.02G224801,(1 of 1) PTHR12357:SF24 - EVOLUTIONARILY CONSERVED C-TERMINAL REGION 10,turquoise,NA,gene
Manes.02G225700.v8.1,Manes.02G225700,(1 of 2) PTHR13773//PTHR13773:SF13 - PHOSPHATIDATE CYTIDYLYLTRANSFERASE // SUBFAMILY NOT NAMED,turquoise,NA,gene
Manes.03G001800.v8.1,Manes.03G001800,(1 of 2) PTHR10566:SF84 - ABC1 FAMILY PROTEIN,turquoise,NA,gene
Manes.03G003600.v8.1,Manes.03G003600,(1 of 1) K11507 - centromere protein O (CENPO),turquoise,NA,gene
Manes.03G005500.v8.1,Manes.03G005500,(1 of 10) K11855 - ubiquitin carboxyl-terminal hydrolase 36/42 [EC:3.4.19.12] (USP36_42),turquoise,NA,gene
Manes.03G005800.v8.1,Manes.03G005800,,turquoise,NA,gene
Manes.03G006500.v8.1,Manes.03G006500,(1 of 5) PTHR13683:SF246 - ASPARTYL PROTEASE FAMILY PROTEIN,turquoise,NA,gene
Manes.03G008000.v8.1,Manes.03G008000,,turquoise,NA,gene
Manes.03G008700.v8.1,Manes.03G008700,(1 of 1) K16860 - phospholipase D3/4 (PLD3_4),turquoise,NA,gene
Manes.03G009200.v8.1,Manes.03G009200,(1 of 4) PTHR23213//PTHR23213:SF190 - FORMIN-RELATED // FORMIN-LIKE PROTEIN 17-RELATED,turquoise,NA,gene
Manes.03G010400.v8.1,Manes.03G010400,(1 of 2) K11643 - chromodomain-helicase-DNA-binding protein 4 (CHD4; MI2B),turquoise,NA,gene
Manes.03G010500.v8.1,Manes.03G010500,(1 of 3) PTHR26402//PTHR26402:SF558 - RESPONSE REGULATOR OF TWO-COMPONENT SYSTEM // TWO-COMPONENT RESPONSE REGULATOR ARR18,turquoise,NA,gene
Manes.03G011300.v8.1,Manes.03G011300,,turquoise,NA,gene
Manes.03G012200.v8.1,Manes.03G012200,(1 of 1) PTHR13109:SF7 - NEUROCHONDRIN,turquoise,NA,gene
Manes.03G012550.v8.1,Manes.03G012550,(1 of 5) PTHR22847//PTHR22847:SF480 - WD40 REPEAT PROTEIN // PROTEIN TOPLESS-RELATED,turquoise,NA,gene
Manes.03G012900.v8.1,Manes.03G012900,(1 of 2) KOG3306 - Predicted membrane protein,turquoise,NA,gene
Manes.03G013000.v8.1,Manes.03G013000,(1 of 4) K15289 - solute carrier family 35; member F5 (SLC35F5),turquoise,NA,gene
Manes.03G013500.v8.1,Manes.03G013500,(1 of 2) PTHR10555//PTHR10555:SF156 - SORTING NEXIN // PHOX (PX) DOMAIN-CONTAINING PROTEIN,turquoise,NA,gene
Manes.03G013600.v8.1,Manes.03G013600,(1 of 7) K00759 - adenine phosphoribosyltransferase (APRT; apt),turquoise,NA,gene
Manes.03G013700.v8.1,Manes.03G013700,(1 of 1) PTHR35743//PTHR35743:SF1 - FAMILY NOT NAMED // SEQUENCE-SPECIFIC DNA BINDING TRANSCRIPTION FACTOR,turquoise,NA,gene
Manes.03G014200.v8.1,Manes.03G014200,(1 of 1) K03858 - phosphatidylinositol glycan; class H (PIGH; GPI15),turquoise,NA,gene
Manes.03G014900.v8.1,Manes.03G014900,(1 of 4) PTHR31358:SF10 - TARGETING PROTEIN FOR XKLP2-LIKE PROTEIN,black,NA,gene
Manes.03G016200.v8.1,Manes.03G016200,(1 of 1) PTHR12169//PTHR12169:SF5 - ATPASE N2B // AFG1-LIKE ATPASE FAMILY PROTEIN,turquoise,NA,gene
Manes.03G017500.v8.1,Manes.03G017500,(1 of 10) PF04862 - Protein of unknown function (DUF642) (DUF642),turquoise,NA,gene
Manes.03G017900.v8.1,Manes.03G017900,(1 of 1) KOG0523 - Transketolase,turquoise,carot,gene
Manes.03G019100.v8.1,Manes.03G019100,(1 of 1) PTHR11361//PTHR11361:SF31 - DNA MISMATCH REPAIR MUTS RELATED PROTEINS // DNA MISMATCH REPAIR PROTEIN MSH6,turquoise,NA,gene
Manes.03G019900.v8.1,Manes.03G019900,,turquoise,NA,gene
Manes.03G020000.v8.1,Manes.03G020000,(1 of 3) PTHR12161:SF14 - REGULATOR OF VPS4,black,NA,gene
Manes.03G020500.v8.1,Manes.03G020500,(1 of 2) PTHR10015//PTHR10015:SF187 - HEAT SHOCK TRANSCRIPTION FACTOR // HEAT STRESS TRANSCRIPTION FACTOR C-1,purple,NA,gene
Manes.03G021100.v8.1,Manes.03G021100,(1 of 32) PF00083 - Sugar (and other) transporter (Sugar_tr),purple,NA,gene
Manes.03G021300.v8.1,Manes.03G021300,,turquoise,NA,gene
Manes.03G022200.v8.1,Manes.03G022200,(1 of 2) PTHR34282//PTHR34282:SF2 - FAMILY NOT NAMED // GENOMIC DNA; CHROMOSOME 3; P1 CLONE:MSD24,purple,NA,gene
Manes.03G022300.v8.1,Manes.03G022300,(1 of 2) PTHR33101//PTHR33101:SF10 - FAMILY NOT NAMED // RHO GUANINE NUCLEOTIDE EXCHANGE FACTOR 8-RELATED,black,NA,gene
Manes.03G022700.v8.1,Manes.03G022700,(1 of 1) PTHR13547:SF1 - MITOCHONDRIAL RIBONUCLEASE P PROTEIN 3,turquoise,NA,gene
Manes.03G023100.v8.1,Manes.03G023100,(1 of 19) PF00641 - Zn-finger in Ran binding protein and others (zf-RanBP),turquoise,NA,gene
Manes.03G023200.v8.1,Manes.03G023200,(1 of 2) PTHR23503:SF37 - PLASTIDIC GLUCOSE TRANSPORTER 2-RELATED,black,NA,gene
Manes.03G023800.v8.1,Manes.03G023800,(1 of 3) PTHR31734//PTHR31734:SF5 - FAMILY NOT NAMED // AUXIN-RESPONSIVE PROTEIN IAA27,turquoise,NA,gene
Manes.03G024100.v8.1,Manes.03G024100,(1 of 2) K02357 - elongation factor Ts (tsf; TSFM),turquoise,NA,gene
Manes.03G024500.v8.1,Manes.03G024500,(1 of 1) PTHR28668//PTHR28668:SF1 - FAMILY NOT NAMED // TRANSMEMBRANE PROTEIN 234,turquoise,NA,gene
Manes.03G025100.v8.1,Manes.03G025100,(1 of 2) PTHR11062:SF84 - EXOSTOSIN FAMILY PROTEIN,turquoise,NA,gene
Manes.03G025400.v8.1,Manes.03G025400,(1 of 2) K06063 - SNW domain-containing protein 1 (SNW1; SKIIP; SKIP),turquoise,NA,gene
Manes.03G025500.v8.1,Manes.03G025500,(1 of 2) K03350 - anaphase-promoting complex subunit 3 (APC3; CDC27),turquoise,NA,gene
Manes.03G027700.v8.1,Manes.03G027700,(1 of 1) PTHR10404//PTHR10404:SF45 - N-ACETYLATED-ALPHA-LINKED ACIDIC DIPEPTIDASE // SUBFAMILY NOT NAMED,turquoise,NA,gene
Manes.03G027800.v8.1,Manes.03G027800,(1 of 1) PTHR24361//PTHR24361:SF336 - MITOGEN-ACTIVATED KINASE KINASE KINASE // MITOGEN-ACTIVATED PROTEIN KINASE KINASE 6,turquoise,NA,gene
Manes.03G029000.v8.1,Manes.03G029000,(1 of 3) 1.10.2.2//3.4.24.64 - Quinol--cytochrome-c reductase / Ubiquinone--cytochrome-c oxidoreductase // Mitochondrial processing peptidase / Processing enhancing peptidase,turquoise,NA,gene
Manes.03G029300.v8.1,Manes.03G029300,(1 of 4) PTHR13697:SF7 - 6-PHOSPHOFRUCTOKINASE 1-RELATED,turquoise,carb,gene
Manes.03G029400.v8.1,Manes.03G029400,(1 of 2) K12403 - AP-4 complex subunit sigma-1 (AP4S1),turquoise,NA,gene
Manes.03G030600.v8.1,Manes.03G030600,(1 of 1) PTHR11716:SF47 - PROTEIN C07E3.9,turquoise,NA,gene
Manes.03G031262.v8.1,Manes.03G031262,(1 of 15) 2.1.1.125 - Histone-arginine N-methyltransferase / Protein-arginine N-methyltransferase,turquoise,NA,gene
Manes.03G031700.v8.1,Manes.03G031700,(1 of 3) PF13041//PF14432 - PPR repeat family (PPR_2) // DYW family of nucleic acid deaminases (DYW_deaminase),turquoise,NA,gene
Manes.03G032201.v8.1,Manes.03G032201,(1 of 1) 2.3.1.129 - Acyl-[acyl-carrier-protein]--UDP-N-acetylglucosamine O-acyltransferase / UDP-N-acetylglucosamine acyltransferase,turquoise,NA,gene
Manes.03G032300.v8.1,Manes.03G032300,(1 of 4) PTHR12374//PTHR12374:SF19 - TRANSCRIPTIONAL ADAPTOR 2  ADA2 -RELATED // SUBFAMILY NOT NAMED,black,NA,gene
Manes.03G032600.v8.1,Manes.03G032600,(1 of 2) PTHR32191:SF0 - TETRASPANIN-2,black,NA,gene
Manes.03G033600.v8.1,Manes.03G033600,,turquoise,NA,gene
Manes.03G034200.v8.1,Manes.03G034200,(1 of 1) PTHR12072:SF4 - CWF19-LIKE PROTEIN 1,turquoise,NA,gene
Manes.03G036500.v8.1,Manes.03G036500,(1 of 1) PF00582//PF04564//PF07714 - Universal stress protein family (Usp) // U-box domain (U-box) // Protein tyrosine kinase (Pkinase_Tyr),turquoise,NA,gene
Manes.03G036600.v8.1,Manes.03G036600,(1 of 3) PTHR24356//PTHR24356:SF206 - SERINE/THREONINE-PROTEIN KINASE // AGC (CAMP-DEPENDENT; CGMP-DEPENDENT AND PROTEIN KINASE C) KINASE FAMILY PROTEIN,turquoise,NA,gene
Manes.03G036800.v8.1,Manes.03G036800,(1 of 2) PTHR31115:SF3 - EXPRESSED PROTEIN,turquoise,NA,gene
Manes.03G037000.v8.1,Manes.03G037000,(1 of 4) K04368 - mitogen-activated protein kinase kinase 1 (MAP2K1; MEK1),turquoise,NA,gene
Manes.03G037100.v8.1,Manes.03G037100,(1 of 1) PTHR13047//PTHR13047:SF1 - PRE-MRNA CLEAVAGE FACTOR IM; 25KD SUBUNIT // SUBFAMILY NOT NAMED,turquoise,NA,gene
Manes.03G037300.v8.1,Manes.03G037300,(1 of 2) PTHR10052//PTHR10052:SF11 - 60S RIBOSOMAL PROTEIN L18A // SUBFAMILY NOT NAMED,turquoise,NA,gene
Manes.03G037400.v8.1,Manes.03G037400,(1 of 43) PF05553 - Cotton fibre expressed protein (DUF761),turquoise,NA,gene
Manes.03G037800.v8.1,Manes.03G037800,(1 of 5) 2.3.1.158//2.3.1.20 - Phospholipid:diacylglycerol acyltransferase / PDAT // Diacylglycerol O-acyltransferase / Diglyceride acyltransferase,turquoise,NA,gene
Manes.03G038400.v8.1,Manes.03G038400,(1 of 3) PTHR31618//PTHR31618:SF7 - FAMILY NOT NAMED // MECHANOSENSITIVE ION CHANNEL PROTEIN 4-RELATED,turquoise,NA,gene
Manes.03G039600.v8.1,Manes.03G039600,(1 of 2) PTHR15288//PTHR15288:SF4 - SUPPRESSION OF TUMORIGENICITY 5  ST5 // DENN (AEX-3) DOMAIN-CONTAINING PROTEIN,turquoise,NA,gene
Manes.03G039700.v8.1,Manes.03G039700,(1 of 1) PTHR22893//PTHR22893:SF67 - NADH OXIDOREDUCTASE-RELATED // 12-OXOPHYTODIENOATE REDUCTASE 3,turquoise,NA,gene
Manes.03G040500.v8.1,Manes.03G040500,(1 of 2) PF14802 - TMEM192 family (TMEM192),turquoise,NA,gene
Manes.03G041100.v8.1,Manes.03G041100,(1 of 2) PTHR12483//PTHR12483:SF39 - SOLUTE CARRIER FAMILY 31  COPPER TRANSPORTERS // SUBFAMILY NOT NAMED,turquoise,NA,gene
Manes.03G042600.v8.1,Manes.03G042600,(1 of 20) PF04570 - zinc-finger of the FCS-type; C2-C2 (zf-FLZ),black,NA,gene
Manes.03G043500.v8.1,Manes.03G043500,,black,NA,gene
Manes.03G043700.v8.1,Manes.03G043700,(1 of 4) 2.3.1.179 - Beta-ketoacyl-[acyl-carrier-protein] synthase II / KASII,turquoise,NA,gene
Manes.03G044400.v8.1,Manes.03G044400,(1 of 2) PTHR12526//PTHR12526:SF391 - GLYCOSYLTRANSFERASE // SUCROSE SYNTHASE 1-RELATED,black,carb,gene
Manes.03G044500.v8.1,Manes.03G044500,(1 of 3) PTHR24115:SF522 - KINESIN-LIKE PROTEIN NACK1,black,NA,gene
Manes.03G044600.v8.1,Manes.03G044600,(1 of 1) PTHR13022//PTHR13022:SF0 - EUKARYOTIC TRANSLATION INITIATION FACTOR 3 SUBUNIT 11 // EUKARYOTIC TRANSLATION INITIATION FACTOR 3 SUBUNIT K,turquoise,NA,gene
Manes.03G044800.v8.1,Manes.03G044800,(1 of 3) PTHR11200//PTHR11200:SF131 - INOSITOL 5-PHOSPHATASE // SUBFAMILY NOT NAMED,turquoise,NA,gene
Manes.03G045200.v8.1,Manes.03G045200,(1 of 5) K11975 - E3 ubiquitin-protein ligase RNF144 [EC:6.3.2.19] (RNF144),purple,NA,gene
Manes.03G045300.v8.1,Manes.03G045300,(1 of 2) PTHR22970:SF21 - AT-RICH INTERACTIVE DOMAIN-CONTAINING PROTEIN 4,turquoise,NA,gene
Manes.03G046000.v8.1,Manes.03G046000,(1 of 2) K18740 - exonuclease 3'-5' domain-containing protein 1 (EXD1; EGL),turquoise,NA,gene
Manes.03G046300.v8.1,Manes.03G046300,,turquoise,NA,gene
Manes.03G046400.v8.1,Manes.03G046400,(1 of 14) PF07797 - Protein of unknown function (DUF1639) (DUF1639),black,NA,gene
Manes.03G046500.v8.1,Manes.03G046500,(1 of 1) PTHR32093//PTHR32093:SF13 - FAMILY NOT NAMED // SERINE/ARGININE REPETITIVE MATRIX PROTEIN 2,turquoise,NA,gene
Manes.03G046800.v8.1,Manes.03G046800,(1 of 2) 4.99.1.1 - Ferrochelatase / Protoheme ferro-lyase,black,NA,gene
Manes.03G048000.v8.1,Manes.03G048000,(1 of 1) PTHR34368:SF2 - ALKALINE PHYTOCERAMIDASE (APHC),black,NA,gene
Manes.03G048300.v8.1,Manes.03G048300,(1 of 25) PF07714//PF08263//PF13855 - Protein tyrosine kinase (Pkinase_Tyr) // Leucine rich repeat N-terminal domain (LRRNT_2) // Leucine rich repeat (LRR_8),black,NA,gene
Manes.03G048900.v8.1,Manes.03G048900,(1 of 1) PTHR10992//PTHR10992:SF853 - ALPHA/BETA HYDROLASE FOLD-CONTAINING PROTEIN // SUBFAMILY NOT NAMED,turquoise,NA,gene
Manes.03G049000.v8.1,Manes.03G049000,(1 of 4) K08955 - ATP-dependent metalloprotease [EC:3.4.24.-] (YME1),turquoise,NA,gene
Manes.03G049400.v8.1,Manes.03G049400,(1 of 2) PTHR10168:SF56 - GLUTAREDOXIN-C10-RELATED,turquoise,NA,gene
Manes.03G050800.v8.1,Manes.03G050800,(1 of 6) PTHR13832//PTHR13832:SF335 - PROTEIN PHOSPHATASE 2C // PROTEIN PHOSPHATASE 2C 16-RELATED,turquoise,NA,gene
Manes.03G052500.v8.1,Manes.03G052500,(1 of 2) K18787 - thermospermine synthase (ACL5),black,NA,gene
Manes.03G052700.v8.1,Manes.03G052700,(1 of 1) K13346 - peroxin-10 (PEX10),turquoise,NA,gene
Manes.03G053433.v8.1,Manes.03G053433,(1 of 2) PTHR24006//PTHR24006:SF502 - FAMILY NOT NAMED // F-BOX/LRR-REPEAT PROTEIN 15-RELATED,turquoise,NA,gene
Manes.03G054000.v8.1,Manes.03G054000,(1 of 1) PTHR28039//PTHR28039:SF3 - FAMILY NOT NAMED // FATTY-ACID-BINDING PROTEIN 2,turquoise,NA,gene
Manes.03G054100.v8.1,Manes.03G054100,(1 of 1) K04640 - guanine nucleotide-binding protein subunit alpha; other (GNA),turquoise,NA,gene
Manes.03G054700.v8.1,Manes.03G054700,(1 of 1) K03129 - transcription initiation factor TFIID subunit 4 (TAF4),turquoise,NA,gene
Manes.03G054900.v8.1,Manes.03G054900,(1 of 2) K13462 - guanine nucleotide-exchange factor (MIN7),turquoise,NA,gene
Manes.03G055000.v8.1,Manes.03G055000,(1 of 270) PF13639 - Ring finger domain (zf-RING_2),turquoise,NA,gene
Manes.03G055100.v8.1,Manes.03G055100,(1 of 1) PTHR13856//PTHR13856:SF97 - VHS DOMAIN CONTAINING PROTEIN FAMILY // SUBFAMILY NOT NAMED,turquoise,NA,gene
Manes.03G055816.v8.1,Manes.03G055816,,turquoise,NA,gene
Manes.03G056300.v8.1,Manes.03G056300,(1 of 1) PTHR23240//PTHR23240:SF10 - DNA CROSS-LINK REPAIR PROTEIN PSO2/SNM1-RELATED // SUBFAMILY NOT NAMED,turquoise,NA,gene
Manes.03G056400.v8.1,Manes.03G056400,(1 of 80) PF01535//PF13041//PF14432 - PPR repeat (PPR) // PPR repeat family (PPR_2) // DYW family of nucleic acid deaminases (DYW_deaminase),turquoise,NA,gene
Manes.03G056500.v8.1,Manes.03G056500,(1 of 1) PTHR14950//PTHR14950:SF21 - HELICASE-RELATED // ENDORIBONUCLEASE DICER HOMOLOG 3,turquoise,NA,gene
Manes.03G057400.v8.1,Manes.03G057400,(1 of 3) PTHR31513:SF1 - GLYCINE-RICH PROTEIN,turquoise,NA,gene
Manes.03G057600.v8.1,Manes.03G057600,(1 of 1) K17613 - calcineurin-binding protein cabin-1 (CABIN1),turquoise,NA,gene
Manes.03G058900.v8.1,Manes.03G058900,(1 of 1) PTHR22870//PTHR22870:SF155 - REGULATOR OF CHROMOSOME CONDENSATION // SUBFAMILY NOT NAMED,turquoise,NA,gene
Manes.03G059200.v8.1,Manes.03G059200,(1 of 8) PF00046//PF01852//PF08670 - Homeobox domain (Homeobox) // START domain (START) // MEKHLA domain (MEKHLA),turquoise,NA,gene
Manes.03G060000.v8.1,Manes.03G060000,(1 of 4) PTHR11909//PTHR11909:SF73 - CASEIN KINASE-RELATED // PROTEIN KINASE FAMILY PROTEIN,turquoise,NA,gene
Manes.03G062000.v8.1,Manes.03G062000,(1 of 4) PTHR12446:SF14 - PROTEIN LIN-54 HOMOLOG,turquoise,NA,gene
Manes.03G061800.v8.1,Manes.03G061800,(1 of 1) PF07774//PF13360 - Protein of unknown function (DUF1620) (DUF1620) // PQQ-like domain (PQQ_2),turquoise,NA,gene
Manes.03G061600.v8.1,Manes.03G061600,(1 of 2) PTHR13856:SF78 - ENTH/VHS/GAT FAMILY PROTEIN,turquoise,NA,gene
Manes.03G061400.v8.1,Manes.03G061400,(1 of 5) 4.1.3.38 - Aminodeoxychorismate lyase / Enzyme X,turquoise,NA,gene
Manes.03G061100.v8.1,Manes.03G061100,(1 of 1) 2.6.1.3 - Cysteine transaminase / Cysteine aminotransferase,turquoise,NA,gene
Manes.03G060801.v8.1,Manes.03G060801,(1 of 70) PTHR23155//PTHR23155:SF554 - LEUCINE-RICH REPEAT-CONTAINING PROTEIN // SUBFAMILY NOT NAMED,turquoise,NA,gene
Manes.03G063225.v8.1,Manes.03G063225,(1 of 70) PTHR23155//PTHR23155:SF554 - LEUCINE-RICH REPEAT-CONTAINING PROTEIN // SUBFAMILY NOT NAMED,turquoise,NA,gene
Manes.03G066340.v8.1,Manes.03G066340,(1 of 1) K02349 - DNA polymerase theta [EC:2.7.7.7] (POLQ),turquoise,NA,gene
Manes.03G064650.v8.1,Manes.03G064650,(1 of 1) PTHR21319//PTHR21319:SF15 - RING FINGER AND CHY ZINC FINGER DOMAIN-CONTAINING PROTEIN 1 // CHY AND CTCHY AND RING-TYPE ZINC FINGER PROTEIN,turquoise,NA,gene
Manes.03G064800.v8.1,Manes.03G064800,(1 of 2) PTHR37252:SF1 - CTC-INTERACTING DOMAIN 5,turquoise,NA,gene
Manes.03G065000.v8.1,Manes.03G065000,(1 of 1) PTHR11477:SF17 - PROTEIN PARTNER OF SNF,turquoise,NA,gene
Manes.03G065400.v8.1,Manes.03G065400,(1 of 207) PF01535//PF13041 - PPR repeat (PPR) // PPR repeat family (PPR_2),turquoise,NA,gene
Manes.03G065500.v8.1,Manes.03G065500,(1 of 2) PTHR33077//PTHR33077:SF8 - FAMILY NOT NAMED // PROTEIN TIFY 8,turquoise,NA,gene
Manes.03G065632.v8.1,Manes.03G065632,(1 of 6) PTHR22847//PTHR22847:SF437 - WD40 REPEAT PROTEIN // TRANSCRIPTIONAL COREPRESSOR LEUNIG,turquoise,NA,gene
Manes.03G066500.v8.1,Manes.03G066500,(1 of 1) K18404 - tudor domain-containing protein 3 (TDRD3),turquoise,NA,gene
Manes.03G068200.v8.1,Manes.03G068200,(1 of 2) K09533 - DnaJ homolog subfamily C member 13 (DNAJC13),turquoise,NA,gene
Manes.03G070216.v8.1,Manes.03G070216,(1 of 2) PTHR12965:SF0 - VACUOLAR PROTEIN SORTING-ASSOCIATED PROTEIN 54,turquoise,NA,gene
Manes.03G069600.v8.1,Manes.03G069600,(1 of 1) PTHR11615//PTHR11615:SF120 - NITRATE; FROMATE; IRON DEHYDROGENASE // SUBFAMILY NOT NAMED,turquoise,NA,gene
Manes.03G069648.v8.1,Manes.03G069648,(1 of 3) PTHR12482//PTHR12482:SF5 - UNCHARACTERIZED // PROTEIN C09D4.4; ISOFORM C,turquoise,NA,gene
Manes.03G069017.v8.1,Manes.03G069017,,turquoise,NA,gene
Manes.03G070700.v8.1,Manes.03G070700,(1 of 1) PTHR11353//PTHR11353:SF99 - CHAPERONIN // CHAPERONIN 60 SUBUNIT ALPHA 2; CHLOROPLASTIC,turquoise,NA,gene
Manes.03G071200.v8.1,Manes.03G071200,(1 of 1) PTHR13271:SF23 - N-LYSINE METHYLTRANSFERASE EFM1,turquoise,NA,gene
Manes.03G071900.v8.1,Manes.03G071900,(1 of 1) K11799 - WD repeat-containing protein 21A (WDR21A),turquoise,NA,gene
Manes.03G072850.v8.1,Manes.03G072850,(1 of 2) PTHR22880:SF163 - TRANSCRIPTION FACTOR GTE1,turquoise,NA,gene
Manes.03G073000.v8.1,Manes.03G073000,,turquoise,NA,gene
Manes.03G074800.v8.1,Manes.03G074800,(1 of 5) 3.6.3.54 - Cu(+) exporting ATPase,purple,NA,gene
Manes.03G075600.v8.1,Manes.03G075600,(1 of 5) PTHR11040//PTHR11040:SF59 - ZINC/IRON TRANSPORTER // SUBFAMILY NOT NAMED,black,NA,gene
Manes.03G076150.v8.1,Manes.03G076150,(1 of 2) PTHR11384:SF3 - INNER MEMBRANE ABC TRANSPORTER ATP-BINDING PROTEIN YDDA-RELATED,turquoise,NA,gene
Manes.03G077100.v8.1,Manes.03G077100,(1 of 2) PTHR24073:SF570 - RAS-RELATED PROTEIN RABF2A-RELATED,turquoise,NA,gene
Manes.03G077400.v8.1,Manes.03G077400,(1 of 2) PTHR23155//PTHR23155:SF494 - LEUCINE-RICH REPEAT-CONTAINING PROTEIN // SUBFAMILY NOT NAMED,turquoise,NA,gene
Manes.03G082600.v8.1,Manes.03G082600,(1 of 207) PF01535//PF13041 - PPR repeat (PPR) // PPR repeat family (PPR_2),turquoise,NA,gene
Manes.03G082400.v8.1,Manes.03G082400,(1 of 207) PF01535//PF13041 - PPR repeat (PPR) // PPR repeat family (PPR_2),turquoise,NA,gene
Manes.03G097700.v8.1,Manes.03G097700,(1 of 2) K13413 - mitogen-activated protein kinase kinase 4/5; plant (MKK4_5P),turquoise,NA,gene
Manes.03G081800.v8.1,Manes.03G081800,(1 of 2) PTHR31096//PTHR31096:SF16 - FAMILY NOT NAMED // ACT DOMAIN-CONTAINING PROTEIN,turquoise,NA,gene
Manes.03G080300.v8.1,Manes.03G080300,(1 of 1) KOG2431 - 1; 2-alpha-mannosidase,turquoise,NA,gene
Manes.03G080400.v8.1,Manes.03G080400,(1 of 1) PTHR22883:SF33 - PALMITOYLTRANSFERASE ZDHHC12-RELATED,turquoise,NA,gene
Manes.03G081362.v8.1,Manes.03G081362,(1 of 1) K14696 - solute carrier family 30 (zinc transporter); member 9 (SLC30A9; ZNT9),turquoise,NA,gene
Manes.03G080700.v8.1,Manes.03G080700,,turquoise,NA,gene
Manes.03G080800.v8.1,Manes.03G080800,(1 of 1) K19022 - AP-5 complex subunit beta-1 (AP5B1),turquoise,NA,gene
Manes.03G080900.v8.1,Manes.03G080900,(1 of 1) K12824 - transcription elongation regulator 1 (TCERG1; CA150),turquoise,NA,gene
Manes.03G081000.v8.1,Manes.03G081000,(1 of 2) PTHR10774//PTHR10774:SF82 - EXTENDED SYNAPTOTAGMIN-RELATED // SUBFAMILY NOT NAMED,turquoise,NA,gene
Manes.03G097500.v8.1,Manes.03G097500,(1 of 2) PTHR23500:SF96 - MONOSACCHARIDE-SENSING PROTEIN 2,turquoise,NA,gene
Manes.03G096900.v8.1,Manes.03G096900,(1 of 3) 3.5.1.14 - N-acyl-aliphatic-L-amino acid amidohydrolase / N-acyl-L-amino-acid amidohydrolase,turquoise,NA,gene
Manes.03G096700.v8.1,Manes.03G096700,(1 of 2) PTHR10663//PTHR10663:SF108 - GUANYL-NUCLEOTIDE EXCHANGE FACTOR // BREFELDIN A-INHIBITED GUANINE NUCLEOTIDE-EXCHANGE PROTEIN 1-RELATED,turquoise,NA,gene
Manes.03G096600.v8.1,Manes.03G096600,(1 of 5) 1.1.1.34 - Hydroxymethylglutaryl-CoA reductase (NADPH) / HMG-CoA reductase,turquoise,carot,gene
Manes.03G096516.v8.1,Manes.03G096516,,turquoise,NA,gene
Manes.03G096200.v8.1,Manes.03G096200,(1 of 3) K12394 - AP-1 complex subunit sigma 1/2 (AP1S1_2),turquoise,NA,gene
Manes.03G096100.v8.1,Manes.03G096100,(1 of 1) PTHR24351:SF81 - PHOTOTROPIN-2,turquoise,NA,gene
Manes.03G095700.v8.1,Manes.03G095700,(1 of 1) K02887 - large subunit ribosomal protein L20 (RP-L20; MRPL20; rplT),turquoise,NA,gene
Manes.03G095300.v8.1,Manes.03G095300,(1 of 2) K11322 - enhancer of polycomb-like protein (EPC),black,NA,gene
Manes.03G086200.v8.1,Manes.03G086200,(1 of 3) K02940 - large subunit ribosomal protein L9e (RP-L9e; RPL9),turquoise,NA,gene
Manes.03G086400.v8.1,Manes.03G086400,(1 of 4) PTHR22763//PTHR22763:SF59 - RING ZINC FINGER PROTEIN // GENOMIC DNA; CHROMOSOME 3; P1 CLONE: MRP15,turquoise,NA,gene
Manes.03G086600.v8.1,Manes.03G086600,(1 of 1569) 2.7.11.1 - Non-specific serine/threonine protein kinase / Threonine-specific protein kinase,purple,NA,gene
Manes.03G087600.v8.1,Manes.03G087600,(1 of 1) 3.4.22.54 - Calpain-3 / Muscle-specific calcium-activated neutral protease 3,turquoise,NA,gene
Manes.03G087603.v8.1,Manes.03G087603,(1 of 14) PF07797 - Protein of unknown function (DUF1639) (DUF1639),turquoise,NA,gene
Manes.03G098333.v8.1,Manes.03G098333,(1 of 3) PTHR10527//PTHR10527:SF29 - IMPORTIN BETA // SUBFAMILY NOT NAMED,turquoise,NA,gene
Manes.03G098848.v8.1,Manes.03G098848,(1 of 2) PTHR32227//PTHR32227:SF48 - FAMILY NOT NAMED // GLUCAN ENDO-1;3-BETA-GLUCOSIDASE 4,turquoise,NA,gene
Manes.03G098896.v8.1,Manes.03G098896,,turquoise,NA,gene
Manes.03G085300.v8.1,Manes.03G085300,(1 of 1) 6.3.4.5 - Argininosuccinate synthase / Citrulline--aspartate ligase,turquoise,NA,gene
Manes.03G084800.v8.1,Manes.03G084800,(1 of 7) K04382 - serine/threonine-protein phosphatase 2A catalytic subunit (PPP2C),turquoise,NA,gene
Manes.03G084600.v8.1,Manes.03G084600,,turquoise,NA,gene
Manes.03G087803.v8.1,Manes.03G087803,(1 of 7) 6.2.1.1 - Acetate--CoA ligase / Acyl-activating enzyme,turquoise,NA,gene
Manes.03G088300.v8.1,Manes.03G088300,(1 of 28) PF04398 - Protein of unknown function; DUF538 (DUF538),turquoise,NA,gene
Manes.03G089000.v8.1,Manes.03G089000,,turquoise,NA,gene
Manes.03G089200.v8.1,Manes.03G089200,(1 of 1) PTHR15852:SF22 - PROTEIN SSU-2; ISOFORM B,turquoise,NA,gene
Manes.03G089500.v8.1,Manes.03G089500,(1 of 1) PTHR10315//PTHR10315:SF45 - SEVEN IN ABSENTIA HOMOLOG // E3 UBIQUITIN-PROTEIN LIGASE,purple,NA,gene
Manes.03G090000.v8.1,Manes.03G090000,(1 of 3) PTHR12741:SF21 - CALLOSE SYNTHASE 3,turquoise,NA,gene
Manes.03G082700.v8.1,Manes.03G082700,(1 of 1) PTHR12496//PTHR12496:SF0 - CGI-41 METHYLTRANSFERASE // METHYLTRANSFERASE-LIKE PROTEIN 25,turquoise,NA,gene
Manes.03G082900.v8.1,Manes.03G082900,(1 of 2) K03541 - photosystem II 10kDa protein (psbR),turquoise,NA,gene
Manes.03G083000.v8.1,Manes.03G083000,(1 of 1) K06955 - uncharacterized protein (K06955),turquoise,NA,gene
Manes.03G083200.v8.1,Manes.03G083200,(1 of 1569) 2.7.11.1 - Non-specific serine/threonine protein kinase / Threonine-specific protein kinase,turquoise,NA,gene
Manes.03G083300.v8.1,Manes.03G083300,(1 of 1) PTHR24078//PTHR24078:SF178 - DNAJ HOMOLOG SUBFAMILY C MEMBER // DNAJ-LIKE-2; ISOFORM A,turquoise,NA,gene
Manes.03G083603.v8.1,Manes.03G083603,(1 of 1) PTHR11132//PTHR11132:SF60 - SOLUTE CARRIER FAMILY 35 // SUBFAMILY NOT NAMED,turquoise,NA,gene
Manes.03G090800.v8.1,Manes.03G090800,(1 of 1) PF00009//PF01926//PF11987 - Elongation factor Tu GTP binding domain (GTP_EFTU) // 50S ribosome-binding GTPase (MMR_HSR1) // Translation-initiation factor 2 (IF-2),turquoise,NA,gene
Manes.03G091048.v8.1,Manes.03G091048,(1 of 2) PTHR10774//PTHR10774:SF80 - EXTENDED SYNAPTOTAGMIN-RELATED // CALCIUM-DEPENDENT LIPID-BINDING DOMAIN-CONTAINING PROTEIN,turquoise,NA,gene
Manes.03G083900.v8.1,Manes.03G083900,(1 of 1) K14066 - geranyl diphosphate synthase (GPS),turquoise,carot,gene
Manes.03G084500.v8.1,Manes.03G084500,,turquoise,NA,gene
Manes.03G078100.v8.1,Manes.03G078100,(1 of 1) PTHR10361//PTHR10361:SF28 - SODIUM-BILE ACID COTRANSPORTER // SODIUM/BILE ACID COTRANSPORTER 4,turquoise,NA,gene
Manes.03G079000.v8.1,Manes.03G079000,(1 of 4) PTHR10788//PTHR10788:SF6 - TREHALOSE-6-PHOSPHATE SYNTHASE // BCDNA.GH08860,turquoise,NA,gene
Manes.03G092500.v8.1,Manes.03G092500,(1 of 1) PTHR32285:SF58 - PROTEIN TRICHOME BIREFRINGENCE-LIKE 41,purple,NA,gene
Manes.03G092400.v8.1,Manes.03G092400,(1 of 1) PTHR11926:SF379 - F11M15.8 PROTEIN-RELATED,turquoise,NA,gene
Manes.03G092416.v8.1,Manes.03G092416,(1 of 3) PF00560//PF07714//PF11721 - Leucine Rich Repeat (LRR_1) // Protein tyrosine kinase (Pkinase_Tyr) // Di-glucose binding within endoplasmic reticulum (Malectin),turquoise,NA,gene
Manes.03G092000.v8.1,Manes.03G092000,(1 of 1) PF00069//PF11721//PF13855 - Protein kinase domain (Pkinase) // Di-glucose binding within endoplasmic reticulum (Malectin) // Leucine rich repeat (LRR_8),turquoise,NA,gene
Manes.03G099000.v8.1,Manes.03G099000,(1 of 1) K10884 - ATP-dependent DNA helicase 2 subunit 1 (XRCC6; KU70; G22P1),turquoise,NA,gene
Manes.03G099700.v8.1,Manes.03G099700,(1 of 1) K03504 - DNA polymerase delta subunit 3 (POLD3),turquoise,NA,gene
Manes.03G099900.v8.1,Manes.03G099900,(1 of 4) PTHR13833//PTHR13833:SF46 - FAMILY NOT NAMED // NHL DOMAIN-CONTAINING PROTEIN,turquoise,NA,gene
Manes.03G100000.v8.1,Manes.03G100000,(1 of 11) PF04859 - Plant protein of unknown function (DUF641) (DUF641),black,NA,gene
Manes.03G100600.v8.1,Manes.03G100600,(1 of 2) PTHR16517//PTHR16517:SF35 - TUBBY-RELATED // SUBFAMILY NOT NAMED,turquoise,NA,gene
Manes.03G101200.v8.1,Manes.03G101200,(1 of 1) PTHR12472:SF0 - RAB3 GTPASE-ACTIVATING PROTEIN NON-CATALYTIC SUBUNIT,turquoise,NA,gene
Manes.03G101900.v8.1,Manes.03G101900,(1 of 5) 4.1.1.31 - Phosphoenolpyruvate carboxylase / Phosphoenolpyruvic carboxylase,turquoise,NA,gene
Manes.03G103200.v8.1,Manes.03G103200,(1 of 6) K00026 - malate dehydrogenase (MDH2),turquoise,carb,gene
Manes.03G104000.v8.1,Manes.03G104000,(1 of 2) PTHR22937//PTHR22937:SF48 - RING FINGER CONTAINING PROTEIN // SUBFAMILY NOT NAMED,turquoise,NA,gene
Manes.03G104100.v8.1,Manes.03G104100,(1 of 2) KOG3375 - Phosphoprotein/predicted coiled-coil protein,turquoise,NA,gene
Manes.03G104800.v8.1,Manes.03G104800,(1 of 1) K18416 - 3'-5' exoribonuclease 1 [EC:3.1.-.-] (THEX1; ERI1),black,NA,gene
Manes.03G104900.v8.1,Manes.03G104900,(1 of 1) KOG2979 - Protein involved in DNA repair,turquoise,NA,gene
Manes.03G106200.v8.1,Manes.03G106200,(1 of 207) PF01535//PF13041 - PPR repeat (PPR) // PPR repeat family (PPR_2),turquoise,NA,gene
Manes.03G106300.v8.1,Manes.03G106300,(1 of 47) K09286 - EREBP-like factor (EREBP),turquoise,NA,gene
Manes.03G106500.v8.1,Manes.03G106500,(1 of 1) PTHR19317:SF1 - PRA1 FAMILY PROTEIN 2,turquoise,NA,gene
Manes.03G106600.v8.1,Manes.03G106600,(1 of 2) K08838 - serine/threonine-protein kinase 24/25/MST4 [EC:2.7.11.1] (STK24_25_MST4),turquoise,NA,gene
Manes.03G109200.v8.1,Manes.03G109200,(1 of 4) PTHR33021:SF45 - EARLY NODULIN-LIKE PROTEIN 3-RELATED,turquoise,NA,gene
Manes.03G109400.v8.1,Manes.03G109400,(1 of 46) PF05678 - VQ motif (VQ),black,NA,gene
Manes.03G109500.v8.1,Manes.03G109500,(1 of 1) KOG4837 - Uncharacterized conserved protein,turquoise,NA,gene
Manes.03G110600.v8.1,Manes.03G110600,(1 of 1) PTHR24067:SF100 - UBIQUITIN-CONJUGATING ENZYME FAMILY PROTEIN-RELATED,turquoise,NA,gene
Manes.03G110700.v8.1,Manes.03G110700,(1 of 1) K03514 - non-canonical poly(A) RNA polymerase PAPD5/7 (PAPD5_7; TRF4),turquoise,NA,gene
Manes.03G111200.v8.1,Manes.03G111200,(1 of 1) PTHR11926//PTHR11926:SF366 - GLUCOSYL/GLUCURONOSYL TRANSFERASES // SUBFAMILY NOT NAMED,purple,NA,gene
Manes.03G111400.v8.1,Manes.03G111400,(1 of 2) PTHR12313:SF2 - E3 UBIQUITIN-PROTEIN LIGASE RMA3,turquoise,NA,gene
Manes.03G112400.v8.1,Manes.03G112400,(1 of 1) PTHR31942:SF15 - MLO-LIKE PROTEIN 11-RELATED,turquoise,NA,gene
Manes.03G112900.v8.1,Manes.03G112900,(1 of 49) PF00560//PF13855 - Leucine Rich Repeat (LRR_1) // Leucine rich repeat (LRR_8),turquoise,NA,gene
Manes.03G113000.v8.1,Manes.03G113000,(1 of 2) PTHR22870:SF209 - GENOMIC DNA; CHROMOSOME 3; P1 CLONE: MJK13,black,NA,gene
Manes.03G113100.v8.1,Manes.03G113100,(1 of 4) PTHR13780:SF39 - CBS DOMAIN-CONTAINING PROTEIN-RELATED,black,NA,gene
Manes.03G113200.v8.1,Manes.03G113200,(1 of 2) PTHR12736//PTHR12736:SF13 - LANC-LIKE PROTEIN // SUBFAMILY NOT NAMED,black,NA,gene
Manes.03G114700.v8.1,Manes.03G114700,(1 of 1) PF12584 - Trafficking protein particle complex subunit 10; TRAPPC10 (TRAPPC10),turquoise,NA,gene
Manes.03G114800.v8.1,Manes.03G114800,(1 of 2) PTHR10108//PTHR10108:SF754 - METHYLTRANSFERASE // EXPRESSED PROTEIN,turquoise,NA,gene
Manes.03G114832.v8.1,Manes.03G114832,(1 of 4) PTHR23155//PTHR23155:SF497 - LEUCINE-RICH REPEAT-CONTAINING PROTEIN // SUBFAMILY NOT NAMED,turquoise,NA,gene
Manes.03G115300.v8.1,Manes.03G115300,(1 of 49) PF00407 - Pathogenesis-related protein Bet v I family (Bet_v_1),purple,NA,gene
Manes.03G116200.v8.1,Manes.03G116200,,turquoise,NA,gene
Manes.03G116300.v8.1,Manes.03G116300,(1 of 2) KOG0703 - Predicted GTPase-activating protein,turquoise,NA,gene
Manes.03G116400.v8.1,Manes.03G116400,(1 of 1) PTHR33098//PTHR33098:SF11 - FAMILY NOT NAMED // COTTON FIBER EXPRESSED PROTEIN 1-LIKE PROTEIN,turquoise,NA,gene
Manes.03G116600.v8.1,Manes.03G116600,(1 of 3) PTHR13140:SF384 - MYOSIN-2,turquoise,NA,gene
Manes.03G117900.v8.1,Manes.03G117900,(1 of 6) PTHR31717//PTHR31717:SF7 - FAMILY NOT NAMED // B-BOX DOMAIN PROTEIN 26-RELATED,turquoise,NA,gene
Manes.03G119400.v8.1,Manes.03G119400,(1 of 21) PF00954//PF01453//PF07714//PF08276//PF11883 - S-locus glycoprotein domain (S_locus_glycop) // D-mannose binding lectin (B_lectin) // Protein tyrosine kinase (Pkinase_Tyr) // PAN-like domain (PAN_2) // Domain of unknown function (DUF3403) (DUF3403),turquoise,NA,gene
Manes.03G120832.v8.1,Manes.03G120832,(1 of 2) K08202 - MFS transporter; OCT family; solute carrier family 22 (organic cation transporter); member 4/5 (SLC22A4_5; OCTN),turquoise,NA,gene
Manes.03G121040.v8.1,Manes.03G121040,(1 of 1) PTHR12903//PTHR12903:SF1 - MITOCHONDRIAL RIBOSOMAL PROTEIN L24 // 50S RIBOSOMAL PROTEIN L24; CHLOROPLASTIC,turquoise,NA,gene
Manes.03G121400.v8.1,Manes.03G121400,(1 of 1) PTHR10366//PTHR10366:SF350 - NAD DEPENDENT EPIMERASE/DEHYDRATASE // SUBFAMILY NOT NAMED,turquoise,NA,gene
Manes.03G121900.v8.1,Manes.03G121900,(1 of 4) PTHR23213//PTHR23213:SF195 - FORMIN-RELATED // FORMIN-LIKE PROTEIN 12-RELATED,turquoise,NA,gene
Manes.03G122401.v8.1,Manes.03G122401,(1 of 1) PTHR10799//PTHR10799:SF620 - SWI/SNF-RELATED MATRIX-ASSOCIATED ACTIN-DEPENDENT REGULATOR OF CHROMATIN SUBFAMILY-RELATED // DEFECTIVE CHORION-1 PROTEIN; FC177 ISOFORM,turquoise,NA,gene
Manes.03G123200.v8.1,Manes.03G123200,(1 of 2) PTHR31415//PTHR31415:SF22 - FAMILY NOT NAMED // LATE EMBRYOGENESIS ABUNDANT HYDROXYPROLINE-RICH GLYCOPROTEIN-RELATED,turquoise,NA,gene
Manes.03G123300.v8.1,Manes.03G123300,(1 of 2) KOG3330 - Transport protein particle (TRAPP) complex subunit,turquoise,NA,gene
Manes.03G123900.v8.1,Manes.03G123900,(1 of 1) KOG3054 - Uncharacterized conserved protein,turquoise,NA,gene
Manes.03G123918.v8.1,Manes.03G123918,(1 of 2) PTHR22957//PTHR22957:SF276 - TBC1 DOMAIN FAMILY MEMBER GTPASE-ACTIVATING PROTEIN // SUBFAMILY NOT NAMED,turquoise,NA,gene
Manes.03G128000.v8.1,Manes.03G128000,(1 of 57) PF02298 - Plastocyanin-like domain (Cu_bind_like),turquoise,NA,gene
Manes.03G127800.v8.1,Manes.03G127800,(1 of 4) PTHR11132:SF112 - GLUCOSE-6-PHOSPHATE/PHOSPHATE TRANSLOCATOR 1; CHLOROPLASTIC-RELATED,turquoise,NA,gene
Manes.03G127500.v8.1,Manes.03G127500,(1 of 1) K13108 - smad nuclear-interacting protein 1 (SNIP1),turquoise,NA,gene
Manes.03G127200.v8.1,Manes.03G127200,(1 of 2) K13101 - G patch domain and KOW motifs-containing protein (GPKOW),turquoise,NA,gene
Manes.03G127100.v8.1,Manes.03G127100,(1 of 2) K13101 - G patch domain and KOW motifs-containing protein (GPKOW),turquoise,NA,gene
Manes.03G125700.v8.1,Manes.03G125700,(1 of 14) PTHR31236//PTHR31236:SF2 - FAMILY NOT NAMED // DEHYDRATION-RESPONSIVE PROTEIN RD22,turquoise,NA,gene
Manes.03G125000.v8.1,Manes.03G125000,(1 of 25) PF01190 - Pollen proteins Ole e I like (Pollen_Ole_e_I),turquoise,NA,gene
Manes.03G124800.v8.1,Manes.03G124800,(1 of 2) K12188 - ESCRT-II complex subunit VPS22 (SNF8; EAP30),turquoise,NA,gene
Manes.03G128501.v8.1,Manes.03G128501,(1 of 4) PTHR24012:SF333 - POLYADENYLATE-BINDING PROTEIN RBP45B-RELATED,turquoise,NA,gene
Manes.03G129500.v8.1,Manes.03G129500,(1 of 4) PTHR24349//PTHR24349:SF89 - SERINE/THREONINE-PROTEIN KINASE // CALCIUM-DEPENDENT PROTEIN KINASE 29,turquoise,NA,gene
Manes.03G129700.v8.1,Manes.03G129700,,turquoise,NA,gene
Manes.03G129800.v8.1,Manes.03G129800,(1 of 4) 4.2.1.3 - Aconitate hydratase / Citrate(isocitrate) hydro-lyase,turquoise,carb,gene
Manes.03G130500.v8.1,Manes.03G130500,(1 of 4) PTHR11214:SF5 - BETA-1;3-GALACTOSYLTRANSFERASE 2-RELATED,turquoise,NA,gene
Manes.03G131100.v8.1,Manes.03G131100,(1 of 2) PTHR22881//PTHR22881:SF11 - BROMODOMAIN CONTAINING PROTEIN // PROTEIN SWSN-9; ISOFORM A,turquoise,NA,gene
Manes.03G131600.v8.1,Manes.03G131600,(1 of 3) K18270 - Rab3 GTPase-activating protein catalytic subunit (RAB3GAP1),turquoise,NA,gene
Manes.03G132100.v8.1,Manes.03G132100,(1 of 7) 3.4.23.40 - Phytepsin,purple,NA,gene
Manes.03G133300.v8.1,Manes.03G133300,(1 of 2) PTHR10357:SF119 - 1;4-ALPHA-GLUCAN-BRANCHING ENZYME 3; CHLOROPLASTIC/AMYLOPLASTIC,turquoise,carb,gene
Manes.03G133200.v8.1,Manes.03G133200,(1 of 3) K12606 - CCR4-NOT transcription complex subunit 9 (RCD1; CNOT9; CAF40),turquoise,NA,gene
Manes.03G137104.v8.1,Manes.03G137104,(1 of 7) K12160 - small ubiquitin-related modifier (SUMO; SMT3),turquoise,NA,gene
Manes.03G136906.v8.1,Manes.03G136906,(1 of 3) K12483 - EH domain-containing protein 1 (EHD1),turquoise,NA,gene
Manes.03G136600.v8.1,Manes.03G136600,(1 of 1) PTHR30560:SF3 - TRIGGER FACTOR-LIKE PROTEIN TIG,turquoise,NA,gene
Manes.03G135800.v8.1,Manes.03G135800,(1 of 2) K15423 - serine/threonine-protein phosphatase 4 catalytic subunit (PPP4C),turquoise,NA,gene
Manes.03G135600.v8.1,Manes.03G135600,(1 of 2) K08503 - syntaxin of plants SYP5 (SYP5),turquoise,NA,gene
Manes.03G134500.v8.1,Manes.03G134500,(1 of 2) PTHR13903//PTHR13903:SF5 - PIRIN-RELATED // SUBFAMILY NOT NAMED,black,NA,gene
Manes.03G134300.v8.1,Manes.03G134300,,turquoise,NA,gene
Manes.03G137804.v8.1,Manes.03G137804,(1 of 3) PTHR31221:SF21 - WRKY TRANSCRIPTION FACTOR 20-RELATED,turquoise,NA,gene
Manes.03G137702.v8.1,Manes.03G137702,(1 of 79) PF03514 - GRAS domain family (GRAS),turquoise,NA,gene
Manes.03G138000.v8.1,Manes.03G138000,(1 of 2) PTHR13803//PTHR13803:SF11 - SEC24-RELATED PROTEIN // SUBFAMILY NOT NAMED,turquoise,NA,gene
Manes.03G140301.v8.1,Manes.03G140301,(1 of 3) PTHR34947:SF2 - GENOMIC DNA; CHROMOSOME 3; P1 CLONE:MJG19,black,NA,gene
Manes.03G140401.v8.1,Manes.03G140401,(1 of 4) PTHR11003//PTHR11003:SF135 - POTASSIUM CHANNEL; SUBFAMILY K // SUBFAMILY NOT NAMED,black,NA,gene
Manes.03G140500.v8.1,Manes.03G140500,,turquoise,NA,gene
Manes.03G140200.v8.1,Manes.03G140200,(1 of 2) K17496 - mitochondrial import inner membrane translocase subunit TIM50 (TIM50),turquoise,NA,gene
Manes.03G140433.v8.1,Manes.03G140433,,turquoise,NA,gene
Manes.03G140900.v8.1,Manes.03G140900,(1 of 2) PTHR13468:SF1 - PROTEIN DEK,turquoise,NA,gene
Manes.03G141000.v8.1,Manes.03G141000,(1 of 2) K14398 - cleavage and polyadenylation specificity factor subunit 6/7 (CPSF6_7),turquoise,NA,gene
Manes.03G142100.v8.1,Manes.03G142100,(1 of 4) PTHR22811//PTHR22811:SF50 - TRANSMEMBRANE EMP24 DOMAIN-CONTAINING PROTEIN // TRANSMEMBRANE EMP24 DOMAIN-CONTAINING PROTEIN P24BETA2,turquoise,NA,gene
Manes.03G142200.v8.1,Manes.03G142200,(1 of 6) PTHR13301//PTHR13301:SF60 - X-BOX TRANSCRIPTION FACTOR-RELATED // CELLULOSE SYNTHASE-LIKE PROTEIN E1,turquoise,NA,gene
Manes.03G142500.v8.1,Manes.03G142500,(1 of 6) PTHR13301//PTHR13301:SF60 - X-BOX TRANSCRIPTION FACTOR-RELATED // CELLULOSE SYNTHASE-LIKE PROTEIN E1,turquoise,NA,gene
Manes.03G143300.v8.1,Manes.03G143300,(1 of 2) PTHR21716//PTHR21716:SF4 - TRANSMEMBRANE PROTEIN // TRANSMEMBRANE PROTEIN 245,black,NA,gene
Manes.03G143700.v8.1,Manes.03G143700,(1 of 3) K00787 - farnesyl diphosphate synthase (FDPS),turquoise,carot,gene
Manes.03G143900.v8.1,Manes.03G143900,(1 of 2) 3.3.1.1 - Adenosylhomocysteinase / SAHase,turquoise,NA,gene
Manes.03G144200.v8.1,Manes.03G144200,(1 of 1) K10866 - DNA repair protein RAD50 (RAD50),turquoise,NA,gene
Manes.03G145100.v8.1,Manes.03G145100,,turquoise,NA,gene
Manes.03G145400.v8.1,Manes.03G145400,(1 of 2) PTHR23421:SF69 - BETA-GALACTOSIDASE 9,turquoise,NA,gene
Manes.03G146000.v8.1,Manes.03G146000,(1 of 1) PTHR32387//PTHR32387:SF0 - FAMILY NOT NAMED // NO VEIN-LIKE PROTEIN-RELATED,turquoise,NA,gene
Manes.03G146400.v8.1,Manes.03G146400,(1 of 43) PF10250 - GDP-fucose protein O-fucosyltransferase (O-FucT),turquoise,NA,gene
Manes.03G146600.v8.1,Manes.03G146600,(1 of 2) PTHR13020:SF34 - UBX DOMAIN-CONTAINING PROTEIN 4,turquoise,NA,gene
Manes.03G146700.v8.1,Manes.03G146700,(1 of 6) K03231 - elongation factor 1-alpha (EEF1A),turquoise,NA,gene
Manes.03G146900.v8.1,Manes.03G146900,(1 of 6) K03231 - elongation factor 1-alpha (EEF1A),turquoise,NA,gene
Manes.03G147000.v8.1,Manes.03G147000,(1 of 6) K03231 - elongation factor 1-alpha (EEF1A),turquoise,NA,gene
Manes.03G147300.v8.1,Manes.03G147300,(1 of 2) K11844 - ubiquitin carboxyl-terminal hydrolase 16/45 [EC:3.4.19.12] (USP16_45),turquoise,NA,gene
Manes.03G149000.v8.1,Manes.03G149000,,turquoise,NA,gene
Manes.03G149200.v8.1,Manes.03G149200,(1 of 3) K00383 - glutathione reductase (NADPH) (GSR; gor),black,NA,gene
Manes.03G149301.v8.1,Manes.03G149301,(1 of 4) 3.2.1.45 - Glucosylceramidase / D-glucosyl-N-acylsphingosine glucohydrolase,turquoise,NA,gene
Manes.03G149600.v8.1,Manes.03G149600,(1 of 4) PTHR36326:SF1 - PROTEIN MALE STERILE 5,turquoise,NA,gene
Manes.03G149700.v8.1,Manes.03G149700,(1 of 1) K06126 - ubiquinone biosynthesis monooxygenase Coq6 (COQ6),turquoise,NA,gene
Manes.03G150000.v8.1,Manes.03G150000,(1 of 5) K00660 - chalcone synthase (CHS),turquoise,NA,gene
Manes.03G150400.v8.1,Manes.03G150400,(1 of 2) PTHR10543//PTHR10543:SF48 - BETA-CAROTENE DIOXYGENASE // 9-CIS-EPOXYCAROTENOID DIOXYGENASE NCED6; CHLOROPLASTIC,turquoise,carot,gene
Manes.03G150800.v8.1,Manes.03G150800,(1 of 44) PF03140 - Plant protein of unknown function (DUF247),purple,NA,gene
Manes.03G152200.v8.1,Manes.03G152200,(1 of 4) PTHR11732:SF14 - HYPERKINETIC; ISOFORM M,black,NA,gene
Manes.03G152700.v8.1,Manes.03G152700,(1 of 2) 3.6.1.19 - Nucleoside-triphosphate diphosphatase / Nucleoside-triphosphate pyrophosphatase,turquoise,NA,gene
Manes.03G154900.v8.1,Manes.03G154900,(1 of 2) K11346 - inhibitor of growth protein 4 (ING4),turquoise,NA,gene
Manes.03G155400.v8.1,Manes.03G155400,(1 of 2) PTHR19306:SF4 - GENOMIC DNA; CHROMOSOME 3; BAC CLONE:F14O13,turquoise,NA,gene
Manes.03G155500.v8.1,Manes.03G155500,(1 of 1) PTHR13140//PTHR13140:SF391//PTHR13140:SF486 - MYOSIN // MYOSIN-10-RELATED // SUBFAMILY NOT NAMED,turquoise,NA,gene
Manes.03G156700.v8.1,Manes.03G156700,(1 of 2) PTHR31585//PTHR31585:SF12 - FAMILY NOT NAMED // FOLATE-BIOPTERIN TRANSPORTER 8; CHLOROPLASTIC-RELATED,black,NA,gene
Manes.03G158300.v8.1,Manes.03G158300,(1 of 4) PTHR31734:SF6 - AUXIN-RESPONSIVE PROTEIN IAA10-RELATED,purple,NA,gene
Manes.03G158600.v8.1,Manes.03G158600,(1 of 4) PTHR10693//PTHR10693:SF29 - RAS GTPASE-ACTIVATING PROTEIN-BINDING PROTEIN // GB|AAD20086.1,turquoise,NA,gene
Manes.03G159000.v8.1,Manes.03G159000,(1 of 2) K17769 - mitochondrial import receptor subunit TOM22 (TOM22),turquoise,NA,gene
Manes.03G159900.v8.1,Manes.03G159900,(1 of 1) PTHR31495:SF3 - CALEOSIN-RELATED FAMILY PROTEIN-RELATED,turquoise,NA,gene
Manes.03G161800.v8.1,Manes.03G161800,(1 of 3) PTHR23083//PTHR23083:SF444 - TETRATRICOPEPTIDE REPEAT PROTEIN; TPR // SUBFAMILY NOT NAMED,turquoise,NA,gene
Manes.03G161850.v8.1,Manes.03G161850,,turquoise,NA,gene
Manes.03G162100.v8.1,Manes.03G162100,(1 of 2) PTHR10783//PTHR10783:SF53 - XENOTROPIC AND POLYTROPIC RETROVIRUS RECEPTOR 1-RELATED // PHOSPHATE TRANSPORTER PHO1,turquoise,NA,gene
Manes.03G163300.v8.1,Manes.03G163300,(1 of 4) PTHR11909:SF178 - CASEIN KINASE 1-LIKE PROTEIN 8,turquoise,NA,gene
Manes.03G163500.v8.1,Manes.03G163500,(1 of 2) PTHR10108:SF906 - METHYLTRANSFERASE PMT1-RELATED,turquoise,NA,gene
Manes.03G163600.v8.1,Manes.03G163600,(1 of 3) PTHR31165:SF13 - PROTEIN LIGHT-DEPENDENT SHORT HYPOCOTYLS 1-RELATED,turquoise,NA,gene
Manes.03G164500.v8.1,Manes.03G164500,(1 of 2) K08794 - calcium/calmodulin-dependent protein kinase I (CAMK1),turquoise,NA,gene
Manes.03G165500.v8.1,Manes.03G165500,(1 of 1) K03521 - electron transfer flavoprotein beta subunit (fixA; etfB),black,NA,gene
Manes.03G166800.v8.1,Manes.03G166800,(1 of 4) PF05514 - HR-like lesion-inducing (HR_lesion),turquoise,NA,gene
Manes.03G166900.v8.1,Manes.03G166900,(1 of 1) K11673 - actin-related protein 8 (ACTR8; ARP8; INO80N),turquoise,NA,gene
Manes.03G167100.v8.1,Manes.03G167100,(1 of 2) PTHR31371:SF2 - GENOMIC DNA; CHROMOSOME 3; TAC CLONE:K14B15,turquoise,NA,gene
Manes.03G167700.v8.1,Manes.03G167700,(1 of 1) PTHR24361//PTHR24361:SF243 - MITOGEN-ACTIVATED KINASE KINASE KINASE // SERINE/THREONINE-PROTEIN KINASE BLUS1,turquoise,NA,gene
Manes.03G168100.v8.1,Manes.03G168100,(1 of 1) PTHR31917//PTHR31917:SF14 - FAMILY NOT NAMED // AGENET DOMAIN-CONTAINING PROTEIN,turquoise,NA,gene
Manes.03G168200.v8.1,Manes.03G168200,(1 of 26) PF00917 - MATH domain (MATH),turquoise,NA,gene
Manes.03G168500.v8.1,Manes.03G168500,(1 of 1) 3.5.1.116 - Ureidoglycolate amidohydrolase / Ureidoglycolate hydrolase,turquoise,NA,gene
Manes.03G169200.v8.1,Manes.03G169200,(1 of 1) PTHR31846:SF13 - CRM FAMILY MEMBER 3A-RELATED,turquoise,NA,gene
Manes.03G169600.v8.1,Manes.03G169600,(1 of 4) PTHR13890//PTHR13890:SF8 - RNA SPLICING PROTEIN MRS2; MITOCHONDRIAL // SUBFAMILY NOT NAMED,turquoise,NA,gene
Manes.03G169900.v8.1,Manes.03G169900,(1 of 1) K10085 - ER degradation enhancer; mannosidase alpha-like 2 (EDEM2),turquoise,NA,gene
Manes.03G170000.v8.1,Manes.03G170000,(1 of 1) PTHR33911//PTHR33911:SF1 - FAMILY NOT NAMED // RRNA-PROCESSING PROTEIN EFG1,turquoise,NA,gene
Manes.03G170100.v8.1,Manes.03G170100,(1 of 1) PTHR31563//PTHR31563:SF2 - FAMILY NOT NAMED // ION CHANNEL POLLUX-LIKE 1-RELATED,turquoise,NA,gene
Manes.03G170600.v8.1,Manes.03G170600,(1 of 5) PTHR31561//PTHR31561:SF25 - FAMILY NOT NAMED // 3-KETOACYL-COA SYNTHASE 17-RELATED,turquoise,NA,gene
Manes.03G170800.v8.1,Manes.03G170800,(1 of 207) PF01535//PF13041 - PPR repeat (PPR) // PPR repeat family (PPR_2),turquoise,NA,gene
Manes.03G171000.v8.1,Manes.03G171000,(1 of 15) PF04720 - PDDEXK-like family of unknown function (PDDEXK_6),turquoise,NA,gene
Manes.03G171500.v8.1,Manes.03G171500,,black,NA,gene
Manes.03G173200.v8.1,Manes.03G173200,(1 of 2) PTHR10015:SF139 - HEAT STRESS TRANSCRIPTION FACTOR A-6A-RELATED,turquoise,NA,gene
Manes.03G173300.v8.1,Manes.03G173300,(1 of 2) 1.13.11.54 - Acireductone dioxygenase (Fe(2+)-requiring) / E-2',turquoise,NA,gene
Manes.03G173500.v8.1,Manes.03G173500,(1 of 18) PF06200//PF09425 - tify domain (tify) // Divergent CCT motif (CCT_2),black,NA,gene
Manes.03G173700.v8.1,Manes.03G173700,(1 of 1) PTHR33428//PTHR33428:SF1 - FAMILY NOT NAMED // CHLOROPHYLLASE-2; CHLOROPLASTIC,purple,NA,gene
Manes.03G174400.v8.1,Manes.03G174400,(1 of 4) K02984 - small subunit ribosomal protein S3Ae (RP-S3Ae; RPS3A),turquoise,NA,gene
Manes.03G175000.v8.1,Manes.03G175000,(1 of 3) PTHR23257//PTHR23257:SF499 - SERINE-THREONINE PROTEIN KINASE // KINASE LIKE PROTEIN,turquoise,NA,gene
Manes.03G175500.v8.1,Manes.03G175500,(1 of 1) PTHR12131:SF2 - ATP-DEPENDENT RNA HELICASE,turquoise,NA,gene
Manes.03G175600.v8.1,Manes.03G175600,(1 of 2) PTHR11200:SF174 - POLYPHOSPHATE 5'-PHOSPHATASE-RELATED,turquoise,NA,gene
Manes.03G175800.v8.1,Manes.03G175800,(1 of 3) K02734 - 20S proteasome subunit beta 4 (PSMB2),purple,NA,gene
Manes.03G175900.v8.1,Manes.03G175900,(1 of 1) PTHR10887//PTHR10887:SF362 - DNA2/NAM7 HELICASE FAMILY // RNA HELICASE SDE3-RELATED,turquoise,NA,gene
Manes.03G176500.v8.1,Manes.03G176500,(1 of 1) KOG4524 - Uncharacterized conserved protein,turquoise,NA,gene
Manes.03G176600.v8.1,Manes.03G176600,(1 of 2) PTHR33044:SF23 - BIFUNCTIONAL INHIBITOR/LIPID-TRANSFER PROTEIN/SEED STORAGE 2S ALBUMIN SUPERFAMILY PROTEIN-RELATED,black,NA,gene
Manes.03G177000.v8.1,Manes.03G177000,(1 of 11) PF07911 - Protein of unknown function (DUF1677) (DUF1677),turquoise,NA,gene
Manes.03G177600.v8.1,Manes.03G177600,(1 of 2) PTHR33345:SF3 - GENOMIC DNA; CHROMOSOME 3; BAC CLONE:F16J14,turquoise,NA,gene
Manes.03G178500.v8.1,Manes.03G178500,(1 of 3) PTHR31791:SF2 - FRIGIDA-LIKE PROTEIN 4A-RELATED,purple,NA,gene
Manes.03G178600.v8.1,Manes.03G178600,(1 of 1) PTHR21596//PTHR21596:SF11 - RIBONUCLEASE P SUBUNIT P38 // SUBFAMILY NOT NAMED,turquoise,NA,gene
Manes.03G178800.v8.1,Manes.03G178800,(1 of 1) 4.2.1.19 - Imidazoleglycerol-phosphate dehydratase,turquoise,NA,gene
Manes.03G178900.v8.1,Manes.03G178900,(1 of 2) PTHR24098:SF10 - ACYL-COA N-ACYLTRANSFERASE WITH RING/FYVE/PHD-TYPE ZINC FINGER PROTEIN-RELATED,turquoise,NA,gene
Manes.03G180700.v8.1,Manes.03G180700,(1 of 3) PTHR24096:SF221 - PROTEIN ACS-13; ISOFORM C,turquoise,NA,gene
Manes.03G181300.v8.1,Manes.03G181300,(1 of 1) PF00560//PF08263//PF12819 - Leucine Rich Repeat (LRR_1) // Leucine rich repeat N-terminal domain (LRRNT_2) // Carbohydrate-binding protein of the ER (Malectin_like),black,NA,gene
Manes.03G181600.v8.1,Manes.03G181600,(1 of 2) PTHR10799//PTHR10799:SF640 - SWI/SNF-RELATED MATRIX-ASSOCIATED ACTIN-DEPENDENT REGULATOR OF CHROMATIN SUBFAMILY-RELATED // NUCLEAR PROTEIN STH1/NPS1,turquoise,NA,gene
Manes.03G181700.v8.1,Manes.03G181700,(1 of 1) K09142 - hypothetical protein (K09142),turquoise,NA,gene
Manes.03G181800.v8.1,Manes.03G181800,(1 of 2) PTHR13832:SF224 - PROTEIN PHOSPHATASE 2C 70,turquoise,NA,gene
Manes.03G182700.v8.1,Manes.03G182700,,black,NA,gene
Manes.03G182800.v8.1,Manes.03G182800,(1 of 2) K10686 - ubiquitin-activating enzyme E1 C (UBE1C; UBA3),turquoise,NA,gene
Manes.03G183300.v8.1,Manes.03G183300,(1 of 2) PTHR11772:SF18 - ALUMINUM INDUCED PROTEIN WITH YGL AND LRDR MOTIFS,turquoise,NA,gene
Manes.03G184200.v8.1,Manes.03G184200,(1 of 5) 3.1.3.16//3.1.3.48 - Protein-serine/threonine phosphatase / Serine/threonine specific protein phosphatase // Protein-tyrosine-phosphatase / PTPase,turquoise,NA,gene
Manes.03G184400.v8.1,Manes.03G184400,(1 of 81) KOG1603 - Copper chaperone,black,NA,gene
Manes.03G184700.v8.1,Manes.03G184700,(1 of 6) KOG3140 - Predicted membrane protein,turquoise,NA,gene
Manes.03G185400.v8.1,Manes.03G185400,(1 of 2) PTHR10759//PTHR10759:SF3 - 60S RIBOSOMAL PROTEIN L34 // SUBFAMILY NOT NAMED,turquoise,NA,gene
Manes.03G186100.v8.1,Manes.03G186100,(1 of 5) PTHR24055//PTHR24055:SF211 - MITOGEN-ACTIVATED PROTEIN KINASE // MITOGEN-ACTIVATED PROTEIN KINASE 16-RELATED,turquoise,NA,gene
Manes.03G186600.v8.1,Manes.03G186600,(1 of 1) PTHR20852//PTHR20852:SF53 - GLUTAMINE SYNTHETASE // GLUTAMINE SYNTHETASE; CHLOROPLASTIC/MITOCHONDRIAL,turquoise,NA,gene
Manes.03G187400.v8.1,Manes.03G187400,(1 of 2) K02936//K08272 - large subunit ribosomal protein L7Ae (RP-L7Ae; RPL7A) // calcium binding protein 39 (CAB39; MO25),turquoise,NA,gene
Manes.03G187600.v8.1,Manes.03G187600,(1 of 1) K19023 - AP-5 complex subunit mu-1 (AP5M1; MUDENG),turquoise,NA,gene
Manes.03G187900.v8.1,Manes.03G187900,(1 of 1) PTHR12436//PTHR12436:SF17 - 80 KDA MCM3-ASSOCIATED PROTEIN // SAC3/GANP/NIN1/MTS3/EIF-3 P25 FAMILY PROTEIN,turquoise,NA,gene
Manes.03G189000.v8.1,Manes.03G189000,(1 of 4) PTHR28242:SF5 - HISTIDINE-CONTAINING PHOSPHOTRANSFER PROTEIN 1,black,NA,gene
Manes.03G189400.v8.1,Manes.03G189400,(1 of 2) PTHR31251:SF2 - SQUAMOSA PROMOTER-BINDING-LIKE PROTEIN 7,turquoise,NA,gene
Manes.03G189500.v8.1,Manes.03G189500,(1 of 1) PTHR23147//PTHR23147:SF7 - SERINE/ARGININE RICH SPLICING FACTOR // SUBFAMILY NOT NAMED,turquoise,NA,gene
Manes.03G190200.v8.1,Manes.03G190200,,turquoise,NA,gene
Manes.03G190300.v8.1,Manes.03G190300,(1 of 3) PTHR24078:SF224 - DNAJ DOMAIN-CONTAINING PROTEIN,turquoise,NA,gene
Manes.03G191200.v8.1,Manes.03G191200,(1 of 4) PTHR24056//PTHR24056:SF176 - CELL DIVISION PROTEIN KINASE // SUBFAMILY NOT NAMED,turquoise,NA,gene
Manes.03G192700.v8.1,Manes.03G192700,(1 of 2) PTHR13780//PTHR13780:SF43 - AMP-ACTIVATED PROTEIN KINASE; GAMMA REGULATORY SUBUNIT // SUBFAMILY NOT NAMED,turquoise,NA,gene
Manes.03G193000.v8.1,Manes.03G193000,(1 of 3) PTHR23336//PTHR23336:SF14 - ZINC FINGER CW-TYPE COILED-COIL DOMAIN PROTEIN 3. // CW-TYPE ZINC-FINGER PROTEIN,turquoise,NA,gene
Manes.03G193100.v8.1,Manes.03G193100,(1 of 2) PTHR10209//PTHR10209:SF169 - OXIDOREDUCTASE; 2OG-FE II  OXYGENASE FAMILY PROTEIN // SUBFAMILY NOT NAMED,turquoise,NA,gene
Manes.03G194100.v8.1,Manes.03G194100,(1 of 2) K15108 - solute carrier family 25 (mitochondrial thiamine pyrophosphate transporter); member 19 (SLC25A19; DNC; TPC1),turquoise,NA,gene
Manes.03G194200.v8.1,Manes.03G194200,(1 of 2) K07565 - 60S ribosome subunit biogenesis protein NIP7 (NIP7),turquoise,NA,gene
Manes.03G194800.v8.1,Manes.03G194800,(1 of 5) PTHR33136:SF5 - PROTEIN RALF-LIKE 1-RELATED,purple,NA,gene
Manes.03G195400.v8.1,Manes.03G195400,(1 of 2) 6.1.1.5 - Isoleucine--tRNA ligase / Isoleucyl-tRNA synthetase,turquoise,NA,gene
Manes.03G195500.v8.1,Manes.03G195500,(1 of 2) PTHR10903//PTHR10903:SF71 - GTPASE; IMAP FAMILY MEMBER-RELATED // SUBFAMILY NOT NAMED,turquoise,NA,gene
Manes.03G195900.v8.1,Manes.03G195900,(1 of 1) PTHR24412:SF142 - BTB/POZ DOMAIN-CONTAINING PROTEIN,turquoise,NA,gene
Manes.03G196100.v8.1,Manes.03G196100,(1 of 5) K10393 - kinesin family member 2/24 (KIF2_24; MCAK),turquoise,NA,gene
Manes.03G196500.v8.1,Manes.03G196500,(1 of 1) K11491 - condensin-2 complex subunit D3 (NCAPD3),turquoise,NA,gene
Manes.03G196600.v8.1,Manes.03G196600,(1 of 3) K09518 - DnaJ homolog subfamily B member 12 (DNAJB12),turquoise,NA,gene
Manes.03G197100.v8.1,Manes.03G197100,(1 of 7) PF03242 - Late embryogenesis abundant protein (LEA_3),turquoise,NA,gene
Manes.03G197200.v8.1,Manes.03G197200,,turquoise,NA,gene
Manes.03G198900.v8.1,Manes.03G198900,(1 of 2) PTHR12526//PTHR12526:SF348 - GLYCOSYLTRANSFERASE // SUCROSE SYNTHASE 2,turquoise,carb,gene
Manes.03G199200.v8.1,Manes.03G199200,(1 of 2) PTHR22904//PTHR22904:SF169 - TPR REPEAT CONTAINING PROTEIN // RNA POLYMERASE II-ASSOCIATED PROTEIN 3,turquoise,NA,gene
Manes.03G199300.v8.1,Manes.03G199300,(1 of 47) K09286 - EREBP-like factor (EREBP),purple,NA,gene
Manes.03G200800.v8.1,Manes.03G200800,(1 of 2) PTHR31875:SF6 - PROTEIN DEHYDRATION-INDUCED 19 HOMOLOG 4-RELATED,turquoise,NA,gene
Manes.03G200900.v8.1,Manes.03G200900,(1 of 26) PF00917 - MATH domain (MATH),turquoise,NA,gene
Manes.03G202300.v8.1,Manes.03G202300,(1 of 6) K07953 - GTP-binding protein SAR1 (SAR1),turquoise,NA,gene
Manes.03G202600.v8.1,Manes.03G202600,(1 of 2) K17491 - protein phosphatase 4 regulatory subunit 3 (SMEK; PPP4R3),turquoise,NA,gene
Manes.03G202700.v8.1,Manes.03G202700,(1 of 2) PTHR13491:SF0 - ZINC FINGER CCHC DOMAIN-CONTAINING PROTEIN 10,turquoise,NA,gene
Manes.03G204600.v8.1,Manes.03G204600,(1 of 1) PTHR11246//PTHR11246:SF11 - PRE-MRNA SPLICING FACTOR // SUBFAMILY NOT NAMED,turquoise,NA,gene
Manes.03G205000.v8.1,Manes.03G205000,(1 of 2) PTHR23118//PTHR23118:SF3 - ATP-CITRATE SYNTHASE // SUBFAMILY NOT NAMED,black,NA,gene
Manes.03G205100.v8.1,Manes.03G205100,(1 of 1) K12121 - phytochrome B (PHYB),black,NA,gene
Manes.03G205800.v8.1,Manes.03G205800,(1 of 2) PTHR31515:SF0 - TRANSMEMBRANE PROTEIN,turquoise,NA,gene
Manes.03G206400.v8.1,Manes.03G206400,(1 of 2) PTHR31221//PTHR31221:SF13 - FAMILY NOT NAMED // WRKY TRANSCRIPTION FACTOR 48-RELATED,purple,NA,gene
Manes.03G206500.v8.1,Manes.03G206500,(1 of 3) PTHR24012:SF382 - FLOWERING TIME CONTROL PROTEIN FCA-RELATED,turquoise,NA,gene
Manes.03G206800.v8.1,Manes.03G206800,(1 of 2) 2.7.1.6 - Galactokinase,turquoise,NA,gene
Manes.03G207300.v8.1,Manes.03G207300,,black,NA,gene
Manes.03G207400.v8.1,Manes.03G207400,(1 of 3) 2.3.1.45 - N-acetylneuraminate 7-O(or 9-O)-acetyltransferase,turquoise,NA,gene
Manes.03G207600.v8.1,Manes.03G207600,(1 of 5) PF13668 - Ferritin-like domain (Ferritin_2),purple,NA,gene
Manes.03G208500.v8.1,Manes.03G208500,(1 of 2) PTHR10641:SF623 - MYB DOMAIN PROTEIN 78,turquoise,NA,gene
Manes.03G208700.v8.1,Manes.03G208700,(1 of 1) PTHR15239:SF6 - NUCLEAR EXPORT MEDIATOR FACTOR NEMF,turquoise,NA,gene
Manes.03G209000.v8.1,Manes.03G209000,(1 of 1) KOG4776 - Uncharacterized conserved protein BCNT,turquoise,NA,gene
Manes.03G209800.v8.1,Manes.03G209800,(1 of 1) PTHR16166//PTHR16166:SF93 - VACUOLAR PROTEIN SORTING-ASSOCIATED PROTEIN  VPS13 // PROTEIN T08G11.1; ISOFORM A,turquoise,NA,gene
Manes.03G211100.v8.1,Manes.03G211100,(1 of 207) PF01535//PF13041 - PPR repeat (PPR) // PPR repeat family (PPR_2),turquoise,NA,gene
Manes.03G211200.v8.1,Manes.03G211200,(1 of 26) PF03110 - SBP domain (SBP),turquoise,NA,gene
Manes.03G211500.v8.1,Manes.03G211500,(1 of 1) PTHR21230//PTHR21230:SF35 - VESICLE TRANSPORT V-SNARE PROTEIN VTI1-RELATED // SUBFAMILY NOT NAMED,turquoise,NA,gene
Manes.03G211600.v8.1,Manes.03G211600,(1 of 1) 2.7.11.2 - [Pyruvate dehydrogenase (acetyl-transferring)] kinase / Pyruvate dehydrogenase kinase (phosphorylating),turquoise,NA,gene
Manes.03G211800.v8.1,Manes.03G211800,(1 of 1) PTHR24343//PTHR24343:SF143 - SERINE/THREONINE KINASE // CBL-INTERACTING SERINE/THREONINE-PROTEIN KINASE 1-RELATED,black,NA,gene
Manes.03G212000.v8.1,Manes.03G212000,(1 of 1) PTHR11142:SF0 - TRNA PSEUDOURIDINE SYNTHASE-LIKE 1,turquoise,NA,gene
Manes.03G212200.v8.1,Manes.03G212200,(1 of 1) PTHR23112:SF0 - TRANSMEMBRANE PROTEIN 116,turquoise,NA,gene
Manes.03G212700.v8.1,Manes.03G212700,(1 of 2) PTHR11780//PTHR11780:SF8 - NADH-UBIQUINONE OXIDOREDUCTASE FLAVOPROTEIN 1  NDUFV1 // SUBFAMILY NOT NAMED,turquoise,NA,gene
Manes.03G212950.v8.1,Manes.03G212950,,turquoise,NA,gene
Manes.04G000200.v8.1,Manes.04G000200,(1 of 7) K08857 - NIMA (never in mitosis gene a)-related kinase [EC:2.7.11.1] (NEK),turquoise,NA,gene
Manes.04G000300.v8.1,Manes.04G000300,,black,NA,gene
Manes.04G000450.v8.1,Manes.04G000450,,turquoise,NA,gene
Manes.04G000800.v8.1,Manes.04G000800,,turquoise,NA,gene
Manes.04G001100.v8.1,Manes.04G001100,(1 of 1) PTHR24365//PTHR24365:SF276 - TOLL-LIKE RECEPTOR // SUBFAMILY NOT NAMED,turquoise,NA,gene
Manes.04G001500.v8.1,Manes.04G001500,(1 of 2) K12655 - OTU domain-containing protein 5 (OTUD5; DUBA),black,NA,gene
Manes.04G001800.v8.1,Manes.04G001800,(1 of 2) PTHR21136//PTHR21136:SF101 - SNARE PROTEINS // VESICLE-ASSOCIATED MEMBRANE PROTEIN 714,turquoise,NA,gene
Manes.04G004201.v8.1,Manes.04G004201,(1 of 1) KOG3119 - Basic region leucine zipper transcription factor,turquoise,NA,gene
Manes.04G004400.v8.1,Manes.04G004400,(1 of 2) PTHR10992:SF774 - ALPHA/BETA-HYDROLASES SUPERFAMILY PROTEIN-RELATED,turquoise,NA,gene
Manes.04G004500.v8.1,Manes.04G004500,(1 of 3) PTHR10992:SF740 - ALPHA/BETA-HYDROLASES SUPERFAMILY PROTEIN-RELATED,turquoise,NA,gene
Manes.04G004800.v8.1,Manes.04G004800,(1 of 10) PTHR10593//PTHR10593:SF27 - SERINE/THREONINE-PROTEIN KINASE RIO // SUBFAMILY NOT NAMED,turquoise,NA,gene
Manes.04G006900.v8.1,Manes.04G006900,(1 of 12) PF12899 - Alkaline and neutral invertase (Glyco_hydro_100),turquoise,NA,gene
Manes.04G007000.v8.1,Manes.04G007000,(1 of 1) PTHR10625//PTHR10625:SF124 - HISTONE DEACETYLASE // HISTONE DEACETYLASE 9,turquoise,NA,gene
Manes.04G008000.v8.1,Manes.04G008000,(1 of 15) PF05910 - Plant protein of unknown function (DUF868) (DUF868),turquoise,NA,gene
Manes.04G008100.v8.1,Manes.04G008100,,turquoise,NA,gene
Manes.04G009200.v8.1,Manes.04G009200,(1 of 3) PTHR31802//PTHR31802:SF5 - FAMILY NOT NAMED // HISTONE DEACETYLASE HDT2-RELATED,turquoise,NA,gene
Manes.04G009301.v8.1,Manes.04G009301,(1 of 5) PF00069//PF13855 - Protein kinase domain (Pkinase) // Leucine rich repeat (LRR_8),black,NA,gene
Manes.04G009400.v8.1,Manes.04G009400,(1 of 2) PTHR32044//PTHR32044:SF17 - FAMILY NOT NAMED // GLUCOMANNAN 4-BETA-MANNOSYLTRANSFERASE 2,black,NA,gene
Manes.04G010000.v8.1,Manes.04G010000,(1 of 2) PTHR28052:SF1 - UPF0545 PROTEIN C22ORF39,turquoise,NA,gene
Manes.04G010200.v8.1,Manes.04G010200,(1 of 2) K15505 - DNA repair protein RAD5 [EC:3.6.4.-] (RAD5),turquoise,NA,gene
Manes.04G010300.v8.1,Manes.04G010300,(1 of 2) PTHR22880:SF167 - DNA BINDING AND ZINC-FINGER DOMAIN-CONTAINING PROTEIN-RELATED,turquoise,NA,gene
Manes.04G010400.v8.1,Manes.04G010400,(1 of 2) K11824 - AP-2 complex subunit alpha (AP2A),turquoise,NA,gene
Manes.04G011800.v8.1,Manes.04G011800,(1 of 11) PF00637 - Region in Clathrin and VPS (Clathrin),turquoise,NA,gene
Manes.04G012800.v8.1,Manes.04G012800,(1 of 54) PF13912 - C2H2-type zinc finger (zf-C2H2_6),turquoise,NA,gene
Manes.04G012850.v8.1,Manes.04G012850,(1 of 1) PTHR10003:SF34 - SUPEROXIDE DISMUTASE [CU-ZN] 2; CHLOROPLASTIC,turquoise,NA,gene
Manes.04G012900.v8.1,Manes.04G012900,(1 of 1) K18734 - protein SMG8 (SMG8),turquoise,NA,gene
Manes.04G013400.v8.1,Manes.04G013400,(1 of 7) PF06136 - Domain of unknown function (DUF966) (DUF966),black,NA,gene
Manes.04G013700.v8.1,Manes.04G013700,,turquoise,NA,gene
Manes.04G014200.v8.1,Manes.04G014200,(1 of 1) PTHR23273//PTHR23273:SF11 - REPLICATION FACTOR A 1; RFA1 // SUBFAMILY NOT NAMED,turquoise,NA,gene
Manes.04G014600.v8.1,Manes.04G014600,(1 of 1) PTHR14614//PTHR14614:SF30 - HEPATOCELLULAR CARCINOMA-ASSOCIATED ANTIGEN // S-ADENOSYL-L-METHIONINE-DEPENDENT METHYLTRANSFERASES SUPERFAMILY PROTEIN,turquoise,NA,gene
Manes.04G015300.v8.1,Manes.04G015300,(1 of 2) PTHR12899//PTHR12899:SF4 - 39S RIBOSOMAL PROTEIN L18; MITOCHONDRIAL // SUBFAMILY NOT NAMED,turquoise,NA,gene
Manes.04G015700.v8.1,Manes.04G015700,(1 of 1) PTHR19241:SF200 - ABC TRANSPORTER G FAMILY MEMBER 3,turquoise,NA,gene
Manes.04G017200.v8.1,Manes.04G017200,(1 of 5) PF08268//PF12937 - F-box associated domain (FBA_3) // F-box-like (F-box-like),turquoise,NA,gene
Manes.04G017400.v8.1,Manes.04G017400,(1 of 1) PTHR27001//PTHR27001:SF194 - FAMILY NOT NAMED // PROTEIN KINASE FAMILY PROTEIN,turquoise,NA,gene
Manes.04G017500.v8.1,Manes.04G017500,(1 of 2) PTHR11850//PTHR11850:SF125 - HOMEOBOX PROTEIN TRANSCRIPTION FACTORS // SUBFAMILY NOT NAMED,turquoise,NA,gene
Manes.04G017900.v8.1,Manes.04G017900,(1 of 5) PTHR18952:SF111 - ALPHA CARBONIC ANHYDRASE 3,turquoise,NA,gene
Manes.04G018600.v8.1,Manes.04G018600,(1 of 1) K12587 - exosome complex component MTR3 (MTR3; EXOSC6),turquoise,NA,gene
Manes.04G019500.v8.1,Manes.04G019500,(1 of 1) PTHR31210//PTHR31210:SF13 - FAMILY NOT NAMED // STORAGE PROTEIN-RELATED,turquoise,NA,gene
Manes.04G019900.v8.1,Manes.04G019900,(1 of 4) K15501 - serine/threonine-protein phosphatase 6 regulatory subunit 3 (PPP6R3; SAPS3),turquoise,NA,gene
Manes.04G020000.v8.1,Manes.04G020000,(1 of 48) PF04535 - Domain of unknown function (DUF588) (DUF588),turquoise,NA,gene
Manes.04G022100.v8.1,Manes.04G022100,(1 of 2) PTHR24347//PTHR24347:SF1 - SERINE/THREONINE-PROTEIN KINASE // PROTEIN CKK-1; ISOFORM B,turquoise,NA,gene
Manes.04G022600.v8.1,Manes.04G022600,,turquoise,NA,gene
Manes.04G023700.v8.1,Manes.04G023700,(1 of 1) PTHR10593//PTHR10593:SF45 - SERINE/THREONINE-PROTEIN KINASE RIO // SUBFAMILY NOT NAMED,turquoise,NA,gene
Manes.04G023800.v8.1,Manes.04G023800,(1 of 4) K08506 - syntaxin of plants SYP7 (SYP7),turquoise,NA,gene
Manes.04G024400.v8.1,Manes.04G024400,(1 of 1) KOG4670 - Uncharacterized conserved membrane protein,turquoise,NA,gene
Manes.04G024500.v8.1,Manes.04G024500,(1 of 1) K03142 - transcription initiation factor TFIIH subunit 2 (TFIIH2; GTF2H2; SSL1),turquoise,NA,gene
Manes.04G024600.v8.1,Manes.04G024600,(1 of 2) PTHR10782:SF34 - E3 SUMO-PROTEIN LIGASE SIZ1,turquoise,NA,gene
Manes.04G025100.v8.1,Manes.04G025100,(1 of 1) PTHR10992//PTHR10992:SF238 - ALPHA/BETA HYDROLASE FOLD-CONTAINING PROTEIN // SUBFAMILY NOT NAMED,turquoise,NA,gene
Manes.04G025300.v8.1,Manes.04G025300,(1 of 56) PF03195 - Protein of unknown function DUF260 (DUF260),turquoise,NA,gene
Manes.04G025400.v8.1,Manes.04G025400,(1 of 1) K01955 - carbamoyl-phosphate synthase large subunit (carB; CPA2),turquoise,NA,gene
Manes.04G025600.v8.1,Manes.04G025600,(1 of 8) 3.1.4.11 - Phosphoinositide phospholipase C / Triphosphoinositide phosphodiesterase,turquoise,NA,gene
Manes.04G026500.v8.1,Manes.04G026500,(1 of 1) PTHR21022//PTHR21022:SF1 - PREPHENATE DEHYDRATASE  P PROTEIN // AROGENATE DEHYDRATASE/PREPHENATE DEHYDRATASE 2; CHLOROPLASTIC,turquoise,NA,gene
Manes.04G027000.v8.1,Manes.04G027000,(1 of 1) PTHR32467//PTHR32467:SF18//PTHR32467:SF28//PTHR32467:SF29 - FAMILY NOT NAMED // FLORAL HOMEOTIC PROTEIN APETALA 2 // SUBFAMILY NOT NAMED // ETHYLENE-RESPONSIVE TRANSCRIPTION FACTOR RAP2-7,black,NA,gene
Manes.04G027100.v8.1,Manes.04G027100,(1 of 1) K10869 - RAD51-like protein 1 (RAD51L1; RAD51B),turquoise,NA,gene
Manes.04G028200.v8.1,Manes.04G028200,(1 of 2) K11671 - nuclear factor related to kappa-B-binding protein (NFRKB; INO80G),turquoise,NA,gene
Manes.04G030300.v8.1,Manes.04G030300,(1 of 2) PTHR33431:SF2 - GB|AAD24366.1,black,NA,gene
Manes.04G032200.v8.1,Manes.04G032200,(1 of 2) PTHR19965//PTHR19965:SF29 - RNA AND EXPORT FACTOR BINDING PROTEIN // SUBFAMILY NOT NAMED,turquoise,NA,gene
Manes.04G032300.v8.1,Manes.04G032300,,turquoise,NA,gene
Manes.04G032600.v8.1,Manes.04G032600,(1 of 10) K11254 - histone H4 (H4),turquoise,NA,gene
Manes.04G032900.v8.1,Manes.04G032900,(1 of 3) PTHR10366//PTHR10366:SF323 - NAD DEPENDENT EPIMERASE/DEHYDRATASE // SUBFAMILY NOT NAMED,turquoise,NA,gene
Manes.04G033200.v8.1,Manes.04G033200,(1 of 2) PTHR24067//PTHR24067:SF109 - UBIQUITIN-CONJUGATING ENZYME E2 // SUBFAMILY NOT NAMED,turquoise,NA,gene
Manes.04G033900.v8.1,Manes.04G033900,(1 of 45) PF02701 - Dof domain; zinc finger (zf-Dof),purple,NA,gene
Manes.04G034100.v8.1,Manes.04G034100,(1 of 8) PF05056 - Protein of unknown function (DUF674) (DUF674),purple,NA,gene
Manes.04G034600.v8.1,Manes.04G034600,(1 of 4) PTHR13832//PTHR13832:SF228 - PROTEIN PHOSPHATASE 2C // PROTEIN PHOSPHATASE 2C 36-RELATED,turquoise,NA,gene
Manes.04G035300.v8.1,Manes.04G035300,(1 of 20) KOG4214 - Myotrophin and similar proteins,turquoise,NA,gene
Manes.04G036700.v8.1,Manes.04G036700,(1 of 1) PTHR10133:SF22 - 5'-3' EXONUCLEASE FAMILY PROTEIN,turquoise,NA,gene
Manes.04G036900.v8.1,Manes.04G036900,(1 of 1) K17866 - diphthamide biosynthesis protein 2 (DPH2),turquoise,NA,gene
Manes.04G049785.v8.1,Manes.04G049785,(1 of 2) K03969 - phage shock protein A (pspA),turquoise,NA,gene
Manes.04G038300.v8.1,Manes.04G038300,(1 of 1) PTHR11685//PTHR11685:SF146 - RBR FAMILY  RING FINGER AND IBR DOMAIN-CONTAINING // SUBFAMILY NOT NAMED,turquoise,NA,gene
Manes.04G038000.v8.1,Manes.04G038000,(1 of 3) K03016 - DNA-directed RNA polymerases I; II; and III subunit RPABC3 (RPB8; POLR2H),turquoise,NA,gene
Manes.04G048500.v8.1,Manes.04G048500,(1 of 2) PTHR22957//PTHR22957:SF26 - TBC1 DOMAIN FAMILY MEMBER GTPASE-ACTIVATING PROTEIN // PROTEIN TBC-3; ISOFORM B,turquoise,NA,gene
Manes.04G048400.v8.1,Manes.04G048400,,turquoise,NA,gene
Manes.04G048200.v8.1,Manes.04G048200,(1 of 52) PF01535//PF13041//PF13812 - PPR repeat (PPR) // PPR repeat family (PPR_2) // Pentatricopeptide repeat domain (PPR_3),turquoise,NA,gene
Manes.04G047300.v8.1,Manes.04G047300,(1 of 1) PTHR34675//PTHR34675:SF1 - FAMILY NOT NAMED // PROTEIN TRIGALACTOSYLDIACYLGLYCEROL 2; CHLOROPLASTIC,turquoise,NA,gene
Manes.04G039000.v8.1,Manes.04G039000,(1 of 11) PTHR13068//PTHR13068:SF31 - CGI-12 PROTEIN-RELATED // F19K23.4 PROTEIN-RELATED,turquoise,NA,gene
Manes.04G039300.v8.1,Manes.04G039300,(1 of 1) PTHR23189//PTHR23189:SF45 - RNA RECOGNITION MOTIF-CONTAINING // FLOWERING TIME CONTROL PROTEIN FPA,turquoise,NA,gene
Manes.04G043700.v8.1,Manes.04G043700,(1 of 2) PTHR10584:SF168 - F14I3.3 PROTEIN-RELATED,black,carb,gene
Manes.04G043400.v8.1,Manes.04G043400,(1 of 4) PTHR31669:SF44 - FAR-RED IMPAIRED RESPONSIVE 1-LIKE PROTEIN,black,NA,gene
Manes.04G043100.v8.1,Manes.04G043100,(1 of 35) PF03101 - FAR1 DNA-binding domain (FAR1),turquoise,NA,gene
Manes.04G043000.v8.1,Manes.04G043000,(1 of 35) PF03101 - FAR1 DNA-binding domain (FAR1),black,NA,gene
Manes.04G041450.v8.1,Manes.04G041450,,turquoise,NA,gene
Manes.04G041325.v8.1,Manes.04G041325,,black,NA,gene
Manes.04G041300.v8.1,Manes.04G041300,(1 of 1) 2.5.1.58//2.5.1.59 - Protein farnesyltransferase / FTase // Protein geranylgeranyltransferase type I / Type I protein geranyl-geranyltransferase,turquoise,NA,gene
Manes.04G041140.v8.1,Manes.04G041140,(1 of 12) PF07939 - Protein of unknown function (DUF1685) (DUF1685),turquoise,NA,gene
Manes.04G040300.v8.1,Manes.04G040300,(1 of 1) K13155 - U11/U12 small nuclear ribonucleoprotein 35 kDa protein (SNRNP35),turquoise,NA,gene
Manes.04G049000.v8.1,Manes.04G049000,(1 of 2) PF09133 - SANTA (SANT Associated) (SANTA),turquoise,NA,gene
Manes.04G049600.v8.1,Manes.04G049600,(1 of 1) PTHR24361//PTHR24361:SF408 - MITOGEN-ACTIVATED KINASE KINASE KINASE // SERINE/THREONINE-PROTEIN KINASE STE7,turquoise,NA,gene
Manes.04G049700.v8.1,Manes.04G049700,(1 of 1) PTHR13343//PTHR13343:SF18 - CREG1 PROTEIN // PENTATRICOPEPTIDE REPEAT-CONTAINING PROTEIN-LIKE PROTEIN,turquoise,NA,gene
Manes.04G050000.v8.1,Manes.04G050000,(1 of 2) PTHR18934//PTHR18934:SF120 - ATP-DEPENDENT RNA HELICASE // SUBFAMILY NOT NAMED,turquoise,NA,gene
Manes.04G050100.v8.1,Manes.04G050100,(1 of 3) K12471 - epsin (EPN),turquoise,NA,gene
Manes.04G050400.v8.1,Manes.04G050400,(1 of 1) PTHR23077:SF54 - CELL DIVISION CONTROL PROTEIN 48 HOMOLOG B,turquoise,NA,gene
Manes.04G050600.v8.1,Manes.04G050600,(1 of 207) PF01535//PF13041 - PPR repeat (PPR) // PPR repeat family (PPR_2),turquoise,NA,gene
Manes.04G054100.v8.1,Manes.04G054100,(1 of 1) K12880 - THO complex subunit 3 (THOC3),turquoise,NA,gene
Manes.04G053900.v8.1,Manes.04G053900,(1 of 1) PTHR31707:SF29 - PECTINESTERASE/PECTINESTERASE INHIBITOR 16-RELATED,turquoise,carb,gene
Manes.04G061600.v8.1,Manes.04G061600,(1 of 2) PTHR10997//PTHR10997:SF35 - IMPORTIN-7; 8; 11 // SUBFAMILY NOT NAMED,turquoise,NA,gene
Manes.04G052500.v8.1,Manes.04G052500,(1 of 21) PF04783 - Protein of unknown function (DUF630) (DUF630),turquoise,NA,gene
Manes.04G052501.v8.1,Manes.04G052501,(1 of 2) PTHR13165//PTHR13165:SF2 - ARSENITE-RESISTANCE PROTEIN 2 // SUBFAMILY NOT NAMED,turquoise,NA,gene
Manes.04G055700.v8.1,Manes.04G055700,(1 of 1) PTHR19370//PTHR19370:SF97 - NADH-CYTOCHROME B5 REDUCTASE // SUBFAMILY NOT NAMED,turquoise,NA,gene
Manes.04G056600.v8.1,Manes.04G056600,(1 of 2) PTHR24411//PTHR24411:SF35 - FAMILY NOT NAMED // BTB/POZ AND MATH DOMAIN-CONTAINING PROTEIN 1-RELATED,turquoise,NA,gene
Manes.04G057176.v8.1,Manes.04G057176,,turquoise,NA,gene
Manes.04G059048.v8.1,Manes.04G059048,,turquoise,NA,gene
Manes.04G060345.v8.1,Manes.04G060345,,turquoise,NA,gene
Manes.04G054800.v8.1,Manes.04G054800,(1 of 1) K16573 - gamma-tubulin complex component 6 (TUBGCP6; GCP6),turquoise,NA,gene
Manes.04G055100.v8.1,Manes.04G055100,(1 of 2) PTHR12550:SF49 - PROTEIN C06A5.3; ISOFORM B,turquoise,NA,gene
Manes.04G066100.v8.1,Manes.04G066100,(1 of 1) PTHR15600:SF28 - SACSIN,turquoise,NA,gene
Manes.04G056000.v8.1,Manes.04G056000,(1 of 1) PTHR22763//PTHR22763:SF5 - RING ZINC FINGER PROTEIN // E3 UBIQUITIN-PROTEIN LIGASE CIP8,black,NA,gene
Manes.04G061300.v8.1,Manes.04G061300,,turquoise,NA,gene
Manes.04G058600.v8.1,Manes.04G058600,(1 of 1) K09658 - dolichyl-phosphate mannosyltransferase polypeptide 2; regulatory subunit (DPM2),turquoise,NA,gene
Manes.04G058300.v8.1,Manes.04G058300,(1 of 1) PTHR22952//PTHR22952:SF175 - CAMP-RESPONSE ELEMENT BINDING PROTEIN-RELATED // SUBFAMILY NOT NAMED,black,NA,gene
Manes.04G057900.v8.1,Manes.04G057900,,turquoise,NA,gene
Manes.04G061700.v8.1,Manes.04G061700,(1 of 1) K13416 - brassinosteroid insensitive 1-associated receptor kinase 1 (BAK1),turquoise,NA,gene
Manes.04G059400.v8.1,Manes.04G059400,(1 of 2) 3.6.4.9 - Chaperonin ATPase / Chaperonin,turquoise,NA,gene
Manes.04G059500.v8.1,Manes.04G059500,(1 of 62) PF00892 - EamA-like transporter family (EamA),purple,NA,gene
Manes.04G059650.v8.1,Manes.04G059650,(1 of 1) K17500 - integrin-linked kinase-associated serine/threonine phosphatase 2C [EC:3.1.3.16] (ILKAP),black,NA,gene
Manes.04G060202.v8.1,Manes.04G060202,,turquoise,NA,gene
Manes.04G060400.v8.1,Manes.04G060400,(1 of 1) PTHR19845:SF0 - KATANIN P80 WD40 REPEAT-CONTAINING SUBUNIT B1,turquoise,NA,gene
Manes.04G062200.v8.1,Manes.04G062200,(1 of 1) PTHR33155//PTHR33155:SF3 - FAMILY NOT NAMED // PROTEIN FAF-LIKE; CHLOROPLASTIC-RELATED,turquoise,NA,gene
Manes.04G062000.v8.1,Manes.04G062000,(1 of 1) K09528 - DnaJ homolog subfamily C member 8 (DNAJC8),turquoise,NA,gene
Manes.04G061800.v8.1,Manes.04G061800,(1 of 2) PTHR11668//PTHR11668:SF243 - SERINE/THREONINE PROTEIN PHOSPHATASE // SUBFAMILY NOT NAMED,turquoise,NA,gene
Manes.04G062600.v8.1,Manes.04G062600,(1 of 1) K14539 - large subunit GTPase 1 (LSG1),turquoise,NA,gene
Manes.04G062900.v8.1,Manes.04G062900,(1 of 1) PTHR31042:SF4 - CORE-2/I-BRANCHING BETA-1;6-N-ACETYLGLUCOSAMINYLTRANSFERASE FAMILY PROTEIN,turquoise,NA,gene
Manes.04G063962.v8.1,Manes.04G063962,(1 of 2) PTHR23002//PTHR23002:SF69 - ZINC FINGER CCHC DOMAIN CONTAINING PROTEIN // SUBFAMILY NOT NAMED,turquoise,NA,gene
Manes.04G064300.v8.1,Manes.04G064300,(1 of 3) PTHR13140//PTHR13140:SF384 - MYOSIN // MYOSIN-2,turquoise,NA,gene
Manes.04G066500.v8.1,Manes.04G066500,(1 of 3) K01872 - alanyl-tRNA synthetase (AARS; alaS),turquoise,NA,gene
Manes.04G066600.v8.1,Manes.04G066600,(1 of 1) K12825 - splicing factor 3A subunit 1 (SF3A1; SAP114),turquoise,NA,gene
Manes.04G066700.v8.1,Manes.04G066700,(1 of 2) PF02620 - Uncharacterized ACR; COG1399 (DUF177),black,NA,gene
Manes.04G067300.v8.1,Manes.04G067300,(1 of 1) PTHR34555//PTHR34555:SF1 - FAMILY NOT NAMED // INTEGRAL MEMBRANE PROTEIN HEMOLYSIN-III LIKE PROTEIN,turquoise,NA,gene
Manes.04G067400.v8.1,Manes.04G067400,(1 of 1) PTHR23315:SF114 - U-BOX DOMAIN-CONTAINING PROTEIN 15,turquoise,NA,gene
Manes.04G064632.v8.1,Manes.04G064632,(1 of 1) PTHR23023//PTHR23023:SF98 - DIMETHYLANILINE MONOOXYGENASE // SUBFAMILY NOT NAMED,purple,NA,gene
Manes.04G064900.v8.1,Manes.04G064900,(1 of 1) PTHR11206//PTHR11206:SF149 - MULTIDRUG RESISTANCE PROTEIN // MATE EFFLUX FAMILY PROTEIN 3; CHLOROPLASTIC,turquoise,NA,gene
Manes.04G065100.v8.1,Manes.04G065100,(1 of 2) K13506 - glycerol-3-phosphate O-acyltransferase 3/4 (GPAT3_4; AGPAT9; AGPAT6),turquoise,NA,gene
Manes.04G067950.v8.1,Manes.04G067950,(1 of 2) PTHR31989//PTHR31989:SF2 - FAMILY NOT NAMED // NAC DOMAIN CONTAINING PROTEIN 36,turquoise,NA,gene
Manes.04G068100.v8.1,Manes.04G068100,(1 of 12) PF03947 - Ribosomal Proteins L2; C-terminal domain (Ribosomal_L2_C),turquoise,NA,gene
Manes.04G068400.v8.1,Manes.04G068400,(1 of 57) PF02298 - Plastocyanin-like domain (Cu_bind_like),turquoise,NA,gene
Manes.04G069000.v8.1,Manes.04G069000,(1 of 1) PTHR13710//PTHR13710:SF83 - DNA HELICASE RECQ FAMILY MEMBER // SUBFAMILY NOT NAMED,turquoise,NA,gene
Manes.04G069900.v8.1,Manes.04G069900,(1 of 1) K06640 - serine/threonine-protein kinase ATR (ATR),turquoise,NA,gene
Manes.04G070067.v8.1,Manes.04G070067,(1 of 38) PF01535//PF12854//PF13041 - PPR repeat (PPR) // PPR repeat (PPR_1) // PPR repeat family (PPR_2),turquoise,NA,gene
Manes.04G070200.v8.1,Manes.04G070200,(1 of 3) K11804 - WD repeat-containing protein 42A (WDR42A),turquoise,NA,gene
Manes.04G070600.v8.1,Manes.04G070600,(1 of 80) PF01535//PF13041//PF14432 - PPR repeat (PPR) // PPR repeat family (PPR_2) // DYW family of nucleic acid deaminases (DYW_deaminase),turquoise,NA,gene
Manes.04G071200.v8.1,Manes.04G071200,(1 of 2) PTHR15184//PTHR15184:SF53 - ATP SYNTHASE // SUBFAMILY NOT NAMED,turquoise,NA,gene
Manes.04G071900.v8.1,Manes.04G071900,(1 of 3) PTHR24067//PTHR24067:SF97 - UBIQUITIN-CONJUGATING ENZYME E2 // UBIQUITIN-CONJUGATING ENZYME E2 24-RELATED,turquoise,NA,gene
Manes.04G076160.v8.1,Manes.04G076160,(1 of 1) PF00179//PF05773 - Ubiquitin-conjugating enzyme (UQ_con) // RWD domain (RWD),turquoise,NA,gene
Manes.04G075000.v8.1,Manes.04G075000,(1 of 2) PTHR10774:SF50 - SYNAPTOTAGMIN-1-RELATED,turquoise,NA,gene
Manes.04G074700.v8.1,Manes.04G074700,(1 of 4) PF06911 - Senescence-associated protein (Senescence),purple,NA,gene
Manes.04G073300.v8.1,Manes.04G073300,(1 of 4) PTHR12385:SF44 - PLASMA-MEMBRANE CHOLINE TRANSPORTER FAMILY PROTEIN,turquoise,NA,gene
Manes.04G076800.v8.1,Manes.04G076800,(1 of 2) K18754 - protein lin-28 (LIN28),black,NA,gene
Manes.04G077500.v8.1,Manes.04G077500,(1 of 2) K06174 - ATP-binding cassette; sub-family E; member 1 (ABCE1),turquoise,NA,gene
Manes.04G077800.v8.1,Manes.04G077800,(1 of 11) KOG2922 - Uncharacterized conserved protein,turquoise,NA,gene
Manes.04G078100.v8.1,Manes.04G078100,(1 of 2) K13249 - translocon-associated protein subunit alpha (SSR1),turquoise,NA,gene
Manes.04G078200.v8.1,Manes.04G078200,(1 of 2) K13119 - protein FAM50 (FAM50; XAP5),turquoise,NA,gene
Manes.04G078300.v8.1,Manes.04G078300,(1 of 2) PTHR21139//PTHR21139:SF7 - TRIOSEPHOSPHATE ISOMERASE // TRIOSEPHOSPHATE ISOMERASE; CHLOROPLASTIC,turquoise,carb,gene
Manes.04G084000.v8.1,Manes.04G084000,(1 of 1) PTHR22884:SF374 - ZINC FINGER CCCH DOMAIN-CONTAINING PROTEIN 19-RELATED,turquoise,NA,gene
Manes.04G084500.v8.1,Manes.04G084500,(1 of 4) PTHR10663//PTHR10663:SF163 - GUANYL-NUCLEOTIDE EXCHANGE FACTOR // SUBFAMILY NOT NAMED,turquoise,NA,gene
Manes.04G084600.v8.1,Manes.04G084600,(1 of 2) K00801 - farnesyl-diphosphate farnesyltransferase (FDFT1),turquoise,NA,gene
Manes.04G085500.v8.1,Manes.04G085500,(1 of 4) K02154 - V-type H+-transporting ATPase subunit a (ATPeV0A; ATP6N),turquoise,NA,gene
Manes.04G086500.v8.1,Manes.04G086500,(1 of 2) PTHR10799//PTHR10799:SF611 - SWI/SNF-RELATED MATRIX-ASSOCIATED ACTIN-DEPENDENT REGULATOR OF CHROMATIN SUBFAMILY-RELATED // CHROMATIN REMODELING PROTEIN-RELATED,turquoise,NA,gene
Manes.04G086800.v8.1,Manes.04G086800,(1 of 2) K10685 - ubiquitin-like 1-activating enzyme E1 B (UBLE1B; SAE2; UBA2),black,NA,gene
Manes.04G086900.v8.1,Manes.04G086900,(1 of 31) PF07714//PF11721 - Protein tyrosine kinase (Pkinase_Tyr) // Di-glucose binding within endoplasmic reticulum (Malectin),turquoise,NA,gene
Manes.04G074000.v8.1,Manes.04G074000,(1 of 4) PTHR23324//PTHR23324:SF43 - SEC14 RELATED PROTEIN // PHOSPHATIDYLINOSITOL/PHOSPHATIDYLCHOLINE TRANSFER PROTEIN SFH6-RELATED,turquoise,NA,gene
Manes.04G087400.v8.1,Manes.04G087400,(1 of 1) KOG1311//KOG1315 - DHHC-type Zn-finger proteins // Predicted DHHC-type Zn-finger protein,turquoise,NA,gene
Manes.04G087600.v8.1,Manes.04G087600,,turquoise,NA,gene
Manes.04G088200.v8.1,Manes.04G088200,(1 of 1) K18730 - PERQ amino acid-rich with GYF domain-containing protein (GIGYF),turquoise,NA,gene
Manes.04G088400.v8.1,Manes.04G088400,(1 of 1) PTHR31096:SF22 - ACR6,turquoise,NA,gene
Manes.04G090400.v8.1,Manes.04G090400,(1 of 4) KOG2306 - Uncharacterized conserved protein,turquoise,NA,gene
Manes.04G091700.v8.1,Manes.04G091700,(1 of 4) K00654 - serine palmitoyltransferase (SPT),turquoise,NA,gene
Manes.04G091900.v8.1,Manes.04G091900,(1 of 2) K02148 - V-type H+-transporting ATPase subunit C (ATPeV1C; ATP6C),turquoise,NA,gene
Manes.04G092200.v8.1,Manes.04G092200,(1 of 80) PF01535//PF13041//PF14432 - PPR repeat (PPR) // PPR repeat family (PPR_2) // DYW family of nucleic acid deaminases (DYW_deaminase),turquoise,NA,gene
Manes.04G092300.v8.1,Manes.04G092300,(1 of 3) 3.1.3.46 - Fructose-2;6-bisphosphate 2-phosphatase / Fructose-2;6-bisphosphatase,turquoise,NA,gene
Manes.04G092400.v8.1,Manes.04G092400,(1 of 1) PTHR31945//PTHR31945:SF13 - FAMILY NOT NAMED // TRANSCRIPTION FACTOR ICE1-RELATED,black,NA,gene
Manes.04G092500.v8.1,Manes.04G092500,(1 of 2) PTHR10438:SF267 - THIOREDOXIN-LIKE PROTEIN CXXS2-RELATED,turquoise,NA,gene
Manes.04G093600.v8.1,Manes.04G093600,(1 of 2) PTHR13052//PTHR13052:SF2 - NFRKB-RELATED // SUBFAMILY NOT NAMED,turquoise,NA,gene
Manes.04G093900.v8.1,Manes.04G093900,(1 of 74) PF00069//PF00560//PF08263//PF13855 - Protein kinase domain (Pkinase) // Leucine Rich Repeat (LRR_1) // Leucine rich repeat N-terminal domain (LRRNT_2) // Leucine rich repeat (LRR_8),purple,NA,gene
Manes.04G094000.v8.1,Manes.04G094000,(1 of 9) PF05055 - Protein of unknown function (DUF677) (DUF677),turquoise,NA,gene
Manes.04G094100.v8.1,Manes.04G094100,(1 of 3) PTHR27003:SF68 - PROTEIN KINASE FAMILY PROTEIN,turquoise,NA,gene
Manes.04G094200.v8.1,Manes.04G094200,(1 of 5) K00660 - chalcone synthase (CHS),turquoise,NA,gene
Manes.04G094400.v8.1,Manes.04G094400,(1 of 2) PF00098//PF06839 - Zinc knuckle (zf-CCHC) // GRF zinc finger (zf-GRF),purple,NA,gene
Manes.04G095200.v8.1,Manes.04G095200,(1 of 6) PTHR21596//PTHR21596:SF12 - RIBONUCLEASE P SUBUNIT P38 // PROTEIN SUPPRESSOR OF GENE SILENCING 3,turquoise,NA,gene
Manes.04G096100.v8.1,Manes.04G096100,(1 of 1) PTHR22814//PTHR22814:SF115 - COPPER TRANSPORT PROTEIN ATOX1-RELATED // SUBFAMILY NOT NAMED,turquoise,NA,gene
Manes.04G097100.v8.1,Manes.04G097100,(1 of 80) PF01535//PF13041//PF14432 - PPR repeat (PPR) // PPR repeat family (PPR_2) // DYW family of nucleic acid deaminases (DYW_deaminase),turquoise,NA,gene
Manes.04G097200.v8.1,Manes.04G097200,(1 of 11) KOG2922 - Uncharacterized conserved protein,turquoise,NA,gene
Manes.04G097800.v8.1,Manes.04G097800,(1 of 7) PTHR11685//PTHR11685:SF149 - RBR FAMILY  RING FINGER AND IBR DOMAIN-CONTAINING // SUBFAMILY NOT NAMED,turquoise,NA,gene
Manes.04G099700.v8.1,Manes.04G099700,(1 of 1) K06676 - condensin complex subunit 2 (BRRN1; BRN1; CAPH),turquoise,NA,gene
Manes.04G100200.v8.1,Manes.04G100200,(1 of 6) PF00069//PF07645//PF13947 - Protein kinase domain (Pkinase) // Calcium-binding EGF domain (EGF_CA) // Wall-associated receptor kinase galacturonan-binding (GUB_WAK_bind),turquoise,NA,gene
Manes.04G101200.v8.1,Manes.04G101200,(1 of 1) PTHR31585:SF11 - FOLATE-BIOPTERIN TRANSPORTER 3-RELATED,turquoise,NA,gene
Manes.04G101300.v8.1,Manes.04G101300,(1 of 2) PTHR12403//PTHR12403:SF14 - MBP-1 INTERACTING PROTEIN-2A // SUBFAMILY NOT NAMED,turquoise,NA,gene
Manes.04G103400.v8.1,Manes.04G103400,(1 of 1) PTHR22849//PTHR22849:SF25 - WDSAM1 PROTEIN // SUBFAMILY NOT NAMED,purple,NA,gene
Manes.04G103500.v8.1,Manes.04G103500,(1 of 2) PF08737 - Rgp1 (Rgp1),turquoise,NA,gene
Manes.04G103900.v8.1,Manes.04G103900,(1 of 3) PTHR21596:SF3 - F16A14.2-RELATED,turquoise,NA,gene
Manes.04G104600.v8.1,Manes.04G104600,(1 of 3) K17824 - DCN1-like protein 4/5 (DCUN1D4_5),turquoise,NA,gene
Manes.04G105800.v8.1,Manes.04G105800,(1 of 11) 3.6.3.34 - Iron-chelate-transporting ATPase,turquoise,NA,gene
Manes.04G106300.v8.1,Manes.04G106300,(1 of 2) 5.4.99.39//5.4.99.41 - Beta-amyrin synthase / 2;3-oxidosqualene beta-amyrin cyclase // Lupeol synthase,turquoise,NA,gene
Manes.04G106400.v8.1,Manes.04G106400,(1 of 1) PTHR23321:SF26 - 28S RIBOSOMAL PROTEIN S15; MITOCHONDRIAL,turquoise,NA,gene
Manes.04G107400.v8.1,Manes.04G107400,(1 of 2) K14972 - PAX-interacting protein 1 (PAXIP1; PTIP),turquoise,NA,gene
Manes.04G108700.v8.1,Manes.04G108700,(1 of 1) PF13306 - Leucine rich repeats (6 copies) (LRR_5),turquoise,NA,gene
Manes.04G109200.v8.1,Manes.04G109200,(1 of 1) K13116 - ATP-dependent RNA helicase DDX41 [EC:3.6.4.13] (DDX41; ABS),turquoise,NA,gene
Manes.04G109700.v8.1,Manes.04G109700,(1 of 1) PTHR10209//PTHR10209:SF185 - OXIDOREDUCTASE; 2OG-FE II  OXYGENASE FAMILY PROTEIN // SUBFAMILY NOT NAMED,turquoise,NA,gene
Manes.04G110600.v8.1,Manes.04G110600,(1 of 2) PTHR12601//PTHR12601:SF18 - EUKARYOTIC TRANSLATION INITIATION FACTOR 3 SUBUNIT  EIF-3 // TETRATRICOPEPTIDE REPEAT-CONTAINING PROTEIN,turquoise,NA,gene
Manes.04G110900.v8.1,Manes.04G110900,(1 of 1) PTHR10992//PTHR10992:SF730 - ALPHA/BETA HYDROLASE FOLD-CONTAINING PROTEIN // HYDROLASE-RELATED,turquoise,NA,gene
Manes.04G111100.v8.1,Manes.04G111100,(1 of 1) PTHR31669:SF10 - PROTEIN FAR1-RELATED SEQUENCE 6,turquoise,NA,gene
Manes.04G111600.v8.1,Manes.04G111600,(1 of 1) PTHR10555//PTHR10555:SF154 - SORTING NEXIN // SUBFAMILY NOT NAMED,turquoise,NA,gene
Manes.04G111700.v8.1,Manes.04G111700,(1 of 3) K03106 - signal recognition particle subunit SRP54 (SRP54; ffh),turquoise,NA,gene
Manes.04G112150.v8.1,Manes.04G112150,(1 of 1) PF00069//PF14144 - Protein kinase domain (Pkinase) // Seed dormancy control (DOG1),turquoise,NA,gene
Manes.04G112600.v8.1,Manes.04G112600,(1 of 2) PF14378 - PAP2 superfamily (PAP2_3),black,NA,gene
Manes.04G113200.v8.1,Manes.04G113200,(1 of 2) PTHR33729//PTHR33729:SF1 - FAMILY NOT NAMED // METHYL-CPG-BINDING DOMAIN-CONTAINING PROTEIN 10,turquoise,NA,gene
Manes.04G113300.v8.1,Manes.04G113300,(1 of 2) PTHR27002:SF31 - G-TYPE LECTIN S-RECEPTOR-LIKE SERINE/THREONINE-PROTEIN KINASE SD2-5,black,NA,gene
Manes.04G113900.v8.1,Manes.04G113900,(1 of 3) PTHR18896:SF11 - PHOSPHOLIPASE D ALPHA 1-RELATED,black,NA,gene
Manes.04G114300.v8.1,Manes.04G114300,(1 of 1) K03025 - DNA-directed RNA polymerase III subunit RPC6 (RPC6; POLR3F),turquoise,NA,gene
Manes.04G114400.v8.1,Manes.04G114400,(1 of 21) PF01477 - PLAT/LH2 domain (PLAT),purple,NA,gene
Manes.04G115200.v8.1,Manes.04G115200,(1 of 207) PF01535//PF13041 - PPR repeat (PPR) // PPR repeat family (PPR_2),turquoise,NA,gene
Manes.04G115500.v8.1,Manes.04G115500,(1 of 2) PTHR31741:SF2 - O-FUCOSYLTRANSFERASE FAMILY PROTEIN,turquoise,NA,gene
Manes.04G116000.v8.1,Manes.04G116000,(1 of 4) PTHR11926//PTHR11926:SF199 - GLUCOSYL/GLUCURONOSYL TRANSFERASES // SUBFAMILY NOT NAMED,black,NA,gene
Manes.04G116100.v8.1,Manes.04G116100,(1 of 31) PF03181 - BURP domain (BURP),turquoise,NA,gene
Manes.04G116500.v8.1,Manes.04G116500,(1 of 1) K11864 - BRCA1/BRCA2-containing complex subunit 3 (BRCC3),turquoise,NA,gene
Manes.04G117000.v8.1,Manes.04G117000,(1 of 3) K07390 - monothiol glutaredoxin (grxD; GLRX5),turquoise,NA,gene
Manes.04G117200.v8.1,Manes.04G117200,(1 of 2) PTHR12446//PTHR12446:SF27 - TESMIN/TSO1-RELATED // SUBFAMILY NOT NAMED,turquoise,NA,gene
Manes.04G117300.v8.1,Manes.04G117300,(1 of 4) K06130 - lysophospholipase II (LYPLA2),turquoise,NA,gene
Manes.04G117400.v8.1,Manes.04G117400,(1 of 2) K02265 - cytochrome c oxidase subunit 5b (COX5B),turquoise,NA,gene
Manes.04G118600.v8.1,Manes.04G118600,(1 of 19) K11251 - histone H2A (H2A),black,NA,gene
Manes.04G120300.v8.1,Manes.04G120300,,turquoise,NA,gene
Manes.04G120400.v8.1,Manes.04G120400,(1 of 3) K07767 - katanin p60 ATPase-containing subunit A1 [EC:3.6.4.3] (KATNA1),turquoise,NA,gene
Manes.04G120700.v8.1,Manes.04G120700,(1 of 1) 2.7.1.31 - Glycerate 3-kinase,turquoise,NA,gene
Manes.04G120800.v8.1,Manes.04G120800,(1 of 2) PTHR31734:SF34 - AUXIN-RESPONSIVE PROTEIN IAA15,black,NA,gene
Manes.04G121300.v8.1,Manes.04G121300,(1 of 1) K10803 - DNA-repair protein XRCC1 (XRCC1),turquoise,NA,gene
Manes.04G122500.v8.1,Manes.04G122500,(1 of 2) K15304 - Ran-binding protein 3 (RANBP3),turquoise,NA,gene
Manes.04G122600.v8.1,Manes.04G122600,(1 of 3) K17302 - coatomer; subunit beta' (COPB2; SEC27),turquoise,NA,gene
Manes.04G122700.v8.1,Manes.04G122700,(1 of 3) K17302 - coatomer; subunit beta' (COPB2; SEC27),purple,NA,gene
Manes.04G123700.v8.1,Manes.04G123700,,turquoise,NA,gene
Manes.04G124200.v8.1,Manes.04G124200,(1 of 4) PF02798//PF14497 - Glutathione S-transferase; N-terminal domain (GST_N) // Glutathione S-transferase; C-terminal domain (GST_C_3),purple,NA,gene
Manes.04G124300.v8.1,Manes.04G124300,(1 of 14) PTHR11260//PTHR11260:SF317 - GLUTATHIONE S-TRANSFERASE; GST; SUPERFAMILY; GST DOMAIN CONTAINING // SUBFAMILY NOT NAMED,purple,NA,gene
Manes.04G124400.v8.1,Manes.04G124400,(1 of 3) PTHR12161//PTHR12161:SF14 - UNCHARACTERIZED DUF292 // REGULATOR OF VPS4,purple,NA,gene
Manes.04G124600.v8.1,Manes.04G124600,(1 of 1) KOG4766 - Uncharacterized conserved protein,turquoise,NA,gene
Manes.04G125300.v8.1,Manes.04G125300,(1 of 10) PTHR27001//PTHR27001:SF89 - FAMILY NOT NAMED // PROLINE-RICH RECEPTOR-LIKE PROTEIN KINASE PERK1-RELATED,turquoise,NA,gene
Manes.04G125400.v8.1,Manes.04G125400,(1 of 3) PTHR21136//PTHR21136:SF89 - SNARE PROTEINS // SUBFAMILY NOT NAMED,turquoise,NA,gene
Manes.04G125700.v8.1,Manes.04G125700,(1 of 10) PTHR27001//PTHR27001:SF89 - FAMILY NOT NAMED // PROLINE-RICH RECEPTOR-LIKE PROTEIN KINASE PERK1-RELATED,turquoise,NA,gene
Manes.04G126400.v8.1,Manes.04G126400,(1 of 1569) 2.7.11.1 - Non-specific serine/threonine protein kinase / Threonine-specific protein kinase,purple,NA,gene
Manes.04G126950.v8.1,Manes.04G126950,(1 of 1) KOG0198//KOG0580 - MEKK and related serine/threonine protein kinases // Serine/threonine protein kinase,turquoise,NA,gene
Manes.04G127100.v8.1,Manes.04G127100,(1 of 26) K04730 - interleukin-1 receptor-associated kinase 1 (IRAK1),turquoise,NA,gene
Manes.04G127400.v8.1,Manes.04G127400,(1 of 26) K04730 - interleukin-1 receptor-associated kinase 1 (IRAK1),turquoise,NA,gene
Manes.04G128300.v8.1,Manes.04G128300,(1 of 20) PTHR27001//PTHR27001:SF27 - FAMILY NOT NAMED // PROLINE-RICH RECEPTOR-LIKE PROTEIN KINASE PERK15,turquoise,NA,gene
Manes.04G128400.v8.1,Manes.04G128400,(1 of 1) PTHR24073:SF502 - RAS-RELATED PROTEIN RABG3D,turquoise,NA,gene
Manes.04G128800.v8.1,Manes.04G128800,(1 of 5) PTHR14255//PTHR14255:SF6 - ATP-DEPENDENT PROTEASE  CEREBLON // SUBFAMILY NOT NAMED,turquoise,NA,gene
Manes.04G128900.v8.1,Manes.04G128900,(1 of 1) PTHR18929:SF59 - PROTEIN DISULFIDE ISOMERASE-LIKE 1-5-RELATED,turquoise,NA,gene
Manes.04G129750.v8.1,Manes.04G129750,(1 of 5) 1.1.1.237 - Hydroxyphenylpyruvate reductase,turquoise,NA,gene
Manes.04G129800.v8.1,Manes.04G129800,(1 of 1) PTHR33101//PTHR33101:SF10//PTHR33101:SF11 - FAMILY NOT NAMED // RHO GUANINE NUCLEOTIDE EXCHANGE FACTOR 8-RELATED // SUBFAMILY NOT NAMED,turquoise,NA,gene
Manes.04G130100.v8.1,Manes.04G130100,(1 of 2) PTHR24326:SF272 - HOMEOBOX-LEUCINE ZIPPER PROTEIN GLABRA 2,turquoise,NA,gene
Manes.04G130300.v8.1,Manes.04G130300,(1 of 1) K02200 - cytochrome c-type biogenesis protein CcmH (ccmH),turquoise,NA,gene
Manes.04G131700.v8.1,Manes.04G131700,(1 of 2) PTHR21514:SF0 - AP-4 COMPLEX ACCESSORY SUBUNIT TEPSIN,turquoise,NA,gene
Manes.04G132900.v8.1,Manes.04G132900,,turquoise,NA,gene
Manes.04G133100.v8.1,Manes.04G133100,(1 of 1) PTHR24326//PTHR24326:SF217//PTHR24326:SF238 - FAMILY NOT NAMED // HOMEOBOX-LEUCINE ZIPPER PROTEIN ATHB-15 // SUBFAMILY NOT NAMED,turquoise,NA,gene
Manes.04G133600.v8.1,Manes.04G133600,(1 of 1) PTHR33827//PTHR33827:SF1 - FAMILY NOT NAMED // PROTEIN SAWADEE HOMEODOMAIN HOMOLOG 1,turquoise,NA,gene
Manes.04G134300.v8.1,Manes.04G134300,(1 of 2) PTHR27001//PTHR27001:SF102 - FAMILY NOT NAMED // LYSM DOMAIN RECEPTOR-LIKE KINASE 3,turquoise,NA,gene
Manes.04G134700.v8.1,Manes.04G134700,(1 of 6) K00844 - hexokinase (HK),turquoise,carb,gene
Manes.04G134800.v8.1,Manes.04G134800,(1 of 2) PTHR10682//PTHR10682:SF24 - POLY A  POLYMERASE // SUBFAMILY NOT NAMED,turquoise,NA,gene
Manes.04G135600.v8.1,Manes.04G135600,(1 of 2) PTHR23155//PTHR23155:SF494 - LEUCINE-RICH REPEAT-CONTAINING PROTEIN // SUBFAMILY NOT NAMED,turquoise,NA,gene
Manes.04G135700.v8.1,Manes.04G135700,,turquoise,NA,gene
Manes.04G137000.v8.1,Manes.04G137000,(1 of 2) K12197 - charged multivesicular body protein 1 (CHMP1; VPS46; DID2),turquoise,NA,gene
Manes.04G137500.v8.1,Manes.04G137500,(1 of 1) 1.4.1.4 - Glutamate dehydrogenase (NADP(+)) / Glutamic dehydrogenase,turquoise,NA,gene
Manes.04G137700.v8.1,Manes.04G137700,(1 of 2) K11843 - ubiquitin carboxyl-terminal hydrolase 14 [EC:3.4.19.12] (USP14; UBP6),turquoise,NA,gene
Manes.04G138500.v8.1,Manes.04G138500,,turquoise,NA,gene
Manes.04G139600.v8.1,Manes.04G139600,(1 of 2) PTHR11649:SF62 - PROTEIN SEY1 HOMOLOG,turquoise,NA,gene
Manes.04G139800.v8.1,Manes.04G139800,(1 of 1569) 2.7.11.1 - Non-specific serine/threonine protein kinase / Threonine-specific protein kinase,turquoise,NA,gene
Manes.04G140600.v8.1,Manes.04G140600,(1 of 1) PTHR11875//PTHR11875:SF63 - TESTIS-SPECIFIC Y-ENCODED PROTEIN // NUCLEOSOME ASSEMBLY PROTEIN 1;4,turquoise,NA,gene
Manes.04G140700.v8.1,Manes.04G140700,(1 of 3) 1.4.3.3 - D-amino-acid oxidase,turquoise,NA,gene
Manes.04G141400.v8.1,Manes.04G141400,(1 of 18) PF12023 - Domain of unknown function (DUF3511) (DUF3511),purple,NA,gene
Manes.04G141500.v8.1,Manes.04G141500,(1 of 5) K03257 - translation initiation factor 4A (EIF4A),black,NA,gene
Manes.04G141600.v8.1,Manes.04G141600,(1 of 2) 2.3.1.97 - Glycylpeptide N-tetradecanoyltransferase / Peptide N-tetradecanoyltransferase,turquoise,NA,gene
Manes.04G142100.v8.1,Manes.04G142100,(1 of 6) PTHR13832:SF335 - PROTEIN PHOSPHATASE 2C 16-RELATED,turquoise,NA,gene
Manes.04G142200.v8.1,Manes.04G142200,(1 of 2) K03005 - DNA-directed RNA polymerase I subunit RPA49 (RPA49; POLR1E),turquoise,NA,gene
Manes.04G142300.v8.1,Manes.04G142300,(1 of 10) PTHR10052 - 60S RIBOSOMAL PROTEIN L18A,turquoise,NA,gene
Manes.04G142500.v8.1,Manes.04G142500,(1 of 1) 6.6.1.2 - Cobaltochelatase / Hydrogenobyrinic acid a;c-diamide cobaltochelatase,turquoise,NA,gene
Manes.04G142700.v8.1,Manes.04G142700,(1 of 2) KOG2375 - Protein interacting with poly(A)-binding protein,turquoise,NA,gene
Manes.04G142900.v8.1,Manes.04G142900,(1 of 5) 2.3.1.158//2.3.1.20 - Phospholipid:diacylglycerol acyltransferase / PDAT // Diacylglycerol O-acyltransferase / Diglyceride acyltransferase,turquoise,NA,gene
Manes.04G143300.v8.1,Manes.04G143300,(1 of 4) K12191 - charged multivesicular body protein 2A (CHMP2A),turquoise,NA,gene
Manes.04G143866.v8.1,Manes.04G143866,,turquoise,NA,gene
Manes.04G145200.v8.1,Manes.04G145200,(1 of 2) PTHR31636//PTHR31636:SF40 - FAMILY NOT NAMED // SCARECROW-LIKE PROTEIN 29,turquoise,NA,gene
Manes.04G146300.v8.1,Manes.04G146300,(1 of 2) K14085 - aldehyde dehydrogenase family 7 member A1 (ALDH7A1),black,NA,gene
Manes.04G148100.v8.1,Manes.04G148100,(1 of 6) K17964 - leucine-rich PPR motif-containing protein; mitochondrial (LRPPRC),turquoise,NA,gene
Manes.04G148700.v8.1,Manes.04G148700,(1 of 3) PTHR31307//PTHR31307:SF4 - FAMILY NOT NAMED // 6B-INTERACTING PROTEIN 1-LIKE 1-RELATED,turquoise,NA,gene
Manes.04G149500.v8.1,Manes.04G149500,(1 of 2) PTHR11200//PTHR11200:SF122 - INOSITOL 5-PHOSPHATASE // PHOSPHOINOSITIDE PHOSPHATASE SAC3-RELATED,purple,NA,gene
Manes.04G149800.v8.1,Manes.04G149800,(1 of 207) PF01535//PF13041 - PPR repeat (PPR) // PPR repeat family (PPR_2),turquoise,NA,gene
Manes.04G151100.v8.1,Manes.04G151100,(1 of 1) K14790 - nucleolar protein 9 (NOP9),turquoise,NA,gene
Manes.04G151300.v8.1,Manes.04G151300,(1 of 2) K04554 - ubiquitin-conjugating enzyme E2 J2 (UBE2J2; NCUBE2; UBC6),turquoise,NA,gene
Manes.04G151600.v8.1,Manes.04G151600,(1 of 1) PF07460 - NUMOD3 motif (2 copies) (NUMOD3),turquoise,NA,gene
Manes.04G151900.v8.1,Manes.04G151900,(1 of 3) PF00557//PF08512//PF08644//PF14826 - Metallopeptidase family M24 (Peptidase_M24) // Histone chaperone Rttp106-like (Rtt106) // FACT complex subunit (SPT16/CDC68) (SPT16) // FACT complex subunit SPT16 N-terminal lobe domain (FACT-Spt16_Nlob),turquoise,NA,gene
Manes.04G152300.v8.1,Manes.04G152300,(1 of 4) PTHR24093:SF355 - ATPASE 1; PLASMA MEMBRANE-TYPE-RELATED,turquoise,NA,gene
Manes.04G153700.v8.1,Manes.04G153700,(1 of 3) PTHR10641//PTHR10641:SF475 - MYB-LIKE DNA-BINDING PROTEIN MYB // MYB TRANSCRIPTION FACTOR-RELATED,turquoise,NA,gene
Manes.04G154500.v8.1,Manes.04G154500,(1 of 10) PF12776 - Myb/SANT-like DNA-binding domain (Myb_DNA-bind_3),turquoise,NA,gene
Manes.04G155400.v8.1,Manes.04G155400,(1 of 2) PTHR11413//PTHR11413:SF55 - CYSTATIN FAMILY MEMBER // CYSTEINE PROTEINASE INHIBITOR 6,purple,NA,gene
Manes.04G155900.v8.1,Manes.04G155900,(1 of 1) K03021 - DNA-directed RNA polymerase III subunit RPC2 (RPC2; POLR3B),turquoise,NA,gene
Manes.04G156100.v8.1,Manes.04G156100,(1 of 7) PF01535//PF13812 - PPR repeat (PPR) // Pentatricopeptide repeat domain (PPR_3),turquoise,NA,gene
Manes.04G156900.v8.1,Manes.04G156900,(1 of 6) PF05664 - Plant family of unknown function (DUF810) (DUF810),turquoise,NA,gene
Manes.04G157000.v8.1,Manes.04G157000,(1 of 1) K09567 - peptidyl-prolyl isomerase H (cyclophilin H) (PPIH; CYPH),turquoise,NA,gene
Manes.04G158100.v8.1,Manes.04G158100,(1 of 1) PTHR10438:SF276 - THIOREDOXIN-LIKE PROTEIN CITRX; CHLOROPLASTIC,turquoise,NA,gene
Manes.04G158200.v8.1,Manes.04G158200,(1 of 29) KOG4282 - Transcription factor GT-2 and related proteins; contains trihelix DNA-binding/SANT domain,turquoise,NA,gene
Manes.04G159600.v8.1,Manes.04G159600,(1 of 1) K16251 - DNA-directed RNA polymerase V subunit 1 [EC:2.7.7.6] (NRPE1),turquoise,NA,gene
Manes.04G160000.v8.1,Manes.04G160000,(1 of 1) PTHR10799:SF573 - TRANSCRIPTION TERMINATION FACTOR 2,turquoise,NA,gene
Manes.04G160200.v8.1,Manes.04G160200,(1 of 1) PTHR28626//PTHR28626:SF3 - FAMILY NOT NAMED // SRR1-LIKE PROTEIN,turquoise,NA,gene
Manes.04G160500.v8.1,Manes.04G160500,(1 of 1) K13211 - GC-rich sequence DNA-binding factor (GCFC),turquoise,NA,gene
Manes.04G160600.v8.1,Manes.04G160600,(1 of 3) PTHR22838//PTHR22838:SF3 - WD REPEAT PROTEIN 26-RELATED // WD-REPEAT PROTEIN-LIKE,turquoise,NA,gene
Manes.04G161000.v8.1,Manes.04G161000,(1 of 4) PF04842 - Plant protein of unknown function (DUF639) (DUF639),turquoise,NA,gene
Manes.04G161300.v8.1,Manes.04G161300,(1 of 2) K01354 - oligopeptidase B (ptrB),black,NA,gene
Manes.04G162200.v8.1,Manes.04G162200,(1 of 1) K11437 - protein arginine N-methyltransferase 6 [EC:2.1.1.-] (PRMT6),turquoise,NA,gene
Manes.04G162800.v8.1,Manes.04G162800,(1 of 1) PTHR12714:SF4 - FAD SYNTHETASE RIBF1,turquoise,NA,gene
Manes.04G163600.v8.1,Manes.04G163600,(1 of 4) PTHR10774:SF61 - ELONGATION DEFECTIVE 1,turquoise,NA,gene
Manes.04G164700.v8.1,Manes.04G164700,(1 of 1) K09841 - xanthoxin dehydrogenase (ABA2),turquoise,carot,gene
Manes.04G164800.v8.1,Manes.04G164800,(1 of 1) K12874 - intron-binding protein aquarius (AQR),turquoise,NA,gene
Manes.04G164900.v8.1,Manes.04G164900,(1 of 2) K08332 - vacuolar protein 8 (VAC8),turquoise,NA,gene
Manes.04G165000.v8.1,Manes.04G165000,(1 of 2) PTHR13018:SF30 - EARLY-RESPONSIVE TO DEHYDRATION STRESS PROTEIN (ERD4),turquoise,NA,gene
Manes.04G165300.v8.1,Manes.04G165300,(1 of 2) PTHR10502//PTHR10502:SF113 - ANNEXIN // SUBFAMILY NOT NAMED,turquoise,NA,gene
Manes.04G165400.v8.1,Manes.04G165400,,turquoise,NA,gene
Manes.04G165800.v8.1,Manes.04G165800,(1 of 1) K03754 - translation initiation factor eIF-2B subunit beta (EIF2B2),turquoise,NA,gene
Manes.05G000600.v8.1,Manes.05G000600,(1 of 9) PF05623 - Protein of unknown function (DUF789) (DUF789),turquoise,NA,gene
Manes.05G001400.v8.1,Manes.05G001400,(1 of 5) 2.3.1.78 - Heparan-alpha-glucosaminide N-acetyltransferase,turquoise,NA,gene
Manes.05G001700.v8.1,Manes.05G001700,(1 of 2) PTHR11550:SF7 - CTP SYNTHASE,black,NA,gene
Manes.05G001800.v8.1,Manes.05G001800,(1 of 2) 6.3.3.1 - Phosphoribosylformylglycinamidine cyclo-ligase / Phosphoribosylaminoimidazole synthetase,turquoise,NA,gene
Manes.05G001900.v8.1,Manes.05G001900,,turquoise,NA,gene
Manes.05G002100.v8.1,Manes.05G002100,(1 of 2) K09517 - DnaJ homolog subfamily B member 11 (DNAJB11),turquoise,NA,gene
Manes.05G002700.v8.1,Manes.05G002700,(1 of 6) K07953 - GTP-binding protein SAR1 (SAR1),black,NA,gene
Manes.05G003000.v8.1,Manes.05G003000,(1 of 1) PTHR37194:SF1 - T2E6.9,turquoise,NA,gene
Manes.05G003200.v8.1,Manes.05G003200,(1 of 2) KOG2346 - Uncharacterized conserved protein,turquoise,NA,gene
Manes.05G004900.v8.1,Manes.05G004900,(1 of 2) K12835 - ATP-dependent RNA helicase DDX42 (DDX42; SF3B125),turquoise,NA,gene
Manes.05G010463.v8.1,Manes.05G010463,(1 of 13) 3.1.26.5 - Ribonuclease P,turquoise,NA,gene
Manes.05G013500.v8.1,Manes.05G013500,(1 of 2) PTHR31221//PTHR31221:SF23 - FAMILY NOT NAMED // WRKY TRANSCRIPTION FACTOR 23-RELATED,turquoise,NA,gene
Manes.05G012800.v8.1,Manes.05G012800,(1 of 207) PF01535//PF13041 - PPR repeat (PPR) // PPR repeat family (PPR_2),turquoise,NA,gene
Manes.05G012600.v8.1,Manes.05G012600,(1 of 5) PF01106 - NifU-like domain (NifU),turquoise,NA,gene
Manes.05G012300.v8.1,Manes.05G012300,(1 of 1) K11324 - DNA methyltransferase 1-associated protein 1 (DMAP1; SWC4; EAF2),turquoise,NA,gene
Manes.05G011400.v8.1,Manes.05G011400,(1 of 6) K03083 - glycogen synthase kinase 3 beta (GSK3B),turquoise,NA,gene
Manes.05G010800.v8.1,Manes.05G010800,(1 of 2) PTHR22938//PTHR22938:SF0 - ZINC FINGER PROTEIN 598 // ZINC FINGER PROTEIN 598,turquoise,NA,gene
Manes.05G010600.v8.1,Manes.05G010600,(1 of 1) KOG0974 - WD-repeat protein WDR6; WD repeat superfamily,turquoise,NA,gene
Manes.05G010100.v8.1,Manes.05G010100,(1 of 115) PF00226 - DnaJ domain (DnaJ),turquoise,NA,gene
Manes.05G009500.v8.1,Manes.05G009500,(1 of 2) PTHR11003//PTHR11003:SF146 - POTASSIUM CHANNEL; SUBFAMILY K // TWO-PORE POTASSIUM CHANNEL 4-RELATED,turquoise,NA,gene
Manes.05G008300.v8.1,Manes.05G008300,(1 of 2) PTHR31734:SF15 - AUXIN-RESPONSIVE PROTEIN IAA20-RELATED,turquoise,NA,gene
Manes.05G007900.v8.1,Manes.05G007900,(1 of 1) K15053 - charged multivesicular body protein 7 (CHMP7),turquoise,NA,gene
Manes.05G007400.v8.1,Manes.05G007400,(1 of 2) PTHR10641//PTHR10641:SF465 - MYB-LIKE DNA-BINDING PROTEIN MYB // MYB TRANSCRIPTION FACTOR,black,NA,gene
Manes.05G006900.v8.1,Manes.05G006900,(1 of 1) PTHR11071:SF247 - PEPTIDYL-PROLYL CIS-TRANS ISOMERASE D,turquoise,NA,gene
Manes.05G006800.v8.1,Manes.05G006800,(1 of 2) PTHR13832//PTHR13832:SF301 - PROTEIN PHOSPHATASE 2C // PROTEIN PHOSPHATASE 2C 32,black,NA,gene
Manes.05G006100.v8.1,Manes.05G006100,(1 of 1) PTHR13052//PTHR13052:SF1 - NFRKB-RELATED // SUBFAMILY NOT NAMED,turquoise,NA,gene
Manes.05G005364.v8.1,Manes.05G005364,(1 of 18) PTHR31989//PTHR31989:SF21 - FAMILY NOT NAMED // NAC TRANSCRIPTION FACTOR-LIKE 9,turquoise,NA,gene
Manes.05G014800.v8.1,Manes.05G014800,(1 of 18) PTHR31989:SF21 - NAC TRANSCRIPTION FACTOR-LIKE 9,turquoise,NA,gene
Manes.05G015200.v8.1,Manes.05G015200,(1 of 1) PTHR14950//PTHR14950:SF3 - HELICASE-RELATED // ENDORIBONUCLEASE DICER HOMOLOG 1,turquoise,NA,gene
Manes.05G015300.v8.1,Manes.05G015300,(1 of 2) PTHR10286:SF10 - F11O4.12,turquoise,NA,gene
Manes.05G016000.v8.1,Manes.05G016000,(1 of 4) K14689 - solute carrier family 30 (zinc transporter); member 2 (SLC30A2; ZNT2),turquoise,NA,gene
Manes.05G017000.v8.1,Manes.05G017000,(1 of 53) PF14009 - Domain of unknown function (DUF4228) (DUF4228),turquoise,NA,gene
Manes.05G017100.v8.1,Manes.05G017100,(1 of 2) PTHR31989:SF45 - NAC DOMAIN-CONTAINING PROTEIN 43-RELATED,turquoise,NA,gene
Manes.05G017200.v8.1,Manes.05G017200,(1 of 2) PTHR32295:SF0 - PROTEIN IQ-DOMAIN 17-RELATED,turquoise,NA,gene
Manes.05G017900.v8.1,Manes.05G017900,(1 of 1) PTHR22883:SF91 - PROTEIN S-ACYLTRANSFERASE 12-RELATED,turquoise,NA,gene
Manes.05G018400.v8.1,Manes.05G018400,(1 of 2) PTHR24349//PTHR24349:SF103 - SERINE/THREONINE-PROTEIN KINASE // SUBFAMILY NOT NAMED,turquoise,NA,gene
Manes.05G018700.v8.1,Manes.05G018700,(1 of 3) PTHR24326//PTHR24326:SF122 - FAMILY NOT NAMED // HOMEOBOX-LEUCINE ZIPPER PROTEIN ATHB-12-RELATED,turquoise,NA,gene
Manes.05G018800.v8.1,Manes.05G018800,,turquoise,NA,gene
Manes.05G019100.v8.1,Manes.05G019100,(1 of 2) PTHR33472:SF1 - EXTENSIN-RELATED,turquoise,NA,gene
Manes.05G020000.v8.1,Manes.05G020000,(1 of 2) PTHR10891//PTHR10891:SF624 - EF-HAND CALCIUM-BINDING DOMAIN CONTAINING PROTEIN // CALCIUM-BINDING PROTEIN KIC,black,NA,gene
Manes.05G020200.v8.1,Manes.05G020200,(1 of 1) PTHR13902//PTHR13902:SF58 - SERINE/THREONINE-PROTEIN KINASE WNK  WITH NO LYSINE -RELATED // SUBFAMILY NOT NAMED,black,NA,gene
Manes.05G021700.v8.1,Manes.05G021700,(1 of 2) PTHR31384:SF17 - AUXIN RESPONSE FACTOR 11-RELATED,turquoise,NA,gene
Manes.05G021800.v8.1,Manes.05G021800,(1 of 2) K18423 - exportin-2 (importin alpha re-exporter) (CSE1; CAS; XPO2),turquoise,NA,gene
Manes.05G022600.v8.1,Manes.05G022600,(1 of 9) K04506 - E3 ubiquitin-protein ligase SIAH1 (SIAH1),turquoise,NA,gene
Manes.05G023000.v8.1,Manes.05G023000,(1 of 1) PTHR12601//PTHR12601:SF17 - EUKARYOTIC TRANSLATION INITIATION FACTOR 3 SUBUNIT  EIF-3 // TETRATRICOPEPTIDE REPEAT-CONTAINING PROTEIN,turquoise,NA,gene
Manes.05G023250.v8.1,Manes.05G023250,(1 of 1) PTHR13793:SF92 - HISTONE-LYSINE N-METHYLTRANSFERASE ATX3,turquoise,NA,gene
Manes.05G023400.v8.1,Manes.05G023400,(1 of 1) PF13639//PF13947//PF14380 - Ring finger domain (zf-RING_2) // Wall-associated receptor kinase galacturonan-binding (GUB_WAK_bind) // Wall-associated receptor kinase C-terminal (WAK_assoc),turquoise,NA,gene
Manes.05G023700.v8.1,Manes.05G023700,(1 of 4) PTHR10217:SF527 - CYCLIC NUCLEOTIDE-GATED ION CHANNEL 1,turquoise,NA,gene
Manes.05G026400.v8.1,Manes.05G026400,(1 of 1) PTHR31234//PTHR31234:SF12 - FAMILY NOT NAMED // LATE EMBRYOGENESIS ABUNDANT HYDROXYPROLINE-RICH GLYCOPROTEIN,turquoise,NA,gene
Manes.05G026700.v8.1,Manes.05G026700,(1 of 2) PTHR22952//PTHR22952:SF144 - CAMP-RESPONSE ELEMENT BINDING PROTEIN-RELATED // G-BOX-BINDING FACTOR 2-RELATED,turquoise,NA,gene
Manes.05G026800.v8.1,Manes.05G026800,(1 of 6) PF06697 - Protein of unknown function (DUF1191) (DUF1191),black,NA,gene
Manes.05G027800.v8.1,Manes.05G027800,(1 of 2) PTHR12526:SF412 - GLYCOSYL TRANSFERASE FAMILY 1 PROTEIN,turquoise,NA,gene
Manes.05G027900.v8.1,Manes.05G027900,(1 of 2) K11714 - rhamnogalacturonan II specific xylosyltransferase [EC:2.4.2.-] Xyl a1-3 Fuc (RGXT),turquoise,NA,gene
Manes.05G028100.v8.1,Manes.05G028100,(1 of 4) 1.14.19.4 - Delta(8)-fatty-acid desaturase / SLD,turquoise,NA,gene
Manes.05G028300.v8.1,Manes.05G028300,(1 of 2) PTHR10994//PTHR10994:SF78 - RETICULON // RETICULON-LIKE PROTEIN B1-RELATED,turquoise,NA,gene
Manes.05G028400.v8.1,Manes.05G028400,(1 of 3) PTHR10108//PTHR10108:SF882 - METHYLTRANSFERASE // METHYLTRANSFERASE-RELATED,turquoise,NA,gene
Manes.05G029950.v8.1,Manes.05G029950,,turquoise,NA,gene
Manes.05G030000.v8.1,Manes.05G030000,(1 of 6) PTHR22814:SF77 - HEAVY-METAL-ASSOCIATED DOMAIN-CONTAINING PROTEIN,turquoise,NA,gene
Manes.05G030100.v8.1,Manes.05G030100,(1 of 3) 1.1.1.29 - Glycerate dehydrogenase / Hydroxypyruvate reductase,turquoise,NA,gene
Manes.05G030300.v8.1,Manes.05G030300,,turquoise,NA,gene
Manes.05G031100.v8.1,Manes.05G031100,(1 of 2) PTHR31509:SF3 - BYPASS1-RELATED PROTEIN-RELATED,turquoise,NA,gene
Manes.05G031200.v8.1,Manes.05G031200,(1 of 1) PTHR24055//PTHR24055:SF223 - MITOGEN-ACTIVATED PROTEIN KINASE // SUBFAMILY NOT NAMED,black,NA,gene
Manes.05G031400.v8.1,Manes.05G031400,(1 of 2) PTHR11926//PTHR11926:SF310 - GLUCOSYL/GLUCURONOSYL TRANSFERASES // SUBFAMILY NOT NAMED,turquoise,NA,gene
Manes.05G032600.v8.1,Manes.05G032600,(1 of 3) PTHR22970//PTHR22970:SF23 - FAMILY NOT NAMED // AT-RICH INTERACTIVE DOMAIN-CONTAINING PROTEIN 1,turquoise,NA,gene
Manes.05G033200.v8.1,Manes.05G033200,(1 of 2) PTHR34797//PTHR34797:SF1 - FAMILY NOT NAMED // EXPRESSED PROTEIN,black,NA,gene
Manes.05G033500.v8.1,Manes.05G033500,(1 of 2) PTHR11662:SF255 - ANION TRANSPORTER 2; CHLOROPLASTIC-RELATED,turquoise,NA,gene
Manes.05G034100.v8.1,Manes.05G034100,(1 of 9) PTHR21726//PTHR21726:SF30 - PHOSPHATIDYLINOSITOL N-ACETYLGLUCOSAMINYLTRANSFERASE SUBUNIT P  DOWN SYNDROME CRITICAL REGION PROTEIN 5 -RELATED // PHOSPHATIDYLINOSITOL N-ACETYGLUCOSAMINLYTRANSFERASE SUBUNIT P-LIKE PROTEIN,turquoise,NA,gene
Manes.05G034800.v8.1,Manes.05G034800,(1 of 7) K01177 - beta-amylase (E3.2.1.2),black,carb,gene
Manes.05G035200.v8.1,Manes.05G035200,(1 of 2) K01068 - acyl-coenzyme A thioesterase 1/2/4 (ACOT1_2_4),turquoise,NA,gene
Manes.05G035300.v8.1,Manes.05G035300,,turquoise,NA,gene
Manes.05G035400.v8.1,Manes.05G035400,(1 of 1) 3.5.4.26 - Diaminohydroxyphosphoribosylaminopyrimidine deaminase,turquoise,NA,gene
Manes.05G035900.v8.1,Manes.05G035900,,turquoise,NA,gene
Manes.05G036000.v8.1,Manes.05G036000,(1 of 1) PF01062 - Bestrophin; RFP-TM; chloride channel (Bestrophin),turquoise,NA,gene
Manes.05G037200.v8.1,Manes.05G037200,(1 of 2) K12614 - ATP-dependent RNA helicase DDX6/DHH1 (DDX6; RCK; DHH1),turquoise,NA,gene
Manes.05G037400.v8.1,Manes.05G037400,(1 of 1) PTHR16254:SF13 - K(+) EFFLUX ANTIPORTER 1; CHLOROPLASTIC-RELATED,turquoise,NA,gene
Manes.05G037700.v8.1,Manes.05G037700,(1 of 5) K15095 - (+)-neomenthol dehydrogenase (E1.1.1.208),turquoise,NA,gene
Manes.05G037900.v8.1,Manes.05G037900,(1 of 3) K00028 - malate dehydrogenase (decarboxylating) (E1.1.1.39),turquoise,NA,gene
Manes.05G038100.v8.1,Manes.05G038100,(1 of 1) PTHR12526//PTHR12526:SF344 - GLYCOSYLTRANSFERASE // SUBFAMILY NOT NAMED,turquoise,NA,gene
Manes.05G038700.v8.1,Manes.05G038700,(1 of 1) K03110 - fused signal recognition particle receptor (ftsY),black,NA,gene
Manes.05G039100.v8.1,Manes.05G039100,(1 of 2) PTHR24057//PTHR24057:SF19 - GLYCOGEN SYNTHASE KINASE-3 ALPHA // SHAGGY-RELATED PROTEIN KINASE BETA-RELATED,black,NA,gene
Manes.05G039600.v8.1,Manes.05G039600,(1 of 2) PTHR10108//PTHR10108:SF812 - METHYLTRANSFERASE // SUBFAMILY NOT NAMED,turquoise,NA,gene
Manes.05G039801.v8.1,Manes.05G039801,(1 of 2) PTHR12652//PTHR12652:SF16 - PEROXISOMAL BIOGENESIS FACTOR 11 // PEROXISOMAL MEMBRANE PROTEIN 11C-RELATED,turquoise,NA,gene
Manes.05G040500.v8.1,Manes.05G040500,(1 of 3) K15277 - solute carrier family 35 (adenosine 3'-phospho 5'-phosphosulfate transporter); member B3 (SLC35B3; PAPST2),black,NA,gene
Manes.05G041100.v8.1,Manes.05G041100,(1 of 1) K19323 - ataxin-10 (ATXN10),turquoise,NA,gene
Manes.05G041300.v8.1,Manes.05G041300,(1 of 1) PTHR18896//PTHR18896:SF65 - PHOSPHOLIPASE D // PHOSPHOLIPASE D BETA 1-RELATED,turquoise,NA,gene
Manes.05G043200.v8.1,Manes.05G043200,(1 of 2) PTHR10774//PTHR10774:SF51 - EXTENDED SYNAPTOTAGMIN-RELATED // C2 CALCIUM/LIPID-BINDING ENDONUCLEASE/EXONUCLEASE/PHOSPHATASE-RELATED,turquoise,NA,gene
Manes.05G043300.v8.1,Manes.05G043300,(1 of 1) PTHR13743:SF16 - PROTEIN T01H10.8,turquoise,NA,gene
Manes.05G043400.v8.1,Manes.05G043400,(1 of 1) PTHR37218:SF1 - EXPRESSED PROTEIN,turquoise,NA,gene
Manes.05G043700.v8.1,Manes.05G043700,(1 of 2) PTHR31602:SF3 - GROWTH-REGULATING FACTOR 9,black,NA,gene
Manes.05G044000.v8.1,Manes.05G044000,(1 of 1) PTHR12348//PTHR12348:SF15 - TSC22 // PROTEIN BUNCHED; CLASS 2/F/G ISOFORM,turquoise,NA,gene
Manes.05G044200.v8.1,Manes.05G044200,(1 of 2) PTHR31100//PTHR31100:SF2 - FAMILY NOT NAMED // AT-HOOK MOTIF NUCLEAR LOCALIZED PROTEIN 18-RELATED,turquoise,NA,gene
Manes.05G044700.v8.1,Manes.05G044700,,turquoise,NA,gene
Manes.05G044900.v8.1,Manes.05G044900,(1 of 2) PTHR31500//PTHR31500:SF15 - FAMILY NOT NAMED // AT HOOK MOTIF DNA-BINDING FAMILY PROTEIN,turquoise,NA,gene
Manes.05G045400.v8.1,Manes.05G045400,(1 of 3) K15292 - syntaxin-binding protein 1 (STXBP1; MUNC18-1),turquoise,NA,gene
Manes.05G046700.v8.1,Manes.05G046700,,turquoise,NA,gene
Manes.05G047000.v8.1,Manes.05G047000,(1 of 1) 2.2.1.1//2.2.1.2 - Transketolase / Glycoaldehyde transferase // Transaldolase / Glycerone transferase,turquoise,NA,gene
Manes.05G047300.v8.1,Manes.05G047300,(1 of 137) 3.1.1.11 - Pectinesterase / Pectin methylesterase,black,carb,gene
Manes.05G047400.v8.1,Manes.05G047400,(1 of 1) PTHR12658//PTHR12658:SF0 - BETA-TUBULIN COFACTOR D // TUBULIN-SPECIFIC CHAPERONE D,turquoise,NA,gene
Manes.05G047800.v8.1,Manes.05G047800,(1 of 2) PTHR32080//PTHR32080:SF2 - FAMILY NOT NAMED // CYSTEINE-RICH REPEAT SECRETORY PROTEIN 15,turquoise,NA,gene
Manes.05G048500.v8.1,Manes.05G048500,(1 of 1) KOG4832 - Uncharacterized conserved protein,turquoise,NA,gene
Manes.05G048900.v8.1,Manes.05G048900,(1 of 3) PTHR10809:SF50 - VESICLE-ASSOCIATED PROTEIN 1-1-RELATED,turquoise,NA,gene
Manes.05G050100.v8.1,Manes.05G050100,(1 of 3) K09481 - protein transport protein SEC61 subunit beta (SEC61B; SBH2),turquoise,NA,gene
Manes.05G050800.v8.1,Manes.05G050800,(1 of 1) PTHR31251//PTHR31251:SF15 - FAMILY NOT NAMED // SQUAMOSA PROMOTER-BINDING-LIKE PROTEIN 3,turquoise,NA,gene
Manes.05G051300.v8.1,Manes.05G051300,(1 of 3) PTHR15907//PTHR15907:SF35 - FAMILY NOT NAMED // GENE1000 PROTEIN-RELATED,turquoise,NA,gene
Manes.05G051400.v8.1,Manes.05G051400,,black,NA,gene
Manes.05G051800.v8.1,Manes.05G051800,(1 of 1) PTHR31934//PTHR31934:SF4 - FAMILY NOT NAMED // ALPHA/BETA-HYDROLASES SUPERFAMILY PROTEIN,black,NA,gene
Manes.05G052200.v8.1,Manes.05G052200,(1 of 1) PTHR24078//PTHR24078:SF192 - DNAJ HOMOLOG SUBFAMILY C MEMBER // SUBFAMILY NOT NAMED,black,NA,gene
Manes.05G052800.v8.1,Manes.05G052800,(1 of 14) PF07797 - Protein of unknown function (DUF1639) (DUF1639),turquoise,NA,gene
Manes.05G053100.v8.1,Manes.05G053100,(1 of 43) PF05553 - Cotton fibre expressed protein (DUF761),turquoise,NA,gene
Manes.05G053400.v8.1,Manes.05G053400,(1 of 1) KOG2120 - SCF ubiquitin ligase; Skp2 component,turquoise,NA,gene
Manes.05G054500.v8.1,Manes.05G054500,(1 of 2) K12180 - COP9 signalosome complex subunit 7 (COPS7; CSN7),turquoise,NA,gene
Manes.05G054700.v8.1,Manes.05G054700,(1 of 1) PTHR21450:SF9 - BZIP-LIKE PROTEIN-RELATED,turquoise,NA,gene
Manes.05G055300.v8.1,Manes.05G055300,(1 of 1) K14164 - glycyl-tRNA synthetase (glyQS),turquoise,NA,gene
Manes.05G056200.v8.1,Manes.05G056200,(1 of 13) PF00646//PF08387 - F-box domain (F-box) // FBD (FBD),turquoise,NA,gene
Manes.05G056250.v8.1,Manes.05G056250,(1 of 1) 2.4.1.260 - Dolichyl-P-Man:Man(7)GlcNAc(2)-PP-dolichol alpha-1;6-mannosyltransferase / Dolichyl-P-Man:Man(7)GlcNAc(2)-PP-dolichyl alpha-6-mannosyltransferase,turquoise,NA,gene
Manes.05G056400.v8.1,Manes.05G056400,(1 of 446) PF01535 - PPR repeat (PPR),turquoise,NA,gene
Manes.05G056701.v8.1,Manes.05G056701,(1 of 59) PF13962 - Domain of unknown function (PGG),purple,NA,gene
Manes.05G056800.v8.1,Manes.05G056800,(1 of 1) PTHR31307:SF3 - ALCOHOL DEHYDROGENASE TRANSCRIPTION FACTOR MYB/SANT-LIKE PROTEIN,turquoise,NA,gene
Manes.05G056900.v8.1,Manes.05G056900,(1 of 1) PTHR24012:SF493 - RNA-BINDING PROTEIN 28,turquoise,NA,gene
Manes.05G057000.v8.1,Manes.05G057000,(1 of 1) PTHR24072//PTHR24072:SF160 - RHO FAMILY GTPASE // RAC-LIKE GTP-BINDING PROTEIN ARAC9,black,NA,gene
Manes.05G057100.v8.1,Manes.05G057100,(1 of 1) K18185 - cytochrome c oxidase assembly protein subunit 23 (COX23),turquoise,NA,gene
Manes.05G057300.v8.1,Manes.05G057300,(1 of 3) PTHR23084//PTHR23084:SF156 - PHOSPHATIDYLINOSITOL-4-PHOSPHATE 5-KINASE RELATED // RADIAL SPOKE HEAD 10 HOMOLOG B2,turquoise,NA,gene
Manes.05G057500.v8.1,Manes.05G057500,(1 of 2) PTHR23253//PTHR23253:SF26 - EUKARYOTIC TRANSLATION INITIATION FACTOR 4 GAMMA // EUKARYOTIC TRANSLATION INITIATION FACTOR 4G,turquoise,NA,gene
Manes.05G057700.v8.1,Manes.05G057700,(1 of 1) 2.4.1.265 - Dolichyl-P-Glc:Glc(1)Man(9)GlcNAc(2)-PP-dolichol alpha-1;3- glucosyltransferase / Dol-P-Glc:Glc(1)Man(9)GlcNAc(2)-PP-Dol alpha-1->3-glucosyltransferase,turquoise,NA,gene
Manes.05G057900.v8.1,Manes.05G057900,(1 of 3) K02134 - F-type H+-transporting ATPase subunit delta (ATPeF1D; ATP5D; ATP16),turquoise,NA,gene
Manes.05G058300.v8.1,Manes.05G058300,(1 of 2) PTHR34537:SF2 - FERREDOXIN-LIKE PROTEIN,turquoise,NA,gene
Manes.05G058500.v8.1,Manes.05G058500,(1 of 1) PTHR34954//PTHR34954:SF2 - FAMILY NOT NAMED // EXPRESSED PROTEIN,turquoise,NA,gene
Manes.05G058800.v8.1,Manes.05G058800,(1 of 4) K07893 - Ras-related protein Rab-6A (RAB6A),turquoise,NA,gene
Manes.05G059500.v8.1,Manes.05G059500,(1 of 1) PTHR11702:SF28 - PROTEIN; PUTATIVE-RELATED,turquoise,NA,gene
Manes.05G060200.v8.1,Manes.05G060200,(1 of 1) K10742 - DNA replication ATP-dependent helicase Dna2 (DNA2),turquoise,NA,gene
Manes.05G061200.v8.1,Manes.05G061200,(1 of 9) K14500 - BR-signaling kinase (BSK),turquoise,NA,gene
Manes.05G061900.v8.1,Manes.05G061900,(1 of 2) PTHR11455:SF2 - BLUE-LIGHT PHOTORECEPTOR PHR2,turquoise,NA,gene
Manes.05G062100.v8.1,Manes.05G062100,(1 of 2) PTHR10366:SF465 - UDP-GLUCURONIC ACID DECARBOXYLASE 1,turquoise,NA,gene
Manes.05G063000.v8.1,Manes.05G063000,(1 of 3) K16275 - E3 ubiquitin-protein ligase BAH [EC:6.3.2.19] (BAH; NLA),black,NA,gene
Manes.05G063100.v8.1,Manes.05G063100,(1 of 1) K14839 - nucleolar protein 16 (NOP16),turquoise,NA,gene
Manes.05G063400.v8.1,Manes.05G063400,(1 of 3) K12623 - U6 snRNA-associated Sm-like protein LSm4 (LSM4),turquoise,NA,gene
Manes.05G064500.v8.1,Manes.05G064500,,purple,NA,gene
Manes.05G064600.v8.1,Manes.05G064600,(1 of 4) PTHR22814:SF75 - HEAVY METAL TRANSPORT/DETOXIFICATION DOMAIN-CONTAINING PROTEIN,purple,NA,gene
Manes.05G064900.v8.1,Manes.05G064900,,turquoise,NA,gene
Manes.05G066100.v8.1,Manes.05G066100,(1 of 1) K13339 - peroxin-6 (PEX6; PXAAA1),turquoise,NA,gene
Manes.05G066800.v8.1,Manes.05G066800,(1 of 2) PTHR12419//PTHR12419:SF10 - OTU DOMAIN CONTAINING PROTEIN // PROTEIN OTUB-3; ISOFORM B,turquoise,NA,gene
Manes.05G069700.v8.1,Manes.05G069700,(1 of 1) K14015 - nuclear protein localization protein 4 homolog (NPLOC4; NPL4),turquoise,NA,gene
Manes.05G071000.v8.1,Manes.05G071000,(1 of 4) PTHR28242//PTHR28242:SF5 - FAMILY NOT NAMED // HISTIDINE-CONTAINING PHOSPHOTRANSFER PROTEIN 1,turquoise,NA,gene
Manes.05G071600.v8.1,Manes.05G071600,(1 of 2) PF01429//PF07496 - Methyl-CpG binding domain (MBD) // CW-type Zinc Finger (zf-CW),turquoise,NA,gene
Manes.05G071700.v8.1,Manes.05G071700,(1 of 2) KOG1893 - Uncharacterized conserved protein,turquoise,NA,gene
Manes.05G071900.v8.1,Manes.05G071900,(1 of 1) PTHR13068//PTHR13068:SF24 - CGI-12 PROTEIN-RELATED // MITOCHONDRIAL TRANSCRIPTION TERMINATION FACTOR-LIKE PROTEIN BELAYA SMERT,turquoise,NA,gene
Manes.05G072000.v8.1,Manes.05G072000,(1 of 2) PTHR37236//PTHR37236:SF1 - FAMILY NOT NAMED // AUXIN-BINDING PROTEIN 1,turquoise,NA,gene
Manes.05G072100.v8.1,Manes.05G072100,,turquoise,NA,gene
Manes.05G072200.v8.1,Manes.05G072200,(1 of 1) KOG2690 - Uncharacterized conserved protein; contains BSD domain,turquoise,NA,gene
Manes.05G073000.v8.1,Manes.05G073000,(1 of 11) K10523 - speckle-type POZ protein (SPOP),turquoise,NA,gene
Manes.05G073100.v8.1,Manes.05G073100,(1 of 2) K12621 - U6 snRNA-associated Sm-like protein LSm2 (LSM2),turquoise,NA,gene
Manes.05G073200.v8.1,Manes.05G073200,(1 of 1) PTHR12801//PTHR12801:SF66 - EXONUCLEASE // EXONUCLEASE-LIKE PROTEIN,turquoise,NA,gene
Manes.05G073400.v8.1,Manes.05G073400,(1 of 1) PTHR10357:SF115 - ISOAMYLASE 2; CHLOROPLASTIC,turquoise,carb,gene
Manes.05G075000.v8.1,Manes.05G075000,(1 of 2) K11087 - small nuclear ribonucleoprotein D1 (SNRPD1; SMD1),turquoise,NA,gene
Manes.05G075300.v8.1,Manes.05G075300,(1 of 59) PF01657 - Salt stress response/antifungal (Stress-antifung),black,NA,gene
Manes.05G075500.v8.1,Manes.05G075500,(1 of 1) K10844 - DNA excision repair protein ERCC-2 (ERCC2; XPD),turquoise,NA,gene
Manes.05G075600.v8.1,Manes.05G075600,(1 of 1) PTHR10906//PTHR10906:SF2 - SECY/SEC61-ALPHA FAMILY MEMBER // PREPROTEIN TRANSLOCASE SUBUNIT SCY2; CHLOROPLASTIC,turquoise,NA,gene
Manes.05G076137.v8.1,Manes.05G076137,(1 of 1) PTHR11649:SF36 - FZL,turquoise,NA,gene
Manes.05G076300.v8.1,Manes.05G076300,,black,NA,gene
Manes.05G076500.v8.1,Manes.05G076500,(1 of 1) PTHR10366:SF278 - CHLOROPLAST STEM-LOOP BINDING PROTEIN OF 41 KDA A; CHLOROPLASTIC,black,NA,gene
Manes.05G076600.v8.1,Manes.05G076600,(1 of 4) K14319 - Ran GTPase-activating protein 1 (RANGAP1),turquoise,NA,gene
Manes.05G077000.v8.1,Manes.05G077000,(1 of 1) PTHR20982//PTHR20982:SF8 - RIBOSOME RECYCLING FACTOR // RIBOSOME-RECYCLING FACTOR; CHLOROPLASTIC,turquoise,NA,gene
Manes.05G077800.v8.1,Manes.05G077800,(1 of 3) PTHR24098//PTHR24098:SF9 - FAMILY NOT NAMED // ACYL-COA N-ACYLTRANSFERASE DOMAIN-CONTAINING PROTEIN-RELATED,turquoise,NA,gene
Manes.05G077900.v8.1,Manes.05G077900,(1 of 3) K02964 - small subunit ribosomal protein S18e (RP-S18e; RPS18),turquoise,NA,gene
Manes.05G079400.v8.1,Manes.05G079400,(1 of 56) PF14368 - Probable lipid transfer (LTP_2),black,NA,gene
Manes.05G079800.v8.1,Manes.05G079800,,turquoise,NA,gene
Manes.05G080400.v8.1,Manes.05G080400,(1 of 1) PTHR11814:SF60 - SULFATE TRANSPORTER 3.1-RELATED,turquoise,NA,gene
Manes.05G080800.v8.1,Manes.05G080800,(1 of 4) K06890 - uncharacterized protein (K06890),purple,NA,gene
Manes.05G081500.v8.1,Manes.05G081500,(1 of 1) PF00651//PF13414 - BTB/POZ domain (BTB) // TPR repeat (TPR_11),turquoise,NA,gene
Manes.05G081900.v8.1,Manes.05G081900,(1 of 1) 1.14.11.42 - tRNA(Phe) (7-(3-amino-3-carboxypropyl)wyosine(37)-C(2))-hydroxylase,turquoise,NA,gene
Manes.05G083700.v8.1,Manes.05G083700,(1 of 2) PTHR10751:SF38 - GUANYLATE-BINDING FAMILY PROTEIN,turquoise,NA,gene
Manes.05G084100.v8.1,Manes.05G084100,(1 of 1) PTHR10302//PTHR10302:SF0 - SINGLE-STRANDED DNA-BINDING PROTEIN // SINGLE-STRANDED DNA-BINDING PROTEIN; MITOCHONDRIAL,turquoise,NA,gene
Manes.05G084600.v8.1,Manes.05G084600,(1 of 2) 3.1.1.26//3.1.1.3//3.1.1.32 - Galactolipase // Triacylglycerol lipase / Triglyceride lipase // Phospholipase A(1) / Phospholipase A1,turquoise,NA,gene
Manes.05G084700.v8.1,Manes.05G084700,(1 of 1) PTHR22912//PTHR22912:SF135 - DISULFIDE OXIDOREDUCTASE // GLUTATHIONE REDUCTASE; CHLOROPLASTIC,turquoise,NA,gene
Manes.05G085100.v8.1,Manes.05G085100,(1 of 4) PTHR13890//PTHR13890:SF8 - RNA SPLICING PROTEIN MRS2; MITOCHONDRIAL // SUBFAMILY NOT NAMED,turquoise,NA,gene
Manes.05G086309.v8.1,Manes.05G086309,(1 of 4) K13407 - fatty acid omega-hydroxylase (CYP94A1),turquoise,NA,gene
Manes.05G086462.v8.1,Manes.05G086462,(1 of 7) PTHR33091//PTHR33091:SF13 - FAMILY NOT NAMED // PR-6 PROTEINASE INHIBITOR FAMILY PROTEIN-RELATED,turquoise,NA,gene
Manes.05G087000.v8.1,Manes.05G087000,(1 of 1) PTHR24412//PTHR24412:SF213 - FAMILY NOT NAMED // F-BOX/KELCH-REPEAT PROTEIN OR23,purple,NA,gene
Manes.05G087500.v8.1,Manes.05G087500,(1 of 1) 1.14.99.29 - Deoxyhypusine monooxygenase / DOHH,turquoise,NA,gene
Manes.05G088100.v8.1,Manes.05G088100,(1 of 4) PTHR13833//PTHR13833:SF46 - FAMILY NOT NAMED // NHL DOMAIN-CONTAINING PROTEIN,turquoise,NA,gene
Manes.05G088300.v8.1,Manes.05G088300,(1 of 2) K12391 - AP-1 complex subunit gamma-1 (AP1G1),turquoise,NA,gene
Manes.05G089300.v8.1,Manes.05G089300,(1 of 1) PTHR23024//PTHR23024:SF228 - MEMBER OF 'GDXG' FAMILY OF LIPOLYTIC ENZYMES // SUBFAMILY NOT NAMED,turquoise,NA,gene
Manes.05G089500.v8.1,Manes.05G089500,(1 of 62) PF00892 - EamA-like transporter family (EamA),turquoise,NA,gene
Manes.05G089600.v8.1,Manes.05G089600,(1 of 62) PF00892 - EamA-like transporter family (EamA),turquoise,NA,gene
Manes.05G090600.v8.1,Manes.05G090600,(1 of 2) PTHR10177:SF206 - CYCLIN-D1-1,turquoise,NA,gene
Manes.05G092100.v8.1,Manes.05G092100,(1 of 2) PTHR31358:SF6 - F3I6.9 PROTEIN,black,NA,gene
Manes.05G093100.v8.1,Manes.05G093100,,turquoise,NA,gene
Manes.05G093400.v8.1,Manes.05G093400,(1 of 3) K11644 - paired amphipathic helix protein Sin3a (SIN3A),turquoise,NA,gene
Manes.05G093700.v8.1,Manes.05G093700,(1 of 2) PF11152 - Protein of unknown function (DUF2930) (DUF2930),turquoise,NA,gene
Manes.05G094000.v8.1,Manes.05G094000,(1 of 2) PTHR11668//PTHR11668:SF257 - SERINE/THREONINE PROTEIN PHOSPHATASE // SUBFAMILY NOT NAMED,turquoise,NA,gene
Manes.05G095600.v8.1,Manes.05G095600,(1 of 1) PTHR11359//PTHR11359:SF9 - AMP DEAMINASE // SUBFAMILY NOT NAMED,turquoise,NA,gene
Manes.05G095800.v8.1,Manes.05G095800,(1 of 446) PF01535 - PPR repeat (PPR),turquoise,NA,gene
Manes.05G096500.v8.1,Manes.05G096500,,turquoise,NA,gene
Manes.05G096900.v8.1,Manes.05G096900,(1 of 2) PTHR10264//PTHR10264:SF93 - BAND 7 PROTEIN-RELATED // SUBFAMILY NOT NAMED,turquoise,NA,gene
Manes.05G101600.v8.1,Manes.05G101600,(1 of 2) K15275 - solute carrier family 35 (UDP-galactose transporter); member B1 (SLC35B1),turquoise,NA,gene
Manes.05G099600.v8.1,Manes.05G099600,,turquoise,NA,gene
Manes.05G100300.v8.1,Manes.05G100300,(1 of 1) PTHR12725//PTHR12725:SF55 - HALOACID DEHALOGENASE-LIKE HYDROLASE // F14L17.7 PROTEIN,turquoise,NA,gene
Manes.05G101200.v8.1,Manes.05G101200,(1 of 3) PTHR10759//PTHR10759:SF1 - 60S RIBOSOMAL PROTEIN L34 // SUBFAMILY NOT NAMED,turquoise,NA,gene
Manes.05G102900.v8.1,Manes.05G102900,(1 of 4) K01510 - apyrase (ENTPD1_3_8),turquoise,NA,gene
Manes.05G102100.v8.1,Manes.05G102100,(1 of 1) PTHR12899//PTHR12899:SF8 - 39S RIBOSOMAL PROTEIN L18; MITOCHONDRIAL // RIBOSOMAL L18P/L5E FAMILY PROTEIN,turquoise,NA,gene
Manes.05G103100.v8.1,Manes.05G103100,(1 of 6) PTHR31089//PTHR31089:SF4 - FAMILY NOT NAMED // CYCLIC DOF FACTOR 2-RELATED,turquoise,NA,gene
Manes.05G103601.v8.1,Manes.05G103601,(1 of 2) PTHR11945//PTHR11945:SF169 - MADS BOX PROTEIN // MADS-BOX FAMILY PROTEIN,turquoise,NA,gene
Manes.05G104200.v8.1,Manes.05G104200,(1 of 1) PTHR10358//PTHR10358:SF8 - ENDOSULFINE // SUBFAMILY NOT NAMED,turquoise,NA,gene
Manes.05G104300.v8.1,Manes.05G104300,(1 of 48) PF04535 - Domain of unknown function (DUF588) (DUF588),turquoise,NA,gene
Manes.05G104800.v8.1,Manes.05G104800,(1 of 2) PTHR14304:SF11 - PROTEIN LST-3; ISOFORM A,turquoise,NA,gene
Manes.05G105400.v8.1,Manes.05G105400,(1 of 2) PTHR21026:SF2 - 39S RIBOSOMAL PROTEIN L32; MITOCHONDRIAL,turquoise,NA,gene
Manes.05G105600.v8.1,Manes.05G105600,(1 of 2) PTHR31741//PTHR31741:SF3 - FAMILY NOT NAMED // O-FUCOSYLTRANSFERASE-LIKE PROTEIN,turquoise,NA,gene
Manes.05G106100.v8.1,Manes.05G106100,(1 of 2) K03036 - 26S proteasome regulatory subunit N6 (PSMD11; RPN6),turquoise,NA,gene
Manes.05G106500.v8.1,Manes.05G106500,(1 of 2) PTHR22891:SF9 - PROTEIN ARGONAUTE 7,black,NA,gene
Manes.05G106700.v8.1,Manes.05G106700,(1 of 2) PTHR22883//PTHR22883:SF96 - ZINC FINGER DHHC DOMAIN CONTAINING PROTEIN // SUBFAMILY NOT NAMED,turquoise,NA,gene
Manes.05G107100.v8.1,Manes.05G107100,(1 of 2) PTHR33404//PTHR33404:SF2 - FAMILY NOT NAMED // CELL DIVISION TOPOLOGICAL SPECIFICITY FACTOR HOMOLOG; CHLOROPLASTIC,turquoise,NA,gene
Manes.05G107500.v8.1,Manes.05G107500,(1 of 4) PTHR33167:SF3 - F16A14.15-RELATED,turquoise,NA,gene
Manes.05G107700.v8.1,Manes.05G107700,,turquoise,NA,gene
Manes.05G109000.v8.1,Manes.05G109000,(1 of 1) PTHR11132//PTHR11132:SF124 - SOLUTE CARRIER FAMILY 35 // SUBFAMILY NOT NAMED,turquoise,NA,gene
Manes.05G110700.v8.1,Manes.05G110700,(1 of 60) PF07983 - X8 domain (X8),turquoise,NA,gene
Manes.05G110600.v8.1,Manes.05G110600,(1 of 2) PTHR22953//PTHR22953:SF20 - ACID PHOSPHATASE RELATED // INACTIVE PURPLE ACID PHOSPHATASE 1-RELATED,turquoise,NA,gene
Manes.05G109300.v8.1,Manes.05G109300,(1 of 1) K18586 - ubiquinone biosynthesis protein COQ4 (COQ4),turquoise,NA,gene
Manes.05G112500.v8.1,Manes.05G112500,(1 of 5) 3.1.1.31 - 6-phosphogluconolactonase,turquoise,NA,gene
Manes.05G112800.v8.1,Manes.05G112800,(1 of 207) PF01535//PF13041 - PPR repeat (PPR) // PPR repeat family (PPR_2),turquoise,NA,gene
Manes.05G113100.v8.1,Manes.05G113100,(1 of 2) 2.8.2.15 - Steroid sulfotransferase,turquoise,NA,gene
Manes.05G116700.v8.1,Manes.05G116700,(1 of 17) PF00581 - Rhodanese-like domain (Rhodanese),turquoise,NA,gene
Manes.05G117300.v8.1,Manes.05G117300,(1 of 1) K13123 - G patch domain-containing protein 1 (GPATCH1),turquoise,NA,gene
Manes.05G118200.v8.1,Manes.05G118200,(1 of 2) K03680 - translation initiation factor eIF-2B subunit delta (EIF2B4),turquoise,NA,gene
Manes.05G118701.v8.1,Manes.05G118701,,turquoise,NA,gene
Manes.05G118900.v8.1,Manes.05G118900,(1 of 22) PF12854//PF13041 - PPR repeat (PPR_1) // PPR repeat family (PPR_2),turquoise,NA,gene
Manes.05G139200.v8.1,Manes.05G139200,(1 of 8) PTHR24078:SF261 - DNAJ (HSP40) HOMOLOG; SUBFAMILY A; MEMBER 3A,black,NA,gene
Manes.05G138800.v8.1,Manes.05G138800,(1 of 2) K09313 - homeobox protein cut-like (CUTL),turquoise,NA,gene
Manes.05G138500.v8.1,Manes.05G138500,(1 of 1) PTHR13683:SF334 - ASPARTYL PROTEASE,turquoise,NA,gene
Manes.05G138400.v8.1,Manes.05G138400,(1 of 4) K03456 - serine/threonine-protein phosphatase 2A regulatory subunit A (PPP2R1),turquoise,NA,gene
Manes.05G138101.v8.1,Manes.05G138101,(1 of 3) PTHR31086//PTHR31086:SF20 - FAMILY NOT NAMED // ALUMINUM-ACTIVATED MALATE TRANSPORTER 4-RELATED,turquoise,NA,gene
Manes.05G140027.v8.1,Manes.05G140027,(1 of 1) PTHR22814//PTHR22814:SF72 - COPPER TRANSPORT PROTEIN ATOX1-RELATED // SUBFAMILY NOT NAMED,turquoise,NA,gene
Manes.05G145805.v8.1,Manes.05G145805,,black,NA,gene
Manes.05G137500.v8.1,Manes.05G137500,(1 of 2) K03966 - NADH dehydrogenase (ubiquinone) 1 beta subcomplex subunit 10 (NDUFB10),turquoise,NA,gene
Manes.05G112755.v8.1,Manes.05G112755,(1 of 2) PTHR31744//PTHR31744:SF3 - FAMILY NOT NAMED // GENOMIC DNA; CHROMOSOME 3; P1 CLONE: MYF24,turquoise,NA,gene
Manes.05G113166.v8.1,Manes.05G113166,(1 of 1) PTHR10774:SF1 - C2 DOMAIN-CONTAINING PROTEIN,turquoise,NA,gene
Manes.05G113577.v8.1,Manes.05G113577,(1 of 1) PTHR31860//PTHR31860:SF6 - FAMILY NOT NAMED // GENOMIC DNA; CHROMOSOME 3; P1 CLONE: MYF24,turquoise,NA,gene
Manes.05G114600.v8.1,Manes.05G114600,(1 of 52) K04733 - interleukin-1 receptor-associated kinase 4 (IRAK4),turquoise,NA,gene
Manes.05G114800.v8.1,Manes.05G114800,,turquoise,NA,gene
Manes.05G117026.v8.1,Manes.05G117026,(1 of 1) K09015 - Fe-S cluster assembly protein SufD (sufD),turquoise,NA,gene
Manes.05G119700.v8.1,Manes.05G119700,(1 of 1) K14310 - nuclear pore complex protein Nup205 (NUP205; NUP192),turquoise,NA,gene
Manes.05G137200.v8.1,Manes.05G137200,(1 of 2) PTHR10682:SF10 - FI03258P,turquoise,NA,gene
Manes.05G131300.v8.1,Manes.05G131300,(1 of 1) PTHR12919//PTHR12919:SF23 - 30S RIBOSOMAL PROTEIN S16 // SUBFAMILY NOT NAMED,turquoise,NA,gene
Manes.05G186753.v8.1,Manes.05G186753,(1 of 1) PTHR11200:SF119 - PHOSPHOINOSITIDE PHOSPHATASE SAC9-RELATED,turquoise,NA,gene
Manes.05G186754.v8.1,Manes.05G186754,,turquoise,NA,gene
Manes.05G121300.v8.1,Manes.05G121300,(1 of 1) KOG0192//KOG0195 - Tyrosine kinase specific for activated (GTP-bound) p21cdc42Hs // Integrin-linked kinase,black,NA,gene
Manes.05G123347.v8.1,Manes.05G123347,(1 of 1) PTHR34050//PTHR34050:SF1 - FAMILY NOT NAMED // ORGANELLAR DNA-BINDING PROTEIN,turquoise,NA,gene
Manes.05G114300.v8.1,Manes.05G114300,(1 of 1) PTHR10903:SF65 - AIG1 DOMAIN-CONTAINING PROTEIN-RELATED,turquoise,NA,gene
Manes.05G114200.v8.1,Manes.05G114200,(1 of 1) PTHR10992//PTHR10992:SF785 - ALPHA/BETA HYDROLASE FOLD-CONTAINING PROTEIN // METHYLESTERASE 12; CHLOROPLASTIC-RELATED,black,NA,gene
Manes.05G113900.v8.1,Manes.05G113900,(1 of 1) PTHR24078//PTHR24078:SF214 - DNAJ HOMOLOG SUBFAMILY C MEMBER // SUBFAMILY NOT NAMED,turquoise,NA,gene
Manes.05G113400.v8.1,Manes.05G113400,(1 of 1) PTHR13301//PTHR13301:SF73 - X-BOX TRANSCRIPTION FACTOR-RELATED // SUBFAMILY NOT NAMED,black,NA,gene
Manes.05G113300.v8.1,Manes.05G113300,(1 of 1) PTHR22884//PTHR22884:SF295 - SET DOMAIN PROTEINS // HISTONE-LYSINE N-METHYLTRANSFERASE SETD1A,purple,NA,gene
Manes.05G136400.v8.1,Manes.05G136400,(1 of 15) PF04759 - Protein of unknown function; DUF617 (DUF617),purple,NA,gene
Manes.05G129600.v8.1,Manes.05G129600,(1 of 1) PTHR12620//PTHR12620:SF15 - U2 SNRNP AUXILIARY FACTOR; SMALL SUBUNIT // SUBFAMILY NOT NAMED,turquoise,NA,gene
Manes.05G128500.v8.1,Manes.05G128500,(1 of 4) PF12274 - Protein of unknown function (DUF3615) (DUF3615),turquoise,NA,gene
Manes.05G128400.v8.1,Manes.05G128400,(1 of 4) PF12274 - Protein of unknown function (DUF3615) (DUF3615),turquoise,NA,gene
Manes.05G126400.v8.1,Manes.05G126400,(1 of 38) PF01535//PF12854//PF13041 - PPR repeat (PPR) // PPR repeat (PPR_1) // PPR repeat family (PPR_2),turquoise,NA,gene
Manes.05G125500.v8.1,Manes.05G125500,(1 of 1) PTHR22883//PTHR22883:SF72 - ZINC FINGER DHHC DOMAIN CONTAINING PROTEIN // PROTEIN S-ACYLTRANSFERASE 21,black,NA,gene
Manes.05G124900.v8.1,Manes.05G124900,(1 of 2) PTHR18966//PTHR18966:SF186 - IONOTROPIC GLUTAMATE RECEPTOR // SUBFAMILY NOT NAMED,turquoise,NA,gene
Manes.05G124600.v8.1,Manes.05G124600,(1 of 1) PTHR22849//PTHR22849:SF4 - WDSAM1 PROTEIN // U-BOX DOMAIN-CONTAINING PROTEIN 43-RELATED,turquoise,NA,gene
Manes.05G124500.v8.1,Manes.05G124500,(1 of 29) PF00646//PF07734 - F-box domain (F-box) // F-box associated (FBA_1),turquoise,NA,gene
Manes.05G124400.v8.1,Manes.05G124400,(1 of 3) PTHR11216:SF72 - CALCIUM-BINDING EF HAND-CONTAINING PROTEIN,turquoise,NA,gene
Manes.05G124200.v8.1,Manes.05G124200,(1 of 1) PTHR22893//PTHR22893:SF62 - NADH OXIDOREDUCTASE-RELATED // SUBFAMILY NOT NAMED,turquoise,NA,gene
Manes.05G124100.v8.1,Manes.05G124100,(1 of 3) PTHR13711:SF223 - HIGH MOBILITY GROUP B PROTEIN 2-RELATED,turquoise,NA,gene
Manes.05G123900.v8.1,Manes.05G123900,(1 of 3) PTHR22881//PTHR22881:SF16 - BROMODOMAIN CONTAINING PROTEIN // SUBFAMILY NOT NAMED,turquoise,NA,gene
Manes.05G130900.v8.1,Manes.05G130900,(1 of 3) K12385 - Niemann-Pick C1 protein (NPC1),turquoise,NA,gene
Manes.05G130700.v8.1,Manes.05G130700,(1 of 3) 1.11.1.21 - Catalase peroxidase,black,NA,gene
Manes.05G133700.v8.1,Manes.05G133700,(1 of 3) K11088 - small nuclear ribonucleoprotein D3 (SNRPD3; SMD3),turquoise,NA,gene
Manes.05G133800.v8.1,Manes.05G133800,(1 of 1) PTHR10357:SF110 - PROTEIN T04A8.7; ISOFORM A,black,carb,gene
Manes.05G134500.v8.1,Manes.05G134500,(1 of 52) PF01535//PF13041//PF13812 - PPR repeat (PPR) // PPR repeat family (PPR_2) // Pentatricopeptide repeat domain (PPR_3),turquoise,NA,gene
Manes.05G135500.v8.1,Manes.05G135500,(1 of 2) PTHR23076//PTHR23076:SF33 - METALLOPROTEASE M41 FTSH // ATP-DEPENDENT ZINC METALLOPROTEASE FTSH 1; CHLOROPLASTIC-RELATED,black,NA,gene
Manes.05G140400.v8.1,Manes.05G140400,(1 of 4) PF00257 - Dehydrin (Dehydrin),purple,NA,gene
Manes.05G140600.v8.1,Manes.05G140600,(1 of 1) PTHR12670//PTHR12670:SF6 - CERAMIDASE // SUBFAMILY NOT NAMED,turquoise,NA,gene
Manes.05G141000.v8.1,Manes.05G141000,(1 of 2) K09494 - T-complex protein 1 subunit beta (CCT2),turquoise,NA,gene
Manes.05G141100.v8.1,Manes.05G141100,(1 of 4) 4.2.1.119 - Enoyl-CoA hydratase 2 / ECH2,turquoise,NA,gene
Manes.05G141200.v8.1,Manes.05G141200,(1 of 2) K01322 - prolyl oligopeptidase [EC:3.4.21.26] (E3.4.21.26; PREP),turquoise,NA,gene
Manes.05G142600.v8.1,Manes.05G142600,(1 of 1) PTHR13675//PTHR13675:SF0 - FAMILY NOT NAMED // LYR MOTIF-CONTAINING PROTEIN 2,turquoise,NA,gene
Manes.05G144300.v8.1,Manes.05G144300,(1 of 2) PTHR22792:SF66 - LA-RELATED PROTEIN 7,turquoise,NA,gene
Manes.05G144400.v8.1,Manes.05G144400,(1 of 2) PTHR22952//PTHR22952:SF171 - CAMP-RESPONSE ELEMENT BINDING PROTEIN-RELATED // SUBFAMILY NOT NAMED,turquoise,NA,gene
Manes.05G144500.v8.1,Manes.05G144500,(1 of 6) K03094 - S-phase kinase-associated protein 1 (SKP1; CBF3D),turquoise,NA,gene
Manes.05G144700.v8.1,Manes.05G144700,(1 of 6) PTHR22835//PTHR22835:SF184 - ZINC FINGER FYVE DOMAIN CONTAINING PROTEIN // GDSL ESTERASE/LIPASE EXL1-RELATED,turquoise,NA,gene
Manes.05G145200.v8.1,Manes.05G145200,(1 of 1) PTHR24221//PTHR24221:SF235 - FAMILY NOT NAMED // ABC TRANSPORTER B FAMILY MEMBER 13-RELATED,turquoise,NA,gene
Manes.05G146200.v8.1,Manes.05G146200,(1 of 2) PTHR31048:SF27 - PATHOGENESIS-RELATED THAUMATIN FAMILY PROTEIN-RELATED,black,NA,gene
Manes.05G146300.v8.1,Manes.05G146300,(1 of 1) PF04751 - Protein of unknown function (DUF615) (DUF615),turquoise,NA,gene
Manes.05G146900.v8.1,Manes.05G146900,(1 of 1) K12173 - BRCA1-A complex subunit BRE (BRE; BRCC45),turquoise,NA,gene
Manes.05G147000.v8.1,Manes.05G147000,(1 of 3) PTHR11588//PTHR11588:SF97 - TUBULIN // TUBULIN BETA-4 CHAIN-RELATED,turquoise,NA,gene
Manes.05G147700.v8.1,Manes.05G147700,(1 of 2) PTHR23201:SF2 - GIBBERELLIN-REGULATED PROTEIN 1-RELATED,turquoise,NA,gene
Manes.05G147800.v8.1,Manes.05G147800,,black,NA,gene
Manes.05G148900.v8.1,Manes.05G148900,(1 of 17) K06966 - uncharacterized protein (K06966),turquoise,NA,gene
Manes.05G149133.v8.1,Manes.05G149133,(1 of 3) K13811 - 3'-phosphoadenosine 5'-phosphosulfate synthase (PAPSS),turquoise,NA,gene
Manes.05G149400.v8.1,Manes.05G149400,(1 of 4) PTHR31374//PTHR31374:SF35 - FAMILY NOT NAMED // AUXIN-INDUCED PROTEIN-RELATED,black,NA,gene
Manes.05G149900.v8.1,Manes.05G149900,(1 of 2) PTHR10108//PTHR10108:SF837 - METHYLTRANSFERASE // SUBFAMILY NOT NAMED,turquoise,NA,gene
Manes.05G151200.v8.1,Manes.05G151200,(1 of 2) PTHR22870:SF195 - REGULATOR OF CHROMOSOME CONDENSATION (RCC1) FAMILY PROTEIN,turquoise,NA,gene
Manes.05G151700.v8.1,Manes.05G151700,(1 of 2) PTHR10742//PTHR10742:SF284 - AMINE OXIDASE // LYSINE-SPECIFIC HISTONE DEMETHYLASE 1A,turquoise,NA,gene
Manes.05G151800.v8.1,Manes.05G151800,(1 of 7) K02155 - V-type H+-transporting ATPase 16kDa proteolipid subunit (ATPeV0C; ATP6L),turquoise,NA,gene
Manes.05G152600.v8.1,Manes.05G152600,(1 of 6) K09250 - cellular nucleic acid-binding protein (CNBP),turquoise,NA,gene
Manes.05G152900.v8.1,Manes.05G152900,(1 of 1) K11674 - microspherule protein 1 (MCRS1; INO80Q),turquoise,NA,gene
Manes.05G153200.v8.1,Manes.05G153200,(1 of 9) PF05142 - Domain of unknown function (DUF702) (DUF702),turquoise,NA,gene
Manes.05G153800.v8.1,Manes.05G153800,(1 of 1) PF14595 - Thioredoxin (Thioredoxin_9),purple,NA,gene
Manes.05G154600.v8.1,Manes.05G154600,(1 of 1) PTHR24067:SF125 - UBIQUITIN-CONJUGATING ENZYME E2 18-RELATED,purple,NA,gene
Manes.05G154700.v8.1,Manes.05G154700,(1 of 1) K03665 - GTP-binding protein HflX (hflX),black,NA,gene
Manes.05G154800.v8.1,Manes.05G154800,(1 of 1) PTHR31388//PTHR31388:SF4 - FAMILY NOT NAMED // PEROXIDASE 9,turquoise,NA,gene
Manes.05G154900.v8.1,Manes.05G154900,(1 of 2) 2.4.1.245 - Alpha;alpha-trehalose synthase / Trehalose synthetase,turquoise,NA,gene
Manes.05G155333.v8.1,Manes.05G155333,(1 of 2) PTHR24055:SF205 - MITOGEN-ACTIVATED PROTEIN KINASE 1-RELATED,turquoise,NA,gene
Manes.05G155900.v8.1,Manes.05G155900,(1 of 4) PTHR23324:SF43 - PHOSPHATIDYLINOSITOL/PHOSPHATIDYLCHOLINE TRANSFER PROTEIN SFH6-RELATED,turquoise,NA,gene
Manes.05G156100.v8.1,Manes.05G156100,(1 of 2) 2.7.1.158 - Inositol-pentakisphosphate 2-kinase / IP5 2-kinase,turquoise,NA,gene
Manes.05G156200.v8.1,Manes.05G156200,(1 of 1) PTHR22814//PTHR22814:SF153 - COPPER TRANSPORT PROTEIN ATOX1-RELATED // SUBFAMILY NOT NAMED,turquoise,NA,gene
Manes.05G156400.v8.1,Manes.05G156400,(1 of 1) 2.1.1.141 - Jasmonate O-methyltransferase / Jasmonic acid carboxyl methyltransferase,turquoise,NA,gene
Manes.05G157200.v8.1,Manes.05G157200,(1 of 1) 2.1.3.3 - Ornithine carbamoyltransferase / OTCase,turquoise,NA,gene
Manes.05G157400.v8.1,Manes.05G157400,(1 of 2) K02725 - 20S proteasome subunit alpha 6 (PSMA1),turquoise,NA,gene
Manes.05G157800.v8.1,Manes.05G157800,,purple,NA,gene
Manes.05G159400.v8.1,Manes.05G159400,(1 of 2) PTHR12103//PTHR12103:SF21 - CYTOSOLIC PURINE 5-NUCLEOTIDASE-RELATED // IMP-GMP SPECIFIC 5-NUCLEOTIDASE; PUTATIVE-RELATED,turquoise,NA,gene
Manes.05G159500.v8.1,Manes.05G159500,,turquoise,NA,gene
Manes.05G159700.v8.1,Manes.05G159700,(1 of 1) PTHR10108:SF733 - METHYLTRANSFERASE PMT28-RELATED,turquoise,NA,gene
Manes.05G159800.v8.1,Manes.05G159800,(1 of 3) PTHR10996//PTHR10996:SF162 - 2-HYDROXYACID DEHYDROGENASE-RELATED // SUBFAMILY NOT NAMED,black,NA,gene
Manes.05G160200.v8.1,Manes.05G160200,,black,NA,gene
Manes.05G160600.v8.1,Manes.05G160600,(1 of 3) PTHR32227:SF16 - GLUCAN ENDO-1;3-BETA-GLUCOSIDASE 7-RELATED,purple,NA,gene
Manes.05G160700.v8.1,Manes.05G160700,(1 of 4) PTHR31876:SF6 - PROTEIN LIKE-COV 3,turquoise,NA,gene
Manes.05G161100.v8.1,Manes.05G161100,(1 of 3) PF06708 - Protein of unknown function (DUF1195) (DUF1195),turquoise,NA,gene
Manes.05G161600.v8.1,Manes.05G161600,,turquoise,NA,gene
Manes.05G161700.v8.1,Manes.05G161700,(1 of 1) PTHR35464//PTHR35464:SF1 - FAMILY NOT NAMED // F18O14.9,turquoise,NA,gene
Manes.05G161900.v8.1,Manes.05G161900,(1 of 2) K12178 - COP9 signalosome complex subunit 4 (COPS4; CSN4),turquoise,NA,gene
Manes.05G162900.v8.1,Manes.05G162900,(1 of 2) PTHR31116//PTHR31116:SF5 - FAMILY NOT NAMED // 3-METHYLADENINE GLYCOSYLASE I-RELATED,black,NA,gene
Manes.05G163000.v8.1,Manes.05G163000,(1 of 3) K14503 - brassinosteroid resistant 1/2 (BZR1_2),turquoise,NA,gene
Manes.05G163100.v8.1,Manes.05G163100,(1 of 1) KOG2356 - Transcriptional activator; adenine-specific DNA methyltransferase,turquoise,NA,gene
Manes.05G163200.v8.1,Manes.05G163200,(1 of 152) PF02365 - No apical meristem (NAM) protein (NAM),purple,NA,gene
Manes.05G163400.v8.1,Manes.05G163400,(1 of 5) KOG2966 - Uncharacterized conserved protein,turquoise,NA,gene
Manes.05G164200.v8.1,Manes.05G164200,(1 of 5) KOG1703 - Adaptor protein Enigma and related PDZ-LIM proteins,turquoise,NA,gene
Manes.05G164600.v8.1,Manes.05G164600,(1 of 1) PTHR21569:SF2 - 30S RIBOSOMAL PROTEIN S9; CHLOROPLASTIC,turquoise,NA,gene
Manes.05G164700.v8.1,Manes.05G164700,(1 of 1) PTHR12956//PTHR12956:SF17 - ALKALINE CERAMIDASE-RELATED // SUBFAMILY NOT NAMED,turquoise,NA,gene
Manes.05G166500.v8.1,Manes.05G166500,,black,NA,gene
Manes.05G166700.v8.1,Manes.05G166700,(1 of 1569) 2.7.11.1 - Non-specific serine/threonine protein kinase / Threonine-specific protein kinase,black,NA,gene
Manes.05G167700.v8.1,Manes.05G167700,(1 of 138) KOG0156 - Cytochrome P450 CYP2 subfamily,purple,NA,gene
Manes.05G169100.v8.1,Manes.05G169100,(1 of 2) PTHR22950//PTHR22950:SF281 - AMINO ACID TRANSPORTER // LYSINE HISTIDINE TRANSPORTER-LIKE 8,black,NA,gene
Manes.05G169801.v8.1,Manes.05G169801,(1 of 1) K11229 - mitogen-activated protein kinase kinase kinase (BCK1),turquoise,NA,gene
Manes.05G171920.v8.1,Manes.05G171920,,turquoise,NA,gene
Manes.05G171200.v8.1,Manes.05G171200,(1 of 1) KOG2029 - Uncharacterized conserved protein,turquoise,NA,gene
Manes.05G171500.v8.1,Manes.05G171500,(1 of 2) K03030 - 26S proteasome regulatory subunit N11 (PSMD14; RPN11; POH1),turquoise,NA,gene
Manes.05G172300.v8.1,Manes.05G172300,(1 of 2) K14499 - BRI1 kinase inhibitor 1 (BKI1),turquoise,NA,gene
Manes.05G172400.v8.1,Manes.05G172400,(1 of 2) K15728 - phosphatidate phosphatase LPIN (LPIN),turquoise,NA,gene
Manes.05G172500.v8.1,Manes.05G172500,(1 of 2) PF04571//PF08235 - lipin; N-terminal conserved region (Lipin_N) // LNS2 (Lipin/Ned1/Smp2) (LNS2),turquoise,NA,gene
Manes.05G173100.v8.1,Manes.05G173100,(1 of 12) K02183 - calmodulin (CALM),turquoise,NA,gene
Manes.05G173200.v8.1,Manes.05G173200,(1 of 19) PTHR10891//PTHR10891:SF592 - EF-HAND CALCIUM-BINDING DOMAIN CONTAINING PROTEIN // CALCIUM-BINDING PROTEIN CML38-RELATED,turquoise,NA,gene
Manes.05G173500.v8.1,Manes.05G173500,(1 of 2) PTHR33926//PTHR33926:SF2 - FAMILY NOT NAMED // PROTEIN TIC 22; CHLOROPLASTIC,black,NA,gene
Manes.05G174100.v8.1,Manes.05G174100,(1 of 2) K18588 - coenzyme Q-binding protein COQ10 (COQ10),turquoise,NA,gene
Manes.05G174500.v8.1,Manes.05G174500,(1 of 2) PTHR22952//PTHR22952:SF194 - CAMP-RESPONSE ELEMENT BINDING PROTEIN-RELATED // SUBFAMILY NOT NAMED,turquoise,NA,gene
Manes.05G174700.v8.1,Manes.05G174700,(1 of 2) PTHR21493//PTHR21493:SF104 - CGI-141-RELATED/LIPASE CONTAINING PROTEIN // SUBFAMILY NOT NAMED,purple,NA,gene
Manes.05G177300.v8.1,Manes.05G177300,(1 of 7) PF11523 - Protein of unknown function (DUF3223) (DUF3223),turquoise,NA,gene
Manes.05G179700.v8.1,Manes.05G179700,(1 of 2) PTHR13683//PTHR13683:SF342 - ASPARTYL PROTEASES // SUBFAMILY NOT NAMED,turquoise,NA,gene
Manes.05G180200.v8.1,Manes.05G180200,(1 of 1) PTHR32487:SF0 - 3-OXO-DELTA(4;5)-STEROID 5-BETA-REDUCTASE,turquoise,NA,gene
Manes.05G180400.v8.1,Manes.05G180400,(1 of 1) PTHR24054//PTHR24054:SF32 - CASEIN KINASE II SUBUNIT ALPHA // SUBFAMILY NOT NAMED,black,NA,gene
Manes.05G181000.v8.1,Manes.05G181000,(1 of 2) PTHR11776//PTHR11776:SF8 - ADENINE PHOSPHORIBOSYLTRANSFERASE // ADENINE PHOSPHORIBOSYLTRANSFERASE 1; CHLOROPLASTIC,turquoise,NA,gene
Manes.05G181300.v8.1,Manes.05G181300,(1 of 1) PTHR21494:SF0 - ACTIVATING SIGNAL COINTEGRATOR 1 COMPLEX SUBUNIT 2,turquoise,NA,gene
Manes.05G181801.v8.1,Manes.05G181801,,turquoise,NA,gene
Manes.05G181900.v8.1,Manes.05G181900,(1 of 1) K10570 - DNA excision repair protein ERCC-8 (ERCC8; CKN1; CSA),turquoise,NA,gene
Manes.05G184100.v8.1,Manes.05G184100,(1 of 2) PTHR24078:SF272 - CHAPERONE DNAJ-DOMAIN CONTAINING PROTEIN,turquoise,NA,gene
Manes.05G184200.v8.1,Manes.05G184200,(1 of 3) 1.14.13.132//1.14.99.7 - Squalene monooxygenase / Squalene epoxidase // Transferred entry: 1.14.13.132,turquoise,NA,gene
Manes.05G184800.v8.1,Manes.05G184800,(1 of 49) K09338 - homeobox-leucine zipper protein (HD-ZIP),purple,NA,gene
Manes.05G184900.v8.1,Manes.05G184900,(1 of 2) PTHR11850:SF64 - HOMEOBOX PROTEIN KNOTTED-1-LIKE 1,turquoise,NA,gene
Manes.05G185300.v8.1,Manes.05G185300,(1 of 11) 3.2.1.8 - Endo-1;4-beta-xylanase,turquoise,NA,gene
Manes.05G185400.v8.1,Manes.05G185400,(1 of 1) PTHR31490//PTHR31490:SF1 - FAMILY NOT NAMED // F19C14.2 PROTEIN-RELATED,turquoise,NA,gene
Manes.05G187400.v8.1,Manes.05G187400,(1 of 2) PTHR33966:SF1 - PROTEIN ODR-4 HOMOLOG,turquoise,NA,gene
Manes.05G188200.v8.1,Manes.05G188200,(1 of 2) K11097 - small nuclear ribonucleoprotein E (SNRPE; SME),turquoise,NA,gene
Manes.05G189000.v8.1,Manes.05G189000,(1 of 2) 2.7.9.4 - Alpha-glucan; water dikinase / Starch-related R1 protein,turquoise,carb,gene
Manes.05G189300.v8.1,Manes.05G189300,(1 of 1) PTHR12300//PTHR12300:SF57 - HVA22-LIKE PROTEINS // SUBFAMILY NOT NAMED,turquoise,NA,gene
Manes.05G189400.v8.1,Manes.05G189400,(1 of 1) PF10347//PF10351 - RNA pol II promoter Fmp27 protein domain (Fmp27_GFWDK) // Golgi-body localisation protein domain (Apt1),turquoise,NA,gene
Manes.05G189500.v8.1,Manes.05G189500,(1 of 2) PTHR10071//PTHR10071:SF179 - TRANSCRIPTION FACTOR GATA  GATA BINDING FACTOR // SUBFAMILY NOT NAMED,turquoise,NA,gene
Manes.05G189800.v8.1,Manes.05G189800,(1 of 17) 2.4.1.255 - Protein O-GlcNAc transferase / OGTase,turquoise,NA,gene
Manes.05G190000.v8.1,Manes.05G190000,(1 of 1) PTHR11207//PTHR11207:SF1 - RIBONUCLEASE III // SUBFAMILY NOT NAMED,turquoise,NA,gene
Manes.05G190400.v8.1,Manes.05G190400,(1 of 2) PTHR10992//PTHR10992:SF699 - ALPHA/BETA HYDROLASE FOLD-CONTAINING PROTEIN // SUBFAMILY NOT NAMED,turquoise,NA,gene
Manes.05G190600.v8.1,Manes.05G190600,(1 of 1) K08266 - G protein beta subunit-like (GBL),turquoise,NA,gene
Manes.05G191300.v8.1,Manes.05G191300,,turquoise,NA,gene
Manes.05G191400.v8.1,Manes.05G191400,,turquoise,NA,gene
Manes.05G192730.v8.1,Manes.05G192730,(1 of 4) PTHR31645:SF8 - METAL-NICOTIANAMINE TRANSPORTER YSL3,turquoise,NA,gene
Manes.05G192781.v8.1,Manes.05G192781,(1 of 3) PTHR23074//PTHR23074:SF20 - AAA ATPASE // GH08677P,turquoise,NA,gene
Manes.05G193200.v8.1,Manes.05G193200,(1 of 2) PTHR22957//PTHR22957:SF293 - TBC1 DOMAIN FAMILY MEMBER GTPASE-ACTIVATING PROTEIN // GTPASE ACTIVATOR PROTEIN OF RAB-LIKE SMALL GTPASES-LIKE PROTEIN,turquoise,NA,gene
Manes.05G193700.v8.1,Manes.05G193700,(1 of 1) K02293 - 15-cis-phytoene desaturase (PDS; crtP),black,carot,gene
Manes.05G195500.v8.1,Manes.05G195500,(1 of 1) PTHR22847//PTHR22847:SF453//PTHR22847:SF478 - WD40 REPEAT PROTEIN // SUBFAMILY NOT NAMED // SUBFAMILY NOT NAMED,black,NA,gene
Manes.05G196400.v8.1,Manes.05G196400,(1 of 5) PTHR23050:SF166 - CALMODULIN-5,turquoise,NA,gene
Manes.05G196500.v8.1,Manes.05G196500,(1 of 1) 3.1.13.3 - Oligonucleotidase,turquoise,NA,gene
Manes.05G196600.v8.1,Manes.05G196600,(1 of 2) PTHR31851//PTHR31851:SF16 - FAMILY NOT NAMED // MEMBRANE PROTEIN OF ER BODY 2,turquoise,NA,gene
Manes.05G197450.v8.1,Manes.05G197450,(1 of 2) PTHR13902//PTHR13902:SF63 - SERINE/THREONINE-PROTEIN KINASE WNK  WITH NO LYSINE -RELATED // SUBFAMILY NOT NAMED,turquoise,NA,gene
Manes.05G198000.v8.1,Manes.05G198000,(1 of 1) PTHR11851:SF152 - PROTEIN UCR-2.3,turquoise,NA,gene
Manes.05G198700.v8.1,Manes.05G198700,(1 of 5) K14006 - protein transport protein SEC23 (SEC23),turquoise,NA,gene
Manes.05G200200.v8.1,Manes.05G200200,(1 of 3) PTHR11588:SF106 - TUBULIN BETA-6 CHAIN,turquoise,NA,gene
Manes.05G200900.v8.1,Manes.05G200900,(1 of 14) 3.2.1.26 - Beta-fructofuranosidase / Saccharase,turquoise,carb,gene
Manes.05G201200.v8.1,Manes.05G201200,(1 of 2) PTHR24115:SF533 - ARMADILLO REPEAT-CONTAINING KINESIN-LIKE PROTEIN 2,turquoise,NA,gene
Manes.05G201400.v8.1,Manes.05G201400,(1 of 2) 6.2.1.20 - Long-chain-fatty-acid--[acyl-carrier-protein] ligase / Acyl-[acyl-carrier-protein] synthetase,turquoise,NA,gene
Manes.05G201886.v8.1,Manes.05G201886,(1 of 2) PTHR33136:SF3 - PROTEIN RALF-LIKE 32,turquoise,NA,gene
Manes.05G202000.v8.1,Manes.05G202000,(1 of 4) PTHR11062:SF110 - EXOSTOSIN FAMILY PROTEIN,turquoise,NA,gene
Manes.05G202200.v8.1,Manes.05G202200,(1 of 1) PTHR12735//PTHR12735:SF22 - BOLA-LIKE PROTEIN-RELATED // SUBFAMILY NOT NAMED,turquoise,NA,gene
Manes.05G203000.v8.1,Manes.05G203000,(1 of 1) PTHR32175:SF0 - P-LOOP CONTAINING NUCLEOSIDE TRIPHOSPHATE HYDROLASE FAMILY PROTEIN,turquoise,NA,gene
Manes.05G203200.v8.1,Manes.05G203200,(1 of 3) PTHR24012//PTHR24012:SF403 - FAMILY NOT NAMED // POLYADENYLATE-BINDING PROTEIN RBP47A,turquoise,NA,gene
Manes.05G203450.v8.1,Manes.05G203450,(1 of 2) K13342 - peroxin-5 (PEX5; PXR1),turquoise,NA,gene
Manes.05G204160.v8.1,Manes.05G204160,(1 of 1) PTHR33254:SF3 - REGULATOR OF RIBONUCLEASE-LIKE PROTEIN 3,turquoise,NA,gene
Manes.05G203800.v8.1,Manes.05G203800,(1 of 3) PTHR27000:SF48 - RECEPTOR-LIKE PROTEIN KINASE BRI1-LIKE 3-RELATED,turquoise,NA,gene
Manes.05G203900.v8.1,Manes.05G203900,(1 of 3) K18835 - WRKY transcription factor 2 (WRKY2),turquoise,NA,gene
Manes.05G204400.v8.1,Manes.05G204400,(1 of 2) PTHR11689:SF77 - CHLORIDE CHANNEL PROTEIN CLC-F,turquoise,NA,gene
Manes.05G204600.v8.1,Manes.05G204600,(1 of 1) PTHR32472:SF12 - P-LOOP CONTAINING NUCLEOSIDE TRIPHOSPHATE HYDROLASES SUPERFAMILY PROTEIN,turquoise,NA,gene
Manes.05G204800.v8.1,Manes.05G204800,(1 of 3) PTHR13711//PTHR13711:SF202 - SWI/SNF-RELATED CHROMATIN BINDING PROTEIN // HIGH MOBILITY GROUP B PROTEIN 10-RELATED,turquoise,NA,gene
Manes.05G205300.v8.1,Manes.05G205300,(1 of 7) PTHR10891//PTHR10891:SF574 - EF-HAND CALCIUM-BINDING DOMAIN CONTAINING PROTEIN // CALCIUM-BINDING PROTEIN CML30-RELATED,turquoise,NA,gene
Manes.05G205800.v8.1,Manes.05G205800,(1 of 3) PTHR22950:SF228 - AMINO ACID PERMEASE 7-RELATED,turquoise,NA,gene
Manes.05G205900.v8.1,Manes.05G205900,(1 of 1) K17787 - altered inheritance of mitochondria protein 5 (AIM5),turquoise,NA,gene
Manes.05G206500.v8.1,Manes.05G206500,(1 of 2) K11884 - RNA-binding protein PNO1 (PNO1; DIM2),turquoise,NA,gene
Manes.05G207100.v8.1,Manes.05G207100,,turquoise,NA,gene
Manes.05G207700.v8.1,Manes.05G207700,(1 of 1) 3.2.1.143 - Poly(ADP-ribose) glycohydrolase,turquoise,NA,gene
Manes.06G000200.v8.1,Manes.06G000200,(1 of 1) PTHR11132//PTHR11132:SF75 - SOLUTE CARRIER FAMILY 35 // GB|AAF04433.1,turquoise,NA,gene
Manes.06G000800.v8.1,Manes.06G000800,(1 of 2) PTHR11999//PTHR11999:SF113 - GROUP II PYRIDOXAL-5-PHOSPHATE DECARBOXYLASE // GLUTAMATE DECARBOXYLASE 2,turquoise,NA,gene
Manes.06G002000.v8.1,Manes.06G002000,(1 of 1) PTHR11614//PTHR11614:SF97 - PHOSPHOLIPASE-RELATED // SUBFAMILY NOT NAMED,turquoise,NA,gene
Manes.06G002500.v8.1,Manes.06G002500,(1 of 2) PTHR12701:SF20 - GENOMIC DNA; CHROMOSOME 3; P1 CLONE: MIG5,turquoise,NA,gene
Manes.06G002600.v8.1,Manes.06G002600,(1 of 1) PTHR10217//PTHR10217:SF514 - VOLTAGE AND LIGAND GATED POTASSIUM CHANNEL // SUBFAMILY NOT NAMED,turquoise,NA,gene
Manes.06G005500.v8.1,Manes.06G005500,(1 of 1) K06669 - structural maintenance of chromosome 3 (chondroitin sulfate proteoglycan 6) (SMC3; CSPG6),turquoise,NA,gene
Manes.06G005800.v8.1,Manes.06G005800,(1 of 1) K14026 - SEL1 protein (SEL1; SEL1L),turquoise,NA,gene
Manes.06G006600.v8.1,Manes.06G006600,(1 of 11) PTHR24296:SF1 - ALKANE HYDROXYLASE CYP96A15-RELATED,black,NA,gene
Manes.06G007100.v8.1,Manes.06G007100,(1 of 2) K05929 - phosphoethanolamine N-methyltransferase (E2.1.1.103; NMT),turquoise,NA,gene
Manes.06G007500.v8.1,Manes.06G007500,(1 of 207) PF01535//PF13041 - PPR repeat (PPR) // PPR repeat family (PPR_2),black,NA,gene
Manes.06G007550.v8.1,Manes.06G007550,(1 of 3) 2.7.4.9 - dTMP kinase / TMPK,turquoise,NA,gene
Manes.06G008300.v8.1,Manes.06G008300,(1 of 217) PF00400 - WD domain; G-beta repeat (WD40),turquoise,NA,gene
Manes.06G008400.v8.1,Manes.06G008400,(1 of 2) K14753 - guanine nucleotide-binding protein subunit beta-2-like 1 protein (RACK1),black,NA,gene
Manes.06G008600.v8.1,Manes.06G008600,(1 of 2) PTHR24078:SF315 - MOLECULAR CHAPERONE DNAJ,turquoise,NA,gene
Manes.06G009800.v8.1,Manes.06G009800,(1 of 2) K02929 - large subunit ribosomal protein L44e (RP-L44e; RPL44),turquoise,NA,gene
Manes.06G010300.v8.1,Manes.06G010300,(1 of 2) 3.1.4.57 - Phosphoribosyl 1;2-cyclic phosphate 1;2-diphosphodiesterase / Cyclic phosphate dihydrolase,turquoise,NA,gene
Manes.06G010625.v8.1,Manes.06G010625,(1 of 35) PTHR27002//PTHR27002:SF84 - FAMILY NOT NAMED // ATP BINDING / PROTEIN KINASE-RELATED,turquoise,NA,gene
Manes.06G010650.v8.1,Manes.06G010650,(1 of 35) PTHR27002//PTHR27002:SF84 - FAMILY NOT NAMED // ATP BINDING / PROTEIN KINASE-RELATED,turquoise,NA,gene
Manes.06G010675.v8.1,Manes.06G010675,(1 of 35) PTHR27002//PTHR27002:SF84 - FAMILY NOT NAMED // ATP BINDING / PROTEIN KINASE-RELATED,purple,NA,gene
Manes.06G012250.v8.1,Manes.06G012250,(1 of 84) PF03732 - Retrotransposon gag protein (Retrotrans_gag),turquoise,NA,gene
Manes.06G012550.v8.1,Manes.06G012550,(1 of 2) PTHR23147//PTHR23147:SF10 - SERINE/ARGININE RICH SPLICING FACTOR // SUBFAMILY NOT NAMED,turquoise,NA,gene
Manes.06G012600.v8.1,Manes.06G012600,(1 of 1) PTHR24093//PTHR24093:SF124 - FAMILY NOT NAMED // COPPER-TRANSPORTING ATPASE PAA1; CHLOROPLASTIC,turquoise,NA,gene
Manes.06G013800.v8.1,Manes.06G013800,(1 of 2) PF00004//PF12169 - ATPase family associated with various cellular activities (AAA) (AAA) // DNA polymerase III subunits gamma and tau domain III (DNA_pol3_gamma3),turquoise,NA,gene
Manes.06G015100.v8.1,Manes.06G015100,(1 of 1) K06962 - uncharacterized protein (K06962),turquoise,NA,gene
Manes.06G016600.v8.1,Manes.06G016600,(1 of 1) PTHR11260//PTHR11260:SF268//PTHR11260:SF290 - GLUTATHIONE S-TRANSFERASE; GST; SUPERFAMILY; GST DOMAIN CONTAINING // SUBFAMILY NOT NAMED // SUBFAMILY NOT NAMED,turquoise,NA,gene
Manes.06G016800.v8.1,Manes.06G016800,(1 of 7) 1.16.1.7 - Ferric-chelate reductase (NADH) / NADH:Fe(3+)-EDTA reductase,turquoise,NA,gene
Manes.06G016900.v8.1,Manes.06G016900,(1 of 1) PTHR22298//PTHR22298:SF36 - ENDO-1;4-BETA-GLUCANASE // ENDOGLUCANASE 21-RELATED,turquoise,NA,gene
Manes.06G017900.v8.1,Manes.06G017900,,black,NA,gene
Manes.06G018450.v8.1,Manes.06G018450,(1 of 2) PTHR11742//PTHR11742:SF42 - MANNOSYL-OLIGOSACCHARIDE ALPHA-1;2-MANNOSIDASE-RELATED // SUBFAMILY NOT NAMED,turquoise,NA,gene
Manes.06G019000.v8.1,Manes.06G019000,(1 of 3) K18999 - RNA polymerase II C-terminal domain phosphatase-like 3/4 [EC:3.1.3.16] (CPL3_4),turquoise,NA,gene
Manes.06G019300.v8.1,Manes.06G019300,(1 of 48) PF06203 - CCT motif (CCT),turquoise,NA,gene
Manes.06G020200.v8.1,Manes.06G020200,,turquoise,NA,gene
Manes.06G020300.v8.1,Manes.06G020300,(1 of 2) K18469 - TBC1 domain family member 5 (TBC1D5),black,NA,gene
Manes.06G021432.v8.1,Manes.06G021432,(1 of 2) K05768 - gelsolin (GSN),turquoise,NA,gene
Manes.06G022300.v8.1,Manes.06G022300,(1 of 13) K01535 - H+-transporting ATPase (E3.6.3.6),turquoise,NA,gene
Manes.06G022500.v8.1,Manes.06G022500,(1 of 6) K17710 - pentatricopeptide repeat domain-containing protein 1 (PTCD1),turquoise,NA,gene
Manes.06G022700.v8.1,Manes.06G022700,(1 of 1) K12115 - clock-associated PAS protein ZTL (ZTL),turquoise,NA,gene
Manes.06G023400.v8.1,Manes.06G023400,(1 of 3) 4.1.1.39 - Ribulose-bisphosphate carboxylase / RuBP carboxylase,black,NA,gene
Manes.06G023700.v8.1,Manes.06G023700,(1 of 1) PTHR31713:SF12 - CALMODULIN-BINDING PROTEIN,turquoise,NA,gene
Manes.06G023800.v8.1,Manes.06G023800,(1 of 1) 2.6.1.62//6.3.3.3 - Adenosylmethionine--8-amino-7-oxononanoate transaminase / DAPA aminotransferase // Dethiobiotin synthase / DTB synthetase,turquoise,NA,gene
Manes.06G024300.v8.1,Manes.06G024300,(1 of 1) PTHR10992:SF879 - PHEOPHYTINASE; CHLOROPLASTIC,turquoise,NA,gene
Manes.06G025700.v8.1,Manes.06G025700,(1 of 8) PF00564//PF07714 - PB1 domain (PB1) // Protein tyrosine kinase (Pkinase_Tyr),turquoise,NA,gene
Manes.06G026700.v8.1,Manes.06G026700,(1 of 1) 2.7.1.16 - Ribulokinase / L-ribulokinase,turquoise,NA,gene
Manes.06G027200.v8.1,Manes.06G027200,(1 of 2) PTHR12482:SF17 - ALPHA/BETA-HYDROLASES SUPERFAMILY PROTEIN,turquoise,NA,gene
Manes.06G027700.v8.1,Manes.06G027700,(1 of 1) PTHR22814:SF148 - F1K23.4,turquoise,NA,gene
Manes.06G027900.v8.1,Manes.06G027900,(1 of 2) PF00005//PF06472 - ABC transporter (ABC_tran) // ABC transporter transmembrane region 2 (ABC_membrane_2),turquoise,NA,gene
Manes.06G028100.v8.1,Manes.06G028100,(1 of 2) PTHR11624//PTHR11624:SF84 - DEHYDROGENASE RELATED // SUBFAMILY NOT NAMED,turquoise,carot,gene
Manes.06G028700.v8.1,Manes.06G028700,(1 of 8) K00901 - diacylglycerol kinase (ATP) (dgkA; DGK),turquoise,NA,gene
Manes.06G029800.v8.1,Manes.06G029800,(1 of 27) PF00504 - Chlorophyll A-B binding protein (Chloroa_b-bind),turquoise,NA,gene
Manes.06G031400.v8.1,Manes.06G031400,(1 of 2) PTHR31422:SF1 - EXPRESSED PROTEIN,turquoise,NA,gene
Manes.06G031600.v8.1,Manes.06G031600,(1 of 1) PF03291 - mRNA capping enzyme (Pox_MCEL),turquoise,NA,gene
Manes.06G031700.v8.1,Manes.06G031700,(1 of 2) PTHR13222//PTHR13222:SF1 - CGTHBA PROTEIN  -14 GENE PROTEIN // RB1-INDUCIBLE COILED-COIL PROTEIN 1,turquoise,NA,gene
Manes.06G032800.v8.1,Manes.06G032800,(1 of 1) K17908 - autophagy-related protein 18 (WIPI; ATG18),turquoise,NA,gene
Manes.06G033200.v8.1,Manes.06G033200,(1 of 2) PTHR23253//PTHR23253:SF32 - EUKARYOTIC TRANSLATION INITIATION FACTOR 4 GAMMA // SUBFAMILY NOT NAMED,turquoise,NA,gene
Manes.06G033800.v8.1,Manes.06G033800,(1 of 1) PTHR11618//PTHR11618:SF23 - TRANSCRIPTION INITIATION FACTOR IIB-RELATED // SUBFAMILY NOT NAMED,turquoise,NA,gene
Manes.06G035500.v8.1,Manes.06G035500,,turquoise,NA,gene
Manes.06G036000.v8.1,Manes.06G036000,(1 of 4) K03263 - translation initiation factor 5A (EIF5A),turquoise,NA,gene
Manes.06G036901.v8.1,Manes.06G036901,(1 of 5) K09287 - RAV-like factor (RAV),turquoise,NA,gene
Manes.06G037450.v8.1,Manes.06G037450,(1 of 2) K11097 - small nuclear ribonucleoprotein E (SNRPE; SME),turquoise,NA,gene
Manes.06G037600.v8.1,Manes.06G037600,(1 of 7) K12581 - CCR4-NOT transcription complex subunit 7/8 (CNOT7_8; CAF1; POP2),turquoise,NA,gene
Manes.06G037900.v8.1,Manes.06G037900,(1 of 3) PF05182 - Fip1 motif (Fip1),turquoise,NA,gene
Manes.06G039800.v8.1,Manes.06G039800,(1 of 1) PTHR13847:SF184 - FAD-DEPENDENT OXIDOREDUCTASE-LIKE PROTEIN,turquoise,NA,gene
Manes.06G040600.v8.1,Manes.06G040600,(1 of 2) PTHR12136//PTHR12136:SF49 - STEROIDOGENIC ACUTE REGULATORY PROTEIN  STAR // SUBFAMILY NOT NAMED,turquoise,NA,gene
Manes.06G041000.v8.1,Manes.06G041000,(1 of 3) PTHR10766//PTHR10766:SF54 - TRANSMEMBRANE 9 SUPERFAMILY PROTEIN // ENDOMEMBRANE FAMILY PROTEIN 70,turquoise,NA,gene
Manes.06G041300.v8.1,Manes.06G041300,(1 of 2) PTHR22763//PTHR22763:SF49 - RING ZINC FINGER PROTEIN // SUBFAMILY NOT NAMED,turquoise,NA,gene
Manes.06G041400.v8.1,Manes.06G041400,(1 of 3) PTHR14155//PTHR14155:SF158 - RING FINGER DOMAIN-CONTAINING // SUBFAMILY NOT NAMED,turquoise,NA,gene
Manes.06G041601.v8.1,Manes.06G041601,,turquoise,NA,gene
Manes.06G043200.v8.1,Manes.06G043200,(1 of 2) PTHR31065//PTHR31065:SF11 - FAMILY NOT NAMED // PLATZ TRANSCRIPTION FACTOR FAMILY PROTEIN,turquoise,NA,gene
Manes.06G043100.v8.1,Manes.06G043100,(1 of 2) PTHR31414:SF1 - TRANSMEMBRANE PROTEIN DDB_G0292058,turquoise,NA,gene
Manes.06G043700.v8.1,Manes.06G043700,,black,NA,gene
Manes.06G043801.v8.1,Manes.06G043801,(1 of 2) PTHR21576//PTHR21576:SF21 - UNCHARACTERIZED NODULIN-LIKE PROTEIN // SUBFAMILY NOT NAMED,turquoise,NA,gene
Manes.06G044000.v8.1,Manes.06G044000,(1 of 85) PF00560//PF08263//PF13855 - Leucine Rich Repeat (LRR_1) // Leucine rich repeat N-terminal domain (LRRNT_2) // Leucine rich repeat (LRR_8),turquoise,NA,gene
Manes.06G044100.v8.1,Manes.06G044100,(1 of 3) PTHR22904//PTHR22904:SF367 - TPR REPEAT CONTAINING PROTEIN // SUBFAMILY NOT NAMED,turquoise,NA,gene
Manes.06G044200.v8.1,Manes.06G044200,(1 of 3) KOG0509 - Ankyrin repeat and DHHC-type Zn-finger domain containing proteins,turquoise,NA,gene
Manes.06G045700.v8.1,Manes.06G045700,(1 of 2) PTHR11689//PTHR11689:SF66 - CHLORIDE CHANNEL // CHLORIDE CHANNEL-LIKE PROTEIN CLC-G-RELATED,turquoise,NA,gene
Manes.06G046300.v8.1,Manes.06G046300,(1 of 1) PTHR21373:SF0 - N-ALPHA-ACETYLTRANSFERASE 35; NATC AUXILIARY SUBUNIT,turquoise,NA,gene
Manes.06G047000.v8.1,Manes.06G047000,(1 of 2) K12607 - CCR4-NOT transcription complex subunit 10 (CNOT10),turquoise,NA,gene
Manes.06G048100.v8.1,Manes.06G048100,(1 of 2) K13153 - U11/U12 small nuclear ribonucleoprotein 25 kDa protein (SNRNP25),turquoise,NA,gene
Manes.06G048400.v8.1,Manes.06G048400,(1 of 1) KOG1092 - Ypt/Rab-specific GTPase-activating protein GYP1,purple,NA,gene
Manes.06G055900.v8.1,Manes.06G055900,(1 of 6) 2.4.1.144 - Beta-1;4-mannosyl-glycoprotein 4-beta-N-acetylglucosaminyltransferase / acetylglucosaminyltransferase III,turquoise,NA,gene
Manes.06G056000.v8.1,Manes.06G056000,(1 of 2) PTHR22847:SF499 - TOPLESS-RELATED PROTEIN 4,turquoise,NA,gene
Manes.06G056500.v8.1,Manes.06G056500,(1 of 5) PTHR33021:SF55 - BLUE COPPER PROTEIN,turquoise,NA,gene
Manes.06G057100.v8.1,Manes.06G057100,(1 of 14) PF01429 - Methyl-CpG binding domain (MBD),turquoise,NA,gene
Manes.06G058401.v8.1,Manes.06G058401,(1 of 3) PTHR10783:SF44 - SPX DOMAIN-CONTAINING PROTEIN 1-RELATED,turquoise,NA,gene
Manes.06G049700.v8.1,Manes.06G049700,(1 of 1) K15133 - mediator of RNA polymerase II transcription subunit 17 (MED17),turquoise,NA,gene
Manes.06G049800.v8.1,Manes.06G049800,(1 of 1) PTHR15725//PTHR15725:SF0 - ZN-FINGER; C-X8-C-X5-C-X3-H TYPE-CONTAINING // SUBFAMILY NOT NAMED,turquoise,NA,gene
Manes.06G053600.v8.1,Manes.06G053600,(1 of 74) PF00069//PF07714 - Protein kinase domain (Pkinase) // Protein tyrosine kinase (Pkinase_Tyr),turquoise,NA,gene
Manes.06G053200.v8.1,Manes.06G053200,(1 of 13) KOG0324 - Uncharacterized conserved protein,turquoise,NA,gene
Manes.06G053100.v8.1,Manes.06G053100,(1 of 4) K06130 - lysophospholipase II (LYPLA2),turquoise,NA,gene
Manes.06G050400.v8.1,Manes.06G050400,(1 of 2) PF00027//PF00520//PF07885//PF11834//PF12796//PF13857 - Cyclic nucleotide-binding domain (cNMP_binding) // Ion transport protein (Ion_trans) // Ion channel (Ion_trans_2) // KHA; dimerisation domain of potassium ion channel (KHA) // Ankyrin repeats (3 copies) (Ank_2) // Ankyrin repeats (many copies) (Ank_5),turquoise,NA,gene
Manes.06G050900.v8.1,Manes.06G050900,(1 of 3) K13137 - serine-threonine kinase receptor-associated protein (STRAP; UNRIP),turquoise,NA,gene
Manes.06G054100.v8.1,Manes.06G054100,(1 of 2) K12448 - UDP-arabinose 4-epimerase (UXE; uxe),turquoise,NA,gene
Manes.06G054300.v8.1,Manes.06G054300,(1 of 17) PF04852 - Protein of unknown function (DUF640) (DUF640),turquoise,NA,gene
Manes.06G051800.v8.1,Manes.06G051800,(1 of 9) PF13041//PF13812 - PPR repeat family (PPR_2) // Pentatricopeptide repeat domain (PPR_3),black,NA,gene
Manes.06G058900.v8.1,Manes.06G058900,(1 of 15) KOG1003 - Actin filament-coating protein tropomyosin,turquoise,NA,gene
Manes.06G068100.v8.1,Manes.06G068100,,turquoise,NA,gene
Manes.06G054900.v8.1,Manes.06G054900,(1 of 9) K08064 - nuclear transcription factor Y; alpha (NFYA),turquoise,NA,gene
Manes.06G055000.v8.1,Manes.06G055000,(1 of 8) PF00046//PF01852//PF08670 - Homeobox domain (Homeobox) // START domain (START) // MEKHLA domain (MEKHLA),purple,NA,gene
Manes.06G055300.v8.1,Manes.06G055300,(1 of 1) K01890 - phenylalanyl-tRNA synthetase beta chain (FARSB; pheT),turquoise,NA,gene
Manes.06G055400.v8.1,Manes.06G055400,(1 of 2) PTHR12634//PTHR12634:SF17 - SIT4 YEAST -ASSOCIATING PROTEIN-RELATED // SIT4 PHOSPHATASE-ASSOCIATED FAMILY PROTEIN,turquoise,NA,gene
Manes.06G055600.v8.1,Manes.06G055600,(1 of 2) PTHR12357//PTHR12357:SF3 - YTH  YT521-B HOMOLOGY  DOMAIN-CONTAINING // FI21232P1,turquoise,NA,gene
Manes.06G060900.v8.1,Manes.06G060900,(1 of 2) PTHR24223:SF251 - ABC TRANSPORTER C FAMILY MEMBER 11-RELATED,turquoise,NA,gene
Manes.06G062200.v8.1,Manes.06G062200,(1 of 1) KOG3104 - Mod5 protein sorting/negative effector of RNA Pol III synthesis,black,NA,gene
Manes.06G062400.v8.1,Manes.06G062400,(1 of 53) PF14009 - Domain of unknown function (DUF4228) (DUF4228),turquoise,NA,gene
Manes.06G062500.v8.1,Manes.06G062500,(1 of 1) PF16669 - Tetratricopeptide repeat protein 5 OB fold domain (TTC5_OB),turquoise,NA,gene
Manes.06G062600.v8.1,Manes.06G062600,(1 of 2) K12200 - programmed cell death 6-interacting protein (PDCD6IP; ALIX; RIM20),turquoise,NA,gene
Manes.06G062800.v8.1,Manes.06G062800,,turquoise,NA,gene
Manes.06G062900.v8.1,Manes.06G062900,(1 of 2) K02133 - F-type H+-transporting ATPase subunit beta (ATPeF1B; ATP5B; ATP2),turquoise,NA,gene
Manes.06G063100.v8.1,Manes.06G063100,(1 of 2) K03118 - sec-independent protein translocase protein TatC (tatC),turquoise,NA,gene
Manes.06G063400.v8.1,Manes.06G063400,(1 of 2) 2.7.8.8 - CDP-diacylglycerol--serine O-phosphatidyltransferase / Phosphatidylserine synthase,turquoise,NA,gene
Manes.06G063700.v8.1,Manes.06G063700,(1 of 5) K16282 - E3 ubiquitin-protein ligase RHA2 [EC:6.3.2.19] (RHA2),turquoise,NA,gene
Manes.06G064000.v8.1,Manes.06G064000,,turquoise,NA,gene
Manes.06G064400.v8.1,Manes.06G064400,(1 of 5) PTHR10165:SF80 - LIPID PHOSPHATE PHOSPHATASE 1-RELATED,turquoise,NA,gene
Manes.06G064900.v8.1,Manes.06G064900,(1 of 1) PTHR31285:SF0 - PROMOTER OF FILAMENTATION PROTEIN 1,turquoise,NA,gene
Manes.06G065000.v8.1,Manes.06G065000,,turquoise,NA,gene
Manes.06G065500.v8.1,Manes.06G065500,(1 of 5) PTHR27005//PTHR27005:SF28 - FAMILY NOT NAMED // PROTEIN KINASE-LIKE PROTEIN,turquoise,NA,gene
Manes.06G065800.v8.1,Manes.06G065800,(1 of 1) PTHR21319//PTHR21319:SF9 - RING FINGER AND CHY ZINC FINGER DOMAIN-CONTAINING PROTEIN 1 // SUBFAMILY NOT NAMED,black,NA,gene
Manes.06G065900.v8.1,Manes.06G065900,(1 of 2) PTHR24078:SF267 - CHAPERONE PROTEIN DNAJ 15,turquoise,NA,gene
Manes.06G066300.v8.1,Manes.06G066300,(1 of 14) PF07797 - Protein of unknown function (DUF1639) (DUF1639),turquoise,NA,gene
Manes.06G068900.v8.1,Manes.06G068900,(1 of 2) PTHR31194:SF8 - ETHYLENE-RESPONSIVE TRANSCRIPTION FACTOR ERF119,turquoise,NA,gene
Manes.06G069200.v8.1,Manes.06G069200,(1 of 3) 3.2.1.177//3.2.1.37//3.2.1.55 - Alpha-D-xyloside xylohydrolase / Alpha-xylosidase // Xylan 1;4-beta-xylosidase / Xylobiase // Non-reducing end alpha-L-arabinofuranosidase / Arabinosidase,turquoise,NA,gene
Manes.06G069950.v8.1,Manes.06G069950,,turquoise,NA,gene
Manes.06G070200.v8.1,Manes.06G070200,(1 of 2) PTHR24056//PTHR24056:SF45 - CELL DIVISION PROTEIN KINASE // SERINE/THREONINE-PROTEIN KINASE PRP4 HOMOLOG,turquoise,NA,gene
Manes.06G072400.v8.1,Manes.06G072400,(1 of 2) 1.17.1.3 - Leucoanthocyanidin reductase / Leucocyanidin reductase,turquoise,NA,gene
Manes.06G073100.v8.1,Manes.06G073100,(1 of 1) PTHR10803//PTHR10803:SF2 - ARSENICAL PUMP-DRIVING ATPASE  ARSENITE-TRANSLOCATING ATPASE // SUBFAMILY NOT NAMED,turquoise,NA,gene
Manes.06G073200.v8.1,Manes.06G073200,(1 of 2) PTHR31342//PTHR31342:SF7 - FAMILY NOT NAMED // PROTEIN CHUP1; CHLOROPLASTIC,turquoise,NA,gene
Manes.06G073500.v8.1,Manes.06G073500,(1 of 1) PTHR10106:SF20 - TRANSMEMBRANE ASCORBATE FERRIREDUCTASE 4-RELATED,black,NA,gene
Manes.06G073900.v8.1,Manes.06G073900,(1 of 1) KOG1073 - Uncharacterized mRNA-associated protein RAP55,turquoise,NA,gene
Manes.06G074000.v8.1,Manes.06G074000,(1 of 1) PTHR31908:SF4 - F3F19.25 PROTEIN-RELATED,turquoise,NA,gene
Manes.06G075700.v8.1,Manes.06G075700,(1 of 1) K11991 - tRNA(adenine34) deaminase [EC:3.5.4.33] (tadA),turquoise,NA,gene
Manes.06G076000.v8.1,Manes.06G076000,(1 of 2) PTHR27001//PTHR27001:SF36 - FAMILY NOT NAMED // PROLINE-RICH RECEPTOR-LIKE PROTEIN KINASE PERK12-RELATED,turquoise,NA,gene
Manes.06G076100.v8.1,Manes.06G076100,(1 of 2) K07023 - putative hydrolases of HD superfamily (K07023),turquoise,NA,gene
Manes.06G076250.v8.1,Manes.06G076250,,turquoise,NA,gene
Manes.06G077000.v8.1,Manes.06G077000,(1 of 3) PTHR11570//PTHR11570:SF4 - S-ADENOSYLMETHIONINE DECARBOXYLASE // S-ADENOSYLMETHIONINE DECARBOXYLASE PROENZYME-RELATED,turquoise,NA,gene
Manes.06G077200.v8.1,Manes.06G077200,(1 of 2) PF00646//PF07723//PF08387 - F-box domain (F-box) // Leucine Rich Repeat (LRR_2) // FBD (FBD),turquoise,NA,gene
Manes.06G077500.v8.1,Manes.06G077500,(1 of 3) PTHR10285:SF76 - URIDINE KINASE,turquoise,NA,gene
Manes.06G077600.v8.1,Manes.06G077600,(1 of 2) PTHR31388:SF9 - PEROXIDASE 11,turquoise,NA,gene
Manes.06G077800.v8.1,Manes.06G077800,(1 of 4) K04710 - ceramide synthetase (CERS),turquoise,NA,gene
Manes.06G079000.v8.1,Manes.06G079000,(1 of 2) PTHR12565:SF123 - TRANSCRIPTION FACTOR BIM2,turquoise,NA,gene
Manes.06G079900.v8.1,Manes.06G079900,(1 of 4) PTHR22763//PTHR22763:SF8 - RING ZINC FINGER PROTEIN // SUBFAMILY NOT NAMED,turquoise,NA,gene
Manes.06G080000.v8.1,Manes.06G080000,(1 of 1) K11274 - chromosome transmission fidelity protein 4 (WDHD1; CTF4),turquoise,NA,gene
Manes.06G082800.v8.1,Manes.06G082800,(1 of 1) PTHR23244//PTHR23244:SF285 - KELCH REPEAT DOMAIN // LEUCINE-ZIPPER-LIKE TRANSCRIPTIONAL REGULATOR 1,turquoise,NA,gene
Manes.06G083000.v8.1,Manes.06G083000,(1 of 10) PF01805 - Surp module (Surp),turquoise,NA,gene
Manes.06G083700.v8.1,Manes.06G083700,(1 of 2) PF06549 - Protein of unknown function (DUF1118) (DUF1118),turquoise,NA,gene
Manes.06G084100.v8.1,Manes.06G084100,(1 of 2) K01126 - glycerophosphoryl diester phosphodiesterase (E3.1.4.46; glpQ; ugpQ),turquoise,NA,gene
Manes.06G084600.v8.1,Manes.06G084600,(1 of 15) K12741 - heterogeneous nuclear ribonucleoprotein A1/A3 (HNRNPA1_3),turquoise,NA,gene
Manes.06G085000.v8.1,Manes.06G085000,(1 of 1) K09506 - DnaJ homolog subfamily A member 5 (DNAJA5),turquoise,NA,gene
Manes.06G085400.v8.1,Manes.06G085400,(1 of 1) K18663 - activating signal cointegrator complex subunit 3 [EC:3.6.4.12] (ASCC3),turquoise,NA,gene
Manes.06G085750.v8.1,Manes.06G085750,(1 of 2) K15177 - RNA polymerase-associated protein LEO1 (LEO1),turquoise,NA,gene
Manes.06G085900.v8.1,Manes.06G085900,(1 of 4) PTHR31267:SF2 - DENTIN SIALOPHOSPHOPROTEIN-LIKE PROTEIN,turquoise,NA,gene
Manes.06G086000.v8.1,Manes.06G086000,,turquoise,NA,gene
Manes.06G086400.v8.1,Manes.06G086400,(1 of 19) 2.4.1.203 - Trans-zeatin O-beta-D-glucosyltransferase / Zeatin O-glucosyltransferase,black,NA,gene
Manes.06G086500.v8.1,Manes.06G086500,(1 of 11) 2.4.1.85 - Cyanohydrin beta-glucosyltransferase / Uridine diphosphoglucose:aldehyde cyanohydrin beta-glucosyltransferase,turquoise,NA,gene
Manes.06G087600.v8.1,Manes.06G087600,(1 of 1) PTHR31434:SF2 - S PHASE CYCLIN A-ASSOCIATED PROTEIN IN THE ENDOPLASMIC RETICULUM,turquoise,NA,gene
Manes.06G088700.v8.1,Manes.06G088700,(1 of 5) PF01844 - HNH endonuclease (HNH),turquoise,NA,gene
Manes.06G090300.v8.1,Manes.06G090300,(1 of 7) PTHR10641:SF537 - F21H2.9 PROTEIN-RELATED,black,NA,gene
Manes.06G090600.v8.1,Manes.06G090600,(1 of 207) PF01535//PF13041 - PPR repeat (PPR) // PPR repeat family (PPR_2),turquoise,NA,gene
Manes.06G091700.v8.1,Manes.06G091700,,turquoise,NA,gene
Manes.06G091800.v8.1,Manes.06G091800,(1 of 2) PTHR22835//PTHR22835:SF267 - ZINC FINGER FYVE DOMAIN CONTAINING PROTEIN // SUBFAMILY NOT NAMED,turquoise,NA,gene
Manes.06G092200.v8.1,Manes.06G092200,(1 of 2) PTHR23012//PTHR23012:SF57 - MEMBRANE ASSOCIATED RING FINGER // SUBFAMILY NOT NAMED,turquoise,NA,gene
Manes.06G092900.v8.1,Manes.06G092900,(1 of 1) PTHR26374//PTHR26374:SF200 - FAMILY NOT NAMED // ALPHA/BETA-HYDROLASES SUPERFAMILY PROTEIN,turquoise,NA,gene
Manes.06G093000.v8.1,Manes.06G093000,(1 of 80) PF01535//PF13041//PF14432 - PPR repeat (PPR) // PPR repeat family (PPR_2) // DYW family of nucleic acid deaminases (DYW_deaminase),turquoise,NA,gene
Manes.06G093400.v8.1,Manes.06G093400,(1 of 1) PTHR12963//PTHR12963:SF1 - THYROID RECEPTOR INTERACTING PROTEIN RELATED // SUBFAMILY NOT NAMED,turquoise,NA,gene
Manes.06G094200.v8.1,Manes.06G094200,(1 of 2) PTHR12300//PTHR12300:SF52 - HVA22-LIKE PROTEINS // HVA22-LIKE PROTEIN A-RELATED,turquoise,NA,gene
Manes.06G094300.v8.1,Manes.06G094300,(1 of 4) K10436 - microtubule-associated protein; RP/EB family (MAPRE),black,NA,gene
Manes.06G094500.v8.1,Manes.06G094500,(1 of 163) PF00010 - Helix-loop-helix DNA-binding domain (HLH),black,NA,gene
Manes.06G095100.v8.1,Manes.06G095100,(1 of 1) PTHR19229//PTHR19229:SF127 - ATP-BINDING CASSETTE TRANSPORTER SUBFAMILY A  ABCA // SUBFAMILY NOT NAMED,turquoise,NA,gene
Manes.06G096400.v8.1,Manes.06G096400,(1 of 2) PF06549 - Protein of unknown function (DUF1118) (DUF1118),turquoise,NA,gene
Manes.06G097300.v8.1,Manes.06G097300,(1 of 2) PTHR22975:SF9 - F6D8.33-RELATED,turquoise,NA,gene
Manes.06G097900.v8.1,Manes.06G097900,(1 of 10) PF02791 - DDT domain (DDT),black,NA,gene
Manes.06G098600.v8.1,Manes.06G098600,(1 of 1) PTHR23407//PTHR23407:SF1 - ATPASE INHIBITOR/5-FORMYLTETRAHYDROFOLATE CYCLO-LIGASE // 5-FORMYLTETRAHYDROFOLATE CYCLO-LIGASE,turquoise,NA,gene
Manes.06G098700.v8.1,Manes.06G098700,(1 of 2) PTHR31448//PTHR31448:SF9 - FAMILY NOT NAMED // F14D16.14,purple,NA,gene
Manes.06G098900.v8.1,Manes.06G098900,(1 of 4) K04688 - p70 ribosomal S6 kinase (RPS6KB),turquoise,NA,gene
Manes.06G099100.v8.1,Manes.06G099100,(1 of 4) PTHR12374//PTHR12374:SF26 - TRANSCRIPTIONAL ADAPTOR 2  ADA2 -RELATED // F25A4.19 PROTEIN,turquoise,NA,gene
Manes.06G099200.v8.1,Manes.06G099200,(1 of 207) PF01535//PF13041 - PPR repeat (PPR) // PPR repeat family (PPR_2),turquoise,NA,gene
Manes.06G099300.v8.1,Manes.06G099300,,black,NA,gene
Manes.06G100100.v8.1,Manes.06G100100,(1 of 5) 2.7.7.13 - Mannose-1-phosphate guanylyltransferase / GTP-mannose-1-phosphate guanylyltransferase,turquoise,NA,gene
Manes.06G100900.v8.1,Manes.06G100900,(1 of 1) PTHR23315:SF98 - U-BOX DOMAIN-CONTAINING PROTEIN 38-RELATED,turquoise,NA,gene
Manes.06G102100.v8.1,Manes.06G102100,(1 of 2) PTHR11119:SF48 - NUCLEOBASE-ASCORBATE TRANSPORTER 5-RELATED,turquoise,NA,gene
Manes.06G102200.v8.1,Manes.06G102200,(1 of 2) PTHR24072//PTHR24072:SF149 - RHO FAMILY GTPASE // RAC-LIKE GTP-BINDING PROTEIN ARAC10-RELATED,turquoise,NA,gene
Manes.06G102700.v8.1,Manes.06G102700,,turquoise,NA,gene
Manes.06G104200.v8.1,Manes.06G104200,(1 of 3) PF12014 - Domain of unknown function (DUF3506) (DUF3506),turquoise,NA,gene
Manes.06G104400.v8.1,Manes.06G104400,(1 of 3) PTHR23257//PTHR23257:SF475 - SERINE-THREONINE PROTEIN KINASE // SUBFAMILY NOT NAMED,turquoise,NA,gene
Manes.06G104500.v8.1,Manes.06G104500,(1 of 1) PTHR19959//PTHR19959:SF156 - KINESIN LIGHT CHAIN // SUBFAMILY NOT NAMED,turquoise,NA,gene
Manes.06G105000.v8.1,Manes.06G105000,(1 of 1) K04728 - ataxia telangiectasia mutated family protein (ATM; TEL1),turquoise,NA,gene
Manes.06G105400.v8.1,Manes.06G105400,(1 of 1) KOG4584 - Uncharacterized conserved protein,turquoise,NA,gene
Manes.06G106000.v8.1,Manes.06G106000,(1 of 2) K06195 - ApaG protein (apaG),turquoise,NA,gene
Manes.06G106600.v8.1,Manes.06G106600,(1 of 1) K17868 - diphthamide biosynthesis protein 7 (DPH7; RRT2),turquoise,NA,gene
Manes.06G106700.v8.1,Manes.06G106700,(1 of 1) PTHR11850//PTHR11850:SF99 - HOMEOBOX PROTEIN TRANSCRIPTION FACTORS // HOMEOBOX PROTEIN KNOTTED-1-LIKE 2-RELATED,black,NA,gene
Manes.06G106800.v8.1,Manes.06G106800,(1 of 1) PTHR27002//PTHR27002:SF121 - FAMILY NOT NAMED // CYSTEINE-RICH RECEPTOR-LIKE PROTEIN KINASE 1,black,NA,gene
Manes.06G106900.v8.1,Manes.06G106900,(1 of 170) KOG0472 - Leucine-rich repeat protein,turquoise,NA,gene
Manes.06G107100.v8.1,Manes.06G107100,,turquoise,NA,gene
Manes.06G107200.v8.1,Manes.06G107200,(1 of 1) PTHR34805:SF1 - PROTEIN MODIFIER OF SNC1 1,turquoise,NA,gene
Manes.06G107600.v8.1,Manes.06G107600,(1 of 1) PTHR23322//PTHR23322:SF32 - FAS-ASSOCIATED PROTEIN // SUBFAMILY NOT NAMED,turquoise,NA,gene
Manes.06G109500.v8.1,Manes.06G109500,(1 of 1) PTHR24031//PTHR24031:SF269 - RNA HELICASE // DEAD-BOX ATP-DEPENDENT RNA HELICASE 30,turquoise,NA,gene
Manes.06G109900.v8.1,Manes.06G109900,(1 of 3) PTHR23155//PTHR23155:SF516 - LEUCINE-RICH REPEAT-CONTAINING PROTEIN // PLANT INTRACELLULAR RAS-GROUP-RELATED LRR PROTEIN 1-RELATED,turquoise,NA,gene
Manes.06G110100.v8.1,Manes.06G110100,(1 of 2) K17987 - next to BRCA1 gene 1 protein (NBR1),purple,NA,gene
Manes.06G110500.v8.1,Manes.06G110500,(1 of 1) KOG0744 - AAA+-type ATPase,turquoise,NA,gene
Manes.06G110900.v8.1,Manes.06G110900,(1 of 7) PF05605//PF14571 - Drought induced 19 protein (Di19); zinc-binding (zf-Di19) // Stress-induced protein Di19; C-terminal (Di19_C),purple,NA,gene
Manes.06G111100.v8.1,Manes.06G111100,(1 of 16) K08867 - WNK lysine deficient protein kinase [EC:2.7.11.1] (WNK; PRKWNK),turquoise,NA,gene
Manes.06G111500.v8.1,Manes.06G111500,(1 of 1) 3.6.1.16 - CDP-glycerol diphosphatase / CDP-glycerol pyrophosphatase,turquoise,NA,gene
Manes.06G111600.v8.1,Manes.06G111600,(1 of 2) 2.5.1.72 - Quinolinate synthase / Quinolinate synthetase,black,NA,gene
Manes.06G112000.v8.1,Manes.06G112000,(1 of 8) K11294 - nucleolin (NCL; NSR1),turquoise,NA,gene
Manes.06G112100.v8.1,Manes.06G112100,(1 of 2) 2.1.1.77 - Protein-L-isoaspartate(D-aspartate) O-methyltransferase / Protein L-isoaspartyl methyltransferase,turquoise,NA,gene
Manes.06G112300.v8.1,Manes.06G112300,(1 of 1) K15360 - centromere protein X (STRA13; CENPX; MHF2),turquoise,NA,gene
Manes.06G113500.v8.1,Manes.06G113500,(1 of 599) PF13041 - PPR repeat family (PPR_2),turquoise,NA,gene
Manes.06G113600.v8.1,Manes.06G113600,(1 of 1) PTHR12626//PTHR12626:SF0//PTHR12626:SF6 - PROGRAMMED CELL DEATH 4 // LD21074P // SUBFAMILY NOT NAMED,turquoise,NA,gene
Manes.06G114100.v8.1,Manes.06G114100,(1 of 1) KOG4365 - Uncharacterized conserved protein,turquoise,NA,gene
Manes.06G115400.v8.1,Manes.06G115400,(1 of 2) K03037 - 26S proteasome regulatory subunit N7 (PSMD6; RPN7),turquoise,NA,gene
Manes.06G116200.v8.1,Manes.06G116200,(1 of 10) 2.3.1.160 - Vinorine synthase,turquoise,NA,gene
Manes.06G118100.v8.1,Manes.06G118100,(1 of 1) PTHR35136:SF1 - CYCLOEUCALENOL CYCLOISOMERASE,turquoise,NA,gene
Manes.06G119400.v8.1,Manes.06G119400,(1 of 1) K07178 - RIO kinase 1 (RIOK1),turquoise,NA,gene
Manes.06G119600.v8.1,Manes.06G119600,(1 of 1) 2.7.7.73 - Sulfur carrier protein ThiS adenylyltransferase,turquoise,NA,gene
Manes.06G120000.v8.1,Manes.06G120000,(1 of 11) 2.8.1.9 - Molybdenum cofactor sulfurtransferase / Molybdenum cofactor sulfurase,turquoise,NA,gene
Manes.06G120100.v8.1,Manes.06G120100,(1 of 2) K01652 - acetolactate synthase I/II/III large subunit (E2.2.1.6L; ilvB; ilvG; ilvI),turquoise,NA,gene
Manes.06G120200.v8.1,Manes.06G120200,(1 of 2) PTHR10252:SF39 - NUCLEAR TRANSCRIPTION FACTOR Y SUBUNIT C-1-RELATED,turquoise,NA,gene
Manes.06G120800.v8.1,Manes.06G120800,(1 of 2) PTHR14939//PTHR14939:SF5 - FAMILY NOT NAMED // F-BOX ONLY PROTEIN 22,turquoise,NA,gene
Manes.06G121000.v8.1,Manes.06G121000,(1 of 2) K10684 - ubiquitin-like 1-activating enzyme E1 A (UBLE1A; SAE1),turquoise,NA,gene
Manes.06G122300.v8.1,Manes.06G122300,(1 of 2) PTHR12802//PTHR12802:SF2 - SWI/SNF COMPLEX-RELATED // SWI/SNF COMPLEX SUBUNIT SWI3A,turquoise,NA,gene
Manes.06G122500.v8.1,Manes.06G122500,(1 of 2) PTHR31642//PTHR31642:SF43 - FAMILY NOT NAMED // OMEGA-HYDROXYPALMITATE O-FERULOYL TRANSFERASE,turquoise,NA,gene
Manes.06G122600.v8.1,Manes.06G122600,(1 of 129) PF02519 - Auxin responsive protein (Auxin_inducible),turquoise,NA,gene
Manes.06G122800.v8.1,Manes.06G122800,(1 of 2) 5.4.3.8 - Glutamate-1-semialdehyde 2;1-aminomutase / Glutamate-1-semialdehyde aminotransferase,turquoise,NA,gene
Manes.06G124300.v8.1,Manes.06G124300,(1 of 2) K04649 - ubiquitin-conjugating enzyme (huntingtin interacting protein 2) (HIP2; UBC1),turquoise,NA,gene
Manes.06G125200.v8.1,Manes.06G125200,(1 of 2) PTHR13734:SF47 - POLYNUCLEOTIDE ADENYLYLTRANSFERASE DOMAIN AND RNA RECOGNITION MOTIF-CONTAINING PROTEIN-RELATED,turquoise,NA,gene
Manes.06G125800.v8.1,Manes.06G125800,(1 of 2) PTHR11638:SF119 - CHAPERONE PROTEIN CLPC1; CHLOROPLASTIC,turquoise,NA,gene
Manes.06G125900.v8.1,Manes.06G125900,(1 of 163) PF00010 - Helix-loop-helix DNA-binding domain (HLH),turquoise,NA,gene
Manes.06G126200.v8.1,Manes.06G126200,(1 of 2) K03107 - signal recognition particle subunit SRP68 (SRP68),turquoise,NA,gene
Manes.06G127300.v8.1,Manes.06G127300,(1 of 1) PTHR17130//PTHR17130:SF25 - MITOCHONDRIAL OUTER MEMBRANE PROTEIN 25 // SUBFAMILY NOT NAMED,black,NA,gene
Manes.06G127600.v8.1,Manes.06G127600,(1 of 2) PF00106//PF13561 - short chain dehydrogenase (adh_short) // Enoyl-(Acyl carrier protein) reductase (adh_short_C2),turquoise,NA,gene
Manes.06G127700.v8.1,Manes.06G127700,(1 of 1) PF07712 - Stress up-regulated Nod 19 (SURNod19),turquoise,NA,gene
Manes.06G128100.v8.1,Manes.06G128100,,turquoise,NA,gene
Manes.06G128600.v8.1,Manes.06G128600,,turquoise,NA,gene
Manes.06G128900.v8.1,Manes.06G128900,(1 of 13) PF07899 - Frigida-like protein (Frigida),black,NA,gene
Manes.06G129500.v8.1,Manes.06G129500,(1 of 6) K14396 - polyadenylate-binding protein 2 (PABPN1; PABP2),turquoise,NA,gene
Manes.06G129600.v8.1,Manes.06G129600,(1 of 1) K15153 - mediator of RNA polymerase II transcription subunit 31 (MED31; SOH1),turquoise,NA,gene
Manes.06G130400.v8.1,Manes.06G130400,(1 of 2) PTHR10173:SF23 - PEPTIDE METHIONINE SULFOXIDE REDUCTASE A1-RELATED,turquoise,NA,gene
Manes.06G130500.v8.1,Manes.06G130500,(1 of 1) PTHR33021:SF70 - UCLACYANIN I-RELATED,turquoise,NA,gene
Manes.06G132000.v8.1,Manes.06G132000,(1 of 1) PTHR31284:SF7 - ACID PHOSPHATASE-RELATED,turquoise,NA,gene
Manes.06G132100.v8.1,Manes.06G132100,(1 of 1) PTHR27003:SF29 - U-BOX DOMAIN-CONTAINING PROTEIN 35-RELATED,turquoise,NA,gene
Manes.06G132200.v8.1,Manes.06G132200,(1 of 5) K13989 - Derlin-2/3 (DERL2_3),turquoise,NA,gene
Manes.06G133000.v8.1,Manes.06G133000,,turquoise,NA,gene
Manes.06G133600.v8.1,Manes.06G133600,(1 of 1) PTHR19306//PTHR19306:SF6 - STRUCTURAL MAINTENANCE OF CHROMOSOMES 5;6  SMC5; SMC6 // PROTEIN C23H4.6; ISOFORM A-RELATED,turquoise,NA,gene
Manes.06G135100.v8.1,Manes.06G135100,(1 of 2) K10636 - autocrine motility factor receptor (AMFR; GP78),turquoise,NA,gene
Manes.06G135200.v8.1,Manes.06G135200,(1 of 2) PTHR33322//PTHR33322:SF3 - FAMILY NOT NAMED // BAG FAMILY MOLECULAR CHAPERONE REGULATOR 7,turquoise,NA,gene
Manes.06G135600.v8.1,Manes.06G135600,(1 of 2) PTHR11709//PTHR11709:SF123 - MULTI-COPPER OXIDASE // MONOCOPPER OXIDASE-LIKE PROTEIN SKS1-RELATED,turquoise,NA,gene
Manes.06G137000.v8.1,Manes.06G137000,(1 of 1) K05019 - chloride channel; nucleotide-sensitive; 1A (CLNS1A),turquoise,NA,gene
Manes.06G137600.v8.1,Manes.06G137600,,turquoise,NA,gene
Manes.06G138000.v8.1,Manes.06G138000,(1 of 2) PTHR31500:SF18 - AT HOOK MOTIF DNA-BINDING FAMILY PROTEIN-RELATED,turquoise,NA,gene
Manes.06G138700.v8.1,Manes.06G138700,(1 of 3) K14270 - aminotransferase (ACS10_12),turquoise,NA,gene
Manes.06G139500.v8.1,Manes.06G139500,(1 of 1) PTHR22726:SF1 - METALLOENDOPEPTIDASE OMA1; MITOCHONDRIAL,turquoise,NA,gene
Manes.06G140300.v8.1,Manes.06G140300,(1 of 1) K02366//K02367 - glucuronyl/N-acetylglucosaminyl transferase EXT1 (EXT1) // glucuronyl/N-acetylglucosaminyl transferase EXT2 (EXT2),turquoise,NA,gene
Manes.06G140400.v8.1,Manes.06G140400,(1 of 77) KOG0198 - MEKK and related serine/threonine protein kinases,turquoise,NA,gene
Manes.06G141100.v8.1,Manes.06G141100,(1 of 1) PTHR23024:SF219 - CARBOXYLESTERASE 120-RELATED,turquoise,NA,gene
Manes.06G141900.v8.1,Manes.06G141900,(1 of 1) PTHR14237//PTHR14237:SF28 - MOLYBDOPTERIN COFACTOR SULFURASE  MOSC // CATALYTIC/ PYRIDOXAL PHOSPHATE BINDING PROTEIN,purple,NA,gene
Manes.06G142500.v8.1,Manes.06G142500,(1 of 1) PF00400//PF00642 - WD domain; G-beta repeat (WD40) // Zinc finger C-x8-C-x5-C-x3-H type (and similar) (zf-CCCH),turquoise,NA,gene
Manes.06G142800.v8.1,Manes.06G142800,(1 of 2) PTHR24349//PTHR24349:SF111 - SERINE/THREONINE-PROTEIN KINASE // SUBFAMILY NOT NAMED,turquoise,NA,gene
Manes.06G144000.v8.1,Manes.06G144000,(1 of 2) PF11152 - Protein of unknown function (DUF2930) (DUF2930),turquoise,NA,gene
Manes.06G144200.v8.1,Manes.06G144200,(1 of 3) PTHR22844//PTHR22844:SF176 - F-BOX AND WD40 DOMAIN PROTEIN // SUBFAMILY NOT NAMED,turquoise,NA,gene
Manes.06G144300.v8.1,Manes.06G144300,(1 of 2) PTHR31960:SF5 - F-BOX PROTEIN PP2-A14,turquoise,NA,gene
Manes.06G144900.v8.1,Manes.06G144900,(1 of 5) K17604 - zinc finger SWIM domain-containing protein 3 (ZSWIM3),turquoise,NA,gene
Manes.06G145700.v8.1,Manes.06G145700,(1 of 1) PTHR27000//PTHR27000:SF106 - FAMILY NOT NAMED // LEUCINE-RICH REPEAT RECEPTOR PROTEIN KINASE EXS,turquoise,NA,gene
Manes.06G147400.v8.1,Manes.06G147400,(1 of 52) PF01535//PF13041//PF13812 - PPR repeat (PPR) // PPR repeat family (PPR_2) // Pentatricopeptide repeat domain (PPR_3),turquoise,NA,gene
Manes.06G148200.v8.1,Manes.06G148200,,turquoise,NA,gene
Manes.06G148500.v8.1,Manes.06G148500,(1 of 1) K01280 - tripeptidyl-peptidase II [EC:3.4.14.10] (TPP2),turquoise,NA,gene
Manes.06G148700.v8.1,Manes.06G148700,(1 of 1) 2.4.99.6 - N-acetyllactosaminide alpha-2;3-sialyltransferase,black,NA,gene
Manes.06G149200.v8.1,Manes.06G149200,,turquoise,NA,gene
Manes.06G149700.v8.1,Manes.06G149700,,turquoise,NA,gene
Manes.06G149800.v8.1,Manes.06G149800,(1 of 1) PTHR36055//PTHR36055:SF1 - FAMILY NOT NAMED // C2H2-LIKE ZINC FINGER PROTEIN,turquoise,NA,gene
Manes.06G150000.v8.1,Manes.06G150000,(1 of 1) PTHR11165//PTHR11165:SF61//PTHR11165:SF62 - SKP1 // SUBFAMILY NOT NAMED // SKP1-LIKE PROTEIN 20-RELATED,turquoise,NA,gene
Manes.06G150900.v8.1,Manes.06G150900,(1 of 2) PTHR33162//PTHR33162:SF3 - FAMILY NOT NAMED // SEC-INDEPENDENT PROTEIN TRANSLOCASE PROTEIN TATB; CHLOROPLASTIC,turquoise,NA,gene
Manes.06G151500.v8.1,Manes.06G151500,,turquoise,NA,gene
Manes.06G152200.v8.1,Manes.06G152200,(1 of 3) 1.14.13.129 - Beta-carotene 3-hydroxylase / Beta-carotene 3;3'-monooxygenase,turquoise,carot,gene
Manes.06G152600.v8.1,Manes.06G152600,(1 of 2) 2.3.2.5 - Glutaminyl-peptide cyclotransferase / Glutaminyl-tRNA cyclotransferase,black,NA,gene
Manes.06G153000.v8.1,Manes.06G153000,(1 of 4) PTHR12802//PTHR12802:SF48 - SWI/SNF COMPLEX-RELATED // SUBFAMILY NOT NAMED,turquoise,NA,gene
Manes.06G153300.v8.1,Manes.06G153300,(1 of 1) PTHR31399//PTHR31399:SF0 - FAMILY NOT NAMED // DNA-DIRECTED PRIMASE/POLYMERASE PROTEIN,turquoise,NA,gene
Manes.06G153500.v8.1,Manes.06G153500,(1 of 4) PF04278 - Tic22-like family (Tic22),turquoise,NA,gene
Manes.06G153800.v8.1,Manes.06G153800,(1 of 52) PF01535//PF13041//PF13812 - PPR repeat (PPR) // PPR repeat family (PPR_2) // Pentatricopeptide repeat domain (PPR_3),turquoise,NA,gene
Manes.06G153900.v8.1,Manes.06G153900,(1 of 1) K12795 - suppressor of G2 allele of SKP1 (SUGT1; SGT1),turquoise,NA,gene
Manes.06G154200.v8.1,Manes.06G154200,(1 of 2) PTHR33929//PTHR33929:SF3 - FAMILY NOT NAMED // MEMBRANE-ASSOCIATED KINASE REGULATOR 5-RELATED,black,NA,gene
Manes.06G155000.v8.1,Manes.06G155000,(1 of 1) K03155 - timeless (TIMELESS),turquoise,NA,gene
Manes.06G155300.v8.1,Manes.06G155300,(1 of 5) 3.2.1.14//3.2.1.17 - Chitinase / Poly-beta-glucosaminidase // Lysozyme / Muramidase,turquoise,NA,gene
Manes.06G155500.v8.1,Manes.06G155500,(1 of 1) PTHR11177//PTHR11177:SF161 - CHITINASE // SUBFAMILY NOT NAMED,turquoise,NA,gene
Manes.06G155900.v8.1,Manes.06G155900,,turquoise,NA,gene
Manes.06G156000.v8.1,Manes.06G156000,,turquoise,NA,gene
Manes.06G156400.v8.1,Manes.06G156400,(1 of 5) PTHR31194//PTHR31194:SF16 - SHN  SHINE ; DNA BINDING / TRANSCRIPTION FACTOR // SUBFAMILY NOT NAMED,turquoise,NA,gene
Manes.06G157100.v8.1,Manes.06G157100,(1 of 1) 6.3.2.12 - Dihydrofolate synthase / H(2)-folate synthetase,turquoise,NA,gene
Manes.06G157400.v8.1,Manes.06G157400,(1 of 3) K03093 - RNA polymerase sigma factor (SIGMA70),turquoise,NA,gene
Manes.06G158000.v8.1,Manes.06G158000,(1 of 2) PTHR23076//PTHR23076:SF40 - METALLOPROTEASE M41 FTSH // ATP-DEPENDENT ZINC METALLOPROTEASE FTSH 11; CHLOROPLASTIC/MITOCHONDRIAL,turquoise,NA,gene
Manes.06G159600.v8.1,Manes.06G159600,(1 of 1) K12827 - splicing factor 3A subunit 3 (SF3A3; SAP61; PRP9),turquoise,NA,gene
Manes.06G160000.v8.1,Manes.06G160000,(1 of 3) PTHR12356//PTHR12356:SF3 - NUCLEAR MOVEMENT PROTEIN NUDC // NUCLEAR MIGRATION PROTEIN NUDC,turquoise,NA,gene
Manes.06G160333.v8.1,Manes.06G160333,,turquoise,NA,gene
Manes.06G160400.v8.1,Manes.06G160400,(1 of 3) PTHR12356//PTHR12356:SF3 - NUCLEAR MOVEMENT PROTEIN NUDC // NUCLEAR MIGRATION PROTEIN NUDC,turquoise,NA,gene
Manes.06G161000.v8.1,Manes.06G161000,(1 of 1) K12882 - nuclear cap-binding protein subunit 1 (NCBP1; CBP80),turquoise,NA,gene
Manes.06G161100.v8.1,Manes.06G161100,(1 of 2) PTHR22880//PTHR22880:SF5 - FALZ-RELATED BROMODOMAIN-CONTAINING PROTEINS // NUCLEOSOME-REMODELING FACTOR SUBUNIT BPTF,turquoise,NA,gene
Manes.06G161200.v8.1,Manes.06G161200,(1 of 1) PTHR35489:SF1 - GENOMIC DNA; CHROMOSOME 3; P1 CLONE:MAL21,turquoise,NA,gene
Manes.06G161500.v8.1,Manes.06G161500,(1 of 13) PF00931//PF07725//PF13676 - NB-ARC domain (NB-ARC) // Leucine Rich Repeat (LRR_3) // TIR domain (TIR_2),black,NA,gene
Manes.06G161700.v8.1,Manes.06G161700,(1 of 1) PTHR24078//PTHR24078:SF187 - DNAJ HOMOLOG SUBFAMILY C MEMBER // SUBFAMILY NOT NAMED,turquoise,NA,gene
Manes.06G161950.v8.1,Manes.06G161950,(1 of 3) PTHR11785:SF379 - CATIONIC AMINO ACID TRANSPORTER 4; VACUOLAR,turquoise,NA,gene
Manes.06G162000.v8.1,Manes.06G162000,(1 of 6) PF00076//PF00642 - RNA recognition motif. (a.k.a. RRM; RBD; or RNP domain) (RRM_1) // Zinc finger C-x8-C-x5-C-x3-H type (and similar) (zf-CCCH),turquoise,NA,gene
Manes.06G162200.v8.1,Manes.06G162200,(1 of 2) K12876 - RNA-binding protein 8A (RBM8A; Y14),turquoise,NA,gene
Manes.06G162900.v8.1,Manes.06G162900,(1 of 1) PTHR10366//PTHR10366:SF244 - NAD DEPENDENT EPIMERASE/DEHYDRATASE // CINNAMYL-ALCOHOL DEHYDROGENASE-RELATED,turquoise,NA,gene
Manes.06G163500.v8.1,Manes.06G163500,(1 of 2) PTHR34940:SF1 - PHOTOSYSTEM II 5 KDA PROTEIN; CHLOROPLASTIC,turquoise,NA,gene
Manes.06G164400.v8.1,Manes.06G164400,(1 of 1) KOG1293 - Proteins containing armadillo/beta-catenin-like repeat,turquoise,NA,gene
Manes.06G164500.v8.1,Manes.06G164500,(1 of 16) PTHR11206//PTHR11206:SF128 - MULTIDRUG RESISTANCE PROTEIN // MATE EFFLUX FAMILY PROTEIN 1,black,NA,gene
Manes.06G165100.v8.1,Manes.06G165100,(1 of 1) K03977 - GTP-binding protein (engA),black,NA,gene
Manes.06G166500.v8.1,Manes.06G166500,(1 of 1) K07238 - zinc transporter; ZIP family (TC.ZIP; zupT; ZRT3; ZIP2),turquoise,NA,gene
Manes.06G166700.v8.1,Manes.06G166700,(1 of 7) K08857 - NIMA (never in mitosis gene a)-related kinase [EC:2.7.11.1] (NEK),turquoise,NA,gene
Manes.06G166800.v8.1,Manes.06G166800,(1 of 3) PTHR10634//PTHR10634:SF32 - AN1-TYPE ZINC FINGER PROTEIN // SUBFAMILY NOT NAMED,turquoise,NA,gene
Manes.06G167400.v8.1,Manes.06G167400,(1 of 44) PF03140 - Plant protein of unknown function (DUF247),turquoise,NA,gene
Manes.06G169300.v8.1,Manes.06G169300,,turquoise,NA,gene
Manes.06G169700.v8.1,Manes.06G169700,(1 of 3) PF00249//PF00439 - Myb-like DNA-binding domain (Myb_DNA-binding) // Bromodomain (Bromodomain),turquoise,NA,gene
Manes.06G169800.v8.1,Manes.06G169800,,turquoise,NA,gene
Manes.06G171000.v8.1,Manes.06G171000,,turquoise,NA,gene
Manes.06G171200.v8.1,Manes.06G171200,(1 of 6) PF14712 - Snapin/Pallidin (Snapin_Pallidin),turquoise,NA,gene
Manes.06G171700.v8.1,Manes.06G171700,,turquoise,NA,gene
Manes.06G172200.v8.1,Manes.06G172200,(1 of 1) PTHR10044//PTHR10044:SF107 - INHIBITOR OF APOPTOSIS // BOI-RELATED E3 UBIQUITIN-PROTEIN LIGASE 3-RELATED,turquoise,NA,gene
Manes.06G172600.v8.1,Manes.06G172600,(1 of 2) K03234 - elongation factor 2 (EEF2),turquoise,NA,gene
Manes.06G173400.v8.1,Manes.06G173400,(1 of 3) PTHR31301//PTHR31301:SF15 - FAMILY NOT NAMED // LOB DOMAIN-CONTAINING PROTEIN 4,turquoise,NA,gene
Manes.06G174200.v8.1,Manes.06G174200,(1 of 2) PTHR22904//PTHR22904:SF10 - TPR REPEAT CONTAINING PROTEIN // SUBFAMILY NOT NAMED,turquoise,NA,gene
Manes.06G174400.v8.1,Manes.06G174400,(1 of 1) PTHR30540//PTHR30540:SF14 - OSMOTIC STRESS POTASSIUM TRANSPORTER // SUBFAMILY NOT NAMED,turquoise,NA,gene
Manes.06G175300.v8.1,Manes.06G175300,(1 of 2) K02726 - 20S proteasome subunit alpha 2 (PSMA2),turquoise,NA,gene
Manes.06G175700.v8.1,Manes.06G175700,(1 of 2) 2.8.1.1//2.8.1.2 - Thiosulfate sulfurtransferase / Thiosulfate thiotransferase // 3-mercaptopyruvate sulfurtransferase,turquoise,NA,gene
Manes.06G175900.v8.1,Manes.06G175900,(1 of 3) PTHR23257//PTHR23257:SF438 - SERINE-THREONINE PROTEIN KINASE // F3O9.7 PROTEIN-RELATED,turquoise,NA,gene
Manes.06G176900.v8.1,Manes.06G176900,,turquoise,NA,gene
Manes.06G177300.v8.1,Manes.06G177300,,turquoise,NA,gene
Manes.06G177600.v8.1,Manes.06G177600,(1 of 1) PF12843 - Putative quorum-sensing-regulated virulence factor (QSregVF_b),turquoise,NA,gene
Manes.06G178100.v8.1,Manes.06G178100,(1 of 1) 5.4.99.34//5.4.99.39 - Germanicol synthase // Beta-amyrin synthase / 2;3-oxidosqualene beta-amyrin cyclase,turquoise,NA,gene
Manes.06G179300.v8.1,Manes.06G179300,(1 of 91) K14488 - SAUR family protein (SAUR),turquoise,NA,gene
Manes.07G000600.v8.1,Manes.07G000600,(1 of 2) PTHR24326:SF243 - HOMEOBOX-LEUCINE ZIPPER PROTEIN HAT14,black,NA,gene
Manes.07G001200.v8.1,Manes.07G001200,(1 of 1) K08853 - AP2-associated kinase [EC:2.7.11.1] (AAK),turquoise,NA,gene
Manes.07G002600.v8.1,Manes.07G002600,(1 of 2) 2.1.1.107 - Uroporphyrinogen-III C-methyltransferase / Uroporphyrinogen-III methyltransferase,black,NA,gene
Manes.07G002900.v8.1,Manes.07G002900,(1 of 3) K02934 - large subunit ribosomal protein L6e (RP-L6e; RPL6),black,NA,gene
Manes.07G003200.v8.1,Manes.07G003200,(1 of 1) PF05303 - Protein of unknown function (DUF727) (DUF727),turquoise,NA,gene
Manes.07G004100.v8.1,Manes.07G004100,(1 of 1) 2.1.1.207 - tRNA (cytidine(34)-2'-O)-methyltransferase / tRNA methyltransferase L,turquoise,NA,gene
Manes.07G004500.v8.1,Manes.07G004500,(1 of 3) PTHR10634//PTHR10634:SF32 - AN1-TYPE ZINC FINGER PROTEIN // SUBFAMILY NOT NAMED,turquoise,NA,gene
Manes.07G006200.v8.1,Manes.07G006200,(1 of 2) PTHR14493//PTHR14493:SF47 - UNCHARACTERIZED // ZINC FINGER CCCH DOMAIN-CONTAINING PROTEIN 56,turquoise,NA,gene
Manes.07G007000.v8.1,Manes.07G007000,(1 of 2) KOG4443 - Putative transcription factor HALR/MLL3; involved in embryonic development,turquoise,NA,gene
Manes.07G007900.v8.1,Manes.07G007900,,turquoise,NA,gene
Manes.07G008000.v8.1,Manes.07G008000,(1 of 599) PF13041 - PPR repeat family (PPR_2),turquoise,NA,gene
Manes.07G009050.v8.1,Manes.07G009050,(1 of 4) PTHR10366//PTHR10366:SF407 - NAD DEPENDENT EPIMERASE/DEHYDRATASE // SUBFAMILY NOT NAMED,turquoise,NA,gene
Manes.07G009500.v8.1,Manes.07G009500,(1 of 18) PTHR23155//PTHR23155:SF609 - LEUCINE-RICH REPEAT-CONTAINING PROTEIN // SUBFAMILY NOT NAMED,turquoise,NA,gene
Manes.07G009936.v8.1,Manes.07G009936,(1 of 18) PTHR23155//PTHR23155:SF609 - LEUCINE-RICH REPEAT-CONTAINING PROTEIN // SUBFAMILY NOT NAMED,turquoise,NA,gene
Manes.07G009916.v8.1,Manes.07G009916,(1 of 4) PTHR10366//PTHR10366:SF407 - NAD DEPENDENT EPIMERASE/DEHYDRATASE // SUBFAMILY NOT NAMED,black,NA,gene
Manes.07G010700.v8.1,Manes.07G010700,(1 of 2) PTHR23091//PTHR23091:SF4 - N-TERMINAL ACETYLTRANSFERASE // ARD1 HOMOLOG A; N-ACETYLTRANSFERASE,black,NA,gene
Manes.07G010800.v8.1,Manes.07G010800,(1 of 1) PTHR22844//PTHR22844:SF149 - F-BOX AND WD40 DOMAIN PROTEIN // SUBFAMILY NOT NAMED,turquoise,NA,gene
Manes.07G011700.v8.1,Manes.07G011700,(1 of 5) 3.4.24.71 - Endothelin-converting enzyme 1 / ECE-1,turquoise,NA,gene
Manes.07G012500.v8.1,Manes.07G012500,(1 of 1) PTHR13516//PTHR13516:SF6 - RIBONUCLEASE P SUBUNIT P25 // SUBFAMILY NOT NAMED,turquoise,NA,gene
Manes.07G012600.v8.1,Manes.07G012600,(1 of 10) PTHR31234:SF8 - EXPRESSED PROTEIN,turquoise,NA,gene
Manes.07G013200.v8.1,Manes.07G013200,(1 of 1) 3.4.22.49 - Separase / Separin,turquoise,NA,gene
Manes.07G013800.v8.1,Manes.07G013800,(1 of 2) PTHR22959:SF0 - PARTNER OF Y14 AND MAGO,turquoise,NA,gene
Manes.07G014700.v8.1,Manes.07G014700,(1 of 4) PF04842 - Plant protein of unknown function (DUF639) (DUF639),turquoise,NA,gene
Manes.07G015600.v8.1,Manes.07G015600,(1 of 2) PTHR37707:SF1 - MATERNAL EFFECT EMBRYO ARREST 9 PROTEIN,black,NA,gene
Manes.07G015780.v8.1,Manes.07G015780,(1 of 2) PTHR23086//PTHR23086:SF25 - PHOSPHATIDYLINOSITOL-4-PHOSPHATE 5-KINASE // PHOSPHATIDYLINOSITOL 4-PHOSPHATE 5-KINASE 7-RELATED,turquoise,NA,gene
Manes.07G016100.v8.1,Manes.07G016100,(1 of 1) K10767 - alkylated DNA repair protein alkB homolog 5 (ALKBH5),turquoise,NA,gene
Manes.07G016700.v8.1,Manes.07G016700,(1 of 26) PF00069//PF00560//PF08263 - Protein kinase domain (Pkinase) // Leucine Rich Repeat (LRR_1) // Leucine rich repeat N-terminal domain (LRRNT_2),turquoise,NA,gene
Manes.07G017650.v8.1,Manes.07G017650,(1 of 2) PTHR21650:SF4 - MEMBRALIN,turquoise,NA,gene
Manes.07G017900.v8.1,Manes.07G017900,(1 of 1569) 2.7.11.1 - Non-specific serine/threonine protein kinase / Threonine-specific protein kinase,turquoise,NA,gene
Manes.07G018900.v8.1,Manes.07G018900,(1 of 1) PF00027//PF07885//PF11834//PF12796 - Cyclic nucleotide-binding domain (cNMP_binding) // Ion channel (Ion_trans_2) // KHA; dimerisation domain of potassium ion channel (KHA) // Ankyrin repeats (3 copies) (Ank_2),black,NA,gene
Manes.07G019000.v8.1,Manes.07G019000,(1 of 2) PTHR11680:SF7 - SERINE HYDROXYMETHYLTRANSFERASE 6-RELATED,turquoise,NA,gene
Manes.07G019100.v8.1,Manes.07G019100,(1 of 2) PF11595 - Protein of unknown function (DUF3245) (DUF3245),turquoise,NA,gene
Manes.07G019300.v8.1,Manes.07G019300,(1 of 1) PTHR10666//PTHR10666:SF155 - UBIQUITIN // POLYUBIQUITIN 4,purple,NA,gene
Manes.07G020100.v8.1,Manes.07G020100,(1 of 7) K02639 - ferredoxin (petF),black,NA,gene
Manes.07G020200.v8.1,Manes.07G020200,(1 of 1) PTHR31942:SF9 - MLO-LIKE PROTEIN 4,turquoise,NA,gene
Manes.07G023500.v8.1,Manes.07G023500,(1 of 3) PTHR33077:SF5 - PROTEIN TIFY 3A-RELATED,turquoise,NA,gene
Manes.07G023800.v8.1,Manes.07G023800,(1 of 2) PF00439//PF03004 - Bromodomain (Bromodomain) // Plant transposase (Ptta/En/Spm family) (Transposase_24),turquoise,NA,gene
Manes.07G024200.v8.1,Manes.07G024200,(1 of 3) PF00069//PF00560//PF07714//PF08263//PF13855 - Protein kinase domain (Pkinase) // Leucine Rich Repeat (LRR_1) // Protein tyrosine kinase (Pkinase_Tyr) // Leucine rich repeat N-terminal domain (LRRNT_2) // Leucine rich repeat (LRR_8),turquoise,NA,gene
Manes.07G024400.v8.1,Manes.07G024400,(1 of 9) K02925 - large subunit ribosomal protein L3e (RP-L3e; RPL3),turquoise,NA,gene
Manes.07G024700.v8.1,Manes.07G024700,(1 of 2) PTHR19375//PTHR19375:SF147 - HEAT SHOCK PROTEIN 70KDA // SUBFAMILY NOT NAMED,turquoise,NA,gene
Manes.07G024800.v8.1,Manes.07G024800,(1 of 3) 4.1.1.65 - Phosphatidylserine decarboxylase / PS decarboxylase,turquoise,NA,gene
Manes.07G025700.v8.1,Manes.07G025700,(1 of 2) K14328 - regulator of nonsense transcripts 3 (UPF3; RENT3),turquoise,NA,gene
Manes.07G025800.v8.1,Manes.07G025800,(1 of 2) PTHR11208//PTHR11208:SF48 - RNA-BINDING PROTEIN RELATED // SUBFAMILY NOT NAMED,black,NA,gene
Manes.07G026600.v8.1,Manes.07G026600,,black,NA,gene
Manes.07G027100.v8.1,Manes.07G027100,(1 of 61) PTHR10353 - GLYCOSYL HYDROLASE,turquoise,NA,gene
Manes.07G027700.v8.1,Manes.07G027700,(1 of 61) PTHR10353 - GLYCOSYL HYDROLASE,turquoise,NA,gene
Manes.07G027925.v8.1,Manes.07G027925,(1 of 61) PTHR10353 - GLYCOSYL HYDROLASE,turquoise,NA,gene
Manes.07G028500.v8.1,Manes.07G028500,(1 of 1) K09919 - hypothetical protein (K09919),turquoise,NA,gene
Manes.07G028800.v8.1,Manes.07G028800,(1 of 5) PF00069//PF00240//PF00632 - Protein kinase domain (Pkinase) // Ubiquitin family (ubiquitin) // HECT-domain (ubiquitin-transferase) (HECT),turquoise,NA,gene
Manes.07G030500.v8.1,Manes.07G030500,(1 of 2) PTHR11654//PTHR11654:SF177 - OLIGOPEPTIDE TRANSPORTER-RELATED // PROTEIN NRT1/ PTR FAMILY 4.3,turquoise,NA,gene
Manes.07G030600.v8.1,Manes.07G030600,(1 of 2) K12839 - survival of motor neuron-related-splicing factor 30 (SMNDC1; SPF30),turquoise,NA,gene
Manes.07G030900.v8.1,Manes.07G030900,(1 of 7) KOG4249 - Uncharacterized conserved protein,turquoise,NA,gene
Manes.07G032300.v8.1,Manes.07G032300,(1 of 13) KOG1546 - Metacaspase involved in regulation of apoptosis,turquoise,NA,gene
Manes.07G032600.v8.1,Manes.07G032600,,turquoise,NA,gene
Manes.07G033200.v8.1,Manes.07G033200,(1 of 24) 2.4.1.324 - 7-deoxyloganetin glucosyltransferase / UGT85A24,turquoise,NA,gene
Manes.07G034700.v8.1,Manes.07G034700,(1 of 1) 2.5.1.74 - 1;4-dihydroxy-2-naphthoate polyprenyltransferase,black,NA,gene
Manes.07G035300.v8.1,Manes.07G035300,(1 of 2) K03319 - divalent anion:Na+ symporter; DASS family (TC.DASS),turquoise,NA,gene
Manes.07G035800.v8.1,Manes.07G035800,(1 of 2) PTHR33735:SF4 - EXPRESSED PROTEIN,turquoise,NA,gene
Manes.07G036800.v8.1,Manes.07G036800,(1 of 1) PTHR10516:SF214 - PEPTIDYL-PROLYL CIS-TRANS ISOMERASE FKBP12,turquoise,NA,gene
Manes.07G036600.v8.1,Manes.07G036600,(1 of 1) K03125 - transcription initiation factor TFIID subunit 1 (TAF1),turquoise,NA,gene
Manes.07G036901.v8.1,Manes.07G036901,,turquoise,NA,gene
Manes.07G040000.v8.1,Manes.07G040000,,turquoise,NA,gene
Manes.07G040101.v8.1,Manes.07G040101,,turquoise,NA,gene
Manes.07G040700.v8.1,Manes.07G040700,,turquoise,NA,gene
Manes.07G038900.v8.1,Manes.07G038900,,turquoise,NA,gene
Manes.07G038800.v8.1,Manes.07G038800,(1 of 2) PTHR11002//PTHR11002:SF12 - CARBONIC ANHYDRASE // SUBFAMILY NOT NAMED,turquoise,NA,gene
Manes.07G042266.v8.1,Manes.07G042266,(1 of 152) PF02365 - No apical meristem (NAM) protein (NAM),turquoise,NA,gene
Manes.07G040900.v8.1,Manes.07G040900,(1 of 3) PTHR11922//PTHR11922:SF42 - GMP SYNTHASE-RELATED // CLASS I GLUTAMINE AMIDOTRANSFERASE DOMAIN-CONTAINING PROTEIN-RELATED,turquoise,NA,gene
Manes.07G043400.v8.1,Manes.07G043400,(1 of 67) PF03168 - Late embryogenesis abundant protein (LEA_2),turquoise,NA,gene
Manes.07G044350.v8.1,Manes.07G044350,(1 of 18) PTHR23155//PTHR23155:SF609 - LEUCINE-RICH REPEAT-CONTAINING PROTEIN // SUBFAMILY NOT NAMED,turquoise,NA,gene
Manes.07G046400.v8.1,Manes.07G046400,(1 of 31) PF07714//PF11721 - Protein tyrosine kinase (Pkinase_Tyr) // Di-glucose binding within endoplasmic reticulum (Malectin),turquoise,NA,gene
Manes.07G046600.v8.1,Manes.07G046600,(1 of 1) PTHR21535:SF33 - ZINC TRANSPORT PROTEIN ZNTB,turquoise,NA,gene
Manes.07G046700.v8.1,Manes.07G046700,(1 of 2) K04043 - molecular chaperone DnaK (dnaK),turquoise,NA,gene
Manes.07G049300.v8.1,Manes.07G049300,(1 of 1) K01259 - proline iminopeptidase (pip),turquoise,NA,gene
Manes.07G049800.v8.1,Manes.07G049800,(1 of 4) 2.6.1.83 - LL-diaminopimelate aminotransferase / LL-diaminopimelate transaminase,turquoise,NA,gene
Manes.07G050000.v8.1,Manes.07G050000,(1 of 3) PTHR12064//PTHR12064:SF30 - ANCIENT CONSERVED DOMAIN PROTEIN-RELATED // SUBFAMILY NOT NAMED,turquoise,NA,gene
Manes.07G050100.v8.1,Manes.07G050100,,turquoise,NA,gene
Manes.07G050600.v8.1,Manes.07G050600,(1 of 1) K02151 - V-type H+-transporting ATPase subunit F (ATPeV1F; ATP6S14),turquoise,NA,gene
Manes.07G051200.v8.1,Manes.07G051200,(1 of 27) 1.1.1.331 - Secoisolariciresinol dehydrogenase,turquoise,NA,gene
Manes.07G052300.v8.1,Manes.07G052300,(1 of 1) PTHR22594:SF5 - ASPARTATE--TRNA LIGASE; MITOCHONDRIAL,turquoise,NA,gene
Manes.07G052400.v8.1,Manes.07G052400,,turquoise,NA,gene
Manes.07G056000.v8.1,Manes.07G056000,(1 of 4) K00913 - inositol-1;3;4-trisphosphate 5/6-kinase / inositol-tetrakisphosphate 1-kinase (ITPK1),turquoise,NA,gene
Manes.07G056100.v8.1,Manes.07G056100,(1 of 2) PTHR11817//PTHR11817:SF21 - PYRUVATE KINASE // SUBFAMILY NOT NAMED,purple,carb,gene
Manes.07G056400.v8.1,Manes.07G056400,(1 of 1) PTHR35699:SF1 - F2J10.10 PROTEIN,turquoise,NA,gene
Manes.07G057925.v8.1,Manes.07G057925,(1 of 1) PTHR35712:SF1 - MYOSIN HEAVY CHAIN-RELATED PROTEIN,turquoise,NA,gene
Manes.07G055320.v8.1,Manes.07G055320,(1 of 15) K14611 - solute carrier family 23 (nucleobase transporter); member 1/2 (SLC23A1_2; SVCT1_2),black,NA,gene
Manes.07G053432.v8.1,Manes.07G053432,(1 of 20) PTHR27001//PTHR27001:SF27 - FAMILY NOT NAMED // PROLINE-RICH RECEPTOR-LIKE PROTEIN KINASE PERK15,turquoise,NA,gene
Manes.07G054398.v8.1,Manes.07G054398,,turquoise,NA,gene
Manes.07G055686.v8.1,Manes.07G055686,(1 of 121) PF00098 - Zinc knuckle (zf-CCHC),turquoise,NA,gene
Manes.07G059900.v8.1,Manes.07G059900,(1 of 2) PTHR32002:SF3 - PROTEIN NLP1-RELATED,purple,NA,gene
Manes.07G061800.v8.1,Manes.07G061800,(1 of 2) PTHR10381//PTHR10381:SF18 - ATP-DEPENDENT CLP PROTEASE PROTEOLYTIC SUBUNIT // SUBFAMILY NOT NAMED,turquoise,NA,gene
Manes.07G062324.v8.1,Manes.07G062324,(1 of 1) PTHR23155//PTHR23155:SF554//PTHR33463//PTHR33463:SF3 - LEUCINE-RICH REPEAT-CONTAINING PROTEIN // SUBFAMILY NOT NAMED // FAMILY NOT NAMED // SUBFAMILY NOT NAMED,turquoise,NA,gene
Manes.07G062340.v8.1,Manes.07G062340,(1 of 70) PTHR23155//PTHR23155:SF554 - LEUCINE-RICH REPEAT-CONTAINING PROTEIN // SUBFAMILY NOT NAMED,turquoise,NA,gene
Manes.07G062348.v8.1,Manes.07G062348,(1 of 70) PTHR23155//PTHR23155:SF554 - LEUCINE-RICH REPEAT-CONTAINING PROTEIN // SUBFAMILY NOT NAMED,turquoise,NA,gene
Manes.07G062380.v8.1,Manes.07G062380,,turquoise,NA,gene
Manes.07G062388.v8.1,Manes.07G062388,(1 of 70) PTHR23155//PTHR23155:SF554 - LEUCINE-RICH REPEAT-CONTAINING PROTEIN // SUBFAMILY NOT NAMED,turquoise,NA,gene
Manes.07G060866.v8.1,Manes.07G060866,(1 of 45) KOG1947 - Leucine rich repeat proteins; some proteins contain F-box,turquoise,NA,gene
Manes.07G060700.v8.1,Manes.07G060700,(1 of 70) PTHR23155//PTHR23155:SF554 - LEUCINE-RICH REPEAT-CONTAINING PROTEIN // SUBFAMILY NOT NAMED,turquoise,NA,gene
Manes.07G061500.v8.1,Manes.07G061500,(1 of 70) PTHR23155//PTHR23155:SF554 - LEUCINE-RICH REPEAT-CONTAINING PROTEIN // SUBFAMILY NOT NAMED,turquoise,NA,gene
Manes.07G061980.v8.1,Manes.07G061980,(1 of 1) PTHR23155//PTHR23155:SF492 - LEUCINE-RICH REPEAT-CONTAINING PROTEIN // SUBFAMILY NOT NAMED,turquoise,NA,gene
Manes.07G063050.v8.1,Manes.07G063050,(1 of 6) PTHR31807:SF4 - PROTEIN SNOWY COTYLEDON 3-RELATED,turquoise,NA,gene
Manes.07G063214.v8.1,Manes.07G063214,(1 of 2) PTHR11785//PTHR11785:SF355 - AMINO ACID TRANSPORTER // SUBFAMILY NOT NAMED,turquoise,NA,gene
Manes.07G063442.v8.1,Manes.07G063442,(1 of 1) PTHR11266//PTHR11266:SF18 - PEROXISOMAL MEMBRANE PROTEIN 2; PXMP2  MPV17 // 22 KDA PEROXISOMAL MEMBRANE PROTEIN,turquoise,NA,gene
Manes.07G063671.v8.1,Manes.07G063671,,purple,NA,gene
Manes.07G064000.v8.1,Manes.07G064000,(1 of 4) PF04419//PF12907 - 4F5 protein family (4F5) // Zinc-binding (zf-met2),turquoise,NA,gene
Manes.07G064100.v8.1,Manes.07G064100,(1 of 2) PTHR10869//PTHR10869:SF66 - PROLYL 4-HYDROXYLASE ALPHA SUBUNIT // OXIDOREDUCTASE; 2OG-FE(II) OXYGENASE FAMILY PROTEIN-RELATED,turquoise,NA,gene
Manes.07G063200.v8.1,Manes.07G063200,(1 of 2) PTHR14155//PTHR14155:SF182 - RING FINGER DOMAIN-CONTAINING // SUBFAMILY NOT NAMED,turquoise,NA,gene
Manes.07G065855.v8.1,Manes.07G065855,(1 of 74) PF00069//PF07714 - Protein kinase domain (Pkinase) // Protein tyrosine kinase (Pkinase_Tyr),turquoise,NA,gene
Manes.07G066300.v8.1,Manes.07G066300,(1 of 2) PTHR12628//PTHR12628:SF13 - POLYCOMB-LIKE TRANSCRIPTION FACTOR // HOMEOBOX PROTEIN HAT3.1,turquoise,NA,gene
Manes.07G066500.v8.1,Manes.07G066500,(1 of 1) K17607 - type 2A phosphatase activator TIP41 (TIPRL; TIP41),black,NA,gene
Manes.07G068600.v8.1,Manes.07G068600,(1 of 1) K14721 - DNA-directed RNA polymerase III subunit RPC5 (RPC5; POLR3E),turquoise,NA,gene
Manes.07G068800.v8.1,Manes.07G068800,(1 of 37) PF07734 - F-box associated (FBA_1),turquoise,NA,gene
Manes.07G069666.v8.1,Manes.07G069666,(1 of 1) K03515 - DNA repair protein REV1 (REV1),turquoise,NA,gene
Manes.07G070800.v8.1,Manes.07G070800,(1 of 4) PTHR11926//PTHR11926:SF167 - GLUCOSYL/GLUCURONOSYL TRANSFERASES // UDP-GLYCOSYLTRANSFERASE 84A1-RELATED,black,NA,gene
Manes.07G070400.v8.1,Manes.07G070400,(1 of 4) PTHR11926:SF167 - UDP-GLYCOSYLTRANSFERASE 84A1-RELATED,turquoise,NA,gene
Manes.07G069900.v8.1,Manes.07G069900,(1 of 1) PTHR11079:SF58 - RNA PSEUDOURIDINE SYNTHASE 4; MITOCHONDRIAL,turquoise,NA,gene
Manes.07G069200.v8.1,Manes.07G069200,(1 of 1) K02864 - large subunit ribosomal protein L10 (RP-L10; MRPL10; rplJ),turquoise,NA,gene
Manes.07G072000.v8.1,Manes.07G072000,,turquoise,NA,gene
Manes.07G073352.v8.1,Manes.07G073352,,turquoise,NA,gene
Manes.07G074028.v8.1,Manes.07G074028,(1 of 2) PTHR21663:SF0 - PROTEIN C13F10.4,turquoise,NA,gene
Manes.07G074366.v8.1,Manes.07G074366,(1 of 3) PTHR30620:SF40 - BETA-D-XYLOSIDASE 3-RELATED,turquoise,NA,gene
Manes.07G074704.v8.1,Manes.07G074704,(1 of 3) PTHR12526//PTHR12526:SF304 - GLYCOSYLTRANSFERASE // STARCH SYNTHASE 4; CHLOROPLASTIC/AMYLOPLASTIC-RELATED,turquoise,NA,gene
Manes.07G068080.v8.1,Manes.07G068080,,turquoise,NA,gene
Manes.07G068040.v8.1,Manes.07G068040,(1 of 8) 3.5.1.9 - Arylformamidase / Kynurenine formamidase,turquoise,NA,gene
Manes.07G071314.v8.1,Manes.07G071314,(1 of 22) PF12854//PF13041 - PPR repeat (PPR_1) // PPR repeat family (PPR_2),turquoise,NA,gene
Manes.07G072800.v8.1,Manes.07G072800,(1 of 2) K10661 - E3 ubiquitin-protein ligase MARCH6 (MARCH6; DOA10),turquoise,NA,gene
Manes.07G073000.v8.1,Manes.07G073000,(1 of 11) K13126 - polyadenylate-binding protein (PABPC),turquoise,NA,gene
Manes.07G073800.v8.1,Manes.07G073800,,turquoise,NA,gene
Manes.07G074522.v8.1,Manes.07G074522,,turquoise,NA,gene
Manes.07G074600.v8.1,Manes.07G074600,(1 of 2) K14809 - ATP-dependent RNA helicase DDX55/SPB4 [EC:3.6.4.13] (DDX55; SPB4),turquoise,NA,gene
Manes.07G075015.v8.1,Manes.07G075015,,turquoise,NA,gene
Manes.07G078100.v8.1,Manes.07G078100,(1 of 1) K01969 - 3-methylcrotonyl-CoA carboxylase beta subunit (E6.4.1.4B),turquoise,NA,gene
Manes.07G077800.v8.1,Manes.07G077800,(1 of 2) PTHR12560:SF12 - LAG1 LONGEVITY ASSURANCE HOMOLOG 2,turquoise,NA,gene
Manes.07G077700.v8.1,Manes.07G077700,(1 of 2) 2.7.2.8 - Acetylglutamate kinase,turquoise,NA,gene
Manes.07G077300.v8.1,Manes.07G077300,(1 of 1) K09013 - Fe-S cluster assembly ATP-binding protein (sufC),turquoise,NA,gene
Manes.07G078500.v8.1,Manes.07G078500,(1 of 2) PTHR32263:SF4 - INACTIVE POLY [ADP-RIBOSE] POLYMERASE RCD1-RELATED,black,NA,gene
Manes.07G081600.v8.1,Manes.07G081600,(1 of 2) PTHR23024//PTHR23024:SF157 - MEMBER OF 'GDXG' FAMILY OF LIPOLYTIC ENZYMES // CARBOXYLESTERASE 12-RELATED,turquoise,NA,gene
Manes.07G082100.v8.1,Manes.07G082100,(1 of 101) PF02362 - B3 DNA binding domain (B3),turquoise,NA,gene
Manes.07G082226.v8.1,Manes.07G082226,(1 of 4) PF02892//PF04937 - BED zinc finger (zf-BED) // Protein of unknown function (DUF 659) (DUF659),turquoise,NA,gene
Manes.07G082700.v8.1,Manes.07G082700,(1 of 1) PTHR36035:SF1 - PROTEIN DISULFIDE-ISOMERASE SCO2,turquoise,NA,gene
Manes.07G083301.v8.1,Manes.07G083301,,turquoise,NA,gene
Manes.07G083700.v8.1,Manes.07G083700,(1 of 7) PF00472 - RF-1 domain (RF-1),turquoise,NA,gene
Manes.07G083000.v8.1,Manes.07G083000,(1 of 5) K11838 - ubiquitin carboxyl-terminal hydrolase 7 (USP7; UBP15),turquoise,NA,gene
Manes.07G082975.v8.1,Manes.07G082975,(1 of 3) K02938 - large subunit ribosomal protein L8e (RP-L8e; RPL8),turquoise,NA,gene
Manes.07G084000.v8.1,Manes.07G084000,,turquoise,NA,gene
Manes.07G084500.v8.1,Manes.07G084500,,turquoise,NA,gene
Manes.07G084600.v8.1,Manes.07G084600,(1 of 18) PF03101//PF04434//PF10551 - FAR1 DNA-binding domain (FAR1) // SWIM zinc finger (SWIM) // MULE transposase domain (MULE),turquoise,NA,gene
Manes.07G085000.v8.1,Manes.07G085000,(1 of 1) 2.4.1.246 - Mannosylfructose-phosphate synthase / MFPS,turquoise,NA,gene
Manes.07G087800.v8.1,Manes.07G087800,(1 of 6) PF01424//PF12752 - R3H domain (R3H) // SUZ domain (SUZ),turquoise,NA,gene
Manes.07G087500.v8.1,Manes.07G087500,(1 of 2) 4.1.1.33 - Diphosphomevalonate decarboxylase / Mevalonate pyrophosphate decarboxylase,turquoise,carot,gene
Manes.07G087400.v8.1,Manes.07G087400,(1 of 1) PTHR10159//PTHR10159:SF376 - DUAL SPECIFICITY PROTEIN PHOSPHATASE // SUBFAMILY NOT NAMED,turquoise,NA,gene
Manes.07G086800.v8.1,Manes.07G086800,(1 of 2) PF04568 - Mitochondrial ATPase inhibitor; IATP (IATP),turquoise,NA,gene
Manes.07G088900.v8.1,Manes.07G088900,(1 of 1) K03138 - transcription initiation factor TFIIF subunit alpha (TFIIF1; GTF2F1; TFG1),turquoise,NA,gene
Manes.07G088100.v8.1,Manes.07G088100,(1 of 599) PF13041 - PPR repeat family (PPR_2),turquoise,NA,gene
Manes.07G089701.v8.1,Manes.07G089701,(1 of 1) PTHR23244//PTHR23244:SF262 - KELCH REPEAT DOMAIN // KELCH DOMAIN-CONTAINING PROTEIN 1,turquoise,NA,gene
Manes.07G090500.v8.1,Manes.07G090500,(1 of 3) K02727 - 20S proteasome subunit alpha 7 (PSMA3),purple,NA,gene
Manes.07G091300.v8.1,Manes.07G091300,(1 of 9) PF01439 - Metallothionein (Metallothio_2),purple,NA,gene
Manes.07G091400.v8.1,Manes.07G091400,(1 of 3) PTHR15371:SF2 - OUTER ENVELOPE PORE PROTEIN 16-1; CHLOROPLASTIC,black,NA,gene
Manes.07G091450.v8.1,Manes.07G091450,,black,NA,gene
Manes.07G091500.v8.1,Manes.07G091500,(1 of 3) 6.1.1.6 - Lysine--tRNA ligase / Lysyl-tRNA synthetase,turquoise,NA,gene
Manes.07G092200.v8.1,Manes.07G092200,(1 of 1) PTHR21499//PTHR21499:SF28 - ASPARTATE KINASE // SUBFAMILY NOT NAMED,turquoise,NA,gene
Manes.07G093200.v8.1,Manes.07G093200,(1 of 1) PTHR12526//PTHR12526:SF354 - GLYCOSYLTRANSFERASE // SUBFAMILY NOT NAMED,turquoise,NA,gene
Manes.07G093300.v8.1,Manes.07G093300,(1 of 2) PTHR34568:SF2 - DNA BINDING PROTEIN,turquoise,NA,gene
Manes.07G093700.v8.1,Manes.07G093700,(1 of 10) K11252 - histone H2B (H2B),turquoise,NA,gene
Manes.07G094000.v8.1,Manes.07G094000,(1 of 207) PF01535//PF13041 - PPR repeat (PPR) // PPR repeat family (PPR_2),turquoise,NA,gene
Manes.07G133100.v8.1,Manes.07G133100,(1 of 2) 1.1.1.82 - Malate dehydrogenase (NADP(+)) / NADP-linked malate dehydrogenase,turquoise,NA,gene
Manes.07G095100.v8.1,Manes.07G095100,(1 of 2) PTHR26374:SF182 - C2H2-TYPE ZINC FINGER PROTEIN-RELATED,turquoise,NA,gene
Manes.07G094902.v8.1,Manes.07G094902,,turquoise,NA,gene
Manes.07G094600.v8.1,Manes.07G094600,(1 of 1) PTHR11125:SF8 - KOW DOMAIN-CONTAINING TRANSCRIPTION FACTOR 1,turquoise,NA,gene
Manes.07G094300.v8.1,Manes.07G094300,(1 of 2) PTHR20953:SF2 - PROTEIN SEEDLING PLASTID DEVELOPMENT 1,turquoise,NA,gene
Manes.07G133132.v8.1,Manes.07G133132,(1 of 4) K16298 - serine carboxypeptidase-like clade IV [EC:3.4.16.-] (SCPL-IV),turquoise,NA,gene
Manes.07G133144.v8.1,Manes.07G133144,(1 of 1) K13154 - U11/U12 small nuclear ribonucleoprotein 31 kDa protein (ZCRB1),turquoise,NA,gene
Manes.07G097600.v8.1,Manes.07G097600,(1 of 1) PTHR10694:SF45 - LYSINE-SPECIFIC DEMETHYLASE ELF6-RELATED,turquoise,NA,gene
Manes.07G098200.v8.1,Manes.07G098200,(1 of 31) PF03181 - BURP domain (BURP),black,NA,gene
Manes.07G098400.v8.1,Manes.07G098400,(1 of 7) PF10950 - Protein of unknown function (DUF2775) (DUF2775),turquoise,NA,gene
Manes.07G098600.v8.1,Manes.07G098600,(1 of 2) K00856 - adenosine kinase (E2.7.1.20; ADK),turquoise,NA,gene
Manes.07G098800.v8.1,Manes.07G098800,(1 of 3) PTHR10774:SF62 - SYNAPTOTAGMIN-3,turquoise,NA,gene
Manes.07G098900.v8.1,Manes.07G098900,(1 of 1) PF00092//PF00097//PF14624//PF17123 - von Willebrand factor type A domain (VWA) // Zinc finger; C3HC4 type (RING finger) (zf-C3HC4) // VWA / Hh  protein intein-like (Vwaint) // RING-like zinc finger (zf-RING_11),black,NA,gene
Manes.07G099000.v8.1,Manes.07G099000,(1 of 25) PF00651//PF03000 - BTB/POZ domain (BTB) // NPH3 family (NPH3),turquoise,NA,gene
Manes.07G099400.v8.1,Manes.07G099400,(1 of 6) PTHR31384:SF27 - AUXIN RESPONSE FACTOR 10-RELATED,turquoise,NA,gene
Manes.07G100200.v8.1,Manes.07G100200,(1 of 1) PTHR23091//PTHR23091:SF208 - N-TERMINAL ACETYLTRANSFERASE // ACYL-COA N-ACYLTRANSFERASES SUPERFAMILY PROTEIN,turquoise,NA,gene
Manes.07G100300.v8.1,Manes.07G100300,(1 of 1) 3.6.1.62 - 5'-(N(7)-methylguanosine 5'-triphospho)-[mRNA] hydrolase / M(7)GpppN-mRNA hydrolase,turquoise,NA,gene
Manes.07G100524.v8.1,Manes.07G100524,(1 of 6) K09580 - protein disulfide-isomerase A1 (PDIA1; P4HB),turquoise,NA,gene
Manes.07G101200.v8.1,Manes.07G101200,(1 of 2) PTHR32241:SF3 - PATATIN-LIKE PROTEIN 6-RELATED,turquoise,NA,gene
Manes.07G101500.v8.1,Manes.07G101500,(1 of 1) PTHR24423//PTHR24423:SF365//PTHR24423:SF515 - TWO-COMPONENT SENSOR HISTIDINE KINASE // ETHYLENE RECEPTOR 1-RELATED // SUBFAMILY NOT NAMED,turquoise,NA,gene
Manes.07G102100.v8.1,Manes.07G102100,(1 of 1) KOG3024 - Uncharacterized conserved protein,turquoise,NA,gene
Manes.07G102800.v8.1,Manes.07G102800,(1 of 4) PTHR32295:SF32 - PROTEIN IQ-DOMAIN 3-RELATED,turquoise,NA,gene
Manes.07G102804.v8.1,Manes.07G102804,,turquoise,NA,gene
Manes.07G103100.v8.1,Manes.07G103100,(1 of 2) PTHR22880:SF163 - TRANSCRIPTION FACTOR GTE1,turquoise,NA,gene
Manes.07G103800.v8.1,Manes.07G103800,(1 of 1) PTHR11802:SF71 - SERINE CARBOXYPEPTIDASE-LIKE 26-RELATED,turquoise,NA,gene
Manes.07G104000.v8.1,Manes.07G104000,(1 of 2) PTHR32191:SF1 - TETRASPANIN-5-RELATED,purple,NA,gene
Manes.07G104100.v8.1,Manes.07G104100,(1 of 2) PTHR31942:SF29 - MLO-LIKE PROTEIN 12-RELATED,turquoise,NA,gene
Manes.07G104300.v8.1,Manes.07G104300,(1 of 1) PTHR13377//PTHR13377:SF4 - PLACENTAL PROTEIN 6 // SUBFAMILY NOT NAMED,turquoise,NA,gene
Manes.07G104400.v8.1,Manes.07G104400,(1 of 1) PTHR10566:SF44 - ATH SUBFAMILY PROTEIN ATH8,turquoise,NA,gene
Manes.07G104700.v8.1,Manes.07G104700,(1 of 2) K16546 - FGFR1 oncogene partner (FGFR10P),turquoise,NA,gene
Manes.07G105100.v8.1,Manes.07G105100,(1 of 3) K12129 - pseudo-response regulator 7 (PRR7),turquoise,NA,gene
Manes.07G105400.v8.1,Manes.07G105400,(1 of 3) PTHR27001:SF211 - PROTEIN KINASE FAMILY PROTEIN,turquoise,NA,gene
Manes.07G105500.v8.1,Manes.07G105500,(1 of 1) PTHR22957//PTHR22957:SF269 - TBC1 DOMAIN FAMILY MEMBER GTPASE-ACTIVATING PROTEIN // RABGAP/TBC DOMAIN-CONTAINING PROTEIN,turquoise,NA,gene
Manes.07G105700.v8.1,Manes.07G105700,(1 of 1) PTHR11260//PTHR11260:SF320 - GLUTATHIONE S-TRANSFERASE; GST; SUPERFAMILY; GST DOMAIN CONTAINING // SUBFAMILY NOT NAMED,purple,NA,gene
Manes.07G105900.v8.1,Manes.07G105900,(1 of 1) PTHR23088//PTHR23088:SF27 - NITRILASE-RELATED // NITRILASE HOMOLOG 1,turquoise,NA,gene
Manes.07G106100.v8.1,Manes.07G106100,(1 of 2) PTHR18937//PTHR18937:SF221 - STRUCTURAL MAINTENANCE OF CHROMOSOMES SMC FAMILY MEMBER // SUBFAMILY NOT NAMED,turquoise,NA,gene
Manes.07G106900.v8.1,Manes.07G106900,(1 of 18) PF03101//PF04434//PF10551 - FAR1 DNA-binding domain (FAR1) // SWIM zinc finger (SWIM) // MULE transposase domain (MULE),turquoise,NA,gene
Manes.07G107200.v8.1,Manes.07G107200,(1 of 1) K01859 - chalcone isomerase (E5.5.1.6),turquoise,NA,gene
Manes.07G107300.v8.1,Manes.07G107300,,turquoise,NA,gene
Manes.07G107600.v8.1,Manes.07G107600,(1 of 3) PTHR24177:SF10 - ANKYRIN REPEAT-CONTAINING PROTEIN,turquoise,NA,gene
Manes.07G108212.v8.1,Manes.07G108212,(1 of 2) PTHR14374//PTHR14374:SF0 - FOIE GRAS // TRAFFICKING PROTEIN PARTICLE COMPLEX SUBUNIT 11,turquoise,NA,gene
Manes.07G108900.v8.1,Manes.07G108900,(1 of 3) K02918 - large subunit ribosomal protein L35e (RP-L35e; RPL35),turquoise,NA,gene
Manes.07G109504.v8.1,Manes.07G109504,(1 of 3) K18422 - helicase MOV-10 [EC:3.6.4.13] (MOV10),black,NA,gene
Manes.07G109600.v8.1,Manes.07G109600,(1 of 3) K18422 - helicase MOV-10 [EC:3.6.4.13] (MOV10),turquoise,NA,gene
Manes.07G110200.v8.1,Manes.07G110200,(1 of 2) K18059 - sulfate transporter 4 (SULTR4),turquoise,NA,gene
Manes.07G111300.v8.1,Manes.07G111300,(1 of 24) K05658 - ATP-binding cassette; subfamily B (MDR/TAP); member 1 (ABCB1),turquoise,NA,gene
Manes.07G112000.v8.1,Manes.07G112000,(1 of 25) PF16135 - TPL-binding domain in jasmonate signalling (Jas),black,NA,gene
Manes.07G112600.v8.1,Manes.07G112600,(1 of 207) PF01535//PF13041 - PPR repeat (PPR) // PPR repeat family (PPR_2),turquoise,NA,gene
Manes.07G112900.v8.1,Manes.07G112900,(1 of 11) PTHR13068:SF31 - F19K23.4 PROTEIN-RELATED,turquoise,NA,gene
Manes.07G112902.v8.1,Manes.07G112902,(1 of 101) PF02362 - B3 DNA binding domain (B3),turquoise,NA,gene
Manes.07G113300.v8.1,Manes.07G113300,(1 of 1) PTHR21563:SF3 - ZINC FINGER C3H1 DOMAIN-CONTAINING PROTEIN,turquoise,NA,gene
Manes.07G113400.v8.1,Manes.07G113400,(1 of 1) PTHR19965//PTHR19965:SF31 - RNA AND EXPORT FACTOR BINDING PROTEIN // SUBFAMILY NOT NAMED,purple,NA,gene
Manes.07G114300.v8.1,Manes.07G114300,(1 of 3) PTHR33981:SF2 - GENOMIC DNA; CHROMOSOME 3; BAC CLONE: T16H11,turquoise,NA,gene
Manes.07G114400.v8.1,Manes.07G114400,(1 of 3) PTHR33981:SF2 - GENOMIC DNA; CHROMOSOME 3; BAC CLONE: T16H11,turquoise,NA,gene
Manes.07G114600.v8.1,Manes.07G114600,(1 of 10) K11254 - histone H4 (H4),turquoise,NA,gene
Manes.07G114800.v8.1,Manes.07G114800,(1 of 9) K03283 - heat shock 70kDa protein 1/8 (HSPA1_8),turquoise,NA,gene
Manes.07G115700.v8.1,Manes.07G115700,(1 of 1) K13102 - DNA/RNA-binding protein KIN17 (KIN),turquoise,NA,gene
Manes.07G116200.v8.1,Manes.07G116200,,turquoise,NA,gene
Manes.07G116500.v8.1,Manes.07G116500,(1 of 2) PTHR32227//PTHR32227:SF62 - FAMILY NOT NAMED // GLUCOSIDASE-LIKE PROTEIN,turquoise,NA,gene
Manes.07G117300.v8.1,Manes.07G117300,(1 of 4) PTHR21717:SF9 - PROTEIN TBF1,turquoise,NA,gene
Manes.07G117900.v8.1,Manes.07G117900,(1 of 1) PTHR10516//PTHR10516:SF326 - PEPTIDYL-PROLYL CIS-TRANS ISOMERASE // SUBFAMILY NOT NAMED,turquoise,NA,gene
Manes.07G118000.v8.1,Manes.07G118000,(1 of 2) K16283 - E3 ubiquitin-protein ligase SDIR1 [EC:6.3.2.19] (SDIR1),turquoise,NA,gene
Manes.07G118800.v8.1,Manes.07G118800,(1 of 2) PF00805 - Pentapeptide repeats (8 copies) (Pentapeptide),turquoise,NA,gene
Manes.07G119100.v8.1,Manes.07G119100,(1 of 7) 1.1.1.206//1.1.1.236 - Tropinone reductase I / Tropinone reductase // Tropinone reductase II / Tropinone reductase,turquoise,NA,gene
Manes.07G119500.v8.1,Manes.07G119500,(1 of 2) PTHR10108//PTHR10108:SF789 - METHYLTRANSFERASE // SUBFAMILY NOT NAMED,turquoise,NA,gene
Manes.07G119600.v8.1,Manes.07G119600,(1 of 2) PF00651//PF00917 - BTB/POZ domain (BTB) // MATH domain (MATH),turquoise,NA,gene
Manes.07G119800.v8.1,Manes.07G119800,(1 of 2) PTHR22870//PTHR22870:SF204 - REGULATOR OF CHROMOSOME CONDENSATION // REGULATOR OF CHROMOSOME CONDENSATION REPEAT-CONTAINING PROTEIN,turquoise,NA,gene
Manes.07G120000.v8.1,Manes.07G120000,(1 of 7) PF07714//PF13947 - Protein tyrosine kinase (Pkinase_Tyr) // Wall-associated receptor kinase galacturonan-binding (GUB_WAK_bind),turquoise,NA,gene
Manes.07G120400.v8.1,Manes.07G120400,(1 of 48) PF04535 - Domain of unknown function (DUF588) (DUF588),turquoise,NA,gene
Manes.07G120700.v8.1,Manes.07G120700,(1 of 2) 2.7.2.11 - Glutamate 5-kinase / Gamma-glutamyl kinase,turquoise,NA,gene
Manes.07G122700.v8.1,Manes.07G122700,,turquoise,NA,gene
Manes.07G122900.v8.1,Manes.07G122900,(1 of 1) 4.6.1.2 - Guanylate cyclase / Guanylyl cyclase,turquoise,NA,gene
Manes.07G123000.v8.1,Manes.07G123000,,turquoise,NA,gene
Manes.07G123100.v8.1,Manes.07G123100,,turquoise,NA,gene
Manes.07G124100.v8.1,Manes.07G124100,(1 of 3) PTHR11132//PTHR11132:SF104 - SOLUTE CARRIER FAMILY 35 // SUBFAMILY NOT NAMED,turquoise,NA,gene
Manes.07G124400.v8.1,Manes.07G124400,(1 of 1) PTHR24206:SF28 - ACTIN BUNDLER LIM FAMILY PROTEIN WLIM2B,turquoise,NA,gene
Manes.07G124700.v8.1,Manes.07G124700,(1 of 1) K01756 - adenylosuccinate lyase (purB; ADSL),turquoise,NA,gene
Manes.07G125100.v8.1,Manes.07G125100,(1 of 8) PTHR24078:SF261 - DNAJ (HSP40) HOMOLOG; SUBFAMILY A; MEMBER 3A,black,NA,gene
Manes.07G125400.v8.1,Manes.07G125400,,black,NA,gene
Manes.07G126600.v8.1,Manes.07G126600,(1 of 4) PTHR19139:SF169 - AQUAPORIN PIP1-4-RELATED,turquoise,NA,gene
Manes.07G127000.v8.1,Manes.07G127000,(1 of 3) K02941 - large subunit ribosomal protein LP0 (RP-LP0; RPLP0),turquoise,NA,gene
Manes.07G127200.v8.1,Manes.07G127200,(1 of 1) PTHR19957:SF117 - SYNTAXIN-31,turquoise,NA,gene
Manes.07G128500.v8.1,Manes.07G128500,(1 of 1) PTHR21649//PTHR21649:SF32 - CHLOROPHYLL A/B BINDING PROTEIN // CHLOROPHYLL A-B BINDING PROTEIN CP29.3; CHLOROPLASTIC,turquoise,NA,gene
Manes.07G128600.v8.1,Manes.07G128600,(1 of 4) K10802 - high mobility group protein B1 (HMGB1),turquoise,NA,gene
Manes.07G128700.v8.1,Manes.07G128700,(1 of 2) K09588 - cytochrome P450; family 90; subfamily A; polypeptide 1 (CYP90A1; CPD),black,NA,gene
Manes.07G129000.v8.1,Manes.07G129000,(1 of 3) PTHR14209//PTHR14209:SF8 - ISOAMYL ACETATE-HYDROLYZING ESTERASE 1 // GDSL ESTERASE/LIPASE CPRD49,black,NA,gene
Manes.07G129800.v8.1,Manes.07G129800,(1 of 6) PTHR27003:SF102 - SERINE/THREONINE-PROTEIN KINASE-LIKE PROTEIN CCR3-RELATED,turquoise,NA,gene
Manes.07G131100.v8.1,Manes.07G131100,(1 of 2) PTHR32285//PTHR32285:SF50 - FAMILY NOT NAMED // PROTEIN TRICHOME BIREFRINGENCE-LIKE 30,turquoise,NA,gene
Manes.07G131700.v8.1,Manes.07G131700,(1 of 3) PTHR12565//PTHR12565:SF181 - STEROL REGULATORY ELEMENT-BINDING PROTEIN // SUBFAMILY NOT NAMED,turquoise,NA,gene
Manes.07G132000.v8.1,Manes.07G132000,(1 of 1) PTHR31642//PTHR31642:SF19 - FAMILY NOT NAMED // COA-DEPENDENT ACYLTRANSFERASE-RELATED,turquoise,NA,gene
Manes.07G132800.v8.1,Manes.07G132800,(1 of 25) PF07714//PF08263//PF13855 - Protein tyrosine kinase (Pkinase_Tyr) // Leucine rich repeat N-terminal domain (LRRNT_2) // Leucine rich repeat (LRR_8),turquoise,NA,gene
Manes.07G132902.v8.1,Manes.07G132902,,turquoise,NA,gene
Manes.07G136400.v8.1,Manes.07G136400,(1 of 81) KOG1603 - Copper chaperone,turquoise,NA,gene
Manes.07G136500.v8.1,Manes.07G136500,(1 of 4) 3.1.31.1 - Micrococcal nuclease / Micrococcal endonuclease,turquoise,NA,gene
Manes.07G136700.v8.1,Manes.07G136700,,turquoise,NA,gene
Manes.07G137401.v8.1,Manes.07G137401,,turquoise,NA,gene
Manes.07G138000.v8.1,Manes.07G138000,(1 of 3) 4.1.1.37 - Uroporphyrinogen decarboxylase / Uroporphyrinogen-III carboxy-lyase,purple,NA,gene
Manes.07G138700.v8.1,Manes.07G138700,(1 of 2) PTHR11654//PTHR11654:SF155 - OLIGOPEPTIDE TRANSPORTER-RELATED // PROTEIN NRT1/ PTR FAMILY 5.1,turquoise,NA,gene
Manes.07G139400.v8.1,Manes.07G139400,(1 of 1) K14840 - nucleolar protein 53 (NOP53; GLTSCR2),turquoise,NA,gene
Manes.07G140300.v8.1,Manes.07G140300,(1 of 1) PTHR10631:SF2 - N2; N2-DIMETHYLGUANOSINE TRNA METHYLTRANSFERASES-LIKE PROTEIN,turquoise,NA,gene
Manes.07G140500.v8.1,Manes.07G140500,(1 of 3) K04564 - superoxide dismutase; Fe-Mn family (SOD2),turquoise,NA,gene
Manes.07G140600.v8.1,Manes.07G140600,(1 of 6) PF01661 - Macro domain (Macro),turquoise,NA,gene
Manes.07G140800.v8.1,Manes.07G140800,(1 of 4) K19040 - E3 ubiquitin-protein ligase ATL10/75/76/77/78 [EC:6.3.2.19] (ATL76S),turquoise,NA,gene
Manes.07G140900.v8.1,Manes.07G140900,(1 of 1) PTHR28039:SF4 - CHALCONE--FLAVONONE ISOMERASE 3-RELATED,turquoise,NA,gene
Manes.07G141000.v8.1,Manes.07G141000,,turquoise,NA,gene
Manes.07G142000.v8.1,Manes.07G142000,(1 of 5) PF11331 - Probable zinc-ribbon domain (zinc_ribbon_12),black,NA,gene
Manes.07G141700.v8.1,Manes.07G141700,(1 of 2) PTHR10992//PTHR10992:SF840 - ALPHA/BETA HYDROLASE FOLD-CONTAINING PROTEIN // METHYLESTERASE 17-RELATED,turquoise,NA,gene
Manes.07G141600.v8.1,Manes.07G141600,(1 of 1) PTHR11935:SF94 - PROTEIN Y17G7B.3,turquoise,NA,gene
Manes.07G141400.v8.1,Manes.07G141400,(1 of 1) PTHR32246:SF15 - CALCIUM-DEPENDENT LIPID-BINDING (CALB DOMAIN) FAMILY PROTEIN,purple,NA,gene
Manes.08G000300.v8.1,Manes.08G000300,(1 of 1) K06940 - uncharacterized protein (K06940),turquoise,NA,gene
Manes.08G000700.v8.1,Manes.08G000700,(1 of 1) K02069 - putative ABC transport system permease protein (ABC.X2.P),turquoise,NA,gene
Manes.08G001000.v8.1,Manes.08G001000,,turquoise,NA,gene
Manes.08G001200.v8.1,Manes.08G001200,,turquoise,NA,gene
Manes.08G001400.v8.1,Manes.08G001400,(1 of 1) PTHR22957//PTHR22957:SF328 - TBC1 DOMAIN FAMILY MEMBER GTPASE-ACTIVATING PROTEIN // RABGAP/TBC DOMAIN-CONTAINING PROTEIN,turquoise,NA,gene
Manes.08G001500.v8.1,Manes.08G001500,(1 of 102) PF03106 - WRKY DNA -binding domain (WRKY),turquoise,NA,gene
Manes.08G002100.v8.1,Manes.08G002100,,turquoise,NA,gene
Manes.08G003100.v8.1,Manes.08G003100,(1 of 52) PF01535//PF13041//PF13812 - PPR repeat (PPR) // PPR repeat family (PPR_2) // Pentatricopeptide repeat domain (PPR_3),turquoise,NA,gene
Manes.08G003700.v8.1,Manes.08G003700,(1 of 1) PTHR10992:SF862 - ALPHA/BETA-HYDROLASES SUPERFAMILY PROTEIN,turquoise,NA,gene
Manes.08G004000.v8.1,Manes.08G004000,(1 of 1) PTHR23316:SF1 - IMPORTIN SUBUNIT ALPHA,turquoise,NA,gene
Manes.08G004600.v8.1,Manes.08G004600,(1 of 25) PF04749 - PLAC8 family (PLAC8),turquoise,NA,gene
Manes.08G005200.v8.1,Manes.08G005200,(1 of 8) PTHR22937:SF47 - RING-FINGER DOMAIN-CONTAINING PROTEIN,turquoise,NA,gene
Manes.08G005400.v8.1,Manes.08G005400,(1 of 4) K08506 - syntaxin of plants SYP7 (SYP7),turquoise,NA,gene
Manes.08G005700.v8.1,Manes.08G005700,(1 of 2) PTHR10593//PTHR10593:SF42 - SERINE/THREONINE-PROTEIN KINASE RIO // ZINC FINGER PROTEIN JACKDAW,turquoise,NA,gene
Manes.08G005800.v8.1,Manes.08G005800,(1 of 2) K09523 - DnaJ homolog subfamily C member 3 (DNAJC3),turquoise,NA,gene
Manes.08G008000.v8.1,Manes.08G008000,(1 of 8) K11294 - nucleolin (NCL; NSR1),turquoise,NA,gene
Manes.08G008200.v8.1,Manes.08G008200,(1 of 2) K14513 - ethylene-insensitive protein 2 (EIN2),turquoise,NA,gene
Manes.08G010600.v8.1,Manes.08G010600,(1 of 3) PTHR22814//PTHR22814:SF113 - COPPER TRANSPORT PROTEIN ATOX1-RELATED // HEAVY-METAL-ASSOCIATED DOMAIN-CONTAINING PROTEIN-RELATED,turquoise,NA,gene
Manes.08G010900.v8.1,Manes.08G010900,,turquoise,NA,gene
Manes.08G012200.v8.1,Manes.08G012200,(1 of 2) PTHR10257:SF20 - SERINE/THREONINE PROTEIN PHOSPHATASE 2A 57 KDA REGULATORY SUBUNIT B' ALPHA ISOFORM-RELATED,turquoise,NA,gene
Manes.08G012500.v8.1,Manes.08G012500,,turquoise,NA,gene
Manes.08G013000.v8.1,Manes.08G013000,(1 of 2) PTHR24136//PTHR24136:SF15 - FAMILY NOT NAMED // PROTEIN SWAH-1,turquoise,NA,gene
Manes.08G013700.v8.1,Manes.08G013700,(1 of 2) PTHR20852:SF16 - TYPE-1 GLUTAMINE SYNTHETASE 1,turquoise,NA,gene
Manes.08G013802.v8.1,Manes.08G013802,(1 of 1) PTHR23120//PTHR23120:SF20 - MAESTRO-RELATED HEAT DOMAIN-CONTAINING // SUBFAMILY NOT NAMED,turquoise,NA,gene
Manes.08G015900.v8.1,Manes.08G015900,(1 of 2) K12185 - ESCRT-I complex subunit VPS37 (VPS37),turquoise,NA,gene
Manes.08G017400.v8.1,Manes.08G017400,(1 of 2) 4.3.1.19 - Threonine ammonia-lyase / Threonine dehydratase,turquoise,NA,gene
Manes.08G017600.v8.1,Manes.08G017600,(1 of 1) K10588 - ubiquitin-protein ligase E3 B (UBE3B),turquoise,NA,gene
Manes.08G018500.v8.1,Manes.08G018500,(1 of 2) PTHR31960//PTHR31960:SF7 - FAMILY NOT NAMED // F-BOX PROTEIN PP2-A15,turquoise,NA,gene
Manes.08G018900.v8.1,Manes.08G018900,(1 of 1) 2.4.99.12 - Lipid IV(A) 3-deoxy-D-manno-octulosonic acid transferase / Lipid IV(A) KDO transferase,turquoise,NA,gene
Manes.08G019600.v8.1,Manes.08G019600,(1 of 12) PF05003//PF11961 - Protein of unknown function (DUF668) (DUF668) // Domain of unknown function (DUF3475) (DUF3475),black,NA,gene
Manes.08G020700.v8.1,Manes.08G020700,(1 of 2) PTHR10015:SF164 - HEAT STRESS TRANSCRIPTION FACTOR A-3,purple,NA,gene
Manes.08G020900.v8.1,Manes.08G020900,(1 of 1) K14847 - ribosome production factor 2 (RPF2),turquoise,NA,gene
Manes.08G021000.v8.1,Manes.08G021000,(1 of 2) K14400 - pre-mRNA cleavage complex 2 protein Pcf11 (PCF11),turquoise,NA,gene
Manes.08G021100.v8.1,Manes.08G021100,(1 of 3) PTHR33285:SF2 - PHYTOSULFOKINES 6-RELATED,black,NA,gene
Manes.08G022400.v8.1,Manes.08G022400,(1 of 2) PTHR10357//PTHR10357:SF141 - ALPHA-AMYLASE // 1;4-ALPHA-GLUCAN-BRANCHING ENZYME 2-1; CHLOROPLASTIC/AMYLOPLASTIC-RELATED,black,carb,gene
Manes.08G022501.v8.1,Manes.08G022501,(1 of 2) PTHR24032//PTHR24032:SF1 - FAMILY NOT NAMED // PRESPORE PROTEIN DP87,turquoise,NA,gene
Manes.08G022900.v8.1,Manes.08G022900,(1 of 1) PTHR24006:SF453 - BTB/POZ DOMAIN-CONTAINING PROTEIN FBL11,turquoise,NA,gene
Manes.08G023000.v8.1,Manes.08G023000,(1 of 2) PTHR24351:SF92 - PROTEIN KINASE-RELATED,turquoise,NA,gene
Manes.08G023800.v8.1,Manes.08G023800,(1 of 14) PTHR10634 - AN1-TYPE ZINC FINGER PROTEIN,turquoise,NA,gene
Manes.08G025100.v8.1,Manes.08G025100,(1 of 1) K00419 - ubiquinol-cytochrome c reductase subunit 9 (QCR9; UCRC),turquoise,NA,gene
Manes.08G025400.v8.1,Manes.08G025400,(1 of 1) PTHR10072//PTHR10072:SF43 - IRON-SULFUR CLUSTER ASSEMBLY PROTEIN // SUBFAMILY NOT NAMED,turquoise,NA,gene
Manes.08G025800.v8.1,Manes.08G025800,(1 of 1) PTHR11260:SF166 - GLUTATHIONE S-TRANSFERASE D2-RELATED,turquoise,NA,gene
Manes.08G026200.v8.1,Manes.08G026200,(1 of 1) KOG0106//KOG0109//KOG0110//KOG0131//KOG0145//KOG0148//KOG4205 - Alternative splicing factor SRp55/B52/SRp75 (RRM superfamily) // RNA-binding protein LARK; contains RRM and retroviral-type Zn-finger domains // RNA-binding protein (RRM superfamily) // Splicing factor 3b; subunit 4 // RNA-binding protein ELAV/HU (RRM superfamily) // Apoptosis-promoting RNA-binding protein TIA-1/TIAR (RRM superfamily) // RNA-binding protein musashi/mRNA cleavage and polyadenylation factor I complex; subunit HRP1,turquoise,NA,gene
Manes.08G026600.v8.1,Manes.08G026600,(1 of 1) PTHR12215//PTHR12215:SF10 - PHOSPHOPANTETHEINE TRANSFERASE // L-AMINOADIPATE-SEMIALDEHYDE DEHYDROGENASE-PHOSPHOPANTETHEINYL TRANSFERASE,turquoise,NA,gene
Manes.08G030200.v8.1,Manes.08G030200,(1 of 27) 1.1.1.331 - Secoisolariciresinol dehydrogenase,black,NA,gene
Manes.08G030300.v8.1,Manes.08G030300,(1 of 27) 1.1.1.331 - Secoisolariciresinol dehydrogenase,black,NA,gene
Manes.08G031400.v8.1,Manes.08G031400,(1 of 2) PTHR12300//PTHR12300:SF44 - HVA22-LIKE PROTEINS // SUBFAMILY NOT NAMED,turquoise,NA,gene
Manes.08G031700.v8.1,Manes.08G031700,(1 of 1) PTHR13068//PTHR13068:SF22 - CGI-12 PROTEIN-RELATED // SUBFAMILY NOT NAMED,turquoise,NA,gene
Manes.08G031900.v8.1,Manes.08G031900,(1 of 2) PTHR31223//PTHR31223:SF20 - FAMILY NOT NAMED // CYTOKININ RIBOSIDE 5'-MONOPHOSPHATE PHOSPHORIBOHYDROLASE LOG7,turquoise,NA,gene
Manes.08G032200.v8.1,Manes.08G032200,(1 of 2) PF09758 - Uncharacterised conserved protein (FPL),turquoise,NA,gene
Manes.08G032500.v8.1,Manes.08G032500,(1 of 2) PTHR31415:SF2 - LATE EMBRYOGENESIS ABUNDANT HYDROXYPROLINE-RICH GLYCOPROTEIN-RELATED,turquoise,NA,gene
Manes.08G033100.v8.1,Manes.08G033100,(1 of 1) K11268 - N-acetyltransferase [EC:2.3.1.-] (ESCO; ECO1),turquoise,NA,gene
Manes.08G033600.v8.1,Manes.08G033600,(1 of 2) PTHR13943//PTHR13943:SF44 - HRAS-LIKE SUPPRESSOR - RELATED // SUBFAMILY NOT NAMED,turquoise,NA,gene
Manes.08G033700.v8.1,Manes.08G033700,(1 of 3) 2.4.1.241 - Digalactosyldiacylglycerol synthase / UDP-galactose:MGDG galactosyltransferase,turquoise,NA,gene
Manes.08G035600.v8.1,Manes.08G035600,(1 of 5) PTHR31182:SF2 - F26K24.5 PROTEIN,turquoise,NA,gene
Manes.08G036600.v8.1,Manes.08G036600,(1 of 2) PTHR22763//PTHR22763:SF19 - RING ZINC FINGER PROTEIN // SUBFAMILY NOT NAMED,turquoise,NA,gene
Manes.08G037000.v8.1,Manes.08G037000,(1 of 3) 3.1.3.24 - Sucrose-phosphate phosphatase / Sucrose-6-phosphate phosphatase,turquoise,carb,gene
Manes.08G037100.v8.1,Manes.08G037100,(1 of 1) K09835 - prolycopene isomerase (crtISO; crtH),turquoise,carot,gene
Manes.08G037300.v8.1,Manes.08G037300,(1 of 3) PTHR24349:SF81 - CALCIUM-DEPENDENT PROTEIN KINASE 20,turquoise,NA,gene
Manes.08G037500.v8.1,Manes.08G037500,,turquoise,NA,gene
Manes.08G037800.v8.1,Manes.08G037800,(1 of 2) PTHR31422:SF0 - F26K24.14 PROTEIN-RELATED,turquoise,NA,gene
Manes.08G038700.v8.1,Manes.08G038700,,black,NA,gene
Manes.08G039200.v8.1,Manes.08G039200,(1 of 5) K02979 - small subunit ribosomal protein S28e (RP-S28e; RPS28),turquoise,NA,gene
Manes.08G039400.v8.1,Manes.08G039400,(1 of 1) K12501 - homogentisate solanesyltransferase (HST),turquoise,NA,gene
Manes.08G039800.v8.1,Manes.08G039800,(1 of 3) 2.5.1.117 - Homogentisate solanesyltransferase / HST,turquoise,NA,gene
Manes.08G039900.v8.1,Manes.08G039900,(1 of 1) K15148 - mediator of RNA polymerase II transcription subunit 7 (MED7),turquoise,NA,gene
Manes.08G040000.v8.1,Manes.08G040000,(1 of 1) PTHR10644:SF6 - CLEAVAGE AND POLYADENYLATION SPECIFICITY FACTOR (CPSF) A SUBUNIT PROTEIN,turquoise,NA,gene
Manes.08G040100.v8.1,Manes.08G040100,(1 of 2) K08498 - syntaxin 6 (STX6),turquoise,NA,gene
Manes.08G040500.v8.1,Manes.08G040500,(1 of 2) K04716 - sphingosine-1-phosphate phosphatase 1 (SGPP1),turquoise,NA,gene
Manes.08G040600.v8.1,Manes.08G040600,(1 of 7) K04382 - serine/threonine-protein phosphatase 2A catalytic subunit (PPP2C),turquoise,NA,gene
Manes.08G040700.v8.1,Manes.08G040700,(1 of 4) K11594 - ATP-dependent RNA helicase DDX3X (DDX3X; bel),turquoise,NA,gene
Manes.08G040900.v8.1,Manes.08G040900,(1 of 3) K12603 - CCR4-NOT transcription complex subunit 6 (CNOT6; CCR4),turquoise,NA,gene
Manes.08G042000.v8.1,Manes.08G042000,(1 of 2) PTHR21495//PTHR21495:SF71 - NUCLEOPORIN-RELATED // DIRIGENT PROTEIN 1-RELATED,turquoise,NA,gene
Manes.08G043200.v8.1,Manes.08G043200,(1 of 1) 3.6.1.18 - FAD diphosphatase / FAD pyrophosphatase,turquoise,NA,gene
Manes.08G043500.v8.1,Manes.08G043500,(1 of 1) PTHR34122//PTHR34122:SF1 - FAMILY NOT NAMED // EXPRESSED PROTEIN,black,NA,gene
Manes.08G043700.v8.1,Manes.08G043700,(1 of 1) PTHR31388:SF8 - PEROXIDASE 53-RELATED,turquoise,NA,gene
Manes.08G044000.v8.1,Manes.08G044000,(1 of 2) PTHR32285:SF22 - PROTEIN TRICHOME BIREFRINGENCE-RELATED,turquoise,NA,gene
Manes.08G044600.v8.1,Manes.08G044600,(1 of 1) K02328 - DNA polymerase delta subunit 2 (POLD2),turquoise,NA,gene
Manes.08G045300.v8.1,Manes.08G045300,(1 of 1) KOG0149//KOG4205 - Predicted RNA-binding protein SEB4 (RRM superfamily) // RNA-binding protein musashi/mRNA cleavage and polyadenylation factor I complex; subunit HRP1,turquoise,NA,gene
Manes.08G045600.v8.1,Manes.08G045600,(1 of 2) PTHR24078//PTHR24078:SF193 - DNAJ HOMOLOG SUBFAMILY C MEMBER // DNAJ HOMOLOG SUBFAMILY C MEMBER 2,turquoise,NA,gene
Manes.08G046300.v8.1,Manes.08G046300,(1 of 2) K00208 - enoyl- (fabI),turquoise,NA,gene
Manes.08G046400.v8.1,Manes.08G046400,(1 of 3) PTHR10288//PTHR10288:SF154 - KH DOMAIN CONTAINING RNA BINDING PROTEIN // SUBFAMILY NOT NAMED,turquoise,NA,gene
Manes.08G046500.v8.1,Manes.08G046500,(1 of 2) PTHR12231//PTHR12231:SF111 - CTX-RELATED TYPE I TRANSMEMBRANE PROTEIN // MATRIX-REMODELING-ASSOCIATED PROTEIN 8,turquoise,NA,gene
Manes.08G046600.v8.1,Manes.08G046600,(1 of 2) K16810 - TBCC domain-containing protein 1 (TBCCD1),turquoise,NA,gene
Manes.08G047700.v8.1,Manes.08G047700,(1 of 207) PF01535//PF13041 - PPR repeat (PPR) // PPR repeat family (PPR_2),turquoise,NA,gene
Manes.08G047800.v8.1,Manes.08G047800,(1 of 7) K08857 - NIMA (never in mitosis gene a)-related kinase [EC:2.7.11.1] (NEK),turquoise,NA,gene
Manes.08G048200.v8.1,Manes.08G048200,(1 of 10) PTHR10593//PTHR10593:SF27 - SERINE/THREONINE-PROTEIN KINASE RIO // SUBFAMILY NOT NAMED,turquoise,NA,gene
Manes.08G048300.v8.1,Manes.08G048300,(1 of 3) K13523 - lysophosphatidic acid acyltransferase / lysophosphatidylinositol acyltransferase (AGPAT3_4),black,NA,gene
Manes.08G048700.v8.1,Manes.08G048700,(1 of 3) PF01535//PF14432 - PPR repeat (PPR) // DYW family of nucleic acid deaminases (DYW_deaminase),turquoise,NA,gene
Manes.08G048800.v8.1,Manes.08G048800,(1 of 6) PF00642//PF12796 - Zinc finger C-x8-C-x5-C-x3-H type (and similar) (zf-CCCH) // Ankyrin repeats (3 copies) (Ank_2),turquoise,NA,gene
Manes.08G049200.v8.1,Manes.08G049200,(1 of 1) PTHR23417:SF16 - TRNA (GUANINE-N(7)-)-METHYLTRANSFERASE,black,NA,gene
Manes.08G049300.v8.1,Manes.08G049300,(1 of 19) PF03763 - Remorin; C-terminal region (Remorin_C),turquoise,NA,gene
Manes.08G049400.v8.1,Manes.08G049400,(1 of 1) PTHR23115//PTHR23115:SF165 - TRANSLATION FACTOR // TYPA-LIKE TRANSLATION ELONGATION FACTOR SVR3-RELATED,turquoise,NA,gene
Manes.08G049500.v8.1,Manes.08G049500,(1 of 2) PTHR24349:SF93 - CALCIUM-DEPENDENT PROTEIN KINASE 14,turquoise,NA,gene
Manes.08G050500.v8.1,Manes.08G050500,(1 of 1) K12586 - exosome complex component RRP43 (RRP43; EXOSC8; OIP2),black,NA,gene
Manes.08G051000.v8.1,Manes.08G051000,(1 of 3) K00559 - sterol 24-C-methyltransferase (E2.1.1.41; SMT1; ERG6),turquoise,NA,gene
Manes.08G051200.v8.1,Manes.08G051200,(1 of 1) K05761 - villin 1 (VIL1),turquoise,NA,gene
Manes.08G051400.v8.1,Manes.08G051400,(1 of 52) PF01535//PF13041//PF13812 - PPR repeat (PPR) // PPR repeat family (PPR_2) // Pentatricopeptide repeat domain (PPR_3),turquoise,NA,gene
Manes.08G052000.v8.1,Manes.08G052000,(1 of 1) 3.1.2.12 - S-formylglutathione hydrolase,turquoise,NA,gene
Manes.08G052200.v8.1,Manes.08G052200,(1 of 5) 1.1.1.8 - Glycerol-3-phosphate dehydrogenase (NAD(+)) / NADH-dihydroxyacetone phosphate reductase,black,NA,gene
Manes.08G052500.v8.1,Manes.08G052500,(1 of 1) PTHR11132//PTHR11132:SF116 - SOLUTE CARRIER FAMILY 35 // SUBFAMILY NOT NAMED,black,NA,gene
Manes.08G052600.v8.1,Manes.08G052600,(1 of 2) PTHR24093//PTHR24093:SF296 - FAMILY NOT NAMED // CALCIUM-TRANSPORTING ATPASE 4; PLASMA MEMBRANE-TYPE-RELATED,turquoise,NA,gene
Manes.08G052800.v8.1,Manes.08G052800,(1 of 4) K03124 - transcription initiation factor TFIIB (TFIIB; GTF2B; SUA7; tfb),turquoise,NA,gene
Manes.08G053700.v8.1,Manes.08G053700,(1 of 599) PF13041 - PPR repeat family (PPR_2),turquoise,NA,gene
Manes.08G055300.v8.1,Manes.08G055300,,turquoise,NA,gene
Manes.08G055700.v8.1,Manes.08G055700,(1 of 1) 3.5.2.17 - Hydroxyisourate hydrolase / HIUHase,turquoise,NA,gene
Manes.08G055800.v8.1,Manes.08G055800,(1 of 2) PTHR33923//PTHR33923:SF3 - FAMILY NOT NAMED // CALMODULIN-BINDING PROTEIN,turquoise,NA,gene
Manes.08G056100.v8.1,Manes.08G056100,(1 of 3) PTHR10891//PTHR10891:SF573 - EF-HAND CALCIUM-BINDING DOMAIN CONTAINING PROTEIN // CALCIUM-BINDING PROTEIN CML24-RELATED,black,NA,gene
Manes.08G056200.v8.1,Manes.08G056200,(1 of 1) PTHR33642:SF1 - RNA-DIRECTED DNA POLYMERASE (REVERSE TRANSCRIPTASE),turquoise,NA,gene
Manes.08G056400.v8.1,Manes.08G056400,(1 of 2) PTHR10108//PTHR10108:SF37 - METHYLTRANSFERASE // METHYLTRANSFERASE PMT6-RELATED,turquoise,NA,gene
Manes.08G056700.v8.1,Manes.08G056700,(1 of 1) 1.3.2.3//1.6.5.3 - L-galactonolactone dehydrogenase / L-galactono-gamma-lactone dehydrogenase // NADH:ubiquinone reductase (H(+)-translocating) / Ubiquinone reductase,turquoise,NA,gene
Manes.08G058100.v8.1,Manes.08G058100,(1 of 1) PTHR12383//PTHR12383:SF25 - PROTEASE FAMILY S26 MITOCHONDRIAL INNER MEMBRANE PROTEASE-RELATED // CHLOROPLAST PROCESSING PEPTIDASE,turquoise,NA,gene
Manes.08G058200.v8.1,Manes.08G058200,(1 of 2) PTHR26402:SF507 - TWO-COMPONENT RESPONSE REGULATOR ARR8-RELATED,turquoise,NA,gene
Manes.08G059900.v8.1,Manes.08G059900,(1 of 2) PTHR22950//PTHR22950:SF269 - AMINO ACID TRANSPORTER // EXPRESSED PROTEIN,turquoise,NA,gene
Manes.08G060300.v8.1,Manes.08G060300,(1 of 2) PTHR24349//PTHR24349:SF92 - SERINE/THREONINE-PROTEIN KINASE // SUBFAMILY NOT NAMED,turquoise,NA,gene
Manes.08G060402.v8.1,Manes.08G060402,,turquoise,NA,gene
Manes.08G061300.v8.1,Manes.08G061300,(1 of 4) PTHR11802//PTHR11802:SF94 - SERINE PROTEASE FAMILY S10 SERINE CARBOXYPEPTIDASE // SUBFAMILY NOT NAMED,turquoise,NA,gene
Manes.08G062100.v8.1,Manes.08G062100,(1 of 1) PTHR23077//PTHR23077:SF27 - AAA-FAMILY ATPASE // SPERMATOGENESIS-ASSOCIATED PROTEIN 5,turquoise,NA,gene
Manes.08G062800.v8.1,Manes.08G062800,(1 of 2) PTHR22952:SF139 - BASIC REGION/LEUCINE ZIPPER MOTIF PROTEIN 49,turquoise,NA,gene
Manes.08G062966.v8.1,Manes.08G062966,(1 of 1) 3.5.1.89 - N-acetylglucosaminylphosphatidylinositol deacetylase / N-acetylglucosaminylphosphatidylinositol de-N-acetylase,turquoise,NA,gene
Manes.08G063732.v8.1,Manes.08G063732,(1 of 1) PTHR23257:SF382 - PROTEIN KINASE AND PP2C-LIKE DOMAIN-CONTAINING PROTEIN,purple,NA,gene
Manes.08G064501.v8.1,Manes.08G064501,(1 of 16) PF05701 - Weak chloroplast movement under blue light (WEMBL),turquoise,NA,gene
Manes.08G065450.v8.1,Manes.08G065450,(1 of 2) PTHR13856//PTHR13856:SF93 - VHS DOMAIN CONTAINING PROTEIN FAMILY // SUBFAMILY NOT NAMED,turquoise,NA,gene
Manes.08G065800.v8.1,Manes.08G065800,(1 of 1) PTHR11266//PTHR11266:SF40 - PEROXISOMAL MEMBRANE PROTEIN 2; PXMP2  MPV17 // MPV17/PMP22 FAMILY PROTEIN,turquoise,NA,gene
Manes.08G066300.v8.1,Manes.08G066300,(1 of 2) PTHR13301:SF72 - CELLULOSE SYNTHASE-LIKE PROTEIN D3,turquoise,NA,gene
Manes.08G066900.v8.1,Manes.08G066900,(1 of 1) PTHR14155//PTHR14155:SF151 - RING FINGER DOMAIN-CONTAINING // SUBFAMILY NOT NAMED,turquoise,NA,gene
Manes.08G067400.v8.1,Manes.08G067400,(1 of 5) PTHR23050:SF166 - CALMODULIN-5,turquoise,NA,gene
Manes.08G069300.v8.1,Manes.08G069300,(1 of 1) PTHR31669//PTHR31669:SF21 - FAMILY NOT NAMED // PROTEIN FAR-RED IMPAIRED RESPONSE 1,turquoise,NA,gene
Manes.08G069932.v8.1,Manes.08G069932,(1 of 2) PTHR22814//PTHR22814:SF94 - COPPER TRANSPORT PROTEIN ATOX1-RELATED // SUBFAMILY NOT NAMED,purple,NA,gene
Manes.08G070400.v8.1,Manes.08G070400,(1 of 1) PTHR11003//PTHR11003:SF121 - POTASSIUM CHANNEL; SUBFAMILY K // SUBFAMILY NOT NAMED,turquoise,NA,gene
Manes.08G068400.v8.1,Manes.08G068400,,turquoise,NA,gene
Manes.08G071300.v8.1,Manes.08G071300,(1 of 115) PF00226 - DnaJ domain (DnaJ),turquoise,NA,gene
Manes.08G070900.v8.1,Manes.08G070900,(1 of 2) PTHR13844//PTHR13844:SF14 - BRG-1 ASSOCIATED FACTOR 60  BAF60 // SUBFAMILY NOT NAMED,turquoise,NA,gene
Manes.08G073101.v8.1,Manes.08G073101,(1 of 15) PF00069//PF01453 - Protein kinase domain (Pkinase) // D-mannose binding lectin (B_lectin),purple,NA,gene
Manes.08G076550.v8.1,Manes.08G076550,(1 of 2) 2.5.1.1//2.5.1.10 - Dimethylallyltranstransferase / Prenyltransferase // (2E;6E)-farnesyl diphosphate synthase / Geranyltranstransferase,turquoise,carot,gene
Manes.08G076011.v8.1,Manes.08G076011,,turquoise,NA,gene
Manes.08G075015.v8.1,Manes.08G075015,(1 of 6) PTHR10579//PTHR10579:SF64 - CALCIUM-ACTIVATED CHLORIDE CHANNEL REGULATOR // SUBFAMILY NOT NAMED,turquoise,NA,gene
Manes.08G075525.v8.1,Manes.08G075525,(1 of 11) PF07676 - WD40-like Beta Propeller Repeat (PD40),purple,NA,gene
Manes.08G077200.v8.1,Manes.08G077200,(1 of 62) PF00892 - EamA-like transporter family (EamA),black,NA,gene
Manes.08G076675.v8.1,Manes.08G076675,,turquoise,NA,gene
Manes.08G077045.v8.1,Manes.08G077045,(1 of 3) PTHR10286:SF13 - INORGANIC PYROPHOSPHATASE-LIKE PROTEIN,turquoise,NA,gene
Manes.08G077415.v8.1,Manes.08G077415,(1 of 2) PTHR24098//PTHR24098:SF12 - FAMILY NOT NAMED // ACYL-COA N-ACYLTRANSFERASE WITH RING/FYVE/PHD-TYPE ZINC FINGER DOMAIN-CONTAINING PROTEIN,turquoise,NA,gene
Manes.08G078100.v8.1,Manes.08G078100,(1 of 2) PF09133 - SANTA (SANT Associated) (SANTA),turquoise,NA,gene
Manes.08G133801.v8.1,Manes.08G133801,(1 of 1) PTHR24559//PTHR24559:SF174//PTHR33827//PTHR33827:SF3 - FAMILY NOT NAMED // SUBFAMILY NOT NAMED // FAMILY NOT NAMED // PROTEIN SAWADEE HOMEODOMAIN HOMOLOG 2,turquoise,NA,gene
Manes.08G144941.v8.1,Manes.08G144941,,turquoise,NA,gene
Manes.08G156081.v8.1,Manes.08G156081,(1 of 2) PTHR14155:SF180 - RING/U-BOX DOMAIN-CONTAINING PROTEIN-RELATED,purple,NA,gene
Manes.08G078000.v8.1,Manes.08G078000,(1 of 2) PTHR23315:SF69 - U-BOX DOMAIN-CONTAINING PROTEIN 12-RELATED,turquoise,NA,gene
Manes.08G089000.v8.1,Manes.08G089000,(1 of 3) PTHR31636:SF14 - SCARECROW-LIKE PROTEIN 9,black,NA,gene
Manes.08G088900.v8.1,Manes.08G088900,(1 of 2) PTHR14194//PTHR14194:SF78 - NITROGEN METABOLIC REGULATION PROTEIN NMR-RELATED // SUBFAMILY NOT NAMED,turquoise,NA,gene
Manes.08G079700.v8.1,Manes.08G079700,(1 of 48) PF04535 - Domain of unknown function (DUF588) (DUF588),turquoise,NA,gene
Manes.08G080901.v8.1,Manes.08G080901,(1 of 4) 1.1.1.210 - 3-beta-(or 20-alpha)-hydroxysteroid dehydrogenase / Progesterone reductase,turquoise,NA,gene
Manes.08G079600.v8.1,Manes.08G079600,(1 of 4) 1.1.1.210 - 3-beta-(or 20-alpha)-hydroxysteroid dehydrogenase / Progesterone reductase,turquoise,NA,gene
Manes.08G086300.v8.1,Manes.08G086300,,turquoise,NA,gene
Manes.08G078700.v8.1,Manes.08G078700,(1 of 5) PTHR11654:SF79 - PROTEIN NRT1/ PTR FAMILY 5.5-RELATED,turquoise,NA,gene
Manes.08G082200.v8.1,Manes.08G082200,,turquoise,NA,gene
Manes.08G082900.v8.1,Manes.08G082900,(1 of 3) PTHR21290//PTHR21290:SF29 - SPHINGOMYELIN SYNTHETASE // SUBFAMILY NOT NAMED,black,NA,gene
Manes.08G086700.v8.1,Manes.08G086700,(1 of 1) PTHR15852//PTHR15852:SF20 - FAMILY NOT NAMED // CHAPERONE PROTEIN DNAJ-LIKE PROTEIN,purple,NA,gene
Manes.08G087100.v8.1,Manes.08G087100,(1 of 2) K01962 - acetyl-CoA carboxylase carboxyl transferase subunit alpha (accA),turquoise,NA,gene
Manes.08G087700.v8.1,Manes.08G087700,(1 of 1) PTHR22847//PTHR22847:SF430 - WD40 REPEAT PROTEIN // MZB10.11 PROTEIN-RELATED,turquoise,NA,gene
Manes.08G087900.v8.1,Manes.08G087900,(1 of 599) PF13041 - PPR repeat family (PPR_2),turquoise,NA,gene
Manes.08G089100.v8.1,Manes.08G089100,(1 of 12) 2.3.1.99 - Quinate O-hydroxycinnamoyltransferase / Hydroxycinnamoyl coenzyme A-quinate transferase,turquoise,NA,gene
Manes.08G091200.v8.1,Manes.08G091200,(1 of 3) PTHR10639:SF10 - CLATHRIN LIGHT CHAIN 2,black,NA,gene
Manes.08G092200.v8.1,Manes.08G092200,(1 of 3) PTHR14209//PTHR14209:SF8 - ISOAMYL ACETATE-HYDROLYZING ESTERASE 1 // GDSL ESTERASE/LIPASE CPRD49,turquoise,NA,gene
Manes.08G093100.v8.1,Manes.08G093100,(1 of 2) K08518 - syntaxin-binding protein 5 (STXBP5),turquoise,NA,gene
Manes.08G093500.v8.1,Manes.08G093500,(1 of 4) 3.1.3.66 - Phosphatidylinositol-3;4-bisphosphate 4-phosphatase / Phosphoinositide 4-phosphatase,turquoise,NA,gene
Manes.08G094100.v8.1,Manes.08G094100,(1 of 1) K15100 - solute carrier family 25 (mitochondrial citrate transporter); member 1 (SLC25A1; CTP),turquoise,NA,gene
Manes.08G094300.v8.1,Manes.08G094300,(1 of 1) PTHR24078:SF229 - DNAJ DOMAIN-CONTAINING PROTEIN,turquoise,NA,gene
Manes.08G095000.v8.1,Manes.08G095000,(1 of 3) PTHR11730//PTHR11730:SF38 - AMMONIUM TRANSPORTER // AMMONIUM TRANSPORTER 2,turquoise,NA,gene
Manes.08G095600.v8.1,Manes.08G095600,(1 of 4) K08059 - interferon; gamma-inducible protein 30 (IFI30; GILT),turquoise,NA,gene
Manes.08G095800.v8.1,Manes.08G095800,(1 of 2) PTHR11431//PTHR11431:SF44 - FERRITIN // SUBFAMILY NOT NAMED,turquoise,NA,gene
Manes.08G096900.v8.1,Manes.08G096900,(1 of 2) PTHR31241:SF2 - DEHYDRATION-RESPONSIVE ELEMENT-BINDING PROTEIN 2A-RELATED,purple,NA,gene
Manes.08G097000.v8.1,Manes.08G097000,(1 of 5) 5.3.3.12 - L-dopachrome isomerase / Tyrosinase-related protein 2,turquoise,NA,gene
Manes.08G097800.v8.1,Manes.08G097800,(1 of 2) PF07082 - Protein of unknown function (DUF1350) (DUF1350),turquoise,NA,gene
Manes.08G097900.v8.1,Manes.08G097900,,turquoise,NA,gene
Manes.08G098200.v8.1,Manes.08G098200,(1 of 1) K11092 - U2 small nuclear ribonucleoprotein A' (SNRPA1),turquoise,NA,gene
Manes.08G098400.v8.1,Manes.08G098400,(1 of 3) K03265 - peptide chain release factor subunit 1 (ETF1; ERF1),turquoise,NA,gene
Manes.08G101300.v8.1,Manes.08G101300,(1 of 196) PF00847 - AP2 domain (AP2),turquoise,NA,gene
Manes.08G102000.v8.1,Manes.08G102000,(1 of 47) 2.7.10.1//2.7.11.1 - Receptor protein-tyrosine kinase / Receptor protein tyrosine kinase // Non-specific serine/threonine protein kinase / Threonine-specific protein kinase,black,NA,gene
Manes.08G102600.v8.1,Manes.08G102600,(1 of 2) PTHR10825//PTHR10825:SF23 - RING FINGER DOMAIN-CONTAINING; POLYCOMB GROUP COMPONENT // RING FINGER PROTEIN,turquoise,NA,gene
Manes.08G103000.v8.1,Manes.08G103000,(1 of 1) PTHR31969//PTHR31969:SF3 - FAMILY NOT NAMED // GEM-LIKE PROTEIN 5,purple,NA,gene
Manes.08G103200.v8.1,Manes.08G103200,(1 of 2) PF10601 - LITAF-like zinc ribbon domain (zf-LITAF-like),turquoise,NA,gene
Manes.08G103500.v8.1,Manes.08G103500,(1 of 3) PTHR31717:SF3 - ZINC FINGER PROTEIN CONSTANS-LIKE 14-RELATED,turquoise,NA,gene
Manes.08G103900.v8.1,Manes.08G103900,,turquoise,NA,gene
Manes.08G105000.v8.1,Manes.08G105000,,turquoise,NA,gene
Manes.08G105200.v8.1,Manes.08G105200,(1 of 5) 2.4.1.173 - Sterol 3-beta-glucosyltransferase,turquoise,NA,gene
Manes.08G105600.v8.1,Manes.08G105600,(1 of 3) PF00646//PF14299 - F-box domain (F-box) // Phloem protein 2 (PP2),purple,NA,gene
Manes.08G105800.v8.1,Manes.08G105800,(1 of 1) PTHR23423//PTHR23423:SF35 - ORGANIC SOLUTE TRANSPORTER-RELATED // SUBFAMILY NOT NAMED,turquoise,NA,gene
Manes.08G106300.v8.1,Manes.08G106300,(1 of 3) K01885 - glutamyl-tRNA synthetase (EARS; gltX),turquoise,NA,gene
Manes.08G106500.v8.1,Manes.08G106500,(1 of 1) PTHR13285//PTHR13285:SF18 - ACYLTRANSFERASE // PROTEIN-CYSTEINE N-PALMITOYLTRANSFERASE RASP,turquoise,NA,gene
Manes.08G106600.v8.1,Manes.08G106600,(1 of 1) PTHR11081//PTHR11081:SF30//PTHR11081:SF9 - XP-G/RAD2 DNA REPAIR ENDONUCLEASE FAMILY // SUBFAMILY NOT NAMED // FLAP ENDONUCLEASE 1,turquoise,NA,gene
Manes.08G107100.v8.1,Manes.08G107100,(1 of 3) PTHR12565//PTHR12565:SF178 - STEROL REGULATORY ELEMENT-BINDING PROTEIN // TRANSCRIPTION FACTOR PIF3,turquoise,NA,gene
Manes.08G107700.v8.1,Manes.08G107700,(1 of 2) PTHR34451:SF2 - GENOMIC DNA; CHROMOSOME 3; P1 CLONE:MTO12,turquoise,NA,gene
Manes.08G108000.v8.1,Manes.08G108000,(1 of 2) PTHR32227//PTHR32227:SF118 - FAMILY NOT NAMED // CARBOHYDRATE-BINDING X8 DOMAIN-CONTAINING PROTEIN,purple,NA,gene
Manes.08G108500.v8.1,Manes.08G108500,(1 of 3) K00924//K03083 - uncharacterized protein (E2.7.1.-) // glycogen synthase kinase 3 beta (GSK3B),turquoise,NA,gene
Manes.08G108700.v8.1,Manes.08G108700,(1 of 1) K13152 - U11/U12 small nuclear ribonucleoprotein 20 kDa protein (ZMAT5),black,NA,gene
Manes.08G108800.v8.1,Manes.08G108800,(1 of 1) PTHR31375:SF13 - PECTIN LYASE-LIKE PROTEIN,purple,carb,gene
Manes.08G109100.v8.1,Manes.08G109100,(1 of 10) PF01535//PF13041//PF13812//PF14432 - PPR repeat (PPR) // PPR repeat family (PPR_2) // Pentatricopeptide repeat domain (PPR_3) // DYW family of nucleic acid deaminases (DYW_deaminase),turquoise,NA,gene
Manes.08G110000.v8.1,Manes.08G110000,(1 of 1) PTHR22778:SF0 - OVARIAN CANCER-ASSOCIATED GENE 2 PROTEIN,turquoise,NA,gene
Manes.08G110500.v8.1,Manes.08G110500,(1 of 3) PTHR33124//PTHR33124:SF12 - FAMILY NOT NAMED // TRANSCRIPTION FACTOR BHLH147-RELATED,turquoise,NA,gene
Manes.08G112100.v8.1,Manes.08G112100,(1 of 1) PTHR11711//PTHR11711:SF194 - ADP RIBOSYLATION FACTOR-RELATED // SUBFAMILY NOT NAMED,turquoise,NA,gene
Manes.08G112700.v8.1,Manes.08G112700,(1 of 1) PTHR13620//PTHR13620:SF15 - 3-5 EXONUCLEASE // EXONUCLEASE MUT-7 HOMOLOG-RELATED,turquoise,NA,gene
Manes.08G113300.v8.1,Manes.08G113300,(1 of 3) PTHR10071:SF203 - GATA TRANSCRIPTION FACTOR 15-RELATED,black,NA,gene
Manes.08G113500.v8.1,Manes.08G113500,(1 of 2) PTHR22937:SF39 - E3 UBIQUITIN-PROTEIN LIGASE TOPORS-RELATED,turquoise,NA,gene
Manes.08G113700.v8.1,Manes.08G113700,(1 of 2) PTHR22937//PTHR22937:SF39 - RING FINGER CONTAINING PROTEIN // E3 UBIQUITIN-PROTEIN LIGASE TOPORS-RELATED,turquoise,NA,gene
Manes.08G114000.v8.1,Manes.08G114000,(1 of 4) PTHR13832:SF158 - PROTEIN PHOSPHATASE 2C 5-RELATED,turquoise,NA,gene
Manes.08G114700.v8.1,Manes.08G114700,(1 of 3) PTHR18896//PTHR18896:SF64 - PHOSPHOLIPASE D // PHOSPHOLIPASE D P2,turquoise,NA,gene
Manes.08G115600.v8.1,Manes.08G115600,,turquoise,NA,gene
Manes.08G115900.v8.1,Manes.08G115900,(1 of 4) K02883 - large subunit ribosomal protein L18e (RP-L18e; RPL18),turquoise,NA,gene
Manes.08G116100.v8.1,Manes.08G116100,(1 of 1) K02883//K07575 - large subunit ribosomal protein L18e (RP-L18e; RPL18) // PUA domain protein (K07575),turquoise,NA,gene
Manes.08G116600.v8.1,Manes.08G116600,(1 of 2) PTHR33565//PTHR33565:SF1 - FAMILY NOT NAMED // DORMANCY/AUXIN ASSOCIATED PROTEIN,turquoise,NA,gene
Manes.08G116611.v8.1,Manes.08G116611,(1 of 2) PTHR12899//PTHR12899:SF10 - 39S RIBOSOMAL PROTEIN L18; MITOCHONDRIAL // SUBFAMILY NOT NAMED,turquoise,NA,gene
Manes.08G116900.v8.1,Manes.08G116900,(1 of 5) PF04588 - Hypoxia induced protein conserved region (HIG_1_N),turquoise,NA,gene
Manes.08G117300.v8.1,Manes.08G117300,(1 of 1) PF16401 - Domain of unknown function (DUF5009) (DUF5009),black,NA,gene
Manes.08G117800.v8.1,Manes.08G117800,(1 of 5) PF05755 - Rubber elongation factor protein (REF) (REF),purple,NA,gene
Manes.08G118100.v8.1,Manes.08G118100,(1 of 1) K10994 - cell cycle checkpoint control protein RAD9A [EC:3.1.11.2] (RAD9A),turquoise,NA,gene
Manes.08G118600.v8.1,Manes.08G118600,(1 of 2) PTHR23213//PTHR23213:SF177 - FORMIN-RELATED // FORMIN-LIKE PROTEIN 11,turquoise,NA,gene
Manes.08G119900.v8.1,Manes.08G119900,,turquoise,NA,gene
Manes.08G120000.v8.1,Manes.08G120000,(1 of 2) PTHR11932:SF72 - CULLIN-1-RELATED,turquoise,NA,gene
Manes.08G120200.v8.1,Manes.08G120200,(1 of 1) K12271 - signal recognition particle 43 kDa protein (SRP43; CAO),turquoise,NA,gene
Manes.08G120500.v8.1,Manes.08G120500,(1 of 1) 3.2.1.152 - Mannosylglycoprotein endo-beta-mannosidase / Endo-beta-mannosidase,turquoise,NA,gene
Manes.08G120700.v8.1,Manes.08G120700,(1 of 2) K14800 - pre-rRNA-processing protein TSR2 (TSR2),turquoise,NA,gene
Manes.08G120900.v8.1,Manes.08G120900,(1 of 3) PTHR24361:SF315 - MAP KINASE KINASE KINASE SSK2-RELATED,turquoise,NA,gene
Manes.08G121100.v8.1,Manes.08G121100,(1 of 3) PTHR15615:SF20 - CYCLIN FAMILY PROTEIN-RELATED,turquoise,NA,gene
Manes.08G121301.v8.1,Manes.08G121301,(1 of 3) PTHR24089//PTHR24089:SF282 - FAMILY NOT NAMED // PEROXISOMAL ADENINE NUCLEOTIDE CARRIER 1-RELATED,turquoise,NA,gene
Manes.08G121400.v8.1,Manes.08G121400,(1 of 3) KOG3114 - Uncharacterized conserved protein,turquoise,NA,gene
Manes.08G124100.v8.1,Manes.08G124100,(1 of 10) K08145 - MFS transporter; SP family; solute carrier family 2 (facilitated glucose transporter); member 8 (SLC2A8; GLUT8),turquoise,NA,gene
Manes.08G125400.v8.1,Manes.08G125400,(1 of 4) K04565 - superoxide dismutase; Cu-Zn family (SOD1),turquoise,NA,gene
Manes.08G125500.v8.1,Manes.08G125500,,turquoise,NA,gene
Manes.08G126000.v8.1,Manes.08G126000,(1 of 4) PTHR24056//PTHR24056:SF176 - CELL DIVISION PROTEIN KINASE // SUBFAMILY NOT NAMED,turquoise,NA,gene
Manes.08G126500.v8.1,Manes.08G126500,(1 of 1) PTHR19862//PTHR19862:SF14 - FAMILY NOT NAMED // WD REPEAT-CONTAINING PROTEIN 48,turquoise,NA,gene
Manes.08G126700.v8.1,Manes.08G126700,(1 of 2) PTHR23257//PTHR23257:SF440 - SERINE-THREONINE PROTEIN KINASE // SUBFAMILY NOT NAMED,turquoise,NA,gene
Manes.08G127300.v8.1,Manes.08G127300,(1 of 2) 2.5.1.52 - L-mimosine synthase / O(3)-acetyl-L-serine acetate-lyase (adding 3;4-dihydroxypyridin-1-yl),black,NA,gene
Manes.08G127400.v8.1,Manes.08G127400,(1 of 3) K12619 - 5'-3' exoribonuclease 2 (XRN2; RAT1),turquoise,NA,gene
Manes.08G127600.v8.1,Manes.08G127600,(1 of 1) PTHR13803:SF4 - SEC24,turquoise,NA,gene
Manes.08G127700.v8.1,Manes.08G127700,(1 of 2) 3.5.4.3 - Guanine deaminase / Guanine aminase,turquoise,NA,gene
Manes.08G127900.v8.1,Manes.08G127900,(1 of 3) PF07466 - Protein of unknown function (DUF1517) (DUF1517),turquoise,NA,gene
Manes.08G128600.v8.1,Manes.08G128600,(1 of 1) PF00561//PF03096 - alpha/beta hydrolase fold (Abhydrolase_1) // Ndr family (Ndr),turquoise,NA,gene
Manes.08G132100.v8.1,Manes.08G132100,(1 of 1) PTHR12760:SF0 - ER MEMBRANE PROTEIN COMPLEX SUBUNIT 2,turquoise,NA,gene
Manes.08G133100.v8.1,Manes.08G133100,(1 of 1) K01456 - peptide-N4-(N-acetyl-beta-glucosaminyl)asparagine amidase (E3.5.1.52; NGLY1; PNG1),turquoise,NA,gene
Manes.08G133300.v8.1,Manes.08G133300,(1 of 10) 1.1.1.317 - Perakine reductase,turquoise,NA,gene
Manes.08G133800.v8.1,Manes.08G133800,(1 of 10) 1.1.1.317 - Perakine reductase,turquoise,NA,gene
Manes.08G134300.v8.1,Manes.08G134300,,purple,NA,gene
Manes.08G135000.v8.1,Manes.08G135000,(1 of 2) PTHR31734:SF28 - AUXIN-RESPONSIVE PROTEIN IAA16,turquoise,NA,gene
Manes.08G135100.v8.1,Manes.08G135100,(1 of 4) PTHR22595//PTHR22595:SF62 - CHITINASE-RELATED // HEVEIN-LIKE PREPROPROTEIN,turquoise,NA,gene
Manes.08G135700.v8.1,Manes.08G135700,(1 of 2) K09550 - prefoldin subunit 4 (PFDN4),turquoise,NA,gene
Manes.08G135900.v8.1,Manes.08G135900,(1 of 1) KOG0265//KOG0271 - U5 snRNP-specific protein-like factor and related proteins // Notchless-like WD40 repeat-containing protein,turquoise,NA,gene
Manes.08G136000.v8.1,Manes.08G136000,(1 of 1) PTHR22904//PTHR22904:SF361 - TPR REPEAT CONTAINING PROTEIN // SUBFAMILY NOT NAMED,turquoise,NA,gene
Manes.08G136200.v8.1,Manes.08G136200,(1 of 1) PTHR11467//PTHR11467:SF48//PTHR11467:SF54 - HISTONE H1/H5 // HISTONE H1.1-RELATED // SUBFAMILY NOT NAMED,turquoise,NA,gene
Manes.08G136300.v8.1,Manes.08G136300,(1 of 1) PTHR11467//PTHR11467:SF48 - HISTONE H1/H5 // HISTONE H1.1-RELATED,turquoise,NA,gene
Manes.08G136500.v8.1,Manes.08G136500,(1 of 2) PTHR31358//PTHR31358:SF4 - FAMILY NOT NAMED // PROTEIN WAVE-DAMPENED 2-RELATED,turquoise,NA,gene
Manes.08G136700.v8.1,Manes.08G136700,(1 of 3) PTHR10288//PTHR10288:SF155 - KH DOMAIN CONTAINING RNA BINDING PROTEIN // SUBFAMILY NOT NAMED,turquoise,NA,gene
Manes.08G136800.v8.1,Manes.08G136800,(1 of 21) PF04576 - Zein-binding (Zein-binding),turquoise,NA,gene
Manes.08G137900.v8.1,Manes.08G137900,,turquoise,NA,gene
Manes.08G139200.v8.1,Manes.08G139200,(1 of 2) 4.1.2.48 - Low-specificity L-threonine aldolase,turquoise,NA,gene
Manes.08G139500.v8.1,Manes.08G139500,(1 of 1) K14137 - protein prenyltransferase alpha subunit repeat containing protein 1 (PTAR1),turquoise,NA,gene
Manes.08G139600.v8.1,Manes.08G139600,(1 of 4) PTHR11909//PTHR11909:SF178 - CASEIN KINASE-RELATED // CASEIN KINASE 1-LIKE PROTEIN 8,turquoise,NA,gene
Manes.08G140000.v8.1,Manes.08G140000,(1 of 1) PTHR13132:SF29 - ALPHA-(1;6)-FUCOSYLTRANSFERASE,black,NA,gene
Manes.08G140800.v8.1,Manes.08G140800,(1 of 13) PF00646//PF08387 - F-box domain (F-box) // FBD (FBD),turquoise,NA,gene
Manes.08G141200.v8.1,Manes.08G141200,(1 of 1) PTHR23076//PTHR23076:SF58 - METALLOPROTEASE M41 FTSH // FTSH EXTRACELLULAR PROTEASE FAMILY PROTEIN,turquoise,NA,gene
Manes.08G141900.v8.1,Manes.08G141900,(1 of 3) K03012 - DNA-directed RNA polymerase II subunit RPB4 (RPB4; POLR2D),turquoise,NA,gene
Manes.08G142200.v8.1,Manes.08G142200,(1 of 2) K07573 - exosome complex component CSL4 (CSL4; EXOSC1),turquoise,NA,gene
Manes.08G142800.v8.1,Manes.08G142800,(1 of 2) K09667 - protein O-GlcNAc transferase (OGT),turquoise,NA,gene
Manes.08G142925.v8.1,Manes.08G142925,(1 of 39) PTHR31238:SF44 - GERMIN-LIKE PROTEIN SUBFAMILY 1 MEMBER 13-RELATED,turquoise,NA,gene
Manes.08G148000.v8.1,Manes.08G148000,(1 of 2) PTHR31744:SF10 - NAC DOMAIN CONTAINING PROTEIN 87,turquoise,NA,gene
Manes.08G148300.v8.1,Manes.08G148300,(1 of 2) PTHR31150//PTHR31150:SF9 - FAMILY NOT NAMED // PROTEIN BINDING / ZINC ION BINDING PROTEIN,turquoise,NA,gene
Manes.08G149900.v8.1,Manes.08G149900,(1 of 10) PF01535//PF13041//PF13812//PF14432 - PPR repeat (PPR) // PPR repeat family (PPR_2) // Pentatricopeptide repeat domain (PPR_3) // DYW family of nucleic acid deaminases (DYW_deaminase),turquoise,NA,gene
Manes.08G144100.v8.1,Manes.08G144100,(1 of 4) 1.4.1.3 - Glutamate dehydrogenase (NAD(P)(+)) / Glutamic dehydrogenase,black,NA,gene
Manes.08G144800.v8.1,Manes.08G144800,(1 of 14) PF07797 - Protein of unknown function (DUF1639) (DUF1639),turquoise,NA,gene
Manes.08G145100.v8.1,Manes.08G145100,(1 of 2) PTHR18929:SF84 - 5'-ADENYLYLSULFATE REDUCTASE-LIKE 5-RELATED,turquoise,NA,gene
Manes.08G145700.v8.1,Manes.08G145700,(1 of 2) PTHR31741//PTHR31741:SF6 - FAMILY NOT NAMED // O-FUCOSYLTRANSFERASE-LIKE PROTEIN,turquoise,NA,gene
Manes.08G145800.v8.1,Manes.08G145800,(1 of 3) PTHR19957//PTHR19957:SF131 - SYNTAXIN // SUBFAMILY NOT NAMED,black,NA,gene
Manes.08G145900.v8.1,Manes.08G145900,,purple,NA,gene
Manes.08G154800.v8.1,Manes.08G154800,(1 of 1) K17583 - nucleolar MIF4G domain-containing protein 1 (NOM1),turquoise,NA,gene
Manes.08G154300.v8.1,Manes.08G154300,(1 of 1) K12591 - exosome complex exonuclease RRP6 (RRP6; EXOSC10),turquoise,NA,gene
Manes.08G154200.v8.1,Manes.08G154200,(1 of 4) K10573 - ubiquitin-conjugating enzyme E2 A (UBE2A; UBC2; RAD6A),turquoise,NA,gene
Manes.08G154000.v8.1,Manes.08G154000,(1 of 2) PTHR34357:SF2 - F7A19.14 PROTEIN-RELATED,turquoise,NA,gene
Manes.08G152900.v8.1,Manes.08G152900,(1 of 2) PTHR12266//PTHR12266:SF8 - NA+/CA2+ K+ INDEPENDENT EXCHANGER // CATION/CALCIUM EXCHANGER 2,turquoise,NA,gene
Manes.08G152300.v8.1,Manes.08G152300,(1 of 1) PTHR11618//PTHR11618:SF4 - TRANSCRIPTION INITIATION FACTOR IIB-RELATED // TRANSCRIPTION FACTOR IIIB 90 KDA SUBUNIT,turquoise,NA,gene
Manes.08G151800.v8.1,Manes.08G151800,(1 of 4) PTHR10641//PTHR10641:SF473 - MYB-LIKE DNA-BINDING PROTEIN MYB // MYB TRANSCRIPTION FACTOR,black,NA,gene
Manes.08G150500.v8.1,Manes.08G150500,(1 of 3) K03687 - molecular chaperone GrpE (GRPE),turquoise,NA,gene
Manes.08G155500.v8.1,Manes.08G155500,(1 of 2) PTHR12771//PTHR12771:SF25 - ENGULFMENT AND CELL MOTILITY // SUBFAMILY NOT NAMED,turquoise,NA,gene
Manes.08G155700.v8.1,Manes.08G155700,(1 of 4) PTHR33870//PTHR33870:SF4 - FAMILY NOT NAMED // GB|AAC35233.1|-RELATED,turquoise,NA,gene
Manes.08G155800.v8.1,Manes.08G155800,(1 of 1) K15192 - TATA-binding protein-associated factor [EC:3.6.4.-] (BTAF1; MOT1),turquoise,NA,gene
Manes.08G155900.v8.1,Manes.08G155900,(1 of 18) K08472 - mlo protein (MLO),turquoise,NA,gene
Manes.08G156200.v8.1,Manes.08G156200,(1 of 52) PF00385 - Chromo (CHRromatin Organisation MOdifier) domain (Chromo),turquoise,NA,gene
Manes.08G156300.v8.1,Manes.08G156300,(1 of 1) PTHR30603//PTHR30603:SF25 - RNA POLYMERASE SIGMA FACTOR RPO // SUBFAMILY NOT NAMED,turquoise,NA,gene
Manes.08G156800.v8.1,Manes.08G156800,(1 of 2) K17292 - tubulin-specific chaperone A (TBCA),turquoise,NA,gene
Manes.08G157800.v8.1,Manes.08G157800,(1 of 2) PTHR14155//PTHR14155:SF159 - RING FINGER DOMAIN-CONTAINING // SUBFAMILY NOT NAMED,turquoise,NA,gene
Manes.08G157900.v8.1,Manes.08G157900,(1 of 2) PTHR31956//PTHR31956:SF1 - FAMILY NOT NAMED // NON-SPECIFIC PHOSPHOLIPASE C3-RELATED,purple,NA,gene
Manes.08G158200.v8.1,Manes.08G158200,(1 of 1) PTHR10060//PTHR10060:SF24 - TATD FAMILY DEOXYRIBONUCLEASE // DEOXYRIBONUCLEASE TATDN3-RELATED,turquoise,NA,gene
Manes.08G158300.v8.1,Manes.08G158300,(1 of 1) PTHR10887//PTHR10887:SF320 - DNA2/NAM7 HELICASE FAMILY // P-LOOP CONTAINING NUCLEOSIDE TRIPHOSPHATE HYDROLASES SUPERFAMILY PROTEIN,turquoise,NA,gene
Manes.08G159400.v8.1,Manes.08G159400,(1 of 38) PF01535//PF12854//PF13041 - PPR repeat (PPR) // PPR repeat (PPR_1) // PPR repeat family (PPR_2),turquoise,NA,gene
Manes.08G159500.v8.1,Manes.08G159500,(1 of 1) PTHR13718//PTHR13718:SF63 - RIBOSOMAL S SUBUNIT // SUBFAMILY NOT NAMED,turquoise,NA,gene
Manes.08G159750.v8.1,Manes.08G159750,(1 of 366) PF00067 - Cytochrome P450 (p450),turquoise,NA,gene
Manes.08G160100.v8.1,Manes.08G160100,(1 of 4) PTHR11260//PTHR11260:SF254 - GLUTATHIONE S-TRANSFERASE; GST; SUPERFAMILY; GST DOMAIN CONTAINING // GLUTATHIONE S-TRANSFERASE U8,turquoise,NA,gene
Manes.08G160111.v8.1,Manes.08G160111,(1 of 4) PTHR11260:SF254 - GLUTATHIONE S-TRANSFERASE U8,turquoise,NA,gene
Manes.08G160200.v8.1,Manes.08G160200,(1 of 2) PF15249 - Conserved region of unknown function on GLTSCR protein (GLTSCR1),turquoise,NA,gene
Manes.08G160400.v8.1,Manes.08G160400,(1 of 1) 2.1.1.95 - Tocopherol O-methyltransferase,turquoise,NA,gene
Manes.08G160900.v8.1,Manes.08G160900,(1 of 1) KOG2417 - Predicted G-protein coupled receptor,turquoise,NA,gene
Manes.08G161100.v8.1,Manes.08G161100,,turquoise,NA,gene
Manes.08G161900.v8.1,Manes.08G161900,(1 of 11) PF01612 - 3'-5' exonuclease (DNA_pol_A_exo1),purple,NA,gene
Manes.08G162000.v8.1,Manes.08G162000,,turquoise,NA,gene
Manes.08G162200.v8.1,Manes.08G162200,(1 of 1) PTHR32518//PTHR32518:SF3 - FAMILY NOT NAMED // 4-ALPHA-GLUCANOTRANSFERASE DPE2,turquoise,carb,gene
Manes.08G162401.v8.1,Manes.08G162401,(1 of 1) K11292 - transcription elongation factor SPT6 (SUPT6H; SPT6),turquoise,NA,gene
Manes.08G163200.v8.1,Manes.08G163200,(1 of 1) K12930 - anthocyanidin 3-O-glucosyltransferase (BZ1),black,NA,gene
Manes.08G163700.v8.1,Manes.08G163700,(1 of 5) PF13401 - AAA domain (AAA_22),turquoise,NA,gene
Manes.08G164000.v8.1,Manes.08G164000,(1 of 2) PTHR22847//PTHR22847:SF441 - WD40 REPEAT PROTEIN // SUBFAMILY NOT NAMED,turquoise,NA,gene
Manes.08G165200.v8.1,Manes.08G165200,(1 of 52) PF01535//PF13041//PF13812 - PPR repeat (PPR) // PPR repeat family (PPR_2) // Pentatricopeptide repeat domain (PPR_3),turquoise,NA,gene
Manes.08G165900.v8.1,Manes.08G165900,(1 of 2) PTHR23324//PTHR23324:SF45 - SEC14 RELATED PROTEIN // SUBFAMILY NOT NAMED,turquoise,NA,gene
Manes.08G166200.v8.1,Manes.08G166200,(1 of 21) PF04525 - LURP-one-related (LOR),turquoise,NA,gene
Manes.08G167000.v8.1,Manes.08G167000,,turquoise,NA,gene
Manes.08G168000.v8.1,Manes.08G168000,,turquoise,NA,gene
Manes.08G168100.v8.1,Manes.08G168100,(1 of 2) PTHR11208//PTHR11208:SF59 - RNA-BINDING PROTEIN RELATED // SUBFAMILY NOT NAMED,turquoise,NA,gene
Manes.08G168200.v8.1,Manes.08G168200,(1 of 10) PF11891 - Domain of unknown function (DUF3411) (DUF3411),turquoise,NA,gene
Manes.08G168800.v8.1,Manes.08G168800,(1 of 5) PTHR27003//PTHR27003:SF36 - FAMILY NOT NAMED // LEUCINE-RICH REPEAT PROTEIN KINASE-LIKE PROTEIN,turquoise,NA,gene
Manes.08G168900.v8.1,Manes.08G168900,(1 of 1) PTHR23091//PTHR23091:SF229 - N-TERMINAL ACETYLTRANSFERASE // ACETYLTRANSFERASE NSI,turquoise,NA,gene
Manes.08G169800.v8.1,Manes.08G169800,(1 of 14) K06689 - ubiquitin-conjugating enzyme E2 D/E (UBE2D_E; UBC4; UBC5),turquoise,NA,gene
Manes.08G170000.v8.1,Manes.08G170000,(1 of 2) PTHR10438//PTHR10438:SF240 - THIOREDOXIN // THIOREDOXIN H9,turquoise,NA,gene
Manes.08G170300.v8.1,Manes.08G170300,(1 of 4) K04688 - p70 ribosomal S6 kinase (RPS6KB),turquoise,NA,gene
Manes.08G170400.v8.1,Manes.08G170400,(1 of 3) K03145 - transcription elongation factor S-II (TFIIS),purple,NA,gene
Manes.08G170800.v8.1,Manes.08G170800,(1 of 2) PTHR22765//PTHR22765:SF58 - RING FINGER AND PROTEASE ASSOCIATED DOMAIN-CONTAINING // VACUOLAR-SORTING RECEPTOR 1-RELATED,turquoise,NA,gene
Manes.08G171800.v8.1,Manes.08G171800,(1 of 25) PF00234 - Protease inhibitor/seed storage/LTP family (Tryp_alpha_amyl),turquoise,NA,gene
Manes.08G173900.v8.1,Manes.08G173900,(1 of 2) PTHR13902//PTHR13902:SF68 - SERINE/THREONINE-PROTEIN KINASE WNK  WITH NO LYSINE -RELATED // SUBFAMILY NOT NAMED,turquoise,NA,gene
Manes.08G173400.v8.1,Manes.08G173400,(1 of 2) PTHR24347//PTHR24347:SF189 - SERINE/THREONINE-PROTEIN KINASE // SUBFAMILY NOT NAMED,turquoise,NA,gene
Manes.08G173300.v8.1,Manes.08G173300,(1 of 5) PTHR24347//PTHR24347:SF167 - SERINE/THREONINE-PROTEIN KINASE // CBL-INTERACTING SERINE/THREONINE-PROTEIN KINASE 2,turquoise,NA,gene
Manes.08G173200.v8.1,Manes.08G173200,(1 of 2) K12382 - saposin (PSAP; SGP1),turquoise,NA,gene
Manes.08G172900.v8.1,Manes.08G172900,(1 of 3) K00827 - alanine-glyoxylate transaminase / (R)-3-amino-2-methylpropionate-pyruvate transaminase (AGXT2),black,NA,gene
Manes.08G174200.v8.1,Manes.08G174200,,turquoise,NA,gene
Manes.09G001200.v8.1,Manes.09G001200,(1 of 1) PTHR12103:SF12 - 5'-NUCLEOTIDASE DOMAIN-CONTAINING PROTEIN DDB_G0275467,turquoise,NA,gene
Manes.09G001501.v8.1,Manes.09G001501,,turquoise,NA,gene
Manes.09G000900.v8.1,Manes.09G000900,(1 of 2) PTHR32116:SF3 - GALACTURONOSYLTRANSFERASE 3-RELATED,turquoise,NA,gene
Manes.09G000600.v8.1,Manes.09G000600,(1 of 2) PTHR24078//PTHR24078:SF262 - DNAJ HOMOLOG SUBFAMILY C MEMBER // SUBFAMILY NOT NAMED,turquoise,NA,gene
Manes.09G003100.v8.1,Manes.09G003100,(1 of 1) PTHR10277//PTHR10277:SF38 - HOMOCITRATE SYNTHASE-RELATED // SUBFAMILY NOT NAMED,turquoise,NA,gene
Manes.09G003600.v8.1,Manes.09G003600,(1 of 2) K14819 - dual specificity phosphatase 12 [EC:3.1.3.16 3.1.3.48] (DUSP12; YVH1),turquoise,NA,gene
Manes.09G004100.v8.1,Manes.09G004100,(1 of 1) PTHR22426//PTHR22426:SF1 - UNCHARACTERIZED // LYSINE-RICH NUCLEOLAR PROTEIN 1,turquoise,NA,gene
Manes.09G004200.v8.1,Manes.09G004200,(1 of 446) PF01535 - PPR repeat (PPR),turquoise,NA,gene
Manes.09G006700.v8.1,Manes.09G006700,(1 of 1) PTHR10426//PTHR10426:SF22 - STRICTOSIDINE SYNTHASE-RELATED // SUBFAMILY NOT NAMED,turquoise,NA,gene
Manes.09G007200.v8.1,Manes.09G007200,(1 of 1) K17262 - tubulin-folding cofactor B (TBCB; CKAP1; ALF1),black,NA,gene
Manes.09G007400.v8.1,Manes.09G007400,(1 of 7) PTHR27004//PTHR27004:SF21 - FAMILY NOT NAMED // DISEASE RESISTANCE-LIKE PROTEIN/LRR DOMAIN-CONTAINING PROTEIN,turquoise,NA,gene
Manes.09G008400.v8.1,Manes.09G008400,(1 of 4) K14508 - regulatory protein NPR1 (NPR1),turquoise,NA,gene
Manes.09G008550.v8.1,Manes.09G008550,(1 of 1) PTHR32108:SF0 - DNA-DIRECTED RNA POLYMERASE SUBUNIT ALPHA,turquoise,NA,gene
Manes.09G009100.v8.1,Manes.09G009100,(1 of 44) K13448 - calcium-binding protein CML (CML),purple,NA,gene
Manes.09G009300.v8.1,Manes.09G009300,(1 of 2) K14674 - TAG lipase / steryl ester hydrolase / phospholipase A2 / LPA acyltransferase (TGL4),turquoise,NA,gene
Manes.09G009700.v8.1,Manes.09G009700,,turquoise,NA,gene
Manes.09G010500.v8.1,Manes.09G010500,(1 of 2) PTHR22904:SF339 - TPR REPEAT-CONTAINING THIOREDOXIN TDX,turquoise,NA,gene
Manes.09G011000.v8.1,Manes.09G011000,,turquoise,NA,gene
Manes.09G011727.v8.1,Manes.09G011727,(1 of 599) PF13041 - PPR repeat family (PPR_2),turquoise,NA,gene
Manes.09G011844.v8.1,Manes.09G011844,(1 of 599) PF13041 - PPR repeat family (PPR_2),turquoise,NA,gene
Manes.09G012900.v8.1,Manes.09G012900,(1 of 599) PF13041 - PPR repeat family (PPR_2),turquoise,NA,gene
Manes.09G013802.v8.1,Manes.09G013802,(1 of 599) PF13041 - PPR repeat family (PPR_2),turquoise,NA,gene
Manes.09G016400.v8.1,Manes.09G016400,(1 of 2) PTHR11075:SF52 - PEPTIDE CHAIN RELEASE FACTOR 3,turquoise,NA,gene
Manes.09G016612.v8.1,Manes.09G016612,(1 of 87) PF12854 - PPR repeat (PPR_1),turquoise,NA,gene
Manes.09G016677.v8.1,Manes.09G016677,(1 of 599) PF13041 - PPR repeat family (PPR_2),turquoise,NA,gene
Manes.09G016759.v8.1,Manes.09G016759,(1 of 22) PF12854//PF13041 - PPR repeat (PPR_1) // PPR repeat family (PPR_2),turquoise,NA,gene
Manes.09G016762.v8.1,Manes.09G016762,(1 of 599) PF13041 - PPR repeat family (PPR_2),turquoise,NA,gene
Manes.09G016772.v8.1,Manes.09G016772,(1 of 599) PF13041 - PPR repeat family (PPR_2),turquoise,NA,gene
Manes.09G016800.v8.1,Manes.09G016800,(1 of 599) PF13041 - PPR repeat family (PPR_2),turquoise,NA,gene
Manes.09G017201.v8.1,Manes.09G017201,(1 of 599) PF13041 - PPR repeat family (PPR_2),turquoise,NA,gene
Manes.09G017900.v8.1,Manes.09G017900,(1 of 6) PTHR10183 - CALPAIN,turquoise,NA,gene
Manes.09G018001.v8.1,Manes.09G018001,(1 of 3) PTHR10183//PTHR10183:SF299 - CALPAIN // SUBFAMILY NOT NAMED,turquoise,NA,gene
Manes.09G018100.v8.1,Manes.09G018100,(1 of 1) K11665 - DNA helicase INO80 [EC:3.6.4.12] (INO80; INOC1),turquoise,NA,gene
Manes.09G019100.v8.1,Manes.09G019100,(1 of 2) PTHR24093//PTHR24093:SF296 - FAMILY NOT NAMED // CALCIUM-TRANSPORTING ATPASE 4; PLASMA MEMBRANE-TYPE-RELATED,turquoise,NA,gene
Manes.09G019400.v8.1,Manes.09G019400,(1 of 2) PTHR31696:SF14 - PROTEIN MIZU-KUSSEI 1,turquoise,NA,gene
Manes.09G019500.v8.1,Manes.09G019500,(1 of 2) KOG2485 - Conserved ATP/GTP binding protein,turquoise,NA,gene
Manes.09G019600.v8.1,Manes.09G019600,(1 of 3) PTHR19241//PTHR19241:SF247 - ATP-BINDING CASSETTE TRANSPORTER // SUBFAMILY NOT NAMED,turquoise,NA,gene
Manes.09G019801.v8.1,Manes.09G019801,(1 of 86) PTHR23155//PTHR23155:SF563 - LEUCINE-RICH REPEAT-CONTAINING PROTEIN // SUBFAMILY NOT NAMED,turquoise,NA,gene
Manes.09G020600.v8.1,Manes.09G020600,(1 of 52) PF01535//PF13041//PF13812 - PPR repeat (PPR) // PPR repeat family (PPR_2) // Pentatricopeptide repeat domain (PPR_3),turquoise,NA,gene
Manes.09G020800.v8.1,Manes.09G020800,(1 of 1) PTHR21576//PTHR21576:SF19 - UNCHARACTERIZED NODULIN-LIKE PROTEIN // ARM REPEAT SUPERFAMILY PROTEIN,turquoise,NA,gene
Manes.09G021401.v8.1,Manes.09G021401,(1 of 3) K01408 - insulysin (IDE; ide),turquoise,NA,gene
Manes.09G021900.v8.1,Manes.09G021900,(1 of 2) PTHR31362//PTHR31362:SF1 - FAMILY NOT NAMED // EXPRESSED PROTEIN,turquoise,NA,gene
Manes.09G022000.v8.1,Manes.09G022000,(1 of 1) K14169 - cytoplasmic tRNA 2-thiolation protein 2 (CTU2; NCS2),turquoise,NA,gene
Manes.09G022566.v8.1,Manes.09G022566,(1 of 86) PTHR23155//PTHR23155:SF563 - LEUCINE-RICH REPEAT-CONTAINING PROTEIN // SUBFAMILY NOT NAMED,turquoise,NA,gene
Manes.09G022700.v8.1,Manes.09G022700,(1 of 86) PTHR23155//PTHR23155:SF563 - LEUCINE-RICH REPEAT-CONTAINING PROTEIN // SUBFAMILY NOT NAMED,turquoise,NA,gene
Manes.09G023000.v8.1,Manes.09G023000,(1 of 86) PTHR23155//PTHR23155:SF563 - LEUCINE-RICH REPEAT-CONTAINING PROTEIN // SUBFAMILY NOT NAMED,turquoise,NA,gene
Manes.09G023400.v8.1,Manes.09G023400,(1 of 2) PF06592 - Protein of unknown function (DUF1138) (DUF1138),turquoise,NA,gene
Manes.09G023450.v8.1,Manes.09G023450,(1 of 2) PTHR12444//PTHR12444:SF0 - UNCHARACTERIZED // PROTEIN EFR3 HOMOLOG CMP44E,turquoise,NA,gene
Manes.09G024300.v8.1,Manes.09G024300,(1 of 8) K06617 - raffinose synthase (E2.4.1.82),turquoise,NA,gene
Manes.09G024500.v8.1,Manes.09G024500,(1 of 2) PTHR24349:SF93 - CALCIUM-DEPENDENT PROTEIN KINASE 14,turquoise,NA,gene
Manes.09G025000.v8.1,Manes.09G025000,(1 of 3) PTHR27002//PTHR27002:SF42 - FAMILY NOT NAMED // G-TYPE LECTIN S-RECEPTOR-LIKE SERINE/THREONINE-PROTEIN KINASE SD3-1,black,NA,gene
Manes.09G024900.v8.1,Manes.09G024900,(1 of 6) PF00642//PF12796 - Zinc finger C-x8-C-x5-C-x3-H type (and similar) (zf-CCCH) // Ankyrin repeats (3 copies) (Ank_2),turquoise,NA,gene
Manes.09G026500.v8.1,Manes.09G026500,(1 of 2) K11147 - dehydrogenase/reductase SDR family member 4 (DHRS4),turquoise,NA,gene
Manes.09G028751.v8.1,Manes.09G028751,,turquoise,NA,gene
Manes.09G028800.v8.1,Manes.09G028800,(1 of 1) 6.3.4.4 - Adenylosuccinate synthase / Succinoadenylic kinosynthetase,turquoise,NA,gene
Manes.09G028900.v8.1,Manes.09G028900,(1 of 1) PTHR11062//PTHR11062:SF21 - EXOSTOSIN  HEPARAN SULFATE GLYCOSYLTRANSFERASE -RELATED // SUBFAMILY NOT NAMED,turquoise,NA,gene
Manes.09G029500.v8.1,Manes.09G029500,(1 of 1) PTHR32060:SF5 - PEPTIDASE S41 FAMILY PROTEIN,turquoise,NA,gene
Manes.09G030200.v8.1,Manes.09G030200,(1 of 61) PF00069//PF08263//PF13855 - Protein kinase domain (Pkinase) // Leucine rich repeat N-terminal domain (LRRNT_2) // Leucine rich repeat (LRR_8),turquoise,NA,gene
Manes.09G030300.v8.1,Manes.09G030300,(1 of 1) PTHR31344//PTHR31344:SF4 - FAMILY NOT NAMED // NUCLEOLAR PROTEIN GAR2-LIKE PROTEIN,turquoise,NA,gene
Manes.09G031000.v8.1,Manes.09G031000,(1 of 163) PF00010 - Helix-loop-helix DNA-binding domain (HLH),black,NA,gene
Manes.09G031800.v8.1,Manes.09G031800,(1 of 1) PTHR11467//PTHR11467:SF33 - HISTONE H1/H5 // SUBFAMILY NOT NAMED,turquoise,NA,gene
Manes.09G032100.v8.1,Manes.09G032100,(1 of 2) PTHR14110:SF4 - OUTER ENVELOPE PORE PROTEIN 16-3; CHLOROPLASTIC/MITOCHONDRIAL,turquoise,NA,gene
Manes.09G033500.v8.1,Manes.09G033500,(1 of 4) PTHR31314:SF7 - MYB-LIKE HTH TRANSCRIPTIONAL REGULATOR FAMILY PROTEIN,turquoise,NA,gene
Manes.09G034700.v8.1,Manes.09G034700,(1 of 7) K13457 - disease resistance protein RPM1 (RPM1; RPS3),black,NA,gene
Manes.09G034800.v8.1,Manes.09G034800,(1 of 2) PTHR33493//PTHR33493:SF2 - FAMILY NOT NAMED // LATE EMBRYOGENESIS ABUNDANT PROTEIN 4-5,turquoise,NA,gene
Manes.09G034900.v8.1,Manes.09G034900,(1 of 3) PTHR10288//PTHR10288:SF154 - KH DOMAIN CONTAINING RNA BINDING PROTEIN // SUBFAMILY NOT NAMED,turquoise,NA,gene
Manes.09G035300.v8.1,Manes.09G035300,(1 of 13) PF04755 - PAP_fibrillin (PAP_fibrillin),turquoise,NA,gene
Manes.09G035500.v8.1,Manes.09G035500,(1 of 2) PTHR13832:SF239 - PROTEIN PHOSPHATASE 2C 68-RELATED,turquoise,NA,gene
Manes.09G035800.v8.1,Manes.09G035800,(1 of 2) K14692 - solute carrier family 30 (zinc transporter); member 5/7 (SLC30A5_7; ZNT5_7; MTP; MSC2),turquoise,NA,gene
Manes.09G036600.v8.1,Manes.09G036600,(1 of 1) PF00046//PF02183//PF03101//PF04618 - Homeobox domain (Homeobox) // Homeobox associated leucine zipper (HALZ) // FAR1 DNA-binding domain (FAR1) // HD-ZIP protein N terminus (HD-ZIP_N),black,NA,gene
Manes.09G036800.v8.1,Manes.09G036800,(1 of 2) PTHR32285//PTHR32285:SF22 - FAMILY NOT NAMED // PROTEIN TRICHOME BIREFRINGENCE-RELATED,turquoise,NA,gene
Manes.09G037000.v8.1,Manes.09G037000,(1 of 599) PF13041 - PPR repeat family (PPR_2),turquoise,NA,gene
Manes.09G037500.v8.1,Manes.09G037500,,turquoise,NA,gene
Manes.09G038200.v8.1,Manes.09G038200,(1 of 2) PTHR24115//PTHR24115:SF70 - FAMILY NOT NAMED // KINESIN-RELATED PROTEIN 11,turquoise,NA,gene
Manes.09G038300.v8.1,Manes.09G038300,(1 of 1) PF07035 - Colon cancer-associated protein Mic1-like (Mic1),black,NA,gene
Manes.09G038600.v8.1,Manes.09G038600,,purple,NA,gene
Manes.09G039600.v8.1,Manes.09G039600,(1 of 16) K10268 - F-box and leucine-rich repeat protein 2/20 (FBXL2_20),turquoise,NA,gene
Manes.09G039700.v8.1,Manes.09G039700,(1 of 25) PF11955 - Plant organelle RNA recognition domain (PORR),turquoise,NA,gene
Manes.09G039900.v8.1,Manes.09G039900,(1 of 7) K04382 - serine/threonine-protein phosphatase 2A catalytic subunit (PPP2C),turquoise,NA,gene
Manes.09G040200.v8.1,Manes.09G040200,(1 of 2) PTHR23147//PTHR23147:SF6 - SERINE/ARGININE RICH SPLICING FACTOR // SUBFAMILY NOT NAMED,turquoise,NA,gene
Manes.09G040400.v8.1,Manes.09G040400,(1 of 2) K08498 - syntaxin 6 (STX6),turquoise,NA,gene
Manes.09G041100.v8.1,Manes.09G041100,(1 of 1) PTHR24015//PTHR24015:SF644 - FAMILY NOT NAMED // PENTATRICOPEPTIDE REPEAT-CONTAINING PROTEIN,turquoise,NA,gene
Manes.09G041300.v8.1,Manes.09G041300,(1 of 3) K16275 - E3 ubiquitin-protein ligase BAH [EC:6.3.2.19] (BAH; NLA),turquoise,NA,gene
Manes.09G041400.v8.1,Manes.09G041400,(1 of 1) 1.1.2.4 - D-lactate dehydrogenase (cytochrome) / Lactic acid dehydrogenase,turquoise,NA,gene
Manes.09G041600.v8.1,Manes.09G041600,(1 of 2) PTHR31422:SF0 - F26K24.14 PROTEIN-RELATED,turquoise,NA,gene
Manes.09G042800.v8.1,Manes.09G042800,,purple,NA,gene
Manes.09G043100.v8.1,Manes.09G043100,(1 of 2) PTHR34560:SF1 - POLYKETIDE CYCLASE/DEHYDRASE AND LIPID TRANSPORT SUPERFAMILY PROTEIN,turquoise,NA,gene
Manes.09G043300.v8.1,Manes.09G043300,(1 of 2) PTHR24006//PTHR24006:SF520 - FAMILY NOT NAMED // TRAF-LIKE FAMILY PROTEIN-RELATED,turquoise,NA,gene
Manes.09G044400.v8.1,Manes.09G044400,(1 of 8) K11294 - nucleolin (NCL; NSR1),turquoise,NA,gene
Manes.09G045000.v8.1,Manes.09G045000,(1 of 1) PTHR11839:SF10 - NUDIX HYDROLASE 27; CHLOROPLASTIC,turquoise,NA,gene
Manes.09G045200.v8.1,Manes.09G045200,(1 of 9) PF00560//PF07714//PF08263 - Leucine Rich Repeat (LRR_1) // Protein tyrosine kinase (Pkinase_Tyr) // Leucine rich repeat N-terminal domain (LRRNT_2),black,NA,gene
Manes.09G045300.v8.1,Manes.09G045300,(1 of 3) 2.4.1.241 - Digalactosyldiacylglycerol synthase / UDP-galactose:MGDG galactosyltransferase,turquoise,NA,gene
Manes.09G045700.v8.1,Manes.09G045700,(1 of 63) PF00651 - BTB/POZ domain (BTB),black,NA,gene
Manes.09G046500.v8.1,Manes.09G046500,(1 of 1) PTHR18934//PTHR18934:SF100 - ATP-DEPENDENT RNA HELICASE // ATP-DEPENDENT RNA HELICASE DHX30-RELATED,turquoise,NA,gene
Manes.09G048600.v8.1,Manes.09G048600,(1 of 1) PTHR13390//PTHR13390:SF0 - LIPASE // UPF0554 PROTEIN C2ORF43,turquoise,NA,gene
Manes.09G049300.v8.1,Manes.09G049300,(1 of 8) PF00076//PF00098 - RNA recognition motif. (a.k.a. RRM; RBD; or RNP domain) (RRM_1) // Zinc knuckle (zf-CCHC),turquoise,NA,gene
Manes.09G049900.v8.1,Manes.09G049900,(1 of 27) 1.1.1.331 - Secoisolariciresinol dehydrogenase,turquoise,NA,gene
Manes.09G051100.v8.1,Manes.09G051100,,turquoise,NA,gene
Manes.09G052051.v8.1,Manes.09G052051,(1 of 2) PF06258 - Mitochondrial fission ELM1 (Mito_fiss_Elm1),turquoise,NA,gene
Manes.09G052200.v8.1,Manes.09G052200,(1 of 1) K12733 - peptidyl-prolyl cis-trans isomerase-like 1 (PPIL1),turquoise,NA,gene
Manes.09G052400.v8.1,Manes.09G052400,(1 of 1) PTHR19919//PTHR19919:SF4 - WD REPEAT CONTAINING PROTEIN // SUBFAMILY NOT NAMED,turquoise,NA,gene
Manes.09G053200.v8.1,Manes.09G053200,(1 of 1) PTHR15852:SF8 - CHAPERONE PROTEIN DNAJ-LIKE PROTEIN,turquoise,NA,gene
Manes.09G053700.v8.1,Manes.09G053700,(1 of 91) K14488 - SAUR family protein (SAUR),turquoise,NA,gene
Manes.09G054300.v8.1,Manes.09G054300,(1 of 2) K10740 - replication factor A3 (RPA3),turquoise,NA,gene
Manes.09G055100.v8.1,Manes.09G055100,(1 of 207) PF01535//PF13041 - PPR repeat (PPR) // PPR repeat family (PPR_2),turquoise,NA,gene
Manes.09G055400.v8.1,Manes.09G055400,(1 of 5) PF09177 - Syntaxin 6; N-terminal (Syntaxin-6_N),turquoise,NA,gene
Manes.09G056451.v8.1,Manes.09G056451,(1 of 1) K08658 - prenyl protein peptidase (RCE1; FACE2),turquoise,NA,gene
Manes.09G056602.v8.1,Manes.09G056602,(1 of 14) PTHR10634 - AN1-TYPE ZINC FINGER PROTEIN,purple,NA,gene
Manes.09G056900.v8.1,Manes.09G056900,(1 of 1) 3.2.2.3 - Uridine nucleosidase / Uridine ribohydrolase,turquoise,NA,gene
Manes.09G057000.v8.1,Manes.09G057000,(1 of 2) PTHR22835//PTHR22835:SF216 - ZINC FINGER FYVE DOMAIN CONTAINING PROTEIN // SUBFAMILY NOT NAMED,black,NA,gene
Manes.09G058561.v8.1,Manes.09G058561,(1 of 2) PTHR22912:SF144 - MONODEHYDROASCORBATE REDUCTASE; CYTOPLASMIC ISOFORM 1-RELATED,turquoise,NA,gene
Manes.09G058588.v8.1,Manes.09G058588,(1 of 2) 3.6.3.25//3.6.3.34 - Sulfate-transporting ATPase // Iron-chelate-transporting ATPase,turquoise,NA,gene
Manes.09G058676.v8.1,Manes.09G058676,(1 of 2) PTHR10357//PTHR10357:SF141 - ALPHA-AMYLASE // 1;4-ALPHA-GLUCAN-BRANCHING ENZYME 2-1; CHLOROPLASTIC/AMYLOPLASTIC-RELATED,black,carb,gene
Manes.09G059028.v8.1,Manes.09G059028,(1 of 2) PTHR10015//PTHR10015:SF164 - HEAT SHOCK TRANSCRIPTION FACTOR // HEAT STRESS TRANSCRIPTION FACTOR A-3,purple,NA,gene
Manes.09G059183.v8.1,Manes.09G059183,(1 of 2) PTHR24423//PTHR24423:SF514 - TWO-COMPONENT SENSOR HISTIDINE KINASE // HISTIDINE KINASE CKI1,turquoise,NA,gene
Manes.09G059244.v8.1,Manes.09G059244,(1 of 4) KOG2071 - mRNA cleavage and polyadenylation factor I/II complex; subunit Pcf11,turquoise,NA,gene
Manes.09G059305.v8.1,Manes.09G059305,(1 of 2) PTHR24423:SF514 - HISTIDINE KINASE CKI1,turquoise,NA,gene
Manes.09G060700.v8.1,Manes.09G060700,(1 of 3) K14510 - serine/threonine-protein kinase CTR1 (CTR1),turquoise,NA,gene
Manes.09G060536.v8.1,Manes.09G060536,(1 of 3) PTHR31802:SF5 - HISTONE DEACETYLASE HDT2-RELATED,turquoise,NA,gene
Manes.09G060824.v8.1,Manes.09G060824,(1 of 11) PF07676 - WD40-like Beta Propeller Repeat (PD40),turquoise,NA,gene
Manes.09G061000.v8.1,Manes.09G061000,(1 of 1) PTHR21499//PTHR21499:SF26 - ASPARTATE KINASE // SUBFAMILY NOT NAMED,turquoise,NA,gene
Manes.09G058000.v8.1,Manes.09G058000,(1 of 38) PF01535//PF12854//PF13041 - PPR repeat (PPR) // PPR repeat (PPR_1) // PPR repeat family (PPR_2),turquoise,NA,gene
Manes.09G058128.v8.1,Manes.09G058128,(1 of 3) PF01301//PF02140//PF02449 - Glycosyl hydrolases family 35 (Glyco_hydro_35) // Galactose binding lectin domain (Gal_Lectin) // Beta-galactosidase (Glyco_hydro_42),turquoise,NA,gene
Manes.09G058083.v8.1,Manes.09G058083,,turquoise,NA,gene
Manes.09G048300.v8.1,Manes.09G048300,(1 of 3) PTHR24098//PTHR24098:SF5 - FAMILY NOT NAMED // ACYL-COA N-ACYLTRANSFERASE WITH RING/FYVE/PHD-TYPE ZINC FINGER DOMAIN-CONTAINING PROTEIN,turquoise,NA,gene
Manes.09G048862.v8.1,Manes.09G048862,(1 of 2) K12185 - ESCRT-I complex subunit VPS37 (VPS37),turquoise,NA,gene
Manes.09G049118.v8.1,Manes.09G049118,(1 of 2) K18655 - ATP-dependent RNA helicase DDX19/DBP5 [EC:3.6.4.13] (DDX19; DBP5),turquoise,NA,gene
Manes.09G063060.v8.1,Manes.09G063060,(1 of 1) PTHR10641//PTHR10641:SF636 - MYB-LIKE DNA-BINDING PROTEIN MYB // SUBFAMILY NOT NAMED,turquoise,NA,gene
Manes.09G062900.v8.1,Manes.09G062900,(1 of 2) PTHR10257//PTHR10257:SF20 - SERINE/THREONINE PROTEIN PHOSPHATASE 2A  PP2A  REGULATORY SUBUNIT B // SERINE/THREONINE PROTEIN PHOSPHATASE 2A 57 KDA REGULATORY SUBUNIT B' ALPHA ISOFORM-RELATED,turquoise,NA,gene
Manes.09G065100.v8.1,Manes.09G065100,(1 of 2) PTHR31096:SF23 - ACT DOMAIN-CONTAINING PROTEIN,turquoise,NA,gene
Manes.09G066300.v8.1,Manes.09G066300,(1 of 3) PTHR22814:SF113 - HEAVY-METAL-ASSOCIATED DOMAIN-CONTAINING PROTEIN-RELATED,turquoise,NA,gene
Manes.09G066601.v8.1,Manes.09G066601,(1 of 2) PTHR12321:SF31 - PROTEIN TAF-8; ISOFORM B,turquoise,NA,gene
Manes.09G066900.v8.1,Manes.09G066900,(1 of 2) KOG3918 - Predicted membrane protein,turquoise,NA,gene
Manes.09G067140.v8.1,Manes.09G067140,(1 of 2) PTHR21677//PTHR21677:SF3 - CRAMPED PROTEIN // TSL-KINASE INTERACTING PROTEIN 1,turquoise,NA,gene
Manes.09G064200.v8.1,Manes.09G064200,(1 of 1) PTHR10741:SF2 - TRANSLIN,turquoise,NA,gene
Manes.09G063900.v8.1,Manes.09G063900,,turquoise,NA,gene
Manes.09G068812.v8.1,Manes.09G068812,(1 of 4) K02152 - V-type H+-transporting ATPase subunit G (ATPeV1G; ATP6G),purple,NA,gene
Manes.09G069301.v8.1,Manes.09G069301,(1 of 4) 4.2.1.9 - Dihydroxy-acid dehydratase,turquoise,NA,gene
Manes.09G072968.v8.1,Manes.09G072968,(1 of 4) K08506 - syntaxin of plants SYP7 (SYP7),turquoise,NA,gene
Manes.09G078863.v8.1,Manes.09G078863,(1 of 12) PTHR33448:SF4 - ARABIDOPSIS THALIANA GENOMIC DNA; CHROMOSOME 5; P1 CLONE:MOK16-RELATED,turquoise,NA,gene
Manes.09G081400.v8.1,Manes.09G081400,(1 of 4) PTHR32295:SF32 - PROTEIN IQ-DOMAIN 3-RELATED,turquoise,NA,gene
Manes.09G080719.v8.1,Manes.09G080719,(1 of 1) PTHR11064//PTHR11064:SF27//PTHR11064:SF45 - CCAAT-BINDING TRANSCRIPTION FACTOR-RELATED // NUCLEAR TRANSCRIPTION FACTOR Y SUBUNIT B-2-RELATED // SUBFAMILY NOT NAMED,turquoise,NA,gene
Manes.09G080500.v8.1,Manes.09G080500,(1 of 6) PF07714//PF12819 - Protein tyrosine kinase (Pkinase_Tyr) // Carbohydrate-binding protein of the ER (Malectin_like),turquoise,NA,gene
Manes.09G080009.v8.1,Manes.09G080009,(1 of 3) PF10018 - Vitamin-D-receptor interacting Mediator subunit 4 (Med4),turquoise,NA,gene
Manes.09G070800.v8.1,Manes.09G070800,(1 of 1) PTHR10848//PTHR10848:SF0 - MEIOTIC RECOMBINATION PROTEIN SPO11 // MEIOTIC RECOMBINATION PROTEIN SPO11,turquoise,NA,gene
Manes.09G071000.v8.1,Manes.09G071000,(1 of 3) PTHR27001:SF211 - PROTEIN KINASE FAMILY PROTEIN,black,NA,gene
Manes.09G072500.v8.1,Manes.09G072500,(1 of 3) K12616 - enhancer of mRNA-decapping protein 4 (EDC4),turquoise,NA,gene
Manes.09G076300.v8.1,Manes.09G076300,(1 of 2) PTHR16166//PTHR16166:SF87 - VACUOLAR PROTEIN SORTING-ASSOCIATED PROTEIN  VPS13 // SUBFAMILY NOT NAMED,turquoise,NA,gene
Manes.09G076319.v8.1,Manes.09G076319,(1 of 5) K12462 - Rho GDP-dissociation inhibitor (ARHGDI; RHOGDI),turquoise,NA,gene
Manes.09G076472.v8.1,Manes.09G076472,(1 of 2) PTHR10357:SF119 - 1;4-ALPHA-GLUCAN-BRANCHING ENZYME 3; CHLOROPLASTIC/AMYLOPLASTIC,turquoise,carb,gene
Manes.09G076529.v8.1,Manes.09G076529,(1 of 1) PF00027//PF12796//PF13857 - Cyclic nucleotide-binding domain (cNMP_binding) // Ankyrin repeats (3 copies) (Ank_2) // Ankyrin repeats (many copies) (Ank_5),turquoise,NA,gene
Manes.09G076605.v8.1,Manes.09G076605,(1 of 3) K15223 - upstream activation factor subunit UAF30 (UAF30; SPP27),turquoise,NA,gene
Manes.09G070200.v8.1,Manes.09G070200,,turquoise,NA,gene
Manes.09G070500.v8.1,Manes.09G070500,(1 of 2) PTHR31731//PTHR31731:SF16 - FAMILY NOT NAMED // BIFUNCTIONAL INHIBITOR/LIPID-TRANSFER PROTEIN/SEED STORAGE 2S ALBUMIN-LIKE PROTEIN,turquoise,NA,gene
Manes.09G079619.v8.1,Manes.09G079619,(1 of 2) PTHR33179:SF7 - GENOMIC DNA; CHROMOSOME 3; P1 CLONE:MKA23,turquoise,NA,gene
Manes.09G079638.v8.1,Manes.09G079638,(1 of 207) PF01535//PF13041 - PPR repeat (PPR) // PPR repeat family (PPR_2),turquoise,NA,gene
Manes.09G079657.v8.1,Manes.09G079657,(1 of 1) PTHR24291//PTHR24291:SF46 - FAMILY NOT NAMED // CYTOCHROME P450 97B3; CHLOROPLASTIC,turquoise,carot,gene
Manes.09G075018.v8.1,Manes.09G075018,(1 of 1) K10891 - fanconi anemia group D2 protein (FANCD2),turquoise,NA,gene
Manes.09G074700.v8.1,Manes.09G074700,(1 of 1) PTHR11390//PTHR11390:SF25 - PROKARYOTIC DNA TOPOISOMERASE // SUBFAMILY NOT NAMED,black,NA,gene
Manes.09G074500.v8.1,Manes.09G074500,(1 of 1) K01209 - alpha-N-arabinofuranosidase (E3.2.1.55; abfA),turquoise,NA,gene
Manes.09G074219.v8.1,Manes.09G074219,(1 of 1) PTHR19139//PTHR19139:SF128 - AQUAPORIN TRANSPORTER // AQUAPORIN SIP2-1-RELATED,turquoise,NA,gene
Manes.09G073009.v8.1,Manes.09G073009,(1 of 1) PTHR12419//PTHR12419:SF6 - OTU DOMAIN CONTAINING PROTEIN // SUBFAMILY NOT NAMED,turquoise,NA,gene
Manes.09G072900.v8.1,Manes.09G072900,(1 of 1) PTHR18937//PTHR18937:SF225 - STRUCTURAL MAINTENANCE OF CHROMOSOMES SMC FAMILY MEMBER // SUBFAMILY NOT NAMED,turquoise,NA,gene
Manes.09G077000.v8.1,Manes.09G077000,(1 of 1) KOG2798 - Putative trehalase,turquoise,NA,gene
Manes.09G077457.v8.1,Manes.09G077457,(1 of 29) PF00646//PF07734 - F-box domain (F-box) // F-box associated (FBA_1),turquoise,NA,gene
Manes.09G082100.v8.1,Manes.09G082100,,turquoise,NA,gene
Manes.09G081700.v8.1,Manes.09G081700,(1 of 74) PF00069//PF07714 - Protein kinase domain (Pkinase) // Protein tyrosine kinase (Pkinase_Tyr),turquoise,NA,gene
Manes.09G081628.v8.1,Manes.09G081628,(1 of 2) PTHR31636:SF45 - SCARECROW-LIKE PROTEIN 13,turquoise,NA,gene
Manes.09G081684.v8.1,Manes.09G081684,(1 of 4) PTHR11615//PTHR11615:SF100 - NITRATE; FROMATE; IRON DEHYDROGENASE // SUBFAMILY NOT NAMED,turquoise,NA,gene
Manes.09G081692.v8.1,Manes.09G081692,(1 of 1) PTHR11615:SF103 - CYTOSOLIC FE-S CLUSTER ASSEMBLY FACTOR NARFL,turquoise,NA,gene
Manes.09G078400.v8.1,Manes.09G078400,(1 of 2) K11314 - transcriptional adapter 2-alpha (TADA2A; ADA2),turquoise,NA,gene
Manes.09G077799.v8.1,Manes.09G077799,(1 of 3) 2.4.1.10 - Levansucrase / Sucrose 6-fructosyltransferase,black,NA,gene
Manes.09G083100.v8.1,Manes.09G083100,(1 of 1) PTHR20863:SF32 - ACYL CARRIER PROTEIN 3; MITOCHONDRIAL,turquoise,NA,gene
Manes.09G083300.v8.1,Manes.09G083300,(1 of 1) PTHR31573:SF1 - ALPHA-KETOGLUTARATE-DEPENDENT DIOXYGENASE ALKB HOMOLOG 2,turquoise,NA,gene
Manes.09G084632.v8.1,Manes.09G084632,(1 of 1) PTHR23324//PTHR23324:SF80 - SEC14 RELATED PROTEIN // SUBFAMILY NOT NAMED,turquoise,NA,gene
Manes.09G084400.v8.1,Manes.09G084400,(1 of 2) PTHR10774//PTHR10774:SF90 - EXTENDED SYNAPTOTAGMIN-RELATED // SUBFAMILY NOT NAMED,turquoise,NA,gene
Manes.09G084900.v8.1,Manes.09G084900,(1 of 37) PF03000 - NPH3 family (NPH3),turquoise,NA,gene
Manes.09G085000.v8.1,Manes.09G085000,(1 of 1) PTHR21297//PTHR21297:SF2 - DNA-DIRECTED RNA POLYMERASE II // DNA-DIRECTED RNA POLYMERASES IV AND V SUBUNIT 4,turquoise,NA,gene
Manes.09G088066.v8.1,Manes.09G088066,(1 of 1) PTHR12873//PTHR12873:SF2 - T7-LIKE MITOCHONDRIAL DNA HELICASE // SUBFAMILY NOT NAMED,turquoise,NA,gene
Manes.09G088000.v8.1,Manes.09G088000,(1 of 2) PTHR21229//PTHR21229:SF21 - LUNG SEVEN TRANSMEMBRANE RECEPTOR // SUBFAMILY NOT NAMED,turquoise,NA,gene
Manes.09G088200.v8.1,Manes.09G088200,,black,NA,gene
Manes.09G088600.v8.1,Manes.09G088600,(1 of 1) KOG0502//KOG0508//KOG0512//KOG4412 - Integral membrane ankyrin-repeat protein Kidins220 (protein kinase D substrate) // Ankyrin repeat protein // Fetal globin-inducing factor (contains ankyrin repeats) // 26S proteasome regulatory complex; subunit PSMD10,turquoise,NA,gene
Manes.09G085700.v8.1,Manes.09G085700,(1 of 4) PTHR21726//PTHR21726:SF49 - PHOSPHATIDYLINOSITOL N-ACETYLGLUCOSAMINYLTRANSFERASE SUBUNIT P  DOWN SYNDROME CRITICAL REGION PROTEIN 5 -RELATED // PHOSPHATIDYLINOSITOL N-ACETYGLUCOSAMINLYTRANSFERASE SUBUNIT P-LIKE PROTEIN,turquoise,NA,gene
Manes.09G085800.v8.1,Manes.09G085800,(1 of 2) PTHR26312//PTHR26312:SF76 - FAMILY NOT NAMED // TETRATRICOPEPTIDE REPEAT DOMAIN-CONTAINING PROTEIN,turquoise,NA,gene
Manes.09G090928.v8.1,Manes.09G090928,(1 of 6) PTHR11260//PTHR11260:SF120 - GLUTATHIONE S-TRANSFERASE; GST; SUPERFAMILY; GST DOMAIN CONTAINING // SUBFAMILY NOT NAMED,turquoise,NA,gene
Manes.09G086500.v8.1,Manes.09G086500,,turquoise,NA,gene
Manes.09G086700.v8.1,Manes.09G086700,,turquoise,NA,gene
Manes.09G087200.v8.1,Manes.09G087200,,turquoise,NA,gene
Manes.09G087400.v8.1,Manes.09G087400,(1 of 1) K12492 - ADP-ribosylation factor GTPase-activating protein 1 (ARFGAP1),black,NA,gene
Manes.09G090000.v8.1,Manes.09G090000,(1 of 2) PTHR14155//PTHR14155:SF180 - RING FINGER DOMAIN-CONTAINING // RING/U-BOX DOMAIN-CONTAINING PROTEIN-RELATED,turquoise,NA,gene
Manes.09G093100.v8.1,Manes.09G093100,(1 of 2) PTHR23249:SF15 - TRAFFICKING PROTEIN PARTICLE COMPLEX SUBUNIT 4,turquoise,NA,gene
Manes.09G092600.v8.1,Manes.09G092600,(1 of 4) PTHR12725//PTHR12725:SF72 - HALOACID DEHALOGENASE-LIKE HYDROLASE // HALOACID DEHALOGENASE-LIKE HYDROLASE (HAD) SUPERFAMILY PROTEIN,turquoise,NA,gene
Manes.09G092500.v8.1,Manes.09G092500,(1 of 2) K08956 - AFG3 family protein [EC:3.4.24.-] (AFG3),turquoise,NA,gene
Manes.09G092200.v8.1,Manes.09G092200,(1 of 1) PF09783 - Vacuolar import and degradation protein (Vac_ImportDeg),turquoise,NA,gene
Manes.09G092274.v8.1,Manes.09G092274,(1 of 1) PTHR14154:SF11 - HIGH-LIGHT-INDUCED PROTEIN; CHLOROPLASTIC,turquoise,NA,gene
Manes.09G092411.v8.1,Manes.09G092411,,turquoise,NA,gene
Manes.09G092822.v8.1,Manes.09G092822,(1 of 3) PTHR13683:SF347 - CYSTEINE-RICH PEPTIDE FAMILY PROTEIN,turquoise,NA,gene
Manes.09G095600.v8.1,Manes.09G095600,(1 of 2) PTHR22870//PTHR22870:SF202 - REGULATOR OF CHROMOSOME CONDENSATION // SUBFAMILY NOT NAMED,turquoise,NA,gene
Manes.09G096100.v8.1,Manes.09G096100,(1 of 3) PTHR10826//PTHR10826:SF12 - COMPLEMENT COMPONENT 1 // SUBFAMILY NOT NAMED,black,NA,gene
Manes.09G097000.v8.1,Manes.09G097000,(1 of 10) PF11891 - Domain of unknown function (DUF3411) (DUF3411),turquoise,NA,gene
Manes.09G097200.v8.1,Manes.09G097200,(1 of 3) PTHR11654//PTHR11654:SF181 - OLIGOPEPTIDE TRANSPORTER-RELATED // PROTEIN NRT1/ PTR FAMILY 2.8,turquoise,NA,gene
Manes.09G097700.v8.1,Manes.09G097700,(1 of 1) PTHR18934//PTHR18934:SF103 - ATP-DEPENDENT RNA HELICASE // ATP-DEPENDENT RNA HELICASE A-LIKE PROTEIN,turquoise,NA,gene
Manes.09G098300.v8.1,Manes.09G098300,(1 of 1) K06700 - proteasome inhibitor subunit 1 (PI31) (PSMF1),purple,NA,gene
Manes.09G098500.v8.1,Manes.09G098500,,turquoise,NA,gene
Manes.09G098800.v8.1,Manes.09G098800,(1 of 9) PTHR11260//PTHR11260:SF303 - GLUTATHIONE S-TRANSFERASE; GST; SUPERFAMILY; GST DOMAIN CONTAINING // GLUTATHIONE S-TRANSFERASE U1-RELATED,purple,NA,gene
Manes.09G098900.v8.1,Manes.09G098900,(1 of 9) PTHR11260//PTHR11260:SF303 - GLUTATHIONE S-TRANSFERASE; GST; SUPERFAMILY; GST DOMAIN CONTAINING // GLUTATHIONE S-TRANSFERASE U1-RELATED,turquoise,NA,gene
Manes.09G098760.v8.1,Manes.09G098760,(1 of 46) PF00582 - Universal stress protein family (Usp),purple,NA,gene
Manes.09G099500.v8.1,Manes.09G099500,(1 of 4) PF13474 - SnoaL-like domain (SnoaL_3),turquoise,NA,gene
Manes.09G099900.v8.1,Manes.09G099900,(1 of 2) PTHR33649//PTHR33649:SF4 - FAMILY NOT NAMED // PAR1 PROTEIN,turquoise,NA,gene
Manes.09G100100.v8.1,Manes.09G100100,(1 of 1) PTHR33642:SF3 - INTRON MATURASE; TYPE II FAMILY PROTEIN,turquoise,NA,gene
Manes.09G100784.v8.1,Manes.09G100784,(1 of 1) PTHR10584//PTHR10584:SF175 - SUGAR KINASE // FRUCTOKINASE-LIKE 1,turquoise,carb,gene
Manes.09G100900.v8.1,Manes.09G100900,(1 of 3) K02917 - large subunit ribosomal protein L35Ae (RP-L35Ae; RPL35A),turquoise,NA,gene
Manes.09G101000.v8.1,Manes.09G101000,(1 of 1) K15151 - mediator of RNA polymerase II transcription subunit 10 (MED10; NUT2),turquoise,NA,gene
Manes.09G101400.v8.1,Manes.09G101400,(1 of 2) PTHR10994:SF65 - RETICULON-LIKE PROTEIN B12,turquoise,NA,gene
Manes.09G101500.v8.1,Manes.09G101500,(1 of 1) K11863 - Ataxin-3 (ATXN3; MJD),turquoise,NA,gene
Manes.09G101900.v8.1,Manes.09G101900,(1 of 1) 3.2.1.162 - Lambda-carrageenase / Endo-beta-1;4-carrageenose 2;6;2'-trisulfate-hydrolase,turquoise,NA,gene
Manes.09G102000.v8.1,Manes.09G102000,(1 of 5) PF06127 - Protein of unknown function (DUF962) (DUF962),turquoise,NA,gene
Manes.09G103400.v8.1,Manes.09G103400,(1 of 2) KOG2714 - SETA binding protein SB1 and related proteins; contain BTB/POZ domain,turquoise,NA,gene
Manes.09G104300.v8.1,Manes.09G104300,(1 of 1) PTHR23081:SF1 - RNA POLYMERASE II C-TERMINAL DOMAIN PHOSPHATASE-LIKE 2,turquoise,NA,gene
Manes.09G103800.v8.1,Manes.09G103800,(1 of 1) PTHR24089//PTHR24089:SF190 - FAMILY NOT NAMED // THYLAKOID ADP;ATP CARRIER PROTEIN; CHLOROPLASTIC-RELATED,turquoise,NA,gene
Manes.09G104800.v8.1,Manes.09G104800,(1 of 2) K14617 - LMBR1 domain-containing protein 1 (LMBRD1),turquoise,NA,gene
Manes.09G105300.v8.1,Manes.09G105300,(1 of 1) PTHR15245//PTHR15245:SF25 - SYMPLEKIN-RELATED // SUBFAMILY NOT NAMED,turquoise,NA,gene
Manes.09G107100.v8.1,Manes.09G107100,(1 of 2) 3.5.4.17//3.5.4.6 - Adenosine-phosphate deaminase // AMP deaminase / Myoadenylate deaminase,turquoise,NA,gene
Manes.09G106900.v8.1,Manes.09G106900,(1 of 1) 2.5.1.62 - Chlorophyll synthase,turquoise,NA,gene
Manes.09G106600.v8.1,Manes.09G106600,(1 of 3) K15306 - Ran-binding protein 1 (RANBP1),turquoise,NA,gene
Manes.09G108600.v8.1,Manes.09G108600,(1 of 1) K06910 - uncharacterized protein (K06910),turquoise,NA,gene
Manes.09G108700.v8.1,Manes.09G108700,(1 of 2) K13100 - pre-mRNA-splicing factor CWC22 (CWC22),turquoise,NA,gene
Manes.09G108800.v8.1,Manes.09G108800,(1 of 2) PTHR12329:SF15 - BAG FAMILY MOLECULAR CHAPERONE REGULATOR 4,turquoise,NA,gene
Manes.09G109400.v8.1,Manes.09G109400,(1 of 1) PTHR23083//PTHR23083:SF420 - TETRATRICOPEPTIDE REPEAT PROTEIN; TPR // ETO1-LIKE PROTEIN 2-RELATED,turquoise,NA,gene
Manes.09G110101.v8.1,Manes.09G110101,,black,NA,gene
Manes.09G110300.v8.1,Manes.09G110300,(1 of 4) PF14237 - Domain of unknown function (DUF4339) (DUF4339),turquoise,NA,gene
Manes.09G110700.v8.1,Manes.09G110700,(1 of 28) PF04398 - Protein of unknown function; DUF538 (DUF538),turquoise,NA,gene
Manes.09G111900.v8.1,Manes.09G111900,(1 of 1) K13141 - integrator complex subunit 4 (INTS4),turquoise,NA,gene
Manes.09G112500.v8.1,Manes.09G112500,(1 of 1) PTHR10108//PTHR10108:SF885 - METHYLTRANSFERASE // SUBFAMILY NOT NAMED,turquoise,NA,gene
Manes.09G113450.v8.1,Manes.09G113450,(1 of 80) PF01535//PF13041//PF14432 - PPR repeat (PPR) // PPR repeat family (PPR_2) // DYW family of nucleic acid deaminases (DYW_deaminase),turquoise,NA,gene
Manes.09G114500.v8.1,Manes.09G114500,(1 of 1) PTHR13856//PTHR13856:SF75 - VHS DOMAIN CONTAINING PROTEIN FAMILY // ENTH/VHS/GAT FAMILY PROTEIN,turquoise,NA,gene
Manes.09G114600.v8.1,Manes.09G114600,(1 of 2) K07204 - regulatory associated protein of mTOR (RAPTOR),turquoise,NA,gene
Manes.09G114900.v8.1,Manes.09G114900,(1 of 3) K00827 - alanine-glyoxylate transaminase / (R)-3-amino-2-methylpropionate-pyruvate transaminase (AGXT2),turquoise,NA,gene
Manes.09G115800.v8.1,Manes.09G115800,,turquoise,NA,gene
Manes.09G116100.v8.1,Manes.09G116100,,turquoise,NA,gene
Manes.09G116300.v8.1,Manes.09G116300,(1 of 2) PTHR23315//PTHR23315:SF63 - BETA CATENIN-RELATED ARMADILLO REPEAT-CONTAINING // U-BOX DOMAIN-CONTAINING PROTEIN 16,turquoise,NA,gene
Manes.09G116400.v8.1,Manes.09G116400,(1 of 3) PTHR33057//PTHR33057:SF22 - FAMILY NOT NAMED // OVATE FAMILY PROTEIN 1-RELATED,black,NA,gene
Manes.09G117100.v8.1,Manes.09G117100,(1 of 2) PTHR23257//PTHR23257:SF531 - SERINE-THREONINE PROTEIN KINASE // PROTEIN KINASE ATN1-LIKE PROTEIN,turquoise,NA,gene
Manes.09G117600.v8.1,Manes.09G117600,(1 of 1569) 2.7.11.1 - Non-specific serine/threonine protein kinase / Threonine-specific protein kinase,turquoise,NA,gene
Manes.09G118000.v8.1,Manes.09G118000,,turquoise,NA,gene
Manes.09G118400.v8.1,Manes.09G118400,(1 of 2) PTHR22765:SF58 - VACUOLAR-SORTING RECEPTOR 1-RELATED,turquoise,NA,gene
Manes.09G118800.v8.1,Manes.09G118800,(1 of 1) PTHR12341//PTHR12341:SF38 - 5'->3' EXORIBONUCLEASE // SUBFAMILY NOT NAMED,turquoise,NA,gene
Manes.09G119200.v8.1,Manes.09G119200,(1 of 2) PTHR27003//PTHR27003:SF22 - FAMILY NOT NAMED // LEUCINE-RICH REPEAT RECEPTOR-LIKE PROTEIN KINASE,turquoise,NA,gene
Manes.09G119300.v8.1,Manes.09G119300,(1 of 2) PTHR32116:SF12 - GALACTURONOSYLTRANSFERASE 7-RELATED,turquoise,NA,gene
Manes.09G120200.v8.1,Manes.09G120200,,turquoise,NA,gene
Manes.09G121100.v8.1,Manes.09G121100,(1 of 1) PTHR22763//PTHR22763:SF66 - RING ZINC FINGER PROTEIN // SUBFAMILY NOT NAMED,black,NA,gene
Manes.09G121700.v8.1,Manes.09G121700,(1 of 2) PTHR11208//PTHR11208:SF59 - RNA-BINDING PROTEIN RELATED // SUBFAMILY NOT NAMED,turquoise,NA,gene
Manes.09G122600.v8.1,Manes.09G122600,,black,NA,gene
Manes.09G122800.v8.1,Manes.09G122800,(1 of 2) PTHR10438:SF240 - THIOREDOXIN H9,turquoise,NA,gene
Manes.09G123000.v8.1,Manes.09G123000,(1 of 12) KOG0594 - Protein kinase PCTAIRE and related kinases,turquoise,NA,gene
Manes.09G123100.v8.1,Manes.09G123100,(1 of 4) K04688 - p70 ribosomal S6 kinase (RPS6KB),black,NA,gene
Manes.09G123200.v8.1,Manes.09G123200,,turquoise,NA,gene
Manes.09G123400.v8.1,Manes.09G123400,(1 of 3) K03145 - transcription elongation factor S-II (TFIIS),turquoise,NA,gene
Manes.09G123600.v8.1,Manes.09G123600,(1 of 5) K14802 - phospholipid-transporting ATPase [EC:3.6.3.1] (DRS2; ATP8A),turquoise,NA,gene
Manes.09G124100.v8.1,Manes.09G124100,(1 of 2) PTHR33697:SF2 - PWWP DOMAIN-CONTAINING PROTEIN,turquoise,NA,gene
Manes.09G124400.v8.1,Manes.09G124400,(1 of 1) PTHR21262//PTHR21262:SF7 - GUANOSINE-3';5'-BIS DIPHOSPHATE  3'-PYROPHOSPHOHYDROLASE // SUBFAMILY NOT NAMED,turquoise,NA,gene
Manes.09G124600.v8.1,Manes.09G124600,(1 of 2) K14290 - exportin-1 (XPO1; CRM1),turquoise,NA,gene
Manes.09G124700.v8.1,Manes.09G124700,(1 of 2) K10601 - E3 ubiquitin-protein ligase synoviolin (SYVN1; HRD1),turquoise,NA,gene
Manes.09G124800.v8.1,Manes.09G124800,(1 of 1) K18735 - protein SMG9 (SMG9),turquoise,NA,gene
Manes.09G125200.v8.1,Manes.09G125200,(1 of 259) PF00076 - RNA recognition motif. (a.k.a. RRM; RBD; or RNP domain) (RRM_1),black,NA,gene
Manes.09G125300.v8.1,Manes.09G125300,(1 of 1) PTHR10891//PTHR10891:SF290 - EF-HAND CALCIUM-BINDING DOMAIN CONTAINING PROTEIN // CALCIUM-BINDING PROTEIN CML18-RELATED,turquoise,NA,gene
Manes.09G126600.v8.1,Manes.09G126600,(1 of 2) PTHR13856//PTHR13856:SF93 - VHS DOMAIN CONTAINING PROTEIN FAMILY // SUBFAMILY NOT NAMED,turquoise,NA,gene
Manes.09G127200.v8.1,Manes.09G127200,(1 of 207) PF01535//PF13041 - PPR repeat (PPR) // PPR repeat family (PPR_2),turquoise,NA,gene
Manes.09G128100.v8.1,Manes.09G128100,(1 of 1) PTHR10366//PTHR10366:SF428 - NAD DEPENDENT EPIMERASE/DEHYDRATASE // SUBFAMILY NOT NAMED,black,NA,gene
Manes.09G128300.v8.1,Manes.09G128300,(1 of 1) PF08378 - Nuclease-related domain (NERD),turquoise,NA,gene
Manes.09G128800.v8.1,Manes.09G128800,(1 of 2) 2.7.1.15 - Ribokinase,turquoise,NA,gene
Manes.09G128900.v8.1,Manes.09G128900,(1 of 20) PF04640 - PLATZ transcription factor (PLATZ),turquoise,NA,gene
Manes.09G129000.v8.1,Manes.09G129000,(1 of 3) 2.3.2.4 - Gamma-glutamylcyclotransferase,turquoise,NA,gene
Manes.09G129200.v8.1,Manes.09G129200,(1 of 80) PF01535//PF13041//PF14432 - PPR repeat (PPR) // PPR repeat family (PPR_2) // DYW family of nucleic acid deaminases (DYW_deaminase),turquoise,NA,gene
Manes.09G129500.v8.1,Manes.09G129500,,turquoise,NA,gene
Manes.09G130000.v8.1,Manes.09G130000,,turquoise,NA,gene
Manes.09G130100.v8.1,Manes.09G130100,(1 of 2) PF15249 - Conserved region of unknown function on GLTSCR protein (GLTSCR1),turquoise,NA,gene
Manes.09G130200.v8.1,Manes.09G130200,(1 of 138) KOG0156 - Cytochrome P450 CYP2 subfamily,purple,NA,gene
Manes.09G130600.v8.1,Manes.09G130600,(1 of 1) K13103 - tuftelin-interacting protein 11 (TFIP11),turquoise,NA,gene
Manes.09G131100.v8.1,Manes.09G131100,(1 of 5) 2.3.1.196 - Benzyl alcohol O-benzoyltransferase,turquoise,NA,gene
Manes.09G131200.v8.1,Manes.09G131200,(1 of 5) 2.3.1.196 - Benzyl alcohol O-benzoyltransferase,turquoise,NA,gene
Manes.09G131800.v8.1,Manes.09G131800,(1 of 5) PF16709 - Fused Ig-PH domain of plant-specific actin-binding protein (SCAB-IgPH),turquoise,NA,gene
Manes.09G132400.v8.1,Manes.09G132400,(1 of 5) PTHR11260//PTHR11260:SF327 - GLUTATHIONE S-TRANSFERASE; GST; SUPERFAMILY; GST DOMAIN CONTAINING // SUBFAMILY NOT NAMED,turquoise,NA,gene
Manes.09G132500.v8.1,Manes.09G132500,(1 of 80) PF01535//PF13041//PF14432 - PPR repeat (PPR) // PPR repeat family (PPR_2) // DYW family of nucleic acid deaminases (DYW_deaminase),turquoise,NA,gene
Manes.09G132900.v8.1,Manes.09G132900,(1 of 2) K17292 - tubulin-specific chaperone A (TBCA),turquoise,NA,gene
Manes.09G134400.v8.1,Manes.09G134400,(1 of 4) PTHR33870:SF4 - GB|AAC35233.1|-RELATED,turquoise,NA,gene
Manes.09G134600.v8.1,Manes.09G134600,(1 of 4) K15559 - regulator of Ty1 transposition protein 103 (RTT103),turquoise,NA,gene
Manes.09G134700.v8.1,Manes.09G134700,(1 of 2) PTHR12771//PTHR12771:SF25 - ENGULFMENT AND CELL MOTILITY // SUBFAMILY NOT NAMED,turquoise,NA,gene
Manes.09G135500.v8.1,Manes.09G135500,(1 of 2) PTHR23180:SF202 - ADP-RIBOSYLATION FACTOR GTPASE-ACTIVATING PROTEIN AGD14-RELATED,purple,NA,gene
Manes.09G136500.v8.1,Manes.09G136500,(1 of 2) PTHR12385//PTHR12385:SF51 - CTL TRANSPORTER // F20H23.27 PROTEIN-RELATED,turquoise,NA,gene
Manes.09G137200.v8.1,Manes.09G137200,(1 of 1) PTHR31412:SF0 - ZINC METALLOPROTEASE EGY1; CHLOROPLASTIC-RELATED,turquoise,NA,gene
Manes.09G137300.v8.1,Manes.09G137300,(1 of 1) K11433 - histone-lysine N-methyltransferase SETMAR (SETMAR),turquoise,NA,gene
Manes.09G137500.v8.1,Manes.09G137500,(1 of 1569) 2.7.11.1 - Non-specific serine/threonine protein kinase / Threonine-specific protein kinase,turquoise,NA,gene
Manes.09G137700.v8.1,Manes.09G137700,(1 of 1) K08496 - golgi SNAP receptor complex member 2 (GOSR2; BOS1),turquoise,NA,gene
Manes.09G137900.v8.1,Manes.09G137900,(1 of 4) PF04842 - Plant protein of unknown function (DUF639) (DUF639),turquoise,NA,gene
Manes.09G139100.v8.1,Manes.09G139100,(1 of 1) PTHR22870:SF175 - ANKYRIN REPEAT AND REGULATOR OF CHROMOSOME CONDENSATION (RCC1) DOMAIN-CONTAINING PROTEIN,turquoise,NA,gene
Manes.09G140000.v8.1,Manes.09G140000,(1 of 1) PF02985//PF03810//PF13646 - HEAT repeat (HEAT) // Importin-beta N-terminal domain (IBN_N) // HEAT repeats (HEAT_2),turquoise,NA,gene
Manes.09G140300.v8.1,Manes.09G140300,(1 of 2) PTHR11960//PTHR11960:SF18 - EUKARYOTIC TRANSLATION INITIATION FACTOR 4E RELATED // 4EHP; ISOFORM B,turquoise,NA,gene
Manes.09G140400.v8.1,Manes.09G140400,(1 of 2) PTHR18929//PTHR18929:SF84 - PROTEIN DISULFIDE ISOMERASE // 5'-ADENYLYLSULFATE REDUCTASE-LIKE 5-RELATED,turquoise,NA,gene
Manes.09G140500.v8.1,Manes.09G140500,(1 of 2) PTHR33646:SF2 - F20H23.8 PROTEIN-RELATED,turquoise,NA,gene
Manes.09G140800.v8.1,Manes.09G140800,(1 of 14) PF07797 - Protein of unknown function (DUF1639) (DUF1639),turquoise,NA,gene
Manes.09G141100.v8.1,Manes.09G141100,(1 of 3) K00860 - adenylylsulfate kinase (cysC),turquoise,NA,gene
Manes.09G141200.v8.1,Manes.09G141200,(1 of 9) PTHR24078//PTHR24078:SF177 - DNAJ HOMOLOG SUBFAMILY C MEMBER // PROTEIN DNJ-23-RELATED,turquoise,NA,gene
Manes.09G141400.v8.1,Manes.09G141400,(1 of 2) K11128 - H/ACA ribonucleoprotein complex subunit 1 (GAR1; NOLA1),turquoise,NA,gene
Manes.09G141700.v8.1,Manes.09G141700,(1 of 1) PTHR12357:SF31 - EVOLUTIONARILY CONSERVED C-TERMINAL REGION 3 PROTEIN,turquoise,NA,gene
Manes.09G141800.v8.1,Manes.09G141800,(1 of 2) K09500 - T-complex protein 1 subunit theta (CCT8),turquoise,NA,gene
Manes.09G142000.v8.1,Manes.09G142000,(1 of 1) PTHR11122:SF15 - NDH-DEPENDENT CYCLIC ELECTRON FLOW 5,turquoise,NA,gene
Manes.09G142400.v8.1,Manes.09G142400,(1 of 2) K12580 - CCR4-NOT transcription complex subunit 3 (CNOT3; NOT3),turquoise,NA,gene
Manes.09G142500.v8.1,Manes.09G142500,(1 of 1) PTHR32227//PTHR32227:SF95 - FAMILY NOT NAMED // GLUCAN ENDO-1;3-BETA-GLUCOSIDASE 8-RELATED,turquoise,NA,gene
Manes.09G142600.v8.1,Manes.09G142600,(1 of 2) PTHR10071//PTHR10071:SF161 - TRANSCRIPTION FACTOR GATA  GATA BINDING FACTOR // SUBFAMILY NOT NAMED,black,NA,gene
Manes.09G142800.v8.1,Manes.09G142800,(1 of 2) K03120 - transcription initiation factor TFIID TATA-box-binding protein (TBP; tbp),turquoise,NA,gene
Manes.09G143400.v8.1,Manes.09G143400,(1 of 2) PTHR31150:SF9 - PROTEIN BINDING / ZINC ION BINDING PROTEIN,turquoise,NA,gene
Manes.09G143600.v8.1,Manes.09G143600,(1 of 1) PTHR32195//PTHR32195:SF12 - FAMILY NOT NAMED // TYROSINE-SPECIFIC TRANSPORT PROTEIN-RELATED,turquoise,NA,gene
Manes.09G143700.v8.1,Manes.09G143700,(1 of 207) PF01535//PF13041 - PPR repeat (PPR) // PPR repeat family (PPR_2),turquoise,NA,gene
Manes.09G144400.v8.1,Manes.09G144400,(1 of 3) K09875 - aquaporin SIP (SIP),turquoise,NA,gene
Manes.09G144600.v8.1,Manes.09G144600,(1 of 1) K09839 - violaxanthin de-epoxidase (VDE; NPQ1),turquoise,carot,gene
Manes.09G145500.v8.1,Manes.09G145500,(1 of 1) K05749 - cytoplasmic FMR1 interacting protein (CYFIP),turquoise,NA,gene
Manes.09G145600.v8.1,Manes.09G145600,(1 of 1) PTHR31407//PTHR31407:SF5 - FAMILY NOT NAMED // PLASTID TRANSCRIPTIONALLY ACTIVE 3,turquoise,NA,gene
Manes.09G146400.v8.1,Manes.09G146400,(1 of 1) PTHR11795:SF388 - CURCULIN-LIKE (MANNOSE-BINDING) LECTIN FAMILY PROTEIN,turquoise,NA,gene
Manes.09G148000.v8.1,Manes.09G148000,(1 of 1) KOG0226 - RNA-binding proteins,turquoise,NA,gene
Manes.09G148300.v8.1,Manes.09G148300,(1 of 2) 4.1.2.48 - Low-specificity L-threonine aldolase,turquoise,NA,gene
Manes.09G148400.v8.1,Manes.09G148400,(1 of 2) K12860 - pre-mRNA-splicing factor CDC5/CEF1 (CDC5L; CDC5; CEF1),turquoise,NA,gene
Manes.09G148600.v8.1,Manes.09G148600,(1 of 2) PTHR24349//PTHR24349:SF76 - SERINE/THREONINE-PROTEIN KINASE // PHOSPHOENOLPYRUVATE CARBOXYLASE KINASE 1-RELATED,black,NA,gene
Manes.09G149600.v8.1,Manes.09G149600,(1 of 1) PTHR22809:SF5 - METHYLTRANSFERASE FAMILY PROTEIN,turquoise,NA,gene
Manes.09G149700.v8.1,Manes.09G149700,(1 of 7) K14509 - ethylene receptor (ETR; ERS),black,NA,gene
Manes.09G149800.v8.1,Manes.09G149800,(1 of 2) PTHR31500//PTHR31500:SF22 - FAMILY NOT NAMED // AT HOOK MOTIF DNA-BINDING FAMILY PROTEIN-RELATED,turquoise,NA,gene
Manes.09G150400.v8.1,Manes.09G150400,(1 of 21) PF04576 - Zein-binding (Zein-binding),turquoise,NA,gene
Manes.09G150900.v8.1,Manes.09G150900,(1 of 3) PTHR10288//PTHR10288:SF155 - KH DOMAIN CONTAINING RNA BINDING PROTEIN // SUBFAMILY NOT NAMED,turquoise,NA,gene
Manes.09G151000.v8.1,Manes.09G151000,(1 of 11) PF01918 - Alba (Alba),turquoise,NA,gene
Manes.09G151100.v8.1,Manes.09G151100,(1 of 2) PTHR31358//PTHR31358:SF4 - FAMILY NOT NAMED // PROTEIN WAVE-DAMPENED 2-RELATED,turquoise,NA,gene
Manes.09G151500.v8.1,Manes.09G151500,(1 of 1) PTHR22904//PTHR22904:SF361//PTHR22904:SF383 - TPR REPEAT CONTAINING PROTEIN // SUBFAMILY NOT NAMED // SUBFAMILY NOT NAMED,turquoise,NA,gene
Manes.09G152200.v8.1,Manes.09G152200,(1 of 2) 3.6.4.9 - Chaperonin ATPase / Chaperonin,turquoise,NA,gene
Manes.09G153100.v8.1,Manes.09G153100,(1 of 2) K03116 - sec-independent protein translocase protein TatA (tatA),turquoise,NA,gene
Manes.09G153500.v8.1,Manes.09G153500,,turquoise,NA,gene
Manes.09G154000.v8.1,Manes.09G154000,(1 of 2) PTHR11934//PTHR11934:SF0 - RIBOSE-5-PHOSPHATE ISOMERASE // RIBOSE-5-PHOSPHATE ISOMERASE,turquoise,NA,gene
Manes.09G154500.v8.1,Manes.09G154500,(1 of 7) K08857 - NIMA (never in mitosis gene a)-related kinase [EC:2.7.11.1] (NEK),black,NA,gene
Manes.09G155900.v8.1,Manes.09G155900,(1 of 1) PTHR30345 - RIBOSE-5-PHOSPHATE ISOMERASE B,turquoise,NA,gene
Manes.09G156000.v8.1,Manes.09G156000,(1 of 6) PF10184 - Uncharacterized conserved protein (DUF2358) (DUF2358),turquoise,NA,gene
Manes.09G156400.v8.1,Manes.09G156400,(1 of 3) PF07466 - Protein of unknown function (DUF1517) (DUF1517),turquoise,NA,gene
Manes.09G157100.v8.1,Manes.09G157100,(1 of 2) 2.5.1.52 - L-mimosine synthase / O(3)-acetyl-L-serine acetate-lyase (adding 3;4-dihydroxypyridin-1-yl),turquoise,NA,gene
Manes.09G157600.v8.1,Manes.09G157600,(1 of 2) PTHR23257//PTHR23257:SF440 - SERINE-THREONINE PROTEIN KINASE // SUBFAMILY NOT NAMED,turquoise,NA,gene
Manes.09G158000.v8.1,Manes.09G158000,(1 of 13) K10406 - kinesin family member C2/C3 (KIFC2_3),turquoise,NA,gene
Manes.09G158100.v8.1,Manes.09G158100,(1 of 2) K15361 - WD repeat-containing protein 48 (WDR48; UAF1),turquoise,NA,gene
Manes.09G158301.v8.1,Manes.09G158301,(1 of 2) 2.3.1.20//2.3.1.22 - Diacylglycerol O-acyltransferase / Diglyceride acyltransferase // 2-acylglycerol O-acyltransferase / Monoglyceride acyltransferase,turquoise,NA,gene
Manes.09G158400.v8.1,Manes.09G158400,(1 of 1) PF00561//PF03982 - alpha/beta hydrolase fold (Abhydrolase_1) // Diacylglycerol acyltransferase (DAGAT),turquoise,NA,gene
Manes.09G158800.v8.1,Manes.09G158800,(1 of 3) PTHR10910//PTHR10910:SF109 - EUKARYOTE SPECIFIC DSRNA BINDING PROTEIN // SUBFAMILY NOT NAMED,turquoise,NA,gene
Manes.09G159000.v8.1,Manes.09G159000,(1 of 4) PTHR24056//PTHR24056:SF176 - CELL DIVISION PROTEIN KINASE // SUBFAMILY NOT NAMED,turquoise,NA,gene
Manes.09G159400.v8.1,Manes.09G159400,(1 of 1) K03240 - translation initiation factor eIF-2B subunit epsilon (EIF2B5),turquoise,NA,gene
Manes.09G159900.v8.1,Manes.09G159900,(1 of 13) PF07899 - Frigida-like protein (Frigida),turquoise,NA,gene
Manes.09G160000.v8.1,Manes.09G160000,(1 of 2) PTHR10809:SF59 - VESICLE-ASSOCIATED PROTEIN 2-2,black,NA,gene
Manes.09G160500.v8.1,Manes.09G160500,(1 of 2) KOG3316 - Transport protein particle (TRAPP) complex subunit,turquoise,NA,gene
Manes.09G160800.v8.1,Manes.09G160800,(1 of 1) KOG1003//KOG1850 - Actin filament-coating protein tropomyosin // Myosin-like coiled-coil protein,turquoise,NA,gene
Manes.09G161500.v8.1,Manes.09G161500,(1 of 19) K11251 - histone H2A (H2A),turquoise,NA,gene
Manes.09G161800.v8.1,Manes.09G161800,(1 of 14) K14490 - histidine-containing phosphotransfer peotein (AHP),turquoise,NA,gene
Manes.09G161900.v8.1,Manes.09G161900,(1 of 3) PTHR13268//PTHR13268:SF2 - BREAST CARCINOMA AMPLIFIED SEQUENCE 3 // AUTOPHAGY-RELATED PROTEIN 18G,turquoise,NA,gene
Manes.09G162400.v8.1,Manes.09G162400,(1 of 9) PTHR23500//PTHR23500:SF62 - FAMILY NOT NAMED // SUGAR TRANSPORTER ERD6-LIKE 14-RELATED,turquoise,NA,gene
Manes.09G163200.v8.1,Manes.09G163200,(1 of 2) PTHR11062//PTHR11062:SF48 - EXOSTOSIN  HEPARAN SULFATE GLYCOSYLTRANSFERASE -RELATED // SUBFAMILY NOT NAMED,turquoise,NA,gene
Manes.09G164300.v8.1,Manes.09G164300,(1 of 1) K10849 - DNA excision repair protein ERCC-1 (ERCC1),turquoise,NA,gene
Manes.09G165200.v8.1,Manes.09G165200,(1 of 2) PTHR34661//PTHR34661:SF3 - FAMILY NOT NAMED // ALPHA-CRYSTALLIN DOMAIN OF HEAT SHOCK PROTEIN-CONTAINING PROTEIN,black,NA,gene
Manes.09G165400.v8.1,Manes.09G165400,(1 of 45) PF00097 - Zinc finger; C3HC4 type (RING finger) (zf-C3HC4),turquoise,NA,gene
Manes.09G165600.v8.1,Manes.09G165600,(1 of 4) 3.5.1.4 - Amidase / Acylase,turquoise,NA,gene
Manes.09G166100.v8.1,Manes.09G166100,,turquoise,NA,gene
Manes.09G167700.v8.1,Manes.09G167700,(1 of 5) K15718 - linoleate 9S-lipoxygenase (LOX1_5),black,NA,gene
Manes.09G168000.v8.1,Manes.09G168000,(1 of 1) PTHR21689:SF3 - PROTEIN ALWAYS EARLY 1-RELATED,turquoise,NA,gene
Manes.09G168400.v8.1,Manes.09G168400,(1 of 7) K03347 - cullin 1 (CUL1; CDC53),turquoise,NA,gene
Manes.09G169000.v8.1,Manes.09G169000,(1 of 2) PTHR10593:SF31 - C2H2-LIKE ZINC FINGER PROTEIN-RELATED,turquoise,NA,gene
Manes.09G169100.v8.1,Manes.09G169100,(1 of 2) PTHR23244//PTHR23244:SF315 - KELCH REPEAT DOMAIN // SUBFAMILY NOT NAMED,turquoise,NA,gene
Manes.09G170000.v8.1,Manes.09G170000,(1 of 5) PF05755 - Rubber elongation factor protein (REF) (REF),purple,NA,gene
Manes.09G170700.v8.1,Manes.09G170700,(1 of 2) K03065 - 26S proteasome regulatory subunit T5 (PSMC3; RPT5),turquoise,NA,gene
Manes.09G170800.v8.1,Manes.09G170800,(1 of 4) KOG1727 - Microtubule-binding protein (translationally controlled tumor protein),purple,NA,gene
Manes.09G171000.v8.1,Manes.09G171000,(1 of 4) K12890 - splicing factor; arginine/serine-rich 1/9 (SFRS1_9),turquoise,NA,gene
Manes.09G171400.v8.1,Manes.09G171400,(1 of 2) PTHR33565:SF1 - DORMANCY/AUXIN ASSOCIATED PROTEIN,turquoise,NA,gene
Manes.09G171600.v8.1,Manes.09G171600,(1 of 2) PTHR11668:SF262 - SERINE/THREONINE-PROTEIN PHOSPHATASE PP1 ISOZYME 8-RELATED,turquoise,NA,gene
Manes.09G172100.v8.1,Manes.09G172100,(1 of 4) K02883 - large subunit ribosomal protein L18e (RP-L18e; RPL18),turquoise,NA,gene
Manes.09G174300.v8.1,Manes.09G174300,(1 of 2) K03254 - translation initiation factor 3 subunit A (EIF3A),turquoise,NA,gene
Manes.09G174400.v8.1,Manes.09G174400,(1 of 4) PTHR13832//PTHR13832:SF158 - PROTEIN PHOSPHATASE 2C // PROTEIN PHOSPHATASE 2C 5-RELATED,turquoise,NA,gene
Manes.09G176000.v8.1,Manes.09G176000,,turquoise,NA,gene
Manes.09G176700.v8.1,Manes.09G176700,,turquoise,NA,gene
Manes.09G177500.v8.1,Manes.09G177500,(1 of 1) PTHR13833//PTHR13833:SF49 - FAMILY NOT NAMED // NHL REPEAT-CONTAINING PROTEIN 2,turquoise,NA,gene
Manes.09G178200.v8.1,Manes.09G178200,(1 of 1) PTHR10804:SF17 - XAA-PRO AMINOPEPTIDASE 3-RELATED,turquoise,NA,gene
Manes.09G178400.v8.1,Manes.09G178400,(1 of 18) PF05641 - Agenet domain (Agenet),turquoise,NA,gene
Manes.09G178700.v8.1,Manes.09G178700,(1 of 2) PTHR31916:SF7 - ALKALINE/NEUTRAL INVERTASE A-RELATED,turquoise,NA,gene
Manes.09G179700.v8.1,Manes.09G179700,(1 of 1) PTHR23429//PTHR23429:SF4 - GLUCOSE-6-PHOSPHATE 1-DEHYDROGENASE  G6PD // GLUCOSE-6-PHOSPHATE 1-DEHYDROGENASE 4; CHLOROPLASTIC,black,NA,gene
Manes.09G180000.v8.1,Manes.09G180000,(1 of 3) K00924//K03083 - uncharacterized protein (E2.7.1.-) // glycogen synthase kinase 3 beta (GSK3B),turquoise,NA,gene
Manes.09G180400.v8.1,Manes.09G180400,(1 of 1) K16315 - serine/threonine-protein kinase haspin [EC:2.7.11.1] (GSG2),turquoise,NA,gene
Manes.09G180500.v8.1,Manes.09G180500,(1 of 2) PTHR32227:SF118 - CARBOHYDRATE-BINDING X8 DOMAIN-CONTAINING PROTEIN,purple,NA,gene
Manes.09G180600.v8.1,Manes.09G180600,,purple,NA,gene
Manes.09G181200.v8.1,Manes.09G181200,(1 of 1) PTHR13683//PTHR13683:SF312 - ASPARTYL PROTEASES // SUBFAMILY NOT NAMED,black,NA,gene
Manes.09G181800.v8.1,Manes.09G181800,(1 of 2) K12126 - phytochrome-interacting factor 3 (PIF3),turquoise,NA,gene
Manes.09G181900.v8.1,Manes.09G181900,(1 of 2) PTHR37729//PTHR37729:SF1 - FAMILY NOT NAMED // NEUROFILAMENT PROTEIN-RELATED PROTEIN,turquoise,NA,gene
Manes.09G182400.v8.1,Manes.09G182400,(1 of 3) K01885 - glutamyl-tRNA synthetase (EARS; gltX),turquoise,NA,gene
Manes.09G182500.v8.1,Manes.09G182500,(1 of 1) PTHR24423:SF519 - PHYTOCHROME A,turquoise,NA,gene
Manes.09G182900.v8.1,Manes.09G182900,(1 of 1) PF00098//PF00271//PF04851//PF08152 - Zinc knuckle (zf-CCHC) // Helicase conserved C-terminal domain (Helicase_C) // Type III restriction enzyme; res subunit (ResIII) // GUCT (NUC152) domain (GUCT),turquoise,NA,gene
Manes.09G183100.v8.1,Manes.09G183100,(1 of 6) PTHR32278//PTHR32278:SF6 - FAMILY NOT NAMED // F-BOX PROTEIN PP2-B1-RELATED,purple,NA,gene
Manes.09G183500.v8.1,Manes.09G183500,(1 of 3) K05841 - sterol 3beta-glucosyltransferase [EC:2.4.1.173] Glc b1-3 sterol (E2.4.1.173),black,NA,gene
Manes.09G183600.v8.1,Manes.09G183600,(1 of 1) K15747 - beta-ring hydroxylase (LUT5; CYP97A3),turquoise,NA,gene
Manes.09G183700.v8.1,Manes.09G183700,(1 of 2) PTHR31682//PTHR31682:SF4 - FAMILY NOT NAMED // UDP-ARABINOPYRANOSE MUTASE 5-RELATED,turquoise,NA,gene
Manes.09G172300.v8.1,Manes.09G172300,(1 of 2) PTHR12428//PTHR12428:SF22 - OXA1 // ALBINO3-LIKE PROTEIN 2; CHLOROPLASTIC-RELATED,turquoise,NA,gene
Manes.09G184400.v8.1,Manes.09G184400,(1 of 2) PTHR24220//PTHR24220:SF441 - FAMILY NOT NAMED // PROTEIN TRIGALACTOSYLDIACYLGLYCEROL 3; CHLOROPLASTIC,turquoise,NA,gene
Manes.09G185200.v8.1,Manes.09G185200,(1 of 1) PTHR12506//PTHR12506:SF21//PTHR12506:SF25 - PROTEIN PHOSPHATASE RELATED // SUBFAMILY NOT NAMED // SUBFAMILY NOT NAMED,black,NA,gene
Manes.09G185300.v8.1,Manes.09G185300,(1 of 152) PF02365 - No apical meristem (NAM) protein (NAM),turquoise,NA,gene
Manes.09G186101.v8.1,Manes.09G186101,(1 of 2) PTHR31373//PTHR31373:SF0 - FAMILY NOT NAMED // EMB|CAB86628.1,turquoise,NA,gene
Manes.09G186300.v8.1,Manes.09G186300,(1 of 1) PF16207 - RAWUL domain RING finger- and  WD40-associated ubiquitin-like (RAWUL),turquoise,NA,gene
Manes.09G186800.v8.1,Manes.09G186800,,black,NA,gene
Manes.09G187900.v8.1,Manes.09G187900,(1 of 8) KOG4660 - Protein Mei2; essential for commitment to meiosis; and related proteins,turquoise,NA,gene
Manes.09G188000.v8.1,Manes.09G188000,(1 of 2) K09602 - ubiquitin thioesterase protein OTUB1 [EC:3.4.19.12] (OTUB1),turquoise,NA,gene
Manes.09G188200.v8.1,Manes.09G188200,(1 of 2) K01880 - glycyl-tRNA synthetase (GARS; glyS1),turquoise,NA,gene
Manes.09G172801.v8.1,Manes.09G172801,(1 of 6) PF12056 - Protein of unknown function (DUF3537) (DUF3537),black,NA,gene
Manes.10G002640.v8.1,Manes.10G002640,(1 of 5) PTHR24282//PTHR24282:SF36 - CYTOCHROME P450 FAMILY MEMBER // CYTOCHROME P450 714A1-RELATED,turquoise,NA,gene
Manes.10G004400.v8.1,Manes.10G004400,(1 of 1) PTHR13355//PTHR13355:SF12 - GLUCOSAMINE 6-PHOSPHATE N-ACETYLTRANSFERASE // GCN5-RELATED N-ACETYLTRANSFERASE (GNAT) FAMILY PROTEIN,black,NA,gene
Manes.10G004100.v8.1,Manes.10G004100,,turquoise,NA,gene
Manes.10G003100.v8.1,Manes.10G003100,(1 of 1) K15710 - E3 ubiquitin-protein ligase SHPRH [EC:3.6.4.- 6.3.2.19] (SHPRH),turquoise,NA,gene
Manes.10G002000.v8.1,Manes.10G002000,(1 of 2) K08876 - SCY1-like protein 1 (SCYL1),turquoise,NA,gene
Manes.10G001200.v8.1,Manes.10G001200,(1 of 5) PTHR14155//PTHR14155:SF106 - RING FINGER DOMAIN-CONTAINING // SUBFAMILY NOT NAMED,turquoise,NA,gene
Manes.10G001000.v8.1,Manes.10G001000,(1 of 1) 2.5.1.15//2.7.6.3 - Dihydropteroate synthase / Dihydropteroate pyrophosphorylase // 2-amino-4-hydroxy-6-hydroxymethyldihydropteridine diphosphokinase / 7;8-dihydro-6-hydroxymethylpterin pyrophosphokinase,turquoise,NA,gene
Manes.10G000900.v8.1,Manes.10G000900,(1 of 5) PTHR31867//PTHR31867:SF22 - FAMILY NOT NAMED // EXPANSIN-A8,turquoise,NA,gene
Manes.10G000700.v8.1,Manes.10G000700,(1 of 6) PF01661 - Macro domain (Macro),turquoise,NA,gene
Manes.10G005400.v8.1,Manes.10G005400,(1 of 2) PTHR18901//PTHR18901:SF29 - 2-DEOXYGLUCOSE-6-PHOSPHATE PHOSPHATASE 2 // HALOACID DEHALOGENASE-LIKE HYDROLASE,turquoise,NA,gene
Manes.10G006600.v8.1,Manes.10G006600,(1 of 2) K15296 - alpha-soluble NSF attachment protein (NAPA; SNAPA; SEC17),turquoise,NA,gene
Manes.10G007100.v8.1,Manes.10G007100,(1 of 52) PF01535//PF13041//PF13812 - PPR repeat (PPR) // PPR repeat family (PPR_2) // Pentatricopeptide repeat domain (PPR_3),turquoise,NA,gene
Manes.10G007200.v8.1,Manes.10G007200,(1 of 1) PF04187 - Haem-binding uptake; Tiki superfamily; ChaN (Cofac_haem_bdg),turquoise,NA,gene
Manes.10G007300.v8.1,Manes.10G007300,(1 of 2) 6.4.1.1 - Pyruvate carboxylase / Pyruvic carboxylase,turquoise,NA,gene
Manes.10G007500.v8.1,Manes.10G007500,(1 of 2) PTHR19317//PTHR19317:SF9 - PRENYLATED RAB ACCEPTOR 1-RELATED // PRA1 FAMILY PROTEIN B1-RELATED,turquoise,NA,gene
Manes.10G007800.v8.1,Manes.10G007800,(1 of 1) PTHR10799:SF660 - SNF2 DOMAIN-CONTAINING PROTEIN CLASSY 1-RELATED,turquoise,NA,gene
Manes.10G008700.v8.1,Manes.10G008700,(1 of 2) 3.2.1.96 - Mannosyl-glycoprotein endo-beta-N-acetylglucosaminidase / Endo-beta-N-acetylglucosaminidase,turquoise,NA,gene
Manes.10G008900.v8.1,Manes.10G008900,(1 of 2) PTHR11431:SF41 - FERRITIN-1; CHLOROPLASTIC-RELATED,turquoise,NA,gene
Manes.10G020200.v8.1,Manes.10G020200,(1 of 1) PTHR10108:SF887 - METHYLTRANSFERASE PMT22-RELATED,turquoise,NA,gene
Manes.10G009200.v8.1,Manes.10G009200,(1 of 14) 3.5.1.52 - Peptide-N(4)-(N-acetyl-beta-glucosaminyl)asparagine amidase / N-oligosaccharide glycopeptidase,turquoise,NA,gene
Manes.10G009800.v8.1,Manes.10G009800,(1 of 1) PTHR14030//PTHR14030:SF2 - MITOTIC CHECKPOINT SERINE/THREONINE-PROTEIN KINASE BUB1 // SUBFAMILY NOT NAMED,black,NA,gene
Manes.10G010100.v8.1,Manes.10G010100,(1 of 1) PTHR11952//PTHR11952:SF8 - UDP- GLUCOSE PYROPHOSPHORYLASE // UDP-GLUCOSE PYROPHOSPHORYLASE 3,black,carb,gene
Manes.10G010500.v8.1,Manes.10G010500,(1 of 2) K04646 - clathrin heavy chain (CLTC),turquoise,NA,gene
Manes.10G011000.v8.1,Manes.10G011000,(1 of 4) PTHR32285//PTHR32285:SF10 - FAMILY NOT NAMED // PROTEIN ESKIMO 1,turquoise,NA,gene
Manes.10G011200.v8.1,Manes.10G011200,(1 of 2) K08518 - syntaxin-binding protein 5 (STXBP5),turquoise,NA,gene
Manes.10G011400.v8.1,Manes.10G011400,(1 of 1) 5.3.1.24 - Phosphoribosylanthranilate isomerase / PRAI,turquoise,NA,gene
Manes.10G012600.v8.1,Manes.10G012600,(1 of 6) PTHR27003//PTHR27003:SF102 - FAMILY NOT NAMED // SERINE/THREONINE-PROTEIN KINASE-LIKE PROTEIN CCR3-RELATED,turquoise,NA,gene
Manes.10G012900.v8.1,Manes.10G012900,(1 of 3) PTHR11071//PTHR11071:SF291 - PEPTIDYL-PROLYL CIS-TRANS ISOMERASE // SUBFAMILY NOT NAMED,turquoise,NA,gene
Manes.10G013400.v8.1,Manes.10G013400,(1 of 1) K11375 - elongator complex protein 4 (ELP4),black,NA,gene
Manes.10G013500.v8.1,Manes.10G013500,(1 of 2) PTHR34953:SF1 - ALPHA/BETA HYDROLASE RELATED PROTEIN,turquoise,NA,gene
Manes.10G014200.v8.1,Manes.10G014200,(1 of 1) PTHR22778//PTHR22778:SF22 - OVARIAN CANCER GENE-2 PROTEIN-RELATED // SUBFAMILY NOT NAMED,turquoise,NA,gene
Manes.10G015300.v8.1,Manes.10G015300,(1 of 7) K13946 - auxin influx carrier (AUX1 LAX family) (AUX1; LAX),turquoise,NA,gene
Manes.10G016100.v8.1,Manes.10G016100,(1 of 3) K02941 - large subunit ribosomal protein LP0 (RP-LP0; RPLP0),turquoise,NA,gene
Manes.10G016600.v8.1,Manes.10G016600,(1 of 4) PTHR19139:SF169 - AQUAPORIN PIP1-4-RELATED,turquoise,NA,gene
Manes.10G017900.v8.1,Manes.10G017900,(1 of 2) K13463 - coronatine-insensitive protein 1 (COI-1),turquoise,NA,gene
Manes.10G019400.v8.1,Manes.10G019400,(1 of 3) PTHR11132//PTHR11132:SF104 - SOLUTE CARRIER FAMILY 35 // SUBFAMILY NOT NAMED,turquoise,NA,gene
Manes.10G020100.v8.1,Manes.10G020100,(1 of 10) PTHR11527//PTHR11527:SF152 - SMALL HEAT-SHOCK PROTEIN  HSP20  FAMILY // SUBFAMILY NOT NAMED,purple,NA,gene
Manes.10G020400.v8.1,Manes.10G020400,(1 of 3) 2.4.1.323 - 7-deoxyloganetic acid glucosyltransferase,turquoise,NA,gene
Manes.10G020800.v8.1,Manes.10G020800,,purple,NA,gene
Manes.10G022000.v8.1,Manes.10G022000,(1 of 1) KOG0752//KOG0764 - Mitochondrial solute carrier protein // Mitochondrial FAD carrier protein,black,NA,gene
Manes.10G022100.v8.1,Manes.10G022100,(1 of 1) PTHR31669:SF42 - PROTEIN FAR1-RELATED SEQUENCE 4,turquoise,NA,gene
Manes.10G022450.v8.1,Manes.10G022450,(1 of 10) PTHR23155//PTHR23155:SF634 - LEUCINE-RICH REPEAT-CONTAINING PROTEIN // SUBFAMILY NOT NAMED,turquoise,NA,gene
Manes.10G022675.v8.1,Manes.10G022675,(1 of 5) 6.3.2.17 - Tetrahydrofolate synthase / Tetrahydrofolylpolyglutamate synthase,turquoise,NA,gene
Manes.10G023200.v8.1,Manes.10G023200,(1 of 10) PTHR23155//PTHR23155:SF634 - LEUCINE-RICH REPEAT-CONTAINING PROTEIN // SUBFAMILY NOT NAMED,turquoise,NA,gene
Manes.10G023600.v8.1,Manes.10G023600,(1 of 1) PTHR11062//PTHR11062:SF109 - EXOSTOSIN  HEPARAN SULFATE GLYCOSYLTRANSFERASE -RELATED // SUBFAMILY NOT NAMED,turquoise,NA,gene
Manes.10G024700.v8.1,Manes.10G024700,(1 of 2) PTHR12822:SF5 - INTEGRAL MEMBRANE YIP1 FAMILY PROTEIN,turquoise,NA,gene
Manes.10G026400.v8.1,Manes.10G026400,(1 of 4) PTHR13832:SF219 - PROTEIN PHOSPHATASE 2C 3-RELATED,turquoise,NA,gene
Manes.10G026600.v8.1,Manes.10G026600,(1 of 7) 1.1.1.206//1.1.1.236 - Tropinone reductase I / Tropinone reductase // Tropinone reductase II / Tropinone reductase,turquoise,NA,gene
Manes.10G026800.v8.1,Manes.10G026800,(1 of 7) 1.1.1.236 - Tropinone reductase II / Tropinone reductase,turquoise,NA,gene
Manes.10G027150.v8.1,Manes.10G027150,,turquoise,NA,gene
Manes.10G027800.v8.1,Manes.10G027800,(1 of 4) PTHR12537:SF78 - PUMILIO HOMOLOG 1-RELATED,turquoise,NA,gene
Manes.10G027900.v8.1,Manes.10G027900,(1 of 3) PTHR22763//PTHR22763:SF42 - RING ZINC FINGER PROTEIN // SUBFAMILY NOT NAMED,turquoise,NA,gene
Manes.10G028100.v8.1,Manes.10G028100,(1 of 3) PTHR13683//PTHR13683:SF347 - ASPARTYL PROTEASES // CYSTEINE-RICH PEPTIDE FAMILY PROTEIN,turquoise,NA,gene
Manes.10G028300.v8.1,Manes.10G028300,,turquoise,NA,gene
Manes.10G028400.v8.1,Manes.10G028400,(1 of 70) PTHR23155//PTHR23155:SF554 - LEUCINE-RICH REPEAT-CONTAINING PROTEIN // SUBFAMILY NOT NAMED,turquoise,NA,gene
Manes.10G028700.v8.1,Manes.10G028700,(1 of 23) PF08137 - DVL family (DVL),black,NA,gene
Manes.10G029000.v8.1,Manes.10G029000,(1 of 1) K11672 - actin-related protein 5 (ACTR5; ARP5; INO80M),turquoise,NA,gene
Manes.10G029100.v8.1,Manes.10G029100,(1 of 1) 2.1.1.166 - 23S rRNA (uridine(2552)-2'-O)-methyltransferase / Um2552 methyltransferase,turquoise,NA,gene
Manes.10G029300.v8.1,Manes.10G029300,(1 of 4) PTHR21717//PTHR21717:SF9 - TELOMERIC REPEAT BINDING PROTEIN // PROTEIN TBF1,turquoise,NA,gene
Manes.10G029600.v8.1,Manes.10G029600,(1 of 1) PTHR23147//PTHR23147:SF13 - SERINE/ARGININE RICH SPLICING FACTOR // SUBFAMILY NOT NAMED,turquoise,NA,gene
Manes.10G030100.v8.1,Manes.10G030100,(1 of 15) PF04720 - PDDEXK-like family of unknown function (PDDEXK_6),black,NA,gene
Manes.10G030300.v8.1,Manes.10G030300,,turquoise,NA,gene
Manes.10G030500.v8.1,Manes.10G030500,(1 of 2) PTHR12276//PTHR12276:SF10 - EPSIN/ENT-RELATED // ENTH/VHS FAMILY PROTEIN,turquoise,NA,gene
Manes.10G030900.v8.1,Manes.10G030900,(1 of 2) 1.3.1.93 - Very-long-chain enoyl-CoA reductase,turquoise,NA,gene
Manes.10G031200.v8.1,Manes.10G031200,(1 of 2) PTHR31992:SF26 - DOF ZINC FINGER PROTEIN DOF2.4,purple,NA,gene
Manes.10G031600.v8.1,Manes.10G031600,(1 of 47) K09286 - EREBP-like factor (EREBP),turquoise,NA,gene
Manes.10G032600.v8.1,Manes.10G032600,(1 of 1) PTHR11946:SF89 - METHIONYL-TRNA SYNTHETASE,turquoise,NA,gene
Manes.10G032800.v8.1,Manes.10G032800,(1 of 6) K09250 - cellular nucleic acid-binding protein (CNBP),turquoise,NA,gene
Manes.10G033600.v8.1,Manes.10G033600,(1 of 6) PTHR11913//PTHR11913:SF22 - COFILIN-RELATED // ACTIN-DEPOLYMERIZING FACTOR 1-RELATED,turquoise,NA,gene
Manes.10G034300.v8.1,Manes.10G034300,(1 of 2) PTHR24073:SF541 - RAS-RELATED PROTEIN RABE1A,turquoise,NA,gene
Manes.10G034700.v8.1,Manes.10G034700,(1 of 25) PF16135 - TPL-binding domain in jasmonate signalling (Jas),turquoise,NA,gene
Manes.10G035800.v8.1,Manes.10G035800,(1 of 3) K02221 - YggT family protein (yggT),turquoise,NA,gene
Manes.10G035000.v8.1,Manes.10G035000,(1 of 13) K09873 - aquaporin TIP (TIP),turquoise,NA,gene
Manes.10G037800.v8.1,Manes.10G037800,(1 of 2) PTHR10159//PTHR10159:SF339 - DUAL SPECIFICITY PROTEIN PHOSPHATASE // PROTEIN-TYROSINE-PHOSPHATASE MKP1,turquoise,NA,gene
Manes.10G037700.v8.1,Manes.10G037700,(1 of 1) PTHR22600:SF16 - BETA-HEXOSAMINIDASE 1,turquoise,NA,gene
Manes.10G036900.v8.1,Manes.10G036900,(1 of 62) PF00892 - EamA-like transporter family (EamA),black,NA,gene
Manes.10G036800.v8.1,Manes.10G036800,(1 of 4) PTHR21726//PTHR21726:SF49 - PHOSPHATIDYLINOSITOL N-ACETYLGLUCOSAMINYLTRANSFERASE SUBUNIT P  DOWN SYNDROME CRITICAL REGION PROTEIN 5 -RELATED // PHOSPHATIDYLINOSITOL N-ACETYGLUCOSAMINLYTRANSFERASE SUBUNIT P-LIKE PROTEIN,turquoise,NA,gene
Manes.10G036400.v8.1,Manes.10G036400,(1 of 2) PTHR11614//PTHR11614:SF92 - PHOSPHOLIPASE-RELATED // ALPHA/BETA-HYDROLASES SUPERFAMILY PROTEIN-RELATED,turquoise,NA,gene
Manes.10G038200.v8.1,Manes.10G038200,(1 of 4) PTHR27001//PTHR27001:SF191 - FAMILY NOT NAMED // PROTEIN KINASE APK1A; CHLOROPLASTIC-RELATED,turquoise,NA,gene
Manes.10G038300.v8.1,Manes.10G038300,(1 of 3) PTHR24177:SF10 - ANKYRIN REPEAT-CONTAINING PROTEIN,turquoise,NA,gene
Manes.10G038600.v8.1,Manes.10G038600,,turquoise,NA,gene
Manes.10G039000.v8.1,Manes.10G039000,(1 of 2) PTHR19241:SF180 - ABC TRANSPORTER G FAMILY MEMBER 1-RELATED,turquoise,NA,gene
Manes.10G039400.v8.1,Manes.10G039400,(1 of 2) PTHR12436//PTHR12436:SF20 - 80 KDA MCM3-ASSOCIATED PROTEIN // SUBFAMILY NOT NAMED,turquoise,NA,gene
Manes.10G040000.v8.1,Manes.10G040000,(1 of 2) PTHR13832:SF358 - PROTEIN PHOSPHATASE 2C 38-RELATED,turquoise,NA,gene
Manes.10G040300.v8.1,Manes.10G040300,(1 of 3) PTHR27001:SF211 - PROTEIN KINASE FAMILY PROTEIN,turquoise,NA,gene
Manes.10G040400.v8.1,Manes.10G040400,(1 of 2) PTHR23359//PTHR23359:SF94 - NUCLEOTIDE KINASE // ADENYLATE KINASE 1; MITOCHONDRIAL-RELATED,turquoise,NA,gene
Manes.10G041100.v8.1,Manes.10G041100,(1 of 3) PTHR32467//PTHR32467:SF29 - FAMILY NOT NAMED // ETHYLENE-RESPONSIVE TRANSCRIPTION FACTOR RAP2-7,turquoise,NA,gene
Manes.10G041400.v8.1,Manes.10G041400,(1 of 1) PTHR11825//PTHR11825:SF24 - SUBGROUP IIII AMINOTRANSFERASE // D-AMINOACID AMINOTRANSFERASE-LIKE PLP-DEPENDENT ENZYMES SUPERFAMILY PROTEIN,turquoise,NA,gene
Manes.10G042000.v8.1,Manes.10G042000,(1 of 207) PF01535//PF13041 - PPR repeat (PPR) // PPR repeat family (PPR_2),turquoise,NA,gene
Manes.10G041900.v8.1,Manes.10G041900,(1 of 3) PTHR22981//PTHR22981:SF73 - 3-HYDROXYISOBUTYRATE DEHYDROGENASE-RELATED // SUBFAMILY NOT NAMED,turquoise,NA,gene
Manes.10G042100.v8.1,Manes.10G042100,,turquoise,NA,gene
Manes.10G042700.v8.1,Manes.10G042700,,turquoise,NA,gene
Manes.10G042800.v8.1,Manes.10G042800,(1 of 207) PF01535//PF13041 - PPR repeat (PPR) // PPR repeat family (PPR_2),turquoise,NA,gene
Manes.10G043200.v8.1,Manes.10G043200,(1 of 2) K09539 - DnaJ homolog subfamily C member 19 (DNAJC19),turquoise,NA,gene
Manes.10G044400.v8.1,Manes.10G044400,(1 of 2) K04650 - nuclear receptor co-repressor 1 (NCOR1; N-CoR),turquoise,NA,gene
Manes.10G045102.v8.1,Manes.10G045102,,turquoise,NA,gene
Manes.10G046400.v8.1,Manes.10G046400,(1 of 3) KOG2194 - Aminopeptidases of the M20 family,turquoise,NA,gene
Manes.10G047300.v8.1,Manes.10G047300,(1 of 1) PF00092//PF14624//PF17123 - von Willebrand factor type A domain (VWA) // VWA / Hh  protein intein-like (Vwaint) // RING-like zinc finger (zf-RING_11),turquoise,NA,gene
Manes.10G048200.v8.1,Manes.10G048200,(1 of 4) PTHR10545 - DIAMINE N-ACETYLTRANSFERASE,turquoise,NA,gene
Manes.10G049000.v8.1,Manes.10G049000,(1 of 2) PTHR12537//PTHR12537:SF71 - RNA BINDING PROTEIN PUMILIO-RELATED // PUMILIO HOMOLOG 4,turquoise,NA,gene
Manes.10G049200.v8.1,Manes.10G049200,(1 of 1) PTHR10438//PTHR10438:SF297 - THIOREDOXIN // THIOREDOXIN-LIKE 3-2; CHLOROPLASTIC,turquoise,NA,gene
Manes.10G050300.v8.1,Manes.10G050300,(1 of 1) PTHR10742:SF260 - LYSINE-SPECIFIC HISTONE DEMETHYLASE 1 HOMOLOG 3,turquoise,NA,gene
Manes.10G050700.v8.1,Manes.10G050700,(1 of 4) K16298 - serine carboxypeptidase-like clade IV [EC:3.4.16.-] (SCPL-IV),turquoise,NA,gene
Manes.10G051200.v8.1,Manes.10G051200,(1 of 2) K12885 - heterogeneous nuclear ribonucleoprotein G (RBMX; HNRNPG),turquoise,NA,gene
Manes.10G051600.v8.1,Manes.10G051600,(1 of 6) PF07795 - Protein of unknown function (DUF1635) (DUF1635),turquoise,NA,gene
Manes.10G052301.v8.1,Manes.10G052301,(1 of 1) PTHR31989:SF29 - F18K10.6 PROTEIN-RELATED,purple,NA,gene
Manes.10G052800.v8.1,Manes.10G052800,(1 of 6) PTHR21493//PTHR21493:SF131 - CGI-141-RELATED/LIPASE CONTAINING PROTEIN // ALPHA/BETA-HYDROLASES,turquoise,NA,gene
Manes.10G053500.v8.1,Manes.10G053500,(1 of 2) PTHR10343//PTHR10343:SF58 - 5'-AMP-ACTIVATED PROTEIN KINASE ; BETA SUBUNIT // PHOSPHOGLUCAN PHOSPHATASE DSP4; CHLOROPLASTIC,turquoise,NA,gene
Manes.10G053900.v8.1,Manes.10G053900,(1 of 4) 2.4.1.224//2.4.1.225 - Glucuronosyl-N-acetylglucosaminyl-proteoglycan 4-alpha-N- acetylglucosaminyltransferase / acetylglucosaminyltransferase // N-acetylglucosaminyl-proteoglycan 4-beta-glucuronosyltransferase / N-acetylglucosaminylproteoglycan beta-1;4-glucuronyltransferase,black,NA,gene
Manes.10G054100.v8.1,Manes.10G054100,(1 of 1) PTHR23151:SF56 - DIHYDROLIPOYLLYSINE-RESIDUE ACETYLTRANSFERASE COMPONENT 1 OF PYRUVATE DEHYDROGENASE COMPLEX; MITOCHONDRIAL,turquoise,carb,gene
Manes.10G054800.v8.1,Manes.10G054800,(1 of 207) PF01535//PF13041 - PPR repeat (PPR) // PPR repeat family (PPR_2),turquoise,NA,gene
Manes.10G055000.v8.1,Manes.10G055000,(1 of 1) PF01344//PF13418 - Kelch motif (Kelch_1) // Galactose oxidase; central domain (Kelch_4),turquoise,NA,gene
Manes.10G055200.v8.1,Manes.10G055200,(1 of 2) PTHR10359//PTHR10359:SF28 - A/G-SPECIFIC ADENINE GLYCOSYLASE/ENDONUCLEASE III // TRANSCRIPTIONAL ACTIVATOR DEMETER,turquoise,NA,gene
Manes.10G055500.v8.1,Manes.10G055500,(1 of 2) PTHR19919//PTHR19919:SF2 - WD REPEAT CONTAINING PROTEIN // PROTEIN TRANSPARENT TESTA GLABRA 1,black,NA,gene
Manes.10G055600.v8.1,Manes.10G055600,(1 of 29) KOG4282 - Transcription factor GT-2 and related proteins; contains trihelix DNA-binding/SANT domain,turquoise,NA,gene
Manes.10G055800.v8.1,Manes.10G055800,(1 of 3) 6.1.1.6 - Lysine--tRNA ligase / Lysyl-tRNA synthetase,turquoise,NA,gene
Manes.10G057500.v8.1,Manes.10G057500,(1 of 207) PF01535//PF13041 - PPR repeat (PPR) // PPR repeat family (PPR_2),turquoise,NA,gene
Manes.10G057700.v8.1,Manes.10G057700,(1 of 12) PF12899 - Alkaline and neutral invertase (Glyco_hydro_100),turquoise,NA,gene
Manes.10G057800.v8.1,Manes.10G057800,(1 of 1) PTHR22835//PTHR22835:SF224 - ZINC FINGER FYVE DOMAIN CONTAINING PROTEIN // SUBFAMILY NOT NAMED,turquoise,NA,gene
Manes.10G058900.v8.1,Manes.10G058900,(1 of 4) K02962 - small subunit ribosomal protein S17e (RP-S17e; RPS17),turquoise,NA,gene
Manes.10G060200.v8.1,Manes.10G060200,(1 of 31) PF02485 - Core-2/I-Branching enzyme (Branch),turquoise,NA,gene
Manes.10G060400.v8.1,Manes.10G060400,(1 of 38) PF01535//PF12854//PF13041 - PPR repeat (PPR) // PPR repeat (PPR_1) // PPR repeat family (PPR_2),turquoise,NA,gene
Manes.10G061400.v8.1,Manes.10G061400,(1 of 1) PTHR31096//PTHR31096:SF14 - FAMILY NOT NAMED // ACT DOMAIN-CONTAINING PROTEIN,turquoise,NA,gene
Manes.10G061600.v8.1,Manes.10G061600,(1 of 1) PTHR33510//PTHR33510:SF2 - FAMILY NOT NAMED // PROTEIN TIC 20-IV; CHLOROPLASTIC,black,NA,gene
Manes.10G062100.v8.1,Manes.10G062100,(1 of 1) K10743 - ribonuclease H2 subunit A (RNASEH2A),turquoise,NA,gene
Manes.10G062400.v8.1,Manes.10G062400,(1 of 7) K08511 - vesicle-associated membrane protein 72 (ATVAMP72),turquoise,NA,gene
Manes.10G064500.v8.1,Manes.10G064500,,turquoise,NA,gene
Manes.10G064700.v8.1,Manes.10G064700,(1 of 4) K02962 - small subunit ribosomal protein S17e (RP-S17e; RPS17),turquoise,NA,gene
Manes.10G064901.v8.1,Manes.10G064901,(1 of 1) PF14966 - DNA repair REX1-B (DNA_repr_REX1B),turquoise,NA,gene
Manes.10G065100.v8.1,Manes.10G065100,(1 of 1) PTHR31060:SF8 - F8M12.23 PROTEIN,turquoise,NA,gene
Manes.10G065200.v8.1,Manes.10G065200,(1 of 1) K02469 - DNA gyrase subunit A [EC:5.99.1.3] (gyrA),turquoise,NA,gene
Manes.10G065500.v8.1,Manes.10G065500,(1 of 1) K17906 - autophagy-related protein 2 (ATG2),turquoise,NA,gene
Manes.10G065600.v8.1,Manes.10G065600,(1 of 1) PTHR21717//PTHR21717:SF22 - TELOMERIC REPEAT BINDING PROTEIN // SUBFAMILY NOT NAMED,turquoise,NA,gene
Manes.10G065700.v8.1,Manes.10G065700,(1 of 1) 1.1.1.141 - 15-hydroxyprostaglandin dehydrogenase (NAD(+)) / 15-hydroxyprostaglandin dehydrogenase,turquoise,NA,gene
Manes.10G066400.v8.1,Manes.10G066400,(1 of 2) PTHR23024:SF157 - CARBOXYLESTERASE 12-RELATED,black,NA,gene
Manes.10G066800.v8.1,Manes.10G066800,(1 of 7) PTHR13068:SF18 - EMB|CAB62602.1,purple,NA,gene
Manes.10G067101.v8.1,Manes.10G067101,(1 of 1) PTHR16193//PTHR16193:SF0 - UNCHARACTERIZED // TETRATRICOPEPTIDE REPEAT PROTEIN 27,turquoise,NA,gene
Manes.10G067400.v8.1,Manes.10G067400,(1 of 1) PTHR12111//PTHR12111:SF1 - CELL CYCLE CONTROL PROTEIN CWF16-RELATED // COILED-COIL DOMAIN-CONTAINING PROTEIN 94,turquoise,NA,gene
Manes.10G065901.v8.1,Manes.10G065901,(1 of 1) PTHR13555//PTHR13555:SF34 - C2H2 ZINC FINGER CGI-62-RELATED // SUBFAMILY NOT NAMED,turquoise,NA,gene
Manes.10G068000.v8.1,Manes.10G068000,(1 of 1) PTHR31142:SF3 - PROTEIN TOM THREE HOMOLOG 1-RELATED,turquoise,NA,gene
Manes.10G068400.v8.1,Manes.10G068400,(1 of 1) PTHR10110//PTHR10110:SF119 - SODIUM/HYDROGEN EXCHANGER // SODIUM/HYDROGEN EXCHANGER 5-RELATED,turquoise,NA,gene
Manes.10G069200.v8.1,Manes.10G069200,(1 of 1) PTHR23180//PTHR23180:SF244 - CENTAURIN/ARF // ADP-RIBOSYLATION FACTOR GTPASE-ACTIVATING PROTEIN AGD2-RELATED,turquoise,NA,gene
Manes.10G069300.v8.1,Manes.10G069300,(1 of 2) PTHR32263:SF4 - INACTIVE POLY [ADP-RIBOSE] POLYMERASE RCD1-RELATED,turquoise,NA,gene
Manes.10G069400.v8.1,Manes.10G069400,(1 of 2) KOG2615 - Permease of the major facilitator superfamily,black,NA,gene
Manes.10G071500.v8.1,Manes.10G071500,(1 of 2) PTHR12560//PTHR12560:SF12 - LONGEVITY ASSURANCE FACTOR 1  LAG1 // LAG1 LONGEVITY ASSURANCE HOMOLOG 2,turquoise,NA,gene
Manes.10G072200.v8.1,Manes.10G072200,(1 of 5) K14802 - phospholipid-transporting ATPase [EC:3.6.3.1] (DRS2; ATP8A),turquoise,NA,gene
Manes.10G072300.v8.1,Manes.10G072300,(1 of 1) KOG2665 - Predicted FAD-dependent oxidoreductase,turquoise,NA,gene
Manes.10G072400.v8.1,Manes.10G072400,(1 of 1) PTHR24314//PTHR24314:SF6 - FAMILY NOT NAMED // CHLOROPHYLL(IDE) B REDUCTASE NOL; CHLOROPLASTIC,turquoise,NA,gene
Manes.10G070600.v8.1,Manes.10G070600,(1 of 2) PTHR11527//PTHR11527:SF131 - SMALL HEAT-SHOCK PROTEIN  HSP20  FAMILY // SUBFAMILY NOT NAMED,turquoise,NA,gene
Manes.10G056200.v8.1,Manes.10G056200,(1 of 3) PF08553 - VID27 cytoplasmic protein (VID27),purple,NA,gene
Manes.10G075803.v8.1,Manes.10G075803,(1 of 1) PF01824 - MatK/TrnK amino terminal region (MatK_N),turquoise,NA,gene
Manes.10G074100.v8.1,Manes.10G074100,(1 of 2) PTHR11711//PTHR11711:SF184 - ADP RIBOSYLATION FACTOR-RELATED // SUBFAMILY NOT NAMED,turquoise,NA,gene
Manes.10G073700.v8.1,Manes.10G073700,(1 of 1) 3.1.1.53 - Sialate O-acetylesterase,turquoise,NA,gene
Manes.10G076300.v8.1,Manes.10G076300,(1 of 2) PTHR34548:SF2 - PROTEIN TIC 21; CHLOROPLASTIC,black,NA,gene
Manes.10G076400.v8.1,Manes.10G076400,(1 of 2) PTHR10994:SF77 - RETICULON-LIKE PROTEIN B10-RELATED,black,NA,gene
Manes.10G077334.v8.1,Manes.10G077334,(1 of 2) K03011 - DNA-directed RNA polymerase II subunit RPB3 (RPB3; POLR2C),black,NA,gene
Manes.10G077600.v8.1,Manes.10G077600,(1 of 1) K14320 - aladin (AAAS),turquoise,NA,gene
Manes.10G077800.v8.1,Manes.10G077800,(1 of 12) PF04669 - Polysaccharide biosynthesis (Polysacc_synt_4),turquoise,NA,gene
Manes.10G079600.v8.1,Manes.10G079600,(1 of 1) PTHR10795//PTHR10795:SF425 - PROPROTEIN CONVERTASE SUBTILISIN/KEXIN // SUBFAMILY NOT NAMED,turquoise,NA,gene
Manes.10G080301.v8.1,Manes.10G080301,,turquoise,NA,gene
Manes.10G081300.v8.1,Manes.10G081300,(1 of 1) K17783 - mitochondrial FAD-linked sulfhydryl oxidase [EC:1.8.3.2] (ERV1; GFER; ALR),turquoise,NA,gene
Manes.10G080100.v8.1,Manes.10G080100,,black,NA,gene
Manes.10G079900.v8.1,Manes.10G079900,(1 of 2) PTHR10381//PTHR10381:SF18 - ATP-DEPENDENT CLP PROTEASE PROTEOLYTIC SUBUNIT // SUBFAMILY NOT NAMED,turquoise,NA,gene
Manes.10G082700.v8.1,Manes.10G082700,(1 of 1569) 2.7.11.1 - Non-specific serine/threonine protein kinase / Threonine-specific protein kinase,turquoise,NA,gene
Manes.10G083455.v8.1,Manes.10G083455,(1 of 4) PTHR21717//PTHR21717:SF27 - TELOMERIC REPEAT BINDING PROTEIN // TELOMERE REPEAT-BINDING FACTOR 2-RELATED,turquoise,NA,gene
Manes.10G083600.v8.1,Manes.10G083600,(1 of 6) K07955 - ADP-ribosylation factor-like protein 8 (ARL8),black,NA,gene
Manes.10G081500.v8.1,Manes.10G081500,(1 of 1) K03511 - DNA polymerase kappa (POLK),turquoise,NA,gene
Manes.10G082000.v8.1,Manes.10G082000,(1 of 3) K12862 - pleiotropic regulator 1 (PLRG1; PRL1; PRP46),turquoise,NA,gene
Manes.10G082400.v8.1,Manes.10G082400,(1 of 4) PTHR21717//PTHR21717:SF27 - TELOMERIC REPEAT BINDING PROTEIN // TELOMERE REPEAT-BINDING FACTOR 2-RELATED,turquoise,NA,gene
Manes.10G084100.v8.1,Manes.10G084100,(1 of 207) PF01535//PF13041 - PPR repeat (PPR) // PPR repeat family (PPR_2),turquoise,NA,gene
Manes.10G084200.v8.1,Manes.10G084200,(1 of 1) PF02162//PF12734 - XYPPX repeat (two copies) (XYPPX) // Cysteine-rich TM module stress tolerance (CYSTM),turquoise,NA,gene
Manes.10G084800.v8.1,Manes.10G084800,(1 of 2) PTHR13890//PTHR13890:SF4 - RNA SPLICING PROTEIN MRS2; MITOCHONDRIAL // MAGNESIUM TRANSPORTER MRS2-3,turquoise,NA,gene
Manes.10G086900.v8.1,Manes.10G086900,(1 of 1) PTHR11864//PTHR11864:SF21 - PRE-MRNA-PROCESSING PROTEIN PRP40 // SUBFAMILY NOT NAMED,turquoise,NA,gene
Manes.10G087100.v8.1,Manes.10G087100,,turquoise,NA,gene
Manes.10G088500.v8.1,Manes.10G088500,(1 of 36) PTHR11017//PTHR11017:SF162 - LEUCINE-RICH REPEAT-CONTAINING PROTEIN // SUBFAMILY NOT NAMED,purple,NA,gene
Manes.10G087900.v8.1,Manes.10G087900,,black,NA,gene
Manes.10G090400.v8.1,Manes.10G090400,(1 of 2) PF02386 - Cation transport protein (TrkH),turquoise,NA,gene
Manes.10G092300.v8.1,Manes.10G092300,(1 of 1) PTHR32285:SF23 - PROTEIN TRICHOME BIREFRINGENCE-LIKE 12,turquoise,NA,gene
Manes.10G093200.v8.1,Manes.10G093200,(1 of 2) PTHR22880//PTHR22880:SF147 - FALZ-RELATED BROMODOMAIN-CONTAINING PROTEINS // SUBFAMILY NOT NAMED,turquoise,NA,gene
Manes.10G093801.v8.1,Manes.10G093801,(1 of 4) PTHR11945//PTHR11945:SF144 - MADS BOX PROTEIN // AGAMOUS-LIKE MADS-BOX PROTEIN AGL17-RELATED,turquoise,NA,gene
Manes.10G094333.v8.1,Manes.10G094333,(1 of 2) PTHR22880//PTHR22880:SF147 - FALZ-RELATED BROMODOMAIN-CONTAINING PROTEINS // SUBFAMILY NOT NAMED,turquoise,NA,gene
Manes.10G096900.v8.1,Manes.10G096900,(1 of 3) PTHR11922:SF42 - CLASS I GLUTAMINE AMIDOTRANSFERASE DOMAIN-CONTAINING PROTEIN-RELATED,turquoise,NA,gene
Manes.10G097300.v8.1,Manes.10G097300,(1 of 3) K17065 - dynamin 1-like protein (DNM1L),turquoise,NA,gene
Manes.10G097500.v8.1,Manes.10G097500,(1 of 1) PTHR10288:SF173 - RNA-BINDING KH DOMAIN-CONTAINING PROTEIN,turquoise,NA,gene
Manes.10G097700.v8.1,Manes.10G097700,(1 of 1) PTHR33917//PTHR33917:SF1 - FAMILY NOT NAMED // PROTEIN EXECUTER 1; CHLOROPLASTIC,turquoise,NA,gene
Manes.10G098500.v8.1,Manes.10G098500,(1 of 2) PTHR18937//PTHR18937:SF222 - STRUCTURAL MAINTENANCE OF CHROMOSOMES SMC FAMILY MEMBER // SUBFAMILY NOT NAMED,turquoise,NA,gene
Manes.10G099401.v8.1,Manes.10G099401,,turquoise,NA,gene
Manes.10G100025.v8.1,Manes.10G100025,,turquoise,NA,gene
Manes.10G100275.v8.1,Manes.10G100275,,turquoise,NA,gene
Manes.10G101177.v8.1,Manes.10G101177,,turquoise,NA,gene
Manes.10G104500.v8.1,Manes.10G104500,(1 of 16) K06630 - 14-3-3 protein epsilon (YWHAE),turquoise,NA,gene
Manes.10G105142.v8.1,Manes.10G105142,(1 of 6) K14396 - polyadenylate-binding protein 2 (PABPN1; PABP2),turquoise,NA,gene
Manes.10G105156.v8.1,Manes.10G105156,(1 of 2) PTHR31279//PTHR31279:SF12 - FAMILY NOT NAMED // PHI-1-LIKE PROTEIN,turquoise,NA,gene
Manes.10G105300.v8.1,Manes.10G105300,(1 of 24) 2.4.1.324 - 7-deoxyloganetin glucosyltransferase / UGT85A24,purple,NA,gene
Manes.10G106700.v8.1,Manes.10G106700,(1 of 1) K06638 - mitotic spindle assembly checkpoint protein MAD1 (MAD1L),turquoise,NA,gene
Manes.10G107366.v8.1,Manes.10G107366,,turquoise,NA,gene
Manes.10G108000.v8.1,Manes.10G108000,(1 of 3) PTHR11785:SF379 - CATIONIC AMINO ACID TRANSPORTER 4; VACUOLAR,turquoise,NA,gene
Manes.10G111800.v8.1,Manes.10G111800,(1 of 1) PTHR12620//PTHR12620:SF4 - U2 SNRNP AUXILIARY FACTOR; SMALL SUBUNIT // ZINC FINGER CCCH DOMAIN-CONTAINING PROTEIN 5,turquoise,NA,gene
Manes.10G113500.v8.1,Manes.10G113500,(1 of 5) PTHR11260//PTHR11260:SF327 - GLUTATHIONE S-TRANSFERASE; GST; SUPERFAMILY; GST DOMAIN CONTAINING // SUBFAMILY NOT NAMED,turquoise,NA,gene
Manes.10G113400.v8.1,Manes.10G113400,(1 of 5) PTHR11260//PTHR11260:SF327 - GLUTATHIONE S-TRANSFERASE; GST; SUPERFAMILY; GST DOMAIN CONTAINING // SUBFAMILY NOT NAMED,turquoise,NA,gene
Manes.10G112500.v8.1,Manes.10G112500,(1 of 4) PTHR24361:SF385 - MITOGEN-ACTIVATED PROTEIN KINASE KINASE 1-RELATED,turquoise,NA,gene
Manes.10G112400.v8.1,Manes.10G112400,(1 of 5) PF00240//PF00632//PF14531 - Ubiquitin family (ubiquitin) // HECT-domain (ubiquitin-transferase) (HECT) // Kinase-like (Kinase-like),turquoise,NA,gene
Manes.10G112200.v8.1,Manes.10G112200,(1 of 5) K13414 - mitogen-activated protein kinase kinase kinase 1; plant (MEKK1P),turquoise,NA,gene
Manes.10G112000.v8.1,Manes.10G112000,(1 of 86) PTHR23155//PTHR23155:SF563 - LEUCINE-RICH REPEAT-CONTAINING PROTEIN // SUBFAMILY NOT NAMED,black,NA,gene
Manes.10G110100.v8.1,Manes.10G110100,(1 of 1) PTHR11689//PTHR11689:SF87 - CHLORIDE CHANNEL // SUBFAMILY NOT NAMED,purple,NA,gene
Manes.10G110400.v8.1,Manes.10G110400,(1 of 11) PF05212 - Protein of unknown function (DUF707) (DUF707),turquoise,NA,gene
Manes.10G110600.v8.1,Manes.10G110600,(1 of 1) PTHR31669//PTHR31669:SF34 - FAMILY NOT NAMED // PROTEIN FAR1-RELATED SEQUENCE 11,turquoise,NA,gene
Manes.10G114062.v8.1,Manes.10G114062,(1 of 4) PTHR23155//PTHR23155:SF643 - LEUCINE-RICH REPEAT-CONTAINING PROTEIN // SUBFAMILY NOT NAMED,turquoise,NA,gene
Manes.10G114400.v8.1,Manes.10G114400,(1 of 2) PF00931//PF07714//PF13855 - NB-ARC domain (NB-ARC) // Protein tyrosine kinase (Pkinase_Tyr) // Leucine rich repeat (LRR_8),turquoise,NA,gene
Manes.10G115500.v8.1,Manes.10G115500,(1 of 2) PTHR24056//PTHR24056:SF203 - CELL DIVISION PROTEIN KINASE // PROTEIN KINASE SUPERFAMILY PROTEIN,turquoise,NA,gene
Manes.10G115800.v8.1,Manes.10G115800,(1 of 9) K07874 - Ras-related protein Rab-1A (RAB1A),turquoise,NA,gene
Manes.10G117100.v8.1,Manes.10G117100,(1 of 38) PF00564 - PB1 domain (PB1),turquoise,NA,gene
Manes.10G118000.v8.1,Manes.10G118000,(1 of 9) K02925 - large subunit ribosomal protein L3e (RP-L3e; RPL3),turquoise,NA,gene
Manes.10G119700.v8.1,Manes.10G119700,(1 of 1) K18995 - ATP-dependent RNA helicase DHX29 [EC:3.6.4.13] (DHX29),turquoise,NA,gene
Manes.10G120400.v8.1,Manes.10G120400,(1 of 37) PF03634 - TCP family transcription factor (TCP),turquoise,NA,gene
Manes.10G123912.v8.1,Manes.10G123912,(1 of 1) PTHR18896//PTHR18896:SF71 - PHOSPHOLIPASE D // SUBFAMILY NOT NAMED,turquoise,NA,gene
Manes.10G123100.v8.1,Manes.10G123100,(1 of 2) K17087 - transmembrane 9 superfamily member 3 (TM9SF3),turquoise,NA,gene
Manes.10G123000.v8.1,Manes.10G123000,(1 of 12) K14498 - serine/threonine-protein kinase SRK2 (SNRK2),turquoise,NA,gene
Manes.10G122900.v8.1,Manes.10G122900,(1 of 1) 2.5.1.3//2.7.1.49//2.7.4.7 - Thiamine-phosphate diphosphorylase / TMP pyrophosphorylase // Hydroxymethylpyrimidine kinase // Phosphomethylpyrimidine kinase / Hydroxymethylpyrimidine phosphokinase,turquoise,NA,gene
Manes.10G122800.v8.1,Manes.10G122800,(1 of 1) PTHR13710:SF94 - ATP-DEPENDENT DNA HELICASE RECQ FAMILY PROTEIN,turquoise,NA,gene
Manes.10G122700.v8.1,Manes.10G122700,,turquoise,NA,gene
Manes.10G122200.v8.1,Manes.10G122200,(1 of 2) PF11595 - Protein of unknown function (DUF3245) (DUF3245),turquoise,NA,gene
Manes.10G127500.v8.1,Manes.10G127500,(1 of 46) PF13676 - TIR domain (TIR_2),turquoise,NA,gene
Manes.10G129200.v8.1,Manes.10G129200,(1 of 2) PTHR37707:SF1 - MATERNAL EFFECT EMBRYO ARREST 9 PROTEIN,turquoise,NA,gene
Manes.10G129300.v8.1,Manes.10G129300,(1 of 4) PTHR22811//PTHR22811:SF68 - TRANSMEMBRANE EMP24 DOMAIN-CONTAINING PROTEIN // SUBFAMILY NOT NAMED,black,NA,gene
Manes.10G129700.v8.1,Manes.10G129700,(1 of 1) PTHR33826//PTHR33826:SF4 - FAMILY NOT NAMED // F20B24.21,turquoise,NA,gene
Manes.10G129800.v8.1,Manes.10G129800,(1 of 1) PTHR22936//PTHR22936:SF29 - RHOMBOID-RELATED // RHOMBOID-LIKE PROTEIN 10,turquoise,NA,gene
Manes.10G130100.v8.1,Manes.10G130100,(1 of 10) PF11891 - Domain of unknown function (DUF3411) (DUF3411),black,NA,gene
Manes.10G130600.v8.1,Manes.10G130600,(1 of 1) PTHR11566:SF78 - DYNAMIN-LIKE PROTEIN ARC5,black,NA,gene
Manes.10G130700.v8.1,Manes.10G130700,(1 of 36) PF00314 - Thaumatin family (Thaumatin),turquoise,NA,gene
Manes.10G131400.v8.1,Manes.10G131400,(1 of 1) PTHR11926:SF207 - UDP-GLYCOSYLTRANSFERASE SUPERFAMILY PROTEIN,turquoise,NA,gene
Manes.10G131600.v8.1,Manes.10G131600,(1 of 6) PTHR21596:SF12 - PROTEIN SUPPRESSOR OF GENE SILENCING 3,turquoise,NA,gene
Manes.10G131800.v8.1,Manes.10G131800,(1 of 3) PTHR21229//PTHR21229:SF28 - LUNG SEVEN TRANSMEMBRANE RECEPTOR // LUNG SEVEN TRANSMEMBRANE RECEPTOR-LIKE PROTEIN,turquoise,NA,gene
Manes.10G132600.v8.1,Manes.10G132600,(1 of 2) PTHR24361//PTHR24361:SF409 - MITOGEN-ACTIVATED KINASE KINASE KINASE // SUBFAMILY NOT NAMED,turquoise,NA,gene
Manes.10G133665.v8.1,Manes.10G133665,(1 of 45) KOG1947 - Leucine rich repeat proteins; some proteins contain F-box,black,NA,gene
Manes.10G133674.v8.1,Manes.10G133674,,turquoise,NA,gene
Manes.10G133704.v8.1,Manes.10G133704,,black,NA,gene
Manes.10G134203.v8.1,Manes.10G134203,(1 of 86) PTHR23155//PTHR23155:SF563 - LEUCINE-RICH REPEAT-CONTAINING PROTEIN // SUBFAMILY NOT NAMED,turquoise,NA,gene
Manes.10G134500.v8.1,Manes.10G134500,(1 of 22) 2.3.1.75 - Long-chain-alcohol O-fatty-acyltransferase / Wax synthase,turquoise,NA,gene
Manes.10G135000.v8.1,Manes.10G135000,(1 of 1569) 2.7.11.1 - Non-specific serine/threonine protein kinase / Threonine-specific protein kinase,turquoise,NA,gene
Manes.10G135700.v8.1,Manes.10G135700,(1 of 86) PTHR23155//PTHR23155:SF563 - LEUCINE-RICH REPEAT-CONTAINING PROTEIN // SUBFAMILY NOT NAMED,turquoise,NA,gene
Manes.10G136100.v8.1,Manes.10G136100,(1 of 2) PTHR12385//PTHR12385:SF4 - CTL TRANSPORTER // PROTEIN PNS1,turquoise,NA,gene
Manes.10G136300.v8.1,Manes.10G136300,(1 of 2) K02863 - large subunit ribosomal protein L1 (RP-L1; MRPL1; rplA),turquoise,NA,gene
Manes.10G137493.v8.1,Manes.10G137493,(1 of 14) PF02902 - Ulp1 protease family; C-terminal catalytic domain (Peptidase_C48),turquoise,NA,gene
Manes.10G137900.v8.1,Manes.10G137900,(1 of 6) PTHR23155//PTHR23155:SF414 - LEUCINE-RICH REPEAT-CONTAINING PROTEIN // SUBFAMILY NOT NAMED,turquoise,NA,gene
Manes.10G138900.v8.1,Manes.10G138900,(1 of 2) PF01073//PF01370 - 3-beta hydroxysteroid dehydrogenase/isomerase family (3Beta_HSD) // NAD dependent epimerase/dehydratase family (Epimerase),turquoise,NA,gene
Manes.10G139300.v8.1,Manes.10G139300,,turquoise,NA,gene
Manes.10G139900.v8.1,Manes.10G139900,(1 of 18) PTHR23155//PTHR23155:SF609 - LEUCINE-RICH REPEAT-CONTAINING PROTEIN // SUBFAMILY NOT NAMED,turquoise,NA,gene
Manes.10G140200.v8.1,Manes.10G140200,(1 of 2) PTHR21736:SF23 - PROTEIN OBERON 4,turquoise,NA,gene
Manes.10G140300.v8.1,Manes.10G140300,(1 of 2) PTHR21736//PTHR21736:SF23 - VERNALIZATION-INSENSITIVE PROTEIN 3 // PROTEIN OBERON 4,turquoise,NA,gene
Manes.10G141000.v8.1,Manes.10G141000,,turquoise,NA,gene
Manes.10G141200.v8.1,Manes.10G141200,(1 of 17) K06966 - uncharacterized protein (K06966),turquoise,NA,gene
Manes.10G141533.v8.1,Manes.10G141533,(1 of 86) PTHR23155//PTHR23155:SF563 - LEUCINE-RICH REPEAT-CONTAINING PROTEIN // SUBFAMILY NOT NAMED,purple,NA,gene
Manes.10G141601.v8.1,Manes.10G141601,(1 of 86) PTHR23155//PTHR23155:SF563 - LEUCINE-RICH REPEAT-CONTAINING PROTEIN // SUBFAMILY NOT NAMED,purple,NA,gene
Manes.10G141651.v8.1,Manes.10G141651,(1 of 6) PTHR23155//PTHR23155:SF414 - LEUCINE-RICH REPEAT-CONTAINING PROTEIN // SUBFAMILY NOT NAMED,purple,NA,gene
Manes.10G141700.v8.1,Manes.10G141700,(1 of 86) PTHR23155//PTHR23155:SF563 - LEUCINE-RICH REPEAT-CONTAINING PROTEIN // SUBFAMILY NOT NAMED,purple,NA,gene
Manes.10G142050.v8.1,Manes.10G142050,,purple,NA,gene
Manes.10G141900.v8.1,Manes.10G141900,(1 of 6) PTHR23155//PTHR23155:SF414 - LEUCINE-RICH REPEAT-CONTAINING PROTEIN // SUBFAMILY NOT NAMED,purple,NA,gene
Manes.10G142200.v8.1,Manes.10G142200,(1 of 86) PTHR23155//PTHR23155:SF563 - LEUCINE-RICH REPEAT-CONTAINING PROTEIN // SUBFAMILY NOT NAMED,purple,NA,gene
Manes.10G142600.v8.1,Manes.10G142600,(1 of 1) PTHR13301//PTHR13301:SF61 - X-BOX TRANSCRIPTION FACTOR-RELATED // SUBFAMILY NOT NAMED,turquoise,NA,gene
Manes.10G142900.v8.1,Manes.10G142900,(1 of 2) PTHR14493//PTHR14493:SF47 - UNCHARACTERIZED // ZINC FINGER CCCH DOMAIN-CONTAINING PROTEIN 56,turquoise,NA,gene
Manes.10G144000.v8.1,Manes.10G144000,(1 of 18) PTHR23155//PTHR23155:SF609 - LEUCINE-RICH REPEAT-CONTAINING PROTEIN // SUBFAMILY NOT NAMED,turquoise,NA,gene
Manes.10G145400.v8.1,Manes.10G145400,,turquoise,NA,gene
Manes.10G147800.v8.1,Manes.10G147800,(1 of 1) PTHR10209//PTHR10209:SF205 - OXIDOREDUCTASE; 2OG-FE II  OXYGENASE FAMILY PROTEIN // SUBFAMILY NOT NAMED,turquoise,NA,gene
Manes.10G148700.v8.1,Manes.10G148700,(1 of 2) 2.1.1.107 - Uroporphyrinogen-III C-methyltransferase / Uroporphyrinogen-III methyltransferase,black,NA,gene
Manes.10G150700.v8.1,Manes.10G150700,(1 of 1) PTHR13789//PTHR13789:SF227 - MONOOXYGENASE // SUBFAMILY NOT NAMED,turquoise,NA,gene
Manes.10G153800.v8.1,Manes.10G153800,(1 of 1) PTHR12197:SF138 - SET AND MYND DOMAIN-CONTAINING PROTEIN DDB_G0292140,turquoise,NA,gene
Manes.11G000300.v8.1,Manes.11G000300,,turquoise,NA,gene
Manes.11G000500.v8.1,Manes.11G000500,(1 of 2) K15498 - serine/threonine-protein phosphatase 6 catalytic subunit [EC:3.1.3.16] (PPP6C),turquoise,NA,gene
Manes.11G000600.v8.1,Manes.11G000600,(1 of 2) K01354 - oligopeptidase B (ptrB),turquoise,NA,gene
Manes.11G000900.v8.1,Manes.11G000900,(1 of 2) K11518 - mitochondrial import receptor subunit TOM40 (TOM40),turquoise,NA,gene
Manes.11G001200.v8.1,Manes.11G001200,(1 of 1) PTHR10827//PTHR10827:SF52 - RETICULOCALBIN // IP16409P,turquoise,NA,gene
Manes.11G001300.v8.1,Manes.11G001300,(1 of 6) PTHR24078:SF279 - DUPLICATED SANT DNA-BINDING DOMAIN-CONTAINING PROTEIN,turquoise,NA,gene
Manes.11G002700.v8.1,Manes.11G002700,(1 of 1) PTHR18829:SF0 - YAE1 DOMAIN-CONTAINING PROTEIN 1,turquoise,NA,gene
Manes.11G002900.v8.1,Manes.11G002900,,turquoise,NA,gene
Manes.11G003700.v8.1,Manes.11G003700,(1 of 3) K17099 - annexin A13 (ANXA13),turquoise,NA,gene
Manes.11G004100.v8.1,Manes.11G004100,(1 of 1) PTHR10315//PTHR10315:SF29 - SEVEN IN ABSENTIA HOMOLOG // SUBFAMILY NOT NAMED,turquoise,NA,gene
Manes.11G004200.v8.1,Manes.11G004200,(1 of 1) 4.1.1.23 - Orotidine-5'-phosphate decarboxylase / Uridine 5'-monophosphate synthase,turquoise,NA,gene
Manes.11G004900.v8.1,Manes.11G004900,(1 of 2) PTHR26402//PTHR26402:SF574 - RESPONSE REGULATOR OF TWO-COMPONENT SYSTEM // SUBFAMILY NOT NAMED,turquoise,NA,gene
Manes.11G006900.v8.1,Manes.11G006900,(1 of 2) PTHR12629:SF9 - NUDIX HYDROLASE 16; MITOCHONDRIAL,turquoise,NA,gene
Manes.11G007250.v8.1,Manes.11G007250,(1 of 2) K18417 - ERI1 exoribonuclease 2 [EC:3.1.-.-] (ERI2),turquoise,NA,gene
Manes.11G007700.v8.1,Manes.11G007700,(1 of 2) PTHR33334:SF2 - GENOMIC DNA; CHROMOSOME 3; P1 CLONE: MQC3,turquoise,NA,gene
Manes.11G008100.v8.1,Manes.11G008100,(1 of 1) PTHR22603//PTHR22603:SF41 - CHOLINE/ETHANOALAMINE KINASE // CHOLINE KINASE 2-RELATED,turquoise,NA,gene
Manes.11G008200.v8.1,Manes.11G008200,(1 of 1) PTHR35753//PTHR35753:SF1 - FAMILY NOT NAMED // PROLINE-RICH FAMILY PROTEIN,turquoise,NA,gene
Manes.11G008800.v8.1,Manes.11G008800,(1 of 2) PTHR10252//PTHR10252:SF40 - HISTONE-LIKE TRANSCRIPTION FACTOR CCAAT-RELATED // SUBFAMILY NOT NAMED,turquoise,NA,gene
Manes.11G009700.v8.1,Manes.11G009700,(1 of 3) PF03399 - SAC3/GANP/Nin1/mts3/eIF-3 p25 family (SAC3_GANP),turquoise,NA,gene
Manes.11G009800.v8.1,Manes.11G009800,,turquoise,NA,gene
Manes.11G010000.v8.1,Manes.11G010000,(1 of 2) K18460 - exportin-7 (XPO7; EXP7),turquoise,NA,gene
Manes.11G010400.v8.1,Manes.11G010400,(1 of 3) KOG3158 - HSP90 co-chaperone p23,turquoise,NA,gene
Manes.11G010500.v8.1,Manes.11G010500,(1 of 5) PTHR10688 - PWWP DOMAIN-CONTAINING PROTEIN,purple,NA,gene
Manes.11G011200.v8.1,Manes.11G011200,(1 of 6) PTHR21493:SF131 - ALPHA/BETA-HYDROLASES,black,NA,gene
Manes.11G011400.v8.1,Manes.11G011400,(1 of 3) K03061 - 26S proteasome regulatory subunit T1 (PSMC2; RPT1),turquoise,NA,gene
Manes.11G012600.v8.1,Manes.11G012600,(1 of 3) PTHR31707//PTHR31707:SF42 - FAMILY NOT NAMED // PECTINESTERASE 1-RELATED,turquoise,carb,gene
Manes.11G013100.v8.1,Manes.11G013100,(1 of 3) PTHR11353//PTHR11353:SF93 - CHAPERONIN // SUBFAMILY NOT NAMED,turquoise,NA,gene
Manes.11G013900.v8.1,Manes.11G013900,(1 of 10) PTHR22835//PTHR22835:SF262 - ZINC FINGER FYVE DOMAIN CONTAINING PROTEIN // GDSL ESTERASE/LIPASE 5-RELATED,turquoise,NA,gene
Manes.11G014300.v8.1,Manes.11G014300,(1 of 2) PTHR11200//PTHR11200:SF122 - INOSITOL 5-PHOSPHATASE // PHOSPHOINOSITIDE PHOSPHATASE SAC3-RELATED,black,NA,gene
Manes.11G014400.v8.1,Manes.11G014400,(1 of 5) K02998 - small subunit ribosomal protein SAe (RP-SAe; RPSA),turquoise,NA,gene
Manes.11G014600.v8.1,Manes.11G014600,(1 of 5) K02998 - small subunit ribosomal protein SAe (RP-SAe; RPSA),turquoise,NA,gene
Manes.11G015400.v8.1,Manes.11G015400,(1 of 3) PTHR31307:SF4 - 6B-INTERACTING PROTEIN 1-LIKE 1-RELATED,turquoise,NA,gene
Manes.11G015900.v8.1,Manes.11G015900,(1 of 3) K08517 - vesicle transport protein SEC22 (SEC22),black,NA,gene
Manes.11G016500.v8.1,Manes.11G016500,(1 of 1) PTHR10098//PTHR10098:SF117 - RAPSYN-RELATED // SUBFAMILY NOT NAMED,turquoise,NA,gene
Manes.11G016600.v8.1,Manes.11G016600,(1 of 4) K13201 - nucleolysin TIA-1/TIAR (TIA1; TIAL1),turquoise,NA,gene
Manes.11G017300.v8.1,Manes.11G017300,(1 of 2) PTHR21493:SF121 - LIPASE CLASS 3 FAMILY PROTEIN,turquoise,NA,gene
Manes.11G018700.v8.1,Manes.11G018700,(1 of 8) PF00631 - GGL domain (G-gamma),turquoise,NA,gene
Manes.11G019400.v8.1,Manes.11G019400,(1 of 1) K14288 - exportin-T (XPOT),turquoise,NA,gene
Manes.11G019800.v8.1,Manes.11G019800,(1 of 2) K15688 - E3 ubiquitin-protein ligase MUL1 [EC:6.3.2.19] (MUL1),turquoise,NA,gene
Manes.11G020000.v8.1,Manes.11G020000,(1 of 1) 2.7.7.79 - tRNA(His) guanylyltransferase / Histidine tRNA guanylyltransferase,turquoise,NA,gene
Manes.11G020400.v8.1,Manes.11G020400,(1 of 2) PTHR10641//PTHR10641:SF580 - MYB-LIKE DNA-BINDING PROTEIN MYB // SUBFAMILY NOT NAMED,turquoise,NA,gene
Manes.11G020600.v8.1,Manes.11G020600,(1 of 7) PTHR10641//PTHR10641:SF459 - MYB-LIKE DNA-BINDING PROTEIN MYB // TRANSCRIPTION FACTOR TT2,turquoise,NA,gene
Manes.11G021700.v8.1,Manes.11G021700,,turquoise,NA,gene
Manes.11G022100.v8.1,Manes.11G022100,(1 of 5) 2.3.1.158//2.3.1.20 - Phospholipid:diacylglycerol acyltransferase / PDAT // Diacylglycerol O-acyltransferase / Diglyceride acyltransferase,turquoise,NA,gene
Manes.11G024900.v8.1,Manes.11G024900,(1 of 3) K03787 - 5'-nucleotidase (surE),black,NA,gene
Manes.11G025200.v8.1,Manes.11G025200,(1 of 2) K18121 - glyoxylate/succinic semialdehyde reductase (GLYR),turquoise,NA,gene
Manes.11G025300.v8.1,Manes.11G025300,(1 of 1) PTHR11875//PTHR11875:SF63//PTHR11875:SF73 - TESTIS-SPECIFIC Y-ENCODED PROTEIN // NUCLEOSOME ASSEMBLY PROTEIN 1;4 // SUBFAMILY NOT NAMED,turquoise,NA,gene
Manes.11G025700.v8.1,Manes.11G025700,(1 of 1) K12309 - beta-galactosidase (GLB1; ELNR1),turquoise,NA,gene
Manes.11G026200.v8.1,Manes.11G026200,(1 of 67) PF03168 - Late embryogenesis abundant protein (LEA_2),black,NA,gene
Manes.11G026500.v8.1,Manes.11G026500,(1 of 2) PTHR11649//PTHR11649:SF62 - MSS1/TRME-RELATED GTP-BINDING PROTEIN // PROTEIN SEY1 HOMOLOG,turquoise,NA,gene
Manes.11G026600.v8.1,Manes.11G026600,(1 of 1) PTHR22850//PTHR22850:SF85 - WD40 REPEAT FAMILY // WD-40 REPEAT-CONTAINING PROTEIN MSI4-RELATED,purple,NA,gene
Manes.11G027200.v8.1,Manes.11G027200,(1 of 1) K12638 - 3-epi-6-deoxocathasterone 23-monooxygenase (CYP90D1),black,NA,gene
Manes.11G027700.v8.1,Manes.11G027700,(1 of 3) PTHR19317:SF2 - PRA1 FAMILY PROTEIN C-RELATED,turquoise,NA,gene
Manes.11G028300.v8.1,Manes.11G028300,(1 of 3) K03940 - NADH dehydrogenase (ubiquinone) Fe-S protein 7 (NDUFS7),turquoise,NA,gene
Manes.11G028400.v8.1,Manes.11G028400,(1 of 1) K03251 - translation initiation factor 3 subunit D (EIF3D),turquoise,NA,gene
Manes.11G028500.v8.1,Manes.11G028500,(1 of 4) K02140 - F-type H+-transporting ATPase subunit g (ATPeFG; ATP5L; ATP20),turquoise,NA,gene
Manes.11G028700.v8.1,Manes.11G028700,(1 of 2) K11843 - ubiquitin carboxyl-terminal hydrolase 14 [EC:3.4.19.12] (USP14; UBP6),turquoise,NA,gene
Manes.11G028800.v8.1,Manes.11G028800,(1 of 1) PTHR38372//PTHR38372:SF1 - FAMILY NOT NAMED // DENTIN SIALOPHOSPHOPROTEIN-LIKE PROTEIN,turquoise,NA,gene
Manes.11G029400.v8.1,Manes.11G029400,(1 of 12) PF07723 - Leucine Rich Repeat (LRR_2),turquoise,NA,gene
Manes.11G029500.v8.1,Manes.11G029500,(1 of 3) PTHR11014//PTHR11014:SF55 - PEPTIDASE M20 FAMILY MEMBER // IAA-AMINO ACID HYDROLASE ILR1-LIKE 1-RELATED,turquoise,NA,gene
Manes.11G029600.v8.1,Manes.11G029600,(1 of 1) PTHR11061:SF30 - TRNA (URACIL(54)-C(5))-METHYLTRANSFERASE,turquoise,NA,gene
Manes.11G030600.v8.1,Manes.11G030600,,turquoise,NA,gene
Manes.11G031600.v8.1,Manes.11G031600,(1 of 1) 3.4.21.53//3.6.1.8 - Endopeptidase La / ATP-dependent serine proteinase // ATP diphosphatase / ATPase,turquoise,NA,gene
Manes.11G031901.v8.1,Manes.11G031901,(1 of 9) PF13041//PF13812 - PPR repeat family (PPR_2) // Pentatricopeptide repeat domain (PPR_3),turquoise,NA,gene
Manes.11G032200.v8.1,Manes.11G032200,(1 of 4) PTHR32295//PTHR32295:SF10 - FAMILY NOT NAMED // CALMODULIN-BINDING FAMILY PROTEIN,turquoise,NA,gene
Manes.11G032900.v8.1,Manes.11G032900,(1 of 2) PTHR10682//PTHR10682:SF24 - POLY A  POLYMERASE // SUBFAMILY NOT NAMED,turquoise,NA,gene
Manes.11G033300.v8.1,Manes.11G033300,(1 of 1) PTHR10696//PTHR10696:SF21 - GAMMA-BUTYROBETAINE HYDROXYLASE-RELATED // SUBFAMILY NOT NAMED,turquoise,NA,gene
Manes.11G033651.v8.1,Manes.11G033651,(1 of 1) K15174 - RNA polymerase II-associated factor 1 (PAF1),turquoise,NA,gene
Manes.11G033800.v8.1,Manes.11G033800,(1 of 2) PTHR28242//PTHR28242:SF4 - FAMILY NOT NAMED // HISTIDINE-CONTAINING PHOSPHOTRANSFER PROTEIN 4,black,NA,gene
Manes.11G034000.v8.1,Manes.11G034000,(1 of 4) 1.1.1.40 - Malate dehydrogenase (oxaloacetate-decarboxylating) (NADP(+)) / Pyruvic-malic carboxylase,turquoise,NA,gene
Manes.11G034200.v8.1,Manes.11G034200,(1 of 3) PTHR19241:SF246 - ABC TRANSPORTER G FAMILY MEMBER 29,turquoise,NA,gene
Manes.11G034400.v8.1,Manes.11G034400,(1 of 4) PTHR11909:SF73 - PROTEIN KINASE FAMILY PROTEIN,turquoise,NA,gene
Manes.11G034600.v8.1,Manes.11G034600,(1 of 8) PF08670 - MEKHLA domain (MEKHLA),turquoise,NA,gene
Manes.11G035100.v8.1,Manes.11G035100,(1 of 2) PTHR11615//PTHR11615:SF118 - NITRATE; FROMATE; IRON DEHYDROGENASE // SUBFAMILY NOT NAMED,black,NA,gene
Manes.11G035200.v8.1,Manes.11G035200,(1 of 1) PTHR23076:SF56 - AAA-TYPE ATPASE FAMILY PROTEIN,turquoise,NA,gene
Manes.11G035600.v8.1,Manes.11G035600,(1 of 4) PTHR31985//PTHR31985:SF23 - FAMILY NOT NAMED // DEHYDRATION-RESPONSIVE ELEMENT-BINDING PROTEIN 3-RELATED,turquoise,NA,gene
Manes.11G036300.v8.1,Manes.11G036300,(1 of 3) K00784 - ribonuclease Z (rnz),turquoise,NA,gene
Manes.11G036600.v8.1,Manes.11G036600,(1 of 1) K18666 - activating signal cointegrator complex subunit 1 (ASCC1),turquoise,NA,gene
Manes.11G036700.v8.1,Manes.11G036700,(1 of 2) PTHR36362:SF1 - GENOMIC DNA; CHROMOSOME 3; P1 CLONE: MYA6,turquoise,NA,gene
Manes.11G037500.v8.1,Manes.11G037500,(1 of 1) PTHR23503:SF19 - PLASTIDIC GLUCOSE TRANSPORTER 3-RELATED,black,NA,gene
Manes.11G037600.v8.1,Manes.11G037600,(1 of 1) PF12325//PF12329 - TATA element modulatory factor 1 TATA binding (TMF_TATA_bd) // TATA element modulatory factor 1 DNA binding (TMF_DNA_bd),turquoise,NA,gene
Manes.11G037700.v8.1,Manes.11G037700,(1 of 1) PTHR33222//PTHR33222:SF3 - FAMILY NOT NAMED // PROTEIN CURVATURE THYLAKOID 1C; CHLOROPLASTIC,turquoise,NA,gene
Manes.11G037800.v8.1,Manes.11G037800,(1 of 2) PTHR24326:SF272 - HOMEOBOX-LEUCINE ZIPPER PROTEIN GLABRA 2,turquoise,NA,gene
Manes.11G039928.v8.1,Manes.11G039928,(1 of 1) PF00069//PF00085//PF02617//PF07714 - Protein kinase domain (Pkinase) // Thioredoxin (Thioredoxin) // ATP-dependent Clp protease adaptor protein ClpS (ClpS) // Protein tyrosine kinase (Pkinase_Tyr),turquoise,NA,gene
Manes.11G041300.v8.1,Manes.11G041300,(1 of 1569) 2.7.11.1 - Non-specific serine/threonine protein kinase / Threonine-specific protein kinase,turquoise,NA,gene
Manes.11G043001.v8.1,Manes.11G043001,(1 of 20) PTHR27001//PTHR27001:SF27 - FAMILY NOT NAMED // PROLINE-RICH RECEPTOR-LIKE PROTEIN KINASE PERK15,turquoise,NA,gene
Manes.11G043701.v8.1,Manes.11G043701,(1 of 1569) 2.7.11.1 - Non-specific serine/threonine protein kinase / Threonine-specific protein kinase,turquoise,NA,gene
Manes.11G044300.v8.1,Manes.11G044300,(1 of 1) PTHR22999//PTHR22999:SF19 - PX SERINE/THREONINE KINASE  PXK // PHOX (PX) DOMAIN-CONTAINING PROTEIN,turquoise,NA,gene
Manes.11G045066.v8.1,Manes.11G045066,(1 of 5) K10393 - kinesin family member 2/24 (KIF2_24; MCAK),turquoise,NA,gene
Manes.11G047800.v8.1,Manes.11G047800,(1 of 1) PTHR13140//PTHR13140:SF460 - MYOSIN // SUBFAMILY NOT NAMED,turquoise,NA,gene
Manes.11G047900.v8.1,Manes.11G047900,(1 of 2) KOG4697 - Integral membrane protein involved in transport between the late Golgi and endosome,turquoise,NA,gene
Manes.11G048100.v8.1,Manes.11G048100,(1 of 3) K17302 - coatomer; subunit beta' (COPB2; SEC27),turquoise,NA,gene
Manes.11G048300.v8.1,Manes.11G048300,(1 of 1) PF13320 - Domain of unknown function (DUF4091) (DUF4091),turquoise,NA,gene
Manes.11G048500.v8.1,Manes.11G048500,(1 of 2) PTHR22814:SF97 - CASC3/BARENTSZ EIF4AIII BINDING PROTEIN,turquoise,NA,gene
Manes.11G052180.v8.1,Manes.11G052180,(1 of 2) PTHR12894:SF17 - TRANSFORMING GROWTH FACTOR-BETA RECEPTOR-ASSOCIATED PROTEIN 1,turquoise,NA,gene
Manes.11G052170.v8.1,Manes.11G052170,(1 of 1) PTHR12526//PTHR12526:SF160 - GLYCOSYLTRANSFERASE // SUBFAMILY NOT NAMED,turquoise,NA,gene
Manes.11G052120.v8.1,Manes.11G052120,(1 of 1) PF00931//PF01637//PF13855 - NB-ARC domain (NB-ARC) // Archaeal ATPase (Arch_ATPase) // Leucine rich repeat (LRR_8),turquoise,NA,gene
Manes.11G052110.v8.1,Manes.11G052110,(1 of 1) PF07646//PF13964 - Kelch motif (Kelch_2) // Kelch motif (Kelch_6),turquoise,NA,gene
Manes.11G051300.v8.1,Manes.11G051300,(1 of 2) PTHR31734:SF12 - AUXIN-RESPONSIVE PROTEIN IAA19-RELATED,turquoise,NA,gene
Manes.11G050800.v8.1,Manes.11G050800,(1 of 2) PTHR11751//PTHR11751:SF184 - SUBGROUP I AMINOTRANSFERASE RELATED // SUBFAMILY NOT NAMED,turquoise,NA,gene
Manes.11G050100.v8.1,Manes.11G050100,(1 of 5) 3.6.3.17 - Monosaccharide-transporting ATPase,turquoise,NA,gene
Manes.11G049700.v8.1,Manes.11G049700,(1 of 2) PTHR31970:SF0 - MOLYBDATE TRANSPORTER 2,black,NA,gene
Manes.11G049300.v8.1,Manes.11G049300,(1 of 3) K03301 - ATP:ADP antiporter; AAA family (TC.AAA),black,NA,gene
Manes.11G049200.v8.1,Manes.11G049200,(1 of 2) PTHR10992:SF898 - ALPHA/BETA-HYDROLASES SUPERFAMILY PROTEIN-RELATED,turquoise,NA,gene
Manes.11G049100.v8.1,Manes.11G049100,(1 of 19) K11251 - histone H2A (H2A),purple,NA,gene
Manes.11G051180.v8.1,Manes.11G051180,(1 of 1) K13338 - peroxin-1 (PEX1),black,NA,gene
Manes.11G052300.v8.1,Manes.11G052300,(1 of 6) 3.1.1.5 - Lysophospholipase / Phospholipase B,turquoise,NA,gene
Manes.11G053000.v8.1,Manes.11G053000,(1 of 2) PTHR23155//PTHR23155:SF478 - LEUCINE-RICH REPEAT-CONTAINING PROTEIN // LEUCINE-RICH REPEAT-CONTAINING PROTEIN SOG2,turquoise,NA,gene
Manes.11G053500.v8.1,Manes.11G053500,(1 of 1) K10732 - GINS complex subunit 1 (GINS1; PSF1),turquoise,NA,gene
Manes.11G054400.v8.1,Manes.11G054400,(1 of 1) PTHR10806//PTHR10806:SF10 - SIGNAL PEPTIDASE COMPLEX CATALYTIC SUBUNIT SEC11 // SUBFAMILY NOT NAMED,turquoise,NA,gene
Manes.11G054900.v8.1,Manes.11G054900,(1 of 3) K12812 - ATP-dependent RNA helicase UAP56/SUB2 (UAP56; BAT1; SUB2),turquoise,NA,gene
Manes.11G055800.v8.1,Manes.11G055800,(1 of 7) PF13259 - Protein of unknown function (DUF4050) (DUF4050),turquoise,NA,gene
Manes.11G056150.v8.1,Manes.11G056150,,black,NA,gene
Manes.11G056200.v8.1,Manes.11G056200,(1 of 2) PTHR33729:SF1 - METHYL-CPG-BINDING DOMAIN-CONTAINING PROTEIN 10,turquoise,NA,gene
Manes.11G056300.v8.1,Manes.11G056300,(1 of 3) PTHR32227//PTHR32227:SF129 - FAMILY NOT NAMED // GLYCOSYL HYDROLASE SUPERFAMILY PROTEIN,turquoise,NA,gene
Manes.11G056500.v8.1,Manes.11G056500,(1 of 3) PTHR31087//PTHR31087:SF2 - FAMILY NOT NAMED // PROTEIN LURP-ONE-RELATED 12-RELATED,turquoise,NA,gene
Manes.11G056600.v8.1,Manes.11G056600,(1 of 10) PF01535//PF12854//PF13041//PF14432 - PPR repeat (PPR) // PPR repeat (PPR_1) // PPR repeat family (PPR_2) // DYW family of nucleic acid deaminases (DYW_deaminase),turquoise,NA,gene
Manes.11G057300.v8.1,Manes.11G057300,(1 of 1) PTHR27001//PTHR27001:SF88 - FAMILY NOT NAMED // PROTEIN KINASE SUPERFAMILY PROTEIN,black,NA,gene
Manes.11G057500.v8.1,Manes.11G057500,(1 of 7) K00759 - adenine phosphoribosyltransferase (APRT; apt),purple,NA,gene
Manes.11G058000.v8.1,Manes.11G058000,(1 of 1) PTHR24078:SF307 - MOLECULAR CHAPERONE HSP40/DNAJ-LIKE PROTEIN,turquoise,NA,gene
Manes.11G058150.v8.1,Manes.11G058150,(1 of 3) K03106 - signal recognition particle subunit SRP54 (SRP54; ffh),turquoise,NA,gene
Manes.11G058300.v8.1,Manes.11G058300,(1 of 1) K10903 - HUS1 checkpoint protein (HUS1),turquoise,NA,gene
Manes.11G058800.v8.1,Manes.11G058800,(1 of 2) PTHR12601//PTHR12601:SF18 - EUKARYOTIC TRANSLATION INITIATION FACTOR 3 SUBUNIT  EIF-3 // TETRATRICOPEPTIDE REPEAT-CONTAINING PROTEIN,black,NA,gene
Manes.11G060021.v8.1,Manes.11G060021,(1 of 2) PF00560//PF07723//PF08263//PF13855 - Leucine Rich Repeat (LRR_1) // Leucine Rich Repeat (LRR_2) // Leucine rich repeat N-terminal domain (LRRNT_2) // Leucine rich repeat (LRR_8),turquoise,NA,gene
Manes.11G060600.v8.1,Manes.11G060600,(1 of 1) K00864 - glycerol kinase (glpK; GK),turquoise,NA,gene
Manes.11G060900.v8.1,Manes.11G060900,,purple,NA,gene
Manes.11G062700.v8.1,Manes.11G062700,(1 of 38) PF01535//PF12854//PF13041 - PPR repeat (PPR) // PPR repeat (PPR_1) // PPR repeat family (PPR_2),turquoise,NA,gene
Manes.11G063100.v8.1,Manes.11G063100,(1 of 16) K10268 - F-box and leucine-rich repeat protein 2/20 (FBXL2_20),turquoise,NA,gene
Manes.11G064500.v8.1,Manes.11G064500,,turquoise,NA,gene
Manes.11G065100.v8.1,Manes.11G065100,(1 of 3) PTHR21596//PTHR21596:SF3 - RIBONUCLEASE P SUBUNIT P38 // F16A14.2-RELATED,black,NA,gene
Manes.11G060300.v8.1,Manes.11G060300,(1 of 7) K12581 - CCR4-NOT transcription complex subunit 7/8 (CNOT7_8; CAF1; POP2),turquoise,NA,gene
Manes.11G060400.v8.1,Manes.11G060400,(1 of 2) KOG4455 - Uncharacterized conserved protein,turquoise,NA,gene
Manes.11G065300.v8.1,Manes.11G065300,(1 of 3) K02951 - small subunit ribosomal protein S12e (RP-S12e; RPS12),turquoise,NA,gene
Manes.11G066100.v8.1,Manes.11G066100,(1 of 2) K03322 - manganese transport protein (mntH),black,NA,gene
Manes.11G067300.v8.1,Manes.11G067300,(1 of 52) PF01535//PF13041//PF13812 - PPR repeat (PPR) // PPR repeat family (PPR_2) // Pentatricopeptide repeat domain (PPR_3),turquoise,NA,gene
Manes.11G067400.v8.1,Manes.11G067400,(1 of 74) PF00069//PF00560//PF08263//PF13855 - Protein kinase domain (Pkinase) // Leucine Rich Repeat (LRR_1) // Leucine rich repeat N-terminal domain (LRRNT_2) // Leucine rich repeat (LRR_8),turquoise,NA,gene
Manes.11G067700.v8.1,Manes.11G067700,,turquoise,NA,gene
Manes.11G068300.v8.1,Manes.11G068300,(1 of 3) K17499 - protein phosphatase 1G [EC:3.1.3.16] (PPM1G; PP2CG),black,NA,gene
Manes.11G068800.v8.1,Manes.11G068800,(1 of 2) PTHR12403//PTHR12403:SF14 - MBP-1 INTERACTING PROTEIN-2A // SUBFAMILY NOT NAMED,turquoise,NA,gene
Manes.11G069100.v8.1,Manes.11G069100,(1 of 2) PTHR31150:SF5 - ZINC ION BINDING PROTEIN,turquoise,NA,gene
Manes.11G069800.v8.1,Manes.11G069800,,turquoise,NA,gene
Manes.11G070900.v8.1,Manes.11G070900,(1 of 1) PTHR24361//PTHR24361:SF159 - MITOGEN-ACTIVATED KINASE KINASE KINASE // SERINE/THREONINE-PROTEIN KINASE OSR1,turquoise,NA,gene
Manes.11G071200.v8.1,Manes.11G071200,(1 of 8) PF12767 - Transcriptional regulator of RNA polII; SAGA; subunit (SAGA-Tad1),turquoise,NA,gene
Manes.11G071500.v8.1,Manes.11G071500,(1 of 3) KOG0651 - 26S proteasome regulatory complex; ATPase RPT4,turquoise,NA,gene
Manes.11G071850.v8.1,Manes.11G071850,(1 of 1) PF03463//PF03464 - eRF1 domain 1 (eRF1_1) // eRF1 domain 2 (eRF1_2),turquoise,NA,gene
Manes.11G073800.v8.1,Manes.11G073800,(1 of 2) PTHR16007//PTHR16007:SF13 - EPIDIDYMAL MEMBRANE PROTEIN E9-RELATED // SUBFAMILY NOT NAMED,turquoise,NA,gene
Manes.11G074700.v8.1,Manes.11G074700,(1 of 3) PTHR24089//PTHR24089:SF294 - FAMILY NOT NAMED // CALCIUM-BINDING TRANSPORTER-LIKE PROTEIN,turquoise,NA,gene
Manes.11G075100.v8.1,Manes.11G075100,(1 of 5) K00660 - chalcone synthase (CHS),turquoise,NA,gene
Manes.11G076800.v8.1,Manes.11G076800,(1 of 2) PTHR13445:SF3 - PROTEIN TSSC4,turquoise,NA,gene
Manes.11G078200.v8.1,Manes.11G078200,(1 of 2) K02148 - V-type H+-transporting ATPase subunit C (ATPeV1C; ATP6C),turquoise,NA,gene
Manes.11G078800.v8.1,Manes.11G078800,(1 of 16) PF02893 - GRAM domain (GRAM),purple,NA,gene
Manes.11G079100.v8.1,Manes.11G079100,(1 of 3) PTHR31717:SF3 - ZINC FINGER PROTEIN CONSTANS-LIKE 14-RELATED,turquoise,NA,gene
Manes.11G079200.v8.1,Manes.11G079200,(1 of 3) PTHR23032:SF2 - ENDOSOMAL TARGETING BRO1-LIKE DOMAIN-CONTAINING PROTEIN,turquoise,NA,gene
Manes.11G079150.v8.1,Manes.11G079150,,turquoise,NA,gene
Manes.11G079500.v8.1,Manes.11G079500,(1 of 4) KOG2306 - Uncharacterized conserved protein,turquoise,NA,gene
Manes.11G079700.v8.1,Manes.11G079700,(1 of 1) PTHR21087:SF4 - INACTIVE SHIKIMATE KINASE LIKE 1; CHLOROPLASTIC-RELATED,turquoise,NA,gene
Manes.11G080050.v8.1,Manes.11G080050,(1 of 152) PF02365 - No apical meristem (NAM) protein (NAM),turquoise,NA,gene
Manes.11G080816.v8.1,Manes.11G080816,(1 of 8) K16675 - palmitoyltransferase ZDHHC9/14/18 (ZDHHC9_14_18),turquoise,NA,gene
Manes.11G083900.v8.1,Manes.11G083900,(1 of 2) PTHR12460//PTHR12460:SF6 - CYCLIN-DEPENDENT KINASE INHIBITOR-RELATED PROTEIN // SUBFAMILY NOT NAMED,turquoise,NA,gene
Manes.11G083600.v8.1,Manes.11G083600,(1 of 1) PTHR13169//PTHR13169:SF1 - UBIQUITIN-LIKE PROTEIN 3  HCG-1 PROTEIN // SUBFAMILY NOT NAMED,turquoise,NA,gene
Manes.11G083300.v8.1,Manes.11G083300,(1 of 2) PTHR31642:SF10 - ACYLTRANSFERASE-LIKE PROTEIN-RELATED,turquoise,NA,gene
Manes.11G086700.v8.1,Manes.11G086700,(1 of 1) K14566 - U3 small nucleolar RNA-associated protein 24 (UTP24; FCF1),turquoise,NA,gene
Manes.11G086500.v8.1,Manes.11G086500,(1 of 1) PTHR31964:SF26 - SUGAR UTILIZATION REGULATORY PROTEIN IMP2,black,NA,gene
Manes.11G085900.v8.1,Manes.11G085900,(1 of 1) 1.3.1.45 - 2'-hydroxyisoflavone reductase,turquoise,NA,gene
Manes.11G085700.v8.1,Manes.11G085700,(1 of 8) PTHR10743 - PROTEIN RER1,turquoise,NA,gene
Manes.11G085500.v8.1,Manes.11G085500,(1 of 1) PTHR22572:SF111 - GLUCOSE-1-PHOSPHATE ADENYLYLTRANSFERASE LARGE SUBUNIT 3; CHLOROPLASTIC-RELATED,black,carb,gene
Manes.11G085400.v8.1,Manes.11G085400,(1 of 4) K02975 - small subunit ribosomal protein S25e (RP-S25e; RPS25),turquoise,NA,gene
Manes.11G085200.v8.1,Manes.11G085200,(1 of 13) PF14364 - Domain of unknown function (DUF4408) (DUF4408),purple,NA,gene
Manes.11G088451.v8.1,Manes.11G088451,(1 of 2) PTHR23070//PTHR23070:SF32 - BCS1 AAA-TYPE ATPASE // SUBFAMILY NOT NAMED,purple,NA,gene
Manes.11G084300.v8.1,Manes.11G084300,(1 of 2) PTHR23070//PTHR23070:SF32 - BCS1 AAA-TYPE ATPASE // SUBFAMILY NOT NAMED,purple,NA,gene
Manes.11G084400.v8.1,Manes.11G084400,(1 of 2) K13998 - dihydrofolate reductase / thymidylate synthase (DHFR-TS),purple,NA,gene
Manes.11G084500.v8.1,Manes.11G084500,(1 of 3) PTHR23324//PTHR23324:SF77 - SEC14 RELATED PROTEIN // PHOSPHATIDYLINOSITOL/PHOSPHATIDYLCHOLINE TRANSFER PROTEIN SFH1-RELATED,turquoise,NA,gene
Manes.11G084600.v8.1,Manes.11G084600,(1 of 4) PTHR23324:SF43 - PHOSPHATIDYLINOSITOL/PHOSPHATIDYLCHOLINE TRANSFER PROTEIN SFH6-RELATED,turquoise,NA,gene
Manes.11G084700.v8.1,Manes.11G084700,(1 of 1) K15198 - transcription factor TFIIIB component B'' (BDP1; TFC5),turquoise,NA,gene
Manes.11G091600.v8.1,Manes.11G091600,(1 of 45) PF00097 - Zinc finger; C3HC4 type (RING finger) (zf-C3HC4),turquoise,NA,gene
Manes.11G082500.v8.1,Manes.11G082500,(1 of 2) PTHR10799//PTHR10799:SF611 - SWI/SNF-RELATED MATRIX-ASSOCIATED ACTIN-DEPENDENT REGULATOR OF CHROMATIN SUBFAMILY-RELATED // CHROMATIN REMODELING PROTEIN-RELATED,turquoise,NA,gene
Manes.11G084185.v8.1,Manes.11G084185,,turquoise,NA,gene
Manes.11G087166.v8.1,Manes.11G087166,(1 of 1) K14944 - RNA-binding protein Nova (NOVA),turquoise,NA,gene
Manes.11G087700.v8.1,Manes.11G087700,(1 of 3) K05236 - coatomer protein complex; subunit alpha (xenin) (COPA),turquoise,NA,gene
Manes.11G092000.v8.1,Manes.11G092000,(1 of 3) PTHR11206//PTHR11206:SF116 - MULTIDRUG RESISTANCE PROTEIN // ENHANCED DISEASE SUSCEPTIBILITY 5-RELATED,turquoise,NA,gene
Manes.11G092400.v8.1,Manes.11G092400,(1 of 1) PTHR24104:SF10 - NHL DOMAIN-CONTAINING PROTEIN,turquoise,NA,gene
Manes.11G082000.v8.1,Manes.11G082000,(1 of 2) PTHR24115//PTHR24115:SF405 - FAMILY NOT NAMED // ATP BINDING MICROTUBULE MOTOR FAMILY PROTEIN,turquoise,NA,gene
Manes.11G081400.v8.1,Manes.11G081400,(1 of 2) PTHR31421//PTHR31421:SF3 - FAMILY NOT NAMED // PROTEIN BASIC PENTACYSTEINE4-RELATED,turquoise,NA,gene
Manes.11G088400.v8.1,Manes.11G088400,(1 of 91) K14488 - SAUR family protein (SAUR),turquoise,NA,gene
Manes.11G088413.v8.1,Manes.11G088413,(1 of 2) PTHR24015//PTHR24015:SF364 - FAMILY NOT NAMED // ATPASE EXPRESSION PROTEIN 3,turquoise,NA,gene
Manes.11G089700.v8.1,Manes.11G089700,(1 of 4) PTHR10585//PTHR10585:SF34 - ER LUMEN PROTEIN RETAINING RECEPTOR // ER LUMEN PROTEIN RETAINING RECEPTOR-LIKE PROTEIN,turquoise,NA,gene
Manes.11G089800.v8.1,Manes.11G089800,,turquoise,NA,gene
Manes.11G090400.v8.1,Manes.11G090400,(1 of 3) PTHR11071//PTHR11071:SF250 - PEPTIDYL-PROLYL CIS-TRANS ISOMERASE // SUBFAMILY NOT NAMED,turquoise,NA,gene
Manes.11G082600.v8.1,Manes.11G082600,(1 of 1) PTHR10903:SF47 - TRANSLOCASE OF CHLOROPLAST 120; CHLOROPLASTIC-RELATED,turquoise,NA,gene
Manes.11G095500.v8.1,Manes.11G095500,(1 of 3) PTHR21576:SF17 - MAJOR FACILITATOR FAMILY PROTEIN,purple,NA,gene
Manes.11G095300.v8.1,Manes.11G095300,(1 of 4) PTHR12385//PTHR12385:SF44 - CTL TRANSPORTER // PLASMA-MEMBRANE CHOLINE TRANSPORTER FAMILY PROTEIN,turquoise,NA,gene
Manes.11G094800.v8.1,Manes.11G094800,(1 of 2) PTHR10641//PTHR10641:SF30 - MYB-LIKE DNA-BINDING PROTEIN MYB // SUBFAMILY NOT NAMED,turquoise,NA,gene
Manes.11G097900.v8.1,Manes.11G097900,(1 of 2) K18752 - transportin-1 (TNPO1),turquoise,NA,gene
Manes.11G098100.v8.1,Manes.11G098100,(1 of 3) K11804 - WD repeat-containing protein 42A (WDR42A),turquoise,NA,gene
Manes.11G098400.v8.1,Manes.11G098400,(1 of 1) PTHR12001:SF41 - HETERODIMERIC GERANYLGERANYL PYROPHOSPHATE SYNTHASE SMALL SUBUNIT; CHLOROPLASTIC,turquoise,carot,gene
Manes.11G100750.v8.1,Manes.11G100750,(1 of 1) PTHR21483//PTHR21483:SF18 - FAMILY NOT NAMED // RNA POLYMERASE II-ASSOCIATED PROTEIN 1,turquoise,NA,gene
Manes.11G100400.v8.1,Manes.11G100400,(1 of 2) PTHR31852//PTHR31852:SF8 - FAMILY NOT NAMED // LATE EMBRYOGENESIS ABUNDANT HYDROXYPROLINE-RICH GLYCOPROTEIN,turquoise,NA,gene
Manes.11G101450.v8.1,Manes.11G101450,,turquoise,NA,gene
Manes.11G101900.v8.1,Manes.11G101900,(1 of 1) PTHR24361//PTHR24361:SF326 - MITOGEN-ACTIVATED KINASE KINASE KINASE // SUBFAMILY NOT NAMED,turquoise,NA,gene
Manes.11G102400.v8.1,Manes.11G102400,(1 of 3) PTHR12549:SF16 - HISTONE H3MK9 DEMETHYLASE,turquoise,NA,gene
Manes.11G103600.v8.1,Manes.11G103600,(1 of 2) PTHR24006//PTHR24006:SF520 - FAMILY NOT NAMED // TRAF-LIKE FAMILY PROTEIN-RELATED,turquoise,NA,gene
Manes.11G103700.v8.1,Manes.11G103700,,turquoise,NA,gene
Manes.11G103750.v8.1,Manes.11G103750,(1 of 2) PTHR11306//PTHR11306:SF13 - NIEMANN PICK TYPE C2 PROTEIN NPC2-RELATED // SUBFAMILY NOT NAMED,turquoise,NA,gene
Manes.11G104780.v8.1,Manes.11G104780,(1 of 1) PTHR10516//PTHR10516:SF322 - PEPTIDYL-PROLYL CIS-TRANS ISOMERASE // OUTER ENVELOPE PROTEIN 61; CHLOROPLASTIC,turquoise,NA,gene
Manes.11G105000.v8.1,Manes.11G105000,(1 of 1) K14536 - ribosome assembly protein 1 (RIA1),turquoise,NA,gene
Manes.11G104600.v8.1,Manes.11G104600,(1 of 1) PTHR10302//PTHR10302:SF6 - SINGLE-STRANDED DNA-BINDING PROTEIN // SINGLE-STRANDED DNA-BINDING PROTEIN; MITOCHONDRIAL,turquoise,NA,gene
Manes.11G104300.v8.1,Manes.11G104300,(1 of 1) K08864 - tousled-like kinase [EC:2.7.11.1] (TLK),turquoise,NA,gene
Manes.11G106800.v8.1,Manes.11G106800,(1 of 2) PTHR31818//PTHR31818:SF0 - FAMILY NOT NAMED // PROTEIN ROOT HAIR SPECIFIC 17,turquoise,NA,gene
Manes.11G107201.v8.1,Manes.11G107201,(1 of 1) PTHR23423//PTHR23423:SF23 - ORGANIC SOLUTE TRANSPORTER-RELATED // SUBFAMILY NOT NAMED,turquoise,NA,gene
Manes.11G107300.v8.1,Manes.11G107300,(1 of 1) PTHR24296//PTHR24296:SF3 - FAMILY NOT NAMED // CYTOCHROME P450 86B1-RELATED,turquoise,NA,gene
Manes.11G107501.v8.1,Manes.11G107501,(1 of 1) PTHR20932:SF8 - PEPTIDOGLYCAN-BINDING LYSM DOMAIN-CONTAINING PROTEIN,turquoise,NA,gene
Manes.11G107600.v8.1,Manes.11G107600,(1 of 2) PTHR12550:SF49 - PROTEIN C06A5.3; ISOFORM B,turquoise,NA,gene
Manes.11G108100.v8.1,Manes.11G108100,(1 of 2) PTHR32010:SF6 - PHOTOSYSTEM II STABILITY/ASSEMBLY FACTOR HCF136; CHLOROPLASTIC,turquoise,NA,gene
Manes.11G108400.v8.1,Manes.11G108400,(1 of 1) K04797 - prefoldin alpha subunit (pfdA; PFDN5),turquoise,NA,gene
Manes.11G108500.v8.1,Manes.11G108500,(1 of 1) PTHR31072:SF7 - TRANSCRIPTION FACTOR TCP21-RELATED,black,NA,gene
Manes.11G108600.v8.1,Manes.11G108600,(1 of 3) K01872 - alanyl-tRNA synthetase (AARS; alaS),turquoise,NA,gene
Manes.11G109600.v8.1,Manes.11G109600,(1 of 1) K09499 - T-complex protein 1 subunit eta (CCT7),turquoise,NA,gene
Manes.11G110800.v8.1,Manes.11G110800,(1 of 52) PF01535//PF13041//PF13812 - PPR repeat (PPR) // PPR repeat family (PPR_2) // Pentatricopeptide repeat domain (PPR_3),turquoise,NA,gene
Manes.11G110900.v8.1,Manes.11G110900,(1 of 2) PTHR32002:SF3 - PROTEIN NLP1-RELATED,turquoise,NA,gene
Manes.11G112200.v8.1,Manes.11G112200,,turquoise,NA,gene
Manes.11G112300.v8.1,Manes.11G112300,(1 of 21) PF04782//PF04783 - Protein of unknown function (DUF632) (DUF632) // Protein of unknown function (DUF630) (DUF630),turquoise,NA,gene
Manes.11G113100.v8.1,Manes.11G113100,(1 of 6) PTHR27001:SF1 - BRASSINOSTEROID INSENSITIVE 1-ASSOCIATED RECEPTOR KINASE 1-RELATED,black,NA,gene
Manes.11G113500.v8.1,Manes.11G113500,(1 of 24) K07904 - Ras-related protein Rab-11A (RAB11A),turquoise,NA,gene
Manes.11G115700.v8.1,Manes.11G115700,(1 of 1) PTHR13020:SF36 - EXPRESSED PROTEIN,turquoise,NA,gene
Manes.11G115900.v8.1,Manes.11G115900,(1 of 2) PTHR27001:SF115 - PTI1-LIKE TYROSINE-PROTEIN KINASE 1-RELATED,turquoise,NA,gene
Manes.11G116001.v8.1,Manes.11G116001,(1 of 1) K13130 - survival of motor neuron protein-interacting protein 1 (SIP1; GEMIN2),turquoise,NA,gene
Manes.11G116200.v8.1,Manes.11G116200,(1 of 3) PTHR10231//PTHR10231:SF25 - NUCLEOTIDE-SUGAR TRANSMEMBRANE TRANSPORTER // UDP-SUGAR TRANSPORTER PROTEIN SLC35A4-RELATED,turquoise,NA,gene
Manes.11G116300.v8.1,Manes.11G116300,(1 of 50) 3.1.4.46 - Glycerophosphodiester phosphodiesterase / Glycerophosphoryl diester phosphodiesterase,turquoise,NA,gene
Manes.11G117400.v8.1,Manes.11G117400,(1 of 2) PF13891 - Potential DNA-binding domain (zf-C3Hc3H),turquoise,NA,gene
Manes.11G117500.v8.1,Manes.11G117500,(1 of 1) PTHR11592//PTHR11592:SF33 - GLUTATHIONE PEROXIDASE // GLUTATHIONE PEROXIDASE 2-RELATED,turquoise,NA,gene
Manes.11G119500.v8.1,Manes.11G119500,(1 of 3) 2.1.1.85 - Protein-histidine N-methyltransferase / Protein methylase IV,turquoise,NA,gene
Manes.11G120100.v8.1,Manes.11G120100,(1 of 4) PTHR10209:SF174 - 2-OXOGLUTARATE (2OG) AND FE(II)-DEPENDENT OXYGENASE SUPERFAMILY PROTEIN-RELATED,black,NA,gene
Manes.11G120300.v8.1,Manes.11G120300,(1 of 1) PTHR13481:SF0 - UPF0454 PROTEIN C12ORF49,turquoise,NA,gene
Manes.11G120800.v8.1,Manes.11G120800,(1 of 1) K16196 - eukaryotic translation initiation factor 2-alpha kinase 4 (EIF2AK4),turquoise,NA,gene
Manes.11G121700.v8.1,Manes.11G121700,(1 of 4) PTHR31669:SF44 - FAR-RED IMPAIRED RESPONSIVE 1-LIKE PROTEIN,black,NA,gene
Manes.11G121900.v8.1,Manes.11G121900,(1 of 2) PTHR14083:SF5 - HRF1 PROTEIN,turquoise,NA,gene
Manes.11G122600.v8.1,Manes.11G122600,(1 of 2) PTHR12917//PTHR12917:SF21 - ASPARTYL PROTEASE DDI-RELATED // RHOMBOID PROTEIN 2,turquoise,NA,gene
Manes.11G122816.v8.1,Manes.11G122816,(1 of 13) PTHR23155//PTHR23155:SF513 - LEUCINE-RICH REPEAT-CONTAINING PROTEIN // SUBFAMILY NOT NAMED,turquoise,NA,gene
Manes.11G123500.v8.1,Manes.11G123500,(1 of 1) K00311 - electron-transferring-flavoprotein dehydrogenase (ETFDH),turquoise,NA,gene
Manes.11G123600.v8.1,Manes.11G123600,(1 of 2) PTHR13690:SF80 - TRANSCRIPTION FACTOR POSF21-RELATED,black,NA,gene
Manes.11G124101.v8.1,Manes.11G124101,(1 of 11) PTHR13068//PTHR13068:SF31 - CGI-12 PROTEIN-RELATED // F19K23.4 PROTEIN-RELATED,black,NA,gene
Manes.11G125500.v8.1,Manes.11G125500,(1 of 8) PF06075 - Plant protein of unknown function (DUF936) (DUF936),turquoise,NA,gene
Manes.11G126000.v8.1,Manes.11G126000,(1 of 2) PTHR34204:SF2 - RNA-BINDING ASCH DOMAIN PROTEIN,turquoise,NA,gene
Manes.11G127000.v8.1,Manes.11G127000,(1 of 1) PTHR32002//PTHR32002:SF7 - FAMILY NOT NAMED // PROTEIN NLP8-RELATED,turquoise,NA,gene
Manes.11G127300.v8.1,Manes.11G127300,(1 of 2) PTHR22957//PTHR22957:SF26 - TBC1 DOMAIN FAMILY MEMBER GTPASE-ACTIVATING PROTEIN // PROTEIN TBC-3; ISOFORM B,turquoise,NA,gene
Manes.11G127500.v8.1,Manes.11G127500,(1 of 1) K05288 - phosphatidylinositol glycan; class O (PIGO),turquoise,NA,gene
Manes.11G130500.v8.1,Manes.11G130500,(1 of 1) PTHR35483//PTHR35483:SF1 - FAMILY NOT NAMED // GLYCINE-RICH PROTEIN,turquoise,NA,gene
Manes.11G129400.v8.1,Manes.11G129400,(1 of 5) KOG4753 - Predicted membrane protein,turquoise,NA,gene
Manes.11G130800.v8.1,Manes.11G130800,(1 of 2) PTHR32382:SF0 - FASCICLIN-LIKE ARABINOGALACTAN PROTEIN 4,turquoise,NA,gene
Manes.11G130900.v8.1,Manes.11G130900,(1 of 4) PTHR13832:SF228 - PROTEIN PHOSPHATASE 2C 36-RELATED,turquoise,NA,gene
Manes.11G131400.v8.1,Manes.11G131400,(1 of 2) PTHR24128:SF14 - E3 UBIQUITIN-PROTEIN LIGASE XBAT31-RELATED,turquoise,NA,gene
Manes.11G131600.v8.1,Manes.11G131600,(1 of 45) PF02701 - Dof domain; zinc finger (zf-Dof),purple,NA,gene
Manes.11G132200.v8.1,Manes.11G132200,(1 of 3) K10575 - ubiquitin-conjugating enzyme E2 G1 (UBE2G1; UBC7),turquoise,NA,gene
Manes.11G133400.v8.1,Manes.11G133400,(1 of 19) K11251 - histone H2A (H2A),turquoise,NA,gene
Manes.11G133501.v8.1,Manes.11G133501,(1 of 6) K13195 - cold-inducible RNA-binding protein (CIRBP),turquoise,NA,gene
Manes.11G133601.v8.1,Manes.11G133601,(1 of 1) PTHR15241//PTHR15241:SF2//PTHR24012 - TRANSFORMER-2-RELATED // RNA-BINDING REGION RNP-1 DOMAIN-CONTAINING PROTEIN // FAMILY NOT NAMED,turquoise,NA,gene
Manes.11G134000.v8.1,Manes.11G134000,(1 of 2) PTHR24073//PTHR24073:SF541 - FAMILY NOT NAMED // RAS-RELATED PROTEIN RABE1A,turquoise,NA,gene
Manes.11G134200.v8.1,Manes.11G134200,(1 of 7) PF06136 - Domain of unknown function (DUF966) (DUF966),turquoise,NA,gene
Manes.11G135100.v8.1,Manes.11G135100,(1 of 1) K15276 - solute carrier family 35 (adenosine 3'-phospho 5'-phosphosulfate transporter); member B2 (SLC35B2; PAPST1),turquoise,NA,gene
Manes.11G136600.v8.1,Manes.11G136600,(1 of 2) K12605 - CCR4-NOT transcription complex subunit 2 (CNOT2; NOT2),turquoise,NA,gene
Manes.11G136800.v8.1,Manes.11G136800,(1 of 3) PTHR27003:SF94 - RECEPTOR-LIKE PROTEIN KINASE HERK 1,black,NA,gene
Manes.11G137000.v8.1,Manes.11G137000,(1 of 2) PTHR24093//PTHR24093:SF289 - FAMILY NOT NAMED // CALCIUM-TRANSPORTING ATPASE 1; ENDOPLASMIC RETICULUM-TYPE-RELATED,turquoise,NA,gene
Manes.11G137500.v8.1,Manes.11G137500,(1 of 2) K11671 - nuclear factor related to kappa-B-binding protein (NFRKB; INO80G),turquoise,NA,gene
Manes.11G138500.v8.1,Manes.11G138500,(1 of 2) PTHR14269//PTHR14269:SF15 - CDP-DIACYLGLYCEROL--GLYCEROL-3-PHOSPHATE 3-PHOSPHATIDYLTRANSFERASE-RELATED // HYDROLASE FAMILY PROTEIN / HAD-SUPERFAMILY PROTEIN,turquoise,NA,gene
Manes.11G139102.v8.1,Manes.11G139102,,turquoise,NA,gene
Manes.11G139700.v8.1,Manes.11G139700,(1 of 3) PTHR31356//PTHR31356:SF10 - FAMILY NOT NAMED // L-ASCORBATE PEROXIDASE 2; CYTOSOLIC,black,NA,gene
Manes.11G140700.v8.1,Manes.11G140700,(1 of 1) K15322 - tRNA-splicing endonuclease subunit Sen2 (TSEN2),turquoise,NA,gene
Manes.11G140800.v8.1,Manes.11G140800,(1 of 56) PF03195 - Protein of unknown function DUF260 (DUF260),turquoise,NA,gene
Manes.11G141400.v8.1,Manes.11G141400,(1 of 2) KOG2485 - Conserved ATP/GTP binding protein,turquoise,NA,gene
Manes.11G141800.v8.1,Manes.11G141800,(1 of 22) PF12854//PF13041 - PPR repeat (PPR_1) // PPR repeat family (PPR_2),turquoise,NA,gene
Manes.11G142200.v8.1,Manes.11G142200,(1 of 1) 1.3.8.4//1.3.99.12 - Isovaleryl-CoA dehydrogenase // 2-methylacyl-CoA dehydrogenase / Branched-chain acyl-CoA dehydrogenase,black,NA,gene
Manes.11G142300.v8.1,Manes.11G142300,(1 of 2) PTHR31384//PTHR31384:SF20 - FAMILY NOT NAMED // AUXIN RESPONSE FACTOR 4,turquoise,NA,gene
Manes.11G143800.v8.1,Manes.11G143800,,turquoise,NA,gene
Manes.11G144300.v8.1,Manes.11G144300,(1 of 41) PF01344 - Kelch motif (Kelch_1),black,NA,gene
Manes.11G145000.v8.1,Manes.11G145000,(1 of 52) K04733 - interleukin-1 receptor-associated kinase 4 (IRAK4),turquoise,NA,gene
Manes.11G145100.v8.1,Manes.11G145100,,turquoise,NA,gene
Manes.11G145300.v8.1,Manes.11G145300,(1 of 6) PTHR19139:SF167 - AQUAPORIN PIP2-1-RELATED,turquoise,NA,gene
Manes.11G145900.v8.1,Manes.11G145900,(1 of 2) PTHR10910//PTHR10910:SF94 - EUKARYOTE SPECIFIC DSRNA BINDING PROTEIN // SUBFAMILY NOT NAMED,turquoise,NA,gene
Manes.11G146200.v8.1,Manes.11G146200,(1 of 48) PF04535 - Domain of unknown function (DUF588) (DUF588),turquoise,NA,gene
Manes.11G148750.v8.1,Manes.11G148750,,turquoise,NA,gene
Manes.11G149200.v8.1,Manes.11G149200,(1 of 1) PF00118//PF13921 - TCP-1/cpn60 chaperonin family (Cpn60_TCP1) // Myb-like DNA-binding domain (Myb_DNA-bind_6),turquoise,NA,gene
Manes.11G149500.v8.1,Manes.11G149500,(1 of 207) PF01535//PF13041 - PPR repeat (PPR) // PPR repeat family (PPR_2),turquoise,NA,gene
Manes.11G149600.v8.1,Manes.11G149600,,turquoise,NA,gene
Manes.11G150100.v8.1,Manes.11G150100,,black,NA,gene
Manes.11G151100.v8.1,Manes.11G151100,(1 of 2) PTHR10641//PTHR10641:SF506 - MYB-LIKE DNA-BINDING PROTEIN MYB // SUBFAMILY NOT NAMED,turquoise,NA,gene
Manes.11G151400.v8.1,Manes.11G151400,(1 of 2) K12193 - charged multivesicular body protein 3 (VPS24; CHMP3),turquoise,NA,gene
Manes.11G151500.v8.1,Manes.11G151500,(1 of 38) K08235 - xyloglucan:xyloglucosyl transferase (E2.4.1.207),purple,NA,gene
Manes.11G151600.v8.1,Manes.11G151600,(1 of 2) PTHR11062:SF46 - GLUCURONOXYLAN GLUCURONOSYLTRANSFERASE F8H-RELATED,black,NA,gene
Manes.11G152172.v8.1,Manes.11G152172,(1 of 1569) 2.7.11.1 - Non-specific serine/threonine protein kinase / Threonine-specific protein kinase,turquoise,NA,gene
Manes.11G152500.v8.1,Manes.11G152500,(1 of 2) K02939 - large subunit ribosomal protein L9 (RP-L9; MRPL9; rplI),turquoise,NA,gene
Manes.11G153000.v8.1,Manes.11G153000,(1 of 3) PTHR24098//PTHR24098:SF5 - FAMILY NOT NAMED // ACYL-COA N-ACYLTRANSFERASE WITH RING/FYVE/PHD-TYPE ZINC FINGER DOMAIN-CONTAINING PROTEIN,turquoise,NA,gene
Manes.11G153900.v8.1,Manes.11G153900,(1 of 1) PTHR11802//PTHR11802:SF3 - SERINE PROTEASE FAMILY S10 SERINE CARBOXYPEPTIDASE // RETINOID-INDUCIBLE SERINE CARBOXYPEPTIDASE,turquoise,NA,gene
Manes.11G154000.v8.1,Manes.11G154000,(1 of 1) PTHR13258:SF0 - COILED-COIL DOMAIN-CONTAINING PROTEIN 132,turquoise,NA,gene
Manes.11G154700.v8.1,Manes.11G154700,(1 of 1) K18192 - mitochondrial ATPase complex subunit ATP10 (ATP10),turquoise,NA,gene
Manes.11G155600.v8.1,Manes.11G155600,(1 of 10) PF11891 - Domain of unknown function (DUF3411) (DUF3411),turquoise,NA,gene
Manes.11G155900.v8.1,Manes.11G155900,(1 of 2) PTHR28052//PTHR28052:SF1 - FAMILY NOT NAMED // UPF0545 PROTEIN C22ORF39,turquoise,NA,gene
Manes.11G156800.v8.1,Manes.11G156800,(1 of 2) PTHR33270//PTHR33270:SF3 - FAMILY NOT NAMED // EXPRESSED PROTEIN,turquoise,NA,gene
Manes.11G157800.v8.1,Manes.11G157800,,turquoise,NA,gene
Manes.11G158301.v8.1,Manes.11G158301,(1 of 5) PTHR31549//PTHR31549:SF3 - FAMILY NOT NAMED // EMB|CAB72473.1,turquoise,NA,gene
Manes.11G159200.v8.1,Manes.11G159200,(1 of 2) PF02238 - Cytochrome c oxidase subunit VIIa (COX7a),turquoise,NA,gene
Manes.11G159300.v8.1,Manes.11G159300,(1 of 2) K01104 - protein-tyrosine phosphatase (E3.1.3.48),turquoise,NA,gene
Manes.11G159401.v8.1,Manes.11G159401,(1 of 1569) 2.7.11.1 - Non-specific serine/threonine protein kinase / Threonine-specific protein kinase,turquoise,NA,gene
Manes.11G160300.v8.1,Manes.11G160300,(1 of 80) PF01535//PF13041//PF14432 - PPR repeat (PPR) // PPR repeat family (PPR_2) // DYW family of nucleic acid deaminases (DYW_deaminase),turquoise,NA,gene
Manes.11G160500.v8.1,Manes.11G160500,(1 of 1) PTHR37211//PTHR37211:SF1 - FAMILY NOT NAMED // EXPRESSED PROTEIN,turquoise,NA,gene
Manes.11G160800.v8.1,Manes.11G160800,(1 of 4) 2.4.99.4 - Beta-galactoside alpha-2;3-sialyltransferase / CMP-N-acetylneuraminate-beta-galactosamide-alpha-2;3-sialyltransferase,turquoise,NA,gene
Manes.11G161000.v8.1,Manes.11G161000,(1 of 10) PTHR10593//PTHR10593:SF27 - SERINE/THREONINE-PROTEIN KINASE RIO // SUBFAMILY NOT NAMED,turquoise,NA,gene
Manes.11G161200.v8.1,Manes.11G161200,(1 of 2) PTHR10992:SF774 - ALPHA/BETA-HYDROLASES SUPERFAMILY PROTEIN-RELATED,turquoise,NA,gene
Manes.11G161400.v8.1,Manes.11G161400,,turquoise,NA,gene
Manes.11G161600.v8.1,Manes.11G161600,(1 of 63) PF12937 - F-box-like (F-box-like),turquoise,NA,gene
Manes.11G161900.v8.1,Manes.11G161900,(1 of 1) PTHR19370//PTHR19370:SF96 - NADH-CYTOCHROME B5 REDUCTASE // FERREDOXIN-3; CHLOROPLASTIC,turquoise,NA,gene
Manes.11G162300.v8.1,Manes.11G162300,(1 of 1) PTHR13803//PTHR13803:SF10 - SEC24-RELATED PROTEIN // SUBFAMILY NOT NAMED,turquoise,NA,gene
Manes.11G162700.v8.1,Manes.11G162700,(1 of 3) PTHR22850:SF82 - HISTONE-BINDING PROTEIN RBBP7,turquoise,NA,gene
Manes.11G163000.v8.1,Manes.11G163000,,turquoise,NA,gene
Manes.11G163600.v8.1,Manes.11G163600,(1 of 2) PTHR21136:SF101 - VESICLE-ASSOCIATED MEMBRANE PROTEIN 714,turquoise,NA,gene
Manes.11G165300.v8.1,Manes.11G165300,(1 of 4) K06620 - transcription factor E2F3 (E2F3),turquoise,NA,gene
Manes.12G000700.v8.1,Manes.12G000700,(1 of 1) PTHR22939//PTHR22939:SF87 - SERINE PROTEASE FAMILY S1C HTRA-RELATED // DO-LIKE 15 PROTEIN-RELATED,turquoise,NA,gene
Manes.12G000300.v8.1,Manes.12G000300,(1 of 1) PTHR30239:SF6 - ACETOLACTATE SYNTHASE SMALL SUBUNIT 1; CHLOROPLASTIC,turquoise,NA,gene
Manes.12G000200.v8.1,Manes.12G000200,(1 of 2) K17800 - LETM1 and EF-hand domain-containing protein 1; mitochondrial (LETM1; MDM38),black,NA,gene
Manes.12G001200.v8.1,Manes.12G001200,(1 of 39) K01188 - beta-glucosidase (E3.2.1.21),turquoise,NA,gene
Manes.12G001900.v8.1,Manes.12G001900,(1 of 3) PTHR10231:SF25 - UDP-SUGAR TRANSPORTER PROTEIN SLC35A4-RELATED,turquoise,NA,gene
Manes.12G002200.v8.1,Manes.12G002200,(1 of 2) PTHR33787:SF4 - YCF20-LIKE PROTEIN,turquoise,NA,gene
Manes.12G002750.v8.1,Manes.12G002750,(1 of 1) PF00636//PF02170//PF04851 - Ribonuclease III domain (Ribonuclease_3) // PAZ domain (PAZ) // Type III restriction enzyme; res subunit (ResIII),turquoise,NA,gene
Manes.12G004400.v8.1,Manes.12G004400,(1 of 2) PTHR11802//PTHR11802:SF102 - SERINE PROTEASE FAMILY S10 SERINE CARBOXYPEPTIDASE // SUBFAMILY NOT NAMED,turquoise,NA,gene
Manes.12G005200.v8.1,Manes.12G005200,(1 of 5) PF02020 - eIF4-gamma/eIF5/eIF2-epsilon (W2),turquoise,NA,gene
Manes.12G005300.v8.1,Manes.12G005300,(1 of 69) KOG4412 - 26S proteasome regulatory complex; subunit PSMD10,turquoise,NA,gene
Manes.12G005500.v8.1,Manes.12G005500,(1 of 2) 5.3.3.2 - Isopentenyl-diphosphate Delta-isomerase / Methylbutenylpyrophosphate isomerase,turquoise,carot,gene
Manes.12G005600.v8.1,Manes.12G005600,(1 of 1) PTHR33254//PTHR33254:SF4 - FAMILY NOT NAMED // REGULATOR OF RIBONUCLEASE-LIKE PROTEIN 1-RELATED,turquoise,NA,gene
Manes.12G005800.v8.1,Manes.12G005800,(1 of 1) PTHR31221:SF35 - WRKY TRANSCRIPTION FACTOR 10-RELATED,turquoise,NA,gene
Manes.12G006800.v8.1,Manes.12G006800,(1 of 2) PTHR27001//PTHR27001:SF96 - FAMILY NOT NAMED // PROTEIN KINASE FAMILY PROTEIN-RELATED,turquoise,NA,gene
Manes.12G007900.v8.1,Manes.12G007900,(1 of 2) PTHR23429//PTHR23429:SF3 - GLUCOSE-6-PHOSPHATE 1-DEHYDROGENASE  G6PD // GLUCOSE-6-PHOSPHATE 1-DEHYDROGENASE 2; CHLOROPLASTIC-RELATED,purple,NA,gene
Manes.12G008400.v8.1,Manes.12G008400,,turquoise,NA,gene
Manes.12G008900.v8.1,Manes.12G008900,(1 of 2) K02685 - DNA primase large subunit (PRI2),turquoise,NA,gene
Manes.12G009000.v8.1,Manes.12G009000,(1 of 26) PF03110 - SBP domain (SBP),black,NA,gene
Manes.12G009600.v8.1,Manes.12G009600,(1 of 2) PTHR23335//PTHR23335:SF1 - CALMODULIN-BINDING TRANSCRIPTION ACTIVATOR  CAMTA // CALMODULIN-BINDING TRANSCRIPTION ACTIVATOR 4,turquoise,NA,gene
Manes.12G009700.v8.1,Manes.12G009700,(1 of 3) KOG2104 - Nuclear transport factor 2,turquoise,NA,gene
Manes.12G009800.v8.1,Manes.12G009800,(1 of 2) PTHR24423:SF381 - HISTIDINE KINASE 3,turquoise,NA,gene
Manes.12G010400.v8.1,Manes.12G010400,(1 of 2) PTHR23111//PTHR23111:SF35 - ZINC FINGER PROTEIN // SUBFAMILY NOT NAMED,turquoise,NA,gene
Manes.12G010700.v8.1,Manes.12G010700,(1 of 9) 2.1.1.112 - Glucuronoxylan 4-O-methyltransferase,black,NA,gene
Manes.12G010800.v8.1,Manes.12G010800,(1 of 11) 2.8.1.9 - Molybdenum cofactor sulfurtransferase / Molybdenum cofactor sulfurase,turquoise,NA,gene
Manes.12G011500.v8.1,Manes.12G011500,(1 of 5) PF05755 - Rubber elongation factor protein (REF) (REF),turquoise,NA,gene
Manes.12G011700.v8.1,Manes.12G011700,(1 of 1) K17616 - CTD small phosphatase-like protein 2 [EC:3.1.3.-] (CTDSPL2),black,NA,gene
Manes.12G012200.v8.1,Manes.12G012200,(1 of 1) PTHR19321:SF3 - 65-KDA MICROTUBULE-ASSOCIATED PROTEIN 8,black,NA,gene
Manes.12G012400.v8.1,Manes.12G012400,(1 of 1) PTHR12771:SF19 - ELMO/CED-12 DOMAIN-CONTAINING PROTEIN-RELATED,turquoise,NA,gene
Manes.12G012600.v8.1,Manes.12G012600,(1 of 1) PTHR12147//PTHR12147:SF22 - FXNA-RELATED // ENDOPLASMIC RETICULUM METALLOPEPTIDASE 1,black,NA,gene
Manes.12G013800.v8.1,Manes.12G013800,(1 of 1) PTHR12428//PTHR12428:SF23 - OXA1 // SUBFAMILY NOT NAMED,turquoise,NA,gene
Manes.12G014300.v8.1,Manes.12G014300,(1 of 1) K03942 - NADH dehydrogenase (ubiquinone) flavoprotein 1 (NDUFV1),turquoise,NA,gene
Manes.12G014400.v8.1,Manes.12G014400,(1 of 1) PTHR11771:SF60 - LIPOXYGENASE 6; CHLOROPLASTIC,turquoise,NA,gene
Manes.12G014700.v8.1,Manes.12G014700,(1 of 2) PTHR31949//PTHR31949:SF3 - FAMILY NOT NAMED // PROTEIN; PUTATIVE-RELATED,turquoise,NA,gene
Manes.12G014900.v8.1,Manes.12G014900,(1 of 4) K00059 - 3-oxoacyl- (fabG),turquoise,NA,gene
Manes.12G015200.v8.1,Manes.12G015200,(1 of 1) K02321 - DNA polymerase alpha subunit B (POLA2),turquoise,NA,gene
Manes.12G016100.v8.1,Manes.12G016100,(1 of 3) PF09588 - YqaJ-like viral recombinase domain (YqaJ),turquoise,NA,gene
Manes.12G017200.v8.1,Manes.12G017200,(1 of 27) 1.14.13.121 - Premnaspirodiene oxygenase / Hyoscymus muticus premnaspirodiene oxygenase,black,NA,gene
Manes.12G017500.v8.1,Manes.12G017500,(1 of 3) PTHR26402//PTHR26402:SF608 - RESPONSE REGULATOR OF TWO-COMPONENT SYSTEM // SUBFAMILY NOT NAMED,turquoise,NA,gene
Manes.12G018200.v8.1,Manes.12G018200,(1 of 1) PTHR13140:SF312 - MYOSIN-1-RELATED,turquoise,NA,gene
Manes.12G018300.v8.1,Manes.12G018300,(1 of 1) PTHR10794:SF52 - CAAX AMINO TERMINAL PROTEASE FAMILY PROTEIN,turquoise,NA,gene
Manes.12G018400.v8.1,Manes.12G018400,(1 of 4) K10251 - 17beta-estradiol 17-dehydrogenase / very-long-chain 3-oxoacyl-CoA reductase (HSD17B12; KAR; IFA38),turquoise,NA,gene
Manes.12G018500.v8.1,Manes.12G018500,(1 of 4) K10251 - 17beta-estradiol 17-dehydrogenase / very-long-chain 3-oxoacyl-CoA reductase (HSD17B12; KAR; IFA38),turquoise,NA,gene
Manes.12G019000.v8.1,Manes.12G019000,(1 of 1) PTHR22870//PTHR22870:SF192//PTHR22870:SF24 - REGULATOR OF CHROMOSOME CONDENSATION // SUBFAMILY NOT NAMED // GENOMIC DNA; CHROMOSOME 3; P1 CLONE: MPE11,turquoise,NA,gene
Manes.12G019200.v8.1,Manes.12G019200,(1 of 2) K09497 - T-complex protein 1 subunit epsilon (CCT5),turquoise,NA,gene
Manes.12G019600.v8.1,Manes.12G019600,(1 of 2) 4.4.1.15 - D-cysteine desulfhydrase,turquoise,NA,gene
Manes.12G020100.v8.1,Manes.12G020100,(1 of 8) PF14577 - Sieve element occlusion C-terminus (SEO_C),turquoise,NA,gene
Manes.12G020500.v8.1,Manes.12G020500,(1 of 2) PTHR34937//PTHR34937:SF1 - FAMILY NOT NAMED // MYOSIN HEAVY CHAIN-RELATED,turquoise,NA,gene
Manes.12G021900.v8.1,Manes.12G021900,(1 of 11) PF05212 - Protein of unknown function (DUF707) (DUF707),turquoise,NA,gene
Manes.12G022400.v8.1,Manes.12G022400,(1 of 37) PF03000 - NPH3 family (NPH3),black,NA,gene
Manes.12G026000.v8.1,Manes.12G026000,(1 of 5) 2.3.3.8 - ATP citrate synthase / Citric cleavage enzyme,turquoise,NA,gene
Manes.12G026800.v8.1,Manes.12G026800,(1 of 1) PTHR20957:SF0 - RNA-BINDING PROTEIN 48,turquoise,NA,gene
Manes.12G026900.v8.1,Manes.12G026900,(1 of 1) PTHR24015//PTHR24015:SF705 - FAMILY NOT NAMED // PENTATRICOPEPTIDE REPEAT-CONTAINING PROTEIN,turquoise,NA,gene
Manes.12G027200.v8.1,Manes.12G027200,(1 of 1) K00914 - phosphatidylinositol 3-kinase (PIK3C3; VPS34),turquoise,NA,gene
Manes.12G027500.v8.1,Manes.12G027500,(1 of 5) 2.7.1.33 - Pantothenate kinase / Pantothenic acid kinase,black,NA,gene
Manes.12G027600.v8.1,Manes.12G027600,(1 of 1) PTHR31385:SF1 - EXPRESSED PROTEIN-RELATED,turquoise,NA,gene
Manes.12G027700.v8.1,Manes.12G027700,(1 of 5) K17609 - nucleoredoxin [EC:1.8.1.8] (NXN),purple,NA,gene
Manes.12G027800.v8.1,Manes.12G027800,(1 of 5) K17609 - nucleoredoxin [EC:1.8.1.8] (NXN),purple,NA,gene
Manes.12G028000.v8.1,Manes.12G028000,(1 of 1) PTHR31945//PTHR31945:SF14 - FAMILY NOT NAMED // TRANSCRIPTION FACTOR BHLH90,black,NA,gene
Manes.12G028100.v8.1,Manes.12G028100,(1 of 2) PTHR32263//PTHR32263:SF8 - FAMILY NOT NAMED // INACTIVE POLY [ADP-RIBOSE] POLYMERASE SRO2-RELATED,purple,NA,gene
Manes.12G028300.v8.1,Manes.12G028300,(1 of 1) 3.4.19.12//3.4.25.1 - Ubiquitinyl hydrolase 1 / Ubiquitin thiolesterase // Proteasome endopeptidase complex / Proteasome,turquoise,NA,gene
Manes.12G028400.v8.1,Manes.12G028400,(1 of 2) PTHR11002:SF15 - CARBONIC ANHYDRASE,turquoise,NA,gene
Manes.12G029100.v8.1,Manes.12G029100,(1 of 1) K12816 - pre-mRNA-processing factor 17 (CDC40; PRP17),turquoise,NA,gene
Manes.12G029366.v8.1,Manes.12G029366,(1 of 1) KOG2681 - Metal-dependent phosphohydrolase,purple,NA,gene
Manes.12G029500.v8.1,Manes.12G029500,(1 of 2) K16287 - ubiquitin-like-specific protease 1C/D [EC:3.4.22.68] (ULP1C_D),turquoise,NA,gene
Manes.12G030401.v8.1,Manes.12G030401,(1 of 2) K03046 - DNA-directed RNA polymerase subunit beta' (rpoC),turquoise,NA,gene
Manes.12G030500.v8.1,Manes.12G030500,(1 of 5) K12896 - splicing factor; arginine/serine-rich 7 (SFRS7),turquoise,NA,gene
Manes.12G030600.v8.1,Manes.12G030600,(1 of 2) PTHR30540//PTHR30540:SF10 - OSMOTIC STRESS POTASSIUM TRANSPORTER // POTASSIUM TRANSPORTER 6,turquoise,NA,gene
Manes.12G032000.v8.1,Manes.12G032000,(1 of 3) K11344 - chromatin modification-related protein EAF6 (EAF6),turquoise,NA,gene
Manes.12G032100.v8.1,Manes.12G032100,(1 of 7) KOG4249 - Uncharacterized conserved protein,turquoise,NA,gene
Manes.12G032400.v8.1,Manes.12G032400,(1 of 2) K17804 - mitochondrial import inner membrane translocase subunit TIM44 (TIM44),turquoise,NA,gene
Manes.12G032800.v8.1,Manes.12G032800,(1 of 1) K06636 - structural maintenance of chromosome 1 (SMC1),turquoise,NA,gene
Manes.12G033600.v8.1,Manes.12G033600,(1 of 1) K08880 - serine/threonine kinase 19 [EC:2.7.11.1] (STK19),turquoise,NA,gene
Manes.12G033800.v8.1,Manes.12G033800,(1 of 1) PTHR12847:SF6 - ABC TRANSPORTER I FAMILY MEMBER 19-RELATED,turquoise,NA,gene
Manes.12G033900.v8.1,Manes.12G033900,(1 of 6) K08790 - serine/threonine kinase 38 [EC:2.7.11.1] (STK38; NDR),turquoise,NA,gene
Manes.12G034400.v8.1,Manes.12G034400,(1 of 3) PTHR23177//PTHR23177:SF8 - MKIAA1688 PROTEIN // CRIB DOMAIN-CONTAINING PROTEIN RIC1-RELATED,turquoise,NA,gene
Manes.12G034800.v8.1,Manes.12G034800,(1 of 2) K01900 - succinyl-CoA synthetase beta subunit (LSC2),turquoise,carb,gene
Manes.12G035000.v8.1,Manes.12G035000,(1 of 2) PTHR23083//PTHR23083:SF446 - TETRATRICOPEPTIDE REPEAT PROTEIN; TPR // SUBFAMILY NOT NAMED,turquoise,NA,gene
Manes.12G035100.v8.1,Manes.12G035100,(1 of 2) PTHR10980//PTHR10980:SF16 - RHO GDP-DISSOCIATION INHIBITOR // SUBFAMILY NOT NAMED,turquoise,NA,gene
Manes.12G035200.v8.1,Manes.12G035200,(1 of 2) 2.3.1.158//2.3.1.23 - Phospholipid:diacylglycerol acyltransferase / PDAT // 1-acylglycerophosphocholine O-acyltransferase / Lysolecithin acyltransferase,black,NA,gene
Manes.12G035300.v8.1,Manes.12G035300,(1 of 3) PF08700//PF16528 - Vps51/Vps67 (Vps51) // Exocyst component 84 C-terminal (Exo84_C),turquoise,NA,gene
Manes.12G039212.v8.1,Manes.12G039212,(1 of 28) PF00069//PF00954//PF01453 - Protein kinase domain (Pkinase) // S-locus glycoprotein domain (S_locus_glycop) // D-mannose binding lectin (B_lectin),turquoise,NA,gene
Manes.12G038200.v8.1,Manes.12G038200,(1 of 2) PTHR11062//PTHR11062:SF56 - EXOSTOSIN  HEPARAN SULFATE GLYCOSYLTRANSFERASE -RELATED // XYLOGLUCAN GALACTOSYLTRANSFERASE KATAMARI1,turquoise,NA,gene
Manes.12G038500.v8.1,Manes.12G038500,(1 of 2) PTHR24223:SF189 - ABC TRANSPORTER C FAMILY MEMBER 5,black,NA,gene
Manes.12G039700.v8.1,Manes.12G039700,(1 of 2) PTHR13140:SF256 - MYOSIN-14-RELATED,turquoise,NA,gene
Manes.12G040200.v8.1,Manes.12G040200,(1 of 2) PTHR10887:SF359 - HELICASE SEN1,turquoise,NA,gene
Manes.12G040500.v8.1,Manes.12G040500,(1 of 2) PTHR19282//PTHR19282:SF227 - TETRASPANIN // TETRASPANIN-18-RELATED,turquoise,NA,gene
Manes.12G040800.v8.1,Manes.12G040800,(1 of 1) PTHR24106:SF146 - RNI-LIKE SUPERFAMILY PROTEIN,turquoise,NA,gene
Manes.12G043800.v8.1,Manes.12G043800,(1 of 1) KOG2857 - Predicted MYND Zn-finger protein/hormone receptor interactor,turquoise,NA,gene
Manes.12G043200.v8.1,Manes.12G043200,,turquoise,NA,gene
Manes.12G042400.v8.1,Manes.12G042400,(1 of 2) PTHR23257//PTHR23257:SF478 - SERINE-THREONINE PROTEIN KINASE // SUBFAMILY NOT NAMED,turquoise,NA,gene
Manes.12G042200.v8.1,Manes.12G042200,(1 of 1) PTHR12052:SF4 - THIOREDOXIN-LIKE PROTEIN 4B,black,NA,gene
Manes.12G042650.v8.1,Manes.12G042650,(1 of 1) 6.3.2.1 - Pantoate--beta-alanine ligase (AMP-forming) / Pantothenate synthetase,turquoise,NA,gene
Manes.12G042550.v8.1,Manes.12G042550,(1 of 7) K08511 - vesicle-associated membrane protein 72 (ATVAMP72),turquoise,NA,gene
Manes.12G041000.v8.1,Manes.12G041000,(1 of 2) PF12452 - Protein of unknown function (DUF3685) (DUF3685),black,NA,gene
Manes.12G045750.v8.1,Manes.12G045750,(1 of 1) PF00097//PF00569//PF13920 - Zinc finger; C3HC4 type (RING finger) (zf-C3HC4) // Zinc finger; ZZ type (ZZ) // Zinc finger; C3HC4 type (RING finger) (zf-C3HC4_3),black,NA,gene
Manes.12G042050.v8.1,Manes.12G042050,(1 of 21) PF04576 - Zein-binding (Zein-binding),turquoise,NA,gene
Manes.12G045400.v8.1,Manes.12G045400,(1 of 3) 3.6.4.11 - Nucleoplasmin ATPase,turquoise,NA,gene
Manes.12G045500.v8.1,Manes.12G045500,(1 of 599) PF13041 - PPR repeat family (PPR_2),turquoise,NA,gene
Manes.12G046000.v8.1,Manes.12G046000,(1 of 2) 3.1.3.2//3.1.3.26 - Acid phosphatase / Phosphomonoesterase // 4-phytase / Phytate 6-phosphatase,turquoise,NA,gene
Manes.12G046400.v8.1,Manes.12G046400,(1 of 2) PTHR13020//PTHR13020:SF34 - UBIQUITIN-ASSOCIATED UBA/UBX DOMAIN-CONTAINING // UBX DOMAIN-CONTAINING PROTEIN 4,turquoise,NA,gene
Manes.12G046900.v8.1,Manes.12G046900,(1 of 4) PTHR23041:SF63 - C3HC4 ZINC FINGER DOMAIN-CONTAINING PROTEIN-RELATED,turquoise,NA,gene
Manes.12G048000.v8.1,Manes.12G048000,(1 of 3) PTHR31413:SF4 - NINJA-FAMILY PROTEIN AFP1-RELATED,black,NA,gene
Manes.12G049300.v8.1,Manes.12G049300,(1 of 1) PTHR14241//PTHR14241:SF10 - INTERFERON-INDUCED PROTEIN 44 // VON WILLEBRAND FACTOR A DOMAIN-CONTAINING PROTEIN DDB_G0292188,purple,NA,gene
Manes.12G049701.v8.1,Manes.12G049701,(1 of 12) 1.6.5.5 - NADPH:quinone reductase / Zeta-crystallin,purple,NA,gene
Manes.12G049702.v8.1,Manes.12G049702,(1 of 12) 1.6.5.5 - NADPH:quinone reductase / Zeta-crystallin,turquoise,NA,gene
Manes.12G050000.v8.1,Manes.12G050000,(1 of 12) 1.6.5.5 - NADPH:quinone reductase / Zeta-crystallin,turquoise,NA,gene
Manes.12G050800.v8.1,Manes.12G050800,(1 of 4) K02995 - small subunit ribosomal protein S8e (RP-S8e; RPS8),turquoise,NA,gene
Manes.12G050900.v8.1,Manes.12G050900,(1 of 3) PTHR32044//PTHR32044:SF14 - FAMILY NOT NAMED // XYLOGLUCAN GLYCOSYLTRANSFERASE 6-RELATED,turquoise,NA,gene
Manes.12G051000.v8.1,Manes.12G051000,(1 of 2) PTHR12565//PTHR12565:SF99 - STEROL REGULATORY ELEMENT-BINDING PROTEIN // SUBFAMILY NOT NAMED,turquoise,NA,gene
Manes.12G052200.v8.1,Manes.12G052200,(1 of 24) K07904 - Ras-related protein Rab-11A (RAB11A),turquoise,NA,gene
Manes.12G052400.v8.1,Manes.12G052400,(1 of 4) 6.1.1.22 - Asparagine--tRNA ligase / Asparaginyl-tRNA synthetase,turquoise,NA,gene
Manes.12G053000.v8.1,Manes.12G053000,(1 of 1) PTHR13604:SF0 - EMBRYONIC STEM CELL-SPECIFIC 5-HYDROXYMETHYLCYTOSINE-BINDING PROTEIN,black,NA,gene
Manes.12G054200.v8.1,Manes.12G054200,,black,NA,gene
Manes.12G059200.v8.1,Manes.12G059200,(1 of 1) PTHR11709//PTHR11709:SF58 - MULTI-COPPER OXIDASE // PROTEIN SKU5-LIKE 3,black,NA,gene
Manes.12G060109.v8.1,Manes.12G060109,(1 of 82) 5.2.1.8 - Peptidylprolyl isomerase / Rotamase,turquoise,NA,gene
Manes.12G060113.v8.1,Manes.12G060113,,turquoise,NA,gene
Manes.12G057100.v8.1,Manes.12G057100,(1 of 3) PTHR22536//PTHR22536:SF2 - LUNG CANCER METASTASIS-RELATED  LCMR1  PROTEIN // SUBFAMILY NOT NAMED,turquoise,NA,gene
Manes.12G057506.v8.1,Manes.12G057506,(1 of 7) K06883 - uncharacterized protein (K06883),turquoise,NA,gene
Manes.12G057700.v8.1,Manes.12G057700,,turquoise,NA,gene
Manes.12G058907.v8.1,Manes.12G058907,(1 of 7) K06883 - uncharacterized protein (K06883),turquoise,NA,gene
Manes.12G056500.v8.1,Manes.12G056500,(1 of 2) K04459 - dual specificity MAP kinase phosphatase (DUSP; MKP),turquoise,NA,gene
Manes.12G056300.v8.1,Manes.12G056300,(1 of 1) PTHR31934//PTHR31934:SF2 - FAMILY NOT NAMED // RNA-DIRECTED DNA METHYLATION 4,turquoise,NA,gene
Manes.12G056200.v8.1,Manes.12G056200,(1 of 3) PTHR10504//PTHR10504:SF73 - BACTERICIDAL PERMEABILITY-INCREASING  BPI  PROTEIN-RELATED // PROTEIN C05C9.1,black,NA,gene
Manes.12G060701.v8.1,Manes.12G060701,(1 of 2) PTHR22957//PTHR22957:SF327 - TBC1 DOMAIN FAMILY MEMBER GTPASE-ACTIVATING PROTEIN // SUBFAMILY NOT NAMED,turquoise,NA,gene
Manes.12G060700.v8.1,Manes.12G060700,(1 of 1) K10520 - ankyrin repeat and BTB/POZ domain-containing protein 1 (ABTB1; BPOZ),turquoise,NA,gene
Manes.12G060600.v8.1,Manes.12G060600,(1 of 3) PTHR19961//PTHR19961:SF25 - FIMBRIN/PLASTIN // ACTIN BINDING CALPONIN HOMOLOGY DOMAIN-CONTAINING PROTEIN-RELATED,turquoise,NA,gene
Manes.12G062800.v8.1,Manes.12G062800,(1 of 1) PTHR11451:SF32 - THREONYL-TRNA SYNTHETASE / THREONINE--TRNA LIGASE-RELATED,turquoise,NA,gene
Manes.12G062100.v8.1,Manes.12G062100,(1 of 2) K18834 - WRKY transcription factor 1 (WRKY1),turquoise,NA,gene
Manes.12G061600.v8.1,Manes.12G061600,(1 of 2) PTHR24423:SF363 - HISTIDINE KINASE 2,black,NA,gene
Manes.12G061500.v8.1,Manes.12G061500,(1 of 2) PTHR21736:SF20 - PROTEIN OBERON 1-RELATED,turquoise,NA,gene
Manes.12G061200.v8.1,Manes.12G061200,(1 of 38) PF01535//PF12854//PF13041 - PPR repeat (PPR) // PPR repeat (PPR_1) // PPR repeat family (PPR_2),turquoise,NA,gene
Manes.12G061100.v8.1,Manes.12G061100,(1 of 1) K14300 - nuclear pore complex protein Nup133 (NUP133),turquoise,NA,gene
Manes.12G061000.v8.1,Manes.12G061000,(1 of 4) 2.7.10.2//2.7.12.1 - Non-specific protein-tyrosine kinase / Cytoplasmic protein tyrosine kinase // Dual-specificity kinase,turquoise,NA,gene
Manes.12G065301.v8.1,Manes.12G065301,(1 of 2) PTHR23323:SF24 - VACUOLAR PROTEIN SORTING-ASSOCIATED PROTEIN 11 HOMOLOG,turquoise,NA,gene
Manes.12G064700.v8.1,Manes.12G064700,,turquoise,NA,gene
Manes.12G065700.v8.1,Manes.12G065700,(1 of 80) PF01535//PF13041//PF14432 - PPR repeat (PPR) // PPR repeat family (PPR_2) // DYW family of nucleic acid deaminases (DYW_deaminase),turquoise,NA,gene
Manes.12G066300.v8.1,Manes.12G066300,(1 of 3) PTHR11064//PTHR11064:SF27 - CCAAT-BINDING TRANSCRIPTION FACTOR-RELATED // NUCLEAR TRANSCRIPTION FACTOR Y SUBUNIT B-2-RELATED,turquoise,NA,gene
Manes.12G063300.v8.1,Manes.12G063300,(1 of 1) PTHR10566//PTHR10566:SF50 - CHAPERONE-ACTIVITY OF BC1 COMPLEX  CABC1 -RELATED // PROTEIN LACT-3,turquoise,NA,gene
Manes.12G063604.v8.1,Manes.12G063604,(1 of 6) PF16719 - SAWADEE domain (SAWADEE),black,NA,gene
Manes.12G064400.v8.1,Manes.12G064400,,turquoise,NA,gene
Manes.12G066601.v8.1,Manes.12G066601,(1 of 2) PTHR31717//PTHR31717:SF8 - FAMILY NOT NAMED // ZINC FINGER PROTEIN CONSTANS-LIKE 10-RELATED,turquoise,NA,gene
Manes.12G067100.v8.1,Manes.12G067100,,black,NA,gene
Manes.12G067200.v8.1,Manes.12G067200,,turquoise,NA,gene
Manes.12G067301.v8.1,Manes.12G067301,(1 of 1) PTHR31133//PTHR31133:SF2 - FAMILY NOT NAMED // EXPRESSED PROTEIN,turquoise,NA,gene
Manes.12G067900.v8.1,Manes.12G067900,(1 of 2) PTHR22572:SF101 - GLUCOSE-1-PHOSPHATE ADENYLYLTRANSFERASE SMALL SUBUNIT; CHLOROPLASTIC,black,carb,gene
Manes.12G068100.v8.1,Manes.12G068100,(1 of 8) K07300 - Ca2+:H+ antiporter (chaA; CAX),turquoise,NA,gene
Manes.12G068200.v8.1,Manes.12G068200,(1 of 1) PTHR23189:SF41 - BCDNA.GH11110,turquoise,NA,gene
Manes.12G069400.v8.1,Manes.12G069400,(1 of 51) KOG4172 - Predicted E3 ubiquitin ligase,purple,NA,gene
Manes.12G070000.v8.1,Manes.12G070000,(1 of 2) K16585 - HAUS augmin-like complex subunit 2 (HAUS2),turquoise,NA,gene
Manes.12G070801.v8.1,Manes.12G070801,,turquoise,NA,gene
Manes.12G071100.v8.1,Manes.12G071100,(1 of 6) PF00628//PF01426 - PHD-finger (PHD) // BAH domain (BAH),turquoise,NA,gene
Manes.12G071800.v8.1,Manes.12G071800,(1 of 3) PTHR27001//PTHR27001:SF12 - FAMILY NOT NAMED // CHITIN ELICITOR RECEPTOR KINASE 1,turquoise,NA,gene
Manes.12G071900.v8.1,Manes.12G071900,(1 of 1) PTHR13018:SF46 - ERD (EARLY-RESPONSIVE TO DEHYDRATION STRESS) FAMILY PROTEIN-RELATED,turquoise,NA,gene
Manes.12G073000.v8.1,Manes.12G073000,(1 of 8) PF07876 - Stress responsive A/B Barrel Domain (Dabb),turquoise,NA,gene
Manes.12G073200.v8.1,Manes.12G073200,(1 of 2) PTHR23336//PTHR23336:SF11 - ZINC FINGER CW-TYPE COILED-COIL DOMAIN PROTEIN 3. // SUBFAMILY NOT NAMED,turquoise,NA,gene
Manes.12G073600.v8.1,Manes.12G073600,(1 of 1) K15083 - DNA repair protein RAD16 (RAD16),turquoise,NA,gene
Manes.12G073800.v8.1,Manes.12G073800,(1 of 1) 1.8.4.9 - Adenylyl-sulfate reductase (glutathione) / Plant-type 5'-adenylylsulfate reductase,turquoise,NA,gene
Manes.12G074000.v8.1,Manes.12G074000,(1 of 4) 4.2.1.51 - Prephenate dehydratase,turquoise,NA,gene
Manes.12G077400.v8.1,Manes.12G077400,(1 of 1) K02327 - DNA polymerase delta subunit 1 (POLD1),turquoise,NA,gene
Manes.12G077600.v8.1,Manes.12G077600,,turquoise,NA,gene
Manes.12G077800.v8.1,Manes.12G077800,(1 of 1) PTHR10055:SF1 - TRYPTOPHAN--TRNA LIGASE; CYTOPLASMIC,turquoise,NA,gene
Manes.12G077300.v8.1,Manes.12G077300,(1 of 19) PF06749 - Protein of unknown function (DUF1218) (DUF1218),turquoise,NA,gene
Manes.12G077100.v8.1,Manes.12G077100,(1 of 108) 3.6.4.13 - RNA helicase,turquoise,NA,gene
Manes.12G085100.v8.1,Manes.12G085100,(1 of 1) K02516 - protein arginine N-methyltransferase 5 (PRMT5; HSL7),turquoise,NA,gene
Manes.12G079600.v8.1,Manes.12G079600,(1 of 1) K14763 - H/ACA ribonucleoprotein complex non-core subunit NAF1 (NAF1),turquoise,NA,gene
Manes.12G079700.v8.1,Manes.12G079700,(1 of 3) PTHR34053:SF1 - PROTEIN ULTRAPETALA 1-RELATED,turquoise,NA,gene
Manes.12G081700.v8.1,Manes.12G081700,,turquoise,NA,gene
Manes.12G081200.v8.1,Manes.12G081200,(1 of 6) PTHR21596//PTHR21596:SF12 - RIBONUCLEASE P SUBUNIT P38 // PROTEIN SUPPRESSOR OF GENE SILENCING 3,turquoise,NA,gene
Manes.12G081000.v8.1,Manes.12G081000,(1 of 1) PTHR21347//PTHR21347:SF0 - CLEFT LIP AND PALATE ASSOCIATED TRANSMEMBRANE PROTEIN-RELATED // CLEFT LIP AND PALATE TRANSMEMBRANE PROTEIN 1,turquoise,NA,gene
Manes.12G080800.v8.1,Manes.12G080800,(1 of 2) PTHR13693//PTHR13693:SF2 - CLASS II AMINOTRANSFERASE/8-AMINO-7-OXONONANOATE SYNTHASE // SERINE PALMITOYLTRANSFERASE 1,turquoise,NA,gene
Manes.12G084100.v8.1,Manes.12G084100,(1 of 47) 2.7.10.1//2.7.11.1 - Receptor protein-tyrosine kinase / Receptor protein tyrosine kinase // Non-specific serine/threonine protein kinase / Threonine-specific protein kinase,turquoise,NA,gene
Manes.12G084800.v8.1,Manes.12G084800,(1 of 1) PTHR23293//PTHR23293:SF9 - FAD SYNTHETASE-RELATED  FMN ADENYLYLTRANSFERASE // FAD SYNTHASE,turquoise,NA,gene
Manes.12G084900.v8.1,Manes.12G084900,(1 of 5) PTHR10992//PTHR10992:SF869 - ALPHA/BETA HYDROLASE FOLD-CONTAINING PROTEIN // SUBFAMILY NOT NAMED,turquoise,NA,gene
Manes.12G090600.v8.1,Manes.12G090600,,turquoise,NA,gene
Manes.12G087000.v8.1,Manes.12G087000,(1 of 3) PTHR11266//PTHR11266:SF16 - PEROXISOMAL MEMBRANE PROTEIN 2; PXMP2  MPV17 // PEROXISOMAL MEMBRANE (MPV17/PMP22) FAMILY PROTEIN,turquoise,NA,gene
Manes.12G086900.v8.1,Manes.12G086900,(1 of 207) PF01535//PF13041 - PPR repeat (PPR) // PPR repeat family (PPR_2),turquoise,NA,gene
Manes.12G090400.v8.1,Manes.12G090400,(1 of 1) PTHR27000//PTHR27000:SF215 - FAMILY NOT NAMED // RECEPTOR-LIKE PROTEIN KINASE 5,black,NA,gene
Manes.12G089700.v8.1,Manes.12G089700,,turquoise,NA,gene
Manes.12G089000.v8.1,Manes.12G089000,(1 of 7) PTHR10825:SF43 - E3 UBIQUITIN-PROTEIN LIGASE RING1A-RELATED,turquoise,NA,gene
Manes.12G088838.v8.1,Manes.12G088838,(1 of 3) K08738 - cytochrome c (CYC),turquoise,NA,gene
Manes.12G089028.v8.1,Manes.12G089028,(1 of 15) PF04720 - PDDEXK-like family of unknown function (PDDEXK_6),turquoise,NA,gene
Manes.12G089104.v8.1,Manes.12G089104,(1 of 9) K08819 - cyclin-dependent kinase 12/13 [EC:2.7.11.22 2.7.11.23] (CDK12_13),turquoise,NA,gene
Manes.12G089370.v8.1,Manes.12G089370,(1 of 2) PTHR11615//PTHR11615:SF129 - NITRATE; FROMATE; IRON DEHYDROGENASE // SUBFAMILY NOT NAMED,turquoise,NA,gene
Manes.12G090054.v8.1,Manes.12G090054,(1 of 2) K12668 - oligosaccharyltransferase complex subunit epsilon (OST2; DAD1),turquoise,NA,gene
Manes.12G091200.v8.1,Manes.12G091200,(1 of 3) PTHR22880:SF172 - TRANSCRIPTION FACTOR GTE3; CHLOROPLASTIC-RELATED,turquoise,NA,gene
Manes.12G094000.v8.1,Manes.12G094000,(1 of 2) PTHR24343:SF169 - SERINE/THREONINE-PROTEIN KINASE SRK2D-RELATED,turquoise,NA,gene
Manes.12G096000.v8.1,Manes.12G096000,(1 of 13) PTHR10992//PTHR10992:SF820 - ALPHA/BETA HYDROLASE FOLD-CONTAINING PROTEIN // METHYLESTERASE 1-RELATED,purple,NA,gene
Manes.12G095200.v8.1,Manes.12G095200,(1 of 3) PTHR14237:SF31 - CATALYTIC/ PYRIDOXAL PHOSPHATE BINDING PROTEIN,turquoise,NA,gene
Manes.12G094800.v8.1,Manes.12G094800,(1 of 2) PTHR27005:SF34 - WALL-ASSOCIATED RECEPTOR KINASE-LIKE 14-RELATED,turquoise,NA,gene
Manes.12G096500.v8.1,Manes.12G096500,(1 of 2) PTHR11850//PTHR11850:SF103 - HOMEOBOX PROTEIN TRANSCRIPTION FACTORS // SUBFAMILY NOT NAMED,turquoise,NA,gene
Manes.12G102600.v8.1,Manes.12G102600,(1 of 1) PTHR24209//PTHR24209:SF13 - FAMILY NOT NAMED // PROTEIN DA1-RELATED 1-RELATED,turquoise,NA,gene
Manes.12G099300.v8.1,Manes.12G099300,(1 of 4) PTHR10891:SF568 - CALCIUM-BINDING PROTEIN CML41-RELATED,purple,NA,gene
Manes.12G099200.v8.1,Manes.12G099200,(1 of 2) PTHR16201:SF43 - PQ-LOOP REPEAT FAMILY PROTEIN / TRANSMEMBRANE FAMILY PROTEIN,turquoise,NA,gene
Manes.12G098200.v8.1,Manes.12G098200,(1 of 2) K10579 - ubiquitin-conjugating enzyme E2 M (UBE2M; UBC12),turquoise,NA,gene
Manes.12G101900.v8.1,Manes.12G101900,(1 of 1) PTHR35323:SF2 - SAP DOMAIN-CONTAINING PROTEIN,turquoise,NA,gene
Manes.12G099700.v8.1,Manes.12G099700,(1 of 1) PTHR12864//PTHR12864:SF13 - RAN BINDING PROTEIN 9-RELATED // SUBFAMILY NOT NAMED,turquoise,NA,gene
Manes.12G099600.v8.1,Manes.12G099600,(1 of 11) K14411 - RNA-binding protein Musashi (MSI),turquoise,NA,gene
Manes.12G099500.v8.1,Manes.12G099500,(1 of 19) PF03763 - Remorin; C-terminal region (Remorin_C),black,NA,gene
Manes.12G100611.v8.1,Manes.12G100611,,turquoise,NA,gene
Manes.12G100622.v8.1,Manes.12G100622,(1 of 10) PTHR23272//PTHR23272:SF50 - BED FINGER-RELATED // SUBFAMILY NOT NAMED,turquoise,NA,gene
Manes.12G100800.v8.1,Manes.12G100800,(1 of 1) K02712 - photosystem II PsbK protein (psbK),turquoise,NA,gene
Manes.12G101100.v8.1,Manes.12G101100,(1 of 7) KOG0028 - Ca2+-binding protein (centrin/caltractin); EF-Hand superfamily protein,turquoise,NA,gene
Manes.12G101200.v8.1,Manes.12G101200,,turquoise,NA,gene
Manes.12G101400.v8.1,Manes.12G101400,,turquoise,NA,gene
Manes.12G103000.v8.1,Manes.12G103000,,black,NA,gene
Manes.12G103100.v8.1,Manes.12G103100,(1 of 2) PTHR10265:SF25 - CYCLIN-DEPENDENT KINASE INHIBITOR 6,turquoise,NA,gene
Manes.12G104000.v8.1,Manes.12G104000,(1 of 1) 6.3.4.21 - Nicotinate phosphoribosyltransferase / Nicotinic acid phosphoribosyltransferase,turquoise,NA,gene
Manes.12G104500.v8.1,Manes.12G104500,(1 of 63) PF12937 - F-box-like (F-box-like),turquoise,NA,gene
Manes.12G106700.v8.1,Manes.12G106700,(1 of 2) K10577 - ubiquitin-conjugating enzyme E2 I (UBE2I; UBC9),turquoise,NA,gene
Manes.12G107400.v8.1,Manes.12G107400,(1 of 3) PTHR31282//PTHR31282:SF33 - FAMILY NOT NAMED // WRKY TRANSCRIPTION FACTOR 15-RELATED,turquoise,NA,gene
Manes.12G108000.v8.1,Manes.12G108000,(1 of 3) 3.1.3.67 - Phosphatidylinositol-3;4;5-trisphosphate 3-phosphatase / Phosphatidylinositol-3;4;5-trisphosphate 3-phosphohydrolase,turquoise,NA,gene
Manes.12G114300.v8.1,Manes.12G114300,(1 of 366) PF00067 - Cytochrome P450 (p450),turquoise,NA,gene
Manes.12G109600.v8.1,Manes.12G109600,(1 of 2) PTHR23315//PTHR23315:SF117 - BETA CATENIN-RELATED ARMADILLO REPEAT-CONTAINING // SUBFAMILY NOT NAMED,black,NA,gene
Manes.12G110500.v8.1,Manes.12G110500,(1 of 1) 3.5.1.49 - Formamidase / Formamide amidohydrolase,black,NA,gene
Manes.12G111300.v8.1,Manes.12G111300,(1 of 25) PF00651//PF03000 - BTB/POZ domain (BTB) // NPH3 family (NPH3),turquoise,NA,gene
Manes.12G111400.v8.1,Manes.12G111400,,turquoise,NA,gene
Manes.12G111700.v8.1,Manes.12G111700,(1 of 2) PTHR24054//PTHR24054:SF31 - CASEIN KINASE II SUBUNIT ALPHA // SUBFAMILY NOT NAMED,turquoise,NA,gene
Manes.12G111900.v8.1,Manes.12G111900,(1 of 1) PTHR23516//PTHR23516:SF2 - FAMILY NOT NAMED // MAJOR FACILITATOR PROTEIN,turquoise,NA,gene
Manes.12G112400.v8.1,Manes.12G112400,,turquoise,NA,gene
Manes.12G113300.v8.1,Manes.12G113300,(1 of 2) PTHR23213//PTHR23213:SF215 - FORMIN-RELATED // SUBFAMILY NOT NAMED,turquoise,NA,gene
Manes.12G113900.v8.1,Manes.12G113900,,turquoise,NA,gene
Manes.12G114200.v8.1,Manes.12G114200,(1 of 3) 3.2.1.145 - Galactan 1;3-beta-galactosidase,turquoise,NA,gene
Manes.12G114666.v8.1,Manes.12G114666,,turquoise,NA,gene
Manes.12G115100.v8.1,Manes.12G115100,(1 of 4) PTHR21717//PTHR21717:SF27 - TELOMERIC REPEAT BINDING PROTEIN // TELOMERE REPEAT-BINDING FACTOR 2-RELATED,turquoise,NA,gene
Manes.12G115600.v8.1,Manes.12G115600,(1 of 2) PF10225 - Uncharacterized conserved protein (DUF2215) (DUF2215),turquoise,NA,gene
Manes.12G115700.v8.1,Manes.12G115700,(1 of 53) PF14009 - Domain of unknown function (DUF4228) (DUF4228),purple,NA,gene
Manes.12G116000.v8.1,Manes.12G116000,(1 of 2) PTHR31311//PTHR31311:SF3 - FAMILY NOT NAMED // GLYCOSYLTRANSFERASE 6-RELATED,black,NA,gene
Manes.12G116050.v8.1,Manes.12G116050,,turquoise,NA,gene
Manes.12G116600.v8.1,Manes.12G116600,(1 of 53) PF14009 - Domain of unknown function (DUF4228) (DUF4228),turquoise,NA,gene
Manes.12G118300.v8.1,Manes.12G118300,(1 of 1) PTHR10229:SF0 - GTP-BINDING PROTEIN 6-RELATED,turquoise,NA,gene
Manes.12G118400.v8.1,Manes.12G118400,(1 of 1) PF07021 - Methionine biosynthesis protein MetW (MetW),turquoise,NA,gene
Manes.12G118700.v8.1,Manes.12G118700,(1 of 3) 2.6.1.42//2.6.1.88 - Branched-chain-amino-acid transaminase / Transaminase B // Methionine transaminase / Methionine-oxo-acid transaminase,turquoise,NA,gene
Manes.12G118801.v8.1,Manes.12G118801,(1 of 2) PTHR24326//PTHR24326:SF252 - FAMILY NOT NAMED // HOMEOBOX-LEUCINE ZIPPER PROTEIN HAT9,turquoise,NA,gene
Manes.12G118804.v8.1,Manes.12G118804,(1 of 2) PTHR31062:SF48 - XYLOGLUCAN ENDOTRANSGLUCOSYLASE/HYDROLASE PROTEIN 6-RELATED,purple,NA,gene
Manes.12G119100.v8.1,Manes.12G119100,(1 of 11) 3.4.19.12//3.4.22.69 - Ubiquitinyl hydrolase 1 / Ubiquitin thiolesterase // SARS coronavirus main proteinase / Severe acute respiratory syndrome coronavirus main protease,turquoise,NA,gene
Manes.12G119200.v8.1,Manes.12G119200,(1 of 2) K02266 - cytochrome c oxidase subunit 6a (COX6A),turquoise,NA,gene
Manes.12G119800.v8.1,Manes.12G119800,(1 of 2) K14963 - COMPASS component SWD3 (WDR5; SWD3; CPS30),turquoise,NA,gene
Manes.12G120000.v8.1,Manes.12G120000,(1 of 3) K15193 - protein SPT2 (SPTY2D1; SPT2),turquoise,NA,gene
Manes.12G120700.v8.1,Manes.12G120700,(1 of 1) PTHR10579//PTHR10579:SF59 - CALCIUM-ACTIVATED CHLORIDE CHANNEL REGULATOR // C3H4 TYPE ZINC FINGER PROTEIN-RELATED,turquoise,NA,gene
Manes.12G120900.v8.1,Manes.12G120900,,turquoise,NA,gene
Manes.12G121300.v8.1,Manes.12G121300,,turquoise,NA,gene
Manes.12G121400.v8.1,Manes.12G121400,(1 of 1) PTHR27003//PTHR27003:SF71 - FAMILY NOT NAMED // LEUCINE-RICH REPEAT (LRR) FAMILY PROTEIN,turquoise,NA,gene
Manes.12G123400.v8.1,Manes.12G123400,(1 of 1) PF00139//PF07714 - Legume lectin domain (Lectin_legB) // Protein tyrosine kinase (Pkinase_Tyr),turquoise,NA,gene
Manes.12G122900.v8.1,Manes.12G122900,(1 of 2) PTHR10388:SF20 - APO PROTEIN 4; MITOCHONDRIAL,turquoise,NA,gene
Manes.12G124000.v8.1,Manes.12G124000,(1 of 10) PTHR11695//PTHR11695:SF497 - ALCOHOL DEHYDROGENASE RELATED // CINNAMYL ALCOHOL DEHYDROGENASE 6-RELATED,turquoise,NA,gene
Manes.12G124600.v8.1,Manes.12G124600,(1 of 38) PF01535//PF12854//PF13041 - PPR repeat (PPR) // PPR repeat (PPR_1) // PPR repeat family (PPR_2),turquoise,NA,gene
Manes.12G125300.v8.1,Manes.12G125300,(1 of 6) PF07524 - Bromodomain associated (Bromo_TP),turquoise,NA,gene
Manes.12G125700.v8.1,Manes.12G125700,(1 of 2) PTHR11119:SF54 - NUCLEOBASE-ASCORBATE TRANSPORTER 11,turquoise,NA,gene
Manes.12G126000.v8.1,Manes.12G126000,(1 of 3) 3.5.1.19 - Nicotinamidase / Nicotine deamidase,turquoise,NA,gene
Manes.12G126800.v8.1,Manes.12G126800,(1 of 5) PTHR11945//PTHR11945:SF179 - MADS BOX PROTEIN // MADS-BOX PROTEIN SVP,black,NA,gene
Manes.12G126900.v8.1,Manes.12G126900,(1 of 1) PTHR24115:SF469 - KINESIN-LIKE PROTEIN KCA1-RELATED,black,NA,gene
Manes.12G127400.v8.1,Manes.12G127400,(1 of 10) K11855 - ubiquitin carboxyl-terminal hydrolase 36/42 [EC:3.4.19.12] (USP36_42),turquoise,NA,gene
Manes.12G127600.v8.1,Manes.12G127600,,purple,NA,gene
Manes.12G128300.v8.1,Manes.12G128300,(1 of 4) PTHR31948//PTHR31948:SF20 - FAMILY NOT NAMED // ZINC-FINGER HOMEODOMAIN PROTEIN 1,turquoise,NA,gene
Manes.12G128800.v8.1,Manes.12G128800,(1 of 2) PTHR22778:SF25 - ALPHA/BETA-HYDROLASES SUPERFAMILY PROTEIN,black,NA,gene
Manes.12G129700.v8.1,Manes.12G129700,(1 of 2) 4.1.99.12 - 3;4-dihydroxy-2-butanone-4-phosphate synthase / L-3;4-dihydroxybutan-2-one-4-phosphate synthase,turquoise,NA,gene
Manes.12G130000.v8.1,Manes.12G130000,(1 of 2) KOG2296 - Integral membrane protein,turquoise,NA,gene
Manes.12G130600.v8.1,Manes.12G130600,(1 of 3) PTHR24343:SF207 - SERINE/THREONINE-PROTEIN KINASE SRK2C,turquoise,NA,gene
Manes.12G131100.v8.1,Manes.12G131100,(1 of 24) K07904 - Ras-related protein Rab-11A (RAB11A),turquoise,NA,gene
Manes.12G132200.v8.1,Manes.12G132200,,turquoise,NA,gene
Manes.12G132300.v8.1,Manes.12G132300,(1 of 5) PTHR11926//PTHR11926:SF269 - GLUCOSYL/GLUCURONOSYL TRANSFERASES // SUBFAMILY NOT NAMED,turquoise,NA,gene
Manes.12G132800.v8.1,Manes.12G132800,(1 of 2) PTHR24298:SF144 - BIFUNCTIONAL DIHYDROCAMALEXATE SYNTHASE/CAMALEXIN SYNTHASE-RELATED,turquoise,NA,gene
Manes.12G132900.v8.1,Manes.12G132900,(1 of 2) PTHR24298:SF144 - BIFUNCTIONAL DIHYDROCAMALEXATE SYNTHASE/CAMALEXIN SYNTHASE-RELATED,black,NA,gene
Manes.12G133100.v8.1,Manes.12G133100,(1 of 7) PF13947//PF14380 - Wall-associated receptor kinase galacturonan-binding (GUB_WAK_bind) // Wall-associated receptor kinase C-terminal (WAK_assoc),turquoise,NA,gene
Manes.12G133200.v8.1,Manes.12G133200,(1 of 4) PTHR10992//PTHR10992:SF792 - ALPHA/BETA HYDROLASE FOLD-CONTAINING PROTEIN // SUBFAMILY NOT NAMED,turquoise,NA,gene
Manes.12G133300.v8.1,Manes.12G133300,(1 of 4) PTHR10992//PTHR10992:SF792 - ALPHA/BETA HYDROLASE FOLD-CONTAINING PROTEIN // SUBFAMILY NOT NAMED,turquoise,NA,gene
Manes.12G133400.v8.1,Manes.12G133400,(1 of 47) 2.7.10.1//2.7.11.1 - Receptor protein-tyrosine kinase / Receptor protein tyrosine kinase // Non-specific serine/threonine protein kinase / Threonine-specific protein kinase,black,NA,gene
Manes.12G134900.v8.1,Manes.12G134900,(1 of 1) PTHR10231:SF3 - CMP-SIALIC ACID TRANSPORTER 5,turquoise,NA,gene
Manes.12G135600.v8.1,Manes.12G135600,(1 of 2) PF00005//PF06472 - ABC transporter (ABC_tran) // ABC transporter transmembrane region 2 (ABC_membrane_2),turquoise,NA,gene
Manes.12G135900.v8.1,Manes.12G135900,,turquoise,NA,gene
Manes.12G136100.v8.1,Manes.12G136100,(1 of 46) PF05678 - VQ motif (VQ),turquoise,NA,gene
Manes.12G136500.v8.1,Manes.12G136500,(1 of 3) PTHR31718:SF0 - EXPRESSED PROTEIN-RELATED,turquoise,NA,gene
Manes.12G137700.v8.1,Manes.12G137700,(1 of 1) PTHR33059:SF4 - F28K19.24-RELATED,turquoise,NA,gene
Manes.12G138500.v8.1,Manes.12G138500,(1 of 2) 1.10.3.2//1.10.3.3 - Laccase / Urishiol oxidase // L-ascorbate oxidase / Ascorbase,turquoise,NA,gene
Manes.12G139400.v8.1,Manes.12G139400,,turquoise,NA,gene
Manes.12G139800.v8.1,Manes.12G139800,(1 of 2) PTHR23012:SF50 - RING/FYVE/PHD ZINC FINGER-CONTAINING PROTEIN,turquoise,NA,gene
Manes.12G140300.v8.1,Manes.12G140300,(1 of 10) PF01535//PF12854//PF13041//PF14432 - PPR repeat (PPR) // PPR repeat (PPR_1) // PPR repeat family (PPR_2) // DYW family of nucleic acid deaminases (DYW_deaminase),turquoise,NA,gene
Manes.12G141200.v8.1,Manes.12G141200,(1 of 1) PTHR10566:SF74 - ABC TRANSPORTER-LIKE,turquoise,NA,gene
Manes.12G141300.v8.1,Manes.12G141300,(1 of 1) PTHR27001//PTHR27001:SF151//PTHR27001:SF224 - FAMILY NOT NAMED // SOMATIC EMBRYOGENESIS RECEPTOR KINASE 2 // SOMATIC EMBRYOGENESIS RECEPTOR KINASE 1,turquoise,NA,gene
Manes.12G141400.v8.1,Manes.12G141400,,turquoise,NA,gene
Manes.12G142400.v8.1,Manes.12G142400,,turquoise,NA,gene
Manes.12G142900.v8.1,Manes.12G142900,(1 of 38) PF01535//PF12854//PF13041 - PPR repeat (PPR) // PPR repeat (PPR_1) // PPR repeat family (PPR_2),turquoise,NA,gene
Manes.12G143000.v8.1,Manes.12G143000,,turquoise,NA,gene
Manes.12G143100.v8.1,Manes.12G143100,(1 of 1) PTHR19211//PTHR19211:SF48 - ATP-BINDING TRANSPORT PROTEIN-RELATED // ABC TRANSPORTER F FAMILY MEMBER 2-RELATED,turquoise,NA,gene
Manes.12G143400.v8.1,Manes.12G143400,(1 of 1) K07933 - Rab-like protein 3 (RABL3),turquoise,NA,gene
Manes.12G144600.v8.1,Manes.12G144600,(1 of 1) K19026 - spatacsin (SPG11),turquoise,NA,gene
Manes.12G144700.v8.1,Manes.12G144700,(1 of 2) PTHR31221:SF17 - WRKY TRANSCRIPTION FACTOR 13-RELATED,turquoise,NA,gene
Manes.12G145600.v8.1,Manes.12G145600,(1 of 1) K11851 - ubiquitin carboxyl-terminal hydrolase 30 [EC:3.4.19.12] (USP30),turquoise,NA,gene
Manes.12G146100.v8.1,Manes.12G146100,(1 of 2) K10807 - ribonucleoside-diphosphate reductase subunit M1 (RRM1),turquoise,NA,gene
Manes.12G146200.v8.1,Manes.12G146200,(1 of 6) PF04367 - Protein of unknown function (DUF502) (DUF502),turquoise,NA,gene
Manes.12G148400.v8.1,Manes.12G148400,,turquoise,NA,gene
Manes.12G149500.v8.1,Manes.12G149500,(1 of 14) PF08711 - TFIIS helical bundle-like domain (Med26),turquoise,NA,gene
Manes.12G149600.v8.1,Manes.12G149600,(1 of 1) 1.14.13.113 - FAD-dependent urate hydroxylase / Urate hydroxylase,purple,NA,gene
Manes.12G149700.v8.1,Manes.12G149700,(1 of 4) PTHR11017:SF169 - DISEASE RESISTANCE PROTEIN-RELATED,turquoise,NA,gene
Manes.12G150400.v8.1,Manes.12G150400,(1 of 1) PTHR12934//PTHR12934:SF12 - 50S RIBOSOMAL PROTEIN L15 // 39S RIBOSOMAL PROTEIN L15; MITOCHONDRIAL,turquoise,NA,gene
Manes.12G150600.v8.1,Manes.12G150600,(1 of 4) PTHR11937//PTHR11937:SF247 - ACTIN // SUBFAMILY NOT NAMED,black,NA,gene
Manes.12G150900.v8.1,Manes.12G150900,(1 of 3) KOG4573 - Phosphoprotein involved in cytoplasm to vacuole targeting and autophagy,turquoise,NA,gene
Manes.12G151000.v8.1,Manes.12G151000,,turquoise,NA,gene
Manes.12G151100.v8.1,Manes.12G151100,(1 of 1) PTHR12801:SF69 - RNA EXONUCLEASE NEF-SP-RELATED,turquoise,NA,gene
Manes.12G151900.v8.1,Manes.12G151900,(1 of 3) PTHR13902//PTHR13902:SF62 - SERINE/THREONINE-PROTEIN KINASE WNK  WITH NO LYSINE -RELATED // SERINE/THREONINE-PROTEIN KINASE WNK6-RELATED,turquoise,NA,gene
Manes.12G153600.v8.1,Manes.12G153600,(1 of 1) PTHR24056:SF227 - CYCLIN-DEPENDENT KINASE C-2,turquoise,NA,gene
Manes.12G154200.v8.1,Manes.12G154200,(1 of 1) PTHR31741:SF15 - O-FUCOSYLTRANSFERASE FAMILY PROTEIN,turquoise,NA,gene
Manes.12G154400.v8.1,Manes.12G154400,(1 of 3) K00888 - phosphatidylinositol 4-kinase (PI4K),black,NA,gene
Manes.12G155400.v8.1,Manes.12G155400,(1 of 1) PTHR23240//PTHR23240:SF11 - DNA CROSS-LINK REPAIR PROTEIN PSO2/SNM1-RELATED // SUBFAMILY NOT NAMED,turquoise,NA,gene
Manes.12G155600.v8.1,Manes.12G155600,(1 of 1) PTHR24115//PTHR24115:SF535 - FAMILY NOT NAMED // KINESIN-RELATED PROTEIN 4,turquoise,NA,gene
Manes.12G155900.v8.1,Manes.12G155900,(1 of 1) PTHR10641:SF525 - MYB TRANSCRIPTION FACTOR,turquoise,NA,gene
Manes.12G156700.v8.1,Manes.12G156700,(1 of 1) 1.2.1.25//1.2.4.4 - 2-oxoisovalerate dehydrogenase (acylating) // 3-methyl-2-oxobutanoate dehydrogenase (2-methylpropanoyl-transferring) / Dehydrogenase; branched chain alpha-keto acid,turquoise,NA,gene
Manes.12G157200.v8.1,Manes.12G157200,,turquoise,NA,gene
Manes.12G157400.v8.1,Manes.12G157400,(1 of 53) PF14416 - PMR5 N terminal Domain (PMR5N),purple,NA,gene
Manes.12G157900.v8.1,Manes.12G157900,(1 of 2) 2.1.1.145 - Trans-aconitate 3-methyltransferase,black,NA,gene
Manes.12G158000.v8.1,Manes.12G158000,(1 of 2) K03136 - transcription initiation factor TFIIE subunit alpha (TFIIE1; GTF2E1; TFA1; tfe),turquoise,NA,gene
Manes.12G158200.v8.1,Manes.12G158200,(1 of 1) PTHR21183//PTHR21183:SF18 - RIBOSOMAL PROTEIN L47; MITOCHONDRIAL-RELATED // 39S RIBOSOMAL PROTEIN L47; MITOCHONDRIAL,turquoise,NA,gene
Manes.12G158300.v8.1,Manes.12G158300,(1 of 207) PF01535//PF13041 - PPR repeat (PPR) // PPR repeat family (PPR_2),turquoise,NA,gene
Manes.12G158500.v8.1,Manes.12G158500,,turquoise,NA,gene
Manes.12G158900.v8.1,Manes.12G158900,(1 of 1) K17553 - protein phosphatase 1 regulatory subunit 11 (PPP1R11),turquoise,NA,gene
Manes.12G159000.v8.1,Manes.12G159000,(1 of 1) 1.8.3.5//1.8.3.6 - Prenylcysteine oxidase / Prenylcysteine lyase // Farnesylcysteine lyase / FC lyase,turquoise,NA,gene
Manes.12G159100.v8.1,Manes.12G159100,(1 of 3) KOG2712 - Transcriptional coactivator,turquoise,NA,gene
Manes.13G000024.v8.1,Manes.13G000024,(1 of 4) 1.1.1.54//1.3.1.102 - Allyl-alcohol dehydrogenase // 2-alkenal reductase (NADP(+)) / NADPH-dependent alkenal/one oxidoreductase,turquoise,NA,gene
Manes.13G000700.v8.1,Manes.13G000700,(1 of 1) K10750 - chromatin assembly factor 1 subunit A (CHAF1A),turquoise,NA,gene
Manes.13G001050.v8.1,Manes.13G001050,(1 of 1) 3.1.3.18//3.4.22.68 - Phosphoglycolate phosphatase // Ulp1 peptidase / Ulp1 protease,turquoise,NA,gene
Manes.13G001400.v8.1,Manes.13G001400,(1 of 1) K16569 - gamma-tubulin complex component 2 (TUBGCP2; GCP2),turquoise,NA,gene
Manes.13G003100.v8.1,Manes.13G003100,(1 of 1) 1.1.1.146//1.1.1.184//1.1.1.300 - 11-beta-hydroxysteroid dehydrogenase / Corticosteroid 11-beta-dehydrogenase // Carbonyl reductase (NADPH) / Xenobiotic ketone reductase // NADP-retinol dehydrogenase / Retinol dehydrogenase (NADP(+)),turquoise,NA,gene
Manes.13G003400.v8.1,Manes.13G003400,(1 of 3) K08057 - calreticulin (CALR),turquoise,NA,gene
Manes.13G003600.v8.1,Manes.13G003600,(1 of 2) PTHR12375//PTHR12375:SF32 - RNA-BINDING PROTEIN LUC7-RELATED // SUBFAMILY NOT NAMED,turquoise,NA,gene
Manes.13G003702.v8.1,Manes.13G003702,(1 of 599) PF13041 - PPR repeat family (PPR_2),turquoise,NA,gene
Manes.13G004100.v8.1,Manes.13G004100,(1 of 2) PTHR23151//PTHR23151:SF66 - DIHYDROLIPOAMIDE ACETYL/SUCCINYL-TRANSFERASE-RELATED // BIOTIN CARBOXYL CARRIER PROTEIN OF ACETYL-COA CARBOXYLASE 1; CHLOROPLASTIC,black,NA,gene
Manes.13G004600.v8.1,Manes.13G004600,(1 of 1) PTHR10438:SF258 - THIOREDOXIN F1; CHLOROPLASTIC-RELATED,turquoise,NA,gene
Manes.13G005000.v8.1,Manes.13G005000,(1 of 14) PTHR13832//PTHR13832:SF286 - PROTEIN PHOSPHATASE 2C // PROTEIN PHOSPHATASE 2C 33-RELATED,turquoise,NA,gene
Manes.13G005200.v8.1,Manes.13G005200,(1 of 599) PF13041 - PPR repeat family (PPR_2),turquoise,NA,gene
Manes.13G005700.v8.1,Manes.13G005700,(1 of 2) PTHR31126//PTHR31126:SF19 - FAMILY NOT NAMED // ATYPICAL DUAL-SPECIFICITY PHOSPHATASE,turquoise,NA,gene
Manes.13G007900.v8.1,Manes.13G007900,(1 of 1) 3.1.1.92 - 4-sulfomuconolactone hydrolase,turquoise,NA,gene
Manes.13G008500.v8.1,Manes.13G008500,(1 of 13) PF14364 - Domain of unknown function (DUF4408) (DUF4408),purple,NA,gene
Manes.13G008600.v8.1,Manes.13G008600,(1 of 18) PF02338 - OTU-like cysteine protease (OTU),turquoise,NA,gene
Manes.13G008900.v8.1,Manes.13G008900,,turquoise,NA,gene
Manes.13G010400.v8.1,Manes.13G010400,(1 of 3) KOG2104 - Nuclear transport factor 2,turquoise,NA,gene
Manes.13G011200.v8.1,Manes.13G011200,(1 of 2) PTHR23111//PTHR23111:SF35 - ZINC FINGER PROTEIN // SUBFAMILY NOT NAMED,turquoise,NA,gene
Manes.13G011300.v8.1,Manes.13G011300,(1 of 3) PTHR12357//PTHR12357:SF29 - YTH  YT521-B HOMOLOGY  DOMAIN-CONTAINING // SUBFAMILY NOT NAMED,turquoise,NA,gene
Manes.13G011500.v8.1,Manes.13G011500,(1 of 9) 2.1.1.112 - Glucuronoxylan 4-O-methyltransferase,black,NA,gene
Manes.13G011600.v8.1,Manes.13G011600,(1 of 11) 2.8.1.9 - Molybdenum cofactor sulfurtransferase / Molybdenum cofactor sulfurase,turquoise,NA,gene
Manes.13G012000.v8.1,Manes.13G012000,(1 of 1) K15200 - general transcription factor 3C polypeptide 2 (GTF3C2),turquoise,NA,gene
Manes.13G012600.v8.1,Manes.13G012600,(1 of 3) PTHR32409//PTHR32409:SF3 - FAMILY NOT NAMED // MITOCHONDRIAL IMPORT RECEPTOR SUBUNIT TOM20-1-RELATED,turquoise,NA,gene
Manes.13G018200.v8.1,Manes.13G018200,(1 of 1) K14308 - nuclear pore complex protein Nup54 (NUP54; NUP57),turquoise,NA,gene
Manes.13G017800.v8.1,Manes.13G017800,(1 of 2) PTHR27008:SF4 - LEUCINE-RICH REPEAT PROTEIN KINASE FAMILY PROTEIN,turquoise,NA,gene
Manes.13G017200.v8.1,Manes.13G017200,(1 of 16) PF10358 - N-terminal C2 in EEIG1 and EHBP1 proteins (NT-C2),turquoise,NA,gene
Manes.13G016600.v8.1,Manes.13G016600,(1 of 3) PTHR23359//PTHR23359:SF99 - NUCLEOTIDE KINASE // SUBFAMILY NOT NAMED,turquoise,NA,gene
Manes.13G016500.v8.1,Manes.13G016500,(1 of 1) 3.5.1.5 - Urease,turquoise,NA,gene
Manes.13G015800.v8.1,Manes.13G015800,(1 of 2) PTHR31949//PTHR31949:SF3 - FAMILY NOT NAMED // PROTEIN; PUTATIVE-RELATED,turquoise,NA,gene
Manes.13G015400.v8.1,Manes.13G015400,(1 of 4) PTHR24198//PTHR24198:SF77 - ANKYRIN REPEAT AND PROTEIN KINASE DOMAIN-CONTAINING PROTEIN // SUBFAMILY NOT NAMED,black,NA,gene
Manes.13G015300.v8.1,Manes.13G015300,(1 of 38) PF01535//PF12854//PF13041 - PPR repeat (PPR) // PPR repeat (PPR_1) // PPR repeat family (PPR_2),black,NA,gene
Manes.13G014200.v8.1,Manes.13G014200,(1 of 4) PTHR10257//PTHR10257:SF26 - SERINE/THREONINE PROTEIN PHOSPHATASE 2A  PP2A  REGULATORY SUBUNIT B // SERINE/THREONINE PROTEIN PHOSPHATASE 2A 55 KDA REGULATORY SUBUNIT B' DELTA ISOFORM,turquoise,NA,gene
Manes.13G013200.v8.1,Manes.13G013200,(1 of 3) PTHR26402//PTHR26402:SF608 - RESPONSE REGULATOR OF TWO-COMPONENT SYSTEM // SUBFAMILY NOT NAMED,turquoise,NA,gene
Manes.13G013100.v8.1,Manes.13G013100,(1 of 1) PTHR15315//PTHR15315:SF22 - RING FINGER PROTEIN 41; 151 // SUBFAMILY NOT NAMED,turquoise,NA,gene
Manes.13G018700.v8.1,Manes.13G018700,(1 of 1) PTHR10845:SF44 - REGULATOR OF G-PROTEIN SIGNALING 1,turquoise,NA,gene
Manes.13G019100.v8.1,Manes.13G019100,(1 of 2) PTHR13164//PTHR13164:SF7 - CALICYLIN BINDING PROTEIN // COP1-INTERACTING PROTEIN 4-RELATED,turquoise,NA,gene
Manes.13G019800.v8.1,Manes.13G019800,(1 of 2) K14398 - cleavage and polyadenylation specificity factor subunit 6/7 (CPSF6_7),turquoise,NA,gene
Manes.13G019900.v8.1,Manes.13G019900,(1 of 2) K18584 - actin-related protein 3 (ACTR3; ARP3),turquoise,NA,gene
Manes.13G020500.v8.1,Manes.13G020500,(1 of 8) PF14577 - Sieve element occlusion C-terminus (SEO_C),turquoise,NA,gene
Manes.13G020800.v8.1,Manes.13G020800,(1 of 1) PTHR31263//PTHR31263:SF0 - FAMILY NOT NAMED // CELLULASE (GLYCOSYL HYDROLASE FAMILY 5) PROTEIN-RELATED,black,NA,gene
Manes.13G020900.v8.1,Manes.13G020900,(1 of 1) K18723 - nucleoporin GLE1 (GLE1),turquoise,NA,gene
Manes.13G021000.v8.1,Manes.13G021000,(1 of 3) PTHR10857:SF34 - COPINE (CALCIUM-DEPENDENT PHOSPHOLIPID-BINDING PROTEIN) FAMILY PROTEIN,turquoise,NA,gene
Manes.13G021800.v8.1,Manes.13G021800,(1 of 8) 1.14.13.68 - 4-hydroxyphenylacetaldehyde oxime monooxygenase / Cytochrome P450-II-dependent monooxygenase,black,NA,gene
Manes.13G022000.v8.1,Manes.13G022000,(1 of 207) PF01535//PF13041 - PPR repeat (PPR) // PPR repeat family (PPR_2),turquoise,NA,gene
Manes.13G022900.v8.1,Manes.13G022900,(1 of 18) 2.7.13.3 - Histidine kinase / Protein kinase (histidine),turquoise,NA,gene
Manes.13G023000.v8.1,Manes.13G023000,(1 of 11) PF05212 - Protein of unknown function (DUF707) (DUF707),turquoise,NA,gene
Manes.13G024100.v8.1,Manes.13G024100,(1 of 3) PTHR23155:SF516 - PLANT INTRACELLULAR RAS-GROUP-RELATED LRR PROTEIN 1-RELATED,turquoise,NA,gene
Manes.13G024600.v8.1,Manes.13G024600,(1 of 1) PF15996 - Arginine/serine-rich protein PNISR (PNISR),turquoise,NA,gene
Manes.13G026600.v8.1,Manes.13G026600,(1 of 2) PTHR31589:SF19 - CARBOXYL-TERMINAL PEPTIDASE-RELATED,turquoise,NA,gene
Manes.13G026800.v8.1,Manes.13G026800,(1 of 2) 2.7.9.4 - Alpha-glucan; water dikinase / Starch-related R1 protein,turquoise,carb,gene
Manes.13G027700.v8.1,Manes.13G027700,(1 of 5) 2.3.3.8 - ATP citrate synthase / Citric cleavage enzyme,turquoise,NA,gene
Manes.13G027800.v8.1,Manes.13G027800,(1 of 2) K12272 - signal recognition particle receptor subunit beta (SRPRB; SRP102),turquoise,NA,gene
Manes.13G028600.v8.1,Manes.13G028600,(1 of 2) PTHR31375:SF46 - PECTIN LYASE-LIKE PROTEIN,purple,carb,gene
Manes.13G029100.v8.1,Manes.13G029100,,turquoise,NA,gene
Manes.13G029500.v8.1,Manes.13G029500,(1 of 2) PTHR27001:SF36 - PROLINE-RICH RECEPTOR-LIKE PROTEIN KINASE PERK12-RELATED,black,NA,gene
Manes.13G029600.v8.1,Manes.13G029600,(1 of 2) PTHR32263:SF8 - INACTIVE POLY [ADP-RIBOSE] POLYMERASE SRO2-RELATED,purple,NA,gene
Manes.13G030000.v8.1,Manes.13G030000,(1 of 1) PTHR33076//PTHR33076:SF4 - FAMILY NOT NAMED // NON-SPECIFIC LIPID-TRANSFER PROTEIN 8,turquoise,NA,gene
Manes.13G030700.v8.1,Manes.13G030700,,turquoise,NA,gene
Manes.13G030800.v8.1,Manes.13G030800,(1 of 1) PTHR23257:SF353 - KINASE-LIKE PROTEIN,purple,NA,gene
Manes.13G030900.v8.1,Manes.13G030900,(1 of 2) K16287 - ubiquitin-like-specific protease 1C/D [EC:3.4.22.68] (ULP1C_D),turquoise,NA,gene
Manes.13G031000.v8.1,Manes.13G031000,(1 of 1) K12822 - RNA-binding protein 25 (RBM25; S164),turquoise,NA,gene
Manes.13G031100.v8.1,Manes.13G031100,(1 of 3) PTHR23315//PTHR23315:SF116 - BETA CATENIN-RELATED ARMADILLO REPEAT-CONTAINING // U-BOX DOMAIN-CONTAINING PROTEIN 18-RELATED,turquoise,NA,gene
Manes.13G031600.v8.1,Manes.13G031600,(1 of 1) PTHR23147//PTHR23147:SF1//PTHR24012 - SERINE/ARGININE RICH SPLICING FACTOR // SUBFAMILY NOT NAMED // FAMILY NOT NAMED,turquoise,NA,gene
Manes.13G031900.v8.1,Manes.13G031900,(1 of 2) PTHR31529//PTHR31529:SF2 - FAMILY NOT NAMED // LOB DOMAIN-CONTAINING PROTEIN 17-RELATED,turquoise,NA,gene
Manes.13G032900.v8.1,Manes.13G032900,(1 of 1) PTHR19959//PTHR19959:SF168 - KINESIN LIGHT CHAIN // SUBFAMILY NOT NAMED,turquoise,NA,gene
Manes.13G034700.v8.1,Manes.13G034700,(1 of 1) PTHR13856//PTHR13856:SF92 - VHS DOMAIN CONTAINING PROTEIN FAMILY // SUBFAMILY NOT NAMED,turquoise,NA,gene
Manes.13G035300.v8.1,Manes.13G035300,(1 of 2) K12667 - oligosaccharyltransferase complex subunit delta (ribophorin II) (SWP1; RPN2),turquoise,NA,gene
Manes.13G035500.v8.1,Manes.13G035500,(1 of 2) PTHR12847//PTHR12847:SF3 - ATP-BINDING CASSETTE  ABC  TRANSPORTER-RELATED // NECAP-LIKE PROTEIN CG9132,turquoise,NA,gene
Manes.13G036100.v8.1,Manes.13G036100,(1 of 2) K12192 - charged multivesicular body protein 2B (CHMP2B),turquoise,NA,gene
Manes.13G036650.v8.1,Manes.13G036650,(1 of 1) K05941 - glutathione gamma-glutamylcysteinyltransferase (E2.3.2.15),turquoise,NA,gene
Manes.13G037200.v8.1,Manes.13G037200,,turquoise,NA,gene
Manes.13G037400.v8.1,Manes.13G037400,(1 of 1) PF00097//PF13771 - Zinc finger; C3HC4 type (RING finger) (zf-C3HC4) // PHD-like zinc-binding domain (zf-HC5HC2H),black,NA,gene
Manes.13G037700.v8.1,Manes.13G037700,(1 of 4) PTHR34657:SF2 - F21M11.6 PROTEIN-RELATED,turquoise,NA,gene
Manes.13G037800.v8.1,Manes.13G037800,(1 of 11) K14411 - RNA-binding protein Musashi (MSI),turquoise,NA,gene
Manes.13G040000.v8.1,Manes.13G040000,(1 of 4) PTHR10693//PTHR10693:SF29 - RAS GTPASE-ACTIVATING PROTEIN-BINDING PROTEIN // GB|AAD20086.1,turquoise,NA,gene
Manes.13G039600.v8.1,Manes.13G039600,(1 of 3) 3.5.99.2 - Aminopyrimidine aminohydrolase / Thiaminase II,turquoise,NA,gene
Manes.13G038800.v8.1,Manes.13G038800,(1 of 5) KOG3569 - RAS signaling inhibitor ST5,turquoise,NA,gene
Manes.13G038600.v8.1,Manes.13G038600,(1 of 1) PTHR22904:SF312 - CARBOXYLATE CLAMP-TETRATRICOPEPTIDE REPEAT PROTEIN,turquoise,NA,gene
Manes.13G038500.v8.1,Manes.13G038500,(1 of 2) 1.2.1.1 - Transferred entry: 1.1.1.284 and 4.4.1.22,black,NA,gene
Manes.13G038400.v8.1,Manes.13G038400,(1 of 2) PTHR33271:SF3 - CUPIN DOMAIN-CONTAINING PROTEIN,black,NA,gene
Manes.13G038100.v8.1,Manes.13G038100,(1 of 25) PF11955 - Plant organelle RNA recognition domain (PORR),turquoise,NA,gene
Manes.13G041800.v8.1,Manes.13G041800,(1 of 2) PTHR13140:SF256 - MYOSIN-14-RELATED,turquoise,NA,gene
Manes.13G044000.v8.1,Manes.13G044000,,turquoise,NA,gene
Manes.13G044200.v8.1,Manes.13G044200,(1 of 2) K12624 - U6 snRNA-associated Sm-like protein LSm5 (LSM5),turquoise,NA,gene
Manes.13G044500.v8.1,Manes.13G044500,(1 of 95) PF13414 - TPR repeat (TPR_11),turquoise,NA,gene
Manes.13G045500.v8.1,Manes.13G045500,(1 of 2) PTHR22847//PTHR22847:SF473 - WD40 REPEAT PROTEIN // SUBFAMILY NOT NAMED,turquoise,NA,gene
Manes.13G045700.v8.1,Manes.13G045700,(1 of 25) PF00651//PF03000 - BTB/POZ domain (BTB) // NPH3 family (NPH3),turquoise,NA,gene
Manes.13G046000.v8.1,Manes.13G046000,(1 of 3) K02872 - large subunit ribosomal protein L13Ae (RP-L13Ae; RPL13A),turquoise,NA,gene
Manes.13G046600.v8.1,Manes.13G046600,,turquoise,NA,gene
Manes.13G047500.v8.1,Manes.13G047500,(1 of 21) PF04576 - Zein-binding (Zein-binding),turquoise,NA,gene
Manes.13G047900.v8.1,Manes.13G047900,(1 of 1) K05291 - phosphatidylinositol glycan; class S (PIGS),turquoise,NA,gene
Manes.13G048000.v8.1,Manes.13G048000,(1 of 3) K01874 - methionyl-tRNA synthetase (MARS; metG),turquoise,NA,gene
Manes.13G050200.v8.1,Manes.13G050200,(1 of 138) KOG0156 - Cytochrome P450 CYP2 subfamily,turquoise,NA,gene
Manes.13G051000.v8.1,Manes.13G051000,,turquoise,NA,gene
Manes.13G051360.v8.1,Manes.13G051360,(1 of 12) 1.6.5.5 - NADPH:quinone reductase / Zeta-crystallin,turquoise,NA,gene
Manes.13G051540.v8.1,Manes.13G051540,(1 of 12) 1.6.5.5 - NADPH:quinone reductase / Zeta-crystallin,turquoise,NA,gene
Manes.13G052100.v8.1,Manes.13G052100,(1 of 4) K02995 - small subunit ribosomal protein S8e (RP-S8e; RPS8),turquoise,NA,gene
Manes.13G052300.v8.1,Manes.13G052300,(1 of 2) PTHR12565//PTHR12565:SF99 - STEROL REGULATORY ELEMENT-BINDING PROTEIN // SUBFAMILY NOT NAMED,turquoise,NA,gene
Manes.13G052400.v8.1,Manes.13G052400,(1 of 2) PTHR23315:SF75 - U-BOX DOMAIN-CONTAINING PROTEIN 9,turquoise,NA,gene
Manes.13G053300.v8.1,Manes.13G053300,(1 of 24) K07904 - Ras-related protein Rab-11A (RAB11A),turquoise,NA,gene
Manes.13G054000.v8.1,Manes.13G054000,(1 of 1) PTHR36031//PTHR36031:SF1 - FAMILY NOT NAMED // F21O3.15 PROTEIN,turquoise,NA,gene
Manes.13G054400.v8.1,Manes.13G054400,(1 of 56) PF14368 - Probable lipid transfer (LTP_2),turquoise,NA,gene
Manes.13G054700.v8.1,Manes.13G054700,(1 of 1) PTHR10361//PTHR10361:SF33 - SODIUM-BILE ACID COTRANSPORTER // SODIUM/METABOLITE COTRANSPORTER BASS3; CHLOROPLASTIC-RELATED,turquoise,NA,gene
Manes.13G054900.v8.1,Manes.13G054900,(1 of 3) PTHR11802//PTHR11802:SF96 - SERINE PROTEASE FAMILY S10 SERINE CARBOXYPEPTIDASE // SERINE CARBOXYPEPTIDASE-LIKE 20-RELATED,turquoise,NA,gene
Manes.13G055333.v8.1,Manes.13G055333,,turquoise,NA,gene
Manes.13G055366.v8.1,Manes.13G055366,(1 of 3) PTHR10891//PTHR10891:SF586 - EF-HAND CALCIUM-BINDING DOMAIN CONTAINING PROTEIN // CALMODULIN-LIKE PROTEIN 6-RELATED,turquoise,NA,gene
Manes.13G055700.v8.1,Manes.13G055700,(1 of 1) PTHR31669:SF46 - FAR-RED IMPAIRED RESPONSIVE 1-LIKE PROTEIN,turquoise,NA,gene
Manes.13G055900.v8.1,Manes.13G055900,,turquoise,NA,gene
Manes.13G056500.v8.1,Manes.13G056500,(1 of 18) PF07714//PF08263 - Protein tyrosine kinase (Pkinase_Tyr) // Leucine rich repeat N-terminal domain (LRRNT_2),turquoise,NA,gene
Manes.13G056600.v8.1,Manes.13G056600,(1 of 5) PTHR11926//PTHR11926:SF396 - GLUCOSYL/GLUCURONOSYL TRANSFERASES // UDP-GLYCOSYLTRANSFERASE 75B2,purple,NA,gene
Manes.13G057500.v8.1,Manes.13G057500,,turquoise,NA,gene
Manes.13G057900.v8.1,Manes.13G057900,(1 of 1) PTHR23130:SF78 - CYTOCHROME B561/FERRIC REDUCTASE TRANSMEMBRANE WITH DOMON RELATED DOMAIN,turquoise,NA,gene
Manes.13G058000.v8.1,Manes.13G058000,,turquoise,NA,gene
Manes.13G058200.v8.1,Manes.13G058200,(1 of 1) K03575 - A/G-specific adenine glycosylase (mutY),black,NA,gene
Manes.13G058400.v8.1,Manes.13G058400,,turquoise,NA,gene
Manes.13G058800.v8.1,Manes.13G058800,(1 of 2) PTHR10766:SF44 - ENDOMEMBRANE FAMILY PROTEIN 70,black,NA,gene
Manes.13G059366.v8.1,Manes.13G059366,(1 of 7) PTHR22814:SF106 - HEAVY-METAL-ASSOCIATED DOMAIN-CONTAINING PROTEIN,turquoise,NA,gene
Manes.13G059400.v8.1,Manes.13G059400,(1 of 7) PTHR22814//PTHR22814:SF106 - COPPER TRANSPORT PROTEIN ATOX1-RELATED // HEAVY-METAL-ASSOCIATED DOMAIN-CONTAINING PROTEIN,turquoise,NA,gene
Manes.13G060300.v8.1,Manes.13G060300,(1 of 3) PTHR12758//PTHR12758:SF13 - APOPTOSIS INHIBITOR 5-RELATED // GBF-INTERACTING PROTEIN 1,turquoise,NA,gene
Manes.13G060500.v8.1,Manes.13G060500,,turquoise,NA,gene
Manes.13G060600.v8.1,Manes.13G060600,(1 of 1) PTHR24096//PTHR24096:SF219 - FAMILY NOT NAMED // LONG CHAIN ACYL-COA SYNTHETASE 8,purple,NA,gene
Manes.13G061400.v8.1,Manes.13G061400,(1 of 2) PTHR13994//PTHR13994:SF15 - NUDIX HYDROLASE RELATED // SUBFAMILY NOT NAMED,black,NA,gene
Manes.13G061500.v8.1,Manes.13G061500,(1 of 1) PTHR23244//PTHR23244:SF276 - KELCH REPEAT DOMAIN // SUBFAMILY NOT NAMED,black,NA,gene
Manes.13G061600.v8.1,Manes.13G061600,(1 of 1) PTHR13994//PTHR13994:SF10//PTHR13994:SF15 - NUDIX HYDROLASE RELATED // MUTT/NUDIX-LIKE PROTEIN-RELATED // SUBFAMILY NOT NAMED,turquoise,NA,gene
Manes.13G061700.v8.1,Manes.13G061700,(1 of 1) PTHR32382:SF13 - FASCICLIN-LIKE ARABINOGALACTAN PROTEIN 2,turquoise,NA,gene
Manes.13G061801.v8.1,Manes.13G061801,(1 of 3) PTHR11064//PTHR11064:SF27 - CCAAT-BINDING TRANSCRIPTION FACTOR-RELATED // NUCLEAR TRANSCRIPTION FACTOR Y SUBUNIT B-2-RELATED,purple,NA,gene
Manes.13G062000.v8.1,Manes.13G062000,(1 of 4) K07199 - 5'-AMP-activated protein kinase; regulatory beta subunit (PRKAB),black,NA,gene
Manes.13G062100.v8.1,Manes.13G062100,(1 of 1) PTHR31669:SF47 - PROTEIN FAR1-RELATED SEQUENCE 10-RELATED,turquoise,NA,gene
Manes.13G062200.v8.1,Manes.13G062200,,turquoise,NA,gene
Manes.13G062700.v8.1,Manes.13G062700,(1 of 2) PTHR23323:SF24 - VACUOLAR PROTEIN SORTING-ASSOCIATED PROTEIN 11 HOMOLOG,turquoise,NA,gene
Manes.13G062800.v8.1,Manes.13G062800,(1 of 4) 2.7.10.2//2.7.12.1 - Non-specific protein-tyrosine kinase / Cytoplasmic protein tyrosine kinase // Dual-specificity kinase,turquoise,NA,gene
Manes.13G063400.v8.1,Manes.13G063400,(1 of 1) K13118 - protein DGCR14 (DGCR14),turquoise,NA,gene
Manes.13G063846.v8.1,Manes.13G063846,,turquoise,NA,gene
Manes.13G063955.v8.1,Manes.13G063955,(1 of 2) PTHR22957//PTHR22957:SF327 - TBC1 DOMAIN FAMILY MEMBER GTPASE-ACTIVATING PROTEIN // SUBFAMILY NOT NAMED,black,NA,gene
Manes.13G064400.v8.1,Manes.13G064400,(1 of 2) K03131 - transcription initiation factor TFIID subunit 6 (TAF6),turquoise,NA,gene
Manes.13G064800.v8.1,Manes.13G064800,(1 of 1) PTHR11712//PTHR11712:SF275 - POLYKETIDE SYNTHASE-RELATED // 3-OXOACYL-[ACYL-CARRIER-PROTEIN] SYNTHASE; MITOCHONDRIAL,turquoise,NA,gene
Manes.13G065500.v8.1,Manes.13G065500,(1 of 3) PTHR12506:SF24 - ZINC FINGER CCCH DOMAIN-CONTAINING PROTEIN 26-RELATED,turquoise,NA,gene
Manes.13G065900.v8.1,Manes.13G065900,(1 of 1) PTHR36017:SF1 - EMBRYO DEFECTIVE 1381 PROTEIN,turquoise,NA,gene
Manes.13G066300.v8.1,Manes.13G066300,,turquoise,NA,gene
Manes.13G066600.v8.1,Manes.13G066600,(1 of 2) PTHR11119//PTHR11119:SF46 - XANTHINE-URACIL / VITAMIN C PERMEASE FAMILY MEMBER // NUCLEOBASE-ASCORBATE TRANSPORTER 1,turquoise,NA,gene
Manes.13G067300.v8.1,Manes.13G067300,(1 of 3) K14012 - UBX domain-containing protein 1 (SHP1; UBX1; NSFL1C),turquoise,NA,gene
Manes.13G067500.v8.1,Manes.13G067500,(1 of 3) PTHR10257//PTHR10257:SF27 - SERINE/THREONINE PROTEIN PHOSPHATASE 2A  PP2A  REGULATORY SUBUNIT B // SERINE/THREONINE PROTEIN PHOSPHATASE 2A 59 KDA REGULATORY SUBUNIT B' GAMMA ISOFORM-RELATED,turquoise,NA,gene
Manes.13G067751.v8.1,Manes.13G067751,,turquoise,NA,gene
Manes.13G068901.v8.1,Manes.13G068901,(1 of 2) PTHR13832:SF252 - PROTEIN PHOSPHATASE 2C 27-RELATED,turquoise,NA,gene
Manes.13G069000.v8.1,Manes.13G069000,(1 of 1) KOG3782 - Predicted membrane protein; contains type II SA sequence,turquoise,NA,gene
Manes.13G068200.v8.1,Manes.13G068200,(1 of 2) K01061 - carboxymethylenebutenolidase (E3.1.1.45),turquoise,NA,gene
Manes.13G068000.v8.1,Manes.13G068000,(1 of 7) 3.4.23.40 - Phytepsin,turquoise,NA,gene
Manes.13G068088.v8.1,Manes.13G068088,(1 of 4) PTHR12701//PTHR12701:SF18 - BCR-ASSOCIATED PROTEIN; BAP // 4D656-RELATED,turquoise,NA,gene
Manes.13G068110.v8.1,Manes.13G068110,(1 of 3) 2.3.1.61 - Dihydrolipoyllysine-residue succinyltransferase / Succinyl-CoA:dihydrolipoate S-succinyltransferase,turquoise,NA,gene
Manes.13G069700.v8.1,Manes.13G069700,(1 of 1) PTHR34457:SF1 - EMBRYO DEFECTIVE 2410 PROTEIN,turquoise,NA,gene
Manes.13G072700.v8.1,Manes.13G072700,(1 of 1) PTHR21530//PTHR21530:SF0 - PHEROMONE SHUTDOWN PROTEIN // TRAB DOMAIN-CONTAINING PROTEIN,turquoise,NA,gene
Manes.13G072800.v8.1,Manes.13G072800,(1 of 38) PF01535//PF12854//PF13041 - PPR repeat (PPR) // PPR repeat (PPR_1) // PPR repeat family (PPR_2),turquoise,NA,gene
Manes.13G073000.v8.1,Manes.13G073000,(1 of 1) K12813 - pre-mRNA-splicing factor ATP-dependent RNA helicase DHX16 (DHX16),turquoise,NA,gene
Manes.13G074000.v8.1,Manes.13G074000,(1 of 1) PTHR10811//PTHR10811:SF19 - FRINGE-RELATED // SUBFAMILY NOT NAMED,turquoise,NA,gene
Manes.13G074100.v8.1,Manes.13G074100,(1 of 2) KOG0580//KOG1187 - Serine/threonine protein kinase // Serine/threonine protein kinase,turquoise,NA,gene
Manes.13G074400.v8.1,Manes.13G074400,(1 of 1) PTHR22884//PTHR22884:SF343 - SET DOMAIN PROTEINS // PROTEIN MET-1; ISOFORM A,turquoise,NA,gene
Manes.13G075157.v8.1,Manes.13G075157,(1 of 37) PF03000 - NPH3 family (NPH3),black,NA,gene
Manes.13G076069.v8.1,Manes.13G076069,(1 of 81) KOG1603 - Copper chaperone,turquoise,NA,gene
Manes.13G082024.v8.1,Manes.13G082024,(1 of 6) PTHR31717//PTHR31717:SF7 - FAMILY NOT NAMED // B-BOX DOMAIN PROTEIN 26-RELATED,turquoise,NA,gene
Manes.13G087750.v8.1,Manes.13G087750,(1 of 2) PTHR24365//PTHR24365:SF368 - TOLL-LIKE RECEPTOR // OUTER ARM DYNEIN LIGHT CHAIN 1 PROTEIN,black,NA,gene
Manes.13G075201.v8.1,Manes.13G075201,(1 of 5) PTHR10641:SF643 - MYB TRANSCRIPTION FACTOR-RELATED,turquoise,NA,gene
Manes.13G090021.v8.1,Manes.13G090021,(1 of 1) PTHR24343:SF161 - SERINE/THREONINE-PROTEIN KINASE SRK2J,turquoise,NA,gene
Manes.13G076501.v8.1,Manes.13G076501,(1 of 2) 4.99.1.1 - Ferrochelatase / Protoheme ferro-lyase,turquoise,NA,gene
Manes.13G076700.v8.1,Manes.13G076700,(1 of 1) 1.2.1.76 - Succinate-semialdehyde dehydrogenase (acetylating) / Succinyl-CoA reductase,turquoise,NA,gene
Manes.13G078500.v8.1,Manes.13G078500,(1 of 1) PTHR13856:SF81 - ENTH/VHS/GAT FAMILY PROTEIN,turquoise,NA,gene
Manes.13G078601.v8.1,Manes.13G078601,(1 of 1) K03596 - GTP-binding protein LepA (lepA),turquoise,NA,gene
Manes.13G079000.v8.1,Manes.13G079000,(1 of 11) PF01823 - MAC/Perforin domain (MACPF),turquoise,NA,gene
Manes.13G079500.v8.1,Manes.13G079500,(1 of 2) 3.5.1.99 - Fatty acid amide hydrolase / Oleamide hydrolase,turquoise,NA,gene
Manes.13G079600.v8.1,Manes.13G079600,(1 of 1) PTHR31580:SF5 - FILAMENT-LIKE PLANT PROTEIN 3,turquoise,NA,gene
Manes.13G078300.v8.1,Manes.13G078300,(1 of 1) PTHR22870//PTHR22870:SF193 - REGULATOR OF CHROMOSOME CONDENSATION // SUBFAMILY NOT NAMED,turquoise,NA,gene
Manes.13G085400.v8.1,Manes.13G085400,(1 of 1) PTHR33827//PTHR33827:SF3 - FAMILY NOT NAMED // PROTEIN SAWADEE HOMEODOMAIN HOMOLOG 2,turquoise,NA,gene
Manes.13G085000.v8.1,Manes.13G085000,(1 of 1) PTHR10799//PTHR10799:SF654 - SWI/SNF-RELATED MATRIX-ASSOCIATED ACTIN-DEPENDENT REGULATOR OF CHROMATIN SUBFAMILY-RELATED // SUBFAMILY NOT NAMED,turquoise,NA,gene
Manes.13G084500.v8.1,Manes.13G084500,(1 of 3) KOG1973 - Chromatin remodeling protein; contains PHD Zn-finger,turquoise,NA,gene
Manes.13G084000.v8.1,Manes.13G084000,(1 of 2) KOG0716 - Molecular chaperone (DnaJ superfamily),turquoise,NA,gene
Manes.13G083900.v8.1,Manes.13G083900,(1 of 1) PTHR24031:SF181 - DEAD-BOX ATP-DEPENDENT RNA HELICASE 50,turquoise,NA,gene
Manes.13G083400.v8.1,Manes.13G083400,(1 of 2) PTHR31989//PTHR31989:SF14 - FAMILY NOT NAMED // NAC DOMAIN CONTAINING PROTEIN 103,turquoise,NA,gene
Manes.13G083000.v8.1,Manes.13G083000,(1 of 1) PTHR23076//PTHR23076:SF49 - METALLOPROTEASE M41 FTSH // AAA-TYPE ATPASE FAMILY PROTEIN,turquoise,NA,gene
Manes.13G082400.v8.1,Manes.13G082400,(1 of 4) PTHR31707//PTHR31707:SF24 - FAMILY NOT NAMED // PECTINESTERASE/PECTINESTERASE INHIBITOR 51-RELATED,turquoise,carb,gene
Manes.13G071800.v8.1,Manes.13G071800,(1 of 2) PTHR22849//PTHR22849:SF20 - WDSAM1 PROTEIN // SUBFAMILY NOT NAMED,turquoise,NA,gene
Manes.13G071300.v8.1,Manes.13G071300,(1 of 28) PF00069//PF00954//PF01453 - Protein kinase domain (Pkinase) // S-locus glycoprotein domain (S_locus_glycop) // D-mannose binding lectin (B_lectin),turquoise,NA,gene
Manes.13G087578.v8.1,Manes.13G087578,(1 of 2) K08331 - autophagy-related protein 13 (ATG13),turquoise,NA,gene
Manes.13G086300.v8.1,Manes.13G086300,(1 of 3) K14777 - ATP-dependent RNA helicase DDX47/RRP3 [EC:3.6.4.13] (DDX47; RRP3),turquoise,NA,gene
Manes.13G081000.v8.1,Manes.13G081000,(1 of 2) K03035 - 26S proteasome regulatory subunit N5 (PSMD12; RPN5),black,NA,gene
Manes.13G082000.v8.1,Manes.13G082000,(1 of 14) PF08711 - TFIIS helical bundle-like domain (Med26),turquoise,NA,gene
Manes.13G082668.v8.1,Manes.13G082668,,turquoise,NA,gene
Manes.13G077500.v8.1,Manes.13G077500,(1 of 3) PTHR11064//PTHR11064:SF45 - CCAAT-BINDING TRANSCRIPTION FACTOR-RELATED // SUBFAMILY NOT NAMED,turquoise,NA,gene
Manes.13G077600.v8.1,Manes.13G077600,,turquoise,NA,gene
Manes.13G076034.v8.1,Manes.13G076034,(1 of 2) 2.7.1.71 - Shikimate kinase,turquoise,NA,gene
Manes.13G076112.v8.1,Manes.13G076112,(1 of 1) PTHR24414:SF37 - F-BOX/KELCH-REPEAT PROTEIN SKIP6,turquoise,NA,gene
Manes.13G076268.v8.1,Manes.13G076268,(1 of 2) PTHR31221:SF17 - WRKY TRANSCRIPTION FACTOR 13-RELATED,turquoise,NA,gene
Manes.13G076346.v8.1,Manes.13G076346,(1 of 2) PF07719//PF14559 - Tetratricopeptide repeat (TPR_2) // Tetratricopeptide repeat (TPR_19),turquoise,NA,gene
Manes.13G080120.v8.1,Manes.13G080120,(1 of 2) PTHR11702//PTHR11702:SF26 - DEVELOPMENTALLY REGULATED GTP-BINDING PROTEIN-RELATED // DEVELOPMENTALLY-REGULATED GTP-BINDING PROTEIN 2,black,NA,gene
Manes.13G089918.v8.1,Manes.13G089918,,turquoise,NA,gene
Manes.13G089700.v8.1,Manes.13G089700,(1 of 2) PTHR22952//PTHR22952:SF188 - CAMP-RESPONSE ELEMENT BINDING PROTEIN-RELATED // SUBFAMILY NOT NAMED,black,NA,gene
Manes.13G088500.v8.1,Manes.13G088500,(1 of 2) PTHR23012//PTHR23012:SF50 - MEMBRANE ASSOCIATED RING FINGER // RING/FYVE/PHD ZINC FINGER-CONTAINING PROTEIN,turquoise,NA,gene
Manes.13G088269.v8.1,Manes.13G088269,,turquoise,NA,gene
Manes.13G090600.v8.1,Manes.13G090600,(1 of 2) PTHR23315//PTHR23315:SF66 - BETA CATENIN-RELATED ARMADILLO REPEAT-CONTAINING // CELLULOSE SYNTHASE-INTERACTIVE PROTEIN 1,turquoise,NA,gene
Manes.13G090100.v8.1,Manes.13G090100,(1 of 2) K12875 - apoptotic chromatin condensation inducer in the nucleus (ACIN1; ACINUS),turquoise,NA,gene
Manes.13G092000.v8.1,Manes.13G092000,(1 of 3) PTHR31718//PTHR31718:SF0 - FAMILY NOT NAMED // EXPRESSED PROTEIN-RELATED,black,NA,gene
Manes.13G093500.v8.1,Manes.13G093500,(1 of 46) PF05678 - VQ motif (VQ),turquoise,NA,gene
Manes.13G075400.v8.1,Manes.13G075400,(1 of 2) PTHR22904//PTHR22904:SF379 - TPR REPEAT CONTAINING PROTEIN // RING ZINC FINGER-CONTAINING PROTEIN,turquoise,NA,gene
Manes.13G075500.v8.1,Manes.13G075500,(1 of 4) K07893 - Ras-related protein Rab-6A (RAB6A),turquoise,NA,gene
Manes.13G094300.v8.1,Manes.13G094300,(1 of 47) 2.7.10.1//2.7.11.1 - Receptor protein-tyrosine kinase / Receptor protein tyrosine kinase // Non-specific serine/threonine protein kinase / Threonine-specific protein kinase,turquoise,NA,gene
Manes.13G094500.v8.1,Manes.13G094500,(1 of 4) PTHR10992//PTHR10992:SF792 - ALPHA/BETA HYDROLASE FOLD-CONTAINING PROTEIN // SUBFAMILY NOT NAMED,turquoise,NA,gene
Manes.13G093620.v8.1,Manes.13G093620,(1 of 1) PTHR18901//PTHR18901:SF30 - 2-DEOXYGLUCOSE-6-PHOSPHATE PHOSPHATASE 2 // SUBFAMILY NOT NAMED,black,NA,gene
Manes.13G095500.v8.1,Manes.13G095500,,turquoise,NA,gene
Manes.13G095700.v8.1,Manes.13G095700,(1 of 1) PTHR21337//PTHR21337:SF6 - PHOSPHO-2-DEHYDRO-3-DEOXYHEPTONATE ALDOLASE 1; 2 // CLASS-II DAHP SYNTHETASE FAMILY PROTEIN-RELATED,turquoise,NA,gene
Manes.13G095900.v8.1,Manes.13G095900,(1 of 24) K07904 - Ras-related protein Rab-11A (RAB11A),turquoise,NA,gene
Manes.13G096400.v8.1,Manes.13G096400,(1 of 1) PTHR12736//PTHR12736:SF14 - LANC-LIKE PROTEIN // LANC-LIKE PROTEIN GCL1,turquoise,NA,gene
Manes.13G096600.v8.1,Manes.13G096600,(1 of 1) PTHR21355//PTHR21355:SF0//PTHR21355:SF2 - UNCHARACTERIZED // LMBR1 DOMAIN-CONTAINING PROTEIN 2 // SUBFAMILY NOT NAMED,turquoise,NA,gene
Manes.13G096900.v8.1,Manes.13G096900,(1 of 4) PTHR24326:SF196 - HOMEOBOX-LEUCINE ZIPPER PROTEIN ATHB-16-RELATED,turquoise,NA,gene
Manes.13G097300.v8.1,Manes.13G097300,,turquoise,NA,gene
Manes.13G097800.v8.1,Manes.13G097800,(1 of 7) K10664 - E3 ubiquitin-protein ligase ATL6/9/15/31/42/55 [EC:6.3.2.19] (ATL6S),turquoise,NA,gene
Manes.13G098200.v8.1,Manes.13G098200,(1 of 3) PTHR31969:SF4 - GEM-LIKE PROTEIN 1-RELATED,turquoise,NA,gene
Manes.13G098300.v8.1,Manes.13G098300,(1 of 4) PTHR31948:SF20 - ZINC-FINGER HOMEODOMAIN PROTEIN 1,turquoise,NA,gene
Manes.13G098500.v8.1,Manes.13G098500,(1 of 2) PTHR13697//PTHR13697:SF21 - PHOSPHOFRUCTOKINASE // SUBFAMILY NOT NAMED,turquoise,carb,gene
Manes.13G098700.v8.1,Manes.13G098700,(1 of 1) K05310 - ethanolaminephosphotransferase (GPI7),turquoise,NA,gene
Manes.13G100200.v8.1,Manes.13G100200,(1 of 2) PTHR31631:SF0 - KINASE INTERACTING (KIP1-LIKE) FAMILY PROTEIN,turquoise,NA,gene
Manes.13G101200.v8.1,Manes.13G101200,(1 of 4) PTHR11926//PTHR11926:SF199 - GLUCOSYL/GLUCURONOSYL TRANSFERASES // SUBFAMILY NOT NAMED,turquoise,NA,gene
Manes.13G101700.v8.1,Manes.13G101700,(1 of 2) PTHR11062//PTHR11062:SF63 - EXOSTOSIN  HEPARAN SULFATE GLYCOSYLTRANSFERASE -RELATED // EXOSTOSIN FAMILY PROTEIN,turquoise,NA,gene
Manes.13G101900.v8.1,Manes.13G101900,(1 of 4) 1.2.1.27 - Methylmalonate-semialdehyde dehydrogenase (CoA acylating) / MSDH,turquoise,NA,gene
Manes.13G102500.v8.1,Manes.13G102500,(1 of 10) PTHR11695//PTHR11695:SF497 - ALCOHOL DEHYDROGENASE RELATED // CINNAMYL ALCOHOL DEHYDROGENASE 6-RELATED,turquoise,NA,gene
Manes.13G102900.v8.1,Manes.13G102900,(1 of 2) PTHR10388:SF20 - APO PROTEIN 4; MITOCHONDRIAL,turquoise,NA,gene
Manes.13G103666.v8.1,Manes.13G103666,(1 of 1) PTHR11945//PTHR11945:SF144//PTHR11945:SF184 - MADS BOX PROTEIN // AGAMOUS-LIKE MADS-BOX PROTEIN AGL17-RELATED // SUBFAMILY NOT NAMED,turquoise,NA,gene
Manes.13G107400.v8.1,Manes.13G107400,(1 of 2) PTHR24326:SF252 - HOMEOBOX-LEUCINE ZIPPER PROTEIN HAT9,turquoise,NA,gene
Manes.13G108000.v8.1,Manes.13G108000,(1 of 1) PTHR11751//PTHR11751:SF397 - SUBGROUP I AMINOTRANSFERASE RELATED // SUBFAMILY NOT NAMED,turquoise,NA,gene
Manes.13G108400.v8.1,Manes.13G108400,(1 of 38) PF01535//PF12854//PF13041 - PPR repeat (PPR) // PPR repeat (PPR_1) // PPR repeat family (PPR_2),turquoise,NA,gene
Manes.13G108500.v8.1,Manes.13G108500,(1 of 1) K14810 - ATP-dependent RNA helicase DDX56/DBP9 [EC:3.6.4.13] (DDX56; DBP9),turquoise,NA,gene
Manes.13G109400.v8.1,Manes.13G109400,(1 of 2) PTHR22952//PTHR22952:SF186 - CAMP-RESPONSE ELEMENT BINDING PROTEIN-RELATED // SUBFAMILY NOT NAMED,turquoise,NA,gene
Manes.13G110100.v8.1,Manes.13G110100,,turquoise,NA,gene
Manes.13G110300.v8.1,Manes.13G110300,(1 of 2) PTHR31311//PTHR31311:SF3 - FAMILY NOT NAMED // GLYCOSYLTRANSFERASE 6-RELATED,black,NA,gene
Manes.13G111100.v8.1,Manes.13G111100,(1 of 4) PTHR21717:SF27 - TELOMERE REPEAT-BINDING FACTOR 2-RELATED,turquoise,NA,gene
Manes.13G111900.v8.1,Manes.13G111900,(1 of 3) K00860 - adenylylsulfate kinase (cysC),turquoise,NA,gene
Manes.13G112000.v8.1,Manes.13G112000,(1 of 25) PF00651//PF03000 - BTB/POZ domain (BTB) // NPH3 family (NPH3),turquoise,NA,gene
Manes.13G112400.v8.1,Manes.13G112400,(1 of 3) K18811 - cyclin D5; plant (CYCD5),turquoise,NA,gene
Manes.13G112800.v8.1,Manes.13G112800,(1 of 2) PTHR23091//PTHR23091:SF222 - N-TERMINAL ACETYLTRANSFERASE // SUBFAMILY NOT NAMED,black,NA,gene
Manes.13G112900.v8.1,Manes.13G112900,(1 of 1) PTHR24054//PTHR24054:SF33 - CASEIN KINASE II SUBUNIT ALPHA // CASEIN KINASE II SUBUNIT ALPHA; CHLOROPLASTIC,turquoise,NA,gene
Manes.13G113600.v8.1,Manes.13G113600,(1 of 2) PTHR24054//PTHR24054:SF31 - CASEIN KINASE II SUBUNIT ALPHA // SUBFAMILY NOT NAMED,turquoise,NA,gene
Manes.13G115500.v8.1,Manes.13G115500,(1 of 2) PTHR23315//PTHR23315:SF117 - BETA CATENIN-RELATED ARMADILLO REPEAT-CONTAINING // SUBFAMILY NOT NAMED,turquoise,NA,gene
Manes.13G115800.v8.1,Manes.13G115800,(1 of 13) PF07899 - Frigida-like protein (Frigida),turquoise,NA,gene
Manes.13G117600.v8.1,Manes.13G117600,,turquoise,NA,gene
Manes.13G117700.v8.1,Manes.13G117700,(1 of 31) PF07714//PF11721 - Protein tyrosine kinase (Pkinase_Tyr) // Di-glucose binding within endoplasmic reticulum (Malectin),turquoise,NA,gene
Manes.13G118200.v8.1,Manes.13G118200,(1 of 2) PTHR24093//PTHR24093:SF272 - FAMILY NOT NAMED // CADMIUM/ZINC-TRANSPORTING ATPASE HMA1; CHLOROPLASTIC-RELATED,turquoise,NA,gene
Manes.13G118500.v8.1,Manes.13G118500,(1 of 26) PF00069//PF00560//PF08263 - Protein kinase domain (Pkinase) // Leucine Rich Repeat (LRR_1) // Leucine rich repeat N-terminal domain (LRRNT_2),turquoise,NA,gene
Manes.13G119300.v8.1,Manes.13G119300,(1 of 2) PTHR10743//PTHR10743:SF1 - PROTEIN RER1 // PROTEIN RER1C,turquoise,NA,gene
Manes.13G119400.v8.1,Manes.13G119400,(1 of 2) PTHR10629//PTHR10629:SF36 - CYTOSINE-SPECIFIC METHYLTRANSFERASE // SUBFAMILY NOT NAMED,turquoise,NA,gene
Manes.13G119500.v8.1,Manes.13G119500,(1 of 2) PTHR12411//PTHR12411:SF349 - CYSTEINE PROTEASE FAMILY C1-RELATED // SUBFAMILY NOT NAMED,turquoise,NA,gene
Manes.13G119700.v8.1,Manes.13G119700,(1 of 3) PTHR31282:SF33 - WRKY TRANSCRIPTION FACTOR 15-RELATED,turquoise,NA,gene
Manes.13G120200.v8.1,Manes.13G120200,(1 of 2) K10577 - ubiquitin-conjugating enzyme E2 I (UBE2I; UBC9),turquoise,NA,gene
Manes.13G120800.v8.1,Manes.13G120800,(1 of 1) K13717 - OTU domain-containing protein 3 [EC:3.4.19.12] (OTUD3),turquoise,NA,gene
Manes.13G121000.v8.1,Manes.13G121000,(1 of 2) PTHR31580:SF3 - FILAMENT-LIKE PLANT PROTEIN 7,black,NA,gene
Manes.13G121300.v8.1,Manes.13G121300,(1 of 2) PTHR31896:SF12 - ANTHRANILATE N-HYDROXYCINNAMOYL/BENZOYLTRANSFERASE-LIKE PROTEIN-RELATED,turquoise,NA,gene
Manes.13G121801.v8.1,Manes.13G121801,,turquoise,NA,gene
Manes.13G122500.v8.1,Manes.13G122500,(1 of 1) PTHR22884//PTHR22884:SF237//PTHR22884:SF326 - SET DOMAIN PROTEINS // HISTONE-LYSINE N-METHYLTRANSFERASE E(Z) // HISTONE-LYSINE N-METHYLTRANSFERASE ASHH3,turquoise,NA,gene
Manes.13G122601.v8.1,Manes.13G122601,(1 of 4) PTHR10509//PTHR10509:SF23 - O-METHYLTRANSFERASE-RELATED // SUBFAMILY NOT NAMED,turquoise,NA,gene
Manes.13G122800.v8.1,Manes.13G122800,(1 of 1) PTHR22937//PTHR22937:SF55 - RING FINGER CONTAINING PROTEIN // SUBFAMILY NOT NAMED,turquoise,NA,gene
Manes.13G124400.v8.1,Manes.13G124400,(1 of 12) PF07939 - Protein of unknown function (DUF1685) (DUF1685),purple,NA,gene
Manes.13G124900.v8.1,Manes.13G124900,(1 of 7) KOG0028 - Ca2+-binding protein (centrin/caltractin); EF-Hand superfamily protein,turquoise,NA,gene
Manes.13G125000.v8.1,Manes.13G125000,(1 of 207) PF01535//PF13041 - PPR repeat (PPR) // PPR repeat family (PPR_2),turquoise,NA,gene
Manes.13G125300.v8.1,Manes.13G125300,(1 of 91) K00430 - peroxidase (E1.11.1.7),turquoise,NA,gene
Manes.13G126200.v8.1,Manes.13G126200,(1 of 2) PTHR19878:SF4 - TRANSDUCIN/WD40 DOMAIN-CONTAINING PROTEIN,turquoise,NA,gene
Manes.13G128600.v8.1,Manes.13G128600,(1 of 3) PTHR23155//PTHR23155:SF543 - LEUCINE-RICH REPEAT-CONTAINING PROTEIN // SUBFAMILY NOT NAMED,turquoise,NA,gene
Manes.13G129900.v8.1,Manes.13G129900,(1 of 5) PTHR10992:SF56 - METHYLESTERASE 4-RELATED,turquoise,NA,gene
Manes.13G130400.v8.1,Manes.13G130400,(1 of 1) PTHR22835//PTHR22835:SF147 - ZINC FINGER FYVE DOMAIN CONTAINING PROTEIN // SUBFAMILY NOT NAMED,turquoise,NA,gene
Manes.13G130500.v8.1,Manes.13G130500,(1 of 1) PTHR31169:SF7 - ZINC-FINGER DOMAIN OF MONOAMINE-OXIDASE A REPRESSOR R1,turquoise,NA,gene
Manes.13G130700.v8.1,Manes.13G130700,(1 of 1) PTHR11757//PTHR11757:SF6 - PROTEASE FAMILY S9A OLIGOPEPTIDASE // PROLYL OLIGOPEPTIDASE FAMILY PROTEIN,turquoise,NA,gene
Manes.13G130900.v8.1,Manes.13G130900,(1 of 101) PF02362 - B3 DNA binding domain (B3),turquoise,NA,gene
Manes.13G133300.v8.1,Manes.13G133300,(1 of 14) PF04784//PF14389 - Protein of unknown function; DUF547 (DUF547) // Leucine-zipper of ternary complex factor MIP1 (Lzipper-MIP1),black,NA,gene
Manes.13G134300.v8.1,Manes.13G134300,(1 of 1) PTHR22884:SF299 - HISTONE-LYSINE N-METHYLTRANSFERASE SUVR5,black,NA,gene
Manes.13G134500.v8.1,Manes.13G134500,(1 of 2) PTHR11850//PTHR11850:SF103 - HOMEOBOX PROTEIN TRANSCRIPTION FACTORS // SUBFAMILY NOT NAMED,turquoise,NA,gene
Manes.13G134900.v8.1,Manes.13G134900,(1 of 1569) 2.7.11.1 - Non-specific serine/threonine protein kinase / Threonine-specific protein kinase,turquoise,NA,gene
Manes.13G135300.v8.1,Manes.13G135300,(1 of 4) PTHR10891//PTHR10891:SF568 - EF-HAND CALCIUM-BINDING DOMAIN CONTAINING PROTEIN // CALCIUM-BINDING PROTEIN CML41-RELATED,purple,NA,gene
Manes.13G135400.v8.1,Manes.13G135400,(1 of 2) PTHR16201//PTHR16201:SF43 - FAMILY NOT NAMED // PQ-LOOP REPEAT FAMILY PROTEIN / TRANSMEMBRANE FAMILY PROTEIN,turquoise,NA,gene
Manes.13G136000.v8.1,Manes.13G136000,(1 of 599) PF13041 - PPR repeat family (PPR_2),turquoise,NA,gene
Manes.13G136100.v8.1,Manes.13G136100,(1 of 9) PF05055 - Protein of unknown function (DUF677) (DUF677),turquoise,NA,gene
Manes.13G136300.v8.1,Manes.13G136300,(1 of 2) K10579 - ubiquitin-conjugating enzyme E2 M (UBE2M; UBC12),turquoise,NA,gene
Manes.13G137000.v8.1,Manes.13G137000,(1 of 2) PTHR12300//PTHR12300:SF60 - HVA22-LIKE PROTEINS // SUBFAMILY NOT NAMED,turquoise,NA,gene
Manes.13G137100.v8.1,Manes.13G137100,(1 of 1) PTHR31636//PTHR31636:SF53 - FAMILY NOT NAMED // SCARECROW-LIKE PROTEIN 15,purple,NA,gene
Manes.13G137500.v8.1,Manes.13G137500,(1 of 1) PTHR23139//PTHR23139:SF61 - RNA-BINDING PROTEIN // SUBFAMILY NOT NAMED,turquoise,NA,gene
Manes.13G138000.v8.1,Manes.13G138000,,turquoise,NA,gene
Manes.13G138200.v8.1,Manes.13G138200,(1 of 2) PTHR32227//PTHR32227:SF91 - FAMILY NOT NAMED // GLUCAN ENDO-1;3-BETA-GLUCOSIDASE-LIKE PROTEIN 1,turquoise,NA,gene
Manes.13G138400.v8.1,Manes.13G138400,,turquoise,NA,gene
Manes.13G138600.v8.1,Manes.13G138600,(1 of 207) PF01535//PF13041 - PPR repeat (PPR) // PPR repeat family (PPR_2),turquoise,NA,gene
Manes.13G138700.v8.1,Manes.13G138700,(1 of 3) PTHR22880:SF172 - TRANSCRIPTION FACTOR GTE3; CHLOROPLASTIC-RELATED,turquoise,NA,gene
Manes.13G139600.v8.1,Manes.13G139600,(1 of 446) PF01535 - PPR repeat (PPR),turquoise,NA,gene
Manes.13G139900.v8.1,Manes.13G139900,(1 of 2) PTHR24072:SF167 - RAC-LIKE GTP-BINDING PROTEIN ARAC2,turquoise,NA,gene
Manes.13G140900.v8.1,Manes.13G140900,(1 of 9) PTHR11746//PTHR11746:SF99 - O-METHYLTRANSFERASE // SUBFAMILY NOT NAMED,black,NA,gene
Manes.13G141200.v8.1,Manes.13G141200,(1 of 1) PTHR32077//PTHR32077:SF6 - FAMILY NOT NAMED // FASCICLIN-LIKE ARABINOGALACTAN PROTEIN 13-RELATED,turquoise,NA,gene
Manes.13G141800.v8.1,Manes.13G141800,(1 of 1) PF00046//PF02791//PF05066//PF15613//PF15614 - Homeobox domain (Homeobox) // DDT domain (DDT) // HB1; ASXL; restriction endonuclease HTH domain (HARE-HTH) // WSTF; HB1; Itc1p; MBD9 motif 2 (WHIM2) // WSTF; HB1; Itc1p; MBD9 motif 3 (WHIM3),turquoise,NA,gene
Manes.13G142000.v8.1,Manes.13G142000,(1 of 1) PTHR24078:SF188 - DNAJ HEAT SHOCK PROTEIN,black,NA,gene
Manes.13G144600.v8.1,Manes.13G144600,(1 of 1) PTHR24089//PTHR24089:SF340 - FAMILY NOT NAMED // ADP;ATP CARRIER PROTEIN 3; MITOCHONDRIAL,turquoise,NA,gene
Manes.13G144800.v8.1,Manes.13G144800,(1 of 1) PTHR22763:SF71 - PROTEIN Y105C5B.11; ISOFORM B,turquoise,NA,gene
Manes.13G144900.v8.1,Manes.13G144900,(1 of 1) K17560 - unconventional prefoldin RPB5 interactor 1 (URI1),turquoise,NA,gene
Manes.13G144908.v8.1,Manes.13G144908,(1 of 1) PTHR10799:SF65 - CHROMATIN MODIFICATION-RELATED PROTEIN EAF1,turquoise,NA,gene
Manes.13G146400.v8.1,Manes.13G146400,(1 of 1) K16900 - two pore calcium channel protein; plant (TPC1; CCH1),turquoise,NA,gene
Manes.13G147800.v8.1,Manes.13G147800,(1 of 2) PTHR12736//PTHR12736:SF13 - LANC-LIKE PROTEIN // SUBFAMILY NOT NAMED,turquoise,NA,gene
Manes.13G149900.v8.1,Manes.13G149900,(1 of 1) PTHR10949//PTHR10949:SF0 - LIPOYL SYNTHASE // LIPOYL SYNTHASE; MITOCHONDRIAL,black,NA,gene
Manes.13G150100.v8.1,Manes.13G150100,(1 of 1) PTHR10687:SF17 - SECRETORY CARRIER-ASSOCIATED MEMBRANE PROTEIN 2,turquoise,NA,gene
Manes.13G150600.v8.1,Manes.13G150600,(1 of 3) PTHR34053//PTHR34053:SF1 - FAMILY NOT NAMED // PROTEIN ULTRAPETALA 1-RELATED,turquoise,NA,gene
Manes.13G151300.v8.1,Manes.13G151300,,turquoise,NA,gene
Manes.13G151400.v8.1,Manes.13G151400,(1 of 6) K17871 - NADH:ubiquinone reductase (non-electrogenic) (ndh1),turquoise,NA,gene
Manes.13G153000.v8.1,Manes.13G153000,,turquoise,NA,gene
Manes.13G153100.v8.1,Manes.13G153100,(1 of 2) PTHR24349:SF166 - CALCIUM-DEPENDENT PROTEIN KINASE 11-RELATED,black,NA,gene
Manes.13G154300.v8.1,Manes.13G154300,(1 of 1) K05302 - SET domain-containing protein 6 (SETD6),turquoise,NA,gene
Manes.13G155232.v8.1,Manes.13G155232,(1 of 2) PTHR10629//PTHR10629:SF36 - CYTOSINE-SPECIFIC METHYLTRANSFERASE // SUBFAMILY NOT NAMED,turquoise,NA,gene
Manes.14G000700.v8.1,Manes.14G000700,(1 of 3) K04498 - E1A/CREB-binding protein (EP300; CREBBP; KAT3),turquoise,NA,gene
Manes.14G000200.v8.1,Manes.14G000200,(1 of 3) PTHR12357//PTHR12357:SF29 - YTH  YT521-B HOMOLOGY  DOMAIN-CONTAINING // SUBFAMILY NOT NAMED,turquoise,NA,gene
Manes.14G007400.v8.1,Manes.14G007400,(1 of 1) PF01464 - Transglycosylase SLT domain (SLT),turquoise,NA,gene
Manes.14G007500.v8.1,Manes.14G007500,(1 of 2) PTHR10836//PTHR10836:SF46 - GLYCERALDEHYDE 3-PHOSPHATE DEHYDROGENASE // SUBFAMILY NOT NAMED,black,carb,gene
Manes.14G008200.v8.1,Manes.14G008200,(1 of 2) K02145 - V-type H+-transporting ATPase subunit A (ATPeV1A; ATP6A),turquoise,NA,gene
Manes.14G008600.v8.1,Manes.14G008600,(1 of 11) K14684 - solute carrier family 25 (mitochondrial phosphate transporter); member 23/24/25/41 (SLC25A23S),turquoise,NA,gene
Manes.14G009200.v8.1,Manes.14G009200,(1 of 2) 1.3.1.34 - 2;4-dienoyl-CoA reductase (NADPH) / 4-enoyl-CoA reductase (NADPH),turquoise,NA,gene
Manes.14G009300.v8.1,Manes.14G009300,(1 of 1) K14778 - ATP-dependent RNA helicase DDX49/DBP8 [EC:3.6.4.13] (DDX49; DBP8),turquoise,NA,gene
Manes.14G010100.v8.1,Manes.14G010100,(1 of 3) PTHR23257//PTHR23257:SF438 - SERINE-THREONINE PROTEIN KINASE // F3O9.7 PROTEIN-RELATED,turquoise,NA,gene
Manes.14G010300.v8.1,Manes.14G010300,(1 of 2) 2.8.1.2 - 3-mercaptopyruvate sulfurtransferase,turquoise,NA,gene
Manes.14G011100.v8.1,Manes.14G011100,(1 of 2) PTHR33177:SF6 - F3O9.30,turquoise,NA,gene
Manes.14G012206.v8.1,Manes.14G012206,(1 of 4) PTHR10209//PTHR10209:SF113 - OXIDOREDUCTASE; 2OG-FE II  OXYGENASE FAMILY PROTEIN // GENOMIC DNA; CHROMOSOME 3; P1 CLONE:MJM20,turquoise,NA,gene
Manes.14G016900.v8.1,Manes.14G016900,(1 of 2) K03234 - elongation factor 2 (EEF2),turquoise,NA,gene
Manes.14G016800.v8.1,Manes.14G016800,(1 of 13) K19042 - E3 ubiquitin-protein ligase BOI and related proteins [EC:6.3.2.19] (BOI),turquoise,NA,gene
Manes.14G016300.v8.1,Manes.14G016300,,turquoise,NA,gene
Manes.14G016200.v8.1,Manes.14G016200,(1 of 1) K14325 - RNA-binding protein with serine-rich domain 1 (RNPS1),turquoise,NA,gene
Manes.14G015900.v8.1,Manes.14G015900,(1 of 3) K12617 - DNA topoisomerase 2-associated protein PAT1 (PATL1; PAT1),turquoise,NA,gene
Manes.14G015500.v8.1,Manes.14G015500,(1 of 4) K07018 - uncharacterized protein (K07018),turquoise,NA,gene
Manes.14G015400.v8.1,Manes.14G015400,(1 of 4) PTHR33432//PTHR33432:SF3 - FAMILY NOT NAMED // EMSY N TERMINUS AND PLANT TUDOR-LIKE DOMAIN-CONTAINING PROTEIN,turquoise,NA,gene
Manes.14G015300.v8.1,Manes.14G015300,(1 of 1) PTHR32057:SF14 - UPF0061 PROTEIN FMP40,turquoise,NA,gene
Manes.14G014500.v8.1,Manes.14G014500,(1 of 1) PTHR10871:SF4 - DNA TOPOISOMERASE 6 SUBUNIT B,turquoise,NA,gene
Manes.14G013300.v8.1,Manes.14G013300,(1 of 1) KOG1318 - Helix loop helix transcription factor EB,black,NA,gene
Manes.14G001000.v8.1,Manes.14G001000,(1 of 3) PTHR10634//PTHR10634:SF32 - AN1-TYPE ZINC FINGER PROTEIN // SUBFAMILY NOT NAMED,turquoise,NA,gene
Manes.14G001936.v8.1,Manes.14G001936,,turquoise,NA,gene
Manes.14G002500.v8.1,Manes.14G002500,(1 of 2) PTHR10283//PTHR10283:SF76 - SOLUTE CARRIER FAMILY 13 MEMBER // DICARBOXYLATE TRANSPORTER 1; CHLOROPLASTIC,turquoise,NA,gene
Manes.14G002600.v8.1,Manes.14G002600,(1 of 16) PTHR11206//PTHR11206:SF128 - MULTIDRUG RESISTANCE PROTEIN // MATE EFFLUX FAMILY PROTEIN 1,black,NA,gene
Manes.14G002900.v8.1,Manes.14G002900,(1 of 3) K12898 - heterogeneous nuclear ribonucleoprotein F/H (HNRNPF_H),turquoise,NA,gene
Manes.14G003100.v8.1,Manes.14G003100,(1 of 2) PTHR12632:SF14 - NUCLEAR TRANSCRIPTION FACTOR Y SUBUNIT A-1-RELATED,turquoise,NA,gene
Manes.14G003400.v8.1,Manes.14G003400,(1 of 1) K00392 - sulfite reductase (ferredoxin) (sir),turquoise,NA,gene
Manes.14G004400.v8.1,Manes.14G004400,(1 of 2) K12876 - RNA-binding protein 8A (RBM8A; Y14),turquoise,NA,gene
Manes.14G004800.v8.1,Manes.14G004800,,turquoise,NA,gene
Manes.14G005100.v8.1,Manes.14G005100,(1 of 1) KOG0548//KOG0550 - Molecular co-chaperone STI1 // Molecular chaperone (DnaJ superfamily),turquoise,NA,gene
Manes.14G005300.v8.1,Manes.14G005300,(1 of 4) PF03435 - Saccharopine dehydrogenase NADP binding domain (Sacchrp_dh_NADP),turquoise,NA,gene
Manes.14G005700.v8.1,Manes.14G005700,(1 of 1) K03404 - magnesium chelatase subunit D (chlD; bchD),turquoise,NA,gene
Manes.14G006300.v8.1,Manes.14G006300,(1 of 2) PTHR31717:SF2 - CCT MOTIF FAMILY PROTEIN,black,NA,gene
Manes.14G006400.v8.1,Manes.14G006400,(1 of 1) PTHR13793:SF5 - HISTONE-LYSINE N-METHYLTRANSFERASE ATX4-RELATED,turquoise,NA,gene
Manes.14G006600.v8.1,Manes.14G006600,,turquoise,NA,gene
Manes.14G006836.v8.1,Manes.14G006836,(1 of 2) 1.4.1.14 - Glutamate synthase (NADH) / NADH-glutamate synthase,turquoise,NA,gene
Manes.14G007380.v8.1,Manes.14G007380,(1 of 1) PTHR11817:SF28 - PLASTIDIAL PYRUVATE KINASE 4; CHLOROPLASTIC,turquoise,carb,gene
Manes.14G007652.v8.1,Manes.14G007652,(1 of 2) PTHR13832:SF223 - PROTEIN PHOSPHATASE 2C 76-RELATED,turquoise,NA,gene
Manes.14G007924.v8.1,Manes.14G007924,(1 of 2) PTHR31213:SF12 - ABSCISIC ACID RECEPTOR PYL10-RELATED,black,NA,gene
Manes.14G008060.v8.1,Manes.14G008060,(1 of 2) PTHR23076//PTHR23076:SF40 - METALLOPROTEASE M41 FTSH // ATP-DEPENDENT ZINC METALLOPROTEASE FTSH 11; CHLOROPLASTIC/MITOCHONDRIAL,turquoise,NA,gene
Manes.14G019200.v8.1,Manes.14G019200,(1 of 2) PF06017 - Unconventional myosin tail; actin- and lipid-binding (Myosin_TH1),turquoise,NA,gene
Manes.14G019870.v8.1,Manes.14G019870,(1 of 2) PTHR11817//PTHR11817:SF2 - PYRUVATE KINASE // PLASTIDIAL PYRUVATE KINASE 2,turquoise,carb,gene
Manes.14G020100.v8.1,Manes.14G020100,(1 of 1) PTHR13083:SF3 - WD REPEAT-CONTAINING PROTEIN 91,black,NA,gene
Manes.14G020900.v8.1,Manes.14G020900,(1 of 1) PTHR23249//PTHR23249:SF16 - SYNBINDIN // TRAFFICKING PROTEIN PARTICLE COMPLEX SUBUNIT 1,turquoise,NA,gene
Manes.14G023050.v8.1,Manes.14G023050,,turquoise,NA,gene
Manes.14G023300.v8.1,Manes.14G023300,(1 of 1) PTHR11451//PTHR11451:SF6 - TRNA SYNTHETASE-RELATED // SUBFAMILY NOT NAMED,turquoise,NA,gene
Manes.14G024000.v8.1,Manes.14G024000,(1 of 1) PTHR13107//PTHR13107:SF0 - KARYOGAMY PROTEIN KAR4-RELATED // N6-ADENOSINE-METHYLTRANSFERASE SUBUNIT METTL14,turquoise,NA,gene
Manes.14G024100.v8.1,Manes.14G024100,(1 of 2) PTHR33162:SF3 - SEC-INDEPENDENT PROTEIN TRANSLOCASE PROTEIN TATB; CHLOROPLASTIC,turquoise,NA,gene
Manes.14G024200.v8.1,Manes.14G024200,,turquoise,NA,gene
Manes.14G024400.v8.1,Manes.14G024400,(1 of 4) K19329 - WW domain-containing oxidoreductase (WWOX),turquoise,NA,gene
Manes.14G024800.v8.1,Manes.14G024800,(1 of 1) PTHR27003:SF1 - U-BOX DOMAIN-CONTAINING PROTEIN 32,turquoise,NA,gene
Manes.14G025600.v8.1,Manes.14G025600,(1 of 1) PTHR23002//PTHR23002:SF73 - ZINC FINGER CCHC DOMAIN CONTAINING PROTEIN // SUBFAMILY NOT NAMED,turquoise,NA,gene
Manes.14G026100.v8.1,Manes.14G026100,(1 of 4) PF03763//PF03766 - Remorin; C-terminal region (Remorin_C) // Remorin; N-terminal region (Remorin_N),black,NA,gene
Manes.14G027100.v8.1,Manes.14G027100,(1 of 2) PTHR34067//PTHR34067:SF1 - FAMILY NOT NAMED // METHYL-CPG-BINDING DOMAIN-CONTAINING PROTEIN 13,turquoise,NA,gene
Manes.14G027200.v8.1,Manes.14G027200,(1 of 2) K07952 - ADP-ribosylation factor related protein 1 (ARFRP1),turquoise,NA,gene
Manes.14G028600.v8.1,Manes.14G028600,(1 of 2) K03014 - DNA-directed RNA polymerases I; II; and III subunit RPABC2 (RPB6; POLR2F),turquoise,NA,gene
Manes.14G029701.v8.1,Manes.14G029701,(1 of 3) PTHR13148//PTHR13148:SF2 - PER1-RELATED // PER1-LIKE FAMILY PROTEIN,turquoise,NA,gene
Manes.14G030000.v8.1,Manes.14G030000,(1 of 1) KOG0033 - Ca2+/calmodulin-dependent protein kinase; EF-Hand protein superfamily,turquoise,NA,gene
Manes.14G030400.v8.1,Manes.14G030400,(1 of 38) PF01535//PF12854//PF13041 - PPR repeat (PPR) // PPR repeat (PPR_1) // PPR repeat family (PPR_2),turquoise,NA,gene
Manes.14G031901.v8.1,Manes.14G031901,(1 of 1) PTHR31718:SF8 - EMBRYO-SPECIFIC PROTEIN 3,turquoise,NA,gene
Manes.14G032300.v8.1,Manes.14G032300,(1 of 1) PTHR16254//PTHR16254:SF9 - POTASSIUM/PROTON ANTIPORTER-RELATED // K(+) EFFLUX ANTIPORTER 5,turquoise,NA,gene
Manes.14G032500.v8.1,Manes.14G032500,(1 of 3) K14270 - aminotransferase (ACS10_12),turquoise,NA,gene
Manes.14G033100.v8.1,Manes.14G033100,(1 of 2) PTHR31500//PTHR31500:SF18 - FAMILY NOT NAMED // AT HOOK MOTIF DNA-BINDING FAMILY PROTEIN-RELATED,turquoise,NA,gene
Manes.14G033500.v8.1,Manes.14G033500,(1 of 61) PF00069//PF08263//PF13855 - Protein kinase domain (Pkinase) // Leucine rich repeat N-terminal domain (LRRNT_2) // Leucine rich repeat (LRR_8),turquoise,NA,gene
Manes.14G033601.v8.1,Manes.14G033601,(1 of 3) K02953 - small subunit ribosomal protein S13e (RP-S13e; RPS13),turquoise,NA,gene
Manes.14G035200.v8.1,Manes.14G035200,(1 of 2) PTHR11709//PTHR11709:SF123 - MULTI-COPPER OXIDASE // MONOCOPPER OXIDASE-LIKE PROTEIN SKS1-RELATED,purple,NA,gene
Manes.14G035800.v8.1,Manes.14G035800,(1 of 2) K10636 - autocrine motility factor receptor (AMFR; GP78),turquoise,NA,gene
Manes.14G035900.v8.1,Manes.14G035900,(1 of 3) 3.6.3.20 - Glycerol-3-phosphate-transporting ATPase,purple,NA,gene
Manes.14G036100.v8.1,Manes.14G036100,(1 of 1) PTHR12375//PTHR12375:SF18 - RNA-BINDING PROTEIN LUC7-RELATED // LUC7-LIKE PROTEIN 3,turquoise,NA,gene
Manes.14G037500.v8.1,Manes.14G037500,(1 of 2) K03026 - DNA-directed RNA polymerase III subunit RPC4 (RPC4; POLR3D),black,NA,gene
Manes.14G039800.v8.1,Manes.14G039800,(1 of 2) PTHR10173//PTHR10173:SF23 - METHIONINE SULFOXIDE REDUCTASE // PEPTIDE METHIONINE SULFOXIDE REDUCTASE A1-RELATED,turquoise,NA,gene
Manes.14G039900.v8.1,Manes.14G039900,(1 of 4) PTHR15615:SF28 - CYCLIN-U4-1,turquoise,NA,gene
Manes.14G041000.v8.1,Manes.14G041000,(1 of 69) KOG4412 - 26S proteasome regulatory complex; subunit PSMD10,turquoise,NA,gene
Manes.14G041500.v8.1,Manes.14G041500,(1 of 6) K14396 - polyadenylate-binding protein 2 (PABPN1; PABP2),turquoise,NA,gene
Manes.14G042400.v8.1,Manes.14G042400,(1 of 1) PTHR11638//PTHR11638:SF118 - ATP-DEPENDENT CLP PROTEASE // CHAPERONE PROTEIN CLPD; CHLOROPLASTIC,turquoise,NA,gene
Manes.14G043000.v8.1,Manes.14G043000,(1 of 4) 6.3.5.7 - Glutaminyl-tRNA synthase (glutamine-hydrolyzing) / Glutamyl-tRNA(Gln) amidotransferase,black,NA,gene
Manes.14G043400.v8.1,Manes.14G043400,(1 of 207) PF01535//PF13041 - PPR repeat (PPR) // PPR repeat family (PPR_2),turquoise,NA,gene
Manes.14G044400.v8.1,Manes.14G044400,(1 of 3) PTHR12549:SF16 - HISTONE H3MK9 DEMETHYLASE,turquoise,NA,gene
Manes.14G045000.v8.1,Manes.14G045000,(1 of 8) KOG4660 - Protein Mei2; essential for commitment to meiosis; and related proteins,turquoise,NA,gene
Manes.14G045200.v8.1,Manes.14G045200,(1 of 2) K03107 - signal recognition particle subunit SRP68 (SRP68),turquoise,NA,gene
Manes.14G046400.v8.1,Manes.14G046400,(1 of 1) PTHR13713//PTHR13713:SF37 - SIALYLTRANSFERASE // CMP-N-ACETYLNEURAMINATE-BETA-1;4-GALACTOSIDE ALPHA-2;3-SIALYLTRANSFERASE,turquoise,NA,gene
Manes.14G046600.v8.1,Manes.14G046600,(1 of 4) K00654 - serine palmitoyltransferase (SPT),turquoise,NA,gene
Manes.14G046800.v8.1,Manes.14G046800,(1 of 3) PTHR11615//PTHR11615:SF157 - NITRATE; FROMATE; IRON DEHYDROGENASE // SUBFAMILY NOT NAMED,turquoise,NA,gene
Manes.14G047000.v8.1,Manes.14G047000,(1 of 2) PF13915 - Domain of unknown function (DUF4210) (DUF4210),turquoise,NA,gene
Manes.14G047400.v8.1,Manes.14G047400,(1 of 2) K17780 - mitochondrial import inner membrane translocase subunit TIM8 (TIM8),turquoise,NA,gene
Manes.14G048000.v8.1,Manes.14G048000,(1 of 2) PTHR13169:SF3 - MEMBRANE-ANCHORED UBIQUITIN-FOLD PROTEIN 3,turquoise,NA,gene
Manes.14G048600.v8.1,Manes.14G048600,(1 of 2) PTHR13468//PTHR13468:SF6 - DEK PROTEIN // DEK DOMAIN-CONTAINING CHROMATIN ASSOCIATED PROTEIN,turquoise,NA,gene
Manes.14G049500.v8.1,Manes.14G049500,(1 of 2) K10684 - ubiquitin-like 1-activating enzyme E1 A (UBLE1A; SAE1),turquoise,NA,gene
Manes.14G049700.v8.1,Manes.14G049700,(1 of 2) PTHR13061//PTHR13061:SF0 - DYNACTIN SUBUNIT P25 // GAMMA CARBONIC ANHYDRASE-LIKE 1; MITOCHONDRIAL-RELATED,turquoise,NA,gene
Manes.14G050600.v8.1,Manes.14G050600,(1 of 3) PTHR21576//PTHR21576:SF44 - UNCHARACTERIZED NODULIN-LIKE PROTEIN // MAJOR FACILITATOR PROTEIN,turquoise,NA,gene
Manes.14G051001.v8.1,Manes.14G051001,(1 of 1) PTHR31198:SF1 - COILED-COIL DOMAIN-CONTAINING PROTEIN 84,turquoise,NA,gene
Manes.14G051101.v8.1,Manes.14G051101,(1 of 2) PF14968 - Coiled coil protein 84 (CCDC84),turquoise,NA,gene
Manes.14G051600.v8.1,Manes.14G051600,(1 of 1) PTHR15663:SF4 - COMM DOMAIN-CONTAINING PROTEIN 9,turquoise,NA,gene
Manes.14G051700.v8.1,Manes.14G051700,(1 of 2) PF02037//PF10172 - SAP domain (SAP) // Det1 complexing ubiquitin ligase (DDA1),turquoise,NA,gene
Manes.14G052300.v8.1,Manes.14G052300,(1 of 3) PTHR23074//PTHR23074:SF84 - AAA ATPASE // AAA-TYPE ATPASE-LIKE PROTEIN-RELATED,turquoise,NA,gene
Manes.14G052401.v8.1,Manes.14G052401,(1 of 2) PTHR12961//PTHR12961:SF0 - CONSERVED OLIGOMERIC GOLGI COMPLEX COMPONENT 2 // CONSERVED OLIGOMERIC GOLGI COMPLEX SUBUNIT 2,turquoise,NA,gene
Manes.14G052700.v8.1,Manes.14G052700,(1 of 2) 3.5.2.6 - Beta-lactamase / Penicillinase,turquoise,NA,gene
Manes.14G053700.v8.1,Manes.14G053700,(1 of 2) PTHR14154//PTHR14154:SF16 - UPF0041 BRAIN PROTEIN 44-RELATED // SUBFAMILY NOT NAMED,turquoise,NA,gene
Manes.14G054300.v8.1,Manes.14G054300,(1 of 3) PTHR22880:SF156 - TRANSCRIPTION FACTOR GTE10,black,NA,gene
Manes.14G054500.v8.1,Manes.14G054500,(1 of 2) PTHR34466:SF2 - GENOMIC DNA; CHROMOSOME 5; P1 CLONE:MXI22,turquoise,NA,gene
Manes.14G055233.v8.1,Manes.14G055233,(1 of 2) K03037 - 26S proteasome regulatory subunit N7 (PSMD6; RPN7),black,NA,gene
Manes.14G055300.v8.1,Manes.14G055300,(1 of 2) K07739 - elongator complex protein 3 [EC:2.3.1.48] (ELP3; KAT9),turquoise,NA,gene
Manes.14G055400.v8.1,Manes.14G055400,(1 of 2) PTHR21385//PTHR21385:SF1 - ZINC FINGER PROTEIN-RELATED // C2H2-LIKE ZINC FINGER PROTEIN,black,NA,gene
Manes.14G055900.v8.1,Manes.14G055900,(1 of 2) PTHR10694:SF38 - LYSINE-SPECIFIC DEMETHYLASE REF6,turquoise,NA,gene
Manes.14G056036.v8.1,Manes.14G056036,(1 of 1) PTHR12626//PTHR12626:SF0 - PROGRAMMED CELL DEATH 4 // LD21074P,turquoise,NA,gene
Manes.14G057300.v8.1,Manes.14G057300,(1 of 2) PTHR32035//PTHR32035:SF3 - FAMILY NOT NAMED // AURORA KINASE A-INTERACTING PROTEIN,turquoise,NA,gene
Manes.14G059700.v8.1,Manes.14G059700,(1 of 2) 2.5.1.72 - Quinolinate synthase / Quinolinate synthetase,turquoise,NA,gene
Manes.14G060000.v8.1,Manes.14G060000,(1 of 2) K02884 - large subunit ribosomal protein L19 (RP-L19; MRPL19; rplS),turquoise,NA,gene
Manes.14G060500.v8.1,Manes.14G060500,,turquoise,NA,gene
Manes.14G061300.v8.1,Manes.14G061300,(1 of 46) PF00582 - Universal stress protein family (Usp),turquoise,NA,gene
Manes.14G061600.v8.1,Manes.14G061600,(1 of 1) PTHR23315//PTHR23315:SF130 - BETA CATENIN-RELATED ARMADILLO REPEAT-CONTAINING // SUBFAMILY NOT NAMED,turquoise,NA,gene
Manes.14G061900.v8.1,Manes.14G061900,(1 of 1) PTHR12176//PTHR12176:SF29 - UNCHARACTERIZED // S-ADENOSYL-L-METHIONINE-DEPENDENT METHYLTRANSFERASE DOMAIN-CONTAINING PROTEIN,turquoise,NA,gene
Manes.14G062600.v8.1,Manes.14G062600,(1 of 1) PTHR13948//PTHR13948:SF19 - RNA-BINDING PROTEIN // D111/G-PATCH DOMAIN-CONTAINING PROTEIN,turquoise,NA,gene
Manes.14G062800.v8.1,Manes.14G062800,(1 of 1) PTHR24320//PTHR24320:SF100//PTHR24320:SF81 - FAMILY NOT NAMED // SUBFAMILY NOT NAMED // NAD(P)-BINDING ROSSMANN-FOLD SUPERFAMILY PROTEIN,turquoise,NA,gene
Manes.14G062950.v8.1,Manes.14G062950,(1 of 1) PTHR12480:SF6 - JMJC DOMAIN-CONTAINING PROTEIN 4,turquoise,NA,gene
Manes.14G064800.v8.1,Manes.14G064800,(1 of 2) PTHR11132:SF70 - PHOSPHOENOLPYRUVATE/PHOSPHATE TRANSLOCATOR 1; CHLOROPLASTIC,turquoise,NA,gene
Manes.14G065100.v8.1,Manes.14G065100,(1 of 2) PTHR10093 - IRON-SULFUR CLUSTER ASSEMBLY ENZYME  NIFU HOMOLOG,black,NA,gene
Manes.14G065700.v8.1,Manes.14G065700,(1 of 2) PTHR32263//PTHR32263:SF6 - FAMILY NOT NAMED // INACTIVE POLY [ADP-RIBOSE] POLYMERASE SRO4-RELATED,black,NA,gene
Manes.14G066200.v8.1,Manes.14G066200,(1 of 1) PTHR10641//PTHR10641:SF675 - MYB-LIKE DNA-BINDING PROTEIN MYB // SUBFAMILY NOT NAMED,turquoise,NA,gene
Manes.14G066700.v8.1,Manes.14G066700,(1 of 2) K16284 - E3 ubiquitin-protein ligase SIS3 [EC:6.3.2.19] (SIS3),turquoise,NA,gene
Manes.14G068000.v8.1,Manes.14G068000,(1 of 1) PTHR23079:SF5 - RNA-DEPENDENT RNA POLYMERASE 2,turquoise,NA,gene
Manes.14G068500.v8.1,Manes.14G068500,(1 of 62) PF00892 - EamA-like transporter family (EamA),black,NA,gene
Manes.14G068900.v8.1,Manes.14G068900,(1 of 4) PTHR15141//PTHR15141:SF52 - TRANSCRIPTION ELONGATION FACTOR B POLYPEPTIDE 3 // BAH AND TFIIS DOMAIN-CONTAINING PROTEIN,turquoise,NA,gene
Manes.14G069600.v8.1,Manes.14G069600,(1 of 3) PF04134 - Protein of unknown function; DUF393 (DUF393),black,NA,gene
Manes.14G070200.v8.1,Manes.14G070200,(1 of 2) 3.2.1.50 - Alpha-N-acetylglucosaminidase / NAG,turquoise,NA,gene
Manes.14G071100.v8.1,Manes.14G071100,(1 of 5) PF06522 - NADH-ubiquinone reductase complex 1 MLRQ subunit (B12D),turquoise,NA,gene
Manes.14G071900.v8.1,Manes.14G071900,(1 of 4) PTHR12374//PTHR12374:SF26 - TRANSCRIPTIONAL ADAPTOR 2  ADA2 -RELATED // F25A4.19 PROTEIN,purple,NA,gene
Manes.14G072900.v8.1,Manes.14G072900,(1 of 3) PTHR11214//PTHR11214:SF103 - BETA-1;3-N-ACETYLGLUCOSAMINYLTRANSFERASE // BETA-1;3-GALACTOSYLTRANSFERASE 17-RELATED,turquoise,NA,gene
Manes.14G073100.v8.1,Manes.14G073100,(1 of 10) PF02791 - DDT domain (DDT),turquoise,NA,gene
Manes.14G073400.v8.1,Manes.14G073400,(1 of 2) K12866 - WW domain-binding protein 11 (WBP11; NPWBP),turquoise,NA,gene
Manes.14G073800.v8.1,Manes.14G073800,(1 of 1) PTHR24349//PTHR24349:SF167 - SERINE/THREONINE-PROTEIN KINASE // CALCIUM-DEPENDENT PROTEIN KINASE 10-RELATED,turquoise,NA,gene
Manes.14G075700.v8.1,Manes.14G075700,(1 of 1) 1.2.1.88//1.5.1.12 - L-glutamate gamma-semialdehyde dehydrogenase / Pyrroline-5-carboxylate dehydrogenase // Transferred entry: 1.2.1.88,turquoise,NA,gene
Manes.14G075900.v8.1,Manes.14G075900,(1 of 4) K10573 - ubiquitin-conjugating enzyme E2 A (UBE2A; UBC2; RAD6A),turquoise,NA,gene
Manes.14G077100.v8.1,Manes.14G077100,(1 of 2) PTHR23042//PTHR23042:SF51 - CIRCADIAN PROTEIN CLOCK/ARNT/BMAL/PAS // TRANSCRIPTION FACTOR BHLH47,turquoise,NA,gene
Manes.14G077300.v8.1,Manes.14G077300,(1 of 2) K11290 - template-activating factor I (SET; TAF1; I2PP2A),turquoise,NA,gene
Manes.14G078200.v8.1,Manes.14G078200,(1 of 2) PTHR23012//PTHR23012:SF57 - MEMBRANE ASSOCIATED RING FINGER // SUBFAMILY NOT NAMED,turquoise,NA,gene
Manes.14G078500.v8.1,Manes.14G078500,(1 of 2) PTHR11540//PTHR11540:SF29 - MALATE AND LACTATE DEHYDROGENASE // SUBFAMILY NOT NAMED,turquoise,carb,gene
Manes.14G078800.v8.1,Manes.14G078800,(1 of 2) PTHR22835//PTHR22835:SF267 - ZINC FINGER FYVE DOMAIN CONTAINING PROTEIN // SUBFAMILY NOT NAMED,turquoise,NA,gene
Manes.14G080700.v8.1,Manes.14G080700,(1 of 14) 1.8.1.8 - Protein-disulfide reductase / Protein disulfide reductase,turquoise,NA,gene
Manes.14G080801.v8.1,Manes.14G080801,(1 of 1) K09579 - peptidyl-prolyl cis-trans isomerase NIMA-interacting 4 [EC:5.2.1.8] (PIN4),turquoise,NA,gene
Manes.14G081100.v8.1,Manes.14G081100,(1 of 270) PF13639 - Ring finger domain (zf-RING_2),turquoise,NA,gene
Manes.14G081500.v8.1,Manes.14G081500,(1 of 2) K12127 - pseudo-response regulator 1 (TOC1; APRR1),turquoise,NA,gene
Manes.14G082350.v8.1,Manes.14G082350,(1 of 4) K03263 - translation initiation factor 5A (EIF5A),turquoise,NA,gene
Manes.14G082700.v8.1,Manes.14G082700,(1 of 4) K16904 - dCTP diphosphatase (DCTPP1),turquoise,NA,gene
Manes.14G083800.v8.1,Manes.14G083800,(1 of 3) PTHR19305:SF7 - SNAP25 HOMOLOGOUS PROTEIN SNAP30-RELATED,turquoise,NA,gene
Manes.14G084300.v8.1,Manes.14G084300,(1 of 2) PTHR11255//PTHR11255:SF54 - DIACYLGLYCEROL KINASE // DIACYLGLYCEROL KINASE 1,turquoise,NA,gene
Manes.14G084900.v8.1,Manes.14G084900,(1 of 1) PTHR23146//PTHR23146:SF0 - LEO1 PROTEIN // RNA POLYMERASE-ASSOCIATED PROTEIN LEO1,turquoise,NA,gene
Manes.14G085000.v8.1,Manes.14G085000,(1 of 1) PTHR15876//PTHR15876:SF9 - TRANSMEMBRANE PROTEIN ADIPOCYTE-ASSOCIATED 1 // SUBFAMILY NOT NAMED,turquoise,NA,gene
Manes.14G086800.v8.1,Manes.14G086800,(1 of 10) PF01805 - Surp module (Surp),turquoise,NA,gene
Manes.14G086900.v8.1,Manes.14G086900,(1 of 4) PTHR33403//PTHR33403:SF1 - FAMILY NOT NAMED // PROTEIN SPIRAL1,turquoise,NA,gene
Manes.14G087000.v8.1,Manes.14G087000,(1 of 3) PF13415//PF13418 - Galactose oxidase; central domain (Kelch_3) // Galactose oxidase; central domain (Kelch_4),turquoise,NA,gene
Manes.14G087600.v8.1,Manes.14G087600,(1 of 2) PTHR24298//PTHR24298:SF112 - FAMILY NOT NAMED // CYTOCHROME P450 78A5-RELATED,turquoise,NA,gene
Manes.14G087800.v8.1,Manes.14G087800,(1 of 3) PTHR31673//PTHR31673:SF2 - FAMILY NOT NAMED // COBRA-LIKE PROTEIN 4,turquoise,NA,gene
Manes.14G088200.v8.1,Manes.14G088200,(1 of 1) PTHR31251:SF22 - SQUAMOSA PROMOTER-BINDING-LIKE PROTEIN 15-RELATED,turquoise,NA,gene
Manes.14G088800.v8.1,Manes.14G088800,,turquoise,NA,gene
Manes.14G089400.v8.1,Manes.14G089400,(1 of 12) PF03909 - BSD domain (BSD),turquoise,NA,gene
Manes.14G089600.v8.1,Manes.14G089600,(1 of 2) PTHR12565:SF153 - TRANSCRIPTION FACTOR BIM1,black,NA,gene
Manes.14G090800.v8.1,Manes.14G090800,(1 of 1) PTHR23359//PTHR23359:SF95 - NUCLEOTIDE KINASE // SUBFAMILY NOT NAMED,turquoise,NA,gene
Manes.14G091100.v8.1,Manes.14G091100,(1 of 207) PF01535//PF13041 - PPR repeat (PPR) // PPR repeat family (PPR_2),turquoise,NA,gene
Manes.14G092000.v8.1,Manes.14G092000,(1 of 1) PTHR28630//PTHR28630:SF3 - FAMILY NOT NAMED // REDOX-REGULATORY PROTEIN FAM213A,turquoise,NA,gene
Manes.14G092500.v8.1,Manes.14G092500,(1 of 1) 2.2.1.9 - 2-succinyl-5-enolpyruvyl-6-hydroxy-3-cyclohexene-1-carboxylic-acid synthase / SEPHCHC synthase,turquoise,NA,gene
Manes.14G092800.v8.1,Manes.14G092800,(1 of 1) PTHR11353:SF81 - CHAPERONIN 60 SUBUNIT BETA 4; CHLOROPLASTIC,turquoise,NA,gene
Manes.14G092900.v8.1,Manes.14G092900,(1 of 4) 1.1.1.44 - Phosphogluconate dehydrogenase (NADP(+)-dependent; decarboxylating) / Phosphogluconic acid dehydrogenase,black,NA,gene
Manes.14G093500.v8.1,Manes.14G093500,(1 of 3) PTHR10285:SF76 - URIDINE KINASE,turquoise,NA,gene
Manes.14G094000.v8.1,Manes.14G094000,(1 of 3) PTHR11570:SF4 - S-ADENOSYLMETHIONINE DECARBOXYLASE PROENZYME-RELATED,turquoise,NA,gene
Manes.14G094500.v8.1,Manes.14G094500,(1 of 3) PF06880 - Protein of unknown function (DUF1262) (DUF1262),purple,NA,gene
Manes.14G095700.v8.1,Manes.14G095700,,turquoise,NA,gene
Manes.14G095900.v8.1,Manes.14G095900,(1 of 2) PTHR30523//PTHR30523:SF6 - PHOSPHOENOLPYRUVATE CARBOXYLASE // PHOSPHOENOLPYRUVATE CARBOXYLASE 4,turquoise,NA,gene
Manes.14G096000.v8.1,Manes.14G096000,(1 of 15) PF04759 - Protein of unknown function; DUF617 (DUF617),turquoise,NA,gene
Manes.14G096800.v8.1,Manes.14G096800,(1 of 1) K13115 - coiled-coil domain-containing protein 130 (CCDC130),turquoise,NA,gene
Manes.14G097100.v8.1,Manes.14G097100,(1 of 2) PTHR12565//PTHR12565:SF139 - STEROL REGULATORY ELEMENT-BINDING PROTEIN // SUBFAMILY NOT NAMED,turquoise,NA,gene
Manes.14G097300.v8.1,Manes.14G097300,(1 of 2) 1.17.1.3 - Leucoanthocyanidin reductase / Leucocyanidin reductase,turquoise,NA,gene
Manes.14G097700.v8.1,Manes.14G097700,(1 of 2) PTHR11584:SF316 - SERINE/THREONINE-PROTEIN KINASE STN7; CHLOROPLASTIC,turquoise,NA,gene
Manes.14G098600.v8.1,Manes.14G098600,(1 of 1) K15168 - mediator of RNA polymerase II transcription subunit 25 (MED25),turquoise,NA,gene
Manes.14G098800.v8.1,Manes.14G098800,(1 of 2) K06891 - ATP-dependent Clp protease adaptor protein ClpS (clpS),turquoise,NA,gene
Manes.14G099400.v8.1,Manes.14G099400,(1 of 5) PTHR15907:SF47 - PROTEIN PLANT CADMIUM RESISTANCE 11-RELATED,purple,NA,gene
Manes.14G099600.v8.1,Manes.14G099600,(1 of 4) K03456 - serine/threonine-protein phosphatase 2A regulatory subunit A (PPP2R1),turquoise,NA,gene
Manes.14G100700.v8.1,Manes.14G100700,(1 of 1) PTHR31917//PTHR31917:SF9 - FAMILY NOT NAMED // AGENET DOMAIN-CONTAINING PROTEIN / BROMO-ADJACENT HOMOLOGY (BAH) DOMAIN-CONTAINING PROTEIN,turquoise,NA,gene
Manes.14G101700.v8.1,Manes.14G101700,(1 of 3) 3.2.1.177//3.2.1.37//3.2.1.55 - Alpha-D-xyloside xylohydrolase / Alpha-xylosidase // Xylan 1;4-beta-xylosidase / Xylobiase // Non-reducing end alpha-L-arabinofuranosidase / Arabinosidase,turquoise,NA,gene
Manes.14G102100.v8.1,Manes.14G102100,(1 of 1) PTHR31561:SF5 - 3-KETOACYL-COA SYNTHASE 5-RELATED,turquoise,NA,gene
Manes.14G102900.v8.1,Manes.14G102900,(1 of 1) PTHR12934:SF11 - 50S RIBOSOMAL PROTEIN L15; CHLOROPLASTIC,turquoise,NA,gene
Manes.14G103500.v8.1,Manes.14G103500,,purple,NA,gene
Manes.14G103600.v8.1,Manes.14G103600,(1 of 2) PTHR31964//PTHR31964:SF55 - FAMILY NOT NAMED // ADENINE NUCLEOTIDE ALPHA HYDROLASES-LIKE SUPERFAMILY PROTEIN,turquoise,NA,gene
Manes.14G103800.v8.1,Manes.14G103800,(1 of 1) 3.1.1.80 - Acetylajmaline esterase / Acetylajmalan esterase,black,NA,gene
Manes.14G104300.v8.1,Manes.14G104300,(1 of 2) 6.1.1.18 - Glutamine--tRNA ligase / Glutaminyl-tRNA synthetase,turquoise,NA,gene
Manes.14G105000.v8.1,Manes.14G105000,(1 of 2) PTHR24078:SF267 - CHAPERONE PROTEIN DNAJ 15,turquoise,NA,gene
Manes.14G106400.v8.1,Manes.14G106400,(1 of 9) PF05623 - Protein of unknown function (DUF789) (DUF789),turquoise,NA,gene
Manes.14G107000.v8.1,Manes.14G107000,(1 of 25) PF07714//PF08263//PF13855 - Protein tyrosine kinase (Pkinase_Tyr) // Leucine rich repeat N-terminal domain (LRRNT_2) // Leucine rich repeat (LRR_8),black,NA,gene
Manes.14G107600.v8.1,Manes.14G107600,(1 of 5) PTHR10165//PTHR10165:SF80 - LIPID PHOSPHATE PHOSPHATASE // LIPID PHOSPHATE PHOSPHATASE 1-RELATED,turquoise,NA,gene
Manes.14G108000.v8.1,Manes.14G108000,(1 of 2) PTHR11785:SF367 - AMINO-ACID PERMEASE BAT1,turquoise,NA,gene
Manes.14G108200.v8.1,Manes.14G108200,,black,NA,gene
Manes.14G108600.v8.1,Manes.14G108600,(1 of 5) K16282 - E3 ubiquitin-protein ligase RHA2 [EC:6.3.2.19] (RHA2),turquoise,NA,gene
Manes.14G109200.v8.1,Manes.14G109200,(1 of 4) PTHR32212//PTHR32212:SF126 - FAMILY NOT NAMED // EMB|CAB62440.1-RELATED,turquoise,NA,gene
Manes.14G109300.v8.1,Manes.14G109300,(1 of 2) 2.7.8.8 - CDP-diacylglycerol--serine O-phosphatidyltransferase / Phosphatidylserine synthase,black,NA,gene
Manes.14G109600.v8.1,Manes.14G109600,(1 of 1) PF13324 - Grap2 and cyclin-D-interacting (GCIP),turquoise,NA,gene
Manes.14G109766.v8.1,Manes.14G109766,(1 of 4) PTHR11206:SF87 - MATE EFFLUX FAMILY PROTEIN-RELATED,turquoise,NA,gene
Manes.14G109832.v8.1,Manes.14G109832,(1 of 4) PTHR11206//PTHR11206:SF87 - MULTIDRUG RESISTANCE PROTEIN // MATE EFFLUX FAMILY PROTEIN-RELATED,turquoise,NA,gene
Manes.14G136300.v8.1,Manes.14G136300,(1 of 2) K12200 - programmed cell death 6-interacting protein (PDCD6IP; ALIX; RIM20),purple,NA,gene
Manes.14G136021.v8.1,Manes.14G136021,,purple,NA,gene
Manes.14G135400.v8.1,Manes.14G135400,(1 of 2) PTHR31419:SF2 - AUXIN EFFLUX CARRIER FAMILY PROTEIN,turquoise,NA,gene
Manes.14G135300.v8.1,Manes.14G135300,,purple,NA,gene
Manes.14G122500.v8.1,Manes.14G122500,(1 of 2) K14404 - cleavage and polyadenylation specificity factor subunit 4 (CPSF4; YTH1),black,NA,gene
Manes.14G123600.v8.1,Manes.14G123600,,turquoise,NA,gene
Manes.14G123700.v8.1,Manes.14G123700,(1 of 2) KOG1794 - N-Acetylglucosamine kinase,black,carb,gene
Manes.14G124021.v8.1,Manes.14G124021,(1 of 1) 1.1.1.31 - 3-hydroxyisobutyrate dehydrogenase,turquoise,NA,gene
Manes.14G124600.v8.1,Manes.14G124600,(1 of 3) PTHR11588//PTHR11588:SF97 - TUBULIN // TUBULIN BETA-4 CHAIN-RELATED,turquoise,NA,gene
Manes.14G125700.v8.1,Manes.14G125700,(1 of 2) K17680 - twinkle protein [EC:3.6.4.12] (PEO1),turquoise,NA,gene
Manes.14G126200.v8.1,Manes.14G126200,(1 of 1) 1.1.1.320 - Benzil reductase ((S)-benzoin forming),black,NA,gene
Manes.14G126700.v8.1,Manes.14G126700,(1 of 52) PF01535//PF13041//PF13812 - PPR repeat (PPR) // PPR repeat family (PPR_2) // Pentatricopeptide repeat domain (PPR_3),turquoise,NA,gene
Manes.14G127000.v8.1,Manes.14G127000,(1 of 2) K11086 - small nuclear ribonucleoprotein B and B' (SNRPB; SMB),turquoise,NA,gene
Manes.14G127300.v8.1,Manes.14G127300,(1 of 26) PF00069//PF00560//PF08263 - Protein kinase domain (Pkinase) // Leucine Rich Repeat (LRR_1) // Leucine rich repeat N-terminal domain (LRRNT_2),turquoise,NA,gene
Manes.14G127400.v8.1,Manes.14G127400,(1 of 52) PF01535//PF13041//PF13812 - PPR repeat (PPR) // PPR repeat family (PPR_2) // Pentatricopeptide repeat domain (PPR_3),turquoise,NA,gene
Manes.14G127600.v8.1,Manes.14G127600,(1 of 1) KOG0107//KOG4207 - Alternative splicing factor SRp20/9G8 (RRM superfamily) // Predicted splicing factor; SR protein superfamily,turquoise,NA,gene
Manes.14G128700.v8.1,Manes.14G128700,,black,NA,gene
Manes.14G129400.v8.1,Manes.14G129400,(1 of 1569) 2.7.11.1 - Non-specific serine/threonine protein kinase / Threonine-specific protein kinase,black,NA,gene
Manes.14G129528.v8.1,Manes.14G129528,(1 of 8) PF00564//PF07714 - PB1 domain (PB1) // Protein tyrosine kinase (Pkinase_Tyr),turquoise,NA,gene
Manes.14G130800.v8.1,Manes.14G130800,(1 of 1) PTHR11886//PTHR11886:SF51 - DYNEIN LIGHT CHAIN // SUBFAMILY NOT NAMED,turquoise,NA,gene
Manes.14G131300.v8.1,Manes.14G131300,(1 of 15) PF00646//PF01344 - F-box domain (F-box) // Kelch motif (Kelch_1),turquoise,NA,gene
Manes.14G131400.v8.1,Manes.14G131400,(1 of 4) K11594 - ATP-dependent RNA helicase DDX3X (DDX3X; bel),turquoise,NA,gene
Manes.14G131700.v8.1,Manes.14G131700,(1 of 3) K09518 - DnaJ homolog subfamily B member 12 (DNAJB12),turquoise,NA,gene
Manes.14G131900.v8.1,Manes.14G131900,(1 of 1) PTHR11654:SF85 - PROTEIN NRT1/ PTR FAMILY 6.2,turquoise,NA,gene
Manes.14G132400.v8.1,Manes.14G132400,(1 of 1) PTHR35703//PTHR35703:SF2 - FAMILY NOT NAMED // HEME OXYGENASE 4; CHLOROPLASTIC,turquoise,NA,gene
Manes.14G132521.v8.1,Manes.14G132521,(1 of 3) PTHR10783//PTHR10783:SF44 - XENOTROPIC AND POLYTROPIC RETROVIRUS RECEPTOR 1-RELATED // SPX DOMAIN-CONTAINING PROTEIN 1-RELATED,black,NA,gene
Manes.14G132800.v8.1,Manes.14G132800,(1 of 1) PTHR22957//PTHR22957:SF288 - TBC1 DOMAIN FAMILY MEMBER GTPASE-ACTIVATING PROTEIN // SUBFAMILY NOT NAMED,turquoise,NA,gene
Manes.14G133300.v8.1,Manes.14G133300,(1 of 4) PTHR26312//PTHR26312:SF75 - FAMILY NOT NAMED // F18B13.21 PROTEIN-RELATED,purple,NA,gene
Manes.14G133400.v8.1,Manes.14G133400,(1 of 3) PTHR10332//PTHR10332:SF35 - EQUILIBRATIVE NUCLEOSIDE TRANSPORTER // EQUILIBRATIVE NUCLEOTIDE TRANSPORTER 8,black,NA,gene
Manes.14G134000.v8.1,Manes.14G134000,(1 of 5) PTHR33021:SF55 - BLUE COPPER PROTEIN,turquoise,NA,gene
Manes.14G114700.v8.1,Manes.14G114700,(1 of 2) PTHR22951//PTHR22951:SF27 - CLATHRIN ASSEMBLY PROTEIN // SUBFAMILY NOT NAMED,turquoise,NA,gene
Manes.14G115300.v8.1,Manes.14G115300,(1 of 2) PTHR22957:SF34 - TBC1 DOMAIN FAMILY MEMBER 25,purple,NA,gene
Manes.14G115400.v8.1,Manes.14G115400,(1 of 1) PTHR23272//PTHR23272:SF39 - BED FINGER-RELATED // SUBFAMILY NOT NAMED,turquoise,NA,gene
Manes.14G117200.v8.1,Manes.14G117200,(1 of 2) PTHR11689:SF66 - CHLORIDE CHANNEL-LIKE PROTEIN CLC-G-RELATED,black,NA,gene
Manes.14G117700.v8.1,Manes.14G117700,(1 of 4) K15289 - solute carrier family 35; member F5 (SLC35F5),purple,NA,gene
Manes.14G118100.v8.1,Manes.14G118100,(1 of 1) PTHR21015//PTHR21015:SF25 - GLYCOSYLTRANSFERASE // MONOGALACTOSYLDIACYLGLYCEROL SYNTHASE 2; CHLOROPLASTIC-RELATED,turquoise,NA,gene
Manes.14G118900.v8.1,Manes.14G118900,(1 of 6) PTHR13789//PTHR13789:SF234 - MONOOXYGENASE // SUBFAMILY NOT NAMED,black,carot,gene
Manes.14G119700.v8.1,Manes.14G119700,(1 of 1) KOG2561 - Adaptor protein NUB1; contains UBA domain,purple,NA,gene
Manes.14G120700.v8.1,Manes.14G120700,,purple,NA,gene
Manes.14G120800.v8.1,Manes.14G120800,,turquoise,NA,gene
Manes.14G121200.v8.1,Manes.14G121200,(1 of 7) PF07647 - SAM domain (Sterile alpha motif) (SAM_2),turquoise,NA,gene
Manes.14G136528.v8.1,Manes.14G136528,,turquoise,NA,gene
Manes.14G137400.v8.1,Manes.14G137400,(1 of 9) KOG0001//KOG0005 - Ubiquitin and ubiquitin-like proteins // Ubiquitin-like protein,turquoise,NA,gene
Manes.14G138300.v8.1,Manes.14G138300,,black,NA,gene
Manes.14G139200.v8.1,Manes.14G139200,,turquoise,NA,gene
Manes.14G139500.v8.1,Manes.14G139500,(1 of 1) K17569 - G patch domain-containing protein 2 (GPATCH2),turquoise,NA,gene
Manes.14G139700.v8.1,Manes.14G139700,(1 of 1) PF00406//PF09353 - Adenylate kinase (ADK) // Domain of unknown function (DUF1995) (DUF1995),turquoise,NA,gene
Manes.14G139800.v8.1,Manes.14G139800,(1 of 1) PTHR23500:SF12 - SUGAR TRANSPORT PROTEIN 7,turquoise,NA,gene
Manes.14G140800.v8.1,Manes.14G140800,(1 of 1) PTHR12281:SF12 - DEFECTIVE IN CULLIN NEDDYLATION PROTEIN,turquoise,NA,gene
Manes.14G112000.v8.1,Manes.14G112000,(1 of 1) 3.4.22.38 - Cathepsin K / Cathepsin X,turquoise,NA,gene
Manes.14G111500.v8.1,Manes.14G111500,(1 of 1) KOG3113 - Uncharacterized conserved protein,black,NA,gene
Manes.14G112400.v8.1,Manes.14G112400,(1 of 1) PTHR16223//PTHR16223:SF28 - FAMILY NOT NAMED // TRANSCRIPTION FACTOR BHLH66-RELATED,turquoise,NA,gene
Manes.14G112684.v8.1,Manes.14G112684,(1 of 2) K10255 - omega-6 fatty acid desaturase (delta-12 desaturase) (FAD6; desA),turquoise,NA,gene
Manes.14G112740.v8.1,Manes.14G112740,(1 of 1) PTHR31221//PTHR31221:SF34 - FAMILY NOT NAMED // WRKY TRANSCRIPTION FACTOR 32-RELATED,turquoise,NA,gene
Manes.14G145000.v8.1,Manes.14G145000,(1 of 5) KOG1773 - Stress responsive protein,turquoise,NA,gene
Manes.14G145200.v8.1,Manes.14G145200,(1 of 16) K10268 - F-box and leucine-rich repeat protein 2/20 (FBXL2_20),turquoise,NA,gene
Manes.14G143400.v8.1,Manes.14G143400,(1 of 1) K02520 - translation initiation factor IF-3 (infC; MTIF3),turquoise,NA,gene
Manes.14G143616.v8.1,Manes.14G143616,(1 of 2) PTHR31807//PTHR31807:SF2 - FAMILY NOT NAMED // HAUS AUGMIN-LIKE COMPLEX SUBUNIT 8,turquoise,NA,gene
Manes.14G142200.v8.1,Manes.14G142200,(1 of 2) PTHR31422//PTHR31422:SF1 - FAMILY NOT NAMED // EXPRESSED PROTEIN,purple,NA,gene
Manes.14G112700.v8.1,Manes.14G112700,(1 of 1) PTHR10102//PTHR10102:SF1 - DNA-DIRECTED RNA POLYMERASE; MITOCHONDRIAL // DNA-DIRECTED RNA POLYMERASE 3; CHLOROPLASTIC,turquoise,NA,gene
Manes.14G112800.v8.1,Manes.14G112800,(1 of 207) PF01535//PF13041 - PPR repeat (PPR) // PPR repeat family (PPR_2),turquoise,NA,gene
Manes.14G113200.v8.1,Manes.14G113200,(1 of 2) K00565 - mRNA (guanine-N7-)-methyltransferase (RNMT),turquoise,NA,gene
Manes.14G113600.v8.1,Manes.14G113600,(1 of 1) K02916 - large subunit ribosomal protein L35 (RP-L35; MRPL35; rpmI),turquoise,NA,gene
Manes.14G113700.v8.1,Manes.14G113700,(1 of 1) K14305 - nuclear pore complex protein Nup43 (NUP43),turquoise,NA,gene
Manes.14G146200.v8.1,Manes.14G146200,(1 of 2) 2.7.7.60 - 2-C-methyl-D-erythritol 4-phosphate cytidylyltransferase / MEP cytidylyltransferase,turquoise,carot,gene
Manes.14G147600.v8.1,Manes.14G147600,(1 of 1) PTHR10366//PTHR10366:SF396 - NAD DEPENDENT EPIMERASE/DEHYDRATASE // SUBFAMILY NOT NAMED,turquoise,NA,gene
Manes.14G147000.v8.1,Manes.14G147000,(1 of 2) PTHR22595//PTHR22595:SF33 - CHITINASE-RELATED // SUBFAMILY NOT NAMED,turquoise,NA,gene
Manes.14G147200.v8.1,Manes.14G147200,,turquoise,NA,gene
Manes.14G147300.v8.1,Manes.14G147300,(1 of 2) PTHR11638:SF94 - HEAT SHOCK PROTEIN 104,turquoise,NA,gene
Manes.14G150100.v8.1,Manes.14G150100,(1 of 1) PTHR12818//PTHR12818:SF0 - UNCHARACTERIZED // NEF-ASSOCIATED PROTEIN 1,turquoise,NA,gene
Manes.14G150200.v8.1,Manes.14G150200,(1 of 1) PTHR12169:SF6 - LACTATION ELEVATED PROTEIN 1,turquoise,carb,gene
Manes.14G151300.v8.1,Manes.14G151300,(1 of 43) PF05553 - Cotton fibre expressed protein (DUF761),black,NA,gene
Manes.14G152800.v8.1,Manes.14G152800,(1 of 1) PTHR13271//PTHR13271:SF37 - UNCHARACTERIZED PUTATIVE METHYLTRANSFERASE // SUBFAMILY NOT NAMED,turquoise,NA,gene
Manes.14G153300.v8.1,Manes.14G153300,,black,NA,gene
Manes.14G153700.v8.1,Manes.14G153700,(1 of 1) KOG2398 - Predicted proline-serine-threonine phosphatase-interacting protein (PSTPIP),turquoise,NA,gene
Manes.14G153800.v8.1,Manes.14G153800,(1 of 1) 3.1.3.21 - Glycerol-1-phosphatase,turquoise,NA,gene
Manes.14G152700.v8.1,Manes.14G152700,(1 of 2) 1.1.1.183 - Geraniol dehydrogenase (NADP(+)),turquoise,NA,gene
Manes.14G155500.v8.1,Manes.14G155500,,turquoise,NA,gene
Manes.14G155900.v8.1,Manes.14G155900,(1 of 3) PTHR24413:SF124 - REGULATORY PROTEIN NPR3-RELATED,turquoise,NA,gene
Manes.14G156601.v8.1,Manes.14G156601,(1 of 6) K17710 - pentatricopeptide repeat domain-containing protein 1 (PTCD1),turquoise,NA,gene
Manes.14G157474.v8.1,Manes.14G157474,(1 of 1) PTHR11178//PTHR11178:SF25 - IRON-SULFUR CLUSTER SCAFFOLD PROTEIN NFU-RELATED // NIFU-LIKE PROTEIN 3; CHLOROPLASTIC,turquoise,NA,gene
Manes.14G157747.v8.1,Manes.14G157747,(1 of 207) PF01535//PF13041 - PPR repeat (PPR) // PPR repeat family (PPR_2),black,NA,gene
Manes.14G158202.v8.1,Manes.14G158202,,turquoise,NA,gene
Manes.14G158839.v8.1,Manes.14G158839,(1 of 21) PF04783 - Protein of unknown function (DUF630) (DUF630),black,NA,gene
Manes.14G158930.v8.1,Manes.14G158930,(1 of 1) PTHR12725//PTHR12725:SF63 - HALOACID DEHALOGENASE-LIKE HYDROLASE // ALPHA-D-GLUCOSE-1-PHOSPHATE PHOSPHATASE YIHX,turquoise,NA,gene
Manes.14G159400.v8.1,Manes.14G159400,(1 of 1) K13105 - proline-rich protein PRCC (PRCC),turquoise,NA,gene
Manes.14G159300.v8.1,Manes.14G159300,,turquoise,NA,gene
Manes.14G158300.v8.1,Manes.14G158300,(1 of 1) PTHR12628//PTHR12628:SF10 - POLYCOMB-LIKE TRANSCRIPTION FACTOR // POLYCOMB PROTEIN PCL,turquoise,NA,gene
Manes.14G159800.v8.1,Manes.14G159800,(1 of 6) K17964 - leucine-rich PPR motif-containing protein; mitochondrial (LRPPRC),turquoise,NA,gene
Manes.14G161700.v8.1,Manes.14G161700,(1 of 3) K07942 - ADP-ribosylation factor-like protein 1 (ARL1),turquoise,NA,gene
Manes.14G160001.v8.1,Manes.14G160001,(1 of 15) PF09335 - SNARE associated Golgi protein (SNARE_assoc),turquoise,NA,gene
Manes.14G160600.v8.1,Manes.14G160600,(1 of 207) PF01535//PF13041 - PPR repeat (PPR) // PPR repeat family (PPR_2),turquoise,NA,gene
Manes.14G165900.v8.1,Manes.14G165900,(1 of 7) PTHR24177:SF42 - ANKYRIN REPEAT FAMILY PROTEIN,turquoise,NA,gene
Manes.14G165700.v8.1,Manes.14G165700,,turquoise,NA,gene
Manes.14G162600.v8.1,Manes.14G162600,(1 of 16) K01537 - Ca2+-transporting ATPase (E3.6.3.8),purple,NA,gene
Manes.14G163900.v8.1,Manes.14G163900,(1 of 1) PTHR33405//PTHR33405:SF4 - FAMILY NOT NAMED // PROTEIN FLX-LIKE 4,turquoise,NA,gene
Manes.14G164000.v8.1,Manes.14G164000,,turquoise,NA,gene
Manes.14G165200.v8.1,Manes.14G165200,(1 of 1) 2.1.1.214 - tRNA (guanine(10)-N(2))-methyltransferase,turquoise,NA,gene
Manes.14G165300.v8.1,Manes.14G165300,(1 of 7) PF13191 - AAA ATPase domain (AAA_16),turquoise,NA,gene
Manes.14G166201.v8.1,Manes.14G166201,(1 of 1) PTHR36080//PTHR36080:SF1 - FAMILY NOT NAMED // DBJ|BAA96220.1,turquoise,NA,gene
Manes.14G166900.v8.1,Manes.14G166900,(1 of 2) 2.7.7.60 - 2-C-methyl-D-erythritol 4-phosphate cytidylyltransferase / MEP cytidylyltransferase,turquoise,carot,gene
Manes.14G168100.v8.1,Manes.14G168100,,turquoise,NA,gene
Manes.14G168500.v8.1,Manes.14G168500,(1 of 1) K12861 - pre-mRNA-splicing factor SPF27 (BCAS2),turquoise,NA,gene
Manes.14G168700.v8.1,Manes.14G168700,(1 of 2) K14753 - guanine nucleotide-binding protein subunit beta-2-like 1 protein (RACK1),turquoise,NA,gene
Manes.14G168900.v8.1,Manes.14G168900,(1 of 1) PTHR11903:SF12 - ALPHA-DIOXYGENASE 2,black,NA,gene
Manes.14G169600.v8.1,Manes.14G169600,(1 of 86) PTHR23155//PTHR23155:SF563 - LEUCINE-RICH REPEAT-CONTAINING PROTEIN // SUBFAMILY NOT NAMED,turquoise,NA,gene
Manes.14G170100.v8.1,Manes.14G170100,(1 of 2) PTHR23257:SF466 - MAPKKK-LIKE KINASE-RELATED,turquoise,NA,gene
Manes.14G170200.v8.1,Manes.14G170200,(1 of 1) PTHR10516//PTHR10516:SF308 - PEPTIDYL-PROLYL CIS-TRANS ISOMERASE // PEPTIDYL-PROLYL CIS-TRANS ISOMERASE FKBP17-2; CHLOROPLASTIC-RELATED,turquoise,NA,gene
Manes.14G170400.v8.1,Manes.14G170400,(1 of 1) PTHR13815//PTHR13815:SF6 - GOLGIN-84 // GOLGIN CANDIDATE 2,turquoise,NA,gene
Manes.14G171400.v8.1,Manes.14G171400,(1 of 4) 3.5.1.4 - Amidase / Acylase,turquoise,NA,gene
Manes.14G172600.v8.1,Manes.14G172600,(1 of 1569) 2.7.11.1 - Non-specific serine/threonine protein kinase / Threonine-specific protein kinase,turquoise,NA,gene
Manes.14G172800.v8.1,Manes.14G172800,(1 of 2) PTHR12701//PTHR12701:SF20 - BCR-ASSOCIATED PROTEIN; BAP // GENOMIC DNA; CHROMOSOME 3; P1 CLONE: MIG5,purple,NA,gene
Manes.14G173000.v8.1,Manes.14G173000,(1 of 2) PTHR10218//PTHR10218:SF192 - GTP-BINDING PROTEIN ALPHA SUBUNIT // EXTRA-LARGE GUANINE NUCLEOTIDE-BINDING PROTEIN 3,turquoise,NA,gene
Manes.14G173900.v8.1,Manes.14G173900,,turquoise,NA,gene
Manes.14G174500.v8.1,Manes.14G174500,(1 of 6) 1.8.7.2 - Ferredoxin:thioredoxin reductase,turquoise,NA,gene
Manes.15G004000.v8.1,Manes.15G004000,(1 of 1) K17601 - WD repeat-containing protein 81 (WDR81),turquoise,NA,gene
Manes.15G003300.v8.1,Manes.15G003300,(1 of 2) PTHR12357//PTHR12357:SF22 - YTH  YT521-B HOMOLOGY  DOMAIN-CONTAINING // SUBFAMILY NOT NAMED,turquoise,NA,gene
Manes.15G001500.v8.1,Manes.15G001500,(1 of 3) PTHR24012//PTHR24012:SF382 - FAMILY NOT NAMED // FLOWERING TIME CONTROL PROTEIN FCA-RELATED,turquoise,NA,gene
Manes.15G000200.v8.1,Manes.15G000200,(1 of 1) KOG0192//KOG0580 - Tyrosine kinase specific for activated (GTP-bound) p21cdc42Hs // Serine/threonine protein kinase,turquoise,NA,gene
Manes.15G004800.v8.1,Manes.15G004800,(1 of 1) PTHR11699//PTHR11699:SF25 - ALDEHYDE DEHYDROGENASE-RELATED // ALDEHYDE DEHYDROGENASE-LIKE PROTEIN YHR039C-RELATED,turquoise,NA,gene
Manes.15G005100.v8.1,Manes.15G005100,(1 of 79) PF03514 - GRAS domain family (GRAS),black,NA,gene
Manes.15G005300.v8.1,Manes.15G005300,(1 of 2) K11797 - PH-interacting protein (PHIP; WDR11),turquoise,NA,gene
Manes.15G005600.v8.1,Manes.15G005600,(1 of 2) K17491 - protein phosphatase 4 regulatory subunit 3 (SMEK; PPP4R3),turquoise,NA,gene
Manes.15G005900.v8.1,Manes.15G005900,(1 of 6) K07953 - GTP-binding protein SAR1 (SAR1),turquoise,NA,gene
Manes.15G006900.v8.1,Manes.15G006900,,turquoise,NA,gene
Manes.15G007400.v8.1,Manes.15G007400,(1 of 2) PTHR26402//PTHR26402:SF617 - RESPONSE REGULATOR OF TWO-COMPONENT SYSTEM // TWO-COMPONENT RESPONSE REGULATOR ARR1-RELATED,turquoise,NA,gene
Manes.15G007500.v8.1,Manes.15G007500,(1 of 2) PTHR31875//PTHR31875:SF6 - FAMILY NOT NAMED // PROTEIN DEHYDRATION-INDUCED 19 HOMOLOG 4-RELATED,black,NA,gene
Manes.15G007600.v8.1,Manes.15G007600,(1 of 9) PF05623 - Protein of unknown function (DUF789) (DUF789),turquoise,NA,gene
Manes.15G007700.v8.1,Manes.15G007700,(1 of 49) PF00407 - Pathogenesis-related protein Bet v I family (Bet_v_1),turquoise,NA,gene
Manes.15G008000.v8.1,Manes.15G008000,(1 of 49) PF00407 - Pathogenesis-related protein Bet v I family (Bet_v_1),turquoise,NA,gene
Manes.15G008100.v8.1,Manes.15G008100,(1 of 49) PF00407 - Pathogenesis-related protein Bet v I family (Bet_v_1),turquoise,NA,gene
Manes.15G009200.v8.1,Manes.15G009200,(1 of 2) PTHR21493//PTHR21493:SF121 - CGI-141-RELATED/LIPASE CONTAINING PROTEIN // LIPASE CLASS 3 FAMILY PROTEIN,turquoise,NA,gene
Manes.15G010200.v8.1,Manes.15G010200,(1 of 1) PTHR31346//PTHR31346:SF1 - FAMILY NOT NAMED // MULTIPLE ORGANELLAR RNA EDITING FACTOR 3,turquoise,NA,gene
Manes.15G011300.v8.1,Manes.15G011300,(1 of 3) PTHR10791//PTHR10791:SF29 - RAG1-ACTIVATING PROTEIN 1 // BIDIRECTIONAL SUGAR TRANSPORTER SWEET16-RELATED,turquoise,NA,gene
Manes.15G011700.v8.1,Manes.15G011700,(1 of 4) KOG1727 - Microtubule-binding protein (translationally controlled tumor protein),turquoise,NA,gene
Manes.15G013200.v8.1,Manes.15G013200,(1 of 2) K07565 - 60S ribosome subunit biogenesis protein NIP7 (NIP7),turquoise,NA,gene
Manes.15G014000.v8.1,Manes.15G014000,(1 of 2) 1.14.11.31//1.14.11.32 - Thebaine 6-O-demethylase // Codeine 3-O-demethylase / Codeine O-demethylase,turquoise,NA,gene
Manes.15G014100.v8.1,Manes.15G014100,(1 of 80) PF01535//PF13041//PF14432 - PPR repeat (PPR) // PPR repeat family (PPR_2) // DYW family of nucleic acid deaminases (DYW_deaminase),turquoise,NA,gene
Manes.15G014400.v8.1,Manes.15G014400,(1 of 1) PTHR21689:SF2 - PROTEIN LIN-9 HOMOLOG,turquoise,NA,gene
Manes.15G014500.v8.1,Manes.15G014500,(1 of 2) PTHR12506:SF27 - ZINC FINGER CCCH DOMAIN-CONTAINING PROTEIN 34-RELATED,turquoise,NA,gene
Manes.15G015200.v8.1,Manes.15G015200,(1 of 1) K10631 - E3 ubiquitin-protein ligase Topors [EC:6.3.2.19] (TOPORS),turquoise,NA,gene
Manes.15G015300.v8.1,Manes.15G015300,(1 of 1) PTHR12558:SF8 - ANAPHASE-PROMOTING COMPLEX SUBUNIT 7,turquoise,NA,gene
Manes.15G015900.v8.1,Manes.15G015900,(1 of 2) PTHR21493//PTHR21493:SF106 - CGI-141-RELATED/LIPASE CONTAINING PROTEIN // SUBFAMILY NOT NAMED,turquoise,NA,gene
Manes.15G016100.v8.1,Manes.15G016100,(1 of 2) PTHR21319//PTHR21319:SF5 - RING FINGER AND CHY ZINC FINGER DOMAIN-CONTAINING PROTEIN 1 // SUBFAMILY NOT NAMED,black,NA,gene
Manes.15G016600.v8.1,Manes.15G016600,(1 of 166) PF00646 - F-box domain (F-box),black,NA,gene
Manes.15G018300.v8.1,Manes.15G018300,,turquoise,NA,gene
Manes.15G019100.v8.1,Manes.15G019100,(1 of 2) PTHR31251//PTHR31251:SF2 - FAMILY NOT NAMED // SQUAMOSA PROMOTER-BINDING-LIKE PROTEIN 7,turquoise,NA,gene
Manes.15G019600.v8.1,Manes.15G019600,(1 of 1) PTHR10869//PTHR10869:SF64 - PROLYL 4-HYDROXYLASE ALPHA SUBUNIT // OXIDOREDUCTASE; 2OG-FE(II) OXYGENASE FAMILY PROTEIN-RELATED,turquoise,NA,gene
Manes.15G019800.v8.1,Manes.15G019800,(1 of 5) PF15365 - Proline-rich nuclear receptor coactivator (PNRC),turquoise,NA,gene
Manes.15G020200.v8.1,Manes.15G020200,(1 of 3) 1.8.4.12 - Peptide-methionine (R)-S-oxide reductase / Selenoprotein R,turquoise,NA,gene
Manes.15G020300.v8.1,Manes.15G020300,(1 of 2) PTHR13832:SF267 - PROTEIN PHOSPHATASE 1K; MITOCHONDRIAL,turquoise,NA,gene
Manes.15G020600.v8.1,Manes.15G020600,(1 of 2) K02936//K08272 - large subunit ribosomal protein L7Ae (RP-L7Ae; RPL7A) // calcium binding protein 39 (CAB39; MO25),turquoise,NA,gene
Manes.15G020800.v8.1,Manes.15G020800,(1 of 1) PTHR23291//PTHR23291:SF45 - BAX INHIBITOR-RELATED // SUBFAMILY NOT NAMED,turquoise,NA,gene
Manes.15G021800.v8.1,Manes.15G021800,(1 of 63) PF00651 - BTB/POZ domain (BTB),turquoise,NA,gene
Manes.15G023100.v8.1,Manes.15G023100,(1 of 6) KOG3140 - Predicted membrane protein,purple,NA,gene
Manes.15G023300.v8.1,Manes.15G023300,(1 of 2) PTHR22996//PTHR22996:SF4 - MAHOGUNIN // E3 UBIQUITIN-PROTEIN LIGASE LUL3-RELATED,turquoise,NA,gene
Manes.15G023800.v8.1,Manes.15G023800,(1 of 5) 3.1.3.16//3.1.3.48 - Protein-serine/threonine phosphatase / Serine/threonine specific protein phosphatase // Protein-tyrosine-phosphatase / PTPase,turquoise,NA,gene
Manes.15G024600.v8.1,Manes.15G024600,(1 of 2) K10686 - ubiquitin-activating enzyme E1 C (UBE1C; UBA3),turquoise,NA,gene
Manes.15G025600.v8.1,Manes.15G025600,(1 of 4) K13354 - solute carrier family 25 (peroxisomal adenine nucleotide transporter); member 17 (SLC25A17; PMP34),black,NA,gene
Manes.15G025800.v8.1,Manes.15G025800,(1 of 3) K01090 - protein phosphatase (E3.1.3.16),turquoise,NA,gene
Manes.15G026000.v8.1,Manes.15G026000,(1 of 2) PTHR10799//PTHR10799:SF640 - SWI/SNF-RELATED MATRIX-ASSOCIATED ACTIN-DEPENDENT REGULATOR OF CHROMATIN SUBFAMILY-RELATED // NUCLEAR PROTEIN STH1/NPS1,turquoise,NA,gene
Manes.15G026400.v8.1,Manes.15G026400,(1 of 3) PTHR23315:SF84 - ANKYRIN AND ARMADILLO REPEAT-CONTAINING PROTEIN,turquoise,NA,gene
Manes.15G026500.v8.1,Manes.15G026500,(1 of 2) PTHR34798//PTHR34798:SF2 - FAMILY NOT NAMED // PROTEIN TIME FOR COFFEE,turquoise,NA,gene
Manes.15G026900.v8.1,Manes.15G026900,(1 of 3) PTHR24096:SF221 - PROTEIN ACS-13; ISOFORM C,turquoise,NA,gene
Manes.15G027700.v8.1,Manes.15G027700,(1 of 1) 1.13.11.12//1.13.11.58 - Linoleate 13S-lipoxygenase / Lipoxidase // Linoleate 9S-lipoxygenase / Linoleate 9-lipoxygenase,turquoise,NA,gene
Manes.15G029000.v8.1,Manes.15G029000,(1 of 2) PTHR24098//PTHR24098:SF10 - FAMILY NOT NAMED // ACYL-COA N-ACYLTRANSFERASE WITH RING/FYVE/PHD-TYPE ZINC FINGER PROTEIN-RELATED,turquoise,NA,gene
Manes.15G029200.v8.1,Manes.15G029200,(1 of 3) PTHR31791:SF2 - FRIGIDA-LIKE PROTEIN 4A-RELATED,turquoise,NA,gene
Manes.15G029500.v8.1,Manes.15G029500,(1 of 80) PF01535//PF13041//PF14432 - PPR repeat (PPR) // PPR repeat family (PPR_2) // DYW family of nucleic acid deaminases (DYW_deaminase),turquoise,NA,gene
Manes.15G030400.v8.1,Manes.15G030400,(1 of 1) K15175 - parafibromin (CDC73),turquoise,NA,gene
Manes.15G030500.v8.1,Manes.15G030500,(1 of 2) PTHR33044:SF23 - BIFUNCTIONAL INHIBITOR/LIPID-TRANSFER PROTEIN/SEED STORAGE 2S ALBUMIN SUPERFAMILY PROTEIN-RELATED,turquoise,NA,gene
Manes.15G031100.v8.1,Manes.15G031100,(1 of 2) PTHR11200:SF174 - POLYPHOSPHATE 5'-PHOSPHATASE-RELATED,turquoise,NA,gene
Manes.15G032100.v8.1,Manes.15G032100,(1 of 2) PTHR11814//PTHR11814:SF106 - SULFATE TRANSPORTER // SUBFAMILY NOT NAMED,turquoise,NA,gene
Manes.15G032400.v8.1,Manes.15G032400,(1 of 2) PTHR31351//PTHR31351:SF4 - FAMILY NOT NAMED // GENOMIC DNA; CHROMOSOME 3; P1 CLONE: MWI23-RELATED,turquoise,NA,gene
Manes.15G032900.v8.1,Manes.15G032900,(1 of 2) PTHR10015:SF139 - HEAT STRESS TRANSCRIPTION FACTOR A-6A-RELATED,turquoise,NA,gene
Manes.15G035000.v8.1,Manes.15G035000,(1 of 5) PTHR31561:SF25 - 3-KETOACYL-COA SYNTHASE 17-RELATED,turquoise,NA,gene
Manes.15G035200.v8.1,Manes.15G035200,(1 of 2) PTHR24343//PTHR24343:SF102 - SERINE/THREONINE KINASE // CBL-INTERACTING SERINE/THREONINE-PROTEIN KINASE 7,purple,NA,gene
Manes.15G035800.v8.1,Manes.15G035800,(1 of 2) KOG4484 - Uncharacterized conserved protein,turquoise,NA,gene
Manes.15G036100.v8.1,Manes.15G036100,(1 of 5) PTHR31734:SF11 - AUXIN-RESPONSIVE PROTEIN IAA1-RELATED,black,NA,gene
Manes.15G036300.v8.1,Manes.15G036300,(1 of 1) PTHR11141//PTHR11141:SF4 - PROTEIN TRANSPORT PROTEIN SEC23 // SUBFAMILY NOT NAMED,turquoise,NA,gene
Manes.15G036900.v8.1,Manes.15G036900,(1 of 4) PTHR31153//PTHR31153:SF3 - UNCHARACTERIZED // HISTONE H1FLK-LIKE PROTEIN-RELATED,black,NA,gene
Manes.15G037500.v8.1,Manes.15G037500,(1 of 26) PF00917 - MATH domain (MATH),turquoise,NA,gene
Manes.15G038600.v8.1,Manes.15G038600,(1 of 4) PF05514 - HR-like lesion-inducing (HR_lesion),turquoise,NA,gene
Manes.15G038950.v8.1,Manes.15G038950,(1 of 2) PTHR10209//PTHR10209:SF135 - OXIDOREDUCTASE; 2OG-FE II  OXYGENASE FAMILY PROTEIN // SUBFAMILY NOT NAMED,purple,NA,gene
Manes.15G039400.v8.1,Manes.15G039400,(1 of 3) PTHR14155//PTHR14155:SF178 - RING FINGER DOMAIN-CONTAINING // SUBFAMILY NOT NAMED,turquoise,NA,gene
Manes.15G040100.v8.1,Manes.15G040100,(1 of 12) K06269 - serine/threonine-protein phosphatase PP1 catalytic subunit (PPP1C),turquoise,NA,gene
Manes.15G040600.v8.1,Manes.15G040600,(1 of 3) PTHR11913:SF20 - ACTIN-DEPOLYMERIZING FACTOR 6,black,NA,gene
Manes.15G041400.v8.1,Manes.15G041400,(1 of 3) PTHR24188//PTHR24188:SF44 - ANKYRIN REPEAT PROTEIN // E3 UBIQUITIN-PROTEIN LIGASE XBAT35-RELATED,turquoise,NA,gene
Manes.15G041700.v8.1,Manes.15G041700,(1 of 2) PTHR24356//PTHR24356:SF208 - SERINE/THREONINE-PROTEIN KINASE // SUBFAMILY NOT NAMED,turquoise,NA,gene
Manes.15G041900.v8.1,Manes.15G041900,(1 of 80) PF01535//PF13041//PF14432 - PPR repeat (PPR) // PPR repeat family (PPR_2) // DYW family of nucleic acid deaminases (DYW_deaminase),turquoise,NA,gene
Manes.15G042800.v8.1,Manes.15G042800,(1 of 2) PTHR10219//PTHR10219:SF36 - GLYCOLIPID TRANSFER PROTEIN-RELATED // SUBFAMILY NOT NAMED,turquoise,NA,gene
Manes.15G043500.v8.1,Manes.15G043500,(1 of 2) PTHR10783:SF53 - PHOSPHATE TRANSPORTER PHO1,turquoise,NA,gene
Manes.15G043600.v8.1,Manes.15G043600,(1 of 3) K13347 - peroxisomal membrane protein 2 (PXMP2; PMP22),turquoise,NA,gene
Manes.15G043700.v8.1,Manes.15G043700,(1 of 3) PTHR23083//PTHR23083:SF444 - TETRATRICOPEPTIDE REPEAT PROTEIN; TPR // SUBFAMILY NOT NAMED,turquoise,NA,gene
Manes.15G044100.v8.1,Manes.15G044100,(1 of 11) K14411 - RNA-binding protein Musashi (MSI),turquoise,NA,gene
Manes.15G045000.v8.1,Manes.15G045000,(1 of 8) PF03767 - HAD superfamily; subfamily IIIB (Acid phosphatase) (Acid_phosphat_B),turquoise,NA,gene
Manes.15G046300.v8.1,Manes.15G046300,(1 of 3) K01703 - 3-isopropylmalate/(R)-2-methylmalate dehydratase large subunit (leuC),turquoise,NA,gene
Manes.15G047100.v8.1,Manes.15G047100,(1 of 2) PTHR31585:SF12 - FOLATE-BIOPTERIN TRANSPORTER 8; CHLOROPLASTIC-RELATED,turquoise,NA,gene
Manes.15G047200.v8.1,Manes.15G047200,(1 of 1) PTHR19288//PTHR19288:SF38 - 4-NITROPHENYLPHOSPHATASE-RELATED // SUBFAMILY NOT NAMED,turquoise,NA,gene
Manes.15G047700.v8.1,Manes.15G047700,(1 of 7) K01177 - beta-amylase (E3.2.1.2),black,carb,gene
Manes.15G047900.v8.1,Manes.15G047900,(1 of 1) PTHR13140//PTHR13140:SF391 - MYOSIN // MYOSIN-10-RELATED,turquoise,NA,gene
Manes.15G048300.v8.1,Manes.15G048300,(1 of 1) PTHR22844//PTHR22844:SF163 - F-BOX AND WD40 DOMAIN PROTEIN // SUBFAMILY NOT NAMED,turquoise,NA,gene
Manes.15G049300.v8.1,Manes.15G049300,(1 of 26) PF00069//PF00560//PF08263 - Protein kinase domain (Pkinase) // Leucine Rich Repeat (LRR_1) // Leucine rich repeat N-terminal domain (LRRNT_2),turquoise,NA,gene
Manes.15G049400.v8.1,Manes.15G049400,(1 of 2) PTHR10071//PTHR10071:SF173 - TRANSCRIPTION FACTOR GATA  GATA BINDING FACTOR // SUBFAMILY NOT NAMED,black,NA,gene
Manes.15G050825.v8.1,Manes.15G050825,(1 of 1) K01687 - dihydroxy-acid dehydratase (ilvD),turquoise,NA,gene
Manes.15G051384.v8.1,Manes.15G051384,(1 of 7) K08511 - vesicle-associated membrane protein 72 (ATVAMP72),black,NA,gene
Manes.15G051466.v8.1,Manes.15G051466,(1 of 1) K11269 - chromosome transmission fidelity protein 18 (CTF18; CHL12),turquoise,NA,gene
Manes.15G051715.v8.1,Manes.15G051715,(1 of 4) 3.2.1.45 - Glucosylceramidase / D-glucosyl-N-acylsphingosine glucohydrolase,turquoise,NA,gene
Manes.15G051800.v8.1,Manes.15G051800,(1 of 3) K00383 - glutathione reductase (NADPH) (GSR; gor),turquoise,NA,gene
Manes.15G051900.v8.1,Manes.15G051900,(1 of 1) 3.4.17.14 - Zinc D-Ala-D-Ala carboxypeptidase / Zn(2+) G peptidase,turquoise,NA,gene
Manes.15G053300.v8.1,Manes.15G053300,(1 of 2) PTHR31499:SF6 - MYB FAMILY TRANSCRIPTION FACTOR-RELATED,turquoise,NA,gene
Manes.15G053400.v8.1,Manes.15G053400,(1 of 1) PF13202//PF13499//PF13833 - EF hand (EF-hand_5) // EF-hand domain pair (EF-hand_7) // EF-hand domain pair (EF-hand_8),turquoise,NA,gene
Manes.15G053700.v8.1,Manes.15G053700,(1 of 21) PF04576 - Zein-binding (Zein-binding),purple,NA,gene
Manes.15G054800.v8.1,Manes.15G054800,(1 of 6) K03231 - elongation factor 1-alpha (EEF1A),turquoise,NA,gene
Manes.15G054900.v8.1,Manes.15G054900,(1 of 6) K03231 - elongation factor 1-alpha (EEF1A),turquoise,NA,gene
Manes.15G055100.v8.1,Manes.15G055100,(1 of 207) PF01535//PF13041 - PPR repeat (PPR) // PPR repeat family (PPR_2),turquoise,NA,gene
Manes.15G055600.v8.1,Manes.15G055600,(1 of 4) K13456 - RPM1-interacting protein 4 (RIN4),turquoise,NA,gene
Manes.15G056400.v8.1,Manes.15G056400,,turquoise,NA,gene
Manes.15G056600.v8.1,Manes.15G056600,(1 of 2) PTHR10366//PTHR10366:SF431 - NAD DEPENDENT EPIMERASE/DEHYDRATASE // UDP-GLUCURONATE 4-EPIMERASE 6,turquoise,NA,gene
Manes.15G057000.v8.1,Manes.15G057000,(1 of 2) 3.3.1.1 - Adenosylhomocysteinase / SAHase,turquoise,NA,gene
Manes.15G057200.v8.1,Manes.15G057200,(1 of 1) PTHR10015//PTHR10015:SF157 - HEAT SHOCK TRANSCRIPTION FACTOR // HEAT STRESS TRANSCRIPTION FACTOR A-5,turquoise,NA,gene
Manes.15G058400.v8.1,Manes.15G058400,(1 of 4) PTHR24351//PTHR24351:SF87 - RIBOSOMAL PROTEIN S6 KINASE // SUBFAMILY NOT NAMED,turquoise,NA,gene
Manes.15G058500.v8.1,Manes.15G058500,(1 of 2) PTHR31902//PTHR31902:SF1 - FAMILY NOT NAMED // ACTIN PATCHES DISTAL PROTEIN 1,turquoise,NA,gene
Manes.15G058600.v8.1,Manes.15G058600,(1 of 16) PF05701 - Weak chloroplast movement under blue light (WEMBL),turquoise,NA,gene
Manes.15G059000.v8.1,Manes.15G059000,(1 of 1) PTHR11254:SF291 - E3 UBIQUITIN-PROTEIN LIGASE HUWE1,turquoise,NA,gene
Manes.15G059200.v8.1,Manes.15G059200,(1 of 1) K09537 - DnaJ homolog subfamily C member 17 (DNAJC17),turquoise,NA,gene
Manes.15G059700.v8.1,Manes.15G059700,(1 of 9) 3.6.1.13//3.6.1.22//3.6.1.53 - ADP-ribose diphosphatase / ADPR-PPase // NAD(+) diphosphatase / NADP pyrophosphatase // Mn(2+)-dependent ADP-ribose/CDP-alcohol diphosphatase / Mn(2+)-dependent ADP-ribose/CDP-alcohol pyrophosphatase,turquoise,NA,gene
Manes.15G060800.v8.1,Manes.15G060800,(1 of 1) 4.2.1.22 - Cystathionine beta-synthase / Serine sulfhydrase,turquoise,NA,gene
Manes.15G062300.v8.1,Manes.15G062300,(1 of 27) 1.14.13.121 - Premnaspirodiene oxygenase / Hyoscymus muticus premnaspirodiene oxygenase,turquoise,NA,gene
Manes.15G063700.v8.1,Manes.15G063700,(1 of 1) PTHR31791//PTHR31791:SF13 - FAMILY NOT NAMED // FRIGIDA-LIKE PROTEIN 5,turquoise,NA,gene
Manes.15G063800.v8.1,Manes.15G063800,(1 of 2) PTHR13902//PTHR13902:SF44 - SERINE/THREONINE-PROTEIN KINASE WNK  WITH NO LYSINE -RELATED // SERINE/THREONINE-PROTEIN KINASE WNK11-RELATED,turquoise,NA,gene
Manes.15G064100.v8.1,Manes.15G064100,(1 of 108) PF00168 - C2 domain (C2),purple,NA,gene
Manes.15G064400.v8.1,Manes.15G064400,(1 of 5) K08272 - calcium binding protein 39 (CAB39; MO25),purple,NA,gene
Manes.15G065700.v8.1,Manes.15G065700,(1 of 2) K15423 - serine/threonine-protein phosphatase 4 catalytic subunit (PPP4C),turquoise,NA,gene
Manes.15G065900.v8.1,Manes.15G065900,(1 of 3) PTHR10504//PTHR10504:SF73 - BACTERICIDAL PERMEABILITY-INCREASING  BPI  PROTEIN-RELATED // PROTEIN C05C9.1,turquoise,NA,gene
Manes.15G066200.v8.1,Manes.15G066200,(1 of 2) PTHR19321//PTHR19321:SF11 - PROTEIN REGULATOR OF CYTOKINESIS 1 PRC1-RELATED // SUBFAMILY NOT NAMED,black,NA,gene
Manes.15G066300.v8.1,Manes.15G066300,(1 of 1) PTHR13773//PTHR13773:SF10 - PHOSPHATIDATE CYTIDYLYLTRANSFERASE // PHOSPHATIDATE CYTIDYLYLTRANSFERASE,black,NA,gene
Manes.15G067700.v8.1,Manes.15G067700,(1 of 4) 2.7.7.69 - GDP-L-galactose phosphorylase,turquoise,NA,gene
Manes.15G068100.v8.1,Manes.15G068100,(1 of 3) K12606 - CCR4-NOT transcription complex subunit 9 (RCD1; CNOT9; CAF40),turquoise,NA,gene
Manes.15G068900.v8.1,Manes.15G068900,(1 of 7) 3.4.23.40 - Phytepsin,turquoise,NA,gene
Manes.15G069600.v8.1,Manes.15G069600,(1 of 4) PTHR24351//PTHR24351:SF87 - RIBOSOMAL PROTEIN S6 KINASE // SUBFAMILY NOT NAMED,turquoise,NA,gene
Manes.15G070100.v8.1,Manes.15G070100,(1 of 3) K18270 - Rab3 GTPase-activating protein catalytic subunit (RAB3GAP1),turquoise,NA,gene
Manes.15G071500.v8.1,Manes.15G071500,(1 of 2) PTHR10388//PTHR10388:SF16 - EUKARYOTIC TRANSLATION INITIATION FACTOR SUI1 // SUBFAMILY NOT NAMED,turquoise,NA,gene
Manes.15G071600.v8.1,Manes.15G071600,(1 of 4) PTHR24349:SF89 - CALCIUM-DEPENDENT PROTEIN KINASE 29,black,NA,gene
Manes.15G071900.v8.1,Manes.15G071900,(1 of 1) K13719 - ubiquitin thioesterase OTU1 (OTU1; YOD1),turquoise,NA,gene
Manes.15G072300.v8.1,Manes.15G072300,(1 of 2) PTHR19375//PTHR19375:SF230 - HEAT SHOCK PROTEIN 70KDA // SUBFAMILY NOT NAMED,turquoise,NA,gene
Manes.15G072400.v8.1,Manes.15G072400,(1 of 1) PTHR10434//PTHR10434:SF17 - 1-ACYL-SN-GLYCEROL-3-PHOSPHATE ACYLTRANSFERASE // SUBFAMILY NOT NAMED,turquoise,NA,gene
Manes.15G072500.v8.1,Manes.15G072500,(1 of 1) PTHR34682//PTHR34682:SF1 - FAMILY NOT NAMED // AT HOOK MOTIF-CONTAINING PROTEIN,turquoise,NA,gene
Manes.15G073600.v8.1,Manes.15G073600,(1 of 2) PTHR31355:SF7 - MICROTUBULE-ASSOCIATED PROTEIN SPIRAL2-LIKE-RELATED,turquoise,NA,gene
Manes.15G074800.v8.1,Manes.15G074800,(1 of 1) K19025 - AP-5 complex subunit zeta-1 (AP5Z1; SPG48),turquoise,NA,gene
Manes.15G075400.v8.1,Manes.15G075400,(1 of 2) PTHR22957//PTHR22957:SF276 - TBC1 DOMAIN FAMILY MEMBER GTPASE-ACTIVATING PROTEIN // SUBFAMILY NOT NAMED,turquoise,NA,gene
Manes.15G075700.v8.1,Manes.15G075700,(1 of 5) K03113 - translation initiation factor 1 (EIF1; SUI1),turquoise,NA,gene
Manes.15G076800.v8.1,Manes.15G076800,(1 of 2) PTHR13268//PTHR13268:SF1 - BREAST CARCINOMA AMPLIFIED SEQUENCE 3 // AUTOPHAGY-RELATED PROTEIN 18F,turquoise,NA,gene
Manes.15G077900.v8.1,Manes.15G077900,,turquoise,NA,gene
Manes.15G078400.v8.1,Manes.15G078400,(1 of 79) PF03514 - GRAS domain family (GRAS),turquoise,NA,gene
Manes.15G079100.v8.1,Manes.15G079100,,black,NA,gene
Manes.15G079200.v8.1,Manes.15G079200,(1 of 17) KOG0149 - Predicted RNA-binding protein SEB4 (RRM superfamily),black,NA,gene
Manes.15G079400.v8.1,Manes.15G079400,,turquoise,NA,gene
Manes.15G080300.v8.1,Manes.15G080300,(1 of 2) PTHR31901:SF2 - INDOLE-3-ACETIC ACID-AMIDO SYNTHETASE GH3.5-RELATED,turquoise,NA,gene
Manes.15G080400.v8.1,Manes.15G080400,(1 of 1) PTHR22847//PTHR22847:SF490 - WD40 REPEAT PROTEIN // SUBFAMILY NOT NAMED,turquoise,NA,gene
Manes.15G080600.v8.1,Manes.15G080600,(1 of 7) K03809 - NAD(P)H dehydrogenase (quinone) (wrbA),turquoise,NA,gene
Manes.15G081000.v8.1,Manes.15G081000,(1 of 5) PTHR27002:SF9 - CYSTEINE-RICH RECEPTOR-LIKE PROTEIN KINASE 27-RELATED,turquoise,NA,gene
Manes.15G081202.v8.1,Manes.15G081202,(1 of 6) PTHR31717//PTHR31717:SF7 - FAMILY NOT NAMED // B-BOX DOMAIN PROTEIN 26-RELATED,black,NA,gene
Manes.15G082000.v8.1,Manes.15G082000,(1 of 3) PTHR11255:SF29 - DIACYLGLYCEROL KINASE 5-RELATED,black,NA,gene
Manes.15G083100.v8.1,Manes.15G083100,(1 of 3) PTHR13140//PTHR13140:SF384 - MYOSIN // MYOSIN-2,turquoise,NA,gene
Manes.15G083300.v8.1,Manes.15G083300,(1 of 3) PTHR33098:SF10 - T28P6.11 PROTEIN,black,NA,gene
Manes.15G085300.v8.1,Manes.15G085300,(1 of 2) PTHR14221:SF0 - WD REPEAT-CONTAINING PROTEIN 44,turquoise,NA,gene
Manes.15G085700.v8.1,Manes.15G085700,(1 of 2) PTHR22870//PTHR22870:SF209 - REGULATOR OF CHROMOSOME CONDENSATION // GENOMIC DNA; CHROMOSOME 3; P1 CLONE: MJK13,turquoise,NA,gene
Manes.15G086700.v8.1,Manes.15G086700,,turquoise,NA,gene
Manes.15G087700.v8.1,Manes.15G087700,(1 of 46) PF05678 - VQ motif (VQ),turquoise,NA,gene
Manes.15G088400.v8.1,Manes.15G088400,(1 of 1) PTHR27000//PTHR27000:SF24 - FAMILY NOT NAMED // PHYTOSULFOKINE RECEPTOR 2,turquoise,NA,gene
Manes.15G088600.v8.1,Manes.15G088600,(1 of 2) PTHR13832//PTHR13832:SF333 - PROTEIN PHOSPHATASE 2C // PROTEIN PHOSPHATASE 2C 39-RELATED,turquoise,NA,gene
Manes.15G088800.v8.1,Manes.15G088800,(1 of 1) K14861 - nucleolar pre-ribosomal-associated protein 1 (URB1),turquoise,NA,gene
Manes.15G089000.v8.1,Manes.15G089000,(1 of 1) PTHR13902//PTHR13902:SF3 - SERINE/THREONINE-PROTEIN KINASE WNK  WITH NO LYSINE -RELATED // GB|AAF34833.1-RELATED,turquoise,NA,gene
Manes.15G089100.v8.1,Manes.15G089100,(1 of 2) K08838 - serine/threonine-protein kinase 24/25/MST4 [EC:2.7.11.1] (STK24_25_MST4),turquoise,NA,gene
Manes.15G089300.v8.1,Manes.15G089300,,turquoise,NA,gene
Manes.15G089400.v8.1,Manes.15G089400,(1 of 207) PF01535//PF13041 - PPR repeat (PPR) // PPR repeat family (PPR_2),turquoise,NA,gene
Manes.15G089728.v8.1,Manes.15G089728,(1 of 5) 4.1.3.38 - Aminodeoxychorismate lyase / Enzyme X,turquoise,NA,gene
Manes.15G090500.v8.1,Manes.15G090500,(1 of 1) PF14929 - TAF RNA Polymerase I subunit A (TAF1_subA),turquoise,NA,gene
Manes.15G090800.v8.1,Manes.15G090800,(1 of 1) PTHR10891//PTHR10891:SF633 - EF-HAND CALCIUM-BINDING DOMAIN CONTAINING PROTEIN // SUBFAMILY NOT NAMED,turquoise,NA,gene
Manes.15G091900.v8.1,Manes.15G091900,(1 of 6) K00026 - malate dehydrogenase (MDH2),turquoise,carb,gene
Manes.15G092100.v8.1,Manes.15G092100,(1 of 2) PTHR34659//PTHR34659:SF1 - FAMILY NOT NAMED // F3N23.33 PROTEIN,turquoise,NA,gene
Manes.15G092300.v8.1,Manes.15G092300,,turquoise,NA,gene
Manes.15G092500.v8.1,Manes.15G092500,(1 of 2) K04730//K04733 - interleukin-1 receptor-associated kinase 1 (IRAK1) // interleukin-1 receptor-associated kinase 4 (IRAK4),turquoise,NA,gene
Manes.15G092700.v8.1,Manes.15G092700,(1 of 1) PTHR11019:SF100 - PROTEIN DJ-1,turquoise,NA,gene
Manes.15G092800.v8.1,Manes.15G092800,(1 of 8) PF00628//PF16135 - PHD-finger (PHD) // TPL-binding domain in jasmonate signalling (Jas),turquoise,NA,gene
Manes.15G093700.v8.1,Manes.15G093700,(1 of 5) 4.1.1.31 - Phosphoenolpyruvate carboxylase / Phosphoenolpyruvic carboxylase,turquoise,NA,gene
Manes.15G094500.v8.1,Manes.15G094500,(1 of 2) PTHR31165//PTHR31165:SF9 - FAMILY NOT NAMED // PROTEIN LIGHT-DEPENDENT SHORT HYPOCOTYLS 7-RELATED,turquoise,NA,gene
Manes.15G094700.v8.1,Manes.15G094700,(1 of 2) PTHR31104:SF1 - GENOMIC DNA; CHROMOSOME 3; TAC CLONE:K15M2,turquoise,NA,gene
Manes.15G094900.v8.1,Manes.15G094900,(1 of 1) 3.1.3.32//3.1.3.7 - Polynucleotide 3'-phosphatase / 2'(3')-polynucleotidase // 3'(2');5'-bisphosphate nucleotidase / Phosphoadenylate 3'-nucleotidase,turquoise,NA,gene
Manes.15G095300.v8.1,Manes.15G095300,(1 of 2) PTHR16517//PTHR16517:SF35 - TUBBY-RELATED // SUBFAMILY NOT NAMED,turquoise,NA,gene
Manes.15G095600.v8.1,Manes.15G095600,(1 of 1) PTHR11679//PTHR11679:SF1 - VESICLE PROTEIN SORTING-ASSOCIATED // VACUOLAR PROTEIN SORTING-ASSOCIATED PROTEIN 33B,turquoise,NA,gene
Manes.15G095900.v8.1,Manes.15G095900,(1 of 207) PF01535//PF13041 - PPR repeat (PPR) // PPR repeat family (PPR_2),turquoise,NA,gene
Manes.15G096100.v8.1,Manes.15G096100,(1 of 1) K14303 - nuclear pore complex protein Nup160 (NUP160; NUP120),turquoise,NA,gene
Manes.15G096800.v8.1,Manes.15G096800,(1 of 1) K01307 - gamma-glutamyl hydrolase (GGH),turquoise,NA,gene
Manes.15G096900.v8.1,Manes.15G096900,,black,NA,gene
Manes.15G097000.v8.1,Manes.15G097000,(1 of 1) PTHR23111//PTHR23111:SF24 - ZINC FINGER PROTEIN // SUBFAMILY NOT NAMED,turquoise,NA,gene
Manes.15G097400.v8.1,Manes.15G097400,,turquoise,NA,gene
Manes.15G097900.v8.1,Manes.15G097900,(1 of 3) PTHR31618//PTHR31618:SF1 - FAMILY NOT NAMED // MECHANOSENSITIVE ION CHANNEL PROTEIN 6-RELATED,turquoise,NA,gene
Manes.15G100700.v8.1,Manes.15G100700,(1 of 38) PF01535//PF12854//PF13041 - PPR repeat (PPR) // PPR repeat (PPR_1) // PPR repeat family (PPR_2),turquoise,NA,gene
Manes.15G101000.v8.1,Manes.15G101000,(1 of 1) KOG2789 - Putative Zn-finger protein,turquoise,NA,gene
Manes.15G101100.v8.1,Manes.15G101100,(1 of 4) PF02798//PF14497 - Glutathione S-transferase; N-terminal domain (GST_N) // Glutathione S-transferase; C-terminal domain (GST_C_3),purple,NA,gene
Manes.15G101300.v8.1,Manes.15G101300,(1 of 2) PTHR23115//PTHR23115:SF138 - TRANSLATION FACTOR // TRANSLATION INITIATION FACTOR IF-2; CHLOROPLASTIC,turquoise,NA,gene
Manes.15G102100.v8.1,Manes.15G102100,(1 of 5) PF00076//PF07145//PF14259 - RNA recognition motif. (a.k.a. RRM; RBD; or RNP domain) (RRM_1) // Ataxin-2 C-terminal region (PAM2) // RNA recognition motif (a.k.a. RRM; RBD; or RNP domain) (RRM_6),turquoise,NA,gene
Manes.15G102600.v8.1,Manes.15G102600,(1 of 1) PTHR22942:SF37 - DNA REPAIR PROTEIN RECA HOMOLOG 1; CHLOROPLASTIC,turquoise,NA,gene
Manes.15G103200.v8.1,Manes.15G103200,(1 of 1) PF00013//PF00642//PF14608 - KH domain (KH_1) // Zinc finger C-x8-C-x5-C-x3-H type (and similar) (zf-CCCH) // RNA-binding; Nab2-type zinc finger (zf-CCCH_2),turquoise,NA,gene
Manes.15G103700.v8.1,Manes.15G103700,(1 of 1) PTHR12741//PTHR12741:SF12 - LYST-INTERACTING PROTEIN LIP5  DOPAMINE RESPONSIVE PROTEIN DRG-1 // CALLOSE SYNTHASE 9,turquoise,NA,gene
Manes.15G104300.v8.1,Manes.15G104300,(1 of 5) PTHR31388//PTHR31388:SF22 - FAMILY NOT NAMED // PEROXIDASE 22-RELATED,turquoise,NA,gene
Manes.15G105200.v8.1,Manes.15G105200,(1 of 5) PTHR16007//PTHR16007:SF29 - EPIDIDYMAL MEMBRANE PROTEIN E9-RELATED // SUBFAMILY NOT NAMED,turquoise,NA,gene
Manes.15G105400.v8.1,Manes.15G105400,(1 of 5) PTHR16007//PTHR16007:SF29 - EPIDIDYMAL MEMBRANE PROTEIN E9-RELATED // SUBFAMILY NOT NAMED,black,NA,gene
Manes.15G105500.v8.1,Manes.15G105500,(1 of 1) PTHR23163:SF0 - E3 UBIQUITIN-PROTEIN LIGASE BRE1,turquoise,NA,gene
Manes.15G106500.v8.1,Manes.15G106500,(1 of 7) K04382 - serine/threonine-protein phosphatase 2A catalytic subunit (PPP2C),black,NA,gene
Manes.15G106700.v8.1,Manes.15G106700,(1 of 14) K06689 - ubiquitin-conjugating enzyme E2 D/E (UBE2D_E; UBC4; UBC5),turquoise,NA,gene
Manes.15G107234.v8.1,Manes.15G107234,(1 of 3) PTHR27002:SF42 - G-TYPE LECTIN S-RECEPTOR-LIKE SERINE/THREONINE-PROTEIN KINASE SD3-1,turquoise,NA,gene
Manes.15G107700.v8.1,Manes.15G107700,(1 of 7) 1.14.12.20 - Pheophorbide a oxygenase / Pheide a oxygenase,turquoise,NA,gene
Manes.15G108200.v8.1,Manes.15G108200,(1 of 4) PTHR10641//PTHR10641:SF455 - MYB-LIKE DNA-BINDING PROTEIN MYB // SUBFAMILY NOT NAMED,purple,NA,gene
Manes.15G108400.v8.1,Manes.15G108400,(1 of 4) PTHR31194//PTHR31194:SF5 - SHN  SHINE ; DNA BINDING / TRANSCRIPTION FACTOR // SUBFAMILY NOT NAMED,turquoise,NA,gene
Manes.15G108600.v8.1,Manes.15G108600,(1 of 2) PTHR24089:SF266 - MITOCHONDRIAL DICARBOXYLATE/TRICARBOXYLATE TRANSPORTER DTC,turquoise,NA,gene
Manes.15G109000.v8.1,Manes.15G109000,(1 of 14) PF07797 - Protein of unknown function (DUF1639) (DUF1639),turquoise,NA,gene
Manes.15G109201.v8.1,Manes.15G109201,(1 of 8) PF00887 - Acyl CoA binding protein (ACBP),turquoise,NA,gene
Manes.15G110100.v8.1,Manes.15G110100,(1 of 1) PTHR17130:SF24 - GAN,turquoise,NA,gene
Manes.15G110200.v8.1,Manes.15G110200,(1 of 1) K11320 - E1A-binding protein p400 [EC:3.6.4.-] (EP400),turquoise,NA,gene
Manes.15G110400.v8.1,Manes.15G110400,(1 of 1) PTHR31221:SF16 - WRKY TRANSCRIPTION FACTOR 62-RELATED,turquoise,NA,gene
Manes.15G110500.v8.1,Manes.15G110500,(1 of 1569) 2.7.11.1 - Non-specific serine/threonine protein kinase / Threonine-specific protein kinase,turquoise,NA,gene
Manes.15G110600.v8.1,Manes.15G110600,(1 of 1) K00167 - 2-oxoisovalerate dehydrogenase E1 component beta subunit (BCKDHB; bkdA2),turquoise,NA,gene
Manes.15G110700.v8.1,Manes.15G110700,(1 of 4) PTHR22763:SF59 - GENOMIC DNA; CHROMOSOME 3; P1 CLONE: MRP15,turquoise,NA,gene
Manes.15G111500.v8.1,Manes.15G111500,(1 of 1) KOG3074 - Transcriptional regulator of the PUR family; single-stranded-DNA-binding,turquoise,NA,gene
Manes.15G112100.v8.1,Manes.15G112100,(1 of 2) K11322 - enhancer of polycomb-like protein (EPC),turquoise,NA,gene
Manes.15G112800.v8.1,Manes.15G112800,(1 of 1) K16329 - pseudouridine-5'-phosphate glycosidase (psuG),turquoise,NA,gene
Manes.15G113000.v8.1,Manes.15G113000,(1 of 599) PF13041 - PPR repeat family (PPR_2),turquoise,NA,gene
Manes.15G113100.v8.1,Manes.15G113100,(1 of 1) PTHR13068//PTHR13068:SF5 - CGI-12 PROTEIN-RELATED // MITOCHONDRIAL TRANSCRIPTION TERMINATION FACTOR FAMILY PROTEIN,turquoise,NA,gene
Manes.15G113400.v8.1,Manes.15G113400,(1 of 1) PTHR12280//PTHR12280:SF31 - PANTOTHENATE KINASE // SUBFAMILY NOT NAMED,turquoise,NA,gene
Manes.15G113700.v8.1,Manes.15G113700,,turquoise,NA,gene
Manes.15G114000.v8.1,Manes.15G114000,(1 of 2) PTHR10663//PTHR10663:SF108 - GUANYL-NUCLEOTIDE EXCHANGE FACTOR // BREFELDIN A-INHIBITED GUANINE NUCLEOTIDE-EXCHANGE PROTEIN 1-RELATED,turquoise,NA,gene
Manes.15G114500.v8.1,Manes.15G114500,(1 of 2) KOG0767 - Mitochondrial phosphate carrier protein,turquoise,NA,gene
Manes.15G114600.v8.1,Manes.15G114600,(1 of 2) PTHR24349//PTHR24349:SF83 - SERINE/THREONINE-PROTEIN KINASE // CALCIUM-DEPENDENT PROTEIN KINASE 6,turquoise,NA,gene
Manes.15G114800.v8.1,Manes.15G114800,(1 of 2) PTHR23500:SF96 - MONOSACCHARIDE-SENSING PROTEIN 2,turquoise,NA,gene
Manes.15G114900.v8.1,Manes.15G114900,(1 of 1) PF11805 - Protein of unknown function (DUF3326) (DUF3326),turquoise,NA,gene
Manes.15G115400.v8.1,Manes.15G115400,(1 of 5) PTHR23257:SF378 - INTEGRIN-LINKED PROTEIN KINASE FAMILY PROTEIN-RELATED,turquoise,NA,gene
Manes.15G115600.v8.1,Manes.15G115600,(1 of 4) PTHR22835//PTHR22835:SF177 - ZINC FINGER FYVE DOMAIN CONTAINING PROTEIN // SUBFAMILY NOT NAMED,turquoise,NA,gene
Manes.15G116100.v8.1,Manes.15G116100,(1 of 13) PF04520 - Senescence regulator (Senescence_reg),black,NA,gene
Manes.15G116200.v8.1,Manes.15G116200,(1 of 1) K14788 - ribosome biogenesis protein ENP2 (NOL10; ENP2),turquoise,NA,gene
Manes.15G116300.v8.1,Manes.15G116300,(1 of 2) PTHR22880:SF153 - TRANSCRIPTION FACTOR GTE11-RELATED,turquoise,NA,gene
Manes.15G116700.v8.1,Manes.15G116700,(1 of 4) PTHR10663//PTHR10663:SF163 - GUANYL-NUCLEOTIDE EXCHANGE FACTOR // SUBFAMILY NOT NAMED,turquoise,NA,gene
Manes.15G117400.v8.1,Manes.15G117400,(1 of 5) PTHR31969//PTHR31969:SF1 - FAMILY NOT NAMED // GEM-LIKE PROTEIN 4-RELATED,turquoise,NA,gene
Manes.15G117700.v8.1,Manes.15G117700,(1 of 4) PTHR12758:SF20 - PEPTIDASE-C1 DOMAIN-CONTAINING PROTEIN,turquoise,NA,gene
Manes.15G118600.v8.1,Manes.15G118600,(1 of 1) KOG1003//KOG1850//KOG4809 - Actin filament-coating protein tropomyosin // Myosin-like coiled-coil protein // Rab6 GTPase-interacting protein involved in endosome-to-TGN transport,turquoise,carb,gene
Manes.15G120100.v8.1,Manes.15G120100,(1 of 1) PTHR11630:SF46 - DNA REPLICATION LICENSING FACTOR MCM3,turquoise,NA,gene
Manes.15G121200.v8.1,Manes.15G121200,(1 of 3) K02955 - small subunit ribosomal protein S14e (RP-S14e; RPS14),turquoise,NA,gene
Manes.15G122100.v8.1,Manes.15G122100,(1 of 2) K10609 - cullin 4 (CUL4),turquoise,NA,gene
Manes.15G122600.v8.1,Manes.15G122600,(1 of 2) PTHR11624:SF76 - PYRUVATE DEHYDROGENASE E1 COMPONENT SUBUNIT BETA-2; CHLOROPLASTIC-RELATED,turquoise,carb,gene
Manes.15G123000.v8.1,Manes.15G123000,(1 of 2) PTHR23155//PTHR23155:SF442 - LEUCINE-RICH REPEAT-CONTAINING PROTEIN // PH DOMAIN LEUCINE-RICH REPEAT-CONTAINING PROTEIN PHOSPHATASE 2,turquoise,NA,gene
Manes.15G123500.v8.1,Manes.15G123500,(1 of 1) PTHR10288//PTHR10288:SF137 - KH DOMAIN CONTAINING RNA BINDING PROTEIN // SUBFAMILY NOT NAMED,turquoise,NA,gene
Manes.15G124100.v8.1,Manes.15G124100,(1 of 2) K10950 - ERO1-like protein alpha (ERO1L),turquoise,NA,gene
Manes.15G127100.v8.1,Manes.15G127100,(1 of 2) PTHR11353//PTHR11353:SF101 - CHAPERONIN // 1-PHOSPHATIDYLINOSITOL-3-PHOSPHATE 5-KINASE FAB1C-RELATED,turquoise,NA,gene
Manes.15G127400.v8.1,Manes.15G127400,,turquoise,NA,gene
Manes.15G127600.v8.1,Manes.15G127600,(1 of 28) PF06886 - Targeting protein for Xklp2 (TPX2) (TPX2),turquoise,NA,gene
Manes.15G127700.v8.1,Manes.15G127700,(1 of 10) K13947 - auxin efflux carrier family (PIN),turquoise,NA,gene
Manes.15G128000.v8.1,Manes.15G128000,(1 of 1) K09645 - vitellogenic carboxypeptidase-like protein [EC:3.4.16.-] (CPVL),turquoise,NA,gene
Manes.15G128200.v8.1,Manes.15G128200,(1 of 5) PTHR24055//PTHR24055:SF211 - MITOGEN-ACTIVATED PROTEIN KINASE // MITOGEN-ACTIVATED PROTEIN KINASE 16-RELATED,purple,NA,gene
Manes.15G128500.v8.1,Manes.15G128500,(1 of 2) PTHR11814//PTHR11814:SF93 - SULFATE TRANSPORTER // SULFATE TRANSPORTER 3.3-RELATED,turquoise,NA,gene
Manes.15G129000.v8.1,Manes.15G129000,(1 of 1) 1.14.11.18 - Phytanoyl-CoA dioxygenase / Phytanoyl-CoA hydroxylase,turquoise,NA,gene
Manes.15G130600.v8.1,Manes.15G130600,(1 of 49) PF00407 - Pathogenesis-related protein Bet v I family (Bet_v_1),purple,NA,gene
Manes.15G131300.v8.1,Manes.15G131300,(1 of 2) PTHR22951//PTHR22951:SF25 - CLATHRIN ASSEMBLY PROTEIN // SUBFAMILY NOT NAMED,turquoise,NA,gene
Manes.15G131400.v8.1,Manes.15G131400,(1 of 3) PTHR31448//PTHR31448:SF3 - FAMILY NOT NAMED // IFA-BINDING PROTEIN,turquoise,NA,gene
Manes.15G132650.v8.1,Manes.15G132650,(1 of 14) PF14111 - Domain of unknown function (DUF4283) (DUF4283),turquoise,NA,gene
Manes.15G132800.v8.1,Manes.15G132800,(1 of 2) PTHR32227//PTHR32227:SF61 - FAMILY NOT NAMED // GLUCAN ENDO-1;3-BETA-GLUCOSIDASE 3,turquoise,NA,gene
Manes.15G133000.v8.1,Manes.15G133000,(1 of 2) PTHR33077//PTHR33077:SF7 - FAMILY NOT NAMED // PROTEIN TIFY 6A-RELATED,turquoise,NA,gene
Manes.15G133500.v8.1,Manes.15G133500,(1 of 2) PTHR10209//PTHR10209:SF148 - OXIDOREDUCTASE; 2OG-FE II  OXYGENASE FAMILY PROTEIN // SUBFAMILY NOT NAMED,turquoise,NA,gene
Manes.15G134200.v8.1,Manes.15G134200,(1 of 1) 3.5.1.108 - UDP-3-O-acyl-N-acetylglucosamine deacetylase / UDP-3-O-acyl-GlcNAc deacetylase,turquoise,NA,gene
Manes.15G134500.v8.1,Manes.15G134500,(1 of 2) PTHR11566//PTHR11566:SF80 - DYNAMIN // DYNAMIN-RELATED PROTEIN 1C,turquoise,NA,gene
Manes.15G134900.v8.1,Manes.15G134900,(1 of 1) K12116 - flavin-binding kelch repeat F-box protein 1 (FKF1),turquoise,NA,gene
Manes.15G135000.v8.1,Manes.15G135000,(1 of 2) PTHR26402//PTHR26402:SF584 - RESPONSE REGULATOR OF TWO-COMPONENT SYSTEM // TWO-COMPONENT RESPONSE REGULATOR ARR14,turquoise,NA,gene
Manes.15G135600.v8.1,Manes.15G135600,(1 of 1) PF05183//PF14259 - RNA dependent RNA polymerase (RdRP) // RNA recognition motif (a.k.a. RRM; RBD; or RNP domain) (RRM_6),turquoise,NA,gene
Manes.15G136500.v8.1,Manes.15G136500,(1 of 1) PTHR10015//PTHR10015:SF156 - HEAT SHOCK TRANSCRIPTION FACTOR // HEAT STRESS TRANSCRIPTION FACTOR A-8,turquoise,NA,gene
Manes.15G137400.v8.1,Manes.15G137400,(1 of 1) 2.7.13.3//3.1.3.16 - Histidine kinase / Protein kinase (histidine) // Protein-serine/threonine phosphatase / Serine/threonine specific protein phosphatase,turquoise,NA,gene
Manes.15G137700.v8.1,Manes.15G137700,(1 of 6) PF07227//PF16312 - PHD - plant homeodomain finger protein (PHD_Oberon) // Coiled-coil region of Oberon (Oberon_cc),turquoise,NA,gene
Manes.15G137900.v8.1,Manes.15G137900,(1 of 2) K01658 - anthranilate synthase component II (trpG),turquoise,NA,gene
Manes.15G138700.v8.1,Manes.15G138700,(1 of 2) PTHR19321:SF5 - 65-KDA MICROTUBULE-ASSOCIATED PROTEIN 6-RELATED,turquoise,NA,gene
Manes.15G139000.v8.1,Manes.15G139000,(1 of 2) PTHR31421//PTHR31421:SF0 - FAMILY NOT NAMED // PROTEIN BASIC PENTACYSTEINE1-RELATED,turquoise,NA,gene
Manes.15G139400.v8.1,Manes.15G139400,(1 of 11) PTHR11732:SF239 - ALDO/KETO REDUCTASE-RELATED,purple,NA,gene
Manes.15G139800.v8.1,Manes.15G139800,(1 of 6) PTHR10766//PTHR10766:SF58 - TRANSMEMBRANE 9 SUPERFAMILY PROTEIN // SUBFAMILY NOT NAMED,turquoise,NA,gene
Manes.15G140900.v8.1,Manes.15G140900,(1 of 2) PTHR31314:SF10 - HOMEODOMAIN-LIKE SUPERFAMILY PROTEIN-RELATED,turquoise,NA,gene
Manes.15G141000.v8.1,Manes.15G141000,(1 of 1) PTHR13452//PTHR13452:SF9 - THUMP DOMAIN CONTAINING PROTEIN 1-RELATED // SUBFAMILY NOT NAMED,black,NA,gene
Manes.15G141100.v8.1,Manes.15G141100,(1 of 2) 3.1.21.7 - Deoxyribonuclease V / Escherichia coli endodeoxyribonuclease V,black,NA,gene
Manes.15G141200.v8.1,Manes.15G141200,(1 of 2) 3.1.21.7 - Deoxyribonuclease V / Escherichia coli endodeoxyribonuclease V,purple,NA,gene
Manes.15G142300.v8.1,Manes.15G142300,(1 of 599) PF13041 - PPR repeat family (PPR_2),turquoise,NA,gene
Manes.15G142500.v8.1,Manes.15G142500,(1 of 1) K13220 - WW domain-binding protein 4 (WBP4; FBP21),turquoise,NA,gene
Manes.15G143400.v8.1,Manes.15G143400,(1 of 2) PTHR22792:SF62 - LA-RELATED PROTEIN 6C,turquoise,NA,gene
Manes.15G143700.v8.1,Manes.15G143700,(1 of 2) PTHR24343:SF162 - SERINE/THREONINE-PROTEIN KINASE SRK2E,turquoise,NA,gene
Manes.15G144900.v8.1,Manes.15G144900,(1 of 10) PF10497 - Zinc-finger domain of monoamine-oxidase A repressor R1 (zf-4CXXC_R1),black,NA,gene
Manes.15G145000.v8.1,Manes.15G145000,(1 of 6) PTHR31920:SF18 - B3 DOMAIN-CONTAINING PROTEIN REM19-RELATED,turquoise,NA,gene
Manes.15G145600.v8.1,Manes.15G145600,(1 of 207) PF01535//PF13041 - PPR repeat (PPR) // PPR repeat family (PPR_2),turquoise,NA,gene
Manes.15G146000.v8.1,Manes.15G146000,(1 of 1) PTHR10218//PTHR10218:SF222//PTHR10218:SF226 - GTP-BINDING PROTEIN ALPHA SUBUNIT // EXTRA-LARGE GUANINE NUCLEOTIDE-BINDING PROTEIN 1 // EXTRA-LARGE GUANINE NUCLEOTIDE-BINDING PROTEIN 2,turquoise,NA,gene
Manes.15G147750.v8.1,Manes.15G147750,(1 of 5) PTHR11206//PTHR11206:SF181 - MULTIDRUG RESISTANCE PROTEIN // SUBFAMILY NOT NAMED,turquoise,NA,gene
Manes.15G148000.v8.1,Manes.15G148000,(1 of 1) K07399 - cytochrome c biogenesis protein (resB; ccs1),turquoise,NA,gene
Manes.15G149700.v8.1,Manes.15G149700,(1 of 1) PTHR22912:SF170 - MONODEHYDROASCORBATE REDUCTASE; CYTOPLASMIC ISOFORM 2-RELATED,black,NA,gene
Manes.15G150000.v8.1,Manes.15G150000,(1 of 2) K11790 - denticleless (DTL; CDT2; DCAF2),turquoise,NA,gene
Manes.15G151000.v8.1,Manes.15G151000,,turquoise,NA,gene
Manes.15G150500.v8.1,Manes.15G150500,(1 of 1) 2.1.1.287 - 25S rRNA (adenine(645)-N(1))-methyltransferase / 25S rRNA m(1)A(645) methyltransferase,black,NA,gene
Manes.15G152100.v8.1,Manes.15G152100,(1 of 2) K11364 - SAGA-associated factor 29 (SGF29),turquoise,NA,gene
Manes.15G153233.v8.1,Manes.15G153233,(1 of 4) PF02892//PF04937 - BED zinc finger (zf-BED) // Protein of unknown function (DUF 659) (DUF659),turquoise,NA,gene
Manes.15G154600.v8.1,Manes.15G154600,,turquoise,NA,gene
Manes.15G155100.v8.1,Manes.15G155100,(1 of 1) K07556 - ATP synthase mitochondrial F1 complex assembly factor 2 (ATPeAF2; ATPAF2; ATP12),turquoise,NA,gene
Manes.15G155400.v8.1,Manes.15G155400,(1 of 1) PTHR34278//PTHR34278:SF1 - FAMILY NOT NAMED // GB|AAC02775.1,purple,NA,gene
Manes.15G156300.v8.1,Manes.15G156300,(1 of 2) PTHR16151//PTHR16151:SF2 - UNCHARACTERIZED // HAUS AUGMIN-LIKE COMPLEX SUBUNIT 6,turquoise,NA,gene
Manes.15G156600.v8.1,Manes.15G156600,(1 of 4) KOG3022 - Predicted ATPase; nucleotide-binding,turquoise,NA,gene
Manes.15G157200.v8.1,Manes.15G157200,(1 of 3) PTHR31766//PTHR31766:SF2 - FAMILY NOT NAMED // DNA-BINDING STOREKEEPER PROTEIN-LIKE PROTEIN-RELATED,turquoise,NA,gene
Manes.15G157300.v8.1,Manes.15G157300,(1 of 3) PTHR22880:SF156 - TRANSCRIPTION FACTOR GTE10,turquoise,NA,gene
Manes.15G157400.v8.1,Manes.15G157400,(1 of 5) PTHR33595//PTHR33595:SF3 - FAMILY NOT NAMED // EMB|CAB62340.1-RELATED,turquoise,NA,gene
Manes.15G157900.v8.1,Manes.15G157900,(1 of 2) PTHR36029:SF1 - PROTEIN TPLATE,turquoise,NA,gene
Manes.15G158100.v8.1,Manes.15G158100,(1 of 1) PTHR12585//PTHR12585:SF31 - SCC1 / RAD21 FAMILY MEMBER // SISTER CHROMATID COHESION 1 PROTEIN 2,turquoise,NA,gene
Manes.15G158300.v8.1,Manes.15G158300,(1 of 3) K02838 - ribosome recycling factor (frr; MRRF; RRF),turquoise,NA,gene
Manes.15G159300.v8.1,Manes.15G159300,,turquoise,NA,gene
Manes.15G159400.v8.1,Manes.15G159400,(1 of 2) PTHR11005//PTHR11005:SF38 - LYSOSOMAL ACID LIPASE-RELATED // TRIACYLGLYCEROL LIPASE 2,turquoise,NA,gene
Manes.15G159600.v8.1,Manes.15G159600,(1 of 1) PTHR11061//PTHR11061:SF29 - RNA M5U METHYLTRANSFERASE FAMILY // SUBFAMILY NOT NAMED,turquoise,NA,gene
Manes.15G160200.v8.1,Manes.15G160200,(1 of 2) K00387 - sulfite oxidase (SUOX),turquoise,NA,gene
Manes.15G160900.v8.1,Manes.15G160900,(1 of 3) PTHR32409//PTHR32409:SF3 - FAMILY NOT NAMED // MITOCHONDRIAL IMPORT RECEPTOR SUBUNIT TOM20-1-RELATED,turquoise,NA,gene
Manes.15G161000.v8.1,Manes.15G161000,(1 of 1) PTHR17490//PTHR17490:SF7 - SUA5 // SUBFAMILY NOT NAMED,turquoise,NA,gene
Manes.15G161100.v8.1,Manes.15G161100,(1 of 2) PTHR11945//PTHR11945:SF176 - MADS BOX PROTEIN // PROTEIN AGAMOUS-LIKE 82,purple,NA,gene
Manes.15G162100.v8.1,Manes.15G162100,(1 of 11) PF11820 - Protein of unknown function (DUF3339) (DUF3339),purple,NA,gene
Manes.15G162300.v8.1,Manes.15G162300,(1 of 1) PTHR33128//PTHR33128:SF13 - FAMILY NOT NAMED // EMB|CAB62355.1,purple,NA,gene
Manes.15G162600.v8.1,Manes.15G162600,(1 of 4) PTHR31221//PTHR31221:SF25 - FAMILY NOT NAMED // WRKY TRANSCRIPTION FACTOR 45-RELATED,black,NA,gene
Manes.15G163200.v8.1,Manes.15G163200,(1 of 259) PF00076 - RNA recognition motif. (a.k.a. RRM; RBD; or RNP domain) (RRM_1),turquoise,NA,gene
Manes.15G163300.v8.1,Manes.15G163300,(1 of 3) PTHR27000:SF96 - LEUCINE-RICH REPEAT PROTEIN KINASE-LIKE PROTEIN,turquoise,NA,gene
Manes.15G164000.v8.1,Manes.15G164000,(1 of 2) K04536 - guanine nucleotide-binding protein G(I)/G(S)/G(T) subunit beta-1 (GNB1),turquoise,NA,gene
Manes.15G164100.v8.1,Manes.15G164100,(1 of 2) K17267 - coatomer protein complex; subunit gamma (COPG),turquoise,NA,gene
Manes.15G164200.v8.1,Manes.15G164200,(1 of 2) PTHR24073//PTHR24073:SF375 - FAMILY NOT NAMED // RAS-RELATED PROTEIN RABG3F,turquoise,NA,gene
Manes.15G164500.v8.1,Manes.15G164500,(1 of 1) PTHR22835//PTHR22835:SF225 - ZINC FINGER FYVE DOMAIN CONTAINING PROTEIN // SUBFAMILY NOT NAMED,turquoise,NA,gene
Manes.15G164800.v8.1,Manes.15G164800,(1 of 2) 2.5.1.87 - Ditrans;polycis-polyprenyl diphosphate synthase ((2E;6E)-farnesyl diphosphate specific) / Rer2p Z-prenyltransferase,turquoise,NA,gene
Manes.15G165000.v8.1,Manes.15G165000,(1 of 1) PTHR10048//PTHR10048:SF15 - PHOSPHATIDYLINOSITOL KINASE // PHOSPHATIDYLINOSITOL 4-KINASE ALPHA-LIKE PROTEIN P2-RELATED,turquoise,NA,gene
Manes.15G165100.v8.1,Manes.15G165100,(1 of 2) PTHR23500//PTHR23500:SF109 - FAMILY NOT NAMED // POLYOL TRANSPORTER 5,turquoise,NA,gene
Manes.15G165400.v8.1,Manes.15G165400,(1 of 2) PTHR10366:SF388 - CINNAMOYL COA REDUCTASE-LIKE PROTEIN,turquoise,NA,gene
Manes.15G166100.v8.1,Manes.15G166100,(1 of 2) K13192 - RNA-binding protein 26 (RBM26),turquoise,NA,gene
Manes.15G166300.v8.1,Manes.15G166300,(1 of 5) PF07223 - Protein of unknown function (DUF1421) (DUF1421),turquoise,NA,gene
Manes.15G167300.v8.1,Manes.15G167300,(1 of 14) PF07816 - Protein of unknown function (DUF1645) (DUF1645),turquoise,NA,gene
Manes.15G167600.v8.1,Manes.15G167600,(1 of 1) PTHR10641//PTHR10641:SF625 - MYB-LIKE DNA-BINDING PROTEIN MYB // TRANSCRIPTION FACTOR MYB23-RELATED,turquoise,NA,gene
Manes.15G167900.v8.1,Manes.15G167900,(1 of 3) PTHR22835//PTHR22835:SF250 - ZINC FINGER FYVE DOMAIN CONTAINING PROTEIN // SUBFAMILY NOT NAMED,turquoise,NA,gene
Manes.15G168600.v8.1,Manes.15G168600,(1 of 1) K11826 - AP-2 complex subunit mu-1 (AP2M1),turquoise,NA,gene
Manes.15G169300.v8.1,Manes.15G169300,(1 of 3) PTHR23155//PTHR23155:SF501 - LEUCINE-RICH REPEAT-CONTAINING PROTEIN // SUBFAMILY NOT NAMED,turquoise,NA,gene
Manes.15G169600.v8.1,Manes.15G169600,(1 of 2) PTHR13832//PTHR13832:SF340 - PROTEIN PHOSPHATASE 2C // PROTEIN PHOSPHATASE 2C 29,turquoise,NA,gene
Manes.15G170400.v8.1,Manes.15G170400,,turquoise,NA,gene
Manes.15G170600.v8.1,Manes.15G170600,(1 of 1) PTHR10210//PTHR10210:SF54 - RIBOSE-PHOSPHATE PYROPHOSPHOKINASE // RIBOSE-PHOSPHATE PYROPHOSPHOKINASE 1; CHLOROPLASTIC-RELATED,turquoise,NA,gene
Manes.15G173750.v8.1,Manes.15G173750,(1 of 2) PTHR19282//PTHR19282:SF262 - TETRASPANIN // SUBFAMILY NOT NAMED,turquoise,NA,gene
Manes.15G172800.v8.1,Manes.15G172800,(1 of 1) 5.4.2.3 - Phosphoacetylglucosamine mutase / N-acetylglucosamine-phosphate mutase,turquoise,NA,gene
Manes.15G172000.v8.1,Manes.15G172000,(1 of 1) PTHR10190 - EYES ABSENT,turquoise,NA,gene
Manes.15G171800.v8.1,Manes.15G171800,(1 of 3) K02134 - F-type H+-transporting ATPase subunit delta (ATPeF1D; ATP5D; ATP16),turquoise,NA,gene
Manes.15G171600.v8.1,Manes.15G171600,,turquoise,NA,gene
Manes.15G171500.v8.1,Manes.15G171500,(1 of 2) PTHR10044//PTHR10044:SF131 - INHIBITOR OF APOPTOSIS // SUBFAMILY NOT NAMED,turquoise,NA,gene
Manes.15G171000.v8.1,Manes.15G171000,(1 of 1) PTHR10799//PTHR10799:SF748 - SWI/SNF-RELATED MATRIX-ASSOCIATED ACTIN-DEPENDENT REGULATOR OF CHROMATIN SUBFAMILY-RELATED // SUBFAMILY NOT NAMED,turquoise,NA,gene
Manes.15G170900.v8.1,Manes.15G170900,(1 of 3) K02921 - large subunit ribosomal protein L37Ae (RP-L37Ae; RPL37A),turquoise,NA,gene
Manes.15G177400.v8.1,Manes.15G177400,(1 of 2) PTHR24221:SF149 - ABC TRANSPORTER B FAMILY MEMBER 19,turquoise,NA,gene
Manes.15G177100.v8.1,Manes.15G177100,(1 of 27) PF14259 - RNA recognition motif (a.k.a. RRM; RBD; or RNP domain) (RRM_6),turquoise,NA,gene
Manes.15G179456.v8.1,Manes.15G179456,(1 of 1569) 2.7.11.1 - Non-specific serine/threonine protein kinase / Threonine-specific protein kinase,turquoise,NA,gene
Manes.15G176704.v8.1,Manes.15G176704,,turquoise,NA,gene
Manes.15G180400.v8.1,Manes.15G180400,(1 of 7) PTHR11654//PTHR11654:SF59 - OLIGOPEPTIDE TRANSPORTER-RELATED // PROTEIN NRT1/ PTR FAMILY 2.10-RELATED,turquoise,NA,gene
Manes.15G176300.v8.1,Manes.15G176300,(1 of 1) PTHR19297//PTHR19297:SF110 - GLYCOSYLTRANSFERASE 14 FAMILY MEMBER // SUBFAMILY NOT NAMED,turquoise,NA,gene
Manes.15G175500.v8.1,Manes.15G175500,(1 of 1) PTHR23070//PTHR23070:SF19 - BCS1 AAA-TYPE ATPASE // SUBFAMILY NOT NAMED,purple,NA,gene
Manes.15G176240.v8.1,Manes.15G176240,(1 of 2) PTHR24221:SF141 - ABC TRANSPORTER B FAMILY MEMBER 15-RELATED,turquoise,NA,gene
Manes.15G179800.v8.1,Manes.15G179800,(1 of 1) 3.2.1.114 - Mannosyl-oligosaccharide 1;3-1;6-alpha-mannosidase / Mannosidase II,turquoise,NA,gene
Manes.15G180000.v8.1,Manes.15G180000,(1 of 2) PTHR36039//PTHR36039:SF2 - FAMILY NOT NAMED // GENOMIC DNA; CHROMOSOME 3; P1 CLONE:MMG15,black,NA,gene
Manes.15G180300.v8.1,Manes.15G180300,(1 of 2) K11098 - small nuclear ribonucleoprotein F (SNRPF; SMF),turquoise,NA,gene
Manes.15G180360.v8.1,Manes.15G180360,,black,NA,gene
Manes.15G181200.v8.1,Manes.15G181200,(1 of 7) K10576 - ubiquitin-conjugating enzyme E2 H (UBE2H; UBC8),turquoise,NA,gene
Manes.15G181000.v8.1,Manes.15G181000,(1 of 6) PTHR14155//PTHR14155:SF128 - RING FINGER DOMAIN-CONTAINING // RING-H2 FINGER PROTEIN ATL46,turquoise,NA,gene
Manes.15G180800.v8.1,Manes.15G180800,,turquoise,NA,gene
Manes.15G183200.v8.1,Manes.15G183200,(1 of 2) PTHR10791:SF42 - BIDIRECTIONAL SUGAR TRANSPORTER SWEET4-RELATED,turquoise,NA,gene
Manes.15G182900.v8.1,Manes.15G182900,(1 of 2) PTHR11373//PTHR11373:SF31 - SAM DOMAIN AND HD DOMAIN-CONTAINING PROTEIN-RELATED // SUBFAMILY NOT NAMED,turquoise,NA,gene
Manes.15G182800.v8.1,Manes.15G182800,(1 of 1) PF00439//PF00628//PF01429//PF05965//PF15612 - Bromodomain (Bromodomain) // PHD-finger (PHD) // Methyl-CpG binding domain (MBD) // F/Y rich C-terminus (FYRC) // WSTF; HB1; Itc1p; MBD9 motif 1 (WHIM1),turquoise,NA,gene
Manes.15G190662.v8.1,Manes.15G190662,,turquoise,NA,gene
Manes.15G190900.v8.1,Manes.15G190900,(1 of 62) PF00892 - EamA-like transporter family (EamA),turquoise,NA,gene
Manes.15G189600.v8.1,Manes.15G189600,(1 of 2) PTHR11262//PTHR11262:SF4 - HSL AND CLP PROTEASE // ATP-DEPENDENT CLP PROTEASE ATP-BINDING SUBUNIT CLPX-LIKE; MITOCHONDRIAL,turquoise,NA,gene
Manes.15G189200.v8.1,Manes.15G189200,(1 of 1) K10571 - de-etiolated-1 (DET1),turquoise,NA,gene
Manes.15G189000.v8.1,Manes.15G189000,(1 of 1) K05610 - ubiquitin carboxyl-terminal hydrolase L5 [EC:3.4.19.12] (UCHL5; UCH37),turquoise,NA,gene
Manes.15G191900.v8.1,Manes.15G191900,(1 of 2) PTHR22952//PTHR22952:SF47 - CAMP-RESPONSE ELEMENT BINDING PROTEIN-RELATED // BASIC LEUCINE ZIPPER 1-RELATED,turquoise,NA,gene
Manes.15G192200.v8.1,Manes.15G192200,(1 of 7) PF05542 - Protein of unknown function (DUF760) (DUF760),turquoise,NA,gene
Manes.15G192300.v8.1,Manes.15G192300,(1 of 2) PTHR31062//PTHR31062:SF16 - FAMILY NOT NAMED // XYLOGLUCAN ENDOTRANSGLUCOSYLASE/HYDROLASE PROTEIN 29-RELATED,purple,NA,gene
Manes.15G192600.v8.1,Manes.15G192600,(1 of 1) PTHR10539//PTHR10539:SF0 - 26S PROTEASOME NON-ATPASE REGULATORY SUBUNIT 13 // 26S PROTEASOME NON-ATPASE REGULATORY SUBUNIT 13,turquoise,NA,gene
Manes.15G192700.v8.1,Manes.15G192700,(1 of 2) PTHR10218//PTHR10218:SF192 - GTP-BINDING PROTEIN ALPHA SUBUNIT // EXTRA-LARGE GUANINE NUCLEOTIDE-BINDING PROTEIN 3,turquoise,NA,gene
Manes.15G192766.v8.1,Manes.15G192766,,turquoise,NA,gene
Manes.15G193000.v8.1,Manes.15G193000,(1 of 1) K14837 - nucleolar protein 12 (NOP12),turquoise,NA,gene
Manes.16G000500.v8.1,Manes.16G000500,(1 of 1) PTHR10209//PTHR10209:SF226 - OXIDOREDUCTASE; 2OG-FE II  OXYGENASE FAMILY PROTEIN // 2-OXOGLUTARATE (2OG) AND FE(II)-DEPENDENT OXYGENASE SUPERFAMILY PROTEIN,turquoise,NA,gene
Manes.16G000600.v8.1,Manes.16G000600,(1 of 1) 1.3.3.3 - Coproporphyrinogen oxidase / Coproporphyrinogenase,turquoise,NA,gene
Manes.16G001000.v8.1,Manes.16G001000,(1 of 1) PTHR31579:SF15 - F2401.16,turquoise,NA,gene
Manes.16G001200.v8.1,Manes.16G001200,(1 of 2) PTHR14154//PTHR14154:SF2 - UPF0041 BRAIN PROTEIN 44-RELATED // MITOCHONDRIAL PYRUVATE CARRIER 2,turquoise,NA,gene
Manes.16G001800.v8.1,Manes.16G001800,(1 of 2) K11147 - dehydrogenase/reductase SDR family member 4 (DHRS4),turquoise,NA,gene
Manes.16G002300.v8.1,Manes.16G002300,(1 of 1) PTHR10209//PTHR10209:SF173 - OXIDOREDUCTASE; 2OG-FE II  OXYGENASE FAMILY PROTEIN // SUBFAMILY NOT NAMED,turquoise,NA,gene
Manes.16G002800.v8.1,Manes.16G002800,(1 of 1) PTHR23073//PTHR23073:SF29 - 26S PROTEASE REGULATORY SUBUNIT // P-LOOP CONTAINING NUCLEOSIDE TRIPHOSPHATE HYDROLASES SUPERFAMILY PROTEIN,turquoise,NA,gene
Manes.16G002900.v8.1,Manes.16G002900,(1 of 3) K14012 - UBX domain-containing protein 1 (SHP1; UBX1; NSFL1C),turquoise,NA,gene
Manes.16G003300.v8.1,Manes.16G003300,(1 of 3) PTHR13018:SF47 - ERD (EARLY-RESPONSIVE TO DEHYDRATION STRESS) FAMILY PROTEIN-RELATED,turquoise,NA,gene
Manes.16G003400.v8.1,Manes.16G003400,(1 of 3) PTHR12549:SF16 - HISTONE H3MK9 DEMETHYLASE,turquoise,NA,gene
Manes.16G006400.v8.1,Manes.16G006400,,turquoise,NA,gene
Manes.16G006500.v8.1,Manes.16G006500,(1 of 9) K08341 - GABA(A) receptor-associated protein (GABARAP; ATG8; LC3),turquoise,NA,gene
Manes.16G006600.v8.1,Manes.16G006600,(1 of 1) PTHR11214:SF109 - BETA-1;3-GALACTOSYLTRANSFERASE 1-RELATED,turquoise,NA,gene
Manes.16G007900.v8.1,Manes.16G007900,(1 of 3) PTHR11206//PTHR11206:SF143 - MULTIDRUG RESISTANCE PROTEIN // SUBFAMILY NOT NAMED,turquoise,NA,gene
Manes.16G008200.v8.1,Manes.16G008200,(1 of 1) PTHR30508//PTHR30508:SF1 - FES CLUSTER ASSEMBLY PROTEIN SUF // UPF0051 PROTEIN ABCI8; CHLOROPLASTIC-RELATED,black,NA,gene
Manes.16G009600.v8.1,Manes.16G009600,(1 of 5) K13989 - Derlin-2/3 (DERL2_3),turquoise,NA,gene
Manes.16G009700.v8.1,Manes.16G009700,(1 of 5) PF06454 - Protein of unknown function (DUF1084) (DUF1084),turquoise,NA,gene
Manes.16G009800.v8.1,Manes.16G009800,(1 of 207) PF01535//PF13041 - PPR repeat (PPR) // PPR repeat family (PPR_2),turquoise,NA,gene
Manes.16G009900.v8.1,Manes.16G009900,(1 of 1569) 2.7.11.1 - Non-specific serine/threonine protein kinase / Threonine-specific protein kinase,turquoise,NA,gene
Manes.16G010400.v8.1,Manes.16G010400,(1 of 1) PTHR11079:SF79 - RNA PSEUDOURIDINE SYNTHASE 6; CHLOROPLASTIC,black,NA,gene
Manes.16G010500.v8.1,Manes.16G010500,(1 of 5) K05350 - beta-glucosidase (bglB),turquoise,NA,gene
Manes.16G010700.v8.1,Manes.16G010700,(1 of 4) PTHR11132//PTHR11132:SF112 - SOLUTE CARRIER FAMILY 35 // GLUCOSE-6-PHOSPHATE/PHOSPHATE TRANSLOCATOR 1; CHLOROPLASTIC-RELATED,black,NA,gene
Manes.16G011600.v8.1,Manes.16G011600,(1 of 207) PF01535//PF13041 - PPR repeat (PPR) // PPR repeat family (PPR_2),turquoise,NA,gene
Manes.16G011800.v8.1,Manes.16G011800,(1 of 3) PTHR10641//PTHR10641:SF657 - MYB-LIKE DNA-BINDING PROTEIN MYB // SUBFAMILY NOT NAMED,turquoise,NA,gene
Manes.16G012000.v8.1,Manes.16G012000,(1 of 3) K04551//K08770 - ubiquitin B (UBB) // ubiquitin C (UBC),turquoise,NA,gene
Manes.16G017400.v8.1,Manes.16G017400,(1 of 1) PTHR14255//PTHR14255:SF3 - ATP-DEPENDENT PROTEASE  CEREBLON // SULFITE EXPORTER TAUE/SAFE FAMILY PROTEIN,black,NA,gene
Manes.16G017200.v8.1,Manes.16G017200,(1 of 3) PTHR10438:SF242 - THIOREDOXIN-LIKE PROTEIN CXXS1,turquoise,NA,gene
Manes.16G017100.v8.1,Manes.16G017100,(1 of 1) PTHR24115:SF464 - KINESIN-1-RELATED,purple,NA,gene
Manes.16G015400.v8.1,Manes.16G015400,(1 of 2) PTHR16223:SF21 - TRANSCRIPTION FACTOR BHLH103-RELATED,turquoise,NA,gene
Manes.16G018900.v8.1,Manes.16G018900,(1 of 35) PTHR27002//PTHR27002:SF84 - FAMILY NOT NAMED // ATP BINDING / PROTEIN KINASE-RELATED,black,NA,gene
Manes.16G019000.v8.1,Manes.16G019000,(1 of 35) PTHR27002//PTHR27002:SF84 - FAMILY NOT NAMED // ATP BINDING / PROTEIN KINASE-RELATED,turquoise,NA,gene
Manes.16G019170.v8.1,Manes.16G019170,(1 of 46) PF00582 - Universal stress protein family (Usp),turquoise,NA,gene
Manes.16G019177.v8.1,Manes.16G019177,(1 of 2) K13125 - nitric oxide synthase-interacting protein (NOSIP),turquoise,NA,gene
Manes.16G019400.v8.1,Manes.16G019400,(1 of 3) PTHR12549//PTHR12549:SF13 - JMJC DOMAIN-CONTAINING HISTONE DEMETHYLATION PROTEIN // PROTEIN BINDING / TRANSCRIPTION FACTOR/ ZINC ION BINDING PROTEIN,turquoise,NA,gene
Manes.16G019500.v8.1,Manes.16G019500,(1 of 2) PTHR10566//PTHR10566:SF93 - CHAPERONE-ACTIVITY OF BC1 COMPLEX  CABC1 -RELATED // SUBFAMILY NOT NAMED,turquoise,NA,gene
Manes.16G019600.v8.1,Manes.16G019600,(1 of 1) PTHR11362//PTHR11362:SF34 - PHOSPHATIDYLETHANOLAMINE-BINDING PROTEIN // SUBFAMILY NOT NAMED,turquoise,NA,gene
Manes.16G020400.v8.1,Manes.16G020400,(1 of 3) K14485 - transport inhibitor response 1 (TIR1),turquoise,NA,gene
Manes.16G021300.v8.1,Manes.16G021300,(1 of 3) PTHR23336:SF10 - B3 DOMAIN-CONTAINING TRANSCRIPTION REPRESSOR VAL1-RELATED,turquoise,NA,gene
Manes.16G021700.v8.1,Manes.16G021700,(1 of 3) PTHR33098:SF10 - T28P6.11 PROTEIN,turquoise,NA,gene
Manes.16G022100.v8.1,Manes.16G022100,(1 of 2) PTHR11695:SF610 - QUINONE OXIDOREDUCTASE PIG3,turquoise,NA,gene
Manes.16G022700.v8.1,Manes.16G022700,(1 of 1569) 2.7.11.1 - Non-specific serine/threonine protein kinase / Threonine-specific protein kinase,turquoise,NA,gene
Manes.16G023000.v8.1,Manes.16G023000,(1 of 11) PF05212 - Protein of unknown function (DUF707) (DUF707),turquoise,NA,gene
Manes.16G023700.v8.1,Manes.16G023700,(1 of 1) PTHR11802:SF90 - SERINE CARBOXYPEPTIDASE-LIKE 31-RELATED,turquoise,NA,gene
Manes.16G023800.v8.1,Manes.16G023800,(1 of 1) PTHR31719//PTHR31719:SF29//PTHR31719:SF9 - FAMILY NOT NAMED // SUBFAMILY NOT NAMED // ATNAC2-RELATED,black,NA,gene
Manes.16G024500.v8.1,Manes.16G024500,(1 of 45) PF02701 - Dof domain; zinc finger (zf-Dof),black,NA,gene
Manes.16G024600.v8.1,Manes.16G024600,(1 of 2) K12829 - splicing factor 3B subunit 2 (SF3B2; SAP145; CUS1),turquoise,NA,gene
Manes.16G024900.v8.1,Manes.16G024900,(1 of 1) K15178 - RNA polymerase-associated protein RTF1 (RTF1),turquoise,NA,gene
Manes.16G025200.v8.1,Manes.16G025200,(1 of 1) PTHR22100//PTHR22100:SF13 - FAMILY NOT NAMED // WINGS APART-LIKE PROTEIN HOMOLOG,turquoise,NA,gene
Manes.16G025300.v8.1,Manes.16G025300,(1 of 2) K18998 - RNA polymerase II C-terminal domain phosphatase-like 1/2 [EC:3.1.3.16] (CPL1_2),black,NA,gene
Manes.16G025800.v8.1,Manes.16G025800,(1 of 4) PTHR13780//PTHR13780:SF39 - AMP-ACTIVATED PROTEIN KINASE; GAMMA REGULATORY SUBUNIT // CBS DOMAIN-CONTAINING PROTEIN-RELATED,turquoise,NA,gene
Manes.16G026000.v8.1,Manes.16G026000,(1 of 2) K04712 - sphingolipid delta-4 desaturase (DEGS),turquoise,NA,gene
Manes.16G027432.v8.1,Manes.16G027432,(1 of 3) PTHR12741//PTHR12741:SF23 - LYST-INTERACTING PROTEIN LIP5  DOPAMINE RESPONSIVE PROTEIN DRG-1 // CALLOSE SYNTHASE 11,turquoise,NA,gene
Manes.16G027900.v8.1,Manes.16G027900,(1 of 2) K06027 - vesicle-fusing ATPase (NSF),turquoise,NA,gene
Manes.16G029300.v8.1,Manes.16G029300,(1 of 2) K02988 - small subunit ribosomal protein S5 (RP-S5; MRPS5; rpsE),black,NA,gene
Manes.16G029700.v8.1,Manes.16G029700,(1 of 45) PF02701 - Dof domain; zinc finger (zf-Dof),turquoise,NA,gene
Manes.16G031300.v8.1,Manes.16G031300,,turquoise,NA,gene
Manes.16G031900.v8.1,Manes.16G031900,,turquoise,NA,gene
Manes.16G032000.v8.1,Manes.16G032000,,turquoise,NA,gene
Manes.16G032400.v8.1,Manes.16G032400,(1 of 2) PTHR27000//PTHR27000:SF219 - FAMILY NOT NAMED // RECEPTOR-LIKE PROTEIN KINASE HSL1,turquoise,NA,gene
Manes.16G032500.v8.1,Manes.16G032500,(1 of 3) PTHR31079:SF5 - NAC DOMAIN CONTAINING PROTEIN 10,purple,NA,gene
Manes.16G034601.v8.1,Manes.16G034601,(1 of 1) K07560 - D-tyrosyl-tRNA(Tyr) deacylase [EC:3.1.-.-] (dtd; DTD1),turquoise,NA,gene
Manes.16G034900.v8.1,Manes.16G034900,,turquoise,NA,gene
Manes.16G035100.v8.1,Manes.16G035100,(1 of 3) K08288 - protein kinase C substrate 80K-H (PRKCSH),turquoise,NA,gene
Manes.16G035400.v8.1,Manes.16G035400,(1 of 2) PTHR12992//PTHR12992:SF7 - MUTT-NUDIX-RELATED // SUBFAMILY NOT NAMED,turquoise,NA,gene
Manes.16G035700.v8.1,Manes.16G035700,,turquoise,NA,gene
Manes.16G038000.v8.1,Manes.16G038000,(1 of 8) PTHR24012//PTHR24012:SF490 - FAMILY NOT NAMED // UBP1-ASSOCIATED PROTEIN 2C,turquoise,NA,gene
Manes.16G039700.v8.1,Manes.16G039700,(1 of 17) PF04852 - Protein of unknown function (DUF640) (DUF640),turquoise,NA,gene
Manes.16G039950.v8.1,Manes.16G039950,(1 of 3) PTHR23074:SF84 - AAA-TYPE ATPASE-LIKE PROTEIN-RELATED,turquoise,NA,gene
Manes.16G040100.v8.1,Manes.16G040100,(1 of 29) KOG4282 - Transcription factor GT-2 and related proteins; contains trihelix DNA-binding/SANT domain,turquoise,NA,gene
Manes.16G040150.v8.1,Manes.16G040150,(1 of 3) PTHR33928//PTHR33928:SF2 - FAMILY NOT NAMED // POLYGALACTURONASE QRT3,turquoise,carb,gene
Manes.16G040225.v8.1,Manes.16G040225,,turquoise,NA,gene
Manes.16G040300.v8.1,Manes.16G040300,(1 of 53) PF14009 - Domain of unknown function (DUF4228) (DUF4228),turquoise,NA,gene
Manes.16G041300.v8.1,Manes.16G041300,(1 of 2) PTHR13464//PTHR13464:SF0 - TRANSCRIPTIONAL REGULATOR PROTEIN HCNGP // SAP30-BINDING PROTEIN,turquoise,NA,gene
Manes.16G038900.v8.1,Manes.16G038900,(1 of 6) K17871 - NADH:ubiquinone reductase (non-electrogenic) (ndh1),turquoise,NA,gene
Manes.16G042900.v8.1,Manes.16G042900,(1 of 1) PTHR13194:SF19 - NAD(P)-BINDING ROSSMANN-FOLD SUPERFAMILY PROTEIN,turquoise,NA,gene
Manes.16G042300.v8.1,Manes.16G042300,(1 of 15) PF00069//PF01453 - Protein kinase domain (Pkinase) // D-mannose binding lectin (B_lectin),turquoise,NA,gene
Manes.16G038720.v8.1,Manes.16G038720,(1 of 2) PTHR10015//PTHR10015:SF161 - HEAT SHOCK TRANSCRIPTION FACTOR // E2F/DP FAMILY WINGED-HELIX DNA-BINDING DOMAIN-CONTAINING PROTEIN-RELATED,black,NA,gene
Manes.16G043600.v8.1,Manes.16G043600,(1 of 2) PTHR15629//PTHR15629:SF9 - SH3YL1 PROTEIN // SUBFAMILY NOT NAMED,turquoise,NA,gene
Manes.16G043700.v8.1,Manes.16G043700,,turquoise,NA,gene
Manes.16G044200.v8.1,Manes.16G044200,(1 of 1) PTHR27006//PTHR27006:SF8 - FAMILY NOT NAMED // LEUCINE-RICH REPEAT TRANSMEMBRANE PROTEIN KINASE,turquoise,NA,gene
Manes.16G044450.v8.1,Manes.16G044450,(1 of 3) PF07714//PF11721//PF13855 - Protein tyrosine kinase (Pkinase_Tyr) // Di-glucose binding within endoplasmic reticulum (Malectin) // Leucine rich repeat (LRR_8),turquoise,NA,gene
Manes.16G044900.v8.1,Manes.16G044900,(1 of 2) PTHR31288:SF5 - GENOMIC DNA; CHROMOSOME 3; P1 CLONE: MXL8-RELATED,black,NA,gene
Manes.16G045000.v8.1,Manes.16G045000,(1 of 4) KOG1457 - RNA binding protein (contains RRM repeats),turquoise,NA,gene
Manes.16G045200.v8.1,Manes.16G045200,(1 of 4) PTHR27000//PTHR27000:SF185 - FAMILY NOT NAMED // LEUCINE-RICH REPEAT RECEPTOR-LIKE PROTEIN KINASE PEPR1-RELATED,turquoise,NA,gene
Manes.16G045550.v8.1,Manes.16G045550,(1 of 4) 1.1.1.95 - Phosphoglycerate dehydrogenase / Phosphoglyceric acid dehydrogenase,turquoise,NA,gene
Manes.16G045900.v8.1,Manes.16G045900,(1 of 2) K13413 - mitogen-activated protein kinase kinase 4/5; plant (MKK4_5P),turquoise,NA,gene
Manes.16G046301.v8.1,Manes.16G046301,(1 of 1) PTHR13343//PTHR13343:SF16 - CREG1 PROTEIN // SUBFAMILY NOT NAMED,black,NA,gene
Manes.16G047400.v8.1,Manes.16G047400,(1 of 1) PTHR22750//PTHR22750:SF44 - G-PROTEIN COUPLED RECEPTOR // SUBFAMILY NOT NAMED,turquoise,NA,gene
Manes.16G047800.v8.1,Manes.16G047800,(1 of 2) K04121 - ent-kaurene synthase (E4.2.3.19),turquoise,NA,gene
Manes.16G047900.v8.1,Manes.16G047900,(1 of 1) 2.1.1.191 - 23S rRNA (cytosine(1962)-C(5))-methyltransferase / rRNA large subunit methyltransferase I,turquoise,NA,gene
Manes.16G048001.v8.1,Manes.16G048001,(1 of 4) K00059 - 3-oxoacyl- (fabG),turquoise,NA,gene
Manes.16G048100.v8.1,Manes.16G048100,(1 of 1) 1.2.1.24 - Succinate-semialdehyde dehydrogenase (NAD(+)),turquoise,NA,gene
Manes.16G047576.v8.1,Manes.16G047576,(1 of 1) PTHR11685//PTHR11685:SF132 - RBR FAMILY  RING FINGER AND IBR DOMAIN-CONTAINING // SUBFAMILY NOT NAMED,turquoise,NA,gene
Manes.16G047945.v8.1,Manes.16G047945,(1 of 1) PTHR37220//PTHR37220:SF1 - FAMILY NOT NAMED // O-FUCOSYLTRANSFERASE FAMILY PROTEIN,turquoise,NA,gene
Manes.16G048683.v8.1,Manes.16G048683,(1 of 2) PTHR22891:SF4 - PROTEIN ARGONAUTE 2-RELATED,purple,NA,gene
Manes.16G051000.v8.1,Manes.16G051000,(1 of 2) K05917 - sterol 14-demethylase (CYP51),turquoise,NA,gene
Manes.16G051300.v8.1,Manes.16G051300,(1 of 1) PTHR13439//PTHR13439:SF17 - CT120 PROTEIN // SUBFAMILY NOT NAMED,turquoise,NA,gene
Manes.16G052100.v8.1,Manes.16G052100,(1 of 3) PTHR31065:SF14 - PLATZ TRANSCRIPTION FACTOR FAMILY PROTEIN,turquoise,NA,gene
Manes.16G052000.v8.1,Manes.16G052000,(1 of 6) K13195 - cold-inducible RNA-binding protein (CIRBP),turquoise,NA,gene
Manes.16G051600.v8.1,Manes.16G051600,(1 of 225) 3.2.1.15 - Polygalacturonase / Pectinase,turquoise,carb,gene
Manes.16G050400.v8.1,Manes.16G050400,(1 of 1) 3.5.3.9 - Allantoate deiminase,black,NA,gene
Manes.16G050000.v8.1,Manes.16G050000,(1 of 1) K03859 - phosphatidylinositol glycan; class C (PIGC; GPI2),turquoise,NA,gene
Manes.16G049900.v8.1,Manes.16G049900,(1 of 1) K02258 - cytochrome c oxidase assembly protein subunit 11 (COX11),turquoise,NA,gene
Manes.16G049700.v8.1,Manes.16G049700,(1 of 1) PTHR10857//PTHR10857:SF47 - COPINE // SUBFAMILY NOT NAMED,black,NA,gene
Manes.16G049600.v8.1,Manes.16G049600,(1 of 2) K08507 - unconventional SNARE in the endoplasmic reticulum protein 1 (USE1),turquoise,NA,gene
Manes.16G048930.v8.1,Manes.16G048930,(1 of 1) PTHR12706:SF13 - RING/FYVE/PHD ZINC FINGER DOMAIN-CONTAINING PROTEIN,turquoise,NA,gene
Manes.16G048915.v8.1,Manes.16G048915,(1 of 2) PTHR10366:SF289 - CHLOROPLAST STEM-LOOP BINDING PROTEIN OF 41 KDA B; CHLOROPLASTIC,turquoise,NA,gene
Manes.16G048600.v8.1,Manes.16G048600,(1 of 1) PTHR12357:SF15 - METHYLATED RNA-BINDING PROTEIN 1,turquoise,NA,gene
Manes.16G052800.v8.1,Manes.16G052800,(1 of 1) K09291 - nucleoprotein TPR (TPR; MLP1; MLP2),turquoise,NA,gene
Manes.16G058078.v8.1,Manes.16G058078,,turquoise,NA,gene
Manes.16G054300.v8.1,Manes.16G054300,,turquoise,NA,gene
Manes.16G054132.v8.1,Manes.16G054132,(1 of 1) PTHR18901//PTHR18901:SF28 - 2-DEOXYGLUCOSE-6-PHOSPHATE PHOSPHATASE 2 // SUBFAMILY NOT NAMED,turquoise,NA,gene
Manes.16G054458.v8.1,Manes.16G054458,(1 of 11) PF04937 - Protein of unknown function (DUF 659) (DUF659),turquoise,NA,gene
Manes.16G053863.v8.1,Manes.16G053863,(1 of 2) PTHR24073//PTHR24073:SF570 - FAMILY NOT NAMED // RAS-RELATED PROTEIN RABF2A-RELATED,turquoise,NA,gene
Manes.16G055900.v8.1,Manes.16G055900,(1 of 1) K05750 - NCK-associated protein 1 (NCKAP1; NAP125),turquoise,NA,gene
Manes.16G057225.v8.1,Manes.16G057225,(1 of 1) PTHR31521//PTHR31521:SF2 - FAMILY NOT NAMED // EXPRESSED PROTEIN,turquoise,NA,gene
Manes.16G057800.v8.1,Manes.16G057800,(1 of 1) PTHR32419:SF6 - GLUTATHIONE S-TRANSFERASE OMEGA-LIKE 1-RELATED,turquoise,NA,gene
Manes.16G059100.v8.1,Manes.16G059100,(1 of 1) PTHR12321//PTHR12321:SF38 - CPG BINDING PROTEIN // SUBFAMILY NOT NAMED,black,NA,gene
Manes.16G059300.v8.1,Manes.16G059300,(1 of 2) KOG2215 - Exocyst complex subunit,turquoise,NA,gene
Manes.16G059600.v8.1,Manes.16G059600,(1 of 2) PTHR32278:SF8 - PHLOEM PROTEIN 2-A10-RELATED,turquoise,NA,gene
Manes.16G059900.v8.1,Manes.16G059900,(1 of 2) PTHR21461:SF12 - F21O3.9 PROTEIN-RELATED,black,NA,gene
Manes.16G060700.v8.1,Manes.16G060700,(1 of 1) K03135 - transcription initiation factor TFIID subunit 11 (TAF11),turquoise,NA,gene
Manes.16G061300.v8.1,Manes.16G061300,(1 of 5) KOG0758 - Mitochondrial carnitine-acylcarnitine carrier protein,turquoise,NA,gene
Manes.16G061800.v8.1,Manes.16G061800,(1 of 3) K01187 - alpha-glucosidase (malZ),black,NA,gene
Manes.16G062600.v8.1,Manes.16G062600,(1 of 2) PTHR10694:SF41 - JUMONJI DOMAIN-CONTAINING PROTEIN 18-RELATED,turquoise,NA,gene
Manes.16G062701.v8.1,Manes.16G062701,,turquoise,NA,gene
Manes.16G064500.v8.1,Manes.16G064500,(1 of 1) PTHR24078//PTHR36983//PTHR36983:SF1 - DNAJ HOMOLOG SUBFAMILY C MEMBER // FAMILY NOT NAMED // SUBFAMILY NOT NAMED,turquoise,NA,gene
Manes.16G064900.v8.1,Manes.16G064900,(1 of 1) PTHR19957//PTHR19957:SF116 - SYNTAXIN // SYNTAXIN-32,turquoise,NA,gene
Manes.16G069601.v8.1,Manes.16G069601,(1 of 1) PTHR10209:SF216 - 2-OXOGLUTARATE (2OG) AND FE(II)-DEPENDENT OXYGENASE SUPERFAMILY PROTEIN,turquoise,NA,gene
Manes.16G070600.v8.1,Manes.16G070600,(1 of 3) PF00041 - Fibronectin type III domain (fn3),black,NA,gene
Manes.16G070500.v8.1,Manes.16G070500,(1 of 2) PTHR23180:SF200 - ARF-GAP DOMAIN AND FG REPEAT-CONTAINING PROTEIN 1,turquoise,NA,gene
Manes.16G070300.v8.1,Manes.16G070300,(1 of 6) PTHR10383 - SERINE INCORPORATOR,turquoise,NA,gene
Manes.16G067500.v8.1,Manes.16G067500,(1 of 6) PTHR22847:SF437 - TRANSCRIPTIONAL COREPRESSOR LEUNIG,turquoise,NA,gene
Manes.16G068200.v8.1,Manes.16G068200,(1 of 2) PTHR37252//PTHR37252:SF1 - FAMILY NOT NAMED // CTC-INTERACTING DOMAIN 5,turquoise,NA,gene
Manes.16G068400.v8.1,Manes.16G068400,(1 of 2) PTHR31365:SF5 - COPPER ION BINDING PROTEIN-RELATED,turquoise,NA,gene
Manes.16G068500.v8.1,Manes.16G068500,(1 of 2) PTHR31365//PTHR31365:SF5 - FAMILY NOT NAMED // COPPER ION BINDING PROTEIN-RELATED,turquoise,NA,gene
Manes.16G068600.v8.1,Manes.16G068600,(1 of 1) PTHR13793//PTHR13793:SF94 - PHD FINGER PROTEINS // SUBFAMILY NOT NAMED,turquoise,NA,gene
Manes.16G068700.v8.1,Manes.16G068700,(1 of 1) PTHR23180//PTHR23180:SF266 - CENTAURIN/ARF // SUBFAMILY NOT NAMED,turquoise,NA,gene
Manes.16G069900.v8.1,Manes.16G069900,,turquoise,NA,gene
Manes.16G069800.v8.1,Manes.16G069800,,turquoise,NA,gene
Manes.16G066500.v8.1,Manes.16G066500,(1 of 5) PTHR23023//PTHR23023:SF37 - DIMETHYLANILINE MONOOXYGENASE // INDOLE-3-PYRUVATE MONOOXYGENASE YUCCA2-RELATED,black,NA,gene
Manes.16G066300.v8.1,Manes.16G066300,(1 of 2) K03978 - GTP-binding protein (engB),purple,NA,gene
Manes.16G066100.v8.1,Manes.16G066100,(1 of 6) K17710 - pentatricopeptide repeat domain-containing protein 1 (PTCD1),turquoise,NA,gene
Manes.16G065800.v8.1,Manes.16G065800,(1 of 16) 4.2.3.19 - Ent-kaurene synthase / Ent-kaurene synthetase B,turquoise,NA,gene
Manes.16G067901.v8.1,Manes.16G067901,(1 of 16) 4.2.3.19 - Ent-kaurene synthase / Ent-kaurene synthetase B,turquoise,NA,gene
Manes.16G068951.v8.1,Manes.16G068951,(1 of 16) 4.2.3.19 - Ent-kaurene synthase / Ent-kaurene synthetase B,turquoise,NA,gene
Manes.16G071700.v8.1,Manes.16G071700,(1 of 4) PTHR12446:SF14 - PROTEIN LIN-54 HOMOLOG,turquoise,NA,gene
Manes.16G072000.v8.1,Manes.16G072000,(1 of 1) 5.5.1.24 - Tocopherol cyclase,turquoise,NA,gene
Manes.16G073600.v8.1,Manes.16G073600,(1 of 3) PTHR31734:SF2 - AUXIN-RESPONSIVE PROTEIN IAA18-RELATED,turquoise,NA,gene
Manes.16G074100.v8.1,Manes.16G074100,(1 of 4) PTHR11909:SF73 - PROTEIN KINASE FAMILY PROTEIN,turquoise,NA,gene
Manes.16G074500.v8.1,Manes.16G074500,(1 of 74) PF00069//PF00560//PF08263//PF13855 - Protein kinase domain (Pkinase) // Leucine Rich Repeat (LRR_1) // Leucine rich repeat N-terminal domain (LRRNT_2) // Leucine rich repeat (LRR_8),turquoise,NA,gene
Manes.16G074600.v8.1,Manes.16G074600,(1 of 8) PF08670 - MEKHLA domain (MEKHLA),turquoise,NA,gene
Manes.16G074700.v8.1,Manes.16G074700,(1 of 1) KOG0914 - Thioredoxin-like protein,turquoise,NA,gene
Manes.16G075300.v8.1,Manes.16G075300,(1 of 1) K14304 - nuclear pore complex protein Nup85 (NUP85),turquoise,NA,gene
Manes.16G075700.v8.1,Manes.16G075700,(1 of 1) 1.13.11.69//1.13.11.70 - Carlactone synthase // All-trans-10'-apo-beta-carotenal 13;14-cleaving dioxygenase / Carotenoid cleavage dioxygenase 8,turquoise,NA,gene
Manes.16G076100.v8.1,Manes.16G076100,(1 of 3) PTHR11062//PTHR11062:SF108 - EXOSTOSIN  HEPARAN SULFATE GLYCOSYLTRANSFERASE -RELATED // EXOSTOSIN FAMILY PROTEIN,turquoise,NA,gene
Manes.16G077700.v8.1,Manes.16G077700,(1 of 14) PF07797 - Protein of unknown function (DUF1639) (DUF1639),turquoise,NA,gene
Manes.16G077900.v8.1,Manes.16G077900,(1 of 2) K14291 - phosphorylated adapter RNA export protein (PHAX),turquoise,NA,gene
Manes.16G078200.v8.1,Manes.16G078200,(1 of 3) KOG1730 - Thioredoxin-like protein,turquoise,NA,gene
Manes.16G078700.v8.1,Manes.16G078700,(1 of 4) K13210 - far upstream element-binding protein (FUBP),turquoise,NA,gene
Manes.16G079700.v8.1,Manes.16G079700,(1 of 3) PTHR16254//PTHR16254:SF24 - POTASSIUM/PROTON ANTIPORTER-RELATED // K(+) EFFLUX ANTIPORTER 6,turquoise,NA,gene
Manes.16G080200.v8.1,Manes.16G080200,(1 of 1) K04424 - sterile alpha motif and leucine zipper containing kinase AZK (ZAK; MLTK),turquoise,NA,gene
Manes.16G080700.v8.1,Manes.16G080700,(1 of 1) PTHR11214:SF85 - BETA-1;3-GALACTOSYLTRANSFERASE 12-RELATED,turquoise,NA,gene
Manes.16G080800.v8.1,Manes.16G080800,(1 of 1) PTHR11040//PTHR11040:SF52 - ZINC/IRON TRANSPORTER // SUBFAMILY NOT NAMED,turquoise,NA,gene
Manes.16G080900.v8.1,Manes.16G080900,(1 of 8) PF05553//PF14364 - Cotton fibre expressed protein (DUF761) // Domain of unknown function (DUF4408) (DUF4408),turquoise,NA,gene
Manes.16G081200.v8.1,Manes.16G081200,(1 of 2) 1.14.19.3 - Acyl-CoA 6-desaturase / Long-chain fatty acid Delta(6)-desaturase,purple,NA,gene
Manes.16G081300.v8.1,Manes.16G081300,(1 of 4) K08955 - ATP-dependent metalloprotease [EC:3.4.24.-] (YME1),turquoise,NA,gene
Manes.16G083300.v8.1,Manes.16G083300,(1 of 1) 2.1.1.140 - (S)-coclaurine-N-methyltransferase,black,NA,gene
Manes.16G083900.v8.1,Manes.16G083900,(1 of 2) PTHR12321:SF61 - PHD FINGER PROTEIN ALFIN-LIKE 5,turquoise,NA,gene
Manes.16G084000.v8.1,Manes.16G084000,(1 of 1) K13566 - omega-amidase (NIT2),turquoise,NA,gene
Manes.16G084300.v8.1,Manes.16G084300,(1 of 1) PTHR31618//PTHR31618:SF3 - FAMILY NOT NAMED // MECHANOSENSITIVE ION CHANNEL PROTEIN 10-RELATED,turquoise,NA,gene
Manes.16G085100.v8.1,Manes.16G085100,(1 of 1) PTHR15439//PTHR15439:SF0 - RETINOBLASTOMA-BINDING PROTEIN 6 // SOMETHING THAT STICKS LIKE GLUE,turquoise,NA,gene
Manes.16G085250.v8.1,Manes.16G085250,(1 of 7) PTHR10641:SF459 - TRANSCRIPTION FACTOR TT2,black,NA,gene
Manes.16G085300.v8.1,Manes.16G085300,(1 of 3) PTHR21654//PTHR21654:SF19 - FAMILY NOT NAMED // DUPLICATED HOMEODOMAIN-LIKE SUPERFAMILY PROTEIN,turquoise,NA,gene
Manes.16G085500.v8.1,Manes.16G085500,(1 of 11) 1.5.99.12 - Cytokinin dehydrogenase / Cytokinin oxidase,turquoise,NA,gene
Manes.16G086000.v8.1,Manes.16G086000,(1 of 2) PTHR27000:SF188 - LRR RECEPTOR-LIKE SERINE/THREONINE-PROTEIN KINASE ERECTA,black,NA,gene
Manes.16G086100.v8.1,Manes.16G086100,(1 of 1) PTHR13140//PTHR13140:SF304 - MYOSIN // MYOSIN IA HEAVY CHAIN-RELATED,black,NA,gene
Manes.16G086600.v8.1,Manes.16G086600,(1 of 52) K04733 - interleukin-1 receptor-associated kinase 4 (IRAK4),turquoise,NA,gene
Manes.16G088201.v8.1,Manes.16G088201,(1 of 2) PTHR12668:SF5 - UPF0136 MEMBRANE PROTEIN YJR085C,turquoise,NA,gene
Manes.16G088500.v8.1,Manes.16G088500,(1 of 2) K13462 - guanine nucleotide-exchange factor (MIN7),turquoise,NA,gene
Manes.16G088600.v8.1,Manes.16G088600,(1 of 2) PTHR15138:SF14 - IP01149P-RELATED,turquoise,NA,gene
Manes.16G088800.v8.1,Manes.16G088800,(1 of 1) PF06941 - 5' nucleotidase; deoxy (Pyrimidine); cytosolic type C protein (NT5C) (NT5C),turquoise,NA,gene
Manes.16G089500.v8.1,Manes.16G089500,(1 of 1) PTHR13391:SF0 - PROTEIN MISATO HOMOLOG 1,turquoise,NA,gene
Manes.16G089600.v8.1,Manes.16G089600,(1 of 2) PF04136 - Sec34-like family (Sec34),black,NA,gene
Manes.16G089800.v8.1,Manes.16G089800,(1 of 3) PTHR11353//PTHR11353:SF93 - CHAPERONIN // SUBFAMILY NOT NAMED,turquoise,NA,gene
Manes.16G089900.v8.1,Manes.16G089900,(1 of 2) PTHR22970:SF21 - AT-RICH INTERACTIVE DOMAIN-CONTAINING PROTEIN 4,turquoise,NA,gene
Manes.16G090600.v8.1,Manes.16G090600,(1 of 2) PTHR12526:SF391 - SUCROSE SYNTHASE 1-RELATED,black,carb,gene
Manes.16G092400.v8.1,Manes.16G092400,(1 of 2) PTHR31374:SF22 - AUXIN-RESPONSIVE PROTEIN-LIKE PROTEIN-RELATED,turquoise,NA,gene
Manes.16G093500.v8.1,Manes.16G093500,(1 of 4) PTHR33077:SF13 - PROTEIN TIFY 10A-RELATED,black,NA,gene
Manes.16G093600.v8.1,Manes.16G093600,(1 of 82) PF12708 - Pectate lyase superfamily protein (Pectate_lyase_3),turquoise,NA,gene
Manes.16G094000.v8.1,Manes.16G094000,(1 of 53) PF13839//PF14416 - GDSL/SGNH-like Acyl-Esterase family found in Pmr5 and Cas1p (PC-Esterase) // PMR5 N terminal Domain (PMR5N),turquoise,NA,gene
Manes.16G094502.v8.1,Manes.16G094502,(1 of 4) PTHR12266//PTHR12266:SF9 - NA+/CA2+ K+ INDEPENDENT EXCHANGER // CATION/CALCIUM EXCHANGER 3-RELATED,turquoise,NA,gene
Manes.16G096500.v8.1,Manes.16G096500,(1 of 1) K15176 - RNA polymerase-associated protein CTR9 (CTR9),turquoise,NA,gene
Manes.16G096600.v8.1,Manes.16G096600,(1 of 2) PTHR24282//PTHR24282:SF29 - CYTOCHROME P450 FAMILY MEMBER // CYTOCHROME P450 72C1,black,NA,gene
Manes.16G097200.v8.1,Manes.16G097200,(1 of 2) PTHR11760//PTHR11760:SF22 - 30S/40S RIBOSOMAL PROTEIN S3 // SUBFAMILY NOT NAMED,turquoise,NA,gene
Manes.16G098000.v8.1,Manes.16G098000,(1 of 4) K06889 - uncharacterized protein (K06889),turquoise,NA,gene
Manes.16G098400.v8.1,Manes.16G098400,(1 of 1) KOG2895 - Uncharacterized conserved protein,turquoise,NA,gene
Manes.16G098500.v8.1,Manes.16G098500,(1 of 4) PTHR13140:SF390 - MYOSIN-11-RELATED,turquoise,NA,gene
Manes.16G098600.v8.1,Manes.16G098600,(1 of 2) 4.2.3.1 - Threonine synthase,turquoise,NA,gene
Manes.16G099100.v8.1,Manes.16G099100,(1 of 4) K04368 - mitogen-activated protein kinase kinase 1 (MAP2K1; MEK1),turquoise,NA,gene
Manes.16G099400.v8.1,Manes.16G099400,(1 of 2) PTHR31115:SF3 - EXPRESSED PROTEIN,turquoise,NA,gene
Manes.16G099500.v8.1,Manes.16G099500,(1 of 1) K08234 - glyoxylase I family protein (yaeR),turquoise,NA,gene
Manes.16G099700.v8.1,Manes.16G099700,(1 of 1) PTHR21717//PTHR21717:SF17 - TELOMERIC REPEAT BINDING PROTEIN // TELOMERE REPEAT-BINDING FACTOR 4-RELATED,turquoise,NA,gene
Manes.16G099900.v8.1,Manes.16G099900,(1 of 5) K03257 - translation initiation factor 4A (EIF4A),turquoise,NA,gene
Manes.16G100000.v8.1,Manes.16G100000,(1 of 2) K11155 - diacylglycerol O-acyltransferase 1 (DGAT1),purple,NA,gene
Manes.16G100600.v8.1,Manes.16G100600,(1 of 1) PTHR24198//PTHR24198:SF66 - ANKYRIN REPEAT AND PROTEIN KINASE DOMAIN-CONTAINING PROTEIN // REGULATORY PROTEIN NPR1-RELATED,turquoise,NA,gene
Manes.16G100900.v8.1,Manes.16G100900,(1 of 4) K03553 - recombination protein RecA (recA),turquoise,NA,gene
Manes.16G101100.v8.1,Manes.16G101100,(1 of 1) PTHR10992:SF808 - ALPHA/BETA-HYDROLASES SUPERFAMILY PROTEIN-RELATED,black,NA,gene
Manes.16G101200.v8.1,Manes.16G101200,(1 of 1) PTHR31846//PTHR31846:SF7 - FAMILY NOT NAMED // CRS1 / YHBY (CRM) DOMAIN-CONTAINING PROTEIN,turquoise,NA,gene
Manes.16G101400.v8.1,Manes.16G101400,(1 of 2) PTHR12789//PTHR12789:SF0 - DENSITY-REGULATED PROTEIN HOMOLOG // DENSITY-REGULATED PROTEIN,turquoise,NA,gene
Manes.16G102100.v8.1,Manes.16G102100,(1 of 4) 1.5.3.17 - Non-specific polyamine oxidase / Polyamine oxidase,turquoise,NA,gene
Manes.16G102800.v8.1,Manes.16G102800,(1 of 2) 3.6.1.9 - Nucleotide diphosphatase / Nucleotide pyrophosphatase,turquoise,NA,gene
Manes.16G102900.v8.1,Manes.16G102900,(1 of 2) PTHR10438//PTHR10438:SF227 - THIOREDOXIN // THIOREDOXIN-LIKE 2-1; CHLOROPLASTIC-RELATED,turquoise,NA,gene
Manes.16G103300.v8.1,Manes.16G103300,(1 of 4) PTHR12374//PTHR12374:SF19 - TRANSCRIPTIONAL ADAPTOR 2  ADA2 -RELATED // SUBFAMILY NOT NAMED,purple,NA,gene
Manes.16G105000.v8.1,Manes.16G105000,(1 of 1) PTHR11758//PTHR11758:SF11 - 40S RIBOSOMAL PROTEIN S15A // 40S RIBOSOMAL PROTEIN S15A-2-RELATED,turquoise,NA,gene
Manes.16G105300.v8.1,Manes.16G105300,(1 of 1) PTHR11851:SF153 - INSULINASE (PEPTIDASE FAMILY M16) PROTEIN,turquoise,NA,gene
Manes.16G105750.v8.1,Manes.16G105750,,turquoise,NA,gene
Manes.16G105900.v8.1,Manes.16G105900,(1 of 13) KOG1595 - CCCH-type Zn-finger protein,turquoise,NA,gene
Manes.16G106500.v8.1,Manes.16G106500,(1 of 2) K12403 - AP-4 complex subunit sigma-1 (AP4S1),turquoise,NA,gene
Manes.16G106900.v8.1,Manes.16G106900,(1 of 3) 3.1.3.16//3.1.3.27//3.1.3.48 - Protein-serine/threonine phosphatase / Serine/threonine specific protein phosphatase // Phosphatidylglycerophosphatase // Protein-tyrosine-phosphatase / PTPase,turquoise,NA,gene
Manes.16G107700.v8.1,Manes.16G107700,(1 of 2) PTHR32227//PTHR32227:SF88 - FAMILY NOT NAMED // GLUCAN ENDO-1;3-BETA-GLUCOSIDASE 12-RELATED,turquoise,NA,gene
Manes.16G108000.v8.1,Manes.16G108000,(1 of 1) K08333 - phosphoinositide-3-kinase; regulatory subunit 4 (PIK3R4; VPS15),turquoise,NA,gene
Manes.16G109900.v8.1,Manes.16G109900,(1 of 4) 1.1.1.40 - Malate dehydrogenase (oxaloacetate-decarboxylating) (NADP(+)) / Pyruvic-malic carboxylase,turquoise,NA,gene
Manes.16G110400.v8.1,Manes.16G110400,(1 of 2) K03350 - anaphase-promoting complex subunit 3 (APC3; CDC27),turquoise,NA,gene
Manes.16G110600.v8.1,Manes.16G110600,(1 of 2) K06063 - SNW domain-containing protein 1 (SNW1; SKIIP; SKIP),turquoise,NA,gene
Manes.16G111100.v8.1,Manes.16G111100,,turquoise,NA,gene
Manes.16G111600.v8.1,Manes.16G111600,(1 of 2) PTHR31413:SF2 - AFP HOMOLOG 2,turquoise,NA,gene
Manes.16G112000.v8.1,Manes.16G112000,(1 of 2) PTHR10374//PTHR10374:SF12 - LACTOYLGLUTATHIONE LYASE  GLYOXALASE I // SUBFAMILY NOT NAMED,black,NA,gene
Manes.16G112200.v8.1,Manes.16G112200,(1 of 3) PTHR11909//PTHR11909:SF97 - CASEIN KINASE-RELATED // CASEIN KINASE 1-LIKE PROTEIN 4,turquoise,NA,gene
Manes.16G112600.v8.1,Manes.16G112600,(1 of 2) K02357 - elongation factor Ts (tsf; TSFM),black,NA,gene
Manes.16G112900.v8.1,Manes.16G112900,(1 of 30) K14484 - auxin-responsive protein IAA (IAA),turquoise,NA,gene
Manes.16G113700.v8.1,Manes.16G113700,(1 of 2) PTHR23503//PTHR23503:SF37 - FAMILY NOT NAMED // PLASTIDIC GLUCOSE TRANSPORTER 2-RELATED,turquoise,NA,gene
Manes.16G113800.v8.1,Manes.16G113800,(1 of 4) PTHR12446:SF14 - PROTEIN LIN-54 HOMOLOG,turquoise,NA,gene
Manes.16G113900.v8.1,Manes.16G113900,(1 of 2) 1.1.1.35//4.2.1.17//5.1.2.3//5.3.3.8 - 3-hydroxyacyl-CoA dehydrogenase / Beta-keto-reductase // Enoyl-CoA hydratase / Unsaturated acyl-CoA hydratase // 3-hydroxybutyryl-CoA epimerase // Dodecenoyl-CoA isomerase / Dodecenoyl-CoA Delta-isomerase,turquoise,NA,gene
Manes.16G114400.v8.1,Manes.16G114400,(1 of 4) PTHR11886//PTHR11886:SF47 - DYNEIN LIGHT CHAIN // SUBFAMILY NOT NAMED,turquoise,NA,gene
Manes.16G114500.v8.1,Manes.16G114500,(1 of 4) PTHR31876//PTHR31876:SF6 - FAMILY NOT NAMED // PROTEIN LIKE-COV 3,turquoise,NA,gene
Manes.16G114800.v8.1,Manes.16G114800,(1 of 2) PTHR11266//PTHR11266:SF35 - PEROXISOMAL MEMBRANE PROTEIN 2; PXMP2  MPV17 // GENOMIC DNA; CHROMOSOME 3; P1 CLONE: MOB24,turquoise,NA,gene
Manes.16G115100.v8.1,Manes.16G115100,(1 of 1) 3.4.21.112 - Site-1 protease / Subtilisin/kexin isozyme 1,turquoise,NA,gene
Manes.16G115300.v8.1,Manes.16G115300,(1 of 10) PTHR27001//PTHR27001:SF89 - FAMILY NOT NAMED // PROLINE-RICH RECEPTOR-LIKE PROTEIN KINASE PERK1-RELATED,turquoise,NA,gene
Manes.16G115500.v8.1,Manes.16G115500,(1 of 2) PTHR24193//PTHR24193:SF70 - ANKYRIN REPEAT PROTEIN // AAA-TYPE ATPASE FAMILY PROTEIN / ANKYRIN REPEAT FAMILY PROTEIN,turquoise,NA,gene
Manes.16G117000.v8.1,Manes.16G117000,(1 of 1) PTHR11909//PTHR11909:SF153 - CASEIN KINASE-RELATED // SUBFAMILY NOT NAMED,turquoise,NA,gene
Manes.16G117200.v8.1,Manes.16G117200,(1 of 2) K12355 - coniferyl-aldehyde dehydrogenase (REF1),black,NA,gene
Manes.16G118100.v8.1,Manes.16G118100,(1 of 2) K03661 - V-type H+-transporting ATPase 21kDa proteolipid subunit (ATPeV0B; ATP6F),turquoise,NA,gene
Manes.16G119400.v8.1,Manes.16G119400,(1 of 1) 2.1.1.204 - tRNA (cytosine(38)-C(5))-methyltransferase,turquoise,NA,gene
Manes.16G119700.v8.1,Manes.16G119700,(1 of 3) K09566 - peptidyl-prolyl isomerase G (cyclophilin G) [EC:5.2.1.8] (PPIG),turquoise,NA,gene
Manes.16G119900.v8.1,Manes.16G119900,(1 of 2) PTHR12446//PTHR12446:SF27 - TESMIN/TSO1-RELATED // SUBFAMILY NOT NAMED,turquoise,NA,gene
Manes.16G120400.v8.1,Manes.16G120400,(1 of 2) PTHR13301:SF33 - CELLULOSE SYNTHASE A CATALYTIC SUBUNIT 1 [UDP-FORMING],turquoise,NA,gene
Manes.16G120800.v8.1,Manes.16G120800,(1 of 3) PTHR11132//PTHR11132:SF80 - SOLUTE CARRIER FAMILY 35 // SUBFAMILY NOT NAMED,turquoise,NA,gene
Manes.16G121200.v8.1,Manes.16G121200,(1 of 22) 5.3.4.1 - Protein disulfide-isomerase / S-S rearrangase,black,NA,gene
Manes.16G121500.v8.1,Manes.16G121500,(1 of 4) PTHR31194//PTHR31194:SF13 - SHN  SHINE ; DNA BINDING / TRANSCRIPTION FACTOR // ETHYLENE-RESPONSIVE TRANSCRIPTION FACTOR SHINE 2-RELATED,turquoise,NA,gene
Manes.16G121600.v8.1,Manes.16G121600,(1 of 3) PTHR18896//PTHR18896:SF11 - PHOSPHOLIPASE D // PHOSPHOLIPASE D ALPHA 1-RELATED,purple,NA,gene
Manes.16G122500.v8.1,Manes.16G122500,(1 of 2) PF11721//PF13855 - Di-glucose binding within endoplasmic reticulum (Malectin) // Leucine rich repeat (LRR_8),turquoise,NA,gene
Manes.16G122601.v8.1,Manes.16G122601,(1 of 30) K14484 - auxin-responsive protein IAA (IAA),black,NA,gene
Manes.16G122700.v8.1,Manes.16G122700,(1 of 2) K02109 - F-type H+-transporting ATPase subunit b (ATPF0B; atpF),turquoise,NA,gene
Manes.16G123000.v8.1,Manes.16G123000,(1 of 7) K00759 - adenine phosphoribosyltransferase (APRT; apt),turquoise,NA,gene
Manes.16G123500.v8.1,Manes.16G123500,(1 of 2) PTHR24007//PTHR24007:SF6 - BRCA1-ASSOCIATED PROTEIN // SUBFAMILY NOT NAMED,turquoise,NA,gene
Manes.16G124200.v8.1,Manes.16G124200,(1 of 6) KOG2765 - Predicted membrane protein,turquoise,NA,gene
Manes.16G125000.v8.1,Manes.16G125000,(1 of 1) K06990 - uncharacterized protein (K06990),turquoise,NA,gene
Manes.16G125200.v8.1,Manes.16G125200,(1 of 2) PTHR12294//PTHR12294:SF12 - EF HAND DOMAIN FAMILY A1;A2-RELATED // SUBFAMILY NOT NAMED,turquoise,NA,gene
Manes.16G125500.v8.1,Manes.16G125500,(1 of 9) KOG0001//KOG0005 - Ubiquitin and ubiquitin-like proteins // Ubiquitin-like protein,turquoise,NA,gene
Manes.16G125600.v8.1,Manes.16G125600,,turquoise,NA,gene
Manes.16G126100.v8.1,Manes.16G126100,(1 of 2) PTHR11850:SF122 - HOMEOBOX PROTEIN KNOTTED-1-LIKE 3-RELATED,turquoise,NA,gene
Manes.16G126400.v8.1,Manes.16G126400,(1 of 5) PF15365 - Proline-rich nuclear receptor coactivator (PNRC),black,NA,gene
Manes.16G126500.v8.1,Manes.16G126500,(1 of 2) PTHR27001//PTHR27001:SF62 - FAMILY NOT NAMED // PROTEIN KINASE FAMILY PROTEIN-RELATED,black,NA,gene
Manes.16G127400.v8.1,Manes.16G127400,(1 of 2) PTHR11177//PTHR11177:SF208 - CHITINASE // SUBFAMILY NOT NAMED,turquoise,NA,gene
Manes.16G127800.v8.1,Manes.16G127800,(1 of 1) KOG4731 - Protein predicted to be involved in spindle matrix formation; contains DM13; DoH; and DOMON domains,turquoise,NA,gene
Manes.16G128000.v8.1,Manes.16G128000,(1 of 2) PTHR10797//PTHR10797:SF14 - CCR4-NOT TRANSCRIPTION COMPLEX SUBUNIT // CCR4-ASSOCIATED FACTOR 1 HOMOLOG 10-RELATED,black,NA,gene
Manes.16G128200.v8.1,Manes.16G128200,(1 of 3) PTHR33476:SF6 - MYOSIN HEAVY CHAIN-LIKE PROTEIN,turquoise,NA,gene
Manes.16G128700.v8.1,Manes.16G128700,(1 of 1) K03130 - transcription initiation factor TFIID subunit 5 (TAF5),turquoise,NA,gene
Manes.16G129100.v8.1,Manes.16G129100,(1 of 4) PTHR23213//PTHR23213:SF190 - FORMIN-RELATED // FORMIN-LIKE PROTEIN 17-RELATED,turquoise,NA,gene
Manes.16G129200.v8.1,Manes.16G129200,(1 of 3) PTHR33476//PTHR33476:SF6 - FAMILY NOT NAMED // MYOSIN HEAVY CHAIN-LIKE PROTEIN,turquoise,NA,gene
Manes.16G129300.v8.1,Manes.16G129300,(1 of 1) PTHR21145:SF1 - CHORISMATE MUTASE 2,turquoise,NA,gene
Manes.16G129600.v8.1,Manes.16G129600,(1 of 1) PTHR11941//PTHR11941:SF96 - ENOYL-COA HYDRATASE-RELATED // 3-HYDROXYISOBUTYRYL-COA HYDROLASE-LIKE PROTEIN 2; MITOCHONDRIAL,turquoise,NA,gene
Manes.16G129700.v8.1,Manes.16G129700,(1 of 2) PTHR35119:SF1 - PROTEIN GIGAS CELL1-RELATED,turquoise,NA,gene
Manes.16G129800.v8.1,Manes.16G129800,(1 of 2) PTHR32370//PTHR32370:SF7 - FAMILY NOT NAMED // BTB/POZ DOMAIN-CONTAINING PROTEIN NPY1,black,NA,gene
Manes.16G129900.v8.1,Manes.16G129900,(1 of 8) K17086 - transmembrane 9 superfamily member 2/4 (TM9SF2_4),turquoise,NA,gene
Manes.16G130900.v8.1,Manes.16G130900,(1 of 2) KOG1766 - Enhancer of rudimentary,purple,NA,gene
Manes.16G131000.v8.1,Manes.16G131000,(1 of 2) K12842 - U2-associated protein SR140 (SR140),turquoise,NA,gene
Manes.16G131100.v8.1,Manes.16G131100,(1 of 10) PF12776 - Myb/SANT-like DNA-binding domain (Myb_DNA-bind_3),turquoise,NA,gene
Manes.16G132000.v8.1,Manes.16G132000,(1 of 46) PF05678 - VQ motif (VQ),turquoise,NA,gene
Manes.16G132100.v8.1,Manes.16G132100,(1 of 1) PTHR32017//PTHR32017:SF3 - FAMILY NOT NAMED // SPINDLE AND KINETOCHORE-ASSOCIATED PROTEIN 2,turquoise,NA,gene
Manes.16G132200.v8.1,Manes.16G132200,(1 of 1) PTHR23329:SF2 - ZINC FINGER CCCH-TYPE WITH G PATCH DOMAIN-CONTAINING PROTEIN,turquoise,NA,gene
Manes.16G132300.v8.1,Manes.16G132300,(1 of 1) PTHR21266:SF29 - PROTEIN TIC 55; CHLOROPLASTIC,turquoise,NA,gene
Manes.16G132600.v8.1,Manes.16G132600,(1 of 5) PTHR13683:SF246 - ASPARTYL PROTEASE FAMILY PROTEIN,turquoise,NA,gene
Manes.16G132875.v8.1,Manes.16G132875,(1 of 5) PTHR13683//PTHR13683:SF246 - ASPARTYL PROTEASES // ASPARTYL PROTEASE FAMILY PROTEIN,turquoise,NA,gene
Manes.16G133000.v8.1,Manes.16G133000,(1 of 2) PTHR12136//PTHR12136:SF38 - STEROIDOGENIC ACUTE REGULATORY PROTEIN  STAR // SUBFAMILY NOT NAMED,black,NA,gene
Manes.16G133100.v8.1,Manes.16G133100,(1 of 2) PTHR13832//PTHR13832:SF352 - PROTEIN PHOSPHATASE 2C // PROTEIN PHOSPHATASE 2C 59-RELATED,turquoise,NA,gene
Manes.16G133600.v8.1,Manes.16G133600,(1 of 2) PTHR18966//PTHR18966:SF242 - IONOTROPIC GLUTAMATE RECEPTOR // GLUTAMATE RECEPTOR 2.1-RELATED,black,NA,gene
Manes.16G133800.v8.1,Manes.16G133800,(1 of 10) K11855 - ubiquitin carboxyl-terminal hydrolase 36/42 [EC:3.4.19.12] (USP36_42),purple,NA,gene
Manes.16G134600.v8.1,Manes.16G134600,(1 of 1) PTHR11915//PTHR11915:SF275 - SPECTRIN/FILAMIN RELATED CYTOSKELETAL PROTEIN // SUBFAMILY NOT NAMED,turquoise,NA,gene
Manes.16G134800.v8.1,Manes.16G134800,(1 of 1) PTHR31282//PTHR31282:SF15 - FAMILY NOT NAMED // WRKY TRANSCRIPTION FACTOR 11-RELATED,turquoise,NA,gene
Manes.16G135700.v8.1,Manes.16G135700,(1 of 2) PTHR22937//PTHR22937:SF53 - RING FINGER CONTAINING PROTEIN // SUBFAMILY NOT NAMED,turquoise,NA,gene
Manes.16G136000.v8.1,Manes.16G136000,(1 of 13) K01535 - H+-transporting ATPase (E3.6.3.6),black,NA,gene
Manes.16G136600.v8.1,Manes.16G136600,(1 of 1) K12815 - pre-mRNA-splicing factor ATP-dependent RNA helicase DHX38/PRP16 (DHX38; PRP16),turquoise,NA,gene
Manes.16G137300.v8.1,Manes.16G137300,(1 of 2) PTHR22952//PTHR22952:SF113 - CAMP-RESPONSE ELEMENT BINDING PROTEIN-RELATED // SUBFAMILY NOT NAMED,black,NA,gene
Manes.16G138400.v8.1,Manes.16G138400,(1 of 3) PTHR22166//PTHR22166:SF12 - FAMILY NOT NAMED // PROTEIN LUNAPARK,turquoise,NA,gene
Manes.16G138600.v8.1,Manes.16G138600,(1 of 1) K11789 - HIV-1 Vpr-binding protein (VPRBP; DCAF1),turquoise,NA,gene
Manes.17G000150.v8.1,Manes.17G000150,(1 of 12) KOG0594 - Protein kinase PCTAIRE and related kinases,turquoise,NA,gene
Manes.17G001200.v8.1,Manes.17G001200,(1 of 1) K12400 - AP-4 complex subunit epsilon-1 (AP4E1),turquoise,NA,gene
Manes.17G001100.v8.1,Manes.17G001100,(1 of 2) PTHR10994//PTHR10994:SF69 - RETICULON // PROLINE-RICH PROTEIN 18,turquoise,NA,gene
Manes.17G001120.v8.1,Manes.17G001120,(1 of 52) PF01535//PF13041//PF13812 - PPR repeat (PPR) // PPR repeat family (PPR_2) // Pentatricopeptide repeat domain (PPR_3),black,NA,gene
Manes.17G000600.v8.1,Manes.17G000600,(1 of 1) PTHR33101//PTHR33101:SF2 - FAMILY NOT NAMED // ROP GUANINE NUCLEOTIDE EXCHANGE FACTOR 14,black,NA,gene
Manes.17G000400.v8.1,Manes.17G000400,(1 of 1) K03018 - DNA-directed RNA polymerase III subunit RPC1 (RPC1; POLR3A),turquoise,NA,gene
Manes.17G001400.v8.1,Manes.17G001400,(1 of 6) K09250 - cellular nucleic acid-binding protein (CNBP),turquoise,NA,gene
Manes.17G006200.v8.1,Manes.17G006200,(1 of 22) PF12854//PF13041 - PPR repeat (PPR_1) // PPR repeat family (PPR_2),turquoise,NA,gene
Manes.17G005900.v8.1,Manes.17G005900,(1 of 1) PTHR11662:SF282 - ANION TRANSPORTER 5-RELATED,black,NA,gene
Manes.17G005400.v8.1,Manes.17G005400,(1 of 1) PTHR10663//PTHR10663:SF147 - GUANYL-NUCLEOTIDE EXCHANGE FACTOR // SUBFAMILY NOT NAMED,black,NA,gene
Manes.17G004800.v8.1,Manes.17G004800,(1 of 1) KOG4118 - Uncharacterized conserved protein,turquoise,NA,gene
Manes.17G004600.v8.1,Manes.17G004600,(1 of 2) PTHR22762:SF7 - ALPHA GLUCOSIDASE-LIKE PROTEIN,turquoise,NA,gene
Manes.17G004300.v8.1,Manes.17G004300,,turquoise,NA,gene
Manes.17G003400.v8.1,Manes.17G003400,,turquoise,NA,gene
Manes.17G003300.v8.1,Manes.17G003300,(1 of 1) PTHR10381//PTHR10381:SF24 - ATP-DEPENDENT CLP PROTEASE PROTEOLYTIC SUBUNIT // SUBFAMILY NOT NAMED,turquoise,NA,gene
Manes.17G006901.v8.1,Manes.17G006901,(1 of 4) PTHR23213//PTHR23213:SF190 - FORMIN-RELATED // FORMIN-LIKE PROTEIN 17-RELATED,turquoise,NA,gene
Manes.17G007000.v8.1,Manes.17G007000,(1 of 1) PTHR11819//PTHR11819:SF94 - SODIUM/SOLUTE SYMPORTER // SODIUM-DEPENDENT MULTIVITAMIN TRANSPORTER-RELATED,turquoise,NA,gene
Manes.17G007200.v8.1,Manes.17G007200,(1 of 4) PTHR22870//PTHR22870:SF190 - REGULATOR OF CHROMOSOME CONDENSATION // SUBFAMILY NOT NAMED,turquoise,NA,gene
Manes.17G007332.v8.1,Manes.17G007332,(1 of 2) K08829 - male germ cell-associated kinase [EC:2.7.11.22] (MAK),turquoise,NA,gene
Manes.17G008000.v8.1,Manes.17G008000,,black,NA,gene
Manes.17G008200.v8.1,Manes.17G008200,(1 of 1) K10899 - ATP-dependent DNA helicase Q1 [EC:3.6.4.12] (RECQL),turquoise,NA,gene
Manes.17G008600.v8.1,Manes.17G008600,(1 of 11) PF04819 - Family of unknown function (DUF716) (DUF716),turquoise,NA,gene
Manes.17G008700.v8.1,Manes.17G008700,(1 of 1) PTHR12136:SF47 - STEROIDOGENIC ACUTE REGULATORY-LIKE PROTEIN 1,turquoise,NA,gene
Manes.17G008800.v8.1,Manes.17G008800,(1 of 5) PF09353 - Domain of unknown function (DUF1995) (DUF1995),black,NA,gene
Manes.17G009100.v8.1,Manes.17G009100,(1 of 2) 1.23.1.4 - (-)-lariciresinol reductase / Pinoresinol/lariciresinol reductase,purple,NA,gene
Manes.17G009200.v8.1,Manes.17G009200,(1 of 1) PTHR31499//PTHR31499:SF5 - FAMILY NOT NAMED // HOMEODOMAIN-LIKE SUPERFAMILY PROTEIN,black,NA,gene
Manes.17G006600.v8.1,Manes.17G006600,(1 of 1) 2.4.2.19 - Nicotinate-nucleotide diphosphorylase (carboxylating) / Quinolinate phosphoribosyltransferase (decarboxylating),turquoise,NA,gene
Manes.17G006400.v8.1,Manes.17G006400,(1 of 1) PTHR24096//PTHR24096:SF253 - FAMILY NOT NAMED // 4-COUMARATE--COA LIGASE-LIKE 6,turquoise,NA,gene
Manes.17G009300.v8.1,Manes.17G009300,(1 of 3) PTHR13018:SF47 - ERD (EARLY-RESPONSIVE TO DEHYDRATION STRESS) FAMILY PROTEIN-RELATED,turquoise,NA,gene
Manes.17G010700.v8.1,Manes.17G010700,(1 of 2) K12493 - ADP-ribosylation factor GTPase-activating protein 2/3 (ARFGAP2_3),turquoise,NA,gene
Manes.17G010150.v8.1,Manes.17G010150,,turquoise,NA,gene
Manes.17G011700.v8.1,Manes.17G011700,,turquoise,NA,gene
Manes.17G011900.v8.1,Manes.17G011900,(1 of 2) PTHR31500//PTHR31500:SF17 - FAMILY NOT NAMED // AT HOOK MOTIF DNA-BINDING FAMILY PROTEIN,turquoise,NA,gene
Manes.17G012100.v8.1,Manes.17G012100,(1 of 21) PF00954//PF01453//PF07714//PF08276//PF11883 - S-locus glycoprotein domain (S_locus_glycop) // D-mannose binding lectin (B_lectin) // Protein tyrosine kinase (Pkinase_Tyr) // PAN-like domain (PAN_2) // Domain of unknown function (DUF3403) (DUF3403),turquoise,NA,gene
Manes.17G012402.v8.1,Manes.17G012402,(1 of 4) PTHR10849 - NADH DEHYDROGENASE  UBIQUINONE  IRON-SULFUR PROTEIN 8; MITOCHONDRIAL,turquoise,NA,gene
Manes.17G013400.v8.1,Manes.17G013400,(1 of 1) PTHR31213:SF6 - ABSCISIC ACID RECEPTOR PYL1-RELATED,turquoise,NA,gene
Manes.17G015710.v8.1,Manes.17G015710,,turquoise,NA,gene
Manes.17G013600.v8.1,Manes.17G013600,(1 of 2) PTHR13832:SF340 - PROTEIN PHOSPHATASE 2C 29,turquoise,NA,gene
Manes.17G014100.v8.1,Manes.17G014100,(1 of 2) PTHR10044:SF133 - MND1-INTERACTING PROTEIN 1,turquoise,NA,gene
Manes.17G014200.v8.1,Manes.17G014200,(1 of 16) KOG1677 - CCCH-type Zn-finger protein,turquoise,NA,gene
Manes.17G014700.v8.1,Manes.17G014700,(1 of 2) K03039 - 26S proteasome regulatory subunit N9 (PSMD13; RPN9),turquoise,NA,gene
Manes.17G015000.v8.1,Manes.17G015000,(1 of 1) PTHR13366:SF0 - HEAT REPEAT-CONTAINING PROTEIN 6,turquoise,NA,gene
Manes.17G016075.v8.1,Manes.17G016075,,turquoise,NA,gene
Manes.17G016400.v8.1,Manes.17G016400,(1 of 3) K03544 - ATP-dependent Clp protease ATP-binding subunit ClpX (clpX; CLPX),turquoise,NA,gene
Manes.17G018800.v8.1,Manes.17G018800,(1 of 1) K14950 - cation-transporting ATPase 13A1 (ATP13A1),turquoise,NA,gene
Manes.17G018825.v8.1,Manes.17G018825,(1 of 25) KOG1427 - Uncharacterized conserved protein; contains RCC1 domain,turquoise,NA,gene
Manes.17G018849.v8.1,Manes.17G018849,(1 of 1) K00630 - glycerol-3-phosphate O-acyltransferase (ATS1),turquoise,NA,gene
Manes.17G017000.v8.1,Manes.17G017000,,turquoise,NA,gene
Manes.17G019200.v8.1,Manes.17G019200,(1 of 1) PTHR12050:SF1 - VACUOLAR PROTEIN SORTING-ASSOCIATED PROTEIN 55 HOMOLOG,turquoise,NA,gene
Manes.17G019400.v8.1,Manes.17G019400,(1 of 1) PTHR10108//PTHR10108:SF922 - METHYLTRANSFERASE // METHYLTRANSFERASE PMT14-RELATED,black,NA,gene
Manes.17G019500.v8.1,Manes.17G019500,(1 of 2) PTHR31312:SF2 - TWO-COMPONENT RESPONSE REGULATOR-LIKE APRR2,turquoise,NA,gene
Manes.17G019783.v8.1,Manes.17G019783,(1 of 1) PTHR16166:SF105 - PLECKSTRIN HOMOLOGY (PH) DOMAIN-CONTAINING PROTEIN,turquoise,NA,gene
Manes.17G020000.v8.1,Manes.17G020000,(1 of 20) PF04570 - zinc-finger of the FCS-type; C2-C2 (zf-FLZ),turquoise,NA,gene
Manes.17G020550.v8.1,Manes.17G020550,,turquoise,NA,gene
Manes.17G021150.v8.1,Manes.17G021150,(1 of 1569) 2.7.11.1 - Non-specific serine/threonine protein kinase / Threonine-specific protein kinase,black,NA,gene
Manes.17G021100.v8.1,Manes.17G021100,(1 of 7) PTHR11654:SF59 - PROTEIN NRT1/ PTR FAMILY 2.10-RELATED,turquoise,NA,gene
Manes.17G021400.v8.1,Manes.17G021400,(1 of 207) PF01535//PF13041 - PPR repeat (PPR) // PPR repeat family (PPR_2),turquoise,NA,gene
Manes.17G024300.v8.1,Manes.17G024300,(1 of 2) PTHR23056//PTHR23056:SF41 - CALCINEURIN B // CALCINEURIN B-LIKE PROTEIN 9,turquoise,NA,gene
Manes.17G022800.v8.1,Manes.17G022800,(1 of 3) K02921 - large subunit ribosomal protein L37Ae (RP-L37Ae; RPL37A),turquoise,NA,gene
Manes.17G022500.v8.1,Manes.17G022500,(1 of 3) K02146 - V-type H+-transporting ATPase subunit d (ATPeV0D; ATP6D),turquoise,NA,gene
Manes.17G022200.v8.1,Manes.17G022200,(1 of 1) K10260 - F-box and WD-40 domain protein 7 (FBXW7; SEL10),turquoise,NA,gene
Manes.17G021900.v8.1,Manes.17G021900,(1 of 1) K14326 - regulator of nonsense transcripts 1 (UPF1; RENT1),turquoise,NA,gene
Manes.17G021800.v8.1,Manes.17G021800,(1 of 1) PTHR14445//PTHR14445:SF39//PTHR22884//PTHR22884:SF339 - GRB10 INTERACTING GYF PROTEIN // SWIB/MDM2; PLUS-3 AND GYF DOMAIN-CONTAINING PROTEIN-RELATED // SET DOMAIN PROTEINS // PHD FINGER; SWIB/MDM2 AND GYF DOMAIN-CONTAINING PROTEIN,turquoise,NA,gene
Manes.17G026395.v8.1,Manes.17G026395,(1 of 74) PF00069//PF07714 - Protein kinase domain (Pkinase) // Protein tyrosine kinase (Pkinase_Tyr),turquoise,NA,gene
Manes.17G022526.v8.1,Manes.17G022526,(1 of 83) PF13920 - Zinc finger; C3HC4 type (RING finger) (zf-C3HC4_3),turquoise,NA,gene
Manes.17G027900.v8.1,Manes.17G027900,(1 of 1) 4.1.1.9 - Malonyl-CoA decarboxylase / Malonyl-CoA carboxy-lyase,turquoise,NA,gene
Manes.17G028100.v8.1,Manes.17G028100,(1 of 2) K13429 - chitin elicitor receptor kinase 1 (CERK1),black,NA,gene
Manes.17G029012.v8.1,Manes.17G029012,(1 of 7) 3.4.23.40 - Phytepsin,turquoise,NA,gene
Manes.17G029024.v8.1,Manes.17G029024,(1 of 6) PTHR24361:SF380 - MITOGEN-ACTIVATED PROTEIN KINASE KINASE KINASE 17-RELATED,purple,NA,gene
Manes.17G026000.v8.1,Manes.17G026000,(1 of 321) PF00249 - Myb-like DNA-binding domain (Myb_DNA-binding),turquoise,NA,gene
Manes.17G026600.v8.1,Manes.17G026600,(1 of 9) K08341 - GABA(A) receptor-associated protein (GABARAP; ATG8; LC3),turquoise,NA,gene
Manes.17G038908.v8.1,Manes.17G038908,(1 of 1) PF08323//PF16760 - Starch synthase catalytic domain (Glyco_transf_5) // Starch/carbohydrate-binding module (family 53) (CBM53),turquoise,carb,gene
Manes.17G038900.v8.1,Manes.17G038900,(1 of 3) PTHR11693//PTHR11693:SF21 - ATP SYNTHASE GAMMA CHAIN // ATP SYNTHASE GAMMA CHAIN 1; CHLOROPLASTIC-RELATED,turquoise,NA,gene
Manes.17G038905.v8.1,Manes.17G038905,,turquoise,NA,gene
Manes.17G037900.v8.1,Manes.17G037900,(1 of 1) PTHR12298//PTHR12298:SF22 - PCDC2  PROGRAMMED CELL DEATH PROTEIN 2 -RELATED // SUBFAMILY NOT NAMED,turquoise,NA,gene
Manes.17G036600.v8.1,Manes.17G036600,(1 of 1) PTHR15921:SF4 - PCF11P-SIMILAR PROTEIN 4,turquoise,NA,gene
Manes.17G035500.v8.1,Manes.17G035500,(1 of 7) K12160 - small ubiquitin-related modifier (SUMO; SMT3),turquoise,NA,gene
Manes.17G035300.v8.1,Manes.17G035300,(1 of 3) K04551//K08770 - ubiquitin B (UBB) // ubiquitin C (UBC),turquoise,NA,gene
Manes.17G035000.v8.1,Manes.17G035000,(1 of 1) K10862 - tyrosyl-DNA phosphodiesterase 1 [EC:3.1.4.-] (TDP1),turquoise,NA,gene
Manes.17G034900.v8.1,Manes.17G034900,(1 of 3) PTHR10209:SF90 - GIBBERELLIN 2-BETA-DIOXYGENASE 7-RELATED,turquoise,NA,gene
Manes.17G030300.v8.1,Manes.17G030300,,turquoise,NA,gene
Manes.17G031100.v8.1,Manes.17G031100,(1 of 2) PTHR16223:SF21 - TRANSCRIPTION FACTOR BHLH103-RELATED,turquoise,NA,gene
Manes.17G031200.v8.1,Manes.17G031200,(1 of 7) K03809 - NAD(P)H dehydrogenase (quinone) (wrbA),purple,NA,gene
Manes.17G031800.v8.1,Manes.17G031800,(1 of 35) PTHR27002//PTHR27002:SF84 - FAMILY NOT NAMED // ATP BINDING / PROTEIN KINASE-RELATED,turquoise,NA,gene
Manes.17G032000.v8.1,Manes.17G032000,(1 of 21) PF00954//PF01453//PF07714//PF08276//PF11883 - S-locus glycoprotein domain (S_locus_glycop) // D-mannose binding lectin (B_lectin) // Protein tyrosine kinase (Pkinase_Tyr) // PAN-like domain (PAN_2) // Domain of unknown function (DUF3403) (DUF3403),turquoise,NA,gene
Manes.17G032200.v8.1,Manes.17G032200,(1 of 3) PTHR27002:SF93 - RECEPTOR-LIKE SERINE/THREONINE-PROTEIN KINASE SD1-6-RELATED,turquoise,NA,gene
Manes.17G032900.v8.1,Manes.17G032900,(1 of 25) PF04749 - PLAC8 family (PLAC8),turquoise,NA,gene
Manes.17G033900.v8.1,Manes.17G033900,(1 of 3) PTHR12549//PTHR12549:SF13 - JMJC DOMAIN-CONTAINING HISTONE DEMETHYLATION PROTEIN // PROTEIN BINDING / TRANSCRIPTION FACTOR/ ZINC ION BINDING PROTEIN,turquoise,NA,gene
Manes.17G033500.v8.1,Manes.17G033500,(1 of 5) PTHR10809:SF48 - VESICLE-ASSOCIATED PROTEIN 4-1,turquoise,NA,gene
Manes.17G039650.v8.1,Manes.17G039650,(1 of 3) PTHR23336:SF10 - B3 DOMAIN-CONTAINING TRANSCRIPTION REPRESSOR VAL1-RELATED,turquoise,NA,gene
Manes.17G040000.v8.1,Manes.17G040000,(1 of 3) PTHR33098:SF10 - T28P6.11 PROTEIN,black,NA,gene
Manes.17G041500.v8.1,Manes.17G041500,(1 of 2) PF08513//PF10607 - LisH (LisH) // CTLH/CRA C-terminal to LisH motif domain (CLTH),turquoise,NA,gene
Manes.17G041700.v8.1,Manes.17G041700,(1 of 1) PTHR11614:SF20 - ALPHA/BETA-HYDROLASE-LIKE PROTEIN,turquoise,NA,gene
Manes.17G042633.v8.1,Manes.17G042633,(1 of 19) PF06749 - Protein of unknown function (DUF1218) (DUF1218),purple,NA,gene
Manes.17G043000.v8.1,Manes.17G043000,(1 of 2) KOG2152 - Sister chromatid cohesion protein,turquoise,NA,gene
Manes.17G043100.v8.1,Manes.17G043100,(1 of 2) PTHR23081//PTHR23081:SF7 - RNA POLYMERASE II CTD PHOSPHATASE // RNA POLYMERASE II C-TERMINAL DOMAIN PHOSPHATASE-LIKE 1,turquoise,NA,gene
Manes.17G043200.v8.1,Manes.17G043200,(1 of 3) PTHR10639//PTHR10639:SF8 - CLATHRIN LIGHT CHAIN // SUBFAMILY NOT NAMED,turquoise,NA,gene
Manes.17G043400.v8.1,Manes.17G043400,(1 of 1) PTHR35130//PTHR35130:SF1 - FAMILY NOT NAMED // MEDIATOR OF RNA POLYMERASE II TRANSCRIPTION SUBUNIT 16,turquoise,NA,gene
Manes.17G043700.v8.1,Manes.17G043700,,turquoise,NA,gene
Manes.17G044000.v8.1,Manes.17G044000,(1 of 1) K03144 - transcription initiation factor TFIIH subunit 4 (TFIIH4; GTF2H4; TFB2),turquoise,NA,gene
Manes.17G044100.v8.1,Manes.17G044100,(1 of 1) K07456 - DNA mismatch repair protein MutS2 (mutS2),turquoise,NA,gene
Manes.17G044200.v8.1,Manes.17G044200,(1 of 3) PTHR13308:SF17 - GENOMIC DNA; CHROMOSOME 3; P1 CLONE: MJK13,turquoise,NA,gene
Manes.17G045000.v8.1,Manes.17G045000,(1 of 2) PTHR12313//PTHR12313:SF6 - RNF5 // SUBFAMILY NOT NAMED,turquoise,NA,gene
Manes.17G045500.v8.1,Manes.17G045500,(1 of 3) PF11145 - Protein of unknown function (DUF2921) (DUF2921),turquoise,NA,gene
Manes.17G045800.v8.1,Manes.17G045800,(1 of 2) K06027 - vesicle-fusing ATPase (NSF),purple,NA,gene
Manes.17G046700.v8.1,Manes.17G046700,(1 of 2) PTHR15696:SF3 - PROTEIN SMG7L,turquoise,NA,gene
Manes.17G047600.v8.1,Manes.17G047600,(1 of 1) PTHR24089:SF388 - MITOCHONDRIAL ARGININE TRANSPORTER BAC1,turquoise,NA,gene
Manes.17G048600.v8.1,Manes.17G048600,(1 of 4) KOG2923 - Uncharacterized conserved protein,turquoise,NA,gene
Manes.17G049200.v8.1,Manes.17G049200,(1 of 1) PTHR11468//PTHR11468:SF3 - GLYCOGEN PHOSPHORYLASE // GLYCOGEN PHOSPHORYLASE,turquoise,carb,gene
Manes.17G050900.v8.1,Manes.17G050900,(1 of 4) KOG3214 - Uncharacterized Zn ribbon-containing protein,turquoise,NA,gene
Manes.17G051200.v8.1,Manes.17G051200,(1 of 4) K07904//K07976 - Ras-related protein Rab-11A (RAB11A) // Rab family; other (RAB),turquoise,NA,gene
Manes.17G051300.v8.1,Manes.17G051300,(1 of 88) PF00046 - Homeobox domain (Homeobox),turquoise,NA,gene
Manes.17G052000.v8.1,Manes.17G052000,(1 of 1) PTHR12758//PTHR12758:SF19 - APOPTOSIS INHIBITOR 5-RELATED // APOPTOSIS INHIBITOR 5,turquoise,NA,gene
Manes.17G052100.v8.1,Manes.17G052100,(1 of 1) PTHR18966//PTHR18966:SF246 - IONOTROPIC GLUTAMATE RECEPTOR // SUBFAMILY NOT NAMED,turquoise,NA,gene
Manes.17G052400.v8.1,Manes.17G052400,(1 of 3) K08288 - protein kinase C substrate 80K-H (PRKCSH),turquoise,NA,gene
Manes.17G052500.v8.1,Manes.17G052500,(1 of 1) PTHR11078//PTHR11078:SF3 - N UTILIZATION SUBSTANCE PROTEIN B-RELATED // ANTITERMINATION NUSB DOMAIN-CONTAINING PROTEIN,turquoise,NA,gene
Manes.17G052600.v8.1,Manes.17G052600,(1 of 1) K13117 - ATP-dependent RNA helicase DDX35 [EC:3.6.4.13] (DHX35),turquoise,NA,gene
Manes.17G053700.v8.1,Manes.17G053700,(1 of 4) 3.1.1.49 - Sinapine esterase,turquoise,NA,gene
Manes.17G054200.v8.1,Manes.17G054200,(1 of 2) PTHR14503:SF3 - 50S RIBOSOMAL PROTEIN L34; CHLOROPLASTIC,turquoise,NA,gene
Manes.17G055100.v8.1,Manes.17G055100,(1 of 3) 1.1.1.86 - Ketol-acid reductoisomerase (NADP(+)) / Dihydroxyisovalerate dehydrogenase (isomerizing),turquoise,NA,gene
Manes.17G055700.v8.1,Manes.17G055700,(1 of 45) PF02701 - Dof domain; zinc finger (zf-Dof),turquoise,NA,gene
Manes.17G055900.v8.1,Manes.17G055900,(1 of 17) PF04852 - Protein of unknown function (DUF640) (DUF640),black,NA,gene
Manes.17G056100.v8.1,Manes.17G056100,(1 of 53) PF14009 - Domain of unknown function (DUF4228) (DUF4228),turquoise,NA,gene
Manes.17G056500.v8.1,Manes.17G056500,(1 of 1) PTHR33671:SF3 - F28N24.8 PROTEIN,black,NA,gene
Manes.17G057200.v8.1,Manes.17G057200,(1 of 2) PTHR24347//PTHR24347:SF168 - SERINE/THREONINE-PROTEIN KINASE // CBL-INTERACTING SERINE/THREONINE-PROTEIN KINASE 12-RELATED,turquoise,NA,gene
Manes.17G057400.v8.1,Manes.17G057400,(1 of 1) PTHR27000:SF154 - LEUCINE-RICH REPEAT RECEPTOR-LIKE PROTEIN KINASE,turquoise,NA,gene
Manes.17G057800.v8.1,Manes.17G057800,(1 of 1) PTHR24057:SF5 - SHAGGY-RELATED PROTEIN KINASE ETA,turquoise,NA,gene
Manes.17G058400.v8.1,Manes.17G058400,(1 of 1) PTHR22847:SF412 - TRANSDUCIN/WD40 DOMAIN-CONTAINING PROTEIN,turquoise,NA,gene
Manes.17G059200.v8.1,Manes.17G059200,,turquoise,NA,gene
Manes.17G061100.v8.1,Manes.17G061100,(1 of 2) PTHR19139//PTHR19139:SF144 - AQUAPORIN TRANSPORTER // AQUAPORIN NIP1-1-RELATED,turquoise,NA,gene
Manes.17G061500.v8.1,Manes.17G061500,(1 of 1) PTHR33199//PTHR33199:SF3 - FAMILY NOT NAMED // MACPF DOMAIN-CONTAINING PROTEIN CAD1,black,NA,gene
Manes.17G061800.v8.1,Manes.17G061800,(1 of 1) PTHR28141:SF1 - 2';3'-CYCLIC-NUCLEOTIDE 3'-PHOSPHODIESTERASE,black,NA,gene
Manes.17G061900.v8.1,Manes.17G061900,(1 of 5) PTHR23257//PTHR23257:SF378 - SERINE-THREONINE PROTEIN KINASE // INTEGRIN-LINKED PROTEIN KINASE FAMILY PROTEIN-RELATED,turquoise,NA,gene
Manes.17G063000.v8.1,Manes.17G063000,(1 of 2) PTHR22880:SF153 - TRANSCRIPTION FACTOR GTE11-RELATED,turquoise,NA,gene
Manes.17G064300.v8.1,Manes.17G064300,(1 of 4) PTHR10663//PTHR10663:SF163 - GUANYL-NUCLEOTIDE EXCHANGE FACTOR // SUBFAMILY NOT NAMED,turquoise,NA,gene
Manes.17G064400.v8.1,Manes.17G064400,,turquoise,NA,gene
Manes.17G064600.v8.1,Manes.17G064600,(1 of 80) PF01535//PF13041//PF14432 - PPR repeat (PPR) // PPR repeat family (PPR_2) // DYW family of nucleic acid deaminases (DYW_deaminase),turquoise,NA,gene
Manes.17G064800.v8.1,Manes.17G064800,(1 of 4) K02912 - large subunit ribosomal protein L32e (RP-L32e; RPL32),turquoise,NA,gene
Manes.17G065200.v8.1,Manes.17G065200,(1 of 2) K13217 - pre-mRNA-processing factor 39 (PRPF39; PRP39),turquoise,NA,gene
Manes.17G065500.v8.1,Manes.17G065500,(1 of 4) PTHR12758//PTHR12758:SF20 - APOPTOSIS INHIBITOR 5-RELATED // PEPTIDASE-C1 DOMAIN-CONTAINING PROTEIN,turquoise,NA,gene
Manes.17G065800.v8.1,Manes.17G065800,(1 of 2) PTHR10108:SF750 - PROTEIN PMT-1; ISOFORM B,turquoise,NA,gene
Manes.17G066000.v8.1,Manes.17G066000,(1 of 2) K06875 - programmed cell death protein 5 (PDCD5; TFAR19),turquoise,NA,gene
Manes.17G067300.v8.1,Manes.17G067300,(1 of 3) K13420 - LRR receptor-like serine/threonine-protein kinase FLS2 (FLS2),turquoise,NA,gene
Manes.17G069108.v8.1,Manes.17G069108,(1 of 1) PTHR34047//PTHR34047:SF2 - FAMILY NOT NAMED // PROTEIN NUCLEAR MATURASE 1,turquoise,NA,gene
Manes.17G070400.v8.1,Manes.17G070400,(1 of 1) PF12507 - Human Cytomegalovirus UL139 protein (HCMV_UL139),turquoise,NA,gene
Manes.17G070701.v8.1,Manes.17G070701,(1 of 2) K10609 - cullin 4 (CUL4),turquoise,NA,gene
Manes.17G072500.v8.1,Manes.17G072500,,black,NA,gene
Manes.17G072800.v8.1,Manes.17G072800,(1 of 2) PTHR31072:SF2 - TRANSCRIPTION FACTOR TCP2-RELATED,turquoise,NA,gene
Manes.17G073100.v8.1,Manes.17G073100,(1 of 2) K10950 - ERO1-like protein alpha (ERO1L),turquoise,NA,gene
Manes.17G074250.v8.1,Manes.17G074250,(1 of 19) PF03763 - Remorin; C-terminal region (Remorin_C),turquoise,NA,gene
Manes.17G075600.v8.1,Manes.17G075600,(1 of 1) PTHR10641//PTHR10641:SF507 - MYB-LIKE DNA-BINDING PROTEIN MYB // SUBFAMILY NOT NAMED,turquoise,NA,gene
Manes.17G076300.v8.1,Manes.17G076300,(1 of 2) PTHR11353//PTHR11353:SF101 - CHAPERONIN // 1-PHOSPHATIDYLINOSITOL-3-PHOSPHATE 5-KINASE FAB1C-RELATED,turquoise,NA,gene
Manes.17G076600.v8.1,Manes.17G076600,,black,NA,gene
Manes.17G077100.v8.1,Manes.17G077100,(1 of 10) K13947 - auxin efflux carrier family (PIN),black,NA,gene
Manes.17G077200.v8.1,Manes.17G077200,(1 of 2) PTHR24326:SF114 - HOMEOBOX-LEUCINE ZIPPER PROTEIN ATHB-17-RELATED,turquoise,NA,gene
Manes.17G077833.v8.1,Manes.17G077833,(1 of 2) PTHR11467//PTHR11467:SF41 - HISTONE H1/H5 // SUBFAMILY NOT NAMED,turquoise,NA,gene
Manes.17G077900.v8.1,Manes.17G077900,(1 of 3) K14003 - prolactin regulatory element-binding protein (PREB; SEC12),turquoise,NA,gene
Manes.17G078900.v8.1,Manes.17G078900,(1 of 13) PTHR31907//PTHR31907:SF4 - FAMILY NOT NAMED // MLP-LIKE PROTEIN 165-RELATED,turquoise,NA,gene
Manes.17G080300.v8.1,Manes.17G080300,(1 of 1) K15262 - protein BCP1 (BCP1; BCCIP),turquoise,NA,gene
Manes.17G080600.v8.1,Manes.17G080600,(1 of 2) PTHR22951//PTHR22951:SF25 - CLATHRIN ASSEMBLY PROTEIN // SUBFAMILY NOT NAMED,black,NA,gene
Manes.17G080700.v8.1,Manes.17G080700,(1 of 3) PTHR31448:SF3 - IFA-BINDING PROTEIN,turquoise,NA,gene
Manes.17G081800.v8.1,Manes.17G081800,(1 of 166) PF00646 - F-box domain (F-box),purple,NA,gene
Manes.17G081900.v8.1,Manes.17G081900,(1 of 2) PTHR32227//PTHR32227:SF61 - FAMILY NOT NAMED // GLUCAN ENDO-1;3-BETA-GLUCOSIDASE 3,turquoise,NA,gene
Manes.17G083800.v8.1,Manes.17G083800,(1 of 2) K15305 - vacuole morphology and inheritance protein 14 (VAC14; TAX1BP2),turquoise,NA,gene
Manes.17G084200.v8.1,Manes.17G084200,(1 of 2) PTHR11566//PTHR11566:SF80 - DYNAMIN // DYNAMIN-RELATED PROTEIN 1C,turquoise,NA,gene
Manes.17G085800.v8.1,Manes.17G085800,(1 of 1) PTHR10177:SF202 - CYCLIN-SDS,turquoise,NA,gene
Manes.17G086100.v8.1,Manes.17G086100,(1 of 1) K12879 - THO complex subunit 2 (THOC2),turquoise,NA,gene
Manes.17G088500.v8.1,Manes.17G088500,(1 of 599) PF13041 - PPR repeat family (PPR_2),purple,NA,gene
Manes.17G089100.v8.1,Manes.17G089100,(1 of 9) KOG2679 - Purple (tartrate-resistant) acid phosphatase,black,NA,gene
Manes.17G089367.v8.1,Manes.17G089367,(1 of 2) PTHR19321//PTHR19321:SF5 - PROTEIN REGULATOR OF CYTOKINESIS 1 PRC1-RELATED // 65-KDA MICROTUBULE-ASSOCIATED PROTEIN 6-RELATED,turquoise,NA,gene
Manes.17G090400.v8.1,Manes.17G090400,(1 of 5) 1.1.1.247 - Codeinone reductase (NADPH),black,NA,gene
Manes.17G091000.v8.1,Manes.17G091000,(1 of 6) PTHR10766//PTHR10766:SF58 - TRANSMEMBRANE 9 SUPERFAMILY PROTEIN // SUBFAMILY NOT NAMED,turquoise,NA,gene
Manes.17G091300.v8.1,Manes.17G091300,,turquoise,NA,gene
Manes.17G091500.v8.1,Manes.17G091500,(1 of 2) PTHR11654//PTHR11654:SF153 - OLIGOPEPTIDE TRANSPORTER-RELATED // SUBFAMILY NOT NAMED,turquoise,NA,gene
Manes.17G091600.v8.1,Manes.17G091600,(1 of 2) K03246 - translation initiation factor 3 subunit I (EIF3I),turquoise,NA,gene
Manes.17G092000.v8.1,Manes.17G092000,(1 of 1) PTHR23084//PTHR23084:SF119 - PHOSPHATIDYLINOSITOL-4-PHOSPHATE 5-KINASE RELATED // PROTEIN ACCUMULATION AND REPLICATION OF CHLOROPLASTS 3,turquoise,NA,gene
Manes.17G092400.v8.1,Manes.17G092400,(1 of 2) PTHR16223//PTHR16223:SF32 - FAMILY NOT NAMED // TRANSCRIPTION FACTOR BHLH111,turquoise,NA,gene
Manes.17G092500.v8.1,Manes.17G092500,(1 of 1) PTHR23322//PTHR23322:SF6 - FAS-ASSOCIATED PROTEIN // UBX DOMAIN-CONTAINING PROTEIN 7,turquoise,NA,gene
Manes.17G092700.v8.1,Manes.17G092700,(1 of 3) K11650 - SWI/SNF-related matrix-associated actin-dependent regulator of chromatin subfamily D (SMARCD),turquoise,NA,gene
Manes.17G093400.v8.1,Manes.17G093400,(1 of 207) PF01535//PF13041 - PPR repeat (PPR) // PPR repeat family (PPR_2),turquoise,NA,gene
Manes.17G094500.v8.1,Manes.17G094500,(1 of 2) PTHR31003//PTHR31003:SF7 - MYB FAMILY TRANSCRIPTION FACTOR // F14J22.20 PROTEIN,turquoise,NA,gene
Manes.17G094600.v8.1,Manes.17G094600,(1 of 1) PF03161 - LAGLIDADG DNA endonuclease family (LAGLIDADG_2),turquoise,NA,gene
Manes.17G095000.v8.1,Manes.17G095000,(1 of 5) PTHR10992:SF784 - ALPHA-HYDROXYNITRILE LYASE-RELATED,turquoise,NA,gene
Manes.17G095100.v8.1,Manes.17G095100,(1 of 3) PTHR10209//PTHR10209:SF98 - OXIDOREDUCTASE; 2OG-FE II  OXYGENASE FAMILY PROTEIN // SUBFAMILY NOT NAMED,turquoise,NA,gene
Manes.17G095200.v8.1,Manes.17G095200,(1 of 3) PTHR10209//PTHR10209:SF98 - OXIDOREDUCTASE; 2OG-FE II  OXYGENASE FAMILY PROTEIN // SUBFAMILY NOT NAMED,black,NA,gene
Manes.17G095600.v8.1,Manes.17G095600,,turquoise,NA,gene
Manes.17G096200.v8.1,Manes.17G096200,(1 of 6) PTHR31920//PTHR31920:SF18 - FAMILY NOT NAMED // B3 DOMAIN-CONTAINING PROTEIN REM19-RELATED,turquoise,NA,gene
Manes.17G096500.v8.1,Manes.17G096500,(1 of 138) KOG0156 - Cytochrome P450 CYP2 subfamily,black,NA,gene
Manes.17G097300.v8.1,Manes.17G097300,(1 of 8) PF05562 - Cold acclimation protein WCOR413 (WCOR413),turquoise,NA,gene
Manes.17G097800.v8.1,Manes.17G097800,(1 of 48) PF04535 - Domain of unknown function (DUF588) (DUF588),turquoise,NA,gene
Manes.17G098401.v8.1,Manes.17G098401,(1 of 2) PTHR33600//PTHR33600:SF3 - FAMILY NOT NAMED // PLASTID DIVISION PROTEIN PDV2,turquoise,NA,gene
Manes.17G099100.v8.1,Manes.17G099100,(1 of 9) PF05055 - Protein of unknown function (DUF677) (DUF677),purple,NA,gene
Manes.17G100400.v8.1,Manes.17G100400,(1 of 2) K17267 - coatomer protein complex; subunit gamma (COPG),turquoise,NA,gene
Manes.17G100500.v8.1,Manes.17G100500,(1 of 2) K04536 - guanine nucleotide-binding protein G(I)/G(S)/G(T) subunit beta-1 (GNB1),turquoise,NA,gene
Manes.17G101400.v8.1,Manes.17G101400,(1 of 1) PTHR24012//PTHR24012:SF308 - FAMILY NOT NAMED // PROTEIN Y55F3AM.3; ISOFORM A,turquoise,NA,gene
Manes.17G103600.v8.1,Manes.17G103600,(1 of 41) PF01344 - Kelch motif (Kelch_1),black,NA,gene
Manes.17G103700.v8.1,Manes.17G103700,(1 of 2) PTHR21109:SF0 - 28S RIBOSOMAL PROTEIN S21; MITOCHONDRIAL,turquoise,NA,gene
Manes.17G103800.v8.1,Manes.17G103800,(1 of 2) PTHR11689:SF67 - CHLORIDE CHANNEL PROTEIN CLC-A-RELATED,turquoise,NA,gene
Manes.17G106100.v8.1,Manes.17G106100,(1 of 2) K12177 - COP9 signalosome complex subunit 3 (COPS3; CSN3),turquoise,NA,gene
Manes.17G106401.v8.1,Manes.17G106401,(1 of 2) K00413 - ubiquinol-cytochrome c reductase cytochrome c1 subunit (CYC1; CYT1; petC),turquoise,NA,gene
Manes.17G107000.v8.1,Manes.17G107000,(1 of 1) K17080 - prohibitin 1 (PHB1),turquoise,NA,gene
Manes.17G107500.v8.1,Manes.17G107500,(1 of 1) PTHR23024//PTHR23024:SF211 - MEMBER OF 'GDXG' FAMILY OF LIPOLYTIC ENZYMES // CARBOXYLESTERASE 11-RELATED,turquoise,NA,gene
Manes.17G108300.v8.1,Manes.17G108300,(1 of 1) KOG3145 - Cystine transporter Cystinosin,turquoise,NA,gene
Manes.17G108700.v8.1,Manes.17G108700,,turquoise,NA,gene
Manes.17G108800.v8.1,Manes.17G108800,(1 of 1) PTHR24015//PTHR24015:SF641 - FAMILY NOT NAMED // PENTATRICOPEPTIDE REPEAT REPEAT-CONTAINING PROTEIN,turquoise,NA,gene
Manes.17G109100.v8.1,Manes.17G109100,(1 of 2) PTHR31683:SF29 - PECTATE LYASE 11-RELATED,turquoise,NA,gene
Manes.17G110000.v8.1,Manes.17G110000,(1 of 2) K02739 - 20S proteasome subunit beta 2 (PSMB7),turquoise,NA,gene
Manes.17G110100.v8.1,Manes.17G110100,(1 of 2) PTHR24073//PTHR24073:SF597 - FAMILY NOT NAMED // RAS-RELATED PROTEIN RABB1B,black,NA,gene
Manes.17G110400.v8.1,Manes.17G110400,(1 of 3) PTHR10857:SF28 - E3 UBIQUITIN-PROTEIN LIGASE RGLG1-RELATED,turquoise,NA,gene
Manes.17G110600.v8.1,Manes.17G110600,(1 of 2) PTHR22835//PTHR22835:SF219 - ZINC FINGER FYVE DOMAIN CONTAINING PROTEIN // SUBFAMILY NOT NAMED,turquoise,NA,gene
Manes.17G110900.v8.1,Manes.17G110900,(1 of 11) PF05212 - Protein of unknown function (DUF707) (DUF707),turquoise,NA,gene
Manes.17G111000.v8.1,Manes.17G111000,(1 of 1) K03177 - tRNA pseudouridine55 synthase [EC:5.4.99.25] (truB; PUS4; TRUB1),turquoise,NA,gene
Manes.17G111100.v8.1,Manes.17G111100,,turquoise,NA,gene
Manes.17G113700.v8.1,Manes.17G113700,(1 of 1) K07442 - tRNA (adenine57-N1/adenine58-N1)-methyltransferase [EC:2.1.1.219 2.1.1.220] (TRM61; GCD14),turquoise,NA,gene
Manes.17G114300.v8.1,Manes.17G114300,(1 of 1) PTHR11822:SF5 - ISOCITRATE DEHYDROGENASE [NADP]; CHLOROPLASTIC/MITOCHONDRIAL,turquoise,NA,gene
Manes.17G115200.v8.1,Manes.17G115200,(1 of 1) PF01903 - CbiX (CbiX),turquoise,NA,gene
Manes.17G115400.v8.1,Manes.17G115400,(1 of 31) PF02485 - Core-2/I-Branching enzyme (Branch),turquoise,NA,gene
Manes.17G115900.v8.1,Manes.17G115900,(1 of 2) PTHR10366//PTHR10366:SF388 - NAD DEPENDENT EPIMERASE/DEHYDRATASE // CINNAMOYL COA REDUCTASE-LIKE PROTEIN,turquoise,NA,gene
Manes.17G116200.v8.1,Manes.17G116200,(1 of 2) PTHR17985//PTHR17985:SF13 - SER/THR-RICH PROTEIN T10 IN DGCR REGION // SUBFAMILY NOT NAMED,turquoise,NA,gene
Manes.17G121200.v8.1,Manes.17G121200,(1 of 2) PTHR11615//PTHR11615:SF135 - NITRATE; FROMATE; IRON DEHYDROGENASE // SUBFAMILY NOT NAMED,turquoise,NA,gene
Manes.17G122500.v8.1,Manes.17G122500,(1 of 2) KOG2933 - Uncharacterized conserved protein,turquoise,NA,gene
Manes.17G123400.v8.1,Manes.17G123400,(1 of 6) PTHR14155:SF128 - RING-H2 FINGER PROTEIN ATL46,turquoise,NA,gene
Manes.17G123600.v8.1,Manes.17G123600,(1 of 7) K10576 - ubiquitin-conjugating enzyme E2 H (UBE2H; UBC8),turquoise,NA,gene
Manes.17G124400.v8.1,Manes.17G124400,(1 of 2) PTHR36039//PTHR36039:SF2 - FAMILY NOT NAMED // GENOMIC DNA; CHROMOSOME 3; P1 CLONE:MMG15,turquoise,NA,gene
Manes.17G118700.v8.1,Manes.17G118700,,turquoise,NA,gene
Manes.17G119000.v8.1,Manes.17G119000,,turquoise,NA,gene
Manes.17G118200.v8.1,Manes.17G118200,(1 of 1) PTHR21493//PTHR21493:SF148 - CGI-141-RELATED/LIPASE CONTAINING PROTEIN // SENESCENCE-ASSOCIATED CARBOXYLESTERASE 101,turquoise,NA,gene
Manes.17G117800.v8.1,Manes.17G117800,(1 of 4) PTHR10359//PTHR10359:SF22 - A/G-SPECIFIC ADENINE GLYCOSYLASE/ENDONUCLEASE III // DEMETER-LIKE PROTEIN 2-RELATED,black,NA,gene
Manes.17G117200.v8.1,Manes.17G117200,,turquoise,NA,gene
Manes.17G117227.v8.1,Manes.17G117227,(1 of 2) PTHR24221//PTHR24221:SF141 - FAMILY NOT NAMED // ABC TRANSPORTER B FAMILY MEMBER 15-RELATED,turquoise,NA,gene
Manes.17G117254.v8.1,Manes.17G117254,(1 of 3) K11644 - paired amphipathic helix protein Sin3a (SIN3A),turquoise,NA,gene
Manes.17G119400.v8.1,Manes.17G119400,(1 of 1) K09391 - transcription factor E2F7/8 (E2F7_8),turquoise,NA,gene
Manes.17G119457.v8.1,Manes.17G119457,(1 of 1) PTHR11562//PTHR11562:SF13 - CATION EFFLUX PROTEIN/ ZINC TRANSPORTER // ZINC TRANSPORTER 7,turquoise,NA,gene
Manes.17G119900.v8.1,Manes.17G119900,(1 of 1) PTHR31846:SF12 - RNA-BINDING PROTEIN YHBY,turquoise,NA,gene
Manes.18G000350.v8.1,Manes.18G000350,(1 of 1) K12600 - superkiller protein 3 (SKI3; TTC37),turquoise,NA,gene
Manes.18G000500.v8.1,Manes.18G000500,(1 of 1) 3.1.3.1 - Alkaline phosphatase / Phosphomonoesterase,turquoise,NA,gene
Manes.18G000900.v8.1,Manes.18G000900,(1 of 2) PF00270//PF00271//PF02889 - DEAD/DEAH box helicase (DEAD) // Helicase conserved C-terminal domain (Helicase_C) // Sec63 Brl domain (Sec63),turquoise,NA,gene
Manes.18G003500.v8.1,Manes.18G003500,(1 of 2) PTHR13832//PTHR13832:SF252 - PROTEIN PHOSPHATASE 2C // PROTEIN PHOSPHATASE 2C 27-RELATED,turquoise,NA,gene
Manes.18G005000.v8.1,Manes.18G005000,(1 of 2) PTHR22952//PTHR22952:SF117 - CAMP-RESPONSE ELEMENT BINDING PROTEIN-RELATED // BZIP TRANSCRIPTION FACTOR 60,turquoise,NA,gene
Manes.18G005301.v8.1,Manes.18G005301,,black,NA,gene
Manes.18G005600.v8.1,Manes.18G005600,(1 of 12) K13065 - shikimate O-hydroxycinnamoyltransferase (E2.3.1.133; HCT),turquoise,NA,gene
Manes.18G005800.v8.1,Manes.18G005800,(1 of 1) PTHR14205:SF15 - PROTEIN TSSC1,black,NA,gene
Manes.18G005900.v8.1,Manes.18G005900,,black,NA,gene
Manes.18G006200.v8.1,Manes.18G006200,(1 of 2) PTHR21450//PTHR21450:SF19 - UNCHARACTERIZED // F5M15.15,turquoise,NA,gene
Manes.18G006400.v8.1,Manes.18G006400,(1 of 2) PTHR23076//PTHR23076:SF33 - METALLOPROTEASE M41 FTSH // ATP-DEPENDENT ZINC METALLOPROTEASE FTSH 1; CHLOROPLASTIC-RELATED,black,NA,gene
Manes.18G007200.v8.1,Manes.18G007200,,turquoise,NA,gene
Manes.18G008001.v8.1,Manes.18G008001,(1 of 2) PTHR33101//PTHR33101:SF6 - FAMILY NOT NAMED // ROP GUANINE NUCLEOTIDE EXCHANGE FACTOR 1,black,NA,gene
Manes.18G008200.v8.1,Manes.18G008200,(1 of 207) PF01535//PF13041 - PPR repeat (PPR) // PPR repeat family (PPR_2),turquoise,NA,gene
Manes.18G008300.v8.1,Manes.18G008300,(1 of 1) 4.2.1.70//5.4.99.12 - Pseudouridylate synthase / Uracil hydrolyase // tRNA pseudouridine(38-40) synthase / tRNA pseudouridylate synthase I,turquoise,NA,gene
Manes.18G008400.v8.1,Manes.18G008400,(1 of 4) PTHR11102//PTHR11102:SF101 - SEL-1-LIKE PROTEIN // SUBFAMILY NOT NAMED,turquoise,NA,gene
Manes.18G008500.v8.1,Manes.18G008500,(1 of 3) PTHR13711//PTHR13711:SF202 - SWI/SNF-RELATED CHROMATIN BINDING PROTEIN // HIGH MOBILITY GROUP B PROTEIN 10-RELATED,purple,NA,gene
Manes.18G009500.v8.1,Manes.18G009500,(1 of 4) K02147 - V-type H+-transporting ATPase subunit B (ATPeV1B; ATP6B),black,NA,gene
Manes.18G010300.v8.1,Manes.18G010300,(1 of 1) PTHR13651:SF0 - PROTEIN FAM206A,turquoise,NA,gene
Manes.18G012160.v8.1,Manes.18G012160,(1 of 1) PTHR10795//PTHR10795:SF328 - PROPROTEIN CONVERTASE SUBTILISIN/KEXIN // SUBFAMILY NOT NAMED,turquoise,NA,gene
Manes.18G011114.v8.1,Manes.18G011114,(1 of 2) PTHR22835//PTHR22835:SF196 - ZINC FINGER FYVE DOMAIN CONTAINING PROTEIN // SUBFAMILY NOT NAMED,turquoise,NA,gene
Manes.18G011500.v8.1,Manes.18G011500,(1 of 26) K04730 - interleukin-1 receptor-associated kinase 1 (IRAK1),turquoise,NA,gene
Manes.18G011700.v8.1,Manes.18G011700,(1 of 3) K18468 - vacuolar protein sorting-associated protein 35 (VPS35),turquoise,NA,gene
Manes.18G012700.v8.1,Manes.18G012700,(1 of 2) PTHR31048//PTHR31048:SF27 - FAMILY NOT NAMED // PATHOGENESIS-RELATED THAUMATIN FAMILY PROTEIN-RELATED,turquoise,NA,gene
Manes.18G013400.v8.1,Manes.18G013400,,turquoise,NA,gene
Manes.18G014000.v8.1,Manes.18G014000,(1 of 1) PTHR19443:SF5 - HEXOKINASE-LIKE 1 PROTEIN,turquoise,carb,gene
Manes.18G014301.v8.1,Manes.18G014301,(1 of 2) PTHR31681:SF1 - C2H2-LIKE ZINC FINGER PROTEIN,turquoise,NA,gene
Manes.18G015150.v8.1,Manes.18G015150,(1 of 91) K14488 - SAUR family protein (SAUR),turquoise,NA,gene
Manes.18G015200.v8.1,Manes.18G015200,(1 of 2) PTHR31580:SF4 - FILAMENT-LIKE PLANT PROTEIN 4-RELATED,black,NA,gene
Manes.18G016800.v8.1,Manes.18G016800,(1 of 2) PTHR10742:SF284 - LYSINE-SPECIFIC HISTONE DEMETHYLASE 1A,turquoise,NA,gene
Manes.18G016750.v8.1,Manes.18G016750,(1 of 1) PTHR10263:SF14 - V-TYPE PROTON ATPASE 16 KDA PROTEOLIPID SUBUNIT C2,turquoise,NA,gene
Manes.18G021506.v8.1,Manes.18G021506,(1 of 1) PTHR24286:SF28 - CYTOCHROME P450; FAMILY 722; SUBFAMILY A; POLYPEPTIDE 1,turquoise,NA,gene
Manes.18G020000.v8.1,Manes.18G020000,(1 of 2) 2.7.1.158 - Inositol-pentakisphosphate 2-kinase / IP5 2-kinase,turquoise,NA,gene
Manes.18G021051.v8.1,Manes.18G021051,(1 of 5) PTHR22952//PTHR22952:SF182 - CAMP-RESPONSE ELEMENT BINDING PROTEIN-RELATED // SUBFAMILY NOT NAMED,turquoise,NA,gene
Manes.18G021101.v8.1,Manes.18G021101,(1 of 1) PTHR33510//PTHR33510:SF6 - FAMILY NOT NAMED // PROTEIN TIC 20-I; CHLOROPLASTIC,turquoise,NA,gene
Manes.18G021301.v8.1,Manes.18G021301,(1 of 2) K03064 - 26S proteasome regulatory subunit T4 (PSMC6; RPT4),turquoise,NA,gene
Manes.18G021700.v8.1,Manes.18G021700,(1 of 80) PF01535//PF13041//PF14432 - PPR repeat (PPR) // PPR repeat family (PPR_2) // DYW family of nucleic acid deaminases (DYW_deaminase),turquoise,NA,gene
Manes.18G022300.v8.1,Manes.18G022300,(1 of 2) K13082 - bifunctional dihydroflavonol 4-reductase/flavanone 4-reductase (DFR),turquoise,NA,gene
Manes.18G022400.v8.1,Manes.18G022400,(1 of 4) PTHR23172:SF19 - AUXILLIN; ISOFORM A,turquoise,NA,gene
Manes.18G022800.v8.1,Manes.18G022800,(1 of 4) PTHR10743:SF2 - PROTEIN RER1B-RELATED,turquoise,NA,gene
Manes.18G023000.v8.1,Manes.18G023000,,turquoise,NA,gene
Manes.18G023400.v8.1,Manes.18G023400,(1 of 1) PTHR22849//PTHR22849:SF18 - WDSAM1 PROTEIN // SUBFAMILY NOT NAMED,turquoise,NA,gene
Manes.18G027000.v8.1,Manes.18G027000,(1 of 1) 4.1.3.44 - tRNA 4-demethylwyosine synthase (AdoMet-dependent),turquoise,NA,gene
Manes.18G027300.v8.1,Manes.18G027300,(1 of 3) PTHR10996//PTHR10996:SF162 - 2-HYDROXYACID DEHYDROGENASE-RELATED // SUBFAMILY NOT NAMED,purple,NA,gene
Manes.18G028800.v8.1,Manes.18G028800,(1 of 2) PTHR24282//PTHR24282:SF45 - CYTOCHROME P450 FAMILY MEMBER // CYTOCHROME P450; FAMILY 721; SUBFAMILY A; POLYPEPTIDE 1,turquoise,NA,gene
Manes.18G029000.v8.1,Manes.18G029000,(1 of 2) PTHR10994//PTHR10994:SF79 - RETICULON // SUBFAMILY NOT NAMED,black,NA,gene
Manes.18G030000.v8.1,Manes.18G030000,(1 of 1) PTHR31048//PTHR31048:SF10 - FAMILY NOT NAMED // PATHOGENESIS-RELATED PROTEIN 5-RELATED,turquoise,NA,gene
Manes.18G030800.v8.1,Manes.18G030800,(1 of 1) PF00412//PF02809//PF12315 - LIM domain (LIM) // Ubiquitin interaction motif (UIM) // Protein of unknown function (DUF3633) (DUF3633),turquoise,NA,gene
Manes.18G030900.v8.1,Manes.18G030900,(1 of 2) PTHR11206//PTHR11206:SF115 - MULTIDRUG RESISTANCE PROTEIN // MATE EFFLUX FAMILY PROTEIN,turquoise,NA,gene
Manes.18G031000.v8.1,Manes.18G031000,(1 of 1) PF01485//PF13923 - IBR domain; a half RING-finger domain (IBR) // Zinc finger; C3HC4 type (RING finger) (zf-C3HC4_2),turquoise,NA,gene
Manes.18G031300.v8.1,Manes.18G031300,(1 of 1) PTHR16092//PTHR16092:SF21 - SEC3/SYNTAXIN-RELATED // SUBFAMILY NOT NAMED,turquoise,NA,gene
Manes.18G031400.v8.1,Manes.18G031400,(1 of 4) PTHR11685//PTHR11685:SF135 - RBR FAMILY  RING FINGER AND IBR DOMAIN-CONTAINING // E3 UBIQUITIN-PROTEIN LIGASE ARI10-RELATED,turquoise,NA,gene
Manes.18G031666.v8.1,Manes.18G031666,,turquoise,NA,gene
Manes.18G025300.v8.1,Manes.18G025300,(1 of 1) PTHR12869//PTHR12869:SF0 - SMALL SEVEN TRANSMEMBRANE DOMAIN-CONTAINING PROTEIN // TRANSMEMBRANE PROTEIN 147,turquoise,NA,gene
Manes.18G025940.v8.1,Manes.18G025940,(1 of 2) PTHR31391//PTHR31391:SF17 - FAMILY NOT NAMED // B3 DOMAIN-CONTAINING PROTEIN REM16,turquoise,NA,gene
Manes.18G026450.v8.1,Manes.18G026450,(1 of 101) PF02362 - B3 DNA binding domain (B3),black,NA,gene
Manes.18G034200.v8.1,Manes.18G034200,(1 of 3) PTHR23054:SF29 - EXPRESSED PROTEIN,black,NA,gene
Manes.18G033200.v8.1,Manes.18G033200,(1 of 13) 3.1.1.26 - Galactolipase,black,NA,gene
Manes.18G033100.v8.1,Manes.18G033100,(1 of 2) K03030 - 26S proteasome regulatory subunit N11 (PSMD14; RPN11; POH1),turquoise,NA,gene
Manes.18G032500.v8.1,Manes.18G032500,,turquoise,NA,gene
Manes.18G035600.v8.1,Manes.18G035600,(1 of 2) K14499 - BRI1 kinase inhibitor 1 (BKI1),turquoise,NA,gene
Manes.18G035700.v8.1,Manes.18G035700,(1 of 2) K15728 - phosphatidate phosphatase LPIN (LPIN),turquoise,NA,gene
Manes.18G036400.v8.1,Manes.18G036400,(1 of 19) PTHR10891:SF592 - CALCIUM-BINDING PROTEIN CML38-RELATED,purple,NA,gene
Manes.18G036500.v8.1,Manes.18G036500,(1 of 28) PF13202 - EF hand (EF-hand_5),purple,NA,gene
Manes.18G037600.v8.1,Manes.18G037600,(1 of 1) PTHR33676:SF3 - COLD REGULATED PROTEIN 27,turquoise,NA,gene
Manes.18G037700.v8.1,Manes.18G037700,(1 of 2) PTHR24356//PTHR24356:SF195 - SERINE/THREONINE-PROTEIN KINASE // PROTEIN KINASE FAMILY PROTEIN,turquoise,NA,gene
Manes.18G037900.v8.1,Manes.18G037900,(1 of 1) KOG4196 - bZIP transcription factor MafK,turquoise,NA,gene
Manes.18G038702.v8.1,Manes.18G038702,(1 of 2) PTHR10044//PTHR10044:SF118 - INHIBITOR OF APOPTOSIS // F2G19.2,turquoise,NA,gene
Manes.18G039700.v8.1,Manes.18G039700,(1 of 1) PTHR14155//PTHR14155:SF72//PTHR22937//PTHR22937:SF55 - RING FINGER DOMAIN-CONTAINING // SUBFAMILY NOT NAMED // RING FINGER CONTAINING PROTEIN // SUBFAMILY NOT NAMED,turquoise,NA,gene
Manes.18G039900.v8.1,Manes.18G039900,(1 of 1) PTHR14155//PTHR14155:SF72 - RING FINGER DOMAIN-CONTAINING // SUBFAMILY NOT NAMED,turquoise,NA,gene
Manes.18G040700.v8.1,Manes.18G040700,,turquoise,NA,gene
Manes.18G041000.v8.1,Manes.18G041000,(1 of 2) PTHR31282//PTHR31282:SF27 - FAMILY NOT NAMED // WRKY TRANSCRIPTION FACTOR 7-RELATED,black,NA,gene
Manes.18G041100.v8.1,Manes.18G041100,(1 of 4) PTHR12411//PTHR12411:SF344 - CYSTEINE PROTEASE FAMILY C1-RELATED // CYSTEINE PROTEASE COMPONENT OF PROTEASE-INHIBITOR COMPLEX-RELATED,black,NA,gene
Manes.18G041400.v8.1,Manes.18G041400,(1 of 4) PTHR24006:SF481 - F-BOX PROTEIN SKIP2,turquoise,NA,gene
Manes.18G041500.v8.1,Manes.18G041500,(1 of 7) PF11523 - Protein of unknown function (DUF3223) (DUF3223),black,NA,gene
Manes.18G041700.v8.1,Manes.18G041700,(1 of 3) 3.5.1.1 - Asparaginase / L-asparagine amidohydrolase,purple,NA,gene
Manes.18G042200.v8.1,Manes.18G042200,(1 of 28) PF00069//PF00954//PF01453 - Protein kinase domain (Pkinase) // S-locus glycoprotein domain (S_locus_glycop) // D-mannose binding lectin (B_lectin),turquoise,NA,gene
Manes.18G042700.v8.1,Manes.18G042700,(1 of 24) 1.14.13.89 - Isoflavone 2'-hydroxylase / Isoflavone 2'-monooxygenase,turquoise,NA,gene
Manes.18G042900.v8.1,Manes.18G042900,(1 of 5) 1.14.13.53//1.14.13.89 - 4'-methoxyisoflavone 2'-hydroxylase / Isoflavone 2'-monooxygenase // Isoflavone 2'-hydroxylase / Isoflavone 2'-monooxygenase,turquoise,NA,gene
Manes.18G043500.v8.1,Manes.18G043500,(1 of 24) 1.14.13.89 - Isoflavone 2'-hydroxylase / Isoflavone 2'-monooxygenase,black,NA,gene
Manes.18G043800.v8.1,Manes.18G043800,(1 of 2) PTHR31300:SF7 - LIPASE-RELATED,turquoise,NA,gene
Manes.18G044001.v8.1,Manes.18G044001,(1 of 2) 1.14.13.88 - Flavonoid 3';5'-hydroxylase / F3'5'H,turquoise,NA,gene
Manes.18G044500.v8.1,Manes.18G044500,(1 of 8) PF00887 - Acyl CoA binding protein (ACBP),turquoise,NA,gene
Manes.18G045200.v8.1,Manes.18G045200,(1 of 56) PF03195 - Protein of unknown function DUF260 (DUF260),turquoise,NA,gene
Manes.18G046100.v8.1,Manes.18G046100,(1 of 1) PTHR10992:SF891 - STRIGOLACTONE ESTERASE D14 HOMOLOG-RELATED,turquoise,NA,gene
Manes.18G046700.v8.1,Manes.18G046700,,turquoise,NA,gene
Manes.18G047300.v8.1,Manes.18G047300,,turquoise,NA,gene
Manes.18G047600.v8.1,Manes.18G047600,(1 of 1) 3.6.3.35 - Manganese-transporting ATPase / ABC-type manganese permease complex,turquoise,NA,gene
Manes.18G047900.v8.1,Manes.18G047900,(1 of 1) PTHR10516//PTHR10516:SF299 - PEPTIDYL-PROLYL CIS-TRANS ISOMERASE // SUBFAMILY NOT NAMED,turquoise,NA,gene
Manes.18G048600.v8.1,Manes.18G048600,(1 of 2) PTHR21477//PTHR21477:SF12 - FAMILY NOT NAMED // CF9 PROTEIN-RELATED,turquoise,NA,gene
Manes.18G048800.v8.1,Manes.18G048800,,turquoise,NA,gene
Manes.18G049100.v8.1,Manes.18G049100,(1 of 2) PTHR22952//PTHR22952:SF115 - CAMP-RESPONSE ELEMENT BINDING PROTEIN-RELATED // SUBFAMILY NOT NAMED,purple,NA,gene
Manes.18G049200.v8.1,Manes.18G049200,,turquoise,NA,gene
Manes.18G050200.v8.1,Manes.18G050200,(1 of 2) PTHR24078:SF272 - CHAPERONE DNAJ-DOMAIN CONTAINING PROTEIN,turquoise,NA,gene
Manes.18G051300.v8.1,Manes.18G051300,(1 of 2) PTHR10641:SF654 - TRANSCRIPTION FACTOR RAX1-RELATED,turquoise,NA,gene
Manes.18G051400.v8.1,Manes.18G051400,(1 of 3) PTHR11825//PTHR11825:SF42 - SUBGROUP IIII AMINOTRANSFERASE // BRANCHED-CHAIN-AMINO-ACID AMINOTRANSFERASE 2; CHLOROPLASTIC,black,NA,gene
Manes.18G051500.v8.1,Manes.18G051500,(1 of 3) PTHR11825//PTHR11825:SF46 - SUBGROUP IIII AMINOTRANSFERASE // BRANCHED-CHAIN-AMINO-ACID AMINOTRANSFERASE 3; CHLOROPLASTIC,turquoise,NA,gene
Manes.18G051600.v8.1,Manes.18G051600,(1 of 49) K09338 - homeobox-leucine zipper protein (HD-ZIP),turquoise,NA,gene
Manes.18G052901.v8.1,Manes.18G052901,(1 of 2) PTHR11850//PTHR11850:SF64 - HOMEOBOX PROTEIN TRANSCRIPTION FACTORS // HOMEOBOX PROTEIN KNOTTED-1-LIKE 1,black,NA,gene
Manes.18G052400.v8.1,Manes.18G052400,(1 of 3) PTHR31317//PTHR31317:SF3 - FAMILY NOT NAMED // F2J10.8 PROTEIN-RELATED,turquoise,NA,gene
Manes.18G052450.v8.1,Manes.18G052450,(1 of 1) K19035 - 50S ribosomal protein 6 (PSRP6),turquoise,NA,gene
Manes.18G054064.v8.1,Manes.18G054064,,turquoise,NA,gene
Manes.18G054150.v8.1,Manes.18G054150,(1 of 2) PTHR22952//PTHR22952:SF145 - CAMP-RESPONSE ELEMENT BINDING PROTEIN-RELATED // SUBFAMILY NOT NAMED,purple,NA,gene
Manes.18G054601.v8.1,Manes.18G054601,(1 of 1) K12165 - ufm1-conjugating enzyme 1 (UFC1),turquoise,NA,gene
Manes.18G055200.v8.1,Manes.18G055200,(1 of 2) PTHR33966:SF1 - PROTEIN ODR-4 HOMOLOG,turquoise,NA,gene
Manes.18G055500.v8.1,Manes.18G055500,(1 of 1) PTHR11680//PTHR11680:SF12 - SERINE HYDROXYMETHYLTRANSFERASE // SERINE HYDROXYMETHYLTRANSFERASE 2; MITOCHONDRIAL,turquoise,NA,gene
Manes.18G057200.v8.1,Manes.18G057200,(1 of 1) PTHR32018:SF4 - LG27/30-LIKE GENE,turquoise,NA,gene
Manes.18G057000.v8.1,Manes.18G057000,(1 of 1) K03123 - transcription initiation factor TFIIA small subunit (TFIIA2; GTF2A2; TOA2),turquoise,NA,gene
Manes.18G056800.v8.1,Manes.18G056800,(1 of 2) KOG4090 - Uncharacterized conserved protein,black,NA,gene
Manes.18G056500.v8.1,Manes.18G056500,(1 of 2) PTHR15678//PTHR15678:SF8 - ANTIGEN MLAA-22-RELATED // SUBFAMILY NOT NAMED,turquoise,NA,gene
Manes.18G056822.v8.1,Manes.18G056822,(1 of 1) PTHR13743//PTHR13743:SF83 - BEIGE/BEACH-RELATED // SUBFAMILY NOT NAMED,turquoise,NA,gene
Manes.18G058200.v8.1,Manes.18G058200,(1 of 3) 1.6.2.4 - NADPH--hemoprotein reductase / TPNH-cytochrome c reductase,turquoise,NA,gene
Manes.18G058500.v8.1,Manes.18G058500,(1 of 1) 4.3.2.1 - Argininosuccinate lyase / Omega-N-(L-arginino)succinate arginine-lyase,turquoise,NA,gene
Manes.18G059200.v8.1,Manes.18G059200,(1 of 5) PTHR11945:SF179 - MADS-BOX PROTEIN SVP,black,NA,gene
Manes.18G059880.v8.1,Manes.18G059880,(1 of 59) 2.1.1.43 - Histone-lysine N-methyltransferase / Protein-lysine N-methyltransferase,black,NA,gene
Manes.18G059800.v8.1,Manes.18G059800,(1 of 2) PTHR31100:SF1 - AT-HOOK MOTIF NUCLEAR LOCALIZED PROTEIN 17-RELATED,purple,NA,gene
Manes.18G060900.v8.1,Manes.18G060900,(1 of 4) PTHR18860:SF27 - 14-3-3-LIKE PROTEIN GF14 LAMBDA,turquoise,NA,gene
Manes.18G061500.v8.1,Manes.18G061500,(1 of 1569) 2.7.11.1 - Non-specific serine/threonine protein kinase / Threonine-specific protein kinase,turquoise,NA,gene
Manes.18G062200.v8.1,Manes.18G062200,(1 of 3) PTHR24349:SF102 - SERINE/THREONINE-PROTEIN KINASE PEPKR2,turquoise,NA,gene
Manes.18G062600.v8.1,Manes.18G062600,(1 of 7) PTHR31376//PTHR31376:SF1 - FAMILY NOT NAMED // PURINE PERMEASE 1-RELATED,black,NA,gene
Manes.18G063201.v8.1,Manes.18G063201,(1 of 2) PTHR24012//PTHR24012:SF477 - FAMILY NOT NAMED // PROTEIN RBD-1,turquoise,NA,gene
Manes.18G065400.v8.1,Manes.18G065400,(1 of 2) KOG2130 - Phosphatidylserine-specific receptor PtdSerR; contains JmjC domain,turquoise,NA,gene
Manes.18G068400.v8.1,Manes.18G068400,(1 of 2) PTHR23505:SF15 - MAJOR FACILITATOR PROTEIN,turquoise,NA,gene
Manes.18G069900.v8.1,Manes.18G069900,(1 of 3) PTHR10551//PTHR10551:SF12 - FASCIN // SUBFAMILY NOT NAMED,turquoise,NA,gene
Manes.18G070000.v8.1,Manes.18G070000,(1 of 20) PF04570 - zinc-finger of the FCS-type; C2-C2 (zf-FLZ),turquoise,NA,gene
Manes.18G070300.v8.1,Manes.18G070300,(1 of 2) K11262 - acetyl-CoA carboxylase / biotin carboxylase (ACAC),turquoise,NA,gene
Manes.18G070500.v8.1,Manes.18G070500,(1 of 3) K17470 - sulfate transporter 1; high-affinity (SULTR1),turquoise,NA,gene
Manes.18G070700.v8.1,Manes.18G070700,(1 of 2) PTHR22814:SF84 - HEAVY-METAL-ASSOCIATED DOMAIN-CONTAINING PROTEIN,turquoise,NA,gene
Manes.18G071100.v8.1,Manes.18G071100,(1 of 1) KOG0978//KOG0993//KOG4674//KOG4809 - E3 ubiquitin ligase involved in syntaxin degradation // Rab5 GTPase effector Rabaptin-5 // Uncharacterized conserved coiled-coil protein // Rab6 GTPase-interacting protein involved in endosome-to-TGN transport,turquoise,NA,gene
Manes.18G071400.v8.1,Manes.18G071400,(1 of 1) PTHR23054//PTHR23054:SF27 - UNCHARACTERIZED // ELECTRON CARRIER/ PROTEIN DISULFIDE OXIDOREDUCTASE,turquoise,NA,gene
Manes.18G071700.v8.1,Manes.18G071700,(1 of 1) PTHR22952:SF180 - TRANSCRIPTION FACTOR TGA1-RELATED,turquoise,NA,gene
Manes.18G072000.v8.1,Manes.18G072000,(1 of 2) PTHR31509//PTHR31509:SF2 - FAMILY NOT NAMED // F2E2.8,black,NA,gene
Manes.18G072200.v8.1,Manes.18G072200,(1 of 1) PF15938 - Domain of unknown function (DUF4750) (DUF4750),turquoise,NA,gene
Manes.18G072500.v8.1,Manes.18G072500,(1 of 2) K03262 - translation initiation factor 5 (EIF5),turquoise,NA,gene
Manes.18G072900.v8.1,Manes.18G072900,,turquoise,NA,gene
Manes.18G073608.v8.1,Manes.18G073608,(1 of 2) K02952 - small subunit ribosomal protein S13 (RP-S13; rpsM),turquoise,NA,gene
Manes.18G073500.v8.1,Manes.18G073500,(1 of 3) PTHR23086//PTHR23086:SF33 - PHOSPHATIDYLINOSITOL-4-PHOSPHATE 5-KINASE // PHOSPHATIDYLINOSITOL 4-PHOSPHATE 5-KINASE 1-RELATED,turquoise,NA,gene
Manes.18G074712.v8.1,Manes.18G074712,(1 of 1) PTHR28259:SF1 - UPF0695 MEMBRANE PROTEIN YOR390W-RELATED,turquoise,NA,gene
Manes.18G076100.v8.1,Manes.18G076100,(1 of 1) PTHR12192:SF1 - CHAC-LIKE FAMILY PROTEIN,turquoise,NA,gene
Manes.18G076200.v8.1,Manes.18G076200,(1 of 1) PF09649 - Histone chaperone domain CHZ (CHZ),turquoise,NA,gene
Manes.18G076500.v8.1,Manes.18G076500,(1 of 2) PTHR11132//PTHR11132:SF127 - SOLUTE CARRIER FAMILY 35 // GDP-MANNOSE TRANSPORTER GONST5,turquoise,NA,gene
Manes.18G076800.v8.1,Manes.18G076800,(1 of 1) K16365 - small glutamine-rich tetratricopeptide repeat-containing protein alpha Other cell surface / pericellular molecules (SGTA),turquoise,NA,gene
Manes.18G077648.v8.1,Manes.18G077648,(1 of 12) K01897 - long-chain acyl-CoA synthetase (ACSL; fadD),black,NA,gene
Manes.18G077024.v8.1,Manes.18G077024,(1 of 6) PTHR32278:SF6 - F-BOX PROTEIN PP2-B1-RELATED,purple,NA,gene
Manes.18G077300.v8.1,Manes.18G077300,(1 of 6) PTHR32278:SF6 - F-BOX PROTEIN PP2-B1-RELATED,purple,NA,gene
Manes.18G077439.v8.1,Manes.18G077439,(1 of 2) PTHR31580//PTHR31580:SF2 - FAMILY NOT NAMED // FILAMENT-LIKE PLANT PROTEIN 1-RELATED,turquoise,NA,gene
Manes.18G077500.v8.1,Manes.18G077500,(1 of 1) PTHR13439//PTHR13439:SF4 - CT120 PROTEIN // PROTEIN K12H6.6; ISOFORM B-RELATED,black,NA,gene
Manes.18G078600.v8.1,Manes.18G078600,(1 of 2) PTHR18929//PTHR18929:SF109 - PROTEIN DISULFIDE ISOMERASE // SUBFAMILY NOT NAMED,black,NA,gene
Manes.18G078800.v8.1,Manes.18G078800,(1 of 3) PTHR31356//PTHR31356:SF1 - FAMILY NOT NAMED // L-ASCORBATE PEROXIDASE S; CHLOROPLASTIC/MITOCHONDRIAL-RELATED,turquoise,NA,gene
Manes.18G078950.v8.1,Manes.18G078950,(1 of 2) PTHR11699//PTHR11699:SF171 - ALDEHYDE DEHYDROGENASE-RELATED // ALDEHYDE DEHYDROGENASE FAMILY 3 MEMBER I1; CHLOROPLASTIC,black,NA,gene
Manes.18G079600.v8.1,Manes.18G079600,(1 of 2) PTHR31719//PTHR31719:SF3 - FAMILY NOT NAMED // GRAB1-LIKE PROTEIN,turquoise,NA,gene
Manes.18G080000.v8.1,Manes.18G080000,(1 of 2) PTHR12802//PTHR12802:SF41 - SWI/SNF COMPLEX-RELATED // BRAHMA ASSOCIATED PROTEIN 155 KDA,turquoise,NA,gene
Manes.18G080300.v8.1,Manes.18G080300,(1 of 207) PF01535//PF13041 - PPR repeat (PPR) // PPR repeat family (PPR_2),turquoise,NA,gene
Manes.18G081800.v8.1,Manes.18G081800,(1 of 38) PF01535//PF12854//PF13041 - PPR repeat (PPR) // PPR repeat (PPR_1) // PPR repeat family (PPR_2),turquoise,NA,gene
Manes.18G082000.v8.1,Manes.18G082000,(1 of 1) PTHR22844//PTHR22844:SF215 - F-BOX AND WD40 DOMAIN PROTEIN // SUBFAMILY NOT NAMED,turquoise,NA,gene
Manes.18G082200.v8.1,Manes.18G082200,(1 of 1) PTHR20275//PTHR20275:SF6 - FAMILY NOT NAMED // NADH KINASE POS5; MITOCHONDRIAL,turquoise,NA,gene
Manes.18G082550.v8.1,Manes.18G082550,(1 of 2) PTHR22884//PTHR22884:SF276 - SET DOMAIN PROTEINS // HISTONE-LYSINE N-METHYLTRANSFERASE; H3 LYSINE-36 SPECIFIC,turquoise,NA,gene
Manes.18G083000.v8.1,Manes.18G083000,(1 of 1) PTHR23102:SF13 - ZINC FINGER CCCH DOMAIN-CONTAINING PROTEIN 3,turquoise,NA,gene
Manes.18G084200.v8.1,Manes.18G084200,(1 of 1) PTHR15544:SF0 - TETRATRICOPEPTIDE REPEAT PROTEIN 33,turquoise,NA,gene
Manes.18G084535.v8.1,Manes.18G084535,(1 of 2) PTHR13856:SF95 - F24J8.3 PROTEIN,turquoise,NA,gene
Manes.18G084700.v8.1,Manes.18G084700,,purple,NA,gene
Manes.18G086300.v8.1,Manes.18G086300,(1 of 3) PTHR10378//PTHR10378:SF10 - LIM DOMAIN-BINDING PROTEIN // SUBFAMILY NOT NAMED,turquoise,NA,gene
Manes.18G086400.v8.1,Manes.18G086400,(1 of 2) PTHR10791//PTHR10791:SF44 - RAG1-ACTIVATING PROTEIN 1 // BIDIRECTIONAL SUGAR TRANSPORTER SWEET1,black,NA,gene
Manes.18G086500.v8.1,Manes.18G086500,(1 of 4) PTHR11062//PTHR11062:SF44 - EXOSTOSIN  HEPARAN SULFATE GLYCOSYLTRANSFERASE -RELATED // EXOSTOSIN FAMILY PROTEIN,turquoise,NA,gene
Manes.18G087101.v8.1,Manes.18G087101,(1 of 85) PF00560//PF08263//PF13855 - Leucine Rich Repeat (LRR_1) // Leucine rich repeat N-terminal domain (LRRNT_2) // Leucine rich repeat (LRR_8),turquoise,NA,gene
Manes.18G088000.v8.1,Manes.18G088000,(1 of 2) K12479 - vacuolar protein sorting-associated protein 45 (VPS45),turquoise,NA,gene
Manes.18G089333.v8.1,Manes.18G089333,,turquoise,NA,gene
Manes.18G090100.v8.1,Manes.18G090100,(1 of 2) PTHR10501:SF20 - NUCLEIC ACID/NUCLEOTIDE BINDING PROTEIN,turquoise,NA,gene
Manes.18G090116.v8.1,Manes.18G090116,(1 of 1) PF04554 - Extensin-like region (Extensin_2),turquoise,NA,gene
Manes.18G090300.v8.1,Manes.18G090300,(1 of 1) PTHR23257//PTHR23257:SF505 - SERINE-THREONINE PROTEIN KINASE // SERINE/THREONINE-PROTEIN KINASE DRKC-RELATED,turquoise,NA,gene
Manes.18G090516.v8.1,Manes.18G090516,(1 of 2) PTHR13690:SF86 - TRANSCRIPTION FACTOR VIP1,turquoise,NA,gene
Manes.18G091600.v8.1,Manes.18G091600,(1 of 3) PTHR21654//PTHR21654:SF19 - FAMILY NOT NAMED // DUPLICATED HOMEODOMAIN-LIKE SUPERFAMILY PROTEIN,turquoise,NA,gene
Manes.18G091700.v8.1,Manes.18G091700,(1 of 2) PTHR21654//PTHR21654:SF9 - FAMILY NOT NAMED // TRIHELIX TRANSCRIPTION FACTOR GT-2,turquoise,NA,gene
Manes.18G091900.v8.1,Manes.18G091900,(1 of 2) PTHR16517:SF31 - TUBBY-LIKE F-BOX PROTEIN 1-RELATED,black,NA,gene
Manes.18G092800.v8.1,Manes.18G092800,(1 of 1) PTHR11926//PTHR11926:SF117 - GLUCOSYL/GLUCURONOSYL TRANSFERASES // STEROL 3-BETA-GLUCOSYLTRANSFERASE UGT80B1,turquoise,NA,gene
Manes.18G093201.v8.1,Manes.18G093201,(1 of 3) PF02496 - ABA/WDS induced protein (ABA_WDS),black,NA,gene
Manes.18G093400.v8.1,Manes.18G093400,(1 of 2) PTHR24012//PTHR24012:SF376 - FAMILY NOT NAMED // POLYPYRIMIDINE TRACT-BINDING PROTEIN 3,turquoise,NA,gene
Manes.18G093500.v8.1,Manes.18G093500,(1 of 1) PTHR13017:SF0 - METHENYLTETRAHYDROFOLATE SYNTHASE DOMAIN-CONTAINING PROTEIN,turquoise,NA,gene
Manes.18G094000.v8.1,Manes.18G094000,(1 of 3) PTHR22883//PTHR22883:SF41 - ZINC FINGER DHHC DOMAIN CONTAINING PROTEIN // PROTEIN S-ACYLTRANSFERASE 8,turquoise,NA,gene
Manes.18G095000.v8.1,Manes.18G095000,(1 of 1) K12124 - GIGANTEA (GI),turquoise,NA,gene
Manes.18G095200.v8.1,Manes.18G095200,(1 of 2) K14548 - U3 small nucleolar RNA-associated protein 4 (UTP4; CIRH1A),turquoise,NA,gene
Manes.18G095300.v8.1,Manes.18G095300,(1 of 2) K11168 - dehydrogenase/reductase SDR family member 12 (DHRS12),turquoise,NA,gene
Manes.18G095400.v8.1,Manes.18G095400,(1 of 2) K11168 - dehydrogenase/reductase SDR family member 12 (DHRS12),turquoise,NA,gene
Manes.18G096200.v8.1,Manes.18G096200,(1 of 1) PF07343 - Protein of unknown function (DUF1475) (DUF1475),black,NA,gene
Manes.18G096700.v8.1,Manes.18G096700,(1 of 1) PTHR10566//PTHR10566:SF83 - CHAPERONE-ACTIVITY OF BC1 COMPLEX  CABC1 -RELATED // SUBFAMILY NOT NAMED,turquoise,NA,gene
Manes.18G097500.v8.1,Manes.18G097500,(1 of 2) PTHR12161:SF21 - REGULATOR OF VPS4 ACTIVITY IN THE MVB PATHWAY PROTEIN,purple,NA,gene
Manes.18G099200.v8.1,Manes.18G099200,(1 of 12) PF05003//PF11961 - Protein of unknown function (DUF668) (DUF668) // Domain of unknown function (DUF3475) (DUF3475),turquoise,NA,gene
Manes.18G099900.v8.1,Manes.18G099900,(1 of 17) 2.4.1.255 - Protein O-GlcNAc transferase / OGTase,purple,NA,gene
Manes.18G100400.v8.1,Manes.18G100400,,black,NA,gene
Manes.18G101000.v8.1,Manes.18G101000,(1 of 2) PTHR24349//PTHR24349:SF117 - SERINE/THREONINE-PROTEIN KINASE // SUBFAMILY NOT NAMED,turquoise,NA,gene
Manes.18G101100.v8.1,Manes.18G101100,(1 of 2) PTHR10795//PTHR10795:SF316 - PROPROTEIN CONVERTASE SUBTILISIN/KEXIN // SERINE PROTEASE-LIKE PROTEIN-RELATED,purple,NA,gene
Manes.18G102200.v8.1,Manes.18G102200,(1 of 2) PTHR22765//PTHR22765:SF46 - RING FINGER AND PROTEASE ASSOCIATED DOMAIN-CONTAINING // SUBFAMILY NOT NAMED,turquoise,NA,gene
Manes.18G103000.v8.1,Manes.18G103000,(1 of 2) PTHR31916:SF3 - ALKALINE/NEUTRAL INVERTASE CINV1-RELATED,black,carb,gene
Manes.18G103400.v8.1,Manes.18G103400,(1 of 1) K10896 - fanconi anemia group M protein (FANCM),turquoise,NA,gene
Manes.18G103600.v8.1,Manes.18G103600,(1 of 5) PTHR10641:SF643 - MYB TRANSCRIPTION FACTOR-RELATED,black,NA,gene
Manes.18G104900.v8.1,Manes.18G104900,(1 of 25) PF11955 - Plant organelle RNA recognition domain (PORR),turquoise,NA,gene
Manes.18G105100.v8.1,Manes.18G105100,(1 of 5) PTHR11654//PTHR11654:SF94 - OLIGOPEPTIDE TRANSPORTER-RELATED // PROTEIN NRT1/ PTR FAMILY 5.10-RELATED,turquoise,NA,gene
Manes.18G105400.v8.1,Manes.18G105400,(1 of 2) PTHR23324//PTHR23324:SF67 - SEC14 RELATED PROTEIN // PATELLIN-1-RELATED,black,NA,gene
Manes.18G105550.v8.1,Manes.18G105550,,turquoise,NA,gene
Manes.18G105682.v8.1,Manes.18G105682,(1 of 50) 3.1.4.46 - Glycerophosphodiester phosphodiesterase / Glycerophosphoryl diester phosphodiesterase,turquoise,NA,gene
Manes.18G105800.v8.1,Manes.18G105800,(1 of 1) PTHR23155:SF402 - DISEASE RESISTANCE PROTEIN RPP13-RELATED,turquoise,NA,gene
Manes.18G106451.v8.1,Manes.18G106451,(1 of 29) PF03083 - Sugar efflux transporter for intercellular exchange (MtN3_slv),turquoise,NA,gene
Manes.18G107600.v8.1,Manes.18G107600,(1 of 4) PTHR18937:SF231 - STRUCTURAL MAINTENANCE OF CHROMOSOMES PROTEIN,turquoise,NA,gene
Manes.18G107700.v8.1,Manes.18G107700,(1 of 166) PF00646 - F-box domain (F-box),turquoise,NA,gene
Manes.18G107800.v8.1,Manes.18G107800,(1 of 5) PF00646//PF08268 - F-box domain (F-box) // F-box associated domain (FBA_3),purple,NA,gene
Manes.18G108000.v8.1,Manes.18G108000,(1 of 1) PTHR11361:SF81 - DNA MISMATCH REPAIR PROTEIN MUTS; TYPE 2,turquoise,NA,gene
Manes.18G108300.v8.1,Manes.18G108300,(1 of 1) PTHR34810:SF1 - DNA-BINDING PROTEIN BIN4,turquoise,NA,gene
Manes.18G108400.v8.1,Manes.18G108400,(1 of 1) PF00931//PF01582//PF13855 - NB-ARC domain (NB-ARC) // TIR domain (TIR) // Leucine rich repeat (LRR_8),turquoise,NA,gene
Manes.18G108700.v8.1,Manes.18G108700,,purple,NA,gene
Manes.18G108800.v8.1,Manes.18G108800,(1 of 1) K15442 - tRNA-specific adenosine deaminase 3 (TAD3; ADAT3),turquoise,NA,gene
Manes.18G109100.v8.1,Manes.18G109100,(1 of 2) PF09835 - Uncharacterized protein conserved in bacteria (DUF2062) (DUF2062),turquoise,NA,gene
Manes.18G109700.v8.1,Manes.18G109700,(1 of 2) PTHR24095//PTHR24095:SF177 - FAMILY NOT NAMED // ACYL-ACTIVATING ENZYME 5; PEROXISOMAL-RELATED,turquoise,NA,gene
Manes.18G111800.v8.1,Manes.18G111800,(1 of 2) PTHR11566//PTHR11566:SF69 - DYNAMIN // SUBFAMILY NOT NAMED,turquoise,NA,gene
Manes.18G112000.v8.1,Manes.18G112000,(1 of 2) KOG1396 - Uncharacterized conserved protein,turquoise,NA,gene
Manes.18G112400.v8.1,Manes.18G112400,(1 of 3) PF00931//PF07725 - NB-ARC domain (NB-ARC) // Leucine Rich Repeat (LRR_3),turquoise,NA,gene
Manes.18G113000.v8.1,Manes.18G113000,(1 of 3) K13963 - serpin B (SERPINB),turquoise,NA,gene
Manes.18G113300.v8.1,Manes.18G113300,(1 of 1) PTHR22298//PTHR22298:SF54 - ENDO-1;4-BETA-GLUCANASE // ENDOGLUCANASE 3-RELATED,turquoise,NA,gene
Manes.18G113400.v8.1,Manes.18G113400,(1 of 270) PF13639 - Ring finger domain (zf-RING_2),purple,NA,gene
Manes.18G113450.v8.1,Manes.18G113450,(1 of 2) K17541 - SCY1-like protein 2 (SCYL2),turquoise,NA,gene
Manes.18G114900.v8.1,Manes.18G114900,(1 of 13) PF00931//PF07725//PF13676 - NB-ARC domain (NB-ARC) // Leucine Rich Repeat (LRR_3) // TIR domain (TIR_2),turquoise,NA,gene
Manes.18G116401.v8.1,Manes.18G116401,(1 of 3) 1.1.1.3//2.7.2.4 - Homoserine dehydrogenase // Aspartate kinase / Aspartokinase,black,NA,gene
Manes.18G117901.v8.1,Manes.18G117901,(1 of 2) PTHR23509:SF10 - PHOSPHOLIPASE DDHD1,turquoise,NA,gene
Manes.18G118701.v8.1,Manes.18G118701,(1 of 9) PF13041//PF13812 - PPR repeat family (PPR_2) // Pentatricopeptide repeat domain (PPR_3),turquoise,NA,gene
Manes.18G119700.v8.1,Manes.18G119700,(1 of 1) 2.1.1.197 - Malonyl-[acyl-carrier protein] O-methyltransferase,turquoise,NA,gene
Manes.18G121000.v8.1,Manes.18G121000,(1 of 1) 3.5.1.28 - N-acetylmuramoyl-L-alanine amidase,turquoise,NA,gene
Manes.18G121800.v8.1,Manes.18G121800,(1 of 33) PF00571 - CBS domain (CBS),turquoise,NA,gene
Manes.18G121900.v8.1,Manes.18G121900,(1 of 2) PTHR22891//PTHR22891:SF20 - EUKARYOTIC TRANSLATION INITIATION FACTOR 2C // PROTEIN ARGONAUTE 4-RELATED,turquoise,NA,gene
Manes.18G122400.v8.1,Manes.18G122400,(1 of 5) PF10674 - Protein of unknown function (DUF2488) (Ycf54),black,NA,gene
Manes.18G123900.v8.1,Manes.18G123900,(1 of 1) PTHR35515//PTHR35515:SF1 - FAMILY NOT NAMED // NADH DEHYDROGENASE-LIKE COMPLEX N,turquoise,NA,gene
Manes.18G124700.v8.1,Manes.18G124700,,turquoise,NA,gene
Manes.18G125500.v8.1,Manes.18G125500,(1 of 1) KOG0200//KOG0472//KOG0617//KOG1187//KOG4579 - Fibroblast/platelet-derived growth factor receptor and related receptor tyrosine kinases // Leucine-rich repeat protein // Ras suppressor protein (contains leucine-rich repeats) // Serine/threonine protein kinase // Leucine-rich repeat (LRR) protein associated with apoptosis in muscle tissue,turquoise,NA,gene
Manes.18G127000.v8.1,Manes.18G127000,(1 of 1) PTHR24031:SF306 - DEAD-BOX ATP-DEPENDENT RNA HELICASE 11,turquoise,NA,gene
Manes.18G126900.v8.1,Manes.18G126900,(1 of 2) 1.14.13.11 - Trans-cinnamate 4-monooxygenase / Cinnamic acid 4-monooxygenase,turquoise,NA,gene
Manes.18G126700.v8.1,Manes.18G126700,(1 of 1) PTHR23336//PTHR23336:SF23 - ZINC FINGER CW-TYPE COILED-COIL DOMAIN PROTEIN 3. // SUBFAMILY NOT NAMED,turquoise,NA,gene
Manes.18G138900.v8.1,Manes.18G138900,(1 of 2) K12598 - ATP-dependent RNA helicase DOB1 (MTR4; SKIV2L2),turquoise,NA,gene
Manes.18G139100.v8.1,Manes.18G139100,(1 of 2) PTHR11132//PTHR11132:SF98 - SOLUTE CARRIER FAMILY 35 // SUBFAMILY NOT NAMED,turquoise,NA,gene
Manes.18G139300.v8.1,Manes.18G139300,(1 of 1) PTHR13902:SF49 - SERINE/THREONINE-PROTEIN KINASE WNK4-RELATED,turquoise,NA,gene
Manes.18G137700.v8.1,Manes.18G137700,(1 of 1) PTHR11649//PTHR11649:SF58 - MSS1/TRME-RELATED GTP-BINDING PROTEIN // SUBFAMILY NOT NAMED,turquoise,NA,gene
Manes.18G140750.v8.1,Manes.18G140750,(1 of 1) PF16940 - Chloroplast envelope transporter (Tic110),turquoise,NA,gene
Manes.18G140300.v8.1,Manes.18G140300,(1 of 1) PTHR13073//PTHR13073:SF0 - GCN5-RELATED // BIOGENESIS OF LYSOSOME-RELATED ORGANELLES COMPLEX 1 SUBUNIT 1,turquoise,NA,gene
Manes.18G137500.v8.1,Manes.18G137500,(1 of 1) PTHR24347:SF247 - CBL-INTERACTING SERINE/THREONINE-PROTEIN KINASE 10,black,NA,gene
Manes.18G136600.v8.1,Manes.18G136600,(1 of 1) K17408 - small subunit ribosomal protein S29 (DAP3; MRPS29),turquoise,NA,gene
Manes.18G141800.v8.1,Manes.18G141800,(1 of 1) 2.7.1.105//3.1.3.46 - 6-phosphofructo-2-kinase / Phosphofructokinase 2 // Fructose-2;6-bisphosphate 2-phosphatase / Fructose-2;6-bisphosphatase,turquoise,NA,gene
Manes.18G141808.v8.1,Manes.18G141808,(1 of 3) PTHR14155//PTHR14155:SF101 - RING FINGER DOMAIN-CONTAINING // SUBFAMILY NOT NAMED,turquoise,NA,gene
Manes.18G142700.v8.1,Manes.18G142700,(1 of 4) K15113 - solute carrier family 25 (mitochondrial iron transporter); member 28/37 (SLC25A28_37; MFRN),black,NA,gene
Manes.18G142800.v8.1,Manes.18G142800,(1 of 1) PTHR12320:SF7 - PROTEIN PHOSPHATASE 2C 26-RELATED,turquoise,NA,gene
Manes.18G141900.v8.1,Manes.18G141900,(1 of 1) PTHR10366//PTHR10366:SF369 - NAD DEPENDENT EPIMERASE/DEHYDRATASE // CINNAMOYL-COA REDUCTASE-LIKE PROTEIN,black,NA,gene
Manes.18G141005.v8.1,Manes.18G141005,(1 of 2) K13098 - RNA-binding protein FUS (TLS; FUS),turquoise,NA,gene
Manes.18G141033.v8.1,Manes.18G141033,(1 of 3) 3.3.2.6 - Leukotriene-A(4) hydrolase / LTA-4 hydrolase,turquoise,NA,gene
Manes.18G145856.v8.1,Manes.18G145856,(1 of 20) PTHR22595:SF34 - BASIC ENDOCHITINASE B,turquoise,NA,gene
Manes.18G146501.v8.1,Manes.18G146501,(1 of 20) PTHR22595:SF34 - BASIC ENDOCHITINASE B,turquoise,NA,gene
Manes.18G145698.v8.1,Manes.18G145698,,turquoise,NA,gene
Manes.18G145566.v8.1,Manes.18G145566,(1 of 1) PTHR10217:SF475 - CYCLIC NUCLEOTIDE-GATED ION CHANNEL 19-RELATED,turquoise,NA,gene
Manes.18G143900.v8.1,Manes.18G143900,(1 of 1) K10801 - methyl-CpG-binding domain protein 4 (MBD4),turquoise,NA,gene
Manes.S076800.v8.1,Manes.S076800,(1 of 1) PTHR19372//PTHR19372:SF7 - SULFITE REDUCTASE // SULFITE OXIDASE; MITOCHONDRIAL,turquoise,NA,gene
Manes.S095408.v8.1,Manes.S095408,(1 of 3) PTHR22939//PTHR22939:SF90 - SERINE PROTEASE FAMILY S1C HTRA-RELATED // SUBFAMILY NOT NAMED,purple,NA,gene
Manes.S023752.v8.1,Manes.S023752,,turquoise,NA,gene
Phytoene,Phytoene,NA,purple,carot,metabolite
Phytofluene,Phytofluene,NA,purple,carot,metabolite
Zeta.Carotene,Zeta.Carotene,NA,purple,carot,metabolite
total_carotenoids,total_carotenoids,NA,purple,carot,metabolite
Beta.Carotene,Beta.Carotene,NA,purple,carot,metabolite
ratio_viola_bc,ratio_viola_bc,NA,purple,carot,metabolite
