TAG_type,locusName,baseMean,log2FoldChange,lfcSE,stat,pvalue,padj,direction,Pathways,Pathways_Desc,GODescription,class,Description,GO,KOG,KO,Pfam,Panther,Best-hit-arabi-defline
genetic,Manes.08G105600,255.3063764,1.605136217,0.104389054,15.37648022,2.35E-53,4.81E-49,+,,,protein binding,NA,(1 of 3) PF00646//PF14299 - F-box domain (F-box) // Phloem protein 2 (PP2),GO:0005515,,,PF00646 PF14299,PTHR32278 PTHR32278:SF6,F-box family protein
genetic,Manes.04G074700,592.7980914,0.858216835,0.060490076,14.18772955,1.09E-45,1.11E-41,+,,,,NA,(1 of 4) PF06911 - Senescence-associated protein (Senescence),,,,PF06911,PTHR21068 PTHR21068:SF22,
genetic,Manes.11G085200,44.43674089,1.27145424,0.090597134,14.03415526,9.63E-45,6.56E-41,+,,,,NA,(1 of 13) PF14364 - Domain of unknown function (DUF4408) (DUF4408),,,,PF14364,PTHR33640 PTHR33640:SF3,(1 of 11) PF14364 - Domain of unknown function (DUF4408) (DUF4408)
genetic,Manes.09G098760,118.7712445,1.027322011,0.074248621,13.83624372,1.54E-43,7.87E-40,+,,,response to stress,NA,(1 of 46) PF00582 - Universal stress protein family (Usp),GO:0006950,,,PF00582,PTHR31964 PTHR31964:SF23,Adenine nucleotide alpha hydrolases-like superfamily protein
genetic,Manes.13G137100,276.1371894,1.113441713,0.081490732,13.66341526,1.68E-42,6.86E-39,+,,,,NA,(1 of 1) PTHR31636//PTHR31636:SF53 - FAMILY NOT NAMED // SCARECROW-LIKE PROTEIN 15,,,,PF03514,PTHR31636 PTHR31636:SF53,GRAS family transcription factor
genetic,Manes.09G042800,1065.221592,0.539289193,0.039781543,13.55626642,7.27E-42,2.48E-38,+,,,,NA,,,,,,PTHR35722,
genetic,Manes.09G098800,242.5144291,1.278754188,0.095310929,13.41665848,4.83E-41,1.23E-37,+,PWY-6842,glutathione-mediated detoxification II,protein binding,NA,"(1 of 9) PTHR11260//PTHR11260:SF303 - GLUTATHIONE S-TRANSFERASE, GST, SUPERFAMILY, GST DOMAIN CONTAINING // GLUTATHIONE S-TRANSFERASE U1-RELATED",GO:0005515,KOG0406,K00799,PF00043 PF13417,PTHR11260 PTHR11260:SF303,glutathione S-transferase TAU 8
genetic,Manes.01G150600,127.6986256,0.557677835,0.041936477,13.29815644,2.37E-40,5.39E-37,+,,,protein binding; zinc ion binding,NA,(1 of 1) PF13441 - YMGG-like Gly-zipper (Gly-zipper_YMGG),GO:0005515 GO:0008270,,,PF13488 PF13639,PTHR14155 PTHR14155:SF120,RING/U-box superfamily protein
genetic,Manes.03G111200,119.4796726,0.72707775,0.05485407,13.25476396,4.23E-40,7.86E-37,+,,,metabolic process; hexosyltransferase activity,NA,(1 of 1) PTHR11926//PTHR11926:SF366 - GLUCOSYL/GLUCURONOSYL TRANSFERASES // SUBFAMILY NOT NAMED,GO:0008152 GO:0016758,KOG1192,,PF00201,PTHR11926 PTHR11926:SF366,
genetic,Manes.10G020100,4820.665129,1.125902349,0.086232581,13.0565772,5.83E-39,9.92E-36,+,,,,NA,(1 of 10) PTHR11527//PTHR11527:SF152 - SMALL HEAT-SHOCK PROTEIN  HSP20  FAMILY // SUBFAMILY NOT NAMED,,KOG0710,K13993,PF00011,PTHR11527 PTHR11527:SF152,
genetic,Manes.08G117800,2786.915535,0.523914844,0.040779442,12.84752361,8.88E-38,1.40E-34,+,,,,NA,(1 of 5) PF05755 - Rubber elongation factor protein (REF) (REF),,,,PF05755,PTHR33732 PTHR33732:SF3,Rubber elongation factor protein (REF)
genetic,Manes.07G019300,6727.042695,0.788056629,0.061377546,12.83949385,9.85E-38,1.44E-34,+,,,protein binding,NA,(1 of 1) PTHR10666//PTHR10666:SF155 - UBIQUITIN // POLYUBIQUITIN 4,GO:0005515,KOG0001,K08770,PF11976,PTHR10666 PTHR10666:SF155,ubiquitin 4
genetic,Manes.05G063000,2154.98262,0.68201211,0.053380447,12.77644067,2.22E-37,3.02E-34,+,,,protein binding; zinc ion binding,NA,"(1 of 3) K16275 - E3 ubiquitin-protein ligase BAH [EC:6.3.2.19] (BAH, NLA)",GO:0005515 GO:0008270,,K16275,PF03105 PF13920,PTHR23041 PTHR23041:SF64,SPX (SYG1/Pho81/XPR1) domain-containing protein
genetic,Manes.08G096900,91.26439925,0.863252499,0.067778667,12.73634516,3.71E-37,4.74E-34,+,,,DNA-binding transcription factor activity; regulation of DNA-templated transcription,NA,(1 of 2) PTHR31241:SF2 - DEHYDRATION-RESPONSIVE ELEMENT-BINDING PROTEIN 2A-RELATED,GO:0003700 GO:0006355,,,PF00847,PTHR31241 PTHR31241:SF2,
genetic,Manes.12G027800,808.1052575,0.613493732,0.048416049,12.67128867,8.53E-37,1.03E-33,+,,,antioxidant activity; oxidoreductase activity; protein-disulfide reductase (NAD(P)H) activity,NA,(1 of 5) K17609 - nucleoredoxin [EC:1.8.1.8] (NXN),GO:0016209 GO:0016491 GO:0047134 GO:0055114,KOG2501,K17609,PF00578 PF07649 PF13905,PTHR13871 PTHR13871:SF7,DC1 domain-containing protein
genetic,Manes.18G101100,609.8558391,0.533672097,0.042280829,12.62208209,1.60E-36,1.72E-33,+,,,,NA,(1 of 2) PTHR10795//PTHR10795:SF316 - PROPROTEIN CONVERTASE SUBTILISIN/KEXIN // SERINE PROTEASE-LIKE PROTEIN-RELATED,,,,PF05922,PTHR10795 PTHR10795:SF316,"Proteinase inhibitor, propeptide"
genetic,Manes.12G029366,97.18858964,0.909402224,0.073478984,12.37635817,3.51E-35,3.58E-32,+,,,,NA,(1 of 1) KOG2681 - Metal-dependent phosphohydrolase,,KOG2681,K06941,PF01966,PTHR11373 PTHR11373:SF31,
genetic,Manes.02G033500,52.99445878,0.815152438,0.066000138,12.35076863,4.82E-35,4.69E-32,+,,,,NA,(1 of 3) PTHR33593:SF2 - F5O11.5,,,,PF07279,PTHR33593 PTHR33593:SF2,
genetic,Manes.18G077024,151.7877549,0.907309665,0.073920068,12.27419954,1.25E-34,1.16E-31,+,,,protein binding,NA,(1 of 6) PTHR32278:SF6 - F-BOX PROTEIN PP2-B1-RELATED,GO:0005515,,,PF14299,PTHR32278 PTHR32278:SF6,F-box family protein
genetic,Manes.08G134300,48.62875315,1.000241825,0.081793861,12.22881293,2.18E-34,1.94E-31,+,,,calcium ion binding,NA,,GO:0005509,,,,PTHR34574 PTHR34574:SF1,calcium-binding EF hand family protein
genetic,Manes.02G011000,1001.947194,0.543719523,0.044680687,12.1690053,4.55E-34,3.87E-31,+,,,,NA,,,,,,,
genetic,Manes.13G030800,40.89343288,0.786724343,0.064691456,12.16117855,5.00E-34,4.09E-31,+,,,protein kinase activity; protein tyrosine kinase activity; ATP binding; protein phosphorylation,NA,(1 of 1) PTHR23257:SF353 - KINASE-LIKE PROTEIN,GO:0004672 GO:0004713 GO:0005524 GO:0006468,KOG0192,,PF07714,PTHR23257 PTHR23257:SF353,
genetic,Manes.15G141200,114.5824435,0.507768131,0.041888722,12.12183385,8.09E-34,6.36E-31,+,,,endonuclease activity; DNA repair,NA,(1 of 2) 3.1.21.7 - Deoxyribonuclease V / Escherichia coli endodeoxyribonuclease V,GO:0004519 GO:0006281,KOG4417,,PF04493,PTHR28511 PTHR28511:SF1,endonuclease V family protein
genetic,Manes.05G160600,33.86794325,1.292886596,0.107814689,11.99174814,3.93E-33,2.86E-30,+,,,"hydrolase activity, hydrolyzing O-glycosyl compounds; carbohydrate metabolic process",NA,"(1 of 3) PTHR32227:SF16 - GLUCAN ENDO-1,3-BETA-GLUCOSIDASE 7-RELATED",GO:0004553 GO:0005975,,,PF00332 PF07983,PTHR32227 PTHR32227:SF16,O-Glycosyl hydrolases family 17 protein
genetic,Manes.09G059028,112.9568066,0.593194488,0.050760417,11.68616258,1.50E-31,1.06E-28,+,,,DNA-binding transcription factor activity; nucleus; regulation of DNA-templated transcription; sequence-specific DNA binding,NA,(1 of 2) PTHR10015//PTHR10015:SF164 - HEAT SHOCK TRANSCRIPTION FACTOR // HEAT STRESS TRANSCRIPTION FACTOR A-3,GO:0003700 GO:0005634 GO:0006355 GO:0043565,KOG0627,K09419,PF00447,PTHR10015 PTHR10015:SF164,heat shock transcription factor A3
genetic,Manes.10G141651,191.8526305,1.104797672,0.095728058,11.54100162,8.20E-31,5.58E-28,+,,,ADP binding,NA,(1 of 6) PTHR23155//PTHR23155:SF414 - LEUCINE-RICH REPEAT-CONTAINING PROTEIN // SUBFAMILY NOT NAMED,GO:0043531,,,PF00931,PTHR23155 PTHR23155:SF414,
genetic,Manes.17G009100,1.245893451,-4.484892252,0.388797066,-11.53530376,8.76E-31,5.77E-28,-,PWY-6824; PWY-5466,justicidin B biosynthesis; matairesinol biosynthesis,catalytic activity,NA,(1 of 2) 1.23.1.4 - (-)-lariciresinol reductase / Pinoresinol/lariciresinol reductase,GO:0003824 GO:0050662,,,PF01370,PTHR10366 PTHR10366:SF397,pinoresinol reductase 1
genetic,Manes.12G049701,40.76608261,1.102937956,0.096327383,11.44989019,2.35E-30,1.50E-27,+,,,zinc ion binding; oxidoreductase activity,NA,(1 of 12) 1.6.5.5 - NADPH:quinone reductase / Zeta-crystallin,GO:0008270 GO:0016491 GO:0055114,KOG1198,,PF08240 PF13602,PTHR11695 PTHR11695:SF507,"Oxidoreductase, zinc-binding dehydrogenase family protein"
genetic,Manes.01G043300,27.27115187,0.8506075,0.075711708,11.23482123,2.75E-29,1.61E-26,+,,,,NA,(1 of 67) PF03168 - Late embryogenesis abundant protein (LEA_2),,,,PF03168,PTHR31415 PTHR31415:SF20,Late embryogenesis abundant (LEA) hydroxyproline-rich glycoprotein family
genetic,Manes.11G060900,13.6342928,1.187833687,0.108357644,10.9621587,5.81E-28,3.12E-25,+,,,,NA,,,,,,,
genetic,Manes.07G059900,39.9656486,0.972088147,0.089409531,10.87231014,1.56E-27,8.18E-25,+,,,protein binding,NA,(1 of 2) PTHR32002:SF3 - PROTEIN NLP1-RELATED,GO:0005515,,,PF00564 PF02042,PTHR32002 PTHR32002:SF3,
genetic,Manes.09G092548,17.78683556,1.281175384,0.118247561,10.83468758,2.36E-27,1.20E-24,+,,,,NA,(1 of 1) PTHR31048:SF21 - PATHOGENESIS-RELATED THAUMATIN-LIKE PROTEIN,,,,PF00314,PTHR31048 PTHR31048:SF21,Pathogenesis-related thaumatin superfamily protein
genetic,Manes.08G161900,197.6693911,0.735202205,0.068377993,10.75202956,5.80E-27,2.82E-24,+,,,nucleic acid binding; nucleobase-containing compound metabolic process; 3'-5' exonuclease activity,NA,(1 of 11) PF01612 - 3'-5' exonuclease (DNA_pol_A_exo1),GO:0003676 GO:0006139 GO:0008408,,,PF01612,PTHR13620,
genetic,Manes.16G024500,18.0775825,1.082749004,0.100880929,10.73294043,7.13E-27,3.39E-24,+,,,DNA binding; regulation of DNA-templated transcription,NA,"(1 of 45) PF02701 - Dof domain, zinc finger (zf-Dof)",GO:0003677 GO:0006355,,,PF02701,PTHR31992 PTHR31992:SF35,
genetic,Manes.13G008500,5.917791642,1.68134565,0.158074941,10.63638322,2.02E-26,9.16E-24,+,,,,NA,(1 of 13) PF14364 - Domain of unknown function (DUF4408) (DUF4408),,,,PF14364,PTHR35762 PTHR35762:SF2,(1 of 11) PF14364 - Domain of unknown function (DUF4408) (DUF4408)
genetic,Manes.07G104000,11.542693,1.652509195,0.155413069,10.63301307,2.09E-26,9.29E-24,+,,,,NA,(1 of 2) PTHR32191:SF1 - TETRASPANIN-5-RELATED,GO:0016021,,,PF00335,PTHR32191 PTHR32191:SF1,tetraspanin6
genetic,Manes.12G051600,155.6570817,0.546996629,0.051564582,10.60799113,2.74E-26,1.19E-23,+,,,protein kinase activity; protein tyrosine kinase activity; ATP binding; protein phosphorylation,NA,"(1 of 1) PTHR24351:SF69 - AGC (CAMP-DEPENDENT, CGMP-DEPENDENT AND PROTEIN KINASE C) KINASE FAMILY PROTEIN-RELATED",GO:0004672 GO:0004713 GO:0005524 GO:0006468,KOG0610,,PF00069 PF07714,PTHR24351 PTHR24351:SF69,"AGC (cAMP-dependent, cGMP-dependent and protein kinase C) kinase family protein"
genetic,Manes.09G170800,18.80393948,0.69361651,0.065522657,10.58590331,3.46E-26,1.47E-23,+,,,,NA,(1 of 4) KOG1727 - Microtubule-binding protein (translationally controlled tumor protein),,KOG1727,,PF00838,PTHR11991,Methionine sulfoxide reductase (MSS4-like) family protein
genetic,Manes.03G020500,84.04179146,1.043299989,0.098754261,10.56460728,4.35E-26,1.81E-23,+,,,DNA-binding transcription factor activity; nucleus; regulation of DNA-templated transcription; sequence-specific DNA binding,NA,(1 of 2) PTHR10015//PTHR10015:SF187 - HEAT SHOCK TRANSCRIPTION FACTOR // HEAT STRESS TRANSCRIPTION FACTOR C-1,GO:0003700 GO:0005634 GO:0006355 GO:0043565,,,PF00447,PTHR10015 PTHR10015:SF187,heat shock transcription factor  C1
genetic,Manes.15G155400,280.5907212,0.680877577,0.065108251,10.45762346,1.35E-25,5.52E-23,+,,,,NA,(1 of 1) PTHR34278//PTHR34278:SF1 - FAMILY NOT NAMED // GB|AAC02775.1,,,,,PTHR34278 PTHR34278:SF1,(1 of 1) PTHR34278:SF1 - GB
genetic,Manes.15G162100,32.00823336,0.894054039,0.085888472,10.40947657,2.24E-25,8.99E-23,+,,,,NA,(1 of 11) PF11820 - Protein of unknown function (DUF3339) (DUF3339),,,,PF11820,PTHR33128 PTHR33128:SF14,Protein of unknown function (DUF 3339)
genetic,Manes.01G191500,193.8916312,0.67882756,0.065715497,10.32979413,5.17E-25,2.03E-22,+,,,DNA binding; DNA-binding transcription factor activity; regulation of DNA-templated transcription; sequence-specific DNA binding,NA,"(1 of 2) KOG0490 - Transcription factor, contains HOX domain",GO:0003677 GO:0003700 GO:0006355 GO:0043565,KOG0490,K09338,PF00046 PF02183,PTHR24326 PTHR24326:SF190,
genetic,Manes.02G098700,43.7973741,0.612184132,0.060616762,10.09925491,5.57E-24,2.07E-21,+,,,catalytic activity,NA,(1 of 1) PTHR10992//PTHR10992:SF804 - ALPHA/BETA HYDROLASE FOLD-CONTAINING PROTEIN // SUBFAMILY NOT NAMED,GO:0003824,KOG4178,,PF00561,PTHR10992 PTHR10992:SF804,alpha/beta-Hydrolases superfamily protein
genetic,Manes.01G052500,755.9029693,0.531035664,0.053236651,9.975001344,1.96E-23,7.00E-21,+,,,,NA,(1 of 2) PTHR10857//PTHR10857:SF54 - COPINE // DCD (DEVELOPMENT AND CELL DEATH) DOMAIN PROTEIN,,,,PF10539,PTHR10857 PTHR10857:SF54,DCD (Development and Cell Death) domain protein
genetic,Manes.08G086700,2341.404335,0.601061315,0.060251507,9.975871894,1.94E-23,7.00E-21,+,,,,NA,(1 of 1) PTHR15852//PTHR15852:SF20 - FAMILY NOT NAMED // CHAPERONE PROTEIN DNAJ-LIKE PROTEIN,,KOG2813,,,PTHR15852 PTHR15852:SF20,chaperone protein dnaJ-related
genetic,Manes.18G054150,10.88390099,0.861038495,0.086616087,9.940861207,2.76E-23,9.57E-21,+,,,DNA-templated transcription; sequence-specific DNA binding,NA,(1 of 2) PTHR22952//PTHR22952:SF145 - CAMP-RESPONSE ELEMENT BINDING PROTEIN-RELATED // SUBFAMILY NOT NAMED,GO:0006351 GO:0043565,,,PF14144,PTHR22952 PTHR22952:SF145,transcription factor-related
genetic,Manes.08G103000,369.1160133,0.920771509,0.092742004,9.928311537,3.14E-23,1.07E-20,+,,,,NA,(1 of 1) PTHR31969//PTHR31969:SF3 - FAMILY NOT NAMED // GEM-LIKE PROTEIN 5,,,,PF02893,PTHR31969 PTHR31969:SF3,GRAM domain family protein
genetic,Manes.03G173700,57.71678457,0.580251479,0.05856727,9.907436003,3.86E-23,1.29E-20,+,PWY-6927,chlorophyll <i>a</i> degradation II,,NA,"(1 of 1) PTHR33428//PTHR33428:SF1 - FAMILY NOT NAMED // CHLOROPHYLLASE-2, CHLOROPLASTIC",,,K08099,PF12695,PTHR33428 PTHR33428:SF1,chlorophyllase 2
genetic,Manes.09G170000,276.0347022,0.595899853,0.060261313,9.888597248,4.67E-23,1.51E-20,+,,,,NA,(1 of 5) PF05755 - Rubber elongation factor protein (REF) (REF),,,,PF05755,PTHR33732 PTHR33732:SF3,Rubber elongation factor protein (REF)
genetic,Manes.04G149500,190.3640451,0.503596913,0.051323722,9.812166583,9.98E-23,3.19E-20,+,,,vacuole organization; phosphatidylinositol-3-phosphate biosynthetic process; phosphoric ester hydrolase activity,NA,(1 of 2) PTHR11200//PTHR11200:SF122 - INOSITOL 5-PHOSPHATASE // PHOSPHOINOSITIDE PHOSPHATASE SAC3-RELATED,GO:0007033 GO:0036092 GO:0042578,,,PF02383,PTHR11200 PTHR11200:SF122,Phosphoinositide phosphatase family protein
genetic,Manes.12G027700,675.5910919,0.618627164,0.063155408,9.795315749,1.18E-22,3.65E-20,+,,,antioxidant activity; oxidoreductase activity; protein-disulfide reductase (NAD(P)H) activity,NA,(1 of 5) K17609 - nucleoredoxin [EC:1.8.1.8] (NXN),GO:0016209 GO:0016491 GO:0047134 GO:0055114,KOG2501,K17609,PF00578 PF07649 PF13905,PTHR13871 PTHR13871:SF7,
genetic,Manes.08G002700,613.0414734,1.396418809,0.14293068,9.769902492,1.52E-22,4.62E-20,+,PWY-2261; PWY-6959,ascorbate glutathione cycle; L-ascorbate degradation V,peroxidase activity; response to oxidative stress; heme binding,NA,"(1 of 3) PTHR31356:SF10 - L-ASCORBATE PEROXIDASE 2, CYTOSOLIC",GO:0004601 GO:0006979 GO:0020037 GO:0055114,,K00434,PF00141,PTHR31356 PTHR31356:SF10,ascorbate peroxidase 2
genetic,Manes.08G020700,67.1969207,0.703446391,0.072183896,9.745198386,1.93E-22,5.73E-20,+,,,DNA-binding transcription factor activity; nucleus; regulation of DNA-templated transcription; sequence-specific DNA binding,NA,(1 of 2) PTHR10015:SF164 - HEAT STRESS TRANSCRIPTION FACTOR A-3,GO:0003700 GO:0005634 GO:0006355 GO:0043565,KOG0627,K09419,PF00447,PTHR10015 PTHR10015:SF164,heat shock transcription factor A3
genetic,Manes.09G180500,66.09014844,0.700631556,0.07278084,9.626593407,6.17E-22,1.78E-19,+,,,"hydrolase activity, hydrolyzing O-glycosyl compounds; carbohydrate metabolic process",NA,(1 of 2) PTHR32227:SF118 - CARBOHYDRATE-BINDING X8 DOMAIN-CONTAINING PROTEIN,GO:0004553 GO:0005975,,,PF00332 PF07983,PTHR32227 PTHR32227:SF118,Carbohydrate-binding X8 domain superfamily protein
genetic,Manes.01G000279,53.46020447,0.879139897,0.092071229,9.548475733,1.32E-21,3.73E-19,+,,,,NA,,,,,,,
genetic,Manes.14G162600,287.1917565,0.511558333,0.054158501,9.445577712,3.53E-21,9.67E-19,+,,,nucleotide binding; P-type calcium transporter activity; calmodulin binding; ATP binding; membrane; metal ion binding; calcium ion transmembrane transport,NA,(1 of 16) K01537 - Ca2+-transporting ATPase (E3.6.3.8),GO:0000166 GO:0005388 GO:0005516 GO:0005524 GO:0016020 GO:0016021 GO:0046872 GO:0070588,,K01537,PF00122 PF00689 PF00690 PF00702 PF12515,PTHR24093 PTHR24093:SF359,autoinhibited Ca(2+)-ATPase 10
genetic,Manes.08G082622,29.11275552,1.452037291,0.156883547,9.255510331,2.13E-20,5.44E-18,+,,,,NA,(1 of 1) PTHR11527//PTHR11527:SF153 - SMALL HEAT-SHOCK PROTEIN  HSP20  FAMILY // SUBFAMILY NOT NAMED,,,K13993,PF00011,PTHR11527 PTHR11527:SF153,
genetic,Manes.07G091300,12544.90472,-0.84236657,0.091524388,-9.203738886,3.46E-20,8.61E-18,-,,,metal ion binding,NA,(1 of 9) PF01439 - Metallothionein (Metallothio_2),GO:0046872,,,PF01439,PTHR33543,
genetic,Manes.17G045800,13.18378243,0.782495914,0.085159249,9.188619185,3.98E-20,9.79E-18,+,,,ATP binding,NA,(1 of 2) K06027 - vesicle-fusing ATPase (NSF),GO:0005524,,K06027,PF00004 PF07724,PTHR23078,AAA-type ATPase family protein
genetic,Manes.04G034100,5.364807722,0.981481363,0.107655408,9.116879284,7.73E-20,1.82E-17,+,,,,NA,(1 of 8) PF05056 - Protein of unknown function (DUF674) (DUF674),,,,PF05056,PTHR33103 PTHR33103:SF8,
genetic,Manes.09G169700,167.0337661,0.724817534,0.079776895,9.085557042,1.03E-19,2.40E-17,+,,,metal ion transport; metal ion binding,NA,(1 of 4) PTHR22814//PTHR22814:SF75 - COPPER TRANSPORT PROTEIN ATOX1-RELATED // HEAVY METAL TRANSPORT/DETOXIFICATION DOMAIN-CONTAINING PROTEIN,GO:0030001 GO:0046872,KOG1603,,PF00403,PTHR22814 PTHR22814:SF75,Heavy metal transport/detoxification superfamily protein
genetic,Manes.17G111400,11.93879783,1.078817539,0.118895168,9.073686977,1.15E-19,2.64E-17,+,,,DNA binding; regulation of DNA-templated transcription,NA,(1 of 2) PTHR31079//PTHR31079:SF2 - FAMILY NOT NAMED // F4P13.14 PROTEIN-RELATED,GO:0003677 GO:0006355,,,PF02365,PTHR31079 PTHR31079:SF2,NAC domain containing protein 44
genetic,Manes.06G005300,11.38034538,0.964076985,0.106435684,9.057836135,1.33E-19,3.02E-17,+,,,structural constituent of ribosome; intracellular anatomical structure; ribosome; translation,NA,(1 of 5) PTHR10722 - 60S RIBOSOMAL PROTEIN L19,GO:0003735 GO:0005622 GO:0005840 GO:0006412,KOG1696,,PF01280,PTHR10722,
genetic,Manes.03G176600,29.88989936,1.033409349,0.115897715,8.916563599,4.81E-19,1.01E-16,+,,,lipid transport; lipid binding,NA,(1 of 2) PTHR33044:SF23 - BIFUNCTIONAL INHIBITOR/LIPID-TRANSFER PROTEIN/SEED STORAGE 2S ALBUMIN SUPERFAMILY PROTEIN-RELATED,GO:0006869 GO:0008289,,,PF14368,PTHR33044 PTHR33044:SF23,Bifunctional inhibitor/lipid-transfer protein/seed storage 2S albumin superfamily protein
genetic,Manes.16G121600,4.72459375,1.062451573,0.119407213,8.897716842,5.70E-19,1.19E-16,+,PWY-7039; LIPASYN-PWY; PWY-3561,"phosphatidate metabolism, as a signaling molecule; phospholipases; choline biosynthesis III",catalytic activity; phospholipase D activity; calcium ion binding; protein binding; membrane; phosphatidylcholine metabolic process,NA,(1 of 3) PTHR18896//PTHR18896:SF11 - PHOSPHOLIPASE D // PHOSPHOLIPASE D ALPHA 1-RELATED,GO:0003824 GO:0004630 GO:0005509 GO:0005515 GO:0016020 GO:0046470,,K01115,PF00168 PF00614 PF12357,PTHR18896 PTHR18896:SF11,
genetic,Manes.01G120100,837.0994505,-0.514891131,0.05791924,-8.889811539,6.12E-19,1.26E-16,-,,,metabolic process; carbon-sulfur lyase activity,NA,"(1 of 1) PTHR28620:SF1 - PROTEIN F25B4.8, ISOFORM A",GO:0008152 GO:0016846,KOG4192,,PF04828,PTHR28620 PTHR28620:SF1,carbon-sulfur lyases
genetic,Manes.07G111900,3.617266391,1.109344722,0.124835518,8.886451095,6.31E-19,1.29E-16,+,,,metal ion binding,NA,(1 of 54) PF13912 - C2H2-type zinc finger (zf-C2H2_6),GO:0046872,,,PF13912,PTHR26374 PTHR26374:SF207,
genetic,Manes.02G034900,4427.712054,0.718485424,0.08127224,8.840477738,9.53E-19,1.91E-16,+,PWY-1081,homogalacturonan degradation,enzyme inhibitor activity,NA,(1 of 4) PTHR31080:SF8 - F23N19.12,GO:0004857,,,PF04043,PTHR31080 PTHR31080:SF8,
genetic,Manes.03G115300,13.76524543,0.684275887,0.077570108,8.821386248,1.13E-18,2.22E-16,+,,,defense response; response to biotic stimulus,NA,(1 of 49) PF00407 - Pathogenesis-related protein Bet v I family (Bet_v_1),GO:0006952 GO:0009607,,,PF00407,PTHR31213 PTHR31213:SF15,
genetic,Manes.14G136021,35.06285927,-2.796928552,0.317473596,-8.809956435,1.25E-18,2.44E-16,-,,,,NA,,,,,,,
genetic,Manes.01G034800,2.859270644,1.433517667,0.163573934,8.76372922,1.89E-18,3.63E-16,+,,,,NA,(1 of 2) PTHR10641//PTHR10641:SF512 - MYB-LIKE DNA-BINDING PROTEIN MYB // MYB-DOMAIN TRANSCRIPTION FACTOR LOF1-RELATED,,,,PF00249,PTHR10641 PTHR10641:SF512,myb domain protein 110
genetic,Manes.10G141533,23.40662818,1.168765508,0.133374353,8.763045396,1.90E-18,3.63E-16,+,,,ADP binding,NA,(1 of 86) PTHR23155//PTHR23155:SF563 - LEUCINE-RICH REPEAT-CONTAINING PROTEIN // SUBFAMILY NOT NAMED,GO:0043531,,,PF00931,PTHR23155 PTHR23155:SF563,
genetic,Manes.03G069616,46.71104131,1.139188549,0.130753187,8.712510746,2.97E-18,5.57E-16,+,,,,NA,,,,,,,
genetic,Manes.17G084800,83.9277692,0.867966982,0.100198945,8.662436374,4.62E-18,8.50E-16,+,,,RNA-dependent RNA polymerase activity,NA,(1 of 3) PTHR23079:SF9 - RNA-DEPENDENT RNA POLYMERASE 1,GO:0003968,,K11699,PF05183,PTHR23079 PTHR23079:SF9,
genetic,Manes.02G064600,6.460729491,0.96564632,0.111744505,8.641555287,5.55E-18,1.01E-15,+,,,,NA,(1 of 1) PTHR31050//PTHR31050:SF0 - FAMILY NOT NAMED // T25B24.5 PROTEIN,,,,PF06880,PTHR31050 PTHR31050:SF0,Protein of unknown function (DUF1262)
genetic,Manes.02G177900,1222.97403,0.521390687,0.061053077,8.539957619,1.34E-17,2.41E-15,+,,,carboxy-lyase activity; carboxylic acid metabolic process; pyridoxal phosphate binding,NA,"(1 of 2) K01590 - histidine decarboxylase (hdc, HDC)",GO:0016831 GO:0019752 GO:0030170,KOG0629,K01590,PF00282,PTHR11999 PTHR11999:SF83,Pyridoxal phosphate (PLP)-dependent transferases superfamily protein
genetic,Manes.05G064500,7.577198027,1.247067615,0.14668749,8.50152669,1.87E-17,3.30E-15,+,,,,NA,,,,,,,
genetic,Manes.09G181200,107.7060133,0.868630633,0.102370991,8.485124808,2.15E-17,3.76E-15,+,,,aspartic-type endopeptidase activity; proteolysis; lipid metabolic process,NA,(1 of 1) PTHR13683//PTHR13683:SF312 - ASPARTYL PROTEASES // SUBFAMILY NOT NAMED,GO:0004190 GO:0006508 GO:0006629,KOG1339,K08245,PF00026 PF03489 PF05184,PTHR13683 PTHR13683:SF312,
genetic,Manes.04G078866,12.15891923,0.994547543,0.117483255,8.465440798,2.55E-17,4.34E-15,+,,,DNA binding; regulation of DNA-templated transcription,NA,(1 of 18) PTHR31989//PTHR31989:SF21 - FAMILY NOT NAMED // NAC TRANSCRIPTION FACTOR-LIKE 9,GO:0003677 GO:0006355,,,PF02365,PTHR31989 PTHR31989:SF21,
genetic,Manes.02G034600,19.77519688,0.941601592,0.111614946,8.436160416,3.28E-17,5.49E-15,+,,,,NA,,,,,,,
genetic,Manes.10G141900,56.2558859,0.643839003,0.076578015,8.407622033,4.18E-17,6.95E-15,+,,,ADP binding,NA,(1 of 6) PTHR23155//PTHR23155:SF414 - LEUCINE-RICH REPEAT-CONTAINING PROTEIN // SUBFAMILY NOT NAMED,GO:0043531,,,PF00931,PTHR23155 PTHR23155:SF414,
genetic,Manes.01G250800,9327.651992,0.662989636,0.078966297,8.395855717,4.63E-17,7.62E-15,+,,,protein binding; protein-folding chaperone binding,NA,(1 of 1) PTHR33322:SF4 - BAG FAMILY MOLECULAR CHAPERONE REGULATOR 6,GO:0005515 GO:0051087,,,PF02179,PTHR33322 PTHR33322:SF4,BCL-2-associated athanogene 6
genetic,Manes.01G022400,2.804776448,1.35501916,0.161829315,8.373137856,5.61E-17,9.17E-15,+,,,,NA,,,,,,PTHR33429 PTHR33429:SF6,
genetic,Manes.05G136400,39.36610612,0.925221242,0.110776636,8.352133394,6.70E-17,1.08E-14,+,,,,NA,"(1 of 15) PF04759 - Protein of unknown function, DUF617 (DUF617)",,,,PF04759,PTHR31276 PTHR31276:SF3,"Protein of unknown function, DUF617"
genetic,Manes.16G032500,15.4610447,0.712014537,0.085474344,8.33015508,8.07E-17,1.28E-14,+,,,DNA binding; regulation of DNA-templated transcription,NA,(1 of 3) PTHR31079:SF5 - NAC DOMAIN CONTAINING PROTEIN 10,GO:0003677 GO:0006355,,,PF02365,PTHR31079 PTHR31079:SF5,NAC domain containing protein 10
genetic,Manes.16G085400,27.48459224,0.715080498,0.086075177,8.307627434,9.76E-17,1.53E-14,+,,,"monooxygenase activity; iron ion binding; oxidoreductase activity, acting on paired donors, with incorporation or reduction of molecular oxygen; heme binding",NA,(1 of 1) PTHR24282//PTHR24282:SF24 - CYTOCHROME P450 FAMILY MEMBER // SUBFAMILY NOT NAMED,GO:0004497 GO:0005506 GO:0016705 GO:0020037 GO:0055114,KOG0157,,PF00067,PTHR24282 PTHR24282:SF24,
genetic,Manes.18G049100,34.09963497,0.872725333,0.105433956,8.277459833,1.26E-16,1.95E-14,+,,,DNA-binding transcription factor activity; regulation of DNA-templated transcription; sequence-specific DNA binding,NA,(1 of 2) PTHR22952//PTHR22952:SF115 - CAMP-RESPONSE ELEMENT BINDING PROTEIN-RELATED // SUBFAMILY NOT NAMED,GO:0003700 GO:0006355 GO:0043565,,,PF00170,PTHR22952 PTHR22952:SF115,basic leucine-zipper 4
genetic,Manes.10G031200,8.704371374,1.295025109,0.1570602,8.245405972,1.65E-16,2.49E-14,+,,,DNA binding; regulation of DNA-templated transcription,NA,(1 of 2) PTHR31992:SF26 - DOF ZINC FINGER PROTEIN DOF2.4,GO:0003677 GO:0006355,,,PF02701,PTHR31992 PTHR31992:SF26,OBF-binding protein 3
genetic,Manes.08G069932,99.38806376,0.655278863,0.080593201,8.130696589,4.27E-16,6.06E-14,+,,,metal ion transport; metal ion binding,NA,(1 of 2) PTHR22814//PTHR22814:SF94 - COPPER TRANSPORT PROTEIN ATOX1-RELATED // SUBFAMILY NOT NAMED,GO:0030001 GO:0046872,KOG1603,,PF00403,PTHR22814 PTHR22814:SF94,
genetic,Manes.11G066800,49.58688998,0.670808211,0.082575502,8.123574155,4.53E-16,6.38E-14,+,,,ATP binding; transport; ATP hydrolysis activity; ATPase-coupled transmembrane transporter activity; transmembrane transport,NA,"(1 of 1) K05674 - ATP-binding cassette, subfamily C (CFTR/MRP), member 10 (ABCC10)",GO:0005524 GO:0006810 GO:0016021 GO:0016887 GO:0042626 GO:0055085,,K05674,PF00005 PF00664,PTHR24223 PTHR24223:SF232,multidrug resistance-associated protein 11
genetic,Manes.09G001501,1.925618331,2.371123109,0.292316302,8.111498034,5.00E-16,7.00E-14,+,,,,NA,,,,,,,
genetic,Manes.08G092100,782.1966069,0.661293048,0.081554578,8.108595059,5.12E-16,7.12E-14,+,,,monoatomic cation transport; calcium ion transport; monoatomic cation transmembrane transporter activity; calcium:proton antiporter activity; transmembrane transport,NA,(1 of 2) PTHR31503:SF1 - VACUOLAR CATION/PROTON EXCHANGER 1-RELATED,GO:0006812 GO:0006816 GO:0008324 GO:0015369 GO:0016021 GO:0055085,,K07300,PF01699,PTHR31503 PTHR31503:SF1,cation exchanger 3
genetic,Manes.01G080400,18.30105967,0.861319933,0.106265203,8.10538079,5.26E-16,7.26E-14,+,,,,NA,,,,,,PTHR38925 PTHR38925:SF1,
genetic,Manes.14G103600,13.25749914,-0.953564918,0.118461047,-8.049607402,8.31E-16,1.13E-13,-,,,response to stress,NA,(1 of 2) PTHR31964//PTHR31964:SF55 - FAMILY NOT NAMED // ADENINE NUCLEOTIDE ALPHA HYDROLASES-LIKE SUPERFAMILY PROTEIN,GO:0006950,,,PF00582,PTHR31964 PTHR31964:SF55,
genetic,Manes.18G027300,21.22973514,0.571379839,0.071053477,8.041546499,8.87E-16,1.20E-13,+,,,,NA,(1 of 3) PTHR10996//PTHR10996:SF162 - 2-HYDROXYACID DEHYDROGENASE-RELATED // SUBFAMILY NOT NAMED,,,,,PTHR10996 PTHR10996:SF162,Erythronate-4-phosphate dehydrogenase family protein
genetic,Manes.11G120950,6.329642293,0.540612081,0.067435527,8.016725126,1.09E-15,1.46E-13,+,,,,NA,,,,,,,
genetic,Manes.09G184000,2094.980749,0.533607187,0.066943697,7.970984777,1.57E-15,2.07E-13,+,,,GTPase activity; GTP binding,NA,(1 of 4) PTHR11566:SF45 - DYNAMIN-RELATED PROTEIN 4C-RELATED,GO:0003924 GO:0005525,KOG0446,,PF00350 PF01031 PF02212,PTHR11566 PTHR11566:SF45,Dynamin related protein 4A
genetic,Manes.11G067600,475.496585,1.107777115,0.139049514,7.966781643,1.63E-15,2.13E-13,+,,,,NA,(1 of 3) PTHR19375//PTHR19375:SF229 - HEAT SHOCK PROTEIN 70KDA // HEAT SHOCK 70 KDA PROTEIN 5,,,K03283,PF00012,PTHR19375 PTHR19375:SF229,heat shock protein 70B
genetic,Manes.15G038950,9.283427657,0.653836858,0.082402944,7.934629802,2.11E-15,2.73E-13,+,,,oxidoreductase activity,NA,"(1 of 2) PTHR10209//PTHR10209:SF135 - OXIDOREDUCTASE, 2OG-FE II  OXYGENASE FAMILY PROTEIN // SUBFAMILY NOT NAMED",GO:0016491 GO:0055114,KOG0143,,PF03171 PF14226,PTHR10209 PTHR10209:SF135,
genetic,Manes.11G075100,382.9618055,-0.928980682,0.117157589,-7.929325719,2.20E-15,2.81E-13,-,PWY1F-FLAVSYN; PWY-6787,flavonoid biosynthesis; flavonoid biosynthesis (in equisetum),"lipid biosynthetic process; biosynthetic process; acyltransferase activity, transferring groups other than amino-acyl groups",NA,(1 of 5) K00660 - chalcone synthase (CHS),GO:0008610 GO:0009058 GO:0016747,,K00660,PF00195 PF08541,PTHR11877 PTHR11877:SF27,Chalcone and stilbene synthase family protein
genetic,Manes.09G124900,32.19729506,0.71929314,0.090891558,7.913750814,2.50E-15,3.13E-13,+,,,DNA binding; regulation of DNA-templated transcription,NA,(1 of 152) PF02365 - No apical meristem (NAM) protein (NAM),GO:0003677 GO:0006355,,,PF02365,PTHR31989,
genetic,Manes.08G065000,427.0455359,0.778689963,0.099079529,7.859241696,3.86E-15,4.81E-13,+,,,DNA binding; regulation of DNA-templated transcription,NA,(1 of 6) PTHR31989:SF5 - F11O4.3-RELATED,GO:0003677 GO:0006355,,,PF02365,PTHR31989 PTHR31989:SF5,
genetic,Manes.18G143600,35.85319187,0.683430439,0.087366465,7.822571761,5.18E-15,6.33E-13,+,,,,NA,(1 of 82) 5.2.1.8 - Peptidylprolyl isomerase / Rotamase,,,,,,
genetic,Manes.09G163400,38.75630902,0.592014523,0.075853659,7.804693069,5.96E-15,7.25E-13,+,,,,NA,(1 of 1) PTHR37764//PTHR37764:SF1 - FAMILY NOT NAMED // MOG1/PSBP/DUF1795-LIKE PHOTOSYSTEM II REACTION CENTER PSBP FAMILY PROTEIN,,,,,PTHR37764,Mog1/PsbP/DUF1795-like photosystem II reaction center PsbP family protein
genetic,Manes.06G038651,5.807814596,1.098051903,0.141012374,7.78691877,6.87E-15,8.20E-13,+,,,transporter activity,NA,(1 of 2) K03098 - apolipoprotein D and lipocalin family protein (APOD),GO:0005215,KOG4824,K03098,PF00061,PTHR10612 PTHR10612:SF19,temperature-induced lipocalin
genetic,Manes.12G062302,66.55424565,0.576063111,0.074213082,7.762285184,8.34E-15,9.91E-13,+,,,,NA,"(1 of 23) KOG4293 - Predicted membrane protein, contains DoH and Cytochrome b-561/ferric reductase transmembrane domains",GO:0016021,KOG4293,,PF03188 PF04526,PTHR23130 PTHR23130:SF60,Auxin-responsive family protein
genetic,Manes.04G094200,15.1396096,-1.247123151,0.160878495,-7.751956827,9.05E-15,1.07E-12,-,PWY1F-FLAVSYN; PWY-6787,flavonoid biosynthesis; flavonoid biosynthesis (in equisetum),"lipid biosynthetic process; biosynthetic process; acyltransferase activity, transferring groups other than amino-acyl groups",NA,(1 of 5) K00660 - chalcone synthase (CHS),GO:0008610 GO:0009058 GO:0016747,,K00660,PF00195 PF08541,PTHR11877 PTHR11877:SF27,Chalcone and stilbene synthase family protein
genetic,Manes.02G157200,6.464576318,0.803863184,0.104211983,7.713730811,1.22E-14,1.42E-12,+,,,,NA,,,,,,PTHR34950 PTHR34950:SF1,
genetic,Manes.14G025500,37.15941239,0.532246127,0.069066341,7.706302689,1.30E-14,1.49E-12,+,,,catalytic activity; metabolic process,NA,(1 of 2) 6.2.1.8 - Oxalate--CoA ligase / Oxalyl-CoA synthetase,GO:0003824 GO:0008152,KOG1176,,PF00501 PF13193,PTHR24095 PTHR24095:SF171,AMP-dependent synthetase and ligase family protein
genetic,Manes.04G124400,5.507754081,1.479292824,0.192317034,7.69194902,1.45E-14,1.65E-12,+,,,,NA,(1 of 3) PTHR12161//PTHR12161:SF14 - UNCHARACTERIZED DUF292 // REGULATOR OF VPS4,,KOG2027,,PF03398,PTHR12161 PTHR12161:SF14,Regulator of Vps4 activity in the MVB pathway protein
genetic,Manes.18G043500,76.14470494,0.663170419,0.086215088,7.692045965,1.45E-14,1.65E-12,+,,,"monooxygenase activity; iron ion binding; oxidoreductase activity, acting on paired donors, with incorporation or reduction of molecular oxygen; heme binding",NA,(1 of 24) 1.14.13.89 - Isoflavone 2'-hydroxylase / Isoflavone 2'-monooxygenase,GO:0004497 GO:0005506 GO:0016705 GO:0020037 GO:0055114,,,PF00067,PTHR24298 PTHR24298:SF118,
genetic,Manes.01G149000,23.32823527,-0.927710882,0.120625182,-7.690855845,1.46E-14,1.66E-12,-,LIPAS-PWY,triacylglycerol degradation,"hydrolase activity, acting on ester bonds",NA,(1 of 6) PTHR22835//PTHR22835:SF184 - ZINC FINGER FYVE DOMAIN CONTAINING PROTEIN // GDSL ESTERASE/LIPASE EXL1-RELATED,GO:0016788,,,PF00657,PTHR22835 PTHR22835:SF184,
genetic,Manes.04G041325,26.4588526,-2.903578508,0.378112555,-7.679138052,1.60E-14,1.80E-12,-,,,,NA,,,,,,,
genetic,Manes.14G135300,25.30593603,0.761125647,0.099171731,7.674824664,1.66E-14,1.85E-12,+,,,,NA,,,,,,PTHR33782 PTHR33782:SF5,(1 of 2) PTHR33782:SF1 - BY GENSCAN AND GENEFINDER-RELATED
genetic,Manes.16G011800,1157.741116,0.612180641,0.080099584,7.642744351,2.13E-14,2.34E-12,+,,,,NA,(1 of 3) PTHR10641//PTHR10641:SF657 - MYB-LIKE DNA-BINDING PROTEIN MYB // SUBFAMILY NOT NAMED,,,,PF00249,PTHR10641 PTHR10641:SF657,
genetic,Manes.10G142200,58.47527507,0.697437946,0.091769164,7.599916093,2.96E-14,3.22E-12,+,,,ADP binding,NA,(1 of 86) PTHR23155//PTHR23155:SF563 - LEUCINE-RICH REPEAT-CONTAINING PROTEIN // SUBFAMILY NOT NAMED,GO:0043531,KOG4658,,PF00931,PTHR23155 PTHR23155:SF563,
genetic,Manes.14G142200,8.414598339,0.60903529,0.080292875,7.585172325,3.32E-14,3.57E-12,+,,,,NA,(1 of 2) PTHR31422//PTHR31422:SF1 - FAMILY NOT NAMED // EXPRESSED PROTEIN,,,,PF04576,PTHR31422 PTHR31422:SF1,"Protein of unknown function, DUF593"
genetic,Manes.09G108600,274.964368,1.009909355,0.13420891,7.524905422,5.28E-14,5.53E-12,+,,,,NA,(1 of 1) K06910 - uncharacterized protein (K06910),,,K06910,PF01161,PTHR30289,PEBP (phosphatidylethanolamine-binding protein) family protein
genetic,Manes.08G163200,48.78800383,-0.540476546,0.071934964,-7.513405405,5.76E-14,5.91E-12,-,PWY-7267; PWY-5125; PWY-5153,anthocyanin biosynthesis (pelargonidin 3-<i>O</i>-glucoside); anthocyanin biosynthesis; anthocyanin biosynthesis (delphinidin 3-O-glucoside),metabolic process; hexosyltransferase activity,NA,(1 of 1) K12930 - anthocyanidin 3-O-glucosyltransferase (BZ1),GO:0008152 GO:0016758,,K12930,PF00201,PTHR11926 PTHR11926:SF292,UDP-glucosyl transferase 78D2
genetic,Manes.09G130200,13.25798034,0.561653967,0.0748171,7.507026701,6.05E-14,6.18E-12,+,,,"monooxygenase activity; iron ion binding; oxidoreductase activity, acting on paired donors, with incorporation or reduction of molecular oxygen; heme binding",NA,(1 of 138) KOG0156 - Cytochrome P450 CYP2 subfamily,GO:0004497 GO:0005506 GO:0016705 GO:0020037 GO:0055114,KOG0156,,PF00067,PTHR24298 PTHR24298:SF115,Cytochrome P450 superfamily protein
genetic,Manes.04G106200,12.21543512,1.02553946,0.137156752,7.477134346,7.60E-14,7.68E-12,+,PWY-112; PWY-5203,lupeol biosynthesis; soybean saponin I biosynthesis,catalytic activity; intramolecular transferase activity,NA,"(1 of 2) 5.4.99.39//5.4.99.41 - Beta-amyrin synthase / 2,3-oxidosqualene beta-amyrin cyclase // Lupeol synthase",GO:0003824 GO:0016866,,K15813,PF00432,PTHR11764 PTHR11764:SF18,
genetic,Manes.14G036000,50.92406905,0.849182346,0.113676801,7.470146377,8.01E-14,8.02E-12,+,,,,NA,"(1 of 2) PTHR11527//PTHR11527:SF95 - SMALL HEAT-SHOCK PROTEIN  HSP20  FAMILY // 23.5 KDA HEAT SHOCK PROTEIN, MITOCHONDRIAL-RELATED",,KOG0710,,PF00011,PTHR11527 PTHR11527:SF95,mitochondrion-localized small heat shock protein 23.6
genetic,Manes.14G128600,11.2297282,-0.898059437,0.121176232,-7.411184675,1.25E-13,1.21E-11,-,,,voltage-gated potassium channel activity; protein binding; potassium ion transport; membrane; monoatomic ion channel activity; monoatomic ion transport; transmembrane transport,NA,"(1 of 2) PF00027//PF00520//PF07885//PF11834//PF12796//PF13857 - Cyclic nucleotide-binding domain (cNMP_binding) // Ion transport protein (Ion_trans) // Ion channel (Ion_trans_2) // KHA, dimerisation domain of potassium ion channel (KHA) // Ankyrin repeats (3 copies) (Ank_2) // Ankyrin repeats (many copies) (Ank_5)",GO:0005249 GO:0005515 GO:0006813 GO:0016020,,,PF00027 PF07885 PF11834 PF12796 PF13857,PTHR10217 PTHR10217:SF504,K+ transporter 1
genetic,Manes.10G141601,47.13424539,0.641314477,0.087067388,7.365725441,1.76E-13,1.67E-11,+,,,ADP binding,NA,(1 of 86) PTHR23155//PTHR23155:SF563 - LEUCINE-RICH REPEAT-CONTAINING PROTEIN // SUBFAMILY NOT NAMED,GO:0043531,KOG4658,,PF00931,PTHR23155 PTHR23155:SF563,
genetic,Manes.14G117700,13.40475283,0.871586955,0.119310603,7.305192791,2.77E-13,2.59E-11,+,,,membrane,NA,"(1 of 4) K15289 - solute carrier family 35, member F5 (SLC35F5)",GO:0016020 GO:0016021,KOG2765,K15289,PF00892,PTHR23051 PTHR23051:SF2,
genetic,Manes.11G159200,645.3512793,0.569737224,0.078973099,7.21432016,5.42E-13,4.92E-11,+,,,,NA,(1 of 2) PF02238 - Cytochrome c oxidase subunit VIIa (COX7a),,,,PF02238,PTHR35308 PTHR35308:SF1,cytochrome-c oxidases;electron carriers
genetic,Manes.11G019300,3.904719251,1.074744082,0.150823309,7.12584869,1.03E-12,9.11E-11,+,,,protein kinase activity; protein tyrosine kinase activity; ATP binding; protein phosphorylation,NA,(1 of 1569) 2.7.11.1 - Non-specific serine/threonine protein kinase / Threonine-specific protein kinase,GO:0004672 GO:0004713 GO:0005524 GO:0006468,KOG1187,,PF07714,PTHR27001 PTHR27001:SF227,Protein kinase superfamily protein
genetic,Manes.06G041601,127.9657435,-0.666799398,0.093949,-7.097461334,1.27E-12,1.10E-10,-,,,,NA,,,,,,,
genetic,Manes.09G057000,14.38706547,0.500908582,0.070879834,7.067011224,1.58E-12,1.35E-10,+,,,"hydrolase activity, acting on ester bonds",NA,(1 of 2) PTHR22835//PTHR22835:SF216 - ZINC FINGER FYVE DOMAIN CONTAINING PROTEIN // SUBFAMILY NOT NAMED,GO:0016788,,,PF00657,PTHR22835 PTHR22835:SF216,GDSL-like Lipase/Acylhydrolase superfamily protein
genetic,Manes.11G078800,5.4483281,0.825316015,0.116836064,7.063880658,1.62E-12,1.37E-10,+,,,,NA,(1 of 16) PF02893 - GRAM domain (GRAM),,,,PF02893,PTHR31969 PTHR31969:SF7,
genetic,Manes.16G103300,29.67699875,0.856079126,0.121193356,7.06374635,1.62E-12,1.37E-10,+,,,nucleic acid binding; zinc ion binding,NA,(1 of 4) PTHR12374//PTHR12374:SF19 - TRANSCRIPTIONAL ADAPTOR 2  ADA2 -RELATED // SUBFAMILY NOT NAMED,GO:0003676 GO:0008270,,,PF00249,PTHR12374 PTHR12374:SF19,myb-like transcription factor family protein
genetic,Manes.02G202959,40.92826297,-0.606246967,0.08687319,-6.978527766,2.98E-12,2.45E-10,-,,,ADP binding,NA,(1 of 70) PTHR23155//PTHR23155:SF554 - LEUCINE-RICH REPEAT-CONTAINING PROTEIN // SUBFAMILY NOT NAMED,GO:0043531,KOG4658,,PF00931,PTHR23155 PTHR23155:SF554,
genetic,Manes.02G124700,444.2041445,0.773202958,0.110916442,6.97104002,3.15E-12,2.57E-10,+,,,,NA,(1 of 16) PTHR11527:SF158 - 17.6 KDA CLASS I HEAT SHOCK PROTEIN 1-RELATED,,KOG0710,K13993,PF00011,PTHR11527 PTHR11527:SF158,HSP20-like chaperones superfamily protein
genetic,Manes.11G134700,12.47008474,0.50592752,0.072973672,6.933014455,4.12E-12,3.33E-10,+,,,,NA,(1 of 2) PTHR33431:SF2 - GB|AAD24366.1,,,,PF07795,PTHR33431 PTHR33431:SF2,Protein of unknown function (DUF1635)
genetic,Manes.10G141700,57.74012602,0.695750063,0.100574992,6.9177243,4.59E-12,3.65E-10,+,,,ADP binding,NA,(1 of 86) PTHR23155//PTHR23155:SF563 - LEUCINE-RICH REPEAT-CONTAINING PROTEIN // SUBFAMILY NOT NAMED,GO:0043531,KOG4658,,PF00931,PTHR23155 PTHR23155:SF563,
genetic,Manes.14G108600,109.9495408,-0.702315149,0.101894049,-6.892602248,5.48E-12,4.30E-10,-,,,protein binding; zinc ion binding,NA,(1 of 5) K16282 - E3 ubiquitin-protein ligase RHA2 [EC:6.3.2.19] (RHA2),GO:0005515 GO:0008270,,K16282,PF13639,PTHR14155 PTHR14155:SF175,RING-H2 finger A2A
genetic,Manes.18G043400,4.542898089,-0.767514256,0.111723513,-6.869764795,6.43E-12,5.00E-10,-,,,protein binding; zinc ion binding,NA,(1 of 2) PTHR12183//PTHR12183:SF14 - UNCHARACTERIZED RING ZINC FINGER-CONTAINING PROTEIN // RING-FINGER DOMAIN-CONTAINING PROTEIN,GO:0005515 GO:0008270,KOG4172,,PF13920 PF16040 PF16041,PTHR12183 PTHR12183:SF14,
genetic,Manes.02G220750,26.37863821,-0.699860906,0.102055369,-6.857658845,7.00E-12,5.42E-10,-,,,ADP binding,NA,(1 of 70) PTHR23155//PTHR23155:SF554 - LEUCINE-RICH REPEAT-CONTAINING PROTEIN // SUBFAMILY NOT NAMED,GO:0043531,KOG4658,,PF00931,PTHR23155 PTHR23155:SF554,
genetic,Manes.03G052800,16.3382756,-0.784820544,0.115480488,-6.796131186,1.07E-11,8.07E-10,-,,,,NA,(1 of 7) PTHR10641:SF459 - TRANSCRIPTION FACTOR TT2,,KOG0048,K09422,PF00249,PTHR10641 PTHR10641:SF459,
genetic,Manes.02G181100,13.56591078,0.514440676,0.075748314,6.791447174,1.11E-11,8.28E-10,+,PWY-1001,cellulose biosynthesis,protein binding; zinc ion binding,NA,(1 of 3) 2.4.1.29 - Cellulose synthase (GDP-forming) / GDP-glucose-cellulose glucosyltransferase,GO:0005515 GO:0008270,,K10999,PF13632 PF14569,PTHR13301 PTHR13301:SF43,
genetic,Manes.13G135300,21.57245921,0.847147419,0.124788172,6.78868364,1.13E-11,8.41E-10,+,,,calcium ion binding,NA,(1 of 4) PTHR10891//PTHR10891:SF568 - EF-HAND CALCIUM-BINDING DOMAIN CONTAINING PROTEIN // CALCIUM-BINDING PROTEIN CML41-RELATED,GO:0005509,KOG0027,K13448,PF13499 PF13833,PTHR10891 PTHR10891:SF568,calmodulin-like 41
genetic,Manes.05G174700,9.812251147,0.536543848,0.079404505,6.757095845,1.41E-11,1.03E-09,+,LIPAS-PWY,triacylglycerol degradation,lipid metabolic process,NA,(1 of 2) PTHR21493//PTHR21493:SF104 - CGI-141-RELATED/LIPASE CONTAINING PROTEIN // SUBFAMILY NOT NAMED,GO:0006629,KOG4569,,PF01764,PTHR21493 PTHR21493:SF104,alpha/beta-Hydrolases superfamily protein
genetic,Manes.17G084733,6.604207746,0.971837771,0.144068878,6.74564683,1.52E-11,1.10E-09,+,,,RNA-dependent RNA polymerase activity,NA,(1 of 3) PTHR23079:SF9 - RNA-DEPENDENT RNA POLYMERASE 1,GO:0003968,,K11699,PF05183,PTHR23079 PTHR23079:SF9,
genetic,Manes.02G040000,4.196275431,-0.903569688,0.134104002,-6.737827889,1.61E-11,1.15E-09,-,,,membrane; transmembrane transporter activity,NA,(1 of 62) PF00892 - EamA-like transporter family (EamA),GO:0016020 GO:0016021 GO:0022857,,,PF00892,PTHR31218 PTHR31218:SF14,Nodulin MtN21 /EamA-like transporter family protein
genetic,Manes.01G045300,51.39677518,0.500230322,0.074319934,6.730769149,1.69E-11,1.20E-09,+,,,,NA,,,,,,PTHR33978 PTHR33978:SF4,
genetic,Manes.14G131900,2046.722931,0.697066819,0.103655401,6.724848059,1.76E-11,1.24E-09,+,,,transporter activity; transport; membrane; transmembrane transport,NA,(1 of 1) PTHR11654:SF85 - PROTEIN NRT1/ PTR FAMILY 6.2,GO:0005215 GO:0006810 GO:0016020 GO:0016021 GO:0055085,,K14638,PF07690,PTHR11654 PTHR11654:SF85,Major facilitator superfamily protein
genetic,Manes.01G214200,19.34576125,-0.63160721,0.094065049,-6.714579108,1.89E-11,1.32E-09,-,,,,NA,,,,,,,
genetic,Manes.16G066000,13.56547871,-0.622821458,0.092940323,-6.701305089,2.07E-11,1.43E-09,-,,,,NA,(1 of 2) PTHR14255//PTHR14255:SF1 - ATP-DEPENDENT PROTEASE  CEREBLON // SUBFAMILY NOT NAMED,GO:0016021,,,PF01925,PTHR14255 PTHR14255:SF1,Sulfite exporter TauE/SafE family protein
genetic,Manes.03G194800,11.79023065,0.58255566,0.087014727,6.69490875,2.16E-11,1.48E-09,+,,,,NA,(1 of 5) PTHR33136:SF5 - PROTEIN RALF-LIKE 1-RELATED,,,,PF05498,PTHR33136 PTHR33136:SF5,ralf-like 33
genetic,Manes.13G140900,28.00245196,0.734673423,0.109948487,6.681978438,2.36E-11,1.59E-09,+,,,methyltransferase activity; O-methyltransferase activity; protein dimerization activity,NA,(1 of 9) PTHR11746//PTHR11746:SF99 - O-METHYLTRANSFERASE // SUBFAMILY NOT NAMED,GO:0008168 GO:0008171 GO:0046983,KOG3178,,PF00891 PF08100,PTHR11746 PTHR11746:SF99,
genetic,Manes.16G128900,5.656313255,1.368258725,0.205217559,6.66735697,2.60E-11,1.72E-09,+,,,DNA-binding transcription factor activity; regulation of DNA-templated transcription; sequence-specific DNA binding,NA,(1 of 3) PTHR31429//PTHR31429:SF13 - FAMILY NOT NAMED // WRKY TRANSCRIPTION FACTOR 18-RELATED,GO:0003700 GO:0006355 GO:0043565,,,PF03106,PTHR31429 PTHR31429:SF13,
genetic,Manes.08G118700,21.96523459,0.776552257,0.117427275,6.613048442,3.76E-11,2.41E-09,+,,,,NA,(1 of 1) PTHR19375:SF219 - MEDIATOR OF RNA POLYMERASE II TRANSCRIPTION SUBUNIT 37A-RELATED,,,K09490,PF00012,PTHR19375 PTHR19375:SF219,Heat shock protein 70 (Hsp 70) family protein
genetic,Manes.02G153200,88.11377889,0.534124452,0.080917919,6.600817908,4.09E-11,2.59E-09,+,,,RNA binding,NA,(1 of 2) PTHR12537//PTHR12537:SF64 - RNA BINDING PROTEIN PUMILIO-RELATED // PUMILIO HOMOLOG 11-RELATED,GO:0003723,KOG2049,,PF00806,PTHR12537 PTHR12537:SF64,pumilio 7
genetic,Manes.13G067401,7.323297766,1.228904863,0.187167386,6.565806639,5.18E-11,3.20E-09,+,,,protein phosphatase type 2A complex; signal transduction,NA,(1 of 3) PTHR10257:SF27 - SERINE/THREONINE PROTEIN PHOSPHATASE 2A 59 KDA REGULATORY SUBUNIT B' GAMMA ISOFORM-RELATED,GO:0000159 GO:0007165 GO:0008601,,,PF01603,PTHR10257 PTHR10257:SF27,Protein phosphatase 2A regulatory B subunit family protein
genetic,Manes.10G063700,10.85682654,0.598224302,0.091309193,6.551632814,5.69E-11,3.48E-09,+,,,ATP binding; hydrolase activity,NA,"(1 of 1) PTHR10887//PTHR10887:SF372//PTHR21529 - DNA2/NAM7 HELICASE FAMILY // SUBFAMILY NOT NAMED // MAMMARY TURMOR VIRUS RECEPTOR HOMOLOG 1, 2  MTVR1, 2",GO:0005524 GO:0016787,KOG1801,,PF00580 PF13086 PF13087 PF13361,PTHR10887 PTHR10887:SF372,
genetic,Manes.17G029024,7.620541351,0.708133668,0.108144069,6.548058288,5.83E-11,3.54E-09,+,,,protein kinase activity; protein tyrosine kinase activity; ATP binding; protein phosphorylation,NA,(1 of 6) PTHR24361:SF380 - MITOGEN-ACTIVATED PROTEIN KINASE KINASE KINASE 17-RELATED,GO:0004672 GO:0004713 GO:0005524 GO:0006468,KOG0198,,PF00069,PTHR24361 PTHR24361:SF380,
genetic,Manes.04G122700,5.503672849,0.815428069,0.124719798,6.538080399,6.23E-11,3.77E-09,+,,,protein binding,NA,"(1 of 3) K17302 - coatomer, subunit beta' (COPB2, SEC27)",GO:0005515,KOG0645,K17302,PF00400,PTHR19876,
genetic,Manes.16G076700,187.9313984,0.508335476,0.078102453,6.508572473,7.59E-11,4.49E-09,+,,,metal ion binding,NA,(1 of 13) KOG1595 - CCCH-type Zn-finger protein,GO:0046872,KOG1595,,PF00642,PTHR14493 PTHR14493:SF41,
genetic,Manes.07G070800,12.42115948,-1.266236421,0.195147576,-6.488609514,8.66E-11,5.09E-09,-,,,metabolic process; hexosyltransferase activity,NA,(1 of 4) PTHR11926//PTHR11926:SF167 - GLUCOSYL/GLUCURONOSYL TRANSFERASES // UDP-GLYCOSYLTRANSFERASE 84A1-RELATED,GO:0008152 GO:0016758,,,PF00201,PTHR11926 PTHR11926:SF167,UDP-Glycosyltransferase superfamily protein
genetic,Manes.11G067500,340.8589441,0.828984589,0.127911961,6.480899682,9.12E-11,5.32E-09,+,,,,NA,(1 of 3) PTHR19375//PTHR19375:SF229 - HEAT SHOCK PROTEIN 70KDA // HEAT SHOCK 70 KDA PROTEIN 5,,,K03283,PF00012,PTHR19375 PTHR19375:SF229,heat shock protein 70B
genetic,Manes.18G085600,52.73081857,-0.588466448,0.090832268,-6.478605683,9.26E-11,5.39E-09,-,,,electron transfer activity,NA,(1 of 1) PTHR33021:SF9 - BASIC BLUE PROTEIN,GO:0009055,,,PF02298,PTHR33021 PTHR33021:SF9,
genetic,Manes.08G164800,4.394613131,-0.775880338,0.120062582,-6.462299282,1.03E-10,5.95E-09,-,,,iron ion binding; protein binding,NA,,GO:0005506 GO:0005515,,,,PTHR17130,rubredoxin family protein
genetic,Manes.06G106100,2.637827784,0.956823803,0.148204172,6.456119225,1.07E-10,6.15E-09,+,,,,NA,,,,,,PTHR12242 PTHR12242:SF3,
genetic,Manes.17G014801,1.407263302,-1.889381544,0.293938629,-6.427809604,1.29E-10,7.37E-09,-,,,protein serine/threonine phosphatase activity; GTP binding; protein dephosphorylation,NA,(1 of 14) PTHR13832:SF286 - PROTEIN PHOSPHATASE 2C 33-RELATED,GO:0004722 GO:0005525 GO:0006470,,,PF00025,PTHR13832 PTHR13832:SF286,
genetic,Manes.18G012500,6.724525413,-0.791959327,0.123231367,-6.426605049,1.30E-10,7.41E-09,-,,,ATP binding; protein folding; response to stress; unfolded protein binding,NA,(1 of 2) PTHR11528:SF45 - ENDOPLASMIN HOMOLOG,GO:0005524 GO:0006457 GO:0006950 GO:0051082,,K09487,PF00183 PF02518,PTHR11528 PTHR11528:SF45,Chaperone protein htpG family protein
genetic,Manes.02G070700,5.686600356,0.913619706,0.142206656,6.424591731,1.32E-10,7.46E-09,+,,,,NA,(1 of 2) 3.5.1.94 - Gamma-glutamyl-gamma-aminobutyrate hydrolase / Gamma-glutamyl-GABA hydrolase,,,,PF00117,PTHR11922 PTHR11922:SF38,Class I glutamine amidotransferase-like superfamily protein
genetic,Manes.10G105600,13.22128703,0.696655853,0.108507469,6.420349285,1.36E-10,7.61E-09,+,,,,NA,,,,,,PTHR31060 PTHR31060:SF4,
genetic,Manes.03G059601,380.7229962,0.638561105,0.099745098,6.401929695,1.53E-10,8.56E-09,+,,,,NA,(1 of 19) PF10604 - Polyketide cyclase / dehydrase and lipid transport (Polyketide_cyc2),,,,PF10604,PTHR33789,Polyketide cyclase/dehydrase and lipid transport superfamily protein
genetic,Manes.14G026100,97.59307115,0.548752673,0.085933928,6.38575111,1.71E-10,9.37E-09,+,,,,NA,"(1 of 4) PF03763//PF03766 - Remorin, C-terminal region (Remorin_C) // Remorin, N-terminal region (Remorin_N)",,,,PF03763 PF03766,PTHR31775,Remorin family protein
genetic,Manes.05G005340,84.92776156,0.51082485,0.080747309,6.326215184,2.51E-10,1.33E-08,+,,,DNA binding; regulation of DNA-templated transcription,NA,(1 of 18) PTHR31989//PTHR31989:SF21 - FAMILY NOT NAMED // NAC TRANSCRIPTION FACTOR-LIKE 9,GO:0003677 GO:0006355,,,PF02365,PTHR31989 PTHR31989:SF21,
genetic,Manes.06G149700,2.02860242,-1.013247166,0.160526821,-6.312011671,2.75E-10,1.45E-08,-,,,,NA,,,,,,PTHR34937 PTHR34937:SF2,
genetic,Manes.15G151500,2.276522524,0.75587805,0.119777664,6.310676187,2.78E-10,1.46E-08,+,,,DNA binding; regulation of DNA-templated transcription,NA,(1 of 2) PTHR31079:SF2 - F4P13.14 PROTEIN-RELATED,GO:0003677 GO:0006355,,,PF02365,PTHR31079 PTHR31079:SF2,NAC domain containing protein 44
genetic,Manes.14G035200,12.34235985,0.571043894,0.090629341,6.300872189,2.96E-10,1.54E-08,+,,,copper ion binding; oxidoreductase activity,NA,(1 of 2) PTHR11709//PTHR11709:SF123 - MULTI-COPPER OXIDASE // MONOCOPPER OXIDASE-LIKE PROTEIN SKS1-RELATED,GO:0005507 GO:0016491 GO:0055114,,,PF00394 PF07731 PF07732,PTHR11709 PTHR11709:SF123,SKU5 similar 1
genetic,Manes.09G186000,1.257499564,1.35388416,0.215082711,6.29471403,3.08E-10,1.60E-08,+,,,,NA,(1 of 2) PTHR31373//PTHR31373:SF0 - FAMILY NOT NAMED // EMB|CAB86628.1,,,,PF11443,PTHR31373 PTHR31373:SF0,"Uncharacterised conserved protein UCP015417,  vWA"
genetic,Manes.17G076700,169.8720095,0.876403197,0.14024313,6.249170271,4.13E-10,2.11E-08,+,,,,NA,(1 of 115) PF00226 - DnaJ domain (DnaJ),,,,PF00226,PTHR24078,Chaperone DnaJ-domain superfamily protein
genetic,Manes.15G140300,751.13776,-0.603039935,0.096586677,-6.243510542,4.28E-10,2.18E-08,-,,,,NA,(1 of 1) PTHR33122:SF8 - NON-SPECIFIC LIPID-TRANSFER PROTEIN,,,,PF14368,PTHR33122 PTHR33122:SF8,Bifunctional inhibitor/lipid-transfer protein/seed storage 2S albumin superfamily protein
genetic,Manes.15G105400,97.25682888,0.553064989,0.088827306,6.226294744,4.78E-10,2.41E-08,+,,,,NA,(1 of 5) PTHR16007//PTHR16007:SF29 - EPIDIDYMAL MEMBRANE PROTEIN E9-RELATED // SUBFAMILY NOT NAMED,,,,PF04819,PTHR16007 PTHR16007:SF29,Family of unknown function (DUF716)
genetic,Manes.06G046875,22.4888433,0.544384114,0.087925411,6.191430995,5.96E-10,2.92E-08,+,,,,NA,,,,,,,
genetic,Manes.14G151300,4.638932553,0.81301719,0.131789123,6.169076539,6.87E-10,3.32E-08,+,,,,NA,(1 of 43) PF05553 - Cotton fibre expressed protein (DUF761),,,,PF05553,PTHR33098 PTHR33098:SF3,(1 of 28) PF05553 - Cotton fibre expressed protein (DUF761)
genetic,Manes.16G117200,6.1592723,-0.793738113,0.129487461,-6.129845378,8.80E-10,4.13E-08,-,PWY-2724; PWY-6054; PWY66-21; PWY66-389,alkane oxidation; dimethylsulfoniopropanoate biosynthesis I (Wollastonia); ethanol degradation II; phytol degradation,metabolic process; oxidoreductase activity,NA,(1 of 2) K12355 - coniferyl-aldehyde dehydrogenase (REF1),GO:0008152 GO:0016491 GO:0055114,,K12355,PF00171,PTHR11699 PTHR11699:SF182,aldehyde dehydrogenase 2C4
genetic,Manes.14G004100,23.03516298,-1.483296548,0.243065111,-6.10246589,1.04E-09,4.82E-08,-,,,ATP binding; membrane; ATP hydrolysis activity,NA,(1 of 3) PTHR19241//PTHR19241:SF247 - ATP-BINDING CASSETTE TRANSPORTER // SUBFAMILY NOT NAMED,GO:0005524 GO:0016020 GO:0016887,,,PF00005 PF01061,PTHR19241 PTHR19241:SF247,ABC-2 type transporter family protein
genetic,Manes.01G051530,29.6116873,0.547222852,0.089705376,6.100223619,1.06E-09,4.86E-08,+,,,,NA,(1 of 67) PF03168 - Late embryogenesis abundant protein (LEA_2),,,,PF03168,PTHR31852 PTHR31852:SF10,Late embryogenesis abundant (LEA) hydroxyproline-rich glycoprotein family
genetic,Manes.18G022300,12.5993628,-0.813414824,0.133563493,-6.090098474,1.13E-09,5.15E-08,-,PWY-5152; PWY1F-823,leucodelphinidin biosynthesis; leucopelargonidin and leucocyanidin biosynthesis,catalytic activity,NA,(1 of 2) K13082 - bifunctional dihydroflavonol 4-reductase/flavanone 4-reductase (DFR),GO:0003824 GO:0050662,KOG1502,K13082,PF01370,PTHR10366 PTHR10366:SF276,dihydroflavonol 4-reductase
genetic,Manes.03G048300,6.794754961,0.669510467,0.11019763,6.075543247,1.24E-09,5.57E-08,+,,,protein kinase activity; protein tyrosine kinase activity; protein binding; ATP binding; protein phosphorylation,NA,(1 of 25) PF07714//PF08263//PF13855 - Protein tyrosine kinase (Pkinase_Tyr) // Leucine rich repeat N-terminal domain (LRRNT_2) // Leucine rich repeat (LRR_8),GO:0004672 GO:0004713 GO:0005515 GO:0005524 GO:0006468,KOG1187,,PF07714 PF08263 PF13855,PTHR27008 PTHR27008:SF26,
genetic,Manes.02G118300,4.706502915,1.377942187,0.227612497,6.053895129,1.41E-09,6.29E-08,+,,,transporter activity; transport; membrane,NA,(1 of 3) PTHR19139//PTHR19139:SF30 - AQUAPORIN TRANSPORTER // AQUAPORIN TIP3-1-RELATED,GO:0005215 GO:0006810 GO:0016020,KOG0223,K09873,PF00230,PTHR19139 PTHR19139:SF30,beta-tonoplast intrinsic protein
genetic,Manes.10G141500,14.16592077,0.581715586,0.096291118,6.041217464,1.53E-09,6.75E-08,+,,,ADP binding,NA,(1 of 86) PTHR23155//PTHR23155:SF563 - LEUCINE-RICH REPEAT-CONTAINING PROTEIN // SUBFAMILY NOT NAMED,GO:0043531,KOG4658,,PF00931,PTHR23155 PTHR23155:SF563,
genetic,Manes.15G011300,3.912714257,-1.078490867,0.178627034,-6.037668789,1.56E-09,6.87E-08,-,,,,NA,(1 of 3) PTHR10791//PTHR10791:SF29 - RAG1-ACTIVATING PROTEIN 1 // BIDIRECTIONAL SUGAR TRANSPORTER SWEET16-RELATED,,KOG1623,K15382,PF03083,PTHR10791 PTHR10791:SF29,Nodulin MtN3 family protein
genetic,Manes.02G216800,15.33015892,-0.612123045,0.101692865,-6.019331286,1.75E-09,7.58E-08,-,PWY-2902,cytokinin-<i>O</i>-glucosides biosynthesis,metabolic process; hexosyltransferase activity,NA,(1 of 2) PTHR11926:SF176 - UDP-GLYCOSYLTRANSFERASE 87A2,GO:0008152 GO:0016758,KOG1192,,PF00201,PTHR11926 PTHR11926:SF176,UDP-Glycosyltransferase superfamily protein
genetic,Manes.07G023100,18.28534416,0.632255713,0.105369698,6.000356132,1.97E-09,8.38E-08,+,,,nucleic acid binding; protein binding,NA,(1 of 2) PTHR22891//PTHR22891:SF4 - EUKARYOTIC TRANSLATION INITIATION FACTOR 2C // PROTEIN ARGONAUTE 2-RELATED,GO:0003676 GO:0005515,,K11593,PF02170 PF02171 PF08699 PF16486 PF16488,PTHR22891 PTHR22891:SF4,
genetic,Manes.06G157500,1.395914492,-0.971224711,0.162139855,-5.990043051,2.10E-09,8.89E-08,-,,,,NA,(1 of 4) PTHR10641//PTHR10641:SF620 - MYB-LIKE DNA-BINDING PROTEIN MYB // SUBFAMILY NOT NAMED,,,K09422,PF00249,PTHR10641 PTHR10641:SF620,
genetic,Manes.16G085300,10.16614222,-0.852257894,0.142507,-5.980463381,2.23E-09,9.37E-08,-,,,,NA,(1 of 3) PTHR21654//PTHR21654:SF19 - FAMILY NOT NAMED // DUPLICATED HOMEODOMAIN-LIKE SUPERFAMILY PROTEIN,,,,PF13837,PTHR21654 PTHR21654:SF19,
genetic,Manes.04G068400,11.78963396,0.62822565,0.105928404,5.930662857,3.02E-09,1.23E-07,+,,,electron transfer activity,NA,(1 of 57) PF02298 - Plastocyanin-like domain (Cu_bind_like),GO:0009055,,,PF02298,PTHR33021 PTHR33021:SF31,
genetic,Manes.11G131600,14.42011597,1.187733543,0.200493812,5.924040908,3.14E-09,1.28E-07,+,,,DNA binding; regulation of DNA-templated transcription,NA,"(1 of 45) PF02701 - Dof domain, zinc finger (zf-Dof)",GO:0003677 GO:0006355,,,PF02701,PTHR31992 PTHR31992:SF17,Dof-type zinc finger DNA-binding family protein
genetic,Manes.04G152300,2.730933693,-1.13082572,0.190948548,-5.922148827,3.18E-09,1.29E-07,-,,,nucleotide binding; ATP biosynthetic process; ATP hydrolysis activity; metal ion binding,NA,"(1 of 4) PTHR24093:SF355 - ATPASE 1, PLASMA MEMBRANE-TYPE-RELATED",GO:0000166 GO:0006754 GO:0016021 GO:0016887 GO:0046872,,K01535,PF00122 PF00690 PF00702,PTHR24093 PTHR24093:SF355,autoinhibited H(+)-ATPase isoform 10
genetic,Manes.01G146800,64.66463415,-0.521885097,0.088165811,-5.919359113,3.23E-09,1.30E-07,-,,,,NA,(1 of 36) PF00314 - Thaumatin family (Thaumatin),,,,PF00314,PTHR31048 PTHR31048:SF3,Pathogenesis-related thaumatin superfamily protein
genetic,Manes.13G011600,4.532530618,-0.753580164,0.127984303,-5.888067123,3.91E-09,1.55E-07,-,PWY-5963,thio-molybdenum cofactor biosynthesis,,NA,(1 of 11) 2.8.1.9 - Molybdenum cofactor sulfurtransferase / Molybdenum cofactor sulfurase,,,,,PTHR14237,
genetic,Manes.06G128100,3146.978919,0.534429694,0.090816772,5.884702564,3.99E-09,1.58E-07,+,,,,NA,,,,,,PTHR33919 PTHR33919:SF2,
genetic,Manes.15G180400,9.937589711,-0.598540883,0.101942138,-5.871378555,4.32E-09,1.71E-07,-,,,transporter activity; transport; membrane,NA,(1 of 7) PTHR11654//PTHR11654:SF59 - OLIGOPEPTIDE TRANSPORTER-RELATED // PROTEIN NRT1/ PTR FAMILY 2.10-RELATED,GO:0005215 GO:0006810 GO:0016020,,K14638,PF00854,PTHR11654 PTHR11654:SF59,
genetic,Manes.11G042500,1.357185259,-1.177717756,0.200623073,-5.870300661,4.35E-09,1.71E-07,-,,,protein kinase activity; protein tyrosine kinase activity; ATP binding; protein phosphorylation,NA,(1 of 1569) 2.7.11.1 - Non-specific serine/threonine protein kinase / Threonine-specific protein kinase,GO:0004672 GO:0004713 GO:0005524 GO:0006468,KOG1187,,PF00069,PTHR27001,
genetic,Manes.05G160200,12.59729918,0.625643855,0.106844587,5.855643938,4.75E-09,1.85E-07,+,,,,NA,,,,,,,
genetic,Manes.11G100300,8.309678341,0.61760727,0.105789621,5.83807056,5.28E-09,2.04E-07,+,,,,NA,(1 of 1) PTHR22950//PTHR22950:SF299 - AMINO ACID TRANSPORTER // SUBFAMILY NOT NAMED,,KOG1303,,PF01490,PTHR22950 PTHR22950:SF299,
genetic,Manes.15G003500,6.771798985,-0.642685837,0.110357097,-5.823692827,5.76E-09,2.22E-07,-,,,polysaccharide binding,NA,(1 of 7) PF13947//PF14380 - Wall-associated receptor kinase galacturonan-binding (GUB_WAK_bind) // Wall-associated receptor kinase C-terminal (WAK_assoc),GO:0030247,,,PF13947 PF14380,PTHR33355 PTHR33355:SF6,(1 of 3) PF13947//PF14380 - Wall-associated receptor kinase galacturonan-binding (GUB_WAK_bind)  // Wall-associated receptor kinase C-terminal (WAK_assoc)
genetic,Manes.10G127300,3061.148409,0.720477908,0.123814369,5.819016906,5.92E-09,2.27E-07,+,,,,NA,(1 of 3) PTHR11527//PTHR11527:SF135 - SMALL HEAT-SHOCK PROTEIN  HSP20  FAMILY // 22.0 KDA HEAT SHOCK PROTEIN,,,K13993,PF00011,PTHR11527 PTHR11527:SF135,HSP20-like chaperones superfamily protein
genetic,Manes.04G130100,8.025800009,-0.651322911,0.112023638,-5.814156042,6.09E-09,2.33E-07,-,,,DNA binding; lipid binding,NA,(1 of 2) PTHR24326:SF272 - HOMEOBOX-LEUCINE ZIPPER PROTEIN GLABRA 2,GO:0003677 GO:0008289,KOG0484,K09338,PF00046 PF01852,PTHR24326 PTHR24326:SF272,HD-ZIP IV family of homeobox-leucine zipper protein with lipid-binding START domain
genetic,Manes.01G115400,3.275812907,-0.908597635,0.156920989,-5.790160003,7.03E-09,2.67E-07,-,,,,NA,(1 of 2) PTHR10641//PTHR10641:SF550 - MYB-LIKE DNA-BINDING PROTEIN MYB // SUBFAMILY NOT NAMED,,KOG0048,K09422,PF00249,PTHR10641 PTHR10641:SF550,
genetic,Manes.07G140900,8.972588375,-0.882898706,0.153082137,-5.767483541,8.05E-09,3.00E-07,-,PWY1F-FLAVSYN; PWY-5059; PWY-6787,flavonoid biosynthesis; pinobanksin biosynthesis; flavonoid biosynthesis (in equisetum),intramolecular lyase activity,NA,(1 of 1) PTHR28039:SF4 - CHALCONE--FLAVONONE ISOMERASE 3-RELATED,GO:0016872,,,PF02431,PTHR28039 PTHR28039:SF4,Chalcone-flavanone isomerase family protein
genetic,Manes.04G127667,1.184068987,-1.729559522,0.300032311,-5.764577538,8.19E-09,3.04E-07,-,,,protein kinase activity; protein tyrosine kinase activity; ATP binding; protein phosphorylation,NA,(1 of 1569) 2.7.11.1 - Non-specific serine/threonine protein kinase / Threonine-specific protein kinase,GO:0004672 GO:0004713 GO:0005524 GO:0006468,,,PF00069,PTHR27001,
genetic,Manes.04G113900,155.0373695,-0.524633448,0.09177577,-5.71647011,1.09E-08,3.91E-07,-,PWY-7039; LIPASYN-PWY; PWY-3561,"phosphatidate metabolism, as a signaling molecule; phospholipases; choline biosynthesis III",catalytic activity; phospholipase D activity; calcium ion binding; protein binding; membrane; phosphatidylcholine metabolic process,NA,(1 of 3) PTHR18896:SF11 - PHOSPHOLIPASE D ALPHA 1-RELATED,GO:0003824 GO:0004630 GO:0005509 GO:0005515 GO:0016020 GO:0046470,,K01115,PF00168 PF00614 PF12357,PTHR18896 PTHR18896:SF11,phospholipase D alpha 1
genetic,Manes.06G167400,16.61153787,-0.503960798,0.088387205,-5.701739254,1.19E-08,4.23E-07,-,,,,NA,(1 of 44) PF03140 - Plant protein of unknown function (DUF247),,,,PF03140,PTHR31549 PTHR31549:SF2,
genetic,Manes.13G028600,0.710851956,-1.505144053,0.264275525,-5.695359241,1.23E-08,4.38E-07,-,PWY-1081,homogalacturonan degradation,polygalacturonase activity; carbohydrate metabolic process,NA,(1 of 2) PTHR31375:SF46 - PECTIN LYASE-LIKE PROTEIN,GO:0004650 GO:0005975,,,PF00295,PTHR31375 PTHR31375:SF46,Pectin lyase-like superfamily protein
genetic,Manes.10G034500,3.562239813,0.629018928,0.110476387,5.693695685,1.24E-08,4.41E-07,+,PWY-5084,2-oxoglutarate decarboxylation to succinyl-CoA,"oxoglutarate dehydrogenase (succinyl-transferring) activity; tricarboxylic acid cycle; metabolic process; oxidoreductase activity, acting on the aldehyde or oxo group of donors, disulfide as acceptor; thiamine pyrophosphate binding",NA,(1 of 3) 1.2.4.2 - Oxoglutarate dehydrogenase (succinyl-transferring) / Oxoglutarate dehydrogenase (lipoamide),GO:0004591 GO:0006099 GO:0008152 GO:0016624 GO:0030976 GO:0055114,,K00164,PF00676 PF02779 PF16078 PF16870,PTHR23152 PTHR23152:SF8,
genetic,Manes.02G110400,17.08845555,-0.54601377,0.096016155,-5.686686476,1.30E-08,4.58E-07,-,,,,NA,,,,,,PTHR33872 PTHR33872:SF1,
genetic,Manes.14G118700,9.162589836,-0.824515393,0.145707173,-5.658715201,1.53E-08,5.34E-07,-,,,oxidoreductase activity,NA,"(1 of 2) PTHR10209//PTHR10209:SF218 - OXIDOREDUCTASE, 2OG-FE II  OXYGENASE FAMILY PROTEIN // SUBFAMILY NOT NAMED",GO:0016491 GO:0055114,KOG0143,,PF03171 PF14226,PTHR10209 PTHR10209:SF218,
genetic,Manes.06G010675,10.6838706,1.86040931,0.329020382,5.654389247,1.56E-08,5.43E-07,+,,,protein kinase activity; protein serine/threonine kinase activity; protein tyrosine kinase activity; protein binding; ATP binding; protein phosphorylation; recognition of pollen,NA,(1 of 35) PTHR27002//PTHR27002:SF84 - FAMILY NOT NAMED // ATP BINDING / PROTEIN KINASE-RELATED,GO:0004672 GO:0004674 GO:0004713 GO:0005515 GO:0005524 GO:0006468 GO:0048544,KOG1187,,PF00954 PF01453 PF07714 PF08276,PTHR27002 PTHR27002:SF84,
genetic,Manes.01G238300,10.02593236,0.671699452,0.118921765,5.648246591,1.62E-08,5.61E-07,+,,,DNA binding; regulation of DNA-templated transcription,NA,(1 of 18) PTHR31989:SF21 - NAC TRANSCRIPTION FACTOR-LIKE 9,GO:0003677 GO:0006355,,,PF02365,PTHR31989 PTHR31989:SF21,
genetic,Manes.06G006500,11.15406207,0.879950891,0.156152257,5.635210823,1.75E-08,5.99E-07,+,,,"monooxygenase activity; iron ion binding; oxidoreductase activity, acting on paired donors, with incorporation or reduction of molecular oxygen; heme binding",NA,(1 of 11) PTHR24296:SF1 - ALKANE HYDROXYLASE CYP96A15-RELATED,GO:0004497 GO:0005506 GO:0016705 GO:0020037 GO:0055114,KOG0157,,PF00067,PTHR24296 PTHR24296:SF1,
genetic,Manes.08G073600,4.861526046,0.843170618,0.149842384,5.627050189,1.83E-08,6.26E-07,+,,,protein binding; zinc ion binding,NA,(1 of 3) PTHR10857:SF34 - COPINE (CALCIUM-DEPENDENT PHOSPHOLIPID-BINDING PROTEIN) FAMILY PROTEIN,GO:0005515 GO:0008270,KOG4172,K16280,PF07002,PTHR10857 PTHR10857:SF34,
genetic,Manes.08G166600,8.497072774,-0.722013949,0.128329937,-5.626231625,1.84E-08,6.26E-07,-,,,,NA,(1 of 2) PTHR31087:SF22 - PROTEIN LURP-ONE-RELATED 8,,,,PF04525,PTHR31087 PTHR31087:SF22,Protein of unknown function (DUF567)
genetic,Manes.09G024786,5.944655259,0.651403537,0.115781325,5.626153745,1.84E-08,6.26E-07,+,,,,NA,(1 of 86) PTHR23155//PTHR23155:SF563 - LEUCINE-RICH REPEAT-CONTAINING PROTEIN // SUBFAMILY NOT NAMED,,,,,PTHR23155 PTHR23155:SF563,
genetic,Manes.11G071600,10.80941437,0.650165807,0.115743453,5.617300913,1.94E-08,6.54E-07,+,PWY-7511,protein ubiquitylation,ubiquitin-protein transferase activity; protein binding; zinc ion binding; protein ubiquitination; metal ion binding,NA,(1 of 5) K11975 - E3 ubiquitin-protein ligase RNF144 [EC:6.3.2.19] (RNF144),GO:0004842 GO:0005515 GO:0008270 GO:0016567 GO:0046872,,K11975,PF00097 PF01485,PTHR11685 PTHR11685:SF149,RING/U-box superfamily protein
genetic,Manes.15G154400,341.0388416,0.669144968,0.119348907,5.606628362,2.06E-08,6.93E-07,+,,,,NA,(1 of 1) PTHR11527//PTHR11527:SF126 - SMALL HEAT-SHOCK PROTEIN  HSP20  FAMILY // SUBFAMILY NOT NAMED,,,K13993,PF00011,PTHR11527 PTHR11527:SF126,
genetic,Manes.06G027400,3.242085846,-0.993195793,0.177352075,-5.60013629,2.14E-08,7.15E-07,-,,,protein kinase activity; protein tyrosine kinase activity; ATP binding; protein phosphorylation; signal transduction,NA,(1 of 25) PF03822//PF14531 - NAF domain (NAF) // Kinase-like (Kinase-like),GO:0004672 GO:0004713 GO:0005524 GO:0006468 GO:0007165,KOG0583,,PF03822 PF14531,PTHR24343 PTHR24343:SF123,CBL-interacting protein kinase 21
genetic,Manes.03G022200,3.716608304,0.649183438,0.11637117,5.578558989,2.43E-08,8.06E-07,+,,,,NA,"(1 of 2) PTHR34282//PTHR34282:SF2 - FAMILY NOT NAMED // GENOMIC DNA, CHROMOSOME 3, P1 CLONE:MSD24",,,,PF14383,PTHR34282 PTHR34282:SF2,"(1 of 1) PTHR34282:SF2 - GENOMIC DNA, CHROMOSOME 3, P1 CLONE:MSD24"
genetic,Manes.02G046000,6.084337505,0.587031974,0.10540995,5.569037591,2.56E-08,8.47E-07,+,,,structural constituent of ribosome; intracellular anatomical structure; ribosome; translation,NA,(1 of 3) PTHR10759//PTHR10759:SF1 - 60S RIBOSOMAL PROTEIN L34 // SUBFAMILY NOT NAMED,GO:0003735 GO:0005622 GO:0005840 GO:0006412,,,PF07891,PTHR10759 PTHR10759:SF1,Protein of unknown function (DUF1666)
genetic,Manes.04G127100,8.239487509,-1.043803752,0.187450566,-5.568421457,2.57E-08,8.48E-07,-,,,protein kinase activity; protein tyrosine kinase activity; ATP binding; protein phosphorylation,NA,(1 of 26) K04730 - interleukin-1 receptor-associated kinase 1 (IRAK1),GO:0004672 GO:0004713 GO:0005524 GO:0006468,KOG1187,K04730,PF00069,PTHR27001,
genetic,Manes.10G015100,3.906631479,0.697798981,0.125392279,5.564927816,2.62E-08,8.63E-07,+,,,,NA,(1 of 4) PTHR34271:SF1 - NUCLEOLAR HISTONE METHYLTRANSFERASE-RELATED PROTEIN,GO:0018024,,,PF10440,PTHR34271 PTHR34271:SF1,
genetic,Manes.03G150000,13.48376108,-0.718510535,0.12931851,-5.55613063,2.76E-08,9.00E-07,-,PWY1F-FLAVSYN; PWY-6787,flavonoid biosynthesis; flavonoid biosynthesis (in equisetum),"lipid biosynthetic process; biosynthetic process; acyltransferase activity, transferring groups other than amino-acyl groups",NA,(1 of 5) K00660 - chalcone synthase (CHS),GO:0008610 GO:0009058 GO:0016747,,K00660,PF00195 PF08541,PTHR11877 PTHR11877:SF27,Chalcone and stilbene synthase family protein
genetic,Manes.05G176700,36.26705893,-0.778000015,0.140247989,-5.547316734,2.90E-08,9.35E-07,-,,,,NA,"(1 of 4) PTHR27000:SF43 - GENOMIC DNA, CHROMOSOME 3, P1 CLONE: MLD14",,,,,PTHR27000 PTHR27000:SF43,
genetic,Manes.12G063000,13.75423436,0.690422111,0.124469501,5.546917956,2.91E-08,9.35E-07,+,,,,NA,(1 of 16) PTHR23130:SF80 - AUXIN-INDUCED IN ROOT CULTURES PROTEIN 12,GO:0016021,KOG4293,,PF03188 PF04526,PTHR23130 PTHR23130:SF80,
genetic,Manes.10G038000,21.82675863,0.588609309,0.106368487,5.533681332,3.14E-08,1.00E-06,+,,,,NA,(1 of 8) PF05056 - Protein of unknown function (DUF674) (DUF674),,,,PF05056,PTHR33103,
genetic,Manes.12G013400,4.574316141,0.503192969,0.09100593,5.529232777,3.22E-08,1.02E-06,+,,,protein kinase activity; protein tyrosine kinase activity; protein binding; ATP binding; protein phosphorylation,NA,(1 of 2) PTHR27008//PTHR27008:SF4 - FAMILY NOT NAMED // LEUCINE-RICH REPEAT PROTEIN KINASE FAMILY PROTEIN,GO:0004672 GO:0004713 GO:0005515 GO:0005524 GO:0006468,KOG1187,,PF07714 PF08263 PF13855,PTHR27008 PTHR27008:SF4,Leucine-rich repeat protein kinase family protein
genetic,Manes.03G120700,124.5964461,0.607413987,0.110032198,5.520329509,3.38E-08,1.07E-06,+,,,"mRNA splicing, via spliceosome; spliceosomal complex; cell redox homeostasis",NA,"(1 of 3) K12859 - U5 snRNP protein, DIM1 family (TXNL4A, DIB1)",GO:0000398 GO:0005681 GO:0045454,KOG3414,K12859,PF00085,PTHR12052,
genetic,Manes.15G128100,18.73366216,0.53206107,0.09648962,5.514179327,3.50E-08,1.10E-06,+,,,,NA,,,,,,PTHR36712 PTHR36712:SF1,
genetic,Manes.14G138300,64.70020335,-0.544668429,0.098844825,-5.510338318,3.58E-08,1.12E-06,-,,,,NA,,,,,,,
genetic,Manes.04G017700,424.2234566,-0.567813177,0.103152386,-5.50460538,3.70E-08,1.15E-06,-,,,,NA,,,,,,,
genetic,Manes.02G084100,5.756815401,-0.626745332,0.114211521,-5.487584152,4.07E-08,1.26E-06,-,,,,NA,,,,,,,
genetic,Manes.14G057700,2.831028273,-0.635844875,0.116495128,-5.458124174,4.81E-08,1.46E-06,-,PWY-5337,stachyose biosynthesis,,NA,(1 of 9) 2.4.1.82 - Galactinol--sucrose galactosyltransferase / Raffinose synthase,,,,PF05691,PTHR31268 PTHR31268:SF10,
genetic,Manes.07G098200,79.4566538,0.831113215,0.152364983,5.454752117,4.90E-08,1.48E-06,+,,,,NA,(1 of 31) PF03181 - BURP domain (BURP),,,,PF03181,PTHR31236 PTHR31236:SF4,unknown seed protein like 1
genetic,Manes.02G053000,212.9356082,-0.656187727,0.120410746,-5.449577801,5.05E-08,1.52E-06,-,,,extracellular region; plant-type cell wall organization,NA,(1 of 43) PF01357//PF03330 - Pollen allergen (Pollen_allerg_1) // Rare lipoprotein A (RlpA)-like double-psi beta-barrel (DPBB_1),GO:0005576 GO:0009664,,,PF01357 PF03330,PTHR31867,
genetic,Manes.10G139300,13.10980233,0.700562731,0.129106405,5.426243024,5.76E-08,1.70E-06,+,,,,NA,,,,,,PTHR33983,
genetic,Manes.13G125300,1.821176578,-0.854676606,0.157500803,-5.426490473,5.75E-08,1.70E-06,-,PWY-6824; PWY-5466; PWY-7445; PWY-7214,justicidin B biosynthesis; matairesinol biosynthesis; luteolin triglucuronide degradation; baicalein degradation (hydrogen peroxide detoxification),peroxidase activity; response to oxidative stress; heme binding,NA,(1 of 91) K00430 - peroxidase (E1.11.1.7),GO:0004601 GO:0006979 GO:0020037 GO:0055114,,K00430,PF00141,PTHR31388 PTHR31388:SF34,
genetic,Manes.17G083500,9.510796229,0.760011302,0.140049485,5.426734003,5.74E-08,1.70E-06,+,PWY-5381,pyridine nucleotide cycling (plants),hydrolase activity,NA,"(1 of 2) PTHR12629//PTHR12629:SF4 - DIPHOSPHOINOSITOL POLYPHOSPHATE PHOSPHOHYDROLASE // NUDIX HYDROLASE 17, MITOCHONDRIAL-RELATED",GO:0016787,KOG2839,K07766,PF00293,PTHR12629 PTHR12629:SF4,nudix hydrolase homolog 17
genetic,Manes.09G058128,5.794886767,-0.650425586,0.12010656,-5.415404354,6.12E-08,1.80E-06,-,,,"hydrolase activity, hydrolyzing O-glycosyl compounds; carbohydrate metabolic process; carbohydrate binding; beta-galactosidase activity; beta-galactosidase complex",NA,(1 of 3) PF01301//PF02140//PF02449 - Glycosyl hydrolases family 35 (Glyco_hydro_35) // Galactose binding lectin domain (Gal_Lectin) // Beta-galactosidase (Glyco_hydro_42),GO:0004553 GO:0005975 GO:0030246,,,PF01301 PF02140,PTHR23421 PTHR23421:SF49,
genetic,Manes.14G047700,49.60536442,1.02915258,0.190337086,5.40699976,6.41E-08,1.86E-06,+,,,,NA,(1 of 9) PTHR10791:SF22 - BIDIRECTIONAL SUGAR TRANSPORTER SWEET10,GO:0016021,KOG1623,K15382,PF03083,PTHR10791 PTHR10791:SF22,Nodulin MtN3 family protein
genetic,Manes.08G102800,2.072625727,-1.286918384,0.238841895,-5.388160171,7.12E-08,2.05E-06,-,,,,NA,(1 of 2) PTHR33077:SF6 - PROTEIN TIFY 9,,,K13464,PF06200 PF09425,PTHR33077 PTHR33077:SF6,jasmonate-zim-domain protein 10
genetic,Manes.06G046451,3.685838267,-0.8175523,0.151757615,-5.387224227,7.16E-08,2.05E-06,-,,,,NA,(1 of 2) PTHR31923:SF9 - BSD DOMAIN-CONTAINING PROTEIN,,,,,PTHR31923 PTHR31923:SF9,
genetic,Manes.13G141600,7.363574741,-0.614701328,0.114435841,-5.371580458,7.80E-08,2.21E-06,-,,,DNA binding; regulation of DNA-templated transcription,NA,(1 of 3) PTHR31079//PTHR31079:SF5 - FAMILY NOT NAMED // NAC DOMAIN CONTAINING PROTEIN 10,GO:0003677 GO:0006355,,,PF02365,PTHR31079 PTHR31079:SF5,NAC domain containing protein 73
genetic,Manes.02G057200,6.406540636,0.95827517,0.179738011,5.331510928,9.74E-08,2.68E-06,+,,,,NA,,,,,,,
genetic,Manes.01G034900,1.731599174,0.951191354,0.178541353,5.327568856,9.95E-08,2.73E-06,+,,,calcium ion binding,NA,(1 of 7) PTHR10891:SF574 - CALCIUM-BINDING PROTEIN CML30-RELATED,GO:0005509,KOG0027,,PF13405,PTHR10891 PTHR10891:SF574,
genetic,Manes.15G053700,1.975033082,0.706222797,0.133375331,5.295003148,1.19E-07,3.22E-06,+,,,,NA,(1 of 21) PF04576 - Zein-binding (Zein-binding),,,,PF04576,PTHR31422 PTHR31422:SF3,"Protein of unknown function, DUF593"
genetic,Manes.05G017100,7.253479125,-0.596194386,0.112839362,-5.283567528,1.27E-07,3.41E-06,-,,,DNA binding; regulation of DNA-templated transcription,NA,(1 of 2) PTHR31989:SF45 - NAC DOMAIN-CONTAINING PROTEIN 43-RELATED,GO:0003677 GO:0006355,,,PF02365,PTHR31989 PTHR31989:SF45,NAC (No Apical Meristem) domain transcriptional regulator superfamily protein
genetic,Manes.03G092000,6.41947934,-0.528906267,0.100140979,-5.281616707,1.28E-07,3.44E-06,-,,,protein kinase activity; protein tyrosine kinase activity; protein binding; ATP binding; protein phosphorylation,NA,(1 of 1) PF00069//PF11721//PF13855 - Protein kinase domain (Pkinase) // Di-glucose binding within endoplasmic reticulum (Malectin) // Leucine rich repeat (LRR_8),GO:0004672 GO:0004713 GO:0005515 GO:0005524 GO:0006468,KOG1187,,PF00069 PF11721 PF13855,PTHR27006 PTHR27006:SF11,Leucine-rich repeat transmembrane protein kinase
genetic,Manes.01G191300,6.389156537,-0.777380694,0.147417962,-5.273310549,1.34E-07,3.58E-06,-,,,transporter activity; transport; membrane,NA,(1 of 5) PTHR11654//PTHR11654:SF98 - OLIGOPEPTIDE TRANSPORTER-RELATED // PROTEIN NRT1/ PTR FAMILY 4.5-RELATED,GO:0005215 GO:0006810 GO:0016020,,K14638,PF00854,PTHR11654 PTHR11654:SF98,nitrate transporter 1:2
genetic,Manes.11G037800,3.819287812,-0.666173284,0.126625397,-5.260976848,1.43E-07,3.80E-06,-,,,DNA binding; lipid binding,NA,(1 of 2) PTHR24326:SF272 - HOMEOBOX-LEUCINE ZIPPER PROTEIN GLABRA 2,GO:0003677 GO:0008289,,K09338,PF00046 PF01852,PTHR24326 PTHR24326:SF272,HD-ZIP IV family of homeobox-leucine zipper protein with lipid-binding START domain
genetic,Manes.01G070200,31.34862465,-0.756169807,0.144259253,-5.241742145,1.59E-07,4.15E-06,-,PWY-641; PWY-7267; PWY-5125,proanthocyanidins biosynthesis from flavanols; anthocyanin biosynthesis (pelargonidin 3-<i>O</i>-glucoside); anthocyanin biosynthesis,oxidoreductase activity,NA,(1 of 1) K05277 - leucoanthocyanidin dioxygenase (E1.14.11.19),GO:0016491 GO:0055114,KOG0143,K05277,PF03171 PF14226,PTHR10209 PTHR10209:SF190,leucoanthocyanidin dioxygenase
genetic,Manes.06G006600,7.047884987,0.836275039,0.159831504,5.232229048,1.67E-07,4.34E-06,+,,,"monooxygenase activity; iron ion binding; oxidoreductase activity, acting on paired donors, with incorporation or reduction of molecular oxygen; heme binding",NA,(1 of 11) PTHR24296:SF1 - ALKANE HYDROXYLASE CYP96A15-RELATED,GO:0004497 GO:0005506 GO:0016705 GO:0020037 GO:0055114,KOG0157,,PF00067,PTHR24296 PTHR24296:SF1,
genetic,Manes.01G238251,8.524706131,0.576989799,0.110314972,5.230385192,1.69E-07,4.36E-06,+,,,DNA binding; regulation of DNA-templated transcription,NA,(1 of 6) PTHR31989//PTHR31989:SF5 - FAMILY NOT NAMED // F11O4.3-RELATED,GO:0003677 GO:0006355,,,PF02365,PTHR31989 PTHR31989:SF5,
genetic,Manes.16G067000,1.09545194,-0.807436535,0.154364922,-5.230699577,1.69E-07,4.36E-06,-,,,oxygen binding,NA,(1 of 2) PF01152 - Bacterial-like globin (Bac_globin),GO:0019825,,,PF01152,PTHR10681,hemoglobin 3
genetic,Manes.17G106600,45.39824786,0.567754167,0.108549657,5.230363537,1.69E-07,4.36E-06,+,,,,NA,(1 of 5) PTHR33595:SF3 - EMB|CAB62340.1-RELATED,,,,,PTHR33595 PTHR33595:SF3,(1 of 6) PTHR33595:SF3 - EMB
genetic,Manes.09G098100,40.8031199,-0.61753134,0.118150451,-5.226652404,1.73E-07,4.44E-06,-,,,transporter activity; transport; membrane; transmembrane transport,NA,(1 of 5) PTHR11654:SF79 - PROTEIN NRT1/ PTR FAMILY 5.5-RELATED,GO:0005215 GO:0006810 GO:0016020,,K14638,PF00854,PTHR11654 PTHR11654:SF79,Major facilitator superfamily protein
genetic,Manes.10G102200,8.87271464,0.521564647,0.09980216,5.225985539,1.73E-07,4.44E-06,+,,,protein ubiquitination,NA,(1 of 6) PTHR32370//PTHR32370:SF6 - FAMILY NOT NAMED // ROOT PHOTOTROPISM PROTEIN 3,GO:0016567,,,PF03000,PTHR32370 PTHR32370:SF6,Phototropic-responsive NPH3 family protein
genetic,Manes.18G017300,3.002315769,0.88353899,0.169263041,5.219916796,1.79E-07,4.58E-06,+,,,microtubule motor activity; ATP binding; kinesin complex; microtubule-based movement; microtubule binding,NA,(1 of 2) PTHR24115//PTHR24115:SF496 - FAMILY NOT NAMED // ATP BINDING MICROTUBULE MOTOR FAMILY PROTEIN,GO:0003777 GO:0005524 GO:0005871 GO:0007018 GO:0008017,KOG0242,K11498,PF00225 PF11995,PTHR24115 PTHR24115:SF496,ATP binding microtubule motor family protein
genetic,Manes.08G072951,1.673197777,1.399864738,0.268596176,5.211782096,1.87E-07,4.76E-06,+,,,,NA,,,,,,PTHR34121 PTHR34121:SF1,
genetic,Manes.05G184800,18.13253162,0.596107651,0.114491758,5.206555147,1.92E-07,4.88E-06,+,,,DNA binding; DNA-binding transcription factor activity; regulation of DNA-templated transcription; sequence-specific DNA binding,NA,(1 of 49) K09338 - homeobox-leucine zipper protein (HD-ZIP),GO:0003677 GO:0003700 GO:0006355 GO:0043565,KOG0483,K09338,PF00046 PF02183,PTHR24326 PTHR24326:SF284,
genetic,Manes.12G089028,426.1661793,0.554346847,0.106719608,5.194423548,2.05E-07,5.16E-06,+,,,,NA,(1 of 15) PF04720 - PDDEXK-like family of unknown function (PDDEXK_6),,,,PF04720,PTHR31579 PTHR31579:SF2,Protein of unknown function (DUF506)
genetic,Manes.10G070600,2.696090744,-0.796137873,0.153327744,-5.192392779,2.08E-07,5.21E-06,-,,,,NA,(1 of 2) PTHR11527//PTHR11527:SF131 - SMALL HEAT-SHOCK PROTEIN  HSP20  FAMILY // SUBFAMILY NOT NAMED,,,,PF00011,PTHR11527 PTHR11527:SF131,HSP20-like chaperones superfamily protein
genetic,Manes.11G011200,24.88789295,0.577720445,0.112063446,5.15529787,2.53E-07,6.20E-06,+,LIPAS-PWY,triacylglycerol degradation,lipid metabolic process,NA,(1 of 6) PTHR21493:SF131 - ALPHA/BETA-HYDROLASES,GO:0006629,KOG4569,,PF01764,PTHR21493 PTHR21493:SF131,alpha/beta-Hydrolases superfamily protein
genetic,Manes.02G056900,1.945418463,1.225554464,0.237739946,5.155021209,2.54E-07,6.20E-06,+,,,,NA,,,,,,,
genetic,Manes.10G105800,1.672260455,-0.926157922,0.180224354,-5.138916588,2.76E-07,6.71E-06,-,PWY-5441; PWY-6054,S-methyl-L-methionine cycle; dimethylsulfoniopropanoate biosynthesis I (Wollastonia),methyltransferase activity; biosynthetic process; pyridoxal phosphate binding,NA,(1 of 2) 2.1.1.12 - Methionine S-methyltransferase,GO:0008168 GO:0009058 GO:0030170,,K08247,PF00155 PF12847,PTHR11751 PTHR11751:SF133,methionine S-methyltransferase
genetic,Manes.05G037700,2.861719819,-0.604047414,0.117798591,-5.127798287,2.93E-07,7.06E-06,-,,,metabolic process; oxidoreductase activity,NA,(1 of 5) K15095 - (+)-neomenthol dehydrogenase (E1.1.1.208),GO:0008152 GO:0016491,KOG1208,K15095,PF00106,PTHR24322 PTHR24322:SF442,
genetic,Manes.09G183950,18.25586735,0.537255749,0.105069886,5.11331811,3.17E-07,7.56E-06,+,,,GTPase activity; GTP binding,NA,(1 of 1) PF00350//PF02212 - Dynamin family (Dynamin_N) // Dynamin GTPase effector domain (GED),GO:0003924 GO:0005525,,,PF00350 PF02212,PTHR11566 PTHR11566:SF45,Dynamin related protein 4A
genetic,Manes.06G164800,4.104586979,-0.732071854,0.143194919,-5.112415035,3.18E-07,7.57E-06,-,,,,NA,(1 of 1) PTHR10641//PTHR10641:SF593 - MYB-LIKE DNA-BINDING PROTEIN MYB // SUBFAMILY NOT NAMED,,KOG0048,K09422,PF00249,PTHR10641 PTHR10641:SF593,
genetic,Manes.11G041900,1.760050397,-0.878745197,0.171939023,-5.110795583,3.21E-07,7.61E-06,-,,,protein kinase activity; protein tyrosine kinase activity; ATP binding; protein phosphorylation,NA,(1 of 1569) 2.7.11.1 - Non-specific serine/threonine protein kinase / Threonine-specific protein kinase,GO:0004672 GO:0004713 GO:0005524 GO:0006468,KOG1187,,PF00069,PTHR27001,
genetic,Manes.02G221201,48.79765283,-0.513499159,0.100490923,-5.109905881,3.22E-07,7.64E-06,-,,,ADP binding,NA,(1 of 70) PTHR23155//PTHR23155:SF554 - LEUCINE-RICH REPEAT-CONTAINING PROTEIN // SUBFAMILY NOT NAMED,GO:0043531,KOG4658,,PF00931,PTHR23155 PTHR23155:SF554,
genetic,Manes.12G099300,12.7786315,0.736443069,0.144258147,5.105036233,3.31E-07,7.80E-06,+,,,calcium ion binding,NA,(1 of 4) PTHR10891:SF568 - CALCIUM-BINDING PROTEIN CML41-RELATED,GO:0005509,KOG0027,K13448,PF13499 PF13833,PTHR10891 PTHR10891:SF568,calmodulin-like 41
genetic,Manes.15G033100,492.5117602,0.63585339,0.124922444,5.089985189,3.58E-07,8.37E-06,+,,,,NA,"(1 of 1) PTHR14154//PTHR14154:SF5 - UPF0041 BRAIN PROTEIN 44-RELATED // EARLY LIGHT-INDUCED PROTEIN 1, CHLOROPLASTIC-RELATED",,,,PF00504,PTHR14154 PTHR14154:SF5,Chlorophyll A-B binding family protein
genetic,Manes.01G122200,4.706966724,-0.668898127,0.131893462,-5.071503312,3.95E-07,9.10E-06,-,GLUDEG-I-PWY; PWY-4321; PWY0-1305,GABA shunt; L-glutamate degradation IV; L-glutamate degradation IX (via 4-aminobutanoate),glutamate decarboxylase activity; glutamate metabolic process; carboxy-lyase activity; carboxylic acid metabolic process; pyridoxal phosphate binding,NA,(1 of 5) 4.1.1.15 - Glutamate decarboxylase / L-glutamate 1-carboxy-lyase,GO:0004351 GO:0006536 GO:0016831 GO:0019752 GO:0030170,,K01580,PF00282,PTHR11999 PTHR11999:SF92,
genetic,Manes.02G124800,1220.528094,0.531764425,0.105183303,5.055597335,4.29E-07,9.72E-06,+,,,,NA,(1 of 16) PTHR11527//PTHR11527:SF158 - SMALL HEAT-SHOCK PROTEIN  HSP20  FAMILY // 17.6 KDA CLASS I HEAT SHOCK PROTEIN 1-RELATED,,KOG0710,K13993,PF00011,PTHR11527 PTHR11527:SF158,HSP20-like chaperones superfamily protein
genetic,Manes.01G102400,20.60694944,-0.508270526,0.100930201,-5.035861631,4.76E-07,1.06E-05,-,,,protein kinase activity; protein tyrosine kinase activity; ATP binding; protein phosphorylation,NA,(1 of 31) PF07714//PF11721 - Protein tyrosine kinase (Pkinase_Tyr) // Di-glucose binding within endoplasmic reticulum (Malectin),GO:0004672 GO:0004713 GO:0005524 GO:0006468,KOG1187,,PF07714 PF11721,PTHR27003 PTHR27003:SF104,
genetic,Manes.02G113900,1.417767676,0.916740167,0.182034941,5.036067035,4.75E-07,1.06E-05,+,,,,NA,(1 of 1) PTHR32002//PTHR32002:SF13 - FAMILY NOT NAMED // PROTEIN RKD5,,,,PF02042,PTHR32002 PTHR32002:SF13,RWP-RK domain-containing protein
genetic,Manes.13G119500,4.289935066,-0.640230176,0.127137856,-5.035716334,4.76E-07,1.06E-05,-,,,proteolysis; cysteine-type peptidase activity,NA,(1 of 2) PTHR12411//PTHR12411:SF349 - CYSTEINE PROTEASE FAMILY C1-RELATED // SUBFAMILY NOT NAMED,GO:0006508 GO:0008234,KOG1543,,PF00112 PF08246,PTHR12411 PTHR12411:SF349,
genetic,Manes.01G232800,2.92029574,-0.690219775,0.137396168,-5.023573686,5.07E-07,1.13E-05,-,,,,NA,,,,,,PTHR12242 PTHR12242:SF6,
genetic,Manes.13G043000,6.18152628,0.709212938,0.141557014,5.01008687,5.44E-07,1.20E-05,+,,,protein dimerization activity,NA,(1 of 2) PTHR12565//PTHR12565:SF86 - STEROL REGULATORY ELEMENT-BINDING PROTEIN // TRANSCRIPTION FACTOR PIF4-RELATED,GO:0046983,,,PF00010,PTHR12565 PTHR12565:SF86,phytochrome interacting factor 3-like 5
genetic,Manes.01G166400,47.03520907,-0.607711541,0.121465641,-5.003155906,5.64E-07,1.24E-05,-,PWY-7511,protein ubiquitylation,zinc ion binding,NA,(1 of 3) PTHR23012//PTHR23012:SF83 - MEMBRANE ASSOCIATED RING FINGER // SUBFAMILY NOT NAMED,GO:0008270,,,PF12906,PTHR23012 PTHR23012:SF83,RING/FYVE/PHD zinc finger superfamily protein
genetic,Manes.08G160100,37.44482243,0.697396275,0.139645809,4.994036538,5.91E-07,1.29E-05,+,PWY-6842,glutathione-mediated detoxification II,protein binding,NA,"(1 of 4) PTHR11260//PTHR11260:SF254 - GLUTATHIONE S-TRANSFERASE, GST, SUPERFAMILY, GST DOMAIN CONTAINING // GLUTATHIONE S-TRANSFERASE U8",GO:0005515,KOG0406,K00799,PF00043 PF13417,PTHR11260 PTHR11260:SF254,
genetic,Manes.12G063303,4.574292169,0.712214837,0.142688078,4.991410959,5.99E-07,1.30E-05,+,,,,NA,(1 of 16) PTHR23130//PTHR23130:SF80 - FAMILY NOT NAMED // AUXIN-INDUCED IN ROOT CULTURES PROTEIN 12,GO:0016021,KOG4293,,PF03188 PF04526,PTHR23130 PTHR23130:SF80,
genetic,Manes.01G225300,2.817933858,1.05141816,0.21144418,4.97255663,6.61E-07,1.41E-05,+,,,metal ion binding,NA,,GO:0046872,,,,,
genetic,Manes.04G031100,34.68653431,0.650860924,0.130969478,4.96956188,6.71E-07,1.43E-05,+,,,metal ion binding,NA,(1 of 2) PTHR26374:SF162 - C2H2-TYPE ZINC FINGER FAMILY PROTEIN-RELATED,GO:0046872,,,PF13912,PTHR26374 PTHR26374:SF162,C2H2-type zinc finger family protein
genetic,Manes.17G065300,0.33225293,1.588125756,0.320290706,4.958388516,7.11E-07,1.50E-05,+,,,,NA,(1 of 3) PTHR32227:SF127 - CARBOHYDRATE-BINDING X8 DOMAIN-CONTAINING PROTEIN,,,,PF07983,PTHR32227 PTHR32227:SF127,Carbohydrate-binding X8 domain superfamily protein
genetic,Manes.02G068800,2.013246033,0.767686803,0.155065332,4.950731366,7.39E-07,1.54E-05,+,,,protein dimerization activity,NA,(1 of 4) PTHR12565//PTHR12565:SF128 - STEROL REGULATORY ELEMENT-BINDING PROTEIN // TRANSCRIPTION FACTOR BHLH75,GO:0046983,,,PF00010,PTHR12565 PTHR12565:SF128,
genetic,Manes.11G039928,1.147647597,-0.836110233,0.168935516,-4.949286291,7.45E-07,1.55E-05,-,,,protein kinase activity; protein tyrosine kinase activity; ATP binding; protein phosphorylation; protein catabolic process; cell redox homeostasis,NA,(1 of 1) PF00069//PF00085//PF02617//PF07714 - Protein kinase domain (Pkinase) // Thioredoxin (Thioredoxin) // ATP-dependent Clp protease adaptor protein ClpS (ClpS) // Protein tyrosine kinase (Pkinase_Tyr),GO:0004672 GO:0004713 GO:0005524 GO:0006468 GO:0030163 GO:0045454,KOG1187,,PF00069 PF00085 PF02617 PF07714,PTHR27001,
genetic,Manes.01G139800,2.013176753,-0.618172088,0.125152501,-4.939350664,7.84E-07,1.62E-05,-,,,protein dimerization activity,NA,,GO:0046983,,,,PTHR16223 PTHR16223:SF39,
genetic,Manes.04G165900,3.549874722,0.585967632,0.118684782,4.937175791,7.93E-07,1.64E-05,+,,,GTPase activator activity; protein binding,NA,(1 of 4) PTHR23180:SF249 - ADP-RIBOSYLATION FACTOR GTPASE-ACTIVATING PROTEIN AGD11-RELATED,GO:0005096 GO:0005515,KOG1030,K12486,PF00168 PF01412,PTHR23180 PTHR23180:SF249,Calcium-dependent ARF-type GTPase activating protein family
genetic,Manes.02G139500,2.372690373,0.520358015,0.105451649,4.934564997,8.03E-07,1.66E-05,+,,,ATP binding; membrane; ATP hydrolysis activity,NA,(1 of 1) PTHR19241//PTHR19241:SF158 - ATP-BINDING CASSETTE TRANSPORTER // ABC TRANSPORTER G FAMILY MEMBER 23,GO:0005524 GO:0016020 GO:0016887,KOG0061,,PF00005 PF01061,PTHR19241 PTHR19241:SF158,ABC-2 type transporter family protein
genetic,Manes.01G009800,1.519283241,0.946465333,0.191934815,4.931181116,8.17E-07,1.68E-05,+,,,,NA,(1 of 2) PTHR35485:SF1 - EXPRESSED PROTEIN,,,,,PTHR35485 PTHR35485:SF1,(1 of 2) PTHR35485:SF1 - EXPRESSED PROTEIN
genetic,Manes.12G128800,0.533704183,-1.136040427,0.23044099,-4.92985395,8.23E-07,1.69E-05,-,,,,NA,(1 of 2) PTHR22778:SF25 - ALPHA/BETA-HYDROLASES SUPERFAMILY PROTEIN,,KOG2551,,PF03959,PTHR22778 PTHR22778:SF25,alpha/beta-Hydrolases superfamily protein
genetic,Manes.01G160900,7.523325303,0.51399919,0.10437823,4.924390755,8.46E-07,1.73E-05,+,,,protein kinase activity; protein tyrosine kinase activity; ATP binding; protein phosphorylation,NA,(1 of 4) PF00069//PF13540 - Protein kinase domain (Pkinase) // Regulator of chromosome condensation (RCC1) repeat (RCC1_2),GO:0004672 GO:0004713 GO:0005524 GO:0006468,KOG1187,,PF00069 PF13540,PTHR27003 PTHR27003:SF85,
genetic,Manes.07G090500,19.66194223,-0.668601396,0.135797566,-4.923515316,8.50E-07,1.73E-05,-,,,"endopeptidase activity; threonine-type endopeptidase activity; proteasome core complex; ubiquitin-dependent protein catabolic process; proteasome core complex, alpha-subunit complex; proteolysis involved in protein catabolic process",NA,(1 of 3) K02727 - 20S proteasome subunit alpha 7 (PSMA3),GO:0004175 GO:0004298 GO:0005839 GO:0006511 GO:0019773 GO:0051603,KOG0184,K02727,PF00227 PF10584,PTHR11599 PTHR11599:SF65,20S proteasome alpha subunit G1
genetic,Manes.10G014200,3.027220473,-0.823056191,0.167462071,-4.914881255,8.88E-07,1.80E-05,-,PWY-6614; PWY-6612; PWY-3841; ,tetrahydrofolate biosynthesis; superpathway of tetrahydrofolate biosynthesis; folate transformations II; ,,NA,(1 of 1) PTHR22778//PTHR22778:SF22 - OVARIAN CANCER GENE-2 PROTEIN-RELATED // SUBFAMILY NOT NAMED,,KOG2551,,PF03959,PTHR22778 PTHR22778:SF22,
genetic,Manes.16G007700,7.776071913,-0.576703866,0.117435701,-4.910805316,9.07E-07,1.82E-05,-,,,,NA,,,,,,PTHR33647 PTHR33647:SF4,
genetic,Manes.12G074800,4.93577226,-0.685061691,0.139799035,-4.900332054,9.57E-07,1.90E-05,-,PWY-361; PWY-2181; PWY-1121; PWY-7186,phenylpropanoid biosynthesis; free phenylpropanoid acid biosynthesis; suberin monomers biosynthesis; superpathway of scopolin and esculin biosynthesis,methyltransferase activity; O-methyltransferase activity; protein dimerization activity,NA,(1 of 2) PTHR11746//PTHR11746:SF81 - O-METHYLTRANSFERASE // SUBFAMILY NOT NAMED,GO:0008168 GO:0008171 GO:0046983,KOG3178,K13066,PF00891 PF08100,PTHR11746 PTHR11746:SF81,O-methyltransferase family protein
genetic,Manes.11G146400,10.47726669,0.573519049,0.11711929,4.896879478,9.74E-07,1.94E-05,+,,,protein binding,NA,"(1 of 3) K13113 - ubiquitin-like protein 5 (UBL5, HUB1)",GO:0005515,KOG3493,K13113,PF00240,PTHR13042,Ubiquitin-like superfamily protein
genetic,Manes.04G066700,2.765695595,-0.62462454,0.127626236,-4.894170344,9.87E-07,1.96E-05,-,,,,NA,"(1 of 2) PF02620 - Uncharacterized ACR, COG1399 (DUF177)",,,,,PTHR37734,Protein of unknown function (DUF177)
genetic,Manes.11G033800,1.462934887,1.17798078,0.241698436,4.873762533,1.09E-06,2.14E-05,+,,,phosphorelay signal transduction system,NA,(1 of 2) PTHR28242//PTHR28242:SF4 - FAMILY NOT NAMED // HISTIDINE-CONTAINING PHOSPHOTRANSFER PROTEIN 4,GO:0000160 GO:0004871,KOG4747,K14490,PF01627,PTHR28242 PTHR28242:SF4,HPT phosphotransmitter 4
genetic,Manes.14G032850,1.418744602,0.886911024,0.182011498,4.872829642,1.10E-06,2.14E-05,+,,,,NA,,,,,,,
genetic,Manes.15G077500,22.46987766,0.537571895,0.110419387,4.868455731,1.12E-06,2.18E-05,+,,,,NA,(1 of 2) PTHR11527:SF5 - 21.7 KDA CLASS VI HEAT SHOCK PROTEIN,,KOG0710,,PF00011,PTHR11527 PTHR11527:SF5,HSP20-like chaperones superfamily protein
genetic,Manes.01G171300,1.745279341,-1.505076697,0.309915687,-4.856406954,1.20E-06,2.30E-05,-,PWY-7204,pyridoxal 5'-phosphate salvage II (plants),metabolic process; hydrolase activity,NA,(1 of 2) PTHR12725//PTHR12725:SF68 - HALOACID DEHALOGENASE-LIKE HYDROLASE // SUBFAMILY NOT NAMED,GO:0008152 GO:0016787,KOG3109,K07025,PF13419,PTHR12725 PTHR12725:SF68,
genetic,Manes.14G097300,7.680813159,-0.566392607,0.116720096,-4.852571471,1.22E-06,2.34E-05,-,PWY-641; PWY-6029,"proanthocyanidins biosynthesis from flavanols; 2,3-<i>trans</i>-flavanols biosynthesis",catalytic activity,NA,(1 of 2) 1.17.1.3 - Leucoanthocyanidin reductase / Leucocyanidin reductase,GO:0003824 GO:0050662,,K13081,PF01370,PTHR10366 PTHR10366:SF403,
genetic,Manes.18G040500,5.370569699,-0.500766994,0.103372555,-4.844293455,1.27E-06,2.43E-05,-,,,protein binding,NA,(1 of 2) PTHR12864//PTHR12864:SF23 - RAN BINDING PROTEIN 9-RELATED // SUBFAMILY NOT NAMED,GO:0005515,,,PF00622,PTHR12864 PTHR12864:SF23,(1 of 2) PTHR12864//PTHR12864:SF23 - RAN BINDING PROTEIN 9-RELATED
genetic,Manes.03G092500,2.675304417,0.585231329,0.121149289,4.830662524,1.36E-06,2.57E-05,+,,,,NA,(1 of 1) PTHR32285:SF58 - PROTEIN TRICHOME BIREFRINGENCE-LIKE 41,,,,PF13839 PF14416,PTHR32285 PTHR32285:SF58,TRICHOME BIREFRINGENCE-LIKE 41
genetic,Manes.03G150800,1.668701206,0.880411598,0.182641622,4.82043243,1.43E-06,2.69E-05,+,,,,NA,(1 of 44) PF03140 - Plant protein of unknown function (DUF247),,,,PF03140,PTHR31549,
genetic,Manes.03G092416,3.24150768,-0.625843301,0.130279002,-4.803869332,1.56E-06,2.90E-05,-,,,protein kinase activity; protein tyrosine kinase activity; protein binding; ATP binding; protein phosphorylation,NA,(1 of 3) PF00560//PF07714//PF11721 - Leucine Rich Repeat (LRR_1) // Protein tyrosine kinase (Pkinase_Tyr) // Di-glucose binding within endoplasmic reticulum (Malectin),GO:0004672 GO:0004713 GO:0005515 GO:0005524 GO:0006468,KOG1187,,PF00560 PF07714 PF11721,PTHR27006 PTHR27006:SF11,Leucine-rich repeat transmembrane protein kinase
genetic,Manes.18G053300,3.45524302,-0.772075423,0.160933582,-4.797478644,1.61E-06,2.99E-05,-,,,,NA,(1 of 2) PTHR22950:SF278 - AMINO ACID PERMEASE 1-RELATED,,KOG1303,,PF01490,PTHR22950 PTHR22950:SF278,amino acid permease 6
genetic,Manes.01G171400,6.633240173,-0.889538506,0.185750192,-4.78889684,1.68E-06,3.09E-05,-,PWY-7204,pyridoxal 5'-phosphate salvage II (plants),metabolic process; hydrolase activity,NA,(1 of 5) K07025 - putative hydrolase of the HAD superfamily (K07025),GO:0008152 GO:0016787,KOG3109,K07025,PF13419,PTHR12725 PTHR12725:SF72,Haloacid dehalogenase-like hydrolase (HAD) superfamily protein
genetic,Manes.13G094602,0.721230566,1.296332496,0.271805717,4.769334917,1.85E-06,3.37E-05,+,,,,NA,,,,,,,
genetic,Manes.18G070700,9.088216131,0.602361467,0.126367988,4.766725134,1.87E-06,3.41E-05,+,,,metal ion transport; metal ion binding,NA,(1 of 2) PTHR22814:SF84 - HEAVY-METAL-ASSOCIATED DOMAIN-CONTAINING PROTEIN,GO:0030001 GO:0046872,KOG1603,,PF00403,PTHR22814 PTHR22814:SF84,Heavy metal transport/detoxification superfamily protein
genetic,Manes.05G165800,3.069154804,0.782713098,0.164276378,4.76461136,1.89E-06,3.43E-05,+,,,nucleic acid binding; ubiquitin-protein transferase activity; protein binding; zinc ion binding; protein ubiquitination,NA,(1 of 4) PTHR11685//PTHR11685:SF135 - RBR FAMILY  RING FINGER AND IBR DOMAIN-CONTAINING // E3 UBIQUITIN-PROTEIN LIGASE ARI10-RELATED,GO:0003676 GO:0004842 GO:0005515 GO:0008270 GO:0016567,KOG1815,K11968,PF01485,PTHR11685 PTHR11685:SF135,
genetic,Manes.12G028100,0.631578843,0.767096971,0.161415809,4.752303844,2.01E-06,3.63E-05,+,,,NAD+-protein poly-ADP-ribosyltransferase activity,NA,(1 of 2) PTHR32263//PTHR32263:SF8 - FAMILY NOT NAMED // INACTIVE POLY [ADP-RIBOSE] POLYMERASE SRO2-RELATED,GO:0003950,,,PF12174,PTHR32263 PTHR32263:SF8,similar to RCD one 2
genetic,Manes.02G206150,0.960403384,-0.933546711,0.196634443,-4.747625569,2.06E-06,3.70E-05,-,,,protein binding; signal transduction; ADP binding,NA,(1 of 13) PF00931//PF07725//PF13676 - NB-ARC domain (NB-ARC) // Leucine Rich Repeat (LRR_3) // TIR domain (TIR_2),GO:0005515 GO:0007165 GO:0043531,KOG4658,,PF00931 PF07725 PF13676,PTHR11017 PTHR11017:SF162,Disease resistance protein (TIR-NBS-LRR class) family
genetic,Manes.10G009400,0.931510876,0.955816598,0.201457009,4.744518962,2.09E-06,3.74E-05,+,,,nuclear chromosome; protein binding,NA,(1 of 1) PTHR12585:SF26 - SISTER CHROMATID COHESION 1 PROTEIN 1,GO:0000228 GO:0005515,KOG1213,K06670,PF04824 PF04825,PTHR12585 PTHR12585:SF26,Rad21/Rec8-like family protein
genetic,Manes.08G118500,1.955239945,-0.99293862,0.20954224,-4.738608417,2.15E-06,3.84E-05,-,,,"peroxidase activity; calcium ion binding; membrane; NAD(P)H oxidase H2O2-forming activity; oxidoreductase activity; oxidoreductase activity, acting on NAD(P)H, oxygen as acceptor",NA,(1 of 1) PTHR11972:SF57 - RESPIRATORY BURST OXIDASE HOMOLOG PROTEIN B,GO:0004601 GO:0005509 GO:0016020 GO:0016174 GO:0016491 GO:0050664 GO:0055114,,K13447,PF01794 PF08022 PF08030 PF08414,PTHR11972 PTHR11972:SF57,respiratory burst oxidase homolog B
genetic,Manes.13G029600,1.420970964,0.662295487,0.139938744,4.732752823,2.21E-06,3.93E-05,+,,,NAD+-protein poly-ADP-ribosyltransferase activity,NA,(1 of 2) PTHR32263:SF8 - INACTIVE POLY [ADP-RIBOSE] POLYMERASE SRO2-RELATED,GO:0003950,,,PF00644 PF12174,PTHR32263 PTHR32263:SF8,similar to RCD one 2
genetic,Manes.18G030900,0.893586282,-1.016496617,0.215246657,-4.72247341,2.33E-06,4.11E-05,-,,,xenobiotic transmembrane transport; antiporter activity; membrane; transmembrane transport,NA,(1 of 2) PTHR11206//PTHR11206:SF115 - MULTIDRUG RESISTANCE PROTEIN // MATE EFFLUX FAMILY PROTEIN,GO:0006855 GO:0015238 GO:0015297 GO:0016020 GO:0055085,KOG1347,K03327,PF01554,PTHR11206 PTHR11206:SF115,MATE efflux family protein
genetic,Manes.14G094500,3.788393236,0.542654146,0.115452006,4.70025742,2.60E-06,4.52E-05,+,,,,NA,(1 of 3) PF06880 - Protein of unknown function (DUF1262) (DUF1262),,,,PF06880,PTHR31050 PTHR31050:SF2,Protein of unknown function (DUF1262)
genetic,Manes.04G138300,11.68594297,0.934151637,0.199783621,4.675816935,2.93E-06,5.04E-05,+,,,,NA,(1 of 10) PTHR11527//PTHR11527:SF152 - SMALL HEAT-SHOCK PROTEIN  HSP20  FAMILY // SUBFAMILY NOT NAMED,,KOG0710,K13993,PF00011,PTHR11527 PTHR11527:SF152,heat shock protein 18.2
genetic,Manes.17G062900,1.5937709,-0.970079442,0.20770382,-4.670493984,3.00E-06,5.15E-05,-,,,,NA,(1 of 1) PTHR10791//PTHR10791:SF23 - RAG1-ACTIVATING PROTEIN 1 // SUBFAMILY NOT NAMED,,KOG1623,K15382,PF03083,PTHR10791 PTHR10791:SF23,
genetic,Manes.18G113300,3.503733491,-0.623712228,0.133566543,-4.669674099,3.02E-06,5.16E-05,-,,,"hydrolase activity, hydrolyzing O-glycosyl compounds; carbohydrate metabolic process",NA,"(1 of 1) PTHR22298//PTHR22298:SF54 - ENDO-1,4-BETA-GLUCANASE // ENDOGLUCANASE 3-RELATED",GO:0004553 GO:0005975,,,PF00759,PTHR22298 PTHR22298:SF54,cellulase 3
genetic,Manes.02G032685,1.550794105,0.928700554,0.19889911,4.669204175,3.02E-06,5.17E-05,+,,,,NA,,,,,,PTHR33270 PTHR33270:SF7,
genetic,Manes.12G132800,17.10165592,-0.505767779,0.108356568,-4.667624556,3.05E-06,5.20E-05,-,,,"monooxygenase activity; iron ion binding; oxidoreductase activity, acting on paired donors, with incorporation or reduction of molecular oxygen; heme binding",NA,(1 of 2) PTHR24298:SF144 - BIFUNCTIONAL DIHYDROCAMALEXATE SYNTHASE/CAMALEXIN SYNTHASE-RELATED,GO:0004497 GO:0005506 GO:0016705 GO:0020037 GO:0055114,KOG0156,,PF00067,PTHR24298 PTHR24298:SF144,
genetic,Manes.01G196200,0.853474609,-1.054160472,0.225922051,-4.666036213,3.07E-06,5.23E-05,-,,,metabolic process; hydrolase activity,NA,(1 of 1) PTHR11014//PTHR11014:SF85 - PEPTIDASE M20 FAMILY MEMBER // SUBFAMILY NOT NAMED,GO:0008152 GO:0016787,KOG2275,K14664,PF01546 PF07687,PTHR11014 PTHR11014:SF85,
genetic,Manes.07G076300,1.900336954,0.620185815,0.133277021,4.653358924,3.27E-06,5.53E-05,+,PWY-7186,superpathway of scopolin and esculin biosynthesis,metabolic process; hexosyltransferase activity,NA,(1 of 2) PTHR11926//PTHR11926:SF246 - GLUCOSYL/GLUCURONOSYL TRANSFERASES // SUBFAMILY NOT NAMED,GO:0008152 GO:0016758,KOG1192,,PF00201,PTHR11926 PTHR11926:SF246,
genetic,Manes.01G238151,2.821996282,0.783706473,0.169976263,4.610681874,4.01E-06,6.57E-05,+,,,,NA,,,,,,,
genetic,Manes.04G127533,1.807742305,-0.860159566,0.187206126,-4.594719108,4.33E-06,7.03E-05,-,,,protein kinase activity; protein tyrosine kinase activity; ATP binding; protein phosphorylation,NA,(1 of 20) PTHR27001//PTHR27001:SF27 - FAMILY NOT NAMED // PROLINE-RICH RECEPTOR-LIKE PROTEIN KINASE PERK15,GO:0004672 GO:0004713 GO:0005524 GO:0006468,KOG1187,,PF00069 PF07714,PTHR27001 PTHR27001:SF27,
genetic,Manes.15G157400,20.4237062,0.553354626,0.120826493,4.579745807,4.66E-06,7.45E-05,+,,,,NA,(1 of 5) PTHR33595//PTHR33595:SF3 - FAMILY NOT NAMED // EMB|CAB62340.1-RELATED,,,,,PTHR33595 PTHR33595:SF3,(1 of 6) PTHR33595:SF3 - EMB
genetic,Manes.05G167700,5.672859225,0.59966796,0.131362549,4.564984185,5.00E-06,7.91E-05,+,,,"monooxygenase activity; iron ion binding; oxidoreductase activity, acting on paired donors, with incorporation or reduction of molecular oxygen; heme binding",NA,(1 of 138) KOG0156 - Cytochrome P450 CYP2 subfamily,GO:0004497 GO:0005506 GO:0016705 GO:0020037 GO:0055114,KOG0156,,PF00067,PTHR24298 PTHR24298:SF102,
genetic,Manes.01G208400,1.997435894,-0.871696364,0.191072782,-4.562116886,5.06E-06,8.01E-05,-,,,protein dimerization activity,NA,(1 of 2) PTHR11514//PTHR11514:SF28 - MYC // TRANSCRIPTION FACTOR TT8,GO:0046983,,,PF00010 PF14215,PTHR11514 PTHR11514:SF28,basic helix-loop-helix (bHLH) DNA-binding superfamily protein
genetic,Manes.01G124801,4.137022955,0.572625696,0.125555398,4.560741339,5.10E-06,8.04E-05,+,,,,NA,(1 of 2) PTHR10887//PTHR10887:SF358 - DNA2/NAM7 HELICASE FAMILY // P-LOOP CONTAINING NUCLEOSIDE TRIPHOSPHATE HYDROLASES SUPERFAMILY PROTEIN,,,K10706,PF13086 PF13087,PTHR10887 PTHR10887:SF358,P-loop containing nucleoside triphosphate hydrolases superfamily protein
genetic,Manes.17G069300,3.014790213,0.700053389,0.153994292,4.545969723,5.47E-06,8.53E-05,+,,,voltage-gated potassium channel activity; protein binding; potassium ion transport; membrane,NA,(1 of 2) PTHR10217//PTHR10217:SF520 - VOLTAGE AND LIGAND GATED POTASSIUM CHANNEL // SUBFAMILY NOT NAMED,GO:0005249 GO:0005515 GO:0006813 GO:0016020,,,PF00027 PF07885 PF11834,PTHR10217 PTHR10217:SF520,potassium channel in Arabidopsis thaliana 2
genetic,Manes.14G065700,11.99250883,0.578071131,0.127348266,4.539293306,5.64E-06,8.76E-05,+,,,NAD+-protein poly-ADP-ribosyltransferase activity,NA,(1 of 2) PTHR32263//PTHR32263:SF6 - FAMILY NOT NAMED // INACTIVE POLY [ADP-RIBOSE] POLYMERASE SRO4-RELATED,GO:0003950,,,PF12174,PTHR32263 PTHR32263:SF6,similar to RCD one 5
genetic,Manes.16G093800,4.464718162,0.638952988,0.140935287,4.533662247,5.80E-06,8.97E-05,+,,,plant-type hypersensitive response,NA,(1 of 1) PTHR23423//PTHR23423:SF10//PTHR23423:SF23 - ORGANIC SOLUTE TRANSPORTER-RELATED // TRANSMEMBRANE PROTEIN 184C // SUBFAMILY NOT NAMED,GO:0009626,KOG2641,,PF03619,PTHR23423 PTHR23423:SF23,Protein of unknown function (DUF300)
genetic,Manes.14G132800,2.59947336,-0.640066495,0.141378295,-4.527332112,5.97E-06,9.18E-05,-,,,,NA,(1 of 1) PTHR22957//PTHR22957:SF288 - TBC1 DOMAIN FAMILY MEMBER GTPASE-ACTIVATING PROTEIN // SUBFAMILY NOT NAMED,,KOG4567,,PF00566,PTHR22957 PTHR22957:SF288,
genetic,Manes.07G090400,75.58626165,-0.898997401,0.198804714,-4.522012488,6.13E-06,9.37E-05,-,,,,NA,(1 of 2) KOG2846 - Predicted membrane protein,,KOG2846,,PF10058,PTHR22166 PTHR22166:SF12,Protein of unknown function (DUF2296)
genetic,Manes.04G018000,4.820049047,-0.764178862,0.169102432,-4.519029398,6.21E-06,9.48E-05,-,PWY-1121; PWY-7186; PWY1F-467,"suberin monomers biosynthesis; superpathway of scopolin and esculin biosynthesis; phenylpropanoid biosynthesis, initial reactions",cytoplasm; L-phenylalanine catabolic process; ammonia-lyase activity,NA,(1 of 6) 4.3.1.24 - Phenylalanine ammonia-lyase,GO:0005737 GO:0006559 GO:0016841,,K10775,PF00221,PTHR10362 PTHR10362:SF19,
genetic,Manes.15G130600,0.377754673,-1.391506162,0.308124249,-4.516055342,6.30E-06,9.58E-05,-,,,defense response; response to biotic stimulus,NA,(1 of 49) PF00407 - Pathogenesis-related protein Bet v I family (Bet_v_1),GO:0006952 GO:0009607,,,PF00407,PTHR31907,MLP-like protein 31
genetic,Manes.13G047000,16.08819997,-1.085866831,0.24067355,-4.511782989,6.43E-06,9.75E-05,-,,,protein binding; zinc ion binding,NA,(1 of 2) PTHR12183:SF11 - C3HC4 TYPE RING-FINGER PROTEIN-RELATED,GO:0005515 GO:0008270,,,PF13920,PTHR12183 PTHR12183:SF11,RING/U-box superfamily protein
genetic,Manes.04G150800,2.23319677,-0.637026333,0.14139283,-4.505365181,6.63E-06,1.00E-04,-,,,threonine-type endopeptidase activity; proteasome core complex; proteolysis involved in protein catabolic process,NA,(1 of 2) PTHR11599//PTHR11599:SF14 - PROTEASOME SUBUNIT ALPHA/BETA // PROTEASOME SUBUNIT ALPHA TYPE-5,GO:0004298 GO:0005839 GO:0051603,KOG0176,,PF00227,PTHR11599 PTHR11599:SF14,
genetic,Manes.14G099400,4.799138437,0.841090845,0.186886175,4.500551453,6.78E-06,0.000101666,+,,,,NA,(1 of 5) PTHR15907:SF47 - PROTEIN PLANT CADMIUM RESISTANCE 11-RELATED,,,,PF04749,PTHR15907 PTHR15907:SF47,PLAC8 family protein
genetic,Manes.12G144101,22.14666078,-0.846741337,0.189128611,-4.47706633,7.57E-06,0.000111871,-,,,,NA,(1 of 3) PTHR10925 - N-ACETYLTRANSFERASE 10,,,,PF08351,PTHR10925,
genetic,Manes.14G047264,0.632637239,0.992283325,0.221647047,4.47686238,7.57E-06,0.000111897,+,,,DNA binding; regulation of DNA-templated transcription,NA,(1 of 152) PF02365 - No apical meristem (NAM) protein (NAM),GO:0003677 GO:0006355,,,PF02365,PTHR31989,
genetic,Manes.06G016800,1.307164325,-0.903663017,0.201993776,-4.473717141,7.69E-06,0.000113229,-,PWY-5934; PWY-6854,iron reduction and absorption; ethylene biosynthesis III (microbes),oxidoreductase activity,NA,(1 of 7) 1.16.1.7 - Ferric-chelate reductase (NADH) / NADH:Fe(3+)-EDTA reductase,GO:0016491 GO:0055114,KOG0039,,PF01794 PF08022 PF08030,PTHR11972,ferric reduction oxidase 7
genetic,Manes.02G073100,1.223923449,-0.66736004,0.149492822,-4.464161094,8.04E-06,0.000117533,-,,,,NA,,,,,,PTHR38225 PTHR38225:SF2,
genetic,Manes.18G090116,10.09958768,-0.660717986,0.1481411,-4.46005859,8.19E-06,0.000119314,-,,,structural constituent of cell wall; plant-type cell wall organization,NA,(1 of 1) PF04554 - Extensin-like region (Extensin_2),GO:0005199 GO:0009664,,,PF04554,,extensin 3
genetic,Manes.16G081500,2.755798541,0.631950336,0.142219193,4.443495436,8.85E-06,0.000127162,+,,,DNA-binding transcription factor activity; nucleus; regulation of DNA-templated transcription; sequence-specific DNA binding,NA,(1 of 2) PTHR10015:SF186 - HEAT STRESS TRANSCRIPTION FACTOR A-2-RELATED,GO:0003700 GO:0005634 GO:0006355 GO:0043565,KOG0627,,PF00447,PTHR10015 PTHR10015:SF186,heat shock transcription factor A2
genetic,Manes.18G057444,1.345091222,-0.893592639,0.202341893,-4.416251266,1.00E-05,0.000140891,-,,,protein kinase activity; protein tyrosine kinase activity; ATP binding; protein phosphorylation,NA,(1 of 3) PTHR23257:SF349 - PROTEIN KINASE FAMILY PROTEIN,GO:0004672 GO:0004713 GO:0005524 GO:0006468,KOG0192,,PF07714 PF14381,PTHR23257 PTHR23257:SF349,Protein kinase superfamily protein
genetic,Manes.07G068400,2.620543415,0.505598019,0.114721275,4.407186186,1.05E-05,0.000145425,+,,,alpha-L-fucosidase activity,NA,"(1 of 1) 3.2.1.63 - 1,2-alpha-L-fucosidase / Almond emulsin fucosidase II",,,,PF14498,PTHR31084 PTHR31084:SF0,"1,2-alpha-L-fucosidases"
genetic,Manes.18G036500,1.343884723,0.783872557,0.17829317,4.396537222,1.10E-05,0.000151017,+,,,calcium ion binding,NA,(1 of 28) PF13202 - EF hand (EF-hand_5),GO:0005509,,,PF13202,,
genetic,Manes.09G009700,4.429124987,-0.82471279,0.18804016,-4.385833259,1.16E-05,0.000157474,-,,,,NA,,,,,,,
genetic,Manes.03G140301,3.320173837,-0.612267316,0.139742008,-4.381412029,1.18E-05,0.000160135,-,,,,NA,"(1 of 3) PTHR34947:SF2 - GENOMIC DNA, CHROMOSOME 3, P1 CLONE:MJG19",,,,,PTHR34947 PTHR34947:SF2,"(1 of 1) PTHR34947:SF2 - GENOMIC DNA, CHROMOSOME 3, P1 CLONE:MJG19"
genetic,Manes.02G194900,2.773044184,-0.506352132,0.115970439,-4.366217255,1.26E-05,0.000169802,-,,,,NA,(1 of 2) PTHR24078:SF250 - CHAPERONE DNAJ-DOMAIN CONTAINING PROTEIN-RELATED,,,,PF00226,PTHR24078 PTHR24078:SF250,Chaperone DnaJ-domain superfamily protein
genetic,Manes.05G005200,9.972769647,0.533699093,0.122633826,4.351972939,1.35E-05,0.000178869,+,,,DNA binding; regulation of DNA-templated transcription,NA,(1 of 18) PTHR31989:SF21 - NAC TRANSCRIPTION FACTOR-LIKE 9,GO:0003677 GO:0006355,,,PF02365,PTHR31989 PTHR31989:SF21,
genetic,Manes.13G077278,2.228629344,1.203202594,0.276620703,4.34964766,1.36E-05,0.000180425,+,,,,NA,,,,,,,
genetic,Manes.02G174500,0.841649659,0.865880016,0.199205258,4.346672506,1.38E-05,0.000182534,+,PWY-6824; PWY-5466; PWY-7445; PWY-7214,justicidin B biosynthesis; matairesinol biosynthesis; luteolin triglucuronide degradation; baicalein degradation (hydrogen peroxide detoxification),peroxidase activity; response to oxidative stress; heme binding,NA,(1 of 1) PTHR31235:SF16 - PEROXIDASE 13-RELATED,GO:0004601 GO:0006979 GO:0020037 GO:0055114,,K00430,PF00141,PTHR31235 PTHR31235:SF16,Peroxidase superfamily protein
genetic,Manes.04G124300,1.481277299,0.571685491,0.13170914,4.340514958,1.42E-05,0.00018712,+,PWY-6842,glutathione-mediated detoxification II,protein binding,NA,"(1 of 14) PTHR11260//PTHR11260:SF317 - GLUTATHIONE S-TRANSFERASE, GST, SUPERFAMILY, GST DOMAIN CONTAINING // SUBFAMILY NOT NAMED",GO:0005515,KOG0406,K00799,PF00043 PF02798,PTHR11260 PTHR11260:SF317,
genetic,Manes.05G184700,3.682669628,-0.560217701,0.129483817,-4.326546077,1.51E-05,0.000197728,-,PWY-7528; PWY-7270; PWY-4361; PWY-6854; PWY-3001; LEU-DEG2-PWY; VALDEG-PWY; BRANCHED-CHAIN-AA-SYN-PWY; ILEUDEG-PWY; VALSYN-PWY; ILEUSYN-PWY; LEUSYN-PWY,L-methionine salvage cycle I (bacteria and plants); L-methionine salvage cycle II (plants); <i>S</i>-methyl-5-thio-&alpha;-D-ribose 1-phosphate degradation; ethylene biosynthesis III (microbes); superpathway of L-isoleucine biosynthesis I; L-leucine degradation I; L-valine degradation I; superpathway of branched chain amino acid biosynthesis; L-isoleucine degradation I; L-valine biosynthesis; L-isoleucine biosynthesis I (from threonine); L-leucine biosynthesis,catalytic activity; branched-chain-amino-acid transaminase activity; metabolic process; branched-chain amino acid metabolic process,NA,(1 of 3) 2.6.1.42//2.6.1.88 - Branched-chain-amino-acid transaminase / Transaminase B // Methionine transaminase / Methionine-oxo-acid transaminase,GO:0003824 GO:0004084 GO:0008152 GO:0009081,KOG0975,K00826,PF01063,PTHR11825 PTHR11825:SF42,branched-chain amino acid transaminase 2
genetic,Manes.01G218200,7.420194548,-0.550215898,0.127509338,-4.315102767,1.60E-05,0.000207063,-,PWY-3121; PWY-6002; PWY-7089; PWY-5176; PWY-7092; PWY-7091,linamarin degradation; lotaustralin degradation; taxiphyllin bioactivation; coumarin biosynthesis (via 2-coumarate); neolinustatin bioactivation; linustatin bioactivation,"hydrolase activity, hydrolyzing O-glycosyl compounds; carbohydrate metabolic process",NA,(1 of 4) PTHR10353//PTHR10353:SF29 - GLYCOSYL HYDROLASE // BETA-GLUCOSIDASE 1-RELATED,GO:0004553 GO:0005975,,K01188,PF00232,PTHR10353 PTHR10353:SF29,beta glucosidase 11
genetic,Manes.10G142050,3.996518406,0.533333228,0.123906677,4.304313876,1.68E-05,0.000216589,+,,,,NA,,,,,,,
genetic,Manes.05G023000,2.689648572,-0.634688526,0.147950617,-4.289867397,1.79E-05,0.000228924,-,,,protein binding,NA,(1 of 1) PTHR12601//PTHR12601:SF17 - EUKARYOTIC TRANSLATION INITIATION FACTOR 3 SUBUNIT  EIF-3 // TETRATRICOPEPTIDE REPEAT-CONTAINING PROTEIN,GO:0005515,,K03255,PF12807 PF13424 PF15044,PTHR12601 PTHR12601:SF17,Tetratricopeptide repeat (TPR)-like superfamily protein
genetic,Manes.16G058900,2.388028065,-0.631640176,0.14752174,-4.281675207,1.85E-05,0.000236259,-,PWY-7511,protein ubiquitylation,protein binding; zinc ion binding,NA,(1 of 2) PTHR10044//PTHR10044:SF103 - INHIBITOR OF APOPTOSIS // SUBFAMILY NOT NAMED,GO:0005515 GO:0008270,KOG4172,,PF13920,PTHR10044 PTHR10044:SF103,RING/U-box superfamily protein
genetic,Manes.02G077400,11.00125497,-0.503667916,0.118096762,-4.264874889,2.00E-05,0.000251929,-,,,,NA,(1 of 2) PTHR10641//PTHR10641:SF498 - MYB-LIKE DNA-BINDING PROTEIN MYB // MYB TRANSCRIPTION FACTOR,,,K09422,PF00249,PTHR10641 PTHR10641:SF498,myb domain protein 43
genetic,Manes.07G091450,7.132577591,-0.580955716,0.136402662,-4.259123013,2.05E-05,0.000257463,-,,,,NA,,,,,,,
genetic,Manes.15G179612,2.423596868,-0.973793103,0.228942272,-4.25344387,2.11E-05,0.000262396,-,,,GTP binding,NA,(1 of 95) PF00025 - ADP-ribosylation factor family (Arf),GO:0005525,,,PF00025,PTHR11711,
genetic,Manes.12G070600,3.074684015,-0.536762284,0.126406783,-4.246309193,2.17E-05,0.000268757,-,,,"hydrolase activity, hydrolyzing O-glycosyl compounds; carbohydrate metabolic process",NA,"(1 of 2) PTHR22298//PTHR22298:SF59 - ENDO-1,4-BETA-GLUCANASE // ENDOGLUCANASE 11",GO:0004553 GO:0005975,,,PF00759,PTHR22298 PTHR22298:SF59,glycosyl hydrolase 9B8
genetic,Manes.18G019650,10.55728412,-0.514673745,0.121237144,-4.245182041,2.18E-05,0.000269785,-,GLYCOGENSYNTH-PWY; PWY-622,glycogen biosynthesis I (from ADP-D-Glucose); starch biosynthesis,glycogen biosynthetic process; glucose-1-phosphate adenylyltransferase activity; biosynthetic process; nucleotidyltransferase activity,carb,"(1 of 1) PTHR22572//PTHR22572:SF110 - SUGAR-1-PHOSPHATE GUANYL TRANSFERASE // GLUCOSE-1-PHOSPHATE ADENYLYLTRANSFERASE LARGE SUBUNIT 2, CHLOROPLASTIC",GO:0005978 GO:0008878 GO:0009058 GO:0016779,KOG1322,K00975,PF00483,PTHR22572 PTHR22572:SF110,ADPGLC-PPase large subunit
genetic,Manes.06G177200,0.408282747,-1.354111596,0.320139552,-4.229754142,2.34E-05,0.000282574,-,,,,NA,,,,,,,
genetic,Manes.11G074000,0.900705736,0.732721344,0.173296364,4.22814033,2.36E-05,0.000284008,+,,,nucleus; DNA-templated transcription; regulation of transcription by RNA polymerase II; cell cycle; regulation of cell cycle,NA,(1 of 3) K04681 - retinoblastoma-like protein 1 (RBL1),GO:0005634 GO:0006351 GO:0006357 GO:0007049 GO:0051726,,K04681,PF01857 PF01858,PTHR13742 PTHR13742:SF17,
genetic,Manes.03G069664,3.417763678,-0.520971804,0.123447176,-4.220200245,2.44E-05,0.000292744,-,,,,NA,,,,,,,
genetic,Manes.14G099700,0.928408805,-0.845881102,0.200490167,-4.219065281,2.45E-05,0.000293551,-,,,malate transport,NA,(1 of 3) PTHR31086//PTHR31086:SF20 - FAMILY NOT NAMED // ALUMINUM-ACTIVATED MALATE TRANSPORTER 4-RELATED,GO:0015743,,,PF11744,PTHR31086 PTHR31086:SF20,Aluminium activated malate transporter family protein
genetic,Manes.03G083500,5.578617993,0.531890199,0.126554012,4.202871094,2.64E-05,0.000311594,+,PWY-695,abscisic acid biosynthesis,,carot,(1 of 6) K09840 - 9-cis-epoxycarotenoid dioxygenase (NCED),,,K09840,PF03055,PTHR10543 PTHR10543:SF26,nine-cis-epoxycarotenoid dioxygenase 3
genetic,Manes.04G126400,58.32890658,0.515091832,0.122633288,4.200261134,2.67E-05,0.00031448,+,,,protein kinase activity; protein tyrosine kinase activity; ATP binding; protein phosphorylation,NA,(1 of 1569) 2.7.11.1 - Non-specific serine/threonine protein kinase / Threonine-specific protein kinase,GO:0004672 GO:0004713 GO:0005524 GO:0006468,KOG1187,,PF00069,PTHR27001,
genetic,Manes.17G001900,11.59603674,-0.584337463,0.139138067,-4.199695134,2.67E-05,0.000314903,-,,,hydrolase activity,NA,(1 of 4) PTHR21562:SF4 - PECTINACETYLESTERASE FAMILY PROTEIN,GO:0016787,,,PF03283,PTHR21562 PTHR21562:SF4,Pectinacetylesterase family protein
genetic,Manes.14G066800,6.069447632,-1.065564549,0.254595407,-4.185325107,2.85E-05,0.000331866,-,PWY-6440,spermine and spermidine degradation II,oxidoreductase activity,NA,"(1 of 2) 1.5.3.15 - N(8)-acetylspermidine oxidase (propane-1,3-diamine-forming)",GO:0016491 GO:0055114,KOG0029,K13366,PF13450,PTHR10742 PTHR10742:SF288,
genetic,Manes.01G128050,5.920901669,-0.561762127,0.134390635,-4.180069001,2.91E-05,0.000338665,-,PWY-2902,cytokinin-<i>O</i>-glucosides biosynthesis,metabolic process; hexosyltransferase activity,NA,(1 of 19) 2.4.1.203 - Trans-zeatin O-beta-D-glucosyltransferase / Zeatin O-glucosyltransferase,GO:0008152 GO:0016758,,,PF00201,PTHR11926 PTHR11926:SF162,
genetic,Manes.02G009900,1.970996203,0.628721025,0.150766835,4.170154709,3.04E-05,0.000351739,+,,,,NA,,,,,,PTHR35704 PTHR35704:SF1,
genetic,Manes.01G186300,3.879806894,-0.668742953,0.160378683,-4.169774562,3.05E-05,0.000352127,-,,,,NA,(1 of 3) PTHR33781:SF4 - PROTEIN PHYTOCHROME KINASE SUBSTRATE 1-RELATED,,,,,PTHR33781 PTHR33781:SF4,phytochrome kinase substrate 1
genetic,Manes.18G139820,46.23194164,0.656497739,0.157919262,4.157173284,3.22E-05,0.000369402,+,,,,NA,(1 of 3) PTHR11527//PTHR11527:SF170 - SMALL HEAT-SHOCK PROTEIN  HSP20  FAMILY // SUBFAMILY NOT NAMED,,KOG0710,K13993,PF00011,PTHR11527 PTHR11527:SF170,
genetic,Manes.03G090703,28.51199773,-1.223799973,0.295680904,-4.13892124,3.49E-05,0.000394734,-,,,DNA binding; protein dimerization activity,NA,(1 of 24) PTHR23272//PTHR23272:SF12 - BED FINGER-RELATED // SUBFAMILY NOT NAMED,GO:0003677 GO:0046983,KOG1121,,PF02892 PF05699 PF14372,PTHR23272 PTHR23272:SF12,
genetic,Manes.04G127400,2.254263822,-0.849734437,0.205717983,-4.130579264,3.62E-05,0.000406187,-,,,protein kinase activity; protein tyrosine kinase activity; ATP binding; protein phosphorylation,NA,(1 of 26) K04730 - interleukin-1 receptor-associated kinase 1 (IRAK1),GO:0004672 GO:0004713 GO:0005524 GO:0006468,KOG1187,K04730,PF00069 PF07714,PTHR27001,
genetic,Manes.13G056600,5.606007676,-0.61722304,0.149443868,-4.130132921,3.63E-05,0.00040653,-,,,metabolic process; hexosyltransferase activity,NA,(1 of 5) PTHR11926//PTHR11926:SF396 - GLUCOSYL/GLUCURONOSYL TRANSFERASES // UDP-GLYCOSYLTRANSFERASE 75B2,GO:0008152 GO:0016758,KOG1192,K13691,PF00201,PTHR11926 PTHR11926:SF396,UDP-Glycosyltransferase superfamily protein
genetic,Manes.02G085100,4.105927838,-0.507993943,0.123136512,-4.125453418,3.70E-05,0.000413071,-,,,DNA-binding transcription factor activity; regulation of DNA-templated transcription; sequence-specific DNA binding,NA,(1 of 2) PTHR31221//PTHR31221:SF37 - FAMILY NOT NAMED // WRKY TRANSCRIPTION FACTOR 71-RELATED,GO:0003700 GO:0006355 GO:0043565,,,PF03106,PTHR31221 PTHR31221:SF37,
genetic,Manes.10G113400,9.22291945,-0.515440894,0.124938195,-4.125566995,3.70E-05,0.000413071,-,PWY-6842,glutathione-mediated detoxification II,protein binding,NA,"(1 of 5) PTHR11260//PTHR11260:SF327 - GLUTATHIONE S-TRANSFERASE, GST, SUPERFAMILY, GST DOMAIN CONTAINING // SUBFAMILY NOT NAMED",GO:0005515,KOG0406,K00799,PF00043 PF02798,PTHR11260 PTHR11260:SF327,
genetic,Manes.09G163300,2.171334027,-0.503052687,0.12224645,-4.115069906,3.87E-05,0.000428833,-,,,monoatomic cation transport; sodium ion transport; regulation of pH; sodium:proton antiporter activity; transmembrane transport,NA,(1 of 1) PTHR10110//PTHR10110:SF107 - SODIUM/HYDROGEN EXCHANGER // SUBFAMILY NOT NAMED,GO:0006812 GO:0006814 GO:0006885 GO:0015299 GO:0015385 GO:0016021 GO:0055085,KOG1965,K14724,PF00999,PTHR10110 PTHR10110:SF107,
genetic,Manes.11G140800,4.441412904,-0.530032585,0.129486962,-4.093327838,4.25E-05,0.000462832,-,,,,NA,(1 of 56) PF03195 - Protein of unknown function DUF260 (DUF260),,,,PF03195,PTHR31301 PTHR31301:SF6,LOB domain-containing protein 11
genetic,Manes.04G143000,14.92316402,-0.58388735,0.143655218,-4.064504988,4.81E-05,0.000514324,-,,,,NA,(1 of 2) PTHR22870//PTHR22870:SF166 - REGULATOR OF CHROMOSOME CONDENSATION // PROTEIN RCC2,,,,PF08381 PF13713,PTHR22870 PTHR22870:SF166,DZC (Disease resistance/zinc finger/chromosome condensation-like region) domain containing protein
genetic,Manes.03G078000,0.896174146,-0.667455282,0.164804246,-4.04998839,5.12E-05,0.000542746,-,,,protein binding; zinc ion binding,NA,(1 of 1) K11380 - NuA3 HAT complex component NTO1 (NTO1),GO:0005515 GO:0008270,,K11380,PF00628 PF13771,PTHR13793,RING/FYVE/PHD zinc finger superfamily protein
genetic,Manes.15G078400,8.846459915,0.508369516,0.125527356,4.049870328,5.12E-05,0.000542746,+,,,,NA,(1 of 79) PF03514 - GRAS domain family (GRAS),,,,PF03514,PTHR31636 PTHR31636:SF18,
genetic,Manes.11G034200,3.011358559,-0.588641184,0.146053554,-4.030310591,5.57E-05,0.000582702,-,,,ATP binding; membrane; ATP hydrolysis activity,NA,(1 of 3) PTHR19241:SF246 - ABC TRANSPORTER G FAMILY MEMBER 29,GO:0005524 GO:0016020 GO:0016887,,,PF00005 PF01061 PF08370 PF14510,PTHR19241 PTHR19241:SF246,ABC-2 and Plant PDR ABC-type transporter family protein
genetic,Manes.06G040400,2.385562607,-0.526373276,0.130997454,-4.018194712,5.86E-05,0.000606844,-,,,DNA binding; DNA helicase activity; chromatin binding; DNA replication origin binding; ATP binding; nucleus; DNA replication; DNA replication initiation; MCM complex,NA,"(1 of 1) K02209 - DNA replication licensing factor MCM5 (MCM5, CDC46)",GO:0003677 GO:0003678 GO:0003682 GO:0003688 GO:0005524 GO:0005634 GO:0006260 GO:0006270 GO:0042555,,K02209,PF00493 PF14551,PTHR11630 PTHR11630:SF42,Minichromosome maintenance (MCM2/3/5) family protein
genetic,Manes.12G141000,1.65680187,-0.574136558,0.143308521,-4.006297427,6.17E-05,0.000630987,-,PWY-4203; PWY-5835; PWY-6801,volatile benzenoid biosynthesis I (ester formation); geranyl acetate biosynthesis; volatile esters biosynthesis (during fruit ripening),"acyltransferase activity, transferring groups other than amino-acyl groups",NA,(1 of 3) PTHR31642:SF6 - HXXXD-TYPE ACYL-TRANSFERASE-RELATED,GO:0016747,,,PF02458,PTHR31642 PTHR31642:SF6,HXXXD-type acyl-transferase family protein
genetic,Manes.16G001000,55.59986145,0.5251598,0.131982692,3.979005066,6.92E-05,0.000696818,+,,,,NA,(1 of 1) PTHR31579:SF15 - F2401.16,,,,PF04720,PTHR31579 PTHR31579:SF15,Protein of unknown function (DUF506)
genetic,Manes.08G007200,8.201200835,-0.707414786,0.178690271,-3.958888086,7.53E-05,0.000748962,-,,,,NA,"(1 of 1) PTHR33083//PTHR33083:SF10 - FAMILY NOT NAMED // ARABIDOPSIS THALIANA GENOMIC DNA, CHROMOSOME 5, P1 CLONE:MOK16",,,,PF04520,PTHR33083 PTHR33083:SF10,
genetic,Manes.08G073101,2.891464647,0.584551451,0.147752961,3.956275707,7.61E-05,0.000756459,+,,,protein kinase activity; protein serine/threonine kinase activity; protein tyrosine kinase activity; ATP binding; protein phosphorylation,NA,(1 of 15) PF00069//PF01453 - Protein kinase domain (Pkinase) // D-mannose binding lectin (B_lectin),GO:0004672 GO:0004674 GO:0004713 GO:0005524 GO:0006468,KOG1187,,PF00069 PF01453,PTHR27002 PTHR27002:SF64,receptor-like protein kinase 1
genetic,Manes.04G126450,78.9673788,-0.563430072,0.142601458,-3.951082137,7.78E-05,0.000770818,-,,,protein kinase activity; protein tyrosine kinase activity; ATP binding; protein phosphorylation,NA,(1 of 10) PTHR27001//PTHR27001:SF89 - FAMILY NOT NAMED // PROLINE-RICH RECEPTOR-LIKE PROTEIN KINASE PERK1-RELATED,GO:0004672 GO:0004713 GO:0005524 GO:0006468,KOG1187,,PF00069,PTHR27001 PTHR27001:SF89,
genetic,Manes.01G055708,7.763506577,-0.665252386,0.168444145,-3.94939454,7.83E-05,0.000774206,-,,,intracellular protein transport; endoplasmic reticulum to Golgi vesicle-mediated transport; COPII vesicle coat,NA,(1 of 15) PF04811 - Sec23/Sec24 trunk domain (Sec23_trunk),GO:0006886 GO:0006888 GO:0030127,,,PF04811,PTHR11141,
genetic,Manes.01G045700,9.087295453,0.865865572,0.219485643,3.944975902,7.98E-05,0.000784638,+,,,,NA,(1 of 3) PTHR31429:SF13 - WRKY TRANSCRIPTION FACTOR 18-RELATED,,,,,PTHR31429 PTHR31429:SF13,
genetic,Manes.08G108800,2.606219605,0.657447163,0.166814903,3.941177622,8.11E-05,0.00079602,+,PWY-1081,homogalacturonan degradation,,NA,(1 of 1) PTHR31375:SF13 - PECTIN LYASE-LIKE PROTEIN,,,,PF12708,PTHR31375 PTHR31375:SF13,
genetic,Manes.15G116400,1.714962517,-0.781413106,0.198530997,-3.935975338,8.29E-05,0.000809574,-,,,oxidoreductase activity,NA,"(1 of 2) PTHR10209//PTHR10209:SF176 - OXIDOREDUCTASE, 2OG-FE II  OXYGENASE FAMILY PROTEIN // SUBFAMILY NOT NAMED",GO:0016491 GO:0055114,KOG0143,,PF03171 PF14226,PTHR10209 PTHR10209:SF176,
genetic,Manes.03G025900,1.602864109,-0.599894861,0.15268639,-3.928934724,8.53E-05,0.000828099,-,,,,NA,(1 of 2) PTHR33265//PTHR33265:SF8 - FAMILY NOT NAMED // F5F19.20 PROTEIN,,,,PF05553,PTHR33265 PTHR33265:SF8,(1 of 4) PTHR33265:SF8 - F5F19.20 PROTEIN
genetic,Manes.15G161900,8.238066712,0.535190268,0.137223287,3.900141741,9.61E-05,0.000920369,+,PWY-6824; PWY-5466; PWY-7445; PWY-7214,justicidin B biosynthesis; matairesinol biosynthesis; luteolin triglucuronide degradation; baicalein degradation (hydrogen peroxide detoxification),peroxidase activity; response to oxidative stress; heme binding,NA,(1 of 1) PTHR31517:SF7 - PEROXIDASE 55,GO:0004601 GO:0006979 GO:0020037 GO:0055114,,K00430,PF00141,PTHR31517 PTHR31517:SF7,Peroxidase superfamily protein
genetic,Manes.09G079800,2.255911494,-0.594422056,0.153169894,-3.880802169,0.000104113,0.000982003,-,,,,NA,(1 of 2) PTHR12802//PTHR12802:SF52 - SWI/SNF COMPLEX-RELATED // PROTEIN REVEILLE 4-RELATED,,KOG0724,,PF00249,PTHR12802 PTHR12802:SF52,Homeodomain-like superfamily protein
genetic,Manes.18G033200,1.16935688,-0.777236672,0.201254609,-3.861957123,0.000112482,0.001050761,-,,,lipid metabolic process,NA,(1 of 13) 3.1.1.26 - Galactolipase,GO:0006629,KOG0513,,PF01734,PTHR32176,phospholipase A 2A
genetic,Manes.07G102804,0.928359855,-0.556556115,0.144959734,-3.839384216,0.000123343,0.001141201,-,,,,NA,,,,,,,
genetic,Manes.12G073700,8.512846901,0.57830266,0.150922216,3.831792793,0.000127213,0.001170702,+,,,copper ion binding; oxidoreductase activity,NA,(1 of 1) PTHR11709//PTHR11709:SF106 - MULTI-COPPER OXIDASE // SUBFAMILY NOT NAMED,GO:0005507 GO:0016491 GO:0055114,,,PF00394 PF07731 PF07732,PTHR11709 PTHR11709:SF106,
genetic,Manes.06G041100,5.640572053,-0.552157122,0.144918065,-3.810133133,0.000138892,0.001261139,-,,,,NA,(1 of 2) PTHR35121//PTHR35121:SF2 - FAMILY NOT NAMED // GB|AAD20160.1,,,,,PTHR35121 PTHR35121:SF2,
genetic,Manes.16G065800,57.095332,-0.847511299,0.223181629,-3.797406182,0.000146218,0.001315383,-,PWY-5032; PWY-6887; PWY-5053,<i>ent</i>-kaurene biosynthesis I; kauralexin biosynthesis; superpathway of gibberellin GA<sub>12</sub> biosynthesis,magnesium ion binding; metabolic process; terpene synthase activity; lyase activity,NA,(1 of 16) 4.2.3.19 - Ent-kaurene synthase / Ent-kaurene synthetase B,GO:0000287 GO:0008152 GO:0010333 GO:0016829,,,PF01397 PF03936,PTHR31739 PTHR31739:SF3,
genetic,Manes.15G116100,1.937852188,0.552540707,0.146133541,3.781066978,0.000156158,0.001389027,+,,,,NA,(1 of 13) PF04520 - Senescence regulator (Senescence_reg),,,,PF04520,PTHR33083 PTHR33083:SF7,"Protein of unknown function, DUF584"
genetic,Manes.01G160700,3.088392775,-0.511435397,0.135327545,-3.779240929,0.000157307,0.001397298,-,,,"lipid metabolic process; oxidoreductase activity, acting on paired donors, with oxidation of a pair of donors resulting in the reduction of molecular oxygen to two molecules of water",NA,"(1 of 5) K10257 - omega-3 fatty acid desaturase (delta-15 desaturase) (FAD8, desB)",GO:0006629 GO:0016717 GO:0055114,,K10257,PF00487 PF11960,PTHR32100 PTHR32100:SF20,
genetic,Manes.12G097502,58.01535208,-1.003036393,0.26586617,-3.772711637,0.000161483,0.001426944,-,,,translation elongation factor activity; eukaryotic translation elongation factor 1 complex; translational elongation,NA,(1 of 2) PTHR11595//PTHR11595:SF24 - ELONGATION FACTOR 1-BETA // ELONGATION FACTOR 1-BETA 1-RELATED,GO:0003746 GO:0005853 GO:0006414,,,PF00736,PTHR11595 PTHR11595:SF24,
genetic,Manes.10G113100,1.407872992,-0.679812368,0.180327777,-3.769870511,0.000163332,0.001436452,-,,,"monooxygenase activity; iron ion binding; oxidoreductase activity, acting on paired donors, with incorporation or reduction of molecular oxygen; heme binding",NA,(1 of 138) KOG0156 - Cytochrome P450 CYP2 subfamily,GO:0004497 GO:0005506 GO:0016705 GO:0020037 GO:0055114,KOG0156,,PF00067,PTHR24298 PTHR24298:SF119,
genetic,Manes.09G056950,0.735097003,-0.919315491,0.244190402,-3.764748671,0.000166717,0.001461185,-,,,,NA,,,,,,PTHR33648 PTHR33648:SF2,
genetic,Manes.03G021100,1.73207397,0.598303142,0.159681476,3.746853772,0.000179066,0.001549482,+,,,membrane; transmembrane transporter activity; transmembrane transport,NA,(1 of 32) PF00083 - Sugar (and other) transporter (Sugar_tr),GO:0016020 GO:0016021 GO:0022857 GO:0022891 GO:0055085,KOG0254,,PF00083,PTHR23500 PTHR23500:SF170,
genetic,Manes.16G019100,1.033261251,-0.680887144,0.181874289,-3.74372401,0.000181313,0.001562962,-,,,protein kinase activity; protein serine/threonine kinase activity; protein tyrosine kinase activity; protein binding; ATP binding; protein phosphorylation; recognition of pollen,NA,(1 of 3) PTHR27002:SF93 - RECEPTOR-LIKE SERINE/THREONINE-PROTEIN KINASE SD1-6-RELATED,GO:0004672 GO:0004674 GO:0004713 GO:0005515 GO:0005524 GO:0006468 GO:0048544,KOG1187,,PF00954 PF01453 PF07714 PF08276 PF11883 PF12398,PTHR27002 PTHR27002:SF93,receptor kinase 3
genetic,Manes.14G087600,4.590410855,-0.634953869,0.169808545,-3.739233901,0.000184582,0.00158579,-,,,"monooxygenase activity; iron ion binding; oxidoreductase activity, acting on paired donors, with incorporation or reduction of molecular oxygen; heme binding",NA,(1 of 2) PTHR24298//PTHR24298:SF112 - FAMILY NOT NAMED // CYTOCHROME P450 78A5-RELATED,GO:0004497 GO:0005506 GO:0016705 GO:0020037 GO:0055114,KOG0156,,PF00067,PTHR24298 PTHR24298:SF112,"cytochrome P450, family 78, subfamily A, polypeptide 10"
genetic,Manes.12G012850,1.754482778,0.724200312,0.193824949,3.736362712,0.000186701,0.00159929,+,,,GTPase activity; GTP binding,NA,(1 of 2) PTHR32120:SF2 - MINICHROMOSOME MAINTENANCE (MCM2/3/5) FAMILY PROTEIN,GO:0003924 GO:0005525,,,PF03193,PTHR32120 PTHR32120:SF2,Minichromosome maintenance (MCM2/3/5) family protein
genetic,Manes.09G081709,6.671700841,-0.535308248,0.143363301,-3.733928041,0.000188516,0.001610113,-,,,"monooxygenase activity; iron ion binding; oxidoreductase activity, acting on paired donors, with incorporation or reduction of molecular oxygen; heme binding",NA,(1 of 27) 1.14.13.121 - Premnaspirodiene oxygenase / Hyoscymus muticus premnaspirodiene oxygenase,GO:0004497 GO:0005506 GO:0016705 GO:0020037 GO:0055114,KOG0156,,PF00067,PTHR24298 PTHR24298:SF178,
genetic,Manes.09G058632,1.460571883,-0.932296572,0.249782821,-3.732428707,0.000189642,0.00161626,-,,,ATP binding; membrane; ATP hydrolysis activity,NA,(1 of 4) PTHR19241//PTHR19241:SF261 - ATP-BINDING CASSETTE TRANSPORTER // SUBFAMILY NOT NAMED,GO:0005524 GO:0016020 GO:0016887,,,PF00005 PF01061 PF08370 PF14510,PTHR19241 PTHR19241:SF261,pleiotropic drug resistance 11
genetic,Manes.16G117300,34.51469223,-0.501593128,0.134652252,-3.725100173,0.000195238,0.001655752,-,PWY-2724; PWY66-21; PWY66-389,alkane oxidation; ethanol degradation II; phytol degradation,metabolic process; oxidoreductase activity,NA,(1 of 2) K12355 - coniferyl-aldehyde dehydrogenase (REF1),GO:0008152 GO:0016491 GO:0055114,,K12355,PF00171,PTHR11699 PTHR11699:SF182,aldehyde dehydrogenase 2C4
genetic,Manes.18G032700,2.341401263,-0.591189904,0.159237938,-3.712619685,0.000205125,0.001731696,-,,,,NA,,,,,,PTHR36324,
genetic,Manes.18G078225,3.044874951,-0.725306189,0.195872556,-3.702949538,0.000213107,0.001785691,-,,,protein binding,NA,(1 of 63) PF00651 - BTB/POZ domain (BTB),GO:0005515,,,PF00651,PTHR24413 PTHR24413:SF85,
genetic,Manes.03G047500,1.650422699,-0.840738261,0.227682826,-3.692585324,0.000221986,0.001839826,-,,,,NA,(1 of 2) PTHR31213//PTHR31213:SF7 - FAMILY NOT NAMED // ABSCISIC ACID RECEPTOR PYL2-RELATED,,,K14496,PF10604,PTHR31213 PTHR31213:SF7,PYR1-like 2
genetic,Manes.02G184800,6.561146897,0.648543354,0.175664351,3.691946328,0.000222544,0.001842213,+,PWY-6824; PWY-5466; PWY-7445; PWY-7214,justicidin B biosynthesis; matairesinol biosynthesis; luteolin triglucuronide degradation; baicalein degradation (hydrogen peroxide detoxification),peroxidase activity; response to oxidative stress; heme binding,NA,(1 of 109) 1.11.1.7 - Peroxidase / Lactoperoxidase,GO:0004601 GO:0006979 GO:0020037 GO:0055114,,,PF00141,PTHR31235,
genetic,Manes.02G187200,2.255314954,-0.794731747,0.21531677,-3.690988608,0.000223384,0.001846422,-,PWY-6824; PWY-5466,justicidin B biosynthesis; matairesinol biosynthesis,copper ion binding; oxidoreductase activity; lignin catabolic process; apoplast; hydroquinone:oxygen oxidoreductase activity,NA,(1 of 2) PTHR11709//PTHR11709:SF118 - MULTI-COPPER OXIDASE // SUBFAMILY NOT NAMED,GO:0005507 GO:0016491 GO:0046274 GO:0048046 GO:0052716 GO:0055114,,K05909,PF00394 PF07731 PF07732,PTHR11709 PTHR11709:SF118,
genetic,Manes.14G127200,1.135301017,-0.645012519,0.175291227,-3.679662289,0.000233543,0.00191464,-,,,"monooxygenase activity; iron ion binding; oxidoreductase activity, acting on paired donors, with incorporation or reduction of molecular oxygen; heme binding",NA,(1 of 134) KOG0157 - Cytochrome P450 CYP4/CYP19/CYP26 subfamilies,GO:0004497 GO:0005506 GO:0016705 GO:0020037 GO:0055114,KOG0157,,PF00067,PTHR24286 PTHR24286:SF88,
genetic,Manes.02G224450,2.183545481,0.750025183,0.204173578,3.673468374,0.00023928,0.001949161,+,,,,NA,,,,,,,
genetic,Manes.08G169200,9.293688728,-0.550748185,0.151236268,-3.641640934,0.000270906,0.002169582,-,PWY-5083; PWY-6348,NAD/NADH phosphorylation and dephosphorylation; phosphate acquisition,acid phosphatase activity,NA,"(1 of 2) PTHR31284:SF9 - HAD SUPERFAMILY, SUBFAMILY IIIB ACID PHOSPHATASE",GO:0003993,,,PF03767,PTHR31284 PTHR31284:SF9,"HAD superfamily, subfamily IIIB acid phosphatase"
genetic,Manes.12G114300,0.217120873,-1.200219484,0.331659409,-3.618831398,0.000295936,0.002341588,-,,,"monooxygenase activity; iron ion binding; oxidoreductase activity, acting on paired donors, with incorporation or reduction of molecular oxygen; heme binding",NA,(1 of 366) PF00067 - Cytochrome P450 (p450),GO:0004497 GO:0005506 GO:0016705 GO:0020037 GO:0055114,,,PF00067,PTHR24298 PTHR24298:SF116,
genetic,Manes.01G157500,0.67864695,-0.807901566,0.224324627,-3.601484055,0.000316406,0.002477477,-,PWY-922; PWY-5910,mevalonate pathway I; superpathway of geranylgeranyldiphosphate biosynthesis I (via mevalonate),hydroxymethylglutaryl-CoA reductase (NADPH) activity; isoprenoid biosynthetic process; coenzyme A metabolic process; NADP binding,carot,(1 of 5) 1.1.1.34 - Hydroxymethylglutaryl-CoA reductase (NADPH) / HMG-CoA reductase,GO:0004420 GO:0008299 GO:0015936 GO:0016021 GO:0050661 GO:0050662 GO:0055114,,K00021,PF00368,PTHR10572 PTHR10572:SF9,
genetic,Manes.08G001500,2.18135373,-0.627744573,0.174978041,-3.587562004,0.000333784,0.002582058,-,,,DNA-binding transcription factor activity; regulation of DNA-templated transcription; sequence-specific DNA binding,NA,(1 of 102) PF03106 - WRKY DNA -binding domain (WRKY),GO:0003700 GO:0006355 GO:0043565,,,PF03106,PTHR31221 PTHR31221:SF27,WRKY family transcription factor family protein
genetic,Manes.05G167000,21.989286,-0.533289243,0.148903309,-3.581446565,0.000341697,0.002628337,-,,,"monooxygenase activity; iron ion binding; oxidoreductase activity, acting on paired donors, with incorporation or reduction of molecular oxygen; heme binding",NA,(1 of 138) KOG0156 - Cytochrome P450 CYP2 subfamily,GO:0004497 GO:0005506 GO:0016705 GO:0020037 GO:0055114,KOG0156,,PF00067,PTHR24298 PTHR24298:SF102,
genetic,Manes.16G011900,646.6332166,-0.52461427,0.146526043,-3.580348306,0.000343137,0.002635443,-,,,translation initiation factor activity; translational initiation,NA,"(1 of 5) K03113 - translation initiation factor 1 (EIF1, SUI1)",GO:0003743 GO:0006413,KOG1770,K03113,PF01253,PTHR10388 PTHR10388:SF14,Translation initiation factor SUI1 family protein
genetic,Manes.14G143500,3.272840114,0.510068711,0.142524614,3.578811384,0.00034516,0.002645022,+,,,,NA,(1 of 3) PTHR19375//PTHR19375:SF229 - HEAT SHOCK PROTEIN 70KDA // HEAT SHOCK 70 KDA PROTEIN 5,,,K03283,PF00012,PTHR19375 PTHR19375:SF229,
genetic,Manes.04G154450,4.37501034,-0.631996921,0.177340297,-3.563752456,0.000365591,0.002762211,-,,,,NA,,,,,,,
genetic,Manes.14G011000,1.249988313,-0.800486047,0.224977855,-3.55806596,0.000373596,0.002809185,-,,,,NA,(1 of 2) PTHR10641:SF462 - F3O9.29 PROTEIN-RELATED,,,K09422,PF00249,PTHR10641 PTHR10641:SF462,myb domain protein 63
genetic,Manes.16G056000,1.010485103,-0.720803547,0.202761149,-3.554939151,0.000378067,0.002835499,-,PHOTOALL-PWY; PWY-101,oxygenic photosynthesis; photosynthesis light reactions,photosystem I; photosystem I reaction center; photosynthesis,NA,(1 of 1) K02694 - photosystem I subunit III (psaF),GO:0009522 GO:0009538 GO:0015979,,K02694,PF02507,PTHR34939 PTHR34939:SF1,photosystem I subunit F
genetic,Manes.16G014901,0.750805858,-0.725162035,0.205429827,-3.529974418,0.0004156,0.00306856,-,,,protein kinase activity; protein serine/threonine kinase activity; protein tyrosine kinase activity; ATP binding; protein phosphorylation,NA,(1 of 2) PF01657//PF07714//PF11883 - Salt stress response/antifungal (Stress-antifung) // Protein tyrosine kinase (Pkinase_Tyr) // Domain of unknown function (DUF3403) (DUF3403),GO:0004672 GO:0004674 GO:0004713 GO:0005524 GO:0006468,KOG1187,,PF01657 PF07714 PF11883,PTHR27002,
genetic,Manes.11G124101,0.619869497,-0.600682255,0.170626105,-3.520459274,0.0004308,0.003157964,-,,,double-stranded DNA binding; mitochondrion; regulation of DNA-templated transcription,NA,(1 of 11) PTHR13068//PTHR13068:SF31 - CGI-12 PROTEIN-RELATED // F19K23.4 PROTEIN-RELATED,GO:0003690 GO:0005739 GO:0006355,,,PF02536,PTHR13068 PTHR13068:SF31,
genetic,Manes.09G143800,0.861213574,0.525709174,0.150502042,3.493036809,0.000477561,0.003429372,+,,,DNA binding; regulation of DNA-templated transcription,NA,(1 of 2) PTHR31744:SF10 - NAC DOMAIN CONTAINING PROTEIN 87,GO:0003677 GO:0006355,,,PF02365,PTHR31744 PTHR31744:SF10,Arabidopsis NAC domain containing protein 87
genetic,Manes.04G126501,1.740865797,-0.6169251,0.177428473,-3.477035511,0.000506991,0.003601467,-,,,protein kinase activity; protein tyrosine kinase activity; ATP binding; protein phosphorylation,NA,(1 of 2) KOG0984//KOG1187//KOG2345 - Mitogen-activated protein kinase (MAPK) kinase MKK3/MKK6 // Serine/threonine protein kinase // Serine/threonine protein kinase/TGF-beta stimulated factor,GO:0004672 GO:0004713 GO:0005524 GO:0006468,KOG1187,,PF00069,PTHR27001,
genetic,Manes.01G102700,1.776968126,-0.546962533,0.157713593,-3.468074768,0.000524201,0.003696733,-,,,,NA,(1 of 4) PTHR13593:SF46 - F21F23.12 PROTEIN,,,,,PTHR13593 PTHR13593:SF46,PLC-like phosphodiesterases superfamily protein
genetic,Manes.08G137900,1.084399534,-0.649025734,0.187162583,-3.467710923,0.000524912,0.003700464,-,,,,NA,,,,,,,
genetic,Manes.09G070538,0.82138514,-0.813680153,0.23468884,-3.467059413,0.000526186,0.003703857,-,PWY-7267; PWY-5125; PWY-5153,anthocyanin biosynthesis (pelargonidin 3-<i>O</i>-glucoside); anthocyanin biosynthesis; anthocyanin biosynthesis (delphinidin 3-O-glucoside),metabolic process; hexosyltransferase activity,NA,(1 of 4) PTHR11926//PTHR11926:SF242 - GLUCOSYL/GLUCURONOSYL TRANSFERASES // UDP-GLYCOSYLTRANSFERASE 71B2-RELATED,GO:0008152 GO:0016758,KOG1192,,PF00201,PTHR11926 PTHR11926:SF242,UDP-Glycosyltransferase superfamily protein
genetic,Manes.02G145300,26.69382242,-0.518508487,0.149592044,-3.466150171,0.000527968,0.003713044,-,,,DNA binding; DNA-binding transcription factor activity; nucleus; regulation of DNA-templated transcription; protein dimerization activity,NA,(1 of 5) PTHR11945:SF179 - MADS-BOX PROTEIN SVP,GO:0003677 GO:0003700 GO:0005634 GO:0006355 GO:0046983,KOG0014,,PF00319 PF01486,PTHR11945 PTHR11945:SF179,
genetic,Manes.02G142000,1.994684473,-0.635774133,0.183742702,-3.460132711,0.000539909,0.003780105,-,,,xenobiotic transmembrane transport; antiporter activity; membrane; transmembrane transport,NA,(1 of 2) PTHR11206:SF85 - PROTEIN TRANSPARENT TESTA 12,GO:0006855 GO:0015238 GO:0015297 GO:0016020 GO:0055085,KOG1347,K03327,PF01554,PTHR11206 PTHR11206:SF85,MATE efflux family protein
genetic,Manes.13G098300,2.712824969,-0.517048644,0.149525188,-3.457936762,0.000544329,0.003802453,-,,,,NA,(1 of 4) PTHR31948:SF20 - ZINC-FINGER HOMEODOMAIN PROTEIN 1,,,,PF04770,PTHR31948 PTHR31948:SF20,homeobox protein 22
genetic,Manes.04G126900,2.53888765,-0.519729085,0.150687071,-3.449062231,0.000562537,0.003899773,-,,,protein kinase activity; protein tyrosine kinase activity; ATP binding; protein phosphorylation,NA,(1 of 6) KOG0984 - Mitogen-activated protein kinase (MAPK) kinase MKK3/MKK6,GO:0004672 GO:0004713 GO:0005524 GO:0006468,KOG0984,,PF00069,PTHR27001,
genetic,Manes.11G041375,1.699475118,-0.586296932,0.171625704,-3.416137079,0.000635163,0.004313954,-,,,protein kinase activity; protein tyrosine kinase activity; ATP binding; protein phosphorylation,NA,(1 of 1569) 2.7.11.1 - Non-specific serine/threonine protein kinase / Threonine-specific protein kinase,GO:0004672 GO:0004713 GO:0005524 GO:0006468,,,PF00069,PTHR27001,
genetic,Manes.04G120100,1.223726031,0.751573762,0.220799032,3.4038816,0.000664355,0.004480945,+,,,oxidoreductase activity,NA,"(1 of 9) PTHR10209//PTHR10209:SF211 - OXIDOREDUCTASE, 2OG-FE II  OXYGENASE FAMILY PROTEIN // 2-OXOGLUTARATE (2OG) AND FE(II)-DEPENDENT OXYGENASE SUPERFAMILY PROTEIN-RELATED",GO:0016491 GO:0055114,KOG0143,,PF03171 PF14226,PTHR10209 PTHR10209:SF211,2-oxoglutarate (2OG) and Fe(II)-dependent oxygenase superfamily protein
genetic,Manes.01G174900,0.987853112,-0.588031184,0.173340789,-3.392341685,0.00069298,0.004632714,-,,,protein kinase activity; protein tyrosine kinase activity; ATP binding; protein phosphorylation,NA,(1 of 52) K04733 - interleukin-1 receptor-associated kinase 4 (IRAK4),GO:0004672 GO:0004713 GO:0005524 GO:0006468,KOG1187,K04733,PF07714,PTHR27001 PTHR27001:SF99,
genetic,Manes.03G098700,0.716949942,-0.513841398,0.153395028,-3.349791731,0.000808723,0.005250149,-,,,,NA,(1 of 4) PTHR10641//PTHR10641:SF455 - MYB-LIKE DNA-BINDING PROTEIN MYB // SUBFAMILY NOT NAMED,,KOG0048,K09422,PF00249,PTHR10641 PTHR10641:SF455,myb domain protein 5
genetic,Manes.05G065500,2.124648628,0.509532046,0.152749418,3.335738045,0.000850733,0.005450132,+,,,metal ion binding,NA,(1 of 1) PTHR10593//PTHR10593:SF34 - SERINE/THREONINE-PROTEIN KINASE RIO // SUBFAMILY NOT NAMED,GO:0046872,,,,PTHR10593 PTHR10593:SF34,
genetic,Manes.11G039800,1.092479012,-0.501411537,0.150386791,-3.334146137,0.000855617,0.005471128,-,,,protein kinase activity; protein tyrosine kinase activity; ATP binding; protein phosphorylation; cell redox homeostasis,NA,(1 of 2) PF00069//PF00085//PF07714 - Protein kinase domain (Pkinase) // Thioredoxin (Thioredoxin) // Protein tyrosine kinase (Pkinase_Tyr),GO:0004672 GO:0004713 GO:0005524 GO:0006468 GO:0045454,KOG1187,,PF00069 PF00085 PF07714,PTHR27001,
genetic,Manes.10G022200,0.455878763,-0.976378482,0.292891356,-3.33358586,0.000857342,0.005475304,-,,,zinc ion binding,NA,(1 of 2) PTHR24209//PTHR24209:SF7 - FAMILY NOT NAMED // PROTEIN DA1-RELATED 2,GO:0008270,KOG1703,,PF00412 PF12315,PTHR24209 PTHR24209:SF7,DA1-related protein 2
genetic,Manes.17G099100,0.535211681,0.660942506,0.198557224,3.328725554,0.000872443,0.005557847,+,,,,NA,(1 of 9) PF05055 - Protein of unknown function (DUF677) (DUF677),,,,PF05055,PTHR31113 PTHR31113:SF3,Protein of unknown function (DUF677)
genetic,Manes.01G190800,1.072805692,-0.612810794,0.18496499,-3.313117762,0.000922621,0.005808675,-,,,transporter activity; transport; membrane,NA,(1 of 5) PTHR11654:SF98 - PROTEIN NRT1/ PTR FAMILY 4.5-RELATED,GO:0005215 GO:0006810 GO:0016020,,K14638,PF00854,PTHR11654 PTHR11654:SF98,nitrate transporter 1:2
genetic,Manes.13G050200,1.717398485,-0.584410476,0.176996046,-3.301827852,0.00096057,0.005997691,-,,,"monooxygenase activity; iron ion binding; oxidoreductase activity, acting on paired donors, with incorporation or reduction of molecular oxygen; heme binding",NA,(1 of 138) KOG0156 - Cytochrome P450 CYP2 subfamily,GO:0004497 GO:0005506 GO:0016705 GO:0020037 GO:0055114,KOG0156,,PF00067,PTHR24298 PTHR24298:SF78,
genetic,Manes.17G075600,0.883921766,-0.706704976,0.214562308,-3.293705131,0.000988762,0.006130622,-,,,,NA,(1 of 1) PTHR10641//PTHR10641:SF507 - MYB-LIKE DNA-BINDING PROTEIN MYB // SUBFAMILY NOT NAMED,,KOG0048,K09422,PF00249,PTHR10641 PTHR10641:SF507,
genetic,Manes.05G187300,2.146227295,-0.660529581,0.203292398,-3.249160257,0.001157462,0.006972933,-,,,protein dimerization activity,NA,(1 of 163) PF00010 - Helix-loop-helix DNA-binding domain (HLH),GO:0046983,,,PF00010,PTHR31945 PTHR31945:SF15,beta HLH protein 93
genetic,Manes.16G014233,22.36385628,-0.627984237,0.194140175,-3.234694918,0.001217728,0.007242555,-,,,protein kinase activity; protein tyrosine kinase activity; ATP binding; protein phosphorylation,NA,(1 of 30) PF01657//PF07714 - Salt stress response/antifungal (Stress-antifung) // Protein tyrosine kinase (Pkinase_Tyr),GO:0004672 GO:0004713 GO:0005524 GO:0006468,KOG1187,,PF01657 PF07714,PTHR27002,
genetic,Manes.04G059624,0.810198344,-0.862305326,0.267113798,-3.228232054,0.001245579,0.007375048,-,,,,NA,"(1 of 2) PTHR10283//PTHR10283:SF103 - SOLUTE CARRIER FAMILY 13 MEMBER // GENOMIC DNA, CHROMOSOME 3, P1 CLONE: MLD14-RELATED",,,,,PTHR10283 PTHR10283:SF103,
genetic,Manes.15G046400,2.709577406,-0.636363733,0.197946385,-3.214828765,0.001305224,0.007649374,-,,,calcium ion binding,NA,(1 of 1) PF00036//PF13202 - EF hand (EF-hand_1) // EF hand (EF-hand_5),GO:0005509,,,PF00036 PF13202,,Calcium-binding EF-hand family protein
genetic,Manes.01G261100,17.69254096,-0.543061657,0.169240068,-3.208824394,0.001332789,0.007784126,-,,,N-acetyltransferase activity,NA,(1 of 1) PTHR10925//PTHR10925:SF5 - N-ACETYLTRANSFERASE 10 // N-ACETYLTRANSFERASE 10,GO:0008080,,K14521,PF05127 PF08351 PF13718 PF13725,PTHR10925 PTHR10925:SF5,
genetic,Manes.07G109400,0.840028208,0.509127351,0.159232003,3.19739337,0.001386757,0.00803049,+,,,,NA,(1 of 4) PTHR21726:SF49 - PHOSPHATIDYLINOSITOL N-ACETYGLUCOSAMINLYTRANSFERASE SUBUNIT P-LIKE PROTEIN,,,,PF14309 PF14383,PTHR21726 PTHR21726:SF49,
genetic,Manes.02G037400,18.34504874,0.576848708,0.180503782,3.195770763,0.001394579,0.008071173,+,,,,NA,(1 of 25) PF14547 - Hydrophobic seed protein (Hydrophob_seed),,,,PF14547,PTHR31731,Bifunctional inhibitor/lipid-transfer protein/seed storage 2S albumin superfamily protein
genetic,Manes.02G093100,1.812170639,-0.508243654,0.159293351,-3.190614373,0.001419706,0.008179526,-,,,"monooxygenase activity; iron ion binding; oxidoreductase activity, acting on paired donors, with incorporation or reduction of molecular oxygen; heme binding",NA,"(1 of 1) K09587 - steroid 22-alpha-hydroxylase (CYP90B1, DWF4)",GO:0004497 GO:0005506 GO:0016705 GO:0020037 GO:0055114,KOG0157,K09587,PF00067,PTHR24286 PTHR24286:SF37,Cytochrome P450 superfamily protein
genetic,Manes.15G192300,1.000054006,-0.874029537,0.27481999,-3.180371034,0.001470866,0.008423126,-,,,"hydrolase activity, hydrolyzing O-glycosyl compounds; cell wall; carbohydrate metabolic process; xyloglucan metabolic process; xyloglucan:xyloglucosyl transferase activity; cell wall biogenesis; apoplast",NA,(1 of 2) PTHR31062//PTHR31062:SF16 - FAMILY NOT NAMED // XYLOGLUCAN ENDOTRANSGLUCOSYLASE/HYDROLASE PROTEIN 29-RELATED,GO:0004553 GO:0005618 GO:0005975 GO:0006073 GO:0010411 GO:0016762 GO:0042546 GO:0048046,,,PF00722 PF06955,PTHR31062 PTHR31062:SF16,xyloglucan endotransglucosylase/hydrolase 30
genetic,Manes.11G015824,0.528756352,-0.795537961,0.253209149,-3.141821551,0.001679003,0.009351701,-,,,"hydrolase activity, acting on ester bonds",NA,(1 of 10) PTHR22835:SF262 - GDSL ESTERASE/LIPASE 5-RELATED,GO:0016788,,,PF00657,PTHR22835 PTHR22835:SF262,
genetic,Manes.04G044000,4.76574651,0.536156142,0.171198881,3.131773626,0.001737538,0.009601183,+,,,intracellular anatomical structure; zinc ion binding,NA,(1 of 2) PTHR31832//PTHR31832:SF8 - FAMILY NOT NAMED // B-BOX TYPE ZINC FINGER-CONTAINING PROTEIN-RELATED,GO:0005622 GO:0008270,,,PF00643,PTHR31832 PTHR31832:SF8,salt tolerance homologue
genetic,Manes.15G108200,0.762670585,0.620662253,0.198291695,3.130046642,0.001747785,0.009642792,+,,,,NA,(1 of 4) PTHR10641//PTHR10641:SF455 - MYB-LIKE DNA-BINDING PROTEIN MYB // SUBFAMILY NOT NAMED,,KOG0048,K09422,PF00249,PTHR10641 PTHR10641:SF455,myb domain protein 5
genetic,Manes.11G120000,1.719184788,-0.666748086,0.213684053,-3.120251968,0.001806964,0.009913071,-,,,,NA,(1 of 6) 1.3.1.3 - Delta(4)-3-oxosteroid 5-beta-reductase / Testosterone 5-beta-reductase,,,,,PTHR32487 PTHR32487:SF5,
genetic,Manes.15G078700,4.536875559,0.542058951,0.174008054,3.115137128,0.001838594,0.010049103,+,,,,NA,(1 of 79) PF03514 - GRAS domain family (GRAS),,,,PF03514,PTHR31636 PTHR31636:SF18,
genetic,Manes.10G127266,1.749052028,-0.617708584,0.198809411,-3.107038952,0.001889715,0.010259601,-,,,protein binding; signal transduction; ADP binding,NA,(1 of 36) PTHR11017//PTHR11017:SF162 - LEUCINE-RICH REPEAT-CONTAINING PROTEIN // SUBFAMILY NOT NAMED,GO:0005515 GO:0007165 GO:0043531,KOG4658,,PF00931 PF13676,PTHR11017 PTHR11017:SF162,
genetic,Manes.S027416,0.834189842,-0.699832205,0.227923386,-3.070471255,0.002137213,0.01129709,-,,,,NA,(1 of 84) PF03732 - Retrotransposon gag protein (Retrotrans_gag),,,,PF03732,,
genetic,Manes.14G074800,0.692000661,-0.763821449,0.249130859,-3.06594475,0.002169834,0.011442878,-,,,mitochondrial outer membrane; transmembrane transport,NA,(1 of 1) PTHR11743//PTHR11743:SF35 - VOLTAGE-DEPENDENT ANION-SELECTIVE CHANNEL // SUBFAMILY NOT NAMED,GO:0005741 GO:0055085,KOG3126,K15040,PF01459,PTHR11743 PTHR11743:SF35,
genetic,Manes.01G041800,2.954116324,0.598189755,0.195945305,3.052840456,0.002266864,0.01186009,+,,,ATP binding; nucleus; DNA-templated transcription; regulation of DNA-templated transcription; developmental process,NA,(1 of 18) PF08879//PF08880 - WRC (WRC) // QLQ (QLQ),GO:0005524 GO:0005634 GO:0006351 GO:0006355 GO:0032502,,,PF08879 PF08880,PTHR31602 PTHR31602:SF11,growth-regulating factor 7
genetic,Manes.11G017475,1.677318714,-0.594623987,0.197506428,-3.010656384,0.002606837,0.013245004,-,,,,NA,,,,,,,
genetic,Manes.07G005350,1.298109076,0.670889506,0.224023759,2.994724793,0.002746926,0.013808979,+,,,,NA,,,,,,,
genetic,Manes.10G133100,2.526247085,0.562364742,0.190581284,2.95078682,0.003169656,0.01550301,+,,,protein kinase activity; protein tyrosine kinase activity; ubiquitin-protein transferase activity; protein binding; ATP binding; protein phosphorylation,NA,(1 of 1) PF00069//PF00240//PF00632//PF14531 - Protein kinase domain (Pkinase) // Ubiquitin family (ubiquitin) // HECT-domain (ubiquitin-transferase) (HECT) // Kinase-like (Kinase-like),GO:0004672 GO:0004713 GO:0004842 GO:0005515 GO:0005524 GO:0006468,KOG0198,K13414,PF00240 PF00632 PF14531,PTHR24361 PTHR24361:SF318,
genetic,Manes.04G114000,1.487764645,-0.680552915,0.232541458,-2.926587463,0.003427031,0.016508901,-,,,DNA-binding transcription factor activity; regulation of DNA-templated transcription,NA,"(1 of 4) PTHR31194//PTHR31194:SF13 - SHN  SHINE , DNA BINDING / TRANSCRIPTION FACTOR // ETHYLENE-RESPONSIVE TRANSCRIPTION FACTOR SHINE 2-RELATED",GO:0003700 GO:0006355,,,PF00847,PTHR31194 PTHR31194:SF13,
genetic,Manes.07G123400,3.868785693,-0.515437172,0.1768832,-2.913997334,0.00356833,0.017052859,-,,,metabolic process; hexosyltransferase activity,NA,(1 of 3) 2.4.1.323 - 7-deoxyloganetic acid glucosyltransferase,GO:0008152 GO:0016758,,,PF00201,PTHR11926 PTHR11926:SF220,
genetic,Manes.12G125600,1.12296227,-0.555203239,0.190963844,-2.907373606,0.003644776,0.017341121,-,,,protein kinase activity; protein tyrosine kinase activity; ubiquitin-protein transferase activity; ATP binding; protein phosphorylation; protein ubiquitination,NA,(1 of 1) PTHR27003:SF81 - U-BOX DOMAIN-CONTAINING PROTEIN 50-RELATED,GO:0004672 GO:0004713 GO:0004842 GO:0005524 GO:0006468 GO:0016567,KOG1187,,PF04564 PF07714,PTHR27003 PTHR27003:SF81,U-box domain-containing protein kinase family protein
genetic,Manes.07G060000,2.955974905,-0.617463256,0.212828447,-2.901225214,0.003717066,0.017611412,-,,,GTP binding; intracellular protein transport; endoplasmic reticulum to Golgi vesicle-mediated transport; COPII vesicle coat,NA,(1 of 1) PF00025//PF04811 - ADP-ribosylation factor family (Arf) // Sec23/Sec24 trunk domain (Sec23_trunk),GO:0005525 GO:0006886 GO:0006888 GO:0030127,,,PF00025 PF04811,PTHR11141,
genetic,Manes.13G071300,0.924697122,-0.691350762,0.238634838,-2.897107427,0.003766208,0.017798664,-,,,protein kinase activity; protein serine/threonine kinase activity; protein tyrosine kinase activity; ATP binding; protein phosphorylation; recognition of pollen,NA,(1 of 28) PF00069//PF00954//PF01453 - Protein kinase domain (Pkinase) // S-locus glycoprotein domain (S_locus_glycop) // D-mannose binding lectin (B_lectin),GO:0004672 GO:0004674 GO:0004713 GO:0005524 GO:0006468 GO:0048544,KOG1187,,PF00069 PF00954 PF01453,PTHR27002 PTHR27002:SF109,
genetic,Manes.17G026594,0.941063211,-0.622075171,0.215148616,-2.891374265,0.00383561,0.018051491,-,,,"iron ion binding; oxidoreductase activity; oxidoreductase activity, acting on paired donors, with incorporation or reduction of molecular oxygen; L-ascorbic acid binding",NA,(1 of 3) PTHR10869:SF55 - OXOGLUTARATE/IRON-DEPENDENT OXYGENASE,GO:0005506 GO:0016491 GO:0016705 GO:0031418 GO:0055114,KOG1591,K00472,PF03171,PTHR10869 PTHR10869:SF55,Oxoglutarate/iron-dependent oxygenase
genetic,Manes.05G083466,0.836131023,-0.574751188,0.199180966,-2.885572848,0.00390702,0.018320042,-,,,,NA,(1 of 6) PF13650 - Aspartyl protease (Asp_protease_2),,,,PF13650,,
genetic,Manes.04G047500,3.173075951,-0.600334413,0.208306543,-2.881975779,0.003951901,0.018500765,-,,,"monooxygenase activity; iron ion binding; oxidoreductase activity, acting on paired donors, with incorporation or reduction of molecular oxygen; heme binding",NA,(1 of 3) K04123 - ent-kaurenoic acid hydroxylase (KAO),GO:0004497 GO:0005506 GO:0016705 GO:0020037 GO:0055114,KOG0157,K04123,PF00067,PTHR24286 PTHR24286:SF67,ent-kaurenoic acid hydroxylase 2
genetic,Manes.03G152100,1.169009768,0.549016888,0.193094852,2.843249741,0.004465606,0.02020149,+,,,,NA,(1 of 44) PF03140 - Plant protein of unknown function (DUF247),,,,PF03140,PTHR31549,
genetic,Manes.10G113200,2.205833924,0.72749388,0.257019443,2.830501349,0.004647512,0.020812946,+,,,"monooxygenase activity; iron ion binding; oxidoreductase activity, acting on paired donors, with incorporation or reduction of molecular oxygen; heme binding",NA,(1 of 138) KOG0156 - Cytochrome P450 CYP2 subfamily,GO:0004497 GO:0005506 GO:0016705 GO:0020037 GO:0055114,KOG0156,,PF00067,PTHR24298 PTHR24298:SF119,
genetic,Manes.05G084600,0.626371171,-0.625952225,0.221210402,-2.829669036,0.004659618,0.020851778,-,LIPASYN-PWY; LIPAS-PWY; PWY-6803,phospholipases; triacylglycerol degradation; phosphatidylcholine acyl editing,lipid metabolic process,NA,(1 of 2) 3.1.1.26//3.1.1.3//3.1.1.32 - Galactolipase // Triacylglycerol lipase / Triglyceride lipase // Phospholipase A(1) / Phospholipase A1,GO:0006629,KOG4569,,PF01764,PTHR31403 PTHR31403:SF7,alpha/beta-Hydrolases superfamily protein
genetic,Manes.05G075400,0.52435939,-0.677741659,0.239719845,-2.827223828,0.00469535,0.0209766,-,,,protein dimerization activity,NA,(1 of 2) PTHR11514:SF28 - TRANSCRIPTION FACTOR TT8,GO:0046983,,,PF00010 PF14215,PTHR11514 PTHR11514:SF28,basic helix-loop-helix (bHLH) DNA-binding superfamily protein
genetic,Manes.10G021525,1.393122038,0.712969188,0.252690478,2.821511886,0.004779787,0.021270103,+,,,serine-type endopeptidase activity; proteolysis,NA,(1 of 7) PTHR10795//PTHR10795:SF348 - PROPROTEIN CONVERTASE SUBTILISIN/KEXIN // SUBFAMILY NOT NAMED,GO:0004252 GO:0006508,,,PF00082 PF05922,PTHR10795 PTHR10795:SF348,
genetic,Manes.08G173400,1.505012172,-0.575847885,0.204291542,-2.818755387,0.004821024,0.021416292,-,,,protein kinase activity; protein tyrosine kinase activity; ATP binding; protein phosphorylation; signal transduction,NA,(1 of 2) PTHR24347//PTHR24347:SF189 - SERINE/THREONINE-PROTEIN KINASE // SUBFAMILY NOT NAMED,GO:0004672 GO:0004713 GO:0005524 GO:0006468 GO:0007165,KOG0583,,PF03822 PF14531,PTHR24347 PTHR24347:SF189,serine/threonine protein kinase 1
genetic,Manes.01G095100,1.276429167,0.643950085,0.230335234,2.795708124,0.005178615,0.022674474,+,PWY-6010,apigenin glycosides biosynthesis,"acyltransferase activity, transferring groups other than amino-acyl groups",NA,(1 of 8) 2.3.1.115 - Isoflavone-7-O-beta-glucoside 6''-O-malonyltransferase / Flavone/flavonol 7-O-beta-D-glucoside malonyltransferase,GO:0016747,,,PF02458,PTHR31625 PTHR31625:SF5,
genetic,Manes.08G042000,1.521636429,-0.532365143,0.191362982,-2.781965132,0.005403084,0.023466202,-,,,,NA,(1 of 2) PTHR21495//PTHR21495:SF71 - NUCLEOPORIN-RELATED // DIRIGENT PROTEIN 1-RELATED,,,,PF03018,PTHR21495 PTHR21495:SF71,
genetic,Manes.15G008400,9.644648,-0.57428254,0.206513505,-2.780847384,0.005421722,0.023528791,-,,,defense response; response to biotic stimulus,NA,(1 of 49) PF00407 - Pathogenesis-related protein Bet v I family (Bet_v_1),GO:0006952 GO:0009607,,,PF00407,PTHR31213 PTHR31213:SF11,
genetic,Manes.14G168900,0.665708383,-0.670835954,0.241351263,-2.779500495,0.005444257,0.02359486,-,,,,NA,(1 of 1) PTHR11903:SF12 - ALPHA-DIOXYGENASE 2,,KOG2408,,PF03098,PTHR11903 PTHR11903:SF12,alpha dioxygenase
genetic,Manes.12G058907,2.882872344,-1.000360997,0.360616839,-2.774027416,0.005536701,0.023899177,-,,,GTPase activity,NA,(1 of 7) K06883 - uncharacterized protein (K06883),GO:0003924,KOG1534,K06883,PF13207,PTHR21231 PTHR21231:SF7,P-loop containing nucleoside triphosphate hydrolases superfamily protein
genetic,Manes.10G080301,1.002485571,-0.728309875,0.263174793,-2.767399821,0.005650541,0.024318633,-,,,,NA,,,,,,PTHR33054 PTHR33054:SF2,
genetic,Manes.07G014200,3.612177707,-0.55727168,0.201387063,-2.767167222,0.005654574,0.024330866,-,,,,NA,(1 of 22) 3.6.3.6 - Proton-exporting ATPase / Proton-translocating P-type ATPase,,,,,,
genetic,Manes.03G084300,1.456482081,-0.553863368,0.200597299,-2.761070917,0.005761216,0.024690928,-,PWY-6824; PWY-5466; PWY-7445; PWY-7214,justicidin B biosynthesis; matairesinol biosynthesis; luteolin triglucuronide degradation; baicalein degradation (hydrogen peroxide detoxification),peroxidase activity; response to oxidative stress; heme binding,NA,(1 of 3) PTHR31235//PTHR31235:SF27 - FAMILY NOT NAMED // PEROXIDASE 62-RELATED,GO:0004601 GO:0006979 GO:0020037 GO:0055114,,K00430,PF00141,PTHR31235 PTHR31235:SF27,Peroxidase superfamily protein
genetic,Manes.12G064800,36.2451886,0.51768732,0.18797823,2.75397486,0.005887629,0.025122026,+,,,protein binding,NA,"(1 of 217) PF00400 - WD domain, G-beta repeat (WD40)",GO:0005515,,,PF00400,,Transducin/WD40 repeat-like superfamily protein
genetic,Manes.06G148000,0.700019011,-0.644602029,0.238768514,-2.69969444,0.006940319,0.028483469,-,,,,NA,(1 of 2) PTHR33649//PTHR33649:SF2 - FAMILY NOT NAMED // PAR1 PROTEIN,,,,PF06521,PTHR33649 PTHR33649:SF2,PAR1 protein
genetic,Manes.01G159201,3.395720588,-0.565150304,0.211483893,-2.672308968,0.007533125,0.030258199,-,,,,NA,,,,,,PTHR33386 PTHR33386:SF3,
genetic,Manes.07G057000,0.698043821,-0.674710132,0.253452965,-2.662072356,0.007766118,0.030928225,-,,,protein kinase activity; protein tyrosine kinase activity; ATP binding; protein phosphorylation,NA,(1 of 1) PF00069//PF07714//PF13474 - Protein kinase domain (Pkinase) // Protein tyrosine kinase (Pkinase_Tyr) // SnoaL-like domain (SnoaL_3),GO:0004672 GO:0004713 GO:0005524 GO:0006468,KOG1187,,PF07714 PF13474,PTHR27001 PTHR27001:SF27,
genetic,Manes.04G059500,1.365119334,-0.626943376,0.236681768,-2.648887496,0.008075721,0.031875383,-,,,membrane; transmembrane transporter activity,NA,(1 of 62) PF00892 - EamA-like transporter family (EamA),GO:0016020 GO:0016021 GO:0022857,,,PF00892,PTHR31218 PTHR31218:SF62,nodulin MtN21 /EamA-like transporter family protein
genetic,Manes.03G069800,0.307626347,-0.741928473,0.283125319,-2.620494962,0.008780223,0.033941707,-,,,protein kinase activity; protein tyrosine kinase activity; protein binding; ATP binding; protein phosphorylation,NA,(1 of 2) PTHR27000//PTHR27000:SF121 - FAMILY NOT NAMED // LEUCINE-RICH REPEAT RECEPTOR-LIKE SERINE/THREONINE-PROTEIN KINASE BAM3,GO:0004672 GO:0004713 GO:0005515 GO:0005524 GO:0006468,KOG1187,,PF00069 PF00560 PF08263 PF13855,PTHR27000 PTHR27000:SF121,Leucine-rich receptor-like protein kinase family protein
genetic,Manes.14G103300,3.690570945,-0.763965035,0.292327795,-2.613384861,0.008965029,0.034473091,-,PWY-2681,<i>trans</i>-zeatin biosynthesis,tRNA processing,NA,"(1 of 2) PTHR11088:SF27 - ADENYLATE ISOPENTENYLTRANSFERASE 1, CHLOROPLASTIC-RELATED",GO:0008033,KOG1384,K10760,PF01715,PTHR11088 PTHR11088:SF27,isopentenyltransferase 1
genetic,Manes.01G231500,1.463397826,0.585000504,0.225675453,2.592220362,0.009535867,0.036184577,+,PWY-5337,stachyose biosynthesis,glycosyltransferase activity,NA,(1 of 2) PTHR11183//PTHR11183:SF54 - GLYCOGENIN // SUBFAMILY NOT NAMED,GO:0016757,KOG1950,,PF01501,PTHR11183 PTHR11183:SF54,galactinol synthase 1
genetic,Manes.13G141700,0.640744687,0.589452785,0.22808506,2.58435509,0.009756129,0.036808443,+,,,,NA,(1 of 10) PF05078 - Protein of unknown function (DUF679) (DUF679),,,,PF05078,PTHR31621 PTHR31621:SF6,
genetic,Manes.07G058800,0.747127985,-0.554521374,0.21642801,-2.56215161,0.01040259,0.038735256,-,,,,NA,,,,,,PTHR38370 PTHR38370:SF1,
genetic,Manes.09G077227,1.112732065,-0.554604217,0.2171706,-2.553772088,0.010656298,0.03954017,-,,,,NA,(1 of 3) PTHR31500//PTHR31500:SF9 - FAMILY NOT NAMED // AT HOOK MOTIF DNA-BINDING FAMILY PROTEIN,,,,,PTHR31500 PTHR31500:SF9,
genetic,Manes.08G032300,0.953246131,0.573457818,0.224873784,2.55013194,0.010768216,0.03989747,+,,,protein metabolic process,NA,(1 of 2) PTHR11638//PTHR11638:SF69 - ATP-DEPENDENT CLP PROTEASE // SUBFAMILY NOT NAMED,GO:0019538,KOG1051,,PF02861,PTHR11638 PTHR11638:SF69,Double Clp-N motif-containing P-loop nucleoside triphosphate hydrolases superfamily protein
genetic,Manes.07G141701,0.728470881,-0.538337827,0.215719101,-2.495550115,0.012576199,0.045119839,-,,,,NA,,,,,,PTHR33924 PTHR33924:SF1,Uncharacterised conserved protein (UCP030365)
genetic,Manes.14G067033,1.510857474,-0.556941257,0.223879327,-2.487685065,0.012857754,0.045907709,-,,,,NA,,,,,,,
genetic,Manes.02G077700,0.493281181,0.765675341,0.311217487,2.460258094,0.013883713,0.048828415,+,,,,NA,(1 of 2) PTHR32080//PTHR32080:SF5 - FAMILY NOT NAMED // CYSTEINE-RICH REPEAT SECRETORY PROTEIN 60,,,,PF01657,PTHR32080 PTHR32080:SF5,plasmodesmata-located protein 7