"","gene_id","baseMean","log2FoldChange","lfcSE","stat","pvalue","padj","locusName","Pathways","Pathways_Desc","GODescription","class","Description","GO","KOG","KO","Pfam","Panther","Best-hit-arabi-defline"
"1","Manes.12G111100.v8.1",29.8124610249316,-0.91100032239615,0.158690464392684,-5.7407376421929,9.42650355321867e-09,0.000151512191610884,"Manes.12G111100","PWY-6824; PWY-5466; PWY-7445; PWY-7214","justicidin B biosynthesis; matairesinol biosynthesis; luteolin triglucuronide degradation; baicalein degradation (hydrogen peroxide detoxification)","peroxidase activity; response to oxidative stress; heme binding",NA,"(1 of 2) PTHR31517:SF3 - PEROXIDASE 35-RELATED","GO:0004601 GO:0006979 GO:0020037 GO:0055114","","K00430","PF00141","PTHR31517 PTHR31517:SF3","root hair specific 19"
"2","Manes.11G017400.v8.1",38.4259940673835,-0.794125407029742,0.144397454278236,-5.49958038387272,3.80696126067147e-08,0.000152973220856931,"Manes.11G017400","","","",NA,"(1 of 11) PF07911 - Protein of unknown function (DUF1677) (DUF1677)","","","","PF07911","PTHR33108 PTHR33108:SF15","Protein of unknown function (DUF1677)"
"3","Manes.15G187800.v8.1",441.065437487439,-0.575194997075879,0.103824106284059,-5.54009100258628,3.02314506239174e-08,0.000152973220856931,"Manes.15G187800","","","hydrolase activity",NA,"(1 of 4) PTHR21562//PTHR21562:SF4 - NOTUM-RELATED // PECTINACETYLESTERASE FAMILY PROTEIN","GO:0016787","","","PF03283","PTHR21562 PTHR21562:SF4","Pectinacetylesterase family protein"
"4","Manes.17G010400.v8.1",8.18149448429859,-0.981946848742043,0.177585610429693,-5.5294280114593,3.21276606319307e-08,0.000152973220856931,"Manes.17G010400","","","",NA,"","","","","","PTHR35297 PTHR35297:SF2",""
"5","Manes.02G146400.v8.1",12.4334628169405,-0.926569428107579,0.176481912410879,-5.25022318406416,1.51915036465334e-07,0.000488346076221461,"Manes.02G146400","PWY66-399; PWY-3801; GLUCONEO-PWY; SUCSYN-PWY; PWY-621; PWY-7238; PWY-5659; ANAGLYCOLYSIS-PWY; PWY-622; ANAEROFRUCAT-PWY","gluconeogenesis III; sucrose degradation II (sucrose synthase); gluconeogenesis I; sucrose biosynthesis I (from photosynthesis); sucrose degradation III (sucrose invertase); sucrose biosynthesis II; GDP-mannose biosynthesis; glycolysis III (from glucose); starch biosynthesis; homolactic fermentation","glucose-6-phosphate isomerase activity; gluconeogenesis; glycolytic process","carb","(1 of 2) PTHR11469:SF9 - GLUCOSE-6-PHOSPHATE ISOMERASE 1, CHLOROPLASTIC","GO:0004347 GO:0006094 GO:0006096","","K01810","PF00342","PTHR11469 PTHR11469:SF9","phosphoglucose isomerase 1"
"6","Manes.01G006300.v8.1",473.257386263423,-0.571840517615687,0.1103213739908,-5.18340641463888,2.17869572657166e-07,0.000583636273553106,"Manes.01G006300","","","",NA,"(1 of 3) PTHR31533:SF2 - GPI-ANCHORED PROTEIN LORELEI-RELATED","","","","","PTHR31533 PTHR31533:SF2","LORELEI-LIKE-GPI-ANCHORED PROTEIN 1"
"7","Manes.16G094900.v8.1",245.042333141893,-0.708115851931582,0.138323217251569,-5.11928413755537,3.06697589639042e-07,0.000704221479752618,"Manes.16G094900","","","serine-type endopeptidase activity; proteolysis",NA,"(1 of 1) KOG1153 - Subtilisin-related protease/Vacuolar protease B","GO:0004252 GO:0006508","KOG1153","","PF00082 PF02225 PF05922","PTHR10795 PTHR10795:SF434","Subtilase family protein"
"8","Manes.01G194000.v8.1",4180.52156653514,0.3476458142767,0.0699292544998026,4.97139311384595,6.647350871404e-07,0.00106222499970462,"Manes.01G194000","","","nucleic acid binding; zinc ion binding",NA,"(1 of 4) PTHR12374:SF26 - F25A4.19 PROTEIN","GO:0003676 GO:0008270","","","PF00249","PTHR12374 PTHR12374:SF26","myb-like transcription factor family protein"
"9","Manes.11G012500.v8.1",33.1723861612473,-0.88137300801985,0.177741671677933,-4.95873027241969,7.09554001459258e-07,0.00106222499970462,"Manes.11G012500","PWY-1081","homogalacturonan degradation","enzyme inhibitor activity; cell wall; pectinesterase activity; cell wall modification",NA,"(1 of 3) PTHR31707//PTHR31707:SF55 - FAMILY NOT NAMED // PECTINESTERASE 2-RELATED","GO:0004857 GO:0005618 GO:0030599 GO:0042545","","K01051","PF01095 PF04043","PTHR31707 PTHR31707:SF55","pectin methylesterase 3"
"10","Manes.11G085200.v8.1",44.4367408875185,0.79428263724641,0.160330979377226,4.95401849556239,7.26962918979083e-07,0.00106222499970462,"Manes.11G085200","","","",NA,"(1 of 13) PF14364 - Domain of unknown function (DUF4408) (DUF4408)","","","","PF14364","PTHR33640 PTHR33640:SF3","(1 of 11) PF14364 - Domain of unknown function (DUF4408) (DUF4408)"
"11","Manes.18G022000.v8.1",68.6508665195423,-0.602350801184305,0.120577355234308,-4.99555492831804,5.86668221284069e-07,0.00106222499970462,"Manes.18G022000","","","hydrolase activity, hydrolyzing O-glycosyl compounds; carbohydrate metabolic process; carbohydrate binding",NA,"(1 of 1) PTHR23421:SF51 - BETA-GALACTOSIDASE 5","GO:0004553 GO:0005975 GO:0030246","","","PF01301 PF02140","PTHR23421 PTHR23421:SF51",""
"12","Manes.01G251400.v8.1",6.7909345422993,-1.03126708311796,0.210626051567699,-4.89619909523153,9.77080753128322e-07,0.00130238107576701,"Manes.01G251400","PWY-7601","arachidonate biosynthesis IV (8-detaturase, lower eukaryotes)","lipid metabolic process; oxidoreductase activity",NA,"(1 of 4) 1.14.19.4 - Delta(8)-fatty-acid desaturase / SLD","GO:0006629 GO:0016021 GO:0016491","KOG4232","K13076","PF00173 PF00487","PTHR19353 PTHR19353:SF28","Fatty acid/sphingolipid desaturase"
"13","Manes.11G027200.v8.1",42.5577376715404,-0.780768446236362,0.161205681597669,-4.84330600819004,1.2769639174546e-06,0.00130238107576701,"Manes.11G027200","","","monooxygenase activity; iron ion binding; oxidoreductase activity, acting on paired donors, with incorporation or reduction of molecular oxygen; heme binding",NA,"(1 of 1) K12638 - 3-epi-6-deoxocathasterone 23-monooxygenase (CYP90D1)","GO:0004497 GO:0005506 GO:0016705 GO:0020037 GO:0055114","KOG0157","K12638","PF00067","PTHR24286 PTHR24286:SF30","cytochrome P450, family 90, subfamily D, polypeptide 1"
"14","Manes.11G096600.v8.1",240.445941053698,-0.610026048184729,0.126594788221318,-4.81872956032167,1.44475228739732e-06,0.00130238107576701,"Manes.11G096600","","","transporter activity; transport; membrane",NA,"(1 of 4) PTHR19139:SF152 - AQUAPORIN PIP2-7","GO:0005215 GO:0006810 GO:0016020","KOG0223","K09872","PF00230","PTHR19139 PTHR19139:SF152","plasma membrane intrinsic protein 2;8"
"15","Manes.12G060500.v8.1",120.958627180162,-0.688646368250909,0.142908342822519,-4.81879752189244,1.44426031599639e-06,0.00130238107576701,"Manes.12G060500","","","",NA,"(1 of 2) PTHR32077:SF3 - FASCICLIN-LIKE ARABINOGALACTAN PROTEIN 7","","","","PF02469","PTHR32077 PTHR32077:SF3","FASCICLIN-like arabinoogalactan 7"
"16","Manes.12G146600.v8.1",2167.69606146207,-0.367016814748733,0.0760558400434288,-4.82562304931694,1.39566262594597e-06,0.00130238107576701,"Manes.12G146600","PWY-1001","cellulose biosynthesis","protein binding; zinc ion binding",NA,"(1 of 3) 2.4.1.12//2.4.1.29 - Cellulose synthase (UDP-forming) / UDP-glucose-cellulose glucosyltransferase // Cellulose synthase (GDP-forming) / GDP-glucose-cellulose glucosyltransferase","GO:0005515 GO:0008270","","K10999","PF13632 PF14569","PTHR13301 PTHR13301:SF43","cellulose synthase A2"
"17","Manes.12G148100.v8.1",1367.26567696401,-0.319298134465262,0.0655685395265629,-4.86968501617927,1.11776282270022e-06,0.00130238107576701,"Manes.12G148100","PWY-1001","cellulose biosynthesis","protein binding; zinc ion binding",NA,"(1 of 3) 2.4.1.29 - Cellulose synthase (GDP-forming) / GDP-glucose-cellulose glucosyltransferase","GO:0005515 GO:0008270","","K10999","PF13632 PF14569","PTHR13301 PTHR13301:SF43","cellulose synthase A2"
"18","Manes.13G017600.v8.1",97.0080445935067,0.435057549327888,0.0903201901295471,4.81683606626471,1.45852419360457e-06,0.00130238107576701,"Manes.13G017600","PWY-7511","protein ubiquitylation","ubiquitin-protein transferase activity; protein binding; protein ubiquitination",NA,"(1 of 2) PTHR22849//PTHR22849:SF8 - WDSAM1 PROTEIN // U-BOX DOMAIN-CONTAINING PROTEIN 45-RELATED","GO:0004842 GO:0005515 GO:0016567","","","PF04564","PTHR22849 PTHR22849:SF8","ARM repeat superfamily protein"
"19","Manes.13G141800.v8.1",1054.79285014328,0.357943785600303,0.0748499211444764,4.7821531422778,1.73427471580235e-06,0.00146710513195216,"Manes.13G141800","","","DNA binding; DNA-templated transcription; regulation of DNA-templated transcription",NA,"(1 of 1) PF00046//PF02791//PF05066//PF15613//PF15614 - Homeobox domain (Homeobox) // DDT domain (DDT) // HB1, ASXL, restriction endonuclease HTH domain (HARE-HTH) // WSTF, HB1, Itc1p, MBD9 motif 2 (WHIM2) // WSTF, HB1, Itc1p, MBD9 motif 3 (WHIM3)","GO:0003677 GO:0006351 GO:0006355","KOG0484","","PF00046 PF02791 PF05066 PF15613 PF15614","PTHR36968 PTHR36968:SF1","Homeodomain-like transcriptional regulator"
"20","Manes.02G199300.v8.1",19.1035087406167,-0.665536397991428,0.139912724169434,-4.75679679558997,1.96688979144781e-06,0.00148034585859702,"Manes.02G199300","","","protein kinase activity; protein tyrosine kinase activity; protein binding; ATP binding; protein phosphorylation",NA,"(1 of 2) PTHR27000//PTHR27000:SF97 - FAMILY NOT NAMED // LEUCINE-RICH RECEPTOR-LIKE PROTEIN KINASE","GO:0004672 GO:0004713 GO:0005515 GO:0005524 GO:0006468","KOG1187","","PF00069 PF00560 PF08263 PF13855","PTHR27000 PTHR27000:SF97","Leucine-rich receptor-like protein kinase family protein"
"21","Manes.04G149200.v8.1",20.1229528106585,-1.26799853925478,0.266902649024211,-4.75079038702145,2.0262308771937e-06,0.00148034585859702,"Manes.04G149200","","","response to auxin",NA,"(1 of 129) PF02519 - Auxin responsive protein (Auxin_inducible)","GO:0009733","","","PF02519","PTHR31374 PTHR31374:SF25","SAUR-like auxin-responsive protein family"
"22","Manes.09G113600.v8.1",1724.88976798376,0.211092138917076,0.0443914703768198,4.75524097591738,1.98209846802425e-06,0.00148034585859702,"Manes.09G113600","","","actin binding; cytoskeleton; actin cytoskeleton organization",NA,"(1 of 2) PTHR12902//PTHR12902:SF12 - WASP-1 // PROTEIN SCAR2-RELATED","GO:0003779 GO:0005856 GO:0030036","","","","PTHR12902 PTHR12902:SF12","SCAR homolog 2"
"23","Manes.01G087500.v8.1",176.934175390987,0.265252901094653,0.0560054947911112,4.73619422672705,2.17768896304885e-06,0.00152182585665583,"Manes.01G087500","","","DNA-binding transcription factor activity; regulation of DNA-templated transcription; zinc ion binding; sequence-specific DNA binding",NA,"(1 of 1) PF00320//PF13919 - GATA zinc finger (GATA) // Asx homology domain (ASXH)","GO:0003700 GO:0006355 GO:0008270 GO:0043565","","","PF00320 PF13919","PTHR10071 PTHR10071:SF159","GATA transcription factor 26"
"24","Manes.14G135400.v8.1",206.771849462071,-0.298201507433016,0.0632446321282214,-4.7150484934191,2.41653188867713e-06,0.00161837154361281,"Manes.14G135400","","","transmembrane transport",NA,"(1 of 2) PTHR31419:SF2 - AUXIN EFFLUX CARRIER FAMILY PROTEIN","GO:0016021 GO:0055085","KOG2722","","PF03547","PTHR31419 PTHR31419:SF2","Auxin efflux carrier family protein"
"25","Manes.12G062800.v8.1",93.6235783931325,0.4019168063018,0.085704194816558,4.68958149787261,2.73764383376611e-06,0.00162970923481936,"Manes.12G062800","TRNA-CHARGING-PWY","tRNA charging","nucleotide binding; aminoacyl-tRNA ligase activity; threonine-tRNA ligase activity; ATP binding; cytoplasm; tRNA aminoacylation for protein translation; threonyl-tRNA aminoacylation; tRNA aminoacylation",NA,"(1 of 1) PTHR11451:SF32 - THREONYL-TRNA SYNTHETASE / THREONINE--TRNA LIGASE-RELATED","GO:0000166 GO:0004812 GO:0004829 GO:0005524 GO:0005737 GO:0006418 GO:0006435 GO:0016876 GO:0043039","KOG1637","K01868","PF00587 PF03129 PF07973","PTHR11451 PTHR11451:SF32","threonyl-tRNA synthetase, putative / threonine--tRNA ligase, putative"
"26","Manes.17G110400.v8.1",157.336790878977,-0.370079284711544,0.0788541807463131,-4.69321069864577,2.68950233761618e-06,0.00162970923481936,"Manes.17G110400","","","protein binding; zinc ion binding",NA,"(1 of 3) PTHR10857:SF28 - E3 UBIQUITIN-PROTEIN LIGASE RGLG1-RELATED","GO:0005515 GO:0008270","KOG4172","K16280","PF07002 PF13920","PTHR10857 PTHR10857:SF28","RING domain ligase2"
"27","Manes.18G048400.v8.1",31.0629279599977,-0.365852895848072,0.0779890653622808,-4.69107937309652,2.71767507565224e-06,0.00162970923481936,"Manes.18G048400","PWY-7511","protein ubiquitylation","ubiquitin-protein transferase activity; protein ubiquitination",NA,"(1 of 5) PTHR22849//PTHR22849:SF6 - WDSAM1 PROTEIN // U-BOX DOMAIN-CONTAINING PROTEIN 30-RELATED","GO:0004842 GO:0016567","","","PF04564 PF05804","PTHR22849 PTHR22849:SF6",""
"28","Manes.08G099000.v8.1",529.033477650984,-0.705678253237174,0.151054924039828,-4.67166666510725,2.98765532989931e-06,0.0016558822109473,"Manes.08G099000","","","hydrolase activity, hydrolyzing O-glycosyl compounds; cell wall; carbohydrate metabolic process; xyloglucan metabolic process; xyloglucan:xyloglucosyl transferase activity; cell wall biogenesis; apoplast",NA,"(1 of 3) PTHR31062//PTHR31062:SF15 - FAMILY NOT NAMED // XYLOGLUCAN ENDOTRANSGLUCOSYLASE/HYDROLASE PROTEIN 4-RELATED","GO:0004553 GO:0005618 GO:0005975 GO:0006073 GO:0010411 GO:0016762 GO:0042546 GO:0048046","","K08235","PF00722 PF06955","PTHR31062 PTHR31062:SF15","xyloglucan endotransglucosylase/hydrolase 5"
"29","Manes.18G050700.v8.1",169.61033591613,-0.768418549689905,0.164252092621971,-4.6782877309115,2.89280428115475e-06,0.0016558822109473,"Manes.18G050700","PWY-5936; PWY-1001","xyloglucan biosynthesis; cellulose biosynthesis","",NA,"(1 of 2) PTHR32044//PTHR32044:SF7 - FAMILY NOT NAMED // XYLOGLUCAN GLYCOSYLTRANSFERASE 12-RELATED","","","","PF13632","PTHR32044 PTHR32044:SF7","Cellulose-synthase-like C12"
"30","Manes.18G082000.v8.1",88.9940218790511,0.325131295666808,0.0698882304725666,4.65216093565901,3.28474557998703e-06,0.00175985719023772,"Manes.18G082000","","","protein kinase activity; protein binding; ATP binding; protein phosphorylation; zinc ion binding",NA,"(1 of 1) PTHR22844//PTHR22844:SF215 - F-BOX AND WD40 DOMAIN PROTEIN // SUBFAMILY NOT NAMED","GO:0004672 GO:0005515 GO:0005524 GO:0006468 GO:0008270","KOG0272 KOG0279 KOG0313","","PF00400 PF13639","PTHR22844 PTHR22844:SF215","zinc ion binding"
"31","Manes.01G185800.v8.1",37.7831186764597,0.461803547139901,0.0996057198965762,4.63631554110955,3.54674410178868e-06,0.00178676672765123,"Manes.01G185800","","","structural constituent of ribosome; intracellular anatomical structure; ribosome; translation",NA,"(1 of 1) PTHR10759//PTHR10759:SF9 - 60S RIBOSOMAL PROTEIN L34 // SUBFAMILY NOT NAMED","GO:0003735 GO:0005622 GO:0005840 GO:0006412","","","PF07891","PTHR10759 PTHR10759:SF9","Protein of unknown function (DUF1666)"
"32","Manes.14G081800.v8.1",247.896563152872,-0.335054603381353,0.0722770133126172,-4.63570073008071,3.55730325918244e-06,0.00178676672765123,"Manes.14G081800","PWY-5936","xyloglucan biosynthesis","glycosyltransferase activity",NA,"(1 of 2) PTHR31311//PTHR31311:SF4 - FAMILY NOT NAMED // GLYCOSYLTRANSFERASE 3-RELATED","GO:0016021 GO:0016757","KOG4748","K08238","PF05637","PTHR31311 PTHR31311:SF4","xyloglucan xylosyltransferase 5"
"33","Manes.04G103300.v8.1",172.857331364139,0.228434314111164,0.0494668309658277,4.61792901730392,3.8758877854911e-06,0.00183226895224113,"Manes.04G103300","","","",NA,"(1 of 1) PTHR12663//PTHR12663:SF5 - ANDROGEN INDUCED INHIBITOR OF PROLIFERATION  AS3  / PDS5-RELATED // SUBFAMILY NOT NAMED","","","","","PTHR12663 PTHR12663:SF5","Tudor/PWWP/MBT superfamily protein"
"34","Manes.17G014001.v8.1",41.868743205863,-0.462129900428121,0.100047236008595,-4.61911711772248,3.85376300027084e-06,0.00183226895224113,"Manes.17G014001","","","",NA,"","","","","","PTHR31696 PTHR31696:SF6",""
"35","Manes.17G106600.v8.1",45.3982478643411,0.749167739289312,0.162541140381288,4.60909611887748,4.04423342538135e-06,0.00185722753846156,"Manes.17G106600","","","",NA,"(1 of 5) PTHR33595:SF3 - EMB|CAB62340.1-RELATED","","","","","PTHR33595 PTHR33595:SF3","(1 of 6) PTHR33595:SF3 - EMB"
"36","Manes.06G046300.v8.1",114.033477764723,0.306617563781343,0.0667581083619033,4.59296363101145,4.36995243474784e-06,0.00190656979485423,"Manes.06G046300","","","",NA,"(1 of 1) PTHR21373:SF0 - N-ALPHA-ACETYLTRANSFERASE 35, NATC AUXILIARY SUBUNIT","","KOG2343","","PF04112","PTHR21373 PTHR21373:SF0","MAK10 homologue"
"37","Manes.09G169700.v8.1",167.033766075026,0.652688123977351,0.142134053681375,4.59206015076794,4.38891821126152e-06,0.00190656979485423,"Manes.09G169700","","","metal ion transport; metal ion binding",NA,"(1 of 4) PTHR22814//PTHR22814:SF75 - COPPER TRANSPORT PROTEIN ATOX1-RELATED // HEAVY METAL TRANSPORT/DETOXIFICATION DOMAIN-CONTAINING PROTEIN","GO:0030001 GO:0046872","KOG1603","","PF00403","PTHR22814 PTHR22814:SF75","Heavy metal transport/detoxification superfamily protein"
"38","Manes.02G071900.v8.1",192.318031391106,-0.443688300024116,0.0972703242264883,-4.56139427469177,5.08150608806354e-06,0.00190893729412483,"Manes.02G071900","","","",NA,"(1 of 1) PTHR34201//PTHR34201:SF2 - FAMILY NOT NAMED // GLYCINE-RICH PROTEIN","","","","","PTHR34201 PTHR34201:SF2",""
"39","Manes.03G020500.v8.1",84.0417914635812,0.71547817049291,0.15694054432782,4.55891225277265,5.14192480318777e-06,0.00190893729412483,"Manes.03G020500","","","DNA-binding transcription factor activity; nucleus; regulation of DNA-templated transcription; sequence-specific DNA binding",NA,"(1 of 2) PTHR10015//PTHR10015:SF187 - HEAT SHOCK TRANSCRIPTION FACTOR // HEAT STRESS TRANSCRIPTION FACTOR C-1","GO:0003700 GO:0005634 GO:0006355 GO:0043565","","","PF00447","PTHR10015 PTHR10015:SF187","heat shock transcription factor  C1"
"40","Manes.08G108100.v8.1",158.485952696539,-0.365531220607108,0.0802382245374731,-4.55557463682906,5.22425609370198e-06,0.00190893729412483,"Manes.08G108100","","","protein kinase activity; protein tyrosine kinase activity; ATP binding; protein phosphorylation",NA,"(1 of 1569) 2.7.11.1 - Non-specific serine/threonine protein kinase / Threonine-specific protein kinase","GO:0004672 GO:0004713 GO:0005524 GO:0006468","KOG1187","","PF00069","PTHR27001 PTHR27001:SF82","Protein kinase superfamily protein"
"41","Manes.13G017200.v8.1",163.047814102231,0.337954809180281,0.074185860176894,4.55551513960258,5.22573514225673e-06,0.00190893729412483,"Manes.13G017200","","","",NA,"(1 of 16) PF10358 - N-terminal C2 in EEIG1 and EHBP1 proteins (NT-C2)","","","","PF10358","PTHR31344 PTHR31344:SF5","(1 of 12) PF10358 - N-terminal C2 in EEIG1 and EHBP1 proteins (NT-C2)"
"42","Manes.13G097800.v8.1",964.89417572985,0.531918604952339,0.116727227805259,4.55693684287407,5.19050229290827e-06,0.00190893729412483,"Manes.13G097800","","","protein binding; zinc ion binding",NA,"(1 of 7) K10664 - E3 ubiquitin-protein ligase ATL6/9/15/31/42/55 [EC:6.3.2.19] (ATL6S)","GO:0005515 GO:0008270","","K10664","PF13639","PTHR14155",""
"43","Manes.18G038901.v8.1",123.477332895104,-0.629012556875392,0.137792093271152,-4.56493940938686,4.99638626673256e-06,0.00190893729412483,"Manes.18G038901","","","",NA,"(1 of 2) PTHR31852:SF44 - EMB|CAB53482.1","","","","PF03168","PTHR31852 PTHR31852:SF44","(1 of 2) PTHR31852:SF44 - EMB"
"44","Manes.18G047500.v8.1",73.8387282150701,-0.837387439239427,0.182909086671664,-4.57816205021351,4.69079248786249e-06,0.00190893729412483,"Manes.18G047500","","","",NA,"","","","","","PTHR33347 PTHR33347:SF1",""
"45","Manes.09G155200.v8.1",67.2387484904894,-0.556972143400653,0.122484585718629,-4.54728356333856,5.43427587038827e-06,0.00194100257921668,"Manes.09G155200","","","",NA,"(1 of 2) PTHR11034//PTHR11034:SF24 - N-MYC DOWNSTREAM REGULATED // SUBFAMILY NOT NAMED","","KOG2931","","PF03096","PTHR11034 PTHR11034:SF24",""
"46","Manes.04G149500.v8.1",190.364045071179,0.442401050844693,0.0978813881242224,4.51976682516228,6.190777820492e-06,0.00211711429593123,"Manes.04G149500","","","vacuole organization; phosphatidylinositol-3-phosphate biosynthetic process; phosphoric ester hydrolase activity",NA,"(1 of 2) PTHR11200//PTHR11200:SF122 - INOSITOL 5-PHOSPHATASE // PHOSPHOINOSITIDE PHOSPHATASE SAC3-RELATED","GO:0007033 GO:0036092 GO:0042578","","","PF02383","PTHR11200 PTHR11200:SF122","Phosphoinositide phosphatase family protein"
"47","Manes.16G051000.v8.1",1405.77370631844,-0.312162187900468,0.0690368904231273,-4.52167219565112,6.1353020603242e-06,0.00211711429593123,"Manes.16G051000","PWY-2541","plant sterol biosynthesis","monooxygenase activity; iron ion binding; oxidoreductase activity, acting on paired donors, with incorporation or reduction of molecular oxygen; heme binding",NA,"(1 of 2) K05917 - sterol 14-demethylase (CYP51)","GO:0004497 GO:0005506 GO:0016705 GO:0020037 GO:0055114","","K05917","PF00067","PTHR24286 PTHR24286:SF24","CYTOCHROME P450 51G1"
"48","Manes.16G042000.v8.1",22.9242023502962,-0.656713297409777,0.14630928736927,-4.48852775663036,7.17170811068298e-06,0.00240147634297932,"Manes.16G042000","","","protein binding",NA,"(1 of 2) PTHR27000//PTHR27000:SF131 - FAMILY NOT NAMED // RECEPTOR LIKE PROTEIN 55","GO:0005515","","","PF00560","PTHR27000 PTHR27000:SF131","receptor like protein 51"
"49","Manes.08G040000.v8.1",35.0702015840803,0.414627955195792,0.0927000507502945,4.47279102697227,7.720521893491e-06,0.00253248874273634,"Manes.08G040000","","","nucleic acid binding; nucleus",NA,"(1 of 1) PTHR10644:SF6 - CLEAVAGE AND POLYADENYLATION SPECIFICITY FACTOR (CPSF) A SUBUNIT PROTEIN","GO:0003676 GO:0005634","","K12830","PF03178 PF10433","PTHR10644 PTHR10644:SF6","Cleavage and polyadenylation specificity factor (CPSF) A subunit protein"
"50","Manes.11G118300.v8.1",463.432499250694,0.125522111423095,0.0281127004941473,4.46496100398562,8.00833366392762e-06,0.00257435893960617,"Manes.11G118300","PWY-7511","protein ubiquitylation","ubiquitin-protein transferase activity; protein binding; zinc ion binding; protein ubiquitination",NA,"(1 of 3) PTHR11685:SF154 - E3 UBIQUITIN-PROTEIN LIGASE ARI5-RELATED","GO:0004842 GO:0005515 GO:0008270 GO:0016567","KOG1815","K11968","PF01485","PTHR11685 PTHR11685:SF154",""
"51","Manes.02G116100.v8.1",208.050207271472,-0.512306962211104,0.1150688230232,-4.4521786940309,8.50033791435692e-06,0.00267893982936194,"Manes.02G116100","","","protein binding",NA,"(1 of 3) PTHR23155//PTHR23155:SF501 - LEUCINE-RICH REPEAT-CONTAINING PROTEIN // SUBFAMILY NOT NAMED","GO:0005515","KOG0617","","PF00560 PF13855","PTHR23155 PTHR23155:SF501","plant intracellular ras group-related LRR 4"
"52","Manes.04G068200.v8.1",72.8801107908878,-0.77334981946113,0.174049138986535,-4.44328437339158,8.85959424955993e-06,0.00273846650717648,"Manes.04G068200","","","extracellular region; sexual reproduction",NA,"(1 of 2) PTHR31692:SF4 - EXPANSIN-LIKE A1-RELATED","GO:0005576 GO:0019953","","","PF01357 PF03330","PTHR31692 PTHR31692:SF4","expansin-like A2"
"53","Manes.02G035800.v8.1",170.532354023018,-0.65213477234388,0.147562684982219,-4.41937453511681,9.89869684472389e-06,0.00274852220542147,"Manes.02G035800","","","copper ion binding; oxidoreductase activity",NA,"(1 of 2) PTHR11709//PTHR11709:SF82 - MULTI-COPPER OXIDASE // MONOCOPPER OXIDASE-LIKE PROTEIN SKU5","GO:0005507 GO:0016491 GO:0055114","","","PF00394 PF07731 PF07732","PTHR11709 PTHR11709:SF82","Cupredoxin superfamily protein"
"54","Manes.03G162600.v8.1",308.355557750258,0.334073135426105,0.0755432973019386,4.42227368089125,9.76676322231056e-06,0.00274852220542147,"Manes.03G162600","","","protein binding",NA,"(1 of 2) PTHR10666:SF124 - GH17761P","GO:0005515","KOG0001 KOG0005","K08770","PF00240","PTHR10666 PTHR10666:SF124",""
"55","Manes.12G101600.v8.1",23.3178354829846,0.646841191811075,0.146195423426413,4.42449685941546,9.66673100129167e-06,0.00274852220542147,"Manes.12G101600","","","protein binding",NA,"(1 of 1) KOG0292 - Vesicle coat complex COPI, alpha subunit","GO:0005515","KOG0292","","","PTHR19878 PTHR19878:SF4","Transducin/WD40 repeat-like superfamily protein"
"56","Manes.14G024800.v8.1",129.256381084664,0.233746080433434,0.0528962899485155,4.41895037744502,9.91814147417689e-06,0.00274852220542147,"Manes.14G024800","","","protein kinase activity; protein tyrosine kinase activity; ubiquitin-protein transferase activity; ATP binding; protein phosphorylation; protein ubiquitination",NA,"(1 of 1) PTHR27003:SF1 - U-BOX DOMAIN-CONTAINING PROTEIN 32","GO:0004672 GO:0004713 GO:0004842 GO:0005524 GO:0006468 GO:0016567","KOG1187","","PF04564 PF07714","PTHR27003 PTHR27003:SF1","U-box domain-containing protein kinase family protein"
"57","Manes.15G126400.v8.1",32.5576216472897,-1.3321285875436,0.300353593513811,-4.43520109734377,9.1986380634893e-06,0.00274852220542147,"Manes.15G126400","","","metal ion transport; metal ion binding",NA,"(1 of 4) PTHR22814//PTHR22814:SF47 - COPPER TRANSPORT PROTEIN ATOX1-RELATED // SUBFAMILY NOT NAMED","GO:0030001 GO:0046872","KOG1603","","PF00403","PTHR22814 PTHR22814:SF47","Heavy metal transport/detoxification superfamily protein"
"58","Manes.17G042100.v8.1",283.429794273575,-0.570254905857968,0.12863037885121,-4.43328326442694,9.28088005896604e-06,0.00274852220542147,"Manes.17G042100","","","",NA,"(1 of 1) PTHR31008//PTHR31008:SF6 - COP1-INTERACTING PROTEIN-RELATED // CSL1","","","","","PTHR31008 PTHR31008:SF6","disease resistance protein (TIR class), putative"
"59","Manes.03G032100.v8.1",94.5540945498898,-0.288802832307447,0.0655855905623682,-4.40344944417039,1.06543120882105e-05,0.00276204448699688,"Manes.03G032100","","","protein kinase activity; protein tyrosine kinase activity; ATP binding; protein phosphorylation",NA,"(1 of 1569) 2.7.11.1 - Non-specific serine/threonine protein kinase / Threonine-specific protein kinase","GO:0004672 GO:0004713 GO:0005524 GO:0006468","KOG1187","","PF00069","PTHR27001 PTHR27001:SF230",""
"60","Manes.09G081701.v8.1",8.63153079116837,-0.642352942576837,0.145687867088909,-4.40910389733982,1.03799221862627e-05,0.00276204448699688,"Manes.09G081701","","","",NA,"","","","","","PTHR35493",""
"61","Manes.10G119000.v8.1",435.761952760545,-0.460343802599963,0.104470208188376,-4.40646008639988,1.05073659173796e-05,0.00276204448699688,"Manes.10G119000","","","",NA,"(1 of 2) PTHR10374//PTHR10374:SF13 - LACTOYLGLUTATHIONE LYASE  GLYOXALASE I // SUBFAMILY NOT NAMED","","KOG2944","","PF12681","PTHR10374 PTHR10374:SF13",""
"62","Manes.16G020200.v8.1",12.5998849442972,-0.491123108476717,0.111265372201443,-4.4139798282214,1.01487419323083e-05,0.00276204448699688,"Manes.16G020200","","","protein binding",NA,"(1 of 2) PTHR23315//PTHR23315:SF56 - BETA CATENIN-RELATED ARMADILLO REPEAT-CONTAINING // ARMADILLO/BETA-CATENIN-LIKE REPEAT-CONTAINING PROTEIN","GO:0005515","","","PF00514","PTHR23315 PTHR23315:SF56","ARM repeat superfamily protein"
"63","Manes.08G096900.v8.1",91.2643992458706,0.532958099094146,0.12130367335896,4.3935858192606,1.1149614564603e-05,0.00280012117026351,"Manes.08G096900","","","DNA-binding transcription factor activity; regulation of DNA-templated transcription",NA,"(1 of 2) PTHR31241:SF2 - DEHYDRATION-RESPONSIVE ELEMENT-BINDING PROTEIN 2A-RELATED","GO:0003700 GO:0006355","","","PF00847","PTHR31241 PTHR31241:SF2",""
"64","Manes.15G009000.v8.1",97.8935622136579,-0.445606346963631,0.101344638886488,-4.39694049788598,1.09787425789043e-05,0.00280012117026351,"Manes.15G009000","","","",NA,"(1 of 2) PTHR31339//PTHR31339:SF15 - FAMILY NOT NAMED // PECTIN LYASE-LIKE SUPERFAMILY PROTEIN-RELATED","","","","PF12708","PTHR31339 PTHR31339:SF15","Pectin lyase-like superfamily protein"
"65","Manes.15G015400.v8.1",48.4406991462538,-0.4078341303143,0.0929452600207161,-4.38789595320299,1.14452502207603e-05,0.00283014625843509,"Manes.15G015400","","","protein binding",NA,"(1 of 2) PTHR23244//PTHR23244:SF308 - KELCH REPEAT DOMAIN // KELCH REPEAT-CONTAINING PROTEIN","GO:0005515","KOG4693","","PF01344 PF13415","PTHR23244 PTHR23244:SF308","Galactose oxidase/kelch repeat superfamily protein"
"66","Manes.18G143800.v8.1",8.91351552490466,-0.960155697146425,0.2190256626804,-4.38375889562985,1.16648871618268e-05,0.00284075350533398,"Manes.18G143800","","","protein binding",NA,"(1 of 3) PTHR32093:SF23 - LEUCINE-RICH REPEAT EXTENSIN-LIKE PROTEIN 3-RELATED","GO:0005515","","","PF13855","PTHR32093 PTHR32093:SF23","leucine-rich repeat/extensin 2"
"67","Manes.01G065100.v8.1",121.064416718035,-0.235641619990834,0.0538919292845939,-4.3724843982937,1.22840598125212e-05,0.00286147381690803,"Manes.01G065100","PWY-63; PWY-3821; PWY-6527; PWY66-422; PWY-7344","UDP-L-arabinose biosynthesis I (from UDP-xylose); D-galactose degradation III; stachyose degradation; D-galactose degradation V (Leloir pathway); UDP-D-galactose biosynthesis","UDP-glucose 4-epimerase activity; galactose metabolic process",NA,"(1 of 4) 5.1.3.2//5.1.3.5 - UDP-glucose 4-epimerase / Uridine diphospho-galactose-4-epimerase // UDP-arabinose 4-epimerase","GO:0003978 GO:0006012","","K01784","PF02719","PTHR10366 PTHR10366:SF331","UDP-D-glucose/UDP-D-galactose 4-epimerase 1"
"68","Manes.05G147700.v8.1",38.1334482832275,-0.755522970350167,0.172648950581924,-4.37606465491756,1.20841183664342e-05,0.00286147381690803,"Manes.05G147700","","","",NA,"(1 of 2) PTHR23201:SF2 - GIBBERELLIN-REGULATED PROTEIN 1-RELATED","","","","PF02704","PTHR23201 PTHR23201:SF2","GAST1 protein homolog 1"
"69","Manes.07G090300.v8.1",11.8348785784143,-0.631553305391516,0.14443461204761,-4.37258975835611,1.22781310984753e-05,0.00286147381690803,"Manes.07G090300","","","protein binding; zinc ion binding",NA,"(1 of 2) PTHR14155//PTHR14155:SF145 - RING FINGER DOMAIN-CONTAINING // RING-H2 FINGER PROTEIN ATL61-RELATED","GO:0005515 GO:0008270","","","PF13639","PTHR14155 PTHR14155:SF145",""
"70","Manes.14G162600.v8.1",287.191756462575,0.460519847750702,0.105426319683404,4.36816773205823,1.25293254111825e-05,0.00287691210477051,"Manes.14G162600","","","nucleotide binding; P-type calcium transporter activity; calmodulin binding; ATP binding; membrane; metal ion binding; calcium ion transmembrane transport",NA,"(1 of 16) K01537 - Ca2+-transporting ATPase (E3.6.3.8)","GO:0000166 GO:0005388 GO:0005516 GO:0005524 GO:0016020 GO:0016021 GO:0046872 GO:0070588","","K01537","PF00122 PF00689 PF00690 PF00702 PF12515","PTHR24093 PTHR24093:SF359","autoinhibited Ca(2+)-ATPase 10"
"71","Manes.06G165800.v8.1",77.7457866962863,-0.246410420196334,0.0565261324210673,-4.35923014086307,1.30520795008741e-05,0.00291369546968818,"Manes.06G165800","","","protein binding; zinc ion binding",NA,"(1 of 5) K19045 - E3 ubiquitin-protein ligase BIG BROTHER and related proteins [EC:6.3.2.19] (BB)","GO:0005515 GO:0008270","","K19045","PF13639","PTHR14155 PTHR14155:SF75",""
"72","Manes.14G073800.v8.1",142.465640595597,-0.263434974292754,0.0604209216018925,-4.3599959634595,1.30064843245007e-05,0.00291369546968818,"Manes.14G073800","","","protein kinase activity; protein tyrosine kinase activity; calcium ion binding; ATP binding; protein phosphorylation; membrane; phosphotransferase activity, alcohol group as acceptor",NA,"(1 of 1) PTHR24349//PTHR24349:SF167 - SERINE/THREONINE-PROTEIN KINASE // CALCIUM-DEPENDENT PROTEIN KINASE 10-RELATED","GO:0004672 GO:0004713 GO:0005509 GO:0005524 GO:0006468 GO:0016020 GO:0016773","KOG0032","K13412","PF06293 PF13499","PTHR24349 PTHR24349:SF167","calcium-dependent protein kinase 1"
"73","Manes.04G024600.v8.1",177.992903008658,0.302355519379597,0.0695395696724614,4.34796362421745,1.37407386533936e-05,0.00302540948460267,"Manes.04G024600","","","protein binding; nucleus; zinc ion binding; cell growth; protein sumoylation; SUMO transferase activity",NA,"(1 of 2) PTHR10782:SF34 - E3 SUMO-PROTEIN LIGASE SIZ1","GO:0005515 GO:0005634 GO:0008270 GO:0016049 GO:0016925 GO:0019789 GO:0031668","KOG2169","","PF02037 PF02891","PTHR10782 PTHR10782:SF34","DNA-binding protein with MIZ/SP-RING zinc finger, PHD-finger and SAP domain"
"74","Manes.15G084200.v8.1",47.7376664246654,-0.706523676529765,0.162674077458744,-4.34318538987227,1.40431530995425e-05,0.00305021080768848,"Manes.15G084200","","","protein kinase activity; protein tyrosine kinase activity; ATP binding; protein phosphorylation",NA,"(1 of 1) PTHR27003:SF37 - INTERLEUKIN-1 RECEPTOR-ASSOCIATED KINASE 4 PROTEIN-RELATED","GO:0004672 GO:0004713 GO:0005524 GO:0006468","KOG1187","","PF07714 PF11721","PTHR27003 PTHR27003:SF37","protein kinase family protein"
"75","Manes.05G174600.v8.1",28.4622618496052,-0.401396384223482,0.0925739171992864,-4.33595548689363,1.45128313394492e-05,0.0031101965082529,"Manes.05G174600","","","",NA,"(1 of 2) PTHR31471//PTHR31471:SF13 - FAMILY NOT NAMED // REMORIN-LIKE PROTEIN","","","","PF03763","PTHR31471 PTHR31471:SF13","Remorin family protein"
"76","Manes.01G206000.v8.1",351.835126125973,-0.428445765154758,0.0990218532509363,-4.32677990856232,1.51305010510152e-05,0.00312256397379741,"Manes.01G206000","","","",NA,"(1 of 20) PF04570 - zinc-finger of the FCS-type, C2-C2 (zf-FLZ)","","","","PF04570","PTHR33059 PTHR33059:SF11","Protein of unknown function (DUF581)"
"77","Manes.07G007600.v8.1",153.269999591761,-0.646337920882451,0.149302183518736,-4.32905872941466,1.49747999165282e-05,0.00312256397379741,"Manes.07G007600","","","",NA,"(1 of 2) PTHR31265:SF2 - F17A17.37 PROTEIN","","","","PF04862","PTHR31265 PTHR31265:SF2","Protein of unknown function, DUF642"
"78","Manes.13G068000.v8.1",1623.24447755432,0.234541628715105,0.0542327173035569,4.32472574446721,1.5272174189151e-05,0.00312256397379741,"Manes.13G068000","","","aspartic-type endopeptidase activity; proteolysis; lipid metabolic process; lysosome; sphingolipid metabolic process",NA,"(1 of 7) 3.4.23.40 - Phytepsin","GO:0004190 GO:0006508 GO:0006629","KOG1339","K08245","PF00026 PF03489 PF05184","PTHR13683 PTHR13683:SF286",""
"79","Manes.13G123500.v8.1",368.765969272853,-0.666284539639281,0.154102722073252,-4.3236390030967,1.53476360312322e-05,0.00312256397379741,"Manes.13G123500","","","",NA,"(1 of 3) PTHR33136:SF7 - PROTEIN RALF-LIKE 26-RELATED","","","","PF05498","PTHR33136 PTHR33136:SF7","ralf-like 34"
"80","Manes.06G022500.v8.1",61.9154314511862,0.250937967265052,0.0581048379739659,4.31871038651696,1.56943569046196e-05,0.00315319248159939,"Manes.06G022500","","","",NA,"(1 of 6) K17710 - pentatricopeptide repeat domain-containing protein 1 (PTCD1)","","","K17710","PF12854 PF13041","PTHR24015 PTHR24015:SF343","Tetratricopeptide repeat (TPR)-like superfamily protein"
"81","Manes.12G030000.v8.1",118.738823271502,-0.850696936990224,0.197942346436965,-4.29770057950247,1.72579070403424e-05,0.00342452271431387,"Manes.12G030000","","","hydrolase activity, hydrolyzing O-glycosyl compounds; cell wall; carbohydrate metabolic process; xyloglucan metabolic process; xyloglucan:xyloglucosyl transferase activity; cell wall biogenesis; apoplast",NA,"(1 of 1) PTHR31062:SF25 - XYLOGLUCAN ENDOTRANSGLUCOSYLASE/HYDROLASE PROTEIN 33-RELATED","GO:0004553 GO:0005618 GO:0005975 GO:0006073 GO:0010411 GO:0016762 GO:0042546 GO:0048046","","K08235","PF00722 PF06955","PTHR31062 PTHR31062:SF25","xyloglucan:xyloglucosyl transferase 33"
"82","Manes.09G108700.v8.1",295.413923155886,0.22904598733961,0.0538205504751831,4.25573475777109,2.08363607067324e-05,0.00404986767079391,"Manes.09G108700","","","RNA binding; protein binding",NA,"(1 of 2) K13100 - pre-mRNA-splicing factor CWC22 (CWC22)","GO:0003723 GO:0005515","","K13100","PF02847","PTHR18034 PTHR18034:SF3","MIF4G domain-containing protein / MA3 domain-containing protein"
"83","Manes.16G052800.v8.1",917.236080113007,0.307711883239034,0.0723192387745239,4.2549104284465,2.091327173993e-05,0.00404986767079391,"Manes.16G052800","","","protein import into nucleus",NA,"(1 of 1) K09291 - nucleoprotein TPR (TPR, MLP1, MLP2)","GO:0006606","","K09291","PF07926","PTHR18898 PTHR18898:SF2","nuclear pore anchor"
"84","Manes.08G011400.v8.1",96.1597261260754,-0.47858326145634,0.112569983311085,-4.25142873241603,2.12411104130789e-05,0.00406438532939783,"Manes.08G011400","","","",NA,"(1 of 1) PTHR10343//PTHR10343:SF60 - 5'-AMP-ACTIVATED PROTEIN KINASE , BETA SUBUNIT // SNF1 PROTEIN KINASE SUBUNIT BETA-2-RELATED","","","","PF16561","PTHR10343 PTHR10343:SF60","5'-AMP-activated protein kinase-related"
"85","Manes.08G019400.v8.1",463.407153701582,0.47701039657038,0.112454339096019,4.24181405897628,2.21720352959461e-05,0.00414385027106676,"Manes.08G019400","","","monooxygenase activity; iron ion binding; oxidoreductase activity, acting on paired donors, with incorporation or reduction of molecular oxygen; heme binding",NA,"(1 of 1) K07410 - cytochrome P450, family 1, subfamily B, polypeptide 1 (CYP1B1)","GO:0004497 GO:0005506 GO:0016705 GO:0020037 GO:0055114","KOG0156","K07410","PF00067","PTHR24298 PTHR24298:SF119",""
"86","Manes.08G134400.v8.1",722.987840584804,-0.370402162546169,0.0873184715784506,-4.24196800345256,2.21568285950895e-05,0.00414385027106676,"Manes.08G134400","PWY-882","L-ascorbate biosynthesis I (L-galactose pathway)","",NA,"(1 of 2) K10046 - GDP-D-mannose 3', 5'-epimerase (GME)","","KOG1429","K10046","PF16363","PTHR10366 PTHR10366:SF327","GDP-D-mannose 3',5'-epimerase"
"87","Manes.01G193400.v8.1",114.102306802654,-0.475006476495715,0.112324614340292,-4.22887253417727,2.34865358976291e-05,0.00433907001704129,"Manes.01G193400","","","protein dimerization activity",NA,"(1 of 2) PTHR12565//PTHR12565:SF143 - STEROL REGULATORY ELEMENT-BINDING PROTEIN // SUBFAMILY NOT NAMED","GO:0046983","","","PF00010","PTHR12565 PTHR12565:SF143","BIG PETAL P"
"88","Manes.09G140700.v8.1",1752.08173486541,-0.513269686772092,0.121706863893971,-4.21726162642106,2.47287007219594e-05,0.00451664098527334,"Manes.09G140700","","","",NA,"","","","","","PTHR34114 PTHR34114:SF3",""
"89","Manes.05G175700.v8.1",106.214361049197,-0.579766935406033,0.137679152033915,-4.21100019023372,2.54242532313779e-05,0.00454048913542153,"Manes.05G175700","","","DNA binding",NA,"(1 of 2) PTHR24326:SF263 - WUSCHEL-RELATED HOMEOBOX 4","GO:0003677","","","PF00046","PTHR24326 PTHR24326:SF263","WUSCHEL related homeobox 4"
"90","Manes.10G144000.v8.1",37.8431875255448,0.548653664442234,0.130288569476515,4.21106522733855,2.54169338658872e-05,0.00454048913542153,"Manes.10G144000","","","ADP binding",NA,"(1 of 18) PTHR23155//PTHR23155:SF609 - LEUCINE-RICH REPEAT-CONTAINING PROTEIN // SUBFAMILY NOT NAMED","GO:0043531","KOG4658","","PF00931","PTHR23155 PTHR23155:SF609",""
"91","Manes.09G121500.v8.1",33.3568972024939,-0.517700046230857,0.12337632026298,-4.19610542061364,2.71543892689015e-05,0.00474638328893468,"Manes.09G121500","","","",NA,"(1 of 6) PF06697 - Protein of unknown function (DUF1191) (DUF1191)","","","","PF06697","PTHR33512 PTHR33512:SF1","Protein of unknown function (DUF1191)"
"92","Manes.13G031000.v8.1",713.991020020427,0.234078958393522,0.0557862956289326,4.19599393999055,2.71677510472215e-05,0.00474638328893468,"Manes.13G031000","","","nucleic acid binding; mRNA processing",NA,"(1 of 1) K12822 - RNA-binding protein 25 (RBM25, S164)","GO:0003676 GO:0006397","KOG2253","K12822","PF00076 PF01480","PTHR18806 PTHR18806:SF4","splicing factor PWI domain-containing protein / RNA recognition motif (RRM)-containing protein"
"93","Manes.13G076700.v8.1",385.855604697555,-0.420346100481588,0.100272257836127,-4.1920478261151,2.76447697269965e-05,0.004777789073355,"Manes.13G076700","","","zinc ion binding; oxidoreductase activity",NA,"(1 of 1) 1.2.1.76 - Succinate-semialdehyde dehydrogenase (acetylating) / Succinyl-CoA reductase","GO:0008270 GO:0016491 GO:0055114","KOG0022","","PF08240 PF13602","PTHR11695 PTHR11695:SF555","GroES-like zinc-binding alcohol dehydrogenase family protein"
"94","Manes.07G099600.v8.1",67.4676772699858,-0.405772263290583,0.0970096176289181,-4.18280448071392,2.87935006287784e-05,0.00492338229368463,"Manes.07G099600","","","DNA binding; DNA-binding transcription factor activity; nucleus; regulation of DNA-templated transcription; zinc ion binding; sequence-specific DNA binding; positive regulation of DNA-templated transcription",NA,"(1 of 2) PTHR10071:SF194 - GATA TRANSCRIPTION FACTOR 8","GO:0003677 GO:0003700 GO:0005634 GO:0006355 GO:0008270 GO:0043565 GO:0045893","","","PF00320","PTHR10071 PTHR10071:SF194","Plant-specific GATA-type zinc finger transcription factor family protein"
"95","Manes.01G020800.v8.1",294.136818576226,0.217961231224226,0.0521641866370443,4.1783692083764,2.93606759978695e-05,0.00496751731909217,"Manes.01G020800","","","transcription initiation at RNA polymerase II promoter; sequence-specific DNA binding",NA,"(1 of 2) K03136 - transcription initiation factor TFIIE subunit alpha (TFIIE1, GTF2E1, TFA1, tfe)","GO:0006367 GO:0043565","KOG2593","K03136","PF02002","PTHR13097 PTHR13097:SF7","Transcription factor TFIIE, alpha subunit"
"96","Manes.06G171700.v8.1",199.554646651967,-0.289562905550882,0.0693456553588182,-4.17564595867736,2.97141655822606e-05,0.0049749560771216,"Manes.06G171700","","","",NA,"","","","","","PTHR31521 PTHR31521:SF3","Trypsin family protein"
"97","Manes.08G040500.v8.1",249.080969081907,-0.382987397471574,0.0919573063678092,-4.16483923463034,3.11572035102452e-05,0.00500250258098657,"Manes.08G040500","TRIGLSYN-PWY","diacylglycerol and triacylglycerol biosynthesis","",NA,"(1 of 2) K04716 - sphingosine-1-phosphate phosphatase 1 (SGPP1)","","KOG2822","K04716","PF01569","PTHR14969 PTHR14969:SF3","Phosphatidic acid phosphatase (PAP2) family protein"
"98","Manes.11G033651.v8.1",69.8640683945574,0.341074529796222,0.0818387667726423,4.16764014472222,3.0776929385515e-05,0.00500250258098657,"Manes.11G033651","","","transcription elongation by RNA polymerase II; Cdc73/Paf1 complex",NA,"(1 of 1) K15174 - RNA polymerase II-associated factor 1 (PAF1)","GO:0006368 GO:0016570 GO:0016593","KOG2478","K15174","PF03985","PTHR23188 PTHR23188:SF12","hydroxyproline-rich glycoprotein family protein"
"99","Manes.13G115000.v8.1",2114.63431561737,-0.442364007088592,0.106255642667027,-4.16320485185741,3.13811588060671e-05,0.00500250258098657,"Manes.13G115000","","","",NA,"(1 of 2) PTHR37209//PTHR37209:SF2 - FAMILY NOT NAMED // LYSINE-RICH ARABINOGALACTAN PROTEIN 17-RELATED","","","","","PTHR37209 PTHR37209:SF2","arabinogalactan protein  18"
"100","Manes.15G064700.v8.1",73.9154958590183,-0.400034488792204,0.0959323181641701,-4.16996583057255,3.04645311697377e-05,0.00500250258098657,"Manes.15G064700","PWY-7409","phospholipid remodeling (phosphatidylethanolamine, yeast)","lipid metabolic process; phosphoric diester hydrolase activity; glycerophosphodiester phosphodiesterase activity",NA,"(1 of 2) PTHR23344//PTHR23344:SF8 - GLYCEROPHOSPHORYL DIESTER PHOSPHODIESTERASE // GLYCEROPHOSPHODIESTER PHOSPHODIESTERASE-LIKE PROTEIN-RELATED","GO:0006629 GO:0008081 GO:0008889","KOG2258","","PF03009","PTHR23344 PTHR23344:SF8","SHV3-like 1"
"101","Manes.18G055200.v8.1",122.380303063471,0.144926503518703,0.0348145477331845,4.16281448288246,3.14348759210877e-05,0.00500250258098657,"Manes.18G055200","","","",NA,"(1 of 2) PTHR33966:SF1 - PROTEIN ODR-4 HOMOLOG","","","","PF14778","PTHR33966 PTHR33966:SF1","oxidoreductase, zinc-binding dehydrogenase family protein"
"102","Manes.01G248600.v8.1",30.9513490546568,0.36915538465873,0.0888296410909443,4.15576805360259,3.24196596010895e-05,0.00510863910557168,"Manes.01G248600","","","protein kinase activity; protein binding; ATP binding; protein phosphorylation",NA,"(1 of 2) K16240 - protein suppressor of PHYA-105 1 (SPA1)","GO:0004672 GO:0005515 GO:0005524 GO:0006468","KOG0316","K16240","PF00069 PF00400","PTHR22847 PTHR22847:SF422","SPA (suppressor of phyA-105) protein family"
"103","Manes.15G043400.v8.1",342.575550111626,0.514784664987007,0.123973728930083,4.15236896905255,3.29051165345098e-05,0.00513479551513764,"Manes.15G043400","PWY-2724","alkane oxidation","oxidoreductase activity, acting on CH-OH group of donors; long-chain-alcohol oxidase activity",NA,"(1 of 4) 1.1.3.20 - Long-chain-alcohol oxidase","GO:0016614 GO:0046577 GO:0055114","","K17756","PF05199 PF13450","PTHR10668 PTHR10668:SF81","fatty alcohol oxidase 3"
"104","Manes.01G049375.v8.1",130.52439353048,0.223666727370556,0.0540052048205918,4.1415772445191,3.44925668320258e-05,0.00517361325297718,"Manes.01G049375","","","",NA,"","","","","","PTHR34200 PTHR34200:SF2",""
"105","Manes.05G174200.v8.1",677.133097567995,-0.625417694682054,0.151152172374262,-4.13766924324105,3.50851642241344e-05,0.00517361325297718,"Manes.05G174200","","","protein kinase activity; protein serine/threonine kinase activity; protein tyrosine kinase activity; ATP binding; protein phosphorylation",NA,"(1 of 2) PTHR24356:SF195 - PROTEIN KINASE FAMILY PROTEIN","GO:0004672 GO:0004674 GO:0004713 GO:0005524 GO:0006468","","K08790","PF00433 PF07714","PTHR24356 PTHR24356:SF195","Protein kinase family protein"
"106","Manes.10G008900.v8.1",259.867947563652,0.200815860790859,0.0484439970763729,4.14531981071399,3.39339759584738e-05,0.00517361325297718,"Manes.10G008900","","","iron ion transport; intracellular iron ion homeostasis; ferric iron binding",NA,"(1 of 2) PTHR11431:SF41 - FERRITIN-1, CHLOROPLASTIC-RELATED","GO:0006826 GO:0006879 GO:0008199","KOG2332","K00522","PF00210","PTHR11431 PTHR11431:SF41","ferritin 2"
"107","Manes.13G118200.v8.1",32.4696407214465,0.307258919261689,0.0740968421553067,4.14672083619536,3.37270868952141e-05,0.00517361325297718,"Manes.13G118200","","","nucleotide binding; monoatomic cation transport; ATPase-coupled monoatomic cation transmembrane transporter activity; metal ion binding",NA,"(1 of 2) PTHR24093//PTHR24093:SF272 - FAMILY NOT NAMED // CADMIUM/ZINC-TRANSPORTING ATPASE HMA1, CHLOROPLASTIC-RELATED","GO:0000166 GO:0006812 GO:0016021 GO:0019829 GO:0046872","","","PF00122 PF00702","PTHR24093 PTHR24093:SF272","heavy metal atpase 1"
"108","Manes.15G019200.v8.1",232.001582596158,-0.56664986811076,0.136929067275538,-4.13827304446988,3.49929783758004e-05,0.00517361325297718,"Manes.15G019200","","","membrane; transmembrane transport; transmembrane transporter activity",NA,"(1 of 10) K08145 - MFS transporter, SP family, solute carrier family 2 (facilitated glucose transporter), member 8 (SLC2A8, GLUT8)","GO:0016020 GO:0016021 GO:0022891 GO:0055085","KOG0254","K08145","PF07690","PTHR23500 PTHR23500:SF62","Major facilitator superfamily protein"
"109","Manes.16G110400.v8.1",289.979194612562,-0.178847459260192,0.0431606332820455,-4.14376355628201,3.41652006396937e-05,0.00517361325297718,"Manes.16G110400","","","protein binding",NA,"(1 of 2) K03350 - anaphase-promoting complex subunit 3 (APC3, CDC27)","GO:0005515","","K03350","PF00515 PF07719 PF12895 PF14559","PTHR12558 PTHR12558:SF13","CDC27  family protein"
"110","Manes.03G041100.v8.1",658.808281072184,-0.308487559357499,0.0746036204365255,-4.13502129725685,3.54921719034935e-05,0.00518605162731683,"Manes.03G041100","","","copper ion transmembrane transporter activity; copper ion transmembrane transport",NA,"(1 of 2) PTHR12483//PTHR12483:SF39 - SOLUTE CARRIER FAMILY 31  COPPER TRANSPORTERS // SUBFAMILY NOT NAMED","GO:0005375 GO:0016021 GO:0035434","KOG3386","K14686","PF04145","PTHR12483 PTHR12483:SF39","copper transporter 5"
"111","Manes.08G112700.v8.1",35.3257995959665,0.464596154119728,0.112419228724892,4.1327107416532,3.58509796311523e-05,0.00519128644695054,"Manes.08G112700","","","nucleic acid binding; nucleobase-containing compound metabolic process; 3'-5' exonuclease activity",NA,"(1 of 1) PTHR13620//PTHR13620:SF15 - 3-5 EXONUCLEASE // EXONUCLEASE MUT-7 HOMOLOG-RELATED","GO:0003676 GO:0006139 GO:0008408","KOG2207","","PF01612","PTHR13620 PTHR13620:SF15","Polynucleotidyl transferase, ribonuclease H-like superfamily protein"
"112","Manes.04G068800.v8.1",41.3192196322522,-0.74137999774524,0.179575848442957,-4.12850616702358,3.65127648530495e-05,0.00519353689808022,"Manes.04G068800","PWY-6824; PWY-5466","justicidin B biosynthesis; matairesinol biosynthesis","copper ion binding; oxidoreductase activity",NA,"(1 of 1) PTHR11709//PTHR11709:SF64 - MULTI-COPPER OXIDASE // MULTI-COPPER OXIDASE TYPE I FAMILY PROTEIN-RELATED","GO:0005507 GO:0016491 GO:0055114","","","PF00394 PF07731 PF07732","PTHR11709 PTHR11709:SF64",""
"113","Manes.13G020900.v8.1",138.115197447569,0.160916321831573,0.0389731143316445,4.12890590323997,3.64493522808513e-05,0.00519353689808022,"Manes.13G020900","","","nuclear pore; poly(A)+ mRNA export from nucleus",NA,"(1 of 1) K18723 - nucleoporin GLE1 (GLE1)","GO:0005643 GO:0016973","KOG2412","K18723","PF07817","PTHR12960","embryo defective 1745"
"114","Manes.01G101700.v8.1",93.6774064680755,-0.367956425872703,0.0894038655116463,-4.11566573511042,3.86063467489167e-05,0.00535968427270767,"Manes.01G101700","","","",NA,"","","","","","",""
"115","Manes.05G043200.v8.1",337.629254700781,-0.201441081221291,0.0489874412747734,-4.11209640632986,3.92082498603069e-05,0.00535968427270767,"Manes.05G043200","","","protein binding; regulation of DNA-templated transcription; response to stress",NA,"(1 of 2) PTHR10774//PTHR10774:SF51 - EXTENDED SYNAPTOTAGMIN-RELATED // C2 CALCIUM/LIPID-BINDING ENDONUCLEASE/EXONUCLEASE/PHOSPHATASE-RELATED","GO:0005515 GO:0006355 GO:0006950","","","PF00168 PF17047","PTHR10774 PTHR10774:SF51","Calcium-dependent lipid-binding (CaLB domain) family protein"
"116","Manes.08G026300.v8.1",66.6478041126264,0.386312477974642,0.0940529697781999,4.10739266272678,4.00150633189149e-05,0.00535968427270767,"Manes.08G026300","","","GTPase activity; GTP binding; SRP-dependent cotranslational protein targeting to membrane; 7S RNA binding; signal recognition particle",NA,"(1 of 1) PTHR11564//PTHR11564:SF19 - GTPASE CONTAINING FAMILY OF SIGNAL RECOGNITION PARTICLE PROTEINS // SUBFAMILY NOT NAMED","GO:0003924 GO:0005525 GO:0006614 GO:0008312 GO:0048500","","K03106","PF01656 PF02881 PF02978","PTHR11564 PTHR11564:SF19","chloroplast signal recognition particle 54 kDa subunit"
"117","Manes.08G167900.v8.1",184.475936754635,-0.309155552473589,0.0752349535334635,-4.10920108212841,3.97030259421497e-05,0.00535968427270767,"Manes.08G167900","","","",NA,"(1 of 6) PF06697 - Protein of unknown function (DUF1191) (DUF1191)","","","","PF06697","PTHR33512 PTHR33512:SF1","Protein of unknown function (DUF1191)"
"118","Manes.12G097000.v8.1",14.3507257516909,-0.924253510706699,0.224467817617923,-4.11753239513343,3.82950712592428e-05,0.00535968427270767,"Manes.12G097000","","","",NA,"(1 of 53) PF14009 - Domain of unknown function (DUF4228) (DUF4228)","","","","PF14009","PTHR33052 PTHR33052:SF17","(1 of 28) PF14009 - Domain of unknown function (DUF4228) (DUF4228)"
"119","Manes.14G037400.v8.1",178.962030104443,-0.24392070412659,0.0593446042144381,-4.11024232709005,3.95244112810333e-05,0.00535968427270767,"Manes.14G037400","","","",NA,"","","","","","PTHR33625 PTHR33625:SF3","Uncharacterised conserved protein (UCP012943)"
"120","Manes.15G122600.v8.1",143.59565341384,-0.183699163836498,0.0446604946121998,-4.11323621539824,3.90150802256286e-05,0.00535968427270767,"Manes.15G122600","PWY-5173; PWY-5464; PYRUVDEHYD-PWY","superpathway of acetyl-CoA biosynthesis; superpathway of cytosolic glycolysis (plants), pyruvate dehydrogenase and TCA cycle; pyruvate decarboxylation to acetyl CoA","catalytic activity; metabolic process","carb","(1 of 2) PTHR11624:SF76 - PYRUVATE DEHYDROGENASE E1 COMPONENT SUBUNIT BETA-2, CHLOROPLASTIC-RELATED","GO:0003824 GO:0008152","","K00162","PF02779 PF02780","PTHR11624 PTHR11624:SF76","Transketolase family protein"
"121","Manes.04G062600.v8.1",41.3923431713521,0.434387800888933,0.106095986744889,4.09429059681053,4.23462931223636e-05,0.00546585313755159,"Manes.04G062600","","","GTP binding",NA,"(1 of 1) K14539 - large subunit GTPase 1 (LSG1)","GO:0005525","","K14539","PF01926","PTHR11089 PTHR11089:SF39","P-loop containing nucleoside triphosphate hydrolases superfamily protein"
"122","Manes.14G146100.v8.1",158.902976796337,-0.899929620024438,0.219642195631549,-4.09725288639016,4.18082092903582e-05,0.00546585313755159,"Manes.14G146100","","","hydrolase activity, hydrolyzing O-glycosyl compounds; cell wall; carbohydrate metabolic process; xyloglucan metabolic process; xyloglucan:xyloglucosyl transferase activity; cell wall biogenesis; apoplast",NA,"(1 of 13) K08235//K14504 - xyloglucan:xyloglucosyl transferase (E2.4.1.207) // xyloglucan:xyloglucosyl transferase TCH4 (TCH4)","GO:0004553 GO:0005618 GO:0005975 GO:0006073 GO:0010411 GO:0016762 GO:0042546 GO:0048046","","K08235 K14504","PF00722 PF06955","PTHR31062 PTHR31062:SF32","xyloglucan endotransglycosylase 6"
"123","Manes.15G105500.v8.1",265.391049833664,0.260634729755827,0.0636246112728733,4.09644514192812,4.19542848736723e-05,0.00546585313755159,"Manes.15G105500","PWY-7511","protein ubiquitylation","protein binding; zinc ion binding",NA,"(1 of 1) PTHR23163:SF0 - E3 UBIQUITIN-PROTEIN LIGASE BRE1","GO:0005515 GO:0008270","KOG0978","K10696","PF13920","PTHR23163 PTHR23163:SF0","histone mono-ubiquitination 2"
"124","Manes.17G124500.v8.1",85.4827780608956,-0.793300835427449,0.193510326633031,-4.09952713754574,4.13995126785339e-05,0.00546585313755159,"Manes.17G124500","PWY-5936; PWY-1001","xyloglucan biosynthesis; cellulose biosynthesis","",NA,"(1 of 2) PTHR32044:SF11 - XYLOGLUCAN GLYCOSYLTRANSFERASE 4","","","","PF13632","PTHR32044 PTHR32044:SF11","Cellulose-synthase-like C4"
"125","Manes.18G141800.v8.1",53.5439835731919,0.317295351879961,0.0775137533388462,4.09340714663791,4.25080347286722e-05,0.00546585313755159,"Manes.18G141800","PWY66-423","fructose 2,6-bisphosphate biosynthesis","catalytic activity; 6-phosphofructo-2-kinase activity; ATP binding; fructose metabolic process; fructose 2,6-bisphosphate metabolic process; starch binding","carb","(1 of 1) 2.7.1.105//3.1.3.46 - 6-phosphofructo-2-kinase / Phosphofructokinase 2 // Fructose-2,6-bisphosphate 2-phosphatase / Fructose-2,6-bisphosphatase","GO:0003824 GO:0003873 GO:0005524 GO:0006000 GO:0006003 GO:2001070","KOG0234","K01103","PF00300 PF00686 PF01591","PTHR10606 PTHR10606:SF44","fructose-2,6-bisphosphatase"
"126","Manes.04G164800.v8.1",161.290918965545,0.24586856346283,0.0600990132949728,4.09105823844526,4.2940927147438e-05,0.00547769461937119,"Manes.04G164800","","","mRNA splicing, via spliceosome; spliceosomal complex",NA,"(1 of 1) K12874 - intron-binding protein aquarius (AQR)","GO:0000398 GO:0005681","","K12874","PF13086 PF13087 PF16399","PTHR10887 PTHR10887:SF5","P-loop containing nucleoside triphosphate hydrolases superfamily protein"
"127","Manes.14G007400.v8.1",31.6135008966765,0.404535958009502,0.098957434150633,4.08797945785172,4.35146674264588e-05,0.00550717519327144,"Manes.14G007400","","","",NA,"(1 of 1) PF01464 - Transglycosylase SLT domain (SLT)","","","","PF01464","PTHR37179 PTHR37179:SF1","(1 of 1) PF01464 - Transglycosylase SLT domain (SLT)"
"128","Manes.16G032600.v8.1",368.95548093768,0.182409790721021,0.0447545952110239,4.07577791422165,4.58607729846035e-05,0.00575875159516822,"Manes.16G032600","","","GTPase activity; GTP binding",NA,"(1 of 2) PTHR10751//PTHR10751:SF44 - GUANYLATE BINDING PROTEIN // SUBFAMILY NOT NAMED","GO:0003924 GO:0005525","KOG2037","","PF02263 PF02841","PTHR10751 PTHR10751:SF44","Guanylate-binding family protein"
"129","Manes.15G032400.v8.1",1280.65988306904,0.649075054375406,0.159327000511959,4.07385472826174,4.62413318037158e-05,0.00576152655876841,"Manes.15G032400","","","",NA,"(1 of 2) PTHR31351//PTHR31351:SF4 - FAMILY NOT NAMED // GENOMIC DNA, CHROMOSOME 3, P1 CLONE: MWI23-RELATED","","","","PF05703 PF08458","PTHR31351 PTHR31351:SF4","Plant protein of unknown function (DUF828) with plant pleckstrin homology-like region"
"130","Manes.18G016800.v8.1",65.8840136725749,0.386942030628231,0.0950419903629313,4.07127448773577,4.67566141045221e-05,0.00578091583463065,"Manes.18G016800","PWY-6441","spermine and spermidine degradation III","protein binding",NA,"(1 of 2) PTHR10742:SF284 - LYSINE-SPECIFIC HISTONE DEMETHYLASE 1A","GO:0005515","KOG0029","","PF04433 PF13450","PTHR10742 PTHR10742:SF284","LSD1-like 3"
"131","Manes.01G208500.v8.1",24.8844835832997,0.772796052277,0.190034809814243,4.0666026031357,4.77034875569916e-05,0.00585296301911089,"Manes.01G208500","","","malate transport",NA,"(1 of 8) PF13515 - Fusaric acid resistance protein-like (FUSC_2)","GO:0015743","","","PF13515","PTHR31086 PTHR31086:SF13",""
"132","Manes.14G032700.v8.1",154.685374878621,0.221699999933124,0.0545823508246805,4.06175250027666,4.87056994622542e-05,0.00593065687467281,"Manes.14G032700","","","DNA binding; zinc ion binding",NA,"(1 of 4) PTHR10634//PTHR10634:SF36 - AN1-TYPE ZINC FINGER PROTEIN // ZINC FINGER A20 AND AN1 DOMAIN-CONTAINING STRESS-ASSOCIATED PROTEIN 10-RELATED","GO:0003677 GO:0008270","KOG3173","","PF01428 PF01754","PTHR10634 PTHR10634:SF36","stress-associated protein 10"
"133","Manes.09G002900.v8.1",233.244214202933,0.176525286169578,0.0435136985194216,4.05677504270958,4.97549623987507e-05,0.00601286850101594,"Manes.09G002900","","","nucleic acid binding; protein binding; ATP binding; zinc ion binding; hydrolase activity, acting on acid anhydrides, in phosphorus-containing anhydrides; metal ion binding",NA,"(1 of 1) K15711 - SWI/SNF-related matrix-associated actin-dependent regulator of chromatin subfamily A3 [EC:3.6.4.- 6.3.2.19] (SMARCA3, HLTF)","GO:0003676 GO:0005515 GO:0005524 GO:0008270 GO:0016818 GO:0046872","KOG1001","K15711","PF00097 PF00176 PF00271 PF08797","PTHR10799","DNA/RNA helicase protein"
"134","Manes.01G051900.v8.1",8.11531809593311,-0.847598182817226,0.209188561675098,-4.05183809301043,5.08168269797218e-05,0.00602816632488945,"Manes.01G051900","","","electron transfer activity",NA,"(1 of 57) PF02298 - Plastocyanin-like domain (Cu_bind_like)","GO:0009055","","","PF02298","PTHR33021 PTHR33021:SF44","early nodulin-like protein 8"
"135","Manes.01G155900.v8.1",343.643630930064,0.270220931262258,0.0667335539991407,4.04925131464957,5.13817449455518e-05,0.00602816632488945,"Manes.01G155900","","","calcium ion binding; protein binding",NA,"(1 of 3) PTHR11216//PTHR11216:SF72 - EH DOMAIN // CALCIUM-BINDING EF HAND-CONTAINING PROTEIN","GO:0005509 GO:0005515","KOG0998","","PF12763 PF13202","PTHR11216 PTHR11216:SF72","Calcium-binding EF hand family protein"
"136","Manes.15G098800.v8.1",7.29261642973159,-0.786735452627848,0.194078051715932,-4.05370646331187,5.04124666305101e-05,0.00602816632488945,"Manes.15G098800","","","catalytic activity; alpha,alpha-trehalose-phosphate synthase (UDP-forming) activity; trehalose biosynthetic process",NA,"(1 of 4) PTHR10788:SF6 - BCDNA.GH08860","GO:0003824 GO:0003825 GO:0005992","","K16055","PF00982 PF02358","PTHR10788 PTHR10788:SF6","trehalose-6-phosphate synthase"
"137","Manes.17G021800.v8.1",79.1050401128765,0.288417908744149,0.0712255569985393,4.04935982108309,5.13579294698407e-05,0.00602816632488945,"Manes.17G021800","","","DNA binding; protein binding; nucleus; DNA-templated transcription initiation",NA,"(1 of 1) PTHR14445//PTHR14445:SF39//PTHR22884//PTHR22884:SF339 - GRB10 INTERACTING GYF PROTEIN // SWIB/MDM2, PLUS-3 AND GYF DOMAIN-CONTAINING PROTEIN-RELATED // SET DOMAIN PROTEINS // PHD FINGER, SWIB/MDM2 AND GYF DOMAIN-CONTAINING PROTEIN","GO:0003677 GO:0005515 GO:0005634 GO:0006352 GO:0016570","","","PF02201 PF02213 PF03126","PTHR14445 PTHR14445:SF39","SWIB/MDM2 domain;Plus-3;GYF"
"138","Manes.14G073900.v8.1",86.3795659475314,-0.3253149248338,0.0803771181618042,-4.04735741058694,5.17991168740685e-05,0.00603309569215147,"Manes.14G073900","","","nucleotide binding; ATP biosynthetic process; ATP hydrolysis activity; metal ion binding",NA,"(1 of 6) PTHR24093:SF264 - ATPASE 4, PLASMA MEMBRANE-TYPE","GO:0000166 GO:0006754 GO:0016021 GO:0016887 GO:0046872","","K01535","PF00122 PF00690 PF00702","PTHR24093 PTHR24093:SF264","H(+)-ATPase 11"
"139","Manes.11G137500.v8.1",880.781197229066,0.199979098667548,0.049463208352964,4.04298680426306,5.2774591833661e-05,0.00610248931325492,"Manes.11G137500","","","Ino80 complex",NA,"(1 of 2) K11671 - nuclear factor related to kappa-B-binding protein (NFRKB, INO80G)","GO:0031011","","K11671","","PTHR13052 PTHR13052:SF0","(1 of 1) PTHR13052:SF0 - NUCLEAR FACTOR RELATED TO KAPPA-B-BINDING PROTEIN"
"140","Manes.04G156100.v8.1",107.835701632269,0.161143905959067,0.0398755100710442,4.04117478803319,5.3184098379004e-05,0.00610591438032665,"Manes.04G156100","","","",NA,"(1 of 7) PF01535//PF13812 - PPR repeat (PPR) // Pentatricopeptide repeat domain (PPR_3)","","","","PF01535 PF13812","PTHR24015 PTHR24015:SF26",""
"141","Manes.03G155400.v8.1",77.7534420958763,0.311651358574342,0.0771815973429839,4.03789723590985,5.39324682273603e-05,0.00614791887814441,"Manes.03G155400","","","",NA,"(1 of 2) PTHR19306:SF4 - GENOMIC DNA, CHROMOSOME 3, BAC CLONE:F14O13","","KOG1003","","","PTHR19306 PTHR19306:SF4","BLISTER"
"142","Manes.10G072350.v8.1",24.8580687880594,-1.22745390910658,0.304721912888923,-4.02811172150264,5.62266251880027e-05,0.00636429962427301,"Manes.10G072350","PWY-5271","phaseic acid biosynthesis","monooxygenase activity; iron ion binding; oxidoreductase activity, acting on paired donors, with incorporation or reduction of molecular oxygen; heme binding",NA,"(1 of 3) PTHR24286:SF10 - ABSCISIC ACID 8'-HYDROXYLASE 1-RELATED","GO:0004497 GO:0005506 GO:0016705 GO:0020037 GO:0055114","KOG0157","","PF00067","PTHR24286 PTHR24286:SF10","cytochrome P450, family 707, subfamily A, polypeptide 3"
"143","Manes.16G092600.v8.1",33.4710942810552,-0.745171546983379,0.185177709146848,-4.02408880861816,5.71963322497117e-05,0.00642878774999732,"Manes.16G092600","","","response to auxin",NA,"(1 of 129) PF02519 - Auxin responsive protein (Auxin_inducible)","GO:0009733","","","PF02519","PTHR31374 PTHR31374:SF5","SAUR-like auxin-responsive protein family"
"144","Manes.11G158800.v8.1",57.2438247067939,-0.487930176767965,0.121313777947685,-4.02205079276632,5.76936122436637e-05,0.00643964881661393,"Manes.11G158800","","","",NA,"(1 of 2) PTHR21470//PTHR21470:SF4 - NTKL-BINDING PROTEIN 1 // SUBFAMILY NOT NAMED","","","","PF04949","PTHR21470 PTHR21470:SF4","Family of unknown function (DUF662)"
"145","Manes.10G141601.v8.1",47.1342453890113,0.590175896176242,0.147106882857012,4.01188499623021,6.02358440839026e-05,0.00663130631479841,"Manes.10G141601","","","ADP binding",NA,"(1 of 86) PTHR23155//PTHR23155:SF563 - LEUCINE-RICH REPEAT-CONTAINING PROTEIN // SUBFAMILY NOT NAMED","GO:0043531","KOG4658","","PF00931","PTHR23155 PTHR23155:SF563",""
"146","Manes.17G096900.v8.1",12.1546136939033,-2.25041662364112,0.560714827276749,-4.01347800016424,5.98305812214691e-05,0.00663130631479841,"Manes.17G096900","","","",NA,"(1 of 2) PTHR36346//PTHR36346:SF1 - FAMILY NOT NAMED // EXPRESSED PROTEIN","","","","","PTHR36346 PTHR36346:SF1",""
"147","Manes.05G044000.v8.1",182.356916589358,0.204686399752909,0.0511292598499514,4.00331239594707,6.24617355450136e-05,0.0068295746626871,"Manes.05G044000","","","protein peptidyl-prolyl isomerization; DNA-binding transcription factor activity; peptidyl-prolyl cis-trans isomerase activity; protein binding; regulation of DNA-templated transcription; protein folding",NA,"(1 of 1) PTHR12348//PTHR12348:SF15 - TSC22 // PROTEIN BUNCHED, CLASS 2/F/G ISOFORM","GO:0000413 GO:0003700 GO:0003755 GO:0005515 GO:0006355 GO:0006457","KOG0884","","PF00160 PF00498","PTHR12348 PTHR12348:SF15","SMAD/FHA domain-containing protein"
"148","Manes.15G001200.v8.1",713.48788536617,-0.28764809642768,0.0719426867183727,-3.99829516450656,6.38003599157406e-05,0.00692880530355202,"Manes.15G001200","","","",NA,"(1 of 3) PTHR33124//PTHR33124:SF12 - FAMILY NOT NAMED // TRANSCRIPTION FACTOR BHLH147-RELATED","","","","","PTHR33124 PTHR33124:SF12","sequence-specific DNA binding transcription factors"
"149","Manes.05G130500.v8.1",265.81903755095,-0.659464915388993,0.165241753706322,-3.99090968594437,6.58203434635769e-05,0.00708233889995859,"Manes.05G130500","DETOX1-PWY-1; DETOX1-PWY","reactive oxygen species degradation; superoxide radicals degradation","catalase activity; response to oxidative stress; heme binding",NA,"(1 of 2) PTHR11465//PTHR11465:SF15 - CATALASE // SUBFAMILY NOT NAMED","GO:0004096 GO:0006979 GO:0020037 GO:0055114","","K03781","PF00199 PF06628","PTHR11465 PTHR11465:SF15",""
"150","Manes.13G107400.v8.1",167.777130602762,0.459279535185183,0.115109938396295,3.98992077994168,6.60953670748328e-05,0.00708233889995859,"Manes.13G107400","","","DNA binding; DNA-binding transcription factor activity; regulation of DNA-templated transcription; sequence-specific DNA binding",NA,"(1 of 2) PTHR24326:SF252 - HOMEOBOX-LEUCINE ZIPPER PROTEIN HAT9","GO:0003677 GO:0003700 GO:0006355 GO:0043565","KOG0483","K09338","PF00046 PF02183","PTHR24326 PTHR24326:SF252","Homeobox-leucine zipper protein family"
"151","Manes.02G034900.v8.1",4427.7120544574,0.5788473691765,0.145852143932572,3.96872718884478,7.22575475603856e-05,0.00711266166339021,"Manes.02G034900","PWY-1081","homogalacturonan degradation","enzyme inhibitor activity",NA,"(1 of 4) PTHR31080:SF8 - F23N19.12","GO:0004857","","","PF04043","PTHR31080 PTHR31080:SF8",""
"152","Manes.02G054600.v8.1",148.984395498422,0.286401543079903,0.0722108105705774,3.96618651441365,7.30317209027447e-05,0.00711266166339021,"Manes.02G054600","","","protein binding",NA,"(1 of 1) K14863 - ribosome biogenesis protein YTM1 (YTM1, WDR12)","GO:0005515","KOG0313","K14863","PF00400 PF08154","PTHR19855","Transducin/WD40 repeat-like superfamily protein"
"153","Manes.02G224801.v8.1",7.74072982113126,0.56636107777941,0.142414626132057,3.97684629143525,6.98352731975551e-05,0.00711266166339021,"Manes.02G224801","","","",NA,"(1 of 1) PTHR12357:SF24 - EVOLUTIONARILY CONSERVED C-TERMINAL REGION 10","","KOG1901","","PF04146","PTHR12357 PTHR12357:SF24","evolutionarily conserved C-terminal region 10"
"154","Manes.04G066900.v8.1",137.914550287823,-0.753436306760635,0.190100244857108,-3.96336315782743,7.39012317418133e-05,0.00711266166339021,"Manes.04G066900","","","",NA,"(1 of 17) PF04674 - Phosphate-induced protein 1 conserved region (Phi_1)","","","","PF04674","PTHR31279 PTHR31279:SF9","EXORDIUM like 5"
"155","Manes.05G140900.v8.1",73.2341932844507,-0.613360821488147,0.15441640690085,-3.97212209374864,7.12351904535531e-05,0.00711266166339021,"Manes.05G140900","PWY-6824; PWY-5466","justicidin B biosynthesis; matairesinol biosynthesis","copper ion binding; oxidoreductase activity",NA,"(1 of 2) PTHR11709:SF90 - MULTI-COPPER OXIDASE TYPE I FAMILY PROTEIN-RELATED","GO:0005507 GO:0016491 GO:0055114","","","PF00394 PF07731 PF07732","PTHR11709 PTHR11709:SF90","SKU5 similar 5"
"156","Manes.06G058800.v8.1",218.607516719929,-0.248036947829031,0.0623770557332159,-3.97641320055045,6.99625188609397e-05,0.00711266166339021,"Manes.06G058800","","","iron ion binding; fatty acid biosynthetic process; oxidoreductase activity",NA,"(1 of 2) PTHR12863//PTHR12863:SF3 - FATTY ACID HYDROXYLASE // FATTY ACID 2-HYDROXYLASE 1-RELATED","GO:0005506 GO:0006633 GO:0016491 GO:0055114","KOG0539","","PF04116","PTHR12863 PTHR12863:SF3","fatty acid hydroxylase 1"
"157","Manes.06G128700.v8.1",8.89150305421984,-1.06886448349289,0.268577963234824,-3.97971773491466,6.89971414802553e-05,0.00711266166339021,"Manes.06G128700","","","peroxidase activity; calcium ion binding; membrane; oxidoreductase activity; oxidoreductase activity, acting on NAD(P)H, oxygen as acceptor",NA,"(1 of 2) PTHR11972//PTHR11972:SF64 - NADPH OXIDASE // RESPIRATORY BURST OXIDASE HOMOLOG PROTEIN A-RELATED","GO:0004601 GO:0005509 GO:0016020 GO:0016491 GO:0050664 GO:0055114","","K13447","PF01794 PF08022 PF08030 PF08414","PTHR11972 PTHR11972:SF64",""
"158","Manes.06G152000.v8.1",194.223972366966,-0.256553387030552,0.064453892019569,-3.98041730284742,6.87943945794459e-05,0.00711266166339021,"Manes.06G152000","","","",NA,"(1 of 13) KOG0324 - Uncharacterized conserved protein","","KOG0324","","PF05903","PTHR12378 PTHR12378:SF9","PPPDE putative thiol peptidase family protein"
"159","Manes.07G011400.v8.1",85.3141412372503,0.264605344256725,0.0666994696156036,3.96712816131334,7.27438795079512e-05,0.00711266166339021,"Manes.07G011400","","","ADP binding",NA,"(1 of 86) PTHR23155//PTHR23155:SF563 - LEUCINE-RICH REPEAT-CONTAINING PROTEIN // SUBFAMILY NOT NAMED","GO:0043531","KOG4658","","PF00931","PTHR23155 PTHR23155:SF563","NB-ARC domain-containing disease resistance protein"
"160","Manes.08G094300.v8.1",202.690339244241,0.306410322524379,0.0770571785060345,3.9764020492962,6.99657980859158e-05,0.00711266166339021,"Manes.08G094300","","","",NA,"(1 of 1) PTHR24078:SF229 - DNAJ DOMAIN-CONTAINING PROTEIN","","","","PF00226","PTHR24078 PTHR24078:SF229","DNAJ heat shock N-terminal domain-containing protein"
"161","Manes.08G101700.v8.1",216.400305892591,0.239098234182666,0.0601587015798894,3.97445802358531,7.05397011366428e-05,0.00711266166339021,"Manes.08G101700","","","",NA,"(1 of 2) PTHR21654//PTHR21654:SF10 - FAMILY NOT NAMED // GT-2-RELATED PROTEIN","","","","PF13837","PTHR21654 PTHR21654:SF10","Homeodomain-like superfamily protein"
"162","Manes.09G182100.v8.1",7.4509552072165,-0.780722425811658,0.196405705488324,-3.97504962429959,7.03645827745922e-05,0.00711266166339021,"Manes.09G182100","","","hydrolase activity",NA,"(1 of 2) PTHR21562//PTHR21562:SF5 - NOTUM-RELATED // PECTINACETYLESTERASE FAMILY PROTEIN","GO:0016787","","","PF03283","PTHR21562 PTHR21562:SF5","Pectinacetylesterase family protein"
"163","Manes.10G119700.v8.1",630.515986958986,0.219298792116811,0.0552361225264478,3.97020612755372,7.18104787518294e-05,0.00711266166339021,"Manes.10G119700","","","nucleic acid binding; helicase activity; ATP binding",NA,"(1 of 1) K18995 - ATP-dependent RNA helicase DHX29 [EC:3.6.4.13] (DHX29)","GO:0003676 GO:0004386 GO:0005524","","K18995","PF00270 PF00271 PF04408 PF07717","PTHR18934 PTHR18934:SF145","RNA helicase family protein"
"164","Manes.10G141500.v8.1",14.1659207663805,0.683558811205878,0.172467693758107,3.96340205119572,7.38891874980782e-05,0.00711266166339021,"Manes.10G141500","","","ADP binding",NA,"(1 of 86) PTHR23155//PTHR23155:SF563 - LEUCINE-RICH REPEAT-CONTAINING PROTEIN // SUBFAMILY NOT NAMED","GO:0043531","KOG4658","","PF00931","PTHR23155 PTHR23155:SF563",""
"165","Manes.11G011300.v8.1",147.423286422846,-0.528277271107698,0.132532430790145,-3.98602265089505,6.71901004794445e-05,0.00711266166339021,"Manes.11G011300","","","protein kinase activity; protein tyrosine kinase activity; protein binding; ATP binding; protein phosphorylation",NA,"(1 of 25) PF07714//PF08263//PF13855 - Protein tyrosine kinase (Pkinase_Tyr) // Leucine rich repeat N-terminal domain (LRRNT_2) // Leucine rich repeat (LRR_8)","GO:0004672 GO:0004713 GO:0005515 GO:0005524 GO:0006468","KOG1187","","PF07714 PF08263 PF13855","PTHR27001 PTHR27001:SF81","STRUBBELIG-receptor family 6"
"166","Manes.14G088200.v8.1",77.3738917558641,-0.48510314922673,0.122343890211045,-3.96507866792464,7.3371745195802e-05,0.00711266166339021,"Manes.14G088200","","","DNA binding; nucleus",NA,"(1 of 1) PTHR31251:SF22 - SQUAMOSA PROMOTER-BINDING-LIKE PROTEIN 15-RELATED","GO:0003677 GO:0005634","","","PF03110","PTHR31251 PTHR31251:SF22","Squamosa promoter-binding protein-like (SBP domain) transcription factor family protein"
"167","Manes.18G049300.v8.1",653.982645396621,0.185935721390011,0.0468206803920507,3.97123065775822,7.150230870069e-05,0.00711266166339021,"Manes.18G049300","","","protein binding",NA,"(1 of 1) PTHR11864//PTHR11864:SF0//PTHR11864:SF21 - PRE-MRNA-PROCESSING PROTEIN PRP40 // PRP40 PRE-MRNA PROCESSING FACTOR 40 HOMOLOG A (YEAST) // SUBFAMILY NOT NAMED","GO:0005515","KOG0152","K12821","PF00397 PF01846","PTHR11864 PTHR11864:SF21","pre-mRNA-processing protein 40A"
"168","Manes.18G065800.v8.1",182.967975664336,-0.88589443430047,0.223729283021961,-3.95967135966512,7.50529747120058e-05,0.00718051465801231,"Manes.18G065800","","","",NA,"(1 of 5) PTHR31279:SF3 - (PHI-1) PROTEIN, PUTATIVE-RELATED","","","","PF04674","PTHR31279 PTHR31279:SF3","Phosphate-responsive 1 family protein"
"169","Manes.03G209800.v8.1",473.994683948083,0.260564372658454,0.0659308685085775,3.95208463884493,7.74733270992689e-05,0.00720834770353435,"Manes.03G209800","","","protein binding",NA,"(1 of 1) PTHR16166//PTHR16166:SF93 - VACUOLAR PROTEIN SORTING-ASSOCIATED PROTEIN  VPS13 // PROTEIN T08G11.1, ISOFORM A","GO:0005515 GO:0016021","KOG1809","","PF00168 PF06101 PF06650 PF12624 PF16908 PF16909 PF16910","PTHR16166 PTHR16166:SF93","calcium-dependent lipid-binding family protein"
"170","Manes.05G025200.v8.1",34.0083018275985,-0.701317730629114,0.177428765424141,-3.9526720988709,7.72833079307378e-05,0.00720834770353435,"Manes.05G025200","","","",NA,"(1 of 2) PTHR32285//PTHR32285:SF9 - FAMILY NOT NAMED // PROTEIN TRICHOME BIREFRINGENCE-LIKE 25-RELATED","","","","PF13839 PF14416","PTHR32285 PTHR32285:SF9","TRICHOME BIREFRINGENCE-LIKE 25"
"171","Manes.08G148300.v8.1",226.319426698012,-0.285673599565068,0.0722906570625127,-3.951736104958,7.75862721776546e-05,0.00720834770353435,"Manes.08G148300","","","protein binding; zinc ion binding",NA,"(1 of 2) PTHR31150//PTHR31150:SF9 - FAMILY NOT NAMED // PROTEIN BINDING / ZINC ION BINDING PROTEIN","GO:0005515 GO:0008270","","","","PTHR31150 PTHR31150:SF9","RING/U-box superfamily protein"
"172","Manes.12G046700.v8.1",34.9160655801326,-0.261538913633859,0.0661283950506929,-3.95501680380066,7.65292726570276e-05,0.00720834770353435,"Manes.12G046700","","","endoplasmic reticulum; intracellular protein transport",NA,"(1 of 2) PTHR12701//PTHR12701:SF13 - BCR-ASSOCIATED PROTEIN, BAP // B-CELL RECEPTOR-ASSOCIATED PROTEIN 31-LIKE PROTEIN","GO:0005783 GO:0006886 GO:0016021","KOG1962","K14009","PF05266 PF05529","PTHR12701 PTHR12701:SF13","B-cell receptor-associated protein 31-like"
"173","Manes.18G082550.v8.1",121.610338772395,0.275949409833499,0.0697944172217358,3.95374617079776,7.69370286423156e-05,0.00720834770353435,"Manes.18G082550","","","protein binding; nucleus; zinc ion binding",NA,"(1 of 2) PTHR22884//PTHR22884:SF276 - SET DOMAIN PROTEINS // HISTONE-LYSINE N-METHYLTRANSFERASE, H3 LYSINE-36 SPECIFIC","GO:0005515 GO:0005634 GO:0008270 GO:0018024","","","PF00856 PF07496","PTHR22884 PTHR22884:SF276","histone methyltransferases(H3-K4 specific);histone methyltransferases(H3-K36 specific)"
"174","Manes.18G056822.v8.1",230.2938005777,0.259277632720834,0.0656856585907454,3.94724873409983,7.90544146302653e-05,0.00730253796754169,"Manes.18G056822","","","protein binding",NA,"(1 of 1) PTHR13743//PTHR13743:SF83 - BEIGE/BEACH-RELATED // SUBFAMILY NOT NAMED","GO:0005515","","","PF00400 PF02138 PF13385 PF14844 PF15787 PF16057","PTHR13743 PTHR13743:SF83","binding"
"175","Manes.07G131700.v8.1",55.9130881722239,0.483912566516157,0.122664821999773,3.9449987260166,7.98004028742835e-05,0.00732932500227633,"Manes.07G131700","","","protein dimerization activity",NA,"(1 of 3) PTHR12565//PTHR12565:SF181 - STEROL REGULATORY ELEMENT-BINDING PROTEIN // SUBFAMILY NOT NAMED","GO:0046983","","","PF00010","PTHR12565 PTHR12565:SF181","basic helix-loop-helix (bHLH) DNA-binding superfamily protein"
"176","Manes.12G014500.v8.1",549.574701863757,0.212509804119612,0.0539753194393915,3.93716621461106,8.2449499679682e-05,0.00748706671385045,"Manes.12G014500","","","protein kinase activity; protein tyrosine kinase activity; ATP binding; protein phosphorylation",NA,"(1 of 3) PTHR24056:SF107 - CYCLIN-DEPENDENT KINASE 11A-RELATED","GO:0004672 GO:0004713 GO:0005524 GO:0006468","","","PF00069","PTHR24056 PTHR24056:SF107","Protein kinase superfamily protein"
"177","Manes.18G007380.v8.1",71.5599440063249,-0.467851718684676,0.118815651847234,-3.93762699956579,8.22913804301195e-05,0.00748706671385045,"Manes.18G007380","PWY-5486; PWY-6333; PWY-6802; PWY66-21; PWY66-389","pyruvate fermentation to ethanol II; acetaldehyde biosynthesis I; salidroside biosynthesis; ethanol degradation II; phytol degradation","zinc ion binding; oxidoreductase activity","carb","(1 of 1) PTHR11695//PTHR11695:SF490 - ALCOHOL DEHYDROGENASE RELATED // SUBFAMILY NOT NAMED","GO:0008270 GO:0016491 GO:0055114","","K00121","PF00107 PF08240","PTHR11695 PTHR11695:SF490","Zinc-binding alcohol dehydrogenase family protein"
"178","Manes.01G008000.v8.1",166.327218594799,0.196883606495245,0.0500544297252315,3.93339026288016,8.37560856283396e-05,0.00750125737316537,"Manes.01G008000","","","protein binding",NA,"(1 of 2) K13342 - peroxin-5 (PEX5, PXR1)","GO:0005515","KOG1125","K13342","PF07719 PF13371","PTHR10130 PTHR10130:SF0","peroxin 5"
"179","Manes.01G121500.v8.1",63.9706797358294,-0.438795057503975,0.111725862379416,-3.92742600646792,8.58598234500947e-05,0.00750125737316537,"Manes.01G121500","","","metal ion binding",NA,"","GO:0046872","","","","","zinc finger protein 4"
"180","Manes.01G178200.v8.1",194.314400367528,0.172810481960356,0.0439326560589936,3.93353139697047,8.3706899220514e-05,0.00750125737316537,"Manes.01G178200","","","metal ion binding",NA,"(1 of 1) PTHR13119:SF12 - PROTEIN SUPPRESSOR OF SABLE","GO:0046872","","","","PTHR13119 PTHR13119:SF12","CCCH-type zinc finger family protein"
"181","Manes.04G035800.v8.1",364.066670391614,-0.46827800495986,0.119164498975899,-3.92967711847274,8.50600025066716e-05,0.00750125737316537,"Manes.04G035800","","","protein dimerization activity",NA,"(1 of 2) PTHR16223//PTHR16223:SF41 - FAMILY NOT NAMED // BHLH TRANSCRIPTION FACTOR","GO:0046983","","","","PTHR16223 PTHR16223:SF41",""
"182","Manes.06G167500.v8.1",18.1376290798601,-0.762174027623271,0.193850907757997,-3.93175371958933,8.43284328593024e-05,0.00750125737316537,"Manes.06G167500","","","protein binding",NA,"(1 of 3) PTHR27000:SF151 - DNA-DAMAGE-REPAIR/TOLERATION PROTEIN DRT100-RELATED","GO:0005515","","","PF00560 PF08263 PF13855","PTHR27000 PTHR27000:SF151","Leucine-rich repeat (LRR) family protein"
"183","Manes.13G027401.v8.1",343.267011706686,0.35236170242461,0.0897179548425531,3.92743796983528,8.58555541402884e-05,0.00750125737316537,"Manes.13G027401","","","DNA binding; nucleus; regulation of DNA-templated transcription",NA,"(1 of 2) PTHR11850//PTHR11850:SF101 - HOMEOBOX PROTEIN TRANSCRIPTION FACTORS // SUBFAMILY NOT NAMED","GO:0003677 GO:0005634 GO:0006355","KOG0773","","PF03789 PF03790 PF03791 PF05920","PTHR11850 PTHR11850:SF101","KNOTTED1-like homeobox gene 6"
"184","Manes.18G044300.v8.1",316.930436934527,-0.275569037672272,0.0701659463481421,-3.92739002343078,8.58726657538996e-05,0.00750125737316537,"Manes.18G044300","","","serine-type endopeptidase activity; proteolysis",NA,"(1 of 2) PTHR10795//PTHR10795:SF388 - PROPROTEIN CONVERTASE SUBTILISIN/KEXIN // SUBFAMILY NOT NAMED","GO:0004252 GO:0006508","","","PF00082 PF02225 PF05922","PTHR10795 PTHR10795:SF388",""
"185","Manes.01G097900.v8.1",852.293910477698,-0.247280663414676,0.0631336136297301,-3.91678298132819,8.97384640808024e-05,0.00756182508413201,"Manes.01G097900","PWY-7346; PWY-4821","UDP-&alpha;-D-glucuronate biosynthesis (from UDP-glucose); UDP-D-xylose biosynthesis","UDP-glucose 6-dehydrogenase activity; oxidoreductase activity, acting on the CH-OH group of donors, NAD or NADP as acceptor; NAD binding",NA,"(1 of 4) K00012 - UDPglucose 6-dehydrogenase (UGDH, ugd)","GO:0003979 GO:0016616 GO:0051287 GO:0055114","","K00012","PF00984 PF03720 PF03721","PTHR11374 PTHR11374:SF28","UDP-glucose 6-dehydrogenase family protein"
"186","Manes.08G015200.v8.1",536.155148876641,-0.437168810134199,0.111409366789814,-3.92398613088758,8.70957516477971e-05,0.00756182508413201,"Manes.08G015200","","","enzyme inhibitor activity",NA,"(1 of 3) PTHR31080//PTHR31080:SF1 - FAMILY NOT NAMED // CELL WALL / VACUOLAR INHIBITOR OF FRUCTOSIDASE 2-RELATED","GO:0004857","","","PF04043","PTHR31080 PTHR31080:SF1","Plant invertase/pectin methylesterase inhibitor superfamily protein"
"187","Manes.09G052300.v8.1",69.6448999369582,0.266281155692717,0.067880968552462,3.92276600306493,8.75381611118784e-05,0.00756182508413201,"Manes.09G052300","PWY-7437","protein <i>O</i>-[<i>N</i>-acetyl]-glucosylation","protein binding",NA,"(1 of 2) PTHR23083//PTHR23083:SF397 - TETRATRICOPEPTIDE REPEAT PROTEIN, TPR // UDP-N-ACETYLGLUCOSAMINE--PEPTIDE N-ACETYLGLUCOSAMINYLTRANSFERASE SPINDLY-RELATED","GO:0005515","","","PF00515 PF13414 PF13424 PF13844","PTHR23083 PTHR23083:SF397","Tetratricopeptide repeat (TPR)-like superfamily protein"
"188","Manes.09G169000.v8.1",328.991445540802,0.376333452804455,0.0960878720504,3.91655517781745,8.98232643807836e-05,0.00756182508413201,"Manes.09G169000","","","metal ion binding",NA,"(1 of 2) PTHR10593:SF31 - C2H2-LIKE ZINC FINGER PROTEIN-RELATED","GO:0046872","","","PF12171","PTHR10593 PTHR10593:SF31",""
"189","Manes.15G033100.v8.1",492.511760199956,0.891497046662006,0.227693959844238,3.91533024095968,9.02805488864565e-05,0.00756182508413201,"Manes.15G033100","","","",NA,"(1 of 1) PTHR14154//PTHR14154:SF5 - UPF0041 BRAIN PROTEIN 44-RELATED // EARLY LIGHT-INDUCED PROTEIN 1, CHLOROPLASTIC-RELATED","","","","PF00504","PTHR14154 PTHR14154:SF5","Chlorophyll A-B binding family protein"
"190","Manes.15G169600.v8.1",27.6545912811971,0.345708092354309,0.0882989895437665,3.91519873716057,9.03297714274464e-05,0.00756182508413201,"Manes.15G169600","","","catalytic activity; protein serine/threonine phosphatase activity; protein dephosphorylation",NA,"(1 of 2) PTHR13832//PTHR13832:SF340 - PROTEIN PHOSPHATASE 2C // PROTEIN PHOSPHATASE 2C 29","GO:0003824 GO:0004722 GO:0006470","KOG0700","","PF00481","PTHR13832 PTHR13832:SF340","poltergeist like 1"
"191","Manes.16G075700.v8.1",579.757495403128,0.600601937109067,0.153349341618003,3.91656025889686,8.98213721140007e-05,0.00756182508413201,"Manes.16G075700","PWY-7101","5-deoxystrigol biosynthesis","",NA,"(1 of 1) 1.13.11.69//1.13.11.70 - Carlactone synthase // All-trans-10'-apo-beta-carotenal 13,14-cleaving dioxygenase / Carotenoid cleavage dioxygenase 8","","KOG1285","K17913","PF03055","PTHR10543 PTHR10543:SF50","carotenoid cleavage dioxygenase 8"
"192","Manes.18G084700.v8.1",263.344558278678,0.351017410453687,0.0895393130848909,3.92026025619487,8.84533927556057e-05,0.00756182508413201,"Manes.18G084700","","","",NA,"","","","","","PTHR34193 PTHR34193:SF1",""
"193","Manes.12G139700.v8.1",466.370080957655,-0.65467035455772,0.167305209887122,-3.91303029355401,9.11450953371821e-05,0.00759054464950532,"Manes.12G139700","","","",NA,"","","","","","PTHR36067 PTHR36067:SF1",""
"194","Manes.12G125300.v8.1",72.8618692740633,0.249330048201251,0.0637529712983358,3.91087729910652,9.19614838456629e-05,0.00761905633943989,"Manes.12G125300","","","",NA,"(1 of 6) PF07524 - Bromodomain associated (Bromo_TP)","","","","PF07524","PTHR37604 PTHR37604:SF1",""
"195","Manes.01G169300.v8.1",650.065103895554,0.279991255772136,0.0716190605717518,3.90945166743182,9.25058609799877e-05,0.00762485488990432,"Manes.01G169300","","","mRNA processing",NA,"(1 of 1) K13171 - serine/arginine repetitive matrix protein 1 (SRRM1, SRM160)","GO:0006397","KOG2146","K13171","PF01480","PTHR23148","splicing factor PWI domain-containing protein"
"196","Manes.10G130100.v8.1",1301.90725728098,0.176569753457398,0.0452984168658642,3.89792327577914,9.70211430920408e-05,0.00791817512726134,"Manes.10G130100","","","",NA,"(1 of 10) PF11891 - Domain of unknown function (DUF3411) (DUF3411)","","","","PF11891","PTHR31038 PTHR31038:SF2","Protein of unknown function (DUF3411)"
"197","Manes.13G007300.v8.1",48.9902064721824,-0.360216841222962,0.0924141942290453,-3.8978518855034,9.70497418074089e-05,0.00791817512726134,"Manes.13G007300","","","",NA,"(1 of 2) PTHR31614//PTHR31614:SF6 - FAMILY NOT NAMED // POLLEN OLE E 1 ALLERGEN AND EXTENSIN FAMILY PROTEIN","","","","PF01190","PTHR31614 PTHR31614:SF6","Pollen Ole e 1 allergen and extensin family protein"
"198","Manes.16G048001.v8.1",82.8632675433822,0.255814200792096,0.0656919121261355,3.89415062695854,9.85434056171759e-05,0.00799943514386297,"Manes.16G048001","PWY-5973; PWY-6282; PWY-5989; PWY-5971; PWY-5156; FASYN-ELONG-PWY; PWY-7663; PWY-7388","<i>cis</i>-vaccenate biosynthesis; palmitoleate biosynthesis I (from (5Z)-dodec-5-enoate); stearate biosynthesis II (bacteria and plants); palmitate biosynthesis II (bacteria and plants); superpathway of fatty acid biosynthesis II (plant); fatty acid elongation -- saturated; gondoate biosynthesis (anaerobic); octanoyl-[acyl-carrier protein] biosynthesis (mitochondria, yeast)","3-oxoacyl-[acyl-carrier-protein] reductase (NADPH) activity; fatty acid biosynthetic process; metabolic process; 2,3-dihydro-2,3-dihydroxybenzoate dehydrogenase activity; oxidoreductase activity; siderophore biosynthetic process; NAD binding",NA,"(1 of 4) K00059 - 3-oxoacyl- (fabG)","GO:0004316 GO:0006633 GO:0008152 GO:0008667 GO:0016491 GO:0019290 GO:0051287 GO:0055114","KOG1200","K00059","PF08659","PTHR24322 PTHR24322:SF619","NAD(P)-binding Rossmann-fold superfamily protein"
"199","Manes.02G157000.v8.1",323.165069694332,0.35865298112287,0.09214976251682,3.89206625527012,9.93940911742834e-05,0.00802794586655405,"Manes.02G157000","","","",NA,"(1 of 1) KOG4360 - Uncharacterized coiled coil protein","","KOG0978 KOG0993 KOG4360 KOG4807","","PF10358","PTHR34452 PTHR34452:SF1","(1 of 3) KOG4674 - Uncharacterized conserved coiled-coil protein"
"200","Manes.07G015780.v8.1",115.997440929884,0.475699663596055,0.122365365212383,3.88753519241665,0.000101267309002822,0.0081383472880118,"Manes.07G015780","PWY-6351; PWY-6352","D-<i>myo</i>-inositol (1,4,5)-trisphosphate biosynthesis; 3-phosphoinositide biosynthesis","ATP binding; 1-phosphatidylinositol-4-phosphate 5-kinase activity; phosphatidylinositol metabolic process",NA,"(1 of 2) PTHR23086//PTHR23086:SF25 - PHOSPHATIDYLINOSITOL-4-PHOSPHATE 5-KINASE // PHOSPHATIDYLINOSITOL 4-PHOSPHATE 5-KINASE 7-RELATED","GO:0005524 GO:0016307 GO:0016308 GO:0046488","","K00889","PF01504 PF02493","PTHR23086 PTHR23086:SF25","Phosphatidylinositol-4-phosphate 5-kinase family protein"
"201","Manes.03G096700.v8.1",63.7574485760395,0.281052961643657,0.0723456697406874,3.88486225438303,0.000102387922297777,0.00818746803528444,"Manes.03G096700","","","regulation of ARF protein signal transduction",NA,"(1 of 2) PTHR10663//PTHR10663:SF108 - GUANYL-NUCLEOTIDE EXCHANGE FACTOR // BREFELDIN A-INHIBITED GUANINE NUCLEOTIDE-EXCHANGE PROTEIN 1-RELATED","GO:0005086 GO:0032012","","K18442","PF01369 PF09324 PF12783 PF16213","PTHR10663 PTHR10663:SF108","SEC7-like guanine nucleotide exchange family protein"
"202","Manes.03G205100.v8.1",236.968815867374,0.161104538663098,0.0415086540853261,3.88122771535614,0.000103930469049746,0.00826967539127011,"Manes.03G205100","","","phosphorelay sensor kinase activity; protein binding; regulation of DNA-templated transcription; signal transduction; detection of visible light; red, far-red light phototransduction; photoreceptor activity; protein-tetrapyrrole linkage; protein homodimerization activity",NA,"(1 of 1) K12121 - phytochrome B (PHYB)","GO:0000155 GO:0005515 GO:0006355 GO:0007165 GO:0009584 GO:0009585 GO:0009881 GO:0017006 GO:0018298 GO:0042803","","K12121","PF00360 PF00512 PF00989 PF01590 PF02518 PF08446","PTHR24423 PTHR24423:SF563","phytochrome B"
"203","Manes.01G054600.v8.1",290.409101688666,0.240831302676441,0.0622254222860137,3.87030403055331,0.000108699706545875,0.00831966849196122,"Manes.01G054600","","","",NA,"(1 of 1) K06111 - exocyst complex component 4 (EXOC4, SEC8L1)","","KOG3691","K06111","PF10475","PTHR14146","subunit of exocyst complex 8"
"204","Manes.02G098700.v8.1",43.797374104429,0.460634420467793,0.119002237611235,3.87080469841776,0.000108476675392228,0.00831966849196122,"Manes.02G098700","","","catalytic activity",NA,"(1 of 1) PTHR10992//PTHR10992:SF804 - ALPHA/BETA HYDROLASE FOLD-CONTAINING PROTEIN // SUBFAMILY NOT NAMED","GO:0003824","KOG4178","","PF00561","PTHR10992 PTHR10992:SF804","alpha/beta-Hydrolases superfamily protein"
"205","Manes.03G028600.v8.1",7.053024278822,-0.741416969763191,0.191501918786323,-3.87159029247357,0.000108127588993565,0.00831966849196122,"Manes.03G028600","","","",NA,"(1 of 7) PF06219 - Protein of unknown function (DUF1005) (DUF1005)","","","","PF06219","PTHR31317 PTHR31317:SF2","Protein of unknown function (DUF1005)"
"206","Manes.04G116000.v8.1",356.371843566724,0.354163850253689,0.0914737389989351,3.87175438688269,0.000108054805985906,0.00831966849196122,"Manes.04G116000","PWY-5203","soybean saponin I biosynthesis","metabolic process; hexosyltransferase activity",NA,"(1 of 4) PTHR11926//PTHR11926:SF199 - GLUCOSYL/GLUCURONOSYL TRANSFERASES // SUBFAMILY NOT NAMED","GO:0008152 GO:0016758","","","PF00201","PTHR11926 PTHR11926:SF199","UDP-Glycosyltransferase superfamily protein"
"207","Manes.04G135800.v8.1",52.6608476701285,0.580116497153251,0.149807022024085,3.87242526628681,0.000107757722329247,0.00831966849196122,"Manes.04G135800","","","nucleic acid binding",NA,"(1 of 3) PTHR24012:SF455 - POLYADENYLATE-BINDING PROTEIN 7","GO:0003676","KOG0123","K13126","PF00076","PTHR24012 PTHR24012:SF455","poly(A) binding protein 6"
"208","Manes.05G053100.v8.1",107.864327895528,0.22741971494881,0.058696984692979,3.87447014762945,0.000106856940720536,0.00831966849196122,"Manes.05G053100","","","",NA,"(1 of 43) PF05553 - Cotton fibre expressed protein (DUF761)","","","","PF05553","PTHR34059 PTHR34059:SF1","(1 of 28) PF05553 - Cotton fibre expressed protein (DUF761)"
"209","Manes.12G112200.v8.1",42.914729441904,0.344325096048472,0.0888256142151849,3.87641671932969,0.000106006069969197,0.00831966849196122,"Manes.12G112200","","","",NA,"(1 of 2) PTHR24078//PTHR24078:SF250 - DNAJ HOMOLOG SUBFAMILY C MEMBER // CHAPERONE DNAJ-DOMAIN CONTAINING PROTEIN-RELATED","","","","PF00226","PTHR24078 PTHR24078:SF250","Chaperone DnaJ-domain superfamily protein"
"210","Manes.16G107200.v8.1",81.9142620290098,-0.605612390366128,0.15632542066123,-3.87404932482824,0.000107041732860044,0.00831966849196122,"Manes.16G107200","","","",NA,"(1 of 7) PF06219 - Protein of unknown function (DUF1005) (DUF1005)","","","","PF06219","PTHR31317 PTHR31317:SF2","Protein of unknown function (DUF1005)"
"211","Manes.03G113500.v8.1",201.409125289931,-0.423687989904245,0.109519671391546,-3.86860172716836,0.000109461267617214,0.00833825096877481,"Manes.03G113500","","","",NA,"(1 of 19) PF06749 - Protein of unknown function (DUF1218) (DUF1218)","","","","PF06749","PTHR31769 PTHR31769:SF16","Protein of unknown function (DUF1218)"
"212","Manes.06G161500.v8.1",77.6863710267362,-0.163101135010019,0.0422237636132809,-3.86278060155486,0.0001121036823521,0.00840295340787159,"Manes.06G161500","","","protein binding; signal transduction; ADP binding",NA,"(1 of 13) PF00931//PF07725//PF13676 - NB-ARC domain (NB-ARC) // Leucine Rich Repeat (LRR_3) // TIR domain (TIR_2)","GO:0005515 GO:0007165 GO:0043531","KOG4658","","PF00931 PF07725 PF13676","PTHR11017 PTHR11017:SF162",""
"213","Manes.06G172200.v8.1",461.494302671569,0.309221734230595,0.0800650373717786,3.86213189153634,0.000112401852964126,0.00840295340787159,"Manes.06G172200","PWY-7511","protein ubiquitylation","protein binding; zinc ion binding",NA,"(1 of 1) PTHR10044//PTHR10044:SF107 - INHIBITOR OF APOPTOSIS // BOI-RELATED E3 UBIQUITIN-PROTEIN LIGASE 3-RELATED","GO:0005515 GO:0008270","KOG1100","K19042","PF13920","PTHR10044 PTHR10044:SF107","SBP (S-ribonuclease binding protein) family protein"
"214","Manes.09G139600.v8.1",125.414557378804,-0.267558118618888,0.0692747882838763,-3.86227262828261,0.000112337101786533,0.00840295340787159,"Manes.09G139600","","","protein binding; membrane",NA,"(1 of 3) PTHR19957//PTHR19957:SF131 - SYNTAXIN // SUBFAMILY NOT NAMED","GO:0005515 GO:0016020","KOG0810","K08486","PF00804 PF05739","PTHR19957 PTHR19957:SF131","syntaxin of plants 132"
"215","Manes.13G141200.v8.1",30.3311408538162,-0.759845849422867,0.196706350544837,-3.86284350921182,0.000112074807434083,0.00840295340787159,"Manes.13G141200","","","",NA,"(1 of 1) PTHR32077//PTHR32077:SF6 - FAMILY NOT NAMED // FASCICLIN-LIKE ARABINOGALACTAN PROTEIN 13-RELATED","","","","PF02469","PTHR32077 PTHR32077:SF6","FASCICLIN-like arabinoogalactan 9"
"216","Manes.09G173700.v8.1",78.0157677690217,-0.382764314432619,0.0991485474080464,-3.86051358732821,0.000113148948365767,0.00841964373649527,"Manes.09G173700","","","",NA,"(1 of 2) PTHR24006//PTHR24006:SF442 - FAMILY NOT NAMED // PROTEIN GADR-4","","KOG1947","K10268","","PTHR24006 PTHR24006:SF442","F-box family protein"
"217","Manes.08G121100.v8.1",18.8472950641764,0.471812668889395,0.122289446151061,3.85816342897307,0.000114242250912389,0.00842300779318727,"Manes.08G121100","","","",NA,"(1 of 3) PTHR15615:SF20 - CYCLIN FAMILY PROTEIN-RELATED","","KOG1674","","PF00134","PTHR15615 PTHR15615:SF20","cyclin p1;1"
"218","Manes.09G043300.v8.1",43.940058106716,0.29059615722503,0.075300307393006,3.85916296076131,0.000113776052819243,0.00842300779318727,"Manes.09G043300","","","",NA,"(1 of 2) PTHR24006//PTHR24006:SF520 - FAMILY NOT NAMED // TRAF-LIKE FAMILY PROTEIN-RELATED","","KOG1870","K11835","PF13423","PTHR24006 PTHR24006:SF520",""
"219","Manes.14G146000.v8.1",455.535188322715,-0.807519257790578,0.209595958315641,-3.85274250648714,0.000116802201894173,0.00849484973323549,"Manes.14G146000","","","hydrolase activity, hydrolyzing O-glycosyl compounds; cell wall; carbohydrate metabolic process; xyloglucan metabolic process; xyloglucan:xyloglucosyl transferase activity; cell wall biogenesis; apoplast",NA,"(1 of 13) K08235//K14504 - xyloglucan:xyloglucosyl transferase (E2.4.1.207) // xyloglucan:xyloglucosyl transferase TCH4 (TCH4)","GO:0004553 GO:0005618 GO:0005975 GO:0006073 GO:0010411 GO:0016762 GO:0042546 GO:0048046","","K08235 K14504","PF00722 PF06955","PTHR31062 PTHR31062:SF32","xyloglucan endotransglycosylase 6"
"220","Manes.15G045600.v8.1",25.4081910078922,-0.339022539410781,0.0879520338268683,-3.85462990063583,0.000115904830601292,0.00849484973323549,"Manes.15G045600","","","",NA,"(1 of 2) PTHR32080:SF4 - CYSTEINE-RICH REPEAT SECRETORY PROTEIN 11-RELATED","","","","PF01657","PTHR32080 PTHR32080:SF4","plasmodesmata-located protein 2"
"221","Manes.16G037300.v8.1",16.288029084492,-0.440862893019637,0.114401574478726,-3.85364357989338,0.000116372967644254,0.00849484973323549,"Manes.16G037300","","","",NA,"(1 of 2) PTHR32285:SF15 - PROTEIN TRICHOME BIREFRINGENCE-LIKE 37-RELATED","","","","PF13839 PF14416","PTHR32285 PTHR32285:SF15","TRICHOME BIREFRINGENCE-LIKE 37"
"222","Manes.16G060225.v8.1",649.181913440663,-0.438594163352125,0.113985577552436,-3.84780401845455,0.000119181332418423,0.00862883583766354,"Manes.16G060225","","","cellular response to stimulus",NA,"(1 of 1) PF05558 - DREPP plasma membrane polypeptide (DREPP)","GO:0046658 GO:0051716","","","PF05558","PTHR38522 PTHR38522:SF2","plasma-membrane associated cation-binding protein 1"
"223","Manes.01G001900.v8.1",247.249901121654,-0.280281349237938,0.0729357096218984,-3.84285490181596,0.000121611372548823,0.0087575204596088,"Manes.01G001900","","","",NA,"(1 of 1) PTHR21654//PTHR21654:SF13 - FAMILY NOT NAMED // TRIHELIX TRANSCRIPTION FACTOR GTL1","","KOG4282","","PF13837","PTHR21654 PTHR21654:SF13","GT-2-like 1"
"224","Manes.17G119301.v8.1",120.851488137941,-0.423431619864101,0.110211976298955,-3.84197465723256,0.000122048440425084,0.0087575204596088,"Manes.17G119301","","","",NA,"(1 of 1) PTHR23201//PTHR23201:SF11 - EXTENSIN, PROLINE-RICH PROTEIN // SUBFAMILY NOT NAMED","","","","PF02704","PTHR23201 PTHR23201:SF11","Gibberellin-regulated family protein"
"225","Manes.02G147000.v8.1",293.894463569362,0.221733175028677,0.0577312363714854,3.84078341232607,0.000122642287878817,0.00876101996922765,"Manes.02G147000","","","protein binding",NA,"(1 of 1) K11807 - WD and tetratricopeptide repeats protein 1 (WDTC1)","GO:0005515","","K11807","PF00400","PTHR15574 PTHR15574:SF40","transducin family protein / WD-40 repeat family protein"
"226","Manes.02G075200.v8.1",41.585149286584,0.34035730389408,0.0887167830491308,3.83644776327825,0.000124826731565255,0.00883850245131428,"Manes.02G075200","","","protein kinase activity; protein tyrosine kinase activity; ATP binding; protein phosphorylation",NA,"(1 of 2) PTHR27001//PTHR27001:SF52 - FAMILY NOT NAMED // PROTEIN KINASE FAMILY PROTEIN-RELATED","GO:0004672 GO:0004713 GO:0005524 GO:0006468","KOG1187","","PF00069","PTHR27001 PTHR27001:SF52","Protein kinase superfamily protein"
"227","Manes.13G051480.v8.1",49.571563870069,-0.450016182016873,0.117287520866543,-3.83686328001535,0.000124615802029388,0.00883850245131428,"Manes.13G051480","","","zinc ion binding; oxidoreductase activity",NA,"(1 of 12) 1.6.5.5 - NADPH:quinone reductase / Zeta-crystallin","GO:0008270 GO:0016491 GO:0055114","KOG1198","","PF08240 PF13602","PTHR11695 PTHR11695:SF507","Oxidoreductase, zinc-binding dehydrogenase family protein"
"228","Manes.01G189800.v8.1",224.731583937483,0.256323673015803,0.0668617742495884,3.83363552482128,0.00012626318474797,0.00890100073883385,"Manes.01G189800","","","catalytic activity; alpha-amylase activity; calcium ion binding; carbohydrate metabolic process; cation binding",NA,"(1 of 3) 3.2.1.1//3.2.1.141 - Alpha-amylase / Glycogenase // 4-alpha-D-((1->4)-alpha-D-glucano)trehalose trehalohydrolase / Maltooligosyl trehalose trehalohydrolase","GO:0003824 GO:0004556 GO:0005509 GO:0005975 GO:0043169","KOG0471","","PF00128 PF07821","PTHR10357 PTHR10357:SF139","alpha-amylase-like 3"
"229","Manes.15G021900.v8.1",143.26293694734,-0.196680011539048,0.05132734102376,-3.83187610377095,0.000127169781006279,0.00892576371228785,"Manes.15G021900","","","protein kinase activity; protein tyrosine kinase activity; ATP binding; protein phosphorylation",NA,"(1 of 5) PTHR24055//PTHR24055:SF211 - MITOGEN-ACTIVATED PROTEIN KINASE // MITOGEN-ACTIVATED PROTEIN KINASE 16-RELATED","GO:0004672 GO:0004713 GO:0005524 GO:0006468","","K04371","PF00069","PTHR24055 PTHR24055:SF211","mitogen-activated protein kinase 16"
"230","Manes.02G161700.v8.1",34.5614668339399,-0.918053508525728,0.239705603568334,-3.8299209315898,0.000128184440051457,0.00894964073815433,"Manes.02G161700","","","DNA-binding transcription factor activity; regulation of DNA-templated transcription",NA,"(1 of 2) PTHR31985:SF37 - ETHYLENE-RESPONSIVE TRANSCRIPTION FACTOR ERF014","GO:0003700 GO:0006355","","","PF00847","PTHR31985 PTHR31985:SF37","Integrase-type DNA-binding superfamily protein"
"231","Manes.02G204500.v8.1",43.6546125379325,0.370174986553702,0.0966921174460259,3.82838845948674,0.000128985062820527,0.00894964073815433,"Manes.02G204500","","","",NA,"(1 of 1) PF06588 - Muskelin N-terminus (Muskelin_N)","","","","PF06588","PTHR12953 PTHR12953:SF1","Galactose-binding protein"
"232","Manes.03G208700.v8.1",229.988090220271,0.202644755755384,0.052937654582746,3.82798893061334,0.000129194565328628,0.00894964073815433,"Manes.03G208700","","","nucleic acid binding; zinc ion binding",NA,"(1 of 1) PTHR15239:SF6 - NUCLEAR EXPORT MEDIATOR FACTOR NEMF","GO:0003676 GO:0008270","","","PF00098 PF05670 PF05833 PF11923","PTHR15239 PTHR15239:SF6","zinc knuckle (CCHC-type) family protein"
"233","Manes.09G059305.v8.1",150.455801277151,0.372819194379027,0.0974728502044575,3.82485167507678,0.000130850841377855,0.00894964073815433,"Manes.09G059305","","","phosphorelay sensor kinase activity; phosphorelay signal transduction system; signal transduction; phosphorylation; transferase activity, transferring phosphorus-containing groups",NA,"(1 of 2) PTHR24423:SF514 - HISTIDINE KINASE CKI1","GO:0000155 GO:0000160 GO:0007165 GO:0016310 GO:0016772","KOG0519","","PF00072 PF00512 PF02518","PTHR24423 PTHR24423:SF514","Signal transduction histidine kinase"
"234","Manes.15G172400.v8.1",431.431344244902,0.215120156632021,0.0562305995210518,3.82567780646699,0.000130412765131161,0.00894964073815433,"Manes.15G172400","","","DNA binding; nucleus",NA,"(1 of 2) K09272 - structure-specific recognition protein 1 (SSRP1)","GO:0003677 GO:0005634","","K09272","PF00505 PF03531 PF08512","PTHR13711 PTHR13711:SF199","high mobility group"
"235","Manes.17G118227.v8.1",96.9824990962924,-0.595249774208975,0.155601939087592,-3.8254650147637,0.000130525470765239,0.00894964073815433,"Manes.17G118227","PWY-6824; PWY-5466; PWY-7445; PWY-7214","justicidin B biosynthesis; matairesinol biosynthesis; luteolin triglucuronide degradation; baicalein degradation (hydrogen peroxide detoxification)","peroxidase activity; response to oxidative stress; heme binding",NA,"(1 of 4) PTHR31517//PTHR31517:SF11 - FAMILY NOT NAMED // PEROXIDASE 31-RELATED","GO:0004601 GO:0006979 GO:0020037 GO:0055114","","K00430","PF00141","PTHR31517 PTHR31517:SF11","Peroxidase superfamily protein"
"236","Manes.06G119700.v8.1",77.2646189950686,-0.237292643830455,0.0621712980295781,-3.8167555021541,0.000135218043274502,0.00920915088792829,"Manes.06G119700","PWY-7210","pyrimidine deoxyribonucleotides biosynthesis from CTP","zinc ion binding",NA,"(1 of 1) 3.5.4.12 - dCMP deaminase / Deoxycytidylate deaminase","GO:0008270","KOG3127","K01493","PF00383","PTHR11086 PTHR11086:SF18","Cytidine/deoxycytidylate deaminase family protein"
"237","Manes.05G012000.v8.1",17798.79712498,0.42884532688846,0.112469692304516,3.81298568620019,0.000137298067017055,0.00931135793740559,"Manes.05G012000","PWY-5337","stachyose biosynthesis","glycosyltransferase activity",NA,"(1 of 2) PTHR11183//PTHR11183:SF54 - GLYCOGENIN // SUBFAMILY NOT NAMED","GO:0016757","KOG1950","K18819","PF01501","PTHR11183 PTHR11183:SF54","galactinol synthase 1"
"238","Manes.03G056500.v8.1",91.9550318199287,0.378397098458252,0.0993037982367453,3.81049975103806,0.000138686151941749,0.00936597697546108,"Manes.03G056500","","","nucleic acid binding; RNA binding; ribonuclease III activity; protein binding; ATP binding; RNA processing; RNA endonuclease activity, producing 5'-phosphomonoesters",NA,"(1 of 1) PTHR14950//PTHR14950:SF21 - HELICASE-RELATED // ENDORIBONUCLEASE DICER HOMOLOG 3","GO:0003676 GO:0003723 GO:0004525 GO:0005515 GO:0005524 GO:0006396 GO:0016891","KOG0701","K11592","PF00270 PF00271 PF00636 PF02170 PF03368","PTHR14950 PTHR14950:SF21","dicer-like 3"
"239","Manes.02G178200.v8.1",90.752736727679,0.406474609625118,0.106759726505174,3.807377771855,0.000140448116340268,0.00940481830667974,"Manes.02G178200","","","calcium ion binding; guanosine tetraphosphate metabolic process",NA,"(1 of 1) KOG1157 - Predicted guanosine polyphosphate pyrophosphohydrolase/synthase","GO:0005509 GO:0015969","KOG1157","","PF04607 PF13328 PF13499","PTHR21262 PTHR21262:SF12","Ca2+-activated RelA/spot homolog"
"240","Manes.12G058700.v8.1",99.9774725520493,0.227392132751392,0.0597397632240602,3.80637820572764,0.000141016687109427,0.00940481830667974,"Manes.12G058700","","","DNA binding",NA,"(1 of 1) PTHR10390:SF38 - HOMEODOMAIN-LIKE TRANSCRIPTIONAL REGULATOR","GO:0003677","","","PF00046 PF02791 PF15612 PF15614","PTHR10390 PTHR10390:SF38","Homeodomain-like transcriptional regulator"
"241","Manes.18G105400.v8.1",2852.71598969995,-0.283647089396682,0.0745026635058683,-3.80720736748345,0.000140544892420222,0.00940481830667974,"Manes.18G105400","","","transport",NA,"(1 of 2) PTHR23324//PTHR23324:SF67 - SEC14 RELATED PROTEIN // PATELLIN-1-RELATED","GO:0006810 GO:0016021","KOG1471","","PF00650 PF03765","PTHR23324 PTHR23324:SF67","PATELLIN 2"
"242","Manes.13G034900.v8.1",76.6593043749172,0.242532478762641,0.0637424467237349,3.80488185233612,0.0001418718924292,0.00942275589675426,"Manes.13G034900","","","protein binding; zinc ion binding",NA,"(1 of 1) PTHR24188//PTHR24188:SF42 - ANKYRIN REPEAT PROTEIN // SUBFAMILY NOT NAMED","GO:0005515 GO:0008270","KOG4172","","PF13857 PF13920","PTHR24188 PTHR24188:SF42",""
"243","Manes.02G061300.v8.1",124.571607439987,0.236878709649083,0.0622873684453323,3.80299755089163,0.000142955769461867,0.0094556711216485,"Manes.02G061300","","","DNA binding; DNA-directed 5'-3' RNA polymerase activity; DNA-templated transcription",NA,"(1 of 2) PTHR10102//PTHR10102:SF3 - DNA-DIRECTED RNA POLYMERASE, MITOCHONDRIAL // SUBFAMILY NOT NAMED","GO:0003677 GO:0003899 GO:0006351","","K10908","PF00940 PF14700","PTHR10102 PTHR10102:SF3","DNA/RNA polymerases superfamily protein"
"244","Manes.11G120300.v8.1",27.7598899173863,0.296663423844454,0.0781492291443157,3.79611452464381,0.000146981618480074,0.00968211292553375,"Manes.11G120300","","","",NA,"(1 of 1) PTHR13481:SF0 - UPF0454 PROTEIN C12ORF49","","KOG3136","","PF10218","PTHR13481 PTHR13481:SF0","(1 of 1) KOG3136 - Uncharacterized conserved protein"
"245","Manes.01G213000.v8.1",16.9162455965667,-0.412361764238476,0.108804423067098,-3.78993567186308,0.000150686303142693,0.00968792380165,"Manes.01G213000","","","nucleic acid binding; RNA binding",NA,"(1 of 1) KOG0131//KOG0144//KOG0148 - Splicing factor 3b, subunit 4 // RNA-binding protein CUGBP1/BRUNO (RRM superfamily) // Apoptosis-promoting RNA-binding protein TIA-1/TIAR (RRM superfamily)","GO:0003676 GO:0003723","KOG0131 KOG0148","","PF00076","PTHR24012 PTHR24012:SF414","RNA-binding protein-defense related 1"
"246","Manes.03G182700.v8.1",39.5249928669418,-0.566739369193085,0.149523843221108,-3.79029429008871,0.000150468903659441,0.00968792380165,"Manes.03G182700","","","",NA,"","","","","","PTHR34956 PTHR34956:SF2",""
"247","Manes.05G112400.v8.1",49.3377977422149,0.454438644945537,0.119865692049471,3.7912319795224,0.000149901857537584,0.00968792380165,"Manes.05G112400","","","monooxygenase activity; iron ion binding; oxidoreductase activity, acting on paired donors, with incorporation or reduction of molecular oxygen; heme binding",NA,"(1 of 3) K12640 - brassinosteroid-6-oxidase 2 (CYP85A2, BR6OX2)","GO:0004497 GO:0005506 GO:0016705 GO:0020037 GO:0055114","KOG0157","K12640","PF00067","PTHR24286 PTHR24286:SF8",""
"248","Manes.08G049000.v8.1",48.9126093359488,-0.304084498030815,0.0801630538246589,-3.79332477397805,0.000148643535700415,0.00968792380165,"Manes.08G049000","PWY-841; PWY-7228; PWY-7221","superpathway of purine nucleotides <i>de novo</i> biosynthesis I; superpathway of guanosine nucleotides <i>de novo</i> biosynthesis I; guanosine ribonucleotides <i>de novo</i> biosynthesis","guanylate kinase activity; purine nucleotide metabolic process",NA,"(1 of 3) 2.7.4.8 - Guanylate kinase / Guanosine monophosphate kinase","GO:0004385 GO:0006163","KOG0707","K00942","PF00625","PTHR23117 PTHR23117:SF13","guanylate kinase"
"249","Manes.09G058588.v8.1",140.3093369359,0.406029950751659,0.107071735723226,3.79213008931903,0.000149360633034189,0.00968792380165,"Manes.09G058588","","","ATP binding; membrane; ATP hydrolysis activity",NA,"(1 of 2) 3.6.3.25//3.6.3.34 - Sulfate-transporting ATPase // Iron-chelate-transporting ATPase","GO:0005524 GO:0016020 GO:0016887","","","PF00005 PF01061 PF08370 PF14510","PTHR19241 PTHR19241:SF261","pleiotropic drug resistance 11"
"250","Manes.14G097800.v8.1",100.95473185933,-0.426410350388277,0.112478594948262,-3.79103553511154,0.000150020485930644,0.00968792380165,"Manes.14G097800","PWY-1061","homogalacturonan biosynthesis","glycosyltransferase activity",NA,"(1 of 2) PTHR13778//PTHR13778:SF4 - GLYCOSYLTRANSFERASE 8 DOMAIN-CONTAINING PROTEIN // GALACTURONOSYLTRANSFERASE-LIKE 3-RELATED","GO:0016757","","","PF01501","PTHR13778 PTHR13778:SF4","galacturonosyltransferase-like 3"
"251","Manes.17G000400.v8.1",185.232336015197,0.35292829130189,0.0931488770056111,3.78886254614353,0.000151338614941,0.0096910978404251,"Manes.17G000400","","","DNA binding; DNA-directed 5'-3' RNA polymerase activity; DNA-templated transcription",NA,"(1 of 1) K03018 - DNA-directed RNA polymerase III subunit RPC1 (RPC1, POLR3A)","GO:0003677 GO:0003899 GO:0006351","","K03018","PF00623 PF04983 PF04997 PF04998 PF05000","PTHR19376 PTHR19376:SF32","nuclear RNA polymerase C1"
"252","Manes.15G050400.v8.1",242.796312527847,-0.323277308921115,0.085387779741703,-3.78599033607649,0.000153097624291479,0.00976483379062281,"Manes.15G050400","","","",NA,"(1 of 4) PTHR11732//PTHR11732:SF14 - ALDO/KETO REDUCTASE // HYPERKINETIC, ISOFORM M","","KOG1575","","PF00248","PTHR11732 PTHR11732:SF14","potassium channel beta subunit 1"
"253","Manes.14G012200.v8.1",12.3323021104801,-0.776877927284628,0.205376511869577,-3.7827009535442,0.000155135756530443,0.00985571942574629,"Manes.14G012200","","","",NA,"(1 of 3) PTHR31301:SF15 - LOB DOMAIN-CONTAINING PROTEIN 4","","","","PF03195","PTHR31301 PTHR31301:SF15",""
"254","Manes.01G198900.v8.1",30.8663639498244,-0.805154394094307,0.212957986185155,-3.78081333561387,0.000156316846872686,0.00989165621962473,"Manes.01G198900","","","catalytic activity; trehalose biosynthetic process; metabolic process",NA,"(1 of 4) PTHR10788//PTHR10788:SF14 - TREHALOSE-6-PHOSPHATE SYNTHASE // ALPHA,ALPHA-TREHALOSE-PHOSPHATE SYNTHASE [UDP-FORMING] 10-RELATED","GO:0003824 GO:0005992 GO:0008152","","K16055","PF00982 PF02358","PTHR10788 PTHR10788:SF14","trehalose-phosphatase/synthase 9"
"255","Manes.04G034600.v8.1",196.571900580115,0.264534762080242,0.069990839509546,3.77956263896737,0.0001571040687803,0.00990248508825786,"Manes.04G034600","","","catalytic activity; protein serine/threonine phosphatase activity; protein dephosphorylation",NA,"(1 of 4) PTHR13832//PTHR13832:SF228 - PROTEIN PHOSPHATASE 2C // PROTEIN PHOSPHATASE 2C 36-RELATED","GO:0003824 GO:0004722 GO:0006470","KOG0700","","PF00481","PTHR13832 PTHR13832:SF228","pol-like 5"
"256","Manes.01G060300.v8.1",134.740679584676,-0.380893919122134,0.100816437460202,-3.77809342124885,0.000158033599497855,0.00992216423722275,"Manes.01G060300","","","protein binding",NA,"(1 of 2) PTHR13286//PTHR13286:SF8 - SAP30 // SUBFAMILY NOT NAMED","GO:0005515","","","PF13867","PTHR13286 PTHR13286:SF8",""
"257","Manes.03G119700.v8.1",42.8792679116053,0.579367915011856,0.153513142612191,3.77406067749828,0.000160611669209405,0.00997096255748185,"Manes.03G119700","","","protein dimerization activity",NA,"(1 of 2) PTHR16223:SF46 - TRANSCRIPTION FACTOR BHLH123","GO:0046983","","","","PTHR16223 PTHR16223:SF46","basic helix-loop-helix (bHLH) DNA-binding superfamily protein"
"258","Manes.08G161100.v8.1",372.681523289458,0.237111201677697,0.0628281033593576,3.77396720575016,0.00016067189089702,0.00997096255748185,"Manes.08G161100","","","protein binding; zinc ion binding",NA,"","GO:0005515 GO:0008270","","","","PTHR33304 PTHR33304:SF1","RING/FYVE/PHD zinc finger superfamily protein"
"259","Manes.16G025800.v8.1",254.034309758689,-0.311260020580466,0.0824646011048074,-3.77446827378542,0.000160349312505204,0.00997096255748185,"Manes.16G025800","","","",NA,"(1 of 4) PTHR13780//PTHR13780:SF39 - AMP-ACTIVATED PROTEIN KINASE, GAMMA REGULATORY SUBUNIT // CBS DOMAIN-CONTAINING PROTEIN-RELATED","","KOG1764","","PF00571","PTHR13780 PTHR13780:SF39",""
"260","Manes.09G124600.v8.1",102.030109729181,0.240808345450469,0.0638376681565997,3.77219833374465,0.000161815547775624,0.0100033126899908,"Manes.09G124600","","","intracellular protein transport",NA,"(1 of 2) K14290 - exportin-1 (XPO1, CRM1)","GO:0006886 GO:0008536","","K14290","PF03810 PF08389 PF08767","PTHR11223","exportin 1A"
"261","Manes.11G127000.v8.1",171.134716336872,0.289578330354904,0.0767968731420212,3.77070469808561,0.000162787212055403,0.0100248232159635,"Manes.11G127000","","","protein binding",NA,"(1 of 1) PTHR32002//PTHR32002:SF7 - FAMILY NOT NAMED // PROTEIN NLP8-RELATED","GO:0005515","","","PF00564 PF02042","PTHR32002 PTHR32002:SF7","Plant regulator RWP-RK family protein"
"262","Manes.04G102100.v8.1",92.5493680078082,-0.270425310942534,0.0717677272319006,-3.76806290756176,0.000164519247988846,0.010092816308873,"Manes.04G102100","","","protein kinase activity; protein tyrosine kinase activity; ATP binding; protein phosphorylation",NA,"(1 of 77) KOG0198 - MEKK and related serine/threonine protein kinases","GO:0004672 GO:0004713 GO:0005524 GO:0006468","KOG0198","","PF00069","PTHR27006 PTHR27006:SF25","Protein kinase superfamily protein"
"263","Manes.03G010400.v8.1",405.133149598446,0.147820868149314,0.0392692066139265,3.76429474632907,0.000167019789702617,0.0101173475126382,"Manes.03G010400","","","DNA binding; protein binding; ATP binding; zinc ion binding; hydrolase activity",NA,"(1 of 2) K11643 - chromodomain-helicase-DNA-binding protein 4 (CHD4, MI2B)","GO:0003677 GO:0005515 GO:0005524 GO:0008270 GO:0016787","","K11643","PF00271 PF00385 PF00628 PF04851 PF06461 PF06465","PTHR10799 PTHR10799:SF741","chromatin remodeling factor CHD3 (PICKLE)"
"264","Manes.03G144400.v8.1",286.985919548754,-0.48617064697231,0.129178590153819,-3.7635543660401,0.00016751528811662,0.0101173475126382,"Manes.03G144400","PWY-4861","UDP-D-galacturonate biosynthesis I (from UDP-D-glucuronate)","3-beta-hydroxy-delta5-steroid dehydrogenase (NAD+) activity; carbohydrate metabolic process; steroid biosynthetic process; oxidoreductase activity, acting on the CH-OH group of donors, NAD or NADP as acceptor; racemase and epimerase activity, acting on carbohydrates and derivatives",NA,"(1 of 2) PTHR10366:SF431 - UDP-GLUCURONATE 4-EPIMERASE 6","GO:0003854 GO:0005975 GO:0006694 GO:0016616 GO:0016857 GO:0055114","KOG1371","K08679","PF01073","PTHR10366 PTHR10366:SF431","UDP-D-glucuronate 4-epimerase 6"
"265","Manes.09G019400.v8.1",15.8662774701028,0.858621648885827,0.228286241730502,3.76116248783602,0.000169125515679922,0.0101173475126382,"Manes.09G019400","","","",NA,"(1 of 2) PTHR31696:SF14 - PROTEIN MIZU-KUSSEI 1","","","","PF04759","PTHR31696 PTHR31696:SF14","Protein of unknown function, DUF617"
"266","Manes.12G062302.v8.1",66.5542456533538,0.442759257985244,0.117757033483628,3.75993895979727,0.000169954820407659,0.0101173475126382,"Manes.12G062302","","","",NA,"(1 of 23) KOG4293 - Predicted membrane protein, contains DoH and Cytochrome b-561/ferric reductase transmembrane domains","GO:0016021","KOG4293","","PF03188 PF04526","PTHR23130 PTHR23130:SF60","Auxin-responsive family protein"
"267","Manes.15G015000.v8.1",248.4690852927,-0.191787436325821,0.0509984640433239,-3.76065122594468,0.000169471583872088,0.0101173475126382,"Manes.15G015000","","","calcium ion binding",NA,"(1 of 2) KOG2562 - Protein phosphatase 2 regulatory subunit","GO:0005509","KOG2562","K11583","PF13499","PTHR12085","tonneau 2 (TON2)"
"268","Manes.16G045550.v8.1",41.7125439026446,-0.334017338493871,0.0887786383722112,-3.76236158402743,0.000168316465222775,0.0101173475126382,"Manes.16G045550","SERSYN-PWY; SER-GLYSYN-PWY","L-serine biosynthesis; superpathway of L-serine and glycine biosynthesis I","phosphoglycerate dehydrogenase activity; L-serine biosynthetic process; metabolic process; amino acid binding; oxidoreductase activity, acting on the CH-OH group of donors, NAD or NADP as acceptor; NAD binding",NA,"(1 of 4) 1.1.1.95 - Phosphoglycerate dehydrogenase / Phosphoglyceric acid dehydrogenase","GO:0004617 GO:0006564 GO:0008152 GO:0016597 GO:0016616 GO:0051287 GO:0055114","","K00058","PF00389 PF01842 PF02826","PTHR10996 PTHR10996:SF159",""
"269","Manes.16G126900.v8.1",18.4400633106935,-0.660954788622302,0.17562446641685,-3.76345507039723,0.000167581846648644,0.0101173475126382,"Manes.16G126900","","","DNA-binding transcription factor activity; regulation of DNA-templated transcription",NA,"(1 of 5) PTHR31194:SF4 - ETHYLENE-RESPONSIVE TRANSCRIPTION FACTOR ERF003","GO:0003700 GO:0006355","","","PF00847","PTHR31194 PTHR31194:SF4","Integrase-type DNA-binding superfamily protein"
"270","Manes.17G064900.v8.1",69.8497965963514,0.279899299875016,0.0743790850421526,3.76314524057926,0.000167789687598135,0.0101173475126382,"Manes.17G064900","","","ribosome; rRNA processing; metabolic process; ribosome binding; uridylyltransferase activity",NA,"(1 of 1) PTHR11952:SF10 - RIMM-LIKE 16S RRNA PROCESSING PROTEIN","GO:0005840 GO:0006364 GO:0008152 GO:0043022 GO:0070569","KOG2388","","PF01782 PF05239","PTHR11952 PTHR11952:SF10","16S rRNA processing protein RimM family"
"271","Manes.02G144000.v8.1",514.602155467858,0.19290490788388,0.0513334989749906,3.75787569006083,0.000171361969998737,0.0101634721173052,"Manes.02G144000","","","DNA binding; protein binding; zinc ion binding",NA,"(1 of 1) PTHR12549//PTHR12549:SF12 - JMJC DOMAIN-CONTAINING HISTONE DEMETHYLATION PROTEIN // SUBFAMILY NOT NAMED","GO:0003677 GO:0005515 GO:0008270","KOG1356","K15601","PF02373 PF10497","PTHR12549 PTHR12549:SF12",""
"272","Manes.01G076500.v8.1",9.37638678152822,-0.807878435760509,0.215249672746286,-3.7532156284054,0.000174580558349268,0.0103162989498081,"Manes.01G076500","PWY66-373; PWY-621","sucrose degradation V (sucrose &alpha;-glucosidase); sucrose degradation III (sucrose invertase)","hydrolase activity, hydrolyzing O-glycosyl compounds; beta-fructofuranosidase activity; sucrose alpha-glucosidase activity; carbohydrate metabolic process","carb","(1 of 2) PTHR31953//PTHR31953:SF17 - FAMILY NOT NAMED // ACID BETA-FRUCTOFURANOSIDASE 3, VACUOLAR-RELATED","GO:0004553 GO:0004564 GO:0004575 GO:0005975","","K01193","PF00251 PF08244 PF11837","PTHR31953 PTHR31953:SF17","Glycosyl hydrolases family 32 protein"
"273","Manes.18G054800.v8.1",45.0380211936479,-0.32847187608539,0.0875891567487784,-3.75014314874051,0.00017673365023606,0.010405274579649,"Manes.18G054800","","","protein binding; zinc ion binding",NA,"(1 of 1) PTHR10579//PTHR10579:SF55 - CALCIUM-ACTIVATED CHLORIDE CHANNEL REGULATOR // SUBFAMILY NOT NAMED","GO:0005515 GO:0008270","","","PF00092 PF17123","PTHR10579 PTHR10579:SF55","Zinc finger (C3HC4-type RING finger) family protein"
"274","Manes.09G018100.v8.1",490.378589622634,0.234015325079812,0.0625016001350588,3.74414934296293,0.000181005972431847,0.0106179160397703,"Manes.09G018100","","","DNA binding; ATP binding; hydrolase activity; hydrolase activity, acting on acid anhydrides",NA,"(1 of 1) K11665 - DNA helicase INO80 [EC:3.6.4.12] (INO80, INOC1)","GO:0003677 GO:0005524 GO:0016787 GO:0016817","","K11665","PF00271 PF04851 PF13892","PTHR10799 PTHR10799:SF757","INO80 ortholog"
"275","Manes.15G158600.v8.1",131.768995326495,0.149881859456344,0.0400510155220992,3.742273635325,0.000182362781544978,0.0106586072282634,"Manes.15G158600","PWY-5918; CHLOROPHYLL-SYN; HEME-BIOSYNTHESIS-II","superpathay of heme biosynthesis from glutamate; 3,8-divinyl-chlorophyllide <i>a</i> biosynthesis I (aerobic, light-dependent); heme biosynthesis I (aerobic)","oxygen-dependent protoporphyrinogen oxidase activity; porphyrin-containing compound biosynthetic process",NA,"(1 of 1) PTHR10742:SF229 - PROTOPORPHYRINOGEN OXIDASE 2, CHLOROPLASTIC/MITOCHONDRIAL","GO:0004729 GO:0006779 GO:0055114","KOG1276","K00231","PF13450","PTHR10742 PTHR10742:SF229","Flavin containing amine oxidoreductase family"
"276","Manes.06G158000.v8.1",51.1429999198666,0.334786276881679,0.0895153308016049,3.73998815491923,0.000184028926942039,0.0107170179084761,"Manes.06G158000","","","metalloendopeptidase activity; ATP binding; proteolysis; membrane; ATP hydrolysis activity",NA,"(1 of 2) PTHR23076//PTHR23076:SF40 - METALLOPROTEASE M41 FTSH // ATP-DEPENDENT ZINC METALLOPROTEASE FTSH 11, CHLOROPLASTIC/MITOCHONDRIAL","GO:0004222 GO:0005524 GO:0006508 GO:0016020 GO:0016887","","K08955","PF01434 PF07728","PTHR23076 PTHR23076:SF40","FTSH protease 11"
"277","Manes.15G089300.v8.1",385.170575553755,0.138955331646553,0.0371747964128942,3.7378908576445,0.000185570466289077,0.0107677765511348,"Manes.15G089300","","","",NA,"","","","","","PTHR36808 PTHR36808:SF1",""
"278","Manes.01G240000.v8.1",252.322858591778,0.262761462840246,0.0705373754277391,3.7251380739198,0.000195208344468329,0.0112458197872382,"Manes.01G240000","","","protein binding; intracellular protein transport; zinc ion binding; vesicle-mediated transport",NA,"(1 of 1) PTHR12616:SF6 - RING ZINC FINGER-CONTAINING PROTEIN","GO:0005515 GO:0006886 GO:0008270 GO:0016192","KOG2079","","PF00637 PF12816","PTHR12616 PTHR12616:SF6","transducin family protein / WD-40 repeat family protein"
"279","Manes.12G018200.v8.1",302.182312510175,0.209414977134847,0.0562065457789842,3.72581118858131,0.000194688099785769,0.0112458197872382,"Manes.12G018200","","","",NA,"(1 of 1) PTHR13140:SF312 - MYOSIN-1-RELATED","","KOG0250 KOG0962 KOG4674","","","PTHR13140 PTHR13140:SF312","(1 of 1) PTHR13140:SF312 - MYOSIN-1-RELATED"
"280","Manes.02G054400.v8.1",63.8111480718733,0.232524342250411,0.0624726344409428,3.72201915816793,0.000197636023601732,0.0112645525083356,"Manes.02G054400","","","",NA,"(1 of 4) PTHR31267//PTHR31267:SF2 - FAMILY NOT NAMED // DENTIN SIALOPHOSPHOPROTEIN-LIKE PROTEIN","","","","","PTHR31267 PTHR31267:SF2",""
"281","Manes.06G070200.v8.1",586.512433223093,0.25672658442692,0.06896024785992,3.72281992008515,0.000197010039904407,0.0112645525083356,"Manes.06G070200","","","protein kinase activity; protein tyrosine kinase activity; ATP binding; protein phosphorylation",NA,"(1 of 2) PTHR24056//PTHR24056:SF45 - CELL DIVISION PROTEIN KINASE // SERINE/THREONINE-PROTEIN KINASE PRP4 HOMOLOG","GO:0004672 GO:0004713 GO:0005524 GO:0006468","","","PF07714","PTHR24056 PTHR24056:SF45","Protein kinase superfamily protein"
"282","Manes.08G105800.v8.1",318.917430655997,-0.173633268726601,0.0466334815165251,-3.72336062159699,0.000196588408748775,0.0112645525083356,"Manes.08G105800","","","",NA,"(1 of 1) PTHR23423//PTHR23423:SF35 - ORGANIC SOLUTE TRANSPORTER-RELATED // SUBFAMILY NOT NAMED","","KOG2641","","PF03619","PTHR23423 PTHR23423:SF35","Protein of unknown function (DUF300)"
"283","Manes.01G031100.v8.1",673.240819653269,-0.44506501653192,0.119710484954153,-3.71784490474976,0.00020092955910162,0.0113639058447877,"Manes.01G031100","","","",NA,"(1 of 28) PF04398 - Protein of unknown function, DUF538 (DUF538)","","","","PF04398","PTHR31676 PTHR31676:SF5","Protein of unknown function, DUF538"
"284","Manes.12G051600.v8.1",155.657081739651,0.351232309788795,0.094490233644921,3.71712817547546,0.000201500228069713,0.0113639058447877,"Manes.12G051600","","","protein kinase activity; protein tyrosine kinase activity; ATP binding; protein phosphorylation",NA,"(1 of 1) PTHR24351:SF69 - AGC (CAMP-DEPENDENT, CGMP-DEPENDENT AND PROTEIN KINASE C) KINASE FAMILY PROTEIN-RELATED","GO:0004672 GO:0004713 GO:0005524 GO:0006468","KOG0610","","PF00069 PF07714","PTHR24351 PTHR24351:SF69","AGC (cAMP-dependent, cGMP-dependent and protein kinase C) kinase family protein"
"285","Manes.14G145000.v8.1",24.4342061389317,-0.3961030234808,0.106553686191395,-3.71740328879196,0.00020128099952301,0.0113639058447877,"Manes.14G145000","","","",NA,"(1 of 5) KOG1773 - Stress responsive protein","GO:0016021","KOG1773","","PF01679","PTHR21659",""
"286","Manes.14G059900.v8.1",47.5448963336653,-0.826837041702987,0.222728761183365,-3.7123047661648,0.00020538047234104,0.0115422389228585,"Manes.14G059900","","","",NA,"(1 of 15) PF05910 - Plant protein of unknown function (DUF868) (DUF868)","","","","PF05910","PTHR31972 PTHR31972:SF12",""
"287","Manes.11G100750.v8.1",292.403821329331,0.191084179638021,0.0515055892656522,3.70996977924977,0.000207283989263049,0.0116086256425958,"Manes.11G100750","","","",NA,"(1 of 1) PTHR21483//PTHR21483:SF18 - FAMILY NOT NAMED // RNA POLYMERASE II-ASSOCIATED PROTEIN 1","","","","PF08620 PF08621","PTHR21483","(1 of 1) PTHR21483:SF18 - RNA POLYMERASE II-ASSOCIATED PROTEIN 1"
"288","Manes.02G133800.v8.1",7.86982200882283,0.437482813832545,0.117987250899281,3.70788208470083,0.000208999928908747,0.0116640828380218,"Manes.02G133800","","","",NA,"(1 of 52) PF01535//PF13041//PF13812 - PPR repeat (PPR) // PPR repeat family (PPR_2) // Pentatricopeptide repeat domain (PPR_3)","","","","PF01535 PF13041 PF13812","PTHR24015 PTHR24015:SF414","Pentatricopeptide repeat (PPR) superfamily protein"
"289","Manes.01G049465.v8.1",711.092077047939,0.408721029457943,0.110427634549454,3.70125676535163,0.000214534247554809,0.0117286019079879,"Manes.01G049465","","","RNA binding; structural constituent of ribosome; intracellular anatomical structure; ribosome; translation",NA,"(1 of 1) PTHR10871//PTHR10871:SF8 - 30S RIBOSOMAL PROTEIN S13/40S RIBOSOMAL PROTEIN S18 // SUBFAMILY NOT NAMED","GO:0003723 GO:0003735 GO:0005622 GO:0005840 GO:0006412","","K02952","PF00416","PTHR10871 PTHR10871:SF8",""
"290","Manes.01G153300.v8.1",54.3549099507782,0.230452704017713,0.0622436765678163,3.70242756734699,0.000213546337951712,0.0117286019079879,"Manes.01G153300","","","",NA,"(1 of 599) PF13041 - PPR repeat family (PPR_2)","","","","PF13041","PTHR24015 PTHR24015:SF454","Tetratricopeptide repeat (TPR)-like superfamily protein"
"291","Manes.04G111100.v8.1",55.9344117943953,0.305472110696256,0.082456227594147,3.70465784828045,0.000211676260544528,0.0117286019079879,"Manes.04G111100","","","regulation of DNA-templated transcription; zinc ion binding",NA,"(1 of 1) PTHR31669:SF10 - PROTEIN FAR1-RELATED SEQUENCE 6","GO:0006355 GO:0008270","","K17604","PF03101 PF04434 PF10551","PTHR31669 PTHR31669:SF10","FAR1-related sequence 6"
"292","Manes.06G064600.v8.1",254.6769875891,-0.246519223586155,0.0665466507075468,-3.70445726366509,0.000211843818079454,0.0117286019079879,"Manes.06G064600","","","protein kinase activity; protein tyrosine kinase activity; protein binding; ATP binding; protein phosphorylation",NA,"(1 of 25) PF07714//PF08263//PF13855 - Protein tyrosine kinase (Pkinase_Tyr) // Leucine rich repeat N-terminal domain (LRRNT_2) // Leucine rich repeat (LRR_8)","GO:0004672 GO:0004713 GO:0005515 GO:0005524 GO:0006468","KOG1187","","PF07714 PF08263 PF13855","PTHR27008 PTHR27008:SF11","Leucine-rich repeat protein kinase family protein"
"293","Manes.13G123000.v8.1",113.375529217686,-0.199327767094317,0.0538489685862358,-3.70160789198972,0.000214237521214662,0.0117286019079879,"Manes.13G123000","","","protein kinase activity; protein tyrosine kinase activity; ATP binding; protein phosphorylation",NA,"(1 of 1569) 2.7.11.1 - Non-specific serine/threonine protein kinase / Threonine-specific protein kinase","GO:0004672 GO:0004713 GO:0005524 GO:0006468","KOG1187","","PF00069","PTHR27001 PTHR27001:SF110",""
"294","Manes.15G050100.v8.1",230.118015381731,-0.208776527548196,0.0564045889842454,-3.70141031621576,0.000214404438985251,0.0117286019079879,"Manes.15G050100","","","",NA,"(1 of 4) PTHR19359//PTHR19359:SF26 - CYTOCHROME B5 // CYTOCHROME B5 ISOFORM B","","KOG0537","","PF00173","PTHR19359 PTHR19359:SF26","cytochrome B5 isoform B"
"295","Manes.08G094400.v8.1",738.862380738085,-0.795160186114261,0.215102668407107,-3.69665421634531,0.000218459574085949,0.0117828883700787,"Manes.08G094400","PWY-5486; PWY-6330","pyruvate fermentation to ethanol II; acetaldehyde biosynthesis II","magnesium ion binding; catalytic activity; carboxy-lyase activity; thiamine pyrophosphate binding","carb","(1 of 2) PTHR18968:SF137 - PYRUVATE DECARBOXYLASE 2","GO:0000287 GO:0003824 GO:0016831 GO:0030976","","K01568","PF00205 PF02775 PF02776","PTHR18968 PTHR18968:SF137","Thiamine pyrophosphate dependent pyruvate decarboxylase family protein"
"296","Manes.09G165700.v8.1",67.4852706172516,-0.241389543198978,0.0652987101805785,-3.69669695666935,0.000218422814407034,0.0117828883700787,"Manes.09G165700","PWY-922; PWY-5910","mevalonate pathway I; superpathway of geranylgeranyldiphosphate biosynthesis I (via mevalonate)","mevalonate kinase activity; ATP binding; cytoplasm; metabolic process; isoprenoid biosynthetic process; kinase activity; phosphotransferase activity, alcohol group as acceptor","carot","(1 of 2) 2.7.1.36 - Mevalonate kinase","GO:0004496 GO:0005524 GO:0005737 GO:0008152 GO:0008299 GO:0016301 GO:0016773","KOG1511","K00869","PF00288 PF08544","PTHR10457 PTHR10457:SF4","mevalonate kinase"
"297","Manes.10G077600.v8.1",92.939622352483,0.218562808342116,0.0591194716379729,3.69696822868308,0.000218189636802548,0.0117828883700787,"Manes.10G077600","","","protein binding",NA,"(1 of 1) K14320 - aladin (AAAS)","GO:0005515","KOG2139","K14320","PF07676","PTHR14494","Transducin/WD40 repeat-like superfamily protein"
"298","Manes.10G133000.v8.1",101.791610302737,-0.313817010910701,0.0848669898605954,-3.69775116834218,0.000217517954470113,0.0117828883700787,"Manes.10G133000","","","",NA,"(1 of 10) PTHR31234:SF8 - EXPRESSED PROTEIN","","","","PF03168","PTHR31234 PTHR31234:SF8","Late embryogenesis abundant (LEA) hydroxyproline-rich glycoprotein family"
"299","Manes.18G050100.v8.1",87.8410404824422,-0.465912979770356,0.126129396347728,-3.6939285627426,0.000220815860604018,0.0118701449079879,"Manes.18G050100","","","protein dimerization activity",NA,"(1 of 1) PTHR12565:SF129 - TRANSCRIPTION FACTOR BHLH74","GO:0046983","","","PF00010","PTHR12565 PTHR12565:SF129","basic helix-loop-helix (bHLH) DNA-binding superfamily protein"
"300","Manes.05G162900.v8.1",88.3445925638977,0.284544277777801,0.0770755983106985,3.69175567902539,0.000222711355825088,0.0118924904391251,"Manes.05G162900","","","base-excision repair; DNA-3-methyladenine glycosylase activity",NA,"(1 of 2) PTHR31116//PTHR31116:SF5 - FAMILY NOT NAMED // 3-METHYLADENINE GLYCOSYLASE I-RELATED","GO:0006284 GO:0008725","","K01246","PF03352","PTHR31116 PTHR31116:SF5","DNA glycosylase superfamily protein"
"301","Manes.14G147300.v8.1",215.599400583069,0.335437758855098,0.0908485735944306,3.69227325849463,0.000222258469242006,0.0118924904391251,"Manes.14G147300","","","ATP binding; protein metabolic process",NA,"(1 of 2) PTHR11638:SF94 - HEAT SHOCK PROTEIN 104","GO:0005524 GO:0019538","","","PF02861 PF07724","PTHR11638 PTHR11638:SF94","Double Clp-N motif-containing P-loop nucleoside triphosphate hydrolases superfamily protein"
"302","Manes.17G108700.v8.1",10.259131203533,0.394187042572787,0.106805106424903,3.69071344776897,0.000223625947153218,0.0119017875781247,"Manes.17G108700","","","",NA,"","","","","","PTHR31133 PTHR31133:SF3",""
"303","Manes.04G074700.v8.1",592.798091419372,0.404978333582418,0.10978369832575,3.68887494007323,0.000225247897452884,0.0119092416307901,"Manes.04G074700","","","",NA,"(1 of 4) PF06911 - Senescence-associated protein (Senescence)","","","","PF06911","PTHR21068 PTHR21068:SF22",""
"304","Manes.05G140400.v8.1",46461.0571232275,0.253724102859562,0.0687781003470955,3.68902458164908,0.000225115470431805,0.0119092416307901,"Manes.05G140400","","","response to stress; response to water",NA,"(1 of 4) PF00257 - Dehydrin (Dehydrin)","GO:0006950 GO:0009415","","","PF00257","PTHR33346","cold-regulated 47"
"305","Manes.02G197000.v8.1",19.502550794081,-0.373738371277112,0.101525323138907,-3.68123301381434,0.000232108757663428,0.0119191184087038,"Manes.02G197000","","","",NA,"","","","","","",""
"306","Manes.02G198300.v8.1",2059.15689668786,-0.219185483245528,0.0595202317476223,-3.68253746347827,0.000230923919019738,0.0119191184087038,"Manes.02G198300","","","transport",NA,"(1 of 2) PTHR23324//PTHR23324:SF67 - SEC14 RELATED PROTEIN // PATELLIN-1-RELATED","GO:0006810 GO:0016021","KOG1471","","PF00650 PF03765","PTHR23324 PTHR23324:SF67","PATELLIN 2"
"307","Manes.07G088900.v8.1",430.798693842108,0.255666264446987,0.0694362166901418,3.6820304537601,0.000231383762723032,0.0119191184087038,"Manes.07G088900","","","DNA binding; nucleus; transcription initiation at RNA polymerase II promoter; positive regulation of transcription elongation by RNA polymerase II",NA,"(1 of 1) K03138 - transcription initiation factor TFIIF subunit alpha (TFIIF1, GTF2F1, TFG1)","GO:0003677 GO:0005634 GO:0006367 GO:0032968","KOG2393","K03138","PF05793","PTHR13011 PTHR13011:SF0","transcription activators;DNA binding;RNA polymerase II transcription factors;catalytics;transcription initiation factors"
"308","Manes.08G082900.v8.1",852.805605559815,-0.231906308398768,0.0628977032054393,-3.68703937632357,0.000226878261529642,0.0119191184087038,"Manes.08G082900","","","",NA,"(1 of 3) PTHR21290//PTHR21290:SF29 - SPHINGOMYELIN SYNTHETASE // SUBFAMILY NOT NAMED","","KOG3058","","PF14360","PTHR21290 PTHR21290:SF29","Arabidopsis Inositol phosphorylceramide synthase 1"
"309","Manes.11G108100.v8.1",24.1196868758794,0.338386962037583,0.0918610851333977,3.68368130581288,0.000229889634082782,0.0119191184087038,"Manes.11G108100","","","",NA,"(1 of 2) PTHR32010:SF6 - PHOTOSYSTEM II STABILITY/ASSEMBLY FACTOR HCF136, CHLOROPLASTIC","","","","PF14870","PTHR32010 PTHR32010:SF6","photosystem II stability/assembly factor, chloroplast (HCF136)"
"310","Manes.11G137000.v8.1",549.312547740896,0.177395166029535,0.0481749120363489,3.68231426962828,0.000231126243854231,0.0119191184087038,"Manes.11G137000","","","nucleotide binding; metal ion binding",NA,"(1 of 2) PTHR24093//PTHR24093:SF289 - FAMILY NOT NAMED // CALCIUM-TRANSPORTING ATPASE 1, ENDOPLASMIC RETICULUM-TYPE-RELATED","GO:0000166 GO:0016021 GO:0046872","","K01537","PF00122 PF00689 PF00690 PF00702","PTHR24093 PTHR24093:SF289","endomembrane-type CA-ATPase 4"
"311","Manes.15G020900.v8.1",59.3016498975071,0.206907840404411,0.0561232119796261,3.68667139862777,0.00022720643259082,0.0119191184087038,"Manes.15G020900","","","regulation of DNA-templated transcription; zinc ion binding",NA,"(1 of 1) PTHR31669:SF38 - PROTEIN FAR1-RELATED SEQUENCE 12-RELATED","GO:0006355 GO:0008270","","","PF03101 PF04434 PF10551","PTHR31669 PTHR31669:SF38","FAR1-related sequence 7"
"312","Manes.15G029700.v8.1",171.310479922951,0.21253122269097,0.0576829555531662,3.68447179331996,0.000229177401802298,0.0119191184087038,"Manes.15G029700","","","",NA,"(1 of 2) PTHR33345//PTHR33345:SF3 - FAMILY NOT NAMED // GENOMIC DNA, CHROMOSOME 3, BAC CLONE:F16J14","","","","","PTHR33345 PTHR33345:SF3","(1 of 2) PTHR33345:SF3 - GENOMIC DNA, CHROMOSOME 3, BAC CLONE:F16J14"
"313","Manes.17G022526.v8.1",112.747833690477,0.338038828212722,0.0917152126338769,3.68574436568292,0.000228035158279385,0.0119191184087038,"Manes.17G022526","","","protein binding; zinc ion binding",NA,"(1 of 83) PF13920 - Zinc finger, C3HC4 type (RING finger) (zf-C3HC4_3)","GO:0005515 GO:0008270","","","PF13920","PTHR12183","RING/U-box superfamily protein"
"314","Manes.01G157600.v8.1",458.433108127959,-0.176233639990577,0.0479119964568259,-3.6782779475571,0.000234813994228196,0.0120196348064643,"Manes.01G157600","THIOREDOX-PWY","thioredoxin pathway","thioredoxin-disulfide reductase (NADPH) activity; cytoplasm; oxidoreductase activity; removal of superoxide radicals",NA,"(1 of 1) PTHR22912//PTHR22912:SF183 - DISULFIDE OXIDOREDUCTASE // SUBFAMILY NOT NAMED","GO:0004791 GO:0005737 GO:0016491 GO:0019430 GO:0055114","","K00384","PF00070","PTHR22912 PTHR22912:SF183","NADPH-dependent thioredoxin reductase B"
"315","Manes.03G177600.v8.1",320.105532205021,0.222346592482502,0.0604901019395645,3.67575165776126,0.000237150134401486,0.012100679715032,"Manes.03G177600","","","",NA,"(1 of 2) PTHR33345:SF3 - GENOMIC DNA, CHROMOSOME 3, BAC CLONE:F16J14","","","","","PTHR33345 PTHR33345:SF3","(1 of 2) PTHR33345:SF3 - GENOMIC DNA, CHROMOSOME 3, BAC CLONE:F16J14"
"316","Manes.05G151700.v8.1",197.636831297099,0.241369427888004,0.0657295935569129,3.67215762073763,0.000240511258250974,0.0121464825617804,"Manes.05G151700","PWY-6441","spermine and spermidine degradation III","protein binding",NA,"(1 of 2) PTHR10742//PTHR10742:SF284 - AMINE OXIDASE // LYSINE-SPECIFIC HISTONE DEMETHYLASE 1A","GO:0005515","KOG0029","","PF04433 PF13450","PTHR10742 PTHR10742:SF284","LSD1-like 3"
"317","Manes.06G089800.v8.1",67.2869261899622,0.291624244169109,0.0794203922079945,3.67190637141873,0.000240747888837296,0.0121464825617804,"Manes.06G089800","","","phosphorelay signal transduction system; protein binding",NA,"(1 of 2) K12127 - pseudo-response regulator 1 (TOC1, APRR1)","GO:0000160 GO:0005515","KOG1601","K12127","PF00072 PF06203","PTHR26402 PTHR26402:SF465","CCT motif -containing response regulator protein"
"318","Manes.08G019501.v8.1",104.303440140608,0.666470553889911,0.181511075026031,3.67179002049507,0.000240857543958044,0.0121464825617804,"Manes.08G019501","","","iron ion binding; oxidoreductase activity, acting on paired donors, with incorporation or reduction of molecular oxygen; heme binding",NA,"(1 of 366) PF00067 - Cytochrome P450 (p450)","GO:0005506 GO:0016705 GO:0020037 GO:0055114","","","PF00067","PTHR24298 PTHR24298:SF119",""
"319","Manes.12G056500.v8.1",189.743146408545,-0.184163666714609,0.0501812903369443,-3.6699667441398,0.000242582025902539,0.0121464825617804,"Manes.12G056500","","","protein dephosphorylation; protein tyrosine/serine/threonine phosphatase activity; dephosphorylation; phosphatase activity",NA,"(1 of 2) K04459 - dual specificity MAP kinase phosphatase (DUSP, MKP)","GO:0006470 GO:0008138 GO:0016311 GO:0016791","KOG1716","K04459","PF00782","PTHR10159 PTHR10159:SF329","indole-3-butyric acid response 5"
"320","Manes.14G059300.v8.1",22.7776871516958,0.4459390664938,0.121471482367863,3.67114204750808,0.000241469084794684,0.0121464825617804,"Manes.14G059300","","","monooxygenase activity; iron ion binding; oxidoreductase activity, acting on paired donors, with incorporation or reduction of molecular oxygen; heme binding",NA,"(1 of 366) PF00067 - Cytochrome P450 (p450)","GO:0004497 GO:0005506 GO:0016705 GO:0020037 GO:0055114","","","PF00067","PTHR24298 PTHR24298:SF117","cytochrome P450, family 71, subfamily A, polypeptide 22"
"321","Manes.17G086100.v8.1",386.752632815586,0.167821285748754,0.0457272663216911,3.67004851259054,0.000242504440646081,0.0121464825617804,"Manes.17G086100","","","",NA,"(1 of 1) K12879 - THO complex subunit 2 (THOC2)","","","K12879","PF11262 PF11732 PF16134","PTHR21597 PTHR21597:SF0","THO2"
"322","Manes.04G021900.v8.1",240.867134034044,0.175579023181679,0.0478898887813256,3.66630676432361,0.000246078709189657,0.0122833015304514,"Manes.04G021900","","","nucleic acid binding; RNA processing; RNA methyltransferase activity; metal ion binding",NA,"(1 of 1) 2.1.1.35 - tRNA (uracil(54)-C(5))-methyltransferase / tRNA:m(5)U(54)-methyltransferase","GO:0003676 GO:0006396 GO:0008173 GO:0046872","KOG2187","K15332","PF00076 PF00642 PF05958 PF13847","PTHR11061 PTHR11061:SF24","zinc finger (CCCH-type) family protein"
"323","Manes.09G100300.v8.1",119.973072566134,-0.310267846538942,0.0846729210741679,-3.66431017854183,0.000248006089076467,0.0123411822592138,"Manes.09G100300","","","carbohydrate binding",NA,"(1 of 49) PF00139 - Legume lectin domain (Lectin_legB)","GO:0030246","","","PF00139","PTHR32401 PTHR32401:SF7","Concanavalin A-like lectin family protein"
"324","Manes.17G050000.v8.1",767.474147148654,0.184032013995431,0.0502438699464674,3.66277546278798,0.000249497223716007,0.0123770644345289,"Manes.17G050000","","","GTPase activity; GTP binding",NA,"(1 of 2) PTHR10751//PTHR10751:SF44 - GUANYLATE BINDING PROTEIN // SUBFAMILY NOT NAMED","GO:0003924 GO:0005525","KOG2037","","PF02263 PF02841","PTHR10751 PTHR10751:SF44","Guanylate-binding family protein"
"325","Manes.13G047100.v8.1",203.711830614316,0.198533204286218,0.0542217224182684,3.6615067805247,0.000250736223880072,0.0124002563889982,"Manes.13G047100","","","",NA,"(1 of 3) 3.6.4.11 - Nucleoplasmin ATPase","","","","PF07529 PF13921","PTHR10799","Helicase/SANT-associated, DNA binding protein"
"326","Manes.05G138800.v8.1",112.778063569612,0.300664856316618,0.0821793290346279,3.65864335774665,0.000253553896100197,0.0124728082274804,"Manes.05G138800","","","intra-Golgi vesicle-mediated transport",NA,"(1 of 2) K09313 - homeobox protein cut-like (CUTL)","GO:0006891 GO:0030173","","K09313","PF08172","PTHR14043","CCAAT-displacement protein alternatively spliced product"
"327","Manes.09G145100.v8.1",149.860591543937,0.184812549825996,0.0505167657409432,3.65843986873071,0.000253755259776401,0.0124728082274804,"Manes.09G145100","","","",NA,"(1 of 1) K13156 - U11/U12 small nuclear ribonucleoprotein 48 kDa protein (SNRNP48)","","","K13156","PF05253","PTHR21402 PTHR21402:SF10","(1 of 1) PTHR21402:SF10 - U11/U12 SMALL NUCLEAR RIBONUCLEOPROTEIN 48 KDA PROTEIN"
"328","Manes.01G072200.v8.1",117.869625331377,0.302638173113697,0.0827710373903838,3.65632934726099,0.000255852600451306,0.0124994493831424,"Manes.01G072200","","","",NA,"","","","","","PTHR32166 PTHR32166:SF25","(1 of 2) PTHR32166:SF15 - F16P17.2 PROTEIN"
"329","Manes.16G088600.v8.1",289.328072362219,0.179335447179544,0.0490376611696086,3.65709625830786,0.000255088605800374,0.0124994493831424,"Manes.16G088600","","","transcription factor TFIID complex; DNA-templated transcription initiation",NA,"(1 of 2) PTHR15138:SF14 - IP01149P-RELATED","GO:0005669 GO:0006352","KOG2341","","PF05236 PF12174","PTHR15138 PTHR15138:SF14","TBP-associated factor 4"
"330","Manes.04G084000.v8.1",702.14035115326,0.241869592521745,0.0661700357641963,3.65527371609216,0.000256907727234434,0.0125129633328456,"Manes.04G084000","","","DNA binding; protein binding; nucleus; DNA-templated transcription initiation; zinc ion binding; metal ion binding",NA,"(1 of 1) PTHR22884:SF374 - ZINC FINGER CCCH DOMAIN-CONTAINING PROTEIN 19-RELATED","GO:0003677 GO:0005515 GO:0005634 GO:0006352 GO:0008270 GO:0016570 GO:0046872","KOG1946","","PF02201 PF02213 PF03126","PTHR22884 PTHR22884:SF374","nucleic acid binding;zinc ion binding;DNA binding"
"331","Manes.08G156300.v8.1",7.10844174462992,0.487845479880096,0.13354750356649,3.65297341284414,0.000259221080492441,0.0125547938453875,"Manes.08G156300","","","DNA binding; DNA-binding transcription factor activity; DNA-templated transcription initiation; regulation of DNA-templated transcription; sigma factor activity",NA,"(1 of 1) PTHR30603//PTHR30603:SF25 - RNA POLYMERASE SIGMA FACTOR RPO // SUBFAMILY NOT NAMED","GO:0003677 GO:0003700 GO:0006352 GO:0006355 GO:0016987","","","PF00140 PF04539 PF04542 PF04545","PTHR30603 PTHR30603:SF25","RNApolymerase sigma subunit 2"
"332","Manes.18G139300.v8.1",248.273767878276,0.234802650074815,0.0642790071046283,3.65286678577069,0.000259328784711545,0.0125547938453875,"Manes.18G139300","","","protein kinase activity; protein tyrosine kinase activity; ATP binding; protein phosphorylation",NA,"(1 of 1) PTHR13902:SF49 - SERINE/THREONINE-PROTEIN KINASE WNK4-RELATED","GO:0004672 GO:0004713 GO:0005524 GO:0006468","","K08867","PF00069","PTHR13902 PTHR13902:SF49","with no lysine (K) kinase 4"
"333","Manes.15G152200.v8.1",625.709855441582,-0.328256835937549,0.0899020540174529,-3.65127181492231,0.000260944884334422,0.0125950964741957,"Manes.15G152200","","","hydrolase activity, acting on ester bonds",NA,"(1 of 2) PTHR22835//PTHR22835:SF219 - ZINC FINGER FYVE DOMAIN CONTAINING PROTEIN // SUBFAMILY NOT NAMED","GO:0016788","","","PF00657","PTHR22835 PTHR22835:SF219","GDSL-like Lipase/Acylhydrolase superfamily protein"
"334","Manes.08G103700.v8.1",18.4265600587398,0.333221997576046,0.0913172237604553,3.64905966096997,0.000263201978372078,0.0126660041867497,"Manes.08G103700","","","",NA,"","","","","","PTHR34119 PTHR34119:SF2","hydroxyproline-rich glycoprotein family protein"
"335","Manes.14G100300.v8.1",635.50331310171,0.196026811206431,0.0537391634973617,3.64774586072697,0.000264551118362716,0.0126929257475938,"Manes.14G100300","","","protein kinase activity; protein tyrosine kinase activity; ATP binding; protein phosphorylation",NA,"(1 of 1) K08827 - serine/threonine-protein kinase PRP4 [EC:2.7.11.1] (PRPF4B)","GO:0004672 GO:0004713 GO:0005524 GO:0006468","","K08827","PF07714","PTHR24056 PTHR24056:SF45","Protein kinase superfamily protein"
"336","Manes.02G051000.v8.1",22.5684235634458,-0.465986397623144,0.127871552241913,-3.64417565481312,0.000268250178626456,0.0127940211307508,"Manes.02G051000","","","monoatomic ion channel activity; monoatomic ion transport; membrane; transmembrane transport",NA,"(1 of 3) PTHR10217//PTHR10217:SF501 - VOLTAGE AND LIGAND GATED POTASSIUM CHANNEL // CYCLIC NUCLEOTIDE-GATED ION CHANNEL 2","GO:0005216 GO:0006811 GO:0016020 GO:0055085","","K05391","PF00027 PF00520","PTHR10217 PTHR10217:SF501","Cyclic nucleotide-regulated ion channel family protein"
"337","Manes.12G029366.v8.1",97.1885896401335,0.407337279584423,0.111759456286507,3.64476790706794,0.000267633215366998,0.0127940211307508,"Manes.12G029366","","","",NA,"(1 of 1) KOG2681 - Metal-dependent phosphohydrolase","","KOG2681","K06941","PF01966","PTHR11373 PTHR11373:SF31",""
"338","Manes.11G028800.v8.1",89.2062251928884,0.329415703680526,0.0905057012862653,3.63972323288894,0.000272931237695813,0.0129787685901917,"Manes.11G028800","","","",NA,"(1 of 1) PTHR38372//PTHR38372:SF1 - FAMILY NOT NAMED // DENTIN SIALOPHOSPHOPROTEIN-LIKE PROTEIN","","","","PF07303","PTHR38372","dentin sialophosphoprotein-related"
"339","Manes.03G060000.v8.1",217.942812549009,0.209062876039574,0.0574663705849432,3.63800382574275,0.00027475934485207,0.0130271591439744,"Manes.03G060000","","","protein kinase activity; ATP binding; protein phosphorylation",NA,"(1 of 4) PTHR11909//PTHR11909:SF73 - CASEIN KINASE-RELATED // PROTEIN KINASE FAMILY PROTEIN","GO:0004672 GO:0005524 GO:0006468","KOG1164","","PF00069","PTHR11909 PTHR11909:SF73","Protein kinase family protein"
"340","Manes.01G168400.v8.1",103.320073347142,-0.486187706188984,0.133682429268827,-3.63688563147885,0.000275954382400938,0.0130453376127361,"Manes.01G168400","","","",NA,"","","","","","",""
"341","Manes.03G111200.v8.1",119.479672581762,0.338162965777438,0.0930131354022854,3.63564742027962,0.000277283367198082,0.0130697230527119,"Manes.03G111200","","","metabolic process; hexosyltransferase activity",NA,"(1 of 1) PTHR11926//PTHR11926:SF366 - GLUCOSYL/GLUCURONOSYL TRANSFERASES // SUBFAMILY NOT NAMED","GO:0008152 GO:0016758","KOG1192","","PF00201","PTHR11926 PTHR11926:SF366",""
"342","Manes.14G155900.v8.1",59.2508016742566,0.304660698564533,0.083865448712105,3.63273199205525,0.000280436251080254,0.0131796838117337,"Manes.14G155900","","","protein binding",NA,"(1 of 3) PTHR24413:SF124 - REGULATORY PROTEIN NPR3-RELATED","GO:0005515","KOG4214","","PF00651 PF11900 PF12313","PTHR24413 PTHR24413:SF124","NPR1-like protein 3"
"343","Manes.02G040300.v8.1",225.144209662722,-0.250524678827657,0.0690821702754001,-3.6264737750555,0.000287317984473465,0.0133643193451509,"Manes.02G040300","","","",NA,"","","","","","PTHR33156 PTHR33156:SF9",""
"344","Manes.09G138100.v8.1",22755.3123412416,0.289934055897679,0.0799222521471317,3.6277012735318,0.000285955838913232,0.0133643193451509,"Manes.09G138100","","","",NA,"","","","","","PTHR34941","dehydrin family protein"
"345","Manes.12G078400.v8.1",949.062463923577,-0.208916525854291,0.0576140463442872,-3.62613874758696,0.000287690816488658,0.0133643193451509,"Manes.12G078400","","","",NA,"(1 of 1) PTHR34126//PTHR34126:SF1 - FAMILY NOT NAMED // PEROXISOME BIOGENESIS PROTEIN 22","","","","","PTHR34126 PTHR34126:SF1","peroxin 22"
"346","Manes.13G131650.v8.1",118.574744388545,0.272243394495561,0.0750641177080325,3.62681135551972,0.00028694276927262,0.0133643193451509,"Manes.13G131650","","","",NA,"(1 of 1) PTHR16166//PTHR16166:SF98 - VACUOLAR PROTEIN SORTING-ASSOCIATED PROTEIN  VPS13 // SUBFAMILY NOT NAMED","","","","PF06650 PF16909","PTHR16166 PTHR16166:SF98","Protein of unknown function (DUF1162)"
"347","Manes.05G149400.v8.1",414.185426693256,0.489722641226604,0.135117833273796,3.62441159217121,0.000289620066232912,0.0133766187487402,"Manes.05G149400","","","response to auxin",NA,"(1 of 4) PTHR31374//PTHR31374:SF35 - FAMILY NOT NAMED // AUXIN-INDUCED PROTEIN-RELATED","GO:0009733","","K14488","PF02519","PTHR31374 PTHR31374:SF35","SAUR-like auxin-responsive protein family"
"348","Manes.06G129200.v8.1",34.2868482544215,-0.53467325124195,0.147517947239394,-3.62446238744276,0.000289563154845484,0.0133766187487402,"Manes.06G129200","","","cysteine-type endopeptidase activity; proteolysis",NA,"(1 of 2) PTHR31773//PTHR31773:SF11 - FAMILY NOT NAMED // METACASPASE-2","GO:0004197 GO:0006508","KOG1546","","PF00656 PF06943","PTHR31773 PTHR31773:SF11",""
"349","Manes.01G218500.v8.1",453.885185633875,0.300779971571779,0.0830119305020318,3.62333425753082,0.000290829590470919,0.0133939942912294,"Manes.01G218500","","","nucleic acid binding; ATP binding; metal ion binding",NA,"(1 of 1) PTHR18934//PTHR18934:SF129 - ATP-DEPENDENT RNA HELICASE // ZINC FINGER CCCH DOMAIN-CONTAINING PROTEIN 31","GO:0003676 GO:0005524 GO:0046872","","","PF00270 PF00271","PTHR18934 PTHR18934:SF129","zinc finger (CCCH type) helicase family protein"
"350","Manes.11G070900.v8.1",60.2961663236436,0.266814797771742,0.0736895979688267,3.62079323440758,0.000293701166738793,0.0134875967228361,"Manes.11G070900","","","protein kinase activity; protein tyrosine kinase activity; ATP binding; protein phosphorylation",NA,"(1 of 1) PTHR24361//PTHR24361:SF159 - MITOGEN-ACTIVATED KINASE KINASE KINASE // SERINE/THREONINE-PROTEIN KINASE OSR1","GO:0004672 GO:0004713 GO:0005524 GO:0006468","KOG0201","K08835","PF14531","PTHR24361 PTHR24361:SF159","Protein kinase superfamily protein"
"351","Manes.04G142500.v8.1",241.595282580729,0.230824147749432,0.0638201476218411,3.61679119135157,0.000298277730532047,0.0136199373944363,"Manes.04G142500","","","ribosomal large subunit assembly; ATP binding; nucleus; ATP hydrolysis activity",NA,"(1 of 1) 6.6.1.2 - Cobaltochelatase / Hydrogenobyrinic acid a,c-diamide cobaltochelatase","GO:0000027 GO:0005524 GO:0005634 GO:0016887","","K14572","PF07728","PTHR22908 PTHR22908:SF66","ATPases;nucleotide binding;ATP binding;nucleoside-triphosphatases;transcription factor binding"
"352","Manes.18G058100.v8.1",3403.7557389979,0.177624430696411,0.0491044458402721,3.61727798077982,0.000297717512477375,0.0136199373944363,"Manes.18G058100","","","NADPH-hemoprotein reductase activity; iron ion binding; FMN binding; oxidoreductase activity",NA,"(1 of 3) 1.6.2.4 - NADPH--hemoprotein reductase / TPNH-cytochrome c reductase","GO:0003958 GO:0005506 GO:0010181 GO:0016491 GO:0055114","","K00327","PF00175 PF00258 PF00667","PTHR19384 PTHR19384:SF85","P450 reductase 1"
"353","Manes.02G097200.v8.1",309.819252609534,0.285527368887339,0.0790226718904473,3.61323354496515,0.000302402096398481,0.013653114874755,"Manes.02G097200","","","ATP binding",NA,"(1 of 4) PTHR23070//PTHR23070:SF12 - BCS1 AAA-TYPE ATPASE // SUBFAMILY NOT NAMED","GO:0005524","KOG0743","K08900","PF00004 PF14363","PTHR23070 PTHR23070:SF12",""
"354","Manes.08G134300.v8.1",48.62875314817,0.465705230911856,0.128828632987307,3.61492022474336,0.000300440121711341,0.013653114874755,"Manes.08G134300","","","calcium ion binding",NA,"","GO:0005509","","","","PTHR34574 PTHR34574:SF1","calcium-binding EF hand family protein"
"355","Manes.10G041600.v8.1",64.9781411105213,-0.498911641206642,0.138056015026565,-3.61383487065479,0.000301701251872787,0.013653114874755,"Manes.10G041600","","","nucleic acid binding",NA,"(1 of 17) KOG0149 - Predicted RNA-binding protein SEB4 (RRM superfamily)","GO:0003676","KOG0149","","PF00076","PTHR24012 PTHR24012:SF421","RNA-binding (RRM/RBD/RNP motifs) family protein"
"356","Manes.12G128900.v8.1",751.707072014307,-0.320991034365042,0.0888333150037124,-3.61340826188494,0.00030219830701449,0.013653114874755,"Manes.12G128900","","","",NA,"(1 of 48) 2.7.7.6 - DNA-directed RNA polymerase / RNA polymerase III","","","","","",""
"357","Manes.17G107700.v8.1",101.445548501377,0.231836891726481,0.0642122132286658,3.61047969022478,0.000305631234543588,0.0137602544336669,"Manes.17G107700","","","",NA,"(1 of 2) PTHR21461:SF10 - C3H4 TYPE ZINC FINGER PROTEIN-RELATED","","","","PF13704","PTHR21461 PTHR21461:SF10","zinc finger (C3HC4-type RING finger) family protein"
"358","Manes.14G060700.v8.1",499.553781005961,0.274851350445709,0.0761441524569424,3.60961861912024,0.000306647524454866,0.0137674459792264,"Manes.14G060700","","","protein binding; zinc ion binding",NA,"(1 of 2) K17987 - next to BRCA1 gene 1 protein (NBR1)","GO:0005515 GO:0008270","KOG4351","K17987","PF00564 PF00569 PF16158","PTHR20930 PTHR20930:SF0","ubiquitin-associated (UBA)/TS-N domain-containing protein / octicosapeptide/Phox/Bemp1 (PB1) domain-containing protein"
"359","Manes.14G080700.v8.1",268.908628872745,0.193806133793081,0.0537044371687322,3.60875458361416,0.00030767049318806,0.0137748964819267,"Manes.14G080700","","","",NA,"(1 of 14) 1.8.1.8 - Protein-disulfide reductase / Protein disulfide reductase","","","","PF00226","PTHR24078","DNAJ heat shock N-terminal domain-containing protein"
"360","Manes.18G119700.v8.1",115.965101635497,0.182520202965337,0.0505977502261118,3.60727902228238,0.000309424865038247,0.0138149607104437,"Manes.18G119700","","","metabolic process; methyltransferase activity",NA,"(1 of 1) 2.1.1.197 - Malonyl-[acyl-carrier protein] O-methyltransferase","GO:0008152 GO:0008168","KOG2940","K18162","PF08241","PTHR13090","S-adenosyl-L-methionine-dependent methyltransferases superfamily protein"
"361","Manes.04G155900.v8.1",67.5038844589778,0.269033915955891,0.0747323225262478,3.59996728137814,0.000318257223849052,0.0141699400524261,"Manes.04G155900","","","DNA binding; DNA-directed 5'-3' RNA polymerase activity; DNA-templated transcription; ribonucleoside binding",NA,"(1 of 1) K03021 - DNA-directed RNA polymerase III subunit RPC2 (RPC2, POLR3B)","GO:0003677 GO:0003899 GO:0006351 GO:0032549","","K03021","PF00562 PF04560 PF04561 PF04563 PF04565 PF04566 PF04567","PTHR20856 PTHR20856:SF8","nuclear RNA polymerase C2"
"362","Manes.01G133100.v8.1",1537.72588251998,-0.149449506672012,0.041551735952229,-3.59670909643415,0.000322268544895323,0.0141955275576157,"Manes.01G133100","","","protein domain specific binding",NA,"(1 of 3) PTHR18860//PTHR18860:SF31 - 14-3-3 PROTEIN // SUBFAMILY NOT NAMED","GO:0019904","KOG0841","K06630","PF00244","PTHR18860 PTHR18860:SF31","general regulatory factor 9"
"363","Manes.06G102000.v8.1",316.301448198121,0.337976581372666,0.0939653398742162,3.5968217837033,0.000322129023275563,0.0141955275576157,"Manes.06G102000","","","",NA,"(1 of 53) PF14009 - Domain of unknown function (DUF4228) (DUF4228)","","","","PF14009","PTHR33413 PTHR33413:SF5",""
"364","Manes.09G141500.v8.1",48.581900710575,-0.358463137869281,0.0996663518015404,-3.59663147481375,0.000322364683539459,0.0141955275576157,"Manes.09G141500","GLUDEG-I-PWY; ARGININE-SYN4-PWY","GABA shunt; L-ornithine biosynthesis II","amino acid metabolic process; oxidoreductase activity; oxidoreductase activity, acting on the CH-NH2 group of donors, NAD or NADP as acceptor",NA,"(1 of 4) 1.4.1.3 - Glutamate dehydrogenase (NAD(P)(+)) / Glutamic dehydrogenase","GO:0006520 GO:0016491 GO:0016639 GO:0055114","","K00261","PF00208 PF02812","PTHR11606 PTHR11606:SF12","glutamate dehydrogenase 1"
"365","Manes.15G031100.v8.1",105.465323116863,0.473810672281339,0.131684402773964,3.59807739033933,0.000320578237466095,0.0141955275576157,"Manes.15G031100","","","phosphatidylinositol dephosphorylation",NA,"(1 of 2) PTHR11200:SF174 - POLYPHOSPHATE 5'-PHOSPHATASE-RELATED","GO:0046856","KOG0565","","PF03372","PTHR11200 PTHR11200:SF174","CVP2 like 1"
"366","Manes.08G110550.v8.1",20.6279190461864,-0.468678885776544,0.130358149423502,-3.5953171155715,0.000323996670877455,0.0142284111776321,"Manes.08G110550","","","",NA,"","","","","","",""
"367","Manes.12G113500.v8.1",81.5672954342598,-0.266581304508944,0.0741878960648442,-3.59332611718679,0.00032648354902489,0.0142985560857685,"Manes.12G113500","","","nucleotide binding; P-type calcium transporter activity; calmodulin binding; ATP binding; membrane; metal ion binding; calcium ion transmembrane transport",NA,"(1 of 3) PTHR24093//PTHR24093:SF262 - FAMILY NOT NAMED // CALCIUM-TRANSPORTING ATPASE 2, PLASMA MEMBRANE-TYPE-RELATED","GO:0000166 GO:0005388 GO:0005516 GO:0005524 GO:0016020 GO:0016021 GO:0046872 GO:0070588","","K01537","PF00122 PF00689 PF00690 PF12515 PF12710","PTHR24093 PTHR24093:SF262","calcium ATPase 2"
"368","Manes.09G097700.v8.1",61.8161646131606,0.200825969536021,0.0559119876395813,3.59182311368684,0.000328372712835133,0.0143422136233671,"Manes.09G097700","","","nucleic acid binding; helicase activity; ATP binding",NA,"(1 of 1) PTHR18934//PTHR18934:SF103 - ATP-DEPENDENT RNA HELICASE // ATP-DEPENDENT RNA HELICASE A-LIKE PROTEIN","GO:0003676 GO:0004386 GO:0005524","","K14442","PF00035 PF00270 PF00271 PF04408 PF07717","PTHR18934 PTHR18934:SF103","DEA(D/H)-box RNA helicase family protein"
"369","Manes.06G060900.v8.1",162.006273997335,0.22639024052644,0.0630707105287995,3.58946710173916,0.000331354643214456,0.0144332335511815,"Manes.06G060900","","","ATP binding; transport; ATP hydrolysis activity; ATPase-coupled transmembrane transporter activity; transmembrane transport",NA,"(1 of 2) PTHR24223:SF251 - ABC TRANSPORTER C FAMILY MEMBER 11-RELATED","GO:0005524 GO:0006810 GO:0016021 GO:0016887 GO:0042626 GO:0055085","","","PF00005 PF00664","PTHR24223 PTHR24223:SF251","multidrug resistance-associated protein 2"
"370","Manes.01G071100.v8.1",13.8006611094411,0.336354332145121,0.0938111032695272,3.58544266533937,0.000336506929432354,0.0144627175140384,"Manes.01G071100","","","",NA,"(1 of 15) PF09335 - SNARE associated Golgi protein (SNARE_assoc)","","","","PF09335","PTHR12677 PTHR12677:SF19","SNARE associated Golgi protein family"
"371","Manes.04G048400.v8.1",17.8862947737112,0.467579293069543,0.130313817550905,3.58810218177278,0.000333093752435584,0.0144627175140384,"Manes.04G048400","","","",NA,"","","","","","PTHR36071 PTHR36071:SF1",""
"372","Manes.04G148700.v8.1",127.823988739324,-0.231920321794674,0.0647064098258284,-3.58419393718395,0.000338120789920358,0.0144627175140384,"Manes.04G148700","","","",NA,"(1 of 3) PTHR31307//PTHR31307:SF4 - FAMILY NOT NAMED // 6B-INTERACTING PROTEIN 1-LIKE 1-RELATED","","KOG4282","","PF13837","PTHR31307 PTHR31307:SF4","sequence-specific DNA binding transcription factors"
"373","Manes.05G057900.v8.1",389.444226482581,-0.178424624710147,0.0497825893941248,-3.58407682046375,0.00033827252282552,0.0144627175140384,"Manes.05G057900","","","proton motive force-driven ATP synthesis; proton-transporting ATP synthase complex, catalytic core F(1); proton-transporting ATP synthase activity, rotational mechanism; proton-transporting ATPase activity, rotational mechanism",NA,"(1 of 3) K02134 - F-type H+-transporting ATPase subunit delta (ATPeF1D, ATP5D, ATP16)","GO:0015986 GO:0045261 GO:0046933 GO:0046961","KOG1758","K02134","PF02823","PTHR13822 PTHR13822:SF7","ATPase, F1 complex, delta/epsilon subunit"
"374","Manes.08G033900.v8.1",542.273273018259,0.354136924767595,0.0988096356179201,3.5840322915164,0.000338330229905957,0.0144627175140384,"Manes.08G033900","","","DNA binding; regulation of DNA-templated transcription",NA,"(1 of 2) PTHR11850:SF111 - BEL1-LIKE HOMEODOMAIN PROTEIN 1-RELATED","GO:0003677 GO:0006355","KOG0773","","PF05920 PF07526","PTHR11850 PTHR11850:SF111","BEL1-like homeodomain 1"
"375","Manes.14G125700.v8.1",88.2554172159129,0.268972090668143,0.0750305313387856,3.58483521133087,0.000337291102676936,0.0144627175140384,"Manes.14G125700","","","DNA helicase activity; single-stranded DNA binding; ATP binding; DNA replication; 5'-3' DNA helicase activity",NA,"(1 of 2) K17680 - twinkle protein [EC:3.6.4.12] (PEO1)","GO:0003678 GO:0003697 GO:0005524 GO:0006260 GO:0043139","","K17680","PF13481 PF13662","PTHR12873","toprim domain-containing protein"
"376","Manes.18G022700.v8.1",110.560210250984,-0.182742718362288,0.0509433326729651,-3.58717635407601,0.000334278250911214,0.0144627175140384,"Manes.18G022700","PWY-4302; PWY-5083; PWY-3781","aerobic respiration III (alternative oxidase pathway); NAD/NADH phosphorylation and dephosphorylation; aerobic respiration I (cytochrome c)","",NA,"(1 of 3) PTHR13061//PTHR13061:SF9 - DYNACTIN SUBUNIT P25 // SUBFAMILY NOT NAMED","","","","PF00132","PTHR13061 PTHR13061:SF9","gamma carbonic anhydrase 1"
"377","Manes.01G256801.v8.1",127.336230983676,0.436241917528015,0.121753743723484,3.58298565766297,0.000339689265521341,0.0144822959276512,"Manes.01G256801","","","regulation of transcription by RNA polymerase II; mediator complex",NA,"(1 of 1) KOG4522 - RNA polymerase II transcription mediator","GO:0001104 GO:0006357 GO:0016592","","","PF09497","PTHR13992 PTHR13992:SF25","RNA polymerase II transcription mediators"
"378","Manes.18G082200.v8.1",33.7448906203677,0.273516299914299,0.0763738805444358,3.58128064155601,0.000341914141037612,0.0145385872722157,"Manes.18G082200","PWY-5083","NAD/NADH phosphorylation and dephosphorylation","NAD+ kinase activity; NADP biosynthetic process; metabolic process",NA,"(1 of 1) PTHR20275//PTHR20275:SF6 - FAMILY NOT NAMED // NADH KINASE POS5, MITOCHONDRIAL","GO:0003951 GO:0006741 GO:0008152","KOG2178","K00858","PF01513","PTHR20275 PTHR20275:SF6","NAD kinase 2"
"379","Manes.12G094800.v8.1",76.9757054773112,0.216138042402497,0.0603702994300435,3.58020490941834,0.000343324870009739,0.014560054447669,"Manes.12G094800","","","protein kinase activity; protein tyrosine kinase activity; ATP binding; protein phosphorylation",NA,"(1 of 2) PTHR27005:SF34 - WALL-ASSOCIATED RECEPTOR KINASE-LIKE 14-RELATED","GO:0004672 GO:0004713 GO:0005524 GO:0006468","KOG1187","","PF00069","PTHR27005 PTHR27005:SF34","Protein kinase superfamily protein"
"380","Manes.01G176400.v8.1",68.8985150467119,-0.247726548432169,0.0692221995783797,-3.57871535347083,0.000345287284613715,0.0146047434884112,"Manes.01G176400","PWY-7560","methylerythritol phosphate pathway II","ATP binding; terpenoid biosynthetic process; 4-(cytidine 5'-diphospho)-2-C-methyl-D-erythritol kinase activity","carot","(1 of 2) 2.7.1.148 - 4-(cytidine 5'-diphospho)-2-C-methyl-D-erythritol kinase / CMK","GO:0005524 GO:0016114 GO:0050515","","K00919","PF00288 PF08544","PTHR20861 PTHR20861:SF2","4-(cytidine 5'-phospho)-2-C-methyl-D-erithritol kinase"
"381","Manes.01G250800.v8.1",9327.65199166928,0.463812746126272,0.129718276868673,3.57553890879878,0.000349507187744211,0.014671749034245,"Manes.01G250800","","","protein binding; protein-folding chaperone binding",NA,"(1 of 1) PTHR33322:SF4 - BAG FAMILY MOLECULAR CHAPERONE REGULATOR 6","GO:0005515 GO:0051087","","","PF02179","PTHR33322 PTHR33322:SF4","BCL-2-associated athanogene 6"
"382","Manes.01G256200.v8.1",275.715077653296,0.356040280533738,0.0995804720152734,3.57540261989449,0.000349689322216131,0.014671749034245,"Manes.01G256200","","","protein kinase activity; protein tyrosine kinase activity; ubiquitin-protein transferase activity; ATP binding; protein phosphorylation; protein ubiquitination",NA,"(1 of 4) PTHR27003//PTHR27003:SF52 - FAMILY NOT NAMED // U-BOX DOMAIN-CONTAINING PROTEIN 33","GO:0004672 GO:0004713 GO:0004842 GO:0005524 GO:0006468 GO:0016567","KOG1187","","PF00069 PF04564","PTHR27003 PTHR27003:SF52",""
"383","Manes.09G140000.v8.1",264.261387146359,0.313933188468572,0.0878019234549766,3.57547051494324,0.00034959857718512,0.014671749034245,"Manes.09G140000","","","protein binding; intracellular protein transport",NA,"(1 of 1) PF02985//PF03810//PF13646 - HEAT repeat (HEAT) // Importin-beta N-terminal domain (IBN_N) // HEAT repeats (HEAT_2)","GO:0005515 GO:0006886 GO:0008536","","","PF02985 PF03810 PF13646","PTHR10527 PTHR10527:SF29",""
"384","Manes.17G019783.v8.1",233.750983782139,0.355051752376547,0.0993212918201343,3.57477984699924,0.000350522716925906,0.014671749034245,"Manes.17G019783","","","",NA,"(1 of 1) PTHR16166:SF105 - PLECKSTRIN HOMOLOGY (PH) DOMAIN-CONTAINING PROTEIN","","KOG1809","","PF00169 PF06101 PF06650 PF12624 PF16908 PF16910","PTHR16166 PTHR16166:SF105","pleckstrin homology (PH) domain-containing protein"
"385","Manes.06G133600.v8.1",52.4065797587758,0.306749611235949,0.0858493015437133,3.57311714504463,0.000352756854585565,0.0146887588698285,"Manes.06G133600","","","",NA,"(1 of 1) PTHR19306//PTHR19306:SF6 - STRUCTURAL MAINTENANCE OF CHROMOSOMES 5,6  SMC5, SMC6 // PROTEIN C23H4.6, ISOFORM A-RELATED","","","","PF02463","PTHR19306 PTHR19306:SF6","P-loop containing nucleoside triphosphate hydrolases superfamily protein"
"386","Manes.17G006200.v8.1",30.8522234579894,0.399908589498251,0.111915516413799,3.57330781568858,0.000352499980046306,0.0146887588698285,"Manes.17G006200","","","",NA,"(1 of 22) PF12854//PF13041 - PPR repeat (PPR_1) // PPR repeat family (PPR_2)","","","","PF12854 PF13041","PTHR24015 PTHR24015:SF473","Tetratricopeptide repeat (TPR)-like superfamily protein"
"387","Manes.12G064400.v8.1",108.608461949311,-0.214815867992529,0.0601912144703277,-3.56889074066491,0.000358495881657115,0.0148891584131132,"Manes.12G064400","","","",NA,"","","","","","PTHR31469 PTHR31469:SF2",""
"388","Manes.01G211900.v8.1",227.755838349222,0.293617918454002,0.0823458367340011,3.56566804224075,0.000362930523699932,0.0149191363361356,"Manes.01G211900","","","protein binding",NA,"(1 of 3) PTHR13268//PTHR13268:SF2 - BREAST CARCINOMA AMPLIFIED SEQUENCE 3 // AUTOPHAGY-RELATED PROTEIN 18G","GO:0005515","KOG2109","","PF12490","PTHR13268 PTHR13268:SF2","homolog of yeast autophagy 18 (ATG18) G"
"389","Manes.03G127800.v8.1",458.051351824188,0.255462899504902,0.071632635157963,3.56629208099855,0.000362067821380359,0.0149191363361356,"Manes.03G127800","","","transporter activity; transport",NA,"(1 of 4) PTHR11132:SF112 - GLUCOSE-6-PHOSPHATE/PHOSPHATE TRANSLOCATOR 1, CHLOROPLASTIC-RELATED","GO:0005215 GO:0006810 GO:0016021","KOG1441","K15283","PF03151","PTHR11132 PTHR11132:SF112","glucose 6-phosphate/phosphate translocator 1"
"390","Manes.05G076300.v8.1",73.702796748529,0.26941307285758,0.0755346221254651,3.56674946238664,0.000361436732687972,0.0149191363361356,"Manes.05G076300","","","",NA,"","","","","","PTHR38936 PTHR38936:SF1",""
"391","Manes.06G151500.v8.1",28.5659810229573,-0.295060171864746,0.0827380417170103,-3.5661971898482,0.000362198879905441,0.0149191363361356,"Manes.06G151500","","","",NA,"","","","","","PTHR35125 PTHR35125:SF2",""
"392","Manes.05G035300.v8.1",73.170620935187,-0.216829671314554,0.0608308763666053,-3.5644673275427,0.00036459586117736,0.0149493603997543,"Manes.05G035300","","","",NA,"","","","","","PTHR36045",""
"393","Manes.05G085100.v8.1",269.594685467867,-0.191375104106893,0.0537187868089539,-3.56253585524002,0.000367289724956223,0.0150214955450926,"Manes.05G085100","","","",NA,"(1 of 4) PTHR13890//PTHR13890:SF8 - RNA SPLICING PROTEIN MRS2, MITOCHONDRIAL // SUBFAMILY NOT NAMED","","KOG2662","K16075","","PTHR13890 PTHR13890:SF8",""
"394","Manes.05G077500.v8.1",64.7600488095765,-0.356898572920491,0.100318024686489,-3.55767145571156,0.000374156878566478,0.0151032365108839,"Manes.05G077500","","","",NA,"(1 of 15) PF05910 - Plant protein of unknown function (DUF868) (DUF868)","","","","PF05910","PTHR31972 PTHR31972:SF13","Plant protein of unknown function (DUF868)"
"395","Manes.05G181300.v8.1",124.988002150823,0.315355585600467,0.0886005686412531,3.5592952780851,0.000371851266611827,0.0151032365108839,"Manes.05G181300","","","protein binding",NA,"(1 of 1) PTHR21494:SF0 - ACTIVATING SIGNAL COINTEGRATOR 1 COMPLEX SUBUNIT 2","GO:0005515","KOG4501","K18667","PF02845","PTHR21494 PTHR21494:SF0","Ubiquitin system component Cue protein"
"396","Manes.06G028600.v8.1",1289.249493381,-0.623117350973738,0.175267755378005,-3.55523096435989,0.000377647199203452,0.0151032365108839,"Manes.06G028600","","","",NA,"(1 of 2) PTHR33228:SF5 - PROTEIN GLUTAMINE DUMPER 1-RELATED","","","","","PTHR33228 PTHR33228:SF5","glutamine dumper 3"
"397","Manes.08G051400.v8.1",93.0251355556277,0.261102381042254,0.0734835753389367,3.55320736420271,0.000380564349337894,0.0151032365108839,"Manes.08G051400","","","",NA,"(1 of 52) PF01535//PF13041//PF13812 - PPR repeat (PPR) // PPR repeat family (PPR_2) // Pentatricopeptide repeat domain (PPR_3)","","","","PF01535 PF13041 PF13812","PTHR24015 PTHR24015:SF262","Tetratricopeptide repeat (TPR)-like superfamily protein"
"398","Manes.08G074600.v8.1",28.5167805891523,0.535454229112798,0.15068131295954,3.55355431005951,0.000380062713199325,0.0151032365108839,"Manes.08G074600","","","metal ion transport; metal ion binding",NA,"(1 of 2) PTHR22814//PTHR22814:SF16 - COPPER TRANSPORT PROTEIN ATOX1-RELATED // CHLOROPLAST-TARGETED COPPER CHAPERONE PROTEIN","GO:0030001 GO:0046872","KOG1603","","PF00403","PTHR22814 PTHR22814:SF16","Chloroplast-targeted copper chaperone protein"
"399","Manes.10G022450.v8.1",52.1887430061573,0.426727106484437,0.119942995095966,3.5577492970141,0.00037404605000242,0.0151032365108839,"Manes.10G022450","","","ADP binding",NA,"(1 of 10) PTHR23155//PTHR23155:SF634 - LEUCINE-RICH REPEAT-CONTAINING PROTEIN // SUBFAMILY NOT NAMED","GO:0043531","KOG4658","","PF00931","PTHR23155 PTHR23155:SF634",""
"400","Manes.10G138200.v8.1",60.8638158801148,0.37855956283366,0.106417587835964,3.55730260882427,0.000374682451315463,0.0151032365108839,"Manes.10G138200","","","proteolysis; cysteine-type peptidase activity; ADP binding",NA,"(1 of 1) PF00931//PF02902 - NB-ARC domain (NB-ARC) // Ulp1 protease family, C-terminal catalytic domain (Peptidase_C48)","GO:0006508 GO:0008234 GO:0043531","KOG4658","","PF00931 PF02902","PTHR23155 PTHR23155:SF562",""
"401","Manes.10G142200.v8.1",58.4752750676926,0.492029472312251,0.138401566518365,3.55508600581456,0.000377855469307985,0.0151032365108839,"Manes.10G142200","","","ADP binding",NA,"(1 of 86) PTHR23155//PTHR23155:SF563 - LEUCINE-RICH REPEAT-CONTAINING PROTEIN // SUBFAMILY NOT NAMED","GO:0043531","KOG4658","","PF00931","PTHR23155 PTHR23155:SF563",""
"402","Manes.15G056300.v8.1",89.6520958803829,-0.352203718543455,0.0991056438334601,-3.55382100272017,0.000379677532376797,0.0151032365108839,"Manes.15G056300","","","",NA,"(1 of 9) PTHR24078//PTHR24078:SF222 - DNAJ HOMOLOG SUBFAMILY C MEMBER // SUBFAMILY NOT NAMED","","","","PF00226","PTHR24078 PTHR24078:SF222","DNAJ-like 20"
"403","Manes.16G088500.v8.1",314.811654829135,0.231364414295676,0.0650608900284076,3.55612126109334,0.000376370411217598,0.0151032365108839,"Manes.16G088500","","","regulation of ARF protein signal transduction",NA,"(1 of 2) K13462 - guanine nucleotide-exchange factor (MIN7)","GO:0005086 GO:0032012","","K13462","PF01369 PF09324 PF12783 PF16213","PTHR10663 PTHR10663:SF189","HOPM interactor 7"
"404","Manes.18G034822.v8.1",32.8440453213582,-1.01889559759938,0.286417202388111,-3.55738268897243,0.000374568285883531,0.0151032365108839,"Manes.18G034822","","","",NA,"(1 of 2) PTHR10641//PTHR10641:SF611 - MYB-LIKE DNA-BINDING PROTEIN MYB // SUBFAMILY NOT NAMED","","","","PF00249","PTHR10641 PTHR10641:SF611",""
"405","Manes.18G143900.v8.1",711.867011328685,0.188691843744428,0.0530964070285133,3.55375917702112,0.000379766793946698,0.0151032365108839,"Manes.18G143900","","","",NA,"(1 of 1) K10801 - methyl-CpG-binding domain protein 4 (MBD4)","","","K10801","","PTHR15074","DNA glycosylase superfamily protein"
"406","Manes.02G082400.v8.1",645.191580438636,-0.197727461098278,0.0556761692466417,-3.55138408000662,0.000383210755264518,0.0151708041117404,"Manes.02G082400","PWY-6842","glutathione-mediated detoxification II","",NA,"(1 of 1) PTHR10250//PTHR10250:SF16 - MICROSOMAL GLUTATHIONE S-TRANSFERASE // GLUTATHIONE S-TRANSFERASE-RELATED","","","K00799","PF01124","PTHR10250 PTHR10250:SF16","microsomal glutathione s-transferase, putative"
"407","Manes.13G034000.v8.1",3543.14301672456,0.216734178411256,0.0610510283526086,3.55004959391474,0.000385158585449413,0.015210451950684,"Manes.13G034000","","","",NA,"(1 of 2) K12819 - pre-mRNA-processing factor SLU7 (SLU7)","","","K12819","PF11708","PTHR12942 PTHR12942:SF2","Pre-mRNA splicing Prp18-interacting factor"
"408","Manes.14G038900.v8.1",87.3638731859284,-0.761284003075521,0.214569995216957,-3.54795181081012,0.000388239246443628,0.0152945328629618,"Manes.14G038900","","","DNA-binding transcription factor activity; regulation of DNA-templated transcription",NA,"(1 of 2) PTHR31677//PTHR31677:SF24 - FAMILY NOT NAMED // ETHYLENE-RESPONSIVE TRANSCRIPTION FACTOR ERF106","GO:0003700 GO:0006355","","","PF00847","PTHR31677 PTHR31677:SF24","Integrase-type DNA-binding superfamily protein"
"409","Manes.01G227100.v8.1",50.4726586785338,-0.404632745818536,0.114083727221032,-3.54680510248915,0.000389932942424862,0.015323697270403,"Manes.01G227100","PWY-7511","protein ubiquitylation","zinc ion binding",NA,"(1 of 2) PTHR23012//PTHR23012:SF93 - MEMBRANE ASSOCIATED RING FINGER // RING/FYVE/PHD ZINC FINGER-CONTAINING PROTEIN","GO:0008270","","","PF12428 PF12906","PTHR23012 PTHR23012:SF93","RING/FYVE/PHD zinc finger superfamily protein"
"410","Manes.07G081300.v8.1",280.385746512943,-0.143967108362808,0.0406208726944855,-3.54416581459493,0.000393857457751516,0.0154166406301424,"Manes.07G081300","","","extracellular region; plant-type cell wall organization",NA,"(1 of 2) PTHR31867//PTHR31867:SF3 - FAMILY NOT NAMED // EXPANSIN-A13","GO:0005576 GO:0009664","","","PF01357 PF03330","PTHR31867 PTHR31867:SF3","expansin A13"
"411","Manes.12G077600.v8.1",271.513824871094,0.178983214691487,0.0505042234285668,3.54392568662384,0.000394216344116752,0.0154166406301424,"Manes.12G077600","","","metal ion binding",NA,"","GO:0046872","","","","PTHR38160 PTHR38160:SF1","Zinc finger C-x8-C-x5-C-x3-H type family protein"
"412","Manes.02G011000.v8.1",1001.94719363143,0.291962978444721,0.0824050377178152,3.54302341859861,0.000395567573332367,0.0154319359373086,"Manes.02G011000","","","",NA,"","","","","","",""
"413","Manes.14G053700.v8.1",218.220086173867,-0.228650853304241,0.064555650432563,-3.54191851173582,0.000397228167197769,0.015459196928256,"Manes.14G053700","","","mitochondrial inner membrane; mitochondrial pyruvate transmembrane transport",NA,"(1 of 2) PTHR14154//PTHR14154:SF16 - UPF0041 BRAIN PROTEIN 44-RELATED // SUBFAMILY NOT NAMED","GO:0005743 GO:0006850","KOG1590","","PF03650","PTHR14154 PTHR14154:SF16","Uncharacterised protein family (UPF0041)"
"414","Manes.07G128800.v8.1",56.2039478833281,0.485080571859525,0.137061807107937,3.53913743073241,0.000401436801446201,0.0155852505063884,"Manes.07G128800","","","",NA,"(1 of 2) PTHR34953:SF1 - ALPHA/BETA HYDROLASE RELATED PROTEIN","","","","PF10457","PTHR34953 PTHR34953:SF1","Alpha/beta hydrolase related protein"
"415","Manes.12G143000.v8.1",139.381484974464,-0.25448927494272,0.0719269028135311,-3.53816534548246,0.000402917665568876,0.0156050497317796,"Manes.12G143000","","","",NA,"","","","","","PTHR33882","(1 of 11) PF05627 - Cleavage site for pathogenic type III effector avirulence factor Avr (AvrRpt-cleavage)"
"416","Manes.11G110400.v8.1",50.8008735905568,0.169140493734902,0.0478539031106798,3.53451824700071,0.000408519228020694,0.0157649304693088,"Manes.11G110400","","","protein binding",NA,"(1 of 3) PTHR22881//PTHR22881:SF16 - BROMODOMAIN CONTAINING PROTEIN // SUBFAMILY NOT NAMED","GO:0005515","","K11723","PF00439","PTHR22881 PTHR22881:SF16",""
"417","Manes.15G041500.v8.1",145.187062618506,-0.330331274360571,0.0934669881615563,-3.53420261910652,0.000409007404075268,0.0157649304693088,"Manes.15G041500","","","",NA,"(1 of 3) PTHR31165//PTHR31165:SF13 - FAMILY NOT NAMED // PROTEIN LIGHT-DEPENDENT SHORT HYPOCOTYLS 1-RELATED","","","","PF04852","PTHR31165 PTHR31165:SF13","Protein of unknown function (DUF640)"
"418","Manes.12G095700.v8.1",27.0478426507607,-0.533285674966127,0.150975412175014,-3.53226838253589,0.000412010974960351,0.0158427090921955,"Manes.12G095700","","","",NA,"(1 of 5) PTHR10992:SF56 - METHYLESTERASE 4-RELATED","","KOG1454","","PF12697","PTHR10992 PTHR10992:SF56",""
"419","Manes.06G043000.v8.1",251.419247847329,0.224996869048177,0.0637123641593333,3.53144749872254,0.000413291897169111,0.015854034995702,"Manes.06G043000","","","",NA,"","","","","","PTHR33132 PTHR33132:SF5",""
"420","Manes.13G055700.v8.1",92.1665878250236,0.166294939805023,0.0471219958920934,3.52903005606615,0.000417085757404968,0.0159614747113573,"Manes.13G055700","","","regulation of DNA-templated transcription",NA,"(1 of 1) PTHR31669:SF46 - FAR-RED IMPAIRED RESPONSIVE 1-LIKE PROTEIN","GO:0006355","","","PF03101","PTHR31669 PTHR31669:SF46","Far-red impaired responsive (FAR1) family protein"
"421","Manes.03G185900.v8.1",13.3749404435806,0.390612079707848,0.110733681101302,3.52749114653296,0.000419517790788975,0.0160164119984589,"Manes.03G185900","","","",NA,"(1 of 2) PTHR17630//PTHR17630:SF52 - DIENELACTONE HYDROLASE // SUBFAMILY NOT NAMED","","KOG3043","","PF12695","PTHR17630 PTHR17630:SF52",""
"422","Manes.03G211500.v8.1",460.081758980665,-0.152900358120686,0.0433895916250382,-3.52389484192458,0.000425252983553351,0.0161968985892251,"Manes.03G211500","","","protein binding",NA,"(1 of 1) PTHR21230//PTHR21230:SF35 - VESICLE TRANSPORT V-SNARE PROTEIN VTI1-RELATED // SUBFAMILY NOT NAMED","GO:0005515","KOG1666","K08494","PF03908","PTHR21230 PTHR21230:SF35","novel plant snare 13"
"423","Manes.03G202300.v8.1",252.881743838054,-0.242648318844228,0.0688824876243741,-3.52264163523571,0.000427268671903897,0.016196908876206,"Manes.03G202300","","","GTP binding; intracellular anatomical structure; intracellular protein transport; small GTPase-mediated signal transduction",NA,"(1 of 6) K07953 - GTP-binding protein SAR1 (SAR1)","GO:0005525 GO:0005622 GO:0006886 GO:0007264","KOG0077","K07953","PF08477","PTHR11711 PTHR11711:SF170","secretion-associated RAS super family 2"
"424","Manes.16G122300.v8.1",12.6203826838279,0.54498814106425,0.15468658451792,3.52317651050802,0.000426407276636652,0.016196908876206,"Manes.16G122300","","","",NA,"","","","","","PTHR35300 PTHR35300:SF1",""
"425","Manes.01G206700.v8.1",249.15574999169,0.216098326545129,0.0614123018677851,3.51881170340053,0.000433484256337175,0.0162496444084443,"Manes.01G206700","","","DNA binding; protein binding; zinc ion binding",NA,"(1 of 3) PTHR24098//PTHR24098:SF9 - FAMILY NOT NAMED // ACYL-COA N-ACYLTRANSFERASE DOMAIN-CONTAINING PROTEIN-RELATED","GO:0003677 GO:0005515 GO:0008270","","","PF16135","PTHR24098 PTHR24098:SF9","Acyl-CoA N-acyltransferase with RING/FYVE/PHD-type zinc finger protein"
"426","Manes.02G213500.v8.1",129.392543034463,0.217661348148225,0.0618626981287119,3.51845869534106,0.000434061380852115,0.0162496444084443,"Manes.02G213500","","","",NA,"(1 of 3) PF06241 - Castor and Pollux, part of voltage-gated ion channel (Castor_Poll_mid)","","","","PF06241","PTHR31563 PTHR31563:SF5",""
"427","Manes.05G043300.v8.1",163.212978762148,0.226933200684499,0.0645053413614207,3.51805286035155,0.00043472575720967,0.0162496444084443,"Manes.05G043300","","","protein binding",NA,"(1 of 1) PTHR13743:SF16 - PROTEIN T01H10.8","GO:0005515","","","PF00400 PF02138 PF14844 PF15787","PTHR13743 PTHR13743:SF16","WD-40 repeat family protein / beige-related"
"428","Manes.08G115600.v8.1",639.778728868411,0.161300964926147,0.0458302491789829,3.51953061167551,0.000432311144566813,0.0162496444084443,"Manes.08G115600","","","",NA,"","","","","","PTHR35760","(1 of 1) PTHR35760:SF1 - SI:CH211-22I13.2 PROTEIN"
"429","Manes.12G121100.v8.1",1129.88238716548,-0.325349892476548,0.0924447126123635,-3.51939968531024,0.000432524568724613,0.0162496444084443,"Manes.12G121100","","","protein dimerization activity",NA,"(1 of 163) PF00010 - Helix-loop-helix DNA-binding domain (HLH)","GO:0046983","","","PF00010","PTHR31945 PTHR31945:SF15","beta HLH protein 93"
"430","Manes.15G121000.v8.1",326.972644388926,-0.386884010604686,0.109961275498187,-3.51836597794888,0.000434213081220983,0.0162496444084443,"Manes.15G121000","","","",NA,"(1 of 10) PF04862 - Protein of unknown function (DUF642) (DUF642)","","","","PF04862","PTHR31265 PTHR31265:SF1","Protein of unknown function, DUF642"
"431","Manes.09G065200.v8.1",100.625080799592,-0.357405306797525,0.10162158713295,-3.51702149987027,0.000436418430842267,0.0162681129475863,"Manes.09G065200","PWY-7528; PWY-7270; ETHYL-PWY; SAM-PWY; PWY-5041","L-methionine salvage cycle I (bacteria and plants); L-methionine salvage cycle II (plants); ethylene biosynthesis I (plants); S-adenosyl-L-methionine biosynthesis; <i>S</i>-adenosyl-L-methionine cycle II","methionine adenosyltransferase activity; ATP binding; S-adenosylmethionine biosynthetic process",NA,"(1 of 3) PTHR11964:SF15 - S-ADENOSYLMETHIONINE SYNTHASE 3","GO:0004478 GO:0005524 GO:0006556","","K00789","PF00438 PF02772 PF02773","PTHR11964 PTHR11964:SF15","methionine adenosyltransferase 3"
"432","Manes.16G114500.v8.1",581.290240734839,-0.255614068606595,0.0726895017159838,-3.5165197528158,0.000437244123272399,0.0162681129475863,"Manes.16G114500","","","",NA,"(1 of 4) PTHR31876//PTHR31876:SF6 - FAMILY NOT NAMED // PROTEIN LIKE-COV 3","","","","PF04367","PTHR31876 PTHR31876:SF6","Protein of unknown function (DUF502)"
"433","Manes.06G156300.v8.1",2223.44012153037,-0.154110746946149,0.0438537328094195,-3.51419906752037,0.000441082129851176,0.0163730094066927,"Manes.06G156300","PWY-7511","protein ubiquitylation","",NA,"(1 of 14) K06689 - ubiquitin-conjugating enzyme E2 D/E (UBE2D_E, UBC4, UBC5)","","KOG0417","K06689","PF00179","PTHR24068","ubiquitin conjugating enzyme 9"
"434","Manes.02G033400.v8.1",66.6101500068428,0.212965038710346,0.060692315389282,3.50892921689315,0.00044991462626005,0.0164323861907609,"Manes.02G033400","","","ubiquitin-dependent protein catabolic process; ubiquitin protein ligase binding",NA,"(1 of 7) K03347 - cullin 1 (CUL1, CDC53)","GO:0006511 GO:0031625","KOG2166","K03347","PF00888 PF10557","PTHR11932 PTHR11932:SF84","cullin 1"
"435","Manes.03G036800.v8.1",290.71114181165,0.171717645954625,0.0489027337148389,3.51141199909075,0.000445733010276541,0.0164323861907609,"Manes.03G036800","","","",NA,"(1 of 2) PTHR31115:SF3 - EXPRESSED PROTEIN","","","","","PTHR31115 PTHR31115:SF3","(1 of 2) PTHR31115:SF3 - EXPRESSED PROTEIN"
"436","Manes.04G008200.v8.1",71.0082731456008,-0.274805745912059,0.078244809943222,-3.51212746393622,0.0004445347412585,0.0164323861907609,"Manes.04G008200","","","transporter activity; transport; membrane; transmembrane transport",NA,"(1 of 2) PTHR11119:SF28 - NUCLEOBASE-ASCORBATE TRANSPORTER 12","GO:0005215 GO:0006810 GO:0016020 GO:0055085","","K14611","PF00860","PTHR11119 PTHR11119:SF28","nucleobase-ascorbate transporter 12"
"437","Manes.08G061100.v8.1",43.9178353904918,-0.358073008510732,0.102012675024909,-3.51008351092939,0.000447965977812407,0.0164323861907609,"Manes.08G061100","","","serine-type carboxypeptidase activity; proteolysis",NA,"(1 of 4) PTHR11802//PTHR11802:SF94 - SERINE PROTEASE FAMILY S10 SERINE CARBOXYPEPTIDASE // SUBFAMILY NOT NAMED","GO:0004185 GO:0006508","","K16297","PF00450","PTHR11802 PTHR11802:SF94",""
"438","Manes.08G156200.v8.1",188.657508750199,0.157348223319312,0.0448328994224551,3.5096597665174,0.000448680414957081,0.0164323861907609,"Manes.08G156200","","","nucleus",NA,"(1 of 52) PF00385 - Chromo (CHRromatin Organisation MOdifier) domain (Chromo)","GO:0005634","","","PF00385","PTHR22812","like heterochromatin protein (LHP1)"
"439","Manes.09G034500.v8.1",59.6294137940155,0.242054416788157,0.0689790991127427,3.50909797172809,0.000449629245948255,0.0164323861907609,"Manes.09G034500","","","nucleus; DNA repair; Smc5-Smc6 complex",NA,"(1 of 2) KOG2866 - Uncharacterized conserved protein","GO:0005634 GO:0006281 GO:0030915","KOG2866","","PF08743","PTHR16140 PTHR16140:SF5",""
"440","Manes.09G118800.v8.1",954.777935488587,0.232333875176538,0.0661758615578482,3.51085531351098,0.000446667438566987,0.0164323861907609,"Manes.09G118800","","","nucleic acid binding; exonuclease activity",NA,"(1 of 1) PTHR12341//PTHR12341:SF38 - 5'->3' EXORIBONUCLEASE // SUBFAMILY NOT NAMED","GO:0003676 GO:0004527","","K12619","PF03159","PTHR12341 PTHR12341:SF38",""
"441","Manes.18G139820.v8.1",46.2319416414898,1.10352391404945,0.314540296884189,3.50837054895944,0.000450860592927615,0.0164323861907609,"Manes.18G139820","","","",NA,"(1 of 3) PTHR11527//PTHR11527:SF170 - SMALL HEAT-SHOCK PROTEIN  HSP20  FAMILY // SUBFAMILY NOT NAMED","","KOG0710","K13993","PF00011","PTHR11527 PTHR11527:SF170",""
"442","Manes.08G114000.v8.1",258.932843020405,-0.289352286521879,0.0825149197830888,-3.50666627662626,0.000453757839481408,0.0164633177290851,"Manes.08G114000","","","catalytic activity; protein serine/threonine phosphatase activity; protein dephosphorylation",NA,"(1 of 4) PTHR13832:SF158 - PROTEIN PHOSPHATASE 2C 5-RELATED","GO:0003824 GO:0004722 GO:0006470","KOG0698","","PF00481","PTHR13832 PTHR13832:SF158","Protein phosphatase 2C family protein"
"443","Manes.08G127600.v8.1",716.004783940123,-0.160779012520668,0.0458444420409319,-3.50705571630946,0.000453094268406141,0.0164633177290851,"Manes.08G127600","","","intracellular protein transport; endoplasmic reticulum to Golgi vesicle-mediated transport; zinc ion binding; COPII vesicle coat",NA,"(1 of 1) PTHR13803:SF4 - SEC24","GO:0006886 GO:0006888 GO:0008270 GO:0030127","","K14007","PF00626 PF04810 PF04811 PF04815 PF08033","PTHR13803 PTHR13803:SF4","Sec23/Sec24 protein transport family protein"
"444","Manes.04G160400.v8.1",599.203915100942,-0.161805721129831,0.0461594512859286,-3.50536491709025,0.000455981826535527,0.0164696537031585,"Manes.04G160400","PWY-5464; PWY-5723; PWY-1042; ANAGLYCOLYSIS-PWY; ANAEROFRUCAT-PWY","superpathway of cytosolic glycolysis (plants), pyruvate dehydrogenase and TCA cycle; Rubisco shunt; glycolysis IV (plant cytosol); glycolysis III (from glucose); homolactic fermentation","magnesium ion binding; pyruvate kinase activity; glycolytic process; potassium ion binding","carb","(1 of 3) PTHR11817:SF5 - PYRUVATE KINASE-RELATED","GO:0000287 GO:0004743 GO:0006096 GO:0030955","","K00873","PF00224 PF02887","PTHR11817 PTHR11817:SF5","Pyruvate kinase family protein"
"445","Manes.05G106100.v8.1",205.455068208715,-0.194883204294322,0.0555871421705052,-3.50590436357652,0.000455058696105132,0.0164696537031585,"Manes.05G106100","","","protein binding",NA,"(1 of 2) K03036 - 26S proteasome regulatory subunit N6 (PSMD11, RPN6)","GO:0005515","","K03036","PF01399","PTHR10678 PTHR10678:SF5","non-ATPase subunit 9"
"446","Manes.15G020800.v8.1",1162.44275604236,-0.157319902105746,0.0448884728642619,-3.50468376550623,0.000457149946888122,0.016474823085948,"Manes.15G020800","","","",NA,"(1 of 1) PTHR23291//PTHR23291:SF45 - BAX INHIBITOR-RELATED // SUBFAMILY NOT NAMED","","KOG2322","K06890","PF01027","PTHR23291 PTHR23291:SF45","Bax inhibitor-1 family protein"
"447","Manes.15G038200.v8.1",20.1534058638806,-0.507600108730778,0.144895483564163,-3.50321553332613,0.000459677350271457,0.0165036533029987,"Manes.15G038200","","","",NA,"","","","","","PTHR33912 PTHR33912:SF2",""
"448","Manes.17G069400.v8.1",360.608083069751,-0.357091150899956,0.101937893093195,-3.50302659849454,0.000460003526394786,0.0165036533029987,"Manes.17G069400","","","",NA,"(1 of 10) PF04862 - Protein of unknown function (DUF642) (DUF642)","","","","PF04862","PTHR31265 PTHR31265:SF1","Protein of unknown function, DUF642"
"449","Manes.06G097300.v8.1",158.958121666916,0.237399424340802,0.0678876218131903,3.4969471311584,0.000470615089940318,0.0167309051650148,"Manes.06G097300","","","protein deubiquitination",NA,"(1 of 2) PTHR22975:SF9 - F6D8.33-RELATED","GO:0016579 GO:0036459","","","PF00443 PF04780 PF04781","PTHR22975 PTHR22975:SF9","Ubiquitin carboxyl-terminal hydrolase-related protein"
"450","Manes.08G154800.v8.1",227.005747354661,0.263845728638067,0.075454379435499,3.49675831425545,0.000470948293048615,0.0167309051650148,"Manes.08G154800","","","RNA binding; protein binding",NA,"(1 of 1) K17583 - nucleolar MIF4G domain-containing protein 1 (NOM1)","GO:0003723 GO:0005515","KOG2141","K17583","PF02847 PF02854","PTHR18034 PTHR18034:SF4","MIF4G domain-containing protein / MA3 domain-containing protein"
"451","Manes.09G174900.v8.1",26.9133066583897,0.260409787445786,0.0744696361954831,3.49685859565917,0.000470771300166654,0.0167309051650148,"Manes.09G174900","","","DNA-binding transcription factor activity; regulation of DNA-templated transcription; zinc ion binding; sequence-specific DNA binding",NA,"(1 of 2) PTHR10071//PTHR10071:SF178 - TRANSCRIPTION FACTOR GATA  GATA BINDING FACTOR // SUBFAMILY NOT NAMED","GO:0003700 GO:0006355 GO:0008270 GO:0043565","","","PF00320","PTHR10071 PTHR10071:SF178",""
"452","Manes.10G039400.v8.1",214.466990459383,0.233871656476059,0.066888852930457,3.49642199305183,0.000471542340555696,0.0167309051650148,"Manes.10G039400","","","",NA,"(1 of 2) PTHR12436//PTHR12436:SF20 - 80 KDA MCM3-ASSOCIATED PROTEIN // SUBFAMILY NOT NAMED","","KOG1861","","PF10075","PTHR12436 PTHR12436:SF20","SAC3/GANP/Nin1/mts3/eIF-3 p25 family"
"453","Manes.18G041000.v8.1",216.816642323244,0.221642949139748,0.0633904880544441,3.49647014784593,0.000471457241404205,0.0167309051650148,"Manes.18G041000","","","DNA-binding transcription factor activity; regulation of DNA-templated transcription; sequence-specific DNA binding",NA,"(1 of 2) PTHR31282//PTHR31282:SF27 - FAMILY NOT NAMED // WRKY TRANSCRIPTION FACTOR 7-RELATED","GO:0003700 GO:0006355 GO:0043565","","","PF03106 PF10533","PTHR31282 PTHR31282:SF27","WRKY DNA-binding protein 7"
"454","Manes.04G055100.v8.1",66.4617160583659,0.262369733621032,0.0750879146101798,3.49416727023422,0.000475542967431393,0.016809690862746,"Manes.04G055100","","","",NA,"(1 of 2) PTHR12550:SF49 - PROTEIN C06A5.3, ISOFORM B","","","","PF00855 PF04818","PTHR12550 PTHR12550:SF49","Tudor/PWWP/MBT domain-containing protein"
"455","Manes.17G038900.v8.1",109.885631784011,0.189418710430352,0.0542126847207821,3.49399243748833,0.000475854497763296,0.016809690862746,"Manes.17G038900","","","proton motive force-driven ATP synthesis; proton-transporting ATP synthase complex, catalytic core F(1); proton-transporting ATP synthase activity, rotational mechanism; proton-transporting ATPase activity, rotational mechanism",NA,"(1 of 3) PTHR11693//PTHR11693:SF21 - ATP SYNTHASE GAMMA CHAIN // ATP SYNTHASE GAMMA CHAIN 1, CHLOROPLASTIC-RELATED","GO:0015986 GO:0045261 GO:0046933 GO:0046961","","","","PTHR11693 PTHR11693:SF21","Homeodomain-like superfamily protein"
"456","Manes.06G147400.v8.1",52.0013058361456,0.196575853802487,0.0563048405617797,3.49127804716536,0.000480715692633073,0.0168334277291751,"Manes.06G147400","","","",NA,"(1 of 52) PF01535//PF13041//PF13812 - PPR repeat (PPR) // PPR repeat family (PPR_2) // Pentatricopeptide repeat domain (PPR_3)","","","","PF01535 PF13041 PF13812","PTHR24015 PTHR24015:SF361","Pentatricopeptide repeat (PPR) superfamily protein"
"457","Manes.07G081100.v8.1",64.4482124716025,-1.04138202269651,0.298271225102829,-3.49139285003939,0.000480509157849063,0.0168334277291751,"Manes.07G081100","PWY-5271","phaseic acid biosynthesis","monooxygenase activity; iron ion binding; oxidoreductase activity, acting on paired donors, with incorporation or reduction of molecular oxygen; heme binding",NA,"(1 of 3) PTHR24286//PTHR24286:SF10 - FAMILY NOT NAMED // ABSCISIC ACID 8'-HYDROXYLASE 1-RELATED","GO:0004497 GO:0005506 GO:0016705 GO:0020037 GO:0055114","KOG0157","K09843","PF00067","PTHR24286 PTHR24286:SF10","cytochrome P450, family 707, subfamily A, polypeptide 3"
"458","Manes.10G040400.v8.1",100.224135988529,-0.157151880916344,0.0450031242236571,-3.49202157910924,0.000479379517137377,0.0168334277291751,"Manes.10G040400","PWY-6126; PWY-841; PWY-7229; PWY-7219","superpathway of adenosine nucleotides <i>de novo</i> biosynthesis II; superpathway of purine nucleotides <i>de novo</i> biosynthesis I; superpathway of adenosine nucleotides <i>de novo</i> biosynthesis I; adenosine ribonucleotides <i>de novo</i> biosynthesis","adenylate kinase activity; ATP binding; nucleobase-containing compound metabolic process; phosphotransferase activity, phosphate group as acceptor; nucleobase-containing compound kinase activity",NA,"(1 of 2) PTHR23359//PTHR23359:SF94 - NUCLEOTIDE KINASE // ADENYLATE KINASE 1, MITOCHONDRIAL-RELATED","GO:0004017 GO:0005524 GO:0006139 GO:0016776 GO:0019205","KOG3078","K00939","PF00406","PTHR23359 PTHR23359:SF94","P-loop containing nucleoside triphosphate hydrolases superfamily protein"
"459","Manes.10G088000.v8.1",113.673293595497,-0.499967770754156,0.143145089792594,-3.4927343402318,0.000478101891594515,0.0168334277291751,"Manes.10G088000","","","",NA,"(1 of 3) PTHR31317//PTHR31317:SF3 - FAMILY NOT NAMED // F2J10.8 PROTEIN-RELATED","","","","PF06219","PTHR31317 PTHR31317:SF3","Protein of unknown function (DUF1005)"
"460","Manes.04G001000.v8.1",242.189428536506,-0.233047230231156,0.0668620490488153,-3.48549339343475,0.000491230353266872,0.0169312250861716,"Manes.04G001000","PWY-66","GDP-L-fucose biosynthesis I (from GDP-D-mannose)","",NA,"(1 of 1) 1.1.1.271 - GDP-L-fucose synthase / GDP-fucose synthetase","","","K02377","PF16363","PTHR10366 PTHR10366:SF246","NAD(P)-binding Rossmann-fold superfamily protein"
"461","Manes.04G123400.v8.1",582.715043019522,0.182821677420769,0.0524605439232484,3.484936749574,0.000492253386928387,0.0169312250861716,"Manes.04G123400","","","",NA,"(1 of 2) PTHR19375//PTHR19375:SF190 - HEAT SHOCK PROTEIN 70KDA // SUBFAMILY NOT NAMED","","","K09489","PF00012","PTHR19375 PTHR19375:SF190","heat shock protein 91"
"462","Manes.05G112500.v8.1",482.015180297733,-0.283238914207247,0.0811883831068777,-3.48866307430198,0.00048544261143657,0.0169312250861716,"Manes.05G112500","PENTOSE-P-PWY; OXIDATIVEPENT-PWY","pentose phosphate pathway; pentose phosphate pathway (oxidative branch)","carbohydrate metabolic process; pentose-phosphate shunt; 6-phosphogluconolactonase activity",NA,"(1 of 5) 3.1.1.31 - 6-phosphogluconolactonase","GO:0005975 GO:0006098 GO:0017057","KOG3147","K01057","PF01182","PTHR11054 PTHR11054:SF2","6-phosphogluconolactonase 1"
"463","Manes.06G105000.v8.1",118.716431121377,0.284371760369654,0.0816096228573102,3.48453712213402,0.000492989071133473,0.0169312250861716,"Manes.06G105000","","","protein serine/threonine kinase activity; protein binding; phosphotransferase activity, alcohol group as acceptor",NA,"(1 of 1) K04728 - ataxia telangiectasia mutated family protein (ATM, TEL1)","GO:0004674 GO:0005515 GO:0016773","","K04728","PF00454 PF02259 PF02260 PF11640","PTHR37079 PTHR37079:SF2","ataxia-telangiectasia mutated"
"464","Manes.09G052400.v8.1",10.5179259715759,0.63185004885195,0.181220816141333,3.48663063275896,0.000489146426405834,0.0169312250861716,"Manes.09G052400","","","protein binding",NA,"(1 of 1) PTHR19919//PTHR19919:SF4 - WD REPEAT CONTAINING PROTEIN // SUBFAMILY NOT NAMED","GO:0005515","KOG0290","K11805","","PTHR19919 PTHR19919:SF4",""
"465","Manes.09G092700.v8.1",630.154469478369,0.3280820133895,0.0940709089218694,3.48760331062591,0.000487370593322511,0.0169312250861716,"Manes.09G092700","","","",NA,"(1 of 2) PTHR14194//PTHR14194:SF78 - NITROGEN METABOLIC REGULATION PROTEIN NMR-RELATED // SUBFAMILY NOT NAMED","","","","PF13460","PTHR14194 PTHR14194:SF78","NAD(P)-binding Rossmann-fold superfamily protein"
"466","Manes.15G103200.v8.1",182.27188118578,-0.149681547537825,0.0429318317049152,-3.4864933918179,0.000489397474536735,0.0169312250861716,"Manes.15G103200","","","nucleic acid binding; RNA binding; metal ion binding",NA,"(1 of 1) PF00013//PF00642//PF14608 - KH domain (KH_1) // Zinc finger C-x8-C-x5-C-x3-H type (and similar) (zf-CCCH) // RNA-binding, Nab2-type zinc finger (zf-CCCH_2)","GO:0003676 GO:0003723 GO:0046872","","","PF00013 PF00642 PF14608","PTHR10288 PTHR10288:SF154","KH domain-containing protein / zinc finger (CCCH type) family protein"
"467","Manes.16G108000.v8.1",134.260094287231,0.230366194827611,0.0660900218109687,3.48564259044288,0.000490956487123748,0.0169312250861716,"Manes.16G108000","","","protein kinase activity; protein binding; ATP binding; protein phosphorylation",NA,"(1 of 1) K08333 - phosphoinositide-3-kinase, regulatory subunit 4 (PIK3R4, VPS15)","GO:0004672 GO:0005515 GO:0005524 GO:0006468","","K08333","PF00069 PF00400 PF02985","PTHR17583 PTHR17583:SF0","protein kinase family protein / WD-40 repeat family protein"
"468","Manes.16G134600.v8.1",225.038798408054,0.365206789117624,0.104712130800518,3.48772187449192,0.000487154541019458,0.0169312250861716,"Manes.16G134600","","","",NA,"(1 of 1) PTHR11915//PTHR11915:SF275 - SPECTRIN/FILAMIN RELATED CYTOSKELETAL PROTEIN // SUBFAMILY NOT NAMED","","KOG0964","","","PTHR11915 PTHR11915:SF275","(1 of 1) PTHR11915//PTHR11915:SF275 - SPECTRIN/FILAMIN RELATED CYTOSKELETAL PROTEIN"
"469","Manes.01G016000.v8.1",80.6133271119931,0.271062841832192,0.0778091926624298,3.48368659996487,0.000494558233151604,0.0169489008133171,"Manes.01G016000","","","iron ion binding; oxidoreductase activity; oxidoreductase activity, acting on paired donors, with incorporation or reduction of molecular oxygen; L-ascorbic acid binding",NA,"(1 of 2) 1.14.11.4 - Procollagen-lysine 5-dioxygenase / Procollagen-lysine,2-oxoglutarate 5-dioxygenase","GO:0005506 GO:0016491 GO:0016705 GO:0031418 GO:0055114","KOG1971","","","PTHR24014 PTHR24014:SF4","2-oxoglutarate (2OG) and Fe(II)-dependent oxygenase superfamily protein"
"470","Manes.01G007900.v8.1",24.1865656054852,0.246572472654816,0.0708136440475486,3.48199101982736,0.000497700382645964,0.016990880607448,"Manes.01G007900","","","catalytic activity; protein serine/threonine phosphatase activity; protein dephosphorylation",NA,"(1 of 14) PTHR13832//PTHR13832:SF286 - PROTEIN PHOSPHATASE 2C // PROTEIN PHOSPHATASE 2C 33-RELATED","GO:0003824 GO:0004722 GO:0006470","KOG0698","","PF00481","PTHR13832 PTHR13832:SF286","Protein phosphatase 2C family protein"
"471","Manes.01G151300.v8.1",85.6946952244955,0.20963350438836,0.060206899955467,3.48188504213667,0.000497897391035152,0.016990880607448,"Manes.01G151300","","","protein binding",NA,"(1 of 1) PTHR24198:SF87 - ANKYRIN REPEAT DOMAIN-CONTAINING PROTEIN, CHLOROPLASTIC","GO:0005515","","","PF13637","PTHR24198 PTHR24198:SF87","ankyrin repeat protein"
"472","Manes.03G101900.v8.1",51.8182986691667,0.338964615561076,0.0974233133335792,3.47929673055211,0.000502731594322595,0.0171195019397184,"Manes.03G101900","PWY-7117; PWYQT-4429; PWY-6549; PWY-241; PWY-7115","C4 photosynthetic carbon assimilation cycle, PEPCK type; CO<sub>2</sub> fixation into oxaloacetate (anaplerotic); L-glutamine biosynthesis III; C4 photosynthetic carbon assimilation cycle, NADP-ME type; C4 photosynthetic carbon assimilation cycle, NAD-ME type","tricarboxylic acid cycle; phosphoenolpyruvate carboxylase activity; carbon fixation",NA,"(1 of 5) 4.1.1.31 - Phosphoenolpyruvate carboxylase / Phosphoenolpyruvic carboxylase","GO:0006099 GO:0008964 GO:0015977","","K01595","PF00311","PTHR30523 PTHR30523:SF8","phosphoenolpyruvate carboxylase 3"
"473","Manes.16G057225.v8.1",56.7626657108922,0.202482745278296,0.0582663119158952,3.47512548195209,0.000510614439041884,0.0173511752192816,"Manes.16G057225","","","",NA,"(1 of 1) PTHR31521//PTHR31521:SF2 - FAMILY NOT NAMED // EXPRESSED PROTEIN","","","","","PTHR31521 PTHR31521:SF2","Trypsin family protein"
"474","Manes.01G244900.v8.1",50.8112630219749,-0.374797583727851,0.107941595228629,-3.47222572479126,0.00051616214055753,0.0175026879434202,"Manes.01G244900","","","",NA,"(1 of 13) PF05097 - Protein of unknown function (DUF688) (DUF688)","","","","PF05097","PTHR34371 PTHR34371:SF2","Protein of unknown function (DUF688)"
"475","Manes.12G145600.v8.1",34.836041041784,0.279865597746097,0.0806611826469171,3.46964411582172,0.000521148396020335,0.0176345645668102,"Manes.12G145600","","","protein deubiquitination",NA,"(1 of 1) K11851 - ubiquitin carboxyl-terminal hydrolase 30 [EC:3.4.19.12] (USP30)","","KOG1870","K11851","PF13423","PTHR24006 PTHR24006:SF455","ubiquitin-specific protease 27"
"476","Manes.04G133100.v8.1",1253.96907177988,-0.170182540022274,0.0490844044452701,-3.46714077405238,0.000526026322741217,0.0177622291710495,"Manes.04G133100","","","DNA binding; lipid binding",NA,"(1 of 1) PTHR24326//PTHR24326:SF217//PTHR24326:SF238 - FAMILY NOT NAMED // HOMEOBOX-LEUCINE ZIPPER PROTEIN ATHB-15 // SUBFAMILY NOT NAMED","GO:0003677 GO:0008289","","K09338","PF00046 PF01852 PF08670","PTHR24326 PTHR24326:SF238","Homeobox-leucine zipper family protein / lipid-binding START domain-containing protein"
"477","Manes.16G099400.v8.1",122.060169883587,0.249835311151459,0.0720707355259804,3.46652922754475,0.000527224411235027,0.0177653626033136,"Manes.16G099400","","","",NA,"(1 of 2) PTHR31115:SF3 - EXPRESSED PROTEIN","","","","","PTHR31115 PTHR31115:SF3","(1 of 2) PTHR31115:SF3 - EXPRESSED PROTEIN"
"478","Manes.02G227000.v8.1",125.409984161288,0.135479754785873,0.0391439364622102,3.46106618369019,0.000538040518611059,0.017803819948128,"Manes.02G227000","PWY-4381; PWY-5156; PWY0-1264; PWY-7388","fatty acid biosynthesis initiation I; superpathway of fatty acid biosynthesis II (plant); biotin-carboxyl carrier protein assembly; octanoyl-[acyl-carrier protein] biosynthesis (mitochondria, yeast)","biotin carboxylase activity; ATP binding; ligase activity; metal ion binding",NA,"(1 of 1) K01961 - acetyl-CoA carboxylase, biotin carboxylase subunit (accC)","GO:0004075 GO:0005524 GO:0016874 GO:0046872","","K01961","PF00289 PF02785 PF13535","PTHR18866","acetyl Co-enzyme a carboxylase biotin carboxylase subunit"
"479","Manes.03G173800.v8.1",1572.27620648188,0.307378594759452,0.0888094581839244,3.46110201599103,0.000537968906651109,0.017803819948128,"Manes.03G173800","","","",NA,"(1 of 2) PTHR31351//PTHR31351:SF4 - FAMILY NOT NAMED // GENOMIC DNA, CHROMOSOME 3, P1 CLONE: MWI23-RELATED","","","","PF05703 PF08458","PTHR31351 PTHR31351:SF4","Plant protein of unknown function (DUF828) with plant pleckstrin homology-like region"
"480","Manes.05G015200.v8.1",394.788751652101,0.215692748120599,0.0623423103982624,3.4598131949664,0.000540550247911807,0.017803819948128,"Manes.05G015200","","","DNA binding; RNA binding; ribonuclease III activity; protein binding; ATP binding; RNA processing; hydrolase activity; RNA endonuclease activity, producing 5'-phosphomonoesters",NA,"(1 of 1) PTHR14950//PTHR14950:SF3 - HELICASE-RELATED // ENDORIBONUCLEASE DICER HOMOLOG 1","GO:0003677 GO:0003723 GO:0004525 GO:0005515 GO:0005524 GO:0006396 GO:0016787 GO:0016891","","K11592","PF00271 PF00636 PF02170 PF03368 PF04851 PF14709","PTHR14950 PTHR14950:SF3","dicer-like 1"
"481","Manes.05G130800.v8.1",130.055289039778,0.248208908836376,0.0717062492491746,3.46146830207038,0.000537237381811244,0.017803819948128,"Manes.05G130800","","","protein binding",NA,"(1 of 2) PTHR32002:SF6 - PROTEIN NLP4-RELATED","GO:0005515","","","PF00564 PF02042","PTHR32002 PTHR32002:SF6","Plant regulator RWP-RK family protein"
"482","Manes.07G114700.v8.1",117.45133313633,-0.250190630794292,0.0723131463212275,-3.45982222489534,0.000540532122061157,0.017803819948128,"Manes.07G114700","","","",NA,"","","","","","PTHR34054 PTHR34054:SF3","Putative membrane lipoprotein"
"483","Manes.09G016677.v8.1",20.2003672549632,-0.256675885714591,0.0741467710023637,-3.46172708864704,0.000536721107441548,0.017803819948128,"Manes.09G016677","","","",NA,"(1 of 599) PF13041 - PPR repeat family (PPR_2)","","","","PF13041","PTHR24015 PTHR24015:SF547","ATP binding;nucleic acid binding;helicases"
"484","Manes.12G009000.v8.1",157.236137773718,-0.270912310916006,0.0782497689376469,-3.46214838195729,0.000535881623912775,0.017803819948128,"Manes.12G009000","","","DNA binding; nucleus",NA,"(1 of 26) PF03110 - SBP domain (SBP)","GO:0003677 GO:0005634","","","PF03110","PTHR31251 PTHR31251:SF19",""
"485","Manes.12G070300.v8.1",151.634414908196,-0.187133465941926,0.054001108665116,-3.4653634076741,0.00052951543139449,0.017803819948128,"Manes.12G070300","","","",NA,"","","","","","PTHR37264","Ribosomal protein L31"
"486","Manes.13G015400.v8.1",129.144005047028,0.306982056376548,0.0886952791304129,3.46108676116998,0.000537999392796485,0.017803819948128,"Manes.13G015400","","","protein binding",NA,"(1 of 4) PTHR24198//PTHR24198:SF77 - ANKYRIN REPEAT AND PROTEIN KINASE DOMAIN-CONTAINING PROTEIN // SUBFAMILY NOT NAMED","GO:0005515","KOG4412","","PF12796","PTHR24198 PTHR24198:SF77","Ankyrin repeat family protein"
"487","Manes.16G055900.v8.1",236.757132619442,0.222096204599934,0.0641816191029161,3.46043318483131,0.000539307051630459,0.017803819948128,"Manes.16G055900","","","",NA,"(1 of 1) K05750 - NCK-associated protein 1 (NCKAP1, NAP125)","","","","PF09735","PTHR12093 PTHR12093:SF10","transcription activators"
"488","Manes.17G077900.v8.1",557.654822507016,-0.161443686070716,0.04661508754544,-3.46333546865791,0.000533522769917718,0.017803819948128,"Manes.17G077900","","","protein binding",NA,"(1 of 3) K14003 - prolactin regulatory element-binding protein (PREB, SEC12)","GO:0005515","KOG0771","K14003","","PTHR23284","SEC12P-like 2 protein"
"489","Manes.10G032500.v8.1",416.725426383258,-0.286413663337167,0.0828154636500175,-3.45845631617261,0.000543280366907931,0.0178571479290617,"Manes.10G032500","PWY-4821","UDP-D-xylose biosynthesis","3-beta-hydroxy-delta5-steroid dehydrogenase (NAD+) activity; steroid biosynthetic process; oxidoreductase activity, acting on the CH-OH group of donors, NAD or NADP as acceptor",NA,"(1 of 3) PTHR10366//PTHR10366:SF323 - NAD DEPENDENT EPIMERASE/DEHYDRATASE // SUBFAMILY NOT NAMED","GO:0003854 GO:0006694 GO:0016616 GO:0055114","","K08678","PF01073","PTHR10366 PTHR10366:SF323",""
"490","Manes.06G169800.v8.1",77.1476967928643,-0.42986166144767,0.124320491712029,-3.45768952107577,0.000544828878764804,0.0178714991191565,"Manes.06G169800","","","",NA,"","","","","","PTHR31722 PTHR31722:SF0",""
"491","Manes.04G082600.v8.1",108.086142118856,-0.198084297953259,0.0573620697758885,-3.45322786864503,0.000553920877820072,0.0180591689030467,"Manes.04G082600","","","DNA-binding transcription factor activity; regulation of DNA-templated transcription; sequence-specific DNA binding",NA,"(1 of 3) PTHR13690:SF76 - BASIC-LEUCINE ZIPPER (BZIP) TRANSCRIPTION FACTOR FAMILY PROTEIN","GO:0003700 GO:0006355 GO:0043565","","","PF00170","PTHR13690 PTHR13690:SF76","Basic-leucine zipper (bZIP) transcription factor family protein"
"492","Manes.05G057800.v8.1",1036.99653138188,-0.324942072055862,0.0940843007126746,-3.45373319028227,0.000552884076819289,0.0180591689030467,"Manes.05G057800","","","",NA,"(1 of 20) PF04570 - zinc-finger of the FCS-type, C2-C2 (zf-FLZ)","","","","PF04570","PTHR33059 PTHR33059:SF32","Protein of unknown function (DUF581)"
"493","Manes.09G049118.v8.1",138.433474730722,0.34662280248908,0.100362732838786,3.45370031967809,0.000552951464551292,0.0180591689030467,"Manes.09G049118","","","DNA binding; ATP binding; hydrolase activity",NA,"(1 of 2) K18655 - ATP-dependent RNA helicase DDX19/DBP5 [EC:3.6.4.13] (DDX19, DBP5)","GO:0003677 GO:0005524 GO:0016787","","K18655","PF00271 PF04851","PTHR24031 PTHR24031:SF318","P-loop containing nucleoside triphosphate hydrolases superfamily protein"
"494","Manes.01G214200.v8.1",19.3457612479777,-0.559963394366863,0.162224242376882,-3.45178615823613,0.000556888890880819,0.0181191804516749,"Manes.01G214200","","","",NA,"","","","","","",""
"495","Manes.15G152500.v8.1",88.6734013035339,-0.292626513593155,0.0847941553582065,-3.45102221204959,0.000558467605270354,0.0181338380192129,"Manes.15G152500","","","protein binding; zinc ion binding",NA,"(1 of 3) PTHR10857//PTHR10857:SF28 - COPINE // E3 UBIQUITIN-PROTEIN LIGASE RGLG1-RELATED","GO:0005515 GO:0008270","KOG4172","K16280","PF07002 PF13920","PTHR10857 PTHR10857:SF28","RING domain ligase2"
"496","Manes.06G161100.v8.1",407.740879473237,0.165237683328479,0.0478906123500043,3.45031469050456,0.000559933433718023,0.0181447783873988,"Manes.06G161100","","","protein binding; zinc ion binding",NA,"(1 of 2) PTHR22880//PTHR22880:SF5 - FALZ-RELATED BROMODOMAIN-CONTAINING PROTEINS // NUCLEOSOME-REMODELING FACTOR SUBUNIT BPTF","GO:0005515 GO:0008270","","","PF00628 PF02791 PF15612","PTHR22880 PTHR22880:SF5","DNA binding;zinc ion binding;DNA binding"
"497","Manes.08G105600.v8.1",255.306376396361,0.521502818945485,0.15119496836379,3.44920750068017,0.000562234479690592,0.0181826856983237,"Manes.08G105600","","","protein binding",NA,"(1 of 3) PF00646//PF14299 - F-box domain (F-box) // Phloem protein 2 (PP2)","GO:0005515","","","PF00646 PF14299","PTHR32278 PTHR32278:SF6","F-box family protein"
"498","Manes.03G142100.v8.1",350.091097794154,-0.190284845136467,0.0552104071265992,-3.44653943051241,0.000567815696762426,0.0183263086226154,"Manes.03G142100","","","transport",NA,"(1 of 4) PTHR22811//PTHR22811:SF50 - TRANSMEMBRANE EMP24 DOMAIN-CONTAINING PROTEIN // TRANSMEMBRANE EMP24 DOMAIN-CONTAINING PROTEIN P24BETA2","GO:0006810 GO:0016021","KOG1692","","PF01105","PTHR22811 PTHR22811:SF50","emp24/gp25L/p24 family/GOLD family protein"
"499","Manes.06G039400.v8.1",635.392222521069,-0.156964140281926,0.0455587721253389,-3.44531103362694,0.000570402632937974,0.0183729088561364,"Manes.06G039400","","","vesicle-mediated transport",NA,"(1 of 2) K08516 - synaptobrevin homolog YKT6 (YKT6)","GO:0016021 GO:0016192","KOG0861","K08516","PF00957 PF13774","PTHR21136 PTHR21136:SF106","SNARE-like superfamily protein"
"500","Manes.03G111900.v8.1",687.065717499952,0.149706177015937,0.0434738159325705,3.44359412222145,0.000574036747382158,0.0184529852813468,"Manes.03G111900","","","",NA,"","","","","","PTHR34689",""
"501","Manes.17G089900.v8.1",160.658619003142,-0.237392858032153,0.0690325400058589,-3.43885445924495,0.000584181207915371,0.0187416058978518,"Manes.17G089900","","","",NA,"(1 of 2) PTHR31421//PTHR31421:SF0 - FAMILY NOT NAMED // PROTEIN BASIC PENTACYSTEINE1-RELATED","","","","PF06217","PTHR31421 PTHR31421:SF0","basic pentacysteine 2"
"502","Manes.02G100100.v8.1",153.518283912365,0.315872821749067,0.0918941909623114,3.43735353063412,0.000587428330976867,0.0187708460512747,"Manes.02G100100","","","",NA,"(1 of 2) PTHR31604//PTHR31604:SF3 - FAMILY NOT NAMED // PROTEIN SHI RELATED SEQUENCE 1-RELATED","","","","PF05142","PTHR31604 PTHR31604:SF3","Lateral root primordium (LRP) protein-related"
"503","Manes.17G057900.v8.1",24.6671131249586,-0.292419740915427,0.0850670379716839,-3.43752113495199,0.000587064902621382,0.0187708460512747,"Manes.17G057900","","","protein kinase activity; protein tyrosine kinase activity; protein binding; ATP binding; protein phosphorylation",NA,"(1 of 26) PF00069//PF00560//PF08263 - Protein kinase domain (Pkinase) // Leucine Rich Repeat (LRR_1) // Leucine rich repeat N-terminal domain (LRRNT_2)","GO:0004672 GO:0004713 GO:0005515 GO:0005524 GO:0006468","KOG1187","","PF00069 PF00560 PF08263","PTHR27001 PTHR27001:SF104","Leucine-rich repeat protein kinase family protein"
"504","Manes.14G006400.v8.1",38.3526996271215,0.230029777981922,0.0669750237547763,3.43456060313106,0.000593515342762188,0.0189277224290013,"Manes.14G006400","","","protein binding; zinc ion binding",NA,"(1 of 1) PTHR13793:SF5 - HISTONE-LYSINE N-METHYLTRANSFERASE ATX4-RELATED","GO:0005515 GO:0008270","","","PF00628 PF00855 PF00856 PF13831 PF13832","PTHR13793 PTHR13793:SF5","SET domain group 29"
"505","Manes.07G107000.v8.1",61.8435040273497,-0.452971746521923,0.131930370571452,-3.43341525199916,0.000596028498497012,0.0189702298145396,"Manes.07G107000","","","protein kinase activity; protein tyrosine kinase activity; ATP binding; protein phosphorylation",NA,"(1 of 31) PF07714//PF11721 - Protein tyrosine kinase (Pkinase_Tyr) // Di-glucose binding within endoplasmic reticulum (Malectin)","GO:0004672 GO:0004713 GO:0005524 GO:0006468","KOG1187","","PF07714 PF11721","PTHR27003 PTHR27003:SF69",""
"506","Manes.03G201100.v8.1",160.673892551388,-0.391589977805612,0.114092354405066,-3.43221927400444,0.000598663310003185,0.0190164335606348,"Manes.03G201100","","","cellulose microfibril organization; cell growth",NA,"(1 of 2) PTHR31052:SF3 - COBRA-LIKE PROTEIN 7-RELATED","GO:0010215 GO:0016049 GO:0031225","","","PF04833","PTHR31052 PTHR31052:SF3","COBRA-like protein-7 precursor"
"507","Manes.16G118100.v8.1",1149.16076794671,-0.163784891386002,0.0477352921620605,-3.43110692252506,0.000601123613946195,0.0190569227750635,"Manes.16G118100","","","proton transmembrane transporter activity; proton-transporting two-sector ATPase complex, proton-transporting domain; proton-transporting V-type ATPase, V0 domain",NA,"(1 of 2) K03661 - V-type H+-transporting ATPase 21kDa proteolipid subunit (ATPeV0B, ATP6F)","GO:0015078 GO:0015991 GO:0033177 GO:0033179","KOG0233","K03661","PF00137","PTHR10263 PTHR10263:SF10","ATPase, F0/V0 complex, subunit C protein"
"508","Manes.08G033000.v8.1",318.34279849748,0.209674837879895,0.0611752825677485,3.4274437171204,0.000609292592611456,0.0191646963621212,"Manes.08G033000","","","",NA,"","","","","","PTHR36351",""
"509","Manes.09G092411.v8.1",84.3718357773099,0.204557313434365,0.0596681562981309,3.42824927273264,0.000607487385402302,0.0191646963621212,"Manes.09G092411","","","protein binding",NA,"","GO:0005515","","","","","Tetratricopeptide repeat (TPR)-like superfamily protein"
"510","Manes.12G098200.v8.1",1813.02597123097,-0.2136900853434,0.0623372197575228,-3.42796945668421,0.000608113873308619,0.0191646963621212,"Manes.12G098200","PWY-7511","protein ubiquitylation","",NA,"(1 of 2) K10579 - ubiquitin-conjugating enzyme E2 M (UBE2M, UBC12)","","KOG0420","K10579","PF00179","PTHR24067 PTHR24067:SF123","RUB1 conjugating enzyme 1"
"511","Manes.12G106800.v8.1",528.179224122461,0.165116073118514,0.0481661829787439,3.42804978321369,0.000607933966516008,0.0191646963621212,"Manes.12G106800","","","",NA,"(1 of 1) K13168 - splicing factor, arginine/serine-rich 16 (SFRS16)","","KOG2548","K13168","PF09750","PTHR13161","(1 of 1) KOG2548 - SWAP mRNA splicing regulator"
"512","Manes.10G006600.v8.1",1639.01400189259,-0.199843834511744,0.0583325367409738,-3.42594109011841,0.000612673247461718,0.0192333927860394,"Manes.10G006600","","","protein binding; intracellular protein transport",NA,"(1 of 2) K15296 - alpha-soluble NSF attachment protein (NAPA, SNAPA, SEC17)","GO:0005515 GO:0006886","KOG1586","K15296","PF14938","PTHR13768 PTHR13768:SF8","alpha-soluble NSF attachment protein 2"
"513","Manes.01G049616.v8.1",23.4024132651549,-0.397039280185472,0.116076524427579,-3.42049593699878,0.000625070694274486,0.0194756393808414,"Manes.01G049616","","","",NA,"(1 of 2) PTHR31339//PTHR31339:SF3 - FAMILY NOT NAMED // GLYCOSIDE HYDROLASE FAMILY 28 PROTEIN / POLYGALACTURONASE (PECTINASE) FAMILY PROTEIN","","","","PF12708","PTHR31339 PTHR31339:SF3","Pectin lyase-like superfamily protein"
"514","Manes.01G216000.v8.1",62.6518337914648,0.201638998203856,0.05894201713535,3.42097213505312,0.000623977250738113,0.0194756393808414,"Manes.01G216000","","","",NA,"","","","","","PTHR35686 PTHR35686:SF1",""
"515","Manes.02G129900.v8.1",535.227783749596,0.154596471331607,0.0451980470944447,3.42042369681518,0.000625236727463086,0.0194756393808414,"Manes.02G129900","","","RNA binding",NA,"(1 of 4) PTHR12537:SF78 - PUMILIO HOMOLOG 1-RELATED","GO:0003723","","K17943","PF00806 PF07990","PTHR12537 PTHR12537:SF78","pumilio 2"
"516","Manes.16G050850.v8.1",38.2983382655231,-0.429736228369967,0.125586328958053,-3.42183923947248,0.000621990779233967,0.0194756393808414,"Manes.16G050850","","","monooxygenase activity; iron ion binding; oxidoreductase activity, acting on paired donors, with incorporation or reduction of molecular oxygen; heme binding",NA,"(1 of 5) 1.14.13.109 - Abieta-7,13-dien-18-ol hydroxylase / CYP720B1","GO:0004497 GO:0005506 GO:0016705 GO:0020037 GO:0055114","KOG0157","","PF00067","PTHR24296 PTHR24296:SF19",""
"517","Manes.02G048100.v8.1",811.18423889818,-0.197498769625077,0.0577771257391816,-3.41828651215066,0.000630167327448181,0.0195912561974364,"Manes.02G048100","","","pyridoxal phosphate binding",NA,"(1 of 2) K01739 - cystathionine gamma-synthase (metB)","GO:0030170","KOG0053","K01739","PF01053","PTHR11808 PTHR11808:SF14","Pyridoxal phosphate (PLP)-dependent transferases superfamily protein"
"518","Manes.09G186101.v8.1",95.4105305500759,0.234977213301776,0.0687533416521668,3.41768425585131,0.000631563283981575,0.0195967503155132,"Manes.09G186101","","","",NA,"(1 of 2) PTHR31373//PTHR31373:SF0 - FAMILY NOT NAMED // EMB|CAB86628.1","","","","PF11443","PTHR31373 PTHR31373:SF0","Uncharacterised conserved protein UCP015417,  vWA"
"519","Manes.10G081700.v8.1",185.398216453271,0.109515817414913,0.0320748830706666,3.4143793189715,0.000639275068149801,0.0197978192107355,"Manes.10G081700","","","",NA,"(1 of 3) PF09405 - CASC3/Barentsz eIF4AIII binding (Btz)","","","","PF09405","PTHR36364","cyclin-related"
"520","Manes.01G072000.v8.1",256.25802950003,-0.179589025823145,0.0526141926546204,-3.41331904495876,0.000641767624135089,0.019836790428314,"Manes.01G072000","","","membrane; intracellular signal transduction",NA,"(1 of 3) PTHR12290:SF18 - PROTEIN CORNICHON HOMOLOG 3-RELATED","GO:0016020 GO:0035556","KOG2729","","PF03311","PTHR12290 PTHR12290:SF18","Cornichon family protein"
"521","Manes.03G184700.v8.1",248.765741305175,-0.133912751000934,0.039252282780956,-3.41159141617883,0.000645848410558651,0.0199246094105743,"Manes.03G184700","","","",NA,"(1 of 6) KOG3140 - Predicted membrane protein","","KOG3140","","PF09335","PTHR12677","SNARE associated Golgi protein family"
"522","Manes.14G005100.v8.1",193.370566601037,0.258659390695514,0.0758302107331142,3.4110335207411,0.000647171347160246,0.0199271744500127,"Manes.14G005100","","","protein binding",NA,"(1 of 1) KOG0548//KOG0550 - Molecular co-chaperone STI1 // Molecular chaperone (DnaJ superfamily)","GO:0005515","KOG0548","","PF00515 PF13414","PTHR22904 PTHR22904:SF339","Heat shock protein DnaJ with tetratricopeptide repeat"
"523","Manes.14G086800.v8.1",71.3480082574014,0.311660416273355,0.0913939505385381,3.41007708318656,0.000649445211690197,0.0199589538957869,"Manes.14G086800","","","RNA binding; RNA processing; metal ion binding",NA,"(1 of 10) PF01805 - Surp module (Surp)","GO:0003723 GO:0006396 GO:0046872","","","PF01805","PTHR36886 PTHR36886:SF2",""
"524","Manes.03G189400.v8.1",239.09453216584,0.177588737926481,0.052101646558323,3.40850529028266,0.000653198186344643,0.0200359817731249,"Manes.03G189400","","","DNA binding; nucleus",NA,"(1 of 2) PTHR31251:SF2 - SQUAMOSA PROMOTER-BINDING-LIKE PROTEIN 7","GO:0003677 GO:0005634","","","PF03110","PTHR31251 PTHR31251:SF2","squamosa promoter binding protein-like 7"
"525","Manes.11G154900.v8.1",20.0408316349718,-0.290140595105603,0.0853174081886964,-3.4007197506973,0.000672086918882304,0.0205761010422767,"Manes.11G154900","","","nucleic acid binding; protein binding",NA,"(1 of 2) PTHR22891:SF40 - PROTEIN ARGONAUTE 5","GO:0003676 GO:0005515","","K11593","PF02170 PF02171 PF08699 PF16486 PF16487 PF16488","PTHR22891 PTHR22891:SF40","Argonaute family protein"
"526","Manes.15G083100.v8.1",128.332777000273,0.181428234279428,0.0533639500396921,3.39982767663341,0.000674283336096916,0.0206040989754481,"Manes.15G083100","","","cytoskeletal motor activity; protein binding; ATP binding; myosin complex",NA,"(1 of 3) PTHR13140//PTHR13140:SF384 - MYOSIN // MYOSIN-2","GO:0003774 GO:0005515 GO:0005524 GO:0016459","","K10357","PF00063 PF00612","PTHR13140 PTHR13140:SF384","myosin 2"
"527","Manes.09G088700.v8.1",24.9530083584102,0.331541731458287,0.0976776087238501,3.39424496350651,0.000688181053557824,0.0209888692103129,"Manes.09G088700","","","",NA,"(1 of 29) 4.2.2.2 - Pectate lyase / PPase-N","","","K01728","PF00544","PTHR31683 PTHR31683:SF23",""
"528","Manes.01G104800.v8.1",249.866242038109,0.16679732405552,0.049172759813774,3.39206757333148,0.000693673304968369,0.0209996594030095,"Manes.01G104800","","","protein binding",NA,"(1 of 1) PTHR23308:SF2 - KANADAPTIN","GO:0005515","KOG1881","","PF00498","PTHR23308 PTHR23308:SF2","SMAD/FHA domain-containing protein"
"529","Manes.03G193000.v8.1",327.906932962155,0.233660674235851,0.0689044342480579,3.39108327041284,0.000696169458211351,0.0209996594030095,"Manes.03G193000","","","zinc ion binding",NA,"(1 of 3) PTHR23336//PTHR23336:SF14 - ZINC FINGER CW-TYPE COILED-COIL DOMAIN PROTEIN 3. // CW-TYPE ZINC-FINGER PROTEIN","GO:0008270","","","PF07496","PTHR23336 PTHR23336:SF14",""
"530","Manes.10G082000.v8.1",22.6287106732126,0.287877902241535,0.084853516988084,3.39264549614322,0.000692211593949551,0.0209996594030095,"Manes.10G082000","","","protein binding; metal ion binding",NA,"(1 of 3) K12862 - pleiotropic regulator 1 (PLRG1, PRL1, PRP46)","GO:0005515 GO:0046872","KOG0266","K12862","PF00400","PTHR22844 PTHR22844:SF178",""
"531","Manes.10G096950.v8.1",447.135172402635,0.221453920520887,0.0653036968339606,3.39113911244488,0.000696027621961849,0.0209996594030095,"Manes.10G096950","","","",NA,"(1 of 1) PF03732//PF14244 - Retrotransposon gag protein (Retrotrans_gag) // gag-polypeptide of LTR copia-type (UBN2_3)","","","","PF14244","PTHR34222 PTHR34222:SF2",""
"532","Manes.13G024600.v8.1",463.21758647785,0.190048909971665,0.056005729581539,3.3933833447339,0.000690349551271659,0.0209996594030095,"Manes.13G024600","","","",NA,"(1 of 1) PF15996 - Arginine/serine-rich protein PNISR (PNISR)","","","","PF15996","","cyclin-related"
"533","Manes.16G066100.v8.1",152.00076301463,0.265725199072673,0.0783737085351594,3.39048903055884,0.000697680465451819,0.0209996594030095,"Manes.16G066100","","","",NA,"(1 of 6) K17710 - pentatricopeptide repeat domain-containing protein 1 (PTCD1)","","","K17710","PF01535 PF13041","PTHR24015 PTHR24015:SF815","Tetratricopeptide repeat (TPR)-like superfamily protein"
"534","Manes.16G085400.v8.1",27.4845922357794,0.494355404080768,0.145798776912746,3.39066907520505,0.000697222334237024,0.0209996594030095,"Manes.16G085400","","","monooxygenase activity; iron ion binding; oxidoreductase activity, acting on paired donors, with incorporation or reduction of molecular oxygen; heme binding",NA,"(1 of 1) PTHR24282//PTHR24282:SF24 - CYTOCHROME P450 FAMILY MEMBER // SUBFAMILY NOT NAMED","GO:0004497 GO:0005506 GO:0016705 GO:0020037 GO:0055114","KOG0157","","PF00067","PTHR24282 PTHR24282:SF24",""
"535","Manes.03G023400.v8.1",36.9122805340802,-0.241704381646727,0.0713401400688009,-3.38805588850297,0.000703899197654256,0.0210293156206261,"Manes.03G023400","","","GTPase activity; GTP binding; intracellular anatomical structure; intracellular protein transport; nucleocytoplasmic transport; signal transduction; small GTPase-mediated signal transduction; protein transport; membrane",NA,"(1 of 2) PTHR24072:SF127 - RAC-LIKE GTP-BINDING PROTEIN ARAC7","GO:0003924 GO:0005525 GO:0005622 GO:0006886 GO:0006913 GO:0007165 GO:0007264 GO:0015031 GO:0016020","KOG0393","K04392","PF08477","PTHR24072 PTHR24072:SF127","RHO-related protein from plants 9"
"536","Manes.03G065580.v8.1",60.9503290693197,0.516335025986196,0.152390502732945,3.38823625308882,0.000703436452110553,0.0210293156206261,"Manes.03G065580","","","",NA,"(1 of 21) PF04782//PF04783 - Protein of unknown function (DUF632) (DUF632) // Protein of unknown function (DUF630) (DUF630)","","","","PF04782 PF04783","PTHR21450 PTHR21450:SF7","Protein of unknown function (DUF630 and DUF632)"
"537","Manes.07G112500.v8.1",539.738518801226,-0.188913160095014,0.0557573843545382,-3.38812808889658,0.000703713925515546,0.0210293156206261,"Manes.07G112500","","","actin binding; intracellular anatomical structure; actin cytoskeleton; actin filament depolymerization",NA,"(1 of 6) PTHR11913:SF22 - ACTIN-DEPOLYMERIZING FACTOR 1-RELATED","GO:0003779 GO:0005622 GO:0015629 GO:0030042","KOG1735","K05765","PF00241","PTHR11913 PTHR11913:SF22","actin depolymerizing factor 1"
"538","Manes.16G053863.v8.1",1356.52855789881,-0.227780902805346,0.0672186055427641,-3.38865855615575,0.000702354091893676,0.0210293156206261,"Manes.16G053863","","","GTPase activity; GTP binding; intracellular anatomical structure; intracellular protein transport; nucleocytoplasmic transport; signal transduction; small GTPase-mediated signal transduction; protein transport; membrane",NA,"(1 of 2) PTHR24073//PTHR24073:SF570 - FAMILY NOT NAMED // RAS-RELATED PROTEIN RABF2A-RELATED","GO:0003924 GO:0005525 GO:0005622 GO:0006886 GO:0006913 GO:0007165 GO:0007264 GO:0015031 GO:0016020","KOG0092","","PF00025 PF13976","PTHR24073 PTHR24073:SF570",""
"539","Manes.09G082900.v8.1",66.1506528818781,-0.607818125363956,0.17943258116417,-3.38744569921691,0.000705466804733461,0.0210370462940277,"Manes.09G082900","","","transmembrane transport",NA,"(1 of 2) PTHR22601:SF2 - OLIGOPEPTIDE TRANSPORTER 3","GO:0055085","","","PF03169","PTHR22601 PTHR22601:SF2","oligopeptide transporter"
"540","Manes.12G045400.v8.1",157.172473504873,0.185261721928484,0.054746943918457,3.38396463196964,0.000714472060690043,0.0212661285767983,"Manes.12G045400","","","",NA,"(1 of 3) 3.6.4.11 - Nucleoplasmin ATPase","","","","PF07529 PF13921","PTHR10799 PTHR10799:SF698","Helicase/SANT-associated, DNA binding protein"
"541","Manes.03G040100.v8.1",89.2666784416006,-0.224336420721457,0.0663133748949883,-3.38297396380005,0.000717054298687986,0.0213035374173974,"Manes.03G040100","","","",NA,"(1 of 43) PF10250 - GDP-fucose protein O-fucosyltransferase (O-FucT)","","","","PF10250","PTHR31741 PTHR31741:SF8","O-fucosyltransferase family protein"
"542","Manes.03G070700.v8.1",111.736159749089,-0.138095589558636,0.0408686375940151,-3.37901133212376,0.000727470094453889,0.0215303307783225,"Manes.03G070700","","","ATP binding; cytoplasm; protein refolding",NA,"(1 of 1) PTHR11353//PTHR11353:SF99 - CHAPERONIN // CHAPERONIN 60 SUBUNIT ALPHA 2, CHLOROPLASTIC","GO:0005524 GO:0005737 GO:0042026","","","PF00118","PTHR11353 PTHR11353:SF99","TCP-1/cpn60 chaperonin family protein"
"543","Manes.04G040600.v8.1",268.899576993077,0.17485725306652,0.0517564323612472,3.37846418481976,0.000728919266538913,0.0215303307783225,"Manes.04G040600","TRNA-CHARGING-PWY","tRNA charging","nucleotide binding; aminoacyl-tRNA ligase activity; isoleucine-tRNA ligase activity; ATP binding; cytoplasm; tRNA aminoacylation for protein translation; isoleucyl-tRNA aminoacylation",NA,"(1 of 1) PTHR11946//PTHR11946:SF73 - ISOLEUCYL, LEUCYL, TYROSYL, VALYL AND METHIONYL-TRNA SYNTHETASES // ISOLEUCINE--TRNA LIGASE, CYTOPLASMIC","GO:0000166 GO:0004812 GO:0004822 GO:0005524 GO:0005737 GO:0006418 GO:0006428","","K01870","PF00133 PF08264","PTHR11946 PTHR11946:SF73","tRNA synthetase class I (I, L, M and V) family protein"
"544","Manes.04G137600.v8.1",45.3929255669742,0.283914942317412,0.0840472546997026,3.37803945330313,0.00073004605700154,0.0215303307783225,"Manes.04G137600","","","",NA,"(1 of 2) PF07303 - Occludin homology domain (Occludin_ELL)","","","","PF07303","PTHR38372","dentin sialophosphoprotein-related"
"545","Manes.06G075700.v8.1",408.589640542833,0.181756203447755,0.0537976568708966,3.37851523689837,0.000728783936865726,0.0215303307783225,"Manes.06G075700","","","zinc ion binding",NA,"(1 of 1) K11991 - tRNA(adenine34) deaminase [EC:3.5.4.33] (tadA)","GO:0008270","KOG1018","K11991","PF00383","PTHR11079 PTHR11079:SF72","tRNA arginine adenosine deaminase"
"546","Manes.01G215700.v8.1",34.2422340369972,-0.491280309139522,0.145542703623522,-3.37550627347369,0.000736800122268818,0.0215777383702446,"Manes.01G215700","","","",NA,"(1 of 4) PTHR11064:SF42 - NUCLEAR TRANSCRIPTION FACTOR Y SUBUNIT B-5","","","","PF00808","PTHR11064 PTHR11064:SF42","nuclear factor Y, subunit B5"
"547","Manes.11G089700.v8.1",310.252567816026,-0.159876033209722,0.0473438852223804,-3.3769098682705,0.000733050665496727,0.0215777383702446,"Manes.11G089700","","","protein retention in ER lumen; ER retention sequence binding",NA,"(1 of 4) PTHR10585//PTHR10585:SF34 - ER LUMEN PROTEIN RETAINING RECEPTOR // ER LUMEN PROTEIN RETAINING RECEPTOR-LIKE PROTEIN","GO:0006621 GO:0016021 GO:0046923","KOG3106","","PF00810","PTHR10585 PTHR10585:SF34","ER lumen protein retaining receptor family protein"
"548","Manes.12G081700.v8.1",50.9319041410544,0.241298218140373,0.0714974192314734,3.37492207039206,0.000738365961776551,0.0215777383702446,"Manes.12G081700","","","",NA,"","","","","","",""
"549","Manes.13G154300.v8.1",63.7077795315278,0.251358686724091,0.0744755866821399,3.37504809189197,0.000738027925130161,0.0215777383702446,"Manes.13G154300","","","protein binding; protein-lysine N-methyltransferase activity; peptidyl-lysine monomethylation",NA,"(1 of 1) K05302 - SET domain-containing protein 6 (SETD6)","GO:0005515 GO:0016279 GO:0018026","KOG1337","K05302","PF00856","PTHR13271 PTHR13271:SF30","SET domain-containing protein"
"550","Manes.15G110700.v8.1",324.909831070277,-0.182934123012043,0.0541876693221265,-3.37593635785595,0.00073564933883847,0.0215777383702446,"Manes.15G110700","PWY-7511","protein ubiquitylation","protein binding; zinc ion binding",NA,"(1 of 4) PTHR22763:SF59 - GENOMIC DNA, CHROMOSOME 3, P1 CLONE: MRP15","GO:0005515 GO:0008270","","K11982","PF13639 PF14369","PTHR22763 PTHR22763:SF59","RING/U-box superfamily protein"
"551","Manes.10G072200.v8.1",71.0323297641626,0.24359397559886,0.0722009834454614,3.37383182298152,0.000741296421181406,0.021624060576495,"Manes.10G072200","","","nucleotide binding; magnesium ion binding; ATP binding; phospholipid transport; metal ion binding",NA,"(1 of 5) K14802 - phospholipid-transporting ATPase [EC:3.6.3.1] (DRS2, ATP8A)","GO:0000166 GO:0000287 GO:0004012 GO:0005524 GO:0015914 GO:0016021 GO:0046872","","K14802","PF00122 PF12710 PF16209 PF16212","PTHR24092 PTHR24092:SF74","aminophospholipid ATPase 1"
"552","Manes.06G040600.v8.1",30.0161938017174,0.388897893896425,0.115345307049315,3.37159702327686,0.00074733710005453,0.0217214271413679,"Manes.06G040600","","","lipid binding",NA,"(1 of 2) PTHR12136//PTHR12136:SF49 - STEROIDOGENIC ACUTE REGULATORY PROTEIN  STAR // SUBFAMILY NOT NAMED","GO:0008289","","","PF01852 PF07059","PTHR12136 PTHR12136:SF49","Protein of unknown function (DUF1336)"
"553","Manes.17G005900.v8.1",41.9553902256986,0.32324620249076,0.0958691506034623,3.37174367829526,0.000746939293249238,0.0217214271413679,"Manes.17G005900","","","transmembrane transport",NA,"(1 of 1) PTHR11662:SF282 - ANION TRANSPORTER 5-RELATED","GO:0016021 GO:0055085","KOG2532","","PF07690","PTHR11662 PTHR11662:SF282","phosphate transporter 4;6"
"554","Manes.09G024300.v8.1",39.6131418692242,0.31260666507492,0.0927456029185598,3.37058205712912,0.000750095628283497,0.0217622509628171,"Manes.09G024300","PWY-5337","stachyose biosynthesis","",NA,"(1 of 8) K06617 - raffinose synthase (E2.4.1.82)","","","K06617","PF05691","PTHR31268 PTHR31268:SF9","seed imbibition 2"
"555","Manes.10G004400.v8.1",300.689356119083,0.177170939848009,0.052592366144029,3.36875772736314,0.000755077673231938,0.0218673215168594,"Manes.10G004400","","","N-acetyltransferase activity",NA,"(1 of 1) PTHR13355//PTHR13355:SF12 - GLUCOSAMINE 6-PHOSPHATE N-ACETYLTRANSFERASE // GCN5-RELATED N-ACETYLTRANSFERASE (GNAT) FAMILY PROTEIN","GO:0008080","","","PF00583","PTHR13355 PTHR13355:SF12","Acyl-CoA N-acyltransferases (NAT) superfamily protein"
"556","Manes.07G097600.v8.1",296.156909887934,0.131794170484543,0.0391608465302521,3.36545764869335,0.000764167972526,0.0220907766590115,"Manes.07G097600","","","metal ion binding",NA,"(1 of 1) PTHR10694:SF45 - LYSINE-SPECIFIC DEMETHYLASE ELF6-RELATED","GO:0046872","","","PF02373 PF02375","PTHR10694 PTHR10694:SF45","Zinc finger (C2H2 type) family protein / transcription factor jumonji (jmj) family protein"
"557","Manes.04G148600.v8.1",240.936639948834,0.236691182983331,0.0703430938492542,3.36481053123086,0.00076596237652575,0.022102896369656,"Manes.04G148600","","","",NA,"(1 of 2) PTHR31008:SF3 - COP1-INTERACTING PROTEIN-RELATED PROTEIN-RELATED","","","","","PTHR31008 PTHR31008:SF3","(1 of 3) PTHR31008:SF3 - COP1-INTERACTING PROTEIN-RELATED PROTEIN-RELATED"
"558","Manes.07G050000.v8.1",368.745398599456,-0.152475267367126,0.0453631114763448,-3.36121713006033,0.000775997964932368,0.0223523571511791,"Manes.07G050000","","","",NA,"(1 of 3) PTHR12064//PTHR12064:SF30 - ANCIENT CONSERVED DOMAIN PROTEIN-RELATED // SUBFAMILY NOT NAMED","","KOG2118","K16302","PF01595","PTHR12064 PTHR12064:SF30","CBS domain-containing protein with a domain of unknown function (DUF21)"
"559","Manes.07G110200.v8.1",40.4701492910278,-0.393699451518244,0.117247188595161,-3.35785835238775,0.000785488537685057,0.0225852545012735,"Manes.07G110200","","","secondary active sulfate transmembrane transporter activity; sulfate transmembrane transporter activity; membrane; transmembrane transport",NA,"(1 of 2) K18059 - sulfate transporter 4 (SULTR4)","GO:0008271 GO:0008272 GO:0015116 GO:0016020 GO:0016021 GO:0055085","","K18059","PF00916 PF01740","PTHR11814 PTHR11814:SF55","sulfate transporter 4.1"
"560","Manes.04G006700.v8.1",56.3357865566981,0.184031940339412,0.0548218658578448,3.35690764003935,0.000788194371966155,0.0225872173873766,"Manes.04G006700","","","protein kinase activity; protein tyrosine kinase activity; ATP binding; protein phosphorylation",NA,"(1 of 1) PTHR24351//PTHR24351:SF73 - RIBOSOMAL PROTEIN S6 KINASE // SUBFAMILY NOT NAMED","GO:0004672 GO:0004713 GO:0005524 GO:0006468","","","PF00069 PF07714","PTHR24351 PTHR24351:SF73",""
"561","Manes.15G028800.v8.1",35.5207350885233,-0.396185340326471,0.118023057263393,-3.35684695442436,0.000788367383457866,0.0225872173873766,"Manes.15G028800","","","protein kinase activity; protein tyrosine kinase activity; ATP binding; protein phosphorylation",NA,"(1 of 2) PTHR13902//PTHR13902:SF70 - SERINE/THREONINE-PROTEIN KINASE WNK  WITH NO LYSINE -RELATED // SUBFAMILY NOT NAMED","GO:0004672 GO:0004713 GO:0005524 GO:0006468","","K08867","PF00069","PTHR13902 PTHR13902:SF70",""
"562","Manes.02G051800.v8.1",81.0093645985074,-0.239954367669386,0.0715057462499922,-3.35573545139265,0.000791542461833788,0.0226378327207375,"Manes.02G051800","PWY-1061","homogalacturonan biosynthesis","glycosyltransferase activity; polygalacturonate 4-alpha-galacturonosyltransferase activity",NA,"(1 of 2) PTHR32116:SF2 - GALACTURONOSYLTRANSFERASE 13-RELATED","GO:0016757 GO:0047262","","K13648","PF01501","PTHR32116 PTHR32116:SF2","galacturonosyltransferase 13"
"563","Manes.03G179200.v8.1",27.6897855934297,-0.572108550032328,0.170521973777426,-3.35504297398688,0.000793526563158513,0.0226542672285023,"Manes.03G179200","","","protein kinase activity; protein tyrosine kinase activity; ATP binding; protein phosphorylation",NA,"(1 of 2) PTHR13902//PTHR13902:SF70 - SERINE/THREONINE-PROTEIN KINASE WNK  WITH NO LYSINE -RELATED // SUBFAMILY NOT NAMED","GO:0004672 GO:0004713 GO:0005524 GO:0006468","","K08867","PF00069","PTHR13902 PTHR13902:SF70",""
"564","Manes.02G099900.v8.1",307.804313732966,0.22710533995137,0.0677312724025794,3.35303519180191,0.000799305428093975,0.0227787874924724,"Manes.02G099900","","","",NA,"(1 of 1) PTHR23336:SF18 - ATP BINDING PROTEIN","","KOG1845","","PF13589","PTHR23336 PTHR23336:SF18","Histidine kinase-, DNA gyrase B-, and HSP90-like ATPase family protein"
"565","Manes.01G098600.v8.1",235.056262078609,0.189222064379113,0.0565012082163128,3.34899147031835,0.000811062925927055,0.0228372959685701,"Manes.01G098600","","","ATP binding; cytoplasm; response to heat; protein processing; ATP hydrolysis activity; protein metabolic process",NA,"(1 of 2) PTHR11638//PTHR11638:SF121 - ATP-DEPENDENT CLP PROTEASE // CHAPERONE PROTEIN CLPB3, CHLOROPLASTIC","GO:0005524 GO:0005737 GO:0009408 GO:0016485 GO:0016887 GO:0019538","","K03695","PF00004 PF02861 PF07728 PF10431","PTHR11638 PTHR11638:SF121","casein lytic proteinase B3"
"566","Manes.01G108100.v8.1",240.609149901749,-0.166274944312204,0.0496202732012894,-3.35094777970475,0.000805354878295434,0.0228372959685701,"Manes.01G108100","","","",NA,"","","","","","PTHR37383 PTHR37383:SF1",""
"567","Manes.01G231600.v8.1",44.9735250517461,0.274029763895521,0.0817696356578451,3.35124110179681,0.000804502254610895,0.0228372959685701,"Manes.01G231600","","","",NA,"(1 of 80) PF01535//PF13041//PF14432 - PPR repeat (PPR) // PPR repeat family (PPR_2) // DYW family of nucleic acid deaminases (DYW_deaminase)","","","","PF01535 PF13041 PF14432","PTHR24015 PTHR24015:SF583","Tetratricopeptide repeat (TPR)-like superfamily protein"
"568","Manes.02G190200.v8.1",74.6899536843544,0.351467892440387,0.104946633406465,3.349015409376,0.000810992851127056,0.0228372959685701,"Manes.02G190200","","","",NA,"(1 of 12) PF11961 - Domain of unknown function (DUF3475) (DUF3475)","","","","PF05003 PF11961","PTHR31730 PTHR31730:SF2","Protein of unknown function (DUF668)"
"569","Manes.08G160500.v8.1",53.6191868435918,-0.315620870110018,0.0942098196368934,-3.35019079037083,0.00080755915799354,0.0228372959685701,"Manes.08G160500","","","",NA,"","","","","","PTHR35105 PTHR35105:SF2","Nucleotide-diphospho-sugar transferases superfamily protein"
"570","Manes.14G087800.v8.1",672.301350413985,-0.44515720610179,0.132945286375454,-3.34842413927043,0.000812725271823687,0.0228372959685701,"Manes.14G087800","","","cellulose microfibril organization; cell growth",NA,"(1 of 3) PTHR31673//PTHR31673:SF2 - FAMILY NOT NAMED // COBRA-LIKE PROTEIN 4","GO:0010215 GO:0016049 GO:0031225","","","PF04833","PTHR31673 PTHR31673:SF2","COBRA-like extracellular glycosyl-phosphatidyl inositol-anchored protein family"
"571","Manes.18G044100.v8.1",9.81724656759729,-0.494816891747214,0.147762774780641,-3.34872495783724,0.000811843445145976,0.0228372959685701,"Manes.18G044100","","","membrane; Golgi vesicle transport",NA,"(1 of 5) PF09177 - Syntaxin 6, N-terminal (Syntaxin-6_N)","GO:0016020 GO:0048193","","","PF09177","PTHR34949 PTHR34949:SF1","Syntaxin/t-SNARE family protein"
"572","Manes.18G141001.v8.1",31.3064178518494,-0.329495569818703,0.0983788636584896,-3.34925163358775,0.000810301672924353,0.0228372959685701,"Manes.18G141001","","","hydrolase activity, hydrolyzing O-glycosyl compounds; carbohydrate metabolic process",NA,"(1 of 1) PTHR32227//PTHR32227:SF128 - FAMILY NOT NAMED // GLUCAN ENDO-1,3-BETA-GLUCOSIDASE 9","GO:0004553 GO:0005975","","","PF00332 PF07983","PTHR32227 PTHR32227:SF128","O-Glycosyl hydrolases family 17 protein"
"573","Manes.18G141900.v8.1",127.319729016227,0.147816627549534,0.0441941182727387,3.34471267505103,0.000823678521601226,0.0231046856504302,"Manes.18G141900","PWY-361","phenylpropanoid biosynthesis","catalytic activity",NA,"(1 of 1) PTHR10366//PTHR10366:SF369 - NAD DEPENDENT EPIMERASE/DEHYDRATASE // CINNAMOYL-COA REDUCTASE-LIKE PROTEIN","GO:0003824 GO:0050662","KOG1502","","PF01370","PTHR10366 PTHR10366:SF369","NAD(P)-binding Rossmann-fold superfamily protein"
"574","Manes.02G208660.v8.1",785.075815856923,0.180995205846398,0.0541472107569801,3.34265058746476,0.000829823167797392,0.0232364943832883,"Manes.02G208660","","","",NA,"(1 of 1) K01411 - nardilysin [EC:3.4.24.61] (NRD1)","","","K01411","PF00675 PF05193 PF16187","PTHR11851 PTHR11851:SF123","Insulinase (Peptidase family M16) family protein"
"575","Manes.17G092400.v8.1",20.0612539142975,0.413157750849214,0.123656569684326,3.34117105062785,0.000834258089598226,0.0233200526506301,"Manes.17G092400","","","protein dimerization activity",NA,"(1 of 2) PTHR16223//PTHR16223:SF32 - FAMILY NOT NAMED // TRANSCRIPTION FACTOR BHLH111","GO:0046983","","","","PTHR16223 PTHR16223:SF32","basic helix-loop-helix (bHLH) DNA-binding superfamily protein"
"576","Manes.03G155500.v8.1",26.9712605348753,0.318182798789898,0.0953502565546939,3.3369894354441,0.00084691167322595,0.023524489855504,"Manes.03G155500","","","cytoskeletal motor activity; protein binding; ATP binding; myosin complex",NA,"(1 of 1) PTHR13140//PTHR13140:SF391//PTHR13140:SF486 - MYOSIN // MYOSIN-10-RELATED // SUBFAMILY NOT NAMED","GO:0003774 GO:0005515 GO:0005524 GO:0016459","","K10357","PF00063 PF00612 PF01843 PF02736","PTHR13140 PTHR13140:SF391",""
"577","Manes.09G045300.v8.1",163.498267089054,0.241549150353253,0.0723890117870463,3.33682066366427,0.000847426095087214,0.023524489855504,"Manes.09G045300","PWY-401","galactolipid biosynthesis I","",NA,"(1 of 3) 2.4.1.241 - Digalactosyldiacylglycerol synthase / UDP-galactose:MGDG galactosyltransferase","","","K09480","PF13692","PTHR12526 PTHR12526:SF352","UDP-Glycosyltransferase superfamily protein"
"578","Manes.09G095000.v8.1",162.736193857861,0.387997957825363,0.116271337403575,3.33700434251162,0.000846866249923716,0.023524489855504,"Manes.09G095000","","","ATP binding",NA,"(1 of 2) PTHR32429//PTHR32429:SF12 - FAMILY NOT NAMED // RIBULOSE BISPHOSPHATE CARBOXYLASE/OXYGENASE ACTIVASE, CHLOROPLASTIC","GO:0005524","KOG0651","","PF00004","PTHR32429 PTHR32429:SF12","rubisco activase"
"579","Manes.16G060551.v8.1",49.2018074046132,0.251602842205012,0.0753924197081352,3.3372432292137,0.000846138646786042,0.023524489855504,"Manes.16G060551","","","potassium ion transmembrane transporter activity; membrane; potassium ion transmembrane transport",NA,"(1 of 2) PTHR30540:SF11 - POTASSIUM TRANSPORTER 10-RELATED","GO:0015079 GO:0016020 GO:0071805","","K03549","PF02705","PTHR30540 PTHR30540:SF11","K+ uptake permease 10"
"580","Manes.06G051100.v8.1",30.9756099973372,-0.544622286590955,0.163253842003733,-3.33604575492013,0.000849791764173651,0.0235494879751088,"Manes.06G051100","PWY-7601; PWY-6433; PWY-7619; PWY-7606; PWY-5080; PWY-7036; PWY-6598; PWY-7726","arachidonate biosynthesis IV (8-detaturase, lower eukaryotes); hydroxylated fatty acid biosynthesis (plants); juniperonate biosynthesis; docosahexaenoate biosynthesis III (6-desaturase, mammals); very long chain fatty acid biosynthesis I; very long chain fatty acid biosynthesis II; sciadonate biosynthesis; (4Z,7Z,10Z,13Z,16Z)-docosa-4,7,10,13,16-pentaenoate biosynthesis (6-desaturase)","fatty acid biosynthetic process; lipid biosynthetic process; membrane; acyltransferase activity, transferring groups other than amino-acyl groups",NA,"(1 of 10) 2.3.1.119//2.3.1.199 - Transferred entry: 1.1.1.330, 1.3.1.93, 2.3.1.199 and 4.2.1.134 // Very-long-chain 3-oxoacyl-CoA synthase / Very-long-chain beta-ketoacyl-CoA synthase","GO:0006633 GO:0008610 GO:0016020 GO:0016747","","K15397","PF08392 PF08541","PTHR31561 PTHR31561:SF19","3-ketoacyl-CoA synthase 11"
"581","Manes.08G052800.v8.1",363.582799720131,0.160027265256739,0.0479873987184955,3.33477682746452,0.000853678821443469,0.0236164882909826,"Manes.08G052800","","","DNA-templated transcription initiation; regulation of DNA-templated transcription; zinc ion binding; TBP-class protein binding",NA,"(1 of 4) K03124 - transcription initiation factor TFIIB (TFIIB, GTF2B, SUA7, tfb)","GO:0006352 GO:0006355 GO:0008270 GO:0017025","KOG1597","K03124","PF00382 PF08271","PTHR11618 PTHR11618:SF27","Cyclin-like family protein"
"582","Manes.17G079268.v8.1",7.57892014951945,-0.57817860751039,0.173442954293237,-3.33353758800068,0.000857490845462137,0.0236811861840428,"Manes.17G079268","","","defense response; response to biotic stimulus",NA,"(1 of 13) PTHR31907:SF4 - MLP-LIKE PROTEIN 165-RELATED","GO:0006952 GO:0009607","","","PF00407","PTHR31907 PTHR31907:SF4","MLP-like protein 31"
"583","Manes.07G002200.v8.1",209.416678814519,0.313047681665489,0.0939685557743909,3.3314088855115,0.000864075813830243,0.0237001545319002,"Manes.07G002200","","","",NA,"(1 of 2) PTHR31741:SF11 - AXI 1 PROTEIN-LIKE PROTEIN","","","","PF10250","PTHR31741 PTHR31741:SF11","O-fucosyltransferase family protein"
"584","Manes.10G084800.v8.1",287.61393800218,0.228710674572458,0.068627210803642,3.33265292140244,0.000860221818138498,0.0237001545319002,"Manes.10G084800","","","",NA,"(1 of 2) PTHR13890//PTHR13890:SF4 - RNA SPLICING PROTEIN MRS2, MITOCHONDRIAL // MAGNESIUM TRANSPORTER MRS2-3","","KOG2662","","","PTHR13890 PTHR13890:SF4","magnesium transporter 4"
"585","Manes.16G066000.v8.1",13.5654787078486,-0.549837869660802,0.16503791060019,-3.3315852561464,0.000863528449170751,0.0237001545319002,"Manes.16G066000","","","",NA,"(1 of 2) PTHR14255//PTHR14255:SF1 - ATP-DEPENDENT PROTEASE  CEREBLON // SUBFAMILY NOT NAMED","GO:0016021","","","PF01925","PTHR14255 PTHR14255:SF1","Sulfite exporter TauE/SafE family protein"
"586","Manes.16G112900.v8.1",3812.18350523383,-0.26617708029572,0.0798905252835675,-3.3317728147479,0.000862946715529782,0.0237001545319002,"Manes.16G112900","","","nucleus; regulation of DNA-templated transcription",NA,"(1 of 30) K14484 - auxin-responsive protein IAA (IAA)","GO:0005634 GO:0006355","","K14484","PF02309","PTHR31734 PTHR31734:SF39","phytochrome-associated protein 2"
"587","Manes.16G002100.v8.1",48.6849919103674,-0.454386272230512,0.136416271308618,-3.33088031120966,0.000865718166851797,0.0237047497373236,"Manes.16G002100","","","",NA,"(1 of 1) PTHR32191:SF14 - PROTEIN TORNADO 2","GO:0016021","","","PF00335","PTHR32191 PTHR32191:SF14","Tetraspanin family protein"
"588","Manes.09G159400.v8.1",378.666996170685,0.116919338408957,0.035112120871337,3.32988539306384,0.000868817368547877,0.0237491523208674,"Manes.09G159400","","","protein binding; biosynthetic process; nucleotidyltransferase activity",NA,"(1 of 1) K03240 - translation initiation factor eIF-2B subunit epsilon (EIF2B5)","GO:0005515 GO:0009058 GO:0016779","","K03240","PF00483 PF02020 PF14602","PTHR22572 PTHR22572:SF7","Trimeric LpxA-like enzyme"
"589","Manes.08G020350.v8.1",299.905663719376,0.142525640308787,0.0428303137831758,3.32768144147411,0.000875719417888429,0.0238971786141269,"Manes.08G020350","","","nucleic acid binding; RNA binding; nucleus; metal ion binding",NA,"(1 of 4) K12836 - splicing factor U2AF 35 kDa subunit (U2AF1)","GO:0003676 GO:0003723 GO:0005634 GO:0046872","KOG2202","K12836","PF00642 PF13893","PTHR12620 PTHR12620:SF16",""
"590","Manes.12G136100.v8.1",22.9266511279886,0.460728589933066,0.138487378657403,3.32686338928285,0.000878294198170581,0.0239268180460945,"Manes.12G136100","","","",NA,"(1 of 46) PF05678 - VQ motif (VQ)","","","","PF05678","PTHR33179 PTHR33179:SF4","VQ motif-containing protein"
"591","Manes.14G170200.v8.1",25.1499770462561,0.371594492154176,0.111720483738438,3.32610887206825,0.000880675225370491,0.0239510878128255,"Manes.14G170200","","","protein folding",NA,"(1 of 1) PTHR10516//PTHR10516:SF308 - PEPTIDYL-PROLYL CIS-TRANS ISOMERASE // PEPTIDYL-PROLYL CIS-TRANS ISOMERASE FKBP17-2, CHLOROPLASTIC-RELATED","GO:0006457","KOG0552","","PF00254","PTHR10516 PTHR10516:SF308","FKBP-like peptidyl-prolyl cis-trans isomerase family protein"
"592","Manes.09G184000.v8.1",2094.98074928566,0.448002257703787,0.134775382365944,3.3240659372597,0.000887152176898331,0.024086481316363,"Manes.09G184000","","","GTPase activity; GTP binding",NA,"(1 of 4) PTHR11566:SF45 - DYNAMIN-RELATED PROTEIN 4C-RELATED","GO:0003924 GO:0005525","KOG0446","","PF00350 PF01031 PF02212","PTHR11566 PTHR11566:SF45","Dynamin related protein 4A"
"593","Manes.04G126600.v8.1",155.478663489805,-0.399711857012396,0.120314938770743,-3.32221302771084,0.000893064829040575,0.0241653720491063,"Manes.04G126600","","","protein kinase activity; protein tyrosine kinase activity; ATP binding; protein phosphorylation",NA,"(1 of 10) PTHR27001//PTHR27001:SF89 - FAMILY NOT NAMED // PROLINE-RICH RECEPTOR-LIKE PROTEIN KINASE PERK1-RELATED","GO:0004672 GO:0004713 GO:0005524 GO:0006468","KOG1187","","PF00069","PTHR27001 PTHR27001:SF89",""
"594","Manes.16G096500.v8.1",412.946464589374,0.150192621899903,0.0452031599136615,3.32261333470431,0.000891784360859583,0.0241653720491063,"Manes.16G096500","","","protein binding; regulation of DNA-templated transcription; Cdc73/Paf1 complex",NA,"(1 of 1) K15176 - RNA polymerase-associated protein CTR9 (CTR9)","GO:0005515","","K15176","PF00515 PF13181 PF13414 PF13424","PTHR14027","binding"
"595","Manes.08G122700.v8.1",110.88197293775,-0.172083249708324,0.051845626471381,-3.3191468870246,0.000902929204509804,0.0243912287463632,"Manes.08G122700","","","signal peptidase complex; signal peptide processing; peptidase activity",NA,"(1 of 2) K12948 - signal peptidase complex subunit 3 (SPCS3, SPC3)","GO:0005787 GO:0006465 GO:0008233 GO:0016021","KOG3372","K12948","PF04573","PTHR12804","Signal peptidase subunit"
"596","Manes.06G161400.v8.1",88.2818486158545,-0.582230210775459,0.175451829176915,-3.31846190208923,0.000905146691092024,0.0243913199775116,"Manes.06G161400","PWY-621; PWY-7238; ANAGLYCOLYSIS-PWY; GLUCOSE1PMETAB-PWY; ANAEROFRUCAT-PWY","sucrose degradation III (sucrose invertase); sucrose biosynthesis II; glycolysis III (from glucose); glucose and glucose-1-phosphate degradation; homolactic fermentation","intracellular glucose homeostasis; hexokinase activity; ATP binding; D-glucose binding; carbohydrate metabolic process; phosphotransferase activity, alcohol group as acceptor; carbohydrate phosphorylation","carb","(1 of 2) PTHR19443:SF6 - HEXOKINASE-3-RELATED","GO:0001678 GO:0004396 GO:0005524 GO:0005536 GO:0005975 GO:0016773 GO:0046835","","K00844","PF00349 PF03727","PTHR19443 PTHR19443:SF6","hexokinase-like 1"
"597","Manes.09G127900.v8.1",63.2159973797621,0.184262643741083,0.0555329292330627,3.31807895397995,0.000906388599067389,0.0243913199775116,"Manes.09G127900","","","protein binding; rRNA processing; small-subunit processome",NA,"(1 of 1) K14555 - U3 small nucleolar RNA-associated protein 13 (UTP13, TBL3)","GO:0005515 GO:0006364 GO:0032040","","K14555","PF00400 PF08625","PTHR19854 PTHR19854:SF15","Transducin family protein / WD-40 repeat family protein"
"598","Manes.18G077648.v8.1",452.640603552907,0.207136117202132,0.0624328732678145,3.31774122125683,0.000907485183012003,0.0243913199775116,"Manes.18G077648","PWY-6733; PWY-1121; PWY-321; PWY-5136; PWY-561; PWY-5885; PWY-5989; PWY-5147; PWY-5971; PWY-5156; PWY-5143; PWY66-389; PWY-6803","sporopollenin precursors biosynthesis; suberin monomers biosynthesis; cutin biosynthesis; fatty acid &beta;-oxidation II (peroxisome); superpathway of glyoxylate cycle and fatty acid degradation; wax esters biosynthesis II; stearate biosynthesis II (bacteria and plants); oleate biosynthesis I (plants); palmitate biosynthesis II (bacteria and plants); superpathway of fatty acid biosynthesis II (plant); long-chain fatty acid activation; phytol degradation; phosphatidylcholine acyl editing","catalytic activity; metabolic process",NA,"(1 of 12) K01897 - long-chain acyl-CoA synthetase (ACSL, fadD)","GO:0003824 GO:0008152","","K01897","PF00501","PTHR24096 PTHR24096:SF181","long chain acyl-CoA synthetase 9"
"599","Manes.11G024900.v8.1",222.262383843495,-0.128587935120281,0.0387748879348196,-3.3162683883558,0.000912281709859863,0.0244793053799292,"Manes.11G024900","PWY-6596; SALVADEHYPOX-PWY; PWY-6606; PWY-5381; PWY-5695; PWY-6608; PWY-7185","adenosine nucleotides degradation I; adenosine nucleotides degradation II; guanosine nucleotides degradation II; pyridine nucleotide cycling (plants); urate biosynthesis/inosine 5'-phosphate degradation; guanosine nucleotides degradation III; UTP and CTP dephosphorylation I","hydrolase activity",NA,"(1 of 3) K03787 - 5'-nucleotidase (surE)","GO:0016787","","K03787","PF01975","PTHR30457 PTHR30457:SF5","Survival protein SurE-like phosphatase/nucleotidase"
"600","Manes.10G060600.v8.1",16.3454841425276,-0.401516654180373,0.12115360235287,-3.31411238611727,0.000919345472778461,0.0246277329732803,"Manes.10G060600","","","",NA,"","","","","","",""
"601","Manes.09G124900.v8.1",32.1972950559558,0.516795219199207,0.156092454283751,3.31082768587749,0.000930204697639332,0.0248664869861756,"Manes.09G124900","","","DNA binding; regulation of DNA-templated transcription",NA,"(1 of 152) PF02365 - No apical meristem (NAM) protein (NAM)","GO:0003677 GO:0006355","","","PF02365","PTHR31989",""
"602","Manes.16G076300.v8.1",65.6290110219762,-0.45542980362776,0.137572025776153,-3.31048264397009,0.000931352278086088,0.0248664869861756,"Manes.16G076300","PWY-5464; PWY-1042; ANAGLYCOLYSIS-PWY; ANAEROFRUCAT-PWY","superpathway of cytosolic glycolysis (plants), pyruvate dehydrogenase and TCA cycle; glycolysis IV (plant cytosol); glycolysis III (from glucose); homolactic fermentation","6-phosphofructokinase activity; ATP binding; fructose 6-phosphate metabolic process; glycolytic process","carb","(1 of 4) PTHR13697:SF7 - 6-PHOSPHOFRUCTOKINASE 1-RELATED","GO:0003872 GO:0005524 GO:0006002 GO:0006096","","K00850","PF00365","PTHR13697 PTHR13697:SF7",""
"603","Manes.08G087800.v8.1",17.974149940586,-0.376350633865699,0.113802307521324,-3.30705626329395,0.00094281953387735,0.0249544206725104,"Manes.08G087800","","","",NA,"(1 of 11) PF05340 - Protein of unknown function (DUF740) (DUF740)","","","","PF05340","PTHR31659 PTHR31659:SF8","Protein of unknown function (DUF740)"
"604","Manes.09G097000.v8.1",1199.91910445755,-0.225656865071024,0.0682419593334137,-3.30671726420573,0.000943961162750347,0.0249544206725104,"Manes.09G097000","","","",NA,"(1 of 10) PF11891 - Domain of unknown function (DUF3411) (DUF3411)","","","","PF11891","PTHR31038 PTHR31038:SF1","Protein of unknown function (DUF3411)"
"605","Manes.09G143300.v8.1",15.8053059519272,-0.761942950442185,0.230313006003711,-3.30829319482681,0.000938664825474766,0.0249544206725104,"Manes.09G143300","","","extracellular region; plant-type cell wall organization",NA,"(1 of 43) PF01357//PF03330 - Pollen allergen (Pollen_allerg_1) // Rare lipoprotein A (RlpA)-like double-psi beta-barrel (DPBB_1)","GO:0005576 GO:0009664","","","PF01357 PF03330","PTHR31867",""
"606","Manes.10G037800.v8.1",75.7143515021351,0.196606032314189,0.0594343856891126,3.30795094514124,0.00093981270164496,0.0249544206725104,"Manes.10G037800","","","protein dephosphorylation; protein tyrosine/serine/threonine phosphatase activity; dephosphorylation; phosphatase activity",NA,"(1 of 2) PTHR10159//PTHR10159:SF339 - DUAL SPECIFICITY PROTEIN PHOSPHATASE // PROTEIN-TYROSINE-PHOSPHATASE MKP1","GO:0006470 GO:0008138 GO:0016311 GO:0016791","KOG1718","","PF00782","PTHR10159 PTHR10159:SF339","mitogen-activated protein kinase phosphatase 1"
"607","Manes.11G037600.v8.1",516.93611962419,0.155572014862488,0.047027471937255,3.3081092487824,0.000939281603229566,0.0249544206725104,"Manes.11G037600","","","",NA,"(1 of 1) PF12325//PF12329 - TATA element modulatory factor 1 TATA binding (TMF_TATA_bd) // TATA element modulatory factor 1 DNA binding (TMF_DNA_bd)","","KOG4673","","PF12325 PF12329","PTHR13140","golgin candidate 5"
"608","Manes.17G008200.v8.1",65.8341387571721,0.188504527448093,0.0569996861790214,3.30711518053009,0.000942621252003499,0.0249544206725104,"Manes.17G008200","","","nucleic acid binding; ATP binding; intracellular anatomical structure; DNA replication; DNA repair; DNA recombination",NA,"(1 of 1) K10899 - ATP-dependent DNA helicase Q1 [EC:3.6.4.12] (RECQL)","GO:0003676 GO:0005524 GO:0005622 GO:0006260 GO:0006281 GO:0006310 GO:0008026 GO:0043140","","K10899","PF00270 PF00271 PF00570 PF09382 PF16124","PTHR13710 PTHR13710:SF72","RECQ helicase L2"
"609","Manes.02G024200.v8.1",87.5723690700826,0.189072644622182,0.0572157490291709,3.30455596283089,0.000951269820779942,0.0250055579794705,"Manes.02G024200","","","nucleic acid binding",NA,"(1 of 1) PTHR23270:SF7 - NUCLEIC ACID-BINDING, OB-FOLD-LIKE PROTEIN","GO:0003676","","","PF00575","PTHR23270 PTHR23270:SF7","Nucleic acid-binding, OB-fold-like protein"
"610","Manes.04G083800.v8.1",211.450666108728,0.479567068716522,0.145133977385355,3.30430597545875,0.00095211855182206,0.0250055579794705,"Manes.04G083800","PWY66-399; PWY66-373; PHOTOALL-PWY; GLUCONEO-PWY; PWY-5464; CALVIN-PWY; PWY-1042; SUCSYN-PWY; ANAGLYCOLYSIS-PWY; ANAEROFRUCAT-PWY","gluconeogenesis III; sucrose degradation V (sucrose &alpha;-glucosidase); oxygenic photosynthesis; gluconeogenesis I; superpathway of cytosolic glycolysis (plants), pyruvate dehydrogenase and TCA cycle; Calvin-Benson-Bassham cycle; glycolysis IV (plant cytosol); sucrose biosynthesis I (from photosynthesis); glycolysis III (from glucose); homolactic fermentation","fructose-bisphosphate aldolase activity; glycolytic process","carb","(1 of 3) PTHR11627:SF15 - FRUCTOSE-BISPHOSPHATE ALDOLASE 2, CHLOROPLASTIC-RELATED","GO:0004332 GO:0006096","","K01623","PF00274","PTHR11627 PTHR11627:SF15","fructose-bisphosphate aldolase 2"
"611","Manes.05G017700.v8.1",81.6807909562953,0.214305181089688,0.0648522196526273,3.30451574730343,0.000951406309025043,0.0250055579794705,"Manes.05G017700","","","protein kinase activity; protein tyrosine kinase activity; ATP binding; protein phosphorylation; signal transduction",NA,"(1 of 2) PTHR24343//PTHR24343:SF199 - SERINE/THREONINE KINASE // SUBFAMILY NOT NAMED","GO:0004672 GO:0004713 GO:0005524 GO:0006468 GO:0007165","KOG0583","","PF03822 PF14531","PTHR24343 PTHR24343:SF199","CBL-interacting protein kinase 9"
"612","Manes.15G180701.v8.1",251.763599924523,-0.277417588906957,0.0839562426914211,-3.30431162726753,0.000952099355643385,0.0250055579794705,"Manes.15G180701","PWY-6824; PWY-5466; PWY-7445; PWY-7214","justicidin B biosynthesis; matairesinol biosynthesis; luteolin triglucuronide degradation; baicalein degradation (hydrogen peroxide detoxification)","peroxidase activity; response to oxidative stress; heme binding",NA,"(1 of 4) PTHR31517:SF11 - PEROXIDASE 31-RELATED","GO:0004601 GO:0006979 GO:0020037 GO:0055114","","K00430","PF00141","PTHR31517 PTHR31517:SF11","Peroxidase superfamily protein"
"613","Manes.16G005900.v8.1",143.445758968187,-0.310655030496658,0.0940755026618305,-3.30218836686271,0.000959336222446075,0.0251540148505314,"Manes.16G005900","","","hydrolase activity, hydrolyzing O-glycosyl compounds; carbohydrate metabolic process",NA,"(1 of 2) PTHR32227:SF120 - GLUCAN ENDO-1,3-BETA-GLUCOSIDASE 1","GO:0004553 GO:0005975","","","PF00332 PF07983","PTHR32227 PTHR32227:SF120","O-Glycosyl hydrolases family 17 protein"
"614","Manes.02G048900.v8.1",153.488473525944,-0.248651458005276,0.0753369437372918,-3.30052489084706,0.000965041528740234,0.0252623981945306,"Manes.02G048900","","","SNAP receptor activity; Golgi apparatus; transport; intracellular protein transport; membrane",NA,"(1 of 5) K08493 - vesicle transport through interaction with t-SNAREs 1 (VTI1)","GO:0005484 GO:0005794 GO:0006810 GO:0006886 GO:0016020","KOG1666","K08493","PF05008 PF12352","PTHR21230 PTHR21230:SF33","Vesicle transport v-SNARE family protein"
"615","Manes.14G160600.v8.1",13.0513481777731,0.536044380886666,0.162491297562312,3.29891131973455,0.000970605683103157,0.0253155799174973,"Manes.14G160600","","","",NA,"(1 of 207) PF01535//PF13041 - PPR repeat (PPR) // PPR repeat family (PPR_2)","","","","PF01535 PF13041","PTHR24015 PTHR24015:SF430","Tetratricopeptide repeat (TPR)-like superfamily protein"
"616","Manes.15G112800.v8.1",21.5972353073507,0.335762880483159,0.101790541346258,3.29856660591876,0.000971798221184337,0.0253155799174973,"Manes.15G112800","; PWY-6019","; pseudouridine degradation","hydrolase activity, acting on glycosyl bonds",NA,"(1 of 1) K16329 - pseudouridine-5'-phosphate glycosidase (psuG)","GO:0016798","","K16329","PF04227","PTHR10584 PTHR10584:SF201","indigoidine synthase A family protein"
"617","Manes.17G033900.v8.1",101.676112380429,0.214737863987537,0.0650967267888615,3.29875056059317,0.000971161660911076,0.0253155799174973,"Manes.17G033900","","","protein binding; zinc ion binding",NA,"(1 of 3) PTHR12549//PTHR12549:SF13 - JMJC DOMAIN-CONTAINING HISTONE DEMETHYLATION PROTEIN // PROTEIN BINDING / TRANSCRIPTION FACTOR/ ZINC ION BINDING PROTEIN","GO:0005515 GO:0008270","KOG1356","K15601","PF02373 PF08879","PTHR12549 PTHR12549:SF13","Zinc finger, RING-type;Transcription factor jumonji/aspartyl beta-hydroxylase"
"618","Manes.12G091200.v8.1",79.3184475276735,0.425380464030891,0.128992022336379,3.29772691617785,0.000974708809922944,0.0253503150516043,"Manes.12G091200","","","protein binding",NA,"(1 of 3) PTHR22880:SF172 - TRANSCRIPTION FACTOR GTE3, CHLOROPLASTIC-RELATED","GO:0005515","KOG1474","","PF00439 PF17035","PTHR22880 PTHR22880:SF172","global transcription factor group E4"
"619","Manes.05G138400.v8.1",117.987881226152,-0.196870902487429,0.0597173101851206,-3.29671416674896,0.00097823000885697,0.0254007931055866,"Manes.05G138400","","","",NA,"(1 of 4) K03456 - serine/threonine-protein phosphatase 2A regulatory subunit A (PPP2R1)","","","","PF13646","PTHR10648 PTHR10648:SF11",""
"620","Manes.13G039350.v8.1",24.5646324631842,0.290010977470443,0.0880200998033442,3.29482672842214,0.000984823839729933,0.0255307638322246,"Manes.13G039350","","","",NA,"(1 of 22) PF00249//PF14379 - Myb-like DNA-binding domain (Myb_DNA-binding) // MYB-CC type transfactor, LHEQLE motif (Myb_CC_LHEQLE)","","","","PF00249 PF14379","PTHR31314 PTHR31314:SF21","phosphate starvation response  1"
"621","Manes.06G114100.v8.1",77.8541214247213,0.243909103147635,0.0740531035336257,3.29370534803962,0.000988760884911508,0.0255504078829303,"Manes.06G114100","","","metal ion binding",NA,"(1 of 1) KOG4365 - Uncharacterized conserved protein","GO:0046872","KOG2478 KOG4365","","PF02373 PF02375","PTHR10694 PTHR10694:SF38","relative of early flowering 6"
"622","Manes.14G033100.v8.1",194.039234066245,-0.216861317960932,0.0658398431924397,-3.29377026805911,0.00098853256092887,0.0255504078829303,"Manes.14G033100","","","",NA,"(1 of 2) PTHR31500//PTHR31500:SF18 - FAMILY NOT NAMED // AT HOOK MOTIF DNA-BINDING FAMILY PROTEIN-RELATED","","","","PF03479","PTHR31500 PTHR31500:SF18","AT hook motif DNA-binding family protein"
"623","Manes.16G064900.v8.1",66.2503838418469,-0.171632293091629,0.0521555546518363,-3.29077687386048,0.000999111264612958,0.0257764291430563,"Manes.16G064900","","","protein binding",NA,"(1 of 1) PTHR19957//PTHR19957:SF116 - SYNTAXIN // SYNTAXIN-32","GO:0005515","KOG0812","K08490","PF05739 PF11416","PTHR19957 PTHR19957:SF116","syntaxin of plants  32"
"624","Manes.18G040300.v8.1",68.2070590206158,-0.435113842253928,0.132253431814781,-3.29000039003372,0.00100187243883929,0.0258062431241409,"Manes.18G040300","","","DNA binding",NA,"(1 of 2) PTHR24326:SF263 - WUSCHEL-RELATED HOMEOBOX 4","GO:0003677","","","PF00046","PTHR24326 PTHR24326:SF263","WUSCHEL related homeobox 4"
"625","Manes.01G246700.v8.1",134.898397788298,0.159499803283777,0.0484957060814468,3.28894692276267,0.00100562985976976,0.0258202695464526,"Manes.01G246700","","","autophagy",NA,"(1 of 1) K08334 - beclin 1 (BECN1, VPS30, ATG6)","GO:0006914","KOG2751","K08334","PF04111","PTHR12768 PTHR12768:SF4","AUTOPHAGY 6"
"626","Manes.08G058400.v8.1",129.015645193319,-0.306529156513708,0.093194933647545,-3.28911824405578,0.00100501791809723,0.0258202695464526,"Manes.08G058400","","","metabolic process; hydrolase activity",NA,"(1 of 2) 3.1.3.29 - N-acylneuraminate-9-phosphatase","GO:0008152 GO:0016787","KOG3085","","PF13419","PTHR12725 PTHR12725:SF60","Haloacid dehalogenase-like hydrolase (HAD) superfamily protein"
"627","Manes.05G208200.v8.1",9232.34674030499,-0.193024327817046,0.0587068926794255,-3.28793296676547,0.00100925867140163,0.0258721126402525,"Manes.05G208200","","","response to desiccation",NA,"(1 of 67) PF03168 - Late embryogenesis abundant protein (LEA_2)","GO:0009269","","","PF03168","PTHR31459 PTHR31459:SF2","Late embryogenesis abundant protein, group 2"
"628","Manes.07G051500.v8.1",147.739961164309,-0.489036422641688,0.148801500093774,-3.28650196626714,0.00101440065683379,0.0259370147737193,"Manes.07G051500","","","",NA,"(1 of 3) PTHR31317//PTHR31317:SF3 - FAMILY NOT NAMED // F2J10.8 PROTEIN-RELATED","","","","PF06219","PTHR31317 PTHR31317:SF3","Protein of unknown function (DUF1005)"
"629","Manes.17G122500.v8.1",229.560535867627,-0.165310313270853,0.0503023983222944,-3.2863306479283,0.00101501787424062,0.0259370147737193,"Manes.17G122500","","","",NA,"(1 of 2) KOG2933 - Uncharacterized conserved protein","","KOG2933","","PF12348","PTHR21567","ARM repeat superfamily protein"
"630","Manes.01G154100.v8.1",69.7008702529231,0.202675998339531,0.0617007983446176,3.28481970699187,0.00102047649051567,0.0259527193545226,"Manes.01G154100","","","RNA binding; RNA processing; nucleotidyltransferase activity",NA,"(1 of 1) PTHR13734:SF48 - POLYNUCLEOTIDE ADENYLYLTRANSFERASE FAMILY PROTEIN","GO:0003723 GO:0006396 GO:0016779","KOG2159","","PF01743 PF12627","PTHR13734 PTHR13734:SF48","Polynucleotide adenylyltransferase family protein"
"631","Manes.12G061500.v8.1",834.372051056576,0.190913139352253,0.0581057776244399,3.28561370585553,0.00101760461148346,0.0259527193545226,"Manes.12G061500","","","protein binding; zinc ion binding",NA,"(1 of 2) PTHR21736:SF20 - PROTEIN OBERON 1-RELATED","GO:0005515 GO:0008270","","","PF07227 PF16312","PTHR21736 PTHR21736:SF20","Protein of unknown function (DUF1423)"
"632","Manes.15G112500.v8.1",31.6454144049866,-0.624062395960384,0.189971946936282,-3.2850239523507,0.00101973702308387,0.0259527193545226,"Manes.15G112500","","","",NA,"(1 of 2) PTHR11132//PTHR11132:SF132 - SOLUTE CARRIER FAMILY 35 // SUBFAMILY NOT NAMED","","KOG1441","","PF03151","PTHR11132 PTHR11132:SF132",""
"633","Manes.01G251000.v8.1",25.7193198036321,0.300281287285772,0.0914543932031602,3.28339926348552,0.00102563293013318,0.026001574268187,"Manes.01G251000","","","",NA,"(1 of 2) PTHR12526//PTHR12526:SF412 - GLYCOSYLTRANSFERASE // GLYCOSYL TRANSFERASE FAMILY 1 PROTEIN","","","","PF00534","PTHR12526 PTHR12526:SF412","glycosyl transferase family 1 protein"
"634","Manes.09G051100.v8.1",70.9485867595631,0.304874963774412,0.0928450763920415,3.28369554554586,0.00102455539213076,0.026001574268187,"Manes.09G051100","","","",NA,"","","","","","PTHR31071 PTHR31071:SF7",""
"635","Manes.13G016900.v8.1",62.672108576234,0.180365100331966,0.0549745386022074,3.28088429512937,0.00103482185916661,0.0261932153423385,"Manes.13G016900","","","protein binding",NA,"(1 of 69) KOG4412 - 26S proteasome regulatory complex, subunit PSMD10","GO:0005515","KOG4412","","PF12796","PTHR24158 PTHR24158:SF23",""
"636","Manes.11G104500.v8.1",523.803578614757,0.133384525040072,0.0406615031457556,3.28036385083799,0.00103673289316634,0.0262003267167652,"Manes.11G104500","","","nucleic acid binding; zinc ion binding",NA,"(1 of 2) PTHR23002//PTHR23002:SF69 - ZINC FINGER CCHC DOMAIN CONTAINING PROTEIN // SUBFAMILY NOT NAMED","GO:0003676 GO:0008270","","","PF00098","PTHR23002 PTHR23002:SF69","zinc knuckle (CCHC-type) family protein"
"637","Manes.02G184400.v8.1",70.0946428060909,0.161280760991149,0.0491848670508977,3.27907282588061,0.00104148755158856,0.0262791670591569,"Manes.02G184400","","","nucleic acid binding; ATP binding",NA,"(1 of 5) PTHR24031//PTHR24031:SF247 - RNA HELICASE // DEAD-BOX ATP-DEPENDENT RNA HELICASE 39","GO:0003676 GO:0005524","KOG0331","","PF00270 PF00271","PTHR24031 PTHR24031:SF247","RH39"
"638","Manes.17G098600.v8.1",149.00027029633,0.149372785832118,0.0455657553283278,3.27818083461582,0.00104478440454618,0.026321034066255,"Manes.17G098600","PWY-7511","protein ubiquitylation","ubiquitin-protein transferase activity; protein binding; zinc ion binding; protein ubiquitination",NA,"(1 of 3) PTHR11685//PTHR11685:SF119 - RBR FAMILY  RING FINGER AND IBR DOMAIN-CONTAINING // E3 UBIQUITIN-PROTEIN LIGASE ARI2-RELATED","GO:0004842 GO:0005515 GO:0008270 GO:0016567","KOG1815","K11968","PF01485","PTHR11685 PTHR11685:SF119","RING/U-box superfamily protein"
"639","Manes.02G007001.v8.1",79.9424229674187,-0.209959309693109,0.0640674158884894,-3.27716213899664,0.00104856137478499,0.0263748465992475,"Manes.02G007001","","","",NA,"","","","","","",""
"640","Manes.04G019800.v8.1",316.606760452041,-0.24271281155976,0.0741235596133923,-3.27443545379744,0.00105873323110338,0.0265821632744313,"Manes.04G019800","","","DNA binding; nucleus; regulation of DNA-templated transcription; response to hormone",NA,"(1 of 6) PTHR31384:SF27 - AUXIN RESPONSE FACTOR 10-RELATED","GO:0003677 GO:0005634 GO:0006355 GO:0009725","","","PF02362 PF06507","PTHR31384 PTHR31384:SF27","auxin response factor 10"
"641","Manes.16G101200.v8.1",113.308299877908,0.192133031419663,0.0586832754747234,3.27406794977591,0.00106011115901888,0.0265821632744313,"Manes.16G101200","","","RNA binding",NA,"(1 of 1) PTHR31846//PTHR31846:SF7 - FAMILY NOT NAMED // CRS1 / YHBY (CRM) DOMAIN-CONTAINING PROTEIN","GO:0003723","KOG1990","","PF01985","PTHR31846 PTHR31846:SF7","CRS1 / YhbY (CRM) domain-containing protein"
"642","Manes.05G155500.v8.1",28.0856494227993,0.262435707642944,0.0802114883041091,3.2717970105225,0.0010686627386445,0.0267548538913287,"Manes.05G155500","","","regulation of cyclin-dependent protein serine/threonine kinase activity; regulation of DNA-templated transcription; protein kinase binding",NA,"(1 of 1) PTHR10026:SF77 - CYCLIN-T1-3","GO:0000079 GO:0006355 GO:0019901","KOG0834","K15188","PF00134","PTHR10026 PTHR10026:SF77",""
"643","Manes.11G004200.v8.1",166.729910415924,-0.180061064631981,0.0550441999004451,-3.27120868243422,0.00107088856471774,0.0267688832048339,"Manes.11G004200","PWY-5686; PWY-7211; PWY0-162","UMP biosynthesis; superpathway of pyrimidine deoxyribonucleotides <i>de novo</i> biosynthesis; superpathway of pyrimidine ribonucleotides <i>de novo</i> biosynthesis","orotate phosphoribosyltransferase activity; orotidine-5'-phosphate decarboxylase activity; 'de novo' pyrimidine nucleobase biosynthetic process; nucleoside metabolic process; 'de novo' UMP biosynthetic process",NA,"(1 of 1) 4.1.1.23 - Orotidine-5'-phosphate decarboxylase / Uridine 5'-monophosphate synthase","GO:0004588 GO:0004590 GO:0006207 GO:0009116 GO:0044205","KOG1377","K13421","PF00156 PF00215","PTHR19278 PTHR19278:SF39","uridine 5'-monophosphate synthase / UMP synthase (PYRE-F) (UMPS)"
"644","Manes.16G015400.v8.1",52.2269695983876,0.39588926870498,0.12104756215583,3.27052657364,0.00107347456006914,0.0267918580807319,"Manes.16G015400","","","protein dimerization activity",NA,"(1 of 2) PTHR16223:SF21 - TRANSCRIPTION FACTOR BHLH103-RELATED","GO:0046983","","","","PTHR16223 PTHR16223:SF21","basic helix-loop-helix (bHLH) DNA-binding superfamily protein"
"645","Manes.01G017151.v8.1",6.43339620872396,0.49167195978992,0.150423389595364,3.26858715996567,0.00108085881550687,0.0268096354037685,"Manes.01G017151","","","",NA,"(1 of 7) PF13191 - AAA ATPase domain (AAA_16)","","","","PF13191","PTHR23155 PTHR23155:SF563",""
"646","Manes.09G001200.v8.1",39.52766397079,0.294834680485746,0.0901911234794171,3.2689988672004,0.00107928733631792,0.0268096354037685,"Manes.09G001200","PWY-6596; SALVADEHYPOX-PWY; PWY-6606; PWY-5381; PWY-5695; PWY-6608; PWY-7185","adenosine nucleotides degradation I; adenosine nucleotides degradation II; guanosine nucleotides degradation II; pyridine nucleotide cycling (plants); urate biosynthesis/inosine 5'-phosphate degradation; guanosine nucleotides degradation III; UTP and CTP dephosphorylation I","",NA,"(1 of 1) PTHR12103:SF12 - 5'-NUCLEOTIDASE DOMAIN-CONTAINING PROTEIN DDB_G0275467","","","","PF05761","PTHR12103 PTHR12103:SF12","HAD-superfamily hydrolase, subfamily IG, 5'-nucleotidase"
"647","Manes.09G065100.v8.1",146.585522024537,0.335380679037251,0.10259013174311,3.26913196560716,0.0010787797542844,0.0268096354037685,"Manes.09G065100","","","metabolic process; amino acid binding",NA,"(1 of 2) PTHR31096:SF23 - ACT DOMAIN-CONTAINING PROTEIN","GO:0008152 GO:0016597","","","","PTHR31096 PTHR31096:SF23","ACT-like superfamily protein"
"648","Manes.18G047600.v8.1",150.327123276606,0.223881085997892,0.0684880026011736,3.26890955342381,0.00107962806580316,0.0268096354037685,"Manes.18G047600","","","nucleotide binding; P-type calcium transporter activity; calcium ion transport; metal ion binding",NA,"(1 of 1) 3.6.3.35 - Manganese-transporting ATPase / ABC-type manganese permease complex","GO:0000166 GO:0005388 GO:0006816 GO:0016021 GO:0046872","","K05853","PF00122 PF00689 PF00690 PF13246","PTHR24093 PTHR24093:SF353","endoplasmic reticulum-type calcium-transporting ATPase 3"
"649","Manes.04G031000.v8.1",62.1181644823737,0.297300464992361,0.0909791027577346,3.26778849186976,0.00108391335405159,0.0268439743292313,"Manes.04G031000","","","DNA binding; nucleus",NA,"(1 of 1) PTHR12396:SF10 - METHYL-CPG-BINDING DOMAIN-CONTAINING PROTEIN 1-RELATED","GO:0003677 GO:0005634","KOG4161","","PF01429","PTHR12396 PTHR12396:SF9","methyl-CPG-binding domain 7"
"650","Manes.10G038300.v8.1",270.829526733264,0.245669237628341,0.0752038103134178,3.26671263868806,0.00108804062032678,0.0268774446700745,"Manes.10G038300","","","protein binding",NA,"(1 of 3) PTHR24177:SF10 - ANKYRIN REPEAT-CONTAINING PROTEIN","GO:0005515","KOG0502 KOG0508 KOG4412","","PF12796 PF13637 PF13962","PTHR24177 PTHR24177:SF10","Ankyrin repeat family protein"
"651","Manes.18G069000.v8.1",183.67508275415,-0.272494627768939,0.0834193264049284,-3.26656471003151,0.00108860925030912,0.0268774446700745,"Manes.18G069000","","","DNA-binding transcription factor activity; regulation of DNA-templated transcription",NA,"(1 of 9) PTHR31657:SF9 - ETHYLENE-RESPONSIVE TRANSCRIPTION FACTOR CRF5-RELATED","GO:0003700 GO:0006355","","K09286","PF00847","PTHR31657 PTHR31657:SF9","related to AP2 4"
"652","Manes.13G043700.v8.1",590.081893955178,0.30956620236115,0.0948079727265781,3.26519166540903,0.00109390029199933,0.0269666555112044,"Manes.13G043700","","","protein kinase activity; protein tyrosine kinase activity; protein binding; ATP binding; protein phosphorylation",NA,"(1 of 2) PTHR27008//PTHR27008:SF28 - FAMILY NOT NAMED // KINASE-LIKE PROTEIN TMKL1-RELATED","GO:0004672 GO:0004713 GO:0005515 GO:0005524 GO:0006468","KOG1187","","PF07714 PF13855","PTHR27008 PTHR27008:SF28","transmembrane kinase-like 1"
"653","Manes.01G046800.v8.1",149.299250371347,0.442361572380837,0.135616056502126,3.26186724338134,0.0011068096432673,0.0270305359882893,"Manes.01G046800","","","",NA,"(1 of 1) PTHR19376//PTHR19376:SF38 - DNA-DIRECTED RNA POLYMERASE // DNA-DIRECTED RNA POLYMERASE SUBUNIT BETA''","","","K03046","","PTHR19376 PTHR19376:SF38",""
"654","Manes.04G146600.v8.1",58.8033762767802,-0.261335720447231,0.0800807166799856,-3.26340386652091,0.00110082523936584,0.0270305359882893,"Manes.04G146600","","","",NA,"(1 of 3) PTHR10338//PTHR10338:SF114 - VON WILLEBRAND FACTOR, TYPE A DOMAIN CONTAINING // SUBFAMILY NOT NAMED","","","","PF13768","PTHR10338 PTHR10338:SF114","(1 of 2) PTHR10338//PTHR10338:SF114 - VON WILLEBRAND FACTOR, TYPE A DOMAIN CONTAINING"
"655","Manes.06G062500.v8.1",250.823845574163,-0.190378960700665,0.0583522123949309,-3.26258342035379,0.00110401674712819,0.0270305359882893,"Manes.06G062500","","","protein binding",NA,"(1 of 1) PF16669 - Tetratricopeptide repeat protein 5 OB fold domain (TTC5_OB)","GO:0005515","","","PF13414 PF16669","PTHR26312 PTHR26312:SF52",""
"656","Manes.07G098900.v8.1",66.8287284217886,-0.419978230884669,0.128751269883645,-3.26193466879364,0.00110654642410854,0.0270305359882893,"Manes.07G098900","","","protein binding; zinc ion binding; metal ion binding",NA,"(1 of 1) PF00092//PF00097//PF14624//PF17123 - von Willebrand factor type A domain (VWA) // Zinc finger, C3HC4 type (RING finger) (zf-C3HC4) // VWA / Hh  protein intein-like (Vwaint) // RING-like zinc finger (zf-RING_11)","GO:0005515 GO:0008270","","","PF00092 PF14624 PF17123","PTHR10579 PTHR10579:SF61","Zinc finger (C3HC4-type RING finger) family protein"
"657","Manes.09G170000.v8.1",276.034702220421,0.307646541454581,0.0943365539665016,3.26115941826563,0.00110957638759625,0.0270305359882893,"Manes.09G170000","","","",NA,"(1 of 5) PF05755 - Rubber elongation factor protein (REF) (REF)","","","","PF05755","PTHR33732 PTHR33732:SF3","Rubber elongation factor protein (REF)"
"658","Manes.13G101100.v8.1",21.4504819446228,-0.484875856037314,0.14860369760537,-3.26287881022278,0.0011028667061319,0.0270305359882893,"Manes.13G101100","PWY-5203","soybean saponin I biosynthesis","metabolic process; hexosyltransferase activity",NA,"(1 of 4) PTHR11926//PTHR11926:SF199 - GLUCOSYL/GLUCURONOSYL TRANSFERASES // SUBFAMILY NOT NAMED","GO:0008152 GO:0016758","","","PF00201","PTHR11926 PTHR11926:SF199","UDP-Glycosyltransferase superfamily protein"
"659","Manes.15G074800.v8.1",68.7986731942745,0.200781082655824,0.0615657697108548,3.26124539007305,0.00110924000042542,0.0270305359882893,"Manes.15G074800","","","AP-5 adaptor complex",NA,"(1 of 1) K19025 - AP-5 complex subunit zeta-1 (AP5Z1, SPG48)","GO:0044599","","K19025","PF14764","PTHR12181 PTHR12181:SF29","(1 of 1) PTHR12181:SF29 - AP-5 COMPLEX SUBUNIT ZETA-1"
"660","Manes.18G143400.v8.1",123.443279596717,0.262229446530864,0.0804122080681842,3.26106511474615,0.00110994548324961,0.0270305359882893,"Manes.18G143400","","","",NA,"(1 of 82) 5.2.1.8 - Peptidylprolyl isomerase / Rotamase","","","","","",""
"661","Manes.03G133300.v8.1",88.0097180676455,0.196402499232177,0.0602676835036154,3.25883604304113,0.00111870299882057,0.0272025919819108,"Manes.03G133300","GLYCOGENSYNTH-PWY; PWY-622","glycogen biosynthesis I (from ADP-D-Glucose); starch biosynthesis","catalytic activity; 1,4-alpha-glucan branching enzyme activity; hydrolase activity, hydrolyzing O-glycosyl compounds; carbohydrate metabolic process; glycogen biosynthetic process; cation binding","carb","(1 of 2) PTHR10357:SF119 - 1,4-ALPHA-GLUCAN-BRANCHING ENZYME 3, CHLOROPLASTIC/AMYLOPLASTIC","GO:0003824 GO:0003844 GO:0004553 GO:0005975 GO:0005978 GO:0043169","","K00700","PF00128 PF02806 PF02922","PTHR10357 PTHR10357:SF119","Alpha amylase family protein"
"662","Manes.11G005800.v8.1",66.8003490518148,-0.495022200542365,0.151939203227943,-3.25802814563744,0.0011218927857683,0.0272354077423823,"Manes.11G005800","","","aspartic-type endopeptidase activity; proteolysis",NA,"(1 of 2) PTHR13683//PTHR13683:SF258 - ASPARTYL PROTEASES // ASPARTYL PROTEASE FAMILY PROTEIN-RELATED","GO:0004190 GO:0006508","KOG1339","","PF00026","PTHR13683 PTHR13683:SF258","Eukaryotic aspartyl protease family protein"
"663","Manes.11G062700.v8.1",11.6128885006311,0.366727156403378,0.112589388143618,3.25720889375101,0.00112513598836196,0.0272354077423823,"Manes.11G062700","","","",NA,"(1 of 38) PF01535//PF12854//PF13041 - PPR repeat (PPR) // PPR repeat (PPR_1) // PPR repeat family (PPR_2)","","","","PF01535 PF12854 PF13041","PTHR24015 PTHR24015:SF812","Pentatricopeptide repeat (PPR) superfamily protein"
"664","Manes.15G087700.v8.1",278.269923860175,0.261379458066589,0.0802453431795763,3.25725391293628,0.00112495754442776,0.0272354077423823,"Manes.15G087700","","","",NA,"(1 of 46) PF05678 - VQ motif (VQ)","","","","PF05678","PTHR33402 PTHR33402:SF6",""
"665","Manes.01G076400.v8.1",422.75066719452,-0.333832178893533,0.102567437880238,-3.25475790165812,0.00113489064978121,0.0273078681809359,"Manes.01G076400","","","copper ion binding; oxidoreductase activity",NA,"(1 of 2) PTHR11709:SF82 - MONOCOPPER OXIDASE-LIKE PROTEIN SKU5","GO:0005507 GO:0016491 GO:0055114","","","PF00394 PF07731 PF07732","PTHR11709 PTHR11709:SF82","Cupredoxin superfamily protein"
"666","Manes.01G223800.v8.1",48.0956704034863,-0.218183640213428,0.0670240239244901,-3.25530500017779,0.00113270650840369,0.0273078681809359,"Manes.01G223800","","","protein binding; membrane",NA,"(1 of 2) K08489 - syntaxin 16 (STX16)","GO:0005515 GO:0016020","KOG0809","K08489","PF05739","PTHR19957 PTHR19957:SF108","syntaxin of plants 42"
"667","Manes.05G152600.v8.1",121.161901324602,-0.181302041940637,0.055686054588539,-3.25578896332784,0.00113077765751068,0.0273078681809359,"Manes.05G152600","","","nucleic acid binding; zinc ion binding",NA,"(1 of 6) K09250 - cellular nucleic acid-binding protein (CNBP)","GO:0003676 GO:0008270","KOG4400","K09250","PF00098 PF14392","PTHR23002 PTHR23002:SF65","zinc knuckle (CCHC-type) family protein"
"668","Manes.15G103700.v8.1",136.516938341832,0.252284302710244,0.0775126705022329,3.25474920520221,0.00113492539941922,0.0273078681809359,"Manes.15G103700","PWY-6773","1,3-&beta;-D-glucan biosynthesis","1,3-beta-D-glucan synthase complex; 1,3-beta-D-glucan synthase activity; (1->3)-beta-D-glucan biosynthetic process; membrane",NA,"(1 of 1) PTHR12741//PTHR12741:SF12 - LYST-INTERACTING PROTEIN LIP5  DOPAMINE RESPONSIVE PROTEIN DRG-1 // CALLOSE SYNTHASE 9","GO:0000148 GO:0003843 GO:0006075 GO:0016020","","K11000","PF02364 PF14288","PTHR12741 PTHR12741:SF12","glucan synthase-like 10"
"669","Manes.01G183500.v8.1",258.175085764212,0.272386557288208,0.0837358425501761,3.25292669175675,0.00114222961105428,0.0273423133259407,"Manes.01G183500","","","",NA,"(1 of 10) PF13589 - Histidine kinase-, DNA gyrase B-, and HSP90-like ATPase (HATPase_c_3)","","","","PF13589","PTHR33566 PTHR33566:SF2","gamma-irradiation and mitomycin c induced 1"
"670","Manes.05G138700.v8.1",19.8009522318924,0.350375183365943,0.107694464814207,3.25341867820602,0.00114025357339232,0.0273423133259407,"Manes.05G138700","","","aminoacyl-tRNA hydrolase activity",NA,"(1 of 1) PTHR17224//PTHR17224:SF5 - PEPTIDYL-TRNA HYDROLASE // SUBFAMILY NOT NAMED","GO:0004045","KOG2255","K01056","PF01195","PTHR17224 PTHR17224:SF5","Peptidyl-tRNA hydrolase family protein"
"671","Manes.13G073400.v8.1",222.128473457912,0.160964444385398,0.049467355333319,3.25395290087359,0.00113811147504375,0.0273423133259407,"Manes.13G073400","","","nucleic acid binding",NA,"(1 of 1) K14787 - multiple RNA-binding domain-containing protein 1 (MRD1, RBM19)","GO:0003676","","K14787","PF00076 PF14259 PF16651","PTHR24012 PTHR24012:SF477","nucleotide binding;nucleic acid binding;RNA binding"
"672","Manes.15G185200.v8.1",120.299910270984,0.221889210015602,0.068217036463324,3.25269495010822,0.00114316148541231,0.0273423133259407,"Manes.15G185200","","","",NA,"(1 of 1) PTHR13748//PTHR13748:SF40 - COBW-RELATED // SUBFAMILY NOT NAMED","","KOG2743","","PF02492 PF07683","PTHR13748 PTHR13748:SF40",""
"673","Manes.03G113100.v8.1",70.1034025796864,0.390634245813456,0.120140904488102,3.25146749542027,0.00114810902823399,0.0274198460784621,"Manes.03G113100","","","",NA,"(1 of 4) PTHR13780:SF39 - CBS DOMAIN-CONTAINING PROTEIN-RELATED","","KOG1764","","PF00571","PTHR13780 PTHR13780:SF39","CBS domain-containing protein"
"674","Manes.14G027700.v8.1",198.673445634426,0.216561718279684,0.0666143890101722,3.25097507456858,0.00115009940223749,0.0274266286233875,"Manes.14G027700","","","DNA-binding transcription factor activity; nucleus; regulation of DNA-templated transcription; sequence-specific DNA binding",NA,"(1 of 3) PTHR10015:SF168 - HEAT STRESS TRANSCRIPTION FACTOR B-2A","GO:0003700 GO:0005634 GO:0006355 GO:0043565","","K09419","PF00447","PTHR10015 PTHR10015:SF168",""
"675","Manes.05G119700.v8.1",135.571662017726,0.260871888531854,0.080264528833148,3.25015162144847,0.00115343494194729,0.0274654219583982,"Manes.05G119700","","","nuclear pore",NA,"(1 of 1) K14310 - nuclear pore complex protein Nup205 (NUP205, NUP192)","GO:0005643","","K14310","PF11894","PTHR31344 PTHR31344:SF0","Protein of unknown function (DUF3414)"
"676","Manes.03G166800.v8.1",2493.45749334802,-0.161678304587697,0.0497752670141972,-3.24816549033444,0.00116151693428909,0.0275761620159949,"Manes.03G166800","","","",NA,"(1 of 4) PF05514 - HR-like lesion-inducing (HR_lesion)","","","","PF05514","PTHR31474 PTHR31474:SF4","HR-like lesion-inducing protein-related"
"677","Manes.07G026700.v8.1",42.0837897981186,-0.26776172115905,0.0824317114668443,-3.24828535516636,0.00116102769855806,0.0275761620159949,"Manes.07G026700","","","electron transfer activity; heme binding",NA,"(1 of 3) K08738 - cytochrome c (CYC)","GO:0009055 GO:0020037","KOG3453","K08738","PF00034","PTHR11961 PTHR11961:SF8","cytochrome c-2"
"678","Manes.01G243000.v8.1",7.42663291400655,-0.483887527238732,0.14901147023794,-3.24731731366764,0.00116498426750911,0.0275893469645344,"Manes.01G243000","","","GTPase activity; GTP binding; intracellular anatomical structure; intracellular protein transport; nucleocytoplasmic transport; signal transduction; small GTPase-mediated signal transduction; protein transport; membrane",NA,"(1 of 3) PTHR24073:SF345 - RAS-RELATED PROTEIN RABA3","GO:0003924 GO:0005525 GO:0005622 GO:0006886 GO:0006913 GO:0007165 GO:0007264 GO:0015031 GO:0016020","KOG0087","K07904","PF00025","PTHR24073 PTHR24073:SF345","RAB GTPase homolog A3"
"679","Manes.04G108800.v8.1",196.671310079942,0.135676868043305,0.0417929776528124,3.24640347884318,0.0011687307132979,0.0275893469645344,"Manes.04G108800","","","",NA,"(1 of 1) PTHR13748//PTHR13748:SF43 - COBW-RELATED // SUBFAMILY NOT NAMED","","KOG2743","","PF02492 PF07683","PTHR13748 PTHR13748:SF43","plastid transcriptionally active 17"
"680","Manes.12G020000.v8.1",39.5843152207545,-0.676368927903495,0.208347318922014,-3.2463529235846,0.00116893829918795,0.0275893469645344,"Manes.12G020000","","","protein binding",NA,"(1 of 1) KOG0265//KOG0645 - U5 snRNP-specific protein-like factor and related proteins // WD40 repeat protein","GO:0005515","KOG0265 KOG0645","","PF00400","PTHR22844 PTHR22844:SF199","Transducin/WD40 repeat-like superfamily protein"
"681","Manes.14G138300.v8.1",64.7002033478214,0.606869930625113,0.186891356533103,3.24718029706003,0.00116554528589235,0.0275893469645344,"Manes.14G138300","","","",NA,"","","","","","",""
"682","Manes.03G088800.v8.1",239.289777891908,0.420951945066001,0.129715403642095,3.24519627774874,0.00117369694138331,0.0276205431022752,"Manes.03G088800","","","",NA,"(1 of 2) PTHR21495//PTHR21495:SF77 - NUCLEOPORIN-RELATED // DIRIGENT PROTEIN 19","","","","PF03018","PTHR21495 PTHR21495:SF77","Disease resistance-responsive (dirigent-like protein) family protein"
"683","Manes.05G093400.v8.1",447.016226634628,0.262742628780293,0.0809533009674211,3.24560735189824,0.00117200366412823,0.0276205431022752,"Manes.05G093400","","","regulation of DNA-templated transcription",NA,"(1 of 3) K11644 - paired amphipathic helix protein Sin3a (SIN3A)","GO:0006355","KOG4204","K11644","PF02671 PF08295 PF16879","PTHR12346 PTHR12346:SF8","SIN3-like 4"
"684","Manes.15G041600.v8.1",233.327696348278,-0.242092726044419,0.0746277923149322,-3.24400224815411,0.001178628159818,0.0276960386151385,"Manes.15G041600","","","methyltransferase activity",NA,"(1 of 2) PTHR10108//PTHR10108:SF906 - METHYLTRANSFERASE // METHYLTRANSFERASE PMT1-RELATED","GO:0008168","","","PF03141","PTHR10108 PTHR10108:SF906","S-adenosyl-L-methionine-dependent methyltransferases superfamily protein"
"685","Manes.05G069900.v8.1",104.563234817946,0.192479282280393,0.0593516161872562,3.24303354559234,0.00118264285914394,0.0277093566691261,"Manes.05G069900","","","phosphoprotein phosphatase activity; brassinosteroid mediated signaling pathway; hydrolase activity",NA,"(1 of 3) K01090 - protein phosphatase (E3.1.3.16)","GO:0004721 GO:0009742 GO:0016787","KOG0374","K01090","PF00149 PF13418","PTHR11668 PTHR11668:SF228","BRI1 suppressor 1 (BSU1)-like 1"
"686","Manes.10G140300.v8.1",223.846853558089,0.214092244841487,0.0660131538688676,3.24317552327181,0.00118205365643508,0.0277093566691261,"Manes.10G140300","","","",NA,"(1 of 2) PTHR21736//PTHR21736:SF23 - VERNALIZATION-INSENSITIVE PROTEIN 3 // PROTEIN OBERON 4","","","","PF07227 PF16312","PTHR21736 PTHR21736:SF23","Protein of unknown function (DUF1423)"
"687","Manes.08G138200.v8.1",137.384887734225,-0.141906044682226,0.0437660310376658,-3.24237865115298,0.0011853641639096,0.0277099737591884,"Manes.08G138200","","","hydrolase activity",NA,"(1 of 12) K06269 - serine/threonine-protein phosphatase PP1 catalytic subunit (PPP1C)","GO:0016787","","K06269","PF00149 PF16891","PTHR11668 PTHR11668:SF259",""
"688","Manes.17G006637.v8.1",11.1021815825786,0.482328569276143,0.14876593534845,3.24219767211088,0.00118611721186596,0.0277099737591884,"Manes.17G006637","","","",NA,"(1 of 1) PTHR31421//PTHR31421:SF4 - FAMILY NOT NAMED // PROTEIN BASIC PENTACYSTEINE7","","","","PF06217","PTHR31421 PTHR31421:SF4","basic pentacysteine 7"
"689","Manes.07G084000.v8.1",76.8298871562211,0.316073834993403,0.0975232026042952,3.24101164187446,0.00119106319570787,0.0277851360589443,"Manes.07G084000","","","",NA,"","","","","","PTHR33416 PTHR33416:SF2","(1 of 4) KOG0845 - Nuclear pore complex, Nup98 component (sc Nup145/Nup100/Nup116)"
"690","Manes.02G221381.v8.1",218.240376183107,0.165118533227163,0.0509830690297878,3.23869347941156,0.00120078546031286,0.027797024971127,"Manes.02G221381","","","metal ion binding",NA,"(1 of 2) PTHR23509:SF10 - PHOSPHOLIPASE DDHD1","GO:0046872","","","PF02862","PTHR23509 PTHR23509:SF10","shoot gravitropism 2 (SGR2)"
"691","Manes.05G021700.v8.1",81.0067764168915,0.290120132696062,0.0895762088320584,3.23880789864631,0.00120030387657841,0.027797024971127,"Manes.05G021700","","","DNA binding; nucleus; regulation of DNA-templated transcription; response to hormone",NA,"(1 of 2) PTHR31384:SF17 - AUXIN RESPONSE FACTOR 11-RELATED","GO:0003677 GO:0005634 GO:0006355 GO:0009725","","K14486","PF02309 PF02362 PF06507","PTHR31384 PTHR31384:SF17","auxin response factor 9"
"692","Manes.06G106800.v8.1",11.2349231299737,0.536487911282274,0.165663622520233,3.23841711970745,0.00120194937814554,0.027797024971127,"Manes.06G106800","","","protein kinase activity; protein tyrosine kinase activity; ATP binding; protein phosphorylation",NA,"(1 of 1) PTHR27002//PTHR27002:SF121 - FAMILY NOT NAMED // CYSTEINE-RICH RECEPTOR-LIKE PROTEIN KINASE 1","GO:0004672 GO:0004713 GO:0005524 GO:0006468","KOG1187","","PF00069 PF01657","PTHR27002 PTHR27002:SF121",""
"693","Manes.08G017600.v8.1",36.2468303375615,0.314254840015562,0.0970163030068698,3.23919619976973,0.00119867087023333,0.027797024971127,"Manes.08G017600","PWY-7511","protein ubiquitylation","ubiquitin-protein transferase activity",NA,"(1 of 1) K10588 - ubiquitin-protein ligase E3 B (UBE3B)","GO:0004842","","K10588","PF00632","PTHR11254","ubiquitin-protein ligase 7"
"694","Manes.12G131100.v8.1",624.461907447414,-0.155773910385671,0.0480751073551435,-3.2402197094419,0.0011943763145454,0.027797024971127,"Manes.12G131100","","","GTPase activity; GTP binding; intracellular anatomical structure; intracellular protein transport; nucleocytoplasmic transport; signal transduction; small GTPase-mediated signal transduction; protein transport; membrane",NA,"(1 of 24) K07904 - Ras-related protein Rab-11A (RAB11A)","GO:0003924 GO:0005525 GO:0005622 GO:0006886 GO:0006913 GO:0007165 GO:0007264 GO:0015031 GO:0016020","KOG0087","K07904","PF00025","PTHR24073 PTHR24073:SF562","RAB GTPase homolog A4A"
"695","Manes.14G066400.v8.1",37.2196258849448,-0.335502016629594,0.103556003848727,-3.23981231565956,0.00119608399685063,0.027797024971127,"Manes.14G066400","","","protein kinase activity; protein tyrosine kinase activity; ATP binding; protein phosphorylation",NA,"(1 of 3) PTHR23257//PTHR23257:SF475 - SERINE-THREONINE PROTEIN KINASE // SUBFAMILY NOT NAMED","GO:0004672 GO:0004713 GO:0005524 GO:0006468","KOG0192","","PF14531","PTHR23257 PTHR23257:SF475",""
"696","Manes.06G047800.v8.1",12.8854770051655,-0.424796530419886,0.131266110854248,-3.23614775859063,0.00121154652172811,0.0279787173042183,"Manes.06G047800","","","calcium ion binding",NA,"(1 of 2) PTHR10891//PTHR10891:SF546 - EF-HAND CALCIUM-BINDING DOMAIN CONTAINING PROTEIN // SUBFAMILY NOT NAMED","GO:0005509","KOG0027","","PF13499","PTHR10891 PTHR10891:SF546",""
"697","Manes.02G046700.v8.1",274.855970285388,0.415144780550244,0.128329279054162,3.23499659321729,0.00121644182188813,0.0280514625584045,"Manes.02G046700","","","metalloendopeptidase activity; ATP binding; proteolysis; membrane",NA,"(1 of 1) PTHR23076:SF54 - ATP-DEPENDENT ZINC METALLOPROTEASE FTSH 6, CHLOROPLASTIC","GO:0004222 GO:0005524 GO:0006508 GO:0016020","","K03798","PF00004 PF01434","PTHR23076 PTHR23076:SF54","FTSH protease 6"
"698","Manes.06G003200.v8.1",77.8260579430988,0.158884547544983,0.0491277793518354,3.23410806759877,0.00122023273929693,0.0280611027051277,"Manes.06G003200","","","DNA-binding transcription factor activity; protein binding; nucleus; regulation of DNA-templated transcription; zinc ion binding",NA,"(1 of 1) K12236 - transcriptional repressor NF-X1 [EC:6.3.2.-] (NFX1)","GO:0003700 GO:0005515 GO:0005634 GO:0006355 GO:0008270","","K12236","PF01422","PTHR12360 PTHR12360:SF0","NF-X-like 1"
"699","Manes.06G026700.v8.1",43.7431187642387,0.161106069337981,0.049815111729374,3.23408025687481,0.00122035157039036,0.0280611027051277,"Manes.06G026700","","","carbohydrate metabolic process; phosphotransferase activity, alcohol group as acceptor",NA,"(1 of 1) 2.7.1.16 - Ribulokinase / L-ribulokinase","GO:0005975 GO:0016773","","","PF00370 PF02782","PTHR10196 PTHR10196:SF71","FGGY family of carbohydrate kinase"
"700","Manes.04G089400.v8.1",251.398012553311,-0.191782861218415,0.0593288171977888,-3.2325414575358,0.00122694331317026,0.0281582764050163,"Manes.04G089400","","","",NA,"(1 of 8) PTHR10743 - PROTEIN RER1","GO:0016021","KOG1688","","PF03248","PTHR10743","endoplasmatic reticulum retrieval protein 1B"
"701","Manes.04G163400.v8.1",10.7406554439383,-0.515412547770323,0.159487802404827,-3.23167377065022,0.00123067470029504,0.0281582764050163,"Manes.04G163400","","","protein binding",NA,"(1 of 2) PTHR32295//PTHR32295:SF35 - FAMILY NOT NAMED // PROTEIN IQ-DOMAIN 11","GO:0005515","","","PF00612 PF13178","PTHR32295 PTHR32295:SF35","IQ-domain 11"
"702","Manes.12G157000.v8.1",117.693009756524,-0.313350235014109,0.0969663503785902,-3.23153582444509,0.00123126888661569,0.0281582764050163,"Manes.12G157000","","","ATP binding; membrane; ATP hydrolysis activity",NA,"(1 of 2) PTHR19241:SF230 - ABC TRANSPORTER G FAMILY MEMBER 5","GO:0005524 GO:0016020 GO:0016887","","","PF00005 PF01061","PTHR19241 PTHR19241:SF230","ABC-2 type transporter family protein"
"703","Manes.16G088800.v8.1",64.4733901306062,-0.148401601008169,0.0459239754580726,-3.23146242301378,0.00123158516224267,0.0281582764050163,"Manes.16G088800","","","5'-nucleotidase activity; deoxyribonucleotide catabolic process",NA,"(1 of 1) PF06941 - 5' nucleotidase, deoxy (Pyrimidine), cytosolic type C protein (NT5C) (NT5C)","GO:0008253 GO:0009264","","","PF06941","PTHR35134 PTHR35134:SF2","Haloacid dehalogenase-like hydrolase (HAD) superfamily protein"
"704","Manes.13G154400.v8.1",609.331391390275,0.14503341882107,0.0448937116843433,3.23059540812373,0.00123532667932905,0.0282037013023521,"Manes.13G154400","","","",NA,"(1 of 1) KOG4843 - Uncharacterized conserved protein","","KOG4843","","PF08642","","(1 of 1) KOG4843 - Uncharacterized conserved protein"
"705","Manes.03G149700.v8.1",180.39094446202,0.123152914151185,0.0381397616052758,3.22899013962765,0.00124228177991583,0.0282581872192109,"Manes.03G149700","","","monooxygenase activity; ubiquinone biosynthetic process; oxidoreductase activity, acting on paired donors, with incorporation or reduction of molecular oxygen, NAD(P)H as one donor, and incorporation of one atom of oxygen; flavin adenine dinucleotide binding; FAD binding",NA,"(1 of 1) K06126 - ubiquinone biosynthesis monooxygenase Coq6 (COQ6)","GO:0004497 GO:0006744 GO:0016709 GO:0050660 GO:0055114 GO:0071949","KOG3855","K06126","PF01494","PTHR13789 PTHR13789:SF240","FAD/NAD(P)-binding oxidoreductase family protein"
"706","Manes.16G010100.v8.1",218.386831244041,0.155409083168669,0.0481199114391638,3.22962113854151,0.00123954356699292,0.0282581872192109,"Manes.16G010100","LIPASYN-PWY; PWY-6803","phospholipases; phosphatidylcholine acyl editing","protein binding; lipid metabolic process",NA,"(1 of 2) PTHR24185:SF1 - CALCIUM-INDEPENDENT PHOSPHOLIPASE A2-GAMMA","GO:0005515 GO:0006629","","","PF00514 PF01734 PF13855","PTHR24185 PTHR24185:SF1","phospholipases;galactolipases"
"707","Manes.16G097900.v8.1",1090.27650634556,0.223805885636655,0.0693149047566239,3.22882771638329,0.00124298751720165,0.0282581872192109,"Manes.16G097900","","","DNA-binding transcription factor activity; regulation of DNA-templated transcription",NA,"(1 of 1) PTHR12632//PTHR12632:SF8 - TRANSCRIPTION FACTOR NF-Y ALPHA-RELATED // SUBFAMILY NOT NAMED","GO:0003700 GO:0006355","","K08064","PF02045","PTHR12632 PTHR12632:SF8",""
"708","Manes.01G225400.v8.1",230.617818918574,-0.19182450940528,0.0594452771874046,-3.22690915883094,0.00125135180905176,0.0284081604899562,"Manes.01G225400","","","",NA,"(1 of 18) PF12023 - Domain of unknown function (DUF3511) (DUF3511)","","","","PF12023","PTHR33193 PTHR33193:SF1","Protein of unknown function (DUF3511)"
"709","Manes.03G029600.v8.1",1012.25096160018,0.261067891038818,0.080949146425373,3.2250851623185,0.00125935200768057,0.0284291640722609,"Manes.03G029600","","","metal ion binding",NA,"(1 of 13) KOG1595 - CCCH-type Zn-finger protein","GO:0046872","KOG1595","","PF00642","PTHR14493 PTHR14493:SF41","CCCH-type zinc finger family protein"
"710","Manes.09G124100.v8.1",206.616046983293,0.20790364798713,0.0644532580408266,3.22564994085229,0.00125686980950271,0.0284291640722609,"Manes.09G124100","","","",NA,"(1 of 2) PTHR33697:SF2 - PWWP DOMAIN-CONTAINING PROTEIN","","","","PF00855","PTHR33697 PTHR33697:SF2","Tudor/PWWP/MBT superfamily protein"
"711","Manes.10G023100.v8.1",60.5803225622708,0.334576192048787,0.103729766256317,3.22545980892356,0.00125770493332831,0.0284291640722609,"Manes.10G023100","","","ADP binding",NA,"(1 of 10) PTHR23155//PTHR23155:SF634 - LEUCINE-RICH REPEAT-CONTAINING PROTEIN // SUBFAMILY NOT NAMED","GO:0043531","","","PF00931","PTHR23155 PTHR23155:SF634",""
"712","Manes.10G055500.v8.1",209.746431983796,-0.179821602975944,0.0557530629523397,-3.2253224029981,0.00125830878557602,0.0284291640722609,"Manes.10G055500","","","protein binding; multicellular organism development",NA,"(1 of 2) PTHR19919//PTHR19919:SF2 - WD REPEAT CONTAINING PROTEIN // PROTEIN TRANSPARENT TESTA GLABRA 1","GO:0005515 GO:0007275","","K11805","PF00400","PTHR19919 PTHR19919:SF2","Transducin/WD40 repeat-like superfamily protein"
"713","Manes.10G114062.v8.1",34.5411743196279,0.325018220264367,0.100845377098187,3.22293623780015,0.00126883794794129,0.028575957305262,"Manes.10G114062","","","protein binding; ADP binding",NA,"(1 of 4) PTHR23155//PTHR23155:SF643 - LEUCINE-RICH REPEAT-CONTAINING PROTEIN // SUBFAMILY NOT NAMED","GO:0005515 GO:0043531","KOG4658","K13459","PF00931 PF13855","PTHR23155 PTHR23155:SF643",""
"714","Manes.17G112500.v8.1",962.356824377683,0.185559569334941,0.0575770028080601,3.22280702858964,0.00126941040975282,0.028575957305262,"Manes.17G112500","","","nucleolus; ribosome biogenesis",NA,"(1 of 1) K14843 - pescadillo (PES1, NOP7)","GO:0005730 GO:0042254","","K14843","PF06732 PF16589","PTHR12221 PTHR12221:SF6","pescadillo-related"
"715","Manes.11G054900.v8.1",67.4644619965681,-0.172289203951357,0.0534746803669067,-3.22188375450263,0.00127350792278516,0.028628101878218,"Manes.11G054900","","","DNA binding; ATP binding; hydrolase activity",NA,"(1 of 3) K12812 - ATP-dependent RNA helicase UAP56/SUB2 (UAP56, BAT1, SUB2)","GO:0003677 GO:0005524 GO:0016787","","K12812","PF00271 PF04851","PTHR24031 PTHR24031:SF246","DEAD/DEAH box RNA helicase family protein"
"716","Manes.01G262300.v8.1",186.202184382334,-0.184920835971745,0.0574290562169228,-3.21998737491448,0.00128196242379595,0.028777907873844,"Manes.01G262300","","","hydrolase activity, hydrolyzing O-glycosyl compounds; carbohydrate metabolic process",NA,"(1 of 43) 2.4.1.207 - Xyloglucan:xyloglucosyl transferase / Xyloglucan endotransglycosylase","GO:0004553 GO:0005975","","","PF00722","PTHR31062 PTHR31062:SF9",""
"717","Manes.02G110100.v8.1",31.1264385343123,-0.394621693057977,0.122570875932071,-3.21953881831339,0.00128396975564332,0.028782769710537,"Manes.02G110100","","","protein binding; zinc ion binding",NA,"(1 of 1) PF13488//PF13639 - Glycine zipper (Gly-zipper_Omp) // Ring finger domain (zf-RING_2)","GO:0005515 GO:0008270","","","PF13488 PF13639","PTHR14155","RING/U-box superfamily protein"
"718","Manes.17G124400.v8.1",29.2020457159975,-0.211751470036224,0.0657937301008101,-3.21841412109901,0.0012890156429671,0.0288556384810727,"Manes.17G124400","","","",NA,"(1 of 2) PTHR36039//PTHR36039:SF2 - FAMILY NOT NAMED // GENOMIC DNA, CHROMOSOME 3, P1 CLONE:MMG15","","","","PF13563","PTHR36039 PTHR36039:SF2","RNA ligase/cyclic nucleotide phosphodiesterase family protein"
"719","Manes.04G147600.v8.1",60.2506421999468,-0.197112312595819,0.0612709436142148,-3.2170601751609,0.00129511431903592,0.028950519000287,"Manes.04G147600","","","",NA,"(1 of 2) PTHR21229//PTHR21229:SF15 - LUNG SEVEN TRANSMEMBRANE RECEPTOR // LUNG SEVEN TRANSMEMBRANE RECEPTOR-LIKE PROTEIN","GO:0016021","","","PF06814","PTHR21229 PTHR21229:SF15","Lung seven transmembrane receptor family protein"
"720","Manes.04G150200.v8.1",108.429625888281,-0.329745499732335,0.102516608960326,-3.21650806709718,0.00129760885448679,0.028950519000287,"Manes.04G150200","","","serine-type endopeptidase activity; proteolysis",NA,"(1 of 3) PTHR10795//PTHR10795:SF424 - PROPROTEIN CONVERTASE SUBTILISIN/KEXIN // SUBTILASE FAMILY PROTEIN-RELATED","GO:0004252 GO:0006508","","","PF00082 PF02225 PF05922","PTHR10795 PTHR10795:SF424","Subtilase family protein"
"721","Manes.05G050300.v8.1",22.5378381570915,-0.623368157319948,0.193816734522936,-3.21627623566313,0.00129865763698171,0.028950519000287,"Manes.05G050300","","","DNA binding; DNA-binding transcription factor activity; nucleus; regulation of DNA-templated transcription; zinc ion binding; sequence-specific DNA binding; positive regulation of DNA-templated transcription",NA,"(1 of 1) PTHR10071//PTHR10071:SF207 - TRANSCRIPTION FACTOR GATA  GATA BINDING FACTOR // GATA TRANSCRIPTION FACTOR 4","GO:0003677 GO:0003700 GO:0005634 GO:0006355 GO:0008270 GO:0043565 GO:0045893","KOG1601","","PF00320","PTHR10071 PTHR10071:SF207","GATA transcription factor 2"
"722","Manes.12G030300.v8.1",1084.27134692517,0.201782755810518,0.0627490540598445,3.21570992318188,0.00130122286928636,0.0289675279474233,"Manes.12G030300","PWY-7528; POLYAMINSYN3-PWY; BSUBPOLYAMSYN-PWY","L-methionine salvage cycle I (bacteria and plants); superpathway of polyamine biosynthesis II; spermidine biosynthesis I","catalytic activity; polyamine metabolic process",NA,"(1 of 5) K00797 - spermidine synthase (speE, SRM)","GO:0003824 GO:0006595","KOG1562","K00797","PF01564","PTHR11558 PTHR11558:SF25","spermidine synthase 1"
"723","Manes.01G088800.v8.1",46.9893697465157,0.219943261588771,0.0684079406051676,3.21517150849818,0.00130366606844819,0.0289817769269263,"Manes.01G088800","","","RNA binding; RNA processing; RNA methyltransferase activity",NA,"(1 of 1) PTHR12029//PTHR12029:SF11 - RNA METHYLTRANSFERASE // METHYLTRANSFERASE TARBP1-RELATED","GO:0003723 GO:0006396 GO:0008173","","","PF00588","PTHR12029 PTHR12029:SF11","tRNA/rRNA methyltransferase (SpoU) family protein"
"724","Manes.09G158100.v8.1",97.7906350991154,0.217056631498275,0.0675310851373683,3.21417360696558,0.00130820550916638,0.0289984121387949,"Manes.09G158100","","","protein binding",NA,"(1 of 2) K15361 - WD repeat-containing protein 48 (WDR48, UAF1)","GO:0005515","","K15361","PF00400 PF11816","PTHR19862","Transducin/WD40 repeat-like superfamily protein"
"725","Manes.14G162000.v8.1",9.25977079901128,0.556109122058774,0.173014814859737,3.21422834518311,0.00130795612810075,0.0289984121387949,"Manes.14G162000","","","protein kinase activity; protein tyrosine kinase activity; ATP binding; protein phosphorylation",NA,"(1 of 2) PTHR27003:SF15 - LEUCINE-RICH REPEAT PROTEIN KINASE-LIKE PROTEIN","GO:0004672 GO:0004713 GO:0005524 GO:0006468","KOG1187","","PF07714","PTHR27003 PTHR27003:SF15","Leucine-rich repeat protein kinase family protein"
"726","Manes.15G150700.v8.1",148.695836035905,0.233929767979954,0.0727887425177369,3.21381795987135,0.00130982686572296,0.0289984121387949,"Manes.15G150700","","","",NA,"(1 of 2) PTHR24006//PTHR24006:SF492 - FAMILY NOT NAMED // F-BOX/LRR-REPEAT PROTEIN 5","","KOG1947","K10268","","PTHR24006 PTHR24006:SF492","RNI-like superfamily protein"
"727","Manes.03G181800.v8.1",120.370957453522,0.223143649765352,0.069443178092462,3.21332715314731,0.00131206744595821,0.0290080606036951,"Manes.03G181800","","","catalytic activity; phosphoprotein phosphatase activity; protein serine/threonine phosphatase activity; protein binding; protein dephosphorylation",NA,"(1 of 2) PTHR13832:SF224 - PROTEIN PHOSPHATASE 2C 70","GO:0003824 GO:0004721 GO:0004722 GO:0005515 GO:0006470","KOG0698","","PF00481 PF00498","PTHR13832 PTHR13832:SF224","kinase associated protein phosphatase"
"728","Manes.02G081900.v8.1",415.094840777086,0.186807648105308,0.0581482014065932,3.21261266189613,0.00131533549042935,0.0290403672220755,"Manes.02G081900","","","nucleic acid binding; zinc ion binding",NA,"(1 of 1) K13094 - RNA-binding protein 5/10 (RBM5_10)","GO:0003676 GO:0008270","KOG0154","K13094","PF00076 PF01585","PTHR13948 PTHR13948:SF3","suppressor of abi3-5"
"729","Manes.14G084000.v8.1",124.287116655443,-0.271127086491188,0.0844166995515657,-3.21177075070994,0.00131919598642933,0.0290699638858202,"Manes.14G084000","","","",NA,"","","","","","PTHR36390",""
"730","Manes.17G110000.v8.1",440.919066791127,-0.15789740898192,0.0491657612344216,-3.2115318672494,0.0013202932642723,0.0290699638858202,"Manes.17G110000","","","endopeptidase activity; threonine-type endopeptidase activity; proteasome core complex; proteolysis involved in protein catabolic process",NA,"(1 of 2) K02739 - 20S proteasome subunit beta 2 (PSMB7)","GO:0004175 GO:0004298 GO:0005839 GO:0051603","KOG0173","K02739","PF00227","PTHR11599 PTHR11599:SF44","N-terminal nucleophile aminohydrolases (Ntn hydrolases) superfamily protein"
"731","Manes.14G068900.v8.1",84.5715750311159,0.289236383869709,0.090096530891391,3.21029434771885,0.00132599113202342,0.0291554794323016,"Manes.14G068900","","","DNA binding; chromatin binding; nucleus; DNA-templated transcription",NA,"(1 of 4) PTHR15141//PTHR15141:SF52 - TRANSCRIPTION ELONGATION FACTOR B POLYPEPTIDE 3 // BAH AND TFIIS DOMAIN-CONTAINING PROTEIN","GO:0003677 GO:0003682 GO:0005634 GO:0006351","KOG1886","","PF01426 PF08711","PTHR15141 PTHR15141:SF52","BAH domain ;TFIIS helical bundle-like domain"
"732","Manes.04G089300.v8.1",586.939306299007,0.184006923816368,0.0573678687900992,3.20749101713405,0.0013389824209694,0.0294009077216409,"Manes.04G089300","","","RNA methylation; nucleus; rRNA processing; methyltransferase activity; rRNA methyltransferase activity; rRNA methylation; methylation",NA,"(1 of 1) 2.1.1.167 - 27S pre-rRNA (guanosine(2922)-2'-O)-methyltransferase","GO:0001510 GO:0005634 GO:0006364 GO:0008168 GO:0008649 GO:0031167 GO:0032259","","K14857","PF01728 PF07780 PF11861","PTHR10920 PTHR10920:SF13","FtsJ-like methyltransferase family protein"
"733","Manes.16G068600.v8.1",204.657140621652,0.173414485693659,0.0541268921687659,3.20385077999598,0.00135602738713429,0.029734554151991,"Manes.16G068600","","","",NA,"(1 of 1) PTHR13793//PTHR13793:SF94 - PHD FINGER PROTEINS // SUBFAMILY NOT NAMED","","","","PF10513","PTHR13793 PTHR13793:SF94","Enhancer of polycomb-like transcription factor protein"
"734","Manes.09G148300.v8.1",41.538079847368,0.485320755855368,0.151521108382208,3.20299106201863,0.00136008202158683,0.0297600547749633,"Manes.09G148300","","","biosynthetic process; pyridoxal phosphate binding",NA,"(1 of 2) 4.1.2.48 - Low-specificity L-threonine aldolase","GO:0009058 GO:0030170","","K01620","PF00155","PTHR10289 PTHR10289:SF5","threonine aldolase 1"
"735","Manes.16G017200.v8.1",2693.80623946564,0.199654789512555,0.0623372007365204,3.20281929816568,0.00136089343990531,0.0297600547749633,"Manes.16G017200","","","glycerol ether metabolic process; protein-disulfide reductase activity; cell redox homeostasis",NA,"(1 of 3) PTHR10438:SF242 - THIOREDOXIN-LIKE PROTEIN CXXS1","GO:0006662 GO:0015035 GO:0045454","KOG0907","K03671","PF00085","PTHR10438 PTHR10438:SF242","C-terminal cysteine residue is changed to a serine 1"
"736","Manes.08G012800.v8.1",862.133874153345,-0.259937393693535,0.0811794564546652,-3.2020095359803,0.00136472480230224,0.0298032904176683,"Manes.08G012800","","","transporter activity; transport; membrane",NA,"(1 of 13) K09873 - aquaporin TIP (TIP)","GO:0005215 GO:0006810 GO:0016020","KOG0223","K09873","PF00230","PTHR19139 PTHR19139:SF52","gamma tonoplast intrinsic protein"
"737","Manes.01G187900.v8.1",25.3727547482925,-0.700871002817897,0.218965388257646,-3.20083008732511,0.0013703231256187,0.0298045826809476,"Manes.01G187900","","","DNA binding; DNA-binding transcription factor activity; regulation of DNA-templated transcription; sequence-specific DNA binding",NA,"(1 of 2) PTHR24326//PTHR24326:SF176 - FAMILY NOT NAMED // HOMEOBOX-LEUCINE ZIPPER PROTEIN ATHB-13-RELATED","GO:0003677 GO:0003700 GO:0006355 GO:0043565","KOG0483","K09338","PF00046 PF02183","PTHR24326 PTHR24326:SF176","Homeobox-leucine zipper protein family"
"738","Manes.09G081700.v8.1",456.240245386655,0.246335663811992,0.0769543544332073,3.20106205329549,0.00136922041485706,0.0298045826809476,"Manes.09G081700","","","protein kinase activity; protein tyrosine kinase activity; ATP binding; protein phosphorylation",NA,"(1 of 74) PF00069//PF07714 - Protein kinase domain (Pkinase) // Protein tyrosine kinase (Pkinase_Tyr)","GO:0004672 GO:0004713 GO:0005524 GO:0006468","KOG1187","","PF00069 PF07714","PTHR27001",""
"739","Manes.15G131000.v8.1",1729.92148920262,0.190285898236309,0.0594490150771832,3.20082507656787,0.00137034695459592,0.0298045826809476,"Manes.15G131000","","","",NA,"(1 of 3) KOG4467 - Uncharacterized conserved protein","","KOG4467","","PF10151","PTHR13448 PTHR13448:SF1","Protein of unknown function DUF2359, transmembrane"
"740","Manes.03G172500.v8.1",513.113624392119,0.140737836763767,0.0440019773873088,3.19844345914235,0.0013817162488272,0.0299463112321381,"Manes.03G172500","","","nucleic acid binding; protein binding",NA,"(1 of 2) PTHR22891:SF45 - PROTEIN ARGONAUTE 10","GO:0003676 GO:0005515","","K11593","PF02170 PF02171 PF08699 PF16486 PF16487 PF16488","PTHR22891 PTHR22891:SF45","Stabilizer of iron transporter SufD / Polynucleotidyl transferase"
"741","Manes.03G176500.v8.1",42.5898313069268,0.233741707970413,0.0730796862655521,3.19844980068822,0.00138168586057567,0.0299463112321381,"Manes.03G176500","","","",NA,"(1 of 1) KOG4524 - Uncharacterized conserved protein","","KOG4524","","","PTHR18460 PTHR18460:SF3","ARM repeat superfamily protein"
"742","Manes.13G049900.v8.1",490.440205050152,-0.177827494564957,0.0556008071406836,-3.19828980386939,0.0013824527427516,0.0299463112321381,"Manes.13G049900","PWY-1061","homogalacturonan biosynthesis","glycosyltransferase activity; polygalacturonate 4-alpha-galacturonosyltransferase activity",NA,"(1 of 2) PTHR32116//PTHR32116:SF19 - FAMILY NOT NAMED // GALACTURONOSYLTRANSFERASE 8","GO:0016757 GO:0047262","","K13648","PF01501","PTHR32116 PTHR32116:SF19","Nucleotide-diphospho-sugar transferases superfamily protein"
"743","Manes.04G066100.v8.1",135.81336560939,0.295805179985402,0.0925034169964713,3.19777571023875,0.00138491950732095,0.0299593690998245,"Manes.04G066100","","","protein binding; zinc ion binding",NA,"(1 of 1) PTHR15600:SF28 - SACSIN","GO:0005515 GO:0008270","KOG4172","K17592","PF13920","PTHR15600 PTHR15600:SF28","Zinc finger, C3HC4 type (RING finger) family protein"
"744","Manes.02G038900.v8.1",581.131495946767,-0.247130387022233,0.0773398272703238,-3.19538322937346,0.00139645278788453,0.0301682602952528,"Manes.02G038900","","","endoplasmic reticulum membrane",NA,"(1 of 3) PTHR10809:SF50 - VESICLE-ASSOCIATED PROTEIN 1-1-RELATED","GO:0005789","KOG0439","","PF00635","PTHR10809 PTHR10809:SF50",""
"745","Manes.17G112100.v8.1",185.634234639448,0.122787858346971,0.0384327433715009,3.19487623248934,0.00139890818033255,0.0301807398422617,"Manes.17G112100","","","",NA,"(1 of 1) K14314 - nuclear pore complex protein Nup210 (NUP210, GP210)","","KOG1833","K14314","PF02368","PTHR23019 PTHR23019:SF0","embryo defective 3012"
"746","Manes.01G130900.v8.1",299.290214006446,-0.360676373136265,0.112933562138246,-3.19370403542881,0.00140460039583847,0.0302629251505519,"Manes.01G130900","PWY-6842","glutathione-mediated detoxification II","protein binding",NA,"(1 of 5) PTHR11260//PTHR11260:SF287 - GLUTATHIONE S-TRANSFERASE, GST, SUPERFAMILY, GST DOMAIN CONTAINING // SUBFAMILY NOT NAMED","GO:0005515","KOG0867","K00799","PF00043 PF02798","PTHR11260 PTHR11260:SF287","glutathione S-transferase PHI 9"
"747","Manes.13G053500.v8.1",112.738974583339,-0.375485194877413,0.117605447826133,-3.19275341251647,0.0014092323165323,0.0303220763368455,"Manes.13G053500","","","",NA,"(1 of 2) PF16851 - Stomagen (Stomagen)","","","","PF16851","PTHR37239","stomagen"
"748","Manes.16G086100.v8.1",319.618041874652,0.327118299705903,0.102528608406679,3.19050755481232,0.00142023127720391,0.0305178841156396,"Manes.16G086100","","","cytoskeletal motor activity; protein binding; ATP binding; myosin complex",NA,"(1 of 1) PTHR13140//PTHR13140:SF304 - MYOSIN // MYOSIN IA HEAVY CHAIN-RELATED","GO:0003774 GO:0005515 GO:0005524 GO:0016459","","K10357","PF00063 PF00612 PF01843 PF02736","PTHR13140 PTHR13140:SF304","myosin, putative"
"749","Manes.02G163400.v8.1",45.8363120087263,-0.232121292823886,0.0727988804444875,-3.18852833184556,0.00142998995963812,0.0306456381616847,"Manes.02G163400","","","",NA,"","","","","","PTHR33674 PTHR33674:SF3",""
"750","Manes.14G062950.v8.1",50.7672877052346,0.2476231708775,0.0776534346719554,3.18882444702641,0.00142852602374503,0.0306456381616847,"Manes.14G062950","","","",NA,"(1 of 1) PTHR12480:SF6 - JMJC DOMAIN-CONTAINING PROTEIN 4","","KOG2131","","PF13621","PTHR12480 PTHR12480:SF6","2-oxoglutarate (2OG) and Fe(II)-dependent oxygenase superfamily protein"
"751","Manes.08G010600.v8.1",4136.2936498446,0.36555651139362,0.114665090254374,3.18803666035291,0.00143242374278635,0.0306569198639214,"Manes.08G010600","","","metal ion transport; metal ion binding",NA,"(1 of 3) PTHR22814//PTHR22814:SF113 - COPPER TRANSPORT PROTEIN ATOX1-RELATED // HEAVY-METAL-ASSOCIATED DOMAIN-CONTAINING PROTEIN-RELATED","GO:0030001 GO:0046872","KOG1603","","PF00403","PTHR22814 PTHR22814:SF113","Heavy metal transport/detoxification superfamily protein"
"752","Manes.04G031300.v8.1",214.050360103805,-0.167325359313833,0.0525027922396236,-3.1869802000274,0.00143766616350395,0.0306873947490027,"Manes.04G031300","","","GTPase activity; GTP binding; intracellular anatomical structure; intracellular protein transport; nucleocytoplasmic transport; signal transduction; small GTPase-mediated signal transduction; protein transport; membrane",NA,"(1 of 1) PTHR24073//PTHR24073:SF561 - FAMILY NOT NAMED // GTP-BINDING PROTEIN ARA-3-RELATED","GO:0003924 GO:0005525 GO:0005622 GO:0006886 GO:0006913 GO:0007165 GO:0007264 GO:0015031 GO:0016020","KOG0078","K07901","PF00025","PTHR24073 PTHR24073:SF561","Ras-related small GTP-binding family protein"
"753","Manes.04G090400.v8.1",134.657058962207,0.175220427406002,0.0549748125021024,3.1872855846357,0.00143614895423619,0.0306873947490027,"Manes.04G090400","","","",NA,"(1 of 4) KOG2306 - Uncharacterized conserved protein","","KOG2306","","PF13889","PTHR13199 PTHR13199:SF14","(1 of 2) PF13889 - Chromosome segregation during meiosis (Chromosome_seg)"
"754","Manes.08G110850.v8.1",1188.96178747462,0.15711098992864,0.0493232807645675,3.18533129778148,0.00144588378240701,0.0307099726696562,"Manes.08G110850","","","Ino80 complex",NA,"(1 of 2) KOG2897 - DNA-binding protein YL1 and related proteins","GO:0031011","KOG2897","","PF04438 PF04795","PTHR21561 PTHR21561:SF14","HIT zinc finger ;PAPA-1-like conserved region"
"755","Manes.11G071700.v8.1",253.319814962823,0.295910505564351,0.0928862602449995,3.18572956628729,0.00144389497919538,0.0307099726696562,"Manes.11G071700","","","protein binding; zinc ion binding; regulatory ncRNA-mediated gene silencing",NA,"(1 of 6) PTHR21596//PTHR21596:SF12 - RIBONUCLEASE P SUBUNIT P38 // PROTEIN SUPPRESSOR OF GENE SILENCING 3","GO:0005515 GO:0008270 GO:0031047","","","PF03468 PF03470","PTHR21596 PTHR21596:SF12",""
"756","Manes.17G018849.v8.1",67.6492233242294,0.18706099510395,0.0587187850968881,3.18570956117864,0.00144399481701152,0.0307099726696562,"Manes.17G018849","PWY4FS-7; PWY0-1319; TRIGLSYN-PWY; PWY-7411","phosphatidylglycerol biosynthesis I (plastidic); CDP-diacylglycerol biosynthesis II; diacylglycerol and triacylglycerol biosynthesis; superpathway of phosphatidate biosynthesis (yeast)","glycerol-3-phosphate O-acyltransferase activity; glycerophospholipid metabolic process; metabolic process; acyltransferase activity",NA,"(1 of 1) K00630 - glycerol-3-phosphate O-acyltransferase (ATS1)","GO:0004366 GO:0006650 GO:0008152 GO:0016746","","K00630","PF01553 PF14829","PTHR35695 PTHR35695:SF1","phospholipid/glycerol acyltransferase family protein"
"757","Manes.18G010400.v8.1",1750.64754544005,-0.181014703405961,0.0568293141454477,-3.18523470022312,0.00144636653461891,0.0307099726696562,"Manes.18G010400","","","",NA,"(1 of 4) KOG3214 - Uncharacterized Zn ribbon-containing protein","","KOG3214","","PF05129","PTHR20934","(1 of 1) KOG3214 - Uncharacterized Zn ribbon-containing protein"
"758","Manes.03G127000.v8.1",42.8837889677153,-0.270272990577736,0.0848782114759209,-3.18424464745478,0.00145132295542591,0.0307406612311351,"Manes.03G127000","","","",NA,"(1 of 20) KOG4214 - Myotrophin and similar proteins","","KOG4214","","PF13857","PTHR24151","Ankyrin repeat family protein"
"759","Manes.13G062800.v8.1",8.08079429522537,0.552711454230706,0.17358035793379,3.18418201696261,0.00145163702323347,0.0307406612311351,"Manes.13G062800","","","protein binding",NA,"(1 of 4) 2.7.10.2//2.7.12.1 - Non-specific protein-tyrosine kinase / Cytoplasmic protein tyrosine kinase // Dual-specificity kinase","GO:0005515","","","PF07647","PTHR24176","Sterile alpha motif (SAM) domain-containing protein"
"760","Manes.11G085700.v8.1",137.163772225203,-0.221368948864135,0.0695737316382515,-3.18178921342242,0.00146368302859049,0.0309142934540539,"Manes.11G085700","","","",NA,"(1 of 8) PTHR10743 - PROTEIN RER1","GO:0016021","KOG1688","","PF03248","PTHR10743","endoplasmatic reticulum retrieval protein 1B"
"761","Manes.15G114600.v8.1",635.038423640668,-0.113138219285108,0.0355550553371255,-3.1820571846213,0.00146232942473216,0.0309142934540539,"Manes.15G114600","","","protein kinase activity; protein tyrosine kinase activity; calcium ion binding; ATP binding; protein phosphorylation",NA,"(1 of 2) PTHR24349//PTHR24349:SF83 - SERINE/THREONINE-PROTEIN KINASE // CALCIUM-DEPENDENT PROTEIN KINASE 6","GO:0004672 GO:0004713 GO:0005509 GO:0005524 GO:0006468","KOG0032","K13412","PF07714 PF13499","PTHR24349 PTHR24349:SF83","Calcium-dependent protein kinase family protein"
"762","Manes.02G156900.v8.1",56.3950842412749,-0.301358210898883,0.0947358986483437,-3.18103501627734,0.00146749890795776,0.0309186644646444,"Manes.02G156900","","","protein binding",NA,"(1 of 6) PF13881 - Ubiquitin-2 like Rad60 SUMO-like (Rad60-SLD_2)","GO:0005515","","","PF13881","PTHR13169","membrane-anchored ubiquitin-fold protein 6 precursor"
"763","Manes.16G138600.v8.1",341.896643913299,0.172341465491479,0.0541785971213866,3.18098796661991,0.00146773726040712,0.0309186644646444,"Manes.16G138600","","","protein binding",NA,"(1 of 1) K11789 - HIV-1 Vpr-binding protein (VPRBP, DCAF1)","GO:0005515","","K11789","","PTHR13129","DDB1-CUL4 associated factor 1"
"764","Manes.11G092400.v8.1",46.3935469504899,0.268046475382117,0.0842879740997613,3.18012715627574,0.0014721044074016,0.0309700708640916,"Manes.11G092400","","","",NA,"(1 of 1) PTHR24104:SF10 - NHL DOMAIN-CONTAINING PROTEIN","","","","","PTHR24104 PTHR24104:SF10","NHL domain-containing protein"
"765","Manes.03G041300.v8.1",75.9435823423686,-0.284833227217065,0.0896291752260453,-3.17790748937178,0.00148342074365296,0.0310456010582474,"Manes.03G041300","","","",NA,"(1 of 11) PF07911 - Protein of unknown function (DUF1677) (DUF1677)","","","","PF07911","PTHR33108 PTHR33108:SF3","Protein of unknown function (DUF1677)"
"766","Manes.08G164000.v8.1",295.790910327442,0.140285172582777,0.0441318113097312,3.17877667875924,0.00147897991598416,0.0310456010582474,"Manes.08G164000","","","protein binding",NA,"(1 of 2) PTHR22847//PTHR22847:SF441 - WD40 REPEAT PROTEIN // SUBFAMILY NOT NAMED","GO:0005515","KOG0266","","PF00400","PTHR22847 PTHR22847:SF441",""
"767","Manes.09G002800.v8.1",55.4639196975112,0.197140864732012,0.0620331374041678,3.1779928112868,0.00148298427712541,0.0310456010582474,"Manes.09G002800","","","DNA binding; nucleus; DNA-templated transcription",NA,"(1 of 2) PTHR15141:SF40 - MEDIATOR OF RNA POLYMERASE II TRANSCRIPTION SUBUNIT 26A-RELATED","GO:0003677 GO:0005634 GO:0006351","","","PF08711","PTHR15141 PTHR15141:SF40","Transcription elongation factor (TFIIS) family protein"
"768","Manes.13G150600.v8.1",686.552105821275,0.215633062623772,0.0678491627238688,3.17812415020287,0.00148231264066861,0.0310456010582474,"Manes.13G150600","","","DNA binding",NA,"(1 of 3) PTHR34053//PTHR34053:SF1 - FAMILY NOT NAMED // PROTEIN ULTRAPETALA 1-RELATED","GO:0003677","","","PF01342","PTHR34053 PTHR34053:SF1","Developmental regulator, ULTRAPETALA"
"769","Manes.01G052500.v8.1",755.902969252821,0.304906373649195,0.0959818872849505,3.17670742130742,0.00148957227724148,0.0310672590892432,"Manes.01G052500","","","",NA,"(1 of 2) PTHR10857//PTHR10857:SF54 - COPINE // DCD (DEVELOPMENT AND CELL DEATH) DOMAIN PROTEIN","","","","PF10539","PTHR10857 PTHR10857:SF54","DCD (Development and Cell Death) domain protein"
"770","Manes.03G082162.v8.1",398.588236688933,0.208214658687161,0.0655409314551366,3.17686450382058,0.00148876573954403,0.0310672590892432,"Manes.03G082162","","","nucleotide binding; P-type calcium transporter activity; calmodulin binding; ATP binding; membrane; metal ion binding; calcium ion transmembrane transport",NA,"(1 of 16) K01537 - Ca2+-transporting ATPase (E3.6.3.8)","GO:0000166 GO:0005388 GO:0005516 GO:0005524 GO:0016020 GO:0016021 GO:0046872 GO:0070588","","K01537","PF00122 PF00689 PF00690 PF00702 PF12515","PTHR24093 PTHR24093:SF359","autoinhibited Ca(2+)-ATPase 9"
"771","Manes.05G041100.v8.1",63.6125283948765,-0.162268575742404,0.0510828780095218,-3.17657465799318,0.0014902542622912,0.0310672590892432,"Manes.05G041100","","","",NA,"(1 of 1) K19323 - ataxin-10 (ATXN10)","","KOG2676","K19323","PF09759","PTHR13255","ARM repeat superfamily protein"
"772","Manes.09G023700.v8.1",203.514861806115,0.474382641419788,0.149372986818279,3.17582617529702,0.0014941044904236,0.0311071780758789,"Manes.09G023700","PWY-1001","cellulose biosynthesis","",NA,"(1 of 1) PTHR13301//PTHR13301:SF64 - X-BOX TRANSCRIPTION FACTOR-RELATED // SUBFAMILY NOT NAMED","","","K10999","PF13632 PF14569","PTHR13301 PTHR13301:SF64",""
"773","Manes.09G020400.v8.1",425.854613248189,0.209617901433914,0.0660125938915835,3.17542288639926,0.00149618282377981,0.0311101507459417,"Manes.09G020400","","","transporter activity; ATP binding; transport; ATP hydrolysis activity",NA,"(1 of 1) 3.6.3.32 - Quaternary-amine-transporting ATPase","GO:0005215 GO:0005524 GO:0006810 GO:0016021 GO:0016887","KOG0059","","PF00005 PF12698 PF13304","PTHR19229 PTHR19229:SF36","ATP-binding cassette A1"
"774","Manes.04G162000.v8.1",126.32917448221,0.15533912279409,0.0489331243357154,3.17451879279882,0.00150085171648657,0.0311266963085015,"Manes.04G162000","","","protein binding; ATP binding; zinc ion binding",NA,"(1 of 1) PTHR10799//PTHR10799:SF777 - SWI/SNF-RELATED MATRIX-ASSOCIATED ACTIN-DEPENDENT REGULATOR OF CHROMATIN SUBFAMILY-RELATED // DNA-BINDING PROTEIN-RELATED","GO:0005515 GO:0005524 GO:0008270","","","PF00176 PF00271 PF13923","PTHR10799 PTHR10799:SF777","SNF2 domain-containing protein / helicase domain-containing protein / zinc finger protein-related"
"775","Manes.16G063500.v8.1",449.908830762976,0.182990866277153,0.0576385811247488,3.17479824635345,0.00149940713966062,0.0311266963085015,"Manes.16G063500","","","",NA,"(1 of 4) PTHR33432:SF3 - EMSY N TERMINUS AND PLANT TUDOR-LIKE DOMAIN-CONTAINING PROTEIN","","KOG4675","","PF03735","PTHR33432 PTHR33432:SF3","Emsy N Terminus (ENT)/ plant Tudor-like domains-containing protein"
"776","Manes.14G090800.v8.1",65.3808914029525,0.302351918702142,0.095265789956463,3.17377223072751,0.00150471720379505,0.031140192976942,"Manes.14G090800","PWY-7196; PWY-7208; PWY-7200; PWY-7211; PWY0-162; PWY-7197; PWY-7205; PWY-7176","superpathway of pyrimidine ribonucleosides salvage; superpathway of pyrimidine nucleobases salvage; superpathway of pyrimidine deoxyribonucleoside salvage; superpathway of pyrimidine deoxyribonucleotides <i>de novo</i> biosynthesis; superpathway of pyrimidine ribonucleotides <i>de novo</i> biosynthesis; pyrimidine deoxyribonucleotide phosphorylation; CMP phosphorylation; UTP and CTP <i>de novo</i> biosynthesis","(d)CMP kinase activity; ATP binding; nucleobase-containing compound metabolic process; 'de novo' pyrimidine nucleobase biosynthetic process; pyrimidine nucleotide biosynthetic process; UMP/dUMP kinase activity; nucleobase-containing compound kinase activity",NA,"(1 of 1) PTHR23359//PTHR23359:SF95 - NUCLEOTIDE KINASE // SUBFAMILY NOT NAMED","GO:0004127 GO:0005524 GO:0006139 GO:0006207 GO:0006221 GO:0009041 GO:0019205","KOG3079","K13800","PF13238","PTHR23359 PTHR23359:SF95",""
"777","Manes.16G079800.v8.1",244.35832942957,-0.367073424676988,0.115663041966242,-3.17364491229727,0.00150537733734113,0.031140192976942,"Manes.16G079800","","","calcium ion binding",NA,"(1 of 1) PF00036//PF13499//PF13833 - EF hand (EF-hand_1) // EF-hand domain pair (EF-hand_7) // EF-hand domain pair (EF-hand_8)","GO:0005509","KOG0034","K06268","PF13499 PF13833","PTHR23056 PTHR23056:SF26","calcineurin B-like protein 10"
"778","Manes.08G020500.v8.1",305.35774244822,0.230768011107466,0.0727316305578035,3.17287003381649,0.00150940076261161,0.031183288505728,"Manes.08G020500","","","base-excision repair; 4 iron, 4 sulfur cluster binding",NA,"(1 of 6) 3.2.2.27 - Uracil-DNA glycosylase / Uracil-DNA N-glycosylase","GO:0006284 GO:0051539","","","PF15628 PF15629","PTHR10359 PTHR10359:SF22",""
"779","Manes.02G034500.v8.1",1253.30202383946,-0.286966082655341,0.0905528292851755,-3.16904601347801,0.00152940180443655,0.0313147454811575,"Manes.02G034500","","","",NA,"(1 of 56) PF14368 - Probable lipid transfer (LTP_2)","","","","PF14368","PTHR33044 PTHR33044:SF37","Bifunctional inhibitor/lipid-transfer protein/seed storage 2S albumin superfamily protein"
"780","Manes.02G054800.v8.1",112.509861551368,-0.123013660805376,0.0388106777082088,-3.16958291041019,0.00152657898038634,0.0313147454811575,"Manes.02G054800","","","exocyst; exocytosis",NA,"(1 of 3) PTHR12542:SF34 - EXOCYST SUBUNIT EXO70 FAMILY PROTEIN E1","GO:0000145 GO:0006887","","K07195","PF03081","PTHR12542 PTHR12542:SF34","exocyst subunit exo70 family protein E1"
"781","Manes.03G199200.v8.1",146.898016648693,-0.138632191546893,0.0437294429036784,-3.17022542117114,0.00152320718230273,0.0313147454811575,"Manes.03G199200","","","protein binding",NA,"(1 of 2) PTHR22904//PTHR22904:SF169 - TPR REPEAT CONTAINING PROTEIN // RNA POLYMERASE II-ASSOCIATED PROTEIN 3","GO:0005515","","","PF13414","PTHR22904 PTHR22904:SF169","Tetratricopeptide repeat (TPR)-like superfamily protein"
"782","Manes.05G048400.v8.1",112.37316194419,-0.72893097385132,0.229939801986908,-3.17009481417586,0.00152389203181568,0.0313147454811575,"Manes.05G048400","","","",NA,"(1 of 25) PF00234 - Protease inhibitor/seed storage/LTP family (Tryp_alpha_amyl)","","","","PF00234","PTHR31731","Bifunctional inhibitor/lipid-transfer protein/seed storage 2S albumin superfamily protein"
"783","Manes.10G087000.v8.1",516.168174268694,0.425062303715393,0.134118610753609,3.16930142153262,0.00152805835551903,0.0313147454811575,"Manes.10G087000","","","",NA,"(1 of 1) PTHR31412//PTHR31412:SF2 - FAMILY NOT NAMED // ZINC METALLOPEPTIDASE EGY3, CHLOROPLASTIC-RELATED","","","","","PTHR31412 PTHR31412:SF2","ethylene-dependent gravitropism-deficient and yellow-green-like 3"
"784","Manes.15G011700.v8.1",58067.5729451843,-0.223811950240883,0.0706132518525932,-3.16954600402904,0.00152677286805613,0.0313147454811575,"Manes.15G011700","","","",NA,"(1 of 4) KOG1727 - Microtubule-binding protein (translationally controlled tumor protein)","","KOG1727","","PF00838","PTHR11991","Methionine sulfoxide reductase (MSS4-like) family protein"
"785","Manes.16G010500.v8.1",222.590940943493,0.193689193527111,0.0610804015669625,3.17105304742913,0.00151887403558848,0.0313147454811575,"Manes.16G010500","PWY-6002; PWY-7089; PWY-5176; PWY-7092; PWY-7091; PWY-3121","lotaustralin degradation; taxiphyllin bioactivation; coumarin biosynthesis (via 2-coumarate); neolinustatin bioactivation; linustatin bioactivation; linamarin degradation","hydrolase activity, hydrolyzing O-glycosyl compounds; carbohydrate metabolic process",NA,"(1 of 5) K05350 - beta-glucosidase (bglB)","GO:0004553 GO:0005975","","K05350","PF00232","PTHR10353 PTHR10353:SF27","beta-glucosidase 47"
"786","Manes.16G132100.v8.1",556.358878100559,-0.146214245785377,0.0461492208184406,-3.16829283771899,0.0015333698533208,0.0313560479038489,"Manes.16G132100","","","mitotic anaphase; outer kinetochore; spindle microtubule; chromosome segregation; microtubule binding; regulation of microtubule polymerization or depolymerization; cell division",NA,"(1 of 1) PTHR32017//PTHR32017:SF3 - FAMILY NOT NAMED // SPINDLE AND KINETOCHORE-ASSOCIATED PROTEIN 2","GO:0000090 GO:0000940 GO:0005876 GO:0007059 GO:0007067 GO:0008017 GO:0031110 GO:0051301","","","PF16740","PTHR32017 PTHR32017:SF3","(1 of 1) PTHR32017:SF3 - SPINDLE AND KINETOCHORE-ASSOCIATED PROTEIN 2"
"787","Manes.05G055300.v8.1",22.8416301293208,0.289978013359967,0.0915380750844287,3.16784041058882,0.00153575798746623,0.0313649785674011,"Manes.05G055300","TRNA-CHARGING-PWY","tRNA charging","nucleotide binding; glycine-tRNA ligase activity; ATP binding; cytoplasm; glycyl-tRNA aminoacylation",NA,"(1 of 1) K14164 - glycyl-tRNA synthetase (glyQS)","GO:0000166 GO:0004820 GO:0005524 GO:0005737 GO:0006426","","K14164","PF02091 PF02092","PTHR30075 PTHR30075:SF3","glycine-tRNA ligases"
"788","Manes.18G107800.v8.1",182.065533350311,0.196063342608098,0.0618996891344967,3.16743662770403,0.00153789224565631,0.0313687082035963,"Manes.18G107800","","","protein binding",NA,"(1 of 5) PF00646//PF08268 - F-box domain (F-box) // F-box associated domain (FBA_3)","GO:0005515","","","PF00646 PF08268","PTHR31790 PTHR31790:SF9",""
"789","Manes.12G045900.v8.1",101.199857400549,-0.328178886688279,0.103623297124683,-3.16703768162678,0.00154000362061257,0.0313719622232014,"Manes.12G045900","","","protein binding; zinc ion binding",NA,"(1 of 2) PTHR12183:SF11 - C3HC4 TYPE RING-FINGER PROTEIN-RELATED","GO:0005515 GO:0008270","","","PF13920","PTHR12183 PTHR12183:SF11","RING/U-box superfamily protein"
"790","Manes.05G088000.v8.1",63.5119682513362,-0.277911575323278,0.0877769730391683,-3.16611026446841,0.00154492218688922,0.0314312720659331,"Manes.05G088000","","","",NA,"(1 of 2) PTHR13833:SF42 - NHL DOMAIN-CONTAINING PROTEIN","","","","","PTHR13833 PTHR13833:SF42","NHL domain-containing protein"
"791","Manes.08G127700.v8.1",56.7011519162801,-0.351712125036979,0.111099076956185,-3.16575199968302,0.00154682611859348,0.0314312720659331,"Manes.08G127700","PWY-6606; PWY-6608","guanosine nucleotides degradation II; guanosine nucleotides degradation III","zinc ion binding",NA,"(1 of 2) 3.5.4.3 - Guanine deaminase / Guanine aminase","GO:0008270","KOG1018","","PF00383","PTHR11079 PTHR11079:SF90","Cytidine/deoxycytidylate deaminase family protein"
"792","Manes.14G023900.v8.1",410.59945293312,0.240708449936118,0.0761129228938742,3.16251749090943,0.00156411339184408,0.031742417357462,"Manes.14G023900","","","protein binding",NA,"(1 of 108) PF00168 - C2 domain (C2)","GO:0005515","","","PF00168","PTHR32246 PTHR32246:SF17","Calcium-dependent lipid-binding (CaLB domain) family protein"
"793","Manes.03G029000.v8.1",657.059963217227,-0.166764203038906,0.0527533544407534,-3.16120566752199,0.00157117518012243,0.0317692643674077,"Manes.03G029000","PWY-7279; PWY-3781","aerobic respiration II (cytochrome c) (yeast); aerobic respiration I (cytochrome c)","",NA,"(1 of 3) 1.10.2.2//3.4.24.64 - Quinol--cytochrome-c reductase / Ubiquinone--cytochrome-c oxidoreductase // Mitochondrial processing peptidase / Processing enhancing peptidase","","","K01412","PF00675 PF05193","PTHR11851 PTHR11851:SF145","mitochondrial processing peptidase alpha subunit"
"794","Manes.07G101600.v8.1",932.508207637493,0.131898200923957,0.0417293179197646,3.16080414200791,0.0015733425269991,0.0317692643674077,"Manes.07G101600","","","RNA binding; protein binding",NA,"(1 of 1) K14327 - regulator of nonsense transcripts 2 (UPF2, RENT2)","GO:0003723 GO:0005515","","K14327","PF02854 PF04050","PTHR12839","binding;RNA binding"
"795","Manes.13G060000.v8.1",1060.36482881583,0.374599947284208,0.118501440396728,3.16114256527259,0.00157151561009637,0.0317692643674077,"Manes.13G060000","","","protein binding; zinc ion binding",NA,"(1 of 3) K16285 - RING/U-box domain-containing protein (XERICO)","GO:0005515 GO:0008270","","K16285","PF13639","PTHR14155 PTHR14155:SF184","RING/U-box superfamily protein"
"796","Manes.14G062800.v8.1",95.0693072580034,0.36310356323215,0.11484701425178,3.16162823733593,0.00156889720985256,0.0317692643674077,"Manes.14G062800","PWY-7601; PWY-6433; PWY-7619; PWY-7606; PWY-5080; PWY-7036; PWY-6598; PWY-7726","arachidonate biosynthesis IV (8-detaturase, lower eukaryotes); hydroxylated fatty acid biosynthesis (plants); juniperonate biosynthesis; docosahexaenoate biosynthesis III (6-desaturase, mammals); very long chain fatty acid biosynthesis I; very long chain fatty acid biosynthesis II; sciadonate biosynthesis; (4Z,7Z,10Z,13Z,16Z)-docosa-4,7,10,13,16-pentaenoate biosynthesis (6-desaturase)","metabolic process; oxidoreductase activity",NA,"(1 of 1) PTHR24320//PTHR24320:SF100//PTHR24320:SF81 - FAMILY NOT NAMED // SUBFAMILY NOT NAMED // NAD(P)-BINDING ROSSMANN-FOLD SUPERFAMILY PROTEIN","GO:0008152 GO:0016491","KOG1208","","PF00106","PTHR24320 PTHR24320:SF100","NAD(P)-binding Rossmann-fold superfamily protein"
"797","Manes.18G054500.v8.1",108.618771456584,0.138184248845635,0.043732248943445,3.15977916032482,0.00157888764223104,0.0318412309580672,"Manes.18G054500","","","",NA,"(1 of 1) PTHR15245//PTHR15245:SF20 - SYMPLEKIN-RELATED // SYMPLEKIN","","KOG1895","K06100","PF11935 PF12295","PTHR15245 PTHR15245:SF20","(1 of 1) PTHR15245:SF20 - SYMPLEKIN"
"798","Manes.01G007600.v8.1",40.4298243472369,0.285106509081306,0.090262057538842,3.15865289198197,0.00158500145908304,0.0319244717441626,"Manes.01G007600","","","DNA-binding transcription factor activity; regulation of DNA-templated transcription; sequence-specific DNA binding",NA,"(1 of 3) K18835 - WRKY transcription factor 2 (WRKY2)","GO:0003700 GO:0006355 GO:0043565","","K18835","PF03106","PTHR31221 PTHR31221:SF10","WRKY DNA-binding protein 2"
"799","Manes.01G011000.v8.1",117.524249678082,0.202865522845312,0.0642497870554171,3.15745050906294,0.00159155250388656,0.0320162996182336,"Manes.01G011000","","","RNA binding",NA,"(1 of 1) PTHR31846:SF4 - CRS1 / YHBY (CRM) DOMAIN-CONTAINING PROTEIN","GO:0003723","KOG1990","","PF01985","PTHR31846 PTHR31846:SF4","CRS1 / YhbY (CRM) domain-containing protein"
"800","Manes.04G138300.v8.1",11.6859429702921,1.09482636362719,0.346789066306255,3.15703829791546,0.00159380412018034,0.0320215170295733,"Manes.04G138300","","","",NA,"(1 of 10) PTHR11527//PTHR11527:SF152 - SMALL HEAT-SHOCK PROTEIN  HSP20  FAMILY // SUBFAMILY NOT NAMED","","KOG0710","K13993","PF00011","PTHR11527 PTHR11527:SF152","heat shock protein 18.2"
"801","Manes.11G064700.v8.1",37.2040664940511,-0.492975668460254,0.156182703831721,-3.15640372695436,0.00159727606235302,0.0320512086769039,"Manes.11G064700","","","metal ion binding",NA,"","GO:0046872","","","","","zinc-finger protein 1"
"802","Manes.09G103400.v8.1",64.6660795438836,-0.159195182203702,0.0504527139495385,-3.1553343664114,0.00160314263436988,0.0321288174092606,"Manes.09G103400","","","protein homooligomerization",NA,"(1 of 2) KOG2714 - SETA binding protein SB1 and related proteins, contain BTB/POZ domain","GO:0051260","KOG2714","","PF02214","PTHR11145","BTB/POZ domain-containing protein"
"803","Manes.01G175500.v8.1",191.914675322023,-0.415905118279248,0.131834058547941,-3.15476230391562,0.00160628913843082,0.0321517874495623,"Manes.01G175500","PWY-5337","stachyose biosynthesis","",NA,"(1 of 2) PTHR31268//PTHR31268:SF5 - FAMILY NOT NAMED // GALACTINOL--SUCROSE GALACTOSYLTRANSFERASE 6-RELATED","","","K06617","PF05691","PTHR31268 PTHR31268:SF5","Raffinose synthase family protein"
"804","Manes.01G269600.v8.1",8.33921503014393,-0.648059001469478,0.205651577250182,-3.15124741630887,0.00162574709869824,0.0322790547724745,"Manes.01G269600","","","",NA,"(1 of 2) PTHR15615:SF15 - CYCLIN-U2-1-RELATED","","KOG1674","","PF00134","PTHR15615 PTHR15615:SF15","cyclin p3;1"
"805","Manes.04G097500.v8.1",145.547484653191,0.447729250795863,0.14205908141517,3.15171157194355,0.00162316522043736,0.0322790547724745,"Manes.04G097500","","","ubiquitin-protein transferase activity; protein binding; zinc ion binding; protein ubiquitination; metal ion binding",NA,"(1 of 5) K11975 - E3 ubiquitin-protein ligase RNF144 [EC:6.3.2.19] (RNF144)","GO:0004842 GO:0005515 GO:0008270 GO:0016567 GO:0046872","KOG1812","K11975","PF00097 PF01485","PTHR11685 PTHR11685:SF149","RING/U-box superfamily protein"
"806","Manes.07G095400.v8.1",34.4703862136558,-0.729279774189935,0.231373416466772,-3.15196008826998,0.0016217843933426,0.0322790547724745,"Manes.07G095400","","","",NA,"(1 of 2) PTHR22950//PTHR22950:SF240 - AMINO ACID TRANSPORTER // TRANSMEMBRANE AMINO ACID TRANSPORTER-RELATED","","KOG1303","K15015","PF01490","PTHR22950 PTHR22950:SF240","Transmembrane amino acid transporter family protein"
"807","Manes.10G033600.v8.1",1874.92556084763,-0.158935969270312,0.050427622335362,-3.15176409098431,0.0016228733196331,0.0322790547724745,"Manes.10G033600","","","actin binding; intracellular anatomical structure; actin cytoskeleton; actin filament depolymerization",NA,"(1 of 6) PTHR11913//PTHR11913:SF22 - COFILIN-RELATED // ACTIN-DEPOLYMERIZING FACTOR 1-RELATED","GO:0003779 GO:0005622 GO:0015629 GO:0030042","KOG1735","K05765","PF00241","PTHR11913 PTHR11913:SF22","actin depolymerizing factor 1"
"808","Manes.10G067700.v8.1",152.314196134326,-0.955115220323516,0.303054242107322,-3.15163125149483,0.00162361173491641,0.0322790547724745,"Manes.10G067700","PWY-5271","phaseic acid biosynthesis","monooxygenase activity; iron ion binding; oxidoreductase activity, acting on paired donors, with incorporation or reduction of molecular oxygen; heme binding",NA,"(1 of 3) PTHR24286//PTHR24286:SF10 - FAMILY NOT NAMED // ABSCISIC ACID 8'-HYDROXYLASE 1-RELATED","GO:0004497 GO:0005506 GO:0016705 GO:0020037 GO:0055114","KOG0157","K09843","PF00067","PTHR24286 PTHR24286:SF10","cytochrome P450, family 707, subfamily A, polypeptide 3"
"809","Manes.12G158500.v8.1",289.386551481706,-0.163113636749398,0.051763145312029,-3.15115389078748,0.0016262677942437,0.0322790547724745,"Manes.12G158500","","","",NA,"","","","","","PTHR24015 PTHR24015:SF716",""
"810","Manes.17G046300.v8.1",76.2409066436795,-1.07822125834264,0.342175653110803,-3.15107532795004,0.0016267053049029,0.0322790547724745,"Manes.17G046300","","","",NA,"(1 of 2) PTHR31579//PTHR31579:SF11 - FAMILY NOT NAMED // EXPRESSED PROTEIN","","","","PF04720","PTHR31579 PTHR31579:SF11","Protein of unknown function (DUF506)"
"811","Manes.01G246200.v8.1",173.88189497418,0.220107146166845,0.069914797391011,3.14821975290662,0.00164268150916735,0.0323799588612101,"Manes.01G246200","","","",NA,"(1 of 1) PTHR34962:SF1 - PROTEIN EMBRYO DEFECTIVE 1703","","","","","PTHR34962 PTHR34962:SF1","embryo defective 1703"
"812","Manes.04G064900.v8.1",18.165112926481,0.319323531893412,0.101400269015301,3.14913890263179,0.00163752341462004,0.0323799588612101,"Manes.04G064900","","","xenobiotic transmembrane transport; antiporter activity; membrane; transmembrane transport",NA,"(1 of 1) PTHR11206//PTHR11206:SF149 - MULTIDRUG RESISTANCE PROTEIN // MATE EFFLUX FAMILY PROTEIN 3, CHLOROPLASTIC","GO:0006855 GO:0015238 GO:0015297 GO:0016020 GO:0055085","KOG1347","","PF01554","PTHR11206 PTHR11206:SF149","MATE efflux family protein"
"813","Manes.04G077800.v8.1",108.127717248118,-0.168316118726654,0.0534675177288617,-3.14800697463083,0.00164387770987043,0.0323799588612101,"Manes.04G077800","","","magnesium ion transmembrane transporter activity; magnesium ion transport",NA,"(1 of 11) KOG2922 - Uncharacterized conserved protein","GO:0015095 GO:0015693 GO:0016021","KOG2922","","PF05653","PTHR12570 PTHR12570:SF11","Protein of unknown function (DUF803)"
"814","Manes.08G163700.v8.1",28.0434102069632,0.370716601329175,0.11770768979164,3.14946799130454,0.0016356802576914,0.0323799588612101,"Manes.08G163700","","","",NA,"(1 of 5) PF13401 - AAA domain (AAA_22)","","KOG4658","","PF13401","PTHR23155 PTHR23155:SF554",""
"815","Manes.09G182400.v8.1",181.901182039078,0.170598857383081,0.0541821702329641,3.14861617114203,0.00164045505407074,0.0323799588612101,"Manes.09G182400","PWY-5918; PWY-5188; TRNA-CHARGING-PWY","superpathay of heme biosynthesis from glutamate; tetrapyrrole biosynthesis I (from glutamate); tRNA charging","nucleotide binding; aminoacyl-tRNA ligase activity; glutamate-tRNA ligase activity; ATP binding; cytoplasm; tRNA aminoacylation for protein translation; glutamyl-tRNA aminoacylation; tRNA aminoacylation",NA,"(1 of 3) K01885 - glutamyl-tRNA synthetase (EARS, gltX)","GO:0000166 GO:0004812 GO:0004818 GO:0005524 GO:0005737 GO:0006418 GO:0006424 GO:0016876 GO:0043039","","K01885","PF00749 PF03950 PF14497","PTHR11451 PTHR11451:SF37","Glutamyl/glutaminyl-tRNA synthetase, class Ic"
"816","Manes.14G008200.v8.1",1741.90296679362,-0.137641659333594,0.0437118218420451,-3.1488428881086,0.00163918296277299,0.0323799588612101,"Manes.14G008200","PWY-6126; PWY-841; PWY-7229; PWY-7219","superpathway of adenosine nucleotides <i>de novo</i> biosynthesis II; superpathway of purine nucleotides <i>de novo</i> biosynthesis I; superpathway of adenosine nucleotides <i>de novo</i> biosynthesis I; adenosine ribonucleotides <i>de novo</i> biosynthesis","ATP binding; proton-transporting two-sector ATPase complex, catalytic domain; proton-transporting V-type ATPase, V1 domain; ATP metabolic process; proton-transporting ATPase activity, rotational mechanism",NA,"(1 of 2) K02145 - V-type H+-transporting ATPase subunit A (ATPeV1A, ATP6A)","GO:0005524 GO:0015991 GO:0015992 GO:0016820 GO:0033178 GO:0033180 GO:0046034 GO:0046961","","K02145","PF00006 PF00306 PF02874 PF16886","PTHR15184 PTHR15184:SF7","vacuolar ATP synthase subunit A"
"817","Manes.13G009400.v8.1",18.0959264080753,-0.34265142562316,0.108868333892158,-3.14739294129899,0.00164733418903216,0.0324083260958555,"Manes.13G009400","","","DNA binding; nucleus",NA,"(1 of 26) PF03110 - SBP domain (SBP)","GO:0003677 GO:0005634","","","PF03110","PTHR31251 PTHR31251:SF19",""
"818","Manes.10G060650.v8.1",20302.2429823352,-0.244002025240631,0.07756460113085,-3.14579101398336,0.00165638316698363,0.0325465117884204,"Manes.10G060650","","","heat shock protein binding; unfolded protein binding",NA,"(1 of 6) K09503 - DnaJ homolog subfamily A member 2 (DNAJA2)","GO:0031072 GO:0051082","KOG0712","K09503","PF00226 PF00684 PF01556","PTHR24078 PTHR24078:SF237","DNAJ homologue 3"
"819","Manes.13G085000.v8.1",94.5652821473988,0.207095747155917,0.0658451191900054,3.14519511398123,0.00165976094581328,0.0325536184776765,"Manes.13G085000","","","DNA binding; ATP binding; hydrolase activity",NA,"(1 of 1) PTHR10799//PTHR10799:SF654 - SWI/SNF-RELATED MATRIX-ASSOCIATED ACTIN-DEPENDENT REGULATOR OF CHROMATIN SUBFAMILY-RELATED // SUBFAMILY NOT NAMED","GO:0003677 GO:0005524 GO:0016787","","","PF00271 PF04851","PTHR10799 PTHR10799:SF654","chromatin remodeling 24"
"820","Manes.14G111700.v8.1",869.685969585484,0.204120729937955,0.0649029883695822,3.14501281166923,0.00166079556720554,0.0325536184776765,"Manes.14G111700","","","",NA,"(1 of 1) KOG1049 - Polyadenylation factor I complex, subunit FIP1","","KOG1049","","PF05182","PTHR36884 PTHR36884:SF1","homolog of yeast FIP1 [V]"
"821","Manes.02G192200.v8.1",52.3541649615444,0.298232960211825,0.0948772089987003,3.14335722308095,0.00167021873972595,0.0326984479946593,"Manes.02G192200","","","protein kinase activity; protein tyrosine kinase activity; calcium ion binding; ATP binding; protein phosphorylation",NA,"(1 of 2) PTHR24349//PTHR24349:SF117 - SERINE/THREONINE-PROTEIN KINASE // SUBFAMILY NOT NAMED","GO:0004672 GO:0004713 GO:0005509 GO:0005524 GO:0006468","KOG0032","K13412","PF07714 PF13499","PTHR24349 PTHR24349:SF117","calcium-dependent protein kinase 2"
"822","Manes.01G125800.v8.1",10.597906721312,0.40940214321261,0.130390151559894,3.13982412256461,0.00169049292429083,0.0329347049705754,"Manes.01G125800","","","membrane",NA,"(1 of 1) PTHR22911//PTHR22911:SF60 - ACYL-MALONYL CONDENSING ENZYME-RELATED // SUBFAMILY NOT NAMED","GO:0016020 GO:0016021","","","PF00892","PTHR22911 PTHR22911:SF60","nodulin MtN21 /EamA-like transporter family protein"
"823","Manes.01G232000.v8.1",18.623124165809,-0.667364210269699,0.212565229793399,-3.13957372482009,0.00169193835108391,0.0329347049705754,"Manes.01G232000","","","solute:inorganic anion antiporter activity; monoatomic anion transport; membrane",NA,"(1 of 2) PTHR11453:SF44 - BORON TRANSPORTER 1-RELATED","GO:0005452 GO:0006820 GO:0016020 GO:0016021","","","PF00955","PTHR11453 PTHR11453:SF44","HCO3- transporter family"
"824","Manes.03G211400.v8.1",90.6675473623424,-0.185224808807155,0.0589925738551174,-3.1397987357198,0.00169063941868174,0.0329347049705754,"Manes.03G211400","","","",NA,"(1 of 3) PTHR11132//PTHR11132:SF80 - SOLUTE CARRIER FAMILY 35 // SUBFAMILY NOT NAMED","","KOG1441","","PF03151","PTHR11132 PTHR11132:SF80","Nucleotide-sugar transporter family protein"
"825","Manes.06G038400.v8.1",18.1518121525478,-0.357385999861641,0.113804219199982,-3.14035808491096,0.0016874144072317,0.0329347049705754,"Manes.06G038400","","","calmodulin binding; response to stress",NA,"(1 of 2) PTHR31713//PTHR31713:SF11 - FAMILY NOT NAMED // CALMODULIN-BINDING PROTEIN-RELATED","GO:0005516 GO:0006950","","","PF07887","PTHR31713 PTHR31713:SF11","Calmodulin-binding protein"
"826","Manes.07G094600.v8.1",270.008539609284,0.162337149425316,0.0517084413781627,3.13947094707584,0.00169253196700649,0.0329347049705754,"Manes.07G094600","","","",NA,"(1 of 1) PTHR11125:SF8 - KOW DOMAIN-CONTAINING TRANSCRIPTION FACTOR 1","","KOG1999","","PF03439","PTHR11125 PTHR11125:SF8","kow domain-containing transcription factor 1"
"827","Manes.03G190300.v8.1",147.0043248975,0.155431945891812,0.0495150607258431,3.13908422232204,0.00169476729961502,0.0329383250383462,"Manes.03G190300","","","",NA,"(1 of 3) PTHR24078:SF224 - DNAJ DOMAIN-CONTAINING PROTEIN","","","","PF00226 PF11926","PTHR24078 PTHR24078:SF224","DNAJ heat shock N-terminal domain-containing protein"
"828","Manes.15G113200.v8.1",60.4264458353812,-0.62679583884003,0.199750500707967,-3.13789370549012,0.00170166574090498,0.0330324558617945,"Manes.15G113200","","","",NA,"","","","","","PTHR35714 PTHR35714:SF1",""
"829","Manes.01G152100.v8.1",257.598491381811,0.380139010690519,0.121275640391928,3.13450425379755,0.00172144758004387,0.0332055350912784,"Manes.01G152100","","","",NA,"(1 of 2) PTHR11106//PTHR11106:SF58 - GANGLIOSIDE INDUCED DIFFERENTIATION ASSOCIATED PROTEIN 2-RELATED // SUBFAMILY NOT NAMED","","KOG2633","","PF13716","PTHR11106 PTHR11106:SF58","SEC14 cytosolic factor family protein / phosphoglyceride transfer family protein"
"830","Manes.03G098848.v8.1",230.9276301839,-0.16801232186769,0.0535873250635029,-3.13529965656225,0.00171678647592993,0.0332055350912784,"Manes.03G098848","","","hydrolase activity, hydrolyzing O-glycosyl compounds; carbohydrate metabolic process",NA,"(1 of 2) PTHR32227//PTHR32227:SF48 - FAMILY NOT NAMED // GLUCAN ENDO-1,3-BETA-GLUCOSIDASE 4","GO:0004553 GO:0005975","","","PF00332 PF07983","PTHR32227 PTHR32227:SF48","O-Glycosyl hydrolases family 17 protein"
"831","Manes.09G160900.v8.1",19.0782102142036,0.39294816772914,0.125400688035073,3.13354076350232,0.00172710927246368,0.0332055350912784,"Manes.09G160900","PWY-6163; ARO-PWY","chorismate biosynthesis from 3-dehydroquinate; chorismate biosynthesis I","3-dehydroquinate dehydratase activity; shikimate 3-dehydrogenase (NADP+) activity",NA,"(1 of 1) PTHR21089//PTHR21089:SF10 - SHIKIMATE DEHYDROGENASE // SUBFAMILY NOT NAMED","GO:0003855 GO:0004764 GO:0055114","KOG0692","K13832","PF01487 PF08501","PTHR21089 PTHR21089:SF10",""
"832","Manes.14G122400.v8.1",42.5439096861449,0.282462498831681,0.0901365498454277,3.13371766853809,0.00172606845576245,0.0332055350912784,"Manes.14G122400","","","cytoplasm; glycolipid transfer activity; glycolipid transport; glycolipid binding",NA,"(1 of 3) PTHR10219//PTHR10219:SF28 - GLYCOLIPID TRANSFER PROTEIN-RELATED // SUBFAMILY NOT NAMED","GO:0005737 GO:0017089 GO:0046836 GO:0051861","KOG4189","","PF08718","PTHR10219 PTHR10219:SF28","Glycolipid transfer protein (GLTP) family protein"
"833","Manes.15G124650.v8.1",163.760146745731,0.125561970794707,0.0400553027405327,3.13471531118023,0.00172020963909808,0.0332055350912784,"Manes.15G124650","","","nucleus; zinc ion binding",NA,"(1 of 2) PTHR15835//PTHR15835:SF6 - FAMILY NOT NAMED // F20D23.9 PROTEIN","GO:0005634 GO:0008270","KOG4765","","PF07967","PTHR15835 PTHR15835:SF6","IAP-like protein 1"
"834","Manes.16G030100.v8.1",114.983045137568,0.256236067162018,0.081740862933072,3.13473650714722,0.00172008536102361,0.0332055350912784,"Manes.16G030100","","","metal ion binding",NA,"(1 of 62) PF00642 - Zinc finger C-x8-C-x5-C-x3-H type (and similar) (zf-CCCH)","GO:0046872","","","PF00642","PTHR36886","Zinc finger C-x8-C-x5-C-x3-H type family protein"
"835","Manes.17G019500.v8.1",36.4112816172528,0.379680849709691,0.12114628078112,3.13406938505752,0.00172400085293309,0.0332055350912784,"Manes.17G019500","","","phosphorelay signal transduction system",NA,"(1 of 2) PTHR31312:SF2 - TWO-COMPONENT RESPONSE REGULATOR-LIKE APRR2","GO:0000160","","","PF00072 PF00249","PTHR31312 PTHR31312:SF2","CheY-like two-component responsive regulator family protein"
"836","Manes.17G106401.v8.1",287.670662214832,0.151670204202827,0.0483986134189461,3.13377168246424,0.00172575078103592,0.0332055350912784,"Manes.17G106401","","","electron transfer activity; heme binding",NA,"(1 of 2) K00413 - ubiquinol-cytochrome c reductase cytochrome c1 subunit (CYC1, CYT1, petC)","GO:0009055 GO:0020037","","K00413","PF02167","PTHR10266","Cytochrome C1 family"
"837","Manes.07G024600.v8.1",141.87309760849,-0.126648826923016,0.0404301996427752,-3.13253033727347,0.00173306516261908,0.0332150719328075,"Manes.07G024600","","","",NA,"(1 of 11) PF01823 - MAC/Perforin domain (MACPF)","","","","PF01823","PTHR33199 PTHR33199:SF1","MAC/Perforin domain-containing protein"
"838","Manes.09G003900.v8.1",31.3955900597063,-0.305490206874354,0.0975360896822789,-3.13207355215367,0.00173576384614326,0.0332150719328075,"Manes.09G003900","","","protein binding",NA,"(1 of 166) PF00646 - F-box domain (F-box)","GO:0005515","","","PF00646","PTHR31482 PTHR31482:SF2",""
"839","Manes.10G142700.v8.1",450.337796566673,0.168281242739913,0.0537286934671221,3.13205536708033,0.00173587136337699,0.0332150719328075,"Manes.10G142700","","","nucleus",NA,"(1 of 1) PTHR12202//PTHR12202:SF0 - UNCHARACTERIZED // PROTEIN F58B3.4","GO:0005634","KOG2318","","PF08159","PTHR12202 PTHR12202:SF0","(1 of 1) PTHR12202:SF0 - PROTEIN F58B3.4"
"840","Manes.15G170100.v8.1",150.669165747666,0.172789142167297,0.0551640545356792,3.13227777801467,0.00173455680381879,0.0332150719328075,"Manes.15G170100","PWY-5464; PWY-5723; PWY-1042; ANAGLYCOLYSIS-PWY; ANAEROFRUCAT-PWY","superpathway of cytosolic glycolysis (plants), pyruvate dehydrogenase and TCA cycle; Rubisco shunt; glycolysis IV (plant cytosol); glycolysis III (from glucose); homolactic fermentation","magnesium ion binding; pyruvate kinase activity; glycolytic process; potassium ion binding","carb","(1 of 1) PTHR11817//PTHR11817:SF26 - PYRUVATE KINASE // PLASTIDIAL PYRUVATE KINASE 3, CHLOROPLASTIC","GO:0000287 GO:0004743 GO:0006096 GO:0030955","","K00873","PF00224 PF02887","PTHR11817 PTHR11817:SF26","plastidial pyruvate kinase 3"
"841","Manes.09G049300.v8.1",177.109018037365,0.17488244703356,0.0558444304839526,3.13160051088378,0.00173856264338824,0.0332270123272047,"Manes.09G049300","","","nucleic acid binding; zinc ion binding",NA,"(1 of 8) PF00076//PF00098 - RNA recognition motif. (a.k.a. RRM, RBD, or RNP domain) (RRM_1) // Zinc knuckle (zf-CCHC)","GO:0003676 GO:0008270","","","PF00076 PF00098","PTHR24012",""
"842","Manes.10G028100.v8.1",153.505659168086,-0.268282597522905,0.0856880452616254,-3.13092213393101,0.00174258357328129,0.0332439820751568,"Manes.10G028100","","","aspartic-type endopeptidase activity; proteolysis",NA,"(1 of 3) PTHR13683//PTHR13683:SF347 - ASPARTYL PROTEASES // CYSTEINE-RICH PEPTIDE FAMILY PROTEIN","GO:0004190 GO:0006508","KOG1339","","PF00026","PTHR13683 PTHR13683:SF347","Eukaryotic aspartyl protease family protein"
"843","Manes.13G047500.v8.1",115.32410491986,0.241303093245644,0.0770750967578323,3.13075303692205,0.00174358718903485,0.0332439820751568,"Manes.13G047500","","","",NA,"(1 of 21) PF04576 - Zein-binding (Zein-binding)","","","","PF04576","PTHR31422 PTHR31422:SF3",""
"844","Manes.15G045800.v8.1",34.110072045278,-0.26195452563353,0.0836809658090536,-3.13039558161013,0.00174571048863519,0.0332450292462481,"Manes.15G045800","","","",NA,"","","","","","PTHR38932",""
"845","Manes.17G095600.v8.1",115.609262324539,0.16998720617424,0.0543407281203311,3.12817314110741,0.0017589653097812,0.0334578099693647,"Manes.17G095600","","","",NA,"","","","","","PTHR36011",""
"846","Manes.01G047900.v8.1",80.8766799930724,0.187524556551372,0.0599803060721195,3.12643547243482,0.00176939329719272,0.0335022485244511,"Manes.01G047900","","","protein kinase activity; protein binding; ATP binding; protein phosphorylation",NA,"(1 of 1) PTHR22847//PTHR22847:SF443 - WD40 REPEAT PROTEIN // PROTEIN SPA1-RELATED 2","GO:0004672 GO:0005515 GO:0005524 GO:0006468","KOG1033","K16240","PF00069 PF00400","PTHR22847 PTHR22847:SF443","SPA1-related 2"
"847","Manes.04G030400.v8.1",178.861740595092,-0.474995596956203,0.151909502348825,-3.12683268401135,0.00176700457768255,0.0335022485244511,"Manes.04G030400","","","transporter activity; transport; membrane",NA,"(1 of 13) K09873 - aquaporin TIP (TIP)","GO:0005215 GO:0006810 GO:0016020","KOG0223","K09873","PF00230","PTHR19139 PTHR19139:SF55",""
"848","Manes.05G205900.v8.1",61.1009617534925,0.282483545141788,0.0903544109514721,3.1263946294056,0.0017696390840079,0.0335022485244511,"Manes.05G205900","","","",NA,"(1 of 1) K17787 - altered inheritance of mitochondria protein 5 (AIM5)","GO:0016021","","K17787","PF03040","PTHR33650 PTHR33650:SF1","CemA-like proton extrusion protein-related"
"849","Manes.17G020550.v8.1",172.965666076433,0.144725292132667,0.0462890396468297,3.12655637785692,0.00176866589165098,0.0335022485244511,"Manes.17G020550","","","",NA,"","","","","","PTHR31513 PTHR31513:SF2",""
"850","Manes.01G184800.v8.1",121.356891313983,0.25651640283353,0.0820855038086418,3.12499029586908,0.00177810925588157,0.0335174504298204,"Manes.01G184800","","","",NA,"(1 of 3) PTHR10460:SF10 - PROTEIN ABIL2-RELATED","","","","","PTHR10460 PTHR10460:SF10","ABL interactor-like protein 2"
"851","Manes.01G260200.v8.1",928.797493081003,0.175182361005862,0.0560605299056875,3.12487879262963,0.00177878337688277,0.0335174504298204,"Manes.01G260200","","","",NA,"","","","","","PTHR34286 PTHR34286:SF1",""
"852","Manes.03G013500.v8.1",130.174276339938,0.135993060318356,0.0435184801775312,3.12494967111856,0.00177835483587366,0.0335174504298204,"Manes.03G013500","","","phosphatidylinositol binding",NA,"(1 of 2) PTHR10555//PTHR10555:SF156 - SORTING NEXIN // PHOX (PX) DOMAIN-CONTAINING PROTEIN","GO:0035091","KOG1003","","PF00787","PTHR10555 PTHR10555:SF156","Phox (PX) domain-containing protein"
"853","Manes.04G093600.v8.1",78.9206405030459,0.239225030076305,0.0765536690146918,3.12493226197158,0.00177846008515675,0.0335174504298204,"Manes.04G093600","","","Ino80 complex",NA,"(1 of 2) PTHR13052//PTHR13052:SF2 - NFRKB-RELATED // SUBFAMILY NOT NAMED","GO:0031011","","","","PTHR13052 PTHR13052:SF2","(1 of 1) PTHR13052//PTHR13052:SF2 - NFRKB-RELATED"
"854","Manes.09G137000.v8.1",33.5466992661511,-0.383505678338994,0.122745667789404,-3.12439278098986,0.00178172442760864,0.0335335558840206,"Manes.09G137000","","","amino acid transmembrane transport; amino acid transmembrane transporter activity; membrane; transport; transmembrane transport",NA,"(1 of 3) K13863 - solute carrier family 7 (cationic amino acid transporter), member 1 (SLC7A1, ATRC1)","GO:0003333 GO:0015171 GO:0016020","KOG1286","K13863","PF13520 PF13906","PTHR11785 PTHR11785:SF411","cationic amino acid transporter 2"
"855","Manes.09G126800.v8.1",79.0300647171404,-0.3264761452214,0.104516181261244,-3.1236899519449,0.00178598543360122,0.033535214806393,"Manes.09G126800","PWY-5800","xylan biosynthesis","",NA,"(1 of 2) PTHR13301:SF72 - CELLULOSE SYNTHASE-LIKE PROTEIN D3","","KOG0320","","PF13632 PF14570","PTHR13301 PTHR13301:SF72","cellulose-synthase like D2"
"856","Manes.14G136000.v8.1",11.7719160594032,-1.17869534404973,0.377333794064888,-3.12374709763482,0.00178563862980652,0.033535214806393,"Manes.14G136000","","","",NA,"","","","","","PTHR38225 PTHR38225:SF1",""
"857","Manes.17G081300.v8.1",44.1824919856353,-0.518025822162549,0.165907598684363,-3.12237550462101,0.00179397961647815,0.0336460144406689,"Manes.17G081300","PWY-1081","homogalacturonan degradation","enzyme inhibitor activity",NA,"(1 of 2) PTHR31080//PTHR31080:SF10 - FAMILY NOT NAMED // PLANT INVERTASE/PECTIN METHYLESTERASE INHIBITOR DOMAIN-CONTAINING PROTEIN","GO:0004857","","","PF04043","PTHR31080 PTHR31080:SF10","Plant invertase/pectin methylesterase inhibitor superfamily protein"
"858","Manes.03G024100.v8.1",110.984427009448,0.224994998843323,0.0721076058039969,3.1202672219475,0.00180687044042527,0.03378495712265,"Manes.03G024100","","","nucleic acid binding; translation elongation factor activity; intracellular anatomical structure; translational elongation",NA,"(1 of 2) K02357 - elongation factor Ts (tsf, TSFM)","GO:0003676 GO:0003746 GO:0005622 GO:0006414","KOG1071","K02357","PF00575 PF00889","PTHR11741 PTHR11741:SF3","elongation factor Ts family protein"
"859","Manes.03G053700.v8.1",102.474307723786,-0.558221791246448,0.178946834300986,-3.11948402678936,0.00181168083360946,0.03378495712265,"Manes.03G053700","","","",NA,"","","","","","PTHR33172 PTHR33172:SF6",""
"860","Manes.07G026600.v8.1",213.954818319221,-0.231877325058684,0.0743123409452404,-3.12030709986046,0.00180662582420014,0.03378495712265,"Manes.07G026600","","","",NA,"","","","","","PTHR34116 PTHR34116:SF2",""
"861","Manes.12G058500.v8.1",911.034462474265,-0.191778687344482,0.0614706535500052,-3.11984135955987,0.00180948463378968,0.03378495712265,"Manes.12G058500","","","",NA,"(1 of 2) PTHR10766//PTHR10766:SF44 - TRANSMEMBRANE 9 SUPERFAMILY PROTEIN // ENDOMEMBRANE FAMILY PROTEIN 70","GO:0016021","","K17086","PF02990","PTHR10766 PTHR10766:SF44","Endomembrane protein 70 protein family"
"862","Manes.13G033900.v8.1",16.0155517881278,-0.815164778504688,0.261316932528251,-3.11944874990663,0.00181189778135534,0.03378495712265,"Manes.13G033900","","","",NA,"(1 of 3) PTHR10641//PTHR10641:SF523 - MYB-LIKE DNA-BINDING PROTEIN MYB // SUBFAMILY NOT NAMED","","KOG0048","K09422","PF00249","PTHR10641 PTHR10641:SF523","myb domain protein 14"
"863","Manes.01G082700.v8.1",868.438189626065,-0.131095149180374,0.0420577215093581,-3.11702927490269,0.0018268343034479,0.033830106216717,"Manes.01G082700","BRANCHED-CHAIN-AA-SYN-PWY; LEUSYN-PWY","superpathway of branched chain amino acid biosynthesis; L-leucine biosynthesis","metabolic process; hydro-lyase activity",NA,"(1 of 1) K01704 - 3-isopropylmalate/(R)-2-methylmalate dehydratase small subunit (leuD)","GO:0008152 GO:0016836","","K01704","PF00694","PTHR11670","Aconitase/3-isopropylmalate dehydratase protein"
"864","Manes.02G024900.v8.1",64.0358841719627,0.341200733407354,0.109426642788825,3.11807732295885,0.00182035038854569,0.033830106216717,"Manes.02G024900","","","DNA binding; nucleus",NA,"(1 of 2) PTHR34067//PTHR34067:SF1 - FAMILY NOT NAMED // METHYL-CPG-BINDING DOMAIN-CONTAINING PROTEIN 13","GO:0003677 GO:0005634","","","PF01429","PTHR34067 PTHR34067:SF1","methyl-CPG-binding domain protein 13"
"865","Manes.02G055500.v8.1",57.1701820770092,-0.200747974793784,0.0644110150270516,-3.11667149957927,0.00182905259144697,0.033830106216717,"Manes.02G055500","","","nucleic acid binding; intracellular anatomical structure; transport",NA,"(1 of 2) PTHR10693//PTHR10693:SF25 - RAS GTPASE-ACTIVATING PROTEIN-BINDING PROTEIN // SUBFAMILY NOT NAMED","GO:0003676 GO:0005622 GO:0006810","KOG0116","","PF00076 PF02136","PTHR10693 PTHR10693:SF25",""
"866","Manes.03G069017.v8.1",10.1254019925077,0.526904188023737,0.169043537586693,3.11697326940711,0.00182718138691264,0.033830106216717,"Manes.03G069017","","","",NA,"","","","","","",""
"867","Manes.11G079500.v8.1",116.145323818371,0.242511393427532,0.0777969432588504,3.11723550140825,0.00182555677590039,0.033830106216717,"Manes.11G079500","","","",NA,"(1 of 4) KOG2306 - Uncharacterized conserved protein","","KOG2306","","PF13889","PTHR13199 PTHR13199:SF14","(1 of 2) PF13889 - Chromosome segregation during meiosis (Chromosome_seg)"
"868","Manes.12G118700.v8.1",287.792929577219,-0.165494401209914,0.0530986815443251,-3.11673277747516,0.0018286724790439,0.033830106216717,"Manes.12G118700","PWY-7528; PWY-7270; PWY-4361; PWY-6854; PWY-3001; LEU-DEG2-PWY; VALDEG-PWY; BRANCHED-CHAIN-AA-SYN-PWY; ILEUDEG-PWY; VALSYN-PWY; ILEUSYN-PWY; LEUSYN-PWY","L-methionine salvage cycle I (bacteria and plants); L-methionine salvage cycle II (plants); <i>S</i>-methyl-5-thio-&alpha;-D-ribose 1-phosphate degradation; ethylene biosynthesis III (microbes); superpathway of L-isoleucine biosynthesis I; L-leucine degradation I; L-valine degradation I; superpathway of branched chain amino acid biosynthesis; L-isoleucine degradation I; L-valine biosynthesis; L-isoleucine biosynthesis I (from threonine); L-leucine biosynthesis","catalytic activity; branched-chain-amino-acid transaminase activity; metabolic process; branched-chain amino acid metabolic process",NA,"(1 of 3) 2.6.1.42//2.6.1.88 - Branched-chain-amino-acid transaminase / Transaminase B // Methionine transaminase / Methionine-oxo-acid transaminase","GO:0003824 GO:0004084 GO:0008152 GO:0009081","","K00826","PF01063","PTHR11825 PTHR11825:SF46","branched-chain aminotransferase 3"
"869","Manes.15G101300.v8.1",215.494294916708,0.220654932572154,0.0707609696811543,3.11831414360791,0.00181888819249223,0.033830106216717,"Manes.15G101300","","","translation initiation factor activity; GTPase activity; GTP binding; intracellular anatomical structure; translational initiation",NA,"(1 of 2) PTHR23115//PTHR23115:SF138 - TRANSLATION FACTOR // TRANSLATION INITIATION FACTOR IF-2, CHLOROPLASTIC","GO:0003743 GO:0003924 GO:0005525 GO:0005622 GO:0006413","","K02519","PF01926 PF11987","PTHR23115 PTHR23115:SF138","Translation initiation factor 2, small GTP-binding protein"
"870","Manes.02G061900.v8.1",691.22769875496,0.488009982561105,0.156702679164643,3.11424147412545,0.00184418491728801,0.0339568232225386,"Manes.02G061900","","","DNA-binding transcription factor activity; regulation of DNA-templated transcription; sequence-specific DNA binding",NA,"(1 of 3) PTHR22952//PTHR22952:SF133 - CAMP-RESPONSE ELEMENT BINDING PROTEIN-RELATED // SUBFAMILY NOT NAMED","GO:0003700 GO:0006355 GO:0043565","KOG0483","","PF00170","PTHR22952 PTHR22952:SF133","basic leucine-zipper 42"
"871","Manes.09G161900.v8.1",26.2626769866739,0.261806846659234,0.0840554020982405,3.11469388193807,0.00184135898513412,0.0339568232225386,"Manes.09G161900","","","protein binding",NA,"(1 of 3) PTHR13268//PTHR13268:SF2 - BREAST CARCINOMA AMPLIFIED SEQUENCE 3 // AUTOPHAGY-RELATED PROTEIN 18G","GO:0005515","KOG2109","","PF12490","PTHR13268 PTHR13268:SF2","homolog of yeast autophagy 18 (ATG18) H"
"872","Manes.18G005000.v8.1",27.2873987315671,0.394314095061861,0.126577987028676,3.11518696353206,0.00183828351898701,0.0339568232225386,"Manes.18G005000","","","DNA-binding transcription factor activity; regulation of DNA-templated transcription; sequence-specific DNA binding",NA,"(1 of 2) PTHR22952//PTHR22952:SF117 - CAMP-RESPONSE ELEMENT BINDING PROTEIN-RELATED // BZIP TRANSCRIPTION FACTOR 60","GO:0003700 GO:0006355 GO:0043565","","","PF00170","PTHR22952 PTHR22952:SF117","basic region/leucine zipper motif 60"
"873","Manes.18G081800.v8.1",46.7181974252722,0.306208180445698,0.098325979950164,3.11421437753173,0.00184435430058335,0.0339568232225386,"Manes.18G081800","","","",NA,"(1 of 38) PF01535//PF12854//PF13041 - PPR repeat (PPR) // PPR repeat (PPR_1) // PPR repeat family (PPR_2)","","","","PF01535 PF12854 PF13041","PTHR24015 PTHR24015:SF703","Tetratricopeptide repeat (TPR)-like superfamily protein"
"874","Manes.01G217201.v8.1",429.882584525414,0.126019479803575,0.0404801027163893,3.11312154236588,0.00185119763886546,0.0340032869800167,"Manes.01G217201","","","GTP binding; hydrolase activity, acting on acid anhydrides",NA,"(1 of 1) PTHR10903//PTHR10903:SF39 - GTPASE, IMAP FAMILY MEMBER-RELATED // TRANSLOCASE OF CHLOROPLAST 159, CHLOROPLASTIC","GO:0005525 GO:0016817","","","PF04548 PF11886","PTHR10903 PTHR10903:SF39","translocon at the outer envelope membrane of chloroplasts 159"
"875","Manes.12G137700.v8.1",520.966808693368,0.395887920168013,0.127163534094127,3.11321891915157,0.00185058691963482,0.0340032869800167,"Manes.12G137700","","","",NA,"(1 of 1) PTHR33059:SF4 - F28K19.24-RELATED","","","","PF04570","PTHR33059 PTHR33059:SF4","Protein of unknown function (DUF581)"
"876","Manes.18G093400.v8.1",624.879622032861,-0.323554070253866,0.103943144453474,-3.11279855881878,0.00185322462480524,0.0340032869800167,"Manes.18G093400","","","nucleic acid binding; RNA binding; nucleus; mRNA processing",NA,"(1 of 2) PTHR24012//PTHR24012:SF376 - FAMILY NOT NAMED // POLYPYRIMIDINE TRACT-BINDING PROTEIN 3","GO:0003676","","K14948","PF13893 PF14259","PTHR24012 PTHR24012:SF376","polypyrimidine tract-binding protein 3"
"877","Manes.07G065600.v8.1",599.618243571419,-0.127112273196136,0.040840920772472,-3.11237530378633,0.00185588398328506,0.0340132534359644,"Manes.07G065600","","","cell redox homeostasis",NA,"(1 of 3) KOG1672 - ATP binding protein","GO:0045454","KOG1672","","PF00085","PTHR21148","thioredoxin domain-containing protein 9 homolog"
"878","Manes.03G149301.v8.1",130.357995353396,0.35196195069584,0.113131528531901,3.11108631928889,0.00186400442785587,0.0341158999847335,"Manes.03G149301","","","glucosylceramidase activity; sphingolipid metabolic process; glucosylceramide catabolic process; membrane",NA,"(1 of 4) 3.2.1.45 - Glucosylceramidase / D-glucosyl-N-acylsphingosine glucohydrolase","GO:0004348 GO:0006665 GO:0006680 GO:0016020 GO:0016021","","K17108","PF04685 PF12215","PTHR12654","Beta-glucosidase, GBA2 type family protein"
"879","Manes.18G060900.v8.1",736.127789361884,-0.151172687598812,0.0485958759775973,-3.11081310003554,0.00186572986291176,0.0341158999847335,"Manes.18G060900","","","protein domain specific binding",NA,"(1 of 4) PTHR18860:SF27 - 14-3-3-LIKE PROTEIN GF14 LAMBDA","GO:0019904","KOG0841","K06630","PF00244","PTHR18860 PTHR18860:SF27","general regulatory factor 8"
"880","Manes.02G079800.v8.1",2189.4554041519,0.213798655445891,0.0687553039085858,3.10955872917308,0.00187367031669636,0.0342221625002961,"Manes.02G079800","","","",NA,"","","","","","PTHR35508 PTHR35508:SF1",""
"881","Manes.06G085900.v8.1",317.79894441173,0.140321161609715,0.0451348451098205,3.10893194090488,0.00187764965004857,0.0342402258032491,"Manes.06G085900","","","",NA,"(1 of 4) PTHR31267:SF2 - DENTIN SIALOPHOSPHOPROTEIN-LIKE PROTEIN","","","","","PTHR31267 PTHR31267:SF2","(1 of 4) PTHR31267:SF2 - DENTIN SIALOPHOSPHOPROTEIN-LIKE PROTEIN"
"882","Manes.09G139100.v8.1",188.399536481004,0.233896133802219,0.0752384330688612,3.10873212348997,0.00187891987547227,0.0342402258032491,"Manes.09G139100","","","protein binding",NA,"(1 of 1) PTHR22870:SF175 - ANKYRIN REPEAT AND REGULATOR OF CHROMOSOME CONDENSATION (RCC1) DOMAIN-CONTAINING PROTEIN","GO:0005515","KOG1427","","PF00415 PF12796","PTHR22870 PTHR22870:SF175","ankyrin repeat family protein / regulator of chromosome condensation (RCC1) family protein"
"883","Manes.15G015800.v8.1",748.250537606491,0.13058703353419,0.0420163133320948,3.10800789450604,0.00188353036665596,0.0342853721214737,"Manes.15G015800","","","nucleic acid binding; DNA binding; ATP binding; nucleus; chromatin remodeling; hydrolase activity; hydrolase activity, acting on acid anhydrides, in phosphorus-containing anhydrides; nucleosome binding",NA,"(1 of 2) K11654 - SWI/SNF-related matrix-associated actin-dependent regulator of chromatin subfamily A member 5 [EC:3.6.4.-] (SMARCA5, SNF2H, ISWI)","GO:0003676 GO:0003677 GO:0005524 GO:0005634 GO:0006338 GO:0016787 GO:0016818 GO:0031491 GO:0043044","","K11654","PF00271 PF04851 PF09110 PF09111","PTHR10799 PTHR10799:SF691","chromatin remodeling factor17"
"884","Manes.07G061500.v8.1",230.592757073665,0.188235835412863,0.0605872026573809,3.10685800229681,0.00189087201102275,0.0343800744719102,"Manes.07G061500","","","ADP binding",NA,"(1 of 70) PTHR23155//PTHR23155:SF554 - LEUCINE-RICH REPEAT-CONTAINING PROTEIN // SUBFAMILY NOT NAMED","GO:0043531","KOG4658","","PF00931","PTHR23155 PTHR23155:SF554",""
"885","Manes.03G135500.v8.1",89.2219114351751,-0.215470185815089,0.0693786840995839,-3.10571162615033,0.00189821736143724,0.0344357196956893,"Manes.03G135500","","","GTPase activity; GTP binding",NA,"(1 of 1) PTHR30314:SF12 - CELL DIVISION PROTEIN FTSZ HOMOLOG 1, CHLOROPLASTIC","GO:0003924 GO:0005525","","K03531","PF00091 PF12327","PTHR30314 PTHR30314:SF12","homolog of bacterial cytokinesis Z-ring protein FTSZ 1-1"
"886","Manes.07G118000.v8.1",268.803745296998,0.148680650751916,0.0478722263446459,3.10578099463187,0.00189777214236257,0.0344357196956893,"Manes.07G118000","","","protein binding; zinc ion binding",NA,"(1 of 2) K16283 - E3 ubiquitin-protein ligase SDIR1 [EC:6.3.2.19] (SDIR1)","GO:0005515 GO:0008270","KOG0320","K16283","PF13639","PTHR22763 PTHR22763:SF30","RING/U-box superfamily protein"
"887","Manes.03G066661.v8.1",1488.22673753248,-0.377083820577721,0.121443854416317,-3.10500537380059,0.0019027556761288,0.0344791341402686,"Manes.03G066661","","","",NA,"(1 of 439) PF08263 - Leucine rich repeat N-terminal domain (LRRNT_2)","","","","PF08263","PTHR32093","Leucine-rich repeat (LRR) family protein"
"888","Manes.15G067000.v8.1",37.0037797872274,-0.38934083989546,0.125405124548223,-3.10466451269896,0.00190494958262826,0.0344800164882704,"Manes.15G067000","","","hydrolase activity, hydrolyzing O-glycosyl compounds; carbohydrate metabolic process",NA,"(1 of 3) PTHR32227//PTHR32227:SF116 - FAMILY NOT NAMED // O-GLYCOSYL HYDROLASES FAMILY 17 PROTEIN","GO:0004553 GO:0005975","","","PF00332 PF07983","PTHR32227 PTHR32227:SF116","O-Glycosyl hydrolases family 17 protein"
"889","Manes.18G101200.v8.1",294.140851494259,0.160315420002412,0.0516524804508402,3.10373129427911,0.00191096800961357,0.0345500436653757,"Manes.18G101200","","","",NA,"(1 of 1) PTHR15000:SF1 - ERYTHROID DIFFERENTIATION-RELATED FACTOR 1","","","","","PTHR15000","(1 of 1) PTHR15000:SF1 - ERYTHROID DIFFERENTIATION-RELATED FACTOR 1"
"890","Manes.01G065400.v8.1",108.021874564108,0.173479010220582,0.0559354987747114,3.10141169777166,0.0019260030599976,0.0345665313103518,"Manes.01G065400","","","",NA,"(1 of 6) PF05664 - Plant family of unknown function (DUF810) (DUF810)","","","","PF05664","PTHR31280 PTHR31280:SF3","Protein of unknown function (DUF810)"
"891","Manes.02G001700.v8.1",8.53295602880919,-0.382682581270748,0.123402533852162,-3.1010917630687,0.00192808530045731,0.0345665313103518,"Manes.02G001700","","","",NA,"(1 of 1) PTHR31071:SF10 - PROTEIN BRANCHLESS TRICHOME","","","","","PTHR31071 PTHR31071:SF10","branchless trichome"
"892","Manes.02G062900.v8.1",20.6548304332349,-0.432379550989642,0.139462849292371,-3.10032064584597,0.00193311248341709,0.0345665313103518,"Manes.02G062900","","","protein kinase activity; protein tyrosine kinase activity; protein binding; ATP binding; protein phosphorylation",NA,"(1 of 2) PTHR27001//PTHR27001:SF217 - FAMILY NOT NAMED // PROTEIN NSP-INTERACTING KINASE 1","GO:0004672 GO:0004713 GO:0005515 GO:0005524 GO:0006468","KOG1187","","PF00069 PF00560 PF08263","PTHR27001 PTHR27001:SF217","NSP-interacting kinase 1"
"893","Manes.02G103100.v8.1",47.340586846053,-0.151769220684197,0.0489124929124264,-3.10287232662475,0.00191652301346036,0.0345665313103518,"Manes.02G103100","","","response to oxidative stress; peptide-methionine (S)-S-oxide reductase activity; oxidoreductase activity, acting on a sulfur group of donors, disulfide as acceptor; protein repair",NA,"(1 of 1) PTHR10173//PTHR10173:SF28 - METHIONINE SULFOXIDE REDUCTASE // PEPTIDE METHIONINE SULFOXIDE REDUCTASE A5","GO:0006979 GO:0008113 GO:0016671 GO:0030091 GO:0055114","KOG1635","K07304","PF01625","PTHR10173 PTHR10173:SF28","Peptide methionine sulfoxide reductase family protein"
"894","Manes.07G006200.v8.1",72.9125501235253,0.275074387688645,0.0887351194094106,3.09994948470732,0.00193553650092183,0.0345665313103518,"Manes.07G006200","","","protein binding; metal ion binding",NA,"(1 of 2) PTHR14493//PTHR14493:SF47 - UNCHARACTERIZED // ZINC FINGER CCCH DOMAIN-CONTAINING PROTEIN 56","GO:0005515 GO:0046872","KOG1595","","PF00642 PF12796","PTHR14493 PTHR14493:SF47","CCCH-type zinc finger protein with ARM repeat domain"
"895","Manes.09G003700.v8.1",101.62610282619,-0.158718951018666,0.051176953211291,-3.10137554229485,0.00192623826821966,0.0345665313103518,"Manes.09G003700","","","",NA,"(1 of 1) PTHR12917//PTHR12917:SF20 - ASPARTYL PROTEASE DDI-RELATED // SUBFAMILY NOT NAMED","","KOG4463","","PF00627 PF04511","PTHR12917 PTHR12917:SF20","Ubiquitin-associated (UBA) protein"
"896","Manes.10G035000.v8.1",1789.15244258805,-0.447492416598645,0.144277703501362,-3.1016047922777,0.00192474733674758,0.0345665313103518,"Manes.10G035000","","","transporter activity; transport; membrane",NA,"(1 of 13) K09873 - aquaporin TIP (TIP)","GO:0005215 GO:0006810 GO:0016020","KOG0223","K09873","PF00230","PTHR19139 PTHR19139:SF55","tonoplast intrinsic protein 1;3"
"897","Manes.13G021000.v8.1",604.899318033291,-0.204475536239913,0.0659114697129671,-3.10227547846176,0.00192039159964259,0.0345665313103518,"Manes.13G021000","","","protein binding; zinc ion binding",NA,"(1 of 3) PTHR10857:SF34 - COPINE (CALCIUM-DEPENDENT PHOSPHOLIPID-BINDING PROTEIN) FAMILY PROTEIN","GO:0005515 GO:0008270","KOG4172","K16280","PF07002 PF13920","PTHR10857 PTHR10857:SF34",""
"898","Manes.13G023000.v8.1",198.694207848202,0.122546146331681,0.0395266862445054,3.10033949149269,0.00193298947871256,0.0345665313103518,"Manes.13G023000","","","",NA,"(1 of 11) PF05212 - Protein of unknown function (DUF707) (DUF707)","","","","PF05212","PTHR31210 PTHR31210:SF7","Protein of unknown function (DUF707)"
"899","Manes.17G094500.v8.1",58.4624319723702,-0.452686464776595,0.145977716794652,-3.10106552367437,0.00192825616676639,0.0345665313103518,"Manes.17G094500","","","",NA,"(1 of 2) PTHR31003//PTHR31003:SF7 - MYB FAMILY TRANSCRIPTION FACTOR // F14J22.20 PROTEIN","","","","PF00249","PTHR31003 PTHR31003:SF7","Homeodomain-like superfamily protein"
"900","Manes.18G146501.v8.1",9.22911805853785,-0.514069090923175,0.165816348046453,-3.10023165375201,0.00193369342799446,0.0345665313103518,"Manes.18G146501","PWY-6902","chitin degradation II","chitin binding",NA,"(1 of 20) PTHR22595:SF34 - BASIC ENDOCHITINASE B","GO:0008061","","","PF00187","PTHR22595 PTHR22595:SF34",""
"901","Manes.09G134700.v8.1",40.1095813233988,0.198322013163978,0.0639916402654208,3.09918627404126,0.00194052972811246,0.0346172411986143,"Manes.09G134700","","","",NA,"(1 of 2) PTHR12771//PTHR12771:SF25 - ENGULFMENT AND CELL MOTILITY // SUBFAMILY NOT NAMED","","","","PF04727","PTHR12771 PTHR12771:SF25","ELMO/CED-12 family protein"
"902","Manes.08G005200.v8.1",36.8414475388439,-0.496657908170058,0.160304322177472,-3.0982190712251,0.0019468745438928,0.0346919229977704,"Manes.08G005200","","","protein binding; zinc ion binding",NA,"(1 of 8) PTHR22937:SF47 - RING-FINGER DOMAIN-CONTAINING PROTEIN","GO:0005515 GO:0008270","KOG0320","","PF13639","PTHR22937 PTHR22937:SF47","RING/U-box superfamily protein"
"903","Manes.13G083400.v8.1",150.071588781159,-0.198308369644923,0.0640338325988094,-3.09693113150642,0.00195535295099477,0.0347659159085608,"Manes.13G083400","","","DNA binding; regulation of DNA-templated transcription",NA,"(1 of 2) PTHR31989//PTHR31989:SF14 - FAMILY NOT NAMED // NAC DOMAIN CONTAINING PROTEIN 103","GO:0003677 GO:0006355","","","PF02365","PTHR31989 PTHR31989:SF14","NAC domain containing protein 82"
"904","Manes.14G169200.v8.1",21.3817558632449,-0.404364122934229,0.13056714640274,-3.0969821587963,0.00195501639845205,0.0347659159085608,"Manes.14G169200","PWY-3121; PWY-6002; PWY-7089; PWY-5176; PWY-7092; PWY-7091","linamarin degradation; lotaustralin degradation; taxiphyllin bioactivation; coumarin biosynthesis (via 2-coumarate); neolinustatin bioactivation; linustatin bioactivation","hydrolase activity, hydrolyzing O-glycosyl compounds; carbohydrate metabolic process",NA,"(1 of 1) PTHR10353//PTHR10353:SF28 - GLYCOSYL HYDROLASE // BETA-GLUCOSIDASE 43-RELATED","GO:0004553 GO:0005975","","K05350","PF00232","PTHR10353 PTHR10353:SF28","B-S glucosidase 44"
"905","Manes.01G008100.v8.1",8.58562708960845,0.437614505684482,0.141365631167103,3.09562163074274,0.0019640080341285,0.0348812167210469,"Manes.01G008100","","","nucleus; secondary shoot formation",NA,"(1 of 2) PTHR31636//PTHR31636:SF2 - FAMILY NOT NAMED // SCARECROW-LIKE PROTEIN 18","GO:0005634 GO:0010223","","","PF03514","PTHR31636 PTHR31636:SF2","GRAS family transcription factor"
"906","Manes.11G067000.v8.1",7.98973357277667,-0.492009239371009,0.158975997951821,-3.09486492118211,0.00196902548942254,0.0349317292400535,"Manes.11G067000","","","protein kinase activity; protein tyrosine kinase activity; ATP binding; protein phosphorylation",NA,"(1 of 50) KOG0583 - Serine/threonine protein kinase","GO:0004672 GO:0004713 GO:0005524 GO:0006468","KOG0583","","PF00069","PTHR27006 PTHR27006:SF25","Protein kinase superfamily protein"
"907","Manes.18G064980.v8.1",3239.45816573059,-0.171884618653796,0.0555617335526205,-3.09357911755957,0.00197757815907676,0.0350447781155907,"Manes.18G064980","","","protein domain specific binding",NA,"(1 of 2) PTHR18860//PTHR18860:SF26 - 14-3-3 PROTEIN // SUBFAMILY NOT NAMED","GO:0019904","KOG0841","K06630","PF00244","PTHR18860 PTHR18860:SF26","general regulatory factor 2"
"908","Manes.04G141400.v8.1",91.3009800164829,0.243059780595922,0.0786073836503575,3.09207315278475,0.00198763860735121,0.0351455614256942,"Manes.04G141400","","","",NA,"(1 of 18) PF12023 - Domain of unknown function (DUF3511) (DUF3511)","","","","PF12023","PTHR33193 PTHR33193:SF5","Protein of unknown function (DUF3511)"
"909","Manes.12G089750.v8.1",843.221755953019,0.137887194496966,0.0445892059844541,3.09238954703612,0.00198552107719421,0.0351455614256942,"Manes.12G089750","","","hydrolase activity",NA,"(1 of 1) PTHR10804//PTHR10804:SF87 - PROTEASE FAMILY M24  METHIONYL AMINOPEPTIDASE, AMINOPEPTIDASE P // XAA-PRO AMINOPEPTIDASE 1","GO:0016787","","K01262","PF00557 PF01321 PF16188 PF16189","PTHR10804 PTHR10804:SF87","aminopeptidase P1"
"910","Manes.14G123600.v8.1",72.5325615470234,0.203916715513629,0.0659703539687847,3.09103564322418,0.00199459689349518,0.0352298416144485,"Manes.14G123600","","","",NA,"","","","","","PTHR33883 PTHR33883:SF2","myosin heavy chain-related"
"911","Manes.17G026600.v8.1",1212.48320154873,-0.273589773718386,0.0885439383351831,-3.08987581603511,0.0020024019915448,0.035328877288803,"Manes.17G026600","","","autophagosome assembly; cytoplasm",NA,"(1 of 9) K08341 - GABA(A) receptor-associated protein (GABARAP, ATG8, LC3)","GO:0000045 GO:0005737","KOG1654","K08341","PF04110","PTHR10969 PTHR10969:SF43",""
"912","Manes.04G160000.v8.1",60.1352692126563,0.399862140311641,0.129486576329465,3.08805863624221,0.00201468714594937,0.0353902366085729,"Manes.04G160000","","","ATP binding; zinc ion binding",NA,"(1 of 1) PTHR10799:SF573 - TRANSCRIPTION TERMINATION FACTOR 2","GO:0005524 GO:0008270","KOG1001","","PF00176 PF00271 PF07496","PTHR10799 PTHR10799:SF573","SNF2 domain-containing protein / helicase domain-containing protein / F-box family protein"
"913","Manes.07G001300.v8.1",41.5432584951371,0.366594510670096,0.118692953432847,3.08859540577111,0.00201105110413908,0.0353902366085729,"Manes.07G001300","PWY-3121; PWY-6002; PWY-7089; PWY-5176; PWY-7092; PWY-7091; ","linamarin degradation; lotaustralin degradation; taxiphyllin bioactivation; coumarin biosynthesis (via 2-coumarate); neolinustatin bioactivation; linustatin bioactivation; ","hydrolase activity, hydrolyzing O-glycosyl compounds; carbohydrate metabolic process",NA,"(1 of 1) 3.2.1.117//3.2.1.21 - Amygdalin beta-glucosidase // Beta-glucosidase / Gentobiase","GO:0004553 GO:0005975","","K01188","PF00232","PTHR10353 PTHR10353:SF81","beta glucosidase 15"
"914","Manes.10G121600.v8.1",750.688502193265,0.737383568553595,0.238715751202314,3.08896067745716,0.00200858022201609,0.0353902366085729,"Manes.10G121600","","","",NA,"(1 of 3) PTHR11527:SF135 - 22.0 KDA HEAT SHOCK PROTEIN","","","K13993","PF00011","PTHR11527 PTHR11527:SF135","HSP20-like chaperones superfamily protein"
"915","Manes.11G032500.v8.1",20.6976469457594,-0.786502942676753,0.254678460339314,-3.08821932419757,0.00201359802402806,0.0353902366085729,"Manes.11G032500","","","",NA,"(1 of 4) PTHR33172//PTHR33172:SF2 - FAMILY NOT NAMED // EMB|CAB83157.1","","","","","PTHR33172 PTHR33172:SF2",""
"916","Manes.12G102600.v8.1",487.336652750488,0.202569076162263,0.0656692951722794,3.0846847926544,0.00203767981469705,0.0357550520323425,"Manes.12G102600","","","zinc ion binding",NA,"(1 of 1) PTHR24209//PTHR24209:SF13 - FAMILY NOT NAMED // PROTEIN DA1-RELATED 1-RELATED","GO:0008270","KOG1703","","PF00412 PF12315","PTHR24209 PTHR24209:SF13","LIM domain-containing protein"
"917","Manes.05G004300.v8.1",99.7835288316164,-0.359075981705803,0.116421206610183,-3.08428328618951,0.0020404320445671,0.035764301256627,"Manes.05G004300","","","DNA-binding transcription factor activity; regulation of DNA-templated transcription; sequence-specific DNA binding",NA,"(1 of 102) PF03106 - WRKY DNA -binding domain (WRKY)","GO:0003700 GO:0006355 GO:0043565","","","PF03106","PTHR31282 PTHR31282:SF28",""
"918","Manes.01G253100.v8.1",271.155445258978,0.300504194592667,0.0975001735365448,3.08208881782178,0.00205553495294626,0.0358036980038631,"Manes.01G253100","","","",NA,"","","","","","PTHR34802",""
"919","Manes.02G161800.v8.1",76.6968229770617,-0.157273495897968,0.0510294396817748,-3.08201494820918,0.00205604512272542,0.0358036980038631,"Manes.02G161800","","","aminoacylase activity; cytoplasm; amino acid metabolic process",NA,"(1 of 1) K01436 - amidohydrolase [EC:3.5.1.-] (K01436)","GO:0004046 GO:0005737 GO:0006520","KOG2275","K01436 K14677","PF04389 PF07687","PTHR11014 PTHR11014:SF56","Peptidase M20/M25/M40 family protein"
"920","Manes.05G002900.v8.1",15.7359585024996,-0.569563037822606,0.184767035281851,-3.08260094639595,0.00205200120351505,0.0358036980038631,"Manes.05G002900","PWY-7511","protein ubiquitylation","zinc ion binding",NA,"(1 of 2) PTHR23012//PTHR23012:SF93 - MEMBRANE ASSOCIATED RING FINGER // RING/FYVE/PHD ZINC FINGER-CONTAINING PROTEIN","GO:0008270","","","PF12428 PF12906","PTHR23012 PTHR23012:SF93","RING/FYVE/PHD zinc finger superfamily protein"
"921","Manes.06G102100.v8.1",1081.10274421181,-0.14528820391436,0.0471263477777708,-3.0829506372843,0.002049591496939,0.0358036980038631,"Manes.06G102100","","","transporter activity; transport; membrane; transmembrane transport",NA,"(1 of 2) PTHR11119:SF48 - NUCLEOBASE-ASCORBATE TRANSPORTER 5-RELATED","GO:0005215 GO:0006810 GO:0016020 GO:0055085","","","PF00860","PTHR11119 PTHR11119:SF48","Xanthine/uracil permease family protein"
"922","Manes.15G061700.v8.1",228.643189133135,0.139549102242418,0.0452743304003809,3.08230074323184,0.00205407196526154,0.0358036980038631,"Manes.15G061700","","","chromatin binding",NA,"(1 of 3) PF01426//PF05641 - BAH domain (BAH) // Agenet domain (Agenet)","GO:0003682","","","PF01426 PF05641","PTHR31917 PTHR31917:SF13","agenet domain-containing protein / bromo-adjacent homology (BAH) domain-containing protein"
"923","Manes.15G062500.v8.1",1568.82760320253,0.19891232847621,0.0645212108490606,3.08289825715673,0.00204995228100645,0.0358036980038631,"Manes.15G062500","","","monooxygenase activity; iron ion binding; oxidoreductase activity, acting on paired donors, with incorporation or reduction of molecular oxygen; heme binding",NA,"(1 of 27) 1.14.13.121 - Premnaspirodiene oxygenase / Hyoscymus muticus premnaspirodiene oxygenase","GO:0004497 GO:0005506 GO:0016705 GO:0020037 GO:0055114","","","PF00067","PTHR24298 PTHR24298:SF178",""
"924","Manes.01G223600.v8.1",141.506663538251,-0.388645739354574,0.126133707227605,-3.08122030103558,0.00206154058927183,0.0358217750176931,"Manes.01G223600","PWY-7196; PWY-7200; PWY-6556; PWY-7199; PWY-7193","superpathway of pyrimidine ribonucleosides salvage; superpathway of pyrimidine deoxyribonucleoside salvage; pyrimidine ribonucleosides salvage II; pyrimidine deoxyribonucleosides salvage; pyrimidine ribonucleosides salvage I","cytidine deaminase activity; zinc ion binding; cytidine deamination",NA,"(1 of 2) 3.5.4.5 - Cytidine deaminase / Cytosine nucleoside deaminase","GO:0004126 GO:0008270 GO:0009972","KOG0833","K01489","PF00383 PF08211","PTHR11644 PTHR11644:SF2","cytidine deaminase 1"
"925","Manes.05G046200.v8.1",185.739301231079,0.273723638226091,0.0888283425809599,3.08148987443522,0.00205967481748749,0.0358217750176931,"Manes.05G046200","","","",NA,"(1 of 1) PTHR13105//PTHR13105:SF8 - MYELOID LEUKEMIA FACTOR // SUBFAMILY NOT NAMED","","","","PF10248","PTHR13105 PTHR13105:SF8","(1 of 1) PTHR13105//PTHR13105:SF8 - MYELOID LEUKEMIA FACTOR"
"926","Manes.10G007900.v8.1",12.9333082696191,-0.604336410274596,0.196230855157707,-3.07972163597261,0.00207194145224335,0.0359636230690145,"Manes.10G007900","","","",NA,"(1 of 4) PTHR31213//PTHR31213:SF3 - FAMILY NOT NAMED // ABSCISIC ACID RECEPTOR PYL4","","","K14496","PF10604","PTHR31213 PTHR31213:SF3","PYR1-like 4"
"927","Manes.11G095000.v8.1",6.93112129067252,-0.831235359409263,0.26996727598394,-3.07902265702274,0.00207680886745517,0.0360092221430495,"Manes.11G095000","","","actin binding; intracellular anatomical structure; actin cytoskeleton; actin filament depolymerization",NA,"(1 of 2) PTHR11913//PTHR11913:SF16 - COFILIN-RELATED // ACTIN-DEPOLYMERIZING FACTOR 5-RELATED","GO:0003779 GO:0005622 GO:0015629 GO:0030042","KOG1735","K05765","PF00241","PTHR11913 PTHR11913:SF16","actin depolymerizing factor 5"
"928","Manes.08G132300.v8.1",43.4591952238155,0.167288383744274,0.0543525267921835,3.07784004934857,0.00208506797483078,0.0361134671976887,"Manes.08G132300","","","pseudouridine synthesis; RNA binding; RNA modification; pseudouridine synthase activity",NA,"(1 of 2) 5.4.99.27 - tRNA pseudouridine(13) synthase / tRNA Psi(13) synthase","GO:0001522 GO:0003723 GO:0009451 GO:0009982","","","PF01142","PTHR13326 PTHR13326:SF8","Pseudouridine synthase family protein"
"929","Manes.02G142500.v8.1",118.974887093974,-0.31126049621398,0.101192000204492,-3.07593975398228,0.00209840239662788,0.0362273058227711,"Manes.02G142500","","","",NA,"(1 of 79) PF03514 - GRAS domain family (GRAS)","","","","PF03514","PTHR31636 PTHR31636:SF48","scarecrow-like 3"
"930","Manes.09G177400.v8.1",188.360031412518,0.161205871762411,0.0524067348825034,3.07605257461349,0.00209760855264045,0.0362273058227711,"Manes.09G177400","","","protein binding",NA,"(1 of 1) PTHR23244//PTHR23244:SF294 - KELCH REPEAT DOMAIN // SUBFAMILY NOT NAMED","GO:0005515","KOG0379","","PF13415 PF13418","PTHR23244 PTHR23244:SF294",""
"931","Manes.17G052300.v8.1",71.1885809198489,-0.191634476140059,0.0622945737691863,-3.07626273919302,0.00209613049823252,0.0362273058227711,"Manes.17G052300","PWY-5464; PWY-5723; PWY-1042; ANAGLYCOLYSIS-PWY; ANAEROFRUCAT-PWY","superpathway of cytosolic glycolysis (plants), pyruvate dehydrogenase and TCA cycle; Rubisco shunt; glycolysis IV (plant cytosol); glycolysis III (from glucose); homolactic fermentation","magnesium ion binding; pyruvate kinase activity; glycolytic process; potassium ion binding","carb","(1 of 3) PTHR11817//PTHR11817:SF5 - PYRUVATE KINASE // PYRUVATE KINASE-RELATED","GO:0000287 GO:0004743 GO:0006096 GO:0030955","","K00873","PF00224 PF02887","PTHR11817 PTHR11817:SF5","Pyruvate kinase family protein"
"932","Manes.18G083000.v8.1",552.893471548112,0.204482921172947,0.0664969094133924,3.07507405948349,0.00210450288981566,0.0362936426480763,"Manes.18G083000","","","metal ion binding",NA,"(1 of 1) PTHR23102:SF13 - ZINC FINGER CCCH DOMAIN-CONTAINING PROTEIN 3","GO:0046872","","","","PTHR23102 PTHR23102:SF13",""
"933","Manes.05G198200.v8.1",78.637629225822,-0.453323151179301,0.147500187045225,-3.07337339877615,0.00211653472420961,0.0364229792529133,"Manes.05G198200","","","protein dimerization activity",NA,"(1 of 2) PTHR12565//PTHR12565:SF159 - STEROL REGULATORY ELEMENT-BINDING PROTEIN // TRANSCRIPTION FACTOR BHLH76","GO:0046983","","","PF00010","PTHR12565 PTHR12565:SF159","basic helix-loop-helix (bHLH) DNA-binding superfamily protein"
"934","Manes.06G020200.v8.1",152.680740406377,-0.115168514549376,0.0374717399352366,-3.07347656523089,0.00211580304870256,0.0364229792529133,"Manes.06G020200","","","",NA,"","","","","","PTHR36787 PTHR36787:SF1",""
"935","Manes.06G118100.v8.1",68.6479279356386,-0.197352456018137,0.0642242785280864,-3.07286372912436,0.00212015280117251,0.0364462202922415,"Manes.06G118100","PWY-2541","plant sterol biosynthesis","",NA,"(1 of 1) PTHR35136:SF1 - CYCLOEUCALENOL CYCLOISOMERASE","","","K08246","","PTHR35136 PTHR35136:SF1","cyclopropyl isomerase"
"936","Manes.18G091700.v8.1",91.5412495425183,-0.358218268002713,0.11658922362942,-3.07248180278919,0.00212286776189244,0.0364539033513859,"Manes.18G091700","","","",NA,"(1 of 2) PTHR21654//PTHR21654:SF9 - FAMILY NOT NAMED // TRIHELIX TRANSCRIPTION FACTOR GT-2","","KOG4282","","PF13837","PTHR21654 PTHR21654:SF9",""
"937","Manes.09G111900.v8.1",18.5567903991093,0.209935312466088,0.0683361739408963,3.07209637823242,0.0021256108217765,0.0364594846215375,"Manes.09G111900","","","",NA,"(1 of 1) K13141 - integrator complex subunit 4 (INTS4)","","KOG2259","K13141","","PTHR20938 PTHR20938:SF0","ARM repeat superfamily protein"
"938","Manes.14G114400.v8.1",39.2665597957913,-0.588854518373548,0.191713431239868,-3.07153502269116,0.00212961179396008,0.0364594846215375,"Manes.14G114400","","","hydrolase activity, hydrolyzing O-glycosyl compounds; cell wall; carbohydrate metabolic process; xyloglucan metabolic process; xyloglucan:xyloglucosyl transferase activity; cell wall biogenesis; apoplast",NA,"(1 of 13) K14504 - xyloglucan:xyloglucosyl transferase TCH4 (TCH4)","GO:0004553 GO:0005618 GO:0005975 GO:0006073 GO:0010411 GO:0016762 GO:0042546 GO:0048046","","K08235 K14504","PF00722 PF06955","PTHR31062 PTHR31062:SF32","xyloglucan endotransglycosylase 6"
"939","Manes.15G111400.v8.1",41.5725102907943,0.176068783975462,0.0573237436719588,3.07148090297511,0.00212999788836084,0.0364594846215375,"Manes.15G111400","","","",NA,"(1 of 207) PF01535//PF13041 - PPR repeat (PPR) // PPR repeat family (PPR_2)","","","","PF01535 PF13041","PTHR24015","Pentatricopeptide repeat (PPR) superfamily protein"
"940","Manes.01G034200.v8.1",810.848158787418,0.156824321736921,0.051067640856815,3.07091377447081,0.00213404769092645,0.0364899452513413,"Manes.01G034200","","","calcium ion binding; regulation of DNA-templated transcription",NA,"(1 of 2) PTHR14304//PTHR14304:SF11 - P30 DBC PROTEIN // PROTEIN LST-3, ISOFORM A","GO:0005509 GO:0006355","KOG4246","","PF14443","PTHR14304 PTHR14304:SF11","ATP/GTP-binding protein family"
"941","Manes.05G037400.v8.1",1659.72813346607,0.230824679206508,0.0751984155583161,3.06954179144246,0.00214387408881939,0.0366190098082827,"Manes.05G037400","","","monoatomic cation transport; potassium ion transport; monoatomic cation transmembrane transporter activity; transmembrane transport",NA,"(1 of 1) PTHR16254:SF13 - K(+) EFFLUX ANTIPORTER 1, CHLOROPLASTIC-RELATED","GO:0006812 GO:0006813 GO:0008324 GO:0015299 GO:0016021 GO:0055085","KOG1650","","PF00999 PF02254","PTHR16254 PTHR16254:SF13","K+ efflux antiporter 2"
"942","Manes.03G166700.v8.1",985.158173652376,-0.189807242966875,0.0618857293075733,-3.06705996827684,0.00216175483280293,0.0368852286917639,"Manes.03G166700","","","",NA,"(1 of 4) PF05514 - HR-like lesion-inducing (HR_lesion)","","","","PF05514","PTHR31474","HR-like lesion-inducing protein-related"
"943","Manes.05G124900.v8.1",14.8771740735808,0.383445512046722,0.125085673287104,3.06546306999215,0.00217333215432043,0.0369541283328202,"Manes.05G124900","","","G protein-coupled receptor activity; glutamate-gated receptor activity; G protein-coupled receptor signaling pathway; membrane",NA,"(1 of 2) PTHR18966//PTHR18966:SF186 - IONOTROPIC GLUTAMATE RECEPTOR // SUBFAMILY NOT NAMED","GO:0004930 GO:0004970 GO:0007186 GO:0016020 GO:0016021","KOG1052","K05387","PF00060 PF00497 PF13458","PTHR18966 PTHR18966:SF186","glutamate receptor 3.3"
"944","Manes.13G130300.v8.1",23.5282975487663,-0.388696088212648,0.126807919774821,-3.06523511230904,0.00217498944832004,0.0369541283328202,"Manes.13G130300","","","DNA binding; regulation of DNA-templated transcription",NA,"(1 of 3) PTHR31992:SF12 - DOF ZINC FINGER PROTEIN DOF3.4","GO:0003677 GO:0006355","","","PF02701","PTHR31992 PTHR31992:SF12","OBF binding protein 1"
"945","Manes.15G005900.v8.1",297.445250620049,-0.18689530079436,0.0609720961456574,-3.06525956312676,0.00217481163095834,0.0369541283328202,"Manes.15G005900","","","GTP binding; intracellular anatomical structure; intracellular protein transport; small GTPase-mediated signal transduction",NA,"(1 of 6) K07953 - GTP-binding protein SAR1 (SAR1)","GO:0005525 GO:0005622 GO:0006886 GO:0007264","KOG0077","K07953","PF08477","PTHR11711 PTHR11711:SF170","secretion-associated RAS super family 2"
"946","Manes.15G149300.v8.1",40.4713562661297,0.266806160046596,0.0870367319820438,3.06544322116368,0.0021734764129055,0.0369541283328202,"Manes.15G149300","","","",NA,"(1 of 2) PTHR23068//PTHR23068:SF12 - DNA  CYTOSINE-5- -METHYLTRANSFERASE 3-RELATED // SUBFAMILY NOT NAMED","GO:0006306","","","PF00145","PTHR23068 PTHR23068:SF12","domains rearranged methyltransferase 2"
"947","Manes.01G070900.v8.1",100.297669275712,-0.27060169171978,0.0882934748278054,-3.06479830188495,0.00217816837715444,0.0369547002966833,"Manes.01G070900","","","transmembrane transport",NA,"(1 of 2) PTHR11132//PTHR11132:SF65 - SOLUTE CARRIER FAMILY 35 // SUBFAMILY NOT NAMED","GO:0055085","KOG1441","","PF08449","PTHR11132 PTHR11132:SF65","Nucleotide-sugar transporter family protein"
"948","Manes.14G011800.v8.1",559.853390209081,0.137403011019976,0.0448355620583284,3.06459882985792,0.00217962146962333,0.0369547002966833,"Manes.14G011800","","","regulation of cyclin-dependent protein serine/threonine kinase activity; regulation of DNA-templated transcription; protein kinase binding",NA,"(1 of 2) PTHR10026//PTHR10026:SF75 - CYCLIN // SUBFAMILY NOT NAMED","GO:0000079 GO:0006355 GO:0019901","KOG0834","K15188","PF00134","PTHR10026 PTHR10026:SF75","Cyclin family protein"
"949","Manes.02G216800.v8.1",15.3301589188008,-0.527529806834325,0.17218376485089,-3.06376043810613,0.00218573861749519,0.0369861356478239,"Manes.02G216800","PWY-2902","cytokinin-<i>O</i>-glucosides biosynthesis","metabolic process; hexosyltransferase activity",NA,"(1 of 2) PTHR11926:SF176 - UDP-GLYCOSYLTRANSFERASE 87A2","GO:0008152 GO:0016758","KOG1192","","PF00201","PTHR11926 PTHR11926:SF176","UDP-Glycosyltransferase superfamily protein"
"950","Manes.14G132521.v8.1",58.6195000335092,0.295069057530307,0.0963109012432485,3.06371401078538,0.00218607782401746,0.0369861356478239,"Manes.14G132521","","","",NA,"(1 of 3) PTHR10783//PTHR10783:SF44 - XENOTROPIC AND POLYTROPIC RETROVIRUS RECEPTOR 1-RELATED // SPX DOMAIN-CONTAINING PROTEIN 1-RELATED","","KOG1161","","PF03105","PTHR10783 PTHR10783:SF44","SPX domain gene 2"
"951","Manes.13G052300.v8.1",111.582227902776,-0.438903257699492,0.14333916158143,-3.06199124410362,0.00219869884036408,0.0371605535869315,"Manes.13G052300","","","protein dimerization activity",NA,"(1 of 2) PTHR12565//PTHR12565:SF99 - STEROL REGULATORY ELEMENT-BINDING PROTEIN // SUBFAMILY NOT NAMED","GO:0046983","KOG2241","","PF00010","PTHR12565 PTHR12565:SF99","basic helix-loop-helix (bHLH) DNA-binding superfamily protein"
"952","Manes.13G130600.v8.1",201.453497191814,0.200718773754412,0.0655735676781351,3.0609707670571,0.00220620633289878,0.0372482714166828,"Manes.13G130600","PWY-5963","thio-molybdenum cofactor biosynthesis","",NA,"(1 of 3) PTHR14237//PTHR14237:SF31 - MOLYBDOPTERIN COFACTOR SULFURASE  MOSC // CATALYTIC/ PYRIDOXAL PHOSPHATE BINDING PROTEIN","","","","","PTHR14237 PTHR14237:SF31","Pyridoxal phosphate (PLP)-dependent transferases superfamily protein"
"953","Manes.01G032800.v8.1",296.850777368886,0.143371752276338,0.0468492522051424,3.06027835083782,0.00221131370352307,0.0372512062928268,"Manes.01G032800","","","regulation of ARF protein signal transduction",NA,"(1 of 4) K18443 - golgi-specific brefeldin A-resistance guanine nucleotide exchange factor 1 (GBF1)","GO:0005086 GO:0032012","","K18443","PF01369 PF12783","PTHR10663 PTHR10663:SF155","sec7 domain-containing protein"
"954","Manes.01G185700.v8.1",92.7426277580239,0.147024174042219,0.0480470373614486,3.06000498919808,0.00221333304359171,0.0372512062928268,"Manes.01G185700","","","",NA,"(1 of 1) PTHR31576:SF2 - TATA BOX-BINDING PROTEIN-ASSOCIATED FACTOR RNA POLYMERASE I SUBUNIT B","","","","","PTHR31576 PTHR31576:SF2","maternal effect embryo arrest 12"
"955","Manes.15G192200.v8.1",24.9058191504145,0.217139867848774,0.0709528844400519,3.06033883699591,0.00221086711656797,0.0372512062928268,"Manes.15G192200","","","",NA,"(1 of 7) PF05542 - Protein of unknown function (DUF760) (DUF760)","","","","PF05542","PTHR31808 PTHR31808:SF6","Protein of unknown function (DUF760)"
"956","Manes.11G151900.v8.1",64.1651863815085,-0.381995750415418,0.124891436961043,-3.05862243009161,0.00222357200932535,0.0373843858848183,"Manes.11G151900","","","",NA,"(1 of 6) PF07795 - Protein of unknown function (DUF1635) (DUF1635)","","","","PF07795","PTHR33431 PTHR33431:SF3","Protein of unknown function (DUF1635)"
"957","Manes.01G085400.v8.1",33.20971280379,-0.567581060618232,0.18576797330678,-3.05532245690661,0.00224818665935587,0.0377584507832711,"Manes.01G085400","","","DNA-binding transcription factor activity; regulation of DNA-templated transcription",NA,"(1 of 2) PTHR31190:SF30 - ETHYLENE-RESPONSIVE TRANSCRIPTION FACTOR 15-RELATED","GO:0003700 GO:0006355","","K09286","PF00847","PTHR31190 PTHR31190:SF30","ethylene responsive element binding factor 1"
"958","Manes.01G247100.v8.1",183.560644897513,0.158467350565577,0.0518712786466311,3.05501145720974,0.00225051924658581,0.0377584507832711,"Manes.01G247100","","","DNA binding; ATP binding; hydrolase activity",NA,"(1 of 2) PTHR24031:SF265 - DEAD-BOX ATP-DEPENDENT RNA HELICASE 25-RELATED","GO:0003677 GO:0005524 GO:0016787","","","PF00271 PF04851","PTHR24031 PTHR24031:SF265","P-loop containing nucleoside triphosphate hydrolases superfamily protein"
"959","Manes.03G110500.v8.1",46.7430902708174,-0.384057213249357,0.12580315634335,-3.05284242790509,0.00226684935287433,0.0379560940445787,"Manes.03G110500","","","",NA,"","","","","","PTHR33357","metallothionein 3"
"960","Manes.17G040400.v8.1",231.093502772952,-0.181007504179,0.0592919111773623,-3.05281952604876,0.0022670223531883,0.0379560940445787,"Manes.17G040400","","","nucleic acid binding; endonuclease activity; DNA catabolic process",NA,"(1 of 3) 3.1.30.1 - Aspergillus nuclease S(1) / Single-stranded-nucleate endonuclease","GO:0003676 GO:0004519 GO:0006308","","","PF02265","PTHR33146 PTHR33146:SF2","endonuclease 4"
"961","Manes.01G080300.v8.1",60.8070983646795,0.232403768231089,0.0761711925299084,3.05107167830984,0.00228026131550954,0.0379752915056881,"Manes.01G080300","","","",NA,"(1 of 1) PTHR24074//PTHR24074:SF2//PTHR24078//PTHR24078:SF285 - FAMILY NOT NAMED // DNAJ HOMOLOG SUBFAMILY C MEMBER 11 HOMOLOG // DNAJ HOMOLOG SUBFAMILY C MEMBER // CHAPERONE PROTEIN DNAJ 13","","","K09531","PF00226 PF11875","PTHR24078 PTHR24078:SF285","DNAJ heat shock N-terminal domain-containing protein"
"962","Manes.01G221300.v8.1",598.512313123138,-0.254982734017708,0.0836130564358123,-3.04955643157779,0.00229179572951642,0.0379752915056881,"Manes.01G221300","","","catalytic activity",NA,"(1 of 5) PTHR10992//PTHR10992:SF811 - ALPHA/BETA HYDROLASE FOLD-CONTAINING PROTEIN // ALPHA/BETA-HYDROLASES SUPERFAMILY PROTEIN","GO:0003824","KOG4178","","PF00561","PTHR10992 PTHR10992:SF811","alpha/beta-Hydrolases superfamily protein"
"963","Manes.02G210300.v8.1",157.774204747885,0.17473595466565,0.0572544207261728,3.05192075038797,0.00227382125198371,0.0379752915056881,"Manes.02G210300","","","",NA,"(1 of 1) KOG2477 - Uncharacterized conserved protein","","KOG2477","","PF04676 PF04677","PTHR12072 PTHR12072:SF5","CwfJ-like family protein"
"964","Manes.07G113300.v8.1",194.946936237909,0.227576332476038,0.0745906732714214,3.05100252477854,0.00228078656814351,0.0379752915056881,"Manes.07G113300","","","",NA,"(1 of 1) PTHR21563:SF3 - ZINC FINGER C3H1 DOMAIN-CONTAINING PROTEIN","","KOG4839","","PF08424 PF10650","PTHR21563 PTHR21563:SF3","(1 of 1) PF10650 - Putative zinc-finger domain (zf-C3H1)"
"965","Manes.08G108200.v8.1",610.255583277798,-0.24873826438715,0.0815547773452291,-3.04995332565519,0.00228876932365972,0.0379752915056881,"Manes.08G108200","PWY-7528; PWY-7270; ETHYL-PWY; SAM-PWY; PWY-5041","L-methionine salvage cycle I (bacteria and plants); L-methionine salvage cycle II (plants); ethylene biosynthesis I (plants); S-adenosyl-L-methionine biosynthesis; <i>S</i>-adenosyl-L-methionine cycle II","methionine adenosyltransferase activity; ATP binding; S-adenosylmethionine biosynthetic process",NA,"(1 of 1) PTHR11964:SF16 - S-ADENOSYLMETHIONINE SYNTHASE 4","GO:0004478 GO:0005524 GO:0006556","","K00789","PF00438 PF02772 PF02773","PTHR11964 PTHR11964:SF16","S-adenosylmethionine synthetase 2"
"966","Manes.14G081500.v8.1",138.279896718117,0.226189176325563,0.0741522277634812,3.0503355482053,0.00228585825227835,0.0379752915056881,"Manes.14G081500","","","phosphorelay signal transduction system; protein binding",NA,"(1 of 2) K12127 - pseudo-response regulator 1 (TOC1, APRR1)","GO:0000160 GO:0005515","KOG1601","K12127","PF00072 PF06203","PTHR26402 PTHR26402:SF465","CCT motif -containing response regulator protein"
"967","Manes.14G131500.v8.1",481.027375869939,0.152570899306716,0.0500247710191788,3.04990700003849,0.00228912237801024,0.0379752915056881,"Manes.14G131500","","","nucleus; ribosome biogenesis",NA,"(1 of 1) K14852 - regulator of ribosome biosynthesis (RRS1)","GO:0005634 GO:0042254","KOG1765","K14852","PF04939","PTHR17602 PTHR17602:SF4","ribosome biogenesis regulatory protein (RRS1) family protein"
"968","Manes.18G022800.v8.1",54.2128639255156,-0.167750814906198,0.0549788824816426,-3.05118633435682,0.00227939069466183,0.0379752915056881,"Manes.18G022800","","","",NA,"(1 of 4) PTHR10743:SF2 - PROTEIN RER1B-RELATED","GO:0016021","KOG1688","","PF03248","PTHR10743 PTHR10743:SF2",""
"969","Manes.18G032500.v8.1",36.6526267845255,-0.212988509011334,0.069837062819527,-3.04979190722467,0.00228999973324362,0.0379752915056881,"Manes.18G032500","","","",NA,"","","","","","PTHR33344 PTHR33344:SF1",""
"970","Manes.18G058200.v8.1",1570.8633390275,0.204374837780684,0.0669952708532446,3.0505860365633,0.00228395233083196,0.0379752915056881,"Manes.18G058200","","","NADPH-hemoprotein reductase activity; iron ion binding; FMN binding; oxidoreductase activity",NA,"(1 of 3) 1.6.2.4 - NADPH--hemoprotein reductase / TPNH-cytochrome c reductase","GO:0003958 GO:0005506 GO:0010181 GO:0016491 GO:0055114","","K00327","PF00175 PF00258 PF00667","PTHR19384 PTHR19384:SF85","P450 reductase 1"
"971","Manes.13G088677.v8.1",19.8482242840518,-0.482070357666824,0.158105053947818,-3.04905090400165,0.00229565579788625,0.0380000778984816,"Manes.13G088677","","","",NA,"","","","","","PTHR34950 PTHR34950:SF2",""
"972","Manes.02G086700.v8.1",96.2268022481867,0.20168857416946,0.0661849603863204,3.04734750904446,0.00230870633147191,0.0381767868989177,"Manes.02G086700","","","protein binding; hydrolase activity",NA,"(1 of 3) K04460 - serine/threonine-protein phosphatase 5 (PPP5C)","GO:0005515 GO:0016787","","K04460","PF00149 PF13414","PTHR11668 PTHR11668:SF21",""
"973","Manes.02G146300.v8.1",57.5795394777491,0.2733640760385,0.0897476941359845,3.04591754328866,0.00231971441923917,0.038319393484513,"Manes.02G146300","","","",NA,"","","","","","PTHR31110 PTHR31110:SF2",""
"974","Manes.10G000600.v8.1",29.3240764564236,0.215048859863309,0.0706268142751226,3.04486138969256,0.00232787568630962,0.0384147288563189,"Manes.10G000600","","","",NA,"(1 of 1) PTHR10994:SF67 - RETICULON-LIKE PROTEIN B16","","KOG1792","","PF02453","PTHR10994 PTHR10994:SF67","Reticulon family protein"
"975","Manes.05G191300.v8.1",49.6943512616118,-0.19013903956267,0.0624608033991867,-3.04413374812829,0.00233351371609933,0.0384682727783227,"Manes.05G191300","","","",NA,"","","","","","PTHR37257","plastid transcriptionally active7"
"976","Manes.04G133400.v8.1",568.833258253539,0.161944938106545,0.0532127979037695,3.04334567032929,0.00233963413148147,0.0384902143247715,"Manes.04G133400","","","protein kinase activity; ATP binding; protein phosphorylation",NA,"(1 of 4) PTHR11909//PTHR11909:SF73 - CASEIN KINASE-RELATED // PROTEIN KINASE FAMILY PROTEIN","GO:0004672 GO:0005524 GO:0006468","KOG1164","","PF00069","PTHR11909 PTHR11909:SF73",""
"977","Manes.07G036600.v8.1",591.994019206948,0.129569629801979,0.0425711006839708,3.04360535011408,0.00233761576935325,0.0384902143247715,"Manes.07G036600","","","protein binding",NA,"(1 of 1) K03125 - transcription initiation factor TFIID subunit 1 (TAF1)","GO:0005515","","K03125","PF00240 PF00439 PF09247 PF12157","PTHR13900 PTHR13900:SF0","HAC13 protein (HAC13)"
"978","Manes.04G146100.v8.1",159.751861639975,-0.29113607992817,0.0956861830156104,-3.04261358069506,0.00234533289536489,0.0385414376314681,"Manes.04G146100","","","serine-type endopeptidase activity; proteolysis",NA,"(1 of 1) PTHR10795//PTHR10795:SF331 - PROPROTEIN CONVERTASE SUBTILISIN/KEXIN // SUBFAMILY NOT NAMED","GO:0004252 GO:0006508","","","PF00082 PF02225 PF05922","PTHR10795 PTHR10795:SF331","Subtilase family protein"
"979","Manes.13G123800.v8.1",10.8440827585419,-0.5066034431494,0.166518240429828,-3.04233002848048,0.00234754354763935,0.0385414376314681,"Manes.13G123800","LIPAS-PWY","triacylglycerol degradation","lipid metabolic process",NA,"(1 of 2) PTHR21493//PTHR21493:SF142 - CGI-141-RELATED/LIPASE CONTAINING PROTEIN // SUBFAMILY NOT NAMED","GO:0006629","KOG4569","","PF01764","PTHR21493 PTHR21493:SF142",""
"980","Manes.04G032200.v8.1",1014.87273789409,-0.137279926489394,0.0451390471068833,-3.04126771139702,0.00235584264354677,0.0385988367071633,"Manes.04G032200","","","nucleic acid binding",NA,"(1 of 2) PTHR19965//PTHR19965:SF29 - RNA AND EXPORT FACTOR BINDING PROTEIN // SUBFAMILY NOT NAMED","GO:0003676","KOG0533","K12881","PF00076 PF13865","PTHR19965 PTHR19965:SF29","RNA-binding (RRM/RBD/RNP motifs) family protein"
"981","Manes.12G130000.v8.1",34.8094094308493,0.322078654739743,0.105894195056289,3.04151379184231,0.0023539178122767,0.0385988367071633,"Manes.12G130000","","","",NA,"(1 of 2) KOG2296 - Integral membrane protein","","","","PF04791","PTHR21355 PTHR21355:SF2","LMBR1-like membrane protein"
"982","Manes.05G206100.v8.1",127.901091691637,0.174905825070674,0.0575233227710341,3.04060712498945,0.00236101685288964,0.0386186699555639,"Manes.05G206100","","","protein binding",NA,"(1 of 4) PF16529 - WD40 region of Ge1, enhancer of mRNA-decapping protein (Ge1_WD40)","GO:0005515","","","PF16529","PTHR15598 PTHR15598:SF7","Transducin/WD40 repeat-like superfamily protein"
"983","Manes.10G062100.v8.1",234.54847202714,0.181949513459013,0.0598419753226654,3.04049979095692,0.00236185855573442,0.0386186699555639,"Manes.10G062100","","","RNA binding; RNA-DNA hybrid ribonuclease activity; RNA metabolic process",NA,"(1 of 1) K10743 - ribonuclease H2 subunit A (RNASEH2A)","GO:0003723 GO:0004523 GO:0016070","KOG2299","K10743","PF01351","PTHR10954 PTHR10954:SF7","Polynucleotidyl transferase, ribonuclease H-like superfamily protein"
"984","Manes.12G153300.v8.1",10.8044924248414,-0.313593380878332,0.103222940671331,-3.038020219525,0.00238137975627712,0.0388982894539045,"Manes.12G153300","PWY-1081","homogalacturonan degradation","enzyme inhibitor activity; cell wall; pectinesterase activity; cell wall modification",NA,"(1 of 4) PTHR31707//PTHR31707:SF24 - FAMILY NOT NAMED // PECTINESTERASE/PECTINESTERASE INHIBITOR 51-RELATED","GO:0004857 GO:0005618 GO:0030599 GO:0042545","","","PF01095 PF04043","PTHR31707 PTHR31707:SF24","Plant invertase/pectin methylesterase inhibitor superfamily"
"985","Manes.13G134300.v8.1",113.891496988503,0.137551492428888,0.0452957252985594,3.03674334657938,0.00239148985213826,0.0390237729882418,"Manes.13G134300","","","protein binding; nucleus; zinc ion binding; metal ion binding",NA,"(1 of 1) PTHR22884:SF299 - HISTONE-LYSINE N-METHYLTRANSFERASE SUVR5","GO:0005515 GO:0005634 GO:0008270 GO:0018024 GO:0034968 GO:0046872","KOG1082","","PF00856 PF05033","PTHR22884 PTHR22884:SF299","nucleic acid binding;sequence-specific DNA binding transcription factors;zinc ion binding"
"986","Manes.12G084400.v8.1",115.884572654407,-0.282215727415204,0.0930115358144435,-3.03420134872538,0.00241173409155358,0.0393142008656599,"Manes.12G084400","","","",NA,"(1 of 2) PTHR31343//PTHR31343:SF3 - FAMILY NOT NAMED // GB|AAD11584.1","","","","PF05623","PTHR31343 PTHR31343:SF3","Protein of unknown function (DUF789)"
"987","Manes.17G075400.v8.1",72.9816118854895,0.323786002067791,0.106726286717215,3.0337980644422,0.00241496018944501,0.0393269048885002,"Manes.17G075400","","","metal ion transport; metal ion binding",NA,"(1 of 3) PTHR22814//PTHR22814:SF150 - COPPER TRANSPORT PROTEIN ATOX1-RELATED // SUBFAMILY NOT NAMED","GO:0030001 GO:0046872","KOG1603","","PF00403","PTHR22814 PTHR22814:SF150","Heavy metal transport/detoxification superfamily protein"
"988","Manes.13G025000.v8.1",6.50905451158899,0.551173417061809,0.181716572695657,3.03314886961316,0.00242016176215608,0.039331911024403,"Manes.13G025000","","","",NA,"","","","","","",""
"989","Manes.17G065200.v8.1",52.9636604264593,0.200229116927125,0.0660114638111828,3.03324764164985,0.00241936970572869,0.039331911024403,"Manes.17G065200","","","intracellular anatomical structure; RNA processing",NA,"(1 of 2) K13217 - pre-mRNA-processing factor 39 (PRPF39, PRP39)","GO:0005622 GO:0006396","KOG1258","K13217","","PTHR17204 PTHR17204:SF18","Tetratricopeptide repeat (TPR)-like superfamily protein"
"990","Manes.03G173600.v8.1",127.789903767636,0.214588659694916,0.0707947433607792,3.03113832338292,0.00243633607493754,0.0393441919272868,"Manes.03G173600","PWY-7528; PWY-7270; PWY-4361; PWY-5389","L-methionine salvage cycle I (bacteria and plants); L-methionine salvage cycle II (plants); <i>S</i>-methyl-5-thio-&alpha;-D-ribose 1-phosphate degradation; 3-methylthiopropanoate biosynthesis","acireductone dioxygenase [iron(II)-requiring] activity",NA,"(1 of 1) PTHR23418:SF4 - 1,2-DIHYDROXY-3-KETO-5-METHYLTHIOPENTENE DIOXYGENASE 4","GO:0010309 GO:0055114","KOG2107","K08967","PF07883","PTHR23418 PTHR23418:SF4","RmlC-like cupins superfamily protein"
"991","Manes.05G190000.v8.1",123.393766107866,-0.228313657598767,0.0752985062057098,-3.03211403656577,0.00242847440536339,0.0393441919272868,"Manes.05G190000","","","double-stranded RNA binding",NA,"(1 of 1) PTHR11207//PTHR11207:SF1 - RIBONUCLEASE III // SUBFAMILY NOT NAMED","GO:0003725","","","PF00035","PTHR11207 PTHR11207:SF1","dsRNA-binding domain-like superfamily protein"
"992","Manes.06G083000.v8.1",262.812015147349,0.186180106121852,0.0614193538384874,3.03129379399602,0.00243508183471506,0.0393441919272868,"Manes.06G083000","","","RNA binding; RNA processing; metal ion binding",NA,"(1 of 10) PF01805 - Surp module (Surp)","GO:0003723 GO:0006396 GO:0046872","","","PF01805","PTHR36886 PTHR36886:SF2",""
"993","Manes.10G020100.v8.1",4820.66512944124,0.43885423857357,0.144727443904754,3.0322807252948,0.00242713365912463,0.0393441919272868,"Manes.10G020100","","","",NA,"(1 of 10) PTHR11527//PTHR11527:SF152 - SMALL HEAT-SHOCK PROTEIN  HSP20  FAMILY // SUBFAMILY NOT NAMED","","KOG0710","K13993","PF00011","PTHR11527 PTHR11527:SF152",""
"994","Manes.11G060400.v8.1",444.416610047772,-0.135430422934288,0.0446679027876603,-3.03194048706717,0.00242987105583912,0.0393441919272868,"Manes.11G060400","","","endoplasmic reticulum; EMC complex",NA,"(1 of 2) KOG4455 - Uncharacterized conserved protein","GO:0005783 GO:0016021 GO:0072546","KOG4455","","PF07019","PTHR20994","Rab5-interacting family protein"
"995","Manes.11G164100.v8.1",131.658891322047,0.129829217249918,0.0428231238706724,3.03175493786972,0.00243136508774959,0.0393441919272868,"Manes.11G164100","","","",NA,"(1 of 3) K12611 - mRNA-decapping enzyme 1B (DCP1B)","","KOG2868","K12611","PF06058","PTHR16290 PTHR16290:SF3","decapping 1"
"996","Manes.12G014400.v8.1",316.694012406872,0.218552800104147,0.0721242512275567,3.03022626071497,0.00244370594485636,0.0393441919272868,"Manes.12G014400","PWY-5409; PWY-735","divinyl ether biosynthesis II; jasmonic acid biosynthesis","protein binding; oxidoreductase activity; oxidoreductase activity, acting on single donors with incorporation of molecular oxygen, incorporation of two atoms of oxygen; metal ion binding",NA,"(1 of 1) PTHR11771:SF60 - LIPOXYGENASE 6, CHLOROPLASTIC","GO:0005515 GO:0016491 GO:0016702 GO:0046872 GO:0055114","","K00454","PF00305 PF01477","PTHR11771 PTHR11771:SF60","PLAT/LH2 domain-containing lipoxygenase family protein"
"997","Manes.14G075900.v8.1",1893.6421670511,-0.200882742008254,0.0662871846440282,-3.03049138513007,0.00244156152172402,0.0393441919272868,"Manes.14G075900","PWY-7511","protein ubiquitylation","",NA,"(1 of 4) K10573 - ubiquitin-conjugating enzyme E2 A (UBE2A, UBC2, RAD6A)","","KOG0419","K10573","PF00179","PTHR24067 PTHR24067:SF120","ubiquiting-conjugating enzyme 2"
"998","Manes.14G117600.v8.1",71.9110547670663,0.184794277923679,0.060970825178697,3.03086398096258,0.00243855074119038,0.0393441919272868,"Manes.14G117600","","","GTP binding; hydrolase activity, acting on acid anhydrides",NA,"(1 of 2) PTHR10903//PTHR10903:SF68 - GTPASE, IMAP FAMILY MEMBER-RELATED // TRANSLOCASE OF CHLOROPLAST 90, CHLOROPLASTIC","GO:0005525 GO:0016817","","","PF04548 PF11886","PTHR10903 PTHR10903:SF68","Avirulence induced gene (AIG1) family protein"
"999","Manes.15G108500.v8.1",1183.89215064686,-0.123561565837051,0.0407791594321559,-3.03001747847745,0.0024453958648267,0.0393441919272868,"Manes.15G108500","","","GTPase activity; structural constituent of cytoskeleton; GTP binding; microtubule; microtubule-based process",NA,"(1 of 3) PTHR11588:SF48 - TUBULIN ALPHA-1 CHAIN-RELATED","GO:0003924 GO:0005200 GO:0005525 GO:0005874 GO:0007017","","K07374","PF00091 PF03953","PTHR11588 PTHR11588:SF48",""
"1000","Manes.05G204400.v8.1",231.870996031554,0.245266181116118,0.0809669309556051,3.02921425106998,0.00245190730459525,0.0393701359707886,"Manes.05G204400","","","voltage-gated chloride channel activity; chloride transport; membrane; transmembrane transport",NA,"(1 of 2) PTHR11689:SF77 - CHLORIDE CHANNEL PROTEIN CLC-F","GO:0005247 GO:0006821 GO:0016020 GO:0055085","KOG0475","","PF00571 PF00654","PTHR11689 PTHR11689:SF77","chloride channel F"
"1001","Manes.18G044700.v8.1",43.1266590102004,-0.194669027658044,0.064262332824899,-3.02928666141759,0.00245131965315893,0.0393701359707886,"Manes.18G044700","","","",NA,"(1 of 1) PTHR11266//PTHR11266:SF18//PTHR11266:SF43 - PEROXISOMAL MEMBRANE PROTEIN 2, PXMP2  MPV17 // 22 KDA PEROXISOMAL MEMBRANE PROTEIN // SUBFAMILY NOT NAMED","GO:0016021","KOG1944","K13348","PF04117","PTHR11266 PTHR11266:SF43","Peroxisomal membrane 22 kDa (Mpv17/PMP22) family protein"
"1002","Manes.01G031001.v8.1",7.62755137905669,0.586756111783086,0.193786693550989,3.02784520975739,0.002463042146734,0.0395094575094368,"Manes.01G031001","","","DNA binding; DNA-directed 5'-3' RNA polymerase activity; extracellular matrix structural constituent; collagen trimer; DNA-templated transcription; ribonucleoside binding",NA,"(1 of 2) PTHR20856:SF20 - DNA-DIRECTED RNA POLYMERASE SUBUNIT BETA","GO:0003677 GO:0003899 GO:0005201 GO:0005581 GO:0006351 GO:0032549","","","PF00562","PTHR20856 PTHR20856:SF20",""
"1003","Manes.07G127600.v8.1",21.5213487727475,-0.243466716821505,0.0804363027419492,-3.02682630257857,0.0024713592501647,0.0396033471863382,"Manes.07G127600","","","",NA,"(1 of 4) PTHR34271//PTHR34271:SF1 - FAMILY NOT NAMED // NUCLEOLAR HISTONE METHYLTRANSFERASE-RELATED PROTEIN","GO:0018024","","","PF10440","PTHR34271 PTHR34271:SF1",""
"1004","Manes.12G073600.v8.1",535.966960792912,0.179471222406909,0.0593069135257728,3.0261433572819,0.0024769483506356,0.039613921233598,"Manes.12G073600","","","protein binding; ATP binding; zinc ion binding",NA,"(1 of 1) K15083 - DNA repair protein RAD16 (RAD16)","GO:0005515 GO:0005524 GO:0008270","","K15083","PF00176 PF00271 PF14634","PTHR10799 PTHR10799:SF763","Helicase protein with RING/U-box domain"
"1005","Manes.14G114900.v8.1",403.711199343906,0.200754225028243,0.0663352126964701,3.02635986028768,0.00247517527853117,0.039613921233598,"Manes.14G114900","","","protein binding",NA,"(1 of 2) PTHR22847//PTHR22847:SF499 - WD40 REPEAT PROTEIN // TOPLESS-RELATED PROTEIN 4","GO:0005515","KOG0266","","PF00400","PTHR22847 PTHR22847:SF499","WUS-interacting protein 2"
"1006","Manes.11G092040.v8.1",46.2740622844146,-0.371835351346651,0.12291306037507,-3.02518992051775,0.00248477044824022,0.0396718650554699,"Manes.11G092040","PWY-6545; PWY-7211; PWY-7184; PWY-7210","pyrimidine deoxyribonucleotides <i>de novo</i> biosynthesis III; superpathway of pyrimidine deoxyribonucleotides <i>de novo</i> biosynthesis; pyrimidine deoxyribonucleotides <i>de novo</i> biosynthesis I; pyrimidine deoxyribonucleotides biosynthesis from CTP","",NA,"(1 of 1) 3.4.22.28 - Picornain 3C / Rhinovirus protease 3C","","","","","",""
"1007","Manes.12G144300.v8.1",7.6798912326406,0.408484460016344,0.135031713375516,3.0251001768775,0.00248550787723873,0.0396718650554699,"Manes.12G144300","CAROTENOID-PWY; PWY-5945","superpathway of carotenoid biosynthesis; zeaxanthin, antheraxanthin and violaxanthin interconversion","","carot","(1 of 2) 1.10.99.3 - Transferred entry: 1.23.5.1","","","","","PTHR33970 PTHR33970:SF2","violaxanthin de-epoxidase-related"
"1008","Manes.06G063400.v8.1",72.1583792991029,-0.220369243456482,0.0728655218322536,-3.02432807609342,0.0024918605534018,0.0396944248511667,"Manes.06G063400","PWY-5669","phosphatidylethanolamine biosynthesis I","phosphatidylserine biosynthetic process",NA,"(1 of 2) 2.7.8.8 - CDP-diacylglycerol--serine O-phosphatidyltransferase / Phosphatidylserine synthase","GO:0006659","","K08730","PF03034","PTHR15362 PTHR15362:SF6","phosphatidyl serine synthase family protein"
"1009","Manes.14G077500.v8.1",9.10171116494715,0.342518278361227,0.113245279838895,3.02457002047679,0.00248986829170709,0.0396944248511667,"Manes.14G077500","","","methyltransferase activity",NA,"(1 of 2) PTHR10108:SF776 - METHYLTRANSFERASE PMT2-RELATED","GO:0008168","","","PF03141","PTHR10108 PTHR10108:SF776",""
"1010","Manes.05G104800.v8.1",2425.76437199837,0.11945424885991,0.0395145920600986,3.02304142930867,0.00250247981186223,0.0397847260297345,"Manes.05G104800","","","calcium ion binding; regulation of DNA-templated transcription",NA,"(1 of 2) PTHR14304:SF11 - PROTEIN LST-3, ISOFORM A","GO:0005509 GO:0006355","KOG4246","","PF14443","PTHR14304 PTHR14304:SF11","ATP/GTP-binding protein family"
"1011","Manes.08G106400.v8.1",18.6305789158519,-0.378606790394323,0.125237340544859,-3.0231142624648,0.00250187758429661,0.0397847260297345,"Manes.08G106400","","","manganese ion binding; nutrient reservoir activity",NA,"(1 of 2) PTHR31238:SF39 - GERMIN-LIKE PROTEIN SUBFAMILY 2 MEMBER 1-RELATED","GO:0030145 GO:0045735","","","PF07883","PTHR31238 PTHR31238:SF39",""
"1012","Manes.13G108400.v8.1",14.7782136735753,0.273330068937628,0.0904538116145816,3.02176397056955,0.00251306417973454,0.0399135183407838,"Manes.13G108400","","","",NA,"(1 of 38) PF01535//PF12854//PF13041 - PPR repeat (PPR) // PPR repeat (PPR_1) // PPR repeat family (PPR_2)","","","","PF01535 PF12854 PF13041","PTHR24015","Tetratricopeptide repeat (TPR)-like superfamily protein"
"1013","Manes.03G187900.v8.1",123.314217070249,0.197707255484888,0.0654377099862479,3.02130461971296,0.00251688012451128,0.0399346636142841,"Manes.03G187900","","","",NA,"(1 of 1) PTHR12436//PTHR12436:SF17 - 80 KDA MCM3-ASSOCIATED PROTEIN // SAC3/GANP/NIN1/MTS3/EIF-3 P25 FAMILY PROTEIN","","KOG1860","","PF03399","PTHR12436 PTHR12436:SF17","SAC3/GANP/Nin1/mts3/eIF-3 p25 family"
"1014","Manes.03G135400.v8.1",441.275143987813,-0.157370338031463,0.0520989173570618,-3.02060668464414,0.00252268819468617,0.0399479481312225,"Manes.03G135400","","","proton transmembrane transporter activity; proton-transporting V-type ATPase, V0 domain",NA,"(1 of 1) PTHR12263//PTHR12263:SF3 - VACUOLAR ATP SYNTHASE SUBUNIT H // SUBFAMILY NOT NAMED","GO:0015078 GO:0015991 GO:0033179","KOG3500","K02153","PF05493","PTHR12263 PTHR12263:SF3","ATPase, V0 complex, subunit E"
"1015","Manes.17G070701.v8.1",166.239526924309,0.132465257758469,0.0438502064432123,3.02085824681387,0.0025205933351399,0.0399479481312225,"Manes.17G070701","","","ubiquitin-dependent protein catabolic process; ubiquitin protein ligase binding",NA,"(1 of 2) K10609 - cullin 4 (CUL4)","GO:0006511 GO:0031625","","K10609","PF00888 PF10557","PTHR11932 PTHR11932:SF27","cullin4"
"1016","Manes.04G096400.v8.1",81.7088202676569,-0.137392377858178,0.0455000997443898,-3.01960608064641,0.00253103640180307,0.0400406969352173,"Manes.04G096400","TRNA-CHARGING-PWY","tRNA charging","nucleotide binding; RNA binding; aminoacyl-tRNA ligase activity; tyrosine-tRNA ligase activity; ATP binding; cytoplasm; tRNA aminoacylation for protein translation; tyrosyl-tRNA aminoacylation",NA,"(1 of 1) PTHR11766//PTHR11766:SF0 - TYROSYL-TRNA SYNTHETASE // TYROSINE--TRNA LIGASE, MITOCHONDRIAL","GO:0000166 GO:0003723 GO:0004812 GO:0004831 GO:0005524 GO:0005737 GO:0006418 GO:0006437","","K01866","PF00579 PF01479","PTHR11766 PTHR11766:SF0","Tyrosyl-tRNA synthetase, class Ib, bacterial/mitochondrial"
"1017","Manes.04G075700.v8.1",702.813893516327,-0.172490822895841,0.0571436243700857,-3.01854887220172,0.00253988431639062,0.0401411608823466,"Manes.04G075700","","","GTP binding; intracellular anatomical structure; signal transduction; small GTPase-mediated signal transduction; protein transport; membrane",NA,"(1 of 6) PTHR24072:SF171 - RAC-LIKE GTP-BINDING PROTEIN ARAC4-RELATED","GO:0005525 GO:0005622 GO:0007165 GO:0007264 GO:0015031 GO:0016020","KOG0393","K04392","PF08477","PTHR24072 PTHR24072:SF171","RAC-like 3"
"1018","Manes.03G032400.v8.1",51.7787530527044,-0.241915054632238,0.0801825895372692,-3.0170521559396,0.00255245890828212,0.0402902883258403,"Manes.03G032400","","","monoatomic cation transport; transmembrane transport",NA,"(1 of 3) PTHR16254:SF24 - K(+) EFFLUX ANTIPORTER 6","GO:0006812 GO:0015299 GO:0016021 GO:0055085","KOG1650","","PF00999","PTHR16254 PTHR16254:SF24","K+ efflux antiporter 4"
"1019","Manes.05G174000.v8.1",219.031680800814,-0.149823501706216,0.0496625669239417,-3.01682959593432,0.00255433359074418,0.0402902883258403,"Manes.05G174000","PWY-7601; PWY-6433; PWY-5138; PWY-7606; PWY-5080; PWY-7036; PWY-6598; PWY-7726","arachidonate biosynthesis IV (8-detaturase, lower eukaryotes); hydroxylated fatty acid biosynthesis (plants); unsaturated, even numbered fatty acid &beta;-oxidation; docosahexaenoate biosynthesis III (6-desaturase, mammals); very long chain fatty acid biosynthesis I; very long chain fatty acid biosynthesis II; sciadonate biosynthesis; (4Z,7Z,10Z,13Z,16Z)-docosa-4,7,10,13,16-pentaenoate biosynthesis (6-desaturase)","",NA,"(1 of 1) 4.2.1.107//4.2.1.119 - 3-alpha,7-alpha,12-alpha-trihydroxy-5-beta-cholest-24-enoyl-CoA hydratase / D-3-hydroxyacyl-CoA dehydratase // Enoyl-CoA hydratase 2 / ECH2","","KOG4170","","PF02036","PTHR10094 PTHR10094:SF17","sterol carrier protein 2"
"1020","Manes.13G076501.v8.1",155.627583385464,0.26404304382785,0.0875700180372067,3.01522198745766,0.00256791234883411,0.0404647599831477,"Manes.13G076501","PWY-5918; HEME-BIOSYNTHESIS-II","superpathay of heme biosynthesis from glutamate; heme biosynthesis I (aerobic)","ferrochelatase activity; heme biosynthetic process",NA,"(1 of 2) 4.99.1.1 - Ferrochelatase / Protoheme ferro-lyase","GO:0004325 GO:0006783","","K01772","PF00762","PTHR11108 PTHR11108:SF5","ferrochelatase 2"
"1021","Manes.01G012400.v8.1",397.902909356111,0.288535048310018,0.0957256694009448,3.01418679143935,0.00257669109689914,0.040563326151283,"Manes.01G012400","","","",NA,"","","","","","PTHR34539 PTHR34539:SF2",""
"1022","Manes.01G173800.v8.1",3515.37193129502,0.156410176419608,0.0519159571668779,3.01275725143321,0.00258885910865317,0.0406752027892301,"Manes.01G173800","","","nucleic acid binding; zinc ion binding",NA,"(1 of 2) PTHR31437:SF1 - PROTEIN SREK1IP1","GO:0003676 GO:0008270","KOG2985","","PF13917","PTHR31437 PTHR31437:SF1","CAX interacting protein 4"
"1023","Manes.04G072100.v8.1",245.090225762821,-0.155729652499744,0.0516859165201265,-3.01299972960918,0.00258679148081526,0.0406752027892301,"Manes.04G072100","","","",NA,"(1 of 2) PTHR21704//PTHR21704:SF19 - NIPPED-B-LIKE PROTEIN  DELANGIN  SCC2-RELATED // EXPRESSED PROTEIN-RELATED","","","","PF05278","PTHR21704 PTHR21704:SF19","Arabidopsis phospholipase-like protein (PEARLI 4) family"
"1024","Manes.15G079400.v8.1",1208.02016322857,-0.138269359874463,0.0459073837964164,-3.01191983598196,0.00259601143335657,0.0407477458675197,"Manes.15G079400","","","",NA,"","","","","","PTHR33625 PTHR33625:SF4","Uncharacterised conserved protein (UCP012943)"
"1025","Manes.05G052800.v8.1",57.1717090015792,0.242221858635303,0.0804328093226037,3.01148077103447,0.0025997686810743,0.0407669092789339,"Manes.05G052800","","","",NA,"(1 of 14) PF07797 - Protein of unknown function (DUF1639) (DUF1639)","","","","PF07797","PTHR33130 PTHR33130:SF14","Protein of unknown function (DUF1639)"
"1026","Manes.17G072300.v8.1",498.105808375804,0.185683240889119,0.0616661879284396,3.01110295814936,0.00260300575045575,0.040777886381165,"Manes.17G072300","ARG-PRO-PWY; ARGASEDEG-PWY; CITRULBIO-PWY; PWY-6922; ARGININE-SYN4-PWY; PWY-3341","L-arginine degradation VI (arginase 2 pathway); L-arginine degradation I (arginase pathway); L-citrulline biosynthesis; L-<i>N<sup>&delta;</sup></i>-acetylornithine biosynthesis; L-ornithine biosynthesis II; L-proline biosynthesis III","transaminase activity; pyridoxal phosphate binding",NA,"(1 of 2) 2.6.1.13 - Ornithine aminotransferase / Ornithine--oxo-acid transaminase","GO:0008483 GO:0030170","","K00819","PF00202","PTHR11986 PTHR11986:SF18","ornithine-delta-aminotransferase"
"1027","Manes.03G032800.v8.1",65.317522479405,-0.153847715339061,0.0511228744032211,-3.00937138482511,0.00261788892649873,0.040821291729057,"Manes.03G032800","","","",NA,"","","","","","PTHR37898 PTHR37898:SF1","embryo defective 2752"
"1028","Manes.03G036600.v8.1",50.2742781878666,0.186263932453372,0.0618861719296203,3.00978274541201,0.00261434618161,0.040821291729057,"Manes.03G036600","","","protein kinase activity; protein serine/threonine kinase activity; protein tyrosine kinase activity; ATP binding; protein phosphorylation",NA,"(1 of 3) PTHR24356//PTHR24356:SF206 - SERINE/THREONINE-PROTEIN KINASE // AGC (CAMP-DEPENDENT, CGMP-DEPENDENT AND PROTEIN KINASE C) KINASE FAMILY PROTEIN","GO:0004672 GO:0004674 GO:0004713 GO:0005524 GO:0006468","","","PF00069 PF00433 PF07714","PTHR24356 PTHR24356:SF206","AGC (cAMP-dependent, cGMP-dependent and protein kinase C) kinase family protein"
"1029","Manes.11G101900.v8.1",131.435505858108,0.150951767097926,0.0501488986690271,3.01007142936833,0.00261186257780487,0.040821291729057,"Manes.11G101900","","","protein kinase activity; protein tyrosine kinase activity; protein binding; ATP binding; protein phosphorylation",NA,"(1 of 1) PTHR24361//PTHR24361:SF326 - MITOGEN-ACTIVATED KINASE KINASE KINASE // SUBFAMILY NOT NAMED","GO:0004672 GO:0004713 GO:0005515 GO:0005524 GO:0006468","KOG0198","","PF00069","PTHR24361 PTHR24361:SF326","mitogen-activated protein kinase kinase kinase 7"
"1030","Manes.13G089918.v8.1",10.6306974708587,-0.394417871463986,0.1310661718738,-3.00930336047169,0.00261847519272431,0.040821291729057,"Manes.13G089918","","","",NA,"","","","","","",""
"1031","Manes.16G099800.v8.1",277.887371708569,-0.137329940585596,0.045620234312924,-3.01028573513248,0.0026100202591553,0.040821291729057,"Manes.16G099800","","","glycylpeptide N-tetradecanoyltransferase activity; N-terminal protein myristoylation",NA,"(1 of 2) 2.3.1.97 - Glycylpeptide N-tetradecanoyltransferase / Peptide N-tetradecanoyltransferase","GO:0004379 GO:0006499","","K00671","PF01233 PF02799","PTHR11377","myristoyl-CoA:protein N-myristoyltransferase"
"1032","Manes.04G164600.v8.1",1365.85676390362,0.171239977103766,0.0569287172288902,3.00797181877945,0.00262997524851048,0.0409211928066882,"Manes.04G164600","","","calmodulin binding",NA,"(1 of 2) PTHR33923//PTHR33923:SF2 - FAMILY NOT NAMED // CALMODULIN-BINDING PROTEIN-LIKE PROTEIN","GO:0005516","","","PF07839","PTHR33923 PTHR33923:SF2","Plant calmodulin-binding protein-related"
"1033","Manes.09G134400.v8.1",138.99760777637,0.160672514762536,0.0534105633107284,3.00825351396851,0.00262753850294679,0.0409211928066882,"Manes.09G134400","","","",NA,"(1 of 4) PTHR33870:SF4 - GB|AAC35233.1|-RELATED","","","","","PTHR33870 PTHR33870:SF4","(1 of 2) PTHR33870:SF4 - GB"
"1034","Manes.08G162200.v8.1",99.1087368405075,0.187389497097935,0.0623199675386443,3.00689336819271,0.0026393232659583,0.0409255128464782,"Manes.08G162200","PWY-6724; PWY-7238","starch degradation II; sucrose biosynthesis II","4-alpha-glucanotransferase activity; carbohydrate metabolic process; starch binding","carb","(1 of 1) PTHR32518//PTHR32518:SF3 - FAMILY NOT NAMED // 4-ALPHA-GLUCANOTRANSFERASE DPE2","GO:0004134 GO:0005975 GO:2001070","","K00705","PF00686 PF02446","PTHR32518 PTHR32518:SF3","disproportionating enzyme 2"
"1035","Manes.14G120800.v8.1",81.5283450719626,-0.430162018266992,0.143039397266283,-3.00729747529766,0.00263581691031998,0.0409255128464782,"Manes.14G120800","","","",NA,"","","","","","PTHR33132 PTHR33132:SF5",""
"1036","Manes.15G064900.v8.1",833.088500923657,0.118996765087556,0.03957634343631,3.00676502060016,0.00264043780388216,0.0409255128464782,"Manes.15G064900","","","protein binding; zinc ion binding",NA,"(1 of 1) PTHR22884//PTHR22884:SF340 - SET DOMAIN PROTEINS // HISTONE-LYSINE N-METHYLTRANSFERASE SU(VAR)3-9-RELATED","GO:0005515 GO:0008270","","","PF12047","PTHR22884 PTHR22884:SF340","ENHANCED DOWNY MILDEW 2"
"1037","Manes.17G027800.v8.1",22.7480622600139,0.393224075136835,0.130760483219288,3.00720879470436,0.00263658600900859,0.0409255128464782,"Manes.17G027800","","","protein kinase activity; protein tyrosine kinase activity; protein binding; ATP binding; protein phosphorylation",NA,"(1 of 1) PTHR27001//PTHR27001:SF21//PTHR27001:SF47 - FAMILY NOT NAMED // PROTEIN STRUBBELIG-RECEPTOR FAMILY 6-RELATED // SUBFAMILY NOT NAMED","GO:0004672 GO:0004713 GO:0005515 GO:0005524 GO:0006468","KOG1187","","PF07714 PF08263 PF13855","PTHR27001 PTHR27001:SF21","STRUBBELIG-receptor family 8"
"1038","Manes.11G064300.v8.1",137.878757441472,-0.222317769187766,0.0739919558860727,-3.00462079323966,0.00265912147280574,0.0411357646125184,"Manes.11G064300","","","",NA,"(1 of 3) K17824 - DCN1-like protein 4/5 (DCUN1D4_5)","","KOG3077","K17824","PF03556","PTHR12281","Domain of unknown function (DUF298)"
"1039","Manes.15G109300.v8.1",566.084576413019,-0.258067704100497,0.0858896259913902,-3.00464347261644,0.00265892322598993,0.0411357646125184,"Manes.15G109300","","","",NA,"(1 of 13) PF03080//PF14365 - Domain of unknown function (DUF239) (DUF239) // Domain of unknown function (DUF4409) (DUF4409)","","","","PF03080 PF14365","PTHR31589 PTHR31589:SF24","Protein of Unknown Function (DUF239)"
"1040","Manes.08G037800.v8.1",1268.35982356965,-0.205807176217898,0.0685287551690641,-3.00322362065619,0.00267136063562383,0.0412457055680901,"Manes.08G037800","","","",NA,"(1 of 2) PTHR31422:SF0 - F26K24.14 PROTEIN-RELATED","","","","PF04576","PTHR31422 PTHR31422:SF0","Protein of unknown function, DUF593"
"1041","Manes.09G003800.v8.1",104.515002915867,-0.183150907425979,0.0609839883985313,-3.00326220431969,0.00267102195454549,0.0412457055680901,"Manes.09G003800","","","",NA,"","","","","","PTHR35489","titan9"
"1042","Manes.05G019400.v8.1",8.63713443842704,-0.531768839257569,0.177098108561406,-3.00267938250276,0.00267614205201611,0.0412668263635532,"Manes.05G019400","","","GTPase activity; GTP binding; intracellular anatomical structure; intracellular protein transport; nucleocytoplasmic transport; signal transduction; small GTPase-mediated signal transduction; protein transport; membrane",NA,"(1 of 3) PTHR24073//PTHR24073:SF345 - FAMILY NOT NAMED // RAS-RELATED PROTEIN RABA3","GO:0003924 GO:0005525 GO:0005622 GO:0006886 GO:0006913 GO:0007165 GO:0007264 GO:0015031 GO:0016020","KOG0087","K07904","PF00025","PTHR24073 PTHR24073:SF345","RAB GTPase homolog A3"
"1043","Manes.09G046200.v8.1",93.0630458449735,0.125601815637175,0.0418326392007553,3.00248365957525,0.00267786349139464,0.0412668263635532,"Manes.09G046200","","","",NA,"(1 of 1) PTHR23185//PTHR23185:SF0 - UNCHARACTERIZED // PROTEIN VIRILIZER HOMOLOG","","","","PF15912","PTHR23185 PTHR23185:SF0","embryo defective 2016"
"1044","Manes.18G113450.v8.1",104.935255858558,0.242174014589444,0.0806663699364181,3.00216824905259,0.00268063974709501,0.0412700408573354,"Manes.18G113450","","","protein kinase activity; ATP binding; protein phosphorylation",NA,"(1 of 2) K17541 - SCY1-like protein 2 (SCYL2)","GO:0004672 GO:0005524 GO:0006468","","K17541","PF00069","PTHR12984 PTHR12984:SF6","Protein kinase family protein with ARM repeat domain"
"1045","Manes.08G136800.v8.1",187.988711398695,0.241712918109027,0.0805327530361416,3.00142375612754,0.00268720323766747,0.0413315001330423,"Manes.08G136800","","","",NA,"(1 of 21) PF04576 - Zein-binding (Zein-binding)","","","","PF04576","PTHR31448 PTHR31448:SF10",""
"1046","Manes.12G140400.v8.1",42.9107251921889,-0.142408037927685,0.0474691249727477,-3.00001396717219,0.0026996722650741,0.0414835873007037,"Manes.12G140400","","","",NA,"","","","","","PTHR37248 PTHR37248:SF1",""
"1047","Manes.12G005800.v8.1",126.282210191565,0.139486115770863,0.0465056738991032,2.99933543750997,0.00270569241905081,0.0415363841942728,"Manes.12G005800","","","DNA-binding transcription factor activity; regulation of DNA-templated transcription; sequence-specific DNA binding",NA,"(1 of 1) PTHR31221:SF35 - WRKY TRANSCRIPTION FACTOR 10-RELATED","GO:0003700 GO:0006355 GO:0043565","","K18835","PF03106","PTHR31221 PTHR31221:SF35",""
"1048","Manes.16G112200.v8.1",529.882292104087,-0.128359161191615,0.0428026512689577,-2.99886005623924,0.00270991747385556,0.0415615491958783,"Manes.16G112200","","","protein kinase activity; protein tyrosine kinase activity; ATP binding; protein phosphorylation",NA,"(1 of 3) PTHR11909//PTHR11909:SF97 - CASEIN KINASE-RELATED // CASEIN KINASE 1-LIKE PROTEIN 4","GO:0004672 GO:0004713 GO:0005524 GO:0006468","","","PF00069","PTHR11909 PTHR11909:SF97","casein kinase I-like 3"
"1049","Manes.06G162200.v8.1",832.325330517355,-0.168327547768051,0.0561439046592244,-2.99814465683757,0.00271628710534622,0.0416195258762915,"Manes.06G162200","","","nucleic acid binding; RNA binding; nucleus; cytoplasm; RNA processing",NA,"(1 of 2) K12876 - RNA-binding protein 8A (RBM8A, Y14)","GO:0003676 GO:0003723 GO:0005634 GO:0005737 GO:0006396","KOG0130","K12876","PF00076","PTHR23139","RNA-binding (RRM/RBD/RNP motifs) family protein"
"1050","Manes.06G056400.v8.1",17.8729018332133,-0.597162128402216,0.199242186206706,-2.99716711491352,0.00272501286682909,0.0417134588652799,"Manes.06G056400","","","electron transfer activity",NA,"(1 of 5) PTHR33021:SF55 - BLUE COPPER PROTEIN","GO:0009055","","","PF02298","PTHR33021 PTHR33021:SF55",""
"1051","Manes.12G017500.v8.1",60.5208357752384,-0.225354647528781,0.075212099612761,-2.99625523937037,0.00273317555460594,0.0417986019878033,"Manes.12G017500","","","phosphorelay signal transduction system",NA,"(1 of 3) PTHR26402//PTHR26402:SF608 - RESPONSE REGULATOR OF TWO-COMPONENT SYSTEM // SUBFAMILY NOT NAMED","GO:0000160","KOG1601","","PF00072 PF00249","PTHR26402 PTHR26402:SF608","response regulator 11"
"1052","Manes.05G071600.v8.1",243.745059102397,-0.142988991317365,0.0477383585859026,-2.99526409271203,0.00274207317170373,0.0418550257253505,"Manes.05G071600","","","DNA binding; nucleus; zinc ion binding",NA,"(1 of 2) PF01429//PF07496 - Methyl-CpG binding domain (MBD) // CW-type Zinc Finger (zf-CW)","GO:0003677 GO:0005634 GO:0008270","","","PF01429 PF07496","PTHR12396","methyl-CPG-binding domain 4"
"1053","Manes.06G098900.v8.1",74.9477806145057,0.291886550769314,0.0974476229866789,2.99531729788026,0.00274159487259295,0.0418550257253505,"Manes.06G098900","","","protein kinase activity; protein serine/threonine kinase activity; protein tyrosine kinase activity; ATP binding; protein phosphorylation",NA,"(1 of 4) K04688 - p70 ribosomal S6 kinase (RPS6KB)","GO:0004672 GO:0004674 GO:0004713 GO:0005524 GO:0006468","KOG0598","K04688","PF00433 PF14531","PTHR24351 PTHR24351:SF83",""
"1054","Manes.02G137100.v8.1",323.760820312607,0.164823418195151,0.0551198265206643,2.99027461803347,0.00278726736455333,0.0423381019596544,"Manes.02G137100","","","ubiquitin-dependent protein catabolic process; proteasome regulatory particle, base subcomplex",NA,"(1 of 3) K03029 - 26S proteasome regulatory subunit N10 (PSMD4, RPN10)","GO:0006511 GO:0008540","KOG2884","K03029","PF02809 PF13519","PTHR10223 PTHR10223:SF0","regulatory particle non-ATPase 10"
"1055","Manes.04G059100.v8.1",87.8237275275403,-0.165842588817681,0.055450302544692,-2.99083289372525,0.00278217696778153,0.0423381019596544,"Manes.04G059100","","","protein binding",NA,"(1 of 6) PTHR27001//PTHR27001:SF1 - FAMILY NOT NAMED // BRASSINOSTEROID INSENSITIVE 1-ASSOCIATED RECEPTOR KINASE 1-RELATED","GO:0005515","","","PF00560 PF08263","PTHR27001 PTHR27001:SF1","Leucine-rich repeat (LRR) family protein"
"1056","Manes.08G037000.v8.1",21.1424506418761,0.291042279637042,0.0973279591178362,2.99032551668605,0.00278680291491457,0.0423381019596544,"Manes.08G037000","SUCSYN-PWY; PWY-7238","sucrose biosynthesis I (from photosynthesis); sucrose biosynthesis II","magnesium ion binding; catalytic activity; sucrose biosynthetic process; metabolic process; phosphatase activity; sucrose-phosphate phosphatase activity","carb","(1 of 3) 3.1.3.24 - Sucrose-phosphate phosphatase / Sucrose-6-phosphate phosphatase","GO:0000287 GO:0003824 GO:0005986 GO:0008152 GO:0016791 GO:0050307","","","PF08282 PF08472","PTHR12526 PTHR12526:SF2","Sucrose-6F-phosphate phosphohydrolase family protein"
"1057","Manes.10G137900.v8.1",17.1548346659954,0.441947674826754,0.14780325552593,2.99010785150953,0.00278878960255312,0.0423381019596544,"Manes.10G137900","","","ADP binding",NA,"(1 of 6) PTHR23155//PTHR23155:SF414 - LEUCINE-RICH REPEAT-CONTAINING PROTEIN // SUBFAMILY NOT NAMED","GO:0043531","KOG4658","","PF00931","PTHR23155 PTHR23155:SF414",""
"1058","Manes.16G069800.v8.1",117.927576297533,-0.153514832798628,0.0513221278417707,-2.99120163668825,0.0027788194015486,0.0423381019596544,"Manes.16G069800","","","",NA,"","","","","","PTHR35469 PTHR35469:SF2",""
"1059","Manes.18G051100.v8.1",34.4516540608442,0.333559759684471,0.111557432617154,2.99002721610842,0.00278952591148348,0.0423381019596544,"Manes.18G051100","","","membrane",NA,"(1 of 2) PTHR13018:SF31 - LIPASE/HYDROLASE","GO:0016020","KOG1134","","PF02714 PF13967","PTHR13018 PTHR13018:SF31","Early-responsive to dehydration stress protein (ERD4)"
"1060","Manes.07G101100.v8.1",343.084731473471,-0.16011208956684,0.0535552407085329,-2.98966240182223,0.00279285937253703,0.0423487063158374,"Manes.07G101100","","","vacuolar proton-transporting V-type ATPase complex",NA,"(1 of 4) K02152 - V-type H+-transporting ATPase subunit G (ATPeV1G, ATP6G)","GO:0015992 GO:0016471 GO:0016820","KOG1772","K02152","PF03179","PTHR12713","vacuolar membrane ATPase 10"
"1061","Manes.17G025100.v8.1",64.1586874985225,0.150342717191595,0.0503141156310262,2.98808227683298,0.00280733968220009,0.0425281533572121,"Manes.17G025100","","","protein kinase CK2 complex; protein kinase regulator activity",NA,"(1 of 3) K03115 - casein kinase II subunit beta (CSNK2B)","GO:0005956 GO:0019887","KOG3092","K03115","PF01214","PTHR11740 PTHR11740:SF4","casein kinase II  beta subunit 4"
"1062","Manes.05G057500.v8.1",619.443395940608,0.165425871951765,0.0553709111257264,2.9875952659718,0.00281181646600898,0.0425558625783073,"Manes.05G057500","","","RNA binding; protein binding",NA,"(1 of 2) PTHR23253//PTHR23253:SF26 - EUKARYOTIC TRANSLATION INITIATION FACTOR 4 GAMMA // EUKARYOTIC TRANSLATION INITIATION FACTOR 4G","GO:0003723 GO:0005515","KOG0401","K03260","PF02847 PF02854","PTHR23253 PTHR23253:SF26","eukaryotic translation initiation factor 4G"
"1063","Manes.01G061900.v8.1",192.956789405445,0.159557736337718,0.0534439512669056,2.98551534000297,0.00283100938418757,0.0426302223797196,"Manes.01G061900","","","chromatin binding; nucleus; DNA-templated transcription; zinc ion binding",NA,"(1 of 2) PTHR15141//PTHR15141:SF38 - TRANSCRIPTION ELONGATION FACTOR B POLYPEPTIDE 3 // BROMO-ADJACENT HOMOLOGY (BAH) DOMAIN-CONTAINING PROTEIN-RELATED","GO:0003682 GO:0005634 GO:0006351 GO:0008270","KOG1886","","PF01426 PF07500","PTHR15141 PTHR15141:SF38","bromo-adjacent homology (BAH) domain-containing protein"
"1064","Manes.01G066800.v8.1",45.5467575199845,0.176289187908609,0.0590539544168748,2.98522240634632,0.00283372207531127,0.0426302223797196,"Manes.01G066800","PWY-5995; PWY-6433; PWY-7416; PWY-6803; PWY-7409","linoleate biosynthesis I (plants); hydroxylated fatty acid biosynthesis (plants); phospholipid remodeling (phosphatidylcholine, yeast); phosphatidylcholine acyl editing; phospholipid remodeling (phosphatidylethanolamine, yeast)","",NA,"(1 of 2) K13519 - lysophospholipid acyltransferase (LPT1, ALE1)","","KOG2704","K13519","PF03062","PTHR13906 PTHR13906:SF4","MBOAT (membrane bound O-acyl transferase) family protein"
"1065","Manes.01G264800.v8.1",70.9110837583539,0.173272336438031,0.0580264754330883,2.98609100664464,0.00282568537190374,0.0426302223797196,"Manes.01G264800","","","protein binding",NA,"(1 of 1) KOG2505 - Ankyrin repeat protein","GO:0005515","KOG2505","","","PTHR16036 PTHR16036:SF2","zinc finger protein-related"
"1066","Manes.05G196400.v8.1",294.943396143106,0.289738026995365,0.0970629554634828,2.98505259408025,0.00283529569613141,0.0426302223797196,"Manes.05G196400","","","calcium ion binding",NA,"(1 of 5) PTHR23050:SF166 - CALMODULIN-5","GO:0005509","KOG0027","K02183","PF13499","PTHR23050 PTHR23050:SF166","calmodulin 5"
"1067","Manes.06G114500.v8.1",473.05368613109,0.147402650860115,0.0493521241933584,2.98675392942766,0.00281956570461207,0.0426302223797196,"Manes.06G114500","PWY-6773","1,3-&beta;-D-glucan biosynthesis","1,3-beta-D-glucan synthase complex; 1,3-beta-D-glucan synthase activity; (1->3)-beta-D-glucan biosynthetic process; membrane",NA,"(1 of 1) PTHR12741//PTHR12741:SF5 - LYST-INTERACTING PROTEIN LIP5  DOPAMINE RESPONSIVE PROTEIN DRG-1 // CALLOSE SYNTHASE 10","GO:0000148 GO:0003843 GO:0006075 GO:0016020","","K11000","PF02364 PF14288","PTHR12741 PTHR12741:SF5","glucan synthase-like 8"
"1068","Manes.11G085500.v8.1",5518.43776855087,0.22593101529765,0.0756540144287473,2.98637180067209,0.00282309178693249,0.0426302223797196,"Manes.11G085500","GLYCOGENSYNTH-PWY; PWY-622","glycogen biosynthesis I (from ADP-D-Glucose); starch biosynthesis","glycogen biosynthetic process; glucose-1-phosphate adenylyltransferase activity; biosynthetic process; nucleotidyltransferase activity","carb","(1 of 1) PTHR22572:SF111 - GLUCOSE-1-PHOSPHATE ADENYLYLTRANSFERASE LARGE SUBUNIT 3, CHLOROPLASTIC-RELATED","GO:0005978 GO:0008878 GO:0009058 GO:0016779","KOG1322","K00975","PF00483","PTHR22572 PTHR22572:SF111","Glucose-1-phosphate adenylyltransferase family protein"
"1069","Manes.17G110100.v8.1",235.497349260421,-0.146585897402594,0.0490973872863194,-2.98561502973172,0.00283008675552003,0.0426302223797196,"Manes.17G110100","","","GTPase activity; GTP binding; intracellular anatomical structure; intracellular protein transport; nucleocytoplasmic transport; signal transduction; small GTPase-mediated signal transduction; protein transport; membrane",NA,"(1 of 2) PTHR24073//PTHR24073:SF597 - FAMILY NOT NAMED // RAS-RELATED PROTEIN RABB1B","GO:0003924 GO:0005525 GO:0005622 GO:0006886 GO:0006913 GO:0007165 GO:0007264 GO:0015031 GO:0016020","KOG0098","K07877","PF00025","PTHR24073 PTHR24073:SF597","GTP-binding 2"
"1070","Manes.08G037100.v8.1",70.4095514231721,0.168556222674449,0.0564759577827934,2.98456598687032,0.00283980942098408,0.0426389272901293,"Manes.08G037100","CAROTENOID-PWY; PWY-6475","superpathway of carotenoid biosynthesis; <i>trans</i>-lycopene biosynthesis II (plants)","carotenoid biosynthetic process; oxidoreductase activity; isomerase activity","carot","(1 of 1) K09835 - prolycopene isomerase (crtISO, crtH)","GO:0016117 GO:0016491 GO:0016853 GO:0055114","","K09835","PF01593","PTHR10668 PTHR10668:SF5","carotenoid isomerase"
"1071","Manes.18G022600.v8.1",15.1177461165803,-0.304146624762119,0.101911525288513,-2.98441833640578,0.00284118031031721,0.0426389272901293,"Manes.18G022600","PWY-5464; PWY-1042; ANAGLYCOLYSIS-PWY; ANAEROFRUCAT-PWY","superpathway of cytosolic glycolysis (plants), pyruvate dehydrogenase and TCA cycle; glycolysis IV (plant cytosol); glycolysis III (from glucose); homolactic fermentation","","carb","(1 of 2) PTHR10584//PTHR10584:SF153 - SUGAR KINASE // SUBFAMILY NOT NAMED","","KOG2854","","PF00294","PTHR10584 PTHR10584:SF153","pfkB-like carbohydrate kinase family protein"
"1072","Manes.08G170300.v8.1",10.9850549443668,-0.403218554664703,0.135137506907959,-2.98376493610565,0.00284725418843189,0.0426504348282067,"Manes.08G170300","","","protein kinase activity; protein serine/threonine kinase activity; protein tyrosine kinase activity; ATP binding; protein phosphorylation",NA,"(1 of 4) K04688 - p70 ribosomal S6 kinase (RPS6KB)","GO:0004672 GO:0004674 GO:0004713 GO:0005524 GO:0006468","KOG0598","K04688","PF14531","PTHR24351 PTHR24351:SF80","serine/threonine protein kinase 2"
"1073","Manes.13G057300.v8.1",103.816423368623,0.15700451095981,0.052619020088749,2.98379769701148,0.00284694936754035,0.0426504348282067,"Manes.13G057300","","","",NA,"(1 of 3) PTHR22536//PTHR22536:SF2 - LUNG CANCER METASTASIS-RELATED  LCMR1  PROTEIN // SUBFAMILY NOT NAMED","","","","","PTHR22536","(1 of 2) PTHR22536 - LUNG CANCER METASTASIS-RELATED  LCMR1  PROTEIN"
"1074","Manes.13G074400.v8.1",494.542024368619,0.153427399109476,0.0514330956828635,2.98304811469076,0.00285393125200144,0.042710648988286,"Manes.13G074400","","","protein binding",NA,"(1 of 1) PTHR22884//PTHR22884:SF343 - SET DOMAIN PROTEINS // PROTEIN MET-1, ISOFORM A","GO:0005515","KOG1080","","PF00856","PTHR22884 PTHR22884:SF343","SET domain protein 2"
"1075","Manes.09G031400.v8.1",24.7529781135165,-0.502586927369234,0.168502112447672,-2.98267434199266,0.00285741854570789,0.042723058869919,"Manes.09G031400","","","protein binding",NA,"(1 of 2) PTHR27000//PTHR27000:SF136 - FAMILY NOT NAMED // POLYGALACTURONASE INHIBITOR 1-RELATED","GO:0005515","","","PF00560 PF08263","PTHR27000 PTHR27000:SF136","polygalacturonase inhibiting protein 1"
"1076","Manes.12G057506.v8.1",325.177735478033,-0.233958850634422,0.0784657960023496,-2.9816666949688,0.00286683926735103,0.0427843152684615,"Manes.12G057506","","","GTPase activity",NA,"(1 of 7) K06883 - uncharacterized protein (K06883)","GO:0003924","KOG1534","K06883","PF13207","PTHR21231 PTHR21231:SF7","P-loop containing nucleoside triphosphate hydrolases superfamily protein"
"1077","Manes.17G012402.v8.1",15.8922382442776,0.538127452759479,0.18047492525286,2.98172974448123,0.00286624897252327,0.0427843152684615,"Manes.17G012402","PWY-4302; PWY-5083; PWY-3781","aerobic respiration III (alternative oxidase pathway); NAD/NADH phosphorylation and dephosphorylation; aerobic respiration I (cytochrome c)","",NA,"(1 of 4) PTHR10849 - NADH DEHYDROGENASE  UBIQUINONE  IRON-SULFUR PROTEIN 8, MITOCHONDRIAL","","KOG3256","","PF00037","PTHR10849",""
"1078","Manes.12G044000.v8.1",96.647933887977,0.256835894077227,0.0861581336600728,2.98098256272059,0.00287325152729515,0.0428402335790492,"Manes.12G044000","","","protein dimerization activity",NA,"(1 of 2) PTHR12565:SF86 - TRANSCRIPTION FACTOR PIF4-RELATED","GO:0046983","","","PF00010","PTHR12565 PTHR12565:SF86","phytochrome interacting factor 3-like 5"
"1079","Manes.15G113000.v8.1",70.4073166388642,-0.213618366875963,0.0716753819617036,-2.980358960488,0.0028791078530223,0.0428877669338531,"Manes.15G113000","","","",NA,"(1 of 599) PF13041 - PPR repeat family (PPR_2)","","","","PF13041","PTHR24015 PTHR24015:SF337","Pentatricopeptide repeat (PPR) superfamily protein"
"1080","Manes.07G069666.v8.1",54.9367425026516,0.223598464238537,0.0750328829715327,2.98000630368115,0.00288242451813304,0.0428974159999559,"Manes.07G069666","","","damaged DNA binding; DNA repair",NA,"(1 of 1) K03515 - DNA repair protein REV1 (REV1)","GO:0003684 GO:0006281","","K03515","PF00533 PF00817 PF11798 PF11799","PTHR11076 PTHR11076:SF12","DNA-directed DNA polymerases"
"1081","Manes.02G021494.v8.1",33.1547112358095,-0.354043377961539,0.118886693131268,-2.9779899552814,0.0029014549330651,0.0429025622255338,"Manes.02G021494","","","protein binding",NA,"(1 of 2) PTHR13286//PTHR13286:SF8 - SAP30 // SUBFAMILY NOT NAMED","GO:0005515","","","PF13867","PTHR13286 PTHR13286:SF8",""
"1082","Manes.10G060800.v8.1",16772.006408784,-0.184745034324461,0.0620040894158136,-2.97956209122786,0.00288660720874617,0.0429025622255338,"Manes.10G060800","","","heat shock protein binding; unfolded protein binding",NA,"(1 of 6) K09503 - DnaJ homolog subfamily A member 2 (DNAJA2)","GO:0031072 GO:0051082","KOG0712","K09503","PF00226 PF00684 PF01556","PTHR24078 PTHR24078:SF237","DNAJ homologue 3"
"1083","Manes.11G107600.v8.1",106.042987570001,0.194418003123193,0.0652680333444769,2.97876300480939,0.00289414533174091,0.0429025622255338,"Manes.11G107600","","","",NA,"(1 of 2) PTHR12550:SF49 - PROTEIN C06A5.3, ISOFORM B","","","","PF00855 PF04818","PTHR12550 PTHR12550:SF49","Tudor/PWWP/MBT domain-containing protein"
"1084","Manes.12G018500.v8.1",190.278649464428,-0.180296358109768,0.0605256302049392,-2.97884313635871,0.0028933886068914,0.0429025622255338,"Manes.12G018500","PWY-7601; PWY-6433; PWY-7619; PWY-7606; PWY-5080; PWY-7036; PWY-6598; PWY-7726","arachidonate biosynthesis IV (8-detaturase, lower eukaryotes); hydroxylated fatty acid biosynthesis (plants); juniperonate biosynthesis; docosahexaenoate biosynthesis III (6-desaturase, mammals); very long chain fatty acid biosynthesis I; very long chain fatty acid biosynthesis II; sciadonate biosynthesis; (4Z,7Z,10Z,13Z,16Z)-docosa-4,7,10,13,16-pentaenoate biosynthesis (6-desaturase)","metabolic process; oxidoreductase activity",NA,"(1 of 4) K10251 - 17beta-estradiol 17-dehydrogenase / very-long-chain 3-oxoacyl-CoA reductase (HSD17B12, KAR, IFA38)","GO:0008152 GO:0016491","KOG1014","K10251","PF13561","PTHR24322 PTHR24322:SF591","beta-ketoacyl reductase 1"
"1085","Manes.14G094000.v8.1",385.729853359396,0.241587976120495,0.0811148781770545,2.97834357333516,0.00289810919459745,0.0429025622255338,"Manes.14G094000","PWY-7528; POLYAMINSYN3-PWY; BSUBPOLYAMSYN-PWY","L-methionine salvage cycle I (bacteria and plants); superpathway of polyamine biosynthesis II; spermidine biosynthesis I","adenosylmethionine decarboxylase activity; spermine biosynthetic process; spermidine biosynthetic process",NA,"(1 of 3) PTHR11570:SF4 - S-ADENOSYLMETHIONINE DECARBOXYLASE PROENZYME-RELATED","GO:0004014 GO:0006597 GO:0008295","KOG0788","K01611","PF01536","PTHR11570 PTHR11570:SF4","Adenosylmethionine decarboxylase family protein"
"1086","Manes.17G024283.v8.1",528.63144591619,0.15118961917142,0.0507689368444227,2.97799458820121,0.00290141107615727,0.0429025622255338,"Manes.17G024283","","","small-subunit processome",NA,"(1 of 1) K14766 - nucleolar protein 14 (NOP14, UTP2)","GO:0032040","","K14766","PF04147","PTHR23183","(1 of 1) PTHR23183 - NOP14"
"1087","Manes.17G030900.v8.1",86.3607797565938,-0.255872121156512,0.0858926721355356,-2.97897497882886,0.00289214394133015,0.0429025622255338,"Manes.17G030900","","","",NA,"(1 of 28) PF04398 - Protein of unknown function, DUF538 (DUF538)","","","","PF04398","PTHR31676 PTHR31676:SF28","Protein of unknown function, DUF538"
"1088","Manes.01G172900.v8.1",34.8518564308715,0.175673357805582,0.059007632964767,2.97712938104932,0.0029096119455059,0.0429198467815525,"Manes.01G172900","","","",NA,"(1 of 1) PTHR24015:SF730 - PPR REPEAT DOMAIN-CONTAINING PROTEIN","","","","PF01535 PF13041","PTHR24015 PTHR24015:SF730","Tetratricopeptide repeat (TPR)-like superfamily protein"
"1089","Manes.10G046800.v8.1",242.481166923689,-0.307227396570937,0.103209332267769,-2.976740473176,0.00291330509790791,0.0429198467815525,"Manes.10G046800","","","DNA binding; DNA-binding transcription factor activity; nucleus; regulation of DNA-templated transcription; zinc ion binding; sequence-specific DNA binding; positive regulation of DNA-templated transcription",NA,"(1 of 2) PTHR10071:SF194 - GATA TRANSCRIPTION FACTOR 8","GO:0003677 GO:0003700 GO:0005634 GO:0006355 GO:0008270 GO:0043565 GO:0045893","","","PF00320","PTHR10071 PTHR10071:SF194","Plant-specific GATA-type zinc finger transcription factor family protein"
"1090","Manes.14G112700.v8.1",106.529872854194,0.171377607726804,0.057562772469397,2.97722990701875,0.00290865802464814,0.0429198467815525,"Manes.14G112700","","","DNA binding; DNA-directed 5'-3' RNA polymerase activity; DNA-templated transcription",NA,"(1 of 1) PTHR10102//PTHR10102:SF1 - DNA-DIRECTED RNA POLYMERASE, MITOCHONDRIAL // DNA-DIRECTED RNA POLYMERASE 3, CHLOROPLASTIC","GO:0003677 GO:0003899 GO:0006351","","K10908","PF00940 PF14700","PTHR10102 PTHR10102:SF1","DNA/RNA polymerases superfamily protein"
"1091","Manes.16G134900.v8.1",166.353842891133,-0.165382097216944,0.0555531726219551,-2.97700544201833,0.00291078843291257,0.0429198467815525,"Manes.16G134900","","","exocyst; exocytosis",NA,"(1 of 1) PTHR12542//PTHR12542:SF16 - EXOCYST COMPLEX PROTEIN EXO70 // EXO70-G1 PROTEIN","GO:0000145 GO:0006887","KOG2344","K07195","PF03081","PTHR12542 PTHR12542:SF16","exocyst subunit exo70 family protein G1"
"1092","Manes.12G129100.v8.1",15.9447140091326,-0.460400358780262,0.154736266009648,-2.9753875458747,0.00292618614028665,0.0430430301721113,"Manes.12G129100","","","nucleosome; DNA binding",NA,"(1 of 13) K11253 - histone H3 (H3)","GO:0000786 GO:0003677","KOG1745","K11253","PF00125","PTHR11426","Histone superfamily protein"
"1093","Manes.13G061801.v8.1",535.734721077093,0.181917761359743,0.0611426638932026,2.9752998933363,0.00292702245866469,0.0430430301721113,"Manes.13G061801","","","",NA,"(1 of 3) PTHR11064//PTHR11064:SF27 - CCAAT-BINDING TRANSCRIPTION FACTOR-RELATED // NUCLEAR TRANSCRIPTION FACTOR Y SUBUNIT B-2-RELATED","","KOG0869","","PF00808","PTHR11064 PTHR11064:SF27","nuclear factor Y, subunit B3"
"1094","Manes.02G003100.v8.1",72.5311623347017,0.231508585195597,0.0779306684788782,2.97069933717229,0.00297122510611652,0.0433330241855973,"Manes.02G003100","PWY-7437","protein <i>O</i>-[<i>N</i>-acetyl]-glucosylation","",NA,"(1 of 17) 2.4.1.255 - Protein O-GlcNAc transferase / OGTase","","","","PF06552","","Tetratricopeptide repeat (TPR)-like superfamily protein"
"1095","Manes.03G147300.v8.1",147.437713100194,0.195749234738413,0.0659230998110706,2.96935725564198,0.00298423424708923,0.0433330241855973,"Manes.03G147300","","","zinc ion binding",NA,"(1 of 2) K11844 - ubiquitin carboxyl-terminal hydrolase 16/45 [EC:3.4.19.12] (USP16_45)","GO:0008270","KOG1873","K11844","PF02148 PF13423","PTHR24006","ubiquitin-specific protease 2"
"1096","Manes.04G028200.v8.1",188.416349416252,0.190098014381264,0.064017951416307,2.96944857146493,0.00298334745445005,0.0433330241855973,"Manes.04G028200","","","Ino80 complex",NA,"(1 of 2) K11671 - nuclear factor related to kappa-B-binding protein (NFRKB, INO80G)","GO:0031011","","K11671","","PTHR13052 PTHR13052:SF0","(1 of 1) PTHR13052:SF0 - NUCLEAR FACTOR RELATED TO KAPPA-B-BINDING PROTEIN"
"1097","Manes.05G030100.v8.1",52.2380544109683,0.177760887660736,0.0598408529992976,2.97056072484166,0.00297256631091246,0.0433330241855973,"Manes.05G030100","","","NAD binding",NA,"(1 of 3) 1.1.1.29 - Glycerate dehydrogenase / Hydroxypyruvate reductase","GO:0051287 GO:0055114","KOG0067","","PF02826","PTHR10996 PTHR10996:SF134","NAD(P)-binding Rossmann-fold superfamily protein"
"1098","Manes.06G169600.v8.1",80.6694751666119,-0.214376489256892,0.072197299878623,-2.96931449815018,0.00298464955931096,0.0433330241855973,"Manes.06G169600","PWY-7420; LIPAS-PWY","monoacylglycerol metabolism (yeast); triacylglycerol degradation","",NA,"(1 of 4) K07018 - uncharacterized protein (K07018)","","","K07018","PF12695","PTHR12277 PTHR12277:SF75","alpha/beta-Hydrolases superfamily protein"
"1099","Manes.07G065400.v8.1",9.0903652815106,-0.632646452453723,0.212945685043236,-2.97092872450208,0.00296900678061466,0.0433330241855973,"Manes.07G065400","","","",NA,"(1 of 2) PTHR23201:SF15 - GIBBERELLIN-REGULATED PROTEIN 7","","","","PF02704","PTHR23201 PTHR23201:SF15","Gibberellin-regulated family protein"
"1100","Manes.07G072100.v8.1",257.494626720134,0.463590166186071,0.155951072045718,2.9726641830982,0.0029522726643321,0.0433330241855973,"Manes.07G072100","","","protein kinase activity; protein tyrosine kinase activity; protein binding; ATP binding; protein phosphorylation",NA,"(1 of 3) PTHR27008//PTHR27008:SF42 - FAMILY NOT NAMED // LEUCINE-RICH REPEAT PROTEIN KINASE-LIKE PROTEIN","GO:0004672 GO:0004713 GO:0005515 GO:0005524 GO:0006468","KOG1187","","PF07714 PF08263 PF13855","PTHR27008 PTHR27008:SF42","Leucine-rich repeat protein kinase family protein"
"1101","Manes.08G045600.v8.1",171.802984814789,0.14908529992262,0.0501665157424858,2.97180893901229,0.00296050854835603,0.0433330241855973,"Manes.08G045600","","","",NA,"(1 of 2) PTHR24078//PTHR24078:SF193 - DNAJ HOMOLOG SUBFAMILY C MEMBER // DNAJ HOMOLOG SUBFAMILY C MEMBER 2","","","","PF00226 PF11926","PTHR24078 PTHR24078:SF193","DNAJ heat shock N-terminal domain-containing protein"
"1102","Manes.09G045600.v8.1",737.410200723857,0.253134681075246,0.0852606413791737,2.9689511711447,0.0029881807568717,0.0433330241855973,"Manes.09G045600","","","DNA binding; regulation of DNA-templated transcription",NA,"(1 of 2) PTHR11850//PTHR11850:SF111 - HOMEOBOX PROTEIN TRANSCRIPTION FACTORS // BEL1-LIKE HOMEODOMAIN PROTEIN 1-RELATED","GO:0003677 GO:0006355","KOG0773","","PF05920 PF07526","PTHR11850 PTHR11850:SF111","BEL1-like homeodomain 1"
"1103","Manes.09G073600.v8.1",6504.28087405246,-0.150914115951966,0.0508298116323825,-2.96900797200324,0.00298762845458355,0.0433330241855973,"Manes.09G073600","","","calcium ion binding",NA,"(1 of 5) PTHR23050//PTHR23050:SF166 - CALCIUM BINDING PROTEIN // CALMODULIN-5","GO:0005509","KOG0027","K02183","PF13499","PTHR23050 PTHR23050:SF166","calmodulin 7"
"1104","Manes.10G041900.v8.1",255.634658093419,0.167378011969635,0.0563452014862234,2.97058147907341,0.00297236545902538,0.0433330241855973,"Manes.10G041900","","","",NA,"(1 of 3) PTHR22981//PTHR22981:SF73 - 3-HYDROXYISOBUTYRATE DEHYDROGENASE-RELATED // SUBFAMILY NOT NAMED","","","","PF00855","PTHR22981 PTHR22981:SF73","dentin sialophosphoprotein-related"
"1105","Manes.10G069300.v8.1",1251.22354457792,-0.155936525125256,0.0525151760719294,-2.969361178789,0.00298419614340453,0.0433330241855973,"Manes.10G069300","","","NAD+-protein poly-ADP-ribosyltransferase activity",NA,"(1 of 2) PTHR32263:SF4 - INACTIVE POLY [ADP-RIBOSE] POLYMERASE RCD1-RELATED","GO:0003950","","","PF12174","PTHR32263 PTHR32263:SF4","WWE protein-protein interaction domain protein family"
"1106","Manes.13G069350.v8.1",341.177289008713,-0.564792838687501,0.190183440074402,-2.96972669369397,0.00298064801535551,0.0433330241855973,"Manes.13G069350","PWY-1001","cellulose biosynthesis","membrane; cellulose synthase (UDP-forming) activity; cellulose biosynthetic process",NA,"(1 of 1) PTHR13301//PTHR13301:SF53 - X-BOX TRANSCRIPTION FACTOR-RELATED // CELLULOSE SYNTHASE-LIKE PROTEIN B1-RELATED","GO:0016020 GO:0016760 GO:0030244","","","PF03552","PTHR13301 PTHR13301:SF53","cellulose synthase-like B4"
"1107","Manes.14G098000.v8.1",210.437038758618,-0.58525484220966,0.19697993773977,-2.97113934000142,0.00296697132182185,0.0433330241855973,"Manes.14G098000","","","DNA binding; DNA-binding transcription factor activity; regulation of DNA-templated transcription",NA,"(1 of 2) PTHR31140//PTHR31140:SF3 - FAMILY NOT NAMED // AP2/ERF AND B3 DOMAIN-CONTAINING TRANSCRIPTION REPRESSOR RAV2-RELATED","GO:0003677 GO:0003700 GO:0006355","","K09287","PF00847 PF02362","PTHR31140 PTHR31140:SF3","AP2/B3 transcription factor family protein"
"1108","Manes.16G085100.v8.1",289.82145885607,0.197900982669919,0.0665711417859139,2.97277434877637,0.00295121330520083,0.0433330241855973,"Manes.16G085100","","","nucleic acid binding; protein binding; nucleus; zinc ion binding; metal ion binding",NA,"(1 of 1) PTHR15439//PTHR15439:SF0 - RETINOBLASTOMA-BINDING PROTEIN 6 // SOMETHING THAT STICKS LIKE GLUE","GO:0003676 GO:0005515 GO:0005634 GO:0008270 GO:0046872","KOG2177","K10624","PF00097 PF00098 PF08783","PTHR15439 PTHR15439:SF0",""
"1109","Manes.17G111000.v8.1",111.180005929953,0.167907725568766,0.0565578852790266,2.96877658597733,0.00298987891630856,0.0433330241855973,"Manes.17G111000","","","pseudouridine synthesis; RNA binding; RNA processing; RNA modification; pseudouridine synthase activity",NA,"(1 of 1) K03177 - tRNA pseudouridine55 synthase [EC:5.4.99.25] (truB, PUS4, TRUB1)","GO:0001522 GO:0003723 GO:0006396 GO:0009451 GO:0009982","KOG2529","K03177","PF01509 PF16198","PTHR13767 PTHR13767:SF2","Pseudouridine synthase family protein"
"1110","Manes.02G012600.v8.1",815.956468213047,0.193479294757756,0.0652004619926237,2.96745281927058,0.00300278363831269,0.0434417114478846,"Manes.02G012600","","","protein binding",NA,"(1 of 2) PTHR13140//PTHR13140:SF470 - MYOSIN // SUBFAMILY NOT NAMED","GO:0005515","KOG4674","","PF07765","PTHR13140 PTHR13140:SF470","COP1-interactive protein 1"
"1111","Manes.09G070800.v8.1",121.170494280118,-0.234070101981868,0.0788741256376416,-2.96764116355747,0.00300094447143171,0.0434417114478846,"Manes.09G070800","","","DNA binding; catalytic activity; DNA topoisomerase type II (double strand cut, ATP-hydrolyzing) activity; ATP binding; chromosome; DNA metabolic process; DNA topological change",NA,"(1 of 1) PTHR10848//PTHR10848:SF0 - MEIOTIC RECOMBINATION PROTEIN SPO11 // MEIOTIC RECOMBINATION PROTEIN SPO11","GO:0000737 GO:0003677 GO:0003824 GO:0003918 GO:0005524 GO:0005694 GO:0006259 GO:0006265","KOG2795","K10878","PF04406","PTHR10848 PTHR10848:SF0","Spo11/DNA topoisomerase VI, subunit A protein"
"1112","Manes.03G039600.v8.1",23.7187554131789,0.231816531680325,0.0781352176203351,2.96686358265154,0.00300854412922316,0.0434454757289211,"Manes.03G039600","","","",NA,"(1 of 2) PTHR15288//PTHR15288:SF4 - SUPPRESSION OF TUMORIGENICITY 5  ST5 // DENN (AEX-3) DOMAIN-CONTAINING PROTEIN","","KOG3569","","PF02141 PF03456","PTHR15288 PTHR15288:SF4","DENN (AEX-3) domain-containing protein"
"1113","Manes.12G040500.v8.1",1309.08328890811,-0.181683179092095,0.061242957658338,-2.96659707562898,0.00301115286269011,0.0434454757289211,"Manes.12G040500","","","",NA,"(1 of 2) PTHR19282//PTHR19282:SF227 - TETRASPANIN // TETRASPANIN-18-RELATED","","","","","PTHR19282 PTHR19282:SF227","Tetraspanin family protein"
"1114","Manes.15G137900.v8.1",99.1148702158659,0.148635515561285,0.0501005379808844,2.96674490038402,0.00300970560898582,0.0434454757289211,"Manes.15G137900","TRPSYN-PWY","L-tryptophan biosynthesis","glutamine metabolic process; metabolic process; hydrolase activity",NA,"(1 of 2) K01658 - anthranilate synthase component II (trpG)","GO:0006541 GO:0008152 GO:0016787","KOG0026","K01658","PF07722","PTHR11922 PTHR11922:SF37","Glutamine amidotransferase type 1 family protein"
"1115","Manes.04G004201.v8.1",185.364600298473,0.278842787234267,0.0940306505869023,2.96544568705885,0.00302244708851334,0.0435693202275111,"Manes.04G004201","","","DNA-binding transcription factor activity; DNA-templated transcription; regulation of DNA-templated transcription; sequence-specific DNA binding",NA,"(1 of 1) KOG3119 - Basic region leucine zipper transcription factor","GO:0003700 GO:0006351 GO:0006355 GO:0043565","","K14431","PF00170 PF14144","PTHR22952 PTHR22952:SF179","bZIP transcription factor family protein"
"1116","Manes.05G078300.v8.1",161.611876718854,-0.124875852401136,0.0421275441614722,-2.96423290003554,0.00303438536108261,0.0436874516338831,"Manes.05G078300","LEU-DEG2-PWY","L-leucine degradation I","biotin carboxylase activity; ATP binding; metal ion binding",NA,"(1 of 1) K01968 - 3-methylcrotonyl-CoA carboxylase alpha subunit (E6.4.1.4A)","GO:0004075 GO:0005524 GO:0046872","","K01968","PF00289 PF00364 PF02785 PF13535","PTHR18866","methylcrotonyl-CoA carboxylase alpha chain, mitochondrial / 3-methylcrotonyl-CoA carboxylase 1 (MCCA)"
"1117","Manes.14G056500.v8.1",2539.93517811391,0.328570265605746,0.110851373690624,2.96406128915241,0.00303607811080989,0.0436874516338831,"Manes.14G056500","","","transcription coregulator activity; histone acetyltransferase activity; protein binding; nucleus; regulation of DNA-templated transcription; zinc ion binding",NA,"(1 of 2) PTHR24413//PTHR24413:SF75 - FAMILY NOT NAMED // BTB/POZ AND TAZ DOMAIN-CONTAINING PROTEIN 2","GO:0003712 GO:0004402 GO:0005515 GO:0005634 GO:0006355 GO:0008270","KOG1778","","PF00651 PF02135","PTHR24413 PTHR24413:SF75","BTB and TAZ domain protein 1"
"1118","Manes.01G084500.v8.1",125.499101622895,0.321264179251965,0.108414638242658,2.9632915301797,0.00304368152477453,0.0437576861786235,"Manes.01G084500","","","DNA binding; DNA-binding transcription factor activity; nucleus; regulation of DNA-templated transcription; sequence-specific DNA binding",NA,"(1 of 7) PF00046//PF02183//PF04618 - Homeobox domain (Homeobox) // Homeobox associated leucine zipper (HALZ) // HD-ZIP protein N terminus (HD-ZIP_N)","GO:0003677 GO:0003700 GO:0005634 GO:0006355 GO:0043565","KOG0483","","PF00046 PF02183 PF04618","PTHR24326 PTHR24326:SF140","homeobox protein 2"
"1119","Manes.10G028700.v8.1",139.201595714756,-0.435712367629912,0.147051532751024,-2.96299099695631,0.00304665479939401,0.0437612891784271,"Manes.10G028700","","","",NA,"(1 of 23) PF08137 - DVL family (DVL)","","","","PF08137","PTHR33102","ROTUNDIFOLIA like 8"
"1120","Manes.12G092800.v8.1",58.7267680572688,0.176313812257033,0.0595172568673916,2.9623981604171,0.00305252769551244,0.0438064979017603,"Manes.12G092800","PWY-5136; PWY-735; PWY-561; PWY-6837; PWY-7606; PWY-7726","fatty acid &beta;-oxidation II (peroxisome); jasmonic acid biosynthesis; superpathway of glyoxylate cycle and fatty acid degradation; fatty acid beta-oxidation V (unsaturated, odd number, di-isomerase-dependent); docosahexaenoate biosynthesis III (6-desaturase, mammals); (4Z,7Z,10Z,13Z,16Z)-docosa-4,7,10,13,16-pentaenoate biosynthesis (6-desaturase)","acyl-CoA dehydrogenase activity; acyl-CoA oxidase activity; peroxisome; fatty acid metabolic process; fatty acid beta-oxidation; oxidoreductase activity, acting on the CH-CH group of donors; flavin adenine dinucleotide binding",NA,"(1 of 1) PTHR10909//PTHR10909:SF11 - ELECTRON TRANSPORT OXIDOREDUCTASE // ACYL-COENZYME A OXIDASE-LIKE PROTEIN","GO:0003995 GO:0003997 GO:0005777 GO:0006631 GO:0006635 GO:0016627 GO:0050660 GO:0055114","","K00232","PF00441 PF01756 PF02770","PTHR10909 PTHR10909:SF11","acyl-CoA oxidase 3"
"1121","Manes.08G168200.v8.1",399.565667938003,-0.180176191380701,0.0608376731715462,-2.96158912706361,0.00306055899087891,0.0438434622641682,"Manes.08G168200","","","",NA,"(1 of 10) PF11891 - Domain of unknown function (DUF3411) (DUF3411)","","","","PF11891","PTHR31620 PTHR31620:SF5","Protein of unknown function (DUF3411)"
"1122","Manes.18G076800.v8.1",171.104533759451,-0.0910881099422881,0.0307553924654551,-2.96169558052623,0.00305950112468561,0.0438434622641682,"Manes.18G076800","","","protein binding",NA,"(1 of 1) K16365 - small glutamine-rich tetratricopeptide repeat-containing protein alpha Other cell surface / pericellular molecules (SGTA)","GO:0005515","KOG0553","K16365","PF13414","PTHR22904 PTHR22904:SF289","Tetratricopeptide repeat (TPR)-like superfamily protein"
"1123","Manes.03G087600.v8.1",220.942815040147,0.208098687006299,0.0702750240895053,2.96120406506379,0.00306438827608534,0.0438592277484592,"Manes.03G087600","","","calcium-dependent cysteine-type endopeptidase activity; intracellular anatomical structure; proteolysis",NA,"(1 of 1) 3.4.22.54 - Calpain-3 / Muscle-specific calcium-activated neutral protease 3","GO:0004198 GO:0005622 GO:0006508","KOG0045","","PF00648 PF01067","PTHR10183 PTHR10183:SF267","calpain-type cysteine protease family"
"1124","Manes.09G138200.v8.1",1037.565955362,-0.250942188459248,0.084827271072656,-2.95827256124167,0.00309368444650398,0.0442391371073474,"Manes.09G138200","PWY-702; PWY-724; PWY-6936; PWY-5041","L-methionine biosynthesis II; superpathway of L-lysine, L-threonine and L-methionine biosynthesis II; seleno-amino acid biosynthesis; <i>S</i>-adenosyl-L-methionine cycle II","5-methyltetrahydropteroyltriglutamate-homocysteine S-methyltransferase activity; zinc ion binding; amino acid biosynthetic process; methionine biosynthetic process",NA,"(1 of 3) 2.1.1.14 - 5-methyltetrahydropteroyltriglutamate--homocysteine S-methyltransferase / Tetrahydropteroylglutamate-homocysteine transmethylase","GO:0003871 GO:0008270 GO:0008652 GO:0009086","","K00549","PF01717 PF08267","PTHR30519 PTHR30519:SF0","Cobalamin-independent synthase family protein"
"1125","Manes.02G167501.v8.1",134.908012880151,0.150288800365064,0.0508125257721226,2.95771166816348,0.00309931878849855,0.0442546015018829,"Manes.02G167501","","","ATP binding; protein targeting; intracellular protein transport; membrane; protein import",NA,"(1 of 3) K03070 - preprotein translocase subunit SecA (secA)","GO:0005524 GO:0006605 GO:0006886 GO:0016020 GO:0017038","","K03070","PF01043 PF07516 PF07517","PTHR30612 PTHR30612:SF5","Preprotein translocase SecA family protein"
"1126","Manes.03G159200.v8.1",65.7409314505574,-0.19388944080628,0.0655681002190984,-2.95706967501561,0.00310577928788179,0.0442546015018829,"Manes.03G159200","","","",NA,"(1 of 2) PTHR32080:SF4 - CYSTEINE-RICH REPEAT SECRETORY PROTEIN 11-RELATED","","","","PF01657","PTHR32080 PTHR32080:SF4","plasmodesmata-located protein 2"
"1127","Manes.10G046400.v8.1",16.9364061395867,0.349045132881784,0.118032238139541,2.95720167967274,0.00310444989793665,0.0442546015018829,"Manes.10G046400","","","",NA,"(1 of 3) KOG2194 - Aminopeptidases of the M20 family","","KOG2194","","PF04389","PTHR12147 PTHR12147:SF6","Zn-dependent exopeptidases superfamily protein"
"1128","Manes.16G027900.v8.1",232.9180902378,0.177395315415167,0.0599893416843861,2.95711388780483,0.00310533397278187,0.0442546015018829,"Manes.16G027900","","","ATP binding",NA,"(1 of 2) K06027 - vesicle-fusing ATPase (NSF)","GO:0005524","","K06027","PF00004 PF02933 PF07724","PTHR23078","AAA-type ATPase family protein"
"1129","Manes.17G080600.v8.1",602.589768390245,-0.117046606202408,0.0396134065583083,-2.95472205931403,0.00312950847305362,0.0445532238152266,"Manes.17G080600","","","phospholipid binding",NA,"(1 of 2) PTHR22951//PTHR22951:SF25 - CLATHRIN ASSEMBLY PROTEIN // SUBFAMILY NOT NAMED","GO:0005543","KOG0251","","PF07651","PTHR22951 PTHR22951:SF25","ENTH/ANTH/VHS superfamily protein"
"1130","Manes.06G007900.v8.1",72.018943492794,0.208412807326439,0.070549350076705,2.95414213029379,0.00313539566992622,0.0445705980957903,"Manes.06G007900","","","protein kinase activity; protein tyrosine kinase activity; ATP binding; protein phosphorylation",NA,"(1 of 2) PTHR23257:SF466 - MAPKKK-LIKE KINASE-RELATED","GO:0004672 GO:0004713 GO:0005524 GO:0006468","KOG0192","","PF07714 PF14381","PTHR23257 PTHR23257:SF466","protein tyrosine kinase family protein"
"1131","Manes.14G123800.v8.1",11.4005974320702,-0.437445780991023,0.148083123479266,-2.95405560548075,0.00313627489867099,0.0445705980957903,"Manes.14G123800","","","protein kinase activity; protein tyrosine kinase activity; ATP binding; protein phosphorylation",NA,"(1 of 31) PF07714//PF11721 - Protein tyrosine kinase (Pkinase_Tyr) // Di-glucose binding within endoplasmic reticulum (Malectin)","GO:0004672 GO:0004713 GO:0005524 GO:0006468","KOG1187","","PF07714 PF11721","PTHR27003 PTHR27003:SF41","hercules receptor kinase 2"
"1132","Manes.03G116300.v8.1",39.2278570247173,0.320393851335729,0.108502846611809,2.95286125056241,0.00314843441700032,0.0445933916648007,"Manes.03G116300","","","GTPase activator activity",NA,"(1 of 2) KOG0703 - Predicted GTPase-activating protein","GO:0005096","KOG0703","K12486","PF01412","PTHR23180 PTHR23180:SF160","ARF-GAP domain 5"
"1133","Manes.03G178600.v8.1",292.458346160608,-0.197069231754844,0.0667457457542051,-2.95253621827168,0.0031517509445165,0.0445933916648007,"Manes.03G178600","","","regulatory ncRNA-mediated gene silencing",NA,"(1 of 1) PTHR21596//PTHR21596:SF11 - RIBONUCLEASE P SUBUNIT P38 // SUBFAMILY NOT NAMED","GO:0031047","","","PF03468","PTHR21596 PTHR21596:SF11","(1 of 1) PTHR21596//PTHR21596:SF11 - RIBONUCLEASE P SUBUNIT P38"
"1134","Manes.04G118400.v8.1",10.8556947748603,-0.687350588638941,0.232788164411047,-2.95268700785513,0.00315021193911629,0.0445933916648007,"Manes.04G118400","","","",NA,"","","","","","PTHR34198",""
"1135","Manes.09G129500.v8.1",548.819544820413,0.160861745253825,0.0544777410629169,2.95279764019665,0.00314908322673168,0.0445933916648007,"Manes.09G129500","","","protein binding; zinc ion binding",NA,"","GO:0005515 GO:0008270","","","","PTHR33304 PTHR33304:SF1","RING/FYVE/PHD zinc finger superfamily protein"
"1136","Manes.14G165800.v8.1",119.975221315402,-0.265822481236752,0.0900022913599714,-2.95350792985451,0.00314184536385912,0.0445933916648007,"Manes.14G165800","","","protein binding",NA,"(1 of 7) PTHR24177:SF42 - ANKYRIN REPEAT FAMILY PROTEIN","GO:0005515","","","PF12796 PF13962","PTHR24177 PTHR24177:SF42","Ankyrin repeat family protein"
"1137","Manes.06G144100.v8.1",607.574189399084,0.0991832838253334,0.0336102888073097,2.95097981436454,0.00316767617992814,0.0447792957255804,"Manes.06G144100","","","transcription coregulator activity; nucleus; LIM domain binding",NA,"(1 of 2) PTHR10378:SF9 - CHIP, ISOFORM B","GO:0003712 GO:0005634 GO:0030274","","","PF01803","PTHR10378 PTHR10378:SF9","SEUSS-like 2"
"1138","Manes.18G099100.v8.1",57.743904372817,-0.139228683555764,0.0472036205033902,-2.94953399910849,0.00318253554101681,0.0449498187616548,"Manes.18G099100","","","protein tyrosine phosphatase activity; protein dephosphorylation; dephosphorylation; phosphatase activity",NA,"(1 of 1) KOG0789 - Protein tyrosine phosphatase","GO:0004725 GO:0006470 GO:0016311 GO:0016791","KOG0789","","PF00102","PTHR19134","protein tyrosine phosphatase 1"
"1139","Manes.01G193500.v8.1",28.418672345465,0.386580185688269,0.131114216408113,2.94842310985545,0.00319399582954725,0.0450720763549718,"Manes.01G193500","","","nucleotide binding; magnesium ion binding; ATP binding; phospholipid transport; metal ion binding",NA,"(1 of 2) PTHR24092:SF85 - PHOSPHOLIPID-TRANSPORTING ATPASE 3","GO:0000166 GO:0000287 GO:0004012 GO:0005524 GO:0015914 GO:0016021 GO:0046872","","K14802","PF00122 PF12710 PF16209 PF16212","PTHR24092 PTHR24092:SF85","aminophospholipid ATPase 3"
"1140","Manes.10G142900.v8.1",114.576490669521,0.253478892447476,0.0859883309469664,2.94782896302301,0.00320014066323861,0.0451191762107317,"Manes.10G142900","","","protein binding; metal ion binding",NA,"(1 of 2) PTHR14493//PTHR14493:SF47 - UNCHARACTERIZED // ZINC FINGER CCCH DOMAIN-CONTAINING PROTEIN 56","GO:0005515 GO:0046872","KOG1595","","PF00642 PF12796","PTHR14493 PTHR14493:SF47","CCCH-type zinc finger protein with ARM repeat domain"
"1141","Manes.16G093900.v8.1",146.495691163557,0.173809806234282,0.0590069902625837,2.94557992978155,0.00322349849772278,0.0454086690218215,"Manes.16G093900","","","",NA,"(1 of 3) PTHR10338//PTHR10338:SF114 - VON WILLEBRAND FACTOR, TYPE A DOMAIN CONTAINING // SUBFAMILY NOT NAMED","","","","PF13768","PTHR10338 PTHR10338:SF114","inter-alpha-trypsin inhibitor heavy chain-related"
"1142","Manes.01G074700.v8.1",90.6346358743955,0.154292947030592,0.0524227376782486,2.94324474195883,0.00324791540938262,0.0457125607486924,"Manes.01G074700","","","",NA,"","","","","","PTHR36333 PTHR36333:SF1",""
"1143","Manes.12G085200.v8.1",174.86300225333,0.128697027874851,0.0437334271372336,2.94276109372825,0.00325299349061942,0.0457430751680373,"Manes.12G085200","PWY-7511; ","protein ubiquitylation; ","protein binding; zinc ion binding; metal ion binding",NA,"(1 of 45) PF00097 - Zinc finger, C3HC4 type (RING finger) (zf-C3HC4)","GO:0005515 GO:0008270 GO:0046872","","","PF00097","PTHR16079","RING/U-box superfamily protein"
"1144","Manes.15G026300.v8.1",257.669883488352,-0.174218134945878,0.0592075943331336,-2.94249642986056,0.00325577539925556,0.0457430751680373,"Manes.15G026300","PWY-6303","methyl indole-3-acetate interconversion","",NA,"(1 of 1) PTHR23024//PTHR23024:SF193 - MEMBER OF 'GDXG' FAMILY OF LIPOLYTIC ENZYMES // SUBFAMILY NOT NAMED","","KOG1515","","PF00135","PTHR23024 PTHR23024:SF193",""
"1145","Manes.02G032000.v8.1",2134.04783927824,-0.312684493870999,0.106312742952392,-2.94117605460544,0.00326968640385465,0.0458984013704417,"Manes.02G032000","","","DNA binding; zinc ion binding",NA,"(1 of 2) PTHR10634:SF38 - ZINC FINGER A20 AND AN1 DOMAIN-CONTAINING STRESS-ASSOCIATED PROTEIN 1-RELATED","GO:0003677 GO:0008270","KOG3173","","PF01428 PF01754","PTHR10634 PTHR10634:SF38","A20/AN1-like zinc finger family protein"
"1146","Manes.12G139000.v8.1",107.855617078263,-0.352600473398623,0.119895461354049,-2.94089925854159,0.00327260948552557,0.0458993475225589,"Manes.12G139000","","","metal ion transport; metal ion binding",NA,"(1 of 2) PTHR22814:SF84 - HEAVY-METAL-ASSOCIATED DOMAIN-CONTAINING PROTEIN","GO:0030001 GO:0046872","KOG1603","","PF00403","PTHR22814 PTHR22814:SF84","Heavy metal transport/detoxification superfamily protein"
"1147","Manes.01G039200.v8.1",86.752870309399,0.182490211983257,0.0620696221677013,2.94008897766769,0.00328118007893362,0.0459794310450741,"Manes.01G039200","","","nucleic acid binding; nucleobase-containing compound metabolic process; 3'-5' exonuclease activity",NA,"(1 of 1) K09122 - hypothetical protein (K09122)","GO:0003676 GO:0006139 GO:0008408","KOG2207","K09122","PF01612 PF01927","PTHR12124 PTHR12124:SF38","3'-5' exonuclease domain-containing protein"
"1148","Manes.05G154900.v8.1",10.8874162287467,0.394850869267281,0.13432966505226,2.93941676333123,0.00328830581169222,0.0459825240464598,"Manes.05G154900","","","",NA,"(1 of 2) 2.4.1.245 - Alpha,alpha-trehalose synthase / Trehalose synthetase","","KOG0853","","PF00534 PF16994","PTHR12526 PTHR12526:SF376","UDP-Glycosyltransferase superfamily protein"
"1149","Manes.11G134300.v8.1",506.028666550194,0.203526619272946,0.0692442006281902,2.93925870219502,0.0032899833667286,0.0459825240464598,"Manes.11G134300","","","",NA,"(1 of 2) PTHR10641//PTHR10641:SF484 - MYB-LIKE DNA-BINDING PROTEIN MYB // TRANSCRIPTION FACTOR MYB48-RELATED","","","K09422","PF00249","PTHR10641 PTHR10641:SF484","myb domain protein 48"
"1150","Manes.15G000200.v8.1",86.3736801174634,0.218650432574302,0.0743889049646586,2.93928822689595,0.0032896699521302,0.0459825240464598,"Manes.15G000200","","","protein kinase activity; protein tyrosine kinase activity; ATP binding; protein phosphorylation",NA,"(1 of 1) KOG0192//KOG0580 - Tyrosine kinase specific for activated (GTP-bound) p21cdc42Hs // Serine/threonine protein kinase","GO:0004672 GO:0004713 GO:0005524 GO:0006468","KOG0192","","PF07714 PF13426","PTHR23257 PTHR23257:SF485","PAS domain-containing protein tyrosine kinase family protein"
"1151","Manes.06G125500.v8.1",231.538486566876,0.150214438440444,0.0511363482675296,2.93752767903113,0.00330840637376688,0.0461502210962345,"Manes.06G125500","","","",NA,"(1 of 2) PTHR31762//PTHR31762:SF4 - FAMILY NOT NAMED // EXPRESSED PROTEIN","","","","","PTHR31762 PTHR31762:SF4","(1 of 3) PTHR31762:SF4 - EXPRESSED PROTEIN"
"1152","Manes.11G077000.v8.1",400.436887669733,0.147963422083353,0.0503705365388128,2.93749942427833,0.00330870786250949,0.0461502210962345,"Manes.11G077000","","","protein binding; zinc ion binding",NA,"(1 of 1) KOG2164 - Predicted E3 ubiquitin ligase","GO:0005515 GO:0008270","KOG2164","","PF13923","PTHR12983","RING/U-box superfamily protein"
"1153","Manes.16G076600.v8.1",55.1893108749293,0.14414316140637,0.0490729767707578,2.93732255289359,0.00331059571479863,0.0461502210962345,"Manes.16G076600","","","",NA,"(1 of 3) PTHR31513//PTHR31513:SF1 - FAMILY NOT NAMED // GLYCINE-RICH PROTEIN","","","","","PTHR31513 PTHR31513:SF1","(1 of 2) PTHR31513:SF1 - GLYCINE-RICH PROTEIN"
"1154","Manes.02G223000.v8.1",67.616230622134,0.349176130467443,0.118897327186605,2.93678704752903,0.00331631746190222,0.0461874080479829,"Manes.02G223000","PWY-2541","plant sterol biosynthesis","catalytic activity; intramolecular transferase activity",NA,"(1 of 2) 5.4.99.8 - Cycloartenol synthase / 2,3-epoxysqualene--cycloartenol cyclase","GO:0003824 GO:0016866","","K01853","PF00432","PTHR11764 PTHR11764:SF15","cycloartenol synthase 1"
"1155","Manes.05G101200.v8.1",128.663324677257,0.171903042085112,0.0585394095615736,2.93653529088467,0.00331901053290738,0.0461874080479829,"Manes.05G101200","","","structural constituent of ribosome; intracellular anatomical structure; ribosome; translation",NA,"(1 of 3) PTHR10759//PTHR10759:SF1 - 60S RIBOSOMAL PROTEIN L34 // SUBFAMILY NOT NAMED","GO:0003735 GO:0005622 GO:0005840 GO:0006412","","","PF07891","PTHR10759 PTHR10759:SF1","Protein of unknown function (DUF1666)"
"1156","Manes.03G029850.v8.1",649.322715279648,-0.126879649107303,0.043225244878486,-2.93531359889307,0.00333210742560508,0.0463295524669121,"Manes.03G029850","","","vacuolar transport",NA,"(1 of 2) K12194 - charged multivesicular body protein 4 (CHMP4, SNF7, VPS32)","GO:0007034","KOG1656","K12194","PF03357","PTHR22761 PTHR22761:SF8","SNF7 family protein"
"1157","Manes.02G226900.v8.1",369.82095318904,-0.156479305455391,0.0533271632948395,-2.93432644429698,0.00334272437088892,0.0464066752436166,"Manes.02G226900","","","DNA binding; nucleus; regulation of DNA-templated transcription; response to hormone",NA,"(1 of 18) PF02309//PF02362//PF06507 - AUX/IAA family (AUX_IAA) // B3 DNA binding domain (B3) // Auxin response factor (Auxin_resp)","GO:0003677 GO:0005634 GO:0006355 GO:0009725","","","PF02309 PF02362 PF06507","PTHR31384 PTHR31384:SF9",""
"1158","Manes.11G064800.v8.1",186.41207862004,-0.131555039581773,0.0448341293160171,-2.93426105488736,0.00334342872718896,0.0464066752436166,"Manes.11G064800","","","Golgi membrane; cis-Golgi network; endoplasmic reticulum to Golgi vesicle-mediated transport",NA,"(1 of 3) K08495 - golgi SNAP receptor complex member 1 (GOSR1, GOS1)","GO:0000139 GO:0005801 GO:0006888 GO:0016021","KOG3208","K08495","PF12352","PTHR21094 PTHR21094:SF1","golgi snare 11"
"1159","Manes.12G081200.v8.1",1678.7937515829,0.17569937311821,0.0598963310113554,2.93339124703481,0.00335281091777064,0.0464967470934664,"Manes.12G081200","","","regulatory ncRNA-mediated gene silencing",NA,"(1 of 6) PTHR21596//PTHR21596:SF12 - RIBONUCLEASE P SUBUNIT P38 // PROTEIN SUPPRESSOR OF GENE SILENCING 3","GO:0031047","","","PF03468 PF03470","PTHR21596 PTHR21596:SF12","XS domain-containing protein / XS zinc finger domain-containing protein-related"
"1160","Manes.02G091300.v8.1",161.754851852952,0.21856769722043,0.0745388562930426,2.93226523843016,0.00336499222702567,0.0465471257233028,"Manes.02G091300","PWY-7117; PWYQT-4429; PWY-6549; PWY-241; PWY-7115","C4 photosynthetic carbon assimilation cycle, PEPCK type; CO<sub>2</sub> fixation into oxaloacetate (anaplerotic); L-glutamine biosynthesis III; C4 photosynthetic carbon assimilation cycle, NADP-ME type; C4 photosynthetic carbon assimilation cycle, NAD-ME type","tricarboxylic acid cycle; phosphoenolpyruvate carboxylase activity; carbon fixation",NA,"(1 of 5) 4.1.1.31 - Phosphoenolpyruvate carboxylase / Phosphoenolpyruvic carboxylase","GO:0006099 GO:0008964 GO:0015977","","K01595","PF00311","PTHR30523 PTHR30523:SF8","phosphoenolpyruvate carboxylase 3"
"1161","Manes.11G027700.v8.1",170.875036129717,-0.193815850171081,0.0660979428887729,-2.93225237731266,0.00336513159276288,0.0465471257233028,"Manes.11G027700","","","",NA,"(1 of 3) PTHR19317:SF2 - PRA1 FAMILY PROTEIN C-RELATED","","KOG3142","","PF03208","PTHR19317 PTHR19317:SF2","PRA1 (Prenylated rab acceptor) family protein"
"1162","Manes.11G103900.v8.1",255.390731582188,0.394135467365387,0.134403612398237,2.9324767417528,0.00336270108691643,0.0465471257233028,"Manes.11G103900","","","protein binding; zinc ion binding",NA,"(1 of 1) PTHR22763//PTHR22763:SF47 - RING ZINC FINGER PROTEIN // SUBFAMILY NOT NAMED","GO:0005515 GO:0008270","KOG1493","K19043","PF13639","PTHR22763 PTHR22763:SF47","RING-H2 group F2A"
"1163","Manes.13G054800.v8.1",336.471832279567,-0.130626620476224,0.0445570393860595,-2.93167190361155,0.00337142720080251,0.0465941095429912,"Manes.13G054800","","","",NA,"(1 of 28) PF04398 - Protein of unknown function, DUF538 (DUF538)","","","","PF04398","PTHR31676 PTHR31676:SF8","Protein of unknown function, DUF538"
"1164","Manes.08G154500.v8.1",28.6642339789206,-0.312866653061078,0.106735977023556,-2.93122021070769,0.0033763335162966,0.0466160773575826,"Manes.08G154500","","","",NA,"","","","","","PTHR34941","dehydrin family protein"
"1165","Manes.09G059183.v8.1",37.2116700022496,0.238291841772259,0.0813007541837272,2.93099177448903,0.00337881727876462,0.0466160773575826,"Manes.09G059183","","","phosphorelay sensor kinase activity; phosphorelay signal transduction system; signal transduction; phosphorylation; transferase activity, transferring phosphorus-containing groups",NA,"(1 of 2) PTHR24423//PTHR24423:SF514 - TWO-COMPONENT SENSOR HISTIDINE KINASE // HISTIDINE KINASE CKI1","GO:0000155 GO:0000160 GO:0007165 GO:0016310 GO:0016772","KOG0519","","PF00072 PF00512 PF02518","PTHR24423 PTHR24423:SF514","Signal transduction histidine kinase"
"1166","Manes.01G105100.v8.1",127.747249136929,0.140234118205514,0.0478659435162751,2.92972639634341,0.00339260575591995,0.0466593667620078,"Manes.01G105100","","","",NA,"(1 of 2) PTHR35705:SF1 - WPP DOMAIN-INTERACTING TAIL-ANCHORED PROTEIN 1","","","","","PTHR35705 PTHR35705:SF1","WPP domain-interacting protein 1"
"1167","Manes.12G139200.v8.1",110.083432428038,0.129540243770706,0.0442063674369421,2.93035260034627,0.00338577579302081,0.0466593667620078,"Manes.12G139200","","","",NA,"(1 of 1) PTHR12460//PTHR12460:SF4 - CYCLIN-DEPENDENT KINASE INHIBITOR-RELATED PROTEIN // ENTH/VHS FAMILY PROTEIN","","KOG2669","K15559","PF04818","PTHR12460 PTHR12460:SF4","ENTH/VHS family protein"
"1168","Manes.13G138800.v8.1",184.285175696514,-0.180173852257604,0.0614991269871583,-2.92969772229818,0.00339291880184885,0.0466593667620078,"Manes.13G138800","","","",NA,"(1 of 1) PTHR21496//PTHR21496:SF8 - FERREDOXIN-RELATED // SUBFAMILY NOT NAMED","","","","PF04305","PTHR21496 PTHR21496:SF8","Protein of unknown function DUF455"
"1169","Manes.18G053000.v8.1",134.841563664296,-0.14604332318128,0.0498502902520201,-2.92963837207271,0.00339356683536285,0.0466593667620078,"Manes.18G053000","PWY-6554; PWY-6365; PWY-6366","1D-<i>myo</i>-inositol hexakisphosphate biosynthesis V (from Ins(1,3,4)P3); D-<i>myo</i>-inositol (3,4,5,6)-tetrakisphosphate biosynthesis; D-<i>myo</i>-inositol (1,4,5,6)-tetrakisphosphate biosynthesis","magnesium ion binding; ATP binding; intracellular anatomical structure; inositol trisphosphate metabolic process; inositol-3,4,5,6-tetrakisphosphate 1-kinase activity; inositol-1,3,4-trisphosphate 6-kinase activity; inositol-1,3,4-trisphosphate 5-kinase activity",NA,"(1 of 2) PTHR14217:SF3 - INOSITOL-TETRAKISPHOSPHATE 1-KINASE 2-RELATED","GO:0000287 GO:0005524 GO:0005622 GO:0032957 GO:0047325 GO:0052725 GO:0052726","","K00913","PF05770","PTHR14217 PTHR14217:SF3","Inositol 1,3,4-trisphosphate 5/6-kinase family protein"
"1170","Manes.14G052700.v8.1",50.4559285187903,0.215263311458663,0.0734903188028357,2.92913835407605,0.00339903090969724,0.0466945502662939,"Manes.14G052700","","","RNA binding; metal ion binding",NA,"(1 of 2) 3.5.2.6 - Beta-lactamase / Penicillinase","GO:0003723 GO:0046872","KOG1137","","PF00753 PF07521 PF13837","PTHR11203 PTHR11203:SF22","RNA-metabolising metallo-beta-lactamase family protein"
"1171","Manes.11G024200.v8.1",26.2406507839007,-0.226734805091881,0.077449574504041,-2.92751518060374,0.00341682380249115,0.0468988975042188,"Manes.11G024200","","","",NA,"(1 of 4) PTHR11043//PTHR11043:SF8 - ZETA-COAT PROTEIN // SUBFAMILY NOT NAMED","","KOG3343","","PF01217","PTHR11043 PTHR11043:SF8",""
"1172","Manes.13G137100.v8.1",276.137189391334,0.363578319797434,0.124207689685649,2.92718044041875,0.00342050368470508,0.0469093478875979,"Manes.13G137100","","","",NA,"(1 of 1) PTHR31636//PTHR31636:SF53 - FAMILY NOT NAMED // SCARECROW-LIKE PROTEIN 15","","","","PF03514","PTHR31636 PTHR31636:SF53","GRAS family transcription factor"
"1173","Manes.05G071700.v8.1",123.077951495212,0.227122486641921,0.0776276360912073,2.92579418977884,0.00343578152223164,0.0469786995381256,"Manes.05G071700","","","mechanosensitive monoatomic ion channel activity",NA,"(1 of 2) KOG1893 - Uncharacterized conserved protein","GO:0008381 GO:0016021","KOG1893","","PF12166","PTHR13167 PTHR13167:SF45","(1 of 1) PF12166 - Piezo non-specific cation channel, R-Ras-binding domain (Piezo_RRas_bdg)"
"1174","Manes.06G144300.v8.1",152.454222161856,-0.816915396708393,0.279150153148202,-2.92643721486583,0.00342868704969445,0.0469786995381256,"Manes.06G144300","","","protein binding",NA,"(1 of 2) PTHR31960:SF5 - F-BOX PROTEIN PP2-A14","GO:0005515","","","PF14299","PTHR31960 PTHR31960:SF5","phloem protein 2-A14"
"1175","Manes.09G132300.v8.1",283.535126492108,-0.307831778716548,0.105209658673195,-2.92588895923275,0.00343473509541199,0.0469786995381256,"Manes.09G132300","PWY-6842","glutathione-mediated detoxification II","protein binding",NA,"(1 of 4) PTHR11260:SF254 - GLUTATHIONE S-TRANSFERASE U8","GO:0005515","KOG0406","","PF00043 PF13417","PTHR11260 PTHR11260:SF254",""
"1176","Manes.11G061900.v8.1",127.841506838428,0.252404819946803,0.0862727480585826,2.92566106478271,0.00343725195401205,0.0469786995381256,"Manes.11G061900","","","",NA,"(1 of 2) K14972 - PAX-interacting protein 1 (PAXIP1, PTIP)","","","K14972","PF16987","PTHR33137 PTHR33137:SF4","(1 of 2) PTHR33137:SF4 - F7H2.13 PROTEIN-RELATED"
"1177","Manes.01G182300.v8.1",37.4867509380064,0.210526154489302,0.0719890502993349,2.9244191111554,0.00345099757499652,0.0470511337319655,"Manes.01G182300","","","",NA,"(1 of 1) PTHR10366//PTHR10366:SF384//PTHR15020//PTHR15020:SF11 - NAD DEPENDENT EPIMERASE/DEHYDRATASE // NAD(P)-BINDING ROSSMANN-FOLD SUPERFAMILY PROTEIN // FLAVIN REDUCTASE-RELATED // UPF0659 PROTEIN YMR090W","","","","PF13460","PTHR10366 PTHR10366:SF384","NAD(P)-binding Rossmann-fold superfamily protein"
"1178","Manes.01G228900.v8.1",94.8913737335185,0.140725487872515,0.0481135517051491,2.92486176732312,0.00344609264322371,0.0470511337319655,"Manes.01G228900","","","nucleic acid binding; ATP binding",NA,"(1 of 2) K12835 - ATP-dependent RNA helicase DDX42 (DDX42, SF3B125)","GO:0003676 GO:0005524","","K12835","PF00270 PF00271","PTHR24031 PTHR24031:SF125","P-loop containing nucleoside triphosphate hydrolases superfamily protein"
"1179","Manes.14G061000.v8.1",188.822266054574,-0.218443741897264,0.0746972297622591,-2.92438879718179,0.00345133370683676,0.0470511337319655,"Manes.14G061000","","","",NA,"(1 of 1) PF15243 - Anaphase-promoting complex subunit 15 (ANAPC15)","","","","PF15243","PTHR37771","(1 of 1) PF15243 - Anaphase-promoting complex subunit 15 (ANAPC15)"
"1180","Manes.01G071500.v8.1",48.3280424822173,0.167579335199409,0.0573264334139671,2.92324718667358,0.00346401399282768,0.0471440278634372,"Manes.01G071500","","","microtubule motor activity; protein binding; ATP binding; kinesin complex; microtubule-based movement; microtubule binding",NA,"(1 of 2) PTHR24115//PTHR24115:SF437 - FAMILY NOT NAMED // ARMADILLO REPEAT-CONTAINING KINESIN-LIKE PROTEIN 3","GO:0003777 GO:0005515 GO:0005524 GO:0005871 GO:0007018 GO:0008017","KOG0240","","PF00225 PF00514","PTHR24115 PTHR24115:SF437","armadillo repeat kinesin 3"
"1181","Manes.08G057300.v8.1",60.0058928417752,0.212901404884113,0.0728266368455255,2.92340020225984,0.00346231193546854,0.0471440278634372,"Manes.08G057300","","","electron transfer activity; protein-disulfide reductase activity; cell redox homeostasis",NA,"(1 of 2) PTHR10168:SF70 - GLUTAREDOXIN FAMILY PROTEIN","GO:0009055 GO:0015035 GO:0045454","KOG2824","K17479","PF00462","PTHR10168 PTHR10168:SF70","Glutaredoxin family protein"
"1182","Manes.01G132300.v8.1",186.121438851391,0.12041750792912,0.041217333979135,2.92152588010853,0.0034832133532135,0.0473652184654828,"Manes.01G132300","","","nucleic acid binding; helicase activity; ATP binding",NA,"(1 of 1) PTHR18934:SF115 - NUCLEAR DEIH-BOXHELICASE-RELATED","GO:0003676 GO:0004386 GO:0005524","","","PF00270 PF00271 PF01424 PF04408 PF07717","PTHR18934 PTHR18934:SF115","helicase in vascular tissue and tapetum"
"1183","Manes.01G039700.v8.1",87.0222190282328,-0.298256366634186,0.102148281457649,-2.91983734212743,0.00350214125917033,0.0473820845611487,"Manes.01G039700","","","",NA,"(1 of 1) PTHR14136:SF11 - THYLAKOID LUMENAL 17.4 KDA PROTEIN, CHLOROPLASTIC","","","","PF13599","PTHR14136 PTHR14136:SF11","Tetratricopeptide repeat (TPR)-like superfamily protein"
"1184","Manes.03G193200.v8.1",863.579476637099,0.0972023101265224,0.0332848991015099,2.92031259671486,0.00349680438330052,0.0473820845611487,"Manes.03G193200","","","ubiquitin-dependent protein catabolic process; ubiquitin protein ligase binding",NA,"(1 of 7) K03347 - cullin 1 (CUL1, CDC53)","GO:0006511 GO:0031625","KOG2166","K03347","PF00888 PF10557","PTHR11932 PTHR11932:SF84",""
"1185","Manes.05G119100.v8.1",260.412297311579,0.154300402291274,0.0528434097926188,2.91995544755377,0.00350081430151785,0.0473820845611487,"Manes.05G119100","","","metallopeptidase activity; zinc ion binding",NA,"(1 of 1) K03128 - transcription initiation factor TFIID subunit 2 (TAF2)","GO:0008237 GO:0008270","","K03128","PF01433","PTHR15137","TBP-associated factor 2"
"1186","Manes.13G013700.v8.1",10.2176640167849,-0.40725000258585,0.139424245617465,-2.92094105140947,0.00348975850935851,0.0473820845611487,"Manes.13G013700","PWY-6303","methyl indole-3-acetate interconversion","",NA,"(1 of 3) PTHR23024//PTHR23024:SF229 - MEMBER OF 'GDXG' FAMILY OF LIPOLYTIC ENZYMES // SUBFAMILY NOT NAMED","","KOG1515","","PF00135","PTHR23024 PTHR23024:SF229",""
"1187","Manes.13G102500.v8.1",1323.72121250211,-0.154237627959826,0.0528145038916229,-2.92036498679087,0.00349621652156169,0.0473820845611487,"Manes.13G102500","PWY-361","phenylpropanoid biosynthesis","zinc ion binding; oxidoreductase activity",NA,"(1 of 10) PTHR11695//PTHR11695:SF497 - ALCOHOL DEHYDROGENASE RELATED // CINNAMYL ALCOHOL DEHYDROGENASE 6-RELATED","GO:0008270 GO:0016491 GO:0055114","KOG0023","K00083","PF00107 PF08240","PTHR11695 PTHR11695:SF497","cinnamyl alcohol dehydrogenase 6"
"1188","Manes.15G180300.v8.1",315.160400780914,-0.122098034883246,0.0418113867808221,-2.92021012178553,0.00349795450024056,0.0473820845611487,"Manes.15G180300","","","mRNA splicing, via spliceosome; sno(s)RNA-containing ribonucleoprotein complex",NA,"(1 of 2) K11098 - small nuclear ribonucleoprotein F (SNRPF, SMF)","GO:0000398 GO:0005732","KOG3482","K11098","PF01423","PTHR11021","small nuclear ribonucleoprotein F"
"1189","Manes.03G191000.v8.1",974.52965756841,-0.280347276423828,0.0960303958693175,-2.91935979109508,0.00350751138774843,0.0474148280364008,"Manes.03G191000","PWY-6724","starch degradation II","polysaccharide catabolic process; beta-amylase activity","carb","(1 of 1) PTHR31352:SF3 - INACTIVE BETA-AMYLASE 9","GO:0000272 GO:0016161","","","PF01373","PTHR31352 PTHR31352:SF3","beta-amylase 3"
"1190","Manes.02G021700.v8.1",158.87857797013,0.183110453104693,0.0627406476395024,2.91852985255773,0.00351686199299458,0.047461396148952,"Manes.02G021700","","","DNA binding; ATP binding; nucleotide-excision repair; hydrolase activity",NA,"(1 of 1) K10843 - DNA excision repair protein ERCC-3 (ERCC3, XPB)","GO:0003677 GO:0004003 GO:0005524 GO:0006289 GO:0016787","","K10843","PF00271 PF04851 PF13625","PTHR11274 PTHR11274:SF0","homolog of xeroderma pigmentosum complementation group B 1"
"1191","Manes.11G075700.v8.1",35.2936523958812,-0.332060566859665,0.113772623134639,-2.91863330308121,0.00351569521873045,0.047461396148952,"Manes.11G075700","","","protein kinase activity; protein tyrosine kinase activity; ATP binding; protein phosphorylation",NA,"(1 of 3) PTHR27003:SF68 - PROTEIN KINASE FAMILY PROTEIN","GO:0004672 GO:0004713 GO:0005524 GO:0006468","KOG1187","","PF07714","PTHR27003 PTHR27003:SF68","Protein kinase superfamily protein"
"1192","Manes.07G066300.v8.1",131.035977013636,0.180545383088691,0.0618688440791257,2.91819551142392,0.00352063529371475,0.0474724589562729,"Manes.07G066300","","","DNA binding; protein binding; zinc ion binding",NA,"(1 of 2) PTHR12628//PTHR12628:SF13 - POLYCOMB-LIKE TRANSCRIPTION FACTOR // HOMEOBOX PROTEIN HAT3.1","GO:0003677 GO:0005515 GO:0008270","","","PF00046 PF00628","PTHR12628 PTHR12628:SF13","Homeodomain-like protein with RING/FYVE/PHD-type zinc finger domain"
"1193","Manes.01G211000.v8.1",301.63330669112,0.31009219252664,0.106299483935903,2.91715614267346,0.00353238891875165,0.0475325283118599,"Manes.01G211000","","","",NA,"(1 of 2) PTHR31447:SF2 - OXIDOREDUCTASE, 2OG-FE(II) OXYGENASE FAMILY PROTEIN","","KOG4176","","","PTHR31447 PTHR31447:SF2","oxidoreductase, 2OG-Fe(II) oxygenase family protein"
"1194","Manes.05G195000.v8.1",1837.3573383214,-0.163932268356642,0.0562041835299163,-2.91672715553967,0.00353725048830967,0.0475325283118599,"Manes.05G195000","PWY-6126; PWY-841; PWY-7229; PWY-7219","superpathway of adenosine nucleotides <i>de novo</i> biosynthesis II; superpathway of purine nucleotides <i>de novo</i> biosynthesis I; superpathway of adenosine nucleotides <i>de novo</i> biosynthesis I; adenosine ribonucleotides <i>de novo</i> biosynthesis","proton motive force-driven ATP synthesis; proton-transporting ATP synthase activity, rotational mechanism; proton-transporting ATPase activity, rotational mechanism",NA,"(1 of 1) K02135 - F-type H+-transporting ATPase subunit epsilon (ATPeF1E, ATP5E, ATP15)","GO:0000275 GO:0015986 GO:0046933 GO:0046961","KOG3495","K02135","PF04627","PTHR12448 PTHR12448:SF0","ATP synthase epsilon chain, mitochondrial"
"1195","Manes.07G026300.v8.1",444.731080232157,0.172165164947569,0.0590229635881476,2.9169183395959,0.00353508311105617,0.0475325283118599,"Manes.07G026300","TRNA-CHARGING-PWY","tRNA charging","nucleotide binding; aminoacyl-tRNA ligase activity; leucine-tRNA ligase activity; ATP binding; cytoplasm; tRNA aminoacylation for protein translation; leucyl-tRNA aminoacylation",NA,"(1 of 3) 6.1.1.4 - Leucine--tRNA ligase / Leucyl-tRNA synthetase","GO:0000166 GO:0004812 GO:0004823 GO:0005524 GO:0005737 GO:0006418 GO:0006429","","K01869","PF00133 PF01406 PF08264","PTHR11946 PTHR11946:SF51","ATP binding;leucine-tRNA ligases;aminoacyl-tRNA ligases;nucleotide binding;ATP binding;aminoacyl-tRNA ligases"
"1196","Manes.09G076529.v8.1",187.710167453491,0.482032287119357,0.165277903653288,2.91649565044424,0.003539876587401,0.0475325283118599,"Manes.09G076529","","","protein binding",NA,"(1 of 1) PF00027//PF12796//PF13857 - Cyclic nucleotide-binding domain (cNMP_binding) // Ankyrin repeats (3 copies) (Ank_2) // Ankyrin repeats (many copies) (Ank_5)","GO:0005515","KOG4412","","PF00027 PF12796 PF13857","PTHR10217 PTHR10217:SF504",""
"1197","Manes.15G077000.v8.1",848.216800220691,-0.159195392810709,0.0545733111779424,-2.91709242804848,0.00353311059094308,0.0475325283118599,"Manes.15G077000","","","protein dimerization activity",NA,"(1 of 3) PTHR23042//PTHR23042:SF67 - CIRCADIAN PROTEIN CLOCK/ARNT/BMAL/PAS // TRANSCRIPTION FACTOR ILR3-RELATED","GO:0046983","","","PF00010","PTHR23042 PTHR23042:SF67","basic helix-loop-helix (bHLH) DNA-binding superfamily protein"
"1198","Manes.08G051200.v8.1",155.722295746323,0.19263249724811,0.0660631545499998,2.9158840288548,0.00354682310832147,0.0475860499332646,"Manes.08G051200","","","actin binding; cytoskeleton organization",NA,"(1 of 1) K05761 - villin 1 (VIL1)","GO:0003779 GO:0007010","","K05761","PF00626 PF02209","PTHR11977 PTHR11977:SF46","villin 3"
"1199","Manes.14G124600.v8.1",896.841016007477,-0.15224513911475,0.0522178186935736,-2.91557830111901,0.00355030007238288,0.0475929716959216,"Manes.14G124600","PWY-7179; PWY-6609; SALVADEHYPOX-PWY; PWY-5695; PWY-6608","purine deoxyribonucleosides degradation I; adenine and adenosine salvage III; adenosine nucleotides degradation II; urate biosynthesis/inosine 5'-phosphate degradation; guanosine nucleotides degradation III","gamma-tubulin complex; GTPase activity; structural constituent of cytoskeleton; GTP binding; microtubule; microtubule-based process; microtubule nucleation; cytoplasmic microtubule organization",NA,"(1 of 3) PTHR11588//PTHR11588:SF97 - TUBULIN // TUBULIN BETA-4 CHAIN-RELATED","GO:0000930 GO:0003924 GO:0005200 GO:0005525 GO:0005874 GO:0007017 GO:0007020 GO:0031122","","K07375","PF00091 PF03953","PTHR11588 PTHR11588:SF97",""
"1200","Manes.01G043100.v8.1",73.4001475697229,0.231922600264488,0.0795858405650453,2.91411887614529,0.00356694051357199,0.0477661488939116,"Manes.01G043100","","","",NA,"","","","","","PTHR37258 PTHR37258:SF1",""
"1201","Manes.07G057925.v8.1",76.0540411826883,0.280100909087393,0.0961249716465984,2.91392449110079,0.00356916224859005,0.0477661488939116,"Manes.07G057925","","","",NA,"(1 of 1) PTHR35712:SF1 - MYOSIN HEAVY CHAIN-RELATED PROTEIN","","","","","PTHR35712",""
"1202","Manes.18G021301.v8.1",189.490392956677,-0.138588800104011,0.0475668731453615,-2.91355708163731,0.00357336501482077,0.0477826088878654,"Manes.18G021301","","","cytoplasm; DNA repair; DNA recombination; four-way junction helicase activity; hydrolase activity; protein catabolic process",NA,"(1 of 2) K03064 - 26S proteasome regulatory subunit T4 (PSMC6, RPT4)","GO:0005737 GO:0006281 GO:0006310 GO:0009378 GO:0016787 GO:0030163","","K03064","PF05496","PTHR23073 PTHR23073:SF32","AAA-type ATPase family protein"
"1203","Manes.15G043800.v8.1",112.18214039368,-0.125913846123523,0.0432358172573935,-2.91225780176483,0.00358826350291475,0.0479419445406057,"Manes.15G043800","","","structural constituent of ribosome; intracellular anatomical structure; ribosome; translation",NA,"(1 of 1) PTHR13528//PTHR13528:SF6 - 39S RIBOSOMAL PROTEIN L28, MITOCHONDRIAL // 50S RIBOSOMAL PROTEIN L28, CHLOROPLASTIC","GO:0003735 GO:0005622 GO:0005840 GO:0006412","","K02902","PF00830","PTHR13528 PTHR13528:SF6","Ribosomal L28 family"
"1204","Manes.13G113900.v8.1",118.030610752635,-0.380950891571685,0.130888909064919,-2.91049023399483,0.00360862244080685,0.0481339323577497,"Manes.13G113900","","","serine-type endopeptidase activity; proteolysis",NA,"(1 of 2) PTHR10795//PTHR10795:SF388 - PROPROTEIN CONVERTASE SUBTILISIN/KEXIN // SUBFAMILY NOT NAMED","GO:0004252 GO:0006508","","","PF00082 PF02225 PF05922","PTHR10795 PTHR10795:SF388","Subtilase family protein"
"1205","Manes.15G155400.v8.1",280.590721239208,0.311005648350501,0.106853353984951,2.91058386800196,0.0036075413296848,0.0481339323577497,"Manes.15G155400","","","",NA,"(1 of 1) PTHR34278//PTHR34278:SF1 - FAMILY NOT NAMED // GB|AAC02775.1","","","","","PTHR34278 PTHR34278:SF1","(1 of 1) PTHR34278:SF1 - GB"
"1206","Manes.05G113900.v8.1",937.442526503354,-0.124139346798068,0.0426563672032407,-2.91021844890337,0.00361176217807236,0.048135865247228,"Manes.05G113900","","","",NA,"(1 of 1) PTHR24078//PTHR24078:SF214 - DNAJ HOMOLOG SUBFAMILY C MEMBER // SUBFAMILY NOT NAMED","","KOG0691","","PF00226 PF14308","PTHR24078 PTHR24078:SF214","DNAJ heat shock N-terminal domain-containing protein"
"1207","Manes.11G155400.v8.1",31.6579816246982,0.610327129308475,0.209766842559416,2.90955005977936,0.00361949416696219,0.0481989475936896,"Manes.11G155400","TRIGLSYN-PWY; PWY-7416","diacylglycerol and triacylglycerol biosynthesis; phospholipid remodeling (phosphatidylcholine, yeast)","lipid metabolic process; O-acyltransferase activity",NA,"(1 of 2) PTHR11440//PTHR11440:SF54 - LECITHIN-CHOLESTEROL ACYLTRANSFERASE-RELATED // PHOSPHOLIPID:DIACYLGLYCEROL ACYLTRANSFERASE 2-RELATED","GO:0006629 GO:0008374","KOG2369","K00679","PF02450","PTHR11440 PTHR11440:SF54","Lecithin:cholesterol acyltransferase family protein"
"1208","Manes.05G072200.v8.1",112.631657829027,0.224543002589909,0.0772063661629812,2.90834828459486,0.00363343429396948,0.0482947161040424,"Manes.05G072200","","","",NA,"(1 of 1) KOG2690 - Uncharacterized conserved protein, contains BSD domain","","KOG2690","","PF03909","PTHR16019 PTHR16019:SF7","BSD domain-containing protein"
"1209","Manes.10G024900.v8.1",60.9261313524035,-0.22760206577504,0.0782569132470372,-2.90839564622947,0.00363288399446317,0.0482947161040424,"Manes.10G024900","","","",NA,"(1 of 48) PF04535 - Domain of unknown function (DUF588) (DUF588)","","","","PF04535","PTHR32021 PTHR32021:SF0",""
"1210","Manes.15G059300.v8.1",96.4941606027116,0.155146895249261,0.0533489388035054,2.90815335279109,0.00363570002400867,0.0482947161040424,"Manes.15G059300","","","RNA binding; regulation of DNA-templated transcription; rRNA processing; methyltransferase activity; rRNA methyltransferase activity",NA,"(1 of 1) K03500 - 16S rRNA (cytosine967-C5)-methyltransferase [EC:2.1.1.176] (rsmB, sun)","GO:0003723 GO:0006355 GO:0006364 GO:0008168 GO:0008649","KOG1122","K03500","PF01029 PF13847","PTHR22807 PTHR22807:SF30","NOL1/NOP2/sun family protein / antitermination NusB domain-containing protein"
"1211","Manes.18G126900.v8.1",127.535417382967,0.388897452352669,0.133744870637183,2.90775601710851,0.00364032231257449,0.0483161854087612,"Manes.18G126900","PWY-1121; PWY-7186; PWY1F-467","suberin monomers biosynthesis; superpathway of scopolin and esculin biosynthesis; phenylpropanoid biosynthesis, initial reactions","iron ion binding; oxidoreductase activity, acting on paired donors, with incorporation or reduction of molecular oxygen; heme binding",NA,"(1 of 2) 1.14.13.11 - Trans-cinnamate 4-monooxygenase / Cinnamic acid 4-monooxygenase","GO:0005506 GO:0016705 GO:0020037 GO:0055114","KOG0156","K00487","PF00067","PTHR24298 PTHR24298:SF56","cinnamate-4-hydroxylase"
"1212","Manes.01G076600.v8.1",86.8747650297029,-0.165813183824896,0.057046420477429,-2.90663607702611,0.00365337958266564,0.048449480224575,"Manes.01G076600","PENTOSE-P-PWY; NONOXIPENT-PWY; PWY-5723","pentose phosphate pathway; pentose phosphate pathway (non-oxidative branch); Rubisco shunt","carbohydrate metabolic process",NA,"(1 of 1) PTHR10683//PTHR10683:SF10 - TRANSALDOLASE // TRANSALDOLASE-LIKE PROTEIN","GO:0005975","KOG2772","K00616","PF00923","PTHR10683 PTHR10683:SF10","Aldolase superfamily protein"
"1213","Manes.07G117300.v8.1",79.5481216539388,0.226227351889518,0.077853818760103,2.90579647206015,0.00366319636939113,0.0485158067652669,"Manes.07G117300","","","",NA,"(1 of 4) PTHR21717:SF9 - PROTEIN TBF1","","","","","PTHR21717 PTHR21717:SF9","TRF-like 9"
"1214","Manes.16G098500.v8.1",298.110580833943,0.184288534941209,0.063423283053286,2.90569213811237,0.00366441793150215,0.0485158067652669,"Manes.16G098500","","","cytoskeletal motor activity; protein binding; ATP binding; myosin complex",NA,"(1 of 4) PTHR13140:SF390 - MYOSIN-11-RELATED","GO:0003774 GO:0005515 GO:0005524 GO:0016459","","K10357","PF00063 PF00612 PF01843 PF02736","PTHR13140 PTHR13140:SF390","Myosin family protein with Dil domain"
"1215","Manes.02G151000.v8.1",105.587230868056,-0.710624001295677,0.244629038908054,-2.90490452183305,0.00367365145447318,0.0485980245495863,"Manes.02G151000","","","",NA,"(1 of 5) PTHR31279//PTHR31279:SF3 - FAMILY NOT NAMED // (PHI-1) PROTEIN, PUTATIVE-RELATED","","","","PF04674","PTHR31279 PTHR31279:SF3","Phosphate-responsive 1 family protein"
"1216","Manes.15G118600.v8.1",24.5916084093017,0.262468557837439,0.0903947491867077,2.90358190269788,0.0036892046188408,0.0487636396699244,"Manes.15G118600","GLYCOGENSYNTH-PWY; PWY-622","glycogen biosynthesis I (from ADP-D-Glucose); starch biosynthesis","alpha-1,4-glucan glucosyltransferase (UDP-glucose donor) activity","carb","(1 of 1) KOG1003//KOG1850//KOG4809 - Actin filament-coating protein tropomyosin // Myosin-like coiled-coil protein // Rab6 GTPase-interacting protein involved in endosome-to-TGN transport","GO:0004373","KOG1003 KOG1850 KOG4809","","PF00534 PF13579","PTHR12526 PTHR12526:SF304","starch synthase 4"
"1217","Manes.15G166000.v8.1",1721.37311961716,0.157923256979992,0.054402150158387,2.90288631093096,0.00369740833797265,0.0488319180084095,"Manes.15G166000","","","",NA,"(1 of 2) PTHR10688//PTHR10688:SF1 - PWWP DOMAIN-CONTAINING PROTEIN // F22F7.12 PROTEIN-RELATED","","","","PF00855","PTHR10688 PTHR10688:SF1","Tudor/PWWP/MBT superfamily protein"
"1218","Manes.14G145700.v8.1",15.0493327656727,-1.04343288902316,0.359670803016788,-2.90107754166093,0.0037188184222819,0.0490743583754819,"Manes.14G145700","","","hydrolase activity, hydrolyzing O-glycosyl compounds; cell wall; carbohydrate metabolic process; xyloglucan metabolic process; xyloglucan:xyloglucosyl transferase activity; cell wall biogenesis; apoplast",NA,"(1 of 13) K14504 - xyloglucan:xyloglucosyl transferase TCH4 (TCH4)","GO:0004553 GO:0005618 GO:0005975 GO:0006073 GO:0010411 GO:0016762 GO:0042546 GO:0048046","","K08235 K14504","PF00722 PF06955","PTHR31062 PTHR31062:SF32","xyloglucan endotransglycosylase 6"
"1219","Manes.08G070900.v8.1",16.2311078422223,0.40905153899754,0.141051136892879,2.90002298462999,0.00373135297637715,0.0491993735761361,"Manes.08G070900","","","protein binding",NA,"(1 of 2) PTHR13844//PTHR13844:SF14 - BRG-1 ASSOCIATED FACTOR 60  BAF60 // SUBFAMILY NOT NAMED","GO:0005515","","","PF02201 PF08766","PTHR13844 PTHR13844:SF14","SWIB complex BAF60b domain-containing protein"
"1220","Manes.17G021400.v8.1",48.8674800789176,0.218588260041019,0.0753820751679579,2.89973789596513,0.00373474815246028,0.0492037762741754,"Manes.17G021400","","","",NA,"(1 of 207) PF01535//PF13041 - PPR repeat (PPR) // PPR repeat family (PPR_2)","","","","PF01535 PF13041","PTHR24015 PTHR24015:SF657","Pentatricopeptide repeat (PPR) superfamily protein"
"1221","Manes.01G000155.v8.1",267.390710581275,0.131522166116725,0.0453704229743548,2.89885254521579,0.00374530987510901,0.0492621649939665,"Manes.01G000155","","","DNA binding; regulation of DNA-templated transcription",NA,"(1 of 18) PTHR31989:SF21 - NAC TRANSCRIPTION FACTOR-LIKE 9","GO:0003677 GO:0006355","","","PF02365","PTHR31989 PTHR31989:SF21","NAC transcription factor-like 9"
"1222","Manes.15G049300.v8.1",13.5558317008826,0.29577651442553,0.10202354774434,2.89910046224538,0.00374234963490869,0.0492621649939665,"Manes.15G049300","","","protein kinase activity; protein tyrosine kinase activity; protein binding; ATP binding; protein phosphorylation",NA,"(1 of 26) PF00069//PF00560//PF08263 - Protein kinase domain (Pkinase) // Leucine Rich Repeat (LRR_1) // Leucine rich repeat N-terminal domain (LRRNT_2)","GO:0004672 GO:0004713 GO:0005515 GO:0005524 GO:0006468","KOG1187","","PF00069 PF00560 PF08263","PTHR27000 PTHR27000:SF191","Leucine-rich repeat receptor-like protein kinase family protein"
"1223","Manes.15G181000.v8.1",23.9434272935337,0.296506942579956,0.102320847883486,2.89781553528164,0.00375771532225856,0.0493849209931822,"Manes.15G181000","","","protein binding; zinc ion binding",NA,"(1 of 6) PTHR14155//PTHR14155:SF128 - RING FINGER DOMAIN-CONTAINING // RING-H2 FINGER PROTEIN ATL46","GO:0005515 GO:0008270","KOG1493","","PF13639","PTHR14155 PTHR14155:SF128","RING/U-box superfamily protein"
"1224","Manes.06G083300.v8.1",38.1573273615945,-0.351485781222269,0.121327199184753,-2.89700729584169,0.00376740993888335,0.0494718790422157,"Manes.06G083300","","","",NA,"(1 of 13) PF14309//PF14383 - Domain of unknown function (DUF4378) (DUF4378) // DUF761-associated sequence motif (VARLMGL)","","","","PF14309 PF14383","PTHR31680 PTHR31680:SF3","(1 of 8) PF14309//PF14383 - Domain of unknown function (DUF4378) (DUF4378)  // DUF761-associated sequence motif (VARLMGL)"
"1225","Manes.03G194700.v8.1",12.4591701663364,-0.321131526236991,0.110911858939373,-2.8953759256035,0.00378704706808385,0.0495774905731216,"Manes.03G194700","TRNA-CHARGING-PWY","tRNA charging","nucleotide binding; nucleic acid binding; alanine-tRNA ligase activity; ATP binding; alanyl-tRNA aminoacylation",NA,"(1 of 1) PTHR11777:SF7 - THREONYL AND ALANYL TRNA SYNTHETASE SECOND ADDITIONAL DOMAIN-CONTAINING PROTEIN","GO:0000166 GO:0003676 GO:0004813 GO:0005524 GO:0006419","","","PF01411","PTHR11777 PTHR11777:SF7","alanine-tRNA ligases;nucleic acid binding;ligases, forming aminoacyl-tRNA and related compounds;nucleotide binding;ATP binding"
"1226","Manes.09G050600.v8.1",223.224640213785,-0.145600449458519,0.0502823469085671,-2.89565739091848,0.00378365238795725,0.0495774905731216,"Manes.09G050600","PWY-5466","matairesinol biosynthesis","metabolic process; 2,3-dihydro-2,3-dihydroxybenzoate dehydrogenase activity; oxidoreductase activity; siderophore biosynthetic process",NA,"(1 of 27) 1.1.1.331 - Secoisolariciresinol dehydrogenase","GO:0008152 GO:0008667 GO:0016491 GO:0019290 GO:0055114","KOG0725","","PF08659","PTHR24322 PTHR24322:SF582",""
"1227","Manes.12G026800.v8.1",9.85977279946046,0.339560528939281,0.117273148804083,2.89546697093086,0.00378594869128369,0.0495774905731216,"Manes.12G026800","","","nucleic acid binding",NA,"(1 of 1) PTHR20957:SF0 - RNA-BINDING PROTEIN 48","","","","","PTHR20957 PTHR20957:SF0","RNA-binding (RRM/RBD/RNP motifs) family protein"
"1228","Manes.16G127700.v8.1",84.0688255536471,0.212327451334854,0.0733348537819339,2.89531430670366,0.00378779060684336,0.0495774905731216,"Manes.16G127700","","","DNA binding; protein binding; ATP binding; zinc ion binding; hydrolase activity",NA,"(1 of 2) K11643 - chromodomain-helicase-DNA-binding protein 4 (CHD4, MI2B)","GO:0003677 GO:0005515 GO:0005524 GO:0008270 GO:0016787","","K11643","PF00271 PF00385 PF00628 PF04851 PF06461 PF06465","PTHR10799 PTHR10799:SF741","chromatin remodeling factor CHD3 (PICKLE)"
"1229","Manes.15G171400.v8.1",210.196386000124,-0.432914758291314,0.149538466352598,-2.89500600648491,0.00379151277581345,0.0495858298174529,"Manes.15G171400","","","",NA,"(1 of 20) PF04570 - zinc-finger of the FCS-type, C2-C2 (zf-FLZ)","","","","PF04570","PTHR33059 PTHR33059:SF31","Protein of unknown function (DUF581)"
"1230","Manes.13G087578.v8.1",53.7147475295858,0.226745515599244,0.0783498724581898,2.89401256805164,0.00380352937589829,0.0497025428120432,"Manes.13G087578","","","",NA,"(1 of 2) K08331 - autophagy-related protein 13 (ATG13)","","KOG4573","K08331","PF10033","PTHR13430","Autophagy-related protein 13"
"1231","Manes.03G162400.v8.1",261.427588532753,0.26310661359772,0.0909311036293658,2.89347212445743,0.00381008108945362,0.0497477119015338,"Manes.03G162400","","","protein binding",NA,"(1 of 2) PTHR10666:SF124 - GH17761P","GO:0005515","KOG0001 KOG0005","","PF00240","PTHR10666 PTHR10666:SF124",""
"1232","Manes.13G079000.v8.1",137.451333590153,-0.159661327710921,0.0551848520426498,-2.89320931018399,0.00381327085052068,0.049748946737353,"Manes.13G079000","","","",NA,"(1 of 11) PF01823 - MAC/Perforin domain (MACPF)","","","","PF01823","PTHR33199 PTHR33199:SF6",""
"1233","Manes.04G049600.v8.1",46.0225504950866,0.260221595986952,0.0899971642010222,2.891442172619,0.00383478157943895,0.0497501852207134,"Manes.04G049600","","","protein kinase activity; protein tyrosine kinase activity; ATP binding; protein phosphorylation",NA,"(1 of 1) PTHR24361//PTHR24361:SF408 - MITOGEN-ACTIVATED KINASE KINASE KINASE // SERINE/THREONINE-PROTEIN KINASE STE7","GO:0004672 GO:0004713 GO:0005524 GO:0006468","KOG0581","","PF00069","PTHR24361 PTHR24361:SF408","mitogen-activated protein kinase kinase 3"
"1234","Manes.04G077900.v8.1",51.9969249680317,0.146536074693062,0.0506741552783176,2.89173196648749,0.00383124648273665,0.0497501852207134,"Manes.04G077900","","","",NA,"(1 of 1) K14311 - nuclear pore complex protein Nup188 (NUP188)","","KOG4833","K14311","","PTHR31431","Protein of unknown function (DUF3414)"
"1235","Manes.08G040700.v8.1",99.1716182653311,-0.1240755933295,0.0429116228720944,-2.89142160153973,0.0038350326316471,0.0497501852207134,"Manes.08G040700","","","nucleic acid binding; ATP binding",NA,"(1 of 4) K11594 - ATP-dependent RNA helicase DDX3X (DDX3X, bel)","GO:0003676 GO:0005524","","K11594","PF00270 PF00271","PTHR24031 PTHR24031:SF235","P-loop containing nucleoside triphosphate hydrolases superfamily protein"
"1236","Manes.11G134000.v8.1",148.730853575908,-0.148600130712563,0.0513728430967103,-2.89258140595452,0.00382090151283906,0.0497501852207134,"Manes.11G134000","","","GTPase activity; GTP binding; intracellular anatomical structure; intracellular protein transport; nucleocytoplasmic transport; signal transduction; small GTPase-mediated signal transduction; protein transport; membrane",NA,"(1 of 2) PTHR24073//PTHR24073:SF541 - FAMILY NOT NAMED // RAS-RELATED PROTEIN RABE1A","GO:0003924 GO:0005525 GO:0005622 GO:0006886 GO:0006913 GO:0007165 GO:0007264 GO:0015031 GO:0016020","KOG0078","K07901","PF00025","PTHR24073 PTHR24073:SF541","Ras-related small GTP-binding family protein"
"1237","Manes.16G002900.v8.1",364.736959584642,-0.149297201649932,0.051621757039178,-2.89213715714139,0.00382630866416228,0.0497501852207134,"Manes.16G002900","","","protein binding",NA,"(1 of 3) K14012 - UBX domain-containing protein 1 (SHP1, UBX1, NSFL1C)","GO:0005515","KOG2086","K14012","PF00789 PF08059","PTHR23333 PTHR23333:SF26","plant UBX domain containing protein 4"
"1238","Manes.18G050600.v8.1",12.4166851942415,-0.483344621063219,0.167120422864074,-2.89219362169962,0.00382562102325772,0.0497501852207134,"Manes.18G050600","","","amino acid transmembrane transport; dicarboxylic acid transport; membrane; sodium:dicarboxylate symporter activity",NA,"(1 of 1) PTHR22950//PTHR22950:SF288 - AMINO ACID TRANSPORTER // SUBFAMILY NOT NAMED","GO:0003333 GO:0006835 GO:0016020 GO:0017153","KOG1305","K14207","PF03222","PTHR22950 PTHR22950:SF288",""
"1239","Manes.18G100000.v8.1",92.0319347999279,0.206006101790853,0.0712141372735955,2.8927697459762,0.00381861123847615,0.0497501852207134,"Manes.18G100000","","","DNA binding; catalytic activity",NA,"(1 of 1) PTHR10133//PTHR10133:SF38 - DNA POLYMERASE I // 5'-3' EXONUCLEASE FAMILY PROTEIN","GO:0003677 GO:0003824","","","PF01367 PF02739","PTHR10133 PTHR10133:SF38","5'-3' exonuclease family protein"
