Sample	0.0	1.0	2.0	3.0	4.0	5.0	6.0	7.0	8.0	9.0	10.0	11.0	12.0	13.0	14.0	15.0	16.0	17.0	18.0	19.0	20.0	21.0	22.0	23.0	24.0	25.0	26.0	27.0	28.0	29.0	30.0	31.0	32.0	33.0	34.0	35.0	36.0	37.0	38.0	39.0	40.0	41.0	42.0	43.0	44.0	45.0	46.0	47.0	48.0	49.0	50.0	51.0	52.0	53.0	54.0	55.0	56.0	57.0	58.0	59.0	60.0	61.0	62.0	63.0	64.0	65.0	66.0	67.0	68.0	69.0	70.0	71.0	72.0	73.0	74.0	75.0	76.0	77.0	78.0	79.0	80.0	81.0	82.0	83.0	84.0	85.0	86.0	87.0	88.0	89.0	90.0	91.0	92.0	93.0	94.0	95.0	96.0	97.0	98.0	99.0	100.0
209031_HY55YBGXT_TCDM_1_A01_A04_1_2_o_CAGCGT_S1_R1_001	1.0	0.5	1.0	3.5	5.5	7.5	10.5	12.0	21.0	36.0	47.5	56.5	58.5	75.0	93.0	97.5	105.0	113.0	148.0	208.0	338.0	438.0	667.0	1289.5	2622.5	4853.5	7586.0	10356.0	13068.0	14451.0	16406.5	20059.0	23411.0	26663.0	29661.5	32127.0	33191.0	34758.5	38956.5	44772.0	50779.5	52997.5	51561.5	50730.0	49821.5	47888.0	46526.5	45003.5	42801.5	40313.5	38841.0	36958.0	33868.0	34469.5	39890.5	54779.5	71130.0	76204.0	78288.0	73593.5	54891.0	38010.5	26150.5	17281.0	15315.0	14632.5	12503.5	9438.0	6840.5	5019.5	3462.5	2748.0	2250.0	1412.5	822.5	405.5	181.0	93.0	51.0	39.0	30.5	17.5	10.5	6.5	2.5	1.5	3.0	1.5	0.5	0.5	0.5	1.5	2.0	2.0	9.5	20.5	14.0	2.5	0.5	0.5	1.0
209032_HY55YBGXT_TCDM_1_B01_A04_1_1_o_GATCAC_S2_R1_001	1.0	1.5	3.0	6.5	9.5	16.0	41.0	60.0	70.5	104.0	164.0	215.0	251.0	282.0	291.0	298.0	326.5	342.5	365.0	373.5	385.0	416.0	455.0	620.0	980.5	1590.0	2378.0	3172.5	4097.0	4640.0	5187.5	6215.5	7334.5	8322.0	9142.5	9727.5	9841.0	10350.5	11523.5	12678.0	13656.0	13916.0	13653.0	13617.0	13652.5	13590.0	13529.5	13382.0	13291.5	13010.5	12635.0	12505.5	12302.0	13156.0	15630.0	21137.5	26719.5	28340.0	29231.0	26618.5	18709.5	12164.0	7474.0	4055.5	3187.0	2666.5	1843.5	1351.5	971.5	665.5	466.5	383.0	316.5	187.0	91.5	44.5	20.5	8.0	4.5	4.0	4.5	4.0	1.5	0.0	0.0	0.0	0.0	0.0	0.0	0.0	0.5	1.5	1.0	0.0	0.5	0.5	0.0	0.0	0.0	0.0	0.0
209033_HY55YBGXT_TCDM_1_C01_BLANK_ACCAGT_S3_R1_001	1.0	0.5	1.5	6.5	12.0	20.0	41.5	57.0	76.0	120.5	162.0	209.5	248.5	270.5	285.0	306.0	351.5	360.5	340.0	325.5	308.5	301.0	304.5	332.0	347.0	365.0	403.0	445.5	483.0	489.0	524.5	584.0	639.5	674.0	705.0	723.5	714.0	748.5	825.0	856.0	817.5	769.5	683.0	617.0	569.0	522.0	517.0	474.5	437.0	408.5	381.0	346.0	300.0	263.5	229.5	214.0	205.0	203.0	190.5	163.0	118.5	77.0	53.5	40.0	38.0	32.5	27.5	23.5	18.0	13.5	9.0	8.0	6.0	3.5	3.0	4.0	3.5	1.5	0.5	0.0	0.0	0.0	1.0	1.0	0.0	0.5	1.0	0.5	0.0	0.0	0.0	0.0	0.0	0.0	0.0	0.0	0.0	0.0	0.0	0.0	0.0
209034_HY55YBGXT_TCDM_1_D01_A04_1_3_i_TGCACG_S4_R1_001	1.0	0.5	0.0	0.5	2.0	4.0	6.5	8.0	9.0	9.0	12.0	22.0	27.5	30.5	34.0	43.0	50.0	59.0	77.0	91.5	112.0	125.0	171.0	315.0	637.0	1119.0	1646.5	2130.0	2608.5	2873.0	3181.5	3864.0	4624.0	5309.0	5809.5	6074.5	6138.0	6578.0	7565.0	8680.0	10013.5	10718.5	10671.5	10685.0	10706.0	10596.5	10767.0	11298.5	11787.0	12068.5	12092.0	12039.0	11953.0	13435.5	18049.0	29019.5	38761.5	40631.0	39939.0	34422.0	23998.0	15440.0	9595.0	5919.0	5129.0	4839.0	3928.5	2708.5	1763.5	1219.0	824.0	628.0	512.0	314.5	166.5	72.0	29.5	11.5	7.5	7.0	5.0	3.0	2.5	1.0	1.0	1.0	0.0	0.5	0.5	0.0	0.0	0.0	0.0	0.0	1.0	2.0	2.0	1.0	0.0	0.0	0.0
209035_HY55YBGXT_TCDM_1_E01_A04_1_3_o_ACATTA_S5_R1_001	6.0	9.0	19.5	46.0	108.5	257.5	486.5	610.0	826.0	1260.0	1822.0	2363.0	2858.0	3313.5	3471.0	3586.0	3708.5	3695.5	3697.0	3700.0	3875.0	4069.0	4498.5	5934.5	9473.5	15406.5	21934.5	27174.0	31431.5	33577.0	36596.5	43341.0	50609.5	56709.0	59954.5	61166.5	61689.0	62891.0	66389.5	70550.0	74106.0	73127.0	68403.0	66350.0	64643.5	61226.0	58879.0	58174.0	58784.0	60201.5	60940.0	60315.5	58968.5	67200.5	88475.5	123825.5	152235.0	157615.0	155408.0	130698.5	84618.5	52095.5	30724.5	12560.5	6822.0	4980.5	2607.0	1681.5	1040.0	613.5	377.0	319.0	249.5	149.5	93.5	64.5	54.5	44.5	40.5	40.0	34.0	29.5	32.0	23.5	10.5	8.5	10.0	6.5	2.0	1.0	1.0	1.0	1.5	2.0	7.5	14.0	12.0	6.0	1.5	0.0	0.0
209036_HY55YBGXT_TCDM_1_F01_A27_1_2_i_GTGTAG_S6_R1_001	0.0	0.0	0.0	1.5	4.5	9.0	16.5	21.0	22.5	27.0	36.0	50.5	68.0	82.5	88.0	109.5	128.5	152.0	197.0	267.0	414.5	511.0	755.5	1361.0	2613.5	5068.5	8397.5	11584.0	14398.5	15792.0	17566.0	21149.0	24923.0	28735.0	32647.5	37046.0	39379.0	43025.5	51248.5	60850.5	71442.5	77620.5	78874.0	79516.0	80451.5	81980.0	83126.0	82727.5	81245.5	81085.0	81455.0	78861.5	73760.0	79140.0	96213.0	122281.0	144603.0	150042.0	147689.0	129972.0	95907.0	68800.0	46428.0	25329.5	18197.0	14406.0	8232.5	4663.5	2877.0	1853.5	1174.5	919.0	743.0	447.0	249.0	133.5	84.5	68.5	58.5	53.0	52.5	47.5	37.5	28.0	23.5	13.5	4.0	4.5	5.0	3.0	0.5	0.5	1.5	2.0	9.0	13.0	9.0	4.5	0.5	0.0	0.0
209037_HY55YBGXT_TCDM_1_G01_C17_1_2_o_CTAGTC_S7_R1_001	0.0	0.0	0.5	2.0	5.0	9.5	13.0	14.0	22.0	34.5	49.5	60.0	73.5	91.5	96.0	106.0	121.0	134.0	149.0	194.5	289.5	346.0	464.0	810.0	1627.5	3082.0	4641.5	6036.5	7665.0	8593.0	9570.0	11600.5	13660.0	15743.5	17663.5	19343.0	20180.0	21065.5	23313.0	26578.0	30215.0	31653.0	31461.5	31566.0	31395.0	31018.5	30875.0	30773.0	29921.0	28530.0	27827.0	26443.0	24141.0	24865.0	29936.5	41305.0	51574.0	53904.0	54548.5	49966.5	38565.0	29630.5	22186.5	16116.5	14731.0	13387.5	10821.0	8586.5	6800.0	5320.0	3971.0	3327.0	2751.0	1735.5	1013.5	566.0	288.5	126.0	56.5	37.0	27.5	12.0	5.5	4.5	2.5	1.0	1.0	1.0	0.5	0.0	0.0	0.5	1.0	1.0	2.5	5.5	4.0	0.5	0.0	0.0	0.0
209038_HY55YBGXT_TCDM_1_H01_C17_1_2_i_TGTGCA_S8_R1_001	4.0	5.0	7.5	12.5	19.0	31.5	71.0	101.0	128.0	180.0	242.0	344.5	468.0	628.5	731.0	852.5	1184.5	1732.0	2613.0	4203.5	6736.5	8223.0	10664.5	17218.0	29175.0	46951.5	65548.0	81978.0	99091.0	108439.0	120729.0	150257.0	182357.0	208040.5	224025.5	229114.0	229039.0	233388.5	246688.0	253899.5	251755.0	239224.5	219948.5	212797.0	203660.5	187550.5	181218.5	179210.0	167777.5	149842.0	140689.0	131486.5	119824.5	127818.5	142125.5	146689.0	139395.5	131392.0	121834.0	99276.5	71578.5	51233.0	34718.0	18299.5	12749.0	10308.5	6669.5	4588.0	3155.0	2189.5	1461.5	1149.0	933.0	547.5	295.5	159.5	87.0	53.5	41.5	44.0	41.0	33.5	26.0	23.0	15.5	7.5	7.0	5.5	3.0	3.0	3.0	3.0	5.5	7.0	20.5	45.0	32.0	4.0	0.0	0.0	0.0
209039_HY55YBGXT_TCDM_1_A02_X1_54_2_o_TCAGGA_S9_R1_001	3.0	2.5	5.0	13.0	25.0	45.0	74.0	90.0	136.0	225.5	313.5	433.5	528.0	611.0	675.0	668.0	724.0	848.5	989.5	1346.5	2175.0	2726.0	3919.0	7183.5	13386.5	23649.0	35022.5	45836.0	57088.5	62770.0	69829.0	84014.0	98588.0	111619.5	122230.0	130643.0	134029.0	138928.0	152051.0	168400.5	185783.5	185921.0	170300.0	163799.0	158099.5	146049.5	138461.0	133526.5	124382.5	114986.0	111037.0	105413.0	95554.0	95652.5	110874.0	147057.0	182220.0	192088.0	204967.0	205490.5	155099.5	102019.0	63441.5	32163.5	24418.0	21001.0	14912.0	10640.5	8032.0	6124.5	4431.0	3636.0	2974.5	1889.5	1135.0	616.5	325.5	166.0	91.5	73.0	58.0	37.0	31.5	26.5	16.0	9.5	8.0	6.0	3.5	2.0	2.0	1.5	4.5	9.0	16.0	25.5	22.0	9.5	1.5	0.0	0.0
209040_HY55YBGXT_TCDM_1_B02_X9_27_1_i_CGGTTA_S10_R1_001	0.0	0.0	0.5	1.0	2.0	4.0	3.0	1.0	2.5	7.0	11.5	17.0	19.0	22.0	27.0	28.5	31.5	41.5	55.0	68.0	93.0	110.0	133.0	200.5	346.0	583.5	830.0	1093.5	1328.0	1409.0	1642.5	2108.0	2589.5	3027.5	3352.0	3699.0	3910.0	4170.5	4796.0	5615.5	6672.0	7318.5	7502.5	7642.0	7798.5	8250.5	8718.0	9190.0	9878.0	10596.5	10927.0	10797.0	10543.5	11123.5	14060.0	20450.0	25360.5	26114.0	25637.5	22536.0	16894.5	11953.0	7179.0	3400.0	2470.0	1982.5	1200.5	722.5	420.0	238.0	147.5	120.0	89.5	46.0	25.0	10.5	5.0	5.0	4.0	4.0	2.0	2.5	4.0	2.0	1.5	1.0	0.0	0.5	0.5	0.5	0.5	0.0	0.0	0.0	1.0	2.0	1.5	1.0	1.0	0.5	0.0
209041_HY55YBGXT_TCDM_1_C02_X9_27_2_i_TTAACT_S11_R1_001	0.0	0.5	2.0	9.0	24.0	44.0	77.0	99.0	138.5	209.0	279.0	371.5	454.0	507.0	531.0	551.5	579.0	563.0	566.5	533.5	458.5	443.0	433.0	419.0	424.0	439.0	487.5	537.0	573.5	603.0	641.5	737.0	872.5	970.5	1046.0	1229.0	1356.0	1499.5	1856.5	2431.5	3417.0	4173.0	4338.5	4372.0	4473.5	4775.5	5081.0	5394.5	5601.0	5416.0	5233.0	4942.0	4478.5	4110.0	3806.0	3885.5	3920.0	3767.0	3654.5	3237.5	2727.5	2199.5	1304.0	547.0	363.0	326.0	229.5	139.5	79.0	38.0	23.5	20.0	14.0	7.0	4.5	3.5	4.0	2.5	2.0	3.0	1.5	0.0	0.0	0.0	0.0	0.0	0.0	0.0	0.0	0.0	0.0	0.0	0.0	0.0	0.0	1.0	1.0	1.0	1.0	0.0	0.0
209042_HY55YBGXT_TCDM_1_D02_X9_27_3_o_ATGAAC_S12_R1_001	1.0	2.0	2.5	10.5	32.5	73.0	136.5	173.0	273.0	396.0	512.5	713.0	888.0	1028.0	1100.0	1119.5	1153.5	1164.5	1112.0	1064.0	1012.5	960.0	927.5	882.0	907.5	935.5	972.0	1042.5	1094.5	1123.0	1207.5	1349.5	1504.5	1714.0	1868.5	2008.0	2105.0	2191.0	2452.0	2831.5	3314.0	3701.0	3994.0	4178.0	4360.0	4754.0	5261.5	5860.0	6427.5	6756.5	6821.0	6844.0	6906.5	7237.0	8218.0	10390.0	11681.5	11491.0	11599.5	10873.5	8700.5	6364.5	3684.5	1514.5	1027.0	772.5	410.5	241.0	160.5	103.0	59.5	55.0	36.5	15.5	10.5	7.0	6.0	5.0	2.5	1.0	1.0	0.5	0.0	0.0	0.0	0.0	0.0	0.0	0.5	0.5	0.0	0.0	0.0	0.0	0.0	2.5	3.0	0.5	0.0	0.0	0.0
209043_HY55YBGXT_TCDM_1_E02_X11_57_2_o_CCTAAG_S13_R1_001	2.0	1.0	2.5	16.0	38.0	66.5	130.5	177.0	230.0	350.0	518.5	688.5	829.0	903.5	906.0	979.0	1052.5	1041.5	998.5	1012.5	1035.5	1013.0	1159.0	1500.0	2241.0	3527.0	5018.0	6494.5	8122.0	9024.0	10167.0	12435.5	14678.0	16599.5	18195.5	19285.5	19584.0	20823.0	23394.5	26073.5	28632.5	29008.5	27667.0	27162.0	26745.5	25637.0	24909.0	24862.0	24485.0	23882.0	23645.0	22313.0	20578.5	20848.0	23656.0	30680.0	37556.5	39545.0	41972.5	41395.5	31941.5	21871.0	12409.0	5052.5	3537.0	2764.0	1596.0	1009.5	669.0	410.0	244.5	189.0	147.5	77.5	40.5	22.0	14.0	11.5	8.5	10.0	7.0	6.0	7.0	4.5	2.5	2.0	2.0	1.0	0.0	0.5	0.5	0.0	0.0	0.0	3.5	6.0	2.5	0.0	0.0	0.0	0.0
209044_HY55YBGXT_TCDM_1_F02_X11_57_3_o_AATCCG_S14_R1_001	0.0	0.0	1.0	1.5	2.5	3.0	8.0	14.0	14.5	16.0	17.5	27.5	42.5	44.5	41.0	51.0	66.5	78.5	78.0	78.5	103.0	120.0	129.5	137.0	178.0	230.5	260.0	309.5	373.5	408.0	436.5	497.5	601.5	666.5	701.5	753.0	763.0	806.5	880.0	985.5	1132.5	1244.0	1290.5	1297.0	1373.5	1581.0	1866.0	2201.5	2686.5	3202.0	3414.0	3561.0	3931.0	4569.0	5626.0	7048.0	7425.5	7023.0	6076.0	4114.0	2482.5	1564.0	957.5	560.5	468.0	389.5	244.0	148.5	107.5	82.0	56.0	43.0	38.5	28.0	18.5	13.0	6.5	1.0	1.0	2.0	1.5	0.5	0.0	0.0	0.0	0.0	0.0	0.5	0.5	0.0	0.0	0.0	0.0	0.0	0.5	0.5	0.0	0.0	0.0	0.0	0.0
209045_HY55YBGXT_TCDM_1_G02_X9_27_2_o_GGCTGC_S15_R1_001	1.0	2.0	1.5	1.5	7.0	14.0	26.5	36.0	42.5	64.5	99.5	131.0	168.5	224.5	255.0	326.5	487.0	787.5	1392.5	2652.5	5071.0	6623.0	9841.0	17579.5	30897.5	52901.5	78326.0	96817.0	112414.5	121739.0	138163.5	177230.0	220380.0	253171.5	269632.5	277045.5	280281.0	287267.0	306148.5	320744.5	326331.5	309994.5	279085.0	267399.0	258256.0	242648.0	238390.0	234883.5	212717.0	184147.5	172031.0	159020.5	142303.0	139782.0	144129.0	145688.5	135512.0	126937.0	117443.0	95359.0	67827.5	47538.0	32509.5	17648.5	12468.0	10862.5	8721.0	7089.5	4953.5	3282.5	2225.5	1799.0	1489.0	927.5	538.5	307.5	177.5	110.0	74.5	70.0	63.5	53.0	38.0	24.0	16.5	11.0	10.0	9.0	7.5	5.5	2.5	2.0	5.5	8.0	23.5	46.0	33.5	15.5	20.0	36.5	50.0
209046_HY55YBGXT_TCDM_1_H02_X11_57_1_o_TACCTT_S16_R1_001	0.0	0.5	1.0	8.0	22.5	35.5	55.5	70.0	92.5	133.0	167.0	212.5	240.0	255.0	272.0	271.5	281.5	281.5	253.5	224.5	201.5	190.0	192.0	183.0	173.5	184.5	188.0	173.0	176.0	188.0	202.5	224.0	249.5	267.5	275.0	283.0	283.0	312.5	323.5	338.0	382.0	379.5	368.5	371.0	376.5	402.5	441.5	494.5	547.5	571.0	576.0	605.5	730.0	883.0	1085.5	1374.5	1574.5	1630.0	1665.5	1821.5	1921.0	1857.5	1759.5	1601.5	1499.0	1342.0	1023.5	757.5	533.0	323.5	179.0	124.0	106.0	56.5	21.0	13.0	5.0	1.0	1.0	1.0	0.5	0.0	0.0	0.0	0.5	0.5	0.0	0.5	1.0	0.5	0.0	0.0	0.0	0.0	0.0	0.0	0.0	0.0	0.0	0.0	0.0
209047_HY55YBGXT_TCDM_1_A03_A27_1_1_i_TCTTAA_S17_R1_001	3.0	3.0	6.0	16.0	37.0	83.0	163.0	211.0	284.5	429.5	593.5	778.0	964.0	1144.5	1231.0	1257.5	1321.0	1420.5	1524.5	1693.5	2139.5	2458.0	3093.5	4886.5	8439.5	14612.5	22256.0	29839.5	37181.5	40806.0	45433.5	54702.5	63970.5	72537.0	79192.5	84998.0	88088.0	93398.5	104933.5	116498.0	126105.5	128219.5	124711.5	123357.0	121402.0	116872.0	113063.5	109358.0	105315.0	104921.0	106098.0	104950.5	101491.5	109122.0	129386.5	157822.0	177086.5	178238.0	177082.5	159828.0	116904.0	79097.0	48659.5	20274.5	11345.0	8536.5	4633.5	2854.5	1708.5	1003.0	612.0	465.0	355.5	206.0	126.5	87.5	81.5	63.5	48.5	45.0	43.5	36.5	29.0	22.5	17.5	14.0	11.0	9.0	4.5	1.0	1.5	2.0	1.5	2.0	11.0	20.0	19.5	11.0	1.5	0.0	0.0
209048_HY55YBGXT_TCDM_1_B03_X1_54_2_i_GTCAGG_S18_R1_001	0.0	0.0	0.0	1.0	1.5	2.0	3.5	4.0	3.0	4.5	8.5	9.5	11.0	13.5	14.0	14.0	22.0	27.0	27.0	33.5	42.0	47.0	46.5	63.0	88.5	115.0	164.0	220.5	274.5	303.0	321.5	390.5	453.0	513.5	555.0	610.5	673.0	657.5	698.0	777.0	839.5	849.5	828.5	837.0	853.5	843.5	852.0	901.5	978.0	1083.5	1127.0	1136.5	1138.5	1243.0	1556.0	2266.0	2858.0	2941.0	2945.5	2665.5	2061.0	1501.0	1061.5	772.0	682.0	620.0	471.0	325.5	220.0	142.5	86.5	61.0	49.5	30.0	20.0	15.0	8.5	6.0	3.5	0.0	0.5	0.5	0.0	0.5	0.5	0.0	0.0	0.0	0.0	0.0	0.0	0.5	0.5	0.0	0.0	0.5	0.5	0.0	0.0	0.0	0.0
209049_HY55YBGXT_TCDM_1_C03_X11_57_2_i_ATACTG_S19_R1_001	1.0	0.5	1.5	9.5	21.5	39.5	70.5	89.0	115.0	179.5	241.5	297.5	363.0	406.5	417.0	410.5	409.5	389.5	346.0	317.5	272.5	238.0	249.5	236.5	227.5	268.5	292.5	286.0	283.0	285.0	297.0	343.5	400.0	429.5	452.5	466.5	465.0	449.5	452.5	448.5	419.5	424.5	383.5	331.0	314.0	288.5	288.5	287.5	267.5	233.0	209.0	213.0	196.0	183.5	207.0	202.0	179.0	176.0	157.0	130.5	103.0	74.5	54.5	35.0	27.0	23.0	20.0	14.0	5.5	5.5	4.0	1.0	2.0	2.0	1.0	0.5	0.5	1.5	1.5	1.0	0.5	0.0	0.5	0.5	0.0	0.0	0.0	0.0	0.0	0.0	0.0	0.0	0.0	0.0	0.0	0.0	0.0	0.0	0.0	0.0	0.0
209050_HY55YBGXT_TCDM_1_D03_X9_27_3_i_TATGTC_S20_R1_001	0.0	0.0	0.0	0.0	0.0	2.5	4.5	4.0	4.5	7.5	13.0	18.5	21.0	17.0	13.0	18.0	26.5	34.5	31.0	28.0	41.0	49.0	44.5	42.0	61.5	85.5	99.0	103.0	122.0	144.0	152.5	180.0	211.0	235.0	264.5	267.0	252.0	268.0	277.5	273.5	294.5	295.5	278.0	278.0	271.0	233.5	213.5	214.5	193.5	186.5	191.0	163.0	147.0	146.5	144.5	154.5	142.0	130.0	131.0	116.5	87.5	66.5	47.0	29.0	23.0	24.0	18.0	12.5	13.5	11.0	5.5	2.0	3.5	5.0	3.5	4.0	3.5	0.5	0.5	1.0	0.5	0.0	0.0	0.0	0.0	0.0	0.0	0.0	0.0	0.0	0.0	0.0	0.0	0.0	0.0	0.0	0.0	0.0	0.0	0.0	0.0
209051_HY55YBGXT_TCDM_1_E03_C17_1_3_i_GAGTCC_S21_R1_001	0.0	0.0	1.0	1.5	1.5	1.0	1.5	3.0	3.0	4.5	6.5	6.5	9.0	12.5	13.0	23.0	32.0	30.0	30.0	34.5	43.0	48.0	50.5	64.5	93.0	118.5	147.0	183.5	203.0	206.0	244.5	309.5	375.5	419.5	433.0	447.0	452.0	476.5	516.0	575.5	612.0	555.5	513.0	519.0	503.5	485.5	481.5	484.0	483.5	497.5	516.0	507.5	510.0	541.0	664.5	910.5	1036.5	1020.0	1041.5	994.0	781.5	554.5	391.0	274.5	238.0	209.5	154.0	112.0	84.5	53.5	33.0	31.0	21.0	11.0	9.0	4.5	1.5	1.0	0.5	0.0	0.0	0.0	0.0	0.5	0.5	0.0	0.0	0.0	0.0	0.0	0.0	0.0	0.0	0.0	0.0	0.0	0.0	0.0	0.0	0.0	0.0
209052_HY55YBGXT_TCDM_1_F03_X11_57_3_i_GGAGGT_S22_R1_001	1.0	0.5	1.5	3.5	9.0	19.0	28.5	33.0	46.0	62.0	79.5	111.5	139.5	178.5	207.0	228.5	283.0	373.5	537.0	877.5	1546.0	1980.0	3007.5	5608.0	10194.5	18189.0	27873.0	35787.0	42732.5	46467.0	51883.5	64389.5	78859.0	90889.0	100191.5	110302.5	115761.0	123927.5	143561.5	166188.5	188274.5	192514.0	183588.5	181350.0	181258.0	178848.5	177007.5	171911.5	161012.0	158425.5	161166.0	158785.5	153445.0	168538.5	197157.5	219445.5	225766.5	220365.0	220342.0	207577.0	174990.0	144562.5	95714.5	42201.5	26954.0	22792.5	14824.0	8511.0	4687.0	2742.0	1761.5	1408.0	1168.0	754.0	469.0	310.0	242.5	190.5	148.0	138.0	125.5	103.5	78.0	56.5	43.5	27.5	19.0	16.0	11.5	5.5	2.5	4.0	4.0	4.0	14.5	31.5	24.0	7.0	2.0	0.5	1.0
209053_HY55YBGXT_TCDM_1_G03_X9_27_1_o_CACACT_S23_R1_001	4.0	4.0	6.0	16.0	39.5	85.5	167.5	219.0	278.5	449.5	661.0	874.0	1040.0	1205.5	1318.0	1350.0	1425.5	1535.0	1589.5	1662.0	1972.0	2198.0	2724.5	4231.5	7449.0	12979.5	18945.5	24212.0	29612.5	32419.0	36307.0	45190.5	54908.5	62931.5	69000.0	74855.5	77943.0	81696.0	90580.0	102072.0	114609.5	116231.5	108919.0	106161.0	103233.5	96440.0	91273.5	86696.5	78557.5	69630.5	65566.0	61467.5	55091.0	54966.0	59558.0	70514.5	81920.0	84808.0	85965.5	78910.5	59472.0	43268.5	30219.0	18926.5	15706.0	13870.0	10886.5	8566.0	6426.0	4686.5	3218.5	2523.0	2083.0	1259.5	659.5	330.5	150.0	65.5	37.0	25.0	24.0	20.5	17.5	9.5	4.5	6.5	6.0	4.5	2.0	0.5	0.5	1.5	1.5	1.0	8.0	17.5	11.0	1.5	0.5	0.0	0.0
209054_HY55YBGXT_TCDM_1_H03_A04_1_2_o_CCGCAA_S24_R1_001	4.0	4.5	4.5	11.0	36.0	77.0	133.0	166.0	243.0	402.5	575.0	723.5	876.5	1043.5	1116.0	1177.5	1281.5	1357.0	1482.5	1752.5	2325.0	2720.0	3584.0	5903.5	10134.0	16963.5	24928.0	32899.5	41595.5	46230.0	51608.5	63273.5	75288.0	85834.5	94590.5	101566.5	104605.0	109080.0	120034.0	133261.5	147060.5	148619.0	139449.5	135772.0	132241.0	124714.0	117791.0	110461.0	100121.0	89147.5	84111.0	79253.5	71282.0	69983.5	74752.5	87976.0	101419.5	104593.0	103324.5	90780.0	65533.0	45513.5	31079.0	19096.0	15499.0	13936.5	10798.5	7644.5	5101.0	3345.5	2095.5	1636.0	1262.5	678.0	351.0	175.5	83.0	38.5	27.0	27.0	25.5	23.0	16.0	10.0	8.5	7.0	7.0	5.5	4.5	3.0	0.5	0.5	3.5	6.0	13.5	23.5	14.5	3.0	2.0	0.5	0.0
209055_HY55YBGXT_TCDM_1_A04_X4_67_2_o_TTTATG_S25_R1_001	3.0	5.0	10.0	24.5	58.0	139.5	276.5	354.0	506.0	792.5	1047.0	1333.5	1581.5	1755.5	1848.0	1881.0	2041.0	2432.0	3140.0	5084.0	8622.0	10660.0	15029.0	27952.0	56252.5	100111.0	141228.0	176473.5	220368.0	246022.0	277512.5	360677.0	459932.5	532635.0	566766.5	558100.0	540423.0	528576.0	518940.5	488911.5	427585.5	361862.5	296929.0	268633.0	249476.0	209745.0	177975.5	160398.0	141738.5	117012.0	104563.0	94373.5	78866.0	70732.0	65295.0	58671.0	50237.5	45807.0	41776.0	32086.5	20111.0	11359.0	7003.5	4117.0	3151.0	2703.5	2086.5	1713.0	1278.5	923.5	772.0	745.0	674.0	545.0	419.0	300.0	195.0	112.5	62.0	40.0	35.5	26.5	20.0	14.0	10.0	7.5	5.0	5.5	5.5	4.5	8.0	11.0	14.0	18.0	50.5	89.0	56.5	10.5	2.0	0.5	0.0
209056_HY55YBGXT_TCDM_1_B04_C64_1_2_o_AACGCC_S26_R1_001	2.0	2.5	6.0	24.0	65.0	139.0	249.0	311.0	403.5	613.0	841.0	1109.0	1319.5	1468.5	1564.0	1567.5	1642.0	1777.5	2048.5	2822.0	4663.0	5937.0	9124.5	17759.0	38020.0	70194.0	98893.5	119447.0	140945.0	153229.0	174405.0	224787.0	272597.5	304644.0	324607.5	319591.5	308054.0	303755.5	303415.0	289787.0	254654.0	217604.5	183229.5	168357.0	157146.5	131951.5	109590.0	97271.0	87885.5	75941.5	69441.0	63905.5	58165.5	60949.0	66062.0	75491.0	84249.5	85704.0	81666.5	65125.0	39441.0	21657.5	13113.0	7550.5	5929.0	5176.5	3943.0	2975.5	2137.0	1554.5	1122.5	921.0	761.5	496.0	305.0	169.0	97.0	58.5	37.0	33.0	27.5	18.0	13.5	11.0	11.0	11.0	9.0	6.5	3.5	2.5	2.5	4.0	5.0	5.0	19.5	50.5	39.5	6.5	0.5	0.0	0.0
209057_HY55YBGXT_TCDM_1_C04_A04_1_1_i_CAAGCA_S27_R1_001	11.0	8.0	18.5	57.0	129.5	289.0	590.5	780.0	1005.0	1541.0	2214.0	2875.0	3474.5	4062.5	4350.0	4405.0	4674.0	5321.5	6332.0	8390.0	12269.5	14668.0	18946.5	30549.5	51335.0	82868.0	118862.0	158811.0	205828.5	230819.0	259422.5	327577.0	403725.0	467716.5	503147.5	496753.0	482322.0	477626.0	475474.0	455076.5	407578.0	349248.5	284279.0	253082.0	231145.5	190127.5	158952.5	138174.0	118524.0	97875.5	88192.0	82380.5	70847.5	61768.0	54690.0	46785.5	39216.5	35832.0	32714.0	25307.0	16582.0	10588.5	7612.0	5308.5	4424.0	3921.5	3263.5	2680.5	1947.0	1475.5	1189.0	1068.0	985.0	799.0	566.0	353.0	225.0	142.0	84.0	64.0	51.0	29.5	20.0	14.0	11.5	10.0	6.0	5.0	3.5	2.5	1.5	6.0	10.0	9.0	27.5	70.5	52.5	6.0	1.5	0.5	0.0
209058_HY55YBGXT_TCDM_1_D04_X4_67_3_i_GCTCGA_S28_R1_001	0.0	0.5	1.0	2.5	3.5	10.0	21.5	26.0	34.0	49.5	66.0	72.0	86.5	120.0	136.0	138.0	147.5	170.5	228.0	352.5	596.0	757.0	1103.0	2544.0	6463.0	12979.5	18493.5	22295.5	26569.0	28862.0	32157.5	40439.5	49409.5	54880.0	57354.0	56460.0	54579.0	54163.5	54070.5	51704.5	46561.0	40924.0	35472.5	33203.0	31402.5	27124.0	23449.0	21411.0	19504.5	17418.5	16398.0	15307.5	13823.0	14588.0	17301.0	23482.5	31090.0	34070.0	35895.0	32457.0	21307.5	13003.0	7904.0	4565.5	3908.0	3558.0	2951.0	2413.0	1857.5	1351.5	922.0	724.0	606.0	396.0	229.5	107.5	52.0	31.5	12.0	5.0	5.5	4.0	1.5	1.5	1.5	1.0	1.0	0.5	0.0	0.0	0.0	0.5	0.5	0.0	3.0	8.5	7.5	2.0	0.0	0.0	0.0
209059_HY55YBGXT_TCDM_1_E04_A04_1_2_i_GCGAAT_S29_R1_001	1.0	2.0	7.0	26.5	63.0	136.5	273.0	357.0	461.5	694.0	1043.0	1372.0	1577.0	1739.5	1805.0	1868.0	1981.5	2208.0	2738.5	4074.5	6603.0	8150.0	11689.5	21747.0	41179.5	71172.0	103259.0	137589.0	177811.5	198713.0	225689.0	291223.0	364534.0	425039.5	457535.0	449639.5	435001.0	429611.0	424081.5	406279.0	367979.0	318259.5	261997.0	234817.0	217008.0	181152.0	149940.5	129125.5	112436.5	94814.0	86230.0	79756.0	68845.5	63337.5	59957.5	56483.0	52932.5	50548.0	46884.5	36449.5	22840.5	13743.5	9494.5	6347.0	5189.0	4365.0	3239.0	2636.0	1986.0	1465.0	1228.0	1163.0	1014.0	721.0	489.0	312.0	203.5	157.0	112.5	95.0	86.5	65.0	45.5	26.5	12.5	12.0	13.0	12.5	10.5	5.5	2.0	5.0	11.0	14.0	32.0	68.5	51.5	11.0	3.0	0.0	0.0
209060_HY55YBGXT_TCDM_1_F04_C17_1_1_i_TGGATT_S30_R1_001	1.0	1.0	5.5	11.0	36.0	72.0	134.5	185.0	263.0	423.5	580.5	736.5	914.5	1098.5	1186.0	1267.5	1515.0	2057.5	2992.5	4938.0	8578.5	10832.0	15261.0	27010.0	52525.5	91206.0	130929.0	168249.5	215594.0	244856.0	287346.5	389766.5	490288.0	562649.5	610117.0	614111.0	602407.0	601016.0	618283.5	586725.5	498355.0	424131.0	355152.5	322244.0	294866.0	243736.5	210748.0	193951.0	166375.0	127152.5	107946.0	96233.0	76586.5	64129.0	54905.0	46814.5	40486.5	37549.0	34045.0	25504.5	15735.0	9249.5	6199.0	4102.5	3304.0	2811.0	2094.0	1677.0	1233.5	874.0	670.0	575.0	525.5	428.0	314.5	184.5	89.0	47.5	26.5	16.0	19.0	18.0	12.0	9.5	7.0	3.0	1.0	1.0	4.5	6.5	5.5	7.5	18.5	28.0	63.0	96.0	56.0	11.0	2.0	0.0	0.0
209061_HY55YBGXT_TCDM_1_G04_X4_67_2_i_ACCTAC_S31_R1_001	3.0	2.5	8.0	24.0	66.5	177.0	365.5	476.0	629.5	959.0	1360.5	1792.5	2233.0	2614.5	2762.0	2921.5	3149.0	3605.5	4454.5	6230.5	9114.5	10683.0	13923.0	22747.0	42504.5	74883.5	106921.0	136768.5	178966.0	205148.0	235337.0	309407.5	393107.0	458216.0	500404.5	514502.0	511702.0	501257.5	501607.5	481281.0	424189.0	366482.5	309495.0	284243.0	263542.5	223968.5	197813.0	184883.0	167239.5	141464.5	127685.0	116431.0	99222.5	90368.0	84484.5	73049.5	57026.0	49454.0	43313.5	31115.5	19275.0	11667.0	8246.5	5598.0	4545.0	3909.5	3141.0	2644.0	1882.0	1264.0	936.5	829.0	790.5	685.5	560.0	446.0	299.0	135.0	47.0	31.0	28.0	21.0	12.0	6.0	4.5	4.5	5.0	4.0	1.5	0.5	3.0	4.5	9.5	15.0	45.5	80.0	50.0	9.0	1.0	0.0	0.0
209062_HY55YBGXT_TCDM_1_H04_X4_67_1_i_CGAAGG_S32_R1_001	21.0	18.5	25.0	50.5	101.5	197.0	371.5	485.0	657.5	1058.5	1469.0	1919.5	2486.5	3315.0	3845.0	4430.0	5683.5	7303.0	9757.0	14281.0	20435.0	23568.0	28918.0	43473.5	72240.5	115058.0	157338.5	198713.0	253400.0	285737.0	321848.5	407883.5	507825.5	587598.5	641955.5	663339.0	660120.0	643745.5	634073.0	598461.5	523727.5	460381.5	407287.5	385119.0	360182.0	311282.0	280479.0	267451.5	243858.5	205132.5	183812.0	165759.0	133077.5	109574.5	93601.0	74646.0	53608.0	44426.0	38974.5	29058.5	20353.0	14006.0	10644.0	8224.0	7060.0	6463.5	5607.0	4792.0	3622.0	2668.0	2173.5	2018.0	1990.5	1892.5	1685.0	1310.5	829.0	399.5	146.0	78.0	65.5	50.5	39.0	22.5	14.0	12.0	11.0	8.5	4.0	2.5	5.5	8.0	12.5	17.0	59.5	113.5	71.0	13.0	4.5	1.0	2.0
209063_HY55YBGXT_TCDM_1_A05_C64_1_2_i_AGATAG_S33_R1_001	3.0	4.0	7.5	17.0	35.5	70.5	140.5	187.0	247.0	379.5	535.0	701.5	876.0	1017.5	1068.0	1134.5	1204.5	1276.5	1459.0	1738.5	2307.0	2710.0	3651.5	6460.5	12972.0	24364.5	36212.0	45944.0	55053.0	59529.0	66768.0	82204.5	96817.0	108739.0	119198.0	125480.0	126810.0	132220.5	147242.5	163122.0	175881.5	174546.5	161945.0	157170.0	152551.0	143735.0	139304.5	137240.5	135564.5	139469.0	143219.0	140430.0	128817.5	134281.0	166465.5	198097.0	204136.0	196441.0	185816.5	157660.0	113782.5	79763.5	53640.5	24873.0	14555.0	10960.0	6082.0	4158.5	2972.0	1989.5	1290.0	1027.0	834.5	500.0	307.0	200.0	134.5	125.0	113.0	101.0	98.0	89.5	63.5	39.5	32.5	22.5	16.0	16.0	10.0	2.0	2.5	3.0	3.5	6.0	14.0	25.0	19.5	5.5	0.5	0.5	0.0
209064_HY55YBGXT_TCDM_1_B05_C64_1_1_o_TTGGTA_S34_R1_001	5.0	4.0	4.5	6.5	19.0	44.5	74.5	91.0	119.0	191.0	276.5	367.0	477.5	581.0	623.0	685.0	815.0	1042.0	1588.5	2738.5	5011.0	6521.0	9445.0	17872.5	35239.5	61917.0	88527.5	108836.0	128654.5	139961.0	158084.5	204385.5	253286.5	288490.5	316672.0	330074.0	329775.0	333164.0	346566.5	357148.0	355320.5	336183.0	311566.5	303692.0	297501.5	279328.5	258855.0	237860.0	211791.5	186411.5	174596.0	161439.5	142507.0	143619.0	147588.0	143961.5	134818.0	126382.0	117258.0	93716.5	63505.5	42374.5	28375.5	14781.0	9848.0	7897.5	4977.5	3501.0	2500.0	1645.0	1062.0	840.0	690.5	433.0	243.5	140.0	102.0	70.0	54.0	54.0	44.5	31.5	32.5	30.0	18.5	10.0	6.0	7.0	6.0	3.5	2.5	3.0	7.0	10.0	35.5	59.0	36.0	8.0	0.5	0.0	0.0
209065_HY55YBGXT_TCDM_1_C05_X5_31_3_i_GTTACC_S35_R1_001	1.0	2.0	2.5	5.0	11.0	21.5	43.0	57.0	71.0	114.5	167.5	227.0	293.5	352.0	380.0	425.0	524.5	655.5	910.5	1529.0	2704.5	3440.0	4982.0	8999.0	16687.0	28762.0	41230.0	52617.0	64692.0	70986.0	79789.0	101279.5	125239.5	143363.5	154246.5	160692.0	163106.0	168510.5	183558.0	199023.0	210365.5	205641.0	189929.5	184463.0	179941.5	171333.0	166273.5	162397.0	159168.0	162380.5	165918.0	162370.5	150225.5	168136.0	202775.5	207187.0	188125.5	172784.0	160813.0	133137.5	100461.0	77538.0	52909.0	24956.0	15681.0	12232.0	7043.0	4361.5	2715.0	1659.5	1083.0	857.0	693.0	430.5	291.5	199.5	137.5	129.5	112.5	93.0	84.0	75.0	67.0	47.0	30.5	19.5	13.0	13.0	10.5	4.5	2.0	3.0	5.5	8.0	17.5	27.0	20.0	7.5	1.0	0.5	1.0
209066_HY55YBGXT_TCDM_1_D05_X4_67_3_o_CGCAAC_S36_R1_001	0.0	0.5	2.5	10.0	19.5	36.0	80.5	112.0	133.0	209.0	307.0	427.5	511.5	537.5	557.0	590.0	643.0	643.5	661.5	662.5	641.0	656.0	678.0	730.0	863.5	1150.5	1483.0	1737.0	2003.5	2165.0	2396.0	2873.0	3400.5	3833.5	4263.5	4695.0	4848.0	5127.5	5853.0	6862.0	7759.0	8228.5	8515.0	8666.0	8733.0	8805.0	8928.0	9147.0	9593.0	9929.0	9920.0	9663.0	8947.0	9575.0	11778.0	16434.5	21819.0	23663.0	25007.0	24270.5	18699.5	13095.0	7807.0	3921.0	3209.0	2965.0	2258.0	1417.5	840.5	509.0	300.0	223.0	187.5	119.5	56.5	22.5	14.5	10.0	8.0	6.0	4.0	3.5	5.0	2.5	0.0	0.0	0.0	0.0	0.0	0.0	0.0	0.5	0.5	0.0	1.0	2.0	1.5	0.5	0.5	0.5	0.0
209067_HY55YBGXT_TCDM_1_E05_X5_31_2_i_TGGCGA_S37_R1_001	3.0	3.0	3.0	4.0	10.5	16.0	27.5	39.0	51.5	83.5	104.5	151.0	217.0	279.5	321.0	398.0	620.0	1005.0	1693.0	2912.5	4998.5	6313.0	8661.0	14722.0	25340.0	41584.0	59454.5	77316.0	96846.0	107046.0	120853.5	154909.5	191453.5	219883.0	238826.0	249701.5	253768.0	260600.0	278806.5	292399.0	296698.0	285670.5	263283.0	254004.0	246901.5	234395.0	228406.0	223772.0	222266.0	237048.0	249287.0	247433.5	233017.0	274113.5	342019.5	324379.0	249541.5	206591.0	182536.0	143158.0	114551.5	96158.5	68949.5	34716.5	22583.0	19343.0	14250.0	10181.5	6182.5	3654.5	2377.5	1845.0	1565.0	1037.0	685.0	460.5	285.5	198.5	166.0	166.0	139.0	101.0	77.5	64.0	53.0	38.5	34.0	21.5	11.0	7.5	4.0	3.5	5.5	10.0	29.5	51.5	39.5	15.5	3.0	0.0	0.0
209068_HY55YBGXT_TCDM_1_F05_C17_1_1_o_ACCGTG_S38_R1_001	1.0	1.0	1.5	4.5	6.5	9.5	19.5	26.0	29.5	39.0	59.0	76.0	83.5	94.5	101.0	99.5	111.5	123.0	121.0	116.5	115.5	119.0	122.5	148.5	195.0	234.5	269.5	334.0	408.0	437.0	503.0	604.5	715.0	780.5	827.5	907.5	931.0	968.5	1038.5	1115.0	1196.5	1209.5	1130.0	1075.0	1062.0	1032.0	1037.0	1028.0	1019.5	1014.5	987.0	998.5	987.5	959.0	950.5	938.5	890.5	852.0	817.5	761.0	707.0	599.5	450.0	324.0	272.0	254.5	220.5	189.0	168.5	134.0	111.0	117.0	94.5	68.0	61.0	48.0	35.0	30.0	24.5	21.0	17.5	11.5	10.5	7.5	2.5	2.0	2.0	1.5	1.5	1.5	1.0	1.0	0.5	0.0	0.0	0.0	0.0	0.0	0.0	0.0	0.0
209069_HY55YBGXT_TCDM_1_G05_A20_1_1_o_CAACAG_S39_R1_001	1.0	1.5	6.5	20.5	51.5	108.5	213.5	283.0	380.5	610.0	890.0	1158.0	1402.0	1621.0	1716.0	1717.0	1734.5	1753.5	1755.5	1698.0	1594.5	1548.0	1591.5	1749.0	2139.0	2918.5	3866.0	4783.0	5811.0	6366.0	7180.0	8740.5	10510.5	12306.0	13743.0	15431.0	16454.0	17590.5	20470.5	23927.0	27615.5	29323.0	28998.5	28942.0	29098.0	29011.5	28902.0	28921.5	28329.5	27486.5	27122.0	26237.0	24275.5	25015.0	27937.0	33305.5	38893.5	40219.0	41806.5	39270.5	30093.5	22064.5	13508.5	6431.5	4935.0	4015.0	2490.0	1562.0	1038.0	685.0	439.5	346.0	275.0	170.5	102.5	46.0	19.5	15.0	12.0	9.0	9.5	8.0	5.5	3.5	3.0	2.5	1.0	1.5	1.5	0.5	0.0	0.0	0.0	0.0	2.0	5.0	5.0	2.5	0.5	0.0	0.0
209070_HY55YBGXT_TCDM_1_H05_C17_1_3_o_GATTGT_S40_R1_001	14.0	12.5	16.0	40.5	87.5	149.5	268.0	352.0	502.0	797.5	1189.5	1812.5	2535.5	3363.0	3844.0	4563.5	5885.0	7347.0	9404.0	11931.5	15446.5	17631.0	20775.0	28707.5	41844.5	60107.5	78728.5	94375.5	110233.0	119150.0	130462.5	159885.5	191923.5	215361.0	234189.0	247053.0	250599.0	255538.5	271467.0	292905.5	318269.5	329815.0	319947.0	313448.0	307353.0	296604.5	296605.5	307314.0	334146.5	381320.5	407716.0	406796.0	369896.5	361979.0	399571.0	377503.0	291605.5	237306.0	209018.0	170759.5	131164.0	93364.5	72285.0	44311.5	29243.0	23638.0	17116.5	14733.5	11045.5	6959.0	4125.5	3157.0	2781.5	2134.0	1657.0	1228.0	823.0	547.0	390.5	329.0	293.5	232.5	174.5	153.0	128.5	82.5	72.0	63.5	43.0	26.0	16.5	9.5	10.0	13.0	28.5	56.5	42.0	11.5	4.0	0.0	0.0
209071_HY55YBGXT_TCDM_1_A06_A20_1_1_i_CTCTCG_S41_R1_001	1.0	1.0	1.5	5.0	18.0	30.0	55.5	79.0	91.0	133.5	197.5	268.5	327.5	415.5	482.0	530.0	667.0	973.0	1539.0	2663.0	4856.0	6274.0	8891.0	15757.0	27681.0	46597.5	68227.0	86726.0	104231.0	113625.0	128501.0	163756.0	202675.5	231450.5	247449.5	255892.0	258570.0	267477.0	290940.0	311499.0	323030.0	312557.0	288196.0	279836.0	273374.0	259032.5	247869.5	234607.5	216243.0	204984.0	202111.0	198237.0	191458.0	204189.0	227756.0	235373.5	221545.0	208030.0	201723.0	183792.5	144096.5	105223.0	68509.0	30596.5	18597.0	15517.5	10544.0	6944.0	4236.0	2620.5	1700.5	1394.0	1153.0	713.5	419.0	265.0	191.5	150.5	123.5	122.0	116.0	91.5	71.5	56.0	40.0	28.5	19.0	14.5	7.5	4.5	3.5	3.0	3.5	4.0	29.5	57.5	39.5	14.5	5.0	0.0	0.0
209072_HY55YBGXT_TCDM_1_B06_A20_1_2_o_TGACAC_S42_R1_001	3.0	2.5	4.0	7.5	22.0	37.0	63.5	88.0	122.0	175.0	226.0	300.0	353.0	376.5	389.0	404.5	425.5	446.0	446.5	471.0	574.0	638.0	760.5	1201.0	2236.0	3907.5	5736.0	7336.5	9065.0	10067.0	11495.5	14266.0	16826.0	19035.5	20614.0	21651.5	22102.0	23147.5	25299.0	27270.5	28674.5	28401.0	26834.0	26079.0	25295.0	23773.0	22510.5	21449.5	20201.0	18683.0	17877.0	16833.0	15166.0	15241.0	17064.0	21600.5	26460.0	27908.0	29392.0	27868.5	20640.5	14190.5	8642.0	4476.5	3630.0	3149.5	2313.5	1649.5	1191.0	884.0	603.5	480.0	396.5	227.0	111.0	58.0	22.5	7.5	3.0	1.0	2.0	2.5	2.5	3.0	1.5	0.5	1.0	0.5	0.5	0.5	0.0	0.0	0.0	0.0	3.5	7.5	5.0	1.0	0.0	0.0	0.0
209073_HY55YBGXT_TCDM_1_C06_X5_31_1_o_AAGACA_S43_R1_001	11.0	10.5	29.0	105.5	239.0	515.5	946.0	1176.0	1587.5	2521.5	3539.5	4576.0	5572.5	6332.5	6637.0	6742.0	6805.0	6667.0	6339.5	5837.5	5320.5	5074.0	4776.0	4241.0	3897.0	3750.0	3621.0	3520.0	3465.0	3422.0	3532.5	3777.5	4052.5	4201.5	4278.5	4357.0	4367.0	4448.0	4660.0	4892.0	4971.5	4652.0	4091.0	3828.0	3638.0	3393.0	3296.0	3248.0	3028.5	2688.5	2562.0	2446.5	2264.5	2228.0	2294.0	2349.5	2243.5	2118.0	2002.5	1681.5	1260.5	904.5	622.5	376.0	271.0	239.5	172.0	118.5	85.5	58.5	35.0	23.0	20.5	15.5	11.5	6.0	2.0	1.5	1.0	1.0	0.5	0.0	0.5	1.0	0.5	0.0	0.0	0.5	0.5	0.0	0.0	0.0	0.0	0.0	0.0	0.5	0.5	0.0	0.0	0.0	0.0
209074_HY55YBGXT_TCDM_1_D06_X4_67_1_o_ACAGAT_S44_R1_001	1.0	2.0	8.5	25.0	60.5	141.5	272.0	346.0	454.5	724.0	1008.5	1306.5	1658.0	1858.5	1882.0	1983.5	2088.0	2025.0	1912.5	1795.0	1690.5	1657.0	1561.0	1411.5	1309.5	1211.5	1186.5	1202.0	1198.5	1204.0	1226.5	1333.0	1453.0	1542.5	1678.5	1837.5	1914.0	2071.5	2429.0	2850.0	3335.5	3793.5	4346.0	4705.0	4891.5	5347.5	5948.5	6579.5	7124.0	7287.0	7205.0	7126.0	7158.5	7759.5	8421.0	9439.0	10188.5	10092.0	10007.0	9125.0	7104.0	5231.0	3270.5	1382.5	806.0	582.0	270.5	150.5	95.0	64.0	40.0	24.0	25.5	19.5	11.5	7.5	5.0	4.0	3.0	4.0	2.0	0.5	1.5	1.0	0.0	0.0	0.0	0.0	0.5	0.5	0.0	0.0	0.0	0.0	0.5	1.5	1.0	0.5	0.5	0.0	0.0
209075_HY55YBGXT_TCDM_1_E06_A27_1_2_o_TAGGCT_S45_R1_001	0.0	0.0	0.0	0.5	1.0	2.0	4.0	5.0	8.0	8.5	9.0	13.0	13.5	19.5	26.0	28.5	33.0	41.5	55.0	76.5	110.0	129.0	173.5	285.5	501.0	896.0	1452.5	1955.5	2468.5	2788.0	3097.0	3823.5	4534.0	5255.0	6142.0	7191.0	7781.0	8560.5	10324.5	12615.0	15499.5	17271.5	17778.5	18092.0	18365.5	18845.5	19699.5	20694.5	21817.0	23073.0	23554.0	23089.5	21434.0	21982.0	27751.5	38073.5	44864.0	45363.0	45535.5	41795.0	32905.5	24674.0	16372.5	9379.5	7433.0	6032.0	3665.0	2243.0	1448.5	920.5	594.0	457.0	365.5	215.5	124.0	70.0	40.5	21.0	8.0	6.0	8.0	8.5	5.0	3.0	3.5	4.0	4.0	2.0	0.0	0.0	0.0	0.0	0.0	0.0	1.0	3.5	3.0	0.5	0.0	0.0	0.0
209076_HY55YBGXT_TCDM_1_F06_X5_31_3_o_CTCCAT_S46_R1_001	0.0	0.5	1.5	3.5	8.0	22.0	45.5	58.0	81.5	124.5	185.5	253.5	309.0	366.0	394.0	423.0	441.0	415.5	408.5	411.0	395.0	384.0	398.5	402.0	430.0	512.5	595.0	703.0	819.0	866.0	944.0	1113.5	1294.5	1462.0	1640.0	1785.0	1830.0	1959.5	2306.5	2763.5	3196.0	3468.5	3684.0	3820.0	4008.5	4215.0	4441.5	4856.5	5314.0	5561.0	5557.0	5557.5	5530.0	6015.5	7144.5	8981.0	10441.5	10681.0	9965.0	7932.0	5623.0	3966.0	2435.5	1316.5	1063.0	836.5	500.0	318.0	215.0	154.0	99.0	74.0	57.0	35.5	25.0	12.0	3.5	1.0	0.0	0.0	0.0	0.0	0.5	1.0	0.5	0.0	0.0	0.0	0.0	0.0	0.5	0.5	0.0	0.0	0.5	1.0	0.5	0.0	0.0	0.0	0.0
209077_HY55YBGXT_TCDM_1_G06_X5_31_2_o_GCATGG_S47_R1_001	0.0	1.0	1.0	1.0	4.5	4.5	2.5	3.0	4.5	7.5	11.0	17.0	21.5	27.0	32.0	28.5	27.0	35.5	43.0	45.0	59.5	73.0	89.0	128.0	228.0	387.0	554.0	717.5	925.5	1055.0	1191.0	1510.5	1822.0	2106.0	2416.0	2761.0	2952.0	3164.0	3733.5	4476.5	5234.0	5727.0	5984.0	6120.0	6134.5	6325.5	6478.0	6636.5	7010.5	7162.5	7123.0	7072.0	6809.5	6731.5	7452.0	9619.5	11514.0	11828.0	11987.0	11116.5	8887.0	6810.0	4531.5	2791.0	2452.0	2187.0	1608.5	1103.0	754.0	517.5	335.5	233.0	190.5	113.0	64.5	34.5	12.0	5.5	5.0	5.0	3.5	2.0	1.5	1.5	2.0	1.0	0.0	0.5	1.0	1.0	0.5	0.0	0.0	0.0	0.5	0.5	0.0	0.0	0.5	0.5	0.0
209078_HY55YBGXT_TCDM_1_H06_C64_1_3_i_AATAGC_S48_R1_001	2.0	7.5	22.5	59.5	153.0	300.0	551.0	721.0	936.5	1455.5	2061.0	2649.5	3197.5	3739.0	4019.0	4279.0	4765.0	5394.0	6357.5	8127.0	11222.5	13109.0	16671.0	25553.0	40626.5	63356.5	87559.0	109057.5	130415.0	141500.0	156904.0	192464.5	230276.0	261392.0	287886.5	307480.5	314041.0	328411.5	366265.5	408195.5	447705.0	441602.5	398831.5	383226.0	369495.0	341425.5	329917.0	322204.0	296323.0	267805.5	254626.0	234966.5	206372.0	192852.0	185256.0	169522.5	144227.5	131655.0	123048.5	106536.5	84386.0	64265.5	47174.5	27912.5	19866.0	15924.5	10357.0	7342.0	4911.0	3039.0	1788.5	1368.0	1119.0	725.5	484.0	318.5	211.5	142.5	96.5	81.0	71.5	54.0	46.5	44.5	39.5	28.0	19.0	17.0	13.0	8.5	5.5	2.5	5.5	11.0	25.0	40.0	25.5	5.0	0.5	0.5	0.0
209079_HY55YBGXT_TCDM_1_A07_A20_1_2_i_GTGCCA_S49_R1_001	2.0	1.0	2.0	4.5	10.0	24.5	48.5	63.0	88.0	147.5	204.0	251.5	331.5	418.0	450.0	506.0	662.0	932.0	1484.0	2712.5	5174.0	6789.0	10043.0	18611.0	34512.5	60445.0	88606.0	113070.0	138439.0	152160.0	171414.5	215016.0	261506.0	296972.5	316228.5	323737.5	325314.0	332924.5	355427.5	378238.5	390495.0	373888.0	339125.0	325307.0	313095.5	287556.5	267016.5	247768.0	219697.5	187607.0	171551.0	155962.5	132040.0	117583.0	105243.5	96437.0	89776.0	85705.0	82237.0	72854.5	55090.5	38040.0	26528.0	16927.0	13637.0	12102.0	9509.5	7426.0	5449.5	3864.0	2686.0	2143.0	1701.0	972.0	539.0	272.5	115.0	62.0	39.5	33.0	33.5	26.5	15.5	11.0	10.5	6.0	1.0	2.0	2.0	1.0	2.5	3.5	5.0	7.0	23.5	50.5	38.0	9.0	1.5	0.0	0.0
209080_HY55YBGXT_TCDM_1_B07_A20_1_3_i_TCGAGG_S50_R1_001	7.0	6.0	7.0	16.0	29.5	52.5	102.0	135.0	162.0	245.0	364.5	555.5	780.5	1075.0	1272.0	1607.5	2386.5	3421.5	5147.0	7845.5	11973.0	14536.0	18552.5	28664.0	45297.5	70842.0	98388.5	121784.5	145768.5	158897.0	177655.5	222450.5	272538.5	310621.5	331775.0	341365.5	343834.0	350461.0	371434.0	391426.0	399119.5	377646.5	336526.0	318926.0	306675.0	284560.5	278845.5	275489.0	254655.5	227668.0	214009.0	195204.5	169662.5	157151.0	147348.5	127417.5	98192.0	84869.0	77267.0	64265.5	47506.5	32102.5	23346.5	15742.5	12850.0	11718.5	10043.0	8540.5	6601.5	4875.5	3596.0	3062.0	2626.5	1812.5	1196.0	760.5	451.0	251.0	122.0	81.0	67.5	51.5	43.0	37.5	26.0	14.0	14.0	8.5	3.5	3.5	3.5	5.5	7.0	7.0	25.0	52.5	40.0	12.0	3.5	0.5	0.0
209081_HY55YBGXT_TCDM_1_C07_A20_1_3_o_CACTAA_S51_R1_001	3.0	8.5	28.0	67.5	195.0	473.0	912.5	1176.0	1605.5	2493.5	3519.0	4615.0	5579.5	6296.5	6578.0	6736.0	7038.0	7131.0	7274.5	8336.0	10766.0	12329.0	16077.0	26511.5	47103.5	79408.5	111221.0	136873.0	163759.5	178407.0	201706.5	257457.5	316340.5	355846.0	371905.5	374168.5	373446.0	376471.5	387997.0	395225.5	389721.0	360757.0	317527.0	299028.0	286780.5	260907.5	237795.0	217825.0	191577.0	159369.0	142926.0	128786.0	106189.0	91254.0	79936.5	73107.5	67132.0	63146.0	58838.5	47771.0	33850.0	23439.0	16384.5	10451.0	8322.0	7058.5	5100.5	3735.5	2535.0	1634.5	1028.0	792.0	616.5	342.0	179.5	91.0	58.0	41.0	22.5	13.0	17.0	17.5	15.0	13.5	8.5	5.0	4.0	3.0	3.0	2.5	2.0	3.5	8.0	12.0	31.0	58.5	40.5	7.5	0.5	0.0	0.0
209082_HY55YBGXT_TCDM_1_D07_A27_1_3_o_GGTATA_S52_R1_001	9.0	9.5	17.5	32.0	72.5	152.0	269.0	340.0	419.5	678.5	975.5	1273.5	1611.5	2015.5	2262.0	2487.5	3109.0	4235.0	5875.0	8446.0	12757.5	15408.0	19824.5	30991.5	49030.0	73645.5	100597.0	129340.0	162266.5	180074.0	199999.5	243994.5	292086.0	332869.0	360878.5	380756.5	389386.0	399236.0	422002.0	437170.0	438995.5	416502.5	374828.0	355220.0	338439.0	308048.0	291714.0	277558.5	249237.5	213504.0	194660.0	174819.5	148173.5	132485.5	116036.5	96939.0	77371.5	69335.0	62001.5	49187.5	34792.5	22050.0	15274.0	9933.0	7540.0	6325.5	4691.5	3733.5	2594.5	1625.5	1069.5	882.0	752.0	536.0	430.0	334.0	213.0	139.5	83.5	56.0	47.5	34.0	23.0	16.5	14.0	9.0	6.0	4.5	4.5	6.0	4.5	3.0	6.5	10.0	34.5	66.0	43.5	8.5	1.5	0.0	0.0
209083_HY55YBGXT_TCDM_1_E07_A27_1_1_o_CGCCTG_S53_R1_001	3.0	2.0	3.5	6.5	16.5	32.0	56.0	74.0	99.0	154.0	228.0	285.5	349.5	445.5	491.0	546.5	671.0	952.5	1633.0	2902.5	5051.0	6398.0	9084.0	15689.0	26688.5	42854.0	61985.0	82865.5	105638.0	117576.0	130889.5	160848.0	192912.5	220002.5	241537.0	257796.0	264191.0	274420.0	297511.0	315023.0	321899.5	311447.5	288045.0	277321.0	268823.0	250691.5	237167.0	225928.5	215281.5	213288.5	214595.0	209130.5	190041.0	193716.0	212738.0	205942.0	181126.5	164829.0	155046.0	131474.0	100220.0	76079.0	55680.5	34280.0	26602.0	23324.5	18704.0	14263.5	8237.0	4160.5	2495.0	1977.0	1603.0	972.0	595.5	387.0	241.0	165.5	112.0	77.0	85.0	78.0	61.5	51.0	36.5	31.0	31.0	25.5	13.5	6.5	4.0	3.5	8.0	11.0	31.5	50.0	34.5	20.5	19.0	34.5	51.0
209084_HY55YBGXT_TCDM_1_F07_X5_31_1_i_AATGAA_S54_R1_001	13.0	17.5	34.5	87.5	215.5	493.5	967.0	1250.0	1659.5	2564.5	3579.0	4731.0	5748.5	6635.0	7137.0	7336.0	7721.0	8238.0	8875.0	9892.5	11905.5	13207.0	15445.0	21606.0	32507.5	48323.5	65880.0	83749.0	103167.5	113436.0	126530.0	156364.5	188579.5	216505.0	237087.0	251727.5	258237.0	268803.0	296587.5	325583.5	349233.5	347057.5	324371.5	315734.0	308040.0	293789.5	289791.5	284682.5	268706.0	254160.5	247924.0	234662.5	212708.0	210359.0	216762.5	201142.0	170206.5	154951.0	142694.5	124225.0	95523.5	64456.5	45442.0	26395.5	17785.0	14691.0	10961.0	9075.0	6430.0	4066.5	2486.0	1874.0	1656.0	1366.5	1233.0	1003.5	677.5	430.0	228.0	115.0	103.5	82.5	67.0	57.0	42.0	31.0	31.0	19.5	10.5	8.5	5.5	5.5	7.0	10.0	24.5	44.0	29.5	6.0	1.0	0.5	1.0
209085_HY55YBGXT_TCDM_1_G07_X11_57_1_i_ACAACG_S55_R1_001	4.0	7.0	19.5	55.0	146.5	319.5	580.0	733.0	1019.0	1606.5	2266.0	3056.0	3777.0	4307.0	4548.0	4809.0	5365.0	5935.0	6754.5	8444.0	11181.5	12774.0	15938.5	23984.0	36498.0	55026.0	76408.0	97350.5	119937.0	132068.0	147856.5	184105.0	222095.0	251430.0	274300.5	292157.0	298948.0	310674.0	340544.5	370867.0	394231.5	384543.0	350728.0	337788.0	327530.5	305825.5	299949.5	297084.5	273038.5	242668.5	227908.0	206580.0	181143.0	168341.0	151591.0	127976.5	102059.5	91700.0	82018.0	66418.0	48496.5	31246.0	21926.0	14399.5	10946.0	9316.0	7135.0	5824.0	4248.0	2896.0	2012.0	1664.0	1365.5	905.0	621.5	366.0	197.0	119.5	65.5	54.0	54.5	51.5	40.5	27.5	17.0	11.5	11.0	10.0	7.0	5.0	4.5	3.5	6.0	9.0	20.0	50.5	39.5	5.5	1.0	0.5	1.0
209086_HY55YBGXT_TCDM_1_H07_X2_45_2_i_ATATCC_S56_R1_001	5.0	6.0	10.0	23.0	68.5	182.0	355.0	450.0	588.5	898.0	1300.0	1744.5	2066.5	2299.5	2424.0	2492.0	2692.0	2870.0	3188.0	4141.0	6086.5	7351.0	10114.0	17797.0	33361.5	58278.5	83490.0	105888.0	130558.5	143770.0	160255.0	197280.5	233829.5	262887.0	282029.0	289402.0	290682.0	300310.0	324837.0	346462.5	360155.0	348692.5	316721.5	303179.0	292361.0	270001.5	253775.5	237586.0	211273.0	182043.5	167622.0	153031.0	131021.5	119483.5	111715.5	107507.5	102391.5	97835.0	89549.0	71258.0	49507.5	32723.0	23008.5	15060.5	11788.0	9852.0	7039.0	5348.0	3900.5	2692.0	1703.0	1289.0	1055.5	622.5	306.5	151.5	86.5	49.0	36.0	34.0	27.0	19.0	14.5	9.5	5.5	4.0	5.0	3.0	2.0	1.5	1.0	3.0	5.5	7.0	25.0	50.0	34.0	7.0	2.0	0.5	0.0
209087_HY55YBGXT_TCDM_1_A08_X2_45_2_o_AGTACT_S57_R1_001	12.0	12.5	19.5	40.5	83.0	175.5	326.0	412.0	545.0	860.0	1267.5	1638.5	2052.0	2559.5	2799.0	3079.5	3817.0	4971.5	6452.0	8847.5	12730.0	15000.0	19173.5	29355.5	46919.0	72627.0	98316.5	120349.5	144247.0	157648.0	173686.0	210060.5	248736.0	281689.5	305113.5	316374.5	318826.0	325508.0	346575.0	371229.0	386195.0	368776.0	330726.5	314793.0	301980.0	279017.5	272700.5	273265.5	267510.5	263818.5	262614.0	250869.5	225461.0	224024.0	244497.5	239433.0	202766.5	179411.0	164443.0	137718.0	104280.5	76473.5	54192.0	28040.5	18044.0	14072.5	8824.0	6656.5	4730.0	3123.0	2160.5	1769.0	1408.0	839.0	522.5	317.0	202.5	170.5	127.5	99.0	95.5	89.0	77.0	63.5	46.5	30.5	27.0	18.0	10.0	9.0	6.5	4.5	8.5	14.0	27.5	47.5	34.5	9.0	2.0	0.5	0.0
209088_HY55YBGXT_TCDM_1_B08_X2_45_1_i_ATAAGA_S58_R1_001	18.0	27.5	74.5	176.0	385.5	830.5	1575.0	2020.0	2689.0	4142.0	5791.0	7496.0	8982.5	10157.5	10686.0	10859.0	11224.5	11603.0	12267.5	14029.5	17461.0	19609.0	23884.0	35607.5	57936.5	92032.0	126677.5	158569.0	194812.0	214594.0	238789.0	294988.5	353384.0	400791.0	427883.0	428031.5	422104.0	430566.0	455245.5	466721.5	462217.0	434276.5	384102.0	362105.0	344555.0	310877.5	293867.0	285094.0	255972.5	212238.5	189736.0	168421.5	137324.0	117658.5	99587.0	83617.5	70153.0	64469.0	59368.0	49456.0	36672.5	25362.5	18992.5	13662.5	11365.0	9884.5	7523.5	5849.5	4197.5	2746.0	1773.5	1394.0	1122.0	692.5	407.0	220.5	137.5	83.0	50.0	47.0	43.0	26.0	14.5	14.0	11.0	11.0	12.0	7.5	4.5	6.0	4.5	5.5	16.0	24.0	52.5	88.5	60.0	15.0	3.0	0.0	0.0
209089_HY55YBGXT_TCDM_1_C08_X2_45_3_o_GGTGAG_S59_R1_001	8.0	7.0	5.0	11.0	25.0	46.5	70.5	80.0	115.5	185.5	270.0	385.5	565.5	903.5	1127.0	1443.5	2201.5	3539.5	5599.0	8933.0	14122.0	17140.0	22395.5	36174.0	58741.0	89722.0	121447.5	149593.5	179310.5	195670.0	215575.5	261132.5	307527.5	344170.0	368666.5	377362.0	377460.0	383128.5	400351.0	416707.5	426488.0	404965.0	357065.5	335667.0	319529.5	291019.0	280755.0	275480.5	253321.5	222293.0	206040.0	186512.5	159324.5	145756.0	134087.5	118064.0	98121.5	88442.0	82880.5	71840.5	53449.5	35017.0	25046.0	17301.5	14008.0	12444.0	9797.5	7764.0	5798.5	4131.5	2967.0	2455.0	1996.0	1234.5	781.5	506.5	288.0	158.0	93.0	64.0	62.5	50.5	35.5	28.0	19.5	14.0	14.0	12.5	8.5	6.5	5.0	3.5	6.0	8.0	27.5	54.5	38.0	9.0	3.0	1.5	1.0
209090_HY55YBGXT_TCDM_1_D08_X2_45_3_i_TTCCGC_S60_R1_001	7.0	10.0	15.5	35.5	78.0	144.5	280.0	374.0	591.5	930.0	1331.0	2019.0	2883.0	4051.0	4763.0	5768.5	7980.0	10471.5	13868.0	20180.0	27963.0	31545.0	38237.5	55493.0	82978.5	121142.5	160453.5	197546.5	240456.0	264342.0	291168.0	348858.5	405781.0	453935.5	483138.0	484224.0	478204.0	483957.0	497011.0	490970.0	467643.0	429451.0	377232.0	353220.0	327193.5	283679.5	267441.5	264611.0	239853.5	194512.5	169849.0	149022.5	120347.5	105571.5	91678.5	74602.5	56114.5	47737.0	42851.5	34684.5	25761.0	17433.5	13174.5	10096.5	8592.0	7715.0	6356.5	5363.5	4191.5	2991.0	2041.5	1632.0	1357.5	911.0	675.5	532.5	343.5	160.0	64.0	42.0	33.0	26.5	23.5	14.5	9.0	7.5	8.0	5.5	2.5	1.0	1.5	2.5	5.5	9.0	40.0	74.5	48.5	11.0	1.5	0.0	0.0
209091_HY55YBGXT_TCDM_1_E08_X2_45_1_o_GAAGTG_S61_R1_001	0.0	0.0	0.0	0.0	1.0	2.0	1.5	1.0	2.0	3.5	3.0	2.5	4.5	7.5	9.0	8.5	10.0	12.5	13.5	19.0	26.0	28.0	38.0	58.5	77.5	120.5	184.0	243.5	297.5	321.0	360.5	447.0	544.5	633.0	675.5	689.5	699.0	698.5	709.5	726.5	727.5	674.5	616.5	607.0	572.0	529.0	546.0	546.5	538.0	512.5	471.0	484.0	498.0	530.0	604.5	732.5	820.0	823.0	793.5	692.5	559.0	429.0	309.0	234.5	212.0	193.0	151.0	112.5	87.5	61.5	47.0	49.0	35.0	19.0	11.5	4.0	2.0	1.0	0.0	0.0	0.5	0.5	0.0	1.0	1.0	0.0	0.0	0.0	0.5	0.5	0.0	0.0	0.0	0.0	0.0	0.0	0.0	0.0	0.0	0.0	0.0
209092_HY55YBGXT_TCDM_1_F08_X11_68_1_o_CAATGC_S62_R1_001	0.0	0.5	2.0	6.5	16.0	25.5	42.5	56.0	59.5	88.5	132.0	179.5	217.0	243.0	261.0	280.0	282.5	278.0	280.0	281.0	277.0	262.0	261.5	272.0	292.5	333.0	393.5	424.0	457.5	490.0	544.5	640.5	729.0	825.5	862.5	852.5	855.0	870.0	910.0	972.0	987.0	913.5	862.5	863.0	830.5	806.0	831.0	803.0	813.5	890.0	911.0	909.5	935.0	1002.0	1187.5	1440.0	1503.0	1459.0	1365.0	1244.0	1094.0	888.5	698.0	535.5	481.0	409.0	289.5	195.5	122.0	77.5	45.5	31.0	26.5	16.5	9.0	5.5	2.5	1.0	0.5	0.0	0.0	0.0	0.0	0.0	0.0	0.0	0.0	0.0	0.0	0.0	0.0	0.0	0.0	0.0	0.5	0.5	0.5	0.5	0.0	0.0	0.0
209093_HY55YBGXT_TCDM_1_G08_X11_68_1_i_ACGTCT_S63_R1_001	0.0	1.0	3.5	14.0	32.0	50.0	86.5	114.0	169.5	277.5	407.5	543.5	669.0	825.0	914.0	967.0	1210.5	1680.0	2469.5	4033.5	6875.5	8664.0	11829.5	20113.0	34323.0	55872.5	79771.5	103197.5	128381.0	141580.0	158472.0	196640.0	237270.5	269920.0	292130.5	305302.0	309558.0	322409.5	355300.5	388595.5	415028.0	401592.0	357102.0	339225.0	323958.0	294233.5	279819.0	268349.0	239431.5	205296.5	188566.0	171672.0	149274.5	137370.5	122454.0	105421.5	90538.0	84171.0	78404.5	66181.5	49648.5	34806.5	24559.0	15855.0	12633.0	10932.0	8369.0	6518.5	4689.5	3283.5	2229.0	1740.0	1478.0	974.5	590.0	353.5	195.0	108.5	65.0	43.0	40.0	31.0	28.0	25.5	18.0	12.0	8.0	6.5	4.5	4.5	3.0	2.0	6.5	10.0	28.0	47.5	30.0	6.5	1.0	0.0	0.0
209094_HY55YBGXT_TCDM_1_H08_X11_68_3_i_CAGGAC_S64_R1_001	4.0	3.0	2.5	9.5	28.5	65.0	132.0	175.0	239.0	361.5	485.5	632.5	781.5	885.5	922.0	1020.5	1264.5	1543.5	2076.0	3254.0	5342.5	6652.0	9272.5	16413.5	29474.0	50369.0	72508.0	92795.0	114461.5	125625.0	140751.5	174754.0	211179.0	241037.0	259143.0	267462.5	269985.0	281181.0	312556.5	348336.5	375982.5	364741.5	326999.0	312543.0	301280.0	279781.0	270841.5	262821.0	237753.0	208546.5	195091.0	179899.5	158056.0	148329.0	139463.0	130225.5	120991.0	115203.0	107727.0	91836.5	68616.0	47788.5	34369.5	23000.0	19028.0	17523.0	14760.0	12036.0	9121.5	6628.0	4674.0	3765.0	3148.0	1945.0	1079.5	594.0	287.0	151.0	92.0	68.0	52.0	32.5	24.5	19.0	15.0	9.5	7.0	5.5	2.5	2.5	2.5	0.5	4.5	9.0	26.5	57.0	44.5	11.0	2.0	0.5	0.0
209095_HY55YBGXT_TCDM_1_A09_X11_68_3_o_AAGCTC_S65_R1_001	2.0	5.0	6.5	13.0	35.0	81.0	153.5	194.0	249.0	355.0	488.0	681.0	825.0	937.0	1016.0	1093.5	1230.5	1364.0	1552.0	1974.5	2892.0	3501.0	4822.5	8610.0	17167.5	32054.5	46917.0	58285.5	69473.0	75359.0	84094.5	103564.5	123895.5	138972.0	148088.5	154044.0	156363.0	162470.0	178508.0	199793.5	220224.0	219843.5	202768.5	195150.0	188047.0	173940.0	164876.5	157919.5	145386.5	131661.0	125571.0	119633.5	111792.0	119764.5	139492.0	167652.0	187974.0	189987.0	186498.5	166325.0	120676.5	80267.5	51753.0	27670.5	20657.0	17303.5	11719.5	8141.5	5694.5	3902.5	2598.0	1986.0	1594.5	936.5	505.5	261.0	135.0	83.0	72.0	67.0	60.0	50.5	45.5	33.0	18.5	11.5	9.0	4.5	1.0	2.0	1.5	2.5	4.0	4.0	17.0	43.5	34.0	6.0	0.5	0.0	0.0
209096_HY55YBGXT_TCDM_1_B09_X11_68_2_o_GACGAT_S66_R1_001	3.0	2.5	6.0	17.5	37.5	69.5	141.0	193.0	242.5	372.5	544.5	723.5	857.0	1005.0	1107.0	1166.0	1339.5	1661.5	2271.5	3670.0	6198.5	7731.0	11066.5	20091.5	36509.5	63290.0	92469.0	121525.5	158297.5	179140.0	208139.5	277287.0	357129.0	423723.5	462630.5	476604.5	478572.0	481109.5	491291.0	486617.5	460090.0	417220.5	364654.0	340747.0	324266.0	290185.5	261505.0	235293.0	199000.0	160577.5	143317.0	135885.0	127575.0	121398.5	106586.0	91122.5	81086.5	77000.0	73519.0	61782.5	41093.0	24180.5	15145.5	8461.0	6333.0	5199.0	3590.0	2638.5	1746.0	1153.5	845.0	713.0	602.0	391.5	247.0	165.5	107.0	64.5	36.5	29.0	23.5	15.5	14.0	12.0	11.0	8.5	4.0	4.5	3.0	1.5	2.5	6.0	13.0	17.0	59.0	113.5	76.5	16.5	3.0	0.0	0.0
209097_HY55YBGXT_TCDM_1_C09_A20_2_3_o_TCGTTC_S67_R1_001	1.0	0.5	0.0	0.5	2.0	3.0	6.5	10.0	11.5	16.5	22.0	27.0	32.5	39.5	44.0	53.5	61.0	77.0	114.0	137.5	188.0	234.0	333.0	589.5	1183.0	2200.5	3147.5	3875.5	4750.0	5262.0	5859.0	7236.5	8671.5	9785.0	10600.5	11165.0	11373.0	11985.0	13619.0	15586.5	17500.5	18030.0	17134.0	16677.0	16473.0	16127.5	16245.5	16250.0	15922.5	16026.5	16203.0	16323.0	16637.0	20390.5	32011.0	57358.0	78210.0	81776.0	79074.0	63310.5	38270.5	22398.5	13644.0	7100.0	5417.0	4431.5	2918.5	1973.0	1278.5	842.0	553.5	425.0	332.5	191.0	109.0	59.0	29.5	10.0	3.0	3.0	4.0	2.5	2.0	2.0	1.0	1.0	0.0	0.5	1.5	1.0	0.5	0.5	0.5	1.0	3.5	4.5	1.5	0.5	1.0	0.5	0.0
209098_HY55YBGXT_TCDM_1_D09_A03_2_1_o_CCAATT_S68_R1_001	2.0	3.5	21.0	61.0	122.5	243.5	457.5	588.0	796.0	1218.5	1730.0	2286.0	2735.5	3148.0	3370.0	3526.5	3813.0	4176.0	4804.5	6260.0	8748.0	10176.0	13202.0	21284.0	34453.5	52946.5	74070.0	96679.0	122282.0	136020.0	151006.5	185549.0	222598.0	256489.5	280801.5	291631.5	294548.0	302806.0	321502.5	339262.5	353973.5	341832.0	308450.5	294600.0	289822.0	281984.5	278448.5	268585.5	251773.0	239450.0	234553.0	224059.0	209450.5	208814.5	222315.5	222228.5	192209.0	172299.0	159039.0	133816.5	100548.5	75538.5	55974.5	29273.5	18432.0	14347.5	9253.5	6700.5	3793.0	2056.0	1498.0	1313.0	1088.5	731.5	553.5	435.5	327.5	253.5	188.5	162.0	137.0	104.0	94.0	73.0	45.5	32.5	28.0	22.5	12.5	7.5	4.0	2.0	5.5	8.0	32.0	65.0	42.5	7.0	1.5	0.0	0.0
209099_HY55YBGXT_TCDM_1_E09_C17_2_3_o_AGTTGA_S69_R1_001	7.0	6.0	8.5	19.5	43.0	93.0	161.5	196.0	266.0	430.5	596.0	760.0	917.0	1055.5	1130.0	1190.0	1350.5	1575.5	2029.5	3096.5	5260.0	6686.0	9575.0	17250.5	31240.0	52155.5	75576.5	98885.5	123323.0	136160.0	152346.0	187845.5	222284.0	250368.0	268706.0	275232.5	276380.0	281911.5	297097.5	310091.0	317314.5	302487.0	270053.0	256331.0	245263.5	220826.0	203587.5	194685.5	177703.0	154404.0	143054.0	131484.5	112301.0	105962.0	107274.0	111457.5	113926.5	112249.0	109395.0	94788.0	68503.0	47947.5	32763.5	19118.0	14633.0	12387.0	8969.0	6687.0	4662.5	3139.5	2056.5	1582.0	1258.0	697.0	361.5	203.5	110.5	59.5	35.0	28.0	24.0	19.5	22.0	22.5	13.0	6.5	7.0	7.5	4.5	2.5	3.5	3.5	6.0	8.0	21.5	46.0	33.0	6.0	1.5	0.5	1.0
209100_HY55YBGXT_TCDM_1_F09_A03_2_1_i_AACCGA_S70_R1_001	11.0	9.0	22.0	64.5	152.5	333.5	623.5	793.0	1058.0	1582.0	2217.0	2924.5	3574.5	4151.5	4410.0	4633.5	5116.5	5853.5	7059.5	9328.0	13014.0	15160.0	19360.5	29976.5	47196.5	72404.0	99332.0	125409.5	155716.0	172470.0	190266.5	231330.0	275281.0	313010.0	338778.0	347408.5	347316.0	353286.5	370098.5	382670.0	385588.5	368472.5	335620.0	321072.0	310397.0	290659.5	279075.5	266602.0	243745.0	216947.5	203055.0	186277.0	161767.5	148353.0	137043.0	121744.0	102790.0	93508.0	85704.0	71929.5	53509.0	36487.0	27851.0	20594.5	17402.0	15567.5	12534.5	10337.5	7999.5	5643.5	3966.0	3305.0	2702.0	1746.0	1175.5	724.0	398.5	252.5	143.5	89.0	72.5	53.5	41.0	27.0	21.0	21.0	23.0	15.5	6.5	3.5	2.0	3.5	9.0	13.0	43.0	77.0	50.0	11.5	2.5	1.0	1.0
209101_HY55YBGXT_TCDM_1_G09_C14_2_1_i_CAGATG_S71_R1_001	4.0	4.0	10.0	19.0	43.0	109.5	191.5	228.0	325.5	522.5	702.0	875.5	1058.5	1274.0	1400.0	1434.5	1541.5	1790.0	2351.0	3444.5	5595.0	7037.0	9836.0	17885.0	31678.5	51735.0	74016.0	96883.0	122350.5	135719.0	152633.0	188672.0	225032.0	256635.0	281395.5	297780.0	303772.0	313948.0	337181.0	356770.5	371606.5	361049.0	329337.5	316487.0	304480.0	280121.5	266212.0	259215.0	238664.5	205143.0	186733.0	166428.0	137482.0	120018.0	102479.0	88416.5	79913.0	76756.0	70433.5	58644.0	43624.0	29263.0	21480.5	16417.0	14328.0	12723.0	10033.5	8152.5	6321.5	4565.5	3275.5	2707.0	2232.0	1389.5	784.5	396.5	195.5	117.5	69.5	49.0	39.5	29.5	22.5	15.5	12.5	9.5	9.0	5.5	3.0	2.0	1.0	4.5	6.0	5.0	28.5	56.0	36.0	6.5	0.5	0.0	0.0
209102_HY55YBGXT_TCDM_1_H09_A20_2_2_i_GTAGAA_S72_R1_001	2.0	2.5	6.5	20.5	55.5	116.5	220.0	287.0	407.0	662.0	947.5	1192.5	1440.5	1701.5	1809.0	1870.0	2034.0	2280.5	2534.0	3285.0	5011.0	6096.0	8571.0	15100.5	27143.0	45682.5	65314.0	82778.0	101013.0	110864.0	124794.0	157384.0	192228.5	218131.5	234822.5	243836.5	245878.0	254373.5	279335.0	308388.5	333867.0	330085.5	302824.5	292236.0	282428.0	261368.5	248524.0	237325.5	214702.0	189856.5	178029.0	163534.0	142470.5	135811.5	133637.5	134760.5	133280.5	128594.0	122468.0	105156.0	77269.5	53122.0	36157.0	21170.0	15701.0	13191.0	9436.5	7024.5	4887.5	3255.0	2173.0	1754.0	1383.5	813.0	462.0	227.5	118.5	81.0	50.5	32.0	33.0	28.5	25.0	18.5	9.0	5.5	3.0	6.0	6.5	3.0	2.5	2.0	6.0	11.0	27.5	47.5	29.5	5.0	1.0	0.0	0.0
209103_HY55YBGXT_TCDM_1_A10_A20_2_1_o_GACATC_S73_R1_001	1.0	4.5	13.0	30.5	79.0	164.5	312.0	410.0	542.5	848.5	1146.0	1433.5	1745.5	2044.5	2195.0	2342.5	2626.0	3185.5	4323.5	6701.5	11222.5	14080.0	19589.0	33588.0	56060.0	88545.0	123980.5	157512.0	191715.5	209320.0	233147.0	288070.5	343774.5	384591.0	406517.5	412100.5	411966.0	416500.0	430155.5	439467.0	435756.0	405658.5	359913.5	340365.0	323242.5	290950.5	269778.5	252483.0	223529.0	190566.0	175264.0	162140.0	145568.0	144905.0	141778.5	135380.5	128921.0	122948.0	115122.5	94997.0	65605.5	41759.5	27656.0	16428.5	12550.0	10662.0	7803.5	6035.5	4382.5	2985.5	2018.5	1593.0	1292.5	775.0	413.0	204.5	106.5	58.5	39.0	33.0	28.5	25.0	19.0	11.0	8.5	5.0	3.0	4.0	3.0	1.0	4.5	7.0	7.5	9.0	37.0	68.0	45.0	11.0	1.5	0.0	0.0
209104_HY55YBGXT_TCDM_1_B10_C14_2_2_o_CGATCT_S74_R1_001	6.0	6.0	10.0	21.5	43.5	86.5	148.0	181.0	241.5	382.5	533.5	666.5	859.5	1028.0	1066.0	1105.0	1190.5	1320.0	1544.5	1988.5	2973.5	3656.0	5152.5	9487.5	17519.5	30222.0	44631.5	58506.5	73881.5	82282.0	91926.5	112055.5	131820.0	148944.5	164550.0	177848.5	183386.0	190450.5	207169.0	230067.0	256792.5	259034.5	239210.5	230626.0	221085.0	201979.0	189283.5	180856.5	165839.0	144497.0	132876.0	122058.5	105950.0	99862.5	97684.5	101675.5	108272.5	109497.0	107400.0	95364.5	71195.0	50222.0	36432.0	25416.5	21449.0	19054.5	14875.0	11820.5	9174.0	6671.5	4554.0	3562.0	2892.5	1736.5	926.5	434.5	198.5	108.5	69.0	52.0	47.0	37.0	32.5	27.0	17.0	10.5	8.0	10.0	8.0	5.0	4.5	2.0	2.5	4.0	18.0	38.5	28.0	6.0	1.0	0.5	0.0
209105_HY55YBGXT_TCDM_1_C10_A04_2_3_o_CGTCGC_S75_R1_001	1.0	0.5	0.5	1.5	4.5	11.5	24.0	32.0	37.5	46.0	60.5	88.5	118.5	127.5	123.0	141.5	189.0	239.5	337.0	570.0	1063.0	1399.0	2128.5	4118.5	8028.0	14337.5	21325.0	28344.5	35879.0	39721.0	44736.5	54845.0	64479.5	72798.5	79394.0	83862.0	85512.0	88748.0	95879.0	105880.5	117990.5	119181.5	109979.0	105589.0	101646.0	93358.0	86392.0	80017.0	71491.5	61855.0	56990.0	52851.0	46767.5	43689.0	42141.5	44325.0	47781.0	48640.0	48462.0	44305.5	35035.5	27396.5	21952.0	17578.5	16302.0	15601.0	14444.0	12872.0	10502.0	8099.0	5905.0	4860.0	4042.5	2591.5	1518.5	796.5	371.0	171.5	82.5	50.0	38.5	21.5	14.0	8.5	4.0	3.0	3.0	1.5	1.5	2.5	1.5	3.0	3.5	2.0	10.0	19.0	17.0	14.5	22.5	52.5	75.0
209106_HY55YBGXT_TCDM_1_D10_A04_2_1_o_ATGGCG_S76_R1_001	2.0	2.5	2.0	0.5	1.0	2.5	4.0	5.0	4.5	4.5	9.5	13.5	17.5	22.5	23.0	20.5	21.0	40.0	72.5	106.0	174.0	225.0	322.0	614.5	1148.5	1971.0	3010.0	4042.5	5202.0	5884.0	6604.5	8046.0	9373.5	10526.0	11476.0	11882.0	11884.0	12340.5	13120.0	13626.0	14143.5	13951.5	12664.0	11903.0	11395.5	10248.0	9275.0	8631.0	8017.0	7348.5	6983.0	6577.0	6031.0	6470.5	7187.0	8786.5	11139.5	12030.0	12579.5	11746.5	8869.0	6420.0	4392.5	2995.5	2672.0	2456.5	1952.5	1479.5	1092.5	739.5	499.0	409.0	338.0	214.0	122.5	63.5	33.0	15.0	4.0	1.0	0.5	0.5	0.5	1.0	1.0	0.5	1.0	1.0	0.5	0.0	0.0	0.0	0.5	1.0	2.5	4.5	2.5	0.0	0.0	0.0	0.0
209107_HY55YBGXT_TCDM_1_E10_A04_2_1_i_ATTGGT_S77_R1_001	0.0	0.0	3.0	4.5	4.5	10.0	16.0	18.0	23.5	30.0	37.0	49.5	63.0	79.0	88.0	92.0	105.5	140.0	194.0	293.0	487.5	612.0	901.5	1763.5	3208.5	5471.5	8289.0	11393.0	15060.0	17050.0	19080.5	23084.5	26931.5	30472.0	33014.5	34219.0	34548.0	35649.0	38290.5	41145.5	43916.0	43426.0	39741.0	38002.0	36736.0	33778.0	31325.0	29620.5	27236.0	24429.5	23064.0	21604.0	19422.5	18983.5	19926.0	22482.5	24361.0	24343.0	24074.5	21577.5	16660.5	12461.0	8915.0	5918.5	4957.0	4086.5	2828.0	2044.0	1327.0	844.5	536.0	389.0	314.0	164.5	72.0	43.0	24.0	13.0	5.0	0.0	2.0	3.5	2.5	1.0	0.5	1.0	1.0	0.5	0.5	1.0	0.5	0.0	0.5	1.0	4.0	8.0	5.0	0.5	0.0	0.0	0.0
209108_HY55YBGXT_TCDM_1_F10_A04_2_3_i_GCCACA_S78_R1_001	3.0	3.0	6.0	17.5	28.5	55.5	126.0	172.0	211.0	313.5	453.0	630.5	786.0	873.0	906.0	947.0	1023.5	1086.0	1138.5	1263.5	1600.5	1838.0	2274.5	3700.5	6744.0	11765.5	17343.0	22713.0	28631.5	31790.0	35425.5	43340.0	51533.0	58546.0	64141.5	68608.0	70578.0	73821.5	82513.0	94574.0	107426.0	109703.0	103239.5	100738.0	97941.5	92146.0	87357.5	82623.0	75318.0	67187.0	63416.0	59761.0	54245.0	52848.0	53352.5	58589.0	65593.0	67401.0	67490.0	61595.5	46712.0	33814.5	24370.0	16290.5	13658.0	12356.0	9917.5	7665.0	5575.0	3920.0	2674.0	2109.0	1709.5	1003.5	519.0	248.0	114.0	49.5	21.0	16.0	15.5	12.0	9.5	8.5	4.5	2.5	3.0	2.0	1.5	1.0	0.0	1.5	3.5	4.0	10.0	11.5	6.5	3.5	0.5	0.0	0.0
209109_HY55YBGXT_TCDM_1_G10_A20_2_1_i_CATCTA_S79_R1_001	1.0	3.5	11.5	36.0	98.0	203.0	361.0	457.0	620.5	995.0	1426.0	1835.0	2219.5	2549.0	2683.0	2813.5	3089.0	3440.0	4087.5	5474.5	8081.0	9742.0	13104.5	22146.5	37691.0	60985.0	87285.0	111729.5	137140.5	150978.0	168971.5	211582.0	257374.5	291345.0	308645.0	312477.5	311805.0	320247.0	344704.5	367094.0	380080.0	364898.5	329124.5	315144.0	304456.5	280726.0	265973.5	254523.5	227148.0	193991.5	178470.0	161949.0	137166.0	123007.0	111240.0	102072.0	92609.5	86445.0	81309.5	68481.0	50608.0	35758.5	25243.0	15817.0	12237.0	10568.0	7967.0	6128.0	4456.0	3143.0	2207.0	1819.0	1459.5	869.0	487.5	268.0	150.5	81.5	47.0	33.0	31.5	23.5	13.5	10.5	9.0	6.0	5.0	5.0	3.5	1.5	2.5	2.0	7.0	14.0	31.5	47.5	29.5	9.0	2.5	0.0	0.0
209110_HY55YBGXT_TCDM_1_H10_A04_2_2_o_AACAAG_S80_R1_001	14.0	15.0	24.0	74.5	212.5	478.0	990.5	1333.0	1730.0	2778.0	4006.0	5105.5	6108.5	6935.5	7282.0	7394.5	7526.0	7595.5	7466.0	7151.0	7078.5	7141.0	7691.0	9446.0	13453.5	20593.0	28989.0	37298.0	46379.0	51210.0	57527.0	70369.0	83430.0	96008.5	106852.5	116030.0	120406.0	126989.5	143423.5	165974.5	190450.0	195677.5	185660.5	182191.0	178714.5	171679.5	166905.5	160031.5	149595.0	142293.0	139769.0	134554.0	125217.5	130096.5	148742.0	174815.5	189785.0	188326.0	180611.5	154186.5	110867.0	78394.0	54427.0	28523.0	18722.0	14938.5	9490.5	6663.0	4578.5	2985.5	1865.5	1417.0	1154.0	678.5	366.0	206.0	122.0	83.5	71.0	73.0	55.0	43.0	39.0	29.5	24.0	15.5	13.0	10.5	7.5	5.5	4.5	4.5	3.0	2.0	11.5	25.5	23.0	9.0	1.0	0.0	0.0
209111_HY55YBGXT_TCDM_1_A11_A04_2_2_i_GCAGCC_S81_R1_001	2.0	1.5	5.0	10.0	14.5	30.0	76.5	111.0	132.5	190.0	269.0	350.5	433.0	529.5	582.0	653.0	891.5	1320.5	2145.0	3790.0	6820.5	8769.0	12186.5	21492.0	37593.0	62352.0	90022.0	117288.0	148005.0	164580.0	184464.5	229529.5	280599.5	323265.0	346671.0	349853.0	346405.0	349710.0	362520.0	369772.5	363213.0	337048.0	298715.0	282240.0	269801.0	244462.5	226847.0	213728.0	193064.0	169008.5	157214.0	143086.0	123238.0	118344.5	115415.0	107314.5	95866.0	88762.0	81604.5	65988.0	45911.5	30312.5	21412.5	13711.5	10929.0	9857.0	8304.0	6882.0	5002.0	3510.5	2467.5	1977.0	1593.5	985.0	581.0	306.5	154.0	77.5	53.0	48.0	43.5	29.0	23.5	20.5	12.5	12.0	12.0	10.0	6.5	5.5	6.0	4.0	7.0	12.0	36.5	67.0	45.5	17.0	11.5	21.0	35.0
209112_HY55YBGXT_TCDM_1_B11_A20_2_2_o_ACTCTT_S82_R1_001	3.0	6.5	11.5	25.5	64.5	136.0	266.0	351.0	452.0	666.5	908.5	1221.5	1579.5	1829.0	1905.0	2064.0	2437.5	3103.0	4400.0	6768.0	11193.5	14097.0	19340.0	32309.0	52718.5	82803.0	115686.0	145849.0	177069.0	193608.0	216273.5	270792.0	328400.5	368601.0	392399.5	402154.5	402556.0	404301.0	413234.5	422564.0	421875.5	392682.0	347925.5	329533.0	310995.0	276996.0	258065.0	244504.5	217098.5	181981.0	164179.0	150037.5	130412.5	121045.0	108694.5	94200.0	82118.0	76064.0	70155.0	57346.0	40532.5	26796.5	19122.5	12966.5	10662.0	9207.0	6980.0	5338.0	3578.0	2275.0	1576.0	1290.0	1024.0	608.5	354.0	183.5	94.0	58.5	36.0	25.0	24.5	23.5	19.0	10.5	6.0	6.0	6.0	5.0	4.0	4.0	3.0	2.0	9.5	17.0	44.0	71.5	46.0	11.5	1.5	0.0	0.0
209113_HY55YBGXT_TCDM_1_C11_C17_2_1_i_TGCTAT_S83_R1_001	0.0	3.5	9.0	18.5	35.5	68.0	136.5	182.0	248.0	366.0	548.0	713.0	831.0	995.0	1076.0	1155.5	1268.5	1465.5	2061.0	3365.5	5918.0	7598.0	10741.5	19252.5	35036.0	59274.0	85206.0	108942.0	134314.0	148060.0	165885.5	206582.5	248365.5	281422.5	303124.5	310624.5	310568.0	316312.0	334501.5	347085.0	350695.0	334862.0	305341.5	295126.0	285499.0	260944.5	239477.5	225830.0	204743.0	174897.5	159031.0	141572.5	114948.0	100022.5	88824.0	80964.5	74590.5	70637.0	64668.0	51449.5	35690.5	23363.5	15845.0	9944.0	7744.0	6509.5	4713.5	3545.5	2473.0	1684.0	1132.5	904.0	700.5	389.0	216.5	111.5	59.5	33.0	19.0	20.0	16.5	14.0	14.0	9.0	6.0	5.0	3.0	4.0	3.0	1.5	1.5	2.5	6.5	9.0	20.5	40.5	29.0	5.5	1.0	0.0	0.0
209114_HY55YBGXT_TCDM_1_D11_A03_2_3_i_AAGTGG_S84_R1_001	7.0	9.5	7.0	6.5	27.0	54.0	98.5	132.0	171.0	244.0	333.0	446.0	600.0	787.0	878.0	997.0	1395.5	2201.0	3467.0	6021.5	10352.0	12868.0	17786.0	30803.5	52804.0	87051.0	125462.5	166996.5	219165.5	247866.0	281392.0	356125.0	436327.0	510433.5	554136.0	552974.5	543222.0	546387.0	554878.5	544380.5	507949.0	449191.5	379489.0	347937.0	326697.0	287312.0	257555.0	232918.5	200089.5	161268.0	142251.0	127434.0	106976.0	94776.0	83811.5	75501.5	67478.5	63360.0	58252.0	46139.0	30819.5	19832.5	14974.5	10913.0	9037.0	7840.0	5948.5	4572.5	3302.5	2334.0	1652.0	1350.0	1082.5	642.5	378.0	213.5	119.0	71.5	43.0	40.0	30.0	20.0	14.5	8.5	9.0	7.0	4.0	4.0	2.5	1.5	3.0	6.0	14.0	20.0	57.0	110.0	72.5	11.5	2.0	0.0	0.0
209115_HY55YBGXT_TCDM_1_E11_C14_2_3_i_CTCATA_S85_R1_001	4.0	4.0	8.5	29.0	73.0	142.5	278.5	373.0	492.0	761.5	1093.0	1412.5	1685.0	1900.0	1981.0	2048.5	2201.5	2251.0	2302.5	2610.5	3378.5	3926.0	5049.0	8448.0	14665.0	24512.0	36352.0	48842.5	62497.5	69596.0	78375.5	96792.0	115613.5	132025.0	145553.0	155637.0	159420.0	166637.5	182726.5	198721.0	213198.5	207754.0	186639.0	178323.0	172425.0	159404.0	151765.5	145597.5	134521.5	123600.5	118103.0	110262.0	98355.5	95677.0	100646.0	112933.0	120167.0	118696.0	117307.0	109050.5	84114.0	58917.5	38518.0	18477.5	11709.0	9282.0	5918.0	4140.0	2714.5	1744.5	1133.5	908.0	737.0	436.0	237.0	149.5	104.0	61.5	49.0	52.0	46.5	42.5	33.5	19.5	12.0	7.0	6.0	6.0	6.0	4.5	2.5	2.5	3.0	3.0	15.5	37.0	28.0	6.0	2.0	1.0	0.0
209116_HY55YBGXT_TCDM_1_F11_C14_2_1_i_CCGACC_S86_R1_001	1.0	2.5	7.0	16.0	41.0	77.0	133.5	173.0	218.5	328.0	460.0	592.5	741.0	874.0	923.0	957.0	1028.0	1186.5	1443.0	1969.5	3096.0	3831.0	5556.0	10298.5	18870.5	32707.0	49061.5	66003.0	84590.0	94308.0	105460.0	129767.0	154945.0	176216.0	194894.0	210523.5	216723.0	225592.0	247820.0	274183.0	300120.5	299148.5	276948.5	268654.0	258943.5	238944.0	225188.0	212944.0	192838.5	169022.0	156534.0	143630.5	124177.0	113949.0	105133.5	99382.0	95994.0	93220.0	89633.5	81079.0	66801.5	53110.0	42831.0	34090.5	31247.0	30095.5	28182.0	25974.0	22487.0	18215.0	14053.5	12123.0	10152.5	6732.0	4201.0	2440.0	1323.5	668.0	348.0	247.0	190.5	98.5	50.5	27.0	19.5	17.5	12.0	8.0	6.5	8.0	6.0	8.5	10.5	9.0	25.5	48.0	36.0	16.5	23.0	67.0	103.0
209117_HY55YBGXT_TCDM_1_G11_A20_2_3_o_GGCCAA_S87_R1_001	3.0	4.5	8.5	19.5	47.5	102.5	196.0	254.0	323.5	526.0	785.5	1016.0	1274.0	1473.5	1519.0	1625.0	1763.0	1956.0	2428.5	3391.0	5358.5	6675.0	9287.5	16185.5	28834.0	48518.0	69939.5	89802.5	110629.5	121694.0	136655.0	172516.0	210195.5	237740.5	255603.5	267137.0	271573.0	278505.5	297432.5	316646.5	328929.0	319116.0	293164.0	282088.0	273275.0	254724.5	240818.0	227069.0	204189.0	180829.0	170769.0	160231.5	143298.5	145060.0	150915.5	150981.5	149483.0	145617.0	142288.5	126676.0	96225.5	69339.5	46422.0	25838.5	19453.0	16935.0	12616.5	9047.5	5935.5	3776.5	2425.5	1890.0	1521.5	899.5	502.5	259.5	136.0	95.0	64.5	51.0	48.0	46.0	38.0	26.0	19.5	12.0	8.0	8.0	6.5	5.5	3.5	2.5	7.0	10.0	33.0	62.0	38.0	5.0	1.0	0.0	0.0
209118_HY55YBGXT_TCDM_1_H11_C14_2_2_i_AGACCA_S88_R1_001	6.0	14.5	26.5	71.5	165.0	371.0	742.5	960.0	1264.5	1935.0	2767.5	3598.5	4402.0	5150.0	5459.0	5624.0	5940.0	6375.5	7053.5	8212.5	10453.0	11928.0	15015.0	23000.5	37235.5	58948.5	82668.0	107018.0	138796.5	157568.0	180861.5	234213.0	291500.5	339380.0	378671.5	406922.5	416532.0	426239.5	447845.0	454771.0	445811.5	421185.5	385311.0	370075.0	351500.5	320687.0	311017.5	309548.5	286247.5	246148.5	225312.0	205904.0	185214.5	173141.0	152662.0	127380.5	104318.0	96850.0	87832.0	70792.5	49340.0	30050.0	20742.5	14473.0	11652.0	10120.0	8015.5	6631.5	4947.0	3750.0	3252.5	3079.0	2682.0	1901.0	1269.5	817.0	534.0	356.0	206.5	157.0	146.0	116.5	84.5	63.5	46.0	33.0	30.0	20.5	10.5	8.5	9.0	10.0	12.0	15.0	49.5	86.5	58.0	16.0	2.5	0.5	1.0
209119_HY55YBGXT_TCDM_1_A12_C14_2_3_o_CGCGGA_S89_R1_001	8.0	9.5	8.0	15.0	28.0	50.0	94.5	120.0	164.0	244.5	324.0	453.0	620.5	832.5	963.0	1135.5	1687.5	2724.5	4394.0	7636.0	13137.5	16409.0	22540.5	37874.5	61817.0	95235.5	130962.5	165665.5	204610.0	225900.0	251629.5	305680.5	360067.5	406394.5	440251.0	455192.0	456538.0	460713.0	469516.0	461365.0	436724.0	398981.5	353332.0	333563.0	312826.0	273759.0	252489.5	247702.5	227611.5	185429.5	161491.0	141448.5	113641.5	98392.5	84093.5	69836.0	57871.5	53350.0	49674.0	41548.5	31234.5	22898.5	17546.5	13561.0	12456.0	11677.0	10741.5	10207.0	9420.0	8552.5	7609.0	7124.0	6503.0	5386.0	4334.0	3299.0	2448.5	1713.0	1126.5	904.0	707.5	345.0	118.5	38.0	18.0	15.0	12.0	8.5	4.0	3.5	5.0	4.5	8.5	14.0	42.5	76.0	49.0	13.0	7.0	18.5	32.0
209120_HY55YBGXT_TCDM_1_B12_C17_2_2_i_CCTGCT_S90_R1_001	2.0	3.0	4.5	4.5	16.0	36.0	63.5	83.0	102.0	152.0	234.0	316.5	378.5	459.5	510.0	546.0	669.0	905.5	1349.0	2347.0	4248.5	5446.0	8026.0	15215.5	28487.0	48810.5	72010.5	95184.0	119382.0	131945.0	148237.5	182613.5	217236.0	247294.0	269517.0	281902.5	285584.0	295434.5	319369.0	339030.0	353010.5	343510.0	315620.5	305635.0	296997.5	274840.5	257262.5	246216.5	223581.0	195664.5	183396.0	170827.0	153098.0	153474.0	165843.0	185664.0	202096.0	205540.0	204015.5	183313.0	135081.5	94321.5	61842.5	32396.0	23722.0	20798.5	15838.0	12081.5	8864.0	6301.0	4396.5	3557.0	2815.5	1582.0	838.0	415.5	177.5	90.0	64.0	58.0	46.0	33.0	34.0	24.0	10.5	7.5	6.0	7.0	6.0	4.5	4.0	3.0	5.5	8.0	20.5	38.0	31.0	11.0	1.5	0.5	1.0
209121_HY55YBGXT_TCDM_1_C12_A03_2_3_o_GCGCTG_S91_R1_001	6.0	5.0	7.0	21.0	33.0	48.5	90.5	118.0	165.0	247.5	355.0	523.0	752.0	1113.0	1341.0	1712.5	2645.0	4326.5	6914.5	11369.5	18557.5	22758.0	29812.0	48327.0	79185.5	122317.5	167334.5	213219.0	266781.5	295742.0	327172.5	399926.0	477978.5	544517.5	583698.5	584461.0	575852.0	574289.0	573873.0	557149.0	518321.5	463146.5	401658.5	374389.0	352428.5	310733.5	280429.5	259638.0	231719.5	192625.5	171228.0	153405.5	127198.0	113215.5	103285.5	94769.5	86242.0	81898.0	77145.0	65591.0	49269.5	34397.0	23953.0	15485.0	12109.0	10827.5	8628.0	6792.0	5043.5	3488.5	2275.0	1786.0	1450.0	854.0	443.5	219.0	111.0	66.5	43.5	31.0	30.5	22.5	18.0	18.0	15.0	11.0	7.0	5.0	4.0	2.5	2.0	9.5	14.5	14.0	62.0	131.0	96.5	30.0	21.0	36.5	50.0
209122_HY55YBGXT_TCDM_1_D12_C17_2_3_i_GAACCT_S92_R1_001	1.0	1.0	2.5	6.5	17.0	48.5	102.0	132.0	173.5	293.5	388.5	492.5	601.5	705.5	788.0	841.0	957.0	1065.5	1204.0	1607.5	2441.0	2964.0	4062.5	7203.5	13765.5	24448.5	36454.5	47737.5	59883.5	66589.0	75701.0	94694.0	113622.5	130919.0	144821.0	154029.0	157584.0	164609.0	181978.0	201408.5	218099.0	215745.0	201598.5	197410.0	191994.0	178868.5	166884.5	158082.5	144531.5	126095.0	116682.0	107321.0	94342.5	91113.5	92752.0	103641.0	116440.0	119600.0	117415.0	100740.5	68093.5	43436.5	28848.0	16226.5	11694.0	9873.5	7105.5	5333.5	3911.5	2928.5	2098.5	1654.0	1324.5	771.5	421.0	221.0	106.0	50.5	29.0	21.0	19.0	11.5	10.5	11.0	8.0	6.5	4.0	3.5	2.5	2.0	1.0	0.5	2.5	4.0	16.0	34.5	23.0	2.5	0.0	0.0	0.0
209123_HY55YBGXT_TCDM_1_E12_A03_2_2_o_TTCGAG_S93_R1_001	1.0	2.0	3.0	13.0	27.5	38.5	69.5	94.0	133.0	200.0	283.0	400.0	466.0	534.0	598.0	646.0	764.5	978.5	1411.5	2500.5	4941.5	6583.0	10157.5	19717.5	37420.5	64039.0	91773.0	118664.0	149193.0	165664.0	184954.0	225198.0	265735.5	300672.0	320938.0	323929.5	322008.0	326262.5	336535.0	341754.0	337473.5	311964.0	274969.5	260003.0	249164.0	227131.0	207694.5	191901.5	172710.0	149053.0	137037.0	125532.5	109775.0	105051.5	107023.0	116955.0	122594.5	120744.0	115700.5	97071.5	65601.0	41770.0	27555.5	15096.0	10905.0	9041.0	6293.5	4629.0	3307.5	2301.0	1502.5	1170.0	935.0	534.5	271.0	136.0	79.5	46.5	27.5	22.0	26.0	24.0	20.5	20.5	15.0	7.5	3.0	3.0	2.5	1.5	0.5	2.0	5.0	6.0	26.5	50.0	30.5	5.5	1.5	0.0	0.0
209124_HY55YBGXT_TCDM_1_F12_C17_2_2_o_AGAATC_S94_R1_001	4.0	7.5	25.5	65.0	142.5	325.0	631.0	807.0	1073.5	1661.5	2369.5	3081.0	3699.0	4228.0	4464.0	4624.5	4968.5	5386.0	6063.5	7594.0	10457.0	12233.0	15703.5	25031.0	41059.5	64643.0	91493.5	118811.5	148908.0	165125.0	185581.0	232543.0	283348.0	326419.5	355525.0	371010.0	376162.0	384184.0	405064.0	418926.5	421413.5	400113.0	363002.0	348674.0	337877.5	312621.5	293085.0	280109.5	254960.5	217102.5	196495.0	177377.5	150202.5	131859.0	113157.0	94295.5	77705.0	71560.0	66527.5	56878.0	43254.0	29954.5	22412.0	16471.5	13781.0	12240.5	9766.0	7889.5	5880.0	4093.0	2861.5	2350.0	1889.0	1114.5	668.0	396.5	193.5	102.5	73.0	70.0	50.5	32.5	29.0	21.0	15.5	9.0	5.0	3.5	3.0	2.0	0.5	5.0	12.0	15.0	39.0	68.5	44.0	9.5	3.0	0.5	0.0
209125_HY55YBGXT_TCDM_1_G12_X8_415_3_i_AGGCAT_S95_R1_001	2.0	1.5	5.5	15.5	30.0	77.0	162.0	209.0	266.5	414.0	571.0	766.0	957.0	1154.5	1289.0	1428.0	1759.0	2429.0	3585.5	5811.5	9711.5	12064.0	16172.0	26879.5	45901.5	73278.5	102762.5	129901.0	157797.0	173084.0	194720.5	243032.0	294601.0	337554.0	367451.5	379347.0	379404.0	386656.0	409214.5	424399.0	423057.0	393927.0	348324.0	330631.0	317072.5	292752.0	281895.5	275311.0	252849.0	216849.5	196822.0	175672.0	148116.5	133090.0	120524.5	109093.5	94461.5	87316.0	79682.0	63446.5	42774.0	26468.0	17744.5	10456.0	7656.0	6322.5	4455.0	3408.0	2385.5	1557.0	1030.5	823.0	639.5	384.0	257.5	166.0	101.5	59.5	41.0	37.0	33.0	26.5	18.0	8.5	6.0	6.5	6.0	3.5	1.0	1.5	1.5	5.5	8.0	6.0	23.5	42.0	24.0	3.0	1.0	0.5	0.0
209126_HY55YBGXT_TCDM_1_H12_X8_415_3_o_ACACGC_S96_R1_001	7.0	10.0	20.5	46.5	97.5	201.5	418.0	563.0	688.5	988.5	1391.5	1929.5	2558.5	3234.0	3590.0	4030.5	5162.5	6761.0	8898.0	12045.5	16587.0	19211.0	23964.0	35753.0	55253.0	82910.0	112070.0	137757.5	163872.5	178267.0	197696.0	242505.5	289115.0	327985.5	356192.0	374831.5	382906.0	393436.5	421332.0	449451.5	467388.0	448838.5	405858.0	388609.0	371751.0	341817.5	330357.0	324789.5	298727.0	258685.0	237523.0	217069.5	191097.0	178714.5	167948.0	154170.5	137131.5	129967.0	124963.0	111043.5	87594.0	66860.5	52636.5	39462.5	34313.0	31526.5	25960.5	20345.5	15152.0	10810.0	7330.5	5835.0	4671.0	2726.5	1495.5	761.5	344.0	152.5	80.0	65.0	53.0	33.0	17.5	15.5	16.5	9.0	6.0	7.0	4.5	0.5	0.5	3.5	8.0	10.0	39.0	69.5	45.5	12.5	2.5	0.0	0.0
209127_HY5CNBGXT_TCDM_2_A01_X4_46_1_o_CAGCGT_S1_R1_001	8.0	11.0	18.5	30.5	54.0	105.5	200.5	260.0	343.0	512.5	737.5	993.5	1406.0	2011.5	2322.0	2743.5	3705.5	4956.5	6794.5	9709.0	13816.5	16137.0	19841.5	29492.5	45789.0	68029.0	90847.0	113693.0	139997.5	154384.0	170108.0	207539.5	250053.5	283646.5	304733.5	312067.0	311100.0	305711.0	297471.0	282390.0	256821.0	226588.5	197630.0	185565.0	171769.5	145846.0	128942.0	121951.5	111166.0	92664.0	82733.0	76243.5	67663.5	65920.0	63249.0	57179.5	49213.5	44299.0	41496.0	34877.0	24693.5	15885.5	10942.0	7527.5	6616.0	6149.0	5167.0	4189.5	3268.0	2436.5	1716.5	1369.0	1097.0	656.0	381.5	205.0	103.5	51.5	27.0	24.0	24.0	23.0	17.5	14.5	15.5	10.0	5.0	7.5	6.5	3.5	4.0	3.5	9.0	15.0	35.0	62.0	43.0	10.0	1.5	0.0	0.0
209128_HY5CNBGXT_TCDM_2_B01_X8_415_2_i_GATCAC_S2_R1_001	14.0	25.0	60.0	116.0	196.0	315.0	512.5	639.0	842.5	1238.5	1669.0	2084.0	2470.0	2962.5	3246.0	3626.5	4646.5	6251.5	8848.5	13733.0	21327.5	25669.0	32760.5	50579.0	80846.5	120346.5	159904.5	199297.5	241211.5	263331.0	290971.0	346517.5	400415.5	441440.5	458419.5	446702.5	433040.0	421281.5	400924.0	366923.5	317635.5	265846.5	218844.5	199745.0	181559.0	150241.5	133172.0	127961.0	113297.5	83790.5	67674.0	57276.0	41359.0	32031.5	25914.5	21653.0	18477.5	17255.0	15476.5	11669.0	7802.5	4959.5	3424.5	2440.5	1986.0	1716.0	1322.0	1101.0	856.5	627.5	446.5	347.0	306.0	238.5	165.0	107.0	78.5	48.0	37.0	39.0	34.0	21.5	16.0	16.0	13.5	10.0	7.0	5.5	3.5	2.5	3.5	6.5	16.5	25.0	56.5	95.5	62.5	11.0	0.0	0.0	0.0
209129_HY5CNBGXT_TCDM_2_C01_X8_415_2_o_ACCAGT_S3_R1_001	8.0	13.0	29.0	59.0	117.5	242.5	457.0	586.0	748.5	1060.5	1476.5	1919.5	2343.0	2875.5	3161.0	3408.5	4024.5	5040.0	6580.0	9304.5	13545.5	15955.0	20088.5	30800.5	47804.5	70346.0	94765.0	119466.0	146571.0	161278.0	180097.5	220539.5	262576.5	298722.5	320625.5	324911.0	323025.0	326209.0	333526.0	330778.5	316249.0	285877.5	248975.5	234796.0	221816.0	198995.5	187123.0	182303.5	169011.0	146979.5	135453.0	123929.0	109347.5	104870.0	103613.5	96189.0	79298.0	69995.0	65862.5	53493.5	35582.5	23747.0	16777.0	9125.5	6283.0	5286.0	3932.0	3191.0	2313.5	1617.5	1302.5	1190.0	997.5	695.0	489.0	324.5	205.0	128.0	90.0	78.0	69.5	52.5	40.5	38.0	31.0	21.5	20.0	18.0	20.5	18.0	10.0	8.0	7.0	7.0	34.0	72.0	49.0	9.0	1.5	0.0	0.0
209130_HY5CNBGXT_TCDM_2_D01_X4_46_3_o_TGCACG_S4_R1_001	145.0	229.0	474.5	850.0	1324.0	1913.5	2754.5	3266.0	3724.0	4638.0	5678.0	6824.0	7967.0	9343.0	10138.0	11268.5	13281.5	15418.0	18195.0	22301.5	27878.0	30871.0	35558.5	47351.0	65126.0	88205.5	111885.0	134906.0	160480.0	174303.0	189603.0	225226.5	266284.0	297953.0	314335.5	318877.5	317972.0	317728.0	317657.5	309507.0	288915.5	259723.5	230691.5	218584.0	204820.5	180741.5	167909.5	161483.0	154031.0	145969.0	141449.0	133930.5	124514.0	122103.0	118239.0	99281.5	69993.0	56311.0	48527.0	36737.5	26800.0	19342.5	15286.5	10381.0	8006.0	6603.0	4810.5	3829.0	2626.0	1709.0	1164.0	925.0	775.5	513.5	368.5	277.5	173.5	114.5	86.0	71.0	56.5	41.5	35.0	32.0	28.0	23.5	26.0	18.0	11.5	11.5	8.0	6.5	10.0	13.0	36.0	71.0	53.0	11.5	1.5	2.0	1.0
209131_HY5CNBGXT_TCDM_2_E01_X4_46_1_i_ACATTA_S5_R1_001	408.0	539.5	916.0	1478.5	2373.5	3535.5	5082.5	6045.0	7133.0	9287.0	11576.0	13937.0	16111.5	18122.5	19097.0	20298.5	22288.5	23886.5	26219.5	29752.5	34546.0	37330.0	41728.5	53324.5	72610.5	98778.5	126567.0	154517.0	187427.0	206096.0	224969.0	269508.0	321612.0	363211.0	391340.5	406721.5	409134.0	408243.5	408204.0	396228.0	370773.5	337893.5	303185.5	288730.0	270488.0	237846.5	219219.5	210026.0	193362.0	166502.5	151341.0	136232.5	115483.0	105148.0	95970.5	77514.0	52517.5	41494.0	35236.5	24963.5	17055.5	11430.5	8418.0	5746.5	4355.0	3579.5	2618.0	2161.5	1553.0	1030.0	770.5	696.0	573.5	394.0	289.0	194.5	131.0	87.0	49.0	38.0	32.5	30.5	29.0	23.5	19.5	20.0	24.0	21.0	16.5	13.0	8.5	7.5	11.5	14.0	50.5	85.5	47.5	8.5	3.0	0.0	0.0
209132_HY5CNBGXT_TCDM_2_F01_C14_3_2_o_GTGTAG_S6_R1_001	5.0	9.5	13.5	15.5	28.5	50.0	88.5	116.0	129.0	169.5	232.0	299.5	354.0	434.0	492.0	573.5	817.0	1334.5	2250.0	4256.0	7990.0	10278.0	14502.0	25832.5	43825.5	68311.5	94371.0	121360.5	153021.5	170153.0	189775.0	230746.0	270816.5	302020.5	321262.0	325836.0	323651.0	321087.0	312893.5	286092.0	245733.5	209808.5	178524.5	163979.0	150005.0	123288.0	106176.5	102379.5	93313.5	71745.5	59815.0	51920.5	40902.0	36928.5	33367.0	30030.0	27777.5	26150.0	24824.0	19812.5	12792.5	7937.0	5165.5	3364.0	2813.0	2234.0	1387.0	955.5	676.5	437.5	259.0	204.0	171.0	114.0	72.0	50.0	36.5	25.0	19.0	15.0	15.5	15.5	13.5	11.5	11.5	10.5	9.0	7.0	4.0	1.5	1.5	6.5	9.5	9.0	34.5	65.0	38.0	5.0	2.5	1.0	1.0
209133_HY5CNBGXT_TCDM_2_G01_A03_3_1_o_CTAGTC_S7_R1_001	2.0	6.0	13.0	24.0	51.0	98.5	170.0	213.0	269.5	385.5	522.5	654.0	808.5	1002.5	1096.0	1208.5	1513.5	2246.5	3433.5	5572.0	9039.0	11014.0	14766.0	24972.0	41421.0	64203.0	87659.0	112290.0	142967.5	159683.0	177866.5	220105.5	262760.5	296714.5	315353.5	309795.5	300953.0	297270.5	288353.0	267842.0	236518.5	202829.5	169262.0	153336.0	141267.0	118674.5	102181.5	92225.0	81690.5	66989.0	58835.0	54343.0	49270.5	49169.5	46799.0	41958.5	35965.0	31962.0	29093.5	21770.0	13664.5	8780.5	6432.5	4492.5	3667.0	3208.0	2549.5	2057.0	1537.0	1081.0	725.5	599.0	495.5	319.5	186.5	99.5	54.5	33.5	26.0	21.0	18.5	14.0	13.5	13.5	10.0	8.5	9.0	7.0	4.5	2.0	0.5	3.5	6.5	7.0	25.5	59.5	43.0	6.0	0.5	0.0	0.0
209134_HY5CNBGXT_TCDM_2_H01_A03_3_3_o_TGTGCA_S8_R1_001	6.0	8.5	17.0	30.0	66.5	105.5	155.5	196.0	259.5	383.5	534.0	728.5	978.0	1384.5	1646.0	2101.5	3092.5	4760.5	7387.5	11402.5	17953.0	21983.0	28056.5	43806.5	66566.5	94677.5	122008.0	150011.0	182890.5	200070.0	217591.5	256137.0	294561.0	323671.5	338989.0	335915.5	329235.0	324913.0	317730.5	302576.0	275372.0	240135.0	203937.0	188066.0	174124.0	149401.0	133535.5	124123.5	115397.0	105953.5	100909.0	104213.0	122352.5	175872.5	198105.5	181336.0	162083.0	143148.0	127307.5	92337.0	55894.5	35372.5	28865.5	19755.0	13942.0	10880.5	6693.0	4317.0	2150.5	938.5	533.5	424.0	379.5	309.5	210.0	114.0	73.5	43.0	26.5	22.0	22.0	23.0	21.5	18.5	16.5	12.5	10.0	8.5	6.0	4.5	5.0	8.0	14.0	18.0	45.5	81.5	54.5	10.5	1.0	0.0	0.0
209135_HY5CNBGXT_TCDM_2_A02_X4_32_2_i_TCAGGA_S9_R1_001	7.0	13.0	21.5	47.0	95.0	177.5	296.5	358.0	482.0	728.0	1046.5	1452.5	1886.0	2364.5	2619.0	3110.0	4305.0	6358.0	9052.5	13426.0	19722.5	22991.0	28396.5	42016.5	62003.5	90875.0	123823.0	154705.0	186431.5	203125.0	217317.5	255308.0	298226.5	327773.5	339983.0	337363.5	332961.0	334183.0	331782.5	318277.5	294477.0	258749.0	218770.5	200602.0	182669.0	150596.5	130098.5	119531.0	105949.0	88843.0	81110.0	79225.5	77693.5	98700.5	106651.0	89424.5	71203.5	57505.0	51497.0	39248.5	27983.0	21556.5	17208.5	12321.0	10380.0	8925.5	6771.5	5271.0	3558.0	2237.5	1537.0	1245.0	1028.5	673.5	419.0	218.5	110.5	70.0	42.0	31.0	30.5	28.0	21.0	14.5	10.5	10.0	12.0	9.5	5.0	4.5	4.0	6.5	13.5	16.0	45.5	90.0	60.0	8.0	0.5	0.0	0.0
209136_HY5CNBGXT_TCDM_2_B02_C14_3_2_i_CGGTTA_S10_R1_001	6.0	10.0	16.0	24.5	50.5	85.0	143.0	186.0	227.0	320.5	466.0	657.5	902.5	1230.5	1412.0	1724.0	2531.0	4137.0	6616.5	10946.0	17476.5	21046.0	27342.5	43599.0	68448.5	101812.5	136024.0	167446.5	201675.0	220218.0	239544.0	282808.0	324261.5	348185.5	359897.0	360404.0	355608.0	350164.0	335894.5	305130.0	263845.0	229589.5	200955.0	187230.0	168172.5	134202.0	115679.5	110364.0	101184.0	84743.5	75777.0	69834.0	65374.0	75688.0	78268.5	69989.5	59065.5	50170.0	45677.0	34814.0	22809.0	15769.0	13288.0	11045.0	9878.0	8512.0	6499.5	4611.5	2294.0	927.0	535.5	435.0	374.5	285.0	240.5	182.0	116.5	79.5	56.0	47.0	36.5	27.5	28.5	26.0	18.0	10.5	9.0	10.0	11.0	9.0	5.5	6.5	13.5	18.0	44.0	78.5	46.5	5.0	2.0	0.0	0.0
209137_HY5CNBGXT_TCDM_2_C02_X4_32_3_i_TTAACT_S11_R1_001	11.0	23.0	50.0	120.0	231.5	386.5	688.5	892.0	1120.5	1571.0	2089.0	2646.5	3155.0	3766.0	4130.0	4484.0	5329.0	6832.5	9012.5	12547.0	17965.0	21016.0	25699.5	37504.0	55349.0	80765.5	109259.0	136095.5	163765.0	178399.0	190957.0	224647.5	262660.0	290293.5	303347.5	300506.0	295364.0	296386.0	295103.5	282760.5	259933.0	226899.5	191605.5	176556.0	160655.5	133719.0	117358.5	107654.5	94168.5	78186.0	71310.0	68112.0	63941.0	71056.5	72645.0	62492.0	50298.5	41758.0	37772.0	28754.5	19346.5	13619.0	10581.5	7742.5	6590.0	5707.5	4475.5	3357.5	1725.5	658.0	390.0	326.0	267.5	196.5	166.5	117.0	74.5	53.0	33.0	24.0	26.5	23.0	13.5	16.0	17.0	8.5	5.0	5.0	4.0	3.0	2.5	5.5	11.0	13.0	38.5	73.0	46.0	7.0	2.0	0.0	0.0
209138_HY5CNBGXT_TCDM_2_D02_X4_32_3_o_ATGAAC_S12_R1_001	30.0	49.0	118.5	285.0	535.5	933.0	1571.0	1946.0	2470.0	3516.5	4711.0	6142.0	7649.5	9169.0	9940.0	10957.0	12820.0	15233.5	18609.0	23498.5	30344.0	34108.0	39745.0	54356.0	74455.0	100164.5	127490.0	152023.5	177012.0	190208.0	201620.5	231717.0	265748.5	290384.0	302445.5	300501.5	295784.0	295171.0	290024.5	275174.0	249952.0	215832.5	183606.5	170595.0	157436.5	133929.5	118826.5	109252.0	97599.5	85247.0	79727.0	76693.0	74004.0	80961.0	82778.0	73110.0	59211.0	50185.0	46317.5	39086.0	29305.5	22557.0	22347.0	21087.5	19706.0	17233.0	14046.5	11133.5	5684.0	1799.0	960.5	757.0	697.5	546.5	432.0	339.5	224.5	146.0	87.5	62.0	47.0	37.0	35.5	26.0	16.5	7.5	5.0	6.0	6.5	5.0	8.0	9.0	11.5	17.0	41.0	77.5	54.5	12.5	3.0	0.0	0.0
209139_HY5CNBGXT_TCDM_2_E02_A04_3_2_o_CCTAAG_S13_R1_001	1.0	3.5	8.5	21.5	55.5	100.0	167.5	214.0	285.5	454.0	609.0	760.5	917.5	1017.0	1053.0	1067.0	1089.5	1123.5	1275.5	1643.5	2380.0	2875.0	4045.5	7207.0	13468.0	23029.5	32745.5	42086.0	52634.0	58266.0	65029.5	79954.0	94896.5	107382.5	113437.5	110963.0	108138.0	107454.0	106142.5	101104.5	91717.0	79347.0	64947.0	57940.0	52666.0	42616.5	34616.5	29747.5	25832.5	21248.0	18934.0	17262.5	14595.5	13680.0	14142.5	16459.0	18630.5	18868.0	18652.0	15524.0	10127.0	6478.0	4032.5	2222.5	1694.0	1392.0	923.5	610.5	384.0	257.0	180.0	150.0	114.0	66.5	42.5	27.5	20.0	13.0	8.0	5.0	7.0	9.0	7.0	3.5	2.0	1.5	1.0	1.0	1.5	1.5	1.5	1.5	3.5	6.0	14.5	22.0	12.0	1.5	0.0	0.0	0.0
209140_HY5CNBGXT_TCDM_2_F02_X4_32_1_i_CCGACC_S14_R1_001	47.0	39.5	27.0	26.5	47.0	88.5	145.5	177.0	235.5	359.5	508.0	668.0	823.0	957.5	1014.0	1096.0	1324.5	1716.5	2383.0	3585.0	5345.5	6325.0	8259.0	13824.0	23342.0	38522.5	58670.0	82165.0	110172.0	125538.0	140217.5	181481.0	229189.0	266229.5	292587.5	300891.0	298753.0	304513.5	317598.0	321373.0	308669.0	275688.0	230500.0	209138.0	191063.0	156948.5	133429.0	118549.0	100708.0	79267.5	68268.0	64079.5	58927.5	64634.5	63681.0	53578.0	44880.5	38662.0	33660.0	23192.0	13613.5	8027.0	5679.5	4160.5	3515.0	3005.0	2352.0	1968.5	1414.0	979.0	734.0	610.0	526.5	378.5	251.5	157.0	102.0	65.0	43.0	35.0	25.5	12.0	7.0	6.0	5.0	4.0	4.0	4.5	3.5	2.5	5.0	8.0	7.0	5.0	26.0	55.0	37.5	11.5	15.5	28.5	37.0
209141_HY5CNBGXT_TCDM_2_G02_A04_3_2_i_GGCTGC_S15_R1_001	15.0	11.0	16.5	27.0	37.0	54.0	81.5	101.0	126.0	168.0	231.0	335.5	476.0	704.5	851.0	1052.0	1547.0	2534.5	4137.0	7065.5	11051.0	13017.0	17254.5	27848.0	44961.0	69538.0	95584.0	123501.5	157266.0	175339.0	192819.0	235993.0	284574.5	321258.5	341809.0	337680.5	326798.0	318320.5	301638.5	276287.0	242926.0	208936.0	178105.0	165050.0	150903.0	126412.0	113340.5	106517.5	90392.5	67240.0	56117.0	49387.5	39318.0	32057.5	25617.0	19044.5	12916.0	10840.0	9679.5	7429.0	5375.5	3889.0	3011.5	2332.5	2008.0	1783.0	1551.0	1388.5	1064.0	729.0	510.0	457.0	401.0	301.0	214.0	142.0	88.5	56.5	39.0	29.0	21.0	14.5	12.5	9.5	7.5	5.5	6.0	4.5	3.0	4.0	5.0	5.5	8.5	11.0	36.0	59.0	35.5	7.5	4.0	8.5	10.0
209142_HY5CNBGXT_TCDM_2_H02_A04_3_1_o_TACCTT_S16_R1_001	5.0	7.5	21.0	53.0	108.0	185.0	330.0	432.0	565.0	838.5	1126.5	1422.5	1653.5	1791.5	1847.0	1912.0	2078.5	2483.0	3451.5	5377.0	8938.5	11240.0	15182.5	26226.0	45843.0	74053.5	103891.5	134811.5	170234.0	188880.0	210777.5	261893.5	318622.0	366149.5	386996.5	376650.5	365475.0	361020.0	352896.5	333158.5	300093.5	257883.0	210513.5	188359.0	172999.5	143632.0	121093.0	107847.5	93477.0	73791.5	63762.0	56255.0	44188.0	35858.5	29557.0	24331.5	19862.0	18086.0	16415.5	12864.5	9120.5	6460.0	5139.5	4017.5	3419.0	2992.0	2350.5	1795.5	1163.5	686.0	400.0	300.0	231.0	127.5	79.5	55.0	35.0	19.5	13.0	13.0	10.0	8.5	7.0	4.0	4.0	4.5	5.0	4.5	2.5	1.5	5.5	8.5	10.5	13.0	40.5	78.5	49.5	6.0	1.0	0.5	1.0
209143_HY5CNBGXT_TCDM_2_A03_C14_3_3_o_TCTTAA_S17_R1_001	17.0	22.0	48.0	91.0	160.5	302.5	533.0	669.0	803.0	1161.5	1590.0	1989.0	2269.0	2544.0	2734.0	2790.5	2946.5	3331.5	4048.5	5672.0	8597.0	10330.0	13788.5	22866.0	38757.0	61210.0	82675.5	104586.5	134797.5	152382.0	174078.5	220830.5	271031.0	315806.5	344550.5	353110.0	352556.0	358406.0	371083.5	344876.0	286693.0	242883.0	208051.0	191881.0	173307.5	138221.5	115150.0	107218.5	98341.5	79907.5	68978.0	62097.0	53462.0	50725.0	48644.5	46300.5	42109.5	39165.0	36931.0	29532.5	18368.5	10527.5	6518.5	3244.5	2138.0	1709.0	1145.5	845.5	559.0	425.0	364.0	316.0	303.5	268.0	211.5	161.0	117.5	83.5	66.0	56.0	55.5	51.0	39.5	26.5	25.5	24.5	19.0	12.0	4.5	5.5	5.0	7.0	15.0	19.0	40.0	74.0	53.5	11.5	1.5	0.0	0.0
209144_HY5CNBGXT_TCDM_2_B03_C14_3_1_i_GTCAGG_S18_R1_001	1.0	3.5	11.5	22.5	40.0	59.5	89.5	112.0	144.5	226.0	287.5	361.0	468.5	553.5	592.0	665.5	861.5	1270.0	2089.5	3872.5	6866.5	8611.0	11853.5	20571.5	35358.5	57367.0	82391.0	108442.5	140173.0	158179.0	180079.5	227836.0	277625.0	319947.0	348015.5	352483.0	347271.0	348005.0	349167.5	328028.0	287034.5	247664.0	209722.0	191725.0	173787.5	141052.0	123829.0	122651.5	110443.0	80970.5	64954.0	55564.0	42743.0	35715.5	29130.5	22798.0	17409.0	15364.0	14112.5	11232.0	8025.0	5625.0	4215.0	3205.5	2784.0	2408.5	1839.5	1439.5	1026.5	684.0	480.5	413.0	334.0	202.0	129.0	89.5	58.5	42.5	30.0	22.0	25.5	21.5	17.5	17.0	12.0	8.0	5.0	4.5	3.5	4.0	4.5	5.5	9.5	12.0	40.5	76.0	45.5	4.5	0.5	0.0	0.0
209145_HY5CNBGXT_TCDM_2_C03_A04_3_3_o_ATACTG_S19_R1_001	4.0	7.0	14.5	35.5	73.0	127.0	204.5	249.0	321.5	463.5	614.5	764.0	886.5	937.5	934.0	947.0	957.5	1032.5	1292.0	1883.0	3171.0	4050.0	5957.0	11025.5	20052.0	32155.5	42937.0	52756.0	63640.5	69249.0	74231.5	86483.0	99076.5	105428.5	105007.0	97821.0	92084.0	88102.0	80433.5	70796.0	58918.0	47162.0	37271.5	33210.0	30414.5	25039.5	20729.5	17410.5	14088.0	10746.0	9138.0	8338.5	7113.0	6518.5	6653.0	7038.5	6478.5	5836.0	4855.5	3092.5	1893.5	1269.5	876.0	590.0	490.0	423.5	311.5	222.0	158.0	118.5	79.5	60.0	50.0	33.0	19.5	10.5	7.5	5.0	2.5	2.0	2.0	2.5	1.5	0.5	0.5	0.5	1.0	0.5	0.5	0.5	0.0	1.0	4.5	7.0	16.0	19.5	8.5	2.5	1.5	0.5	0.0
209146_HY5CNBGXT_TCDM_2_D03_A27_3_3_i_TATGTC_S20_R1_001	14.0	14.0	19.5	36.0	65.0	103.0	175.0	227.0	278.5	392.5	529.5	696.0	876.0	1030.5	1097.0	1194.5	1501.0	2160.0	3180.5	5086.5	8165.5	9909.0	13217.5	21690.0	35674.0	56226.5	80243.0	106998.5	141135.0	160800.0	182283.0	228864.0	277543.5	316578.5	338219.5	343753.5	343100.0	346758.5	354577.0	337131.5	297397.0	262335.0	225088.0	204774.0	185334.0	150456.0	128638.0	118087.5	104447.5	82468.0	69958.0	61235.5	49552.5	42459.5	34723.5	26300.5	18949.5	16418.0	14855.0	11622.0	8362.0	5863.5	4366.0	3401.0	3025.0	2592.0	1918.5	1507.5	1111.0	744.0	481.0	359.0	293.0	199.5	140.5	89.5	58.0	49.5	38.0	23.0	23.0	18.0	15.0	13.5	8.0	6.5	7.0	4.5	1.5	2.5	3.0	4.5	9.5	12.0	34.5	72.5	50.0	7.5	1.5	0.0	0.0
209147_HY5CNBGXT_TCDM_2_E03_C14_3_3_i_GAGTCC_S21_R1_001	1.0	5.0	9.0	6.0	7.0	14.5	16.5	15.0	20.5	30.0	39.0	54.0	59.0	63.0	72.0	82.5	116.5	154.0	185.5	283.5	440.0	516.0	682.0	1065.5	1680.0	2365.0	2973.0	3629.5	4439.0	4912.0	5301.0	6067.5	6674.5	7067.0	7179.5	7067.5	7006.0	6947.0	6988.0	6711.0	6134.5	5505.0	4787.5	4500.0	4254.5	3694.0	3231.0	3146.5	3072.0	2686.0	2438.0	2256.5	2034.5	1998.0	2062.0	2166.0	2169.0	2128.0	2111.5	1923.0	1438.0	1029.0	791.5	581.0	512.0	460.5	343.0	260.5	206.0	138.0	89.0	70.0	59.5	37.0	17.5	7.0	3.5	3.0	2.5	2.0	1.0	0.5	1.0	0.5	0.0	0.0	0.0	1.0	1.0	0.0	0.0	0.0	0.0	0.0	0.5	0.5	1.5	1.5	0.5	0.5	0.0
209148_HY5CNBGXT_TCDM_2_F03_A03_3_1_i_GGAGGT_S22_R1_001	6.0	8.0	10.0	15.0	24.5	35.5	60.0	78.0	82.0	115.5	159.5	182.5	211.5	262.5	293.0	326.5	407.5	545.0	816.0	1435.0	2660.5	3448.0	5065.5	9411.5	17658.0	29758.0	41502.0	52623.5	65398.0	72213.0	80139.5	97238.0	114742.0	129266.5	135429.5	129813.0	124226.0	124613.5	126411.0	122442.5	111724.0	98098.5	82965.0	76117.0	71713.0	62171.0	54554.0	50683.0	48086.5	45975.5	45069.0	43316.5	41482.0	45193.5	52927.0	62477.0	64471.0	60855.0	57851.5	45485.0	27278.0	16024.5	10382.0	5519.0	3889.0	3326.0	2363.5	1643.5	1069.5	716.5	505.0	393.0	315.0	195.5	131.5	98.0	75.5	61.5	47.5	36.0	31.5	27.0	28.0	23.5	15.0	12.0	12.0	9.5	6.5	5.5	4.0	2.5	2.5	3.0	17.0	33.5	21.5	4.0	0.5	0.0	0.0
209149_HY5CNBGXT_TCDM_2_G03_A03_3_3_i_CACACT_S23_R1_001	10.0	14.5	30.5	69.5	150.0	302.5	555.5	709.0	887.5	1352.0	1843.0	2321.0	2658.0	2836.5	2951.0	3025.0	3058.0	2948.0	3002.5	3412.0	4358.0	5018.0	6536.5	10878.5	19237.0	31981.5	44897.0	57236.0	71663.5	79458.0	88737.5	109401.5	130549.0	147842.5	155928.0	151042.0	145601.0	145645.0	146522.5	140785.0	127847.0	112313.5	94975.0	86803.0	81439.5	71068.5	61627.0	55026.0	50566.5	45559.0	42844.0	39578.5	34532.5	33179.5	33986.0	34743.0	32733.5	30346.0	27731.5	20688.0	12586.5	7849.5	5768.5	4127.0	3502.0	3019.0	2379.5	1958.0	1450.0	1014.0	657.0	493.0	404.0	241.0	130.5	74.0	53.0	39.0	24.0	22.0	18.0	15.5	14.0	13.0	10.5	6.0	6.0	6.5	5.5	4.0	3.0	3.0	4.0	4.0	19.5	37.5	24.5	4.5	0.0	0.0	0.0
209150_HY5CNBGXT_TCDM_2_H03_X4_32_1_o_CCGCAA_S24_R1_001	8.0	12.5	22.5	44.0	105.5	213.0	365.5	456.0	624.5	985.0	1414.0	1809.5	2054.0	2270.5	2401.0	2516.0	2660.0	2839.5	3277.5	4362.5	6757.5	8355.0	11384.5	19610.5	34372.5	56554.0	80900.5	106370.0	135777.5	151446.0	170765.5	217290.5	268358.0	311635.0	337374.5	338303.0	332907.0	334648.0	338749.0	330985.5	306489.0	268165.5	222813.5	201412.0	185131.0	155052.0	133541.0	120351.0	105272.0	87012.5	78355.0	73332.5	66474.5	66879.0	67386.0	66537.0	62501.5	57582.0	52557.5	38785.0	22906.0	13478.0	9061.5	5618.5	4295.0	3593.5	2523.0	1818.0	1161.0	674.5	391.0	273.0	224.5	146.0	102.0	77.5	56.5	35.5	20.5	16.0	14.0	12.5	12.0	10.0	7.5	4.0	2.0	2.5	1.5	2.0	4.0	3.5	8.0	13.0	34.5	62.0	38.5	4.5	0.5	1.0	1.0
209151_HY5CNBGXT_TCDM_2_A04_A04_3_3_i_TTTATG_S25_R1_001	12.0	19.5	36.0	75.0	149.0	248.5	421.5	539.0	681.5	967.0	1286.5	1676.0	2068.0	2565.0	2883.0	3255.0	4107.5	5542.0	7730.5	11520.0	16669.5	19264.0	23663.5	35385.5	55230.0	83430.5	114130.0	146728.0	185808.0	207311.0	227876.0	280029.0	337960.0	380709.0	407339.0	405160.0	392757.0	379797.0	355755.0	324524.5	285627.5	247909.5	214735.5	200531.0	182002.5	150244.5	134057.5	126938.0	106570.5	76298.5	62232.0	54202.5	41643.0	33006.5	26088.5	19127.0	12891.5	10806.0	9344.0	6891.5	4942.0	3389.0	2393.0	1653.5	1316.0	1108.0	844.5	711.5	557.0	390.0	283.5	267.0	241.0	217.0	172.0	100.5	63.0	43.0	30.0	24.0	16.0	10.0	10.0	7.0	6.0	6.0	6.0	3.5	1.5	3.0	2.5	4.5	12.5	17.0	46.5	91.0	58.0	6.5	1.5	0.0	0.0
209152_HY5CNBGXT_TCDM_2_B04_X4_32_2_o_AACGCC_S26_R1_001	0.0	1.5	6.0	12.5	23.0	45.5	83.0	105.0	137.5	216.0	296.0	375.5	447.5	486.5	499.0	525.0	550.0	505.0	453.5	458.0	476.0	482.0	486.0	530.5	631.5	759.0	907.0	1060.5	1288.0	1443.0	1541.5	1768.0	2020.0	2219.5	2334.5	2315.0	2256.0	2307.5	2363.5	2256.5	2101.0	1907.0	1630.5	1504.0	1403.0	1217.5	1102.5	1058.5	972.0	831.0	763.0	732.0	652.0	595.5	610.5	665.0	695.0	693.0	694.0	630.5	497.0	403.5	314.0	221.5	194.0	188.5	167.0	125.0	89.0	66.5	42.5	31.0	27.5	17.5	8.0	4.5	2.5	1.0	0.5	0.0	0.5	1.0	1.0	0.5	0.0	0.0	0.0	0.5	0.5	0.0	0.0	0.0	0.0	0.0	0.0	0.5	0.5	0.0	0.5	0.5	0.0
209153_HY5CNBGXT_TCDM_2_C04_A27_3_1_o_CAAGCA_S27_R1_001	6.0	17.0	47.0	108.5	236.0	449.0	853.5	1130.0	1423.0	2129.5	2894.5	3631.0	4296.0	4702.5	4829.0	4854.0	4966.5	5338.0	5891.5	7156.0	9968.0	11785.0	14769.5	22883.0	37699.0	60442.5	85813.5	112954.0	149498.0	171216.0	196610.0	251486.0	307696.0	352103.5	379343.0	388581.5	388260.0	387573.5	386817.5	360788.0	310222.5	266104.5	222841.5	199091.0	178696.5	140896.5	114071.0	99369.0	85714.0	66461.5	55582.0	49625.0	41292.0	37886.5	32874.0	26736.0	22307.0	20033.0	18064.5	13532.5	8411.0	4992.5	3510.5	2481.5	2074.0	1807.0	1378.5	1037.5	686.5	461.5	342.0	276.0	269.0	233.5	179.5	131.0	82.5	49.5	35.0	28.0	25.0	21.0	19.0	20.0	17.0	8.5	5.0	4.5	4.0	3.5	2.0	3.5	6.5	7.0	40.0	83.0	54.0	8.5	1.0	0.5	1.0
209154_HY5CNBGXT_TCDM_2_D04_A27_3_3_o_GCTCGA_S28_R1_001	2.0	2.5	7.5	15.5	32.5	48.5	76.5	102.0	148.0	247.5	364.0	473.0	578.0	689.5	742.0	843.5	1131.0	1744.0	2614.5	4205.5	6989.0	8625.0	11435.5	18967.5	31762.5	51267.5	74784.5	102128.5	136871.5	156356.0	179335.5	230478.5	286240.5	333847.5	365062.0	378506.5	380745.0	382986.5	386088.0	365971.0	325400.0	282096.0	231900.0	205414.0	185243.5	150539.5	126301.0	110799.0	95703.5	74532.0	62659.0	54880.5	43381.5	35133.0	26178.5	18628.0	13803.0	12102.0	10862.5	8366.0	6022.0	4221.0	3084.5	2361.0	2060.0	1749.5	1327.5	1063.5	787.5	573.0	369.5	257.0	222.5	156.5	111.5	75.5	43.0	28.0	21.0	19.0	15.0	11.5	9.5	6.5	4.5	3.5	4.0	3.0	3.5	4.0	3.0	4.5	12.0	18.0	43.5	88.5	60.0	6.5	0.5	0.0	0.0
209155_HY5CNBGXT_TCDM_2_E04_A27_3_2_o_GCGAAT_S29_R1_001	7.0	8.5	16.5	37.0	78.5	145.0	267.5	351.0	476.5	729.5	1005.0	1331.0	1639.0	2039.0	2309.0	2603.0	3220.5	4446.0	6187.5	8805.5	13229.5	15875.0	19754.0	30397.0	48086.5	73116.5	102079.5	133814.5	172548.5	194406.0	217799.5	271390.0	331372.0	380962.5	411729.5	424924.0	427157.0	428652.0	431050.0	407063.0	359982.0	315540.5	268366.0	243442.0	222104.0	184575.5	160047.5	146884.0	129859.0	103478.5	89297.0	79932.0	66513.0	58582.5	48719.0	38100.0	29692.0	25916.0	23574.5	18023.0	11967.0	8013.0	5686.5	3682.5	2897.0	2497.0	1842.5	1362.0	918.0	573.0	363.5	281.0	238.0	169.5	148.0	115.0	71.0	49.0	24.0	14.0	19.5	22.5	16.5	14.0	9.0	5.5	8.0	7.0	4.5	4.5	4.5	5.0	12.5	18.0	48.5	96.0	64.5	9.0	1.0	0.0	0.0
209156_HY5CNBGXT_TCDM_2_F04_X5_66_3_o_TGGATT_S30_R1_001	5.0	9.0	19.0	34.5	59.5	90.0	146.5	188.0	257.5	373.0	485.0	622.5	800.0	1011.5	1117.0	1312.5	1835.5	2907.5	4707.5	8019.0	13701.0	17127.0	23118.0	38718.0	65864.0	103332.5	140868.0	175451.0	213856.5	235283.0	262085.0	326303.0	394886.0	442684.0	462799.5	458059.5	449835.0	441458.0	428795.0	393392.0	337647.5	286938.0	236255.5	211655.0	190071.5	152513.5	129333.5	118969.5	105461.0	81847.5	68584.0	60425.5	48831.0	42598.5	36436.0	28808.5	21804.5	19062.0	17271.0	13439.0	9387.0	6516.5	5144.5	4056.0	3480.0	3029.5	2296.5	1676.5	1071.5	641.5	434.0	389.0	333.0	264.5	210.5	153.0	113.5	68.0	42.5	39.0	27.5	15.0	13.0	12.0	10.0	5.5	3.0	2.5	1.0	4.0	7.5	7.5	18.0	28.0	51.0	89.0	60.0	10.0	2.0	0.0	0.0
209157_HY5CNBGXT_TCDM_2_G04_C17_3_1_i_ACCTAC_S31_R1_001	20.0	21.5	42.5	92.5	158.0	254.5	465.5	615.0	719.0	1064.0	1527.5	1904.5	2212.0	2499.5	2634.0	2666.0	2821.0	3106.0	3639.0	4971.5	7409.5	8886.0	11693.0	19327.5	33116.0	53947.0	77951.5	102234.0	129887.5	145393.0	166038.0	212858.5	261499.5	300236.0	321382.5	322972.5	319687.0	319968.5	323207.5	308715.5	276503.0	242837.5	209416.0	194897.0	183431.5	159428.5	142011.5	134338.0	125155.0	113173.0	107580.0	103531.5	99719.5	112912.0	124833.0	119758.0	103320.0	90922.0	82262.5	61156.5	38143.5	24552.5	16915.0	9552.5	6803.0	5550.0	3911.0	2960.0	1793.5	969.0	614.5	483.0	402.0	266.0	186.0	144.0	114.5	81.5	53.5	46.0	39.0	28.5	25.5	19.5	15.5	14.5	11.0	13.0	13.0	10.0	7.0	5.5	10.5	15.0	45.5	76.0	49.5	13.5	2.0	0.0	0.0
209158_HY5CNBGXT_TCDM_2_H04_C17_3_1_o_CGAAGG_S32_R1_001	5.0	8.5	20.0	45.0	82.0	123.0	220.5	297.0	386.5	546.0	750.0	982.5	1183.0	1384.5	1484.0	1640.5	2071.5	2890.5	4267.0	6932.0	11535.5	14306.0	19218.5	32279.0	54661.0	87118.0	124277.0	160834.0	199707.5	220960.0	249261.0	316917.0	386702.5	438928.0	467533.0	467771.0	461199.0	456061.5	449345.5	423841.5	375413.0	321770.0	271347.0	250064.0	230916.0	194766.0	170232.5	159133.0	141492.0	113712.5	100006.0	91624.0	81068.5	81899.5	80171.0	71899.0	61801.0	55242.0	51076.5	39509.0	25644.0	16675.0	11363.5	7032.5	5507.0	4544.0	3239.0	2423.0	1546.0	909.5	551.0	426.0	345.5	211.0	139.5	96.0	60.5	39.5	31.0	34.0	29.5	23.5	22.0	20.0	16.5	15.5	16.0	9.5	3.0	4.0	4.5	4.5	11.0	17.0	62.0	110.0	66.5	11.5	1.5	0.0	0.0
209159_HY5CNBGXT_TCDM_2_A05_C17_3_2_i_AGATAG_S33_R1_001	5.0	12.0	24.0	43.0	88.5	186.0	341.0	430.0	554.0	830.0	1123.5	1398.5	1682.5	1917.5	2002.0	2209.0	2602.5	3170.5	4188.5	6152.5	9432.0	11384.0	14787.5	23505.0	37916.5	59140.5	85243.5	112932.5	142689.5	158734.0	180168.0	228186.5	277031.5	316794.0	341951.5	345568.0	341529.0	339498.5	338519.0	323325.0	290981.0	254393.5	218240.0	202575.0	186093.5	155898.0	137922.5	131062.5	116002.5	92086.5	80632.0	73458.5	63973.5	62381.5	59619.5	52945.5	44906.5	40060.0	35982.5	26671.0	17056.0	10848.5	7083.0	4029.5	2915.0	2341.5	1578.0	1146.5	723.5	447.5	291.0	229.0	195.0	136.5	100.0	66.0	43.5	35.0	22.0	17.0	20.0	20.5	16.0	14.5	11.5	5.5	3.0	4.0	5.0	4.0	5.5	7.0	11.5	17.0	46.0	89.0	57.5	8.0	2.0	0.0	0.0
209160_HY5CNBGXT_TCDM_2_B05_C17_3_2_o_TTGGTA_S34_R1_001	18.0	25.0	42.0	70.5	131.5	227.5	373.5	466.0	599.5	876.5	1208.5	1578.0	2054.0	2737.5	3126.0	3605.0	4674.5	5995.5	7738.0	10635.0	14741.0	16962.0	20371.5	29419.5	44381.5	65406.0	90466.0	116153.0	142675.5	156870.0	175503.0	218705.0	265919.5	305940.5	333379.5	343274.5	343106.0	341846.0	340539.0	324788.0	294835.5	261409.5	228313.5	214395.0	198344.0	169479.0	153074.0	146237.5	132527.5	110465.5	98868.0	90700.0	79626.0	75776.0	70432.0	58640.0	44010.5	36773.0	32462.5	23861.5	15999.0	10849.0	7689.0	5017.0	3927.0	3185.5	2246.5	1812.5	1218.0	731.5	556.5	510.0	430.0	284.0	199.0	144.0	90.5	63.5	41.5	29.0	30.5	27.0	21.5	19.5	19.5	18.5	16.0	16.0	11.0	8.0	8.5	6.0	12.0	19.0	50.0	79.0	47.0	8.5	0.0	0.0	0.0
209161_HY5CNBGXT_TCDM_2_C05_X5_66_2_i_GTTACC_S35_R1_001	45.0	81.5	172.0	296.0	520.0	806.0	1171.5	1405.0	1760.0	2294.5	2858.0	3531.5	4236.0	5181.0	5711.0	6486.0	7910.0	9729.5	12110.0	15629.0	20651.0	23364.0	27356.0	37950.5	54537.0	77929.5	103532.5	129214.0	157480.5	172260.0	188028.0	226498.0	270330.0	304344.0	321962.5	323138.0	319579.0	316022.5	310353.5	289768.0	256858.0	226380.0	196503.5	182668.0	164704.5	134464.0	118400.0	113373.0	102528.5	83387.0	73850.0	67750.5	57068.0	53210.0	49327.5	39909.0	29831.0	24564.0	21813.0	16988.0	12913.0	10798.0	10583.5	9556.5	8630.0	7411.0	5623.0	4168.0	2233.0	942.0	648.0	596.0	533.0	435.5	366.5	303.5	221.0	126.5	67.5	49.0	37.0	23.5	15.0	7.0	5.5	4.5	4.0	5.0	4.0	3.5	6.5	9.5	14.5	18.0	53.0	81.0	44.0	8.0	1.5	0.5	0.0
209162_HY5CNBGXT_TCDM_2_D05_X5_66_1_i_CGCAAC_S36_R1_001	24.0	45.0	95.0	165.5	293.0	490.0	840.0	1079.0	1331.5	1849.0	2440.0	3221.5	4110.0	4941.5	5340.0	6106.5	7450.5	8759.0	10502.0	13153.0	16862.5	18933.0	22152.5	30712.0	45786.5	66911.5	89322.0	112674.0	139962.5	154919.0	172499.5	214963.0	263067.0	302094.0	328616.0	340482.0	341632.0	340284.0	338499.5	319824.0	287578.0	258621.5	231590.5	219509.0	199185.0	164985.0	148524.0	143629.0	130616.0	106745.5	93578.0	84522.5	71672.5	65430.0	58579.5	47654.0	35202.5	29274.0	25668.0	19073.5	13264.5	9187.0	6726.5	4591.0	3659.0	3105.5	2400.0	2044.5	1497.0	998.0	773.0	703.0	632.5	478.0	344.5	246.0	165.0	98.0	49.0	35.0	30.0	19.0	14.0	16.0	11.0	4.0	3.0	3.5	3.0	3.5	3.0	1.0	6.0	11.0	30.0	62.5	47.5	11.0	1.5	0.0	0.0
209163_HY5CNBGXT_TCDM_2_E05_C17_3_3_o_TGGCGA_S37_R1_001	0.0	4.0	9.0	12.0	22.5	37.0	57.0	71.0	97.0	141.5	178.5	224.5	282.5	355.5	398.0	511.0	736.5	1164.5	1937.0	3428.5	6017.5	7572.0	10438.5	17942.0	30473.0	48981.5	72564.5	98158.5	125688.0	140592.0	160449.5	205842.0	253273.0	293687.5	319788.5	325650.0	323929.0	322855.0	321601.5	303619.0	268802.5	228312.0	186529.0	168223.0	154931.5	128796.5	108145.5	95010.5	81107.0	63949.0	55367.0	50965.5	44201.0	40124.5	34378.5	28591.0	24547.0	22258.0	20827.0	16326.5	10581.5	6970.0	4884.5	3116.0	2497.0	2108.5	1574.5	1219.0	888.5	620.5	412.5	352.0	291.5	197.5	125.0	77.0	49.0	31.5	27.0	21.0	15.5	9.5	10.5	14.0	11.5	6.5	6.0	5.0	5.5	4.5	3.5	4.5	7.5	11.0	34.5	67.5	43.0	5.5	1.0	0.0	0.0
209164_HY5CNBGXT_TCDM_2_F05_A03_3_2_o_ACCGTG_S38_R1_001	6.0	6.0	12.0	27.0	47.5	79.5	132.0	164.0	228.0	351.5	442.5	600.0	836.5	1061.5	1176.0	1440.0	1996.0	3017.5	4454.5	6891.0	11017.5	13415.0	17091.0	27136.0	44269.0	68522.0	93218.0	117887.5	148796.5	166243.0	185249.0	232715.5	285113.5	329851.5	359903.5	361636.5	354118.0	350902.0	344815.0	321941.5	283319.0	243215.0	202343.5	182956.0	168026.0	141887.5	125608.5	117031.0	105636.0	87174.0	76600.0	68342.5	55765.5	48529.0	42760.0	35920.5	27744.5	23556.0	20863.0	15383.5	10240.5	7101.0	5499.5	3944.5	3208.0	2795.5	2175.0	1712.0	1125.0	660.0	448.5	370.0	314.0	214.0	155.0	125.5	90.0	56.0	34.5	26.0	25.0	19.0	18.0	17.0	9.0	7.5	9.0	7.0	5.5	5.0	3.5	4.5	8.5	11.0	43.5	85.0	50.5	4.5	1.0	0.0	0.0
209165_HY5CNBGXT_TCDM_2_G05_X5_66_3_i_CAACAG_S39_R1_001	16.0	23.5	55.5	129.5	269.0	566.0	1049.5	1326.0	1676.0	2453.5	3346.5	4210.5	4903.0	5373.5	5550.0	5654.5	5753.0	5938.5	6405.5	7620.0	9891.5	11224.0	13667.5	20538.5	32614.5	50891.5	73332.0	99182.0	128976.0	144732.0	162911.0	207823.0	256999.5	297158.5	322399.0	328488.0	327052.0	326211.5	325840.0	308652.5	275041.5	241390.0	204970.5	186248.0	167482.0	134407.5	114807.5	106413.0	92877.5	71523.5	60602.0	53927.0	43720.0	38086.0	32751.5	26655.0	21077.5	18364.0	16289.0	11990.5	7848.0	5094.5	3638.5	2514.0	2011.0	1662.0	1163.0	867.0	557.5	330.0	221.5	177.0	161.0	121.0	76.5	54.5	47.0	30.0	16.5	14.0	9.5	7.0	9.0	5.5	2.5	2.0	1.0	1.5	2.0	1.0	0.5	3.0	5.0	5.0	39.0	76.5	45.5	6.0	1.0	0.5	0.0
209166_HY5CNBGXT_TCDM_2_H05_X5_66_1_o_GATTGT_S40_R1_001	2.0	4.5	6.5	17.5	28.5	38.5	60.5	72.0	93.0	128.0	201.0	246.5	265.5	309.5	321.0	342.0	379.5	414.0	495.0	728.5	1295.5	1692.0	2506.0	4820.0	9807.0	17368.0	24461.0	30413.5	37295.0	41243.0	45948.5	55383.0	63601.0	68270.5	69092.5	67058.0	65382.0	64972.5	64118.5	60531.0	53734.0	46123.0	38806.0	35446.0	32758.0	27500.5	23726.5	21912.5	19923.0	17226.0	15909.0	14854.0	13706.5	14728.5	17747.5	24083.5	30041.0	31567.0	32290.5	28095.0	18372.0	11475.5	6946.0	3579.5	2650.0	2162.0	1392.0	909.0	561.0	342.0	214.5	159.0	125.0	71.5	43.5	27.0	15.0	10.5	7.0	4.0	5.0	4.5	2.5	2.0	2.0	1.0	0.0	0.5	0.5	0.5	0.5	1.0	2.5	3.0	8.5	13.0	6.5	1.0	0.5	0.0	0.0
209167_HY5CNBGXT_TCDM_2_A06_X5_66_2_o_CTCTCG_S41_R1_001	5.0	6.5	12.0	20.5	38.0	86.5	147.0	172.0	233.0	366.0	528.0	707.5	917.5	1268.5	1499.0	1755.0	2443.5	3537.5	5179.0	7948.0	12329.5	14922.0	19021.5	30293.0	48447.5	73160.5	101012.0	129438.0	160181.0	176619.0	194984.5	241031.0	291883.0	330087.0	349498.5	351773.5	349670.0	346316.0	340770.5	321368.5	288757.0	251472.5	211368.5	193148.0	176433.5	147522.5	131027.5	123380.0	111626.5	93746.5	84271.0	78037.5	70364.0	71538.5	70942.5	63251.0	51460.5	44151.0	39574.0	29663.0	19766.5	13762.0	10547.5	7319.5	5864.0	4981.0	3687.5	2726.5	1611.5	803.0	483.0	407.0	348.5	239.5	168.5	126.5	91.0	62.5	43.5	39.0	27.5	18.0	16.5	12.0	9.5	11.0	14.0	10.5	5.0	5.5	7.5	9.5	13.5	15.0	45.0	80.0	49.0	8.5	2.0	0.0	0.0
209168_HY5CNBGXT_TCDM_2_B06_A27_3_2_i_TGACAC_S42_R1_001	134.0	219.5	445.5	749.0	1153.5	1647.5	2316.5	2733.0	3266.5	4205.5	5182.5	6299.0	7443.5	8705.0	9367.0	10363.0	12329.5	14549.5	17044.5	20189.5	24173.0	26257.0	28887.0	36133.0	47973.5	64746.5	83122.0	100975.0	122672.5	135344.0	148860.5	178220.0	208669.5	233305.5	248523.5	254691.5	255671.0	257089.0	259896.0	246895.5	221347.0	202296.0	185835.5	177267.0	162088.5	137785.0	128850.0	127707.5	120149.0	104223.5	94524.0	86213.0	73710.5	69414.0	67293.0	56431.5	39012.5	30439.0	25805.5	18406.0	13353.5	10292.0	8551.5	6468.0	5350.0	4581.0	3660.0	3163.0	2235.0	1504.5	1299.0	1241.0	1072.5	743.0	492.0	334.0	207.5	117.0	67.5	50.0	49.0	43.0	35.0	32.0	26.0	20.0	20.0	14.0	10.5	12.5	8.0	6.0	9.5	11.0	25.0	53.0	41.5	10.5	3.0	0.5	0.0
209169_HY5CNBGXT_TCDM_2_C06_C64_3_1_o_AAGACA_S43_R1_001	33.0	62.0	146.5	309.5	599.5	1138.0	2085.5	2677.0	3353.5	4917.0	6652.5	8278.0	9551.5	10488.5	10929.0	11037.0	11258.0	11533.5	11996.5	13371.5	15971.0	17496.0	20999.5	30202.0	44442.0	64276.0	88438.0	111505.0	135218.0	148733.0	167793.0	212297.5	258575.5	294299.5	320970.0	332824.5	332899.0	331025.0	328960.0	312220.5	279563.0	243151.0	206024.5	189201.0	175004.5	147608.0	128856.0	118970.5	106183.0	86301.0	74873.0	66267.0	54306.5	49580.0	45281.5	38132.0	29958.0	26007.0	23379.0	17548.5	11536.5	7673.0	5405.5	3421.0	2650.0	2192.5	1570.0	1142.5	727.5	482.5	333.5	277.0	232.5	162.0	118.5	91.5	69.0	54.0	38.0	24.0	17.5	14.5	16.5	13.5	12.0	10.0	8.0	6.5	4.5	5.0	4.0	3.0	8.0	12.0	35.5	77.0	55.5	9.0	1.5	0.5	0.0
209170_HY5CNBGXT_TCDM_2_D06_X9_35_2_i_ACAGAT_S44_R1_001	53.0	111.5	267.5	467.5	842.5	1425.0	2225.5	2716.0	3396.0	4752.0	6191.5	7728.5	9010.0	10440.0	11362.0	12025.0	13362.0	15292.0	17654.5	20973.0	25460.5	27736.0	31150.0	41141.0	57961.0	81501.5	105748.5	127830.5	153933.0	168903.0	188342.5	233550.0	282064.5	321126.0	347404.0	356914.0	356461.0	354054.5	352058.5	333547.0	301335.5	266618.0	231452.0	217714.0	198407.5	166526.5	153432.0	151242.5	139511.0	113724.0	97999.0	86747.0	71327.0	64764.5	58963.0	48808.5	35816.0	29571.0	26337.5	19748.5	13411.0	9194.0	6704.5	4438.5	3427.0	2851.5	2055.5	1648.0	1208.0	863.0	697.5	624.0	550.5	437.0	356.0	258.5	165.5	97.5	54.5	43.0	35.5	22.5	15.5	11.5	10.5	8.5	5.0	5.5	7.0	6.5	3.0	4.5	11.5	15.0	37.5	75.5	51.5	8.0	2.0	0.0	0.0
209171_HY5CNBGXT_TCDM_2_E06_C64_3_1_i_TAGGCT_S45_R1_001	12.0	19.5	48.0	90.5	179.0	301.5	488.0	619.0	769.5	1163.5	1666.0	2298.0	2867.5	3575.0	4086.0	4724.5	5944.5	7484.5	9839.0	13462.0	17985.5	20282.0	24763.5	35971.0	54300.5	79233.5	104281.5	127856.5	155762.5	171812.0	192957.0	240721.5	291057.5	329763.0	355363.5	362700.5	359426.0	359491.5	362170.0	340734.0	300326.5	262635.5	227645.5	213988.0	200141.0	173763.0	156971.0	148319.0	134860.0	115384.0	104976.0	95005.5	84286.5	81790.5	79209.5	69023.5	51540.5	43410.0	39283.5	30534.0	20710.5	13988.5	10607.5	6952.0	5156.0	4309.5	3193.5	2566.5	1694.0	1034.5	801.5	713.0	633.5	474.0	337.5	240.5	167.5	105.0	61.5	48.0	42.0	37.5	34.0	28.5	25.5	19.5	16.0	17.0	16.0	15.5	13.0	8.0	11.5	16.0	39.0	78.0	56.0	9.0	0.5	0.5	0.0
209172_HY5CNBGXT_TCDM_2_F06_C14_3_1_o_CTCCAT_S46_R1_001	31.0	53.5	116.0	222.0	395.5	637.0	1014.5	1258.0	1572.0	2184.5	2848.0	3623.0	4492.0	5405.5	5860.0	6427.5	7753.5	9230.0	11107.0	14394.0	19123.0	21724.0	25938.0	37016.5	54997.0	79801.5	106406.0	132799.5	162413.0	178549.0	199349.5	245978.0	296705.0	340930.5	371157.0	382669.5	383282.0	381708.0	376539.0	349923.0	309268.0	271736.5	236077.0	220315.0	201527.0	167599.0	147645.0	141045.5	129817.0	106823.5	93273.0	82831.5	69049.0	63382.0	57957.0	48471.5	36594.0	31103.0	27351.0	20029.5	13178.5	8919.0	6871.0	4835.0	3869.0	3282.0	2606.0	2205.0	1429.0	817.0	622.5	576.0	501.0	355.0	260.0	192.0	131.5	84.0	44.5	36.0	31.0	23.0	19.5	17.0	13.0	11.0	11.0	9.5	6.5	7.0	7.5	6.5	8.5	10.0	45.0	88.5	53.5	6.5	1.5	0.0	0.0
209173_HY5CNBGXT_TCDM_2_G06_X9_35_2_o_GCATGG_S47_R1_001	15.0	19.0	32.5	64.5	125.5	215.0	364.5	463.0	571.0	805.0	1122.0	1549.0	1941.0	2472.5	2848.0	3376.5	4472.5	6003.0	8083.5	11047.5	15063.5	17233.0	21100.5	31038.5	47054.0	70331.5	95446.5	118663.0	144600.0	159103.0	179110.5	224582.0	273863.0	313595.5	340686.5	352480.5	353099.0	353513.0	352958.0	333873.0	301904.5	265242.5	224255.0	206077.0	188657.5	158430.0	141813.0	135304.5	123789.0	101533.0	88093.0	77908.0	63447.5	56814.5	51379.5	42295.5	31427.5	26566.0	23500.0	17422.0	11984.5	8497.5	6286.0	4327.5	3519.0	2972.5	2202.0	1717.5	1199.5	804.5	603.5	540.0	470.5	340.0	250.5	184.5	122.0	78.0	40.5	22.0	19.0	17.0	14.5	11.0	7.5	4.5	5.0	4.5	4.5	4.0	2.0	2.0	8.0	13.0	40.0	87.5	61.5	9.0	1.5	0.0	0.0
209174_HY5CNBGXT_TCDM_2_H06_C64_3_2_o_AATAGC_S48_R1_001	8.0	20.5	70.5	144.0	268.5	517.0	949.0	1221.0	1554.5	2290.5	3080.5	3834.0	4502.5	5016.0	5227.0	5434.5	5875.5	6493.5	7781.0	10395.5	14850.0	17593.0	22814.0	36240.5	56049.0	83101.0	115079.5	147277.5	181725.5	200505.0	225780.0	279981.0	334877.5	380342.0	413847.5	424646.5	421434.0	418782.0	418003.5	398296.5	354613.5	306920.5	259000.0	236670.0	217971.0	181633.5	156827.5	145470.0	130531.0	105828.5	91875.0	80899.5	65646.5	58341.0	51897.5	43228.0	33797.0	29620.0	26779.5	20517.5	13578.0	8666.0	6010.0	3954.5	3161.0	2572.0	1814.5	1456.0	1084.5	739.5	534.0	492.0	456.5	380.0	297.0	209.0	139.0	96.5	64.0	50.0	38.5	32.0	29.0	18.0	15.0	14.0	13.0	10.0	8.0	6.0	4.0	8.0	13.0	15.0	55.5	100.0	56.5	7.5	4.0	1.0	0.0
209175_HY5CNBGXT_TCDM_2_A07_X9_35_1_i_GTGCCA_S49_R1_001	5.0	4.5	7.0	18.5	29.5	46.0	80.0	100.0	123.5	164.0	228.5	313.0	388.0	438.0	450.0	497.5	610.5	851.0	1252.0	2204.0	4118.5	5307.0	7817.5	14689.0	28320.5	49552.5	70744.5	90158.5	115101.0	129860.0	153745.5	205938.5	257176.5	298422.0	323573.0	318207.0	306005.0	305187.0	311023.5	301149.0	268500.5	228444.0	181428.0	158349.0	143559.0	115179.0	94130.0	83980.5	74974.5	59258.0	49857.0	44837.5	38315.0	38135.0	37019.0	35363.0	34884.5	33623.0	32641.0	26407.0	16498.0	9897.0	6020.5	3336.0	2584.0	2148.5	1514.0	1101.0	767.5	585.5	452.0	381.0	318.5	209.5	125.5	81.0	64.0	55.5	44.5	32.0	36.0	30.5	19.5	13.5	10.0	7.0	3.0	4.0	4.0	3.0	3.5	6.0	6.5	5.0	34.0	65.0	40.5	8.0	1.0	0.5	1.0
209176_HY5CNBGXT_TCDM_2_B07_C64_3_3_i_TCGAGG_S50_R1_001	10.0	10.5	16.0	22.0	34.0	63.0	98.0	115.0	151.0	198.0	259.0	354.5	411.0	483.5	545.0	586.0	691.0	934.0	1394.5	2463.5	4508.0	5765.0	8459.5	15795.0	29576.5	51180.0	73353.0	93997.0	117340.5	129750.0	147342.5	182851.0	216274.5	242027.5	256519.5	255951.5	251137.0	253149.0	262963.0	260187.0	238189.0	209550.5	180797.0	169262.0	160503.5	137797.0	117303.5	106241.5	94317.5	78643.5	70377.0	64233.5	56390.0	54832.5	53001.5	51370.5	49286.0	46859.0	45754.5	38374.5	26088.5	17540.5	12284.5	8314.5	7063.0	6452.0	5414.5	4593.0	3737.0	2851.5	2120.5	1814.0	1481.0	897.0	515.0	300.0	175.0	107.0	58.5	37.0	30.5	21.0	18.0	14.5	12.5	10.0	6.0	7.0	6.5	3.5	3.5	7.5	9.5	9.0	23.5	50.0	35.5	5.0	0.5	0.5	1.0
209177_HY5CNBGXT_TCDM_2_C07_C17_3_3_i_CACTAA_S51_R1_001	22.0	32.5	79.5	185.0	375.0	722.5	1316.5	1684.0	2165.0	3251.5	4442.5	5533.0	6359.5	6842.0	7003.0	7138.5	7240.5	7353.5	7761.0	8746.0	10999.0	12528.0	15448.0	23154.5	36156.5	55939.5	80463.0	104949.5	131271.0	146062.0	165228.5	208793.0	253452.5	290248.0	312089.5	315276.5	313156.0	311894.0	311440.5	295552.0	263927.5	230151.5	195658.5	180014.0	167790.0	142932.0	124617.0	115953.0	104644.5	86525.0	76731.0	69695.0	60494.5	58266.5	54810.0	47933.5	40308.5	36167.0	32974.0	25158.0	16384.5	10600.0	7125.5	4243.0	3201.0	2686.5	1919.5	1438.0	930.5	552.5	380.0	307.0	241.0	160.0	115.5	79.5	66.0	42.5	32.5	39.0	31.5	16.5	13.5	15.0	8.0	6.0	8.0	5.5	3.0	2.5	3.0	4.0	4.5	5.0	29.0	66.0	44.0	5.0	0.5	0.0	0.0
209178_HY5CNBGXT_TCDM_2_D07_X9_35_1_o_GGTATA_S52_R1_001	0.0	4.0	8.5	17.5	33.5	60.0	111.5	144.0	186.5	292.5	401.5	478.5	581.5	676.5	700.0	694.5	714.0	780.0	896.0	1181.0	1821.5	2252.0	3310.0	6080.5	11102.5	18850.0	26828.5	34529.5	43847.5	49005.0	55921.5	71242.0	86883.0	99601.5	106689.5	106608.5	104921.0	104432.0	104845.0	100340.5	90255.5	78224.5	63828.0	56784.0	51998.0	43147.5	36399.5	33131.0	30584.0	25031.5	21441.0	18977.0	15482.0	13787.0	12271.5	11499.5	11148.5	10718.0	10713.5	9152.0	6076.5	3858.5	2328.5	1258.0	1018.0	799.5	510.5	360.5	225.0	136.5	95.0	86.0	64.0	38.0	26.5	19.5	15.5	9.5	9.0	10.0	6.5	4.0	5.0	4.5	3.0	2.0	2.0	1.5	0.5	0.5	1.5	1.0	2.0	4.0	15.0	25.0	15.0	3.5	0.5	0.0	0.0
209179_HY5CNBGXT_TCDM_2_E07_X2_24_3_i_CGCCTG_S53_R1_001	188.0	261.5	420.5	702.0	1086.0	1459.0	2016.0	2388.0	2718.5	3357.5	4027.0	4818.5	5651.5	6588.5	7123.0	7783.0	9272.0	10784.0	12759.0	15477.0	18912.0	20921.0	24029.5	32187.0	44698.0	61098.0	79165.5	98622.0	120973.5	132998.0	146073.5	175515.0	210796.0	244757.0	270035.5	286274.0	292280.0	291509.0	294203.5	288206.0	269153.5	247040.0	225227.0	215938.0	201360.5	178174.5	165812.5	161214.0	161358.0	151563.5	140780.0	127352.0	103465.5	93215.5	92253.0	81732.5	59283.0	46183.0	38808.0	26798.5	18784.0	14480.5	12300.0	9456.0	7869.0	6824.0	5415.0	4519.5	3422.0	2696.5	2498.0	2459.0	2136.5	1501.5	958.5	597.5	367.5	210.0	114.5	77.0	61.5	50.0	51.5	47.0	38.0	26.0	21.0	26.0	23.5	12.5	7.0	7.5	16.5	23.0	39.0	58.0	37.0	12.0	11.5	19.5	27.0
209180_HY5CNBGXT_TCDM_2_F07_X2_24_2_o_AATGAA_S54_R1_001	29.0	42.5	94.0	236.0	527.5	1026.0	1858.0	2379.0	3025.0	4477.5	6073.5	7670.5	8905.0	9603.0	9874.0	9890.0	9774.5	9520.0	9391.0	9918.0	11569.0	12687.0	14950.0	21252.0	32703.5	48846.5	66132.0	84380.0	106595.5	119118.0	135153.0	168246.5	202631.5	232937.5	250601.5	253562.0	251838.0	256667.5	270162.0	273536.5	261937.0	235220.5	202329.0	189845.0	179502.5	161382.0	152597.0	152434.0	157092.0	159455.5	158005.0	146918.5	128527.0	133142.0	148871.0	146900.0	124472.0	107824.0	97600.0	73327.5	46931.5	31478.0	22575.0	13350.0	9922.0	8145.0	5826.5	4336.5	2368.5	1082.5	743.5	671.0	547.0	367.0	297.5	251.0	177.0	118.5	89.0	77.0	72.5	66.5	66.5	65.5	56.0	49.0	49.0	40.0	28.5	25.0	21.0	13.5	10.0	11.0	26.0	52.5	38.5	7.5	1.5	0.5	0.0
209181_HY5CNBGXT_TCDM_2_G07_X2_24_1_o_ACAACG_S55_R1_001	23.0	50.5	126.0	266.5	490.0	847.5	1531.5	1989.0	2457.0	3623.5	4927.5	6128.0	7274.5	8453.0	9080.0	9537.5	10576.0	11862.0	13836.5	17146.0	22509.5	25833.0	31130.5	44641.5	64790.0	91738.5	120983.0	150584.5	183573.5	201192.0	220016.5	263295.5	313823.5	358379.0	382765.5	384405.5	380141.0	380074.0	380063.0	363897.0	334660.0	296629.0	255866.5	240120.0	224046.0	195258.0	177815.5	169191.5	160389.5	143767.5	132052.0	119357.0	100976.0	91822.5	88650.0	77392.0	55817.0	45795.0	41645.0	32890.5	22824.0	16522.5	12888.5	8020.0	5946.0	4832.5	3447.0	2768.0	1794.5	1063.0	856.5	815.0	706.0	503.0	347.5	255.0	180.0	117.5	77.0	55.0	50.0	46.5	39.0	38.0	40.0	31.5	29.0	28.5	27.0	22.0	14.0	9.0	12.0	16.0	52.0	82.5	48.5	10.5	1.0	0.5	0.0
209182_HY5CNBGXT_TCDM_2_H07_X10_39_2_i_ATATCC_S56_R1_001	15.0	30.5	72.0	136.5	231.0	396.0	666.0	827.0	1044.5	1530.5	2102.5	2729.5	3369.5	4101.5	4517.0	4977.0	5923.5	7015.5	8554.0	10838.5	14403.5	16617.0	19551.0	27760.0	42760.0	63204.0	83627.0	104407.5	131628.5	147773.0	169127.5	212323.5	254464.0	288159.5	311447.5	325339.0	329339.0	333178.5	342416.5	333118.0	304045.0	274972.0	247460.5	234646.0	217922.0	189269.0	173830.5	165509.5	155251.5	137892.0	125979.0	113661.5	95508.5	87857.5	82531.5	69480.5	50374.0	40808.0	35072.5	24875.0	16836.5	12069.5	9628.0	7028.5	5680.0	4820.5	3573.0	2774.0	1850.5	1180.5	1000.0	977.0	882.0	644.5	429.5	285.5	179.0	110.5	63.0	49.0	45.0	37.5	30.5	24.0	23.5	25.0	24.0	18.5	10.5	7.0	6.0	8.0	10.5	11.0	35.5	73.0	48.5	7.0	1.5	0.0	0.0
209183_HY5CNBGXT_TCDM_2_A08_X2_24_3_o_AGTACT_S57_R1_001	14.0	19.0	52.5	114.5	216.5	416.0	738.5	930.0	1199.5	1745.5	2434.0	3290.0	4108.5	5019.0	5555.0	6204.5	7554.0	9289.5	11686.5	15618.0	21808.0	25428.0	31263.5	45763.5	66873.5	96599.0	130218.5	163444.5	201450.5	222570.0	245641.5	298546.5	361820.0	420027.0	457305.0	469894.0	469972.0	476818.0	491876.0	487431.0	461044.5	415951.0	363384.5	342182.0	319492.5	280192.5	260364.5	253211.5	236763.5	204092.0	183933.0	166219.5	146218.0	139339.5	133064.0	112899.5	80906.0	67392.0	60226.5	45509.0	30307.5	20362.0	14460.0	8307.0	5760.0	4632.0	3124.5	2375.0	1581.5	1005.5	741.0	629.0	552.5	430.0	310.0	195.0	127.5	77.0	48.5	44.0	38.0	24.5	26.5	25.5	15.5	18.5	21.0	16.5	9.5	9.0	9.0	8.5	9.5	9.0	53.5	102.5	66.5	15.5	2.5	0.0	0.0
209184_HY5CNBGXT_TCDM_2_B08_X2_24_2_i_ATAAGA_S58_R1_001	188.0	254.0	477.0	818.5	1409.5	2278.5	3572.5	4404.0	5216.5	6938.5	8887.5	10929.5	12646.0	14014.0	14668.0	15263.0	16189.5	16834.5	17692.0	19342.0	21537.0	22626.0	24653.5	29844.5	38726.0	51609.0	65715.5	79747.0	97096.5	107356.0	119981.5	146376.5	174151.0	199924.5	220106.5	234585.0	240650.0	240882.5	245866.0	244005.5	231415.5	216185.0	199489.0	192045.0	179440.5	161023.5	153393.0	151655.0	154211.0	146067.5	135448.0	123354.5	102200.0	94509.5	94663.5	82132.5	57767.5	44717.0	37252.5	25787.5	18572.5	14428.5	12491.5	9628.0	7772.0	6624.0	5081.0	4208.0	3221.0	2627.0	2538.5	2535.0	2224.0	1581.5	942.0	481.5	262.0	149.5	86.5	69.0	56.5	48.5	52.0	46.5	33.0	26.5	29.0	30.5	26.5	18.0	13.0	10.0	8.5	8.0	28.0	56.0	36.5	6.0	1.5	0.5	1.0
209185_HY5CNBGXT_TCDM_2_C08_X10_39_3_o_GGTGAG_S59_R1_001	16.0	12.0	18.0	29.0	55.0	97.5	165.5	216.0	259.0	382.5	551.5	751.0	1029.0	1444.5	1693.0	1977.0	2654.5	3714.0	5011.5	6970.0	10157.0	12017.0	14781.5	21927.5	34227.0	53211.5	73904.5	93620.0	119094.5	134480.0	153461.5	195877.0	238483.5	273498.0	301575.0	316661.0	319512.0	323793.0	331703.0	320401.5	292033.0	260791.5	226921.0	210854.0	194738.0	167524.5	151767.5	142695.5	131229.5	111879.5	99583.0	88819.5	73258.5	66148.0	60463.0	50108.0	37253.5	31382.0	27703.0	20514.5	13769.0	9060.5	6293.0	4103.5	3209.0	2653.0	1856.0	1402.5	1021.0	701.5	520.0	489.0	430.0	324.0	224.5	152.5	113.0	65.5	40.0	42.0	35.0	23.5	16.5	12.0	8.0	5.0	4.0	3.5	4.5	4.0	3.5	5.0	11.0	17.0	36.5	68.0	44.0	4.5	0.5	0.0	0.0
209186_HY5CNBGXT_TCDM_2_D08_X10_39_2_o_TTCCGC_S60_R1_001	2.0	8.5	19.5	26.5	45.0	81.0	137.0	173.0	222.5	370.0	531.5	713.5	954.5	1279.0	1481.0	1759.0	2410.0	3421.0	4795.0	6965.5	10657.5	12915.0	16357.5	25539.5	41907.5	65240.5	88676.0	111376.5	140952.0	158558.0	182931.0	235236.0	284635.0	321960.0	350072.0	365343.0	368360.0	370951.0	378313.0	359850.0	317866.5	278807.5	242521.5	226545.0	208490.5	176761.5	156055.0	143225.5	130953.5	111055.5	97632.0	85247.0	67748.0	58561.5	50725.0	41124.0	31004.0	26721.0	23719.0	17740.0	12035.0	8118.0	5910.5	4046.5	3201.0	2701.0	2022.0	1588.5	1106.0	717.5	478.0	399.0	347.0	242.0	166.0	132.5	94.5	59.5	46.0	40.0	34.5	22.0	14.0	10.5	8.5	6.0	3.0	3.5	4.0	3.0	4.0	6.0	8.5	11.0	33.0	70.5	49.5	8.0	1.5	0.0	0.0
209187_HY5CNBGXT_TCDM_2_E08_X2_24_1_i_GAAGTG_S61_R1_001	11.0	22.5	51.0	83.5	171.5	286.0	449.0	570.0	674.5	891.0	1184.0	1593.5	2012.5	2523.0	2843.0	3269.0	4180.5	5380.5	7025.0	9543.0	13303.5	15476.0	19014.0	28321.0	43037.5	63795.0	86854.0	109722.0	137282.5	153224.0	171661.0	213036.0	261512.5	309052.5	346201.0	365097.0	368846.0	368682.0	374885.5	366607.0	337403.0	299949.0	259719.0	242385.0	222148.5	188439.5	168747.5	160524.5	150628.0	125811.5	108888.0	93999.0	68661.5	50737.0	39270.0	30397.0	22271.5	19028.0	16702.0	12131.0	8201.0	5548.0	3910.5	2737.0	2233.0	1838.0	1267.0	974.5	747.5	537.5	425.0	412.0	340.0	236.0	165.0	102.5	71.5	44.0	18.5	13.0	13.0	10.5	6.5	7.0	6.0	4.5	6.0	3.0	1.5	3.0	2.5	5.0	13.0	18.0	42.5	77.0	48.0	5.5	1.0	0.0	0.0
209188_HY5CNBGXT_TCDM_2_F08_X10_39_3_i_CAATGC_S62_R1_001	103.0	136.0	248.5	434.0	757.5	1121.0	1660.0	2053.0	2426.5	3267.5	4202.5	5215.0	6322.5	7477.5	8070.0	9033.0	10622.0	12358.0	14503.0	17100.5	20613.0	22563.0	25604.0	33407.0	47071.0	66386.5	85973.5	104415.0	128623.0	143563.0	162414.5	202346.5	240933.0	270965.0	293505.0	307012.0	310505.0	312276.0	317492.5	305527.0	275787.5	249659.0	226451.0	215043.0	200093.0	173819.5	157412.5	147419.0	136576.5	119351.5	108059.0	96702.5	78125.0	68039.0	62125.5	52093.0	37413.5	29718.0	25469.0	18028.0	12620.5	9456.0	7797.5	6034.0	4980.0	4320.5	3482.0	2919.5	2098.0	1516.5	1329.0	1285.0	1131.5	818.0	549.0	359.0	212.5	110.0	66.0	59.0	48.0	31.5	27.0	28.0	24.0	17.5	15.0	13.5	11.5	9.5	4.0	5.0	11.0	12.0	40.0	69.5	39.5	4.0	0.0	1.5	3.0
209189_HY5CNBGXT_TCDM_2_G08_X5_36_3_i_ACGTCT_S63_R1_001	6.0	10.0	17.0	35.5	71.0	113.0	185.0	235.0	320.0	470.5	644.5	863.5	1109.5	1387.0	1529.0	1783.0	2441.0	3540.5	5186.0	8188.5	12830.5	15420.0	20370.0	32224.5	50867.5	75787.5	102450.5	132077.0	165915.5	183609.0	200255.0	239052.0	283107.0	320347.5	340972.0	347415.5	348571.0	345151.0	338223.0	322385.0	295407.0	258132.5	219894.0	204282.0	191105.5	166302.5	151064.5	142175.5	131335.5	117941.5	110110.0	103151.5	96331.5	99404.0	100443.5	93393.5	77249.5	66261.0	58642.5	42781.0	28074.5	21708.5	22403.0	21436.0	19872.0	16758.0	12601.0	9301.0	4645.0	1685.5	940.0	755.0	644.0	476.0	424.5	353.5	223.5	137.5	80.0	55.0	47.0	31.5	21.5	18.0	13.5	8.5	7.0	5.5	5.0	4.5	4.5	8.0	13.5	17.0	36.5	68.0	45.5	7.0	2.0	0.5	0.0
209190_HY5CNBGXT_TCDM_2_H08_C64_4_2_i_CAGGAC_S64_R1_001	5.0	6.0	12.0	30.0	65.5	121.5	206.0	257.0	336.5	525.5	740.0	978.0	1236.0	1433.5	1506.0	1626.5	1974.5	2736.5	4047.5	6769.5	11299.5	13884.0	19157.5	32280.0	51311.5	76618.5	104110.0	133661.5	168500.5	187155.0	207572.5	252193.5	299162.0	339447.0	365412.5	367245.5	360633.0	365670.0	379151.0	374978.0	347627.5	307579.0	267285.5	252307.0	235308.5	200445.5	180272.0	174029.5	161301.5	142800.0	133093.0	124885.5	122468.5	128905.0	131565.0	122341.5	93411.0	75718.0	69495.0	56369.5	40621.5	30392.0	25899.5	20036.5	17282.0	14587.5	11084.0	8349.5	4266.0	1622.0	951.0	766.0	627.5	448.0	405.0	329.0	229.0	156.0	86.0	63.0	55.0	40.0	34.5	28.5	17.5	12.5	11.0	9.0	9.5	11.5	8.5	7.0	11.5	15.0	45.0	83.0	52.5	8.0	2.5	1.5	0.0
209191_HY5CNBGXT_TCDM_2_A09_C64_4_3_i_AAGCTC_S65_R1_001	9.0	15.5	29.0	63.0	126.5	229.0	372.0	449.0	628.5	958.0	1252.5	1591.5	1943.0	2275.0	2450.0	2516.0	2731.5	3118.0	3932.0	5554.0	7939.5	9280.0	12092.5	19261.5	31065.0	48522.5	68388.0	90632.0	118909.5	134798.0	154253.5	196058.5	235808.0	267851.5	293541.0	306990.0	309393.0	312787.5	324561.5	326366.0	310068.0	285310.0	259020.5	247766.0	233489.5	204378.5	188271.0	185681.0	173624.5	150451.5	138018.0	127445.5	117965.0	121235.0	121195.5	104443.0	76271.0	62634.0	54962.0	40762.5	28169.0	19887.0	15735.0	12131.5	10464.0	9195.0	7569.0	6304.5	4214.5	2530.5	1712.0	1395.0	1218.5	916.0	727.5	612.5	455.0	270.5	138.5	86.0	79.0	63.5	46.0	35.0	29.0	20.0	15.0	17.5	16.0	9.0	4.5	6.0	13.5	18.0	45.0	96.0	64.5	5.5	1.5	1.0	1.0
209192_HY5CNBGXT_TCDM_2_B09_X5_36_2_i_GACGAT_S66_R1_001	6.0	8.0	22.5	58.0	115.5	209.5	358.5	448.0	615.5	933.5	1307.0	1759.0	2303.5	2958.5	3298.0	3669.5	4604.0	5881.0	7760.0	10972.0	15349.0	17679.0	22092.0	32893.5	49630.5	73015.0	99518.5	128096.5	161404.0	179601.0	197993.0	240366.5	286567.5	326487.5	350298.0	356071.5	355735.0	354071.0	351457.5	340768.5	317681.0	284269.0	248742.0	233279.0	218661.5	193872.5	182702.0	180227.5	171034.5	152516.5	141716.0	132349.5	123454.0	127335.5	130281.0	115768.5	88074.0	74427.0	64308.0	45850.5	30862.5	22819.5	20717.5	18061.0	16113.0	13845.0	10921.5	9022.5	5892.0	3294.0	2308.5	2034.0	1726.5	1204.0	938.5	765.5	519.0	290.5	137.5	89.0	78.5	60.5	45.0	33.5	24.0	28.0	38.0	27.0	17.0	15.0	11.0	8.0	12.0	18.0	51.5	94.5	60.5	12.0	3.5	0.0	0.0
209193_HY5CNBGXT_TCDM_2_C09_C64_4_1_i_TCGTTC_S67_R1_001	566.0	404.5	273.5	425.0	785.0	1194.0	1668.5	1973.0	2303.0	2973.0	3717.0	4612.5	5529.5	6612.5	7270.0	7997.5	9441.0	10924.0	13109.5	16129.5	19030.5	20330.0	22618.0	28871.5	37970.0	49086.0	61026.0	72592.5	84991.5	91781.0	99041.5	116231.0	131583.0	139602.5	147058.0	151679.5	151442.0	151502.0	153293.5	154581.5	152414.5	146461.5	141273.0	140314.0	131957.5	125455.5	128885.0	135947.0	157092.0	179179.5	185609.0	182911.0	170101.5	178760.5	186987.5	155786.5	112710.0	90291.0	78405.5	63915.5	62685.0	73659.5	90950.5	88088.5	77536.0	65236.0	49969.5	41725.5	26974.5	13592.0	8550.0	7417.0	6513.5	5277.0	5158.0	4854.0	3376.5	1776.0	827.5	520.0	386.5	205.0	140.0	102.5	84.0	77.0	68.0	65.0	52.5	38.5	29.0	19.5	14.0	13.0	26.0	53.5	40.5	9.0	3.5	1.5	1.0
209194_HY5CNBGXT_TCDM_2_D09_C14_4_3_o_CCAATT_S68_R1_001	62.0	71.5	134.0	273.0	496.0	904.5	1506.5	1837.0	2348.5	3351.5	4519.5	5848.5	7025.5	8300.5	9051.0	9804.0	11460.5	13322.0	15913.0	19690.0	24215.0	26596.0	31022.0	42472.0	59186.5	81781.0	108327.0	135154.5	164667.5	180995.0	200058.5	244074.5	288856.5	323524.0	351612.0	367966.5	371071.0	371124.5	372549.0	363283.0	340659.5	311265.5	281593.0	269328.0	251539.0	220125.0	204554.0	201272.0	190550.5	168305.5	155446.0	144977.0	133181.5	134889.0	133587.0	112413.0	80362.5	65150.0	56955.5	42553.5	31233.5	25133.0	23156.5	19461.5	16755.0	14641.5	12295.0	10810.5	7481.0	4608.5	3374.0	2934.0	2662.0	2082.5	1740.5	1467.0	986.0	552.0	259.0	158.0	141.5	114.0	89.5	62.0	41.5	37.5	40.0	39.0	27.5	17.5	14.5	9.5	12.5	17.0	53.5	99.5	63.5	10.5	1.5	0.5	1.0
209195_HY5CNBGXT_TCDM_2_E09_C64_4_2_o_AGTTGA_S69_R1_001	4.0	8.0	22.5	40.5	87.0	158.0	269.5	349.0	468.0	726.0	996.5	1263.5	1536.0	1936.0	2199.0	2392.5	3000.0	4010.0	5560.0	8389.5	12244.5	14224.0	18027.0	28378.0	44834.0	68006.5	94969.5	123211.5	156881.0	176007.0	199174.5	252026.5	303542.0	342719.5	374400.0	393371.0	398008.0	398851.0	402038.0	392492.5	364935.5	329571.0	295087.0	280300.0	260256.0	220489.0	194275.0	182746.5	164301.0	135390.5	119888.0	111515.5	102934.0	106526.5	105109.0	92536.5	75821.0	66459.0	59164.5	43839.5	28728.0	19027.0	14359.5	10600.0	8888.0	7590.0	5766.5	4504.5	3028.5	1918.0	1315.5	1084.0	955.0	708.5	538.5	420.5	295.0	187.5	101.5	63.0	60.5	48.0	35.0	29.5	22.0	16.5	16.0	11.0	6.0	8.0	6.0	8.0	16.5	19.0	62.5	113.0	66.0	8.0	2.0	0.0	0.0
209196_HY5CNBGXT_TCDM_2_F09_C64_4_1_o_AACCGA_S70_R1_001	5.0	14.0	31.5	80.5	169.0	355.0	656.5	820.0	1078.5	1673.5	2329.5	2959.5	3523.0	3954.5	4133.0	4230.0	4414.0	4675.5	5132.5	6214.0	8177.5	9342.0	11911.0	18510.5	28375.5	41838.5	57470.0	74612.5	94374.5	104997.0	118047.5	146728.0	175705.0	197862.0	216628.0	227679.0	228774.0	231307.0	238695.5	241635.5	233001.5	215569.5	197462.5	190069.0	180292.5	158866.5	142066.0	132512.5	121630.0	108905.5	102661.0	103978.0	109812.5	124870.0	127014.0	118217.0	107461.0	97106.0	89050.5	66727.5	40266.5	24411.5	17264.5	12079.5	10380.0	9092.5	7091.5	5463.0	3796.5	2595.5	1801.0	1456.0	1235.5	809.5	506.5	337.5	215.0	141.5	95.0	71.0	61.0	57.5	57.0	41.5	29.5	22.5	19.0	16.0	11.0	7.0	5.5	4.0	7.0	12.0	32.0	60.5	40.5	7.5	1.5	0.0	0.0
209197_HY5CNBGXT_TCDM_2_G09_X5_36_1_i_CAGATG_S71_R1_001	11.0	10.0	17.5	32.0	62.0	141.5	227.0	257.0	343.5	536.0	770.0	973.5	1129.5	1246.0	1282.0	1400.0	1651.5	2087.0	2849.5	4577.0	7843.5	9843.0	13219.5	21884.0	35165.5	52479.5	72113.0	94072.5	117359.0	128999.0	141075.0	169749.0	201106.0	225225.0	237431.0	238741.0	237205.0	239650.5	243989.5	240863.5	225432.5	198364.0	170219.0	158731.0	147642.0	127393.5	114231.5	105750.0	95937.5	87761.5	84919.0	86402.5	95363.5	120208.0	133813.0	136840.0	133314.5	123000.0	111425.5	81426.0	47576.0	27649.5	19136.0	12885.0	10646.0	8944.0	6441.0	4653.0	2894.0	1789.0	1238.5	1021.0	926.0	718.0	544.5	398.0	248.5	141.0	82.5	68.0	48.5	35.0	39.0	28.5	16.5	9.5	6.0	7.5	7.5	5.5	3.5	4.5	10.0	13.0	44.5	73.0	40.0	6.5	1.5	0.0	0.0
209198_HY5CNBGXT_TCDM_2_H09_X5_36_2_o_GTAGAA_S72_R1_001	17.0	22.0	40.5	101.0	198.5	349.0	601.5	754.0	1021.0	1495.0	1989.5	2561.0	3240.5	4051.5	4467.0	4969.0	6030.0	7542.5	9525.0	12898.5	18113.5	20984.0	25622.5	37679.5	56020.5	80618.5	109127.5	139163.0	173319.5	192274.0	210035.0	251827.5	297984.5	336174.0	358252.5	364682.0	365097.0	364214.0	361552.0	348506.5	323855.5	289804.5	252144.5	235151.0	219130.5	190097.5	173550.5	164527.5	149728.5	130482.5	120547.0	116886.5	117433.0	131109.0	135860.0	123215.0	102097.5	88907.0	78977.5	58518.0	38457.0	25703.5	19522.0	14038.5	11514.0	9814.0	7464.5	5757.0	3624.5	2169.5	1517.5	1246.0	1133.5	909.0	720.0	535.0	357.0	214.5	104.0	66.0	58.5	46.0	38.0	37.0	28.0	12.0	7.0	6.5	8.5	9.5	10.0	10.5	13.0	17.0	59.0	111.0	68.5	10.5	3.0	0.5	0.0
209199_HY5CNBGXT_TCDM_2_A10_A03_4_2_i_GACATC_S73_R1_001	12.0	17.5	29.5	59.5	111.5	222.0	424.0	544.0	687.0	995.5	1334.0	1688.5	2117.0	2593.5	2823.0	3082.0	3722.5	4686.5	6260.5	9137.5	13116.0	15209.0	19178.5	29701.5	48521.0	76475.0	103994.5	129372.5	162076.0	181233.0	203563.0	254138.5	305422.5	349078.5	378677.5	379398.5	371138.0	366404.0	360854.5	344833.5	313696.0	278038.5	241601.5	224890.0	208860.0	180976.5	163374.5	153525.0	140765.5	119356.0	106605.0	95868.0	81369.0	76245.5	72480.0	64831.5	53730.0	47873.0	42414.5	30946.0	20173.5	13333.0	9626.5	6691.5	5385.0	4650.5	3501.0	2710.0	1935.0	1324.0	962.0	812.0	694.0	476.5	349.5	263.5	154.5	92.0	66.0	52.0	47.5	39.0	35.0	26.5	15.0	12.5	13.0	10.0	9.0	10.5	9.0	8.0	12.5	17.0	46.0	86.5	57.5	10.0	1.5	0.0	0.0
209200_HY5CNBGXT_TCDM_2_B10_A03_4_3_o_CGATCT_S74_R1_001	6.0	9.0	15.0	24.0	44.0	90.0	182.0	242.0	331.0	448.0	588.5	780.0	896.0	990.0	1047.0	1080.5	1182.0	1375.5	1785.0	2681.5	4774.0	6254.0	9177.0	17064.0	31349.0	52068.0	72136.5	91256.5	114055.0	126404.0	142028.0	174612.0	208724.0	239269.0	257415.0	257397.5	252627.0	253248.5	255183.5	250155.5	236225.5	215462.5	190283.0	178278.0	168592.0	149215.0	132203.0	120922.0	112493.0	101127.0	94230.0	90408.0	88256.0	97597.0	107641.0	122734.0	131980.0	128506.0	122726.0	97794.0	58960.5	32606.5	19475.0	10011.0	7006.0	5658.5	3730.0	2743.0	1968.0	1393.0	1030.0	873.0	703.0	426.0	267.5	186.0	142.5	106.0	77.5	72.0	63.0	57.0	52.0	37.0	26.5	21.0	19.0	14.5	8.0	6.5	7.0	5.0	10.0	17.0	42.0	70.5	40.0	5.5	2.5	0.0	0.0
209201_HY5CNBGXT_TCDM_2_C10_A27_4_1_i_CGTCGC_S75_R1_001	7.0	4.0	3.0	6.5	21.0	40.0	57.5	69.0	76.5	96.0	147.0	234.0	320.0	426.0	494.0	599.0	879.0	1433.5	2305.5	3909.0	6392.0	7764.0	10247.5	16817.0	27529.5	42812.0	60091.0	78986.5	102219.5	115180.0	129702.5	160984.5	192581.5	215822.5	229802.5	237432.5	239486.0	244449.5	256493.5	253674.5	235625.5	218321.0	198664.5	188163.0	176868.0	155608.0	143062.0	137349.5	129679.0	120299.5	115459.0	109284.5	102097.0	108383.5	115599.0	108387.5	89894.0	78528.0	71403.0	55375.0	38320.5	26904.0	19453.0	13037.5	10808.0	10047.0	8985.5	7844.5	6037.0	4368.5	3225.0	2783.0	2354.5	1601.0	1096.0	769.0	495.0	275.5	161.5	140.0	120.5	83.5	70.0	68.0	49.0	33.5	31.0	27.5	20.5	17.5	14.0	14.0	16.5	15.0	37.5	67.0	48.0	17.0	14.0	19.5	23.0
209202_HY5CNBGXT_TCDM_2_D10_A27_4_1_o_ATGGCG_S76_R1_001	1.0	3.5	4.5	6.0	10.5	11.5	20.0	29.0	28.5	37.0	62.0	75.5	92.5	105.5	99.0	116.5	153.0	190.5	270.5	437.5	811.5	1080.0	1626.5	3178.5	6088.5	10905.0	16553.5	22037.0	27965.5	31147.0	34908.5	41878.5	48246.0	53158.0	55560.0	57130.0	58051.0	59252.5	62000.0	62327.0	60088.5	56866.5	52483.5	50303.0	48331.0	44281.0	40483.5	38018.0	35925.0	32732.0	30886.0	29126.0	27140.5	29470.0	35714.0	50834.5	67064.5	71863.0	77532.0	71551.0	47394.0	28954.5	16141.0	7395.0	5530.0	4913.5	3590.5	2430.0	1635.5	1050.0	654.0	503.0	415.5	243.5	133.0	70.0	28.5	23.0	20.0	18.0	15.5	11.5	10.5	9.5	7.5	6.0	5.0	3.0	2.5	3.0	2.0	1.0	1.0	2.0	7.5	15.0	9.0	0.5	0.0	0.0	0.0
209203_HY5CNBGXT_TCDM_2_E10_A27_4_2_o_ATTGGT_S77_R1_001	11.0	16.5	38.0	79.5	171.5	293.0	441.5	535.0	683.0	1019.5	1440.5	2025.5	2749.5	3588.5	4056.0	4668.5	6043.0	7866.5	10135.0	13130.0	17436.0	19954.0	23763.5	33844.0	49187.0	70595.5	96070.5	123205.0	153982.5	170764.0	188505.0	229038.0	274675.5	313563.0	339491.5	354233.0	359088.0	363954.5	374273.5	370097.0	348716.0	318752.0	283644.0	266748.0	251388.0	225669.0	215049.5	213056.0	202082.0	181285.0	169729.0	159574.0	146174.5	144296.0	141530.0	123558.5	94567.5	79416.0	70885.5	54534.5	39073.0	27858.5	20387.0	13485.0	10481.0	8937.5	6927.0	5765.5	4215.5	2898.5	2161.5	1886.0	1675.5	1267.5	1006.0	819.5	574.5	346.0	193.0	146.0	120.0	97.5	90.0	69.5	57.5	54.0	53.0	47.0	32.0	24.0	19.5	18.5	24.5	26.0	68.0	120.5	75.0	12.0	3.0	0.5	0.0
209204_HY5CNBGXT_TCDM_2_F10_X4_24_1_o_GCCACA_S78_R1_001	10.0	17.0	28.0	52.5	115.5	223.0	394.5	501.0	672.5	1015.0	1387.0	1806.5	2274.5	2719.0	2914.0	3194.0	3813.0	4730.5	6106.5	8380.0	12007.5	14159.0	18045.5	27874.5	42763.0	63603.0	87978.0	113275.5	140272.5	154453.0	170769.5	208834.5	251394.0	288844.5	316718.5	328947.5	329942.0	328406.5	331667.0	329802.5	314298.0	285207.0	251771.5	238583.0	224941.0	199300.5	184538.0	178407.0	166060.5	147304.5	137528.0	129125.0	120630.5	124245.5	125974.5	115284.0	96950.5	87330.0	80045.0	62715.0	42907.5	29253.0	21118.5	14076.0	11276.0	9713.5	7213.5	5399.5	3530.0	2133.5	1462.0	1194.0	1029.5	750.0	583.0	455.0	296.5	174.5	107.5	80.0	67.0	44.5	41.5	39.0	27.5	24.5	24.0	18.0	15.5	14.0	7.0	5.5	8.5	11.0	47.0	92.5	65.0	14.5	0.5	1.0	2.0
209205_HY5CNBGXT_TCDM_2_G10_A27_4_2_i_CATCTA_S79_R1_001	15.0	20.5	38.5	88.5	186.0	370.5	717.0	939.0	1187.5	1788.5	2496.0	3249.0	4007.0	4666.5	4966.0	5172.0	5810.0	6873.5	8137.5	10198.0	13747.5	15869.0	19104.5	27810.0	41929.0	63448.0	89009.5	116706.5	150563.0	169414.0	190459.5	237235.5	287797.0	329079.0	354832.5	368248.5	372362.0	379758.5	397661.0	395564.0	369528.5	336593.0	296749.0	276408.0	256599.0	221879.0	204523.5	197390.0	180734.0	154941.5	141116.0	130881.5	119681.0	119805.0	117571.0	104887.5	85576.5	75625.0	68258.0	52718.0	36297.0	24386.0	16805.5	10398.5	7909.0	6694.0	4881.0	3739.5	2622.0	1745.5	1218.5	994.0	853.0	595.0	431.0	333.0	228.0	140.0	86.5	67.0	63.0	52.0	41.0	29.0	17.5	16.5	19.0	13.5	9.0	10.5	10.5	8.0	9.0	12.0	47.0	95.5	65.5	13.0	2.5	0.5	0.0
209206_HY5CNBGXT_TCDM_2_H10_A27_4_3_i_AACAAG_S80_R1_001	45.0	79.0	181.5	370.0	757.0	1442.5	2537.5	3214.0	4035.5	5922.0	8148.5	10227.5	11874.5	13266.5	13929.0	14401.5	14996.5	15875.5	17061.0	18763.5	21823.0	23609.0	26798.0	35210.5	49267.0	69372.5	92870.0	117961.0	147350.5	163874.0	181908.0	221308.5	263071.5	296631.0	316637.0	326593.0	329706.0	334587.0	348263.0	346544.0	325676.0	300181.5	270134.5	255228.0	239585.0	212262.0	201449.5	200965.5	190601.0	171570.5	161553.0	151751.0	140837.0	143552.5	145306.0	130918.5	103944.5	89284.0	79521.0	59982.5	40930.5	27932.0	19495.5	11771.5	8762.0	7413.0	5755.0	4814.0	3433.5	2253.0	1645.0	1469.0	1285.0	943.5	723.5	586.0	418.5	258.0	158.0	126.0	118.5	99.0	87.0	75.0	64.5	61.5	57.0	53.0	42.5	34.0	22.5	13.5	17.0	20.0	48.5	85.0	56.5	12.0	2.5	1.0	1.0
209207_HY5CNBGXT_TCDM_2_A11_X4_24_2_o_GCAGCC_S81_R1_001	3.0	4.0	13.5	30.0	51.0	75.5	129.5	172.0	204.0	293.5	425.0	571.5	699.0	930.5	1107.0	1264.5	1691.0	2526.0	3919.0	6401.5	10144.5	12232.0	16196.5	26941.5	44249.0	69270.5	98050.0	127925.0	163327.0	183139.0	206828.5	261527.0	321432.0	371878.5	406052.0	414612.5	410550.0	405959.0	399578.5	377867.0	337168.5	287837.0	237133.5	214985.0	195550.0	160617.5	137812.5	127461.5	111222.5	84668.5	71310.0	62305.5	47614.5	36756.0	28284.0	21333.0	15397.0	13112.0	11846.0	9192.0	6730.5	5013.5	3901.5	3010.5	2588.0	2339.0	1892.5	1504.0	1133.5	781.5	508.5	408.0	329.5	204.5	126.0	69.0	33.0	19.5	14.5	12.0	9.5	5.5	4.0	3.5	3.0	4.0	5.0	4.0	3.0	2.0	4.0	6.0	7.5	10.0	44.5	96.0	64.5	10.5	4.5	11.5	19.0
209208_HY5CNBGXT_TCDM_2_B11_X4_24_1_i_ACTCTT_S82_R1_001	5.0	5.5	18.5	46.5	82.5	175.0	328.5	410.0	518.5	761.0	1052.0	1305.5	1549.5	1783.0	1869.0	2078.0	2565.0	3613.0	5392.5	9031.5	14391.0	17121.0	23003.5	37781.0	61747.5	96288.0	133369.0	172174.5	217873.5	242379.0	269030.5	325923.0	389903.5	446697.0	474213.0	458785.5	438896.0	425998.5	406574.0	366653.5	302414.0	242823.5	192337.5	170596.0	150415.0	116261.5	98514.0	93056.0	78231.5	52072.0	39054.0	31472.0	19871.5	13373.0	9804.5	7326.0	5115.0	4294.0	3817.5	2930.5	2164.0	1553.5	1083.0	740.5	614.0	498.5	326.5	235.0	161.0	104.0	65.5	45.0	34.5	20.0	11.5	7.0	5.0	3.0	3.0	3.0	3.5	2.0	0.5	1.5	1.5	1.0	1.0	1.0	2.0	2.5	3.5	6.5	15.0	22.0	53.0	96.5	59.0	7.0	2.5	0.0	0.0
209209_HY5CNBGXT_TCDM_2_C11_X5_36_3_o_TGCTAT_S83_R1_001	1.0	3.0	7.0	13.0	18.5	28.0	45.5	55.0	66.5	81.5	102.0	125.0	149.5	164.0	160.0	165.0	169.5	176.0	176.0	170.0	192.5	214.0	219.0	258.0	365.0	510.5	672.5	832.0	1035.5	1169.0	1316.5	1589.5	1860.0	2110.0	2243.0	2271.5	2272.0	2257.5	2247.0	2231.5	2185.5	1969.5	1702.0	1624.0	1489.5	1294.0	1215.5	1149.0	1073.0	982.0	918.0	841.5	826.0	984.0	1188.5	1481.0	1540.0	1414.0	1347.0	1079.5	679.0	397.0	235.0	114.0	73.0	61.5	43.0	27.0	18.5	15.0	8.5	6.0	4.0	1.5	0.5	1.0	1.5	0.5	0.0	0.0	0.0	0.0	0.0	0.0	0.0	0.0	0.0	0.0	0.0	0.0	0.5	0.5	0.0	0.0	0.0	0.0	0.5	0.5	0.0	0.0	0.0
209210_HY5CNBGXT_TCDM_2_D11_X4_24_2_i_AAGTGG_S84_R1_001	7.0	7.5	10.5	14.0	31.5	62.0	93.5	111.0	153.5	230.0	319.0	414.0	501.0	606.0	664.0	763.0	968.5	1411.0	2275.0	4094.5	7023.0	8660.0	11873.0	20196.5	33618.0	53188.0	75198.0	97702.5	123370.5	137285.0	154468.0	191816.5	229857.0	259641.5	277009.0	277469.5	272472.0	274316.0	282861.5	281613.0	262918.5	230944.0	195665.5	181617.0	168606.0	143829.0	127996.0	120829.5	112461.5	98677.0	90161.0	81128.0	68189.5	67294.0	67586.5	62382.5	53520.5	47145.0	43084.0	32796.0	21229.5	14043.0	9761.0	5962.5	4599.0	3885.0	2830.5	2138.0	1458.5	940.0	630.5	512.0	406.0	248.0	176.0	121.5	76.5	47.0	28.0	28.0	27.0	25.0	23.0	22.0	16.5	11.5	12.0	12.5	8.5	2.5	2.5	4.5	12.0	19.0	35.0	61.0	40.0	5.0	0.5	0.0	0.0
209211_HY5CNBGXT_TCDM_2_E11_X4_24_3_o_CTCATA_S85_R1_001	28.0	43.5	85.0	169.5	309.0	544.0	969.0	1240.0	1564.0	2260.0	2984.5	3739.5	4482.0	5246.5	5671.0	6130.0	6898.0	8014.0	9801.5	12473.5	16082.0	17999.0	21748.0	31380.5	46755.5	68665.5	92763.5	117299.5	145328.0	160500.0	178348.5	220917.0	269288.0	310445.0	341178.5	356073.5	357741.0	355644.5	354753.5	342081.0	313974.5	278603.5	242488.0	227515.0	211133.0	181327.0	162744.0	154279.5	141146.5	118641.0	105963.0	96612.5	82643.5	77011.5	71820.5	61268.0	48454.0	42015.0	37181.0	27622.5	18435.5	12174.0	8367.5	4943.5	3527.0	2918.5	2039.0	1475.5	958.0	594.5	415.5	375.0	303.5	208.0	159.5	111.5	67.5	38.5	25.0	20.0	23.0	23.5	19.5	17.5	18.0	13.5	8.0	8.0	7.0	5.5	5.5	8.0	15.0	20.0	39.5	72.0	48.5	7.5	1.5	0.0	0.0
209212_HY5CNBGXT_TCDM_2_F11_BLANK_AATCCG_S86_R1_001	0.0	1.5	4.0	4.0	10.5	33.0	47.5	47.0	70.0	112.0	147.5	189.0	248.0	277.0	272.0	282.0	290.5	286.5	272.5	263.5	264.5	263.0	271.0	270.5	273.0	304.5	370.0	419.0	452.5	482.0	507.5	570.0	665.5	727.5	767.5	776.5	749.0	762.0	777.5	774.5	727.0	644.5	579.5	555.0	534.5	469.5	430.0	420.0	371.5	321.0	304.0	281.0	270.5	280.5	260.5	240.0	211.5	186.0	180.5	158.5	115.0	80.5	60.0	38.5	30.0	26.0	25.0	18.0	8.5	8.0	5.0	3.0	3.0	3.0	2.5	1.5	1.5	1.5	0.5	0.0	0.0	0.0	0.5	0.5	0.0	0.0	0.0	0.0	0.5	0.5	0.0	0.0	0.0	0.0	0.5	0.5	0.0	0.0	0.0	0.0	0.0
209213_HY5CNBGXT_TCDM_2_G11_A03_4_1_i_GGCCAA_S87_R1_001	13.0	13.0	19.5	40.5	76.5	153.0	256.5	305.0	410.5	608.0	800.5	1055.0	1306.5	1482.0	1560.0	1773.0	2252.5	2926.0	4072.5	6241.5	9827.0	11983.0	15558.0	24826.0	40492.5	63270.5	87776.0	114168.5	147200.5	165541.0	185438.5	231521.5	281188.0	324383.5	350361.0	347992.0	339360.0	336603.5	331597.0	313253.5	278574.5	239135.0	199111.5	179942.0	164741.5	137824.0	119207.5	107150.5	94306.5	76999.0	67378.0	59885.5	48218.5	41702.5	36944.5	32750.0	28170.0	25368.0	22613.0	16587.5	10476.0	6507.5	4477.5	2927.0	2279.0	1853.5	1245.5	913.0	606.5	347.0	215.5	187.0	154.5	100.5	73.0	55.5	33.0	20.0	17.0	16.0	16.5	11.5	6.0	9.0	10.0	5.5	3.0	4.0	5.0	3.0	5.0	7.0	8.0	11.0	41.0	73.5	44.5	6.5	0.0	0.0	0.0
209214_HY5CNBGXT_TCDM_2_H11_X8_37_2_i_AGACCA_S88_R1_001	43.0	75.5	159.5	287.0	550.5	917.0	1487.0	1878.0	2365.0	3330.5	4368.5	5526.5	6679.5	7832.0	8430.0	9102.5	10402.0	11939.5	13700.0	16036.0	19737.0	21952.0	24970.0	32768.0	45640.0	63135.5	82418.5	102726.0	126173.5	139193.0	155823.0	192008.5	232229.0	268395.5	291537.5	302206.5	305235.0	308556.5	319470.5	314071.0	287065.0	263025.5	243246.0	233492.0	212188.5	176232.0	163456.0	166901.0	161519.5	141412.5	128255.0	117935.5	104883.5	104423.0	101996.5	87243.5	67492.0	57795.0	51616.0	38960.0	26617.5	18226.0	13115.0	8436.5	6343.0	5199.0	3601.5	2703.0	1749.5	1045.5	748.5	647.0	569.0	417.5	287.0	185.5	118.5	77.5	45.0	31.0	28.5	20.0	19.5	21.5	15.5	10.5	8.0	7.5	9.0	8.5	4.5	5.5	11.0	14.0	35.5	69.0	47.0	8.0	1.5	0.0	0.0
209215_HY5CNBGXT_TCDM_2_A12_X4_24_3_i_CGCGGA_S89_R1_001	7.0	11.5	15.0	21.5	43.0	74.5	128.5	165.0	203.0	288.0	412.0	596.0	855.5	1179.0	1350.0	1663.0	2436.5	3718.0	5671.0	8942.5	13565.5	16049.0	20821.5	32524.0	52183.5	80869.5	112024.0	143993.0	182260.0	203756.0	228739.5	284216.5	344062.5	396179.0	435414.5	451164.5	450443.0	446271.5	450741.0	443480.0	407435.0	355737.5	301954.0	279725.0	259320.0	221876.5	199370.5	190778.0	175185.5	145508.0	128298.0	111665.5	88688.0	75982.0	65030.5	52867.5	40340.5	35386.0	30964.0	22307.0	14337.5	8968.5	6083.0	3993.0	3154.0	2791.5	2351.5	2063.5	1645.5	1273.5	1024.5	940.0	849.0	682.5	534.5	382.0	264.0	180.0	117.5	101.0	76.0	34.0	19.0	13.0	4.0	3.5	4.0	4.5	4.5	4.5	5.5	7.0	15.0	22.0	53.0	104.0	71.5	13.0	6.5	6.0	6.0
209216_HY5CNBGXT_TCDM_2_B12_X8_37_3_o_CCTGCT_S90_R1_001	8.0	8.0	8.5	10.5	20.5	46.0	86.5	110.0	128.5	174.5	242.0	359.5	451.0	547.0	629.0	761.0	1075.0	1602.5	2585.5	4505.5	7881.0	9974.0	13760.5	23131.0	38284.5	60164.5	85230.5	111092.5	140504.5	156810.0	178120.5	226353.0	277194.0	318453.5	340894.0	344417.0	342840.0	345046.5	350912.5	338183.0	304495.0	268276.5	232584.5	215812.0	198472.0	167059.0	149166.5	144391.0	132364.5	107672.0	94050.0	86018.0	75372.5	75585.0	73720.0	67709.0	61944.5	57500.0	54259.0	42996.5	27550.0	17253.5	11110.0	6281.0	4724.0	4098.5	2992.0	2140.0	1409.5	882.5	580.5	446.0	348.0	213.5	128.5	68.5	45.5	33.0	26.0	20.0	16.5	12.5	14.0	16.0	14.0	9.0	6.0	5.0	3.0	4.5	5.0	5.0	8.0	9.0	45.5	82.0	46.5	5.5	1.0	1.0	0.0
209217_HY5CNBGXT_TCDM_2_C12_X8_37_2_o_GCGCTG_S91_R1_001	20.0	20.5	22.5	20.5	29.5	53.0	81.5	99.0	131.5	182.5	247.0	345.0	460.0	638.0	753.0	935.5	1412.5	2200.5	3379.0	5371.0	8857.5	11037.0	14373.5	22977.0	36221.5	54585.0	75553.0	97121.0	122346.5	136586.0	154494.5	194846.5	237729.0	275090.0	297838.0	305064.0	306464.0	309144.0	317279.5	308757.5	280262.5	251680.5	224006.5	210397.0	192670.5	160535.5	144319.0	141405.5	131337.5	108506.5	94638.0	84524.5	72319.0	69080.5	63551.5	53737.5	43613.5	38921.0	35746.0	27868.0	18456.0	11727.5	7751.0	4589.0	3384.0	2843.0	2098.0	1608.5	1051.0	632.0	403.0	321.0	279.5	201.5	152.0	121.0	89.0	63.5	39.0	26.0	19.5	12.0	12.5	13.5	9.5	5.5	5.0	5.0	6.0	4.0	2.5	4.5	8.0	11.0	34.5	61.5	43.0	13.0	7.5	14.5	19.0
209218_HY5CNBGXT_TCDM_2_D12_X8_37_1_o_GAACCT_S92_R1_001	6.0	7.5	11.5	38.5	84.0	147.0	251.5	314.0	410.5	639.0	897.0	1147.5	1455.0	1725.5	1813.0	2018.0	2496.0	3391.5	4626.0	6540.0	9682.0	11522.0	14907.0	23613.0	37575.0	57055.0	79097.0	102275.0	129437.5	144625.0	164358.0	208693.5	256323.0	296379.0	319052.5	324138.5	323580.0	326749.5	334043.0	321004.0	286785.0	255165.0	227551.0	214501.0	194002.5	158983.0	142960.5	141852.0	131375.0	105705.5	90906.0	81468.0	69711.0	67200.5	62301.5	52522.0	42616.5	37783.0	33976.0	25652.5	16971.5	10954.5	7237.0	4161.0	2950.0	2415.5	1699.0	1265.0	809.0	474.0	296.5	250.0	202.0	138.0	105.5	73.0	50.0	34.0	24.0	23.0	20.5	14.0	12.5	10.5	5.0	4.0	4.0	3.5	3.5	3.5	5.5	9.5	11.5	12.0	40.0	69.5	45.5	11.5	2.0	1.0	1.0
209219_HY5CNBGXT_TCDM_2_E12_X8_37_3_i_TTCGAG_S93_R1_001	7.0	10.5	20.0	32.5	68.5	115.0	192.5	253.0	328.5	456.5	583.5	802.0	993.5	1144.0	1247.0	1402.5	1791.0	2470.5	3647.5	5925.0	9839.5	12207.0	16349.0	26984.5	43840.5	68094.0	98678.5	135421.5	178154.5	200838.0	229117.0	292260.5	359385.5	415414.0	443321.5	443965.5	440470.0	441987.5	451255.0	433727.5	383952.0	334700.0	284902.5	259859.0	235615.5	191734.0	164296.0	151226.0	134275.0	108199.5	93805.0	85227.0	73160.5	70466.5	64301.5	54650.0	48225.0	44492.0	41756.5	32968.5	21213.0	13310.5	8505.0	4663.0	3427.0	2707.5	1836.5	1406.5	883.5	531.5	348.0	272.0	224.0	151.5	104.0	72.5	48.0	30.5	23.5	18.0	17.0	13.5	13.0	14.0	12.0	8.5	6.0	4.0	2.0	3.5	8.0	10.0	12.5	16.0	63.0	110.0	67.5	14.0	1.5	0.0	0.0
209220_HY5CNBGXT_TCDM_2_F12_C14_4_1_i_AGAATC_S94_R1_001	12.0	33.5	85.5	158.5	334.0	596.5	1021.0	1316.0	1733.0	2569.0	3457.0	4307.0	4929.5	5416.5	5662.0	5841.5	6046.5	6570.0	7690.5	9747.0	13430.0	15679.0	19641.5	30016.0	46866.5	70602.0	98340.0	128489.5	164284.0	184370.0	210168.5	266258.5	325003.5	374649.0	399506.0	399347.5	395524.0	397826.0	408044.0	393362.5	348353.5	307199.0	270341.0	252226.0	228008.5	186054.5	166691.0	164939.5	151289.5	119339.0	100914.0	89695.0	74400.0	69062.0	62570.5	53407.0	45431.0	41389.0	38460.5	29930.5	19264.0	12288.5	8133.5	4748.0	3607.0	3043.5	2184.5	1604.5	1066.5	633.0	391.0	329.0	284.0	204.5	142.5	95.5	62.5	39.5	24.0	18.0	17.0	13.5	8.5	10.0	12.0	6.0	2.0	2.5	3.5	5.0	4.5	5.0	14.0	21.0	52.0	89.5	56.0	8.5	0.5	0.0	0.0
209221_HY5CNBGXT_TCDM_2_G12_X8_37_1_i_AGGCAT_S95_R1_001	3.0	4.5	12.5	32.0	58.0	87.5	148.5	193.0	229.0	335.0	493.5	654.5	793.5	953.5	1047.0	1120.5	1367.0	1872.0	2764.0	4627.0	7960.5	9991.0	13343.0	22377.0	36889.0	57165.0	80563.0	105426.0	134226.5	150116.0	169242.0	210717.0	254374.0	289643.0	313578.0	319587.0	315622.0	313264.5	309278.0	288954.5	252752.0	218853.0	185597.5	168733.0	154164.0	126471.0	109522.0	106037.0	97838.5	77279.0	65258.0	57997.0	48298.0	46318.0	45037.5	42345.0	38480.5	35570.0	32719.0	25019.5	15392.5	8872.0	5567.5	3158.0	2311.0	1818.0	1139.0	816.0	545.5	337.5	197.5	132.0	120.0	83.5	49.5	30.0	25.5	24.0	16.0	15.0	13.0	13.5	12.0	9.5	7.5	5.5	7.0	5.0	2.5	3.5	3.5	2.0	5.0	8.0	28.0	44.0	23.5	5.0	1.5	0.0	0.0
209222_HY5CNBGXT_TCDM_2_H12_C14_4_1_o_ACACGC_S96_R1_001	13.0	17.5	33.5	57.5	120.0	238.0	386.5	467.0	644.5	974.5	1272.5	1588.0	1931.0	2248.5	2393.0	2466.0	2732.0	3311.5	4462.0	6701.5	10663.5	13150.0	17578.0	29226.5	47584.0	73101.5	101499.5	132271.0	169783.0	190541.0	215449.5	268967.0	324746.0	373176.0	407443.5	420400.0	420349.0	417779.5	413507.0	386234.0	336510.5	292782.5	252938.5	232669.0	212870.5	174256.5	150271.5	146944.0	138912.5	112285.5	95532.0	85053.5	72278.0	72540.5	70729.5	65599.0	59667.5	54496.0	51345.5	41154.0	26530.0	16237.5	10881.0	6992.0	5750.0	5007.5	3688.5	2656.5	1786.5	1138.0	723.0	542.0	440.0	271.5	164.0	97.0	59.5	51.5	43.0	31.0	28.5	29.5	27.5	18.0	13.0	8.5	5.0	4.5	3.5	2.5	2.5	4.0	11.5	18.0	39.5	78.5	55.0	10.0	4.0	1.5	1.0
