Sample	1	2	3	4	5	6	7	8	9	10	11	12	13	14	15	16	17	18	19	20	21	22	23	24	25	26	27	28	29	30	31	32	33	34	35	36	37	38	39	40	41	42	43	44	45	46	47	48	49	50	51	52	53	54	55	56	57	58	59	60	61	62	63	64	65	66	67	68	69	70	71	72	73	74	75
209031_HY55YBGXT_TCDM_1_A01_A04_1_2_o_CAGCGT_S1_R1_001 - illumina_universal_adapter	0.018923308119503646	0.02845888135159728	0.03333754672615682	0.03681174782622194	0.04154257485609785	0.04730827029875912	0.056400328496801884	0.06527062917781923	0.07495404075459648	0.08330690722922114	0.0996430443167614	0.12307542194911553	0.1595175739136284	0.17496668093306691	0.18708942519712396	0.2013558254590935	0.21503087234232857	0.23218012032562874	0.25139910513449965	0.2814842082776168	0.31275201817820286	0.3457199690426506	0.38127509093906176	0.41498223352692765	0.45541602079789834	0.5075290372988752	0.5509935106358601	0.591722974596198	0.626169308907482	0.673551498378583	0.7207119303326585	0.7536059620247644	0.7862043170275032	0.8240509332665104	0.8584972675777944	0.8967134796785108	0.9423216090134082	0.9953216555824868	1.0596313355198625	1.1317764477254701	1.2249146048761521	1.3151699143055036	1.4170305337925193	1.5142342454220008	1.6291046392411754	1.807693359618991	1.9785205669009165	2.138481655848596	2.255421786493341	2.3687398776933373	2.5009073578404957	2.6599074975477315	2.8011670358929326	2.9449398260977553	3.125006929922407	3.3600698979693666	3.5209919361574893	3.6414062679022994	3.787987986656111	4.056166743912201	4.285611854861184	4.4762494003307145	4.669030601798158	4.835792254601284	5.018446529457899	5.221206819191487	5.422340887133555	5.621626975767078	5.766582472729369	5.863490507669484	5.975921568801378	6.100844970059039	6.234195156963667	6.384694591851594	6.548795154450414
209031_HY55YBGXT_TCDM_1_A01_A04_1_2_o_CAGCGT_S1_R1_001 - polya	0.00916597737038458	0.036589990309196505	0.06475319497142655	0.11974905919373402	0.23225403949797055	0.41505615269926943	0.672368791621114	0.9449087800453716	1.200669116348038	1.424939885233093	1.6458842913627665	1.8717812820393414	2.150826157629678	2.3957942947704405	2.6243523756513203	2.8665115842430935	3.109336065385943	3.3678314110652567	3.6360101683213473	3.911728681156303	4.1953565454318325	4.489998366386291	4.79521062898563	5.090739480008191	5.391368753922336	5.676548920817043	5.965277207984157	6.25925375638754	6.556334910029279	6.8616950109733015	7.180434482111191	7.506122355449211	7.858790726691991	8.2689682140167	8.673897440105142	9.080526807157446	9.494326333926905	9.919065898202952	10.376699494171104	10.822062507530516	11.275187033985818	11.741912688152013	12.22578759030151	12.734203657668486	13.274404969142442	13.85141802844262	14.41024697134671	14.978981083344607	15.563533898223648	16.1656055569477	16.791479189165816	17.40914779325399	18.03649980891894	18.673091721126617	19.34302118006045	20.05264523454184	20.802407399604828	21.596668906417587	22.42190254644157	23.24735794398257	24.025283313707792	24.811561549907637	25.582168921571018	26.40304133042683	27.265086718277033	28.14524230335098	29.028206816973913	29.873102956840814	30.68724872101352	31.506494908077812	32.323153924110144	33.0976050927353	33.82267825423612	34.504878295778695	35.21494586529413
209031_HY55YBGXT_TCDM_1_A01_A04_1_2_o_CAGCGT_S1_R1_001 - polyg	0.0	0.0	0.0	0.00014783834468362224	0.001256625929810789	0.0032524435830396893	0.0032524435830396893	0.0032524435830396893	0.0032524435830396893	0.0033263627553815006	0.0033263627553815006	0.0033263627553815006	0.0033263627553815006	0.0033263627553815006	0.0033263627553815006	0.0033263627553815006	0.0033263627553815006	0.0033263627553815006	0.0033263627553815006	0.0033263627553815006	0.0033263627553815006	0.0033263627553815006	0.0033263627553815006	0.003474201100065123	0.003622039444748745	0.003622039444748745	0.0038437969617741785	0.0038437969617741785	0.004065554478799612	0.0043612311681668564	0.004952584546901345	0.0052482612362685895	0.005839614615003079	0.0065048871660793785	0.006948402200130246	0.00783543226823198	0.008796381508675524	0.010053007438486312	0.014340319434311358	0.02114088328975798	0.03075037569419343	0.03688566699856375	0.04279920078590864	0.04871273457325353	0.0578047927712963	0.07384525316946931	0.08885084515485697	0.11457471712980724	0.14251616427501185	0.17371005500325615	0.2012819062867517	0.22500996060847306	0.2453377330024711	0.2610825167112769	0.2755706744902719	0.29353303336933195	0.31445215914206454	0.3440937472511308	0.4001983990585654	0.4795875901536706	0.5753129183363159	0.6920312914640357	0.8188765912025836	0.9692281877458274	1.1409424250958546	1.3253707600886735	1.5362621587798606	1.8348956150407776	2.337545986965093	3.030390389324889	3.7103728556972095	4.294777832231568	4.823152076130834	5.305474675661151	5.723783271943461
209032_HY55YBGXT_TCDM_1_B01_A04_1_1_o_GATCAC_S2_R1_001 - illumina_universal_adapter	0.0372308664957325	0.05502675236790652	0.062051444159554166	0.0679053539859272	0.07680329692201421	0.08499877067893646	0.09811152869001206	0.11192675588025242	0.12527367028438294	0.13838642829545852	0.16250453678011545	0.19107161673281584	0.23696626977158045	0.26787491365483007	0.2957395244283657	0.330628826993549	0.36411319120040275	0.4022806832683549	0.4345942655099341	0.4732300703639961	0.5305983866624518	0.5884350157470174	0.6579794644843291	0.7167527191411144	0.7745893482256799	0.8794914123142847	0.9548897708779694	1.0279465655111049	1.0815683795206819	1.1630548043037945	1.2440729163007973	1.3026120145645277	1.3543605774296652	1.4105581117628465	1.4632433002002037	1.5224848676430989	1.5892194396637513	1.679837963776006	1.7650708908479973	1.8709095805088218	2.022408766815356	2.1671174177232975	2.3300902672895227	2.4738622926252445	2.639176706122019	2.8735672555699954	3.109128586983246	3.338133539390959	3.5001697633849647	3.6497956985470594	3.8132368608993947	4.016952922857176	4.204043880908059	4.385515085525623	4.6259937011930266	4.904873965321438	5.101799491880627	5.263367403088523	5.459824616861602	5.799117230398183	6.099774039080702	6.354302038331402	6.6053176916862775	6.818634165759311	7.060049406998934	7.295142425626076	7.549436268483721	7.8088815519885735	8.004167983796378	8.14653507077377	8.289370470537271	8.445786941097959	8.619530984744712	8.808026881153923	9.030943767342208
209032_HY55YBGXT_TCDM_1_B01_A04_1_1_o_GATCAC_S2_R1_001 - polya	0.01896666783744863	0.04238230714294077	0.08054979921089296	0.15477737580930304	0.3022959034339035	0.5500333672860104	0.8623979956212755	1.2129301160244927	1.5348951564750097	1.8137754206034211	2.108812475852622	2.428201795979535	2.8161989392715396	3.1550232400220106	3.484949597836395	3.8083195766452413	4.1394167164249005	4.485031552573965	4.847037336236872	5.19616451828176	5.560043553089108	5.950616416704717	6.321285986910658	6.707644035451278	7.061454345357264	7.416435437228525	7.7578354583026	8.102045356093335	8.470841675154835	8.816690667696955	9.175886574643204	9.552410054675518	9.945090325828621	10.375938089049676	10.782199430999965	11.217964478475174	11.687682202943346	12.157399927411518	12.62664933909358	13.116972826150587	13.649210307564422	14.17629634833105	14.721646587755963	15.281748679943334	15.882593984522263	16.532846288035778	17.157341388313256	17.750225375528316	18.371676442696078	18.97884396988749	19.596782691159426	20.217062976361913	20.842728858604662	21.468863053633523	22.104129347991524	22.75484996429115	23.404165642232446	24.088838935525036	24.78592251764954	25.470361654549073	26.14262465900975	26.801774905459357	27.437041199817358	28.08190790629061	28.767283668762367	29.431585355859177	30.154660297612775	30.785945933288843	31.41090934635243	32.04430238956599	32.69080819079063	33.290014400618176	33.86346340720968	34.426843688899815	34.97172561553862
209032_HY55YBGXT_TCDM_1_B01_A04_1_1_o_GATCAC_S2_R1_001 - polyg	0.0	0.0	0.0	0.0	0.0	0.0007024691791647641	0.0007024691791647641	0.0007024691791647641	0.0007024691791647641	0.0007024691791647641	0.0007024691791647641	0.0007024691791647641	0.0007024691791647641	0.0007024691791647641	0.0007024691791647641	0.0007024691791647641	0.0009366255722196855	0.0009366255722196855	0.0009366255722196855	0.0009366255722196855	0.0009366255722196855	0.0009366255722196855	0.0009366255722196855	0.0009366255722196855	0.0009366255722196855	0.0011707819652746069	0.001873251144439371	0.0023415639305492137	0.0025757203236041353	0.0035123458958238206	0.0035123458958238206	0.0035123458958238206	0.004448971468043506	0.004917284254153349	0.005151440647208271	0.0063222226124828775	0.007024691791647641	0.007727160970812406	0.009600412115251776	0.010771194080526384	0.012176132438855913	0.01358107079718544	0.014986009155514969	0.01662510390689942	0.01849835505133879	0.02224485734021753	0.02528889044993151	0.0273962979874258	0.031142800276304543	0.03582592813740297	0.03816749206795218	0.04261646353599569	0.0482362169693138	0.05619753433318113	0.0613489749803894	0.06813951037898212	0.07516420217062976	0.08148642478311265	0.09132099329141934	0.10209218737194573	0.11543910177607625	0.12878601618020677	0.15384075023708335	0.1873251144439371	0.22408766815355977	0.28192429723812534	0.42756957371828647	0.723543254539707	1.3344572840199969	2.051678315947221	2.7052088089635067	3.228548347441256	3.6441759451137417	3.994239752730849	4.289510964373105
209033_HY55YBGXT_TCDM_1_C01_BLANK_ACCAGT_S3_R1_001 - illumina_small_rna_3'_adapter	0.0	0.0	0.0	0.0	0.0	0.0	0.0	0.0	0.0	0.0	0.0	0.0	0.0	0.0	0.010168285118714728	0.010168285118714728	0.010168285118714728	0.010168285118714728	0.010168285118714728	0.010168285118714728	0.010168285118714728	0.015252427678072094	0.015252427678072094	0.020336570237429456	0.020336570237429456	0.020336570237429456	0.020336570237429456	0.020336570237429456	0.020336570237429456	0.025420712796786822	0.030504855356144188	0.030504855356144188	0.030504855356144188	0.030504855356144188	0.030504855356144188	0.030504855356144188	0.030504855356144188	0.030504855356144188	0.030504855356144188	0.04067314047485891	0.04067314047485891	0.04575728303421628	0.050841425593573644	0.05592556815293101	0.06609385327164574	0.07117799583100311	0.07626213839036046	0.08134628094971783	0.08134628094971783	0.08134628094971783	0.08134628094971783	0.09151456606843256	0.09151456606843256	0.09659870862778992	0.09659870862778992	0.10168285118714729	0.10676699374650465	0.11185113630586202	0.11693527886521939	0.11693527886521939	0.13218770654329148	0.13218770654329148	0.13218770654329148	0.13727184910264884	0.13727184910264884	0.13727184910264884	0.13727184910264884	0.14235599166200621	0.14744013422136357	0.15252427678072092	0.1576084193400783	0.1576084193400783	0.1576084193400783	0.1576084193400783	0.16269256189943565
209033_HY55YBGXT_TCDM_1_C01_BLANK_ACCAGT_S3_R1_001 - illumina_universal_adapter	0.0	0.0	0.005084142559357364	0.005084142559357364	0.005084142559357364	0.010168285118714728	0.015252427678072094	0.015252427678072094	0.020336570237429456	0.020336570237429456	0.030504855356144188	0.04067314047485891	0.05592556815293101	0.061009710712288376	0.07117799583100311	0.07626213839036046	0.08134628094971783	0.09659870862778992	0.10168285118714729	0.11185113630586202	0.13218770654329148	0.13218770654329148	0.13218770654329148	0.13727184910264884	0.13727184910264884	0.13727184910264884	0.13727184910264884	0.14235599166200621	0.14744013422136357	0.14744013422136357	0.1576084193400783	0.16777670445879303	0.16777670445879303	0.19319741725557985	0.20844984493365193	0.2135339874930093	0.2135339874930093	0.2135339874930093	0.2287864151710814	0.2440388428491535	0.2542071279678682	0.26437541308658297	0.27454369820529767	0.279627840764655	0.31013269612079924	0.3304692663582287	0.3508058365956581	0.3660582642737302	0.3711424068330876	0.376226549392445	0.3863948345111597	0.39147897707051704	0.4016472621892318	0.4016472621892318	0.43215211754537597	0.44232040266409073	0.4575728303421628	0.4575728303421628	0.47790940057959225	0.49316182825766436	0.5084142559357364	0.5287508261731659	0.5541715389699527	0.5694239666480249	0.5948446794448117	0.6050129645635264	0.6355178199196706	0.6609385327164574	0.6660226752758147	0.6965275306319589	0.7168641008693883	0.7626213839036047	0.7727896690223194	0.7829579541410341	0.8032945243784636
209033_HY55YBGXT_TCDM_1_C01_BLANK_ACCAGT_S3_R1_001 - polya	0.17286084701815038	0.2440388428491535	0.2999644110020845	0.3965631196298744	0.4982459708170217	0.6406019624790279	0.823631094615893	0.9812395139559713	1.1795210737709085	1.3523819207890588	1.5659159082820682	1.7743657532157202	2.0082363109461587	2.191265443083024	2.414967715694748	2.6742589862219734	2.8725405460369107	3.0911586760892775	3.2182622400732117	3.4114596573287916	3.5639839341095123	3.767349636483807	4.001220194214246	4.209670039147897	4.382530886166048	4.550307590624841	4.677411154608775	4.824851288830139	5.023132848645076	5.241750978697443	5.450200823631095	5.592556815293101	5.831511515582897	6.126391784025624	6.395851339671564	6.609385327164573	6.909349738166658	7.2143982917281	7.544867558086329	7.880420967003915	8.180385378006	8.48543393156744	8.836239768163098	9.212466317555544	9.558188011591845	10.025929127052722	10.386903248767096	10.85972850678733	11.347806192485637	11.795210737709086	12.456149270425543	13.005236666836138	13.478061924856373	14.067822461741827	14.845696273323504	15.54730794651482	16.264172047384207	17.07763485688139	17.90126595149728	18.907926178250037	19.84849255173115	20.895825918958767	21.866897147796024	22.909146372464285	24.068330875997763	25.120748385784736	26.361279170267935	27.403528394936195	28.440693477045098	29.716813259443796	30.97768061416442	32.33514667751284	33.55025674919925	34.582337688748794	35.751690477400984
209033_HY55YBGXT_TCDM_1_C01_BLANK_ACCAGT_S3_R1_001 - polyg	0.0	0.0	0.0	0.0	0.0	0.0	0.0	0.0	0.0	0.0	0.0	0.0	0.0	0.0	0.0	0.0	0.0	0.0	0.0	0.0	0.0	0.0	0.0	0.0	0.0	0.0	0.0	0.0	0.0	0.0	0.0	0.0	0.0	0.0	0.0	0.0	0.0	0.0	0.0	0.005084142559357364	0.005084142559357364	0.010168285118714728	0.015252427678072094	0.025420712796786822	0.030504855356144188	0.050841425593573644	0.05592556815293101	0.061009710712288376	0.07117799583100311	0.08643042350907519	0.08643042350907519	0.10168285118714729	0.10676699374650465	0.11185113630586202	0.13218770654329148	0.14744013422136357	0.16269256189943565	0.16777670445879303	0.20844984493365193	0.2287864151710814	0.2897961258833698	0.29488026844272713	0.30504855356144184	0.3406375514769434	0.38131069195180234	0.42198383242666127	0.4829935431389496	0.5338349687325232	0.6151812496822411	0.7066958157506736	0.8185469520565357	0.9609029437185419	1.0778382225837613	1.1947735014489806	1.2659514972799837
209034_HY55YBGXT_TCDM_1_D01_A04_1_3_i_TGCACG_S4_R1_001 - illumina_universal_adapter	0.08681791342947094	0.13186054055820184	0.15613221528041954	0.1701351045432374	0.18530490124462348	0.21121024638083657	0.2646546070672582	0.3173988232905389	0.38297902133806944	0.44832583789788627	0.5115722210682804	0.5913886898663424	0.713913970915999	0.7846285616932294	0.844374222547919	0.9195230615917084	0.9848698781515253	1.060485480170742	1.1253655337551314	1.2091494878443252	1.3120707239260367	1.410791093228903	1.5256147851840096	1.6353040844094164	1.7566624580205048	1.935899440584574	2.074761425774185	2.190051880704719	2.272902308843058	2.418532357176364	2.548992608808284	2.636277285213182	2.7223950541795126	2.7994109451250107	2.8813278473124955	2.958810501233421	3.0547302926837236	3.19009155555763	3.3296536852103817	3.501189078679901	3.767010593185727	4.01906259991645	4.307988881705925	4.5707764368714745	4.920615286954209	5.5075697285539915	6.065584865677285	6.600028472541501	6.911592758639199	7.192350688358698	7.508815985698383	7.928202519119778	8.237666371828054	8.553664906192312	9.021361407570428	9.661993591344347	10.024668423251331	10.270652511301499	10.588984860542892	11.257389441354732	11.850178420147357	12.357783155924507	12.828280235155187	13.19025492259903	13.613375559823844	14.04303087870464	14.505592987353058	14.944816947230112	15.242611725552706	15.386608103472016	15.574013438106062	15.794558943995444	16.05898016957499	16.364709918479846	16.714782150050294
209034_HY55YBGXT_TCDM_1_D01_A04_1_3_i_TGCACG_S4_R1_001 - polya	0.026605489599354	0.07351516862979394	0.1306936331196337	0.24061631383275417	0.47189736815696304	0.8189356403871332	1.261893704067606	1.7043850047726514	2.110702174882084	2.4778112550556264	2.8218155679455195	3.2297664084689472	3.6913949911665105	4.095611727886521	4.477423841786022	4.851534366590974	5.234513387929042	5.634762639357921	6.0184418051591315	6.408422271128609	6.784166466347556	7.168545776611907	7.554558757290255	7.920500930025229	8.275707554325376	8.609676463243582	8.944112135137217	9.256843328673483	9.59664677478453	9.91147840171022	10.24311349575129	10.576382260206357	10.924120676899667	11.33697252866508	11.71154981644546	12.122067853333737	12.504813493184093	12.87215595484535	13.251400872380001	13.613608941311558	13.947811231717477	14.318887797182152	14.681562629089136	15.057306824308082	15.465491046319224	15.886277868666902	16.289327697948345	16.706380416492603	17.11689845338088	17.52951692365858	17.96827412056021	18.40073001729357	18.811714817157274	19.24790481769405	19.7144344116336	20.203368628393658	20.70280501210083	21.25218503417872	21.822569390150836	22.397621375877222	22.88585544817414	23.394627091389857	23.870725326325665	24.405402314677595	24.962483925850034	25.53730253008871	26.124490353176206	26.662201300868414	27.168639129206994	27.668075512914164	28.175213485715886	28.62423946807691	29.03849160876861	29.426371641348666	29.820552974096987
209034_HY55YBGXT_TCDM_1_D01_A04_1_3_i_TGCACG_S4_R1_001 - polyg	0.0	0.0	0.0	0.00023338148771363159	0.0007001444631408948	0.0014002889262817895	0.0014002889262817895	0.0014002889262817895	0.0014002889262817895	0.0014002889262817895	0.0014002889262817895	0.0014002889262817895	0.0014002889262817895	0.0014002889262817895	0.0014002889262817895	0.0014002889262817895	0.0014002889262817895	0.0014002889262817895	0.0014002889262817895	0.0014002889262817895	0.0014002889262817895	0.0014002889262817895	0.0014002889262817895	0.001633670413995421	0.0018670519017090527	0.002333814877136316	0.002800577852563579	0.0030339593402772106	0.003500722315704474	0.003500722315704474	0.0042008667788453686	0.004667629754272632	0.006067918680554421	0.007001444631408948	0.007468207606836211	0.008401733557690737	0.009335259508545263	0.010735548434827052	0.012602600336536105	0.014002889262817895	0.01937066348023142	0.02193785984508137	0.02497181918535858	0.030572974890485737	0.035240604644758367	0.039441471423603734	0.04527600861644453	0.052510834735567107	0.059278897879262424	0.06768063143695316	0.0760823649946439	0.08565100599090279	0.09195230615917084	0.101987710130857	0.11295664005339769	0.1299934886564928	0.14726371874730151	0.16453394883811026	0.18950576802346883	0.21611125762282285	0.25415244012014476	0.3155317713888299	0.39488147721146466	0.48613363890749456	0.5839204822595062	0.7027116595057447	0.9900042708812251	1.610799028199485	2.8768935990459363	4.499595083118817	5.959162907279869	7.13400531643029	8.129143980041215	8.992888866069366	9.674829573168598
209035_HY55YBGXT_TCDM_1_E01_A04_1_3_o_ACATTA_S5_R1_001 - illumina_universal_adapter	0.009441649941563246	0.0142507146314249	0.016500827467965672	0.018045022551866203	0.019765697073926794	0.02263348794402778	0.02766315193158951	0.032163377604671056	0.03547236707017219	0.03988435302417371	0.04694353055057614	0.057135218104319645	0.07195949090976474	0.08135702099178797	0.09026923261887103	0.09909320452687406	0.10928489208061758	0.12009425766792128	0.13306549637268575	0.1500516422955916	0.16981733936951837	0.18927419742666507	0.21164296621345277	0.2300850675011791	0.2510861206422263	0.2847054536117179	0.30632418478632534	0.33195782317907413	0.34872336980427987	0.37678360047172954	0.4060350673467596	0.4254919254039063	0.444948783461053	0.46484684011359984	0.4854066946592469	0.5073783847101745	0.5316443074571828	0.5659254383197746	0.6034714387883274	0.6464000621207623	0.7058736327807027	0.7687444326252243	0.840483324237289	0.9067513532663918	0.9852847032476187	1.1204679528782253	1.2545482060203312	1.3801574461307544	1.4635881005209233	1.5465775563156916	1.634640795957562	1.7502348279524018	1.8417394166383931	1.9381413097333264	2.074515795571513	2.248524521597333	2.3579417732565706	2.440181191439159	2.542142186836134	2.736887246845761	2.912043089219621	3.0608593754480924	3.2146612058045854	3.332902429371826	3.4751448565288348	3.6222845880947854	3.7833220754158408	3.9515510998419185	4.063968501949877	4.141795934178464	4.228138499298273	4.3214520022254055	4.430428055289243	4.551272350569345	4.691132305311193
209035_HY55YBGXT_TCDM_1_E01_A04_1_3_o_ACATTA_S5_R1_001 - polya	0.007985694576742745	0.02320704611804798	0.03825191822119315	0.06560623113600256	0.122167891066302	0.21106940803943255	0.3272369982082925	0.43868376340637083	0.5447037858810273	0.6418115967286007	0.7465080234170567	0.861043178782936	1.0040356435521252	1.1291595652076083	1.25048917894265	1.3800692064116744	1.5115905077004597	1.646200199157046	1.7898103419597953	1.9332881251839247	2.0847074831252566	2.2342738069659083	2.394340657377083	2.5499072821151767	2.708341697723371	2.8696439042016664	3.0306813915227218	3.1864244956989753	3.3521828079908125	3.51944119550701	3.6950823563358104	3.880959324577894	4.080160490401063	4.320922563910925	4.5580226890789675	4.806064539412932	5.068357104378323	5.344238586082037	5.622502540200913	5.90389900434713	6.191516368688489	6.493781526397132	6.813032830028682	7.140534547394215	7.491860988911355	7.879762793987169	8.248737179320315	8.635403628329009	9.04563008233207	9.460400881867752	9.906232062519607	10.359078300838322	10.829396003534884	11.31886172527181	11.848961837645094	12.385812288527998	12.954473158139253	13.565665572347084	14.203815220733864	14.847965170018085	15.456113313917653	16.07679149792659	16.69636668544702	17.370297539920752	18.099113499662263	18.850165868611942	19.648691206426676	20.435965980058707	21.209607717092872	21.974866680814436	22.736684295491877	23.478250894640453	24.176403552001652	24.850378526334925	25.526162414909336
209035_HY55YBGXT_TCDM_1_E01_A04_1_3_o_ACATTA_S5_R1_001 - polyg	0.0	0.0	8.823971908003034e-05	8.823971908003034e-05	0.0011912362075804095	0.0018971539602206523	0.0018971539602206523	0.0018971539602206523	0.0018971539602206523	0.0018971539602206523	0.0018971539602206523	0.0018971539602206523	0.0018971539602206523	0.0018971539602206523	0.0018971539602206523	0.0018971539602206523	0.0018971539602206523	0.0018971539602206523	0.0018971539602206523	0.0018971539602206523	0.0018971539602206523	0.0018971539602206523	0.0018971539602206523	0.0019412738197606674	0.0019853936793006828	0.002117753257920728	0.0022059929770007584	0.002426592274700834	0.00255895185332088	0.0026913114319409254	0.002911910729641001	0.0031766298868810923	0.003397229184581168	0.0037943079204413046	0.004059027077681396	0.004323746234921487	0.004764944830321638	0.005338503004341836	0.005691461880661957	0.00648561935238223	0.007456256262262564	0.008029814436282761	0.008603372610302957	0.009441649941563246	0.01041228685144358	0.01186824221626408	0.013368317440624595	0.015397830979465293	0.01680966648474578	0.01826562184956628	0.020515734686107054	0.022765847522647827	0.02422180288746833	0.026427795864469087	0.028633788841469845	0.03167805914973089	0.03406053156489171	0.03714892173269277	0.04098734951267409	0.045355215607135596	0.04959072212297705	0.05488510526777887	0.06198840265372131	0.07134181287620453	0.08219529832304825	0.10169627623973497	0.1494780841215714	0.25792469887092867	0.4593318576710979	0.6956378253674191	0.9186195954826558	1.096466749288457	1.2601073083223733	1.4015555780076618	1.521076277501563
209036_HY55YBGXT_TCDM_1_F01_A27_1_2_i_GTGTAG_S6_R1_001 - illumina_universal_adapter	0.0026957362886989794	0.004223320185628401	0.005256685762963009	0.005930619835137755	0.006604553907312499	0.007548061608357142	0.008895929752706632	0.010917731969230866	0.012714889495030185	0.01428740233010459	0.01671356498993367	0.02183546393846173	0.028934236165369043	0.03360684573244727	0.03769537910364073	0.043221638495473634	0.048792826825451524	0.055307522856474056	0.06254108189781632	0.07377331643406207	0.08599398760949743	0.10104518188806674	0.11861239670275509	0.13824634267211267	0.16021659342500932	0.18865661127078356	0.21296316680721936	0.23650593039519044	0.25533115547793833	0.2827827366845229	0.3131996278086764	0.3344060866131084	0.35565747435568534	0.3794698115725263	0.40157484913985797	0.4227813079442899	0.4483908026869302	0.4848731004606564	0.5271512312550853	0.5788644390599608	0.6511101715970935	0.7164817765980437	0.7945233421558792	0.8691952373528409	0.9625126418799705	1.1056562388098863	1.2455649521933634	1.3886186912469891	1.4831491771040335	1.5733664848991593	1.677197260952215	1.8047505163458217	1.9077725715122675	2.0158715966890965	2.1538483657323395	2.3242188991781148	2.4337556503755833	2.516649541253077	2.625152926873211	2.8249968437420954	2.9990515501157593	3.1492040613962926	3.3011088012644803	3.418418258761031	3.5579226117012026	3.710411427765275	3.8753904886336525	4.035427366306082	4.151254168843848	4.225970992978954	4.311875122712162	4.408157837156861	4.517335156849169	4.640979594624163	4.777428779770476
209036_HY55YBGXT_TCDM_1_F01_A27_1_2_i_GTGTAG_S6_R1_001 - polya	0.003818959742323554	0.014242473391959607	0.02507034748490051	0.0493769030213363	0.11115419297068792	0.20222515059056842	0.32968854810788517	0.470136408749102	0.6109886298336237	0.7390361035468251	0.8660052827445471	0.9999833762928864	1.1634797822024794	1.3006478303591125	1.434041847711567	1.5730969112702893	1.7205536862621236	1.8661683747900133	2.018252830410781	2.1797274341038495	2.3520748408280046	2.524781679057319	2.723098012029274	2.9146300753413366	3.100276447756406	3.2735673621816055	3.448655434132604	3.625945024052707	3.834460225983573	4.047153819161923	4.271169504752808	4.497521495127232	4.7477307516566425	5.048664779351738	5.3153629561803575	5.593652799050382	5.8730658653740315	6.151175992491476	6.442405369547256	6.73484782793295	7.028413509772268	7.330830192426149	7.643895033420391	7.964328220270409	8.311583983192984	8.677395397569434	9.039657425832432	9.422047618384383	9.806279897400277	10.21068526964327	10.634724587855619	11.066536612367049	11.500415368033151	11.965340019957434	12.450572551923251	12.93818631761075	13.470100016309205	14.008663197853116	14.590133515325485	15.19725825647864	15.772618238363293	16.375834161897835	16.95375509325675	17.574942592049286	18.246944719883796	18.92905585880093	19.608516190367506	20.25639147841816	20.891462019097496	21.534350195014056	22.19763610884844	22.807905875671743	23.36156518043237	23.91176495695583	24.468389571634024
209036_HY55YBGXT_TCDM_1_F01_A27_1_2_i_GTGTAG_S6_R1_001 - polyg	0.0	0.0	0.0	4.492893814498299e-05	0.0008536498247546767	0.0017072996495093534	0.0017072996495093534	0.0017072996495093534	0.0017072996495093534	0.0017072996495093534	0.0017072996495093534	0.0017072996495093534	0.0017072996495093534	0.0017072996495093534	0.0017072996495093534	0.0017072996495093534	0.0017072996495093534	0.0017072996495093534	0.0017072996495093534	0.0017072996495093534	0.0017072996495093534	0.0017522285876543364	0.0017522285876543364	0.0018870154020892854	0.0019768732783792516	0.0023363047835391155	0.0025160205361190475	0.0026957362886989794	0.002830523103133928	0.003234883546438775	0.003549386113453656	0.004133462309338435	0.005166827886673044	0.00602047771142772	0.006739340721747448	0.007503132670212159	0.008761142938271682	0.009659721701171343	0.010872803031085882	0.012400386928015305	0.015096123216714283	0.017342570123963435	0.02012816428895238	0.022644184825071426	0.025250063237480438	0.029428454484963857	0.033876419361317175	0.03850409999025042	0.043850643629503396	0.0493769030213363	0.055442309670909004	0.06168743207306164	0.06990942775359353	0.08024308352693961	0.09174489169205526	0.10549314676442005	0.1259807425585323	0.15576862854865603	0.18492750940474997	0.2210503756733163	0.25897039946768197	0.30115867238582095	0.3551632560360905	0.4101562763255497	0.4717538505223214	0.541573420399625	0.6251861742874383	0.7347229254849068	0.8977251130749051	1.088223810809633	1.2789920821732308	1.4483292500416716	1.616767839147213	1.7842629205517093	1.9456027374303433
209037_HY55YBGXT_TCDM_1_G01_C17_1_2_o_CTAGTC_S7_R1_001 - illumina_universal_adapter	0.029951450536855422	0.04714379940097099	0.05676718964566461	0.0627142285609247	0.06801249959452008	0.07601397013505184	0.09093563141334084	0.10304596520441595	0.1140750191927165	0.1261853529837916	0.14791907701956036	0.1785192954380805	0.22350053523350238	0.2569120811392364	0.289026091281641	0.3242758128520917	0.35649795097477377	0.3935858482099413	0.4275380340170626	0.4760874971616405	0.5394504936042299	0.6082198890606922	0.685639522939351	0.7532195106127613	0.8302066325703102	0.9433084999405296	1.0310002919455468	1.1167457803055696	1.1821632083734308	1.2756939113134307	1.3713871738589796	1.4310738189721355	1.4864353448741932	1.5518527729420541	1.611755674015765	1.6739292626753024	1.747023777342863	1.8372025128942617	1.9317063676567585	2.0415643956186544	2.190024112539602	2.3401057491647115	2.5087853983975434	2.663949050095693	2.8532811435615195	3.151930625087854	3.4422542521328245	3.7113847950434136	3.88709276299428	4.054907388384892	4.232453532000476	4.450980180141215	4.633067698928452	4.811478866386254	5.04125082447585	5.34433355319356	5.537882637890207	5.691099985943363	5.8791345436458595	6.223197776888726	6.524766713882552	6.790761545365094	7.025723646508007	7.224895386179082	7.45282916860396	7.682601126693554	7.912589340743704	8.143010066714965	8.312879123730848	8.417547008639426	8.546651817090709	8.690353902879448	8.851464593492858	9.025334385779008	9.227858092838684
209037_HY55YBGXT_TCDM_1_G01_C17_1_2_o_CTAGTC_S7_R1_001 - polya	0.009947774185525988	0.03784479309710974	0.0751489462928322	0.14564838943373376	0.3030827287177103	0.5868105489657559	0.9646097120551885	1.3624125514959506	1.7451856016781462	2.09443897797433	2.4401241309213586	2.8258166365710453	3.2534627985683855	3.627909994269217	3.994139463468962	4.366748483505076	4.764875706886671	5.156515251451618	5.560481385768195	5.954499745899247	6.35565455272861	6.762540142512678	7.176886562935891	7.5792307775483065	7.995415373636236	8.409004898197507	8.779883870549183	9.163089432652487	9.557324048744093	9.948747337348486	10.357146718856438	10.761004725192738	11.202383140685315	11.707881448482423	12.156612566633868	12.636376415124943	13.11473459987241	13.587253873684894	14.084534454980915	14.581815036276938	15.069796611269098	15.569456008131224	16.070304812776403	16.572234897224355	17.093411762161693	17.69384643664241	18.234270082069138	18.780965150351957	19.339554296465295	19.907550576862775	20.49446925380881	21.055653471448807	21.626136695392667	22.22148935480034	22.849280408291254	23.46961063114302	24.139895980882972	24.843809132489213	25.599623714628635	26.318999167414553	26.972632808191776	27.648108300985047	28.289955991912027	29.00316814982213	29.775310056983447	30.535017246412853	31.296670739487258	32.007828465772086	32.69552242033671	33.37380924061719	34.05923250759599	34.69599818344993	35.27707794946098	35.841830390450134	36.381713395975474
209037_HY55YBGXT_TCDM_1_G01_C17_1_2_o_CTAGTC_S7_R1_001 - polyg	0.0	0.0	0.0	0.0	0.0007568958619421948	0.0015137917238843895	0.0015137917238843895	0.0015137917238843895	0.0015137917238843895	0.0015137917238843895	0.0015137917238843895	0.0015137917238843895	0.0015137917238843895	0.0015137917238843895	0.0015137917238843895	0.0015137917238843895	0.0015137917238843895	0.0015137917238843895	0.0015137917238843895	0.001621919704161846	0.001621919704161846	0.001621919704161846	0.001621919704161846	0.0018381756647167587	0.0020544316252716715	0.0022706875858265843	0.0025950715266589534	0.0029194554674913226	0.003027583447768779	0.0034600953688786046	0.004325119211098256	0.0044332471913757126	0.004973887092762994	0.0056226549744277324	0.006703934777202296	0.007244574678589579	0.010272158126358358	0.032546522063514376	0.09482823870332927	0.1502978925856644	0.1842500783927857	0.22101359168712087	0.2571283370997913	0.28275466842554847	0.31681498221294724	0.39034200880161757	0.4705729701674902	0.5431268449336635	0.6692040699371776	0.7745207227274202	0.8450201658683217	0.9267649189580788	0.9952099304737086	1.0458138252435583	1.0980396397175698	1.1486435344874193	1.1995718131981012	1.2678005687531761	1.386416963117546	1.5332547603343316	1.7032319453304932	1.9167847063784695	2.168506644464388	2.4882410821448264	2.837278202480456	3.2063189991674146	3.5870376177243384	4.007547333023367	4.601818712628267	5.412994820669745	6.298130467221003	7.087356595266157	7.848361320458896	8.565898597580096	9.219964750278429
209038_HY55YBGXT_TCDM_1_H01_C17_1_2_i_TGTGCA_S8_R1_001 - illumina_universal_adapter	0.00212082472186148	0.0035156013407433547	0.004547353908135427	0.0050250171337799035	0.0058465978818884054	0.006935670036357814	0.0085024054164717	0.010355738731972274	0.012361924279679078	0.015132370988417049	0.01696659777489184	0.019526872664346242	0.02342460458560518	0.025946666417008022	0.027991065022766385	0.030283848505859877	0.03269127116310804	0.036359724736057634	0.040257456657316566	0.04618048065530809	0.052734020111150325	0.0595168379153019	0.06773264539638692	0.07600577246454927	0.08544439780328414	0.09711848703803518	0.10676728419605362	0.117027490282897	0.12520508470593045	0.13515958632836136	0.14496123571858605	0.15290955179331014	0.1601700328231062	0.16788907054952096	0.17522597769542014	0.18390034187312385	0.19331986068283297	0.20459271280804261	0.21831120064855203	0.2330423345274277	0.2522443961983357	0.26997525513425874	0.2910115435916415	0.310691268488194	0.3340585534867218	0.365698965553412	0.39846666283262316	0.4314636384601437	0.45807903339305395	0.4855733286611501	0.5174048060180981	0.5544523657990837	0.5876021936588105	0.6205609562282794	0.6591561448603532	0.7058142887413058	0.7406837042133527	0.7718273465253727	0.8068305077005999	0.857329063915734	0.9020001287780056	0.9426779290738894	0.9849415712789127	1.0222566224662593	1.0647877560776435	1.110165762513869	1.1584479613620127	1.206348029629641	1.2455928402485912	1.282277375978087	1.3208152450230835	1.3612064473835805	1.4043489899237898	1.4511981990950003	1.4961367553636327
209038_HY55YBGXT_TCDM_1_H01_C17_1_2_i_TGTGCA_S8_R1_001 - polya	0.005177869365986137	0.013661168253432058	0.02302336747606382	0.0426075597274874	0.08267395109454617	0.14014639040408972	0.21399312508872595	0.29198597657195624	0.36841209267507263	0.43744398204521256	0.49933002955971106	0.565075595937417	0.6442339456912197	0.7124442543132512	0.7759925698529925	0.8404579987859712	0.9102159362590907	0.9821138049830974	1.0555210895001408	1.132291123125721	1.2118124969310138	1.2916395752007188	1.3839623234532834	1.4749285081450179	1.5643852770437154	1.654548987516367	1.7464513921303646	1.840608367169404	1.9450446548243125	2.0509903582722577	2.1677121440907423	2.2864783285149852	2.422956265346125	2.586718325626078	2.736666365420392	2.8920788725160795	3.0539302798934544	3.215418663219339	3.3891925447088003	3.561323264702044	3.738498108358094	3.9250733642948266	4.114132469004911	4.3168336354394015	4.530960506231308	4.7728873767557225	5.0112986459393944	5.258575344591027	5.522360084320934	5.809091765410801	6.121216023575928	6.44128859781578	6.7826840584484005	7.143262474222904	7.534774360490144	7.9505133255620715	8.394338888301894	8.854806237823171	9.36781654216534	9.89422052335458	10.42605075878714	10.976681818781069	11.511855696793141	12.112927993415125	12.778484825499115	13.46746626216871	14.209984193168538	14.959476007262774	15.707248233744691	16.49267942893642	17.311871860916696	18.103035014816157	18.856271708599447	19.558283798064622	20.29338839580245
209038_HY55YBGXT_TCDM_1_H01_C17_1_2_i_TGTGCA_S8_R1_001 - polyg	0.0	0.0	1.9106529025779102e-05	3.8213058051558205e-05	0.0012610309157014207	0.00212082472186148	0.0021590377799130386	0.0021590377799130386	0.0021590377799130386	0.0021972508379645966	0.002254570425041934	0.0023118900121192713	0.0023118900121192713	0.0023118900121192713	0.0023501030701708297	0.0023883161282223877	0.0023883161282223877	0.002426529186273946	0.002445635715299725	0.0024838487733512835	0.0025029553023770625	0.0025029553023770625	0.0025029553023770625	0.0025411683604286204	0.002598487947505958	0.0026940205926348536	0.0028468728248410863	0.003018831586073098	0.003114364231201994	0.0032672164634082266	0.0034391752246402383	0.0036684535729495874	0.003935944979310495	0.00426075597274874	0.004642886553264322	0.005082336720857241	0.005636426062604835	0.006075876230197754	0.006687285159022686	0.007413333262002292	0.00831134012621391	0.009438625338734876	0.010718762783462076	0.011521237002544798	0.012782267918246219	0.014234364124205432	0.016049484381654447	0.01813209604546437	0.02071147746394455	0.0234054980565794	0.027054845100503207	0.03020742238975676	0.0344681783625055	0.03918749103187294	0.04490034321058089	0.05217993076940273	0.06075876230197755	0.07210804054329033	0.08477566928738188	0.09832219836665926	0.11326350406481851	0.1299243973752979	0.15010089202652063	0.1749011667019819	0.20220439667982024	0.23531601148149542	0.28312054710399476	0.3617439140450757	0.4918593767106314	0.6369925711904495	0.7699549066808462	0.8815370361913962	0.9796299562097461	1.070806312720764	1.151512291325655
209039_HY55YBGXT_TCDM_1_A02_X1_54_2_o_TCAGGA_S9_R1_001 - illumina_universal_adapter	0.004260255434443713	0.0062118808289933465	0.007259094455337053	0.008020704365405203	0.008568111488266686	0.009305921088645206	0.011733552676987433	0.013613777142468178	0.015303599130431885	0.01725522452498152	0.021444079030356344	0.028988777201968952	0.04019872306578453	0.045863196771916394	0.05064705901953196	0.0562877324159742	0.0616666024058305	0.06742627735072089	0.07368575879909349	0.08192066595170536	0.09270220624110762	0.1033647449820617	0.11669291840825433	0.13009249276351584	0.14496768631953438	0.1648647452200648	0.18238177315163226	0.20075561223202637	0.21415518658728788	0.23657507831491903	0.25751935084179317	0.2714187317005369	0.2862701249468658	0.30321594544588215	0.3188051482925896	0.33617937436601925	0.35407720725262076	0.38149516401507416	0.4092939257325616	0.4432569676596632	0.4890725638122003	0.5316751181566375	0.5800373474459649	0.6240203197524006	0.6768808075730681	0.758063663924395	0.8399605295664108	0.9219287961374953	0.980501358283674	1.0416443538763327	1.114568502765358	1.199464207428267	1.2820988826706614	1.3703980316191875	1.4816882797278959	1.6254659505629487	1.7254034509497038	1.8029210596088276	1.8969084825731752	2.0616304259351024	2.200909838238815	2.3285508991042994	2.4582387866030913	2.565697184851769	2.692576635807185	2.826738981527628	2.965328184850341	3.1089630538272566	3.2155170403077284	3.2953194786970568	3.385475051801374	3.490029812267917	3.5980594179491465	3.723986856516977	3.861790649619933
209039_HY55YBGXT_TCDM_1_A02_X1_54_2_o_TCAGGA_S9_R1_001 - polya	0.004046052647237046	0.010971942766919283	0.01958765487456523	0.03581946608289267	0.07225774021771571	0.13340073581037437	0.21486919587797676	0.30257333708426215	0.38149516401507416	0.4554665265304432	0.5319369215632234	0.6158092129094784	0.7160085167028193	0.8037840588381736	0.8904647867278049	0.9800015517801918	1.0741317766026772	1.173688472034398	1.276720012680805	1.3860110347755845	1.5031085584485626	1.6256563530404657	1.756105850449326	1.8877215630329782	2.022621718353799	2.1589736925656875	2.296420481023299	2.4366757060242867	2.58621305180423	2.7413910709806157	2.917632364232323	3.102870174546711	3.309837667607731	3.568118628359592	3.8226629404901815	4.090464025117895	4.370855473571422	4.6539363570198775	4.96224556873934	5.268745956922391	5.591406755384701	5.930989574036337	6.282805751868444	6.66546713105831	7.078830909747798	7.542579944050232	7.989573560331167	8.458201658119975	8.952510290063895	9.48680344228639	10.060747910451811	10.658968694500652	11.27292148325434	11.934593892935736	12.667048423634089	13.435393821344404	14.271831905076748	15.191095066529005	16.179117322674603	17.167377581917094	18.107109009702434	19.05728877344152	19.966555804824132	20.962812968122343	22.061578065253784	23.19045055414261	24.377681402390408	25.523618713326698	26.619718175772903	27.75368393093531	28.92844341690574	30.029802747793354	31.053144663518363	32.00025418730748	32.93689157483317
209039_HY55YBGXT_TCDM_1_A02_X1_54_2_o_TCAGGA_S9_R1_001 - polyg	0.0	0.0	7.140092906888904e-05	0.00014280185813777809	0.0010948142457229654	0.0019992260139288934	0.0019992260139288934	0.0019992260139288934	0.0019992260139288934	0.0019992260139288934	0.002023026323618523	0.0020468266333081527	0.0020468266333081527	0.0020468266333081527	0.0020468266333081527	0.0020468266333081527	0.002070626942997782	0.002070626942997782	0.002070626942997782	0.002094427252687412	0.0021420278720666714	0.0021420278720666714	0.002165828181756301	0.002165828181756301	0.002165828181756301	0.0023086300398940792	0.002380030968962968	0.0025228328271007464	0.002594233756169635	0.0028084365433763024	0.0029988390208933397	0.0031892414984103774	0.0033796439759274147	0.003570046453444452	0.003784249240651119	0.004022252337547416	0.004593459770098529	0.006235681138682976	0.01570820439515559	0.03041679578334673	0.04400677261612528	0.051384868619910484	0.058762964623695686	0.06499864576237865	0.07637519379402165	0.09572484557169057	0.11481269394277359	0.14420607640946623	0.17074342171340334	0.193710720563896	0.21382198225163307	0.23257662628706124	0.24733281829463166	0.2613274003921339	0.27620259394815244	0.2954808447967525	0.3155683061748	0.3397732211291533	0.3724272460233253	0.4143157910770735	0.4629398237729869	0.5188229509242375	0.5853448165067524	0.6638144375534615	0.7507569688496787	0.8453155992465774	0.9479425346282606	1.0651114592303075	1.2344982632914019	1.4518664916867898	1.682063087004888	1.884841725560533	2.073792384186503	2.2586255892361673	2.4302734227177765
209040_HY55YBGXT_TCDM_1_B02_X9_27_1_i_CGGTTA_S10_R1_001 - illumina_universal_adapter	0.01921138932048979	0.024604060006943065	0.028648563021783018	0.03134489836500966	0.033367149872429634	0.0397709463125929	0.052578539192919424	0.06403796440163263	0.07145288659550589	0.08897906632647902	0.1125720005797121	0.1614430786756949	0.23694046828604073	0.2682853666510504	0.2969339296728334	0.3299640376273597	0.3572644329775294	0.39265383435737905	0.41658381052851545	0.4583770083485283	0.49781091274321787	0.5483672004287173	0.5958901108530869	0.6518390692250395	0.7317180037681287	0.8503567588701006	0.9410210347860963	1.0279778496051555	1.080556388798075	1.1786355869079437	1.2794111203610392	1.3410897913373487	1.4044536719031746	1.4708509297301304	1.5217442593335333	1.5824118045561326	1.664650032524545	1.7907037098203904	1.893501494780906	2.040788812904661	2.2837960357129616	2.492424982895123	2.7414989602256834	2.949790865489941	3.212683561454538	3.6835311207654895	4.116967027189172	4.525461831688007	4.750942874765334	4.991927846066215	5.251113080933876	5.572314028695749	5.8190287126009865	6.102143923639783	6.536253913899271	7.113269677349772	7.465815523476655	7.698037404912049	8.036764532404895	8.735789470136401	9.371113485384177	9.924536314581445	10.427402856093213	10.826797528808658	11.252481471120563	11.688950754805376	12.153731559594068	12.57402283121952	12.851745371571862	13.004088318464168	13.205976427288261	13.456061530372532	13.740861951000847	14.059703605337395	14.477972625455427
209040_HY55YBGXT_TCDM_1_B02_X9_27_1_i_CGGTTA_S10_R1_001 - polya	0.004044503014839955	0.01584097014145649	0.025615185760653053	0.04988220384969279	0.10144961728890223	0.18469897101102464	0.30266364227719	0.4105170560062555	0.4981479546611212	0.5854418113980836	0.6781283388214993	0.7802520399462081	0.9042834657346334	1.0232592627545087	1.1452684370355142	1.2753666173461993	1.407824091082208	1.5180367982365968	1.6366755533385686	1.764751482141834	1.9059720457433291	2.034722058382401	2.1671795321184097	2.292222083660545	2.41322013218784	2.537588599894169	2.657238480749851	2.781269906538276	2.8918196556105684	3.0043916561902804	3.124378578963866	3.260543513796811	3.4081678738384693	3.569273910596261	3.7253243185855025	3.888452606850714	4.053603146623345	4.2356057822911435	4.411541663436681	4.5817478319778635	4.761728216138241	4.937664097283779	5.122026026376901	5.326610470544222	5.5375987111517055	5.774539179437746	5.977438414015551	6.187415528869326	6.4277264163344	6.663318716948827	6.928233664420844	7.195844947236088	7.455704265939555	7.725000758344315	8.012160472397952	8.309094402070786	8.663662499705088	9.04350874118214	9.45234058759888	9.868924398127396	10.245400220425415	10.598620150388104	10.919484056232074	11.284837495239282	11.690973006312795	12.087671343685015	12.512007118325306	12.922187132413658	13.266643972510861	13.628626992339036	14.02465124587545	14.364052457204103	14.66637905756339	14.961627777646706	15.252831994715184
209040_HY55YBGXT_TCDM_1_B02_X9_27_1_i_CGGTTA_S10_R1_001 - polyg	0.0	0.0	0.0	0.0006740838358066593	0.0013481676716133185	0.0023592934253233075	0.0023592934253233075	0.0023592934253233075	0.0023592934253233075	0.0023592934253233075	0.0023592934253233075	0.0023592934253233075	0.0023592934253233075	0.0023592934253233075	0.0023592934253233075	0.0023592934253233075	0.0023592934253233075	0.0023592934253233075	0.0023592934253233075	0.0023592934253233075	0.0023592934253233075	0.0023592934253233075	0.0023592934253233075	0.0023592934253233075	0.0023592934253233075	0.0023592934253233075	0.0023592934253233075	0.002696335343226637	0.003033377261129967	0.004044503014839955	0.004381544932743286	0.004381544932743286	0.004718586850646615	0.005392670686453274	0.005392670686453274	0.006066754522259934	0.006740838358066593	0.007077880275969922	0.008426047947583242	0.00977421561919656	0.010785341372906548	0.012133509044519868	0.014492802469843174	0.015503928223553164	0.017526179730973142	0.020896598910006437	0.021907724663716426	0.02662631151436304	0.030670814529203	0.03741165288726959	0.044152491245336184	0.049545161931789455	0.05224149727501609	0.05628600028985605	0.061004587140502664	0.06302683864792265	0.06774542549856925	0.07583443152824917	0.08426047947583241	0.09369765317712564	0.10144961728890223	0.11290904249761542	0.13683901866875184	0.1624542044294049	0.19649543813764117	0.2376145521218474	0.3306381214631664	0.5615118352269471	1.097071442775338	1.7529550150152173	2.3805270661512172	2.8614858829992684	3.254476759274551	3.5921927610136875	3.8918230260297473
209041_HY55YBGXT_TCDM_1_C02_X9_27_2_i_TTAACT_S11_R1_001 - illumina_universal_adapter	0.003909113119960909	0.003909113119960909	0.004886391399951136	0.005863669679941363	0.018568287319814317	0.026386513559736136	0.04984119227950159	0.08600048863913999	0.15538724651844613	0.21011483019789884	0.2404104568775959	0.33520645003664795	0.4886391399951136	0.5414121671145858	0.5648668458343513	0.5775714634742243	0.5961397507940386	0.6088443684339115	0.6225262643537748	0.6479354996335206	0.6674810652333252	0.6889811873931102	0.7143904226728561	0.7446860493525531	0.7847544588321524	0.8394820425116052	0.881505008551185	0.9166870266308331	0.9430735401905692	0.9938920107500611	1.0388468116296115	1.0681651600293183	1.1121426826288785	1.1619838749083802	1.2049841192279502	1.24700708526753	1.2900073295871	1.3623259223063768	1.423894453945761	1.4981676032250184	1.59100903982409	1.6799413633032005	1.759100903982409	1.8431468360615686	1.943806498900562	2.0786709015392133	2.2086489127779134	2.3552406547764475	2.4832641094551673	2.6005375030539946	2.7373564622526265	2.9396530662106035	3.0940630344490594	3.289518690447105	3.504519912044955	3.763498656242365	3.934522355240655	4.08697776691913	4.252137796237479	4.523821158074762	4.779868067432202	5.081847055949182	5.351575861226484	5.648668458343513	6.000488639139995	6.32201319325678	6.680674322013194	6.9992670412900075	7.256291228927437	7.4400195455656	7.633520645003665	7.848521866601515	8.089909601759102	8.34595651111654	8.64891277791351
209041_HY55YBGXT_TCDM_1_C02_X9_27_2_i_TTAACT_S11_R1_001 - polya	0.023454678719765452	0.04886391399951136	0.07329587099926704	0.10945516735890545	0.15734180307842657	0.2228194478377718	0.3234791106767652	0.4319569997556804	0.5443440019545566	0.675299291473247	0.7984363547520157	0.9538236012704617	1.096506230149035	1.2196432934278036	1.341803078426582	1.488394820425116	1.630100171023699	1.7532372343024676	1.8959198631810408	2.038602492059614	2.1920351820180795	2.3581724896164182	2.5135597361348645	2.6581969215734182	2.8194478377718055	2.9640850232103593	3.1028585389689716	3.2357683850476424	3.3774737356462254	3.5338382604446616	3.7019301246029808	3.8524309797214755	4.063523088199365	4.2892743708771075	4.537503053994625	4.778890789152211	5.048619594429514	5.260688981187393	5.521622281944784	5.76691913022233	5.993647691180064	6.242853652577572	6.508673344734913	6.818470559491815	7.104813095528952	7.4048375274859515	7.6882482286831175	8.022477400439776	8.356706572196433	8.674322013193256	9.114097239188858	9.535304177864647	9.943806498900562	10.378695333496212	10.863425360371366	11.429269484485708	12.037136574639629	12.785731737112142	13.652577571463475	14.479354996335207	15.206450036647935	15.975568043000244	16.72514048375275	17.47178108966528	18.31517224529685	19.18397263620816	20.028341070119716	20.8101636941119	21.55778157830442	22.26826288785732	22.955289518690446	23.524065477644758	24.020522843879796	24.404593207915955	24.77791351087222
209041_HY55YBGXT_TCDM_1_C02_X9_27_2_i_TTAACT_S11_R1_001 - polyg	0.0	0.0	0.0	0.0	0.0029318348399706815	0.003909113119960909	0.003909113119960909	0.003909113119960909	0.003909113119960909	0.003909113119960909	0.003909113119960909	0.003909113119960909	0.003909113119960909	0.003909113119960909	0.003909113119960909	0.003909113119960909	0.003909113119960909	0.003909113119960909	0.003909113119960909	0.003909113119960909	0.003909113119960909	0.003909113119960909	0.003909113119960909	0.003909113119960909	0.003909113119960909	0.003909113119960909	0.003909113119960909	0.003909113119960909	0.003909113119960909	0.003909113119960909	0.003909113119960909	0.003909113119960909	0.003909113119960909	0.004886391399951136	0.004886391399951136	0.004886391399951136	0.004886391399951136	0.005863669679941363	0.005863669679941363	0.005863669679941363	0.005863669679941363	0.005863669679941363	0.005863669679941363	0.006840947959931591	0.008795504519912045	0.008795504519912045	0.010750061079892499	0.012704617639872955	0.018568287319814317	0.02052284387979477	0.026386513559736136	0.02834107011971659	0.03127290495968727	0.03518201807964818	0.03713657463962863	0.04104568775958954	0.04593207915954068	0.04984119227950159	0.05277302711947227	0.06254580991937454	0.07329587099926704	0.08209137551917908	0.09088688003909114	0.10945516735890545	0.13193256779868068	0.1759100903982409	0.2325922306376741	0.33422917175665773	0.5179574883948205	0.7329587099926704	0.9137551917908624	1.0320058636696798	1.1561202052284387	1.2655753725873442	1.3906669924260933
209042_HY55YBGXT_TCDM_1_D02_X9_27_3_o_ATGAAC_S12_R1_001 - illumina_universal_adapter	0.016584411796663673	0.022875050754018862	0.02344692702286933	0.02687818463597216	0.03030944224907499	0.035456328668729234	0.04918135912114055	0.06176263703585092	0.06976890479975753	0.08463768778986978	0.11551900630779524	0.1669878705043377	0.24876617694995512	0.2882256395006376	0.32654134951361924	0.36828831713970367	0.40260089327073195	0.43519784059520883	0.4700822929950876	0.5112573843523215	0.5638700010865649	0.6193419991650606	0.6873952751582667	0.750873541000669	0.8509518880495016	0.9990678416817738	1.0980024361929053	1.2003682883171396	1.266134059234944	1.4010968586836552	1.4960283193128334	1.5640815953060396	1.6201254696533858	1.6984725184859004	1.7653820419414055	1.827716555246107	1.9295105311014908	2.0953546490681276	2.1965767486546612	2.334398929447625	2.5339837472764395	2.7392873277937584	2.9623190726454425	3.136169458375986	3.3534824405391648	3.72348638648542	4.13580917632661	4.497234978240108	4.6996791774131745	4.886110841058429	5.112573843523215	5.372205669581329	5.587231146669106	5.794250355992977	6.134516735959008	6.590302122232834	6.857368339786004	7.0712500643360805	7.342319415771204	7.898183149093862	8.407153028370782	8.815472684330018	9.255817411344882	9.630396367441941	10.019272230260261	10.401285577852375	10.825045893070575	11.207631116931541	11.491281746281375	11.639969576182498	11.820110600870395	12.03170482034507	12.265602214304913	12.515512143792568	12.842625369575039
209042_HY55YBGXT_TCDM_1_D02_X9_27_3_o_ATGAAC_S12_R1_001 - polya	0.013153154183560846	0.02573443209827122	0.04460634897033678	0.06633764718665469	0.11780651138319713	0.19443793140916033	0.29451627845799283	0.40660402715268523	0.5164042707719758	0.6176263703585092	0.721707851289295	0.8360831050593893	0.9807678010785587	1.1054368276879614	1.22495896787771	1.3639249012083745	1.4863064227423755	1.6321348712992456	1.755088269102097	1.8814729245180513	2.027873249343772	2.1388172455007632	2.271492539874073	2.4047397105162327	2.5231180981682804	2.641496485820328	2.769024893773983	2.8679594882851145	2.981190989517508	3.0927068619433498	3.2133727546707993	3.352338688001464	3.4913046213321284	3.6319861834693445	3.78410527098357	3.9265024619273374	4.07461841555961	4.227309379342685	4.406306651492883	4.575010150803772	4.74199802130811	4.903839005392793	5.102280070683907	5.292714868211114	5.500305953803835	5.726197079999771	5.928069402903987	6.1356604884967085	6.375276645145056	6.6177521831376565	6.860227721130256	7.113568908231015	7.364050713987521	7.61682002481943	7.902758159244666	8.201277571584612	8.517525148258922	8.838919611352887	9.19291102177133	9.524599257704603	9.851140607218221	10.204560141367814	10.554548417904302	10.898817931752285	11.265390620085439	11.638253947375945	12.027701686463116	12.438308847497755	12.818034690014468	13.185179254616472	13.542030046379166	13.895449580528757	14.244294104527544	14.582272979418173	14.916820596695699
209042_HY55YBGXT_TCDM_1_D02_X9_27_3_o_ATGAAC_S12_R1_001 - polyg	0.0	0.0	0.0	0.0	0.0028593813442523578	0.003431257613102829	0.003431257613102829	0.003431257613102829	0.003431257613102829	0.003431257613102829	0.003431257613102829	0.003431257613102829	0.003431257613102829	0.003431257613102829	0.003431257613102829	0.003431257613102829	0.003431257613102829	0.003431257613102829	0.003431257613102829	0.003431257613102829	0.003431257613102829	0.003431257613102829	0.003431257613102829	0.003431257613102829	0.0040031338819533	0.0040031338819533	0.0040031338819533	0.0040031338819533	0.0040031338819533	0.0040031338819533	0.004575010150803772	0.004575010150803772	0.004575010150803772	0.004575010150803772	0.0051468864196542435	0.0051468864196542435	0.0051468864196542435	0.0057187626885047155	0.0057187626885047155	0.006862515226205658	0.00743439149505613	0.00743439149505613	0.00743439149505613	0.009150020301607545	0.009721896570458015	0.012009401645859901	0.012581277914710374	0.013725030452411316	0.016584411796663673	0.01944379314091603	0.024018803291719803	0.027450060904822632	0.03030944224907499	0.03259694732447688	0.0360282049375797	0.03888758628183206	0.04117509135723395	0.04289072016378536	0.048037606583439606	0.05375636927194432	0.05947513196044904	0.07091265733745847	0.08692519286527167	0.10350960466193534	0.1263846554159542	0.1584097264715806	0.2447630430680018	0.4580728913492277	0.9395927097213247	1.544065925896273	2.095926525336978	2.492236779650355	2.855950086639255	3.16533514808736	3.4038075521980065
209043_HY55YBGXT_TCDM_1_E02_X11_57_2_o_CCTAAG_S13_R1_001 - illumina_universal_adapter	0.007439211018534263	0.011690188743410984	0.012752933174630166	0.01354999149804455	0.015409794252678116	0.01740244006121408	0.02112204557048121	0.025771552457065125	0.029491157966332258	0.03573478149974494	0.04397105084169359	0.05884947287876212	0.08860631695289917	0.10109356401972454	0.11265090970923312	0.1250053137221561	0.1354999149804455	0.14918274953239244	0.15954450773677947	0.1734930283965312	0.19155968372725726	0.21533859037578643	0.23991455534772999	0.2662174800204047	0.30128804625063765	0.3463218415235504	0.38298652440061215	0.4188541489542595	0.44714971943547016	0.4931134160856997	0.5377486821969053	0.5663099387859207	0.597793742560789	0.6298089185512667	0.659300076517599	0.6914480955619793	0.7277142492773337	0.789619112395851	0.8410293742560789	0.902535708212889	0.9949944737289577	1.084663535113076	1.1773879867369494	1.2625403842883862	1.3623055177690868	1.526366689338548	1.6930847219860568	1.8389463951708893	1.932733591225982	2.0271850025505866	2.1377104233973814	2.254612310831491	2.3569014623363373	2.471810703961911	2.6346762880462506	2.8416457660261862	2.984053519809556	3.0887338462846454	3.2170602363543614	3.4737130164937935	3.706321203876892	3.908641174970243	4.11733761265091	4.277679178711104	4.4656520999829965	4.661064232273423	4.849568525760925	5.044449285835742	5.190709488182282	5.287684917531032	5.395420634245877	5.524809768746811	5.662302329535793	5.820784092841354	6.004904565550077
209043_HY55YBGXT_TCDM_1_E02_X11_57_2_o_CCTAAG_S13_R1_001 - polya	0.006110780479510287	0.012885776228532562	0.02431027886413875	0.04503379527291277	0.08940337527631355	0.17030479510287366	0.28122874511137563	0.39281691038938954	0.4920506716544805	0.594472666213229	0.706060831491243	0.8319960465907159	0.9842341863628634	1.1328855636796462	1.2714408688998469	1.4284613586124808	1.5923896871280394	1.75034007821799	1.9092203706852575	2.088159964291787	2.2583319163407585	2.4331533752763135	2.6091704216969904	2.773497279374256	2.9532339313042	3.1224759819758545	3.284145978575072	3.4556463611630677	3.6224972368644788	3.7967873235844243	3.978516621322904	4.166622385648699	4.3819609760244855	4.62599366604319	4.861125871450434	5.127343351470838	5.412823074307091	5.676383693249448	5.985243793572522	6.281350960720966	6.587819886073797	6.8989383183132125	7.234765558578473	7.591183472198606	7.976959700731168	8.392359930283964	8.790756248937255	9.20602363543615	9.647859632715525	10.083319163407584	10.547871322904268	11.030357294677776	11.514968755313722	12.036112055772827	12.581698478149974	13.15265792382248	13.782068313212038	14.499022275123279	15.258486014283285	15.978761052542085	16.640319460976023	17.29443865839143	17.94829216969903	18.64146722496174	19.417270659751743	20.208218202686616	21.026664257779288	21.812563764665875	22.583983378677097	23.36709318143173	24.165081406223432	24.91312064274783	25.644288811426627	26.31368496004081	26.991051691889133
209043_HY55YBGXT_TCDM_1_E02_X11_57_2_o_CCTAAG_S13_R1_001 - polyg	0.0	0.0	0.0	0.0	0.0007970583234143853	0.0015941166468287707	0.0015941166468287707	0.0015941166468287707	0.0015941166468287707	0.0015941166468287707	0.0015941166468287707	0.0015941166468287707	0.0015941166468287707	0.0015941166468287707	0.0015941166468287707	0.0015941166468287707	0.0015941166468287707	0.0015941166468287707	0.0015941166468287707	0.0015941166468287707	0.0015941166468287707	0.0015941166468287707	0.0015941166468287707	0.0015941166468287707	0.0018598027546335657	0.0021254888624383608	0.0021254888624383608	0.002258331916340758	0.002656861078047951	0.002656861078047951	0.0027897041319503487	0.003453919401462336	0.003586762455364734	0.004118134670974324	0.004649506886583914	0.004915192994388709	0.005180879102193505	0.005313722156095902	0.005712251317803094	0.005845094371705492	0.006110780479510287	0.006110780479510287	0.006642152695119878	0.007439211018534263	0.007704897126339058	0.008767641557558239	0.010760287366094202	0.012221560959020574	0.015011265090970923	0.016738224791702092	0.019793615031457237	0.022849005271212378	0.02656861078047951	0.02882694269682027	0.03161664682877062	0.034672037068525764	0.0382587995238905	0.04171271892535283	0.045963696650229556	0.05353575072266621	0.06429603808876042	0.07997151844924333	0.09817101683387179	0.1196915915660602	0.15024549396361164	0.1906297823499405	0.28122874511137563	0.4665448053052202	0.7906818568270703	1.1476311426628125	1.4631333956810066	1.6920219775548375	1.888629697330386	2.0621227257269172	2.2206044890324774
209044_HY55YBGXT_TCDM_1_F02_X11_57_3_o_AATCCG_S14_R1_001 - illumina_universal_adapter	0.028297691716861383	0.04312029213997925	0.052552856045599707	0.06063791082184582	0.06468043820996887	0.07680802037433804	0.0916306207974559	0.11723329425556858	0.14148845858430692	0.1670911320424196	0.20886391505302448	0.2883669536861112	0.44063548530541297	0.5201385239384997	0.5821239438897199	0.6791446012046731	0.7519100941908882	0.8192855506596057	0.9136111897158103	1.0025467922545175	1.1292126504157065	1.2477934538006494	1.4014094945493256	1.5671531174623707	1.7679319777391491	2.09941922356524	2.3365808303351256	2.5535298001643962	2.676153130937462	2.928137338130466	3.182816563582218	3.3135249491315304	3.434800770775222	3.5830267750064007	3.694870032744472	3.8161458543881634	3.9818894773012086	4.216356065812346	4.427914999124119	4.7701823179852045	5.232377949360607	5.636630688172913	6.058401045667084	6.496341512713749	6.945062052795408	7.723922329573782	8.548597916750886	9.258735227931169	9.650860384579106	9.998517739957688	10.408160515287491	10.875746183180391	11.34602686933204	11.812265028095565	12.442899300642761	13.313390198218594	13.785018393499616	14.082817911091349	14.501893250326772	15.41819945830133	16.20514478985595	16.82365148023878	17.444853188880355	17.912438856773253	18.380024524666155	18.8556952473353	19.210090148360756	19.587392704585575	19.839376911778576	19.980865370362885	20.16816913934592	20.360862944846453	20.612847152039453	20.90795165137244	21.256956515880397
209044_HY55YBGXT_TCDM_1_F02_X11_57_3_o_AATCCG_S14_R1_001 - polya	0.02560267345811268	0.0417727830106049	0.06602794733934322	0.10645322122057377	0.18191373246553746	0.2775868806511164	0.4002102114241824	0.5538262521728585	0.6993572381452884	0.8085054776246109	0.939213863173923	1.1049574860869682	1.2787861637762596	1.43374971365431	1.5725431539798682	1.7153791216935494	1.8838177628653434	2.034738785355271	2.177574753068952	2.3244532481707565	2.4834593254369297	2.6195577475037393	2.7367910417593078	2.844591772109256	2.963172575494199	3.0777108514910188	3.1679939631591005	3.274447184379674	3.380900405600248	3.4860061176914474	3.5776367384889034	3.680047432321354	3.810755817870666	3.9266416029968605	4.066782552451793	4.174583282801741	4.2999016318335554	4.44678012693536	4.585573567260918	4.700111843257738	4.841600301842045	5.000606379108218	5.142094837692525	5.315923515381817	5.485709665682985	5.6716659255366455	5.814501893250327	6.005848189621485	6.1850669038282735	6.387193273234426	6.561021950923718	6.752368247294876	6.951799598442279	7.162011022624679	7.38839255635957	7.63633423616445	7.908531080298069	8.206330597889801	8.493350042446538	8.764199377450781	9.031006185066904	9.309940574847394	9.610435110697875	9.917667192195227	10.26532454757381	10.615676921211142	10.953901712684104	11.317729177615178	11.624961259112531	11.979356160137986	12.353963698104055	12.698926035223888	13.000768080203743	13.26892239694924	13.611189715810324
209044_HY55YBGXT_TCDM_1_F02_X11_57_3_o_AATCCG_S14_R1_001 - polyg	0.0	0.0	0.0	0.0	0.0	0.0013475091293743515	0.0013475091293743515	0.0013475091293743515	0.0013475091293743515	0.0013475091293743515	0.0013475091293743515	0.0013475091293743515	0.0013475091293743515	0.0013475091293743515	0.0013475091293743515	0.0013475091293743515	0.0013475091293743515	0.0013475091293743515	0.0013475091293743515	0.0013475091293743515	0.0013475091293743515	0.0013475091293743515	0.0013475091293743515	0.0013475091293743515	0.0013475091293743515	0.0013475091293743515	0.0013475091293743515	0.0013475091293743515	0.0013475091293743515	0.004042527388123054	0.004042527388123054	0.004042527388123054	0.004042527388123054	0.004042527388123054	0.004042527388123054	0.005390036517497406	0.005390036517497406	0.006737545646871758	0.013475091293743515	0.016170109552492217	0.02560267345811268	0.030992709975610086	0.0417727830106049	0.0471628195281023	0.05524787430434841	0.07007047472746628	0.0916306207974559	0.10914823947932248	0.12936087641993774	0.1441834768430556	0.15765856813679913	0.16843864117179394	0.17652369594804004	0.19269380550053228	0.22368651547614235	0.25737424371050116	0.29240948107423426	0.3341822640848392	0.37865006535419277	0.41907533923542334	0.471628195281023	0.5120534691622536	0.548436215655361	0.5996415625715864	0.671059546428427	0.7573001307083855	0.9931142283488971	1.5577205535567504	2.6087776744687443	3.929336621255609	5.0922369999056745	5.962727897481505	6.721375537319266	7.4166902480764305	8.066189648434868
209045_HY55YBGXT_TCDM_1_G02_X9_27_2_o_GGCTGC_S15_R1_001 - illumina_universal_adapter	0.0012515100351048565	0.0018291300513070979	0.0021660750607584056	0.0024869750697596505	0.002759740077410709	0.0032090000900124524	0.003914980109815192	0.0045728251282677445	0.005070220142219675	0.005760155161572352	0.006819125191276461	0.00843967023673275	0.011087095310993023	0.012354650346547941	0.013477800378052301	0.014777445414507344	0.016430080460863757	0.017954355503619672	0.019911845558527267	0.022527180631887418	0.025623865718749434	0.02864032580336114	0.03233067590687546	0.03614938601399028	0.040401311133256776	0.0455357112772767	0.05023689640914494	0.05485785653876288	0.05877283664857807	0.06470948681510111	0.07050173197757358	0.07520291710944182	0.07953506723095864	0.08433252236552725	0.08927438250414643	0.09415206264096536	0.10039356781603957	0.10767799802036784	0.11544377823819799	0.1249584635050849	0.13638250382552924	0.14925059418647918	0.1620705495460789	0.17371921987282413	0.18815972027788017	0.20813574583820768	0.2294274614354403	0.25126470704797504	0.26838472252819146	0.28568123301335857	0.30674831860429036	0.33185874430863777	0.3537762149234228	0.37627130555441013	0.4035798963204161	0.43599079722954187	0.4599459829014848	0.48102911349286664	0.5062999892017147	0.5427381852238061	0.5775558362004412	0.6085387320695115	0.6393451329336309	0.6675682887252905	0.6996422446249649	0.735214010622753	0.7713473516362932	0.8083310776736867	0.8415923636066658	0.8693181243843734	0.9006058752619948	0.933883206195424	0.9686366771702588	1.0073051282549088	1.044673934303104
209045_HY55YBGXT_TCDM_1_G02_X9_27_2_o_GGCTGC_S15_R1_001 - polya	0.0023586150661591525	0.006113145171473722	0.010060215282189039	0.01742487048876762	0.03470533597348467	0.06098704671068666	0.09397556763601467	0.12983614364190382	0.16409221960278675	0.19696842552496432	0.23051852146604454	0.2701657175781484	0.31874997894093693	0.35927965007779417	0.39921565619799915	0.44199162739786513	0.4863720986427374	0.5346835949978749	0.5822570213323095	0.6320607027293027	0.6837256041785031	0.737267770680361	0.7978055573784459	0.8585358840819316	0.9190415807791164	0.980269302496554	1.0402936491802368	1.1055647110110902	1.178713868062924	1.2529059501440118	1.3319596673614686	1.4195493248183586	1.5158995525209824	1.6413393660395692	1.7558685792521136	1.8784844726914895	2.0107594564018028	2.143018395111666	2.289862239230636	2.4364333183419546	2.586758927558588	2.747674237072262	2.916884811818619	3.1030709970411414	3.3031361076529677	3.5333658191109114	3.7620231205247485	4.003291792292335	4.2650659746351005	4.546206472521091	4.858121281270302	5.181732895347608	5.530791880138712	5.900966085522099	6.318553267235419	6.764203154735898	7.25152190840519	7.770545582963804	8.34688199913004	8.95230800111224	9.55576046803908	10.179557995536602	10.793134857747432	11.486551642197773	12.270029014174314	13.094982712314264	13.977987222082541	14.865933591989437	15.74821607673746	16.679756712867174	17.658758460328176	18.59544954160236	19.467880396074044	20.287410884061874	21.143106803064146
209045_HY55YBGXT_TCDM_1_G02_X9_27_2_o_GGCTGC_S15_R1_001 - polyg	0.0	0.0	0.0	4.813500135018679e-05	0.0008985200252034867	0.0017007700477065998	0.001716815048156662	0.001716815048156662	0.0017328600486067245	0.0017489050490567867	0.0017489050490567867	0.0018130850508570357	0.0018291300513070979	0.0018291300513070979	0.0018451750517571603	0.0018451750517571603	0.0018772650526572847	0.001893310053107347	0.001893310053107347	0.001893310053107347	0.0019093550535574093	0.0019254000540074715	0.0019414450544575337	0.0019414450544575337	0.0020056250562577827	0.002037715057157907	0.0021018950589581564	0.002150030060308343	0.0022302550625586544	0.002326525065259028	0.0024067500675093393	0.0025190650706597754	0.002679515075160398	0.002807875078760896	0.0029522800828114563	0.0031929550895623904	0.0033373600936129504	0.003642215102164134	0.0039791601116154415	0.004364240122416935	0.004861635136368865	0.005294850148520547	0.005728065160672227	0.006369865178674718	0.006915395193976835	0.008054590225931257	0.00929005526058605	0.01113523031234321	0.012659505355099125	0.014697220412257033	0.01753718549191805	0.01992789055897733	0.022254415624236357	0.024500715687245076	0.027196275762855535	0.030950805868170103	0.03762552605539601	0.047316706327233615	0.05923814166162988	0.0714323420036772	0.08540753739568142	0.101789482855195	0.1214766984074214	0.14368297903030755	0.16848854972610383	0.19525161047680767	0.22702071136793095	0.2727970976519586	0.3508560248415115	0.446083102512631	0.5375075150770858	0.6131757371995794	0.6807893690961418	0.742963745840133	0.8012391874747592
209046_HY55YBGXT_TCDM_1_H02_X11_57_1_o_TACCTT_S16_R1_001 - illumina_universal_adapter	0.6658041715313496	0.9876621122716228	1.1927676627433657	1.3221419330409265	1.5840459436433056	1.9437695244706699	2.6127291660092773	3.3858193177873845	4.133665709507431	4.906755861285538	5.320122432236282	5.8975734435644185	6.724306585465905	6.979899656053769	7.216559906598087	7.402732637026285	7.563661607396422	7.746678867817361	7.992805528383453	8.273642359029378	8.440882269414029	8.538701839639014	8.589189359755135	8.64914328989303	8.68700892998012	8.740651920103499	8.781673030197847	8.832160550313969	8.866870720393802	8.939446530560726	9.002555930705878	9.034110630778455	9.081442680887319	9.13193020100344	9.176106781105046	9.229749771228425	9.270770881322774	9.333880281467925	9.378056861569531	9.434855321700168	9.53583036193241	9.598939762077562	9.63996087217191	9.696759332302546	9.737780442396895	9.816667192578334	9.882932062730744	9.942885992868638	10.005995393013789	10.157457953362153	10.223722823514562	10.340475213783092	10.504559654160488	10.615001104414503	10.744375374712064	10.851661354958821	10.977880155249125	11.085166135495882	11.252406045880534	11.38809125619261	11.564797576599034	11.728882016976428	11.85825628727399	12.031807137673157	12.189580638036036	12.337887728377142	12.467261998674703	12.637657379066612	12.798586349436748	12.946893439777854	13.16146540027137	13.350793600706826	13.461235050960841	13.571676501214856	13.732605471584993
209046_HY55YBGXT_TCDM_1_H02_X11_57_1_o_TACCTT_S16_R1_001 - polya	0.14515162033384874	0.48909785112492504	0.6658041715313496	1.0413051023950017	1.5461803035562147	2.1425641349278974	2.682149506168944	3.1144488971632325	3.515193588084945	3.751853838629264	4.057934429333249	4.4523681802404464	4.827869111104099	5.181281751916948	5.525227982708024	5.859707803477328	6.194187624246632	6.427692404783692	6.762172225552996	7.027231706162633	7.330156826859361	7.69619134770124	7.954939888296361	8.207377488876968	8.462970559464832	8.658609699914802	8.829005080306711	9.049887980814743	9.195039601148592	9.396989681613077	9.570540532012243	9.772490612476728	9.987062572970244	10.13536966331135	10.293143163674229	10.498248714145973	10.719131614654003	10.914770755103973	11.07569972547411	11.186141175728125	11.337603736076488	11.612129626707898	11.798302357136095	12.0286516676659	12.24953456817393	12.486194818718248	12.672367549146445	12.87431762961093	13.0699567700609	13.28137326054716	13.445457700924553	13.653718721403553	13.830425041809978	14.04815247231075	14.278501782840554	14.508851093370357	14.770755103972737	15.032659114575116	15.326117825250071	15.61326559591051	15.878325076520147	16.231737717332997	16.48733078792086	16.771323088574043	17.058470859234482	17.339307689880407	17.658010160613422	17.942002461266604	18.27963775204317	18.58887381275441	18.882332523429366	19.20103499416238	19.469249944779275	19.73430942538891	20.002524376005805
209046_HY55YBGXT_TCDM_1_H02_X11_57_1_o_TACCTT_S16_R1_001 - polyg	0.0	0.0	0.0	0.0	0.0	0.0	0.0	0.0	0.0	0.0	0.0	0.0	0.0	0.0	0.0	0.0	0.0	0.0	0.0	0.0	0.0	0.0	0.0	0.0	0.0	0.0	0.0	0.0	0.003155470007257581	0.003155470007257581	0.003155470007257581	0.003155470007257581	0.003155470007257581	0.003155470007257581	0.009466410021772743	0.009466410021772743	0.009466410021772743	0.015777350036287906	0.028399230065318228	0.08204222018869711	0.15777350036287904	0.18932820043545487	0.20510555047174275	0.23666025054431858	0.2839923006531823	0.37865640087090974	0.4954087911394402	0.7762456217853649	1.0255277523587139	1.3158309930264114	1.6061342336941087	1.7828405541005332	1.9185257644126092	2.003723454608564	2.0889211448045186	2.15203054494967	2.1867407150295035	2.2719384052254585	2.3539806254141555	2.461266605660913	2.5937963459657314	2.7294815562778076	2.912498816698747	3.0639613770471112	3.2690669275188537	3.4773279479978543	4.023224259253416	6.011170363825692	11.94976491748446	21.26471237890884	30.01798617904137	36.63500678426052	41.869931526300846	45.90577766558329	48.5311287116216
209047_HY55YBGXT_TCDM_1_A03_A27_1_1_i_TCTTAA_S17_R1_001 - illumina_universal_adapter	0.004845448367507877	0.007510444969637209	0.008903511375295724	0.009993737257984995	0.011053679088377344	0.012719301964708177	0.015354014514540585	0.017776738698294523	0.01968463399300075	0.02183480170608237	0.02571116040008867	0.03122285791812888	0.04118631112381695	0.046940281060232555	0.05236112642138199	0.05896304982211148	0.06526213269987172	0.07319655440166586	0.08122182826035079	0.09318402891763586	0.10538850199329632	0.11774439533044141	0.13315897794957585	0.14730163037223945	0.16416984750162625	0.1868223186197256	0.20381167195830008	0.22225465980712691	0.2370938454326198	0.25798984151749754	0.27988521132817373	0.29457297669218196	0.30904875369011175	0.32379708715871386	0.33915110167325446	0.3555650580181874	0.37316009240270037	0.3979324471815844	0.4258543433993485	0.4565320883761328	0.4986269210688575	0.541176014546036	0.5902967473716471	0.6367221995428319	0.689083325964214	0.7738786723956018	0.8578563494149727	0.9395627225120743	0.9967995813532611	1.057216265685625	1.1286563450540692	1.2111501035108907	1.2892223903323614	1.3700505259128521	1.4731677239838792	1.6019960824549948	1.6973605631380093	1.7667716110025595	1.848508268151958	1.9862401379983694	2.116370710718253	2.2269983537589173	2.341260083075212	2.4350800770910834	2.5482818645769862	2.6667833612148506	2.795096890796919	2.920200310835513	3.011627864719927	3.0823714108855422	3.160019720974856	3.2482977334203897	3.3462969266532365	3.4534721877320513	3.5697023804476467
209047_HY55YBGXT_TCDM_1_A03_A27_1_1_i_TCTTAA_S17_R1_001 - polya	0.00393692679860015	0.013052426539974344	0.023470140530116278	0.04430556851040015	0.09033732800172498	0.16498751691364322	0.26044284975354837	0.35508051318143663	0.44493329634641077	0.5250346146717754	0.6054387735201092	0.6948070118483326	0.7982573344946258	0.8879586973981154	0.9799010801715773	1.069905283598036	1.169055270818166	1.2660248062729174	1.3690814362393506	1.4749847671216947	1.5896099050655528	1.7072331641868066	1.8376665774296592	1.9651018694951163	2.089902449010741	2.209494171531295	2.3275111233324086	2.448162787683355	2.5827148320385893	2.7204467018850007	2.8720789517357	3.0289503426337676	3.2016300088308296	3.4101659929474497	3.61476505026547	3.826299155559486	4.0463430795489375	4.264539676348276	4.501239829101036	4.7379702659060925	4.983604214086445	5.237324004230077	5.497009752676202	5.777076668318157	6.088245305669053	6.4186140321762	6.740321519726426	7.086225965061894	7.44436516752532	7.823794058753484	8.231235698356302	8.642886821228394	9.075494508289957	9.531148359149478	10.017298250672003	10.530612937104868	11.0797233733527	11.67008068882894	12.29450756313922	12.948219116020628	13.570314118304045	14.218756246085785	14.861928948767863	15.548983243228182	16.31205050895378	17.093984739260367	17.914682556507014	18.699372635572615	19.484940952154833	20.30118701371383	21.13772339031177	21.934678510557628	22.69950225131645	23.448336012462494	24.19411108432655
209047_HY55YBGXT_TCDM_1_A03_A27_1_1_i_TCTTAA_S17_R1_001 - polyg	0.0	0.0	3.028405229692423e-05	6.056810459384846e-05	0.0012113620918769693	0.001968463399300075	0.001968463399300075	0.0019987474515969993	0.0019987474515969993	0.0019987474515969993	0.0019987474515969993	0.0019987474515969993	0.0019987474515969993	0.0019987474515969993	0.0019987474515969993	0.0019987474515969993	0.0019987474515969993	0.0020290315038939233	0.0020290315038939233	0.002089599608487772	0.002089599608487772	0.002089599608487772	0.002089599608487772	0.002089599608487772	0.0022107358176754687	0.0023015879745662414	0.0025741444452385596	0.002604428497535484	0.0027861328113170294	0.002876984968207802	0.003179825491177044	0.003422097909552438	0.0036038022233339834	0.003906642746303226	0.003997494903193999	0.004179199216975544	0.004451755687647862	0.004815164315210953	0.005239141047367892	0.005541981570337134	0.006117378563978694	0.0066322074530264065	0.007359024708152588	0.007813285492606452	0.008630954904623405	0.009418340264343435	0.010720554513111177	0.011931916604988147	0.01317356274916204	0.014869469677789798	0.0167470809201991	0.01847327190112378	0.02068400771879925	0.022531334908911627	0.024620934517399398	0.02764933974709182	0.030677744976784247	0.034130126938633605	0.037764213214264514	0.04073205033936309	0.04518380602701095	0.049665845766955735	0.057176290736592944	0.06738201636065641	0.07991961401158304	0.09802947728514373	0.1338555111524051	0.20989876646998185	0.34817574925773787	0.5101045768893917	0.66785420530407	0.8019822729271475	0.9276005218547891	1.0432553175767427	1.1480381385241007
209048_HY55YBGXT_TCDM_1_B03_X1_54_2_i_GTCAGG_S18_R1_001 - illumina_universal_adapter	0.1817792985457656	0.24593669803250642	0.2699957228400342	0.29672797262617623	0.3154405474764756	0.36088537211291705	0.4170230966638152	0.4892001710863986	0.5373182207014542	0.5800898203592815	0.6896920444824637	0.8527587681779298	1.0719632164242943	1.1681993156544055	1.2911676646706587	1.4061163387510693	1.4889863130881096	1.601261762189906	1.6787852865697177	1.7937339606501284	1.9327416595380666	2.0530367835757057	2.216103507271172	2.352437981180496	2.576988879384089	2.897775876817793	3.122326775021386	3.3067792985457656	3.416381522668948	3.60885372112917	3.7692472198460223	3.830731394354149	3.8922155688622753	4.001817792985458	4.06062874251497	4.140825491873396	4.239734816082121	4.392108639863131	4.5204234388366125	4.680816937553464	4.9133875106929	5.137938408896493	5.357142857142857	5.5469418306244656	5.760799828913601	6.225940975192472	6.573460222412319	6.902266894781865	7.100085543199316	7.276518391787853	7.589285714285714	7.899379811804962	8.147989734816083	8.415312232677502	8.762831479897349	9.383019674935843	9.666381522668948	9.882912745936698	10.112810094097519	10.698246364414029	11.176753635585971	11.486847733105218	11.847733105218134	12.074957228400342	12.377031650983747	12.62029512403764	12.890290846877674	13.10414884516681	13.277908468776733	13.384837467921301	13.542557741659538	13.697604790419161	13.844632164242944	14.010372112917024	14.2509623609923
209048_HY55YBGXT_TCDM_1_B03_X1_54_2_i_GTCAGG_S18_R1_001 - polya	0.06683062446535501	0.12564157399486742	0.1817792985457656	0.2619760479041916	0.39029084687767324	0.6041488451668092	0.8206800684345594	1.0505774165953807	1.229683490162532	1.4676005132591958	1.7402694610778444	2.002245508982036	2.4085757057313946	2.6919375534644994	3.0127245508982035	3.3335115483319075	3.7238023952095807	4.065975192472198	4.3840889649272885	4.7155688622754495	5.022989734816082	5.31437125748503	5.616445680068434	5.824957228400343	6.030795551753636	6.2312874251497	6.447818648417451	6.600192472198461	6.808704020530368	6.977117194183062	7.132164242942686	7.2872112917023095	7.546514114627887	7.773738237810094	8.0571000855432	8.340461933276304	8.551646706586826	8.832335329341317	9.080945252352437	9.350940975192472	9.60489734816082	9.94172369546621	10.201026518391787	10.452309666381522	10.818541488451668	11.1633875106929	11.457442258340462	11.778229255774166	12.101689478186485	12.409110350727117	12.724550898203592	13.031971770744226	13.360778443113773	13.724337040205304	14.10393498716852	14.528977758768178	14.97540633019675	15.536783575705732	16.05271599657827	16.520530367835757	16.92953378956373	17.408041060735673	17.843776732249786	18.33030367835757	18.75	19.26058597091531	19.74978614200171	20.25235243798118	20.730859709153123	21.241445680068434	21.733319076133448	22.265290846877672	22.7224123182207	23.155474764756203	23.583190761334475
209048_HY55YBGXT_TCDM_1_B03_X1_54_2_i_GTCAGG_S18_R1_001 - polyg	0.0	0.0	0.0	0.0	0.0026732249786142	0.0053464499572284	0.0053464499572284	0.0080196749358426	0.0080196749358426	0.0080196749358426	0.0080196749358426	0.0080196749358426	0.0080196749358426	0.0080196749358426	0.0080196749358426	0.0080196749358426	0.0080196749358426	0.0080196749358426	0.0080196749358426	0.0080196749358426	0.0080196749358426	0.0080196749358426	0.0080196749358426	0.0080196749358426	0.0080196749358426	0.0080196749358426	0.0080196749358426	0.0080196749358426	0.0080196749358426	0.0106928999144568	0.0106928999144568	0.0106928999144568	0.0106928999144568	0.0106928999144568	0.0106928999144568	0.0106928999144568	0.013366124893071001	0.0213857998289136	0.026732249786142002	0.0294054747647562	0.0320786997433704	0.040098374679213004	0.0454448246364414	0.0454448246364414	0.0721770744225834	0.0908896492728828	0.11494867408041061	0.1550470487596236	0.1791060735671514	0.21118477331052182	0.2566295979469632	0.2994011976047904	0.32078699743370404	0.37425149700598803	0.4250427715996578	0.49721984602224123	0.5854362703165098	0.7164242942686057	0.8260265183917879	0.9463216424294268	1.1521599657827202	1.2911676646706587	1.4649272882805817	1.6306672369546622	1.7857142857142858	2.0102651839178787	2.4085757057313946	3.3335115483319075	5.552288280581694	8.174721984602224	10.751710863986313	12.724550898203592	14.35254491017964	15.72658254918734	16.80389221556886
209049_HY55YBGXT_TCDM_1_C03_X11_57_2_i_ATACTG_S19_R1_001 - illumina_universal_adapter	0.0	0.007042749489400662	0.007042749489400662	0.007042749489400662	0.007042749489400662	0.007042749489400662	0.007042749489400662	0.007042749489400662	0.007042749489400662	0.007042749489400662	0.014085498978801325	0.014085498978801325	0.014085498978801325	0.014085498978801325	0.014085498978801325	0.014085498978801325	0.014085498978801325	0.021128248468201986	0.02817099795760265	0.03521374744700331	0.04225649693640397	0.04929924642580463	0.0563419959152053	0.0563419959152053	0.0563419959152053	0.07042749489400663	0.08451299387280795	0.0915557433622086	0.0915557433622086	0.0915557433622086	0.0915557433622086	0.0915557433622086	0.09859849285160927	0.09859849285160927	0.1126839918304106	0.1267694908092119	0.1478977392774139	0.1478977392774139	0.1690259877456159	0.1831114867244172	0.21832523417142052	0.23241073315022184	0.23241073315022184	0.24649623212902316	0.2535389816184238	0.26762448059722516	0.30283822804422844	0.32396647651243043	0.33100922600183114	0.3380519754912318	0.3380519754912318	0.3521374744700331	0.37326572293823507	0.3873512219170364	0.4084794703852384	0.4225649693640397	0.43665046834284105	0.45777871681104304	0.47186421578984433	0.5141207127262484	0.521163462215649	0.5352489611944503	0.542291710683851	0.5563772096626523	0.584548207620255	0.5986337065990562	0.6268047045566589	0.6549757025142615	0.6972321994506655	0.7183604479188676	0.7465314458764701	0.7676596943446722	0.7887879428128741	0.8380871892386788	0.8451299387280794
209049_HY55YBGXT_TCDM_1_C03_X11_57_2_i_ATACTG_S19_R1_001 - polya	0.06338474540460595	0.07747024438340729	0.10564124234100992	0.2042397351926192	0.26762448059722516	0.40143672089583776	0.563419959152053	0.7324459468976688	0.8803436861750827	1.042326924431298	1.246566659623917	1.3874216494119305	1.542362138178745	1.7184308754137616	1.979012606521586	2.211423339671808	2.4086203253750265	2.626945559546447	2.8382280442284666	3.0283822804422846	3.317135009507712	3.5354602436791325	3.7396999788717515	4.007324459468976	4.204521445172195	4.35946193393901	4.591872667089231	4.79611240228185	4.908796394112262	5.113036129304881	5.331361363476301	5.528558349179519	5.824353827734347	6.084935558842172	6.3736882879076	6.690612014930629	6.979364743996056	7.310373969997888	7.627297697020917	7.894922177618142	8.134375660257765	8.528769631664202	8.866821607155433	9.233044580604268	9.69082329741531	10.162687513205155	10.557081484611592	11.078244946827242	11.536023663638284	12.085358123811536	12.529051341643777	13.071343052327629	13.634763011479683	14.282695964504542	14.9095006690612	15.515177125149659	16.17719557715332	16.761743784773575	17.536446228607648	18.30410592295232	18.916825128530178	19.825339812662865	20.62821325445454	21.57898443552363	22.614268610465526	23.473484048172406	24.55806746954011	25.565180646524404	26.537080076061695	27.431509261215577	28.52313543207268	29.551376857525177	30.481019790126066	31.361363476301147	32.12902317064582
209049_HY55YBGXT_TCDM_1_C03_X11_57_2_i_ATACTG_S19_R1_001 - polyg	0.0	0.0	0.0	0.0	0.0	0.0	0.0	0.0	0.0	0.0	0.0	0.0	0.0	0.0	0.0	0.0	0.0	0.0	0.0	0.0	0.0	0.0	0.0	0.0	0.0	0.0	0.0	0.0	0.0	0.0	0.0	0.0	0.0	0.0	0.0	0.0	0.0	0.007042749489400662	0.007042749489400662	0.007042749489400662	0.007042749489400662	0.007042749489400662	0.014085498978801325	0.014085498978801325	0.02817099795760265	0.02817099795760265	0.02817099795760265	0.02817099795760265	0.03521374744700331	0.0563419959152053	0.07042749489400663	0.0915557433622086	0.1126839918304106	0.14085498978801325	0.15494048876681457	0.16198323825621522	0.1690259877456159	0.17606873723501654	0.19015423621381788	0.2042397351926192	0.2535389816184238	0.2817099795760265	0.3169237270230298	0.3662229734488344	0.4436932178322417	0.500035213747447	0.5352489611944503	0.6268047045566589	0.7324459468976688	0.8028734417916755	0.9296429326008874	1.042326924431298	1.1479681667723078	1.2606521586027184	1.3381224029861258
209050_HY55YBGXT_TCDM_1_D03_X9_27_3_i_TATGTC_S20_R1_001 - illumina_universal_adapter	0.0	0.0	0.0	0.0	0.0	0.015117157974300832	0.015117157974300832	0.015117157974300832	0.015117157974300832	0.015117157974300832	0.015117157974300832	0.015117157974300832	0.030234315948601664	0.030234315948601664	0.030234315948601664	0.045351473922902494	0.045351473922902494	0.045351473922902494	0.045351473922902494	0.045351473922902494	0.06046863189720333	0.06046863189720333	0.06046863189720333	0.06046863189720333	0.06046863189720333	0.09070294784580499	0.1360544217687075	0.15117157974300832	0.16628873771730915	0.21164021164021163	0.25699168556311414	0.2872260015117158	0.30234315948601664	0.31746031746031744	0.31746031746031744	0.36281179138321995	0.3779289493575208	0.42328042328042326	0.45351473922902497	0.5291005291005291	0.5593348450491308	0.5895691609977324	0.6349206349206349	0.6500377928949358	0.7105064247921391	0.7256235827664399	0.7256235827664399	0.7709750566893424	0.7860922146636432	0.8616780045351474	0.8767951625094482	0.9070294784580499	0.9674981103552532	0.9977324263038548	1.0128495842781557	1.0430839002267573	1.1035525321239608	1.1186696900982616	1.1337868480725624	1.2093726379440666	1.254724111866969	1.2849584278155706	1.3000755857898716	1.3605442176870748	1.3605442176870748	1.3605442176870748	1.3605442176870748	1.3605442176870748	1.4058956916099774	1.4512471655328798	1.4814814814814814	1.5117157974300832	1.5419501133786848	1.5721844293272864	1.5873015873015872
209050_HY55YBGXT_TCDM_1_D03_X9_27_3_i_TATGTC_S20_R1_001 - polya	0.06046863189720333	0.12093726379440665	0.16628873771730915	0.22675736961451248	0.3779289493575208	0.4837490551776266	0.6802721088435374	0.8012093726379441	1.0279667422524565	1.3151927437641724	1.5117157974300832	1.8594104308390023	2.2675736961451247	2.600151171579743	2.9176114890400604	3.310657596371882	3.567649281934996	3.930461073318216	4.202569916855631	4.520030234315948	4.882842025699168	5.079365079365079	5.396825396825397	5.759637188208616	5.941043083900227	6.18291761148904	6.36432350718065	6.651549508692366	6.832955404383976	7.014361300075586	7.226001511715798	7.437641723356009	7.573696145124717	7.906273620559335	8.17838246409675	8.420256991685562	8.601662887377174	8.964474678760393	9.417989417989418	9.765684051398337	10.234315948601663	10.53665910808768	10.975056689342404	11.383219954648526	12.00302343159486	12.501889644746788	12.92517006802721	13.484504913076341	13.862433862433862	14.210128495842781	14.754346182917612	15.555555555555555	16.235827664399093	17.037037037037038	17.626606198034768	18.35222978080121	18.92668178382464	19.727891156462587	20.604686318972032	21.51171579743008	22.297808012093725	23.204837490551775	23.718820861678005	24.55026455026455	25.336356764928194	26.273620559334844	27.377173091458804	28.54119425547997	29.584278155706727	30.627362055933485	31.897203325774754	32.7286470143613	33.560090702947846	34.4822373393802	35.66137566137566
209050_HY55YBGXT_TCDM_1_D03_X9_27_3_i_TATGTC_S20_R1_001 - polyg	0.0	0.0	0.0	0.0	0.0	0.0	0.0	0.0	0.0	0.0	0.0	0.0	0.0	0.0	0.0	0.0	0.015117157974300832	0.015117157974300832	0.015117157974300832	0.015117157974300832	0.015117157974300832	0.015117157974300832	0.015117157974300832	0.015117157974300832	0.015117157974300832	0.015117157974300832	0.015117157974300832	0.015117157974300832	0.015117157974300832	0.015117157974300832	0.015117157974300832	0.015117157974300832	0.015117157974300832	0.030234315948601664	0.030234315948601664	0.030234315948601664	0.030234315948601664	0.030234315948601664	0.030234315948601664	0.045351473922902494	0.06046863189720333	0.06046863189720333	0.07558578987150416	0.09070294784580499	0.09070294784580499	0.10582010582010581	0.10582010582010581	0.12093726379440665	0.1360544217687075	0.18140589569160998	0.1965230536659108	0.2418745275888133	0.31746031746031744	0.3779289493575208	0.40816326530612246	0.46863189720332576	0.4988662131519274	0.5744520030234316	0.6500377928949358	0.7105064247921391	0.8465608465608465	0.9674981103552532	1.073318216175359	1.2244897959183674	1.3303099017384732	1.4965986394557824	1.693121693121693	1.874527588813303	2.131519274376417	2.3733938019652308	2.600151171579743	2.887377173091459	3.1594860166288736	3.431594860166289	3.6281179138321997
209051_HY55YBGXT_TCDM_1_E03_C17_1_3_i_GAGTCC_S21_R1_001 - illumina_universal_adapter	0.22805017103762829	0.3094966606939241	0.34750502253352883	0.37465385241896076	0.42352174621273825	0.4398110441439974	0.5375468317315524	0.5972742574795026	0.6461421512732801	0.727588640929576	0.798175598631699	0.9990769397838953	1.2271271108215236	1.3574414942715969	1.4823261117445838	1.5909214312863116	1.710376282782212	1.8461204322093718	1.960145517728186	2.0958896671553457	2.2479231145137644	2.383667263940924	2.6117174349785524	2.774610414291144	3.0189498832600314	3.317587011999783	3.545637183037411	3.751968290166694	3.822555247868817	4.0017375251126674	4.170060270402345	4.273225823966987	4.398110441439974	4.4849866970733565	4.517565292935874	4.571862952706739	4.669598740294293	4.805342889721453	4.875929847423576	4.979095400988218	5.169137210186241	5.364608785361351	5.543791062605202	5.684964978009448	5.84785795732204	6.130205788130532	6.347396427213987	6.564587066297443	6.7437693435412935	6.879513492968453	7.031546940326872	7.189010153662377	7.341043601020796	7.449638920562524	7.6505402617147205	7.965466688385731	8.101210837812891	8.1772275614921	8.307541944942173	8.562740945865233	8.731063691154912	8.899386436444589	9.06227941575718	9.187164033230168	9.3337677146115	9.447792800130314	9.567247651626214	9.659553673236683	9.72471086496172	9.762719226801325	9.817016886572189	9.865884780365967	9.903893142205572	9.985339631861867	10.093934951403595
209051_HY55YBGXT_TCDM_1_E03_C17_1_3_i_GAGTCC_S21_R1_001 - polya	0.04886789379377749	0.08144648965629582	0.10859531954172776	0.16832274528967803	0.3529347885106152	0.4886789379377749	0.6732909811587121	0.8470434924254765	1.0207960036922408	1.2379866427756965	1.4931856436987565	1.7158060487592985	1.8949883260031493	2.1338980289949503	2.3293696041700604	2.6008579030243797	2.8397676060161805	3.0189498832600314	3.236140522343487	3.4913395232665474	3.751968290166694	4.023456589021013	4.20806863224195	4.376391377531628	4.5881522506379975	4.7401856979964165	4.875929847423576	5.055112124667427	5.2777325297279685	5.3917576152467825	5.554650594559375	5.77184123364283	5.945593744909594	6.211652277786827	6.466851278709887	6.738339577564207	7.020687408372699	7.265026877341587	7.536515176195906	7.742846283325188	7.960036922408644	8.274963349079655	8.568170711842319	8.817939946788293	9.0948580116197	9.480371395992833	9.762719226801325	10.164521909105718	10.408861378074604	10.783515230493565	11.169028614866699	11.549112233262747	11.902047021773361	12.3255687679861	12.808817939946788	13.21062062225118	13.704729326166042	14.225986859966335	14.796112287560407	15.371667481131563	15.88749524895477	16.4739099744801	17.00059727425748	17.5109952761036	18.08655046967476	18.77613074876473	19.476570559808874	20.149861540967585	20.88830971385133	21.670196014551774	22.348916761687573	23.038497040777543	23.695498724004995	24.18417766194277	24.98235326057447
209051_HY55YBGXT_TCDM_1_E03_C17_1_3_i_GAGTCC_S21_R1_001 - polyg	0.0	0.0	0.0	0.0	0.0	0.0	0.0	0.0	0.0	0.0	0.0	0.0	0.0	0.0	0.0	0.0	0.0	0.0	0.0	0.0	0.0	0.0	0.0	0.0	0.0	0.0	0.0	0.0	0.0	0.0	0.0	0.0	0.0	0.0	0.0	0.0	0.0	0.0	0.0	0.0	0.010859531954172776	0.010859531954172776	0.010859531954172776	0.01628929793125916	0.02714882988543194	0.03257859586251832	0.043438127816691104	0.05429765977086388	0.07058695770212303	0.09773578758755498	0.11945485149590053	0.13574414942715968	0.16832274528967803	0.20090134115219635	0.21176087310636912	0.23347993701471467	0.27148829885431935	0.28234783080849213	0.3257859586251833	0.3692240864418744	0.42352174621273825	0.45610034207525657	0.5484063636857252	0.6244230873649346	0.700439811044144	0.8198946625400445	1.286854536569474	2.2913612423304555	4.425259271325406	7.183580387685291	9.58896671553456	11.48395504153771	12.868545365694738	14.057664114676657	14.877558777216702
209052_HY55YBGXT_TCDM_1_F03_X11_57_3_i_GGAGGT_S22_R1_001 - illumina_universal_adapter	0.001498322406483051	0.0025745821632525666	0.0028911291505377182	0.003186573005337193	0.0036297387875364054	0.004368348424535093	0.0053179893863905476	0.006478661673102771	0.007111755647673074	0.008166912271956912	0.010171709858096206	0.013442695393376107	0.020090182126364292	0.02369881778141502	0.02650553440201003	0.029945344997175345	0.03378611510956852	0.03712041004230545	0.04102448955215565	0.04731322303288733	0.05425615362067499	0.060861434088691824	0.06828973672365005	0.07582355502103666	0.08479238632744929	0.09789743160105456	0.10792141953175104	0.11815643878730427	0.12604901033694738	0.13814110525124018	0.15095070667004598	0.15905430954454586	0.1672001186840171	0.17534592782348835	0.18332291190307415	0.1915531335724881	0.2012816776483851	0.21550518894373125	0.23120591951307476	0.24992439802787006	0.2762611073699947	0.3017747945451779	0.3299685795460421	0.35600984503336724	0.38631394328279905	0.43487225113234135	0.4822065772977143	0.5297097285229727	0.561491046046402	0.5948762016387427	0.6330095620403606	0.6788244626667649	0.7211362433005468	0.7646509024860123	0.8173876305677186	0.8811190906744625	0.9257733190141545	0.9638855762832867	1.010228055221833	1.0878875827691235	1.1559029787704598	1.218642591650377	1.2819097828424357	1.3361870395955964	1.3956556669402336	1.4621094311376297	1.531433221353078	1.6017277556628673	1.6572712003651686	1.7012923347302904	1.7523197090806568	1.8100156732964972	1.8718056452145586	1.9435562956658599	2.0214057514055215
209052_HY55YBGXT_TCDM_1_F03_X11_57_3_i_GGAGGT_S22_R1_001 - polya	0.0034398105951653143	0.009179862631269398	0.015806246231771907	0.026146781149753526	0.048072935802371694	0.08038183163794284	0.12144852745506984	0.16544855868770592	0.20852005209097224	0.2481728380315589	0.28689708614277576	0.33155131448246783	0.3881288126765673	0.43567417016679705	0.48309290886211276	0.5317356292415978	0.5822776315447936	0.6337481716773593	0.6885319036101761	0.7463755897534162	0.8077646021542499	0.8692802333499978	0.9371268042914486	1.0016179771676768	1.0684515977498152	1.1360238279689523	1.2019711169866922	1.2721390325015673	1.3530062361866808	1.4372288379370168	1.530905643040936	1.6295416842789894	1.7443638281335567	1.8894900702375559	2.0216378858628636	2.163113286046841	2.311109554168892	2.456510136995205	2.616556293766578	2.773816837049841	2.9370073605615796	3.107731702370705	3.281368276462853	3.4770998302675054	3.690410293432726	3.9375912842374583	4.170211113627073	4.423533115985138	4.689073832052409	4.972826551454818	5.288529413440543	5.618476889854099	5.959039241907951	6.336954138461451	6.751609588672514	7.187325965104282	7.657862510137417	8.17229357074076	8.740073350267894	9.32990590324256	9.903573456733197	10.512863097859658	11.083829450392129	11.728192497709783	12.458276469184256	13.20363910857836	14.001464135331856	14.766368275407697	15.523485359596322	16.32380055598313	17.18848030645125	17.988500058983256	18.71742335817102	19.379935099426355	20.053926944753897
209052_HY55YBGXT_TCDM_1_F03_X11_57_3_i_GGAGGT_S22_R1_001 - polyg	0.0	0.0	2.1103132485676778e-05	0.00010551566242838388	0.0011184660217408691	0.0017726631287968491	0.0017726631287968491	0.0017726631287968491	0.0017726631287968491	0.0017726631287968491	0.0017726631287968491	0.0017726631287968491	0.0017726631287968491	0.0017726631287968491	0.001793766261282526	0.001793766261282526	0.001793766261282526	0.001793766261282526	0.001793766261282526	0.001793766261282526	0.001793766261282526	0.0018359725262538796	0.0018570756587395563	0.001878178791225233	0.0019203850561965866	0.0019625913211679404	0.002047003851110647	0.002152519513539031	0.002279138308453092	0.002384653970881476	0.002532375898281213	0.0025956852957382437	0.0027856134881093344	0.003038851077937456	0.0030810573429088093	0.0032287792703085466	0.00379856384742182	0.004030698304764264	0.0046004828818775375	0.005064751796562426	0.005929980228475174	0.0065630742030454775	0.007702643357272023	0.00877890311404154	0.009855162870811054	0.011036938290008954	0.012471951299034974	0.014117995632917763	0.016059483821600027	0.018254209600110413	0.020913204293305687	0.02369881778141502	0.026822081389295184	0.03024078885197482	0.03496789052876642	0.04273384328349547	0.05415063795824661	0.07037894683973205	0.08740917475567321	0.10469264026144248	0.12400200648583674	0.14301592885543152	0.16559628061510567	0.19214402128208705	0.22101310652249287	0.2528999397083505	0.2944731107051337	0.36044150285535936	0.4643322240823461	0.5826363847970502	0.6984503758784443	0.7997665149421784	0.8965665836539779	0.9948227685072889	1.084658803498815
209053_HY55YBGXT_TCDM_1_G03_X9_27_1_o_CACACT_S23_R1_001 - illumina_universal_adapter	0.011104970048491702	0.01778497118877215	0.020635672312331325	0.02314599121218194	0.02633707455944967	0.02944306235079026	0.03510191681994504	0.03986726795186485	0.044845357973602507	0.05071695133257513	0.05863083803379911	0.06969326030432724	0.08505300814917591	0.09488154485876052	0.10347619600740161	0.11419823605422119	0.125686136104385	0.13951416394254518	0.15261887955532466	0.16955289518482541	0.1895503508277032	0.20920742424687241	0.23197048545738222	0.2549462855577099	0.27932616233083535	0.3063440013377021	0.3299154703295198	0.3515722893129768	0.37114426717621884	0.3970558639560328	0.4234354862934461	0.4416884830398175	0.46096262645731456	0.4817259421035366	0.5022339710819772	0.5259330834076855	0.5500151257350661	0.5811175514264355	0.6121774293398414	0.6504704295070542	0.6988047052736694	0.7445010188065433	0.7962391168102442	0.8460625648055843	0.9030340394988042	0.983151505404206	1.0616947035249558	1.1413441438727583	1.20644224415702	1.2743484977868773	1.3514450714568658	1.4347110729315717	1.520019367748529	1.6083060070229362	1.7094420752423416	1.8305755991046246	1.9160115372554727	1.9910232698052461	2.074587105725697	2.1980607573759765	2.309833770086274	2.413012131647931	2.521083487675398	2.6183051603221545	2.7205900185465763	2.8271722023453187	2.93541374948464	3.047739883308464	3.136452000362507	3.21312309625286	3.2965167410614566	3.3868882214560787	3.484237537436726	3.590947364569359	3.7016566828305675
209053_HY55YBGXT_TCDM_1_G03_X9_27_1_o_CACACT_S23_R1_001 - polya	0.011700638939981679	0.037399496829977806	0.0632685458318282	0.10990091047990064	0.20422933422513476	0.34910451819108973	0.5329960145496382	0.7262054742822084	0.9067782439595984	1.0596524101827045	1.2161431375327139	1.3808455860296924	1.5835857480261022	1.7463309987367566	1.9018431271936038	2.059099714546958	2.227035794169167	2.4048429582789255	2.584479676841117	2.7672223831946487	2.965197194059139	3.161384998249159	3.37939981253449	3.5873733512204193	3.8013035788212477	4.026508967582423	4.248991298553928	4.483174268465416	4.734163610672514	4.989109896230224	5.268053128559387	5.558484260938714	5.874912085653783	6.260224762891871	6.615626352221568	7.012894955067419	7.409355150131962	7.811772034111405	8.237207265969138	8.666259058953775	9.107862446437666	9.56631475399513	10.04570056831067	10.582355691765175	11.1650049631983	11.830026732768895	12.443352952113752	13.072592040416986	13.730295592177846	14.419101569630078	15.147647171700282	15.902189466106227	16.673793419475565	17.476201964090528	18.36030224239554	19.256613732976103	20.227596573882728	21.261550126175436	22.390597962216724	23.524623888279745	24.600061524086936	25.708558783371817	26.757148771283994	27.877133930619042	29.121443697163638	30.386389136020565	31.67609738165229	32.9298527549048	34.14642137021715	35.37941342782344	36.64810307114116	37.80974250510254	38.90215670431719	39.913219552065506	40.9487048243649
209053_HY55YBGXT_TCDM_1_G03_X9_27_1_o_CACACT_S23_R1_001 - polyg	0.0	0.0	0.0	4.254777796356974e-05	0.0008084077813078251	0.0017444588965063593	0.0017444588965063593	0.0017444588965063593	0.0017444588965063593	0.0017444588965063593	0.0017870066744699292	0.0017870066744699292	0.0017870066744699292	0.0018295544524334988	0.0018721022303970687	0.0019146500083606383	0.0019146500083606383	0.0019146500083606383	0.0019146500083606383	0.0019146500083606383	0.0019146500083606383	0.0019146500083606383	0.0020422933422513476	0.0021699366761420568	0.002297580010032766	0.0025103188998506147	0.0025954144557777544	0.0026805100117048937	0.0028081533455956028	0.0029783444574498818	0.0031485355693041607	0.0034038222370855794	0.003914395572648416	0.004297325574320544	0.004637707798029102	0.004850446687846951	0.005446115579336927	0.005871593358972625	0.007828791145296832	0.011870830051835958	0.016763824517646478	0.020422933422513476	0.023784207881635485	0.02642217011537681	0.03216612014045873	0.04242013462967903	0.05109988133424726	0.0659490558435331	0.08411695703397738	0.10313581378369305	0.12236740942322658	0.13802499171382024	0.15074677732492758	0.1597669062532044	0.16806372295610048	0.17623289632510586	0.18682729303803475	0.19805990642041715	0.2120581253704316	0.23265124990479935	0.26783826228067154	0.32672438698225204	0.40599089732838245	0.5049570288716457	0.6130709326770764	0.7211848364825071	0.8460625648055843	1.0174450144428433	1.3291925835819187	1.7496922731958784	2.174957313941758	2.5455484600044507	2.8762297903373146	3.178957230548113	3.450709888401433
209054_HY55YBGXT_TCDM_1_H03_A04_1_2_o_CCGCAA_S24_R1_001 - illumina_universal_adapter	0.0074512847088897185	0.012250986120471834	0.01423128250706865	0.016245143239201006	0.01842682569901106	0.021011280305247584	0.025576031298080924	0.029771574490023333	0.03343008815339711	0.03752493830873291	0.04403642134262752	0.05252820076311896	0.06534978075769496	0.07239829332015821	0.07860769724423297	0.08676383320936902	0.09451719702807859	0.1041837285423139	0.114957883459222	0.13053173978771224	0.14808589250279927	0.16624420343752602	0.18859805756419518	0.21108616907300648	0.23562170565948568	0.2646884288932627	0.29063366799223456	0.31550484803406914	0.3375230587053829	0.36749601926861947	0.39552224779079476	0.41764115149871517	0.43969292651556446	0.46285232493508655	0.4860117233546086	0.5096745869571638	0.5350827965275671	0.5675395186604335	0.6036883188022093	0.6435963256439655	0.6941106656749522	0.7423426302095221	0.7952736031190675	0.8473654673902244	0.905901686004205	0.9905845297903705	1.073454898917617	1.1606886329644837	1.2300996995319788	1.2997121521726873	1.3789575719820955	1.4684065528343075	1.5506391993963788	1.6359933300932552	1.7348738920409539	1.849764646809105	1.9379381825309665	2.0120146931279015	2.0982079324631666	2.222966604818766	2.3385286464976276	2.438248317083715	2.541223729186749	2.6321159768969897	2.734285844707171	2.8399128401075133	2.949802507390869	3.055865839283173	3.1443414541148544	3.2178473708376854	3.2935685343658623	3.370732964752067	3.4571611545060805	3.547046471850255	3.6406909958944094
209054_HY55YBGXT_TCDM_1_H03_A04_1_2_o_CCGCAA_S24_R1_001 - polya	0.007954749891922807	0.027891971140033136	0.04927245924617165	0.09112719812898912	0.18248934667672703	0.3232582118527787	0.5129974571651822	0.7207943203757059	0.9260402933255285	1.1051732054487016	1.2840040384620548	1.4852222899476129	1.7190986496392504	1.9165912587703635	2.104014564240815	2.293686680862147	2.493092457688786	2.6937065509547042	2.8928773773625944	3.101781863975791	3.317567041423773	3.5446298389716957	3.789078967507028	4.025573346150438	4.2717678206536185	4.51863358206751	4.758283009191261	5.008840848614061	5.280443532687645	5.564364331572771	5.856978295951603	6.163756414146432	6.495237890655417	6.890290237608715	7.254765465779136	7.641057518547657	8.038660755761656	8.432169142820317	8.851689897669024	9.274097186233785	9.702646750031551	10.159121849314884	10.623719520217819	11.12258638791254	11.664751261348105	12.250147011833446	12.82241910321439	13.421576235369303	14.037213461182164	14.686381468185028	15.364414812348457	16.054934093051106	16.762235546521527	17.495717189509666	18.27813564828862	19.098347560140596	19.970718464954796	20.908170635762406	21.910066349998253	22.93945126322771	23.9288274765788	24.962575754727872	25.958429886767323	27.030575776209055	28.198447179118144	29.379610062859307	30.61360322647341	31.79523601105207	32.95021870527551	34.15192296848442	35.40091939455291	36.560131196313826	37.676649150553544	38.7298311847677	39.80358816279513
209054_HY55YBGXT_TCDM_1_H03_A04_1_2_o_CCGCAA_S24_R1_001 - polyg	0.0	0.0	0.00010069303660661781	0.0001342573821421571	0.0010740590571372568	0.0020474250776678954	0.0020474250776678954	0.0020474250776678954	0.0020474250776678954	0.0020474250776678954	0.0020474250776678954	0.0020474250776678954	0.0020474250776678954	0.0020474250776678954	0.0020474250776678954	0.0020474250776678954	0.0020474250776678954	0.0020474250776678954	0.0020474250776678954	0.0020474250776678954	0.0020474250776678954	0.0020474250776678954	0.0020474250776678954	0.0020474250776678954	0.0021481181142745135	0.0022823754964166705	0.002383068533023288	0.0025173259151654455	0.0026180189517720632	0.002852969370520838	0.003087919789269613	0.0033564345535539272	0.0035578206267671626	0.00412841450087133	0.004430493610691184	0.004833265757117655	0.00553811701336398	0.006310096960681383	0.007082076907998786	0.007753363818709572	0.008995244603524525	0.01013643235173286	0.011176927063334577	0.012049600047258599	0.013559995596357866	0.01523821287313483	0.017319202296338265	0.020071478630252486	0.022723061927560087	0.02591167475343632	0.030073653599843188	0.033866424645359126	0.03708860181677089	0.03997513553282727	0.043700777887272134	0.04705721244082606	0.05088354783187753	0.05497839798721333	0.0608521584559327	0.06739720583536286	0.07525126269067904	0.08790502095757735	0.11160144890566807	0.146139160461738	0.18873231494633733	0.2405892287987455	0.3201367277179736	0.4615433154592005	0.7256947148238946	1.0473418380909674	1.3403250102706898	1.5984348274389868	1.8244235659297727	2.0352412202384946	2.2248797725142917
209055_HY55YBGXT_TCDM_1_A04_X4_67_2_o_TTTATG_S25_R1_001 - illumina_universal_adapter	0.00038711165926122063	0.0005290526009903349	0.000593571210867205	0.0006580898207440751	0.0007484158745716932	0.0008258382064239374	0.0009935865921037997	0.0011355275338329137	0.0013419870854388981	0.0017420024666754928	0.0021807290138382094	0.0028517225565576586	0.003909827758538328	0.004400169193602541	0.00481308829681451	0.005213103678051104	0.005780867444967561	0.006155075382253408	0.006722839149169865	0.007729329463249038	0.008671301167451342	0.009484235651899906	0.010477822244003706	0.011574638611910496	0.012723069867718784	0.013974730899330065	0.01482637654970475	0.01592319291761154	0.017213565115148943	0.01862007081046471	0.020039480227755854	0.021781482694431347	0.023278314443574734	0.025239680183831586	0.027033297538408572	0.029059181888542295	0.031136681126577512	0.03369161807770157	0.03663366668808685	0.039756367406127355	0.04339521700318283	0.04696954799036144	0.05080195341704752	0.05451822534595524	0.05841514938251819	0.06346050467488944	0.06845424507935918	0.07378348225518865	0.07898368221126438	0.08494520176388717	0.09142287019552493	0.09903606616099561	0.10596536486177145	0.11392696132057722	0.12286924064951142	0.13332125544956439	0.14337325486838073	0.1525348974708963	0.16349015742798884	0.1762777459055845	0.1886911264458943	0.20092385487854889	0.21399532523960277	0.22837007152016942	0.24282224013258832	0.2596099824225499	0.27612674655102865	0.29527586996248373	0.3151346980825843	0.33380638378095057	0.3541813607800661	0.37543379087350714	0.39876372020498335	0.42206784209250886	0.4439396508407678
209055_HY55YBGXT_TCDM_1_A04_X4_67_2_o_TTTATG_S25_R1_001 - polya	0.0010839126459314178	0.0026710704489024224	0.0044259766375532895	0.0076390034094214205	0.014336035114640537	0.025226776461856212	0.03840147659871308	0.052324592610141656	0.06447989871094398	0.07686747180730304	0.09076478037478086	0.1074363891669641	0.12735973589694158	0.14690887468963323	0.164806337069477	0.18554261828390303	0.20611115111264924	0.2270926030446074	0.24870633735335887	0.27220401507051495	0.29651462727211964	0.32118654368903476	0.3476391737385515	0.3738466330705361	0.40104767899462457	0.4303262241567482	0.45941121348924124	0.4881994172163007	0.518845756907814	0.5493759631015489	0.5816868829278855	0.6175592300194253	0.6577156128067893	0.7037302853709729	0.7528160437652958	0.8043793167788903	0.8621621837846152	0.9253775177419725	0.9949930977991154	1.0710476351219698	1.1525991580063337	1.247415707081382	1.347909893825595	1.4587786730380083	1.5863706759305067	1.726788978466527	1.8668846879531626	2.0190969923746747	2.178974107649559	2.3587100510445436	2.560692011125073	2.770480723000704	3.0014831538038496	3.246679678779907	3.5189482124602987	3.809604549955598	4.116300213866288	4.441254644372132	4.79827482398678	5.1663534933343245	5.543271212234999	5.935518552842419	6.350992593005512	6.805952022413249	7.314719972458295	7.874031801480883	8.492636232980313	9.182314365120105	9.879876671386848	10.557205941596205	11.246006620641671	11.965014912831487	12.66369984291009	13.380669347027796	14.154053923621838
209055_HY55YBGXT_TCDM_1_A04_X4_67_2_o_TTTATG_S25_R1_001 - polyg	0.0	0.0	1.2903721975374021e-05	0.00012903721975374022	0.0017290987447001187	0.0032259304938435053	0.003251737937794253	0.0032646416597696274	0.0032646416597696274	0.0032775453817450013	0.003290449103720375	0.0033033528256957495	0.0033033528256957495	0.0033162565476711234	0.0033420639916218716	0.0033549677135972455	0.0033936788795233676	0.0034194863234741153	0.0034194863234741153	0.0034711012113756118	0.003509812377301734	0.003509812377301734	0.0035227160992771078	0.0035743309871786037	0.003600138431129352	0.003703368206932344	0.003742079372858466	0.0038582128706368323	0.00394853892446445	0.004025961256316694	0.004090479866193565	0.004180805920021183	0.004284035695824175	0.004309843139774923	0.004464687803479411	0.0046324361891592735	0.004774377130888388	0.004916318072617502	0.005032451570395868	0.005187296234100356	0.005380852063730967	0.005561504171386203	0.00593571210867205	0.006361534933859392	0.006684127983243743	0.007161565696332582	0.007497062467692306	0.007935789014855022	0.008516456503746854	0.009200353768441676	0.009806828701284256	0.010452014800052957	0.011316564172403017	0.012142402378826954	0.012852107087472526	0.013910212289453194	0.015007028657359986	0.016349015742798883	0.01752325444255792	0.019187834577381168	0.02086531843417979	0.02287829906233814	0.025600984399142056	0.028620455341379577	0.03202703794287832	0.03659495552216072	0.04418234404368065	0.05712477718498079	0.07805461422903745	0.10168132916594728	0.12292085553741293	0.1402118429844141	0.15558017585708456	0.17030332263098633	0.18426514980834102
209056_HY55YBGXT_TCDM_1_B04_C64_1_2_o_AACGCC_S26_R1_001 - illumina_universal_adapter	0.0012588795971585289	0.0018183816403400973	0.0019982215827913158	0.0022779726043821	0.002437830331005405	0.002697599136768276	0.003277083395777758	0.003816603223131413	0.004396087482140895	0.004955589525322463	0.00601464696420186	0.00721357991387665	0.009471570302430836	0.010850343194556845	0.012109222791715373	0.01328817352556225	0.014666946417688257	0.016065701525642177	0.017484438849424012	0.020002198043741072	0.022440028374746474	0.02517759194317058	0.028794373008022858	0.03227127856207975	0.0359879707060716	0.04038405818821249	0.04442046578545095	0.04877658883593602	0.05335251626052813	0.059327198793074166	0.0648422903615782	0.07017754198763101	0.07501323821798599	0.08104786739801577	0.08744217646294798	0.09349678785880566	0.1003906523194357	0.10886311183047089	0.11833468213290171	0.1290651320324911	0.14097453266592733	0.1529238977310194	0.1649332094435952	0.17652289462378484	0.19019073025007743	0.20879417318586457	0.22603882544535364	0.242983744467424	0.2572310643527261	0.2724175483819401	0.29044150705871774	0.3112230115197474	0.33120522734766056	0.3531457003267092	0.3778637013058378	0.40653818101889316	0.43263495489014775	0.45771263575417875	0.4847685559851732	0.520476775669654	0.556145030922479	0.5889558293119124	0.6232253294567834	0.6581142782923198	0.6968597947826435	0.7346261826973993	0.7752700096913747	0.8203698708149747	0.8607139645715314	0.8975811527740312	0.9403231124299374	0.9826654277692853	1.0282048976410993	1.0734646164913226	1.1168460070537223
209056_HY55YBGXT_TCDM_1_B04_C64_1_2_o_AACGCC_S26_R1_001 - polya	0.0019782393669634025	0.005015536172806203	0.00829261956858396	0.016285505899749222	0.032950673900228794	0.059766807541288255	0.09501543626172707	0.12902516760083527	0.1603572820190031	0.19458681773221834	0.2338518718340677	0.27987091488575166	0.3368202299953042	0.3922109322702795	0.4467823636963103	0.5043111630648722	0.5655966190090819	0.6267022350108403	0.6932430137177912	0.760003596798849	0.8289822058368053	0.904974572630359	0.9816463347620618	1.057079199512434	1.131572900118894	1.2065461739052243	1.2805603013318148	1.3592302850463087	1.4382199842140495	1.520047158029354	1.606030632736864	1.6992876340057348	1.7996782863251706	1.915595120342895	2.0376464946197883	2.171167660781904	2.315199472469502	2.4695021430926474	2.6388913866658674	2.82558522914606	3.024668045439559	3.2410354784242026	3.468513023409166	3.719469671991927	4.000899199712256	4.304708809159847	4.6104966579744024	4.929532715882864	5.274545654367613	5.64523574019123	6.053512373987151	6.484149107294508	6.946437670473279	7.447831430027276	8.011249987511116	8.594450938664588	9.186703833588107	9.806312381980037	10.46708429497747	11.13411064152904	11.810948256052114	12.496637992186953	13.221832569013579	13.98649202210033	14.815993765548662	15.726663269689976	16.714184375905443	17.762511364885253	18.805063493490792	19.800897201490674	20.81505460140475	21.865699527420595	22.878098492341817	23.90146769375256	24.986841710877318
209056_HY55YBGXT_TCDM_1_B04_C64_1_2_o_AACGCC_S26_R1_001 - polyg	0.0	0.0	0.0	7.992886331165263e-05	0.001778417208684271	0.0025177591943170577	0.002537741410144971	0.0025577236259728842	0.0025577236259728842	0.0025577236259728842	0.0025976880576287103	0.0026176702734566236	0.002697599136768276	0.0027375635684241026	0.0027375635684241026	0.0027375635684241026	0.0027375635684241026	0.002757545784252016	0.002757545784252016	0.0027775280000799287	0.0027775280000799287	0.0027775280000799287	0.0027775280000799287	0.002797510215907842	0.0028374746475636685	0.0028574568633915813	0.002897421295047408	0.0029973323741869736	0.0030372968058427997	0.003057279021670713	0.003057279021670713	0.003157190100810279	0.0032571011799498446	0.0034569233382289763	0.0036167810648522814	0.0037366743598197605	0.003856567654787239	0.003976460949754719	0.0043361408346571555	0.004535962992936286	0.00487566066201081	0.005335251626052813	0.005794842590094816	0.006234451338308905	0.00677397116566256	0.0075133131512953475	0.008512423942691005	0.00981126797150536	0.011289951942770934	0.012628760403241115	0.014387195396097473	0.016245541468093396	0.01784411873432645	0.019382749353075764	0.02106125548262047	0.022919601554616392	0.024678036547472748	0.026776169209403632	0.02881435522385077	0.03179170538220984	0.034529268950633935	0.03862562319535613	0.045539469871814085	0.05563048886491023	0.06849903585808631	0.08254653358510926	0.09983115027625414	0.12632756846406698	0.17386525991867238	0.2336120852441327	0.2930192129005185	0.3462318536502513	0.39694671742149484	0.448460869825855	0.4977969607049726
209057_HY55YBGXT_TCDM_1_C04_A04_1_1_i_CAAGCA_S27_R1_001 - illumina_universal_adapter	0.0004261945416128537	0.0006961177513009944	0.0007245307207418512	0.0007671501749031367	0.000809769629064422	0.0009376279915482781	0.0010370733845912773	0.0012217576859568473	0.0014206484720428456	0.001647952227569701	0.002031527315021269	0.0025571672496771222	0.003423762817623258	0.003764718450913541	0.004063054630042538	0.004446629717494107	0.004716552927182247	0.005227986377117672	0.005739419827053096	0.0063787116394723765	0.007287926661579798	0.008211348168407647	0.009148976159955927	0.009987158758461205	0.011052645112493339	0.012018686073482474	0.013112585396955465	0.014107039327385457	0.01508728677309502	0.016351663913213153	0.01775810590053557	0.01893724413233113	0.020073762909965407	0.021650682713932966	0.023113950640137097	0.02487555474547023	0.026836049636889354	0.028881783436631052	0.031126408022458748	0.03331420666940473	0.036098677674608705	0.038641638439565404	0.04135507702116724	0.04391224427084436	0.04669671527604834	0.05060349857416616	0.05431139108619799	0.05848809759400395	0.06262218464764864	0.06723929218178788	0.0726377563755507	0.07817828541651779	0.08383246633524832	0.08968553804006485	0.09677457391555865	0.10393464221465458	0.1116771763872881	0.12000217643345917	0.12878178399068396	0.1385416389936183	0.14808839672574622	0.15817500087725042	0.16898613574949647	0.18025187813279625	0.19244104202292386	0.20541156257267504	0.21853835445435094	0.23308579480806968	0.24793157134091742	0.26242218575575443	0.2788732950620106	0.29602052211956775	0.31444633280196344	0.33307103427044515	0.34824355995186274
209057_HY55YBGXT_TCDM_1_C04_A04_1_1_i_CAAGCA_S27_R1_001 - polya	0.0021877986469459824	0.003935196267558682	0.006009343036741237	0.010555418147278343	0.018653114437922565	0.030416083786437325	0.04446629717494107	0.05978088770356294	0.07292188606995927	0.08654590491685016	0.10248558077317088	0.11998796994873874	0.13996228746566114	0.15831706572445473	0.17645874671244186	0.19691608470985883	0.21700405410454468	0.23783076070469278	0.25942461747974405	0.2821549930324296	0.30610712627107195	0.33072696429157444	0.355545693098163	0.3809610942630095	0.4063907019125764	0.43132308259692836	0.4577187312074844	0.48432747708884694	0.51261258816722	0.5415369910580123	0.5739277762205892	0.6082364368204239	0.6463524353253335	0.6905488092905864	0.7348588351336027	0.7846525640787045	0.8389213357107412	0.8959603718632615	0.9600742374065551	1.0283932224270955	1.1022101170344418	1.1849202710767763	1.2760832835277656	1.3788103745411837	1.4940107591391383	1.6169962973638874	1.7454229192365605	1.8811658807402545	2.030433415697796	2.1929556008994977	2.3697126837910685	2.5589146472977347	2.777381969328484	3.0060495473885	3.2608144378799437	3.528833978615547	3.8042693043752136	4.095473828174557	4.413784324820476	4.742905956338642	5.078292647618517	5.432389279275196	5.812682668756346	6.216516203419245	6.65998583045214	7.137082206818289	7.651342747213079	8.200352349234036	8.764236140757282	9.331657346975915	9.931938152352899	10.5507300073206	11.182648654169979	11.83846260831912	12.528926178701383
209057_HY55YBGXT_TCDM_1_C04_A04_1_1_i_CAAGCA_S27_R1_001 - polyg	0.0	0.0	0.0	0.00011365187776342764	0.0016337457428492724	0.0026281996732792643	0.0026566126427201215	0.0026566126427201215	0.00267081912744055	0.00267081912744055	0.00267081912744055	0.0026850256121609783	0.0026992320968814067	0.002713438581601835	0.002741851551042692	0.0027560580357631204	0.0027560580357631204	0.0027560580357631204	0.002798677489924406	0.002798677489924406	0.002869709913526548	0.002898122882967405	0.0029123293676878337	0.0029407423371286905	0.0030686006996125466	0.0030970136690534034	0.0031538396079351175	0.0032532850009781163	0.0032674914856985447	0.003338523909300687	0.0033953498481824012	0.0034947952412254	0.0035658276648275426	0.0036510665731501134	0.0037220989967522555	0.0038073379050748263	0.00386416384395654	0.003949402752279111	0.004063054630042538	0.004219325961967252	0.004389803778612393	0.004673933473020962	0.004887030743827389	0.005100128014633816	0.005384257709042385	0.0059667235825799515	0.006435537578354091	0.006847525635246516	0.007330546115741084	0.007856186050396936	0.00836761950033236	0.008978498343310784	0.009518344762687066	0.010242875483428917	0.010754308933364341	0.011564078562428763	0.012359641706772758	0.013169411335837178	0.014135452296826313	0.01537141646750359	0.01665000009234215	0.018354778258793565	0.02078408714598683	0.02356855815119081	0.026921288545211926	0.03091331075165232	0.03646804627733985	0.04614266237195162	0.06176979556442293	0.0797267922510445	0.0971013230641285	0.1120749579594601	0.1253154017188994	0.13895362705051073	0.15189573463082107
209058_HY55YBGXT_TCDM_1_D04_X4_67_3_i_GCTCGA_S28_R1_001 - illumina_universal_adapter	0.004468946526677709	0.006750961774342922	0.008082137335480964	0.008367389241439115	0.009983816708535308	0.0116002441756315	0.01464293117251845	0.017970870075363552	0.021964396758777677	0.02662351122276082	0.032613801247882004	0.04392879351755535	0.05771596897219935	0.0674145337747765	0.07369007570585584	0.08101154129211506	0.08909367862759603	0.09565447246463352	0.1027857701135873	0.11372042650864979	0.1264616783081139	0.13929801407623071	0.15279993762491656	0.16725270086012958	0.18265630378186976	0.20576170816448006	0.22249648664735827	0.2418936162525126	0.25758247108021093	0.27964195180764134	0.3004653409425864	0.3149181041777994	0.3288003636010961	0.3446793863660999	0.36141416484897815	0.3808112944541324	0.40068384390255035	0.42673685131339484	0.4533603625361557	0.4798887897902638	0.5144042704112002	0.5446409724427642	0.5789662851263951	0.6116751703429298	0.6460004830265608	0.700388513095915	0.751828940137035	0.8011775198677953	0.8360733363633425	0.8711593207961951	0.9108093357243782	0.960633335298402	1.000283350226585	1.0432613040576133	1.0986001738134947	1.1655392877450077	1.2190715620964874	1.2661381265795824	1.3228081718966018	1.4063869803423403	1.4852115903554428	1.5550032233465374	1.6227980929959247	1.6876453596170777	1.772365175686649	1.8551833123831656	1.9410441360765691	2.0333706696383578	2.1056344858144227	2.1666783936894674	2.229909232843524	2.3027435528315054	2.3820435826878716	2.4658125590709155	2.5689786650591135
209058_HY55YBGXT_TCDM_1_D04_X4_67_3_i_GCTCGA_S28_R1_001 - polya	0.004659114463983143	0.012551083862158672	0.021964396758777677	0.040600854614710254	0.08500506797552919	0.1644952657692008	0.25824805886077995	0.3528566076702336	0.44042894279938616	0.531234132862731	0.6384888495029961	0.7720818254600638	0.9290654577056999	1.0753996854622316	1.2348555008928386	1.3971638353830267	1.5498686890392905	1.712842611310048	1.8699213275243367	2.0320394940772197	2.1933969888808806	2.364738300393077	2.535318940156052	2.704378236420583	2.8672570747226875	3.0329884320843736	3.1907327360792315	3.3463851927637296	3.4950014357679264	3.642191419242333	3.7986045476760526	3.9618637218527684	4.1344411249574495	4.326320573698633	4.52076728959344	4.735847226685887	4.958153545395939	5.196338886870996	5.454491861763123	5.724815584642798	6.026612101146522	6.342766296916807	6.681170141351828	7.055705893874881	7.473885188009532	7.914028878902959	8.356169333138094	8.808578855987722	9.28266752369017	9.776818908778342	10.324122232343383	10.88283563214675	11.490802527712223	12.124727346719888	12.840329294800238	13.55878376194017	14.286936793882678	15.065389245242473	15.88168511612605	16.713099338025412	17.511899758676886	18.297863843560247	19.136219195171257	20.037044714187097	21.00709136238212	22.081159872283212	23.211042671783453	24.378103303026904	25.504277827749686	26.57311671937488	27.6306406187304	28.69681715923332	29.71659272303371	30.749870210382788	31.794272522064237
209058_HY55YBGXT_TCDM_1_D04_X4_67_3_i_GCTCGA_S28_R1_001 - polyg	0.0	0.0	0.0	0.0	0.001331175561138041	0.0020918473103597787	0.0020918473103597787	0.0020918473103597787	0.0020918473103597787	0.0020918473103597787	0.0020918473103597787	0.0020918473103597787	0.0020918473103597787	0.0020918473103597787	0.0020918473103597787	0.0020918473103597787	0.0020918473103597787	0.0020918473103597787	0.0020918473103597787	0.0020918473103597787	0.0020918473103597787	0.0020918473103597787	0.0020918473103597787	0.0020918473103597787	0.002186931279012496	0.002186931279012496	0.002282015247665213	0.0023770992163179303	0.002757435090928799	0.002757435090928799	0.0030426869968869508	0.0033279389028451024	0.0038984427147614057	0.004373862558024992	0.005229618275899447	0.005229618275899447	0.00580012208781575	0.006275541931079336	0.00751163352356466	0.010554320520451611	0.013026503705422259	0.016259358639614644	0.018921709761890726	0.021013557072250503	0.023390656288568436	0.029571114250995054	0.036131908088032544	0.04516488511004068	0.05647987737971403	0.06731944980612378	0.08044103748019876	0.0894740145022069	0.09574955643328624	0.10164476248975471	0.10915639601331936	0.11733361731745304	0.1326421362705405	0.16221325052153557	0.19634839526786105	0.2308638758887974	0.2721303182840767	0.3232854934192385	0.3920312027551531	0.4738034157964899	0.5647036898284875	0.664732024851146	0.7793082070776703	0.9162291219375831	1.1046855478072686	1.3562777288623584	1.6033058794221178	1.827799129411183	2.037364196321772	2.237040530492478	2.408191674067369
209059_HY55YBGXT_TCDM_1_E04_A04_1_2_i_GCGAAT_S29_R1_001 - illumina_small_rna_3'_adapter	0.0	0.0	0.0	0.0	0.0	0.0	1.5544556917949612e-05	1.5544556917949612e-05	1.5544556917949612e-05	4.663367075384883e-05	0.00010881189842564727	0.0001399010122615465	0.00021762379685129454	0.00023316835376924417	0.0005129703782923372	0.0005129703782923372	0.0005129703782923372	0.0005440594921282363	0.0006062377198000348	0.0007305941751436317	0.0009482179719949263	0.0011813863257641704	0.0014145546795334145	0.0016632675902206085	0.002067426070087298	0.002362772651528341	0.0027824756883129804	0.0032954460666053177	0.003792871887979705	0.004476832392369488	0.00519188201059517	0.0057203969458054565	0.006248911881015743	0.006979506056159376	0.0077567339020568555	0.008471783520282538	0.009606536175292859	0.011005546297908324	0.01280871490039048	0.015140398438082922	0.017658616658790757	0.020643171587037084	0.02392307309672445	0.02714079637874002	0.0299543611808889	0.03293891610913523	0.035861292809709754	0.03909456064864327	0.041954759121546	0.04504812594821797	0.0479083244211207	0.05051980998333624	0.05362872136692616	0.05603812768920835	0.05913149451588032	0.06183624741960355	0.06449436665257294	0.0676188225930808	0.07002822891536299	0.07318377396970677	0.0756087248489069	0.0779559529435173	0.08044308205038923	0.08294575571417913	0.08529298380878951	0.08762466734648196	0.0899252617703385	0.09252120277563608	0.09460417340264134	0.09670268858656453	0.09856803541671848	0.10030902579152884	0.10253189743079563	0.10438169970403163	0.10637140298952918
209059_HY55YBGXT_TCDM_1_E04_A04_1_2_i_GCGAAT_S29_R1_001 - illumina_universal_adapter	0.0005285149352102868	0.000917128858159027	0.0011036635411744223	0.0012435645534359689	0.0013679210087795656	0.001476732907205213	0.0016166339194667596	0.0018187131594001045	0.0019741587285796005	0.0023005944238565423	0.0028135648021488796	0.003435347078866864	0.004445743278533589	0.004958713656825926	0.005362872136692616	0.005829208844231104	0.0061400999825900965	0.006544258462456786	0.007026139726913224	0.0077567339020568555	0.008689407317133833	0.009684258959882607	0.011098813639416023	0.01237346730668789	0.013539309075534111	0.014860596413559827	0.01633732932076504	0.017829606784888204	0.019415151590519063	0.02124940930683712	0.023425647275350063	0.025461984231601464	0.027700400427786206	0.0299854502947248	0.03259693585694033	0.03531723331758151	0.03820852090432014	0.04151951152784341	0.045265749745069264	0.04907416618996692	0.05362872136692616	0.05813664287313154	0.06266010893625489	0.06665506006416794	0.0718158529609272	0.07804922028502499	0.08417377571069715	0.09116882632377447	0.09810169870918	0.10477031362698037	0.11227833461835005	0.12096774193548387	0.1296571492526177	0.13882843783420798	0.14840388489566494	0.1593006192951476	0.17071032407292264	0.18247755365981047	0.19497537742184196	0.21024013231526847	0.22485201581814113	0.23952607754868555	0.2548685552267018	0.2696669734125898	0.2858177680503395	0.30356965205063796	0.3222386649090954	0.3425243116870197	0.3623902554281593	0.38328213992588356	0.40552640087546943	0.4284701668863631	0.45292175491829784	0.47909878876812495	0.5024000795881314
209059_HY55YBGXT_TCDM_1_E04_A04_1_2_i_GCGAAT_S29_R1_001 - polya	0.0011813863257641704	0.0023005944238565423	0.0038395055587335538	0.0070105951699952745	0.0140367348969085	0.026161489292909196	0.04136406595866392	0.056504464396746834	0.07094535777352202	0.08512199368269206	0.10330912527669311	0.12357922749769941	0.14871477603402392	0.17254458178924068	0.19825527893152933	0.2234374611386077	0.2507492476434452	0.27879162832342624	0.3055748998930535	0.3352339144925013	0.36736451364190315	0.3991375879821922	0.43254284079886585	0.4647667072897754	0.49727037580520805	0.5294165195115278	0.5634124654910836	0.5979524709627677	0.6330831695973338	0.6707631755664436	0.7104173402641331	0.751781406222797	0.7986016116596613	0.8518106299898027	0.9070093516054418	0.970197975476907	1.0360447185813415	1.108357997363643	1.186158504737981	1.274016340438232	1.3677189295396324	1.4716032034222897	1.5850940134802398	1.7113002710970726	1.85218059044445	2.0053566543139256	2.1671133136021092	2.333471161738006	2.5156067351456213	2.7117790434501456	2.92690016663765	3.1560269356082276	3.413755689307832	3.6840910786678935	3.977121521128162	4.293142363270078	4.6132514238814135	4.958977914293531	5.323684308702465	5.701137239784117	6.082134329843062	6.485577760091527	6.91131208496033	7.37596998035168	7.879100654114955	8.421823314348249	9.033221827045042	9.6781033153431	10.34608401522123	11.007442733852315	11.690144129131744	12.414846917203471	13.141119705523915	13.896491904394757	14.700813913000223
209059_HY55YBGXT_TCDM_1_E04_A04_1_2_i_GCGAAT_S29_R1_001 - polyg	0.0	0.0	9.326734150769766e-05	0.0001709901260974457	0.0017254458178924067	0.002844653915984779	0.002875743029820678	0.002875743029820678	0.0028912875867386275	0.0028912875867386275	0.0028912875867386275	0.0028912875867386275	0.0028912875867386275	0.0028912875867386275	0.0028912875867386275	0.0029068321436565773	0.0029068321436565773	0.0029223767005745267	0.0029223767005745267	0.0029379212574924766	0.0029379212574924766	0.002953465814410426	0.0029845549282463252	0.0030156440420822245	0.0030933668266719724	0.00318663416817967	0.00320217872509762	0.003279901509687368	0.0033420797373591663	0.0034664361927027633	0.0035907926480463603	0.003668515432636108	0.003792871887979705	0.003886139229487403	0.004010495684830999	0.004134852140174596	0.0042281194816822945	0.004336931380107941	0.004570099733877186	0.0046789116323028325	0.0049276245429900264	0.005129703782923371	0.005456139478200313	0.005627129604297759	0.005891387071902903	0.006202278210261895	0.006590892133210635	0.007026139726913224	0.0076323774467132585	0.008223070609595344	0.009046932126246673	0.00962208073221081	0.010197229338174945	0.010943368070236525	0.011658417688462208	0.012295744522098142	0.013135150595667422	0.014534160718282885	0.01593317084089835	0.017487626532693312	0.019741587285796006	0.022601785758698735	0.02639465764667844	0.03126010396199667	0.0378199069813714	0.04542119531424876	0.05555624642475191	0.07152050637948616	0.09704466883875942	0.12741873305643295	0.15749745069266546	0.18578854428333375	0.21154587509637626	0.2375985524908598	0.26264083368567664
209060_HY55YBGXT_TCDM_1_F04_C17_1_1_i_TGGATT_S30_R1_001 - illumina_universal_adapter	0.0002474525059102853	0.00036528703253423063	0.0003888539378590197	0.0004242042958462033	0.0004242042958462033	0.00047133810649578145	0.0006009560857821214	0.0007305740650684613	0.0008601920443548012	0.00101337692896593	0.0012136956242266373	0.0015554157514360788	0.0019678365946198878	0.0021328049318934113	0.0022506394585173565	0.002392040890466091	0.0026630603017011654	0.0029105128076114505	0.0033465005561200485	0.0037707048519662516	0.004206692600474849	0.00470159761229542	0.005385037866714303	0.006033127763146003	0.006657650754252913	0.007034721239449538	0.007753511851855605	0.008566570085560828	0.009332494508616474	0.010593323943492688	0.01158313396713383	0.012549377085450182	0.013574537467078505	0.014540780585394859	0.015530590609035999	0.01695638838118574	0.018346835795348293	0.020043652978733107	0.021516584561532423	0.023284102460891604	0.02562900954070812	0.027679330303964765	0.029694300709234234	0.03198029052573877	0.03417201272094415	0.037212143507841945	0.03994590452551748	0.04289176769111611	0.045861197762039535	0.04911343069686043	0.052766301022202734	0.057137961959951106	0.061851343024908925	0.06636440539460603	0.07124275479683737	0.07707556386472267	0.08274340459533444	0.08825806044133508	0.09406730260389559	0.10054820156821258	0.1078421587662348	0.11470012821574842	0.12204121922442021	0.12934695987510483	0.13728900696955876	0.14635048206694015	0.15598934634477887	0.16657088683560917	0.17748236400098652	0.1891126317787699	0.20168557576954488	0.21494196001473875	0.2292352880942233	0.24390568665890452	0.25743309031533346
209060_HY55YBGXT_TCDM_1_F04_C17_1_1_i_TGGATT_S30_R1_001 - polya	0.0009780265709787466	0.0020385373105942547	0.0031933156715089196	0.005078668097492045	0.009568163561864363	0.015554157514360789	0.02245926077452399	0.029305446771375213	0.036080932052252074	0.04345737341891105	0.05202394350447188	0.062322681131404704	0.07586186824049602	0.08765710435555296	0.10002972965106723	0.113015094485026	0.12651893123613014	0.14034092120911892	0.15495240251048817	0.16944604928523344	0.1843992507138121	0.2008136002725277	0.21767572103241428	0.23372478355859563	0.24949104322087953	0.2678614459215526	0.28504171990332383	0.30272868234957806	0.32083984909167845	0.34044751432190296	0.360726836353884	0.3830800460544464	0.4084969534472314	0.4371189599641877	0.4676027520018024	0.49900565334708386	0.5329891308254296	0.5699656052800237	0.6107481349445713	0.6557727075675808	0.7047800871904796	0.7603154995883451	0.8162279824714072	0.8795286901737907	0.9495106155357518	1.0294613418500986	1.1076209833597617	1.1964328660762293	1.2912660931031805	1.3955849995233593	1.5123000981443773	1.642094829220653	1.7874319343586274	1.9410528067182649	2.115212237068456	2.2982210403681056	2.486921251303692	2.6826915338367145	2.89884718947568	3.118042975901543	3.3451336756112107	3.5799661037200714	3.8323558762959	4.113190903598749	4.425746985468764	4.771343868604133	5.165677111951166	5.607226650116415	6.054479379370262	6.482583998047717	6.910735750535823	7.365152819008406	7.805924649297936	8.271724533042391	8.772108850350977
209060_HY55YBGXT_TCDM_1_F04_C17_1_1_i_TGGATT_S30_R1_001 - polyg	0.0	0.0	4.713381064957815e-05	0.00015318488461112898	0.0018853524259831258	0.003205099124171314	0.003228666029496103	0.0032640163874832866	0.003275799840145681	0.003311150198132865	0.0033465005561200485	0.0034172012720944155	0.0034407681774192046	0.003535035798718361	0.003605736514692728	0.0036764372306670955	0.003735354493979068	0.0037471379466414625	0.003758921399303857	0.0037707048519662516	0.003841405567940619	0.003864972473265408	0.0038767559259278027	0.0038885393785901973	0.003912106283914986	0.0039238897365773805	0.00394745664190217	0.003971023547226959	0.003994590452551748	0.004041724263201326	0.0040770746211885095	0.004112424979175694	0.004124208431838088	0.004218476053137244	0.004300960221774006	0.0044187947483979514	0.00446592855904753	0.004607329990996264	0.00470159761229542	0.0049608335708681	0.005337904056064725	0.005526439298663038	0.005868159425872479	0.006198096100419526	0.006610516943603335	0.007105421955423906	0.007553193156594898	0.008507652822248855	0.009356061413941262	0.010039501668360146	0.010887910260052551	0.011653834683108197	0.012301924579539896	0.012997148286621175	0.013680588541040057	0.014411162606108517	0.015294921555788108	0.016449699916702774	0.017545561014305464	0.01870033937522013	0.020397156558604943	0.02215289100530173	0.024980919644276418	0.028728057590917882	0.03308793507600386	0.03800163483622238	0.043528074134885415	0.051293369439403415	0.06327714079705866	0.07950295511317594	0.09643577658903689	0.11349821604418418	0.12821574841951494	0.14311003258478164	0.15622501539802677
209061_HY55YBGXT_TCDM_1_G04_X4_67_2_i_ACCTAC_S31_R1_001 - illumina_universal_adapter	0.00025512115435071534	0.0003491131585851894	0.0004028228752906031	0.0004565325919960169	0.0005102423087014307	0.0005370971670541375	0.0006713714588176719	0.0007385086046994391	0.0008459280381102666	0.0009936297590501543	0.0011816137675191025	0.0016112915011624125	0.002134961239040197	0.002390082393390912	0.0025377841143307996	0.0029003247020923427	0.0031554458564430577	0.003558268731733661	0.003920809319495204	0.0045116162032547555	0.005102423087014306	0.0056260928248920905	0.006096052846064461	0.006686859729824012	0.007438795763699805	0.008096739793341122	0.008808393539687855	0.00949319242768188	0.010191418744852259	0.011104483928844293	0.012084686258718095	0.0128903320092993	0.013642268043175093	0.014353921789521825	0.0154281161236301	0.01636803616597484	0.01730795620831958	0.0187446911301894	0.020141143764530158	0.0220612661367487	0.02426336452167066	0.026425180619063567	0.028560141858103762	0.030789095101378432	0.033031475773829456	0.03624063134697793	0.03949006920765546	0.04291406364762559	0.04545184776195639	0.04856701133087039	0.05236697378777841	0.05662346883668245	0.06038314900606141	0.06478734577590534	0.06988976886291964	0.07512646624169748	0.07981263902424483	0.08425711808161783	0.08937296859780848	0.09581813460245814	0.10247813947392943	0.10814451458635059	0.11428084971994411	0.12055145914530116	0.12762771432123943	0.13520078437670277	0.14379433904956895	0.15242817600996422	0.16083374667436148	0.1697629870766365	0.17912190521255486	0.1886016702110604	0.1983768386514457	0.2094141854344082	0.21862540184938667
209061_HY55YBGXT_TCDM_1_G04_X4_67_2_i_ACCTAC_S31_R1_001 - polya	0.0020678240931584295	0.003423994439970127	0.004968148795250772	0.008365288376868191	0.014259929785287352	0.02172558040733986	0.031111353401610916	0.03998688408718054	0.04867443076428121	0.05804677632937591	0.06857388080363701	0.08063171220400239	0.09466337569329174	0.10570072247625427	0.11769141673073788	0.12972239327275056	0.14149824866041252	0.15355608006077792	0.166741815511957	0.18051835784689563	0.19362352872301658	0.2087830962631196	0.22482887412886196	0.24071352284448808	0.25686672014364126	0.2738121357641993	0.2901667445009978	0.30683018410885243	0.32271483282447855	0.3408418622125557	0.359774537351214	0.3801305199825658	0.4026348912821342	0.4297180159308391	0.45689513258377845	0.48652946877599046	0.5195206622622909	0.5531429449198799	0.5917602312310724	0.633425543965297	0.6761919058919827	0.7240875457640354	0.7745075423212426	0.8308087528576926	0.893581984257145	0.965123326908756	1.037080919864834	1.1159267839883815	1.2011775318290494	1.293786510858359	1.3967211829242847	1.5056847706903929	1.6259542538229905	1.7550052756369234	1.8964229597222777	2.0446080681125145	2.1974122121394166	2.360367492623642	2.5391000023900823	2.7270840108590306	2.925984519248354	3.1316793068009123	3.3536749933735637	3.5979602123789616	3.873625333369498	4.1796498717277695	4.522089598012311	4.904301369517212	5.287372496489398	5.658949744086628	6.036260503942159	6.432544221223878	6.819616722090618	7.221996492218402	7.6614896765896265
209061_HY55YBGXT_TCDM_1_G04_X4_67_2_i_ACCTAC_S31_R1_001 - polyg	0.0	0.0	2.6854858352706875e-05	0.00012084686258718094	0.0016112915011624125	0.002873469843739636	0.0029271795604450495	0.0029540344187977564	0.0029674618479741096	0.002994316706326817	0.00300774413550317	0.0030211715646795236	0.0030211715646795236	0.0030480264230322305	0.003088308710561291	0.0031151635689139977	0.0031151635689139977	0.0031554458564430577	0.0031688732856194114	0.0032360104315011786	0.0032360104315011786	0.0032628652898538855	0.0032897201482065923	0.003303147577382946	0.003343429864912006	0.0033971395816174196	0.003423994439970127	0.00343742186914648	0.003558268731733661	0.0035985510192627214	0.0035985510192627214	0.003625405877615428	0.0036925430234971955	0.0037999624569080227	0.003840244744437083	0.003961091607024264	0.004095365898787799	0.004202785332198626	0.0042967773364331	0.004457906486549341	0.004659317924194643	0.004753309928429117	0.004901011649369005	0.00511585051619066	0.005182987662072427	0.005357544241365021	0.00554552824983397	0.005867786550066452	0.006257181996180702	0.006646577442294951	0.007035972888409202	0.0073448037594653305	0.007814763780637701	0.008150449510046537	0.008674119247924321	0.009197788985802105	0.009640894148621768	0.010204846174028613	0.010929927349551699	0.011856419962720086	0.012863477150946594	0.01409880063517111	0.015548962986217281	0.017522795075141238	0.019818885464297675	0.022746065024742725	0.0283184481329294	0.03620034905944887	0.04992318167768208	0.0646262166257891	0.07838933153155137	0.09009804977333156	0.10024918623065476	0.10942012035810417	0.1177182715890906
209062_HY55YBGXT_TCDM_1_H04_X4_67_1_i_CGAAGG_S32_R1_001 - illumina_universal_adapter	0.000490054096867564	0.0007044527642471232	0.0007657095263555688	0.0008473852091668295	0.0008882230505724598	0.0009698987333837205	0.0010719933368977962	0.0012455541628717253	0.00152120959235973	0.0018989596253618105	0.002327756960120929	0.00308325702612509	0.003889804393886289	0.00434923010969963	0.004788236904810157	0.00515577747746083	0.005615203193274171	0.006248189735061441	0.007034318182119825	0.007953169613746508	0.00891285888677882	0.00967856841313439	0.010750561750032186	0.011567318578144793	0.012343237564851768	0.013159994392964376	0.013925703919319944	0.014497433698998769	0.015150839161488855	0.01596759598960146	0.016845609579822514	0.01782571777355764	0.018816035427644175	0.019796143621379304	0.020612900449491912	0.021654265405335483	0.02298149525101847	0.02429851563635005	0.02594223875292667	0.027443029424583584	0.02944408365345947	0.03127157705636143	0.0331194893799662	0.034661117893028746	0.03657028697874196	0.038887834478511484	0.041287057661092266	0.04371690922472727	0.04614676078836228	0.0484643082881318	0.05149651801249985	0.05504941021478969	0.058714606480945015	0.06252273519202003	0.06682091799996263	0.07104763458544537	0.07552958767971331	0.08033824350522627	0.08514689933073924	0.09062937953944512	0.09651002870185589	0.10199250891056176	0.10794462429543238	0.11425407079260226	0.12132922681612772	0.1290986261435489	0.13693949169342992	0.14546439108685524	0.15434662159257984	0.16387204810044312	0.17413255575360775	0.18441348232747518	0.19579703061929463	0.20790545059606402	0.2182170055509857
209062_HY55YBGXT_TCDM_1_H04_X4_67_1_i_CGAAGG_S32_R1_001 - polya	0.007371230373716275	0.010822027972492038	0.016753724436659845	0.02670794827928224	0.0434820916366449	0.06345179608399813	0.08402385869208441	0.10466738752263055	0.12285043640848745	0.14425967476538915	0.1638414197193889	0.1871291987809496	0.2133981402651213	0.23406208801637027	0.25368467081177565	0.2742873618009161	0.2941958094861609	0.3150231086030324	0.3368407253739904	0.35952614627481805	0.3824974320654851	0.4088276303117653	0.43381017979165964	0.45766968863289914	0.48253993404892803	0.5073897605442541	0.5321477018964175	0.5559765823566027	0.5802240506911958	0.6059825191577971	0.6323841836265371	0.6595413481612813	0.6917011482682152	0.7276282392448185	0.7640351748579379	0.8011159348542503	0.8446388643323007	0.8870591720923993	0.9344412775832819	0.9857336063887536	1.0395885097424287	1.1008759002319284	1.1651240342233362	1.2404085948546157	1.3244426630070516	1.4191762456077626	1.5109388752462138	1.6098685460513533	1.715638555291936	1.8296782274171586	1.9582051237810287	2.094603514075834	2.2431001148870573	2.39870250010286	2.5731923869687674	2.7610668763553696	2.957017048879935	3.167770938914042	3.4011387836265166	3.6415511559814626	3.8871601436552745	4.139180672429771	4.408016182403036	4.7040599042128015	5.0266584323965775	5.3686549352480295	5.746507062853624	6.164135247988303	6.591033623122059	7.0126332883334355	7.446596610030366	7.893628040977099	8.343017857265005	8.802800904190647	9.30257440731275
209062_HY55YBGXT_TCDM_1_H04_X4_67_1_i_CGAAGG_S32_R1_001 - polyg	0.0	0.0	9.188514316266825e-05	0.0001735608259739289	0.001694770418333659	0.0030015813433138293	0.003032209724368052	0.00308325702612509	0.0031036759468279053	0.003113885407179313	0.003134304327882128	0.0031649327089363507	0.0031955610899905736	0.0032057705503419813	0.003307865153856057	0.0033180746142074647	0.003328284074558872	0.003358912455613095	0.00337933137631591	0.003409959757370133	0.0034712165194785783	0.003501844900532801	0.0035222638212356163	0.0035835205833440616	0.0036039395040468767	0.0036447773454525074	0.0036958246472095454	0.003746871948966583	0.003828547631777844	0.003920432774940512	0.003991898997400365	0.004104203061265848	0.004247135506185554	0.004390067951105261	0.00456362877707919	0.004726980142701711	0.004982216651486901	0.005217034239569275	0.005441642367300242	0.005890858622762176	0.006329865417872701	0.006748453292280412	0.007279345230553607	0.0079429601533951	0.008647412917642223	0.009545845428566091	0.01047490632054418	0.011485642895333532	0.012792453820313701	0.014272825571267802	0.016069690593115537	0.017692994788989343	0.01968383955751382	0.02137860997584748	0.023839089920536707	0.02656501583436253	0.029709529622596067	0.03344619211121124	0.03817317225391295	0.04410486871808076	0.05110855851914636	0.0588269105448105	0.06697405990523375	0.07545812145725345	0.08516731825144207	0.09637730571728759	0.11129332729069406	0.13311094406165208	0.16413749406957973	0.19771640916535926	0.2292738511115601	0.25573677234240855	0.28028031502719236	0.3018937425911222	0.3218838659591783
209063_HY55YBGXT_TCDM_1_A05_C64_1_2_i_AGATAG_S33_R1_001 - illumina_universal_adapter	0.0057139930711313895	0.008582844364106071	0.01014767234209226	0.011380567112626834	0.012755718972069244	0.014605061127871103	0.017236817272666058	0.019323254576647644	0.022002429751078547	0.02480015249959931	0.028475127296385058	0.0344025060008782	0.04317502648352805	0.04860450537684377	0.05332269882562031	0.05846766354112036	0.06356520922698446	0.0696585545352034	0.07698479461395694	0.08815197609322202	0.0982048103760424	0.10861328738113235	0.12001756400857716	0.13097135985448047	0.14258902211528704	0.15669618343198072	0.1693333548299601	0.18173343107975976	0.1920707795403958	0.20672325969790284	0.22260863462594446	0.23389436367929942	0.24622331138464515	0.25786468316026967	0.27163991126951176	0.285272882289846	0.3000202005066249	0.32124021626871035	0.3429818413567912	0.36974988358628225	0.4063573744652319	0.44355760321463084	0.48246491703092387	0.5211114261842191	0.5683644892164385	0.6385920721072732	0.7101710973427324	0.7768185434960533	0.8290743141548649	0.8796467092616004	0.9397029102955249	1.0106417786308988	1.071930874435358	1.1377247780552318	1.2184556760104284	1.316304843664201	1.3844696987658722	1.4385511020656678	1.5021637303222881	1.6024075589726763	1.687406169595108	1.7696070574690188	1.8491998987129528	1.9187399056740662	1.9988780657588134	2.0896617979968304	2.18357518619082	2.2788874357590694	2.355540297165575	2.4171376166626675	2.4871755234349586	2.562927423278381	2.6456499204782875	2.739136537405553	2.829256403228667
209063_HY55YBGXT_TCDM_1_A05_C64_1_2_i_AGATAG_S33_R1_001 - polya	0.006140764337854896	0.01873051670619833	0.03089349780781826	0.053536084458982065	0.10048092379856775	0.1749525098418196	0.2718532969028735	0.3674974796785748	0.45282802350845813	0.5323260266931201	0.607627445755001	0.6917488043291677	0.7936997180464498	0.8792910665393308	0.9650958006655735	1.0525602008290744	1.1465921365971534	1.2424734145210345	1.3418637006379757	1.4465412085593246	1.560157203567049	1.6799139629126285	1.809296785274305	1.93787348413217	2.062466984500616	2.1951217199071724	2.32870112639163	2.4656947030098757	2.6110103193292296	2.7588865632489243	2.916507417758806	3.084939811025683	3.273383034798929	3.5096246404452076	3.7311900564191616	3.971011798802954	4.214342549379807	4.458858775697558	4.716035882928106	4.9733315377327445	5.239376003505215	5.512509614208259	5.79595686385712	6.10738134099119	6.4423730758543245	6.813901173051955	7.178672058526463	7.567958582322754	7.972442905117367	8.404880745882368	8.881726507901433	9.374528773392992	9.88302673769405	10.427942516755515	11.034669000947432	11.683906645207975	12.364867620294966	13.094646486392161	13.880261259885682	14.678987395073543	15.466830862959952	16.269848420329865	17.064354261880126	17.93845294467432	18.920975238731106	19.91072893480737	20.953663072620348	21.976325575263957	22.980115304112463	24.026653288177773	25.089029228141488	26.079351952573383	26.99574840980284	27.856901697506423	28.723911235370043
209063_HY55YBGXT_TCDM_1_A05_C64_1_2_i_AGATAG_S33_R1_001 - polyg	0.0	0.0	2.370951481797257e-05	9.483805927189028e-05	0.0008535425334470126	0.00165966603725808	0.00165966603725808	0.0016833755520760526	0.0016833755520760526	0.0016833755520760526	0.0017070850668940252	0.0017070850668940252	0.0017070850668940252	0.0017070850668940252	0.0017070850668940252	0.0017307945817119977	0.0017307945817119977	0.0017307945817119977	0.0017545040965299703	0.0017545040965299703	0.0017545040965299703	0.0017545040965299703	0.0017545040965299703	0.001825632640983888	0.0019678897298917235	0.0020864373039815864	0.002157565848435504	0.00239466099661523	0.0025843371151590103	0.0026791751744309005	0.002868851292974681	0.003082236926336434	0.0032482035300622422	0.0034615891634239954	0.0036749747967857486	0.0040543270338733095	0.004528517330232761	0.00488416005250235	0.005524316952587609	0.006567535604578402	0.007634463771387168	0.008748810967831878	0.010218800886546179	0.011546533716352642	0.012708299942433297	0.01429683743523746	0.016193598620675265	0.017876974172751317	0.01956034972482737	0.021551948969537067	0.02397031948097027	0.0263649804775855	0.029281250800196126	0.03238719724135053	0.03653636233449573	0.041183427238818356	0.04758499623967095	0.05692654507795214	0.06852049782394073	0.0809917026181943	0.09692449657587188	0.11657968435997113	0.13972017082231236	0.1663933749925315	0.19508188792227832	0.2301956793676957	0.2854151393787538	0.37821418037629845	0.5245730153476431	0.6964669977779443	0.8570989606697085	0.992314323676606	1.123617616738538	1.2451288801806475	1.356136828558395
209064_HY55YBGXT_TCDM_1_B05_C64_1_1_o_TTGGTA_S34_R1_001 - illumina_universal_adapter	0.0024318980123876465	0.0038320817164896243	0.004451110301461026	0.004893273576440598	0.005556518488909956	0.006028159315554832	0.007089351175505805	0.008003155277130254	0.008887481827089398	0.009845502256211804	0.011334118615309696	0.0135007186627096	0.01711171874170944	0.018895110617460378	0.02066376371737867	0.02294827397143979	0.025026441363843778	0.027517294479562034	0.03024396800860273	0.03386970686343522	0.03848294369905542	0.04343517237882663	0.05030344191684265	0.05631686245656483	0.06256610340960944	0.07033343827341726	0.07720170781143328	0.08476269981358396	0.09136567138661224	0.09848450011378335	0.10632552885675443	0.1120589126556562	0.11827867605703553	0.12448370068258219	0.13135197022059822	0.1385002764994346	0.14576649298493224	0.1551403544144992	0.16529537096319669	0.1779854569551104	0.19337273892439952	0.20845050660120293	0.22448629470712872	0.24159801344883816	0.2602278261013108	0.2861533327909464	0.3108702598623045	0.3363388645011278	0.35911027316257577	0.38157216753153805	0.4093842375277531	0.43903865450304974	0.46713076124008523	0.4955618598212717	0.5269259747931561	0.5637139592714564	0.5941495313658837	0.6210183197088089	0.6517044509923913	0.6909832885864099	0.7280660485813634	0.7655025391963004	0.8006839971088417	0.8330356100615137	0.8698825496431447	0.9100457137871225	0.9503562656894269	0.9928039400874658	1.031507965424011	1.0668220723190462	1.1041996078306526	1.1445248985087897	1.1861472014602	1.2303635289581571	1.2729880686661879
209064_HY55YBGXT_TCDM_1_B05_C64_1_1_o_TTGGTA_S34_R1_001 - polya	0.0024318980123876465	0.007502036898820072	0.013338592128550424	0.025335955656329477	0.05397339709917309	0.09928039400874658	0.15558251768947876	0.21206150668020277	0.2663002017443636	0.3170752844878511	0.36957480400375897	0.4326420257916786	0.5067338519024223	0.570980175756954	0.6316744546358166	0.695051190716222	0.7612430329806639	0.830986920220775	0.9022636401474821	0.9748078947957972	1.0490913249923652	1.12691206138877	1.2147846429030436	1.3027603958481457	1.3916794304465376	1.47965518339164	1.5702544384349542	1.6640520078339542	1.7700532836223901	1.8771452288224426	1.992667753798772	2.1109611686316403	2.2420183633355855	2.4064588853004882	2.5557921620369224	2.7164595573886663	2.880561087509418	3.049541152430778	3.2307396625174065	3.4152396583905493	3.6097178055023975	3.8142183201804496	4.027282063617273	4.254598203284271	4.502902359736966	4.777471014723448	5.051229037039133	5.3439411250756095	5.6500654991198	5.9782390818096385	6.338395808056333	6.71046146517581	7.103441445201821	7.526576960581439	7.988136464556781	8.472157862901087	8.979024363786003	9.51774135924528	10.106894445603896	10.717123981403201	11.321340096662787	11.951231159422854	12.575727830228168	13.270248425014415	14.046569225671881	14.857246112795261	15.731520817636538	16.62834584950177	17.509842554501045	18.41890077030738	19.34493805587293	20.25119590427106	21.124468372355715	21.963045762130307	22.85257509995838
209064_HY55YBGXT_TCDM_1_B05_C64_1_1_o_TTGGTA_S34_R1_001 - polyg	0.0	0.0	0.0	2.9477551665304803e-05	0.001208579618277497	0.0022550327023958174	0.0022697714782284697	0.0022697714782284697	0.0022845102540611224	0.0022992490298937747	0.002313987805726427	0.002313987805726427	0.0023287265815590797	0.0023287265815590797	0.0023287265815590797	0.0023729429090570365	0.002417159236554994	0.002446636788220299	0.002446636788220299	0.0025055918915509083	0.0025203306673835606	0.0025350694432162133	0.002564546994881518	0.002608763322379475	0.0026529796498774324	0.0027414123048733465	0.002815106184036609	0.0028740612873672184	0.002933016390697828	0.002977232718195785	0.003154098028187614	0.0034341347690080098	0.003596261303167186	0.003964730698983496	0.004288983767301849	0.004495326628958983	0.005040661334767121	0.0053354368514201694	0.005792338902232394	0.006455583814701752	0.007222000157999677	0.0077968124154731205	0.008577967534603699	0.009300167550403665	0.01024344920369342	0.011083559426154606	0.01227740026859945	0.013824971731027954	0.015387281969289108	0.017288584051701267	0.019278318789109343	0.021798649456492902	0.02411263726221933	0.026293976085451885	0.029315425131145628	0.032499000710998545	0.037082759994953446	0.042123421329720565	0.04890325821274067	0.0564495114390587	0.06485061366367056	0.07401813223158037	0.08576493657020433	0.10045949607535877	0.11636263519879071	0.13603890093538168	0.16834629756055575	0.2227618579347084	0.3137885374771696	0.4195539928522833	0.515606594953679	0.5983500824781895	0.6738715698447004	0.7437481060673055	0.8066826788727313
209065_HY55YBGXT_TCDM_1_C05_X5_31_3_i_GTTACC_S35_R1_001 - illumina_universal_adapter	0.001663437518583716	0.0029733945644683925	0.0034932187890258037	0.004054628951547808	0.0047615898969458875	0.0053022070904855945	0.006508199291458789	0.00790132821327265	0.00966873057676785	0.010729171994864969	0.012683711079200835	0.015490761891810855	0.020189972881809855	0.022643543221720835	0.025221871375525593	0.02740513311866672	0.030170597993312148	0.03376778162724944	0.03707386369543457	0.04243844969286706	0.04724162552777753	0.052730969339103796	0.05863617253007599	0.06487406322476492	0.07082085235370171	0.07899248916374421	0.08514720798250397	0.09240395415732543	0.09810122765847465	0.10529559492634923	0.11332168095351565	0.11858230210603665	0.12400926701041604	0.1294986108217423	0.1353622280747499	0.14072681407218238	0.14752611492939333	0.15665422831262146	0.16648930264124767	0.17948490825518296	0.19641038500677227	0.2138972719208836	0.2331307682295078	0.25155333874782243	0.2736978507139682	0.3063843979541382	0.3364510311025389	0.3679315861417357	0.3918850864093412	0.41667030543623856	0.44478239950030335	0.4791739701970217	0.5099683572598027	0.5416360490198402	0.5803941432028408	0.6266377062194681	0.6600520073740185	0.6882056873760479	0.7204971682055543	0.7725627625372247	0.8188687044607988	0.859768474448976	0.9032257796219755	0.9398837839377642	0.9829252297311178	1.0280667653916833	1.0763896253065404	1.1278730165067063	1.1692094388435117	1.2050565173689909	1.2440225412418142	1.2884987018949465	1.3358858782056	1.3891782577072258	1.441867641108365
209065_HY55YBGXT_TCDM_1_C05_X5_31_3_i_GTTACC_S35_R1_001 - polya	0.004616039114069812	0.012621332172253946	0.018713672084066806	0.031251832380391566	0.0556419849966253	0.09030386429011349	0.13492557572612165	0.17788384964354614	0.2213827407545103	0.26020321384445777	0.2987741713066177	0.3404848670851044	0.3917603285954474	0.4355295283031814	0.4766372279811815	0.5195331229916591	0.5653192406906759	0.6130391045050463	0.6613203784819386	0.7105581290320166	0.763330684309085	0.8193053568094271	0.8832229434610063	0.94899110435201	1.0164019097926151	1.0858504261934852	1.1531572667891787	1.2248722168091193	1.3044677020733502	1.3886792264516508	1.4762176258671187	1.5726970019449744	1.6806540969010575	1.8199254031444791	1.9491329124004693	2.085597167831281	2.227758696763242	2.367840928796973	2.516968102338003	2.660335623470937	2.8130807736148866	2.976409544970825	3.138761046784596	3.3230283379057073	3.5212061252759748	3.7553973349235794	3.981146599164372	4.220556844026533	4.477474768771788	4.7596561508305335	5.065021693304539	5.390577208660355	5.7332037515506356	6.103817630691087	6.510195416481089	6.943708026792988	7.399635457667802	7.886835513891991	8.434543109854662	9.011776721772193	9.57927922420601	10.166805355769778	10.730066092531207	11.36009305269479	12.079508986513265	12.806784662607047	13.59490056594303	14.38833946933848	15.169053075716764	15.99106151849389	16.8585441844353	17.678826810786894	18.434692819231334	19.140156670862687	19.85980132733997
209065_HY55YBGXT_TCDM_1_C05_X5_31_3_i_GTTACC_S35_R1_001 - polyg	0.0	0.0	2.079296898229645e-05	0.00014555078287607515	0.0009356836042033402	0.0017881953324774948	0.0017881953324774948	0.0017881953324774948	0.0018089883014597912	0.0018297812704420877	0.0018713672084066805	0.0019129531463712734	0.0019129531463712734	0.0019129531463712734	0.0019129531463712734	0.0019337461153535699	0.0019961250223004593	0.0020169179912827555	0.0020169179912827555	0.0020169179912827555	0.0020377109602650522	0.0020585039292473485	0.002079296898229645	0.0021000898672119414	0.0021416758051765344	0.0022456406500880165	0.0023288125260172024	0.0025159492468578705	0.0025575351848224634	0.0025783281538047597	0.0027238789366808348	0.0028902226885392066	0.0030981523783621713	0.0033060820681851356	0.0034308398820789144	0.0036179766029195825	0.0037635273857956576	0.003950664106636325	0.004324937548317661	0.0046784180210167016	0.005052691462698038	0.005572515687255449	0.005946789128936785	0.006508199291458789	0.007007230547033904	0.007402296957697536	0.008150843841060209	0.008753839941546805	0.009481593855927182	0.010500449336059708	0.011789613412962087	0.012995605613935281	0.014367941566766847	0.015532347829775448	0.017195785348359166	0.01879684395999599	0.020709797106367264	0.0228514729115438	0.02507632059264952	0.027509097963578203	0.030503285497028892	0.03380936756521403	0.03848778558623073	0.04597325441985745	0.055059781865121	0.06697415309197687	0.08872359864745895	0.12795993111705237	0.195058842022923	0.27504939369781745	0.3532725430092167	0.41843770779973377	0.48017203270817194	0.539723095873469	0.5946165339867316
209066_HY55YBGXT_TCDM_1_D05_X4_67_3_o_CGCAAC_S36_R1_001 - illumina_universal_adapter	0.019141808900941137	0.032860105279948953	0.03924070824692934	0.043388100175466585	0.05168288403254107	0.05742542670282342	0.07273887382357633	0.08900941138937629	0.10304673791673313	0.11740309459243899	0.14164938586696443	0.1767427021853565	0.235125219333227	0.27659913861859947	0.3123305152336896	0.3563566757058542	0.39272611261764234	0.43132876056787367	0.470569468814803	0.5181049609188069	0.5905248045940341	0.6568830754506301	0.7289838889775083	0.8033179135428298	0.9022172595310257	1.0467379167331312	1.1392566597543468	1.2340086138140054	1.2872866485882917	1.380762482054554	1.47966182804275	1.532301802520338	1.5772850534375498	1.6343914499920242	1.679693731057585	1.7278672834582869	1.781464348380922	1.862178975913224	1.9432126335938746	2.0417929494337215	2.197798691976392	2.3416812888817993	2.520976232253948	2.6964428138459082	2.9121071941298453	3.2825011963630564	3.629605997766789	3.9374700909235925	4.120912426224278	4.279470409953741	4.475673951188387	4.701547296219493	4.898388897750838	5.093954378688786	5.367044185675546	5.721167650342958	5.923751794544584	6.070186632636784	6.255224118679215	6.657521135747328	7.019939384271813	7.315680331791354	7.605040676343915	7.8194289360344555	8.082309778274047	8.346147710958686	8.627532301802521	8.88786090285532	9.071303238156005	9.18360185037486	9.325570266390175	9.490508853086617	9.680012761205933	9.915776040835858	10.200031903014835
209066_HY55YBGXT_TCDM_1_D05_X4_67_3_o_CGCAAC_S36_R1_001 - polya	0.013399266230658798	0.032222044983250916	0.05168288403254107	0.09219971287286649	0.18120912426224278	0.3088211836018504	0.4689743180730579	0.622108789280587	0.7857712553836338	0.924549369915457	1.0818312330515234	1.2560216940500877	1.463710320625299	1.62928696761844	1.7744456851172437	1.9444887541872706	2.1071941298452703	2.266071143723082	2.422076886265752	2.572978146434838	2.7478066677301003	2.9130642845748924	3.072579358749402	3.2320944329239114	3.4030945924389853	3.582708565959483	3.753070665177859	3.9205614930610944	4.100494496729941	4.270218535651619	4.451427659913862	4.624022970170681	4.826288084223959	5.054713670441857	5.248045940341362	5.4688148029988835	5.686393364172915	5.908438347423831	6.133992662306588	6.356675705854204	6.576487478066677	6.81958845110863	7.0687509969692135	7.338331472324135	7.615249641091083	7.936193970330196	8.239910671558462	8.529590046259372	8.811612697399905	9.124581272930293	9.436911788163982	9.763279629925028	10.08805232094433	10.426543308342639	10.779390652416653	11.155527197320147	11.543148827564204	11.95437868878609	12.409315680331792	12.862019460839049	13.266230658797257	13.690540756101452	14.076886265752114	14.50087733290796	14.938267666294465	15.419046099856436	15.889615568671239	16.343914499920242	16.814802998883394	17.26176423672037	17.722124740788004	18.17323337055352	18.579996809698518	18.971446801722763	19.361620673153613
209066_HY55YBGXT_TCDM_1_D05_X4_67_3_o_CGCAAC_S36_R1_001 - polyg	0.0	0.0	0.0	0.0	0.000638060296698038	0.001276120593396076	0.001276120593396076	0.001276120593396076	0.001276120593396076	0.001276120593396076	0.001276120593396076	0.001276120593396076	0.001276120593396076	0.001276120593396076	0.001276120593396076	0.001276120593396076	0.001276120593396076	0.001276120593396076	0.001276120593396076	0.001276120593396076	0.001276120593396076	0.001276120593396076	0.001276120593396076	0.0015951507417450949	0.0015951507417450949	0.0015951507417450949	0.002233211038443133	0.002233211038443133	0.002871271335141171	0.0031903014834901897	0.0035093316318392086	0.003828361780188228	0.0041473919285372465	0.0041473919285372465	0.004466422076886266	0.005104482373584304	0.005742542670282342	0.005742542670282342	0.005742542670282342	0.006061572818631361	0.006061572818631361	0.006699633115329399	0.007018663263678417	0.007975753708725474	0.008294783857074493	0.010208964747168607	0.011804115488913702	0.015313447120752912	0.017227628010847026	0.020736959642686233	0.027117562609666614	0.029669803796458765	0.034136225873345034	0.03668846706013718	0.038283617801882275	0.03924070824692934	0.043388100175466585	0.045302281065560696	0.049130642845748924	0.05359706492263519	0.05678736640612538	0.06412505981815282	0.07688626575211358	0.09762322539479981	0.12346466741107034	0.15760089328441537	0.23799649066836817	0.4469612378369756	0.8782899984048492	1.4267028234168129	1.9591641410113256	2.421119795820705	2.8524485563885786	3.2528313925665975	3.5626096666134948
209067_HY55YBGXT_TCDM_1_E05_X5_31_2_i_TGGCGA_S37_R1_001 - illumina_universal_adapter	0.0005033073765735725	0.0006471094841660218	0.0008052918025177161	0.0009778543316286553	0.0011647970714988394	0.0012654585468135538	0.0015386825512392075	0.0018119065556648612	0.002056370138572025	0.002430255618312393	0.0030917453132376597	0.003897037115755376	0.005363818613198359	0.00615473020495683	0.007060683482789261	0.008182339922010364	0.00913143383212053	0.010368131957415594	0.011647970714988394	0.013862523171912113	0.016379060054779977	0.018737414619296143	0.02138337339899721	0.02377048838503187	0.025999421052714834	0.029824557114673984	0.03307448474626334	0.03602242795190855	0.03840954293794321	0.04197583520623595	0.045786591057435856	0.048504450890933144	0.05096346693076403	0.053810748661094525	0.056485467862314086	0.05901638495594119	0.0622519323767713	0.06662351644758176	0.07197295485002088	0.07845842990244034	0.08753234289152388	0.09623237040086707	0.10681620551967133	0.11630714462077299	0.12819957891866854	0.1454702120405217	0.16238133989339373	0.18018404081333897	0.1931837513396964	0.20504742521607344	0.21955705787215157	0.2370290139446342	0.2522288967171561	0.26714117527449305	0.28671264211782543	0.3101667658661539	0.32621508107347125	0.3393298332859026	0.35573765376220107	0.38175145502567515	0.4051336777202074	0.4264163896438899	0.44752653903846146	0.4671842871463493	0.48945923361241966	0.5133591438942847	0.5398906327450916	0.567500637402842	0.5893873181784127	0.6078083681610055	0.6281995070176147	0.6529766101557938	0.6798963646971002	0.7099653853946815	0.7412423437960391
209067_HY55YBGXT_TCDM_1_E05_X5_31_2_i_TGGCGA_S37_R1_001 - polya	0.002415875407553148	0.00507621439801346	0.007707792966955282	0.012726486521931762	0.022332467309107377	0.036540115539241365	0.054774222781963935	0.0728789081278533	0.09099797368450191	0.10754959626839283	0.12604254730478182	0.14721021754239033	0.17246186763562443	0.19485185578776879	0.21673853656333958	0.23920042576928016	0.26189239834736866	0.28505891788051224	0.309879161650969	0.3346850252106665	0.3606125452095851	0.38766172164772483	0.41696859117506596	0.4483749714732569	0.4809461488429467	0.5133591438942847	0.5463904880082704	0.5811618376241245	0.6197151826696602	0.658800595513288	0.7020994101093745	0.7467355843060707	0.7989932702051668	0.8659762919217296	0.9271209480700391	0.994103969786602	1.0657461797891603	1.1364680563031269	1.2121798659505514	1.2883374621315125	1.3672416785674895	1.4538249275489032	1.5448229012334052	1.6457863609740637	1.755881254546843	1.8806727235155705	2.0063845259728894	2.145829429705288	2.292795183664771	2.453134533630352	2.628630625736177	2.8128267453513454	3.010612164134	3.224086392854991	3.461518052700884	3.716292246722426	3.9890848448253027	4.2801403105924205	4.607735891898779	4.948403084785292	5.302889660211438	5.676947702480917	6.040335628367036	6.4526306510453475	6.918520719223365	7.401753321577032	7.921468518626902	8.45270226449493	8.99564150192098	9.570461666600279	10.183087405365631	10.780844006205923	11.347826956021432	11.87559507109648	12.426745408866061
209067_HY55YBGXT_TCDM_1_E05_X5_31_2_i_TGGCGA_S37_R1_001 - polyg	0.0	0.0	5.752084303697972e-05	0.0001438021075924493	0.0010928960177026146	0.002113890981609005	0.0021570316138867394	0.0021570316138867394	0.0021857920354052293	0.002200172246164474	0.002214552456923719	0.002243312878442209	0.002300833721479189	0.002300833721479189	0.002300833721479189	0.0023583545645161686	0.0023871149860346585	0.0024014951967939032	0.002415875407553148	0.002415875407553148	0.002415875407553148	0.002415875407553148	0.002430255618312393	0.002444635829071638	0.002459016039830883	0.0025309170936271075	0.0025596775151455974	0.0025596775151455974	0.002617198358182577	0.0027178598334972916	0.002832901519571251	0.0029623234164044554	0.0031492661562746395	0.0032067869993116192	0.0034081099499410484	0.0035662922682927426	0.0037244745866444368	0.004012078801829335	0.004357203860051214	0.004961172711939501	0.0056514228283832575	0.006183490626475319	0.006801839689122851	0.007707792966955282	0.008599366034028468	0.009778543316286551	0.01131722586752576	0.013733101275078909	0.01601955478579885	0.018809315673092367	0.021901060986330028	0.024906525035012218	0.027753806765342715	0.030989354186172824	0.034958292355724424	0.0394305379018496	0.045570887896047185	0.0536094257104651	0.0625395365919562	0.07211675695761333	0.08236984722895496	0.09347136993509204	0.10688810657346756	0.1237992344263396	0.1416882166108403	0.16160480851239453	0.18152140041394874	0.206312883762887	0.2420620877103699	0.2862668555842888	0.33192402474489147	0.37628697493716207	0.42047736260032176	0.4652429586938512	0.5075207783260313
209068_HY55YBGXT_TCDM_1_F05_C17_1_1_o_ACCGTG_S38_R1_001 - illumina_small_rna_3'_adapter	0.0	0.0	0.0	0.0	0.0	0.0	0.0	0.0	0.006473958501926003	0.009710937752889004	0.019421875505778008	0.02589583400770401	0.029132813258667012	0.04208073026251902	0.16508594179911307	0.16832292105007607	0.16832292105007607	0.16832292105007607	0.17803385880296507	0.18774479655585408	0.20716667206163208	0.2460104230731881	0.2686692778299291	0.2978020910885961	0.33340886284918914	0.37225261386074515	0.42080730262519017	0.4693619913896352	0.5243906386560062	0.5567604311656362	0.5891302236752662	0.6571067879454893	0.6830026219531933	0.7347942899686013	0.7865859579840093	0.8513255430032693	0.9063541902696404	0.9646198167869744	1.0099375263004564	1.0487812773120124	1.1102838830803095	1.1814974266014955	1.2591849286246075	1.3206875343929045	1.3919010779140906	1.4404557666785356	1.5181432687016476	1.5958307707247597	1.6443854594892047	1.7058880652575017	1.7641536917748357	1.8418411937979478	1.9162917165700968	2.01663807334995	2.08137765836921	2.159065160392322	2.233515683164471	2.311203185187583	2.398601624963584	2.5151328779982522	2.628427151781957	2.738484446314699	2.8517787200984044	2.945651118376331	3.0913151846696665	3.2402162302139645	3.3858802965072994	3.5542032175573754	3.7354740556113035	3.919981872916195	4.06564593920953	4.288997507525977	4.460557407827016	4.661250121386722	4.861942834946428
209068_HY55YBGXT_TCDM_1_F05_C17_1_1_o_ACCGTG_S38_R1_001 - illumina_universal_adapter	0.019421875505778008	0.02589583400770401	0.02589583400770401	0.029132813258667012	0.038843751011556016	0.04208073026251902	0.05179166801540802	0.061502605768297025	0.06797656427022303	0.08416146052503803	0.09710937752889004	0.12947917003852005	0.16832292105007607	0.19745573430874308	0.2168776098145211	0.2589583400770401	0.2913281325866701	0.33340886284918914	0.36254167610785615	0.40138542711941216	0.4402291781309682	0.4855468876444502	0.5308645971579322	0.5794192859223772	0.6344479331887483	0.7218463729647493	0.7574531447253423	0.8189557504936393	0.8577995015051953	0.8869323147638624	0.9225390865244554	0.9646198167869744	1.0196484640533454	1.0552552358139384	1.0811510698216424	1.0973359660764574	1.1102838830803095	1.1491276340918655	1.1782604473505325	1.2138672191111255	1.2397630531188295	1.2721328456284595	1.2980286796361635	1.3303984721457935	1.3692422231573496	1.3983750364160166	1.4566406629333506	1.4954844139449066	1.5375651442074256	1.5861198329718706	1.6217266047324637	1.6443854594892047	1.6670443142459457	1.7253099407632797	1.7835755672806137	1.8191823390412067	1.8515521315508368	1.8806849448095038	1.9130547373191338	1.9583724468326158	1.9842682808403198	2.029585990353802	2.068429741365358	2.097562554624025	2.123458388631729	2.149354222639433	2.165539118894248	2.188197973650989	2.21085682840773	2.227041724662545	2.246463600168323	2.288544330430842	2.30796620593662	2.330625060693361	2.346809956948176
209068_HY55YBGXT_TCDM_1_F05_C17_1_1_o_ACCGTG_S38_R1_001 - polya	0.03236979250963001	0.07768750202311203	0.10034635677985304	0.14890104554429806	0.2136406305635581	0.2913281325866701	0.41109636487230117	0.5405755349108212	0.6927135597060823	0.8513255430032693	0.9969896092966044	1.2268151361149775	1.4922474346939436	1.6605703557440197	1.8806849448095038	2.116984430129803	2.343572977697213	2.557213608260771	2.8194089275887744	3.0071537241446284	3.2272683132101125	3.4344349852717446	3.6933933253487847	3.8843751011556016	4.055935001456641	4.233968860259606	4.415239698313534	4.573851681610721	4.729226685656945	4.878127731201243	5.1079532580196165	5.282750137571618	5.522286602142881	5.778007962968958	6.027255365293109	6.2538439128605186	6.522513190690447	6.797656427022303	7.046903829346454	7.286440293917716	7.6069012397630535	7.9273621856083905	8.16366167092869	8.506781471530768	8.895218981646329	9.406661703298482	9.866312756935228	10.280646101058492	10.68850548667983	11.112549768555983	11.607807593953323	12.041562813582365	12.546531576732594	13.045026381380895	13.608260771048458	14.181206098468909	14.725018612630693	15.35946654581944	15.987440520506263	16.70281293496909	17.41818534943191	18.133557763894732	18.76800569708348	19.47690415304438	20.195513546758164	21.0500760690124	22.004984948046484	22.762438092771827	23.561971967759685	24.435956365519697	25.22901628200563	25.957336613472307	26.662998090182242	27.24241737610462	27.90276114330107
209068_HY55YBGXT_TCDM_1_F05_C17_1_1_o_ACCGTG_S38_R1_001 - polyg	0.0	0.0	0.0	0.0	0.0	0.0	0.0	0.0	0.0	0.0	0.0	0.0	0.0	0.0	0.0	0.0	0.0	0.0	0.0	0.0	0.0	0.0	0.0	0.0	0.0032369792509630013	0.0032369792509630013	0.0032369792509630013	0.0032369792509630013	0.0032369792509630013	0.006473958501926003	0.009710937752889004	0.009710937752889004	0.009710937752889004	0.009710937752889004	0.009710937752889004	0.009710937752889004	0.012947917003852005	0.019421875505778008	0.029132813258667012	0.04208073026251902	0.061502605768297025	0.06473958501926003	0.09063541902696404	0.12300521153659405	0.14890104554429806	0.18774479655585408	0.2265885475674101	0.2719062570808921	0.31722396659437413	0.35606771760593015	0.39814844786844916	0.4434661573819312	0.4661250121386722	0.5114427216521542	0.5632343896675622	0.6409218916906743	0.7186093937137863	0.7736380409801573	0.8836953355128994	1.0131745055514194	1.0779140905706794	1.1879713851034215	1.2980286796361635	1.4242708704237206	1.5569870197132036	1.7253099407632797	1.9130547373191338	2.152591201890396	2.4957110024924742	2.9294662221215164	3.3437995662447806	3.6966303045997475	4.0332761466999	4.386106885054867	4.768070436668501
209069_HY55YBGXT_TCDM_1_G05_A20_1_1_o_CAACAG_S39_R1_001 - illumina_universal_adapter	0.01473428093449243	0.022166617335077108	0.02568719773535406	0.028686210668923316	0.03181561546916949	0.03546658773612337	0.04329009973673882	0.053069489737508135	0.06219692040489282	0.06923808120544674	0.08449392960664685	0.10600858760833934	0.137563419344155	0.158165334279109	0.17576823628049376	0.19558780001538625	0.2157985393503095	0.23613967055190965	0.2584366797536637	0.2868621066892332	0.32258947815871036	0.36131586256175685	0.40238930056498795	0.44111568496803444	0.48923028377181943	0.5510360285766815	0.5988898436471126	0.6473956180509285	0.675821044986498	0.730585628990806	0.7822208081948681	0.8145579911307452	0.8444177285997608	0.8788411814024688	0.9083097432714538	0.9392126156738847	0.9808076211438236	1.0289222199476085	1.079775047951609	1.1451013731567479	1.232594315696964	1.3202176501038572	1.4143605778445965	1.5018535203848125	1.5983435017257364	1.7591166733383838	1.913370251617185	2.061886587762202	2.170372620837403	2.274555722312265	2.3872142951211277	2.5213875259316825	2.657777418475745	2.8030339579538386	2.9718914253004556	3.172173332516211	3.304260293459935	3.4103992729349515	3.531533317077814	3.75554654402877	3.952829438310956	4.131466295658342	4.303974735271913	4.463574380084468	4.623174024897023	4.78525111517644	4.961019351456933	5.1324846561370885	5.261702996013921	5.361713557755121	5.4786750621643225	5.5996787144405085	5.742718592185094	5.896841778597218	6.082780580478512
209069_HY55YBGXT_TCDM_1_G05_A20_1_1_o_CAACAG_S39_R1_001 - polya	0.011735268000923175	0.028034251335538694	0.05411262467092352	0.09857625120775466	0.19128486841504774	0.33628062415978743	0.5343458696420352	0.7331934663243446	0.9066146490046537	1.065953510083855	1.2392443008974872	1.4347017090461964	1.6691462853313062	1.8612135049464154	2.04076310536054	2.2216166244414337	2.4075554263227277	2.5903648234037755	2.778259503285223	2.966414966900025	3.148181229047657	3.3381621787959355	3.550570529612645	3.7649347584295083	3.969258813512248	4.18623087966265	4.400595108479513	4.616263255963146	4.85305488584844	5.086847502800166	5.328594023619183	5.5822062043058	5.86072323152771	6.18461662835319	6.492341433710731	6.820537762136549	7.144039983361997	7.459718692586831	7.781395427678803	8.121978983438929	8.454739027198439	8.806797067226135	9.167591362321184	9.554203247018265	9.982018961585252	10.509323670426733	10.962826582729075	11.41072264476431	11.88339316146816	12.376926376840318	12.89106150714743	13.414845635588634	13.937456237229746	14.480147186339105	15.043440050383417	15.623162289629022	16.25569323487878	16.916910390797465	17.628458807253438	18.3542199371772	19.027302752963482	19.698560082616286	20.33382925706626	21.01304049058636	21.764097642645442	22.503419526703603	23.244827680628593	23.961070204284937	24.664012757540235	25.37608274146292	26.09923603405314	26.772188457972746	27.408891942956167	28.002044544469495	28.602629482383406
209069_HY55YBGXT_TCDM_1_G05_A20_1_1_o_CAACAG_S39_R1_001 - polyg	0.0	0.0	0.0	0.00013039186667692415	0.0010431349334153932	0.0020862698668307864	0.0020862698668307864	0.0020862698668307864	0.0020862698668307864	0.0020862698668307864	0.0020862698668307864	0.0020862698668307864	0.0020862698668307864	0.0020862698668307864	0.0020862698668307864	0.0020862698668307864	0.0020862698668307864	0.0020862698668307864	0.0022166617335077107	0.0022166617335077107	0.0022166617335077107	0.0022166617335077107	0.0022166617335077107	0.0022166617335077107	0.002347053600184635	0.002347053600184635	0.002347053600184635	0.002347053600184635	0.0026078373335384833	0.0031294048002461798	0.003911756000307725	0.004433323467015421	0.004563715333692346	0.00469410720036927	0.004824499067046194	0.004954890933723118	0.005867634000461587	0.006649985200523133	0.007041160800553905	0.007432336400584677	0.00847547133400007	0.009779390000769312	0.011474484267569326	0.013560754134400112	0.01473428093449243	0.016820550801323216	0.0194283881348617	0.022036225468400183	0.02451367093526174	0.027512683868830996	0.030642088669077177	0.033249926002615664	0.036509722669538766	0.03911756000307725	0.04159500546993881	0.044724410270184985	0.048896950003846563	0.052808706004154285	0.05802438067123125	0.06702141947193901	0.0782351200061545	0.10222722347470854	0.12778402934338567	0.16233787401277058	0.1985868129489555	0.24617984428603282	0.3443649198937567	0.5343458696420352	0.8781892220690842	1.2827951843675798	1.6584541522637983	1.9700907136216472	2.259039090177711	2.52529928193199	2.742271348082392
209070_HY55YBGXT_TCDM_1_H05_C17_1_3_o_GATTGT_S40_R1_001 - illumina_universal_adapter	0.0012727339121378254	0.0020102058986102103	0.0023551524729279387	0.002652520209408739	0.0030688350404818594	0.003497044581014212	0.004139358891812741	0.00507904093909207	0.006090091243126791	0.0074936669593161686	0.008837769128209386	0.011026395668708076	0.014023862452434544	0.015605858810512402	0.01661690911454712	0.017699327675337235	0.01909100868206738	0.021041741033381432	0.023301735830635516	0.02711993756704899	0.029855720742672353	0.03293645049261344	0.036290758560116876	0.040025697330315725	0.04357032074916686	0.04676999759370028	0.05018377920849986	0.053121772444930174	0.056452291093515135	0.06005638805966244	0.06380322153932053	0.0672170031541201	0.07074973186351202	0.0745322494715478	0.0788024501674121	0.08333433447137949	0.08792569232264304	0.09403957298468829	0.10197334419399605	0.11047806145734694	0.12065993275444954	0.13113917178803294	0.14217746216620025	0.15264480649032441	0.16295751959147858	0.17537559626691682	0.18729409514506729	0.19923638344213623	0.21277256280674225	0.22761716021186382	0.24569711858989646	0.2647286537246677	0.285663342372916	0.30751392364952523	0.3298997668517999	0.3537843434459378	0.3764913438036117	0.39965034312073644	0.42336839378244506	0.4488111773157423	0.47945194888272397	0.5148149201050207	0.5572552434555605	0.6043939770424971	0.646584511494393	0.6834581108180122	0.715692773452531	0.7491288017424322	0.7807092553566932	0.8134434957884997	0.8472601547810963	0.8819451275642168	0.917581677104076	0.9548596965493091	0.9876415158189525
209070_HY55YBGXT_TCDM_1_H05_C17_1_3_o_GATTGT_S40_R1_001 - polya	0.022290685526600792	0.03843180626277864	0.05121861893145305	0.0724506753161822	0.1113939540857078	0.1616253121320446	0.22075391285388693	0.2800014606703216	0.3352404913989951	0.3915738353979179	0.4501671741940948	0.5160757593076993	0.5935460020156774	0.6581104849603888	0.7237454917564311	0.7886073424376232	0.8540758233012362	0.9258960790160792	0.9970383362917459	1.0749367885402563	1.1618514305588645	1.2639913006852899	1.3628125468725896	1.4685446192557028	1.5698042808821449	1.6690299471910583	1.7662216181824433	1.8614863462414324	1.9558827605098976	2.052539169575617	2.1574980858438804	2.2644315238823762	2.385067667217907	2.5356665836812438	2.6850403450702793	2.848223864141483	3.0203997835638665	3.197642849215883	3.394369448962121	3.5910008910326856	3.8045703993731963	4.106696019637689	4.493071867001923	4.902368819494097	5.66263106929037	6.97835246141386	8.02395689642765	8.720701397711624	9.301627112991056	9.82119991687977	10.263326267479425	10.668329229856814	11.104317910375505	11.63207427437217	12.221587969881169	12.788751506316268	13.377063836169885	14.017332256941426	14.700385947637823	15.400639388212271	16.132390019434766	16.91136264721041	17.668425220162153	18.460565291309166	19.28691454686093	20.14561741214181	21.10496141415725	22.0867983117601	23.034402235539275	23.994638340764155	24.864783916544816	25.633467620638225	26.345496823577314	27.028800303172353	27.730231319983268
209070_HY55YBGXT_TCDM_1_H05_C17_1_3_o_GATTGT_S40_R1_001 - polyg	0.0	0.0	5.947354729616006e-05	0.00014273651351078416	0.0012370497837601293	0.0019150482229363542	0.001938837641854818	0.0019864164796917464	0.0020102058986102103	0.0020221006080694422	0.0020221006080694422	0.0020934688648248344	0.0021291529932025302	0.0022124159594171544	0.0022243106688763863	0.0022481000877948507	0.0022837842161725465	0.0023313630540094748	0.0023432577634687067	0.0023670471823871706	0.0023670471823871706	0.0023908366013056345	0.002426520729683331	0.0024859942769794906	0.0025692572431941147	0.002664414918867971	0.0027714673040010592	0.002819046141837987	0.0028547302702156834	0.0029855720742672353	0.0031164138783187877	0.003401886905340356	0.003627886385065764	0.003984727668842725	0.004234516567486597	0.004579463141804325	0.005269356290439782	0.005840302344482918	0.006601563749873768	0.007541245797153096	0.008754506161994762	0.009967766526836426	0.011466499918699661	0.013441021688932174	0.015213333398357745	0.017616064709122612	0.02049458439825676	0.024431733229262554	0.028713828634586082	0.03341223887098273	0.03895517347898484	0.04528315891129627	0.05275303645169398	0.06118638545828948	0.07040478528919429	0.08172854869438316	0.09436073014008756	0.10773038357226435	0.12259877039630436	0.1393346266054438	0.15957942210505668	0.18634251838832872	0.22200285734710629	0.2733880022109886	0.3279847186288635	0.38120164874946755	0.43711867791731723	0.5021946333687756	0.587574857867143	0.6787953847099933	0.7698137014920367	0.8558719244295803	0.9376956307996374	1.019305232399428	1.0966327385938954
209071_HY55YBGXT_TCDM_1_A06_A20_1_1_i_CTCTCG_S41_R1_001 - illumina_universal_adapter	0.001175944359539326	0.0019889429290973785	0.0022357460662846443	0.0027438701722584274	0.0032374764466329593	0.0037020470578089893	0.004616670448561799	0.005226419375730338	0.005850686134498128	0.006576577714460675	0.007897700389992511	0.010031821635082398	0.013603208208498129	0.015824436443183522	0.01762464756149064	0.019889429290973783	0.02197999704126592	0.02414315394955431	0.026857988458614236	0.030066429242048692	0.03430563606902997	0.038428700243217234	0.04416324372492135	0.04914285996346442	0.05509517091915731	0.06287672865635581	0.06942427070761799	0.0765234903596517	0.0821128555253633	0.09035898387373784	0.09783566714735208	0.10397670991383522	0.10937734326875656	0.11516995807685769	0.12059962709497754	0.12618899226068916	0.13273653431195132	0.1421876426830637	0.15226301781294382	0.16498063829388765	0.1819229477702135	0.1980232230137828	0.21619954817604498	0.23322896464196632	0.25239250235297755	0.2813265407302847	0.31174139793071537	0.34169168451997006	0.3651670182159588	0.38925210083911616	0.41812806789002627	0.45153359839990265	0.48148388498915734	0.514729719351442	0.5533907049002472	0.6009075677245955	0.6368827544275394	0.6650763833932847	0.700035321884281	0.7553482602774271	0.8029667479229702	0.8483494895022285	0.893732231081487	0.9352241937921462	0.9807085601925993	1.0305337582412286	1.08303023730412	1.1365574824105582	1.1799077275659215	1.2156070754684796	1.2563441109359776	1.3018139595048317	1.3513197652582774	1.4029742100884122	1.4541640843073709
209071_HY55YBGXT_TCDM_1_A06_A20_1_1_i_CTCTCG_S41_R1_001 - polya	0.002177674739887641	0.005386115523322098	0.009538215360707866	0.018466681794247194	0.03610584718733708	0.06607065160819102	0.10436869136701499	0.1457590292564794	0.18379574804651688	0.21844981207392886	0.2533506792385281	0.2928972525148877	0.3396301524328764	0.37871215509805994	0.418113550058427	0.4580375869563671	0.499805388467412	0.5433153297703671	0.5889593923184121	0.6376086460075019	0.6855174902850301	0.7374042204207529	0.7955191003125544	0.8570892241249777	0.9179770098522361	0.9816667370781499	1.045704892262446	1.1101205110683223	1.1884877660410789	1.2680890366997717	1.354658866526105	1.4455695280006144	1.5504027899788053	1.6849104997458653	1.8119705619025095	1.9461879150375845	2.0853122952532064	2.2239866226892513	2.375654409406626	2.529499870863888	2.689921910035611	2.861188769411974	3.0438376087621504	3.249119747575558	3.4829874968078918	3.7396046881562515	3.991997190509229	4.259488237725427	4.5461718583158355	4.848941236318214	5.186582445821993	5.5434597821947795	5.922868793209604	6.328293758450285	6.785286061531506	7.262312972219694	7.776781370602349	8.319530504940346	8.928858414992506	9.548435914153739	10.170510480350043	10.80161513780108	11.419827960791983	12.10077233412325	12.871175585769098	13.665141278100533	14.518688151315294	15.377882461022162	16.24392918724388	17.147402883328464	18.10584108984781	19.016036541962848	19.88995193291136	20.701876182931066	21.53907597776507
209071_HY55YBGXT_TCDM_1_A06_A20_1_1_i_CTCTCG_S41_R1_001 - polyg	0.0	0.0	7.258915799625469e-05	0.0001161426527940075	0.0011033552015430714	0.0022502638978838954	0.002264781729483146	0.002264781729483146	0.002264781729483146	0.0022792995610823974	0.0023083352242808993	0.00232285305588015	0.002337370887479401	0.002351888719078652	0.002351888719078652	0.0023664065506779027	0.0023664065506779027	0.002380924382277154	0.0024389957086741578	0.0024535135402734085	0.0024535135402734085	0.0024535135402734085	0.0024680313718726593	0.0024825492034719105	0.002555138361468165	0.002584174024666667	0.0026857988458614235	0.002729352340659176	0.00278742366705618	0.0028600128250524347	0.0029761554778464424	0.0031213337938389516	0.0032084407834344574	0.0033536190994269666	0.003600422236614233	0.0037891540474044947	0.00402143935299251	0.004282760321779027	0.0045731169537640455	0.004819920090951312	0.005284490702127342	0.005676472155307117	0.006315256745674158	0.0068959700096441956	0.007462165442014982	0.008144503527179776	0.008841359443943821	0.009683393676700375	0.010264106940670413	0.011381979973812736	0.012615995659749066	0.013908082672082399	0.015345348000408241	0.016971345139524346	0.01884414541582772	0.02151542643008989	0.02585625807826592	0.03516218813338577	0.04750234499274907	0.06206373008679776	0.07768491688759177	0.0935674246571723	0.11068394811268915	0.1293974330441236	0.15113062694820226	0.17480921028658056	0.20750336704809366	0.2580399388450862	0.33706049623980905	0.42576444731123225	0.5126246337695506	0.5855186662293895	0.653287904134693	0.7163969180966367	0.7764426695911386
209072_HY55YBGXT_TCDM_1_B06_A20_1_2_o_TGACAC_S42_R1_001 - illumina_universal_adapter	0.024607009352182505	0.035391562833694594	0.041619262731469174	0.04663180167358043	0.050884865018402094	0.05665687955780293	0.06926417447281001	0.08126388890998543	0.09037759607746043	0.09873182764764585	0.1146808151907271	0.13868024406507795	0.17574265321280963	0.19943829184824463	0.21964034273614755	0.24151323993808754	0.26338613714002757	0.28510713922250963	0.30682814130499175	0.33690337495765926	0.37411767922484884	0.41877484434547635	0.47011539472225217	0.5118865525731793	0.5603410956802547	0.6300609555114385	0.6842875131579147	0.7344129025790272	0.7783105921023652	0.8411951715579427	0.8943584633682136	0.9346106700245614	0.9748628766809093	1.017545405248584	1.0588608777411372	1.099416874636401	1.1427069836819073	1.2001233388369998	1.2598181207839612	1.3246773367924916	1.411257554883504	1.4976858778550586	1.5929241177551725	1.6807194968018482	1.7756539464630463	1.927397170801505	2.064254673433088	2.206732295484614	2.3042489621765965	2.4058667970939425	2.514319912386895	2.638266329864555	2.7476308158742553	2.8618559457066084	3.004485462877592	3.1702030382061794	3.285643328994196	3.391362332136906	3.5162201203313135	3.701228375831056	3.8686167974736803	4.018081595020271	4.173925987584093	4.312758126768629	4.459033126806602	4.596498209916017	4.741558048998328	4.887377363677928	5.004336605660524	5.096840733410395	5.196635826894246	5.30721547385961	5.426149352395158	5.566196652535357	5.70745911363122
209072_HY55YBGXT_TCDM_1_B06_A20_1_2_o_TGACAC_S42_R1_001 - polya	0.011392133959343752	0.02946765317483584	0.05210002597406543	0.10420005194813085	0.20900768437409337	0.404800493355348	0.6443390967404826	0.8899535049039339	1.1208340864799673	1.3422971706496098	1.5804687179596233	1.860107632881648	2.1927579444944856	2.483029517778564	2.762060852222757	3.0553703278959943	3.352780971794595	3.6422930694813846	3.962032295940299	4.265214954378301	4.577663215103236	4.907427519446372	5.2374956140284255	5.570905401238552	5.898998859267653	6.207194056647766	6.522528324642401	6.833305739053299	7.162310567799146	7.489948340469873	7.819560749693552	8.17180553171646	8.532404545309555	8.95847035538901	9.382713424034973	9.81819673152082	10.270540397266496	10.740807687108205	11.226416384015165	11.712784556519415	12.204924743563065	12.730026171529083	13.258165501884259	13.826557038895784	14.436567838638776	15.13194369551712	15.754257999936204	16.40193878930476	17.039442605669638	17.6968446826835	18.397992554101243	19.103545383983267	19.85071747659676	20.58482658893687	21.38759229527196	22.176535545736378	23.021983780639143	23.947176953257316	24.897280925466585	25.854068282932	26.75769234858715	27.6230388441389	28.467271918086	29.35099772309216	30.314468465813725	31.330798710106645	32.37750797829115	33.40614172726016	34.38601714288318	35.35799401229439	36.34197059614277	37.28706202940993	38.188711458512124	39.056640171094664	39.95388464173258
209072_HY55YBGXT_TCDM_1_B06_A20_1_2_o_TGACAC_S42_R1_001 - polyg	0.0	0.0	0.0	0.0	0.0018227414334950004	0.0027341121502425006	0.0027341121502425006	0.0027341121502425006	0.0027341121502425006	0.0027341121502425006	0.0027341121502425006	0.0027341121502425006	0.0027341121502425006	0.0027341121502425006	0.0027341121502425006	0.0027341121502425006	0.0027341121502425006	0.0027341121502425006	0.0027341121502425006	0.0027341121502425006	0.0027341121502425006	0.0028860072697004173	0.0028860072697004173	0.0028860072697004173	0.0028860072697004173	0.0028860072697004173	0.003037902389158334	0.003341692628074167	0.003645482866990001	0.004253063344821667	0.004404958464279584	0.004708748703195417	0.005316329181027085	0.005923909658858751	0.006379595017232501	0.006683385256148334	0.006683385256148334	0.007290965733980002	0.007898546211811668	0.008506126689643335	0.009721287645306668	0.01063265836205417	0.011847819317717502	0.013062980273380835	0.01427814122904417	0.015797092423623336	0.01883499481278167	0.02126531672410834	0.02293616303814542	0.024607009352182505	0.028860072697004174	0.03220176532507834	0.03554345795315251	0.03842946522285293	0.04283442368713251	0.04693559191249626	0.05422655764647626	0.061365628260998346	0.06653006232256752	0.0709350207868471	0.0800487279543221	0.0891624351217971	0.10526331778433627	0.12941464177814502	0.15599628768328044	0.19700796993691796	0.3113849948887292	0.565353634622366	1.0473168486623357	1.6312016878585673	2.142480659953915	2.5387750266196196	2.8770454576524003	3.163215862711115	3.3968305564373913
209073_HY55YBGXT_TCDM_1_C06_X5_31_1_o_AAGACA_S43_R1_001 - illumina_universal_adapter	0.0038123662267922206	0.004901613720161426	0.007624732453584441	0.008169356200269044	0.008713979946953648	0.008713979946953648	0.015249464907168882	0.024508068600807134	0.03594516728118379	0.04465914722813744	0.04901613720161427	0.058274740895252516	0.0724349583090522	0.08332743324274425	0.09476453192312091	0.10674625435018217	0.11328173931039741	0.12254034300403566	0.1301650754576201	0.14323604537805057	0.15685163904516564	0.17155648020564992	0.19334143007303403	0.20968014247357214	0.22983122110090246	0.261964022155294	0.2810258532892551	0.29954306067653164	0.30989091186353906	0.3300419904908694	0.3491038216248305	0.35945167281183793	0.3681656527587916	0.38014737518585284	0.39430759259965253	0.4079231862667676	0.41554791872035207	0.4335205023609439	0.44713609602805904	0.4640194321752817	0.4825366395625582	0.5015984706965193	0.5271957867906957	0.5478914891647105	0.5669533202986716	0.6099785962867553	0.6432006448345161	0.6791458121156999	0.7025646332231378	0.7314296917974218	0.7564823841449135	0.7891598089459897	0.8261942237205426	0.862684014748411	0.9117001519500253	0.9509130617113167	0.9781442490455469	1.0004738226596157	1.0309727524739534	1.0690964147418756	1.11103244323659	1.142620620544297	1.1845566490390114	1.2117878363732415	1.2324835387472564	1.2575362310947482	1.2880351609090859	1.3158109719900006	1.3414082880841771	1.360470119218138	1.3844335640722607	1.4056738901929602	1.4312712062871364	1.4579577698746822	1.4846443334622277
209073_HY55YBGXT_TCDM_1_C06_X5_31_1_o_AAGACA_S43_R1_001 - polya	0.06698872084220617	0.10620163060349758	0.15739626279185026	0.2418129435279637	0.34093446542456146	0.4770904020957122	0.6475576348079929	0.8419883123743962	1.0233480200203688	1.2090647176398186	1.3958706627526374	1.610452418946371	1.8582562236878652	2.06466862368133	2.2661794099546326	2.4742256811881513	2.690985932368623	2.909380054789149	3.121783315996144	3.3832027144047534	3.612489311758971	3.842865156606558	4.104284555015168	4.3542668547434005	4.592812055791256	4.819920158158736	5.059009982953277	5.3057245402014015	5.5872950172373415	5.876490226726866	6.183113396110297	6.494093555467206	6.821957050971337	7.192301198716867	7.553931366515442	7.929177127981134	8.325118591820841	8.7368541443144	9.129527865674	9.526558577007075	9.986765642955564	10.445883461410684	10.919161497279605	11.451258897790462	11.979543932074526	12.567192954747213	13.128700037579039	13.751749603786225	14.38895938740721	15.032160032241725	15.771214456492732	16.526062969397593	17.32720450077064	18.133792269610538	18.99865477934569	19.897283961375283	20.830769063192694	21.81109180722498	22.884000588193647	23.950918507948785	25.04506761503815	26.200759205502877	27.355361548474235	28.587300463474808	29.903111435464808	31.157924547826134	32.50477907337716	33.79717122425972	35.09500961260913	36.42389155451956	37.76529984260374	38.991792520137466	40.117529804534534	41.192617080489946	42.33741619602098
209073_HY55YBGXT_TCDM_1_C06_X5_31_1_o_AAGACA_S43_R1_001 - polyg	0.0	0.0	0.0	0.000544623746684603	0.001089247493369206	0.001089247493369206	0.001089247493369206	0.001089247493369206	0.001089247493369206	0.001089247493369206	0.001089247493369206	0.001089247493369206	0.001089247493369206	0.001089247493369206	0.001089247493369206	0.001089247493369206	0.001089247493369206	0.001089247493369206	0.001089247493369206	0.001089247493369206	0.001089247493369206	0.001089247493369206	0.001089247493369206	0.001089247493369206	0.001089247493369206	0.001089247493369206	0.001089247493369206	0.001089247493369206	0.001089247493369206	0.001089247493369206	0.001089247493369206	0.001089247493369206	0.001089247493369206	0.001089247493369206	0.001089247493369206	0.001089247493369206	0.001089247493369206	0.001089247493369206	0.001089247493369206	0.001089247493369206	0.0027231187334230147	0.003267742480107618	0.004356989973476824	0.004901613720161426	0.004901613720161426	0.0059908612135306325	0.008169356200269044	0.008713979946953648	0.010347851187007456	0.011981722427061265	0.01688333614722269	0.0185172073872765	0.019606454880645705	0.02015107862733031	0.021784949867384117	0.02396344485412253	0.028320434827599352	0.03158817730770697	0.034311296041129986	0.03812366226792221	0.04302527598808363	0.052283879681721886	0.06208710712204474	0.07679194828252901	0.09530915566980551	0.10946937308360519	0.13942367915125836	0.19660917255314167	0.28756133824947033	0.41336942373361363	0.5538823503782412	0.6867705445692843	0.8005969076263664	0.9095216569632869	1.0037415651397232
209074_HY55YBGXT_TCDM_1_D06_X4_67_1_o_ACAGAT_S44_R1_001 - illumina_universal_adapter	0.00608844855260973	0.009962915813361378	0.010516411136325898	0.01162340178225494	0.012730392428183981	0.017711850334864672	0.025460784856367963	0.03210272873194221	0.036530691315658385	0.044279625837161676	0.06088448552609731	0.08855925167432335	0.13615984944927215	0.16826257818121437	0.19704433497536947	0.22029113853987933	0.25294736259478606	0.2883710632645154	0.3116178668290253	0.34759506282171915	0.3935351746277744	0.4488847069242265	0.5108761830962528	0.5629047434549178	0.6376266120551282	0.7621630597221454	0.8368849283223557	0.9154812641833177	0.950904964853047	1.0372502352355122	1.1092046272209	1.1468423091824873	1.1806055238833233	1.232634084241988	1.2746997287872917	1.3184258593014888	1.3759893728897992	1.452371727458903	1.5248796147672552	1.6189738196712238	1.7534731831516024	1.8935074998616261	2.060109592073947	2.202911385398793	2.3711739635800075	2.6717219239497427	2.949576576077932	3.210826368517186	3.3492001992583162	3.491448497260198	3.666906514639951	3.8755742513975755	4.070958100404051	4.239220678585266	4.50047047102452	4.849172524492168	5.060607737864615	5.180162727624952	5.371118614047711	5.76631427464438	6.148226047489898	6.457076437704101	6.732717108540433	6.976255050644822	7.218132506780318	7.472186860021033	7.741739082304755	7.992472463607682	8.151879116621464	8.255936237338794	8.383240161620634	8.555930702385565	8.736923672994964	8.94725189572148	9.191343333148835
209074_HY55YBGXT_TCDM_1_D06_X4_67_1_o_ACAGAT_S44_R1_001 - polya	0.014944373720042066	0.02878175679415509	0.044279625837161676	0.06974041069352964	0.1029501300714009	0.16051364365971107	0.23412852161399236	0.3171528200586705	0.396302651242597	0.4798804450102397	0.553495322964521	0.636519621409199	0.7311673216361322	0.8158521060497039	0.8911274699728787	0.9813472076160956	1.066585487352632	1.1462888138595229	1.2309735982730945	1.3167653733325952	1.4230364753417835	1.5165771849227874	1.5907455582000332	1.6793048098743566	1.7877898931754026	1.8962749764764488	1.9859412187967012	2.07394697514806	2.159185254884596	2.254386450434494	2.3689599822881497	2.47799856091216	2.59423257873471	2.731499418829911	2.8682127636021475	3.007693584989207	3.1327835279791887	3.2689433774284606	3.4167266286599878	3.5789007582885923	3.726130514197155	3.8761277467205404	4.03774838102618	4.2049039685614655	4.414125200642054	4.625560414014502	4.816516300437261	5.0179885979963466	5.231637792660652	5.454142912492389	5.701001826534566	5.981623955277578	6.253943654176123	6.509658493385731	6.822383350860685	7.116289367354846	7.443958598549842	7.803177063153816	8.186195826645266	8.575303038689324	8.955000830242984	9.351303481485582	9.73542923562296	10.156085681075995	10.611612331875795	11.019538384900647	11.452371727458903	11.862511761775613	12.301433552886477	12.720983007693585	13.14163945314662	13.544030552941827	13.946975148059998	14.317817014446227	14.698068301322854
209074_HY55YBGXT_TCDM_1_D06_X4_67_1_o_ACAGAT_S44_R1_001 - polyg	0.0	0.0	0.0	0.000553495322964521	0.001106990645929042	0.002213981291858084	0.002213981291858084	0.002213981291858084	0.002213981291858084	0.002213981291858084	0.002213981291858084	0.002213981291858084	0.002213981291858084	0.002213981291858084	0.002213981291858084	0.002213981291858084	0.002213981291858084	0.002213981291858084	0.002213981291858084	0.002213981291858084	0.002213981291858084	0.002213981291858084	0.002213981291858084	0.002213981291858084	0.002213981291858084	0.002213981291858084	0.002213981291858084	0.002213981291858084	0.002213981291858084	0.0027674766148226048	0.0027674766148226048	0.0027674766148226048	0.0027674766148226048	0.0027674766148226048	0.0027674766148226048	0.0033209719377871256	0.0033209719377871256	0.0033209719377871256	0.0038744672607516468	0.004981457906680689	0.004981457906680689	0.004981457906680689	0.004981457906680689	0.004981457906680689	0.0055349532296452095	0.00608844855260973	0.007195439198538773	0.008302429844467813	0.013283887751148502	0.015497869043006587	0.01715835501190015	0.018265345657829193	0.019372336303758234	0.019372336303758234	0.022139812918580838	0.02324680356450988	0.026567775502297004	0.028228261471190567	0.030995738086013174	0.0343167100238003	0.04095865389937455	0.04372613051419715	0.049814579066806884	0.05534953229645209	0.06807992472463607	0.07970332650689102	0.11457353185365583	0.21530968063319864	0.422870426744894	0.6846737145071125	0.9957380860131732	1.3012675042895887	1.5763546798029557	1.8353904909503516	2.0440582277079757
209075_HY55YBGXT_TCDM_1_E06_A27_1_2_o_TAGGCT_S45_R1_001 - illumina_universal_adapter	0.018469992034815936	0.0280348093385599	0.03199266477459189	0.035620698924287875	0.03809435857180787	0.040897839505663856	0.050297746166239825	0.06233622311750378	0.07124139784857575	0.08393951737251171	0.10389370519583964	0.13984422540646352	0.2002015208059513	0.23087490043519918	0.2608886374917751	0.294530408698047	0.32866691183382285	0.3624735936832627	0.39364170524201464	0.43618865117935846	0.49588630400617423	0.5549243142603181	0.6231973205318698	0.6865230075083816	0.7610626182203173	0.8832614048078049	0.9601097645240926	1.0422352648217563	1.1002838112168922	1.1903250223866197	1.2732750759001235	1.3280254094318993	1.3819511897478352	1.429940186909723	1.4775993627852748	1.5219603257974665	1.5899035107826824	1.678460526163898	1.7681719160472897	1.9012548050838654	2.087109099934201	2.262903845551288	2.461621170568727	2.6450018057715425	2.871589029484374	3.2446169043303885	3.6290236135549954	3.965606236260882	4.162509544203473	4.360402316005072	4.583691326854544	4.877067361050415	5.116187793644014	5.348711800510893	5.674905052697196	6.131542623629387	6.370663056222986	6.549096372130761	6.781125647068136	7.31741505865047	7.767126382569605	8.14345247027898	8.534455605230306	8.811175664466209	9.129783027066784	9.450369317385375	9.79866059575619	10.137057235536924	10.367767225328956	10.50596234430374	10.679943072845978	10.878660397863417	11.105742353505754	11.37058884643356	11.672045502144663
209075_HY55YBGXT_TCDM_1_E06_A27_1_2_o_TAGGCT_S45_R1_001 - polya	0.008245532158399972	0.01962436653699193	0.03446632442211188	0.06184149118799978	0.1151076289312636	0.20877687425068728	0.3294914650496628	0.4495464132759664	0.560201454841694	0.6721757815527656	0.7928903723517412	0.9324047764718687	1.095666313208188	1.2262755425972436	1.3628215551403473	1.5020061379741387	1.6377275973014023	1.7734490566286658	1.9066968563084092	2.0551164351596087	2.199743069217944	2.3442047926331115	2.493284014056983	2.6283458308115746	2.7726426435835743	2.9116623157741977	3.0468890431719573	3.1822806812128848	3.3199810682581643	3.4538885105105797	3.589609969837843	3.729784016530643	3.8800176124566903	4.051194860065074	4.222866839602961	4.399815959722225	4.5962245357353115	4.779605170938127	4.962326163568271	5.15444706285899	5.339971536422989	5.533741542145388	5.719760747638892	5.935793690188971	6.154465203029738	6.384185728962762	6.619183395477161	6.843296959542472	7.073512217404999	7.31741505865047	7.560988078609605	7.809343507220612	8.070561965998724	8.329306765129315	8.600419862497505	8.872687334367873	9.166228279206912	9.488133854670847	9.818120051650013	10.156021959501244	10.458797900357691	10.77625088845609	11.06385505014108	11.380813306309976	11.735371189121174	12.083827378135158	12.451083380470292	12.788160735105683	13.107757561565267	13.429498226386032	13.76525629587608	14.085182943621998	14.380043173606381	14.669791173652557	14.943048109381932
209075_HY55YBGXT_TCDM_1_E06_A27_1_2_o_TAGGCT_S45_R1_001 - polyg	0.0	0.0	0.0	0.0	0.0008245532158399971	0.0013192851453439954	0.0013192851453439954	0.0013192851453439954	0.0013192851453439954	0.0013192851453439954	0.0013192851453439954	0.0013192851453439954	0.0013192851453439954	0.0013192851453439954	0.0013192851453439954	0.0013192851453439954	0.0013192851453439954	0.0013192851453439954	0.0013192851453439954	0.0013192851453439954	0.0013192851453439954	0.0013192851453439954	0.0013192851453439954	0.0013192851453439954	0.0013192851453439954	0.0013192851453439954	0.0013192851453439954	0.0013192851453439954	0.002473659647519991	0.00280348093385599	0.00280348093385599	0.003133302220191989	0.003133302220191989	0.0032982128633599886	0.0034631235065279878	0.004122766079199986	0.004782408651871983	0.0054420512245439805	0.006761336369887976	0.007750800228895973	0.009729727946911966	0.010884102449087961	0.012368298237599957	0.013852494026111951	0.015831421744127945	0.01978927718015993	0.024241864545695914	0.029519005127071896	0.038918911787647864	0.04864863973455983	0.061676580544831786	0.07338523620975974	0.08295005351350371	0.09366924531942367	0.10521299034118363	0.11972512693996758	0.14561609791734348	0.18618411613667135	0.23780114744825517	0.29370585548220696	0.34515797615062277	0.40963803762931056	0.4840127376980783	0.562510203846046	0.6512321298704297	0.7462206603351974	0.864626502129821	1.0509755289096603	1.410480731015899	1.9090056053127613	2.4345758250891754	2.9187534734304217	3.389903180961396	3.8199901383435386	4.194172387691729
209076_HY55YBGXT_TCDM_1_F06_X5_31_3_o_CTCCAT_S46_R1_001 - illumina_universal_adapter	0.055420403345377074	0.09500640573493213	0.11012106119276224	0.1209172436626409	0.13315291712850336	0.14682808159034966	0.17777713800400177	0.21232492190761346	0.2360765233413465	0.26126761577106333	0.31093005513250516	0.3721084224618175	0.5002231211043775	0.5614014884336899	0.6175416372770588	0.6916754235702256	0.7478155724135945	0.7989175027710201	0.8471404511364782	0.9111978004577581	1.0076436971886742	1.0997711209316385	1.2192488735982956	1.3308094257870418	1.4582043789316097	1.6388604989275792	1.7712936705580906	1.9159625156544646	2.0037714664094777	2.153478529991795	2.3003066115821444	2.3744403978753112	2.4341792742086397	2.5241474614576287	2.595402265758828	2.666657070060027	2.752306784321064	2.86386733650981	2.968230433718637	3.120816479292922	3.323064964228649	3.5591414875699954	3.7988167384013014	4.003224459831004	4.268090803092027	4.689861664915286	5.105154817256618	5.515409751112006	5.749327037959378	5.9897220342886754	6.25890685053765	6.5770343606500745	6.847658667895033	7.146353049561675	7.511983762541566	7.989894773208194	8.30154457383869	8.498754840288473	8.7722581295254	9.361009946882783	9.851876376513266	10.293080366782306	10.670946753228058	10.99555197282241	11.350386503332421	11.722494925794239	12.08092818379421	12.415609840360448	12.652406109199786	12.79275648130821	12.98564827477004	13.187177014207776	13.439807684002936	13.721228173717773	14.032158228850278
209076_HY55YBGXT_TCDM_1_F06_X5_31_3_o_CTCCAT_S46_R1_001 - polya	0.01007643697188674	0.02231211043774921	0.04822294836545797	0.09644589673091594	0.19433128445781572	0.3310829290762786	0.5031021030963452	0.6794397501043631	0.8737710345621789	1.0443507175862614	1.2286055650721905	1.42437634052599	1.6662108278512717	1.8691790582849905	2.056312887762887	2.2139371518231155	2.398911744807036	2.5810073557989894	2.744389583843153	2.9092113028833007	3.086988440887302	3.264045833393312	3.428147806935468	3.6016064719515177	3.759950481509738	3.927651182541853	4.085995192100073	4.2616130936101	4.427874303646231	4.579020858224532	4.746721559256647	4.929536915746592	5.108753544746578	5.311721775180296	5.524046697087909	5.7313334005095795	5.945817558911169	6.179015100260548	6.40213620463804	6.602225453079791	6.810231901999453	7.032633260878953	7.237040982308655	7.481034706127913	7.7135125019793005	7.9719011357583955	8.206538168103759	8.425340799493299	8.67077401430854	8.931321884581612	9.216341101786409	9.518634210943011	9.792857245677927	10.080035699376701	10.383048554031294	10.688220645179864	11.012825864774216	11.366940649786235	11.762080928183794	12.15578171558537	12.522851919561242	12.90215779700298	13.270667491974837	13.611107112525012	14.0213620463804	14.43593545322374	14.873540716002822	15.28379564985821	15.695490074709582	16.072636715657342	16.50808274194245	16.865076508946437	17.1975989290187	17.53372007658092	17.860484532669247
209076_HY55YBGXT_TCDM_1_F06_X5_31_3_o_CTCCAT_S46_R1_001 - polyg	0.0	0.0	0.0	0.0	0.00071974549799191	0.0021592364939757303	0.0021592364939757303	0.0021592364939757303	0.0021592364939757303	0.0021592364939757303	0.0021592364939757303	0.0021592364939757303	0.0021592364939757303	0.0021592364939757303	0.0021592364939757303	0.0021592364939757303	0.0021592364939757303	0.0021592364939757303	0.0021592364939757303	0.0021592364939757303	0.0021592364939757303	0.0021592364939757303	0.0021592364939757303	0.0021592364939757303	0.00287898199196764	0.00287898199196764	0.00287898199196764	0.0035987274899595503	0.0043184729879514605	0.00503821848594337	0.00503821848594337	0.00575796398393528	0.00575796398393528	0.006477709481927191	0.006477709481927191	0.006477709481927191	0.006477709481927191	0.006477709481927191	0.0071974549799191006	0.008636945975902921	0.01151592796787056	0.01151592796787056	0.01367516446184629	0.016554146453813933	0.01799363744979775	0.02015287394377348	0.021592364939757303	0.02519109242971685	0.028070074421684493	0.030949056413652132	0.03526752940160359	0.038866256891563145	0.04174523888353078	0.04462422087549842	0.04606371187148224	0.051101930357425614	0.05470065784738516	0.05614014884336899	0.061898112827304265	0.06909556780722337	0.0784522592811182	0.09212742374296448	0.11084080669075415	0.14035037210842247	0.17489815601203415	0.2353567778433546	0.43400653528912175	0.9673379493011272	2.086542198678547	3.400797478011775	4.553110020296823	5.420403345377075	6.178295354762556	6.790079028055679	7.250716146770502
209077_HY55YBGXT_TCDM_1_G06_X5_31_2_o_GCATGG_S47_R1_001 - illumina_universal_adapter	0.055522014748372074	0.08193540040536461	0.09487256889042218	0.10295829919358317	0.11212212687049894	0.12128595454741473	0.14716029151752985	0.1719565311138902	0.19244038121523135	0.2166975721247143	0.2603605157617836	0.3218120660658071	0.41614558626935183	0.46897235758333694	0.5050886196041227	0.5476734658674371	0.590797360817629	0.6447022295053689	0.6829746862736642	0.7341843115270171	0.8021044460735693	0.8694855319332442	0.9568114192073828	1.0317391866833412	1.1255336582000086	1.2565224891112166	1.3670274699210834	1.4742981586096857	1.5443744879037475	1.6521842252792271	1.7513691836646685	1.8176721721505886	1.9039199620509724	1.9772305834662987	2.0510802535685024	2.1206175341756865	2.193928155591013	2.288800724481435	2.3836732933718574	2.5243650006468585	2.7092587002458064	2.8688171115615164	3.0677260770192762	3.2439949976281857	3.4369744275302945	3.759325542282979	4.067661391176851	4.368450558454439	4.553344258053388	4.738237957652335	4.939303117857605	5.184031221699944	5.420134546552244	5.631441631808185	5.923606020095735	6.300940100909914	6.559144421924188	6.725710466169304	6.927853723748329	7.337530725775152	7.697615248609254	7.997326318513088	8.27870973306309	8.525054982966061	8.802665056707921	9.074345594894131	9.34171374358532	9.618245719953427	9.803678468239251	9.959463538746819	10.11470956056751	10.309306136530251	10.503902712492993	10.723834576738971	10.955625512096253
209077_HY55YBGXT_TCDM_1_G06_X5_31_2_o_GCATGG_S47_R1_001 - polya	0.02156194747509595	0.0431238949501919	0.07762301091034542	0.14500409677002027	0.28353960929751176	0.513713398594161	0.8058777868817112	1.1217603173918669	1.3891284660830565	1.6521842252792271	1.9244038121523135	2.252145413773772	2.5976756220621846	2.9405105869162105	3.248307387123205	3.5641899176333607	3.91241536935616	4.244469360472638	4.5878433740135405	4.8994135150286775	5.229850360084523	5.53495191685713	5.868623054034241	6.179115097675622	6.482599508387597	6.758592436068826	7.0383587045581955	7.315968778300056	7.584415024365001	7.8415412480055195	8.126698003363664	8.428565268015006	8.729354435292596	9.073806546207253	9.388071930656777	9.723899262581396	10.101772392082452	10.43598257794644	10.792832808659279	11.120035361593859	11.466643667256026	11.826189141403251	12.219694682823752	12.585708741213507	13.011018155159775	13.468670490318686	13.892901806891198	14.331687438009402	14.746754926904998	15.155892880244943	15.559640346716115	15.994652637026176	16.415110612790546	16.834490491181164	17.27866660916814	17.743326577256457	18.222540859890465	18.77290956919229	19.33028591142352	19.867717452240285	20.359329854672474	20.83315365043771	21.297274569839146	21.784574582776315	22.303139419552373	22.829250937944714	23.39794730260037	23.90950450644702	24.374703523222216	24.845293026866187	25.321812066065807	25.774612963042824	26.18968045193842	26.57456121436888	26.975074388718788
209077_HY55YBGXT_TCDM_1_G06_X5_31_2_o_GCATGG_S47_R1_001 - polyg	0.0	0.0	0.0	0.0	0.0	0.0005390486868773988	0.0005390486868773988	0.0005390486868773988	0.0005390486868773988	0.0005390486868773988	0.0005390486868773988	0.0005390486868773988	0.0005390486868773988	0.0005390486868773988	0.0005390486868773988	0.0005390486868773988	0.0005390486868773988	0.0005390486868773988	0.0005390486868773988	0.0005390486868773988	0.0005390486868773988	0.0005390486868773988	0.0005390486868773988	0.0005390486868773988	0.0005390486868773988	0.0005390486868773988	0.0005390486868773988	0.0016171460606321964	0.002156194747509595	0.0026952434343869938	0.0037733408081417914	0.0048514381818965885	0.0059295355556513865	0.0064685842425287856	0.008085730303160982	0.00862477899003838	0.00916382767691578	0.010780973737547975	0.012398119798180172	0.014554314545689766	0.019944801414463753	0.023718142222605546	0.028030531717624735	0.03234292121264393	0.03935055414205011	0.04743628444521109	0.054443917374617276	0.06576393979904264	0.07492776747595843	0.087864935961016	0.09648971495105438	0.10834878606235715	0.12613739272931132	0.13907456121436887	0.15955841131571002	0.1762689206089094	0.20807279313467592	0.2587433697011514	0.32989779636896804	0.4317779981887964	0.5498296606149468	0.6959118547587219	0.8360645133468455	0.9816076588037431	1.1567984820388977	1.350316960627884	1.6608090042692656	2.249450170339385	3.433201086722153	4.973802233817758	6.406054594851007	7.450730950019405	8.35148130579154	9.131484755703134	9.707727801975075
209078_HY55YBGXT_TCDM_1_H06_C64_1_3_i_AATAGC_S48_R1_001 - illumina_universal_adapter	0.004105342326180437	0.006770656882562199	0.008008575491687377	0.00901912129505487	0.010168617146385391	0.011330744820258008	0.0131370954437774	0.014956077889838887	0.016648742110479436	0.0187077291848407	0.0212972528059699	0.024707844892335188	0.02969741479646218	0.03221114748233882	0.0348385665710943	0.03785757215865468	0.041268164245019966	0.04514613376544272	0.050565185636000896	0.05835902014447268	0.06605180007260772	0.07394668916141625	0.08343318789052859	0.09270494563642533	0.1021156534302851	0.11296638899394354	0.12275605146406612	0.13181306822674727	0.14147641247144893	0.15223872527731272	0.16373368379061795	0.17371282359887194	0.18319932232798425	0.19375952597317456	0.20505237532580628	0.21705260674079527	0.22964653381526262	0.24587842578185298	0.2644851003863569	0.28451917093811746	0.30963123415179966	0.3344022381568453	0.359312192209854	0.3845000463587887	0.41259321969240503	0.44592859938099016	0.4825356211079776	0.5200521340579958	0.557720228878519	0.5985589111571078	0.6458145592870801	0.6979208272732165	0.7468944032689135	0.799152253125555	0.8523069623826851	0.9088470000810963	0.9575553078034095	1.0031688190029096	1.0509171082120237	1.104374981210164	1.157403372241873	1.2073117031056853	1.2569926611637394	1.3065473009963728	1.3603209695580656	1.417025220949524	1.4732241994392987	1.534084320447106	1.5903085625819648	1.6456864726065032	1.705384465940438	1.7648045591784465	1.8288984267570296	1.8944323221054116	1.952475546686332
209078_HY55YBGXT_TCDM_1_H06_C64_1_3_i_AATAGC_S48_R1_001 - polya	0.007440143477293162	0.0220930576261218	0.03678386724257672	0.06497809515652976	0.12236446496526122	0.20779348081744062	0.3170461139840086	0.4312883170547036	0.5413746505090499	0.6409892030760004	0.7382163411824952	0.8466858013514534	0.9744314227196466	1.0814229596511797	1.1828059673740234	1.283759493130436	1.3900183843545277	1.5035153098952392	1.6206123048604475	1.7470063212166365	1.881004694743166	2.0202326428021222	2.1815915439548266	2.3460326098078017	2.5135179448934215	2.687723409571435	2.857090886215827	3.0347953657380002	3.2329255023107395	3.441274783320032	3.667624411451808	3.9021215651232346	4.167339311217033	4.505164773282786	4.811195938010089	5.134204272233966	5.4648169636281825	5.795025436701053	6.160021949054849	6.508117082847324	6.869084043810192	7.248847156715696	7.638614673074538	8.06730083468557	8.518939017855587	9.027799357141287	9.523143646306949	10.048854836863802	10.590469492001152	11.170093301167661	11.807116111965444	12.453486471444375	13.127394204065071	13.855138764360172	14.652509930507291	15.500117854904317	16.384964392155435	17.299495712380473	18.329747158913634	19.404904734583933	20.462238808647342	21.57085808223165	22.609168631546662	23.763666684603855	25.039493393177857	26.32263392700373	27.66855461886381	28.972941878205482	30.249223332391	31.60546422326797	33.00501963364178	34.270159820345164	35.42098201304261	36.46653059667425	37.513683421768725
209078_HY55YBGXT_TCDM_1_H06_C64_1_3_i_AATAGC_S48_R1_001 - polyg	0.0	0.0	0.0	2.526364508418731e-05	0.0006315911271046827	0.001351605012004021	0.0013642368345461145	0.001389500479630302	0.0014147641247144892	0.0014400277697986766	0.0014526595923407702	0.0014779232374249574	0.0014779232374249574	0.0014779232374249574	0.0014905550599670513	0.0015031868825091449	0.0015158187050512385	0.0015158187050512385	0.0015158187050512385	0.001528450527593332	0.001528450527593332	0.001528450527593332	0.0015663459952196131	0.0015916096403038003	0.0017431915108089243	0.001894773381314048	0.002033723429277078	0.002223200767408483	0.00248846904079245	0.0026905782014659484	0.002854791894513166	0.0031579556355234135	0.0035242784892441296	0.003915864988049033	0.004282187841769748	0.004749565275827214	0.005216942709884679	0.005595897386147489	0.006000115707494485	0.0065685477218887	0.007402248009666881	0.008160157362192501	0.00933491685860721	0.010547571822648202	0.01200023141498897	0.013718159280713708	0.015688723597280317	0.018442460911456734	0.021941475755616675	0.02523838143910312	0.029255301007488903	0.03288063407706978	0.03658175808190322	0.040598677650289	0.04537350657120041	0.050325181007701114	0.055415805492164856	0.0618959304562589	0.07033398791437746	0.08199316012072991	0.09758082913767348	0.118827554653475	0.14297959935395807	0.1743191510808924	0.20992825882705443	0.25045114554209086	0.3140523720415324	0.4232292142728479	0.615308707847924	0.8345845153561278	1.031021987708226	1.1938209166307292	1.337027888790445	1.4661756424608103	1.5856979473541006
209079_HY55YBGXT_TCDM_1_A07_A20_1_2_i_GTGCCA_S49_R1_001 - illumina_universal_adapter	0.003329335184797254	0.005229707923022235	0.006025212790186181	0.006702865084436949	0.007616222524514072	0.008632700965890224	0.010577268418957647	0.011873646721002596	0.013052172450134366	0.014495866468320786	0.01680872321174189	0.01988762167909864	0.024454408879484253	0.027061897055188296	0.029124317081168898	0.03148136853943244	0.03369110428155451	0.036843660606982	0.04036450622276316	0.045402703714801484	0.05169308479404232	0.058351755163636825	0.06615948811913482	0.07404087893270353	0.08276196932827863	0.09120315986318495	0.09951176625356394	0.10717218349292044	0.11511250059294575	0.12476168000021214	0.13432246997779362	0.143470775950179	0.15179411391217215	0.1607214463103453	0.17032643100276923	0.18102155199464007	0.19208496227686456	0.20454787186243306	0.2197803169114612	0.23514534610501667	0.2550624309273436	0.27602545733427497	0.29558898443786236	0.31398871738393214	0.33489281750440697	0.3605552152562513	0.3864091234390795	0.41494417765568253	0.44263953229027914	0.4748280162671906	0.5122756713103527	0.5524192039589036	0.5901467588627345	0.6279921663394784	0.6678557991273606	0.7093251732211848	0.7470969228398581	0.7835870257281006	0.822183743357166	0.8653914429014596	0.9082308531553995	0.9497149588208379	0.9930257793664304	1.037441467783084	1.0821075929171782	1.1300735900928414	1.179910496863501	1.2338280489712796	1.2840627081755214	1.3350634091036988	1.3874783409068343	1.4418378401630372	1.4970075758580184	1.5559043991713786	1.6029275757637362
209079_HY55YBGXT_TCDM_1_A07_A20_1_2_i_GTGCCA_S49_R1_001 - polya	0.004095376908732905	0.011107604997066945	0.019696111248114725	0.03793379690642889	0.07988931286351994	0.14747776342922703	0.23442349909592344	0.3284403891374105	0.42223630560468534	0.5056906587988289	0.5875392706870304	0.6825431760266654	0.7919987531197786	0.8888882996260243	0.9809164274996015	1.0741083495306962	1.1714545747569807	1.2761960489335669	1.3816741016908602	1.4917925995066101	1.6048279485019612	1.7236969998565146	1.860509105437099	1.9988385628939407	2.137860404216647	2.2825539006108	2.421605205076735	2.5714252883926116	2.7384076526389696	2.912667413262716	3.0923925869553113	3.284536475518632	3.502372224977026	3.7723430063778864	4.023089086822285	4.2854583772702455	4.55327834921544	4.818048885836507	5.107951483631309	5.3997839173075635	5.701280261962699	6.026361852772084	6.365526826044594	6.735804878566182	7.142690886548926	7.6101089222942	8.060497261253522	8.532747252488235	9.03248635635495	9.572206945582458	10.160335479134055	10.77034039653266	11.405668885535983	12.088388840422018	12.840744934328127	13.62853045796626	14.4671399036732	15.362598484239134	16.33756335680662	17.33148776204151	18.32261316866972	19.323048928558066	20.305055492357113	21.37543675426943	22.588876308126732	23.82298425695868	25.131147816294945	26.44057829079003	27.73977032301328	29.093587022781787	30.48315724685783	31.820636633706247	33.08467913605814	34.295643785884266	35.535143489926995
209079_HY55YBGXT_TCDM_1_A07_A20_1_2_i_GTGCCA_S49_R1_001 - polyg	0.0	0.0	2.9463143228294282e-05	0.00013258414452732426	0.0011932573007459185	0.0019740305962957167	0.001988762167909864	0.001988762167909864	0.001988762167909864	0.0020034937395240113	0.0020034937395240113	0.0020034937395240113	0.0020182253111381584	0.002077151597594747	0.002077151597594747	0.002077151597594747	0.002091883169208894	0.002091883169208894	0.0021360778840513353	0.0021360778840513353	0.0021802725988937766	0.002195004170507924	0.0022244673137362184	0.0022686620285786597	0.002327588315035248	0.002415977744720131	0.002519098746019161	0.002607488175704044	0.0026811460337747796	0.002828461749916251	0.0029757774660577226	0.0031672878970416354	0.0034177246144821366	0.0035797719022377552	0.003948061192591433	0.004286887339716818	0.004566787200385614	0.004905613347510998	0.005303365781092971	0.00581897078758812	0.006585012511523772	0.007306859520616982	0.008131827531009222	0.008956795541401462	0.010179515985375674	0.010945557709311325	0.012374520155883598	0.014024456176668077	0.015895365771664765	0.01772208065181901	0.01982869539264205	0.02168487341602459	0.024115582732358868	0.02667887619322047	0.029860895661876254	0.03319023084667351	0.03725614461217812	0.04169034766803641	0.04702317659235767	0.05282741580833165	0.059471354606312005	0.06841341857609932	0.08136247002493466	0.09905508753352538	0.11967928779333137	0.1443399386754137	0.18317236145030555	0.2508050067308551	0.37041063666611573	0.5105962721463398	0.6420018909445324	0.7475977962747391	0.8396701188631587	0.9260265916652892	1.006092683388179
209080_HY55YBGXT_TCDM_1_B07_A20_1_3_i_TCGAGG_S50_R1_001 - illumina_universal_adapter	0.0008648861178364778	0.0015924887249052606	0.0019631542039780367	0.0022377212255134268	0.00269075681104682	0.0030751506411963656	0.0034732728224226806	0.003940036759032844	0.004310702238105619	0.004942206387637016	0.00591691931408765	0.007399581230378754	0.009500018945124486	0.010570830329112506	0.011325889638334828	0.012163319054017767	0.013234130438005786	0.014524595439222118	0.01610335581305061	0.018917667783788356	0.021320129222223014	0.024326638108035533	0.027511615557846054	0.030394569283967648	0.03348344827624078	0.036531142215283606	0.039743576367247666	0.04243433317829449	0.04512508998934131	0.04859836281176399	0.05183825366588159	0.05458392388123549	0.05742569255412677	0.06037728803563221	0.06360345053867304	0.06706299501001894	0.07071473639643963	0.07551965927330896	0.08065406257602074	0.08635132827288008	0.09346261413064667	0.10050525823302943	0.10752044563325863	0.11471410159748585	0.12231960809401614	0.13235503273113464	0.14280230790055623	0.15367516195335765	0.16449310260185201	0.17805671346570026	0.19363839193783364	0.2098927596127287	0.2265452494688501	0.24414499554926858	0.2620055803001457	0.27970142483810156	0.2967245801732957	0.31281420763526957	0.3292607722252394	0.3468193332524276	0.36447399273715314	0.38348775897847887	0.4022132298471925	0.4225861028451184	0.4445514645679496	0.46725815724892633	0.49022568860036164	0.5157741499542297	0.5414598948188654	0.5680791675567214	0.5950279207204199	0.6232808672364115	0.6541559288080662	0.6850172620286439	0.7116914481708071
209080_HY55YBGXT_TCDM_1_B07_A20_1_3_i_TCGAGG_S50_R1_001 - polya	0.00538151362209364	0.01261635463955116	0.019329518316091438	0.03106725848672935	0.05533898319045781	0.0890420850839269	0.12871701969579072	0.16960004920241026	0.20794333375982743	0.24576494097632737	0.2848083714386598	0.3290960320123182	0.38000075780497944	0.42453552869801964	0.4666678381526252	0.5087452342029237	0.5530740798298124	0.5997642018419054	0.6472231115142976	0.6966177186885142	0.7470831372467188	0.8063209721429792	0.8679887251798277	0.9333356763052504	0.9963899928008527	1.0594580376475318	1.1216474680252975	1.1884084393116274	1.2630357557649465	1.3390496356770192	1.4232456128308464	1.513866458288602	1.6179410878015912	1.754277342344989	1.8786836598026742	2.0120545905134897	2.1506560229845544	2.287074647634413	2.4384846316601037	2.586338972756911	2.7414967966265595	2.9107810937542045	3.0853233493442516	3.2872673936835306	3.5144990607062194	3.7873637667080895	4.0525817811602	4.326421200088521	4.621182626057838	4.943428210882848	5.29605463664075	5.663576323316946	6.039527217554277	6.453505644274261	6.916810036413079	7.410714923102014	7.9451733588717275	8.514021314088748	9.15926754304799	9.841854886936046	10.536454538016276	11.260062194921717	11.950708080891838	12.724781156355485	13.60561961814317	14.488407505783755	15.455240358716322	16.410500211691172	17.378046938879734	18.406341619583	19.45509154339065	20.434211270536927	21.34633664442857	22.196135304431678	23.071647166001572
209080_HY55YBGXT_TCDM_1_B07_A20_1_3_i_TCGAGG_S50_R1_001 - polyg	0.0	0.0	8.237010646061693e-05	0.00015101186184446436	0.0012492799479860235	0.002031795959361884	0.002045524310438654	0.002045524310438654	0.0020592526615154233	0.0020729810125921927	0.002100437714745732	0.0021141660658225013	0.0021141660658225013	0.0021141660658225013	0.0021553511190528095	0.0022102645233598875	0.0022377212255134268	0.002251449576590196	0.0022651779276669655	0.0022926346298205048	0.0022926346298205048	0.0023200913319740436	0.002333819683050813	0.0024024614384346604	0.002443646491664969	0.0025122882470488164	0.002580930002432664	0.0026083867045862026	0.0026633001088932806	0.0027593985664306673	0.0028829537261215927	0.003006508885812518	0.003184977449810521	0.003281075907347908	0.003624284684267145	0.003885123354725765	0.004200875429491464	0.004928478036560246	0.007399581230378754	0.010268806605423578	0.013714622725692719	0.016007257355513223	0.01825870693210342	0.020757266828075466	0.024285453054805225	0.029955262049511024	0.03448561790484495	0.04343650280689866	0.05134403302711789	0.05918292149195326	0.06647267591371786	0.07330939474994906	0.08017357028833381	0.08676317880518317	0.09557678019646917	0.1078911111123314	0.12448868756414572	0.14766214418173262	0.1758876339955707	0.20698234918445357	0.23857128501210018	0.27120357552158125	0.30530479959627665	0.3412318943641824	0.3788063912613005	0.4173006876805621	0.46018805644439004	0.5095826636186066	0.582219369165794	0.6745150734549152	0.767977687585562	0.8509243847914032	0.9258125399151808	0.999410230037742	1.065869177600383
209081_HY55YBGXT_TCDM_1_C07_A20_1_3_o_CACTAA_S51_R1_001 - illumina_universal_adapter	0.002720702040060955	0.004292016587261935	0.005237715157336598	0.005790585090611017	0.006474397902818851	0.007216407550108202	0.008394893460508937	0.010286290600658264	0.01274510688285239	0.01482564373701665	0.016746139294706735	0.019088561906737828	0.02180926394679878	0.023278734032607103	0.024399023107926323	0.02601398528143844	0.0275998490374098	0.029694935100344436	0.03218284980007932	0.03598019328914836	0.0399812257010027	0.04475336617768716	0.05000563054379414	0.05566527275547174	0.060902987912808335	0.06654808091571555	0.07203313262214861	0.07734359382333711	0.08343971229812609	0.09027784042020442	0.09683953357564555	0.10356126802756085	0.11051578981980223	0.11793588629269575	0.12579245902870065	0.13377997464363894	0.1424658522795555	0.15345050490119197	0.16524991321396967	0.17700567390043628	0.191220250869097	0.20623503432012857	0.22090063676067104	0.23518795977318366	0.25068286711363774	0.2686220415275156	0.28819072732367595	0.3094616705459707	0.32952502944032397	0.351843515694086	0.37868680587543607	0.4073196487355428	0.43681089491310193	0.4643525471154302	0.4936546535789744	0.5241788935792305	0.5549795685461237	0.5844853639324533	0.6160862453817174	0.6499422541903903	0.6846566663165157	0.7181343956971588	0.7532125380425436	0.7894400678807885	0.8262786644873892	0.8645576327622575	0.9038841440685931	0.9467897607324421	0.9890552122103944	1.0319317304567026	1.0754775123064482	1.1199689927262686	1.1673121180650832	1.2142915131846386	1.2535161800295815
209081_HY55YBGXT_TCDM_1_C07_A20_1_3_o_CACTAA_S51_R1_001 - polya	0.0035209085224318245	0.00886046814116108	0.016542450371921424	0.031033462307219345	0.059913641716422536	0.10692213525351851	0.1679997136715714	0.22788425697045317	0.28609564126074133	0.3433613269809548	0.4061848104514532	0.4792945845226099	0.5672154531220128	0.6451410152961652	0.7206077611881233	0.800351974458573	0.8815074609797495	0.9670568085495806	1.053275419722849	1.1424184218589641	1.2337438053106358	1.3296667387337475	1.4340718608699903	1.54218703124268	1.647363261443753	1.7534997394236709	1.8596071189860481	1.9715778296828883	2.1002946796744353	2.230655590257035	2.3662542159969715	2.5104805225377427	2.672529609822229	2.873381436897317	3.0619537317702052	3.263940397129383	3.4716012539090086	3.68176457459714	3.90992526653423	4.144894988175858	4.388928866881432	4.655223035005688	4.931483411137652	5.236027449119234	5.571823187539592	5.952590530269192	6.321238382093067	6.707170693936152	7.112191567685975	7.5472856559641714	8.029519180658399	8.53034659416117	9.055136554508756	9.607235379718345	10.20785581617715	10.840484511930788	11.514491157427386	12.225758326584925	13.010644492120585	13.816161435692642	14.613545371562058	15.42875208817519	16.243449582481357	17.12401134489103	18.105922895595167	19.14622042109484	20.26167915910229	21.411081201171037	22.564309685146394	23.74026403322108	24.95427911143908	26.15439969528137	27.309446830353025	28.445943724242444	29.61519088707399
209081_HY55YBGXT_TCDM_1_C07_A20_1_3_o_CACTAA_S51_R1_001 - polyg	0.0	0.0	2.909841754075888e-05	0.00013094287893341498	0.0014112732507268056	0.00234242261203109	0.00234242261203109	0.002371521029571849	0.002415168655882987	0.002415168655882987	0.002415168655882987	0.0024297178646533663	0.0024297178646533663	0.0024297178646533663	0.002444267073423746	0.0024588162821941252	0.0024588162821941252	0.0024588162821941252	0.002487914699734884	0.002487914699734884	0.0025024639085052636	0.002517013117275643	0.002517013117275643	0.002517013117275643	0.00258975916112754	0.0026334067874386785	0.0027352512488313346	0.002778898875142473	0.00285164491899437	0.002982587797927785	0.0030844322593204412	0.003215375138253856	0.0033608672259576506	0.0034918101048910656	0.00363730219259486	0.003840991115380172	0.0040010324118543465	0.0042338197521804176	0.004466607092506489	0.0047575912679140775	0.005063124652092045	0.0055432485415145664	0.005994274013396329	0.006416201067737333	0.006969071001011752	0.007681982230760344	0.008482188713131214	0.009515182535828155	0.010533627149754714	0.011610268598762793	0.01300699264071922	0.014345519847594128	0.015640399428157897	0.017037123470114324	0.01871028247870796	0.02055803199254615	0.02256582280285851	0.024588162821941255	0.026872388598890826	0.029811328770507472	0.033186745205235506	0.03820622223101641	0.04507344877063551	0.05438494238367835	0.06683906509112315	0.08240671847542914	0.11243628537749231	0.1699202092292615	0.2784864050738329	0.40432251172884465	0.517908184599197	0.6089134854579203	0.687275523895184	0.7566316021035828	0.8198915618371926
209082_HY55YBGXT_TCDM_1_D07_A27_1_3_o_GGTATA_S52_R1_001 - illumina_universal_adapter	0.0014039969408760995	0.0022516932070654424	0.002807993881752199	0.003245087269006079	0.003642444893782333	0.004053047772717797	0.004503386414130885	0.005099422851295267	0.005973609625803027	0.007059720466858123	0.008768358253396016	0.01153661637267059	0.015271778045567383	0.01687445379883161	0.01802679091068275	0.019364561580762805	0.020993727842345447	0.02283481817047543	0.02536466171488425	0.028689220508845578	0.03205351506528453	0.035391319113405074	0.03888806621143611	0.04211990822628298	0.04564314583263244	0.04903393089738981	0.05235848969135114	0.05532542662301384	0.05883541897520409	0.061921563194299666	0.06527261249657941	0.06890181213620254	0.07192173008450208	0.07573636328235411	0.08031922122144025	0.08450472153575013	0.0888226743916521	0.09455786944258937	0.10079638415157657	0.10801504766834519	0.11596220016387028	0.12484976570469918	0.13417442463278195	0.1433004047484766	0.1533138168928382	0.16440009462409572	0.1759632015050847	0.18817532583987495	0.2010497128826256	0.21707647041526787	0.23678540860417008	0.257620193396605	0.2801503707214187	0.30196530432163504	0.32522397062520514	0.34793958150824766	0.3706154566288126	0.3930529171745118	0.41531818941614124	0.4387755345320995	0.462060691343988	0.48586241306808564	0.5113462820704028	0.5386579961466906	0.5664730298810284	0.596870888176412	0.6271495391843626	0.6601434672949509	0.6933758099804049	0.728700902823014	0.7651121065066782	0.8018544415443225	0.841590204021948	0.8821736627657627	0.9179226037414664
209082_HY55YBGXT_TCDM_1_D07_A27_1_3_o_GGTATA_S52_R1_001 - polya	0.009205451640649898	0.01921886378501151	0.02944419999592046	0.0451133356662641	0.0746237619329806	0.11371050695680485	0.1598304819391688	0.2077783019955035	0.2542956346026437	0.2989056506108579	0.3441911745811917	0.3958476658021048	0.456471194088802	0.507929006497327	0.5577576526442692	0.6079571659076695	0.6604878439030903	0.7167007025547711	0.7716287715530087	0.8309542649321034	0.8939884294757767	0.9625061292413621	1.036957702870273	1.1136477244520901	1.190192048238156	1.2694251586185412	1.3463933305377016	1.4282887370040878	1.5175352595288345	1.6112056969427568	1.7115649877070795	1.8210237680787786	1.944045688709507	2.099531727284455	2.254143579084896	2.4131263647578756	2.582665617995744	2.7567877291726988	2.946446523478405	3.1378934270956047	3.3395259311612353	3.5570527402179164	3.7844075278607296	4.032875250633322	4.313581922029427	4.635944917756244	4.958400630262174	5.300101697061434	5.6597765737547405	6.041425327098174	6.454783218898752	6.8781677680978515	7.331340893901011	7.820686808812968	8.35746397886905	8.93097023870862	9.534344546677202	10.1843421492862	10.899956740999915	11.656883280436203	12.40174339333345	13.196352680852687	13.966497983939865	14.804710648151215	15.735401676902157	16.665125802099478	17.670904176678974	18.66280152489962	19.663745381711006	20.718027877021523	21.78909210935176	22.814937043982457	23.7820922574337	24.700028106429325	25.644918047638942
209082_HY55YBGXT_TCDM_1_D07_A27_1_3_o_GGTATA_S52_R1_001 - polyg	0.0	0.0	2.649050831841697e-05	0.00010596203327366788	0.0012185633826471806	0.002211957444587817	0.002211957444587817	0.002238447952906234	0.002238447952906234	0.002238447952906234	0.0022516932070654424	0.002264938461224651	0.0022781837153838594	0.0022914289695430677	0.0022914289695430677	0.0023046742237022764	0.0023046742237022764	0.0023046742237022764	0.0023709004944983186	0.0023709004944983186	0.0023841457486575273	0.0023973910028167356	0.0023973910028167356	0.0024371267652943613	0.0024768625277719865	0.002516598290249612	0.0025828245610456544	0.0026887865943193224	0.002781503373433782	0.002900710660866658	0.0031258799815732023	0.003377539810598164	0.003695425910419167	0.004000066756080963	0.004331198110061174	0.004741800988996637	0.005033196580499224	0.005470289967753104	0.005907383355006984	0.006437193521375324	0.0070729657210173305	0.0077352284289777555	0.008437226899415805	0.009152470624013063	0.010106128923476074	0.011112768239575918	0.012198879080631015	0.013655857038143948	0.015457211603796301	0.01793407413156829	0.020331465134385024	0.02290104444127147	0.026079905439481507	0.02945744525007967	0.03335154997288697	0.037629767066311305	0.0427689256800842	0.04813325361456364	0.05377573188638645	0.06000100134121444	0.06627925181267925	0.07341844380449263	0.08249144290355044	0.09339228707657903	0.10575010920712054	0.12331331622223099	0.1540820416340723	0.2087187150408073	0.2949320743630953	0.38881443584356506	0.4688422614735027	0.5317704639839023	0.584738235366577	0.631560208819379	0.6736271360290251
209083_HY55YBGXT_TCDM_1_E07_A27_1_1_o_CGCCTG_S53_R1_001 - illumina_universal_adapter	0.0013175619651663876	0.002105070266185378	0.0023776692934611822	0.002619979539928564	0.0029834449096296364	0.0033317658889264975	0.004119274189945488	0.00504308200460238	0.005724579572791891	0.007087574709170913	0.008874612776867852	0.011494592316796417	0.015704732849167173	0.01735547140322621	0.019097076299710514	0.021247579737108526	0.02330721683208127	0.026184651008881427	0.029864737877104787	0.035755905744343	0.040511244331265364	0.045266582918187734	0.05026423175157748	0.055716212297093566	0.061213626013822284	0.06746825925076157	0.07276879589223555	0.07793303302007162	0.0831124145383119	0.08953363606969751	0.09634861175159262	0.10113423911932341	0.10643477576079738	0.11211392216237664	0.11683897196849058	0.12262412910289931	0.12877275160700913	0.13704158876770853	0.14687029814004168	0.15800142508713705	0.1722371520670957	0.18719980978645653	0.20226847823864683	0.21789748913579293	0.23588902493599603	0.26072582519890264	0.28580493570827664	0.31100520134088433	0.33264653522850235	0.3562414954782636	0.3827290342952293	0.41389618974709624	0.44595686423281167	0.4817884919291757	0.5217545382058895	0.5671574206377151	0.6028376044300371	0.6340047598819041	0.6677010285312743	0.7144820504898831	0.7583553494908835	0.7979124972266836	0.8392415386397762	0.8772842473351552	0.9210969687745386	0.9665907175487896	1.0138715043907374	1.0638328483342305	1.1072518156231046	1.146475786770012	1.189182967709888	1.2360548560109221	1.284259450667527	1.333569585823639	1.3794722331388036
209083_HY55YBGXT_TCDM_1_E07_A27_1_1_o_CGCCTG_S53_R1_001 - polya	0.005239959079857128	0.015841032362805076	0.02486708904371504	0.039526858954991625	0.06677161729216785	0.10591986648705419	0.15492711383508212	0.20541851144272277	0.25406229342104963	0.2990714217023658	0.34315674216902503	0.39366328416706986	0.4535593482157258	0.5024000072693074	0.5500442594809563	0.5980519770623063	0.6501789688336018	0.7057891703978658	0.7609450402500036	0.8188571891557078	0.8836297469145198	0.953869429609252	1.0306666333490078	1.1124614859221533	1.1946198038649998	1.278459149142714	1.3655696827477377	1.456239148097751	1.55448080864987	1.6565388555838503	1.767365504561869	1.8870667663167555	2.023911478009209	2.186259343142355	2.3438670140789823	2.518602990562773	2.701971269576964	2.888595592528061	3.0968612493667753	3.3089735813681593	3.534867308637376	3.7726796711547066	4.031148982183382	4.307397807546601	4.613102472246012	4.9530788924301525	5.295039227757244	5.652749729104717	6.0302388043200885	6.423129724576544	6.84662745783991	7.284678950281724	7.7450532741793445	8.23568609010458	8.775477597281885	9.33810684518874	9.932084981232315	10.561485846431339	11.233760480864683	11.929418054082133	12.61720054428939	13.327957074739839	14.030581067543224	14.780864456948663	15.611609992571676	16.45915065715296	17.354744472486807	18.241630263338234	19.12571434196488	20.04768968538286	21.01279625267204	21.929319615544504	22.81670517127927	23.669849260310112	24.538198317306783
209083_HY55YBGXT_TCDM_1_E07_A27_1_1_o_CGCCTG_S53_R1_001 - polyg	0.0	0.0	1.5144390404211352e-05	0.00010601073282947947	0.0009692409858695265	0.0019233375813348418	0.001938481971739053	0.001938481971739053	0.001938481971739053	0.001938481971739053	0.001938481971739053	0.001938481971739053	0.001938481971739053	0.0019536263621432646	0.0019687707525474756	0.0019990595333558986	0.0019990595333558986	0.0019990595333558986	0.0019990595333558986	0.002029348314164321	0.002059637094972744	0.002074781485376955	0.002120214656589589	0.002150503437398012	0.0021807922182064347	0.0022262253894190687	0.002286802951035914	0.0023019473414401257	0.0023019473414401257	0.0024231024646738162	0.0025594019783117183	0.0026805571015454093	0.0028168566151833114	0.0030288780808422704	0.0032106107656928065	0.0034226322313517655	0.003710375649031781	0.003967830285903374	0.004316151265200236	0.00458875029247604	0.0050885151758150145	0.005588280059153989	0.0063152107985561335	0.007072430318766702	0.007844794229381481	0.008723168872825739	0.009601543516269998	0.010585928892543735	0.011721758172859587	0.012797009891558592	0.014311448931979727	0.015871321143613497	0.017446337745651477	0.019536263621432643	0.021777633401255925	0.024367324160376066	0.02763851248768572	0.031772931068035415	0.037527799421635734	0.04490311754848666	0.05573135668749778	0.06986107293462697	0.08571724968783626	0.1031181542622751	0.12159431055541295	0.14381113127839099	0.17431193355247265	0.2202297252580415	0.2884249152482052	0.3697805804996286	0.449061464265675	0.5206641420967862	0.588071823785931	0.6545254088796104	0.7168142866121318
209084_HY55YBGXT_TCDM_1_F07_X5_31_1_i_AATGAA_S54_R1_001 - illumina_universal_adapter	0.0027136799161970176	0.004304947720459144	0.004944296391814462	0.005612060559674461	0.006180370489768077	0.006919173398889778	0.00801317001431999	0.008794596168198712	0.009931216028385944	0.011309367608862964	0.013397906601957004	0.015997924532135298	0.01996188629453827	0.021894140056856567	0.02381218607092252	0.025375038378679965	0.028046095050119964	0.031853771581747195	0.03675544472880463	0.04377407236546079	0.049371925176882915	0.05549546467364163	0.062485676813793106	0.06927698047841183	0.07638085460458202	0.08345631323424756	0.09037548663313733	0.0964848183816437	0.10303459032597263	0.11028054193466624	0.11749807804685516	0.1249287303828292	0.13147850232715813	0.1394490490967211	0.14747642685929344	0.15602949130720234	0.1644546860208402	0.17526678244087127	0.1882242488470057	0.20190631041400953	0.21696652356149035	0.23285078610760693	0.24849351693343372	0.2641646632557652	0.28141286963410644	0.30229825956504686	0.32358146644705277	0.34652697987458253	0.37019708846298166	0.3971207714011667	0.4282073245772875	0.4616807794598015	0.4947280018947453	0.5290539216723997	0.5633372182052971	0.5987997578431388	0.6325289521941949	0.6632176884192502	0.6947304740429412	0.7281897211772028	0.7628566269129134	0.7963584972919322	0.8303150156150257	0.8660332947214096	0.9059144440657291	0.9465486040674226	0.9856057040131063	1.0284704804904174	1.0698860666459897	1.1108327971092347	1.1529303551809194	1.1976563466792869	1.2426238698979444	1.2877903015921344	1.3278561516637344
209084_HY55YBGXT_TCDM_1_F07_X5_31_1_i_AATGAA_S54_R1_001 - polya	0.010343240727703816	0.030148841791466343	0.0459904810928259	0.07355351270236629	0.12268390615895941	0.19164831617581976	0.2788554749486852	0.36978506376366377	0.4581572578932211	0.5374791163860376	0.6145419429067319	0.6987228513018489	0.798731191250073	0.8839776807641154	0.964762937326923	1.0450082994561416	1.1263192427042859	1.214393074120544	1.3030352154668958	1.3973462483659314	1.50272511715354	1.612281063927337	1.7335157797645577	1.8520794389303383	1.969506478235932	2.0917925674438256	2.207329976231858	2.3265898150620035	2.4621885643823402	2.6025327016189586	2.7567436011498616	2.916239783030635	3.098724101583695	3.3314612257052834	3.5422473787770055	3.766857670898255	3.999836326740133	4.228723151085337	4.4817489397112675	4.72725882951171	4.978551272850854	5.253826395239949	5.5430535264128435	5.858849146817613	6.208160845349655	6.639834860500513	7.055596197608751	7.4740001758919234	7.912195547490606	8.374757207342054	8.861429415977721	9.355773808669653	9.872353327376498	10.428274100994074	11.02802577797012	11.65646289866764	12.319723210331647	13.000771622807585	13.764352844881367	14.575629477838257	15.38449079359225	16.25126289122278	17.09575723959364	18.01258323431717	19.021248113743823	20.043793963213012	21.1130548889359	22.163192185511136	23.218430063708965	24.322201609936787	25.422023402150458	26.41416467035964	27.34588038525162	28.22303834685461	29.130487227731592
209084_HY55YBGXT_TCDM_1_F07_X5_31_1_i_AATGAA_S54_R1_001 - polyg	0.0	0.0	2.8415496504680812e-05	0.00011366198601872325	0.0010087501259161689	0.001818591776299572	0.001818591776299572	0.0018327995245519125	0.0018612150210565934	0.0018754227693089337	0.0018896305175612742	0.0019180460140659549	0.0019322537623182954	0.0019322537623182954	0.001960669258822976	0.0019748770070753163	0.001989084755327657	0.001989084755327657	0.002045915748337019	0.0020743312448416994	0.0020743312448416994	0.00210274674134638	0.002116954489598721	0.002173785482608082	0.002301655216879146	0.0023584862098885075	0.0024863559441595713	0.0026284334266829753	0.002685264419692337	0.0028557573987204217	0.003083081370757868	0.0032961975945429746	0.0034808983218233996	0.0037224300421131867	0.003935546265898293	0.00416287023793574	0.004574894937253611	0.005015335133076164	0.005512606321908078	0.0059246310212259495	0.00662081068559063	0.007203328363936586	0.008169455245095734	0.00907875113324552	0.010186955496928071	0.01119570562284424	0.012673311441087643	0.0146623961964153	0.01706350565106083	0.01950723835046338	0.022149879525398694	0.025204545399651883	0.028145549287886346	0.030958683441849745	0.0342122577916357	0.03794889558200123	0.042296466547217394	0.04724076293903185	0.05350637991831397	0.061263810464091836	0.06985949815675778	0.08182242218522841	0.09853073412998072	0.11955820154344453	0.14605565203405937	0.17739794467872233	0.2217687424707814	0.2975812871452698	0.4215580983951922	0.5656957044151857	0.7004846120851391	0.8184373380760691	0.9248675802343511	1.0226737192034625	1.1149672518506657
209085_HY55YBGXT_TCDM_1_G07_X11_57_1_i_ACAACG_S55_R1_001 - illumina_universal_adapter	0.0023169193896547834	0.0034038692267767804	0.004118967803830726	0.004676744693932804	0.005220219612493802	0.005835204388760195	0.006979362112046508	0.007723064632182611	0.008624088839270582	0.009768246562556895	0.01154169103365068	0.013858610423305462	0.017620028938609218	0.019207547779668974	0.02070925479148226	0.022225263774836624	0.02389859444514286	0.026301325664044115	0.029218927858424212	0.03366684100769975	0.03772860092536616	0.041961984501525516	0.04656721933775293	0.05170162712100026	0.056063728441029324	0.06058315144801026	0.06554593557276464	0.07009396252282774	0.07424153426974062	0.07884676910596802	0.08335189014140788	0.08792852103455313	0.09199028095221955	0.09705317887776148	0.10220188863254989	0.10760803387507771	0.11352905009308438	0.12099467923752757	0.12950435230446952	0.13904376732236914	0.15009919132362315	0.16178390207268462	0.17296804381780834	0.18422369542063743	0.19758173684000513	0.21244148527118611	0.22785901059246919	0.2447353370109423	0.26368544930287185	0.28469504549671676	0.3082646945964148	0.33439439660196596	0.36113908338378353	0.38598160795063763	0.4122543296715996	0.43781195281550755	0.4626830813254438	0.4865387698559634	0.511295482593571	0.5358090618149802	0.5601939232925198	0.5862235114972835	0.6130683120798885	0.6413576117881427	0.6716634894836888	0.7020694809800225	0.7334480065411497	0.7680730796421017	0.8033703454054845	0.8387105170834904	0.8753092622571114	0.9102775826750493	0.9473911988241491	0.9844476070870846	1.0162122858798208
209085_HY55YBGXT_TCDM_1_G07_X11_57_1_i_ACAACG_S55_R1_001 - polya	0.007422723229819954	0.0185782610318615	0.028546735195993503	0.04706778834169069	0.08276550930822364	0.13445283445768283	0.19942669116880432	0.2641288104206453	0.3295174243064581	0.38792667608022435	0.4441906321228288	0.5032005667013203	0.5751823894675705	0.6369669065250314	0.6940174710023952	0.7528700838939348	0.8143113536344099	0.8803721601826533	0.9443877848005225	1.0166699489691353	1.0902678945195274	1.1696152326294331	1.2630214087642195	1.3578434800815726	1.4569847468043318	1.5600876596439697	1.6577844272410796	1.761530928800066	1.880237292591021	2.002933906441937	2.1389313538260564	2.282566054013112	2.441174918403677	2.651099256683633	2.835723407307421	3.0331049165458506	3.2358496651121853	3.433216872379074	3.656642271793809	3.8655082641797254	4.089362722740693	4.324944797965344	4.572068564223647	4.846237358666129	5.150554709117206	5.518530134897626	5.875535948506037	6.2452848187575505	6.634498672276472	7.049684906113993	7.507462411200846	7.972805659232931	8.456155089435233	8.989632929889018	9.57382556142747	10.193901839562486	10.854867454333448	11.552145774847208	12.341342866455484	13.177035667543807	14.00081492633841	14.886121266702736	15.71506353722367	16.650526891782558	17.706040995457265	18.758380061449852	19.873576292365478	20.959067328390287	22.0237060899082	23.17419958658721	24.393700095951928	25.50074420308914	26.5342046666475	27.493781145224652	28.48583740117159
209085_HY55YBGXT_TCDM_1_G07_X11_57_1_i_ACAACG_S55_R1_001 - polyg	0.0	0.0	1.430197154107891e-05	0.00011441577232863127	0.0010583458940398394	0.001887860243422416	0.001902162214963495	0.001902162214963495	0.001902162214963495	0.001902162214963495	0.001902162214963495	0.001902162214963495	0.0019307661580456527	0.0019307661580456527	0.0019307661580456527	0.0019736720726688897	0.0020022760157510475	0.0020022760157510475	0.0020308799588332053	0.002059483901915363	0.002059483901915363	0.002073785873456442	0.002088087844997521	0.0021166917880796787	0.0021595977027029155	0.002216805588867231	0.0023455233327369413	0.0024456371335244936	0.0025028450196888092	0.0026172607920174405	0.0027745824789693085	0.002860394308215782	0.002974810080544413	0.003175037682119518	0.003289453454448149	0.003475379084482175	0.003618398799892964	0.003975948088419937	0.004261987519241515	0.004676744693932804	0.005234521584034881	0.005820902417219116	0.006721926624307087	0.007594346888312901	0.008552578981565188	0.009696736704851501	0.010697874712727025	0.012027958066047362	0.01338664536244986	0.015031372089673934	0.016862024446932033	0.018535355117238268	0.021066804080009233	0.023555347128156965	0.026229815806338718	0.029319041659211766	0.03276581680061178	0.03578353279577943	0.03998831242885663	0.044707963037412674	0.05127256797476789	0.060926398764996156	0.07328330217648833	0.0872706303436635	0.10221619060409097	0.12160966401379397	0.15456140644443978	0.21194091626724837	0.30594777520676003	0.4093081235341373	0.5004545881654332	0.5711206295499041	0.6313891376240106	0.686752069459527	0.7375812763165215
209086_HY55YBGXT_TCDM_1_H07_X2_45_2_i_ATATCC_S56_R1_001 - illumina_universal_adapter	0.005282366801280809	0.007743291394162373	0.009357783324524164	0.010862552502337095	0.012241924248665615	0.013699669389671891	0.01562765489874471	0.017492941692075322	0.01871556664904833	0.020674901515992248	0.02365309051374701	0.026615604832566215	0.03033050374029189	0.03288547640678676	0.03540909971541053	0.038120819171260915	0.0413811523898556	0.04531549680267899	0.05051949020928204	0.05780821591431343	0.06581797685038017	0.07506603742235547	0.08581886717214371	0.09649332352725419	0.10655646740387817	0.1167606833909221	0.12668275515712613	0.13593081572910143	0.14622907978975866	0.15696623486061134	0.16865954534653266	0.1794750738120631	0.18955389236762263	0.20201526212138596	0.21458635462769815	0.2271731218129459	0.24121763413919992	0.2570804092219779	0.2758900239446395	0.2951385296774966	0.3170987548662041	0.33836929418174727	0.3602824953336481	0.381317914465158	0.40409322295851413	0.43342054724693074	0.46303001575618724	0.49607223895232955	0.5276567170074655	0.5652759464527888	0.6064846773743533	0.6510477895881258	0.6922721951886259	0.7355499837296833	0.7779343155714141	0.8237357274210952	0.8664805768783438	0.9066861283480331	0.9475186669751443	0.9927401157042101	1.0378361670017913	1.0813020516900753	1.1244701174785836	1.1675598098724145	1.212608837133189	1.262783484405889	1.3136478175517532	1.3695593973148648	1.4223673906487373	1.4746894689356078	1.5291119541998421	1.585195955431245	1.644070049513176	1.7033673599263666	1.7547019334402973
209086_HY55YBGXT_TCDM_1_H07_X2_45_2_i_ATATCC_S56_R1_001 - polya	0.005015897259376436	0.017978856739077412	0.03117693640281166	0.05852925114534879	0.11756009201663523	0.2095077586525795	0.32642518883285715	0.44480036415414104	0.5603854466248968	0.6624746305321428	0.7602689524110477	0.8707127401909427	1.0001699135196613	1.1134978422236976	1.2207439955007402	1.332723901816319	1.4571808525645968	1.581167562944808	1.7097312795742006	1.8437811338310357	1.988489769764046	2.130847203856723	2.2957448262587237	2.4492469570745783	2.6018086071543	2.7569722539373225	2.906634088413967	3.060794555745115	3.2424170605713485	3.429463004309283	3.6312744956045067	3.8473342700521465	4.0854953417989135	4.381668400286157	4.649235169716019	4.927774214400767	5.216172632135976	5.504053785466312	5.8204785291382874	6.12997506472075	6.4495190695009	6.789926071944269	7.137841245597766	7.517231174553852	7.924616080088832	8.369871009932103	8.813025532798012	9.276949005253526	9.775544867514478	10.306101400125021	10.880343262928946	11.481780693686051	12.109379163586592	12.786870136538994	13.52078995365938	14.294319684449903	15.11297681589588	15.972717280831937	16.914483340637734	17.907615323315333	18.87008763399499	19.897703910330804	20.904629610471687	22.011653810295005	23.250392337213757	24.52425781962708	25.859709115578184	27.179611130025222	28.483462273242257	29.845654571457413	31.24463534113431	32.571340166239374	33.819170006940745	35.02055577395608	36.23686383531806
209086_HY55YBGXT_TCDM_1_H07_X2_45_2_i_ATATCC_S56_R1_001 - polyg	0.0	0.0	1.5674678935551364e-05	6.269871574220546e-05	0.0011912755991019036	0.002037708261621677	0.0020533829405572288	0.00206905761949278	0.0020847322984283313	0.0020847322984283313	0.0020847322984283313	0.0020847322984283313	0.0020847322984283313	0.0021004069773638825	0.0021004069773638825	0.0021004069773638825	0.0021317563352349854	0.0021317563352349854	0.0021474310141705367	0.002163105693106088	0.002194455050977191	0.002194455050977191	0.002210129729912742	0.002241479087783845	0.0023198524824616018	0.0024295752350104614	0.0025549726664948723	0.0027273941347859374	0.0028371168873347966	0.0030408877134969646	0.0031819598239169267	0.0033073572554013376	0.0035581521183701594	0.003950019091758943	0.0041694645968566625	0.004388910101954382	0.004671054322794306	0.005125620011925296	0.005595860379991837	0.0060347513901872745	0.0068968587316425994	0.0076335686416135135	0.008417302588391082	0.00920103653516865	0.009953421124075115	0.010831203144465992	0.012147876175052306	0.013762368105414096	0.015329835998969234	0.01713242407655764	0.01932687912753483	0.021537008857447575	0.023747138587360314	0.026599930153630665	0.029468396398836562	0.03241523603872022	0.036161484304316996	0.0401898767907537	0.04512740065545237	0.05051949020928204	0.05627209737862939	0.06315328143133644	0.07277753429776498	0.08641450497169466	0.10182271436534165	0.12373591551724246	0.16850279855717715	0.2519547892100526	0.3996572888197531	0.5718749862846559	0.7275245481146809	0.8470596496771957	0.9507790001937391	1.041582415267388	1.1229496736218352
209087_HY55YBGXT_TCDM_1_A08_X2_45_2_o_AGTACT_S57_R1_001 - illumina_universal_adapter	0.0017089981283305684	0.0027976932323041156	0.0035192702198214667	0.004190210225758653	0.004607965323795014	0.005139653630386746	0.005797934390928891	0.006519511378446243	0.007127155157408222	0.007772776672555326	0.00883615328573879	0.010633766131834647	0.013444118609533805	0.014785998621408177	0.01634308580499825	0.017925491479378407	0.019849696779424674	0.022406864349223007	0.025381787017057702	0.02947072327965602	0.034268577284376656	0.039471527141738606	0.04575051285767907	0.051801632156508785	0.05823252881718974	0.06566350586407894	0.07200578780699461	0.07827211427754004	0.08436121131255488	0.09184282534102425	0.09953964654120932	0.10591990622031011	0.1114393372125481	0.11830064821666045	0.12483281884050174	0.13193465550711989	0.14025177973166197	0.15064502020099083	0.16298778446115605	0.1776092128924287	0.19529417870930132	0.21282723358143343	0.23130973185819367	0.24919724560138695	0.2695279937058232	0.298011295844666	0.32703894553549556	0.3556361808828937	0.3818281596052341	0.4085391673887711	0.4405923767290156	0.47930434914705167	0.5115601064136168	0.5464869644585356	0.585907854618694	0.632215374273755	0.6664966108035266	0.6964230669174041	0.7283750022944883	0.7696821200185078	0.8073433750687555	0.8432576542544875	0.8797415994829965	0.9151368496075317	0.9532032005104207	0.9943584072896998	1.0364630574736071	1.0814540156075836	1.1213432978473585	1.158295635155484	1.197210155499841	1.2373906003837016	1.2821790105913577	1.3298790472398732	1.3742876800856778
209087_HY55YBGXT_TCDM_1_A08_X2_45_2_o_AGTACT_S57_R1_001 - polya	0.0049244464586710454	0.01300104502070736	0.022811960201864327	0.040028533939120425	0.0768795972840855	0.13071936794919592	0.19939577421729468	0.26886971294528106	0.33491299617121123	0.39442410877330014	0.45528976063265847	0.5233838416125853	0.6037700498710973	0.6733072848260588	0.7362237344394138	0.8023936101192944	0.8702978024182957	0.9456582902549762	1.0219302437600997	1.1020379486199208	1.1832470078291104	1.2735327459865444	1.3785538457838067	1.4772200043927581	1.5775698426392502	1.6775019257877057	1.7726741326676259	1.8735176814845245	1.987602800984636	2.107030122041455	2.237749489990651	2.370000626632647	2.525861255936395	2.7280800418767837	2.916247065428677	3.1065028644707517	3.300303252223438	3.4909261693819693	3.6994239410382987	3.8988450337463836	4.103279187630904	4.322828480517105	4.539466146962446	4.776345946794457	5.0338349981295964	5.318503449327889	5.611476365505329	5.9256535177194625	6.260123440301847	6.618633269889415	7.011601565442286	7.406392792332042	7.810235379679253	8.248156655629915	8.724169600974255	9.232691488493062	9.777659343504194	10.35079401951929	10.993060834636708	11.674963747086	12.370475348334962	13.116522657200926	13.838314851889994	14.647303928860104	15.564175095086757	16.472703818598077	17.435515386363335	18.39438992881073	19.36415142229787	20.409450633057215	21.454167518528386	22.414789036840304	23.318735113518617	24.171107424457535	25.04077226460608
209087_HY55YBGXT_TCDM_1_A08_X2_45_2_o_AGTACT_S57_R1_001 - polyg	0.0	0.0	2.5318490790082495e-05	7.595547237024748e-05	0.0008734879322578461	0.0017596351099107334	0.0017596351099107334	0.0017722943553057746	0.0017849536007008158	0.001797612846095857	0.0018102720914908983	0.0018102720914908983	0.0018229313368859396	0.0018355905822809808	0.0018735683184661046	0.0018862275638611458	0.0019242053000462695	0.001949523790836352	0.0019621830362313935	0.001987501527021476	0.0020254792632065995	0.0020254792632065995	0.0020254792632065995	0.002088775490181806	0.002152071717157012	0.0022786641711074244	0.0023925973796627958	0.0025571675697983317	0.0026584415329586617	0.002810352477699157	0.002974922667834693	0.0031015151217851054	0.0033040630481057653	0.0035699072014016317	0.0038104328639074155	0.004088936262598323	0.004494032115239643	0.0050004019310412925	0.005430816274472695	0.006000482317249551	0.0068486517587173145	0.007722139690975161	0.008886790267318955	0.009861552162737132	0.010912269530525555	0.012152875579239598	0.013342844646373475	0.015115139001679248	0.017039344301725518	0.0193053492274379	0.02203974623276681	0.024698187765725473	0.028154161758571734	0.03224309802117006	0.03647128598311383	0.041648917349685705	0.04849756910840302	0.0582831657987699	0.07075252251288552	0.08433589282176479	0.09915986917935808	0.11599666555476294	0.13628943592301407	0.15948117348672963	0.18517944163866337	0.21457420944594913	0.25521038716403155	0.32007636056822286	0.41908431880284047	0.5276120295745291	0.6328863142796921	0.7262355898227263	0.8132046056866596	0.8986924898393731	0.9768000339267776
209088_HY55YBGXT_TCDM_1_B08_X2_45_1_i_ATAAGA_S58_R1_001 - illumina_universal_adapter	0.002632783715355126	0.003936986759535675	0.004704882009847586	0.0052899450577042805	0.005960329800040077	0.006740413863849003	0.007727707757107175	0.008519980634413116	0.009373197579204129	0.01038486909945633	0.011737827397624936	0.013541771795183078	0.016235499578023276	0.017381248046742636	0.018502618888467968	0.0197093114246724	0.020964759214864893	0.022963724628375266	0.025633074784221433	0.029545683916763082	0.03326327203335249	0.03691991608245684	0.04146634351684323	0.04586650518926546	0.050217911607699624	0.05428897531570246	0.05810407394026799	0.061273165449491754	0.06467384441515879	0.06909838371457504	0.07330352437104504	0.0776549307894792	0.08160410636251189	0.08605302328892217	0.0910504368226981	0.09621849374543225	0.10137436185466936	0.10795632114305719	0.1160618821185718	0.12396023326463718	0.1334065637248234	0.14246285215310514	0.15138506363291973	0.16075826121212386	0.17042399031525635	0.18186928618895293	0.1936314912135719	0.20731952877071916	0.22222644767756786	0.23887636691448963	0.2591341749465277	0.2799648572129254	0.3008564835468082	0.32246724987701486	0.34546754094588117	0.36890662930064	0.39060271732532575	0.4123475606039996	0.434579956422554	0.4589453946030859	0.4816531541480239	0.5043609136929619	0.528884806448955	0.5548226015706017	0.5824302641413396	0.6128779202568817	0.6429721007810104	0.6775273870450464	0.7130090231348556	0.7482468829547244	0.7863491139463916	0.8257799256092334	0.8679288426819095	0.9110284872073526	0.9488625643020856
209088_HY55YBGXT_TCDM_1_B08_X2_45_1_i_ATAAGA_S58_R1_001 - polya	0.006106595562004251	0.014017135521566642	0.02273213717193199	0.038553217091056774	0.06792825761886165	0.11119854553326303	0.16526812220601922	0.22206799310210668	0.27478461147669425	0.324246816647579	0.3707349513251922	0.4215866812347366	0.4843712595578581	0.5365881365790681	0.5880371183499662	0.6400345967282299	0.6980411601605218	0.754585065973172	0.8140299093981115	0.8772654738206226	0.9459981931302872	1.0153403531148026	1.0916301367926162	1.1661647313268597	1.2403702278966837	1.3167331444554793	1.3916212145811362	1.4717992297644975	1.5617039181184762	1.6554115162835235	1.759382095413057	1.8692520602751455	1.9938826782821184	2.148534343932238	2.300370393664547	2.4608361233527427	2.628627329952644	2.7999167260261886	2.9835290125452145	3.1660808722900002	3.3591516780827093	3.565678933976123	3.7826154365959863	4.02278381774116	4.285574636736792	4.582932930809957	4.8811200642009185	5.200308523247236	5.540400797440935	5.9165963372127885	6.3363546964229736	6.769496372852879	7.2275397952571865	7.7339728072446405	8.293792822349019	8.899186811118733	9.542975562404044	10.247842458122893	11.022624388060619	11.84073754998023	12.650745150924326	13.491127275102983	14.31338463361158	15.21425983917592	16.22947830415575	17.28983194551503	18.42994918239877	19.58553402361022	20.736779647216732	21.9241407252149	23.132186219717504	24.2737051701534	25.35947248765395	26.392133144748012	27.464334312826384
209088_HY55YBGXT_TCDM_1_B08_X2_45_1_i_ATAAGA_S58_R1_001 - polyg	0.0	0.0	7.313288098208683e-05	0.00023158745644327497	0.0016211121951029248	0.003047203374253618	0.003047203374253618	0.003047203374253618	0.0030837698147446616	0.003095958628241676	0.0031325250687327193	0.0031325250687327193	0.0031325250687327193	0.0031447138822297336	0.0031447138822297336	0.0031690915092237627	0.003181280322720777	0.003181280322720777	0.003181280322720777	0.0032178467632118205	0.0032300355767088352	0.0032300355767088352	0.0032300355767088352	0.0032422243902058496	0.003278790830696893	0.003364112525175994	0.0034250565926610666	0.0034981894736431534	0.0035835111681222546	0.0036322664221103127	0.0037053993030923995	0.003839476251559559	0.003949175573032689	0.004071063708002834	0.004229518283464022	0.00438797285892521	0.004704882009847586	0.005107112855249064	0.007642386062628074	0.011591561635660762	0.015467604327711364	0.018136954483557535	0.02041626260749924	0.02267119310444692	0.026851956133922883	0.034713740839497215	0.04207578419169396	0.054276786502205444	0.06502732000657221	0.07461991622872259	0.08431002295884911	0.09124545783865033	0.09659634696383969	0.10091118694178282	0.10509194997125877	0.1088217269013452	0.11299030111732415	0.11712230889281205	0.12300950581187005	0.13173669627573242	0.1463754612856468	0.16559722017043862	0.19024300106140188	0.22195829378063353	0.2571230207195203	0.29390885985350995	0.3351314271004129	0.39137061257563766	0.4858582948044939	0.6103182694225087	0.737837636228274	0.8492312027774893	0.9439504724627887	1.030003495751711	1.1051840974012963
209089_HY55YBGXT_TCDM_1_C08_X2_45_3_o_GGTGAG_S59_R1_001 - illumina_universal_adapter	0.002070179869056623	0.0032145650140630792	0.003896052797044452	0.004461816239519554	0.005091870982275917	0.005696209204919776	0.00644198828818241	0.007522082132907605	0.009283663760614172	0.010736647146970684	0.011945323592258401	0.013848346080583744	0.016612871992677993	0.01787298147819072	0.019030224883253427	0.020470350009553686	0.02200048295624771	0.02419924542586686	0.026950913077904856	0.030795532834724297	0.03442156217058745	0.038394764527969416	0.04295944684793899	0.04790987696959613	0.052667433190409486	0.057605005052010376	0.06177108131023613	0.06605288190896814	0.07045040684820644	0.07522082132907605	0.08031269231135196	0.08534027199334662	0.0897120804124724	0.09475251835452332	0.10032014495888057	0.10644067674565667	0.11303696415451411	0.12022473152595915	0.12968841092736086	0.13917780684887507	0.1501459026768583	0.16113971502495403	0.17236497605406229	0.18297304060047045	0.19552270241537273	0.21047685886079417	0.22557245616683438	0.2418252968779373	0.25918394795387795	0.27759697635443126	0.3014490487587793	0.3279370644746591	0.3541679149894138	0.3816203002095125	0.4092784175905112	0.43693653497150997	0.464813242773465	0.491314116749401	0.5175449672641558	0.545434533326167	0.5741598862918347	0.6030138218580648	0.6333721738508766	0.6651192179297636	0.6992707566391697	0.7343609483326823	0.7715213198952515	0.8123462955738526	0.8508182096621595	0.8897915958926603	0.92983221770783	0.9713772559495812	1.0137452228349326	1.0574247322460217	1.0949579933502223
209089_HY55YBGXT_TCDM_1_C08_X2_45_3_o_GGTGAG_S59_R1_001 - polya	0.007419216052457586	0.018798776202240887	0.02959971464949283	0.048115609130496166	0.08544313807379664	0.13669616265801837	0.19860868482887328	0.265047314539529	0.32959578002191564	0.38856376063988873	0.45219928965828143	0.5260442771613385	0.6121174699778915	0.6851909618775734	0.7558085261065112	0.8282005302232117	0.9039613984746503	0.9858942315530901	1.0698072366801927	1.156973381601527	1.2461196985715244	1.3399464222019977	1.4417581253274034	1.5440970171151156	1.6463201845623217	1.7490191076316088	1.8511651255184771	1.9590202108703216	2.079450674557181	2.1987753278792024	2.3355486400975582	2.475343643429133	2.6372419957974063	2.8415597480912558	3.036915293125897	3.243148926168128	3.462549417507961	3.685074466041464	3.920637790272006	4.153925202472592	4.396843451455311	4.659666287005108	4.93280144712002	5.230534458722542	5.560863159567664	5.950159841030759	6.332268755122409	6.729910447362013	7.151429928526076	7.604863611149757	8.09552195663629	8.594718186800174	9.113407539209335	9.677383683536618	10.295274512279766	10.952048719433023	11.645456109486542	12.38764773819348	13.214871040652417	14.084976640398956	14.955017948845212	15.889041959331381	16.78078801075259	17.759610199274743	18.84610745750795	19.94992479203693	21.124141100373894	22.303667870114086	23.466568909601545	24.696230035301067	25.92592973578076	27.0639114672792	28.149457214268246	29.165645506513865	30.21476380276355
209089_HY55YBGXT_TCDM_1_C08_X2_45_3_o_GGTGAG_S59_R1_001 - polyg	0.0	0.0	1.2858260056252316e-05	9.000782039376621e-05	0.0011058103648376992	0.0017744398877628197	0.0017744398877628197	0.0018001564078753242	0.0018258729279878288	0.0018515894481003336	0.0018644477081565859	0.0018773059682128381	0.0019030224883253427	0.0019287390084378475	0.0019673137886066045	0.0019673137886066045	0.0019673137886066045	0.001993030308719109	0.002031605088887866	0.002031605088887866	0.0020444633489441182	0.002083038129112875	0.0021216129092816323	0.002147329429394137	0.002237337249787903	0.0022887702900129124	0.0023787781104066784	0.0024430694106879402	0.002687376351756734	0.002854533732488014	0.0030988406735568083	0.0032788563143443406	0.003536021515469387	0.0038703362769319473	0.004307517118844526	0.004963288381713394	0.00560620138452601	0.006351980467788644	0.007316349972007568	0.0086021759776328	0.010042301103933058	0.011353843629670795	0.013359732198446156	0.015417053807446526	0.017628674537121924	0.02014889350814738	0.023170584621366674	0.027182361758917396	0.031052698035849344	0.03568167165610018	0.04085069219871361	0.04751127090785231	0.05535480954216622	0.06499850458435545	0.07731671771824518	0.09635980086155485	0.12360645392075352	0.1596867316385975	0.20029311689624232	0.23936936920719312	0.2784070467379752	0.3193477467570825	0.3654060342785783	0.41350878514901823	0.46253733074350833	0.5164777316794867	0.5857708951226305	0.6793533118120348	0.8127191851154839	0.9543657778951594	1.08302552801802	1.1891833230424391	1.2896063340817698	1.386853354887206	1.4749452945325907
209090_HY55YBGXT_TCDM_1_D08_X2_45_3_i_TTCCGC_S60_R1_001 - illumina_universal_adapter	0.0007359881008247623	0.0011215056774472568	0.0012967409395483907	0.0014135644476158133	0.0016121644113304317	0.0019042231814989882	0.0022430113548945136	0.0025467524758698125	0.003060775911366472	0.003831811064611461	0.004918269689638491	0.0064953870485486955	0.008703351351022983	0.009649621766369106	0.010560845129295001	0.011658986105128773	0.012990774097097391	0.014766491419722215	0.016729126355254913	0.019661396407747223	0.022219831234423774	0.024638077851419422	0.02705632446841507	0.029754947504772533	0.032453570541129996	0.034766676000864964	0.03669426388397743	0.038575122363862936	0.04071299256149677	0.04306114507365196	0.045549485795488065	0.04809623827135788	0.05040934373109285	0.05292104915454243	0.05566640159412686	0.058949142170821436	0.062407118009617145	0.06676463486053201	0.07251235145744919	0.07834184451001358	0.08487227861098251	0.09156626562324582	0.09828361733712263	0.10512947490987358	0.11195196778101106	0.11908988412393058	0.12646144748298493	0.1350947047291675	0.14423030306003992	0.15522339516918437	0.1689384750162998	0.18402038990780406	0.1997565164444859	0.21621694873118572	0.23226849873964958	0.24889248393764382	0.26634591604291674	0.28434841863610655	0.30237428593090987	0.3208674472579829	0.33976949086329183	0.35925565200893794	0.3796179894650897	0.4008681855825539	0.42377727551457545	0.44799478873695214	0.47209547845126143	0.4993270381817776	0.526780562577622	0.5564770983283608	0.5869096221799244	0.6182300046928003	0.6505317046734427	0.682926863460539	0.7111397406588215
209090_HY55YBGXT_TCDM_1_D08_X2_45_3_i_TTCCGC_S60_R1_001 - polya	0.01427583268583904	0.026343701069203793	0.03879708702919104	0.05876222455791356	0.093190112385383	0.13607602219693382	0.18150868448435448	0.2277357466266336	0.26927818609540904	0.3191618240401985	0.36857816795271825	0.4269665572848161	0.49474755666553466	0.5523765931951942	0.6082649594546492	0.6644687491858862	0.7234763031107413	0.7856731388058371	0.8521690795978141	0.9218893492124518	1.0008970877184498	1.084823095914086	1.1707818331500957	1.25593448818044	1.3388090848034695	1.421917328442634	1.5054578190616479	1.5896875683782596	1.6740925529569723	1.7591751138824763	1.851383908800093	1.9513848317058067	2.0636288582569864	2.1999151627684412	2.339577666663045	2.4895907333724225	2.6487744454650923	2.8156685090902123	2.9963711113689016	3.183685924204207	3.3789797826405175	3.5915868849724197	3.8202104902603655	4.064850598504355	4.351208381479221	4.698022329878979	5.028773045919466	5.359418620802692	5.7018049582466945	6.0658153270339765	6.449510456930619	6.84798376059779	7.270919906854281	7.7270806588051455	8.221594568454545	8.759520093701799	9.3262893430909	9.93272017346889	10.596195922836204	11.29888932386175	12.011524405423835	12.755806975321384	13.488348782658157	14.278683179435886	15.137709798957257	16.024563778100287	16.985729190725007	17.96351858854772	18.940513586515575	19.945791555786556	20.942891879492812	21.887596859830833	22.80462635110768	23.683606425806968	24.56843935826043
209090_HY55YBGXT_TCDM_1_D08_X2_45_3_i_TTCCGC_S60_R1_001 - polyg	0.0	0.0	1.1682350806742258e-05	0.00011682350806742258	0.0012266468347079372	0.002254693705701256	0.002254693705701256	0.0022780584073147404	0.002289740758121483	0.0023364701613484517	0.0023364701613484517	0.0023715172137686786	0.002406564266188905	0.002441611318609132	0.0024532936694158743	0.0024649760202226163	0.002476658371029359	0.0025000230726428432	0.0025467524758698125	0.002581799528290039	0.0025934818790967814	0.0026285289315170083	0.002675258334743977	0.002710305387164204	0.0027687171411979153	0.0028271288952316266	0.002885540649265338	0.0029673171049125337	0.003072458262173214	0.003212646471854121	0.003306105278308059	0.003446293487988966	0.0037383522581575226	0.003913587520258657	0.004275740395267667	0.0046846226735036455	0.005151916705773336	0.0055724813348160575	0.006086504770312717	0.006834175221944221	0.007897269145357766	0.009007092471998282	0.010303833411546672	0.011775809613196197	0.01376180925034238	0.01608659706088409	0.018820267149661778	0.02239506649652491	0.026635759839372348	0.031483935424170384	0.037021369706566214	0.04350507440430817	0.050210743767378226	0.058435118735324774	0.06689314071940618	0.07644930367932135	0.08757090164733997	0.09988409939764631	0.11261786177699537	0.12753622375720525	0.14413684425358597	0.16336599368148375	0.188237718549038	0.2172333132513723	0.24805135467955838	0.2794067842448546	0.3174445184716074	0.36710619175106873	0.4384035787246167	0.5203669519847204	0.5989424435108689	0.6665248429278728	0.7271796083164787	0.7851240683179203	0.8367366941821075
209091_HY55YBGXT_TCDM_1_E08_X2_45_1_o_GAAGTG_S61_R1_001 - illumina_universal_adapter	0.1709933157158402	0.2746256282708949	0.30053370640965854	0.32126016892066944	0.3368050158039277	0.3523498626871859	0.5026167158920152	0.621793875330328	0.7046997253743718	0.7616974972796517	0.8446033473236956	1.010415047411783	1.1762267474998704	1.2280429037773979	1.3161303694491941	1.4663972226540236	1.5803927664645836	1.66848023213638	1.7617493134359292	1.9171977822685113	2.0260117104513187	2.1814601792839006	2.2850924918389555	2.409451266905021	2.564899735737603	2.855070210891756	3.0260635266075964	3.160785532929167	3.2540546142287163	3.326597233017255	3.4302295455723093	3.4820457018498367	3.559769936266128	3.6064044769159023	3.6944919425876988	3.77221617700399	3.8188507176537643	3.881030105186797	3.9432094927198302	3.9898440333696046	4.072749883413648	4.155655733457692	4.212653505362972	4.2541064303849945	4.3577387429400485	4.451007824239598	4.559821752422406	4.658272449349707	4.6789989118607185	4.7670863775325145	4.849992227576559	4.886263536970827	4.953624540131613	5.020985543292398	5.083164930825431	5.160889165241723	5.197160474635991	5.238613399658013	5.285247940307788	5.404425099746101	5.487330949790144	5.518420643556661	5.565055184206436	5.627234571739469	5.66868749676149	5.710140421783512	5.7775014249442975	5.808591118710814	5.844862428105083	5.886315353127105	5.89667858438261	5.927768278149127	5.9536763562878905	5.995129281309913	6.036582206331934
209091_HY55YBGXT_TCDM_1_E08_X2_45_1_o_GAAGTG_S61_R1_001 - polya	0.010363231255505466	0.03627130939426913	0.0621793875330328	0.0932690812995492	0.18135654697134568	0.3316234001761749	0.6114306440748225	0.8705114254624592	1.0725944349448158	1.3109487538214415	1.5648479195813254	1.8912897041297476	2.279910876211203	2.585626198248614	2.8965231359137777	3.305870770506244	3.668583864448935	3.963935955230841	4.305922586662521	4.647909218094202	4.953624540131613	5.228250168402508	5.559873568578682	5.829317581221825	6.026218975076429	6.192030675164516	6.38893206901912	6.549562153479455	6.829369397378103	7.005544328721696	7.197264106948547	7.43043681019742	7.668791129074045	7.979688066739209	8.233587232499094	8.466759935747966	8.751748795274366	9.000466345406497	9.306181667443909	9.570444064459299	9.855432923985699	10.207782786672885	10.53940618684906	10.871029587025234	11.2803772216177	11.674180009326909	12.047256334525105	12.43587750660656	12.814135447432509	13.135395616353179	13.53438001969014	13.985180579304627	14.461889217057879	14.933416239183378	15.39458003005337	15.897196745945386	16.373905383698638	16.85061402145189	17.332504274832893	17.814394528213896	18.337737706616924	18.866262500647704	19.35851598528421	19.835224623037462	20.51401627027307	21.151354992486656	21.918234105394063	22.550391211979896	23.30172547800404	23.92351935333437	24.66449038810301	25.218923260272554	25.830353904347376	26.46769262656096	27.13093942691331
209091_HY55YBGXT_TCDM_1_E08_X2_45_1_o_GAAGTG_S61_R1_001 - polyg	0.0	0.0	0.0	0.0	0.0	0.0	0.0	0.0	0.0	0.0	0.0	0.0	0.0	0.0	0.0	0.0	0.0	0.0	0.0	0.0	0.0	0.0	0.0	0.0	0.0	0.0	0.005181615627752733	0.010363231255505466	0.010363231255505466	0.010363231255505466	0.010363231255505466	0.010363231255505466	0.010363231255505466	0.010363231255505466	0.0155448468832582	0.0155448468832582	0.0155448468832582	0.025908078138763665	0.025908078138763665	0.0310896937665164	0.0621793875330328	0.077724234416291	0.1399036219493238	0.155448468832582	0.19171977822685113	0.233172703248873	0.2694440126431421	0.31607855329291673	0.3471682470594331	0.38343955645370226	0.46116379086999326	0.523343178403026	0.5907041815638115	0.6528835690968444	0.7357894191408881	0.8031504223016737	0.9275091973677393	1.0311415099227939	1.2176796725218924	1.357583294471216	1.55448468832582	1.766930929063682	1.9327426291517695	2.1710969480283953	2.4405409606715374	2.735893051453443	3.1193326079071455	4.062386652158143	6.264573293953054	8.990103114150992	11.788175553137469	13.928182807399347	15.736566661485051	17.259961656044354	18.322192859733665
209092_HY55YBGXT_TCDM_1_F08_X11_68_1_o_CAATGC_S62_R1_001 - illumina_small_rna_3'_adapter	0.0	0.0	0.0	0.0	0.0	0.0	0.0	0.0	0.0	0.0	0.0	0.0	0.0	0.0	0.0	0.0	0.0	0.0	0.0	0.0	0.0	0.0	0.0	0.0	0.0	0.002934875121063599	0.002934875121063599	0.005869750242127198	0.005869750242127198	0.005869750242127198	0.005869750242127198	0.005869750242127198	0.005869750242127198	0.005869750242127198	0.011739500484254395	0.014674375605317994	0.017609250726381594	0.02054412584744519	0.026413876089572387	0.03521850145276319	0.04108825169489038	0.04989287705808118	0.055762627300208374	0.055762627300208374	0.058697502421271974	0.061632377542335574	0.06456725266339917	0.06456725266339917	0.06750212778446277	0.07337187802658997	0.07337187802658997	0.07337187802658997	0.07630675314765356	0.07924162826871717	0.08511137851084437	0.09098112875297155	0.09391600387403516	0.09391600387403516	0.09391600387403516	0.09978575411616236	0.09978575411616236	0.09978575411616236	0.10272062923722595	0.10859037947935316	0.10859037947935316	0.10859037947935316	0.10859037947935316	0.11152525460041675	0.11152525460041675	0.11446012972148036	0.11446012972148036	0.11446012972148036	0.11446012972148036	0.11446012972148036	0.12032987996360754
209092_HY55YBGXT_TCDM_1_F08_X11_68_1_o_CAATGC_S62_R1_001 - illumina_universal_adapter	0.09978575411616236	0.14674375605317994	0.16141813165849794	0.18489713262700672	0.2025063833533883	0.2318551345640243	0.2758782613799783	0.35805476476975906	0.44023126815953983	0.4930590203386846	0.5869750242127197	0.7571977812344085	1.0330760426143868	1.2062336747571392	1.3881959322630821	1.5818976902532798	1.6904880697326328	1.8929944530860212	2.019194083291756	2.17767733982919	2.377248848061515	2.603234232383412	2.823349866463182	3.0111818742112524	3.2518416341384673	3.7067472779033253	3.926862911983095	4.111760044610102	4.202741173363074	4.367094180142635	4.540251812285387	4.634167816159422	4.704604819064949	4.789716197575793	4.877762451207701	4.965808704839609	5.033310832624072	5.136031461861298	5.244621841340651	5.364951721304259	5.48821647638893	5.632025357321046	5.840401490916562	5.9871452469697415	6.166172629354621	6.395092888797581	6.662166524814369	6.908696034983712	7.040765415431573	7.169899920758372	7.381210929474951	7.5279546855281305	7.6923076923076925	7.8801397000557625	8.114929709740851	8.36732897015232	8.478854224752737	8.584509729111026	8.704839609074634	8.936694743638657	9.098112875297156	9.2477915064714	9.382795762040326	9.503125642003933	9.652804273178177	9.746720277052212	9.846506031168374	9.934552284800281	9.984445161858362	10.037272914037509	10.128254042790479	10.189886420332815	10.266193173480469	10.327825551022803	10.436415930502157
209092_HY55YBGXT_TCDM_1_F08_X11_68_1_o_CAATGC_S62_R1_001 - polya	0.052827752179144774	0.06750212778446277	0.09685087899509875	0.16141813165849794	0.2377248848061515	0.30522701259061424	0.4549056437648578	0.6016493998180378	0.7425234056290905	0.8833974114401433	1.0184016670090688	1.147536172335867	1.3265635547207466	1.4498283098054179	1.6141813165849792	1.740380946790714	1.8783200774807032	2.004519707686438	2.1336542130132363	2.2393097173715257	2.3889883485457695	2.521057728993631	2.6384527338361754	2.8057406157368003	2.931940245942535	3.022921374695507	3.1285768790537962	3.2606462595016583	3.430869016523347	3.545329146244827	3.6597892759663075	3.8124027822616147	3.926862911983095	4.102955419246911	4.249699175300091	4.411117306958589	4.572535438617087	4.7662371966072845	4.992222580929181	5.191794089161506	5.394300472514894	5.6261556070789185	5.8961641182167694	6.221935256654829	6.635752648724797	7.040765415431573	7.301969301206234	7.639479940128547	7.95938132832448	8.311566342852112	8.634402606169107	8.980717870454612	9.353447010829688	9.767264402899656	10.239779297390896	10.697619816276818	11.243506588794647	11.774718985707159	12.244299005077334	12.834208904411117	13.33313767499193	13.85554544654125	14.41023684442227	14.979602617908608	15.637014645026854	16.259208170692336	17.004666451442493	17.764799107797963	18.47797376221642	19.258650544419336	20.033457576380126	20.68206497813518	21.32773750476917	21.9704751562821	22.627887183400347
209092_HY55YBGXT_TCDM_1_F08_X11_68_1_o_CAATGC_S62_R1_001 - polyg	0.0	0.0	0.0	0.0	0.002934875121063599	0.005869750242127198	0.005869750242127198	0.005869750242127198	0.005869750242127198	0.005869750242127198	0.005869750242127198	0.005869750242127198	0.005869750242127198	0.005869750242127198	0.005869750242127198	0.005869750242127198	0.005869750242127198	0.005869750242127198	0.005869750242127198	0.005869750242127198	0.005869750242127198	0.005869750242127198	0.005869750242127198	0.005869750242127198	0.005869750242127198	0.005869750242127198	0.005869750242127198	0.005869750242127198	0.005869750242127198	0.005869750242127198	0.005869750242127198	0.005869750242127198	0.005869750242127198	0.005869750242127198	0.005869750242127198	0.005869750242127198	0.005869750242127198	0.005869750242127198	0.005869750242127198	0.008804625363190797	0.008804625363190797	0.008804625363190797	0.014674375605317994	0.014674375605317994	0.017609250726381594	0.02054412584744519	0.03521850145276319	0.052827752179144774	0.058697502421271974	0.07924162826871717	0.09685087899509875	0.12032987996360754	0.13206938044786196	0.13793913068998914	0.14380888093211633	0.15261350629530712	0.15554838141637073	0.16728788190062513	0.17315763214275232	0.18783200774807032	0.2230505092008335	0.2641387608957239	0.29055263698529626	0.33164088868018665	0.3639245150118862	0.4284917676752854	0.5517565227599566	0.9861180406773692	2.174742464708127	3.827077157866933	5.3972353476359585	6.656296774572242	7.836116573239809	8.84864849000675	9.520734892730314
209093_HY55YBGXT_TCDM_1_G08_X11_68_1_i_ACGTCT_S63_R1_001 - illumina_universal_adapter	0.002247873606446084	0.003722128374310074	0.004320588230571694	0.004816872013813037	0.005342348960774459	0.0060867746356364745	0.007035552456539042	0.007896750786281373	0.008772545697883743	0.010013255155987102	0.012188145853132989	0.014625775023759587	0.018508465798530094	0.02014328296685452	0.021442378752398034	0.023500496794663605	0.025544018255069138	0.028273579062896525	0.03110531594374419	0.0362433127584781	0.040958008699270854	0.04651930638794591	0.052182780149641235	0.058532293258758424	0.0643271362571941	0.07034092798353038	0.07593141883592551	0.08073369426787852	0.08565274235471183	0.09086372207874593	0.09648340609486114	0.1018987379649358	0.1071827005982701	0.11274399828694515	0.11883077292258162	0.12599769461586102	0.13262454278031896	0.14129491240518244	0.15069511112304787	0.16098570133437573	0.17403504551725105	0.1870260033726862	0.20000236464626134	0.2134458165393577	0.22824675054543778	0.24622973939700646	0.2659497214899198	0.2875964523883584	0.3082068259747342	0.33300641855494134	0.36206821303827996	0.39239991014344205	0.4224834653569835	0.4528881453714458	0.4845043416802914	0.5154782883872951	0.5448612076715548	0.5742441269558143	0.6044006650786559	0.6357833160777409	0.6666404901298644	0.6984318454210304	0.7303983596945169	0.7634304244437863	0.7974842499232585	0.8323846771506129	0.8692848360927928	0.9106223559204247	0.951755523602016	0.9937644861952097	1.0372185103925473	1.0816942953200877	1.1304176855688997	1.1794330074549122	1.2211938281564854
209093_HY55YBGXT_TCDM_1_G08_X11_68_1_i_ACGTCT_S63_R1_001 - polya	0.005313155797054381	0.014713354514919823	0.024332501960685857	0.04238847372155473	0.07800413346005113	0.13331058212774083	0.2021334655978271	0.2717153713246354	0.3369183024934319	0.3946477837498882	0.4504797093645393	0.5093185308423586	0.5805498503193514	0.6424831471514989	0.6995411856423934	0.7596353131601761	0.8212182920276827	0.8911943054647121	0.960236137662699	1.032664376852215	1.1081578982323392	1.1918255054540858	1.292366761306038	1.3930831761403104	1.4945878063950253	1.5976396743269041	1.6978160156323554	1.8052760512859662	1.937053992318403	2.0722329369242285	2.2196000273831875	2.3782064858743768	2.5521685484823275	2.7858744206434203	2.992313877889959	3.210941480989631	3.4329846842445515	3.6531595250213877	3.897141390811948	4.1376200769560985	4.385776565158631	4.650573156681607	4.923514640882486	5.2258536409494845	5.557502577391442	5.933977616725581	6.30675972084913	6.700604692596716	7.110316148826165	7.563204294197611	8.055999494374404	8.57496636582625	9.123900019836755	9.723133494936956	10.378709776016912	11.078134189004425	11.824384436598944	12.608425234629106	13.488628313953209	14.42418163169058	15.346174724879976	16.333122607346546	17.274208029608875	18.32923436987067	19.540079221488387	20.761200066735572	22.06479159949198	23.34247419944682	24.603852417463994	25.931192588906686	27.330990192702615	28.625020964340695	29.824991362472684	30.927252241633568	32.050897113219406
209093_HY55YBGXT_TCDM_1_G08_X11_68_1_i_ACGTCT_S63_R1_001 - polyg	0.0	0.0	1.4596581860039507e-05	8.757949116023704e-05	0.000861198329742331	0.001839169314364978	0.0018537658962250174	0.0018829590599450964	0.0018829590599450964	0.0018829590599450964	0.0019121522236651754	0.001926748805525215	0.0019705385511053337	0.0019705385511053337	0.001985135132965373	0.0019997317148254127	0.002014328296685452	0.002014328296685452	0.002014328296685452	0.002014328296685452	0.002014328296685452	0.002014328296685452	0.002043521460405531	0.002043521460405531	0.0020581180422655707	0.002101907787845689	0.0021748906971458867	0.0022624701883061237	0.0023500496794663607	0.0024376291706265977	0.0025544018255069137	0.0027295608078273877	0.0028171402989876247	0.002992299281308099	0.0031528616817685334	0.003284230918508889	0.003619952301289798	0.003809707865470311	0.00414542924825122	0.00443736088545201	0.004816872013813037	0.005488314779374855	0.00621814387237683	0.007006359292818964	0.0077215918039608995	0.008641176461143388	0.009575357700185916	0.010889050067589473	0.012100566361972752	0.01360401429355682	0.015603746008382232	0.017515898232047408	0.019719982092913375	0.02217220784540001	0.024799592580207124	0.028258982481036487	0.03287150234880897	0.041483485646232277	0.05602168117883163	0.0770699522210086	0.0993151429757088	0.12299079875269289	0.14761523235057952	0.17432697715445183	0.20533011702517576	0.2404057032348507	0.2885890199548411	0.3673229825078942	0.48937960002154457	0.6224566368395248	0.7440169705699338	0.8456383734795289	0.9373778904698771	1.0247238363203535	1.1034723954552668
209094_HY55YBGXT_TCDM_1_H08_X11_68_3_i_CAGGAC_S64_R1_001 - illumina_universal_adapter	0.0035046611993951957	0.0052038908718292295	0.005886617079503618	0.0066452017546973835	0.007525159977922151	0.008298916346619792	0.009497480133425941	0.010711215613735966	0.011758062465503361	0.013320746896402518	0.014989633181828802	0.01761433615799923	0.021422431227471932	0.023652670172541603	0.025579475247533765	0.027870400966618938	0.030100639911688605	0.033529442643564424	0.03720099247150225	0.04276900398742449	0.04836735889035448	0.055027732338555735	0.06271978094502051	0.07048768801900467	0.07813422154495782	0.08658485482661638	0.09362452061241451	0.1005124694631739	0.10691492412180928	0.11412147853615005	0.12154043665954507	0.12807943655971532	0.13461843645988558	0.1417339607132031	0.14986598843128027	0.15818007647140395	0.16672173991408573	0.17709917827073643	0.18888758412324755	0.20178352360154156	0.21672764170285874	0.2319296785937418	0.2471772305651365	0.26281924656763195	0.2801453205490575	0.3020987610491651	0.32505353332052844	0.34875171857358167	0.37267747922919303	0.3991065693129438	0.42925272430514405	0.46252424815914256	0.49379310847062957	0.5261239873273879	0.5592437942463476	0.5938655988221911	0.6248613686506084	0.6530352034873048	0.6820434814667143	0.7171811236216896	0.75218222053513	0.7839214033452371	0.8176935930848634	0.851223035728428	0.8851772857901008	0.9247754058352153	0.9650562520880043	1.0082955785740488	1.0487736568423882	1.0870670112461696	1.1289712287038731	1.1724533022859798	1.2169822227198537	1.2629827974236036	1.304204288673633
209094_HY55YBGXT_TCDM_1_H08_X11_68_3_i_CAGGAC_S64_R1_001 - polya	0.005158375791317604	0.014367593748169915	0.025124324442417505	0.04439237519233914	0.08616004740850786	0.1507004315739934	0.23226345585082706	0.3149947005274591	0.397376996253502	0.46684818080774704	0.533285026661217	0.6070498004770587	0.6939229174802487	0.766398097348261	0.8355051612584131	0.907661735562844	0.9849615139650887	1.0659631855822789	1.1494985300146163	1.2370392015319769	1.328054190861725	1.426715713717426	1.5406854753185373	1.6551559028052765	1.767168515944388	1.877375697556538	1.9833196332940994	2.0982755549729624	2.2332277686899333	2.3738541957773536	2.5286509845973932	2.686269708409154	2.8681783135206187	3.1030664723476162	3.3112221072207855	3.528071122471675	3.750048170126875	3.9675950832789426	4.211950378852358	4.447460577113015	4.689449088499826	4.94839955322397	5.215375843811663	5.506733045860085	5.823411804366474	6.168522316499126	6.516348561768971	6.893486518888303	7.291788988445542	7.7202679563819885	8.19723565675682	8.69744639157959	9.221249109800883	9.793555732154068	10.418174353708615	11.08064635055533	11.789194780573315	12.527843850502988	13.363561415470455	14.249466942548741	15.133885643663648	16.0889589214261	17.004494765917457	18.03923460626876	19.219319270387192	20.42395173459489	21.692927350952523	22.929996895871508	24.176306002134353	25.486290706032964	26.854261622503383	28.10542567068747	29.274753604111652	30.355114726829107	31.4622387168874
209094_HY55YBGXT_TCDM_1_H08_X11_68_3_i_CAGGAC_S64_R1_001 - polyg	0.0	0.0	3.034338700775061e-05	9.103016102325183e-05	0.0013502807218449021	0.0022454106385735454	0.0022454106385735454	0.0022605823320774204	0.002275754025581296	0.0023212691060929217	0.0023212691060929217	0.0023667841866045476	0.0023971275736122985	0.0024122992671161735	0.0024122992671161735	0.002427470960620049	0.002427470960620049	0.002427470960620049	0.0024426426541239244	0.0024426426541239244	0.0024426426541239244	0.0024578143476277994	0.0024578143476277994	0.002472986041131675	0.002579187895658802	0.0026853897501859293	0.0027157331371936797	0.0028826217657363083	0.0029584802332556846	0.003125368861798313	0.003216399022821565	0.003337772570852567	0.0034894895058913203	0.003671549827937824	0.003853610149984328	0.004050842165534706	0.004369447729116088	0.005355607806867983	0.006978979011782641	0.008511320055674046	0.009861600777518948	0.0111208513383406	0.012304243431642874	0.013320746896402518	0.014989633181828802	0.018843243331813128	0.023152004286913715	0.02944825709102197	0.03674584166638599	0.045166131561036785	0.052509231216912436	0.0584868784574393	0.06279563941253989	0.06661890617551647	0.07021459753593491	0.07414406615343862	0.07858937235007409	0.08408152539847695	0.09306316795277113	0.10435090791965436	0.11836955271723514	0.1356501116181491	0.16171508105780688	0.1985064378047045	0.2414575021141755	0.28730635988288666	0.3412417302891634	0.4163416131333461	0.5472429846847823	0.708487743243969	0.8659244067336831	1.0030158292347002	1.1218405327570518	1.2334586818650624	1.3353062603565773
209095_HY55YBGXT_TCDM_1_A09_X11_68_3_o_AAGCTC_S65_R1_001 - illumina_universal_adapter	0.006108311468354782	0.00971776824510988	0.011533175499690847	0.012707850782066767	0.013967956994070026	0.015762006516244157	0.018282218940250675	0.02118687054758022	0.024305099478978118	0.02785048305851271	0.033617070808358136	0.04156214726370072	0.053437046481900924	0.06140348066965034	0.06757586533522562	0.075029713945211	0.08182147285058451	0.09021506168647063	0.09884358557883192	0.11101749305072782	0.1258184016086644	0.14126004213880605	0.15875202498000382	0.17585956863787858	0.19382142159202673	0.2162043251543897	0.23540492658813428	0.25484046307835406	0.27058111186219136	0.2918534133393989	0.31419360143694824	0.32991289248837874	0.3461661268499801	0.3628251581273113	0.38104330387034147	0.39844985578191194	0.41824847372304785	0.44300208558256954	0.47213403258549236	0.5048540786327634	0.5468647382770077	0.5893239103017954	0.6359691978783228	0.680201061692878	0.7322498555683346	0.8143916944050217	0.8954015734241464	0.97668910296456	1.0383488764230924	1.1008416014454914	1.1721764276843198	1.2552793644793145	1.3274257845496027	1.4017079778605745	1.4903212096165326	1.5989893521025085	1.6764752052745056	1.7382844828598858	1.8097047400283417	1.9196543464587277	2.0194376722634604	2.1088411401184715	2.199825080171588	2.278699185950029	2.363809749591266	2.4582750000266973	2.553786779350063	2.6527798690557427	2.7271902087611553	2.7889994863465355	2.8577500269641374	2.9345310749667086	3.01549823852102	3.104111470276978	3.1937925886532774
209095_HY55YBGXT_TCDM_1_A09_X11_68_3_o_AAGCTC_S65_R1_001 - polya	0.007347059947951206	0.019414178757812924	0.03438594917500419	0.062215074501110065	0.12430200260777913	0.22652010990689098	0.35906619722370836	0.49319275673863155	0.6234749244203245	0.7360088164719375	0.8501658961864701	0.9748523379775722	1.130101694842855	1.2664067430632755	1.3945958529690985	1.5264157773840836	1.6650274607044422	1.80694959254786	1.9554499059725832	2.1055520493278186	2.261933366010664	2.428395532389535	2.618052196162229	2.8016005484665683	2.983525713107988	3.159577501337528	3.3314218162829214	3.5098656705420272	3.722033384271525	3.9336671546908524	4.159845540879234	4.396275638622896	4.663311366905553	5.004757434893622	5.30957499180397	5.627207188158419	5.94394235975178	6.252647023960172	6.585891722704017	6.913562053289678	7.246870825230744	7.594040765503845	7.9513129132053795	8.326034328283297	8.735632920381578	9.198155973383994	9.642161872389684	10.105859600674478	10.590722841774443	11.111039918669755	11.669096108727944	12.241056182582982	12.837086420860524	13.469958747539856	14.154879868094644	14.878458484305805	15.653317016025774	16.482701838580393	17.387500814263547	18.3297826103207	19.230096462198414	20.17746139856839	21.109448767605446	22.133509321048365	23.316300541738883	24.50616117185606	25.753132378429118	26.959353031569933	28.139154169723493	29.349774515740116	30.551915841991224	31.642356227754586	32.6701543843687	33.635374385030794	34.62432282639688
209095_HY55YBGXT_TCDM_1_A09_X11_68_3_o_AAGCTC_S65_R1_001 - polyg	0.0	0.0	0.0	4.2715464813669806e-05	0.001281463944410094	0.0022425619027176646	0.0022852773675313344	0.0023066350999381693	0.0023066350999381693	0.0023066350999381693	0.0023066350999381693	0.0023066350999381693	0.002327992832345004	0.002327992832345004	0.002327992832345004	0.002327992832345004	0.002327992832345004	0.002327992832345004	0.002349350564751839	0.002370708297158674	0.002370708297158674	0.002392066029565509	0.002392066029565509	0.0024134237619723438	0.002562927888820188	0.002605643353633858	0.0029046516073295467	0.003054155734177391	0.0031823021286184004	0.003289090790652575	0.0035453835795345935	0.0037803186360097774	0.004057969157298631	0.00431426194618065	0.004613270199876339	0.004954993918385697	0.005424864031336065	0.005894734144286433	0.00657818158130515	0.0072829867507307015	0.008479019765513456	0.009482833188634696	0.010636150738603781	0.011746752823759195	0.013006859035762455	0.014672762163495577	0.016061014769939846	0.01855986946153953	0.021272301477207562	0.023813871633620916	0.02731653974834184	0.0304134109473329	0.03325398935744194	0.03662851107772186	0.04083598436186833	0.04555604322377885	0.05294581863654372	0.06590996220749251	0.09042863901053898	0.12094883861990605	0.15503577954121456	0.19403499891609507	0.23873673284360053	0.2898244287607496	0.3492202825841575	0.4170310829758583	0.505943322985512	0.6323383833691609	0.8370095330238598	1.0814487804200852	1.3164265523600829	1.5219306535786483	1.7082768688282828	1.8785620693079774	2.0365025004565216
209096_HY55YBGXT_TCDM_1_B09_X11_68_2_o_GACGAT_S66_R1_001 - illumina_universal_adapter	0.0006533515332302917	0.0011914057370670025	0.0013067030664605833	0.0014476220246082932	0.0015885409827560034	0.0017550815696578423	0.002126595186592714	0.002523730432281715	0.002856811606085393	0.003253946851774394	0.003932920013758815	0.004650325618874429	0.005982650314089142	0.006571947775434111	0.007174056051156144	0.007763353512501113	0.008391083416977276	0.009198164722732341	0.010197408244143375	0.011350381538079185	0.012618652161408575	0.014117517443525126	0.015770112498166452	0.017217734522774746	0.0195108702962693	0.021534978967845498	0.023277249723126274	0.025019520478407054	0.026492764131769476	0.02882433234839522	0.030553792289298935	0.03221919815831732	0.03384617158420452	0.036113685728944946	0.038304334987422986	0.040699957275934055	0.04269844431875612	0.04520936393666077	0.048348013459041585	0.05165320356832424	0.05558612358208305	0.059595908482104255	0.06356726093899426	0.06753861339588427	0.07170212806843025	0.07732607557996159	0.08333434752280484	0.08920170050750041	0.09510748593532717	0.10126948765069521	0.10869975998939264	0.11739830295141947	0.1255203592664784	0.1339370643122098	0.14301993170554855	0.15448561057302132	0.16350442389447475	0.17217734522774744	0.18227226695687432	0.1945578379444792	0.20516519224868865	0.21657962785865317	0.22812217161238832	0.24003622898305835	0.2528086109169917	0.2656322361084333	0.27971132110882724	0.29587856885268266	0.3108928433026023	0.324920685045488	0.3402424190404572	0.3571526940181824	0.3744857258703507	0.392408055183864	0.4102278979823608
209096_HY55YBGXT_TCDM_1_B09_X11_68_2_o_GACGAT_S66_R1_001 - polya	0.0009608110782798407	0.0026262169472982314	0.005034650050186365	0.008775407848289212	0.017730167097857328	0.03270600910464578	0.051473852167045336	0.0708181818764128	0.08872770037554903	0.10457467775997786	0.11965300628178283	0.1375112815234108	0.15772674661041866	0.17699421143352373	0.19518556784895538	0.21492703280401185	0.23547557906482336	0.25679277418825874	0.27821245582671067	0.30111819193290207	0.32548436087807886	0.3534503686632107	0.3830945931317381	0.4122135742108058	0.441230068774857	0.47010564438076047	0.49835349008218777	0.5276133901194032	0.558154371594325	0.5910781645433809	0.627025309685424	0.6663801314517663	0.7099369003337858	0.7634732936155385	0.8151136863694857	0.8700720800470926	0.9281435016183261	0.9875344370703973	1.055137104538167	1.1245332860187256	1.1975293063392394	1.275457490194923	1.360021675897926	1.453514999221743	1.5597294612219852	1.677204629059667	1.7946285536398405	1.9174586418871356	2.0492306785696215	2.1963244492470766	2.3573307643380237	2.530878866704117	2.720325189712147	2.9263615173384765	3.1517934179316813	3.3974407836118936	3.6656992366676255	3.9555054795055793	4.274328216907585	4.60571836321349	4.939760348095448	5.289188121044261	5.648121518260855	6.048356981029105	6.507048189799901	7.006605896433533	7.5623134024818395	8.140542320205025	8.731287403574601	9.346770169506291	9.986977807185713	10.636498906917263	11.283009465270203	11.924600670902349	12.607481131271774
209096_HY55YBGXT_TCDM_1_B09_X11_68_2_o_GACGAT_S66_R1_001 - polyg	0.0	0.0	2.5621628754129085e-05	0.00016654058690183905	0.002075351929084456	0.00377919024123404	0.003792001055611105	0.003817622684365234	0.003843244313119363	0.003868865941873492	0.0038816767562505567	0.003945730828135879	0.003996974085644137	0.004009784900021202	0.004009784900021202	0.004048217343152395	0.004048217343152395	0.00406102815752946	0.004073838971906525	0.004086649786283589	0.004112271415037718	0.004176325486923041	0.00420194711567717	0.004240379558808364	0.004291622816316622	0.00434286607382488	0.004394109331333138	0.004458163403218461	0.004496595846349654	0.004535028289480848	0.004637514804497364	0.004675947247628558	0.004727190505136816	0.00476562294826801	0.004829677020153332	0.004880920277661591	0.004932163535169849	0.00504746086456343	0.005149947379579946	0.005342109595235915	0.005495839367760689	0.0056751907690395925	0.00589297461344969	0.006226055787253368	0.006482272074794659	0.006751299176713014	0.007148434422402015	0.0074430831530745	0.00786584002751763	0.008275786087583694	0.00880102947704334	0.009287840423371793	0.009838705441585568	0.010428002902930538	0.011171030136800281	0.01204216551444067	0.013131084736491156	0.014629950018607708	0.016423464031396745	0.018421951074218814	0.02126595186592714	0.024314925687668503	0.027709791497590605	0.03188611698451365	0.037202604950995435	0.04582428302675987	0.062324611944419	0.09286559341934086	0.1391766873924292	0.18629486267127257	0.22459919765869557	0.25433309782786234	0.2787889424736786	0.29851759661435795	0.3164655475566254
209097_HY55YBGXT_TCDM_1_C09_A20_2_3_o_TCGTTC_S67_R1_001 - illumina_universal_adapter	0.020317962191890627	0.02936363029102002	0.03395604640288571	0.038270134265547415	0.04495001224644297	0.05552648571619425	0.07751441740330876	0.11731535703947808	0.162822025784329	0.19789138518403063	0.21723519850370734	0.24298056155507558	0.29335797466099617	0.3274531851884839	0.36182672396517557	0.40622007971321056	0.4411502749883102	0.4770546191356238	0.5179688717686091	0.5650063458840818	0.6336142593128632	0.7041704704860725	0.7958796285987843	0.8749248513727149	0.9843078533098796	1.1492173409632385	1.2516421366703034	1.3581026919908263	1.4294938879116474	1.5644830887755783	1.7047605263743848	1.7616786533365991	1.8131693794393355	1.86382512079446	1.8991728084433657	1.9357729732136892	1.9872636993164259	2.060603192981675	2.1439625036182672	2.2582162499165017	2.4380162989022733	2.5936017902072988	2.7944156220079712	2.9564026630446882	3.172246220302376	3.545484402484915	3.908424439446906	4.248680724098773	4.44420631916457	4.622058070405914	4.826351005321636	5.099251853666139	5.326785197390394	5.59704192736746	6.009385228563159	6.706458328694529	7.444167353209681	7.8055765848010505	8.291955200285008	9.431570216650709	10.321385629355838	10.914503128409521	11.465036405334995	11.888512836498853	12.366680768631293	12.795027944156221	13.260114448576072	13.715598628398388	13.994205205851573	14.147424907038365	14.340863040235131	14.55684576161742	14.791058983322571	15.1215737792523	15.553121729643072
209097_HY55YBGXT_TCDM_1_C09_A20_2_3_o_TCGTTC_S67_R1_001 - polya	0.007654026853109483	0.031311928035447884	0.051629890227338514	0.0829418182627864	0.14598316670748815	0.2442330386764935	0.3626617087127875	0.48637861548395717	0.6242902629645298	0.7615060898220926	0.9022010197947051	1.0740687136781635	1.2754392019772438	1.4520384760971699	1.6156954866291109	1.7739250963015742	1.9437053283160028	2.1079189953463517	2.2728284829997105	2.443165371512547	2.6302019549776223	2.8090278550911805	2.976163968738171	3.158051479592973	3.3271358909843913	3.497472779497228	3.6616864465275767	3.8328583197880253	4.023234842243548	4.211106410456235	4.40579702077442	4.606054196076685	4.819253634966935	5.08811872369798	5.326924361514997	5.584934648527087	5.833064282692436	6.0778539778673375	6.339900024492886	6.589142971655051	6.8442308120505	7.108364320545078	7.370549531295229	7.657923448598339	7.983150007793191	8.350264968493242	8.676744004809512	9.019087751330408	9.367972211707599	9.728824786800562	10.132261584021732	10.524008594776335	10.918956380396784	11.31919240275211	11.774954910823629	12.240737235866492	12.717513526752912	13.242162276502416	13.81635345461023	14.388596334973615	14.897102046269287	15.397536238338047	15.8976921021576	16.451704482198124	17.065696599942108	17.695275099641513	18.346145710405022	18.949283026430052	19.513593551691123	20.081939836565653	20.63831800672441	21.16408006947073	21.65268531094832	22.10775199839683	22.55739128498586
209097_HY55YBGXT_TCDM_1_C09_A20_2_3_o_TCGTTC_S67_R1_001 - polyg	0.0	0.0	0.0	0.0	0.000695820623009953	0.0018091336198258778	0.0018091336198258778	0.0018091336198258778	0.0018091336198258778	0.0018091336198258778	0.0019482977444278684	0.002087461869029859	0.002087461869029859	0.002087461869029859	0.002087461869029859	0.002087461869029859	0.002087461869029859	0.002087461869029859	0.002087461869029859	0.002087461869029859	0.002087461869029859	0.002087461869029859	0.002087461869029859	0.002087461869029859	0.002087461869029859	0.002087461869029859	0.002087461869029859	0.002087461869029859	0.0026441183674378215	0.0026441183674378215	0.003061610741243793	0.003479103115049765	0.0037574313642537464	0.003896595488855737	0.004035759613457727	0.0044532519872637	0.005288236734875643	0.006123221482487586	0.0068190421054975395	0.007793190977711474	0.009741488722139343	0.011133129968159248	0.012385607089577163	0.014055576584801052	0.015586381955422947	0.0178130079490548	0.020317962191890627	0.023797065306940392	0.030337779163233953	0.036182672396517554	0.04328004275121908	0.049959920732114624	0.05510899334238828	0.06053639420186591	0.06902540580258734	0.08071519226915455	0.09449244060475162	0.11383625392442831	0.1379116474805727	0.16630112889937876	0.20081383180067244	0.24618133642092138	0.30184698626171763	0.3616875598405736	0.4262597136558972	0.5029391463115941	0.6340317516866691	0.8820222217274164	1.302715370399234	1.7819966155284896	2.234001692235755	2.591096835964463	2.9083910400570017	3.1946516443632964	3.436240564672352
209098_HY55YBGXT_TCDM_1_D09_A03_2_1_o_CCAATT_S68_R1_001 - illumina_universal_adapter	0.0005753252848065633	0.0007123074954747926	0.000835591485076199	0.0009862719168112514	0.0011232541274794807	0.0013424256645486476	0.0016300883069519294	0.001931449170422034	0.0023834904656271907	0.0027259459922977644	0.003397158824572088	0.004643696941652975	0.0069312998598124054	0.007876477113423189	0.008575086387831159	0.009314790325439597	0.010301062242250848	0.011273635937995276	0.012232511412672882	0.01367082462468929	0.015328309373774865	0.017383042533798305	0.01979392944155914	0.022081532359718572	0.024711590804548576	0.028012862081652903	0.031286736916623585	0.034875670836131197	0.037546823944161666	0.041259041853270687	0.04553288682611944	0.048957442092825175	0.052381997359530905	0.056025724163305805	0.05965575274601389	0.06376521906606077	0.06847740711304785	0.07405258308724479	0.08081950429425533	0.08961376221915565	0.10177778252649441	0.11405138860236777	0.12665375198384488	0.13888626339651775	0.1530776204217463	0.17426876841212138	0.1954873128446301	0.2178154131835515	0.2345957339904096	0.25300614310421965	0.27416989465246105	0.298854089014876	0.32259310612368014	0.3470444307279591	0.3757148074208195	0.40941243124520393	0.43482263132416044	0.45665759570467623	0.4833417303428473	0.5226693230256959	0.5596956145693184	0.5951329124691893	0.6306113050322607	0.6638568875614399	0.7004996289151914	0.7409230792833857	0.7829492215163986	0.8275232328678404	0.8652755301280044	0.8981512606883795	0.934862493147465	0.9740668018407121	1.0154217312414506	1.0604751803302312	1.1031314407323178
209098_HY55YBGXT_TCDM_1_D09_A03_2_1_o_CCAATT_S68_R1_001 - polya	0.001945147391488857	0.004219052088581464	0.007314850049683448	0.01250647583400934	0.02253357365492373	0.039026231819378546	0.059820131398815764	0.08117565804199271	0.10381881746545103	0.12548940319316493	0.14810516617448957	0.17495367946546253	0.20737736873063242	0.23507517172774842	0.2623620280928597	0.2908269314697178	0.32160683420686886	0.3528250800181584	0.3865364020636096	0.4224531377008193	0.4583972697801627	0.49920427033822823	0.5436960923632691	0.5878454588616395	0.6318578431493416	0.6787879485242769	0.7245400068874656	0.7726892539373482	0.8269616058041006	0.8832612943887429	0.9453142358214508	1.0142162877875702	1.0900770360556356	1.1883891686522239	1.28507121294186	1.3893146752603827	1.5025167741566074	1.6205543450894206	1.749865551960229	1.8824506336660083	2.0172822236267467	2.1671955549820567	2.3232319911542367	2.495569310395936	2.683015767474341	2.8970230752013157	3.1186191973993105	3.356790167088161	3.609919594181982	3.896609662889519	4.201449874510597	4.5151254387197755	4.8548139247348505	5.224789177528671	5.636311134818166	6.079832136519759	6.56203691451406	7.083021356348536	7.668647703397351	8.278807564376844	8.891953637548905	9.544824551814754	10.19080526088399	10.892825392337599	11.66688446838163	12.472613831532154	13.343546726960756	14.203288175777764	15.065207641744397	15.963673961517314	16.888892907033735	17.76305858263411	18.60126642793407	19.39050313292014	20.210862196170034
209098_HY55YBGXT_TCDM_1_D09_A03_2_1_o_CCAATT_S68_R1_001 - polyg	0.0	0.0	5.479288426729174e-05	0.00013698221066822937	0.001054763022145366	0.002164318928558024	0.0021780171496248468	0.0022054135917584927	0.0022328100338921387	0.0022465082549589614	0.0022465082549589614	0.0022602064760257846	0.0022739046970926074	0.00228760291815943	0.002314999360293076	0.002314999360293076	0.002314999360293076	0.002342395802426722	0.002356094023493545	0.0023834904656271907	0.002397188686694014	0.002397188686694014	0.00242458512882766	0.0024519815709613054	0.0024930762341617745	0.00252047267629542	0.002534170897362243	0.0026163602237631806	0.0026848513290972952	0.0027533424344314103	0.0028355317608323477	0.0029862121925674	0.003082099740035161	0.0031094961821688063	0.003232780171770213	0.0033560641613716194	0.0034656499299062027	0.003602632140574432	0.003794407235509953	0.003876596561910891	0.0041779574253809956	0.004424525404583809	0.00461630049951933	0.004931359584056257	0.005246418668593184	0.005602572416330581	0.006082010153669383	0.0065751461120750095	0.007095678512614281	0.007986062881957771	0.008931240135568555	0.009766831620644753	0.010712008874255536	0.011684582569999965	0.012890026023880383	0.0140954694777608	0.015848841774314136	0.017341947870597837	0.01925969881995305	0.021382923085310604	0.023341768697866284	0.025574578731758422	0.029382684188335197	0.033903097140386765	0.04012208950472438	0.04806705772348168	0.06164199480070321	0.08851790453380981	0.13388641270712737	0.18535062925518114	0.23463682865361007	0.27581368118047983	0.31436047526251953	0.34998954825732603	0.3855638283678652
209099_HY55YBGXT_TCDM_1_E09_C17_2_3_o_AGTTGA_S69_R1_001 - illumina_universal_adapter	0.004321192717509285	0.0063024510385807355	0.00756635720891942	0.008420347864553666	0.009308498146413283	0.010657803382315392	0.012639061703386842	0.01422748432286654	0.0159696252603604	0.018207080778122126	0.02179384153178596	0.026610348829563108	0.033715551084440035	0.037011955015188225	0.04013756081480956	0.043826800447149504	0.0479088757810812	0.0528961812099852	0.058037204956903364	0.06539860440847056	0.07311867993540415	0.08186354424909882	0.0904034508054413	0.09960947007317845	0.10874717008846489	0.11943913309700566	0.12886718993520774	0.13861976322255082	0.14765498435916113	0.1587056234430683	0.17030281654658136	0.17971379357167075	0.18924432928854892	0.20019248949377996	0.21163596427927886	0.2229086409336509	0.234830350486305	0.25025342172705944	0.26576189203337736	0.28437888832620395	0.3051991805105669	0.3260365525080425	0.34847942693811046	0.3701366299649949	0.3966786595421073	0.43106032333794203	0.4654249073206641	0.5010363176606122	0.5323436150961636	0.5672718329116043	0.6074093937264139	0.6541397624027198	0.6975395675220522	0.7433988657296112	0.7933914787104399	0.8475003266514258	0.8947260099079996	0.9367935896045425	0.9808253478090443	1.038520956503694	1.0911438607038761	1.142810295369748	1.195672316953508	1.2442643852590964	1.296870209646166	1.3554881282489006	1.4179490048019894	1.4857558628593486	1.5431269551048572	1.595664460239476	1.6527451956620691	1.7132077340809737	1.7806046766236283	1.8526473283329334	1.9190365619019396
209099_HY55YBGXT_TCDM_1_E09_C17_2_3_o_AGTTGA_S69_R1_001 - polya	0.005943774963214353	0.01651617927996632	0.02811337238347938	0.04910446269896915	0.09436596744758419	0.16236070344918285	0.25139776920560936	0.3410667880472052	0.4252019474402911	0.5044010408438111	0.586367063971586	0.6774707871146474	0.785637243557281	0.884836798115755	0.9771873476160424	1.0767455782498827	1.1801809264603027	1.2881082655193588	1.3972311914963027	1.5142279113181945	1.634589354323285	1.7592036707934342	1.8927507295215176	2.0249314032005863	2.1589225370695995	2.294245896361402	2.43119183789891	2.572168615331011	2.7287051025087683	2.8925688295118674	3.067893111113578	3.2561297314284787	3.465015845796615	3.726097869037117	3.9828586995601096	4.2558453525401525	4.541983461616963	4.828821843031394	5.13490917382382	5.4342499784367355	5.742591844560037	6.074333054647716	6.414187175963921	6.784699561817394	7.179721479487571	7.6246506110730135	8.063789686013255	8.519530339299028	9.008679107033212	9.53839243091002	10.116031710381025	10.707334840342178	11.323335380064272	11.991104833330914	12.722906505957011	13.500652875856233	14.356163634857507	15.282009064256819	16.300871155867814	17.32892218693343	18.327561779819007	19.347021664888942	20.332339003546622	21.4062493328198	22.608394898943015	23.860174401971694	25.19755792832115	26.48899675739748	27.74613932174354	29.045981418871314	30.387276222423573	31.652360899867034	32.85216653159381	33.979553755722804	35.11915304622737
209099_HY55YBGXT_TCDM_1_E09_C17_2_3_o_AGTTGA_S69_R1_001 - polyg	0.0	0.0	3.415962622536984e-05	0.00010247887867610952	0.0012297465441133144	0.0020666573866348755	0.0021008170128602455	0.00211789682597293	0.0021520564521983	0.0021520564521983	0.002169136265310985	0.00218621607842367	0.002203295891536355	0.002203295891536355	0.002203295891536355	0.0022374555177617247	0.0022886949570997796	0.002305774770212464	0.002322854583325149	0.002322854583325149	0.002357014209550519	0.002357014209550519	0.002357014209550519	0.002459493088226629	0.002596131593128108	0.002664450845578848	0.0027669297242549572	0.0029035682291564365	0.0030743663602832857	0.0032110048651847654	0.0033305635569735596	0.003723399258565313	0.003911277202804847	0.00423579365194586	0.004577389914199559	0.005055624681354736	0.005619258514073339	0.006285371225468051	0.007105202254876927	0.008198310294088762	0.009633014595554296	0.011033559270794458	0.012587822264048787	0.014039606378627004	0.016294141709501414	0.018873193489516837	0.022152517607152342	0.026781146960689957	0.032110048651847654	0.03786594567082247	0.04452707278476959	0.0500609322332795	0.05472372121304249	0.05872039748141076	0.06329778739561032	0.06867792852610606	0.07479250162044727	0.08182938462287345	0.09156487809710386	0.10399898204313848	0.12212066375569719	0.1483894163230066	0.1831468360073204	0.22466786168425745	0.27085167634095747	0.32422609231809785	0.38883902532338493	0.48745786623602766	0.6510141566030985	0.85643306890936	1.0586751359766622	1.2367834271157405	1.3964113604668937	1.5464575186618308	1.684838164500804
209100_HY55YBGXT_TCDM_1_F09_A03_2_1_i_AACCGA_S70_R1_001 - illumina_universal_adapter	0.002319851267512148	0.00353436163697439	0.004107501361889156	0.004776164374289716	0.005281073179571772	0.005963382375898874	0.0068503843311241075	0.007614570631010462	0.008433341666602985	0.009497744012873264	0.011189870819764478	0.013154921305186532	0.016225312688658493	0.0177536852884312	0.019268411704277368	0.021042415614727836	0.02288465044481101	0.02530002499980895	0.028588755326105587	0.032696256687994744	0.03704938936056165	0.041852846102704455	0.047052042178716974	0.05315188639388127	0.058869637459102384	0.0642598801100865	0.06913156777186201	0.0741943020086091	0.0790932820382377	0.08479738691953227	0.09071983074365152	0.09593267300359058	0.10117280763138273	0.10650846554666067	0.11247184792255954	0.1190493085751528	0.12583146198664422	0.13341874024980158	0.14250709874487857	0.15148628776854325	0.16233500399014417	0.17261058048683034	0.18304991119063502	0.1931344411123496	0.20480192836954303	0.21821612716933386	0.23274931305110114	0.24804668523275478	0.2632485341269226	0.2818073442670198	0.302153804501494	0.3245198999570964	0.3460945167449594	0.3687608282469457	0.3929009276129986	0.4190606622001797	0.44299606880733444	0.46689053686270954	0.4920268076554	0.5193601140602637	0.5458064185099022	0.5723346000631	0.5992585209501674	0.6276835220691545	0.6569545865915872	0.6886410256690179	0.7209006044713632	0.7566126678071238	0.7890360008165876	0.8244205557381111	0.8603646042006229	0.8979598409182462	0.9372744968106139	0.9764390446797896	1.0106090892318509
209100_HY55YBGXT_TCDM_1_F09_A03_2_1_i_AACCGA_S70_R1_001 - polya	0.007300708400699994	0.01774003910450466	0.027715399554806897	0.0458921165449609	0.08138584093789676	0.13567036059768103	0.20452900469101218	0.275543745844737	0.3433243414078713	0.40576927905572774	0.46717710672516694	0.5363905516005882	0.6156885263977241	0.6836465223519034	0.7491345590153787	0.8150319811966502	0.8832901931972136	0.9545096271098364	1.0263294931152274	1.1023933223217726	1.1816094200153493	1.2649466652547414	1.356621728873251	1.446850296995547	1.5362873864501037	1.6280033886203926	1.7192008358014732	1.8127181342500658	1.9182167821861624	2.0258442348147994	2.1421779527885705	2.2678729529359494	2.4071459060902374	2.5761266016526077	2.740685933622778	2.919655635819377	3.10437038144905	3.2919371795193704	3.49892249731716	3.7090600836019814	3.932502699215181	4.174626940623816	4.430315488855435	4.705927465619804	5.01628262666115	5.36671662989475	5.712115191259455	6.080084540838662	6.464019925611923	6.879437056703715	7.327686906322768	7.791561636537712	8.279740220325827	8.797517377050612	9.36536238260188	9.966012814312554	10.603166788026728	11.284657213318239	12.03473335902455	12.827945092122658	13.627079269044888	14.463030850200926	15.286387003592766	16.17216080226461	17.13511741722498	18.122296008654956	19.15857356985263	20.20190620814033	21.245661878129752	22.32514325763886	23.40446088294085	24.427938323615432	25.424655597610062	26.38390045054241	27.368076881508546
209100_HY55YBGXT_TCDM_1_F09_A03_2_1_i_AACCGA_S70_R1_001 - polyg	0.0	0.0	4.093855177962614e-05	9.552328748579433e-05	0.001487434047993083	0.002688298233528783	0.002688298233528783	0.002688298233528783	0.002688298233528783	0.002688298233528783	0.002715590601381867	0.002715590601381867	0.002715590601381867	0.002715590601381867	0.002715590601381867	0.002715590601381867	0.0027292367853084093	0.002770175337088035	0.0027838215210145775	0.0028111138888676614	0.0028247600727942033	0.0028520524406472876	0.0028656986245738296	0.002892990992426914	0.002961221912059624	0.0030430990156188765	0.0030976837513250447	0.003206853222737381	0.003302376510223175	0.0033706074298558856	0.003493423085194764	0.003575300188754016	0.003848223867284857	0.0039846857065502774	0.004107501361889156	0.0043121941207872865	0.004585117799318128	0.005076380420673641	0.006495583549034014	0.008951896655811583	0.011380917394736066	0.013318675512305037	0.01521549507809438	0.01686668333320597	0.01954133538280821	0.024385730676730635	0.029503049649183904	0.037786283292594924	0.045591900498576976	0.0541344116365923	0.06334558578700818	0.06981387696818911	0.07572267460838181	0.08004851491309564	0.08429247811425022	0.08890488828142143	0.09383116067890311	0.09915317241025451	0.10608543384493786	0.11503733050074945	0.12980250150926795	0.1540654165306597	0.1842507753761707	0.22226904379551685	0.2628664409769794	0.3052651344367456	0.35429587328481116	0.4202478802017888	0.5265380068056249	0.6618535666212157	0.7976876814260153	0.9186611019348105	1.0254288449760756	1.1234903226722066	1.2099661902147036
209101_HY55YBGXT_TCDM_1_G09_C14_2_1_i_CAGATG_S71_R1_001 - illumina_universal_adapter	0.005701690947532481	0.008544768449980557	0.010315865910521981	0.011543205378791915	0.01295697615869779	0.014355210995967335	0.016685602391416577	0.018612059278321286	0.020445300509408022	0.02238729333894906	0.025261442726669792	0.028555062565571387	0.03264101547892573	0.03501801470228395	0.0373484060977332	0.040082732001726976	0.043003489217356694	0.04640586065471259	0.051299682585156	0.058710327222684586	0.06567042952375966	0.07402876666210428	0.08383194646562743	0.09383709352342284	0.10367134521221864	0.11344345313046914	0.12156875112926883	0.1304087024893396	0.13906222253777448	0.14919165713666052	0.1595075230471825	0.16890676834216112	0.17773118375959557	0.18859080766238906	0.2003049084101806	0.21206561698588108	0.22399722093058122	0.23729598782727823	0.25219495681551707	0.2682125136735715	0.28663814164025686	0.30470644292630666	0.323038855237174	0.3408275095557699	0.3602163659659076	0.38111220881176916	0.4034373583801729	0.4284812979099341	0.4546904331374199	0.4853894557868046	0.5202676470053617	0.5586258893744561	0.5949023154302827	0.6306039116085651	0.6684960756985697	0.7062173444195748	0.7427268096149463	0.7787391246459553	0.8166778965638689	0.8506550031095189	0.8853312270738036	0.9200229869807247	0.9541399170101016	0.9919544013869247	1.0310428330599266	1.0709702056352903	1.1130415382944674	1.1582511313661827	1.2052473578410756	1.2522435843159687	1.2994107061598614	1.3467797952580263	1.3978619746462737	1.4487111148949763	1.4912019180053342
209101_HY55YBGXT_TCDM_1_G09_C14_2_1_i_CAGATG_S71_R1_001 - polya	0.005701690947532481	0.017291504154233382	0.029425075353205772	0.05698583759005215	0.11454650505764845	0.20717179505543767	0.3265810501582569	0.45173860403651755	0.5719246562711532	0.6763883345578245	0.7800907516553158	0.8909707742507909	1.025480965596121	1.1397478236863157	1.2476449452956155	1.3606533920322674	1.4794412094296336	1.6001088758859954	1.7246605280014393	1.8540904661046902	1.9830077181009422	2.1161352105516396	2.2697701472822898	2.419521098353858	2.5728297802891458	2.7263870373066146	2.879183033134903	3.0374166088859065	3.2242984628583	3.4124231922415986	3.6151050998751377	3.82543069128575	4.060287536119125	4.350390192967283	4.616365530901223	4.895313380936497	5.1862083708591085	5.477678190659263	5.793648191996907	6.105128305912653	6.4287730629126445	6.766555527711694	7.115927805717444	7.480416555908342	7.874920747272626	8.306229586742372	8.749625389583182	9.216511537690119	9.713537414511533	10.247352403495773	10.824994286657095	11.420114105284286	12.038910700489243	12.716790485540155	13.450692879737666	14.218556844538192	15.035545459954788	15.907282737221804	16.868646867557796	17.885272345851213	18.86905484141143	19.9235103400243	20.93914151798899	22.06473609793361	23.31634270860149	24.60500254245701	25.95787242722848	27.263404294787055	28.555777218932658	29.91015409013985	31.295276591824333	32.58872149601184	33.8163250753066	34.99429131787828	36.21526104966732
209101_HY55YBGXT_TCDM_1_G09_C14_2_1_i_CAGATG_S71_R1_001 - polyg	0.0	0.0	0.0	3.107188527265657e-05	0.0011807316403609496	0.0022061038543586165	0.002221639796994945	0.002221639796994945	0.002221639796994945	0.002221639796994945	0.002221639796994945	0.002221639796994945	0.002221639796994945	0.002221639796994945	0.002221639796994945	0.002221639796994945	0.002221639796994945	0.002221639796994945	0.002221639796994945	0.002221639796994945	0.002237175739631273	0.002237175739631273	0.002237175739631273	0.0022527116822676015	0.002299319510176586	0.002361463280721899	0.0024857508218125257	0.002672182133448465	0.0028741493877207326	0.003107188527265657	0.0033557636094469095	0.0035266589784465206	0.00380630594590043	0.004117024798626996	0.004458815536626218	0.004753998446716455	0.0050802532420793495	0.005608475291714511	0.0061833051692586575	0.007006710128984056	0.008265121482526647	0.009166206155433688	0.01068872853379386	0.011853924231518482	0.013329838781969668	0.015069864357238437	0.0170273931294158	0.01937332046750137	0.021424064895496704	0.023707848463036963	0.0262557430553948	0.02889685330357061	0.03163117920756439	0.03515783818601091	0.0387777128202754	0.04331420807008326	0.049435369468796606	0.06043481685531703	0.08084904547945239	0.10735336361702845	0.13800577843850415	0.1717032380167002	0.20957986616406857	0.2505170750107936	0.29695400755077883	0.3520133882539263	0.426725736392029	0.5441929986653071	0.7327682703850599	0.9538291981573751	1.1519124667705607	1.3172148964210937	1.4608757579792213	1.591672859034469	1.7160691517235498
209102_HY55YBGXT_TCDM_1_H09_A20_2_2_i_GTAGAA_S72_R1_001 - illumina_universal_adapter	0.005783897170195447	0.008873024067913468	0.010171114625997107	0.011518499762235818	0.013079494737146521	0.01480480497257414	0.017302396932431265	0.019586379053616397	0.021919655752956606	0.0240886171917799	0.02707915493318777	0.03207433885290202	0.03869624385173374	0.0424919263696745	0.04553175868923745	0.04932744120717821	0.054010426131910316	0.06000793314077776	0.06715564697326361	0.07719530939084718	0.08684061518319015	0.09827695731516752	0.11087993779681497	0.12349934980451413	0.13633237165088527	0.1494118663880318	0.16084820852000917	0.17221882454777976	0.1828993164813793	0.19579806443195721	0.20835175033544961	0.21939373584218635	0.22979489183290716	0.2412148024388328	0.2531440903523609	0.26656864713659295	0.28015751918134196	0.2958496265607074	0.3147130184680494	0.3356960772360596	0.36045838699595883	0.3848099086045658	0.4100651641460158	0.43559975563034453	0.4635662129703237	0.5012765652589559	0.5393319795946737	0.5801971848852308	0.616576583563676	0.6582633651568176	0.7065884832748426	0.759366544952876	0.8080367251179865	0.8585472362008866	0.9104872900502837	0.9682112410698763	1.0158298035676787	1.0589954225054725	1.1065318273730163	1.1650444916430902	1.219991514759947	1.2708799509420359	1.3254983435378587	1.3779313431688067	1.4318103170923033	1.4903229813623773	1.5510046070712744	1.6159912926057147	1.6752105124960113	1.7311269956499178	1.790954182004127	1.8552836064964995	1.9216341086932303	1.9868508355923944	2.049832874948528
209102_HY55YBGXT_TCDM_1_H09_A20_2_2_i_GTAGAA_S72_R1_001 - polya	0.006884809415658784	0.02287268426395472	0.038959148268560805	0.07024477387098163	0.1364966869114022	0.23842144301004525	0.36842767713102925	0.5042835345264155	0.6316114299009737	0.740026638790035	0.8440053356451395	0.9570542348807778	1.0899031230087044	1.2015060479517938	1.3053861556505881	1.4105972169595695	1.520819893714317	1.6397019846983056	1.759142747568052	1.8802102315169158	2.0065686668544243	2.1402719943370387	2.294317551071648	2.4444031100277988	2.5997960518986463	2.7522806136583444	2.9033684957036487	3.0607332207006994	3.243977599229164	3.4335481152875302	3.6380713200529358	3.8594861335994803	4.103231391050273	4.410599517373217	4.687897951021564	4.975203184035392	5.270395549554032	5.552919208486817	5.860648828382898	6.158355217387446	6.4703077394788115	6.79900398661685	7.1373455395472325	7.5137260752872805	7.919354727399339	8.390150811832408	8.846404995709728	9.323050703417199	9.824442289358517	10.360225059326025	10.952565141963456	11.565838988790741	12.198140542785886	12.888001732540108	13.649011430098152	14.444363017104232	15.290060799932697	16.188372329178677	17.184303554697756	18.220984964825032	19.23329842181765	20.28652637867898	21.289556023452388	22.406554732920334	23.655334281322844	24.935300866171463	26.286350232719702	27.604865177685593	28.903136482555798	30.26555646513181	31.681592517214487	33.003360904338614	34.218258646022534	35.36527775358692	36.527446728170965
209102_HY55YBGXT_TCDM_1_H09_A20_2_2_i_GTAGAA_S72_R1_001 - polyg	0.0	0.0	1.643152605169161e-05	9.858915631014965e-05	0.0010351861412565713	0.002021077704358068	0.002021077704358068	0.002021077704358068	0.002021077704358068	0.002053940756461451	0.002053940756461451	0.0020703722825131427	0.0020703722825131427	0.0020703722825131427	0.0020703722825131427	0.0020703722825131427	0.0020703722825131427	0.0020703722825131427	0.0020868038085648344	0.0021196668606682178	0.0021196668606682178	0.0021196668606682178	0.0021196668606682178	0.0021525299127716007	0.0021689614388232924	0.0022839821211851335	0.0023661397514435916	0.002563318064063891	0.0027604963766841902	0.0029741062153561815	0.0031712845279764806	0.003483483522958621	0.00377925099188907	0.003992860830561061	0.0043050598255432015	0.004584395768421959	0.004962320867610866	0.0054552666491616145	0.005964643956764054	0.006753357207245251	0.007459912827467991	0.008182899973742422	0.00898804475027531	0.009924641735221732	0.011189869241201985	0.012619412007699156	0.014394016821281849	0.01674372504667375	0.019208453954427492	0.022067539487421833	0.024943056546467862	0.027966457339979118	0.031614256123454657	0.035459233219550496	0.039353504893801405	0.04449657254798088	0.05057623718710677	0.05910419920793472	0.06919315620367336	0.08135248548192515	0.09467845310984706	0.11184939783386479	0.1377126198392274	0.17105218619810966	0.21221315895759713	0.25951952246041726	0.3278089447312476	0.4384259781112355	0.624726620485315	0.8446954597393106	1.053425135173949	1.2258247065082974	1.379935989347113	1.5226437931060546	1.6538166655767088
209103_HY55YBGXT_TCDM_1_A10_A20_2_1_o_GACATC_S73_R1_001 - illumina_universal_adapter	0.0018703669709543157	0.003034701376713956	0.0034682301448159497	0.0039636915940753715	0.004384833825945879	0.004892681811436786	0.005747352811409288	0.006329520014289108	0.007134644869335668	0.008076021622928569	0.009203196419993752	0.011110722999642525	0.013860534043032313	0.015607035651671774	0.017291604579153807	0.019050492724024752	0.02124290963699769	0.024128972578933823	0.02746095082520343	0.031920103868538226	0.03672607992635461	0.04225047508559716	0.0482083990129417	0.05431496137506407	0.06049584295457535	0.06820026849055935	0.0750128634178764	0.08150340840317481	0.08754803808413976	0.09582224428677209	0.10440611389519157	0.10995528212689709	0.11564070225714895	0.12158623964826201	0.12852269993789392	0.13569450441592404	0.14276721660410227	0.15141301889367917	0.1610621306180064	0.17207376132779706	0.18520348973317172	0.1991755026022874	0.2128006924569215	0.22663645342749084	0.24177280070236615	0.26138068755680777	0.2809266417300919	0.3025535339902657	0.3234124610040873	0.34873054106124374	0.37605523998790086	0.40638986721880893	0.43543629468164247	0.4665265006226712	0.5009239117375065	0.53989195472176	0.5788971573147079	0.6123408051397189	0.6482493736747954	0.6950580940935793	0.7370979980632412	0.7746663624533369	0.8137458842636737	0.852045054291427	0.8927595988843199	0.9366698698249362	0.9810879887510433	1.0303616298798928	1.0744329257915182	1.118231717906051	1.163838944310381	1.2103627743958405	1.2607388172492922	1.3110033812766604	1.3553595675216101
209103_HY55YBGXT_TCDM_1_A10_A20_2_1_o_GACATC_S73_R1_001 - polya	0.003121407130334355	0.010082640492429224	0.0187532158544691	0.03506628407133555	0.06852231843257797	0.11929473044543719	0.18406392839987504	0.2511246355571377	0.3184578465114931	0.37630297071253055	0.431571695377419	0.49196844604214246	0.5620390815036561	0.6223986725596852	0.6772214819202401	0.7353267233821388	0.7970859930323256	0.8637627175664123	0.9312817265642399	0.9986892567359842	1.0716955012843599	1.15057296400646	1.2403629651484984	1.3301034201456112	1.423671314838253	1.5206826666032476	1.6175206068610015	1.7197714634519146	1.837443557651027	1.959153662661604	2.090302308280573	2.229006741000748	2.384755047575447	2.581316991032891	2.7638573754762934	2.960035336310561	3.156696372057857	3.356652226442728	3.5837098221020893	3.813727799920776	4.0561570870434105	4.322678187136285	4.600731152460672	4.90530369185667	5.244707171135605	5.6250481526596	6.002837507719908	6.407877242489485	6.8308031355773275	7.288237918606089	7.786424405836437	8.307798488892125	8.848929097237034	9.439519144754264	10.07234728082086	10.735571976799521	11.445815964312903	12.200180793882835	13.019983694363704	13.863085669496	14.703611245092144	15.584777046063794	16.45241674947066	17.39418987222297	18.43695042487058	19.50848490118393	20.652579706741324	21.806051120225952	22.967846286058137	24.184773924656664	25.446008203355216	26.665016780040634	27.873385322103204	29.038574398862817	30.23989500180967
209103_HY55YBGXT_TCDM_1_A10_A20_2_1_o_GACATC_S73_R1_001 - polyg	0.0	0.0	1.2386536231485535e-05	8.670575362039874e-05	0.0011891074782226113	0.002291509202824824	0.0023038957390563095	0.0023038957390563095	0.0023038957390563095	0.002316282275287795	0.0023286688115192805	0.0023286688115192805	0.0023286688115192805	0.002341055347750766	0.002341055347750766	0.0023534418839822515	0.0023782149564452225	0.0023782149564452225	0.002390601492676708	0.0024029880289081935	0.0024029880289081935	0.0024029880289081935	0.002427761101371165	0.0024649207100656215	0.0024896937825285926	0.00255162646368602	0.0026135591448434477	0.0027002648984638467	0.0027621975796212742	0.002848903333241673	0.0029727686955565284	0.003059474449176927	0.003195726347723268	0.00335675131873258	0.0036168685795937763	0.0037902800868345734	0.0040008512027698276	0.004285741536093995	0.004471539579566278	0.004805976057816387	0.005115639463603526	0.0054872355505480915	0.005982696999807513	0.006465771912835449	0.006973619898326356	0.007803517825835887	0.008534323463493533	0.009351834854771578	0.010293211608364479	0.011321294115577779	0.012634266956115246	0.014244516666208365	0.015879539448764454	0.01766320066609837	0.019496408028358232	0.021589732651479288	0.02399272068038748	0.027262766245499663	0.031573280854056626	0.03734540673792889	0.04544620143332043	0.055850891867768274	0.06774196664999439	0.08147863533071184	0.0964167980258834	0.11576456761946381	0.14733784847352044	0.20198724632683462	0.28897789028055754	0.384502857697774	0.46840925412985696	0.5365847495479533	0.6001896130966315	0.6578241661817338	0.7100705760061398
209104_HY55YBGXT_TCDM_1_B10_C14_2_2_o_CGATCT_S74_R1_001 - illumina_small_rna_3'_adapter	0.0	0.0	0.0	0.0	0.0	0.0	0.0	4.2906430086332026e-05	0.00021453215043166013	0.0003003450106043242	0.0005363303760791504	0.0007079560964244785	0.0009224882468561386	0.0011799268273741308	0.0024027600848345937	0.0024242132998777595	0.0024242132998777595	0.0024456665149209258	0.0026387454503094196	0.002874730815784246	0.003132169396302238	0.003368154761777064	0.0037328594175108864	0.004312096223676369	0.004655347664367025	0.005148771610359843	0.005728008416525326	0.00624288557756131	0.006779215953640461	0.008044955641187256	0.009460867834036213	0.011348750757834822	0.013558431907280922	0.01598264520715868	0.019136267818504086	0.02250442258028115	0.025700951621712886	0.029991594630346088	0.03456112943454045	0.038680146722828324	0.04327113474206585	0.04758323096574222	0.05185242075933225	0.05640050234848345	0.060412253561555496	0.06448836441975704	0.06824267705231109	0.07210425576008098	0.07607310054306668	0.0797845067455344	0.0835173661630453	0.08752911737611734	0.0910259914281534	0.09450141226514629	0.09808409917735501	0.10179550537982274	0.10518511335664296	0.10859617454850637	0.11239339361114675	0.11574009515788064	0.11891517098426922	0.12232623217613262	0.12535113549721902	0.12790406808735577	0.1307358924730537	0.13391096829944227	0.13672133947009701	0.13955316385579492	0.1420846432308885	0.14465902903606842	0.14742649377663686	0.15008669244198944	0.15261817181708304	0.1547205868913133	0.15678009553545724
209104_HY55YBGXT_TCDM_1_B10_C14_2_2_o_CGATCT_S74_R1_001 - illumina_universal_adapter	0.012056706854259299	0.01814941992651845	0.020916884667086865	0.023126565816532964	0.025379153396065394	0.028382603502108635	0.03331684296203682	0.036856623444159214	0.04110436002270608	0.046102959127763764	0.05326833295218121	0.06232158970039727	0.07495753336082206	0.082315986120628	0.09018931604146992	0.09827717811274352	0.10694427699018258	0.11692002198525478	0.12901963526960042	0.14635383302447855	0.1664554955199251	0.18898137131524942	0.21571207725903427	0.2446095579221789	0.2728848953490717	0.3019325485175185	0.32932830412764147	0.3542569400078004	0.37894959052248445	0.4083404951316219	0.4376026804505004	0.46405449459872405	0.4869021686196959	0.5137830470687829	0.5429594195274886	0.5740022216949499	0.6050021174323248	0.6418158344463977	0.683091820189449	0.7289373407366948	0.7760700541865305	0.8234387530018411	0.8714295950534034	0.9199782206960881	0.969449334585629	1.032371614307235	1.0975679348234164	1.1662825826066772	1.229698286274276	1.2999790187556879	1.3810936248338985	1.4675715346729006	1.550960181545687	1.6320747876238977	1.7192392003442811	1.8105226303529527	1.8922379264523719	1.9681394012750932	2.047344671214462	2.13779142583645	2.2212229791393225	2.3018441612715406	2.381328323006471	2.4593322129034223	2.5441367719690575	2.6327600033123764	2.718615769915127	2.8133960739758344	2.8975355833751313	2.9774059029808386	3.062274821691603	3.1504475355190156	3.2391351265074637	3.331405404408121	3.4175615160214754
209104_HY55YBGXT_TCDM_1_B10_C14_2_2_o_CGATCT_S74_R1_001 - polya	0.010898233241928335	0.03320957688682099	0.06251466863578577	0.12329162685307508	0.25921919736657495	0.47988696730058056	0.7676389406745663	1.0700005534929482	1.3512522027088545	1.5993371814680264	1.8422519354017952	2.1114897841935285	2.429426431133249	2.7059154666095724	2.959299389484406	3.2303607615548087	3.5111404400397657	3.797927018736809	4.082890074155183	4.376584588096126	4.67903201377468	4.9870572753644575	5.326447137347344	5.659336675172152	5.990295423643073	6.322627177876758	6.646184567157788	6.983343294776185	7.358238227655511	7.732704096233974	8.132849463219106	8.545780946369966	9.0025842542841	9.56242735405056	10.065140542157069	10.592632193638435	11.134476045983678	11.659951095250987	12.224835700552592	12.776569485032736	13.339609113840627	13.92697668850747	14.512778178476161	15.123443944679881	15.783409199052798	16.508227522501205	17.215239677463785	17.960695993783716	18.731788902080233	19.553897555749398	20.420757615998607	21.294504158276673	22.18303196571948	23.14761142049031	24.191932475576586	25.275941978492725	26.438405888821716	27.677672309005246	29.02268162613654	30.395644482469077	31.683009010779383	33.02359896561178	34.30630814625772	35.71200860874613	37.282855920636834	38.858980723428154	40.499336452058714	42.06765228457432	43.546358037854624	45.072518302810415	46.60931936242761	48.05335672019816	49.4046518293371	50.6862454428008	51.97436083363761
209104_HY55YBGXT_TCDM_1_B10_C14_2_2_o_CGATCT_S74_R1_001 - polyg	0.0	0.0	0.0	0.0	0.0011155671822446328	0.002016602214057605	0.002016602214057605	0.0020380554291007714	0.0020380554291007714	0.0020380554291007714	0.0020380554291007714	0.0020380554291007714	0.0020380554291007714	0.0020380554291007714	0.0020595086441439372	0.0020595086441439372	0.0020595086441439372	0.0020595086441439372	0.0020809618591871035	0.0020809618591871035	0.0020809618591871035	0.0020809618591871035	0.0020809618591871035	0.0021453215043166014	0.0022311343644892657	0.0024027600848345937	0.0025743858051799216	0.002896184030827412	0.003153622611345404	0.0034539676219497283	0.0036899529874245543	0.0041190172882878745	0.004312096223676369	0.004762613739582855	0.005298944115662005	0.006264338792604476	0.006800669168683627	0.007551531695194437	0.008366753866834746	0.009224882468561386	0.010812420381755672	0.012399958294949956	0.014202028358575902	0.016433162723065168	0.01922208067867675	0.022268437214806324	0.02514316803059057	0.028275337426892807	0.03198674362936053	0.03578396269200091	0.0404607635714111	0.044708500149957975	0.04899914315859118	0.05367594403800137	0.06024062784121017	0.06858592849300174	0.08240179898080066	0.11108474749351362	0.15873233810438533	0.2177072262580487	0.28313953213970505	0.35290538746008093	0.4268760729289173	0.5098571087158835	0.6033287666589578	0.7096938068429749	0.8527438447508059	1.0703438049336387	1.3977413197073953	1.7723573607911602	2.1286094497979753	2.429941308294285	2.701045586794774	2.953356848917449	3.1965504946467793
209105_HY55YBGXT_TCDM_1_C10_A04_2_3_o_CGTCGC_S75_R1_001 - illumina_universal_adapter	0.016914365115667886	0.02500779788606811	0.030691388314719955	0.034328886189057134	0.03883028980854939	0.04383184938576302	0.052607313007601464	0.06615699258950745	0.08184370217258655	0.09593900643564311	0.10589665686664114	0.1208558668748528	0.13936163731054318	0.14881913178381986	0.15618506497935264	0.16427849774975287	0.1742361481807509	0.1862398911660636	0.1982436341513763	0.21870455969452293	0.24039314077025836	0.2655373448266141	0.2912726422875497	0.3191449697496583	0.34892698359579394	0.380482277655669	0.40971866682065405	0.43495380832386826	0.46173488642367577	0.4932447117601216	0.5222992260313898	0.5487620230671928	0.5736788835064025	0.6007327739467853	0.6309240063037839	0.6614335197247869	0.6933525635720956	0.7277723872080112	0.7662843959525562	0.8056148417188269	0.8531751264257855	0.9010082234733194	0.9514785064797477	0.9979475418244053	1.052737353556609	1.1203948140192805	1.1921444595905815	1.2666222285676352	1.3325973462634257	1.4027555865147041	1.4786883546414928	1.5667612719238817	1.650651066650783	1.7348591424416886	1.825341902065826	1.9226904389277748	2.0078988266341233	2.0824220643346063	2.163492798208896	2.2651608637966203	2.3629640878928613	2.4497184121958027	2.536063517987882	2.6163158148404455	2.706162012336574	2.799281957919606	2.89458440222724	2.990932627173746	3.0746860157303595	3.1521192517303125	3.234690453477766	3.315897593522344	3.4026973865487147	3.493362021066569	3.5811166572849533
209105_HY55YBGXT_TCDM_1_C10_A04_2_3_o_CGTCGC_S75_R1_001 - polya	0.010094056601285673	0.03346498044390205	0.06170105769344441	0.11703649410679876	0.2432576703462989	0.44736676982004386	0.7083117735803073	0.9741673994709259	1.2328844357831579	1.4591368035669303	1.6899815124170536	1.9456521442595283	2.243335876550597	2.5009161947770986	2.7392632429930424	2.9874770041931256	3.2525141930620185	3.5187790374635	3.79322825208224	4.0714059020221764	4.355994641965631	4.653814780426988	4.975005842730961	5.282010663325019	5.591334388813967	5.907023735583005	6.207026372768963	6.513758381022446	6.867505049301736	7.226253277158241	7.61369226949858	8.016272346740847	8.442678035060023	8.965932104283427	9.456948848595516	9.963243083979823	10.480495281710569	10.989108421989766	11.532186854628307	12.065398574282709	12.607203882665232	13.167651367653733	13.755334617976333	14.384439875342947	15.063606197205129	15.80010857931155	16.51865081566343	17.279115215017047	18.0715441269414	18.88802599355981	19.73506284232265	20.606834676630985	21.505160245421983	22.45718437658288	23.454995512236998	24.501549119407233	25.618624716616182	26.853055088995934	28.13045340501629	29.46932543511295	30.710348772389935	32.04112736971619	33.29961069679	34.6505319385954	36.129947792811755	37.63232535235987	39.173033045758814	40.659996708064426	42.09626274374646	43.541849867731486	45.01208103981514	46.382053676737385	47.678503387874585	48.88706205662311	50.127812581559525
209105_HY55YBGXT_TCDM_1_C10_A04_2_3_o_CGTCGC_S75_R1_001 - polyg	0.0	0.0	0.0	9.093744685842949e-05	0.0011821868091595833	0.001773280213739375	0.0018642176605978046	0.0018642176605978046	0.0018642176605978046	0.0019096863840270192	0.0019096863840270192	0.0019096863840270192	0.0019096863840270192	0.0019096863840270192	0.0019096863840270192	0.0019096863840270192	0.001955155107456234	0.001955155107456234	0.001955155107456234	0.001955155107456234	0.0020460925543146634	0.0020460925543146634	0.0020915612777438783	0.002182498724602308	0.002318904894889952	0.0025917172354652405	0.0029554670228989586	0.003273748086903462	0.0035010917040495353	0.003728435321195609	0.004092185108629327	0.004455934896063045	0.004819684683496763	0.0054107780880765545	0.006092808939514776	0.006638433620665353	0.007593276812678863	0.00909374468584295	0.012685773836750914	0.017505458520247676	0.023416392566045593	0.028463420866688433	0.03264654342217619	0.03678419725423473	0.04314981853432479	0.05324387513561047	0.0653840242912108	0.08502651281263157	0.10635134410093329	0.12726695687837208	0.15268397327530311	0.17196271200929017	0.18601254754891752	0.19938035223710665	0.210883939264698	0.22493377480432536	0.2423028271542854	0.2754040578107537	0.3255105910297484	0.3854838372328826	0.46018894982708247	0.554309207325557	0.6701635146231961	0.8182096781087194	0.9828064569224767	1.1524957327603063	1.3387356239263697	1.5929967253425386	2.023994754728065	2.598992231213915	3.1775362681272434	3.6768283201034504	4.113328065023912	4.518317984607927	4.868108873948877
209106_HY55YBGXT_TCDM_1_D10_A04_2_1_o_ATGGCG_S76_R1_001 - illumina_universal_adapter	0.021814588827080886	0.036892319339916206	0.044591585984768284	0.04940362763780083	0.05453647206770222	0.05806530261325942	0.07218062479548823	0.09014558030014308	0.11805542188773185	0.14083241904541927	0.15238131901269739	0.16810065507927036	0.198256116104941	0.21718347994020237	0.23514843544485722	0.25215098261890556	0.26722871313174085	0.28743928807447755	0.30764986301721425	0.3352389018279342	0.35577027954753976	0.3923417961105871	0.4202516376981759	0.45489833760001025	0.492753065270533	0.5399110734702519	0.5777658011407747	0.6191493593568546	0.6550792703661643	0.7150693896406367	0.7590193700716673	0.793024464419764	0.8199718976767463	0.8610346531159574	0.9024182113320373	0.9460473889861991	0.9848645249873282	1.034588955401998	1.0846341885935364	1.1394914634381075	1.2030104132581372	1.2755118408304942	1.3470508600722448	1.4137778376609629	1.4984697707543357	1.6043346871210518	1.725598136777472	1.829538236482975	1.9087765223695776	1.9815987527188035	2.0630826580434882	2.174401221616974	2.262942788032773	2.3630332544158503	2.483013492964795	2.6292995592169848	2.736768489468045	2.8233852392226306	2.923154902828839	3.091576360684978	3.239466440821512	3.362333904362276	3.4906550151098106	3.6071064231131986	3.7309362949845695	3.861182222393317	3.9933529664632776	4.12776932997132	4.231388626899954	4.312230926670901	4.394998043103061	4.490918073386843	4.591650145323658	4.691740611706735	4.8046631891645655
209106_HY55YBGXT_TCDM_1_D10_A04_2_1_o_ATGGCG_S76_R1_001 - polya	0.017323349950917177	0.04202516376981759	0.07923828588660263	0.1421156301528946	0.25920864371001995	0.44463264874020747	0.7076909257726535	0.9742780333506567	1.248564407573512	1.4936577291013031	1.7663400894398142	2.058912221944193	2.4188529375910277	2.754412642195831	3.0777818412796183	3.4130207431075523	3.778415105961157	4.116220430004042	4.454988162377534	4.8146080752475	5.176794410332416	5.523582212127629	5.896355038849216	6.2290275184622	6.54341423979366	6.8571593555713815	7.157430754720613	7.441341212249533	7.749953483597354	8.065944218813158	8.39893750120301	8.74059245856832	9.122347763042237	9.523672036905152	9.92114667744564	10.347493567904325	10.777690091685434	11.215585882111396	11.679787500240602	12.183447859924675	12.685183402947535	13.238568193046278	13.77591284430158	14.328976831623455	14.933369263244343	15.591014955825457	16.209201906851707	16.903098313219	17.535400586427475	18.228334584464164	18.91260690752539	19.617731411083096	20.362956261749403	21.11844680127551	21.9246241795469	22.742029655008693	23.632898966373453	24.616801083030175	25.609364874662354	26.615402382923026	27.55214649138003	28.520329271970176	29.42948434161646	30.39766712220661	31.49160459132934	32.536459235591146	33.62526386028397	34.733958257142675	35.79068260414862	36.82110112345133	37.896432031515666	38.862369192667735	39.860707434283555	40.74836871787962	41.67837596802238
209106_HY55YBGXT_TCDM_1_D10_A04_2_1_o_ATGGCG_S76_R1_001 - polyg	0.0	0.0	0.0	0.0	0.0012832111074753464	0.0032080277686883656	0.0032080277686883656	0.0032080277686883656	0.0032080277686883656	0.0032080277686883656	0.0032080277686883656	0.0032080277686883656	0.0032080277686883656	0.0032080277686883656	0.0032080277686883656	0.0032080277686883656	0.0032080277686883656	0.0032080277686883656	0.0032080277686883656	0.0032080277686883656	0.0032080277686883656	0.0032080277686883656	0.0032080277686883656	0.0032080277686883656	0.0035288305455572024	0.003849633322426039	0.004170436099294876	0.004812041653032549	0.0051328444299013854	0.006095252760507895	0.006736858314245568	0.008340872198589751	0.009624083306065097	0.01219050552101579	0.013473716628491136	0.01604013884344183	0.01860656105839252	0.021172983273343216	0.026947433256982272	0.033363488794359006	0.038175530447391554	0.04138355821607992	0.0526116554064892	0.06191493593568546	0.07089741368801289	0.08308791920902868	0.09656163583751981	0.11548899967278117	0.1324915468468295	0.15494774122764807	0.17772473838533545	0.19408568000564613	0.21974990215515305	0.24092288542849627	0.2685119242392162	0.3070082574634766	0.3570534906550151	0.4462366626245517	0.5623672678510705	0.691009181375474	0.8260671504372542	0.9755612444581321	1.1510403634053856	1.332935537890016	1.539211723416678	1.7730769477540598	2.084897246870569	2.549740470553513	3.3883189292886517	4.3760706792678	5.289396185013377	6.036225049564029	6.72530941427829	7.291526315451787	7.744499836390584
209107_HY55YBGXT_TCDM_1_E10_A04_2_1_i_ATTGGT_S77_R1_001 - illumina_universal_adapter	0.03327449849343663	0.0491633593657351	0.056301833090970636	0.06136784670242812	0.06700954367882395	0.07426315407704716	0.08577682137581416	0.09556343857976611	0.10684683253255778	0.1178999531393741	0.14012133102599442	0.1659119457752325	0.20137404105543485	0.22129268548230177	0.23603017962472353	0.25410663728378774	0.26976522481011084	0.2883022291611257	0.30960251366384467	0.33573853843204576	0.3662497567737783	0.3980274785183752	0.43544689723936797	0.47240576926841005	0.5117825114301933	0.5549587638005695	0.595602009365217	0.632215471375296	0.6652596965227573	0.7097024522959979	0.7537997980502755	0.7894921666764533	0.8219607084589762	0.8577682137581416	0.8943816757682207	0.9344492379679298	0.9735957067837376	1.0231044761684358	1.074685705666912	1.1317934954687963	1.1990333124935955	1.263394712693703	1.334894586619046	1.4039765904116481	1.475591601009979	1.5690825794759669	1.6717844917809686	1.7706868938773772	1.8475981914331407	1.9306117326572507	2.021224294298547	2.126919760101228	2.222598335353982	2.3139017170332044	2.429038390020874	2.5621363839946207	2.6715162233329073	2.763740698396031	2.8694361641987123	2.998849784636853	3.1252698515773147	3.24558767484943	3.3623362612589274	3.4597418866064964	3.5699276826556963	3.6835675788945266	3.8043459488585927	3.9244334987847322	4.0222996708242515	4.11279709579256	4.209396764429216	4.311407856696292	4.424241796224208	4.53235513215963	4.6522124087397945
209107_HY55YBGXT_TCDM_1_E10_A04_2_1_i_ATTGGT_S77_R1_001 - polya	0.014622357469434091	0.04248543233245024	0.07737184424771425	0.14656898471330393	0.2912957826588051	0.5311254724921217	0.8531627468386348	1.181417401526482	1.4865295849438076	1.760209456635499	2.0532322893891193	2.3689370467213107	2.743822053969164	3.0875050228373593	3.4147234474683175	3.7489652091515233	4.125231856475229	4.460740121561299	4.804423090429494	5.150639066103418	5.521264016450727	5.902596677385891	6.2922191787761665	6.666413365986093	7.027136562456464	7.3816423785855	7.723022613993941	8.073844056587372	8.43663971317152	8.814403137244065	9.201838041847575	9.617826841352027	10.046710948231098	10.543986238864845	11.022839661820564	11.537615726748436	12.065632509069891	12.600902901789569	13.180731186955475	13.758026465315654	14.32150534291731	14.937486543401345	15.579718905326567	16.214812793526555	16.931308309528827	17.655287709275296	18.397343566680828	19.180733489688937	19.975291669976848	20.785738711137054	21.626351560620034	22.473296927117335	23.35754657566264	24.28462706655936	25.258453046689073	26.259451281643877	27.335748900732614	28.516360345548183	29.739572359369188	30.97694618396768	32.121750123484084	33.299828561493925	34.43565184051729	35.63629706643271	36.954842245487505	38.28421027180315	39.635799676005405	40.9057571790594	42.15188139080495	43.403301889507944	44.68028272961419	45.87689817197504	47.0510619631033	48.161670310742366	49.29300325951921
209107_HY55YBGXT_TCDM_1_E10_A04_2_1_i_ATTGGT_S77_R1_001 - polyg	0.0	0.0	0.0	0.0	0.0008059567109136901	0.0021875967867657302	0.0021875967867657302	0.0021875967867657302	0.0021875967867657302	0.0021875967867657302	0.0021875967867657302	0.0021875967867657302	0.0021875967867657302	0.0021875967867657302	0.0023027334597534002	0.0023027334597534002	0.0024178701327410702	0.0024178701327410702	0.0024178701327410702	0.0024178701327410702	0.0024178701327410702	0.00253300680572874	0.00253300680572874	0.00264814347871641	0.00276328015170408	0.00310869017066709	0.0033389635166424306	0.0037995102085931105	0.0047206035924944705	0.00518115028444515	0.00564169697639583	0.00621738034133418	0.006793063706272531	0.007599020417186221	0.008289840455112241	0.009786617203951952	0.01105312060681632	0.013125580720594382	0.01600399754528613	0.01830673100503953	0.021875967867657303	0.024984658038324392	0.028323621554966823	0.03200799509057226	0.037074008702029745	0.04283084235141325	0.048702812673784415	0.054805056342130926	0.06367058016218152	0.07414801740405949	0.08727359812465386	0.10074458886421127	0.11168257279803992	0.12377192346174526	0.13609154747142596	0.15117445163281074	0.16694817583212151	0.1854851801831364	0.21403907508407854	0.2572153274544548	0.31685612406206787	0.38455648777881785	0.470333309154632	0.5707324879998803	0.6786155505893271	0.8130951846389256	1.0033009684145564	1.3604549280223088	2.009480353653805	2.8293686019990028	3.625884105727704	4.269267834382804	4.831019661889646	5.317241831916577	5.7391026017434
209108_HY55YBGXT_TCDM_1_F10_A04_2_3_i_GCCACA_S78_R1_001 - illumina_universal_adapter	0.018367000715518528	0.027293456534002086	0.03042472637608794	0.03407008529672521	0.03780891495891727	0.04290307037365396	0.0502872589564833	0.05720409383153862	0.06365357499881993	0.06912161337977583	0.07893604124303	0.09253603413925364	0.11071609337166256	0.12155869939201956	0.1306253613228353	0.1411875551185279	0.1517964842849979	0.16464871124878314	0.18086588490854122	0.20414009955568682	0.2306857901572505	0.26101704579178364	0.29494692497617664	0.3311668373286623	0.36799430950125417	0.40645751965105503	0.4391722791952356	0.4731021583796286	0.5023585004862815	0.536101438187565	0.571667055349167	0.5993811302201657	0.6264409099002808	0.6569591070179235	0.6885054822926691	0.7223886261062846	0.7547762380550235	0.7931459774632695	0.837638050443355	0.88484077492853	0.9425122224678426	0.9985946674007236	1.0585094127373513	1.1135169441423522	1.1785258448937168	1.2676034615954428	1.3567278136679461	1.4441696923924632	1.5181517843330885	1.5941434972171424	1.6816321113124366	1.7787482117878757	1.8645076171644062	1.952743997192139	2.052243601577225	2.1640813438475455	2.2538599911109323	2.331954795679969	2.418228290135051	2.532589742427351	2.6349402044298587	2.7361222821629316	2.8346404437616926	2.923577854351086	3.018918010736984	3.117623113818855	3.218618250068818	3.325455307665956	3.412429832682699	3.4875335735219823	3.5651142890124676	3.6459197450865934	3.736446158282419	3.828327897230789	3.915863246696861
209108_HY55YBGXT_TCDM_1_F10_A04_2_3_i_GCCACA_S78_R1_001 - polya	0.013366316042336637	0.04963296376559968	0.0897319118926096	0.168714688506417	0.33953246869781706	0.6002691022649362	0.932884736087698	1.278726479840464	1.6169036227857365	1.9039522701005325	2.1792236039794233	2.4689829027993087	2.81688100286628	3.1124822230333407	3.3848559639240325	3.6672310741610885	3.960682467272388	4.249507058676725	4.553941263920715	4.870152782600608	5.192393164110787	5.515661723778068	5.882394178268333	6.210803628721129	6.537717547309048	6.868323560188381	7.18607734610393	7.5126173817256285	7.883462548844304	8.25575651245708	8.651371426087778	9.065213134321661	9.507096065021987	10.044739770445206	10.540181436056432	11.039735814296069	11.539336927906485	12.03533941796704	12.567047731301528	13.081370486706826	13.602469870874843	14.155489513283829	14.710612247377796	15.295038058949192	15.929423981881632	16.619284789926844	17.290124302065657	17.987042151098258	18.71681496578737	19.466216636202994	20.271560545439165	21.082372493056294	21.905382372446322	22.78124995618559	23.722827471237885	24.690062704846973	25.707258049817103	26.81021280016376	27.965464430410332	29.151047316291436	30.264096906726014	31.463980816065003	32.60455753988747	33.835800883018095	35.20753075070559	36.57785855726976	37.9604310309776	39.26523584771186	40.541438617530346	41.853066798398096	43.17651902807253	44.37696376186085	45.52370955462594	46.58614473850859	47.691155845169455
209108_HY55YBGXT_TCDM_1_F10_A04_2_3_i_GCCACA_S78_R1_001 - polyg	0.0	0.0	0.0	4.673537077740083e-05	0.0007945013032158141	0.0017759440895412316	0.0017759440895412316	0.0017759440895412316	0.0017759440895412316	0.0017759440895412316	0.0017759440895412316	0.0017759440895412316	0.0017759440895412316	0.0017759440895412316	0.0017759440895412316	0.0017759440895412316	0.0017759440895412316	0.0017759440895412316	0.0017759440895412316	0.0017759440895412316	0.0018226794603186324	0.0018226794603186324	0.0018694148310960332	0.0019161502018734341	0.002196562426537839	0.002523710021979645	0.0029443283589762523	0.0032714759544180583	0.0035518881790824633	0.004019241886856472	0.004346389482298278	0.004720272448517484	0.00504742004395929	0.005654979864065501	0.00616906894261691	0.006636422650390918	0.00729071784127453	0.008178689886045145	0.008786249706151356	0.009861163234031575	0.010889341391134394	0.012010990289792014	0.013553257525446241	0.014674906424103861	0.016123702918203288	0.018740883681737732	0.021264593703717378	0.023881774467251825	0.027340191904779487	0.03098555082541675	0.03491132197071842	0.03865015163291049	0.04285633500287656	0.04710925374362004	0.051502378596695715	0.0562693864159906	0.060942923493730684	0.06701852169479279	0.07370167971596112	0.08136628052345485	0.09118070838670903	0.10646317463091909	0.1344576617265822	0.1734816963257119	0.22189954045109914	0.282047962641614	0.38505271983500544	0.5969976263105182	0.9875183845264796	1.4711827367018007	1.9170849092889821	2.2785362668814	2.5981594676280446	2.891236977773125	3.153001789497347
209109_HY55YBGXT_TCDM_1_G10_A20_2_1_i_CATCTA_S79_R1_001 - illumina_universal_adapter	0.003192697721171165	0.005420161247569652	0.006266597387601077	0.007320930123429694	0.008271314561359716	0.009191999485604422	0.010350280519331637	0.011449162525688223	0.012473795747831527	0.013646926538401397	0.015918939335327852	0.018473097512264787	0.022215236236614245	0.024160554383002256	0.026284069611502148	0.028244237514732814	0.0312587381537921	0.03465933247076046	0.0388172643867043	0.04492051444903616	0.05185535089455678	0.05948812591168226	0.06786338877094057	0.0759565062501884	0.08406447348627889	0.09269218221186237	0.09984976501002284	0.10709644634923926	0.11413523109265847	0.12200560221926646	0.12953442893849335	0.13685535906192303	0.14426538772640868	0.1517496651751076	0.1600952285206806	0.16858928943468016	0.17791493673186848	0.18942349828492733	0.202194289169612	0.2157669669238001	0.23220564774862093	0.24800578902920753	0.26417717423086057	0.2807495028672653	0.29908895256794615	0.32081414682875276	0.3433115284453775	0.36742753355785174	0.39124654353347293	0.41986202496927216	0.4518484012083544	0.4876660147128421	0.5211225168793474	0.5548314649121778	0.5883473661060536	0.6237937356894749	0.6567898953938579	0.6888802199308387	0.7233019562921167	0.7609757894019364	0.797446792207501	0.833769297444639	0.8720222710713224	0.9098594515064113	0.9493004056805072	0.9905233306757218	1.0329490859751917	1.0780032482358117	1.1240523442048898	1.1689134596265554	1.215244700975644	1.2632985141184805	1.3137728376266702	1.3646629543264543	1.409999261967085
209109_HY55YBGXT_TCDM_1_G10_A20_2_1_i_CATCTA_S79_R1_001 - polya	0.005019217812817924	0.016082286660597075	0.02839273508315938	0.052063247490353966	0.09961216890054034	0.1738758028706659	0.2644741693677137	0.36202222206712475	0.4521602461020502	0.531428248128151	0.6060334265056577	0.6883159291708177	0.7843938559428059	0.8672109498543016	0.9433308034297593	1.0230591479179825	1.1072869687295306	1.1972913449528721	1.2864641347930248	1.379423612628055	1.4746551032600117	1.5778312138027897	1.6949363962639794	1.8100517113082533	1.9268301991189045	2.0416782185400106	2.156258942337949	2.2751460956202574	2.416649428573932	2.563736270100445	2.7188271305651504	2.8853968530692296	3.0772260119626673	3.3113918276145187	3.5287625682773256	3.7564390401889365	3.9907533534092146	4.220464242008269	4.472212169761827	4.725549021497548	4.982850758310258	5.2608976054321595	5.550438164350278	5.869306993032643	6.217652589047681	6.618967267720475	7.004496654869524	7.410310809865644	7.841265603196381	8.300004291579727	8.817651965357893	9.357529725129515	9.919711819678808	10.518379766790508	11.181555057626708	11.874132867011369	12.614185349022003	13.39618839411314	14.272487395155148	15.190736959277661	16.092740889414305	17.023716695150974	17.916008884312525	18.900191368816433	20.015304159402042	21.151429355920012	22.353205327439365	23.55348147351761	24.744298324487087	25.9871041741627	27.297773412609256	28.544054105386053	29.716071164192723	30.816126301339878	31.94745502639767
209109_HY55YBGXT_TCDM_1_G10_A20_2_1_i_CATCTA_S79_R1_001 - polyg	0.0	0.0	2.969951368531316e-05	0.00011879805474125264	0.0009503844379300211	0.0019453181463880119	0.0019601679032306687	0.0019898674169159815	0.0019898674169159815	0.0019898674169159815	0.002019566930601295	0.002019566930601295	0.002019566930601295	0.0020344166874439514	0.002049266444286608	0.002093815714814578	0.0021235152284998907	0.0021235152284998907	0.0021383649853425474	0.002153214742185204	0.002153214742185204	0.002153214742185204	0.0021680644990278606	0.0021829142558705173	0.0022423132832411438	0.0024502098790383357	0.002539308420094275	0.002583857690622245	0.002717505502206154	0.0027769045295767806	0.0029848011253739725	0.0031629982074858516	0.0033708948032830435	0.0035045426148669527	0.003667889940136175	0.0038906362927760237	0.004232180700157125	0.00455887535069557	0.004796471460178075	0.005331062706513712	0.005865653952849349	0.006415094956027642	0.007068484257104532	0.007870371126607987	0.008612858968740816	0.009607792677198808	0.010558177115128829	0.011835256203597294	0.01367662605208671	0.01568134322584535	0.017997905293299775	0.020002622467058414	0.02197764012713174	0.024160554383002256	0.026655313532568562	0.029417368305302685	0.032714014324372445	0.038059926787728814	0.04766771946492762	0.05988906934643399	0.07349144661430741	0.08905399178541151	0.11021489528619714	0.1360534721924196	0.1661836288261698	0.2018824442759162	0.2527725609757003	0.33835170965993017	0.4834932330400556	0.6566859470959593	0.8123856475912136	0.9400044578970042	1.0533675016338444	1.15893442302829	1.2575368084635299
209110_HY55YBGXT_TCDM_1_H10_A04_2_2_o_AACAAG_S80_R1_001 - illumina_universal_adapter	0.007701487550463939	0.011866340334551688	0.01372772705369705	0.015100499759066757	0.016496539798425778	0.01861386719145363	0.022336640629744355	0.026245552739949617	0.02959604883441127	0.03301634693084087	0.03871684375822355	0.04683714332049519	0.058703483655046886	0.06556734718189541	0.07180299269103238	0.07864358888389159	0.08676388844616323	0.09735052541130249	0.10865844973011056	0.12678370290778854	0.14579311477706056	0.16694312137334974	0.19193223807787624	0.21673521611048818	0.24265502617458737	0.27173919366123367	0.2972401917135251	0.3199956443550772	0.3420763443109391	0.36988080842817295	0.3982436885611504	0.4222788445721149	0.4435451878383507	0.4678130171892083	0.492080846540066	0.5162323392209771	0.5429199713067238	0.5760061202395326	0.612372963264835	0.6550685211352318	0.7085601219766717	0.761865584146197	0.8202898597933721	0.8758289860258719	0.938883461136921	1.0327904211178045	1.1272092624464531	1.2205810737455824	1.2992479299634634	1.380404390918201	1.4692623394234028	1.5721504903241628	1.6677792330202559	1.7661535211270882	1.8769060309162373	2.001874881772859	2.0918729296435377	2.1661422597374376	2.2489507014054166	2.373733413590124	2.4856027554107603	2.585163677551048	2.6852364810391007	2.772070171487232	2.8723756483151774	2.97891677065226	3.08897126042173	3.196000996772588	3.2834396379044417	3.3533579765423394	3.4292560200154916	3.5090397082648597	3.5957337947090546	3.689989764699778	3.781290783273858
209110_HY55YBGXT_TCDM_1_H10_A04_2_2_o_AACAAG_S80_R1_001 - polya	0.011051983644925592	0.037064863044982035	0.06403170313860049	0.11701142263227537	0.230369873828228	0.40610804744953954	0.6321734644897439	0.8707799745501901	1.101289452382354	1.2919885217587963	1.4735435288774372	1.666406460314886	1.897497621496783	2.096410059771454	2.272427441400638	2.451678982454336	2.643797359204127	2.8408251434256635	3.0393187696885273	3.2460722995175986	3.458223850832191	3.671329362840346	3.915659637062164	4.149752284328683	4.38354245625334	4.621241540288203	4.851448542778506	5.093219410261499	5.368262565349216	5.651635426005108	5.9576008679646275	6.2696856187633365	6.608132258971942	7.0405091264954205	7.418975581165651	7.80877322748868	8.195708991731022	8.574594258413061	8.977817156447925	9.374083121619984	9.774048592896344	10.18806753390225	10.613883013240741	11.071877215486458	11.554418455090904	12.081539906618882	12.611104428215738	13.178804110221083	13.760720133293903	14.3777465633566	15.023624487566053	15.67413261123938	16.333156579152796	17.03136273750422	17.768122868275945	18.53650330593915	19.340924843951807	20.181061739638068	21.09088430062233	22.04002865604854	22.949851217032805	23.92610201655657	24.86533448770333	25.87613727820123	26.99792525182817	28.107777083118595	29.242804169785458	30.326084705660083	31.394055335769732	32.49732251154118	33.64686841461738	34.707556369188374	35.70018737184061	36.63830301095589	37.59677756731182
209110_HY55YBGXT_TCDM_1_H10_A04_2_2_o_AACAAG_S80_R1_001 - polyg	0.0	0.0	0.0	9.306933595726815e-05	0.0010237626955299495	0.0017915847171774118	0.0017915847171774118	0.0018148520511667289	0.0018148520511667289	0.0018148520511667289	0.0018148520511667289	0.0018148520511667289	0.0018381193851560458	0.0018381193851560458	0.0018381193851560458	0.0018381193851560458	0.0018613867191453629	0.0018613867191453629	0.00188465405313468	0.00188465405313468	0.001907921387123997	0.001907921387123997	0.001907921387123997	0.0020009907230812652	0.0021173273930278503	0.0022801987309530695	0.002443070068878289	0.002699010742760776	0.0028618820806859953	0.003164357422547117	0.0034435654304189214	0.0036995061043014086	0.003978714112173213	0.004374258789991603	0.004700001465842042	0.004979209473713846	0.005467823487489504	0.006002972169243796	0.006468318849030136	0.007422279542592135	0.00886485424992979	0.010167824953331545	0.012145548342423493	0.013960400393590222	0.016007925784650122	0.01807871850969934	0.021010402592353285	0.024058423344953814	0.026408424077874835	0.028781692144785175	0.03159703955749254	0.0345519909741358	0.03736733838684316	0.040299022469497105	0.04402179590778783	0.04851239136772602	0.05318912549957874	0.058307938977228496	0.06528813917402361	0.07547923146134447	0.09071933522434712	0.12103667141242722	0.15986985184059735	0.2022862017031223	0.2500773057171795	0.3042901939122882	0.3837946741537845	0.5163952105589023	0.7381794381450723	0.9942829833654849	1.2367286035341685	1.450997482241789	1.6521203172454455	1.8444481000011401	2.020279342958409
209111_HY55YBGXT_TCDM_1_A11_A04_2_2_i_GCAGCC_S81_R1_001 - illumina_universal_adapter	0.0016764211218187265	0.002537286022212127	0.0030205785978715794	0.0035642827454884637	0.00409288400011599	0.004712102612679664	0.005497453048126275	0.006297906376562243	0.007053051026030138	0.007702475424572528	0.009137250258561528	0.01078346559440154	0.01279215036198614	0.013758735513305045	0.014997172738432393	0.016175198391602308	0.017579767439612592	0.01925618856143132	0.021582034081792434	0.025629609402940352	0.029269406613375605	0.033649245580289394	0.03845196555090521	0.042922421875755144	0.04737777530761572	0.05221070106421025	0.056786877639985696	0.060834452961133614	0.06454976463651566	0.06902022096136559	0.07365680910909847	0.07732681210551244	0.08102702088790512	0.08521052224595725	0.08977159592874334	0.09400040596576355	0.09835003914669863	0.10353033144204839	0.11011519278540843	0.11679067148670462	0.12542952627661733	0.13343405956097704	0.14166513624017707	0.149805595561441	0.15895794871299188	0.1710704688904569	0.18393813371738985	0.19659435804247175	0.2092052736885856	0.22239009926829503	0.23827834269309955	0.2566283576751694	0.2736644209671651	0.2915915549455329	0.30976033521173046	0.3295300221348	0.34797065447480596	0.3654295987705037	0.38480661047584985	0.40644905612959975	0.42865030882395583	0.4486465391418657	0.4696999719690306	0.4907534047961955	0.5141477860367109	0.5394904404728534	0.5658751945252617	0.5938306494485631	0.6200190658921098	0.6456788810810289	0.673030220284756	0.7028584339387378	0.7335626153861025	0.7649313241249988	0.7938684670926085
209111_HY55YBGXT_TCDM_1_A11_A04_2_2_i_GCAGCC_S81_R1_001 - polya	0.0025976975941695585	0.009016427114646664	0.01508779009636854	0.026460268517355036	0.05174251138154016	0.09147822283654078	0.141408387059358	0.1927733261161642	0.24190303701054544	0.28275636254675857	0.32143487149250416	0.36257515199551504	0.4124600075393642	0.45651514638932117	0.496975796707811	0.5380556656388644	0.5833945503929169	0.6294130653314903	0.6760507988826275	0.7250294808471153	0.7774969310921446	0.8314293619571416	0.8921580946673497	0.9500625863885479	1.0113199203533836	1.0708555245174323	1.1303156142165345	1.1931134432662844	1.266513503194564	1.3422696144291832	1.42442935229129	1.51004765264796	1.6080956339348715	1.7293265559604474	1.8436403529968972	1.9631042365427183	2.088971746716027	2.2166818098340375	2.357063200170119	2.500631300926955	2.6497421634108855	2.8161609412606206	2.9849206675237054	3.1734651836028496	3.378864528258117	3.6042298974453155	3.835621320935268	4.093306881119692	4.36526467517906	4.658185284707656	4.981326783107958	5.322380312593638	5.687553162183322	6.084185337869839	6.519360096465198	6.989875624655654	7.4855072638874125	8.02890935364451	8.624295601070976	9.243363184704757	9.873727732294576	10.545459103782248	11.202193302531487	11.9364506509951	12.761264945822901	13.606936335869008	14.518697985636544	15.446695245367641	16.384192224789043	17.36938414027084	18.387893037687157	19.385408913848266	20.367685970983114	21.324167286892138	22.309948215200517
209111_HY55YBGXT_TCDM_1_A11_A04_2_2_i_GCAGCC_S81_R1_001 - polyg	0.0	0.0	0.00010572025092550528	0.00018123471587229477	0.001329054583063495	0.002507080236233411	0.002507080236233411	0.002507080236233411	0.002507080236233411	0.002507080236233411	0.002507080236233411	0.002507080236233411	0.002522183129222769	0.002522183129222769	0.002522183129222769	0.002522183129222769	0.002522183129222769	0.002522183129222769	0.0025976975941695585	0.002627903380148274	0.002643006273137632	0.0026883149521057057	0.0027185207380844216	0.002763829417052495	0.0028695496679780005	0.002914858346946074	0.0030054757048822217	0.0031565046347758006	0.0031867104207545164	0.0032773277786906636	0.0034283567085842425	0.0034736653875523165	0.003670002996413969	0.00380592903331819	0.003926752177233053	0.00409288400011599	0.004334530287945716	0.004636588147732874	0.004999057579477464	0.005361527011222053	0.005723996442966643	0.006146877446668664	0.0066603758083068326	0.00732490309983858	0.008246179572189411	0.00898622132866795	0.009998115158954927	0.011221449491092918	0.012731738790028707	0.01486124670152817	0.016658490967261762	0.018485941018974068	0.020132156354814076	0.021717960118696658	0.023439689919483458	0.025116111041302184	0.02723051605981229	0.029813110760992488	0.032652454642991775	0.03597509110065051	0.03993204906386228	0.045943000473626726	0.05523127966208183	0.06914104410528045	0.08610159293232937	0.10541819306571812	0.13051920121403096	0.16882013783504257	0.23546920459707898	0.3168133862377606	0.3977799955537083	0.46835581449297775	0.5331472254173232	0.5942686333452546	0.6477177716345921
209112_HY55YBGXT_TCDM_1_B11_A20_2_2_o_ACTCTT_S82_R1_001 - illumina_universal_adapter	0.002634118412046452	0.004024718995055746	0.004840359721628506	0.005415319578065041	0.005883310158885476	0.006418156536965975	0.007501220452578982	0.008263376541343691	0.008998790311204376	0.009881286835037199	0.011352114374758566	0.013518242205984583	0.016312814531455184	0.01807780757912083	0.019388181205418048	0.021300257007055828	0.02350649831663788	0.02618073020704037	0.02963048934565958	0.035380087910024935	0.040140220674941364	0.04552879793410238	0.05142547925243987	0.05750935680310553	0.06336592464308699	0.06936957523704057	0.07479826597455763	0.07979907960961027	0.08459932585288275	0.08988093383642766	0.0950689437038085	0.09966862255530078	0.10378693966652061	0.10856044359088905	0.11424318635799434	0.11980558869003152	0.12551507377604085	0.13260178828560742	0.14078493787023905	0.14979709934089544	0.16054751154031344	0.1713647795369915	0.18190125318517733	0.19258480958733526	0.2048595339642827	0.2199154595072487	0.2360410778063757	0.2523538923378309	0.27003056513339135	0.2910633989514069	0.31589364205379405	0.34362542675726787	0.37059505537197696	0.39690949717353746	0.4239326104260546	0.45320207846650984	0.483420898828058	0.5118212415041324	0.5385501892487053	0.5697852177286064	0.5998168418578264	0.6281770710555448	0.6585028606927089	0.6905401587397307	0.7242087382398982	0.7593214029608828	0.7954770181191244	0.8355637541562577	0.8745406839588741	0.9139989755017628	0.9562919528484781	0.9987721264275217	1.045223534363813	1.0918220250540762	1.133406330949835
209112_HY55YBGXT_TCDM_1_B11_A20_2_2_o_ACTCTT_S82_R1_001 - polya	0.00486710204053253	0.014775131194473753	0.025017439334715286	0.04249354473849556	0.07989267772577437	0.1357974953946384	0.2050868436749669	0.2759406176111809	0.3423551666093267	0.3989953980480514	0.45137022962158413	0.5063524372882593	0.5699323004825785	0.6225344417667955	0.6723954953633499	0.7227780241785328	0.7778672011208241	0.8401634330077501	0.8994778963368772	0.9643413908385896	1.0309030225907077	1.1038293262419836	1.187091536149665	1.2722791930184363	1.3593789256888453	1.4486180438715763	1.5386861739403324	1.6331266731498961	1.7470623228404942	1.8620944076061574	1.9875693679038422	2.119622938651917	2.2740598303226607	2.4660161954157513	2.6426625829362878	2.828655410913781	3.022042490068237	3.210669436457777	3.4234981814554586	3.6304569874537074	3.852271151603142	4.091307369126769	4.34313978624597	4.623626598070836	4.938878424470933	5.302012372868687	5.655733025012225	6.027558227053786	6.422034173207058	6.853708684955827	7.325055426798718	7.817194321589488	8.327798787583488	8.884025649627754	9.491865187156787	10.137906127240221	10.83946412136841	11.59159184054411	12.421071717149703	13.289622121674075	14.13719317701824	15.012054768803962	15.870790742290557	16.815195734386197	17.883230466775142	18.986003471420418	20.16431015581011	21.352257446164703	22.526445813443175	23.751123678812448	25.009363154406273	26.209531684500003	27.383827021054095	28.508395015606148	29.65685727209895
209112_HY55YBGXT_TCDM_1_B11_A20_2_2_o_ACTCTT_S82_R1_001 - polyg	0.0	0.0	2.6742318904024894e-05	0.00012034043506811202	0.0013237447857492321	0.002660860730950477	0.002660860730950477	0.002660860730950477	0.002674231890402489	0.002700974209306514	0.002727716528210539	0.0027410876876625516	0.002754458847114564	0.0027812011660185887	0.0028213146443746263	0.0028213146443746263	0.0028213146443746263	0.0028346858038266385	0.002848056963278651	0.0029550262388947507	0.002968397398346763	0.002968397398346763	0.0029817685577987756	0.002995139717250788	0.0030218820361548127	0.0031823359495789624	0.003262562906291037	0.003382903341359149	0.0034230168197151864	0.003543357254783298	0.003570099573687323	0.0037305534871114724	0.0038508939221795846	0.0040514613139597715	0.004211915227383921	0.004439224938068132	0.004733390446012406	0.004987442475600642	0.005308350302448942	0.005722856245461327	0.006297816101897862	0.00677917784217031	0.00748784929312697	0.008009324511755456	0.008611026687096016	0.009547007848736886	0.010402762053665684	0.011659651042154853	0.012756086117219874	0.01416005785968118	0.015711112356114623	0.017355764968712155	0.019094015697473772	0.021059576136919604	0.023359415562665745	0.02579296658293201	0.028547425430046573	0.032171009641541945	0.03678405965248624	0.0427609679275358	0.04967385736422624	0.05843196680529439	0.06946317335320466	0.08395751019918615	0.10069820183310574	0.12100899304071264	0.15069296702418028	0.20396366628099785	0.2930289593908528	0.3983535823943548	0.49605664451020975	0.5751737949877674	0.6466426422587739	0.7138327185051364	0.7750191441575455
209113_HY55YBGXT_TCDM_1_C11_C17_2_1_i_TGCTAT_S83_R1_001 - illumina_universal_adapter	0.0032946720791884126	0.004812805292147779	0.005733375431921012	0.00647629168507134	0.007316110058197798	0.008285131257959096	0.009980918357541366	0.011983562170381382	0.014454566229772692	0.016489510749271418	0.018766710568710467	0.02086625650152661	0.02427398105402051	0.0260343695669202	0.02769785595984376	0.029926604719294748	0.03254296195865025	0.035692280857874466	0.04011747767011773	0.04619001052195519	0.05208488948716976	0.059191044952085936	0.06663635783691858	0.07409782107508057	0.08094557088672708	0.0877125689317268	0.09456031874337331	0.10092355795513916	0.10727064681357566	0.11360158531868281	0.12049778619031738	0.12695792752205937	0.1332242646138491	0.13982975912555526	0.14651600540390822	0.1544135281819628	0.16203649495341835	0.1713390984711268	0.1815299714219498	0.19272216627919278	0.20591700494927578	0.2189987911460533	0.23164451780293824	0.243918786333248	0.25900321634286555	0.2759449369853589	0.2957775708738068	0.3152064459290208	0.33610500313720615	0.36141260680430537	0.3894496201840656	0.4193277738433723	0.4497711898692064	0.479148682575303	0.5094144447145142	0.5411014379467087	0.5706081334794402	0.6004216857254294	0.6306874478646407	0.6623582907435057	0.6938030286757598	0.7242787454082527	0.7547060110807574	0.7870713191527847	0.821390819977664	0.8584558808685337	0.8966676168457876	0.9412102913281485	0.9822644894913688	1.0244653627409734	1.0699609080697663	1.118169712757891	1.167638245005705	1.218721812586455	1.2634582913087682
209113_HY55YBGXT_TCDM_1_C11_C17_2_1_i_TGCTAT_S83_R1_001 - polya	0.004021437979009386	0.013307891143388489	0.02408017681406825	0.04308914268271904	0.08569377476555744	0.1496814746564618	0.231224608616375	0.31590091112218305	0.3943431772428601	0.46164169956628226	0.5260816093504086	0.5980152830793556	0.6819648196853426	0.7546737103740987	0.8221983376441319	0.8910311435338426	0.9620926981830045	1.0374340964644455	1.117039188024836	1.196434324991945	1.278284315665116	1.3643333982039192	1.4629313052796313	1.5588805544093292	1.6578660699649457	1.757513750007066	1.8549165309364055	1.9566153058513538	2.076289424021874	2.2034411557838856	2.3398470400036175	2.4847964611345783	2.6488032991941783	2.8576919691560554	3.047313267596012	3.2495318416328653	3.4541083672558046	3.660865190578207	3.8906201170416104	4.11522308079295	4.346253885169372	4.594420214428241	4.849967255158624	5.122423715824843	5.419347961785034	5.756357384708684	6.09220398219262	6.444879247845745	6.834474221209774	7.25021661661403	7.712859638086732	8.19360720564164	8.712162750340571	9.272806115815799	9.895741394082348	10.562605633404745	11.266615685384657	12.017235657073087	12.855164438860012	13.732903841603795	14.596689339071016	15.517162576724273	16.407628457891587	17.391168825295974	18.511857993173244	19.657031096697818	20.892193968973555	22.130086250961956	23.3565602331465	24.65960304046552	25.98753354226507	27.260359038504866	28.460588696529207	29.5982357354023	30.760189056036072
209113_HY55YBGXT_TCDM_1_C11_C17_2_1_i_TGCTAT_S83_R1_001 - polyg	0.0	0.0	0.0	4.845105998806489e-05	0.0010659233197374276	0.001776538866229046	0.001776538866229046	0.001808839572887756	0.0018411402795464658	0.0018734409862051758	0.0018895913395345306	0.0018895913395345306	0.0018895913395345306	0.0018895913395345306	0.0019057416928638857	0.0019218920461932406	0.0019380423995225956	0.0019541927528519505	0.0019703431061813053	0.0019864934595106606	0.0020026438128400155	0.0020026438128400155	0.0020187941661693703	0.00208339557948679	0.0022287487594509848	0.0022771998194390498	0.0023741019394151797	0.0025033047660500195	0.002648657946014214	0.0027455600659903436	0.0028586125392958284	0.003100867839236153	0.0033269727858471223	0.003553077732458092	0.003859934445715836	0.0041506408056442255	0.004538249285548745	0.0047482038788303595	0.005071210945417458	0.005701074725262302	0.006088683205166821	0.006718546985011665	0.007396861824844573	0.008075176664677481	0.008866543977815874	0.009964768004212012	0.01073998496402105	0.012096614643686868	0.013533996089999459	0.015003678242970761	0.01679636746252916	0.018605207035416918	0.0205109487282808	0.022885050667695982	0.025259152607111163	0.02866687715960506	0.03272061584527315	0.03750112043076222	0.04262078243616775	0.048951720941274895	0.05476584813984268	0.06276027303787339	0.07278964245540281	0.08564532370556936	0.10032599488195303	0.12036858336368254	0.15838651510098412	0.22797838759717465	0.34309810612881686	0.47362526173666364	0.5892133405148571	0.6837898096115598	0.764331621665053	0.8366206031672458	0.9013673696646298
209114_HY55YBGXT_TCDM_1_D11_A03_2_3_i_AAGTGG_S84_R1_001 - illumina_universal_adapter	0.0015175607261771347	0.002201042274608058	0.002571744131384152	0.0028266016579177166	0.0030582903184027755	0.00331314784493634	0.003660680835663928	0.00410088929058554	0.004402084549216116	0.004668526508773934	0.005155072695792557	0.006128165069829804	0.00729819280527935	0.007877414456491998	0.008294454045365104	0.008815753531456486	0.009371806316620625	0.010194301061342585	0.010935704774894773	0.012082563644295814	0.013912904062127777	0.0157779977790325	0.01781685799130102	0.020180082328248618	0.02263598212939024	0.02528881729194416	0.02772154822703728	0.03032804565749419	0.03289978978887834	0.035865404643087094	0.038784681765198836	0.0412058282672677	0.04403242992518541	0.046801109417981865	0.05004475066477269	0.053508496139024316	0.05672896851976664	0.06137432616249206	0.06622820359965405	0.07071137918003993	0.07634141362982685	0.08153123962469218	0.08647779252604818	0.09154018975764672	0.09696170441299709	0.10415563732105816	0.11227632487105947	0.12006106386335744	0.12741717883375805	0.13612867246799626	0.14585959620836875	0.15673737881814223	0.16717495297299415	0.17837709970744672	0.18959083087492357	0.20298243545095998	0.21506499909525578	0.22700854954326055	0.23927646411594442	0.25416246055210945	0.26831863770774655	0.2816870734177344	0.29565789964498346	0.3109609356700216	0.32633347829320525	0.3444747004091853	0.3624074027307289	0.3814522106226007	0.4001610699567692	0.419113202384447	0.4390268427531378	0.4597282245674778	0.47990830689572644	0.5016175343831765	0.5212531483592852
209114_HY55YBGXT_TCDM_1_D11_A03_2_3_i_AAGTGG_S84_R1_001 - polya	0.0012279499005708114	0.003382654443081858	0.006070242904708539	0.011653939622398454	0.02489494656911956	0.0475077598324613	0.0756695165144202	0.10456109247690701	0.1297688187376814	0.15641301469346316	0.18387970539396686	0.21534302548783785	0.2515907164207253	0.2856026117799319	0.3193017274474837	0.35513237879149806	0.3929207993166111	0.431937169742295	0.47168335944850687	0.5111862760612094	0.5542919513444545	0.5994828245720653	0.6463766094542411	0.6909071699994694	0.734626820233	0.7771648582980568	0.81944803883658	0.8631097669049893	0.9084975754940123	0.9557852310990128	1.0084480636272668	1.064064926576705	1.1242576405707234	1.1974828417170262	1.2700477301809465	1.3475475871131988	1.4337821065457375	1.5203062368038827	1.6140011311040405	1.7118200835608324	1.815720863355357	1.9298043597781998	2.048162511986992	2.1781514349521345	2.328181427049234	2.4846639483408426	2.6448650726332366	2.8139514570552326	2.992305387896631	3.1842478586754774	3.3934627190934856	3.6124316721179146	3.8577667947055434	4.115033883308152	4.390094661036015	4.687281705840199	5.003571480701377	5.336705021179819	5.6947335082273804	6.070335580172733	6.448914851405319	6.84485918774126	7.253789673497389	7.70835124093605	8.205392924274646	8.740049261642993	9.319583692547294	9.913494404834694	10.51009270558372	11.132084083521908	11.780348955559102	12.43429019977818	13.083991541510382	13.731572931999146	14.411602319388843
209114_HY55YBGXT_TCDM_1_D11_A03_2_3_i_AAGTGG_S84_R1_001 - polyg	0.0	0.0	1.1584433024252938e-05	4.633773209701175e-05	0.0014480541280316173	0.003174134648645305	0.003174134648645305	0.003185719081669558	0.003197303514693811	0.0032088879477180634	0.0032088879477180634	0.0032088879477180634	0.0032204723807423164	0.0032320568137665694	0.0032320568137665694	0.0032436412467908224	0.0032436412467908224	0.0032436412467908224	0.0032436412467908224	0.0032552256798150754	0.0032783945458635813	0.0033015634119120873	0.0033015634119120873	0.003324732277960593	0.003371070010057605	0.003382654443081858	0.0034058233091303638	0.0034753299072758813	0.0035795898044941577	0.003637511969615422	0.0037417718668336986	0.003846031764051975	0.003961876094294505	0.004147227022682552	0.004286240218973587	0.004460006714337381	0.004656942075749681	0.0049465529013560045	0.005456267954423133	0.006139749502854057	0.0070896730108427975	0.008190194148146826	0.009151702089159821	0.009962612400857527	0.011132640136307072	0.012592278697362944	0.014295190351928125	0.016739505720045494	0.019299665418405394	0.02217260480842012	0.025729025746865773	0.028173341114983142	0.030548149884954995	0.03292295865492685	0.035842235777038586	0.039271227952217456	0.044148274255427944	0.05157389582397408	0.06425884998553104	0.07992100343432101	0.09640565162783295	0.11432676951635223	0.13377703256407292	0.15454792097655842	0.17676686351707557	0.2035848259682211	0.23619500493149315	0.284919130231501	0.3664156165571204	0.46562470097682257	0.5573502416628573	0.6362402305580198	0.7028970581795713	0.7641787088778692	0.8161348909916437
209115_HY55YBGXT_TCDM_1_E11_C14_2_3_i_CTCATA_S85_R1_001 - illumina_universal_adapter	0.003920191756179753	0.005904788832745754	0.0066888271839817045	0.007546369130646026	0.00891843624530894	0.010315004558447976	0.01359816515424852	0.01636680058205047	0.019821469567183878	0.02374166132336363	0.03038148611039309	0.04015746430236635	0.055617720540800254	0.06230654772478196	0.06742729820629176	0.07232753790151646	0.07779130516169198	0.083549086803581	0.0901399091936582	0.09861732386639692	0.10574717262294885	0.11402857770787858	0.12289801155623527	0.1323064717710667	0.14237646434475343	0.15337750246053286	0.16403552379764655	0.17466904393628413	0.18420001014349616	0.19689163095412812	0.20931373858152272	0.22117231864396647	0.23293289391250574	0.24486497757037787	0.25740959119015305	0.2710077563444016	0.2856349718346473	0.30535843660792666	0.32709099965624816	0.3524252388805598	0.38616338918218185	0.41664288008647943	0.45020952199876857	0.4813505452619215	0.514402662006212	0.5644586104929322	0.6136080146360359	0.6673881452911269	0.7113187941588163	0.7576260592786896	0.8105486479871163	0.8748642939869403	0.9338631799174456	0.9972722815736532	1.0732014956511597	1.1636844216234836	1.230229676684635	1.2875869823172401	1.3521231391033492	1.4450071825263333	1.531667921536382	1.6142614615993942	1.6970510112502153	1.7725392037551517	1.858121890032251	1.9458116793782967	2.0358535837780507	2.1312367494455993	2.2126542319817575	2.2789789762566235	2.353021598051469	2.431523437968968	2.5173266350323527	2.6073930406305825	2.6974104438318602
209115_HY55YBGXT_TCDM_1_E11_C14_2_3_i_CTCATA_S85_R1_001 - polya	0.005831285237317383	0.017542858108904397	0.028225380644494227	0.050227456876053095	0.09334956619403038	0.1562196414837632	0.24114079540200709	0.3308396830230951	0.4171329040560019	0.4937726528893161	0.5722744928068156	0.6631494379547576	0.769607145333514	0.8630302151229727	0.956551289706336	1.0533800260839759	1.1560400476989332	1.254240851191236	1.361776611302942	1.4779367932782432	1.603309425880567	1.7320142214756435	1.872847110316401	2.0134349871723973	2.1525282909213503	2.2966688415563845	2.438824795114853	2.5854399667959758	2.740067030378791	2.905376616497196	3.088155557129077	3.2845571641136826	3.505729482757649	3.7761247091401478	4.042305729384753	4.325319072982455	4.618010389978226	4.925867948830717	5.258128701365427	5.592937578541655	5.945558827010023	6.313419820930541	6.693825428470833	7.101843886693717	7.540831859790422	8.01752717734188	8.497407650695234	9.001176792562807	9.535890948105727	10.110150037989108	10.713761563646885	11.344912436391827	11.999633462070797	12.709114666343904	13.472253495279721	14.305857771032871	15.18584281550132	16.1482988940404	17.190898392794885	18.241975306222106	19.241526199254036	20.286232801077464	21.29947986405755	22.39480594193265	23.605385657439435	24.870186525173878	26.18090263885258	27.434506458883437	28.66669623144616	29.95504275091616	31.275142823611215	32.51879915706077	33.694366659945175	34.797655627325014	35.90525680563665
209115_HY55YBGXT_TCDM_1_E11_C14_2_3_i_CTCATA_S85_R1_001 - polyg	0.0	0.0	0.0	2.450119847612346e-05	0.001225059923806173	0.002401117450660099	0.0024256186491362227	0.0024256186491362227	0.0024256186491362227	0.0024256186491362227	0.0024256186491362227	0.002450119847612346	0.002450119847612346	0.002450119847612346	0.002450119847612346	0.002450119847612346	0.0024746210460884696	0.002499122244564593	0.002499122244564593	0.002499122244564593	0.002499122244564593	0.0025236234430407165	0.0025236234430407165	0.00254812464151684	0.0026461294354213336	0.002719633030849704	0.0028666402217064446	0.002989146214087062	0.003136153404943803	0.00318515580189605	0.0033321629927527906	0.0035526737790379016	0.003675179771418519	0.00389569055770363	0.004263208534845482	0.00453272171808284	0.004777733702844075	0.005022745687605309	0.005365762466271038	0.005757781641889013	0.006272306809887606	0.0066888271839817045	0.007301357145884791	0.008036393100168494	0.00884493264988057	0.009653472199592643	0.010756026131018198	0.011956584856348249	0.013353153169487285	0.014970232268911433	0.016464805375954964	0.01842490125404484	0.020875021101657187	0.023031126567556053	0.0254812464151684	0.028494893827731585	0.03172905202657988	0.03611476655380598	0.040843497859697805	0.047385317852822774	0.05466217380023144	0.06340910165620751	0.07450814456589144	0.08825331691099671	0.1051591438595219	0.12985635192345435	0.17834422370770267	0.27571198645181727	0.44256514807421804	0.6301463236074193	0.7895511208930784	0.9154137774649247	1.020450415332066	1.1186512188243687	1.20940365797993
209116_HY55YBGXT_TCDM_1_F11_C14_2_1_i_CCGACC_S86_R1_001 - illumina_universal_adapter	0.012302478420562174	0.01850010706681823	0.021394807871656388	0.024233841353324584	0.02742543454840255	0.03134070294469006	0.0374084411702162	0.04214016363966319	0.04679766301155023	0.05199327984074692	0.05986092818210192	0.0693058173466059	0.08145984957204817	0.08858526693780364	0.09459733784015982	0.10192686872420516	0.10929351115703047	0.12014863917517356	0.1331376812481653	0.1531036944917926	0.1721233632415305	0.19247904774734753	0.21637888516165235	0.23918393188694784	0.26130241495981377	0.2846641349168089	0.30607749856285527	0.3246889402760134	0.3437828321233113	0.36445396479375813	0.38527354365932487	0.40455299325052263	0.42097485358566217	0.44049552824392973	0.46081410120096683	0.4817821262616535	0.5039748324320794	0.5303240320658626	0.5570814587362256	0.5865665842419169	0.619336081814636	0.650639673210546	0.6824999378381558	0.7131911886791963	0.746684361453125	0.7894368656476578	0.8338593895372896	0.8777066844208316	0.9217395370482736	0.9731761436573209	1.028194014723636	1.0873869350276981	1.144594387472032	1.2035646384834142	1.2630544511777164	1.3249008472195472	1.3819784092431509	1.4371261707301957	1.49336872290625	1.554491443746871	1.6146307085448228	1.6703165874891774	1.7268374762810814	1.782282130158366	1.8417719428526682	1.9027276617237794	1.9634421555278208	2.0270884616854805	2.0869308340931925	2.146977320019194	2.2062073518720364	2.2673486284870474	2.332590731242246	2.3994286305949837	2.4540753861734985
209116_HY55YBGXT_TCDM_1_F11_C14_2_1_i_CCGACC_S86_R1_001 - polya	0.012859151652261818	0.045461647255471076	0.07817547750502027	0.14245267999193936	0.26757426670362977	0.45999764712780733	0.7116325036304373	0.9824911424010949	1.2352950126902942	1.4489276432422282	1.6474744292151018	1.8571546798219685	2.1052824949648907	2.313496839394948	2.5081840242947044	2.7072689277248876	2.9176171862097937	3.1289860122861493	3.3440288816917225	3.5683310825178998	3.800649377880552	4.035231477718783	4.301414061343164	4.563625709248087	4.8258559129274	5.089997361368882	5.3424672277190615	5.61082083694707	5.912185168814869	6.2171493209143245	6.543842284824457	6.888126122856298	7.262785763564549	7.7213175045155475	8.148211650131616	8.593160564229143	9.045587455405835	9.495286647747198	9.986717776691647	10.467720560428921	10.961712386239187	11.484929556713682	12.00864773309671	12.55969856515619	13.14118086721525	13.776679028523565	14.41444099430746	15.081521083627536	15.772241229520455	16.50216972669942	17.279211335054566	18.0774065262143	18.905903296952882	19.799475168477155	20.7488813651409	21.735083662419992	22.79395037221028	23.898223061932867	25.097464204983414	26.335746697350494	27.52131223467562	28.769262285499888	29.965070610288286	31.271155902276384	32.7160383867016	34.18003331874849	35.68128824577049	37.12121633843358	38.518930044359436	39.978620036747856	41.47213720584922	42.85047868331194	44.13925143779418	45.34856836633849	46.57887187571788
209116_HY55YBGXT_TCDM_1_F11_C14_2_1_i_CCGACC_S86_R1_001 - polyg	0.0	0.0	0.0	3.711154877997639e-05	0.0011133464633992917	0.0019669120853387486	0.0019669120853387486	0.0019669120853387486	0.0019669120853387486	0.001985467859728737	0.001985467859728737	0.001985467859728737	0.001985467859728737	0.001985467859728737	0.001985467859728737	0.002004023634118725	0.0020225794085087134	0.0020411351828987013	0.0020411351828987013	0.0020411351828987013	0.0020411351828987013	0.0020596909572886896	0.002078246731678678	0.002096802506068666	0.0022266929267985834	0.0023380275731385127	0.002579252640208359	0.002746254609718253	0.002950368128008123	0.003265816292637922	0.003525597134097757	0.0038781568475075327	0.004360606981647226	0.004787389792616954	0.005047170634076789	0.005622399640166423	0.006735746103565715	0.010669570274243211	0.019056780298517876	0.027295544127672634	0.03525597134097757	0.041509267310403594	0.04750278243836978	0.052086058712696864	0.058951695236992493	0.07316541841972345	0.09010684043778268	0.11448912798622717	0.14523604615043761	0.17472117165612885	0.2024620543691612	0.2272525689541854	0.24562278560027373	0.259372614423255	0.2708586387706577	0.28080453384369136	0.2896927497764957	0.3003437642763489	0.31437192971518	0.3341523852149074	0.3595181288060213	0.39932026487254596	0.4748422666397979	0.5952321308820413	0.7365343528618015	0.8856485558597466	1.048271362613603	1.2439234477816385	1.5474773610274555	1.9456286121134323	2.3570101303394706	2.7188662867186304	3.0471550472263016	3.3553479040696153	3.638750246327905
209117_HY55YBGXT_TCDM_1_G11_A20_2_3_o_GGCCAA_S87_R1_001 - illumina_universal_adapter	0.0047548729181489564	0.007510180072705471	0.008738259833022089	0.009934850368715203	0.011194419353655324	0.012879092871012736	0.015303763167022469	0.017460775053732426	0.019743743838936394	0.02238883870731065	0.0260730779882605	0.031205821601891493	0.03852706632685595	0.04317172695882264	0.04702915697520176	0.052398069773509026	0.0577669825718163	0.0645529104781812	0.07258266275717447	0.08376133749851804	0.09616809200017823	0.10920463099430848	0.1244296710997722	0.13848960989416628	0.15273848403630141	0.1693962838621345	0.18370813645351664	0.1971225461431289	0.20951355603247734	0.22363647327611846	0.23783811358131832	0.24868615146411513	0.25969163547002944	0.2712639255191668	0.28329280932534495	0.2964553052179692	0.31004290564301074	0.3260079425271268	0.34326403762080643	0.362236295456467	0.38667193376430536	0.41082416905053215	0.4361729948724521	0.46158479914361905	0.4893268060369252	0.5261691988464238	0.5648537112963972	0.6021054640260013	0.6387589214877588	0.6778685384701496	0.7214653699613894	0.7703209019647544	0.8151300686039993	0.8618758225575894	0.9124160280783118	0.9697106722807756	1.0179679090162939	1.0605413407072701	1.1064526302083375	1.1663766246668636	1.2208214940409003	1.2727629700573686	1.3259955042834004	1.3773386850320222	1.4311065360766535	1.4872675681926713	1.5464200766479217	1.6080287446238053	1.662489358610154	1.715517212876133	1.7693480423700112	1.8232575949254484	1.8809930882726413	1.9408541042819205	1.9972040717456792
209117_HY55YBGXT_TCDM_1_G11_A20_2_3_o_GGCCAA_S87_R1_001 - polya	0.006234866475453599	0.02489223206487914	0.04235300711861156	0.07532222529941923	0.14187470154119286	0.2466708410882109	0.3799017504702522	0.5207530522111812	0.6526299249344119	0.7635192294460778	0.8708659961875995	0.9867620874144024	1.1201819321441848	1.2294337969754285	1.3329546229251947	1.4347907753576035	1.544499233945888	1.6587263962676453	1.7737880230419252	1.893305375100431	2.0132793209159776	2.139078773286872	2.279977308864736	2.4230486009416223	2.5684028618037122	2.7200077337535675	2.863472641138247	3.0190766446152875	3.194943964137552	3.3758653042118887	3.57031126626202	3.772802725203456	3.9953528202300634	4.271261406381197	4.522828821898362	4.789085960702392	5.057358409882326	5.321757684433569	5.613835987428872	5.896247098464759	6.195756858471207	6.512491224346713	6.837570234747446	7.201963542090623	7.598853729245255	8.066389991842716	8.496768969384444	8.948765299630207	9.41811219264352	9.917263636762977	10.464042533125484	11.031289425493267	11.612816681227809	12.232131006510555	12.902080004987893	13.594197417600178	14.338366518515112	15.128352441257245	15.989141885565324	16.865030413080373	17.732149191537776	18.615547899125527	19.475172242122536	20.400672043031914	21.43816327131478	22.49481569278105	23.62135844829918	24.7350221109463	25.84545812806951	27.006985412144356	28.19576662013084	29.334070601045852	30.454425723925464	31.517549181051862	32.61414568395304
209117_HY55YBGXT_TCDM_1_G11_A20_2_3_o_GGCCAA_S87_R1_001 - polyg	0.0	0.0	0.0	4.723383693525453e-05	0.001165101311069612	0.002330202622139224	0.0023931810713862297	0.0023931810713862297	0.0023931810713862297	0.002408925683697981	0.0024246702960097326	0.0024246702960097326	0.002440414908321484	0.0024561595206332356	0.002471904132944987	0.002519137969880242	0.0025348825821919934	0.0025348825821919934	0.002550627194503745	0.0025663718068154964	0.0025663718068154964	0.0025663718068154964	0.002582116419127248	0.0026293502560625023	0.00270807331762126	0.002897008665362278	0.0030072209515445386	0.0031489224623503023	0.003353602422403072	0.0034638147085853323	0.003605516219391096	0.0038101961794438657	0.004125088425678896	0.004502959121160932	0.004770617530460708	0.005132743613630993	0.005463380472177775	0.005778272718412804	0.006108909576959586	0.006581247946312131	0.00708507554028818	0.007746349257381743	0.008596558322216325	0.009242087426998138	0.01010804110414447	0.011162930129031821	0.012469732950907197	0.013619089649665057	0.014973126308475687	0.016075249170298293	0.017665455013785195	0.019208427020336843	0.021113525110058776	0.023191813935209974	0.025443293495790442	0.02804115452722944	0.030922418580279967	0.03454367941198282	0.0380862171821269	0.042967046998769874	0.04890276584030019	0.05718443191628149	0.06896140192547162	0.08558771252668121	0.1052684779163706	0.1300504976950675	0.17161627419809147	0.24948912669201445	0.3864987430288761	0.5582724633500851	0.7219849421676773	0.8611200811666254	0.9872659150083785	1.102547966355023	1.2057539000585542
209118_HY55YBGXT_TCDM_1_H11_C14_2_2_i_AGACCA_S88_R1_001 - illumina_universal_adapter	0.0010707411271666945	0.0018551212552074124	0.0022161851236706	0.0024278432534593653	0.0027515556872539475	0.0030379166863799237	0.0033989805548431114	0.0038596482490892473	0.004444820725564069	0.005142047506044707	0.005864175242971083	0.006773060153240486	0.00844142423510487	0.009188452928476983	0.009761174926728936	0.01067005983699834	0.011653647616604954	0.012799091613108859	0.014716465259430614	0.017530273337798906	0.020032819460595482	0.02363100766700449	0.027627611176545292	0.030765131688708165	0.03462477993779741	0.03824786910065216	0.04150989439504371	0.044510459646755034	0.04749857442024348	0.05039953584617185	0.05368646209700915	0.05663722543582899	0.05952573638353449	0.06281266263437178	0.06636104892788933	0.06980983139562391	0.07383133586161045	0.07856251758630049	0.08382906987457388	0.08949403746597907	0.09580642992497342	0.10177020899372745	0.10816975480028188	0.1144572463028305	0.12136726171652253	0.12983358690807315	0.13857382262052687	0.14835989850370151	0.15792186577886458	0.16862927705053152	0.18139101722897177	0.1958211214892764	0.20870736644994534	0.2222285857999806	0.2356751022806786	0.2502670627578805	0.263576623978127	0.2759399488534355	0.2894238167688021	0.30335590190019196	0.31751209563959354	0.3313570274234233	0.3447163905565613	0.35897218812174575	0.37373845529406785	0.38948831024599656	0.40576108528328575	0.42420024353135405	0.44129475013135255	0.4593105921198433	0.47797385897592326	0.4972098478302552	0.5166699452925987	0.5355697712349131	0.5517429424464194
209118_HY55YBGXT_TCDM_1_H11_C14_2_2_i_AGACCA_S88_R1_001 - polya	0.003224673859722952	0.008740235712453715	0.015401241561688385	0.028536496086814696	0.05372381353167775	0.09174757402431827	0.1403791419628428	0.1914759045894953	0.2402693287449171	0.28222744035598407	0.32071186854287076	0.3621346095903544	0.40898575914300866	0.4504583021033838	0.48834510733557274	0.528385845300318	0.5705431645629508	0.6138957297349791	0.6584933427292943	0.7040247415903245	0.7537519516124614	0.806554429755647	0.8670015015276736	0.924560062351995	0.9813840449611669	1.038867902916151	1.0950942625706253	1.1529391843940726	1.2212176069682836	1.2916997641879424	1.3694280997333108	1.449522026141024	1.5422780889013947	1.6584908526336497	1.761780019970567	1.8687794298178992	1.979140468785406	2.087870495105717	2.20832887191197	2.3244295813402194	2.445298823927827	2.576265404354181	2.706547208478278	2.8505369891257524	3.004200791352396	3.175780831741747	3.3493529486467577	3.5343048026474695	3.731570179610599	3.949665206640587	4.183858702012745	4.427477209399613	4.684355476093836	4.969695536005538	5.274035025685337	5.597012881264769	5.943360284468526	6.301697498200906	6.6983946353379435	7.115448304369371	7.5342699413084455	7.982947825025959	8.429870191314048	8.94602966699951	9.526931629443887	10.137552883406252	10.785064904342976	11.443608048985162	12.098839366420064	12.81150473989706	13.556591158666404	14.268061286234005	14.952439173188642	15.619100029632138	16.310885951129382
209118_HY55YBGXT_TCDM_1_H11_C14_2_2_i_AGACCA_S88_R1_001 - polyg	0.0	0.0	2.490095644573708e-05	0.0001494057386744225	0.0014691564302984877	0.0028636099912597644	0.00290096142592837	0.0029134119041512386	0.002925862382374107	0.0029383128605969754	0.002950763338819844	0.0029632138170427127	0.0029632138170427127	0.0029632138170427127	0.0029881147734884496	0.0029881147734884496	0.0029881147734884496	0.0030254662081570555	0.0030379166863799237	0.0030379166863799237	0.0030379166863799237	0.0031001690774942665	0.0031250700339400038	0.003174871946831478	0.0031997729032772148	0.003249574816168689	0.003286926250837295	0.0033242776855059004	0.003361629120174506	0.003461232945957454	0.0035359358152946656	0.0035857377281861397	0.003710242510414825	0.003822296814420642	0.0039219006402035905	0.004046405422432275	0.00418336068288383	0.004245613073998173	0.0043825683344497265	0.0045444245513470176	0.0048681369851416	0.005042443680261759	0.005577814243845106	0.005963779068754031	0.006337293415440087	0.006835312544354829	0.007470286933721124	0.008292018496430447	0.009275606276037062	0.010184491186306465	0.011018673227238658	0.01220146865841117	0.01348386791536663	0.014604410955424798	0.015849458777711652	0.01731861520801014	0.01876287068186289	0.020593090980624566	0.02233615793182616	0.024465189707936683	0.026980186308956128	0.03060327547181087	0.035956981107644344	0.042505932652873196	0.051320871234664125	0.06535256019183697	0.09330388380217684	0.14213465939226727	0.22161851236706	0.3051363202860622	0.37515780981147484	0.4263417257856874	0.46841189170076025	0.5059874349773775	0.5402262500902659
209119_HY55YBGXT_TCDM_1_A12_C14_2_3_o_CGCGGA_S89_R1_001 - illumina_universal_adapter	0.002195934753574233	0.0035921938454422423	0.004290323391376247	0.004785360705765814	0.005420023929342182	0.005902367979260221	0.006714736905437972	0.0074001731869004495	0.008149075790720564	0.008897978394540677	0.010154611577221886	0.011931668603235716	0.014711493522500207	0.01599351323412447	0.017262839681277207	0.0188368044757466	0.020588474972817374	0.022543237701432586	0.02517074344703875	0.029334134193699724	0.03376408349426277	0.03857483072897164	0.04417256036091521	0.04983375631521641	0.05552033879846066	0.06146078657113547	0.06642385297950266	0.07119652042079695	0.07637537232518012	0.08113534650200287	0.08650459737345895	0.09148035704629767	0.09670998200856694	0.10183806085506399	0.10720731172652007	0.1129319740031789	0.1191009005363412	0.12636144781405484	0.13433281790217402	0.14217725534557793	0.1514433384097929	0.16048094271352037	0.16997550453822285	0.17938121351162462	0.1893454261217736	0.2007566708816767	0.21214252911263673	0.22508965887359464	0.23779561660959353	0.253789129843718	0.27081079750003617	0.29014263929017237	0.3093094686421787	0.32874285654808705	0.3487220548262711	0.3701102054607947	0.39158720894661897	0.41281034714301273	0.4346046822406252	0.45609437899092103	0.4783202850805654	0.5000765403847633	0.5223786060612369	0.5448456841758403	0.569483310515075	0.5950094653673165	0.6199898098472822	0.6493366373054535	0.6766525424481804	0.7048569761039142	0.735612755918425	0.7679678870563482	0.8007545891863034	0.835166029168614	0.8658456493962956
209119_HY55YBGXT_TCDM_1_A12_C14_2_3_o_CGCGGA_S89_R1_001 - polya	0.0037698995480436254	0.011119299677057966	0.020588474972817374	0.0395775986222223	0.07853322728533976	0.13586870290322883	0.20937539745784375	0.2867789242052176	0.36456324888673725	0.432434134015994	0.4952404066211114	0.5635682492713432	0.6434088827972503	0.7123333088776438	0.7775386084678798	0.8441782469433985	0.9148035704629767	0.9893511127042568	1.0650664352769175	1.1456686646711163	1.2295330630344976	1.3153776106554371	1.4098916579104297	1.5017528128908733	1.5976250394443194	1.6938399841384968	1.7878336075501569	1.8901667057196103	1.9965743417844242	2.1094809292586603	2.2305873655815027	2.3600078901331956	2.504799957959908	2.673379203406263	2.838378948271647	3.0216823805049735	3.207638705012849	3.403508469072988	3.618088104964158	3.841553025985397	4.076353032179711	4.326537274913514	4.588678572779497	4.863018097802618	5.161792156933429	5.48366795740242	5.814175177712049	6.165207406672138	6.537983197671954	6.943685316710911	7.380168602093322	7.831464927114006	8.306878454630592	8.825842572548988	9.381210972971724	9.973364453832946	10.612800344850609	11.285213336965299	12.004642180682527	12.750688799996547	13.499692949932435	14.277790062037061	15.055557149265429	15.894797716329402	16.81160682257888	17.77430207989293	18.79491670299056	19.837097182425314	20.865035819123012	21.92668776625709	23.032524967016553	24.12121356747498	25.186000750933527	26.231278386899334	27.31105631569875
209119_HY55YBGXT_TCDM_1_A12_C14_2_3_o_CGCGGA_S89_R1_001 - polyg	0.0	0.0	5.077305788610943e-05	0.00011423938024374621	0.0012312466537381537	0.0023482539272325614	0.0023482539272325614	0.0023482539272325614	0.0023482539272325614	0.0023482539272325614	0.0023609471917040883	0.0023609471917040883	0.0023609471917040883	0.0023609471917040883	0.0023609471917040883	0.0023609471917040883	0.0023609471917040883	0.0023736404561756157	0.002386333720647143	0.0024244135140617253	0.0024371067785332527	0.00244980004300478	0.00244980004300478	0.0025005731008908893	0.0025640394232485262	0.002627505745606163	0.002767131654792964	0.002843291241622128	0.0029702238863374016	0.0030590767376380934	0.003160622853410312	0.003325635291540168	0.0035033409941415505	0.0037952860769866798	0.004252243597961665	0.004963066408367197	0.006511644673893534	0.017262839681277207	0.05145849416757191	0.0954406555614142	0.13291117228136295	0.15564480894986846	0.17754069016325316	0.1918459992226645	0.21150786588906037	0.2384302798331699	0.26555578600882385	0.2934682745817125	0.31941330716151445	0.33954482461335683	0.3547640487147181	0.36750808624413156	0.3768884086885903	0.3851009508016685	0.3938212234936078	0.402973067177579	0.4138638880941495	0.43049206455185035	0.45684328159474114	0.49228287599924553	0.5340564093750421	0.5802852785803447	0.6343966650224658	0.6963778754369339	0.7645026258556212	0.8365369017315389	0.9093327734757484	0.9854035074536118	1.0702579804457721	1.17129636563913	1.2835302100963748	1.3931746286014282	1.4957108190024262	1.5980185306429366	1.6956170411645106
209120_HY55YBGXT_TCDM_1_B12_C17_2_2_i_CCTGCT_S90_R1_001 - illumina_universal_adapter	0.004357229605068398	0.006720955469255829	0.007575314215347672	0.00865750196039734	0.010166869078492928	0.011775911383632565	0.01446714143382187	0.017357721858099272	0.020647003030552866	0.024235309764138607	0.02778089856041975	0.03283585447479649	0.04086682668805981	0.04464024448329878	0.04821431190444966	0.05153207170177298	0.05561875437057896	0.060118377099996	0.064831589515936	0.07257777548050204	0.08043787594454699	0.08906689928007461	0.09887778554769593	0.10900193668888426	0.119083369892768	0.1308877599012703	0.14190898772585508	0.15146356636964886	0.16009258970517645	0.17134164652871905	0.18214928466678088	0.19163266674840032	0.1995924423994893	0.20907582448110879	0.21863040312490256	0.22797139208217337	0.23890718403214894	0.25270507778153223	0.2682401676479689	0.2842309155123212	0.3039666025470428	0.3233605460833276	0.34422113880040345	0.3637147575237323	0.3858141704226413	0.415488897536898	0.44600374408481164	0.47664674444463906	0.5037156773833156	0.5333334472478328	0.567878019214813	0.6065804704127734	0.6407690595688821	0.6779336650238772	0.7212638927631685	0.767399265052128	0.8056460582521728	0.8423122877719478	0.8831363965227029	0.9358360918441347	0.9831675663776228	1.0295307676655403	1.0760078834529365	1.1209613928098023	1.1704714821458244	1.2222456221589901	1.276098701787646	1.3355620705156384	1.3865245697200166	1.435821069369516	1.4880508673805972	1.5410495882631612	1.5993738119963645	1.6597057787828833	1.7197244806958354
209120_HY55YBGXT_TCDM_1_B12_C17_2_2_i_CCTGCT_S90_R1_001 - polya	0.004585058604026223	0.014837363557128336	0.025516847883276367	0.04781561115627346	0.09379435100844946	0.16244207625692902	0.25452770977319483	0.35316342700949804	0.44896552107126336	0.5285632775821534	0.60378956517554	0.6852241929905276	0.7797447489331552	0.8610227443113591	0.9406916973844234	1.0197341207103536	1.104856730445971	1.1934394931032601	1.2856248018065701	1.3820391863030346	1.4862851926386742	1.5939343946462463	1.7149115930928513	1.8262914949583577	1.9411173104331014	2.0594744753916916	2.173460171432778	2.2929280027612875	2.424399574472387	2.5608406662232546	2.709641481167584	2.8674273022583123	3.047412211434994	3.267096323680076	3.4763287805979686	3.7015377460677783	3.938066964923305	4.171904953728642	4.429721944674291	4.683409535013829	4.953956471276245	5.238799677223266	5.530192966890324	5.840852046281753	6.175433170563753	6.543932337065599	6.917429502232084	7.308241671319362	7.727717576338022	8.182777523131406	8.676397527998404	9.19200303126483	9.732812117540968	10.317948183426836	10.958589089183803	11.655204732122224	12.404676702818858	13.205367480343698	14.08792006505657	14.9908348665513	15.888523840382433	16.81197173040824	17.71401793384444	18.70708182236429	19.817919064032907	20.977454754228756	22.219749328296036	23.439616985278402	24.642724971524935	25.89709448253698	27.212180421771283	28.48269731308446	29.67425721694632	30.790775944276444	31.927315144889988
209120_HY55YBGXT_TCDM_1_B12_C17_2_2_i_CCTGCT_S90_R1_001 - polyg	0.0	0.0	0.0	2.847862486972809e-05	0.0008685980585267067	0.0014951278056607247	0.0015093671180955888	0.001523606430530453	0.001523606430530453	0.001552085055400181	0.001552085055400181	0.001566324367835045	0.001580563680269909	0.001580563680269909	0.001580563680269909	0.001609042305139637	0.001609042305139637	0.001609042305139637	0.001609042305139637	0.001609042305139637	0.0016375209300093653	0.0016375209300093653	0.0016517602424442291	0.0017087174921836855	0.0017371961170534135	0.00186534992896719	0.0019792644284461025	0.0020362216781855584	0.002249811364708519	0.0023352472393177036	0.0024776403636663437	0.0026912300501893047	0.0029190590491471294	0.003104170110800362	0.003218084610279274	0.003502870858976555	0.003830375044978428	0.004342990292633533	0.004884084165158367	0.00566724634907589	0.006507365782732868	0.007276288654215527	0.008173365337611961	0.009255553082661629	0.01042317670232048	0.012302765943722534	0.014125397935385134	0.016588798986616613	0.020034712595853713	0.02410715595222483	0.029105154616862108	0.032892811724535946	0.03596850321046658	0.03907267332126694	0.042760655241896726	0.04694701309774676	0.05279937050847588	0.06379211970819092	0.08453879792578783	0.11277535448412324	0.1447141322755233	0.1807111141108596	0.21992618055647517	0.2618609556771498	0.3088791653370709	0.36382867202321123	0.42991332103341523	0.5356829337995854	0.7140445613586924	0.92952807643549	1.1311425012007301	1.3003055329269149	1.4509574584877765	1.590203694788312	1.7201516600688813
209121_HY55YBGXT_TCDM_1_C12_A03_2_3_o_GCGCTG_S91_R1_001 - illumina_universal_adapter	0.0015842599603830782	0.0027516094048758728	0.0033248613642250127	0.003710503591423525	0.00430460107656718	0.004846584747224549	0.005826324459566715	0.007608616914997679	0.009849510937907953	0.011454616424085545	0.012569852054092055	0.014049884385502562	0.015894713418317066	0.016978680759631805	0.018125184678330086	0.019125769916466768	0.020418192515726647	0.022137948393774066	0.0241703871587392	0.02750567128586147	0.031226597640182253	0.035218515829831716	0.0400338322883645	0.0444530837568015	0.04944558718458765	0.05476119626218877	0.05942017127726269	0.06393322761177501	0.0687485440703078	0.0736055515804296	0.07884820131774992	0.08338210317805675	0.08746782623378153	0.09284597188876619	0.09851595490487405	0.10448819804500237	0.11075227854625387	0.11787102560508048	0.12531287831372204	0.13433899098274668	0.1435422906210247	0.15267263091902192	0.1623136865989847	0.17186093741287223	0.18208566781508143	0.1948222840755296	0.207527632047286	0.2217859716907337	0.2350228805702502	0.24963559415220465	0.2670624537164185	0.285406516415591	0.30254153861868166	0.32163604024645664	0.3410536475240466	0.36245157975211545	0.38284892674204757	0.40271471282421956	0.42381038492826795	0.447449211179247	0.4713798747913493	0.4936533191027877	0.5170628445700272	0.5409726626563349	0.5648303669281565	0.5907517782536348	0.6177884252091197	0.6474516084147134	0.6753324991648761	0.7024421054606418	0.7295100207048185	0.7574534480323648	0.7870540946605749	0.8166651640516823	0.8426282664287498
209121_HY55YBGXT_TCDM_1_C12_A03_2_3_o_GCGCTG_S91_R1_001 - polya	0.003710503591423525	0.00921372240117527	0.016520079192152492	0.03176858131083962	0.06338082117822039	0.11038748184484988	0.17091246598922183	0.233271856403511	0.29160806033945896	0.3487143782535306	0.40484095645526	0.4688888344589049	0.5452459954442104	0.6083245564984102	0.6716428410992471	0.7353780362159742	0.8026673934806661	0.8729793519855624	0.9427597495826986	1.0160943093277996	1.0935562831802144	1.1732799965813339	1.2584965060293078	1.341284511722221	1.4246874604260722	1.5083509782023548	1.5907533416680695	1.6766369079414678	1.7663664737239542	1.8607862828102062	1.9616994731814494	2.065426809534952	2.1803794615288004	2.316042143399499	2.4476607932660612	2.589024726441559	2.7376533253564457	2.893108833969035	3.0598417720364566	3.2334537336160682	3.411099304436918	3.606057084430112	3.808706863441482	4.02367634819741	4.259991651366919	4.511899407830726	4.767621895514929	5.034184056612279	5.317339256242063	5.6214442092953325	5.943559696635063	6.2801836699277755	6.63713203087014	7.014248438018695	7.415076630758511	7.843452185835778	8.29122450266484	8.77198486406372	9.284034359680167	9.813250145788396	10.349209459491151	10.907827859732542	11.468113902037494	12.073384589007008	12.730883740854678	13.418035653145042	14.170559134327005	14.934839492057073	15.695294695803847	16.477887847944398	17.29300002032439	18.10666342866166	18.915459406725912	19.71812680020658	20.550686677676577
209121_HY55YBGXT_TCDM_1_C12_A03_2_3_o_GCGCTG_S91_R1_001 - polyg	0.0	0.0	5.211381448628547e-05	0.0001354959176643422	0.001980324950478848	0.003345706890019527	0.0033873979416085553	0.0034082434674030694	0.003418666230300327	0.003429088993197584	0.003429088993197584	0.003449934518992098	0.003470780044786612	0.0035020483334783836	0.0035124710963756406	0.0035333166221701547	0.0035541621479646688	0.003564584910861926	0.0035854304366564403	0.0036271214882454684	0.003668812539834497	0.003679235302731754	0.003679235302731754	0.003710503591423525	0.0038043084574988393	0.003887690560676896	0.003929381612265925	0.004023186478341238	0.004179527921800094	0.004325446602361694	0.004450519757128779	0.004617283963484892	0.004794470932738263	0.005002926190683405	0.005326031840498375	0.005638714727416088	0.006013934191717343	0.006430844707607627	0.007004096666956767	0.007629462440792193	0.008577933864442588	0.009297104504353327	0.010287266979592752	0.011590112341749888	0.012892957703907025	0.014362567272420275	0.015790485789344496	0.017562355481878202	0.019573948721048822	0.021741883403678296	0.02428503755060903	0.027224256687635527	0.030371931082607172	0.034228353354592296	0.03862675929723479	0.04563085596419156	0.056418415562852646	0.07427260840585405	0.09782805255365508	0.1232074802084761	0.1488370541728313	0.17635314822159	0.2059016810353139	0.23821224601681087	0.27339949355795085	0.31397530951697267	0.3677359205410248	0.4483976826028974	0.5701563987686548	0.6993465448801565	0.8152476682976554	0.9102719976319482	0.9936019869955187	1.068489538412311	1.1334129284993253
209122_HY55YBGXT_TCDM_1_D12_C17_2_3_i_GAACCT_S92_R1_001 - illumina_universal_adapter	0.005045453164968684	0.007396732309808459	0.008547879391136265	0.009331639106082857	0.010213368785397773	0.011242053411265175	0.01364231753828911	0.015650701807839753	0.01780604102394288	0.020010365222230167	0.023390328992937345	0.027064202656749494	0.03304037048321726	0.03615091685191154	0.03980029802463161	0.043768081581548726	0.04771137264737377	0.0529527657410791	0.05807169637932403	0.06767275288741978	0.0767839595736739	0.08743819319872913	0.10022327354879541	0.11237154913046758	0.1258424192311121	0.14007255655561118	0.1515350423867051	0.16216478352066824	0.17272104718135514	0.1847468603075669	0.19701759834469948	0.20732893709446557	0.2176157833531396	0.2294946415327989	0.24122654476590566	0.25349728280303824	0.2665762730462095	0.28259436222043044	0.2992982411452297	0.3183289067237766	0.33953940400951876	0.3605049763843401	0.3822053234919238	0.40385668561732346	0.4285451166381411	0.46205084445210787	0.49563004973935093	0.5324667563418407	0.5654581418428738	0.6000660317559843	0.6410174768619437	0.6872103150616085	0.7294843546865402	0.7727625864462473	0.8216251061749489	0.8771740759717885	0.9228035868763355	0.9638530019466632	1.0073026811440149	1.06574176488972	1.1199436476764952	1.1704961492905506	1.2240612273089315	1.273780984225856	1.3293054615316036	1.3882833800813346	1.4499064876690104	1.5161586760730894	1.570458528824233	1.619761913392592	1.6703878924799236	1.7251775950529087	1.7846943484066655	1.8429374922236341	1.9033114827656137
209122_HY55YBGXT_TCDM_1_D12_C17_2_3_i_GAACCT_S92_R1_001 - polya	0.004506618360942902	0.015013897039445646	0.028435782157906028	0.055769402216668415	0.1153106480615173	0.21340307488530166	0.34446239471902707	0.4814733898881281	0.6100344756304612	0.7140540852985292	0.8139099714809434	0.9201339053472987	1.0419595560393096	1.1471792977708895	1.2469372139889352	1.3517160908808576	1.4648469072351797	1.5812597173958407	1.6978929599763304	1.819914550597078	1.951806615127934	2.084555916847013	2.2369237039308487	2.378857689809458	2.5148644928437838	2.657337313526419	2.7956953957055846	2.940372540586507	3.1080726270939856	3.2770953081204364	3.459368426827703	3.656508487627863	3.8698870700220724	4.142684435805671	4.387462391779928	4.648601331803696	4.909838241791832	5.165025506480223	5.450607952613888	5.728205846651534	6.0230464544180045	6.338436262210731	6.648437721963201	6.974726688291904	7.331851700905537	7.729536278767656	8.123987847805619	8.536833277653736	8.979461576669825	9.456232408268272	9.971089063514908	10.496183580038032	11.054318467044373	11.66393657032627	12.318596364726503	12.998067052603012	13.750745796353755	14.531272502476192	15.37903109664639	16.277293207448462	17.1431762450268	18.061056841193626	18.95584101826062	19.966915543032815	21.127100353573603	22.329902098614607	23.582007228223972	24.793136420236284	25.97712793211857	27.25401946271312	28.556946511338555	29.78811056106419	30.928285006382744	32.01237164710043	33.12437972766309
209122_HY55YBGXT_TCDM_1_D12_C17_2_3_i_GAACCT_S92_R1_001 - polyg	0.0	0.0	0.0	7.347747327624297e-05	0.0010041921347753206	0.0019593992873664793	0.0019593992873664793	0.0019593992873664793	0.0019593992873664793	0.0019593992873664793	0.00198389177845856	0.00198389177845856	0.00198389177845856	0.00198389177845856	0.00198389177845856	0.002057369251734803	0.002081861742826884	0.0021063542339189653	0.0021063542339189653	0.0021063542339189653	0.0021063542339189653	0.0021063542339189653	0.002130846725011046	0.002204324198287289	0.002326786653747694	0.002522726582484342	0.002620696546852666	0.002669681529036828	0.002816636475589314	0.0030370688954180426	0.0033309787885230147	0.0035269187172596627	0.0037473511370883913	0.004065753521285445	0.004237200958930011	0.00445763337875874	0.00470255828967955	0.005069945656060765	0.005314870566981575	0.005878197862099438	0.006466017648309381	0.007102822416703487	0.007837597149465917	0.008425416935675861	0.009233669141714532	0.010090906329937368	0.01089915853597604	0.012172768072764252	0.013691302520473273	0.015185344477090214	0.01677735639807548	0.018663278212165714	0.020622677499532192	0.022704539242359077	0.025202773333751337	0.0277010074251436	0.03049315140964083	0.03389760767144009	0.038502195996751316	0.043719096599364564	0.05160567873101465	0.06488060890292255	0.08239274003376044	0.10499930931175121	0.12927136798400346	0.16294854323561483	0.2239348460548965	0.3448787670675924	0.5547304307445423	0.785057816974472	0.9912356069876097	1.1483304448522171	1.2793407797037584	1.3943575178721708	1.496050340886491
209123_HY55YBGXT_TCDM_1_E12_A03_2_2_o_TTCGAG_S93_R1_001 - illumina_universal_adapter	0.002258552451090099	0.0033167553477546907	0.0038063716133756214	0.004406546390588375	0.005069897460139313	0.005812218895112982	0.006933598084115759	0.007802272103765797	0.008655152050331289	0.00950803199689678	0.01115061559768958	0.013251227317934218	0.017278715954493484	0.01901606399379356	0.020532295009909992	0.022348613414632797	0.024401842915623796	0.026597219074375712	0.029566504814270388	0.033230729769885094	0.03755830579505074	0.04234390993966822	0.047982394030851194	0.05409470031457055	0.06025438881754355	0.06802507277514025	0.074611201251396	0.08195544523570995	0.08945762995086938	0.09782848868567884	0.10725755031715288	0.1151703809325105	0.12271994786692356	0.13118557104024028	0.14067780896405252	0.15105451498059935	0.16248942389381077	0.1758512097233368	0.1922138694389266	0.20815008918123368	0.22809800348701545	0.2482038585236427	0.26884671204514454	0.28844715674306626	0.31054306498834633	0.3385933387865003	0.366896317754007	0.3970945854916592	0.42451309636643136	0.45257916423766986	0.4850833666456658	0.522799613171562	0.5596471856778081	0.5971896973997743	0.641223573159489	0.6911012559604858	0.7347560739661713	0.7744939618468895	0.8209759189347087	0.8778029938929057	0.9341088644393127	0.9861819233990614	1.0430089983572584	1.0948925284399926	1.1521776315176415	1.211737081119465	1.2730338787605886	1.3374263147262833	1.3951852399964684	1.4472740930293015	1.5032640821140177	1.560217509656891	1.6205508688398573	1.684248365589832	1.7408859116710145
209123_HY55YBGXT_TCDM_1_E12_A03_2_2_o_TTCGAG_S93_R1_001 - polya	0.002684992424372845	0.007928624688442167	0.01438840058002154	0.028413537479098517	0.057206132712226146	0.10604140668964283	0.17044963672842203	0.23951711832714231	0.3062786652555189	0.3707658656597208	0.4380170288537183	0.5174928046151545	0.612446771999446	0.6967713281978378	0.7810327081038915	0.8719275987054546	0.9653179528543759	1.0597349217537928	1.1610539005911564	1.2690379782701984	1.3830711859406215	1.5022374673635221	1.6280056713357631	1.7513573821260686	1.876904469075126	2.005452429910247	2.1319629553174617	2.264933256616256	2.4068114151347335	2.552827620801363	2.7080043888570287	2.873399922198396	3.0504198933299893	3.2605442416467914	3.4711740003022986	3.702272877675378	3.951740262045784	4.209310005908563	4.493287439968703	4.797544463869399	5.1095247895084395	5.442985054542462	5.796108940566745	6.173381964337299	6.5945783053559754	7.039213050832118	7.485364027324378	7.962708298158616	8.467913313913995	8.997314849634897	9.569581499707256	10.155588993363173	10.780623641611001	11.438462579655434	12.150348835795182	12.90347341675868	13.69881555507717	14.549784418799433	15.468367709396636	16.406693591349523	17.32917801799861	18.26616140373931	19.212684409623076	20.21829304291613	21.32706856159744	22.481299422616072	23.707898726508095	24.939078311594635	26.15015204164455	27.397962785689117	28.686143180537783	29.96836920983358	31.211647054902883	32.429907088206264	33.671352820797765
209123_HY55YBGXT_TCDM_1_E12_A03_2_2_o_TTCGAG_S93_R1_001 - polyg	0.0	0.0	1.5794073084546148e-05	7.897036542273074e-05	0.000979232531241861	0.0019742591355682683	0.0020058472817373607	0.0020058472817373607	0.0020058472817373607	0.002021641354821907	0.0020532295009909993	0.0020532295009909993	0.0020532295009909993	0.0020690235740755455	0.0020690235740755455	0.0020690235740755455	0.0020690235740755455	0.0020690235740755455	0.0020848176471600912	0.0021006117202446374	0.0021164057933291836	0.00213219986641373	0.00213219986641373	0.0021953761587519146	0.0023059346703437375	0.0024322872550201066	0.002479669474273745	0.0025428457666119295	0.002653404278203753	0.0027323746436264834	0.0028745213013873987	0.0029376975937255834	0.0031430205438246835	0.0033799316400928755	0.0036958131017837985	0.004153841221235637	0.004564487121433837	0.005148867825562044	0.00578063074894389	0.006538746257002105	0.007660125446004882	0.008670946123415835	0.009808119385503158	0.010882116355252295	0.012066671836593256	0.013598696925794233	0.015225486453502485	0.01705759893130984	0.019205592870808114	0.021874791222096415	0.024401842915623796	0.027276364217011195	0.03111432397655591	0.035015460028438805	0.04098561965439725	0.04861415695423304	0.06025438881754355	0.07592210931741333	0.09688084430060606	0.12123530499697623	0.14914343213736928	0.17856779029387873	0.2121301955985393	0.2480301237197127	0.2875626886503317	0.3363663744815793	0.4011536622743876	0.4965656577781309	0.636943379353577	0.7908408274893947	0.928186087032608	1.0418876191682558	1.1411533685046282	1.2339593419494215	1.3251069377203373
209124_HY55YBGXT_TCDM_1_F12_C17_2_2_o_AGAATC_S94_R1_001 - illumina_universal_adapter	0.0025428688673470074	0.003780667469441847	0.004399566770489267	0.005072283402062549	0.005825726029424626	0.0064984426609979076	0.0074806089430949005	0.008435866559928961	0.00933730684623716	0.010036932143073373	0.011422728404114334	0.013023793987258747	0.014907400555663938	0.015808840841972135	0.016858278787226455	0.017974988395638106	0.019333875991416137	0.021500023545082105	0.023841077422957126	0.02767556222292484	0.031698407679733066	0.03648815009653484	0.042085152471224546	0.04827414548169874	0.05366933286691647	0.058849250930030746	0.06404262332577648	0.06915526972573342	0.07487336109410633	0.08075290445405682	0.08690153446663662	0.0923505391823802	0.09809553921601603	0.10396162824333506	0.1114287828537985	0.11861339647900115	0.12593255343051846	0.13462405231044527	0.14349045751458114	0.1534466636618657	0.16465412274387659	0.17610375981325385	0.18674613692474318	0.19838413465096097	0.21014322137086194	0.225400434574944	0.24077873677270922	0.25653376028415553	0.27297495475980654	0.29318336237226794	0.31584045852365605	0.33981607927292784	0.3641280583379863	0.3893011146914585	0.41324982677546734	0.43847670045946546	0.4640802954571446	0.48852681784851765	0.5141304128461968	0.5401241834901884	0.5642612562310378	0.5887750502855682	0.6129390316916805	0.6381659053756786	0.6661643715817586	0.6942570181162588	0.7230761986128583	0.7552993252652185	0.7866748289617964	0.8181848759846889	0.8509730846075707	0.8852278154872822	0.9207203449690887	0.9573699470572011	0.988745450753779
209124_HY55YBGXT_TCDM_1_F12_C17_2_2_o_AGAATC_S94_R1_001 - polya	0.003982482458913832	0.011086370088327694	0.020316042273513128	0.03712050373021372	0.07479263509831753	0.13186591412099483	0.20741199184667442	0.28648310472179805	0.36184082179063715	0.42751141936482095	0.49374709890952634	0.5639518065805141	0.6478664792029654	0.7182864561960566	0.7865806486333762	0.8560588223422647	0.9295194785100672	1.0047157435873286	1.0841904864413963	1.1663426414891256	1.2498133211347384	1.3371992115761078	1.4362903714068522	1.5310223274650019	1.6319163678683628	1.7326220476148833	1.8289685235888087	1.9348944843963378	2.0521086302816665	2.173251441295383	2.304915540426906	2.44384497917942	2.600090144028631	2.7869304612817944	2.966303623924494	3.1559155336997398	3.3512858978412523	3.5480824212417	3.7661636988651273	3.9837740748464525	4.208017436815091	4.446576208703608	4.694849008752043	4.961271703520326	5.238915311703251	5.549185676517481	5.863303980464309	6.190836254044709	6.5439452139575245	6.925442815722733	7.336230499626642	7.762235033736739	8.214677331467666	8.698602767556222	9.224707536444424	9.788094261054416	10.387511688451474	11.022569642989284	11.716194307471863	12.434669124324762	13.155188999737641	13.915856603722814	14.658656853973401	15.47160799456445	16.370465049007407	17.328467349698286	18.34130951019502	19.33912318114241	20.327572636578296	21.37209975042213	22.435920377259485	23.439532865571035	24.394211946101944	25.31547046437629	26.263893280233567
209124_HY55YBGXT_TCDM_1_F12_C17_2_2_o_AGAATC_S94_R1_001 - polyg	0.0	0.0	2.6908665262931295e-05	6.727166315732823e-05	0.0013319789305150992	0.002435234206295282	0.002448688538926748	0.002448688538926748	0.0024621428715582137	0.002475597204189679	0.0024890515368211448	0.0025294145347155416	0.0025294145347155416	0.0025428688673470074	0.002569777532609939	0.0026235948631358015	0.002637049195767267	0.0026505035283987326	0.0026639578610301983	0.002677412193661664	0.002704320858924595	0.002717775191556061	0.0027312295241875267	0.0027715925220819235	0.002825409852607786	0.0028926815157651145	0.003013770509448305	0.0030810421726056333	0.003161768168394427	0.0032963114947090837	0.0034174004883922747	0.0035923068126013278	0.0038883021304935723	0.004063208454702626	0.004238114778911679	0.004520655764172457	0.004843559747327633	0.0053682787199547935	0.006700257650469893	0.008045690913616458	0.009081674526239312	0.010144566804125099	0.011274730745168212	0.012351077355685464	0.014207775258827724	0.016656463797754473	0.02086766991140322	0.025576686332416197	0.03142932102710375	0.036985960403899065	0.04095498853018143	0.045744730946983204	0.049471581085899184	0.052310445271138435	0.055552939435321656	0.058970339923713935	0.06311427437420536	0.06899381773415585	0.076568607005671	0.08717062111926593	0.10349072660123376	0.12692817404524692	0.15912439203234421	0.19933939226779504	0.24281034100006055	0.29103066915123343	0.3488439364686413	0.4288164896300731	0.558718071186874	0.7152323226887138	0.8631223469737842	0.984843694290654	1.0909580157550236	1.1889728289752508	1.2755514594587323
209125_HY55YBGXT_TCDM_1_G12_X8_415_3_i_AGGCAT_S95_R1_001 - illumina_universal_adapter	0.0011924858385607311	0.0019428140066438879	0.0022241870696750716	0.0025055601327062557	0.0027467370438758417	0.0030415088241942246	0.003604254950256592	0.0040866087725957645	0.004555563877647737	0.005171904872858902	0.006029422779239652	0.007436288094395571	0.009312108514603464	0.010397404614866601	0.011147732782949758	0.011951655820181711	0.012755578857413664	0.014162444172569583	0.015663100508735896	0.017887287578410967	0.020057879778937242	0.022456250173345904	0.025363771824668136	0.02859286269088315	0.03207652918555495	0.035600391832088345	0.03919124806505774	0.04217916202010317	0.04522067084429739	0.04917329244402117	0.053032123022734544	0.05636840362724715	0.05949030475516457	0.06297397124983636	0.06661842235195456	0.07069163240726312	0.07536778474049566	0.08157139084446889	0.08832434435721731	0.09517108889097611	0.10396064743137881	0.11246883290875032	0.12096361966883462	0.13018193716242768	0.13891790083368158	0.15040060154881132	0.16247284582457783	0.17552319646230988	0.18803759840855397	0.20220004258112353	0.21936379942602574	0.23864455360230544	0.2570811885894916	0.2773400491277368	0.2989923762638508	0.3215558161754943	0.3426453971855458	0.3631186372003863	0.3845297874253306	0.4095853887523932	0.4352305336400925	0.4592008388668919	0.4837338902197537	0.5111744632239377	0.539780724632108	0.5711069256495799	0.6018837792582765	0.6351259968478178	0.6684352080237951	0.702869911451897	0.7379477533097847	0.7744860553519769	0.8124446214266123	0.8520378310102861	0.886807502370568
209125_HY55YBGXT_TCDM_1_G12_X8_415_3_i_AGGCAT_S95_R1_001 - polya	0.002237585786962271	0.007007529141205196	0.01246080707709528	0.02204088993744273	0.04181739665334879	0.07162954261736706	0.11027144327364964	0.15227642196901922	0.19501833011518474	0.23434356535311449	0.27153840454237954	0.31280645378695315	0.3630114474620887	0.4055791722835206	0.4485488586235685	0.4907012232090973	0.5338450928738788	0.5799366803418442	0.6290027830475677	0.6803466676921152	0.7378807597233487	0.7961115850535165	0.859768890885	0.9239353479733972	0.9874720653492959	1.052509439061361	1.1220755792164994	1.1937587167030153	1.26960885526585	1.3510194615028726	1.438285307194401	1.5332286178914947	1.6411418869225973	1.7732666380916688	1.9015459573993143	2.0388292147239575	2.184942226740865	2.336830085908556	2.507087586476996	2.680587576628939	2.863975820138835	3.0611245463026844	3.269045841165442	3.4985524695778776	3.7525787506258874	4.03333547266186	4.315968015118041	4.617251572038002	4.94376491360976	5.2961511782631	5.682436197653054	6.089596418576464	6.532477619787548	6.9972925211977755	7.521075177388968	8.087894513506644	8.689295938942582	9.313086620965429	9.998096042273488	10.710934599387063	11.431397026637052	12.180438917860638	12.92035628261164	13.72855351065821	14.617451212925582	15.559742803582441	16.572819817667575	17.584771339500584	18.600340515001136	19.67044246986059	20.773103307727936	21.827220592863764	22.836532567391192	23.789060778055475	24.76337530302874
209125_HY55YBGXT_TCDM_1_G12_X8_415_3_i_AGGCAT_S95_R1_001 - polyg	0.0	0.0	1.3398717287199227e-05	6.699358643599613e-05	0.0006967332989343598	0.0014470614670175166	0.0014470614670175166	0.0014872576188791143	0.0015140550534535127	0.0015408524880279112	0.0015542512053151104	0.0015542512053151104	0.001594447357176708	0.0016212447917511065	0.001648042226325505	0.001648042226325505	0.0016748396608999034	0.0016882383781871026	0.0016882383781871026	0.0016882383781871026	0.0017016370954743018	0.0017016370954743018	0.0017016370954743018	0.0017284345300487003	0.0017552319646230987	0.0017954281164846964	0.001835624268346294	0.0018758204202078918	0.0019026178547822902	0.002009807593079884	0.002023206310367083	0.00207680117951588	0.002130396048664677	0.0022241870696750716	0.0023313768079726654	0.0024921614154190565	0.0026797434574398456	0.0029075216513222324	0.003175495997066217	0.0033764767563742052	0.0034702677773846	0.0038052357095645804	0.003979419034298171	0.004341184401052549	0.004716348485094128	0.005118310003710105	0.005533670239613281	0.00606961893110125	0.006578770188014821	0.0073290983560979775	0.008106223958755533	0.009070931603433877	0.010196423855558611	0.011187928934811355	0.012233028883212895	0.013572900611932818	0.015676499226023096	0.018235654227878147	0.022523243759781902	0.026851029443547253	0.03231770609672453	0.03873569167729297	0.04658734000759171	0.055711866480174385	0.06647103646179536	0.08186616262478728	0.1091995458906737	0.15807806655437648	0.23804161132438148	0.3217166007829406	0.391952676802439	0.4421844679121489	0.48672180417479916	0.5239970356677873	0.5599993890184917
209126_HY55YBGXT_TCDM_1_H12_X8_415_3_o_ACACGC_S96_R1_001 - illumina_universal_adapter	0.009956195059826417	0.014812592882954785	0.017432034190895146	0.01962262891302226	0.021511871980253585	0.0237024667023807	0.02692461132011265	0.029312243662748556	0.03158397152273223	0.03409909879628559	0.038723687654109495	0.04574749930283454	0.05967921811763239	0.06468629176820866	0.06809388355818416	0.07093354338316377	0.07435272562140449	0.07946411330636777	0.08615180195540134	0.09746407946225884	0.10671325717790665	0.11739965047844211	0.1292682695020303	0.13965331114766996	0.15050197072391855	0.16161721061026724	0.17229201346253747	0.18155278162645053	0.19186828058249883	0.20243876940038208	0.213461285700609	0.22398541272543132	0.23306073371710082	0.24351531805233181	0.25442192986990647	0.26501559958432014	0.2773826078833129	0.2922531530075938	0.3087347704407407	0.32606249059724884	0.34620668968220614	0.36643202190502	0.3872600574376254	0.40833149238380057	0.43090968560445464	0.4574402216835497	0.48510662169263663	0.5135379912872282	0.5415405142960066	0.5733331138875128	0.610839804473774	0.6512904689194017	0.6908023070555463	0.730372097433017	0.7711936562231319	0.8121890717372251	0.849220553944612	0.8841309841194632	0.9208147528788935	0.960790208945647	0.9977985102565036	1.0352936103944994	1.0721396454296428	1.1094261174988647	1.1476398254293043	1.1886004695986019	1.228135488631277	1.270776747799032	1.3105435757970114	1.3476214197974592	1.3873418860023778	1.4271782566899487	1.4677332351699635	1.508589565304874	1.54244526468759
209126_HY55YBGXT_TCDM_1_H12_X8_415_3_o_ACACGC_S96_R1_001 - polya	0.008855102474630247	0.029833813834683583	0.054846001191034464	0.10205389697528708	0.18664098841488333	0.3006909993446761	0.44296375180028635	0.5918546502153389	0.7384738207704078	0.8654935433089849	0.9824991185464095	1.1129843851162882	1.2670909852506909	1.3973096715104696	1.526218637116278	1.6435487449051287	1.7637069220706938	1.8939487892270028	2.0304263175500017	2.17726570662211	2.3356260012698495	2.497196850087056	2.6788191744030976	2.848978545384834	3.0220818902259374	3.198616007753546	3.3699576044583353	3.5447647451944264	3.7375834425346732	3.931538003804912	4.144176367678691	4.36365309602895	4.61173505069778	4.920504592483316	5.208863354873795	5.508360538047153	5.813954297008019	6.113231261664337	6.431829503578783	6.74765762835784	7.071112268095414	7.40693391613198	7.747067210923209	8.116338892653209	8.504201653400626	8.933662532971928	9.354384214551251	9.796698901248686	10.257824885480575	10.746837488238592	11.270551893102686	11.797418899894922	12.341857026257234	12.921251944587457	13.538385362469247	14.197024175588801	14.886586304679968	15.591424644584698	16.359639555603668	17.158406888249765	17.952317823072736	18.780026505037092	19.585214946022123	20.462194623561945	21.433520549980678	22.43057727154821	23.481181864101067	24.524971273073973	25.55127069561466	26.64261571381978	27.766808062408536	28.810469976450527	29.786153911416985	30.692515375309146	31.616865214908934
209126_HY55YBGXT_TCDM_1_H12_X8_415_3_o_ACACGC_S96_R1_001 - polyg	0.0	0.0	5.7952241326114186e-05	0.00010431403438700554	0.0010315498956048326	0.002132642480801002	0.0021558233773314476	0.0021558233773314476	0.002202185170392339	0.002202185170392339	0.0022253660669227845	0.002283318308248899	0.0023064992047793446	0.00232968010130979	0.00232968010130979	0.002341270549575013	0.002341270549575013	0.002352860997840236	0.0023760418943706814	0.0023876323426359042	0.002399222790901127	0.002433994135696796	0.002433994135696796	0.00249194637702291	0.0025730795148794696	0.002746936238857812	0.002839659824979595	0.0029671547558970464	0.003141011479875389	0.0033612299969146228	0.0035234962726277425	0.0036741721000756395	0.004010295099767101	0.004265284961602004	0.004555046168232575	0.004937530960984929	0.0052736539606763905	0.0058068145808766415	0.006432698787198674	0.0073251633036208325	0.008356713199225665	0.009457805784421834	0.010871840472779021	0.012448141436849327	0.014499650779793769	0.0170031876050819	0.019831256981796275	0.02438630315002885	0.029555643076318232	0.03506110600229908	0.04159811882388476	0.04777582774924853	0.05389558443328619	0.060084883806915186	0.06680734380074443	0.07337912796712578	0.08097087158084673	0.08928122298701151	0.09863471473704634	0.11063082869155198	0.12661405684929428	0.1503281139999402	0.18288568317695114	0.22588624624092787	0.27309414202518045	0.3281139999401933	0.4269341618494832	0.6216189213604312	0.9908674221939003	1.4200385405585716	1.7982580483493231	2.0893405660821296	2.3225287947301476	2.517966933378335	2.6788539457478935
209127_HY5CNBGXT_TCDM_2_A01_X4_46_1_o_CAGCGT_S1_R1_001 - illumina_universal_adapter	0.0017930642662438527	0.0026392294255948843	0.0031630459528121896	0.0035659817429793475	0.003989064322654863	0.004371853323313663	0.004956110219056042	0.005419486377748274	0.00584256895742379	0.0064671194321828844	0.007212550643992127	0.008280330487935096	0.009871926859095369	0.010899413124021621	0.011745578283372653	0.012954385653874127	0.0141631930243756	0.015875670132586023	0.0176082940303048	0.020932514299183854	0.023994826304454254	0.02746007409989181	0.030703707210737435	0.03388689995305798	0.03761405601210419	0.04103901022852503	0.04458484518199602	0.047949359029891794	0.05089079029811205	0.05510146930535884	0.05903009325948863	0.06265651537099305	0.06638367143003926	0.07063464401630279	0.07458341475994093	0.07839115797702058	0.08310550672197632	0.08900851604792519	0.0955562226381415	0.10212407601786617	0.11000147071563411	0.11816092046651906	0.12714638858724667	0.1356483337597737	0.14539937988181895	0.1589581692209438	0.17241622461252687	0.18486694052869204	0.1973780968133823	0.2110174733105406	0.22592609754672544	0.24256734568062907	0.2585236029712485	0.27568866763236943	0.29549296171908523	0.3189639714963222	0.34114558674502427	0.3591165229864795	0.38057285381288064	0.4050512030655355	0.4300533688454076	0.4545720116770792	0.47880859945563375	0.5040726734991146	0.5305052613340802	0.560221775858908	0.5887697765922512	0.6193526030659384	0.6491899983278164	0.6807197239083965	0.7148282385460465	0.7496217440269806	0.7861680201951418	0.8260989570007071	0.8573667743176786
209127_HY5CNBGXT_TCDM_2_A01_X4_46_1_o_CAGCGT_S1_R1_001 - polya	0.00660814695874139	0.014727303130609621	0.024558936410688275	0.042570166231160236	0.07361636886353976	0.11564257177797432	0.16514323360000968	0.21345523484105192	0.25759685065386406	0.3007311269912583	0.343381880380452	0.3948972211533231	0.4501800115642572	0.49919715043809193	0.549020160892261	0.5986618502408548	0.6504995396458597	0.7027200180515234	0.7577006066198321	0.8159651218780032	0.8774128298784947	0.9416206480416314	1.0084475488408544	1.076422816642054	1.1425244330189763	1.208142526447698	1.2754932437741384	1.3393182729366162	1.407756916896508	1.4785930288078943	1.557326682206557	1.6374504640812964	1.725814282864954	1.8301947993077563	1.9331046001164485	2.0416957955664974	2.1525232846519744	2.2659698563735375	2.3891271806381296	2.516938413279152	2.651942049774658	2.79558865896925	2.9437682958032223	3.109656960615041	3.2821537723856014	3.4677258505470863	3.6571862590836837	3.8560149247416677	4.064373021837105	4.291225871701215	4.534357327488078	4.782525480652031	5.046750625054145	5.324171916584232	5.616481685560998	5.918361179554232	6.246592674224399	6.587274884810731	6.945424361900809	7.322088738549069	7.706066399788861	8.111178043222923	8.524388696039342	8.96659057895829	9.45833341727829	9.965186347729558	10.498572599963333	11.05303239402285	11.612790793723066	12.198558698678571	12.79754289755156	13.40361876633149	14.008687295636005	14.617301659893988	15.27231408038972
209127_HY5CNBGXT_TCDM_2_A01_X4_46_1_o_CAGCGT_S1_R1_001 - polyg	0.0	0.0	8.058715803343159e-05	0.00020146789508357897	0.001913945003294	0.003424954216420842	0.003485394584945916	0.003505541374454274	0.0035659817429793475	0.0036264221115044214	0.0036264221115044214	0.003666715690521137	0.003686862480029495	0.003686862480029495	0.0037271560590462108	0.0037271560590462108	0.0037271560590462108	0.0037674496380629267	0.003807743217079642	0.003807743217079642	0.003848036796096358	0.0039084771646214315	0.003968917533146506	0.004089798270196653	0.004150238638721726	0.004190532217738442	0.0042106790072468005	0.004351706533805306	0.004371853323313663	0.004412146902330379	0.004512880849872169	0.004613614797413958	0.00469420195544739	0.004734495534464106	0.004815082692497537	0.005036697377089474	0.00545977995676499	0.005802275378407074	0.008018422224326442	0.010798679176479833	0.013740110444700086	0.015492881131927221	0.017386679345712863	0.01934091792802358	0.023148661145103222	0.029232991576627308	0.034773358691425726	0.042711193757718736	0.05232121235320546	0.06170961626410024	0.06864011185497534	0.07341490096845617	0.07746440565963611	0.08109082777114053	0.08391137830231063	0.08665134167544732	0.08969350689120935	0.09346095652927228	0.09928337869718772	0.10810767250184847	0.11850341588816114	0.13071237033022604	0.14596348998805295	0.16586851802231056	0.19032672048545704	0.2152684458968041	0.24284940073374608	0.27651468600221213	0.3257735863501472	0.39787894600056006	0.49033256305441447	0.5748886386209926	0.6534611177035884	0.7244382571415332	0.7895325340430376
209128_HY5CNBGXT_TCDM_2_B01_X8_415_2_i_GATCAC_S2_R1_001 - illumina_universal_adapter	0.001129991561160244	0.0015380440693569988	0.001851930614123733	0.0019617909047920904	0.002103039849937121	0.002354149085750508	0.002542481012610549	0.0028563675573772835	0.0031702541021440176	0.0036253895920557826	0.004378717299495945	0.005681346460277893	0.007313556493064912	0.007988412564313391	0.008427853726986819	0.00889868354413692	0.009761871542245441	0.010499504922447266	0.011284221284364102	0.012602544772384388	0.013920868260404671	0.01517641443947161	0.016353488982346863	0.017640423815890476	0.01900583028562577	0.02035554242812273	0.021548311298236318	0.02283524613177993	0.024294818564945246	0.02575439099811056	0.027653404593949302	0.029521029535311372	0.0316711523669635	0.03399391279823734	0.036740420064946266	0.039173040786888456	0.04169982747226067	0.04433647444830124	0.04763228316835195	0.05146169901450611	0.05529111486066027	0.059716915141871225	0.06436243600441889	0.06886670792182153	0.07359070042056089	0.07842455320996859	0.08426284294262985	0.08991280074843108	0.09639455789786415	0.10395922362674244	0.11326595967907611	0.12283949929446152	0.13429635817844732	0.14693029160530838	0.1594229760870244	0.17323398405676074	0.1886928963865224	0.2057526300945944	0.2242405475813551	0.24467456164566947	0.26675648007000924	0.29202434692373136	0.3185791486109971	0.3478961518922101	0.3770091289193247	0.41057929488212697	0.4453893126967578	0.4840130520303045	0.5254146872850367	0.5687938077717994	0.6150292958159395	0.6665066891576839	0.7200714280221271	0.7757862897182225	0.8182708335523999
209128_HY5CNBGXT_TCDM_2_B01_X8_415_2_i_GATCAC_S2_R1_001 - polya	0.007015364275536514	0.01139408157503246	0.018472223159522322	0.029834916080078107	0.04860533145712883	0.07090697046280531	0.09589233942623737	0.121976311296353	0.14627112986129825	0.1705188654445285	0.19354244350316846	0.21951655508261572	0.25037160243318574	0.27761695451893825	0.3045484200599241	0.333394593523987	0.3638415883663602	0.39441413782664014	0.42740361368162394	0.46100516829890287	0.49837336145338257	0.5379387604212295	0.5777081856431747	0.6182937158815135	0.6600249320082509	0.7020700346797549	0.7469558105813979	0.7906488176129274	0.8364919474761089	0.8847676980612327	0.9372809170007074	0.99594631221761	1.059194450988107	1.1291440674893738	1.2057951617214102	1.2879235761596264	1.3801748316665696	1.4762711973469054	1.5844208063462837	1.7018614570707573	1.8301782765713985	1.9735145672391277	2.128401882754273	2.296629376422004	2.484270752883558	2.6907610163583544	2.904454976035547	3.1383161462140023	3.390445513297882	3.6698516211219907	3.9737251851106663	4.302489952099344	4.6625492076012645	5.05162727416687	5.481196705007385	5.938670649677662	6.4116976726411306	6.900921241314563	7.423762058932513	7.955250450858785	8.497238347707507	9.072341275029117	9.675756768688688	10.310937580678651	10.989795705372906	11.703353987591123	12.45947528527971	13.26650898052946	14.080714983327132	14.905750071919254	15.742932569793851	16.604817938741586	17.481157783075833	18.3884154520696	19.3175039302519
209128_HY5CNBGXT_TCDM_2_B01_X8_415_2_i_GATCAC_S2_R1_001 - polyg	0.0	0.0	1.569432723833672e-05	0.00017263759962170394	0.0021815114861288044	0.004049136427490874	0.004049136427490874	0.004049136427490874	0.004049136427490874	0.004049136427490874	0.004080525081967548	0.004143302390920894	0.004174691045397568	0.004190385372635904	0.004237468354350914	0.004268857008827588	0.004347328645019272	0.004363022972257609	0.004410105953972619	0.004425800281210955	0.0044414946084492925	0.0044414946084492925	0.0044885775901643025	0.0045356605718793125	0.004567049226355986	0.0046298265353093325	0.004676909517024343	0.004708298171501016	0.004755381153216027	0.004771075480454363	0.00483385278940771	0.004849547116646047	0.004880935771122721	0.004928018752837731	0.004975101734552741	0.005006490389029414	0.005132045006936108	0.005163433661412782	0.005273293952081139	0.005351765588272822	0.0054459315517028425	0.005681346460277893	0.005838289732661261	0.0061207876229513215	0.006403285513241382	0.006732866385246453	0.006968281293821504	0.007376333802018259	0.0078000806374533506	0.008223827472888441	0.00861618565384686	0.009212570088903655	0.009918814814628809	0.010515199249685603	0.011221443975410757	0.011959077355612581	0.012602544772384388	0.013606981715637937	0.014485864040984795	0.015678632911098386	0.01674584716330528	0.018268196905423945	0.019696380684112585	0.02153261697099798	0.024106486638085203	0.028516592592057823	0.038309852788779936	0.06546103891110247	0.10601518049496456	0.15160720112233272	0.19509618189976377	0.22485262634365022	0.2469031561135133	0.26568926581780233	0.28033207313117053
209129_HY5CNBGXT_TCDM_2_C01_X8_415_2_o_ACCAGT_S3_R1_001 - illumina_universal_adapter	0.00021734358325671972	0.0004514059036870333	0.0004848433780342209	0.0005517183267285962	0.0006185932754229715	0.0007523431728117221	0.0009028118073740666	0.0011034366534571924	0.0012037490764987553	0.0015882800314914133	0.002223592044087979	0.004096090607530487	0.007640462888332378	0.008626868381574414	0.009145149233955822	0.009496242714601292	0.00983061745807317	0.010332179573280984	0.010817022951315204	0.011652959809994895	0.012438740457153806	0.013358271001701465	0.014344676494943502	0.01534780072535913	0.016401081167295543	0.017721861404009453	0.018959047954855396	0.02038014061461087	0.021650764639804004	0.023289200882816198	0.025278730606473863	0.027134510432742776	0.029007008996185284	0.0305952890276767	0.032434350116772016	0.034474036051950464	0.03724934642276704	0.040676687543353775	0.04445512214458598	0.04895246244428272	0.054971207826776496	0.06070573467731918	0.06782791671327015	0.07456556779422846	0.0817546247788738	0.09140133612803744	0.10188398433588076	0.11193194537721066	0.12132787566877039	0.13099130575510762	0.14364738979551814	0.15851034714284304	0.17183518067019732	0.18644735695991832	0.20343359392828966	0.22215857956271473	0.2392952851656484	0.2550443355831738	0.27467213302497295	0.3001514884775299	0.3255138127698718	0.35177894886958766	0.3793314277316703	0.4064492194272395	0.43672685244861786	0.46959588973190336	0.5033677388225629	0.5398480233353447	0.5746731528679405	0.6089465640738079	0.6467309100861299	0.686855879302755	0.7299400649991064	0.7753314364254136	0.8123968767392711
209129_HY5CNBGXT_TCDM_2_C01_X8_415_2_o_ACCAGT_S3_R1_001 - polya	0.002390779415823917	0.004647808934259083	0.007523431728117221	0.012706240251931306	0.020530609249173215	0.03169872568113389	0.04519074658022411	0.059736047921250736	0.0739302557816319	0.08753930784093726	0.10263632750869249	0.12085975102790976	0.14359723358399737	0.1630244061797134	0.18358845290323378	0.204202655838275	0.22590357668959976	0.24845715313677783	0.2736355713202101	0.3013719562912023	0.33251896364560757	0.36351550236545055	0.3998285995064963	0.4363757589679724	0.47329073064726757	0.5120782008900052	0.5520192639977209	0.5923782955347764	0.6348940441672255	0.6794829162092002	0.7286527222367397	0.7814504942309489	0.8417215417417547	0.9153675789914355	0.9896656469908864	1.0701663664817407	1.1572709871561646	1.2473682617846618	1.3495699021268408	1.456084976659807	1.5690200462674333	1.6912172962692305	1.822292195710206	1.9678622402806876	2.1265397747952663	2.3079547918659333	2.496391678549509	2.6936560584607427	2.910982922980289	3.1470849293457808	3.4011428594357125	3.673892337685722	3.969396017228993	4.280414684869359	4.625171764126037	5.003566942575986	5.401589918467734	5.815529132148744	6.271281907500912	6.74569279353881	7.238912258897002	7.756424049368425	8.276259744306977	8.84377727766462	9.4723683579174	10.132691601325662	10.831083409278197	11.546127079455632	12.266002464676234	13.032957813777678	13.85443296480221	14.660995002267896	15.442428777761672	16.212961936618264	17.009793669048918
209129_HY5CNBGXT_TCDM_2_C01_X8_415_2_o_ACCAGT_S3_R1_001 - polyg	0.0	0.0	0.00011703116021515677	0.0002006248460831259	0.0017387486660537577	0.00305952890276767	0.003076247639941264	0.003076247639941264	0.0030929663771148575	0.0031264038514620452	0.0031932788001564206	0.0032267162745036083	0.0032768724860243897	0.0032935912231979833	0.003327028697545171	0.0033939036462395464	0.003460778594933922	0.003527653543628297	0.0035778097551490786	0.0036781221781906413	0.003728278389711423	0.0037784346012322044	0.003811872075579392	0.003811872075579392	0.003878747024273767	0.003979059447315331	0.004029215658836112	0.004079371870356893	0.004162965556224862	0.004213121767745644	0.0042465592420928315	0.004313434190787207	0.004346871665134394	0.00441374661382877	0.004497340299696739	0.004597652722738302	0.006754369818131905	0.007857806471589098	0.018039517410307737	0.028906696573143723	0.036246222192351414	0.04009153174227799	0.04375293518329504	0.046411214393896456	0.05077480479620444	0.05625855058914322	0.06112370310665902	0.06570463709222372	0.06961682159084469	0.07381322462141673	0.07566900444768565	0.07749134679960738	0.07924681420283473	0.08128650013801318	0.08424571661773929	0.08762290152680524	0.09004711841697634	0.09250477278149463	0.09489555219731854	0.09793836236291263	0.10251929634847733	0.10815351077597846	0.11492459933128395	0.12330068665525445	0.13426817824113202	0.14687410607002174	0.16009862717433446	0.17424267882319483	0.19014219787528258	0.20895077719557562	0.23008326098299822	0.2523526188982252	0.27437119575584823	0.2993489890931974	0.3231731895655686
209130_HY5CNBGXT_TCDM_2_D01_X4_46_3_o_TGCACG_S4_R1_001 - illumina_universal_adapter	0.0005001878205266077	0.0007169358760881377	0.0009003380769478939	0.001067067350456763	0.001100413205158537	0.0012171236966147456	0.0014005258974745017	0.0015005634615798233	0.0016172739530360316	0.0019173866453519963	0.0025176120299839257	0.003317912542826498	0.00493518649586253	0.005435374316389138	0.005785505790757763	0.005952235064266632	0.006319039465986145	0.006785881431810978	0.007352760961741134	0.008053023910478385	0.008786632713917409	0.009703643718216191	0.010870748632778275	0.0116043574362173	0.01242133087641076	0.01350507115421841	0.014355390449113643	0.015239055598710648	0.016022683184202333	0.017173115171413532	0.018340220085975616	0.01962403549199391	0.020941196752713977	0.02202493703052163	0.023242060727136374	0.02465925955196176	0.02650995448791021	0.02884416431703438	0.03127841171026387	0.034412922052230614	0.03789756386856598	0.04141555153960312	0.045800531432886385	0.049151789830414655	0.05323665703138195	0.05740488886910368	0.06272355269403661	0.06929268607028606	0.07596185701064083	0.08256433624159205	0.09173444628457986	0.10153812756690136	0.11237553034497787	0.12312956848629994	0.13513407617893852	0.1481723053673321	0.16097711357281325	0.17359851957743466	0.18812063930005718	0.20471020201418966	0.22233348622407714	0.2416073902417024	0.26428257143890865	0.28777472607630833	0.31256736904707716	0.33812696667598685	0.36425344383482666	0.39189715738259717	0.4207413216996315	0.4497355423628239	0.4798468491585257	0.5133594331338084	0.5487060391176887	0.5875372869179043	0.6175318832221499
209130_HY5CNBGXT_TCDM_2_D01_X4_46_3_o_TGCACG_S4_R1_001 - polya	0.021558095064696792	0.02819392015034979	0.04171566423191909	0.06760872040784648	0.11060820004578385	0.15499153265384485	0.20164238338162646	0.24669263308372294	0.2849069825719558	0.3260557672739447	0.37073921257432163	0.4231088773834575	0.4876831250134425	0.5412198947371405	0.59422313078561	0.6472430397614304	0.7003963321560579	0.7587682508115131	0.8218586079072692	0.888100148272343	0.9588100331674544	1.0302701997933557	1.1047815121244695	1.1782591029598282	1.2478852475771318	1.3147270133268376	1.3779674267687516	1.4428417870910526	1.5106505826271097	1.580510148227326	1.6546379832293694	1.729449408252799	1.8130141201354442	1.9136519096253977	2.0151066725555444	2.120629629759308	2.2299206685443718	2.34117911275684	2.4629581741277184	2.5908728727637227	2.723205897147712	2.874412675292906	3.0383909157888787	3.2144737015415954	3.4244358756713145	3.6781144653150593	3.9274247479928714	4.1760014218672445	4.431247266681972	4.697147112073917	4.972167048726797	5.2513885630721004	5.545232234704131	5.855582104413541	6.189724241452666	6.552527140607965	6.930135599250852	7.325634108941241	7.751427327628191	8.201613039029489	8.666771039191882	9.157055140872064	9.652557868813073	10.20933360476859	10.814227409058768	11.441612992345293	12.095441838410323	12.74240143840679	13.395880152997451	14.082871451563395	14.80334198824992	15.50490542532054	16.191713321685626	16.87793766559343	17.59322292187383
209130_HY5CNBGXT_TCDM_2_D01_X4_46_3_o_TGCACG_S4_R1_001 - polyg	0.0	0.0	1.6672927350886924e-05	0.00018340220085975617	0.0018673678632993356	0.003367931324879159	0.0034346230342827064	0.0034679688889844803	0.003517987671037141	0.003534660598388028	0.0036180252351424628	0.00368471694454601	0.003751408653949558	0.003768081581300445	0.0038681191454057666	0.003918137927458427	0.004034848418914635	0.004101540128318183	0.004201577692423505	0.004251596474476166	0.00428494232917794	0.004418325747985035	0.004485017457388583	0.004518363312090356	0.004535036239441244	0.004601727948844791	0.004635073803546565	0.004701765512950113	0.004785130149704548	0.004835148931757208	0.004885167713809869	0.00498520527791519	0.005085242842020512	0.005251972115529381	0.005352009679634703	0.005468720171090911	0.005618776517248894	0.005768832863406876	0.005918889209564859	0.006102291410424615	0.006385731175389692	0.006652498013003883	0.006869246068565413	0.007336088034390247	0.007619527799355324	0.008053023910478385	0.008586557585706766	0.009203455897689582	0.009837027137023285	0.010770711068672953	0.011671049145620848	0.01273811649607761	0.014222007030306547	0.015905972692746125	0.017806686410747237	0.019924148184309876	0.022575143633100897	0.02522613908189192	0.02841066820591132	0.03231213320601886	0.0369805528642672	0.041548934958410215	0.0474344783132733	0.05365348021515413	0.062039962672650245	0.07222712128404216	0.0864491283143487	0.11217545521676722	0.1460214977390677	0.18458597870166915	0.2239007413950605	0.25522917188737704	0.28222264126846297	0.30871592282902227	0.3305741305860351
209131_HY5CNBGXT_TCDM_2_E01_X4_46_1_i_ACATTA_S5_R1_001 - illumina_universal_adapter	0.0011558037361703904	0.001587489468956922	0.0017685189698028868	0.0019495484706488514	0.0020331005479623738	0.002241980741246179	0.002604039742938109	0.0029660987446300385	0.003147128245476003	0.003509187247167933	0.004219379904332871	0.005444810371597864	0.007004449148116945	0.007477910919560238	0.00792352199856569	0.008424834462446823	0.008898296233890116	0.009566712852398292	0.010792143319663286	0.012393558134839127	0.01363291394832304	0.014816568376931271	0.016097700229071945	0.017573786928277504	0.01895239620395062	0.02006642390146425	0.02157036129310765	0.0227679410679348	0.023937670150324112	0.025385906157091832	0.026764515432764948	0.027906393822716417	0.029271077752170614	0.03066361237406265	0.03241820599764662	0.03445130654560899	0.03634515363138216	0.038670686449941864	0.04123295015422321	0.043878765935818076	0.046830939334229195	0.050270499850302526	0.054239223522694835	0.058054768386679015	0.06196779067419564	0.06614539453987174	0.07122814590977768	0.07660332955028094	0.08124046984118143	0.08721444336909827	0.09497086121303691	0.10279690578807016	0.11113818817320345	0.1198554549062476	0.1289487059872026	0.13840401606984953	0.14837456396259652	0.15884642431922463	0.17149063868600434	0.1848868217486057	0.19975909151041268	0.21648343231933603	0.236772661760303	0.2566023547760456	0.2769612109481072	0.29725044038907417	0.31677377578800053	0.338720121429019	0.3612931076498889	0.3847016146438941	0.4106306093035238	0.4381192427396726	0.46797518503303787	0.4991679605634195	0.5226321689423004
209131_HY5CNBGXT_TCDM_2_E01_X4_46_1_i_ACATTA_S5_R1_001 - polya	0.028352004901721867	0.0385592836801905	0.0576370080001114	0.09185158365999875	0.14947466631389122	0.20800289647201353	0.26483223439142756	0.3203804404587009	0.3702192545762169	0.42433314998294147	0.4757316028769765	0.5361119040822152	0.6072843486071172	0.6652834156089206	0.7193833856694262	0.7742353244257535	0.8273465949047158	0.8835632175904974	0.9445423086831496	1.0077355298246102	1.0740341031728902	1.1436051328826162	1.2101961385014934	1.2777340676632574	1.3430439414299937	1.40822848708076	1.4719647967247587	1.5366898059503005	1.601804724869972	1.6642877533542677	1.7306141773949855	1.8024550385383957	1.880395201325693	1.9656461708779234	2.0542252981764757	2.1464250154919475	2.2452531976076253	2.348161506165447	2.4555816268981987	2.5688086170042403	2.6941785090131805	2.8295467996073054	2.9737716103966636	3.133147197872207	3.325358751731965	3.5650000348133655	3.786635845233702	4.000222805539503	4.219240650870682	4.44576425781386	4.681617846723714	4.9280268480675105	5.1881940914756	5.462384158526142	5.763714725357359	6.078636430098244	6.410895190881683	6.760142874052206	7.1323116770990715	7.521817536188493	7.923006760755589	8.341101355632455	8.769166498402067	9.241333212647	9.744497747575249	10.26324474492247	10.814228918766492	11.381060136607646	11.95886452726931	12.559492560383783	13.189113164326049	13.806855447943574	14.431643956747875	15.055485542009288	15.704545929273166
209131_HY5CNBGXT_TCDM_2_E01_X4_46_1_i_ACATTA_S5_R1_001 - polyg	0.0	0.0	9.747742353244257e-05	0.000264581578159487	0.001698892238708285	0.0033142324001030478	0.003369933784978729	0.0034117098236354903	0.003453485862292251	0.003481336554730092	0.003509187247167933	0.0035231125933868532	0.0035370379396057736	0.0035509632858246936	0.003564888632043614	0.003634515363138216	0.0036623660555760566	0.003704142094232818	0.0037319927866706587	0.0037319927866706587	0.003829470210203101	0.0038712462488598625	0.003954798326173384	0.003996574364830145	0.004038350403486907	0.004107977134581509	0.00414975317323827	0.00419152921189503	0.004247230596770712	0.004302931981646394	0.004400409405178836	0.004483961482492358	0.004623214944681562	0.0046789163295572435	0.004832095137965368	0.0048738711766221285	0.0049713486001545714	0.005124527408562695	0.005430885025378944	0.00566761591110059	0.005904346796822236	0.006182853721200644	0.006489211338016891	0.0067537929161763785	0.0072411800338385915	0.007770343190157565	0.008215954269163018	0.009190728504487444	0.010012323931403744	0.01098709816672817	0.012031499133147197	0.013451884447477075	0.014677314914742067	0.016041998844196263	0.017671264351809948	0.019968946477931807	0.02230840464271043	0.0249542204243053	0.02762788689833801	0.030928193952222138	0.03474373881620632	0.0386289104112851	0.04295969308536934	0.04859945830403208	0.05564568349080579	0.06650745354156368	0.08442937412531419	0.12211136099371271	0.17398327565919108	0.23256720720218907	0.28552529887274325	0.3260759070622393	0.3588840227540157	0.38768163873474304	0.4093355521051642
209132_HY5CNBGXT_TCDM_2_F01_C14_3_2_o_GTGTAG_S6_R1_001 - illumina_universal_adapter	0.0004911080614961244	0.000832748452102124	0.0009181585497536239	0.0010676262206437486	0.0011316837938823735	0.0012811514647724984	0.001558734282139873	0.001708201953029998	0.0019857847703973726	0.002263367587764747	0.002455540307480622	0.0029466483689767464	0.003651281674601621	0.004099684687271995	0.0044199725534651195	0.004911080614961244	0.005274073529980119	0.005701124018237618	0.006512519945926867	0.0077082613130478655	0.009032117826646114	0.010185154144941363	0.01232040658622886	0.015202997381966982	0.017743947787099104	0.0205624810095986	0.023252899085620848	0.02617819493018472	0.02888996553061984	0.03262665730287296	0.036512816746016204	0.040420328713572325	0.04469083359614732	0.04855564051487769	0.05335995850777456	0.0584418593180388	0.06365187527478029	0.06975869725686254	0.0769544979840014	0.08487628454117803	0.09348135187956663	0.1020437141691295	0.11069148655634387	0.1194460215656226	0.12871301716081035	0.13919710664753196	0.15121857789198057	0.16411550263735705	0.1772046001024494	0.19294141059473827	0.20948961701471638	0.22870688898630384	0.24756116804287245	0.26812364905247105	0.2899032239536035	0.31447997955282264	0.3390567351520417	0.3654057502775294	0.3947014137719939	0.4293992659429157	0.4644601110288564	0.5009515752504597	0.5385747232659455	0.578098245954177	0.6191805029245485	0.6638713365206959	0.7095870912886612	0.7581427318035389	0.8071894803799127	0.8567913945910213	0.9108559864044207	0.9687213275633119	1.025412279879495	1.0854128734796735	1.1333706433109907
209132_HY5CNBGXT_TCDM_2_F01_C14_3_2_o_GTGTAG_S6_R1_001 - polya	0.0021138999168746225	0.00433456245581362	0.0072385057759646165	0.01257663687918336	0.024534050550393347	0.04125307716567445	0.0658725378137193	0.09209343779272977	0.11837839534497886	0.14325408628597822	0.17114048316919292	0.203916608142956	0.24534050550393346	0.28230172526262004	0.3206508591081435	0.3609857777240643	0.40591148908875324	0.4523745822111692	0.5014426833119559	0.5514930005357348	0.6082480104251565	0.6664549919746537	0.7315801914339224	0.79365197990215	0.8552326603088813	0.9168346932400256	0.9804011584171545	1.0487292365383543	1.1195769125402735	1.1943748055585746	1.2746175923021588	1.360625560637219	1.4552172437862552	1.5615955204111984	1.6749987775679773	1.797498210124641	1.9304176745947879	2.0720916740742132	2.224933043821572	2.39009482015516	2.5697549605650902	2.765643019528805	2.974363945664658	3.1970494227665314	3.448304577532831	3.705025978548827	3.9735766780895556	4.259508332502365	4.560920567114508	4.887977183546513	5.234080251754804	5.5997635848497005	5.98968203315321	6.415558132568002	6.87141317625847	7.354151048184747	7.849038506501951	8.373050808118315	8.924671923800528	9.49211526007268	10.074911061397689	10.689244541280516	11.311542512769343	11.974687863460002	12.675990175276468	13.417712815806505	14.225948569882648	15.066213110578104	15.906883349237406	16.787354693402303	17.71003997833146	18.667743403297727	19.63691313387371	20.651115338436444	21.70157412945224
209132_HY5CNBGXT_TCDM_2_F01_C14_3_2_o_GTGTAG_S6_R1_001 - polyg	0.0	0.0	8.54100976514999e-05	0.00023487776854162472	0.0018363170995072478	0.003565871576950121	0.003565871576950121	0.003565871576950121	0.003565871576950121	0.003565871576950121	0.003565871576950121	0.003565871576950121	0.003565871576950121	0.003565871576950121	0.003608576625775871	0.003608576625775871	0.0036726341990144956	0.0037366917722531207	0.0037793968210788707	0.0038434543943174954	0.0038434543943174954	0.0038434543943174954	0.0038861594431432453	0.00390751196755612	0.003971569540794745	0.003971569540794745	0.003971569540794745	0.00403562711403337	0.004056979638446245	0.004056979638446245	0.00412103721168487	0.004142389736097745	0.00416374226051062	0.00420644730933637	0.004398620029052245	0.004526735175529494	0.004612145273180994	0.004676202846419619	0.0048043179928968695	0.004868375566135494	0.005081900810264244	0.005274073529980119	0.0055943613961732435	0.005850591689127743	0.006170879555320867	0.006683340141229867	0.007110390629487366	0.007622851215396366	0.00807125422806674	0.008562362289562865	0.009074822875471865	0.009651341034619489	0.010270564242592862	0.011188722792346487	0.012042823768861486	0.01304639241626661	0.014583774173993607	0.01674037913969398	0.01992190527721235	0.022975316268253474	0.027203116102002718	0.03170849875311934	0.03713203995398958	0.043516444753439194	0.05195069189652481	0.0610041622475838	0.07394379204178604	0.09354540945280526	0.1227770153740311	0.15647129889754782	0.19123320864170826	0.22178867107653236	0.2495683053376827	0.27623760832936356	0.3011987093680144
209133_HY5CNBGXT_TCDM_2_G01_A03_3_1_o_CTAGTC_S7_R1_001 - illumina_universal_adapter	0.000749336891948926	0.0012121626193291452	0.0014105165024920962	0.001652949026357925	0.0018292635891694372	0.002093735433386705	0.0022700499961982173	0.0027108364032269973	0.0030414262084985824	0.003460173295175923	0.00398911698361046	0.004782532516262264	0.005818380572779897	0.0064795601833230665	0.006964425231054725	0.007559486880543578	0.008330863092843943	0.009146317945847186	0.010071969400607624	0.011857154349074183	0.013179513570160523	0.014766344635464132	0.016617647544985008	0.018248557250991494	0.019989663558755175	0.021774848507221733	0.023758387338851245	0.02587416209258939	0.027372835876487242	0.029576767911631142	0.03233168295556102	0.034094828583676136	0.03634283925952291	0.038480653333612495	0.04064050672805352	0.04282239944284598	0.04544507856466722	0.04850854409351724	0.052056874670098924	0.05692756446776694	0.06089464213102597	0.06602980377291125	0.07125312269620229	0.07579322268859873	0.08079614840837539	0.08811320276505313	0.09536413916067657	0.10391539545703489	0.11189362942425582	0.12055508232237135	0.130428697839816	0.14133816141377833	0.1525782147930122	0.16458964438454646	0.17891520261298183	0.19368154724844594	0.20750020110879822	0.22186983797793644	0.23813485639729842	0.2589620141294083	0.27928226749343504	0.3004620543511679	0.32353722275912455	0.3458410149547808	0.36981979549714644	0.3950327779791927	0.42150200172127095	0.44938174196584124	0.47693089240514003	0.5046343180868988	0.5351587767736419	0.5662342184691709	0.6005714795767129	0.6359225494204209	0.6653230027692406
209133_HY5CNBGXT_TCDM_2_G01_A03_3_1_o_CTAGTC_S7_R1_001 - polya	0.002446364559009729	0.006281206300160116	0.009587104352875965	0.016463372302524936	0.027989936846327532	0.04357173633479491	0.061930490187543596	0.08121489549505273	0.10023482895834458	0.1193429197030422	0.1379881847203596	0.1598071118682842	0.18455726862295022	0.20615580256736044	0.22669644913490158	0.2500801680277784	0.27522703254877023	0.3009028407581967	0.32765857566484363	0.354083720766219	0.383902921201716	0.415683621148491	0.4486985230349467	0.4837630817140861	0.5190700729170914	0.5547296932457196	0.5914472009512171	0.6293548319556922	0.6700173780040971	0.7133026031743233	0.7604447094060514	0.8104519272834664	0.8651755597160895	0.9296846503847515	0.9937529546463846	1.0635514821993919	1.1364575539219521	1.214719180489912	1.298248204621866	1.3864054860276218	1.4796538504345602	1.583260695406675	1.694360909298279	1.8159518396771681	1.9576646695369209	2.1095596653990385	2.262270116114159	2.420997301285223	2.5898846131383	2.7772629147662347	2.9772917862758947	3.1891337334939265	3.4126785598185725	3.64911638854881	3.906976436660646	4.185597524543538	4.473541244935089	4.776185192001049	5.1011990492237205	5.440185835549204	5.794820539324208	6.158425246482249	6.542680796809588	6.960083484945491	7.412572771080885	7.888137225624236	8.409587545139283	8.953980797140177	9.506087811264075	10.07635522535756	10.680254642307341	11.307119031063321	11.958535222690802	12.64124724921733	13.355762015010981
209133_HY5CNBGXT_TCDM_2_G01_A03_3_1_o_CTAGTC_S7_R1_001 - polyg	0.0	0.0	0.00011019660175719502	0.00019835388316295102	0.0018733422298723153	0.0033499766934187284	0.0033499766934187284	0.0033499766934187284	0.0033499766934187284	0.0033499766934187284	0.0033499766934187284	0.0033720160137701675	0.0034160946544730454	0.0034160946544730454	0.0034381339748244845	0.003460173295175923	0.0034822126155273623	0.0035262912562302406	0.0035262912562302406	0.0035262912562302406	0.0035262912562302406	0.0035483305765816792	0.0035703698969331184	0.0035924092172845575	0.0037466844597446305	0.003768723780096069	0.0038128024207989475	0.0038568810615018253	0.0038789203818532644	0.003945038342907581	0.00398911698361046	0.004033195624313338	0.004033195624313338	0.004143392226070532	0.00418747086677341	0.004297667468530606	0.0047384538755593855	0.0075154082398407	0.012209783474697207	0.01657356890428213	0.019526837831374957	0.021752809186870295	0.02358207277603973	0.024860353356423195	0.027460993157892997	0.031692542665369285	0.03605632809495421	0.0419849052694913	0.047582892638756806	0.0528943688434536	0.05672921058460399	0.060189383879779915	0.06228311931316662	0.06375975377671303	0.0654347421234224	0.06638243289853428	0.06761663483821485	0.06867452221508392	0.07169390910323108	0.0756609867664901	0.0807520697676725	0.08694511878642687	0.0957828862473539	0.10622952409393599	0.11857154349074184	0.13135434929457646	0.14634108713355498	0.16209920118483387	0.18107505600742285	0.2080071054768813	0.24188154085704305	0.27703425681758825	0.31082053491634426	0.34194005525257615	0.3714947838438558
209134_HY5CNBGXT_TCDM_2_H01_A03_3_3_o_TGTGCA_S8_R1_001 - illumina_universal_adapter	0.0004441661003548887	0.0006186599254943093	0.0007138383755703569	0.0008407429756717537	0.000983510650785825	0.0011421414009125709	0.0013483613760773407	0.001697349026356182	0.002046336676635023	0.002395324326913864	0.003077436552458872	0.003854727228079927	0.005425171654334712	0.006075557729854371	0.0067259438053740295	0.007534960631020433	0.008407429756717537	0.009771654207807552	0.011992484709581995	0.015133373562091566	0.017655602489106827	0.019479856115564406	0.02176413891738955	0.023969106344151316	0.026380293746077855	0.029314962623422654	0.03229722072580548	0.034676681977706666	0.03696096477953181	0.04054601973239627	0.04422625313533678	0.046716755912326685	0.048937586414101134	0.05128532151597697	0.05402963349316968	0.05667876702028633	0.05986724509783393	0.0636902461758885	0.0677511933791332	0.07251011588293559	0.0788077566629674	0.08478813594274572	0.0911650920978409	0.09782758360316424	0.10517218733403258	0.1148328000167514	0.1252072510750406	0.1361210466837607	0.1454961240162514	0.1569175380253771	0.16962386111052946	0.1848365500476844	0.19936712675929433	0.21638820624789418	0.2364867222889529	0.26475472196153904	0.29538631981101365	0.319355426155165	0.3462750644516738	0.38839152861032483	0.42527317801479325	0.4581573325160677	0.49273883604369834	0.5256864428450234	0.5621397892241496	0.6020354228810263	0.6448657254152477	0.6906941491268647	0.7316526088095905	0.7712627071162389	0.8145847649758532	0.8608732178628377	0.9124282116540301	0.9672192727478082	1.014808497785832
209134_HY5CNBGXT_TCDM_2_H01_A03_3_3_o_TGTGCA_S8_R1_001 - polya	0.005218951679169942	0.013055310735431194	0.01978125454080522	0.030584008624436623	0.049429341739494044	0.07247838973291024	0.0982241604784811	0.12373198509886185	0.14879564361888772	0.17406552211407836	0.19722561163258326	0.22390730380390195	0.25303190952717247	0.276747206671121	0.30022455768987943	0.3241936640340307	0.34962217327934814	0.3792226712529989	0.40923560917697926	0.4388519702256427	0.47275136152772834	0.5084750064562715	0.5472760879372736	0.5856171402429081	0.6235933418232511	0.6642821292307615	0.7062082364892603	0.7512117803002182	0.7972781501370252	0.8467550811015573	0.9009592084198664	0.9601284782171426	1.021185453940927	1.0944569974244711	1.1683947900585474	1.2484240034974907	1.3329741933150463	1.4207287242851623	1.5171603572872112	1.618906120418506	1.7296938363070253	1.8527754353303676	1.9846769040607568	2.131886240178377	2.2959580250344707	2.4705787547739924	2.6504184361926844	2.8450425035231888	3.055291699741178	3.285734590450302	3.532595763797544	3.7907514465538106	4.068624931550831	4.3683101446902795	4.690980953523094	5.04153904822819	5.412846045049864	5.799619540008896	6.217960554243151	6.65133976358942	7.0957279469944865	7.562768601517652	8.046513074029164	8.566361905269524	9.132848177047146	9.730441938924622	10.366487794632823	11.018158779228509	11.67081327447498	12.353163446145178	13.078914991050054	13.81167801511053	14.550373829225748	15.301395252625815	16.084777349051738
209134_HY5CNBGXT_TCDM_2_H01_A03_3_3_o_TGTGCA_S8_R1_001 - polyg	0.0	0.0	3.1726150025349193e-05	7.931537506337299e-05	0.0018242536264575786	0.0033788349776996893	0.0033788349776996893	0.0034422872777503874	0.003458150352763062	0.003458150352763062	0.003474013427775737	0.003505739577801086	0.003537465727826435	0.0035533288028391096	0.003585054952864459	0.003616781102889808	0.003616781102889808	0.0036643703279278317	0.0036643703279278317	0.0036802334029405067	0.0037119595529658557	0.0037278226279785303	0.0037278226279785303	0.003743685702991205	0.003775411853016554	0.0038071380030419034	0.0038388641530672524	0.0038388641530672524	0.003902316453117951	0.003918179528130625	0.00396576875316865	0.004029221053219348	0.004045084128232022	0.004045084128232022	0.004045084128232022	0.004076810278257371	0.004124399503295395	0.004187851803346094	0.0042671671784094665	0.004457524078561562	0.004758922503802379	0.0049334163289417995	0.00510791015408122	0.005266540904207966	0.005441034729347387	0.0056631177795248315	0.00590106390471495	0.006345230005069839	0.006916300705526124	0.007582549856058458	0.008201209781552766	0.008915048157123124	0.009676475757731505	0.010406177208314535	0.011294509409024314	0.012182841609734091	0.013388435310697359	0.015054058187028192	0.01691003796351112	0.018861196190070095	0.020923395941717795	0.0236677079189105	0.026903775221496118	0.031107490099854886	0.03670715557932902	0.04292548098429746	0.050634935440457315	0.06386474000102793	0.08393152989206129	0.10978834216272089	0.13811979413535772	0.16277101270505404	0.18488413927272243	0.20533164296405998	0.22408179762904135
209135_HY5CNBGXT_TCDM_2_A02_X4_32_2_i_TCAGGA_S9_R1_001 - illumina_universal_adapter	0.0011751137181738596	0.001710827324988413	0.00202188683862267	0.002160135511349006	0.002246540931802967	0.0024884761090740552	0.002730411286345144	0.003110595136342569	0.003508060070430786	0.00395736825679138	0.0045967683681506855	0.005771882086324545	0.007016120140861572	0.007862893261310382	0.008830633970394738	0.009746531427206717	0.010748834304472656	0.012304131872643941	0.014965418822625916	0.019147441172597594	0.022759187747573132	0.025887063968006493	0.02906678344071223	0.03153797846569549	0.03419926541567747	0.0369642388702042	0.03964280690427696	0.04209672084516944	0.04463704020651587	0.047471137997405766	0.050443484461021995	0.05275914972918813	0.05507481499735427	0.0576151343587007	0.060397388897318216	0.06355982728593317	0.06668770350636652	0.07080060151997503	0.07489621844949275	0.07942386248128026	0.0847809985494258	0.09027638329029768	0.09634204380616568	0.10290885576066666	0.10982128939698348	0.11854823686283347	0.12689500047868604	0.13634775347634928	0.146094284903556	0.15644565427394044	0.1674018615875026	0.1804490800760506	0.19359998506914333	0.20844443630313372	0.2252589311234744	0.24292019906426385	0.26094436977095997	0.27820817277766124	0.2975975491275299	0.3226205588909968	0.34641661168401744	0.3717506809611186	0.397482215172308	0.4236457764857671	0.45162385162875945	0.4821940893853706	0.513904878691974	0.5481214251917422	0.5821997230187842	0.6157768694071931	0.6527583893614881	0.6919173259112229	0.7338239548313936	0.7752985566492946	0.8088065787013403
209135_HY5CNBGXT_TCDM_2_A02_X4_32_2_i_TCAGGA_S9_R1_001 - polya	0.005910130759050882	0.0165207163907972	0.025990750472551245	0.04256331011562082	0.07116350428588167	0.10636507257882508	0.14507470094219926	0.18095023151468356	0.22007460589623676	0.2554489850300881	0.29118626692984606	0.33100188467503094	0.3776089684678971	0.41497067227218953	0.4512091056105805	0.489642236628502	0.5287666110100552	0.5692734721188717	0.6106443874322279	0.6533632273046659	0.7021822898611534	0.7537317637039861	0.806594599937719	0.8600795551987204	0.9147223430938048	0.9682072983548062	1.0240079188839737	1.081242869392677	1.140084960721824	1.2032818852418505	1.2710237348777553	1.339871573895471	1.4160293114835913	1.4986156123534866	1.5855221842460798	1.6787881950840846	1.7796578829220377	1.8804584464236278	1.994461758170583	2.113632114060685	2.2385225087848393	2.379207814367977	2.52174219594883	2.6807800128363892	2.860779784726079	3.0543797697952226	3.2493795226757203	3.4630082842060914	3.692328270090902	3.9415906270164864	4.212678993148741	4.492546149999119	4.783386795247149	5.095396768506399	5.432758092126842	5.783892439767645	6.147434605785638	6.516852340394499	6.903067288739611	7.297629000700575	7.707173412568256	8.132685546135829	8.571486833369221	9.046716645866002	9.567879579876108	10.112613912586056	10.68347724444128	11.266869362262328	11.871949240617322	12.506216870001662	13.166025941672194	13.836894907160833	14.536415910072003	15.264554388237526	16.01541749198244
209135_HY5CNBGXT_TCDM_2_A02_X4_32_2_i_TCAGGA_S9_R1_001 - polyg	0.0	0.0	5.184325227237615e-05	0.00017281084090792052	0.0022811030999845506	0.00395736825679138	0.00395736825679138	0.003974649340882172	0.004026492593154548	0.004026492593154548	0.004026492593154548	0.004026492593154548	0.00404377367724534	0.004061054761336132	0.004061054761336132	0.004095616929517716	0.0041301790976993	0.004147460181790092	0.004164741265880885	0.0042165845181532605	0.0042165845181532605	0.004251146686334845	0.004251146686334845	0.004302989938607221	0.004372114274970389	0.004406676443151973	0.004423957527242765	0.004441238611333557	0.004527644031787517	0.004562206199969101	0.004683173788604646	0.004769579209058606	0.00480414137724019	0.004855984629512566	0.004907827881784943	0.005097919806783655	0.005650914497689	0.0066704984590457315	0.011923948022646515	0.020201587302135907	0.026820242508909263	0.03133060545660599	0.03504603853612628	0.038571379690647854	0.04356561299288676	0.052327122626918326	0.06057019973822614	0.06927986611998534	0.07798953250174452	0.08611164202441679	0.0917279943539242	0.09634204380616568	0.1000056336334136	0.10323719635839171	0.10622682390609874	0.10951022988334923	0.11243073309469308	0.11709662579920693	0.12345606474461841	0.13263232039682898	0.1445389873353847	0.1578627031693854	0.17338111668291664	0.19404929325550394	0.21582345920990192	0.23987872826428447	0.2649708623641145	0.29097889392075654	0.3222058128728178	0.3643025337179872	0.41400293156310514	0.4609210748696056	0.5058346124215741	0.5515085176735375	0.5943137629664295
209136_HY5CNBGXT_TCDM_2_B02_C14_3_2_i_CGGTTA_S10_R1_001 - illumina_universal_adapter	0.0005618320782238802	0.000754961855113339	0.0008427481173358204	0.0009480916320027979	0.001088549651558768	0.0012641221760037306	0.0014572519528931894	0.0016503817297826482	0.001843511506672107	0.0021946565555620323	0.0024931298471184684	0.003054961925342349	0.003616794003566229	0.003897710042678169	0.00417862608179011	0.004512213878235538	0.004898473432014456	0.0056007635297943064	0.006882442958242533	0.008374809416024715	0.009937404883584883	0.011008397282699154	0.012553435497814824	0.013835114926263051	0.014958779082710812	0.01638091653071501	0.018048855512942153	0.019312977688945885	0.020858015904061555	0.02247328312895521	0.024281680130738323	0.025563359559186552	0.027003054259635246	0.02889923752364084	0.030760306282757444	0.03269160405165203	0.03476335984010259	0.03695801639566462	0.03950381800011658	0.042207634876569006	0.04587710063746872	0.04982748243748038	0.054129009286381966	0.05922061249528588	0.06422442944196731	0.07045725405976348	0.07686565120200461	0.08397633844202561	0.0900511477878213	0.09753053732917671	0.10585267498786793	0.11526336229811793	0.12590305727948267	0.1370870270866268	0.14923664577821819	0.16307176070448123	0.17725802067963423	0.1918832119658996	0.2087908460699495	0.22905191539089817	0.24943588547895834	0.26966184029501805	0.29122214629685944	0.31371298667825914	0.337766422527219	0.3651381790881887	0.3936862715629396	0.42435879158347456	0.45615497576045727	0.48816184696677395	0.5216961991357618	0.5591633758523168	0.6002824610773271	0.643192386051676	0.6792549825726713
209136_HY5CNBGXT_TCDM_2_B02_C14_3_2_i_CGGTTA_S10_R1_001 - polya	0.002651145119118935	0.006461068899574623	0.010815267505809694	0.018400000561832077	0.03232290175031761	0.04891450531036658	0.06907023111664828	0.08889236912648456	0.10867939263143184	0.12778168329104375	0.1463572563773208	0.1661091653773791	0.19262061656856844	0.21453206761929977	0.2355480987953618	0.2570381757874252	0.2806702375777172	0.30474123067912157	0.33012901771386316	0.35800993459572317	0.38822596605270127	0.4199343639674615	0.455083983361343	0.4876000148885501	0.520888565523315	0.5549320780131932	0.5900114683972968	0.6258282633840692	0.6669122341041903	0.7091374262332039	0.755418343676896	0.8018397191401441	0.8552664383287462	0.9168046081467056	0.9810992665984509	1.0534351466697756	1.1268069046353253	1.2053931665768907	1.2913885890500332	1.38142217958541	1.482288594879041	1.590967987510473	1.705739746740145	1.836014559878307	1.9768588389880561	2.1341367063858536	2.2963130472156656	2.470849693766403	2.6586069514078456	2.868521461634243	3.0957474227709136	3.3366680408142915	3.5994474381510666	3.882382561294124	4.191056616520813	4.525153573287132	4.8794413703646216	5.251900923722165	5.646447500654886	6.069454383800134	6.509000198748097	6.984239907915723	7.474333052651391	8.011426962180977	8.594099499056473	9.20628577729117	9.86789572115712	10.573609483163649	11.266243092099026	12.00951181708433	12.797411077783543	13.606501942183266	14.434853112514599	15.289329474483342	16.168754692175717
209136_HY5CNBGXT_TCDM_2_B02_C14_3_2_i_CGGTTA_S10_R1_001 - polyg	0.0	0.0	0.00019312977688945882	0.00031603054400093265	0.002247328312895521	0.003809923780455688	0.003827481032900184	0.003827481032900184	0.0038450382853446805	0.003880152790233673	0.003880152790233673	0.003897710042678169	0.0039328245475671614	0.003950381800011658	0.003967939052456154	0.004020610809789643	0.004055725314678635	0.004055725314678635	0.004161068829345613	0.00417862608179011	0.004248855091568094	0.004266412344012591	0.0043015268489015835	0.004319084101346079	0.004319084101346079	0.0043893131111240645	0.004406870363568561	0.004459542120902049	0.004529771130680035	0.004547328383124531	0.004564885635569027	0.004564885635569027	0.004582442888013523	0.004617557392902516	0.004740458160013989	0.0048809161795699595	0.004933587936903449	0.004986259694236937	0.0051618322186819	0.005249618480904381	0.005337404743126863	0.005530534520016321	0.005811450559128261	0.006109923850684698	0.006425954394685631	0.006864885705798037	0.007479389541355406	0.00811145062935727	0.008532824688025182	0.009094656766249062	0.009884733126251393	0.010674809486253725	0.011254198816922101	0.011780916390256989	0.01243053473070335	0.013080153071149712	0.01369465690670708	0.014695420296043368	0.015731298190268646	0.0168900768516054	0.018452672319165565	0.02006793954405922	0.022209924342287767	0.02524732901518562	0.029180153562752782	0.03360458117876584	0.04013587908811844	0.05165343669170799	0.07126488767221031	0.10000610992385069	0.12948473677815991	0.1553114551240139	0.17604657026096399	0.19537710520235435	0.21261832710284967
209137_HY5CNBGXT_TCDM_2_C02_X4_32_3_i_TTAACT_S11_R1_001 - illumina_universal_adapter	0.0009758648701990186	0.0017127424252472573	0.001971645349993936	0.002210632665144716	0.002290295103528309	0.002509366809083191	0.002768269733829869	0.0030670038777683446	0.0032860755833232264	0.0037242189944329896	0.004421265330289432	0.0052776365429130605	0.0062933326323038755	0.006970463358564419	0.007448437988865979	0.007886581399975744	0.00850396529744859	0.009400167729264016	0.010495526257038425	0.012765905750970837	0.014319323299450907	0.01595240328631457	0.017565567663582336	0.0191787320408501	0.020373668616604	0.02180759250750868	0.023201685179221568	0.02449619980295496	0.025711051988304756	0.02738396319436022	0.029475102201929542	0.03110818218879321	0.032462443641314294	0.03407560801858206	0.03570868800544572	0.03746126164988478	0.03933332895189922	0.04162362405542753	0.0444118093988533	0.04745889766702575	0.050964044955903856	0.055385310286193284	0.06024471902759248	0.0647655624058614	0.06978429602402779	0.07597805060835217	0.08260994860378632	0.08995880854467281	0.09702884995121672	0.10481585330321297	0.11339948103904515	0.12321787656982303	0.13321551258696399	0.14426867591268758	0.15739306263638458	0.17135390496310932	0.1860914560640741	0.20078917594584708	0.21757803483518937	0.23862883417805392	0.25950039303455535	0.2801130489663102	0.3053062951051216	0.3312165031893853	0.3586602132125332	0.38831455590082586	0.4203388561310304	0.4537572490329478	0.48773327900355035	0.5231631484746535	0.5613214564603948	0.6036022956324869	0.6474962991818468	0.6928043110125156	0.7319982306972435
209137_HY5CNBGXT_TCDM_2_C02_X4_32_3_i_TTAACT_S11_R1_001 - polya	0.004879324350995093	0.01153113795602514	0.01762531449237003	0.028539068550922322	0.04506902451551795	0.06665754531747174	0.08898294367447379	0.11094986105874965	0.13423120867635482	0.15709432849244612	0.18037567611005126	0.20811812027713766	0.24173566927501405	0.26892047637341526	0.29580654932787803	0.3228121159399162	0.3515304249772016	0.3807466242543845	0.41087894157297866	0.4436998661870191	0.47861192980862893	0.5172681280342676	0.5569201067397012	0.5956161361845317	0.6339138534374442	0.6753781526161046	0.7171013547195115	0.7607364553441248	0.8066618510722664	0.8536029428897988	0.9042483380921682	0.956984872302107	1.016572376213035	1.0833095839688902	1.1541494073015006	1.229111761820462	1.3136933557742423	1.402078831160839	1.4950847279736843	1.5978293578789238	1.7093966028351464	1.8294279818696257	1.9596163217980131	2.10553799330716	2.269981181740493	2.4533641148995247	2.640630591929757	2.8414994303139873	3.0584799968613	3.300932628081766	3.5704904039622503	3.8535509631487534	4.14887953784633	4.461196127529208	4.811611278369039	5.186064569991119	5.566612038149545	5.963530137395799	6.38998308567277	6.822032320246189	7.27242383125743	7.732892640724195	8.218733936816136	8.747493371587236	9.323492632319809	9.929186066959865	10.565987683788714	11.222286682411948	11.898242387706333	12.616877244364728	13.3623384271488	14.120565515683841	14.91274871857989	15.714312173595607	16.55297840928848
209137_HY5CNBGXT_TCDM_2_C02_X4_32_3_i_TTAACT_S11_R1_001 - polyg	0.0	0.0	0.00013940926717128838	0.0002589029247466784	0.0022504638843365123	0.0039034594807960746	0.003923375090391973	0.003943290699987872	0.003943290699987872	0.003943290699987872	0.00396320630958377	0.00396320630958377	0.00396320630958377	0.003983121919179668	0.004003037528775567	0.004003037528775567	0.004022953138371465	0.004022953138371465	0.004022953138371465	0.004102615576755058	0.004102615576755058	0.004102615576755058	0.004142446795946855	0.004162362405542753	0.004222109234330448	0.004301771672714042	0.004301771672714042	0.004361518501501737	0.004361518501501737	0.004421265330289432	0.00444118093988533	0.004580590207056618	0.004700083864632008	0.004819577522207398	0.004958986789378687	0.004998818008570483	0.005138227275741772	0.005257720933317162	0.005357298981296653	0.0055166238580638405	0.005735695563618722	0.005974682878769502	0.006313248241899774	0.0066518136050300455	0.006910716529776724	0.0072492818929069955	0.007667509694420861	0.008205231153510116	0.008922193098962456	0.009778564311586085	0.010336201380271238	0.010953585277744086	0.011909534538347208	0.012646412093395447	0.013701939401978058	0.014817213539348366	0.01654987157419152	0.017943964245904404	0.019437634965596782	0.021309702267611225	0.02352033493275594	0.025950039303455536	0.02915645244839517	0.032462443641314294	0.03636590312211037	0.04064775918522851	0.048753412290759135	0.07036184870230884	0.1043378786729114	0.14480639737177683	0.18415964193327194	0.21530765534125695	0.24048098587047245	0.26328435885777607	0.2820249474875164
209138_HY5CNBGXT_TCDM_2_D02_X4_32_3_o_ATGAAC_S12_R1_001 - illumina_universal_adapter	0.00026121678885081967	0.00048511689358009366	0.0005784086038839578	0.0006157252880055035	0.000783650366552459	0.0008769420768563231	0.0009329171030386417	0.001007550471281733	0.0011381588657071427	0.0013620589704364167	0.0015299840489833723	0.0017538841537126462	0.0022949760734750583	0.0025935095464474237	0.0027614346249943793	0.003022651413845199	0.003433134939182201	0.0038809351486407493	0.004571293804889344	0.005802744380900351	0.007071511641032904	0.008116378796436181	0.009310512688325643	0.010262088133425058	0.01153085539355761	0.012724989285447071	0.013807173124971896	0.014833381938314402	0.015822274067535363	0.01727762474827564	0.018677000402833606	0.019927109320905384	0.02134514331752412	0.0225952522355959	0.02405060291633618	0.025711195359744962	0.02759568790788302	0.029629447192507256	0.03224161508101545	0.03476049125921979	0.0381189928301589	0.041477494401098006	0.04547037960210339	0.0499297233546281	0.05483686731661135	0.06034107822453934	0.06666625618314133	0.07394300958684273	0.08010026246689776	0.0875635992912069	0.0969674036898364	0.10825570063660397	0.11930143913658149	0.13239959526324402	0.14723297720155842	0.16535022734256885	0.18522136163729191	0.20158472762458968	0.22130659518282655	0.24239052171149986	0.26492979892091345	0.2867414007899569	0.3112024872316301	0.33713758269610433	0.36432278707865035	0.39372833416642833	0.42583934085301833	0.4609916572955144	0.4963305571586181	0.5317814070740865	0.571990134215052	0.6161171131887797	0.6634719853390212	0.7132151252730415	0.7540209193599517
209138_HY5CNBGXT_TCDM_2_D02_X4_32_3_o_ATGAAC_S12_R1_001 - polya	0.010821838395248242	0.017706766615673417	0.02798751309115925	0.04528379618149567	0.07420422637569356	0.10588609119488582	0.14213924981896744	0.18141505985689424	0.21595165101138475	0.25435051897245525	0.2937196207206859	0.3417461931851152	0.39770256102537294	0.4450201164914928	0.4896135540167399	0.5382371934271138	0.5862824242336039	0.6367159228238729	0.688940622251976	0.7429565225179134	0.8030177256115412	0.8668105971173234	0.9317976025149952	0.9966166828341201	1.0584131117393998	1.1214409912206904	1.1815954860246218	1.2480565004450948	1.3137898395251975	1.380120245551245	1.4537647216651153	1.5303945325087092	1.6112784453421596	1.7079659739010844	1.8089076044498653	1.9146630872503256	2.027079598166482	2.143078510758307	2.2686304944852473	2.4060678421048998	2.5507259681020718	2.71340805252995	2.883180306940922	3.076629997427015	3.2891858301833388	3.519579037949762	3.752957580445908	4.002177055351651	4.270745230974415	4.56252438412078	4.875462097164062	5.201031507782488	5.545147310409321	5.909973872723612	6.305754624516726	6.725959146067391	7.16077314945164	7.612920752610349	8.096731562246188	8.589946176280657	9.10090487361492	9.628338886988848	10.175793301393984	10.771572821736521	11.415304281175244	12.081033925903618	12.783277946044926	13.49440333700716	14.222246602455849	14.994925863876572	15.783651299469563	16.574354519320995	17.39390353599838	18.214590711541472	19.071269828919796
209138_HY5CNBGXT_TCDM_2_D02_X4_32_3_o_ATGAAC_S12_R1_001 - polyg	0.0	0.0	9.329171030386416e-05	0.00020524176266850116	0.00236960944171815	0.0038995934907015218	0.003918251832762295	0.003955568516883841	0.003992885201005386	0.004048860227187705	0.004048860227187705	0.004142151937491569	0.004160810279552341	0.004179468621613115	0.004198126963673887	0.0042167853057346605	0.004272760331916979	0.004272760331916979	0.00434739370016007	0.004366052042220843	0.0044033687263423885	0.0044033687263423885	0.004459343752524707	0.00447800209458548	0.0044966604366462526	0.004533977120767798	0.004571293804889344	0.004589952146950117	0.004589952146950117	0.004645927173132435	0.004701902199314754	0.004776535567557845	0.004888485619922482	0.005019094014347892	0.005168360750834075	0.005280310803198711	0.005392260855563349	0.005485552565867213	0.005653477644414168	0.005877377749143442	0.006213227906237353	0.0065490780633312646	0.006866269878364402	0.0072394367195798585	0.007649920244916861	0.008135037138496955	0.00863881237413782	0.009441121082751053	0.010374038185789695	0.011605488761800701	0.012836939337811708	0.014143023282065808	0.015561057278684542	0.017109699669728688	0.01856505035046897	0.020785393055700936	0.023360244260087586	0.026308262305689695	0.029797372271054213	0.03371562410381651	0.0379137510674904	0.042727603319169784	0.04798925578030772	0.05457565052776053	0.06205764569413044	0.07071511641032903	0.0806973294128425	0.09666887021686404	0.11767816337729425	0.14307216692200608	0.1688020206238118	0.1931884736972419	0.21615689277405326	0.23869616998346685	0.2570932952553889
209139_HY5CNBGXT_TCDM_2_E02_A04_3_2_o_CCTAAG_S13_R1_001 - illumina_universal_adapter	0.0034663453723093986	0.005319047209233388	0.00609598668923377	0.007052219895388088	0.007410807347695956	0.008068217676927048	0.009801390363081749	0.011952915076928961	0.013626323187699015	0.015718083326161585	0.019184428698470982	0.025041357086166175	0.03137640207693852	0.03490251202463257	0.03824932824617268	0.04087896956309705	0.04452460866156038	0.04745307285540798	0.05187565143387169	0.05671658204002792	0.06281256872926169	0.06866949711695688	0.07637912734157606	0.08408875756619524	0.09161909406466048	0.102974363387743	0.11259646002467082	0.1236529064708301	0.13309570938160398	0.14594509308930262	0.15998976830469414	0.17242079998470028	0.18449324421239852	0.19668521759086607	0.20863813266779502	0.22232422043087868	0.23989500559396426	0.2575255553324345	0.2765306903047515	0.2990619352247626	0.32535834839400635	0.35045947005555717	0.3807003452001874	0.40884946020635515	0.43837316044636965	0.48379423773869973	0.5264661445633361	0.5694966388402803	0.6032636239326047	0.6374489610526215	0.6788060472187957	0.7246454765388183	0.7709630224619181	0.817400097535787	0.875969381412739	0.946132992914312	1.0032679269820324	1.0594466278435986	1.1214224925174752	1.2128622928559818	1.297608460751408	1.3804421622345258	1.4640528031976439	1.5461095652007613	1.631094791397726	1.7205623607485394	1.8164247396655095	1.913781232967096	2.0001410443979077	2.07968769423487	2.1661670348164512	2.2536026086041865	2.3486880480411565	2.445267601862742	2.5362890501735564
209139_HY5CNBGXT_TCDM_2_E02_A04_3_2_o_CCTAAG_S13_R1_001 - polya	0.0043030494276944265	0.011295504747697869	0.01912466412308634	0.03269122273540071	0.0632309207569542	0.11128163936620863	0.17439303097239356	0.23385878348011513	0.2939819463170678	0.3538660508524819	0.4248663664094399	0.5078195970433269	0.6130052497203018	0.7132902072157358	0.8115431691480919	0.9216295170066076	1.0323732751943544	1.1521414842651827	1.2734635722960115	1.3968176558899184	1.524773611788443	1.657510733717739	1.7980770150224237	1.9319496638840281	2.0629536131271693	2.196945791139543	2.3311172628780708	2.462838387025828	2.6016714956443576	2.7395483710567334	2.8813697084444954	3.0344865505799556	3.1945360834600343	3.3778340361647397	3.5620882220756	3.7724595274295494	3.9930505751742733	4.229658529122083	4.479115866777589	4.752837622039263	5.04861250561787	5.360583589125716	5.694548036375111	6.052836665806057	6.445071574055481	6.84818363502491	7.262591200742037	7.6898481501668625	8.134018474425543	8.60119816020731	9.094973082035247	9.611458542509347	10.146231963051148	10.697201583522189	11.274766440039397	11.873428191667385	12.48057651299999	13.122149229754152	13.784340725016017	14.449879036499421	15.103942549508973	15.778445547300075	16.497293860026584	17.248952924639262	18.04447918758427	18.869768209070827	19.763906021400498	20.691930347973265	21.627783833921416	22.53596632146648	23.46470782294386	24.389385333295085	25.318126834772464	26.25194832515754	27.205073773391856
209139_HY5CNBGXT_TCDM_2_E02_A04_3_2_o_CCTAAG_S13_R1_001 - polyg	0.0	0.0	0.0	5.976457538464481e-05	0.0017331726861546993	0.0032870516461554642	0.003346816221540109	0.003346816221540109	0.003346816221540109	0.003346816221540109	0.003346816221540109	0.003346816221540109	0.003346816221540109	0.003346816221540109	0.003346816221540109	0.003346816221540109	0.003346816221540109	0.003346816221540109	0.003346816221540109	0.003346816221540109	0.003346816221540109	0.003346816221540109	0.003346816221540109	0.003346816221540109	0.003406580796924754	0.0034663453723093986	0.0035858745230786886	0.0035858745230786886	0.0036456390984633334	0.0036456390984633334	0.0036456390984633334	0.003705403673847978	0.003765168249232623	0.0038249328246172678	0.0038249328246172678	0.0038249328246172678	0.0038846974000019126	0.0040639911261558465	0.0040639911261558465	0.0040639911261558465	0.0040639911261558465	0.004183520276925137	0.0043030494276944265	0.0043030494276944265	0.0046018723046176505	0.004900695181540874	0.0051397534830794536	0.005677634661541257	0.005916692963079836	0.006335044990772349	0.006753397018464863	0.007231513621542022	0.007948688526157759	0.008546334280004208	0.008964686307696722	0.00944280291077388	0.010159977815389618	0.010877152720005355	0.012132208803082896	0.013088442009237212	0.014761850120007268	0.01703290398462377	0.02229218661847251	0.02785029212924448	0.033707220516939675	0.042313319372328524	0.05683611119079721	0.0926948564215841	0.15682224580930798	0.24043288677242605	0.3282868125878539	0.40245465064019814	0.4715424997848475	0.5296336670587223	0.5862904845233655
209140_HY5CNBGXT_TCDM_2_F02_X4_32_1_i_CCGACC_S14_R1_001 - illumina_universal_adapter	0.00016829251258196898	0.00031554846109119183	0.0004838409736731608	0.0006521334862551297	0.0007783528706916065	0.0009256088192008293	0.001220120716219275	0.0016198154336014513	0.0021878026635655965	0.003933837481603524	0.008035967475789019	0.01817559135885265	0.03614081707697784	0.041778616248473795	0.043524651066511724	0.04421885768091235	0.04472373521865825	0.04508135680789494	0.04588074624265929	0.047269159471460535	0.0482578779828796	0.048720682392480015	0.049288669622444166	0.04991976654462655	0.0507191559793909	0.05128714320935505	0.05183409387524644	0.052444154233356084	0.0531804339759022	0.053874640590302815	0.05461092033284893	0.05517890756281308	0.055683785100558984	0.05646213797125059	0.057345673662305925	0.05820817278928852	0.059302074121071316	0.06045908514507235	0.06172127898943712	0.06296243626972914	0.06477158077998531	0.0664965790339505	0.06881060108195257	0.07061974559220872	0.07339657204981122	0.07699382450625081	0.08067522321898138	0.0843355853676392	0.08728070433782366	0.09041515238466283	0.09390722202073869	0.09853526611674283	0.10276361549536481	0.10684470892547755	0.11187244773886387	0.11679500373188646	0.12270627823632813	0.12886999150964273	0.1347391928859389	0.14292241631023714	0.15108460317046266	0.15947819223548834	0.16860806104306017	0.17716994262066785	0.18621566517194868	0.19704949566941293	0.2084513133968413	0.22027386240572464	0.23226470392718992	0.2457070683696747	0.258939067171432	0.27299149197202643	0.28841129343734934	0.30469359402965485	0.31830425098472154
209140_HY5CNBGXT_TCDM_2_F02_X4_32_1_i_CCGACC_S14_R1_001 - polya	0.00694206614400622	0.010560355164518554	0.013610656955066741	0.018701505460671303	0.025391132835804568	0.03227008928759255	0.03961185014898095	0.04674324536964188	0.05471610315321266	0.06393011821707546	0.07322827953722925	0.08330479372807464	0.09512734273695796	0.10579288072184025	0.11460720106832087	0.12436816679807507	0.13465504662964792	0.14561509651154866	0.15556539131795757	0.16627300243098533	0.17817969769615966	0.19023364890984318	0.20304491643014558	0.215687891437866	0.22881470741925955	0.24282505909170848	0.2568143742000846	0.2719817368965346	0.2869808070804026	0.30256890105830747	0.3202396148794142	0.3392145956730312	0.3597462822080314	0.38429595248092613	0.40672092978247354	0.4336477317955886	0.4621733126782323	0.4927394402759324	0.5242732498209789	0.5604140668979567	0.5975646390504263	0.6391118530940999	0.6831413816983576	0.733313587011857	0.7893970668297982	0.8509500533066534	0.9148591349596561	0.9823444325050257	1.0574449662447294	1.139740004897312	1.2271048554914268	1.3184456166952905	1.4159500911724687	1.5202493758451439	1.6408519976741975	1.7668820530340195	1.8963621049017718	2.0293762995337454	2.174023714097948	2.3241195987569916	2.480905110791168	2.6521848154714673	2.829291648399917	3.033304246777409	3.2641174277835794	3.503702856008085	3.7615900949758796	4.034013599717942	4.3123063058363	4.597288639329792	4.900257235105482	5.213365454764235	5.533142265234049	5.871767837113043	6.226128758918452
209140_HY5CNBGXT_TCDM_2_F02_X4_32_1_i_CCGACC_S14_R1_001 - polyg	0.0	0.0	0.00010518282036373061	0.00014725594850922285	0.0017881079461834204	0.0028609727138934724	0.002903045842038965	0.002903045842038965	0.002966155534257203	0.0030503017905481877	0.003113411482766426	0.003113411482766426	0.0031554846109119183	0.0031554846109119183	0.0033237771234938874	0.0033448136875666333	0.0033448136875666333	0.0033868868157121254	0.0033868868157121254	0.0034079233797848717	0.00347103307200311	0.0035131062001486023	0.0035131062001486023	0.0035131062001486023	0.0035131062001486023	0.003534142764221348	0.003534142764221348	0.0035551793282940945	0.003639325584585079	0.0037445084049488094	0.0037445084049488094	0.003786581533094302	0.00384969122531254	0.00384969122531254	0.0038917643534580326	0.003912800917530779	0.0040179837378945095	0.004291459070840209	0.005090848505604561	0.005764018555932437	0.00656340799069679	0.007152431784733682	0.008014930911716272	0.008456698757243942	0.009150905371644563	0.010539318600445807	0.012159134034047258	0.013652730083212232	0.015861569310850577	0.018028335410343425	0.019711260536163115	0.02147833191827379	0.023035037659657004	0.02566460816875027	0.028399361498207265	0.029640518778499284	0.030776493238427575	0.031933504262428615	0.03300636903013866	0.0347103307200311	0.037297828100978876	0.04125270214665514	0.045312759012695145	0.04941488900688064	0.05448470094841246	0.05976487853067173	0.06340420411525681	0.06870541826158884	0.07575266722595879	0.08534534044313101	0.09811453483528791	0.10968464507529828	0.12032914649610782	0.1314574888905905	0.14195473436289083
209141_HY5CNBGXT_TCDM_2_G02_A04_3_2_i_GGCTGC_S15_R1_001 - illumina_universal_adapter	0.0003846688108391123	0.0005983737057497302	0.0006624851742229156	0.0007693376216782246	0.0008975605586245953	0.0009403015376067188	0.001047153985062028	0.0011967474114994603	0.0012608588799726459	0.0014745637748832638	0.0018806030752134377	0.0023293833545257356	0.002991868528748651	0.0032483144026413924	0.0036757241924626283	0.004017652024319617	0.004316838877194482	0.004637396219560409	0.005214399435819078	0.005855514120550931	0.006539369784264909	0.007116373000523577	0.007757487685255431	0.008291749922531975	0.00869778922286215	0.009381644886576126	0.010044130060799043	0.01059976278756665	0.011262247961789564	0.012181179009905221	0.013292444463440436	0.014104523064100783	0.015108936070180688	0.016134719565751653	0.01720324404030474	0.018613696346714823	0.019831814247705342	0.021178155085642237	0.022695459839507624	0.024255505572355136	0.026499406968916624	0.02825178710718369	0.030495688503745177	0.032696848921324545	0.03530404863923408	0.03778302542019725	0.040817634927928025	0.04408731982006048	0.0476561915650678	0.051331915757530426	0.05511449239744837	0.05994422302242833	0.06526547490570271	0.07148428734760169	0.07798091615288448	0.08443480397918514	0.09176488187461934	0.09926592368598203	0.10892538493594196	0.11822154786455384	0.12860760575720986	0.1406178208511866	0.15401711776208235	0.16799341788923675	0.1833587998333102	0.19885240471433	0.21569235043328666	0.23289559447359143	0.25195807109961854	0.27287978031136806	0.29632320728306283	0.32064282432389113	0.3466293395450223	0.3740904185410367	0.39793988481306164
209141_HY5CNBGXT_TCDM_2_G02_A04_3_2_i_GGCTGC_S15_R1_001 - polya	0.004680137198542532	0.008035304048639233	0.01192473313601248	0.018164916067402524	0.0295340164766474	0.04158697254960625	0.05342622372765448	0.0665049632961843	0.07834421447423254	0.09103828523192324	0.1036468740316497	0.11914047891266949	0.1365787983373759	0.15211514419737784	0.16816438180516524	0.1847478816502292	0.20250675841730154	0.2202656351843739	0.23719106286129485	0.25480034620192976	0.2754014980713133	0.29694295147830363	0.3184416639063118	0.3401113402502484	0.3616100526782566	0.3848611452445318	0.4071078248047271	0.4303589173710024	0.4549136097962324	0.4801948988641585	0.5070789746439143	0.5358863944778656	0.5683054270358062	0.6056183016872001	0.6442347761975488	0.6874672764379668	0.7358073236667486	0.7859211215232885	0.8398602369987285	0.8994197912103177	0.9636594826204494	1.0372167074486842	1.114983918706658	1.2053597187643583	1.308258625663821	1.4260313932490625	1.5426287839122954	1.6688856358254887	1.8018955624178572	1.949843461164478	2.113135371365681	2.2913652537211364	2.4794896727109537	2.6800303460950774	2.9065575347003323	3.1498178165770887	3.407588660818276	3.677326979174458	3.9749324158269843	4.286257706732773	4.610768589654546	4.953038349343392	5.318409608172075	5.711156464038809	6.141729086304722	6.60683641958819	7.112910981226025	7.659910030239242	8.228963424407237	8.803380811437487	9.39641189481445	10.00100441300608	10.625984378172182	11.274877921078783	11.970551465481316
209141_HY5CNBGXT_TCDM_2_G02_A04_3_2_i_GGCTGC_S15_R1_001 - polyg	0.0	0.0	0.00014959342643743254	0.00021370489491061794	0.0018378620962313142	0.003312425871114578	0.0033337963606056395	0.003419278318569887	0.0034406488080609486	0.0034406488080609486	0.0034406488080609486	0.0034406488080609486	0.003483389787043072	0.003483389787043072	0.003483389787043072	0.003483389787043072	0.003483389787043072	0.003483389787043072	0.003483389787043072	0.003504760276534134	0.0035261307660251957	0.003590242234498381	0.0036116127239894428	0.0036329832134805048	0.0036757241924626283	0.0036757241924626283	0.003718465171444752	0.0037825766399179374	0.003825317618900061	0.0038680585978821845	0.0039107995768643085	0.0039535405558464316	0.0039962815348285555	0.004060393003301741	0.004081763492792803	0.004124504471774926	0.004231356919230235	0.004380950345667668	0.004466432303631915	0.004722878177524656	0.004915212582944212	0.005107546988363769	0.00523576992531014	0.005449474820220757	0.005919625589024116	0.006539369784264909	0.0071377434900146385	0.008142156496094543	0.009616720270977807	0.0109630611089147	0.011839251178048233	0.012694070757690705	0.0135916313163153	0.014574673832904143	0.015579086838984046	0.0162202015237159	0.01750243089317961	0.01946851592635729	0.021626935364954535	0.02384946627202496	0.02671311186382724	0.029491275497665274	0.03367989143791338	0.038317287657473796	0.04427965422548003	0.05030613226195946	0.05733702330451879	0.06646222231720217	0.08110100761857951	0.10106104480323122	0.12482502911729193	0.14489191874939897	0.1637193199910244	0.18175601312148054	0.1972282475130093
209142_HY5CNBGXT_TCDM_2_H02_A04_3_1_o_TACCTT_S16_R1_001 - illumina_universal_adapter	0.0012015739868243658	0.0020088815092219863	0.0022529512252956858	0.002497020941369385	0.002759865250987215	0.002966385779972653	0.003210455496046352	0.0036047219604730973	0.003998988424899842	0.004412029482870718	0.0050315910698270315	0.005726251030959868	0.006702529895254665	0.007171894733857933	0.007509837417652286	0.007941653069167292	0.00865508762384426	0.009274649210800573	0.009781563236492102	0.011339854500654951	0.012973244138994323	0.014587859183789565	0.01631512178984959	0.018192581144262664	0.02027656102766117	0.0220038236337212	0.024031479736487314	0.02620933258760648	0.028218214096828464	0.03048993991566828	0.03315593219893484	0.03593457204346619	0.03888218322989471	0.041623273887337796	0.04498392613173719	0.0480441848794305	0.05200562411724208	0.05606093632277431	0.06007869934121829	0.06480989691433922	0.06986026257771039	0.07543631686031721	0.0812376662654536	0.08705779026413413	0.09314075857243248	0.099392698222628	0.1061703264920592	0.11484418870944758	0.12338662877202705	0.13376897900193135	0.14522148106385108	0.15763148739652147	0.1706047315355158	0.1855117588095556	0.20064408120612495	0.2179730310473576	0.23573379654010526	0.2546773614261331	0.275629807821383	0.29870378328711966	0.32369276729435764	0.3501837187851261	0.37932188796561694	0.4071646101915628	0.43757945173305457	0.47002194937731245	0.5020326313700553	0.5377231336974478	0.5746339846052088	0.6132533235254857	0.6542570358258671	0.6967251664226908	0.741709092554428	0.7883639575115928	0.8254625543547951
209142_HY5CNBGXT_TCDM_2_H02_A04_3_1_o_TACCTT_S16_R1_001 - polya	0.00236559878656047	0.005331984566533123	0.008561214656123606	0.014437662435436519	0.02581506612317973	0.043369311086941954	0.06747588919760579	0.09197673377269637	0.11352996716135844	0.13519584811128527	0.15729354471272713	0.18369062323577492	0.21427443611916386	0.2433938307061106	0.2718373399254686	0.303491304640873	0.3353893390723511	0.3674187956586381	0.40205792074755925	0.43945691108746765	0.48053572176202564	0.5218210529655691	0.5640826630334074	0.6087286464813502	0.6539003185485287	0.6983961052481185	0.7436428756894735	0.7904103882079031	0.8402944832546584	0.8911924063527967	0.9465586827144382	1.0075010133586866	1.0762348003237492	1.151933961493684	1.2309562257209303	1.3195910818427714	1.415360283511382	1.513701604495539	1.6228007675804825	1.7447605272431557	1.8727657060270388	2.015565264523697	2.1683529067858327	2.335108846644802	2.522573163182947	2.7240433265050137	2.9274848221492142	3.1425290166036874	3.367279675920476	3.6160805895672965	3.8792252926818325	4.155024071845113	4.459097388885854	4.7721637362342335	5.1086232271386	5.468795029689203	5.842916355243096	6.239022729837166	6.66182657645099	7.105057180840828	7.560866762905233	8.03704677896502	8.537802737974076	9.07764740074201	9.665254629486213	10.285623523964924	10.96796735173281	11.692741760910433	12.425776991247472	13.170921834420476	13.952076348011122	14.758257394796095	15.573281275140355	16.408731913260628	17.27668137280579
209142_HY5CNBGXT_TCDM_2_H02_A04_3_1_o_TACCTT_S16_R1_001 - polyg	0.0	0.0	3.754918708826143e-05	0.000131422154808915	0.0021966274446632936	0.0038300170830026657	0.0038300170830026657	0.003886340863635058	0.003905115457179189	0.003905115457179189	0.003905115457179189	0.003923890050723319	0.003923890050723319	0.003923890050723319	0.003923890050723319	0.0039802138313557115	0.0039802138313557115	0.003998988424899842	0.003998988424899842	0.003998988424899842	0.004036537611988104	0.004092861392620496	0.004149185173252888	0.004186734360341149	0.00420550895388528	0.00420550895388528	0.00420550895388528	0.0042242835474294105	0.004280607328061803	0.004336931108694195	0.004355705702238326	0.004393254889326587	0.004412029482870718	0.004449578669958979	0.004524677044135502	0.004562226231223764	0.004637324605400286	0.004712422979576809	0.005181787818180077	0.0058388985922246525	0.006627431521078142	0.007171894733857933	0.007753907133725985	0.008260821159417514	0.009349747584977097	0.01103946100394886	0.013236088448612154	0.016202474228584805	0.02025778643411704	0.023768635426869484	0.026153008806974087	0.028293312471004986	0.029814054548079574	0.030809108005918504	0.03169151390249265	0.03216087874109592	0.03279921492159636	0.033287354353743755	0.033982014314876595	0.03508971533398031	0.03629128932080467	0.038731986481541664	0.0429750446225152	0.049602476143593345	0.058745703199585005	0.06971006582935735	0.08112501870418881	0.09590062382341968	0.12184711210140833	0.16439034107240855	0.2184048466988726	0.2651535846237581	0.3110199166520694	0.35335662509408416	0.38897202904730016
209143_HY5CNBGXT_TCDM_2_A03_C14_3_3_o_TCTTAA_S17_R1_001 - illumina_universal_adapter	0.00017590813061061427	0.0002736348698387333	0.0003909069569124761	0.00041045230475809995	0.00044954300044934754	0.0005277243918318427	0.0007427232181337046	0.0009772673922811904	0.0011922662185830523	0.0013877196970392902	0.0017786266539517664	0.0028145300897698283	0.003948160264816009	0.004514975352339099	0.004964518352788447	0.00523815322262718	0.005589969483848409	0.005980876440760885	0.006391328745518985	0.0069972345287333225	0.007759503094712651	0.008404499573618237	0.009108132096060694	0.010104944836187508	0.010945394793549331	0.012059479620749889	0.013212655143641693	0.014404921362224746	0.015343098058814689	0.016691727060162732	0.01823580953996701	0.019369439715013193	0.020678978020669987	0.022203515152628642	0.023552144153976686	0.025233044068700333	0.026972580026960853	0.029748019421039433	0.03209346116251429	0.035103444730740355	0.03799615621189268	0.041299319997803105	0.04487611865355226	0.0483551905700733	0.05195153457366808	0.05756104940536211	0.0626428398452243	0.06825235467691833	0.0729041474641768	0.07747775886005277	0.08345863530081366	0.09076859539507695	0.09796128340226652	0.10474351910469798	0.11314801867831621	0.12340932629726871	0.13210700608857132	0.1410392300540214	0.1523950771523288	0.16668272642747983	0.18126355592031518	0.19643074584851924	0.21204747877717267	0.2265110361829343	0.24392594111338511	0.26399901335084075	0.28416981232752453	0.30637332748015317	0.32718912293574254	0.34749673934734565	0.3685470789770825	0.3919233150004486	0.41717590441699454	0.4427803100947617	0.4653551868564572
209143_HY5CNBGXT_TCDM_2_A03_C14_3_3_o_TCTTAA_S17_R1_001 - polya	0.002599531263467966	0.004358612569574109	0.006293602006290866	0.010202671575415627	0.01739535958260519	0.02574122311268655	0.0352207168178141	0.04550156978461222	0.05515697162035038	0.06557464202206786	0.07605094846732223	0.08871633387128645	0.10427443075640301	0.11778026611772906	0.13241973165410129	0.14797782853921784	0.1635359254243344	0.17934811183144406	0.19547302380408368	0.21439292051864753	0.2323550951887758	0.2521154418607015	0.27212987805462024	0.2918120433351634	0.31178738883339097	0.3299645623298211	0.3496662729582099	0.37028661493534304	0.39151286269569047	0.4123872941948167	0.43517716978281407	0.4598043080683	0.48798869966168956	0.52059033986819	0.5556742392510848	0.5932990338539107	0.6326047283714601	0.6755849482839869	0.7239010481583689	0.775539857166507	0.8316740961791386	0.891815131500123	0.9573897735221909	1.0256421281991093	1.100735354621996	1.1835099027482128	1.2719330564018148	1.3690929805424108	1.4775501157377773	1.594255387723997	1.7213783301119343	1.8577462220308516	2.004864055264862	2.1698267910819267	2.3484126343473917	2.5402893141478806	2.7370914216054665	2.94650027842348	3.1648413592069438	3.3931310220438298	3.6297274577151057	3.8802792717481576	4.149379620886706	4.434917607563424	4.740528666477598	5.0740504821153225	5.4311439872548695	5.80559376128133	6.1948393636269286	6.5892840284994625	7.010857636181722	7.447637524487877	7.898861424851949	8.373950194935526	8.871105662736813
209143_HY5CNBGXT_TCDM_2_A03_C14_3_3_o_TCTTAA_S17_R1_001 - polyg	0.0	0.0	9.772673922811903e-05	0.00017590813061061427	0.0022672603500923615	0.0039872509605072565	0.0040067963083528805	0.0040263416561985045	0.0040263416561985045	0.004045887004044128	0.004065432351889752	0.004084977699735376	0.004084977699735376	0.004104523047581	0.004124068395426624	0.004143613743272247	0.004143613743272247	0.004163159091117871	0.004221795134654742	0.004221795134654742	0.004241340482500366	0.004280431178191614	0.004280431178191614	0.004299976526037238	0.004339067221728485	0.004397703265265357	0.00441724861311098	0.00441724861311098	0.004436793960956604	0.004436793960956604	0.004475884656647852	0.004534520700184723	0.004593156743721595	0.004729974178640961	0.004749519526486585	0.004808155570023456	0.004886336961405951	0.004905882309251575	0.005003609048479694	0.005062245092016566	0.005140426483399061	0.005199062526935932	0.005316334614009675	0.0053749706575465465	0.0054726973967746655	0.005570424136002785	0.005687696223076528	0.005922240397224014	0.006234965962753994	0.006352238049827737	0.006489055484747104	0.006664963615357718	0.006919053137350827	0.0071535973114983135	0.007388141485645799	0.007544504268410789	0.007759503094712651	0.008052683312397009	0.00842404492146386	0.00867813444345697	0.008893133269758833	0.009108132096060694	0.009518584400818793	0.010280852966798123	0.011316756402616184	0.012489477273353613	0.015988094537720272	0.024842137111787857	0.03903205964771074	0.05527424370742413	0.06911234998212577	0.0787286611221727	0.0867813444345697	0.09420857661590674	0.10116672044894882
209144_HY5CNBGXT_TCDM_2_B03_C14_3_1_i_GTCAGG_S18_R1_001 - illumina_universal_adapter	0.0009473457187028217	0.0013706278483359973	0.0016326596428708204	0.0018543788536310552	0.002055941772503996	0.002237348399489643	0.0026203179453482303	0.0028017245723338767	0.0032048504100797583	0.003567663664051052	0.0040514146693461095	0.00469641600973952	0.005240635890696461	0.005663918020329636	0.006067043858075517	0.006570951155257869	0.007095014744327516	0.007901266419819279	0.008909081014183983	0.010138614819308922	0.011388304916321155	0.013020964559191975	0.014572999034513619	0.016205658677384438	0.017898787195917143	0.019491134255013375	0.02104316873033502	0.022716140956980425	0.024671301270047952	0.026646617875002773	0.02876302852316865	0.031161627257756647	0.03331835048969711	0.03581773068372158	0.03872023671549193	0.041481648704051216	0.04450509248714533	0.04823400648629473	0.052466827782626485	0.05671980537084553	0.06099293925095188	0.06627388772542293	0.07095014744327516	0.07649312771228103	0.08118954372202054	0.08695424320178666	0.09310191222741135	0.10001552034475322	0.10668725295944756	0.11527383330343484	0.12478760307423764	0.13567200069337645	0.14730218111234514	0.1592951747852851	0.17177191946352013	0.18463163368761376	0.20021244731649207	0.2165592000370876	0.2335509540980765	0.25187302342362683	0.27084009408957055	0.2913793555227232	0.31306752559345163	0.33471538308040544	0.3585401200911871	0.38583173930658327	0.41066429091172957	0.4394676320186728	0.46855316121203816	0.500621821604723	0.5344642356834898	0.5692539954809593	0.6068454798507629	0.6437718065882856	0.6731798364518476
209144_HY5CNBGXT_TCDM_2_B03_C14_3_1_i_GTCAGG_S18_R1_001 - polya	0.0025598490696863477	0.005301104766358342	0.0091912691006061	0.0160040957585115	0.02737224438294536	0.04452524877903262	0.0653466982986074	0.08792174521237676	0.1075741298024885	0.1276497965222334	0.14897515333899053	0.1719331697986185	0.2025505771754182	0.23066860435819342	0.25923006996248915	0.29055294755534417	0.3209889483051582	0.35104197950911364	0.383070327318024	0.41673133476980506	0.4546654761016925	0.49124914587713125	0.5326501694136333	0.572035563761406	0.6116426773199388	0.6505040080786418	0.6902119030966111	0.7320966776384082	0.7746667661043733	0.8209859248613751	0.8688571180936986	0.9215053525033107	0.9825386043380372	1.0495179622795154	1.1194401388365385	1.1950463897057786	1.276639059265545	1.3647220548130201	1.459295376348204	1.5663252862697354	1.6778500492821338	1.800138272162347	1.9240591546854309	2.05777599506574	2.2025384834002857	2.3611080316776283	2.5243739959647105	2.69890732741679	2.8818458325858707	3.087319072084947	3.3040798350409073	3.535715941409691	3.783356143536986	4.0618153159599535	4.351320136337159	4.6569298339323115	4.965442037559234	5.290522713117513	5.62612497304096	5.987083848158622	6.3609225937922655	6.736273061317456	7.136718112242327	7.571569953418809	8.042884526619407	8.538910713673827	9.071117444665939	9.620215148259605	10.170824573744817	10.738062940037047	11.351761559129491	11.974812697657637	12.602882752865721	13.251492069506957	13.930416449146684
209144_HY5CNBGXT_TCDM_2_B03_C14_3_1_i_GTCAGG_S18_R1_001 - polyg	0.0	0.0	8.062516754917631e-05	0.00014109404321105854	0.002277660983264231	0.003950633209909639	0.003970789501796934	0.004011102085571522	0.004031258377458815	0.004071570961233404	0.004071570961233404	0.004071570961233404	0.004071570961233404	0.004091727253120698	0.004111883545007992	0.004132039836895286	0.004132039836895286	0.004132039836895286	0.004132039836895286	0.004192508712557168	0.004192508712557168	0.004212665004444462	0.004212665004444462	0.0042529775882190505	0.004394071631430109	0.004434384215204697	0.004474696798979286	0.004515009382753873	0.0045351656746411674	0.0045351656746411674	0.004555321966528462	0.00459563455030305	0.00459563455030305	0.004615790842190344	0.004656103425964932	0.004676259717852226	0.004797197469175991	0.004877822636725167	0.004958447804274344	0.005079385555598108	0.005361573642020225	0.005482511393343989	0.0057243868959915185	0.0061073564418501055	0.006329075652610341	0.006631420030919752	0.0069942332848910455	0.007397359122636927	0.007921422711706573	0.008727674387198335	0.009231581684380688	0.009755645273450334	0.01027970886251998	0.010783616159702332	0.011428617500095743	0.012134087716151034	0.01354502814826162	0.015681595088314793	0.018261600449888435	0.02106332502222231	0.025578334404976186	0.03140350276040418	0.03835742346152063	0.04601681437869238	0.05365604900397684	0.06304888102345588	0.07477984290186103	0.09322284997873512	0.12236884804776235	0.15953705028793264	0.19968838372742242	0.23584877137322802	0.26940899736557267	0.3018606273041161	0.33036162403274993
209145_HY5CNBGXT_TCDM_2_C03_A04_3_3_o_ATACTG_S19_R1_001 - illumina_universal_adapter	0.010382872063274099	0.015135595190829146	0.01776787261532117	0.020253912405119194	0.022813071012264218	0.026542130696961257	0.03275723017145631	0.03692500276023535	0.0416046070704434	0.04577237965922244	0.051621885046982494	0.059664954955152574	0.07092525282659068	0.07633604531026873	0.08145436252455879	0.08693827382558383	0.09249530394395589	0.09988030449600296	0.11055565182866506	0.12861599971337423	0.13899887177664833	0.1449946147991024	0.15033228846543345	0.1545000610542125	0.15837535837360353	0.16195818042360655	0.1653216460215686	0.1689044680715716	0.17336471592973868	0.1784099143266817	0.18542932079199378	0.19230248962261184	0.2001993218960879	0.20692625309201199	0.21701664988589808	0.22586402678488518	0.23361462142366723	0.24524051338184036	0.2556233854451145	0.26776110912471657	0.2801181892563597	0.2925483882053498	0.30739150812679095	0.3213572022400681	0.3347379458145692	0.3500928974574394	0.3656672055523505	0.3851899297839997	0.40661374326667094	0.42745260621056613	0.45267859819528133	0.4773927584585676	0.5084682558310429	0.5370577134137201	0.5698880624025234	0.6024990549392858	0.6396434141515621	0.6838071798291506	0.72965267830572	0.7793003552843335	0.835601844641524	0.8989958592813736	0.9679469040395953	1.036971067615164	1.1027048844101175	1.1788946920856924	1.250258657816365	1.3273990101174507	1.4068060457562934	1.4847507050481963	1.569568533170717	1.659797153776916	1.7557290421361809	1.8522458810342217	1.9284356887097964
209145_HY5CNBGXT_TCDM_2_C03_A04_3_3_o_ATACTG_S19_R1_001 - polya	0.011772129592867112	0.04438312212962943	0.06529510389087163	0.09593188835926492	0.13973005995011833	0.19025516273689583	0.2474340779022504	0.2973742301502519	0.33941755012477726	0.38438562279318267	0.43264404224220315	0.4917240466585797	0.5638192005627224	0.630796037252575	0.6975535174903867	0.7705992160200404	0.8471546177823501	0.9275121980467039	1.0129149767080008	1.0971478542917454	1.1967356835183605	1.3003450476990606	1.4067329269389466	1.5155337271512836	1.6304033892034218	1.7359138426351437	1.8464694944638087	1.9604617307077827	2.077598076097678	2.197659174181453	2.3278837878764613	2.4651278080367818	2.619920344360382	2.7823903565054176	2.9523916068371943	3.1422811754873554	3.3511816366477363	3.5709036827754734	3.813950631636904	4.075350403652431	4.360806266575122	4.670098863952935	5.019094979150169	5.411158077764787	5.877509894803958	6.38283404148908	6.858179473061931	7.335133518616416	7.828831773343365	8.362818496428511	8.931829133022871	9.509687146516217	10.121326053623878	10.76148129949687	11.474755362716861	12.217715665779735	12.998332159776314	13.796204694666786	14.641311985563421	15.51383883296518	16.410568008908797	17.375517041437163	18.367227561114536	19.4322031357736	20.547045743863322	21.728865188642892	22.993528253476615	24.32721548188591	25.67559959258195	27.026835337154523	28.382823804854652	29.72952618275171	31.106938463934508	32.47667326929587	33.92581511029608
209145_HY5CNBGXT_TCDM_2_C03_A04_3_3_o_ATACTG_S19_R1_001 - polyg	0.0	0.0	0.0	0.0002193564520410021	0.0017548516163280168	0.0038752973193910373	0.0038752973193910373	0.0038752973193910373	0.0038752973193910373	0.0038752973193910373	0.0038752973193910373	0.0038752973193910373	0.0038752973193910373	0.0038752973193910373	0.0038752973193910373	0.0038752973193910373	0.0038752973193910373	0.0038752973193910373	0.003948416136738038	0.003948416136738038	0.003948416136738038	0.003948416136738038	0.003948416136738038	0.004094653771432039	0.00416777258877904	0.00416777258877904	0.004240891406126041	0.004240891406126041	0.004387129040820042	0.004387129040820042	0.004387129040820042	0.004387129040820042	0.004387129040820042	0.004387129040820042	0.004387129040820042	0.004387129040820042	0.004387129040820042	0.004460247858167043	0.004460247858167043	0.004533366675514044	0.004752723127555046	0.004972079579596048	0.0051914360316370495	0.005410792483678052	0.005849505387760056	0.006141980657148059	0.006434455926536062	0.006873168830618066	0.0072387629173530695	0.007896832273476076	0.008116188725517079	0.00833554517755808	0.008701139264293084	0.009724802707151094	0.0103097532459271	0.010967822602050105	0.011699010775520113	0.012942030670419125	0.014477525834706139	0.01652485272042216	0.01974208068369019	0.02383673445512223	0.027785150591860267	0.03217227963268031	0.03780242856839936	0.04950143934391948	0.08788881845109485	0.22308551172569915	0.4439774589309883	0.7160525782791779	0.9768673997559294	1.1636859780775162	1.3030504439408994	1.4170426801848737	1.5007637260471893
209146_HY5CNBGXT_TCDM_2_D03_A27_3_3_i_TATGTC_S20_R1_001 - illumina_universal_adapter	0.0008511745119553399	0.0012074801216110636	0.00140542768253091	0.0015637857312667872	0.0018211175604625877	0.0020586546335664034	0.002375370731038158	0.0026722920724179273	0.0028306501211538045	0.0030681871942576204	0.0034046980478213596	0.004057924998856853	0.004810125730352269	0.005166431340007993	0.005403968413111809	0.005879042559319441	0.006057195364147302	0.006532269510354934	0.006967754144378596	0.007700160119782028	0.00847215560736943	0.009046203534036984	0.009877583289900339	0.010768347314039648	0.011599727069903004	0.012332133045306436	0.013084333776801852	0.0140542768253091	0.014925246093356425	0.01589518914186367	0.016805747922094966	0.017815280482786182	0.01896337633612129	0.020250035482100293	0.021734642188999145	0.022922327554518222	0.024327755237049133	0.026208257065787673	0.027910606089698354	0.029890081698896818	0.032107094381199096	0.033928211941661686	0.03624419840442389	0.038975874745117774	0.04135124547615593	0.04406312706075783	0.047210493279383384	0.050753754619848636	0.05477209010652152	0.0589289888858383	0.06383808839665049	0.06876698266355467	0.07450746193023021	0.0807230153431134	0.08739384814611222	0.09424283375393891	0.10188360960544499	0.10978171728614686	0.11993642716133499	0.13028908459744296	0.1417106588625181	0.15366669154207682	0.16740425226991418	0.18165647665614312	0.19697761787133924	0.21384275006171016	0.23023280810587343	0.24880028932015505	0.2674469495588046	0.2869051947972255	0.30992649613220363	0.33520439966166804	0.36111573538607594	0.38827414074427885	0.40983063012845017
209146_HY5CNBGXT_TCDM_2_D03_A27_3_3_i_TATGTC_S20_R1_001 - polya	0.0022961917066702192	0.0045132043889725	0.006987548900470581	0.01154034280162705	0.019220708165317093	0.029157675723493388	0.042063856695467375	0.053346867667898624	0.06449131534768598	0.07696201168563631	0.08889824960910306	0.10326924253188391	0.12124288106340597	0.13604935862021048	0.15028178825034744	0.1655633399533596	0.18282436726557022	0.1981653032368583	0.2132687021350426	0.23021301334978145	0.24959207956383442	0.2709110318749019	0.2929425954052808	0.3133905784483009	0.3350262468568402	0.3553554613633084	0.37596180245506444	0.3965285540346365	0.4195300606135226	0.4444714532894233	0.4703827890138312	0.49942169620077265	0.5306182318017405	0.5669811987427162	0.6032847814154161	0.6450319220134118	0.6889960752937097	0.7359294419878052	0.7869009389246657	0.8425242035431426	0.9030367729163397	0.9711109391166749	1.0451433269006973	1.125767368463351	1.2207030186805092	1.3207457159693996	1.4258162813056543	1.53937879700537	1.662027105751307	1.7957010936404794	1.9402621973802432	2.0997089577011794	2.2713492877747785	2.4635167799157656	2.673024478393331	2.8965666589401136	3.126997414606907	3.371581420879469	3.6341786551957376	3.914294248653412	4.208978782594787	4.5132043889724995	4.835245275832998	5.187631523782509	5.574143931234601	5.978392440145112	6.41852884185039	6.870977581844883	7.34171667646837	7.837100242426378	8.363818907277997	8.912707698952639	9.478916902207768	10.06060560472683	10.665790682727076
209146_HY5CNBGXT_TCDM_2_D03_A27_3_3_i_TATGTC_S20_R1_001 - polyg	0.0	0.0	9.897378045992324e-05	0.0001583580487358772	0.0022763969505782346	0.0038005931696610522	0.0038005931696610522	0.0038005931696610522	0.003820387925753037	0.003820387925753037	0.003820387925753037	0.003820387925753037	0.003820387925753037	0.0038401826818450216	0.0038401826818450216	0.0038401826818450216	0.0038401826818450216	0.0038401826818450216	0.003859977437937006	0.003859977437937006	0.003859977437937006	0.003859977437937006	0.00391936170621296	0.0039589512183969295	0.004018335486672884	0.004057924998856853	0.0040975145110408225	0.004137104023224792	0.004196488291500745	0.004196488291500745	0.00421628304759273	0.004295462071960668	0.004374641096328607	0.004394435852420592	0.004493409632880515	0.004612178169432423	0.0047705362181683	0.00532478938874387	0.0060967848763312715	0.006908369876102642	0.007423033534494243	0.007977286705069813	0.008571129387829352	0.008848255973117138	0.010016146582544232	0.012193569752662543	0.014232429630136961	0.017261027312210613	0.021695052676815173	0.02573318291958004	0.02899931767475751	0.0310777670644159	0.032641552795682684	0.03347293255154604	0.03428451755131741	0.034957539258444886	0.03557117669729641	0.03634317218488382	0.03727352572120709	0.03891649047684182	0.04105432413477616	0.04366723193891813	0.04695316145018758	0.05160492913180398	0.05736520315457151	0.0633036299821669	0.07011302607780963	0.08103973144058516	0.10138874070314537	0.1324467130114693	0.1681366582453176	0.20081780055318427	0.22750113176517955	0.25145278663648096	0.2726331756549046
209147_HY5CNBGXT_TCDM_2_E03_C14_3_3_i_GAGTCC_S21_R1_001 - illumina_universal_adapter	0.011667675434438602	0.019689202295615143	0.02479381029818203	0.02771072915679168	0.029169188586096507	0.03646148573262063	0.044483012593797173	0.05687991774288819	0.07000605260663162	0.0977167817634233	0.1210521326323005	0.1779320503751887	0.2537719406990396	0.28367035899978854	0.3150272367298423	0.3369041281694147	0.3609687087529443	0.40691018077604624	0.45285165279914824	0.5257746242643895	0.5768207042900584	0.6125529603080266	0.6380760003208611	0.6614113511897383	0.6694328780509148	0.6752667157681341	0.6825590129146583	0.6883928506318775	0.6942266883490968	0.6986020666370113	0.7066235934981878	0.7117282015007548	0.717562039217974	0.7241251066498458	0.7321466335110223	0.7394389306575464	0.7489189169480278	0.7562112140945519	0.7656912003850332	0.7707958083876002	0.7766296461048194	0.7795465649634291	0.7897557809685629	0.797048078115087	0.8087157535495256	0.8203834289839642	0.8313218747037504	0.8437187798528415	0.851740306714018	0.8648664415777614	0.8830971844440717	0.9057033055982965	0.9210171296059971	0.9428940210455695	0.9647709124851419	0.9910231822126288	1.0194631410840729	1.053007707958084	1.0858230451174424	1.1193676119914535	1.1631213948705983	1.2039582588911333	1.2389612851944491	1.2921950543640752	1.3432411343897441	1.3877241469835413	1.4504379024436487	1.514610117333061	1.5678438865026871	1.623994574530923	1.6903544785642926	1.765465139173491	1.8230742866310317	1.8981849472402301	1.9718371484201238
209147_HY5CNBGXT_TCDM_2_E03_C14_3_3_i_GAGTCC_S21_R1_001 - polya	0.19251664466823695	0.404722491632089	0.5126484894006461	0.6920389992051396	0.888931022161291	1.0872815045467472	1.256462798346107	1.3840779984102791	1.4730440235978737	1.5270070224821521	1.5751361836492113	1.627640723104185	1.6837914111324208	1.7304621128701752	1.7851543414691062	1.8442219483559517	1.9076649335307114	1.9565233244124232	2.0294462958776642	2.099452348484296	2.175292238808147	2.232172156551035	2.2970736011551	2.355411978327293	2.4159380446434433	2.4677133543837644	2.537719406990396	2.592411635589327	2.647103864188258	2.7083591602190604	2.7878451991161737	2.8527466437202382	2.938795750049223	3.0481802072470847	3.1466262187251606	3.2596568244962847	3.3850843354164994	3.52728412977372	3.695736193858427	3.8517913527940437	4.0195141871640985	4.2018216158272015	4.376107517629128	4.593417972595548	4.832605319001539	5.105337232281541	5.417447550152773	5.731016327453311	6.046043564183154	6.411387651224012	6.775273278835566	7.1435342847350345	7.5759675055239155	8.01860994231793	8.54146764772371	9.066513042273446	9.599579963684361	10.18296373540629	10.745929075117953	11.457657276618708	12.162093180972938	12.840276815599681	13.566589611393486	14.362179230079267	15.200793401929541	16.121810531535537	17.03407690456571	17.934675602161438	18.814126638032246	19.871509724278244	21.01494191685323	22.078888070531097	23.13991730535036	24.187820405305875	25.335627976168773
209147_HY5CNBGXT_TCDM_2_E03_C14_3_3_i_GAGTCC_S21_R1_001 - polyg	0.0	0.0	0.0007292297146524126	0.0014584594293048253	0.002187689143957238	0.0029169188586096505	0.0029169188586096505	0.0029169188586096505	0.0029169188586096505	0.0029169188586096505	0.0029169188586096505	0.0029169188586096505	0.0029169188586096505	0.0029169188586096505	0.0029169188586096505	0.0029169188586096505	0.0029169188586096505	0.0029169188586096505	0.0029169188586096505	0.0029169188586096505	0.0029169188586096505	0.0029169188586096505	0.0029169188586096505	0.0029169188586096505	0.0029169188586096505	0.0029169188586096505	0.0036461485732620634	0.0036461485732620634	0.0036461485732620634	0.0036461485732620634	0.004375378287914476	0.004375378287914476	0.004375378287914476	0.005104608002566889	0.005833837717219301	0.005833837717219301	0.007292297146524127	0.009479986290481364	0.01093844571978619	0.012396905149091015	0.013126134863743429	0.013126134863743429	0.01385536457839584	0.016043053722353078	0.01677228343700549	0.018959972580962728	0.019689202295615143	0.02187689143957238	0.02479381029818203	0.0342737965886634	0.04083686402053511	0.045212242308449585	0.04958762059636406	0.05396299888427854	0.059067606886845425	0.06198452574545508	0.06708913374802196	0.08167372804107022	0.091882944046204	0.10646753833925225	0.11886444348834327	0.14074133492791563	0.17209821265796937	0.20928892810524244	0.25158425155508235	0.32013184473240913	0.46014394994567237	0.7985065375443918	1.3797026201223648	2.0505939576025844	2.6850238093501835	3.1327708541467647	3.4733211308894414	3.7103207881514755	3.8918989870999265
209148_HY5CNBGXT_TCDM_2_F03_A03_3_1_i_GGAGGT_S22_R1_001 - illumina_universal_adapter	0.002168435748831755	0.003377755685680234	0.00400326599784324	0.004378572185141044	0.004545374935051179	0.00500408249730405	0.005754694871899658	0.006505307246495266	0.007422722371001008	0.008423538870461818	0.010300069806950838	0.01355272343019847	0.01922401692714306	0.021475854050929884	0.02276857536273343	0.024478303549312314	0.026062929673458596	0.02731395029778461	0.029524086734093898	0.031901025920313325	0.03402776098166754	0.03686340773013984	0.039448850353746935	0.04207599366483156	0.04553715072546686	0.04983232153565283	0.05354368272115334	0.05846436384350232	0.06225912640395789	0.06751341302612715	0.07347661133541447	0.07873089795758373	0.08469409626687105	0.09015688632642797	0.09645369013553558	0.1027921946321207	0.11054852250294199	0.12022308199772981	0.13102356005441107	0.1429499566729857	0.15683628560300444	0.17155662828257387	0.18886241358575037	0.20491717826460087	0.22372418831696858	0.25032922692763515	0.2766006600384814	0.3059579440226652	0.3273086960111624	0.35003557068641833	0.3777665278589783	0.4087918393422634	0.4371066061395088	0.4680902169353164	0.503994508853473	0.5526592111397548	0.5888137071827766	0.6267613327873324	0.6697130408891921	0.7329729837926108	0.7979426548826084	0.8574495359130491	0.9242123365645806	0.983385612095201	1.0486054873100639	1.1199970642716015	1.1972684381674716	1.2770835539994712	1.3478913213363235	1.40848242024118	1.4775387587039759	1.5525582954760593	1.6296628666220192	1.7133561463894293	1.7925040512217885
209148_HY5CNBGXT_TCDM_2_F03_A03_3_1_i_GGAGGT_S22_R1_001 - polya	0.005838096246854726	0.012301702805872458	0.02043333686399154	0.03210952935770099	0.050708035972681045	0.07356001271036955	0.10237518775734537	0.13323369649072034	0.16446751141139312	0.19611833320684124	0.23360725124914408	0.28089583084866737	0.3375670651306357	0.3871908832289009	0.43885803501356524	0.49582117410787635	0.5550778510134519	0.614543031356415	0.6737163068870353	0.736809447040544	0.8063661937530702	0.8741298109040626	0.9460217961153308	1.0157870462652447	1.0816324317922705	1.152773804628943	1.2231645650910201	1.2952233530521984	1.3672404403258993	1.4408421537237464	1.52261720186719	1.6136498026306463	1.7162334938253792	1.8333707249497715	1.953885711759844	2.085784986251283	2.22702521473769	2.372727416784193	2.5363609144460355	2.715924074724296	2.9036188690606752	3.1130814222603274	3.3365971071399083	3.583757081819251	3.8659456339797216	4.161728610257868	4.457970294098269	4.767431095869046	5.094989996005074	5.455075432373578	5.839514070228962	6.245303460072843	6.69020809477065	7.149999874897937	7.666879896181968	8.209364139577206	8.761773146592095	9.331613040972593	9.936940220396474	10.564577267620834	11.191713906595464	11.847040210304908	12.51354229825833	13.24092738992895	14.032448138940019	14.85991488055672	15.73125074539979	16.62973375779073	17.52116935399797	18.421153591138104	19.354831983760086	20.297309221439825	21.2358248938092	22.183264513298766	23.140628896407986
209148_HY5CNBGXT_TCDM_2_F03_A03_3_1_i_GGAGGT_S22_R1_001 - polyg	0.0	0.0	0.0	0.0	0.0018348302490114852	0.0032943543107251667	0.0032943543107251667	0.0032943543107251667	0.0032943543107251667	0.0033360549982027004	0.003377755685680234	0.003377755685680234	0.0034194563731577677	0.0034194563731577677	0.0034194563731577677	0.0034194563731577677	0.0034194563731577677	0.0034194563731577677	0.0034194563731577677	0.0034611570606353018	0.0034611570606353018	0.0035028577481128354	0.0035028577481128354	0.003544558435590369	0.0035862591230679027	0.0035862591230679027	0.0035862591230679027	0.0035862591230679027	0.0035862591230679027	0.0035862591230679027	0.003627959810545437	0.0036696604980229705	0.0037530618729780378	0.003794762560455572	0.003878163935410639	0.004086667372798308	0.0042951708101859765	0.004461973560096112	0.00467047699748378	0.004837279747393916	0.005045783184781584	0.005379388684601854	0.005838096246854726	0.006380205184062664	0.0070474161837032045	0.00800653199568648	0.008798845057759623	0.0100081649946081	0.012051498681007255	0.014136533054883943	0.01588796192894036	0.018056397677772115	0.020183132739126336	0.022810276050210965	0.02510381386147532	0.02831476679724542	0.03248483554499879	0.03832293179185352	0.04628776310006247	0.05466960128304675	0.06413565734044692	0.07422722371001009	0.0889475663895795	0.10450192281869959	0.12347573562097745	0.14203254154847997	0.16884608359653416	0.21567595563380457	0.28719263465777495	0.38393822960565327	0.48260205617749813	0.5603738383230986	0.6323075242218443	0.6956925691876956	0.7532395179066922
209149_HY5CNBGXT_TCDM_2_G03_A03_3_3_i_CACACT_S23_R1_001 - illumina_universal_adapter	0.0017661674567590025	0.0026091110156667083	0.0029703725409128677	0.0034921947440462093	0.0038935964387641644	0.00437527847242571	0.004856960506087257	0.00545906304816419	0.0061815860986565085	0.0071449501659796005	0.009031538131153989	0.011319527791046334	0.014771582365620747	0.016658170330795138	0.017902515584420797	0.01886587965174389	0.0205517667695593	0.022197513717902916	0.024204522191492692	0.027776997274482493	0.03146989286588768	0.03431984489838516	0.03725007726982623	0.04054157116651347	0.045840073536790475	0.04901114692506232	0.0527441826859393	0.05599553641315474	0.06021025420769326	0.06438483183276	0.06847912911888314	0.07277412725236526	0.07710926555531918	0.08172538504457566	0.08674290622855009	0.09220196927671429	0.09733991096910412	0.10388275859300677	0.11058616689479663	0.11817265892496598	0.12732461756453536	0.13663713688199192	0.14679259975835618	0.1563459600926435	0.16654156313847956	0.17926599686103875	0.19355589719299796	0.20888944193122383	0.2224166790432189	0.2370678409004243	0.25424783343435275	0.27283273189979407	0.2937457601945995	0.31590313374303064	0.3410308798323747	0.3663994669385494	0.39457786590774985	0.42207388199592977	0.45358391503128925	0.4902720299285104	0.5272812661815058	0.5665383519249219	0.609689034107102	0.6536826598481899	0.6986396496566009	0.745724068447017	0.7946549350331357	0.8470378561938289	0.901789047353358	0.956339537665528	1.014261802213329	1.0732678513368683	1.135966796051813	1.2024389166971063	1.2564274446366712
209149_HY5CNBGXT_TCDM_2_G03_A03_3_3_i_CACACT_S23_R1_001 - polya	0.004455558811369302	0.011841349994179675	0.01866517880438491	0.030907930493282543	0.05129913658495466	0.08284930978978593	0.12355144163418658	0.16377189144492568	0.19877411922433136	0.2370678409004243	0.2753214224070454	0.3182714037418666	0.3716979693088264	0.42030771453917076	0.46691045129592534	0.5164434204241211	0.5687460612458706	0.6193226747803329	0.6728295206862364	0.7283032348962577	0.7923268052037715	0.8545842080545264	0.9256724481890762	0.9972825105267594	1.0663637421877195	1.134602030289772	1.2049276072043575	1.2727243534422201	1.3497533386585958	1.4279463887896535	1.5110365395962702	1.599023791078446	1.6955207584886423	1.802213328944675	1.92171061346221	2.0513633608561097	2.192415916379999	2.3368001059700476	2.497641765043532	2.6698430920775347	2.8570969826634607	3.0622533888338075	3.2860348336390675	3.5252301035214972	3.8032409172831527	4.109189288997178	4.407029346477901	4.7164297727665	5.045699582943639	5.40788433208765	5.788934960883405	6.199930156105119	6.6311961369100905	7.08927575092222	7.579587921020202	8.11317119380878	8.65550502354221	9.22802426071843	9.839680163129648	10.465625965872828	11.107226434710007	11.761792178286576	12.456297390487583	13.19752575995376	14.00012844854231	14.836729860673472	15.740806897686722	16.686429010103282	17.63144901997776	18.56454739951912	19.540957021920548	20.55393433871078	21.556997033641476	22.585749437034124	23.637863419059354
209149_HY5CNBGXT_TCDM_2_G03_A03_3_3_i_CACACT_S23_R1_001 - polyg	0.0	0.0	4.014016947179551e-05	0.00012042050841538653	0.0023281298293641394	0.0038935964387641644	0.0038935964387641644	0.0038935964387641644	0.003973876777707755	0.004054157116651347	0.004054157116651347	0.004054157116651347	0.004054157116651347	0.004054157116651347	0.004054157116651347	0.004054157116651347	0.004054157116651347	0.004054157116651347	0.004054157116651347	0.004094297286123142	0.004094297286123142	0.004094297286123142	0.004094297286123142	0.004094297286123142	0.004134437455594937	0.004134437455594937	0.004174577625066733	0.004174577625066733	0.004174577625066733	0.0042147177945385285	0.0042147177945385285	0.0042147177945385285	0.00429499813348212	0.004335138302953915	0.004335138302953915	0.00437527847242571	0.0044154186418975064	0.0044154186418975064	0.005619623726051372	0.007987893724887306	0.010155462876364265	0.011399808129989924	0.012844854230974563	0.014049059315128428	0.016296908805548977	0.020672187277974687	0.025810128970364513	0.032393116763738974	0.04066199167492885	0.048649885399816156	0.054670910820585485	0.05892576878459581	0.06209684217286766	0.0643045514938164	0.06599043861163181	0.06811786759363699	0.06924179233884725	0.07072697860930369	0.07269384691342166	0.07526281775961659	0.07919655436785254	0.0867027660590783	0.09641668707125281	0.11142911045370434	0.1295724670549559	0.14896016890983313	0.1697527766962232	0.19640584922549542	0.23710798106989608	0.29816117883649706	0.37880277930533424	0.46084928570568423	0.5342255155001264	0.6060764188546404	0.6688556439085286
209150_HY5CNBGXT_TCDM_2_H03_X4_32_1_o_CCGCAA_S24_R1_001 - illumina_universal_adapter	0.0009115411939708386	0.0013103404663330806	0.0015382257648257902	0.0016521684140721451	0.0018230823879416772	0.0020319772448933278	0.0023927956341734517	0.0026586618157482794	0.002848566231158871	0.003133422854274758	0.0036461647758833544	0.004519725086772075	0.005678142020776682	0.00639977879933693	0.006817568513240231	0.0074822339671773005	0.008203870745737548	0.009096421498167327	0.010007962692138167	0.011755083313915607	0.013350280403364575	0.014964467934354601	0.017053416503871106	0.019028422424141257	0.021269294525986235	0.023016415147763675	0.024725554886459	0.026567627715941736	0.02871354761008142	0.030992400595008514	0.033840966826167385	0.03627174334342295	0.03862655809451429	0.04100036328714668	0.04360205377827178	0.046564562658677006	0.04971697595449283	0.05317323631496559	0.05634464005232247	0.060731432048307124	0.06580187993976992	0.07123314622051283	0.07710119265670011	0.08247548761281984	0.088628390672123	0.09692721362556585	0.10600464468219212	0.1149301522064899	0.12322897515993275	0.13219246356731265	0.14212446449328658	0.15376560515795584	0.1655016980303304	0.17757961885044402	0.19149961250004036	0.2073186503037426	0.2227198983935416	0.2391656207680988	0.2575103872967619	0.2787986722642892	0.3016251829966423	0.32441371284591325	0.34836065962918883	0.37160496007544525	0.3986853297129956	0.4268291640768452	0.4556376638946319	0.4869149211127563	0.5196924232126244	0.5500201583536959	0.5825697751550712	0.6179679581876054	0.6556260037635258	0.6955629023243731	0.7285682897227339
209150_HY5CNBGXT_TCDM_2_H03_X4_32_1_o_CCGCAA_S24_R1_001 - polya	0.0023738051926323923	0.005583189813071387	0.0092483450304958	0.01602793266065391	0.028390710103883412	0.045482107490836636	0.06756799100308841	0.08961589363225808	0.11010658005506088	0.13017947676396038	0.15080309627755062	0.1718634959465852	0.1995135788303673	0.22477086607997596	0.2486798319801694	0.27386115746361384	0.29997301458257014	0.3274711739340238	0.3550452950516417	0.38512615445267934	0.416802210943166	0.44957971304303407	0.4854716475556358	0.5199962702772813	0.5550906062451586	0.5915142731209101	0.6280518826459078	0.6657668995464513	0.7073939474044529	0.750768115884232	0.7974846020752375	0.8472015780297303	0.9018560687848985	0.9660817420767605	1.0306492433163617	1.1007429630444108	1.1769705953902223	1.2577939145889698	1.346479276585716	1.444716830677615	1.5471132914670058	1.6587960781699747	1.777695232658546	1.9092040403303805	2.0575383792075934	2.2135068755843124	2.3783818890437876	2.554233377713995	2.740035857751718	2.9400052071790705	3.163332799701926	3.389964729052926	3.636289746282004	3.8994592851580014	4.1842589369492655	4.48951129428025	4.809614176896343	5.154575547489682	5.523768721489413	5.90813525828045	6.297515271638327	6.70100518306121	7.131385559706233	7.594980218606569	8.115261345506966	8.658900715502867	9.253605382802673	9.868496889460628	10.50594904066936	11.171108246086497	11.87045024627754	12.596075017561411	13.329884669149477	14.082969618901718	14.900565098568938
209150_HY5CNBGXT_TCDM_2_H03_X4_32_1_o_CCGCAA_S24_R1_001 - polyg	0.0	0.0	9.495220770529569e-05	0.00013293309078741397	0.0018420728294827366	0.003019480205028403	0.003038470646569462	0.0030574610881105215	0.0030954419711926398	0.0030954419711926398	0.0030954419711926398	0.003133422854274758	0.003133422854274758	0.0031714037373568762	0.003190394178897935	0.0032093846204389945	0.0032093846204389945	0.0032093846204389945	0.003285346386603231	0.0033043368281442903	0.003323327269685349	0.0033802985943085268	0.0033992890358495857	0.0033992890358495857	0.003418279477390645	0.003437269918931704	0.0035322221266369997	0.003608183892801236	0.0036461647758833544	0.0036461647758833544	0.0037221265420475914	0.003798088308211828	0.0038170787497528867	0.0038740500743760643	0.0039310213989992415	0.00396900228208136	0.004006983165163478	0.004082944931327714	0.0042158780221151285	0.004291839788279365	0.004481744203689957	0.004652658177559489	0.004747610385264785	0.004785591268346903	0.004956505242216435	0.005127419216085967	0.005431266280742914	0.005811075111564096	0.006285836150090575	0.0070644442532739994	0.007748100148752129	0.008222861187278607	0.008659641342722967	0.008982478848920972	0.0092483450304958	0.00949522077052957	0.009666134744399101	0.010007962692138167	0.010311809756795113	0.010767580353780531	0.011299312716930188	0.012191863469359967	0.01342624216952881	0.015819037803702262	0.019047412865682317	0.022541654109237197	0.028143834363849644	0.039576080171567246	0.06137710706070314	0.09060339659239315	0.12472922004167643	0.1548100794427141	0.18257410497574256	0.20657802308364132	0.22853097350510568
209151_HY5CNBGXT_TCDM_2_A04_A04_3_3_i_TTTATG_S25_R1_001 - illumina_universal_adapter	0.00023433759611446635	0.0003244674407738765	0.0004145972854332866	0.0004867011611608147	0.0005047271300926968	0.0005227530990245787	0.0005768310058202248	0.000612882943683989	0.0007931426330028092	0.0009193244155259833	0.0011897139495042138	0.0014961554213462082	0.0018566747999838487	0.001964830613575141	0.002163116271825843	0.0023974538679403094	0.0025777135572591296	0.002884155029101124	0.003334804252398175	0.003929661227150282	0.0045064922329705066	0.004921089518403793	0.005461868586360254	0.006074751530044243	0.00675973834945576	0.007390647262071631	0.007841296485368682	0.00836404958439326	0.008976932528077249	0.009571789502829355	0.01040098407369593	0.01112202283097121	0.011951217401837784	0.012564100345521773	0.013645658481434694	0.014438801114437504	0.01571864490860113	0.016890332889173458	0.01833241040372402	0.01982856582507023	0.021757344500781605	0.023884408834743687	0.025578849914340597	0.02765183634150703	0.02959864098615029	0.03185188710263554	0.03435749678416714	0.03682705452783498	0.039783313432663635	0.04304601380933428	0.047101856819007734	0.051193751766544955	0.055646166092719815	0.06026081413928162	0.06530808544020858	0.071509018752776	0.07794428966145789	0.08546111870605269	0.0929779477506475	0.10141410121076828	0.11100391668252951	0.12097227750186028	0.13380676738136027	0.14613653013076758	0.1592594355131777	0.17277891221208921	0.18687521991682096	0.20286425435940034	0.2197365612796419	0.23821317943482098	0.25836621270066507	0.27922225875485257	0.30170064201290947	0.3255129469719256	0.3450350713251539
209151_HY5CNBGXT_TCDM_2_A04_A04_3_3_i_TTTATG_S25_R1_001 - polya	0.003587167817444523	0.006128829436839889	0.01112202283097121	0.01896331931633989	0.03334804252398175	0.04836367464423948	0.06373982614313485	0.07958465283425915	0.09323031131569384	0.10952578723011519	0.12461352322610045	0.14244120649973177	0.1634775122432381	0.18199018233628095	0.20035864467786874	0.21908762639809415	0.2370054395163849	0.2562752003045668	0.2769690126383673	0.2979692664440099	0.31996094854090595	0.3451071752008814	0.3694963111657178	0.3935249277519165	0.4185269466604369	0.44244740743304434	0.46519618022507947	0.49048661463650994	0.5158311269547361	0.5422391714399433	0.5712429554513414	0.6022115700763148	0.6357038203517515	0.6737926927048182	0.7112146042074053	0.7515927746148211	0.7956662686532726	0.842677995627621	0.8966297206407439	0.9544930809120852	1.0172775307018302	1.0837212521847475	1.1593401918539925	1.2404570520474616	1.3314521432156021	1.4331366339603486	1.5361910983439182	1.647465404560426	1.7651389297477518	1.8951061657466213	2.037583424184217	2.1866221353130175	2.3457734150126037	2.513505055923766	2.7006146134367013	2.9012075957106847	3.116149249254446	3.339202588817554	3.579272443052359	3.828012788343399	4.091750739785765	4.370414193503729	4.668707927388513	4.994725601490531	5.345312671246705	5.717494851783273	6.127531567076794	6.578108686498116	7.037770894261108	7.503778243088123	7.980781432963584	8.46903282745254	8.97386811335883	9.496314770911566	10.058995391120263
209151_HY5CNBGXT_TCDM_2_A04_A04_3_3_i_TTTATG_S25_R1_001 - polyg	0.0	0.0	7.21038757275281e-05	0.00018025968931882025	0.0023974538679403094	0.004145972854332866	0.004145972854332866	0.004145972854332866	0.004145972854332866	0.00418202479219663	0.004200050761128512	0.004236102698992277	0.004236102698992277	0.00427215463685604	0.00427215463685604	0.00427215463685604	0.004290180605787923	0.004290180605787923	0.004344258512583569	0.004398336419379215	0.004452414326174861	0.004488466264038624	0.004488466264038624	0.0045064922329705066	0.004524518201902389	0.004632674015493681	0.004722803860153091	0.004740829829084973	0.004776881766948737	0.004794907735880619	0.004885037580540029	0.004903063549471912	0.004939115487335675	0.004993193394131321	0.005101349207722613	0.005155427114518259	0.005191479052382024	0.005263582928109552	0.005353712772768962	0.0055159464931559005	0.005660154244610956	0.005858439902861659	0.005984621685384833	0.00630908912615871	0.006615530598000703	0.006885920131978934	0.0072464395106165745	0.007661036796049861	0.008039582143619384	0.008436153460120789	0.009012984465941013	0.009643893378556884	0.010256776322240873	0.011067944924175564	0.01200529530863343	0.013050801506682587	0.014150385611527391	0.015177865840644667	0.01629547591442135	0.01735900808140239	0.018891215440612365	0.020243163110503514	0.022099837910487363	0.024136772399790035	0.026480148360934697	0.029508511141490876	0.033924873529801974	0.04133354676080549	0.05153624517625072	0.06355956645381602	0.07579919935856393	0.08600189777400914	0.0943839733273343	0.10220724384377108	0.10867856669031674
209152_HY5CNBGXT_TCDM_2_B04_X4_32_2_o_AACGCC_S26_R1_001 - illumina_universal_adapter	0.0322801920671428	0.0564903361174999	0.0645603841342856	0.0726304321510713	0.07666545615946414	0.09078804018883913	0.10894564822660695	0.12508574426017835	0.1291207682685712	0.13920832828955332	0.14929588831053545	0.15736593632732115	0.17955856837348183	0.18964612839446396	0.2017512004196425	0.2098212484364282	0.22394383246580318	0.23201388048258886	0.23806641649517815	0.25420651252874954	0.2723641205665174	0.29253924060848163	0.3006092886252673	0.32683694467982083	0.35709962474276724	0.39139732881410644	0.41762498486865995	0.43376508090223137	0.45595771294839205	0.47008029697776704	0.5063955130533027	0.526570633095267	0.5406932171246419	0.5669208731791954	0.5830609692127668	0.6052536012589275	0.6334987693176775	0.6536738893596417	0.6758665214058024	0.7202517854981237	0.7626195375862487	0.8029697776701772	0.8251624097163378	0.8715651858128556	0.9058628898841948	0.9583182019933019	0.9805108340394625	1.034983658152766	1.0692813622241053	1.0934915062744623	1.1419117943751764	1.1903320824758907	1.2569099786143727	1.2992777307024976	1.353750554815801	1.4041883549207117	1.4445385950046403	1.505063955130533	1.5454141952144616	1.6039220433361578	1.666464915466247	1.7169027155711576	1.7875156357180326	1.8601460678691037	1.922688939999193	1.9791792761166929	2.0437396602509783	2.0820723883307104	2.136545212444014	2.1910180365573173	2.237420812653835	2.297946172779728	2.360489044909817	2.406891821006335	2.4532945971028526
209152_HY5CNBGXT_TCDM_2_B04_X4_32_2_o_AACGCC_S26_R1_001 - polya	0.07061292014687487	0.1129806722349998	0.14324335229794619	0.23604890449098173	0.3490295767259815	0.5003429770407134	0.6718314973974095	0.8655126498002663	1.0854214582576767	1.2468224185933907	1.4344510349836581	1.64225477141589	1.9166364039866037	2.168825404511157	2.445224549086067	2.6792559415728525	2.9496025501351735	3.161441310575798	3.4116127990961544	3.6738893596416897	3.915990800145261	4.1379171206068674	4.36791348908526	4.599927369567849	4.846063834079812	5.03369245047008	5.205180970826777	5.386757051204454	5.606665859661865	5.784206916031151	5.9920106524633825	6.2078844369123996	6.431828269378203	6.716297461969899	6.9543638784650765	7.23479804704838	7.571722551749183	7.840051648307307	8.12048581689061	8.433200177541057	8.731791954162127	9.088891578904894	9.488358955735787	9.908001452608643	10.29334624541016	10.765444054392123	11.227454303353104	11.626921680183997	12.068756809103014	12.542872130089174	13.000847355041763	13.436629947948191	13.890570148892387	14.39696566194569	14.923536295040956	15.470282048178186	16.085623209458095	16.662631642658273	17.263850219908807	17.82673606907961	18.367429286204253	18.952507767421217	19.543638784650767	20.2598555461405	20.994229915667997	21.694306581124156	22.4024532945971	23.17112536819594	23.903482225719245	24.692329419360046	25.4509139329379	26.231691078561916	26.992293104143968	27.72061493765888	28.473146915224145
209152_HY5CNBGXT_TCDM_2_B04_X4_32_2_o_AACGCC_S26_R1_001 - polyg	0.0	0.0	0.002017512004196425	0.002017512004196425	0.00403502400839285	0.00403502400839285	0.00403502400839285	0.00403502400839285	0.00403502400839285	0.00403502400839285	0.00403502400839285	0.00403502400839285	0.00403502400839285	0.00403502400839285	0.00403502400839285	0.00403502400839285	0.00403502400839285	0.00403502400839285	0.00403502400839285	0.006052536012589275	0.006052536012589275	0.006052536012589275	0.006052536012589275	0.006052536012589275	0.006052536012589275	0.006052536012589275	0.006052536012589275	0.006052536012589275	0.006052536012589275	0.006052536012589275	0.006052536012589275	0.0080700480167857	0.0080700480167857	0.0080700480167857	0.0080700480167857	0.0080700480167857	0.0080700480167857	0.0080700480167857	0.0080700480167857	0.010087560020982125	0.010087560020982125	0.010087560020982125	0.014122584029374975	0.0161400960335714	0.0161400960335714	0.02017512004196425	0.0242101440503571	0.0322801920671428	0.05245531210910705	0.07061292014687487	0.08473550417624985	0.09280555219303555	0.1049106242182141	0.11096316023080337	0.1210507202517855	0.12306823225598193	0.1371908162853569	0.15131340031473187	0.15534842432312473	0.16543598434410683	0.16543598434410683	0.17552354436508896	0.1936811524028568	0.21587378444901748	0.2521890005245531	0.2885042166000888	0.3550821127385708	0.4781503449945527	0.7363918815316951	1.1136666263164265	1.618044627365533	2.0013719081628536	2.354436508897228	2.693378525602227	3.0121454222652626
209153_HY5CNBGXT_TCDM_2_C04_A27_3_1_o_CAAGCA_S27_R1_001 - illumina_universal_adapter	0.00020726841334899027	0.00024495357941244306	0.00026379616244416945	0.00026379616244416945	0.0002826387454758958	0.0002826387454758958	0.0003014813285076222	0.00035800907760280136	0.00043337940972970694	0.0004899071588248861	0.0005652774909517916	0.0006971755721738764	0.0009044439855228667	0.001111712398871857	0.001168240147967036	0.0013189808122208472	0.0014885640595063846	0.0016769898898236484	0.0018842583031726387	0.0021292118825850816	0.002656804207473421	0.0028829152038541373	0.0034293501117742026	0.0038250443554404567	0.004183053433043258	0.004899071588248861	0.0054266639131371995	0.00610499690227935	0.006764487308389773	0.00740513513146847	0.008328421700023063	0.009044439855228665	0.009703930261339089	0.010683744578988862	0.011493975649353096	0.01236073446881251	0.013208650705240198	0.01445226118533414	0.015450918086015638	0.016600315650950947	0.01825846295774287	0.020538415504581763	0.022140035062278504	0.02393008045029251	0.025569385174052706	0.028056606134240592	0.03103373425325336	0.03387896429104405	0.03659229624761264	0.039305628204181244	0.04267845056686027	0.04652233750533245	0.05034738186077291	0.05473770370716516	0.05986288629179473	0.06545913345221747	0.07124380644295747	0.07642551677668223	0.08377412415905552	0.0926866659330621	0.10148615220887833	0.11064364756229735	0.12029105007454126	0.13020224874922934	0.14190349281193143	0.15375547753888733	0.16670033208168336	0.18062500094212916	0.19562369703538335	0.21067892087773274	0.2280894675990479	0.24681899513258396	0.26617032790616696	0.2868594840750025	0.3037801236374928
209153_HY5CNBGXT_TCDM_2_C04_A27_3_1_o_CAAGCA_S27_R1_001 - polya	0.0019031008862043651	0.003109026200234854	0.004804858673090229	0.00829073653395961	0.014376890853207234	0.020670313585803846	0.02930021661433453	0.03736484215191343	0.044883032781572255	0.05302302865127805	0.06138913551736457	0.07203519493028998	0.08494236430702255	0.09598411796361422	0.10891012992337852	0.12083748498246133	0.13363159886100354	0.14629381465832367	0.1593140395332466	0.1732387083936924	0.18750254374870928	0.2039332761523747	0.21989294398024695	0.23662515771242	0.25203839063237216	0.2666602350649918	0.2815081904939922	0.29825924680919697	0.31510451603956036	0.3319686278529555	0.3498313965670321	0.3703698120716139	0.3920199399750675	0.4170994179902953	0.4432340806552998	0.47227050110719015	0.5033796056925705	0.5374093106478683	0.5759423929477487	0.6157002431446914	0.6604136926789782	0.7106480190415607	0.7665351203136612	0.8256254607011552	0.8967562116459222	0.9695451098974813	1.0482505792210024	1.1317609072176138	1.2221487780208051	1.323408819233303	1.4328842266476332	1.5546638407816809	1.6875982640705105	1.832799208912994	1.9908884805491784	2.158794737944892	2.33634839785285	2.5251322372477167	2.723996858564557	2.9401778136875536	3.166043856488858	3.4033850323564834	3.6575149497053774	3.934500920271755	4.240900162950658	4.561525555818514	4.922059539547567	5.301549161806537	5.690328177500147	6.088943021536319	6.503536375983394	6.944810828003395	7.400537541208729	7.8830395649021465	8.406901058350204
209154_HY5CNBGXT_TCDM_2_D04_A27_3_3_o_GCTCGA_S28_R1_001 - illumina_universal_adapter	0.00013533921517562488	0.00021267590956169623	0.0002513442567547319	0.0002513442567547319	0.0003673492983338389	0.0003673492983338389	0.0004640201663164281	0.0005800252078955352	0.0006960302494746422	0.0007540327702641957	0.0008700378118433027	0.0010053770270189277	0.0011600504157910703	0.0012760554573701772	0.0013533921517562488	0.001546733887721427	0.001662738929300534	0.0017594097972831232	0.0020687565748274085	0.0023781033523716942	0.0026681159563194615	0.003209472817021961	0.0037314955041279426	0.004330854885619996	0.004930214267112049	0.0058002520789553515	0.006515616502026512	0.0071536442307116	0.007811006132993206	0.008468368035274813	0.009319071673521598	0.010343782874137043	0.011252489033173382	0.012103192671420166	0.013108569698439093	0.014461961850195344	0.015776685654758555	0.017362087889673018	0.018966824298184	0.020687565748274087	0.022234299635995512	0.024032377780471674	0.025772453404158277	0.027667202416617027	0.029658622297058363	0.031785381392675324	0.034047479703467914	0.03669626148619086	0.03932570909531728	0.04214849844040889	0.044835948570324864	0.04868344911603192	0.052550283835335485	0.057364493060868424	0.06200469472403271	0.06743759750465422	0.07339252297238172	0.07930878009291617	0.08613374337248697	0.0927846990896891	0.10042169766031366	0.10877406065400935	0.1180351298067414	0.1273735356538595	0.13715662749369753	0.14800309888134405	0.1602802991151329	0.1733115321191859	0.18667144607437972	0.20173276730606712	0.2174127820928431	0.23405950555944494	0.25109291249797716	0.269305704025897	0.28425102021600523
209154_HY5CNBGXT_TCDM_2_D04_A27_3_3_o_GCTCGA_S28_R1_001 - polya	0.001082713721404999	0.001894749012458748	0.0032481411642149966	0.006032262162113566	0.011909850935454987	0.019063495166166587	0.027241850597493632	0.03586489202154059	0.043540558939358175	0.05309164069603798	0.06322274766061332	0.07526793781124394	0.08967189714064973	0.1019877657216316	0.11530901132963238	0.12895893788877397	0.14349823643335538	0.15794086410995423	0.17207414500900875	0.18802483822613597	0.2049615742966856	0.22396706694206264	0.24090380301261227	0.258478566811847	0.27667202416617026	0.2928740616400522	0.3103134862241113	0.32835227018966245	0.3466230642383718	0.36622791626524087	0.38569742907693433	0.4072356984634552	0.4309393952927861	0.45758188650878767	0.48399236764163106	0.5151783896528143	0.5470024393926827	0.5822099695119417	0.621013655920153	0.6643028706027564	0.7081721104932553	0.7584989643649913	0.81236397200489	0.8705405003568122	0.9364506981473415	1.003868961478399	1.0779188463530625	1.158252337646594	1.2433613698184656	1.3351406918811357	1.437785819505049	1.5463085359023037	1.6645563416186067	1.7904798142527274	1.9301498843139724	2.078056312327334	2.23271036692588	2.3982495612592656	2.571619095899241	2.7576525142449357	2.9498922023151124	3.150058901559862	3.3671236685279675	3.6020918802464488	3.8576509868452216	4.127594718599804	4.4248963059934585	4.739424642061611	5.061261295749246	5.395742498969005	5.75456542674678	6.130924449976596	6.520778726376782	6.92882646013129	7.3684662335425095
209154_HY5CNBGXT_TCDM_2_D04_A27_3_3_o_GCTCGA_S28_R1_001 - polyg	0.0	0.0	0.00011600504157910703	0.00021267590956169623	0.0025907792619333904	0.0042728523648304425	0.0042728523648304425	0.0042728523648304425	0.004311520712023478	0.004311520712023478	0.004311520712023478	0.004330854885619996	0.004330854885619996	0.004350189059216514	0.004369523232813031	0.004369523232813031	0.00438885740640955	0.004408191580006067	0.004408191580006067	0.004408191580006067	0.004427525753602585	0.004446859927199103	0.004485528274392138	0.004485528274392138	0.004543530795181692	0.004601533315971245	0.004620867489567763	0.004698204183953835	0.0047175383575503525	0.00473687253114687	0.0048335433991294596	0.004852877572725977	0.004852877572725977	0.004910880093515531	0.004968882614305084	0.00500755096149812	0.005104221829480709	0.005162224350270262	0.005374900259831959	0.005954925467727494	0.006302940592464815	0.006496282328429993	0.006805629105974279	0.006998970841939458	0.007578996049834992	0.008255692125713117	0.009106395763959902	0.010440453742119632	0.011967853456244541	0.013495253170369452	0.014442627676598825	0.015061321231687396	0.015680014786775966	0.016163369126688913	0.016569386772215786	0.01699473859133918	0.017420090410462573	0.018174123180726767	0.019063495166166587	0.020262213929150695	0.02138359599774873	0.023491020919769172	0.025733785056965244	0.02925260465153149	0.034318158133819165	0.039383711616106834	0.04502929030629004	0.0522409370577912	0.06165667959929538	0.07519060111685787	0.09085128173003731	0.10550658531619785	0.12054857237428872	0.13377314711430693	0.1466497067295878
209155_HY5CNBGXT_TCDM_2_E04_A27_3_2_o_GCGAAT_S29_R1_001 - illumina_universal_adapter	0.0002089009815775045	0.0002892475129534678	0.00033745543177904575	0.00033745543177904575	0.00038566335060462374	0.00040173265687981635	0.000466009881980587	0.0005624257196317429	0.0006427722510077062	0.0007713267012092475	0.0008998811514107887	0.0011087821329882931	0.0015105147898681096	0.0017033464651704214	0.001864039527922348	0.0020247325906742747	0.0022497028785269718	0.0025550196977556323	0.0029085444358098707	0.0034870394617168062	0.0039048414248718153	0.004210158244100475	0.004740445351181833	0.005222524539437613	0.005720673033968585	0.006283098753600328	0.006958009617158419	0.007520435336790162	0.008243554119173832	0.00895060359528231	0.009850484746693098	0.010637880754177537	0.01174666288716583	0.012742959876227776	0.013803534090390491	0.01483196969200282	0.01611751419401823	0.01748340522740961	0.019042127936103295	0.020793682320099295	0.0227541376856728	0.024923494032823807	0.026980365236048468	0.029037236439273126	0.031560117524478376	0.03445259265401305	0.03758610737767562	0.041008869614291656	0.04399776058147749	0.04782225547497334	0.05172709689984516	0.05640326502592622	0.06114371037710805	0.06607698740359219	0.07112274957400269	0.07750226416525417	0.08388177875650565	0.09032557057285791	0.09813525342260154	0.10661984713590326	0.11566686656883673	0.12572625229710732	0.13707118252739334	0.1483679048388538	0.16095017165232964	0.17448052753604185	0.1879626755009285	0.20350169466903978	0.2189764366120503	0.235881346813553	0.25318798967193545	0.271667691888407	0.2921239187767273	0.31367285849176063	0.3312044716379958
209155_HY5CNBGXT_TCDM_2_E04_A27_3_2_o_GCGAAT_S29_R1_001 - polya	0.00205687120322466	0.003406692930340843	0.0059295740155460895	0.010268286709848107	0.017724444821537497	0.027446375118029054	0.038164602403582555	0.04938097818366703	0.05908683917388339	0.07121916541165385	0.08418709557573432	0.09966183751874484	0.11648640118887156	0.13131837088087436	0.1466002811485826	0.16262137950494968	0.17906027982447176	0.19635085337657904	0.21343252594710885	0.23205685192005712	0.25153285112559065	0.27531542441287576	0.2958037899137464	0.3160993237393147	0.33641092687115826	0.3557583716264902	0.3767448856218918	0.3974421521043399	0.4196017254578306	0.4431111205384375	0.46744005023907914	0.49438827686257725	0.5243253944532611	0.557845967343313	0.5922664213847757	0.628824093160839	0.6682260321476113	0.7108418323894223	0.7566875631925469	0.8066952443209464	0.8605595589553923	0.9213176059818957	0.9872017617101856	1.0559783925680102	1.137112319951458	1.2236294649370951	1.3148388473550887	1.4099048632791285	1.5137447204294232	1.627322577182485	1.7492082652798213	1.876316477916595	2.0168264919868797	2.172377376730745	2.338630419453888	2.5132716400526816	2.7012343155536103	2.8976976540741153	3.108751922692496	3.3352327253350613	3.570776616716835	3.8160102997825502	4.072637120997377	4.349993347307202	4.651919542911797	4.970525678430041	5.317012060335745	5.6765627882431815	6.0506080304108405	6.444145341090309	6.8577692846137674	7.295641811306492	7.741131189173658	8.208378407737435	8.698186932311582
209155_HY5CNBGXT_TCDM_2_E04_A27_3_2_o_GCGAAT_S29_R1_001 - polyg	0.0	0.0	1.6069306275192655e-05	0.00012855445020154124	0.002233633572251779	0.0039048414248718153	0.0039369800374222	0.003969118649972586	0.003969118649972586	0.003969118649972586	0.003985187956247778	0.0040012572625229715	0.0040012572625229715	0.004017326568798164	0.004049465181348549	0.004065534487623742	0.004081603793898934	0.004097673100174127	0.004129811712724512	0.004129811712724512	0.0041619503252748975	0.004194088937825283	0.004210158244100475	0.004242296856650861	0.004338712694302017	0.00435478200057721	0.00448333645077875	0.00448333645077875	0.0044994057570539436	0.0045476136758795214	0.004579752288429907	0.004627960207255485	0.004724376044906641	0.004740445351181833	0.004820791882557796	0.004852930495108182	0.004933277026484145	0.005029692864135301	0.005110039395511265	0.00520645523316242	0.005335009683363962	0.005463564133565503	0.005624257196317429	0.005720673033968585	0.005784950259069356	0.006106336384573209	0.006283098753600328	0.006684831410480144	0.0071347719861855384	0.00756864325561574	0.008034653137596328	0.00842031648820095	0.008805979838805576	0.009239851108235777	0.009513029314914052	0.010027247115720216	0.010541464916526381	0.011168167861258895	0.012260880687971995	0.012967930164080472	0.01386781131549126	0.01500873206102994	0.016406761706971702	0.018254731928618855	0.020552642725971404	0.023316563405304542	0.027012503848598855	0.03389016693438131	0.04515475063329136	0.05913504709270897	0.07586319492518452	0.09040591710423387	0.10290783738633376	0.11433311414799574	0.12341227219347958
209156_HY5CNBGXT_TCDM_2_F04_X5_66_3_o_TGGATT_S30_R1_001 - illumina_universal_adapter	0.0003620628071925823	0.00047225583546858563	0.0005194814190154442	0.0005824488637445889	0.0006454163084737336	0.0007241256143851646	0.0008815442262080265	0.001007479115666316	0.0011019302827600331	0.0012908326169474673	0.0016371535629577634	0.002014958231332632	0.002439988483254359	0.0027233419845355106	0.0029122443187229448	0.0031326303752749513	0.0034002420153738163	0.003793788544930971	0.004486430436951563	0.005509651413800166	0.0061235839999093265	0.00676900030838306	0.007650544534591087	0.008579314344345973	0.009476600431736286	0.010342402796762025	0.011302656328881482	0.012373102889276942	0.013475033172036976	0.014939026261989593	0.016292826323666205	0.017473465912337668	0.01865410550100913	0.020133840452144034	0.022101573099929807	0.02402208016416872	0.025816652338949347	0.028162189655109988	0.030523468832452917	0.033278294539353	0.03639518305344566	0.039732457624090334	0.04349476244665674	0.04708390679621799	0.05095640464706039	0.05465574202489764	0.05912643060066692	0.06408511687308707	0.06939012409151751	0.07489977550531768	0.08185767814788818	0.0888942900963701	0.09778844166436179	0.10654091648171292	0.1163638378594595	0.1273988825482421	0.13906360168431617	0.15217657204916057	0.16577754011065585	0.18251113854742607	0.1997642184032117	0.21827664715358028	0.23911887135892718	0.2598509025359981	0.28206266866420393	0.3072024209723149	0.33350707100791516	0.36212577463731144	0.39212976205074895	0.423046777412759	0.45838725576699146	0.49514450162762974	0.5345936057504389	0.5758057983256641	0.6090526091426526
209156_HY5CNBGXT_TCDM_2_F04_X5_66_3_o_TGGATT_S30_R1_001 - polya	0.002691858262170938	0.0052420397737013005	0.008012607341783669	0.013301872699031828	0.021330221901997785	0.03297919917688956	0.045745848595723664	0.058780109654656625	0.07135785673930328	0.08374670148976252	0.09810327888800752	0.1136247540137417	0.1335696921316983	0.15140522085122854	0.16894165420829535	0.1875800178481222	0.20724160246479767	0.22866627553388916	0.2511613951633761	0.2743019311013368	0.2989379438516147	0.3247073706070172	0.3513898253109923	0.37904827540826913	0.40656504875490534	0.4347587221323799	0.4650775467694631	0.4946722457921611	0.5259040983778169	0.5599852278374665	0.5977499528137711	0.6365693824892888	0.6821420706120074	0.7335707310945363	0.7869198986413042	0.8477779339720226	0.9093286111947616	0.9764046816924831	1.0525323223700191	1.1332408446516002	1.2226703580281681	1.323717364957263	1.4329029141176002	1.5560042685630782	1.698625530874591	1.8585943242089833	2.0145332010807104	2.1801690644407254	2.3673555357592906	2.570677414789699	2.7927163667658457	3.0309379520373825	3.289482280095251	3.563374922805848	3.8660122040353	4.187697137295318	4.518433640735151	4.876230403547334	5.265290502667537	5.660395476481738	6.075209260496162	6.512612615307165	6.967820015115335	7.451189604578615	7.980478203110623	8.552080924500617	9.179220932141716	9.850721504594498	10.521088663042155	11.19219568896538	11.882381850641536	12.602792385787682	13.329625600296199	14.080040122855781	14.862174495697671
209156_HY5CNBGXT_TCDM_2_F04_X5_66_3_o_TGGATT_S30_R1_001 - polyg	0.0	0.0	0.00011019302827600332	0.000251869778916579	0.0023140535937960695	0.004029916462665264	0.00404565832384755	0.004061400185029837	0.004061400185029837	0.004108625768576695	0.004140109490941267	0.0041715932133058395	0.0042660443803995566	0.004297528102764129	0.004329011825128701	0.004360495547493274	0.004423462992222418	0.004423462992222418	0.004423462992222418	0.004486430436951563	0.004486430436951563	0.00450217229813385	0.004517914159316135	0.0046123653264098525	0.004722558354685856	0.004769783938232715	0.004769783938232715	0.00483275138296186	0.004927202550055577	0.004990169994784722	0.005021653717149294	0.005068879300696152	0.005084621161878439	0.005147588606607583	0.0051948141901544415	0.0052420397737013005	0.005320749079612731	0.00536797466315959	0.0056985537479876	0.0061235839999093265	0.006485646807101909	0.006800484030747633	0.007036611948481926	0.007445900339221366	0.0080913166476951	0.00903582831863227	0.010059049295480873	0.011963814498537503	0.013632451783859838	0.015364056513911319	0.016733598436770216	0.018134624081993688	0.018937459002290283	0.019630100894310876	0.020259775341602324	0.020905191650076056	0.021645059125643507	0.02249511962948696	0.02353408246751785	0.024431368554908163	0.025659233727126484	0.027343612873631108	0.02943728041087517	0.03291623173216042	0.038425883145960585	0.04377811594793789	0.04998040925375864	0.0585754654592869	0.07115321254393357	0.08839055053853694	0.1113421841423102	0.13303446885150058	0.1531840511648269	0.17216873575066402	0.1894218156064497
209157_HY5CNBGXT_TCDM_2_G04_C17_3_1_i_ACCTAC_S31_R1_001 - illumina_universal_adapter	0.0003272130555100588	0.0005453550925167646	0.0007271401233556863	0.0007816756326073627	0.0009634606634462842	0.0010907101850335292	0.0013815662343758038	0.0019450998299764607	0.002308669891654304	0.002926738996506637	0.0033266660643522647	0.004035627684624059	0.004926374335734774	0.005453550925167647	0.005853477993013274	0.006307940570110578	0.0071077947058018325	0.007780399319905843	0.008598431958680989	0.01003453370230847	0.011361564427432597	0.012761309164892293	0.014233767914687558	0.01543354911822444	0.01763314799137539	0.019523712312100174	0.02106888507423101	0.022668593345613518	0.023959267064569863	0.026086151925385243	0.028122144270781167	0.03019449362234487	0.03190327291223073	0.033757480226787734	0.035702580056764195	0.03762950138365676	0.03997452828147885	0.043119409314992196	0.04615521933000218	0.05035445354238127	0.054335545717753654	0.0588619929856428	0.06440643642622991	0.06947823878663582	0.0758043578598303	0.08494814491102805	0.09381925441596742	0.10314482649800409	0.11023444270072204	0.11919644472108086	0.12875833734320813	0.14006536626138905	0.1520631782967579	0.16437002488455288	0.17744036860187132	0.19227402711832733	0.20641690251759542	0.22012349384285013	0.23624782607826245	0.25809838678510083	0.28002166150427477	0.3007815120260796	0.32290475027917637	0.34470077547676303	0.3679510809210611	0.39316466469841954	0.4198688857286571	0.4493725962338141	0.4757677827116255	0.5014176505629974	0.5319030002346845	0.56569683746764	0.6017811660891659	0.6401378075961783	0.6718047599683185
209157_HY5CNBGXT_TCDM_2_G04_C17_3_1_i_ACCTAC_S31_R1_001 - polya	0.003199416542765019	0.006126155539271656	0.009289215075868891	0.014361017436274803	0.024050159579989322	0.0375386088682373	0.05342662056355905	0.06947823878663582	0.08611156910839714	0.10218136583455781	0.11781487848670506	0.13542984797499655	0.15768033574968054	0.17633147991375392	0.19461905401614943	0.21307023464629996	0.23364830013726587	0.25408093760356065	0.27629506837207685	0.2980547365634958	0.32268660824216966	0.34786383501336027	0.3740954149634167	0.4011995630614999	0.430503310032734	0.45833459825417294	0.48763834522540705	0.5186508714865271	0.5514994265591202	0.5866748300264515	0.624195260391605	0.6657513184413825	0.7109248986048544	0.7654967648626987	0.8202140591452141	0.8799849772850514	0.9447186267667914	1.011870017158689	1.0846749220096772	1.1653874757021583	1.2499356935453407	1.3438094834705598	1.4436458224072954	1.5511353111423498	1.6725858902458333	1.806979563545048	1.9434637646989104	2.0889281463762153	2.2431545665399564	2.4153413477505827	2.599725904530501	2.7936541754294626	3.0046520607241987	3.235500871386545	3.4908724827090625	3.7679128697075788	4.050552235655934	4.3475889760467314	4.677474271510123	5.017012352111061	5.3684209952257795	5.72810085724367	6.105377510246767	6.517393282643184	6.966420487318404	7.449296064735831	7.974309412301721	8.514647237967331	9.061038505159877	9.629498475096268	10.224462702528974	10.839023356286118	11.449966487929565	12.071016867287657	12.724988515730677
209157_HY5CNBGXT_TCDM_2_G04_C17_3_1_i_ACCTAC_S31_R1_001 - polyg	0.0	0.0	9.089251541946078e-05	0.0001999635339228137	0.002217777376234843	0.003926556666120706	0.003926556666120706	0.003926556666120706	0.003981092175372382	0.003999270678456274	0.004017449181540167	0.004053806187707951	0.004181055709295196	0.004181055709295196	0.00421741271546298	0.00421741271546298	0.004271948224714657	0.004271948224714657	0.004271948224714657	0.004308305230882441	0.004399197746301902	0.004453733255553578	0.004453733255553578	0.004490090261721363	0.004508268764805255	0.004580982777140823	0.004580982777140823	0.004653696789476392	0.004653696789476392	0.004653696789476392	0.004708232298728068	0.004744589304895853	0.004799124814147529	0.004835481820315313	0.00489001732956699	0.00489001732956699	0.004926374335734774	0.004999088348070343	0.005071802360405911	0.005089980863489804	0.005235408888160941	0.005289944397412617	0.005326301403580402	0.005435372422083754	0.005526264937503215	0.005671692962174352	0.00581712098684549	0.005998906017684411	0.006235226557775009	0.006453368594781715	0.006780581650291774	0.0069805451842145875	0.0072714012335568625	0.0074895432705635685	0.007689506804486382	0.007853113332241412	0.008089433872332009	0.008471182437093744	0.00878021698951991	0.009071073038862185	0.009561892622127274	0.010216318733147392	0.011179779396593675	0.012615881140221157	0.014179232405435881	0.016742401340264675	0.020450815969378675	0.028794748884885174	0.043046695302656625	0.0623340870746662	0.08269401052862542	0.10052712205392363	0.11697866734484602	0.13193957538288928	0.14560980970197618
209158_HY5CNBGXT_TCDM_2_H04_C17_3_1_o_CGAAGG_S32_R1_001 - illumina_universal_adapter	0.0008735972141128054	0.0011600225302153646	0.0013318777198769	0.0015180541753435637	0.0016039817701743314	0.0017615156940307389	0.0020049772127179143	0.0022197961997948335	0.002477578984287137	0.002721040502974312	0.003107714679712767	0.0036089589828922457	0.004339343538953771	0.004797624044717866	0.005298868347897345	0.005714185056246056	0.0061724655620101505	0.0069887777129024435	0.007905338724430633	0.00946635669718958	0.01072662808804084	0.012244682263384404	0.013734093907117712	0.015395360740512556	0.017156876434543295	0.01916185364726121	0.021009296936122714	0.023028595414645758	0.024818753640286753	0.027239047561353376	0.029358594900512316	0.031377893379035356	0.03352608324980455	0.03584612831023528	0.03819481590227627	0.04064375235495315	0.043608254376614634	0.04683053918276842	0.05028196424180426	0.054463773856901626	0.05908954271195795	0.06337160118769121	0.06862750573817318	0.07351105737772182	0.07911067230752684	0.08648612419716774	0.09433417785837786	0.10183852114026491	0.1090564391060494	0.1173484520072185	0.1268720937676286	0.13775625577952583	0.14858313272820256	0.16072756613095107	0.17310113978658162	0.1883532878690429	0.20270319620578112	0.2180555931488783	0.23441047869833442	0.2548898887996674	0.2742379189023953	0.29435929735860006	0.3160560150533689	0.33779569654555314	0.3610391109472758	0.38665985547264975	0.41296802075666983	0.4414100546456539	0.46887824245988935	0.49780719938624785	0.5287840973227396	0.5619807914590262	0.5964234357203589	0.6332290888395378	0.6650795839901423
209158_HY5CNBGXT_TCDM_2_H04_C17_3_1_o_CGAAGG_S32_R1_001 - polya	0.0023343663262358574	0.005212940753066577	0.008635723280492159	0.015338075677292043	0.026881015916225177	0.04264872956767106	0.06321406726383481	0.08289148648008063	0.10239705050666491	0.12081419833205946	0.1397469117264386	0.1610426339786639	0.18663473597242755	0.20846034505944255	0.23044348807031398	0.2545748209519546	0.27989481889542084	0.3052864231679127	0.332969429969225	0.35967859069578867	0.3882638372428241	0.41916912885029023	0.4526665695684845	0.4850039877564634	0.5187735325249552	0.5516838013451392	0.5851812420633336	0.6209987278419585	0.660224674882204	0.7005533593894443	0.7438322246525411	0.789832130418612	0.841761040228006	0.9041158315435331	0.9666138355171116	1.0353129475843104	1.1086378285065654	1.1832659446170872	1.2670167070454756	1.358701450729905	1.4540094746630314	1.5591275656726706	1.6671242311091405	1.7884969588075998	1.9191641880135875	2.06607173264259	2.2099288476551004	2.3658444684755287	2.5331741381426434	2.7137939424769173	2.9130743561552728	3.1241125290596385	3.3463069680261985	3.5903699798771895	3.8510313387963233	4.133890659713406	4.425586201632252	4.732147217456821	5.0634840231242615	5.406979583460256	5.764381092893029	6.137421424585002	6.528220125875333	6.949236698014485	7.406486072640611	7.897333136845567	8.425802166320594	8.984646600568297	9.552742572526112	10.132109380672564	10.741293064225292	11.37552464167119	12.013694567213495	12.66604254590288	13.351186223286005
209158_HY5CNBGXT_TCDM_2_H04_C17_3_1_o_CGAAGG_S32_R1_001 - polyg	0.0	0.0	5.728506322051183e-05	0.0001718551896615355	0.0021911536681845775	0.003966990628020445	0.003981311893825572	0.0039956331596307	0.0040099544254358285	0.0040099544254358285	0.004024275691240956	0.0040672394886563405	0.004095882020266596	0.00413884581768198	0.0042390946783178755	0.004282058475733259	0.004353664804758899	0.004410949867979411	0.004468234931199923	0.004482556197005051	0.004496877462810179	0.004496877462810179	0.004582805057640946	0.004640090120861458	0.004668732652471715	0.0047116964498870985	0.004797624044717866	0.004854909107938378	0.004854909107938378	0.0048835516395486335	0.00491219417115889	0.005012443031794786	0.005026764297599913	0.005069728095015298	0.005155655689846065	0.005198619487261449	0.005241583284676833	0.005298868347897345	0.0054134384743383685	0.005570972398194776	0.005728506322051183	0.005843076448492207	0.005943325309128103	0.006186786827815278	0.006415927080697326	0.006673709865189628	0.006960135181292188	0.007375451889640898	0.007733483534769097	0.008034230116676784	0.008449546825025495	0.00883622100176395	0.009179931381087022	0.009566605557825476	0.010024886063589571	0.01059773669579469	0.011027374669948528	0.011929614415671589	0.01304667314847157	0.015123256690215124	0.017973188585435586	0.02194017921345603	0.02623655895499442	0.030790721481025112	0.0360609472973122	0.042319340454153115	0.05062567462112733	0.06703784523380397	0.09433417785837786	0.1297506681944593	0.1680600542231766	0.2001826534240786	0.2292261804768781	0.2564222642408161	0.28084002243855927
209159_HY5CNBGXT_TCDM_2_A05_C17_3_2_i_AGATAG_S33_R1_001 - illumina_universal_adapter	0.00047598158827059515	0.0007615705412329523	0.0009138846494795427	0.001085238021256957	0.001180434338911076	0.0012375521295035475	0.001466023291873433	0.0017516122448357901	0.0020372011977981474	0.0021895153060447377	0.002646457630784509	0.003255714063770871	0.004093441659127118	0.004455187666212771	0.0048930907274217185	0.00550234716040808	0.0059973680122094985	0.006682781499319156	0.0076157054123295225	0.009195964285387898	0.010738144631384627	0.012223207186788883	0.01370826974219314	0.015574117568213874	0.017497083184827077	0.019534284382625226	0.02155244631689255	0.023399254879382457	0.025474534604242254	0.02821618855268088	0.0311101566093661	0.03289984738126354	0.03529879458614733	0.0378310166357469	0.04116288775364107	0.044551876662127704	0.04797894409767599	0.05171063974971746	0.05561368877353634	0.060316386865649815	0.06513332053894824	0.07103549223350362	0.07705189950924395	0.08348717058266239	0.09028418766316648	0.0993278378403078	0.10827629169979498	0.11659644986276499	0.1250879613975124	0.13426488641936948	0.14578364085551787	0.15831147625879996	0.17068699755383543	0.18292924400415514	0.1963328855298551	0.21181180678041484	0.2262626078003101	0.2414559400979075	0.2593147692898202	0.2805625873902196	0.30057285336111544	0.3219729855697614	0.3445345128537876	0.36631543033305003	0.38937197846887767	0.4146561204378117	0.4403020084138313	0.46752815526290936	0.4935357892460147	0.5196766980738358	0.5497587344525374	0.5793838285064993	0.6113697912382833	0.6447836987348791	0.6725239056992893
209159_HY5CNBGXT_TCDM_2_A05_C17_3_2_i_AGATAG_S33_R1_001 - polya	0.002437025731945447	0.004874051463890894	0.008186883318254236	0.014698311445795979	0.026578811889030034	0.04377126685736393	0.06570449844487296	0.08902759627013211	0.11280763642013106	0.1354833992853422	0.15783549467052935	0.18254845873353864	0.2123258668957471	0.23829542235179077	0.26508366613965983	0.29387103259826547	0.3242005794028678	0.3539208697744837	0.38472639816735665	0.4174739314403736	0.4518588413770414	0.48715763596318873	0.524512671010665	0.5642476139994943	0.6020786306352413	0.6395288620003716	0.67947323688804	0.7194366510392392	0.7609993633270276	0.8053798866173778	0.8524449460655743	0.901318735549199	0.9576559163369066	1.023855435633581	1.088036792995988	1.1615664287520295	1.2339727479597524	1.311081765259589	1.3972153934730358	1.4879184449338805	1.5824293491008898	1.6870881807298284	1.7917470123587667	1.9072201456732132	2.0313561438941843	2.160956410748502	2.296363652979721	2.4385869515549747	2.5913008843357126	2.7579325187574826	2.9367873603660413	3.1242289098270017	3.3234557634135418	3.536086258525782	3.7625773374884623	4.000377738988451	4.250744054418784	4.509373410221495	4.787879757150386	5.072535786199732	5.368444019995796	5.677375110046944	5.992513000009139	6.335619568098115	6.702487137073558	7.090754838257649	7.507048335359111	7.941143543861894	8.379865293402666	8.835056005897602	9.311418379438814	9.806858095037912	10.298261486768473	10.794691244071174	11.316881124931077
209159_HY5CNBGXT_TCDM_2_A05_C17_3_2_i_AGATAG_S33_R1_001 - polyg	0.0	0.0	0.00015231410824659045	0.0003427067435548285	0.002836850266092747	0.004607501774459361	0.0046455803015210085	0.004683658828582656	0.004721737355644304	0.0047598158827059514	0.004797894409767599	0.004912129990952542	0.004969247781545013	0.005064444099199133	0.0051406011533224275	0.005216758207445723	0.005311954525099842	0.005350033052161489	0.005407150842753961	0.005445229369815609	0.005464268633346432	0.005464268633346432	0.005464268633346432	0.005464268633346432	0.005483307896877256	0.005521386423938904	0.005540425687469728	0.005578504214531375	0.005673700532185494	0.005711779059247142	0.005787936113370437	0.005845053903962908	0.005845053903962908	0.005940250221617028	0.005959289485147851	0.005978328748678675	0.006016407275740323	0.006111603593394441	0.006187760647517737	0.006282956965171856	0.006340074755764327	0.006473349600480094	0.006663742235788332	0.006892213398158218	0.007063566769935632	0.007234920141713046	0.007406273513490461	0.007634744675860347	0.00795841215588435	0.008301118899439179	0.008529590061809065	0.008891336068894718	0.00910076796773378	0.009614828083066022	0.010109848934867442	0.010642948313730508	0.011252204746716869	0.011937618233826526	0.012946699200960188	0.014012897958686321	0.015098135979943278	0.016887826751840716	0.018753674577861448	0.021495328526300077	0.02446545363710859	0.028273306343273352	0.035203598268493216	0.05083483362729956	0.07438640261492861	0.10387822182417468	0.13150419320740003	0.15330414995019329	0.17173415704803074	0.1880127273668851	0.20293950997505095
209160_HY5CNBGXT_TCDM_2_B05_C17_3_2_o_TTGGTA_S34_R1_001 - illumina_universal_adapter	0.0004965769296979488	0.0009563703831219754	0.0011218960263546251	0.0012506381933133526	0.0013058134077242357	0.0014161638365460022	0.0015449060035047297	0.0016920399086004182	0.001931132504380912	0.0020230911950657174	0.002298967267120133	0.0026116268154484715	0.0030898120070094594	0.0034392550316117193	0.0036415641511182914	0.0037335228418030964	0.0039726154375835905	0.004414017152870656	0.004873810606294683	0.00586696446569058	0.006529067038621179	0.007448653945469232	0.00842341606672817	0.009582095569356715	0.010722383333848302	0.011770712407655082	0.012874216695872747	0.013996112722227371	0.01498926658162327	0.016019203917293088	0.017177883419921637	0.018171037279317535	0.019219366353124316	0.020433221070163744	0.02186777664484671	0.0231000231000231	0.024571362150979985	0.02635536075026521	0.02841523542160485	0.030750986164998904	0.03362009731436483	0.03691221844088086	0.03985489654279463	0.0427056159540236	0.046144870985635314	0.05076119725801254	0.054917730076965744	0.05942370592052121	0.06453660912259639	0.07042196532642392	0.07603144545819705	0.08268925466377695	0.08951258951258952	0.09675893433855218	0.10527430909596515	0.11349541604318675	0.12267289337353032	0.13116987639280633	0.14073358022402607	0.15127204617650478	0.1623070890586814	0.1736915749654603	0.18608760646977207	0.1986491636173165	0.21183603986151756	0.2260344617032515	0.24148352173829882	0.25866140515822045	0.27491970167129404	0.29160100816151774	0.3093858189399591	0.32871553572190515	0.3485050459572753	0.3696371530766435	0.38828637554752204
209160_HY5CNBGXT_TCDM_2_B05_C17_3_2_o_TTGGTA_S34_R1_001 - polya	0.0050025527732534105	0.008496983019276013	0.014639823557021009	0.025196681247636663	0.04318380114558459	0.06266065183262635	0.08487787150207532	0.1069479572664286	0.12705012705012705	0.15088581967562859	0.17225701939077737	0.19875951404613826	0.23098183926209404	0.25571872705630666	0.28106254220903903	0.3075834286025369	0.33191569815773636	0.35871246062328865	0.3862816760905933	0.41534062234699176	0.44454670250848594	0.4751873382446631	0.5084396007962887	0.5374617635764133	0.568782893623658	0.5993499624072872	0.6289606608077946	0.6598955643541631	0.6921730647845298	0.7255724612412511	0.7606638976065727	0.799268155956054	0.8416611123617493	0.8909693623069419	0.939597117941067	0.9943125388985261	1.0514740610282012	1.1123507142615423	1.174827448712799	1.2448447958002098	1.3141080816240052	1.392659195206966	1.4742081621062513	1.5582216219158895	1.6544104123721959	1.7609905348758852	1.8693178725025859	1.9860318427197408	2.1099369825484473	2.2444725470203175	2.3850038181248374	2.530979043717897	2.6819568220842105	2.8454041989073837	3.0184152795617765	3.205716740748588	3.400816298905471	3.610555680619375	3.8371051109904615	4.078202406227884	4.325865551980201	4.588150129551403	4.855510826848406	5.15288684078493	5.4702546740763305	5.800386373634781	6.164193345722008	6.5378582894506465	6.921068545272367	7.3250614651888535	7.746324227215947	8.183367100564553	8.617301770168012	9.050776646318047	9.515756569896697
209160_HY5CNBGXT_TCDM_2_B05_C17_3_2_o_TTGGTA_S34_R1_001 - polyg	0.0	0.0	7.356695254784427e-05	0.00020230911950657173	0.0020782664094766007	0.003935831961309668	0.004046182390131435	0.004119749342679279	0.004156532818953201	0.004285274985911929	0.004432408891007617	0.0045795427961033055	0.004708284963062033	0.0048186353918838	0.004892202344431644	0.004984161035116449	0.005131294940212138	0.005223253630896943	0.005278428845307826	0.005370387535992631	0.005388779274129593	0.005462346226677437	0.005535913179225281	0.005554304917362242	0.005572696655499203	0.005627871869910086	0.005719830560594892	0.005793397513142736	0.005885356203827541	0.005977314894512347	0.0060324901089232295	0.006069273585197152	0.0061060570614710746	0.006234799228429802	0.006345149657251568	0.006400324871662451	0.006473891824210295	0.006657809205579906	0.006860118325086478	0.007007252230182166	0.007135994397140894	0.00741187046919531	0.00759578785056492	0.007871663922619336	0.008165931732810714	0.008588941709960819	0.00895677647270004	0.009434961664261027	0.010115455975328588	0.01088790897708095	0.011641970240696355	0.012708691052640097	0.013701844912035995	0.014694998771431893	0.015945636964745245	0.01738019253942821	0.019237758091261277	0.021297632762600917	0.023486249600899282	0.025932350773115103	0.028543977588563575	0.031247563094696854	0.034355766839843274	0.03803411446723549	0.042319389453147414	0.048315096085796726	0.057786841226331674	0.0750198998606642	0.10163274494484685	0.13273317413444802	0.1646244480639385	0.1904648401463688	0.21189121507592845	0.2320853435503117	0.24784706313368735
209161_HY5CNBGXT_TCDM_2_C05_X5_66_2_i_GTTACC_S35_R1_001 - illumina_universal_adapter	0.0002979951482416598	0.0003575941778899917	0.000397326864322213	0.000397326864322213	0.00045692589397054495	0.0005761239532672089	0.0006357229829155409	0.0008145200718605367	0.0008741191015088686	0.0010330498472377538	0.0012317132793988603	0.0015495747708566307	0.0019270352919627332	0.0021256987241238395	0.0022846294698527247	0.00244356021558161	0.002662089990958827	0.002999817825632708	0.0034964764060354744	0.004013001329654351	0.004589125282921561	0.005105650206540437	0.005741373189455978	0.006456561545235962	0.007072418184935391	0.007787606540715375	0.00828426512111814	0.009059052506546457	0.009694775489461998	0.010330498472377539	0.011204617573886407	0.011721142497505284	0.012317132793988604	0.012932989433688034	0.013628311446251906	0.01434349980203189	0.015197752560324648	0.016111604348265737	0.01742278300052904	0.018694228966360124	0.020263670080432863	0.021872843880937826	0.023879344545765003	0.0259255778970244	0.02807114296436435	0.03113055981964539	0.03391184786990088	0.037090462784478584	0.04001081523724685	0.04259343985534123	0.04605018357494449	0.05065917520108216	0.05522843414078761	0.060572480465921376	0.06541986821065238	0.07205522684483333	0.07835285764434041	0.08492861724887303	0.09217983252275341	0.10205340510116041	0.11119192298057132	0.12080723309716887	0.13189265261175862	0.14385219122785722	0.15599052693290083	0.16977776912488163	0.18394247183796852	0.19850450141537762	0.21354332322997338	0.23048931399331576	0.24856768631997647	0.2683942968496549	0.2904062051331055	0.3132326334884166	0.33228445663266676
209161_HY5CNBGXT_TCDM_2_C05_X5_66_2_i_GTTACC_S35_R1_001 - polya	0.011045686828157522	0.01583347554324019	0.026740097968884935	0.045891252829215606	0.07569076765338158	0.10662266404086586	0.13751482774191792	0.16584423316809171	0.19151154860330669	0.22411221782094426	0.252262826158173	0.28690972872707005	0.32910584171808904	0.36289849152869325	0.3956183588056275	0.4276429040699979	0.46024357328763543	0.49355943086105303	0.5296963091711583	0.5667271729259885	0.6064002603285615	0.655668791504516	0.6967325229322167	0.7356308229493613	0.773992731699671	0.8109639964248528	0.8478557957771704	0.8846085307269751	0.9224539145536659	0.9593059812195511	0.9975884245969964	1.0388110867704259	1.0835699580363232	1.1356992426353976	1.1856432294806998	1.239004227359173	1.2985436579778566	1.3631688724598645	1.4315885584961496	1.503127260417364	1.5807251970194922	1.6661703391919842	1.7570985920921227	1.860403576815898	1.969211538610536	2.0876149441785556	2.2111637326395477	2.339222181010597	2.478167385464075	2.6278404152542523	2.792969460066564	2.959052089353249	3.1404715356027717	3.3342081146462825	3.5422683271486095	3.7676122582489526	4.00259136580911	4.244881287672795	4.504931720371683	4.782226138982156	5.063454093549418	5.366733689086564	5.67629104908	6.015786988300114	6.3743943496941275	6.753424311914303	7.156969341663158	7.577539827548221	8.006970702507669	8.451639062713873	8.922411797906047	9.397316732487173	9.88074432830801	10.379687538180628	10.907099217881933
209161_HY5CNBGXT_TCDM_2_C05_X5_66_2_i_GTTACC_S35_R1_001 - polyg	0.0	0.0	0.00013906440251277454	0.00021852977537721715	0.0023442284995010567	0.004509659910057117	0.004569258939705449	0.004569258939705449	0.004628857969353781	0.004708323342218225	0.004767922371866557	0.004787788715082667	0.004827521401514888	0.004867254087947109	0.004906986774379331	0.004946719460811552	0.005046051176892105	0.005125516549756548	0.005165249236188769	0.005224848265837101	0.005224848265837101	0.005264580952269322	0.005344046325133765	0.005383779011565986	0.005403645354782097	0.005423511697998208	0.005443378041214318	0.00548311072764654	0.005542709757294872	0.005582442443727093	0.005602308786943204	0.005642041473375425	0.005661907816591536	0.005701640503023756	0.0057811058758882	0.00582083856232042	0.005880437591968752	0.0060195019944815275	0.00609896736734597	0.006198299083426523	0.006297630799507076	0.006516160574884294	0.006774423036693732	0.007231348930664277	0.007608809451770379	0.007966403629660371	0.008482928553279248	0.008979587133682014	0.009655042803029775	0.01037023115880976	0.011224483917102518	0.012297266450772493	0.013191251895497472	0.014204435399519115	0.01587320822967241	0.01710492150907127	0.01863462993671179	0.020482199855810082	0.02258803223671781	0.024952127079434977	0.02747515266788103	0.030435237807081517	0.03377278346738811	0.03812351263171634	0.04295103403323123	0.048990402370928866	0.05616215227194481	0.06875741387095896	0.08482928553279248	0.10499362389714478	0.12607181404943818	0.14490510741831109	0.16202989527059847	0.17855869282640252	0.19143208323044222
209162_HY5CNBGXT_TCDM_2_D05_X5_66_1_i_CGCAAC_S36_R1_001 - illumina_universal_adapter	9.369154233330542e-05	0.00013116815926662758	0.00014990646773328865	0.00018738308466661083	0.00024359801006659408	0.00026233631853325517	0.0003185512439332384	0.0003185512439332384	0.0003185512439332384	0.00035602786086656057	0.0005246726370665103	0.0008244855725330877	0.0011805134333996482	0.0013116815926662757	0.0014053731349995813	0.0016302328365995142	0.0017614009958661417	0.0019862606974660746	0.0022298587075326687	0.0027357930361325182	0.003148035822399062	0.003597755225598928	0.003972521394932149	0.004515932340465321	0.0048719602013318816	0.005452847763798375	0.006014997017798208	0.006483454729464735	0.006802005973397973	0.007382893535864466	0.008094949257597588	0.008544668660797453	0.009013126372463981	0.00966896716879712	0.010137424880463645	0.010849480602196766	0.011486583090063243	0.012329806971062993	0.013191769160529403	0.014241114434662423	0.015290459708795444	0.016377281599861786	0.017895084585661334	0.01920676617832761	0.02078078408952714	0.02280452140392654	0.025203024887659155	0.02732045374439186	0.029550312451924528	0.03200503086105713	0.0349094686733896	0.03867586867518848	0.041973810965320824	0.045796425892519685	0.04993759206365179	0.054322356244850475	0.058369830873649275	0.06258595027864802	0.06706440600218001	0.07276085177604498	0.07856972740070992	0.08520308859790794	0.09312939307930558	0.10148667865543642	0.1099189174654339	0.11913816523103116	0.12867596424056166	0.13894455728029192	0.14934431847928883	0.16111197619635198	0.1735729513266816	0.18704579511421093	0.20162419910127324	0.21635250955606886	0.22905708269646508
209162_HY5CNBGXT_TCDM_2_D05_X5_66_1_i_CGCAAC_S36_R1_001 - polya	0.006820744281864634	0.010118686571996984	0.01693943085386162	0.028144939316924945	0.04560904280785308	0.06434735127451416	0.082767108497242	0.09965032442570364	0.1147908776667658	0.1368833433489592	0.1559027264426202	0.17861355630421344	0.20507204785913888	0.22720199015826562	0.24852618519332595	0.2697379503775863	0.29070611755178005	0.3139978349758398	0.3391633832465656	0.3618929514166255	0.3882764897376843	0.42522843403393995	0.4511622529517989	0.47698364201885785	0.5026738629266502	0.5278768878143094	0.5521429972786355	0.5774959286340279	0.6042167565074866	0.6312936122418119	0.6581456082745372	0.6881831167465949	0.7221744083051181	0.7622931267322395	0.8011001635666946	0.8429053297558154	0.8869028780355357	0.9326430890026554	0.9813252143990409	1.0348418233798249	1.0927619348502744	1.1565096602538554	1.2228057956089022	1.298958281217413	1.3789333817531224	1.469195813637029	1.559533198754802	1.657721935120106	1.7588900625316093	1.8695772506441761	1.9905892467218735	2.1177474079766356	2.2534502378921952	2.4019325941820178	2.557891535550038	2.7265925266753874	2.901570851137069	3.0872487497332135	3.2879360334111536	3.500503404656957	3.7277053948152226	3.965962986968818	4.207368614944813	4.483308945424864	4.777950107754643	5.086663739742884	5.422341797614651	5.776776902261545	6.13059364272904	6.501986916538263	6.894329619213212	7.295797878111426	7.694080624570307	8.10021472227672	8.521545588149595
209162_HY5CNBGXT_TCDM_2_D05_X5_66_1_i_CGCAAC_S36_R1_001 - polyg	0.0	0.0	5.621492539998325e-05	0.000224859701599933	0.0019675223889994136	0.0032792039816656893	0.0033166805985990117	0.003447848757865639	0.003579016917132267	0.0038038766187322	0.003860091544132183	0.003916306469532166	0.003953783086465488	0.004028736320332133	0.004159904479598761	0.004253596021932066	0.004403502489665354	0.004403502489665354	0.004440979106598676	0.004459717415065337	0.004478455723531999	0.00449719403199866	0.004553408957398643	0.004572147265865304	0.004590885574331965	0.004647100499731949	0.00466583880819861	0.004684577116665271	0.004703315425131932	0.004703315425131932	0.004722053733598593	0.004778268658998576	0.004797006967465237	0.00483448358439856	0.0049469134351985255	0.005040604977531831	0.005096819902931814	0.005153034828331798	0.005246726370665103	0.005284202987598425	0.005396632838398392	0.005640230848464986	0.005696445773864969	0.005790137316198275	0.0060337353262648686	0.006164903485531496	0.006464716420998074	0.006839482590331295	0.007251725376597839	0.0076077532374644	0.008076210949130927	0.008694575128530743	0.009425369158730525	0.010193639805863628	0.010886957219130088	0.011730181100129838	0.012891956225062826	0.014147422892329117	0.015384151251128748	0.016920692545394956	0.01870083184972776	0.020724569164127158	0.022411016926126653	0.025034380111459205	0.027788911456058385	0.031405404990123974	0.035471617927389426	0.042554698527787316	0.05188637614418454	0.0650031920708473	0.07855098909224326	0.08983145078917323	0.0998564458188369	0.10952541298763403	0.11741424085209834
209163_HY5CNBGXT_TCDM_2_E05_C17_3_3_o_TGGCGA_S37_R1_001 - illumina_universal_adapter	0.00035279621873012765	0.0005512440917658244	0.0006173933827777234	0.0007496919648015213	0.0008158412558134202	0.0008819905468253191	0.0009481398378372181	0.0010363388925197499	0.001146587710872915	0.001212737001884814	0.0013891351112498777	0.0016978318026387392	0.002116777312380766	0.002425474003769628	0.0026680214041465903	0.0028223697498410212	0.003131066441229883	0.0035059124236306435	0.003991007224384569	0.0042556043884321645	0.004608400607162292	0.005247843753610649	0.005953436191070904	0.006857476501566856	0.007783566575733441	0.008775805940911926	0.009745995542419776	0.011046931598987121	0.012391967182895734	0.013714953003133712	0.015015889059701058	0.0164491236982922	0.017926457864224612	0.019646339430533982	0.02138827076051399	0.023042003035811463	0.024673685547438304	0.026944811205513498	0.02892928993587047	0.031354763939640096	0.03384638723442162	0.03653645840223885	0.0392485793337267	0.042247347192932785	0.045356363870492036	0.04908277393082901	0.05316198020989611	0.05781448034439967	0.061496790877395374	0.06588469384785134	0.07104433854677945	0.07772541693898125	0.08319375832929822	0.09018353341288889	0.09730560707850333	0.1059050149100502	0.11415162652286692	0.12310383057314392	0.13254112942417484	0.1442936534606222	0.1573250637899663	0.16881299066236607	0.18301303846625372	0.1971028374517882	0.2123612739118662	0.2286119497371227	0.24422318241593086	0.2630095810633102	0.28025249625374515	0.2997003878112434	0.3197877225151901	0.34069089847495015	0.361968920417111	0.38600316281810093	0.40736938381494425
209163_HY5CNBGXT_TCDM_2_E05_C17_3_3_o_TGGCGA_S37_R1_001 - polya	0.0018742299120038032	0.003042867386547351	0.005071445644245585	0.008643507358888127	0.015015889059701058	0.023086102563152727	0.033449491488350226	0.043746731122535826	0.0536911745379913	0.0643191606272364	0.07653472970076707	0.09163881781515065	0.11066776386290691	0.12720508661588165	0.14319116527709055	0.16096327479562075	0.17963942462464688	0.1972571857974826	0.2160435844448619	0.23659396418589185	0.2580483842374177	0.27837826634174134	0.3010895229224933	0.3224998434466779	0.34410861184389824	0.3666214205516145	0.3873261486383389	0.4095302606546663	0.43462289171184665	0.45912017914991987	0.48520504957227867	0.5143327873811848	0.5466577409223328	0.5837674931800081	0.6222663805489332	0.6638742845954178	0.7084589067374376	0.7558658986292985	0.8088294309661589	0.8682755938221854	0.9330577994865051	1.0020074104845744	1.0769325074373852	1.1577007917629139	1.247200782502013	1.3443299914711515	1.442098643586738	1.5490840969166493	1.6608763987267585	1.7824808453702994	1.917491548325585	2.0601535192745803	2.2182062252656776	2.3832707561040363	2.557971033666461	2.7446663826657107	2.9443710922306336	3.157548207398313	3.3820368513290275	3.616536087966209	3.861641260928965	4.124386244828228	4.393635909010327	4.685023535917742	5.002143237028785	5.34228289141197	5.71569563917414	6.102536693011724	6.505628422674566	6.917826704733379	7.35924092365578	7.814039349126256	8.28722727749804	8.769146912283395	9.283898645174322
209163_HY5CNBGXT_TCDM_2_E05_C17_3_3_o_TGGCGA_S37_R1_001 - polyg	0.0	0.0	6.614929101189894e-05	0.00017639810936506383	0.002006528494027601	0.0037705095876782394	0.0037925593513488723	0.003836658878690138	0.003858708642360771	0.003902808169702037	0.003968957460713936	0.004035106751725835	0.0041453555700789995	0.004189455097420266	0.004277654152102798	0.00429970391577343	0.00436585320678533	0.004409952734126595	0.004498151788809128	0.0045202015524797605	0.004542251316150394	0.004608400607162292	0.0046304503708329255	0.004674549898174191	0.004762748952856723	0.004806848480197989	0.004806848480197989	0.004828898243868622	0.00496119682589242	0.00496119682589242	0.005071445644245585	0.005115545171586851	0.005137594935257484	0.005137594935257484	0.00518169446259875	0.005225793989940016	0.005336042808293181	0.005512440917658245	0.005931386427400271	0.006526730046507362	0.0074087205933326804	0.007827666103074707	0.0082245618491461	0.008423009722181797	0.00910655239597142	0.010495687507221298	0.011465877108729148	0.013097559620355989	0.014817441186665361	0.016581422280315998	0.017573661645494485	0.018742299120038032	0.019668389194204616	0.02019758352229981	0.020837026668748166	0.021630818160890953	0.022711256580751966	0.02451933720174387	0.026547915459442104	0.028752891826505405	0.031222465357616296	0.034177133689481116	0.03816814091386569	0.04323958655811127	0.050163212350690024	0.05746168412566954	0.06568624597481564	0.07529994293521163	0.08797855704582558	0.1057065670370145	0.12671999181512772	0.1483728597396893	0.16786485082452887	0.18671739876292007	0.20475410544549782
209164_HY5CNBGXT_TCDM_2_F05_A03_3_2_o_ACCGTG_S38_R1_001 - illumina_universal_adapter	0.00040790599514980346	0.0005438746601997379	0.0006798433252496724	0.000738115610271073	0.0007575397052782065	0.0008158119902996069	0.000893508370328141	0.001048901130385209	0.0012237179854494105	0.0013596866504993449	0.001515079410556413	0.0018258649306705488	0.0025057082559202214	0.002758221491012957	0.0030690070111270926	0.0032826720562055614	0.00355460938630543	0.003923667191440967	0.004584086421683506	0.005477594792011647	0.0061962863072755866	0.006895553727532392	0.007594821147789198	0.00821639218801747	0.008799115038231475	0.009576078838516815	0.010314194448787888	0.011168854629101763	0.012023514809415636	0.012975295464765177	0.013927076120114719	0.014704039920400059	0.015850061525820934	0.016898962656206145	0.017909015596577087	0.018938492631955163	0.02010393833238317	0.021580169552925316	0.02303697667846033	0.02507650665420935	0.027193733009986898	0.029680017170899985	0.03175839533666327	0.034283527687590624	0.03671153956348231	0.03970285019458087	0.0431991872958649	0.046695524397148934	0.04990050007332596	0.05372704678973126	0.05842767778145756	0.06347794248331227	0.06819799757004572	0.0742777393072785	0.08064884246961829	0.08781633352725055	0.09504209686990421	0.10242325297261494	0.11130006439087495	0.12097326370442743	0.13169536414836513	0.14296133925250254	0.15492658177689678	0.16805727000171902	0.18159586422169108	0.19600854271698415	0.211120488632534	0.22691227787333354	0.24305370082426148	0.26008863214551753	0.27863864287733003	0.2989756703497988	0.3211579868479453	0.3428741250659205	0.3612687430376759
209164_HY5CNBGXT_TCDM_2_F05_A03_3_2_o_ACCGTG_S38_R1_001 - polya	0.003612881671326831	0.00594377307218285	0.009750895693581016	0.016296815710985006	0.027018916154922697	0.03855682858915999	0.05205657461911778	0.06524553512896142	0.07682229575321299	0.0899335598830281	0.10356927457803582	0.11805964945335741	0.1357355759098489	0.15036191945022043	0.16560983403082022	0.18142104736662687	0.1975624703175548	0.2144225847837467	0.23178772572012404	0.24971616541170827	0.2686546580436634	0.29116718415693116	0.3119703899095711	0.331744118626833	0.3524890520944516	0.37142754472640677	0.3926580805692037	0.4144130669771932	0.43727522680058933	0.4602733552890354	0.4849808041381092	0.51316516599346	0.5419128266040175	0.5750891808762015	0.6110820289244199	0.64936692018348	0.6900215510334105	0.7343861840297033	0.7830435420225728	0.8363432587221471	0.8949457533586689	0.9588316018371309	1.0269713271221552	1.103327444595197	1.1880747711113204	1.2821262391358608	1.3809948827221703	1.485263424720463	1.5933585134351609	1.7111073773684042	1.8415401753413057	1.9746340743301845	2.1192464616582933	2.2770089613062314	2.4472223058537423	2.630624610911097	2.823311633381861	3.0280415947570485	3.2563718315659025	3.4939479375981524	3.7448683969003027	4.003519646015293	4.282993524977929	4.580201602682079	4.905807707286658	5.255033511419911	5.644389495837902	6.059657222995409	6.479994638949778	6.908703839852222	7.353671008275636	7.812876038339279	8.283793797692223	8.769318476490533	9.287611603565875
209164_HY5CNBGXT_TCDM_2_F05_A03_3_2_o_ACCGTG_S38_R1_001 - polyg	0.0	0.0	0.000116544570042801	0.00019424095007133498	0.0023308914008560197	0.0040596358564909014	0.004079059951498034	0.004079059951498034	0.004098484046505168	0.004195604521540836	0.004273300901569369	0.004292724996576503	0.004389845471612171	0.004428693661626438	0.004506390041654972	0.004564662326676372	0.004622934611697773	0.0046423587067049065	0.004681206896719173	0.0047394791817405735	0.0047394791817405735	0.004758903276747707	0.004758903276747707	0.004778327371754841	0.004817175561769108	0.0048365996567762415	0.004856023751783374	0.004856023751783374	0.004856023751783374	0.004856023751783374	0.004914296036804775	0.0049337201318119086	0.0049337201318119086	0.004953144226819042	0.0050308406068475765	0.005069688796861843	0.0051279610818832436	0.005166809271897511	0.005186233366904644	0.005263929746933178	0.005399898411983113	0.005516442982025914	0.005652411647075848	0.005691259837090115	0.00588550078716145	0.006079741737232785	0.006351679067332654	0.006779009157489591	0.007400580197717863	0.008235816283024604	0.008857387323252875	0.009440110173466881	0.010061681213695153	0.010566707683880624	0.011188278724108896	0.011984666619401368	0.012858750894722376	0.013791107455064785	0.015092521820542729	0.016918386751213276	0.019346398627104966	0.02243482973323919	0.02530959579429495	0.02824263414037211	0.03214687723680594	0.03688635641854651	0.0430826427258221	0.055805424955494544	0.07711365717831999	0.10508435398859223	0.13495861210956356	0.15873370439829496	0.17763334884023585	0.19653299328217674	0.21125645729758394
209165_HY5CNBGXT_TCDM_2_G05_X5_66_3_i_CAACAG_S39_R1_001 - illumina_universal_adapter	0.000276652193500759	0.0004894615731167274	0.0006384281388479053	0.0007873947045790833	0.0008086756425406801	0.0008937993943870675	0.0009789231462334548	0.0011278897119646328	0.0011491706499262297	0.0013832609675037948	0.001510946595273376	0.001808879726735732	0.0022770603618908624	0.002511150679468428	0.0027026791211227992	0.002851645686853977	0.003043174128508349	0.0032347025701627203	0.00357519757754827	0.004000816336780207	0.004490277909896935	0.004979739483013662	0.005724572311669551	0.006150191070901488	0.006511967016248635	0.007299361720827718	0.00789522798375243	0.008448532370753948	0.009321050827179418	0.010087164593796905	0.010768154608568004	0.011364020871492716	0.012066291824225412	0.012811124652881301	0.013726204985229966	0.014726409069425017	0.015662770339735278	0.016833221927623106	0.017897268825702948	0.019067720413590773	0.020812757326441715	0.022472670487446268	0.02394105520679645	0.025920182437224958	0.0276439384121143	0.029623065642542808	0.03211293538404964	0.03453896231167168	0.0371139558050249	0.03998688242984047	0.04326414687592638	0.04662653507385869	0.05049966578286931	0.05479841525111188	0.059331255036932005	0.0647578942171392	0.06999300495569202	0.07505786819055207	0.08129318301329995	0.08878407317578203	0.09589190645495538	0.103829696314631	0.11208670024373059	0.12034370417283016	0.12940938374447042	0.13890068207534262	0.15052007420237448	0.1626927707164079	0.17475906254063328	0.18669766873708912	0.2002961880945495	0.2139585502658947	0.22874880214920448	0.2428580640177432	0.2551584461595462
209165_HY5CNBGXT_TCDM_2_G05_X5_66_3_i_CAACAG_S39_R1_001 - polya	0.0028090838109307834	0.004468996971935337	0.007512171100443686	0.012640877149188526	0.020812757326441715	0.030261493781390713	0.04022097274741804	0.05054222765879251	0.06056554943870462	0.07197213218612053	0.08293181523634291	0.09518963550222269	0.11187389086411462	0.12587674804284535	0.1403265049187696	0.15277585362630375	0.1665446204874569	0.18152640081242108	0.19604000050223014	0.21170277084196543	0.22849343089366533	0.24707168973413937	0.26469230636634156	0.28237676581242854	0.2993589543057828	0.3150430055834797	0.33257849846383547	0.3511993191802327	0.37094802960859463	0.3898880643944158	0.41238201581982364	0.4350674956868859	0.4607535878065333	0.4898233490620746	0.5187654246898463	0.5508783600738959	0.5843532754874877	0.6194668231241226	0.6581130064623825	0.6991426548523412	0.7434495676883858	0.7930128722009449	0.8452362939587035	0.9028225120827845	0.9673250350443846	1.0347430465067233	1.106970549948383	1.1821773847046664	1.2632364774003888	1.3518077411965548	1.451083316787404	1.5561685884417693	1.6718730481389714	1.7914293576072224	1.920200313212845	2.059122276226149	2.2025770790252737	2.3515223638184897	2.512299850118354	2.6812279356575095	2.854561175354716	3.0372154658791017	3.2352771554876836	3.4454476987964138	3.6830280901996812	3.934249562836332	4.2041982608791875	4.49621529158822	4.786891623205671	5.085633430310567	5.403932419402172	5.731765268700571	6.067259255665145	6.420820758959115	6.7916623838779016
209165_HY5CNBGXT_TCDM_2_G05_X5_66_3_i_CAACAG_S39_R1_001 - polyg	0.0	0.0	8.512375184638739e-05	0.0001489665657311779	0.0021919366100444752	0.003915692584933819	0.00397953539881861	0.004064659150664998	0.004107221026588191	0.004171063840472982	0.004192344778434579	0.004234906654357772	0.004277468530280966	0.00432003040620416	0.0043838732200889505	0.004468996971935337	0.004575401661743321	0.004660525413589709	0.0047243682274745	0.004766930103397693	0.004766930103397693	0.004766930103397693	0.004809491979320887	0.004852053855244081	0.004852053855244081	0.004873334793205677	0.004937177607090468	0.004958458545052065	0.004958458545052065	0.005022301358936856	0.005086144172821646	0.005171267924668033	0.005235110738552824	0.005362796366322405	0.005447920118168793	0.005490481994091986	0.005511762932053583	0.005554324807976777	0.005660729497784761	0.005745853249631148	0.005852257939439132	0.0059373816912855195	0.006022505443131907	0.006214033884786279	0.00634171951255586	0.006448124202363844	0.006703495457903007	0.006852462023634184	0.007043990465288556	0.0071929570310197335	0.007384485472674105	0.007533452038405283	0.007746261418021251	0.00795907079763722	0.008214442053176382	0.008405970494830753	0.008746465502216303	0.009044398633678659	0.009235927075333031	0.009533860206795386	0.010214850221566485	0.01072559273264481	0.011491706499262296	0.012087572762187008	0.013343148101921222	0.01510946595273376	0.01793983070162614	0.02609042994091773	0.039965601491878874	0.05456432493353431	0.06958866713442169	0.08108037363368398	0.0896353106942459	0.09674314397341925	0.10248899722305041
209166_HY5CNBGXT_TCDM_2_H05_X5_66_1_o_GATTGT_S40_R1_001 - illumina_universal_adapter	0.014569667292436668	0.0211846311780832	0.02428277882072778	0.02687852414294351	0.02905560086480186	0.03265615082787529	0.0400247181941651	0.04797942160095523	0.05492932036688767	0.06497736677546469	0.08649693283383378	0.1265216510279989	0.18488405391781704	0.20774335949732972	0.21980101518762216	0.23018399647648505	0.240399510325205	0.25203849741514006	0.26284014730436034	0.27816341807744027	0.2936541562906632	0.3100659654246723	0.3272313780393247	0.3443967906539771	0.3633206113901305	0.3874359227707153	0.4056898737462969	0.42461369448245023	0.4436212489386751	0.4689088324002606	0.49444761702206047	0.5168045202811443	0.5379891514592275	0.5641140721215278	0.5893179218630418	0.6134332332436266	0.6439123073496436	0.6799178069803778	0.7123227566480387	0.7487469248791304	0.8009130324836594	0.8501484598856868	0.9023983012102872	0.9490379832900988	1.005976912938702	1.085858881886889	1.1705136728791505	1.2488884348660512	1.3064972342752261	1.3649433708851157	1.433772488783868	1.5159152681739854	1.5829859779512367	1.6637052841001387	1.7566497133794763	1.878231074923258	1.974776054165669	2.057253768436072	2.156645694160913	2.3146512239357864	2.466041789825013	2.6040349605028044	2.748810562506385	2.8813610413795296	3.029234791025755	3.1709122453866905	3.326573230999563	3.4828203526529355	3.619808718689869	3.738124465150863	3.8613805010960744	3.994600849729791	4.13761804361187	4.301149998911462	4.4508658903992595
209166_HY5CNBGXT_TCDM_2_H05_X5_66_1_o_GATTGT_S40_R1_001 - polya	0.009126975487790786	0.025706252061942856	0.04312286583680968	0.07611395154497087	0.14209612296129326	0.25053129045385353	0.3752107996402799	0.49595482398334706	0.6058971984371938	0.7172630461322558	0.8442870994806835	0.9945053932889099	1.183492399490229	1.3615940220822567	1.5434636620775006	1.7385632298440377	1.9387705545349345	2.1286786316570403	2.333993713272297	2.5353733100441946	2.753332183390244	2.977068683421226	3.19527875792749	3.418596589358114	3.62952183021816	3.8345019769531308	4.040235727168745	4.23692623561664	4.442659985832255	4.655678569694087	4.869869425636921	5.0901728431449715	5.326301933746532	5.5867975368888905	5.858597192240898	6.150660407850204	6.45980530235409	6.774979024703122	7.114351792152811	7.485878308109946	7.881855070327951	8.299267664884255	8.74799667074729	9.228711957677628	9.782443048510293	10.383902359783699	10.94818389934537	11.536078347967196	12.153028397453825	12.782622238671246	13.45835335964805	14.157278721084653	14.874876702097195	15.634509010585617	16.451080248722644	17.304410589971045	18.1725617996721	19.092460448377324	20.025840226014058	20.97161259422137	21.89452565684917	22.845740716861123	23.829695661421027	24.875697292553895	25.968087404606358	27.119509789309213	28.34486904883518	29.5879798570163	30.808147625897835	31.99808752183357	33.22629372784196	34.45274152572886	35.65666495291653	36.885038626365066	38.13334092519062
209166_HY5CNBGXT_TCDM_2_H05_X5_66_1_o_GATTGT_S40_R1_001 - polyg	0.0	0.0	0.0	0.0	0.0010885383609291763	0.0026794790422872035	0.0026794790422872035	0.0026794790422872035	0.0027632127623586785	0.0027632127623586785	0.0027632127623586785	0.0027632127623586785	0.0027632127623586785	0.0027632127623586785	0.0027632127623586785	0.0028469464824301535	0.0028469464824301535	0.0028469464824301535	0.003014413922573104	0.003014413922573104	0.003014413922573104	0.003014413922573104	0.003014413922573104	0.003014413922573104	0.003098147642644579	0.003098147642644579	0.003098147642644579	0.003098147642644579	0.003098147642644579	0.003181881362716054	0.003181881362716054	0.003265615082787529	0.003349348802859004	0.0034330825229304794	0.0035168162430019544	0.0036005499630734294	0.00393548484335933	0.004186686003573755	0.004605354603931131	0.005024023204288506	0.005526425524717357	0.006028827845146208	0.006614963885646533	0.007787235966647185	0.008959508047647837	0.009964312688505537	0.01113658476950619	0.013648596371650442	0.018756353296010424	0.023445441620013028	0.027380926463372358	0.029976671785588088	0.033326020588447094	0.03592176591066282	0.03843377751280707	0.040359653074451	0.043374066997024105	0.04630474719952573	0.04973782972245621	0.05543172268731652	0.0638888284145355	0.0750254131840417	0.09118602115783639	0.11496639765813532	0.14544547176415226	0.1816184388350295	0.22356903259083852	0.29516136325194975	0.4476404675021059	0.7050379230018203	1.0264916743562134	1.305241228474154	1.567495239738014	1.8125838383872215	2.0235928129673386
209167_HY5CNBGXT_TCDM_2_A06_X5_66_2_o_CTCTCG_S41_R1_001 - illumina_universal_adapter	0.00036737314972513143	0.0005877970395602103	0.0007163776419640063	0.0007347462994502629	0.000771483614422776	0.0008449582443678023	0.0009184328743128286	0.0010470134767166246	0.0011388567641479074	0.0012307000515791903	0.0014878612563867823	0.0021307642684057623	0.0026267180205346895	0.0029757225127735646	0.0033982016349574655	0.0037472061271963406	0.004243159879325268	0.004849325576371735	0.005528965903363227	0.0064290301201898	0.007402568966961398	0.008743480963458127	0.009992549672523575	0.011608991531314153	0.013060115472728421	0.014492870756656433	0.016072575300474498	0.017395118639484973	0.018460500773687855	0.01992999337258838	0.021491329258920187	0.023052665145251994	0.024687475661528832	0.02623044289037438	0.027883622064137473	0.02973885647024939	0.03153898490390253	0.03422080889689599	0.03684752691743068	0.04017225392244312	0.043772510789749405	0.047501348259459494	0.051266923044142085	0.055399870978549814	0.06004714132257273	0.06625574755292744	0.07299704485038361	0.08028940187242747	0.08646127078780967	0.09311072479783455	0.10073371765463103	0.10999152102770435	0.11972690949542032	0.1301052009751553	0.1409610775495329	0.152992548203031	0.16515259945893282	0.1772575447423759	0.19046460947499438	0.2077127788545893	0.2245935750844591	0.24101515487717246	0.2593287063909703	0.276778931002914	0.29604765270599714	0.3169879222403296	0.3386078321016536	0.3610359628923729	0.3836294116004685	0.4057636438714076	0.4299000598083488	0.4576367326125962	0.4858509905114863	0.5142121976702664	0.5393037837964929
209167_HY5CNBGXT_TCDM_2_A06_X5_66_2_o_CTCTCG_S41_R1_001 - polya	0.003030828485232334	0.005657546505767024	0.0096435451802847	0.015980732013043217	0.02874694896599153	0.04518689741619116	0.06406987731206291	0.08194258104619057	0.09959486089048313	0.11732061536472072	0.13526679372879338	0.15629890655055717	0.18105985684203102	0.2035614622626953	0.22470378702937663	0.24737071036741723	0.27057032477255927	0.29509248251671183	0.3209004462849023	0.3475349996399743	0.37508798586935915	0.4057452752139214	0.4349330719595831	0.46700474793058705	0.4991682671890223	0.530284772970741	0.561860495189616	0.5948873413499053	0.6310368592828582	0.66768233096794	0.7072851565083093	0.7485411612224415	0.7960976154543598	0.8522322327323598	0.9069708320414044	0.9671281853088947	1.0312899059083889	1.0960577922049295	1.1678241370037339	1.2457256134029482	1.3282376228312127	1.415176478713665	1.509242373700785	1.610618994367435	1.7279212410746694	1.8522770522566263	1.9776064022853548	2.1143243199555624	2.2598040872467147	2.417939859545897	2.590219498109498	2.768707742903453	2.953716861105029	3.15553330090653	3.3749101772648924	3.6107453707309403	3.860448900599112	4.12420445344427	4.408000211606934	4.7019171000445255	5.005624482922292	5.327663785971342	5.655232054923755	6.014357677437558	6.408696016352514	6.82884231903566	7.282952269410895	7.756183992229323	8.241465554358735	8.742856429103595	9.278559956032781	9.833164831515326	10.385436887497116	10.952954929192499	11.542056143434234
209167_HY5CNBGXT_TCDM_2_A06_X5_66_2_o_CTCTCG_S41_R1_001 - polyg	0.0	0.0	7.347462994502629e-05	0.000128580602403796	0.0022042388983507886	0.004004367332003932	0.004041104646976446	0.0040778419619489584	0.004096210619435215	0.004114579276921472	0.0041696852493802415	0.004224791221839011	0.004243159879325268	0.0042798971942977805	0.004316634509270294	0.004408477796701577	0.004463583769160347	0.004500321084132859	0.004518689741619116	0.004573795714077886	0.004628901686536656	0.004628901686536656	0.004628901686536656	0.0046840076589954255	0.0047942196039129645	0.004849325576371735	0.004867694233857991	0.004886062891344248	0.004922800206316761	0.004977906178775531	0.0050330121512343	0.005051380808720557	0.0051064867811793264	0.0051064867811793264	0.0051983300686106095	0.005235067383583122	0.005290173356041893	0.005400385300959432	0.0055105972458769715	0.005547334560849484	0.005657546505767024	0.005877970395602103	0.006006550998005899	0.006116762942923438	0.00637392414773103	0.006631085352538622	0.006814771927401188	0.007182145077126319	0.00760462419931022	0.007990366006521608	0.008431213786191766	0.008816955593403154	0.009165960085642029	0.009863969070119778	0.010598715369570041	0.011370198983992818	0.01221515722836062	0.013905073717096223	0.01643994845019963	0.019103403785706834	0.02255671139312307	0.025293641358575297	0.028857160910909074	0.033430956624986956	0.03861091803611131	0.04483789292395229	0.05238741115080374	0.06524547139118334	0.08383455276727499	0.10697906119995827	0.13043583680990792	0.15016377495014746	0.16856916975137654	0.18543159732376008	0.2017429651715559
209168_HY5CNBGXT_TCDM_2_B06_A27_3_2_i_TGACAC_S42_R1_001 - illumina_universal_adapter	0.00028595826153214674	0.00046193257632116014	0.0005279229443670402	0.0005279229443670402	0.0006159101017615469	0.0006379068911101735	0.0007038972591560536	0.0007918844165505603	0.0009018683632936936	0.000945861941990947	0.0012098234141744671	0.0016057656224497472	0.0021116917774681608	0.002287666092257174	0.002485637196394814	0.002705605089881081	0.0029475697727159742	0.0033215151916426277	0.003805444557312415	0.004685316131257482	0.0054332069691107885	0.006159101017615469	0.0068190046980742694	0.007434914799835816	0.008094818480294617	0.008908699686193804	0.009436622630560844	0.00992055199623063	0.010800423570175697	0.011394336882588618	0.012054240563047417	0.01262615708611171	0.013330054345267765	0.014187929129864205	0.014891826389020259	0.01555173006947906	0.01645359843277275	0.017685418636295847	0.01911520994395658	0.020654985198360447	0.022524712292993715	0.024548416913067368	0.026484134375746517	0.028551832574517422	0.030311575722407558	0.03275321934010512	0.03539283406194032	0.03891232035772059	0.042387813074803604	0.04546736358361134	0.049712743927896284	0.054222085744364754	0.05903938261171399	0.06418663131929264	0.07003777728602734	0.07692277235214748	0.08338982842064373	0.090208833118718	0.09883157454337965	0.10767428386152757	0.11781480375124447	0.13068292552019106	0.14425494454829374	0.15921276130535986	0.17500645605767381	0.19071216365259328	0.2063958744581641	0.2237293444648819	0.24068886905267306	0.2582863005315744	0.2770055682672557	0.29781453099105654	0.3208671662284173	0.3432379009959706	0.36230911736122995
209168_HY5CNBGXT_TCDM_2_B06_A27_3_2_i_TGACAC_S42_R1_001 - polya	0.02157885035100277	0.028793797257352316	0.04555535074100584	0.07668080766931258	0.13041896404800754	0.18354121032494097	0.23349591893567215	0.2810309807180544	0.322120983221289	0.3791366612129294	0.4291353634023578	0.4861950349726954	0.5528453066990342	0.6055716107676924	0.6549324060660106	0.7058109798293841	0.7549738040235647	0.809459851240113	0.8656396512365055	0.9247450242162654	0.9854121692397778	1.0556479176299427	1.1203184783149052	1.1819974756484544	1.239585070163159	1.2966007481547994	1.3535504357783938	1.411336001397236	1.4671198591853534	1.5213199481403694	1.5809752408538449	1.642544254240651	1.7122960732651462	1.788778909830321	1.8633040321434684	1.9439002683168365	2.029137827042765	2.120578480365006	2.2189481223320646	2.321145205645784	2.4308871877060825	2.5510776447069787	2.683432326217665	2.82863313270795	3.0013519226733667	3.217404387655578	3.421776557493668	3.614974358342656	3.811669648698076	4.016899693320763	4.2267930572853585	4.443659403473469	4.6715461411252415	4.919713918556448	5.19133027343329	5.471569369734794	5.761443059770996	6.065218720675531	6.382720378133608	6.723032706146211	7.075553252247302	7.448486818863919	7.824213977727811	8.231176577466753	8.66385342395424	9.1033492751398	9.562642236739126	10.032603641172534	10.508482181940725	11.006731457476466	11.528275332932406	12.048345423501985	12.549410288074352	13.051530998535453	13.570831201477832
209168_HY5CNBGXT_TCDM_2_B06_A27_3_2_i_TGACAC_S42_R1_001 - polyg	0.0	0.0	0.00015397752544038672	0.00030795505088077345	0.0022436725135599207	0.003519486295780268	0.0035414830851288946	0.0035634798744775213	0.0035634798744775213	0.003585476663826148	0.003629470242523401	0.003717457399917908	0.003783447767963788	0.0038274413466610415	0.0038714349253582948	0.0038934317147069214	0.0038934317147069214	0.0038934317147069214	0.0038934317147069214	0.0038934317147069214	0.003937425293404175	0.004003415661450055	0.004069406029495935	0.004113399608193188	0.004135396397541815	0.0042013867655876945	0.004267377133633575	0.004355364291028081	0.004355364291028081	0.0043773610803767085	0.004443351448422588	0.004597328973862975	0.004663319341908855	0.004707312920606109	0.004729309709954735	0.0048392936566978685	0.004927280814092375	0.0049932711821382555	0.005037264760835509	0.005147248707578642	0.005257232654321775	0.005389213390413535	0.005477200547808042	0.005741162019991562	0.006005123492175082	0.006335075332404482	0.007082966170257789	0.007544898746578949	0.008226799216386376	0.00893069647554243	0.009876558417533376	0.010866413938221577	0.011922259826955658	0.013330054345267765	0.015441746122735925	0.017465450742809578	0.020347030147479673	0.023316596709544276	0.026902073373370423	0.030685521141334212	0.0351288725897568	0.03948423688078488	0.04522539890077644	0.051780442126667194	0.05857745003539283	0.06687023961982509	0.07584492967406477	0.08937295512347018	0.10670642513018799	0.12586562865284184	0.1452228032796333	0.1638540838579201	0.18127554102203242	0.19959886654943845	0.21341285026037599
209169_HY5CNBGXT_TCDM_2_C06_C64_3_1_o_AAGACA_S43_R1_001 - illumina_universal_adapter	0.00037784853046751797	0.0005568294133205528	0.0007159235314121393	0.0007358102961735875	0.0008551308847422774	0.0009744514733109673	0.0011136588266411056	0.0012130926504483471	0.0013125264742555886	0.0014915073571086235	0.0017699220637688998	0.002247204418043659	0.002784147066602764	0.002903467655171454	0.0031222220675473852	0.0032614294208775235	0.0035199573627763513	0.003977352952289663	0.00447452207132587	0.005031351484646424	0.005727388251297114	0.006323991194140564	0.007298442667451531	0.007934819139817877	0.008829723554083051	0.009824061792155466	0.010440551499760364	0.011335455914025539	0.011951945621630437	0.012866736800657058	0.01427869709871989	0.015253148572030856	0.016227600045341822	0.01722193828341424	0.018295823580532448	0.019409482407173554	0.020582801528099003	0.021954988296638937	0.023406722124224663	0.025156757423232118	0.027463622135560122	0.029651166259319434	0.03205746479545468	0.034463763331589924	0.037526325104852966	0.041225263350482357	0.04468556041897436	0.048543592782695336	0.05160615455595837	0.05574260162633962	0.060435878110041426	0.06568598400706378	0.07115484431646206	0.0777970237467858	0.08493637229614574	0.09285130467120217	0.10032872822150674	0.1080050194194258	0.11667564885541726	0.1260423150580594	0.13684082832352584	0.1481762842375514	0.161599850451529	0.17480466225313068	0.18856630346805292	0.20248703880106672	0.21791916825595062	0.23547918154030947	0.2515675742323212	0.2700622654604681	0.289710389044779	0.3100744361605021	0.331671462691435	0.3546207892261463	0.3732149142781005
209169_HY5CNBGXT_TCDM_2_C06_C64_3_1_o_AAGACA_S43_R1_001 - polya	0.005608067662728425	0.008809836789321603	0.013642320626353543	0.022253289768060663	0.03579617657060696	0.051685701615004166	0.06926560166412447	0.08620912524087844	0.10271513999288054	0.12021549298295506	0.13709935626542466	0.1574435166163863	0.18258038727485695	0.2042370741000742	0.22551591239482388	0.24719248598480253	0.26918724781096437	0.29189793316853835	0.3145091847023051	0.3389699053588865	0.36398745542878846	0.39238575550813665	0.4188948129351473	0.4452646630088277	0.4720123616129757	0.4963935352105113	0.5215701793985049	0.5467468235864985	0.5763781030810564	0.6048758369842119	0.635799756188264	0.6707209151093673	0.7086648622742107	0.7509242373922883	0.7957887786941157	0.8443124847120496	0.895918639268008	0.9489367541220292	1.0076424836978246	1.0711210368163675	1.1391735458300438	1.2145642710406943	1.2904919388999039	1.376422649434122	1.4718393467595512	1.5790290088237575	1.6869743679488989	1.8037494506281235	1.9286184465652574	2.064882558710701	2.2127406547120696	2.368990965442769	2.53405111296279	2.7162536517071794	2.915320166969277	3.124548819024475	3.343879947578488	3.582580785010152	3.8365148842490857	4.103773115878189	4.386264609314563	4.6836314027925	4.99052395659117	5.328459750182461	5.688668720306574	6.0699178875483	6.484278518117837	6.916895198738383	7.357764886734931	7.819058282141486	8.315153515880576	8.823180808476534	9.33789005403234	9.866440487862112	10.427287027664478
209169_HY5CNBGXT_TCDM_2_C06_C64_3_1_o_AAGACA_S43_R1_001 - polyg	0.0	0.0	0.00011932058856868988	0.0001392073533301382	0.002465958830419591	0.004037013246574008	0.004116560305619801	0.004116560305619801	0.004196107364665594	0.004235880894188491	0.004275654423711387	0.004375088247518629	0.00447452207132587	0.004554069130371664	0.004613729424656009	0.00471316324846325	0.004812597072270492	0.0048523706017933885	0.0048523706017933885	0.0048722573665548365	0.004892144131316285	0.00495180442560063	0.004971691190362078	0.005011464719884975	0.005011464719884975	0.005091011778930768	0.005130785308453665	0.005130785308453665	0.005130785308453665	0.005150672073215113	0.005150672073215113	0.005210332367499458	0.005210332367499458	0.005230219132260907	0.005230219132260907	0.005349539720829596	0.005369426485591045	0.005409200015113942	0.005548407368444079	0.005727388251297114	0.005866595604627252	0.006025689722718839	0.006164897076048977	0.006323991194140564	0.0064433117827092535	0.00672172648936953	0.00696036766650691	0.007596744138873256	0.008272894140762498	0.00896893090741319	0.009625194144540983	0.010162136793100088	0.010520098558806158	0.011057041207365262	0.01167353091497016	0.012170700034006368	0.01262809562351968	0.013224698566363128	0.013761641214922233	0.014358244157765682	0.015173601512985063	0.016207713280580377	0.017579900049120308	0.01956857652526514	0.022472044180436593	0.025673813307029773	0.02994946773074116	0.0406684339371618	0.0583676545748508	0.08209256493525864	0.10790558559561855	0.12922419741989113	0.14722171952900187	0.16277316957245444	0.17615696225690916
209170_HY5CNBGXT_TCDM_2_D06_X9_35_2_i_ACAGAT_S44_R1_001 - illumina_universal_adapter	0.00040350551556952345	0.0005438552601154447	0.0005964864143201651	0.0006315738504566454	0.0007368361588660863	0.0008070110311390469	0.0008771859034120076	0.0009649044937532083	0.001052623084094409	0.0010877105202308894	0.001280691418981531	0.001508759753868653	0.0018245466790969757	0.0019473527055746567	0.002210508476598259	0.0024912079656901013	0.0027017325825089834	0.003140325534214987	0.00347365617751155	0.004070142591831715	0.0045789104158106796	0.005157853112062604	0.00585960183479221	0.006385913376839415	0.006806962610477179	0.007385905306729104	0.008070110311390469	0.008508703263096473	0.00928062685809904	0.010105181607306326	0.010964823792650095	0.01163148507924322	0.012245515211631626	0.013087613678907152	0.01387708099197796	0.014473567406298125	0.015438471900051333	0.0162981140853951	0.01719284370687535	0.019017390385972322	0.020473518985636256	0.02194719130336843	0.023684019392124205	0.02566645953383534	0.028052405191116	0.030648875465215542	0.03371902612715757	0.037245313458873844	0.04073651335445363	0.04419262581389694	0.048455749304479295	0.05363114613461014	0.05908724245383283	0.06503456287896624	0.07119240792091854	0.07719235950025667	0.08399932211073384	0.09135013998132646	0.09973603721794526	0.10854298368820181	0.11796396029084677	0.1290340463919063	0.14119184301319673	0.15373560143198844	0.16766531357817113	0.1831739603504954	0.19838436391565964	0.21631404378140107	0.2337700432593	0.2522435783851569	0.2734890209657957	0.2966818162520092	0.3214535461643643	0.3459621203056958	0.3667689699346286
209170_HY5CNBGXT_TCDM_2_D06_X9_35_2_i_ACAGAT_S44_R1_001 - polya	0.013806906119704998	0.020280538086885614	0.03231552868169836	0.05542060537757064	0.08947296214802478	0.12301655109449994	0.1561566345254056	0.18834935718062626	0.2158052759574221	0.2546821551966423	0.28899766773812	0.33113767853803283	0.3785232610403495	0.4178387332312757	0.4566103501620864	0.49529424850255593	0.5335395538913195	0.5738023868579306	0.6177669443369405	0.6623279882302704	0.7088539285472433	0.7678359086926667	0.8163267454332824	0.86290531690446	0.9074137296435854	0.9491326912098604	0.9915358577807969	1.033693412298778	1.0772018331080135	1.1199383303222465	1.1663063771766053	1.217358596755184	1.2688844967216053	1.3320769692034065	1.3950062859141839	1.4622689009878167	1.5340577953230552	1.6083203539059159	1.6871267354684507	1.7771610965946592	1.8667744084872298	1.9675455250712013	2.072281521938595	2.1882104109335256	2.315858503598041	2.4594187485504504	2.6042947723579775	2.7564163517276876	2.914660688703214	3.0881505166800407	3.276640223605213	3.475217568419623	3.6930930031090976	3.91986310285917	4.171808438037167	4.439893993837944	4.715593523280338	5.000854379069923	5.310834333617659	5.632340510936228	5.96388169498983	6.312545547878035	6.662840966546586	7.054293947803228	7.474729151308604	7.915164193411773	8.382476211595485	8.866402130789822	9.355661340276903	9.854674857009925	10.386424951658284	10.912876843450036	11.437065595610983	11.957938585057033	12.495057057434273
209170_HY5CNBGXT_TCDM_2_D06_X9_35_2_i_ACAGAT_S44_R1_001 - polyg	0.0	0.0	0.00012280602647768107	0.0002631557710236023	0.002105246168188818	0.0035613747678527505	0.003614005922057471	0.0036841807943304317	0.003719268230466912	0.0037543556666033923	0.0038771616930810735	0.003964880283422274	0.004105230027968195	0.004298210926718837	0.004315754644787077	0.004421016953196518	0.004473648107401238	0.004491191825469479	0.004561366697742439	0.00464908528808364	0.00470171644228836	0.00470171644228836	0.004771891314561321	0.004806978750697802	0.004824522468766042	0.0048420661868342815	0.004877153622970762	0.004929784777175482	0.004929784777175482	0.004929784777175482	0.004982415931380203	0.005017503367516683	0.0050701345217214035	0.005122765675926124	0.005140309393994364	0.005263115420472046	0.005403465165017967	0.005473640037290927	0.005543814909563888	0.005684164654109809	0.005912232988996931	0.006140301323884053	0.006385913376839415	0.006684156583999497	0.0070525746634325405	0.0072806429983196625	0.007806954540366867	0.008456072108891753	0.008929752496734236	0.009701676091736803	0.010649036867421772	0.01152622277083378	0.012649020727201149	0.0139823433003874	0.015438471900051333	0.016999862808124707	0.019140196412450006	0.021701579250413067	0.024876992220764536	0.0277892494200924	0.03117518700726275	0.035017261264207344	0.03828039282490001	0.04305228413946133	0.04884171110198058	0.05568376114859424	0.0657187678836276	0.08294669902663944	0.10642019380194476	0.13375330655226292	0.15992853391007722	0.18187572521344564	0.1995948804623682	0.21724386083901778	0.23089287349610862
209171_HY5CNBGXT_TCDM_2_E06_C64_3_1_i_TAGGCT_S45_R1_001 - illumina_universal_adapter	8.607204540059393e-05	0.00010328645448071272	0.0001205008635608315	0.0001205008635608315	0.00015492968172106907	0.00015492968172106907	0.00017214409080118785	0.00022378731804154422	0.00030985936344213815	0.0004131458179228509	0.0005680754996439199	0.000877934863086058	0.0015665112262908095	0.0017386553170919974	0.0018247273624925914	0.0019624426351335417	0.002082943498694373	0.002237873180415442	0.0024444460893768677	0.0027026622255786493	0.0027715198618991246	0.003133022452581619	0.0034256674069436384	0.0037355267703857767	0.003942099679347202	0.0043724599063501715	0.004820034542433261	0.0053708956329970615	0.00581847026908015	0.006248830496083119	0.006868549222967396	0.007574339995252266	0.0082457019493769	0.008779348630860582	0.009347424130504501	0.009984357266468897	0.010672933629673647	0.01189515667436208	0.012945235628249327	0.014253530718338354	0.01630204539887249	0.018350560079406626	0.020760577350623255	0.02311895139459953	0.02564946952937699	0.029281709845282056	0.033000022206587716	0.03682162102237408	0.04024728842931772	0.04415495929050469	0.0487512065148964	0.054982822601899406	0.06114558105258193	0.06710176659430303	0.0748654650894366	0.08305952381157314	0.09056500617050493	0.09819098939299756	0.10657440661501541	0.11781541574433298	0.12893592401008971	0.14071057982089097	0.15382795953994147	0.16673876635003057	0.18102672588652916	0.1969156254674788	0.21428496422931864	0.23230845053620303	0.25065901061560963	0.27073101160302815	0.2926965975892597	0.31707220084670795	0.3420330940128802	0.3683711399054619	0.3886497138018418
209171_HY5CNBGXT_TCDM_2_E06_C64_3_1_i_TAGGCT_S45_R1_001 - polya	0.003924885270267083	0.0056807549964392	0.009640069084866521	0.016956192943917005	0.02881692080011885	0.04121129533780438	0.05307202319400622	0.0649671798683683	0.07658690599744848	0.0910814384429085	0.1069359092056979	0.12654312114795319	0.15110808290528271	0.17138665680166262	0.1932661707424936	0.2151456846833246	0.238970426850209	0.261865590926767	0.28686091291109944	0.3139563928032064	0.3414994473313965	0.37159023440344413	0.40106130274860746	0.429533935367124	0.460261655575136	0.48837278560297	0.5168454182214864	0.544749975340359	0.573153750322555	0.6044323316211309	0.6378110708274811	0.6758893437127039	0.71735885518671	0.766919138928372	0.8159629903976304	0.8678300049560284	0.9248096990112216	0.9815828201574534	1.047462363707068	1.118316871480837	1.1913576092077809	1.272988337065704	1.3584062349212536	1.4554955021331235	1.5599525364312843	1.677148233448733	1.7999730422353806	1.9319731310617314	2.0723566371101	2.2246180854237507	2.3882238293211997	2.5623647915756815	2.7542710240008454	2.966163185368028	3.196302620360136	3.443570392386962	3.7006159487712957	3.9720011079193682	4.262184401782931	4.565605576229104	4.8885134617539725	5.223247646316882	5.569463841736232	5.955204320403533	6.362411167193743	6.802738537054101	7.267527582217308	7.740493471693573	8.226249667116365	8.731940148253933	9.27341938586907	9.814227261530082	10.345033565515545	10.87045175945893	11.416131312889616
209171_HY5CNBGXT_TCDM_2_E06_C64_3_1_i_TAGGCT_S45_R1_001 - polyg	0.0	0.0	5.164322724035636e-05	0.00015492968172106907	0.002117372316854611	0.003511739452344232	0.0035633826795845886	0.003615025906824945	0.0036666691340653014	0.003701097952225539	0.003787169997626133	0.003890456452106846	0.003942099679347202	0.004010957315667677	0.0041486725883086275	0.004303602270029697	0.004406888724510409	0.004424103133590528	0.004458531951750766	0.004510175178991122	0.004544603997151359	0.004579032815311597	0.0046306760425519535	0.004647890451632072	0.004751176906112785	0.004768391315192904	0.004785605724273023	0.004820034542433261	0.004820034542433261	0.004837248951513379	0.0048888921787537355	0.004906106587833854	0.004974964224154329	0.00511267949679528	0.005215965951275992	0.00525039476943623	0.0053708956329970615	0.005543039723798249	0.005715183814599437	0.005784041450919912	0.005938971132640981	0.006111115223442169	0.006266044905163238	0.006575904268605376	0.006834120404807158	0.0072128374045697715	0.007677626449732979	0.008331773994777492	0.008968707130741887	0.009691712312106877	0.010122072539109846	0.010896720947715191	0.011688583765400657	0.012549304219406596	0.013651026400534198	0.01461503330902085	0.01618154453531166	0.017558697261721164	0.019366210215133635	0.02141472489566777	0.0241001727121663	0.026854478164985308	0.03019407352652835	0.034411603751157455	0.03887013570290822	0.04408610165418421	0.050971865286231724	0.05971678509893207	0.07200787318213689	0.08588268690071263	0.10135844066373942	0.11549147051851694	0.12831620528320542	0.14191558845649926	0.15369024426730052
209172_HY5CNBGXT_TCDM_2_F06_C14_3_1_o_CTCCAT_S46_R1_001 - illumina_universal_adapter	0.0003276519067530265	0.0005173451159258313	0.0005863244647159422	0.0006035693019134699	0.0006380589763085253	0.000655303813506053	0.0008105073482838024	0.0008794866970739133	0.0010346902318516627	0.0011036695806417734	0.0012933627898145783	0.0017072388825552433	0.00203489078930827	0.0021211149752959086	0.002276318510073658	0.002448766882048935	0.0026039704168266844	0.0027764187888019614	0.003052336183962405	0.0035524364626907086	0.004018047067023957	0.004397433485369567	0.0050010027872830366	0.0056218169263940335	0.00610467236792481	0.006639262321048169	0.007225586785764111	0.007587728366912193	0.00836374604080094	0.009019049854306993	0.009915781388578434	0.010640064550874597	0.011433327061960872	0.012312813759034785	0.013054341758528477	0.013726890409232058	0.014727090966688665	0.015985964082108187	0.01695167496516974	0.01815881356899668	0.019521155707601368	0.021245639427354142	0.022935633472711856	0.0249532794248226	0.026867456353748174	0.028954081654649026	0.031385603699500435	0.03443793988346284	0.03705915513748705	0.03987006360068407	0.04330178620299208	0.046819732991287735	0.05049288331436114	0.05483858228813812	0.059391219308285434	0.0647888533511116	0.07080730153304879	0.07634289427345518	0.08213715957182449	0.08894887026484793	0.09670904700373541	0.10407259248707974	0.11278123527183123	0.12200722317250856	0.13152637330554384	0.14313214873948	0.15446200677825572	0.16730941049041384	0.18013956936537448	0.19433207037893976	0.2096627306475419	0.22635573305474874	0.24353159090348633	0.2625698911695569	0.2783834068796898
209172_HY5CNBGXT_TCDM_2_F06_C14_3_1_o_CTCCAT_S46_R1_001 - polya	0.00753599385531961	0.010933226783232568	0.01800361003421893	0.0306785653744018	0.0495961517800897	0.06985883548718476	0.08941448086918118	0.10848727080964683	0.1253354767516314	0.1486677414798864	0.17060317439514164	0.19674634758659365	0.22880449993679766	0.2550856318258299	0.2804872770177882	0.30659596053484517	0.333584130748976	0.36098617705584757	0.38959536196654604	0.41910127841151595	0.4510214720641398	0.4834417659954919	0.5128787030916716	0.5432985959081106	0.5730459400738458	0.6021207355888776	0.6307644101739711	0.6590804328523115	0.6877758419489977	0.7185578763465846	0.7500814387436653	0.7835709125812641	0.8206990470675413	0.860655334854213	0.9004736639433045	0.9456551374008271	0.9933543570891887	1.0448991754725991	1.100841427341379	1.1601636673008744	1.2234349749786035	1.2908450435837393	1.3630319320925903	1.4428410386427486	1.5289790004443995	1.6242049914491474	1.7239318849624503	1.8287115157746285	1.9402166330938428	2.0610856970113147	2.1898701412024515	2.3308811749666356	2.479135040353781	2.64306446275348	2.816271607565448	3.003257377298241	3.199089748513366	3.4087869688353027	3.638039834539236	3.8796400036765992	4.135380939315935	4.403107036807553	4.679610756432712	4.979412251111731	5.301649278984734	5.648218772143449	6.021190111051578	6.412303018691507	6.812710893580903	7.2290357532036165	7.671469296343387	8.129543906821317	8.592274623342577	9.069197840877404	9.568832509001373
209172_HY5CNBGXT_TCDM_2_F06_C14_3_1_o_CTCCAT_S46_R1_001 - polyg	0.0	0.0	0.00010346902318516627	0.00025867255796291566	0.0020693804637033253	0.0038283538578511517	0.003862843532246207	0.00391457804383879	0.003966312555431373	0.003966312555431373	0.004000802229826429	0.004018047067023957	0.004052536741419012	0.004087026415814068	0.004104271253011596	0.0041904954389992335	0.0041904954389992335	0.004242229950591817	0.004259474787789344	0.004259474787789344	0.0042939644621844	0.004311209299381928	0.004362943810974511	0.004380188648172039	0.0044491679969621495	0.0044836576713572045	0.004500902508554732	0.004535392182949788	0.004552637020147316	0.004552637020147316	0.004569881857344843	0.004638861206134954	0.004725085392122593	0.004776819903715176	0.004863044089702814	0.004949268275690453	0.0050354924616780915	0.005104471810468202	0.005173451159258313	0.00527692018244348	0.005363144368431118	0.005518347903208868	0.005673551437986617	0.005966713670344588	0.006139162042319866	0.0064668139490728915	0.006863445204616029	0.007225586785764111	0.007742931901689942	0.008260277017615773	0.008777622133541605	0.009501905295837769	0.010157209109343823	0.01084700259724493	0.011536796085146038	0.012640465665787812	0.013588931711651837	0.014882294501466414	0.016158412454083466	0.017658713290268375	0.019848807614354397	0.02162502584569975	0.023815120169785767	0.026539804446995146	0.029505916444969915	0.03378263606995679	0.04062883643737529	0.0526484879640521	0.06968638711520948	0.09013876403147734	0.10919430913474547	0.12492160065889074	0.1378897182314316	0.15006457329288614	0.15873872640324257
209173_HY5CNBGXT_TCDM_2_G06_X9_35_2_o_GCATGG_S47_R1_001 - illumina_universal_adapter	0.00024263989216336608	0.00031729832052132485	0.00035462753470030426	0.00039195674887928367	0.0004292859630582631	0.00046661517723724244	0.0005412736055952013	0.0006159320339531601	0.0007092550694006085	0.0007652488906690776	0.0008772365332060158	0.001175870246637851	0.001549162388427645	0.0017544730664120316	0.0018664607089489697	0.0021464298152913154	0.0024263989216336606	0.0026130449925285577	0.0030609955626763104	0.003471616918645084	0.003788915239166409	0.0043115242376721204	0.0049834500928937495	0.00558071751975742	0.006121991125352621	0.00677525237348476	0.007204538336543023	0.007801805763406694	0.008473731618628324	0.00922031590220791	0.00989224175742954	0.010545503005561679	0.011310751896230757	0.012169323822347283	0.01302789574846381	0.013718486210774929	0.014633051958159924	0.015902245240245222	0.017003457058525115	0.01857128405404225	0.020157775656648873	0.022024236365597843	0.024002684717083753	0.026223772960733027	0.02842619659729281	0.03088992473310545	0.03376427422488686	0.03648930685995236	0.039326327137554795	0.04264862719948396	0.04630689018902394	0.050301116106174736	0.05463130495093635	0.059316121330398264	0.06515814334940853	0.07073886086916596	0.07758877167100868	0.08419604258068802	0.09115794102506769	0.09914639285936928	0.10814273347650331	0.11652314205968418	0.1253888304271918	0.13488911543574206	0.14575191676182506	0.15713732708641376	0.16917599865913463	0.18268917419192518	0.19679961715157937	0.2112646876459339	0.227390908171253	0.24359178712493004	0.2622190650002408	0.2813876164811467	0.29773781229153967
209173_HY5CNBGXT_TCDM_2_G06_X9_35_2_o_GCATGG_S47_R1_001 - polya	0.005487394484309971	0.008585719261165262	0.013905132281669825	0.02303212514843029	0.039680954672255096	0.05614313812518501	0.07406116093109512	0.09154989777394697	0.10586565141158558	0.12333572364734793	0.1417016970234058	0.16366993956773518	0.18944576195832044	0.21195527810824502	0.23358755772496356	0.25589176319690377	0.27843860856100733	0.3029265730624178	0.3270785746362175	0.352331788028297	0.37900351155917783	0.41717263305718427	0.4456921526899245	0.4737823863596065	0.49899827053750706	0.5249607389989872	0.5503819338548722	0.5779495585260485	0.6053305371263299	0.6317969499792263	0.661175041538083	0.6931475134823789	0.7264825017442076	0.7662754440589996	0.8058257464816282	0.8482130691818593	0.8941839964432725	0.9421333720561715	0.9937783398727895	1.053225113452814	1.1145943415630564	1.181618945621414	1.2525631171685643	1.331421082121658	1.4178755421601745	1.5138116226001515	1.6111102193576612	1.7111151841431471	1.819967172689051	1.936714290033809	2.0654440851300193	2.205913918085519	2.3499300263880216	2.5028864814863896	2.6691321368324745	2.8496002227807504	3.037832785278254	3.235453645141771	3.4468303204302417	3.675378434241043	3.9054943750473616	4.150523336918182	4.404119353443079	4.685264330032062	4.992409104296705	5.316967956975841	5.671632820890324	6.04451434132415	6.423891145025117	6.819244852394688	7.234551024742923	7.665274162547076	8.112048862448193	8.561025985985866	9.03452840323913
209173_HY5CNBGXT_TCDM_2_G06_X9_35_2_o_GCATGG_S47_R1_001 - polyg	0.0	0.0	0.0001493168567159176	0.00024263989216336608	0.002669038813797027	0.004106213559687734	0.004162207380956203	0.004274195023493141	0.0044048472731195686	0.004554164129835486	0.004722145593640894	0.004908791664535791	0.005039443914162218	0.005114102342520178	0.0052260899850571155	0.005394071448862523	0.00552472369848895	0.00559938212684691	0.005674040555204868	0.005692705162294358	0.005730034376473337	0.0057486989835628275	0.005767363590652317	0.005786028197741807	0.005804692804831296	0.005823357411920786	0.005842022019010276	0.005842022019010276	0.005860686626099765	0.0058980158402787445	0.005954009661547213	0.006010003482815683	0.006103326518263131	0.0061593203395316	0.00617798494662109	0.006271307982068539	0.006345966410426497	0.0063832956246054765	0.006532612481321394	0.006681929338037312	0.0069059046231111886	0.007055221479827106	0.007223202943632513	0.007521836657064349	0.0079697872272121	0.008305750154822916	0.00866037768952322	0.00925764511638689	0.009742924900713622	0.010302863113398314	0.010844136718993515	0.011553391788394124	0.012187988429436773	0.013326529461895645	0.014091778352564721	0.015398300848829002	0.016555506488377364	0.018757930124937146	0.021165664439481317	0.02364805718238345	0.026746381959238737	0.030553961805494637	0.035052132114061656	0.03971828388643408	0.044944373871491194	0.0500024823927429	0.0563484488031694	0.06691261641582057	0.08087374251875887	0.09817583329071582	0.11659780048804215	0.13401187890253605	0.14987679492860229	0.16473382217183608	0.17768705949194194
209174_HY5CNBGXT_TCDM_2_H06_C64_3_2_o_AATAGC_S48_R1_001 - illumina_universal_adapter	0.0005562355756195908	0.0007787298058674272	0.0009058693660090478	0.0009853315910975608	0.0011601484862922894	0.0013190729364693154	0.0015097822766817464	0.0016528142818410699	0.0019388782921597166	0.0022249423024783633	0.0027335005430448463	0.0034645530138591655	0.0042591752647442955	0.0046882712802222655	0.005308076635912666	0.005625925536266718	0.006166268666868606	0.006897321137682926	0.007914437618815892	0.009058693660090478	0.010298304371471282	0.011124711512391815	0.012411999558825727	0.013953566725542878	0.015209069881941383	0.016448680593322187	0.018165064655234067	0.019515922481738786	0.021041597203438234	0.02261494926019079	0.024204193761961052	0.025761653373695906	0.02738268276550157	0.029114959272431153	0.03118097712473249	0.03288146874162667	0.03509051859908733	0.03745849290672502	0.039842359659380405	0.04313209577804484	0.0459768434362136	0.04953675112017899	0.053207905919268286	0.05741940384895947	0.06169447155872147	0.06666880684926238	0.07200866837521046	0.07731674501112312	0.08313337988760228	0.08971285212493114	0.09753193507364082	0.10622510249832415	0.11498183970307826	0.12443784448861131	0.13491096575527733	0.14714814841890833	0.15976674976296418	0.1733230053630645	0.18889760148041304	0.2057435931991778	0.222939218708332	0.241962475394522	0.2631947819381727	0.2849674316124252	0.3082021862283064	0.33291493823083396	0.3609174263520259	0.3906839758701829	0.41956054846734847	0.45101169715738193	0.4839090583440263	0.5190949316132198	0.5559495116092722	0.5924862427049704	0.6235241878245436
209174_HY5CNBGXT_TCDM_2_H06_C64_3_2_o_AATAGC_S48_R1_001 - polya	0.005117367295700235	0.008661382534647913	0.013810534720383554	0.022694411485279304	0.03820543782255704	0.05864312211532258	0.08333998167283241	0.10647938161860739	0.1274415165969571	0.14973861695679386	0.17004916168941775	0.1922985847142014	0.2175198949572954	0.23988056509720296	0.2620505258968981	0.28468136760210655	0.3093782271596164	0.33401151693705544	0.3590897951749901	0.38555071612946495	0.4131241082351789	0.4456877280764516	0.47631246962556445	0.5077795107606156	0.5414079244180743	0.5754177567559579	0.6088236761831687	0.6435804534368843	0.679878797857317	0.7194350935063788	0.7610415145627242	0.8069547882188669	0.8587959438666128	0.9167080135111211	0.9756371996367623	1.042607962941361	1.1123757965690755	1.1869113637021005	1.2709347205106942	1.3633492882886347	1.4643457763761347	1.572541542056654	1.6861248465981744	1.8124856769339277	1.9526252571000293	2.1079103373680015	2.2690279449574704	2.4433203894666145	2.629993048644549	2.8295703731768582	3.0487748673060304	3.2795172765180545	3.5289015237358434	3.800328592193186	4.099456192316384	4.41056669598293	4.74310021553334	5.090922267190778	5.466238248728843	5.855317087652238	6.262020648100265	6.684267019775605	7.122469406248719	7.585734178514749	8.08586942322185	8.613435028029505	9.180954239611665	9.769562725732316	10.358949941658834	10.975703947905837	11.61839442442173	12.27410081340712	12.951055401381181	13.6419794485258	14.369901107671632
209174_HY5CNBGXT_TCDM_2_H06_C64_3_2_o_AATAGC_S48_R1_001 - polyg	0.0	0.0	0.00012713956014162077	0.00020660178523013373	0.002161372522407553	0.0040684659245318645	0.004084358369549567	0.004100250814567269	0.004116143259584972	0.00416382059463808	0.004195605484673485	0.004275067709761998	0.0043068525997974035	0.004386314824885916	0.004465777049974429	0.0044975619400098345	0.004513454385027537	0.004561131720080645	0.004608809055133753	0.00465648639018686	0.004672378835204563	0.004704163725239968	0.00472005617025767	0.004751841060293076	0.0047836259503284805	0.004799518395346184	0.004799518395346184	0.004847195730399292	0.0048789806204346964	0.004894873065452399	0.004910765510470102	0.004942550400505507	0.004942550400505507	0.004958442845523209	0.0050220126255940195	0.0050696899606471274	0.005228614410824154	0.005323969080930369	0.00545110864107199	0.005641817981284421	0.005768957541426042	0.005959666881638473	0.006070913996762391	0.0063728704520987405	0.0067383966875059	0.006960890917753737	0.007437664268284815	0.008136931849063729	0.00888387676489575	0.009694391460798583	0.010345981706524388	0.010934002172179385	0.011569699972887489	0.012141827993524782	0.012713956014162076	0.013413223594940989	0.014128383620737607	0.014954790761658142	0.015781197902578675	0.016861884163782453	0.01818095710025177	0.020008588277287565	0.0226626265952439	0.026349673839350902	0.030592956659077495	0.03561496928467151	0.04119321748588513	0.0514438445223033	0.06943409228234264	0.09320919002882572	0.11995617499361919	0.14352467095487212	0.16491590194869982	0.185480725801607	0.20254921175061957
209175_HY5CNBGXT_TCDM_2_A07_X9_35_1_i_GTGCCA_S49_R1_001 - illumina_universal_adapter	0.0009228520449838602	0.0014405495336333428	0.0016206182253375107	0.0018682126764307415	0.00207078995459793	0.002408418751543245	0.0028360818943406435	0.0032637450371380424	0.004051545563343776	0.004771820330160448	0.006414947141960979	0.009926286630192252	0.014855667065593848	0.017106525711895946	0.018141920689194912	0.018749652523696477	0.019402401531124085	0.02019020205732982	0.02115807127523972	0.022621129395336087	0.02408418751543245	0.025817348673085064	0.02779810428183091	0.029711334131187695	0.03130944377006219	0.033447759484049176	0.035451023679258044	0.037769408084949205	0.040222844009418494	0.042788822866202884	0.04530978455006123	0.048100849271475836	0.05075686247411231	0.0537505044736941	0.05687919799205402	0.06032301172089623	0.06401441990083168	0.06867369729867702	0.07227507113276037	0.07675427983890154	0.0819537633118594	0.08713073819835422	0.09260032470886831	0.09809241980584543	0.1036295320757486	0.11013451356356166	0.11744980416404348	0.1251927579073227	0.13190031667330296	0.13984584769474936	0.14810649892667804	0.15787522545162916	0.16750890045780215	0.1785155992382194	0.18958982377802572	0.20379274183619195	0.21642005884194673	0.22954256474988796	0.24489342071766826	0.26308035857978923	0.2817174681711706	0.3012099040481468	0.3211074944814573	0.3413652222981762	0.36506676384373726	0.3895561059155041	0.4152384030698111	0.4426538613817706	0.47126227477627025	0.5011086604262361	0.5337686193840795	0.5693546945821157	0.6067414566971936	0.6443307960904386	0.6734569069735877
209175_HY5CNBGXT_TCDM_2_A07_X9_35_1_i_GTGCCA_S49_R1_001 - polya	0.0018907212628937625	0.0038714768716396086	0.006707558765980252	0.011997076584790182	0.02248607787655796	0.04060548997928985	0.0615834925628254	0.08152610016906199	0.09953296933947878	0.1194080511863263	0.13955323607073009	0.16429017259359013	0.19541954767194816	0.2221597483900171	0.25040802440110843	0.2785887746528107	0.30793997140059004	0.3388442606143178	0.37033377307608417	0.40290369768807555	0.4377920067057581	0.47549388903131823	0.5119577991014123	0.5475438742994484	0.582544726249446	0.6173880180942025	0.6518711725555506	0.6857465951823972	0.7228182370869928	0.7593271643300128	0.7984695961892063	0.8418436423034477	0.8912950067627048	0.9446853738529906	1.004243093634144	1.0654889574000241	1.1322044076764184	1.2000452872759635	1.274481182709174	1.354116561615342	1.4393565785508027	1.5344553563570662	1.63603660706468	1.74101665432821	1.8596369049883303	1.987890830654624	2.116639945223104	2.253829779715217	2.409364112174692	2.577840881850404	2.7618485761856	2.9633679507890274	3.187395911855475	3.4259869283634976	3.7031576620691378	3.9936759875473498	4.281830911446944	4.575140301646571	4.8817072492729165	5.192168182357364	5.507963650433549	5.844714612506806	6.205864882305978	6.59526342811624	7.022453890597916	7.4986455458095875	8.020169494157784	8.576221614140254	9.130765658829702	9.688843551593845	10.26661645751313	10.864196919519873	11.474472224291763	12.109799585796992	12.783279001357043
209175_HY5CNBGXT_TCDM_2_A07_X9_35_1_i_GTGCCA_S49_R1_001 - polyg	0.0	0.0	6.752575938906295e-05	0.00024759445109323076	0.002318384405691161	0.003781442525787525	0.003781442525787525	0.003781442525787525	0.0038264596987135665	0.0038264596987135665	0.0038489682851765876	0.0038939854581026296	0.003916494044565651	0.003916494044565651	0.003939002631028672	0.003961511217491692	0.003984019803954714	0.003984019803954714	0.004006528390417734	0.004029036976880756	0.004051545563343776	0.004051545563343776	0.004074054149806798	0.00411907132273284	0.00414157990919586	0.00414157990919586	0.00414157990919586	0.00414157990919586	0.004186597082121902	0.004186597082121902	0.004254122841510965	0.004254122841510965	0.004254122841510965	0.004254122841510965	0.004299140014437007	0.004299140014437007	0.0043216486009000285	0.004344157187363049	0.004344157187363049	0.0043666657738260705	0.0043666657738260705	0.004456700119678155	0.004546734465530238	0.00459175163845628	0.004726803157234406	0.004794328916623469	0.004929380435401595	0.005154466300031805	0.005357043578198994	0.005604638029292224	0.0057847067209963925	0.006144844104404728	0.006324912796108896	0.006549998660739105	0.0066850501795172315	0.007022678976462546	0.00733779918694484	0.007832988089131302	0.008103091126687553	0.008530754269484951	0.009115977517523497	0.010083846735433399	0.01150188768260372	0.013347591772571442	0.015778519110577708	0.01906477273417877	0.024129204688358493	0.03675652169411326	0.06009792585626602	0.0926903590547204	0.12602557560645447	0.15625460722629164	0.182364567523396	0.20732658991088626	0.2293624960581838
209176_HY5CNBGXT_TCDM_2_B07_C64_3_3_i_TCGAGG_S50_R1_001 - illumina_universal_adapter	0.002622159568851993	0.0044321458199179705	0.0052907290415774725	0.005847647888059312	0.006427771686477894	0.0071935351003904234	0.008516217360784792	0.009792489717305673	0.010604663035091689	0.012020165103233029	0.014038995921729696	0.016823590154138892	0.020489972560144336	0.02206790929184288	0.023112132128996328	0.024690068860694872	0.026198390736583185	0.02826363145895334	0.030839381123931846	0.035155502184166104	0.03910034401341246	0.042557881851987216	0.04668836329672752	0.05116691902051898	0.0562720084466025	0.061446712728496264	0.06708551604912488	0.07156407177291634	0.07650672653544266	0.08274885860642661	0.08998880361069052	0.09653260005685213	0.10356370049368535	0.11082685044988601	0.1181132053580234	0.12669903757461842	0.13577217378188505	0.1459823526340521	0.15647099090946007	0.16888564019561775	0.1827389965018535	0.19642991814453203	0.2120468507979603	0.22777980821107224	0.24381442999936187	0.26418837779982246	0.2850496295909547	0.3083706062873817	0.32944070264594466	0.35389872198727207	0.38100210584938826	0.41406916235924746	0.4447461088196221	0.4796927664363575	0.5164030004002854	0.5555497543175714	0.5916102496272705	0.6303857243135685	0.6739878290027091	0.7237856558589603	0.7724696450222478	0.8239150234660076	0.8733879809951444	0.9236267019381936	0.9767196319694623	1.0366348178701335	1.0979423008870093	1.162962576213764	1.2261728652894528	1.2923765931649813	1.361736194503907	1.438405355702907	1.5169309130568462	1.5953868555549755	1.6624027567482902
209176_HY5CNBGXT_TCDM_2_B07_C64_3_3_i_TCGAGG_S50_R1_001 - polya	0.0056852132245021085	0.013574896882994831	0.020838046839195483	0.033972049635392194	0.05747866594731316	0.09384082563218991	0.14206071575674248	0.18979330189062346	0.2370849939377063	0.28388938199411756	0.3350563010146365	0.39499469186724445	0.4687864390260882	0.5334586400737917	0.6010082551616515	0.6731292457810497	0.7484525197677184	0.8239846383218179	0.9059445285623953	0.9933343775561705	1.0836480504939754	1.1741009531434008	1.2754369782511588	1.3744293032133057	1.47059062403917	1.5654988774604501	1.6648856866055217	1.7647830046932016	1.8716650133138413	1.9870864442472023	2.109422950857713	2.243570778004026	2.389738770253572	2.5658875604053906	2.736792031419505	2.9234990747025416	3.1205787315013023	3.3193755547433823	3.5294499846267193	3.753586615383723	3.991855061870203	4.243976864662919	4.508211652366615	4.789432464888007	5.096410774059184	5.418936401027979	5.742622275593612	6.087308631661997	6.4612796370745516	6.861936337214361	7.294105362084268	7.753818664903091	8.236736919658656	8.77216798064707	9.355470857480986	9.95425143725671	10.553797780446347	11.173346792205457	11.824013644511739	12.48864987788394	13.16577037539811	13.8530082319567	14.56375270482721	15.33292724667444	16.15976609408448	17.055129164563716	17.996229195310278	18.920691275518195	19.839166478126433	20.78435058041386	21.777360088642915	22.755263173161154	23.71525203478422	24.694941900601588	25.686303857243136
209176_HY5CNBGXT_TCDM_2_B07_C64_3_3_i_TCGAGG_S50_R1_001 - polyg	0.0	0.0	6.961485581022991e-05	0.00013922971162045982	0.0019028060588129508	0.003109463559523602	0.0031326685114603458	0.003155873463397089	0.003155873463397089	0.003155873463397089	0.003155873463397089	0.003155873463397089	0.003225488319207319	0.0032718982230808056	0.003295103175017549	0.003318308126954292	0.003318308126954292	0.003341513078891035	0.003387922982764522	0.003411127934701265	0.0034343328866380087	0.003480742790511495	0.003480742790511495	0.003480742790511495	0.0035039477424482386	0.0035039477424482386	0.003550357646321725	0.0035735625982584686	0.003619972502131955	0.003619972502131955	0.003643177454068698	0.003712792309878928	0.003782407165689158	0.0039680467811831046	0.004014456685056591	0.004153686396677051	0.004223301252487281	0.004594580483475174	0.010186973900230309	0.01953856953073786	0.027660302708598015	0.032858211942428515	0.03775445680108135	0.04151365901483377	0.04835911983617304	0.06021685027584887	0.07260829461006979	0.08564947759851953	0.10115038549226404	0.115166176462057	0.12449456714062782	0.1322682260394368	0.13704844613840594	0.14182866623737506	0.1461911972014828	0.15210845994535233	0.1603926277867697	0.17392111476589103	0.19403980809504748	0.21937961560997116	0.2471559430782529	0.27885390742384425	0.3133364660018448	0.3532025734291698	0.4010743892746712	0.4492942793992238	0.502062340103378	0.5624184200908474	0.6340521067195739	0.724806673744177	0.8424325751115288	0.9600816814308173	1.0723472389007813	1.1833365240142246	1.2859720264304402
209177_HY5CNBGXT_TCDM_2_C07_C17_3_3_i_CACTAA_S51_R1_001 - illumina_universal_adapter	0.001604606784935787	0.002509769586694436	0.0030240666331482137	0.0033326448610204807	0.003579507443318294	0.003970373198623165	0.004546385890651396	0.004854964118523663	0.005225257991970383	0.005430976810551894	0.006171564557445335	0.006932724186196925	0.008064177688395237	0.008763621671572375	0.009360206245458757	0.009895075173770687	0.010676806684380428	0.011725972659146135	0.012713422988337388	0.014544320473712838	0.0156963458577693	0.016930658769258367	0.018370690499328945	0.020016441047981035	0.02195019794264724	0.024274820592618315	0.026167433723568216	0.028101190618234424	0.02972636928502836	0.031413263597396754	0.03361445495621892	0.035897933842473695	0.037811118855281746	0.039991738332245765	0.0425426516826565	0.04507299315120909	0.04791191284763394	0.051203413944938124	0.05505035585241238	0.05949388233377302	0.06432827457043853	0.06940952938940186	0.07436735291721627	0.08010690795564043	0.08533216594761082	0.09212088696080069	0.09930047372929543	0.10711778883539286	0.1145030944224691	0.12310214103917627	0.13279149739436544	0.14445575440793712	0.15568800190248763	0.16692024939703815	0.18004511002253856	0.19535059012500297	0.20962747613455984	0.22431579978127975	0.2415138930146941	0.26179776852683107	0.28249308167613113	0.303579260580736	0.3266814839074397	0.351223738964214	0.3762597191855839	0.4017894245715494	0.4279362864132595	0.456325483377508	0.48298664226567184	0.5128981584874236	0.5445171409034019	0.577493867522018	0.6116020476428327	0.6474176939578737	0.6797361203570291
209177_HY5CNBGXT_TCDM_2_C07_C17_3_3_i_CACTAA_S51_R1_001 - polya	0.004793248472949209	0.008804765435288677	0.013001429334351505	0.0212507539594701	0.034581333403552024	0.05190285792811526	0.07237188037697562	0.09370492186387833	0.11544940098794405	0.13797561162261954	0.16134526941347918	0.18738927184589851	0.2186585322702882	0.2450522566942961	0.27109625912671537	0.29812771188832593	0.3271546371901772	0.35679871894777293	0.38699824151553874	0.4182263581762122	0.45268426028861525	0.4885204784855145	0.5256321533576191	0.5646158694788155	0.6000406500385517	0.6371523249106563	0.6750045875296544	0.7166626482924103	0.7591230124476342	0.8017685235395815	0.8496598645053574	0.9016655818427634	0.9598017199738984	1.0283472303252579	1.095617284001412	1.1703755026739333	1.2506469856844389	1.3314327657413982	1.424109093512369	1.522113538684601	1.6263306921779945	1.7392703235792442	1.8614261580529454	1.9888689661641916	2.131411535559321	2.2882309909640064	2.4467990563266353	2.6172165256395594	2.8007794274598417	2.9987837903445462	3.213307374361346	3.439968368674455	3.676709585098058	3.937005606249244	4.219148965933787	4.518901856488906	4.823921148799713	5.149244888504515	5.494050200328986	5.850355194112163	6.217748432216884	6.6029157762470465	6.99454269118067	7.426099628800964	7.888041235925747	8.369526130815775	8.8944176964265	9.431323241042385	9.981559365102353	10.548746719813439	11.152963461869193	11.761664874170027	12.373452068749584	12.993756022418413	13.641338291431152
209177_HY5CNBGXT_TCDM_2_C07_C17_3_3_i_CACTAA_S51_R1_001 - polyg	0.0	0.0	4.114376371630223e-05	0.00016457505486520892	0.001995472540240658	0.0034355042703112363	0.003456076152169387	0.0034766480340275383	0.0034972199158856895	0.0034972199158856895	0.0035177917977438408	0.0035589355614601428	0.0035589355614601428	0.0036617949707508984	0.0037235106163253516	0.003744082498183503	0.0038263700256161073	0.0038469419074742585	0.0038675137893324097	0.0039292294349068625	0.003949801316765014	0.003970373198623165	0.003970373198623165	0.003990945080481316	0.004073232607913921	0.004134948253488374	0.004176092017204676	0.004217235780920979	0.004320095190211734	0.0043818108357861875	0.00444352648136064	0.004484670245076943	0.004505242126935094	0.00460810153622585	0.004710960945516605	0.004710960945516605	0.004772676591091059	0.004854964118523663	0.004854964118523663	0.004978395409672569	0.005019539173388872	0.005101826700821477	0.005122398582679628	0.005307545519402988	0.005513264337984498	0.005677839392849707	0.005842414447714916	0.006192136439303485	0.006850436658764321	0.007488164996367006	0.007961318279104481	0.008413899679983806	0.008804765435288677	0.00905162801758649	0.009483637536607664	0.009668784473331023	0.009853931410054384	0.010183081519784802	0.010738522329954881	0.01108824432154345	0.011520253840564624	0.012137410296309157	0.012898569925060749	0.014194598482124269	0.0166220805413861	0.020057584811697338	0.02639372442400788	0.04692446251844269	0.08967283301968071	0.14523748591854688	0.2060685405730997	0.25157354324333	0.28860293058800196	0.31787671847215104	0.34075265109841507
209178_HY5CNBGXT_TCDM_2_D07_X9_35_1_o_GGTATA_S52_R1_001 - illumina_universal_adapter	0.0023693602023049393	0.003778168971243011	0.004546610117936505	0.004738720404609879	0.005507161551303372	0.005827345362425661	0.006915970320241444	0.008004595278057226	0.00909322023587301	0.010181845193688793	0.011974874535973611	0.013319646542687226	0.015689006744992164	0.01735396256282807	0.01876277133176614	0.020043506576255296	0.02113213153407108	0.022348830016335777	0.023949749071947222	0.026447182798701077	0.02817617537876144	0.0315701237766577	0.03509214569900288	0.0393185720058171	0.044505549745998185	0.0491802333883836	0.05372684350632011	0.060386666777663724	0.06666226947566059	0.07312998246033083	0.0815187983117348	0.08824265834530287	0.09631129038558456	0.10393166509029504	0.11315295885061696	0.1216058114642454	0.1302507743645472	0.14094491365603165	0.15055042798970034	0.16162878785453152	0.17392384620162743	0.1864110148353967	0.20043506576255296	0.21381874906746465	0.22765068970794755	0.2437879537885109	0.2606296222535433	0.2765747760474333	0.2950814003303016	0.31448453928431236	0.33587281786728124	0.36014275075035074	0.3839003895356246	0.4129730795855285	0.4405729241042698	0.4722711214053764	0.5045456495665032	0.5382289864965679	0.575434345348978	0.6160336525992842	0.6594505773874666	0.7053008991401784	0.752111772326257	0.801612189525763	0.8523293052075336	0.9052877075671601	0.9590145510734802	1.0176081885088593	1.0795317375799098	1.1379973014908398	1.2014577328552776	1.2702332154843452	1.3416982421268402	1.4230249301519016	1.4839879277895855
209178_HY5CNBGXT_TCDM_2_D07_X9_35_1_o_GGTATA_S52_R1_001 - polya	0.0036500954467940955	0.007428264418037107	0.014792492073849755	0.02465415345641626	0.045530137941589506	0.07934154839610323	0.12429535547767262	0.16931319932146646	0.21215379324962874	0.25979714434462536	0.3145485760465368	0.3790335956065658	0.4617690924005653	0.5373324718254255	0.6112949321946743	0.6904443703041042	0.7731158303358793	0.85629958446545	0.9430693972795903	1.030735724764873	1.1221802212213987	1.2131764603423534	1.3106404124479782	1.4052867470157269	1.4981400522411905	1.59092932070443	1.68717657432779	1.7817588721333142	1.8836413608324267	1.9851396289581924	2.096563595228749	2.209908664366039	2.3295293362013263	2.461957360481505	2.6032864947108836	2.762097665027539	2.9304503129156387	3.107768107515162	3.301287202957474	3.5065890626490854	3.7239298336388953	3.957728052520391	4.201323896022228	4.473223988427276	4.775861726700064	5.1022571037581255	5.417958341524702	5.74774766698066	6.086502139148042	6.460476830538876	6.869479630866488	7.2824527104520165	7.729173163729834	8.210153284797737	8.734422257129372	9.278734736037265	9.839504662836841	10.406870376145537	11.00362896331526	11.602436726876165	12.209377159239576	12.843020921450586	13.49453094032222	14.17831548735498	14.90173879020468	15.692272619865612	16.540183388479658	17.39763563466515	18.2539352191306	19.127012435298855	20.03159573848155	20.958399798156126	21.911779114153852	22.86266099642483	23.842935752556826
209178_HY5CNBGXT_TCDM_2_D07_X9_35_1_o_GGTATA_S52_R1_001 - polyg	0.0	0.0	0.0	0.00012807352444891564	0.002177249915631566	0.004226426306814216	0.004226426306814216	0.004226426306814216	0.004226426306814216	0.004226426306814216	0.004226426306814216	0.004226426306814216	0.004226426306814216	0.004226426306814216	0.004226426306814216	0.004226426306814216	0.004226426306814216	0.004226426306814216	0.004226426306814216	0.004226426306814216	0.004226426306814216	0.004226426306814216	0.004226426306814216	0.004226426306814216	0.004226426306814216	0.004226426306814216	0.004226426306814216	0.004226426306814216	0.004226426306814216	0.004226426306814216	0.004226426306814216	0.004290463069038674	0.004354499831263132	0.00441853659348759	0.004482573355712048	0.004482573355712048	0.004482573355712048	0.004546610117936505	0.004610646880160963	0.004610646880160963	0.004674683642385421	0.004802757166834337	0.004930830691283252	0.005122940977956626	0.005315051264629999	0.005315051264629999	0.005379088026854457	0.00557119831352783	0.005699271837976746	0.005891382124650119	0.005955418886874577	0.006339639460221324	0.006531749746894697	0.006851933558016986	0.007300190893588191	0.00794055851583277	0.008324779089179515	0.009413404046995298	0.010053771669239877	0.01114239662705566	0.012166984822646986	0.013127536256013853	0.01434423473827855	0.016841668465032406	0.01933910219178626	0.02407782259639614	0.032786822258922405	0.06262795345551975	0.11244855446614793	0.1823126620530314	0.25089603439542574	0.30475095142619474	0.3500249423188864	0.3910084701425394	0.42116978515025905
209179_HY5CNBGXT_TCDM_2_E07_X2_24_3_i_CGCCTG_S53_R1_001 - illumina_universal_adapter	0.0004002301513956311	0.0006479916736881647	0.0007623431455154879	0.0008195188814291495	0.000876694617342811	0.0008957531959806983	0.000971987510532247	0.0010291632464459086	0.0011053975609974574	0.0011816318755490062	0.0014865691337552012	0.0019630335997023814	0.0026682010093042074	0.002896903952958854	0.003068431160699839	0.0032399583684408232	0.003506778469371244	0.0036592470984743415	0.004002301513956311	0.004326297350800394	0.004650293187644476	0.005012406181764332	0.005298284861332641	0.005622280698176723	0.005946276535020805	0.0062321552145891135	0.006575209630071082	0.006899205466915165	0.0073947285115002325	0.00781401724153375	0.008252364550205156	0.008671653280238674	0.009014707695720645	0.009472113583029936	0.009891402313063454	0.010386925357648522	0.010920565559509364	0.011682908705024852	0.012349958957350903	0.01318853641741794	0.014103348192036525	0.015532741589878066	0.016676256308151297	0.017896005340976077	0.019287281581541842	0.020831026451210707	0.02235571274224168	0.02412816055556519	0.02630083852028433	0.02853069222091713	0.03079866307882571	0.03350498124540569	0.03636376804108877	0.03956560925225382	0.0431676806148145	0.04692222060647828	0.0503146476040222	0.054850589319839355	0.059729585451138476	0.06582833061526237	0.0729371804471943	0.08050343616643552	0.09039483847949897	0.10099140820216425	0.11195009091894939	0.12245136774842524	0.13299076173517685	0.14339674567146327	0.15353590950681925	0.16516164247593043	0.17779748011284965	0.1921676484058166	0.20629005517649102	0.22186091392364485	0.23550685622837209
209179_HY5CNBGXT_TCDM_2_E07_X2_24_3_i_CGCCTG_S53_R1_001 - polya	0.02761588044629855	0.034972491800523	0.05134381085046811	0.07996979596457468	0.12409040551128353	0.16333201892669327	0.19740875753123557	0.22637779706082412	0.25147794512692156	0.28585962098967005	0.317801798786769	0.358015399712711	0.40747241127802825	0.4463328531206803	0.48477400623329875	0.5219191759985409	0.5583020026182676	0.5954471723835096	0.6348984301639362	0.6751882654044297	0.7178985401319349	0.7637725389133294	0.8061207006467147	0.8462771258367431	0.8853853292016876	0.9241123609938744	0.9629156271006127	1.000384792702699	1.0358909247050827	1.071530466757932	1.106312372772076	1.1452871660865553	1.1877877964490438	1.2344050797973158	1.2810604803028638	1.331870650951471	1.3857873699180538	1.4442781477577296	1.5078575660937212	1.5732475494003122	1.6428113614286006	1.7185501529355642	1.8036276479750928	1.8943655408700737	2.0182653605949783	2.193184995333507	2.3490460514341485	2.48018813104145	2.615446863634536	2.751753818052705	2.885735625877052	3.0287511999757575	3.1886145575903555	3.357302037114295	3.5442476349733303	3.740436643471741	3.9436201503302564	4.155246607525356	4.38495965584781	4.620028164767511	4.864035147068381	5.127024473692586	5.398742629332944	5.691615807261357	6.005929886157392	6.333051329898088	6.6880554741860125	7.050606815614541	7.41639811541151	7.796654876394635	8.17998006853846	8.57165291812568	8.961762964264594	9.34931916086603	9.756886865037247
209179_HY5CNBGXT_TCDM_2_E07_X2_24_3_i_CGCCTG_S53_R1_001 - polyg	0.0	0.0	7.623431455154879e-05	0.00015246862910309758	0.0017152720774098477	0.0031256068966135004	0.003278075525716598	0.0034305441548196955	0.0035639542052849056	0.0037354814130258905	0.003773598570301665	0.003887950042128988	0.004002301513956311	0.004135711564421522	0.004269121614886732	0.004383473086714055	0.004535941715817153	0.004612176030368701	0.00468841034492025	0.004726527502196025	0.004726527502196025	0.004821820395385461	0.004840878974023348	0.0049171132885748965	0.0050695819176779944	0.00516487481086743	0.005202991968143205	0.005241109125418979	0.0053745191758841895	0.005450753490435738	0.005488870647711513	0.005622280698176723	0.005793807905917708	0.005889100799107144	0.006022510849572354	0.006060628006848128	0.006194038057313339	0.006289330950502775	0.006422741000967985	0.0065370924727953085	0.006822971152363616	0.007013556938742488	0.007185084146483473	0.007585314297879104	0.007871192977447412	0.008328598864756705	0.0086335361229629	0.009167176324823742	0.009738933683960357	0.010539393986751619	0.011320795710904994	0.012006904541868934	0.013169477838780053	0.01406523103476075	0.015284980067585531	0.016962134987719604	0.018601172750577905	0.020583264928918172	0.023403934567325476	0.02656765862121475	0.029693265517828252	0.033695567031784564	0.038422094533980586	0.04356791076621013	0.049304542936214175	0.05696609154864483	0.0681915943663604	0.08532525656182098	0.10994894016197124	0.13592578284541149	0.16228379710160948	0.18300047208099285	0.20057248158512486	0.2179348467242401	0.2311805588775717
209180_HY5CNBGXT_TCDM_2_F07_X2_24_2_o_AATGAA_S54_R1_001 - illumina_universal_adapter	0.0003945140010201005	0.0006575233350335009	0.0009393190500478583	0.001014464574051687	0.0010896100980555157	0.001239901146063173	0.001465337718074659	0.0015029104800765732	0.0017283470520880592	0.0020101427671024167	0.002705238864137832	0.0034566941041761184	0.004677808869238334	0.00524140029926705	0.0057110598242909785	0.0062370784923177795	0.006706738017341708	0.007364261352375209	0.008078143830411581	0.009562267929487198	0.010820955456551328	0.011872992792604928	0.013563767082691074	0.01497274565776286	0.01683259737685762	0.018654876333950465	0.020608659958050012	0.022318220629137114	0.023896276633217514	0.026282147020339076	0.02896859950347595	0.03146718817660325	0.03396577684973055	0.036144997045841586	0.03839936276595645	0.040597369343068436	0.0437722677322302	0.04694716612139196	0.050929878893594877	0.05624642471686576	0.06282165806720076	0.07024227856257885	0.0779822675349732	0.08549681993535606	0.0939882641477887	0.10681936237144245	0.11980075164310384	0.13298879110577577	0.14388489208633093	0.15474342030488417	0.16875806053159823	0.18461376609640606	0.19990588023118522	0.21634396360702274	0.23436010298694065	0.2564341006630653	0.2746944629959957	0.2904938094178007	0.3107831008988344	0.3385117992562472	0.3676494761887317	0.39470186483011005	0.4251921611946635	0.451737317549016	0.48277241896259726	0.5156297993332714	0.5503846041850421	0.5880325117109603	0.6233321216117588	0.6577299852245113	0.6946264375103912	0.7345850698994271	0.7795972387777205	0.8282163928081976	0.8691894897712852
209180_HY5CNBGXT_TCDM_2_F07_X2_24_2_o_AATGAA_S54_R1_001 - polya	0.004997177346254606	0.008566589736436469	0.01305653479566523	0.02087166929206341	0.03240650722665111	0.04702231164539579	0.0665789342673922	0.08536531526834937	0.10274271769423474	0.12012012012012012	0.13869985093006676	0.16045448012917515	0.18878434267861857	0.2129812014078514	0.23659568232605455	0.25966535819522996	0.2842755173064838	0.310520091564821	0.3355623374390969	0.36374190894053265	0.3939691959710727	0.4250418701466559	0.45960881118841707	0.49460783899320027	0.5304334675620256	0.5696406447110232	0.6115530607241586	0.653484263118295	0.6969935215165118	0.744278842495921	0.7972376505376193	0.8523568923944276	0.9128302528365086	0.9871303896952943	1.0608293623620493	1.137346292178948	1.220626319156191	1.304770519659478	1.3958093219901164	1.4906054005209464	1.5905865202080405	1.6983264152485298	1.8174320707945981	1.9450103841720983	2.0963346831348084	2.2682488556745675	2.436330606490131	2.6185772885804166	2.8160033665194755	3.0230480715310244	3.2523734244097082	3.4970096778041726	3.7650161891638274	4.045083557126097	4.359266992986105	4.695298989950225	5.04690489676414	5.4057247738824215	5.807358813301885	6.230334181538436	6.661988857797429	7.116525346115587	7.575814788826988	8.089603522822165	8.653890048947916	9.24806570724619	9.889113386141851	10.53699930772186	11.178366355094537	11.867976828877673	12.585222069113216	13.311710208801232	13.994407294376016	14.677254670998806	15.374943288612354
209180_HY5CNBGXT_TCDM_2_F07_X2_24_2_o_AATGAA_S54_R1_001 - polyg	0.0	0.0	3.757276200191433e-05	0.00013150466700670015	0.0018598517190947595	0.0026113069591330463	0.0026488797211349606	0.002686452483136875	0.002686452483136875	0.0027428116261397463	0.0027803843881416606	0.002817957150143575	0.0028555299121454892	0.002930675436149318	0.0030058209601531464	0.003062180103156018	0.003156112008160804	0.0031936847701627183	0.0032312575321646326	0.003268830294166547	0.003268830294166547	0.0033064030561684612	0.0033439758181703755	0.0033439758181703755	0.00338154858017229	0.00338154858017229	0.003400334961173247	0.003400334961173247	0.003419121342174204	0.0034754804851770756	0.00351305324717899	0.0035694123901818618	0.0035694123901818618	0.0036445579141856903	0.0036821306761876046	0.003719703438189519	0.003832421724195262	0.0038887808671981333	0.003945140010201005	0.004095431058208662	0.004226935725215362	0.004358440392222063	0.0045650905832325915	0.004790527155244077	0.005015963727255563	0.005278973061268964	0.00563591430028715	0.005823778110296721	0.006462515064329265	0.0068758154463503226	0.007213970304367552	0.007533338781383824	0.007852707258400095	0.008134502973414453	0.008453871450430724	0.00875445354644604	0.009130181166465183	0.009693772596493897	0.010107072978514955	0.010708237170545585	0.011365760505579086	0.012831098223653744	0.013958281083711175	0.016081142136819333	0.019349972430985882	0.02299453034517157	0.02686452483136875	0.03535596904380139	0.04905124079349916	0.06935931865553385	0.0926732174777217	0.11243649029072864	0.12968238804960733	0.14711614961849556	0.16317850537431394
209181_HY5CNBGXT_TCDM_2_G07_X2_24_1_o_ACAACG_S55_R1_001 - illumina_universal_adapter	6.154088530255961e-05	0.00010769654927947932	0.00013846699193075911	0.00015385221325639903	0.00015385221325639903	0.00015385221325639903	0.00020000787723331874	0.00023077831988459852	0.0003538600904897178	0.0006769497383281557	0.0011846620420742724	0.002538561518730584	0.005461753570602165	0.0061848589729072406	0.006523333842071318	0.006723341719304637	0.006877193932561036	0.0071079722524456344	0.007338750572330233	0.0076310697775173915	0.00793877420403019	0.008138782081263509	0.008446486507776307	0.008769576155614744	0.00923113279538394	0.009815771205758257	0.010200401738899256	0.010861966255901771	0.011415834223624808	0.012077398740627323	0.012908200692211878	0.013631306094516953	0.014385181939473309	0.015139057784429664	0.016077556285293698	0.016862202572901334	0.017800701073765367	0.019477690198260116	0.021231605429383064	0.023354765972321372	0.026139491032262194	0.028924216092203015	0.03201664557865664	0.03540139427029741	0.03907846216712535	0.043447865023607084	0.048571143725045174	0.05395597118901914	0.05863307847201367	0.06371020150947483	0.06984890481840515	0.07734150760399179	0.08521874092271942	0.09306520379879576	0.10165015729850284	0.11158901027486622	0.12135862581664755	0.1322513625152006	0.1441595238212459	0.1580062230143218	0.17349914088924118	0.18988440160104766	0.20806973320795405	0.226101212601604	0.24511734616009492	0.2659027801710344	0.28798057277332767	0.31218152591855924	0.33701327313814206	0.3634912390395683	0.390892318220533	0.42075503281360005	0.4518639503340439	0.48692686973517724	0.5141279410389086
209181_HY5CNBGXT_TCDM_2_G07_X2_24_1_o_ACAACG_S55_R1_001 - polya	0.004492484627086852	0.006584874727373878	0.011815849978091444	0.019723853739470356	0.03170894115214384	0.044524830516401874	0.05710994156077532	0.07043354322877947	0.08272633506796576	0.09594224018669043	0.10968124283048686	0.12702038726448303	0.1491443355307532	0.16839124740912872	0.1892074518627195	0.20874668294628218	0.2304552302367601	0.25297919425749693	0.278995603519154	0.3056428068551623	0.3343054741848294	0.36312199372775295	0.39341549451793795	0.42460133814501	0.45664875416631795	0.49015776621356166	0.5218667073657055	0.5555911125115082	0.5904847944780595	0.6257169513137748	0.6648261839235514	0.7064739780520587	0.7539527710629834	0.8089703225234717	0.866418738953411	0.9278365424853656	0.9939929941856172	1.063088023159066	1.1421834459941806	1.2282022184258334	1.3166826262695885	1.4141941590314941	1.5173674532412353	1.6336489560204217	1.7661926377408095	1.922414175081357	2.0770202641827122	2.238949718635072	2.4152643550269057	2.601825548821615	2.8036027265073824	3.0216574683556767	3.262236174224708	3.5174462255744228	3.79544178970741	4.104746279238075	4.4292513674384715	4.758679726463073	5.120047804959703	5.491616285195232	5.889601190446886	6.304371372164812	6.718310751931153	7.178005779919948	7.66865587321593	8.183506919657143	8.736297921887385	9.298335442134336	9.86103452689829	10.455688716355597	11.0970832082002	11.736169916845956	12.361809942053103	12.983095949625094	13.621905724286988
209182_HY5CNBGXT_TCDM_2_H07_X10_39_2_i_ATATCC_S56_R1_001 - illumina_universal_adapter	0.00028571831638339183	0.0005357218432188597	0.0006071514223147076	0.0006428662118626317	0.0007142957909584796	0.0007857253700543276	0.0009642993177939475	0.0010178715021158333	0.0010893010812116815	0.0012143028446294152	0.0014464489766909212	0.001839311661718085	0.0024286056892588305	0.0026786092160942985	0.0029464701377037283	0.003178616269765234	0.003571478954792398	0.004125058192785219	0.004696494825552003	0.005500077590380293	0.006339375144756507	0.007035813540941024	0.008017970253508934	0.008857267807885146	0.009803709730905132	0.010696579469603232	0.011625163997849255	0.012482318946999431	0.013446618264793379	0.014428774977361288	0.015500218663799007	0.016553804955462766	0.01741095990461294	0.01823240006421519	0.019410988119296684	0.02055386138483025	0.021875308598103438	0.02358961849640379	0.025518217131991684	0.027393243583257693	0.029661132719550867	0.03191116446107008	0.03407190922871948	0.03653622970752623	0.039286268502716375	0.04280417527318689	0.046429226412301176	0.05008999234096338	0.05376861566439955	0.05773295730421911	0.062125876418613765	0.06753666703512425	0.07289388546731285	0.07875111095317237	0.08521548786134661	0.09264416408731481	0.09969783502302978	0.10696579469603232	0.11471590402793182	0.12357317183581697	0.13318045022420852	0.14321630608717517	0.15457360916341498	0.16694878374177063	0.17968110621560554	0.19212771037305704	0.2056814730064942	0.22037810890546491	0.23550332227901072	0.25071782262642633	0.2679323511885257	0.28609332167364504	0.30600431684661267	0.3271653296537576	0.34325484234509734
209182_HY5CNBGXT_TCDM_2_H07_X10_39_2_i_ATATCC_S56_R1_001 - polya	0.008053685043056858	0.012268030209711888	0.019303843750652912	0.032589745462480633	0.057768672093767036	0.08053685043056857	0.10230501466002824	0.12351959965149509	0.14244843811189478	0.16252014983782806	0.18182399358848098	0.20637791140267872	0.23414616027618962	0.2577893509569153	0.28077181803100437	0.3022185491545327	0.32677246696873047	0.3502906558860384	0.3743981388308871	0.397469892878846	0.42457741814572025	0.45455998397120245	0.483417533925925	0.511614360274011	0.5401147623332544	0.5682580164970185	0.5972048534256108	0.6247052413775123	0.6526877789883108	0.6822953395235397	0.7133493490354597	0.7485641315297127	0.7872968207944362	0.8308867214376774	0.8727980269721662	0.9181736670928037	0.9661922016399874	1.0163000513757248	1.0723722709659653	1.131712393799841	1.1957132966697208	1.263749970758516	1.3356795569080349	1.4139128034127624	1.5078605573185764	1.615183499910088	1.7222028667904423	1.8319365576764386	1.94588459372909	2.0690470454851058	2.1998703195991514	2.337711549859364	2.4888208244366306	2.6475909213719264	2.820736221100262	3.003935234086338	3.1946879250618	3.392905007052778	3.6041401298339744	3.8325540663877224	4.068628825299499	4.318453778187228	4.576332416118013	4.862157876870048	5.17325155122724	5.5065776820780155	5.866314899799479	6.2409451847624275	6.624629168875775	7.015759686609865	7.429640525285982	7.8456463939402	8.266205898261779	8.68767612971683	9.13212882824597
209182_HY5CNBGXT_TCDM_2_H07_X10_39_2_i_ATATCC_S56_R1_001 - polyg	0.0	0.0	7.142957909584796e-05	0.0001964313425135819	0.0022143169519712865	0.003535764165244474	0.00367862332343617	0.003821482481627866	0.0038393398764018276	0.003892912060723714	0.004107200798011258	0.004232202561428992	0.0043929191143946495	0.004446491298716535	0.004500063483038421	0.004589350456908232	0.0046429226412301175	0.004714352220325966	0.004803639194195775	0.004857211378517661	0.0048929261680655855	0.004928640957613509	0.004982213141935395	0.005035785326257281	0.005053642721031243	0.005071500115805205	0.005125072300127091	0.005178644484448977	0.005196501879222939	0.005250074063544825	0.005375075826962559	0.0053929332217365206	0.0055179349851542546	0.005589364564250103	0.0056429367485719886	0.005803653301537647	0.005857225485859533	0.0060179420388251905	0.006160801197016887	0.006410804723852355	0.006625093461139898	0.006803667408879518	0.007053670935714986	0.007339389252098378	0.007625107568481769	0.007857253700543276	0.00842869033331006	0.008839410413111185	0.009303702677234196	0.009821567125679094	0.010428718547993801	0.01130373089191794	0.012268030209711888	0.013232329527505835	0.014053769687108086	0.015393074295155235	0.016535947560688803	0.01792882435305784	0.019446702908844607	0.021232442386240807	0.023268185390472474	0.0254646449476698	0.027803963663058817	0.030429000694831232	0.03367904654369231	0.037750532552155644	0.04351847106414537	0.0545900558240018	0.07157243825403965	0.09073342284650086	0.11130514162610508	0.12830538145091688	0.14162699795229255	0.15425217605748368	0.16484161115844312
209183_HY5CNBGXT_TCDM_2_A08_X2_24_3_o_AGTACT_S57_R1_001 - illumina_universal_adapter	0.00012041723608967183	0.00018062585413450774	0.0002047093013524421	0.0002167510249614093	0.000264917919397278	0.0002769596430062452	0.00033716826105108114	0.0004335020499228186	0.0004937106679676545	0.000529835838794556	0.0006141279040573263	0.0009151709942815059	0.0013727564914222587	0.001517257174729865	0.0016978830288643728	0.001854425435780946	0.001998926119088552	0.0022638440384858305	0.0025648871287100097	0.0030224726258507627	0.003383724334119778	0.0039015184493053673	0.004503604629753726	0.004925064956067577	0.00551510941290697	0.006297821447489836	0.006791532115457491	0.007417701743123784	0.008007746199963176	0.008814541681763977	0.00974175439965445	0.010416090921756613	0.01141555398130089	0.012246432910319625	0.013209770799036999	0.014076774898882637	0.015028071063991044	0.016172034806842928	0.017665208534354857	0.01936309156321923	0.021988187309974077	0.024203864454024036	0.02692529398965062	0.029502222841969596	0.032657154427519	0.03682359079622165	0.04049631649695663	0.04461458597122341	0.04846793752609291	0.05314012628637218	0.05848665156875361	0.06501326576481382	0.07137129583034849	0.07883716446790814	0.08673653515539062	0.09509349134001384	0.10299286202749632	0.11131369304129264	0.12001985921057591	0.13153174698074854	0.14316405198701082	0.15525394249041388	0.16869250603802127	0.18198656890232104	0.19672563859969686	0.21225946205526453	0.22890112408285718	0.24746946188788457	0.2662184255470465	0.28588256020048985	0.3076058295910667	0.33147252578403963	0.3575308156738446	0.3831435617901178	0.4056736266624954
209183_HY5CNBGXT_TCDM_2_A08_X2_24_3_o_AGTACT_S57_R1_001 - polya	0.002841846771716255	0.00491302323245861	0.008043871370790079	0.01269197668385141	0.02085626529073116	0.03106764691113533	0.04145965438567401	0.05240558114622518	0.06273738000271901	0.07381576572296883	0.08597790656802569	0.1011986452097602	0.11933348096486478	0.13544530715366287	0.1512440485286278	0.16766895953125904	0.1855509190905753	0.20384229725259648	0.22313313847416189	0.2445192396036876	0.2660980083109568	0.2893264931526545	0.3134340238178068	0.3378907644676191	0.36303388336314263	0.38810475191701227	0.41274211842095915	0.43842711487888614	0.4658220360892865	0.49486667343411533	0.5240919366330787	0.5560386293676686	0.5929465122291531	0.6383438102349593	0.68100763698153	0.7291986148646167	0.7818209470358033	0.8346118633375155	0.8933032242076214	0.9561971466172571	1.0218486237333462	1.0936052547191817	1.1684566086725217	1.2540973469794963	1.3469631194518512	1.4510156531569365	1.5592105397835068	1.677303723216648	1.8035009866386238	1.9416075147098686	2.093417524248118	2.2537530741015157	2.437172608113304	2.6325856988396232	2.845555622587817	3.0806823177765104	3.3286214068851443	3.580570389955565	3.8598661273419497	4.162438516464468	4.475860498558666	4.809560743210365	5.142646859958005	5.518974806185448	5.937954537435853	6.369228868491012	6.836423661071721	7.307423638312863	7.790429213992145	8.317086037753935	8.8768816848876	9.440627017365008	9.987020226121894	10.517434067649681	11.064754489124457
209183_HY5CNBGXT_TCDM_2_A08_X2_24_3_o_AGTACT_S57_R1_001 - polyg	0.0	0.0	7.225034165380309e-05	0.00010837551248070465	0.0018303419885630117	0.0033235157160749424	0.0034078077813377125	0.00341984950494668	0.003431891228555647	0.0034559746757735813	0.003552308464645319	0.0036004753590811876	0.003696809147952925	0.003708850871561892	0.003769059489606728	0.0038533515548694985	0.003937643620132269	0.0039858105145681375	0.004082144303439875	0.004094186027048842	0.004106227750657809	0.004142352921484711	0.004154394645093678	0.004178478092311613	0.0041905198159205796	0.004262770157574382	0.004310937052010251	0.004322978775619219	0.004347062222837153	0.004395229117273022	0.004455437735317857	0.004479521182535792	0.004491562906144759	0.004551771524189595	0.004611980142234431	0.004696272207497201	0.004732397378324103	0.004816689443586873	0.004888939785240676	0.004949148403285512	0.005069565639375184	0.005202024599073823	0.005274274940727626	0.005346525282381429	0.005466942518471101	0.00559940147816974	0.005816152503131149	0.005996778357265657	0.006285779723880869	0.006598864537714016	0.006887865904329229	0.007333409677861014	0.007790995175001767	0.008128163436052849	0.008645957551238438	0.009464794756648206	0.010259548514840039	0.011078385720249807	0.012210307739492722	0.013282021140690803	0.014594569014068226	0.016352660660977434	0.018231169543976314	0.020495013582462144	0.022891316580646612	0.026395458150856064	0.03201894307624374	0.04149577955650091	0.053814462808474336	0.06781898736570317	0.08155859400353473	0.09229981146273346	0.10110231142088846	0.11014564585122281	0.11743088863464797
209184_HY5CNBGXT_TCDM_2_B08_X2_24_2_i_ATAAGA_S58_R1_001 - illumina_universal_adapter	0.0005123981128377504	0.0007045474051519068	0.0008539968547295841	0.0009820963829390216	0.00106749606841198	0.0011955955966214177	0.0012169455179896573	0.0013663949675673344	0.0015158444171450116	0.00160124410261797	0.0017079937094591682	0.0019428428445098036	0.0024338910359793147	0.0025619905641887522	0.0027114400137664293	0.0028608894633441067	0.0031384384411312213	0.0034159874189183363	0.0037362362394419302	0.004312684116384399	0.004696982701012712	0.005230730735218702	0.00589257829763413	0.00640497641047188	0.006767925073731954	0.007173573579728506	0.007707321613934496	0.00809162019856281	0.00853996854729584	0.00911641642423831	0.009863663672126696	0.010418761627700925	0.010888459897802197	0.011379508089271708	0.011849206359372979	0.012596453607261365	0.013172901484203834	0.014005548417565178	0.014902245115031241	0.016161890475757376	0.01754963536469295	0.019022779939101484	0.021029672547716007	0.022823065942648133	0.02470185902305322	0.027135750059032532	0.029142642667647056	0.03168328331046757	0.03379692552592329	0.036615115146530916	0.0394119548457703	0.04306279139973927	0.046649578189603524	0.0503004147435725	0.05405800090438267	0.05832798517803059	0.0629182182722021	0.06761520097321481	0.07323023029306183	0.0797846561531114	0.08768412705936005	0.09547684835876749	0.10570346069415426	0.1167200201201659	0.12837707718722471	0.1394149865346046	0.14930000012809952	0.16003901057632405	0.17094882039549447	0.1830328758899181	0.19558662965444298	0.20899438027369746	0.22366177625367806	0.24016526547132727	0.25370111561879116
209184_HY5CNBGXT_TCDM_2_B08_X2_24_2_i_ATAAGA_S58_R1_001 - polya	0.022396067515283342	0.02833134565565395	0.04060755044239172	0.06400706426198233	0.10314147012996551	0.13836884038756087	0.169390276135613	0.19861831848873301	0.22419552428788406	0.2599139427369489	0.29300632085772027	0.33019788388119364	0.37849140601615167	0.41794606070465845	0.4546038756939258	0.4905144434353048	0.5264890609407885	0.5638087234924714	0.6023666814835121	0.641031389081394	0.6837952815819779	0.7302954103220037	0.7730593028225877	0.8153534970530704	0.8575195917553435	0.8999632354354039	0.9406988854060051	0.9809861870278732	1.0199284436035423	1.0566503083569143	1.0974073082488838	1.1421353935153458	1.1889771209972633	1.2412417285067139	1.294189533499948	1.3494858298436887	1.4103971555072763	1.4725254266888534	1.5402473772689096	1.6102110695926306	1.685448192494307	1.7674959403124517	1.8556924654846496	1.9533470058229776	2.077518148500659	2.2468443748721674	2.4028909501526305	2.5424126862940764	2.680760176760269	2.8256193932437745	2.971033707682855	3.12353619601619	3.2833190075360954	3.454929675494005	3.6434921810182974	3.840124956819784	4.046621396293397	4.258199117052652	4.485639829388508	4.722730706182809	4.964945564105488	5.234936669728246	5.504073778496274	5.799599390075446	6.112290338434684	6.439520583245692	6.7875883513121025	7.139733954359846	7.507123401264513	7.885593457359296	8.275293572093775	8.652568032591937	9.030632440180723	9.405643809013851	9.795237174141487
209184_HY5CNBGXT_TCDM_2_B08_X2_24_2_i_ATAAGA_S58_R1_001 - polyg	0.0	0.0	0.0001921492923141564	0.0003415987418918336	0.0021563420581921997	0.0033946374975500964	0.003480037183023055	0.003544086947127774	0.0036081367112324927	0.0036721864753372115	0.0037362362394419302	0.003928385531756087	0.004077834981333764	0.004099184902702003	0.004227284430911441	0.004334034037752639	0.004440783644593837	0.0045261833300667955	0.004611583015539753	0.004654282858276233	0.004675632779644473	0.004675632779644473	0.004782382386485671	0.00482508222922215	0.004889131993326868	0.004995881600168067	0.005081281285641025	0.005188030892482223	0.005273430577955181	0.0053374803420599	0.0053374803420599	0.005401530106164619	0.005486929791637577	0.005529629634374056	0.005550979555742296	0.0057004290053199735	0.00591392821900237	0.006255526960894203	0.0077713713780392145	0.009180466188343029	0.010504161313173884	0.011400858010639947	0.012703203214102562	0.013557200068832147	0.015158444171450116	0.01769908481427063	0.02090157301950657	0.024552409573475542	0.028651594476177544	0.03253728016519715	0.035248720178963584	0.03719156302347339	0.039155755789351425	0.040991849027020036	0.042742542579215684	0.04470673534509372	0.046436078975921134	0.04889131993326869	0.051325210969248	0.05390855145480499	0.057580737930142206	0.061658572911475966	0.06592855718512389	0.0716503361118121	0.07856771063512173	0.08604018311400559	0.09404640362709545	0.10452921501890108	0.1200079080108748	0.14157132859279678	0.16714853439194782	0.19167959404405513	0.21454535982943976	0.2361941800968347	0.254128114046156
209185_HY5CNBGXT_TCDM_2_C08_X10_39_3_o_GGTGAG_S59_R1_001 - illumina_universal_adapter	0.00027731728801916024	0.0004159759320287404	0.0004754010651757033	0.0005348261983226662	0.0006140597091852834	0.0006338680869009377	0.0006734848423322463	0.000713101597763555	0.0007527183531948635	0.0008517602417731351	0.0009508021303514066	0.0011885026629392583	0.0014658199509584185	0.0015252450841053815	0.0016837121058306157	0.0018619875052715046	0.0020006461492810845	0.0021194964155750104	0.0024364304590254794	0.0029514482796324914	0.003466466100239503	0.004021100676277823	0.004635160385463107	0.005189794961501427	0.00570481278210844	0.006437722757587649	0.007031974089057278	0.008022392974839993	0.00893357834976009	0.010003230746405424	0.011290775297922953	0.012558511471724829	0.013608355490654506	0.01467800788729984	0.015846702172523444	0.016876737813737466	0.018104857232108033	0.019491443672203835	0.021155347400318797	0.022938101394727684	0.02489913078857746	0.026919585315574198	0.028821189576277013	0.030623751948401553	0.03304037402971138	0.035833355287618635	0.03886403707811374	0.042132419401196705	0.04470750850423176	0.04843148351477477	0.0522346920361804	0.05649349324504607	0.06089095309792133	0.0656251553719627	0.07121111788777722	0.07648014636014126	0.08256131831884714	0.08830574785638688	0.09470385385854323	0.10221122901277621	0.11060998116421362	0.11930585898138588	0.12746691060023543	0.1371135905477591	0.1470375877833019	0.15769449499432392	0.16894565353681557	0.1811476142096586	0.19319110786077642	0.20535345177818817	0.2185062145813826	0.23322383922411377	0.24798108062227622	0.2629364057975952	0.27567319266876095
209185_HY5CNBGXT_TCDM_2_C08_X10_39_3_o_GGTGAG_S59_R1_001 - polya	0.0037635917659743176	0.006239638980431106	0.010656907211022016	0.01891700071844986	0.03276305674169222	0.04528195145798574	0.05900915721493417	0.07214211164041297	0.08553257497619528	0.10021058286349512	0.11611671016916553	0.13582604599624157	0.15987341654304588	0.18150416500854039	0.20301606320774096	0.22528067976013638	0.24869418222003978	0.2721076846799432	0.2956598457838561	0.31824139637970206	0.3427839763693977	0.37186267485597824	0.3973956737314566	0.4210666851016635	0.4438859362300973	0.4649422417418378	0.48635509805246013	0.5089168402705904	0.5310229898012606	0.5537828157965473	0.5783055874085273	0.6033829935965458	0.6311543391538931	0.6636995037407131	0.6979481888110793	0.7325336163026118	0.7710014858264125	0.8109946004343185	0.853939163321857	0.8996370907118715	0.9516340822154641	1.0056911450014847	1.0634919911757639	1.1275324763304742	1.1966637145581078	1.2755208662441275	1.352912197979189	1.4346811811894098	1.522234210692602	1.6170172980620077	1.7190700600530586	1.8229848095493812	1.9375168495012944	2.0582291033004916	2.1854385049904237	2.3219974609621445	2.463033110297603	2.611972302341608	2.776599729536411	2.951012495322747	3.1295255952962235	3.317942884127527	3.515927619395492	3.732690696737897	3.9762347007518666	4.234734029941155	4.515181041639389	4.812801916817095	5.112601713543523	5.4238507525895985	5.756730540101169	6.09444357177536	6.434058207710253	6.783022397926935	7.158173263483711
209185_HY5CNBGXT_TCDM_2_C08_X10_39_3_o_GGTGAG_S59_R1_001 - polyg	0.0	0.0	7.923351086261722e-05	0.00013865864400958012	0.002159113171006319	0.0036249331219647377	0.003723975010543009	0.0037635917659743176	0.0038428252768369347	0.004001292298562169	0.004060717431709132	0.004120142564856095	0.00413995094257175	0.004219184453434366	0.004338034719728293	0.004397459852875255	0.004476693363737873	0.004516310119169181	0.004674777140894416	0.004754010651757033	0.004793627407188341	0.004793627407188341	0.0048134357849039956	0.004853052540335304	0.004932286051197922	0.005051136317491847	0.005070944695207502	0.005090753072923156	0.0051105614506388106	0.005130369828354465	0.0051501782060701185	0.005169986583785773	0.005308645227795354	0.005467112249520588	0.005506729004951897	0.005625579271245822	0.005744429537539748	0.00584347142611802	0.005942513314696291	0.006100980336421526	0.006378297624440686	0.006635806534744192	0.006932932200479006	0.0073489081325077464	0.007665842175958216	0.00814124324113392	0.008577027550878313	0.00938917103722014	0.010003230746405424	0.01095403287675683	0.011766176363098657	0.012697170115734409	0.013727205756948432	0.014717624642731148	0.016143827838258257	0.017570031033785367	0.020224353647683043	0.02361158623705993	0.0276128785356221	0.03171321272276254	0.03601163068705952	0.04098353349368875	0.047302405984982476	0.054393805207186716	0.061980413872282314	0.07067629168945455	0.08024373812611559	0.09573388949975725	0.11550265045998025	0.1374107162134939	0.15977437465446762	0.17843386646261397	0.19501347861061663	0.2115336656254723	0.22490432058353896
209186_HY5CNBGXT_TCDM_2_D08_X10_39_2_o_TTCCGC_S60_R1_001 - illumina_universal_adapter	0.0002160044540118417	0.0002160044540118417	0.0002520051963471487	0.0003060063098501091	0.0003060063098501091	0.0003240066810177626	0.000378007794520723	0.0005580115061972578	0.0006300129908678717	0.0007740159602090995	0.0010440215277239017	0.0013320274664063573	0.0015300315492505455	0.0016200334050888129	0.0017640363744300407	0.0019800408284418826	0.0021600445401184173	0.002268046767124338	0.0025560527058067937	0.0030780634696687447	0.003690076089368963	0.004122084997392647	0.004734097617092864	0.005274108752122469	0.005724118031313806	0.006372131393349331	0.007002144384217202	0.0075061547769115	0.008100167025444065	0.008676178902808977	0.009468195234185729	0.010368213792568403	0.011376234577956997	0.012492257590351514	0.013392276148734186	0.014472298418793396	0.01548031920418199	0.016596342216576507	0.018000371167653476	0.019746407170915865	0.021258438348998758	0.023022474723428797	0.025038516294205986	0.026946555637977255	0.029070599435760364	0.031950658822584924	0.03463271412656529	0.03722476757470739	0.039618816940005304	0.04262487892500343	0.046044949446857594	0.05004103184607667	0.05403711424529574	0.058537207037209105	0.0639553187586728	0.06949943307831008	0.07590756521399471	0.08254970217485885	0.08919183913572298	0.0972740057899994	0.1058601828369701	0.11450036099744376	0.12375255177761765	0.1339947629720125	0.14483098641493988	0.15566720985786728	0.16808746596354818	0.18198375250497664	0.19555603236538738	0.21029833635169556	0.2252566447920156	0.24316701410383082	0.2600873630014251	0.2777997282303961	0.29265003444371024
209186_HY5CNBGXT_TCDM_2_D08_X10_39_2_o_TTCCGC_S60_R1_001 - polya	0.0025020515923038335	0.004374090193739795	0.007488154405743847	0.013068269467716425	0.022878471754087568	0.032310666245937994	0.04330889302937427	0.05274108752122469	0.061867275703225	0.07308150694067311	0.0845837441168037	0.0983540280600586	0.11574238660801185	0.13010668279979934	0.14450697973392213	0.1604193078461278	0.17552161925578905	0.19157795033733596	0.20759828067654756	0.22532864627668622	0.24291500890748366	0.26420944799881774	0.2853598841208106	0.30467428238370275	0.3245466921527922	0.3422590573817632	0.3596294155585488	0.3795738268123089	0.39933823435439236	0.4194266485774937	0.44091909175167193	0.4642475727849508	0.49132013102110167	0.5230727857608424	0.554519434190733	0.5892961512866395	0.6259629073551497	0.6662837387706935	0.7107086548124623	0.7570596105691699	0.8063266264550375	0.8591937165744358	0.9168669057955975	0.9815242390298088	1.0530757144212313	1.1321693453319008	1.2143590400834066	1.301138829482664	1.3952987710606592	1.4982788945108048	1.6092151820170533	1.7276756246713807	1.8555862621887262	1.9933251023636107	2.1400821284934897	2.3020854690023707	2.467166872980921	2.643102500773566	2.8316923894970714	3.033422549172964	3.2477349682950463	3.473495623479756	3.7115865329143087	3.9694058491486093	4.260579853156572	4.572400282893834	4.9232275169514	5.294827179336438	5.667668867332044	6.056026875274168	6.4608192220923595	6.888472040293471	7.313748809500452	7.749969804377367	8.215279399061208
209186_HY5CNBGXT_TCDM_2_D08_X10_39_2_o_TTCCGC_S60_R1_001 - polyg	0.0	0.0	9.000185583826738e-05	0.0002160044540118417	0.0022500463959566844	0.0034920720065247744	0.003546073120027735	0.003618074604698349	0.003690076089368963	0.0037260768317042697	0.0037620775740395767	0.0038160786875425373	0.003996082399219072	0.004014082770386725	0.004104084626224993	0.0041940864820632605	0.004302088709069181	0.004338089451404488	0.004356089822572141	0.004374090193739795	0.0043920905649074485	0.004428091307242755	0.004446091678410409	0.004446091678410409	0.004518093163081023	0.00460809501891929	0.00460809501891929	0.00460809501891929	0.00460809501891929	0.00466209613242225	0.004734097617092864	0.004752097988260518	0.004806099101763478	0.004860100215266438	0.0049141013287693994	0.005004103184607667	0.0050401039269429735	0.005058104298110627	0.005274108752122469	0.005400111350296043	0.0055621146908049245	0.005706117660146152	0.006030124341163914	0.00626412916634341	0.006714138445534747	0.007344151436402619	0.007992164798438143	0.008838182243317857	0.009666199317029917	0.01062021898891555	0.01123223160861577	0.011970246826489563	0.012708262044363355	0.013266273550560613	0.013860285799093177	0.014688302872805238	0.015354316606008415	0.016272335535558742	0.017244355578612033	0.01832437784867124	0.019692406057412903	0.021546444287681214	0.023688488456631976	0.02644254524528296	0.02971861279779589	0.03335468777366189	0.03832279021593425	0.04599094833335463	0.057637188478826436	0.07284750211549362	0.09118988033533251	0.10730021253038238	0.12116049832947555	0.13388676074500655	0.1457490053444902
209187_HY5CNBGXT_TCDM_2_E08_X2_24_1_i_GAAGTG_S61_R1_001 - illumina_universal_adapter	0.00019669685188476713	0.0003397491078009614	0.00037551217178000997	0.0004649198317276314	0.00048280136371715567	0.0005364459596857285	0.0005543274916752528	0.000572209023664777	0.0006437351516228742	0.0007331428115704956	0.0008940765994762142	0.001198062643298127	0.0015556932830886126	0.001698745539004807	0.0018775608589000497	0.0020384946468057683	0.0022530730306800596	0.0024676514145543513	0.002717992862407691	0.0030756235021981767	0.003325964950051517	0.0036478325258629536	0.00400546316565344	0.004541909125339168	0.004917421297119178	0.005275051936909664	0.005722090236647771	0.006276417728323024	0.006938034411935422	0.007546006499579248	0.008118215523244024	0.008601016886961181	0.009405685826489773	0.010156710170049793	0.010925616045599338	0.011819692645075552	0.012660124648583192	0.01360784584402798	0.014519803975493718	0.015682103554812796	0.01704109998601664	0.018471622545178586	0.019973671232298623	0.02149360145140819	0.02308505779847585	0.024694395677533034	0.026768653388317853	0.029003844887008388	0.03143573323758369	0.03410008150402281	0.03739028339009528	0.04075201140412584	0.04479323763375833	0.048870226927369864	0.05332272839276141	0.057650059134226286	0.06226349438752356	0.06755642785642274	0.07317122890113337	0.07944764662945639	0.08572406435777942	0.09309125553746342	0.10131676025264459	0.11029328931138578	0.1197347382018546	0.12969475152001964	0.14103164280137803	0.1527082831905374	0.1647246726874977	0.1779033617637771	0.1918330751836165	0.20672839133089024	0.2229111777814097	0.24054236832308065	0.25454360787087815
209187_HY5CNBGXT_TCDM_2_E08_X2_24_1_i_GAAGTG_S61_R1_001 - polya	0.006812863688008752	0.00985272412622788	0.01704109998601664	0.02821705747946932	0.046152234064962175	0.061977389875691166	0.07671177223505918	0.09039114420704525	0.10238965217201605	0.11937710756206411	0.13346775476980924	0.15104530071551162	0.1733435711064484	0.1913860368838784	0.2087490044457065	0.2267199440951784	0.24501275132046174	0.2631803878218184	0.28267125769039986	0.30278798117861466	0.32358420288243145	0.34951242426724166	0.37197162844608417	0.3933221776415761	0.41504823900884813	0.4372213386758583	0.45925138608695215	0.48169270873380515	0.5046347142763647	0.5273800229670397	0.553004258308028	0.579468925652524	0.6091522687551343	0.6418397092319846	0.6745807943048036	0.7108445411795589	0.7513640926678209	0.7932784036512658	0.8384829165207832	0.8873710249801425	0.937725419062643	0.9919422240548805	1.0502538998727193	1.1130717217519182	1.1823626582113247	1.2587883259345514	1.3384684324798717	1.4214387409112643	1.5128491324417124	1.6127890147311637	1.7192198931328122	1.8333577118219457	1.9666108882078808	2.1036013047796263	2.2528226892322065	2.411986205470962	2.5750657772154235	2.745745000055433	2.9279935740926644	3.1168761964980094	3.311856421311782	3.5197113491580123	3.734468548352199	3.970558415209888	4.221525716682861	4.4905354839332645	4.779697737735862	5.082807586490288	5.400866395987957	5.72325253622709	6.054847665440828	6.396188229588857	6.740979929410864	7.103241885986637	7.480005765005913
209187_HY5CNBGXT_TCDM_2_E08_X2_24_1_i_GAAGTG_S61_R1_001 - polyg	0.0	0.0	0.00017881531989524284	0.00025034144785334	0.002324599158638157	0.003773003249789624	0.0038802924417267693	0.003933937037695343	0.004041226229632488	0.0041127523575905855	0.004237923081517255	0.00438097533743345	0.004470382997381071	0.004524027593349644	0.004524027593349644	0.004774369041202983	0.004899539765129654	0.004935302829108703	0.004953184361098226	0.0050068289570668	0.005060473553035372	0.005114118149003945	0.005114118149003945	0.005185644276962042	0.005203525808951567	0.005239288872930615	0.005257170404920139	0.005310815000888712	0.005328696532878236	0.005346578064867761	0.005346578064867761	0.005435985724815382	0.005489630320783955	0.0055253933847630035	0.0055253933847630035	0.005650564108689674	0.005739971768637295	0.005865142492563965	0.005972431684501111	0.0060797208764382564	0.006312180792302072	0.0064552330482182665	0.00659828530413446	0.006866508283977325	0.007134731263820189	0.007510243435600199	0.0081003339912545	0.008583135354971657	0.008994410590730714	0.009495093486437395	0.0100136579141336	0.010639511533766948	0.01147994353727459	0.012230967880834609	0.013411148992143213	0.014466159379525145	0.015699985086802322	0.01707686304999569	0.018918660844916693	0.02086774783177484	0.02329963618235014	0.025910339852820687	0.0293078309308303	0.03268744047685039	0.037122060410252414	0.04189642945145539	0.04785097960396698	0.05777522985815296	0.07295665051725908	0.09085606403877289	0.11133041816677819	0.12685158793368526	0.140656130629598	0.15306591383032786	0.1644206866436758
209188_HY5CNBGXT_TCDM_2_F08_X10_39_3_i_CAATGC_S62_R1_001 - illumina_universal_adapter	0.00021148672863099643	0.0002499388611093594	0.0002883909935877224	0.0003076170598269039	0.0003460691923052669	0.00036529525854444835	0.00040374739102281133	0.0004998777222187188	0.0005767819871754447	0.0007113644508497152	0.0008074947820456227	0.0009997554444374375	0.00128814643802516	0.0014804071004169749	0.001518859232895338	0.0016534416965696083	0.0018649284252006048	0.002037963021353238	0.0023263540149409605	0.002730101405963772	0.0029992663333123126	0.0033645615918567614	0.0038452132478362985	0.004268186705098292	0.004614255897403558	0.004941099023469644	0.0055563331431234516	0.0058831762691895365	0.006421506123886618	0.006902157779866156	0.007440487634563238	0.007825008959346867	0.00811339995293459	0.008574825542674946	0.009170833596089572	0.009766841649504199	0.010420527901636369	0.011304926948638718	0.012189325995641067	0.01315062930760014	0.014208062950755123	0.015553887587497827	0.016957390422958078	0.018514701788331776	0.019898978557552845	0.02141783779044818	0.023167409818213698	0.025320729237002026	0.02714720552972427	0.029454333478426048	0.031972948155758824	0.03497221448907113	0.0383367760809279	0.04143217274543612	0.04533506419198996	0.0492379556385438	0.05314084708509764	0.058005041843610564	0.06277310627092757	0.06844479581148612	0.07478939767041601	0.08201839857634825	0.09049709378782729	0.09887965866811041	0.1084542396552228	0.11804804670857437	0.1285070267426891	0.13923517170415237	0.14973260387074547	0.16055687916340464	0.1731884046825469	0.187184980904671	0.20160453058405714	0.21729300063522922	0.22971303942574048
209188_HY5CNBGXT_TCDM_2_F08_X10_39_3_i_CAATGC_S62_R1_001 - polya	0.01870696245072359	0.024667042984869856	0.03541441401257231	0.056486182610715224	0.09211208335191853	0.123623605917937	0.15102075030877063	0.1768221312017522	0.19989341068876998	0.23069356880393874	0.26070545820330104	0.2982347395021833	0.342377787587344	0.3771769674802625	0.41214918196933364	0.44696758792849134	0.4803632649859496	0.5176810595562009	0.555825574974737	0.5963733486731707	0.6369211223716045	0.6828714206832482	0.7258032265953406	0.7639477420138766	0.8027843958170232	0.8406020681094932	0.8769970115002638	0.9144686146004285	0.9501714196065886	0.985701190016596	1.0238649315013713	1.0648164525908277	1.1093632480670113	1.1586588819042727	1.2081275503376867	1.2609607803629574	1.3181967795570007	1.3771054465138528	1.4439352527612477	1.5143987855278478	1.5879961670914347	1.6676689855866027	1.7537633102056573	1.8473750267242321	1.960828043601642	2.090565538583639	2.2179574534844555	2.344503421470748	2.4752791240296603	2.610899795280847	2.753076555119594	2.902232377003164	3.063366038153744	3.2318632826739306	3.4130112787794986	3.6051181326414	3.8001858007041354	4.0043089459655254	4.22123665134221	4.459101542853364	4.704599182661472	4.960055924781477	5.23291225684794	5.527859339023223	5.834976521127909	6.155417367136347	6.50344761819801	6.866647235522388	7.238056383130895	7.621962473794872	8.01780795159338	8.407674122791502	8.806422736592125	9.211227561258092	9.638315396695269
209188_HY5CNBGXT_TCDM_2_F08_X10_39_3_i_CAATGC_S62_R1_001 - polyg	0.0	0.0	0.00017303459615263344	0.00023071279487017792	0.0019226066239181492	0.0036529525854444834	0.003710630784162028	0.003787535049118754	0.003902891446553843	0.004056699976467295	0.004172056373902384	0.004287412771337473	0.004479673433729288	0.004556577698686014	0.004787290493556192	0.004979551155948007	0.005306394282014092	0.005344846414492455	0.00553710707688427	0.005614011341840996	0.005614011341840996	0.005633237408080177	0.005729367739276085	0.005806272004232811	0.005863950202950355	0.0058831762691895365	0.005902402335428718	0.005979306600385444	0.005998532666624625	0.005998532666624625	0.006171567262777259	0.006286923660212348	0.006363827925169074	0.006459958256364981	0.00657531465380007	0.006613766786278433	0.006902157779866156	0.007036740243540426	0.007094418442257971	0.007248226972171422	0.007363583369606512	0.007478939767041601	0.007844235025586049	0.008074947820456226	0.008536373410196583	0.008978572933697757	0.009459224589677294	0.010401301835397187	0.011266474816160355	0.012016291399488432	0.01274688191657733	0.01378508949349313	0.014996331666561565	0.01626525203834754	0.017591850608851066	0.018764640649441135	0.0203604041472932	0.022494497499842347	0.024513234454956404	0.02689726666861491	0.03001188939936231	0.0334533552561758	0.037394698835208004	0.042066632931329104	0.04739225327958238	0.05383298546970818	0.06069669111709597	0.07021359390549081	0.0833065450143734	0.09893733686682796	0.118221081304727	0.13517847172768507	0.15029015979168173	0.16515190899456902	0.1785717032295177
209189_HY5CNBGXT_TCDM_2_G08_X5_36_3_i_ACGTCT_S63_R1_001 - illumina_universal_adapter	0.00035941751770174064	0.0004963384768262132	0.0005647989563884496	0.0006332594359506859	0.0006846047956223631	0.0007530652751845994	0.0008557559945279538	0.001061137433214663	0.0012836339917919309	0.0014205549509164034	0.001745742228837026	0.0020880446266482076	0.002875340141613925	0.0031834122996439885	0.00333744837865902	0.00352571469745517	0.003748211256032438	0.004158974133405856	0.004689542850013187	0.005425493005307228	0.006144328040710708	0.007154120114253694	0.007941415629219411	0.00871159602429457	0.009601582258603643	0.010696949931599423	0.011450015206784023	0.012322886321202535	0.01297326087704378	0.014068628550039562	0.015266686942378697	0.016002637097672738	0.016926853571762927	0.017679918846947525	0.018672595800599955	0.019716618113924056	0.021102942825059343	0.022745994334553012	0.024765578481638986	0.026853623108287192	0.029763193489682236	0.0322448858738133	0.03515445625520835	0.03861171047310128	0.042188770530228126	0.04754580305597312	0.052577648303797485	0.05812294714833863	0.06312056215638187	0.06868297612081357	0.0743651959244792	0.08208411499512133	0.09000841550445018	0.0983263637712619	0.10791083090997498	0.11939507635654012	0.13046855892573184	0.14096012741864455	0.15312897766083206	0.16906315427894256	0.18400465394340065	0.20057208999746182	0.2178583610869265	0.23543558921453067	0.2544847176527229	0.27534804879931446	0.2973238627387923	0.3207373467490771	0.34367160740242625	0.36756431476964674	0.39282623172811193	0.4219561657818435	0.45199320118977465	0.48379309394643344	0.5108349833735167
209189_HY5CNBGXT_TCDM_2_G08_X5_36_3_i_ACGTCT_S63_R1_001 - polya	0.0028068796620516886	0.005682219803665614	0.008283718027030594	0.013520944713541672	0.022609073375428543	0.03380236178385418	0.04461911755468752	0.05641143515928272	0.06731376652956886	0.07915742949383574	0.09225049621011343	0.10705507491544702	0.1253511380784547	0.1408232064595201	0.15571336076430647	0.1698504497939083	0.1854080937744265	0.2011197738339597	0.21898795899970339	0.23695883488479041	0.2568637193175106	0.27798377726246054	0.3004559296787646	0.3217300237027295	0.34346622596373955	0.36722201237183555	0.3935108365237343	0.4202104235530065	0.44732077345965204	0.4760741748757913	0.5075146501147483	0.541762005015757	0.5808187086060128	0.6273376044685525	0.6737366944918581	0.7234732328938227	0.7781218107043779	0.8356114984167659	0.8985095640145705	0.9660800573424977	1.0383743237602192	1.1171552206164626	1.1997356740884102	1.2907881119061846	1.3988529788951745	1.5190182356467898	1.6405869322294309	1.7712951028336306	1.915130570393889	2.0708781613979768	2.242132051022911	2.419478923328884	2.6194348690102855	2.8296598866260227	3.0658656562356286	3.3229518721117164	3.5969135961998955	3.880802089824599	4.185297187797536	4.499924436745683	4.831889302142967	5.179514502240113	5.541875820563029	5.93557492340556	6.362990812432492	6.814419214665878	7.305691616004485	7.821199027108125	8.352092930993377	8.915950555787846	9.508920999516155	10.114162984205997	10.724676425822128	11.347187566481544	11.993454493549054
209189_HY5CNBGXT_TCDM_2_G08_X5_36_3_i_ACGTCT_S63_R1_001 - polyg	0.0	0.0	0.00020538143868670893	0.00032518727792062244	0.0021051597465387667	0.0034059088582212562	0.003491484457674052	0.003508599577564611	0.0036112902969079653	0.0036284054167985244	0.003679750776470202	0.003696865896360761	0.0037139810162513196	0.003765326375922997	0.0038166717355946744	0.0038337868554852335	0.0038680170952663513	0.0038851322151569104	0.0039022473350474696	0.003970707814609706	0.003987822934500265	0.004056283414062501	0.0040905136538436195	0.004124743893624738	0.004193204373186974	0.004244549732858652	0.00426166485274921	0.00426166485274921	0.004330125332311446	0.0043472404522020055	0.004364355572092565	0.004381470691983124	0.004467046291435919	0.004518391651107597	0.004569737010779273	0.004586852130669832	0.004672427730122628	0.004758003329575424	0.0048778091688093375	0.004929154528481014	0.005066075487605487	0.005168766206948842	0.005305687166073314	0.005408377885416669	0.0055624139644317	0.00575068028322785	0.005819140762790087	0.0061614431606012675	0.00648663043852189	0.006982968915348104	0.00741084691261208	0.007804494670094939	0.008249487787249475	0.008643135544732334	0.009122358901667989	0.009738503217728116	0.010405992893459918	0.011193288408425636	0.012494037520108126	0.014051513430149003	0.016019752217563295	0.018415869002241566	0.020521028748780333	0.02283156993400581	0.02616901831266483	0.030704525083662986	0.03619847856853245	0.04513257115140429	0.05865351586494596	0.07522095191900714	0.09452680715555778	0.11119693392896232	0.12630958479232599	0.1403953284622561	0.15376223709678274
209190_HY5CNBGXT_TCDM_2_H08_C64_4_2_i_CAGGAC_S64_R1_001 - illumina_universal_adapter	1.5157863080841734e-05	4.5473589242525205e-05	4.5473589242525205e-05	4.5473589242525205e-05	9.094717848505041e-05	0.00010610504156589214	0.0001667364938892591	0.00024252580929346774	0.0003334729877785182	0.00046989375550609376	0.0010155768264163963	0.0019098907481860585	0.003031572616168347	0.0033347298777851816	0.003531782097836124	0.0036682028655637	0.003925886537938009	0.0042442016626356854	0.004532201061171678	0.005108199858243664	0.00568419865531565	0.006184408136983428	0.0064269339462768955	0.0068513541125404635	0.007487984361935817	0.008094298885169486	0.008670297682241472	0.009276612205475142	0.009852611002547128	0.010595346293508372	0.011338081584469617	0.012126290464673388	0.012990288660281367	0.013687550362000086	0.01452123283144638	0.015764177604075405	0.017007122376704428	0.01844711936938439	0.020266062939085398	0.022342690181160717	0.025146894851116437	0.028011730973395526	0.031073619315725557	0.03433255987810653	0.03833423573144874	0.043366646274288205	0.048308109638642606	0.054735043584919506	0.060419242240235156	0.06637628243100595	0.07437963413769039	0.08386845642629731	0.09305412145328741	0.10280062741426864	0.11521491727747803	0.12888730977639726	0.14215043997213378	0.15547420162019368	0.17167795725361348	0.1912922320802227	0.21264966116112868	0.23282477692172904	0.2552129406921323	0.2767977377192509	0.30097452933319346	0.3273492110938581	0.35555799428730456	0.3866770871922726	0.4166290246400159	0.4478087489973074	0.4826869919463242	0.5195054413696888	0.560098198700183	0.6017974800355785	0.6361906713660085
209190_HY5CNBGXT_TCDM_2_H08_C64_4_2_i_CAGGAC_S64_R1_001 - polya	0.0015006284450033317	0.00331957201470434	0.004956621227435247	0.00803366743284612	0.013157025154170625	0.01950816978504331	0.025722893648188423	0.03336245664093266	0.04085044100286847	0.04761084793692389	0.0552807266558298	0.06411776083196054	0.07442510772693292	0.0842625608663992	0.09487306502298841	0.10583220003043699	0.11883764655379919	0.13125193641700858	0.1441209621726432	0.16087040087697332	0.178620258544639	0.1983861120020566	0.2190765951074056	0.24025212983134148	0.2623826099293704	0.284452458575076	0.30803809352886574	0.332912146844527	0.3608632463655992	0.3907697102240999	0.4236016416572031	0.46163272012703505	0.5064848369832458	0.5608712497173058	0.6161216606469739	0.6770562702319578	0.745797179303575	0.8154475601600428	0.893586344341782	0.9776821687142918	1.0696752397519202	1.1717028161490661	1.2784293301012728	1.3970244508457785	1.5339454280550218	1.6841901669123251	1.841180154840603	2.0111452735660813	2.191144897651077	2.3903646921225796	2.61762653329364	2.8588032927729126	3.1271126271668925	3.418386124128347	3.7404149252808296	4.099444070213647	4.473039921567153	4.858853010563818	5.280423498568188	5.730960662920047	6.1967617953943135	6.690316975169601	7.198757176490275	7.762947998222286	8.38176775849765	9.04445437452897	9.746884907558256	10.453650589428664	11.168252886511867	11.947685363991829	12.784854141946719	13.619976608385693	14.455235495592397	15.279959667957915	16.09902995739428
209190_HY5CNBGXT_TCDM_2_H08_C64_4_2_i_CAGGAC_S64_R1_001 - polyg	0.0	0.0	3.0315726161683468e-05	0.00010610504156589214	0.0016825228019734324	0.003122519794653397	0.003152835520815081	0.003183151246976764	0.0032134669731384478	0.003243782699300131	0.0032892562885426563	0.0032892562885426563	0.003365045603946865	0.0033953613301085485	0.0034863085085935987	0.003531782097836124	0.003546939960916966	0.0035620978239978077	0.0035620978239978077	0.0035772556870786493	0.003592413550159491	0.0036227292763211746	0.0036682028655637	0.003698518591725383	0.0037136764548062248	0.00375915004404875	0.0037743079071295917	0.0037743079071295917	0.0038046236332912754	0.0038349393594529586	0.003910728674857167	0.003910728674857167	0.003925886537938009	0.0039713601271805345	0.004077465168746426	0.00410778089490811	0.004153254484150635	0.004365464567282419	0.004577674650414204	0.004789884733545988	0.005017252679758614	0.005183989173647873	0.005290094215213766	0.0055629357506689165	0.005926724464609118	0.006502723261681104	0.007018090606429723	0.007897246665118544	0.008867349902292414	0.009716190234819552	0.010443767662699955	0.010822714239720999	0.011398713036792985	0.011959553970784128	0.012444605589371063	0.012990288660281367	0.013475340278868302	0.014187759843667864	0.014915337271548267	0.016037019139530553	0.01720417459675537	0.018477435095546075	0.020493430885298026	0.022524584538130818	0.02532878920808654	0.028284572508850678	0.03201340682673774	0.036757817971041204	0.04385169789287514	0.05353757240153301	0.06346597271948434	0.07333374158511231	0.08239814370745567	0.0919627553114668	0.10076947376143584
209191_HY5CNBGXT_TCDM_2_A09_C64_4_3_i_AAGCTC_S65_R1_001 - illumina_universal_adapter	0.00042036816895157204	0.0007006136149192867	0.0007706749764112154	0.000945828380141037	0.0011034664434978764	0.0013136505279736626	0.0014012272298385734	0.0017165033565522524	0.002014264142892949	0.002312024929233646	0.0028550004807960934	0.0033804606919855583	0.004378835093245542	0.004886779964062025	0.0052195714311486854	0.005762546982711133	0.00630552253427358	0.00695359012807392	0.007899418508214958	0.00937070709954546	0.011104725796470694	0.01252346836668225	0.014695370572932038	0.016937334140673756	0.01891656760282074	0.020633070959372994	0.02231454363517928	0.023873408928374695	0.02560742762529993	0.02748156904520902	0.029303164443999167	0.030897060417940544	0.03264859445523876	0.03413739838694224	0.03601153980685134	0.03769301248265762	0.039970006731145306	0.04254476176597368	0.045609946331245564	0.04939325985180971	0.05293135860715211	0.05762546982711133	0.0620743662818488	0.06626053263099153	0.0713925273602753	0.0776980498945489	0.08458157866113089	0.0915351687892048	0.09756044587751067	0.10575762517206633	0.11456784137967635	0.1241487325636976	0.13404489987443252	0.14488689556530848	0.1559916213617792	0.1682523596228667	0.1796198155249321	0.19219582991273332	0.20533233519246993	0.21976497565980724	0.2352485365495235	0.25092476618334253	0.26819489179110295	0.28695382133056685	0.3067286406116637	0.3281323865474479	0.35062208358635705	0.37356717947496365	0.39696767421326784	0.4211038132472373	0.4476045232315593	0.47375492640842165	0.5030405755120478	0.5302769297920351	0.5531869949998958
209191_HY5CNBGXT_TCDM_2_A09_C64_4_3_i_AAGCTC_S65_R1_001 - polya	0.003468037393850469	0.006971105468446903	0.01075441898901105	0.018864021581701793	0.034049821685077336	0.05606660453391592	0.0817265781803348	0.10647575412735859	0.13026158635386836	0.1527162527120315	0.17338435435215047	0.19538362186061609	0.22104359550703495	0.24178175850864583	0.26327308114629494	0.2853248946758795	0.3075168309284479	0.33033931943444367	0.3541952130224454	0.37925966509618286	0.40618074324945647	0.43529123894935284	0.466538606174753	0.4973480898908286	0.5299616536653214	0.5633984384373444	0.5960120022118371	0.6292736335801303	0.6673519835509936	0.7059557937330463	0.7473445430344031	0.7913080473705884	0.8416121049217932	0.9020575445489546	0.9607514501388178	1.025383056115122	1.0895417479013556	1.1565904708491315	1.2311707901572895	1.31028758262205	1.3926447130558122	1.4816051268101886	1.5726498660689499	1.6719618459837586	1.7849883374106126	1.9115717022861547	2.039013318839973	2.1762985566834074	2.3257569560860643	2.4883518607684576	2.661000570824943	2.8422668283449353	3.0357062474241503	3.241143674658858	3.4657779149423544	3.7060358388385506	3.9556294391535465	4.20967193592328	4.484452595694624	4.774821908397922	5.076558677003287	5.390906490677198	5.716709336955039	6.074512710094318	6.473424587088987	6.888012693717475	7.328348350694247	7.762991522049799	8.199508834825261	8.67512038731322	9.177898232719672	9.686666324533684	10.198412024211105	10.716901129932122	11.249805360780105
209191_HY5CNBGXT_TCDM_2_A09_C64_4_3_i_AAGCTC_S65_R1_001 - polyg	0.0	0.0	5.2546021118946505e-05	0.00012260738261087517	0.0024871783329634676	0.0040635589665318625	0.004098589647277827	0.004116104987650809	0.0041336203280237915	0.004151135668396774	0.0041686510087697555	0.004256227710634667	0.004308773731753613	0.004361319752872559	0.004378835093245542	0.004448896454737471	0.004466411795110452	0.004466411795110452	0.004466411795110452	0.004466411795110452	0.004466411795110452	0.004501442475856417	0.004501442475856417	0.004536473156602381	0.004571503837348345	0.004624049858467292	0.004659080539213257	0.0046765958795862385	0.0047116265603322025	0.004729141900705185	0.0047466572410781675	0.004764172581451149	0.004764172581451149	0.0047816879218241315	0.004834233942943078	0.004939325985180971	0.004939325985180971	0.0050093873466729	0.005114479388910793	0.00525460211189465	0.005447270855997454	0.005517332217489383	0.005639939600100258	0.00581509300383008	0.005990246407559901	0.006323037874646563	0.006568252639868313	0.006988620808819884	0.00760165772187426	0.008407363379031441	0.009020400292085815	0.009510829822529317	0.010088836054837728	0.010579265585281229	0.011052179775351747	0.011437517263557356	0.01205055417661173	0.013031413237498733	0.014485186488456252	0.01690230345992779	0.019757303940723885	0.023505586780542067	0.028392366744604092	0.03371703021799067	0.040618074324945644	0.04816718602570096	0.057187586317786775	0.07204059495407565	0.09479302209857948	0.12479680015749794	0.15706005712453108	0.186625951674125	0.21400242867709612	0.23890924268747676	0.26288774365808937
209192_HY5CNBGXT_TCDM_2_B09_X5_36_2_i_GACGAT_S66_R1_001 - illumina_universal_adapter	0.0009920239698185368	0.0015588948097148435	0.001826583817443655	0.0020312871762950993	0.002235990535146543	0.0023147225962432526	0.002582411603972064	0.002897339848358901	0.003259507329403764	0.0036059283982292846	0.004125560001467566	0.004960119849092684	0.0058891581700338536	0.006597746719904237	0.006944167788729757	0.007353574506432646	0.00823537359071579	0.009227397560534326	0.010660321072494434	0.01273884748544756	0.01486461313505871	0.016880153899134467	0.01938383344200982	0.021777288099349784	0.02590284810081735	0.027855403216015737	0.029792211918994786	0.0316030493242191	0.033461125966101436	0.035319202607983775	0.03684660459325994	0.03818504963190399	0.039885662151592914	0.04175948520569459	0.04369629390867364	0.04560160978721401	0.04766438978794779	0.05053023681186801	0.05358504078242033	0.0569232801729208	0.06057644780780811	0.0645602900993016	0.06819771132196957	0.0728743957511141	0.07786600842464547	0.08342449193807314	0.08953409987917778	0.09542325804921163	0.10238317225016073	0.10894942614562629	0.11740524950741286	0.12669563271682455	0.13582855180404282	0.14587476279998293	0.15648784463581933	0.16804571120481626	0.17999723807929674	0.19125592281612616	0.20438843060705725	0.21963095763538018	0.23470027412929031	0.2505411648219482	0.26753154360661807	0.28649022391870566	0.30711802392604354	0.3276985846967233	0.34942863355941506	0.37304825188842783	0.39606950655310563	0.4189018042711513	0.4442062887076337	0.470660261236128	0.498988056818724	0.5286542974399641	0.5518330162268352
209192_HY5CNBGXT_TCDM_2_B09_X5_36_2_i_GACGAT_S66_R1_001 - polya	0.004849894963557291	0.010912263668003904	0.01825009176221721	0.03235887711074751	0.060198533914543904	0.09411630583500626	0.13022282905395713	0.16462873975321907	0.19816859778041723	0.22822849870714082	0.25595793062540184	0.2859233530788094	0.32143151263342523	0.35350695432422463	0.3831102092965873	0.4132173494599689	0.44294657573008633	0.47432917528323465	0.5058692389585764	0.5382281160693239	0.5736417971506237	0.6100317557895227	0.6489096475590778	0.68737813261093	0.7270748378158908	0.7675116243951606	0.8068934013557346	0.8476923554160494	0.8909005105459233	0.9354156178900028	0.9827808258457831	1.034413311513005	1.0903918069527654	1.1562747956784916	1.2190872340214463	1.28885958656535	1.3625213029274312	1.4379466174580786	1.5211978988617392	1.6082283191980415	1.699919677551269	1.7970907873568278	1.8990645528892856	2.0132575343039525	2.140819219692841	2.287481303103791	2.439796348501485	2.5922846044335914	2.757590439912242	2.933855778295555	3.121474279889013	3.31820995415747	3.526314538048292	3.745457356904873	3.9811024157673236	4.236162800896222	4.502954263128532	4.78171299864754	5.078186447913309	5.384721854587237	5.704248051342121	6.041095301538283	6.380682427460609	6.756675258434054	7.162979932929732	7.584779077049242	8.026402954152903	8.478104535076945	8.94380467646398	9.438383737861288	9.95414172369361	10.478875164490958	11.00760819399202	11.545993774183536	12.099999795296641
209192_HY5CNBGXT_TCDM_2_B09_X5_36_2_i_GACGAT_S66_R1_001 - polyg	0.0	0.0	4.723923665802556e-05	0.00012597129775473483	0.0020312871762950993	0.003794885344861387	0.003842124581519412	0.0038578709937387543	0.003920856642616121	0.003968095879274147	0.0040310815281515144	0.00407832076480954	0.0041098135892482235	0.004172799238125591	0.004204292062564275	0.004251531299222301	0.00433026336031901	0.004361756184757693	0.004408995421415719	0.0044247418336350606	0.004487727482512428	0.004519220306951112	0.004550713131389795	0.0045822059558284795	0.004613698780267163	0.004692430841363873	0.004739670078021898	0.004771162902460582	0.004786909314679923	0.0048184021391186075	0.004928627024654	0.004991612673531367	0.00500735908575071	0.005070344734628077	0.005149076795724786	0.005227808856821495	0.005275048093479521	0.005369526566795572	0.005526990688988991	0.005684454811182409	0.005873411757814511	0.005999383055569246	0.0062828184755174	0.006503268246588185	0.006786703666536339	0.0071646175598005435	0.007526785040845406	0.007873206109670928	0.00840858412512855	0.009022694201682882	0.009904493285966025	0.010723306721371803	0.011715330691190339	0.012612876187692825	0.013967067638556223	0.015399991150516332	0.01710060367020525	0.01878546977767483	0.020580560770679802	0.022895283366923053	0.02530448443648236	0.028453766880350728	0.03142983878980634	0.03513024566135167	0.039806930090496205	0.0466881122303486	0.05971039513574431	0.0915024014065955	0.13696229348383543	0.18938209976202447	0.24438431764418556	0.28723030529301474	0.3243445988940035	0.35659325111921564	0.3827795346399811
209193_HY5CNBGXT_TCDM_2_C09_C64_4_1_i_TCGTTC_S67_R1_001 - illumina_universal_adapter	0.0011305590977370474	0.0017065042984710148	0.0018984860320490039	0.0021331303730887687	0.002517093840244747	0.002794400788746287	0.003114370344709602	0.003306352078287591	0.0034983338118655806	0.0037969720640980077	0.004394248568562863	0.005354157236452809	0.006804685890153171	0.007465956305810689	0.007999238899082882	0.008532521492355075	0.009236454515474368	0.0102176944870952	0.012116180519144206	0.014931912611621379	0.0173210186294808	0.019411486395107792	0.021523285464465674	0.02367774714128533	0.025640227084526998	0.027410725294190676	0.028989241770276362	0.030375776512784062	0.031655654736637326	0.03280754513810526	0.03391677293211142	0.034962006814924916	0.03592191548281486	0.036924486758166584	0.03805504585590363	0.039420249294680444	0.04129740402299856	0.04274793267669892	0.044753075227402364	0.047867445572111963	0.05106714113174512	0.05512008884061378	0.059386349586791315	0.06328997816954376	0.06727893196721976	0.07177983705443707	0.07668603691254122	0.08137892373333652	0.08701038791829087	0.0931964660002483	0.10138768663290917	0.1098135516066098	0.11727950791242049	0.12657995633908753	0.13519780304636614	0.14458357668795674	0.15499325290862992	0.16570156738153555	0.17741245312979287	0.19183241445187296	0.20780956094630784	0.23103935070924453	0.26132980200710504	0.2923668489355466	0.323062595004294	0.350217344653714	0.37634819172405143	0.4014338049115753	0.4264340928841757	0.4510290860858892	0.4784611426838108	0.5081756487809374	0.5394473400504187	0.5717429338989827	0.5956766566850386
209193_HY5CNBGXT_TCDM_2_C09_C64_4_1_i_TCGTTC_S67_R1_001 - polya	0.07092658490520155	0.0933671164300954	0.10977088899914803	0.13769356558288	0.18982727190116952	0.25036551188942874	0.314508742208208	0.3767108238874765	0.43121230491989454	0.5010296620310899	0.5560430943530493	0.6155787630659568	0.6859507340741553	0.7419880689751972	0.7924579336024775	0.8454022294625407	0.8950828358517782	0.9447634422410156	0.9989662850212012	1.0544276747215091	1.1118515443650587	1.178853169383777	1.245897457009957	1.3132190515846385	1.3822044878503292	1.4472862955332677	1.5089764259229947	1.5726716988634255	1.6379668195836727	1.7009154968935223	1.7694956383883262	1.8370092146965857	1.9134179446606254	2.005633170689253	2.0922809264441184	2.1806351864974554	2.273724995979049	2.3669854558904904	2.4679465164487815	2.5748803420517214	2.6879575831291573	2.8229847357456763	2.97445832353871	3.1369388640568814	3.39306382795365	3.8257479928309754	4.189276071012763	4.476416750534242	4.745084521024773	5.0045371683035595	5.251809641152009	5.489376370802906	5.733193172446952	6.010436127037299	6.314087235646486	6.642120024420077	6.980370507680763	7.322076662145852	7.669158305151126	8.028761423446431	8.390902966885712	8.797178977744197	9.221693253292594	9.703311428928576	10.212980268970675	10.722649109012774	11.244092828714324	11.767755004003886	12.292526407087454	12.873057838123563	13.483773063938877	14.071301162598717	14.636068760177698	15.173766933322185	15.708926681322694
209193_HY5CNBGXT_TCDM_2_C09_C64_4_1_i_TCGTTC_S67_R1_001 - polyg	0.0	0.0	0.00010665651865443842	0.0002773069485015399	0.0018344921208563408	0.0030077138260551635	0.0030717077372478265	0.0030930390409787145	0.0031357016484404895	0.003242358167094928	0.0033490146857493666	0.003455671204403805	0.0036263216342509066	0.0037543094566362327	0.003860965975290671	0.0039036285827524463	0.00405294770886866	0.004202266834984874	0.004223598138715761	0.004287592049908424	0.004351585961101087	0.0044155798722937505	0.0045435676946790765	0.0045435676946790765	0.0045862303021408524	0.00460756160587174	0.0046502242133335155	0.0047142181245261785	0.0047782120357188415	0.0048635372506423925	0.0049915250730277185	0.005055518984220382	0.005140844199143932	0.005226169414067483	0.005396819843914585	0.005524807666299911	0.005588801577492574	0.005695458096147012	0.006058090259572103	0.006463385030458969	0.006719360675229621	0.006975336320000273	0.007209980661040037	0.007700600646850454	0.008276545847584423	0.009108466693089042	0.010303019702018752	0.012052186607951543	0.013694696995229894	0.016147796924281976	0.018558234245872288	0.020990002871193483	0.023464434103976455	0.026130847070337415	0.02930921132623968	0.0329142016567597	0.03796972064098008	0.04404914220428307	0.051088472435476005	0.05994096348379439	0.06992401362984983	0.08093096635498788	0.09394306163082937	0.11028284028868933	0.1275185337032466	0.1470366766170088	0.17214362110826362	0.210817274772363	0.2653400871085119	0.32954731133848386	0.3937332042647249	0.4503464843665008	0.5011576498534753	0.5510729005837525	0.5934155384895645
209194_HY5CNBGXT_TCDM_2_D09_C14_4_3_o_CCAATT_S68_R1_001 - illumina_universal_adapter	0.0008374425562155354	0.001395737593692559	0.0016161172137492787	0.0017042690617719667	0.0018658807831468947	0.0020128005298513745	0.0021891042258967504	0.0024388677952943663	0.00262986346601019	0.0029383949340895978	0.0034819979968961734	0.004245980679759469	0.00570048617213382	0.006111861462906363	0.006640772551042491	0.007199067588519514	0.007904282372701018	0.008771108878257449	0.010284382269313592	0.01270855808993751	0.01489766231583426	0.017042690617719666	0.019701938033070753	0.02214080582836512	0.02463844152234128	0.02704792536829475	0.02895788207545299	0.030809070883929434	0.03257210784438319	0.03454083245022322	0.036406713233370115	0.03806690637113074	0.04009439887565256	0.04216596730418573	0.04407592401134397	0.046044648617184	0.048689204057864637	0.05128968357453393	0.05425746245796442	0.05776884440420149	0.06180913743857469	0.065820046523607	0.07049209446880945	0.07469399922455758	0.07924851137239645	0.08444947040573504	0.08981204116044855	0.09629120199011612	0.10235898752901114	0.10933767549747393	0.1179618646290269	0.12648320993788673	0.13535716263883732	0.1452742455413897	0.15428042601437433	0.16509371937182404	0.17592170470394422	0.18726390914953006	0.20001654316347892	0.21419429872046122	0.22844551415079578	0.2458114282112653	0.26517545082691574	0.2849361567586683	0.3052845416772388	0.3278514147710469	0.34914008606852603	0.3716922671876637	0.39541980628043716	0.4184274386143587	0.44415308626231315	0.4712010116306079	0.4991157635044591	0.5277504221371622	0.5505229828763566
209194_HY5CNBGXT_TCDM_2_D09_C14_4_3_o_CCAATT_S68_R1_001 - polya	0.01447159505039127	0.02463844152234128	0.03712661999222207	0.05914989002322361	0.09817177474793347	0.14534770541474196	0.19723975995076426	0.25048347615646777	0.29859969320218493	0.35218132482530873	0.4028686374383543	0.4611957768800328	0.5258698493793449	0.5763808582963451	0.6259956567584479	0.6742147176268583	0.7223456266472459	0.7726215639695189	0.822603661798383	0.8757445341813933	0.9310010509169482	0.9923988130647503	1.0531501283270528	1.1121237146542309	1.171317680601466	1.2283372342974745	1.2809345036176785	1.335133198176961	1.3915063049874699	1.448966617923592	1.5112018226276098	1.57581712722824	1.6455305470395156	1.7288046594716149	1.80965459608309	1.8968955416762103	1.9833871965611376	2.074271751872529	2.1701075026478613	2.272363646354179	2.3787629269175636	2.4971214748626926	2.622385250902932	2.75711065863094	2.920029965751538	3.116961194234223	3.308045016798069	3.498350164704382	3.6888316163067403	3.892579921036513	4.103879900746896	4.319396477187698	4.543640086582745	4.787659093884216	5.042961537732591	5.315042216654617	5.603636675106227	5.902309828181764	6.220831839037076	6.5529145425132125	6.8942678820064005	7.261464404944907	7.637446728736342	8.048410644218112	8.486069877676089	8.939493599955455	9.418554818034751	9.900510355124128	10.381790061378663	10.8962295544644	11.450748754451118	12.00572340565262	12.560977204372861	13.122195944809304	13.71008061927261
209194_HY5CNBGXT_TCDM_2_D09_C14_4_3_o_CCAATT_S68_R1_001 - polyg	0.0	0.0	5.8767898681791955e-05	0.00016161172137492787	0.0020715684285331666	0.0037023776169528935	0.0037464535409642372	0.003775837490305133	0.0038052214396460293	0.003863989338327821	0.003922757237009613	0.003981525135691405	0.004040293034373197	0.004069676983714093	0.004099060933054989	0.004143136857066333	0.0041872127810776765	0.004201904755748125	0.004245980679759469	0.004275364629100365	0.004275364629100365	0.004304748578441261	0.004334132527782157	0.004392900426463949	0.004422284375804845	0.004422284375804845	0.004451668325145741	0.004481052274486637	0.004525128198497981	0.004569204122509325	0.004613280046520668	0.004701431894543357	0.0047601997932251484	0.004863043615918284	0.005024655337293213	0.005098115210645452	0.005289110881361276	0.005377262729383964	0.005450722602736204	0.005612334324111132	0.005818021969497404	0.006053093564224571	0.006376317006974427	0.006714232424394731	0.007228451537860411	0.007801438550007882	0.008462577410178041	0.009432247738427608	0.010328458193324936	0.011680119863006152	0.013046473507357815	0.014838894417152469	0.01671946717496981	0.018526580059434913	0.020509996639945394	0.02328677985266006	0.02606356306537473	0.02885503825275985	0.03229296032564468	0.035980645967927126	0.040417622318402416	0.04550104555437742	0.05145129529590886	0.05837121536568986	0.0675683915093903	0.07848452868953316	0.09125185467815246	0.11467086230284655	0.15263492485128416	0.2009862134917285	0.25439154141880693	0.300832873352093	0.3413239555438477	0.38115389887543216	0.4134909351250882
209195_HY5CNBGXT_TCDM_2_E09_C64_4_2_o_AGTTGA_S69_R1_001 - illumina_universal_adapter	0.0008965076165919552	0.0013219688583644084	0.0015498945235996513	0.0018386003662309589	0.0019905508097211207	0.00211211116451325	0.002324841785399477	0.0047712439255910835	0.009268977052899875	0.012779032297522615	0.013204493539295068	0.01387307549065178	0.015179849304667174	0.015818041167325853	0.016365062763890437	0.01706403480394518	0.01765664153355681	0.01850756401710172	0.01976875269807006	0.02192644899563036	0.02381063449490837	0.026181061413354894	0.028931364440526824	0.03160569224595367	0.03405209438614528	0.03657447174808197	0.038899313533481444	0.04078349903275945	0.042971585419017785	0.04502291640613497	0.04715022261499723	0.04920155360211442	0.051420030077070786	0.05363850655202715	0.055553082140003186	0.05804506941324184	0.06023315579950017	0.06313540927016227	0.06620480822866354	0.06960849816284316	0.07403025606840688	0.0780873329095942	0.08275221152474217	0.08773618607121948	0.09297847637163006	0.09963390579649915	0.10674518655183873	0.11447946412548797	0.12131723408254526	0.12888436616835533	0.1371352752498711	0.14676893336714736	0.15564283926697284	0.1660362496016999	0.17658161037991713	0.18814503912951847	0.1994501521251865	0.21058811963301538	0.223367151930538	0.23856219627955416	0.2537116554955233	0.2688003345340964	0.2846335707457713	0.30042122182439907	0.3180170831805598	0.3366310125081047	0.3555336476782808	0.37622929808164085	0.39652987733192646	0.41676967640481605	0.4380427384934387	0.46241558962926066	0.4875633880268825	0.5153399290968841	0.5380869104873613
209195_HY5CNBGXT_TCDM_2_E09_C64_4_2_o_AGTTGA_S69_R1_001 - polya	0.0036620056881129016	0.007916618105837435	0.012703057075777534	0.021789693596489215	0.0397958211500734	0.06456374343896978	0.09557682895531183	0.12424987764190538	0.15210239393365205	0.17796435941567762	0.20270189161587596	0.2303416772867364	0.2629958275927722	0.291896801944601	0.3185944948658224	0.3479665155924707	0.3765483940129702	0.40668016695706927	0.43424397740618464	0.4657129142529972	0.4998713739495856	0.5360659695889421	0.5756946452511764	0.6130592593054072	0.649557755831744	0.6840049213709638	0.7184216968214854	0.7532335434250815	0.7909932286323867	0.8308498299598562	0.8753561148581246	0.920698127195589	0.9709785289464835	1.0301936167745995	1.0853060426284813	1.1472714334837693	1.207945245569391	1.2704728530655927	1.3390480882127027	1.4081399548676792	1.48381127572578	1.5645121562634048	1.6495132343518015	1.7414128625746514	1.8412746940363858	1.947579224302103	2.059126044868231	2.176872443528757	2.3028545562264506	2.437619404557875	2.585725501827736	2.738769988511027	2.9047150678466327	3.0824515015970753	3.2703686150613582	3.4729641413667913	3.6849957902129633	3.90637239133378	4.140710365284308	4.389377266055957	4.641204736052203	4.910111435896742	5.1886821839472566	5.495120643333865	5.83716109163022	6.18699659767762	6.562648484073998	6.944256827855191	7.326746484208626	7.73660241543464	8.172198751787887	8.613462839683317	9.064026294720344	9.518707606775957	10.002289893183397
209195_HY5CNBGXT_TCDM_2_E09_C64_4_2_o_AGTTGA_S69_R1_001 - polyg	0.0	0.0	4.558513304704857e-05	0.00018234053218819428	0.0025527674506347197	0.0043001975507715815	0.004315392595120598	0.004376172772516663	0.00446734303861076	0.004528123216006825	0.004588903393402889	0.00466487861514797	0.0047256587925440345	0.004801634014289116	0.004877609236034197	0.004999169590826327	0.005090339856920424	0.005135924989967472	0.005181510123014521	0.005227095256061569	0.005257485344759601	0.005272680389108618	0.005318265522155666	0.005363850655202715	0.005394240743900747	0.005409435788249763	0.005485411009994844	0.005530996143041893	0.005576581276088941	0.00562216640913599	0.005682946586532055	0.005698141630881071	0.0057589218082771355	0.0058045069413241845	0.005850092074371233	0.005910872251767297	0.006047627650908443	0.006214773138747622	0.006549064114425978	0.006944135267500398	0.007506351908413997	0.007916618105837435	0.008250909081515791	0.008676370323288244	0.009664048205974296	0.011061992286083787	0.012490326454891308	0.01507348399422406	0.018492368972752703	0.02172891341909315	0.024357656091472953	0.02695600867515472	0.028992144617922887	0.03058762427456959	0.03186400799988695	0.03320117190260037	0.03437119031747462	0.03634654608284672	0.03795722078384244	0.0407379138997124	0.04433913941042924	0.049019213069926224	0.05532515647476795	0.06375840608847193	0.07399986597970884	0.08454522675792607	0.09636697126146067	0.11434270872634682	0.14366914431994807	0.18601773292065618	0.23845583096911105	0.2855300783623632	0.3265415030603579	0.36487859995292576	0.39800379663378105
209196_HY5CNBGXT_TCDM_2_F09_C64_4_1_o_AACCGA_S70_R1_001 - illumina_universal_adapter	0.0023726573244362997	0.0039040997792997296	0.0045296185284693	0.00519827650171953	0.0057806560268084395	0.0064493140000586695	0.007355237705752529	0.008261161411446389	0.009102376281019259	0.010094578434874438	0.011884856234221829	0.01391239976601285	0.0168242973914574	0.01857143596672413	0.0202754353179102	0.02213042195337858	0.0239422693647663	0.02672474931796887	0.03039158336482497	0.03606439133143176	0.04109011093682865	0.04605112170610454	0.05077486674293682	0.05504564992692215	0.059251724274786505	0.06416959581998175	0.06895804969293501	0.07314255442875903	0.07689566692377645	0.08170569040877003	0.08727065031517517	0.09080806668978929	0.09410821733195979	0.0973652287500496	0.10103206279690571	0.10504401063640709	0.10933636343243276	0.11436208303782965	0.11990547333219445	0.12680774918510004	0.13483164486410282	0.14311437588758955	0.15159123341943923	0.16000338211516793	0.16895477111190488	0.1812710195869333	0.19432063487133294	0.20762908550021655	0.2201825997076886	0.23305965809576562	0.2497761074270214	0.2680024296011002	0.28620718216313873	0.30488646619006454	0.3259384075414266	0.3529651314279601	0.38078993095998576	0.4043870865321068	0.4311118358500757	0.4711666054089685	0.5068427437236743	0.5383128076905157	0.5720908201456726	0.6037118713967963	0.6366270993703399	0.6733385790629816	0.7107834255649944	0.7485733858596526	0.7822866894786884	0.8147920948234657	0.8496701574926793	0.8873522697271358	0.9276011657943916	0.96802261875797	1.002986959875345
209196_HY5CNBGXT_TCDM_2_F09_C64_4_1_o_AACCGA_S70_R1_001 - polya	0.00537083339804217	0.015983082521884528	0.026099230568799297	0.043160793692700324	0.07206407382674253	0.11170902075686906	0.16192307758675728	0.21133905877115333	0.2561822822029994	0.2920741166381085	0.3234363325447483	0.35645940857849356	0.3938179766323451	0.4276175586995422	0.45783658516804454	0.4901047247803782	0.5241847118040996	0.5621687986071208	0.5998724804536175	0.6421704896647047	0.683303739825614	0.7297646841604848	0.7795473487495664	0.8290280387700835	0.8809245253391175	0.9317641009181753	0.9832291952464026	1.0381022882770021	1.0995541129799022	1.162472671301545	1.2310208983657136	1.3043360096907952	1.385631877470799	1.4875051551372775	1.577924968810341	1.6755274632928343	1.7807224612135237	1.8824878908198006	1.9913712923993865	2.1082785896579748	2.2341588455253407	2.3657981878074748	2.499270947113037	2.6426010191210296	2.802841666968641	2.9787634227695725	3.1520968251256645	3.336301311950083	3.534547616212756	3.7492515344622004	3.9764658276950366	4.205923360580067	4.455570050334846	4.722235163989446	5.0105130289084565	5.3165858237607395	5.644422357161715	5.974502130214885	6.3373030047332355	6.717877239572818	7.105914560178355	7.512350759854293	7.9238558183597085	8.38402192162811	8.894790334743123	9.426502841149299	9.988002981783168	10.555887727580977	11.12221946131188	11.730870773865913	12.3824456143802	13.05300171348998	13.725887330700115	14.413483423321754	15.119047002772989
209196_HY5CNBGXT_TCDM_2_F09_C64_4_1_o_AACCGA_S70_R1_001 - polyg	0.0	0.0	0.00010784806020165	0.00019412650836296997	0.00196283469567003	0.0033864290903318096	0.00340799870237214	0.00340799870237214	0.0034942771505334595	0.0034942771505334595	0.0034942771505334595	0.0034942771505334595	0.0035158467625737897	0.0035589859866544497	0.0035589859866544497	0.0036021252107351098	0.0036668340468560996	0.0036668340468560996	0.0036668340468560996	0.0036884036588964294	0.0036884036588964294	0.0037099732709367597	0.0037099732709367597	0.0037531124950174197	0.0037746821070577495	0.0037962517190980797	0.0038178213311384095	0.00383939094317874	0.0038609605552190696	0.0038825301672593994	0.0038825301672593994	0.0039040997792997296	0.00394723900338039	0.00401194783950138	0.004098226287662699	0.00414136551174336	0.004378631244186989	0.004659036200711279	0.00823959179940606	0.014322222394779118	0.020232296093829538	0.023661864408242007	0.026616901257767216	0.029571938107292427	0.03457608810064899	0.04503734994020903	0.05541233333160776	0.06969141650230622	0.08539409406766646	0.09975945568652624	0.1100912998538443	0.11887013195425862	0.12564299013492225	0.12967650758646396	0.13301979745271508	0.13552187244939337	0.1375494159811844	0.13938283300461243	0.142165312957815	0.1468243491585263	0.15333837199470596	0.16295841896469312	0.17663355299826236	0.1956579508178334	0.21912568871771246	0.24233459127310752	0.26537093693217995	0.2928074834474797	0.33547217606325247	0.40570283286656694	0.49847373425202623	0.5905759776642353	0.6696070361800045	0.7417142492308276	0.8037268838467764
209197_HY5CNBGXT_TCDM_2_G09_X5_36_1_i_CAGATG_S71_R1_001 - illumina_universal_adapter	0.0010687880541986698	0.0016031820812980047	0.0017955639310537651	0.0020948245862293926	0.002543715568992834	0.002864351985252435	0.0037193824286113706	0.004745418960642094	0.005365316032077322	0.0062630979976042046	0.007631146706978502	0.009362583354780346	0.011949050445941127	0.013445353721819266	0.014877529714445482	0.016544839078995406	0.01851140909872096	0.02154676717264518	0.02518064655692066	0.03016119888948646	0.03569752101023557	0.040507067254129586	0.04591513480837485	0.050532299202513106	0.05587623947350646	0.06119880398341583	0.06506781673961501	0.06932159319532571	0.07316923019044093	0.07767951577915931	0.0826814438728091	0.08608018988516086	0.08930792980884085	0.09294180919311631	0.09700320379907126	0.10065845894443072	0.1051687445331491	0.11021342414896683	0.11592075235838772	0.12167083208997656	0.12881033629202368	0.13686899822068166	0.14548342993752292	0.15454675263712764	0.1641444693638317	0.17654241079253627	0.1900091402754395	0.20490804575096896	0.21792588425110876	0.23312405038181386	0.25150720491403095	0.2705102565176833	0.28976981725434336	0.31016229332845396	0.33444515791984775	0.3658033994300367	0.3971402651791417	0.4256341547040782	0.45637249914283196	0.4987820091334352	0.5378782761560226	0.5755209914248997	0.6142752462701434	0.6526233616547917	0.6947122352291354	0.7397937153552352	0.7862218684296255	0.8347020945680771	0.8811516234035512	0.9241169031823379	0.9708656926729876	1.022060640469104	1.0767184615608238	1.133706240610697	1.1829773699092556
209197_HY5CNBGXT_TCDM_2_G09_X5_36_1_i_CAGATG_S71_R1_001 - polya	0.0051301826601536146	0.016694469406583222	0.026869331682554558	0.044653964904420425	0.07631146706978502	0.11754531020076969	0.16717982743775592	0.21604481727571911	0.26069878218013953	0.29498550295883286	0.32491156847639563	0.3552437734545538	0.3915825672973086	0.4221499056473906	0.4519263408373655	0.4829639459312949	0.5162032544168735	0.5493784356192002	0.5845415626023365	0.621863641454954	0.6619004419652361	0.7036686791233202	0.7487715350105041	0.7963753549445128	0.8451120902159721	0.8952168741968057	0.9469462160200214	0.9998298489417716	1.0544235427502395	1.1149596981400522	1.1797068784634077	1.2499690051464283	1.3299998546448246	1.4251006157074222	1.5181279279448745	1.6211163448474584	1.7272042471072182	1.8363061316798184	1.9568867999545123	2.0819136265346727	2.215105993848911	2.3622781089120677	2.510861024206767	2.679558530681485	2.870422701400283	3.081166329927177	3.289152485274238	3.5137262312224626	3.7474488029146276	4.006758160624309	4.287037139957368	4.583818206847255	4.900692489156077	5.243046678676994	5.612633587818895	6.010115865175379	6.430299200803044	6.863436247647598	7.328401802746186	7.8172440829755745	8.306535254187725	8.826372387988874	9.351916849999444	9.930366320692848	10.555243944460642	11.218982701879101	11.921390211098466	12.639188268298293	13.374407570781557	14.176148241758147	15.018866246732715	15.887256540769133	16.770567116042166	17.676835258719386	18.602341586372184
209197_HY5CNBGXT_TCDM_2_G09_X5_36_1_i_CAGATG_S71_R1_001 - polyg	0.0	0.0	4.275152216794679e-05	0.00017100608867178717	0.0019024427364736321	0.003783509711863291	0.003783509711863291	0.003783509711863291	0.0038262612340312376	0.003847636995115211	0.003890388517283158	0.003911764278367131	0.0039972673227030246	0.004018643083786998	0.004040018844870972	0.004104146128122892	0.004146897650290839	0.004146897650290839	0.004189649172458785	0.004253776455710705	0.004317903738962626	0.004360655261130573	0.004382031022214546	0.004403406783298519	0.004446158305466466	0.0044889098276344125	0.004553037110886333	0.004617164394138253	0.004617164394138253	0.004681291677390173	0.004681291677390173	0.0047026674384741465	0.004766794721726067	0.004766794721726067	0.004788170482810041	0.004895049288229907	0.005001928093649775	0.005087431137985668	0.005215685704489509	0.005301188748825402	0.005429443315329243	0.005536322120749109	0.005685952448336923	0.005771455492672817	0.005942461581344604	0.006156219192184338	0.006348601041940099	0.006647861697115726	0.007075376918795194	0.007609770945894529	0.008144164972993863	0.008593055955757305	0.009041946938520746	0.009554965204536107	0.010110734992719415	0.011072644241498219	0.012162808056780862	0.013744614376994892	0.01701510582284282	0.021311633800721475	0.027531980276157733	0.033388938813166444	0.04067807334280137	0.04899324440446702	0.0572870397050487	0.06649999273224123	0.0799453464540605	0.11004241806029504	0.16098085672340365	0.22598454617976674	0.2963749274292911	0.35588504628707307	0.4093030732359226	0.45733440839161077	0.4991026455496948
209198_HY5CNBGXT_TCDM_2_H09_X5_36_2_o_GTAGAA_S72_R1_001 - illumina_universal_adapter	0.0008796939776150293	0.0012655246695514456	0.0015896224507780353	0.0018828537766497116	0.0019908863703919084	0.002145218647166475	0.002546482566780348	0.003086645535491331	0.003518775910460117	0.0038428736916867067	0.004367603432720233	0.0052164309549803485	0.006358489803112141	0.007022118593242778	0.00784007966014798	0.00871977363776301	0.009692066981442779	0.010957591650994225	0.01277871251693411	0.015973390646167637	0.01876680485578729	0.021652818431471686	0.026205620596321397	0.03001762783265319	0.03335120501098383	0.03634525118041042	0.03933929734983701	0.042070978648746836	0.04437052957268788	0.047210243465339904	0.04984932539818499	0.052349508281932966	0.054895990848713314	0.057457906643171124	0.06023588762511332	0.06335339961595957	0.06657894420054801	0.07032921852616997	0.07460422259282547	0.07991325291387055	0.08566984683756189	0.09142644076125321	0.0977694973366879	0.10486878206831796	0.11221499844278733	0.12264786035274802	0.1332659209948382	0.14399201423067057	0.15425511063617925	0.16553680006840008	0.17899457460314228	0.19416543741008216	0.20799360940908332	0.22359660259099198	0.23973975874161166	0.25950972339643363	0.27613130960505444	0.2937406223850325	0.3117511990846244	0.3351788386990036	0.3570631555456371	0.3808611926242753	0.4052919920376892	0.42992342341091	0.45682353925271696	0.48628557088898167	0.5159482344850533	0.5473239863533228	0.5773724806413308	0.6068808119606279	0.6391362578065124	0.6729813261031748	0.7095272092433922	0.747338617053161	0.7798255613142072
209198_HY5CNBGXT_TCDM_2_H09_X5_36_2_o_GTAGAA_S72_R1_001 - polya	0.006142424615627748	0.014075103641840468	0.023180707971539892	0.039138665390030074	0.06818399987900349	0.10704486717083934	0.15346801602462895	0.19987573165074113	0.24387586375917003	0.2811625418279053	0.3195912787447724	0.3641933067326221	0.41191284671131806	0.4527800336012233	0.4919804319019632	0.5316283938053493	0.5724955806952545	0.6152764878171644	0.6585975579077852	0.7032613188063448	0.7505487284100719	0.8001665553930951	0.8528247282285772	0.9060539304881252	0.9583108394039934	1.010382549587732	1.0605251063117889	1.1137234421159818	1.17138198071896	1.2318802332145902	1.2964374245893913	1.3639114959952316	1.4386237511817994	1.5291704979654377	1.6149329441690643	1.7056957561401869	1.8015052335618378	1.8969443135192297	2.001288365846514	2.1061725811425096	2.2201006678574946	2.3408348079782377	2.4679274379020932	2.605221431320748	2.757964085644536	2.9277141568688823	3.095411608812126	3.2749926460670116	3.4695902138520625	3.6775375235781134	3.9030169799457552	4.132709707469343	4.376693603822255	4.637144754107013	4.9117327409443226	5.20616785857484	5.5116994669054495	5.827926302016537	6.167488177375938	6.522406114274409	6.884948065645543	7.2655160269439465	7.649432998648358	8.068445130091305	8.523756213031632	8.998883560309812	9.502408046514514	10.015640032928335	10.532097563926744	11.076813334802576	11.662349992885282	12.252887016735484	12.843485773496395	13.441075782395194	14.059608681252302
209198_HY5CNBGXT_TCDM_2_H09_X5_36_2_o_GTAGAA_S72_R1_001 - polyg	0.0	0.0	0.00012346582141965323	0.00021606518748439315	0.002546482566780348	0.004444769571107516	0.004506502481817343	0.004537368937172256	0.004583668620204626	0.004599101847882083	0.004614535075559539	0.0046454015309144525	0.004722567669301736	0.004722567669301736	0.004846033490721389	0.004861466718398846	0.004938632856786129	0.0049540660844635855	0.004969499312141043	0.005031232222850869	0.0050620986782057825	0.005123831588915609	0.005154698044270522	0.0052164309549803485	0.0053244635487225455	0.005417062914787285	0.005463362597819655	0.005478795825497112	0.005540528736206939	0.0055868284192393085	0.005648561329949136	0.005663994557626592	0.005725727468336418	0.005787460379046245	0.005864626517433529	0.005926359428143355	0.006034392021885552	0.006142424615627748	0.0063739230307895975	0.006528255307564164	0.006728887267371101	0.007022118593242778	0.007253617008404627	0.0076857473833734135	0.00821047712440694	0.008688907182408096	0.009213636923441623	0.010278529633186132	0.011374288798285554	0.012562647329449715	0.013766439088291334	0.01526346217300463	0.017100016266621974	0.01895200358791677	0.020587925721727175	0.022486212726054344	0.024153001315219663	0.026128454457934113	0.028428005381875156	0.031205986363817353	0.03443153094840579	0.03804290622493065	0.042996972309394234	0.04924742951876418	0.05759680569226823	0.06775186950403471	0.08070034752542084	0.1068133687556775	0.15133823060513996	0.20583295753423939	0.26491135308354347	0.315995336695925	0.35908490837138396	0.401603450622777	0.4372542065577019
209199_HY5CNBGXT_TCDM_2_A10_A03_4_2_i_GACATC_S73_R1_001 - illumina_universal_adapter	0.0018663313323234968	0.0026902073258717072	0.0032618763826194447	0.003614966094140106	0.003900800622513975	0.004203448946674542	0.0049264421655025635	0.005514925018036999	0.006002525095851246	0.006574194152598984	0.007515766716654082	0.008591849647002764	0.009936953309938618	0.010710387916126734	0.011366125951807962	0.012559905452663533	0.013703243566159007	0.015233298982748542	0.017856251125473455	0.02120219648702639	0.02488441776431329	0.029121494302561227	0.0339638674891303	0.03811687504844475	0.042471648157199574	0.046322007392353454	0.05013873903593394	0.05383777410900754	0.056864257350613207	0.060580106219473503	0.06448090684198748	0.06844896264764824	0.07223206669965533	0.07658683980841016	0.08097524050873839	0.08522913084277302	0.08928125562736727	0.09420769779286985	0.10021022288872108	0.10670034806238658	0.11416567339168057	0.12129472280524059	0.12810431009885334	0.13570414579444093	0.14355618842682896	0.15315686582103363	0.16391769512452045	0.17461126924486048	0.18471636051266607	0.19586390711924698	0.209230874769672	0.2230013735189778	0.2368895688387905	0.2514839435816445	0.2671207736632738	0.2852964869086945	0.3012191515186977	0.318638243953717	0.33718386070644507	0.3587727744965655	0.3801094813498855	0.403144381577662	0.4270031577989867	0.4510300719781784	0.47614988288350546	0.5050527978408396	0.5327283057057448	0.5637161313406295	0.5932915981294316	0.6231528994466076	0.6565955392663502	0.69025675843132	0.7264232331685077	0.7624215699478285	0.7903660985453208
209199_HY5CNBGXT_TCDM_2_A10_A03_4_2_i_GACATC_S73_R1_001 - polya	0.004657421432915393	0.01203867778327589	0.020899548162865825	0.037040792118096064	0.0661454726248706	0.10898702428937754	0.16117704641128866	0.21417413073096128	0.26069790367275514	0.3057084349937461	0.3464314483891291	0.3940817456486317	0.44854163020174703	0.4940733891921257	0.5386803894142359	0.5832033206574126	0.6301138109023006	0.6776968529786564	0.7273816195283495	0.7769991308948958	0.8301139117850753	0.8849605136412847	0.9438928678736618	1.0023376220282247	1.0580921688569158	1.1142166191929144	1.1700047936131788	1.2267345405974983	1.2877686193032127	1.3492230429035945	1.4152844465495318	1.4874156304744668	1.5649440428469321	1.653233284522884	1.7397907052328063	1.8318630509607654	1.9282901697974795	2.027710144284226	2.1356883408264014	2.247500082807944	2.36805499859857	2.4990680953685223	2.6330740477885066	2.778832843463393	2.9380763033592117	3.110905310250682	3.2882404144129875	3.47282226455936	3.671241868638185	3.8827762334306346	4.1113429733550095	4.347627245545479	4.604726996919881	4.864399259049647	5.1508727116634105	5.449199890306796	5.749763303789813	6.062819367542346	6.392437020144777	6.7279395012725525	7.076691253480246	7.437179035147055	7.811857660457837	8.210647268926744	8.64329986211006	9.095372389427014	9.58369546046009	10.099088742709748	10.617239487468426	11.135070770107156	11.672826400753124	12.225142778550373	12.7666142580652	13.318728870313008	13.900704783877991
209199_HY5CNBGXT_TCDM_2_A10_A03_4_2_i_GACATC_S73_R1_001 - polyg	0.0	0.0	8.406897893349085e-05	0.00018495175365367987	0.002303490022777649	0.0038503592351538806	0.003867173030940579	0.003917614418300673	0.003917614418300673	0.003934428214087371	0.003968055805660768	0.0040184971930208625	0.004052124784594258	0.004052124784594258	0.004052124784594258	0.004052124784594258	0.004085752376167655	0.0041361937635277495	0.0041361937635277495	0.004169821355101146	0.004169821355101146	0.004186635150887844	0.004203448946674542	0.0042538903340346365	0.004270704129821335	0.004337959312968128	0.004354773108754826	0.004371586904541524	0.004388400700328222	0.00440521449611492	0.004438842087688317	0.004489283475048411	0.004506097270835109	0.004522911066621807	0.004640607637128695	0.004657421432915393	0.004758304207635582	0.004943255961289261	0.005010511144436055	0.005077766327582847	0.005212276693876432	0.005346787060170018	0.005481297426463603	0.0055989939969704906	0.0057335043632640754	0.0059520837084911515	0.006120221666358134	0.006372428603158606	0.006843214885186155	0.007263559779853609	0.007734346061881158	0.00835645650598899	0.00909626352060371	0.009651118781564749	0.010306856817245977	0.0110130362402873	0.011820098438048814	0.012728043410530514	0.013703243566159007	0.014913836862801276	0.01664565782883119	0.018982775443182234	0.022143769051081487	0.02617908003988905	0.031895770607366425	0.040050461563915035	0.05622533311071868	0.09778903629543655	0.16465750213913516	0.24109301778546505	0.3222868376394305	0.3855235235932023	0.43939492529378327	0.4857169326861367	0.5241028284671686
209200_HY5CNBGXT_TCDM_2_B10_A03_4_3_o_CGATCT_S74_R1_001 - illumina_universal_adapter	0.0017255443630265965	0.0026088587393378305	0.0030607870248924155	0.0033894621416593862	0.0036975950636284212	0.004046812375193328	0.004930126751504562	0.0061626584393807025	0.0070870572052878075	0.007970371581599042	0.009511036191444217	0.011503629086843978	0.014358994163757036	0.016392671448752668	0.018077131422183392	0.02031623065515838	0.0222266547713664	0.025102562043077394	0.028101722483576	0.032374499001546625	0.03697595063628421	0.04200878836177845	0.04915747215146007	0.05636778252553549	0.06405056337996343	0.07208256154595628	0.07892311241366885	0.08543498816461446	0.0915565622143993	0.09936259623761486	0.10731242562441597	0.11419406088172442	0.12089081638585145	0.12832709090270417	0.1362974624843032	0.14463759357226508	0.1535734483093671	0.1640499676563143	0.17491678870442226	0.1878378292323238	0.20201194364289943	0.21694611926099866	0.23370855021611417	0.2503271858076441	0.26733612310033483	0.29124723784513196	0.3173358252385103	0.3432600750735051	0.36678088811714143	0.39100013578390763	0.41945107557904854	0.4512503931262529	0.48370706090699134	0.5186698764530778	0.5595899284905657	0.6072478204217765	0.6525228177564267	0.6928471461447744	0.7429084748673437	0.8078628948184162	0.8693867682382336	0.9290823863210347	0.9939751796877134	1.0562180299254584	1.121542209382894	1.190831032436331	1.2628725095926914	1.3356535057617775	1.4043055207764785	1.4684793373252296	1.5375011118462933	1.6102410236257836	1.6893490157926339	1.7676353201675667	1.836225708597874
209200_HY5CNBGXT_TCDM_2_B10_A03_4_3_o_CGATCT_S74_R1_001 - polya	0.0027937384925192515	0.009100192295485504	0.016084538526783633	0.030464074885338605	0.06224285023774509	0.11142086458400309	0.17310907556220392	0.2350643350727779	0.2907542251699815	0.3408360960873487	0.3920477877186023	0.44572454272560824	0.5100216124431469	0.5695528929675645	0.627831099609308	0.6879991881724616	0.7525427642275755	0.8201265851127838	0.8931335454246472	0.9688726176446361	1.0485557912658285	1.1370721086501334	1.2279713206309988	1.3173504101968168	1.4068527529314225	1.4985941948990034	1.5900480461394129	1.684234009287948	1.7833706413827854	1.8882385458262472	1.9988582648131308	2.116914258316867	2.246206832375074	2.394665274179755	2.540021844569948	2.701298615928541	2.872127507868174	3.0488725519096125	3.239134360128093	3.443200523250786	3.6646042987829364	3.9063448471650437	4.154699982272086	4.42811659503261	4.727272577874947	5.044895993840628	5.370428154803515	5.7049988814774935	6.061714094143646	6.435972341167236	6.835743994129863	7.250264942957406	7.690977190152318	8.155312961364857	8.654981307629843	9.174287992121657	9.71569807821605	10.274897705005454	10.853263199541335	11.437298339841442	12.037233138915154	12.655943504034179	13.285089304110555	13.964111553156318	14.688778559043095	15.447627777073636	16.25175199243883	17.08543642611825	17.907966448022393	18.742164436571763	19.609989998005354	20.497782572782537	21.374009891888484	22.256851797719364	23.175930135173804
209200_HY5CNBGXT_TCDM_2_B10_A03_4_3_o_CGATCT_S74_R1_001 - polyg	0.0	0.0	6.162658439380702e-05	0.00012325316878761405	0.0019104241162080176	0.003594884089638743	0.003594884089638743	0.0036154262844366788	0.0036154262844366788	0.0036154262844366788	0.003635968479234614	0.003635968479234614	0.003635968479234614	0.003635968479234614	0.0036770528688304855	0.0036975950636284212	0.0037592216480222284	0.003779763842820164	0.003820848232416035	0.003820848232416035	0.003820848232416035	0.003820848232416035	0.0038619326220119066	0.0038824748168098423	0.003903017011607778	0.003903017011607778	0.003903017011607778	0.003923559206405714	0.003923559206405714	0.003964643596001585	0.004005727985597457	0.004046812375193328	0.00412898115438507	0.004211149933576813	0.004211149933576813	0.0042522343231726845	0.004313860907566492	0.004375487491960299	0.0043960296867582346	0.004539825050343784	0.004621993829535527	0.004663078219131398	0.004786331387919012	0.004991753335898369	0.005197175283877725	0.0054025972318570824	0.00550530820584676	0.005813441127815796	0.006121574049784831	0.006594044530137351	0.006902177452106386	0.0072308525688733576	0.007621154270034135	0.007949829386801105	0.008381215477557755	0.008935854737102018	0.009901337892604995	0.011380375918056363	0.015160139760876528	0.020357315044754253	0.025492863744238172	0.031450100235639517	0.0377770962334037	0.04619939610055733	0.05616236057755613	0.06727568796323934	0.08348347965881057	0.1225958185540801	0.182661196143244	0.25846189494762667	0.3364195242057925	0.40443473118175755	0.46232263612234026	0.515752884791771	0.56651264813747
209201_HY5CNBGXT_TCDM_2_C10_A27_4_1_i_CGTCGC_S75_R1_001 - illumina_universal_adapter	0.0017879096441548977	0.0026818644662323465	0.003128841877271071	0.003299118986238204	0.003724811758656037	0.0041930738083156525	0.005129597907634885	0.005938414175228768	0.006470530140751058	0.007087784660756916	0.008364862978010415	0.010301765092511553	0.012877206365639441	0.014111715405651157	0.01517594733669574	0.01675101059464172	0.018666628070521968	0.020922799764336482	0.023902649171261312	0.028414992558890337	0.03303375913962382	0.0381846416858796	0.04350580134110251	0.04835869894666581	0.05406298209706476	0.05995882699505175	0.06474787068475236	0.06908993696341426	0.07377255746001042	0.07896600928350798	0.08386147616631306	0.08769271111807356	0.09150266143121316	0.09599372018022129	0.10022936326577873	0.10508226087134202	0.10978616600655908	0.1161077036769639	0.12342961936255062	0.13168805914745657	0.14020191459581322	0.14897118570762058	0.15846413453253824	0.1677016676940052	0.17936564965825383	0.19307295693010806	0.20792963468749043	0.2224883275041803	0.23613178086017184	0.2511374510879005	0.2683354390935809	0.2884281379517026	0.3064775115022187	0.32493129318653174	0.3459818007825936	0.3691820568793655	0.390892388272675	0.41119793351700556	0.43546242154482206	0.46543119272303746	0.49403774702951586	0.5226017320587524	0.5522512336576545	0.5831139596579473	0.6158071645796369	0.6512886571606633	0.6855569253402988	0.7233797281696233	0.7584142433396108	0.7921291109151032	0.8297816366354606	0.8707971352579187	0.9122808959300366	0.9542542032904349	0.9906935046094013
209201_HY5CNBGXT_TCDM_2_C10_A27_4_1_i_CGTCGC_S75_R1_001 - polya	0.005087028630393102	0.015388793722904656	0.0252010121271357	0.04261184651902506	0.07490064330691767	0.12202483321357177	0.18260091472862938	0.2444327899223196	0.30181617564424346	0.35066442127918973	0.39544730093754576	0.44467867006766815	0.499316337407497	0.5446313330313752	0.5896483437145611	0.6342609462639499	0.6819385367747473	0.7284029028841537	0.7755696620680496	0.825375716440936	0.8801410916124902	0.937928885468211	1.0004844383750116	1.062252459652839	1.1247654432823977	1.1843624314208943	1.243725288534561	1.3034286998661622	1.371007427487493	1.439586533124006	1.5158706779412816	1.5934531857144316	1.6805073576738785	1.7840996938417581	1.8857551278951366	1.9913907893706218	2.0996231767578557	2.210877982829256	2.3330943777904163	2.4591207230647156	2.5942781783073774	2.7395671215335837	2.892710096410899	3.0554524433062364	3.2349670854348367	3.429231982127715	3.6277538065447708	3.8400042228723024	4.059917109103355	4.297304683642159	4.551060145280429	4.818565483467795	5.0982243503076905	5.4005726419174565	5.726121189623994	6.064483089780309	6.4157434809408835	6.786287754691986	7.167474347753534	7.576139409274654	7.997766815715896	8.435868532449708	8.88231382752291	9.36498557752887	9.889119803568327	10.428174561281029	10.999134992286447	11.565029679300093	12.143205602797993	12.75092460470169	13.40306464740719	14.055864513909937	14.70285367406918	15.351268905016022	16.01860617969684
209201_HY5CNBGXT_TCDM_2_C10_A27_4_1_i_CGTCGC_S75_R1_001 - polyg	0.0	0.0	4.256927724178328e-05	0.00012770783172534982	0.002022040668984706	0.003533250011068012	0.003533250011068012	0.003533250011068012	0.003533250011068012	0.0035545346496889036	0.003597103926930687	0.003597103926930687	0.00363967320417247	0.0036822424814142536	0.0037035271200351453	0.0037460963972769283	0.00376738103589782	0.00376738103589782	0.003788665674518712	0.0038099503131396035	0.0038525195903813866	0.00389508886762317	0.00389508886762317	0.003916373506244061	0.004001512060727628	0.004044081337969412	0.004065365976590303	0.004065365976590303	0.004086650615211194	0.0041079352538320865	0.004171789169694761	0.004214358446936545	0.004235643085557436	0.004299497001420111	0.004384635555903678	0.004512343387629027	0.004725189773837944	0.005087028630393102	0.006832368997306216	0.009067256052499839	0.011174435275968111	0.012749498533914091	0.01453740817806899	0.015942194327047837	0.01853892023879662	0.023306679289876345	0.02843627719751123	0.0364180166803456	0.046251519723197534	0.05538262969156005	0.06315152278818549	0.06926021407238139	0.07424081950967004	0.0784126086793648	0.08183943549732835	0.08454258460218159	0.08726701834565571	0.091140822574658	0.09733465241333747	0.10533767653479272	0.11566072626592516	0.12826123232949302	0.14748126100415818	0.17119234842783146	0.2009057039425962	0.22974638927390434	0.26037498424936745	0.2961118924938445	0.3498981742888376	0.42739554350750414	0.5277313299663873	0.6220435636955581	0.7078845112536142	0.7905753322957781	0.8630495267999142
209202_HY5CNBGXT_TCDM_2_D10_A27_4_1_o_ATGGCG_S76_R1_001 - illumina_universal_adapter	0.005953629345980285	0.009404028171491587	0.01123070990264463	0.012583807481276512	0.013598630665250425	0.015898896548924627	0.020296463679478245	0.025438234478279403	0.028956288182722296	0.03200075773464403	0.0381573517174191	0.0474260701310475	0.06082173615950314	0.07029341920992632	0.07834434980278603	0.08835727188466196	0.0970847512668376	0.10533864649649209	0.11379550636294136	0.1262440040863547	0.141195732330237	0.1586506910945883	0.17989432307910885	0.20025844163751869	0.22102848946951809	0.25032305204689836	0.27488177309906703	0.2993051843933725	0.32237549810904614	0.35031696310779453	0.3821147562056438	0.4074853358049916	0.4303526848838704	0.4554526449674918	0.47919950747248136	0.5046377419507608	0.5313614191287405	0.5649182390788111	0.6015871834597352	0.6393386059035647	0.6855468882138436	0.7308756570980116	0.7827669492385443	0.83350810843724	0.8909471006501634	0.9714564065787604	1.0492595173500936	1.1280097964264693	1.192214276532552	1.2595985359484199	1.3367250979304373	1.4200082538952297	1.5007205244606214	1.5865745658248145	1.6849447597913523	1.8034084528005736	1.9061085590187337	1.9960218931188223	2.1079907177506105	2.268941674728873	2.420826877930302	2.5633080529602394	2.707345290205603	2.8452935883471238	2.9979906500957316	3.1487257203553236	3.304670216292648	3.456014180462624	3.5889560175632065	3.7071490910567015	3.8291308377703657	3.954765947946336	4.091496458267088	4.233301084507709	4.375173365627262
209202_HY5CNBGXT_TCDM_2_D10_A27_4_1_o_ATGGCG_S76_R1_001 - polya	0.005885974467048691	0.015357657517471873	0.02692664181477447	0.054191558024206915	0.11636639176234194	0.22400530414250824	0.36946329384543564	0.5147859737905	0.6497574572590302	0.7769486296504272	0.9124613521504104	1.0663085468408555	1.2560128273650455	1.4304271052506952	1.609509569782625	1.7934631855976293	1.9887828210731417	2.182749358970022	2.386864128706642	2.601736024193385	2.8193141148373915	3.0448754811953265	3.2743608305312937	3.502899011562219	3.7254835632471637	3.942114485586128	4.160369125019451	4.383427260856917	4.60087004174306	4.826499062979927	5.059096536746748	5.307186977788903	5.567387642159814	5.856882869108106	6.1566616376539995	6.463611823366642	6.793023428884574	7.127035566169854	7.482697264713245	7.863458923340256	8.251121379618292	8.672273000967465	9.114600599422227	9.578848378650827	10.086868864548167	10.606661299379605	11.128618690336854	11.67121081936824	12.21617086916223	12.786027914403046	13.370701378129883	13.9846694044341	14.606958980846903	15.263211306483367	15.942466290956572	16.630584064569817	17.337306929889248	18.04612709645556	18.768545893687122	19.48852911527715	20.20783578807786	20.910567015540327	21.633865326198	22.37198005534169	23.143719259314384	23.933589970840746	24.747478164387825	25.54479091259666	26.335202863154475	27.121893795371054	27.93409061694484	28.742228145782732	29.550365674620625	30.363577319378386	31.17969812393021
209202_HY5CNBGXT_TCDM_2_D10_A27_4_1_o_ATGGCG_S76_R1_001 - polyg	0.0	0.0	6.765487893159415e-05	6.765487893159415e-05	0.0010148231839739123	0.002232611004742607	0.002232611004742607	0.002232611004742607	0.002232611004742607	0.002232611004742607	0.002232611004742607	0.002232611004742607	0.002232611004742607	0.002232611004742607	0.002232611004742607	0.002300265883674201	0.002300265883674201	0.002300265883674201	0.0023679207626057953	0.0023679207626057953	0.0024355756415373893	0.0024355756415373893	0.0024355756415373893	0.002503230520468984	0.002503230520468984	0.002503230520468984	0.002638540278332172	0.002638540278332172	0.002638540278332172	0.002706195157263766	0.002706195157263766	0.00277385003619536	0.0028415049151269546	0.0029091597940585487	0.0029768146729901427	0.0031797793097849253	0.0033150890676481135	0.0036533634623060842	0.004059292735895649	0.004329912251622025	0.0047358415252115905	0.0054800451934591266	0.0060889391038434736	0.0066978330142278214	0.007915620834996516	0.00913340865576521	0.010824780629055064	0.013936905059908395	0.017996197795804043	0.02327327835246839	0.027400225967295633	0.03112124430853331	0.03423336873938664	0.036871909017718814	0.04099885663254606	0.045058149368441706	0.05337969947702779	0.07218775582001095	0.10276776109709151	0.14031621890412627	0.18239755359957782	0.22840287127306186	0.2788057560770995	0.3401687312680554	0.4123564870880664	0.49110676616444193	0.5825761624799572	0.7046255640725531	0.882016656631193	1.1260478049374532	1.4002530292472042	1.6557855069718352	1.8902773173487406	2.111102842181464	2.315826505828468
209203_HY5CNBGXT_TCDM_2_E10_A27_4_2_o_ATTGGT_S77_R1_001 - illumina_universal_adapter	0.0020612148177322604	0.002921290065419103	0.0036034187101362538	0.00406311410114129	0.004522809492146326	0.004863873814504902	0.005264253671186708	0.005768435712934167	0.006331933289004857	0.006895430865075547	0.007844479414247235	0.009104934518615883	0.011032689384120876	0.011981737933292564	0.012886299831721829	0.014028123867444016	0.01525892120465105	0.017186676070156042	0.02050834599225695	0.025179444320211353	0.029420505024322335	0.033290843638913124	0.03852543954293822	0.04350794442608958	0.04889082916592275	0.053680558562523614	0.05815888140392752	0.06196990448419508	0.06554366542716972	0.069992330501412	0.0736698936294523	0.0775698900112047	0.0812622820228258	0.08535505389112871	0.08925505027288111	0.09305124446956786	0.09751473842739096	0.10274933433141606	0.10869571664731992	0.11498316328558235	0.12198239633572355	0.12912991822167283	0.13679645103295038	0.1442108928233542	0.15207020112118222	0.16182760651735364	0.17213368060601494	0.18261770129764596	0.19255305329678707	0.20345228272868066	0.2161309781902712	0.23085605958601316	0.2449286701041996	0.26020242019243145	0.2765883365492239	0.29347843494776377	0.30987918018813704	0.3274662361149749	0.34625443161185815	0.368156692660711	0.39035553138118	0.41245056791658335	0.4370071991264008	0.46196421019290007	0.487558863253374	0.5150367845286106	0.5433599521679531	0.5723059329176896	0.602111988915113	0.631013483014107	0.6609085123130152	0.6935765428415344	0.7278016061460384	0.7625160226087091	0.7907205591794052
209203_HY5CNBGXT_TCDM_2_E10_A27_4_2_o_ATTGGT_S77_R1_001 - polya	0.01000949641704515	0.02256956080998921	0.036805289047564534	0.06108017146934662	0.10537404672521901	0.16418539900670207	0.2365651797646241	0.3126076947670056	0.38181409443863484	0.45149501838484984	0.519396476301368	0.5954093335365879	0.6797856811113833	0.7489179363651085	0.8129193978998742	0.8753341688914935	0.9386238440143805	1.0040043917221613	1.0702895013283713	1.1391400077940612	1.2063148504151198	1.2808151615250973	1.356071745697696	1.429697152676406	1.5009054516314442	1.57005253576875	1.6369456296017733	1.7014661020618673	1.7717994968856379	1.843408175697358	1.9177453690879465	1.9941882639470099	2.08012164429779	2.1798458863787213	2.2761149985853244	2.378701215197352	2.4863440811104343	2.5950842844084967	2.718846146773917	2.8480798671806555	2.9811394395512423	3.121079613903324	3.267247919359345	3.4203413134476026	3.596404648202532	3.8007763217132227	4.0054594017791105	4.212678220937316	4.426836957611339	4.65451963611106	4.886591664150699	5.122430228619864	5.36528285502275	5.626819874737454	5.9036306445403905	6.1904805685275335	6.496919447724923	6.817119530885302	7.1591032440258875	7.521254238836372	7.893726136619097	8.276622739559132	8.662514776982489	9.079651272110606	9.525659603570558	9.977035990886762	10.45548991962152	10.937977304690257	11.425847574498828	11.945792719492687	12.505820336805467	13.067953655586722	13.63819837368668	14.203282640300516	14.800337979914573
209203_HY5CNBGXT_TCDM_2_E10_A27_4_2_o_ATTGGT_S77_R1_001 - polyg	0.0	0.0	7.414441790403814e-05	0.0002076043701313068	0.002520910208737297	0.00462661167721198	0.00462661167721198	0.004685927211535211	0.004760071629439248	0.004760071629439248	0.0047749005130200564	0.004789729396600864	0.004819387163762479	0.004923189348828133	0.004982504883151363	0.0050121626503129785	0.005056649301055401	0.005086307068217016	0.0051159648353786315	0.005160451486121055	0.00519010925328267	0.005219767020444285	0.005264253671186708	0.0053532269726715535	0.005397713623413977	0.005486686924898823	0.005546002459222053	0.005605317993545284	0.005664633527868514	0.005679462411449321	0.005723949062191745	0.005783264596514975	0.005827751247257398	0.005916724548742243	0.006005697850227089	0.0061688155696159735	0.006257788871100819	0.006465393241232126	0.006702655378525048	0.007043719700883623	0.0074292706739846216	0.00800759713363612	0.008393148106737117	0.008956645682807808	0.009683260978267381	0.010795427246827954	0.011981737933292564	0.014413674840545015	0.01739428044028735	0.020968041383261988	0.024141422469554818	0.027374119090170883	0.030844077848079868	0.03423989218808481	0.037353957740054414	0.04097220533377148	0.0452874104557865	0.05019577092103382	0.056883597415978066	0.06406077706908896	0.07338814484141695	0.08448014975986105	0.09683260978267381	0.11213601763806728	0.12981204686638997	0.1497272375154146	0.17714584325632793	0.22611081684015472	0.30818868745992495	0.41452661161789645	0.5314671875361454	0.6305241298559403	0.7174955320573772	0.8004334779248342	0.8675638338951503
209204_HY5CNBGXT_TCDM_2_F10_X4_24_1_o_GCCACA_S78_R1_001 - illumina_universal_adapter	0.0023818688175824263	0.003539721715018328	0.004250974209157525	0.004780278390842508	0.0052765010611721804	0.005971212799633721	0.006682465293772919	0.007526043833333361	0.00830345935018318	0.009213200912454245	0.010619165145054984	0.012223618445787591	0.014688191041758296	0.016193399808424967	0.01726854892747259	0.018724135427106294	0.020444374017582492	0.022677376034066016	0.02646520908424918	0.03208906601465213	0.03683626289413933	0.042030060176923234	0.04795165070952399	0.05331085554908444	0.05865351963296725	0.06353304255787569	0.06804866885787571	0.07216731702161198	0.07602131309450577	0.08048731712747283	0.08455634302417614	0.08829455380732633	0.0917846532553117	0.09552286403846189	0.09992270504871832	0.10462027966117254	0.10918552822820553	0.11421391795421287	0.12071443493553158	0.12766155232014698	0.13502218859670378	0.1429782920776562	0.15109980311538518	0.1598333221131874	0.1686164633780226	0.17993034026153912	0.1922035809743597	0.20573391911868208	0.21800715983150262	0.23183523157802283	0.2475820309831511	0.2652971803139204	0.28201988430403035	0.2985771807373637	0.317830620346155	0.33923435819304154	0.3586366646029317	0.3776254521208805	0.3983013967179502	0.42268247058681474	0.44612072138205294	0.47063412129633875	0.497959449675826	0.5239615176011008	0.5509064086000021	0.5811429099787567	0.6124214789652037	0.6461315390362661	0.6780221159827864	0.7101442635087938	0.744582116829673	0.7796816003776585	0.8182215611065964	0.8573073667728969	0.8901573075487212
209204_HY5CNBGXT_TCDM_2_F10_X4_24_1_o_GCCACA_S78_R1_001 - polya	0.0054584493736263935	0.017417415728571493	0.029359841327838934	0.04882831076043974	0.08506910645018347	0.13814839141978072	0.2005566625915758	0.2628822299849827	0.3180621909256422	0.3662288714589757	0.4115340012600748	0.4610404830032984	0.5161377401655697	0.5628984564663024	0.6075419560402953	0.6523177816597093	0.6996078021421271	0.7485849797036658	0.7970824753505523	0.8489212036443254	0.9011403693186846	0.9568165529296738	1.0179181044029342	1.0762738904337035	1.135258225180224	1.19406061161429	1.2505307514978068	1.3095150862443272	1.376554769005866	1.4461417281417634	1.519433816549456	1.597522724103669	1.6855030035531198	1.7915954104696037	1.8911707596490912	1.9968000254066007	2.106299827992682	2.2143771255904845	2.333520188736639	2.4597426953128294	2.5841291780088005	2.7170672313901196	2.8558607122813293	3.0051244915164945	3.16743892698133	3.3433829451245543	3.5278785339531264	3.724448874426387	3.9336894337487323	4.1604466533337146	4.403645384062287	4.650003399125292	4.91348109631467	5.198164042282803	5.502050805592694	5.825389497579509	6.162308149977679	6.507778373061196	6.888381161204054	7.291280888000393	7.695355008449845	8.132824914612485	8.56622579487842	9.040746993759008	9.572697696352416	10.114142792704799	10.687858903384289	11.258845789376965	11.835737725146563	12.453700357263783	13.12055746316415	13.781559141554629	14.432404795959027	15.07588981408687	15.753862307802622
209204_HY5CNBGXT_TCDM_2_F10_X4_24_1_o_GCCACA_S78_R1_001 - polyg	0.0	0.0	4.962226703296722e-05	0.0001323260454212459	0.002348787306227115	0.0038043738058608197	0.0038374553172161314	0.0038870775842490984	0.003903618339926754	0.003936699851282066	0.003936699851282066	0.003953240606959721	0.004052485141025656	0.004102107408058623	0.004168270430769246	0.004250974209157525	0.004284055720512836	0.004366759498901115	0.004399841010256427	0.004432922521611738	0.004515626300000016	0.004598330078388295	0.004614870834065951	0.004614870834065951	0.0046810338567765735	0.00469757461245423	0.004714115368131886	0.004747196879487197	0.004796819146520164	0.00481335990219782	0.0048629821692307874	0.004912604436263754	0.00492914519194141	0.005028389726007345	0.0050449304816850005	0.005111093504395623	0.0052765010611721804	0.005326123328205147	0.005375745595238115	0.005425367862271082	0.005524612396337017	0.005656938441758262	0.005789264487179508	0.006086998089377312	0.006351650180219804	0.006682465293772919	0.007062902674359	0.0077410736571428855	0.008584652196703329	0.009593638293040328	0.010569542878022017	0.011495825195970737	0.012372485246886493	0.013166441519413968	0.014076183081685033	0.015101709933699688	0.01579642167216123	0.016755785501465264	0.01789709764322351	0.019170735830403	0.020791729886813264	0.02274353905677664	0.025274274675457967	0.029359841327838934	0.03514910581501844	0.04421343992637379	0.059960239331502053	0.10771340097289417	0.18960668233296774	0.2975516538853491	0.41307229153809677	0.5051050561285733	0.580216627660808	0.6459330499681343	0.6990950387161198
209205_HY5CNBGXT_TCDM_2_G10_A27_4_2_i_CATCTA_S79_R1_001 - illumina_universal_adapter	0.001985487589875277	0.0032489796925231802	0.004061224615653975	0.00433197292336424	0.004723053812279067	0.005219425709747887	0.005986545914926971	0.006558125675648642	0.007114663863719742	0.007701285197091983	0.008964777299739886	0.01024331097503836	0.01183771767599881	0.01295079405214101	0.013853288411175226	0.015131822086473701	0.01669614564213301	0.018440968069599162	0.021328950018508656	0.025766213950426886	0.029737189130177442	0.03411428677149339	0.03969471022485496	0.04438768089183289	0.049095693131461386	0.05387891323434274	0.05784988841409329	0.06156515685878415	0.06544588260263129	0.06937173306443012	0.07347808239803581	0.07743401600513579	0.08042728896259928	0.08433809785174755	0.08842940561270267	0.09258087966426007	0.09692789416027488	0.10226765245122732	0.10834444780205772	0.11434603528963526	0.1216111148798607	0.12893636076068843	0.1359908583338059	0.14399297498390928	0.15151376130919442	0.16120053409616167	0.17103772260963465	0.18150665717443154	0.19250204678199842	0.20397876671438356	0.21742593266399338	0.23151988623757772	0.24659154203344916	0.2611969090771529	0.2769755187876011	0.29320537567756644	0.3094201909948812	0.32580046361135223	0.34296289800565294	0.36359993568223536	0.3839963081964086	0.4038361425225108	0.4267444576693294	0.4497731053973525	0.47356887333055464	0.4997562513151975	0.5256277562741783	0.5531839173700231	0.5816275312522515	0.608702362023278	0.6373114332046627	0.6679360751212238	0.6996888349865776	0.7319830914673521	0.7594941278452451
209205_HY5CNBGXT_TCDM_2_G10_A27_4_2_i_CATCTA_S79_R1_001 - polya	0.004106349333605686	0.012559713163226183	0.022577400548505988	0.03921337990003672	0.07225971501333962	0.12022729019600824	0.1759713584390217	0.23394157943431954	0.28672245786517064	0.3372471003984362	0.38256735879460446	0.4301588946610088	0.4866399999639002	0.5330582931635601	0.5767390201408162	0.6227662324515613	0.670342726745315	0.7172273086971426	0.7662477939653511	0.8173440162593384	0.8701248946901895	0.9245603461126033	0.9843656389712707	1.0424411509751226	1.1015394899192132	1.156711978401505	1.2099140208665722	1.264484846442841	1.3223196932842838	1.3834035198182497	1.4494961900448555	1.5180406366135042	1.595685234635748	1.6835581020603796	1.7690393594335705	1.8595294604994013	1.9529075435141416	2.0463307512468334	2.145334382432887	2.2537991628161493	2.3632416454216987	2.482340817668914	2.6057418796941927	2.7339261618223527	2.8754222357462673	3.026785581328956	3.1857599626728335	3.3564366875388543	3.5340776605420894	3.7251507579222833	3.932453712192443	4.147427868514393	4.368599152768379	4.6094448140493105	4.863331518818286	5.132169546801928	5.41075451386314	5.700500327831076	6.007995197526684	6.330080392693345	6.668019405433708	7.016156604431157	7.3674976584031775	7.754366906975846	8.176523684986751	8.609510395306067	9.065420462344852	9.521902109144358	9.981346945756028	10.478546129720629	11.006941535362511	11.53730738702162	12.06061874110761	12.582155189620833	13.121952107331849
209205_HY5CNBGXT_TCDM_2_G10_A27_4_2_i_CATCTA_S79_R1_001 - polyg	0.0	0.0	0.0001353741538551325	0.00022562358975855419	0.002105820171079839	0.00377543473529314	0.00377543473529314	0.0038055178805942807	0.003820559453244851	0.003820559453244851	0.003820559453244851	0.003820559453244851	0.0038506425985459915	0.0038656841711965616	0.0038957673164977022	0.003910808889148272	0.003925850461798843	0.003925850461798843	0.003925850461798843	0.003940892034449413	0.003970975179750554	0.0040160998977022645	0.004061224615653975	0.004061224615653975	0.004106349333605686	0.004166515624207967	0.004181557196858537	0.004256765060111389	0.004286848205412529	0.00433197292336424	0.00433197292336424	0.004422222359267662	0.004452305504568803	0.004527513367821654	0.004602721231074506	0.004677929094327357	0.004738095384929638	0.0048584279661342	0.004948677402037621	0.005099093128543324	0.005264550427699598	0.0054600908721570115	0.005700756034566136	0.005971504342276401	0.006227211077336096	0.0068288739833589065	0.007475661607333428	0.008769236855282473	0.010679516581904898	0.012619879453828463	0.014108995146234921	0.01565827712924366	0.017042101813096126	0.01824542762514175	0.0192832961380311	0.020351247796221588	0.02147936574501436	0.022923356719469105	0.025074301608500653	0.027631368959097603	0.030534392480657667	0.03453545080570936	0.03958941921630097	0.047155330259537824	0.05690226933710736	0.06937173306443012	0.08668458318523652	0.12707120575201772	0.2050768015178752	0.31096947297788996	0.42710545541294304	0.5249809686502038	0.6057090890658146	0.6788261737202367	0.7377891385104721
209206_HY5CNBGXT_TCDM_2_H10_A27_4_3_i_AACAAG_S80_R1_001 - illumina_universal_adapter	0.0029226763881106134	0.004422269508711871	0.00520267001024926	0.005722937011274186	0.0063503178066277735	0.00693179269012622	0.007727495162281989	0.008599707487529659	0.009410711930303808	0.010129904549367677	0.011614195699350554	0.013664659762213498	0.01638841053228517	0.018086929270925367	0.019448804655961206	0.021239135218311684	0.023090673663135684	0.02589093428629926	0.029808238764604582	0.036189160512469114	0.04148364234642866	0.04680872812162496	0.05296012031021379	0.05894319082200044	0.06524760271677307	0.07106235155175754	0.07568354667850835	0.08032004377587755	0.08477291722582618	0.08921048870515642	0.09373987200819696	0.09782549816330446	0.10172750067099141	0.10631809185650547	0.11126062836624226	0.11614195699350553	0.12177308218106944	0.12793977634027665	0.13442781188246986	0.14160443610249016	0.15026535147249334	0.1594618358141398	0.16933160686299503	0.17946151141236272	0.188811015460193	0.20137393333788312	0.21401336106866514	0.22815238192004844	0.24242912050699714	0.2577310911253773	0.2756650006901189	0.29615433934812996	0.3159244853870771	0.33558751763169564	0.35671953905567866	0.3792134358646975	0.40106464990774443	0.4219059338899782	0.4440172814335376	0.47145371475229325	0.49798733180456445	0.525056517828479	0.5559052905951334	0.5850708465937661	0.6168377375975233	0.6500583158100266	0.6845336556132372	0.7219163698339399	0.7571415061974511	0.7925349642377645	0.8300706981646511	0.8686622680642059	0.9095950394683728	0.9509103601379993	0.98434516593916
209206_HY5CNBGXT_TCDM_2_H10_A27_4_3_i_AACAAG_S80_R1_001 - polya	0.01225687846532252	0.02870649688008121	0.045247927118550184	0.07334234517389618	0.12177308218106944	0.18766336766381447	0.27021749914997556	0.35541887155311636	0.43430053009086617	0.5099840767693745	0.5782155637567317	0.6491095936316871	0.7322758039425833	0.7991148116036679	0.8623578561694332	0.9241625154970707	0.9875585797690198	1.0528979943095031	1.1193544527051282	1.189743517549677	1.2627645213405874	1.340559739964432	1.4210328034464934	1.5053160576125315	1.584549661474504	1.6619470288622709	1.737936614953147	1.8140639187795882	1.8971995251492477	1.9806564729018932	2.069545620224064	2.165351258265742	2.27202129544647	2.3996244284331425	2.520265164788452	2.6456036061236037	2.7749052578489164	2.9059207302834875	3.047616978209688	3.1937048917033635	3.3459441973856276	3.507517705145104	3.674431600650395	3.854994853947281	4.056720732609387	4.291146922482971	4.525267072944188	4.762371107675989	5.009314309515408	5.273487530271123	5.55002474328649	5.832009457842	6.118875501024773	6.4328719381139345	6.764465641414232	7.1203435720859005	7.4852649673930305	7.8638969283742295	8.266017414254643	8.694579705363616	9.13210895125496	9.587220161386824	10.045452973524837	10.551657463551471	11.102497801871921	11.647921242593464	12.231308872419207	12.806969007082671	13.390387240849652	14.00896940309767	14.67948645362447	15.340087827190562	15.99352787850725	16.636853327245188	17.29887778407879
209206_HY5CNBGXT_TCDM_2_H10_A27_4_3_i_AACAAG_S80_R1_001 - polyg	0.0	0.0	0.0	0.0001377177355654216	0.0019433502685342824	0.0034888493009906803	0.0035194532422274404	0.003550057183464201	0.003550057183464201	0.003565359154082581	0.003565359154082581	0.0036112650659377217	0.0036418690071744818	0.0036724729484112423	0.0036877749190296224	0.003733680830884763	0.003748982801503143	0.0037642847721215235	0.0037795867427399036	0.003825492654595044	0.003886700537068565	0.0039632103901604656	0.004055022213870747	0.0041315320669626475	0.004192739949436169	0.004223343890672929	0.004253947831909689	0.004284551773146449	0.0043610616262383505	0.00437636359685673	0.004406967538093491	0.0044987793618037715	0.0045599872442772926	0.004605893156132433	0.0047283089210794745	0.004835422715408135	0.004896630597881656	0.004973140450973557	0.0050955562159205985	0.00523327395148602	0.005478105481380103	0.005707635040655806	0.005952466570549889	0.0063197138653910126	0.0067175651014688975	0.007268436043730584	0.007972326692176072	0.008798633105568601	0.009747355283908172	0.010879701109668306	0.011966141023573297	0.013251506555517233	0.014950025294157432	0.01651082629723221	0.018194043065254028	0.020244507128116974	0.022294971190979916	0.024988118019814827	0.027574151054321077	0.03040501561872141	0.033633731419199626	0.03879049551759375	0.04517141726545828	0.052378645426715345	0.06065701153125902	0.07213348949504415	0.09865180457669699	0.1704945566299919	0.281265521936446	0.4135969638441978	0.5460814254581333	0.6457737640368802	0.7263998472251253	0.7962533430980309	0.8513098333829627
209207_HY5CNBGXT_TCDM_2_A11_X4_24_2_o_GCAGCC_S81_R1_001 - illumina_universal_adapter	0.00047525363142179866	0.0008096913720519533	0.001038517194588375	0.0011265271263331525	0.001249741030775841	0.0013025469898227074	0.001531372812359129	0.0016897906894997286	0.0018130045939424172	0.0019362184983851057	0.0021474423345725717	0.0025522880205985487	0.0031155515837651246	0.003467591310744235	0.003714019119629612	0.0041364667920045445	0.00450610850533261	0.00501656610945232	0.005896665426900095	0.006847172689743692	0.007885689884332067	0.008924207078920441	0.010191550096045238	0.011494097085867946	0.012603022225852143	0.013641539420440519	0.014715260587726804	0.01607061353659638	0.017267548608325353	0.018640503543543883	0.020189478342251967	0.021720851154611094	0.02358666170760038	0.025417268287891752	0.026983845072948792	0.02867363576244852	0.030662660219880494	0.03245806282747395	0.03508075879346832	0.03742182297787941	0.040290946752759155	0.042913642718753524	0.04638123402949776	0.049584795545007665	0.05268274514242383	0.05627355035761076	0.059934763518193504	0.06389521044670848	0.0678908613479214	0.0728722234846758	0.07841684918459678	0.08443672851593957	0.09119589127393848	0.09853591958145293	0.10605196775245693	0.11390245366409109	0.12233380512524078	0.13196209165811942	0.1423824675767011	0.15428141034859502	0.16665560675191074	0.179610668704742	0.19439633723786462	0.20798507069925826	0.2240028782768078	0.23970385010007608	0.2552464040462038	0.27311242019039367	0.2922809833244062	0.31234724776221545	0.33250152213176953	0.3535710997914693	0.37493991121910125	0.3980161153225819	0.41711427051119865
209207_HY5CNBGXT_TCDM_2_A11_X4_24_2_o_GCAGCC_S81_R1_001 - polya	0.0030275416520203473	0.005509421727223074	0.009434664683040151	0.016246633400085933	0.028057566240235077	0.044304199640321014	0.06241664359339623	0.0798778140515601	0.09482190046182332	0.11170220537047165	0.12840649041563043	0.14801510320836686	0.17232344635627442	0.19249532271217742	0.21448020366202286	0.23692273625694113	0.25985812446963014	0.28430728350832934	0.30886205446512227	0.3337864671352433	0.3603126605631192	0.39041205721983313	0.41885686715974524	0.44761851285393855	0.4748487857357727	0.5045433367064607	0.5335338082231904	0.5634395830300658	0.5933277558505923	0.6244480677155456	0.6593528066455243	0.6965458038008673	0.7385793472021731	0.7827779349244004	0.8306553377935594	0.8815602823147387	0.9364432757507819	0.9941249850163091	1.0589178967668142	1.1288681905175635	1.203042960992062	1.2847513816239136	1.3712475425426809	1.4674776019124207	1.570994883630628	1.6796343433763814	1.7945929162214098	1.9174019749780724	2.0430977594959634	2.1808861086355873	2.328584376089673	2.4875479148070903	2.6582519784192606	2.8371409656836954	3.0238980408461136	3.226232873927357	3.439181704777021	3.6564782262548765	3.8913591320953387	4.131432623908743	4.375008911005589	4.633934130198725	4.911183017181123	5.207019601748018	5.521355873967665	5.854737495416883	6.217232802287272	6.602716303329398	6.990224032801653	7.381287363516398	7.788650133590275	8.203546553821505	8.63539368690678	9.07877012105062	9.551700290274358
209207_HY5CNBGXT_TCDM_2_A11_X4_24_2_o_GCAGCC_S81_R1_001 - polyg	0.0	0.0	0.00014081589079164406	0.00017601986348955508	0.002675501925041237	0.004224476723749321	0.004242078710098277	0.004259680696447232	0.004312486655494099	0.0043300886418430546	0.0043300886418430546	0.004400496587238877	0.004435700559936788	0.004453302546285743	0.004453302546285743	0.004488506518983654	0.004488506518983654	0.00450610850533261	0.00450610850533261	0.0045237104916815655	0.0045237104916815655	0.004541312478030521	0.0045589144643794766	0.004576516450728432	0.004646924396124254	0.004734934327869031	0.004734934327869031	0.004752536314217987	0.00485814823231172	0.004893352205009631	0.0049109541913585865	0.004963760150405453	0.004981362136754409	0.004998964123103364	0.005051770082150231	0.005069372068499186	0.005086974054848142	0.005262993918337696	0.005315799877384563	0.005456615768176207	0.005703043577061584	0.005791053508806362	0.006019879331342784	0.00626630714022816	0.006477530976415627	0.006952784607837425	0.007357630293863402	0.008448953447498643	0.00920583886050373	0.010508385850326438	0.011318077222378391	0.012162972567128255	0.012831848048388564	0.013518325515997829	0.013993579147419628	0.01441602681979456	0.014873678464867403	0.015454544014382935	0.016246633400085933	0.016968314840393108	0.018182851898471037	0.0195030008746427	0.021615239236517363	0.024783596779329353	0.029096083434823453	0.034447087284905926	0.040502170588946625	0.05090494452117933	0.06878856265171812	0.09556118388847945	0.12550216266805275	0.15280284349528275	0.17656552506637269	0.19960652519715544	0.21884549627656383
209208_HY5CNBGXT_TCDM_2_B11_X4_24_1_i_ACTCTT_S82_R1_001 - illumina_universal_adapter	0.0006576870461959381	0.000917300353904861	0.0010730683385302149	0.001176913661613784	0.0012807589846973533	0.0014538345231699685	0.0017826780462679376	0.0018865233693515068	0.0021115215693659067	0.002388442430922091	0.0026307481847837526	0.0032192050155906444	0.004015352492564675	0.004396118677204429	0.004586501769524305	0.004828807523385967	0.005313419031109289	0.00576341543113809	0.0064557175850285505	0.007442248154322458	0.00815185786206018	0.008688392031325287	0.009190311092895873	0.009605692385230149	0.010003766123717164	0.010332609646815134	0.010557607846829534	0.011128757123789164	0.011630676185359748	0.012305670785402947	0.013084510708529716	0.013776812862420178	0.014503730124005161	0.015455645585604546	0.016217177954884053	0.01697871032416356	0.018051778662693776	0.019367152755085652	0.020613296632088482	0.022101746262952974	0.023451735463039372	0.024870954878514817	0.026394019617073834	0.02817669766334177	0.030149758801929584	0.03203628217128109	0.034147803740647	0.03672662926388896	0.03947853032560355	0.042593890018110626	0.04610732344910472	0.0502092137109057	0.0540341831111505	0.05860337732682754	0.06370910571176969	0.06935136826597695	0.07457824952784993	0.08158780883599084	0.08890890411338248	0.09711268463698444	0.10595684465293509	0.11445485359194049	0.12456246503874123	0.13602006568562836	0.14844688934796213	0.16225831731807683	0.176363973703595	0.19190615705843583	0.20891948249029393	0.22769817841457268	0.24727302181582547	0.2686305432633462	0.29180535786482936	0.316330161666399	0.33559346909840104
209208_HY5CNBGXT_TCDM_2_B11_X4_24_1_i_ACTCTT_S82_R1_001 - polya	0.001869215815504245	0.004396118677204429	0.00668071578504295	0.010055688785258948	0.015663336231771685	0.022845971078385218	0.03021898901731863	0.037159318110070505	0.04444579827976761	0.052545733480286	0.05972836832689954	0.06954175135829682	0.08080896891286408	0.091193501221221	0.1016299561911197	0.11185872051485127	0.12418169885410148	0.1361758336702537	0.1481007382710169	0.16108140365646306	0.1755505186727737	0.19156000598149062	0.2067214231516917	0.2223847593834634	0.23924231683069613	0.25545949478558017	0.27212666914049305	0.28900153414157304	0.3074167714350593	0.32529547455928043	0.34538954457595106	0.3666086055926937	0.39170455867122295	0.4199158714422592	0.44828295219792086	0.4794538566768389	0.5147093438637106	0.5529763454200058	0.5947740879611425	0.6405698754409964	0.6919386952596687	0.7487074718786865	0.8085050704209751	0.8751564602867793	0.9498731702454073	1.0315129017429399	1.117219908394579	1.2120999185852668	1.3173990761920058	1.43031355749154	1.5529202689455408	1.6876595756464718	1.8416794973332522	2.0034358955897584	2.183140227185875	2.3749079238135327	2.575139014272501	2.7831065813011957	3.0072740187309273	3.2423279075305858	3.495329729669855	3.7649814186101898	4.047077238766705	4.353992091140194	4.687300963130756	5.043317345768926	5.428946953039761	5.841697497189253	6.266597944139524	6.7064867327215225	7.153558156150136	7.6241332377033295	8.102548641149331	8.613848396905132	9.149240267616321
209208_HY5CNBGXT_TCDM_2_B11_X4_24_1_i_ACTCTT_S82_R1_001 - polyg	0.0	0.0	5.192266154178459e-05	6.923021538904612e-05	0.0023711348770748294	0.004205735584884552	0.004274965800273598	0.004274965800273598	0.004274965800273598	0.0042922733541208595	0.0042922733541208595	0.0042922733541208595	0.0042922733541208595	0.004309580907968121	0.0043615035695099055	0.0043615035695099055	0.004378811123357167	0.004378811123357167	0.004378811123357167	0.00441342623105169	0.0044307337848989515	0.0044307337848989515	0.004465348892593475	0.0044999640002879975	0.004551886661829783	0.004586501769524305	0.004586501769524305	0.004586501769524305	0.004621116877218829	0.004621116877218829	0.004673039538760613	0.004673039538760613	0.004690347092607875	0.004724962200302397	0.004742269754149659	0.004776884861844182	0.004828807523385967	0.004846115077233228	0.00486342263108049	0.004898037738775013	0.004949960400316798	0.00498457550801132	0.005019190615705844	0.005036498169553105	0.00508842083109489	0.005192266154178459	0.005261496369567505	0.005330726584956551	0.005538417231123689	0.00576341543113809	0.005919183415763443	0.00610956650808332	0.006438410031181289	0.0065249478004175965	0.00668071578504295	0.00690571398505735	0.0070614819696827045	0.0071999424004607964	0.007407633046627934	0.0078057067851149495	0.00815185786206018	0.008671084477478027	0.009224926200590395	0.009986458569869903	0.011042219354552857	0.012738359631584486	0.015542183354840854	0.025044030416987433	0.04136505369495506	0.06360526038868612	0.08728199405173989	0.10548954069905903	0.12042595966924573	0.13252393980848154	0.14180078867061371
209209_HY5CNBGXT_TCDM_2_C11_X5_36_3_o_TGCTAT_S83_R1_001 - illumina_universal_adapter	0.04390641660917017	0.06063267055552071	0.06690501578540216	0.0710865792719898	0.08154048798845888	0.08781283321834034	0.10662986890798469	0.13799159505739195	0.16935332120679922	0.2007150473562065	0.2529845909385519	0.309435698007485	0.38679462250935626	0.40770243994229444	0.4348826026051141	0.4495180748081708	0.4766982374709904	0.5080599636203976	0.5415124715130988	0.5812373246356812	0.6146898325283824	0.6355976499613205	0.654414685650965	0.664868594367434	0.6774132848271969	0.6899579752869598	0.6920487570302536	0.6920487570302536	0.6983211022601351	0.7045934474900165	0.7087750109766041	0.7108657927198979	0.7171381379497794	0.7317736101528362	0.7422275188693053	0.7464090823558929	0.7547722093290682	0.7610445545589496	0.7735892450187125	0.7861339354784754	0.8049509711681198	0.8258587886010579	0.836312697317527	0.8530389512638775	0.8634928599803466	0.8760375504401096	0.8948545861297539	0.9136716218193983	0.928307094022455	0.9575780384285685	0.9826674193480942	1.0265738359572645	1.0642079073365531	1.1060235422024296	1.1436576135817182	1.1854732484475945	1.2335612285433524	1.2628321729494658	1.3004662443287545	1.3506450061678061	1.4175500219532082	1.4698195655355537	1.5199983273746054	1.5869033431600075	1.6475360137155282	1.7018963390411674	1.7688013548265697	1.8524326245583222	1.9297915490601936	1.9841518743858328	2.0447845449413538	2.1075079972401682	2.166049886052395	2.224591774864622	2.2768613184469673
209209_HY5CNBGXT_TCDM_2_C11_X5_36_3_o_TGCTAT_S83_R1_001 - polya	0.06481423404210834	0.1421731585439796	0.24253068222208285	0.3470697693867737	0.5017876183905162	0.6565054673942587	0.8154048798845889	0.9533964749419808	1.041209308160321	1.0851157247694914	1.1624746492713625	1.2314704468000586	1.327646406991574	1.3924606410336824	1.4530933115892033	1.5158167638880178	1.595266470133183	1.662171485918585	1.7353488469338685	1.7938907357460954	1.8607957515314977	1.9465178030065442	2.0322398544815905	2.1137803424700494	2.1848669217420396	2.268498191473792	2.3312216437726065	2.416943695247653	2.521482782412344	2.6051140521440965	2.6636559409563234	2.7640134646344268	2.876915678772293	2.97936398419369	3.0776307261284996	3.219803884672479	3.3724309519329276	3.485333166070794	3.635869451587949	3.815676681511217	4.012210165380836	4.2150159944803365	4.399004787890192	4.582993581300048	4.8359781722386	5.10987058061009	5.4109431516444	5.645110706893307	5.916912333521504	6.23262037675887	6.548328419996237	6.859854899747015	7.158836689038031	7.484998640991867	7.884337953960986	8.216772251144704	8.634928599803466	9.126262309477514	9.582052729515565	10.042024713040206	10.518722950511195	11.03096447761818	11.543206004725167	12.090990821468147	12.65132032867089	13.27019172468586	13.897426247674005	14.503752953229212	15.133078257960651	15.81049154278785	16.56317297037362	17.219678437767882	17.874093123418845	18.568232662192393	19.25609985573606
209209_HY5CNBGXT_TCDM_2_C11_X5_36_3_o_TGCTAT_S83_R1_001 - polyg	0.0	0.0	0.0	0.0	0.0	0.0	0.0	0.0	0.0	0.0	0.0	0.0	0.0	0.0	0.0	0.0	0.0	0.0	0.0	0.0	0.0	0.0	0.0	0.0	0.0	0.0	0.0	0.0	0.0	0.0	0.0	0.0	0.0	0.0	0.0	0.0	0.0	0.0	0.0	0.0020907817432938174	0.0020907817432938174	0.004181563486587635	0.004181563486587635	0.004181563486587635	0.004181563486587635	0.006272345229881453	0.006272345229881453	0.006272345229881453	0.006272345229881453	0.00836312697317527	0.014635472203056723	0.01672625394635054	0.01881703568964436	0.020907817432938177	0.020907817432938177	0.02508938091952581	0.02508938091952581	0.029270944406113445	0.031361726149407264	0.0355432896359949	0.03972485312258253	0.04808798009575781	0.05436032532563926	0.06481423404210834	0.08572205147504652	0.10244830542139706	0.18817035689644357	0.5185138723368667	1.1750193397311255	2.120052687699931	3.1006293253047312	3.8344937172008615	4.455455894959125	5.005331493445399	5.392126115954755
209210_HY5CNBGXT_TCDM_2_D11_X4_24_2_i_AAGTGG_S84_R1_001 - illumina_universal_adapter	0.0009859865588597537	0.0014146763670596467	0.0016504557615695877	0.0017790627040295557	0.0019076696464895234	0.0022077525122294484	0.002657876810839336	0.0032366080519091915	0.0035152564272391217	0.004008249706668999	0.004651284418968838	0.005701574449058576	0.006944774892838265	0.007544940624318115	0.008080802884567981	0.008895313520147777	0.009881300079007532	0.010995893580327253	0.012239094024106943	0.014468281026746386	0.01678320599102581	0.018605137675875353	0.020834324678514794	0.023127815152384223	0.025807126453633554	0.0284221342836529	0.030672755776702337	0.032794770327291806	0.03500252283952126	0.03800335149692051	0.04143286996251965	0.04434796065827892	0.04689866501706828	0.05007096959774749	0.05309323274555674	0.05662992366320586	0.06020948356167496	0.06464642307654385	0.06891188666813279	0.07405616436653151	0.08005782168133001	0.08674538268924833	0.09349724716839665	0.10136370514886468	0.10965885293753261	0.11939011158367017	0.1297858394325176	0.14148907119637466	0.15235635783424195	0.16435967246383895	0.17799200836459553	0.19312475859405176	0.20755017063997816	0.22362603844747414	0.24347437656712917	0.26355849408129417	0.2830424458639793	0.30205483885764456	0.3254184334045387	0.3507111320883324	0.3767540379364759	0.4031613301215893	0.43162633338606216	0.45861235681224544	0.48904933319443783	0.5219512759737797	0.556267895120181	0.5942712466171015	0.6321888601523821	0.6710710257561123	0.7136184892199517	0.7593168227740603	0.8077159021198282	0.8570795335340459	0.8969905546774559
209210_HY5CNBGXT_TCDM_2_D11_X4_24_2_i_AAGTGG_S84_R1_001 - polya	0.0042225946107689455	0.00904535495301774	0.01421106714182645	0.023084946171564234	0.04016823502832997	0.06271731893964433	0.09266130204240686	0.12029036018088995	0.14764076994404313	0.17501261419760628	0.20114125800738974	0.23050650986908242	0.26645215028664343	0.29652474033186593	0.32719749610856824	0.35896341089618033	0.39291564370561183	0.4259461934274136	0.46013420563135504	0.4967657497420359	0.5370840262032358	0.5777881234918156	0.6219860427172246	0.6673414244247733	0.7129111510364219	0.7589738709275005	0.8058725359445686	0.8542930497807466	0.9067861167948235	0.9624514883895796	1.0228753168553544	1.0866643603154986	1.1575053511205309	1.2427288849906695	1.3248015487705391	1.413261690692587	1.5119460845402024	1.6112520786097075	1.7189603929199306	1.8361427519913713	1.9577834850680909	2.0914489672648178	2.230966065343473	2.3808145877997453	2.5439739288006247	2.7235092204747398	2.9093676868198033	3.105879094898634	3.318359198332911	3.551009157242993	3.80275724710838	4.072810391783903	4.368456318008959	4.68127127105242	5.034275893614622	5.40361359786924	5.791020577539483	6.192231369033763	6.618113258989947	7.071859986479123	7.530107956954399	8.00689676163432	8.48816537480993	9.025892435725465	9.615726742827698	10.239834800095512	10.902932195419107	11.579747664605097	12.269016572719295	12.984371255662456	13.727183520820821	14.476790519439154	15.219517046635879	15.987086148217786	16.77173853865646
209210_HY5CNBGXT_TCDM_2_D11_X4_24_2_i_AAGTGG_S84_R1_001 - polyg	0.0	0.0	0.00010717245204997323	0.00021434490409994646	0.0021434490409994646	0.003493821936829127	0.0035152564272391217	0.0035366909176491167	0.0035581254080591113	0.0035581254080591113	0.0036009943888791005	0.0036438633696990897	0.003686732350519079	0.003686732350519079	0.0037081668409290735	0.0037296013313390685	0.0037296013313390685	0.003751035821749063	0.0037939048025690523	0.003815339292979047	0.003858208273799036	0.0038796427642090307	0.0038796427642090307	0.0039653807258490095	0.0039653807258490095	0.0039653807258490095	0.004029684197078993	0.004051118687488988	0.004051118687488988	0.0040725531778989825	0.004115422158718972	0.004158291139538961	0.0042225946107689455	0.004286898081998929	0.004394070534048902	0.004415505024458897	0.00452267747650887	0.004608415438148849	0.004887063813478779	0.005380057092908656	0.005873050372338533	0.006494650594228378	0.0069233404024282704	0.00724485775857819	0.007823588999648046	0.008981051481787756	0.009988472531057505	0.011939011158367017	0.014189632651416456	0.017040419875945744	0.018883786051205283	0.020555676303184865	0.021991787160654506	0.023470766998944136	0.024906877856413778	0.026964588935773266	0.02906516899595274	0.03264472889442185	0.039267986431110194	0.049277893452577694	0.061795635852014565	0.07504215092539125	0.08856731437409787	0.10402158195970401	0.11926150464121021	0.13868115295266537	0.1576721114559206	0.1805212782329749	0.2117941997411571	0.2541487527913065	0.30608452305472356	0.35531954752648126	0.39938885980943023	0.4440154688430391	0.4835621036494792
209211_HY5CNBGXT_TCDM_2_E11_X4_24_3_o_CTCATA_S85_R1_001 - illumina_universal_adapter	0.0005443373290034518	0.000649692941068636	0.0007374892844562895	0.0008955227025540659	0.0010184375832967807	0.0011940302700720877	0.0012642673447822107	0.0014398600315575177	0.001545215643622702	0.001720808330398009	0.0019841973605609696	0.002317823465434053	0.0029850756751802197	0.0032835832426982414	0.0036874464222814477	0.004108868870542184	0.004530291318802921	0.004969273035741189	0.005583847439454764	0.006286218186555992	0.007199300157787588	0.008094822860341654	0.009095701174960905	0.01025461290767793	0.011343287565684835	0.01248464002972433	0.013555755419053702	0.014591752271028014	0.015575071316969735	0.016856897930429476	0.01822652088727687	0.019561025306769203	0.02094820753229413	0.022352949026496587	0.023529420027891143	0.02472345029796323	0.0260228361801005	0.02770852597314345	0.029675164065026887	0.031887631918395755	0.03432837026457253	0.03689202349149201	0.040175606734190246	0.04321336021540306	0.04686568810032945	0.05155401283723014	0.055539966827029615	0.06052679913144834	0.06493417556950853	0.06985077079921714	0.07604919264238548	0.08316069645678541	0.09028975953986287	0.09747150042897293	0.10519757864708644	0.11392453517981921	0.12214227292090357	0.1299912660197598	0.13903428938868811	0.15106238843279665	0.16205449062493085	0.17269540744351447	0.1850044547864635	0.19750665408486534	0.21230911758002374	0.22728717376195742	0.24187892603298544	0.2588411795754801	0.27506594383351846	0.2923618234808862	0.3107639370549384	0.33076394407864584	0.3519579813724254	0.3745918786977625	0.3935032110634631
209211_HY5CNBGXT_TCDM_2_E11_X4_24_3_o_CTCATA_S85_R1_001 - polya	0.006198421843168338	0.010079020220902624	0.016927135005139596	0.028937674780570598	0.048885003998245476	0.07141354571151737	0.09546974379973443	0.11931523066382113	0.13917476353810834	0.16143991622121728	0.18214229399202597	0.2065145589164386	0.2363828749369183	0.2616331032952075	0.285373234547229	0.3107112592489058	0.3372433142206547	0.3639158433418238	0.3912380654040616	0.4187709986904297	0.44907829642784775	0.4835120223044854	0.5159264322832071	0.5464268819760779	0.5769624502063039	0.6092715045729603	0.6401055803707043	0.6713610786167089	0.7036350144460103	0.7379809439792604	0.7743461894104264	0.8119932614550524	0.8554524514319408	0.9056368413123236	0.9537492374887577	1.006233891565897	1.0616158249748289	1.1189819557443217	1.181826578341204	1.2496404739738276	1.317349013994386	1.393415765905449	1.4730646086267283	1.5608960705517367	1.6561024253213084	1.7578935058449539	1.865040163315246	1.9792983245999385	2.097840947441948	2.2278146541930304	2.3690965299724427	2.5165943868637	2.6793161296983774	2.850220491736784	3.0364365360619967	3.230887877396972	3.4358396614011104	3.6490267424150105	3.883952198051694	4.129992670761254	4.381248246268041	4.649237804824514	4.921248435908143	5.215383745525459	5.537104666235177	5.876648244652588	6.2492559259897895	6.634119976863907	7.023602115400216	7.424041237591304	7.857158158791276	8.302320738304035	8.748888059310996	9.19464765395879	9.679722451175575
209211_HY5CNBGXT_TCDM_2_E11_X4_24_3_o_CTCATA_S85_R1_001 - polyg	0.0	0.0	0.00017559268677530703	0.00035118537355061406	0.002124671509981215	0.0037401242283140396	0.0038103613030241626	0.003863039109056755	0.003898157646411816	0.003898157646411816	0.003933276183766878	0.004003513258477	0.004143987407897246	0.004179105945252308	0.0043020208259950225	0.004354698632027614	0.004407376438060206	0.004424935706737737	0.004460054244092799	0.004512732050125391	0.0045654098561579825	0.004600528393513045	0.004653206199545636	0.004688324736900697	0.0047058840055782284	0.004776121080288351	0.004811239617643413	0.004828798886320943	0.004828798886320943	0.004846358154998474	0.004934154498386128	0.0049868323044187195	0.005092187916483904	0.005127306453838965	0.005162424991194027	0.005179984259871558	0.005338017677969334	0.005531169633422171	0.005671643782842417	0.005812117932262662	0.005917473544327847	0.006057947693748093	0.006233540380523399	0.00649692941068636	0.00674275917217179	0.007041266739689812	0.007550485531338203	0.007796315292823632	0.008165059935051778	0.008586482383312513	0.00900790483157325	0.009517123623221642	0.010026342414870031	0.010605798281228545	0.011606676595847795	0.012537317835756923	0.013538196150376172	0.014626870808383076	0.016084290108618123	0.017647065020918357	0.019490788232059082	0.020684818502131167	0.022546100981949424	0.024828805910028416	0.027620729629755796	0.03192275045575082	0.03906937280750582	0.05792802736717379	0.08374015232314393	0.1139772129858518	0.14302024337848757	0.16572437777853477	0.1837577467103588	0.19994739243104212	0.21332755516332053
209212_HY5CNBGXT_TCDM_2_F11_BLANK_AATCCG_S86_R1_001 - illumina_universal_adapter	0.0	0.0	0.0	0.0	0.0	0.0	0.005472255663784612	0.005472255663784612	0.005472255663784612	0.005472255663784612	0.005472255663784612	0.010944511327569224	0.010944511327569224	0.010944511327569224	0.010944511327569224	0.010944511327569224	0.010944511327569224	0.016416766991353835	0.016416766991353835	0.02736127831892306	0.03283353398270767	0.043778045310276896	0.043778045310276896	0.060194812301630735	0.06566706796541534	0.07113932362919996	0.08208383495676919	0.08208383495676919	0.08755609062055379	0.09850060194812302	0.09850060194812302	0.09850060194812302	0.10397285761190762	0.11491736893947685	0.1258618802670461	0.1368063915946153	0.1477509029221845	0.15322315858596913	0.15322315858596913	0.16416766991353837	0.16416766991353837	0.1805844369048922	0.1805844369048922	0.1805844369048922	0.1805844369048922	0.1860566925686768	0.19700120389624604	0.19700120389624604	0.2188902265513845	0.24077924920652294	0.25719601619787674	0.2736127831892306	0.2790850388530152	0.2790850388530152	0.29002955018058446	0.30644631717193827	0.32833533982707674	0.35022436248221517	0.3611688738097844	0.38853015212870745	0.4158914304476305	0.42683594177519973	0.4541972200941228	0.4870307540768305	0.5089197767319689	0.5198642880595381	0.5472255663784612	0.5800591003611689	0.6074203786800919	0.6457261683265842	0.6785597023092919	0.705920980628215	0.733282258947138	0.7496990259384918	0.760643537266061
209212_HY5CNBGXT_TCDM_2_F11_BLANK_AATCCG_S86_R1_001 - polya	0.09850060194812302	0.1477509029221845	0.20247345956003066	0.3119185728357229	0.44872496443033816	0.5855313560249534	0.7004487249644303	0.831782860895261	0.974061508153661	1.099923388420707	1.2367297800153223	1.4008974499288607	1.5869541424975375	1.7456495567472912	1.9262339936521835	2.1068184305570754	2.32570865710846	2.495348582685783	2.6868775309182444	2.8127394111852904	2.9550180584436907	3.119185728357229	3.299770165262121	3.4639378351756593	3.6171609937616287	3.73755061836489	3.8688847542957205	4.016635657217905	4.164386560140089	4.279303929079567	4.383276786691474	4.5200831782860895	4.635000547225566	4.832001751121813	4.963335887052643	5.132975812629966	5.346393783517566	5.543394987413812	5.70756265732735	5.893619349896027	6.107037320783627	6.298566269016089	6.522928751231258	6.780124767429134	7.020904016635657	7.360183867790303	7.661157929298457	7.940242968151472	8.191966728685564	8.580496880814271	9.007332822589472	9.335668162416548	9.778920871183102	10.16745102331181	10.583342453759439	11.086789974827624	11.557403961913101	12.022545693334793	12.49315968042027	12.887162088212762	13.374192842289592	13.899529386012915	14.46317171938273	15.136259166028237	15.699901499398052	16.334683156397066	16.99135383605122	17.637080004377804	18.32111196235088	18.988727153332604	19.69464813396082	20.318485279632263	20.97515595928642	21.719382729561126	22.441720477180695
209212_HY5CNBGXT_TCDM_2_F11_BLANK_AATCCG_S86_R1_001 - polyg	0.0	0.0	0.0	0.0	0.0	0.005472255663784612	0.005472255663784612	0.005472255663784612	0.005472255663784612	0.005472255663784612	0.005472255663784612	0.005472255663784612	0.005472255663784612	0.005472255663784612	0.005472255663784612	0.005472255663784612	0.005472255663784612	0.005472255663784612	0.005472255663784612	0.005472255663784612	0.005472255663784612	0.005472255663784612	0.005472255663784612	0.005472255663784612	0.005472255663784612	0.005472255663784612	0.005472255663784612	0.005472255663784612	0.005472255663784612	0.005472255663784612	0.005472255663784612	0.005472255663784612	0.005472255663784612	0.005472255663784612	0.005472255663784612	0.005472255663784612	0.005472255663784612	0.005472255663784612	0.005472255663784612	0.010944511327569224	0.021889022655138448	0.02736127831892306	0.02736127831892306	0.02736127831892306	0.02736127831892306	0.043778045310276896	0.060194812301630735	0.060194812301630735	0.06566706796541534	0.07113932362919996	0.07113932362919996	0.07661157929298457	0.07661157929298457	0.08755609062055379	0.08755609062055379	0.0930283462843384	0.10397285761190762	0.10944511327569224	0.11491736893947685	0.1258618802670461	0.1477509029221845	0.16416766991353837	0.16963992557732296	0.1805844369048922	0.19700120389624604	0.2298347378789537	0.25719601619787674	0.2790850388530152	0.33927985115464593	0.4049469191200613	0.465141731421692	0.5143920323957535	0.5800591003611689	0.6895042136368611	0.7825325599211995
209213_HY5CNBGXT_TCDM_2_G11_A03_4_1_i_GGCCAA_S87_R1_001 - illumina_universal_adapter	0.0007656426330772527	0.0012492064013365702	0.001390245833745538	0.0015111367758103673	0.0016118792275310583	0.0016521762082193348	0.0019544035633814083	0.0021558884668227904	0.0023775218606083112	0.0025790067640496933	0.0031028675129972875	0.0035461343005683283	0.004251331462613166	0.004654301269495931	0.0050169740956904196	0.005399795412229046	0.00580276521911181	0.006366922948747681	0.00717286256251321	0.008462365944538057	0.009691423855530488	0.01104137270858775	0.012935330800936744	0.014446467576747111	0.016179237746342997	0.01809334432903613	0.019745520537255465	0.021518587687539628	0.02298942748266172	0.024621455200536917	0.02675719517701557	0.028409371385234906	0.03038392343896045	0.032700999828536345	0.03489718527604741	0.03695233129114951	0.039329853151757826	0.04271479952957305	0.04561618213912895	0.04902127700728831	0.052547262817512506	0.056516515415307736	0.06141259856893332	0.06518036626328717	0.06916976735142655	0.07448896880227904	0.08043277345379982	0.08675939942185922	0.09242112520856206	0.09977532418417251	0.107572789947354	0.11627693777602173	0.1250213825853777	0.13477325191194062	0.1456735851881194	0.1573798580780637	0.1694891007748908	0.1811349281938027	0.19477545615678427	0.21085395145140656	0.22906818672250753	0.24661752181225194	0.2654160633033329	0.2842750502654463	0.3053100741847266	0.3266674739495131	0.34806517069498794	0.3722030621272655	0.3960185777140369	0.4209019632890476	0.4474979705433101	0.47566556004441535	0.5047801285916951	0.5342573699651693	0.5585363008298558
209213_HY5CNBGXT_TCDM_2_G11_A03_4_1_i_GGCCAA_S87_R1_001 - polya	0.003747619204009711	0.006588556342533201	0.0106988483727374	0.018173938290412684	0.031955505685803236	0.05151968980996145	0.07575832369395974	0.10001710606830218	0.12207970299513353	0.1439811119992118	0.16541910572537485	0.1876831875556476	0.21556869819193492	0.2399080745276539	0.2656175482067743	0.2915486552796802	0.3177416927270599	0.3450026001626789	0.3728276653279338	0.4006124335125004	0.43252764221761536	0.4667397788219621	0.5001258273221991	0.5331693514865858	0.5662330241413167	0.5993772907574241	0.6332066060452322	0.6690709188577982	0.7049352316703642	0.7431770663435386	0.7841187987228275	0.8288685957771585	0.8781115061782323	0.9305983235247124	0.9859865234807484	1.0463312520614425	1.1118944396412682	1.182252967922999	1.2577090642617965	1.3400559442982896	1.4268354922104929	1.5222184454996432	1.6264465860498702	1.7396005078225507	1.8647830783306814	1.996050492922742	2.1321132482167076	2.2774241605786325	2.4317817451050754	2.5963546142359966	2.774386674916802	2.963298920383442	3.173105150336953	3.387908205895811	3.6212680210616197	3.8711495983096222	4.1291308686759685	4.392794013319361	4.674328868898004	4.96493054513151	5.267903394436317	5.582260140785562	5.915093052780381	6.2654954483552885	6.643884097018205	7.0484657831285	7.4971525146021145	7.959459625548367	8.429685093199865	8.901381400646484	9.391231497893173	9.90284196471153	10.425957219516391	10.962168993044942	11.523546231013322
209213_HY5CNBGXT_TCDM_2_G11_A03_4_1_i_GGCCAA_S87_R1_001 - polyg	0.0	0.0	6.044547103241469e-05	0.00016118792275310583	0.001833512621316579	0.003747619204009711	0.003787916184697987	0.0038080646750421254	0.0038080646750421254	0.0038282131653862637	0.00386851014607454	0.003908807126762817	0.003908807126762817	0.003908807126762817	0.0039289556171069545	0.003949104107451093	0.004029698068827646	0.004029698068827646	0.0040699950495159225	0.0040699950495159225	0.004110292030204199	0.004130440520548337	0.004150589010892475	0.00421103448192489	0.004251331462613166	0.004291628443301443	0.004311776933645581	0.0043319254239897196	0.004372222404677996	0.004372222404677996	0.004372222404677996	0.004372222404677996	0.004412519385366272	0.004472964856398687	0.004493113346742825	0.00455355881777524	0.004593855798463517	0.004654301269495931	0.004674449759840069	0.004835637682593175	0.004916231643969728	0.0050371225860345575	0.005097568057066972	0.005178162018443525	0.005359498431540769	0.005601280315670428	0.005762468238423534	0.006064695593585607	0.006366922948747681	0.006669150303909754	0.006910932188039413	0.007152714072169072	0.007475089917675284	0.007938505195590462	0.008281029531440812	0.008683999338323577	0.009207860087271171	0.009570532913465659	0.0100137997010367	0.010537660449984294	0.011222709121684995	0.01204879722579466	0.013298003627131232	0.014748694931909185	0.017045622831140944	0.01990670846000857	0.02435952482606312	0.03876569542212195	0.061493192530309874	0.09121221578791376	0.12340950335784666	0.14778917667425392	0.1687033096514694	0.1866354660577524	0.20241173399721266
209214_HY5CNBGXT_TCDM_2_H11_X8_37_2_i_AGACCA_S88_R1_001 - illumina_universal_adapter	0.0026127505470108603	0.003783983550843315	0.004576818199591438	0.00508134933970388	0.0054417287254984814	0.005946259865610923	0.006468809975013095	0.006955322145835807	0.007297682562340678	0.00783825164103258	0.008540991443332053	0.009477977846398016	0.010955533328155883	0.011676292099745085	0.012216861178436988	0.01295563891931592	0.013730454598774314	0.014631403063260818	0.016108958545018683	0.018595576307001434	0.02045153014384363	0.021929085625601495	0.023514754923097743	0.025046367312724797	0.026307695163005903	0.02746090919754863	0.028866388802147574	0.029767337266634077	0.03084847542401788	0.032001689458560606	0.03308282761594441	0.034145946804038485	0.03524510393071202	0.03587576785585257	0.03726322849116179	0.03875880294220938	0.04034447223970563	0.0420022174143608	0.04382213331262353	0.04614658035099871	0.049426032761729584	0.052236991970927474	0.05621918418395782	0.059786940103324374	0.0638231892242239	0.06897661444108671	0.07387777408789328	0.07942761662913016	0.08477925050817998	0.09049126377302441	0.09728441519525265	0.10514068580557497	0.11312308920092538	0.12076313217977093	0.12878157351370081	0.1378811530050145	0.1465662962026644	0.15449464269014562	0.1640086584751231	0.17561287469770925	0.18725312885887488	0.19901951580506863	0.21202921163225374	0.2239217313634756	0.23846303958028775	0.2542296377088016	0.2708971843018019	0.2882854896663914	0.30540351049163494	0.32284587276409366	0.3421982457812638	0.36155061879843386	0.38281300256031536	0.40589530222045955	0.4241845560495356
209214_HY5CNBGXT_TCDM_2_H11_X8_37_2_i_AGACCA_S88_R1_001 - polya	0.013568283875166743	0.02326248935304152	0.03616407136448825	0.05773277760429515	0.09458156980179314	0.13487198513362958	0.1742434330316898	0.20995703016393477	0.2427515542712435	0.28351046280461295	0.31376431224206974	0.3472255382130985	0.3897322867675717	0.4252837131762091	0.45728540263476974	0.4895213386940968	0.5228023749722283	0.5566419992983414	0.5911303065188847	0.6291863696587946	0.6684316847718267	0.7154792135873119	0.7595175745314122	0.8011774315292681	0.841503884799684	0.8830556279818016	0.9239406693001991	0.9654563745437372	1.0078369903131823	1.0511545924856933	1.0996076009057776	1.1494480699611709	1.2068384871489612	1.2744276409547386	1.3391337596741595	1.4056778132611325	1.4747805604872473	1.545631147734466	1.6219054447378933	1.6989005005129099	1.780274165825331	1.8689094757615132	1.9627702867917172	2.066433417115534	2.1795745252857492	2.3084101557073193	2.4404892006010406	2.5756134513047266	2.718035384570753	2.872836349738824	3.0355476424250867	3.2004212114261166	3.3794216523502953	3.575954550393381	3.7846142147684554	4.009076515210623	4.247449459944462	4.494885946231035	4.765386713208463	5.062825839274037	5.362643469285856	5.678552038873404	5.997307605608729	6.347776558293979	6.739977443854243	7.142989710988346	7.578003667581009	8.019071997855022	8.462969306307523	8.942021623844285	9.449579950797402	9.95503005834362	10.445506402410073	10.922198234969882	11.4157197848463
209214_HY5CNBGXT_TCDM_2_H11_X8_37_2_i_AGACCA_S88_R1_001 - polyg	0.0	0.0	3.603793857946014e-05	0.0001801896928973007	0.002072181468318958	0.003369547257179523	0.0034596421036281735	0.003639831796525474	0.0037299266429741246	0.003856059428002235	0.003982192213030346	0.004162381905927646	0.004306533660245487	0.004342571598824947	0.004414647475983868	0.004504742322432517	0.004612856138170898	0.004684932015329818	0.004775026861778469	0.004829083769647659	0.004865121708227119	0.004919178616096309	0.004919178616096309	0.004955216554675769	0.00500927346254496	0.0050453114011244195	0.0050633303704141494	0.00508134933970388	0.00511738727828334	0.00513540624757307	0.00517144418615253	0.00526153903260118	0.005297576971180641	0.005333614909760101	0.005387671817629291	0.005459747694788211	0.005549842541236862	0.005712013264844432	0.005874183988452003	0.005928240896321193	0.0060363547120595735	0.006270601312826064	0.006378715128564445	0.006594942760041206	0.006973341115125538	0.007423815347368789	0.007928346487481232	0.008468915566173133	0.009171655368472606	0.01005458486366938	0.010793362604548312	0.011766386946193736	0.01277544922641862	0.013910644291671614	0.015208010080532179	0.016505375869392745	0.01794689341257115	0.019838885187992806	0.021640782116965816	0.024019286063210184	0.026325714132295633	0.029226768187942176	0.03219989812074764	0.036362280026675284	0.041695894936435385	0.05130000556786151	0.07229210479039705	0.12634901265958726	0.21114628213705697	0.3108452392171334	0.4056069987118239	0.4764395669897528	0.5283161795748856	0.5701021693577697	0.6011308344746848
209215_HY5CNBGXT_TCDM_2_A12_X4_24_3_i_CGCGGA_S89_R1_001 - illumina_universal_adapter	0.000259449324574132	0.00038917398686119794	0.00047565709505257523	0.0005765540546091821	0.0006630371628005594	0.0007639341223571662	0.0008936587846442323	0.0010522111496617573	0.0012107635146792824	0.0013260743256011188	0.0014702128392534144	0.0018017314206536942	0.002234146961610581	0.002450354732089024	0.002738631759393615	0.0030124949353329765	0.0034449104762898633	0.0038629121658815204	0.004713329396430064	0.005578160478343837	0.006688027033466513	0.007725824331763041	0.009210451022381685	0.010435628388426196	0.011862599673583923	0.013332812512837336	0.014514748324786159	0.01584082265038728	0.016820964543222888	0.0180461419092674	0.019444285491694666	0.020770359817295785	0.021995537183340297	0.023465750022593712	0.02486389360502098	0.026463831106561458	0.028553839554519744	0.030499709488825733	0.03295006422091476	0.03538600510163855	0.038340844631510614	0.041468650377765426	0.04456762842128978	0.047767503424370736	0.051630415590252256	0.055651880121151305	0.059731000057511266	0.06414163857527151	0.06924414195856277	0.0751105794642112	0.081063500078051	0.08841456427431808	0.09541969603781963	0.10269869097726056	0.11062630922813682	0.11941875856092685	0.12855714032648238	0.13723427884835057	0.14777080419633337	0.15917216062622996	0.17057351705612653	0.18369012179848543	0.19631665559442651	0.20941884648542017	0.22386152555338018	0.23935641577100195	0.255370204637772	0.2733731049929437	0.29166428237542	0.31172836347581956	0.3322969293740021	0.3550131591256039	0.3797329142169726	0.40557694971482916	0.4255401338556721
209215_HY5CNBGXT_TCDM_2_A12_X4_24_3_i_CGCGGA_S89_R1_001 - polya	0.0034449104762898633	0.0065294746684489875	0.010882457780748313	0.01778669258469327	0.031090677394800145	0.048199918965327625	0.06793248148432689	0.08835690886885716	0.10638863692675933	0.12555905924251465	0.14312954405672945	0.1634819021844336	0.18774041403211492	0.20944767418815063	0.22892078738257576	0.2505703921331505	0.27260917087058656	0.29486415737850097	0.3177101117923898	0.34294876553290676	0.3698017706263294	0.3970007081525176	0.4276301423036304	0.45638577577726336	0.4854441001295661	0.5149780815769215	0.5447715123488509	0.575732465081364	0.6091293586946009	0.644616260755796	0.6818184111294535	0.7224942996821313	0.7668457203329426	0.8195571747755871	0.8713317288794917	0.9269691951492778	0.985129085407979	1.046661816886144	1.114608712221836	1.1846888575595822	1.258949019793245	1.3400990029794873	1.4252704506966287	1.521800013289571	1.6238789086581267	1.733409765182506	1.8494989240780648	1.9739769444681872	2.1077374851375175	2.25137151399203	2.4095058773199636	2.578767733901854	2.766810838812639	2.9646553626517798	3.1852305300938877	3.419729477954807	3.6657162653538147	3.9189388061381676	4.191865081738789	4.476913406337569	4.771748736013339	5.0798015673910255	5.395407256884091	5.739192025796181	6.118290730553084	6.519644421817901	6.955476045548347	7.401671228410393	7.854093195062218	8.326276551935774	8.819518545653928	9.329249985333906	9.833518575346462	10.344619330906136	10.881665018923226
209215_HY5CNBGXT_TCDM_2_A12_X4_24_3_i_CGCGGA_S89_R1_001 - polyg	0.0	0.0	0.000129724662287066	0.00018738006774798418	0.0024215270293585648	0.003834084463151061	0.003834084463151061	0.0039205675713424384	0.0039205675713424384	0.003963809125438127	0.004007050679533815	0.004035878382264275	0.004107947639090423	0.004107947639090423	0.004151189193186112	0.0041944307472818	0.004266500004107948	0.0042809138554731774	0.004338569260934095	0.004367396963664554	0.004381810815029784	0.004453880071855932	0.004453880071855932	0.004453880071855932	0.004468293923221162	0.00449712162595162	0.004554777031412539	0.0045980185855082276	0.004626846288238687	0.004641260139603916	0.0046845016936996045	0.004713329396430064	0.004756570950525753	0.004770984801890982	0.00481422635598667	0.00513133108602172	0.005823195951552739	0.008720380075963879	0.015624614879908835	0.02415761488812473	0.030975366583878308	0.03613552537263049	0.04005609294397293	0.04305417402794067	0.0459945997064475	0.04902150849314571	0.05173131254980887	0.05396545951141945	0.05615636491893434	0.05817430411006647	0.059817483165702644	0.061028246680381926	0.062008388573217534	0.06320473823653158	0.06422812168346288	0.06546771290087262	0.06677937337510852	0.06905676189081479	0.07237194770481759	0.07694113858759535	0.08204364197088662	0.08834249501749193	0.09712053049891672	0.10751291733324723	0.12049979741331907	0.13481275181899202	0.1495869494683523	0.16529804745645252	0.18151363024233577	0.19788776539323652	0.2158618380456778	0.23510432961825925	0.25369819787940534	0.27314248337110003	0.2934804276474389
209216_HY5CNBGXT_TCDM_2_B12_X8_37_3_o_CCTGCT_S90_R1_001 - illumina_universal_adapter	0.00041592982287357234	0.0006871884030085108	0.000777607929720157	0.0008499435510894739	0.0010307826045127663	0.0011935377525937292	0.001482880238070997	0.0017722227235482649	0.0019349778716292278	0.0021519847357371787	0.0026040823692954095	0.003200851245592274	0.003888039648600785	0.004303969471474357	0.004719899294347929	0.005226248643933148	0.005786849709545354	0.006347450775157561	0.007269729947616352	0.008680274564318032	0.010199322613073688	0.011935377525937294	0.014177781788386119	0.01605850794398836	0.018047737531644573	0.02027205788875107	0.022586797772569212	0.024630279076252416	0.026691844285277946	0.029187423222519382	0.0317372538757878	0.034287084529056225	0.036927334709036294	0.03929632630888142	0.04173765353009587	0.04430556808870662	0.04692773436334436	0.050454095905098556	0.054776149281915244	0.05956838419763249	0.06407127662787247	0.06904435059701301	0.07450569001039643	0.0803648753413111	0.08682082954852265	0.09479583180448983	0.10412712696113172	0.11293398886284606	0.12197594153401067	0.1310902298265446	0.14235650285481571	0.15385786665253712	0.16651660039216756	0.17980827081877956	0.19367862621634607	0.2095924629175958	0.2243127618662518	0.23937665501641206	0.2563936099435439	0.27771453434215004	0.29870994844459425	0.3209712359210015	0.3444983967713719	0.365927824602032	0.39111870474389665	0.41802755589328255	0.44488215532664144	0.47359939701026027	0.5021538835457982	0.5310519642828402	0.5622105331876736	0.5955934224496132	0.6305496114763357	0.6674588622800296	0.6987801863329439
209216_HY5CNBGXT_TCDM_2_B12_X8_37_3_o_CCTGCT_S90_R1_001 - polya	0.0017360549128636062	0.004159298228735724	0.00681763231405812	0.012242803916756891	0.02334632179694704	0.03956758488901636	0.06083425757159554	0.0821551819702017	0.1020113100360792	0.12221103230346095	0.1421033281800231	0.16512413968080822	0.19237658503169838	0.21666326990644652	0.24129354898269895	0.26740670829702234	0.29306776997778755	0.3195426073989575	0.3475907445849102	0.3777908665066	0.4095823720984148	0.4426397510641926	0.479133072045013	0.5152104632029598	0.5522101335333655	0.5891736360530864	0.626173306383492	0.664782444289365	0.7071349506011	0.7553104744330651	0.8042093544787233	0.8560197432844966	0.9135265622731035	0.9815220463602614	1.0502951383771395	1.1216903966686553	1.197588547390411	1.2782065974065149	1.3658412026954423	1.4595520001793922	1.5580912003897442	1.6660882830941346	1.7798902994134123	1.9043075681686374	2.0407868017871964	2.185114450324326	2.3363682346075674	2.4987978723923687	2.6693471836758755	2.855683744323236	3.056433177528433	3.2684850515725854	3.4961071681164837	3.7426269657431157	4.004861677112232	4.290569297615692	4.589243078249601	4.905874176888443	5.2450378215838285	5.5985781710263645	5.9655729460435944	6.34799329231783	6.740287450908978	7.163722094499618	7.629617747834045	8.124953999065786	8.652262594942764	9.201398464567934	9.755073394434028	10.340123900069063	10.957833938752344	11.589649423602642	12.239512645984586	12.88946628789324	13.56607560627649
209216_HY5CNBGXT_TCDM_2_B12_X8_37_3_o_CCTGCT_S90_R1_001 - polyg	0.0	0.0	1.808390534232923e-05	0.0001627551480809631	0.002025397398340874	0.003725284500519822	0.003743368405862151	0.0037795362165468096	0.003797620121889139	0.0038337879325737972	0.0038518718379161264	0.0038699557432584557	0.003906123553943114	0.003942291364627773	0.003942291364627773	0.003960375269970102	0.003996543080654761	0.004032710891339419	0.0040688787020240775	0.004105046512708736	0.004123130418051065	0.004141214323393394	0.004141214323393394	0.004195466039420382	0.0042316338501050405	0.004303969471474357	0.004340137282159016	0.004358221187501345	0.004394388998186003	0.004394388998186003	0.004430556808870662	0.004430556808870662	0.004430556808870662	0.0044848085248976495	0.004502892430239979	0.004557144146266966	0.004629479767636283	0.0047379831996902586	0.004936906158455881	0.005171996927906161	0.005262416454617807	0.00542517160269877	0.005497507224068087	0.0055698428454374034	0.005714514088176037	0.006094276100364952	0.006727212787346474	0.007559072433093619	0.009096204387191604	0.010687588057316576	0.011609867229775367	0.012441726875522512	0.01320125089990034	0.013779935870854874	0.014213949599070777	0.014647963327286679	0.015244732203583543	0.016293598713438637	0.018318996111779513	0.02188152546421837	0.026275914462404376	0.030833058608671342	0.03622206240068545	0.04313011424145522	0.05135829117221502	0.06106934834104582	0.07293239024561379	0.08739951451947718	0.11007673181875803	0.1402406859297632	0.17465435779621571	0.20633735995597655	0.23538011193575728	0.2642781926727994	0.2912774633488969
209217_HY5CNBGXT_TCDM_2_C12_X8_37_2_o_GCGCTG_S91_R1_001 - illumina_universal_adapter	0.00036105623390667057	0.0005415843508600059	0.0005616430305214876	0.0006218190695059326	0.0007020537881518594	0.0007421711474748228	0.0008825819051051947	0.001002933983074085	0.0011634034203659386	0.0013038141779963103	0.0016849290915644628	0.0020660440051326148	0.0025675109966696572	0.0030689779882066997	0.003409975542451889	0.003791090456020041	0.00401173593229634	0.004733848400109681	0.005335608789954132	0.00661936428828896	0.007903119786623789	0.008986288488343801	0.01051074814261641	0.011894797039258647	0.013459374052854219	0.015104185785095718	0.016107119768169805	0.017611520742780933	0.019617388708929102	0.021643315354738752	0.02360906596156396	0.02561493392771213	0.027480391136229926	0.029125202868471426	0.03085024931935885	0.032695647848215166	0.0347416331736863	0.03714867473306411	0.03971618572973376	0.04322645467049306	0.046636430212944946	0.05082869426219462	0.055020958311444296	0.05891234216577175	0.0635659558472355	0.06819951084903778	0.07421711474748229	0.08039518808321865	0.08679390689523131	0.09419555969031805	0.1023795009922026	0.11158643495682269	0.12041225400787464	0.1303413004403081	0.14037064027104892	0.1521450852323387	0.16299683092920028	0.17412939814132264	0.1863250753755035	0.20026585774023328	0.2139458772693638	0.2299326449595647	0.2461601168057034	0.26254805808913395	0.28086163262006675	0.3011810751171477	0.32164092837185904	0.34302348089099854	0.36548920211185804	0.38857674240222345	0.41336927046381483	0.44012754913223145	0.4676881749871073	0.49699390597253207	0.5202419157001893
209217_HY5CNBGXT_TCDM_2_C12_X8_37_2_o_GCGCTG_S91_R1_001 - polya	0.005536195586568949	0.00944763812055788	0.014101251802021634	0.02140261119880097	0.035002396009285563	0.05207233240120649	0.07341476756102301	0.09455661592422472	0.11525717333487384	0.1358975547065385	0.15555506077479056	0.17691755461426859	0.20604275748274	0.23023352515448695	0.25233819014143977	0.27658913385217115	0.30069966680527216	0.325512253546525	0.3513678916301749	0.3785674612511441	0.4049045076466696	0.43565446356772103	0.46750764687015395	0.49809713335391353	0.5285662677597043	0.5602188642655224	0.5916106979357412	0.6239252308703882	0.6599506195424094	0.6969388248381816	0.739222521564585	0.7832312647418759	0.8328564382243816	0.8933534160834105	0.9490162521440221	1.0104961053064636	1.0738012983180998	1.1397141196857286	1.2121660706230006	1.2863831853704828	1.3646320947299229	1.4477151458877802	1.5343485833457196	1.6295871943784346	1.739328230806401	1.8580756144023727	1.9823190762255904	2.1151075355845994	2.25509706094208	2.4078238478846017	2.575654820612219	2.7524319644688573	2.9439522378766845	3.1510380467018213	3.37262628092221	3.6146141923583253	3.8608144265233513	4.123944186322668	4.411665887386961	4.716718287678775	5.034688477672583	5.367482031936226	5.701539283018542	6.071882685608479	6.47951517368911	6.906724933119348	7.372306946741999	7.858629635134623	8.343668568028912	8.857732410393364	9.411372027729922	9.965733757534291	10.525792152362522	11.083082449397468	11.662156472544783
209217_HY5CNBGXT_TCDM_2_C12_X8_37_2_o_GCGCTG_S91_R1_001 - polyg	0.0	0.0	8.023471864592679e-05	0.0002607628355992621	0.0020259266458096514	0.0033698581831289255	0.003389916862790407	0.0034500929017748524	0.0034902102610978153	0.0035102689407592973	0.0036306210187281875	0.0036907970577126324	0.003851266495004486	0.0038913838543274495	0.00401173593229634	0.004031794611957821	0.0041320880102652295	0.004192264049249675	0.004232381408572639	0.0043126161272185656	0.004332674806880047	0.0043527334865415285	0.0043527334865415285	0.0043527334865415285	0.004473085564510418	0.004473085564510418	0.004473085564510418	0.004473085564510418	0.004473085564510418	0.004493144244171901	0.004493144244171901	0.004513202923833382	0.0045733789628178275	0.004633555001802272	0.004633555001802272	0.004733848400109681	0.004773965759432644	0.004773965759432644	0.0048742591577400525	0.004934435196724498	0.005054787274693388	0.005155080673000797	0.005335608789954132	0.005476019547584503	0.005676606344199321	0.0058771931408141374	0.006057721257767473	0.006358601452689698	0.006599305608627479	0.0070205378815185945	0.007421711474748229	0.008083647903577124	0.008665349613760094	0.009247051323943063	0.00992904643243344	0.011092449852799379	0.012697144225717915	0.015525418057986835	0.019316508514006875	0.023930004836147666	0.028383031720996602	0.0335381123939974	0.038873721183951535	0.045152087917995305	0.05213250844019093	0.05975480671155398	0.06918238615245038	0.08398569174262387	0.10256002910915593	0.12600862563342802	0.14995868914923718	0.17236423433111223	0.18989552035524723	0.2085701511200867	0.22477756428656392
209218_HY5CNBGXT_TCDM_2_D12_X8_37_1_o_GAACCT_S92_R1_001 - illumina_universal_adapter	0.00034902105411338763	0.0005623116982937912	0.0006786520496649204	0.0007562122839123398	0.0007949924010360496	0.0008725526352834691	0.0009695029280927434	0.0011246233965875824	0.0012603538065205666	0.0013960842164535505	0.0017063251534432285	0.002210466676051455	0.0027146081986596815	0.003083019311334924	0.0035096005996957313	0.003839231595247264	0.0043821532349792	0.005002635108958556	0.0056812871586234765	0.00665079008671622	0.007756023424741947	0.008706136294272837	0.009733809398051144	0.011091113497380985	0.012273907069654132	0.013592431051860263	0.01477522462413341	0.01617130884058696	0.01716020182724156	0.018265435165267286	0.01939005856185487	0.020689192485499143	0.02214344687763826	0.023442580801282534	0.0250907357790402	0.026467429936931894	0.027863514153385446	0.02958922936539053	0.031567015338699725	0.03420406330311199	0.03676355103327683	0.03945876917337466	0.04232849784052918	0.04531456685905483	0.048494536463199026	0.05268278911255968	0.05706494234753888	0.062106357573621145	0.066934482155523	0.0728678400754506	0.0793053395179864	0.08651844130299642	0.09303350097977967	0.10098342499014015	0.10819652677515017	0.11738741453346938	0.1257057496565051	0.1342179853651594	0.1443202058758858	0.15605119130580797	0.1677240065600446	0.18092863644066778	0.19455984760965175	0.20821044883719758	0.22347042492537736	0.24014587528857254	0.25703461629594815	0.2750092005827876	0.29430230885183317	0.313033105422585	0.33517655230022325	0.3580956015203357	0.3805686793935255	0.4039918701362462	0.4232849784052918
209218_HY5CNBGXT_TCDM_2_D12_X8_37_1_o_GAACCT_S92_R1_001 - polya	0.0021910766174896	0.0044984935863503295	0.00736822225350485	0.013650601227545828	0.02361709132833923	0.03837292589391079	0.0561536095951317	0.07315869095387842	0.08791452551944998	0.10340718231037202	0.11858959816430438	0.13466395671208206	0.15389889480544208	0.17117543698405477	0.1871140651218995	0.20460389794469258	0.22294689334420728	0.24125110862659827	0.2597880046117315	0.28057414739003994	0.3024267433892504	0.32526823237511543	0.34962214592880514	0.3731810670814588	0.39846570344611754	0.42285839711693096	0.4472898709048681	0.4729429183822021	0.501407524351005	0.5317917461174316	0.5643088743256622	0.5987650083900783	0.6387279190860612	0.6853416198687603	0.7313154487189182	0.7790343828396431	0.8278973304155173	0.8816077926318553	0.9376838419927396	0.9957764574440567	1.0588910980628943	1.1249530275831339	1.1972003857846052	1.2768935264738286	1.3656418245114383	1.461351153572754	1.5615201961032963	1.6682624684863072	1.7833618561094777	1.912654766599926	2.0511385648486935	2.200984937414708	2.3592272053380055	2.536336000241988	2.7230428741340886	2.9272977510246676	3.138300368294772	3.3694104762935204	3.619290160980144	3.8815213129706696	4.157344896013055	4.445209705422353	4.739802865152614	5.060727724409873	5.423729010746358	5.805015122306672	6.223084174958825	6.657324536451565	7.089781012556614	7.549325400472575	8.041600207240945	8.541921888312487	9.038346167613096	9.547296424744662	10.076935874361729
209218_HY5CNBGXT_TCDM_2_D12_X8_37_1_o_GAACCT_S92_R1_001 - polyg	0.0	0.0	9.695029280927434e-05	0.00027146081986596815	0.0021329064418040356	0.004033132180865813	0.004071912297989522	0.0041494725322369416	0.004188252649360652	0.004265812883608071	0.004323983059293636	0.0043821532349792	0.004537273703474039	0.004556663762035894	0.004595443879159604	0.004614833937721459	0.004692394171968878	0.004750564347654443	0.004789344464778153	0.004828124581901862	0.004828124581901862	0.004828124581901862	0.0048475146404637175	0.004886294757587427	0.004925074874711137	0.004925074874711137	0.004944464933272992	0.004944464933272992	0.004944464933272992	0.004963854991834846	0.005002635108958556	0.005022025167520411	0.00509958540176783	0.005118975460329685	0.0051965356945771046	0.0051965356945771046	0.005235315811700814	0.005274095928824525	0.0054098263387575085	0.005467996514443073	0.005584336865814202	0.005623116982937912	0.005778237451432751	0.005913967861365735	0.006030308212736864	0.006224208798355413	0.006340549149726542	0.006534449735345091	0.0067283503209636395	0.007019201199391463	0.007310052077819286	0.0076396830733708185	0.00800809418604606	0.00831833512303574	0.008492845650092432	0.008822476645643965	0.009113327524071789	0.009772589515174854	0.01031551115490679	0.010877822853200582	0.011672815254236631	0.012564757948081954	0.01386389187172623	0.015395706498112765	0.01704386147587043	0.019467618796102287	0.023520141035529955	0.032226277329802794	0.046070779142967165	0.06299830026746647	0.08019728221183174	0.09584505947124862	0.10813835659946461	0.11928764027253115	0.1294868110760668
209219_HY5CNBGXT_TCDM_2_E12_X8_37_3_i_TTCGAG_S93_R1_001 - illumina_universal_adapter	0.0003623258420452569	0.0006189733134939805	0.0006491671336644186	0.0007246516840905138	0.0007699424143461709	0.0008907176950279232	0.0011020744362209899	0.0012530435370731801	0.0013889157278401515	0.0015247879186071228	0.001962598311078475	0.002415505613635046	0.0029438974666177124	0.0032911263985777504	0.003577967690196912	0.004030874992753483	0.0044082977448839595	0.004815914317184873	0.005616050551701482	0.006567155887070282	0.00786549015439912	0.008726014029256605	0.010175317397437631	0.011352876384084717	0.012666307561498773	0.013843866548145858	0.015293169916326885	0.016531116543314846	0.017950226091325436	0.01961088620069953	0.021150771029391873	0.022645365127828557	0.023928602485072174	0.02560435950453149	0.027144244333223832	0.028955873543450115	0.030842987304102495	0.03297165162611838	0.035145606678389923	0.03848202380722333	0.04154669655452279	0.044958598233782295	0.04821953081218961	0.05169182013178999	0.05567740439428781	0.059904539218149144	0.06443361224371486	0.06912875128021798	0.07367292121586891	0.0790625181162921	0.08534283271174323	0.09260444646273358	0.0996848972927013	0.10795800401940134	0.116412273667124	0.12617997449226073	0.13555515565518175	0.14499072445844363	0.15572462752903438	0.16896461767377147	0.1820838325378268	0.19595789290614313	0.20996782546522638	0.22474770043865583	0.24073532821890278	0.25768915824460376	0.276107388548571	0.2959296314904636	0.31525367639954394	0.33570998956501574	0.3590045218265087	0.3832803532435409	0.40954897679182206	0.43500236719550134	0.45737598794179596
209219_HY5CNBGXT_TCDM_2_E12_X8_37_3_i_TTCGAG_S93_R1_001 - polya	0.0017210477497149703	0.0033364171288334074	0.005616050551701482	0.01020551121760807	0.01882584687626814	0.030993956404954684	0.04566815300778759	0.06158029623760845	0.07586197317822567	0.09073242961216642	0.10551230458559585	0.12160561073643936	0.14133727221782064	0.15909123847803822	0.17649797580629578	0.19458407408838818	0.2136363746159346	0.23259809368296971	0.25246562735511796	0.2730276188911863	0.2961258913215714	0.32041681964868884	0.3452663336489594	0.3695723588861621	0.3942860006956656	0.4184561537421013	0.4423243685868326	0.4683061508434946	0.4958580117490193	0.5239684583276971	0.5557021633268275	0.589156916075673	0.6257669230323292	0.6689591827861407	0.711909891978589	0.759404771106688	0.8084093412433091	0.8602672273860364	0.9170467062165453	0.9764832412220525	1.0396034222883535	1.1094115345224063	1.1831901341088717	1.2631584668302769	1.3525321745347736	1.4497713723936694	1.550497956482251	1.6565386529208295	1.772648988386249	1.8981345050145897	2.035939100272469	2.183164167423525	2.3435235463487216	2.5213047595122613	2.709668906645539	2.915877601499546	3.1303292092600823	3.3549863282382266	3.5938496396065625	3.845167901795204	4.108050397109123	4.385335344644341	4.674139234574581	4.986207462946144	5.327065498850219	5.691927621789793	6.084734125297107	6.487308329629558	6.896706337320528	7.32933848963265	7.7904887050957505	8.27112903147887	8.762533454752749	9.275571750178747	9.80681691916752
209219_HY5CNBGXT_TCDM_2_E12_X8_37_3_i_TTCGAG_S93_R1_001 - polyg	0.0	0.0	0.00010567837059653327	0.0001962598311078475	0.002400408703549827	0.004498879205395274	0.00455926684573615	0.004574363755821369	0.004589460665906588	0.004664945216332683	0.004695139036503121	0.004755526676843997	0.004831011227270092	0.00486120504744053	0.004876301957525749	0.004951786507951844	0.0050272710583779395	0.0050423679684631585	0.0050423679684631585	0.0050725617886335965	0.0050725617886335965	0.0050725617886335965	0.005117852518889254	0.005148046339059692	0.005208433979400568	0.005238627799571006	0.005329209260082321	0.005359403080252759	0.005404693810508416	0.005419790720593635	0.005525469091190168	0.005585856731531044	0.005631147461786701	0.005661341281957139	0.005676438192042358	0.0057217289222980154	0.005827407292894549	0.005872698023150206	0.005933085663491082	0.006038764034087615	0.00611424858451371	0.006204830045025024	0.006340702235791996	0.0064463806063885295	0.006567155887070282	0.006657737347581596	0.006823803358519005	0.0070351600997120714	0.007246516840905139	0.007623939593035614	0.007895683974569558	0.008076846895592186	0.008333494367040908	0.008575044928404413	0.008922273860364451	0.00958653790411409	0.010416867958801136	0.011383070204255155	0.013390959245589286	0.015610205028116485	0.01804080755183675	0.020546894625983112	0.02371724574387911	0.02734050416433168	0.03152234825793735	0.036126905833929156	0.04159198728477845	0.053080735859630135	0.0703365040870355	0.09157785657693869	0.11301546889794972	0.13012026802450288	0.1455795039517672	0.1596347272411061	0.17225574407234923
209220_HY5CNBGXT_TCDM_2_F12_C14_4_1_i_AGAATC_S94_R1_001 - illumina_universal_adapter	0.0004787692183948879	0.0006543179318063468	0.0007819897233783169	0.0008617845931107982	0.0009256204888967832	0.0010532922804687534	0.001212882019933716	0.0014043897072916712	0.0017076102122751	0.0019310358475260478	0.0022182973785629806	0.002537476857492906	0.0030002871019412973	0.00328754863297823	0.003526933242175674	0.0038461127211055993	0.004308922965553991	0.004963240897360338	0.005569681907327196	0.006686810083581934	0.0077879792858901765	0.008889148488198419	0.01016586640391812	0.01161813303304928	0.012910809922715477	0.014123691942649192	0.01528869704074342	0.01678884059171407	0.01806555850743377	0.01972529179786938	0.021129681505161053	0.022454276342720243	0.023938460919744393	0.025310932679143073	0.027305804422455105	0.029284717191820644	0.03113595816961421	0.033418091443963176	0.03578001958804462	0.03873242976814643	0.04198806045323167	0.04537136292988887	0.04929727052072696	0.052840162736849126	0.05705333185872414	0.06188890096451251	0.06699577262739131	0.07293251093548793	0.07886924924358453	0.08485386447352063	0.09198752582760446	0.10028619227978251	0.10840931001854912	0.11664414057494119	0.1267940480049128	0.13660881698200802	0.1460565295583338	0.15698842671168375	0.168670395640519	0.18333669269734906	0.19763593335340973	0.21325976884702957	0.2293304556111513	0.2455766910886845	0.26364224959611826	0.2822823311656259	0.30172036143245834	0.3233288121560143	0.3459745961860925	0.3704397032460713	0.3954314564462844	0.42232232754613064	0.4509686857800914	0.4817056696010432	0.5061548176870755
209220_HY5CNBGXT_TCDM_2_F12_C14_4_1_i_AGAATC_S94_R1_001 - polya	0.0034311793984966965	0.006607015213849453	0.010580799726527023	0.01720377391432297	0.029013414634730207	0.04503622447701246	0.06394760860361053	0.0828430337562621	0.10103626405526785	0.11887839692745067	0.1357949093107367	0.15516910368178316	0.17915544152336704	0.2003329999503676	0.2207924045497758	0.24147523478443494	0.2640412239447807	0.28767646435954164	0.311614925279286	0.3356970169645489	0.36121541630499643	0.3898458155650107	0.41917840967867087	0.44701086024136033	0.4771733210002383	0.5061548176870755	0.5355033707746821	0.5670063853450658	0.5998339947530086	0.6356299733149997	0.6731495210632124	0.7141640841057078	0.7586417444945929	0.8122638969548203	0.8667478340081586	0.9238490427887222	0.9828972463907584	1.045504301182863	1.1154524839903563	1.186741220609355	1.264429505780899	1.3486769292444527	1.4367066295333262	1.5312954681142095	1.6358107884898134	1.750603688086961	1.868556464525515	1.9995955996001957	2.1398271036680585	2.29172461769081	2.457123423672297	2.6347468036968005	2.827036480778134	3.035189377962285	3.259780018311327	3.5034256735524854	3.757476579806759	4.023783978051942	4.304837468223688	4.601434999019321	4.911501903825797	5.237511823604823	5.573911035423017	5.933051785114969	6.327509744150517	6.750262963993204	7.199492121613127	7.674064129860086	8.150535256006679	8.641640761262208	9.162828932406883	9.704173287645983	10.247815735133377	10.801384664415494	11.374136280381299
209220_HY5CNBGXT_TCDM_2_F12_C14_4_1_i_AGAATC_S94_R1_001 - polyg	0.0	0.0	0.00014363076551846636	0.00023938460919744394	0.002186379430669988	0.0038620716950520956	0.003909948616891585	0.003941866564784577	0.0039578255387310735	0.004037620408463554	0.004037620408463554	0.0041014563042495395	0.004149333226089028	0.004181251173982021	0.004213169121875014	0.004277005017660999	0.004388717835286472	0.0044046768092329686	0.0044046768092329686	0.004468512705018954	0.004516389626858443	0.004532348600804939	0.004532348600804939	0.004564266548697931	0.0045961844965909235	0.00461214347053742	0.00461214347053742	0.004628102444483916	0.004660020392376909	0.004675979366323405	0.004691938340269901	0.004707897314216398	0.004707897314216398	0.00473981526210939	0.004755774236055887	0.0048036511578953755	0.004851528079734864	0.005170707558664789	0.005489887037594714	0.005681394724952669	0.00593673830809661	0.006112287021508069	0.006351671630705513	0.006511261370170475	0.006910235718832882	0.007468799806960251	0.008314625426124553	0.009591343341844255	0.011011692023082421	0.012575671469839055	0.01370875862004029	0.014586502187097585	0.015368491910475901	0.016118563685961224	0.016725004695928084	0.017443158523520415	0.018129394403219756	0.01870391746529362	0.019390153344992958	0.020890296895963608	0.022565989160345717	0.02532689165308957	0.02878998899947926	0.034726727307575866	0.042083814296910646	0.049616449999656885	0.05714908570240312	0.06769796748103715	0.08432721833328626	0.10497813062005242	0.13048057098655344	0.15381259089633098	0.17530932880226144	0.19651880517715498	0.2165473174800078
209221_HY5CNBGXT_TCDM_2_G12_X8_37_1_i_AGGCAT_S95_R1_001 - illumina_universal_adapter	0.0006027666558958006	0.000796513081005165	0.0009902595061145295	0.0011409511700884796	0.0012701154534947227	0.001334697595197844	0.0015069166397395015	0.001700663064848866	0.001958991631661352	0.0021957928179061306	0.002454121384718617	0.002777032093234224	0.0034659082714008534	0.004047147546728947	0.004434640396947675	0.004972824911140355	0.005532536805900741	0.006329049886905906	0.0072116724901819	0.008460260563108916	0.009859540300009881	0.011344929559181675	0.013476140235384685	0.0150261116362596	0.017200377073598023	0.019568388936045813	0.021441271045436337	0.02368011862447788	0.02559605549500382	0.02798559473801931	0.03028902445876398	0.03231259823212845	0.034422281527763755	0.03683334815134696	0.03928746953606557	0.04197839210702897	0.0447769515808309	0.047855367002013025	0.051665713362497194	0.055798970431496966	0.06062110367866337	0.0655078190675329	0.07054522612037638	0.07581943435946463	0.08120127950139142	0.08873586270008893	0.09661488398786976	0.10466612432019223	0.11181321466867102	0.11973529071758725	0.1289490096005659	0.13982033678725803	0.1507993008767887	0.16279005185300158	0.1751467682988655	0.1905388454047761	0.2043594237292441	0.2188258234707433	0.23634911125285696	0.25561611686095487	0.27477548556621423	0.2945591483079371	0.3177010824182223	0.3399388665446638	0.36439397086957914	0.39074348468445275	0.417265217543868	0.4479847896139861	0.4786182521618334	0.5079600718756182	0.5401435058243405	0.5765247789837655	0.6142407497383885	0.6540018216469436	0.6872400972434834
209221_HY5CNBGXT_TCDM_2_G12_X8_37_1_i_AGGCAT_S95_R1_001 - polya	0.0017867725871196945	0.004047147546728947	0.006608905834286099	0.012356716445863912	0.023873865049587245	0.04044994808672176	0.06275231435486638	0.08462413301165686	0.10468765170075994	0.12453589658418594	0.1439535938562578	0.16608374107986076	0.19422002748185405	0.2192994258432329	0.24353925636247115	0.2690061475740687	0.29673341374527556	0.3240301323051282	0.35169281633463195	0.3823047515019115	0.41351945332508694	0.4467146741604914	0.4816751402024478	0.515408545552045	0.5513807984806836	0.5847051835994943	0.6213447853257319	0.6586947906107038	0.6987357184666392	0.7405634189096941	0.7873208895027541	0.8329158815451578	0.8855503270332019	0.9470540533151413	1.0114855033542889	1.078371074778155	1.1496912865989688	1.2286537185213187	1.313170214630137	1.4038650689618872	1.5026326910065277	1.6076432534158034	1.7194349407039067	1.841000058769749	1.9788614039253456	2.1198657466438275	2.2699115892007464	2.4321419291589876	2.607374806980124	2.8006045749558637	3.0069875724584723	3.230398727990137	3.4676950439879732	3.725593063189105	4.011304458083714	4.30437821713248	4.612478087817505	4.94225603073421	5.289966281663816	5.653047082318766	6.045491230068067	6.44656785742502	6.855760307255998	7.305574924218239	7.7826001502180615	8.291162988749576	8.836064045679379	9.398273116585619	9.967607750459772	10.564303685035478	11.196928817778689	11.843223837182393	12.508893499097034	13.191182298809945	13.905008711054547
209221_HY5CNBGXT_TCDM_2_G12_X8_37_1_i_AGGCAT_S95_R1_001 - polyg	0.0	0.0	0.00010763690283853582	0.00017221904454165732	0.001313170214630137	0.0025402309069894454	0.0025617582875571525	0.0025617582875571525	0.0025832856681248595	0.002647867809827981	0.002669395190395688	0.0026909225709633956	0.0026909225709633956	0.0026909225709633956	0.0027124499515311026	0.0027124499515311026	0.0027339773320988097	0.0027339773320988097	0.002755504712666517	0.002755504712666517	0.0028200868543696383	0.0028200868543696383	0.0028416142349373457	0.0028631416155050528	0.0029492511377758814	0.00303536066004671	0.0030999428017498315	0.003142997562885246	0.003164524943452953	0.00318605232402066	0.0032075797045883676	0.0032291070851560746	0.0032291070851560746	0.0033152166074269032	0.0033152166074269032	0.0033367439879946103	0.0033797987491300248	0.003422853510265439	0.0034874356519685604	0.003508963032536268	0.003530490413103975	0.003573545174239389	0.0036165999353748035	0.003702709457645632	0.003724236838213339	0.0037672915993487537	0.0038749285021872893	0.00402562016616124	0.004111729688432068	0.004348530874676847	0.00447769515808309	0.0047575511054632836	0.004865188008301819	0.005123516575114305	0.005274208239088255	0.005424899903062205	0.005790865372713227	0.006113776081228835	0.0066950153565569276	0.007319309393020436	0.008008185571187066	0.00886928079389535	0.00994564982228071	0.011194237895207725	0.012873373579488884	0.015133748539098137	0.01935311513036874	0.03050429826444105	0.048436606277341115	0.07110493801513676	0.09633502804048956	0.11433191819509275	0.1310802202767689	0.14623549619643478	0.15917345191762677
209222_HY5CNBGXT_TCDM_2_H12_C14_4_1_o_ACACGC_S96_R1_001 - illumina_universal_adapter	0.0011196685781008821	0.0015995265401441174	0.0018874413173700585	0.002127370298391676	0.0024472756064204994	0.002655214056639235	0.002959124099266617	0.0031990530802882347	0.003470972592112735	0.0037908779001415583	0.004190759535177588	0.004814574885833793	0.005790286075321705	0.006654030406999528	0.007469788942473028	0.008205571150939322	0.00887737229779985	0.010109007733710821	0.011196685781008821	0.01310012236378032	0.015227492662171997	0.017066948183337732	0.01932228060494094	0.021497636699536936	0.023832945448147347	0.025992306277341906	0.02823164343354367	0.03039100426273823	0.03267832721514432	0.035381527067987875	0.03830866063645161	0.040547997792653376	0.0428513160104609	0.04526660108607852	0.04790581987731631	0.05086494397658293	0.05430392603789278	0.05795084654942137	0.06175771971496437	0.06610843190415637	0.07081103993218008	0.07628142069947295	0.0815438630165471	0.08688628166062845	0.09272455353215449	0.09990642769740157	0.10774410774410774	0.11687740428833066	0.12460311747722674	0.1333205371210122	0.14306165375048985	0.15456224957412606	0.16567895902812768	0.17721154538256675	0.19007173876532546	0.205283236162096	0.2203027903740493	0.23546630197461552	0.2520054063997057	0.2713596775354495	0.2915457024720683	0.3123875332901461	0.333773203131873	0.35490294872717676	0.37940769532218466	0.40463222886025735	0.43036861089117623	0.45855226852851555	0.4856482481185569	0.5131121188128314	0.5437430520565912	0.5756056207362621	0.6093876212641058	0.644673176739685	0.6744083751209642
209222_HY5CNBGXT_TCDM_2_H12_C14_4_1_o_ACACGC_S96_R1_001 - polya	0.002783176179850764	0.006478082487583675	0.010316946183929556	0.017082943448739174	0.031462687044634785	0.050513048137751225	0.07597751065684558	0.10262562281564656	0.12553084287051033	0.1487079824371986	0.1718211409422811	0.19619792541407743	0.22487743627886145	0.25008597455153275	0.27548645600902133	0.3023105160872382	0.32939050041187806	0.3579900349496549	0.38697345585706633	0.41717251693498725	0.44898709981845375	0.4829770387965162	0.5196541823620209	0.5539480313827108	0.5890256484080713	0.6253508961347441	0.6630997224821453	0.700976510952758	0.7407727312715436	0.7821524828650719	0.8278989419131937	0.8751969417052552	0.9301566736246071	0.9920103649319801	1.0552876348600815	1.1229795980389805	1.1969097147244416	1.275670401561138	1.359677535449507	1.4537616865407839	1.5516367155322024	1.6600206338923678	1.7695402160960356	1.8902404888153106	2.0194822332589553	2.160352535649448	2.306933147788255	2.465382246854931	2.6339083631245153	2.8192295080656127	3.01942624983005	3.2309476394987082	3.4580164271375673	3.697817446035973	3.962795012676248	4.241944384462199	4.5277157961243475	4.836376432575958	5.1605524764669655	5.507569759351232	5.869542615385845	6.240904692211106	6.628933835584667	7.0394203315818515	7.485608259955053	7.955741100634213	8.474275614418133	9.012836200484657	9.550293113238482	10.120796244311684	10.724169645784848	11.35027231939346	11.99622511736526	12.670937402528851	13.377096379471677
209222_HY5CNBGXT_TCDM_2_H12_C14_4_1_o_ACACGC_S96_R1_001 - polyg	0.0	0.0	6.398106160576469e-05	0.00014395738861297056	0.0019194318481729408	0.003327015203499764	0.003343010468901205	0.003343010468901205	0.003343010468901205	0.003343010468901205	0.003343010468901205	0.003343010468901205	0.003343010468901205	0.0033590057343026464	0.003390996265105529	0.003390996265105529	0.00340699153050697	0.003422986795908411	0.003470972592112735	0.003518958388317058	0.0035349536537184994	0.0035509489191199407	0.0035669441845213815	0.0036309252461271466	0.0036469205115285874	0.0036469205115285874	0.00367891104233147	0.00367891104233147	0.0037588873693386758	0.003774882634740117	0.0037908779001415583	0.003806873165542999	0.0038388636963458816	0.003886849492550205	0.003934835288754528	0.003966825819557411	0.003966825819557411	0.004030806881163176	0.004238745331381911	0.004462679047002088	0.00463862696641794	0.004750593824228029	0.004974527539848205	0.005150475459264058	0.005342418644081352	0.005598342890504411	0.005982229260138999	0.006750001999408175	0.007981637435319145	0.009245263402032999	0.010188984060718028	0.010844789942177116	0.01130865263881891	0.011772515335460703	0.012188392235898174	0.012524292809328439	0.012844198117357262	0.013340051344801939	0.013931876164655263	0.014731639434727321	0.015755336420419555	0.017146924510344937	0.019290290074138055	0.023369082751505555	0.028791477722594112	0.03494965490214896	0.043363164503307024	0.059758311539784226	0.0922606908355127	0.1392707758503483	0.1951422378975823	0.24103265433431703	0.2799811255868263	0.31582651535145595	0.34495389364748036
