Sample	1	2	3	4	5	6	7	8	9	10	12	14	16	18	20	22	24	26	28	30	32	34	36	38	40	42	44	46	48	50	52	54	56	58	60	62	64	66	68	70	72	74	76	78	80	82	84	86
209031_HY55YBGXT_TCDM_1_A01_A04_1_2_o_CAGCGT_S1_R1_001	31.09745799358234	31.405306213867384	31.52785828807632	31.586091072855474	31.63242730603794	35.19528410464294	35.18628444541032	35.20680292926896	35.21642794469959	35.2344631139634	35.22091188169384	35.17599378783275	35.16277519183873	35.138057359799355	35.09610712070779	35.02787233271906	34.93620516709798	34.793898563676564	34.65900494445344	34.555580195279674	34.440738999533565	34.29467582377374	34.05964538016261	33.76275235081448	33.357493075621534	33.14958801149295	32.97857341910914	32.79004700520169	32.608892919947756	32.48569922732289	32.319308279169064	32.08473613442645	31.878553387013437	31.683528369069556	31.353163999293333	31.116810402497286	30.941546566491404	30.669532512978357	30.363961742393165	30.108715883529996	29.965317124337226	29.788223419220017	29.454933328602507	29.1069089293621	28.825895955808164	28.441492975091457	28.002284472021223	24.583889759903137
209032_HY55YBGXT_TCDM_1_B01_A04_1_1_o_GATCAC_S2_R1_001	31.013805860934518	31.310608455387353	31.43786074719305	31.508269233020734	31.55476098486179	35.05375996628148	35.04990809361573	35.04881692482409	35.064732534860035	35.08543898469788	35.05662252818658	35.0037324529053	34.99422921569317	34.95614133679885	34.89925187032419	34.82506878344046	34.705817615585445	34.51142800276305	34.334793298444026	34.22868181658529	34.08673621111541	33.86637045882945	33.574653741233774	33.221696931380464	32.91045391216794	32.76284406355005	32.66355941133083	32.470344092819595	32.265604767424165	32.14881692482409	31.945508294990226	31.64301452940419	31.394228044911195	31.149979511315607	30.819265217238595	30.496696053293995	30.23586924707012	29.866499244845635	29.438805568239026	29.206887710301707	29.172313348085183	29.002384882863264	28.70276538700198	28.35260791682765	28.085730509407234	27.7539683654713	27.382811749967804	23.885923688431504
209033_HY55YBGXT_TCDM_1_C01_BLANK_ACCAGT_S3_R1_001	28.830494687071024	28.631908078702526	28.85245818292745	28.901672682902028	28.855864558442217	30.458742183130816	30.321012761197824	30.252732726625656	30.280644669276526	30.127967868219024	29.94028674564035	29.491102750521122	29.374879251614217	29.304718084295082	29.289541918755404	29.143855813717018	29.08086328740658	28.362219736641414	28.190477400986325	27.99722914230515	27.883979866795464	27.639127561136817	27.493136407544867	27.346179266866642	27.173928516955616	26.917026793431287	26.80451471859271	26.671818597793482	26.664599115359195	26.510447912959478	26.456073008287152	26.248080736183844	26.08426966292135	25.98446794448116	25.987391326452794	25.88863185723728	25.767375057196602	25.5981239513956	25.39391936549901	25.227032385988103	25.10338603894453	24.892927957699932	24.546952056535666	24.33395190401139	24.122476994254917	23.791092582236004	23.435151761655398	21.72047384208653
209034_HY55YBGXT_TCDM_1_D01_A04_1_3_i_TGCACG_S4_R1_001	30.822104960990284	31.26201506244122	31.42189305059944	31.50247967830696	31.56586609036998	35.071438073389146	35.05301960637878	35.065500848341706	35.08898836126521	35.09613917004876	35.061616213478715	35.029155182352625	35.02090281294707	34.992525957855975	34.897662217637574	34.80524431541041	34.67433130369233	34.51623168247048	34.34873378873841	34.177568304926915	33.996528450370256	33.69949099497529	33.34475580128033	32.69303682993258	32.28211270925567	32.153736554309035	32.06712401658876	32.00899568944392	31.87149781905	31.682612845783847	31.385811105691474	31.03593024694095	30.795731685971205	30.52345367260778	30.34019552701041	30.018190920059837	29.79210143692982	29.34734050125676	28.801260493415143	28.552088414242803	28.77396769533447	28.84241848568088	28.761373263350002	28.545397366990056	28.395487102172083	28.010949092496084	27.549340347224977	23.49607102265434
209035_HY55YBGXT_TCDM_1_E01_A04_1_3_o_ACATTA_S5_R1_001	31.087248345836166	31.324471565412324	31.436549244601824	31.488694506592168	31.52550679379657	35.038158825317566	35.03626387735032	35.05002486154085	35.05103741231729	35.064265649203875	35.04005333208621	34.971934916148	34.95365274935111	34.93663417533144	34.909073160874684	34.846285526965396	34.80289783649445	34.70706861917634	34.614910835969866	34.53903195733786	34.46108098950256	34.35640287255582	34.180689575756666	34.002905072151414	33.66333392601011	33.52802030219456	33.55551072487606	33.522919384633845	33.35508170336189	33.30477535711717	33.21676726729973	33.06057965553861	32.82644813511972	32.62316124970384	32.28214054557736	32.074518442763086	32.01316713088112	31.744350121086953	31.428450161986063	31.24406863638309	31.124755300229026	30.908991980333134	30.538939526232127	30.12538687601834	29.814549670799668	29.389650495708683	28.93865905628503	24.610749892016642
209036_HY55YBGXT_TCDM_1_F01_A27_1_2_i_GTGTAG_S6_R1_001	30.967896027248504	31.333119771114017	31.504525916584036	31.567204930321957	31.61412017682233	35.16617686635932	35.16732749646521	35.180723508662524	35.194541403589014	35.215128741625804	35.20145349607793	35.14762593244395	35.136779862131064	35.123989492019945	35.09962879711304	35.032048260868194	34.978280902011335	34.87456289759302	34.77660118872984	34.69446839406453	34.61426731909475	34.50142829094363	34.34769292149072	34.19756624434962	33.872995326941144	33.7149860922472	33.677901746702325	33.60133092993467	33.41040653051102	33.3376227739396	33.225162047447654	33.05647589989293	32.82670144765532	32.6447981050771	32.31685212583517	32.10228701773839	31.97739984553431	31.710036945065838	31.415534045576813	31.219656006077987	31.03463145016684	30.76800852930962	30.387158725401967	29.985843340879896	29.63351375297261	29.179362835770803	28.702335451133713	23.9872383844093
209037_HY55YBGXT_TCDM_1_G01_C17_1_2_o_CTAGTC_S7_R1_001	31.10599353394678	31.4009753143821	31.52890801552718	31.586299103619044	31.631136533200696	35.19717137203594	35.18582334050582	35.19679616794438	35.21321432046971	35.22778943157121	35.213022933944615	35.1672242466183	35.15970610814961	35.132807651135884	35.089587275499284	34.99824886735941	34.854348907366756	34.676266989608905	34.49201799249592	34.34538617908156	34.20209011385876	34.01392472130013	33.70757923077755	33.35762626644897	32.92340484197096	32.624691024296354	32.33748418628288	32.0807878204643	31.831984256566074	31.701583534271165	31.505571834823698	31.236361277207703	31.025013786317487	30.79113404625715	30.467641079982265	30.154727895937633	29.982667625401426	29.764983294227047	29.475717699469094	29.237391196219846	29.139639176929812	29.016639814884897	28.84097509812614	28.59749089021766	28.444447628212753	28.15784090048982	27.809808289090967	24.817550252478835
209038_HY55YBGXT_TCDM_1_H01_C17_1_2_i_TGTGCA_S8_R1_001	31.30048093044211	31.52607611315116	31.634639028945053	31.66979045678552	31.698619534171357	35.32628315149968	35.32840970818025	35.33479759402944	35.34343928604251	35.35831295462792	35.34816337534413	35.30852086232351	35.29815423286999	35.283643970466656	35.278246184951584	35.24349943339588	35.20629195196695	35.1452934027257	35.09353238260519	35.02973004576205	34.97723810537366	34.898352501321696	34.79222652777239	34.69578632251477	34.5642914639862	34.46949461129009	34.38093537159237	34.30573350633658	34.22333583565175	34.14733741920088	34.06974991273093	33.95664012069212	33.842626685363044	33.72850396068793	33.59107824448447	33.45271105406326	33.31031372347465	33.181211384510675	32.983632009779484	32.7263061366541	32.540479092394015	32.31421011793887	32.041606377606534	31.675665427863013	31.407743933533737	31.0256310265575	30.579184048035344	26.794033527755005
209039_HY55YBGXT_TCDM_1_A02_X1_54_2_o_TCAGGA_S9_R1_001	31.208838673408817	31.478460005721594	31.59183777899318	31.63389340222095	31.666838504902625	35.25805438180362	35.2586151170999	35.26852556605466	35.27780697282433	35.2908069399799	35.27206978917209	35.22135394725756	35.20787547487568	35.189752491059416	35.17221154381661	35.11438226534204	35.051508630230295	34.96071592283559	34.89665108222388	34.857728531763655	34.809823268420374	34.70797162812683	34.52559402002939	34.4015187215616	34.180378025078866	34.07125134412249	33.967491513999576	33.857987122128435	33.742250619165056	33.69550466890675	33.602809483757	33.42140911637542	33.23455514603156	33.0909314632002	32.839138347868186	32.633921248583285	32.47675542754162	32.24262166599311	31.96629840447484	31.69347105144532	31.41328880771397	31.1006280663724	30.67019137353015	30.20220457508593	29.82496823848672	29.325190057373028	28.766223957106128	25.22288537818454
209040_HY55YBGXT_TCDM_1_B02_X9_27_1_i_CGGTTA_S10_R1_001	30.934886871880256	31.3449556621357	31.474598835857215	31.53999170876882	31.593062329161878	35.123549455845826	35.11545370897779	35.14134189869194	35.15023980532459	35.16759746409661	35.13082113522459	35.07855098938655	35.060168723184105	35.029331072905535	34.98316475620073	34.92336340870715	34.85423948176435	34.73996541949923	34.63969544892298	34.60824101193465	34.554636180101724	34.442416388326215	34.200017526179735	33.93233209414255	33.64405677134065	33.51509779271248	33.317148018699086	33.16775587379803	33.080637278858376	32.966747444379656	32.81897815631331	32.54722631353661	32.39530129862251	32.29371012372809	32.04862335228633	31.752958385434397	31.523734491858754	31.232993707427394	30.83596338376604	30.489775833420403	30.35252393840222	30.167921024337797	29.83523705843296	29.433810022952557	29.152487874917004	28.671075736689374	28.226328703500855	23.755516533591283
209041_HY55YBGXT_TCDM_1_C02_X9_27_2_i_TTAACT_S11_R1_001	30.761553872465186	30.997703396042024	31.135773271439042	31.172665526508673	31.20812118250672	34.47587588565844	34.46866357195211	34.46739311018813	34.4703542633765	34.44712924505252	34.3501636941119	34.185238211580746	34.16520400684095	34.14105057415099	34.10923527974591	34.02774981676032	33.94420229660396	33.79478622037625	33.69403371610066	33.63586122648424	33.55728316638162	33.43282189103347	33.30923039335451	33.19129733691669	33.02868800390911	32.90805765941852	32.70435866112876	32.541172733935994	32.45302223308087	32.30148057659419	32.11443440019545	31.882770583923772	31.78181285120938	31.68720742731493	31.473462008306868	31.229797214756903	30.952699731248472	30.62220864891278	30.387979477156122	30.022682628878574	29.69113119960909	29.296608844368436	28.813789396530662	28.340498411922795	27.903865135597364	27.39874908380161	26.871531883703884	23.10384559003176
209042_HY55YBGXT_TCDM_1_D02_X9_27_3_o_ATGAAC_S12_R1_001	30.596730011494714	30.82376489022835	30.970096589901807	31.02501386799952	31.043931534973094	34.27755442832389	34.235424303597675	34.23168995156208	34.24460863647541	34.19396613348736	34.123205023361145	33.92981076614264	33.90105396796349	33.86062517513711	33.7904330818984	33.697520344498265	33.64907098700125	33.41921389888084	33.345916517502275	33.3082670433425	33.26290581769729	33.095131617323275	32.89789149219675	32.6667591199968	32.37390128271847	32.24152336400496	32.00443204108359	31.820982712180395	31.74117737886231	31.638394057061817	31.50482949509044	31.255637270320193	31.115787788154158	31.00863533165964	30.71719860690941	30.44107672863899	30.184578784534178	29.906864230855014	29.515346299674604	29.16478328748792	29.08963016761693	28.89108044583474	28.538284256818194	28.13519726871894	27.872628858020278	27.521545438428944	27.06414164231427	23.053836431949584
209043_HY55YBGXT_TCDM_1_E02_X11_57_2_o_CCTAAG_S13_R1_001	31.027578217990136	31.329019033752765	31.45008687935725	31.503832522105085	31.539249808706003	35.05091741413025	35.03869983846285	35.048798567420505	35.05011504208468	35.06963367199456	35.03561123745962	34.962030798333615	34.941203664342794	34.916364670124125	34.87998360716715	34.81834907966332	34.727979935385136	34.59818695800034	34.484604154267984	34.45159863331067	34.40777038875191	34.29408131057643	34.10159637497874	33.9250884734739	33.69228567101683	33.58700422972284	33.474515388539366	33.35305432749532	33.23326509628465	33.186135037621156	33.061471794762795	32.859448727894915	32.69009110376636	32.57116269554498	32.32121848962761	32.09028478893896	31.910390717990136	31.631925772615205	31.325883937680665	31.086921867029417	30.906174943674543	30.64063828430539	30.236533699625916	29.812552473006292	29.509936660431897	29.094501891685088	28.64342931686788	24.658581395595988
209044_HY55YBGXT_TCDM_1_F02_X11_57_3_o_AATCCG_S14_R1_001	30.610987589440917	31.04643516459824	31.210602201829918	31.285752785975124	31.367101912115455	34.69604236568703	34.686596326690115	34.72045923111129	34.76080365444476	34.74270660683726	34.71196318605058	34.6557181549905	34.63008179380415	34.6042433062484	34.542749727129404	34.52898492137284	34.466783899960916	34.36652922073547	34.263579523251266	34.1421487380577	34.0253129589953	33.88526633517942	33.604957486086974	33.0847381116007	32.98186926466427	32.92706606837261	32.68717575561574	32.558454946032256	32.50870490897576	32.424485588389864	32.14658878063899	31.835267008933986	31.645396235059494	31.449805284930804	31.290273679104175	30.668714880543316	30.277890070205224	29.91572004150328	29.47310371777769	29.104701459352388	29.19447925509695	29.092391963455555	28.874506474781366	28.624759132743122	28.44493403942812	28.04692700543046	27.729602080554095	23.082494508900297
209045_HY55YBGXT_TCDM_1_G02_X9_27_2_o_GGCTGC_S15_R1_001	31.243144492770202	31.477125043983357	31.598099854776702	31.638247173552834	31.671817967544495	35.27807702595006	35.27747052493305	35.28640742973373	35.295437876887036	35.30833067654868	35.3002104622709	35.262154849978444	35.25248966260733	35.24545569486003	35.24036782521732	35.21047671140387	35.17897836989535	35.13009767714924	35.085689127153586	35.025933534227434	34.97067575605246	34.90447127632042	34.81764094850983	34.74206995909006	34.625530547996135	34.547010487493644	34.45540420484909	34.38404478737246	34.32627524460202	34.25905487566649	34.19578510674177	34.107739530597094	34.002223676612374	33.91616727939849	33.78277789018192	33.664495911814114	33.537024881463545	33.396162934412374	33.20747356866963	32.9383350520203	32.71875464803607	32.493684768047856	32.18394092808454	31.79365375306199	31.46606121392302	31.05952831549477	30.570607628980547	26.903986075506808
209046_HY55YBGXT_TCDM_1_H02_X11_57_1_o_TACCTT_S16_R1_001	30.0816951184879	30.416206493957276	30.55239657947051	30.70685683632577	30.803950648449085	33.738979520999656	33.57085607901297	33.6290429459468	33.60749108579723	33.45628096304945	33.26210911615286	33.15876747341517	33.24385472216087	32.89536461455934	32.33173456186299	32.52196207125051	32.561484333091414	32.382064308478746	32.08450348679436	31.791218326969805	31.296693067432393	31.0973462497239	30.248524817771607	27.413240352150453	24.77512542993279	24.245385125114385	23.162916916474707	22.624814616137073	22.541573317345616	21.728172036224795	21.372061468555742	20.8736076488593	21.246883973367833	21.16487330787921	20.977406834748034	20.60831150799912	21.291139440219624	21.284055410053327	20.24388627686094	20.007068252816257	22.242071881606766	24.95789025275315	26.67919914171216	27.54943043766369	27.93097409359124	28.2305228613802	28.277066043987254	22.982171594458993
209047_HY55YBGXT_TCDM_1_A03_A27_1_1_i_TCTTAA_S17_R1_001	31.163780697429612	31.438819551868708	31.558321633594463	31.605018128033706	31.639114336833767	35.219771973199826	35.22413560229529	35.2310167446582	35.236712872054724	35.25884945434195	35.23496775354111	35.180937370157125	35.16795323415508	35.15486007556477	35.13672477368728	35.086973224052315	35.038662286785126	34.95609054689365	34.885334887107106	34.82659124524389	34.764589039353524	34.663577037177916	34.5040977351163	34.37446397227434	34.122765945462056	34.015590230122456	33.98218177215006	33.918069222075374	33.79906228460468	33.7411861294195	33.660205665055955	33.502959206170196	33.30954526072752	33.13363034922358	32.8774846550707	32.69607545937879	32.56145573016667	32.33676683823592	32.07649963598569	31.84169935325378	31.637127097322043	31.395503817607633	31.034937196932347	30.61000076315812	30.2682811195893	29.817183050137068	29.306937803824752	24.95082627008287
209048_HY55YBGXT_TCDM_1_B03_X1_54_2_i_GTCAGG_S18_R1_001	30.508073139435414	30.924561591103508	31.111714071856287	31.24564264328486	31.297235885372114	34.59375	34.57182955517536	34.66429640718563	34.61286355859709	34.66896118477331	34.632685521813514	34.62717867835757	34.604576561163384	34.58083832335329	34.47182420872541	34.46794803250641	34.43545498289136	34.30886441402909	34.141079448246366	33.96590301539778	33.87104362703165	33.710289242942686	33.302408575705726	32.31802020958084	31.56720487596236	31.34496631736527	31.09404405474765	30.919081479897347	30.971944503849443	30.589165419161677	30.217854469632165	29.7268498716852	29.65931084260051	29.479041916167667	29.273123396065014	28.90210650128315	28.711465461933276	28.268311591103505	27.69689638579983	27.28364253635586	27.714633233532936	28.064438088109497	28.20876550470488	28.13383500855432	28.032479683490163	27.732182955517537	27.318701881950386	23.57190975192472
209049_HY55YBGXT_TCDM_1_C03_X11_57_2_i_ATACTG_S19_R1_001	29.30812029016128	29.00035213747447	29.135784210155645	29.260652158602717	29.221353616451864	31.116627931544475	31.089724628494963	31.108035777167405	31.125079230931757	30.88647087823086	30.605711669835905	30.081378970350023	29.97686456792732	29.883160785970844	29.888372420593	29.705260933868583	29.63374181280372	29.199697161771958	28.981794492569897	28.915557433622084	28.708535812381154	28.551271216282835	28.3407986477921	28.24547503345306	28.003591802239594	27.911719135150364	27.770793717867456	27.54091837453342	27.434819353475596	27.361786041270513	27.294281287414606	27.208500598633705	27.046517360377493	26.968835833509402	26.81748714698218	26.64807380801465	26.466546939925347	26.398513979857736	26.25061624058032	25.981160645115853	25.710050003521374	25.581378970350023	25.415346151137406	25.070779632368478	24.83301640960631	24.53148109021762	24.276744841186	22.13184027044158
209050_HY55YBGXT_TCDM_1_D03_X9_27_3_i_TATGTC_S20_R1_001	30.41012849584278	30.435525321239606	30.58155706727135	30.70309901738473	30.739531368102796	33.64504913076342	33.53333333333333	33.56371882086168	33.51685563114135	33.50136054421769	33.43817082388511	33.32214663643235	33.26553287981859	33.33401360544218	33.30755857898715	33.29206349206349	33.17482993197279	32.839455782312925	32.68390022675737	32.480045351473926	32.492365835222984	32.156538170823886	32.061829176114884	31.723356009070294	31.65396825396825	31.47377173091459	31.350415721844293	31.22244897959184	31.00589569160998	30.983824640967498	30.878080120937263	30.699848828420258	30.477551020408164	30.309599395313683	30.271504157218445	30.026832955404387	29.679516250944822	29.570672713529856	29.314663643235072	29.04565381708239	28.820937263794406	28.658427815570676	28.37490551776266	27.88949357520786	27.701133786848075	27.430839002267575	26.9384731670446	24.937868480725623
209051_HY55YBGXT_TCDM_1_E03_C17_1_3_i_GAGTCC_S21_R1_001	30.281261877613076	30.564695661616984	30.781777705380897	30.92778411250475	31.002823478308084	33.95151218982462	33.956398979203996	33.946788293424554	33.96791008307542	33.93991963946354	33.94608242384753	33.77683661834175	33.81937883477222	33.76068306455991	33.61095726774176	33.64513764456752	33.58948254330238	33.44108703914861	33.25357007112993	33.1325134386708	32.92610088505185	32.831134278112614	32.0579627518054	30.947738502470543	30.602839767606014	30.65968941738611	30.47005484063637	30.525872834880815	30.588396590106967	30.17787913340935	29.838192973882826	29.458978118043113	29.453439756746484	29.133327903567356	29.08972688277135	28.552207199869684	28.18941738611066	27.828337948634413	27.246022696421782	26.97181951457892	27.601237986642776	28.058695770212303	28.238692512352717	27.95376554270511	27.86789379377749	27.5758538306999	27.1856165499267	23.655915730032035
209052_HY55YBGXT_TCDM_1_F03_X11_57_3_i_GGAGGT_S22_R1_001	31.19960123520855	31.48219898017002	31.594010340112856	31.637086687236593	31.67084979993175	35.26655514364586	35.26941820563019	35.27849297466168	35.28956832065281	35.302161720479305	35.2873910049586	35.23472761026228	35.22315201451558	35.20806844505578	35.19415789321519	35.1482174289505	35.102937703763935	35.03284227750915	34.97440200581054	34.92893277449424	34.89518854910266	34.81312722466585	34.70079113533376	34.61032179533633	34.421118706597454	34.32077647709793	34.25453690969526	34.18436878314907	34.088524580823204	34.046066977543944	33.97944544344329	33.86034221261701	33.72912557271264	33.60832754931644	33.41508795891136	33.267129887459106	33.11993997002933	32.96183730624423	32.73968790155304	32.49781878022628	32.273792146384835	31.988431473802677	31.645474971368323	31.210817550124688	30.892015587617777	30.437373816457196	29.93769247375773	25.37939232685882
209053_HY55YBGXT_TCDM_1_G03_X9_27_1_o_CACACT_S23_R1_001	31.18080593150063	31.416666560297223	31.536448766731382	31.577111678131164	31.613712553168767	35.16547469066702	35.15728849818683	35.16371874387046	35.17516196875376	35.186271619057834	35.16183494100112	35.1022769868855	35.094437133317925	35.075280847245395	35.04481365987902	34.985041052223565	34.89520843943686	34.78141504548996	34.684071047981554	34.588976338755195	34.48764923101274	34.35867904466623	34.20825456675938	34.01492639872629	33.73752658704275	33.56841597600986	33.41647786090195	33.2699624600955	33.12014152241906	33.001275156905564	32.86698309449138	32.675884430023586	32.498589753899395	32.320105229164454	32.030025115953336	31.770918721405234	31.576944039885987	31.321060426779745	30.999787048371292	30.681048666573915	30.423328265892977	30.15210851895865	29.751141025035537	29.29231110594865	28.92190887202011	28.466964416016857	27.947508380848564	25.192184909239206
209054_HY55YBGXT_TCDM_1_H03_A04_1_2_o_CCGCAA_S24_R1_001	31.134471522666672	31.383642818975403	31.51454913685929	31.5593209530126	31.596442447888	35.1400264218528	35.13510186107583	35.142864958554746	35.152660041512384	35.16674045228627	35.14622609211668	35.09507721813334	35.08355407484581	35.06481375815949	35.04393170058455	34.98567893286862	34.90246016583472	34.78321745802443	34.68135604654972	34.57465885199198	34.46514493755689	34.33418542018533	34.14584429768621	33.97221140704421	33.72980685061718	33.57704880121584	33.44104372360164	33.30812992221127	33.175708677591636	33.02454443113804	32.88553030994659	32.689140625209774	32.50845385171004	32.345336167059145	32.08553588162795	31.84322211675559	31.64174072080103	31.374136725032827	31.065644643533226	30.756170469283255	30.520691244270566	30.250673804236627	29.8687625698474	29.422032207003404	29.052112170700205	28.602229612345234	28.077797957408187	25.230637735990914
209055_HY55YBGXT_TCDM_1_A04_X4_67_2_o_TTTATG_S25_R1_001	31.410536689023655	31.578041065320964	31.671058577478206	31.70220235565187	31.725266081198992	35.385507210470806	35.38726908466932	35.39793543029138	35.408241116884234	35.42532319307246	35.424889757051304	35.39711320512711	35.386637641034454	35.38043701551363	35.37946497813722	35.36040334196076	35.33830481481739	35.30292093812123	35.273751042298144	35.233586207572884	35.19308181140384	35.1534971280186	35.10920071507266	35.059258472132214	34.99397925236351	34.939578708961974	34.867346899274324	34.80966390707668	34.7702958126648	34.72907938911715	34.682973551757215	34.622934533482706	34.557645313329466	34.50178864942161	34.41303381730033	34.32028870271399	34.22136735064135	34.10174339606865	33.9635452434171	33.73916964807163	33.546887544837205	33.364746218628795	33.12012797395306	32.82336146602798	32.55441118897217	32.20586881921395	31.78135081839276	28.238911896225172
209056_HY55YBGXT_TCDM_1_B04_C64_1_2_o_AACGCC_S26_R1_001	31.319684680634236	31.497709838243964	31.604815114548053	31.643553637262837	31.67383408766198	35.29488495239237	35.295657464856276	35.30820909390642	35.317697049625835	35.33824506189491	35.33908961024688	35.30757325979878	35.29549091308735	35.28570222501973	35.28164693422853	35.25269520127087	35.22437680464387	35.170666007253544	35.12951812886531	35.079312511864444	35.026804543955876	34.967800457592745	34.88946058008372	34.80979458282129	34.673288573169884	34.58305727902167	34.51533355313771	34.44640420026177	34.372058168230275	34.31626072795213	34.25286824725994	34.162243403371	34.05224610097014	33.95649372058868	33.79180399444495	33.65017254643367	33.53329656605621	33.3666324970776	33.15039984413872	32.886249238178024	32.64391691394658	32.40024518178821	32.075662160677	31.69043431346102	31.35565127036937	30.940866428878298	30.44648023259299	27.27286115357332
209057_HY55YBGXT_TCDM_1_C04_A04_1_1_i_CAAGCA_S27_R1_001	31.371804872795845	31.523832869799413	31.619154404457767	31.65124415420912	31.675820520386377	35.30520913437189	35.30686092235034	35.316604297831	35.32518259949973	35.34014465611002	35.33358829237912	35.29672892848015	35.28635854979636	35.27505722016883	35.27440429013109	35.25240419892545	35.23133271459357	35.186914648434254	35.15819162246437	35.111927920842604	35.07090442317481	35.03105090055617	34.9846869721847	34.93358986929891	34.865517082658585	34.80189966272385	34.72404478793199	34.66326873597376	34.62182089060737	34.58071847591695	34.53386740718442	34.473457030142896	34.409466476886976	34.36028696530876	34.27750158792983	34.192652860710105	34.09250545422465	33.985712254186964	33.85068949042618	33.636122487743	33.445579645176	33.271829790970045	33.049147760084864	32.75961050933231	32.51644862317143	32.207904871673534	31.830048178451634	28.317581419850068
209058_HY55YBGXT_TCDM_1_D04_X4_67_3_i_GCTCGA_S28_R1_001	31.277170719462358	31.477539264924854	31.59414358820274	31.64011668704633	31.673491160043433	35.281340151487775	35.2870832231944	35.30025900873061	35.30822134026559	35.33269310127774	35.33624876628551	35.3052599500619	35.290865663467414	35.2784205982303	35.26628503131115	35.22581872051208	35.171105027850096	35.08756567925134	35.00569410346277	34.93973910860681	34.872464823685796	34.76868162274104	34.62458662244629	34.49444852249021	34.241689185719906	34.105901196346494	34.04672663929516	33.95551924404442	33.82739882590315	33.77056428532037	33.69917096287732	33.57304588181823	33.417482804064264	33.28823088669604	33.02120467584925	32.83392063531305	32.73893888192663	32.53496427695298	32.24165875884994	32.00200056670045	31.77564129382658	31.51996715799723	31.152150038699176	30.739228412611176	30.39973252879618	29.97243563290742	29.467806945313406	26.33491616446484
209059_HY55YBGXT_TCDM_1_E04_A04_1_2_i_GCGAAT_S29_R1_001	31.37964331459696	31.53666090481757	31.63662313154426	31.672077778744995	31.696871502474693	35.338749471485066	35.341521221429105	35.35218043499888	35.36267814062228	35.38161483075086	35.38293510769269	35.35173935819633	35.341938903673494	35.33309327355933	35.33098535391847	35.308729512273985	35.28802742681623	35.24900141766359	35.217326351754664	35.17200285398065	35.13218352836571	35.08620754781506	35.04107594759619	34.99015050240008	34.90636619556296	34.84162871204019	34.767355886412815	34.710842717064196	34.66595454460666	34.622810160544184	34.57775807073395	34.51422816611535	34.44558658939985	34.384066207376826	34.28667155283905	34.19111947235556	34.08607992700276	33.97292293630463	33.82593057489989	33.59481223729699	33.399595064292285	33.206096031163725	32.963401972915165	32.65910825540329	32.399508014773545	32.05549406819708	31.644813791752682	28.151911203273063
209060_HY55YBGXT_TCDM_1_F04_C17_1_1_i_TGGATT_S30_R1_001	31.415115836642226	31.574384282193893	31.66666945541713	31.701280166080696	31.725670027739426	35.393220060574016	35.39980182589312	35.40948299276602	35.420029536402446	35.43981483718155	35.44386922865637	35.41810965846016	35.41093353578876	35.403803250748226	35.40430457774174	35.38531318708576	35.36500576151918	35.33562024618696	35.30936135218418	35.271784687568235	35.23730418405658	35.19729818392249	35.159482845472866	35.116984232679826	35.05267727703734	34.99518534015941	34.925602049001014	34.874150486709624	34.844222932554935	34.80450427191401	34.77207609235258	34.71852890192244	34.6689707637221	34.62469514735031	34.55071438949284	34.47824238491425	34.3991179143006	34.307554654304724	34.19138241934786	33.99583272304868	33.83693009478492	33.689319902711105	33.491533824931125	33.24364427076159	33.02415148241137	32.73346171797791	32.38410120006217	28.571250472958333
209061_HY55YBGXT_TCDM_1_G04_X4_67_2_i_ACCTAC_S31_R1_001	31.366536724958717	31.52497058721639	31.627080815130885	31.661918951500393	31.689694662946014	35.33472513112556	35.33891354910854	35.34802217996461	35.35915257883177	35.37904457664793	35.37501701926648	35.344543804436476	35.33377420059129	35.326708620221545	35.32556782583872	35.307013267105674	35.283899491932935	35.248764877927215	35.21973282907071	35.174266882508114	35.136310359986695	35.0915593568906	35.05155360726542	35.001921129429405	34.932393834017105	34.87166056479527	34.79380537639635	34.73557551707016	34.69979719210972	34.65843453362913	34.61726281319143	34.562119248461414	34.5025700770815	34.457946231739705	34.38072911477525	34.30242894137343	34.21153242952413	34.11681561266271	34.006271482208255	33.8112686208231	33.65125441728851	33.515230397229004	33.31561158851589	33.071082460259504	32.8646198251695	32.585722184879046	32.25311402223743	28.429347016062696
209062_HY55YBGXT_TCDM_1_H04_X4_67_1_i_CGAAGG_S32_R1_001	31.35812295804412	31.53984185750105	31.643575079401526	31.683211471513	31.709959032498446	35.363601048184876	35.367305652967985	35.37568537383522	35.386645842090076	35.40089651313238	35.398478606637354	35.36699176310948	35.355591828633806	35.345712338040954	35.34428005284825	35.32010139627643	35.297463500413535	35.26107841304557	35.23096244480638	35.184280861437514	35.143587790179666	35.10019053915854	35.05433439065908	35.00030980607436	34.93507309003712	34.875908348449286	34.794519398332	34.73352879685491	34.70442560708259	34.664233565091486	34.61929876934144	34.56895964680167	34.50928499371659	34.4631374672187	34.39011317901462	34.313952952969	34.21420091013255	34.11837721240282	34.00518640585852	33.80470629577603	33.63925050513858	33.493648847857294	33.281703156469064	33.026021464165254	32.805860985741774	32.525977869769555	32.18212288780303	28.444409437339285
209063_HY55YBGXT_TCDM_1_A05_C64_1_2_i_AGATAG_S33_R1_001	31.200845908069677	31.467986227617033	31.580308868591437	31.624219601319766	31.658015143741306	35.24963724442328	35.24764517098828	35.25729802575612	35.26032335984689	35.27860517398516	35.26052441653255	35.216483874210596	35.20601920565538	35.19314529475194	35.18001781058753	35.13430183540096	35.08732830754845	35.012245371665614	34.9502926465414	34.88598770045209	34.810838140832615	34.71526010760326	34.58994678636495	34.46298340144287	34.26077739705566	34.16001764936283	34.104607564852635	34.040040154434294	33.93170663932801	33.86257538440236	33.764256531260045	33.617820284722825	33.42613371787005	33.25761407358864	33.04019900818358	32.85058631259193	32.68488039498155	32.4578432971779	32.204875814303286	31.94984690766282	31.714895692360507	31.427313621874966	31.057897923900043	30.61439153323742	30.221949154471282	29.72853316818866	29.178546279550353	25.213675837823125
209064_HY55YBGXT_TCDM_1_B05_C64_1_1_o_TTGGTA_S34_R1_001	31.339618979062685	31.545019590780836	31.646792164395126	31.681510382583248	31.708751325015946	35.345716115849136	35.34655401525522	35.357071753077165	35.36386456008292	35.37918618080587	35.37281379738074	35.33513478020948	35.32683036435433	35.31542608916605	35.31329169334385	35.28175933524584	35.2433053532413	35.18747988157099	35.14208614696564	35.07938975277767	35.0267051142373	34.95939747294845	34.87650615550234	34.78790289917616	34.671528841426095	34.58474965599697	34.49977221221951	34.421682640551914	34.34353116602583	34.27189216698915	34.18716491393144	34.07693486227498	33.96804449164783	33.860470809559686	33.72324035229211	33.58223396804398	33.43188091540768	33.28834159883882	33.07759361186082	32.8078994385116	32.58979252814811	32.339086688173495	32.03539303303962	31.65439420388797	31.353753022922923	30.941371434247962	30.453695335354315	26.959992477328814
209065_HY55YBGXT_TCDM_1_C05_X5_31_3_i_GTTACC_S35_R1_001	31.23296504826672	31.49603062222128	31.609167869539924	31.649551765967647	31.677469445771727	35.29342247694996	35.29128267251198	35.30215822700848	35.307062456672654	35.32569118947843	35.309994057369465	35.26883635060106	35.25761261783895	35.24208827530224	35.239213023551365	35.2049919552003	35.17300623497968	35.1159432584828	35.06354102598331	34.99949670618578	34.95715712706043	34.87087275160428	34.784345098411045	34.70849671408711	34.56201159914981	34.470249108085596	34.40196718120947	34.340985873672736	34.23741827843366	34.2040092794862	34.13753426161464	34.01177308300262	33.909437887035125	33.76373094896199	33.62392962993921	33.47835503911365	33.290421323771895	33.19601407101797	32.9923342561253	32.721290316007384	32.52857525744814	32.22385388115321	31.93368903865371	31.48899979165445	31.222725550691386	30.78694421953383	30.29641292174899	25.953785962999326
209066_HY55YBGXT_TCDM_1_D05_X4_67_3_o_CGCAAC_S36_R1_001	30.717785930770457	31.071609507098422	31.218542032222047	31.282526718774925	31.32386664539799	34.691402137501996	34.672445366087096	34.67124262242782	34.66998564364332	34.69100654011804	34.64143085021534	34.534147391928535	34.51899026958048	34.47561014515871	34.43578720689105	34.3317881639815	34.25574732812251	34.09684798213431	33.96984846067953	33.894879566119	33.81195405965864	33.642836178018825	33.43767586536928	33.18326208326687	32.827350454617964	32.62416972403892	32.508690381241024	32.38264156962833	32.26125219333227	32.16486201946084	32.04450789599617	31.812072100813527	31.668891370234487	31.48491944488754	31.2089184877971	30.984868400063807	30.787800287127133	30.499465624501518	30.110261604721646	29.843365768065084	29.78382357632796	29.608320306268944	29.344501515393205	28.974566916573615	28.7066374222364	28.30669006221088	27.847650342957408	23.62331791354283
209067_HY55YBGXT_TCDM_1_E05_X5_31_2_i_TGGCGA_S37_R1_001	31.184346680421818	31.48069449515466	31.60252090846694	31.64160790313375	31.67157554334548	35.29988865402809	35.30190447197232	35.30565109208354	35.31442862892887	35.331125779245646	35.315050932549475	35.27752886431854	35.26828109458138	35.24736256149518	35.254041809887575	35.2278177699428	35.20807618520618	35.158204104370995	35.11709704959778	35.04963761149876	35.01232664476177	34.92788115791183	34.87207314177838	34.82503403436381	34.70947077804561	34.628800671728406	34.54727645279315	34.483895098663346	34.38023520560322	34.379384328532595	34.33802720189428	34.22913298401884	34.16743634348054	34.020288176547574	33.95970794367156	33.8410428758926	33.61393110239702	33.60853334648643	33.46054149258822	33.188610628615095	33.014969871301425	32.700187273484715	32.488269702578414	32.06903903234986	31.893050993233967	31.492954703342726	31.03989099225036	26.237340920716
209068_HY55YBGXT_TCDM_1_F05_C17_1_1_o_ACCGTG_S38_R1_001	30.351050399766937	30.678179522869257	30.95180137895316	31.02871200595604	31.125756643899912	34.32651409704464	34.322953419868576	34.344544071472505	34.33188748260124	34.29514776810281	34.23333764930567	34.192697374809825	34.19638753115592	34.18028355938239	34.1994788463406	34.148318389279126	34.05491535299259	33.93469394361182	33.762195319328	33.66767552519988	33.56488524908555	33.43542226394329	33.24512025377917	33.037370925452365	32.721878742757255	32.69323147638624	32.48969022108568	32.34928624607517	32.261596478166574	32.07155342634253	31.930388761208043	31.736752662415434	31.578771890072183	31.407697536658787	31.262810345385688	31.046741980383906	30.745621985563073	30.548603243453208	30.305311882950832	30.03701485773476	29.80918007315573	29.565597384520764	29.284320072508336	28.868983264817274	28.67136568154598	28.35126080341825	27.949001391901078	24.681675460460298
209069_HY55YBGXT_TCDM_1_G05_A20_1_1_o_CAACAG_S39_R1_001	30.96027481389821	31.217055516945074	31.346502042588593	31.39951415990476	31.431756156777965	34.87208949054594	34.87127714921654	34.88175283178536	34.87768199770771	34.879393390957844	34.83530529299705	34.74503043998128	34.720424842780005	34.69797723097224	34.656833381361004	34.57237856931436	34.47790183839493	34.32246495392603	34.20237860843192	34.11249036730085	34.00855566233201	33.88823265559988	33.71701444350707	33.51964875038954	33.26200746102261	33.12453401206646	33.022989390013805	32.917469119946176	32.75824695958765	32.697567800510875	32.5474802423724	32.33985792502207	32.16216706066742	31.994282968605553	31.731999076825584	31.460946983970928	31.239066967958806	30.92987069038582	30.604149199589525	30.33961735202805	30.183674547116446	29.943821968160915	29.593616144599366	29.19010351810295	28.92075760282377	28.530282207117047	28.110568391186032	24.203296567173325
209070_HY55YBGXT_TCDM_1_H05_C17_1_3_o_GATTGT_S40_R1_001	31.24090902224418	31.52299966968392	31.589682838277508	31.5471868476867	31.64761245228586	35.25280956011105	35.27016489278882	35.27076272088624	35.2563188562428	35.22796038205331	35.23041473640313	35.20683252332344	35.2162917910209	35.20999812182538	35.161035334542866	35.032668938476874	35.01100266572334	35.04760964513443	35.040297253547266	34.98390532810426	34.928623476421535	34.82736774004921	34.76161414299986	34.689894992315416	34.618995149218534	34.54299455733779	34.4228446102514	34.303425057799366	34.23602796874403	34.125069361024536	34.041140945289214	33.93010621142918	33.78338021236576	33.64626930169372	33.50420186559002	33.215356866857405	32.749174477426756	32.47847402534453	32.341791205265935	32.058535946823035	31.749817624367218	31.42429011481844	31.087249715984072	30.642213622082956	30.312259317988286	29.956972196949266	29.418976212841073	25.964927140741413
209071_HY55YBGXT_TCDM_1_A06_A20_1_1_i_CTCTCG_S41_R1_001	31.24647546972807	31.511615208938455	31.623396850298363	31.661906705220222	31.689795750079014	35.308593206148416	35.30952191183582	35.31746882767494	35.32433648791296	35.341552603693245	35.325837631700324	35.281829148060254	35.26751580011907	35.25342885776169	35.24867659076599	35.21384860311602	35.18083156977974	35.11836068710574	35.072435414159614	35.01736717381807	34.97276135399685	34.89967503285749	34.79818987320271	34.71378450688951	34.59032043903084	34.51398901958325	34.436146439044485	34.369138661406566	34.297873674830484	34.2573483093477	34.18464591226497	34.07177376398448	33.95026735312781	33.831990361321246	33.69267441831767	33.54552944426757	33.38722940395155	33.23341871270097	33.03365356766275	32.76418105420073	32.521084827544854	32.24755755630632	31.921171368339017	31.508958300577476	31.19692560235572	30.76227979897449	30.257644690879797	26.21968803793103
209072_HY55YBGXT_TCDM_1_B06_A20_1_2_o_TGACAC_S42_R1_001	31.14710586634141	31.395875136136002	31.520146609169302	31.56998795471703	31.601390751713758	35.156166410217075	35.148264826102874	35.16316118046811	35.17748033337941	35.177069457081274	35.158828372185575	35.10599849016251	35.097414137486346	35.08112186697329	35.03775201299007	34.970002232858256	34.85825830980225	34.70960691062035	34.58398888735306	34.48716030555222	34.340131905721734	34.1554859200819	33.8995464411733	33.626778501979956	33.364044754378	33.22078639141246	33.06611007231727	32.93791211044598	32.76207452278351	32.625463849721044	32.42789082993974	32.16940786725581	31.943674251802616	31.726752072229168	31.452353538928442	31.144406690068642	30.90484758084238	30.57804371237748	30.187285922816017	29.90099248271054	29.7580136067648	29.539788926542002	29.186915298724536	28.76630480186041	28.468297969617936	28.07865053337971	27.603739050260575	24.713633650237185
209073_HY55YBGXT_TCDM_1_C06_X5_31_1_o_AAGACA_S43_R1_001	29.046804964790073	28.637552896581397	28.715728189180506	28.705129811070023	28.66121679837484	30.487705118918594	30.45272393566904	30.367021942890755	30.239225980731213	30.078139892055574	29.68431701459047	28.98101713930931	28.918292822403643	28.866245854051726	28.805887927325408	28.623278308180794	28.518037938490195	28.045723886652908	27.85476790859035	27.645700467831798	27.529197279059762	27.386745491876937	27.22893803815634	27.077268494060878	26.92550636392848	26.81315320810618	26.52962480870091	26.3259790973406	26.258965868429797	26.169644850854787	26.111054228186457	25.937123188445263	25.802067391742415	25.73655187813499	25.594647437817585	25.474642318354363	25.25769689510002	25.11368203776421	24.901706306198363	24.666731113810023	24.473719181103732	24.35136401017357	24.111416402978	23.856853817540152	23.686076149292262	23.407103527528008	23.112494757996437	21.22241344567106
209074_HY55YBGXT_TCDM_1_D06_X4_67_1_o_ACAGAT_S44_R1_001	30.356185310234128	30.48765705429789	30.619488570321582	30.657331045552667	30.669690596114464	33.65820556816295	33.66084020590026	33.62027453368019	33.566081806608736	33.5684286267781	33.40063098466818	33.170042065644544	33.135639563845686	33.084147893950295	33.03695411523773	32.9351940001107	32.87175236619251	32.67833619305917	32.567556871644435	32.49619195217801	32.425792882050146	32.35282836110035	32.217974760613274	32.05681075994907	31.848843194775004	31.711756240659767	31.492754746222396	31.34483588863674	31.270471024519843	31.207605025737532	31.065060607737863	30.860187081419163	30.67776886035313	30.568464603974096	30.381233741074887	30.129545580339848	29.848195605247135	29.581222671168426	29.34624176675707	29.008736923672995	28.7946781424697	28.569817900038743	28.226739359052416	27.88137211490563	27.637621077101898	27.249673437759448	26.84531189461449	22.578651685393258
209075_HY55YBGXT_TCDM_1_E06_A27_1_2_o_TAGGCT_S45_R1_001	30.996332387295944	31.372465529552812	31.499027851758523	31.562841674238815	31.60043470445539	35.157958010452035	35.156976792125185	35.16873986830236	35.18372200023418	35.193640550867514	35.16972520939529	35.12126951511324	35.107614913858924	35.09184863181885	35.06263883414772	34.98922721223505	34.93645498186808	34.842965489149705	34.752708245037425	34.68178842294303	34.60793154229381	34.496757856755316	34.330245106688935	34.094108732183464	33.730184749393544	33.51385826589862	33.35495944022731	33.200915583890875	33.05763132246792	32.96772039070629	32.83039847358708	32.590939149621775	32.42255631286187	32.2823105300393	32.03821639244775	31.768186758005175	31.537417400381603	31.236711088096914	30.894052332743502	30.55973228406188	30.36649823792978	30.128918895296586	29.84886681651547	29.528747223317048	29.25810329672867	28.82176540141724	28.35248825423944	23.751303206357637
209076_HY55YBGXT_TCDM_1_F06_X5_31_3_o_CTCCAT_S46_R1_001	30.655544199571032	30.998488534454218	31.144625660366493	31.211266896025567	31.24711022182556	34.56430926024558	34.529552750147545	34.53156084008695	34.54007542932819	34.536789791129856	34.452673134779545	34.34051519382746	34.349252904173085	34.31122874951417	34.22465056356073	34.16876232564165	34.093174653442546	33.935413637737696	33.75568958816163	33.61761721055434	33.564748304999355	33.41499085923218	33.16333904331428	32.827563373591104	32.525342238984294	32.39428737998244	32.17299442916985	32.02914609394118	31.984291554506328	31.79360218226835	31.52207459442341	31.255901913083534	31.0907167225669	30.956448199916508	30.77970749542962	30.422602167873443	30.142725532251795	29.776835710892627	29.28642631965337	28.95907527098418	29.09532669248154	29.0844801278268	28.91911140220818	28.657825792799667	28.41548028617081	28.0505369301415	27.629482215088743	23.241316270566728
209077_HY55YBGXT_TCDM_1_G06_X5_31_2_o_GCATGG_S47_R1_001	30.873334339557548	31.258306740264782	31.406027642416664	31.49520246668679	31.554314545689767	35.03719435939454	35.009045236965804	35.0304346888611	35.05561904351201	35.06614396912329	35.04199458795118	35.0025712622364	34.99955798007676	34.95615108456596	34.87682467980508	34.826216093837594	34.7239935961016	34.55990717581612	34.40056977446203	34.256239488550605	34.1473381775842	33.97049517012377	33.662606731640004	33.049743412825045	32.60086409504507	32.409008581655094	32.194777157272846	31.98556158092199	31.894734572426582	31.61117609642503	31.379587304325327	31.0231925697529	30.870550153089827	30.674988679977574	30.44181777998189	30.151771853033765	29.940281491224287	29.578515136487127	29.13175158480314	28.80678069343223	28.890306287463886	28.869232179050414	28.672069731338134	28.40109804217517	28.18343826814438	27.823790374746647	27.403087131829746	23.699248566130493
209078_HY55YBGXT_TCDM_1_H06_C64_1_3_i_AATAGC_S48_R1_001	31.279777942665167	31.488588032560795	31.59355228829255	31.624306228726432	31.6542004473181	35.23569225040213	35.2333119097623	35.23237349166565	35.23378206619732	35.23503741672155	35.216508364666566	35.16209893647633	35.15748333167856	35.14735229420424	35.1391541150562	35.093424706884875	35.03739114211129	34.95702072907343	34.898684572527756	34.81904844733427	34.73996079587556	34.64822022673111	34.52204827781521	34.389009922801876	34.256931902097314	34.14424227633526	33.999401504247956	33.8707168963511	33.78445904346282	33.6374005654509	33.50239177243923	33.338000160171504	33.17919762410576	33.03936833813469	32.86636775984985	32.66572685906954	32.44898101613917	32.21560234719473	31.949148135151408	31.60555397236713	31.311625041021845	31.00208740867508	30.60605431885802	30.12639174262813	29.699618923177553	29.224391190364848	28.651296012360994	25.9306950003499
209079_HY55YBGXT_TCDM_1_A07_A20_1_2_i_GTGCCA_S49_R1_001	31.32482172588611	31.520522994362818	31.629429378466156	31.664430266779924	31.692319488896963	35.3041016230951	35.301899400454495	35.307533637334046	35.31278927282311	35.32823812465915	35.31901129941006	35.27716325026789	35.26733773394841	35.25916517362188	35.250651209123205	35.212078062008715	35.16027972013549	35.092049267678846	35.040573989171115	34.962750631910765	34.88855256710894	34.80480321419322	34.696624717043335	34.59592757487984	34.49034389675407	34.398227379450816	34.27207857466741	34.168257308111706	34.08847303135379	33.97624467785147	33.86132538182024	33.724971796406145	33.590288402923804	33.47754466538856	33.3226230388227	33.14404722234744	32.94314372032878	32.731062491032155	32.47534561003585	32.14069858880383	31.84220203407648	31.541140270783963	31.15032662840583	30.689330305700736	30.292896937041093	29.831857008884022	29.26209749295168	26.643728578453427
209080_HY55YBGXT_TCDM_1_B07_A20_1_3_i_TCGAGG_S50_R1_001	31.35158005083883	31.551704127675862	31.654449166387067	31.68558328194354	31.711522589452564	35.340713786394545	35.343465497084374	35.34375969564795	35.34526748044671	35.351262857287196	35.34398333048699	35.305593094968884	35.30188156661353	35.29750174212775	35.295580253469296	35.25931056770027	35.22758345601903	35.1811918570011	35.141328363487204	35.08552611708966	35.03088171982193	34.96768538353443	34.89268445000656	34.82559756766567	34.751517257361	34.67202578019592	34.56645215202886	34.48376759768683	34.439299752505285	34.369403706325315	34.29844824329274	34.21125969152944	34.123309010356124	34.04849004612177	33.951562945313384	33.826383927615346	33.67548079431141	33.53057557759291	33.353054338460964	33.070711029741645	32.8214472812099	32.595211194207295	32.280346725980465	31.887812601418194	31.546991939810518	31.157053915078617	30.66687044115782	27.37493293700499
209081_HY55YBGXT_TCDM_1_C07_A20_1_3_o_CACTAA_S51_R1_001	31.29440891366005	31.460014555028454	31.563620052650677	31.59870459664792	31.624211105527447	35.20521804462708	35.204673176758625	35.208327938001744	35.21675483972155	35.22779419736816	35.21074987203971	35.160621009697635	35.151170207410615	35.13989216999411	35.13282314592885	35.10017894071866	35.06103604042701	34.99188590626876	34.93911839942408	34.86797596936286	34.802472958113114	34.73394429340749	34.64462757371866	34.55154530056192	34.44398787410744	34.35184642553584	34.235179957708354	34.140918834911005	34.069577298927754	33.97416504273248	33.879860563292986	33.76768230813303	33.65475396851493	33.552371404635906	33.41424478112607	33.25482248073903	33.08505154639175	32.897358314712775	32.670369197811915	32.362097507051274	32.10939280914086	31.86082867055441	31.522183251358243	31.11890653675581	30.767566860161445	30.34873609568491	29.830088520296	27.01964972488901
209082_HY55YBGXT_TCDM_1_D07_A27_1_3_o_GGTATA_S52_R1_001	31.354685389451532	31.539691390876193	31.638505225385217	31.667255506515737	31.6934105125463	35.31206626759599	35.31370165912703	35.316957872409525	35.317515232704544	35.32525152075385	35.31645793029129	35.278409546967275	35.274429546771245	35.26932098469458	35.26343711166571	35.230700075259534	35.195623463384955	35.14536500874054	35.106940195293326	35.04754218414771	34.99279974738651	34.93099176224663	34.85388961458165	34.784030236796	34.72265689467135	34.653052885385904	34.54152082538066	34.4545193734359	34.40240155001263	34.31546043020056	34.22578820520714	34.1258591202979	34.02146049059891	33.941454784543424	33.827896796688265	33.68410227773337	33.509907648789905	33.32950834676181	33.12455737671913	32.82664624601682	32.575165890185716	32.31694204433081	31.974294272990516	31.55345791201284	31.195257761917617	30.78933251071475	30.289962123871206	27.268097719246704
209083_HY55YBGXT_TCDM_1_E07_A27_1_1_o_CGCCTG_S53_R1_001	31.240562280926927	31.4891215572068	31.60830745535623	31.64335854117116	31.674129065038343	35.27923166449723	35.27846051213785	35.287034811653	35.289457914117676	35.30220706773556	35.28738305691034	35.24458054203288	35.2364043128195	35.22168691850273	35.22140970043638	35.187793167002496	35.15284763758868	35.09311831327837	35.04654719257077	34.98148181802349	34.928357643866036	34.84932043334159	34.76664031542737	34.68471681125773	34.55932557486213	34.46606270837735	34.38025050336168	34.311305363158695	34.23902997150583	34.18089406423191	34.09144970434364	33.96866428748294	33.841639804304194	33.69893247192041	33.55156218173117	33.385482057304856	33.17216900231028	33.02598565371897	32.818189700148636	32.521264617176314	32.26863642180459	31.960964122181913	31.638368540254927	31.194987812551823	30.878210402530325	30.463159074405148	29.96193139439703	26.23729336425818
209084_HY55YBGXT_TCDM_1_F07_X5_31_1_i_AATGAA_S54_R1_001	31.24856086166015	31.451451200718118	31.5582440246118	31.583528701711593	31.610736539614827	35.16768353888867	35.17068279454474	35.16330812073688	35.15025148424794	35.133207940483175	35.1202922448569	35.07290748638933	35.08031853203272	35.07005201314558	35.063559498426706	35.01229971870079	34.965132196704005	34.89544063413159	34.84265096407386	34.76718579884414	34.69492526227148	34.60627331757884	34.50037117742309	34.408825966876336	34.29851750671636	34.20281049151279	34.0696660596643	33.95231737609032	33.8771879399518	33.75443867815088	33.64661174330065	33.52860339397532	33.394474152056716	33.2757900822245	33.159908988006244	32.998772663667225	32.781822194861256	32.59093363802323	32.37087863414665	32.05119009072074	31.78672365489209	31.511307023330403	31.172794136973774	30.72397570304556	30.358907256507965	29.957399771795146	29.427750119238528	26.235721035409544
209085_HY55YBGXT_TCDM_1_G07_X11_57_1_i_ACAACG_S55_R1_001	31.313012949148053	31.4922531225852	31.59242198596319	31.620481596008492	31.646025060200575	35.22739448255682	35.22813074805175	35.22757754779254	35.223742617143515	35.22576470138985	35.20954033034408	35.15908454796402	35.15480754337466	35.146804732179135	35.14360266377081	35.10005816611826	35.05999255153322	34.99481610739522	34.949478428550854	34.87625626730271	34.81486076387117	34.740298007320604	34.65699960655276	34.57466937774839	34.49880306800173	34.421652727250105	34.30314008366368	34.203221933846805	34.144498753797706	34.04511049202644	33.94455311559154	33.83923768775449	33.72876024932913	33.630277945945124	33.519821316888354	33.36642902510754	33.17694871155683	32.9993225156081	32.78074348226977	32.47047844242377	32.20347786762753	31.942884719101414	31.59730031694599	31.154113611715488	30.795826341456994	30.3798858216404	29.863386280662176	26.85398416457107
209086_HY55YBGXT_TCDM_1_H07_X2_45_2_i_ATATCC_S56_R1_001	31.312815178606698	31.508652266025635	31.61104350099597	31.645436881516357	31.672637308620008	35.27609269754328	35.27318081243742	35.277754997244394	35.28213779422156	35.29249640579612	35.27914393054487	35.235847567509275	35.23028336998073	35.21879618152281	35.20799381978759	35.16799423359912	35.113126979320086	35.034727251181714	34.978264001093464	34.89753744524051	34.816549827609876	34.730539102367565	34.61215076031598	34.48577922590911	34.372599266174234	34.279062343841005	34.15752323457659	34.048943009375336	33.95696657970355	33.832049655501905	33.70249545591058	33.5601630229308	33.414408572419205	33.28115883214864	33.11298653419682	32.92353092206612	32.72074054707137	32.50530493833895	32.243596893654825	31.917635753691854	31.64677933939379	31.360954782313193	30.9871695699307	30.530856702712157	30.13402900693385	29.665920865442914	29.079327825878142	26.449689610007717
209087_HY55YBGXT_TCDM_1_A08_X2_45_2_o_AGTACT_S57_R1_001	31.280169355384896	31.516508225661177	31.621432988600983	31.652220020216816	31.680632683766355	35.290882494985354	35.29130392126456	35.29263124314423	35.29453152247048	35.30371112108378	35.2842343656737	35.244450534948065	35.23980199674278	35.231929338624056	35.22735131241562	35.18914957088323	35.14689832663765	35.08451654025355	35.03708279083192	34.97272014902464	34.909260934264964	34.829814105311	34.73679150159538	34.65595816878952	34.544737330152486	34.452435037499846	34.348228496847526	34.262555154749776	34.188268044330144	34.10534751843977	34.015661891810296	33.8869567363959	33.75741474156467	33.6382949135785	33.51315694362775	33.366690107369394	33.180811938681146	33.01403030496755	32.82061861934472	32.54003410400709	32.31497265919475	32.05475351499773	31.739489629862653	31.328369242337835	30.975317319809882	30.541337753097874	30.017360319468715	26.46051967468271
209088_HY55YBGXT_TCDM_1_B08_X2_45_1_i_ATAAGA_S58_R1_001	31.307376889327035	31.472917065850307	31.571132696687226	31.59894379055523	31.623136635136643	35.202060055746756	35.2004171255755	35.20202958371301	35.20714437552077	35.20875476155999	35.18898170264073	35.132840941834495	35.12538583689125	35.11987052067198	35.11530721173091	35.07702434252321	35.03670490541237	34.97577643960857	34.93651145675336	34.87824472309697	34.82126884573399	34.756669840633705	34.66948088087092	34.58719042242039	34.496519545249996	34.410920555263836	34.290251301643394	34.19464797731516	34.14385585070361	34.06478354373664	33.9843295738157	33.891206185481565	33.798862332714634	33.721547408877655	33.61213860777422	33.47559165719596	33.32924551000677	33.180668261451025	32.98723087709239	32.689509904873624	32.44097067322717	32.20295520220998	31.870389459406617	31.463262611399664	31.104962382883784	30.68274944041157	30.150100118914064	27.189440367692622
209089_HY55YBGXT_TCDM_1_C08_X2_45_3_o_GGTGAG_S59_R1_001	31.355054620602893	31.54291341427694	31.645005298888968	31.676603958646808	31.703240744431536	35.320031163279076	35.32208552748826	35.32373819965329	35.32635086951412	35.3326552744197	35.32687477932011	35.29430146345001	35.2909392213192	35.28775326593376	35.28534619965123	35.246445848337856	35.206890497257206	35.15195100951485	35.11107980839135	35.048197644829656	34.984412895703315	34.91517032951349	34.83203280605038	34.75693310953103	34.682132496140596	34.60532702284218	34.49361330223006	34.40323407099457	34.34691964950441	34.2501824587102	34.147763459962334	34.03173868620985	33.91206576691421	33.82414921393599	33.70173812816137	33.54167683540733	33.35397144077575	33.16344095782722	32.9382374694327	32.63277490767126	32.36153646949725	32.08643727445005	31.72732921594702	31.289585696574377	30.911828017685764	30.484155473336983	29.95013058848913	27.154789534713572
209090_HY55YBGXT_TCDM_1_D08_X2_45_3_i_TTCCGC_S60_R1_001	31.346188592161074	31.538658943230903	31.64004153776653	31.670143801560787	31.700724691267595	35.33188215171612	35.33071566898807	35.334648181916634	35.33946002539042	35.350604287119005	35.34719625332991	35.31336416539358	35.307236597160184	35.302780072386184	35.296966350507205	35.26167572107266	35.22737406104566	35.18839326905003	35.158715133001806	35.107632944276006	35.05590822625582	34.99411262089919	34.92567974634345	34.85946038520683	34.782831231736836	34.701993861859236	34.59370483676193	34.50627353920673	34.467784574180065	34.391519501172965	34.317576937918005	34.22278056070844	34.123755522977376	34.04935360968869	33.93401779058475	33.80120073538062	33.6339953371065	33.472292209238844	33.286870054057744	33.007489905572726	32.759352335144214	32.51512379611914	32.197107134516784	31.8095870861425	31.47559650375278	31.084430218456454	30.601463553226715	27.58150431528515
209091_HY55YBGXT_TCDM_1_E08_X2_45_1_o_GAAGTG_S61_R1_001	30.644748432561272	30.856780144048916	31.032592362298566	31.191097984351522	31.304160837349084	34.52137416446448	34.468884398155346	34.52624488315457	34.545624125602366	34.55041712005803	34.59881341002124	34.619721229079225	34.65417897300378	34.674050468936215	34.61549821234261	34.609383905901865	34.57925281102648	34.34628737240271	34.32252966474947	34.13446292554018	33.90553914710607	33.752551945696666	33.405357790559094	32.3256904502824	31.71400072542619	31.5951085548474	31.29068863671693	31.294548940359604	31.272630706254212	30.84196072335354	30.61601637390538	30.178273485672833	30.148012850406758	29.818436188403545	29.806000310896938	29.437380175138607	29.364915280584487	28.959246593087727	28.448339292191307	28.167314368620133	28.607907145447953	29.195372817244415	29.490698999948187	29.46546453184103	29.29105134981087	29.093320897455826	28.751956059899477	25.499093217265145
209092_HY55YBGXT_TCDM_1_F08_X11_68_1_o_CAATGC_S62_R1_001	30.214392627593696	30.3954157250609	30.545740028761777	30.60969095764975	30.647110615443314	33.601091773545036	33.488304522642565	33.456725266339916	33.46359287412321	33.43628386112171	33.30255627623045	33.091054500631	33.117218912335275	33.01945822205265	32.92535145129575	32.842778739764626	32.83046693863176	32.593196959469374	32.49289760220702	32.29863821794383	32.20310803275321	32.08748862735891	31.70482493469903	31.122985941948173	30.57350394740704	30.3598156898424	30.018665805769963	29.770331347401168	29.765121944061278	29.43849969183811	29.2640800633933	28.89460863440261	28.81034836967687	28.584348310979365	28.407184574296362	28.042643735509053	27.875091714847535	27.49713849675696	27.049481994541132	26.66219587356558	26.83169958618261	26.9599976520999	27.024608927890117	26.8429841810231	26.83231590995803	26.5717430223344	26.268086167933554	23.426730842602648
209093_HY55YBGXT_TCDM_1_G08_X11_68_1_i_ACGTCT_S63_R1_001	31.340865218228387	31.538341936315405	31.641343883937324	31.668971856184548	31.695941522589887	35.31399933352007	35.312842262476025	35.31539140953206	35.31898873713147	35.32851198503442	35.31641302429645	35.27354716936516	35.26797631091537	35.25669461279574	35.25141181788896	35.21378241371705	35.17097005525828	35.112107222403296	35.06761151314152	34.998138643881205	34.93776243741898	34.86514882163984	34.78113855965893	34.69282967730315	34.599369807174774	34.50736609205276	34.39133063753928	34.29143411270809	34.23327585685949	34.12590288981668	34.02601972085789	33.908220342409535	33.79322431049032	33.69725397424783	33.569077228908995	33.41118622187768	33.22867786059068	33.05147061292069	32.8220683239723	32.50529301251409	32.22360146135139	31.937633914515704	31.575856319422257	31.113562428631838	30.716424103102078	30.254773702622963	29.681360996969893	26.84404369691132
209094_HY55YBGXT_TCDM_1_H08_X11_68_3_i_CAGGAC_S64_R1_001	31.311312075363265	31.51753058840986	31.62199164282435	31.655596033633824	31.68408119162122	35.2890448842415	35.283281764747116	35.28900558955532	35.28884643849047	35.296738146583436	35.28688982103774	35.24357539466885	35.23937002880498	35.2298764174534	35.224896460777686	35.18434988231317	35.141426961495156	35.073363179088794	35.02058844323557	34.949767053817936	34.88268791431999	34.8035135214684	34.70204318713586	34.59984825272157	34.47913247346243	34.37956709696624	34.25364788198607	34.149065529882016	34.07744823342318	33.975378313763365	33.878873902290046	33.76195339801937	33.64910452113432	33.55332099267784	33.41931078941052	33.266552696905066	33.10643572618249	32.942492530216704	32.722060264394074	32.40857848514281	32.15240572992383	31.899014780567246	31.560097050289006	31.116258866716976	30.729107971177424	30.278460731560855	29.725218176538434	26.698752977824142
209095_HY55YBGXT_TCDM_1_A09_X11_68_3_o_AAGCTC_S65_R1_001	31.23117353264369	31.470365185187557	31.584828321207482	31.62483434408802	31.656067464805126	35.24527946058911	35.24452040677937	35.25417559686853	35.25778548079993	35.27581439703384	35.2612694608988	35.213836606939765	35.20314054776176	35.193337989319	35.17720574651148	35.12549739489059	35.0597396065265	34.96693032787323	34.89741208356426	34.816958680263	34.72706110126876	34.62527708988081	34.47437040074581	34.3169657283147	34.07943271726954	33.952655567053135	33.85685374972368	33.757402323080555	33.635013332564455	33.528021772072414	33.4026186715704	33.22844956745252	33.04304885901654	32.88065096232603	32.64602132142426	32.44369194033931	32.272821751569	32.05548130183922	31.78623867906697	31.508457448455783	31.275447471191086	30.98283447009864	30.590030103723826	30.142875434229396	29.76255594391032	29.28262826119225	28.72315146156302	25.391497273151515
209096_HY55YBGXT_TCDM_1_B09_X11_68_2_o_GACGAT_S66_R1_001	31.371022578419797	31.55925802325291	31.65699159802739	31.68915173833143	31.712857125471036	35.35695412639534	35.35689647773064	35.3646474047532	35.37242215989049	35.386552872472826	35.37858986241826	35.34298322872236	35.33103317296329	35.320498904355105	35.31713440017525	35.29316895350379	35.26837003524896	35.22652895468238	35.19341357600432	35.14749116213943	35.107881597329204	35.05950469548374	34.999801816701584	34.94401283387384	34.864865060489464	34.801312083608494	34.72122668671986	34.660852200993986	34.62161792899094	34.578127968505896	34.527981060492024	34.46494660132298	34.39526819760169	34.34601849497271	34.260071061587354	34.16825537846028	34.06431848709407	33.95756533034927	33.824195721059894	33.60214337735343	33.422368258389	33.25894281316516	33.020841785801906	32.717932449856875	32.47678513894289	32.1578480009685	31.756183235640197	28.01371679516981
209097_HY55YBGXT_TCDM_1_C09_A20_2_3_o_TCGTTC_S67_R1_001	31.05571992384939	31.394796096724633	31.530888869096657	31.586910779096435	31.630991015564117	35.202976442296986	35.19761027365234	35.21087400636815	35.229368918527754	35.25081271848768	35.23360368283939	35.19394121150721	35.183844854267335	35.17450276658279	35.12569164569928	35.05968749304179	35.01447446059986	34.929550945202735	34.82093891251587	34.76344882100153	34.6737408430006	34.538326495736015	34.311889069493	34.027363145999864	33.560608063726036	33.39356936496627	33.40589095655852	33.3695656409343	33.16891115205629	33.10813678720136	33.01468807753112	32.83133934336799	32.63025622898621	32.44076131126005	32.06713834027298	31.769017473447484	31.732857067310903	31.40778498029436	31.05405273763666	30.811558554697065	30.832289138518405	30.647415165549642	30.34419184609561	29.943600259401926	29.69753790830754	29.20970433190087	28.794368306205605	24.313802576206275
209098_HY55YBGXT_TCDM_1_D09_A03_2_1_o_CCAATT_S68_R1_001	31.2363200660583	31.479675675438735	31.59346214044567	31.628603008841655	31.656121776089428	35.24902379627567	35.25089387741571	35.257125472143436	35.253441472569726	35.261259732243616	35.24215270009745	35.19269205385373	35.18656840110802	35.17982360252803	35.17485244961178	35.14371557123363	35.114732738118235	35.061656309441716	35.02086903432199	34.969364339530685	34.915007127184424	34.84789146022763	34.76739886397913	34.7087444511931	34.60123683977656	34.52486035348534	34.43230626811419	34.363359559947384	34.309124809697465	34.238302404119985	34.178489875233865	34.08880433433632	33.97684685580623	33.89140810589492	33.76542344351908	33.64408145071832	33.50468527104259	33.34279585897298	33.15911415248147	32.88885845600775	32.64388577163038	32.39398953565497	32.06198054633437	31.64875309203095	31.291920734421904	30.866277760472357	30.364967868082843	26.498442786229123
209099_HY55YBGXT_TCDM_1_E09_C17_2_3_o_AGTTGA_S69_R1_001	31.318585825633896	31.526107092136197	31.629926736141652	31.665718850904334	31.693623166375314	35.306974968679896	35.30588476420891	35.31432116709779	35.31818923237342	35.33262287004055	35.32265474951173	35.27933931866917	35.27180652329302	35.26398738485004	35.25533799669164	35.21362806828168	35.16145274058411	35.094365796649456	35.04446754963607	34.975572963680634	34.9068427709264	34.818929642271854	34.699399815367215	34.58355350635753	34.427364934972886	34.31737076772906	34.202004486866905	34.101004378410096	34.0155248669269	33.91294427796371	33.806427902265895	33.658668560248614	33.51655862261555	33.38490101821306	33.198621915279006	33.015705912945904	32.84085978071228	32.645172689720425	32.38285818716571	32.066714347811605	31.791887601165868	31.488432696569433	31.08503663192917	30.61655862261555	30.22825701361176	29.760104887132325	29.186465785291375	26.375272188171717
209100_HY55YBGXT_TCDM_1_F09_A03_2_1_i_AACCGA_S70_R1_001	31.30020963267748	31.48811608426573	31.593930368436048	31.62312173924435	31.651063801914177	35.23647540357224	35.23742504151169	35.239539108325594	35.23753994238035	35.238117039498604	35.22409367504834	35.1799799974236	35.175107081605276	35.16708435361302	35.16432625514871	35.12720351754954	35.082545084262456	35.01811899363214	34.97378281497849	34.902858616255116	34.82762781834637	34.75939819510113	34.67285314140612	34.58716868430045	34.48465595786932	34.393116400857195	34.27261820870365	34.169599891158036	34.105345469521524	34.01753684742584	33.92782376390137	33.82801571112448	33.720339541619225	33.62442378988371	33.50169976866989	33.34929666203424	33.18336425103738	33.0158014622159	32.81329325267165	32.5056728551201	32.24835618068421	32.00333417211877	31.680155350887055	31.26503413729371	30.906229496608653	30.50342908132798	30.001220992306827	26.97541571734714
209101_HY55YBGXT_TCDM_1_G09_C14_2_1_i_CAGATG_S71_R1_001	31.355001571460598	31.533162479393514	31.634274433415825	31.664967707766433	31.692627278598447	35.297951259708604	35.29517731715089	35.30025819183067	35.303952794349016	35.307719639000624	35.29646245032576	35.25634025702974	35.252613961188416	35.24584021251927	35.23759396720705	35.19519544759594	35.13562815777744	35.05872982483069	34.99907203814634	34.91695386151292	34.841605627242714	34.754781613584754	34.65036438776656	34.52152186365439	34.41564363779068	34.31906988797187	34.18531792830691	34.076631969210254	34.00238717526579	33.863602657702636	33.739950769704976	33.6005184810136	33.46853482233951	33.35296480938098	33.20300023909816	33.03351514529136	32.83585476503673	32.62977312707609	32.376724159493854	32.052415940063575	31.773971687608856	31.50466326854172	31.136439755420763	30.68361946137819	30.28608498440269	29.840104544465188	29.2835133198181	26.81925468800953
209102_HY55YBGXT_TCDM_1_H09_A20_2_2_i_GTAGAA_S72_R1_001	31.30266558788221	31.509737158022972	31.613677076476595	31.648706953920414	31.67624060486419	35.27635608562928	35.274471225275896	35.27975001733526	35.28009031423979	35.287603547369294	35.274986682248134	35.22881803760913	35.220261731205866	35.21033265295861	35.19726909680173	35.150181436910664	35.086240700167046	35.00355701460204	34.94022555884442	34.86281844708276	34.78450012504391	34.68532732092841	34.55311605816892	34.435237440480904	34.2891683215952	34.18084496493677	34.05335784807477	33.94465377295772	33.856344179345506	33.72692931584712	33.604976419116966	33.45124059664843	33.31220145971105	33.181571977806925	33.00817936719564	32.82408950449418	32.63331266795073	32.4275843750647	32.16514357374518	31.835931376689118	31.558106805576596	31.256502940750217	30.869779745252192	30.395030892912132	29.993246560635125	29.515415236165396	28.937602101395	26.142317719330475
209103_HY55YBGXT_TCDM_1_A10_A20_2_1_o_GACATC_S73_R1_001	31.317974647733102	31.52239683935232	31.62727512800866	31.658087503942014	31.684063432938427	35.29917733580965	35.29930714670935	35.306704262281436	35.31358201038933	35.32638114214269	35.316690473589304	35.27296668195166	35.26155527578499	35.25141472823568	35.24578275600926	35.21152593208066	35.171645806501004	35.11037233680182	35.06613283172817	35.00288197538498	34.94472328601924	34.873040666732564	34.7903651204058	34.70683607980001	34.6109271916923	34.52390979282032	34.41922529152332	34.33116618495427	34.25435318622587	34.176130475808975	34.08955719619357	33.96862694750412	33.854708840840686	33.732453170841794	33.58818018496071	33.41983186020258	33.238974867965716	33.060800242082465	32.8312899883839	32.51496727105531	32.24556159440485	31.952017283677197	31.593075220214033	31.148049950441468	30.794408705158574	30.344568664887465	29.81286439641276	26.828462451825665
209104_HY55YBGXT_TCDM_1_B10_C14_2_2_o_CGATCT_S74_R1_001	31.263082063267248	31.482539442808516	31.598376935562694	31.63146465818807	31.665104157504356	35.247222988578734	35.23912289817489	35.24604156002631	35.257842330025106	35.266627636117434	35.24760067242957	35.201536650887114	35.19222198671359	35.18275049953811	35.16405606068342	35.099361423601025	34.985000555638265	34.84717845170431	34.74274870604933	34.616215069338935	34.47010258498369	34.31887318704243	34.14510622130364	33.94541508324062	33.74446206706875	33.58236393405625	33.40342642169384	33.24209642104594	33.09506177024207	32.90812660657764	32.69444217993841	32.463820118224376	32.256716572565715	32.04755716530946	31.794145353255075	31.51099080386484	31.244466357711765	30.94611349265635	30.612857319386457	30.252707503004522	29.966516036492777	29.625545394359435	29.187839523944575	28.681860727444196	28.26217459227092	27.777297714417376	27.180202286655284	25.264943344204394
209105_HY55YBGXT_TCDM_1_C10_A04_2_3_o_CGTCGC_S75_R1_001	31.208938787276395	31.440805178341975	31.560888531605766	31.610315307409493	31.649251994030866	35.21838218644541	35.208891954491264	35.21900829076703	35.2287149538447	35.23619001197646	35.22436700716678	35.178798025202404	35.18013275957867	35.16419051576992	35.13972606912883	35.07704061357314	34.966475910215635	34.84104702648189	34.72951111119195	34.60172831164627	34.47578153915266	34.33043121627926	34.11308617141527	33.841637437855624	33.5808136082433	33.396267654368586	33.18932653545606	33.00310596849745	32.848283828502886	32.65908506015967	32.47047693053379	32.24775202631366	32.06503505183889	31.87642760424387	31.62397865879997	31.346882027759563	31.1143263308468	30.85958417033675	30.547394096522826	30.185870912475437	29.930917549745057	29.66643689805094	29.286176735109223	28.82978101353422	28.454910713067804	27.99563000099122	27.448327751289717	25.43321735777611
209106_HY55YBGXT_TCDM_1_D10_A04_2_1_o_ATGGCG_S76_R1_001	31.07359215701371	31.312015988810398	31.4545614946843	31.528971698779024	31.578664048916007	35.08724873122502	35.082905061626214	35.10657709853137	35.12780461827678	35.14585298250341	35.1293492836474	35.109882971147	35.11859757858064	35.09257726534881	35.05276564073938	34.9999181952919	34.895711829281595	34.75985826933318	34.63613907441983	34.49560660597078	34.35230400554347	34.174433301894666	33.891000840503274	33.4768556836628	33.092489044585164	32.88371540944058	32.72969639225197	32.58590937963159	32.44160427052657	32.236266433122246	32.06979385213558	31.82870896130477	31.63767251169326	31.452189158149352	31.18713869587255	30.932148608678357	30.796644723756728	30.54560853078744	30.161108758557415	29.899800460672786	29.851935082350074	29.70188439551133	29.432701993468456	29.05237265733772	28.78373401600164	28.395719849351018	27.955299341071097	25.223779185032626
209107_HY55YBGXT_TCDM_1_E10_A04_2_1_i_ATTGGT_S77_R1_001	31.244679246499558	31.483214800128493	31.588154969356374	31.63368116122243	31.66870458577855	35.25854055056054	35.25305659082614	35.26266129208677	35.273830700733306	35.286960886920824	35.26928510488375	35.23142816680541	35.23451901079176	35.21438160668622	35.17825517280288	35.11239872290402	34.990230653297	34.84908115178122	34.73431924866413	34.594223823389555	34.43221961629553	34.25811684760395	34.02084607032778	33.651549797186746	33.28357356600152	33.0838166195182	32.879204935218354	32.69059609709706	32.56209608615907	32.3102829714012	32.11206712928582	31.837038431470077	31.623100100974863	31.39822493791255	31.148477375068076	30.881464492425735	30.655696444464404	30.335244026421563	29.969654002784004	29.616519464430255	29.461068261079312	29.2292756867039	28.88521046408139	28.469379977502292	28.118457214636635	27.699062672345207	27.16911044255083	24.992265118308687
209108_HY55YBGXT_TCDM_1_F10_A04_2_3_i_GCCACA_S78_R1_001	31.163724752968513	31.397159050281182	31.52351373342238	31.56787027382721	31.604553801057808	35.14594241174142	35.14567788954282	35.152958325602526	35.15155065623471	35.162592354934574	35.14251670906344	35.0915739865318	35.08538598976402	35.0701694203926	35.035335679137376	34.959746357795716	34.82919694145039	34.66760028359023	34.544006025124006	34.40315496467507	34.249005821825136	34.06549518228431	33.841392770131606	33.60224974727848	33.370607751435124	33.21065477656521	33.026705525569625	32.870492315069306	32.71172595126342	32.50424310431288	32.29213812919245	32.05121659180439	31.845062431445054	31.64259358874837	31.393028578211876	31.11654726558356	30.870001593676143	30.56773801272791	30.2145891937541	29.882858961530715	29.663656753004034	29.401447254226863	29.030113001453003	28.578870378047085	28.19637151254821	27.753738011793203	27.225529243022528	24.945978117564696
209109_HY55YBGXT_TCDM_1_G10_A20_2_1_i_CATCTA_S79_R1_001	31.31957879555701	31.51092088242601	31.613125373378573	31.646451049187295	31.67373524992215	35.279449555153256	35.27617028334969	35.2828648507295	35.28882108819909	35.297682754843734	35.282106993389036	35.234860041784245	35.22622282921428	35.21606039811901	35.20897038171449	35.168521426045906	35.119594298703156	35.04693280499878	34.99325895288128	34.91851849321893	34.85251770944877	34.776059726910006	34.67475171577803	34.57069145071284	34.46045851297208	34.36423832552954	34.24798989978939	34.14513877617511	34.07470920092419	33.96302603593017	33.860635106280455	33.735098454630354	33.6209382759462	33.51172818945676	33.36584633144925	33.20393148797385	33.0228779808845	32.83829171664229	32.60258293700569	32.2814886495141	32.011918637588266	31.746337047604015	31.38313233939951	30.94073640241178	30.57085554052595	30.13220344998461	29.59049092850629	26.750432759038787
209110_HY55YBGXT_TCDM_1_H10_A04_2_2_o_AACAAG_S80_R1_001	31.130455986231322	31.3486509948763	31.461456846890005	31.50072140369034	31.532487131419256	35.04153032978421	35.03767981868232	35.04298128073179	35.041442146588395	35.0481532600676	35.01423344255795	34.93534903676728	34.925997197216944	34.90887918692767	34.88528075877568	34.81109775049089	34.720663323771234	34.58549197963364	34.485915584716246	34.38101422774206	34.26868046993499	34.14051433837824	33.98158960564428	33.81265328810474	33.58001112643912	33.42733774466474	33.31682488841568	33.199499938457905	33.053028697231724	32.927107398058254	32.77974641398032	32.58100824803722	32.369287724084785	32.17063529826744	31.91494986703882	31.67981682093297	31.48342923740615	31.223649802425435	30.932361627419716	30.633508660450723	30.397099866422238	30.12235976835973	29.754283341682427	29.315214788903624	28.942473843444812	28.505346251667397	27.98907889510876	24.809399118772994
209111_HY55YBGXT_TCDM_1_A11_A04_2_2_i_GCAGCC_S81_R1_001	31.326640083561287	31.522018205631326	31.62742597770088	31.66137501570701	31.689887163265897	35.31201625433755	35.31285914679529	35.31755690165963	35.326273234290575	35.3412385399248	35.3334583601158	35.2950807007984	35.28158430253632	35.27205460360343	35.26873861241869	35.2381523090511	35.20341301216931	35.150817640420655	35.11116333355886	35.05233688573514	35.000268907009676	34.93752726072185	34.863834506727436	34.78603399238331	34.68971385756885	34.608134146312	34.51426755197812	34.43634183465111	34.37872988596712	34.318398661400394	34.251077062813536	34.15935643854452	34.07044064804701	33.98441879838967	33.87354174016741	33.75294664993669	33.61811504417294	33.49027222662556	33.31047485307906	33.034558741796104	32.80865971188513	32.57920855705752	32.29030229648549	31.904859099070144	31.5975949700117	31.19354402674541	30.70683985858859	27.332292945378274
209112_HY55YBGXT_TCDM_1_B11_A20_2_2_o_ACTCTT_S82_R1_001	31.34945605454791	31.5528319246594	31.651650141473553	31.678982529644195	31.700597410033158	35.32897571703845	35.32902144640378	35.33592510974045	35.33961822398109	35.35172487288373	35.341799327510905	35.299773907064825	35.28973096291202	35.2817670334866	35.27550211043695	35.238786778544046	35.197018752917415	35.13708112670203	35.09889724036651	35.03493288948215	34.97885304333606	34.91097308211778	34.83844564015295	34.759171579119226	34.6672334924011	34.58254050157626	34.4728104826681	34.38101506622134	34.321589555412956	34.235744037499146	34.14825146016404	34.03558861114168	33.9325474478936	33.83426909164231	33.70860111865794	33.55902511143859	33.38487786047543	33.21287353838184	33.00113360689834	32.686761803357584	32.42102037189741	32.13776679975874	31.77765038777031	31.339489660282965	30.983582823569023	30.541307790318292	29.9890930115234	27.12034979487973
209113_HY55YBGXT_TCDM_1_C11_C17_2_1_i_TGCTAT_S83_R1_001	31.35234111484274	31.53997818087265	31.641950381269467	31.673733469103972	31.699783343010086	35.32632693321748	35.324630500103765	35.3304434967776	35.33779077701772	35.34917822964672	35.34195506487193	35.29854049256963	35.29173659096727	35.281658447482684	35.276725806568834	35.24244547035077	35.19568874393049	35.13268960716688	35.0883903185092	35.024763417511664	34.962216329137746	34.89501139811186	34.8108492421043	34.733846779982926	34.63589868237342	34.55028154103441	34.442796094521555	34.35613669013044	34.29013940177476	34.19261355515306	34.09628872955668	33.9790220638052	33.86166463306801	33.7640036887407	33.63481458990619	33.48149613643173	33.31177570712303	33.13343906431313	32.8990378427004	32.59849317203437	32.334294790784284	32.06757945771959	31.70310296738517	31.263115984569954	30.880690799062958	30.420642008845547	29.8564265889727	27.049109671396835
209114_HY55YBGXT_TCDM_1_D11_A03_2_3_i_AAGTGG_S84_R1_001	31.410731170025418	31.580516443291767	31.670973025184324	31.703499332852502	31.728448610412507	35.37965940376777	35.38131134391703	35.38833915605552	35.39745181860539	35.413317047165094	35.40887053631523	35.37832777319163	35.367584254160604	35.35781654984538	35.35629383404651	35.335673485341175	35.31087746983008	35.27293694569936	35.24039024942906	35.19065544026985	35.14603295724858	35.09921487663621	35.03052793504933	34.954847645012194	34.869658678582255	34.803379908932456	34.724703826593085	34.66126718174145	34.619773480313526	34.56950961009811	34.51709642210152	34.44879692187713	34.3802716410531	34.32355946996122	34.228878914177194	34.13928768943154	34.04103901243172	33.9264599339641	33.78568155969099	33.56258993864189	33.37846197884822	33.21973798561074	32.98934487019295	32.69730478898144	32.453489601928766	32.138668906941554	31.75233866533894	28.23285949913082
209115_HY55YBGXT_TCDM_1_E11_C14_2_3_i_CTCATA_S85_R1_001	31.2363833976939	31.475814254454257	31.584130377737427	31.61925946107654	31.64750076750004	35.23191119393605	35.22509373546007	35.232938529188154	35.2367629212583	35.24850058790626	35.22716506677924	35.1720608913585	35.159507579813265	35.14678986522625	35.13426840523904	35.09366158895662	35.041643094471965	34.964787612586065	34.901317380439664	34.83921737781804	34.77217046071809	34.675215910686276	34.53584280325072	34.418136350639585	34.28199519629503	34.19430846959879	34.07244453112424	33.9706443790698	33.88137646752991	33.77290929435813	33.64975745038569	33.487341578313305	33.31432624276816	33.162683057641765	32.95210652729078	32.74492978324035	32.540628989867045	32.28995575818591	31.99723810240178	31.673788348357057	31.3804248409811	31.053844078783115	30.623948990464868	30.131458975315777	29.714227086417935	29.211577649320716	28.62612886209329	25.55392113505232
209116_HY55YBGXT_TCDM_1_F11_C14_2_1_i_CCGACC_S86_R1_001	31.23715708465033	31.454335352572702	31.574257054627086	31.61772952286795	31.64758520718821	35.221695671197615	35.214588067375274	35.22051942065904	35.22365089314509	35.23578850351019	35.21781037037697	35.16954707952522	35.164298114844655	35.147743951838116	35.12453327588466	35.0617264329604	34.96044706798354	34.835079895597794	34.73303686772591	34.617295967199325	34.49756436905357	34.34465003623943	34.18799717878006	33.98210286282199	33.786569627388914	33.62658637954203	33.428440676632604	33.256260439942565	33.12314938623065	32.968533581683815	32.8089453862737	32.6174435783846	32.46926338029058	32.3172574454117	32.08445252486567	31.836764481575784	31.601571154529147	31.388295351518735	31.11443689348132	30.760070125982573	30.477800613750794	30.213098224249503	29.86036167430979	29.420804882692252	29.037698375145062	28.594789575662837	28.051166248976184	25.927881312813614
209117_HY55YBGXT_TCDM_1_G11_A20_2_3_o_GGCCAA_S87_R1_001	31.227969548030437	31.45520161842019	31.574588605088753	31.614623060598337	31.643466245676727	35.22737329956219	35.225430571849046	35.23323722297158	35.241467246719175	35.25386423956121	35.24030427093077	35.19306334891998	35.181268823668056	35.166840933283936	35.15305463585152	35.10509575951931	35.040994876860594	34.94984183749702	34.88757646174162	34.80422290970198	34.72796891824594	34.62971836509835	34.50586211277897	34.39294663410891	34.25045655439551	34.13750856310102	34.02275734135847	33.91745540614093	33.81333699343088	33.71791810880755	33.597304538116845	33.445151674935474	33.30911798839276	33.178971133670345	33.00771509620194	32.81144952930694	32.597479539482684	32.40061481136616	32.139870491116966	31.818592623743598	31.55988880525001	31.26152344238944	30.90999836413478	30.459505801810913	30.119804140171766	29.679298070544995	29.153088093152682	26.01016692595419
209118_HY55YBGXT_TCDM_1_H11_C14_2_2_i_AGACCA_S88_R1_001	31.327015172152763	31.50522334912884	31.604263541762638	31.634300320475308	31.65495865196182	35.25463406799455	35.25508738990665	35.260231927508336	35.25659041163771	35.26155460406234	35.246404488646405	35.19881913439295	35.19214069787421	35.180592007789016	35.17732948447549	35.145390957466674	35.11443732553768	35.05649883837039	35.01631498215846	34.95618458830003	34.89923940028537	34.8369984013586	34.75502289642945	34.68412153160803	34.61883763580359	34.551036128797705	34.44617141569408	34.36639989441994	34.315199979581216	34.24035386749205	34.16847364607275	34.09138644790347	34.00184895826848	33.93477978839167	33.8444274772094	33.741353391883784	33.61135159901492	33.48572857708464	33.32498406338787	33.08019626933871	32.89052568409153	32.71524330724543	32.4778619291767	32.15773199598597	31.900758545385727	31.578221872502123	31.17134752770854	27.621557256014203
209119_HY55YBGXT_TCDM_1_A12_C14_2_3_o_CGCGGA_S89_R1_001	31.34623595204688	31.52225916244256	31.626800253966834	31.663564390518943	31.690625414911082	35.307985941955735	35.30866160442355	35.31654069447897	35.32314766556904	35.33922140023462	35.33000056865825	35.29349835761851	35.28377284184675	35.27223269698614	35.2676123487185	35.237352812078505	35.193613409367686	35.1347044766859	35.08674932351247	35.024526306409825	34.96615797986188	34.901470438529444	34.8080905979213	34.713816961095404	34.633359307983525	34.55244710907094	34.42347954366191	34.321496589192904	34.255345514466896	34.18566564875148	34.099728249900934	33.99616530133683	33.89848358646665	33.802493439486256	33.671761700714654	33.527200079104425	33.358473210992265	33.20450899025843	33.01689879685624	32.733096443169586	32.47410878686156	32.2468740297586	31.952299917976127	31.58511005187229	31.26550425135507	30.869320367079055	30.39143514363825	27.5519561970675
209120_HY55YBGXT_TCDM_1_B12_C17_2_2_i_CCTGCT_S90_R1_001	31.277009590604106	31.50152595591708	31.6139030368324	31.653304068698418	31.68409259483133	35.293073386141245	35.28869123773942	35.29580961241873	35.30602973652573	35.320865960937866	35.30656897928763	35.26029149866058	35.24907960644249	35.2376416651395	35.22053562312868	35.17837942669965	35.12322601305944	35.04503104241307	34.97610885441742	34.91740152198315	34.8703895776207	34.78339257599272	34.65777741989639	34.53105052948172	34.35573091743463	34.249109722588294	34.145642820232524	34.05269051096491	33.97602413050842	33.88658722269473	33.80838228452966	33.6779507521988	33.53450762095122	33.41965517796221	33.21989243338601	33.05419375517866	32.922776720034186	32.73550826015395	32.48283336971478	32.201803095655	31.95489441478633	31.68496069451392	31.30901080778053	30.867210010350554	30.498730351706744	30.035663568334677	29.484175638501448	26.28250525323834
209121_HY55YBGXT_TCDM_1_C12_A03_2_3_o_GCGCTG_S91_R1_001	31.357732152712238	31.53473317987552	31.640014237494118	31.67583737779962	31.702538411789813	35.334983534640315	35.33525838289791	35.3442519765467	35.35228219422089	35.370091360728175	35.36612028806432	35.3344651064138	35.32515711012222	35.314330986300845	35.31062084750612	35.2822630632396	35.24620608824849	35.1930435874733	35.149509739290224	35.09011630239979	35.03205249737216	34.97229864134074	34.892406391863574	34.80405184907631	34.71910841601624	34.64911013056074	34.55949031647156	34.48286294535814	34.42498221616081	34.35369520818688	34.27730125484854	34.185037759064286	34.08684147029747	33.99688870104754	33.87963788194866	33.7527901996845	33.61388515261791	33.46315464722335	33.27963569316845	33.031074008391364	32.82540032529443	32.62425257064418	32.35246381086438	32.01573175352041	31.735989539715156	31.38840988765825	30.96056589348874	27.758478005625165
209122_HY55YBGXT_TCDM_1_D12_C17_2_3_i_GAACCT_S92_R1_001	31.292855246438545	31.50173406836932	31.61207959863665	31.64576485641032	31.67514017052652	35.27422062444096	35.2726494311374	35.280198506741804	35.28498605397557	35.29441554058357	35.28194347426966	35.23371126879921	35.2255598003764	35.20934209739978	35.19545350786356	35.14729906605233	35.08462510813435	35.0024613728923	34.93343798158361	34.862698034036725	34.76195282550276	34.669702102729346	34.546430660288166	34.4191751467835	34.26884562480835	34.16970491936582	34.076162952462035	33.98408698361257	33.889347088969465	33.784428604878315	33.67381157534723	33.53503675343214	33.37335239012424	33.24428479966612	33.04552149901883	32.86165061265517	32.71229148317708	32.50335436911752	32.226281839013794	31.943498762149503	31.729369852290684	31.477110175062528	31.116020685378274	30.675957729879173	30.305981997039346	29.840245522527702	29.29402378318855	26.20632450003478
209123_HY55YBGXT_TCDM_1_E12_A03_2_2_o_TTCGAG_S93_R1_001	31.330701514288346	31.5387001383087	31.641787105687147	31.67918194282577	31.705861133139457	35.32885108068576	35.32765152083499	35.339214993503106	35.344471261025646	35.36140511339434	35.35231451874907	35.31632709146301	35.3048837327207	35.29519730666831	35.28745481513116	35.255528201975864	35.21720009305868	35.15688813484474	35.10922928240103	35.043391688748095	34.97872001357027	34.90003512601854	34.79582472622159	34.69307456745167	34.56071912941806	34.473675386627065	34.37550661463678	34.28807923381056	34.207976196436576	34.113295545487006	34.01417873425982	33.88487131542043	33.73384128125312	33.59528256307482	33.40793263638301	33.21753674372648	33.040976538062374	32.816310428715894	32.55406603407192	32.24543397295644	31.962568204730356	31.661010940712366	31.26163055799355	30.810957501466085	30.420184572696883	29.95467314244722	29.400917146029947	26.58793373880931
209124_HY55YBGXT_TCDM_1_F12_C17_2_2_o_AGAATC_S94_R1_001	31.33766096427202	31.516676510753374	31.614742988610907	31.644147701663627	31.66761178868625	35.27159790381498	35.269553383428295	35.27187829210702	35.27324188871921	35.278182723291465	35.264320791652935	35.21876065414965	35.21180530235249	35.20314347027602	35.19887494870535	35.16226846775332	35.12094361961911	35.05539929095667	35.00932533249019	34.94320852197429	34.87446441665377	34.80435240933461	34.71224202998971	34.61530430336829	34.51940720210426	34.430556202110985	34.30390922361774	34.20170143490458	34.14121869344976	34.04422102777647	33.95485291050851	33.85101963659848	33.74429489206262	33.64876791948927	33.52337347209235	33.38153769567645	33.229071785591756	33.076438032707486	32.87901036656329	32.58726863593249	32.34899825766392	32.122299547261704	31.81588425237637	31.429374978977606	31.099383320663836	30.714149517998536	30.230220583783492	27.23830085233197
209125_HY55YBGXT_TCDM_1_G12_X8_415_3_i_AGGCAT_S95_R1_001	31.072841590583167	31.35592955543994	31.52080050368458	31.575539355315357	31.614007474608425	35.181897100263	35.176536273476394	35.18184779298338	35.18778141493402	35.19923014990083	35.192181084736035	35.14595463917857	35.135565340787664	35.13016438484278	35.12517034794191	35.09224192831124	35.056262084805574	35.00182564222396	34.95848152872933	34.89300789278239	34.831757867492314	34.76400698555524	34.68106604482327	34.60754714908123	34.525318819128174	34.446613011949914	34.33659614430472	34.2508613700376	34.20032569601982	34.11547979265753	34.03852358998264	33.94374126487375	33.83915878297307	33.76464489848529	33.6452610545782	33.504928919134855	33.34597759118129	33.17202807406436	32.96004649890847	32.65606269849363	32.39966484448578	32.14868851345385	31.805443724650466	31.37944530918277	31.016595919206267	30.597029892940228	30.07805777821666	26.918381311683508
209126_HY55YBGXT_TCDM_1_H12_X8_415_3_o_ACACGC_S96_R1_001	31.241706512696062	31.46204545449277	31.578659040769864	31.62078104785534	31.652917536046875	35.236477366056725	35.23004188556194	35.23672424260477	35.23603669721368	35.24590022663963	35.23161146406602	35.18912644414088	35.18660181269975	35.16547410612724	35.14737689611041	35.108301670160415	35.04748942777262	34.96513940875269	34.8911543901025	34.79551441538822	34.698260412800764	34.61085881280893	34.446264537609494	34.24678538917364	34.07648420905738	33.9590630582974	33.81392897187856	33.683478650510196	33.61788598568765	33.45221397265628	33.32929692109015	33.16983536000048	33.03149756473091	32.91631928161475	32.747859939632306	32.5714514625639	32.397371100886275	32.18529435218319	31.929276301682677	31.645897954911767	31.47352643097413	31.294211764907693	31.006403780618776	30.62619355538623	30.301937378198875	29.92452259523118	29.45023299119103	26.565355176537594
209127_HY5CNBGXT_TCDM_2_A01_X4_46_1_o_CAGCGT_S1_R1_001	31.364594435053803	31.52909921689429	31.607136194311757	31.642630606599685	31.66501086919294	35.245294213640584	35.232211694405436	35.248973017404815	35.254964269668804	35.279387819654	35.26371603503124	35.21156627185675	35.190491621957584	35.174616254026844	35.1689073590178	35.13665637837282	35.1050672197632	35.04334984698514	35.00423848157676	34.96930072508296	34.921953049921726	34.85899816059812	34.78377266765655	34.695509079150696	34.609438367948876	34.54253390201004	34.466109775826666	34.386713192319235	34.30358421458749	34.23299097222362	34.17844353962974	34.104163535519795	34.02227429048044	33.952362513271694	33.87337118243522	33.78450228363859	33.68397967591875	33.58247662468747	33.47068964475166	33.34428828444043	33.23550992531585	33.11321478290827	32.97911986735353	32.802711455665985	32.65666687485016	32.45992209236498	32.240716460128496	29.81742495824578
209128_HY5CNBGXT_TCDM_2_B01_X8_415_2_i_GATCAC_S2_R1_001	31.380733549716254	31.534524930360348	31.609841535947307	31.64368164433861	31.662940153292773	35.24065194863121	35.22836015153815	35.24141390821863	35.246851992606715	35.27005048394243	35.25894148982168	35.20788344890374	35.18734208564112	35.175896291257835	35.17367279744634	35.14370840316655	35.12114820011962	35.06930332410559	35.03910963570485	35.01683287220784	34.9782633567749	34.92562105199389	34.86912053227624	34.80897163077714	34.76604693953557	34.71865587817686	34.652030163241406	34.5850802035052	34.5184559010592	34.44283058805546	34.39048106094908	34.322852713917996	34.25034460819033	34.19361440199356	34.12138565529074	34.03525275478602	33.931911887652475	33.80411188234779	33.659605422641164	33.505222522803464	33.353525079299516	33.17984678883863	32.9830429856637	32.754759422442476	32.5387862540921	32.27624464254522	31.984449275855894	29.859652850898083
209129_HY5CNBGXT_TCDM_2_C01_X8_415_2_o_ACCAGT_S3_R1_001	31.3552676477556	31.515746626200634	31.596701426593125	31.62887011597621	31.649985881026456	35.213541742423445	35.197971749681045	35.20883023510056	35.214985739753125	35.228526328583705	35.20250478448461	35.13460648188784	35.11843361148296	35.11033279816655	35.10680631493453	35.068395601434005	35.04736869647183	34.99073347273416	34.95799007676074	34.927880467047956	34.887826719651684	34.82846558941155	34.757218189384176	34.69915702455297	34.63793551683385	34.5823264891839	34.51757055683259	34.45793498852175	34.38938198017726	34.32025075430762	34.27721572169857	34.216828980526515	34.13339604531647	34.076382392962884	34.0010576273136	33.912005775320566	33.81322177923141	33.704131266830544	33.58324342832418	33.4497965580467	33.311101091014635	33.15570544460723	32.97538943372467	32.75244114461156	32.54699728972552	32.31205589809461	32.04103471929993	29.527255470496193
209130_HY5CNBGXT_TCDM_2_D01_X4_46_3_o_TGCACG_S4_R1_001	31.282170955193674	31.519924565007493	31.60351261898843	31.63196363567853	31.66002250511734	35.22738421610648	35.20926491230791	35.21749350214339	35.21796701328015	35.23381879895901	35.209448898061225	35.14709048247617	35.128453400918715	35.11284687400119	35.10648198398499	35.06468195474067	35.036344730779746	34.9830668916178	34.947769220675696	34.909281185085	34.8621433181493	34.79037145114657	34.71620485158844	34.65463998398065	34.60218937210922	34.546313807501384	34.47589153060308	34.40464819539737	34.32696269115719	34.255055773442926	34.20663234044384	34.150926672965696	34.07022336887501	34.01009837527325	33.93695991178021	33.84665658621479	33.719839883209474	33.59631574989742	33.47618414047808	33.34421408572253	33.220388089060776	33.066964811953554	32.89871530092883	32.68364095717942	32.49341461051958	32.26159998079279	31.98414888123824	29.440465728214278
209131_HY5CNBGXT_TCDM_2_E01_X4_46_1_i_ACATTA_S5_R1_001	31.23027843729765	31.44636875709322	31.534560899020352	31.562882825174242	31.590163692444804	35.12665046684723	35.112410407803765	35.121357860509804	35.12279175340997	35.13339207508547	35.10230527143981	35.02683776275387	35.002315367315816	34.98646727891772	34.9775856930993	34.930264651204894	34.89775530381624	34.83393391030684	34.79528390299604	34.75946888729521	34.7101453109878	34.645034082284866	34.57170724744644	34.499262304784054	34.4449763617248	34.39513566768554	34.313396740076456	34.23570493583897	34.15976793410526	34.08297494133948	34.03024000334209	33.967642995898984	33.889913245093055	33.839932879831224	33.77650362407135	33.68643058563043	33.57035955243937	33.45332850587998	33.34342876837275	33.21669461019475	33.108556568237674	32.984251408200635	32.83646052512481	32.64584801877136	32.48239098194579	32.27692953078546	32.04215278889872	29.516608760435307
209132_HY5CNBGXT_TCDM_2_F01_C14_3_2_o_GTGTAG_S6_R1_001	31.270364169439112	31.48686403374382	31.582335227373424	31.62382275525715	31.646093224694535	35.19582976657207	35.18687259610611	35.201520427853346	35.21181960447865	35.24389216377301	35.23286080908559	35.178547033312284	35.155800509343116	35.144118863524696	35.142858744296475	35.10785928771822	35.08138824291571	35.0236882770584	34.993394810098124	34.966634118301954	34.92628446644419	34.86663149194145	34.80468258725122	34.74082540745421	34.67831130144277	34.619956667186955	34.55063889955922	34.48501191577625	34.40375306915848	34.33085288174737	34.27071563199095	34.190586760965104	34.095074356963394	34.014414128367534	33.91570888139036	33.808695687452	33.67914746629877	33.53968388014657	33.38249075916124	33.21546426687068	33.04803036841432	32.849974921460074	32.636115937374754	32.3833290592697	32.16009802516908	31.88664788213919	31.581244006613304	29.503814948774227
209133_HY5CNBGXT_TCDM_2_G01_A03_3_1_o_CTAGTC_S7_R1_001	31.404640819686403	31.54925248135198	31.622055409055296	31.65184507680152	31.669995338683744	35.26104318715019	35.24975795316424	35.26156618022213	35.27164277788002	35.29584514732735	35.28328659160809	35.231691661092555	35.208679194550996	35.198432563536606	35.195160165250826	35.16252489065742	35.140285012490786	35.08842616111404	35.06063733306593	35.03401658899643	34.9979683052534	34.94343211724037	34.886642518918	34.82474123082993	34.75611398295699	34.700359571511534	34.64347322057283	34.58169204678066	34.5056689539808	34.44676898053818	34.403774013216974	34.34232166608446	34.27767835595486	34.22023319804864	34.154723522236026	34.07914683586988	33.994952554853114	33.910057974432185	33.80550553242039	33.69393885631355	33.58705322165275	33.461219171123204	33.32857287686962	33.154110388343845	33.01060543114971	32.82442177088143	32.60565804451723	30.241410780974338
209134_HY5CNBGXT_TCDM_2_H01_A03_3_3_o_TGTGCA_S8_R1_001	31.36451442810125	31.53939769173223	31.614350879797865	31.645149198565726	31.664913955508517	35.24788561073156	35.23645801012318	35.25209313274792	35.26443222564653	35.28119092987442	35.260716300324816	35.20171597227642	35.18375548148557	35.16813415973609	35.16546963902621	35.13244089259619	35.11463054581034	35.060360110838474	35.03454097337097	35.00356784351648	34.967609980285374	34.897025958970474	34.83498801068791	34.76762236934695	34.66767595481435	34.60163067652208	34.56510745329752	34.5269447812704	34.427932146648416	34.38671567405061	34.33354034646225	34.26206339265489	34.19012688556441	34.086565593497916	34.00256022099167	33.89912051939515	33.78185805149408	33.719285993475836	33.587586620321105	33.46055281547373	33.37689682719464	33.16969810030159	32.99171860237426	32.71827607080515	32.60649762656672	32.36183301321648	32.1074709848495	29.34297792431029
209135_HY5CNBGXT_TCDM_2_A02_X4_32_2_i_TCAGGA_S9_R1_001	31.371080174898395	31.537932498011813	31.614310050989566	31.641580984171565	31.658122092241587	35.24464571531073	35.230131678404554	35.243542318091535	35.25815174658189	35.278394462864156	35.25888869841294	35.20883006369462	35.18467309546037	35.165725942052376	35.16604521008095	35.13083992635493	35.10710712232968	35.04992617520877	35.018560489151454	34.98588619300136	34.9469640937091	34.87915476143982	34.82087655188455	34.757838613338166	34.6937071277905	34.63200242488172	34.563137391185336	34.488569513333566	34.39655093755066	34.34306192123489	34.285787137827356	34.20984800595299	34.14839145941174	34.06314387159187	34.00098338009019	33.91155204181193	33.77391555148951	33.70970535060382	33.59292272210254	33.446425183101724	33.33810311415504	33.15262065912128	33.00099279828102	32.760520723994475	32.64806942640971	32.45397839933613	32.219151018357	29.73729278684094
209136_HY5CNBGXT_TCDM_2_B02_C14_3_2_i_CGGTTA_S10_R1_001	31.395640744905062	31.547735886953767	31.62165999608122	31.650530966428427	31.66837721124816	35.253860137522445	35.240110701988115	35.25794254986084	35.26627785545887	35.28949732181671	35.27187510753817	35.223405766363534	35.20395373523523	35.1917862959324	35.192778456268044	35.161920092730384	35.14165586310399	35.09275224329015	35.06900965859572	35.042579497483345	35.00989772549306	34.95533189176586	34.903514821481366	34.84583415559799	34.78614248201962	34.73441267127978	34.67949692151136	34.62302252665718	34.551281222939885	34.49929586639071	34.450714948876794	34.391763664634006	34.32941496425694	34.26587842796575	34.20294480772351	34.126827709979466	34.02527577176414	33.94974631525943	33.83439042624093	33.711262380496564	33.602482472594886	33.439120841652546	33.26951514945084	33.03658580264384	32.882906381920805	32.64740507320321	32.384958298014	30.012449320990818
209137_HY5CNBGXT_TCDM_2_C02_X4_32_3_i_TTAACT_S11_R1_001	31.359248520319998	31.520709545372437	31.59641415466104	31.62849919750051	31.644649362790112	35.222421909401106	35.21028613353775	35.222859057031734	35.23628616102129	35.25375085612227	35.233334269366985	35.17560937284351	35.15416135666726	35.13763518466848	35.1398918223918	35.105940587355136	35.08270375112498	35.02856525757754	34.99899565580808	34.969103719897305	34.93320523613241	34.872290655576066	34.818699741714454	34.763542863470335	34.69921295502438	34.64705437180491	34.58525723100932	34.521613315735905	34.44529530567175	34.381833219913936	34.33860728548847	34.27027065512597	34.204250508893615	34.13895310013349	34.06835355863066	33.99162767688198	33.87686407616366	33.788912462332114	33.66500978752634	33.5277292002867	33.41377696150332	33.24644172782253	33.06861226239931	32.83326422616803	32.67017978019938	32.44757504550219	32.18477294313078	29.75044486492935
209138_HY5CNBGXT_TCDM_2_D02_X4_32_3_o_ATGAAC_S12_R1_001	31.293200732227977	31.489421932843776	31.571138194316557	31.601544201705632	31.620089287630098	35.17171608048686	35.157598805716844	35.17196311693575	35.17478873625743	35.187032526901135	35.15634561817233	35.094382943439285	35.07192912143651	35.05998209172329	35.05621982363016	35.017782612776145	34.99484843175702	34.930968519085525	34.89432801328026	34.86686974406166	34.827853564853505	34.75874259940185	34.69587303595294	34.63709673958533	34.56998408256838	34.51602975483125	34.454298723414894	34.38422955880671	34.30457942884203	34.23014225306571	34.16762430607294	34.10974556925016	34.03937227366638	33.95762755822196	33.869529490722414	33.78500440243581	33.67258098793309	33.56375779382271	33.43320369517269	33.28750564648077	33.15561878245735	32.970433991170495	32.77566758148518	32.53052765977931	32.34743316255353	32.11050253818756	31.819860051239537	29.38139050547874
209139_HY5CNBGXT_TCDM_2_E02_A04_3_2_o_CCTAAG_S13_R1_001	31.34985704313568	31.477542863153467	31.556262371267106	31.598902602866787	31.61988654293009	35.16324394943439	35.149797517618595	35.16672045478451	35.17671847060061	35.20515804144315	35.19188014572994	35.1415204227507	35.116524486741824	35.10097972068428	35.09828613127169	35.056360385170734	35.02281273607007	34.94916813687522	34.8929371420102	34.846327944959214	34.78325271092114	34.70500743471318	34.616434242233	34.508156968071376	34.40268803130708	34.314717863392524	34.23354770886524	34.15102747258001	34.038866098664144	33.94205137123842	33.854326536905816	33.74359234105013	33.618060436329216	33.51036287854882	33.35947166920069	33.204138756609964	33.046679420427054	32.85475445126558	32.63930494994119	32.430627372653646	32.24114737227115	32.03820809068916	31.809796549432477	31.553819195425383	31.317981308031403	31.037735054074986	30.72981421584096	28.85906915478547
209140_HY5CNBGXT_TCDM_2_F02_X4_32_1_i_CCGACC_S14_R1_001	31.3767928411731	31.488372880671353	31.571029748225985	31.610181528718698	31.63425892812816	35.216970701115024	35.21163730102566	35.22364391997018	35.23853212746138	35.26896078111287	35.271445935609606	35.215961682319275	35.191735133670534	35.17827457260013	35.18136347648575	35.15341261453358	35.13558097099731	35.08737852436076	35.058091525041505	35.033028036691135	34.99621983461895	34.94610295546896	34.903958513371265	34.85230323029063	34.790607510726545	34.74152236986151	34.69139118584795	34.63682391638555	34.565310327185884	34.509122926741426	34.466083589208075	34.417503115515146	34.37003116356602	34.320401280874314	34.27929657095591	34.23365658818906	34.16063551880795	34.11388427954396	34.037539327856535	33.95477159760924	33.904952911754975	33.79561021602868	33.70713116381846	33.561879473951265	33.49158064114398	33.358689510411835	33.21188185108301	30.456538037894425
209141_HY5CNBGXT_TCDM_2_G02_A04_3_2_i_GGCTGC_S15_R1_001	31.37887206556466	31.511127186468205	31.593722205007104	31.630337333176616	31.654147264043083	35.23215318366867	35.22267366194023	35.23472063427613	35.247785055616696	35.271280733435205	35.26512517764219	35.21568305427036	35.19533353991473	35.18200262857021	35.183752978511976	35.15224796178957	35.12894365670446	35.07988919401198	35.05313686729995	35.028461217904194	34.98876211439623	34.9407095002511	34.89392896449293	34.838476711509074	34.793936337311806	34.74360092747924	34.680348980093385	34.618236720912094	34.55441193755543	34.49523854808895	34.455446803509034	34.40884417707588	34.34677797129943	34.3106698579931	34.25640484255292	34.200870954299205	34.12513639714918	34.0389018773975	33.945425433019544	33.843151399232795	33.74395193776913	33.629130648487504	33.49269578039685	33.333574748629616	33.181131887975894	32.99143353243506	32.76910233258893	30.394840095312382
209142_HY5CNBGXT_TCDM_2_H02_A04_3_1_o_TACCTT_S16_R1_001	31.39294548402498	31.536696914414325	31.61245089739741	31.644539869445232	31.66331296102188	35.24597721477778	35.2332508565439	35.248646210996014	35.26003300198053	35.28435051264967	35.27520672235586	35.22505208541614	35.20289581208284	35.19096953315284	35.189345718557206	35.16014718905846	35.13493140796122	35.08163005527052	35.049727984301434	35.021022663375106	34.979497298993095	34.9302237537284	34.877298080654526	34.807870478585045	34.74579510122041	34.687605876973464	34.6183640495071	34.548894486221045	34.47334157913482	34.40629196708363	34.35594291922776	34.292962606454296	34.21745579099522	34.16141550672534	34.085637867754386	33.99614538819945	33.89559833409277	33.78484841487045	33.6622965045274	33.52029270717811	33.38368923391585	33.23827737847346	33.07912101858929	32.890086864411956	32.703797743556706	32.47818401617469	32.21013914414513	30.046414737905735
209143_HY5CNBGXT_TCDM_2_A03_C14_3_3_o_TCTTAA_S17_R1_001	31.382479002921443	31.531366276495916	31.606201113420287	31.63918838333978	31.660443949121895	35.246344482455804	35.23553140966717	35.244185894239735	35.25365287892224	35.27617322416344	35.26100153880524	35.20292410130979	35.183049707533186	35.17092396918324	35.16460280823649	35.131709942347086	35.10661361798657	35.054361475963034	35.02590550176133	35.00470280614513	34.97125025922017	34.921630973278184	34.86356926978776	34.81090726181991	34.751518722390976	34.70787454701213	34.652495833420474	34.60197267286736	34.540954735515285	34.48500500458631	34.45460964324462	34.40575389631623	34.33810226790535	34.30104458157026	34.24583982157443	34.189091272279015	34.124729614544236	34.04447885945859	33.959164002472875	33.87230545391432	33.78959481907556	33.67887413714619	33.563339142862226	33.412986359106284	33.28839493017131	33.122394531837124	32.94268004246031	30.272437912736667
209144_HY5CNBGXT_TCDM_2_B03_C14_3_1_i_GTCAGG_S18_R1_001	31.42384126517013	31.5472312309649	31.622237429024658	31.653689710011427	31.67447971571566	35.267457465185046	35.25591597245038	35.27172515686634	35.27929021633748	35.311346782955034	35.30379653835843	35.26139465414826	35.23909967891027	35.22864108295725	35.22761794958105	35.19925764376979	35.17678196737503	35.124821566426064	35.09553145087004	35.07023026547852	35.02991324731971	34.98330162076743	34.931497229517674	34.86997055165755	34.8143956236659	34.76300574655882	34.699392690925436	34.637270898547335	34.57345234951816	34.50274619398819	34.45684134781093	34.392218260391076	34.32272309487768	34.26893159559222	34.20371369599877	34.133717344287604	34.040339794768634	33.94498864192952	33.83370696379728	33.70774193093245	33.58706580827739	33.456823408711145	33.30926312628118	33.13702257303129	32.97696569197558	32.77711827510517	32.55581569489824	30.257284383106608
209145_HY5CNBGXT_TCDM_2_C03_A04_3_3_o_ATACTG_S19_R1_001	31.352401258521084	31.508574278116196	31.584050446134466	31.622815849527324	31.640052148340533	35.19364568229727	35.1739445481513	35.18505933957622	35.19660041370627	35.215591198541716	35.2083378118609	35.155185184372755	35.13835286702539	35.11002956193785	35.097090456020126	35.07052968002474	35.03683543220899	34.972540593739424	34.93977568609215	34.90644008607547	34.84564142385735	34.7780803678169	34.675779099278536	34.517216191138445	34.4701543611353	34.43391557847586	34.367607047776566	34.288974706007515	34.18897558343332	34.07935365890218	33.98157734837534	33.85789138492159	33.72573095053731	33.61482579076173	33.48204530880636	33.31251238449968	33.1188173470007	32.86845595724596	32.60143846649366	32.3471173271855	32.160445717686784	31.968113980537233	31.717906871487095	31.426027520460472	31.10349420204338	30.72357248304923	30.308854615661904	28.7533914335456
209146_HY5CNBGXT_TCDM_2_D03_A27_3_3_i_TATGTC_S20_R1_001	31.415671864703633	31.555585159713	31.627371832418387	31.659803758747056	31.681374500355613	35.27729563250481	35.2651509557997	35.28308084792025	35.292757712383384	35.31539262007944	35.30447442646179	35.25508512437936	35.237068135331995	35.22599504774792	35.22552620894989	35.19305469310903	35.176880496880045	35.13015863715479	35.101637659761	35.07965320775013	35.046150286143096	34.99921157486486	34.95041621443897	34.89479047547598	34.8402116811627	34.789734459285455	34.731477799290275	34.67266322409465	34.61588493545821	34.55879111840966	34.52323656930748	34.47492172658572	34.420261476851124	34.38195407101923	34.33137540101701	34.273137150145004	34.20190849161385	34.12684885496243	34.03796891550272	33.94147116210856	33.84224489953469	33.73378349247987	33.61331092434979	33.460381092603235	33.317349430692914	33.14493383899698	32.936359166347806	30.486396350797126
209147_HY5CNBGXT_TCDM_2_E03_C14_3_3_i_GAGTCC_S21_R1_001	31.223188046466518	31.387425162800533	31.476755802845453	31.536020301755254	31.549700651202134	35.04360064463907	34.985656051512784	35.00925392507894	35.03099955516987	35.05971297518431	35.02872800460873	34.95255631476471	34.924612232099236	34.88803406961227	34.81583303556454	34.76452078669301	34.708089345224636	34.59597756889397	34.57411161590012	34.519878802021424	34.45992518103128	34.36899388176269	34.08782113453559	33.78550072558357	33.68668645309959	33.705493287440476	33.62072033311213	33.571577542641705	33.51844951178071	33.337877649838475	33.2379039021082	33.140748627225065	33.02363798120046	32.965412634634035	32.86324755161124	32.72796450109749	32.62881842909335	32.44588386287565	32.216581225251765	32.03553901014358	32.036348455126856	31.998074833553318	31.896613457205156	31.719253852155965	31.469467151847503	31.228227023794766	30.900212205846962	28.781398808438645
209148_HY5CNBGXT_TCDM_2_F03_A03_3_1_i_GGAGGT_S22_R1_001	31.33992273696624	31.50843980213858	31.589215284803185	31.625932323120278	31.652551956971564	35.210440434321	35.19703366329697	35.212694773486035	35.22388515297063	35.25121995361215	35.24291484469413	35.187197930645084	35.16770536129059	35.15018627697096	35.148735718557056	35.11145592946245	35.089433170895255	35.02769676260883	34.985403091355366	34.95221330568856	34.899882904469564	34.82825655263753	34.73519166886985	34.64409735108893	34.49595002923218	34.435630401802804	34.39855035900122	34.346146564572265	34.241264539987206	34.166335910713826	34.117694977819404	34.03865737130542	33.9157089408776	33.826524723086585	33.682035802542245	33.55472860775583	33.4643163047186	33.31822691178887	33.135008477749764	32.97728563553099	32.82778053928997	32.637668564603956	32.41060602775097	32.139773823811254	31.905878629315083	31.612329141858233	31.290723848873373	28.888750071933686
209149_HY5CNBGXT_TCDM_2_G03_A03_3_3_i_CACACT_S23_R1_001	31.293650627992953	31.43043467789521	31.510099266639102	31.551619053735646	31.57146274791572	35.08698776126233	35.0730603266607	35.08980238994569	35.09485282606863	35.11457750464622	35.09161391579395	35.021353365953914	34.998158971127175	34.97746691446531	34.971790893801156	34.93659037358456	34.90886676273547	34.83387870443589	34.78809342223043	34.751944590510064	34.69923713607919	34.632377060695944	34.558462350528046	34.47575252782717	34.37342821131391	34.29753559429528	34.23111545516946	34.16187727544586	34.06317019030455	33.98619920763306	33.93154575778619	33.85152552714078	33.755778980198855	33.674445563909174	33.5625351728235	33.43674812445058	33.322723952040526	33.18704636590975	33.02480782893865	32.85609929875124	32.685826104757815	32.50516905032373	32.29861094943543	32.047584364601185	31.817080043511943	31.543942246324164	31.226993461166394	29.14072139912575
209150_HY5CNBGXT_TCDM_2_H03_X4_32_1_o_CCGCAA_S24_R1_001	31.3353242912245	31.460715897867125	31.545913095561612	31.58309125267979	31.603316262825434	35.14643301587012	35.13310039657739	35.14809733816678	35.159885654753396	35.18725230529718	35.17493358567832	35.115819949344896	35.09111936688906	35.07318441408886	35.0726303679569	35.0413645050037	35.01486106498017	34.954069718088796	34.91693096613682	34.8876328927361	34.8478666232925	34.79016976885025	34.72626702801679	34.66092756532854	34.58110067459745	34.51844655529533	34.468170690646275	34.41067409041007	34.32535487912869	34.26162960397143	34.22052090021529	34.164241492329666	34.08976012603576	34.03485211288602	33.95683624561249	33.869449070199494	33.78915729345948	33.69793651761259	33.582932682492924	33.46268501675051	33.357835940436104	33.23107569267161	33.079430465263925	32.88368050709036	32.72638467380214	32.514531106058385	32.27409587932106	29.857465721778258
209151_HY5CNBGXT_TCDM_2_A04_A04_3_3_i_TTTATG_S25_R1_001	31.411954678387872	31.569330940926736	31.640469165498583	31.67581935239183	31.693865149889536	35.30525085659404	35.296578022161846	35.31029272010429	35.32053038889946	35.34104998024354	35.33170694028645	35.28339265679709	35.26070958866181	35.249274364620646	35.25182008208306	35.222078675422964	35.198304675647925	35.15409211125916	35.12590228987489	35.10198038702477	35.06560605470665	35.020802689186155	34.97664816841735	34.92797174321214	34.886402777297086	34.84100626726888	34.78279437488824	34.72059892363335	34.65733291008358	34.59777033185088	34.562145068671725	34.51491648929113	34.45829665048656	34.41851694224768	34.36892524846996	34.31664858661983	34.239385408194465	34.16058037851651	34.07705236471871	33.98415760681468	33.89653625599183	33.79079258743316	33.67072854837593	33.531491638113536	33.3946524521086	33.22835928351821	33.02769780256229	30.52838459197859
209152_HY5CNBGXT_TCDM_2_B04_X4_32_2_o_AACGCC_S26_R1_001	30.090666989468588	30.144231933180002	30.285155146673123	30.39412097001977	30.380765040551992	33.056248234677	33.032784570068195	32.93832465803172	32.943449138522375	32.91167332445628	32.80705523947867	32.517592704676595	32.45174111285962	32.393828430779166	32.34624541016019	32.24529919703022	32.1842795464633	31.77670177137554	31.683512891901707	31.58481620465642	31.433694467982086	31.31184683048864	31.06540773917605	30.806248234676996	30.527680264697576	30.352418996893032	30.174625751523223	30.024119356010168	29.917282007827946	29.77124440140419	29.68282693782028	29.44637453092846	29.344258160836056	29.18362385506194	28.990094016059395	28.87214017673405	28.68672073598838	28.570290118226204	28.3415849574305	28.14165960537465	28.05876003712222	28.027145624016462	27.94938062381471	27.81317838841141	27.7368760844127	27.5032683694468	27.295222531574062	25.723439454464753
209153_HY5CNBGXT_TCDM_2_C04_A27_3_1_o_CAAGCA_S27_R1_001	31.37615222395239	31.494266767260935	31.567369206094142	31.603243223076586	31.622126694513494	35.18734407762541	35.17662943121025	35.191252406197854	35.20230998762419	35.22534909653582	35.21339978986751	35.151652551059634	35.12949838406008	35.11561319041108	35.11827536475472	35.08851962869559	35.06608093869227	35.010709276279	34.9808262585715	34.95840518638329	34.92539684364123	34.88287045271944	34.83518760052518	34.78607723424044	34.73398192016473	34.68828875052571	34.635705884614055	34.583076854373964	34.52307754778102	34.46711272085392	34.435506831566904	34.39074457974257	34.33993847519788	34.30351962492708	34.25485224776942	34.20502454434866	34.14025985429407	34.07318591147604	33.99679148496136	33.91286190949229	33.83538686084074	33.73524475007952	33.62991320352552	33.48704628944318	33.36833782791747	33.21024196137722	33.034159059287816	30.522011717071834
209154_HY5CNBGXT_TCDM_2_D04_A27_3_3_o_GCTCGA_S28_R1_001	31.431584770007436	31.545586017835003	31.61942245343316	31.654226286007724	31.673989098232877	35.274978930584325	35.26080098774426	35.281041354057244	35.29169564375935	35.3155164090098	35.31055216659716	35.26245502629544	35.243647515587696	35.232343114298416	35.23237143886273	35.206651091056415	35.18408395362196	35.13821150000513	35.11157645244596	35.08607409744694	35.053205518978515	35.00895645924772	34.96413839478797	34.91579880394936	34.87046587044673	34.82514347406872	34.76675610655373	34.71002906119634	34.64887661684443	34.59549477020271	34.56368174094179	34.513457358190124	34.46504497418791	34.43285705530096	34.389970764796104	34.339019223775466	34.273276943282625	34.2078963085069	34.13146464678688	34.04955271356093	33.968227959187104	33.8781652217272	33.777200233788825	33.65256847729269	33.54091526817756	33.39769186702188	33.23623315002604	30.701222441793988
209155_HY5CNBGXT_TCDM_2_E04_A27_3_2_o_GCGAAT_S29_R1_001	31.39441581965353	31.5302756978739	31.610108814914373	31.643402810585943	31.662673604750346	35.25606937698014	35.2481815973019	35.26057119313314	35.27044513906699	35.295494134381826	35.28425646677093	35.23049563846889	35.21035051335006	35.200846322153595	35.20211700254731	35.17025052369869	35.15034700059971	35.10139941160628	35.0722351473009	35.047504645636444	35.015478598576514	34.967956598089295	34.91876676430377	34.868187658644224	34.81628741496927	34.768710939533776	34.710996901194974	34.65461838290072	34.591247627366926	34.53271108158644	34.49952362541547	34.44833002948396	34.39455289083606	34.35543128089726	34.30314007100063	34.248862614501846	34.17647231804885	34.10335030573462	34.02533695728329	33.93690652034599	33.851080194837124	33.747749172270034	33.637748503786895	33.4926987500008	33.37014176663382	33.21375359068649	33.03628634153961	30.446165895661352
209156_HY5CNBGXT_TCDM_2_F04_X5_66_3_o_TGGATT_S30_R1_001	31.41380331394513	31.562195227728846	31.633814241945164	31.665353847916936	31.686497528763923	35.288137452894446	35.27820874620956	35.292841593271554	35.30127135993467	35.32749556905962	35.320332235128625	35.27206548488317	35.257499147184674	35.24472958552152	35.24637823064314	35.21473307549214	35.19474539822107	35.14435231607642	35.117842077333776	35.09649627098921	35.06115028298357	35.01449211482303	34.96807833905734	34.91198749025776	34.85875127056497	34.81243973818766	34.75408678393619	34.692508479747076	34.62425491803292	34.56901531037677	34.5298357856267	34.47366465333509	34.41226682958444	34.36589209363448	34.306586992909395	34.23091563007823	34.14393334644106	34.044852183136406	33.931454111923685	33.80457415982932	33.68343849158967	33.540595977419244	33.38003466042995	33.19160757303161	33.01180631717741	32.78985111190275	32.53786547288787	30.251311729937665
209157_HY5CNBGXT_TCDM_2_G04_C17_3_1_i_ACCTAC_S31_R1_001	31.330926741905067	31.484036274839333	31.567518141691615	31.601629557373446	31.622652814404937	35.182295119635455	35.17045346094158	35.185380556963885	35.19473067002509	35.21530500892292	35.198481167888836	35.139267602653554	35.11818626530471	35.10307438479856	35.10261519581066	35.07052822912476	35.046774015574975	34.98876668491182	34.95249302718068	34.92452349144329	34.881704663676786	34.81795210800648	34.756640561730286	34.690408821809406	34.604235991145615	34.54542144405302	34.503009542078054	34.45607619192354	34.36986773139371	34.3168640337044	34.28214845547257	34.22587289990571	34.1525461811237	34.08347459545105	34.00135538918994	33.917638292507746	33.836001361933455	33.76559174754131	33.657683426095204	33.55187817567088	33.46640376309557	33.3235415432422	33.18253080392793	32.968358679317205	32.83403135755425	32.628629815326406	32.40794215164034	29.683128694894368
209158_HY5CNBGXT_TCDM_2_H04_C17_3_1_o_CGAAGG_S32_R1_001	31.393535351973032	31.530388508730887	31.607882310129018	31.639797823826378	31.66131022683023	35.23981174409674	35.22672239357617	35.24225223100259	35.25690904406553	35.27968515556404	35.269883681247	35.22007653857297	35.200317344928976	35.1861387905376	35.1875555933637	35.155363894055284	35.13232341199002	35.07798065282917	35.04512129610893	35.01894295309943	34.98047947025065	34.92537854327808	34.86628563506865	34.803394440742395	34.73611105740636	34.682310931006874	34.62677850429559	34.57241347556642	34.497700362743345	34.43478976310192	34.39528949221517	34.338254048657646	34.26792152461904	34.21287902841095	34.142503397362276	34.06856141309648	33.9827021307036	33.898833217832326	33.78852746310376	33.671436364243064	33.57322090853251	33.44746931060148	33.30702996567336	33.12025137258592	32.97486116606897	32.7776549729235	32.55529941971663	30.11409852715806
209159_HY5CNBGXT_TCDM_2_A05_C17_3_2_i_AGATAG_S33_R1_001	31.397769626434417	31.545426159643462	31.617577162327237	31.65134881758558	31.66930341427305	35.26054946552979	35.24969137353816	35.26194333001288	35.26932447169852	35.294607661704276	35.279419850793104	35.22778679604227	35.20457964733191	35.194084634095816	35.193924037907934	35.162856243659924	35.140223604726614	35.0864461577243	35.05602350892104	35.02855194596505	34.989992677499245	34.93488467156509	34.879176643240754	34.81733168910253	34.757335161864205	34.70520261203464	34.648685129421295	34.59358531037046	34.51790452342439	34.45452633739403	34.40638774907165	34.348884508588995	34.27642545062129	34.21749340860697	34.145504239663204	34.071262821040065	33.983371297624814	33.89659528465984	33.78916405067186	33.6871753805568	33.59093666322437	33.476103534753506	33.346382178183134	33.17760262924614	33.0468003184888	32.874303924525314	32.68281339008557	30.13329826300991
209160_HY5CNBGXT_TCDM_2_B05_C17_3_2_o_TTGGTA_S34_R1_001	31.372484194140245	31.55044927337921	31.63105750287279	31.66335045236319	31.6849875966118	35.28919132263081	35.28144269943633	35.2938974005853	35.30138118275061	35.3234223015274	35.307710607471755	35.2561393461075	35.23948535134841	35.227872164177896	35.22777183724636	35.1958694363153	35.172376565688666	35.126557688261514	35.095540297769595	35.06540874534505	35.02583358713932	34.974641563415446	34.91722494787781	34.861053636929434	34.808941106711806	34.76201449489666	34.7039436852335	34.64219149330614	34.57364208279813	34.509749092551644	34.46958944490792	34.419254844015995	34.35856459104866	34.30784459128408	34.25420600659454	34.19374592623001	34.11386040008651	34.038661272737706	33.949820533419256	33.853212319374734	33.780776274804936	33.677224811778956	33.563504556737044	33.4115596488208	33.29148900247627	33.13515509017101	32.9500708449753	30.270972834667102
209161_HY5CNBGXT_TCDM_2_C05_X5_66_2_i_GTTACC_S35_R1_001	31.31962164946672	31.5270675946368	31.614918749636196	31.64880695655767	31.672343209356093	35.26822602892261	35.26140491997936	35.27148927445929	35.27949104017988	35.30086970877331	35.28307532582293	35.2303730958855	35.2097000798031	35.197554890209645	35.198723428517624	35.16192728560789	35.13738599450616	35.088700341840166	35.05834894000146	35.031229394877144	34.98954821750229	34.935133210784485	34.88652165957869	34.83304970817335	34.785959422199326	34.73574912702321	34.67528899072818	34.608586750062926	34.53996164603778	34.479947012489376	34.437157094499625	34.3848958973816	34.33428559338483	34.28101478870455	34.22886543909883	34.172322250364005	34.08006930969822	34.00789101085715	33.92831210184123	33.82497245034854	33.73966210131478	33.6193780483662	33.49572059100782	33.32324785309395	33.19831279120334	33.03040742492658	32.834994424510775	30.186319281140342
209162_HY5CNBGXT_TCDM_2_D05_X5_66_1_i_CGCAAC_S36_R1_001	31.27446150317586	31.469010117000124	31.56051171322293	31.598315688405165	31.622837201013894	35.19552375539687	35.18495647372018	35.20088366115067	35.205211273491045	35.226765949720246	35.212412218051696	35.1514369190773	35.129268563245816	35.11820265518084	35.11796608403644	35.07884115179885	35.05405983254323	35.000080481034864	34.969885945537854	34.94185915125581	34.90049358578332	34.84546488900082	34.79436814517542	34.737611120511495	34.6819071887834	34.629307726310515	34.56569088799158	34.49774906069544	34.430111824603436	34.367804700354775	34.33078735936196	34.2850459304048	34.22747200918327	34.18445194476472	34.13237284511795	34.075984777747735	33.99912848127322	33.930179001439285	33.85295037477554	33.768573926655634	33.687951042796236	33.591901378033945	33.4823283697428	33.333838518129596	33.221497018454045	33.07247434303959	32.9027906213267	30.116718112692563
209163_HY5CNBGXT_TCDM_2_E05_C17_3_3_o_TGGCGA_S37_R1_001	31.411472403838776	31.5356621852727	31.61482149834318	31.647024957686504	31.669461915207194	35.26582136692659	35.25554551556316	35.271659262356025	35.28125686298894	35.30500644294095	35.30220656395005	35.253388717929724	35.23390510575508	35.22230020488641	35.2267322073842	35.19533841536287	35.1758276819789	35.129709829520046	35.09936086555024	35.07519741153414	35.04164869610928	34.99038861826479	34.9391783728862	34.88766185629022	34.83189657073255	34.78217622788519	34.72868272947851	34.67582216953799	34.60641998714058	34.548609916748916	34.518027886777105	34.467989035093524	34.40868189599743	34.364697358173714	34.30618004161231	34.246923947719125	34.16990500520815	34.10057922524186	34.01777607847599	33.92304742727768	33.83562739074563	33.732239246109756	33.616637406630275	33.46790171802938	33.35044758815275	33.18598369287678	33.00664778324906	30.492750258202733
209164_HY5CNBGXT_TCDM_2_F05_A03_3_2_o_ACCGTG_S38_R1_001	31.394618360237324	31.539744903360273	31.612640424066843	31.650092410131997	31.67330808848452	35.271052951054195	35.26060395338606	35.275943938176994	35.28354614048088	35.308297682025625	35.29830116865068	35.25073631888148	35.232741545905455	35.22210024969674	35.22030827981186	35.19163307107568	35.170865508537375	35.122887119785474	35.09328334218748	35.06752009665429	35.031490731307464	34.98147786284452	34.93120102093043	34.870762755074786	34.81627117590558	34.7701126306149	34.713880458292095	34.655899534695806	34.58989014703069	34.534128523409436	34.49841101190795	34.449499975234275	34.39052133299795	34.349982663995206	34.30560967863806	34.24718578855513	34.17781700365853	34.09974913781298	34.016683549442575	33.92763903038802	33.84196323213057	33.74430451542224	33.629762278213256	33.48931966136033	33.36373463189883	33.200989172038234	33.01251892635257	30.46333187328886
209165_HY5CNBGXT_TCDM_2_G05_X5_66_3_i_CAACAG_S39_R1_001	31.361046009175062	31.476754299441097	31.554615505589332	31.589115523784535	31.607469481538892	35.168591846719366	35.158713873745725	35.17079825436722	35.17910186355046	35.19861467478151	35.180743794318886	35.116282130758165	35.090416746736196	35.07927042986005	35.0792124393041	35.045272216181985	35.0233302922873	34.96577918771085	34.93930570088663	34.91515694372532	34.88115532509718	34.83086793667049	34.78430513800582	34.73184879638207	34.68266599504027	34.63671225682006	34.580363418833755	34.5242876152815	34.46291647593626	34.40945131144844	34.37096037255262	34.32105008234659	34.2656678245625	34.22831967203521	34.18159918162025	34.1297786080181	34.05973080464716	33.99164286925779	33.92003921651248	33.83610975090449	33.76656768902421	33.67798057092926	33.58139362904048	33.453510301357234	33.356121387321366	33.22042146472014	33.071658876779324	30.442000186846634
209166_HY5CNBGXT_TCDM_2_H05_X5_66_1_o_GATTGT_S40_R1_001	31.3093952583269	31.491300066484573	31.571105837747496	31.61130472207941	31.642318854656683	35.18785492630595	35.17300726306288	35.18478189877933	35.20144993309676	35.22861650123674	35.21635662861248	35.169716946532674	35.14533410591646	35.124643922355396	35.10588631305359	35.057057412862505	35.000347494938296	34.90852091082192	34.83196693857796	34.77868800983369	34.68349156215302	34.55965567019632	34.417542381822415	34.23791889886809	33.974897049391174	33.82259504195897	33.72641890975348	33.61266120834457	33.46351219414166	33.34788346275775	33.24083576300678	33.08754486034053	32.92371899968349	32.767674094964086	32.54582579032072	32.33719024803602	32.18659096580147	31.94908864219074	31.656131569119673	31.386409766031242	31.16183425412514	30.923023591138293	30.645812644126664	30.33394682238906	30.060795704795094	29.708171238806894	29.322570340511547	27.693853610011875
209167_HY5CNBGXT_TCDM_2_A06_X5_66_2_o_CTCTCG_S41_R1_001	31.38568523174633	31.544658247453736	31.620074995554784	31.652577783916993	31.673975616709306	35.26876982896576	35.25460483874523	35.27126429265239	35.27975244927679	35.30217947794806	35.28964075681808	35.23626382608849	35.21764085453934	35.205046109004016	35.20694754058371	35.17268806566281	35.15049551290435	35.102847031698424	35.07159294467213	35.04372162960851	35.00630393956271	34.94784247259764	34.894680179630775	34.83793553923766	34.78317039721854	34.732442594271625	34.67644528270833	34.61999196922295	34.544120137632675	34.48760400333869	34.44026815668318	34.38477221762598	34.32343366783883	34.26484196709218	34.203801816145905	34.133459501518715	34.044503124141265	33.96415402413201	33.86745332891506	33.75731439941103	33.666433721475315	33.545065664276784	33.4099953233398	33.2360723328342	33.10191142412936	32.926752774034654	32.71511149040347	30.14065303516349
209168_HY5CNBGXT_TCDM_2_B06_A27_3_2_i_TGACAC_S42_R1_001	31.22545037326352	31.487695875909953	31.584445454341484	31.615655818876675	31.64384712407377	35.22357998626521	35.21190211076791	35.22198477910164	35.22345350472645	35.24163066158863	35.21979378889857	35.15849533602075	35.13812311954947	35.12333313829514	35.11481851109012	35.07039401528953	35.040651496507564	34.98776406595694	34.95329267740081	34.91697047898889	34.86657748435039	34.80261983960821	34.74372299619148	34.68296918381793	34.625348264167364	34.5649765360248	34.490905097491975	34.41147194155541	34.33794481357501	34.27034758006722	34.22502176582306	34.17349285698259	34.10246302449694	34.05023307797994	33.98599475420568	33.910088673457224	33.79363404117535	33.700300674113606	33.61054035552971	33.49747531850251	33.39056575302269	33.26407585548813	33.12187057177134	32.944550053474195	32.785664824362236	32.598257128389534	32.38721960142698	29.645713991585787
209169_HY5CNBGXT_TCDM_2_C06_C64_3_1_o_AAGACA_S43_R1_001	31.28329213458567	31.41193683168041	31.4926182317882	31.527191968928918	31.547260100984992	35.06916139501678	35.059268525018545	35.06720075887894	35.07449761060521	35.090394195451104	35.05712681988756	34.97345693620525	34.94962056052835	34.93922753839637	34.93784809295869	34.90194621823338	34.87207818680434	34.802373385940456	34.77123369533874	34.74373805551191	34.7091033654372	34.65623499792183	34.59643092232827	34.541334043953725	34.48199521922175	34.43395784403606	34.3725128120482	34.30693948656351	34.24447008732278	34.17968268678147	34.14195381497751	34.09123401352697	34.02633763351477	33.980466722482184	33.92370552076476	33.86351375269217	33.790569994451594	33.71379604531796	33.6219331128554	33.52487227725332	33.443223584907535	33.331385988183285	33.21272653510909	33.0570609946962	32.92880985667608	32.752427179639135	32.56311104570575	30.00292275781699
209170_HY5CNBGXT_TCDM_2_D06_X9_35_2_i_ACAGAT_S44_R1_001	31.274287611012262	31.47118795181653	31.56014056728665	31.59578817434105	31.618981320501625	35.182289406085495	35.17533349730862	35.18415219806998	35.19071951349164	35.2076346401415	35.1851201727144	35.1206453421604	35.0987574486241	35.08743911891237	35.08305608410879	35.044645692333006	35.020756499158075	34.960627159850986	34.92918679954512	34.89785047348741	34.857114486444495	34.799462758721596	34.73960517160739	34.68543736313707	34.62953456866839	34.57415676996291	34.505502148579154	34.43900224664854	34.36897351354708	34.30613656451193	34.263182876068015	34.20980821909157	34.14470699008394	34.096383520413696	34.036204093791525	33.97252215157562	33.88279147220918	33.793649121428146	33.69806989276928	33.590681987478696	33.49304172282119	33.37032736227041	33.232792770444306	33.063242033485345	32.917013213577576	32.732387071963984	32.52667004792593	29.891286842246537
209171_HY5CNBGXT_TCDM_2_E06_C64_3_1_i_TAGGCT_S45_R1_001	31.33478789351924	31.52886968296395	31.61498614153997	31.65110438180733	31.67503120542006	35.2711694626023	35.25614300491626	35.267045406618976	35.2741000436041	35.29220968802843	35.27866676811692	35.223800228848354	35.20822893511493	35.19997996242783	35.19326272786068	35.155347647573535	35.131504227772794	35.08315067410766	35.05506140637935	35.02777028472805	34.989251409042424	34.93267874968993	34.87162827824751	34.8169993838963	34.76228631108469	34.713404619348964	34.65792688248601	34.601904137431575	34.53909530017367	34.48115392315522	34.442672833097525	34.40008791398717	34.33615273794315	34.293562826654174	34.231851063686946	34.1730870961306	34.09371997699466	34.01406546329913	33.92213647342517	33.8202162405211	33.71741523237645	33.601405780288715	33.461084762545305	33.28314208411752	33.13179394627762	32.94116269906097	32.728367297649356	30.04206788433363
209172_HY5CNBGXT_TCDM_2_F06_C14_3_1_o_CTCCAT_S46_R1_001	31.322697637474548	31.51070361177595	31.596446839254146	31.63339476519171	31.65614863808036	35.24105419759169	35.2314141611499	35.24231582988106	35.25172099164022	35.26950360908575	35.255133313800684	35.20091045842468	35.18119607431628	35.16847628239938	35.16769871269015	35.13524780917277	35.1115322779378	35.05660005618368	35.028612030308835	35.002640960592615	34.96442260749871	34.911272467220584	34.857223094906786	34.80635970626524	34.751658306657006	34.703215920709624	34.63872135050528	34.58279496388673	34.518115615251816	34.45790017894967	34.42135371282207	34.37074658246128	34.31130440465907	34.271519530554144	34.22025951065705	34.16566226986549	34.089695744163876	34.014269326763284	33.93665436707395	33.844846216577565	33.76547047278618	33.66112799859696	33.55016066152575	33.395102759398135	33.26921682744316	33.101172269543014	32.91931209654625	30.261900963934664
209173_HY5CNBGXT_TCDM_2_G06_X9_35_2_o_GCATGG_S47_R1_001	31.35013776346493	31.526495902932098	31.612047555925695	31.64720868934516	31.673257388291393	35.272570829384215	35.26102583666901	35.273999418410845	35.28430657438387	35.306015098920554	35.29552139019966	35.24636880069074	35.227195116442886	35.21890653772658	35.21796602817534	35.18490195668542	35.1607856978342	35.11309184069235	35.081759658094256	35.05622591565763	35.016960061847044	34.964028822632855	34.9101338364316	34.85773929799426	34.80657391725681	34.75983970088847	34.69831117035672	34.638086549276245	34.574668227276675	34.51436736127624	34.480317518562885	34.433353820850385	34.37085697050283	34.330262383313546	34.27940356874753	34.22406711494075	34.148883557862334	34.07656268489627	33.99554662474845	33.907396951771034	33.824701263631226	33.72319669098914	33.611454581358466	33.47297915499351	33.35035063330878	33.19212142670763	33.01404213049771	30.33117078974059
209174_HY5CNBGXT_TCDM_2_H06_C64_3_2_o_AATAGC_S48_R1_001	31.362763969538634	31.502269123299627	31.578450035265334	31.611301944059228	31.631192292545585	35.19505624177367	35.18469309622653	35.19680568212122	35.2048223081615	35.22456954518047	35.202622158073254	35.14012630997451	35.12253249925544	35.10828126703471	35.105969472520215	35.07191863767419	35.044480808124476	34.98321924676803	34.955492174719	34.93013299751537	34.891593500498544	34.84013996158478	34.78531786002506	34.72910969887313	34.67235308944363	34.618561374556634	34.556557715480096	34.49061066402132	34.42260085266146	34.36238453741384	34.31813265995984	34.26046398311078	34.189682529339834	34.138593324728106	34.07295196444923	33.996707164854556	33.906158370121695	33.811968616235276	33.697199735295435	33.57202090555788	33.45259021425876	33.3091612158229	33.154036967098506	32.96070132088468	32.7893676523267	32.57819384905165	32.34143154059137	29.94942149910891
209175_HY5CNBGXT_TCDM_2_A07_X9_35_1_i_GTGCCA_S49_R1_001	31.398445421967345	31.529883862446425	31.60725757858479	31.64330507980532	31.666413520097578	35.248171121078414	35.23927977925379	35.25456828643707	35.2659421002627	35.293970354841115	35.29302004232065	35.248959034147546	35.23015952510484	35.212218831178625	35.20829941101782	35.178692404184886	35.1537589677022	35.09956965833541	35.06517338701781	35.04081144354542	35.00060908234969	34.94463405427585	34.88461513355807	34.821977676434116	34.749119295283165	34.69485266892188	34.64338138391343	34.58517125320381	34.51431917490725	34.452467942708445	34.40701883000818	34.34963330136364	34.29057065794174	34.24575876332423	34.18333333708476	34.110817198990986	34.04132790306182	33.95528961910745	33.84871765206633	33.734503794835135	33.6301464476161	33.50273895734375	33.367640620705785	33.19644425107067	33.057462508010246	32.869823841049765	32.65538217441498	30.218248881492066
209176_HY5CNBGXT_TCDM_2_B07_C64_3_3_i_TCGAGG_S50_R1_001	31.3756057942765	31.525995927530936	31.60403116425045	31.642005603995894	31.66596216432587	35.23562238581713	35.22313046404103	35.231006224728354	35.2424058894168	35.273669341037376	35.26254349478179	35.21269612535315	35.19302992858676	35.18137791004601	35.174339848123594	35.140038520220216	35.10756609060374	35.04025931533789	35.000659484734044	34.96076761981007	34.909129640265235	34.83722178712937	34.74652859720264	34.648551604912484	34.545199185506185	34.46510973041647	34.37995660673988	34.295398806105226	34.19435504736711	34.10565806343074	34.02425926892799	33.92830957726379	33.82164952400842	33.72311143598044	33.60083781478967	33.47062369109568	33.33635310975362	33.19680989923249	33.025227263498024	32.831409642817775	32.64290850867575	32.43254227652181	32.220937248008724	31.967366876091358	31.74073397262976	31.4556046340289	31.138942318290724	29.122445337835092
209177_HY5CNBGXT_TCDM_2_C07_C17_3_3_i_CACTAA_S51_R1_001	31.308180779114767	31.428874158507174	31.509592257072818	31.543929196519898	31.56453975351594	35.089454153915526	35.076637254361444	35.08701700307179	35.09394376141225	35.11542029177511	35.09048336516489	35.01640360715605	34.993562338150724	34.97854291006549	34.973500536103245	34.94100642583302	34.920103748114585	34.84817940902744	34.81197526272351	34.78231801496152	34.73988017701693	34.68798883934265	34.618743885008115	34.5496341907968	34.47516346417325	34.421248779058814	34.3557594274763	34.29514170323661	34.22016943413336	34.150215778468805	34.10394200457354	34.04505746138041	33.9715847796052	33.90907660228216	33.83828783107358	33.76206180863048	33.67053586049302	33.57751968523375	33.45825204011352	33.337918565794226	33.2325761303632	33.110642986510605	32.97084254610776	32.78844812717702	32.64363185053952	32.44340953021228	32.23020851248014	29.800942768201796
209178_HY5CNBGXT_TCDM_2_D07_X9_35_1_o_GGTATA_S52_R1_001	31.380434719964036	31.50823672854112	31.59031008521372	31.627408502673216	31.646876318757073	35.20804903679104	35.19307660141534	35.211861785613884	35.21786523207243	35.243049609920064	35.237857829422715	35.18229825378153	35.1616912236977	35.147661409461946	35.14768446269635	35.11380613382531	35.07950996508076	35.011744662375776	34.96582966349322	34.92447536281628	34.874575676404305	34.80265887040432	34.71976872482955	34.634303661045735	34.55048882462444	34.48100221375087	34.407710858649736	34.33193583772572	34.235344066321595	34.147815417875094	34.074279122158444	33.983491002514725	33.8746704508124	33.792071032138125	33.67878327590303	33.55169463685713	33.42185721979274	33.26337679935297	33.081279621004825	32.898842407449266	32.71910114158336	32.52107930120523	32.31394118735684	32.06039210990245	31.837699146325924	31.571210800696463	31.264415475636252	29.271576066388192
209179_HY5CNBGXT_TCDM_2_E07_X2_24_3_i_CGCCTG_S53_R1_001	31.221534631057363	31.477878231310537	31.579166953339453	31.612992309291762	31.64792763686394	35.22399795234631	35.21552946351435	35.22350357281645	35.225989002056615	35.24226340823418	35.22419273101999	35.170502713846304	35.14847938271551	35.13438365795493	35.126800535393585	35.080896519350844	35.054545842647414	35.0106953884529	34.977559476582826	34.94164996976357	34.889468248503285	34.82156205635202	34.75443526477416	34.69058025939107	34.635493534281906	34.575111192512416	34.504657630740425	34.429868814085665	34.36007077212591	34.29952709948826	34.261766051754336	34.21485145457931	34.150948135699366	34.10262139314017	34.0487856731328	33.98163286659509	33.875025752904385	33.79204441563634	33.71686813807788	33.62100691807346	33.54207276527207	33.43159618836051	33.31478425403103	33.156607485333	33.03264582052041	32.874946183338565	32.691801723695974	29.75532615803259
209180_HY5CNBGXT_TCDM_2_F07_X2_24_2_o_AATGAA_S54_R1_001	31.251969329354377	31.395069702170108	31.479342401519443	31.515480259740503	31.531962303247884	35.038586662984535	35.025423233680975	35.03556863087673	35.03477509414325	35.04850305419589	35.01064981152563	34.92790388136025	34.906508729561594	34.892315712647274	34.89369622985513	34.85171035909228	34.83230712727116	34.76014431697885	34.71849237413829	34.68587949851634	34.63956440018373	34.56495259726414	34.49420731335026	34.426811735100756	34.3312286950698	34.264536103197344	34.22788913405116	34.17535762224533	34.08502988443558	34.02373405623327	33.98364607961105	33.92407352613796	33.844793495403444	33.76820405015588	33.67456183114613	33.58440983993064	33.49757402068944	33.406027610344154	33.28463471291122	33.16462515064329	33.06815717813528	32.91444287578163	32.74412385485266	32.50541677116591	32.33284939615875	32.09568204425884	31.83459944148089	29.02570296289408
209181_HY5CNBGXT_TCDM_2_G07_X2_24_1_o_ACAACG_S55_R1_001	31.286487590895888	31.46866353505615	31.554957549097317	31.589109201839335	31.61328215388175	35.15797806805929	35.14648084601486	35.15135073012107	35.156658477626195	35.17087973003244	35.14268685043596	35.07045731339573	35.04932325026955	35.039145541732104	35.0343151207186	34.99493795447944	34.97181473608807	34.913669753762605	34.88202327660905	34.85242018762585	34.80963357941482	34.750506173781616	34.689354996135236	34.63443114067262	34.58114873447323	34.52789832953421	34.46548556373912	34.401577046726764	34.33626485904676	34.27057796430137	34.23579267121905	34.18301651572739	34.111529931024975	34.06196874830763	33.99742089842307	33.92894681698233	33.833696757903084	33.73718626456673	33.63705562865245	33.51846411181732	33.40099448532126	33.26307820738786	33.1077188578504	32.91376875766184	32.736927562070136	32.523313841283596	32.288248814107135	29.630051275865632
209182_HY5CNBGXT_TCDM_2_H07_X10_39_2_i_ATATCC_S56_R1_001	31.300022803893125	31.492609627885823	31.583716270283098	31.61844604593529	31.640797075530173	35.22443995192075	35.21346140418767	35.22360190438401	35.23117254689843	35.25201007299924	35.22957957799762	35.169046581192845	35.15030158461164	35.13622915394699	35.13579914788083	35.100972495861996	35.07369157529186	35.02072895314059	34.9853810437683	34.95598732553549	34.91438888155744	34.85550055081134	34.79639953849349	34.74019937066969	34.687979258993124	34.632697407695574	34.565425744398894	34.50252842852605	34.43003731659786	34.36842698316637	34.3270435422214	34.276808904982765	34.21692663164355	34.16406410018999	34.10627605282289	34.04084620122319	33.94958839597916	33.8722084650837	33.78414936567855	33.68831221011868	33.607196333662564	33.50582999295882	33.38595723046807	33.23132790623296	33.10398146688141	32.943753938671634	32.760851537012755	29.96491861224471
209183_HY5CNBGXT_TCDM_2_A08_X2_24_3_o_AGTACT_S57_R1_001	31.341125291846225	31.529273249467543	31.611032819838112	31.643111971532402	31.6664642452928	35.2509389232941	35.23588387876922	35.2442183169307	35.2516305998982	35.26849461235223	35.24699122483476	35.185573437113725	35.16815719121499	35.16026287805142	35.15623702880585	35.11870165172711	35.099000669399416	35.045417287267	35.01723941318754	34.98569256588539	34.944325331728415	34.887938816965686	34.825232745444346	34.772388544515664	34.7233291175259	34.673838295787846	34.61337999260397	34.55727916773387	34.49249114240915	34.43165707724007	34.39512513698966	34.34876696964848	34.281985738023394	34.24287048680715	34.18587502208151	34.12632653132492	34.044973248708914	33.96167661252828	33.87042936812621	33.763267601176665	33.666304391411884	33.55302007030199	33.41987948883847	33.240939355591976	33.08908141999377	32.90287657510261	32.686559172608355	29.92477414844242
209184_HY5CNBGXT_TCDM_2_B08_X2_24_2_i_ATAAGA_S58_R1_001	31.10564304041668	31.359580499665018	31.461259073182834	31.495538293432464	31.52535730160906	35.036334150181325	35.025100462055	35.03120269658047	35.033009326926646	35.038528388349945	34.994802254893294	34.90733226754526	34.88265901741684	34.86613898201013	34.859795173124375	34.81092797860225	34.77926551146513	34.71135440058174	34.66918136715502	34.62896686876502	34.57691778871178	34.49837591148152	34.431463336420535	34.366051340582914	34.29990181171163	34.23185608957402	34.152533552468924	34.065687196324056	33.987160584287565	33.92636230645763	33.883852478021325	33.83344574066933	33.76965174862261	33.715571010051974	33.66153991004851	33.59175854605328	33.48167055875733	33.40366563204948	33.3294443384065	33.23439982595544	33.15821209780485	33.05304494713546	32.9468732826657	32.791580679858356	32.6803861261379	32.524663856163016	32.34498750816101	29.378289435760006
209185_HY5CNBGXT_TCDM_2_C08_X10_39_3_o_GGTGAG_S59_R1_001	31.3602385245611	31.528001221780737	31.613177245958052	31.649985569596833	31.675397737368247	35.27229527001691	35.2635364015586	35.27582987693649	35.283769668976255	35.306310117188346	35.296101968774465	35.247595213424376	35.2304421487415	35.21727066702137	35.21859782832831	35.184116592903564	35.16041983064233	35.109754061163116	35.07790228883824	35.04953956416419	35.00731889844027	34.95287349240913	34.9003331571048	34.846369986029146	34.79736316818362	34.75048446339798	34.69177490789599	34.63233165008342	34.56447052503492	34.50672563752769	34.4717183906327	34.42610484693175	34.3681156230854	34.328652085455715	34.282492820948704	34.22501554462441	34.15402806332104	34.084542651299856	34.00801654950341	33.92334118207286	33.85200586565681	33.76168104985987	33.66240284733544	33.530246402352915	33.426457337013204	33.2843321278615	33.12772253771466	30.34439796298567
209186_HY5CNBGXT_TCDM_2_D08_X10_39_2_o_TTCCGC_S60_R1_001	31.35120560185951	31.509977335732664	31.59472488322709	31.633079534099995	31.657304433617423	35.249953874048884	35.237806683573815	35.25090177359457	35.259662374238154	35.28567156054758	35.273349496466615	35.22195771676812	35.20444767571107	35.19427152587886	35.19610576370084	35.1617430551418	35.13704258581812	35.087573425764035	35.05837943378393	35.0348460185249	34.99659054969713	34.94764322040321	34.892854140652375	34.83693211754026	34.78473653126727	34.732583785877665	34.673212711646116	34.60965610110881	34.5447584629195	34.48813343531144	34.456004392810584	34.41116006812061	34.35457968143303	34.315534446320285	34.26456126525329	34.20776433410057	34.13457905502011	34.06421731416102	33.98168642237403	33.89084223916697	33.81209277535303	33.715983663583145	33.60642602450463	33.46697066893519	33.35535873749717	33.194443969434644	33.01629492600138	30.316899954477062
209187_HY5CNBGXT_TCDM_2_E08_X2_24_1_i_GAAGTG_S61_R1_001	31.29224449347163	31.47893394597846	31.576173895752813	31.620974285999367	31.649265909467236	35.23686753468392	35.229427923299674	35.243748705824125	35.2493559966254	35.27649980455486	35.26651153841615	35.2170182295066	35.197472016296516	35.18638412534811	35.1828944549727	35.15231506830209	35.12790132326913	35.079776756225726	35.05127377304974	35.02680182363016	34.98746450962939	34.93615497351566	34.884314087678874	34.83039250677979	34.78141990808177	34.72904141398572	34.665224282691284	34.60312547721338	34.54130982579454	34.48144013209445	34.44551228979812	34.400137634151726	34.33973158389961	34.3051615757349	34.257964344940476	34.207562117759906	34.13692148326592	34.06422787008424	33.98882529421378	33.8994912167703	33.82067702341158	33.72579090910067	33.61870181150648	33.48398717751104	33.37519423814123	33.22932742908989	33.07290050250681	30.287074227312182
209188_HY5CNBGXT_TCDM_2_F08_X10_39_3_i_CAATGC_S62_R1_001	31.22409979712655	31.472470388012777	31.572376910878724	31.610624670272966	31.640532931175297	35.216346693654934	35.20830404562576	35.21935576528203	35.22066429135027	35.23792122388524	35.22072023920303	35.16414388634165	35.1412284341215	35.12753918656821	35.122832549422526	35.08195947068333	35.047755433670844	34.9924968353895	34.95527594019309	34.92263623206016	34.87432112760109	34.81280963579678	34.75540752339043	34.6919031536901	34.63345504715001	34.56980975038414	34.498308394561946	34.4231201521474	34.35206878240554	34.29187148835901	34.25491773935299	34.21246216310164	34.149449019393714	34.10909879352589	34.056710743064386	33.99714483303315	33.90804585878224	33.82887003409935	33.75665144987611	33.667215923335675	33.583494383681526	33.48357392191756	33.366014601812786	33.218873575540755	33.093225560978155	32.93766005700144	32.75500694830034	29.929524547072333
209189_HY5CNBGXT_TCDM_2_G08_X5_36_3_i_ACGTCT_S63_R1_001	31.369561135807277	31.532349715983145	31.61031199665502	31.642891483122696	31.662422402185808	35.246935067117796	35.23627885117154	35.251326806881714	35.25457628354414	35.273715351937355	35.25796251001449	35.203828412707836	35.18771743690126	35.177465565662416	35.17969395427217	35.14848376297134	35.129560345088734	35.08082255950799	35.04852333312853	35.019132821374455	34.982172463244	34.92817015236051	34.867495768714484	34.811985958071034	34.751426930333075	34.69661507427877	34.64098580009848	34.5831815364825	34.51600272267327	34.45809653851835	34.41311569290477	34.36462821595242	34.29886747540172	34.24530373946543	34.17664515239046	34.105153157217615	34.030723865169136	33.9474546992728	33.85576309730271	33.74594427282734	33.654736943174555	33.52865362026718	33.38452967736116	33.183719516046025	33.04062333608944	32.85261879305202	32.627899237127764	29.968982952827137
209190_HY5CNBGXT_TCDM_2_H08_C64_4_2_i_CAGGAC_S64_R1_001	31.356760467565508	31.524389153275706	31.603131675143953	31.631159625030847	31.64986897543153	35.21673182526743	35.206451762526	35.219873747126826	35.22807490894672	35.239259138220916	35.21512259073345	35.15323538524315	35.13880600906198	35.130727474354416	35.12910709879107	35.08927951038889	35.07408845158791	35.02319441050767	34.99581605084311	34.97207080359108	34.93538422757652	34.87558198615299	34.8117400984291	34.76716817467194	34.713229979949176	34.66575881172054	34.612544708117156	34.55347011991083	34.486816221217495	34.429968702044306	34.38696796658479	34.33809424128529	34.2613323215965	34.20160541475248	34.13207076418064	34.05816989114835	33.96371131789131	33.87078027828624	33.76589051839285	33.640651251524126	33.50940189194384	33.34885276197487	33.15983026831237	32.92441766521616	32.739370624303874	32.494812827675105	32.209652345315526	29.62536250029558
209191_HY5CNBGXT_TCDM_2_A09_C64_4_3_i_AAGCTC_S65_R1_001	31.357268104337482	31.509697630927608	31.588974338449972	31.61599367766274	31.64034963421839	35.20635698260429	35.19232807073255	35.206646861487464	35.216064860006014	35.23283518537623	35.208081017557205	35.143789822221045	35.12566888895467	35.11213977732047	35.112019271778706	35.07684855588646	35.05150814962515	34.99901668879146	34.96457110799066	34.9314990801819	34.88929420359587	34.83253442946669	34.77064441214226	34.71572471209597	34.65404995830473	34.59995076437821	34.53651484311247	34.470793432658155	34.40025950728297	34.33426082899055	34.28453950681356	34.23044364080171	34.158489396475666	34.10476126503495	34.03353408248779	33.95678921741634	33.86822535096801	33.7807942015816	33.68647882281499	33.57401527442772	33.47635420291977	33.35425607883024	33.22161801109456	33.03879113674734	32.90784802849956	32.73473927802818	32.52436383845882	29.78801393730664
209192_HY5CNBGXT_TCDM_2_B09_X5_36_2_i_GACGAT_S66_R1_001	31.34028516437601	31.520022271725445	31.601482556203276	31.63022385257075	31.65396959966164	35.22956221982212	35.2175231428957	35.2322787908582	35.239896117769305	35.25580684380016	35.23142226476553	35.172518322131594	35.15358121440425	35.13576800684906	35.134355711137104	35.09973320853777	35.0762047619355	35.02049505775233	34.985840511204124	34.95157088570262	34.90446006103625	34.839007894148835	34.77204383549219	34.71813544213485	34.661645109565896	34.60517249171069	34.53369810947	34.46691844130045	34.393834303338565	34.32526600020502	34.269221606030115	34.20793286926557	34.136044592579694	34.07688177892888	34.007471042741585	33.92637489404633	33.82739680470654	33.724479986546264	33.621449085629465	33.50673041024285	33.41896699441774	33.3045620662946	33.17196798502454	32.98499792068627	32.849953067818376	32.67409540404743	32.45939118386723	29.755965410171207
209193_HY5CNBGXT_TCDM_2_C09_C64_4_1_i_TCGTTC_S67_R1_001	31.166610067607433	31.49330773008051	31.569691502419182	31.556367756795833	31.617265429251958	35.17711146843415	35.1746600750094	35.18881467491306	35.185013863214294	35.1781082802575	35.12817649776683	35.05052841905602	35.01737743992785	34.99267621683356	34.96644841898776	34.87373414710835	34.84967755601281	34.828275965636124	34.798078518822535	34.73467612468232	34.66593887813554	34.551611409346435	34.467872710137875	34.39595123322666	34.352372659582684	34.27930131874386	34.191579531846145	34.09713102497341	34.004495252291726	33.928109240166165	33.85073398883007	33.7832643550075	33.7320842646225	33.62714246281847	33.535307680591885	33.419829814592575	33.1463253842941	33.03566028704255	32.97865824393028	32.829723827876855	32.730241559949704	32.5266097348391	32.38842650917907	32.13169680282154	32.03735943204124	31.83928921109586	31.56623636449737	28.38005642556463
209194_HY5CNBGXT_TCDM_2_D09_C14_4_3_o_CCAATT_S68_R1_001	31.28840581349684	31.4819477503428	31.565524076693873	31.59534026392957	31.61952810258877	35.1731014332462	35.16162876406555	35.17308967966647	35.18058111755093	35.192426301749364	35.16073872424001	35.09460412253871	35.0759793266286	35.058808742371376	35.05236520958029	35.007522658330636	34.9785360534447	34.918377118601114	34.87946652558453	34.84353693422858	34.78860848928742	34.7254619413946	34.66045252457343	34.594328574553764	34.52702500588781	34.464673661124024	34.389101302193794	34.31097312734989	34.23384856129573	34.15395404379707	34.100702834684284	34.039241162446665	33.96790846664709	33.90443399387962	33.830985066048505	33.74295163534166	33.62650142798648	33.52241811685027	33.4216220615867	33.29943478504245	33.19372433771149	33.069811194902705	32.934320629133865	32.75022306090544	32.60956158119146	32.42824659950573	32.200395816489596	29.5598609081374
209195_HY5CNBGXT_TCDM_2_E09_C64_4_2_o_AGTTGA_S69_R1_001	31.388494282028837	31.544503929666394	31.62049799326647	31.650224058526447	31.66977172332924	35.259259973989124	35.24960610646286	35.26342417589297	35.270761255007336	35.293062261846174	35.27435655445076	35.21813055977176	35.199821443033855	35.184968363157914	35.18274114953246	35.148157076643656	35.124619041244365	35.07029303491076	35.03791809354465	35.009233116748234	34.96528684520945	34.91125585066189	34.84400114084393	34.78070170107002	34.71256127211696	34.654722019579424	34.59338600746107	34.53324918824274	34.454420033268036	34.39883937212254	34.35238812154759	34.29869240565359	34.23452259373937	34.17608184537127	34.11179571539256	34.04016141391711	33.961666473942856	33.89178469290739	33.798280392026065	33.695406294972585	33.616321027525366	33.509092106736674	33.3953121464778	33.2342040296346	33.124550663544795	32.96216791040637	32.773792210503636	30.079967871598228
209196_HY5CNBGXT_TCDM_2_F09_C64_4_1_o_AACCGA_S70_R1_001	31.289494391038087	31.449439750896865	31.534010964265192	31.56287002669455	31.58292092235112	35.10700123723295	35.09133824775374	35.10786100196887	35.117375789232106	35.13339392237356	35.10058557182767	35.021753169438796	34.99613504906655	34.97238863177911	34.96915340566919	34.92523573428999	34.89657424950692	34.82400016220348	34.78268076629067	34.74330349824596	34.69506564927121	34.62325307712085	34.53275723056535	34.43902712853246	34.32717218935014	34.24797180937985	34.18813727418773	34.12262248951286	34.01816635865261	33.9683062591563	33.91137704285796	33.84725004702175	33.764782841459905	33.67540581068093	33.58091602691197	33.481731617082445	33.38393812368533	33.31281470063967	33.18832956727907	33.061363173597414	32.973781597324674	32.832072265965394	32.70279382556914	32.48541926580492	32.37616357272152	32.17867004791905	31.957857076299483	29.241730426439858
209197_HY5CNBGXT_TCDM_2_G09_X5_36_1_i_CAGATG_S71_R1_001	31.353069217279483	31.518764711867565	31.599137146028085	31.62816329200401	31.646263431459477	35.20818687374364	35.198200118165204	35.20794575515861	35.22190070702467	35.23957279686444	35.217912203764016	35.15400925912467	35.12790913420473	35.10711554197387	35.09991329991304	35.060031901185845	35.034309058449026	34.97031302237016	34.93128665408632	34.89829861767228	34.85632111181319	34.78283680290437	34.70315640900894	34.61595516733374	34.50469176580032	34.43359373998011	34.39688589362224	34.34908937120206	34.251930231225884	34.19134213273664	34.138622024387175	34.06883187450889	33.98350507332313	33.89096341837751	33.778987883363584	33.67392591075705	33.577998762770946	33.48262033057187	33.34450427044955	33.207475809051175	33.10690894524299	32.93434595301266	32.75130392142613	32.4796748575733	32.335793327171416	32.096920693361284	31.83078776519838	29.204148137444434
209198_HY5CNBGXT_TCDM_2_H09_X5_36_2_o_GTAGAA_S72_R1_001	31.353192193379577	31.528060077234045	31.60478497964203	31.635790025381485	31.654279803800463	35.22780586110774	35.217024362584546	35.22876874018254	35.23729621580344	35.25392945409896	35.228833251074235	35.16672407827363	35.14520228794514	35.12749034420111	35.12460278730265	35.08511841761265	35.05983400637639	34.998041446241594	34.960395791297074	34.92375237015794	34.88180238801418	34.811457967758756	34.73555619654894	34.66670571273269	34.59046209552983	34.52749892507569	34.46444091743748	34.39951896172652	34.31469732508211	34.24538345860484	34.194284350429335	34.13000634614322	34.05372831284264	33.982886248160746	33.90154673351107	33.814825652370246	33.71310061877983	33.61768908713384	33.505912315190955	33.37922442166294	33.281268259437496	33.15001375100586	33.01431678798727	32.80791573334222	32.671724907037955	32.481608531241335	32.25453659727579	29.621688530920316
209199_HY5CNBGXT_TCDM_2_A10_A03_4_2_i_GACATC_S73_R1_001	31.35118605356169	31.511339476085485	31.590701769164408	31.62499871794807	31.651040093000468	35.224435758437544	35.2092914044345	35.226075776078574	35.233387087038466	35.25745914625934	35.2412273600138	35.1847373777574	35.165529129312716	35.14931171886258	35.14464471356606	35.107786435201234	35.077368429105555	35.014826321055736	34.97805312049758	34.942590303114066	34.88989973429159	34.82545026924772	34.75093135818312	34.66418747247792	34.60390051478799	34.55100179117366	34.479357366636755	34.410809875145794	34.32889331427994	34.245616853610855	34.18301976444881	34.11255760196264	34.02803927433675	33.96544882662404	33.88965568204574	33.80221990864392	33.70260119509098	33.5900493098189	33.46383730836686	33.33245094533045	33.23334765868735	33.11799711710657	32.98252828038417	32.817576032404894	32.67477604444357	32.486174940483366	32.2797781991315	29.79454886652318
209200_HY5CNBGXT_TCDM_2_B10_A03_4_3_o_CGATCT_S74_R1_001	31.344433856084258	31.510578511344118	31.590286335599068	31.62605604855682	31.647189858564936	35.20450987453033	35.19683757019525	35.20721569242911	35.219488215867244	35.24741892457912	35.228494633043475	35.16838365178186	35.14328047347294	35.12361512225995	35.114354084579205	35.07238586705215	35.04038831732514	34.96457940164284	34.91809960458329	34.88430430467855	34.83400643258288	34.75877341733174	34.66379113600186	34.56497146997276	34.42791415170288	34.34793178101445	34.30645051621508	34.245960531459446	34.133959658005324	34.057271741807625	33.99449869752214	33.907057045058686	33.78462381797643	33.671200808376454	33.51889204028981	33.380872833748526	33.276447305470036	33.120876334138515	32.93164410072331	32.773161170568216	32.6303275925431	32.44197302440064	32.21703568323032	31.956973037753063	31.755216022747604	31.495063299746157	31.201521293320152	28.785598853252516
209201_HY5CNBGXT_TCDM_2_C10_A27_4_1_i_CGTCGC_S75_R1_001	31.31023169606217	31.481617521855068	31.5754395703568	31.61062988908149	31.635254513194774	35.187227982318426	35.17632769318789	35.19212004365905	35.19797970467138	35.22075405514935	35.197773456523144	35.13618954736938	35.118602582592914	35.098700168404065	35.09497705941649	35.0527320536441	35.02340363081879	34.95473970589738	34.907711616134094	34.869792500315015	34.81382401094541	34.74578713147777	34.656236590677665	34.5688015301101	34.472451079386595	34.393873621181115	34.31994334454892	34.24925173852928	34.154106211198105	34.08113225337915	34.029309373073744	33.95800104465006	33.86962658655696	33.7915967821032	33.69777675564213	33.59294416358181	33.48641156743484	33.39419906330562	33.26866300968196	33.133971475178704	33.01400412155742	32.87387233984587	32.729467134815195	32.52700371459513	32.37325018985898	32.16369387666488	31.934835163244664	29.295316698394966
209202_HY5CNBGXT_TCDM_2_D10_A27_4_1_o_ATGGCG_S76_R1_001	31.26056735381472	31.44193655325454	31.533631916865684	31.58365322815255	31.61235378089291	35.12834265843081	35.11053657084481	35.13599983762829	35.147871915783206	35.18557597981179	35.16997341163258	35.11371161431307	35.08099709760569	35.05324168352401	35.01914531591446	34.95572766205035	34.89640820247752	34.77331454782862	34.66942067127171	34.627773680899	34.56123104817704	34.42393257514766	34.25128307477894	34.062150816256114	33.74400171843392	33.55099993911061	33.547097267419446	33.44576006873736	33.255528418431894	33.167665703712224	33.09253868167703	32.94772239850077	32.73831769378049	32.573776292377325	32.289096063162596	32.07708055666434	31.996111874107804	31.771945213079043	31.474592886766033	31.293351216772997	31.134470160815646	30.923300002029645	30.650841288419514	30.370973689017582	30.17021832229431	29.915759527498327	29.658446373360213	27.37477961423188
209203_HY5CNBGXT_TCDM_2_E10_A27_4_2_o_ATTGGT_S77_R1_001	31.34422346771663	31.539580069743206	31.620132641397852	31.64808998047926	31.675605715407624	35.26022184602992	35.25033276014755	35.263922838794024	35.269717521630895	35.28669006862214	35.2637119720695	35.20458513528984	35.19070263105915	35.17264809457743	35.165986737639685	35.123290822878474	35.089360780212814	35.029468624751544	34.988766601676616	34.94781085640361	34.8931103672284	34.822902202326475	34.74225116688485	34.65366178519591	34.562943049969185	34.493096858115464	34.41700392490891	34.33832290665099	34.259212443924575	34.17479887585199	34.11613002914172	34.04173159246194	33.96071880640537	33.88416565879688	33.80673352911414	33.716509040577165	33.60919166865868	33.49914459585064	33.37571623507695	33.24659788338447	33.144918008136905	33.0316272653344	32.89530504199837	32.717737317004165	32.569569188308435	32.38555838754279	32.17132839808316	29.582489223850303
209204_HY5CNBGXT_TCDM_2_F10_X4_24_1_o_GCCACA_S78_R1_001	31.310634399181033	31.475744222355395	31.561507048098697	31.596501332440575	31.61878619634241	35.166925005702424	35.15380868267272	35.167320991393346	35.17378892308598	35.19265638416104	35.164865268101664	35.10099065893905	35.081497130261596	35.064612161458285	35.058080051633624	35.014260612507485	34.98254081886334	34.91102859847034	34.86426581457515	34.82454509200217	34.77169067860601	34.698483692386276	34.61022577635278	34.52606219357216	34.448195676478036	34.38373271263596	34.31096413914547	34.24125982334804	34.151622160179684	34.06375932009554	34.002945743178635	33.92775758794761	33.838865003118755	33.77081062770017	33.684037906118974	33.595952179352075	33.498836523245636	33.38505713094307	33.24580828304806	33.1090554351848	33.009670718214494	32.89218760260438	32.75117451770878	32.55064911714544	32.3972495700644	32.190894793681366	31.95262396758806	29.36842846114899
209205_HY5CNBGXT_TCDM_2_G10_A27_4_2_i_CATCTA_S79_R1_001	31.33398398162762	31.4944491332369	31.574332819763903	31.60903372786877	31.631092795823736	35.1968603424575	35.18406778574965	35.200081344824895	35.20505920287788	35.22562238643275	35.20186113890877	35.13628582357349	35.11794352822047	35.10088668566618	35.095799174548574	35.05830083476216	35.026770614964164	34.9621626983739	34.92042571862241	34.880944673937066	34.83488467099794	34.77328288790975	34.685719801673855	34.597152239216356	34.50684918010644	34.440901134600864	34.37413926480704	34.30296645383343	34.22471041588294	34.14415136274392	34.08943358100285	34.02161376219665	33.944874290808656	33.876363311739155	33.80061560644387	33.72218862102021	33.63990399866671	33.53969283002827	33.41596055257323	33.29296170220063	33.201551884175075	33.10089503373899	32.98040917890913	32.81021047522194	32.67407709798727	32.50155078614027	32.29559202201003	29.680385834388375
209206_HY5CNBGXT_TCDM_2_H10_A27_4_3_i_AACAAG_S80_R1_001	31.263761903785493	31.40874470896111	31.48970896570002	31.51854981388213	31.543675496617805	35.04553468604794	35.03109268617831	35.041383873498	35.04389829331001	35.0536588847985	35.01429005130139	34.92364813975473	34.90153977609545	34.87987639374174	34.8740800072715	34.822509841462406	34.78780573719845	34.704303342593064	34.6554594523792	34.61082107926023	34.556348588683946	34.48571867082187	34.396086918865585	34.303827512514715	34.22531333080137	34.16364929658371	34.092881431456505	34.022611721982784	33.93397000752551	33.83803208394784	33.766211749281496	33.67950428042025	33.57830079573307	33.49521698653396	33.405552564870405	33.30300235374912	33.17694150638107	33.04251032806507	32.89422918312266	32.75048782682332	32.65146173604529	32.5371537202304	32.39464027056332	32.19637554463539	32.03578641264579	31.83275604098847	31.59590318810437	29.059511659030473
209207_HY5CNBGXT_TCDM_2_A11_X4_24_2_o_GCAGCC_S81_R1_001	31.40017235865033	31.528629542786643	31.606257118903354	31.640359559295547	31.66480519793698	35.253872040952075	35.24332880316878	35.25668202205282	35.27137193578021	35.29704443287016	35.288658142494064	35.24126822663684	35.22436961566238	35.21145354210932	35.21143030748733	35.1805382053754	35.15602603122557	35.10664137026535	35.07589633274936	35.04955645634699	35.00937112151232	34.961067838583446	34.90906831454116	34.85200012250982	34.8042708403558	34.75661099803791	34.691188023186044	34.6276232020231	34.56433068358898	34.500254876762334	34.460947176967025	34.403505382775435	34.34495325528495	34.301186268268	34.249559466286655	34.18818706053341	34.1089248759544	34.02730147291662	33.93689591082975	33.83479057244652	33.740985362716216	33.639841532837295	33.524784300858784	33.3841057935706	33.26021905319972	33.10025915404502	32.92113790857071	30.452615540758543
209208_HY5CNBGXT_TCDM_2_B11_X4_24_1_i_ACTCTT_S82_R1_001	31.43478842553875	31.573267894626074	31.640916026517942	31.671170669096185	31.690949049330683	35.29978189020642	35.289810143057316	35.299891966248886	35.309750002769206	35.332989288008775	35.32533831075506	35.28162116049225	35.26098951785309	35.253469731857535	35.255234323510024	35.23100608464363	35.20914733643669	35.16753409241957	35.14412389508576	35.12256517332477	35.08970617658136	35.05010502223675	35.009901824631555	34.96478648363121	34.92152374319467	34.88128567086848	34.82721557458309	34.77019254999806	34.71659226726186	34.65936492700366	34.625172469774085	34.57979128474665	34.5295335233472	34.49595574389251	34.45562819151293	34.410194478059566	34.342880641570254	34.26572728764324	34.18834400286336	34.09574374366544	34.01405105105313	33.914879373272704	33.80973070484667	33.67202869107817	33.546831125351	33.380457071728046	33.18969927086737	30.810070884817538
209209_HY5CNBGXT_TCDM_2_C11_X5_36_3_o_TGCTAT_S83_R1_001	30.952957410775888	31.11884003428882	31.231867695331285	31.272345229881452	31.292270379895044	34.553868991615964	34.50657550858266	34.57168245206883	34.57586401555542	34.54483681448494	34.50756862991072	34.39662129670283	34.378745112797674	34.30421919755797	34.2301637082105	34.18762675364319	34.113947605009514	33.973133454598674	33.955790420038056	33.89801166656213	33.8562273934224	33.76547701185473	33.636141253214575	33.4065002404399	33.094053816722074	33.03975621484874	32.92966610215559	32.89357920926634	32.83150389930795	32.64403395429551	32.518398879340985	32.2953542829664	32.207886428735705	32.019642894478245	31.965857534132013	31.883940705429758	31.80456417654561	31.605082690417948	31.2549185640511	31.00641869995191	31.040832967446526	31.201582721779673	31.225773066549586	31.124840577892073	31.073208722741434	30.90693930460599	30.69939785485793	28.328085471157667
209210_HY5CNBGXT_TCDM_2_D11_X4_24_2_i_AAGTGG_S84_R1_001	31.394490435716033	31.541743027038752	31.61796128845294	31.650542785600653	31.673302141862887	35.255069364154416	35.24758572617267	35.25961519088057	35.26605711262839	35.293073894548314	35.280876812125406	35.23337015778786	35.211708890469325	35.19712357712494	35.19674868788767	35.16656067311159	35.14202482628417	35.08868391800193	35.055081924765794	35.02049223021157	34.98021607252403	34.92267646908782	34.85671729064612	34.79678399049338	34.721856299746776	34.6636883442242	34.60628570718171	34.544808051994934	34.46018789902983	34.39767699423284	34.347502817563765	34.28263497620129	34.20941572151281	34.14401673347797	34.069712464884944	33.9822690680155	33.88658025137513	33.79788475874838	33.67252685634476	33.53526059410406	33.41105297362829	33.248504729949	33.08012041039333	32.85913842351037	32.68942688030852	32.46136604579522	32.1980027127491	29.78215634403043
209211_HY5CNBGXT_TCDM_2_E11_X4_24_3_o_CTCATA_S85_R1_001	31.314908100055522	31.49205267499655	31.57431521486048	31.613196703493134	31.63531031968756	35.207634840258066	35.19943589093447	35.20876846664389	35.2196067496424	35.237218696125964	35.21494300788165	35.153870993457765	35.13465500778051	35.12040320295108	35.11826817147258	35.08508115367205	35.05656718404467	35.00037067616178	34.964297704757755	34.93440164509276	34.89588468687785	34.838777730914046	34.778577534179995	34.72113756668571	34.66534263927748	34.61377106717158	34.554173065556824	34.487027036708355	34.41820664379513	34.35529915901638	34.30921231227825	34.25644627092055	34.19346494941701	34.14315817143395	34.08847834538309	34.024283590617586	33.944756345831905	33.868106889589775	33.77700097524178	33.681972232474884	33.59772742676995	33.49373309700899	33.37605272205539	33.21786688950549	33.10267036090268	32.94042912745536	32.759240389548864	30.021320464028257
209212_HY5CNBGXT_TCDM_2_F11_BLANK_AATCCG_S86_R1_001	29.885629856626903	29.807102987851593	29.994089963883113	30.025774324176425	30.058662580715772	32.55838896793258	32.546295282915615	32.5117106271205	32.476524023202366	32.50577322972529	32.26737441173252	31.981886833752874	31.849567691802562	31.808854109664004	31.79900404946919	31.679489985772136	31.669612564299005	31.26797635985553	31.177738863959725	31.10999233884207	31.025746962898104	30.92002298347379	30.783107146765897	30.60750246251505	30.510014227864726	30.39504213636861	30.291972200941228	30.205373755061835	30.054366860019698	30.015869541424976	29.886997920542846	29.798101127284667	29.655357338294845	29.508317828608952	29.438573930174016	29.372113385137354	29.19470285651746	29.155247893181567	29.053737550618365	28.894659078472145	28.778565174564957	28.702610265951627	28.502462515048705	28.39225128598008	28.19300645726168	28.061836489000765	27.90363357776075	25.910638065010396
209213_HY5CNBGXT_TCDM_2_G11_A03_4_1_i_GGCCAA_S87_R1_001	31.37225947790023	31.503436224285743	31.580267253605623	31.616997145563374	31.64083301112539	35.2090621462051	35.19886660712116	35.21686424612106	35.22770836510918	35.25140722093686	35.240917614636345	35.190171324628245	35.16718371050972	35.15333122042831	35.15291062069238	35.123029805057314	35.09742359239121	35.0441597485146	35.01041616505321	34.984048742421905	34.94342223317405	34.89000526077083	34.83443642959885	34.76888815190189	34.7134059592384	34.6626302524344	34.60152511982811	34.53799934759188	34.46889022719639	34.401683527259195	34.358330826525325	34.29689697129908	34.22843683377758	34.177910061571765	34.12029353932613	34.05081570155734	33.967482351433596	33.87370482985507	33.76792777410964	33.65805322062536	33.556959882945335	33.43850962825834	33.308732597497034	33.14826991965386	33.00856018686516	32.83425781323196	32.63259701346987	30.171708859956105
209214_HY5CNBGXT_TCDM_2_H11_X8_37_2_i_AGACCA_S88_R1_001	31.273389928513343	31.46285218300714	31.549247374681222	31.583826497506987	31.603102109714982	35.155294504736915	35.14189938315663	35.15633293793709	35.15953022384785	35.174545881431214	35.14515847413206	35.077588690718265	35.056510641012224	35.0362120018228	35.03008663340245	34.99175569088602	34.96363267466192	34.90212185976665	34.863064662693006	34.829990754466856	34.77643639565116	34.70564202758813	34.61947747872095	34.54335616276679	34.49417167428839	34.44577993036389	34.375582801037964	34.310689825607014	34.23824374872403	34.16248902870007	34.11250449798521	34.048061276027724	33.98519210113255	33.92971628952664	33.8654114532533	33.797611477506834	33.701048992316174	33.61750277987649	33.516953057161395	33.41214446095983	33.34797539762009	33.259706683614105	33.1524637246615	32.97426206464594	32.85241950611086	32.68777802143428	32.487406722553104	29.692009145708052
209215_HY5CNBGXT_TCDM_2_A12_X4_24_3_i_CGCGGA_S89_R1_001	31.375768096121938	31.510288823312273	31.591904518036124	31.630235993664247	31.65216220022252	35.23140876226673	35.2227151919543	35.241586670992746	35.248968724969444	35.272799001293066	35.26155230548832	35.21022407629194	35.19086504873107	35.181858769913276	35.18004644431187	35.15104894641233	35.126735878137225	35.07638382702456	35.04522057588814	35.01904624698624	34.97947092805455	34.927656519651634	34.872875812706994	34.819943465992175	34.76944972672058	34.71974046130954	34.656784722355354	34.59230543931184	34.52715569597209	34.46244607958377	34.42160983693466	34.368685994392145	34.305332433140265	34.26482626768742	34.20674305911798	34.14114713500921	34.058155998518835	33.97912095974341	33.88464991133319	33.780455494999764	33.67755746045812	33.563041213092795	33.43479533988655	33.27810481204986	33.14365910895589	32.97427913086206	32.78009723872408	30.236888620278762
209216_HY5CNBGXT_TCDM_2_B12_X8_37_3_o_CCTGCT_S90_R1_001	31.385530777993118	31.531218517051045	31.610844845698175	31.644238223625212	31.664526557028772	35.24947579279389	35.23848349093156	35.251648212342666	35.258256433032855	35.28708669912487	35.27523396504634	35.22069579995873	35.20202715153716	35.18715829330611	35.185996311968346	35.15368408032219	35.12759008994753	35.07232097340599	35.03821997226291	35.01209722847875	34.97333256898693	34.91557429329454	34.85602028580166	34.79086270897987	34.713109601667625	34.653571960109076	34.60408264055399	34.549855970735905	34.46660164899899	34.411538508139294	34.36642106312024	34.30640365555296	34.2379494732068	34.17750980644977	34.10225390562625	34.022882921722555	33.93472252688579	33.852311457655	33.74219394662969	33.62456085496365	33.52159806024798	33.382306869768215	33.2391528666878	33.04143375350081	32.90130998001909	32.70435762441862	32.4804359270054	29.96629178128095
209217_HY5CNBGXT_TCDM_2_C12_X8_37_2_o_GCGCTG_S91_R1_001	31.378494447657175	31.520157468658816	31.602052845393917	31.63618589822667	31.658511609863496	35.239656892272656	35.22623583029795	35.24090333862682	35.25082656804215	35.2748159465701	35.26212151026613	35.209184949651714	35.19178434592557	35.17666170615519	35.1741782410263	35.140211474647934	35.114084542921866	35.06081641233264	35.02983517983509	35.00235378576488	34.963081097442455	34.90699010886448	34.84656173168989	34.78960992487423	34.73318124842414	34.68217543602053	34.629199961567565	34.57099679402123	34.49868565501518	34.43979076390072	34.39202984410595	34.338698929849386	34.271758201442495	34.22235758487881	34.16358455024328	34.09485047558127	34.00652759582884	33.92988378201591	33.82466226699587	33.71621982948919	33.62314655292593	33.498813428804624	33.363083163486465	33.18192620692574	33.045676120924156	32.86470631184467	32.65281795364159	30.066051627430888
209218_HY5CNBGXT_TCDM_2_D12_X8_37_1_o_GAACCT_S92_R1_001	31.385964350989532	31.535788618888787	31.608868586204903	31.641171842067198	31.6626982972814	35.251829161174435	35.24021567949939	35.254379923378245	35.26485966832917	35.288725728009446	35.27196156812833	35.214157864549584	35.19367585483982	35.182452113341874	35.18074859974692	35.14399881565522	35.12139524268791	35.06785599468867	35.03701649434721	35.00953603080072	34.97382691115204	34.92089360248286	34.86597959933159	34.81027390008923	34.7566631997242	34.708351996264696	34.652641546458	34.593200837185165	34.52535928809012	34.47036549484787	34.432092524705844	34.373812019587064	34.31638584044852	34.27363396067929	34.219165734974354	34.15786367702988	34.07652189661143	34.00503928231964	33.911604794928806	33.810739552345595	33.72396147815846	33.61777356754973	33.493976963059225	33.32349190911027	33.196511747854785	33.03045644973457	32.83082474450689	30.172627946270925
209219_HY5CNBGXT_TCDM_2_E12_X8_37_3_i_TTCGAG_S93_R1_001	31.41792262893969	31.55848709033025	31.631197734497285	31.663145513681425	31.685059735453827	35.281129073750215	35.26915148722681	35.285072235695374	35.295286201182634	35.320909582793874	35.30829430278846	35.25824653616495	35.23929764947148	35.22508149312064	35.224173112040816	35.192199743594074	35.167838161727765	35.11678433701617	35.08746915701269	35.06459333755242	35.030200009903574	34.978590694385396	34.925376124417866	34.872304069281526	34.815348937902186	34.76584956653751	34.7158625649771	34.66091109550426	34.595112722588844	34.54129925819822	34.50124836349495	34.449789715139424	34.391309644872365	34.3464081129587	34.29142056187076	34.234177683385184	34.15755195752575	34.08610024469072	33.99643252466231	33.89812657913679	33.81442077987015	33.699048909761544	33.582324356509304	33.41550387749039	33.294860845740985	33.12505019722603	32.938675143481035	30.364824531633463
209220_HY5CNBGXT_TCDM_2_F12_C14_4_1_i_AGAATC_S94_R1_001	31.363122194512123	31.50218310784101	31.576741678631908	31.61024387386857	31.628845015541646	35.19812363959721	35.187778713505615	35.19871715383829	35.208325254102775	35.22710505648918	35.209938626573894	35.14465820426114	35.12166515295799	35.1121074032563	35.11005787202723	35.07282127688708	35.049870676454624	34.98865356849839	34.95618455723502	34.930595619229734	34.894465858727656	34.84276732119206	34.78405553276082	34.72287465167545	34.66606150237462	34.61292530067106	34.55739277923456	34.49730915740288	34.43044672200281	34.37352026398696	34.33284778155101	34.276607000850774	34.21441918830424	34.16620138278125	34.103259189536274	34.03981883691955	33.95627113466868	33.87937513275871	33.782772830229874	33.67667485840799	33.579938500498	33.46186635093433	33.330651507556496	33.15986574991936	33.02253383182784	32.84299952426299	32.645635531825626	30.086881611703163
209221_HY5CNBGXT_TCDM_2_G12_X8_37_1_i_AGGCAT_S95_R1_001	31.216329723693917	31.380110035053033	31.49395371225685	31.53828913726224	31.56874155453951	35.094343314790365	35.08280829846077	35.09486341630488	35.10827820350565	35.140934271094736	35.13505675801524	35.08038044048034	35.05773923324206	35.045284674851516	35.04181693675277	35.00720069352609	34.98512533348604	34.92008724186249	34.88717230752208	34.8600111038229	34.82176717405985	34.76227991751569	34.70039494132389	34.63972819959842	34.5730566103374	34.515625864458876	34.458711452803264	34.397911456592084	34.31965275474049	34.253521395094815	34.21245619447147	34.14921370166107	34.07378671144936	34.01799516796416	33.94940150652914	33.87227945037153	33.784541489397654	33.6903462829856	33.574078945640565	33.455265242085076	33.339788497791396	33.20243250789463	33.04120415986491	32.845066580958985	32.674473068924	32.46625324767445	32.23693616292094	29.752295841319096
209222_HY5CNBGXT_TCDM_2_H12_C14_4_1_o_ACACGC_S96_R1_001	31.348712621064166	31.484525700392684	31.57043211209482	31.60351991810424	31.625958876172653	35.18088149907627	35.16727032798292	35.18274494749554	35.192949766869006	35.216902276926035	35.20288762526292	35.14616337564081	35.12479162167999	35.10698977102777	35.10583755208458	35.073587258171585	35.049602277725796	34.98483640842311	34.95467781536665	34.92678383198573	34.88978486368035	34.83156409702728	34.76243559906268	34.69407639338756	34.614775146556624	34.55610539280373	34.50022465350256	34.44105920647489	34.37149323800155	34.30936050928925	34.26625606820381	34.205952558042824	34.132184713324854	34.06750617817126	34.00073874133257	33.92611682941849	33.84501563537193	33.75700064780825	33.644428129273734	33.53314818813631	33.43045098650799	33.30443516719051	33.162341706854775	32.97898390076537	32.83731407503379	32.64408798995497	32.43057295040668	29.970468101441973
