Sample	0.0	1.0	2.0	3.0	4.0	5.0	6.0	7.0	8.0	9.0	10.0	11.0	12.0	13.0	14.0	15.0	16.0	17.0	18.0	19.0	20.0	21.0	22.0	23.0	24.0	25.0	26.0	27.0	28.0	29.0	30.0	31.0	32.0	33.0	34.0	35.0	36.0	37.0	38.0	39.0	40.0	41.0	42.0	43.0	44.0	45.0	46.0	47.0	48.0	49.0	50.0	51.0	52.0	53.0	54.0	55.0	56.0	57.0	58.0	59.0	60.0	61.0	62.0	63.0	64.0	65.0	66.0	67.0	68.0	69.0	70.0	71.0	72.0	73.0	74.0	75.0	76.0	77.0	78.0	79.0	80.0	81.0	82.0	83.0	84.0	85.0	86.0	87.0	88.0	89.0	90.0	91.0	92.0	93.0	94.0	95.0	96.0	97.0	98.0	99.0	100.0
209031_HY55YBGXT_TCDM_1_A01_A04_1_2_o_CAGCGT_S1_R1_001	6.309558286753019e-05	3.1547791433765096e-05	6.309558286753019e-05	0.0002208345400363557	0.0003470257057714161	0.00047321687150647646	0.000662503620109067	0.0007571469944103623	0.001325007240218134	0.002271440983231087	0.002997040186207684	0.003564900432015456	0.0036910915977505167	0.0047321687150647645	0.005867889206680308	0.006151819329584194	0.006625036201090671	0.007129800864030912	0.009338146264394468	0.01312388123644628	0.021326307009225207	0.027635865295978227	0.04208475377264264	0.08136175410768018	0.16546816607009793	0.30623441144755775	0.47864309163308405	0.6534178561761427	0.8245330769128846	0.9117942680186788	1.035177680316134	1.2656342967397882	1.4771306905117494	1.6823175259969576	1.8715096312252468	2.0270717907851425	2.0942054909561945	2.1931078171010485	2.45798307397894	2.8249154361450617	3.2039621502217495	3.3439081530219315	3.253302896024158	3.200838918869807	3.143516581834656	3.021521272360286	2.9356166362861433	2.839522063578895	2.7005855901045934	2.5436037799301783	2.4506955341577403	2.331886551618181	2.1369212005575124	2.1748731936523322	2.516914348377213	3.4563444816918705	4.4879888093674225	4.808135796837271	4.939626991533204	4.643424777761583	3.4633796391816	2.3982946525862565	1.6499810397773484	1.0903547675337892	0.9663088516162248	0.9232461163091356	0.7889156203841637	0.5954961111037499	0.43160533460534034	0.3167082782035678	0.21846845567882328	0.17338666171997297	0.14196506145194293	0.0891225108003864	0.05189611690854358	0.02558525885278349	0.011420300499022965	0.005867889206680308	0.0032178747262440396	0.0024607277318336777	0.001924415277459671	0.0011041727001817783	0.000662503620109067	0.00041012128863894624	0.00015773895716882547	9.464337430129529e-05	0.00018928674860259058	9.464337430129529e-05	3.1547791433765096e-05	3.1547791433765096e-05	3.1547791433765096e-05	9.464337430129529e-05	0.00012619116573506039	0.00012619116573506039	0.0005994080372415368	0.0012934594487843689	0.0008833381601454228	0.00015773895716882547	3.1547791433765096e-05	3.1547791433765096e-05	6.309558286753019e-05
209032_HY55YBGXT_TCDM_1_B01_A04_1_1_o_GATCAC_S2_R1_001	0.00019980838375997418	0.00029971257563996125	0.0005994251512799225	0.0012987544944398322	0.0018981796457197546	0.003196934140159587	0.008192143734158943	0.011988503025598451	0.014086491055078181	0.020780071911037316	0.03276857493663577	0.04295880250839445	0.050151904323753514	0.056345964220312725	0.05814423967415249	0.059542898360472316	0.06523743729763157	0.06843437143779116	0.07293006007239057	0.07462843133435035	0.07692622774759006	0.08312028764414926	0.09091281461078826	0.123881197931184	0.1959121202766547	0.31769533017835894	0.47514433658121863	0.633892097478518	0.8186149482646142	0.9271109006462802	1.0365059907548662	1.2419090092601195	1.4654945906875307	1.6628053696505052	1.8267481485255639	1.9436360530251489	1.9663143045819058	2.068116676107613	2.3024919102580625	2.5331706893089527	2.7285832886262074	2.780533468403801	2.7279838634749276	2.7207907616595683	2.7278839592830475	2.7153959352980492	2.703307528080571	2.6738357914759745	2.655753132745697	2.599606976909144	2.5245789288072737	2.498703743110357	2.4580427370152025	2.6286790967462204	3.1230050381683965	4.223449711726454	5.33878010987463	5.6625695957576685	5.840598865687805	5.318599463114873	3.7383149559572373	2.4304691800563263	1.493367860222047	0.8103229003385753	0.6367893190430377	0.5327890552959712	0.3683467554615124	0.2700410306516051	0.19411384482281493	0.1329724793922628	0.09321061102402796	0.0765266109800701	0.06323935346003183	0.03736416776311517	0.018282467114037637	0.008891473077318851	0.004096071867079471	0.0015984670700797934	0.0008991377269198838	0.0007992335350398967	0.0008991377269198838	0.0007992335350398967	0.00029971257563996125	0.0	0.0	0.0	0.0	0.0	0.0	0.0	9.990419187998709e-05	0.00029971257563996125	0.00019980838375997418	0.0	9.990419187998709e-05	9.990419187998709e-05	0.0	0.0	0.0	0.0	0.0
209033_HY55YBGXT_TCDM_1_C01_BLANK_ACCAGT_S3_R1_001	0.0043929975618863535	0.0021964987809431767	0.006589496342829531	0.0285544841522613	0.052715970742636245	0.08785995123772705	0.18230939881828365	0.2504008610275221	0.3338678147033628	0.5293562062073056	0.7116656050255892	0.9203329892151909	1.0916598941287587	1.1883058404902584	1.2520043051376106	1.3442572539372242	1.5441386430030533	1.5836756210600302	1.49361917104136	1.429920706394008	1.35523974784194	1.3222922661277923	1.3376677575943945	1.4584751905462692	1.5243701539745647	1.6034441100885188	1.7703780174402002	1.9570804138203703	2.1218178223911086	2.148175807762427	2.3041272212093924	2.56551057614163	2.809321940826323	2.960880356711402	3.097063281129879	3.1783337360247765	3.1366002591868556	3.2881586750719354	3.624222988556242	3.760405912974718	3.591275506842094	3.3804116238715487	3.0004173347683794	2.71047949568388	2.499615612713335	2.2931447273046763	2.2711797394952447	2.0844773431150743	1.9197399345443362	1.7945395040305752	1.6737320710787005	1.5199771564126783	1.317899268565906	1.157554857557054	1.0081929404529182	0.9401014782436795	0.9005645001867023	0.8917785050629297	0.8368660355393502	0.7160586025874756	0.5205702110835329	0.3382608122652492	0.23502536956091988	0.1757199024754541	0.1669339073516814	0.14277242076130647	0.12080743295187471	0.1032354427043293	0.07907395611395435	0.059305467085465774	0.03953697805697717	0.03514398049509083	0.026357985371318123	0.015375491466602238	0.013178992685659061	0.017571990247545414	0.015375491466602238	0.006589496342829531	0.0021964987809431767	0.0	0.0	0.0	0.0043929975618863535	0.0043929975618863535	0.0	0.0021964987809431767	0.0043929975618863535	0.0021964987809431767	0.0	0.0	0.0	0.0	0.0	0.0	0.0	0.0	0.0	0.0	0.0	0.0	0.0
209034_HY55YBGXT_TCDM_1_D01_A04_1_3_i_TGCACG_S4_R1_001	0.0001973034536983053	9.865172684915264e-05	0.0	9.865172684915264e-05	0.0003946069073966106	0.0007892138147932212	0.0012824724490389842	0.0015784276295864423	0.0017757310832847474	0.0017757310832847474	0.002367641444379663	0.004340675981362716	0.005425844976703394	0.00601775533779831	0.006708317425742379	0.008484048509027127	0.009865172684915264	0.01164090376820001	0.015192365934769506	0.01805326601339493	0.02209798681421019	0.024662931712288155	0.033738890582410204	0.06215058791496615	0.12568230000582045	0.2207825646884036	0.3248601365142596	0.42025635637739023	0.5146660589720292	0.566852822475231	0.6277209379411581	0.7623805450902515	0.9123311699009635	1.0474840356843027	1.1462344142603045	1.1985198294903554	1.2110485988001978	1.297862118427452	1.4926006272276793	1.7125939781012895	1.9756981336079795	2.1147970684652853	2.1055238061414645	2.108187402766392	2.112330775294056	2.090726047114092	2.124366285969653	2.229233071610302	2.325615808741924	2.381156730957997	2.3857933621199074	2.375336279073897	2.358368182055843	2.6508705521635805	3.5611300358007116	5.72564757459797	7.647777820526859	8.01663662721584	7.8801026372566145	6.791579483203064	4.73488828185193	3.046365325101833	1.8931266382352392	1.1678391424402688	1.0119694140186077	0.9547514124460992	0.7751066178537922	0.5343964043418599	0.34794464059696134	0.24051291005823414	0.16257804584740354	0.12390656892253571	0.10101936829353231	0.062051936188117	0.032851025040767826	0.014205848666277979	0.005820451884100005	0.0022689897175305106	0.0014797759027372894	0.0013811241758881368	0.0009865172684915262	0.0005919103610949158	0.0004932586342457631	0.0001973034536983053	0.0001973034536983053	0.0001973034536983053	0.0	9.865172684915264e-05	9.865172684915264e-05	0.0	0.0	0.0	0.0	0.0	0.0001973034536983053	0.0003946069073966106	0.0003946069073966106	0.0001973034536983053	0.0	0.0	0.0
209035_HY55YBGXT_TCDM_1_E01_A04_1_3_o_ACATTA_S5_R1_001	0.00022538851345005955	0.0003380827701750893	0.0007325126687126935	0.001727978603117123	0.00407577561822191	0.009672923702231722	0.01827525196557566	0.02291449886742272	0.031028485351624863	0.0473315878245125	0.06844297858433475	0.08876550954708178	0.10736006190671168	0.1244708065527954	0.13038725503085943	0.13470720153865226	0.13930888368825764	0.13882054190911586	0.13887688903747836	0.13898958329420338	0.14556341493649677	0.15285097687138205	0.16898503795918215	0.2229280221782297	0.35586968036152317	0.5787413554113904	0.8239640580450551	1.0207845774153197	1.1807165100842576	1.2613116860187747	1.3747384554125173	1.628093926906505	1.9011333285751313	2.130259534873238	2.252175938273599	2.297704417990511	2.317332001036787	2.3624848332312824	2.493905118948788	2.6501932706502833	2.7837735296216857	2.746997637177084	2.5695417475874036	2.492421311235242	2.4283170615348206	2.299939520748891	2.211775047237676	2.185291896907294	2.2082063957747167	2.261454432077293	2.2891960016077717	2.265736813832844	2.215137092563306	2.5243701330167876	3.3235602369584574	4.6514742287017246	5.718670057511636	5.920768424571856	5.837863016374476	4.909656770858768	3.1786729875623108	1.9569545504062629	1.1541582302493925	0.47183207053157883	0.2562667397927177	0.18709124853967027	0.09793130909405087	0.06316513089437918	0.03906734233134365	0.023045975500268587	0.014161911595112075	0.011983155965094831	0.00937240568429831	0.0056159304601306505	0.0035123043345967613	0.00242292651958814	0.002047278997171374	0.001671631474754608	0.0015213724657879017	0.0015025900896670635	0.0012772015762170042	0.0011081601911294594	0.001202072071733651	0.0008827716776794	0.00039442989853760414	0.00031930039405425104	0.0003756475224167659	0.00024417088957089783	7.512950448335318e-05	3.756475224167659e-05	3.756475224167659e-05	3.756475224167659e-05	5.6347128362514887e-05	7.512950448335318e-05	0.0002817356418125744	0.0005259065313834722	0.0004507770269001191	0.00022538851345005955	5.6347128362514887e-05	0.0	0.0
209036_HY55YBGXT_TCDM_1_F01_A27_1_2_i_GTGTAG_S6_R1_001	0.0	0.0	0.0	5.743350348965968e-05	0.000172300510468979	0.000344601020937958	0.0006317685383862564	0.0008040690488552354	0.0008615025523448951	0.0010338030628138741	0.001378404083751832	0.001933594617485209	0.002603652158197905	0.0031588426919312816	0.0033694322047267008	0.004192645754745156	0.004920136798947512	0.005819928353618847	0.0075429334583086375	0.010223163621159423	0.015870791464309288	0.01956568018881073	0.028927341257625257	0.052111332166284545	0.10006830758015038	0.19406780829156003	0.32153189703627805	0.4435398029494784	0.5513041999972432	0.604659924739137	0.6725846148662412	0.809774110201875	0.9542768049818586	1.1002344818502472	1.2500402034524427	1.4184543801852882	1.507782622612872	1.647403469596235	1.9622539357265494	2.3299049360650237	2.735462048706674	2.972011505079419	3.020006769495611	3.044588308989186	3.0804076706655703	3.138932410721533	3.182811607387633	3.1675534399605474	3.110809138512763	3.1046637536393695	3.118830684500152	3.019528156966531	2.8241968115981986	3.0301916441144443	3.683899780833751	4.682017493479383	5.536704603410172	5.744958487063678	5.654864464589565	4.976498210372031	3.67218334612186	2.634283360059057	1.7776818000119463	0.9698412844275565	0.6967449753342246	0.5515913675146915	0.3152142116524155	0.17856076234935192	0.11015745969316725	0.07096866581205613	0.044970433232403524	0.03518759313799816	0.02844872872854476	0.01711518403991858	0.009533961579283505	0.0051115818105797114	0.0032354206965841616	0.002622796659361125	0.002239906636096727	0.0020293171233013085	0.0020101726221380886	0.0018187276105058893	0.0014358375872414917	0.001072092065140314	0.0008997915546713348	0.0005169015314069371	0.00015315600930575912	0.000172300510468979	0.0001914450116321989	0.00011486700697931935	1.914450116321989e-05	1.914450116321989e-05	5.743350348965968e-05	7.657800465287956e-05	0.000344601020937958	0.0004977570302437172	0.000344601020937958	0.000172300510468979	1.914450116321989e-05	0.0	0.0
209037_HY55YBGXT_TCDM_1_G01_C17_1_2_o_CTAGTC_S7_R1_001	0.0	0.0	4.606371717614673e-05	0.00018425486870458693	0.00046063717176146737	0.0008752106263467879	0.0011976566465798151	0.0012897840809321084	0.0020268035557504563	0.0031783964851541243	0.004560308000438527	0.005527646061137608	0.00677136642489357	0.008429660243234853	0.008844233697820171	0.009765508041343109	0.01114741955662751	0.012345076203207326	0.013726987718491726	0.01791878598152108	0.026670892244988958	0.03187609228589354	0.04274712953946417	0.07462322182535772	0.14993739940835762	0.28393675267376844	0.4276094865461701	0.5561272574676196	0.7061567843103295	0.7916510433892578	0.8816595467514485	1.0687243022037802	1.2584607532523286	1.4504082627253323	1.6272929366817357	1.7820209626764127	1.8591316252292822	1.940710468348238	2.1477668770550173	2.4485629502152557	2.783630428954547	2.916109679553145	2.898467275874681	2.9080945927644954	2.8923408014902536	2.8576548224566145	2.8444345356270606	2.835037537323127	2.7565449632549726	2.6283957020709328	2.56363011572127	2.436125746577696	2.2240483926987165	2.2907486551697773	2.7579729384874336	3.8053236759214815	4.751380299285183	4.966037221326027	5.025413352766081	4.603285448563872	3.5528945057961976	2.7297819435756314	2.043985322257159	1.4847717957387376	1.357129235443635	1.2333560273913289	0.9969109671261677	0.7910522150659679	0.6264665535955956	0.4901179507542012	0.36583804181295737	0.30650797409008035	0.25344257190315933	0.15988716231840533	0.09337115471604943	0.05214412784339811	0.026578764810636667	0.011608056728388978	0.00520520004090458	0.003408715071034858	0.0025335044446880704	0.0011055292122275214	0.0005067008889376141	0.0004145734545853206	0.00023031858588073368	9.212743435229347e-05	9.212743435229347e-05	9.212743435229347e-05	4.606371717614673e-05	0.0	0.0	4.606371717614673e-05	9.212743435229347e-05	9.212743435229347e-05	0.00023031858588073368	0.0005067008889376141	0.00036850973740917386	4.606371717614673e-05	0.0	0.0	0.0
209038_HY55YBGXT_TCDM_1_H01_C17_1_2_i_TGTGCA_S8_R1_001	6.579832615638091e-05	8.224790769547613e-05	0.0001233718615432142	0.00020561976923869034	0.0003125420492428093	0.0005181618184814996	0.0011679202892757611	0.001661407735448618	0.002105546437004189	0.0029609246770371405	0.003980798732461045	0.0056668808402183055	0.007698404160296567	0.01033856199732135	0.01202464410507861	0.01402326826207868	0.019484529333058297	0.028490675225712934	0.04298275656165583	0.06914581599958679	0.110812606038115	0.13526490899598004	0.17542656232368106	0.2832288949401416	0.47991654140310325	0.7723325276328296	1.078237170724614	1.3485037954119485	1.6300054842904852	1.7837761725179473	1.9859415296334275	2.471664773319832	2.999696340724788	3.4221791681841403	3.6851257290865775	3.7688294247482634	3.7675957061328313	3.8391431610371263	4.057914370716324	4.176540527985509	4.141264400374919	3.9351429188992864	3.6180607851516866	3.5004216027748467	3.3501300010429036	3.0851272424480793	2.9809684921425283	2.9479295076212555	2.7598696666755496	2.464838196981107	2.3142751771537684	2.1628979030402444	1.9710628831313162	2.1025608379548433	2.3379050010346787	2.4129726663883395	2.292997643432949	2.1613434175848	2.004118317234128	1.6330568816659872	1.1774363721961276	0.8427614109924658	0.5710965718743081	0.30101911737467313	0.20971571504192504	0.16957051129576317	0.10971048407499562	0.0754706801013689	0.051898429755845445	0.036016358779848996	0.024041063419387672	0.018900569188420417	0.015347459575975846	0.009006145892654638	0.00486085134480264	0.002623708255485689	0.0014311135939012848	0.0008800526123415947	0.000682657633872452	0.00072378158772019	0.0006744328431029043	0.0005510609815596901	0.0004276891200164759	0.0003783403753991902	0.000254968513855976	0.0001233718615432142	0.00011514707077366659	9.047269846502374e-05	4.934874461728568e-05	4.934874461728568e-05	4.934874461728568e-05	4.934874461728568e-05	9.047269846502374e-05	0.00011514707077366659	0.00033721642155145216	0.0007402311692592851	0.0005263866092510473	6.579832615638091e-05	0.0	0.0	0.0
209039_HY55YBGXT_TCDM_1_A02_X1_54_2_o_TCAGGA_S9_R1_001	6.126217853820478e-05	5.105181544850398e-05	0.00010210363089700796	0.0002654694403322207	0.0005105181544850398	0.0009189326780730717	0.001511133737275718	0.0018378653561461433	0.0027772187603986166	0.004604873753455059	0.0064018976572423995	0.008852384798770591	0.01078214342272404	0.012477063695614373	0.013783990171096076	0.013641045087840266	0.014784605753886753	0.01732698616322225	0.020206308554517875	0.027496507800564243	0.044415079440198464	0.05566689956504875	0.08002882589707484	0.14669228650973135	0.27336205100055944	0.4829297534166683	0.7151848826180923	0.9360044051590515	1.1657886264927677	1.2818089822810381	1.4259588883814338	1.7156268892362454	2.0132385525748444	2.279351245781716	2.4960253609082566	2.6678249302555623	2.7369695090990165	2.8370106466519043	3.1049918363041917	3.438860498974318	3.7938339821508555	3.7966418320005233	3.477649668352091	3.344894527459802	3.2285065986003025	2.982436848138513	2.8274741675261237	2.726708094193867	2.539980974009419	2.3480976204646717	2.2674561727822145	2.15261000874926	1.95128206934654	1.953293510875211	2.264127594414972	3.0030107297642603	3.7210647244105584	3.9225764503488936	4.185574982813407	4.196265232968323	3.1672444200620973	2.083302064096371	1.2955214999105062	0.6568020264711831	0.49863329184862815	0.42885567049361284	0.3045138687872366	0.21728673691192268	0.16401927267295358	0.12506673748574507	0.09048423770092846	0.07424976038830419	0.060741450020630035	0.03858496211597931	0.02317752421362081	0.012589377689601082	0.006646946371395218	0.0033898405457806645	0.0018684964454152458	0.0014907130110963162	0.0011844021184052923	0.000755566868637859	0.0006432528746511502	0.0005411492437541422	0.0003267316188704255	0.0001939968987043151	0.00016336580943521274	0.00012252435707640956	7.147254162790557e-05	4.0841452358803184e-05	4.0841452358803184e-05	3.063108926910239e-05	9.189326780730717e-05	0.00018378653561461434	0.0003267316188704255	0.0005207285175747406	0.00044925597594683503	0.0001939968987043151	3.063108926910239e-05	0.0	0.0
209040_HY55YBGXT_TCDM_1_B02_X9_27_1_i_CGGTTA_S10_R1_001	0.0	0.0	0.00014308894695120382	0.00028617789390240764	0.0005723557878048153	0.0011447115756096306	0.0008585336817072229	0.00028617789390240764	0.000715444734756019	0.0020032452573168534	0.0032910457798776874	0.0048650241963409295	0.005437379984145745	0.006295913665852967	0.007726803135365006	0.008156069976218617	0.00901460365792584	0.011876382596949916	0.01573978416463242	0.019460096785363718	0.02661454413292391	0.03147956832926484	0.038061659889020216	0.057378667727432726	0.09901755129023303	0.16698480109205482	0.23752765193899833	0.3129355269822827	0.3800442431023973	0.4032246525084923	0.4700471907347045	0.6032630003462752	0.7410576562602845	0.8664035737895391	0.9592683003608703	1.0585720295450058	1.1189555651584138	1.193504906519991	1.372509179155947	1.60703196320897	1.9093789081168637	2.09439291652477	2.1470496490028133	2.186971465202199	2.2317583055979258	2.361110713641814	2.4948988790411897	2.629974844963126	2.8268652359679827	3.032484052736862	3.1270658466716084	3.089862720464295	3.0173166243600344	3.183299802823431	4.023661188267851	5.852337930304236	7.257614478312008	7.473249521367473	7.336885754922975	6.449305016984658	4.8348324285342255	3.420684365815478	2.0544711003253844	0.9730048392681859	0.7068593979389468	0.567347674661523	0.3435565616298404	0.20676352834448952	0.1201947154390112	0.06811033874877301	0.042211239350605126	0.03434134726828891	0.02561292150426548	0.01316418311951075	0.007154447347560189	0.0030048678859752797	0.001430889469512038	0.001430889469512038	0.0011447115756096306	0.0011447115756096306	0.0005723557878048153	0.000715444734756019	0.0011447115756096306	0.0005723557878048153	0.00042926684085361144	0.00028617789390240764	0.0	0.00014308894695120382	0.00014308894695120382	0.00014308894695120382	0.00014308894695120382	0.0	0.0	0.0	0.00028617789390240764	0.0005723557878048153	0.00042926684085361144	0.00028617789390240764	0.00028617789390240764	0.00014308894695120382	0.0
209041_HY55YBGXT_TCDM_1_C02_X9_27_2_i_TTAACT_S11_R1_001	0.0	0.0004197624144734081	0.0016790496578936323	0.007555723460521345	0.020148595894723585	0.03693909247365991	0.06464341182890483	0.0831129580657348	0.11627418880913404	0.17546068924988456	0.23422742727616166	0.31188347395374216	0.3811442723418545	0.42563908827603575	0.44578768417075937	0.46299794316416903	0.48608487596020655	0.4726524786970575	0.47559081559837135	0.4478864962431264	0.3849221340721152	0.3719094992234395	0.3635142509339714	0.35176090332871596	0.35595852747345	0.36855139990765223	0.4092683541115728	0.4508248331444403	0.4814674894009991	0.5062334718549301	0.5385551777693826	0.6187297989338034	0.7324854132560971	0.814758846492885	0.8781429710783696	1.031776014775637	1.1383956680518825	1.2588674810057507	1.558577844939764	2.0413046215841835	2.8686563405112704	3.5033371111950635	3.6422784703857616	3.67040255215548	3.7556143222935816	4.00915082063552	4.265625655878773	4.528816689753599	4.702178566931117	4.546866473575957	4.393233429878689	4.148931704655165	3.7598119464383157	3.4504470469714144	3.195231498971582	3.261973722872854	3.290937329471519	3.1624900306426564	3.0680434873861397	2.717961633715317	2.289803970952441	1.8465348612685222	1.0947403769466482	0.4592200814339084	0.30474751290769425	0.27368509423666204	0.19267094824329428	0.11711371363808083	0.06632246148679846	0.03190194349997901	0.019728833480250178	0.01679049657893632	0.011753347605255426	0.005876673802627713	0.0037778617302606727	0.0029383369013138566	0.0033580993157872646	0.00209881207236704	0.0016790496578936323	0.002518574486840448	0.001259287243420224	0.0	0.0	0.0	0.0	0.0	0.0	0.0	0.0	0.0	0.0	0.0	0.0	0.0	0.0	0.0008395248289468162	0.0008395248289468162	0.0008395248289468162	0.0008395248289468162	0.0	0.0
209042_HY55YBGXT_TCDM_1_D02_X9_27_3_o_ATGAAC_S12_R1_001	0.0004904425017472014	0.0009808850034944028	0.0012261062543680035	0.005149646268345615	0.015939381306784045	0.035802302627545704	0.066945401488493	0.08484655280226584	0.133890802976986	0.19421523069189175	0.25135178214544074	0.34968550374575463	0.4355129415515148	0.5041748917961231	0.5394867519219215	0.549050380705992	0.5657254257653967	0.5711202932846161	0.5453720619428879	0.5218308218590223	0.4965730330190414	0.47082480167731333	0.45488542037052926	0.43257028654103163	0.44507657033558523	0.45880896038450697	0.47671011169827976	0.5112863080714575	0.536789318162312	0.5507669294621073	0.5922093208597456	0.6618521561078483	0.7378707438786645	0.8406184479947032	0.9163918145146459	0.9848085435083803	1.032381466177859	1.0745595213281183	1.2025650142841378	1.3886879436972008	1.6253264507902254	1.8151276989663925	1.9588273519783224	2.0490687722998073	2.138329307617798	2.331563653306196	2.5804632229429	2.8739930602386003	3.152319179980137	3.313674763054966	3.345308304417661	3.3565884819578464	3.3872411383170467	3.5493323851444964	4.030456479358501	5.095697593153423	5.729104084159934	5.635674787577091	5.688887799016663	5.332826542748195	4.267094986451526	3.1214213023700634	1.8070353976875637	0.7427751688961365	0.5036844492943758	0.3788668325997131	0.20132664696722616	0.11819664292107555	0.07871602153042583	0.050515577679961746	0.029181328853958483	0.02697433759609608	0.017901151313772852	0.007601858777081622	0.005149646268345615	0.0034330975122304095	0.0029426550104832082	0.002452212508736007	0.0012261062543680035	0.0004904425017472014	0.0004904425017472014	0.0002452212508736007	0.0	0.0	0.0	0.0	0.0	0.0	0.0002452212508736007	0.0002452212508736007	0.0	0.0	0.0	0.0	0.0	0.0012261062543680035	0.0014713275052416041	0.0002452212508736007	0.0	0.0	0.0
209043_HY55YBGXT_TCDM_1_E02_X11_57_2_o_CCTAAG_S13_R1_001	0.00022790386559141623	0.00011395193279570811	0.0002848798319892703	0.0018232309247313298	0.004330173446236908	0.00757780353091459	0.01487072722983991	0.020169492104840335	0.02620894454301287	0.03988317647849784	0.05908407715457466	0.07845590572984504	0.09446615228764203	0.10295557128092228	0.10324045111291157	0.11155894220699825	0.11993440926748279	0.11868093800672999	0.11378100489651455	0.11537633195565446	0.11799722640995576	0.11543330792205232	0.1320702901102257	0.1709278991935622	0.25536628139518186	0.4019084669704625	0.5718107987688633	0.7400608275417263	0.9255175981667413	1.02830224154847	1.1585493007339642	1.4170492602810283	1.6725864695754038	1.891545108442357	2.073412393184307	2.1976199999316286	2.231634651871148	2.3728210966050303	2.6658484917891934	2.9711257197488954	3.2627287157731124	3.305574642504299	3.1527081246588566	3.0951623985970236	3.0477014185876112	2.921385701083569	2.8384286940082935	2.8330729531668952	2.790113074502913	2.721400059027101	2.6943934509545184	2.542609476470635	2.3449598490364796	2.375669894924923	2.6956469222152712	3.4960452981723247	4.279635764042012	4.506229182406277	4.7828474992678585	4.717097234044735	3.639795661394111	2.492242722174932	1.414029534061942	0.5757421404503152	0.40304798629841965	0.31496314224733724	0.18186728474195016	0.11503447615726733	0.07623384304032874	0.046720292446240326	0.027861247568550636	0.021536915298388835	0.016807910087366946	0.00883127479166738	0.004615053278226179	0.0025069425215055786	0.0015953270591399136	0.0013104472271506433	0.0009685914287635189	0.0011395193279570813	0.0007976635295699568	0.0006837115967742488	0.0007976635295699568	0.0005127836975806865	0.0002848798319892703	0.00022790386559141623	0.00022790386559141623	0.00011395193279570811	0.0	5.697596639785406e-05	5.697596639785406e-05	0.0	0.0	0.0	0.0003988317647849784	0.0006837115967742488	0.0002848798319892703	0.0	0.0	0.0	0.0
209044_HY55YBGXT_TCDM_1_F02_X11_57_3_o_AATCCG_S14_R1_001	0.0	0.0	0.0011389002778916678	0.0017083504168375016	0.0028472506947291695	0.003416700833675003	0.009111202223133342	0.01594460389048335	0.016514054029429185	0.018222404446266684	0.019930754863104187	0.031319757642020864	0.048403261810395885	0.05068106236617921	0.04669491139355838	0.05808391417247506	0.07573686847979591	0.08940367181449593	0.08883422167555009	0.08940367181449593	0.11730672862284178	0.13666803334700012	0.14748758598697098	0.15602933807115849	0.20272424946471684	0.2625165140540294	0.2961140722518336	0.3524896360074712	0.4253792537925379	0.4646713133798005	0.49712997129971304	0.5666028882511047	0.6850485171518382	0.7590770352147966	0.7989385449410049	0.8575919092524259	0.8689809120313425	0.9185230741196302	1.0022322445446676	1.1223862238622386	1.2898045647123138	1.4167919456972349	1.4697508086191973	1.4771536604254931	1.5642795316842057	1.8006013393467266	2.125187918545852	2.5072889617785066	3.0596555965559653	3.64675868980912	3.888205548722154	4.055623889572229	4.477016992392146	5.2036353696870306	6.407452963418524	8.026969158580474	8.45690401348458	7.998496651633183	6.919958088469774	4.685435743246321	2.827319939866065	1.7812400346225685	1.090497016081272	0.6383536057582798	0.5330053300533005	0.4436016582388046	0.27789166780556696	0.16912669126691268	0.12243177987335428	0.09338982278711676	0.0637784155619334	0.04897271194934171	0.04384766069882921	0.0318892077809667	0.021069655140995854	0.014805703612591682	0.007402851806295841	0.0011389002778916678	0.0011389002778916678	0.0022778005557833356	0.0017083504168375016	0.0005694501389458339	0.0	0.0	0.0	0.0	0.0	0.0005694501389458339	0.0005694501389458339	0.0	0.0	0.0	0.0	0.0	0.0005694501389458339	0.0005694501389458339	0.0	0.0	0.0	0.0	0.0
209045_HY55YBGXT_TCDM_1_G02_X9_27_2_o_GGCTGC_S15_R1_001	1.3846287516083328e-05	2.7692575032166657e-05	2.076943127412499e-05	2.076943127412499e-05	9.69240126125833e-05	0.0001938480252251666	0.0003669266191762082	0.0004984663505789998	0.0005884672194335414	0.0008930855447873746	0.0013777056078502913	0.0018138636646069161	0.0023330994464600407	0.0031084915473607072	0.0035308033166012486	0.004520812874001206	0.006743142020332582	0.010903951418915621	0.019280955366146036	0.03672727763641103	0.07021452399405856	0.09170396221901989	0.13626131544577602	0.24341081138898688	0.4278156685281846	0.7324893790320821	1.0845243159847429	1.3405560184446397	1.5565234879767493	1.6856331959204682	1.9130515452283792	2.453977536475448	3.051444842794444	3.5054853798780905	3.733409118680338	3.8360516480370634	3.880851311295351	3.97758147588271	4.239020153617637	4.441120566202389	4.518479774554747	4.292272975404493	3.864291151426116	3.702483435513166	3.575886828753616	3.359773973202587	3.3008164809591047	3.2522644737839586	2.9453407415586974	2.549759230367955	2.381990687679331	2.201843563951329	1.970368252401206	1.93546176157316	1.9956515734055742	2.0172448587869063	1.876338113879484	1.7576061984290694	1.6261495447513743	1.3203681312461901	0.939159066497142	0.6582248159395693	0.450135884004111	0.2443662052275966	0.17263551275052694	0.15040529814345516	0.12075347342776271	0.09816325534527275	0.06858758521091876	0.045450438771543526	0.030814912867043447	0.024909471241433907	0.020617122111448075	0.012842431671167286	0.007456225827410872	0.004257733411195624	0.002457716034104791	0.0015230916267691662	0.001031548419948208	0.0009692401261258331	0.0008792392572712914	0.0007338532383524164	0.0005261589256111665	0.00033231090038599986	0.00022846374401537493	0.0001523091626769166	0.00013846287516083326	0.00012461658764474995	0.00010384715637062497	7.61545813384583e-05	3.4615718790208316e-05	2.7692575032166657e-05	7.61545813384583e-05	0.00011077030012866663	0.0003253877566279582	0.0006369292257398331	0.00046385063178879145	0.0002146174564992916	0.00027692575032166653	0.0005053894943370415	0.0006923143758041664
209046_HY55YBGXT_TCDM_1_H02_X11_57_1_o_TACCTT_S16_R1_001	0.0	0.001355197181189863	0.002710394362379726	0.02168315489903781	0.06098387315354384	0.09621899986448028	0.1504268871120748	0.18972760536658084	0.2507114785201247	0.3604824501965036	0.4526358585174143	0.5759588020056918	0.6504946469711342	0.6911505624068303	0.7372272665672855	0.7358720693860956	0.7629760130098929	0.7629760130098929	0.6870849708632606	0.6084835343542485	0.5461444640195149	0.5149749288521479	0.5203957175769074	0.49600216831548993	0.47025342187288255	0.5000677598590595	0.5095541401273885	0.4688982246916927	0.4770294077788318	0.5095541401273885	0.5488548583818945	0.6071283371730587	0.6762433934137416	0.7250304919365768	0.7453584496544247	0.7670416045534625	0.7670416045534625	0.8469982382436644	0.8768125762298415	0.9161132944843475	1.0353706464290555	1.028594660523106	0.998780322536929	1.0055563084428785	1.0204634774359669	1.09093373085784	1.1966391109906491	1.3402900121967745	1.4839409134029	1.5476351809188236	1.5611871527307224	1.6411437864209244	1.9785878845372	2.3932782219812982	2.9421330803631927	3.7254370510909336	4.2675159235668785	4.417942810678953	4.514161810543435	4.936983331074671	5.206667570131454	5.034557528120342	4.768938880607129	4.340696571351132	4.06288114920721	3.637349234313593	2.7740886298956497	2.0531237295026425	1.444640195148394	0.8768125762298415	0.485160590865971	0.33608890093508603	0.28730180241225095	0.15313728147445452	0.056918281609974246	0.03523512671093644	0.01355197181189863	0.002710394362379726	0.002710394362379726	0.002710394362379726	0.001355197181189863	0.0	0.0	0.0	0.001355197181189863	0.001355197181189863	0.0	0.001355197181189863	0.002710394362379726	0.001355197181189863	0.0	0.0	0.0	0.0	0.0	0.0	0.0	0.0	0.0	0.0	0.0
209047_HY55YBGXT_TCDM_1_A03_A27_1_1_i_TCTTAA_S17_R1_001	7.783263104517938e-05	7.783263104517938e-05	0.00015566526209035876	0.00041510736557429003	0.0009599357828905457	0.002153369458916629	0.0042289062867880796	0.00547422838351095	0.0073811278441178445	0.011143038344634848	0.015397888841771321	0.020184595651049853	0.025010218775850974	0.02969314874373593	0.031937322938871936	0.03262484451310436	0.03427230187022732	0.036853750799892435	0.03955194867612532	0.04393652022500376	0.05550763804038709	0.0637708690363503	0.08025841471275413	0.12677638386742301	0.21895616323526376	0.37910977371589455	0.5774143455138374	0.7741622646908767	0.964644657068779	1.0586794474765298	1.1787362808637192	1.419213166582975	1.6596641080918826	1.8819151860413923	2.054586878015123	2.205205991192719	2.2853736011692534	2.4231503302243955	2.72241679659311	3.022448617167102	3.2717076180892897	3.3265536787657926	3.2355413888636297	3.200399955946731	3.1496790247156223	3.0321517518374015	2.933343226725546	2.8372069552795756	2.732314512841022	2.722092493963755	2.7526288295438137	2.7228578481690326	2.633116824573941	2.8310841216373546	3.356830572242367	4.0945671656041	4.59436940586072	4.624244164076894	4.594265629019326	4.146611251562977	3.03298196656855	2.0521092059268513	1.2624323034476355	0.5260058927084964	0.29433706640252	0.22147275163905794	0.12021249864927953	0.07405774843948817	0.04432568338022966	0.026022042979438303	0.015877856733216594	0.012064057812002803	0.009223166778853757	0.005344507331768984	0.003281942609071731	0.0022701184054843985	0.0021144531433940398	0.0016474573571229633	0.0012582942018970666	0.0011674894656776907	0.001128573150155101	0.0009469636777163492	0.0007523821001034007	0.0005837447328388454	0.0004540236810968797	0.00036321894487750377	0.0002853863138323244	0.00023349789313553812	0.00011674894656776906	2.5944210348393127e-05	3.891631552258969e-05	5.1888420696786254e-05	3.891631552258969e-05	5.1888420696786254e-05	0.0002853863138323244	0.0005188842069678625	0.000505912101793666	0.0002853863138323244	3.891631552258969e-05	0.0	0.0
209048_HY55YBGXT_TCDM_1_B03_X1_54_2_i_GTCAGG_S18_R1_001	0.0	0.0	0.0	0.002267727963353516	0.0034015919450302743	0.004535455926707032	0.007937047871737306	0.009070911853414064	0.006803183890060549	0.010204775835090822	0.019275687688504888	0.021543415651858404	0.02494500759688868	0.030614327505272466	0.031748191486949226	0.031748191486949226	0.04989001519377736	0.06122865501054493	0.06122865501054493	0.0759688867723428	0.09524457446084768	0.10658321427761525	0.1054493502959385	0.1428668616912715	0.20069392475678619	0.2607887157856543	0.37190738598997664	0.5000340159194503	0.6224913259405402	0.6871215728961153	0.7290745402181554	0.8855477696895481	1.0272807673991429	1.1644783091820305	1.2585890196612013	1.3844479216273216	1.5261809193369165	1.4910311359049369	1.5828741184207542	1.762024627525682	1.9037576252352768	1.9264349048688119	1.8788126176383881	1.898088305326893	1.935505816722226	1.912828537088691	1.9321042247771956	2.0443567589631946	2.217837948159739	2.457083248293535	2.5557294146994125	2.577272830351271	2.581808286277978	2.8187858584484204	3.5285847109780706	5.1386715649590675	6.481166519264349	6.66938794022269	6.679592716057782	6.044628886318797	4.673787332471597	3.4038596729936277	2.407193233099757	1.7506859877089145	1.5465904710070981	1.40599133727918	1.0680998707395062	0.7381454520715696	0.4989001519377735	0.32315123477787605	0.19615846883007915	0.13833140576456449	0.11225253418599905	0.06803183890060549	0.04535455926707032	0.034015919450302745	0.019275687688504888	0.013606367780121097	0.007937047871737306	0.0	0.001133863981676758	0.001133863981676758	0.0	0.001133863981676758	0.001133863981676758	0.0	0.0	0.0	0.0	0.0	0.0	0.001133863981676758	0.001133863981676758	0.0	0.0	0.001133863981676758	0.001133863981676758	0.0	0.0	0.0	0.0
209049_HY55YBGXT_TCDM_1_C03_X11_57_2_i_ATACTG_S19_R1_001	0.006083280104632418	0.003041640052316209	0.009124920156948626	0.057791160994007974	0.13079052224959697	0.24028956413298053	0.4288712473765855	0.5414119293122852	0.699577212032728	1.091948778781519	1.4691121452687288	1.8097758311281444	2.2082306779815677	2.4728533625330775	2.536727803631718	2.4971864829516073	2.491103202846975	2.3694376007543267	2.104814916202817	1.9314414332207925	1.6576938285123337	1.4478206649025156	1.5177783861057883	1.4386957447455668	1.383946223803875	1.6333607080938042	1.7793594306049825	1.7398181099248715	1.7215682696109742	1.7337348298202393	1.806734191075828	2.0896067159412355	2.4333120418529672	2.6127688049396234	2.752684247346169	2.837850168811023	2.8287252486540746	2.734434407032272	2.752684247346169	2.7283511269276395	2.5519360038932994	2.5823524044164614	2.332937920126532	2.0135657146333306	1.9101499528545791	1.7550263101864523	1.7550263101864523	1.74894303008182	1.6272774279891717	1.4174042643793534	1.2714055418681753	1.2957386622867049	1.1923229005079539	1.1162818992000487	1.2592389816589105	1.2288225811357485	1.0889071387292029	1.0706572984153055	0.9550749764272896	0.7938680536545305	0.626577850777139	0.45320436779511514	0.33153876570246676	0.2129148036621346	0.16424856282507527	0.1399154424065456	0.12166560209264836	0.08516592146485384	0.0334580405754783	0.0334580405754783	0.024333120418529672	0.006083280104632418	0.012166560209264836	0.012166560209264836	0.006083280104632418	0.003041640052316209	0.003041640052316209	0.009124920156948626	0.009124920156948626	0.006083280104632418	0.003041640052316209	0.0	0.003041640052316209	0.003041640052316209	0.0	0.0	0.0	0.0	0.0	0.0	0.0	0.0	0.0	0.0	0.0	0.0	0.0	0.0	0.0	0.0	0.0
209050_HY55YBGXT_TCDM_1_D03_X9_27_3_i_TATGTC_S20_R1_001	0.0	0.0	0.0	0.0	0.0	0.032459101532069594	0.05842638275772526	0.051934562451311346	0.05842638275772526	0.09737730459620877	0.16878732796676188	0.24019735133731498	0.27265645286938456	0.22072189041807325	0.16878732796676188	0.23370553103090105	0.3440664762399377	0.44793560114256037	0.40249285899766296	0.36354193715917943	0.5323292651259413	0.636198390028564	0.5777720072708387	0.5453129057387691	0.798493897688912	1.11010127239678	1.285380420669956	1.3373149831212672	1.5840041547649963	1.8696442482472084	1.980005193456245	2.337055310309011	2.7395481693066737	3.0511555440145415	3.4341729420929625	3.4666320436250326	3.271877434432615	3.4796156842378605	3.6029602700597247	3.5510257076084137	3.823682160477798	3.836665801090626	3.6094520903661387	3.6094520903661387	3.518566606076344	3.0316800830952997	2.772007270838743	2.7849909114515707	2.5123344585821865	2.4214489742923915	2.479875357050117	2.1163334198909376	1.9085951700856922	1.9021033497792783	1.8761360685536224	2.0059724746819008	1.8436769670215527	1.6878732796676188	1.7008569202804464	1.5125941313944429	1.1360685536224358	0.8634121007530511	0.6102311088029083	0.3765255777720073	0.2986237340950403	0.3116073747078681	0.23370553103090105	0.16229550766034795	0.1752791482731758	0.1428200467411062	0.0714100233705531	0.025967281225655673	0.04544274214489743	0.06491820306413919	0.04544274214489743	0.051934562451311346	0.04544274214489743	0.006491820306413918	0.006491820306413918	0.012983640612827837	0.006491820306413918	0.0	0.0	0.0	0.0	0.0	0.0	0.0	0.0	0.0	0.0	0.0	0.0	0.0	0.0	0.0	0.0	0.0	0.0	0.0	0.0
209051_HY55YBGXT_TCDM_1_E03_C17_1_3_i_GAGTCC_S21_R1_001	0.0	0.0	0.004659180915994968	0.006988771373992452	0.006988771373992452	0.004659180915994968	0.006988771373992452	0.013977542747984904	0.013977542747984904	0.02096631412197736	0.03028467595396729	0.03028467595396729	0.04193262824395472	0.0582397614499371	0.06056935190793458	0.10716116106788426	0.14909378931183898	0.13977542747984903	0.13977542747984903	0.1607417416018264	0.2003447793877836	0.22364068396775846	0.23528863625774588	0.3005171690816755	0.433303825187532	0.5521129385454038	0.6848995946512603	0.8549596980850767	0.9458137259469787	0.9597912686949635	1.1391697339607698	1.4420164935004425	1.7495224339561104	1.9545263942598892	2.0174253366258212	2.0826538694497505	2.105949774029726	2.2200997064716024	2.404137352653404	2.6813586171551043	2.8514187205889203	2.5881749988352047	2.3901598099054184	2.4181148954013887	2.3458975912034665	2.262032334715557	2.2433956110515774	2.2550435633415646	2.252713972883567	2.3179425057074967	2.404137352653404	2.3645343148674463	2.3761822671574335	2.5206168755532774	3.096025718678656	4.242184224013418	4.8292410194287845	4.752364534314867	4.852536924008759	4.631225830498998	3.6411498858500675	2.58351581791921	1.8217397381540328	1.2789451614406189	1.1088850580068024	0.9760984019009458	0.717513861063225	0.5218282625914364	0.39370078740157477	0.24926617900573078	0.15375297022783393	0.144434608395844	0.09784279923589433	0.05125099007594465	0.04193262824395472	0.02096631412197736	0.006988771373992452	0.004659180915994968	0.002329590457997484	0.0	0.0	0.0	0.0	0.002329590457997484	0.002329590457997484	0.0	0.0	0.0	0.0	0.0	0.0	0.0	0.0	0.0	0.0	0.0	0.0	0.0	0.0	0.0	0.0
209052_HY55YBGXT_TCDM_1_F03_X11_57_3_i_GGAGGT_S22_R1_001	1.8200064573829108e-05	9.100032286914554e-06	2.7300096860743665e-05	6.370022600840187e-05	0.00016380058116446196	0.00034580122690275306	0.0005187018403541296	0.0006006021309363606	0.000837202970396139	0.0011284040035774046	0.001446905133619414	0.0020293071999819452	0.0025389090080491605	0.0032487115264284955	0.003767413366782625	0.004158714755119951	0.005150618274393637	0.0067977241183251715	0.009773434676146232	0.015970556663535043	0.0281372998311398	0.036036127856181634	0.05473669420579104	0.10206596213003365	0.18554055829790084	0.3310409745333776	0.5072903998663387	0.6513257109036222	0.7777342594011524	0.8457024005521171	0.9442830503162626	1.1718930578765694	1.4352388922275896	1.6541856690507537	1.8234917697487991	2.0075126226547853	2.1068576751310313	2.2554885024732068	2.6128285703157674	3.0246414314277987	3.4266080576053883	3.5037672313661368	3.341322555012425	3.300581710463909	3.2989073045231168	3.255054248932475	3.221547930052056	3.128800400983823	2.930428797161372	2.8833543301411635	2.9332316071057423	2.8899063533877416	2.7927089085312073	3.0674115831762974	3.5882792312147123	3.9939222704362156	4.108964878607389	4.0106572298118515	4.010238628326653	3.7779148040417243	3.1848292997743552	2.6310468349541702	1.7420100806517662	0.7680700251124492	0.49056454052298976	0.41482497179899996	0.2697977572424427	0.15490074958785954	0.08530370265753703	0.049904577061439415	0.03205941374679997	0.025625690919951385	0.0212576754222324	0.013722848688667147	0.008535830285125853	0.005642020017887024	0.004413515659153559	0.0034671123013144452	0.002693609556926708	0.002511608911188417	0.002284108104015553	0.0018837066833913125	0.0014196050367586705	0.0010283036484213448	0.0007917028089615662	0.0005005017757803004	0.00034580122690275306	0.0002912010331812657	0.00020930074259903475	0.0001001003551560601	4.550016143457277e-05	7.280025829531643e-05	7.280025829531643e-05	7.280025829531643e-05	0.00026390093632052206	0.0005733020340756169	0.00043680154977189864	0.00012740045201680374	3.6400129147658216e-05	9.100032286914554e-06	1.8200064573829108e-05
209053_HY55YBGXT_TCDM_1_G03_X9_27_1_o_CACACT_S23_R1_001	0.00014602835724669374	0.00014602835724669374	0.0002190425358700406	0.000584113428986775	0.0014420300278111006	0.0031213561361480785	0.0061149374597053	0.007995052559256482	0.01016722437330105	0.016409936645597208	0.024131186035016138	0.03190719605840258	0.03796737288414037	0.044009296165222325	0.048116343712785586	0.049284570570759134	0.052040855813790476	0.056038382093418715	0.058028018460904926	0.060674782436001246	0.07199198012262001	0.08024258230705822	0.09946356482965428	0.15447974842234613	0.2719413082826554	0.4738437657208654	0.6916450605543091	0.8839096464142372	1.0810661822419294	1.183523328395141	1.3254628916389275	1.6497736195391781	2.0045495134700206	2.297445891017577	2.5189891625054672	2.732756423969971	2.8454720622197627	2.982483168406473	3.30681214985138	3.7263516202211306	4.184059252466237	4.243273751329771	3.976315660738159	3.8756291084165633	3.7687546044566393	3.520743693217786	3.332129816289025	3.1650368685094956	2.867905668601786	2.542006882316477	2.39362381780918	2.2439995122652867	2.011212057269401	2.0066486711054417	2.1742892252246464	2.5742791492679964	2.990660756412288	3.0960932303444006	3.1383501862226626	2.8807926711288063	2.171149615543843	1.579606993882142	1.1032077319094595	0.6909514258573872	0.573380344729143	0.5063533287529105	0.3974344277915328	0.31271972704379464	0.2345945559168135	0.17109047405915756	0.11749806694962095	0.09210738633335208	0.07604426703621577	0.04598067898805269	0.024076425401048627	0.012065593017508069	0.0054760633967510155	0.00239121434991461	0.001350762304531917	0.0009126772327918359	0.0008761701434801624	0.0007483953308893054	0.0006388740629542851	0.0003468173484608976	0.00016428190190253045	0.00023729608052587732	0.0002190425358700406	0.00016428190190253045	7.301417862334687e-05	1.8253544655836717e-05	1.8253544655836717e-05	5.476063396751015e-05	5.476063396751015e-05	3.6507089311673435e-05	0.0002920567144933875	0.0006388740629542851	0.00040157798242840774	5.476063396751015e-05	1.8253544655836717e-05	0.0	0.0
209054_HY55YBGXT_TCDM_1_H03_A04_1_2_o_CCGCAA_S24_R1_001	0.00011508002952953557	0.00012946503322072751	0.00012946503322072751	0.00031647008120622286	0.0010357202657658201	0.0022152905684435596	0.0038264109818570576	0.004775821225475727	0.006991111793919287	0.011579927971409517	0.01654275424487074	0.020815100341154746	0.02521691147065948	0.030021502703517597	0.03210732823874043	0.03387668369275704	0.036868764460524964	0.039040900017894946	0.042651535944384124	0.05041943793762777	0.06689026716404256	0.0782544200800842	0.10311170645846389	0.1698437385819033	0.29155525481307837	0.4880400202310692	0.7171787440280657	0.946518857876739	1.1967028420739494	1.3300374412876075	1.4847769259937593	1.8203790621092675	2.1660363158049187	2.4694591986632304	2.721369383303384	2.922068954802894	3.0094866222342675	3.138232405270435	3.4533790661370682	3.8339343387875515	4.230931670657067	4.275769727162512	4.011963144469743	3.906161442321026	3.8045745462538285	3.588022700686625	3.3888479395783815	3.1779637854655074	2.880481909131658	2.564774233121068	2.419874090939692	2.2801237800797622	2.050783666231089	2.0134258116450634	2.150629976851652	2.5310701694726054	2.9178397637176836	3.0091413821456787	2.9726466277811245	2.6117412701728098	1.8853848937897637	1.3094237309981294	0.894143059437109	0.5493920609740028	0.44590634441956795	0.4009532078845931	0.31067292471867247	0.21993232143463368	0.14675580765754023	0.09625005969776532	0.06028755046978545	0.047067732077580055	0.036322134320259665	0.01950606500525628	0.010098272591216748	0.005049136295608374	0.0023879106127378635	0.0011076452842217798	0.0007767901993243651	0.0007767901993243651	0.0007336351882507894	0.0006617101697948296	0.0004603201181181423	0.00028770007382383897	0.0002445450627502631	0.00020139005167668728	0.00020139005167668728	0.00015823504060311143	0.00012946503322072751	8.631002214715169e-05	1.4385003691191946e-05	1.4385003691191946e-05	0.00010069502583834364	0.00017262004429430337	0.00038839509966218257	0.0006760951734860215	0.00041716510704456646	8.631002214715169e-05	5.7540014764767786e-05	1.4385003691191946e-05	0.0
209055_HY55YBGXT_TCDM_1_A04_X4_67_2_o_TTTATG_S25_R1_001	3.3437463166544484e-05	5.5729105277574135e-05	0.00011145821055514827	0.00027307261586011325	0.0006464576212198599	0.0015548420372443182	0.0030818195218498493	0.003945620653652249	0.005639785454090503	0.0088330631864955	0.011669674645124023	0.01486295237752902	0.0176271159992967	0.019566488862956276	0.0205974773105914	0.020965289405423387	0.022748620774305763	0.027106636807012058	0.03499787811431656	0.05666535424623738	0.09609926914064884	0.11881445245178804	0.16751054464333234	0.31154799014375045	0.6269802989253478	1.1158192916886447	1.574102016028248	1.966942052040396	2.4561822943616916	2.7421171877198685	3.0931046656685584	4.020041300839921	5.126325342615573	5.93665439790414	6.3170779892604445	6.220482731082825	6.023458052284489	5.891413510239805	5.784017951459393	5.4493200909833375	4.765791468932835	4.0332546717012345	3.309517500192962	2.9941353476061145	2.7806148536456172	2.3377802372889573	1.983683075265779	1.7877674056624673	1.5797919576770882	1.3041948133479009	1.1654404870277968	1.0518701433826285	0.8790263233642324	0.7883662148986748	0.7277663858198407	0.6539364671481104	0.559938185276426	0.5105566250899677	0.4656278204151874	0.3576303872977765	0.22415360724745867	0.12660538136959293	0.0780597577622981	0.04588734528555454	0.03512048214592722	0.030132727223584337	0.023255755632331686	0.0190927914680969	0.014249932219475707	0.010293165744767942	0.008604573854857446	0.008303636686358546	0.007512283391416994	0.006074472475255581	0.004670099022260713	0.003343746316654448	0.002173435105825391	0.001253904868745418	0.0006910409054419192	0.0004458328422205931	0.0003956766474707764	0.00029536425797114293	0.00022291642111029654	0.0001560414947772076	0.00011145821055514827	8.35936579163612e-05	5.5729105277574135e-05	6.130201580533155e-05	6.130201580533155e-05	5.015619474981672e-05	8.91665684441186e-05	0.0001226040316106631	0.0001560414947772076	0.0002006247789992669	0.0005628639633034987	0.0009919780739408195	0.0006297388896365877	0.00011703112108290569	2.229164211102965e-05	5.572910527757413e-06	0.0
209056_HY55YBGXT_TCDM_1_B04_C64_1_2_o_AACGCC_S26_R1_001	3.445932034159524e-05	4.307415042699405e-05	0.00010337796102478572	0.0004135118440991429	0.0011199279111018454	0.0023949227637408694	0.004290185382528608	0.00535842431311806	0.00695216787891684	0.010561781684698943	0.0144901442036408	0.019107693129414564	0.022734536595367463	0.025301755960816304	0.026947188507127483	0.02700749231772527	0.02829110200044969	0.030625720953592773	0.035294958859878926	0.04862210100199089	0.0803419053764293	0.10229249243402548	0.15721203422844288	0.30598153497319497	0.6550716796937256	1.2094187660289681	1.7039013981007747	2.0580312184212635	2.428434452773071	2.6400835983111484	3.004938882087959	3.8730036208130847	4.696762288409005	5.24891259307247	5.592876913892189	5.506452938475468	5.307665734254891	5.233604040010717	5.227737340722561	4.99293153191493	4.387601881134297	3.749251586636331	3.156982018265163	2.900733897374975	2.7075807920302486	2.2734795040270024	1.8881984581177114	1.6759462744736553	1.5142372989406343	1.3084462378606276	1.1964448319203576	1.1010700480449074	1.002171798664529	1.0501305577499442	1.1382258102032325	1.3006842759536832	1.4515902545596142	1.4766507952780392	1.407086042338444	1.1220816186231952	0.679555026796429	0.3731513651490495	0.22593253381966918	0.13009254911960744	0.1021546551526591	0.08918933587413388	0.06793655005345503	0.05126685383820832	0.036819783784994516	0.026783506735504902	0.01934029354172033	0.015868517017304608	0.01312038622006239	0.00854591144471562	0.005255046352093275	0.002911812568864798	0.0016712770365673692	0.0010079351199916609	0.000637497426319512	0.0005685787856363215	0.00047381565469693457	0.0003101338830743572	0.00023260041230576789	0.00018952626187877382	0.00018952626187877382	0.00018952626187877382	0.0001550669415371786	0.00011199279111018453	6.030381059779167e-05	4.307415042699405e-05	4.307415042699405e-05	6.891864068319048e-05	8.61483008539881e-05	8.61483008539881e-05	0.0003359783733305536	0.0008700978386252799	0.0006805715767465061	0.00011199279111018453	8.61483008539881e-06	0.0	0.0
209057_HY55YBGXT_TCDM_1_C04_A04_1_1_i_CAAGCA_S27_R1_001	0.00013489218833819019	9.810340970050195e-05	0.00022686413493241075	0.0006989867941160762	0.0015880489445268752	0.0035439856754306324	0.0072412579285183	0.00956508244579894	0.012324240843625557	0.018897169293559186	0.02715011863461391	0.035255912861117886	0.042607537125549245	0.04981813773853615	0.05334372902464793	0.054018189966338885	0.057316917117518254	0.06525716184015264	0.07764884877794728	0.10288595092340141	0.15045997316503856	0.1798726016858703	0.23233953148632	0.3746262643306855	0.6295173171219084	1.0162041693826493	1.4575959354776327	1.9474875747433018	2.5240597079424703	2.8305163654575196	3.181278975378558	4.017052579932665	4.950849885166893	5.735572927898102	6.170060666535412	6.09164538486918	5.9146790966956875	5.857092395201493	5.830702577992057	5.580569540571309	4.9980989398638975	4.282808585348219	3.486092400781124	3.103525891727804	2.8345202108659215	2.3315195034790226	1.9492227788023793	1.6944175664946444	1.4534510664177864	1.2002400345176847	1.0814919885383334	1.0102259928540251	0.8687976648445389	0.7574564262975755	0.6706594345650564	0.5737271343178542	0.4809090458149668	0.4394051720485482	0.4011693681177776	0.31033787366132537	0.20334384245671538	0.1298459942017206	0.0933453943300276	0.06509774379938932	0.05425118556437757	0.048089065142564794	0.04002005969469851	0.032870773712774436	0.02387591733585966	0.018093947626636325	0.014580619266737099	0.01309680519501701	0.012078982319374302	0.009798078043837631	0.006940816236310512	0.004328812953034648	0.002759158397826617	0.0017413355221839093	0.0010300858018552704	0.0007848272776040156	0.0006254092368406999	0.0003617563232706009	0.00024525852425125486	0.0001716809669758784	0.00014102365144447152	0.00012262926212562743	7.357755727537646e-05	6.131463106281372e-05	4.29202417439696e-05	3.065731553140686e-05	1.8394389318844114e-05	7.357755727537646e-05	0.00012262926212562743	0.00011036633591306469	0.0003372304708454754	0.0008645362979856734	0.000643803626159544	7.357755727537646e-05	1.8394389318844114e-05	6.131463106281372e-06	0.0
209058_HY55YBGXT_TCDM_1_D04_X4_67_3_i_GCTCGA_S28_R1_001	0.0	4.083729523159239e-05	8.167459046318478e-05	0.00020418647615796194	0.0002858610666211467	0.0008167459046318477	0.0017560036949584726	0.002123539352042804	0.002776936075748282	0.0040428922279276466	0.0053905229705701945	0.005880570513349304	0.007064852075065483	0.009800950855582172	0.011107744302993128	0.011271093483919498	0.012047002093319754	0.013925517673973003	0.018621806625606127	0.02879029313827263	0.04867805591605812	0.061827664980630866	0.0900870732808928	0.20778015813834202	0.5278628781635631	1.0600953469169068	1.5104490387309075	1.8209758316719362	2.170012194016356	2.357292029948439	2.626450642819864	3.302879601035961	4.035500677490727	4.48230152461958	4.684364461425499	4.611347377551412	4.457717472890161	4.423781680552708	4.416185943639632	4.222943862603737	3.802850606556346	3.3424509401153735	2.8972019102053217	2.711841427149124	2.5647863270201596	2.2153415917234236	1.9151874717712198	1.748734656407249	1.5930220496891874	1.422648853982984	1.3392999344153038	1.2502337935152008	1.128987863972603	1.1914689256769395	1.4130520896035597	1.9179235705517363	2.5392630175004145	2.782653297080705	2.931709424676017	2.650912182663588	1.7402813362943095	1.0620146997927915	0.6455559630210124	0.37288534275967006	0.3191842995301261	0.29059819286801136	0.24102171645685824	0.19708078678766483	0.1517105517853657	0.11038320901099422	0.07530397240705636	0.05913240349534577	0.049494801820689965	0.03234313782342117	0.018744318511300904	0.008780018474792362	0.004247078704085608	0.00257274959959032	0.0009800950855582172	0.00040837295231592387	0.0004492102475475162	0.0003266983618527391	0.00012251188569477716	0.00012251188569477716	0.00012251188569477716	8.167459046318478e-05	8.167459046318478e-05	4.083729523159239e-05	0.0	0.0	0.0	4.083729523159239e-05	4.083729523159239e-05	0.0	0.0002450237713895543	0.0006942340189370705	0.0006125594284738858	0.00016334918092636956	0.0	0.0	0.0
209059_HY55YBGXT_TCDM_1_E04_A04_1_2_i_GCGAAT_S29_R1_001	1.3413428491771967e-05	2.6826856983543933e-05	9.389399944240377e-05	0.00035545585503195715	0.0008450459949816341	0.0018309329891268735	0.003661865978253747	0.004788593971562592	0.006190297248952763	0.009308919373289745	0.013990205916918162	0.01840322389071114	0.021152976731524394	0.02333265886143734	0.024211238427648402	0.025056284422630037	0.026578708556446156	0.029616850109832508	0.03673267392471754	0.054653014389724884	0.08856886833117031	0.10931944220794156	0.15679627235456844	0.291701829410565	0.5523582785769238	0.9546605326163945	1.3850572126318816	1.8455402127544134	2.3850618402647115	2.665422615885483	3.027263262879524	3.906298885659308	4.889650741819603	5.701236939428512	6.137113004982887	6.031207280326102	5.8348548073492985	5.762556427778647	5.688386874933394	5.449594314208624	4.935860002973757	4.268951045077101	3.5142780245587804	3.149701038152418	2.9108212901424513	2.4298693981414754	2.011216174770535	1.7320156607143014	1.508158952615119	1.2717808090188676	1.1566399388454967	1.069801402789765	0.9234541912302872	0.849573027097607	0.8042356387954178	0.7576306815007561	0.7100063036407197	0.6780219834020894	0.6288818881224828	0.48891276181084237	0.30636941346631763	0.18434745447666803	0.12735379681512896	0.08513503063727669	0.06960228044380475	0.058549615366584644	0.04344609488484941	0.03535779750431091	0.026639068984659127	0.019650672740445935	0.016471690187895977	0.015599817335930799	0.013601216490656775	0.009671081942567588	0.0065591665324764925	0.004184989689432854	0.0027296326980755957	0.002105908273208199	0.0015090107053243465	0.0012742757067183371	0.0011602615645382752	0.0008718728519651779	0.0006103109963756246	0.00035545585503195715	0.0001676678561471496	0.00016096114190126363	0.00017437457039303557	0.0001676678561471496	0.00014084099916360565	7.377385670474583e-05	2.6826856983543933e-05	6.706714245885984e-05	0.00014754771340949165	0.00018778799888480755	0.00042922971173670293	0.0009188198516863798	0.0006907915673262563	0.00014754771340949165	4.024028547531591e-05	0.0	0.0
209060_HY55YBGXT_TCDM_1_F04_C17_1_1_i_TGGATT_S30_R1_001	1.0185782043719108e-05	1.0185782043719108e-05	5.602180124045509e-05	0.00011204360248091018	0.00036668815357388787	0.0007333763071477757	0.00136998768488022	0.001884369678088035	0.0026788606774981252	0.004313678695515042	0.005912846476378943	0.0075018284751991226	0.009314897678981126	0.01118908157502544	0.012080337503850862	0.01291047874041397	0.015431459796234448	0.020957246554952062	0.03048095276582943	0.05029739173188495	0.08737873126204436	0.11033239109756539	0.1554452197691973	0.2751179730008531	0.535013294737368	0.929004437079445	1.3336142572020993	1.713752735964718	2.1959934939335772	2.494049848096886	2.926848820025533	3.9700766169432438	4.993966706650954	5.731025174007534	6.214518783167771	6.255200796650386	6.135986403610697	6.121817980787884	6.297700972227803	5.976258062492116	5.076135410397637	4.320105923984629	3.61750595728195	3.28230714889622	3.003440808103279	2.482646865098942	2.1466331941497145	1.9755426131613647	1.6946594875237666	1.295147651313994	1.099514428491303	0.980208363413221	0.7800933964912935	0.6532040166816627	0.5592503631103976	0.4768422934856882	0.41238666471303365	0.38246592995960876	0.34677494967841704	0.259783278134034	0.16027328045792016	0.09421339101337989	0.06314166288901475	0.04178717083435764	0.03365382387244793	0.02863223332489441	0.02132902759954781	0.017081556487316945	0.01256416215092752	0.0089023735062105	0.006824473969291802	0.005856824675138488	0.005352628463974391	0.004359514714711779	0.0032034284527496593	0.0018792767870661755	0.0009065346018910005	0.00048382464707665766	0.00026992322415855634	0.00016297251269950573	0.00019352985883066304	0.00018334407678694393	0.0001222293845246293	9.676492941533152e-05	7.130047430603376e-05	3.0557346131157325e-05	1.0185782043719108e-05	1.0185782043719108e-05	4.5836019196735984e-05	6.62075832841742e-05	5.602180124045509e-05	7.639336532789332e-05	0.0001884369678088035	0.00028520189722413506	0.0006417042687543039	0.0009778350761970344	0.0005704037944482701	0.00011204360248091018	2.0371564087438216e-05	0.0	0.0
209061_HY55YBGXT_TCDM_1_G04_X4_67_2_i_ACCTAC_S31_R1_001	3.4702053661752024e-05	2.891837805146002e-05	9.253880976467208e-05	0.0002776164292940162	0.0007692288561688365	0.0020474211660433694	0.004227866871123455	0.005506059180997989	0.0072816475933576335	0.011093089820540065	0.015737381335604546	0.020734477062896838	0.025829895275564094	0.030242839766216893	0.03194902407125303	0.033794016590936185	0.03642558899361904	0.04170608482581564	0.05152676601209147	0.07207038177984866	0.10543062270001295	0.12357401308949896	0.16105223104419117	0.26312253821462445	0.491664479955313	0.8662037451266027	1.2367927598560629	1.5820492754124442	2.0701625785430378	2.373018968200368	2.722225734198579	3.5790252227828465	4.547206736270118	5.300345406891123	5.78835460386073	5.951425337692914	5.919036754275279	5.79822155445189	5.802270127379093	5.567146362793893	4.90674314690831	4.239231793697679	3.5800373660146474	3.2879386129924604	3.048488659050761	2.5907223018473693	2.2881724469973848	2.1386065957152334	1.9345180344548594	1.6363695567443066	1.4769772406002692	1.3467982699638166	1.1477415064843968	1.0453183951017357	0.9772618841954297	0.8449892229880516	0.6596397707050238	0.5720517872627615	0.5010224670927654	0.3599239169040817	0.22296069477675678	0.13495628669055365	0.09539016184054602	0.06475403213282928	0.052573611297554314	0.045222559596873185	0.036333050183854375	0.030584076627224118	0.021769754997139106	0.014621131942818187	0.010832824418076925	0.009589334161864143	0.009143991139871658	0.007929419261710337	0.0064777166835270445	0.005159038644380469	0.0034586380149546183	0.0015615924147788411	0.0005436655073674484	0.0003585878878381043	0.0003238858341763523	0.00024291437563226417	0.0001388082146470081	6.940410732350405e-05	5.2053080492628037e-05	5.2053080492628037e-05	5.783675610292004e-05	4.626940488233604e-05	1.7351026830876012e-05	5.783675610292005e-06	3.4702053661752024e-05	5.2053080492628037e-05	0.00010988983659554808	0.00017351026830876015	0.0005263144805365724	0.0009253880976467206	0.0005783675610292004	0.00010410616098525607	1.156735122058401e-05	0.0	0.0
209062_HY55YBGXT_TCDM_1_H04_X4_67_1_i_CGAAGG_S32_R1_001	0.00018435373197135723	0.00016240685911762424	0.00021946872853733005	0.0004433268316454067	0.00089104303786156	0.0017294135808741606	0.003261305306064724	0.004257693333624203	0.00577202756053178	0.009292305966270554	0.012895982488853514	0.0168508089770962	0.021828359740322843	0.029101553404049962	0.03375429044904136	0.03888985869681488	0.04989402074567661	0.06411120498032484	0.08565425537354916	0.1253693164896644	0.17939373870641356	0.20689755976671179	0.2538638676737004	0.38164295080270466	0.6341812273560397	1.0100653187219248	1.381235221798828	1.7444515781535386	2.224535032454377	2.508413443442843	2.8254272430658744	3.580706925454242	4.458072672153356	5.158379827417693	5.635566294501839	5.823286676768959	5.795027883282492	5.651280255465112	5.566367804394019	5.253743379341733	4.59767234100138	4.041573697884352	3.575474790965912	3.38086309062272	3.1619474232813043	2.7326665902622866	2.4622547804568717	2.3478896260160687	2.1407725975208196	1.8008067582673541	1.6136394371961484	1.4551566789447716	1.1682539888770616	0.9619270478045467	0.8216996983929051	0.6552985084159014	0.47061118397716756	0.39000470935997694	0.3421473584151268	0.2550972819280802	0.17867388127681114	0.12295516047575378	0.09344100586205363	0.07219643293964008	0.061977968938942	0.05674144507604131	0.049222446436352374	0.04206776588603542	0.03179662939048838	0.02342170270950386	0.01908061125903547	0.01771551576753328	0.017474100166142217	0.016613782750275884	0.014792192303416043	0.01150455074992684	0.007277583038297864	0.003507110282026534	0.0012816973746580074	0.0006847424330364696	0.0005750080687678047	0.0004433268316454067	0.0003423712165182348	0.00019752185568359704	0.0001229024879809048	0.00010534498969791841	9.656624055642521e-05	7.461936770269221e-05	3.5114996565972807e-05	2.1946872853733003e-05	4.8283120278212606e-05	7.022999313194561e-05	0.00010973436426866503	0.00014923873540538443	0.0005223355739188455	0.0009963880275594783	0.0006232911890460172	0.00011412373883941163	3.9504371136719407e-05	8.778749141493202e-06	1.7557498282986403e-05
209063_HY55YBGXT_TCDM_1_A05_C64_1_2_i_AGATAG_S33_R1_001	6.096871359977271e-05	8.129161813303028e-05	0.00015242178399943178	0.0003454893770653787	0.0007214631109306438	0.0014327647695946586	0.0028553680869226883	0.003800383147719165	0.0050197574197146195	0.007712542270371248	0.0108727539252928	0.014256517530080186	0.017802864371133632	0.020678555362589578	0.02170486204151908	0.023056335192980712	0.024478938510308742	0.02594218763670329	0.029651117714022793	0.03533136953106829	0.04688494075822522	0.05507507128512801	0.07420908590319002	0.13129612473711053	0.2636287176054172	0.49515740750055404	0.7359330189583231	0.9337155258759857	1.118836863269429	1.2098021839602897	1.3569196898765412	1.6706342057041716	1.9676026481963982	2.209892316041895	2.4224495745552357	2.5501180608331597	2.5771475238623927	2.6871045988395825	2.992395270738178	3.3151128332740414	3.574422933666141	3.547291856114242	3.291192774638397	3.194150905492092	3.1002794094529755	2.9211126830877765	2.831072054553179	2.7891255795965355	2.755064391598796	2.8344151723489	2.910626064348616	2.85394548360536	2.617945754712907	2.72897994363036	3.383062464580988	4.025906419324725	4.148636439801067	3.99225168941765	3.776330990204055	3.2041091287133887	2.3123908850553794	1.6210259957384903	1.0901307606162025	0.5054916044557155	0.2957998754815639	0.22273903368450299	0.12360390537127254	0.0845127985015516	0.060399672272841494	0.04043241856891593	0.026216546847902263	0.020871622955655523	0.01695946383300344	0.010161452266628785	0.006239131691710074	0.004064580906651514	0.002733430659723143	0.002540363066657196	0.0022964882122581054	0.0020526133578590146	0.0019916446442592418	0.0018188999557265527	0.0012905044378618558	0.0008027547290636739	0.000660494397330871	0.0004572653519982953	0.0003251664725321211	0.0003251664725321211	0.0002032290453325757	4.064580906651514e-05	5.0807261333143924e-05	6.096871359977271e-05	7.11301658664015e-05	0.00012193742719954541	0.000284520663465606	0.0005080726133314393	0.0003962966383985226	0.00011177597493291662	1.0161452266628785e-05	1.0161452266628785e-05	0.0
209064_HY55YBGXT_TCDM_1_B05_C64_1_1_o_TTGGTA_S34_R1_001	6.347412550269127e-05	5.077930040215302e-05	5.712671295242214e-05	8.251636315349865e-05	0.00024120167691022684	0.0005649197169739523	0.0009457644699901	0.0011552290841489812	0.0015106841869640523	0.0024247115942028067	0.0035101191402988276	0.00465900081189754	0.006061778985507017	0.007375693383412726	0.007908876037635333	0.008695955193868704	0.010346282456938678	0.013228007754760861	0.020165729672205018	0.03476477853782401	0.06361376857879719	0.08278295448060995	0.11990262307458383	0.22688826160936992	0.44735928913041784	0.7860254857500271	1.1238411290879002	1.3816539846421814	1.633246375897199	1.7767804158964347	2.0068550786060393	2.5946381755860615	3.2154278178274827	3.6623364406668317	4.02009565423765	4.1902317002350635	4.186435947530002	4.229458709795727	4.399601103205691	4.533931395007036	4.510731602135802	4.2677843867742515	3.955282224686852	3.855316824432663	3.7767295096477813	3.5460264530957	3.28611895139983	3.0195910984140295	2.6886560502806476	2.366461389228987	2.216465683253577	2.0494462168183456	1.809101440602405	1.8232180861142038	1.8736038469382397	1.827566063711138	1.7114909304043664	1.6043973858562255	1.4885698016389146	1.1897145765345933	0.8061912154222322	0.5379368662227583	0.36022200964032325	0.18764220981105595	0.12501863759010073	0.10025738123150085	0.06318849193792916	0.04444458267698443	0.031737062751345635	0.02088298729038543	0.013481904256771624	0.010663653084452133	0.008765776731921665	0.0054968592685330645	0.003091189911981065	0.0017772755140753557	0.0012948721602549019	0.0008886377570376778	0.0006855205554290657	0.0006855205554290657	0.0005649197169739523	0.00039988699066695495	0.0004125818157674933	0.0003808447530161476	0.00023485426435995772	0.00012694825100538254	7.616895060322952e-05	8.886377570376779e-05	7.616895060322952e-05	4.443188785188389e-05	3.1737062751345635e-05	3.808447530161476e-05	8.886377570376779e-05	0.00012694825100538254	0.00045066629106910806	0.0007489946809317571	0.0004570137036193771	0.00010155860080430604	6.347412550269127e-06	0.0	0.0
209065_HY55YBGXT_TCDM_1_C05_X5_31_3_i_GTTACC_S35_R1_001	1.789835702031732e-05	3.579671404063464e-05	4.4745892550793304e-05	8.949178510158661e-05	0.00019688192722349052	0.00038481467593682233	0.0007696293518736447	0.0010202063501580873	0.0012707833484425298	0.002049361878826333	0.002997974800903151	0.0040629270436120316	0.005253167785463133	0.006300221671151697	0.006801375667720581	0.007606801733634862	0.009387688257156433	0.011732373026818003	0.01629645406699892	0.02736658788406518	0.04840610656144819	0.06157034814989158	0.08916961467522089	0.16106731482583556	0.29866988359803515	0.5147925446183668	0.7379492599476831	0.9417578513380364	1.157880512358368	1.2705327714442451	1.4280920082940987	1.812736649839228	2.2415812840460307	2.5659711066822624	2.7607589261343755	2.876122786308831	2.9193294201558766	3.016061090672182	3.2853866179354068	3.5621847092546144	3.7651968237575635	3.680636036015074	3.399425999690359	3.3015846310387937	3.220657209771429	3.0665792033620276	2.976022466017732	2.906639485028472	2.8488456902098673	2.9063441621376365	2.969659600097009	2.9061651785674334	2.6887896325556793	3.009358155968073	3.629348293973355	3.708306895968484	3.367137363625706	3.092549719398508	2.8782884875082893	2.3829425077924973	1.7980868446180982	1.3878028066413644	0.946984171587969	0.4466713977990391	0.2806641364355959	0.21893270307252144	0.1260581284940949	0.07806368414411399	0.04859403931016153	0.029702323475216594	0.019383920653003657	0.015338891966411942	0.012403561415079903	0.007705242697246606	0.005217371071422499	0.0035707222255533053	0.0024610240902936315	0.0023178372341310927	0.0020135651647856987	0.0016645472028895107	0.001503461989706655	0.001342376776523799	0.0011991899203612603	0.000841222779954914	0.0005458998891196782	0.0003490179618961878	0.00023267864126412516	0.00023267864126412516	0.00018793274871333187	8.054260659142794e-05	3.579671404063464e-05	5.369507106095196e-05	9.844096361174526e-05	0.00014318685616253855	0.00031322124785555306	0.0004832556395485676	0.00035796714040634643	0.0001342376776523799	1.789835702031732e-05	8.94917851015866e-06	1.789835702031732e-05
209066_HY55YBGXT_TCDM_1_D05_X4_67_3_o_CGCAAC_S36_R1_001	0.0	0.00013606367780121098	0.0006803183890060549	0.0027212735560242195	0.005306483434247228	0.00979658480168719	0.021906252125994966	0.030478263827471257	0.036192938295122115	0.056874617320906186	0.08354309816994354	0.11633444452003537	0.13919314239063882	0.14626845363630178	0.15157493707054903	0.16055513980542893	0.1749778896523573	0.1751139533301585	0.1800122457310021	0.18028437308660453	0.17443363494115247	0.1785155452751888	0.18450234709844207	0.198652969589768	0.23498197156269135	0.31308252262058645	0.4035648683583917	0.4726852166814069	0.5452071569494523	0.5891557248792435	0.6520171440234029	0.7818218926457583	0.9253690727260357	1.0432002177018844	1.1602149806109259	1.277637934553371	1.3192734199605416	1.3953330158514183	1.5927614123409755	1.867337914143819	2.111436152119192	2.2391999455745286	2.317164432954623	2.3582556636505885	2.3764881964759508	2.396081366079325	2.429553030818423	2.4891489216953535	2.6105177222940337	2.701952513776447	2.6995033675760256	2.6295666371862034	2.4347234505748694	2.6056194298931903	3.205115994285326	4.472277025648004	5.937546771889244	6.43934961562011	6.805088781549765	6.604666984148581	5.088645486087489	3.563507721613715	2.124498265188108	1.0670113613170964	0.873256684128172	0.806857609361181	0.6144635689502688	0.3857405265664331	0.22872304238383562	0.13851282400163276	0.08163820668072658	0.060684400299340094	0.05102387917545412	0.032519218994489424	0.015375195591536838	0.006122865501054494	0.003945846656235118	0.0027212735560242195	0.0021770188448193757	0.0016327641336145314	0.0010885094224096878	0.0009524457446084768	0.0013606367780121097	0.0006803183890060549	0.0	0.0	0.0	0.0	0.0	0.0	0.0	0.00013606367780121098	0.00013606367780121098	0.0	0.00027212735560242196	0.0005442547112048439	0.00040819103340363286	0.00013606367780121098	0.00013606367780121098	0.00013606367780121098	0.0
209067_HY55YBGXT_TCDM_1_E05_X5_31_2_i_TGGCGA_S37_R1_001	3.723928081266538e-05	3.723928081266538e-05	3.723928081266538e-05	4.965237441688717e-05	0.00013033748284432882	0.00019860949766754867	0.0003413600741160993	0.0004841106505646499	0.0006392743206174223	0.0010364933159525197	0.0012971682816411774	0.0018743771342374907	0.002693641312116129	0.003469459662379991	0.0039846030469551956	0.004940411254480273	0.007696118034617511	0.012475159072242902	0.021015367471947495	0.03615313512229597	0.06204684838070263	0.07836385992345217	0.10750980370616493	0.18274556404135323	0.3145477919309802	0.516186084437959	0.7380142736922045	0.9597307451040121	1.2021584631944637	1.328772017957526	1.5001658078978184	1.922906123683196	2.376530216355877	2.7294282609771003	2.9645694931218736	3.099568092614588	3.150045937756156	3.2348521932601995	3.460851181965463	3.6295761567808476	3.6829400461853976	3.5460546564648414	3.2681565234003265	3.152975427846752	3.064811430522767	2.9095670753615672	2.8352250577658826	2.777702782003919	2.759008663035961	2.9424990126935677	3.094422865315638	3.071415196320213	2.8924618323749494	3.40259653368085	4.245520067969135	4.026546890243861	3.0975819976379126	2.564433420789784	2.265836454140229	1.7770336541931835	1.4219384920040128	1.1936244613415612	0.8558765974642903	0.43093916411096583	0.2803248928641407	0.24010646958646212	0.17688658386016054	0.1263839125313842	0.07674395120810124	0.04536365057662854	0.029512130044037313	0.02290215769978921	0.019426491490607104	0.012872378067577999	0.008502969118891928	0.005716229604744136	0.003543938224005322	0.0024639990804380257	0.0020605735383008176	0.0020605735383008176	0.0017254200109868294	0.001253722454026401	0.0009620147543271889	0.0007944379906701947	0.0006578939610237549	0.000477904103762539	0.00042204518254354095	0.0002668815124907686	0.0001365440296464397	9.309820203166345e-05	4.965237441688717e-05	4.344582761477627e-05	6.827201482321985e-05	0.0001241309360422179	0.0003661862613245429	0.0006392743206174223	0.0004903171973667608	0.00019240295086543778	3.723928081266538e-05	0.0	0.0
209068_HY55YBGXT_TCDM_1_F05_C17_1_1_o_ACCGTG_S38_R1_001	0.0027906846944897932	0.0027906846944897932	0.00418602704173469	0.01255808112520407	0.018139450514183655	0.026511504597653033	0.05441835154255096	0.07255780205673462	0.08232519848744889	0.10883670308510192	0.16465039697489778	0.21209203678122426	0.23302217198989772	0.26371970362928543	0.28185915414346907	0.2776731271017344	0.3111613434356119	0.34325421742224455	0.33767284803326497	0.3251147669080609	0.3223240822135711	0.3320914786442854	0.3418588750749997	0.4144166771317343	0.5441835154255097	0.6544155608578565	0.7520895251649993	0.9320886879595909	1.1385993553518354	1.2195292114920395	1.4037144013283658	1.68696889781908	1.995339556560202	2.1781294040492836	2.309291584690304	2.532546360249487	2.598127450569997	2.7027781266133646	2.89812605522765	3.1116134343561193	3.3390542369570375	3.375333137985405	3.1534737047734662	2.999986046576528	2.96370714554816	2.8799866047134666	2.8939400281859156	2.868823865935507	2.845103046032344	2.831149622559895	2.7544057934614257	2.7864986674480585	2.7558011358086705	2.6762666220157114	2.6525458021125483	2.6190575857786706	2.485104720443161	2.377663359705304	2.2813847377454057	2.1237110525067324	1.9730140790042836	1.673015474346631	1.2558081125204068	0.904181841014693	0.7590662369012238	0.7102292547476523	0.6153459751349993	0.5274394072585709	0.4702303710215301	0.37395174906163225	0.309766001088367	0.32651010925530577	0.26371970362928543	0.18976655922530594	0.17023176636387738	0.13395286533551007	0.09767396430714276	0.0837205408346938	0.06837177501499993	0.05860437858428566	0.04883698215357138	0.03209287398663262	0.02930218929214283	0.02093013520867345	0.0069767117362244824	0.0055813693889795865	0.0055813693889795865	0.00418602704173469	0.00418602704173469	0.00418602704173469	0.0027906846944897932	0.0027906846944897932	0.0013953423472448966	0.0	0.0	0.0	0.0	0.0	0.0	0.0	0.0
209069_HY55YBGXT_TCDM_1_G05_A20_1_1_o_CAACAG_S39_R1_001	0.00011174926147706822	0.0001676238922156023	0.0007263701996009434	0.0022908598602798982	0.005755086966069013	0.012124794870261902	0.023858467325354064	0.031625040998010306	0.04252059399202446	0.06816704950101161	0.09945684271459071	0.129405644790445	0.15667246459084963	0.18114555285432757	0.19176173269464908	0.1918734819561261	0.19382909403197482	0.19595233000003912	0.19617582852299326	0.18975024598806184	0.17818419742518526	0.17298785676650158	0.17784894964075407	0.1954494583233923	0.23903167029944888	0.32614021962082357	0.4320226448703457	0.5344967176448173	0.6493749584432434	0.7113957985630163	0.8023596974053498	0.9767444199403147	1.1745406127547253	1.3751864117368013	1.5357701004793485	1.7244028538526395	1.8387223483436803	1.9657253840123685	2.287563257066325	2.673824579361811	3.0860117303199774	3.2768235942920714	3.240560958942763	3.234247125669308	3.2516800104597308	3.242013699341965	3.2297771552102255	3.231956265809029	3.165800703014604	3.0715960755894356	3.0308634697810444	2.931965373373839	2.7127691969865695	2.795407775848861	3.1219391178848546	3.721865028124496	4.346319901258353	4.494443547346207	4.671845499941052	4.388449372835207	3.362926400260152	2.4656915798607715	1.509564898662976	0.7187153751897642	0.5514826053893317	0.4486732848304289	0.27825566107789984	0.17455234642718057	0.1159957334131968	0.07654824411179173	0.04911380041917148	0.038665244471065605	0.03073104690619376	0.019053249081840133	0.011454299301399492	0.005140466027945138	0.0021791105988028304	0.0016762389221560232	0.0013409911377248185	0.001005743353293614	0.001061617984032148	0.0008939940918165457	0.0006146209381238752	0.00039112241516973874	0.0003352477844312046	0.00027937315369267054	0.00011174926147706822	0.0001676238922156023	0.0001676238922156023	5.587463073853411e-05	0.0	0.0	0.0	0.0	0.00022349852295413644	0.0005587463073853411	0.0005587463073853411	0.00027937315369267054	5.587463073853411e-05	0.0	0.0
209070_HY55YBGXT_TCDM_1_H05_C17_1_3_o_GATTGT_S40_R1_001	0.00014300356099295952	0.000127681750886571	0.00016343264113481088	0.0004136888728724901	0.000893772256205997	0.0015270737406033893	0.0027374967390080824	0.0035955181049658396	0.005127699115604691	0.00814609570656323	0.012150195414366098	0.018513853878552797	0.02589896634983206	0.034351498258523065	0.03926469203263831	0.04661405361366935	0.06011256831739763	0.07504622590109097	0.09605753482698509	0.12187478485624975	0.15777889320555352	0.18009255599049068	0.21220706997348102	0.293233909086099	0.42742232199784963	0.6139704673131653	0.8041754179738724	0.9640023264636465	1.1259793956383506	1.217062449450795	1.3326144340031416	1.633156846509988	1.960410281302305	2.1998135642146255	2.392132924670014	2.523532768142402	2.5597535272339043	2.610208247914242	2.7729105494339814	2.9918949667445216	3.250976561103481	3.368908533492353	3.268111452072459	3.2017271561515126	3.139469534419221	3.029678550466876	3.029688765006947	3.1390711673564544	3.4131528138095684	3.895013527115416	4.1646314195575345	4.155234042692283	3.778322621345161	3.6974490003336067	4.081433990679845	3.8560195203946575	2.9786160646523183	2.4239716460710894	2.135022736544744	1.7442297552412338	1.339779933862896	0.9536754264519406	0.7383580290268629	0.4526215923528233	0.29870379529407964	0.24145129819654124	0.1748371751239994	0.15049592613498353	0.1128247023534096	0.07108298435357181	0.042140085062603895	0.032247303003912375	0.02841174320727978	0.0217978285113554	0.016925492897523854	0.012543455207096734	0.008406566478371836	0.005587353418796347	0.003988777897696478	0.0033605836833345486	0.0029979675108166874	0.002374880566490221	0.0017824372423765314	0.0015628246308516292	0.00131256839911395	0.0008426995558513687	0.000735446885106649	0.0006486232945037807	0.0004392252230498043	0.0002655780418440677	0.00016853991117027372	9.703813067379396e-05	0.0001021454007092568	0.00013278902092203385	0.0002911143920213819	0.0005771215140073009	0.0004290106829788786	0.00011746721081564533	4.085816028370272e-05	0.0	0.0
209071_HY55YBGXT_TCDM_1_A06_A20_1_1_i_CTCTCG_S41_R1_001	1.253568832116985e-05	1.253568832116985e-05	1.8803532481754778e-05	6.267844160584924e-05	0.0002256423897810573	0.0003760706496350955	0.0006957307018249267	0.0009903193773724182	0.0011407476372264564	0.001673514390876175	0.0024757984434310453	0.0033658323142341045	0.004105437925183125	0.005208578497446073	0.006042201770803868	0.006643914810220021	0.00836130411022029	0.012197224736498265	0.0192924243262804	0.03338253799927531	0.06087330248760079	0.07864890852701964	0.11145480486352115	0.19752484087667332	0.34700038841830266	0.584131736545712	0.8552724070884554	1.0871701053417764	1.3066073294038547	1.4243675854929243	1.610848484958647	2.05279417672149	2.54067689833726	2.9013913297789227	3.101949807229319	3.207782355880796	3.241352929204888	3.353008305081548	3.647133160161156	3.904854376356087	4.049403398387497	3.9181171345998846	3.612735231407866	3.5079368770428867	3.4269312591114867	3.2471506850534295	3.10721479632421	2.940966497808856	2.710754849634732	2.5696155348266805	2.5336005022799597	2.4850372457237477	2.400057814594537	2.5596496626113505	2.8550782292763603	2.950568835062872	2.7772190691135745	2.6077992414529643	2.528736655211346	2.3039654957686095	1.8063488121714513	1.319042732218455	0.8588074711950253	0.38354818771867333	0.2331261957087957	0.19452254352375317	0.1321762976584149	0.08704781970220343	0.05310117572847548	0.03284977124562559	0.021316937990149328	0.017474749519710772	0.014453648634308838	0.008944213617154688	0.005252453406570167	0.0033219574051100106	0.0024005843135040264	0.0018866210923360624	0.0015481575076644765	0.001529353975182722	0.0014541398452557026	0.0011470154813870413	0.0008963017149636442	0.0007019985459855117	0.000501427532846794	0.0003572671171533407	0.00023817807810222718	0.00018176748065696282	9.401766240877387e-05	5.6410597445264326e-05	4.387490912409448e-05	3.7607064963509555e-05	4.387490912409448e-05	5.01427532846794e-05	0.0003698028054745106	0.0007208020784672664	0.0004951596886862091	0.00018176748065696282	6.267844160584924e-05	0.0	0.0
209072_HY55YBGXT_TCDM_1_B06_A20_1_2_o_TGACAC_S42_R1_001	0.0003908232104693721	0.0003256860087244768	0.0005210976139591629	0.0009770580261734304	0.002866036876775396	0.004820152929122257	0.008272424621601712	0.011464147507101584	0.015893477225754467	0.022798020610713378	0.029442015188692702	0.03908232104693722	0.045986864431896125	0.049048312913906204	0.050676742957528595	0.05269599621162035	0.05543175868490595	0.058102383956446665	0.05816752115819156	0.06135924404369143	0.07477750760313988	0.08311506942648648	0.09907368385398585	0.15645955859123867	0.29129356620317204	0.5090472316363572	0.7472539784174396	0.9557581612028496	1.1809374676349529	1.3114724199317231	1.4975694053168893	1.8584946401853546	2.1919971131192186	2.479838407629911	2.685476553538546	2.8206362471592037	2.8793248659313546	3.0155267547799305	3.295812133888215	3.552648120368338	3.735553382868004	3.699923333513546	3.4957833432450443	3.3974261686102523	3.2952910362742562	3.097013394162795	2.932541959756934	2.794320817654266	2.6316732248972623	2.43391668039976	2.3289155111869886	2.1929090339436472	1.975741603326166	1.9855121835879004	2.223002421149789	2.8139922525812247	3.447060716339862	3.6356980525930798	3.8290252673719287	3.6305522136552324	2.6889288252310255	1.8486589227218753	1.1258313949587715	0.5831733672220482	0.47289608466794025	0.41029923379109584	0.3013898324736308	0.2148876285564098	0.15515681455634073	0.115162572684975	0.0786206025060887	0.06253171367509955	0.051653800983702015	0.029572289592182496	0.014460458787366768	0.007555915402407862	0.0029311740785202913	0.0009770580261734304	0.0003908232104693721	0.00013027440348979073	0.00026054880697958145	0.0003256860087244768	0.0003256860087244768	0.0003908232104693721	0.00019541160523468606	6.513720174489536e-05	0.00013027440348979073	6.513720174489536e-05	6.513720174489536e-05	6.513720174489536e-05	0.0	0.0	0.0	0.0	0.0004559604122142675	0.0009770580261734304	0.0006513720174489536	0.00013027440348979073	0.0	0.0	0.0
209073_HY55YBGXT_TCDM_1_C06_X5_31_1_o_AAGACA_S43_R1_001	0.005161956381468576	0.004927322000492732	0.013608794096598974	0.04950785438590316	0.11215523410645363	0.2419080467860956	0.44392824880629755	0.5518600640551861	0.744964159598306	1.1832611832611835	1.6609767829280024	2.147373854690928	2.6150001759757857	2.971644435059069	3.1145367730733584	3.1638099930782855	3.193373925081242	3.128614835931909	2.974929316392731	2.7393563978929834	2.4967444479639602	2.381069698142869	2.2412276070812656	1.990168819437112	1.8287403653257313	1.7597578573188328	1.6992221870270652	1.6518260420699444	1.6260162601626018	1.605837703398679	1.6576919015943405	1.7726627482725041	1.901711657809219	1.9716327033400205	2.0077663980103004	2.044603995823508	2.049296683443025	2.0873074531611118	2.1867924306948696	2.2956627834676615	2.3329696500428208	2.1830382805992565	1.9197785051443588	1.7963608207510646	1.7071997559802439	1.5922289093020803	1.546709839392766	1.5241849388190851	1.4211804455706896	1.2616290665071153	1.2022665681202267	1.1480660261148068	1.0626591114395991	1.0455308016283626	1.076502539917174	1.1025469562054928	1.0528044674386137	0.9939112378136769	0.9397106958082568	0.7890754232217647	0.5915132744401037	0.4244535951853025	0.2921198043149263	0.17644505449383496	0.12717183448890765	0.11238986848742946	0.08071422705569048	0.05560834829127512	0.040122479146869394	0.027452222574173794	0.016424406668309105	0.010793181524888843	0.009620009620009619	0.007273665810251176	0.0053965907624444216	0.0028156125717101327	0.0009385375239033775	0.0007039031429275332	0.00046926876195168876	0.00046926876195168876	0.00023463438097584438	0.0	0.00023463438097584438	0.00046926876195168876	0.00023463438097584438	0.0	0.0	0.00023463438097584438	0.00023463438097584438	0.0	0.0	0.0	0.0	0.0	0.0	0.00023463438097584438	0.00023463438097584438	0.0	0.0	0.0	0.0
209074_HY55YBGXT_TCDM_1_D06_X4_67_1_o_ACAGAT_S44_R1_001	0.0004750379436557495	0.000950075887311499	0.004037822521073871	0.011875948591393737	0.028739795591172845	0.06721786902728856	0.12921032067436386	0.16436312850488932	0.21590474539153812	0.3439274712067626	0.47907576617682335	0.6206370733862366	0.7876129105812326	0.8828580182842105	0.8940214099601206	0.9422377612411791	0.9918792263532049	0.9619518359028927	0.908510067241621	0.8526931088620704	0.8030516437500446	0.7871378726375768	0.741534230046625	0.6705160574700904	0.622062187217204	0.5755084687389406	0.5636325201475467	0.5709956082742109	0.5693329754714158	0.5719456841615224	0.5826340378937768	0.6332255788931141	0.6902301321318041	0.7327460280889936	0.7973511884261755	0.8728822214674397	0.9092226241571046	0.984041100282885	1.1538671651398156	1.3538581394188862	1.5844890610637523	1.8020564392580856	2.0645149031278875	2.235053524900301	2.3236481013920987	2.5402654036991206	2.825763207836226	3.125512150283004	3.38417031060356	3.4616014954194467	3.4226483840396753	3.385120386490871	3.400559119659683	3.6860569237967886	4.000294523525066	4.48388315016662	4.839924088936604	4.7940829273738235	4.753704702163086	4.334721235858714	3.3746695517304444	2.4849234832632257	1.5536115947261289	0.6567399571040737	0.3828805825865341	0.2764720832076462	0.12849776375888022	0.0714932105201903	0.045128604647296205	0.030402428393967968	0.01900151774622998	0.011400910647737988	0.012113467563221611	0.009263239901287116	0.00546293635204112	0.003562784577418121	0.0023751897182787475	0.001900151774622998	0.0014251138309672486	0.001900151774622998	0.000950075887311499	0.00023751897182787475	0.0007125569154836243	0.0004750379436557495	0.0	0.0	0.0	0.0	0.00023751897182787475	0.00023751897182787475	0.0	0.0	0.0	0.0	0.00023751897182787475	0.0007125569154836243	0.0004750379436557495	0.00023751897182787475	0.00023751897182787475	0.0	0.0
209075_HY55YBGXT_TCDM_1_E06_A27_1_2_o_TAGGCT_S45_R1_001	0.0	0.0	0.0	7.02220561860716e-05	0.0001404441123721432	0.0002808882247442864	0.0005617764494885728	0.000702220561860716	0.0011235528989771456	0.0011937749551632173	0.001263997011349289	0.0018257734608378615	0.001895995517023933	0.002738660191256792	0.003651546921675723	0.004002657202606081	0.004634655708280725	0.005828430663443942	0.007724426180467876	0.010743974596468954	0.015448852360935753	0.01811729049600647	0.024367053496566846	0.04009679408224688	0.07036250029844374	0.1258379246854403	0.20399507322053798	0.27463846174372597	0.34668629139063545	0.3915581852935352	0.43495541601652743	0.5369880636548895	0.6367736054952973	0.7380338105156125	0.8626077381897034	1.0099336120680817	1.092795638367646	1.2022718239617318	1.4500152381861924	1.7717024775745864	2.1768135197120335	2.425680486835471	2.4968856518081477	2.5409148810368145	2.5793263457705957	2.6467395197092247	2.7666787916750346	2.906420683485317	3.0640691996230482	3.2404670047624595	3.3080206228134608	3.2427843326166004	3.010279104584517	3.0872424781644514	3.8975347844955315	5.347198912400794	6.300884657463832	6.370966269537531	6.395192878921726	5.869861676593724	4.621383739661558	3.465318028670261	2.299421229812914	1.317295551994517	1.0439210872621403	0.8471588858287677	0.5147276718439048	0.3150161440507172	0.2034332967710494	0.1292788054385578	0.08342380274905305	0.06418295935406944	0.05133232307201834	0.030265706216196855	0.017415069934145756	0.009831087866050024	0.005687986551071799	0.0029493263598150067	0.0011235528989771456	0.0008426646742328591	0.0011235528989771456	0.0011937749551632173	0.000702220561860716	0.00042133233711642956	0.0004915543933025012	0.0005617764494885728	0.0005617764494885728	0.0002808882247442864	0.0	0.0	0.0	0.0	0.0	0.0	0.0001404441123721432	0.0004915543933025012	0.00042133233711642956	7.02220561860716e-05	0.0	0.0	0.0
209076_HY55YBGXT_TCDM_1_F06_X5_31_3_o_CTCCAT_S46_R1_001	0.0	0.0003055020926893349	0.0009165062780680048	0.0021385146488253444	0.004888033483029359	0.013442092078330735	0.027800690434729478	0.03543824275196285	0.04979684110836159	0.0760700210796444	0.11334127638774326	0.1548895609934928	0.18880029328200898	0.22362753184859313	0.24073564903919592	0.25845477041517734	0.2694528457519934	0.25387223902483735	0.24959520972718663	0.2511227201906333	0.24134665322457458	0.23462560718540923	0.2434851678733999	0.24562368252222527	0.262731799712828	0.31313964500656827	0.3635474903003086	0.4295359423212049	0.5004124278251306	0.5291296245379281	0.5767879509974644	0.6803531604191488	0.7909449179726882	0.8932881190236154	1.0020468640210185	1.0906424709009257	1.118137659242966	1.1972627012495036	1.409281153575902	1.688510066293954	1.952769376470229	2.119268016985916	2.25093941893502	2.334035988146519	2.449210277090398	2.5753826413710934	2.713775089359362	2.96734182629151	3.2468762411022514	3.397794274890783	3.3953502581492683	3.395655760241958	3.3788531451440442	3.6754956771453884	4.3653194024379065	5.487428588885834	6.379800201631382	6.526135704029573	6.088656707298445	4.8464851984236095	3.4356765343842603	2.4232425992118047	1.4881006934897503	0.8043870100510189	0.649497449057526	0.5111050010692574	0.3055020926893349	0.19429933095041702	0.131365899856414	0.09409464454831516	0.06048941435248832	0.045214309718021574	0.03482723856658418	0.02169064858094278	0.015275104634466746	0.007332050224544038	0.0021385146488253444	0.0006110041853786698	0.0	0.0	0.0	0.0	0.0003055020926893349	0.0006110041853786698	0.0003055020926893349	0.0	0.0	0.0	0.0	0.0	0.0003055020926893349	0.0003055020926893349	0.0	0.0	0.0003055020926893349	0.0006110041853786698	0.0003055020926893349	0.0	0.0	0.0	0.0
209077_HY55YBGXT_TCDM_1_G06_X5_31_2_o_GCATGG_S47_R1_001	0.0	0.00046000699210628005	0.00046000699210628005	0.00046000699210628005	0.00207003146447826	0.00207003146447826	0.0011500174802657	0.00138002097631884	0.00207003146447826	0.0034500524407970997	0.0050600769131690804	0.00782011886580676	0.00989015033028502	0.012420188786869561	0.014720223747400962	0.01311019927502898	0.012420188786869561	0.01633024821977294	0.01978030066057004	0.020700314644782603	0.027370416030323662	0.03358051042375844	0.04094062229745892	0.058880894989603846	0.10488159420023184	0.17802270594513037	0.2548438736268791	0.33005501683625593	0.4257364711943622	0.4853073766721254	0.5478683275985795	0.694840561576536	0.8381327396176422	0.9687747253758258	1.1113768929287724	1.270079305205439	1.3579406406977386	1.45546212302427	1.7174361050287963	2.0592213001637627	2.4076765966842695	2.6344600437926657	2.7526818407639797	2.8152427916904337	2.8219128930759747	2.909774228568274	2.979925294864482	3.0528364031133273	3.2248790181610762	3.2948000809612306	3.2766298047730325	3.253169448175612	3.1324176127477137	3.096537067363424	3.4279721051759986	4.42503726056636	5.296520507111708	5.4409627026330805	5.514103814377978	5.113667727749462	4.0880821388485105	3.1326476162437666	2.084521684729608	1.2838795149686275	1.1279371446445985	1.0060352917364344	0.7399212468029515	0.5073877122932269	0.3468452720481351	0.2380536184149999	0.15433234585165695	0.10718162916076325	0.08763133199624634	0.05198079010800964	0.029670450990855062	0.01587024122766666	0.00552008390527536	0.0025300384565845402	0.0023000349605314	0.0023000349605314	0.00161002447237198	0.0009200139842125601	0.00069001048815942	0.00069001048815942	0.0009200139842125601	0.00046000699210628005	0.0	0.00023000349605314002	0.00046000699210628005	0.00046000699210628005	0.00023000349605314002	0.0	0.0	0.0	0.00023000349605314002	0.00023000349605314002	0.0	0.0	0.00023000349605314002	0.00023000349605314002	0.0
209078_HY55YBGXT_TCDM_1_H06_C64_1_3_i_AATAGC_S48_R1_001	2.1784695967881514e-05	8.169260987955569e-05	0.000245077829638667	0.000648094705044475	0.0016665292415429358	0.003267704395182228	0.006001683739151357	0.007853382896421287	0.01020068388696052	0.015853812490625774	0.022449129194901902	0.028859275983451036	0.034828282678650575	0.04072648911195449	0.043776346547457906	0.046608357023282504	0.05190203814347771	0.058753325025376446	0.06924810230790338	0.08852211206548653	0.12223937524977516	0.1427877897214794	0.18158633324027637	0.2783321680336382	0.4425179753695692	0.6901010450445426	0.9537230971258689	1.1878922402586192	1.4205255623256339	1.5412672397276173	1.7090529680722406	2.096390308555166	2.5082463243499418	2.8471726242182425	3.135759937878761	3.349184604276096	3.42064385322474	3.57717233992796	3.9894912805120537	4.4462074314786895	4.876558654150196	4.810088100578199	4.344211484957068	4.1742309484936815	4.024668118326191	3.7189253565909652	3.5935707698177835	3.5095580898176477	3.227653231645277	2.9170306980132463	2.7734749977588997	2.559336882568616	2.247875638141822	2.100611093398943	2.017872818112929	1.846498061107597	1.5709761188538156	1.4340320738257206	1.3402870809019343	1.1604326309911044	0.9191616769728248	0.7000021893619448	0.5138410699684133	0.30403266310174637	0.2163873850489671	0.17345519547026458	0.11281204806967443	0.07997161889809304	0.05349232094913306	0.033101845523195964	0.019480964369278046	0.014900732042030958	0.012188537394029707	0.00790239846234902	0.005271896424227327	0.0034692128328851317	0.0023037315986034704	0.001552159587711558	0.001051111580450283	0.0008822801866992014	0.0007788028808517641	0.0005881867911328009	0.0005064941812532453	0.00048470948528536376	0.0004302477453656599	0.0003049857435503412	0.0002069546116948744	0.00018516991572699288	0.00014160052379122984	9.258495786349644e-05	5.990791391167417e-05	2.7230869959851897e-05	5.990791391167417e-05	0.00011981582782334834	0.00027230869959851895	0.00043569391935763035	0.00027775487359048935	5.4461739919703794e-05	5.4461739919703786e-06	5.4461739919703786e-06	0.0
209079_HY55YBGXT_TCDM_1_A07_A20_1_2_i_GTGCCA_S49_R1_001	2.5408753798449886e-05	1.2704376899224943e-05	2.5408753798449886e-05	5.7169696046512244e-05	0.00012704376899224943	0.0003112572340310111	0.0006161622796124098	0.0008003757446511714	0.001117985167131795	0.0018738955926356792	0.0025916928874418887	0.003195150790155073	0.004211500942093069	0.005310429543876027	0.0057169696046512255	0.0064284147110078215	0.008410297507286913	0.011840479270077649	0.018853295318449818	0.03446062233914766	0.06573244607658986	0.08625001476883815	0.1275900571989161	0.23644115847147543	0.4384598077345009	0.7679160616736518	1.1256840195327253	1.4364838959953643	1.758781233551802	1.9330979889860676	2.1777144139921942	2.7316443033637503	3.322270785408718	3.7728505687050795	4.017486050276555	4.112883216412835	4.132911666594463	4.229598326986015	4.515484920349274	4.805284461797494	4.960995657262845	4.750014070097416	4.308371815949659	4.132822735956169	3.9776832374512834	3.653226155821978	3.392278254311897	3.147738055567166	2.791119843817472	2.3834300369328942	2.1794485614389387	1.9814063821453702	1.6774859257736616	1.4938187489415666	1.3370530901935804	1.225171995030556	1.1405481405048186	1.0888286221480739	1.0447698430615617	0.9255710268045838	0.6998904755667518	0.4832744972465169	0.33702171038263934	0.21504698777318065	0.17324958777473054	0.15374836923442026	0.12081227212317962	0.09434270285364443	0.06923250191232633	0.04908971233860518	0.0341239563513182	0.027225479695039054	0.02161014510558163	0.012348654346046645	0.006847659148682245	0.0034619427050387973	0.0014610033434108685	0.0007876713677519465	0.0005018228875193853	0.00041924443767442317	0.00042559662612403563	0.000336665987829461	0.00019691784193798663	0.0001397481458914744	0.0001333959574418619	7.622626139534966e-05	1.2704376899224943e-05	2.5408753798449886e-05	2.5408753798449886e-05	1.2704376899224943e-05	3.176094224806236e-05	4.446531914728731e-05	6.352188449612472e-05	8.893063829457462e-05	0.00029855285713178617	0.0006415710334108598	0.0004827663221705478	0.00011433939209302449	1.9056565348837415e-05	0.0	0.0
209080_HY55YBGXT_TCDM_1_B07_A20_1_3_i_TCGAGG_S50_R1_001	8.29709134202667e-05	7.111792578880004e-05	8.29709134202667e-05	0.00018964780210346674	0.0003496631351282668	0.0006222818506520003	0.0012090047384096005	0.0016001533302480006	0.0019201839962976008	0.0029039819697093345	0.004320413991669602	0.006584334629279736	0.009251256846359737	0.01274196170382667	0.015077000267225608	0.019053677617582674	0.028287154982495212	0.040554997181063215	0.06100732733915896	0.09299261446267176	0.14191582091155047	0.17229502821099954	0.21990255303278544	0.3397540374683607	0.5369107072363616	0.8396893497883618	1.1661976735785586	1.4435101722043528	1.7277922275574495	1.8834041756771596	2.1057484441620273	2.636703025113577	3.2303954695984793	3.681792797567625	3.932524971429855	4.0462010493094365	4.075460149277712	4.1540098983114415	4.402602607906192	4.639567536634473	4.730758496977162	4.476239293566678	3.988838515666953	3.7802259333531394	3.6350149818800412	3.372892086903972	3.30515226259014	3.265367709605122	3.0184284917849613	2.6985459880807543	2.536646030022551	2.313756524106636	2.0110075140237145	1.8627088592726189	1.746519948015167	1.5102780515324048	1.1638685615089754	1.005951207294945	0.9158447953205353	0.7617381766300214	0.5630939569142714	0.3805105354391588	0.27672577573803664	0.18659565778836407	0.15231089106434673	0.1388992355593422	0.11903955478281979	0.10123044086654111	0.07824749784912723	0.057789241197215756	0.04262334352275415	0.03629384812755095	0.031131872014047216	0.02148354008203334	0.01417617320723414	0.009014197093730403	0.005345697421791469	0.0029750998954981346	0.0014460644910389338	0.0009600919981488004	0.0008000766651240003	0.0006104288630205336	0.0005096784681530668	0.00044448703618000016	0.00030817767841813344	0.0001659418268405334	0.0001659418268405334	0.00010075039486746671	4.148545671013335e-05	4.148545671013335e-05	4.148545671013335e-05	6.51914319730667e-05	8.29709134202667e-05	8.29709134202667e-05	0.0002963246907866668	0.0006222818506520003	0.00047411950525866683	0.00014223585157760007	4.148545671013335e-05	5.926493815733336e-06	0.0
209081_HY55YBGXT_TCDM_1_C07_A20_1_3_o_CACTAA_S51_R1_001	3.7691252482204545e-05	0.0001067918820329129	0.00035178502316724245	0.0008480531808496022	0.0024499314113432956	0.005942654141360916	0.011464422630003883	0.014774970973024184	0.020171101953393132	0.03132771268812568	0.04421183916162593	0.057981710068457995	0.07009944774148676	0.07910765708473365	0.08264435294264717	0.08462942557337662	0.08842367832325186	0.0895921071502002	0.09139500539393232	0.10473142689721904	0.1352613414078047	0.15489848395103328	0.20198742205213416	0.3330838800606553	0.5917966370985073	0.9976686075777133	1.397352930774424	1.7196382669989276	2.0574335536198585	2.2414610938642223	2.534190206267264	3.2346318786457258	3.974423218615609	4.47076047692752	4.672528033340175	4.700959801462584	4.691882491489786	4.7298941196180895	4.874697629779305	4.965514702635178	4.8963575362057465	4.532461057240889	3.9893301089723208	3.75691328241622	3.60303874415762	3.277976819000261	2.9875971280019433	2.736699023978735	2.4069256922611	2.0022724056121524	1.795686650757189	1.6180352140577317	1.3341321366109395	1.146492518003698	1.0043022680145812	0.9185044136142563	0.8434297205451186	0.7933506097470961	0.7392322530580641	0.6001829407757978	0.4252829655075413	0.2944817556434641	0.2058507754315601	0.13130375989717324	0.1045555343856354	0.0886812352152136	0.06408141109516143	0.04693189121575836	0.031849108347462844	0.02053545072738778	0.012915535850568758	0.009950490655302001	0.007745552385093035	0.004296802782971319	0.002255193273518572	0.001143301325293538	0.0007286975479892879	0.0005151137839234622	0.0002826843936165341	0.0001633287607562197	0.0002135837640658258	0.0002198656394795265	0.00018845626241102272	0.00016961063616992045	0.0001067918820329129	6.281875413700758e-05	5.025500330960606e-05	3.7691252482204545e-05	3.7691252482204545e-05	3.140937706850379e-05	2.512750165480303e-05	4.3973127895905306e-05	0.00010051000661921212	0.00015076500992881818	0.00038947627564944694	0.0007349794234029886	0.0005088319085097613	9.422813120551136e-05	6.2818754137007576e-06	0.0	0.0
209082_HY55YBGXT_TCDM_1_D07_A27_1_3_o_GGTATA_S52_R1_001	0.00010268044448082629	0.00010838491361864996	0.00019965641982382885	0.00036508602482071567	0.0008271480249844339	0.0017341586178983993	0.003069004396149141	0.003879039013720104	0.004786049606634069	0.007740964620026737	0.011129419287894004	0.014529282894036918	0.01838550403120573	0.022994715094567263	0.025807018379514338	0.028379733960672816	0.035470389098987656	0.048316853597366594	0.06702751236942826	0.09635989267611765	0.14554953005157126	0.1757889209511746	0.22617649684557117	0.35358011056972527	0.5593802436549903	0.840216963779188	1.1477049637152978	1.4756320765722302	1.8512884827053333	2.0544531510489237	2.281781950660335	2.783718190097441	3.332391145180736	3.7976818748764627	4.117240531508207	4.344027406551526	4.442480839401225	4.554858881416352	4.814594770199739	4.987645545964758	5.008472562786952	4.751851314152816	4.27638951598435	4.052683054275457	3.861229661071818	3.5145006179366196	3.3281470201421954	3.1666477943812694	2.84353525347666	2.435853957603815	2.220863924737516	1.9945048848795344	1.690502315586635	1.511518891918279	1.3238532662221554	1.10597106750298	0.8827266677942501	0.79103873534201	0.70737128649755	0.5611771514334047	0.39694548495546095	0.25156708897802443	0.17426012322223786	0.11332498389200528	0.08602339459838113	0.0721672390626074	0.053525033920199604	0.04259527105212944	0.02960049035616709	0.01854522916706479	0.012201859485804855	0.010062683559120976	0.008579521583286818	0.006115190915746987	0.004905843458528367	0.00381058538406622	0.0024301038527128884	0.0015915468894528073	0.000952646346016555	0.0006389005434362525	0.0005419245680932498	0.0003879039013720104	0.0002624055803398894	0.0001882474815481815	0.00015972513585906311	0.00010268044448082629	6.845362965388418e-05	5.1340222240413145e-05	5.1340222240413145e-05	6.845362965388418e-05	5.1340222240413145e-05	3.422681482694209e-05	7.415809879170788e-05	0.00011408938275647365	0.00039360837050983407	0.000752989926192726	0.0004962888149906604	9.69759753430026e-05	1.7113407413471046e-05	0.0	0.0
209083_HY55YBGXT_TCDM_1_E07_A27_1_1_o_CGCCTG_S53_R1_001	3.907621229064105e-05	2.60508081937607e-05	4.5588914339081226e-05	8.466512662972228e-05	0.0002149191675985258	0.0004168129311001712	0.0007294226294252996	0.0009638799031691459	0.0012895150055911547	0.002005912230919574	0.00296979213408872	0.0037187528696593403	0.004552378731859682	0.005802817525160196	0.006395473411568253	0.007118383338945111	0.008740046149006716	0.012406697402278535	0.021270484890205613	0.037806235391195216	0.06579131609334266	0.08333653541184048	0.11832277081606112	0.2043555648759558	0.34762849723959127	0.5581906671677106	0.8073796729451286	1.0793566231900387	1.3759776379862465	1.5314749120948041	1.7048886295386207	2.0951101981750107	2.5127632678394307	2.8656214648239193	3.1461170293481895	3.357897074559367	3.4411945337589165	3.574431392265906	3.87520099826697	4.103301874811539	4.192871066083736	4.056729542463143	3.7519025230859	3.612218089550956	3.5015282055356667	3.26535809115308	3.089196013444822	2.942810009502032	2.8041285320825473	2.7781689017174647	2.795186592170039	2.724009271482636	2.4753608199752386	2.523229180031274	2.770998416762132	2.6824777705197334	2.3592458551535986	2.1469643318846914	2.019536803604911	1.7125019782332471	1.305405998589349	0.9909597182865602	0.7252610128163464	0.4465108524410584	0.34650179978521106	0.30381103785768576	0.24362715822805006	0.18578785133585288	0.10729025354600345	0.0541921937450707	0.03249838322171648	0.025751223899532452	0.020879722767299203	0.012660692782167702	0.007756628139692248	0.005040831385492695	0.0031391223873481647	0.002155704378033698	0.0014588452588505992	0.001002956115459787	0.0011071593482348298	0.0010159815195566674	0.0008010623519581416	0.0006642956089408979	0.00047542724953613275	0.00040378752700329085	0.00040378752700329085	0.00033214780447044895	0.00017584295530788472	8.466512662972228e-05	5.21016163875214e-05	4.5588914339081226e-05	0.0001042032327750428	0.00014327944506568386	0.00041030022905173103	0.0006512702048440175	0.00044937644134237213	0.0002670207839860472	0.0002474826778407267	0.00044937644134237213	0.0006642956089408979
209084_HY55YBGXT_TCDM_1_F07_X5_31_1_i_AATGAA_S54_R1_001	0.00015911656524617596	0.0002141953762929292	0.0004222708846917747	0.0010709768814646458	0.002637663062350071	0.006040309611460603	0.011835824507157859	0.015299669735209227	0.02031184154046377	0.031388802428755254	0.04380601438585106	0.057906190013819886	0.0703601211782802	0.08121064695449058	0.0873549943201506	0.08979070174199591	0.09450300002044036	0.1008309434229229	0.10862765511998553	0.12108158628444583	0.14572017442602678	0.1616501905543266	0.18904271924824523	0.26445173143914447	0.3978832111338512	0.5914668723595065	0.8063537937244671	1.0250656325232301	1.2627429419257585	1.3884266688665552	1.548693769276819	1.9138601666488988	2.308163255064711	2.649963996817179	2.90188223880924	3.0810780906159048	3.1607526507289805	3.2900776990667566	3.6301526380730933	3.985056016986795	4.274525768376954	4.2478921033019015	3.970221457211536	3.8645007393412403	3.7703282121870805	3.5959058573378013	3.546971393656708	3.4844385835149607	3.288890444695305	3.110857367788516	3.03452425554561	2.8722069993908286	2.6034897200295077	2.5747385806631025	2.653115728782632	2.4619249359035638	2.0832825894287117	1.896559300112324	1.7465429784246504	1.520481178285093	1.1691824015610068	0.788930529830011	0.5561980736859022	0.32307394599657213	0.2176837009925569	0.179813958463967	0.13415974397410269	0.11107560227761898	0.07870150111791627	0.04977288558258266	0.030427983169384117	0.022937264867025672	0.020269002465205185	0.01672559895453073	0.015091594226810383	0.012282574863425969	0.008292420996483403	0.005263086388911974	0.002790659759702163	0.001407569615639249	0.001266812654075324	0.001009778202523809	0.0008200622978072147	0.0006976649399255408	0.0005140689031030301	0.0003794318094331889	0.0003794318094331889	0.00023867484786926395	0.00012851722577575752	0.00010403775419942276	6.73185468349206e-05	6.73185468349206e-05	8.567815051717169e-05	0.00012239735788167384	0.00029987352681010084	0.0005385483746793648	0.0003610722057509378	7.34384147290043e-05	1.2239735788167383e-05	6.119867894083691e-06	1.2239735788167383e-05
209085_HY55YBGXT_TCDM_1_G07_X11_57_1_i_ACAACG_S55_R1_001	4.931454933929908e-05	8.630046134377339e-05	0.00024040842802908302	0.0006780750534153624	0.0018061453695518287	0.003938999628476514	0.007150609654198367	0.009036891166426557	0.012562881444186439	0.019805955878395995	0.02793669220071293	0.03767631569522449	0.046565263213633155	0.053099441001090285	0.056070642598783055	0.05928841694317232	0.06614313930133489	0.07317046258218501	0.08327378087807391	0.10410301365526035	0.13785265835934316	0.1574860133150516	0.1964999861611046	0.2956900378384373	0.44997060544643447	0.6783955979860677	0.9420065214792909	1.2001990088638586	1.4786597760268785	1.6282184755356377	1.8228691660965186	2.269763776527914	2.738128708877907	3.0997892850949915	3.3817513852611016	3.6018976978304003	3.685621473971195	3.8301870753593503	4.198449636869234	4.572284742454458	4.860337189463971	4.740891186645521	4.323998315168422	4.16446574805579	4.038004750593824	3.7704116772414524	3.6979686042620226	3.6626470582977495	3.366192644944553	2.9917719290859246	2.809795077705244	2.546849900628101	2.233246352742163	2.0754151375817367	1.8689104622234216	1.5777758558802022	1.2582545620735486	1.1305360436034313	1.011170176927658	0.8188434345043915	0.5978957605083294	0.3852206021639347	0.27031770220336787	0.17752621330280927	0.13494926426699194	0.11485358541122755	0.08796482738397474	0.07180198383801946	0.05237205139833562	0.03570373372165253	0.024805218317667438	0.020514852525148418	0.016834754280703225	0.011157416788016418	0.007662248103593594	0.004512281264545865	0.00242874155496048	0.00147327216151156	0.0008075257454310224	0.0006657464160805376	0.0006719107347479499	0.0006349248227434756	0.0004993098120604032	0.0003390375267076812	0.0002095868346920211	0.00014177932935048484	0.00013561501068307246	0.00012328637334824767	8.630046134377339e-05	6.164318667412384e-05	5.547886800671146e-05	4.3150230671886694e-05	7.397182400894861e-05	0.00011095773601342293	0.00024657274669649535	0.0006225961854086509	0.00048698117472557845	6.780750534153623e-05	1.232863733482477e-05	6.164318667412385e-06	1.232863733482477e-05
209086_HY55YBGXT_TCDM_1_H07_X2_45_2_i_ATATCC_S56_R1_001	6.75114190501967e-05	8.101370286023603e-05	0.0001350228381003934	0.0003105525276309048	0.0009249064409876947	0.0024574156534271597	0.004793310752563965	0.006076027714517703	0.007946094022208151	0.012125050861415326	0.01755296895305114	0.02355473410661363	0.027902469493446297	0.03104850162118546	0.03272953595553536	0.033647691254618035	0.036348148016625906	0.0387515545348129	0.04304528078640541	0.055912957257372914	0.08218165040980444	0.09925528828759918	0.13656209845473788	0.24030014496727012	0.4504564413286274	0.7868928470233776	1.1273056753001844	1.4297298280774455	1.7628379208130212	1.9412233433693558	2.1638084919778544	2.6637373011864662	3.1572322721595936	3.549574883969812	3.8080356006615848	3.907587939193005	3.924870862469855	4.0548708509929146	4.386041366001749	4.678035004535755	4.8629150256047184	4.708145097432142	4.276463581741375	4.093608903243917	3.947541196986911	3.645636882136337	3.4265488250346388	3.2079536012920067	2.8526680073984414	2.4580030027728963	2.2632798168064143	2.06626799373413	1.7690894782170694	1.6133001276168353	1.5084143869804498	1.4515967767078042	1.382519092735643	1.3209959365551989	1.2091160129052128	0.9621457397357832	0.6684643157255226	0.4418352331159173	0.31066729704329016	0.2033511453210975	0.15916492155274373	0.13302450009650757	0.09504257573886692	0.07221021381609039	0.05266565800105844	0.036348148016625906	0.022994389328496994	0.01740444383114071	0.014251660561496524	0.008405171671749489	0.004138449987777057	0.00204559599722096	0.0011679475495684028	0.0006616119066919277	0.0004860822171614163	0.0004590776495413375	0.0003645616628710622	0.00025654339239074747	0.00019578311524557043	0.00012827169619537374	7.426256095521636e-05	5.4009135240157354e-05	6.75114190501967e-05	4.0506851430118014e-05	2.7004567620078677e-05	2.0253425715059007e-05	1.3502283810039339e-05	4.0506851430118014e-05	7.426256095521636e-05	9.451598667027537e-05	0.0003375570952509835	0.000675114190501967	0.0004590776495413375	9.451598667027537e-05	2.7004567620078677e-05	6.751141905019669e-06	0.0
209087_HY55YBGXT_TCDM_1_A08_X2_45_2_o_AGTACT_S57_R1_001	0.0001308497041760792	0.00013630177518341585	0.0002126307692861287	0.00044161775159426734	0.0009050437872178813	0.0019136769235751584	0.003554750296783485	0.004492506510045386	0.0059427573979969305	0.00937756213261901	0.013821000003598366	0.01786643669104215	0.022375299414109547	0.027909151486556226	0.030520693499070474	0.03357930533418633	0.04162111007000786	0.05420994202594815	0.07035352427867192	0.09647439647482174	0.1388097278467907	0.16356213022009902	0.2090705669183379	0.3200965409117411	0.511611439186455	0.7919351220996753	1.0720570783856243	1.3123080393949205	1.572889773190575	1.7190161803292112	1.893896809960541	2.290529523673274	2.7122526681617702	3.071582312042305	3.327000934594012	3.449792477821248	3.476523981970219	3.549385458912266	3.779103018735388	4.047933735965143	4.211125125356743	4.021185875603149	3.606288724015839	3.4325475772250416	3.292832805591033	3.0424464445790984	2.9735649794724073	2.979725819710698	2.916972482416253	2.8767143900980794	2.8635803510414055	2.7355166551500756	2.4584587627702494	2.442789510695164	2.666035462232577	2.6108114349992646	2.2109947118182474	1.9563230229945456	1.793109825318916	1.5016966299767731	1.1370893813611358	0.8338779043591161	0.5909172640591738	0.30575759416244574	0.19675433851276447	0.15344853850148957	0.09621814913747691	0.07258342132067261	0.051576591729404556	0.034053635511824616	0.023558398822701592	0.01928942722395701	0.015353031956659961	0.009148575150310872	0.005697414202666782	0.0034566130186514258	0.0022080887579713367	0.0018591562135017922	0.0013902781068708416	0.0010795100594526534	0.001041345562401297	0.0009704686393059209	0.0008396189351298417	0.0006924130179317526	0.0005070426036823069	0.00033257633144753463	0.00029441183439617825	0.0001962745562641188	0.00010904142014673269	9.81372781320594e-05	7.087692309537624e-05	4.90686390660297e-05	9.268520712472278e-05	0.00015265798820542575	0.00029986390540351484	0.0005179467456969802	0.00037619289950622777	9.81372781320594e-05	2.1808284029346536e-05	5.452071007336634e-06	0.0
209088_HY55YBGXT_TCDM_1_B08_X2_45_1_i_ATAAGA_S58_R1_001	0.00018942547044341766	0.00028940002428855477	0.000784010974890812	0.0018521601554467506	0.004056862158663195	0.008739880733514354	0.016574728663799047	0.021257747238650204	0.02829806055679723	0.043588905476479776	0.0609423832965462	0.0788851848024366	0.09452857156988884	0.10689384533494528	0.11245558761990895	0.11427617686361514	0.1181225662773412	0.12210576297527641	0.12909871992581257	0.1476413687547738	0.183753229967362	0.20635800277360983	0.25134655200392153	0.37472041326744415	0.6097027093525037	0.9685113831027008	1.3331080573386689	1.668722634596794	2.050130819334616	2.2583094113519318	2.5129288145396256	3.10435196599434	3.718885024843151	4.217779095804879	4.502885476096716	4.504448236227874	4.442069376447131	4.531120394830031	4.790838500263828	4.911607761308753	4.864204037330288	4.570168350834493	4.04215011379209	3.8106616652729866	3.625971831590654	3.2715620382096433	3.09254970682199	3.0002258372553174	2.693761735170985	2.233520983816961	1.9967128366695719	1.7724067705714484	1.445147961287327	1.2381953730092699	1.048017462502702	0.8799602374890265	0.7382647237787267	0.6784483696675941	0.6247672960713789	0.5204570036805369	0.38592808693534636	0.2669057496733989	0.19987018041092278	0.14377919388517743	0.11960113731052453	0.10402089236655344	0.07917458482672515	0.061558016075487304	0.044172967343680314	0.02889790787986805	0.01866367065730007	0.01466995032211801	0.011807520990973035	0.007287618793448152	0.004283120359470611	0.002320462012931866	0.001447000121442774	0.0008734618914890926	0.0005261818623428268	0.0004946109506022572	0.00045251640161483105	0.00027361456841826996	0.0001525927400794198	0.00014733092145599152	0.00011576000971542191	0.00011576000971542191	0.00012628364696227844	7.892727935142403e-05	4.7356367610854414e-05	6.314182348113922e-05	4.7356367610854414e-05	5.7880004857710955e-05	0.0001683781959497046	0.0002525672939245569	0.0005524909554599682	0.0009313418963468034	0.0006314182348113922	0.00015785455870284806	3.157091174056961e-05	0.0	0.0
209089_HY55YBGXT_TCDM_1_C08_X2_45_3_o_GGTGAG_S59_R1_001	8.873821632746576e-05	7.764593928653254e-05	5.546138520466611e-05	0.00012201504745026543	0.0002773069260233305	0.0005157908824033947	0.0007820055313857919	0.0008873821632746577	0.0012811579982277869	0.002057617391093112	0.0029949148010519695	0.004276072799279757	0.006272682666647736	0.010021872306483163	0.01250099622513174	0.0160117019085871	0.024419647905614482	0.039261114586383136	0.0621056591521851	0.09908731080665646	0.15664513637205893	0.1901216284815954	0.24841709047021993	0.40125202967871826	0.6515714456614583	0.9952212806666104	1.3471293159287372	1.6593325455228438	1.988961742348256	2.170425848599403	2.3912231692376995	2.896554034391494	3.411180227705591	3.817628989177986	4.089350953711207	4.185803848720641	4.186890891870653	4.249767464277183	4.440804205614655	4.62223503503468	4.730723050633527	4.491983971881521	3.960669447759341	3.723311357498931	3.544309736750871	3.2280633721753444	3.1142122406272064	3.055706025374804	2.809912258424765	2.465735540260168	2.2854527615138807	2.068848321597057	1.7672714934081648	1.6167659323782624	1.4873356977261332	1.3095985965607397	1.0883908616719289	0.9810231660542158	0.9193334672910657	0.7968747287591629	0.5928766616993602	0.38841826514235855	0.2778171707672134	0.19191303122370612	0.15538061678939252	0.13803229549737298	0.10867658430854321	0.08612043894580551	0.06431856842185128	0.0458277425946156	0.032910785980448866	0.027231540135491054	0.022140184973702706	0.013693416007032059	0.00866861450748931	0.005618238321232676	0.0031945757877887672	0.0017525797724674487	0.0010315817648067895	0.0007099057306197261	0.0006932673150583262	0.0005601599905671276	0.00039377583495312933	0.00031058375714613015	0.0002162994022981978	0.00015529187857306508	0.00015529187857306508	0.00013865346301166525	9.428435484793236e-05	7.209980076606593e-05	5.546138520466611e-05	3.882296964326627e-05	6.655366224559931e-05	8.873821632746576e-05	0.0003050376186256636	0.0006045290987308604	0.00042150652755546235	9.983049336839898e-05	3.3276831122799656e-05	1.6638415561399828e-05	1.109227704093322e-05
209090_HY55YBGXT_TCDM_1_D08_X2_45_3_i_TTCCGC_S60_R1_001	7.056279829477941e-05	0.0001008039975639706	0.00015624619622415443	0.00035785419135209563	0.0007862711809989706	0.001456617764799375	0.0028225119317911765	0.0037700695088925006	0.00596255645590886	0.009374771773449265	0.013417012075764484	0.020352327108165664	0.02906179249769272	0.040835699413164485	0.048012944039719195	0.058148785994776436	0.08044159005604853	0.1055569060491118	0.13979498382171443	0.20342246708409265	0.281878218388131	0.31798621031554525	0.38544928568523257	0.559391623681742	0.8364564511861935	1.2211648274893308	1.6174354223130554	1.9913476904770917	2.423892603824211	2.6646730324055117	2.935089836270619	3.5166331384170433	4.090434693550555	4.575851303619977	4.870224177506163	4.881171491641609	4.820487485108099	4.8784800249066524	5.01006956332666	4.9491738683982645	4.71402838328079	4.329037755784474	3.8026493609051757	3.5605988019545696	3.2982412776947014	2.8596027626948395	2.6959172314504642	2.6673846599399824	2.417819162970982	1.9607637576161832	1.7121458182242841	1.5022063726976806	1.213150909682995	1.0642029228824723	0.9241559290668478	0.7520230228266116	0.5656565921303428	0.4812080431711265	0.43196025016124856	0.3496336253507538	0.25968117812454466	0.17573664915314813	0.13280422659065305	0.10177675614046292	0.08661079470696353	0.07777028412060331	0.06407606105153792	0.05406622409343562	0.04225199557893827	0.030150475671383604	0.020579136102684595	0.01645121240244	0.013684142669309007	0.009183244178077721	0.006809310035446214	0.005367812870281434	0.0034626173163223896	0.0016128639610235296	0.0006451455844094119	0.0004233767897686765	0.00033265319196110297	0.00026713059354452204	0.0002368893942753309	0.00014616579646775735	9.072359780757354e-05	7.560299817297795e-05	8.064319805117649e-05	5.5442198660183825e-05	2.520099939099265e-05	1.008039975639706e-05	1.512059963459559e-05	2.520099939099265e-05	5.5442198660183825e-05	9.072359780757354e-05	0.0004032159902558824	0.000750989781851581	0.0004888993881852574	0.00011088439732036765	1.512059963459559e-05	0.0	0.0
209091_HY55YBGXT_TCDM_1_E08_X2_45_1_o_GAAGTG_S61_R1_001	0.0	0.0	0.0	0.0	0.004440694524623651	0.008881389049247302	0.006661041786935476	0.004440694524623651	0.008881389049247302	0.015542430836182779	0.013322083573870953	0.011101736311559128	0.01998312536080643	0.03330520893467738	0.03996625072161286	0.03774590345930103	0.044406945246236514	0.05550868155779564	0.05994937608241929	0.08437319596784937	0.11545805764021493	0.12433944668946223	0.16874639193569874	0.2597806296904836	0.34415382565833297	0.53510369021715	0.8170877925307518	1.081309116745859	1.3211066210755362	1.425462942404192	1.6008703761268264	1.984990452506772	2.417958168657578	2.8109596340867715	2.999689151383276	3.0618588747280073	3.104045472711932	3.1018251254496203	3.15067276522048	3.2261645721390826	3.230605266663706	2.995248456858653	2.737688174430481	2.6955015764465564	2.5400772680847283	2.3491274035259115	2.4246192104445137	2.4268395577068254	2.3890936542475245	2.275855943869621	2.0915671210977393	2.149296149917847	2.2114658732625783	2.353568098050535	2.684399840134997	3.252808739286824	3.6413695101913937	3.654691593765265	3.523691105288867	3.0751809583018783	2.482348239264621	1.9050579510635464	1.372174608108708	1.0413428660242463	0.941427239220214	0.8570540432523647	0.6705448732181712	0.49957813402016077	0.3885607709045695	0.27310271326435454	0.20871264265731163	0.2175940317065589	0.1554243083618278	0.08437319596784937	0.05106798703317199	0.017762778098494605	0.008881389049247302	0.004440694524623651	0.0	0.0	0.0022203472623118256	0.0022203472623118256	0.0	0.004440694524623651	0.004440694524623651	0.0	0.0	0.0	0.0022203472623118256	0.0022203472623118256	0.0	0.0	0.0	0.0	0.0	0.0	0.0	0.0	0.0	0.0	0.0
209092_HY55YBGXT_TCDM_1_F08_X11_68_1_o_CAATGC_S62_R1_001	0.0	0.0012581148407226613	0.005032459362890645	0.016355492929394595	0.04025967490312516	0.06416385687685572	0.1069397614614262	0.14090886216093804	0.14971566604599668	0.222686326807911	0.33214231795078253	0.45166322781943535	0.5460218408736349	0.6114438125912133	0.6567359468572291	0.7045443108046903	0.7108348850083036	0.6995118514417996	0.7045443108046903	0.7070605404861356	0.6969956217603543	0.6592521765386745	0.6579940616979518	0.6844144733531277	0.7359971818227568	0.8379044839212924	0.9901363796487342	1.0668813849328167	1.151175079261235	1.2329525439082079	1.370087061546978	1.611645110965729	1.8343314377736402	2.0771476020331137	2.1702481002465905	2.145085803432137	2.1513763776357506	2.1891198228574305	2.289769010115243	2.445775250364853	2.483518695586533	2.298575814000302	2.1702481002465905	2.1715062150873132	2.08972875044034	2.02808112324493	2.090986865281063	2.020532434200594	2.0469528458557695	2.2394444164863367	2.2922852397966884	2.288510895274521	2.3526747521513762	2.5212621408082128	2.9880227467163203	3.6233707412812644	3.7818932112123194	3.6711791052287253	3.4346535151728648	3.130189723717981	2.752755271501183	2.235670071964169	1.7563283176488351	1.3474409944139702	1.2103064767752	1.0291379397111369	0.7284484927784208	0.4919229027225605	0.30698002113632933	0.19500780031201248	0.11448845050576217	0.078003120124805	0.06668008655830104	0.041517789743847816	0.022646067133007902	0.013839263247949273	0.006290574203613305	0.0025162296814453225	0.0012581148407226613	0.0	0.0	0.0	0.0	0.0	0.0	0.0	0.0	0.0	0.0	0.0	0.0	0.0	0.0	0.0	0.0012581148407226613	0.0012581148407226613	0.0012581148407226613	0.0012581148407226613	0.0	0.0	0.0
209093_HY55YBGXT_TCDM_1_G08_X11_68_1_i_ACGTCT_S63_R1_001	0.0	1.2597401533985584e-05	4.409090536894955e-05	0.0001763636214757982	0.0004031168490875387	0.0006298700766992792	0.0010896752326897531	0.0014361037748743567	0.0021352595600105566	0.003495778925681	0.005133441125099125	0.006846687733721164	0.008427661626236356	0.010392856265538108	0.011514025002062825	0.012181687283364061	0.01524915455688955	0.021163634577095785	0.031109283088177404	0.05081161908733085	0.08661343424691788	0.1091438868904511	0.14902096144628246	0.25337153705305204	0.4323806128509872	0.7038483172076095	1.004913616468331	1.3000203448034775	1.6172670063346033	1.7835401091816792	1.9963354158937636	2.477153037642925	2.9889917606695264	3.400290622053389	3.680085208823976	3.846011883128867	3.8996264240575096	4.0615219298715255	4.475863063725845	4.895293547799896	5.228274363846969	5.0590156768363395	4.49855728258932	4.27335353536626	4.081029006146903	3.7065775442499476	3.524992299838312	3.380500104243498	3.0162147453844694	2.586202444021872	2.375441617657526	2.1626211161423736	1.8804708152849312	1.730511347424367	1.5426022074426706	1.3280369658150615	1.140543540083987	1.0603358845171007	0.9876929685713729	0.833714929621467	0.6254420900600832	0.4384714564926693	0.309379584273152	0.19973180132134144	0.15914297357883989	0.13771479356953042	0.10542765343792536	0.08211616189928503	0.05907551449362539	0.04136356793684167	0.02807960801925387	0.021919478669134917	0.018618959467230693	0.012276167794868953	0.007432466905051496	0.004453181442263904	0.002456493299127189	0.001366818066437436	0.0008188310997090631	0.0005416882659613801	0.0005038960613594234	0.0003905194475535531	0.0003527272429515964	0.0003212337391166324	0.00022675322761174052	0.00015116881840782702	0.00010077921227188467	8.18831099709063e-05	5.668830690293513e-05	5.668830690293513e-05	3.7792204601956756e-05	2.5194803067971168e-05	8.18831099709063e-05	0.00012597401533985585	0.0003527272429515964	0.0005983765728643153	0.00037792204601956754	8.18831099709063e-05	1.2597401533985584e-05	0.0	0.0
209094_HY55YBGXT_TCDM_1_H08_X11_68_3_i_CAGGAC_S64_R1_001	5.235398571547676e-05	3.926548928660757e-05	3.272124107217298e-05	0.0001243407160742573	0.000373022148222772	0.0008507522678764974	0.0017276815286107335	0.0022904868750521085	0.003128150646499737	0.0047314914590362135	0.006354465016215992	0.008278473991259763	0.010228659959161272	0.01158986358776367	0.012067593707417395	0.013356810605661011	0.016550403734305094	0.020202094237959597	0.027171718586332445	0.04258996737954035	0.06992529217123365	0.08706467824483786	0.12136308313668957	0.21482803613524448	0.38577034374449054	0.6592544766257123	0.9490206990644474	1.2145470261169167	1.498128933993011	1.6442423638766923	1.8422255051079819	2.287267104930607	2.764015587352167	3.154811913725344	3.391792230066449	3.500681976106426	3.533697708348249	3.6802365143658684	4.090894634069853	4.559201036294793	4.921045608567311	4.773917820210392	4.279925243743797	4.090717939368064	3.9433022040897105	3.661912619365451	3.544908005539575	3.43993171993183	3.111829291452937	2.729560120503169	2.553447856804519	2.354613963305353	2.068715391561349	1.9414035867977384	1.8253609774593842	1.7044559916977051	1.5835902714253125	1.5078340540950175	1.4099844547927916	1.2020017022898455	0.8980802709632885	0.6254796115910154	0.4498450780120197	0.3010354178639914	0.24904791004852297	0.22934972292307484	0.19318620729010927	0.1575331430178696	0.11938672017593034	0.086750554330545	0.0611756323085346	0.049278189054692514	0.041202586758080216	0.02545712555415058	0.014129031894964292	0.0077745668787483	0.003756398475085458	0.001976362960759248	0.0012041416714559656	0.0008900177571631051	0.000680601814301198	0.0004253761339382487	0.0003206681625072952	0.0002486814321485146	0.00019632744643303788	0.0001243407160742573	9.161947500208434e-05	7.198673035878056e-05	3.272124107217298e-05	3.272124107217298e-05	3.272124107217298e-05	6.544248214434595e-06	5.889823392991137e-05	0.00011779646785982274	0.0003468451553650336	0.000746044296445544	0.0005824380910846791	0.00014397346071756112	2.617699285773838e-05	6.544248214434595e-06	0.0
209095_HY55YBGXT_TCDM_1_A09_X11_68_3_o_AAGCTC_S65_R1_001	3.6683718481807626e-05	9.170929620451907e-05	0.0001192220850658748	0.0002384441701317496	0.0006419650734316335	0.001485690598513209	0.0028154753934787353	0.00355832069273534	0.004567122950985049	0.006511360030520854	0.00895082730956106	0.012490806143055496	0.015132033873745647	0.017186322108726875	0.018635328988758273	0.02005682307992832	0.022569657795932143	0.0250182960045928	0.02846656554188272	0.03621600107116458	0.05304465692469383	0.06421484920240425	0.08845361618925864	0.15792340806418184	0.3148838685182162	0.5879391270375514	0.8605450100054842	1.0690644367856992	1.2742639870433106	1.3822241705352705	1.5424494819341856	1.8995654813545828	2.272473821581398	2.5490048624268846	2.7162184221965844	2.8254533649057874	2.867988136485443	2.9800018708696427	3.274168609375258	3.664584254247516	4.039317609468802	4.032338532027638	3.719151285489205	3.579413830862379	3.4491316046742395	3.1903829963628096	3.0241415551328776	2.8965372403939096	2.6666587185276622	2.414907529516637	2.3032056067395326	2.194300817496666	2.050473128259119	2.1967036010572247	2.5585426292321545	3.075049385456006	3.4477926489496533	3.484714811601593	3.4207292356396994	3.050709738243327	2.213431376684929	1.4722551866192468	0.9492462412944951	0.507528416125429	0.37888778633935005	0.31737836137497916	0.21495741937377225	0.1493302470098184	0.10444771744732677	0.07157910568762713	0.04765215030786811	0.036426932452434974	0.029246094559621127	0.01717715117910642	0.009271809846276879	0.004787225261875895	0.0024761509975220145	0.0015223743169950166	0.0013206138653450747	0.0012289045691405555	0.0011005115544542288	0.0009262638916656426	0.0008345545954611236	0.0006052813549498259	0.00033932439595672054	0.00021093138127039387	0.00016507673316813433	8.253836658406717e-05	1.8341859240903813e-05	3.6683718481807626e-05	2.751278886135572e-05	4.5854648102259534e-05	7.336743696361525e-05	7.336743696361525e-05	0.00031181160709536487	0.0007978708769793159	0.0006236232141907297	0.00011005115544542288	9.170929620451907e-06	0.0	0.0
209096_HY55YBGXT_TCDM_1_B09_X11_68_2_o_GACGAT_S66_R1_001	3.318286929948032e-05	2.765239108290027e-05	6.636573859896064e-05	0.00019356673758030184	0.00041478586624350394	0.0007687364721046273	0.0015595948570755749	0.0021347645915999005	0.0026822819350413255	0.00412020627135214	0.006022690777855677	0.008002601979391337	0.00947923966321821	0.011116261215325907	0.012244478771508239	0.012897075201064681	0.014816151142217963	0.018377779113695515	0.02512496253792318	0.04059371010969759	0.06856133845094291	0.08551225418476077	0.1224060743675663	0.22223120617683628	0.4038299888964589	0.7000479326547031	1.0227955804178817	1.3441882610179985	1.750921750978162	1.9814597354363015	2.302221941519728	3.0670594264816664	3.950188310018035	4.686787173206116	5.117135805151076	5.271701610348056	5.2934640421302985	5.321531219079442	5.434148347003662	5.382454967113288	5.089035445332633	4.614857773521276	4.033422007177565	3.7689877217300065	3.5866920987550945	3.209729173034782	2.8924954120535333	2.602565622027541	2.201130330198861	1.776140731645767	1.5852230931312068	1.503018064919961	1.4111015169604006	1.3427835195509872	1.1789431023848032	1.0079020025806318	0.8968942438174369	0.8516936453533281	0.8131904560094978	0.6833735408317143	0.45452788270784816	0.26745945703202795	0.1675237156584264	0.09358675238096766	0.07004903709120296	0.05750591249599939	0.039708833595044776	0.02918433354889294	0.019312429932297544	0.012758813245650183	0.00934650818602029	0.007886461936843156	0.006658695772762384	0.004330364443582181	0.002732056238990546	0.0018305882896879977	0.0011835223383481314	0.0007134316899388268	0.00040372490981034387	0.00032076773656164307	0.00025993247617926246	0.00017144482471398163	0.00015485339006424148	0.0001327314771979213	0.00012167052076476117	9.40181296818609e-05	4.424382573264042e-05	4.9774303949220476e-05	3.318286929948032e-05	1.659143464974016e-05	2.765239108290027e-05	6.636573859896064e-05	0.00014379243363108135	0.0001880362593637218	0.0006525964295564463	0.001255418555163672	0.0008461631671367481	0.00018250578114714175	3.318286929948032e-05	0.0	0.0
209097_HY55YBGXT_TCDM_1_C09_A20_2_3_o_TCGTTC_S67_R1_001	0.00011682222519469884	5.841111259734942e-05	0.0	5.841111259734942e-05	0.00023364445038939768	0.0003504666755840965	0.0007593444637655425	0.0011682222519469885	0.0013434555897390368	0.0019275667157125308	0.0025700889542833744	0.0031542000802568687	0.0037967223188277123	0.0046144778951906044	0.005140177908566749	0.006249989047916388	0.007126155736876629	0.00899531133999181	0.013317733672195669	0.01606305596427109	0.02196257833660338	0.02733640069555953	0.038901800989834714	0.06886670175227497	0.13820069240532873	0.2570673065409348	0.36769795380031456	0.45274453374205537	0.5549055696748195	0.6147185489745053	0.6844614174157405	0.8453840326214381	1.0130239257758311	1.143105473530128	1.2383739981764053	1.3043201442988126	1.32861916713931	1.4001143689584656	1.5910018849266034	1.8208496129971736	2.044447352019827	2.1063047202604204	2.00163200648597	1.9482442495719927	1.924412515632274	1.8840504368275057	1.89783545940048	1.8983611594138563	1.8601018806625922	1.872251392082841	1.8928705148297051	1.906889181853069	1.9435713605642047	2.3820635828325067	3.7395962507075047	6.700689192717537	9.136666232477396	9.553254287521693	9.237600635045617	7.396073488188981	4.470844969313722	2.6166426110234617	1.593922440556471	0.8294377988823617	0.6328259938796836	0.5176976909503079	0.3409456642307286	0.2304902503091408	0.14935721491142248	0.09836431361393642	0.06466110164526581	0.04964944570774701	0.038843389877237365	0.02231304501218748	0.012733622546222173	0.006892511286487231	0.0034462556432436156	0.0011682222519469885	0.0003504666755840965	0.0003504666755840965	0.00046728890077879536	0.0002920555629867471	0.00023364445038939768	0.00023364445038939768	0.00011682222519469884	0.00011682222519469884	0.0	5.841111259734942e-05	0.00017523333779204825	0.00011682222519469884	5.841111259734942e-05	5.841111259734942e-05	5.841111259734942e-05	0.00011682222519469884	0.000408877788181446	0.0005257000133761448	0.00017523333779204825	5.841111259734942e-05	0.00011682222519469884	5.841111259734942e-05	0.0
209098_HY55YBGXT_TCDM_1_D09_A03_2_1_o_CCAATT_S68_R1_001	2.3623025646574024e-05	4.1340294881504544e-05	0.00024804176928902723	0.0007205022822205077	0.001446910320852659	0.0028761033724703875	0.005403767116653808	0.006945169540092763	0.009401964207336463	0.014392328375175225	0.02043391718428653	0.027001118314034105	0.03231039332810162	0.03718264236770751	0.03980479821447723	0.041653299971321646	0.045037298395193374	0.04932487755004657	0.05674841335948245	0.07394007027377669	0.10332711417811477	0.12019395448976863	0.1559355922930351	0.2513962389308408	0.4069479570571191	0.6253782636981657	0.874878754820869	1.141925248242565	1.4443354110571824	1.6066019742234994	1.7836152111496903	2.191614392848082	2.629219131438042	3.029529018288474	3.316690518048228	3.4446092019244263	3.4790574790735427	3.5765969519682463	3.7974309014688323	4.007203369210409	4.180962534353784	4.037553051409846	3.6432670360992905	3.4796716777403534	3.4232362694706886	3.3306635377181766	3.2888980283750335	3.1724010773989537	2.973820018057441	2.828266745536075	2.7704257672404387	2.6464757516728645	2.473927266593876	2.466415144438266	2.6258823790654637	2.6248547774498374	2.270279068251173	2.035111847939529	1.8784911879027433	1.5805753057173866	1.187629897112274	0.8922239614018659	0.6611435245270789	0.34576432063249235	0.2177098043588262	0.1694656802321104	0.10929783391028637	0.07914304167243462	0.04480106813872763	0.024284470364678096	0.017693646209283945	0.015508516336975847	0.012856831708147913	0.008640121630234449	0.00653767234768936	0.005143913834541494	0.0038682704496264962	0.0029942185007032574	0.002226470167189602	0.0019134650773724958	0.0016181772567903205	0.0012283973336218493	0.001110282205388979	0.0008622404360999517	0.000537423833459559	0.00038387416675682783	0.00033072235905203635	0.00026575903852395775	0.00014764391029108766	8.858634617465259e-05	4.724605129314805e-05	2.3623025646574024e-05	6.496332052807856e-05	9.44921025862961e-05	0.0003779684103451844	0.0007677483335136557	0.0005019892949896979	8.268058976300909e-05	1.771726923493052e-05	0.0	0.0
209099_HY55YBGXT_TCDM_1_E09_C17_2_3_o_AGTTGA_S69_R1_001	0.00010289104734707928	8.819232629749652e-05	0.00012493912892145342	0.0002866250604668637	0.0006320450051320584	0.0013669810576111964	0.0023738434495076148	0.0028809493257182196	0.003909859799189013	0.006327799411845376	0.008760437745551321	0.011171027997682895	0.013478727202467388	0.015514500067834598	0.01660955478602851	0.017491478049003476	0.01985062277746151	0.02315783501361763	0.0298310543701282	0.045514589730033	0.0773152727208053	0.0982756489375103	0.14074025404975488	0.2535602874658273	0.4591880455889653	0.7666191457015133	1.1108778914037911	1.4534903803485155	1.8126903759976942	2.001377858111188	2.2392913570197344	2.7610886049193972	3.267290509785453	3.680089391741935	3.9496345383491835	4.045565741279286	4.062432523683682	4.143738499169449	4.366953277028412	4.557941108986166	4.664117320487827	4.446172034125138	3.969433715602972	3.7677378653605973	3.60505977014434	3.245859774495161	2.992475871681929	2.861627856898543	2.6120068266740044	2.269541324939776	2.1027108410270117	1.9326539878438638	1.650681072589193	1.5575058798558878	1.5767906018729405	1.63828270138387	1.6745738436552897	1.6499167390946146	1.6079665892191053	1.3932623708478502	1.0069064880595675	0.7047669275248691	0.4815815471080046	0.2810101490259231	0.21508638511854444	0.1820730576411816	0.13183282909370772	0.09829034765855987	0.06853278689367959	0.04614663473516506	0.030227919838466934	0.02325337670043992	0.018490991080375104	0.01024500857155918	0.005313587659424166	0.0029911897335900906	0.0016242086759788944	0.000874573902450174	0.0005144552367353964	0.0004115641893883171	0.0003527693051899861	0.0002866250604668637	0.00032337186309082063	0.000330721223615612	0.00019108337364457582	9.554168682228791e-05	0.00010289104734707928	0.00011024040787187067	6.614424472312239e-05	3.6746802623956884e-05	5.144552367353964e-05	5.144552367353964e-05	8.819232629749652e-05	0.00011758976839666204	0.0003160225025660292	0.0006761411682808067	0.0004850577946362309	8.819232629749652e-05	2.204808157437413e-05	7.349360524791378e-06	1.4698721049582755e-05
209100_HY55YBGXT_TCDM_1_F09_A03_2_1_i_AACCGA_S70_R1_001	0.00012931017254914315	0.00010579923208566257	0.0002586203450982863	0.0007582278299472485	0.0017927092103403937	0.003920449322285385	0.007329535689490068	0.009322087893770047	0.012437287505181225	0.018597153906613133	0.026061877503768215	0.034378872692724466	0.04201992834335566	0.0488028346670698	0.051841623721974664	0.05446897131876862	0.06014686344069917	0.06881064500149177	0.08298774210097055	0.1096550263216734	0.15298568959586809	0.17821292871318276	0.22759178142160782	0.3523878534017627	0.5548170507923305	0.8511430666589237	1.1676943690592263	1.4742476440274335	1.8305148026056706	2.027465950868247	2.2366721768474136	2.719392928708481	3.236057600863698	3.6795797372370274	3.982494694168511	4.083950280003545	4.082862899007109	4.153048934025715	4.3506818995617325	4.498465793580055	4.532774133451389	4.331567504964923	3.9453709191766753	3.7743523382453175	3.6488626935214894	3.416839099822516	3.2806637326580366	3.134031874722424	2.865337091635536	2.550319878100476	2.387007007906024	2.1897737283578858	1.9016530307130468	1.7439592752893667	1.611004906968384	1.4311579678929895	1.2083447851205842	1.0992305104295708	1.0074908207410695	0.8455650960339629	0.629023456630191	0.42892184234550784	0.3274016014241987	0.24209803168757535	0.2045686929727445	0.18300328283261694	0.14734894161974862	0.12152217352061521	0.09403788411880643	0.06634199625282632	0.04662219493908198	0.03885182911590165	0.03176328056616226	0.020525051024618542	0.013818555257410709	0.008510960447779967	0.004684554887348504	0.0029682562335144225	0.001686909978254731	0.0010462368506248855	0.0008522715918011708	0.0006289176573981053	0.0004819742795013518	0.00031739769625698774	0.00024686487486654603	0.00024686487486654603	0.0002703758153300266	0.00018220978859197445	7.641055650631187e-05	4.1144145811091e-05	2.3510940463480574e-05	4.1144145811091e-05	0.00010579923208566257	0.00015282111301262373	0.0005054852199648323	0.0009051712078440021	0.0005877735115870144	0.0001351879076650133	2.9388675579350716e-05	1.1755470231740287e-05	1.1755470231740287e-05
209101_HY55YBGXT_TCDM_1_G09_C14_2_1_i_CAGATG_S71_R1_001	5.346222005343816e-05	5.346222005343816e-05	0.0001336555501335954	0.00025394554525383123	0.0005747188655744603	0.0014635282739628697	0.002559503785058352	0.003047346543045975	0.004350488156848531	0.00698350249448036	0.009382619619378398	0.011701543414196278	0.014147439981641073	0.017027717087020056	0.018711777018703357	0.01917288866666426	0.020603003053093732	0.023924343473913576	0.03142241983640828	0.04603765424351694	0.07478028029974662	0.09405341062901108	0.13146359911140443	0.2390429514139354	0.4234007344907102	0.6914669886161559	0.9892649198688198	1.2948950663593124	1.6352823386620463	1.8139597608581435	2.0400247583541065	2.521705995480571	3.007677575766324	3.430069210853526	3.7610070357618146	3.979994971878204	4.060081377518254	4.1960892653342015	4.506611204959583	4.7684357448937895	4.966727119071992	4.8256202720184485	4.401778474212298	4.2300244095131205	4.069544190467713	3.743979318674794	3.5580711312164697	3.464552342787993	3.1898835044859477	2.741850052105616	2.495790184309667	2.2244025897634017	1.8375232343466965	1.6041071815933852	1.3696887122140724	1.1817355948387038	1.0680815977826008	1.0258865406054247	0.9413828190334592	0.7838096082034569	0.5830589719027967	0.3911162363559402	0.2870988044644696	0.21942231665432357	0.1915016722314155	0.17004995643497342	0.13410329622654293	0.10896268724641366	0.08449035601695233	0.061020441413492985	0.04377887544625917	0.03618055742116427	0.029831918789818494	0.01857143869106308	0.01048527790798056	0.005299442562797058	0.0026129660051117903	0.001570452714069746	0.0009289060734284881	0.0006549121956546174	0.0005279394230277018	0.00039428387289410644	0.0003007249878005897	0.00020716610270707288	0.00016706943766699425	0.00012697277262691562	0.00012028999512023586	7.351055257347747e-05	4.009666504007862e-05	2.673111002671908e-05	1.336555501335954e-05	6.014499756011793e-05	8.019333008015724e-05	6.68277750667977e-05	0.0003809183178807469	0.0007484710807481343	0.00048115998048094344	8.687610758683701e-05	6.68277750667977e-06	0.0	0.0
209102_HY55YBGXT_TCDM_1_H09_A20_2_2_i_GTAGAA_S72_R1_001	2.8299923151558683e-05	3.5374903939448356e-05	9.197475024256572e-05	0.0002900742123034765	0.0007853228674557535	0.0016484705235782933	0.0031129915466714553	0.004061038972248671	0.005759034361342192	0.009367274563165924	0.013407088593050925	0.016873829179116864	0.020383019649910142	0.02407615962118855	0.02559728049058483	0.026460428146707366	0.028781021845135178	0.03226898737356479	0.035856002633024846	0.04648262377643513	0.07090545745623028	0.08625816576595086	0.12127932066600473	0.21367149477505595	0.38407240705137863	0.6464056196855398	0.9241905903604519	1.1713055193198623	1.4293300686541988	1.5687213401372007	1.7658303048878072	2.226977552642456	2.720025888769699	3.0865523434671114	3.3227293521284444	3.4502771057725194	3.4791642523294724	3.599375250896506	3.952579516770322	4.3636854254122275	4.724205221420721	4.670697141721911	4.284955039204591	4.135128171059452	3.996345347924208	3.6983542321190823	3.516605050658985	3.35814670595262	3.038025050242976	2.6864621799119504	2.5191035093744203	2.3139998163334985	2.0159521006820706	1.921727506548956	1.8909654900832116	1.9068558969328118	1.8859139538006584	1.8196001588757684	1.7329174942625443	1.4879533594626524	1.0933604559796817	0.7516742588285502	0.5116201606954536	0.29955468655924866	0.22216854670131145	0.1866521431461053	0.13352611240984175	0.09939640508906197	0.06915793720162153	0.04605812492916175	0.03074786650416851	0.024819032603916963	0.01957647184009072	0.011503918761108605	0.006537282248010055	0.0032191162584898	0.0016767704467298518	0.0011461468876381266	0.0007145730595768567	0.00045279877042493893	0.00046694873200071825	0.00040327390490971124	0.00035374903939448354	0.0002617742891519178	0.00012734965418201408	7.782478866678637e-05	4.244988472733802e-05	8.489976945467604e-05	9.197475024256572e-05	4.244988472733802e-05	3.5374903939448356e-05	2.8299923151558683e-05	8.489976945467604e-05	0.00015564957733357274	0.0003891239433339319	0.0006721231748495187	0.00041742386648549055	7.074980787889671e-05	1.4149961575779342e-05	0.0	0.0
209103_HY55YBGXT_TCDM_1_A10_A20_2_1_o_GACATC_S73_R1_001	1.0679175826062283e-05	4.805629121728027e-05	0.00013882928573880968	0.0003257148626948996	0.0008436548902589204	0.0017567244233872455	0.003331902857731432	0.004378462088685536	0.005793452885638789	0.009061280688413848	0.012238335496667375	0.015308598546660281	0.018640501404391715	0.02183357497638434	0.02344079093820671	0.025015969372550895	0.028043515719239555	0.0340185145939214	0.04617141668398028	0.07156649679835639	0.11984705070798397	0.15036279563095695	0.20919437525673407	0.35869215764578	0.5986745968090516	0.9455876235186848	1.3240095585031149	1.6820983427147222	2.0473635330814437	2.235365083911357	2.489817806318943	3.076355519801675	3.671228330016648	4.107114910121119	4.341271858871274	4.40089369750818	4.399457348359574	4.447876731554941	4.5937062170477345	4.693145362752113	4.653514941261596	4.332098446836687	3.8435795486734676	3.6348176800376892	3.4519634919559374	3.107111546180734	2.881012035591344	2.6963103500916836	2.387105493223876	2.035087820469385	1.8716750719789799	1.7315215684377387	1.5545462666482344	1.5474659730755551	1.5140775298553713	1.4457521629202248	1.3767700266717757	1.3129833094627055	1.2294134190358552	1.0144896659484388	0.7006126696567292	0.44595704290844795	0.2953432866455785	0.17544284005846422	0.13402365661708165	0.11386137265747606	0.08333494855867703	0.06445416569819891	0.04680148805771795	0.03188267942870895	0.021555916404906717	0.017011927090917218	0.0138028347551855	0.008276361265198269	0.004410499616163723	0.0021838914564297368	0.0011373322254756332	0.0006247317858246435	0.000416487857216429	0.00035241280226005534	0.0003043565110427751	0.00026697939565155707	0.0002029043406951834	0.00011747093408668511	9.077299452152941e-05	5.3395879130311415e-05	3.203752747818685e-05	4.271670330424913e-05	3.203752747818685e-05	1.0679175826062283e-05	4.805629121728027e-05	7.475423078243598e-05	8.009381869546713e-05	9.611258243456055e-05	0.0003951295055643045	0.0007261839561722353	0.00048056291217280276	0.00011747093408668511	1.6018763739093427e-05	0.0	0.0
209104_HY55YBGXT_TCDM_1_B10_C14_2_2_o_CGATCT_S74_R1_001	0.00011049817364935321	0.00011049817364935321	0.000184163622748922	0.00039595178891018226	0.0008011117589578106	0.0015930153367781754	0.0027256216166840455	0.0033333615717554884	0.004447551489386466	0.0070442585701462656	0.00982512927365499	0.01227450545621565	0.015828863375269845	0.01893202041858918	0.019631842185035085	0.020350080313755882	0.021924679288259166	0.024309598202857705	0.028444071533571005	0.03662093638362314	0.05476105322439195	0.06733022047700589	0.09489030662138206	0.17472523708303975	0.32264545887497387	0.5565793006717921	0.8219498728718512	1.0774768994359805	1.360628469412448	1.51533512070268	1.692951726662878	2.063654682894183	2.42764487507629	2.7430158708526813	3.0304124123335114	3.275322406046165	3.377303012143381	3.507405403434357	3.815299356127142	4.236997219497623	4.729183709475255	4.7704731936955636	4.405387227958101	4.247291966009289	4.071581453544542	3.7197184359204516	3.4859135086595576	3.330718823769041	3.0541511033058475	2.661109099635098	2.447092553638576	2.24787355472993	1.9512135830248287	1.8391039776764224	1.798993140641707	1.8724928424808016	1.9939855844082657	2.016536420013871	1.9779173083234223	1.7562671801639573	1.3111529121609502	0.9249065461696361	0.6709449103988727	0.4680794717597976	0.3950125544341628	0.35091457496693346	0.2739433888390215	0.21769061027036327	0.16895170750986105	0.1228647609169433	0.08386811379985909	0.06559908242316602	0.05326932788012569	0.031980013090350305	0.017062759647687623	0.008001909408440661	0.003655647911566102	0.0019981753068258035	0.0012707289969675617	0.0009576508382943944	0.0008655690269199334	0.0006814054041710114	0.0005985317739339966	0.0004972417814220894	0.0003130781586731674	0.0001933718038863681	0.0001473308981991376	0.000184163622748922	0.0001473308981991376	9.2081811374461e-05	8.28736302370149e-05	3.68327245497844e-05	4.60409056872305e-05	7.36654490995688e-05	0.0003314945209480596	0.0007090299475833497	0.0005156581436969816	0.00011049817364935321	1.84163622748922e-05	9.2081811374461e-06	0.0
209105_HY55YBGXT_TCDM_1_C10_A04_2_3_o_CGTCGC_S75_R1_001	3.908425588462328e-05	1.954212794231164e-05	1.954212794231164e-05	5.862638382693492e-05	0.00017587915148080475	0.00044946894267316773	0.0009380221412309587	0.001250696188307945	0.0014656595956733728	0.001797875770692671	0.0023645974810197084	0.0034589566457891596	0.004631484322327858	0.0049832426252894675	0.004807363473808663	0.005530422207674194	0.007386924362193799	0.009360679284367275	0.013171394233118045	0.02227802585423527	0.041546564005354544	0.05467887398258797	0.08319083865042065	0.16096850786082095	0.31376840624175567	0.5603705187457863	0.8334717567395913	1.1078236909217045	1.4023040168843985	1.552465727993121	1.7484928133824493	2.1435760139921634	2.520133277312566	2.8452752020167478	3.1030554117037803	3.2776838669962776	3.3421728892059055	3.4686495412485465	3.7473593699617953	4.138260555191855	4.611570893954642	4.658120242713229	4.298447377934983	4.126867494601487	3.9727582736484175	3.64882796087666	3.376567034384374	3.1274049031199005	2.794192079575545	2.4175566477433725	2.2274117428646805	2.0656420077582247	1.8278729370841191	1.7075520553433063	1.647069169361852	1.7324096420859267	1.8674848304231848	1.9010582062280763	1.8941012086806133	1.7316474990961765	1.3693364470457188	1.0707718163430815	0.8579775851792503	0.6870425920678502	0.6371515394311287	0.6097534760560077	0.5645329919974986	0.5030925417468708	0.4104628553003136	0.3165433884095639	0.23079253099870045	0.1899494835992691	0.1579981044135896	0.10128684912500122	0.05934944256080044	0.03113060981210244	0.014500258933195235	0.006702949884212893	0.0032244511104814206	0.001954212794231164	0.0015047438515579962	0.0008403115015194005	0.0005471795823847259	0.00033221617501929786	0.0001563370235384931	0.00011725276765386984	0.00011725276765386984	5.862638382693492e-05	5.862638382693492e-05	9.771063971155818e-05	5.862638382693492e-05	0.00011725276765386984	0.00013679489559618148	7.816851176924656e-05	0.0003908425588462327	0.0007426008618078423	0.0006644323500385957	0.0005667217103270375	0.0008793957574040237	0.0020519234339427222	0.0029313191913467457
209106_HY55YBGXT_TCDM_1_D10_A04_2_1_o_ATGGCG_S76_R1_001	0.0005498432946610215	0.000687304118326277	0.0005498432946610215	0.0001374608236652554	0.0002749216473305108	0.000687304118326277	0.001099686589322043	0.001374608236652554	0.0012371474129872985	0.0012371474129872985	0.0026117556496398527	0.003711442238961896	0.004811128828283939	0.006185737064936493	0.006323197888601749	0.005635893770275471	0.005773354593940727	0.010996865893220431	0.019931819431462033	0.02914169461703415	0.04783636663550888	0.061857370649364925	0.08852477044042448	0.1689393522845989	0.3157475119590916	0.5418705668884368	0.8275141584648374	1.11137075933359	1.4301424094133173	1.6176389728927254	1.8157200197943586	2.21201957442129	2.576978061252543	2.893825259800957	3.155000824764942	3.266619013581129	3.2671688568757906	3.3926705888821687	3.606972012976302	3.7460823665255405	3.8883543190190792	3.8355693627316216	3.4816077417935887	3.27239236817507	3.132869632154836	2.817397041843075	2.549898278990488	2.3728487381096386	2.204046846648705	2.020261725408259	1.9197778633089568	1.8081596744927695	1.6580524550503108	1.7788805190520702	1.9758618793643812	2.415599054269533	3.062489690438225	3.3073074173860446	3.4583768625941604	3.2293671303678453	2.4382800901743003	1.7649969758618793	1.2075933358992688	0.8235277945785451	0.7345906416671248	0.6753450266673998	0.5367845164128223	0.4067465772254908	0.30035189970858306	0.20330455820091273	0.13718590201792488	0.1124429537581789	0.09292351679771264	0.05883323252872931	0.033677901797987575	0.017457524605487437	0.009072414361906856	0.004123824709957662	0.001099686589322043	0.0002749216473305108	0.0001374608236652554	0.0001374608236652554	0.0001374608236652554	0.0002749216473305108	0.0002749216473305108	0.0001374608236652554	0.0002749216473305108	0.0002749216473305108	0.0001374608236652554	0.0	0.0	0.0	0.0001374608236652554	0.0002749216473305108	0.000687304118326277	0.0012371474129872985	0.000687304118326277	0.0	0.0	0.0	0.0
209107_HY55YBGXT_TCDM_1_E10_A04_2_1_i_ATTGGT_S77_R1_001	0.0	0.0	0.00029655814615571675	0.00044483721923357515	0.00044483721923357515	0.0009885271538523893	0.0015816434461638227	0.0017793488769343006	0.0023230388115531146	0.002965581461557167	0.00365755046925384	0.004893209411569326	0.006227721069270053	0.007809364515433875	0.008699038953901025	0.00909444981544198	0.010428961473142706	0.013839380153933448	0.01917742678473635	0.028963845607875002	0.048190698750303976	0.06049786181576622	0.08911572291979288	0.17432676358186883	0.31716893731353907	0.5408726322303348	0.8193901578282453	1.126228986384027	1.488721893701698	1.6854387973183234	1.8861592359080512	2.281965508310548	2.662251904397562	3.0122399432190003	3.26357297208597	3.3826410677674903	3.415163611129234	3.524000450768382	3.785119898458491	4.067344400883348	4.341215848858152	4.292778018319385	3.92850576212478	3.756600890069849	3.631453352392137	3.3390470202826004	3.096561309442609	2.9280668560684693	2.692352556232367	2.414922410503694	2.2799390276451503	2.1356140631827016	1.919966864569803	1.8765705225156832	1.9697392067662707	2.222456173648634	2.408150999499805	2.406371650622871	2.3798296965419343	2.132994466224993	1.646935664675773	1.2318036864154622	0.8812719576594049	0.5850597960075365	0.49001291016462933	0.4039616214217789	0.27955547910945566	0.20205495024742834	0.13117755331621203	0.08348111814283427	0.05298505544648806	0.03845370628485794	0.031039752630965017	0.0162612716808718	0.007117395507737202	0.004250666761565273	0.002372465169245734	0.001285085300008106	0.0004942635769261946	0.0	0.00019770543077047783	0.0003459845038483362	0.0002471317884630973	9.885271538523892e-05	4.942635769261946e-05	9.885271538523892e-05	9.885271538523892e-05	4.942635769261946e-05	4.942635769261946e-05	9.885271538523892e-05	4.942635769261946e-05	0.0	4.942635769261946e-05	9.885271538523892e-05	0.00039541086154095567	0.0007908217230819113	0.0004942635769261946	4.942635769261946e-05	0.0	0.0	0.0
209108_HY55YBGXT_TCDM_1_F10_A04_2_3_i_GCCACA_S78_R1_001	0.00012036893077281869	0.00012036893077281869	0.00024073786154563739	0.0007021520961747757	0.0011435048423417775	0.0022268252192971455	0.005055495092458385	0.006901152030974938	0.00846594813102158	0.012578553265759553	0.01817570854669562	0.02529753695075406	0.0315366598624785	0.035027358854890236	0.03635141709339124	0.037996459147286436	0.04106586688199331	0.04357355293976036	0.04568000922828469	0.0506953813438188	0.06421682456729877	0.07374603158681357	0.0912597110142587	0.14847507610827185	0.2705893563772964	0.4720668850025328	0.6958527887976649	0.9113131748810103	1.1487810138073196	1.2755094364226354	1.4213765190308294	1.7389298198979872	2.067657369838555	2.349039807008481	2.57354792438825	2.752757200820515	2.8317994653613328	2.9619383410152116	3.3106671949525297	3.794590419636185	4.31025091906694	4.40161093752351	4.142276076173472	4.041908449397403	3.9297045444286742	3.6971718316640505	3.5050429566621695	3.3150807224141996	3.021982375982386	2.695742450611123	2.54443870462969	2.3977892239714724	2.176470883257183	2.120419084493974	2.1406611263522697	2.350765095016225	2.631786425393832	2.7043287676729175	2.7078997126191777	2.4713948251390514	1.8742244980866356	1.3567384032058258	0.9777969476445304	0.6536233555848676	0.5479996188317192	0.49575950287631587	0.39791962364647643	0.30754261812455175	0.2236855963528214	0.15728206954314974	0.10728884029550573	0.08461935833329154	0.06859022905204452	0.04026340734350785	0.020823825023697635	0.009950498277219678	0.00457401936936711	0.001986087357751508	0.0008425825154097308	0.0006419676307883663	0.0006219061423262299	0.00048147572309127477	0.0003811682807805925	0.00034104530385631966	0.00018055339615922803	0.00010030744231068223	0.00012036893077281869	8.024595384854579e-05	6.0184465386409346e-05	4.0122976924272895e-05	0.0	6.0184465386409346e-05	0.00014043041923495514	0.00016049190769709158	0.00040122976924272894	0.0004614142346291383	0.00026079935000777383	0.00014043041923495514	2.0061488462136448e-05	0.0	0.0
209109_HY55YBGXT_TCDM_1_G10_A20_2_1_i_CATCTA_S79_R1_001	1.2814024488497779e-05	4.484908570974223e-05	0.00014736128161772446	0.0004613048815859201	0.0012557743998727823	0.002601246971165049	0.004625862840347698	0.005856009191243485	0.007951102195112872	0.012749954366055291	0.01827279892059783	0.023513734936393426	0.02844072735222082	0.03266294842118084	0.034380027702639544	0.03605225789838851	0.03958252164496964	0.04408024424043236	0.052377325096734664	0.0701503770622811	0.10355013189155056	0.12483422656694536	0.16792138390951916	0.2837857933345161	0.48297339699596975	0.7814632834310371	1.1184721274785288	1.4317045490876126	1.7573217253648294	1.9346357892244175	2.1652049388582024	2.711216929325337	3.2980031457148713	3.7333019646013854	3.954984588252397	4.004094337104565	3.99547690563605	4.1036529003679485	4.417051904295382	4.703951505580604	4.870354427588236	4.675818314816107	4.217409402764587	4.038262933403145	3.901313046682324	3.5972298385580275	3.4081909422914642	3.2614703618981644	2.9106800345132933	2.485811831560417	2.2869189504621987	2.075218451887727	1.7576484829892862	1.5762147102566464	1.425432084100493	1.3079531075899453	1.186700400867535	1.1077083469081905	1.0419019241475103	0.8775172109968165	0.6484921513138956	0.45821029467194785	0.32346442016314947	0.20267942533456934	0.15680521766574732	0.13541861079444453	0.1020893330998618	0.07852434206551438	0.0570992931207461	0.04027447896734852	0.0282805520461146	0.02330871054457746	0.01870206874096251	0.011135387280504571	0.006246836938142667	0.003434158562917405	0.001928510685518916	0.001044342995812569	0.0006022591509593957	0.00042286280812042673	0.00040364177138768	0.0003011295754796978	0.00017298933059472002	0.00013454725712922668	0.00011532622039648002	7.688414693098667e-05	6.407012244248889e-05	6.407012244248889e-05	4.484908570974223e-05	1.9221036732746667e-05	3.2035061221244444e-05	2.5628048976995558e-05	8.969817141948446e-05	0.00017939634283896893	0.00040364177138768	0.0006086661632036445	0.00037801372241068446	0.00011532622039648002	3.2035061221244444e-05	0.0	0.0
209110_HY55YBGXT_TCDM_1_H10_A04_2_2_o_AACAAG_S80_R1_001	0.00027912004614253104	0.000299057192295569	0.0004784915076729104	0.001485317388401326	0.00423664355752056	0.009529955861152132	0.01974774326458407	0.026576215821999566	0.03449126284475562	0.055385392013139384	0.07986820748906995	0.10178909968433517	0.12178605727583222	0.13827407714439457	0.14518229828642223	0.147425227228639	0.15004696194776346	0.15143259360539962	0.1488507331785812	0.14257053214037427	0.141125089044279	0.14237116067884387	0.15333659106301473	0.1883262825615963	0.2682243957698958	0.4105656507295102	0.5779579298304166	0.7436156772160087	0.9246649014317463	1.0209812544970724	1.1469242067458132	1.4029570376431262	1.6633561035479547	1.9141354964339423	2.1303339093174856	2.3133070681369916	2.400552019702685	2.5318082214012105	2.859455281280236	3.3090578641773942	3.797029484846074	3.90125091636108	3.701540523346099	3.632368594768134	3.5630571061670975	3.422799282980476	3.327619347245873	3.19057140458989	2.9824973787637097	2.836916337554227	2.786594980663959	2.682622763475866	2.4964795984180275	2.5937529344986996	2.965490993095168	3.4853221733164026	3.7837712826543037	3.7546829864170217	3.6008778724194106	3.074038785325383	2.2103715825488566	1.5629526355212557	1.0851190536713957	0.568667219723101	0.37326325027717616	0.2978310578071572	0.1892134855654065	0.13284120481769174	0.09128222366168418	0.05952234983989475	0.037192746148492266	0.02825093609885475	0.023007466660605776	0.013527353664836237	0.007296995492011883	0.0041070521075258146	0.0024323318306706276	0.0016647517037786674	0.0014155373768656933	0.001455411669171769	0.0010965430384170863	0.000857297284580631	0.0007775486999684793	0.000588145811514619	0.0004784915076729104	0.00030902576537208796	0.00025918289998949314	0.00020934003460689832	0.0001495285961477845	0.00010965430384170863	8.97171576886707e-05	8.97171576886707e-05	5.98114384591138e-05	3.987429230607587e-05	0.00022927718075993624	0.0005083972269024673	0.0004585543615198725	0.0001794343153773414	1.9937146153037934e-05	0.0	0.0
209111_HY55YBGXT_TCDM_1_A11_A04_2_2_i_GCAGCC_S81_R1_001	2.6031811524478204e-05	1.952385864335865e-05	6.507952881119551e-05	0.00013015905762239102	0.00018873063355246696	0.000390477172867173	0.0009957167908112912	0.0014447655396085401	0.001724607513496681	0.002473022094825429	0.003501278650042318	0.004562074969664804	0.00563588719504953	0.006891922101105604	0.007575257153623157	0.008499386462742132	0.011603679987036158	0.01718750355903673	0.027919117860002868	0.049330282838886186	0.08877498525135179	0.11413647762907467	0.1586183355715268	0.27973784664204276	0.48930694531985447	0.8115677560871324	1.1717178685282883	1.5266095550414995	1.9264191323401978	2.142157770349311	2.4009725484785545	2.9875343416538596	3.6522566489314103	4.207586776230222	4.512237066501191	4.5536536786366355	4.508774835568436	4.551792404112636	4.718526156926918	4.812924013467558	4.72754617962015	4.386985005351164	3.888046289767253	3.6736092423343636	3.5117043905578718	3.181900862401376	2.952619174446653	2.7818635067518382	2.5129028300809297	2.199798709017387	2.046282608504658	1.8623938918957437	1.6040541943268223	1.5403608594793052	1.502230763548826	1.396795418921808	1.2477828218028135	1.155317827267867	1.0621564817746407	0.8588935894386338	0.5975797574030405	0.3945446434178727	0.27870308213394474	0.17846759185894143	0.14225083407551112	0.1282977830983908	0.1080840814496335	0.08957546345572949	0.06510556062271998	0.04569233717834036	0.032116747468324984	0.0257324456919467	0.020740845832128006	0.012820667175805515	0.0075622412478609175	0.003989375116126284	0.0020044494873848215	0.0010087326965735302	0.0006898430053986724	0.0006247634765874768	0.0005661919006574008	0.0003774612671049339	0.00030587378541261886	0.0002668260681259015	0.00016269882202798875	0.0001561908691468692	0.0001561908691468692	0.00013015905762239102	8.460338745455415e-05	7.158748169231505e-05	7.80954345734346e-05	5.206362304895641e-05	9.11113403356737e-05	0.0001561908691468692	0.0004750805603217272	0.0008720656860700197	0.000592223712181879	0.00022127039795806472	0.00014968291626574966	0.0002733340210070211	0.0004555567016783685
209112_HY55YBGXT_TCDM_1_B11_A20_2_2_o_ACTCTT_S82_R1_001	3.458979814258549e-05	7.494456264226857e-05	0.00013259422621324438	0.00029401328421197663	0.000743680660065588	0.001568070849130542	0.0030669621019759137	0.004047006382682502	0.005211529586816213	0.0076847001540110765	0.010474943870846305	0.014083812810389392	0.01821152872207126	0.021088246934262953	0.021964521820541785	0.023797781122098818	0.02810421099085071	0.03577738121214759	0.05073170394245872	0.07803458460967286	0.12906030183634357	0.1625374614720092	0.22298889869253447	0.37252059606293153	0.6078407577932977	0.9547130185335021	1.3338517959743816	1.6816291564326502	2.0415936557698235	2.232287212929897	2.4936189028634876	3.1222135395423365	3.786435668308049	4.249944728385051	4.524339832083825	4.636814325710799	4.6414435936955485	4.661563326281819	4.764565980184081	4.872134487441165	4.864196128767442	4.527597038075585	4.011557604552709	3.7994933171068745	3.5857514244511246	3.193745242101204	2.9754720858887747	2.819120433317931	2.5031310973526986	2.09822868526195	1.8929728230838476	1.7299222796060567	1.5036473500899767	1.3956407053897535	1.2532402714030861	1.0861196616771844	0.9468150146242783	0.877012801972541	0.8088824295643617	0.6611955214282359	0.46733699773811543	0.3089618419759307	0.220481138327197	0.14950287253861158	0.12293214259874884	0.10615609049959486	0.08047893034508224	0.061546780828373775	0.0412540992513903	0.026230596924793993	0.01817117395757158	0.01487361320131176	0.011806651099335846	0.007015964056587757	0.004081596180825087	0.0021157426530548124	0.0010838136751343452	0.000674501063780417	0.0004150775777110259	0.0002882483178548791	0.0002824833514977815	0.0002709534187835863	0.0002190687215697081	0.00012106429349904922	6.917959628517098e-05	6.917959628517098e-05	6.917959628517098e-05	5.764966357097581e-05	4.611973085678065e-05	4.611973085678065e-05	3.458979814258549e-05	2.3059865428390325e-05	0.00010953436078485404	0.00019600885614131776	0.0005073170394245872	0.0008243901890649542	0.0005303769048529775	0.00013259422621324438	1.7294899071292744e-05	0.0	0.0
209113_HY55YBGXT_TCDM_1_C11_C17_2_1_i_TGCTAT_S83_R1_001	0.0	4.865995353947636e-05	0.00012512559481579635	0.00025720261156580364	0.0004935509573289745	0.0009453933830526836	0.001897738188039578	0.002530317584052771	0.003447905279368611	0.005088440855842385	0.0076187584398951565	0.009912727678184755	0.01155326325465853	0.013833329649079708	0.014959460002421876	0.01606473608996141	0.017635757447093076	0.020374617689172175	0.028653761212817364	0.046790021039173624	0.08227703001332032	0.10563380771226898	0.14933739741265295	0.26766450157679106	0.48710003777402683	0.8240771674568348	1.1846057146527493	1.5146036167136097	1.867346571343208	2.0584550631585343	2.3062802065350874	2.87208424344825	3.452986768802519	3.9125730785609387	4.214292596193429	4.318563925206593	4.317778414528027	4.397636349708242	4.6505221282529	4.825468564071186	4.8756578304361895	4.655534103467467	4.245115201049721	4.103090699511857	3.96924802159056	3.627870641823397	3.329418292499986	3.139679230805699	2.8465099621522882	2.4315726354773046	2.21098316323899	1.9682603635621478	1.598104096987351	1.3905972008292211	1.2349062037686995	1.1256368023848382	1.0370200755675174	0.9820551823337119	0.8990691072831021	0.7152943656083683	0.49619944908590885	0.32481909271987314	0.22029056109514367	0.13824987942758657	0.10766362291705854	0.09050056216149183	0.06553105457380623	0.049292532935489554	0.034381732886607154	0.02341238907442234	0.015744970680987708	0.012568170857053324	0.009738942129829483	0.005408206264816087	0.0030099656975133234	0.0015501670913290327	0.0008272192101710981	0.00045879384765791997	0.0002641540335000145	0.00027805687736843636	0.00022939692382895998	0.00019463981415790543	0.00019463981415790543	0.00012512559481579635	8.34170632105309e-05	6.951421934210909e-05	4.170853160526545e-05	5.561137547368727e-05	4.170853160526545e-05	2.0854265802632726e-05	2.0854265802632726e-05	3.4757109671054545e-05	9.03684851447418e-05	0.00012512559481579635	0.00028500829930264723	0.0005630651766710835	0.0004031824721842327	7.646564127631999e-05	1.3902843868421818e-05	0.0	0.0
209114_HY55YBGXT_TCDM_1_D11_A03_2_3_i_AAGTGG_S84_R1_001	6.999130358053011e-05	9.498819771643374e-05	6.999130358053011e-05	6.499192475334939e-05	0.000269966456667759	0.000539932913335518	0.0009848776289546023	0.001319836010375711	0.0017097875588958072	0.002439696867664193	0.003329586298902361	0.004459445913845205	0.005999254592616868	0.007869022273982456	0.008778909220529348	0.009968761381398362	0.013953266306661398	0.022007265597249543	0.034665692787671135	0.06020751921573744	0.10350713923794967	0.1286640134963231	0.17783790364047267	0.30799673140612277	0.5279743991809017	0.8704018525698182	1.2544691322103227	1.6697575326265712	2.1913827206969536	2.478352064755954	2.8135704138760755	3.5608075696594703	4.362727931054566	5.103700865167503	5.540671571557234	5.529058014541693	5.431545130517533	5.463191198493587	5.548095649115598	5.443128691260111	5.078858951775242	4.491356948899099	3.7944185434959707	3.4789377419855585	3.266564129406921	2.8727630591898956	2.575230027669062	2.3288956347173864	2.0006464196823543	1.6124796494035616	1.42233327509057	1.2741816829258965	1.06962709883297	0.9476422554497604	0.8380108771485144	0.7549212010407708	0.6747011683798287	0.6335212849803412	0.5824476308818629	0.4613326794145827	0.3081567115285926	0.19830036118012334	0.14972639649523548	0.10911644228204645	0.09035877292246439	0.07839026001019374	0.059477609906969056	0.04571931937456771	0.033020897153528676	0.023337100365279615	0.016517947645005106	0.01349832283338795	0.010823655160846265	0.006424201792927228	0.003779530393348626	0.0021347347592061685	0.001189852160869012	0.0007149111722868434	0.00042994657913754213	0.0003999503061744578	0.0002999627296308434	0.0001999751530872289	0.00014498198598824098	8.49894400620723e-05	8.998881888925302e-05	6.999130358053011e-05	3.9995030617445786e-05	3.9995030617445786e-05	2.4996894135903612e-05	1.4998136481542167e-05	2.9996272963084335e-05	5.999254592616867e-05	0.00013998260716106023	0.0001999751530872289	0.0005699291862986024	0.001099863341979759	0.0007249099299412048	0.00011498571302515662	1.9997515308722893e-05	0.0	0.0
209115_HY55YBGXT_TCDM_1_E11_C14_2_3_i_CTCATA_S85_R1_001	8.430759541880957e-05	8.430759541880957e-05	0.00017915364026497034	0.0006112300667863694	0.0015386136163932748	0.003003458086795091	0.005869916331034617	0.007861683272803992	0.010369834236513577	0.016050058477855872	0.023037050448189714	0.029771119632267133	0.035514574570173534	0.04004610782393454	0.04175333663116544	0.04317602730385785	0.046400792828627316	0.047444099321935086	0.04852955961295226	0.0550212444602006	0.07120830278061203	0.0827479049035616	0.10641726231739239	0.17805764152452583	0.3090927217042106	0.516636944726465	0.7661874271661414	1.0294484323108015	1.3172534861717629	1.4668678526918677	1.6519124861867276	2.040075193944354	2.436774045738135	2.7826775712920835	3.0678058589984976	3.2803453070493163	3.360079215416655	3.5122017329004698	3.851307958573777	4.188422417305315	4.493563220474268	4.378810044659841	3.9337713253428	3.7584958344670945	3.63418428502206	3.35974198503498	3.198746093133336	3.0687437809975315	2.835296049282848	2.605115236890643	2.4892449854369167	2.3239810215171954	2.073028925303681	2.0165744517213606	2.121305562130377	2.3802774183581055	2.5327477046730227	2.5017435864577555	2.4724677739485736	2.298446358554723	1.7728622702644372	1.2417981882719282	0.8118399900854268	0.3894483985877635	0.24678940868971033	0.19563577516934763	0.12473308742212877	0.0872583612584679	0.05721324194108965	0.036768650052028326	0.02389066485180516	0.01913782416006977	0.015533674455915664	0.009189527900650243	0.0049952250285644675	0.0031509963787780077	0.002191997480889049	0.0012962292795641972	0.0010327680438804172	0.0010959987404445244	0.0009800757967436612	0.0008957682013248517	0.0007060761116325302	0.00041099952766669663	0.0002529227862564287	0.00014753829198291675	0.00012646139312821436	0.00012646139312821436	0.00012646139312821436	9.484604484616077e-05	5.269224713675599e-05	5.269224713675599e-05	6.323069656410718e-05	6.323069656410718e-05	0.0003266919322478871	0.0007798452576239886	0.000590153167931667	0.00012646139312821436	4.2153797709404786e-05	2.1076898854702393e-05	0.0
209116_HY55YBGXT_TCDM_1_F11_C14_2_1_i_CCGACC_S86_R1_001	1.5956053200034338e-05	3.9890133000085845e-05	0.00011169237240024037	0.0002552968512005494	0.0006541981812014079	0.001228616096402644	0.0021301331022045844	0.0027603972036059406	0.003486397624207503	0.005233585449611263	0.007339784472015795	0.009453961521020343	0.011823435421225444	0.013945590496830012	0.014727437103631693	0.015269942912432862	0.016402822689635298	0.018931857121840742	0.02302458476764955	0.03142544677746763	0.04939994070730631	0.06112763980933155	0.08865183157939079	0.16432341388055363	0.30109870191124793	0.521874632013523	0.7828279040734847	1.0531473793618664	1.3497225401909045	1.5047834651888383	1.6827253704756213	2.070569155608856	2.4723106630793206	2.811711870697251	3.109739032367492	3.3591241658574287	3.4580437176710417	3.5995579535021465	3.95422910403251	4.374878534545014	4.788738664420905	4.773229380710472	4.41900499966971	4.286657516402024	4.131716261803091	3.812603175829005	3.5931117080093324	3.3977457926281116	3.0769413650148216	2.696924023976204	2.4976648316141747	2.291775899147532	1.9813748182206639	1.8181763060907126	1.6775157191058099	1.5857444791258126	1.531685370884096	1.4874232793072009	1.4301968945052776	1.293700837405584	1.0658882878420939	0.8474259854538236	0.6834137146106707	0.5439498316157706	0.49857879434147295	0.4802053990816334	0.4496734912833677	0.41444252581769186	0.35880376830917216	0.29063950903862545	0.22423839364668258	0.19343523294401627	0.1619938301133486	0.10741615014263116	0.06703137949334426	0.038932769808083786	0.021117836410245446	0.010658643537622936	0.005552706513611949	0.003941145140408481	0.0030396281346065416	0.001571671240203382	0.000805780686601734	0.00043081343640092706	0.0003111430374006696	0.0002792309310006009	0.00019147263840041206	0.0001276484256002747	0.0001037143458002232	0.0001276484256002747	9.573631920020603e-05	0.00013562645220029188	0.00016753855860036056	0.00014360447880030903	0.00040687935660087564	0.0007658905536016482	0.0005744179152012361	0.0002632748778005666	0.00036698922360078976	0.0010690555644023007	0.0016434734796035367
209117_HY55YBGXT_TCDM_1_G11_A20_2_3_o_GGCCAA_S87_R1_001	4.068910250215601e-05	6.103365375323402e-05	0.00011528579042277537	0.0002644791662640141	0.0006442441229508036	0.0013902110021569972	0.002658354696807526	0.0034450106785158755	0.004387641553149157	0.0071341559720446875	0.010653763338481182	0.013780042714063502	0.01727930552924892	0.019985130845642293	0.02060224890025833	0.022039930522001174	0.02391162923710035	0.02652929483140572	0.03293782847549529	0.045992248861603684	0.07267751858593434	0.09053325306729713	0.12596667982959134	0.2195244895162154	0.39107652718238883	0.6580512917332019	0.9485918281498468	1.2179943758166218	1.5004716884207563	1.6505398799657913	1.8534564341440434	2.339840402420649	2.850888748330645	3.224482524471274	3.4667590038032783	3.623188258372817	3.6833538779393384	3.777379612304737	4.03408715999084	4.294687298482981	4.461275265643891	4.32818121135934	3.9761933486473557	3.8259691822093953	3.706438162092228	3.454837096770146	3.266222762121402	3.0797446053540214	2.769422383604245	2.4525899054541234	2.316145781730227	2.173225309191404	1.943562451635068	1.967453736320917	2.046872082888042	2.047767243143089	2.0274430364432625	1.9750083463521508	1.9298637871260085	1.718110916187705	1.3051097442737378	0.9404540076494156	0.6296231721183622	0.350448458333986	0.26384170365814696	0.22968998362467072	0.1711180205728171	0.12271155162941884	0.08050338930051568	0.05122079853313073	0.032897139372993135	0.02563413457635829	0.020636156485676793	0.012199949233563111	0.006815424669111132	0.003519607366436495	0.001844572646764406	0.0012884882459016072	0.0008748157037963543	0.0006917147425366522	0.0006510256400344962	0.0006238995716997256	0.0005153952983606428	0.0003526388883520188	0.0002644791662640141	0.00016275641000862404	0.00010850427333908271	0.00010850427333908271	8.81597220880047e-05	7.459668792061936e-05	4.747061958584868e-05	3.3907585418463345e-05	9.494123917169736e-05	0.00013563034167385338	0.0004475801275237162	0.000840908118377891	0.0005153952983606428	6.781517083692669e-05	1.3563034167385339e-05	0.0	0.0
209118_HY55YBGXT_TCDM_1_H11_C14_2_2_i_AGACCA_S88_R1_001	6.429875430272529e-05	0.00015538865623158612	0.00028398616483703667	0.0007662268221074762	0.0017682157433249455	0.003975806307718514	0.007956970844962254	0.010287800688436046	0.013550962469299353	0.020736348262628903	0.029657800422132036	0.03856317789305949	0.047173852740099456	0.0551897641098392	0.05850114995642956	0.060269365699754496	0.06365576675969803	0.06832278467617084	0.07558854391237879	0.08800891995185522	0.1120191464543979	0.12782592355381786	0.16090763264257005	0.24648391638997214	0.39903271097318793	0.6317191863357002	0.8859082367829489	1.1468540146615092	1.4874070085963684	1.6885710196619699	1.938194858553725	2.509934023584033	3.1238531714369286	3.636951872543151	4.058017623324073	4.3607683079584545	4.463748121203795	4.567778147436079	4.799312603450668	4.873534798834114	4.777520683971569	4.513617163395083	4.129169553189564	3.965893583096843	3.7668407144641813	3.4366291035130105	3.3330063027246433	3.3172638243795265	3.0675596120448927	2.6378403205807293	2.41454682157594	2.2065617843247245	1.9848436048003522	1.8554584364546929	1.6359960715604411	1.3650679120763831	1.1179195752252826	1.0378890590364906	0.9412480313194945	0.75864492732928	0.5287500895494109	0.32202959446614915	0.22228615185404654	0.15509931183722386	0.1248681808558925	0.10845056559059664	0.08589777751891575	0.07106619819308713	0.053014322922596994	0.0401867214392033	0.03485528306160233	0.03299597741634853	0.028741543173318205	0.02037198865491346	0.013604544764551625	0.008755347044221094	0.00572258913294255	0.0038150594219617004	0.0022129487939187955	0.0016824840709213115	0.0015646030213663153	0.0012484674793779161	0.0009055407897633811	0.0006804951497038427	0.0004929571163208938	0.00035364314866498907	0.00032149377151362643	0.0002196874105343114	0.00011252282002976926	9.108990192886083e-05	9.644813145408793e-05	0.00010716459050454215	0.00012859750860545058	0.00016074688575681321	0.0005304647229974836	0.0009269737078642896	0.0006215546249263445	0.0001714633448072674	2.6791147626135537e-05	5.3582295252271065e-06	1.0716459050454213e-05
209119_HY55YBGXT_TCDM_1_A12_C14_2_3_o_CGCGGA_S89_R1_001	8.745981494815054e-05	0.00010385853025092876	8.745981494815054e-05	0.00016398715302778227	0.0003061093523185269	0.0005466238434259408	0.0010331190640750284	0.0013118972242222582	0.0017929262064370862	0.002672990594352851	0.0035421225054000968	0.004952412021439024	0.006783601896915927	0.009101286993041914	0.010527975224383621	0.012413827484203117	0.018448554715625506	0.029785533228279516	0.048037303360271684	0.08348039336800969	0.14362541486016597	0.17939101293552528	0.2464234948548484	0.41406209515671594	0.6758129225812277	1.041159900811824	1.4317445018933956	1.8111342466616043	2.2368940920676352	2.4696465245984007	2.7509336881869557	3.3418449954072664	3.9364296148553994	4.442898470743271	4.813033873842278	4.976376010734818	4.991091124599844	5.03673421552591	5.132972809399481	5.043862190444185	4.7744750279270125	4.3618560197169405	3.8627939169074907	3.646669781693743	3.419963008871268	2.992863935048843	2.760335618293882	2.7080018515242825	2.488357458758871	2.02720371949101	1.7654966219739725	1.546382454336684	1.2423830700537812	1.0756737302857378	0.9193502435427872	0.7634804545898801	0.6326788350964867	0.583247640935479	0.5430598559668037	0.4542280151716541	0.341470448749751	0.25033732157377814	0.19182670537346544	0.14825531881398368	0.13617493187427038	0.12765853239369424	0.11743120028319487	0.11158779139697159	0.10298393210144727	0.09350000841800718	0.08318521649255968	0.07788296521132805	0.07109389707597787	0.05888232041384235	0.047381354748160555	0.03606624118924358	0.026768169612568327	0.018727332875772735	0.012315435192386447	0.00988295908914101	0.007734727384477063	0.0037717045196389923	0.00129549850891948	0.00041543412100371503	0.00019678458363333874	0.00016398715302778227	0.0001311897224222258	9.292605338240995e-05	4.372990747407527e-05	3.826366903981586e-05	5.4662384342594087e-05	4.9196145908334685e-05	9.292605338240995e-05	0.00015305467615926344	0.00046463026691204976	0.0008308682420074301	0.000535691366557422	0.00014212219929074464	7.652733807963172e-05	0.00020225082206759814	0.00034983925979260215
209120_HY55YBGXT_TCDM_1_B12_C17_2_2_i_CCTGCT_S90_R1_001	2.4484891444703473e-05	3.672733716705521e-05	5.509100575058282e-05	5.509100575058282e-05	0.0001958791315576278	0.0004407280460046626	0.0007773953033693352	0.0010161229949551941	0.0012487294636798771	0.001860851749797464	0.002864732299030306	0.003874734071124325	0.004633765705910132	0.005625403809420623	0.006243647318399386	0.006684375364404048	0.008190196188253313	0.011085534601589498	0.01651505927945249	0.02873302011035953	0.052012030651411356	0.06667235940392756	0.09825786936759505	0.18627493288844285	0.34875055129263394	0.5975598969308495	0.8815846376894098	1.165284953636328	1.4615276552257952	1.6153295008357	1.8147895477671157	2.235635861918679	2.6594999389408023	3.0274833724632506	3.2995472437510736	3.4511760552452606	3.4962466191720982	3.616840830760124	3.9098576479017515	4.150556373248909	4.321711885670248	4.2054025300850455	3.8639668401115164	3.741719898350973	3.6359757734241596	3.364719903554013	3.1495221926465136	3.0142921371974167	2.737178257049124	2.3954120210410914	2.245215575696419	2.09134027541218	1.8742939552006062	1.8788971147922107	2.030323925931979	2.272981442594713	2.4741493107043966	2.516312293772176	2.4976486852684507	2.244199452701464	1.6537279318438562	1.1547258442007995	0.7571034495845373	0.3966062716213069	0.2904152974256279	0.2546245073563326	0.19389585535060683	0.1479071079945925	0.1085170388829258	0.07713965049653829	0.05382391261831941	0.043546379434405126	0.034468605931281315	0.019367549132760446	0.010259169515330756	0.005086736197637147	0.0021730341157174334	0.0011018201150116563	0.0007835165262305111	0.0007100618518964008	0.0005631525032281799	0.0004040007088376073	0.0004162431545599591	0.0002938186973364417	0.00012854568008469324	9.181834291763803e-05	7.345467433411042e-05	8.569712005646216e-05	7.345467433411042e-05	5.509100575058282e-05	4.896978288940695e-05	3.672733716705521e-05	6.733345147293456e-05	9.79395657788139e-05	0.0002509701373082106	0.000465212937449366	0.0003795158173929038	0.00013466690294586912	1.8363668583527605e-05	6.121222861175868e-06	1.2242445722351737e-05
209121_HY55YBGXT_TCDM_1_C12_A03_2_3_o_GCGCTG_S91_R1_001	5.3900190860575834e-05	4.4916825717146535e-05	6.288355600400515e-05	0.00018865066801201545	0.0002964510497331671	0.0004356932094563214	0.0008129945454803522	0.0010600370869246582	0.0014822552486658356	0.0022233828729987535	0.003189094625917404	0.004698299970013527	0.006755490587858838	0.009998485404636819	0.0120466926573387	0.015384012808122686	0.023761000804370516	0.038866529293046896	0.062115478284241944	0.1021363699982195	0.16670879864918933	0.20444342393416415	0.26781208165591447	0.43413908728650813	0.7113522605650213	1.098822765931414	1.5032269145931711	1.9154241325168533	2.3965956280117857	2.65675837424807	2.9391100323886246	3.5926812883511086	4.293855396208625	4.891599529487268	5.243576759171971	5.250426575093836	5.173088784574053	5.159047784854873	5.155310704955206	5.005072906296495	4.656271296189994	4.160614124401281	3.6082449684621003	3.3632730926833547	3.165993902451075	2.7914324927957903	2.5192005954893086	2.332422959109698	2.0816208793528674	1.730425202435642	1.5382036467791131	1.3780976215103444	1.142666079513921	1.0170561763959207	0.9278513605216676	0.8513490229602236	0.7747433766996302	0.7357196385165733	0.6930217039898539	0.5892279031226716	0.4426059089341902	0.3090008108385378	0.21517854528056218	0.13910740924600282	0.10877956852178546	0.09726738609048081	0.07750847445750805	0.061015016054171846	0.045307602100885705	0.03133846930285314	0.02043715570130167	0.016044290146164743	0.013025879457972494	0.007671793832488627	0.0039841224411108975	0.001967356966411018	0.000997153530920653	0.0005973937820380489	0.00039077638373917484	0.0002784843194463085	0.00027399263687459384	0.0002021257157271594	0.0001617005725817275	0.0001617005725817275	0.00013475047715143958	9.881701657772236e-05	6.288355600400515e-05	4.4916825717146535e-05	3.593346057371722e-05	2.2458412858573267e-05	1.796673028685861e-05	8.534196886257842e-05	0.00013025879457972495	0.0001257671120080103	0.000556968638892617	0.0011768208337892391	0.000866894736340928	0.00026950095430287917	0.00018865066801201545	0.00032789282773516967	0.0004491682571714653
209122_HY55YBGXT_TCDM_1_D12_C17_2_3_i_GAACCT_S92_R1_001	2.1017187751056878e-05	2.1017187751056878e-05	5.254296937764219e-05	0.00013661172038186969	0.0003572921917679669	0.0010193336059262585	0.0021437531506078014	0.0027742687831395075	0.003646482074808368	0.006168544604935193	0.008165177441285597	0.010350964967395512	0.01264183843226071	0.014827625958370626	0.01656154394783282	0.017675454898638834	0.02011344867776143	0.022393813548751102	0.02530469405227248	0.03378512930982393	0.051302955300329835	0.06229494449413258	0.08538232523866855	0.1513973119647382	0.2893120979871734	0.513838714731714	0.7661710708709029	1.0033080002660777	1.2585827626904145	1.3995135151551263	1.5910221299427565	1.9902015768985797	2.38802541524446	2.7515492031806152	3.043730147295808	3.237256412107539	3.3119725145625467	3.4596182585137214	3.824665792561828	4.233040259158739	4.583827631317754	4.534353171351765	4.237033524831439	4.149003033936138	4.035173945076414	3.759312847249917	3.5074428692412516	3.322449582656448	3.0376456714418767	2.6501622894695167	2.4523275011688184	2.255585606631175	1.9828140354040833	1.9149495361559206	1.9493861982860274	2.1782423557072854	2.4472413417330627	2.5136556550264024	2.467733099790343	2.117282002635345	1.4311338741265913	0.912913075748782	0.6063038322424887	0.3410353970425244	0.2457749935608591	0.20751320326006006	0.1493376275651346	0.11209517087026186	0.08220872988825897	0.061548834328970056	0.044104568495592855	0.03476242854024807	0.02783726517627483	0.01621476034994038	0.008848236043194945	0.004644798492983569	0.002227821901612029	0.001061367981428372	0.0006094984447806494	0.0004413609427721944	0.00039932656727008066	0.00024169765913715406	0.0002206804713860972	0.00023118906526162566	0.00016813750200845502	0.00013661172038186969	8.406875100422751e-05	7.356015712869906e-05	5.254296937764219e-05	4.2034375502113755e-05	2.1017187751056878e-05	1.0508593875528439e-05	5.254296937764219e-05	8.406875100422751e-05	0.00033627500401691004	0.0007250929774114622	0.00048339531827430813	5.254296937764219e-05	0.0	0.0	0.0
209123_HY55YBGXT_TCDM_1_E12_A03_2_2_o_TTCGAG_S93_R1_001	1.3593741387090419e-05	2.7187482774180837e-05	4.078122416127125e-05	0.00017671863803217543	0.0003738278881449865	0.0005233590434029811	0.0009447650264027841	0.0012778116903864993	0.0018079676044830257	0.0027187482774180837	0.0038470288125465883	0.0054374965548361675	0.006334683486384135	0.007259057900706283	0.00812905734948007	0.008781556936060409	0.010392415290430624	0.013301475947267974	0.019187565967878125	0.03399115033841959	0.06717347306430729	0.08948759955121623	0.13807842813937093	0.2680345957999553	0.508684599575617	0.8705296046878832	1.247538428317449	1.6130877279576974	2.0280910587641805	2.251993573150947	2.514216844507921	3.061283372889988	3.612339664369166	4.087257410339251	4.362748173290024	4.403413850649505	4.377293476574211	4.435128049305588	4.574769757704473	4.645715494003698	4.587527483996258	4.240757938082275	3.7378642723375584	3.5344135418676697	3.387070978972997	3.0875600749912335	2.823345320521051	2.608659362794732	2.3477750749643858	2.026187934969988	1.8628455384627096	1.7064563406749278	1.4922529607678507	1.428042923325929	1.4548429844705777	1.5898560239271597	1.6665179284796563	1.6413627100428454	1.572802675357055	1.3195648670569475	0.8917630287345185	0.5678105777387668	0.37458234079197006	0.20521111997951696	0.148239749826221	0.12290101588068446	0.08555221141965354	0.06292542888084154	0.04496129963780156	0.03127919893169505	0.020424596434103354	0.01590467742289579	0.012710148196929541	0.007265854771399828	0.003683903915901503	0.0018487488286442967	0.0010807024402736882	0.0006321089744997045	0.0003738278881449865	0.0002990623105159892	0.00035343727606435086	0.00032624979329017	0.0002786716984353536	0.0002786716984353536	0.00020390612080635625	0.00010195306040317812	4.078122416127125e-05	4.078122416127125e-05	3.398435346772605e-05	2.0390612080635626e-05	6.796870693545209e-06	2.7187482774180837e-05	6.79687069354521e-05	8.15624483225425e-05	0.0003602341467578961	0.0006796870693545209	0.00041460911230625775	7.47655776289973e-05	2.0390612080635626e-05	0.0	0.0
209124_HY55YBGXT_TCDM_1_F12_C17_2_2_o_AGAATC_S94_R1_001	4.638061346014102e-05	8.696365023776442e-05	0.000295676410808399	0.0007536849687272917	0.0016523093545175239	0.003768424843636458	0.007316541773337247	0.00935728876558345	0.012447397137365347	0.019265347316006078	0.02747471589845104	0.03572466751767362	0.04289047229726541	0.04902430842736906	0.05176076462151738	0.05362178673660554	0.05761051949417766	0.062451496024079886	0.07030721242889128	0.08805359465407774	0.12125051873817366	0.1418435111144763	0.18208449086783113	0.29023828388019746	0.47609119959166507	0.7495454989759741	1.0608811644038532	1.3776375640298864	1.7266110972806699	1.9146496994014468	2.1518401566366077	2.6963717489653933	3.28546351567601	3.784884163838126	4.12236690010416	4.301917849961731	4.361656080098392	4.454672400392705	4.696779202654641	4.857517016177442	4.886354162596285	4.639371598344351	4.209063861814528	4.042928504400303	3.9177414310947	3.624894237707369	3.3983655239913575	3.247912611503343	2.9563060995260715	2.5173367834325666	2.2783896604626026	2.056719316006541	1.741621023311708	1.5289253275601837	1.3120727693272944	1.093370784132682	0.9010013922300645	0.8297491748019229	0.7713965654923829	0.6595091330964753	0.5015367636512349	0.3473270214729486	0.2598705772171701	0.1909895686521782	0.15979280852355085	0.14193047476471404	0.1132382677629343	0.09147996247344566	0.0681795017864073	0.047458962723089304	0.033179531354048386	0.027248610407832847	0.021903244706551597	0.012922798425331792	0.007745562447843551	0.004597478309236479	0.002243662176134322	0.0011885032199161138	0.0008464461956475737	0.0008116607355524679	0.0005855552449342804	0.0003768424843636458	0.0003362594475860224	0.00024349822066574038	0.00017972487715804645	0.00010435638028531729	5.7975766825176274e-05	4.0583036777623394e-05	3.478546009510577e-05	2.319030673007051e-05	5.797576682517628e-06	5.7975766825176274e-05	0.0001391418403804231	0.00017392730047552883	0.00045221098123637496	0.000794268005504915	0.0005101867480615512	0.00011015395696783493	3.478546009510577e-05	5.797576682517628e-06	0.0
209125_HY55YBGXT_TCDM_1_G12_X8_415_3_i_AGGCAT_S95_R1_001	2.311404156066471e-05	1.7335531170498532e-05	6.356361429182795e-05	0.0001791338220951515	0.00034671062340997064	0.0008898906000855913	0.0018722373664138414	0.0024154173430894622	0.0030799460379585726	0.004784606603057595	0.006599058865569775	0.008852677917734584	0.011060068886778063	0.013342580490893704	0.014896999785848403	0.016503425674314603	0.020328799552604613	0.02807200347542729	0.041437698007881656	0.06716362626490148	0.11223600730819766	0.13942389869392952	0.18690014005953484	0.31064694006494353	0.5304845893484256	0.8468811472515844	1.1876283479389036	1.5012685563859531	1.8236632080741044	2.000335384743045	2.2503888648567063	2.8087258742857326	3.404709878906692	3.9011185924843073	4.246644621264294	4.384121161956737	4.384779912141217	4.468591426840187	4.729300480113315	4.904788062152271	4.889278540265065	4.552622524933984	4.025587706288487	3.8211093376220666	3.664413471371931	3.383340947483857	3.2578721513821796	3.181774948054081	2.9221811472862553	2.506134177704681	2.2746759440265745	2.0302449545225456	1.7117854684100973	1.538123895654433	1.3929041510391669	1.2607958464991877	1.0916935184413648	1.0091128264554998	0.9208865298184427	0.7332525189393567	0.49434000685793617	0.3058912260138367	0.20507355523660745	0.1208402092791551	0.08848055109422451	0.07306926388365131	0.05148652757638064	0.039386326819372666	0.027569273071482835	0.017994281354977475	0.01190950991413249	0.009511428102213528	0.007390714789022541	0.004437895979647624	0.0029759328509355813	0.0019184654495351709	0.001173037609203734	0.0006876427364297752	0.00047383785199362654	0.0004276097688722971	0.0003813816857509677	0.0003062610506788074	0.00020802637404598236	9.823467663282501e-05	6.934212468199413e-05	7.51206350721603e-05	6.934212468199413e-05	4.044957273116324e-05	1.1557020780332355e-05	1.7335531170498532e-05	1.7335531170498532e-05	6.356361429182795e-05	9.245616624265884e-05	6.934212468199413e-05	0.00027158998833781033	0.0004853948727739589	0.0002773684987279765	3.4671062340997064e-05	1.1557020780332355e-05	5.778510390166177e-06	0.0
209126_HY55YBGXT_TCDM_1_H12_X8_415_3_o_ACACGC_S96_R1_001	6.993941498177205e-05	9.991344997396006e-05	0.00020482257244661814	0.00046459754237891427	0.0009741561372461105	0.0020132560169752955	0.00417638220891153	0.0056251272335339515	0.00687904103070715	0.009876444529925952	0.013902956563876542	0.01927830017247559	0.02556285617583768	0.03231200972157868	0.03586892854065166	0.0402701160120046	0.051580318549056876	0.0675514835273944	0.08890298778682966	0.12035074616613359	0.16572643947180754	0.19194372874497467	0.23943259151759788	0.3572205576918994	0.5520517851411215	0.8283824137341028	1.1197300338581704	1.3763827084787803	1.637306683085777	1.7811270986507939	1.9752489406052005	2.422956114266017	2.888647708922146	3.2770162846434276	3.5588371573124777	3.745070832391441	3.825745947572915	3.9309598060679933	4.209673370442854	4.490624996097131	4.669834755642924	4.4845003016137275	4.055067297953148	3.882726588093064	3.7142924941269624	3.415216568647409	3.300710759304752	3.24508394603175	2.9846845170371163	2.584611080651386	2.3731742378164915	2.168816262912252	1.9093160549673847	1.7855982255371285	1.6780264096226645	1.5403706539210409	1.3701281265104104	1.2985451352765667	1.248548444909597	1.1094739182183435	0.8751818737019057	0.6680263221983956	0.5259094309554349	0.3942834519597399	0.34283302089564915	0.31499213806040516	0.259380311804899	0.20327890964452044	0.15138885940054428	0.10800643942185083	0.07324155450341142	0.05829949805980569	0.04666957248283674	0.027241402135400206	0.014942056443605726	0.007608409215517058	0.0034370226791042265	0.001523680112102891	0.0007993075997916805	0.0006494374248307405	0.0005295412848619883	0.00032971438491406817	0.0001748485374544301	0.0001548658474596381	0.00016485719245703408	8.992210497656405e-05	5.994806998437603e-05	6.993941498177205e-05	4.496105248828202e-05	4.995672498698003e-06	4.995672498698003e-06	3.496970749088602e-05	7.993075997916805e-05	9.991344997396006e-05	0.00038966245489844425	0.0006943984773190223	0.0004546061973815182	0.00012489181246745008	2.4978362493490015e-05	0.0	0.0
209127_HY5CNBGXT_TCDM_2_A01_X4_46_1_o_CAGCGT_S1_R1_001	0.0001386865654150724	0.00019069402744572458	0.000320712682522355	0.0005287425306449636	0.000936134316551739	0.0018289290814112677	0.0034758320457152526	0.004507313375989854	0.00594618649217123	0.008884608096903076	0.012785167749201987	0.017223137842484307	0.024374163871698978	0.03487100329155227	0.040253775611724774	0.0475608240270314	0.06423788351819386	0.0859249951849758	0.1177882335890887	0.16831348295186727	0.2395203663821685	0.2797481382628779	0.3439686859603949	0.5112766913130029	0.793789892973844	1.1793385448277451	1.5749073010328856	1.9709614602169787	2.4269715552120754	2.676373339380068	2.9489617837033926	3.597867555370178	4.334882635627226	4.917244859625793	5.2828053102392465	5.409937551173176	5.393173812578629	5.299751074950901	5.156903912573376	4.895462400945288	4.452202802058039	3.9280976034441424	3.426078240372595	3.2169215639059887	2.9777652497580354	2.5283601024408315	2.2353153897187834	2.1141293352770254	1.9271538413664926	1.606406487202784	1.4342444520606483	1.3217436437780092	1.1730023023703442	1.1427772990201968	1.0964733219922393	0.9912535583938916	0.8531564108818332	0.7679595201652867	0.7193672148079806	0.6046214177476851	0.4280820878846363	0.2753881793626416	0.1896885498464653	0.13049539014524472	0.1146937895982649	0.10659796134216003	0.0895741854374599	0.07262842072580573	0.05665346197205708	0.042238727079227996	0.029756936191871475	0.023732738506654267	0.019017395282541805	0.011372298364035938	0.006613615588231266	0.0035538432387612305	0.0017942574400574996	0.0008927947648595287	0.0004680671582758695	0.0004160596962452173	0.0004160596962452173	0.0003987238755683332	0.0003033768618454709	0.00025136939981481877	0.00026870522049170285	0.00017335820676884052	8.667910338442026e-05	0.0001300186550766304	0.00011268283439974633	6.067537236909418e-05	6.93432827075362e-05	6.067537236909418e-05	0.00015602238609195647	0.0002600373101532608	0.0006067537236909418	0.0010748208819668114	0.0007454402891060143	0.00017335820676884052	2.600373101532608e-05	0.0	0.0
209128_HY5CNBGXT_TCDM_2_B01_X8_415_2_i_GATCAC_S2_R1_001	0.00018958015984044935	0.0003385359997150881	0.0008124863993162113	0.0015708070386780087	0.0026541222377662907	0.00426555359641011	0.006939987994159307	0.008652980152717652	0.011408663190398469	0.016771073425885467	0.022600663340979283	0.028220360936249744	0.033447356771850706	0.040116515966237935	0.043955514203007036	0.04910803211867067	0.06292030090704627	0.08465431208875493	0.11982143173915828	0.1859645953634922	0.2888050613569417	0.3475952230674639	0.44362434474664575	0.6849124931835777	1.0947780280386348	1.629664907588474	2.1653371906576524	2.698775136128711	3.266351051811039	3.565880933638955	3.9401663349239557	4.692345931250921	5.422202463756674	5.9777400392891336	6.207660148855633	6.048995096509166	5.8639851726648695	5.704758150558876	5.429088285990879	4.968672555658365	4.301242061500075	3.599944425930287	2.963469663585944	2.704834930523611	2.458570302890867	2.034486256047776	1.8033406461623085	1.7327762023816955	1.5342112971088078	1.1346440273650835	0.9164034097887549	0.7755995167872555	0.5600604164886532	0.43375263499495376	0.350919646584666	0.2932128000732321	0.2502119573894216	0.2336575470033538	0.20957409598362245	0.15801506322701453	0.10565708551107901	0.06715877162347918	0.046372661240972765	0.0330478842921869	0.0268932998173666	0.023237111020443648	0.01790178366493386	0.014909125427452478	0.011598243350238917	0.00849725359284871	0.006046252954911473	0.004698879676045423	0.004143680636512679	0.0032296334372819407	0.0022343375981195815	0.0014489340787805771	0.0010630030391053768	0.0006499891194529691	0.0005010332795783303	0.0005281161595555374	0.0004604089596125198	0.00029114095975497575	0.00021666303981765636	0.00021666303981765636	0.00018280943984614757	0.00013541439988603524	9.479007992022467e-05	7.447791993731938e-05	4.7395039960112336e-05	3.385359997150881e-05	4.7395039960112336e-05	8.80193599259229e-05	0.00022343375981195813	0.0003385359997150881	0.0007650913593560991	0.0012932075189116365	0.0008463399992877203	0.00014895583987463876	0.0	0.0	0.0
209129_HY5CNBGXT_TCDM_2_C01_X8_415_2_o_ACCAGT_S3_R1_001	0.00011538776635823517	0.00018750512033213215	0.0004182806530486025	0.0008509847768919843	0.001694757818386579	0.0034976916677340038	0.006591526153214185	0.008452153885740726	0.010795967889892377	0.01529609077786355	0.021296254628491777	0.02768585219057905	0.033794192072168126	0.04147469027038816	0.04559259118229767	0.04916240020400557	0.058047258213589685	0.07269429280568815	0.09490643782964842	0.1342031840100249	0.1953731236506843	0.23012647653070525	0.2897458930609259	0.44425011221460275	0.6895068096090317	1.0146334765295515	1.3668402098672694	1.7231143619691154	2.114062537861611	2.3261885228404315	2.5976310314627824	3.180945037345251	3.787264479145392	4.308615254493488	4.624532535311541	4.6863443194025685	4.659141653483615	4.705065984494191	4.810602520299593	4.770974034290936	4.561408215378189	4.123345772134547	3.591090852865597	3.3865732487310227	3.1993565978147864	2.870205782542523	2.698963125531505	2.6294492080360654	2.4377252224964603	2.1199545256812784	1.9537023895652534	1.787486312126216	1.5771704727321398	1.5125893822485152	1.494466291194875	1.3873792322790353	1.1437523870844166	1.0095708382805837	0.949965845221158	0.7715619349605316	0.5132231495552378	0.3425141609636263	0.24198256952401392	0.1316213827377594	0.09062266700359894	0.07624246662120387	0.05671308716507259	0.04602529530614105	0.03336869968372213	0.023329964010555673	0.01878657071020016	0.01716393024578748	0.014387412117792446	0.010024312202371679	0.007053077218647125	0.004680416272905914	0.002956811512929776	0.0018462042617317627	0.0012981123715301455	0.001125030721992793	0.001002431220237168	0.0007572322167259183	0.0005841505671885655	0.0005480918902016171	0.00044712759463816126	0.000310104622087757	0.0002884694158955879	0.0002596224743060291	0.0002956811512929776	0.0002596224743060291	0.00014423470794779395	0.00011538776635823517	0.00010096429556345578	0.00010096429556345578	0.0004903980070224995	0.0010384898972241165	0.0007067500689441903	0.00012981123715301456	2.1635206192169094e-05	0.0	0.0
209130_HY5CNBGXT_TCDM_2_D01_X4_46_3_o_TGCACG_S4_R1_001	0.0020834066716428957	0.003290345709008435	0.006817768728927957	0.012213073592389387	0.019023658160380645	0.027493783904749523	0.03957754260027831	0.04692693923852205	0.05350763065653892	0.06664027684882586	0.08158333159716111	0.09804942846407669	0.11447242036537206	0.13424323126316945	0.14566604715252188	0.16190943503039978	0.19083286696155252	0.2215307866440701	0.26143161648649993	0.320435130259614	0.4005600771866251	0.4435644645537091	0.5109159733352683	0.6803544090273294	0.9357513303270014	1.2673650150041202	1.6075996928052783	1.9383728306528032	2.3058282942431165	2.5044416074991145	2.7242769321621236	3.236126846419163	3.826054221736254	4.281084607144935	4.516473640235899	4.581734558184879	4.568724042728515	4.565218172191407	4.564205205499332	4.447096198070191	4.15123089821409	3.7317908460858176	3.31464972545729	3.1406852683751083	2.942926870270577	2.596952047880996	2.4125777416015364	2.3202397210821357	2.213166986481564	2.0973295755382195	2.0323847606704546	1.924356532665302	1.7890572297444378	1.7544152057076723	1.6988960099888575	1.4265085480738906	1.0056819528848358	0.8090945730129868	0.6972515555504468	0.527856224824006	0.38507102620710065	0.27791926583622556	0.21964135231771809	0.14915754936775794	0.11503278491843463	0.09487402933005544	0.06911881237198723	0.055016304453245846	0.03773121323954651	0.024555462081639366	0.01672472666063676	0.013290697732894333	0.01114263361282114	0.007378133281990529	0.005294726610347634	0.0039872093198683	0.0024929038450347747	0.0016451728545042175	0.001235675681112338	0.0010201508530113489	0.0008118101858470593	0.0005962853577460701	0.0005028912655689748	0.000459786299948777	0.0004023130124551798	0.0003376555640248831	0.00037357636870838124	0.000258629793721187	0.0001652357015440917	0.0001652357015440917	0.00011494657498719424	9.339409217709531e-05	0.0001436832187339928	0.00018678818435419062	0.000517259587442374	0.0010201508530113489	0.0007615210592901618	0.0001652357015440917	2.1552482810098917e-05	2.873664374679856e-05	1.436832187339928e-05
209131_HY5CNBGXT_TCDM_2_E01_X4_46_1_i_ACATTA_S5_R1_001	0.0048887169849844495	0.006464369640684095	0.010975648917269008	0.017715607995832126	0.02843963177416811	0.042362889461795394	0.0608992746965281	0.07243209356429166	0.08546867219091686	0.11127822215576125	0.13870536229946076	0.16699521720521635	0.19305040123425724	0.21714650382446246	0.22882310848590204	0.24321966107771287	0.26706413852898503	0.2862116133868408	0.31416596810735237	0.35649890219546526	0.4139353356942961	0.4472936398271311	0.4999971242841265	0.6389421295730472	0.8700298643093465	1.1835787517188394	1.5165447123493305	1.8514457901197112	2.2457783292761775	2.4694730777876353	2.695612184791585	3.2292851401695812	3.8536030563108303	4.352048492238203	4.689100365838987	4.873397806883217	4.902304742486833	4.8916346383811256	4.891161343476941	4.747663121388281	4.442663497627774	4.048690422955498	3.632813979046576	3.459606017339608	3.241027646653122	2.8499123146301564	2.626720816396565	2.5165629252165296	2.316892386398439	1.995057842628366	1.8133904833934598	1.6323581780806224	1.383734567590586	1.2598990527871199	1.1499328759986522	0.9287843342502075	0.6292725349483353	0.49718731023270774	0.42220900990540333	0.299116388369263	0.20436155033677028	0.1369619595511391	0.10086573426372326	0.06885542194660083	0.052182260954919804	0.04289010403860745	0.03136926732031688	0.025899416085891882	0.01860827813157071	0.012341613957191135	0.009232246168947349	0.008339576033208767	0.006871762722766132	0.004720966892362434	0.003462841197697319	0.002330528072498714	0.0015696615809631443	0.0010424470041510959	0.000587125324177054	0.0004553216799740419	0.0003894198578725358	0.00036545555892653357	0.00034748233471703195	0.0002815805126155259	0.00023365191472352149	0.00023964298946002206	0.0002875715873520264	0.0002516251389330232	0.00019770546630451817	0.0001557679431490143	0.00010184827052050937	8.986612104750826e-05	0.00013779471893951266	0.00016775009262201543	0.0006050985483865557	0.001024473779941594	0.0005691520999675523	0.00010184827052050937	3.59464484190033e-05	0.0	0.0
209132_HY5CNBGXT_TCDM_2_F01_C14_3_2_o_GTGTAG_S6_R1_001	9.189531139093847e-05	0.00017460109164278307	0.0002481173407555338	0.0002848754653119092	0.0005238032749283493	0.0009189531139093846	0.0016265470116196108	0.0021319712242697723	0.002370899033886212	0.0031152510561528136	0.004263942448539545	0.005504529152317214	0.006506188046478443	0.007976513028733458	0.009042498640868344	0.01054039221654064	0.015015693881279343	0.024526858610241474	0.04135289012592231	0.07822128905596683	0.14684870760271965	0.1889000020952131	0.2665331611582779	0.4747771263012836	0.8054715938727147	1.2555013128164185	1.7344504862548509	2.2304921876119974	2.812391678401698	3.12725258382047	3.487886543843069	4.240895104442697	4.977353319460817	5.550853578789386	5.904494305615135	5.988560136475565	5.948401885397725	5.9012779697164515	5.750689122940121	5.258102685291273	4.5163513003370355	3.8560834879931423	3.2811129036823186	3.0137802533149394	2.756951237039545	2.265917830153204	1.9514245059799955	1.881639206509717	1.7150146278956673	1.318615012679715	1.0993436101697969	0.9542501030146441	0.751740405302433	0.6787112013400541	0.6132541710362888	0.5519232402139764	0.5105244024323585	0.4806124785746081	0.4562418419937313	0.3641351713865937	0.23511415419371606	0.1458746173019757	0.09493704619797852	0.061827165503823396	0.05170030218854197	0.0410588251294713	0.025491759379846327	0.01756119400680834	0.012433435631193973	0.008040839746707116	0.004760177130050613	0.0037493287047502895	0.0031428196495700954	0.002095213099713397	0.0013232924840295137	0.0009189531139093846	0.0006708357731538507	0.0004594765569546923	0.00034920218328556615	0.0002756859341728154	0.0002848754653119092	0.0002848754653119092	0.0002481173407555338	0.00021135921619915845	0.00021135921619915845	0.00019298015392097074	0.00016541156050368922	0.00012865343594731384	7.351624911275076e-05	2.756859341728154e-05	2.756859341728154e-05	0.00011946390480822001	0.00017460109164278307	0.00016541156050368922	0.0006340776485974755	0.0011946390480822	0.0006984043665711323	9.189531139093847e-05	4.594765569546923e-05	1.837906227818769e-05	1.837906227818769e-05
209133_HY5CNBGXT_TCDM_2_G01_A03_3_1_o_CTAGTC_S7_R1_001	3.8031916764868245e-05	0.00011409575029460475	0.00024720745897164356	0.000456383001178419	0.0009698138775041403	0.001873071900669761	0.003232712925013801	0.004050399135458468	0.005124800784065996	0.007330651956428355	0.00993583825482183	0.012436436782111917	0.01537440235219799	0.01906349827839021	0.0208414903871478	0.02298078570517164	0.028780653011814046	0.04271935050613825	0.06529129310608756	0.10595692010692294	0.17188524781882203	0.20944176562412942	0.2807896414750223	0.4748665127261449	0.7876600121588038	1.220881576027418	1.6669198958457927	2.1353019667635276	2.7186640300406504	3.036525282382228	3.3823019616292185	4.185517027744854	4.996642732547581	5.642310583464749	5.996749031754939	5.89105833506537	5.722909723068696	5.652883456325383	5.483308647450027	5.093272325067921	4.497625952675745	3.8569973307299223	3.2186791477275642	2.915830994528919	2.686327392811321	2.2567093530561784	1.9430791514546921	1.7537467618199871	1.5534231482402345	1.2738600360808794	1.1188039114305115	1.0333842263766175	0.9369257774817205	0.9350051656850946	0.8899278363395345	0.7978810897893621	0.6839089432242432	0.6077880618193594	0.553240785199347	0.41397741398559085	0.25984356331677105	0.1669696225769628	0.12232015229500749	0.08542919303308529	0.06973151938838593	0.061003194490848664	0.0484811858960158	0.03911582639266699	0.029227528033801246	0.020556251011411286	0.013796077806455954	0.011390559071078039	0.009422407378496108	0.006075598703187702	0.003546476238323964	0.0018920878590521952	0.0010363697318426597	0.000637034605811543	0.0004944149179432871	0.00039933512603111654	0.00035179523007503125	0.00026622341735407773	0.0002567154381628607	0.0002567154381628607	0.00019015958382434124	0.00016163564625069004	0.0001711436254419071	0.00013311170867703887	8.557181272095355e-05	3.8031916764868245e-05	9.507979191217061e-06	6.655585433851943e-05	0.00012360372948582178	0.00013311170867703887	0.0004849069387520702	0.0011314495237548302	0.0008176862104446673	0.00011409575029460475	9.507979191217061e-06	0.0	0.0
209134_HY5CNBGXT_TCDM_2_H01_A03_3_3_o_TGTGCA_S8_R1_001	8.215104290748972e-05	0.00011638064411894376	0.00023276128823788753	0.0004107552145374486	0.0009105073922246776	0.001444489171123361	0.0021290811953524414	0.0026836007349779973	0.0035530326057489296	0.005250820825837051	0.0073114428187665845	0.00997450579301771	0.013390619993920822	0.01895635315090325	0.022536769437621344	0.02877340277834827	0.04234201669856866	0.06518000662685079	0.10114847157984672	0.15612121112544192	0.24580961221969377	0.3009877293725577	0.38414512255566413	0.5997916101878247	0.9114178996169022	1.296309227478976	1.670514073842834	2.053926682932573	2.5041075521453746	2.7393265257502444	2.979228108800841	3.5069869461992824	4.0330822249788465	4.431658547405259	4.641383314027838	4.599301442298477	4.507833101941229	4.448656967366867	4.3503153230863605	4.142822326462768	3.770349497920209	3.287890114765007	2.7922728729041215	2.5749696725733267	2.38407803253729	2.045574660236978	1.8283467650288487	1.6994791623879666	1.579997316399265	1.4506984207831186	1.3816299314586464	1.426867772419704	1.6752309128897727	2.4080182156245806	2.712428905118284	2.4828235861120924	2.2192145812624426	1.9599595816868896	1.7430739824908743	1.2642634748248127	0.7652985779654473	0.4843146275408633	0.3952218215076907	0.27048230877290985	0.19089164003603692	0.1489740703924903	0.09163948836330478	0.05910767537193885	0.02944430296209277	0.01284979229477985	0.007304596898524293	0.005805340365462606	0.005196053463898724	0.0042376246299780105	0.00287528650176214	0.0015608698152423048	0.0010063502756167489	0.0005887491408370095	0.0003628337728414129	0.0003012204906607956	0.0003012204906607956	0.0003149123311453772	0.00029437457041850477	0.00025329904896475994	0.0002259153679955967	0.00017114800605727023	0.0001369184048458162	0.00011638064411894376	8.215104290748972e-05	6.161328218061727e-05	6.84592024229081e-05	0.00010953472387665294	0.00019168576678414264	0.0002464531287224691	0.0006229787420484636	0.0011158849994934018	0.0007462053064096982	0.000143764325088107	1.3691840484581618e-05	0.0	0.0
209135_HY5CNBGXT_TCDM_2_A02_X4_32_2_i_TCAGGA_S9_R1_001	0.00010448334292963084	0.00019404049401217154	0.0003209131247124376	0.0007015310168132356	0.0014179882254735615	0.0026493990528584964	0.004425615882662221	0.0053435766812582625	0.007194424470297439	0.010866267664681607	0.015620259767979811	0.021680293657898402	0.02815079782361197	0.03529298062244459	0.03909169644752902	0.04642045664445028	0.06425725590172296	0.09490072776379899	0.13511935169578332	0.20039905173903197	0.2943818187042349	0.34316807675644895	0.4238516067858946	0.6271463397432621	0.9254761361910523	1.3564176841043147	1.8482058530822398	2.309156509704077	2.782712335340782	3.0318827189401807	3.2437226967300075	3.8107761880968845	4.451385952886222	4.892410143392194	5.07465148274924	5.0355523232057875	4.969839763598974	4.988079570036118	4.952249246507178	4.750671025612226	4.395420196555557	3.8621372142427215	3.2654104534838293	2.994223936909972	2.726552538516105	2.2478322505003074	1.9418751700186538	1.784142637674529	1.5814151000073513	1.3260876622710276	1.2106634207174796	1.1825350121816383	1.1596680862718962	1.4732225984037184	1.5918932866840083	1.3347672428301105	1.0627971011842814	0.8583306621669173	0.7686541015495999	0.5858306407105166	0.41767962645712287	0.3217564545517982	0.2568573724006503	0.18390560974799736	0.15493387137279546	0.13322372533120286	0.10107270809257074	0.07867595722601202	0.05310739059194665	0.033397354257864144	0.022941556868977517	0.0185831088496272	0.015351588314732188	0.010052790209015196	0.0062540743839307605	0.003261372918589191	0.0016493441991034582	0.0010448334292963086	0.000626900057577785	0.0004627119472597937	0.00045524885133624873	0.00041793337171852336	0.0003134500287888925	0.00021642978178280673	0.00015672501439444625	0.0001492619184709012	0.00017911430216508144	0.00014179882254735616	7.46309592354506e-05	6.716786331190554e-05	5.970476738836049e-05	9.702024700608577e-05	0.00020150358993571664	0.00023881906955344195	0.0006791417290426005	0.0013433572662381109	0.0008955715108254072	0.00011940953477672097	7.463095923545061e-06	0.0	0.0
209136_HY5CNBGXT_TCDM_2_B02_C14_3_2_i_CGGTTA_S10_R1_001	9.06660920451233e-05	0.00015111015340853884	0.00024177624545366217	0.0003702198758509202	0.0007631062747131211	0.00128443630397258	0.0021608751937421053	0.0028106488533988223	0.003430200482373832	0.0048430804167436696	0.00704173314883791	0.009935492586611428	0.013637691345120632	0.018594104376920707	0.021336753661285686	0.026051390447632095	0.03824597982770118	0.06251427046511251	0.09998203300275972	0.1654051739209866	0.2640876596044329	0.3180264288636108	0.41317293695729734	0.6588251578458885	1.0343263335584372	1.538490249390686	2.0554607507243086	2.5302866302722897	3.047514018866707	3.3277175763321605	3.619753058809503	4.273516026516205	4.899920500948292	5.26143643196288	5.43840908812729	5.446070372905103	5.373597943330368	5.291333575814759	5.075706942408445	4.610824110954746	3.9869658426075936	3.4693304565989727	3.0366340878212923	2.829235402268073	2.54125722740975	2.027928480773273	1.748034699122307	1.6677120970779982	1.5289929762489596	1.280560328537651	1.1450674094838849	1.0552626453131901	0.9878675168929818	1.1437225291185489	1.1827165042056222	1.0576124081986928	0.8925396766152051	0.7581196396506393	0.6902258477241829	0.5260748880764872	0.34466714890953626	0.23828560090992493	0.20079517184926643	0.16690116443973116	0.14926660953695467	0.12862496258134826	0.09821404420787981	0.06968444724434769	0.03466466919191881	0.014007911220971551	0.008091948715027254	0.00657329167327144	0.005659075245149779	0.004306639372143357	0.0036341991894753593	0.002750204792035407	0.0017604332872094776	0.0012013257195978837	0.0008462168590878176	0.0007102177210201326	0.0005515520599411668	0.0004155529218734818	0.0004306639372143357	0.00039288639886220103	0.0002719982761353699	0.0001586656610789658	0.00013599913806768495	0.00015111015340853884	0.00016622116874939272	0.00013599913806768495	8.311058437469636e-05	9.822159971555026e-05	0.00020399870710152742	0.0002719982761353699	0.0006648846749975709	0.0011862147042570298	0.0007026622133497056	7.555507670426942e-05	3.022203068170777e-05	0.0	0.0
209137_HY5CNBGXT_TCDM_2_C02_X4_32_3_i_TTAACT_S11_R1_001	0.0001890822044337886	0.0003953537001797398	0.0008594645656081301	0.002062714957459512	0.003979320938765642	0.006643661092150845	0.011834827068423951	0.01533284785044904	0.019260600915278196	0.027004376651407445	0.03590842955110767	0.04549145945763833	0.05423221408987301	0.06473487108160436	0.07099177311923155	0.0770767822437371	0.0916017334025145	0.11744583289035096	0.15491848795086544	0.21567403809370417	0.3088056184230011	0.3612501462164092	0.4417561920769228	0.6446671813713463	0.9514100848368878	1.3883017074724686	1.8780847794755737	2.339385195774425	2.8150042917363085	3.066552380798496	3.282415501096634	3.8615313200490475	4.514939256052629	4.989939537527274	5.214328546316245	5.165485175052734	5.077097839125595	5.0946652948466244	5.0726200287387755	4.860452606072753	4.468064058644361	3.9002416040840377	3.2935627565125714	3.03487251691018	2.7615541904011387	2.298534844971071	2.017309444458435	1.8505045615652087	1.6186897789293837	1.343961930532745	1.2257683634703151	1.1707970098540192	1.0991004757909888	1.2214108781226818	1.248716067372052	1.0741931926796653	0.8645955690648107	0.717790426613286	0.6492739114430057	0.4942694770355795	0.3325526243707538	0.23410095838034248	0.18188848601964858	0.13308808798441896	0.11327742974715153	0.09810788016416803	0.07693067326758372	0.05771304558058593	0.029660122159136566	0.011310553683402991	0.006703823611743415	0.005603708967765008	0.004598135426003495	0.003377695742839951	0.002862017003475073	0.0020111470835230245	0.0012806022027561138	0.0009110324395446178	0.0005672466133013658	0.0004125429914919024	0.0004555162197723089	0.0003953537001797398	0.00023205543271419512	0.00027502866099460163	0.0002922179523067642	0.0001461089761533821	8.594645656081301e-05	8.594645656081301e-05	6.875716524865041e-05	5.15678739364878e-05	4.2973228280406504e-05	9.45411022168943e-05	0.0001890822044337886	0.0002234607870581138	0.0006617877155182601	0.0012548182657878698	0.0007907074003594796	0.00012032503918513822	3.4378582624325204e-05	0.0	0.0
209138_HY5CNBGXT_TCDM_2_D02_X4_32_3_o_ATGAAC_S12_R1_001	0.00048289054416613493	0.0007887212221380205	0.001907417649456233	0.004587460169578282	0.00861959621336551	0.015017895923566798	0.02528736816283327	0.03132349996490995	0.03975798813634511	0.05660281995200711	0.0758299117855554	0.09886379074228002	0.12312904058662832	0.14758744664864304	0.15999773363371272	0.17636772308094467	0.20635522587366165	0.2452037701518272	0.2995370045462535	0.37824011506959737	0.4884276890725733	0.5490143560139511	0.6397494892627678	0.8749332806231478	1.198453848862986	1.6122829970376273	2.0521238491913514	2.4470236880346805	2.849247366797863	3.061654820825073	3.245354432001607	3.7297982740848097	4.277581259211137	4.674122925904631	4.868269069186626	4.83697776192466	4.761043223854535	4.751176160402074	4.668336287550374	4.429297420012401	4.023315243180459	3.474115779124577	2.9553947565813155	2.7459570794007266	2.5341532385537233	2.1557763044966127	1.912673108211908	1.7585585910412858	1.570995855511423	1.3721656739510169	1.2833138138244482	1.2344774834577794	1.1911943943490217	1.3031767115411483	1.332423782166144	1.1768042561328709	0.9530810670207005	0.8077953986325828	0.7455427593138318	0.629141993642585	0.4717116280686889	0.36308540015851687	0.3597051663493539	0.3394318116701123	0.3171947021112619	0.2773884249205001	0.2260974009543205	0.17920872911578878	0.09149166176801037	0.028957336298495895	0.01546054558905242	0.012184938064458806	0.011227205151862638	0.008796656079559758	0.006953623835992344	0.005464711324813428	0.00361363090550991	0.002350067314941857	0.0014084307538178938	0.0009979737912766788	0.0007565285191936114	0.0005955650044715664	0.0005714204772632596	0.000418505138277317	0.0002655897992913742	0.00012072263604153373	8.048175736102249e-05	9.6578108833227e-05	0.00010462628456932925	8.048175736102249e-05	0.00012877081177763597	0.00014486716324984048	0.00018510804193035173	0.0002736379750274765	0.0006599504103603844	0.0012474672390958487	0.0008772511552351452	0.00020120439340255624	4.82890544166135e-05	0.0	0.0
209139_HY5CNBGXT_TCDM_2_E02_A04_3_2_o_CCTAAG_S13_R1_001	5.1509843659898016e-05	0.00018028445280964306	0.0004378336711091331	0.0011074616386878074	0.00285879632312434	0.005150984365989802	0.008627898813032917	0.011023106543218175	0.014706060364900884	0.0233854690215937	0.03136949478887789	0.039173236103352445	0.04726028155795643	0.05238551100211628	0.054239865373872605	0.054961003185111185	0.05611997466745889	0.05787130935189542	0.06570080558819992	0.0846564280550424	0.12259342791055727	0.1480908005222068	0.2083830725261174	0.371231443256885	0.6937345744115064	1.1862459445656215	1.6867155855651905	2.1678432802704677	2.711169111195072	3.001272550687618	3.349659378281338	4.118418039983486	4.8881038788715125	5.531255786808999	5.843147890169681	5.715686782033264	5.570171473694051	5.534938740630682	5.467383580670726	5.207876988312159	4.724328330954866	4.087151564881928	3.345409816179396	2.984480341654491	2.712817426192189	2.1951692523320436	1.7830905030528599	1.5322890742728164	1.3306280363443155	1.094481158085513	0.9752873798565089	0.8891886761789894	0.7518119231380415	0.7046546612674048	0.7284779639601077	0.8478005167982614	0.95965414230573	0.9718877301749559	0.9607616039444178	0.7996388129762567	0.5216401867437872	0.33368076722881934	0.20771344455853877	0.11448062753412334	0.08725767515986724	0.07170170237457804	0.04756934061991582	0.03144675955436774	0.01977977996540084	0.01323802982059379	0.009271771858781643	0.007726476548984702	0.005872122177228374	0.0034254046033832183	0.002189168355545666	0.0014165207006471953	0.0010301968731979603	0.0006696279675786742	0.00041207874927918413	0.00025754921829949007	0.0003605689056192861	0.0004635885929390821	0.0003605689056192861	0.00018028445280964306	0.00010301968731979603	7.726476548984703e-05	5.1509843659898016e-05	5.1509843659898016e-05	7.726476548984703e-05	7.726476548984703e-05	7.726476548984703e-05	7.726476548984703e-05	0.00018028445280964306	0.0003090590619593881	0.0007468927330685212	0.0011332165605177564	0.0006181181239187762	7.726476548984703e-05	0.0	0.0	0.0
209140_HY5CNBGXT_TCDM_2_F02_X4_32_1_i_CCGACC_S14_R1_001	0.0008536585808852403	0.0007174364669141913	0.0004903996102957764	0.0004813181360310398	0.0008536585808852403	0.001607420944858378	0.0026427090110383504	0.003214841889716756	0.0042773743786909384	0.006529579996345614	0.009226777852972384	0.012132849617688096	0.014948106639756441	0.017391023216970586	0.018417229808885823	0.019906591588302623	0.02405682532728725	0.031176701150840747	0.04328230634573463	0.06511417047816143	0.09709004136429898	0.11488064944891797	0.15000779190491914	0.2510846004714375	0.4239595445749634	0.6996821847266312	1.0656201902241926	1.4923586659241654	2.001048365389121	2.2801402324930065	2.546763235431408	3.296230062077325	4.162748010521432	4.8355127055273845	5.314251702867239	5.46506774598172	5.426235362025706	5.530863027029737	5.768516127063629	5.8370812577623905	5.606339159643962	5.007306954193407	4.186559636043572	3.798562729556966	3.4702674348867375	2.8506475272780243	2.4234640593390795	2.153199385220518	1.8291542205061868	1.4397315225600167	1.2399481702100763	1.1638726602943779	1.0702971494705318	1.1739530967282354	1.1566347253053828	0.9731344563121149	0.8151622114770218	0.7022159160464928	0.6113648475020679	0.42123510229554245	0.24726129980598338	0.14579398784608136	0.10315646617314303	0.07556694735687325	0.06384276408109829	0.05457966033106696	0.04271925494132096	0.03575376418026799	0.025682409220675103	0.01778152661035426	0.013331604220633328	0.011079398602978652	0.009562792400767638	0.006874676018405605	0.004567981555162509	0.002851582919127292	0.0018526207500062662	0.0011805916544157578	0.0007810067867673474	0.0006357031985315619	0.00046315518750156655	0.00021795538235367835	0.0001271406397063124	0.00010897769117683918	9.0814742647366e-05	7.265179411789279e-05	7.265179411789279e-05	8.173326838262939e-05	6.35703198531562e-05	4.5407371323683e-05	9.0814742647366e-05	0.00014530358823578558	0.0001271406397063124	9.0814742647366e-05	0.0004722366617663031	0.0009989621691210257	0.000681110569855245	0.0002088739080889418	0.00028152570220683454	0.0005176440330899861	0.0006720290955905084
209141_HY5CNBGXT_TCDM_2_G02_A04_3_2_i_GGCTGC_S15_R1_001	0.0002762437807165819	0.00020257877252549342	0.0003038681587882401	0.0004972388052898474	0.0006814013257675686	0.0009944776105796948	0.0015009245418934282	0.0018600414568249847	0.0023204477580192878	0.003093930344025717	0.0042541542230353615	0.006178652562027549	0.008766135974739532	0.012974249567655461	0.01567223049265408	0.019373897154256275	0.028489941917903477	0.04667599081507845	0.07618803472163328	0.13012002884353396	0.20351800137992979	0.23972435290584979	0.3177632209582842	0.5128557870263581	0.8280131083198826	1.280629334897978	1.760299035734251	2.2744347522779296	2.896250294544931	3.229087217804317	3.5510033035993738	4.346106569509887	5.240795718368728	5.916377508489202	6.294840696196943	6.2188091996177155	6.018394336707835	5.862270559972847	5.555050643311913	5.088171029522817	4.473786444957092	3.847818037853317	3.280026570968454	3.0396024004847892	2.779067682764957	2.32803525386297	2.087307215220517	1.9616531274985676	1.664691063228242	1.2383087876921977	1.0334648161648283	0.9095326480093459	0.7240901980143045	0.5903790000214549	0.47176912870777854	0.3507283121237963	0.23786431144902478	0.19963217219784984	0.1782601116964103	0.13681433646289914	0.09899656288279905	0.07162080421378579	0.055460543041865755	0.04295590790142848	0.03697983411192643	0.0328361774011777	0.02856360692609457	0.025570965968331597	0.01959489217882954	0.01342544774282588	0.009392288544363784	0.00841622718583186	0.007384917071156623	0.00554329186637941	0.003941077938223235	0.002615107790783642	0.001629838306227833	0.0010405182406991252	0.0007182338298631129	0.0005340713093853917	0.00038674129300321464	0.00026703565469269583	0.0002302031505971516	0.0001749543944538352	0.00013812189035829095	0.00010128938626274671	0.00011049751228663275	8.287313421497456e-05	5.5248756143316374e-05	7.366500819108851e-05	9.208126023886064e-05	0.00010128938626274671	0.00015653814240606305	0.00020257877252549342	0.0006629850737197965	0.0010865588708185556	0.0006537769476959105	0.00013812189035829095	7.366500819108851e-05	0.00015653814240606305	0.00018416252047772128
209142_HY5CNBGXT_TCDM_2_H02_A04_3_1_o_TACCTT_S16_R1_001	8.106117508549116e-05	0.00012159176262823676	0.0003404569353590629	0.0008592484559062064	0.0017509213818466091	0.0029992634781631734	0.005350037555642417	0.0070036855273864366	0.009159912784660502	0.013593959061836868	0.01826308274676116	0.023061904311822236	0.02680693060077193	0.029044219033131487	0.029943998076580436	0.030997793352691823	0.03369713048303868	0.04025497954745491	0.05595652916151455	0.0871731876869372	0.14491306270033255	0.18222552159218414	0.24614225814709392	0.4251820755584183	0.7432174898888343	1.200572745838684	1.684313414278861	2.1855957210075387	2.759873615900701	3.062166950029514	3.417174366316423	4.245878971450416	5.1655747456178736	5.936101745393009	6.274078208794457	6.106346425307558	5.9251665928739765	5.852941085872804	5.7212409947114065	5.401243899943922	4.865186349103569	4.180859802914344	3.412894336271909	3.053720375585606	2.804708551840486	2.3285957399758535	1.9631881749254763	1.7484490160065018	1.5154710926932915	1.1963251402642043	1.0337245291602177	0.9120192808868612	0.7163862409355367	0.581346429360617	0.4791850304003725	0.3944679963185257	0.3220074119096051	0.29321448251923865	0.266131943923176	0.20856229737746024	0.14786368947344444	0.1047310382104546	0.08332278187037637	0.06513265418119216	0.05542963152345885	0.04850700717115791	0.038106858407689397	0.02910906797319988	0.018862935442393796	0.011121593221729389	0.006484894006839294	0.00486367050512947	0.0037450262889496917	0.002067059964680025	0.0012888726838593096	0.0008916729259404028	0.0005674282255984382	0.0003161385828334156	0.00021075905522227706	0.00021075905522227706	0.00016212235017098233	0.00013780399764533498	0.00011348564511968763	6.484894006839293e-05	6.484894006839293e-05	7.295505757694206e-05	8.106117508549116e-05	7.295505757694206e-05	4.053058754274558e-05	2.431835252564735e-05	8.916729259404029e-05	0.00013780399764533498	0.00017022846767953144	0.00021075905522227706	0.0006565955181924785	0.0012726604488422113	0.0008025056333463626	9.72734101025894e-05	1.6212235017098234e-05	8.106117508549117e-06	1.6212235017098234e-05
209143_HY5CNBGXT_TCDM_2_A03_C14_3_3_o_TCTTAA_S17_R1_001	0.0002863129685374889	0.00037052266516616214	0.0008084130876352628	0.0015326164786418524	0.0027031312617804104	0.005094686646034729	0.008976753660616565	0.011267257408916476	0.013524077278564918	0.019561912526840787	0.026778683527918085	0.03349861731888621	0.0382143603300919	0.04284589364466893	0.04604586211655851	0.04699743168846252	0.04962477422327712	0.05610892086368496	0.0681845913602367	0.0955274798555669	0.14479015238334073	0.17397723323483888	0.23222508039289214	0.3851077846222484	0.6527430424474976	1.0308951061282177	1.3924157547247744	1.7614394872909462	2.270251316260716	2.5664083983340964	2.931819534914898	3.7192138822716445	4.564687657393186	5.318793911672618	5.802898615651534	5.94705719531016	5.937726760923702	6.03625210597925	6.249765791781251	5.808380666902061	4.828466111112842	4.090620749252408	3.5039823186584185	3.231648159761289	2.9188343996947568	2.327918116512031	1.9393493133583442	1.80576747159628	1.6562615762017334	1.345797266671141	1.1617232908105242	1.045833906310144	0.9004037602324254	0.8543073722978898	0.8192677175306988	0.7797902117511768	0.7092056440370229	0.6596145536923973	0.6219896612387061	0.4973845731372583	0.3093611625047568	0.17730351625167146	0.10978418149480128	0.054643672142346056	0.03600806627842067	0.028782874307680506	0.019292441497629032	0.014239859699908642	0.009414644083085667	0.007157824213437223	0.0061304659145674095	0.005322052826932147	0.005111528585360465	0.004513639739296884	0.0035620701673928774	0.0027115522314432776	0.001978927870773821	0.0014063019336988426	0.0011115679954984863	0.00094314860224114	0.0009347276325782727	0.0008589389056124668	0.0006652566033665183	0.000446311392131968	0.0004294694528062334	0.0004126275134804987	0.0003199968471889582	0.0002021032719088157	7.578872696580589e-05	9.263066629154054e-05	8.420969662867321e-05	0.0001178935752801425	0.0002526290898860196	0.0003199968471889582	0.0006736775730293857	0.0012463035101043635	0.0009010437539268034	0.0001936823022459484	2.5262908988601962e-05	0.0	0.0
209144_HY5CNBGXT_TCDM_2_B03_C14_3_1_i_GTCAGG_S18_R1_001	1.738745038165019e-05	6.085607633577566e-05	0.00019995567938897718	0.0003912176335871293	0.0006954980152660075	0.0010345532977081864	0.0015561768091576918	0.0019473944427448211	0.0025124865801484523	0.003929563786252943	0.00499889198472443	0.006276869587775719	0.008146020503803112	0.00962395378624338	0.010293370625936911	0.0115713482289882	0.014979288503791637	0.022082061984695738	0.03633107757245807	0.06733290160294035	0.11939092804560102	0.14972333523638978	0.20610214309889052	0.3576859355261168	0.6147941643195782	0.9974658660441263	1.4325694243945408	1.8855385880121007	2.437251082347052	2.7503295139190453	3.1311233710023747	3.9614871451536526	4.827190912205634	5.563062587257833	6.051102238295181	6.1287806728752035	6.038157281486043	6.050919670066174	6.071132581134842	5.703570573791948	4.990798126571771	4.306245511321012	3.646530868940441	3.3336089244218825	3.021721533201032	2.4525346512325226	2.1530705933093612	2.1325968704849685	1.9203221825005916	1.4078705511274068	1.1293844520897065	0.9661162930060111	0.7431917916628741	0.6210014841058273	0.5065051233426608	0.39639909380086097	0.3026981236941481	0.2671407876636735	0.2453803935110383	0.19529584268669492	0.13953428931274275	0.09780440839678231	0.07328810335865554	0.055735472198379675	0.048406661862514126	0.04187767424420448	0.031984214977045525	0.02502923482438545	0.01784821781676392	0.011893016061048728	0.008354669908382916	0.007181017007621528	0.0058074084274711635	0.0035122649770933383	0.0022429810992328743	0.0015561768091576918	0.0010171658473265362	0.0007389666412201331	0.0005216235114495057	0.00038252390839630415	0.0004433799847320798	0.00037383018320547907	0.0003042803816788783	0.0002955866564880532	0.00020864940457980226	0.0001390996030532015	8.693725190825094e-05	7.824352671742585e-05	6.085607633577566e-05	6.954980152660075e-05	7.824352671742585e-05	9.563097709907604e-05	0.0001651807786256768	0.00020864940457980226	0.0007041917404568326	0.0013214462290054145	0.0007911289923650837	7.824352671742585e-05	8.693725190825094e-06	0.0	0.0
209145_HY5CNBGXT_TCDM_2_C03_A04_3_3_o_ATACTG_S19_R1_001	0.0002526929168280216	0.00044221260444903785	0.0009160118235015784	0.002242649636848692	0.004611645732111394	0.008023000109289686	0.012918925372832605	0.015730134072544345	0.02031019319005224	0.029280791737447007	0.03881994934770482	0.04826434711415213	0.0560030676920103	0.059224902381567565	0.05900379607934304	0.059825048059034124	0.06048836696570767	0.06522635915623308	0.08161981213545098	0.11895519059679119	0.20032230981541413	0.2558515782883719	0.3763229263861312	0.6965164386218381	1.2667495920588725	2.0313667717658626	2.712468942461191	3.3327668800447774	4.020375893348428	4.374682949355917	4.689443563879822	5.463410381509449	6.25898244352787	6.66025879545077	6.633631279340016	6.179668454258476	5.817243638297886	5.56568783959559	5.081243931421669	4.472411934939155	3.7220403184183444	2.979375835860789	2.354561012388902	2.09798294196465	1.921382179716466	1.5818260727288118	1.3095494548466184	1.0998775071085676	0.8899844530682922	0.6788595210584801	0.5772769684936154	0.5267699717426146	0.4493511793494294	0.41179469458586476	0.420291493914207	0.44464477377350753	0.4092677654175845	0.3686789656520835	0.3067376144146147	0.19536321132266424	0.11961850950346473	0.08019841447829336	0.055339748785336734	0.03727220523213319	0.030954882311432647	0.02675386256916679	0.019678460897982183	0.0140244568839552	0.009981370214706855	0.0074860276610301405	0.00502227172195693	0.0037903937524203244	0.0031586614603502706	0.0020847165638311783	0.0012318779695366054	0.0006633189066735567	0.00047379921905254055	0.00031586614603502705	0.00015793307301751352	0.0001263464584140108	0.0001263464584140108	0.00015793307301751352	9.475984381050811e-05	3.15866146035027e-05	3.15866146035027e-05	3.15866146035027e-05	6.31732292070054e-05	3.15866146035027e-05	3.15866146035027e-05	3.15866146035027e-05	0.0	6.31732292070054e-05	0.0002842795314315243	0.00044221260444903785	0.0010107716673120864	0.0012318779695366054	0.0005369724482595459	0.00015793307301751352	9.475984381050811e-05	3.15866146035027e-05	0.0
209146_HY5CNBGXT_TCDM_2_D03_A27_3_3_i_TATGTC_S20_R1_001	0.00023884430746154732	0.00023884430746154732	0.0003326759996785838	0.0006141710763296932	0.0011089199989286127	0.0017572116906099553	0.0029855538432693417	0.003872689842412232	0.0047512956877172096	0.006696170762761237	0.009033432914349238	0.011873974142374068	0.014944829524022533	0.017580647059937466	0.01871515752037982	0.020378537518772735	0.02560752182141304	0.03685026457978159	0.05426030856296081	0.0867772549930829	0.13930594232694749	0.16905058875974804	0.22549461670521442	0.37003807348864015	0.6086094160273743	0.9592413895347638	1.3689702688312104	1.825427330851741	2.4078065238275346	2.7432974742726297	3.1098040640723736	3.9044902559199692	4.7349775034252835	5.400926613551105	5.770128731963629	5.864540474641644	5.853391563575492	5.915806699207497	6.049192714770934	5.751567117212332	5.073684321867271	4.475515814137502	3.8400705341360553	3.49350744400935	3.1618550627913153	2.5668256516738976	2.194603858802752	2.014609082668962	1.781906485970712	1.4069294534099206	1.1935050043853521	1.0446964706829702	0.8453808961063088	0.7243721337616835	0.5923935935815028	0.4486946220280304	0.3232843003030422	0.28009613142169176	0.25343087052437757	0.19827489580843596	0.14265829278524705	0.10003311405719878	0.07448530331265113	0.05802210640548018	0.05160743071937005	0.04422031749573791	0.0327302002760699	0.025718413821305904	0.018954001827841363	0.012692868910813658	0.008206007992071733	0.0061246504556211065	0.004998670149016669	0.00340353138132705	0.002396973228453386	0.0015268975369863206	0.000989497845197839	0.0008444852299533282	0.0006482916916813428	0.0003923870765439706	0.0003923870765439706	0.0003070855381648466	0.0002559046151373722	0.00023031415362363494	0.0001364824614065985	0.00011089199989286126	0.00011942215373077366	7.677138454121165e-05	2.5590461513737214e-05	4.2650769189562027e-05	5.118092302747443e-05	7.677138454121165e-05	0.0001620729229203357	0.0002047236921098977	0.000588580614815956	0.0012368723064972986	0.0008530153837912405	0.0001279523075686861	2.5590461513737214e-05	0.0	0.0
209147_HY5CNBGXT_TCDM_2_E03_C14_3_3_i_GAGTCC_S21_R1_001	0.0006277365389745923	0.003138682694872962	0.005649628850771331	0.003766419233847554	0.004394155772822147	0.00910217981513159	0.010357652893080773	0.009416048084618885	0.012868599048979145	0.01883209616923777	0.024481725020009105	0.03389777310462799	0.03703645579950095	0.03954740195539932	0.04519703080617065	0.05178826446540387	0.07313130679054002	0.09667142700208722	0.11644512797978689	0.17796330879929692	0.27620407714882067	0.3239120541108897	0.428116319580672	0.6688532822774281	1.0545973854773152	1.484596914674911	1.8662607303714631	2.278369768208283	2.7865224965082156	3.083441879443198	3.327631393104314	3.808791450228339	4.189827529385917	4.436214120933444	4.506834481568086	4.436527989202931	4.397922192055994	4.360885736256493	4.386622934354452	4.212739913058489	3.850849798339637	3.455689647055131	3.0052886803408607	2.8248144253856657	2.6707051050674036	2.3188587749721443	2.028216757426908	1.9751730198835546	1.9284066477299477	1.686100343685755	1.5304216820200562	1.4164875001961676	1.277129988543808	1.2542176048712355	1.2943927433656095	1.359677343418967	1.361560553035891	1.3358233549379326	1.3254657020448517	1.2071373644481411	0.9026851430454638	0.6459408986048555	0.4968534705983898	0.36471492914423814	0.32140110795499127	0.28907267619779975	0.21531363286828517	0.16352536840288132	0.12931372702876603	0.08662764237849375	0.05586855196873872	0.04394155772822147	0.03735032406898824	0.023226251942059916	0.010985389432055367	0.004394155772822147	0.0021970778864110734	0.001883209616923777	0.001569341347436481	0.0012554730779491847	0.0006277365389745923	0.00031386826948729616	0.0006277365389745923	0.00031386826948729616	0.0	0.0	0.0	0.0006277365389745923	0.0006277365389745923	0.0	0.0	0.0	0.0	0.0	0.00031386826948729616	0.00031386826948729616	0.0009416048084618885	0.0009416048084618885	0.00031386826948729616	0.00031386826948729616	0.0
209148_HY5CNBGXT_TCDM_2_F03_A03_3_1_i_GGAGGT_S22_R1_001	0.00021546484565355338	0.0002872864608714045	0.0003591080760892556	0.0005386621141338834	0.0008798147864186762	0.0012748336701168574	0.0021546484565355337	0.002801042993496194	0.0029446862239318958	0.004147698278830902	0.005727773813623627	0.006553722388628914	0.007595135809287755	0.009426586997342959	0.010521866629415188	0.011724878684314195	0.014633654100637165	0.01957139014686443	0.029303219008883257	0.05153200891880818	0.09554070364354644	0.12382046463557533	0.1819061959430124	0.3379745658114029	0.6341130407584076	1.0686338128264068	1.4903703373856285	1.8897523842082942	2.348494996008514	2.5932271498633415	2.8778741663754897	3.4918951102767033	4.120477886663337	4.642064411779176	4.863382719072984	4.661689668137454	4.461055986026387	4.4749714239748455	4.539521100651889	4.397009060655868	4.012099069299599	3.5227963602241843	2.979340153274509	2.7334229427685868	2.5752717460588785	2.2326108198545107	1.9590781982973249	1.820067462043174	1.726825050086599	1.6510173352241573	1.618464188126666	1.5555304977920241	1.48965212123345	1.622935083673977	1.900651314317603	2.243599526982842	2.31520567735504	2.1853521970411647	2.0774940863877567	1.633403084091979	0.9795750099562714	0.5754527365292276	0.3728260045958652	0.19819174719366014	0.1396571307911115	0.1194393461072864	0.08487519378369555	0.05901941230526916	0.03840660873774589	0.025730093651795165	0.018134957842507408	0.014112947390307743	0.011311904396811552	0.007020562887544947	0.004722271200573711	0.0035192591456747048	0.0027112659744738797	0.002208514667948922	0.001705763361423964	0.0012927890739213202	0.001131190439681155	0.0009695918054409901	0.0010055026130499157	0.0008439039788097506	0.0005386621141338834	0.00043092969130710675	0.00043092969130710675	0.00034115267228479283	0.00023342024945801612	0.00019750944184909058	0.00014364323043570225	8.97770190223139e-05	8.97770190223139e-05	0.00010773242282677669	0.0006104837293517345	0.0012030120548990062	0.0007720823635918994	0.00014364323043570225	1.795540380446278e-05	0.0	0.0
209149_HY5CNBGXT_TCDM_2_G03_A03_3_3_i_CACACT_S23_R1_001	0.00034613669907429203	0.0005018982136577234	0.0010557169321765906	0.0024056500585663294	0.00519205048611438	0.010470635146997333	0.019227893633576923	0.024541091964367306	0.030719632042843413	0.04679768171484428	0.06379299363939202	0.08033832785514318	0.09200313461394682	0.09818167469242292	0.10214493989682356	0.10470635146997334	0.1058486025769185	0.10204109888710129	0.10392754389705618	0.11810184172414842	0.15084637345657645	0.17369139559547975	0.22625225334991098	0.37654480808796853	0.6658631680092155	1.106997084144447	1.5540499378338488	1.981148010821618	2.4805367334110526	2.7503329835045096	3.071530533410499	3.7867874083776156	4.5187799927449745	5.1173714932891015	5.39724032132562	5.2281179301579215	5.039784952191599	5.041307953667526	5.071681449011295	4.87308551791742	4.425253856655101	3.88758241514805	3.287433299458088	3.004570388974577	2.8189199704260806	2.459941599816132	2.1331366353851395	1.9046518003261994	1.7502921393740187	1.576964187312567	1.4829880735138967	1.3699571344311867	1.1952965560782989	1.1484642606935471	1.176380185473889	1.2025827335938128	1.1330265639148338	1.0503864270108465	0.9598889870378728	0.7160876030448954	0.43566495628985763	0.2717000019383655	0.19966895486100536	0.14285061570796032	0.12121707201581705	0.10449866945052876	0.08236322754472779	0.06777356567874637	0.050189821365772345	0.03509826128613321	0.022741181129180988	0.017064539264362594	0.013983922642601399	0.008341894447690438	0.004517083922919511	0.002561411573149761	0.0018345245050937476	0.0013499331263897387	0.0008307280777783007	0.0007615007379634424	0.0006230460583337256	0.0005365118835651526	0.00048459137870400884	0.00044997770879657965	0.0003634435340280066	0.00020768201944457518	0.00020768201944457518	0.00022498885439828982	0.0001903751844908606	0.0001384546796297168	0.00010384100972228759	0.00010384100972228759	0.0001384546796297168	0.0001384546796297168	0.0006749665631948694	0.001298012621528595	0.0008480349127320155	0.0001557615145834314	0.0	0.0	0.0
209150_HY5CNBGXT_TCDM_2_H03_X4_32_1_o_CCGCAA_S24_R1_001	0.00013107610450665045	0.00020480641329164128	0.00036865154392495434	0.0007209185747865774	0.0017285661281814526	0.003489901282489568	0.005988539524647591	0.007471337956879075	0.010232128408050399	0.016138745367381333	0.023167701471550464	0.029647776388097995	0.0336537898320825	0.03720103691029373	0.03933921586505846	0.041223434867341556	0.04358280474846127	0.04652382484332924	0.053700241565068356	0.07147743823878282	0.1107183470254613	0.13689260664413305	0.18652948896949523	0.3213084934284585	0.5631766752693552	0.9266097517836386	1.3255152990800343	1.7428206545465508	2.224648222456466	2.4813689653892728	2.7979095655163015	3.560199035787791	4.396915156649462	5.10598772849125	5.527716902484867	5.54292992286417	5.4545190903744345	5.483044527617694	5.5502374156904155	5.4230362485232435	5.021673024267348	4.393761137884771	3.6506907014365693	3.3000375451116843	3.0332812879275877	2.540451519495645	2.188004258990326	1.9718925316849858	1.7248304592030128	1.4256574429231152	1.2838085210773242	1.2015173042167429	1.089152313628417	1.0957798491625343	1.1040867972856432	1.090176345694875	1.0240566432278015	0.9434530312127432	0.861129045326035	0.6354733391613047	0.37530365622866685	0.2208304670675793	0.1484682651233766	0.09205638664632693	0.07037148360700796	0.058877747693081045	0.04133812645878488	0.029787044749136314	0.019022419666527644	0.011051354061216965	0.0064063446077625395	0.004472972066289446	0.0036783231827178776	0.0023921389072463703	0.001671220332459793	0.0012697997624081761	0.0009257249880782186	0.0005816502137482612	0.00033588251779829173	0.0002621522090133009	0.00022938318288663828	0.00020480641329164128	0.00019661415675997562	0.00016384513063331306	0.00012288384797498478	6.553805225332522e-05	3.276902612666261e-05	4.0961282658328265e-05	2.4576769594996952e-05	3.276902612666261e-05	6.553805225332522e-05	5.734579572165957e-05	0.00013107610450665045	0.00021299866982330692	0.00056526570068493	0.001015839809926541	0.0006308037529382552	7.373030878499088e-05	8.192256531665653e-06	1.6384513063331306e-05	1.6384513063331306e-05
209151_HY5CNBGXT_TCDM_2_A04_A04_3_3_i_TTTATG_S25_R1_001	0.00018617608440975433	0.0003025361371658508	0.000558528253229263	0.0011636005275609646	0.002311686381421116	0.003855396414651996	0.00653943496489262	0.00836240912473813	0.010573250127103966	0.015002689468686038	0.019959627716095746	0.02600259312256235	0.032084345213281	0.039795138042584985	0.04472880427944348	0.05050026289614586	0.06372652222608882	0.08598232164990488	0.11993618504413381	0.17872904103336415	0.2586218532557	0.29887467417245894	0.36713148111918514	0.5489944862401135	0.8568754284958944	1.2943969841956675	1.7706897094737717	2.2764370427728697	2.882750491000636	3.216362519589215	3.5354217842464313	4.3445585617649245	5.243339123926714	5.906575909962763	6.319731670615409	6.285925196621338	6.093496698710156	5.892426527547622	5.519422742432679	5.034891725419443	4.431417462478925	3.846234999831666	3.3315512144809	3.1111730318977036	2.8237094002321923	2.330994392841778	2.07985836964672	1.969401650233783	1.653406533632477	1.18374633136147	0.9655091737489858	0.8409341012683091	0.64607755692295	0.5120850775058796	0.4047545648436563	0.2967491638754476	0.200007416014029	0.16765156401098377	0.14496911106039537	0.10691937380915183	0.07667351742941717	0.052579229172054785	0.03712661416604517	0.025653512964294065	0.020417310590269723	0.01719025846050065	0.01310214194033646	0.01103869033812835	0.008641673251352762	0.006050722743317016	0.004398409994180445	0.004142417878117034	0.003739036361895899	0.003366684193076391	0.002668523876539812	0.0015592247069316926	0.0009774244431512101	0.000667130969134953	0.0004654402110243858	0.00037235216881950867	0.00024823477921300576	0.0001551467370081286	0.0001551467370081286	0.00010860271590569002	9.308804220487717e-05	9.308804220487717e-05	9.308804220487717e-05	5.430135795284501e-05	2.3272010551219292e-05	4.6544021102438583e-05	3.878668425203215e-05	6.981603165365787e-05	0.00019393342126016076	0.0002637494529138186	0.000721432327087798	0.0014118353067739703	0.0008998510746471459	0.0001008453790552836	2.3272010551219292e-05	0.0	0.0
209152_HY5CNBGXT_TCDM_2_B04_X4_32_2_o_AACGCC_S26_R1_001	0.0	0.0026070634037819802	0.010428253615127921	0.021725528364849832	0.0399749721913237	0.0790809232480534	0.1442575083426029	0.1824944382647386	0.23898081201334814	0.3754171301446051	0.514460511679644	0.652634872080089	0.777773915461624	0.8455575639599555	0.8672830923248054	0.912472191323693	0.9559232480533926	0.8777113459399333	0.7882021690767519	0.796023359288098	0.8273081201334817	0.8377363737486095	0.8446885428253614	0.9220314238042269	1.0975736929922135	1.319174082313682	1.5764043381535038	1.8431938264738597	2.238598442714127	2.5079949944382647	2.6791921579532816	3.0728587319243603	3.510845383759733	3.857584816462736	4.057459677419355	4.023567853170189	3.921023359288098	4.010532536151279	4.107862903225806	3.9218923804226917	3.6516268075639595	3.31444660734149	2.833877919911012	2.614015572858732	2.438473303670745	2.1160664627363737	1.9161916017797553	1.839717741935484	1.6893770856507229	1.4443131256952169	1.326126251390434	1.272246941045606	1.1332035595105674	1.0350041713014462	1.0610748053392658	1.1557981090100111	1.2079393770856508	1.204463292547275	1.2062013348164626	1.0958356507230256	0.8638070077864294	0.7013000556173525	0.5457452725250278	0.38497636262513907	0.3371802002224694	0.3276209677419355	0.29025305895439374	0.21725528364849833	0.15468576195773082	0.11557981090100111	0.07386679644048944	0.05387931034482758	0.04779616240266963	0.030415739710789768	0.013904338153503892	0.00782119021134594	0.004345105672969966	0.0017380422691879865	0.0008690211345939933	0.0	0.0008690211345939933	0.0017380422691879865	0.0017380422691879865	0.0008690211345939933	0.0	0.0	0.0	0.0008690211345939933	0.0008690211345939933	0.0	0.0	0.0	0.0	0.0	0.0	0.0008690211345939933	0.0008690211345939933	0.0	0.0008690211345939933	0.0008690211345939933	0.0
209153_HY5CNBGXT_TCDM_2_C04_A27_3_1_o_CAAGCA_S27_R1_001	9.737971475047056e-05	0.00027590919179299996	0.0007628077655453527	0.001760949841737676	0.0038302687801851755	0.007287248653826881	0.013852264423254438	0.01833984627800529	0.023095222348319937	0.034561683760187846	0.046977597390872844	0.05893095737649311	0.06972387576133693	0.0763213514356813	0.0783744404216704	0.0787801892331307	0.08060605888470201	0.08663548622300199	0.09561876490873289	0.11614153979239455	0.16178016610544846	0.1912699897223826	0.2397082828345125	0.37139000210583634	0.611852977729665	0.980978901467553	1.3927490252899177	1.833238049987442	2.4263454326276417	2.778827540119428	3.1909709528483363	4.08160582395614	4.993891451643465	5.714623065440386	6.156718855431293	6.30665927121833	6.30144134150295	6.29029947914025	6.278029635081691	5.855572087565462	5.0348964265296425	4.318863383969433	3.616706950761164	3.2312374648976556	2.9002356994845773	2.2867434965566127	1.851366906883488	1.6127541458399182	1.3911341450203059	1.0786669853147333	0.9020932175434424	0.8054113907486837	0.6701671969127384	0.6148960938156172	0.5335434571178282	0.43392400892809685	0.3620415494897911	0.32513463759936284	0.29318597618497927	0.21963183164345718	0.13651013012770133	0.08102803764862071	0.05697524810525449	0.040274627025548786	0.03366092139874599	0.029327524092350052	0.022372989463920613	0.016838575675602204	0.011141862362699675	0.007490123059557027	0.005550643740776822	0.004479466878521646	0.004365857211312764	0.0037896938990391463	0.002913276466284911	0.0021261237720519408	0.0013389710778189702	0.0008033826466913822	0.0005680483360444116	0.0004544386688355293	0.000405748811460294	0.000340829001626647	0.0003083690967098235	0.0003245990491682352	0.00027590919179299996	0.00013795459589649998	8.11497622920588e-05	7.303478606285293e-05	6.491980983364705e-05	5.6804833604441165e-05	3.2459904916823524e-05	5.6804833604441165e-05	0.00010549469097967646	0.00011360966720888233	0.0006491980983364704	0.0013470860540481763	0.000876417432754235	0.00013795459589649998	1.6229952458411762e-05	8.114976229205881e-06	1.6229952458411762e-05
209154_HY5CNBGXT_TCDM_2_D04_A27_3_3_o_GCTCGA_S28_R1_001	3.332615154767481e-05	4.165768943459351e-05	0.00012497306830378053	0.0002582776744944798	0.0005415499626497157	0.0008081591750311142	0.0012747252966985613	0.001699633728931415	0.002466135214527936	0.004124111254024758	0.006065359581676815	0.007881634841025092	0.00963125779727802	0.01148919074606089	0.012364002224187355	0.014055304415231852	0.018845938700210105	0.029060404149572436	0.04356561161069789	0.0700765651668732	0.11645823658334963	0.14371902854934762	0.19055060301171764	0.31605688974026097	0.5292609442665105	0.8542742372352091	1.2461397902085434	1.7017749341683535	2.2807001757787866	2.605371875694121	2.9882810254390177	3.840480709740384	4.769647141041106	5.562926189406183	6.083055768148631	6.3070824903899885	6.344382785509723	6.38173306985678	6.433413599369336	6.098202504027049	5.422164856806692	4.700587023496436	3.8641672719528937	3.4228290470070366	3.086726477110849	2.508451095455596	2.104563133311438	1.8462521326654107	1.594714672321448	1.2419323635756494	1.044091664912878	0.9144779300060838	0.7228692216827274	0.5854238411622296	0.4362143291454025	0.31039977551504316	0.2300004349062777	0.20165654301498026	0.18100266059330883	0.13940329192392373	0.10034504231004886	0.07033484284136768	0.05139725722440148	0.039341521902030115	0.03432593609410505	0.029152051066328538	0.022120233089769157	0.01772118108547608	0.013122172171896955	0.009547942418408832	0.00615700649843292	0.004282410473876213	0.003707534359678823	0.0026077713586055537	0.0018579329487828707	0.0012580622209247242	0.0007165122582750085	0.00046656612166744735	0.0003499245912505855	0.0003165984397029107	0.00024994613660756106	0.00019162537139913016	0.00015829921985145536	0.00010830999252994313	7.498384098226832e-05	5.832076520843092e-05	6.665230309534963e-05	4.998922732151221e-05	5.832076520843092e-05	6.665230309534963e-05	4.998922732151221e-05	7.498384098226832e-05	0.00019995690928604885	0.00029993536392907327	0.000724843796161927	0.0014746822059846102	0.0009997845464302442	0.00010830999252994313	8.331537886918703e-06	0.0	0.0
209155_HY5CNBGXT_TCDM_2_E04_A27_3_2_o_GCGAAT_S29_R1_001	9.688556506810329e-05	0.00011764675758269686	0.00022837311766052916	0.0005121094153599746	0.0010865024082637297	0.002006915276410711	0.003702412665102518	0.004858119048414894	0.0065951388221358875	0.010096859959597335	0.013909998984777686	0.018422098157949353	0.0226850630209459	0.028221381024837514	0.031958395677464356	0.03602758941032469	0.04457428032883238	0.061536174613255314	0.08563991912269844	0.12187512045816906	0.18310679758121035	0.2197226207794485	0.27341106462218745	0.4207186459107336	0.6655553892353355	1.0119904883288533	1.4128614341956356	1.8520990638293866	2.3882084177362315	2.690733594661384	3.01451823272148	3.7562533576903645	4.586451923963931	5.2728238688939	5.698663608958233	5.881285978714103	5.912192473970828	5.932884462510373	5.966074688943703	5.634075539045333	4.9824370691922795	4.367331377767406	3.714398793580944	3.3694308187584574	3.0740959348408587	2.5546716593182426	2.2151846393196086	2.0329913342090404	1.7973517991684034	1.4322247064142466	1.2359414719837742	1.1063224267176617	0.9205927984821076	0.8108283736574515	0.674309692078989	0.5273342898706764	0.4109608854288747	0.35869804347213785	0.3262898219568573	0.24945264846034648	0.16563279388142743	0.11090629041295881	0.07870568082282418	0.050968727623327194	0.04009678314318503	0.034560465139293416	0.025501664805425754	0.018851162803250953	0.01270584981893126	0.00793077554057474	0.005031128986036507	0.00388926339773386	0.0032941092123155115	0.0023460147541490726	0.0020484376614398983	0.0015916914261188398	0.000982696445690762	0.000678198955476723	0.000332179080233497	0.00019377113013620658	0.00026989550268971627	0.0003114178877189034	0.00022837311766052916	0.00019377113013620658	0.00012456715508756135	7.612437255350972e-05	0.00011072636007783232	9.688556506810329e-05	6.228357754378068e-05	6.228357754378068e-05	6.228357754378068e-05	6.920397504864521e-05	0.000173009937621613	0.0002491343101751227	0.0006712785579718585	0.001328716320933988	0.0008927312781275231	0.00012456715508756135	1.384079500972904e-05	0.0	0.0
209156_HY5CNBGXT_TCDM_2_F04_X5_66_3_o_TGGATT_S30_R1_001	6.79414152047316e-05	0.0001222945473685169	0.00025817737777798013	0.0004687957649126481	0.0008085028409363061	0.0012229454736851688	0.001990683465498636	0.0025545972116979084	0.003498982883043678	0.005068429574272977	0.0065903172748589655	0.008458706192989085	0.010870626432757055	0.013744548295917204	0.01517811215673704	0.017834621491242045	0.024941293521656974	0.03950793294155143	0.06396684241525481	0.10896444170534854	0.18617306594400554	0.23272652364228763	0.31413392734059703	0.5261111427793597	0.8949786742088884	1.4041112573285857	1.9141542554120266	2.384077847817073	2.905942652146137	3.197091998722973	3.5612851607864164	4.433897521109907	5.365822736907129	6.015315489698281	6.288650597208437	6.224242135594351	6.112485301724088	5.998656254690081	5.8265878265425775	5.345521842043955	4.588049798067923	3.898994759203055	3.210306603980293	2.8760280470314936	2.5827453400172287	2.0723966055653666	1.757420204676231	1.6165912392398631	1.43303391778124	1.112166996193854	0.9319388040802625	0.821078796890702	0.6635294491724498	0.5788404751197519	0.4951026808799201	0.3914580519851021	0.29628571756631406	0.2590198513265187	0.2346832364001839	0.1826129357872776	0.12755321290536312	0.0885480464363267	0.06990492210414835	0.05511407601407828	0.047287224982493194	0.041165703472546875	0.031205492003533224	0.022780756518146508	0.014559845278373982	0.008716883570767064	0.005897314839770703	0.005285842102928119	0.004524898252635124	0.003594100864330302	0.0028603335801192006	0.002079007305264787	0.0015422701251474073	0.0009240032467843497	0.0005775020292402187	0.0005299430385969065	0.0003736777836260238	0.0002038242456141948	0.00017664767953230216	0.00016305939649135585	0.0001358828304094632	7.473555672520476e-05	4.076484912283896e-05	3.39707076023658e-05	1.3588283040946322e-05	5.4353132163785286e-05	0.0001019121228070974	0.0001019121228070974	0.0002445890947370338	0.00038047192514649696	0.0006930024350882624	0.0012093571906442225	0.0008152969824567792	0.0001358828304094632	2.7176566081892643e-05	0.0	0.0
209157_HY5CNBGXT_TCDM_2_G04_C17_3_1_i_ACCTAC_S31_R1_001	0.0003135295035181929	0.0003370442162820574	0.00066625019497616	0.0014500739537716423	0.002476883077793724	0.003989662932269005	0.00729739919438594	0.009641032233184433	0.011271385651479036	0.016679769587167863	0.023945815831201984	0.02985584697251992	0.034676363089112136	0.03918334970218616	0.04129183561334601	0.04179348281897512	0.04422333647124112	0.04869113189637537	0.05704669316513521	0.07793559633703481	0.11615484281590252	0.13930115841313312	0.1833050242319115	0.3029870739623937	0.5191421519254238	0.8456988063147977	1.2220047546749209	1.602668763133947	2.0361781694109644	2.2792497552510316	2.6028905852576862	3.336870991231364	4.099390420262785	4.706642200914408	5.038144783221782	5.063070378751478	5.0115653195610275	5.015978247323046	5.066754350417817	4.839570872168535	4.334592415564545	3.8068360405299586	3.2829047254382946	3.0552979823592628	2.8755593562298705	2.499276922582511	2.226239754443693	2.1059463221813504	1.961989250640972	1.7741537250832224	1.6864751994243599	1.6230089896746895	1.5632502663041221	1.77006216506231	1.9569414256343292	1.8773833141165874	1.6196934151749849	1.4253364759440568	1.2895860391582672	0.9587183540955182	0.5979556308723096	0.3848966567565216	0.2651675776005117	0.1497495291178769	0.10664706062171332	0.08700443722629854	0.061310694412982626	0.04640236652069255	0.02811575822799395	0.015190504445456448	0.009633193995596478	0.00757173750996436	0.006301943020715678	0.004169942396791966	0.0029158243827191945	0.002257412425330989	0.0017949564076416545	0.0012776327268366361	0.0008386914219111661	0.0007211178580918437	0.0006113825318604763	0.00044677954251342493	0.000399750116985696	0.00030569126593023814	0.00024298536522659954	0.00022730889005068987	0.00017244122693500612	0.0002037941772868254	0.0002037941772868254	0.00015676475175909645	0.00010973532623136753	8.622061346750306e-05	0.0001646029893470513	0.00023514712763864472	0.0007132796205038889	0.0011914121133691333	0.0007759855212075275	0.00021163241487478026	3.1352950351819295e-05	0.0	0.0
209158_HY5CNBGXT_TCDM_2_H04_C17_3_1_o_CGAAGG_S32_R1_001	6.178802050151237e-05	0.000105039634852571	0.00024715208200604946	0.0005560921845136112	0.0010133235362248026	0.0015199853043372038	0.002724851704116695	0.003670208417789834	0.004776213984766905	0.0067472518387651495	0.009268203075226853	0.012141346028547178	0.014619045650657823	0.017109102876868773	0.018338684484848867	0.020272649526546206	0.025598776893776567	0.035719654651924296	0.05272989669599064	0.08566291162329673	0.14255114209903916	0.17678788425892714	0.23749461440166303	0.39889110275366346	0.6754789977266333	1.0765697540101506	1.5357659647732902	1.9875228978680475	2.4679062208611557	2.730536202002834	3.0802687556454944	3.9163348186555584	4.778716399597216	5.424098452537563	5.777587717826716	5.780528827602587	5.699314653455399	5.635827462390095	5.552833793252463	5.237665458278349	4.639205228106851	3.9763062713543262	3.3531987998047748	3.090191911738037	2.8535685084254454	2.406841120199511	2.1036658400047403	1.9665026132934331	1.7485021193599972	1.4052140562556448	1.235834555654849	1.1322531180861135	1.0018124280053708	1.0120815970127222	0.9907214783253494	0.8884993772076473	0.763712291002793	0.682658765708909	0.6311831658290992	0.4882365803988503	0.3168983995481566	0.20606304837254372	0.14042563419378712	0.08690485083537713	0.06805332578036571	0.05615295303177443	0.040026279680879705	0.02994247473503289	0.01910485593906762	0.011239240929225097	0.006809039859266661	0.005264339346728853	0.004269552216654504	0.0026074544651638215	0.0017238857719921947	0.0011863299936290372	0.0007476350480682995	0.00048812536196194756	0.00038308572710937664	0.000420158539410284	0.0003645493209589229	0.00029040369635710805	0.00027186729020665435	0.00024715208200604946	0.00020390046765499076	0.00019154286355468832	0.00019772166560483954	0.00011739723895287347	3.707281230090741e-05	4.9430416401209885e-05	5.560921845136112e-05	5.560921845136112e-05	0.00013593364510332718	0.000210079269705142	0.0007661714542187533	0.0013593364510332718	0.0008217806726701144	0.00014211244715347843	1.8536406150453706e-05	0.0	0.0
209159_HY5CNBGXT_TCDM_2_A05_C17_3_2_i_AGATAG_S33_R1_001	8.206362442039488e-05	0.0001969526986089477	0.0003939053972178954	0.0007057471700153959	0.0014525261522409893	0.0030527668284386893	0.005596739185470931	0.007057471700153959	0.009092649585779752	0.013622561653785552	0.01843969640726273	0.022953195750384445	0.02761440961746288	0.031471399965221435	0.03285827521792611	0.03625570926893046	0.04271411651081554	0.052036544244972394	0.06874469817696478	0.10097928984929588	0.15480482110663288	0.18684246008035507	0.24270316922331783	0.3857810984002763	0.6223130830671805	0.9706567560068726	1.3990781136559862	1.853530052971249	2.3419235073467872	2.605257471749392	2.957047816914741	3.7451622467608874	4.546841793723725	5.199452766926916	5.612355893198131	5.671712512741403	5.605421516934609	5.572095479057486	5.556019215033531	5.306644273144835	4.775791099494184	4.175290527797945	3.5819130787013957	3.3248077433922982	3.054301418215351	2.5587109839781443	2.2636840478243823	2.151092755119601	1.9039171183653714	1.5113903900377386	1.323390832853056	1.2056541508971155	1.0499794553716264	1.0238503973561726	0.9785184512263465	0.8689799253500033	0.7370380300068926	0.6574937588562038	0.5905708731413718	0.4377437853832704	0.279935435622851	0.17805344590493077	0.1162513303539314	0.06613507492039623	0.047843093037090216	0.038430395316070926	0.025899279867076623	0.018817189079596546	0.011874606453631139	0.007344694385625341	0.004776102941266982	0.0037585139984540853	0.0032004813523954	0.00224033694667678	0.0016412724884078975	0.0010832398423492125	0.0007139535324574354	0.0005744453709427642	0.00036107994744973747	0.0002790163230293426	0.00032825449768157953	0.00033646086012361904	0.0002626035981452636	0.00023798451081914518	0.00018874633616690822	9.026998686243437e-05	4.9238174652236926e-05	6.56508995363159e-05	8.206362442039488e-05	6.56508995363159e-05	9.026998686243437e-05	0.00011488907418855283	0.00018874633616690822	0.0002790163230293426	0.0007549853446676329	0.0014607325146830288	0.000943731680834541	0.0001313017990726318	3.282544976815795e-05	0.0	0.0
209160_HY5CNBGXT_TCDM_2_B05_C17_3_2_o_TTGGTA_S34_R1_001	0.00028515754954612423	0.0003960521521473948	0.0006653676156076232	0.0011168670690556532	0.0020832343202952966	0.0036040745845412926	0.005917019153082077	0.007382412116027439	0.009497330608494527	0.013885588454287662	0.019145161034805062	0.02499881184354356	0.03253964482042995	0.04336771066013973	0.04952236110451025	0.05711072033965433	0.07405383140851987	0.0949812271279882	0.12258606213266163	0.16848058552350173	0.23352819099218985	0.2687134641889644	0.3227270566988261	0.4660662516040112	0.703095543621184	1.0361674825341	1.4331701598466484	1.840105825135054	2.260277553348225	2.4851480442944727	2.780333634332969	3.464743437415839	4.2127196109183656	4.846735738162001	5.281426738272896	5.4381841800928346	5.435514788587361	5.415553760119132	5.394848153604867	5.145319455665922	4.6708093721781285	4.1412718026709765	3.616962121572169	3.3964640463856286	3.1421827226209147	2.684900907751533	2.4250114855124125	2.3167070639861858	2.0995120637485543	1.7500039605215214	1.566275367140345	1.4368772079907481	1.2614419466755382	1.2004499152448393	1.1157898072018124	0.9289799280769291	0.6972181296833166	0.582561031636646	0.5142737195633921	0.37801593713860243	0.25345753528824677	0.17187079194588342	0.12180979991445273	0.07947974589293919	0.062211872059312764	0.050464965226621035	0.03558924639196489	0.028713781030686118	0.01929566085262107	0.011588485971832771	0.008816120906801008	0.008079463903806853	0.00681209701693519	0.004499152448394404	0.0031525751310932625	0.002281260396368994	0.001433708790773569	0.0010059724664543827	0.0006574465725646754	0.00045942049649097793	0.0004831836256198216	0.0004277363243191864	0.0003406048508467595	0.0003089206786749679	0.0003089206786749679	0.0002930785925890721	0.0002534733773743327	0.0002534733773743327	0.0001742629469448537	0.00012673668868716634	0.0001346577317301142	9.505251651537474e-05	0.00019010503303074948	0.00030099963563202004	0.0007921043042947896	0.0012515248007857675	0.0007445780460371022	0.0001346577317301142	0.0	0.0	0.0
209161_HY5CNBGXT_TCDM_2_C05_X5_66_2_i_GTTACC_S35_R1_001	0.0007697097655387084	0.0013940299086978828	0.0029420017705035074	0.005062979791099059	0.008894423957336185	0.013786357133871085	0.02003811089619104	0.024032049346264114	0.030104204163291702	0.039246645711745916	0.04888512244243619	0.06040511193333219	0.07245534592937708	0.08861925100568996	0.09768472157759028	0.11094083420631248	0.1352978721202485	0.16641980364019696	0.2071374502371946	0.26732875390232164	0.35322836373644145	0.39963331026769733	0.467915118801709	0.6491304546017055	0.9328369218485452	1.3329577149677505	1.7708883622363627	2.2101617254293036	2.693650638487079	2.946448982482176	3.216155284326939	3.874171610555252	4.623903131512868	5.205701086291392	5.507059564161253	5.527166093703269	5.466290603579886	5.405457875110143	5.308491549313723	4.956383540902676	4.393469132372034	3.8721532605033957	3.3611258425007904	3.1244742989205503	2.8172147128482266	2.2999611980754864	2.0251919164396237	1.9392067832982216	1.7537152821341213	1.4263064048661394	1.2631792485563025	1.1588493660028947	0.9761288199947334	0.9101390360958815	0.8437301879913475	0.6826299340640958	0.510249155906338	0.42015890401539624	0.37310398034879655	0.2905739888215906	0.22087249338669646	0.18469613440637717	0.18102718452397598	0.16346069720823703	0.14761322836886784	0.12676264605349707	0.09617951136942571	0.0712922289503408	0.038194709032176345	0.016112591091943625	0.0110838206237574	0.010194378228023781	0.00911678455626959	0.007449080064269055	0.006268858423776369	0.005191264752022177	0.003780130181867879	0.002163739674236591	0.0011545646483080625	0.0008381284113643712	0.0006328724738873824	0.00040195954422576994	0.0002565699218462361	0.00011973263019491018	9.407563801028657e-05	7.697097655387084e-05	6.841864582566296e-05	8.55233072820787e-05	6.841864582566296e-05	5.986631509745509e-05	0.00011118029946670232	0.00016249428383594951	0.00024801759111802823	0.00030788390621548336	0.0009065470571900341	0.001385477577969675	0.0007526051040822925	0.00013683729165132592	2.565699218462361e-05	8.55233072820787e-06	0.0
209162_HY5CNBGXT_TCDM_2_D05_X5_66_1_i_CGCAAC_S36_R1_001	0.00038676315977766276	0.0007251809245831177	0.0015309375074532483	0.0026670542893001328	0.004721733575618966	0.00789641451212728	0.013536710592218197	0.01738822705833742	0.02145729780183158	0.029796878434537436	0.039320921244062376	0.05191489663432253	0.06623319111192474	0.07963292308505501	0.08605480305052995	0.09840705146592907	0.12006578841347817	0.1411524381871895	0.16924111266604225	0.2119623266898166	0.2717414075729516	0.3051077876696037	0.3569904540406114	0.4949279234621491	0.7378554756316648	1.078287631894295	1.4394357899025163	1.8157563443661822	2.2555141145992135	2.4965400812331553	2.7798521533361225	3.4641570464702385	4.239359339717934	4.868284582911386	5.295690104729018	5.486912256975757	5.50544465838177	5.483721460907591	5.454964008464956	5.154005867197134	4.634357331772529	4.16771952193495	3.7321113981037004	3.5374164349847907	3.2098924991797393	2.65875499649657	2.3934838142840658	2.3146002448210803	2.1048940365632998	1.7202177863352708	1.508021790236422	1.3620912155128124	1.1550117737151888	1.054413064343853	0.9440163549248164	0.7679504840018642	0.5672929221697156	0.4717543641388041	0.4136431993822103	0.3073719636674688	0.21375916386961696	0.14804971453655782	0.10839843309351868	0.07398456943913541	0.058965266734436174	0.05004554136206382	0.038676315977766274	0.03294738667355965	0.024124352091131715	0.01608290139408781	0.012456996771172221	0.011328937555154038	0.010192820773307154	0.007703032932238449	0.0055516628559752	0.003964322387721043	0.0026589967234714315	0.0015792829024254564	0.0007896414512127282	0.0005640296080090915	0.0004834539497220785	0.0003061875014906497	0.0002256118432036366	0.00025784210651844184	0.00017726644823142876	6.446052662961046e-05	4.8345394972207845e-05	5.640296080090915e-05	4.8345394972207845e-05	5.640296080090915e-05	4.8345394972207845e-05	1.6115131657402615e-05	9.669078994441569e-05	0.00017726644823142876	0.0004834539497220785	0.0010071957285876633	0.0007654687537266241	0.00017726644823142876	2.4172697486103923e-05	0.0	0.0
209163_HY5CNBGXT_TCDM_2_E05_C17_3_3_o_TGGCGA_S37_R1_001	0.0	7.609636310749391e-05	0.0001712168169918613	0.00022828908932248174	0.0004280420424796533	0.0007038913587443186	0.0010843731742817882	0.001350710445158017	0.0018453368053567272	0.002691908844927597	0.0033958002036719157	0.004270908379408096	0.005374305644466757	0.0067630642711785215	0.007571588129195644	0.009721310386982348	0.014011242857167318	0.022153553709669167	0.036849663834803925	0.06522409522851072	0.11447746624983617	0.14405041536248597	0.19858297157439384	0.34133023671866397	0.5797211182436656	0.9318285023874283	1.3804736351784355	1.8673762145217352	2.3910999215636735	2.674634970502196	3.052405853103961	3.9159568936931906	4.818288543331076	5.58713766003303	6.083685453400204	6.195195161488848	6.162454701261849	6.142022827767487	6.118176129978676	5.776075417583549	5.113723161050533	4.3434282134495374	3.548544628519433	3.2002896227579876	2.9474309201971733	2.4502363077435847	2.0573698091103707	1.8074883767561376	1.5429869306398771	1.2165715810902822	1.053306834043154	0.9695722984887454	0.8408838364285847	0.7633321303766599	0.6540197047727448	0.5439177794015896	0.46698435629991325	0.42343821251164987	0.3962147386099439	0.3105968180686248	0.2013034165554867	0.13259791271480814	0.0929231713996385	0.059279066860737764	0.047503154669853075	0.04011229540303773	0.02995343092818729	0.02319036665700877	0.016902904655252085	0.011804448327049993	0.00784743744546031	0.006696479953459465	0.005545522461458619	0.003757257928432512	0.0023780113471091845	0.0014648549898192578	0.0009321804480668005	0.0005992588594715145	0.0005136504509755839	0.000399505906314343	0.0002948734070415389	0.00018072886238029804	0.0001997529531571715	0.0002663372708762287	0.000218777043934045	0.0001236565900496776	0.00011414454466124087	9.512045388436738e-05	0.00010463249927280414	8.560840849593066e-05	6.658431771905717e-05	8.560840849593066e-05	0.0001426806808265511	0.00020926499854560828	0.000656331131802135	0.0012841261274389598	0.0008180359034055595	0.00010463249927280414	1.9024090776873478e-05	0.0	0.0
209164_HY5CNBGXT_TCDM_2_F05_A03_3_2_o_ACCGTG_S38_R1_001	0.00010050082913184034	0.00010050082913184034	0.00020100165826368067	0.00045225373109328146	0.0007956315639604026	0.0013316359859968845	0.0022110182409004874	0.002747022662936969	0.003819031507009933	0.0058876735733069795	0.007411936148473224	0.010050082913184034	0.014011490594797407	0.01778027168724142	0.019698162509840706	0.02412019899164168	0.03343327582452556	0.05054354198422137	0.07461349056129712	0.11542520225791862	0.18454464749334182	0.22470310380060637	0.2862766117820472	0.4545317498869366	0.7415118674729066	1.1477529689619939	1.5614143816686488	1.9746319157133048	2.49236193698598	2.7845932228940886	3.102946349307382	3.8980167836384654	4.775690524446826	5.525058206730205	6.028433359575216	6.05746134905613	5.93152543508484	5.8776569906701726	5.775698899515921	5.392564613658063	4.7456324014673115	4.073884859550091	3.3892815865730888	3.06453828244083	2.814458719284434	2.376635232240666	2.1039597326677946	1.9602854223547344	1.7694175976951811	1.4601765464565084	1.2830605852498285	1.144746319157133	0.934079831158607	0.8128674561565133	0.7162359089462488	0.6016733388050451	0.464724208974724	0.39456625517160515	0.3494581330295975	0.2576757508249443	0.1715297901207685	0.11894273127753305	0.09211738496842599	0.0660709200850907	0.053734443309157304	0.04682501130634328	0.036431550560292125	0.028676236578951773	0.018843905462220062	0.011055091204502437	0.0075124369776050645	0.006197551129796822	0.005259543391232978	0.0035845295723689716	0.0025962714192392087	0.0021021423426743273	0.001507512436977605	0.0009380077385638431	0.0005778797675080819	0.00043550359290464146	0.0004187534547160014	0.00031825262558416107	0.000301502487395521	0.00028475234920688096	0.0001507512436977605	0.00012562603641480042	0.0001507512436977605	0.0001172509673204804	9.212576003752031e-05	8.375069094320028e-05	5.86254836602402e-05	7.537562184888025e-05	0.00014237617460344048	0.00018425152007504062	0.0007286310112058424	0.0014237617460344048	0.0008458819785263228	7.537562184888025e-05	1.6750138188640056e-05	0.0	0.0
209165_HY5CNBGXT_TCDM_2_G05_X5_66_3_i_CAACAG_S39_R1_001	0.00029323605227299176	0.0004306904517759566	0.0010171625563219402	0.0023733792980845272	0.004930031128839675	0.010373225349157083	0.019234452303781555	0.02430193783212419	0.03071647647559589	0.044965915890736584	0.061332153058222934	0.07716689988096449	0.08985852276840492	0.09848149543055758	0.10171625563219402	0.10363145359860199	0.10543668804540761	0.10883639352644761	0.11739522080216555	0.13965366989501232	0.18128402569114363	0.2057050906695037	0.2504877340275697	0.3764142912255526	0.5977342016785931	0.9327014096406852	1.3439741365801896	1.817733633533742	2.3637758173725865	2.6525400198484155	2.985711156990335	3.808824755720623	4.7100949260082965	5.4460990899602395	5.908688126047517	6.020282771190658	5.993964835499156	5.97856077912819	5.971752204539477	5.656752539011849	5.040755229452629	4.424015666136093	3.756546265776329	3.413414266483761	3.0694850316740756	2.4633202934926337	2.1041061294582186	1.950258001907867	1.7021894653115495	1.3108292990467079	1.1106682024904904	0.9883337869328516	0.8012675128359501	0.6980117679293227	0.6002450353761806	0.4885129358335372	0.38629268073649903	0.3365616789963263	0.29853262846717266	0.21975293029870674	0.14383228363990247	0.09336819176904729	0.06668371101220504	0.046074714713393826	0.03685610632006165	0.03045989492985702	0.02131459554959309	0.015889728582542742	0.010217443696387057	0.006047993578130455	0.00405948659865423	0.003243923828269972	0.00295068777599698	0.0022175976453145	0.0014020348749302419	0.0009988353030548783	0.0008613809035519132	0.0005498175980118595	0.00030239967890652276	0.0002565815457388678	0.00017410890603708888	0.0001282907728694339	0.00016494527940355788	0.00010079989296884093	4.5818133167654964e-05	3.665450653412397e-05	1.8327253267061985e-05	2.7490879900592976e-05	3.665450653412397e-05	1.8327253267061985e-05	9.163626633530992e-06	5.498175980118595e-05	9.163626633530993e-05	9.163626633530993e-05	0.0007147628774154175	0.0014020348749302419	0.0008338900236513204	0.0001099635196023719	1.8327253267061985e-05	9.163626633530992e-06	0.0
209166_HY5CNBGXT_TCDM_2_H05_X5_66_1_o_GATTGT_S40_R1_001	0.00014401844588254862	0.00032404150323573445	0.0004680599491182831	0.0012601614014723006	0.0020522628538263183	0.0027723550832390613	0.004356557987947096	0.005184664051771751	0.006696857733538512	0.009217180536483112	0.014473853811196136	0.01775027345502412	0.01911844869090833	0.022286854500324402	0.023114960564149058	0.024627154245915817	0.0273275001062136	0.029811818297687566	0.03564456535593079	0.05245871891271834	0.09328794832042088	0.12183960521663616	0.18045511269083345	0.3470844545769422	0.7061944493850772	1.2506561840440524	1.7614176023665111	2.1900525019244466	2.6855839695948256	2.969876381766977	3.308715780317143	3.9880867941565956	4.579858588287988	4.916105654812268	4.975297236069996	4.828794471995973	4.708107014346397	4.6786192375519455	4.617123361160098	4.3587902738582756	3.869343585526434	3.321281389720395	2.7943899054590915	2.5524389163764094	2.358878125110264	1.9802896354965145	1.7085268281161452	1.5779020977006735	1.4346397486590083	1.2404308743863914	1.1455947277727332	1.0696249975696888	0.9869944142445763	1.0605878400905588	1.277983684150266	1.73423412070618	2.163229066378822	2.2731151405872065	2.3252138133852185	2.023099118535102	1.3229534438770918	0.8263418378625934	0.5001760625500914	0.25775701351829144	0.19082444079437694	0.15568393999903507	0.10023683833425386	0.06545638365361836	0.04039717407005489	0.024627154245915817	0.01544597832090334	0.011449466447662617	0.00900115286765929	0.005148659440301114	0.003132401197945433	0.0019442490194144066	0.0010801383441191147	0.0007560968408833803	0.0005040645605889203	0.00028803689176509724	0.00036004611470637156	0.00032404150323573445	0.00018002305735318578	0.00014401844588254862	0.00014401844588254862	7.200922294127431e-05	0.0	3.6004611470637155e-05	3.6004611470637155e-05	3.6004611470637155e-05	3.6004611470637155e-05	7.200922294127431e-05	0.00018002305735318578	0.00021602766882382297	0.0006120783950008317	0.0009361198982365662	0.0004680599491182831	7.200922294127431e-05	3.6004611470637155e-05	0.0	0.0
209167_HY5CNBGXT_TCDM_2_A06_X5_66_2_o_CTCTCG_S41_R1_001	7.91784507295067e-05	0.00010293198594835869	0.00019002828175081608	0.0003246316479909775	0.000601756225544251	0.001369787197620466	0.002327846451447497	0.0027237387050950304	0.003689715803995012	0.005795862593399891	0.008361244397035908	0.011203750778225198	0.014529245708864479	0.02008757295007585	0.023737699528706108	0.02779163620605685	0.03869450887150992	0.05601875389112599	0.08201303926562305	0.12586206527962385	0.19524614165389056	0.2363001683571398	0.3012185801102623	0.4797105615897893	0.7671995983435552	1.158547008919215	1.599594733017786	2.0497400611051773	2.5365766832606225	2.7968837578789483	3.0877141252534996	3.8168922315567455	4.622168746856121	5.227155453190136	5.5345499524573	5.570576147539224	5.537265773317322	5.484152868567968	5.396336048863872	5.089091988653094	4.572666379460033	3.9822405902151745	3.3471660726039474	3.0586318803005517	2.793946237356884	2.3361205995487304	2.0749108905920877	1.9538074502013072	1.767682666071456	1.48454052626274	1.3344894442852517	1.2357776697607756	1.1142625014262018	1.1328615195025629	1.1234234481756058	1.0016232374184058	0.8149125327531559	0.69916155563169	0.6266816018338995	0.4697340767978714	0.3130161692689588	0.21793076778789422	0.16702694181389438	0.11590933402292486	0.09286048701556546	0.07887757261673457	0.058394107413011195	0.0431760091828	0.025519214670120006	0.012716059187158776	0.0076486383404703465	0.0064451258893818445	0.005518738015846617	0.003792647789943371	0.0026683137895843756	0.0020032148034565193	0.001441047803277022	0.0009897306341188337	0.0006888525213467083	0.0006175919156901523	0.0004354814790122868	0.0002850424226262241	0.0002612888874073721	0.00019002828175081608	0.00015043905638606274	0.00017419259160491473	0.00022169966204261873	0.00016627474653196407	7.91784507295067e-05	8.709629580245737e-05	0.00011876767609426005	0.00015043905638606274	0.00021378181696966807	0.0002375353521885201	0.0007126060565655602	0.0012668552116721073	0.0007759488171491655	0.0001346033662401614	3.167138029180268e-05	0.0	0.0
209168_HY5CNBGXT_TCDM_2_B06_A27_3_2_i_TGACAC_S42_R1_001	0.0025357373384863047	0.004153689147744357	0.008430380479818275	0.014173636317360017	0.021828156865253377	0.031176322874299906	0.04383608615375765	0.05171768765733635	0.06181332847884712	0.07958241326122503	0.09807058773660654	0.1191985783218301	0.14085642447031949	0.16472830993674092	0.17725560932538223	0.1961033286472655	0.23331622026020069	0.27532619706198874	0.3225401124315659	0.3820542462340989	0.4574356618151451	0.4968720544524993	0.5466406305735365	0.6837596809815347	0.9078223522975578	1.2252247581067428	1.572951933206408	1.9107916250272732	2.32138237802583	2.5611704055230633	2.8169487169831386	3.372530660186786	3.9487391235318503	4.414936325553855	4.7029128241888145	4.81963243541108	4.838167918418896	4.865001318015714	4.91811933823311	4.672105507867504	4.188640691506927	3.828130750943474	3.5166419116885947	3.3544966476227747	3.067267623800279	2.607362456592056	2.4382817616713464	2.4166617623488045	2.2736291453865003	1.9722643320725926	1.7887166879334289	1.6314442027083567	1.3948542320036923	1.3135497881618534	1.2734132292444695	1.0678765792297755	0.7382496486395296	0.5760097675088406	0.4883281334948384	0.34830433919536513	0.2526937951453498	0.19475976632612724	0.16182356604526593	0.12239663511439865	0.1012402594097144	0.08668815483287882	0.06925969148402893	0.05985475523606106	0.042293827996394716	0.028470274819049596	0.02458151345293813	0.023483955500458988	0.02029536041437733	0.014060095839517348	0.00931031918309897	0.0063204199332419836	0.003926608192059017	0.002214039317932072	0.0012773303757300416	0.0009461706486889198	0.0009272472357151413	0.0008137067578724709	0.0006623194540822438	0.0006055492151609086	0.0004920087373182383	0.0003784682594755679	0.0003784682594755679	0.0002649277816328975	0.00019869583622467315	0.00023654266217222996	0.00015138730379022714	0.00011354047784267035	0.00017977242325089475	0.00020815754271156234	0.0004730853243444599	0.0010029408876102547	0.0007853216384118034	0.00019869583622467315	5.677023892133518e-05	9.461706486889196e-06	0.0
209169_HY5CNBGXT_TCDM_2_C06_C64_3_1_o_AAGACA_S43_R1_001	0.0005656232203758052	0.0010626860504030279	0.002511024296516832	0.005304860203221567	0.010275488503493795	0.01950543105417171	0.035745673517992176	0.0458840412407888	0.05747931725849281	0.08427785983599498	0.11402449919848617	0.1418857278263914	0.16371364210362133	0.17977391354277675	0.1873241265299144	0.18917525706932614	0.19296321863608532	0.1976853155213439	0.20562118070419233	0.22918881488651754	0.2737444985643026	0.2998831473846996	0.3599334792812643	0.5176652273269718	0.7617402169679253	1.1016969125113714	1.5158359504119836	1.9112065814546715	2.3176497155386553	2.5492981344289283	2.8759883944399234	3.6387998675070454	4.43200930364497	5.04432214984816	5.501457122546127	5.7046444093929445	5.705921346663187	5.673800803784877	5.63840650226742	5.351489838707397	4.791737101755189	4.167631868412043	3.5312800353428813	3.242923603585537	2.9995942081896243	2.5300155246433897	2.208604414689235	2.039165979991507	1.8199869820958825	1.4792075618682536	1.2833305266423534	1.1358228468073783	0.9308187096163233	0.8498060383706796	0.7761293288923341	0.6535862011930365	0.5134830435157082	0.44576251794889593	0.4007183414898773	0.30078300250802475	0.19773673581410536	0.13151596878616828	0.0926507975073156	0.05863627384562514	0.04542125860593587	0.03757966395981676	0.02690995321181861	0.01958256149331386	0.012469420994648433	0.008270097085797758	0.005716222545313062	0.004747807031639335	0.003985072689011355	0.0027766958091175894	0.002031101564076755	0.0015683189292238235	0.0011826667335130471	0.000925565269705863	0.0006513237083115332	0.0004113623420914947	0.0002999517077750482	0.0002485314150136114	0.0002828116101879026	0.00023139131742646576	0.00020568117104574735	0.00017140097587145612	0.0001371207806971649	0.00011141063431644649	7.713043914215526e-05	8.570048793572806e-05	6.856039034858244e-05	5.142029276143684e-05	0.0001371207806971649	0.00020568117104574735	0.0006084734643436692	0.0013197875142102122	0.0009512754160865814	0.00015426087828431052	2.571014638071842e-05	8.570048793572806e-06	0.0
209170_HY5CNBGXT_TCDM_2_D06_X9_35_2_i_ACAGAT_S44_R1_001	0.0008010097559209923	0.001685143165758314	0.004042832258657839	0.007065510582887998	0.012733032440819548	0.021536583060139888	0.0336348530528711	0.04104797164304557	0.05132507794542811	0.07181883698370858	0.09357456422235516	0.11680384714406394	0.13617165850656868	0.15778380852481433	0.17171835559951537	0.18173853424433833	0.20194513884181697	0.231113984670638	0.26681937237560677	0.3169731624703957	0.3847945073703099	0.41918503000423857	0.47078214899884735	0.621780044685765	0.8759872917535214	1.2317640872112219	1.5982184938492652	1.9319524076275172	2.326449712418606	2.5526971849872333	2.846493961406594	3.529732613119769	4.26295125092409	4.853302997733672	5.250452702754272	5.394181057071417	5.387334690667035	5.350964313730736	5.320797984054918	5.041026435059985	4.554201420855287	4.029502247247983	3.498024717498595	3.2903969434072247	2.998610248073477	2.5167802097995686	2.3188779032164093	2.2857871322618997	2.1084843784583693	1.7187553487237532	1.4810972654811572	1.3110413829599683	1.077992884161823	0.978811251648021	0.8911309101579146	0.7376619749409388	0.541301234303137	0.44691810362905027	0.3980489518220592	0.29846681443029655	0.20268569503125336	0.13895252256486043	0.10132773412400553	0.06708078871047782	0.051793593085683785	0.043095836207711506	0.03106557647727547	0.024906869391656518	0.018256977078350167	0.013042856969053138	0.010541590655752681	0.0094307563715981	0.008319922087443515	0.006604552138442899	0.005380367417129685	0.003906811734067482	0.0025012663133004574	0.0014735556830622028	0.0008236798433527185	0.0006498758397094843	0.0005365254025508534	0.000340051311475893	0.00023425757012783736	0.00017380400364323418	0.0001586906120220834	0.00012846382877978178	7.5566958105754e-05	8.31236539163294e-05	0.00010579374134805558	9.823704553748019e-05	4.5340174863452395e-05	6.80102622951786e-05	0.00017380400364323418	0.000226700874317262	0.000566752185793155	0.0011410610673968855	0.0007783396684892662	0.00012090713296920639	3.0226783242301598e-05	0.0	0.0
209171_HY5CNBGXT_TCDM_2_E06_C64_3_1_i_TAGGCT_S45_R1_001	0.00017820967883497204	0.00028959072810682955	0.0007128387153398882	0.0013439979945470807	0.0026582943759549996	0.004477518180728672	0.0072471936059555295	0.009192649266570641	0.011427695655292582	0.017278913443707498	0.024741443744921952	0.03412715349689714	0.04258468783827353	0.053091633486252086	0.06068039564330798	0.07016263563798546	0.08828061965287429	0.11115086177002902	0.14611708583810748	0.19992155803969947	0.26709918155719914	0.3012040588442419	0.3677579484858192	0.5341983631143983	0.8064062221315332	1.1766813823308966	1.5486643852857613	1.8987721501636337	2.313198758294361	2.551546778332851	2.8655670832466416	3.5749084336393935	4.322438633125823	4.89724652680474	5.277434600389299	5.386394968190315	5.337766002078221	5.338738729908529	5.378516615305152	5.060174725679613	4.460090759219269	3.9003490088051915	3.3807192869355527	3.1778943962114994	2.9722552776425117	2.580520701950104	2.3311459580336997	2.202656779593685	2.0027797739736943	1.7135454652245345	1.5589782704483355	1.4109083035463281	1.2517225079269894	1.214654894729315	1.1763249629732264	1.0250546472554745	0.7654179959994898	0.6446735131855114	0.5833916598761354	0.4534545277955864	0.3075676294593074	0.20774050769858388	0.1575299306868305	0.10324280727172713	0.07657075867275966	0.06399955091160933	0.04742605077995694	0.03811459506082965	0.02515726632887022	0.015363159396231549	0.011902921465519176	0.010588625084111255	0.009407985961829566	0.007039282313981396	0.0050121472172335885	0.0035716189799842313	0.002487510100404818	0.0015593346898060052	0.0009133246040292318	0.0007128387153398882	0.0006237338759224021	0.0005569052463592876	0.0005049274233657542	0.0004232479872330586	0.0003786955675243156	0.00028959072810682955	0.00023761290511329605	0.0002524637116828771	0.00023761290511329605	0.00023018750182850556	0.00019306048540455303	0.00011880645255664803	0.00017078427555018155	0.00023761290511329605	0.0005791814562136591	0.0011583629124273182	0.0008316451678965363	0.00013365725912622904	7.425403284790502e-06	7.425403284790502e-06	0.0
209172_HY5CNBGXT_TCDM_2_F06_C14_3_1_o_CTCCAT_S46_R1_001	0.0004600281195898003	0.0007939194967114296	0.001721395544271511	0.0032943949209334094	0.0058690684289601945	0.00945283587673235	0.01505479120399524	0.01866823788528932	0.023327877548231166	0.03241714281431997	0.04226322853521779	0.053763931524962796	0.06665955849023818	0.08021554840137632	0.08696015421923323	0.09538163673107877	0.11505896855611346	0.13696966270367283	0.16482362336399717	0.21360144365727696	0.2837779913198629	0.3223758345151233	0.38490997954581424	0.5493106738321241	0.8161344030025888	1.1842236769498533	1.5790242610668483	1.9706936860472801	2.410146676998008	2.6495987330528794	2.958270181489255	3.650219251627739	4.4029884910610235	5.059277962122917	5.507827638148114	5.678668726108681	5.687757991374769	5.664400434593016	5.587694455555607	5.192723215845862	4.58941859642898	4.032465519964961	3.503292206077461	3.2693901666911893	2.990583446986248	2.487104929520353	2.1909952166721314	2.0930611658581673	1.9264345290577134	1.5852198010645497	1.3841355741451435	1.2291877157355662	1.024660697727617	0.9405645895432493	0.8600596686150341	0.7192984838289358	0.5430409357506178	0.4615566001161793	0.40587835802905253	0.2972301039136744	0.19556388948432848	0.13235454189101387	0.10196300676456511	0.0717495470392479	0.057414477248159276	0.048703622209474995	0.03867204127906515	0.03272135495791967	0.0212058123514137	0.012123966893705382	0.00923766143369841	0.00854761925431371	0.007434647997241612	0.005268063950141262	0.003858300357849938	0.00284920641810457	0.0019514096040664113	0.0012465278079207493	0.0006603629458627779	0.0005342262033946069	0.0004600281195898003	0.00034131118550210994	0.00028937252683874535	0.00025227348493634213	0.00019291501789249694	0.00016323578437057432	0.00016323578437057432	0.00014097635922913235	9.645750894624847e-05	0.00010387731732672911	0.00011129712570720975	9.645750894624847e-05	0.00012613674246817106	0.00014839616760961303	0.0006677827542432586	0.0013133060833450752	0.0007939194967114296	9.645750894624847e-05	2.2259425141441953e-05	0.0	0.0
209173_HY5CNBGXT_TCDM_2_G06_X9_35_2_o_GCATGG_S47_R1_001	0.00024133904556038725	0.00030569612437649055	0.000522901265380839	0.001037757895909665	0.00201920334785524	0.0034591929863655503	0.00586453880711741	0.007449331872963953	0.009186973000998742	0.012951862111740781	0.018052160607916964	0.02492227877153599	0.03122927249551411	0.03978071934320383	0.04582224011706553	0.05432541915564317	0.07195925875125547	0.09658388603326698	0.1300576116524927	0.1777462070552252	0.2423607141865929	0.2772663848094769	0.3394916353897967	0.49938679770840533	0.7570644966532308	1.1315824721886918	1.5356644808053002	1.9092010108888156	2.326508399202133	2.5598510777196193	2.881757141322916	3.613360368669526	4.406255668953622	5.0455225774688275	5.481396983020591	5.671153829909872	5.6811050432218115	5.687766000879278	5.678836456193545	5.371772743892212	4.857422925359063	4.267558119470068	3.6080991774763094	3.315628432796528	3.035361399187251	2.5490229992088103	2.281667604537013	2.1769505926683608	1.9916746073916518	1.6335918208588533	1.4173520360367464	1.2534828241012435	1.020823939546178	0.9141038135993749	0.8266586327579946	0.680503706766624	0.5056455236232713	0.42742753895714986	0.37809783804460667	0.2803072567835378	0.1928218527678974	0.13671856930995938	0.1011371493595063	0.06962631464417171	0.05661814008846685	0.047825354195216746	0.03542857188826485	0.027633320716664342	0.019299079009978966	0.012943817476888771	0.00970987426637958	0.00868820564017394	0.0075700013957441465	0.005470351699368777	0.004030362060858467	0.0029684702603927633	0.0019628909038911495	0.0012549630369140137	0.0006516154230130455	0.00035396393348856796	0.00030569612437649055	0.00027351758496843884	0.00023329441070837434	0.00017698196674428398	0.00012066952278019363	7.240171366811618e-05	8.044634852012908e-05	7.240171366811618e-05	7.240171366811618e-05	6.435707881610327e-05	3.2178539408051634e-05	3.2178539408051634e-05	0.00012871415763220654	0.00020916050615233563	0.0006435707881610326	0.0014078110991022589	0.0009894900867975878	0.00014480342733623236	2.4133904556038726e-05	0.0	0.0
209174_HY5CNBGXT_TCDM_2_H06_C64_3_2_o_AATAGC_S48_R1_001	0.00010958636898990682	0.0002808150705366362	0.0009657298767235538	0.001972554641818323	0.0036779925092237475	0.007082019095972728	0.012999683021427698	0.01672561956708453	0.021294001324351268	0.0313759472714227	0.042197601209176	0.05251926733841285	0.06167657829713193	0.06871065335667158	0.07160099383878037	0.07444339028445608	0.0804843388750247	0.088949885879495	0.10658644213880812	0.14240063735432204	0.20341969743751456	0.24099412370492881	0.31251292776696676	0.49643310067233976	0.7677757994394109	1.1383421061787808	1.576393068771748	2.017450807363875	2.489329712234414	2.7465768642901582	3.092801298817645	3.8352626470203877	4.58725116017719	5.210037344294893	5.669005605068808	5.816933504909058	5.772927728611549	5.736599847291394	5.725935723759065	5.4559834020485525	4.85760073247529	4.204287895445837	3.547858696048233	3.2419757436051557	2.9858313043873723	2.48806946899103	2.1482695353455763	1.9926911371202183	1.7880522913276908	1.4496701313310443	1.2585309563684612	1.1081853072623709	0.8992451964869898	0.7991722941550192	0.7109073230817111	0.5921499448369615	0.4629613140939851	0.40574353118512996	0.3668335210456512	0.2810547907188017	0.18599546476811935	0.11870943420831657	0.0823267597036675	0.05416991202132331	0.04330031404713693	0.03523201763025505	0.024855558316523245	0.01994471915616304	0.014855802146194244	0.010129889983504512	0.007314890130076281	0.006739561692879269	0.006253272180486559	0.005205352527020574	0.004068393948750291	0.0028629438898613154	0.001904063161199631	0.0013218855759407511	0.0008766909519192545	0.0006849148061869176	0.0005273844007639265	0.00043834547595962727	0.0003972505875884122	0.00024656933022729037	0.00020547444185607528	0.00019177614573233695	0.00017807784960859857	0.00013698296123738354	0.00010958636898990682	8.218977674243011e-05	5.479318449495341e-05	0.00010958636898990682	0.00017807784960859857	0.00020547444185607528	0.0007602554348674787	0.0013698296123738352	0.000773953730991217	0.00010273722092803764	5.479318449495341e-05	1.3698296123738352e-05	0.0
209175_HY5CNBGXT_TCDM_2_A07_X9_35_1_i_GTGCCA_S49_R1_001	9.747903615848375e-05	8.773113254263537e-05	0.00013647065062187726	0.00036067243378638987	0.0005751263133350541	0.0008968071326580506	0.00155966457853574	0.0019495807231696752	0.0024077321931145488	0.0031973123859982675	0.004454791952442708	0.006102187663521083	0.00756437320589834	0.008539163567483177	0.008773113254263538	0.009699164097769135	0.011902190314950867	0.016590931954173934	0.02440875065408433	0.042968759138659635	0.08029348208374307	0.10346424897861467	0.15240847303378935	0.28637391242639354	0.5521310087052678	0.9660659878486532	1.379221134702771	1.7577127362989318	2.2439869081755277	2.53172552710814	2.997392630740833	4.0149372975847815	5.01386346852246	5.8179777856974075	6.308316833381814	6.203702331776528	5.965814491935364	5.9498669216198365	6.063654200527634	5.871142852018245	5.234633989614194	4.453700187237733	3.5370853144322782	3.087141579331949	2.7987985903751538	2.2455075811396	1.8351403347196154	1.6372676392215089	1.4616883992928482	1.1552825449358861	0.9720024611507049	0.8741432567512031	0.7469818540824611	0.7434726087807556	0.721715287910182	0.6894302311344922	0.6801014873741253	0.6555075265513399	0.6363626438498137	0.5148257815674161	0.321641827708533	0.19295000417210276	0.11737450743843028	0.06503801292494035	0.0503771658867044	0.04188674183730047	0.02951665214878888	0.021464883762098125	0.014963032050327257	0.011414795134158448	0.008812104868726932	0.007427902555276463	0.006209414603295415	0.004084371615040469	0.002446723807577942	0.001579160385767437	0.0012477316628285921	0.0010820173013591696	0.0008675634218105055	0.0006238658314142961	0.000701849060341083	0.0005946221205667509	0.00038016824101808663	0.00026319339762790613	0.0001949580723169675	0.00013647065062187726	5.8487421695090255e-05	7.798322892678701e-05	7.798322892678701e-05	5.8487421695090255e-05	6.823532531093863e-05	0.00011697484339018051	0.00012672274700602888	9.747903615848375e-05	0.0006628574458776895	0.0012672274700602888	0.0007895801928837185	0.00015596645785357401	1.9495807231696752e-05	9.747903615848376e-06	1.9495807231696752e-05
209176_HY5CNBGXT_TCDM_2_B07_C64_3_3_i_TCGAGG_S50_R1_001	0.00020031371130327207	0.00021032939686843564	0.0003205019380852353	0.00044069016486719854	0.000681066618431125	0.001261976381210614	0.0019630743707720662	0.0023036076799876288	0.003024737040679408	0.003966211483804787	0.005188125122754746	0.007101121065700994	0.008232893534564481	0.009685167941513204	0.010917097266028328	0.011738383482371743	0.0138416774510561	0.01870930063572561	0.02793374704124129	0.049347282779561075	0.09030142105551504	0.11548085456633635	0.169455384077003	0.3163955070035182	0.5924578482361226	1.0252055744501463	1.4693611665228914	1.8828887921373665	2.3504911041181598	2.599070404159955	2.951472300770236	3.6627562425514597	4.332274775525951	4.848142676245268	5.13843730666597	5.127059487863943	5.030618451556983	5.070921570271201	5.267509446544233	5.2119023602864445	4.771252258161507	4.197583836045631	3.621611806249768	3.3905499402614434	3.215105176216473	2.760262847645698	2.3497499433863376	2.128162915942658	1.889308846584636	1.5753371354878876	1.4097478060390376	1.2866850774998726	1.129569018039151	1.0983701575036664	1.0616927169640376	1.0290215506504738	0.9872661575293066	0.9386500197960026	0.9165253703825562	0.7686938514407413	0.5225884257335413	0.3513602653115044	0.24607537865050455	0.16655083526310555	0.14148157429350106	0.12924240653287114	0.10845985898515664	0.09200408760159286	0.07485723391403276	0.057119454778128034	0.04247652248185884	0.03633690723041355	0.02966646064401459	0.0179681399039035	0.01031615613211851	0.006009411339098162	0.003505489947807261	0.0021433567109450107	0.0011718352111241414	0.0007411607318221066	0.0006109568194749797	0.0004206587937368713	0.0003605646803458897	0.0002904548813897445	0.0002503921391290901	0.00020031371130327207	0.00012018822678196323	0.00014021959791229042	0.00013020391234712684	7.010979895614521e-05	7.010979895614521e-05	0.00015023528347745405	0.00019029802573810844	0.00018028234017294486	0.0004707372215626893	0.0010015685565163603	0.0007111136751266157	0.00010015685565163603	1.0015685565163603e-05	1.0015685565163603e-05	2.0031371130327207e-05
209177_HY5CNBGXT_TCDM_2_C07_C17_3_3_i_CACTAA_S51_R1_001	0.0003902148310015041	0.0005764537276158583	0.0014100945029372534	0.003281351987967194	0.006651389164798366	0.012815009790844852	0.02335081022788546	0.02986917160938786	0.038400686778102565	0.057671978318245026	0.07879679030564464	0.09813902999687829	0.11279869171609389	0.12135681244146777	0.12421247552288789	0.12661584414110166	0.12842502199392683	0.13042930726225277	0.13765715015466698	0.15512813236087067	0.19508967846297925	0.2222096092175838	0.27400175951414707	0.41069224111019664	0.6413092062320855	0.9922010244913018	1.4271752703124556	1.861493245736016	2.3283586854726566	2.590707211170077	2.9306641456423645	3.70336932769532	4.4954965661094874	5.148139739478389	5.535543249992905	5.5920711893748045	5.554459800777592	5.532075659108323	5.524031912478361	5.242216987825297	4.681292036779521	4.082205848965576	3.470402205068536	3.1929151176320345	2.9760975678973804	2.5351902829412265	2.2103364361324744	2.056662740868973	1.8560834492153135	1.5346971932911428	1.3609806453443822	1.2361828475749923	1.072993231546386	1.0334751113885972	0.9721670403269291	0.8501983000822999	0.7149533870647331	0.6414954451286999	0.5848610835201635	0.44622839628799277	0.29061249538837014	0.18801260039163378	0.12638526265005534	0.0752582512699719	0.05677625791071885	0.04765055197661549	0.03404624400488123	0.02550586031728013	0.016504313647586342	0.009799713369469592	0.006740074353662344	0.005445270596248262	0.00427462610324375	0.0028379260436473025	0.0020486278627578967	0.0014100945029372534	0.0011706444930045122	0.0007538241053438147	0.0005764537276158583	0.00069174447313903	0.0005587166898430627	0.00029266112325112805	0.00023945000993274115	0.0002660555665919346	0.00014189630218236515	0.00010642222663677385	0.00014189630218236515	9.755370775037603e-05	5.3211113318386924e-05	4.43425944319891e-05	5.3211113318386924e-05	7.094815109118257e-05	7.981666997758038e-05	8.86851888639782e-05	0.0005143740954110735	0.0011706444930045122	0.0007804296620030082	8.86851888639782e-05	8.868518886397822e-06	0.0	0.0
209178_HY5CNBGXT_TCDM_2_D07_X9_35_1_o_GGTATA_S52_R1_001	0.0	0.00022115478180869224	0.000469953911343471	0.0009675521704130286	0.0018521712976477978	0.0033173217271303844	0.006164689542917297	0.007961572145112922	0.010311341701830278	0.016171943419760623	0.022198411224047487	0.02645564077386481	0.032150376405438635	0.03740280247339508	0.038702086816521146	0.0383979989915342	0.03947612855285157	0.04312518245269499	0.04953867112514707	0.0652959493290164	0.10070835876613324	0.12451014215829374	0.18300558194669284	0.33618291269693834	0.6138427412577515	1.0421919092734624	1.4833127659386252	1.9090910096158098	2.4242710738391584	2.709422520633741	3.0918267827286963	3.938877241403713	4.803647726971152	5.506837000079616	5.898723273444618	5.894244889112992	5.80094521553745	5.773909043461338	5.796743274683085	5.547695346018772	4.990108852383606	4.3249305573985115	3.5289668533213026	3.1395132825561953	2.8749015861220952	2.385568987022637	2.012480870111373	1.8317697690259458	1.690949461709261	1.3839589802110701	1.1854449191900427	1.0492135735958883	0.8559795829905434	0.76226524419911	0.6784752262413418	0.6357923533522641	0.6163860212485515	0.5925842378563909	0.5923354387268561	0.5060021407782879	0.33596175791512967	0.21333143140220978	0.128739727360385	0.06955317887883372	0.05628389197031218	0.04420331201401237	0.02822487902833435	0.019931574710508392	0.01243995647673894	0.007546906929221623	0.005252426067956442	0.004754827808886884	0.003538476508939076	0.0021009704271825764	0.0014651504294825863	0.001078129561317375	0.0008569747795086826	0.0005252426067956441	0.0004975982590695576	0.0005528869545217307	0.00035937652043912497	0.00022115478180869224	0.00027644347726086535	0.0002487991295347788	0.00016586608635651919	0.00011057739090434612	0.00011057739090434612	8.293304317825959e-05	2.764434772608653e-05	2.764434772608653e-05	8.293304317825959e-05	5.528869545217306e-05	0.00011057739090434612	0.00022115478180869224	0.0008293304317825961	0.0013822173863043267	0.0008293304317825961	0.00019351043408260575	2.764434772608653e-05	0.0	0.0
209179_HY5CNBGXT_TCDM_2_E07_X2_24_3_i_CGCCTG_S53_R1_001	0.0030738298783948756	0.004275566559575851	0.006875241829069389	0.011477811567197887	0.017756272595408695	0.02385488187541555	0.032961920398106755	0.03904417951918597	0.044447907044768455	0.0548956585995255	0.06584209000157534	0.07878324079279632	0.09240292317951403	0.10772302209470551	0.11646218204152499	0.1272532869337623	0.15159867357700682	0.1763201138755869	0.2086116777576607	0.25305140972296536	0.30921420563938234	0.3420616749249957	0.3928861439515407	0.5262625654037014	0.7308194037473092	0.9989620101604794	1.294368506585476	1.6124853737609544	1.9779359510319279	2.1745384370572425	2.388324940115499	2.869698144183386	3.446548101309182	4.001815848650503	4.415123341102657	4.680625396849013	4.778824451368373	4.766218478835168	4.810273982065675	4.712213903897199	4.400702500928485	4.0391432614822875	3.6824972447938435	3.530620618515067	3.292276176747507	2.913181391851424	2.7110607271880336	2.6358745213593164	2.6382289442448954	2.4780873126282006	2.3017753738320774	2.0822254397518307	1.6916773685269413	1.5240882395187103	1.5083512115508642	1.3363393645527082	0.9692864717068267	0.7550993897548433	0.6345169676635549	0.43815973402215463	0.3071213852966454	0.23675847635157976	0.2011069548098775	0.15460710281969117	0.12865940060153871	0.11157348452216292	0.08853611059312899	0.07389454327343425	0.05595024385035779	0.04408820354836054	0.04084269700122553	0.04020504080304786	0.03493211454888644	0.024549763629839922	0.015671627332135576	0.00976921995926031	0.0060086834059048765	0.003433533374802787	0.0018720931972139002	0.0012589622374276884	0.0010055347740493875	0.0008175079463816158	0.0008420331847730643	0.0007684574695987189	0.000621306039250028	0.00042510413211844025	0.00034335333748027866	0.00042510413211844025	0.00038422873479935946	0.00020437698659540396	0.00011445111249342623	0.00012262619195724237	0.0002697776223059332	0.00037605365533554326	0.0006376561981776603	0.0009483092178026743	0.0006049558803223957	0.0001962019071315878	0.00018802682766777163	0.00031882809908883014	0.0004414542910460726
209180_HY5CNBGXT_TCDM_2_F07_X2_24_2_o_AATGAA_S54_R1_001	0.00046885209405916705	0.0006871108275005033	0.0015197274772952311	0.0038154860068263245	0.008528257917800366	0.016587663741541563	0.030038868646963184	0.038462039026439944	0.0489061236044476	0.07238914659137656	0.09819217907821899	0.12401137887864967	0.14396992750334078	0.15525471238793728	0.15963605437035225	0.1598947313877642	0.15802740666832166	0.15391282536011275	0.15182724190722888	0.1603474161682351	0.18703965090243116	0.20511470749409147	0.2417013381442947	0.34358774837742817	0.5287277399332403	0.7897166831883139	1.0691767822179599	1.3641979205762937	1.723362875595998	1.9258180600048227	2.1850609333923656	2.7200939256250223	3.2760070033569004	3.7659736089623177	4.0515530361851155	4.099416368063121	4.071543919436984	4.1496239604114225	4.367793773628024	4.422350373331564	4.234817619364691	3.802883585884286	3.271116390996456	3.0692836481607784	2.902073207374332	2.6091134014984996	2.4670835516257488	2.4644482795108646	2.5397556262049195	2.577967071870742	2.554516383510989	2.3752774614148873	2.07793631355664	2.152548465766401	2.40684414119594	2.3749783661135044	2.012377856956298	1.7432244203391596	1.5779298062129208	1.185508687142192	0.7587562776668206	0.5089146971308435	0.36497710425467916	0.21583363640309933	0.1604120854225881	0.13168276917627295	0.09419885262192194	0.07010955537543372	0.038292282233763346	0.017501116959277526	0.012020397652861748	0.01084826741771383	0.008843520532771185	0.0059334040868867	0.004809775792503523	0.004057995710650032	0.0028616145051197435	0.0019158266602072858	0.0014388909093539955	0.0012448831462950297	0.0011721302351479176	0.0010751263536184347	0.0010751263536184347	0.0010589590400301877	0.0009053695609418399	0.0007921983658241099	0.0007921983658241099	0.0006466925435298856	0.00046076843726504347	0.00040418283970617845	0.0003395135853531899	0.00021825873344133635	0.0001616731358824714	0.00017784044947071853	0.0004203501532944256	0.0008487839633829748	0.0006224415731475149	0.00012125485191185355	2.425097038237071e-05	8.08365679412357e-06	0.0
209181_HY5CNBGXT_TCDM_2_G07_X2_24_1_o_ACAACG_S55_R1_001	0.00030492580459148	0.0006695110057334669	0.0016704631034141948	0.0035331620401578	0.006496245402166313	0.011235853017012142	0.020304081292689197	0.02636945327532407	0.0325740305165768	0.04803907186683598	0.06532703922280511	0.08124284045811257	0.09644272893481395	0.11206686200920785	0.12037940459524513	0.12644477657788	0.1402128395373692	0.15726216930713632	0.183439386749131	0.22731555850110935	0.2984229303674747	0.3424847091309436	0.4127170765145681	0.5918411002465458	0.8589627338905212	1.2162363445441515	1.6039495050822183	1.996395644413292	2.433752051703219	2.667331846842132	2.9169003602565806	3.4906779209920002	4.160560140748448	4.7512610836386955	5.07456861118957	5.096311146821311	5.039773925356948	5.038885663230529	5.038739829150072	4.824416761453295	4.436803033242812	3.932601586528961	3.3921868861089526	3.1834253999350506	2.9703220354566398	2.5886609892575305	2.357414539405926	2.2430806203277993	2.1263868406750075	1.906018287461113	1.7506983629527875	1.5823925764619682	1.3387038280186643	1.2173499866130943	1.1752901120449868	1.0260355595192965	0.7400018971688103	0.6071337922289923	0.5521145709657471	0.4360505293876553	0.3025924593041713	0.2190494176679447	0.17087114054249083	0.10632630229668127	0.0788299493087365	0.06406756307340553	0.04569909775768832	0.03669715770040072	0.02379084157997438	0.014092875229597531	0.011355171810113156	0.010804979597480703	0.009359896436590647	0.006668594769978887	0.004607031178066925	0.0033806991378620603	0.002386375862020278	0.0015577731321521258	0.0010208385631975633	0.0007291704022839738	0.0006628821838945216	0.0006164804310219052	0.0005170481034377269	0.0005037904597598365	0.0005303057471156173	0.0004176157758535487	0.00038447166665882255	0.00037784284481987734	0.00035795637930304165	0.00029166816091358955	0.00018560701149046606	0.0001193187931010139	0.0001590917241346852	0.00021212229884624696	0.0006893974712503025	0.0010937556034259607	0.000642995718377686	0.00013920525861784954	1.3257643677890435e-05	6.628821838945217e-06	0.0
209182_HY5CNBGXT_TCDM_2_H07_X10_39_2_i_ATATCC_S56_R1_001	0.0002305147602058681	0.00046871334575193186	0.0011064708489881671	0.0020976843178733997	0.003549927307170369	0.006085589669434919	0.010234855353140546	0.01270904711268353	0.016051511135668616	0.023520189366338744	0.03231048555552252	0.0419460025321278	0.051781298967578174	0.06303041926562454	0.0694156781233271	0.07648479743630704	0.09103027880529732	0.10781175334828451	0.13145488392006638	0.1665622818994201	0.22134795657501477	0.25536425135606067	0.3004529384523285	0.42660598288765994	0.6571207430935281	0.9712969936034458	1.2851505234490757	1.604497988412945	2.0228208075838743	2.27092384399345	2.599092340447864	3.262913379238043	3.910513862735068	4.428334536236191	4.786216385281141	4.9996961047077955	5.06116670742936	5.120170802216721	5.262137159202176	5.119241059350559	4.672457351119545	4.225673642888531	3.802886521194949	3.6059577615510756	3.348949171572213	2.9086198766269633	2.671366401597744	2.5434921802862087	2.3858508196067554	2.1190760876205044	1.936001265065004	1.7467102278092852	1.4677412650081438	1.3501633696524704	1.268315262128707	1.0677520530989213	0.7741300353740268	0.6271230889654044	0.5389819284880206	0.38227031067473133	0.25873745068040654	0.1854798598869817	0.14795974075080656	0.1080115328071296	0.08728825586462206	0.07407976010482582	0.05490861588103779	0.04262986298740521	0.028437837584063933	0.01814151162820182	0.015367650680391209	0.015014194714742211	0.013554267900105044	0.009904450863512134	0.0066004059672280235	0.00438746426925169	0.002750809471790026	0.0016981254001832286	0.0009681619928646461	0.0007530148833391693	0.0006915442806176043	0.0005762869005146703	0.00046871334575193186	0.000368823616329389	0.0003611397909891934	0.0003841912670097802	0.000368823616329389	0.00028430153758723735	0.0001613603321441077	0.00010757355476273845	9.220590408234725e-05	0.00012294120544312966	0.0001613603321441077	0.00016904415748430327	0.0005455515991538879	0.0011218384996685583	0.0007453310579989736	0.00010757355476273845	2.3051476020586813e-05	0.0	0.0
209183_HY5CNBGXT_TCDM_2_A08_X2_24_3_o_AGTACT_S57_R1_001	0.00014539576779922008	0.00019732282772751293	0.0005452341292470753	0.0011891296723579071	0.002248441694895082	0.004320331386033968	0.0076696267514088584	0.009658433146662477	0.012457301676797462	0.018127736620967044	0.025278092773092977	0.03416800543281672	0.04266846514307826	0.052124382756020396	0.05769096358033339	0.06443628866501865	0.0784514021396649	0.09647528464077534	0.12136911717039896	0.16219936439201565	0.22648506458324225	0.2640802559713263	0.3246843276136369	0.4752728014056863	0.6945088484229389	1.003220412402633	1.3523727706544812	1.6974384692899733	2.0921464372169134	2.3114811456480293	2.551088178275151	3.1005283993764183	3.757649764650986	4.362153440100215	4.749300828101596	4.8800427795890515	4.880852841723933	4.951951372177751	5.108334905857799	5.0621717495815455	4.7881370762219655	4.319822500846671	3.773897741702549	3.553701044076623	3.3180612388280224	2.9099145477916406	2.703992598940003	2.6297057470065868	2.4588864906664747	2.1195795029770306	1.910219982758139	1.7262579875501758	1.5185341697190258	1.4470981133756733	1.3819244604596728	1.1725078204748605	0.8402421421116928	0.6998936845375029	0.6254770149542663	0.47262971405533616	0.3147558737553473	0.21146775885197994	0.15017305731262304	0.0862716173648658	0.059819973037393406	0.048105228317570525	0.032449219749190225	0.024665353465939118	0.01642452905531904	0.0104425317515797	0.007695590281373005	0.006532424138979245	0.005737940122076364	0.0044657271538331884	0.003219477715554159	0.002025155337203422	0.0013241400281714685	0.0007996767228957104	0.000503692481304441	0.0004569581273689774	0.00039464565545502587	0.00025444259364863515	0.0002752134176199523	0.0002648280056342937	0.00016097388577770796	0.00019213012173468369	0.00021809365169883011	0.0001713592977633665	9.866141386375647e-05	9.346870787092719e-05	9.346870787092719e-05	8.82760018780979e-05	9.866141386375647e-05	9.346870787092719e-05	0.0005556195412327339	0.001064504728530004	0.0006906298970462954	0.00016097388577770796	2.5963529964146442e-05	0.0	0.0
209184_HY5CNBGXT_TCDM_2_B08_X2_24_2_i_ATAAGA_S58_R1_001	0.0034455712908402145	0.0046551867440075235	0.008742220775163735	0.015001064369961252	0.025832620927868522	0.04175922439457143	0.06547501827939717	0.08071434023861863	0.09560543956738286	0.12716540639092994	0.16288571727309792	0.2003104862938198	0.23176965182960296	0.2568416812225254	0.2688278707130014	0.2797327372983734	0.29671317240988115	0.30853441433856166	0.3242502514763036	0.3544906378054863	0.3947195153767324	0.41467817035399307	0.4518371905251555	0.546975278667451	0.7097510308993519	0.9458643018562373	1.2044012774638835	1.461563690056567	1.779536770431207	1.967567827124692	2.198961765063538	2.6827163087961314	3.1917536482506073	3.6641176464658747	4.0340033900389445	4.299358198200807	4.410514527344136	4.414775672690522	4.506110803158085	4.472012476633575	4.241269165188477	3.9621320718632544	3.656136017225657	3.5197060561138778	3.2886969958192207	2.951159301864943	2.8113112607226225	2.7794580537892166	2.8263031613391507	2.677053109174484	2.4824241500091775	2.260780445723134	1.8730712017227122	1.7321235101684214	1.7349459462258119	1.5052839576858186	1.0587342528915535	0.8195511245345843	0.6827454495320484	0.4726205833113938	0.3403876212719674	0.2644384328185534	0.22893805201877945	0.1764572361074978	0.14244138336388376	0.12140140548151904	0.09312206238701665	0.07712214889284906	0.059032899615937925	0.04814636053743215	0.04652437617977598	0.04646022990574438	0.04076037527036509	0.028984952108849993	0.017264511467933414	0.008824694556061507	0.0048018067989368945	0.0027399622764926173	0.0015853293439238223	0.0012645979737658233	0.0010355041379386816	0.0008888840830093106	0.0009530303570409104	0.000852229069276968	0.0006048077265836546	0.00048567893195354084	0.0005314976991189692	0.0005589889594182262	0.00048567893195354084	0.0003298951235910844	0.0002382575892602276	0.00018327506866171355	0.0001557838083624565	0.00014662005492937081	0.0005131701922527979	0.0010263403845055957	0.0006689540006152544	0.00010996504119702811	2.7491260299257028e-05	9.163753433085676e-06	1.8327506866171352e-05
209185_HY5CNBGXT_TCDM_2_C08_X10_39_3_o_GGTGAG_S59_R1_001	0.0002729502079112912	0.00020471265593346842	0.0003070689839002026	0.0004947222518392153	0.0009382663396950635	0.0016632903294594309	0.002823328713082418	0.003684827806802431	0.004418381490564026	0.006525215907879305	0.009408252478942319	0.01281160038383623	0.017554110246294916	0.024642285957991256	0.028881543874613495	0.03372641006503892	0.04528414543128265	0.06335856701140846	0.08549312293421474	0.11890393432135622	0.17327220385968653	0.20500266552937416	0.25216334364004694	0.3740697302484273	0.5838916728862352	0.9077556242669794	1.2607655400362512	1.5970999040409426	2.0316792835057043	2.294146497494402	2.617959270711163	3.341541742189999	4.068382556775775	4.665708497707645	5.1446849344279775	5.402042861712336	5.450679176884529	5.523710416888794	5.658650175924939	5.465853502505598	4.981904254184881	4.4489433841560935	3.8711333830898815	3.597040196182962	3.322111099264314	2.857865444077194	2.5890606674485555	2.434297899562853	2.2386949568184242	1.9085957991257063	1.6988250346518816	1.515206311973558	1.249745175391833	1.1284443970572555	1.031461776308775	0.8548118136261862	0.6355219106514554	0.5353577140420087	0.47259622561040626	0.3499648150122614	0.23489071329566052	0.15456658492376585	0.1073547286491097	0.07000319863524897	0.054743576074208336	0.04525855634929097	0.03166222411770978	0.023925791662224118	0.01741763514233927	0.011967160678110673	0.008870881757116963	0.008342040729288836	0.007335536837615951	0.005527241710203646	0.0038298326047553045	0.002601556669154494	0.001927710843373494	0.0011173899136368484	0.000682375519778228	0.0007164942957671393	0.0005970785798059495	0.00040089561786970897	0.00028147990190851907	0.00020471265593346842	0.0001364751039556456	8.52969399722785e-05	6.82375519778228e-05	5.970785798059495e-05	7.676724597505065e-05	6.82375519778228e-05	5.970785798059495e-05	8.52969399722785e-05	0.0001876532679390127	0.0002900095959057469	0.000622667661797633	0.0011600383836229875	0.0007506130717560508	7.676724597505065e-05	8.52969399722785e-06	0.0	0.0
209186_HY5CNBGXT_TCDM_2_D08_X10_39_2_o_TTCCGC_S60_R1_001	3.1000633807958206e-05	0.00013175269368382236	0.00030225617962759246	0.00041075839795544616	0.0006975142606790596	0.0012555256692223073	0.002123543415845137	0.002681554824388385	0.0034488205111353498	0.0057351172544722676	0.008238418434464892	0.01105947611098909	0.014795052484848054	0.01982490532018927	0.02295596933479305	0.027265057434099238	0.037355763738589634	0.0530265841285125	0.07432401955457979	0.10796745739466644	0.16519462740415727	0.2001865928148901	0.25354643375683816	0.39587034356917433	0.6495795306535043	1.0112484249740488	1.3745061017772509	1.7263710456560284	2.1848006682496623	2.457699247661118	2.835488471561801	3.6462325472244284	4.4119327019640915	4.990482030405111	5.426226939209773	5.6629322786504375	5.709696734749742	5.749858055847952	5.863971388895046	5.5777890378968795	4.9270314831586735	4.321604605206153	3.7591601060283675	3.5115192930119457	3.2316688214690545	2.739859266422702	2.4189019544504586	2.220040638730859	2.029820749685227	1.721395443929851	1.5133269399692877	1.3213555151135066	1.0501154696107762	0.9077218083723723	0.78625357495434	0.6374350323592366	0.4805718252909681	0.41418396799122553	0.3676520166454803	0.27497562187658925	0.18654631393938848	0.12583157262650235	0.09161462306096849	0.06272203235195144	0.0496165144096371	0.04186635595764755	0.03134164077984575	0.024622253401970804	0.017143350495800885	0.011121477378605006	0.007409151480102011	0.006184626444687662	0.005378609965680748	0.003751076690762943	0.002573052606060531	0.002053791989777231	0.0014647799474260253	0.0009222688557867565	0.0007130145775830387	0.0006200126761591641	0.000534760933187279	0.00034100697188754026	0.00021700443665570744	0.00016275332749178057	0.00013175269368382236	9.300190142387462e-05	4.650095071193731e-05	5.425110916392686e-05	6.200126761591641e-05	4.650095071193731e-05	6.200126761591641e-05	9.300190142387462e-05	0.00013175269368382236	0.00017050348594377013	0.0005115104578313104	0.0010927723417305268	0.0007672656867469655	0.00012400253523183282	2.3250475355968654e-05	0.0	0.0
209187_HY5CNBGXT_TCDM_2_E08_X2_24_1_i_GAAGTG_S61_R1_001	0.0001690666575268207	0.0003458181631230423	0.0007838545030788959	0.0012833696275899571	0.0026359028878045225	0.004395733095697338	0.006900993566322045	0.008760726799117073	0.01036686004562187	0.013694399259672476	0.018197720228341426	0.0244916107971808	0.030931513479338788	0.03877774335819714	0.04369604612261375	0.050243536677743346	0.06425301470826127	0.08269665007482352	0.10797211537508322	0.14667301025258636	0.20447075258255085	0.23786141744409792	0.29223940238317897	0.43528516434700804	0.661473297573686	0.9805097651748661	1.3349195884394986	1.68639379974162	2.1099903101750694	2.3550063211717798	2.6383774088828695	3.2742985866257976	4.019367661498427	4.750043015937068	5.32100417294935	5.61142995118815	5.669050942012518	5.666530311845755	5.761876221842813	5.634638192357742	5.1857815863201715	4.610124987137485	3.991802111473486	3.725383798603494	3.41435494269063	2.8962578555477574	2.5935977991824704	2.4672127878331023	2.31510658999545	1.9336845257668729	1.6735754731618595	1.4447360673512382	1.0553063914343452	0.779812272994391	0.6035679673707499	0.46719265353116085	0.3423061875553261	0.2924545781291222	0.25670466491026905	0.18644978385980562	0.12604687803431425	0.08527107417807284	0.060103196750784765	0.04206685833190075	0.0343205314779446	0.028249501503117856	0.019473405007861985	0.014977768887262433	0.011488847863754406	0.008261211674606011	0.006532120858990799	0.006332314809186375	0.00522569668719264	0.003627248288757244	0.0025359998629023105	0.001575393854227193	0.0010989332739243345	0.0006762666301072828	0.0002843393785678348	0.00019980604980442444	0.00019980604980442444	0.00016138180945741976	9.990302490221222e-05	0.00010758787297161318	9.22181768328113e-05	6.916363262460848e-05	9.22181768328113e-05	4.610908841640565e-05	2.3054544208202824e-05	4.610908841640565e-05	3.8424240347004706e-05	7.684848069400941e-05	0.00019980604980442444	0.0002766545304984339	0.00065321208589908	0.001183466602687745	0.0007377454146624904	8.453332876341035e-05	1.536969613880188e-05	0.0	0.0
209188_HY5CNBGXT_TCDM_2_F08_X10_39_3_i_CAATGC_S62_R1_001	0.0017032535449997934	0.002248956137087106	0.0041093058828393075	0.007176815908057381	0.01252635495473149	0.01853735168878416	0.027450494026210262	0.033949315804704616	0.04012567696060193	0.05403282483773616	0.06949439828021002	0.08623754599197983	0.10455165571127373	0.12365124643432966	0.13344908842862457	0.14937368225226344	0.17565008888337674	0.20435735251560627	0.2398280210012816	0.28278142957542685	0.34086568274835666	0.3731117450080615	0.4233990656910166	0.5524329240563892	0.7783868700649056	1.09779651907892	1.4216958121460168	1.7266526106908098	2.126966803092315	2.3740212493282074	2.6857579891686303	3.346091198478647	3.984174624829468	4.480797056513291	4.85352846335111	5.076886187936665	5.134647980486998	5.163934019595684	5.25019637025094	5.052329571292737	4.560544048947869	4.128471619331101	3.74469386911406	3.556046136673695	3.3088263260159576	2.8743561122824426	2.603042705361941	2.4377857703915002	2.258489396006449	1.9736491793790567	1.7869114060109967	1.599115300343131	1.291909545661251	1.125122989788747	1.0273347389309189	0.8614328827152838	0.6186861796684443	0.4914299888379015	0.421166645996114	0.29811897970151724	0.20869816858902807	0.1563685972962917	0.12894290793335814	0.09978089214105586	0.08235148207863079	0.07144569845797677	0.057579891686303696	0.04827814295754268	0.0346934557030055	0.025077514572739674	0.021976931663152673	0.021249328207036254	0.018710984331721033	0.013526809706891562	0.009078506759270742	0.00593658274422258	0.003513993964198603	0.0018190086402910413	0.001091405184174625	0.0009756500888833768	0.0007937492248542726	0.0005208979288106164	0.00044648393898052833	0.0004630203811649924	0.0003968746124271363	0.00028938773822812023	0.00024804663276696017	0.00022324196949026416	0.00019016908512133613	0.00015709620075240812	6.614576873785604e-05	8.268221092232006e-05	0.00018190086402910415	0.00019843730621356816	0.0006614576873785605	0.0011492827318202489	0.0006531894662863284	6.614576873785604e-05	0.0	2.480466327669602e-05	4.960932655339204e-05
209189_HY5CNBGXT_TCDM_2_G08_X5_36_3_i_ACGTCT_S63_R1_001	8.831954836915746e-05	0.0001471992472819291	0.00025023872037927946	0.0005225573278508482	0.0010451146557016965	0.001663351494285799	0.0027231860747156883	0.0034591823111253337	0.004710375913021731	0.006925724584614764	0.00948699148732033	0.012710655002794578	0.016331756485930035	0.020416535598003566	0.022506764909406958	0.026245625790367957	0.0359313362615189	0.052115893500167	0.07633752964040842	0.12053410363680765	0.18886399422507913	0.2269812393087347	0.2998448667132896	0.4743422144036525	0.7487657711113528	1.11558629533792	1.5080636483657277	1.9441634983255347	2.442263671240491	2.7027106594187718	2.9477385264442715	3.518827446123971	4.16731373002451	4.715491086864778	5.019082174421393	5.113930009407504	5.1309388824309305	5.0805967398605105	4.97861710134359	4.745482933498471	4.348368804181283	3.7996909699002566	3.2368231281812516	3.007015663324704	2.81305857514367	2.4479602821103015	2.2236580691020977	2.092812658193191	1.9332486741395798	1.736090002330164	1.6208109118213212	1.518382315600191	1.4179924289539154	1.463219397681288	1.4785207594362446	1.3747452901024846	1.1371068252905383	0.9753569324147905	0.8632131858730527	0.6297330997968208	0.41325452678165187	0.3195474859619758	0.3297704736857057	0.31553630647354325	0.2925143441986495	0.2466764985950568	0.18548577149995885	0.13691001989692225	0.06837405036245606	0.02481043312936915	0.013836729244501335	0.011113543169785647	0.009479631524956234	0.007006684170619825	0.0062486080471178896	0.005203493391416194	0.0032899031767511153	0.002023989650126525	0.0011775939782554328	0.00080959586005061	0.0006918364622250667	0.00046367762893807665	0.0003164783816561476	0.00026495864510747236	0.00019871898383060427	0.00012511936018963973	0.00010303947309735037	8.095958600506101e-05	7.359962364096455e-05	6.623966127686809e-05	6.623966127686809e-05	0.00011775939782554328	0.00019871898383060427	0.00025023872037927946	0.0005372772525790412	0.0010009548815171178	0.0006697565751327774	0.00010303947309735037	2.943984945638582e-05	7.359962364096455e-06	0.0
209190_HY5CNBGXT_TCDM_2_H08_C64_4_2_i_CAGGAC_S64_R1_001	6.544563866010003e-05	7.853476639212003e-05	0.00015706953278424006	0.0003926738319606002	0.0008573378664473103	0.0015903290194404307	0.002696360312796121	0.003363905827129141	0.004404491481824732	0.006878336623176513	0.009685954521694804	0.012801166921915566	0.016178161876776724	0.01876326460385068	0.019712226364422127	0.02128946625613054	0.0258444827068735	0.03581839803867275	0.05297824449535097	0.08860685018190942	0.14790059880796003	0.18172944943136576	0.25075496452617324	0.42251704318960576	0.6716227776215445	1.0028693331357748	1.3627090881806028	1.749512446353392	2.205524567409237	2.4496957006862043	2.7169429661547224	3.3009929346851874	3.915769630566569	4.443065141250995	4.78293088737676	4.806923258509553	4.720371401381571	4.786301337767755	4.962755868723117	4.908134938697398	4.550140750662784	4.025940818686982	3.4985340504168327	3.302478550682771	3.0799830129300294	2.623656752808616	2.3596032345067104	2.2778943546395753	2.111295936866425	1.869127440132457	1.7420712772377385	1.6346422613771845	1.6030058396488922	1.687254010296039	1.7220710900632121	1.6013435204269253	1.2226685105757207	0.9910825736130908	0.9096289317367303	0.7378275856901017	0.5317000021662507	0.397804770031552	0.3390018636954521	0.26226030780261883	0.22620630546476972	0.19093765079084182	0.14507989178170974	0.10928767199850103	0.05583821890479734	0.02123056518133645	0.012447760473151024	0.010026271842727323	0.008213427651842553	0.005863929223944963	0.005301096731468102	0.004306323023834582	0.0029974102506325814	0.002041903926195121	0.0011256649849537203	0.0008246150471172603	0.0007199020252611003	0.0005235651092808003	0.0004515749067546902	0.00037304014036257014	0.0002290597353103501	0.00016361409665025005	0.00014398040505222005	0.00011780214958818004	0.00012434671345419005	0.00015052496891823004	0.00011125758572217005	9.162389412414004e-05	0.00015052496891823004	0.0001963369159803001	0.0005890107479409002	0.0010863976017576604	0.0006871792059310503	0.00010471302185616004	3.2722819330050016e-05	1.9633691598030008e-05	0.0
209191_HY5CNBGXT_TCDM_2_A09_C64_4_3_i_AAGCTC_S65_R1_001	0.00013582748822375676	0.00023392511860758112	0.00043766635094321624	0.0009507924175662975	0.001909130806700581	0.0034560549781378113	0.0056142028465819465	0.006776282468051865	0.009485286260959014	0.01445808152426211	0.018902658777806152	0.024018827500900987	0.029323645513195492	0.034334170634338516	0.03697526068313379	0.037971328930108	0.04122364267591018	0.04705667869796373	0.059341520410645734	0.0838206521771939	0.11982248252805743	0.1400532323018292	0.1824993223717532	0.29069346271354346	0.4688312135190004	0.7322988108152487	1.0321078071829197	1.3678129902995027	1.7945754123269784	2.0343637508428847	2.3279850505248074	2.9589037333241577	3.5588009270075154	4.042399606885065	4.430104080076643	4.633075623312344	4.6693415626680865	4.720571163643147	4.898263702126092	4.925497113514956	4.679528624284869	4.305882296124449	3.909122657051288	3.73927038302748	3.523810256846762	3.0844687002154525	2.841375226152768	2.8022870934305977	2.6203310810117397	2.2706054827218383	2.082959807740718	1.9234002389356437	1.780321072035052	1.8296717260896835	1.8290755943358126	1.5762478169504255	1.1510775949237948	0.9452687663785313	0.8294833786393465	0.6151853320800984	0.42512494619722274	0.30013347314509453	0.23747172524453478	0.18308790815405615	0.1579220929748212	0.1387704171352715	0.11423091759617944	0.09514715550074161	0.0636049943465581	0.038190162105579614	0.025837406648785734	0.0210532606746823	0.01838953271118307	0.013824219912551245	0.01097938863142034	0.009243815170783447	0.006866834126867703	0.00408237061828069	0.002090234124332257	0.0012979071096936759	0.0011922635077418649	0.0009583383891342839	0.0006942293842547569	0.0005282180097590541	0.00043766635094321624	0.0003018388627194595	0.0002263791470395946	0.00026410900487952707	0.00024147109017556758	0.00013582748822375676	6.791374411187838e-05	9.055165881583786e-05	0.00020374123233563515	0.00027165497644751353	0.0006791374411187839	0.0014488265410534057	0.0009734303322702569	8.300568724785136e-05	2.2637914703959464e-05	1.5091943135972974e-05	1.5091943135972974e-05
209192_HY5CNBGXT_TCDM_2_B09_X5_36_2_i_GACGAT_S66_R1_001	8.135448712707611e-05	0.00010847264950276815	0.0003050793267265354	0.0007864267088950691	0.0015660738771962153	0.002840627508853741	0.004860930605842798	0.006074468372155016	0.008345614471119225	0.012657402288854258	0.017721719112514748	0.023850423809421147	0.031233343516203306	0.040114541694242445	0.04471784975751617	0.04975504841880097	0.06242600978884307	0.07974095646572243	0.1052184700176851	0.14877023879304652	0.20811833715224853	0.2397109963199298	0.2995472216018943	0.44600563705241303	0.6729439788933919	0.9900163129305771	1.349379421192654	1.7368708433789175	2.188489940043099	2.435224540418333	2.684603161625197	3.25914888833839	3.8855919982980645	4.426870519316877	4.749719021940084	4.828002377178113	4.823439746358404	4.800877435261828	4.7654407765773925	4.620507757760507	4.307462470836112	3.8544264501878	3.3727129728271943	3.1630489004195317	2.9648490311561924	2.628732967590677	2.4772712511818433	2.4437193047825185	2.31907067142265	2.0679836059861176	1.9215387496167864	1.7945376156708266	1.6739228089643423	1.7265523825949667	1.7664906562337674	1.5697144904951519	1.1942025165383503	1.0091617355678155	0.8719573930280018	0.6216906520033338	0.4184671431598978	0.30941145316605223	0.28091026450919987	0.24489056533368694	0.2184774751797629	0.18772547904572812	0.1480855051930603	0.12233681001734072	0.07989010635878874	0.04466361343276479	0.031301138922142535	0.027579171136078804	0.023409753670816155	0.016325133750166608	0.012725197694793489	0.010379476649296128	0.007037163136492084	0.003938913085069269	0.0018643736633288277	0.0012067582257182957	0.0010643878732459126	0.0008203244118646843	0.0006101586534530708	0.0004542292197928417	0.00032541794850830444	0.0003796542732596885	0.0005152450851381487	0.0003660951920718425	0.00023050438019338234	0.00020338621781769027	0.00014914989306630621	0.00010847264950276815	0.00016270897425415222	0.00024406346138122835	0.00069829268117407	0.001281333172251449	0.0008203244118646843	0.00016270897425415222	4.7456784157461066e-05	0.0	0.0
209193_HY5CNBGXT_TCDM_2_C09_C64_4_1_i_TCGTTC_S67_R1_001	0.010360999367814289	0.007404636473994486	0.005006595984270685	0.007779902352157372	0.014369937285749496	0.021856949196413886	0.030542981351940175	0.03611705256660351	0.0421579179223963	0.05442270515991497	0.06804211068933871	0.08443482258664911	0.10122110601471573	0.12104612777327205	0.13308209435337431	0.14639945661500842	0.1728236661334535	0.19997094892933442	0.2399779526720166	0.2952610235038172	0.34836572167701374	0.372153917222022	0.4140372503555187	0.5285116488477919	0.6950656289680363	0.8985512631952864	1.1171207551594253	1.3288530858799623	1.555824872384431	1.680111100666719	1.813019291320457	2.1276843065731845	2.4087126851857024	2.5555148661577634	2.691992659067197	2.776592232527186	2.7722446400362744	2.7733429791918733	2.806137555812791	2.8297152363529756	2.7900468871832698	2.6810733372952864	2.58609445881489	2.5685393379779047	2.4155681520818972	2.2965447989201864	2.359324034488948	2.4885985531029133	2.875671577188484	3.2799976788432508	3.3976938721919474	3.348305221495193	3.1138189646011694	3.2723276104066534	3.4229282142918267	2.8517735477279165	2.063230103792135	1.6528356783026852	1.435263844404882	1.1700149383277987	1.1474898328117291	1.3483852171970256	1.6649082561879742	1.6125174784659166	1.4193470794749976	1.1941875525772665	0.9147243072614771	0.7638125072822175	0.49378582587828007	0.2488104300482894	0.156513329672813	0.13577302528459112	0.11923386816653421	0.0965989287349046	0.09442055607630052	0.08885563768793384	0.06180903598131615	0.03251083900572116	0.015147927520965235	0.00951893934852196	0.00707513472731488	0.0037526587816288496	0.002562791363063605	0.0018763293908144248	0.0015376748178381628	0.0014095352496849825	0.0012447843763451795	0.001189867418565245	0.0009610467611488518	0.0007047676248424912	0.0005308639252060324	0.0003569602255695735	0.0002562791363063605	0.000237973483713049	0.000475946967426098	0.000979352413742163	0.0007413789300291142	0.00016475087333980317	6.406978407659013e-05	2.7458478889967192e-05	1.8305652593311464e-05
209194_HY5CNBGXT_TCDM_2_D09_C14_4_3_o_CCAATT_S68_R1_001	0.0007842297469347527	0.0009043939823521744	0.0016949481627299495	0.003453140659890121	0.006273837975478021	0.011440900098427157	0.019055517963825885	0.023235968469663557	0.029705863881875266	0.0423926773685778	0.05716655389147766	0.07397689798303067	0.08886461430790492	0.10499191958761153	0.11448489418558784	0.12400949095077929	0.14496233894751182	0.16850820465588345	0.20128141875762448	0.2490561889862142	0.3062923116455651	0.3364092637012368	0.3923931485388693	0.5372226743840777	0.7486421599508668	1.0344369828075968	1.3702138031645315	1.7095512795498875	2.0828572879577156	2.289381662039606	2.530513335921713	3.087265860777843	3.6537074176686835	4.092212010440628	4.447493383535843	4.654359277023656	4.693627684271381	4.694304398649784	4.712322709528954	4.595118308962867	4.308956668966442	3.937155875718053	3.5618323730419004	3.4066940206845655	3.181683327648722	2.7843318232905228	2.5873763170079256	2.545862735887928	2.410247909569203	2.1288738656891453	1.9662157619680574	1.8337947745380587	1.6845950651837218	1.7061930053916425	1.689724180706013	1.4218970732609089	1.016494565129743	0.8240736776257924	0.7204225379281017	0.5382535570352903	0.39506838388526766	0.31790397144695387	0.2929034860466871	0.24616592290275305	0.21193176467567387	0.18519838451201903	0.15551781836391587	0.13674057547158297	0.09462617317449813	0.05829230304433561	0.042677276873513796	0.03711177544365426	0.03367128365065018	0.026341265290187457	0.022015352815160275	0.01855588772182713	0.012471782749639776	0.006982174521096508	0.003276056523485499	0.001998520967995015	0.0017898146643752823	0.0014419708250090614	0.0011320735863009736	0.0007842297469347527	0.0005249279757708425	0.00047433250822666496	0.0005059546754417758	0.0004933058085557316	0.0003478438393662209	0.00022135517050577696	0.00018340856984764377	0.00012016423541742177	0.00015811083607555497	0.00021503073706275475	0.0006767143784033753	0.0012585622551614176	0.0008032030472638192	0.00013281310230346617	1.8973300329066594e-05	6.3244334430221984e-06	1.2648866886044397e-05
209195_HY5CNBGXT_TCDM_2_E09_C64_4_2_o_AGTTGA_S69_R1_001	5.2297159257532e-05	0.000104594318515064	0.0002941715208236175	0.0005295087374825115	0.001137463213851321	0.0020657377906725142	0.003523521104976218	0.0045629271452196675	0.006118767633131244	0.009491934405242057	0.013028529800032659	0.01651936518047292	0.020082109154892287	0.02531182508064549	0.028750363301828216	0.031280238380911325	0.039222869443149004	0.05242790215567583	0.07269305136796948	0.10968675439776618	0.16008814163221266	0.1859686983197838	0.23569022248388236	0.3710221963525608	0.5861727095380475	0.8891366902618375	1.2416587665270464	1.610902859464851	2.0511076603702194	2.3011665273601087	2.604065136634827	3.2950675019045974	3.968596078837445	4.480814068040435	4.895014106504996	5.1430464585736555	5.203671940442949	5.214693566756474	5.256361328394912	5.13156069497172	4.771272490556767	4.308906768416019	3.858052958456836	3.6647234349715547	3.402662369932062	2.8827370868834934	2.540007653689257	2.389280703564143	2.1481188907929414	1.7701346351142215	1.5674504572667491	1.4579859657958276	1.3457889477536997	1.3927583339118708	1.3742255280999827	1.2098490194086524	0.9913057280163334	0.8689042267740797	0.773533819723063	0.5731703283176436	0.37559819778759485	0.24876451229826532	0.1877402645896327	0.1385874720324598	0.1162042878702361	0.09923385969116698	0.07539289221463956	0.05889313846888822	0.039595486702858916	0.025076487863986596	0.017199228250820837	0.014172530158791172	0.012485946772735766	0.009263134333490356	0.007040505065045246	0.005497738866948052	0.003856915495242985	0.0024514293401968128	0.0013270404161598744	0.000823680258306129	0.0007909945337701716	0.000627565911090384	0.000457600143503405	0.00038569154952429853	0.000287634375916426	0.00021572578193731953	0.000209188637030128	0.000143817187958213	7.8445738886298e-05	0.000104594318515064	7.8445738886298e-05	0.000104594318515064	0.00021572578193731953	0.000248411506473277	0.0008171431133989375	0.001477394749025279	0.0008629031277492781	0.000104594318515064	2.6148579628766e-05	0.0	0.0
209196_HY5CNBGXT_TCDM_2_F09_C64_4_1_o_AACCGA_S70_R1_001	9.283336624276166e-05	0.00025993342547973267	0.0005848502073293985	0.0014946171965084629	0.0031377677790053442	0.006591169003236079	0.012189020987674607	0.015224672063812915	0.02002415709856369	0.031071327681452328	0.04325106533250266	0.05494806947909063	0.06541038985464986	0.0734219093614002	0.07673606053626679	0.07853702784137637	0.08195329571911	0.08680848077360644	0.09529345044819486	0.1153733075665042	0.15182897049003669	0.1734498614879759	0.22114764506350684	0.343678405167328	0.5268386367642968	0.7768017587095568	1.0670267115943026	1.3853059077576109	1.7522205044955022	1.9494449910782494	2.1917493603084814	2.7242508324135866	3.262257323136888	3.673639102305062	4.022061292487395	4.227241598557146	4.247572105764311	4.294601489102894	4.431781354399823	4.486367373750568	4.326062716922566	4.002408468853802	3.6662217163422652	3.5289490176790936	3.3474319366646217	2.949622395641139	2.637693001728836	2.460316288848791	2.2582644672214203	2.022012833470216	1.9060732423696312	1.9305255510379746	2.038852806106653	2.31842048854673	2.358227435991626	2.194896411424111	1.9951932739626823	1.8029353724739228	1.6533715361202097	1.2389076891927757	0.7476149483628325	0.4532403440070353	0.32054433029963175	0.2242761295058879	0.1927220683199732	0.1688174765124621	0.13166556334210888	0.1014297359568414	0.07048837498812893	0.04818980041661758	0.033438578520642755	0.027033076249892197	0.02293912479858641	0.015029721994703113	0.009404020000391757	0.006266252221386413	0.003991834748438752	0.002627184264670155	0.0017638339586124715	0.0013182338006472157	0.0011325670681616923	0.0010675837117917592	0.001058300375167483	0.0007705169398149218	0.0005477168608322939	0.0004177501480924275	0.00035276679172249433	0.00029706677197683735	0.00020423340573407569	0.00012996671273986634	0.00010211670286703784	7.426669299420934e-05	0.00012996671273986634	0.00022280007898262802	0.0005941335439536747	0.001123283731537416	0.0007519502665663695	0.0001392500493641425	2.7850009872828503e-05	0.0	0.0
209197_HY5CNBGXT_TCDM_2_G09_X5_36_1_i_CAGATG_S71_R1_001	0.00020242201622817306	0.00018402001475288459	0.000322035025817548	0.0005888640472092306	0.0011409240914678842	0.0026038832087533167	0.00417725433489048	0.004729314379149134	0.0063210875067615845	0.009863472790754613	0.014169541135972115	0.017914348436193314	0.020785060666338315	0.022928893838209417	0.023591365891319806	0.02576280206540384	0.03039090543643889	0.03840497707892701	0.05243650320383446	0.08422596075239527	0.14433609857142504	0.1811309005212643	0.2432652585025758	0.40270940028521257	0.6471155828792563	0.9657278364224007	1.3270235323874766	1.7311222837840736	2.159640491138378	2.373839788310736	2.596062358126319	3.1237213484287407	3.7007529086893607	4.144590782271843	4.369205612279214	4.393312234211842	4.365046759945799	4.410048854553617	4.489895138954894	4.432370482343142	4.148409197577966	3.65029462064412	3.1323702891221257	2.9209680961740125	2.7169083018145384	2.3442953749421602	2.1020882315244136	1.9460116560117546	1.7654420165354865	1.6149872524735278	1.5626795632800208	1.5899789324686109	1.754879267688671	2.212067793341475	2.4624270234127743	2.5181298818784725	2.4532536256773434	2.2634461814604805	2.050452215384754	1.4984013721268379	0.8754936221883237	0.5088061397909882	0.35214070023111993	0.2371097890090918	0.19590770770592092	0.16458750119497997	0.11852729150233297	0.0856245128645172	0.0532553922694848	0.03292118063929105	0.022790878827144756	0.018788443506269514	0.017040253366117114	0.013212637059257112	0.010019889803294567	0.0073239965871648065	0.004572897366609182	0.002594682208015673	0.0015181651217112976	0.001251336100319615	0.0008924970715514902	0.000644070051635096	0.0007176780575362499	0.0005244570420457211	0.00030363302434225953	0.00017481901401524035	0.00011041200885173075	0.00013801501106466344	0.00013801501106466344	0.00010121100811408653	6.44070051635096e-05	8.280900663879806e-05	0.00018402001475288459	0.00023922601917874997	0.0008188890656503363	0.0013433461076960574	0.0007360800590115383	0.00011961300958937498	2.7603002212932687e-05	0.0	0.0
209198_HY5CNBGXT_TCDM_2_H09_X5_36_2_o_GTAGAA_S72_R1_001	0.00022604683118576655	0.00029253119329922733	0.0005385233331190321	0.0013429841146919072	0.0026394291759043917	0.00464060847551956	0.007998068762249328	0.01002584180670988	0.013576106743568683	0.019878824271924764	0.02645412768494603	0.03405329027451459	0.043088515085733914	0.05387227862053724	0.05939712911216583	0.0660721590683573	0.08018014070883367	0.10029166024815556	0.12665270982614274	0.1715097089440947	0.24085289862843423	0.2790215709177721	0.3406991136504296	0.5010195044508289	0.7448974415554256	1.0719739094088072	1.4510544453073375	1.8504326569591076	2.304607279864792	2.55664284820071	2.792808599300146	3.3485181400255075	3.962261880439709	4.470062789826111	4.76363778761052	4.849130028852219	4.854648230907635	4.842907092558399	4.807510818169193	4.634046468978962	4.306265266887178	3.853493464022087	3.352733248583501	3.126772847068482	2.913750302420742	2.527702205372721	2.3076788573944342	2.187701177524483	1.9909207625410617	1.7350091558939285	1.6028980799382708	1.5542248784350061	1.5614916192140071	1.743339646466745	1.8065130873469555	1.6383741355620132	1.3575774321758116	1.182185036484291	1.0501537417631692	0.7781063804310993	0.511357822759472	0.3417761603166677	0.25958154343579615	0.18666814350596375	0.1531001890748774	0.13049550595630074	0.09925450419918556	0.0765500945374387	0.0481945140960477	0.02884756472103062	0.020178003901435336	0.01656790303867442	0.015072004891121552	0.012086857032227163	0.009573748144338347	0.0071138267461403	0.0047469834549010975	0.0028521791346674662	0.0013828747319599836	0.0008775935798976818	0.0007778670367274907	0.0006116561314438389	0.0005052811520623017	0.0004919842796396095	0.0003723124278353802	0.0001595624690723058	9.307810695884505e-05	8.642967074749897e-05	0.00011302341559288327	0.00012632028801557542	0.0001329687242269215	0.00013961716043826757	0.00017285934149499795	0.00022604683118576655	0.0007845154729388368	0.0014759528389188287	0.0009108357609544123	0.00013961716043826757	3.989061726807645e-05	6.6484362113460755e-06	0.0
209199_HY5CNBGXT_TCDM_2_A10_A03_4_2_i_GACATC_S73_R1_001	0.00017380984073659452	0.00025347268440753366	0.0004272825251441281	0.0008618071269856144	0.0016149831035108574	0.0032154820536269982	0.006141281039359673	0.007879379446725619	0.009950613382170036	0.014418974704439987	0.019321860628551426	0.02445649300697832	0.030662952736614218	0.03756465182919649	0.04088876503328386	0.04464016076251536	0.053917261011831086	0.06787998488433751	0.09067804232762083	0.13234895164421936	0.1899741559250978	0.22028948898023884	0.27778433588056484	0.4302010820531635	0.7027856068650252	1.1076756308609221	1.5062722902068149	1.8738511350579228	2.3475336456020246	2.6250065721846028	2.948437717488616	3.6809810175030857	4.4237863401977116	5.056106540797443	5.484822997127647	5.495266071725237	5.375619722608184	5.307051740437598	5.2266719311736205	4.994621309636872	4.543620983308896	4.027152283636803	3.499393186393528	3.2573412569377282	3.0251602780204276	2.621291386838858	2.3663413187850635	2.223679649923806	2.0388690946839247	1.728770612579748	1.5440831726437216	1.3885668176446537	1.178561077574663	1.1043515176568346	1.0498114380490309	0.939029390809544	0.778233561898102	0.6933998754652491	0.6143381241601906	0.44822661095288785	0.2921960685083074	0.1931172172117512	0.1394317026542356	0.09692071244074352	0.0779971660305468	0.06735855536212774	0.05070902103490146	0.03925205569968093	0.028026836818775866	0.019177019094604262	0.013933755565716995	0.011761132556509563	0.01005200245593305	0.006901699092582274	0.0050622116114533156	0.003816574419507721	0.0022378016994836544	0.0013325421123138912	0.0009559541240512699	0.000753175976525243	0.0006879972862490199	0.0005648819823939322	0.0005069453688150673	0.00038383006495997955	0.00021726230092074312	0.00018105191743395262	0.00018829399413131074	0.0001448415339471621	0.0001303573805524459	0.0001520836106445202	0.0001303573805524459	0.00011587322715772969	0.00018105191743395262	0.0002462306077101756	0.0006662710561569456	0.0012528792686429522	0.000832838820196182	0.0001448415339471621	2.1726230092074315e-05	0.0	0.0
209200_HY5CNBGXT_TCDM_2_B10_A03_4_3_o_CGATCT_S74_R1_001	0.00010593955406863506	0.00015890933110295258	0.00026484888517158765	0.00042375821627454026	0.0007768900631699904	0.0015890933110295257	0.0032134998067485966	0.004272895347434947	0.005844332066119701	0.007910153370458084	0.010390904594898621	0.013772142028922558	0.015820306740916168	0.017480026421324783	0.01848645218497682	0.019077948028526696	0.020870092151521108	0.02428664277023459	0.03151701733541893	0.047346152372507486	0.08429257185394397	0.11042432852420728	0.1620345479479773	0.3012920917711981	0.5535165134162734	0.919343450207615	1.2736847736786823	1.6112788193107326	2.0138226398830286	2.2318638987486246	2.50773049754335	3.0830529025054174	3.685354580570297	4.224675193741374	4.545071718429615	4.544762728063581	4.460531954282844	4.471505526425121	4.5056710326122555	4.41689368630274	4.170937354940059	3.804333528085547	3.3597493611403477	3.1477819700413536	2.976760216589887	2.63462842672523	2.33425447775596	2.1350704595145813	1.986243042640494	1.7855582140498099	1.6637806966479134	1.596297200706193	1.5583002139802427	1.7232304430727627	1.9005732565836577	2.1670642048433093	2.330317057663076	2.2689780558573363	2.166922952104551	1.7267087917646826	1.0410415129439596	0.5757196782898248	0.3438621359144446	0.1767601459635176	0.1237020859674762	0.09990982778289524	0.06585908944600147	0.048432032801710996	0.0347481737345123	0.024595633136268107	0.018186290115115685	0.015414205116986402	0.012412584418375075	0.0075217083388730895	0.004723138452226646	0.0032841261761276867	0.0025160644091300824	0.001871598788545886	0.0013683859067198695	0.0012712746488236207	0.0011123653177206683	0.0010064257636520331	0.0009181428019281705	0.0006532939167565829	0.0004678996971364715	0.0003707884392402227	0.0003354752545506777	0.0002560205889992014	0.0001412527387581801	0.00011476785024102131	0.00012359614641340756	8.828296172386255e-05	0.0001765659234477251	0.00030016206986113264	0.0007415768784804454	0.001244789760306462	0.0007062636937909004	9.71112578962488e-05	4.414148086193128e-05	0.0	0.0
209201_HY5CNBGXT_TCDM_2_C10_A27_4_1_i_CGTCGC_S75_R1_001	0.00012827187186592877	7.329821249481644e-05	5.4973659371112334e-05	0.00011910959530407672	0.00038481561559778634	0.0007329821249481644	0.0010536618046129865	0.0012643941655355838	0.0014018283139633646	0.0017591570998755947	0.0026937093091845042	0.004287945430946761	0.005863856999585315	0.007806259630697952	0.00905232924310983	0.010976407321098763	0.016107282195735914	0.026268246902829844	0.04224725722669983	0.07163067816055937	0.11713054356671668	0.1422718304524387	0.18778085813515788	0.308164009881332	0.5044657852190123	0.7845107683320203	1.1011407217565037	1.4473923153054549	1.8731266580284722	2.1106220287882396	2.3767403515272325	2.9499690223429442	3.528969927392623	3.9548508665406303	4.211028119210014	4.350844459543876	4.3884739293834025	4.479427848812908	4.7001287666348	4.648471851379078	4.317731992049343	4.000634762520205	3.6404381840441156	3.4480028894155366	3.2410270618832984	2.851447062473349	2.6215472189833577	2.516868209264198	2.3763097245288254	2.2044345785050425	2.115734579109753	2.002589625847442	1.8708819002708186	1.9860792034829846	2.1183000165470713	1.9861525016954793	1.6472673785022571	1.4389905076982366	1.3084280666918446	1.0147221292251152	0.7022060379769034	0.4930037772401354	0.3564675319154161	0.23890636135029233	0.198051770160994	0.1841067852338552	0.1646552720930433	0.1437469569788969	0.11062532720780172	0.0800508103209014	0.05909668382394576	0.05099723134326854	0.043145160329761324	0.02933760955105028	0.020083710223579705	0.01409158135212846	0.009070653796233535	0.005048414385580483	0.0029594153294782138	0.0025654374373185753	0.0022081086514063454	0.0015301001858292933	0.0012827187186592876	0.0012460696124118795	0.0008979031030615014	0.0006138725296440877	0.0005680611468348274	0.000503925210901863	0.00037565333903593424	0.0003206796796648219	0.00025654374373185754	0.00025654374373185754	0.0003023551265411178	0.00027486829685556167	0.0006871707421389041	0.0012277450592881754	0.0008795785499377973	0.0003115174031029699	0.00025654374373185754	0.00035732878591223017	0.0004214647218451946
209202_HY5CNBGXT_TCDM_2_D10_A27_4_1_o_ATGGCG_S76_R1_001	5.788355160738282e-05	0.00020259243062583987	0.0002604759822332227	0.0003473013096442969	0.0006077772918775196	0.0006656608434849024	0.0011576710321476564	0.0016786229966141018	0.0016496812208104104	0.0021416914094731644	0.0035887801996577345	0.004370208146357403	0.00535422852368291	0.0061067146945788875	0.005730471609130899	0.006743433762260098	0.00885618339592957	0.011026816581206427	0.015657500709797052	0.02532405382822998	0.04697250212939116	0.06251423573597345	0.09414759668940816	0.18398286878406628	0.35242400396155027	0.6312201302785097	0.9581753715328114	1.2755798267718952	1.618742462476264	1.8028989819151526	2.020627961286323	2.4240763159897813	2.792649830849791	3.076973836345256	3.216010127306189	3.30688730332978	3.36019805436018	3.4297451416164506	3.5887801996577346	3.6077081210333493	3.478135790760222	3.291634987481235	3.037931380786076	2.911716296506178	2.797569932736419	2.5631415487265183	2.343328761497482	2.20061686500948	2.079466591495228	1.8946444112128542	1.7877913749456256	1.685916324116632	1.570988532400173	1.7058282658695716	2.06725316210607	2.942481404185502	3.881931446773325	4.159685669161351	4.487827523223604	4.141626001059848	2.743333044880301	1.6759892950159658	0.934298406494766	0.42804886413659593	0.320096040388827	0.2844108308228755	0.207830892046308	0.14065703040594024	0.0946685486538746	0.060777729187751955	0.037855842751228365	0.029115426458513553	0.02405061569286756	0.014094644816397715	0.0076985123637819146	0.004051848612516797	0.0016496812208104104	0.0013313216869698047	0.0011576710321476564	0.0010419039289328907	0.0008971950499144336	0.0006656608434849024	0.0006077772918775196	0.0005498937402701367	0.00043412663705537114	0.0003473013096442969	0.0002894177580369141	0.00017365065482214846	0.00014470887901845705	0.00017365065482214846	0.00011576710321476564	5.788355160738282e-05	5.788355160738282e-05	0.00011576710321476564	0.00043412663705537114	0.0008682532741107423	0.0005209519644664454	2.894177580369141e-05	0.0	0.0	0.0
209203_HY5CNBGXT_TCDM_2_E10_A27_4_2_o_ATTGGT_S77_R1_001	0.000140548434044485	0.00021082265106672746	0.0004855309539718572	0.001015781864230596	0.002191277858057198	0.003743699197730373	0.00564110305733092	0.006835764746709042	0.00872678004112575	0.013026284409850222	0.018405456294643692	0.02588007755973676	0.03513071994593741	0.04585073232442131	0.051824040771311926	0.0596500331215162	0.07721219881189298	0.10051129603735828	0.1294962162764414	0.16776372172764434	0.22278204509087635	0.25495485935669576	0.3036293374923745	0.4324292001637773	0.6284687113950984	0.9020079068715855	1.227505302988245	1.5742063469500702	1.9674544768413553	2.181873890106585	2.4085529599596036	2.9264483851527956	3.5095646723078127	4.006435329480986	4.3377271542193885	4.52608122153455	4.588114189469639	4.6502940944039555	4.78214130266805	4.728777617687433	4.455589793296057	4.07273585895888	3.6241563660103546	3.408273971318025	3.212017248870454	2.8834022329440803	2.7477154970044975	2.7222442876165265	2.582028058961601	2.316302078704951	2.1686495601760356	2.0388978012922405	1.8676906429305065	1.843688803534819	1.8083472609378144	1.5787230625350452	1.2083012760456213	1.0147085852797109	0.9057132746782128	0.6967944160362697	0.4992408148563783	0.35595168634802593	0.2604873568059014	0.1722996030081709	0.13391710338365884	0.11419560266114405	0.0885071820569225	0.07366654513486165	0.05386199306495695	0.03703451237072179	0.0276177672897413	0.024097667873445337	0.021408081931048602	0.016195012741034975	0.012853793149886536	0.01047085833631413	0.0073404613962324205	0.004420887107217436	0.0024659861609623275	0.0018654610336813462	0.0015332556441216543	0.0012457702108488442	0.0011499417330912407	0.0008880105605537915	0.0007346849961416261	0.0006899650398547445	0.000677187909487064	0.0006005251272809813	0.00040886817176577446	0.0003066511288243309	0.00024915404216976884	0.00023637691180208837	0.0003130396940081711	0.00033220538955969176	0.0008688448650022709	0.0015396442093054948	0.000958284777576034	0.00015332556441216544	3.833139110304136e-05	6.388565183840226e-06	0.0
209204_HY5CNBGXT_TCDM_2_F10_X4_24_1_o_GCCACA_S78_R1_001	0.00014237562848161802	0.00024203856841875063	0.0003986517597485305	0.0007474720495284946	0.001644438508962688	0.003174976515140082	0.005616718543599831	0.007133018986929062	0.009574761015388813	0.01445112629088423	0.019747499670400417	0.025720157285204295	0.03238333669814402	0.03871193338415194	0.041488258139543495	0.0454747757370288	0.054287827140040955	0.0673507910532294	0.08694167753230005	0.11931077666759592	0.17095753589930285	0.20158965236712298	0.2569239403765038	0.3968649456110862	0.6088409000759432	0.905551709831635	1.252592304255579	1.6127670504069522	1.9971385346187764	2.199034294587135	2.4313414887991667	2.973294318614446	3.5792378746507882	4.1124417220958716	4.509299548925534	4.683410704995705	4.697569961248202	4.675708183494849	4.722129757161281	4.695583821230883	4.474837528051558	4.060652587235683	3.584612554625969	3.396840457002987	3.202611624628364	2.837553394420071	2.627371372874083	2.540080875052003	2.364296805347173	2.0972570765670504	1.9580635433819964	1.8384253027688928	1.7174843251551823	1.7689531148512874	1.793569861015759	1.6413631953874852	1.3803388369107108	1.2433663635299703	1.1396457181811115	0.8929087540224675	0.6108982279075025	0.41649142599727723	0.30067597100890503	0.20040793465072554	0.1605427586758725	0.13829656672561966	0.10270265960521516	0.07687572059864965	0.05025859685401117	0.030375840336553207	0.020815316884012555	0.016999650040705194	0.014657570952182576	0.010678172136121352	0.008300499140478331	0.006478091095913619	0.0042214373844799745	0.0024844547170042347	0.0015305380061773936	0.0011390050278529441	0.0009539167108268408	0.0006335715467432003	0.0005908588581987148	0.0005552649510783104	0.0003915329783244496	0.00034882028977996414	0.0003417015083558833	0.00025627613126691243	0.00022068222414650795	0.00019932587987426525	9.966293993713263e-05	7.830659566488991e-05	0.00012101928420937531	0.00015661319132977982	0.0006691654538636047	0.0013169745634549668	0.0009254415851305171	0.00020644466129834612	7.118781424080901e-06	1.4237562848161802e-05	2.8475125696323603e-05
209205_HY5CNBGXT_TCDM_2_G10_A27_4_2_i_CATCTA_S79_R1_001	0.000194452944558808	0.00026575235756370424	0.0004990958910342738	0.001147272372896967	0.002411216512529219	0.0048029877306025575	0.009294850749911023	0.012172754329381379	0.015394191444238965	0.023185272756228538	0.03235696997458565	0.04211850779143781	0.051944863256476244	0.06049431105224516	0.0643768881786027	0.067047375283877	0.07531810719244496	0.08910482096166444	0.10549072242315334	0.13220207524071492	0.17821612368814752	0.20571825181358158	0.2476617519549165	0.36051575921203	0.5435478341604173	0.8225100284244833	1.153877291247148	1.5129281716101683	1.9518279127738538	2.1962034099657264	2.4690273729465524	3.0754094352587393	3.7308649390127506	4.266025369497864	4.5998816300108825	4.77380034362428	4.827125822787124	4.9230105697490725	5.155090159080009	5.127905637430688	4.790393661559965	4.363433331192191	3.8469144563254476	3.5832232999740663	3.3264287413897047	2.8763349923842503	2.6513464537648908	2.5588711150975407	2.3429505654594402	2.00858872729057	1.8293614482907166	1.6966862042182416	1.55148819051618	1.5530956681911994	1.5241351429815742	1.3597122148274647	1.1093734940024553	0.9803669288173236	0.8848646059796744	0.6834113554167492	0.4705372352434035	0.31612863373407274	0.21785859731886983	0.13480126293298433	0.10252855590104082	0.08677786739177737	0.06327498815943612	0.04847711907851083	0.03399037470887963	0.02262784098182662	0.015796060862993833	0.012885748459430342	0.011057890780577546	0.00771330013416605	0.0055872812736564165	0.004316855369205537	0.0029556847572938813	0.0018148941492155412	0.0011213453136224593	0.0008685564856960091	0.0008167023671469936	0.000674103541137201	0.0005315047151274085	0.0003759423594803621	0.00022686176865194265	0.00021389823901468878	0.00024630706310782346	0.0001750076501029272	0.0001166717667352848	0.00013611706119116558	0.00013611706119116558	0.00010370823709803094	0.0001166717667352848	0.00015556235564704638	0.0006092858929509317	0.0012380170803577442	0.0008491111912401283	0.00016852588528430026	3.240882409313466e-05	6.4817648186269335e-06	0.0
209206_HY5CNBGXT_TCDM_2_H10_A27_4_3_i_AACAAG_S80_R1_001	0.0005932011241820415	0.001041397529119584	0.0023925778675342345	0.004877431465496787	0.009978961133462343	0.019015391591835445	0.03344995228026512	0.042367742513801813	0.05319695859192508	0.07806526794235667	0.10741554134216368	0.134821433279374	0.1565325944244367	0.17488228253246788	0.18361552130514794	0.18984413310905937	0.19768757019546634	0.20927476548782223	0.22490231954821802	0.24734509541310526	0.28767618073388207	0.3112196742403071	0.35325786057400776	0.46415351517803943	0.6494497730017031	0.9144854441626373	1.2242352978396933	1.5549910624363956	1.9424107166396871	2.1602275783157308	2.397956224393485	2.9173433553564743	3.467873545339021	3.910263170383182	4.173987207947313	4.305229661110789	4.346265996656982	4.410608545259928	4.590888958022452	4.568228675078697	4.293141540424679	3.957066739081145	3.5609797573411934	3.364478589394091	3.1582686963812097	2.798090156025078	2.655557108131337	2.6491769004845795	2.5125494993382516	2.261684743921666	2.1296315825551417	2.0004191954610886	1.8565481494761376	1.8923445417587226	1.9154596122310161	1.7258000305828136	1.3702220945008936	1.1769637593659865	1.0482654799128917	0.7907041429166514	0.539555969185179	0.3682065289033952	0.2569945003664665	0.15517482296242005	0.11550285000184553	0.09771999852358831	0.0758638326592811	0.0634593380402744	0.04526124577508977	0.02969960295071421	0.02168479665065463	0.019364721142742645	0.016939187657198297	0.012437450237016805	0.009537355852126825	0.007724796861570586	0.005516770454892987	0.003401019778643705	0.002082795058239168	0.0016609631477097165	0.0015620962936793762	0.0013050424732004913	0.001146855506751947	0.0009886685403034026	0.0008502549446609262	0.0008107082030487902	0.0007513880906305859	0.0006986591018144045	0.0005602455061719282	0.0004481964049375425	0.00029660056209102075	0.00017796033725461249	0.00022409820246877126	0.00026364494408090736	0.0006393389893962003	0.0011204910123438563	0.0007447969670285633	0.00015818696644854442	3.295561801011342e-05	1.3182247204045367e-05	1.3182247204045367e-05
209207_HY5CNBGXT_TCDM_2_A11_X4_24_2_o_GCAGCC_S81_R1_001	4.5517870467671845e-05	6.0690493956895796e-05	0.00020483041710452329	0.0004551787046767184	0.0007738037979504213	0.0011455330734364082	0.0019648547418545013	0.002609691240146519	0.0030952151918016853	0.004453164994087228	0.006448364982920177	0.008671154324091487	0.01060566381896754	0.014118126156722883	0.01679609420257091	0.019185782402123683	0.025656906320277693	0.038326046933779695	0.059461511454268645	0.0971275492662671	0.15391867898643233	0.18559153052018731	0.24574339634321568	0.408773235734927	0.6713734167746704	1.0510152154102874	1.487675733118408	1.9409578598589734	2.4780990766244795	2.7786990931929845	3.1381309573409553	3.9680507032662717	4.8769667133882315	5.642372464237368	6.160874113046362	6.2907593564258635	6.229120573500892	6.159463059061865	6.062654134888871	5.733233720002586	5.115730702926405	4.367242427267754	3.597937312181887	3.2618864608308105	2.967006523317743	2.4369888532804276	2.090977174608675	1.9339253488717183	1.6875371160302106	1.2846432718973577	1.0819597810165595	0.9453378928078426	0.7224368811276537	0.5576849489699155	0.4291424827692102	0.3236775768956145	0.23361288386358112	0.19894343919070442	0.1797348978533469	0.1394667551129465	0.10211934239422178	0.07606794786322425	0.059195990543207226	0.045677183014308696	0.039266749590111574	0.03548876634129481	0.028714189953356322	0.022819625727792815	0.017198168725035344	0.011857405256828515	0.0077152790442703775	0.006190430383603371	0.004999379439699291	0.0031028015035462976	0.0019117505596422174	0.0010469110207564525	0.0005006965751443902	0.000295866158039867	0.00022000304059374725	0.00018207148187068738	0.00014413992314762748	8.344942919073171e-05	6.0690493956895796e-05	5.3104182212283814e-05	4.5517870467671845e-05	6.0690493956895796e-05	7.586311744611974e-05	6.0690493956895796e-05	4.5517870467671845e-05	3.0345246978447898e-05	6.0690493956895796e-05	9.103574093534369e-05	0.0001137946761691796	0.00015172623489223948	0.0006751817452704656	0.001456571854965499	0.0009786342150549447	0.00015931254663685145	6.827680570150776e-05	0.0001744851701260754	0.00028827984629525497
209208_HY5CNBGXT_TCDM_2_B11_X4_24_1_i_ACTCTT_S82_R1_001	7.470345901667389e-05	8.217380491834128e-05	0.0002764027983616934	0.0006947421688550672	0.001232607073775119	0.002614621065583586	0.0049080172573954745	0.0061256836393672595	0.007746748700029083	0.011369866462337765	0.015717607777108185	0.01950507314925355	0.023150601949267238	0.026639253485345904	0.027924152980432698	0.031046757567329667	0.0383228744755537	0.05398071948544855	0.0805676805494828	0.13493685802181804	0.2150114957417908	0.2557995843648947	0.3436882038980116	0.5644742770217912	0.9225503671264141	1.438609332359499	1.9926251251189557	2.5724061408932637	3.2551808156138597	3.62130993860048	4.019501786197057	4.86951509461828	5.825428026541541	6.6739622064742345	7.085070282134795	6.854572759338848	6.55740986971642	6.36471229718291	6.074496829249034	5.478056942114008	4.518274371013684	3.6279510761070624	2.873655309723903	2.5488222588816996	2.2473041575986006	1.7370272400934064	1.4718673123137223	1.390321016451121	1.1688327308125845	0.7779917035832485	0.5834937776874364	0.4702134524345521	0.296893957169967	0.19980187148599596	0.14648601278579582	0.10945550815123059	0.07642163857405739	0.06415533060351954	0.05703609095923051	0.04378369732967256	0.03233165706241646	0.023210364716480577	0.01618076922301156	0.011063582280369402	0.009173584767247554	0.007447934863962386	0.004878135873788805	0.003511062573783673	0.0024054513803368994	0.0015538319475468167	0.000978615313118428	0.000672331131150065	0.0005154538672150498	0.00029881383606669557	0.00017181795573834995	0.00010458484262334344	7.470345901667389e-05	4.482207541000433e-05	4.482207541000433e-05	4.482207541000433e-05	5.229242131167172e-05	2.9881383606669552e-05	7.470345901667388e-06	2.2411037705002165e-05	2.2411037705002165e-05	1.4940691803334776e-05	1.4940691803334776e-05	1.4940691803334776e-05	2.9881383606669552e-05	3.7351729508336946e-05	5.229242131167172e-05	9.711449672167604e-05	0.00022411037705002165	0.0003286952196733651	0.0007918566655767432	0.001441776759021806	0.0008815008163967518	0.00010458484262334344	3.7351729508336946e-05	0.0	0.0
209209_HY5CNBGXT_TCDM_2_C11_X5_36_3_o_TGCTAT_S83_R1_001	0.0017942208147556718	0.005382662444267016	0.012559545703289703	0.023324870591823737	0.03319308507297993	0.05023818281315881	0.08163704707138307	0.09868214481156196	0.1193156841812522	0.14622899640258727	0.18301052310507854	0.22427760184445902	0.26823601180597295	0.2942522136199302	0.2870753303609075	0.29604643443468587	0.3041204281010864	0.31578286339699824	0.31578286339699824	0.30501753850846425	0.3453875068404669	0.38396325435771383	0.3929343584314922	0.46290897020696337	0.6548905973858203	0.9159497259327706	1.2066134979231895	1.4927917178767192	1.8579156536794983	2.0974441324493807	2.362091702625842	2.8519139850541406	3.33725071544555	3.7858059191344675	4.024437287496972	4.075572580717509	4.0764696911248866	4.05045348931093	4.0316141707559945	4.0038037481272815	3.9212695906485213	3.533717894661296	3.0537638267141536	2.9138146031632113	2.6724919035785737	2.3217217342938397	2.1808754003355193	2.061559716154267	1.9251989342328362	1.7619248400900698	1.647094707945707	1.509836815616898	1.482026392988185	1.765513281719581	2.1324314383371163	2.6572410266531503	2.763100054723735	2.5370282320645203	2.4168154374758903	1.936861369528748	1.2182759332191013	0.7123056634580018	0.42164189146758296	0.2045411728821466	0.13097811947716406	0.11034458010747382	0.0771514950344939	0.048443961998403146	0.03319308507297993	0.026913312221335077	0.015250876925423214	0.010765324888534033	0.007176883259022687	0.002691331222133508	0.0008971104073778359	0.0017942208147556718	0.002691331222133508	0.0008971104073778359	0.0	0.0	0.0	0.0	0.0	0.0	0.0	0.0	0.0	0.0	0.0	0.0	0.0008971104073778359	0.0008971104073778359	0.0	0.0	0.0	0.0	0.0008971104073778359	0.0008971104073778359	0.0	0.0	0.0
209210_HY5CNBGXT_TCDM_2_D11_X4_24_2_i_AAGTGG_S84_R1_001	0.00012942191943245162	0.00013866634224905529	0.0001941328791486774	0.00025884383886490324	0.0005823986374460322	0.001146308429258857	0.0017287070667048891	0.0020522618652860183	0.0028380378046973316	0.004252434495637695	0.005897941756993152	0.007654382092147851	0.009262911662236892	0.011204240453723667	0.012276593500449694	0.014106989218137226	0.01790644699576134	0.0260877611884556	0.04206212381554677	0.07570257844516759	0.12984716288201537	0.16011340318357584	0.21951806420307113	0.3734099708310727	0.6215580124971655	0.9833847215390337	1.390324213925928	1.8064064404784432	2.28097813019161	2.538241172754874	2.8559350072702765	3.5464656584021217	4.249790590712147	4.8004716134744125	5.121576640009141	5.130090753423233	5.037692747371279	5.071786178718914	5.229782609077487	5.206699285304428	4.861059560614432	4.269887965915443	3.617629225244337	3.3578886773662235	3.1173303068325624	2.6592321785785833	2.3664982856680106	2.23399797343763	2.079283313178951	1.824423820548004	1.66697281113561	1.4999630685308476	1.2607451393055942	1.2441883780410568	1.24959636538877	1.1533804127135587	0.9895322627120751	0.8716566273775616	0.7965734252611064	0.6063601813866689	0.3925089483701759	0.25963885922713115	0.18046962222573715	0.11023974208799894	0.0850302010671207	0.07182916528501064	0.05233267756479346	0.03952915196379737	0.02696598135603295	0.017379514895214932	0.011657217171737249	0.009466288964202174	0.007506471327082194	0.004585233717035428	0.003254036831444497	0.002246394744434696	0.001414396690940364	0.0008689757447607465	0.0005176876777298065	0.0005176876777298065	0.000499198832096599	0.0004622211408301843	0.0004252434495637695	0.00040675460393056214	0.0003050659529479216	0.00021262172478188476	0.00022186614759848848	0.00023111057041509214	0.00015715518788226267	4.6222114083018435e-05	4.6222114083018435e-05	8.319980534943318e-05	0.00022186614759848848	0.00035128806703094005	0.000647109597162258	0.0011278195836256497	0.000739553825328295	9.244422816603687e-05	9.244422816603686e-06	0.0	0.0
209211_HY5CNBGXT_TCDM_2_E11_X4_24_3_o_CTCATA_S85_R1_001	0.0004231137362967816	0.0006573374117467858	0.001284452413758087	0.002561349225082303	0.004669362304132341	0.008220495448051757	0.014642757516842192	0.01873789403600033	0.023633924413148804	0.034151323001097376	0.0450993909277766	0.05650835060292196	0.06772842021722056	0.07928093633860947	0.08569564280496603	0.0926316858392597	0.1042370911776857	0.12110119581008601	0.14811247451117518	0.18848961391778235	0.2430183966830301	0.27198657641449187	0.3286384834636574	0.4741971643521842	0.7065319391937206	1.037618437845952	1.4017682527488038	1.7725367753837262	2.1960811810192387	2.4253483812726233	2.69506072135452	3.3383220457670038	4.069266136424562	4.6911979951662275	5.155618209968982	5.3806996064740025	5.405897540590963	5.374216899585742	5.360752816048583	5.169256072362121	4.744532992746924	4.210034565370015	3.664285845969071	3.438025775484367	3.190474017341014	2.74006944505309	2.459257924995837	2.331349131392833	2.1328936778647747	1.7928084567138025	1.6012286014005668	1.4599312802847435	1.2488428594872525	1.1637365536721285	1.0852942892036788	0.9258332998368292	0.7321983206615806	0.6348972725181886	0.5618497081875228	0.417409256459209	0.2785826173392614	0.18396380805989357	0.1264430067308329	0.07470224126368356	0.05329721956852674	0.04410205140650562	0.03081174672532635	0.022296582782353618	0.01447653426329703	0.00898361129387274	0.0062787056225468854	0.005666701825403326	0.004586250677359759	0.003143130612490378	0.002410237176404881	0.0016848993427532554	0.0010200063285725986	0.0005817813874080748	0.000377780121693555	0.00030222409735484405	0.00034755771195807064	0.00035511331439194173	0.0002946684949209729	0.00026444608518548854	0.00027200168761935963	0.0002040012657145197	0.00012088963894193761	0.00012088963894193761	0.0001057784340741954	8.31116267725821e-05	8.31116267725821e-05	0.00012088963894193761	0.000226668073016133	0.00030222409735484405	0.000596892592275817	0.0010880067504774385	0.0007328934360854968	0.0001133340365080665	2.26668073016133e-05	0.0	0.0
209212_HY5CNBGXT_TCDM_2_F11_BLANK_AATCCG_S86_R1_001	0.0	0.007087172218284904	0.01889912591542641	0.01889912591542641	0.049610205527994326	0.1559177888022679	0.22442712024568862	0.22206472950626033	0.3307347035199622	0.5291755256319395	0.6969052681313489	0.892983699503898	1.1717458067564377	1.308764469643279	1.285140562248996	1.3323883770375622	1.3725490196078431	1.3536498936924168	1.287502952988424	1.2449799196787148	1.2497047011575715	1.2426175289392865	1.2804157807701393	1.278053390030711	1.2898653437278524	1.4386959603118354	1.748169147176943	1.9796834396409164	2.137963619182613	2.2773446728088826	2.397826600519726	2.6931254429482636	3.144342074179069	3.437278525868179	3.626269785022443	3.668792818332152	3.5388613276635956	3.6002834868887312	3.673517599811009	3.659343255374439	3.4349161351287503	3.045121663123081	2.7380108669974015	2.6222537207654146	2.525395700448854	2.2182849043231747	2.0316560359083393	1.984408221119773	1.7552563193952277	1.5166548547129697	1.4363335695724073	1.3276635955587055	1.278053390030711	1.3253012048192772	1.230805575242145	1.1339475549255846	0.9992912827781715	0.8788093550673282	0.8528230569336168	0.7488778643987716	0.5433498700685093	0.38034490904795654	0.28348688873139616	0.1819040869359792	0.14174344436569808	0.12284431845027168	0.11811953697141507	0.08504606661941885	0.040160642570281124	0.03779825183085282	0.023623907394283016	0.014174344436569808	0.014174344436569808	0.014174344436569808	0.011811953697141508	0.007087172218284904	0.007087172218284904	0.007087172218284904	0.0023623907394283014	0.0	0.0	0.0	0.0023623907394283014	0.0023623907394283014	0.0	0.0	0.0	0.0	0.0023623907394283014	0.0023623907394283014	0.0	0.0	0.0	0.0	0.0023623907394283014	0.0023623907394283014	0.0	0.0	0.0	0.0	0.0
209213_HY5CNBGXT_TCDM_2_G11_A03_4_1_i_GGCCAA_S87_R1_001	0.00022580850518156697	0.00022580850518156697	0.0003387127577723505	0.000703480343065651	0.001328796203568452	0.002657592407136904	0.004455375506082456	0.005297814929259841	0.007130337798233326	0.010560890088491749	0.013904592953680335	0.01832522868973486	0.02269375477074748	0.025742169590698635	0.027097020621788037	0.03079680612976294	0.03912566599395997	0.05082428355086654	0.07073885671937935	0.1084141373146731	0.17069386003225065	0.20814333212236286	0.27024067104729377	0.43122476535673704	0.7033500689280462	1.0990013097761795	1.5246590269859401	1.9830937172170562	2.556855758998404	2.87542813509706	3.221045422162462	4.021501833261089	4.884203227307266	5.634504095428064	6.085730283378384	6.044581025780296	5.894644178339736	5.846764090298737	5.759801760976313	5.441177275222615	4.838807032823264	4.153747452814924	3.4585438599584286	3.1255718491831943	2.8615409120283934	2.393987032164945	2.0706205678024343	1.861191864189038	1.6380930610696496	1.3374637761904211	1.1703481124710475	1.040204249003902	0.8375498005459528	0.7243676297949458	0.6417217168984923	0.5688637342074091	0.4893096608434417	0.44063924303430696	0.39278520982082876	0.28812296766917245	0.18196691540631504	0.11303452672838823	0.07777366015003585	0.050841653435880506	0.039585967946830086	0.032195081873387266	0.02163419178489551	0.01585870501775159	0.010534835260970798	0.006027350099846442	0.0037432102205098216	0.0032481684976117713	0.0026836472346578534	0.0017456734439036524	0.0012680016060195682	0.0009640286182751514	0.0005732062054609007	0.0003473977002793338	0.00029528804523743375	0.000277918160223467	0.00028660310273045036	0.00019975367766061694	0.00010421931008380013	0.0001563289651257002	0.0001736988501396669	9.55343675768168e-05	5.210965504190007e-05	6.947954005586676e-05	8.684942506983345e-05	5.210965504190007e-05	8.684942506983345e-05	0.00012158919509776684	0.0001389590801117335	0.0001910687351536336	0.0007121652855726343	0.0012766865485265516	0.0007729598831215177	0.00011290425259078348	0.0	0.0	0.0
209214_HY5CNBGXT_TCDM_2_H11_X8_37_2_i_AGACCA_S88_R1_001	0.0006663565784077378	0.0011699981783670746	0.0024717180059542834	0.004447542744256297	0.008530913870080458	0.014210441451160363	0.023043540281216423	0.029102736145342596	0.036649611812425584	0.05161164149737142	0.06769717936684193	0.08564231699000845	0.1035099712901043	0.1213698772578931	0.13063688269714488	0.14105838965014963	0.16119630531621604	0.1850224271604462	0.21230430521362811	0.24850451375224383	0.30585766948915166	0.34018278160945725	0.38695171541491197	0.5077947060759245	0.7072677729890502	0.9783896687456217	1.277211852499957	1.5919103691514718	1.9552684126913653	2.157027237635076	2.4147367701681146	2.9754913275628403	3.598774926675594	4.159235047442651	4.517858859942928	4.683192774711117	4.73012442349502	4.781596595010865	4.950727192609516	4.867052952025503	4.448550027456215	4.076017958464755	3.7695016807295025	3.6183472140832453	3.288214019476053	2.7310081982779644	2.5330228111677955	2.586408820763485	2.503013520142526	2.191422084746145	1.987524720085684	1.8276068896001343	1.6253444230564646	1.618208209001656	1.5806055523154612	1.3519832592631507	1.0459008881370941	0.895629731373842	0.7998758407231115	0.6037500533666388	0.4124824703666968	0.28244220925719604	0.20323875641436004	0.13073761101713677	0.09829534364744841	0.08056715932887974	0.05581123760780158	0.04188748445200268	0.02711141474242645	0.01620176285407651	0.011599253463678879	0.010026342005344335	0.008817602165441927	0.006469857476400711	0.004447542744256297	0.0028746312859217527	0.0018363547567748126	0.0012009915075953414	0.0006973499076360048	0.00048039660303813664	0.000441654941502803	0.00030993329228266875	0.00030218495997560204	0.0003331782892038689	0.00024019830151906832	0.0001627149784484011	0.0001239733169130675	0.0001162249846060008	0.00013946998152720094	0.00013172164922013423	6.973499076360047e-05	8.523165537773392e-05	0.00017046331075546784	0.00021695330459786815	0.000550131593801737	0.0010692698583752074	0.0007283432368642716	0.0001239733169130675	2.324499692120016e-05	0.0	0.0
209215_HY5CNBGXT_TCDM_2_A12_X4_24_3_i_CGCGGA_S89_R1_001	8.687913455474227e-05	0.00014273000676850515	0.00018616957404587626	0.00026684305613242266	0.0005336861122648453	0.0009246422177611855	0.0015948526843263403	0.002047865314504639	0.0025194949020875255	0.0035744558216808243	0.0051134576337934015	0.007397137742089484	0.010617871373083143	0.014632928520005875	0.016755261664128867	0.020640000109219483	0.030240144477518504	0.04614523175350453	0.07038451029427763	0.11098809439368325	0.1683655571146223	0.19918903292415122	0.2584219857330809	0.40366528175120536	0.647665331148199	1.0036960245535327	1.3903640241943496	1.7871410317058574	2.262084437706761	2.528877848619438	2.838955685497781	3.527497649453987	4.270264604677287	4.917098378394748	5.404062133226546	5.599540185974716	5.59058542946311	5.538811670920952	5.594283998334155	5.5041655131910145	5.056800026758773	4.415166589809661	3.747643170763235	3.4717522733321826	3.2184995961051093	2.7537768997193246	2.4744480708208916	2.3678039331549456	2.174280660934257	1.805944158684491	1.5923456007291887	1.3859145713746532	1.1007338121987116	0.9430357716769181	0.8071133656660238	0.6561546637246909	0.5006782467865114	0.43918643647915856	0.3843036460504342	0.2768589792160908	0.17794708452551675	0.11131078832202944	0.07549796792807102	0.04955834061101227	0.039145255769379585	0.03464615772993757	0.029185183557925203	0.02561072773624438	0.02042280227283263	0.015805796836494895	0.01271538190733335	0.011666626640208247	0.010537197890996598	0.008470715619087372	0.006633842488501392	0.004741118485701649	0.0032765845032074223	0.0022340348885505155	0.0014583283300260309	0.001253541798575567	0.0009432591751657731	0.0004219843678373196	0.00023581479379144326	0.00016134696417309278	4.964521974556701e-05	4.3439567277371137e-05	4.964521974556701e-05	5.585087221376288e-05	5.585087221376288e-05	5.585087221376288e-05	6.826217715015463e-05	8.687913455474227e-05	0.00018616957404587626	0.0002730487086006185	0.0006577991616287628	0.0012907757133847422	0.0008874083029520103	0.00016134696417309278	8.067348208654639e-05	7.446782961835052e-05	7.446782961835052e-05
209216_HY5CNBGXT_TCDM_2_B12_X8_37_3_o_CCTGCT_S90_R1_001	0.00012475219146716843	0.00012475219146716843	0.00013254920343386644	0.00016373725130065857	0.00031967749063461907	0.0007173251009362185	0.0013488830702387585	0.0017153426326735656	0.002003832075441393	0.0027211571763776114	0.0037737537918818443	0.005606051604055881	0.00703290479396162	0.008529931091567642	0.009808641054106117	0.011867052213314395	0.016763575728400756	0.024989423353267173	0.0403183488797955	0.07025887483191591	0.1228965026190943	0.15553479471169224	0.2145815663354964	0.36070536760338406	0.5970094092781012	0.9382066529408067	1.3290864568553122	1.7323791038208012	2.1910305357498454	2.445298892995835	2.7776153400284715	3.5297540993959964	4.322569870193785	4.9659715006737395	5.3159091947511135	5.370846941068468	5.346255165325502	5.380663379134541	5.472137923527843	5.273633795867677	4.748302317599431	4.183510161767726	3.6269282595369536	3.365377493114069	3.0949771181089814	2.605122044289211	2.326105971060922	2.2516367097669896	2.064095180932002	1.67903974495662	1.4666179509358988	1.3413667507028615	1.175360568919894	1.1786742990057406	1.1495914443699569	1.0558557665063133	0.9659640155422518	0.896656376170273	0.8461161446021364	0.6704884500522634	0.4296153593650613	0.2690514919348488	0.17324960590003013	0.09794606432566061	0.07366616906136296	0.06391210709102371	0.04665731960872099	0.033371211217467556	0.021979776734121735	0.013761726121222015	0.009052330893336407	0.006954934674294639	0.005426720328821826	0.0033293241097800573	0.002003832075441393	0.0010681906394376295	0.0007095280889695204	0.0005146027898020697	0.00040544462226829736	0.00031188047866792106	0.00025730139490103487	0.00019492529916745067	0.00021831633506754473	0.00024950438293433686	0.00021831633506754473	0.00014034621540056448	9.356414360037631e-05	7.797011966698026e-05	4.678207180018816e-05	7.017310770028224e-05	7.797011966698026e-05	7.797011966698026e-05	0.00012475219146716843	0.00014034621540056448	0.0007095280889695204	0.0012787099625384763	0.0007251221129029164	8.576713163367829e-05	1.5594023933396054e-05	1.5594023933396054e-05	0.0
209217_HY5CNBGXT_TCDM_2_C12_X8_37_2_o_GCGCTG_S91_R1_001	0.0003455404420965355	0.00035417895314894895	0.00038873299735860253	0.00035417895314894895	0.00050967215209239	0.0009156821715558192	0.0014080773015433823	0.0017104251883778509	0.0022719284067847212	0.0031530565341308867	0.004267424459892213	0.0059605726261652385	0.007947430168220318	0.011022740102879484	0.013009597644934564	0.01616265417906545	0.02440379372306782	0.038018087141671326	0.05837905769220968	0.09279488572502462	0.1530312232935032	0.19068649297097315	0.2483312772237277	0.3969741369026048	0.6257996561699831	0.9430662515919696	1.3053308510859774	1.6779616638428814	2.1137831849481894	2.35979934120987	2.6692048915741604	3.3663672875481305	4.107249187958365	4.752736010816798	5.145753709657398	5.270597471386876	5.294785302333634	5.341087721574569	5.481644934908387	5.334410152531054	4.842101407654015	4.348289561853855	3.870165252124879	3.6350336197892394	3.3287724874480276	2.773575382109419	2.493402553146496	2.4430659492440827	2.2691208906926867	1.8746691990173865	1.6350628179565965	1.4603316548994307	1.2494569615989677	1.1935053255124861	1.0979806702948989	0.9284239753581289	0.7535114035688626	0.6724389773419629	0.6175844321591379	0.48147605201731264	0.318864719966683	0.20261627673435603	0.13391419833451235	0.07928425443905007	0.058465442802733816	0.04911857384402253	0.03624719237592658	0.02779009005561387	0.018158150232172942	0.010919077970250523	0.006962639908245191	0.005545924095649395	0.004828927678299084	0.0034813199541225957	0.00262610735993367	0.00209051967468404	0.0015376549673295832	0.0010970909036565003	0.0006738038620882443	0.0004492025747254962	0.00033690193104412213	0.0002073242652579213	0.0002159627763103347	0.00023323979841516148	0.00016413170999585438	9.502362157654727e-05	8.638511052413388e-05	8.638511052413388e-05	0.00010366213262896065	6.91080884193071e-05	4.319255526206694e-05	7.77465994717205e-05	0.0001382161768386142	0.00019004724315309455	0.0005960572626165238	0.0010625368594468468	0.0007429119505075514	0.0002246012873627481	0.00012957766578620083	0.00025051682051998827	0.00032826341999170875
209218_HY5CNBGXT_TCDM_2_D12_X8_37_1_o_GAACCT_S92_R1_001	0.00010024110491760307	0.00012530138114700385	0.00019212878442540588	0.0006432137565546197	0.001403375468846443	0.002455907070481275	0.004201772981129529	0.00524595115735456	0.00685816226144601	0.010675677673724727	0.014986045185181658	0.019171111315491585	0.024308467942518744	0.028827671089220682	0.030289520535935727	0.03371442495395383	0.041700299645722874	0.05666128455467513	0.07728589189147196	0.10926280436018734	0.16175572963537216	0.1924963351434371	0.2490490251677848	0.39449886840322684	0.6277599195464891	0.9532093735123072	1.3214617792779417	1.7086931675746424	2.1624930029620413	2.416228299784724	2.745904587007901	3.486611171520299	4.282350122632462	4.95155973906238	5.330362521120592	5.41533356438908	5.406002788206334	5.458955151879057	5.5808065683318135	5.362965940495043	4.7912742122991325	4.263003589383365	3.801660610850916	3.583636207655129	3.241170826129548	2.656105263852548	2.388419746595499	2.3699002024619715	2.194862526425017	1.7660060193112819	1.518752980606604	1.3610737225712144	1.1646512774851712	1.122708728502564	1.0408618663373412	0.8774772187470581	0.7119875079535052	0.631234944516966	0.5676319634467469	0.42857249064980213	0.2835403186848501	0.18301519730331378	0.12090747938144891	0.06951720626035772	0.0492852099178215	0.04035539815474503	0.02838493954250127	0.021134166286794646	0.013515842313056812	0.007919047288490643	0.004953581268011552	0.004176712704900128	0.003374783865559303	0.0023055454131048706	0.0017625727614678538	0.0012196001098308373	0.0008353425409800256	0.0005680329278664174	0.00040096441967041226	0.00038425756885081177	0.00034249044180181045	0.00023389591147440715	0.0002088356352450064	0.00017542193360580536	8.353425409800254e-05	6.682740327840205e-05	6.682740327840205e-05	5.847397786860179e-05	5.847397786860179e-05	5.847397786860179e-05	9.188767950780282e-05	0.00015871508278620487	0.00019212878442540588	0.00020048220983520613	0.0006682740327840203	0.0011611261319622356	0.0007601617122918233	0.00019212878442540588	3.3413701639201024e-05	1.6706850819600512e-05	1.6706850819600512e-05
209219_HY5CNBGXT_TCDM_2_E12_X8_37_3_i_TTCGAG_S93_R1_001	9.113651201429854e-05	0.0001367047680214478	0.00026039003432656724	0.00042313380578067175	0.0008918358675684929	0.0014972426973777616	0.0025062540803932097	0.003293933934231076	0.004276906313813867	0.005943402533503897	0.0075968792514776	0.010441640376495346	0.012934874955172228	0.014894309963479646	0.016235318640261467	0.01825985115715053	0.023317927573944096	0.03216467899018922	0.0474886325103077	0.07714054766924554	0.12810538713781291	0.15892905745122032	0.2128558335602524	0.35132474406426273	0.5707814649946936	0.8865499498716635	1.2847449001147082	1.7631204516777614	2.319482818521621	2.6148106857039557	2.9829891747400055	3.8050860813649856	4.679020134073527	5.40848328598683	5.771825030135265	5.780209589240579	5.7346999209911536	5.754457014845682	5.875115247001755	5.6469159306688095	4.998863722987707	4.357627224455103	3.709288587736241	3.3832346965033717	3.067596406643565	2.4962811420785025	2.1390520539858846	1.9688871665534728	1.7481935929599908	1.4087035759558708	1.221294358500182	1.1096130727775175	0.9525132553174411	0.9174387176936525	0.8371734896124882	0.711515768797345	0.6278654702699352	0.5792636703628815	0.5436488234178652	0.4292334423347716	0.27618268990847356	0.17329607759518867	0.11073086209737273	0.06070993650323915	0.0446178323818573	0.03525030089695904	0.023910314902037037	0.018311929164015844	0.011502729766376108	0.006919865162228525	0.004530786597282271	0.0035413044668413146	0.0029163683844575534	0.001972454510023747	0.0013540281784981496	0.0009439138744338063	0.0006249360823837614	0.00039709480234801503	0.0003059582903337165	0.00023435103089391052	0.00022133152917758216	0.0001757632731704329	0.0001692535223122687	0.00018227302402859709	0.00015623402059594034	0.00011066576458879108	7.811701029797017e-05	5.2078006865313444e-05	2.6039003432656722e-05	4.556825600714927e-05	0.00010415601373062689	0.00013019501716328362	0.00016274377145410453	0.00020831202746125378	0.0008202286081286868	0.00143214518879612	0.0008788163658521646	0.00018227302402859709	1.9529252574492543e-05	0.0	0.0
209220_HY5CNBGXT_TCDM_2_F12_C14_4_1_i_AGAATC_S94_R1_001	0.00016512708593351157	0.0004609797815643865	0.00117653048727627	0.002181053593371799	0.004596037225149405	0.008208192229944972	0.014049562894842944	0.018108937090708436	0.023847103326897965	0.03535095698026594	0.04757036133934579	0.0592668632596362	0.0678328308424371	0.0745342384132388	0.07791246337962855	0.08038248937338399	0.08320341042474814	0.09040707954859759	0.10582582119763922	0.13412447554949478	0.18480473034058836	0.21575229836262735	0.2702786381969223	0.41303788428169025	0.6449107144085766	0.9715252100898153	1.3532164692251274	1.7680913923378279	2.260644848791751	2.537040069463461	2.892042663334769	3.6638741841689906	4.472240072766002	5.155391468158681	5.497438466079457	5.495257412486085	5.442643794730519	5.474320674048765	5.61492638772115	5.412900278376745	4.793549860811627	4.2272396393074025	3.7200517948626213	3.4707786980554913	3.137531597755923	2.5602197841513776	2.2937665901119146	2.2696649158608695	2.0818328556114998	1.6421751090182783	1.3886362291578656	1.2342561644005268	1.023787932787772	0.9503339007283481	0.8610070275335655	0.7349118565375877	0.6251573867537804	0.5695370799751759	0.5292391907121519	0.41186135379441396	0.26508401528526393	0.16909701629116308	0.11192176278668471	0.06533528366769274	0.049634449913514685	0.041880357169886875	0.030060009935146334	0.022078867448359945	0.014675669762340842	0.008710453782992737	0.005380390883333586	0.004527234272677109	0.003908007700426441	0.0028140407561169267	0.00196088414546045	0.001314136392220863	0.0008600369059037061	0.0005435433245311423	0.00033025417186702315	0.0002476906289002674	0.00023393003840580805	0.00018576797167520052	0.00011696501920290403	0.00013760590494459298	0.00016512708593351157	8.256354296675579e-05	2.7521180988918595e-05	3.4401476236148246e-05	4.816206673060754e-05	6.880295247229649e-05	6.192265722506684e-05	6.880295247229649e-05	0.00019264826692243017	0.00028897240038364526	0.0007155507057118836	0.0012315728492541071	0.0007705930676897207	0.00011696501920290403	6.880295247229649e-06	0.0	0.0
209221_HY5CNBGXT_TCDM_2_G12_X8_37_1_i_AGGCAT_S95_R1_001	5.561475952687783e-05	8.342213929031674e-05	0.00023172816469532427	0.0005932241016200302	0.0010752186841863046	0.00162209715286727	0.0027529305965804524	0.0035778828628958066	0.0042452599772183405	0.006210314813834691	0.009148627942171403	0.012133286703447179	0.014710103894859184	0.017676224402959337	0.01940955107488036	0.02077211268328887	0.025341792091080662	0.034703609944771764	0.0512397317774301	0.08577649744362123	0.1475737644045703	0.18521568747767878	0.24735591212237695	0.4148304913109817	0.6838576213956653	1.059739242784657	1.4934972905879527	1.9544138792935404	2.4883248398781554	2.782888413712264	3.1374510439492855	3.9063250944083716	4.715649613296673	5.369475264547825	5.8131883543064315	5.924584717638768	5.851080543797411	5.807376611935873	5.7334738656512405	5.356711677236406	4.685580566645808	4.057152322245265	3.4406534437632357	3.1280150730828917	2.857931262567198	2.3445514173745887	2.0303465643009044	1.965740751983848	1.8137548833234787	1.432617667159197	1.2097693257349977	1.0751630694267778	0.8953605518763816	0.8586548105886425	0.8349165773972534	0.7850023307218805	0.713361251324674	0.6594056654570147	0.6065531056533051	0.46381782532757326	0.2853500620058223	0.16447138217415336	0.10321172455529744	0.058543803528626724	0.04284190308887155	0.03370254427328796	0.02111507036703795	0.01512721459131077	0.010112617107303951	0.006256660446773755	0.003661305002186124	0.002447049419182624	0.002224590381075113	0.001547944140164766	0.0009176435321934842	0.0005561475952687783	0.00047272545597846154	0.0004449180762150226	0.0002966120508100151	0.00027807379763438914	0.00024099729128313724	0.0002502664178709502	0.0002224590381075113	0.00017611340516844644	0.00013903689881719457	0.00010196039246594267	0.0001297677722293816	9.26912658781297e-05	4.634563293906485e-05	6.48838861146908e-05	6.48838861146908e-05	3.7076506351251884e-05	9.26912658781297e-05	0.00014830602540500754	0.0005190710889175264	0.0008156831397275414	0.0004356489496272096	9.26912658781297e-05	2.7807379763438913e-05	0.0	0.0
209222_HY5CNBGXT_TCDM_2_H12_C14_4_1_o_ACACGC_S96_R1_001	0.00017887118522799198	0.0002407881339607584	0.0004609372850105947	0.000791161011585349	0.0016511186328737719	0.0032747186218663148	0.005317977930047607	0.006425603346267097	0.008867882990726217	0.01340845923112909	0.01750873716943229	0.02184980324169625	0.026569250667327113	0.030937835383472303	0.03292605740389114	0.033930487905556014	0.03759046754175954	0.045563994606345797	0.06139409449902309	0.09220809598502985	0.14672252951374556	0.1809350835190842	0.24186136107212636	0.4021368226973775	0.654723575222213	1.0058270728418504	1.3965642973114285	1.8199592724070557	2.3360989570433968	2.621714961886678	2.964439032444481	3.700803544401332	4.468284762926883	5.134648724510856	5.606146289110873	5.7844189438344475	5.783717218415477	5.748362640689067	5.68957593769779	5.314317950411404	4.630156305897246	4.028488676078043	3.480262252676188	3.201367676600897	2.9289537411596354	2.3976512837447372	2.067633946999092	2.0218498032416963	1.9113418090756489	1.5449723437628995	1.3144555436308099	1.170278488676078	0.9944962712237542	0.9981080932331654	0.9731899611987122	0.9025977599823881	0.8209843418916316	0.7498280084757423	0.7064792647018355	0.5662511351440601	0.36503481108450975	0.22341699001073226	0.1497151820358293	0.09620517900877845	0.0791161011585349	0.06889980461762844	0.05075125897795756	0.03655163873524313	0.024581028646908278	0.015658108368419604	0.009947989763064477	0.007457552491813203	0.006054101653870497	0.0037356559068769087	0.002256528798260822	0.0013346542282396325	0.0008186796554665787	0.0007086050799416605	0.000591650843446435	0.0004265389801590577	0.00039214067530752086	0.0004058999972481356	0.00037838135336690606	0.0002476677949310658	0.00017887118522799198	0.00011695423649522551	6.879660970307383e-05	6.191694873276646e-05	4.815762679215168e-05	3.4398304851536916e-05	3.4398304851536916e-05	5.5037287762459066e-05	0.00015823220231706982	0.0002476677949310658	0.0005434932166542833	0.0010801067723382593	0.0007567627067338121	0.00013759321940614766	5.5037287762459066e-05	2.063898291092215e-05	1.3759321940614766e-05
