Sample	1	2	3	4	5	6	7	8	9	10	12	14	16	18	20	22	24	26	28	30	32	34	36	38	40	42	44	46	48	50	52	54	56	58	60	62	64	66	68	70	72	74	76	78	80	82	84	86
209031_HY55YBGXT_TCDM_1_A01_A04_1_2_o_CAGCGT_S1_R1_001	0.001921898480887089	0.00022175751702543337	0.0	0.0	7.391917234181112e-05	0.04302095830293408	0.0020697368255707116	0.001182706757468978	7.391917234181112e-05	0.0	0.0	0.0	0.0	0.0	0.0	0.0	0.0	0.0	3.695958617090556e-05	0.0	0.0	0.000923989654272639	0.0007391917234181113	7.391917234181112e-05	3.695958617090556e-05	0.002513251859621578	0.0006652725510763001	0.001921898480887089	0.003030686066014256	0.0011457471712980724	0.003030686066014256	0.0026610902043052004	0.0015523026191780337	0.004287311995825045	0.009129017784213675	0.005802655028832173	0.008796381508675524	0.01940378273972542	0.022249670874885146	0.031009092797389767	0.05174342063926779	0.04830617912537357	0.04538637181787203	0.053665319120154875	0.037920535411349106	0.02239750921956877	0.02151047915146704	0.011974905919373401
209032_HY55YBGXT_TCDM_1_B01_A04_1_1_o_GATCAC_S2_R1_001	0.0014049383583295283	0.0	0.00023415639305492141	0.0	0.0	0.04027489960544648	0.0021074075374942925	0.003278189502768899	0.00023415639305492141	0.00011707819652746071	0.00023415639305492141	0.0	0.0	0.0	0.0	0.0	0.0	0.0	0.0	0.0	0.0	0.0005853909826373035	0.00035123458958238207	0.00011707819652746071	0.00011707819652746071	0.002341563930549214	0.00035123458958238207	0.0014049383583295283	0.0025757203236041353	0.0009366255722196857	0.002692798520131596	0.0024586421270766747	0.0018732511444393713	0.004331893271516046	0.008663786543032091	0.0038635804854062032	0.006790535398592719	0.014634774565932585	0.021659466357580228	0.03161111306241439	0.04811913877278634	0.0464800440214019	0.04659712221792935	0.05233395384777493	0.04027489960544648	0.019903293409668316	0.021425309964525307	0.01006872490136162
209033_HY55YBGXT_TCDM_1_C01_BLANK_ACCAGT_S3_R1_001	0.0	0.0	0.0	0.0	0.0	0.05592556815293101	0.0	0.005084142559357364	0.0	0.0	0.0	0.0	0.0	0.0	0.0	0.0	0.0	0.0	0.0	0.0	0.0	0.0	0.0	0.0	0.0	0.007626213839036046	0.0	0.005084142559357364	0.005084142559357364	0.002542071279678682	0.005084142559357364	0.002542071279678682	0.002542071279678682	0.012710356398393411	0.017794498957750773	0.005084142559357364	0.012710356398393411	0.043215211754537596	0.04575728303421628	0.06100971071228837	0.10676699374650465	0.11439320758554071	0.08897249478875388	0.11185113630586202	0.08643042350907519	0.043215211754537596	0.043215211754537596	0.020336570237429456
209034_HY55YBGXT_TCDM_1_D01_A04_1_3_i_TGCACG_S4_R1_001	0.0009335259508545262	0.00023338148771363156	0.0	0.00023338148771363156	0.00023338148771363156	0.04084176034988553	0.0014002889262817895	0.001633670413995421	0.0	0.0	0.0	0.0	0.0	0.0	0.0	0.0	0.0	0.0	0.00011669074385681578	0.0	0.0	0.0012835981824249737	0.0008168352069977106	0.0	0.00023338148771363156	0.002800577852563579	0.0007001444631408948	0.003150650084134026	0.003850794547274921	0.0019837426455658687	0.004667629754272632	0.0030339593402772106	0.0024505056209931314	0.007118135375265763	0.011319002154111132	0.0066513723998385	0.010735548434827052	0.020654261662656395	0.024271674722217685	0.035007223157044735	0.05589486630741476	0.05204407176013984	0.04959356613914671	0.05776191820912382	0.040374997374458266	0.024738437697644947	0.02532189141692903	0.014703033725958789
209035_HY55YBGXT_TCDM_1_E01_A04_1_3_o_ACATTA_S5_R1_001	0.0011912362075804097	0.0001323595786200455	0.00022059929770007586	0.0	0.0001323595786200455	0.042619784315654656	0.002338352555620804	0.002073633398380713	4.411985954001517e-05	0.0	4.411985954001517e-05	0.0	2.2059929770007584e-05	0.0	0.0	0.0	0.0	0.0	0.0001323595786200455	0.0	0.0	0.0009044571205703109	0.0004853184549401668	4.411985954001517e-05	0.00011029964885003793	0.002272172766310781	0.001014756769420349	0.002117753257920728	0.003639888412051251	0.0013897755755104778	0.0034192891143511755	0.0029780905189510237	0.002272172766310781	0.0046546451814716006	0.009485769801103262	0.005470862582961881	0.007963634646972736	0.01791266297324616	0.0206480942647271	0.029273526804800064	0.048156826687926556	0.04599495357046581	0.04370072087438502	0.04996574092906718	0.037237161451772804	0.0200745360907069	0.020758393913577134	0.011206444323163853
209036_HY55YBGXT_TCDM_1_F01_A27_1_2_i_GTGTAG_S6_R1_001	0.0015725128350744045	0.00013478681443494897	4.4928938144982984e-05	0.0	0.0	0.04124476521709439	0.0018870154020892856	0.0018420864639443024	0.00013478681443494897	8.985787628996597e-05	4.4928938144982984e-05	0.0	0.0	0.0	0.0	0.0	0.0	0.0	0.00013478681443494897	0.0	0.0	0.0008761142938271682	0.0004268249123773384	4.4928938144982984e-05	6.739340721747449e-05	0.0019319443402342684	0.0009435077010446428	0.002538485005191539	0.003189954608293792	0.0013703326134219811	0.0037740308041785712	0.002538485005191539	0.002268911376321641	0.004784931912440688	0.008783607407344175	0.005683510675340348	0.008019815458879464	0.017544750345615857	0.019521623623995107	0.02801319293339689	0.047826854655334386	0.04497386708312797	0.042682491237733836	0.04978126346464115	0.03544893219639157	0.020105699819879887	0.019925984067299955	0.010468442587781035
209037_HY55YBGXT_TCDM_1_G01_C17_1_2_o_CTAGTC_S7_R1_001	0.0012975357633294767	0.0003243839408323692	0.0	0.0	0.0	0.044332471913757124	0.0024869435463814975	0.0017300476844393023	0.0	5.4063990138728197e-05	0.0	0.0	5.4063990138728197e-05	0.0	0.0	0.0	0.0	0.0	0.0001621919704161846	0.0	0.0	0.0006487678816647384	0.00043251192110982557	0.0	0.0001621919704161846	0.0020003676351329435	0.0009731518224971075	0.0023247515759653127	0.0030816474379075074	0.0012434717731907487	0.0035141593590173326	0.002757263497075138	0.001621919704161846	0.004271055220959528	0.008596174432057783	0.005622654974427733	0.007352702658867036	0.017408604824670482	0.02097682817382654	0.027626698960890112	0.04708973541083226	0.04530562373625423	0.04108863250543343	0.05017138284873977	0.03746634516613864	0.02065244423299417	0.020922764183687815	0.010272158126358358
209038_HY55YBGXT_TCDM_1_H01_C17_1_2_i_TGTGCA_S8_R1_001	0.0016813745542685612	0.0002483848773351283	1.9106529025779102e-05	0.0	0.00021017181928357015	0.045034088913761344	0.001834226786474794	0.002006185547706806	9.55326451288955e-05	3.8213058051558205e-05	1.9106529025779102e-05	0.0	1.9106529025779102e-05	0.0	0.0	0.0	0.0	0.0	9.55326451288955e-05	0.0	0.0	0.0008597938061600597	0.0006496219868764895	2.8659793538668655e-05	4.776632256444775e-05	0.0026653607990961845	0.0008693470706729492	0.0023978693927352774	0.0033627491085371224	0.0015189690575494387	0.003687560101975367	0.003286322992434006	0.001996632283193916	0.005216082424037695	0.009419518809709098	0.005474020565885713	0.008464192358420141	0.018428247245363943	0.021217800483127693	0.029758418957650953	0.04815800640947623	0.04538755970073825	0.043734844940008365	0.050374363776466605	0.03681828143267633	0.02021470770927429	0.020959862341279674	0.011846047995983044
209039_HY55YBGXT_TCDM_1_A02_X1_54_2_o_TCAGGA_S9_R1_001	0.0014994195104466698	0.00011900154844814841	7.140092906888904e-05	0.0	9.520123875851872e-05	0.045030185932779354	0.001927825084860004	0.0018326238461014853	7.140092906888904e-05	3.570046453444452e-05	1.190015484481484e-05	0.0	0.0	0.0	0.0	0.0	0.0	0.0	0.00010710139360333358	0.0	0.0	0.000892511613361113	0.0005950077422407421	3.570046453444452e-05	2.380030968962968e-05	0.0021301277172218564	0.0007973103746025944	0.002153928026911486	0.0031535410338759326	0.0013804179619985215	0.003332043356548155	0.0027132353046177837	0.001785023226722226	0.004557759305564084	0.008758513965783723	0.005842976028804087	0.008294407926835943	0.018588041867600782	0.021539280269114863	0.03010739175738155	0.04905243827032677	0.046648606991674176	0.04424477571302158	0.05127776722630714	0.03727128497396008	0.02183678414023523	0.02195578568868338	0.011019543386298543
209040_HY55YBGXT_TCDM_1_B02_X9_27_1_i_CGGTTA_S10_R1_001	0.0006740838358066593	0.0003370419179033296	0.0	0.0	0.0	0.03538940137984961	0.0013481676716133185	0.0016852095895166482	0.0	0.0001685209589516648	0.0	0.0	0.0001685209589516648	0.0	0.0	0.0	0.0	0.0	0.0001685209589516648	0.0	0.0	0.0006740838358066593	0.0001685209589516648	0.0	0.0	0.0010111257537099888	0.0010111257537099888	0.0025278143842749723	0.0032018982200816316	0.0016852095895166482	0.004718586850646615	0.0020222515074199776	0.0015166886305649835	0.0035389401379849615	0.0074149221938732525	0.005392670686453274	0.006572317399114928	0.015503928223553162	0.018705826443634794	0.028648563021783018	0.049376640972837796	0.04566917987590116	0.042804323573722866	0.0546007907003394	0.03808573672307625	0.023255892335329743	0.02241328754057142	0.0091001317833899
209041_HY55YBGXT_TCDM_1_C02_X9_27_2_i_TTAACT_S11_R1_001	0.0	0.0	0.0	0.0	0.0	0.04104568775958954	0.0019545565599804545	0.0019545565599804545	0.0	0.0	0.0	0.0	0.0	0.0	0.0	0.0	0.0	0.0	0.0	0.0	0.0	0.0019545565599804545	0.0004886391399951136	0.0	0.0004886391399951136	0.0014659174199853407	0.0014659174199853407	0.0019545565599804545	0.006352308819936477	0.0009772782799902272	0.004886391399951136	0.003909113119960909	0.0034204739799657954	0.003909113119960909	0.008795504519912045	0.010261421939897385	0.013681895919863182	0.021011483019789886	0.024920596139750794	0.032738822379672614	0.048375274859516246	0.048863913999511364	0.04446616173955534	0.047886635719521134	0.038602492059613976	0.024431956999755682	0.024431956999755682	0.012704617639872955
209042_HY55YBGXT_TCDM_1_D02_X9_27_3_o_ATGAAC_S12_R1_001	0.0028593813442523573	0.0	0.0	0.0	0.0	0.04403447270148631	0.001143752537700943	0.0017156288065514143	0.0	0.0	0.0	0.0	0.0	0.0	0.0	0.0	0.0	0.0	0.0	0.0	0.0	0.0008578144032757071	0.00028593813442523577	0.0	0.0	0.002287505075401886	0.001143752537700943	0.0025734432098271217	0.0025734432098271217	0.0008578144032757071	0.0054328245540794795	0.0025734432098271217	0.0020015669409766505	0.004289072016378536	0.008578144032757072	0.004860948285229008	0.007720329629481365	0.022017236350743156	0.023732865157294565	0.03345476172775259	0.05604387434734621	0.05690168875062191	0.05204074046539291	0.058045441288322855	0.04231884389493489	0.02487661769499551	0.02344692702286933	0.009721896570458017
209043_HY55YBGXT_TCDM_1_E02_X11_57_2_o_CCTAAG_S13_R1_001	0.0006642152695119878	0.0002656861078047951	0.0	0.0	0.0	0.04516663832681517	0.001195587485121578	0.0021254888624383608	0.0002656861078047951	0.0	0.0	0.0	0.0	0.0	0.0	0.0	0.0	0.0	0.00019926458085359634	0.0	0.0	0.001129165958170379	0.0006642152695119878	0.0	0.0	0.002258331916340758	0.0009299013773167828	0.0020590673354871623	0.003852448563169529	0.0015276951198775718	0.0033874978745111373	0.0026568610780479513	0.0017269597007311683	0.005048036048291107	0.008966906138411836	0.006243623533412684	0.00823626934194865	0.01780096922292127	0.021719839313042	0.03108527461316103	0.04981614521339908	0.04556516748852236	0.04456884458425438	0.05227374171059343	0.03752816272742731	0.02052425182792042	0.020723516408774015	0.012885776228532562
209044_HY55YBGXT_TCDM_1_F02_X11_57_3_o_AATCCG_S14_R1_001	0.0	0.0	0.0	0.0	0.0	0.040425273881230545	0.0013475091293743515	0.0	0.0	0.0	0.0	0.0	0.0	0.0	0.0	0.0	0.0	0.0	0.0	0.0	0.0	0.0006737545646871757	0.0020212636940615276	0.0	0.0	0.0020212636940615276	0.0	0.0013475091293743515	0.0020212636940615276	0.0006737545646871757	0.0020212636940615276	0.002695018258748703	0.0013475091293743515	0.004042527388123055	0.006737545646871757	0.0033687728234358784	0.00471628195281023	0.01617010955249222	0.020212636940615272	0.026276428022799853	0.052552856045599707	0.04918408322216383	0.04177278301060489	0.04581531039872795	0.039751519316543374	0.023581409764051153	0.020212636940615272	0.010780073034994812
209045_HY55YBGXT_TCDM_1_G02_X9_27_2_o_GGCTGC_S15_R1_001	0.0013477800378052301	0.0001283600036004981	0.0001283600036004981	0.0	1.6045000450062262e-05	0.04413979623812129	0.0017809950499569113	0.0017168150481566623	0.00011231500315043584	1.6045000450062262e-05	0.0	0.0	8.022500225031131e-06	0.0	0.0	0.0	0.0	0.0	0.0001042925029254047	0.0	0.0	0.000906542525428518	0.0005856425164272726	5.615750157521792e-05	6.418000180024905e-05	0.0024388400684094637	0.0008744525245283933	0.002206187561883561	0.003112730087312079	0.0014440500405056035	0.0036903501035143206	0.002807875078760896	0.0019254000540074715	0.004901747637494022	0.009113560255635365	0.005182535145370111	0.007846005220080447	0.017023745477516058	0.019655125551326272	0.029097608316187917	0.0474932013321843	0.044484763747797626	0.04312093870954233	0.04940255638574171	0.03618949851511543	0.020120430564378077	0.020248790567978577	0.011022915309192775
209046_HY55YBGXT_TCDM_1_H02_X11_57_1_o_TACCTT_S16_R1_001	0.006310940014515162	0.0	0.0	0.0	0.0	0.006310940014515162	0.003155470007257581	0.0	0.0	0.0	0.0	0.0	0.0	0.0	0.0	0.0	0.0	0.0	0.0	0.0	0.0	0.0	0.0	0.0	0.0	0.0	0.0	0.0	0.0	0.0	0.0	0.0	0.0	0.0	0.0047332050108863715	0.0015777350036287904	0.0047332050108863715	0.009466410021772743	0.007888675018143953	0.014199615032659115	0.0331324350762046	0.02997696506894702	0.025243760058060647	0.0331324350762046	0.018932820043545486	0.009466410021772743	0.011044145025401533	0.003155470007257581
209047_HY55YBGXT_TCDM_1_A03_A27_1_1_i_TCTTAA_S17_R1_001	0.0015444866671431357	0.00012113620918769692	0.0	0.0	3.028405229692423e-05	0.04469926119026016	0.002271303922269317	0.001695906928627757	6.056810459384846e-05	3.028405229692423e-05	4.5426078445386344e-05	0.0	0.0	0.0	0.0	0.0	0.0	0.0	6.056810459384846e-05	0.0	0.0	0.0009539476473531133	0.0006662491505323331	6.056810459384846e-05	6.056810459384846e-05	0.002119883660784696	0.0008782375166108027	0.0021350256869331584	0.0031343994127316583	0.0015142026148462116	0.003119257386583196	0.0029829791512470368	0.0019987474515969993	0.004572891896835559	0.008827801244553414	0.0054359873872979	0.0078738535972003	0.01688335915553526	0.02019946288204846	0.028678997525187246	0.047879086681437207	0.04456298295492401	0.04363931935986781	0.049892976159182666	0.03590174399800368	0.019866338306782295	0.02012375275130615	0.010750838565408101
209048_HY55YBGXT_TCDM_1_B03_X1_54_2_i_GTCAGG_S18_R1_001	0.0	0.0	0.0	0.0	0.0	0.0588109495295124	0.0026732249786142	0.0	0.0	0.0	0.0	0.0	0.0	0.0	0.0	0.0	0.0	0.0	0.0	0.0	0.0	0.0	0.0	0.0013366124893071	0.0	0.0013366124893071	0.0013366124893071	0.0053464499572284	0.0066830624465355004	0.0026732249786142	0.0066830624465355004	0.0053464499572284	0.0040098374679213	0.0080196749358426	0.0106928999144568	0.0066830624465355004	0.0106928999144568	0.0280688622754491	0.0240590248075278	0.033415312232677505	0.054801112061591106	0.054801112061591106	0.050791274593669805	0.061484174508126606	0.0427715996578272	0.026732249786142002	0.0280688622754491	0.0106928999144568
209049_HY55YBGXT_TCDM_1_C03_X11_57_2_i_ATACTG_S19_R1_001	0.0070427494894006615	0.0	0.0	0.0	0.0	0.04929924642580463	0.0	0.0070427494894006615	0.0	0.0	0.0	0.0	0.0	0.0	0.0	0.0	0.0	0.0	0.0	0.0	0.0	0.0035213747447003308	0.0035213747447003308	0.0	0.0	0.0035213747447003308	0.0	0.0	0.0	0.0	0.0	0.0035213747447003308	0.0	0.0070427494894006615	0.0070427494894006615	0.0035213747447003308	0.0035213747447003308	0.014085498978801323	0.021128248468201986	0.03873512219170364	0.06338474540460595	0.05986337065990563	0.05986337065990563	0.06338474540460595	0.03873512219170364	0.031692372702302976	0.021128248468201986	0.0070427494894006615
209050_HY55YBGXT_TCDM_1_D03_X9_27_3_i_TATGTC_S20_R1_001	0.0	0.0	0.0	0.0	0.0	0.030234315948601664	0.0	0.0	0.0	0.0	0.0	0.0	0.0	0.0	0.0	0.0	0.0	0.0	0.0	0.0	0.0	0.007558578987150416	0.0	0.0	0.0	0.007558578987150416	0.007558578987150416	0.0	0.015117157974300832	0.0	0.007558578987150416	0.0	0.007558578987150416	0.015117157974300832	0.022675736961451247	0.015117157974300832	0.015117157974300832	0.045351473922902494	0.06802721088435373	0.06802721088435373	0.08314436885865457	0.11337868480725624	0.08314436885865457	0.10582010582010583	0.09070294784580499	0.052910052910052914	0.022675736961451247	0.06046863189720333
209051_HY55YBGXT_TCDM_1_E03_C17_1_3_i_GAGTCC_S21_R1_001	0.0	0.0	0.0	0.0	0.0	0.05429765977086388	0.005429765977086388	0.0	0.0	0.0	0.0	0.0	0.0	0.0	0.0	0.0	0.0	0.0	0.0	0.0	0.0	0.0	0.0	0.0	0.0	0.0	0.0	0.0	0.002714882988543194	0.0	0.005429765977086388	0.002714882988543194	0.0	0.0	0.0	0.002714882988543194	0.00814464896562958	0.019004180919802355	0.024433946896888742	0.03800836183960471	0.06787207471357985	0.05701254275940707	0.048867893793777484	0.07330184069066624	0.05701254275940707	0.029863712873975132	0.01357441494271597	0.005429765977086388
209052_HY55YBGXT_TCDM_1_F03_X11_57_3_i_GGAGGT_S22_R1_001	0.0013506004790833136	8.44125299427071e-05	8.44125299427071e-05	0.0	0.00012661879491406068	0.043029287138294944	0.0023002414409387687	0.0016249412013971116	6.330939745703034e-05	7.386096369986871e-05	3.165469872851517e-05	0.0	0.0	0.0	0.0	0.0	0.0	0.0	5.275783121419194e-05	0.0	0.0	0.0009179862631269398	0.0005486814446275961	3.165469872851517e-05	0.00012661879491406068	0.0021419679472961927	0.0008124706006985558	0.0021103132485676777	0.003102160475394486	0.0012872910816262833	0.003714151317479113	0.0029016807167805566	0.0020681069835963243	0.004547725050663346	0.008821109379012893	0.005486814446275962	0.008325185765599489	0.017294017072012117	0.020311765017463897	0.028700260180520416	0.047091640141787725	0.04418995942500717	0.04274439484973831	0.04900147363174148	0.0362551816103927	0.020280110318735382	0.020385625981163766	0.01139569154226546
209053_HY55YBGXT_TCDM_1_G03_X9_27_1_o_CACACT_S23_R1_001	0.0012338855609435224	0.0002127388898178487	4.254777796356974e-05	0.0	0.00012764333389070923	0.04301580352116901	0.0018295544524334988	0.0018295544524334988	0.0	0.0	6.382166694535461e-05	0.0	0.0	0.0	0.0	0.0	0.0	0.0	0.00010636944490892436	0.0	0.0	0.0008935033372349646	0.0004467516686174823	2.127388898178487e-05	2.127388898178487e-05	0.0021912105651238417	0.0007020383363989007	0.001765732785488144	0.003127261680322376	0.0008722294482531797	0.003148535569304161	0.0024252233439234754	0.00165936334057922	0.004105860573484481	0.008275542813914315	0.005020637799701229	0.007552230588533629	0.017572232298954302	0.01986981230898707	0.02903885846013635	0.04703656853872635	0.04395185463636755	0.04267542129746045	0.04897249243606877	0.035208286264853964	0.020188920643713842	0.020231468421677414	0.011019874492564563
209054_HY55YBGXT_TCDM_1_H03_A04_1_2_o_CCGCAA_S24_R1_001	0.0012754451303504922	0.0001342573821421571	0.0	0.0	0.0001342573821421571	0.04460701521673169	0.0024837615696299063	0.001980296386596817	6.712869107107855e-05	3.3564345535539274e-05	3.3564345535539274e-05	0.0	0.0	0.0	0.0	0.0	0.0	0.0	3.3564345535539274e-05	0.0	0.0	0.000688069083478555	0.000369207800890932	5.0346518303308904e-05	6.712869107107855e-05	0.0020138607321323566	0.0007551977745496336	0.0019467320410612777	0.0026515832973076025	0.0011411877482083352	0.003138266307572922	0.00229915766918444	0.001661435104009194	0.00412841450087133	0.007602324263799645	0.004917176620956504	0.007300245153979792	0.01654722234902086	0.01976939952043263	0.028814990642260466	0.047845974560911234	0.04432171827967961	0.04328122356807789	0.05036330047607667	0.03591384972302702	0.019584795619987164	0.019954003420878098	0.01057276884369487
209055_HY55YBGXT_TCDM_1_A04_X4_67_2_o_TTTATG_S25_R1_001	0.0015742540809956305	0.0001161334977783662	0.00012903721975374022	0.0	0.0001161334977783662	0.04533077529948893	0.0021936327358135837	0.0017161950227247446	5.161488790149608e-05	5.161488790149608e-05	1.935558296306103e-05	0.0	0.0	0.0	0.0	0.0	0.0	0.0	0.00010322977580299216	0.0	0.0	0.0008645493723500595	0.000580667488891831	1.935558296306103e-05	8.387419283993115e-05	0.0021871808748258966	0.0008000307624731893	0.0022129883187766443	0.003180767466929696	0.0014452168612418903	0.003619494014092413	0.003071085830139017	0.001948462018281477	0.004774377130888388	0.009058412826712563	0.0056969932521276296	0.00832935253510393	0.018594263366513965	0.021594378725788427	0.0302011612833629	0.048950269313581346	0.04689212565850919	0.0451501231918337	0.05167295465038527	0.03855632126241758	0.021781482694431347	0.0214072747571455	0.011432697670181383
209056_HY55YBGXT_TCDM_1_B04_C64_1_2_o_AACGCC_S26_R1_001	0.0019782393669634025	9.991107913956579e-05	9.991107913956579e-05	0.0	7.992886331165263e-05	0.04551948765598617	0.0022579903885541867	0.0019982215827913158	5.9946647483739474e-05	3.9964431655826316e-05	5.9946647483739474e-05	0.0	0.0	0.0	0.0	0.0	0.0	0.0	0.00011989329496747895	0.0	0.0	0.0009291730359979617	0.0005794842590094815	6.993775539769605e-05	5.9946647483739474e-05	0.0024578125468333184	0.0008292619568583961	0.0024078570072635355	0.0031971545324661053	0.0013188262446422684	0.003716692143991847	0.002937385726703234	0.0019083016115657063	0.005155411683601595	0.008882094935507399	0.005904744777148338	0.009071925985872573	0.018613434043701107	0.022120312921499866	0.03072265683541648	0.0495159308215688	0.04689826054811218	0.04508987001568604	0.05187383228926255	0.038445783252904916	0.021720668604941602	0.022529948345972085	0.012149187223371199
209057_HY55YBGXT_TCDM_1_C04_A04_1_1_i_CAAGCA_S27_R1_001	0.0018468430136556995	0.00014206484720428455	5.682593888171383e-05	0.0	7.103242360214228e-05	0.04516241492624207	0.0021309727080642683	0.0017331911358922716	7.103242360214228e-05	7.103242360214228e-05	4.97226965214996e-05	0.0	1.4206484720428457e-05	0.0	0.0	0.0	0.0	0.0	9.94453930429992e-05	0.0	0.0	0.0010015571727902061	0.0006819112665805659	4.261945416128537e-05	4.261945416128537e-05	0.0023014505247094096	0.0009163182644676355	0.0023440699788706953	0.003075703941972761	0.001434854956763274	0.0037292022391124694	0.003153839607935117	0.002052837042101912	0.005064611802832744	0.009106356705794641	0.005497909586805813	0.008665955679461358	0.018702837134444063	0.022218942102750106	0.030991446417614678	0.05007075539715009	0.04720104548362354	0.045538886771333414	0.052215934589934794	0.03855639953124283	0.02207687725554582	0.02239652316175546	0.011805588802676048
209058_HY55YBGXT_TCDM_1_D04_X4_67_3_i_GCTCGA_S28_R1_001	0.0014262595297907582	9.508396865271721e-05	9.508396865271721e-05	0.0	9.508396865271721e-05	0.045830472890609694	0.001331175561138041	0.0014262595297907582	0.00019016793730543442	9.508396865271721e-05	0.0	0.0	0.0	0.0	0.0	0.0	0.0	0.0	4.7541984326358606e-05	0.0	0.0	0.000855755717874455	0.0005229618275899447	0.0	0.0	0.002424641200644289	0.000855755717874455	0.0024721831849706475	0.00342302287149782	0.0014738015141171168	0.003232854934192385	0.0031853129498660266	0.00171151143574891	0.0051820762915730885	0.008937893053355418	0.005942748040794825	0.00851001519441819	0.017162656341815456	0.02139389294686137	0.029476030282342337	0.04801740416962219	0.04735181638905317	0.04402387748620807	0.05153551100977273	0.03846146532002412	0.02082338913494507	0.02087093111927143	0.01188549608158965
209059_HY55YBGXT_TCDM_1_E04_A04_1_2_i_GCGAAT_S29_R1_001	0.001709901260974457	0.00010881189842564727	4.663367075384883e-05	0.0	7.772278458974806e-05	0.046384957843161635	0.0018964359439898526	0.0019275250578257516	0.0001399010122615465	4.663367075384883e-05	3.1089113835899223e-05	0.0	7.772278458974806e-06	0.0	0.0	0.0	0.0	0.0	7.772278458974806e-05	0.0	0.0	0.000917128858159027	0.000559604049046186	4.663367075384883e-05	6.995050613077324e-05	0.0022150993608078197	0.000800544681274405	0.002355000373069366	0.0030156440420822245	0.0011425249334692964	0.0035597035342104606	0.002836881637525804	0.0018420299947770288	0.005075297833710548	0.008860397443231279	0.0056815355535105826	0.008759357823264606	0.01852133956773696	0.021840102469719205	0.030234163205411994	0.04934619593603104	0.04671916581689756	0.04448074962071281	0.05165456263834656	0.038255154575073995	0.021902280697391002	0.0219955480388987	0.01074128883030318
209060_HY55YBGXT_TCDM_1_F04_C17_1_1_i_TGGATT_S30_R1_001	0.001755734446696786	0.00014140143194873444	0.00010605107396155082	0.0	2.356690532478907e-05	0.04668603944840715	0.0020385373105942547	0.0019442696892950984	0.00011783452662394536	6.480898964316995e-05	3.535035798718361e-05	0.0	0.0	0.0	0.0	0.0	0.0	0.0	0.00013550970561753716	0.0	0.0	0.0009250010339979712	0.0006952237070812777	7.659244230556449e-05	7.659244230556449e-05	0.0024509581537780637	0.0008719754970171957	0.002280098090173343	0.003163857039852933	0.001384555687831358	0.0035527109777119532	0.0029281879866050425	0.0018912441523143233	0.005161152266128807	0.00903790819205661	0.005620706919962194	0.008319117579650544	0.01870033937522013	0.021475342477214044	0.031120098481383973	0.05037426013173664	0.04760514875607393	0.04587887294103313	0.05288413554882668	0.03929781462908578	0.02171690325679313	0.022135215826308136	0.011418165629860307
209061_HY55YBGXT_TCDM_1_G04_X4_67_2_i_ACCTAC_S31_R1_001	0.0017992755096313607	6.713714588176719e-05	5.370971670541375e-05	0.0	6.713714588176719e-05	0.0453041460410165	0.00214838866821655	0.0018798400846894814	4.028228752906031e-05	4.028228752906031e-05	7.38508604699439e-05	0.0	0.0	0.0	0.0	0.0	0.0	0.0	0.00012084686258718095	0.0	0.0	0.0009667749006974476	0.0006780851734058486	7.38508604699439e-05	8.727828964629734e-05	0.002591493831036213	0.0010070571882265077	0.00257806640185986	0.003470990442087364	0.0017119972199850632	0.004034942467494208	0.0032628652898538855	0.0021416749536283734	0.005431395101834965	0.009842305586267069	0.006109480275240815	0.00914407926909669	0.019442917447359778	0.023007899893681613	0.03216540659195466	0.0516486063268435	0.04882884619980928	0.046411908948065655	0.052608667512952775	0.0396511983577717	0.022188826713924054	0.022598363303802833	0.012326379983892456
209062_HY55YBGXT_TCDM_1_H04_X4_67_1_i_CGAAGG_S32_R1_001	0.001694770418333659	0.00012251352421689102	7.146622245985308e-05	0.0	3.0628381054222754e-05	0.04470722687881381	0.0023685948015265594	0.002031682609930109	9.188514316266825e-05	6.636149228414929e-05	1.5314190527111377e-05	0.0	1.0209460351407583e-05	0.0	0.0	0.0	0.0	0.0	0.00010209460351407583	0.0	0.0	0.0007912331772340878	0.0005666250495031209	6.636149228414929e-05	6.636149228414929e-05	0.002235871816958261	0.0008269662884640142	0.002256290737661076	0.002838229977691308	0.001470162290602692	0.0034916354401813934	0.0027208211836501207	0.0018734359744832915	0.004594257158133413	0.008575946695182371	0.005359966684488981	0.008259453424288734	0.018223886727262537	0.021138687657589403	0.029811624226110143	0.0491483421316761	0.04666744326628407	0.04445199037002862	0.05090436931211821	0.03787709790372214	0.020898765339331323	0.021005964673021103	0.010740352289680778
209063_HY55YBGXT_TCDM_1_A05_C64_1_2_i_AGATAG_S33_R1_001	0.001493699433532272	4.741902963594514e-05	7.112854445391771e-05	0.0	4.741902963594514e-05	0.04362550726506953	0.0018256326409838877	0.0018967611854378056	9.483805927189028e-05	4.741902963594514e-05	3.556427222695886e-05	0.0	0.0	0.0	0.0	0.0	0.0	0.0	7.112854445391771e-05	0.0	0.0	0.0008416877760380263	0.0005571735982223553	0.0	3.556427222695886e-05	0.002453934783660161	0.0009365258353099165	0.0024302252688421884	0.0034141701337880503	0.0013514423446244364	0.0036986843116037214	0.003022963139291503	0.0019678897298917235	0.004919724324729309	0.009116308447510452	0.005476897922951664	0.007871558919566894	0.017568750480117676	0.02094735634167877	0.028996736622380455	0.04783394614525966	0.044324937952199724	0.04380332862620433	0.04993223820665023	0.03610959106777223	0.01999897574895986	0.020461311287910327	0.011593952745988586
209064_HY55YBGXT_TCDM_1_B05_C64_1_1_o_TTGGTA_S34_R1_001	0.0015917877899264592	0.0001031714308285668	4.4216327497957205e-05	0.0	0.0001031714308285668	0.044761662203765346	0.0021813388232325556	0.0019897347374080742	5.8955103330609606e-05	6.63244912469358e-05	3.6846939581631004e-05	0.0	0.0	0.0	0.0	0.0	0.0	0.0	9.58020429122406e-05	0.0	0.0	0.000847479610377513	0.0005379653178918126	2.2108163748978602e-05	7.369387916326201e-05	0.002313987805726427	0.0007885245070469035	0.0018791939186631813	0.0026382408740447797	0.0011938408424448446	0.0029109082269488497	0.0025719163827978442	0.0016728510570060476	0.004362677646465111	0.008482165491691456	0.0052691123601732335	0.007656794045062923	0.01706750241421148	0.020007888192825635	0.029573353708217048	0.047996823499032545	0.04515960915124696	0.04336884788757969	0.049868648029779396	0.03644899263414939	0.020170014726984813	0.020612178001964385	0.011083559426154606
209065_HY55YBGXT_TCDM_1_C05_X5_31_3_i_GTTACC_S35_R1_001	0.00158026564265453	0.00022872265880526094	0.0001247578138937787	0.0	0.0	0.045307879412423965	0.0021208828361942377	0.0016426445496014195	0.00014555078287607515	5.198242245574113e-05	5.198242245574113e-05	0.0	0.0	0.0	0.0	0.0	0.0	0.0	5.198242245574113e-05	0.0	0.0	0.0010916308715705637	0.0006237890694688936	1.0396484491148225e-05	6.237890694688935e-05	0.0021624687741588306	0.0009252871197121921	0.0022768301035614616	0.003316478552676284	0.0012267851699554904	0.003659562540884175	0.00304616995590643	0.001892160177388977	0.004927933648804259	0.009481593855927182	0.005780445377078413	0.008837011817475992	0.01831860567340317	0.021718256102008643	0.030316148776188226	0.04884268413941436	0.04584849660596368	0.04426823096330914	0.051005152913573194	0.03801994378412906	0.02115684593948664	0.021437551020747642	0.011976750133802755
209066_HY55YBGXT_TCDM_1_D05_X4_67_3_o_CGCAAC_S36_R1_001	0.002552241186792152	0.0	0.0	0.0	0.000319030148349019	0.0370074972084862	0.0015951507417450949	0.0038283617801882276	0.0	0.0	0.0	0.0	0.0	0.0	0.0	0.0	0.0	0.0	0.0001595150741745095	0.0	0.0	0.000638060296698038	0.00047854522252352845	0.0	0.0	0.0015951507417450949	0.00047854522252352845	0.001276120593396076	0.0019141808900941138	0.0014356356675705854	0.002552241186792152	0.0019141808900941138	0.0015951507417450949	0.0031903014834901897	0.007656723560376455	0.004306907002711757	0.006859148189503909	0.016908597862498008	0.021055989791035252	0.02871271335141171	0.0470569468814803	0.04817355240070187	0.04498325091721168	0.052959004625937146	0.04083585898867443	0.02233211038443133	0.023289200829478385	0.009889934598819589
209067_HY55YBGXT_TCDM_1_E05_X5_31_2_i_TGGCGA_S37_R1_001	0.0016249638157946771	0.00012942189683320436	7.190105379622465e-05	0.0	0.00011504168607395944	0.0456715493713619	0.0019700888740165554	0.0019700888740165554	5.752084303697972e-05	7.190105379622465e-05	1.438021075924493e-05	0.0	1.438021075924493e-05	0.0	0.0	0.0	0.0	0.0	9.347136993509204e-05	0.0	0.0	0.0008987631724528081	0.0005680183249901747	7.909115917584711e-05	0.00010066147531471451	0.0021570316138867394	0.0008987631724528081	0.002228932667682964	0.00306298489171917	0.0013517398113690234	0.003551912057533498	0.002983893732543323	0.0019125680309795756	0.004889271658143276	0.00895168119762997	0.0056514228283832575	0.008678457193204314	0.018751794830055388	0.02210957404233908	0.030967783870033953	0.05035230797349612	0.0477854403529709	0.04605262495648189	0.05263876148421606	0.03836640230566547	0.021944201618607762	0.022303706887588887	0.01125970502448878
209068_HY55YBGXT_TCDM_1_F05_C17_1_1_o_ACCGTG_S38_R1_001	0.0	0.0032369792509630013	0.0	0.0	0.0	0.04855468876444502	0.0	0.0	0.0	0.0	0.0	0.0	0.0	0.0	0.0	0.0	0.0	0.0	0.0	0.0	0.0	0.0016184896254815007	0.0016184896254815007	0.0	0.0	0.0032369792509630013	0.0016184896254815007	0.0032369792509630013	0.0032369792509630013	0.0016184896254815007	0.004855468876444502	0.0032369792509630013	0.0016184896254815007	0.009710937752889004	0.008092448127407503	0.008092448127407503	0.008092448127407503	0.014566406629333508	0.02104036513125951	0.02751432363318551	0.04208073026251902	0.04208073026251902	0.033988282135111514	0.04531770951348202	0.035606771760593015	0.017803385880296507	0.02589583400770401	0.016184896254815007
209069_HY55YBGXT_TCDM_1_G05_A20_1_1_o_CAACAG_S39_R1_001	0.0015647024001230899	0.0002607837333538483	0.0002607837333538483	0.0	0.0	0.04602832893695423	0.0019558780001538625	0.0014343105334461658	0.00013039186667692415	6.519593333846207e-05	0.0	0.0	0.0	0.0	0.0	0.0	0.0	0.0	0.0	0.0	0.0	0.0007171552667230829	0.0006519593333846207	0.0	6.519593333846207e-05	0.0013039186667692414	0.0007823512000615449	0.002151465800169249	0.0029338170002307937	0.0016298983334615518	0.0033901885336000285	0.0028686210668923315	0.0019558780001538625	0.004498519400353884	0.008019099800630836	0.005932829933800049	0.008084295733969297	0.018450449134784767	0.021123482401661717	0.03005532526903102	0.048831754070508104	0.045311173670231145	0.04446362653683114	0.04954890933723118	0.038400404736354164	0.02066711086829248	0.02008034746824632	0.00938821440073854
209070_HY55YBGXT_TCDM_1_H05_C17_1_3_o_GATTGT_S40_R1_001	0.0015344175202409297	0.00019031535134771222	7.136825675539208e-05	0.0	5.947354729616006e-05	0.04370116255321842	0.002081574155365602	0.001784206418884802	5.947354729616006e-05	5.947354729616006e-05	4.7578837836928055e-05	0.0	0.0	0.0	0.0	0.0	0.0	0.0	7.136825675539208e-05	0.0	0.0	0.0007791034695796968	0.0005233672162062086	1.784206418884802e-05	7.136825675539208e-05	0.0018793640945586581	0.0007434193412020008	0.0020102058986102103	0.002741730530352979	0.0010883659155197292	0.003146150651966867	0.002521678405357187	0.0016831013884813298	0.004323726888430837	0.008284665138355098	0.0051266197769289975	0.007660192891745417	0.017401959938856435	0.020678952394874855	0.02877330218188224	0.04738257513085072	0.044849002016034305	0.04287448024580179	0.04996967443823369	0.03690333609726732	0.02076221536108948	0.020786004780007944	0.010812290898441901
209071_HY55YBGXT_TCDM_1_A06_A20_1_1_i_CTCTCG_S41_R1_001	0.0015388901495205995	0.00015969614759176032	7.258915799625469e-05	0.0	0.00010162482119475655	0.04452618951490263	0.0021341212450898877	0.001655032802314607	4.3553494797752814e-05	7.984807379588016e-05	2.1776747398876407e-05	0.0	1.4517831599250938e-05	0.0	0.0	0.0	0.0	0.0	0.00013791940019288392	0.0	0.0	0.0010960962857434458	0.0007767039905599252	3.6294578998127345e-05	5.807132639700375e-05	0.0023954422138764047	0.0009726947171498129	0.002264781729483146	0.0030632624674419478	0.001204980022737828	0.003614940068213483	0.0029471198146479405	0.0021268623292902624	0.0050376875649400755	0.009226081981323972	0.005807132639700376	0.008674404380552435	0.018684449268235957	0.02146461401949251	0.030487446358426974	0.0503042864914045	0.04695792630777716	0.04534644700026031	0.05231500616790075	0.03808027228483521	0.02155897992488764	0.02160979233548502	0.011396497805411987
209072_HY55YBGXT_TCDM_1_B06_A20_1_2_o_TGACAC_S42_R1_001	0.001974636552952917	0.0	0.0	0.0	0.0001518951194579167	0.043897689523337925	0.001518951194579167	0.0018227414334950004	0.0	0.0001518951194579167	7.594755972895836e-05	0.0	0.0	0.0	0.0	0.0	0.0	0.0	7.594755972895836e-05	0.0	0.0	0.0009113707167475002	0.0005316329181027085	0.0	0.0001518951194579167	0.0022784267918687503	0.001063265836205417	0.0015948987543081253	0.003341692628074167	0.0017467938737660421	0.002810059709971459	0.0026581645905135423	0.0020505841126818754	0.004329010904550626	0.008961812048017085	0.0059998572185877095	0.008582074249372294	0.01845525701413688	0.021948844761668963	0.030834709249957088	0.04761911995005688	0.04465716512062751	0.04298631880659043	0.05020133698084148	0.03706240914773167	0.020277998447631878	0.021948844761668963	0.01063265836205417
209073_HY55YBGXT_TCDM_1_C06_X5_31_1_o_AAGACA_S43_R1_001	0.003267742480107618	0.0	0.0	0.0	0.0	0.025052692347491735	0.0021784949867384115	0.0027231187334230147	0.0	0.0	0.0	0.0	0.0	0.0	0.0	0.0	0.0	0.0	0.00027231187334230143	0.0	0.0	0.0010892474933692057	0.0005446237466846029	0.0	0.0	0.0021784949867384115	0.0013615593667115073	0.0035400543534499194	0.0038123662267922206	0.001633871240053809	0.005718549340188331	0.004084678100134522	0.0024508068600807135	0.006535484960215236	0.010347851187007455	0.004901613720161427	0.009530915566980552	0.018789519260618802	0.02205726174072642	0.030771241687680067	0.05037769656832577	0.051466944061694976	0.045476082848164345	0.04983307282164117	0.039212909761291416	0.02232957361406872	0.02205726174072642	0.011437098680376663
209074_HY55YBGXT_TCDM_1_D06_X4_67_1_o_ACAGAT_S44_R1_001	0.001106990645929042	0.000553495322964521	0.0	0.0	0.0	0.030442242763048653	0.001106990645929042	0.001106990645929042	0.0	0.0	0.0	0.0	0.0	0.0	0.0	0.0	0.0	0.0	0.0	0.0	0.0	0.0002767476614822605	0.0002767476614822605	0.0	0.0	0.0013837383074113024	0.0008302429844467814	0.0038744672607516463	0.0027674766148226048	0.0033209719377871256	0.006641943875574251	0.0033209719377871256	0.0038744672607516463	0.004981457906680688	0.009132672828914596	0.00608844855260973	0.008025682182985553	0.01854209331931145	0.02324680356450988	0.02684452316377927	0.05036807438977141	0.04234239220678585	0.04012841091492777	0.049814579066806884	0.0357004483312116	0.020202579288205014	0.022416560580063097	0.008855925167432336
209075_HY55YBGXT_TCDM_1_E06_A27_1_2_o_TAGGCT_S45_R1_001	0.0018140170748479937	0.0004947319295039983	0.0	0.0	0.00016491064316799943	0.043701320439519846	0.001978927718015993	0.0014841957885119948	0.0	0.0	8.245532158399971e-05	0.0	0.0	0.0	0.0	0.0	0.0	0.0	0.0	0.0	0.0	0.0009894638590079966	0.0007420978942559974	8.245532158399971e-05	8.245532158399971e-05	0.0023912043259359914	0.000824553215839997	0.002061383039599993	0.0035455788281119876	0.0013192851453439954	0.003298212863359988	0.0036280341496959874	0.0013192851453439954	0.005277140581375982	0.00874026408790397	0.005524506546127981	0.008575353444735971	0.01764543881897594	0.020119098466495927	0.0287769072328159	0.04889600569931183	0.04485569494169584	0.04493815026327984	0.05071002277415982	0.037352260677551874	0.020531375074415926	0.020861196360751927	0.011049013092255961
209076_HY55YBGXT_TCDM_1_F06_X5_31_3_o_CTCCAT_S46_R1_001	0.00071974549799191	0.0	0.0	0.0	0.0	0.03166880191164404	0.0	0.0035987274899595503	0.0	0.0	0.0	0.0	0.0	0.0	0.0	0.0	0.0	0.0	0.000359872748995955	0.0	0.0	0.0010796182469878651	0.00071974549799191	0.0	0.0	0.0010796182469878651	0.000359872748995955	0.00287898199196764	0.0017993637449797751	0.000359872748995955	0.00287898199196764	0.002519109242971685	0.0021592364939757303	0.00503821848594337	0.00791720047791101	0.00575796398393528	0.008277073226906967	0.016194273704817977	0.02015287394377348	0.028789819919676402	0.043184729879514605	0.040665620636542915	0.04426434812650247	0.047503202867466066	0.03382803840561978	0.02087261944176539	0.020512746692769437	0.00791720047791101
209077_HY55YBGXT_TCDM_1_G06_X5_31_2_o_GCATGG_S47_R1_001	0.0010780973737547976	0.0	0.0	0.0	0.0	0.0436629436370693	0.00431238949501919	0.0026952434343869938	0.0	0.0002695243434386994	0.0	0.0	0.0	0.0	0.0	0.0	0.0	0.0	0.0	0.0	0.0	0.0008085730303160981	0.0	0.0	0.0	0.0016171460606321962	0.0008085730303160981	0.0013476217171934969	0.0024257190909482943	0.0010780973737547976	0.0037733408081417914	0.0018866704040708957	0.0013476217171934969	0.0016171460606321962	0.006199059899090086	0.0037733408081417914	0.007277157272844884	0.015632411919444564	0.019944801414463753	0.027761007374186034	0.048783906162404585	0.04015912717236621	0.0428543706067532	0.05013152787959809	0.03692483505110181	0.02210099616197335	0.02102289878821855	0.00862477899003838
209078_HY55YBGXT_TCDM_1_H06_C64_1_3_i_AATAGC_S48_R1_001	0.0014147641247144892	0.00013895004796303018	5.052729016837462e-05	0.0	7.579093525256192e-05	0.04397137426902801	0.00197056431656661	0.001894773381314048	0.00011368640287884289	5.052729016837462e-05	2.526364508418731e-05	0.0	0.0	0.0	0.0	0.0	0.0	0.0	6.315911271046827e-05	0.0	0.0	0.000947386690657024	0.0006063274820204954	4.4211378897327786e-05	3.157955635523414e-05	0.0022926757913899983	0.0007894889088808535	0.002191621211053249	0.0027853168705316506	0.001136864028788429	0.003176903369336554	0.002589523621129199	0.0017179278657247369	0.004907463057603385	0.008608587062436826	0.005280101822595147	0.00840016199049228	0.018044558501380786	0.021253041427072572	0.029659519328835898	0.04874620318993941	0.04592930676305253	0.044021901559196386	0.05074203115159021	0.03738387881332617	0.020653029856323123	0.02115830275800687	0.01061073093535867
209079_HY55YBGXT_TCDM_1_A07_A20_1_2_i_GTGCCA_S49_R1_001	0.001576278162713744	0.00013258414452732426	0.00010312100129902998	0.0	0.00014731571614147142	0.043251894259136	0.0021508094556654824	0.0018709095949966867	0.00010312100129902998	5.156050064951499e-05	3.6828929035367856e-05	0.0	7.3657858070735705e-06	0.0	0.0	0.0	0.0	0.0	9.575521549195641e-05	0.0	0.0	0.0008838942968488284	0.0005524339355305178	7.365785807073571e-05	8.838942968488285e-05	0.0022097357421220713	0.0009207232258841962	0.00237178302987769	0.0030052406092860168	0.0014805229472217875	0.003682892903536785	0.002880022250565766	0.002172906813086703	0.004692005559105864	0.009229329616263183	0.0057158497862890905	0.008529579964591194	0.017965151583452438	0.02150072877084775	0.02980933516122674	0.04908559661833828	0.04565314043224199	0.043929546553386774	0.05095650621333496	0.03759497075930351	0.02108824476565163	0.02125029205340725	0.011932573007459184
209080_HY55YBGXT_TCDM_1_B07_A20_1_3_i_TCGAGG_S50_R1_001	0.0015924887249052608	0.00010982680861415591	6.864175538384744e-05	0.0	9.609845753738641e-05	0.04592133435179394	0.0018807840975174198	0.0020729810125921927	6.864175538384744e-05	6.177757984546269e-05	3.432087769192372e-05	0.0	0.0	0.0	0.0	0.0	0.0	0.0	9.609845753738641e-05	0.0	0.0	0.0010364905062960963	0.000700145904915244	4.1185053230308466e-05	9.609845753738641e-05	0.00241618978951143	0.000858021942298093	0.0022171286988982722	0.0030476939390428263	0.0012767366501395625	0.0035350504022681434	0.002999644710274133	0.0018121423421335724	0.0049490705631754	0.009088168412821401	0.005731586574551262	0.008669453704979933	0.018238114405488264	0.021409363504222016	0.03045634686381311	0.049490705631754006	0.046642072783324336	0.045001534829650386	0.05127539127173404	0.03817168016895756	0.0213269933977614	0.021896719967447333	0.011929937085712685
209081_HY55YBGXT_TCDM_1_C07_A20_1_3_o_CACTAA_S51_R1_001	0.0014985685033490825	8.729525262227664e-05	0.00013094287893341498	1.454920877037944e-05	2.909841754075888e-05	0.04476791538645754	0.0017604542612159122	0.0020368892278531214	0.00011639367016303552	5.0922230696328046e-05	5.0922230696328046e-05	0.0	0.0	0.0	0.0	0.0	0.0	0.0	4.364762631113832e-05	0.0	0.0	0.000982071592000612	0.0006037921639707468	5.0922230696328046e-05	5.0922230696328046e-05	0.0023715210295718486	0.0009166001525339047	0.0022915003813347616	0.0031062560724760104	0.0013967240419564262	0.0036300275882096703	0.0027425258532165248	0.0019132209533048964	0.005063124652092046	0.009311493613042841	0.005608719980981274	0.008744074470998044	0.019248603203212	0.022187543374828644	0.030604260648493153	0.049620076511379084	0.04732857613004432	0.045662691725835876	0.051707887969928534	0.038606325472201844	0.021940206825732198	0.022514900572162183	0.011886703565400003
209082_HY55YBGXT_TCDM_1_D07_A27_1_3_o_GGTATA_S52_R1_001	0.001668902024060269	9.27167791144594e-05	5.298101663683394e-05	2.649050831841697e-05	0.00013245254159208484	0.04672925667368753	0.0021722216821101915	0.0017351282948563115	7.94715249552509e-05	8.609415203485516e-05	3.311313539802121e-05	0.0	0.0	0.0	0.0	0.0	0.0	0.0	9.933940619406363e-05	0.0	0.0	0.0010265071973386574	0.0006423948267216114	5.298101663683394e-05	3.973576247762545e-05	0.0021788443091897954	0.0008675641474281558	0.0019205618530852304	0.003066276337856764	0.001337770670080057	0.0031854836252896406	0.0028079938817521985	0.0017549961760951241	0.004443782770414447	0.008821339270032851	0.0055894972551859805	0.008371000628619762	0.017708904810861743	0.021179161400574367	0.029914406518572363	0.0485504791205787	0.04600739032201067	0.04404047007936821	0.05072270080268889	0.037053598510385734	0.021172538773494762	0.020940746825708616	0.010887598918869375
209083_HY55YBGXT_TCDM_1_E07_A27_1_1_o_CGCCTG_S53_R1_001	0.0013781395267832332	0.0001817326848505362	3.02887808084227e-05	0.0	3.02887808084227e-05	0.045206005356570884	0.0018627600197179963	0.00168102733486746	0.0001211551232336908	3.786097601052838e-05	4.543317121263405e-05	0.0	0.0	0.0	0.0	0.0	0.0	0.0	5.3005366414739734e-05	0.0	0.0	0.000863230253040047	0.0006209200065726654	5.3005366414739734e-05	6.814975681895108e-05	0.00224136977982328	0.0008480858626358358	0.0021277868517916953	0.0026729849063433036	0.0011812624515284856	0.0032787605225117577	0.0026351239303327753	0.0017340327012822	0.0048462049293476325	0.008458142040752039	0.005133948347027649	0.008094676671050967	0.017923386043384136	0.02071752607296113	0.029448267140988974	0.04809858392377526	0.04513785559975193	0.04332810094644868	0.05014307662834378	0.03674029112061674	0.020482788021695855	0.02059637094972744	0.010813094748606904
209084_HY55YBGXT_TCDM_1_F07_X5_31_1_i_AATGAA_S54_R1_001	0.0014633980699910619	0.00017049297902808487	7.103874126170204e-05	0.0	9.945423776638285e-05	0.043859318854974835	0.0019038382658136145	0.001818591776299572	0.00011366198601872325	4.262324475702122e-05	7.103874126170203e-06	0.0	0.0	0.0	0.0	0.0	0.0	0.0	9.945423776638285e-05	0.0	0.0	0.0010300617482946796	0.0006038293007244673	5.6830993009361624e-05	7.814261538787224e-05	0.0023229668392576565	0.0009519191329068073	0.002152473860229572	0.003068873622505528	0.0013142167133414877	0.0032038472309027614	0.0027491992868278687	0.0019961886294538275	0.0048874653988051	0.008815907790577223	0.005427359832394035	0.00802027388844616	0.01770995819654232	0.02097774029458061	0.029168507162054855	0.04830634405795738	0.04530140530258738	0.0439161498479842	0.05023149394614951	0.03669861373579527	0.020473365231622527	0.02098484416870678	0.011437237343134028
209085_HY55YBGXT_TCDM_1_G07_X11_57_1_i_ACAACG_S55_R1_001	0.0014588010971900486	0.00011441577232863126	0.00012871774386971017	0.0	0.00010011380078755237	0.04449343346429649	0.0018020484141759426	0.001873558271881337	8.581182924647346e-05	6.435887193485508e-05	3.5754928852697276e-05	0.0	0.0	0.0	0.0	0.0	0.0	0.0	8.581182924647346e-05	0.0	0.0	0.0010869498371219972	0.0006364377335780115	2.8603943082157815e-05	4.290591462323673e-05	0.0021309937596207572	0.001022590965187142	0.0022025036173261518	0.0031392827532668206	0.0013944422252551937	0.0035182849991054112	0.002674468678181756	0.0020809368592269815	0.005027142996689236	0.008881524327010002	0.005563466929479696	0.00850967306694195	0.01812774892831752	0.02108110605155031	0.029569326161180645	0.048490834510028044	0.0456733461164355	0.043856995730718475	0.050564620383484485	0.03750692036647944	0.021317088581978116	0.021846261528998035	0.011255651602829101
209086_HY55YBGXT_TCDM_1_H07_X2_45_2_i_ATATCC_S56_R1_001	0.001504769177812931	0.000172421468291065	6.269871574220544e-05	0.0	7.837339467775682e-05	0.04559764102351892	0.0022414790877838446	0.0017712387197173038	9.404807361330819e-05	6.269871574220544e-05	4.7024036806654095e-05	0.0	0.0	0.0	0.0	0.0	0.0	0.0	6.269871574220544e-05	0.0	0.0	0.0009639927545364088	0.0006504991758253815	9.404807361330819e-05	9.404807361330819e-05	0.0023198524824616018	0.0008777820203908763	0.002382551198203807	0.0032603332185946834	0.0013088356911185386	0.003707061568257897	0.00304872505296474	0.002006358903750574	0.005274529461813034	0.009208873874636425	0.005486137627442977	0.00837027855158443	0.018300187657256217	0.021779966380948618	0.029977823464241982	0.048058565616400484	0.046083556070521	0.04428880533240037	0.05059002626449202	0.037838674950420995	0.02134107537075318	0.021599707573189776	0.01159926241230801
209087_HY55YBGXT_TCDM_1_A08_X2_45_2_o_AGTACT_S57_R1_001	0.0015950649197751972	7.595547237024748e-05	0.00011393320855537122	0.0	3.797773618512374e-05	0.04535807625043279	0.0020254792632065995	0.0019115460546512283	2.5318490790082495e-05	5.696660427768561e-05	6.329622697520623e-05	0.0	0.0	0.0	0.0	0.0	0.0	0.0	5.063698158016499e-05	0.0	0.0	0.0008924768003504079	0.0005823252881718973	3.797773618512374e-05	8.861471776528874e-05	0.0024495639839404813	0.0008291805733752017	0.0023166419072925483	0.0032724149346181623	0.0013418800118743723	0.0035762368240991518	0.003012900404019817	0.0019621830362313935	0.0049117872132760036	0.009076678948244574	0.005671341936978479	0.008576638755140446	0.018539464881037904	0.022343568122247803	0.030958184613573372	0.04997237119692532	0.047199996455411286	0.04453522529975511	0.051744665552231096	0.038243580338419604	0.021508057926175078	0.022065064723556894	0.011355343119352
209088_HY55YBGXT_TCDM_1_B08_X2_45_1_i_ATAAGA_S58_R1_001	0.0015236016871268089	0.00014626576196417366	8.532169447910131e-05	0.0	9.751050797611577e-05	0.044379469942629694	0.0018039443975581418	0.0017551891435700839	7.313288098208683e-05	4.2660847239550653e-05	4.8755253988057884e-05	0.0	6.0944067485072355e-06	0.0	0.0	0.0	0.0	0.0	0.00010360491472462301	0.0	0.0	0.0008471225380425058	0.000566779827611173	4.2660847239550653e-05	7.922728773059406e-05	0.0022366472767021556	0.000725234403072361	0.002254930496947677	0.0029740704932715314	0.0012859198239350267	0.0034738118466491248	0.0028765599852954155	0.0018466052447976926	0.004790203704326687	0.008891739446072057	0.00566779827611173	0.008300581991466856	0.01799068872159336	0.02150106700873353	0.030654865944991398	0.049687698220579495	0.04710366975921243	0.044946249770240865	0.051601341939610766	0.03818145827939783	0.02145231175474547	0.021549822262721587	0.01131121892522943
209089_HY55YBGXT_TCDM_1_C08_X2_45_3_o_GGTGAG_S59_R1_001	0.001504416426581521	0.0001542991206750278	7.71495603375139e-05	0.0	6.429130028126158e-05	0.0449267606365456	0.0018901642282690904	0.0016072825070315394	0.00010286608045001854	4.5003910196883104e-05	1.9287390084378475e-05	0.0	0.0	0.0	0.0	0.0	0.0	0.0	7.71495603375139e-05	0.0	0.0	0.0009065073339657883	0.0005400469223625973	7.072043030938775e-05	6.429130028126158e-05	0.0024044946305191834	0.0008743616838251575	0.002320915940153543	0.003098840673556808	0.001427266866244007	0.0035681671656100176	0.002803100692263005	0.001838731188044081	0.004699694050560222	0.008891486828898476	0.0054068983536540985	0.008229286436001482	0.018284445799990792	0.02101682606194441	0.02992117115089914	0.048893533863899434	0.04596827970110203	0.044740315865729935	0.050468670720790344	0.037456111543863	0.020785377380931867	0.02128684952312571	0.011122394948658253
209090_HY55YBGXT_TCDM_1_D08_X2_45_3_i_TTCCGC_S60_R1_001	0.0014602938508427822	0.00016355291129439161	3.5047052420226774e-05	0.0	8.177645564719581e-05	0.04425274485593967	0.0019743172863394415	0.0018925408306922457	7.009410484045355e-05	5.841175403371129e-05	4.0888227823597904e-05	0.0	0.0	0.0	0.0	0.0	0.0	0.0	7.009410484045355e-05	0.0	0.0	0.0009345880645393807	0.0005665940141269995	2.9205877016855645e-05	0.00010514115726068032	0.0021437113730372044	0.0009287468891360095	0.0023306289859450807	0.0032126464718541213	0.0013843585705989577	0.0034170876109721107	0.002891381824668709	0.0019626349355326995	0.004918269689638491	0.00899541012119154	0.00568930484288348	0.008504751387308364	0.01796161436536622	0.02135533727472485	0.02986008866203321	0.04839997939233318	0.045642944601942	0.04410087429545203	0.05031004374923553	0.03730174612592803	0.02099902557511921	0.021197625538833826	0.011670668455935515
209091_HY55YBGXT_TCDM_1_E08_X2_45_1_o_GAAGTG_S61_R1_001	0.0	0.0	0.0	0.0	0.0	0.0310896937665164	0.005181615627752733	0.0	0.0	0.0	0.0	0.0	0.0	0.0	0.0	0.0	0.0	0.0	0.0	0.0	0.0	0.0	0.0	0.0	0.0	0.0025908078138763666	0.0	0.0025908078138763666	0.0025908078138763666	0.0025908078138763666	0.005181615627752733	0.0025908078138763666	0.0025908078138763666	0.0077724234416291	0.0077724234416291	0.0025908078138763666	0.012954039069381834	0.010363231255505466	0.010363231255505466	0.0155448468832582	0.02590807813876367	0.02590807813876367	0.020726462511010933	0.0233172703248873	0.0233172703248873	0.010363231255505466	0.010363231255505466	0.010363231255505466
209092_HY55YBGXT_TCDM_1_F08_X11_68_1_o_CAATGC_S62_R1_001	0.0	0.0	0.002934875121063599	0.0	0.0	0.03815337657382679	0.0	0.002934875121063599	0.0	0.0014674375605317994	0.0	0.0	0.0	0.0	0.0	0.0	0.0	0.0	0.0	0.0	0.0	0.0	0.0	0.0	0.0	0.0014674375605317994	0.0	0.0	0.0	0.0	0.0014674375605317994	0.0014674375605317994	0.0	0.0	0.004402312681595398	0.0014674375605317994	0.004402312681595398	0.011739500484254395	0.011739500484254395	0.017609250726381594	0.02347900096850879	0.02641387608957239	0.029348751210635987	0.033751063892231384	0.02641387608957239	0.008804625363190797	0.008804625363190797	0.008804625363190797
209093_HY55YBGXT_TCDM_1_G08_X11_68_1_i_ACGTCT_S63_R1_001	0.0018099761506448987	8.757949116023704e-05	0.00014596581860039506	0.0	2.919316372007901e-05	0.04529319351170259	0.002335453097606321	0.0016932034957645827	0.00010217607302027654	5.108803651013827e-05	5.108803651013827e-05	0.0	0.0	0.0	0.0	0.0	0.0	0.0	8.028120023021728e-05	0.0	0.0	0.0009341812390425284	0.0006276530199816987	3.6491454650098765e-05	7.298290930019753e-05	0.002167592406215867	0.0008684966206723506	0.002109206078775709	0.0029120180810778815	0.0012917974946134963	0.0033499155368790666	0.0027149642259673484	0.0018099761506448987	0.0044592557582420695	0.0083127533692925	0.005415331870074657	0.008057313186741808	0.017705653796227922	0.020938796678226672	0.029397515866119564	0.04901532188601267	0.04584786362238409	0.04389921994406882	0.05020494330760588	0.03699503672427013	0.020792830859626278	0.02091690180543661	0.01096203297688967
209094_HY55YBGXT_TCDM_1_H08_X11_68_3_i_CAGGAC_S64_R1_001	0.001395795802356528	9.103016102325183e-05	0.00016688862854262836	0.0	7.585846751937653e-05	0.044088941322261634	0.002397127573612298	0.00197232015550379	0.00010620185452712714	3.7929233759688265e-05	2.275754025581296e-05	0.0	0.0	0.0	0.0	0.0	0.0	0.0	9.103016102325183e-05	0.0	0.0	0.0008116856024573287	0.000500665885627885	6.827262076743888e-05	6.068677401550122e-05	0.0023288549528448594	0.0008647865297208925	0.0024047134203642358	0.0031405405553021886	0.0016537145919224081	0.003565347973410697	0.0030115811605192482	0.0019571484619999146	0.00494597208226335	0.008678208684216674	0.0056286982899377384	0.00804858340380585	0.017766053093037984	0.02100520965611536	0.029713761727339787	0.048200470261811845	0.04593230208298249	0.04377033575868026	0.05065828460943965	0.036624468118354986	0.02074729086654948	0.02112658320414636	0.011287739966883228
209095_HY55YBGXT_TCDM_1_A09_X11_68_3_o_AAGCTC_S65_R1_001	0.0015591144656989478	0.0001495041268478443	4.27154648136698e-05	0.0	0.0001281463944410094	0.04506481537842164	0.0020289845786493157	0.0018581227193946366	0.0	6.40731972205047e-05	2.13577324068349e-05	0.0	2.13577324068349e-05	0.0	0.0	0.0	0.0	0.0	6.40731972205047e-05	0.0	0.0	0.0008863458948836485	0.0006300531060016296	6.40731972205047e-05	7.475206342392215e-05	0.002199846437903995	0.0007261629018323867	0.002157130973090325	0.002755147480481702	0.0012387484795964242	0.0033745217202799144	0.0025202124240065182	0.0018581227193946366	0.004634627932283174	0.008724633688192058	0.005520973827166822	0.008115938314597263	0.01771623903146955	0.020973293223511873	0.029473670721432164	0.049592654648670645	0.04621813292839073	0.04527839270248999	0.05178182222037122	0.0372692430499269	0.02102668755452896	0.02098397208971529	0.011276882710808829
209096_HY55YBGXT_TCDM_1_B09_X11_68_2_o_GACGAT_S66_R1_001	0.0015629193540018741	6.405407188532272e-05	8.967570063945181e-05	0.0	6.405407188532272e-05	0.04492752602036535	0.0021394060009697785	0.0018319464559202296	8.967570063945181e-05	5.764866469679044e-05	3.202703594266136e-05	0.0	1.2810814377064544e-05	0.0	0.0	0.0	0.0	0.0	0.00010889192220504861	0.0	0.0	0.0008903515992059858	0.000589297461344969	6.405407188532272e-05	7.045947907385499e-05	0.002382811474134005	0.0008455137488862599	0.0022290817016092303	0.0030297576001757647	0.001441216617419761	0.003708730762160185	0.002869622420462458	0.001960054599690875	0.004912947313604252	0.009313462052125921	0.005374136631178575	0.008711353776403889	0.01872300521207983	0.02150935733909137	0.030566603103675996	0.049866094962723734	0.04710536446446632	0.045158120679152515	0.0522617172512348	0.03797765922080784	0.021547789782222562	0.021701519554747334	0.011696273526259928
209097_HY55YBGXT_TCDM_1_C09_A20_2_3_o_TCGTTC_S67_R1_001	0.0013916412460199062	0.0	0.0001391641246019906	0.0	0.0001391641246019906	0.04328004275121908	0.0012524771214179155	0.0013916412460199062	0.0001391641246019906	6.95820623009953e-05	0.0	0.0	0.0	0.0	0.0	0.0	0.0	0.0	0.0	0.0	0.0	0.0005566564984079624	0.00020874618690298592	0.0	0.0001391641246019906	0.0016699694952238874	0.0007654026853109483	0.002157043931330854	0.004035759613457727	0.0012524771214179155	0.003687849301952751	0.002157043931330854	0.0016699694952238874	0.00459241611186569	0.009602324597537352	0.006053639420186591	0.008419429538420432	0.019482977444278685	0.02310124468393044	0.0326339872191668	0.05114281579123155	0.04982075660751264	0.0474549664892788	0.05441317271937833	0.04049676025917927	0.0236579011823384	0.02456246799225134	0.010298145220547304
209098_HY55YBGXT_TCDM_1_D09_A03_2_1_o_CCAATT_S68_R1_001	0.0016300883069519292	0.00017807687386869815	0.0001095857685345835	1.3698221066822937e-05	0.00013698221066822937	0.044587709572508655	0.0019314491704220341	0.0017807687386869817	9.588754746776056e-05	4.109466320046881e-05	2.7396442133645874e-05	0.0	6.8491105334114685e-06	0.0	0.0	0.0	0.0	0.0	0.00010273665800117202	0.0	0.0	0.0010616121326787774	0.0006712128322743239	4.794377373388028e-05	9.588754746776056e-05	0.002314999360293076	0.0011095559064126577	0.0024930762341617745	0.003760161682842896	0.0017739196281535703	0.004006729662045709	0.0032875730560375047	0.002280753807626019	0.005287513331793654	0.009773680731178165	0.006088859264202795	0.008951787467168789	0.01861588242981237	0.021485659743311774	0.029862121925673998	0.04829307837108426	0.04566986903678767	0.04421100849317103	0.05058068128924369	0.0379235250234993	0.02144456508011131	0.02191030459638329	0.01190375410706913
209099_HY55YBGXT_TCDM_1_E09_C17_2_3_o_AGTTGA_S69_R1_001	0.0013663850490147937	0.00011955869178879446	8.53990655634246e-05	0.0	5.123943933805476e-05	0.04396343895205099	0.0019470986948460813	0.001742140937493862	3.415962622536984e-05	2.561971966902738e-05	2.561971966902738e-05	0.0	8.53990655634246e-06	0.0	0.0	0.0	0.0	0.0	0.00013663850490147937	0.0	0.0	0.000982089253979383	0.0006148732720566571	3.415962622536984e-05	5.977934589439723e-05	0.0023057747702124646	0.000853990655634246	0.0023484743029941768	0.0030999860799523133	0.0014859437408035882	0.003766098791347025	0.0028523287898183816	0.0021776761718673276	0.0046969486059883535	0.009342657772638652	0.005807136458312873	0.008352028612102927	0.018301019750241895	0.021170428353172958	0.029966532106205694	0.04869454718426471	0.045850758301002666	0.04443313381264982	0.051623735133090175	0.037865945670822465	0.02141808564330689	0.02164866312032814	0.011682592169076486
209100_HY55YBGXT_TCDM_1_F09_A03_2_1_i_AACCGA_S70_R1_001	0.0013236798408745784	0.0001228156553388784	0.00010916947141233637	0.0	5.4584735706168185e-05	0.045714716153915855	0.0018558810140097183	0.0019650504854220544	9.552328748579431e-05	2.7292367853084093e-05	1.3646183926542046e-05	0.0	2.046927588981307e-05	0.0	0.0	0.0	0.0	0.0	0.00010234637944906536	0.0	0.0	0.0009688790587844852	0.0005185549892085977	2.7292367853084093e-05	7.505401159598125e-05	0.0021833894282467276	0.0010029945186008403	0.002244797255916167	0.0033501381539660724	0.0014328493122869148	0.0037390543958725204	0.002892990992426914	0.002121981600577288	0.004892156937665324	0.008631211333537845	0.005683635605404762	0.008344641471080461	0.018524694680280826	0.021178877453993255	0.029782796419678015	0.04809597524909744	0.045776123981585294	0.044199989738069684	0.05103672788526726	0.03741101323461502	0.020974184695095124	0.02148591659234045	0.011462794498295318
209101_HY55YBGXT_TCDM_1_G09_C14_2_1_i_CAGATG_S71_R1_001	0.0017089536899961113	7.767971318164143e-05	0.00012428754109062627	0.0	9.321565581796971e-05	0.04348510343908287	0.0017089536899961113	0.002019672542722677	0.00012428754109062627	5.4375799227149e-05	5.4375799227149e-05	0.0	7.767971318164142e-06	0.0	0.0	0.0	0.0	0.0	0.000108751598454298	0.0	0.0	0.0010020683000431744	0.0006680455333621162	3.8839856590820714e-05	6.991174186347728e-05	0.002454678936539869	0.000978764386088682	0.0022527116822676015	0.0031149564985838213	0.001475914550451187	0.0034334433226285506	0.0029052212729933895	0.002120656169858811	0.005072485270761185	0.009298261667842478	0.005802674574668615	0.009041918614343062	0.018650899134912108	0.022099878400176985	0.031149564985838214	0.050849140248702476	0.04795945491834541	0.04618835745780399	0.0532261394720607	0.03863012136523028	0.02197559085908636	0.022022198686995346	0.011714100747791526
209102_HY55YBGXT_TCDM_1_H09_A20_2_2_i_GTAGAA_S72_R1_001	0.0016924471833242357	0.0001807467865686077	8.215763025845805e-05	1.643152605169161e-05	6.572610420676644e-05	0.04332993419831077	0.0020703722825131427	0.0018731939698928433	4.9294578155074826e-05	4.107881512922902e-05	2.4647289077537413e-05	0.0	8.215763025845805e-06	0.0	0.0	0.0	0.0	0.0	6.572610420676644e-05	0.0	0.0	0.0009448127479722675	0.0006079664639125895	4.9294578155074826e-05	1.643152605169161e-05	0.0023579239884177457	0.0007312029093002766	0.00219360872790083	0.0028015751918134195	0.0013638166622904036	0.003491699285984467	0.0027358490876066527	0.0018238993917377684	0.0047651425549905665	0.008840161015810085	0.0051102046020760905	0.008199331499794113	0.018000736789628158	0.0210570006352428	0.030324381328396863	0.049779308173599726	0.04712561671625154	0.044833418832040554	0.05129922433338121	0.037587115843244555	0.020711938588157272	0.021098079450372027	0.011469205184080743
209103_HY55YBGXT_TCDM_1_A10_A20_2_1_o_GACATC_S73_R1_001	0.001548317028935692	9.909228985188428e-05	0.00019818457970376856	1.2386536231485535e-05	4.954614492594214e-05	0.045260403389848144	0.0020437784781951133	0.0017341150724079748	6.193268115742767e-05	4.335287681019937e-05	4.954614492594214e-05	0.0	0.0	0.0	0.0	0.0	0.0	0.0	0.0001300586304305981	0.0	0.0	0.0008113181231623025	0.0005450075941853635	3.096634057871383e-05	4.954614492594214e-05	0.002322475543403538	0.0007617719782363604	0.0021180976955840264	0.00306566771729267	0.0013810987898106371	0.0033939109274270366	0.002879869673820387	0.001864173702838573	0.004706883767964503	0.008732508043197302	0.005357176920117493	0.008298979275095309	0.018232981332746707	0.021472060557280175	0.030241728209171932	0.04946563244043748	0.04687065309994126	0.04469681599131555	0.05186242720122994	0.03769842302052623	0.020933246231210553	0.021589732651479288	0.01137084026050372
209104_HY55YBGXT_TCDM_1_B10_C14_2_2_o_CGATCT_S74_R1_001	0.0013944589778057909	4.2906430086332026e-05	0.00010726607521583008	0.0	6.435964512949804e-05	0.043743105473015506	0.002123868289273435	0.0016733507733669491	0.00012871929025899608	5.363303760791504e-05	6.435964512949804e-05	0.0	0.0	0.0	0.0	0.0	0.0	0.0	0.00013944589778057908	0.0	0.0	0.0010619341446367176	0.0005685101986438993	9.653946769424705e-05	8.581286017266405e-05	0.0021882279344029336	0.0008688552092482235	0.0022525875795324315	0.003153622611345404	0.001244286472503629	0.0036041401272518905	0.00285327760074108	0.002080961859187103	0.0049127862448850165	0.008752911737611734	0.005545656088658414	0.008141495108881501	0.017881254738478874	0.021088510387432192	0.029294365141443193	0.04742233185291848	0.04495521212295438	0.04309950902172052	0.049642739609886154	0.03634174628312323	0.020670172694090456	0.02078816537682787	0.011005499317144165
209105_HY55YBGXT_TCDM_1_C10_A04_2_3_o_CGTCGC_S75_R1_001	0.0015459365965933012	0.0	0.00013640617028764422	0.0	4.5468723429214746e-05	0.04319528725775401	0.00181874893716859	0.0015004678731640867	4.5468723429214746e-05	2.2734361714607373e-05	4.5468723429214746e-05	0.0	0.0	0.0	0.0	0.0	0.0	0.0	0.00015914053200225163	0.0	0.0	0.0012049211708741907	0.0006592964897236137	0.0	2.2734361714607373e-05	0.002500779788606811	0.000977577553728117	0.002000623830885449	0.0031373419166158176	0.0014777335114494793	0.00311460755490121	0.0032510137251888544	0.0016141396817371237	0.004774215960067548	0.009821244260710385	0.005865465322368702	0.008593588728121588	0.017914677031110608	0.02121115947972868	0.029827482569564873	0.04885614332469124	0.04605981683379454	0.04528684853549789	0.05074309534700366	0.0369888065096662	0.02109748767115564	0.02118842511801407	0.012094680432171122
209106_HY55YBGXT_TCDM_1_D10_A04_2_1_o_ATGGCG_S76_R1_001	0.0016040138843441828	0.0006416055537376732	0.0	0.0	0.0003208027768688366	0.04715800819971898	0.0025664222149506927	0.0009624083306065098	0.0	0.0	0.0	0.0	0.0	0.0	0.0	0.0	0.0	0.0	0.0	0.0	0.0	0.0012832111074753464	0.0004812041653032549	0.0	0.0	0.0027268236033851107	0.0016040138843441828	0.002085218049647438	0.0036892319339916204	0.0012832111074753464	0.003368429157122784	0.0025664222149506927	0.0016040138843441828	0.0051328444299013854	0.011067695801974862	0.004491238876163712	0.00930328052919626	0.018285758281523685	0.022295792992384142	0.03208027768688366	0.049082824860931996	0.04667680403441572	0.04378957904259619	0.051007641522145014	0.037533924893653876	0.019889772165867868	0.021012581884908794	0.011869702744146953
209107_HY55YBGXT_TCDM_1_E10_A04_2_1_i_ATTGGT_S77_R1_001	0.00092109338390136	0.0	0.0	0.0	0.00011513667298767	0.044442755773240625	0.0021875967867657302	0.0014967767488397103	0.0	5.7568336493835e-05	0.0	0.0	0.0	0.0	0.0	0.0	0.0	0.0	0.00034541001896301	0.0	0.0	0.0009786617203951951	0.0005756833649383501	5.7568336493835e-05	0.00011513667298767	0.0020724601137780603	0.000863525047407525	0.0023603017962472352	0.0035116685261239356	0.0016119134218273803	0.0034541001896301	0.0031086901706670906	0.0019573234407903903	0.00518115028444515	0.009210933839013601	0.005987106995358841	0.008347408791606076	0.017212932611656667	0.02107001115674361	0.029302283275362016	0.04806956097235223	0.04461546078272213	0.043348957379857764	0.05019958942262412	0.036498325337091395	0.019976212763360746	0.019170256052447057	0.011974213990717682
209108_HY55YBGXT_TCDM_1_F10_A04_2_3_i_GCCACA_S78_R1_001	0.0013553257525446242	9.347074155480165e-05	9.347074155480165e-05	0.0	9.347074155480165e-05	0.04355736556453758	0.002570445392757046	0.0017759440895412316	0.0	4.6735370777400826e-05	7.010305616610125e-05	0.0	2.3367685388700413e-05	0.0	0.0	0.0	0.0	0.0	0.00016357379772090293	0.0	0.0	0.0009347074155480166	0.0006542951908836117	7.010305616610125e-05	9.347074155480165e-05	0.0023835039096474424	0.0008879720447706158	0.0023134008534813413	0.00280412224664405	0.0013553257525446242	0.003411682066750261	0.002570445392757046	0.001962885572650835	0.004837110875460986	0.008529205166875652	0.005397935324789796	0.008225425256822546	0.017876279322355818	0.021638476669936586	0.030705138600752344	0.05010031747337369	0.04818416727150026	0.04552025113718841	0.052740865922296834	0.0391175053406845	0.021007549164441676	0.021217858332939977	0.010749135278802191
209109_HY55YBGXT_TCDM_1_G10_A20_2_1_i_CATCTA_S79_R1_001	0.0014998254411083146	0.00014849756842656578	5.939902737062632e-05	0.0	0.00010394829789859607	0.04511356128799069	0.0016780225232201937	0.001841369848489416	4.454927052796974e-05	8.167366263461119e-05	5.197414894929803e-05	0.0	0.0	0.0	0.0	0.0	0.0	0.0	8.909854105593948e-05	0.0	0.0	0.0009578093163513495	0.0006682390579195461	8.167366263461119e-05	5.197414894929803e-05	0.002420510365353023	0.00086871077529541	0.0020863908363932494	0.003200122599592493	0.001410726900052375	0.00347484310118164	0.0029031274627393613	0.0018933439974387141	0.004989518299132611	0.009199424364025752	0.00568745687073747	0.008739081901903398	0.01880721704122456	0.02210386306029432	0.03162255719643719	0.05040007472397643	0.0478459165470395	0.045611028142219685	0.05204097285508998	0.03857224339880047	0.021940515735025097	0.022089013303451664	0.01150856155305885
209110_HY55YBGXT_TCDM_1_H10_A04_2_2_o_AACAAG_S80_R1_001	0.0012797033694124371	4.6534667978634074e-05	0.00011633666994658518	4.6534667978634074e-05	9.306933595726815e-05	0.04364951856395876	0.0020242580570705823	0.001907921387123997	9.306933595726815e-05	0.0	9.306933595726815e-05	0.0	1.1633666994658519e-05	0.0	0.0	0.0	0.0	0.0	8.143566896260963e-05	0.0	0.0	0.0008957923585887059	0.0005351486817542918	3.490100098397556e-05	4.6534667978634074e-05	0.002082426392043875	0.0007329210206634866	0.0019893570560866065	0.0028153474127073615	0.0010935646974979008	0.0033155950934776776	0.002350000732921021	0.0018381193851560458	0.004502229126932846	0.008434408571127426	0.005142080811639065	0.008062131227298352	0.017752975833848897	0.020545055912566945	0.029084167486646297	0.048570559702699315	0.04551090528310412	0.04366115223095342	0.05060645142676456	0.03716956604793396	0.020591590580545577	0.02135941260219304	0.010772775637053788
209111_HY55YBGXT_TCDM_1_A11_A04_2_2_i_GCAGCC_S81_R1_001	0.0016613182288293688	7.551446494678949e-05	3.0205785978715793e-05	1.5102892989357897e-05	4.530867896807369e-05	0.045384193433020484	0.002310742627371758	0.00208419923253139	6.0411571957431586e-05	3.0205785978715793e-05	1.5102892989357897e-05	0.0	0.0	0.0	0.0	0.0	0.0	0.0	0.00010572025092550528	0.0	0.0	0.0008684163468880791	0.0005437041476168843	1.5102892989357897e-05	0.00011327169742018423	0.0022729853948983635	0.0009892394908029424	0.002446668664275979	0.003262224885701306	0.0015027378524411108	0.0037304145683714008	0.0028544467749886428	0.0021748165904675373	0.004991506132982785	0.009409102332369971	0.005867473926365543	0.009076838686604097	0.018780447432266544	0.022012466531989138	0.030636218428912496	0.04955259189808327	0.0469926515363871	0.045384193433020484	0.05191619465091778	0.03807439322617126	0.021400799365920143	0.02161979131426583	0.011266758170060991
209112_HY55YBGXT_TCDM_1_B11_A20_2_2_o_ACTCTT_S82_R1_001	0.0017649930476656428	0.00010696927561609956	5.348463780804978e-05	0.0	5.348463780804978e-05	0.045234632426158106	0.001978931598897842	0.002019045077253879	8.022695671207469e-05	7.354137698606845e-05	4.0113478356037344e-05	0.0	1.3371159452012445e-05	0.0	0.0	0.0	0.0	0.0	4.679905808204356e-05	0.0	0.0	0.0009025532630108402	0.0006150733347925725	7.354137698606845e-05	6.017021753405601e-05	0.0022931538460201346	0.0008624397846548027	0.0021794989906780285	0.0029817685577987756	0.00131037362629722	0.0036436409506733916	0.0027945723254706014	0.0019856171786238486	0.004659849069026337	0.009052274949012427	0.005468804215873091	0.008270062121069698	0.018425457724873154	0.021052890557193595	0.030406016593876303	0.04978751221956834	0.04709990916971384	0.04493378133848783	0.051886784253534296	0.037619757118237014	0.021306942586781834	0.021547623456918057	0.011592795244894791
209113_HY55YBGXT_TCDM_1_C11_C17_2_1_i_TGCTAT_S83_R1_001	0.0015342835662887216	0.0001292028266348397	6.460141331741985e-05	0.0	0.00011305247330548473	0.045705499922074545	0.0020026438128400155	0.0018411402795464656	6.460141331741985e-05	4.845105998806489e-05	1.6150353329354964e-05	0.0	0.0	0.0	0.0	0.0	0.0	0.0	8.075176664677482e-05	0.0	0.0	0.0009205701397732328	0.0005814127198567787	5.6526236652742366e-05	4.845105998806489e-05	0.0022368239361156626	0.0009367204931025878	0.002333726056091792	0.0030847174859067977	0.0015665842729474316	0.0037872578557337387	0.0028909132459545386	0.002034944519498725	0.004756279055495036	0.009205701397732328	0.005830277551897142	0.008963446097792005	0.019541927528519507	0.022400540067815333	0.030960227332373465	0.050066095321000384	0.047538565024956334	0.045495545328792936	0.05189108524721749	0.03925343376699724	0.02228748759450985	0.022489367011126787	0.011321397683877828
209114_HY55YBGXT_TCDM_1_D11_A03_2_3_i_AAGTGG_S84_R1_001	0.0017724182527106994	0.00010425989721827643	1.1584433024252938e-05	0.0	5.792216512126468e-05	0.045990199106284164	0.0023053021718263344	0.0017376649536379406	9.26754641940235e-05	2.896108256063234e-05	3.475329907275881e-05	0.0	0.0	0.0	0.0	0.0	0.0	0.0	8.688324768189703e-05	0.0	0.0	0.0008746246933310968	0.0005734294347005203	2.896108256063234e-05	7.529881465764409e-05	0.0021952500580959314	0.0008630402603068437	0.0024674842341658757	0.00293665377164812	0.0013032487152284554	0.0034753299072758813	0.0028845238230389815	0.002015691346220011	0.0049523451178681305	0.009180663171720452	0.005728502130493077	0.008334999560949989	0.018320780827856018	0.02210889042678673	0.03079142297846431	0.050044750664772694	0.046853239366591005	0.04474487255617697	0.051695532370728735	0.03812436908281642	0.021628136456280235	0.021657097538840864	0.011028380239088796
209115_HY55YBGXT_TCDM_1_E11_C14_2_3_i_CTCATA_S85_R1_001	0.0021561054658988644	0.00014700719085674075	0.00012250599238061732	2.450119847612346e-05	9.800479390449384e-05	0.044567680028068574	0.0017150838933286422	0.0017395850918047655	7.350359542837038e-05	4.900239695224692e-05	2.450119847612346e-05	0.0	0.0	0.0	0.0	0.0	0.0	0.0	8.575419466643211e-05	0.0	0.0	0.0008697925459023827	0.0005267757672366544	7.350359542837038e-05	7.350359542837038e-05	0.0022173584620891734	0.0008575419466643211	0.002094852469708556	0.0031116522064676792	0.001592577900948025	0.0034056665881811612	0.0029768956148490005	0.001960095878089877	0.00453272171808284	0.00842841227578647	0.005145251679985926	0.007521867932169902	0.01683232335309682	0.02032374413594441	0.028788908209445064	0.047850840623869115	0.044996451001400734	0.04317111171492954	0.0492964113339604	0.03702131089742255	0.020421748929848903	0.020581006719943704	0.01097653691730331
209116_HY55YBGXT_TCDM_1_F11_C14_2_1_i_CCGACC_S86_R1_001	0.0013916830792491145	0.00022266929267985831	1.8555774389988194e-05	0.0	9.277887194994097e-05	0.04330917742623245	0.0018741332133888075	0.001818465890218843	0.00014844619511990555	9.277887194994097e-06	3.711154877997639e-05	0.0	0.0	0.0	0.0	0.0	0.0	0.0	7.422309755995278e-05	0.0	0.0	0.0008257319603544747	0.0006308963292595986	2.783366158498229e-05	3.711154877997639e-05	0.0024493622194784416	0.000760786749989516	0.0020318572957037074	0.0030060354511780877	0.0014102388536391028	0.0036183760060476983	0.002941090240813129	0.0018555774389988195	0.004880168664566895	0.008711936076099457	0.005288395701146635	0.008201652280374783	0.017924878060728597	0.020643299008861866	0.028798561853261677	0.04859757312737908	0.04472869416706655	0.04303084081038262	0.04970164170358338	0.036128092737307015	0.02035568450581705	0.020773189429591783	0.011170576182772892
209117_HY55YBGXT_TCDM_1_G11_A20_2_3_o_GGCCAA_S87_R1_001	0.0015272273942398965	0.00014170151080576362	4.723383693525453e-05	1.574461231175151e-05	1.574461231175151e-05	0.04463597590381553	0.0019208427020336843	0.0014642489449928904	1.574461231175151e-05	3.148922462350302e-05	3.936153077937878e-05	0.0	0.0	0.0	0.0	0.0	0.0	0.0	7.872306155875756e-05	0.0	0.0	0.0007714860032758241	0.0005510614309113029	3.148922462350302e-05	5.510614309113029e-05	0.0020704165189953236	0.000708507554028818	0.002101905743618827	0.0028104132976476447	0.0011257397802902332	0.0033614747285589473	0.002684456399153633	0.0017161627419809149	0.004148705344146524	0.008572941403748697	0.005132743613630993	0.007935284605122762	0.017547370421447057	0.020656931353017983	0.028875618979752275	0.04680873240283724	0.04476980510846542	0.042250667138585184	0.04846191669557115	0.03600792835697571	0.0200665083913273	0.020499485229900468	0.010564634861185264
209118_HY55YBGXT_TCDM_1_H11_C14_2_2_i_AGACCA_S88_R1_001	0.0015563097778585678	0.00013695526045155395	3.735143466860562e-05	0.0	7.470286933721124e-05	0.043800782388051525	0.001867571733430281	0.002091680341441915	9.960382578294833e-05	3.1126195557171354e-05	3.735143466860562e-05	0.0	0.0	0.0	0.0	0.0	0.0	0.0	5.602715200290843e-05	0.0	0.0	0.0008155063235978895	0.0005415958026947815	4.357667378003989e-05	7.470286933721124e-05	0.002209959884559166	0.0008155063235978895	0.002097905580553349	0.003174871946831478	0.0013757778436269737	0.003517260097960363	0.0028698352303711985	0.0017119407556444243	0.004625352659795663	0.00869043379956224	0.0054657599398392894	0.00823599134442754	0.01800339151026791	0.021302768239328074	0.029793994387324416	0.04891792893765049	0.045668354121481805	0.04387548525738874	0.05071079780174356	0.03747593945083431	0.02117826345709939	0.021670057346902694	0.010956420836124315
209119_HY55YBGXT_TCDM_1_A12_C14_2_3_o_CGCGGA_S89_R1_001	0.0014343388852825914	0.00010154611577221886	8.88528513006915e-05	0.0	7.615958682916415e-05	0.04508647540286517	0.0021197751667450687	0.001992842522029795	1.2693264471527357e-05	8.88528513006915e-05	1.9039896707291037e-05	0.0	0.0	0.0	0.0	0.0	0.0	0.0	0.00010789274800798253	0.0	0.0	0.0009393015708930245	0.0006346632235763679	6.346632235763678e-05	5.7119690121873114e-05	0.00244980004300478	0.0007679425005274052	0.0022403611792245785	0.002862331138329419	0.0012947129760957905	0.0035223808908488416	0.0027417451258499093	0.001840523348371467	0.005026532730724833	0.008783739014296932	0.005045572627432124	0.007965023455883418	0.018240221045584815	0.021622976027246853	0.030552687582966347	0.04949738480672093	0.04652716092038353	0.04476279715884123	0.05114116255578372	0.03787670118303764	0.020988312803670486	0.02120409829968645	0.011322391908602403
209120_HY55YBGXT_TCDM_1_B12_C17_2_2_i_CCTGCT_S90_R1_001	0.0014239312434864047	9.967518704404832e-05	8.543587460918427e-05	1.4239312434864046e-05	5.695724973945618e-05	0.04482535554495202	0.001993503740880966	0.0017229568046185496	0.0001281538119137764	2.847862486972809e-05	4.2717937304592134e-05	0.0	7.119656217432023e-06	0.0	0.0	0.0	0.0	0.0	9.255553082661629e-05	0.0	0.0	0.0008401194336569787	0.0005624528411771298	4.2717937304592134e-05	4.983759352202416e-05	0.0023494865517525673	0.0007902818401349544	0.0021714951463167667	0.0031255290794526577	0.0013100167440074921	0.0036381443271077635	0.002919059049147129	0.0017656747419231417	0.004585058604026223	0.008885330959355163	0.005467895974987793	0.008080809806785345	0.018069687479842476	0.021145378965773107	0.029824239894822743	0.04961688417928377	0.046555432005787996	0.04456904792112446	0.05149647342068582	0.03722156270473461	0.021074182403598787	0.02175054974425483	0.011149381636498546
209121_HY55YBGXT_TCDM_1_C12_A03_2_3_o_GCGCTG_S91_R1_001	0.0016155282490748495	0.00012507315476708512	6.253657738354256e-05	1.0422762897257094e-05	6.253657738354256e-05	0.045484937283629956	0.0022930078373965606	0.0019386338988898195	6.253657738354256e-05	6.77479588321711e-05	3.126828869177128e-05	0.0	5.211381448628547e-06	0.0	0.0	0.0	0.0	0.0	0.00010943901042119949	0.0	0.0	0.0009015689906127386	0.0006045202480409114	4.690243303765692e-05	5.7325195934914016e-05	0.002298219218845189	0.0008390324132291961	0.002256528167256161	0.0029652760442696433	0.001344536413746165	0.0035958531995536978	0.0027516094048758728	0.0018813087029549056	0.004815316458532777	0.0091459744423431	0.0054927960468544885	0.008254828214627618	0.01828673750323757	0.021564696434424924	0.030543906670411913	0.04908600186463229	0.046683555016814524	0.04401532771511671	0.051050692670765244	0.03780857240980011	0.02127807045475036	0.021502159857041382	0.011371234320907489
209122_HY55YBGXT_TCDM_1_D12_C17_2_3_i_GAACCT_S92_R1_001	0.0015430269388011023	0.00014695494655248594	9.796996436832396e-05	0.0	9.796996436832396e-05	0.0440619914746537	0.001934906796274398	0.0016165044120773453	4.898498218416198e-05	6.123122773020248e-05	2.449249109208099e-05	0.0	0.0	0.0	0.0	0.0	0.0	0.0	0.00011021620991436446	0.0	0.0	0.0010041921347753206	0.0006245585228480653	1.2246245546040495e-05	3.6738736638121486e-05	0.0020451230061887624	0.0009307146614990775	0.0022165704438333296	0.0032207625786086504	0.0013715795011565353	0.003514672471713622	0.0029146064399576377	0.0018981680596362766	0.004861759481778076	0.008927513003063521	0.0054985642501721825	0.008339693216853577	0.018222413372508257	0.021332959741202542	0.029501205520411553	0.04920541460399071	0.045886682061013734	0.04430691638557451	0.05126278385572551	0.03742452638869975	0.020879848655999043	0.020953326129275286	0.011217560920173094
209123_HY55YBGXT_TCDM_1_E12_A03_2_2_o_TTCGAG_S93_R1_001	0.0016425836007927994	0.00012635258467636918	0.00012635258467636918	0.0	7.897036542273074e-05	0.043512671347924636	0.0017531421123846223	0.0018637006239764454	0.00020532295009909992	7.107332888045767e-05	5.5279255795911515e-05	0.0	0.0	0.0	0.0	0.0	0.0	0.0	9.476443850727688e-05	0.0	0.0	0.000955541421615042	0.000639659959924119	7.897036542273074e-06	4.738221925363844e-05	0.0023059346703437375	0.0007818066176850343	0.00223486134146328	0.0028350361186760334	0.0013661873218132417	0.0035457694074806103	0.0030719472149442254	0.001903185806687811	0.0048724715465824865	0.008765710561923112	0.0057095574200634325	0.008102359492372174	0.017792023329741235	0.02091924980048137	0.02980341591053858	0.04879578879470532	0.0460160319318252	0.04423130167327148	0.05077794496681586	0.03745564432000119	0.020800794252347276	0.02112457275058047	0.011292762255450495
209124_HY55YBGXT_TCDM_1_F12_C17_2_2_o_AGAATC_S94_R1_001	0.0019777868968254503	0.00010763466105172518	9.418032842025953e-05	0.0	6.727166315732825e-05	0.04526037497225044	0.0022065105515603665	0.0018566979031422594	6.727166315732825e-05	6.727166315732825e-05	6.727166315732824e-06	0.0	0.0	0.0	0.0	0.0	0.0	0.0	0.00010763466105172518	0.0	0.0	0.0008947131199924655	0.0005650819705215573	8.07259957887939e-05	8.07259957887939e-05	0.002139238888403038	0.000914894618939664	0.0023208723789278243	0.003208858332604557	0.0014328864252510915	0.003504853650496801	0.0028725000168179156	0.002105603056824374	0.004870468412590564	0.008826042206241466	0.005536457877848114	0.008160052740983916	0.017995169894585303	0.021103120732453868	0.0295120786271199	0.04815305648801555	0.04550255295961682	0.04392839604173534	0.05068919818904683	0.03761158687126222	0.0210896663998224	0.021338571553504517	0.011126733086222092
209125_HY55YBGXT_TCDM_1_G12_X8_415_3_i_AGGCAT_S95_R1_001	0.0014604601843047158	2.6797434574398454e-05	6.699358643599613e-05	0.0	2.6797434574398454e-05	0.04176380178419999	0.0020366050276542824	0.0016212447917511065	0.00010718973829759382	4.6895510505197296e-05	1.3398717287199227e-05	0.0	0.0	0.0	0.0	0.0	0.0	0.0	7.369294507959574e-05	0.0	0.0	0.0008776159823115494	0.0006029422779239652	4.6895510505197296e-05	6.699358643599613e-05	0.002317978090685466	0.0009580082860347447	0.0022442851456058706	0.0029812145964018284	0.0013465710873635222	0.003356378680443406	0.0027735344784502397	0.0017954281164846964	0.004743145919668527	0.008628773932956302	0.005212101024720499	0.007905243199447545	0.017605914515379784	0.020781410512446002	0.0294503805972639	0.047773126487508845	0.04482540868432501	0.043512334390179486	0.049535057810775544	0.03596215719884272	0.020225363745027234	0.020741214360584403	0.01075916998162098
209126_HY55YBGXT_TCDM_1_H12_X8_415_3_o_ACACGC_S96_R1_001	0.0016922054467225342	8.113313785655986e-05	5.7952241326114186e-05	0.0	0.00011590448265222837	0.04442618820059913	0.0020862806877401108	0.00179651948110954	0.00015067582744789687	6.37474654587256e-05	1.7385672397834257e-05	0.0	0.0	0.0	0.0	0.0	0.0	0.0	8.113313785655986e-05	0.0	0.0	0.0008518979474938785	0.000567931964995919	5.215701719350276e-05	5.215701719350276e-05	0.00232968010130979	0.0007417886889742616	0.0020688950153422763	0.002880226393907875	0.001164840050654895	0.003297482531455897	0.002741141014725201	0.0018254956017725967	0.00465936020261958	0.00874499321611063	0.0054301250122568995	0.00832773707856261	0.018492560207163035	0.02128585823908174	0.03039595057554689	0.04864511136914025	0.045724318406304094	0.04429289804554907	0.0504474260743824	0.037170567586569635	0.02108302539444034	0.021343810480407854	0.011231144369000929
209127_HY5CNBGXT_TCDM_2_A01_X4_46_1_o_CAGCGT_S1_R1_001	0.0003626422111504421	0.000967045896401179	0.016097284817177957	0.0023370275829695157	0.006285798326607663	0.016600954554886905	6.044036852507369e-05	2.0146789508357897e-05	0.0	4.0293579016715795e-05	0.00027198165836283156	0.0	7.051376327925264e-05	2.0146789508357897e-05	0.0	8.058715803343159e-05	1.0073394754178949e-05	7.051376327925264e-05	0.00011080734229596842	0.0002518348688544737	0.0005338899219714842	0.00019139450032939999	0.0006346238695132737	0.0008260183698426737	0.0010073394754178948	0.00030220184262536845	0.0015513027921435578	0.002286660609198621	0.0012088073705014738	0.0014304220550934105	0.0014807890288643054	0.002115412898377579	0.0016520367396853474	0.0013196147127974422	0.002649302820349063	0.0006346238695132737	0.0010677798439429685	0.001742697292472958	0.0018736514242772844	0.002125486293131758	0.0017729174767354948	0.0021859266616568317	0.0013196147127974422	0.002075119319360863	0.001964311977064895	0.002538495478053095	0.0014807890288643054	0.0026795230046116
209128_HY5CNBGXT_TCDM_2_B01_X8_415_2_i_GATCAC_S2_R1_001	0.0005806901078184587	0.0009416596343002033	0.014171977496218058	0.0019931795592687635	0.0063248138770497	0.016840013126735304	3.138865447667344e-05	0.0	1.569432723833672e-05	2.3541490857505084e-05	0.00018833192686004067	7.84716361916836e-06	7.84716361916836e-06	2.3541490857505084e-05	7.84716361916836e-06	5.493014533417853e-05	2.3541490857505084e-05	0.0001020131270491887	0.00014909610876419886	0.0001647904360025356	0.00038451101733924964	0.00012555461790669377	0.0005179127988651118	0.0007925635255360044	0.0008474936708701829	0.00023541490857505081	0.0014988082512611568	0.0020402625409837736	0.0010829085794452338	0.0014046422878311365	0.0013889479605928	0.0020402625409837736	0.0015929742146911772	0.0011142972339219072	0.002699424284993916	0.0005728429441992903	0.0012320046882094327	0.0019225550866962485	0.0016557515236445242	0.001875472104981238	0.0016008213783103456	0.0022521359587013194	0.0013732536333544631	0.002024568213745437	0.0020088738865071004	0.0023776905766080135	0.0016949873417403658	0.002322760431273835
209129_HY5CNBGXT_TCDM_2_C01_X8_415_2_o_ACCAGT_S3_R1_001	0.0004848433780342209	0.0008860930702004727	0.013859833116909281	0.0025914042619070428	0.006403276337486435	0.016317487481427573	0.0	0.0	0.0	4.179684293398456e-05	0.00022570295184351665	0.0	0.0	0.0	1.6718737173593823e-05	3.3437474347187646e-05	8.359368586796912e-06	5.015621152078148e-05	1.6718737173593823e-05	0.00018390610890953207	0.00044304653510023636	0.00010031242304156296	0.0006018745382493778	0.0007941400157457066	0.0007607025413985189	0.00013374989738875059	0.0014127332911686781	0.002022967198004853	0.0010699991791100047	0.0016718737173593823	0.0013542177110610998	0.002081482778112431	0.0014796082398630536	0.0012873427623667246	0.0027418728964693872	0.0004263277979266425	0.0008275774900928943	0.0015046863456234442	0.001722029928880164	0.0017303892974669607	0.0016467956115989919	0.0019895297236576653	0.001228827182259146	0.00181398298333493	0.0024409356273446983	0.002457654364518292	0.0017972642461613361	0.002390779415823917
209130_HY5CNBGXT_TCDM_2_D01_X4_46_3_o_TGCACG_S4_R1_001	0.0004668419658248339	0.00108374027780765	0.01355508993627107	0.002484266175282152	0.0064024041027405795	0.016439506367974508	1.6672927350886924e-05	3.334585470177385e-05	1.6672927350886924e-05	1.6672927350886924e-05	0.00017506573718431272	0.0	1.6672927350886924e-05	1.6672927350886924e-05	8.336463675443462e-06	5.001878205266078e-05	2.500939102633039e-05	3.334585470177385e-05	0.0001333834188070954	0.00018340220085975617	0.00035846793804406886	0.00012504695513165193	0.00045016903847394695	0.0006835900213863639	0.0008419828312197896	0.0002667668376141908	0.0011921143055884152	0.0019090501816765527	0.001067067350456763	0.0013004883333691802	0.0013671800427727278	0.00195073250005377	0.0015672551709833712	0.0010253850320795458	0.0025759672757120298	0.0005752159936055989	0.001008712104728659	0.0017756667628694575	0.001642283344062362	0.0019674054274046574	0.0014338717521762754	0.0020424336004836482	0.0012838154060182932	0.001984078354755544	0.0022508451923697347	0.002200826410317074	0.0015505822436324838	0.002217499337667961
209131_HY5CNBGXT_TCDM_2_E01_X4_46_1_i_ACATTA_S5_R1_001	0.0004595364252243721	0.0009329981966676646	0.014231703835736615	0.0022002047025894184	0.005862570758165475	0.01665471407782876	4.17760386567611e-05	1.3925346218920367e-05	0.0	2.7850692437840735e-05	0.00022976821261218606	1.3925346218920367e-05	3.481336554730092e-05	0.0	0.0	2.7850692437840735e-05	6.962673109460184e-06	4.17760386567611e-05	9.747742353244257e-05	0.00020191752017434533	0.0004386484058959916	0.00018102950084596478	0.0005013124638811332	0.0009190728504487442	0.0008007074075879211	0.00022280553950272588	0.0014273479874393378	0.0020261378748529135	0.0012115051210460721	0.0014203853143298776	0.0014551986798771784	0.0018729590664447893	0.0015317880840812405	0.0012672065059217534	0.0027781065706746133	0.0005361258294284342	0.0010792143319663286	0.0016223028345042228	0.0018172576815691079	0.001859033720225869	0.0015248254109717803	0.0019843618361961527	0.0013229078907974349	0.0020191752017434533	0.002040063221071834	0.0023394581647786217	0.0014273479874393378	0.0025901143967191884
209132_HY5CNBGXT_TCDM_2_F01_C14_3_2_o_GTGTAG_S6_R1_001	0.0004056979638446245	0.0011530363182952485	0.014178076210148985	0.0020498423436359978	0.006000059360017867	0.016057098358481982	2.1352524412874973e-05	2.1352524412874973e-05	2.1352524412874973e-05	3.2028786619312465e-05	0.00013879140868368735	2.1352524412874973e-05	2.1352524412874973e-05	3.2028786619312465e-05	0.0	6.405757323862493e-05	1.0676262206437487e-05	4.270504882574995e-05	9.608635985793738e-05	0.0001494676708901248	0.0004911080614961244	0.0002775828173673747	0.0004911080614961244	0.0008327484521021241	0.000939511074166499	0.0002775828173673747	0.0015267054955205607	0.0024448640452741847	0.0014306191356626234	0.0015267054955205607	0.0014626479222819358	0.002274043849971185	0.0015053529711076855	0.001334532775804686	0.002914619582357434	0.0007259858300377491	0.0011637125805016861	0.0018469933617136854	0.001772259526268623	0.0021886337523196846	0.0018363170995072478	0.0024662165696870595	0.001249122678153186	0.0020498423436359978	0.0024448640452741847	0.0024662165696870595	0.001644144379791373	0.0023274251610033722
209133_HY5CNBGXT_TCDM_2_G01_A03_3_1_o_CTAGTC_S7_R1_001	0.00044078640702878007	0.0011240053379233891	0.015758114051278888	0.002093735433386705	0.005620026689616945	0.01520713104249291	4.407864070287801e-05	0.0	0.0	5.509830087859751e-05	0.00023141286369010954	0.0	1.1019660175719502e-05	1.1019660175719502e-05	1.1019660175719502e-05	8.815728140575601e-05	2.2039320351439003e-05	3.3058980527158505e-05	7.71376212300365e-05	0.00018733422298723154	0.00044078640702878007	0.00017631456281151203	0.0006501599503674506	0.0009256514547604382	0.0008815728140575601	0.00024243252386582902	0.0016088703856550473	0.0020276174723323883	0.0012011429591534256	0.0016860080068850836	0.0016529490263579253	0.0021818927147924613	0.0016419293661822055	0.0013994968423163767	0.0026557381023483997	0.0005620026689616946	0.0011350249980991087	0.0018843618900480346	0.0016419293661822055	0.0018513029095208763	0.002005578151980949	0.0021818927147924613	0.0014325558228435351	0.0019174208705751933	0.0025786004811183634	0.0028651116456870703	0.0016198900458307666	0.0024022859183068512
209134_HY5CNBGXT_TCDM_2_H01_A03_3_3_o_TGTGCA_S8_R1_001	0.0006186599254943093	0.0008566060506844283	0.01456230286163528	0.0022684197268124677	0.0063293669300571636	0.0166086395382703	0.0	1.5863075012674597e-05	0.0	4.7589225038023794e-05	0.00020621997516476976	1.5863075012674597e-05	4.7589225038023794e-05	1.5863075012674597e-05	0.0	4.7589225038023794e-05	2.3794612519011897e-05	5.552076254436109e-05	9.517845007604759e-05	0.00019828843765843247	0.000452097637861226	0.00015069921262040865	0.0005869337754689601	0.000904195275722452	0.0007217699130766941	0.00023794612519011896	0.0014831975136850748	0.0019432266890526382	0.0011262783258998964	0.0014990605886977494	0.0014990605886977494	0.001911500539027289	0.001602170576280134	0.0013087036885456543	0.002657065064622995	0.0005155499379119244	0.0011738675509379202	0.0017528697889005432	0.0017925274764322295	0.001935295151546301	0.0015069921262040866	0.002078062826660372	0.0012849090760266423	0.0019194320765336262	0.002125652051698396	0.0026332704521039828	0.0016735544138371699	0.002331872026863166
209135_HY5CNBGXT_TCDM_2_A02_X4_32_2_i_TCAGGA_S9_R1_001	0.0005184325227237615	0.0009331785409027707	0.015103667495352252	0.002125573343167422	0.007137087729497117	0.015985002783982648	1.728108409079205e-05	5.184325227237615e-05	0.0	2.5921626136188075e-05	0.0001987324670441086	0.0	8.640542045396026e-06	0.0	0.0	6.91243363631682e-05	8.640542045396026e-06	6.91243363631682e-05	0.00011232704659014832	0.00015552975681712845	0.0004493081863605933	0.0001036865045447523	0.0005616352329507416	0.0007603676999948502	0.0009850217931751469	0.00021601355113490064	0.0013133623909001959	0.0022379003897575705	0.0011837542602192554	0.0014343299795357403	0.001650343530670641	0.002220619305666779	0.0015725786522620769	0.001356565101127176	0.0028081761647537084	0.0006480406534047019	0.0008035704102218304	0.0017540300352153933	0.0018145138295331655	0.0021946976795305904	0.0017540300352153933	0.002393430146574699	0.0011751137181738593	0.0022465409318029664	0.002315665268166135	0.0025316788193010353	0.0014948137738535125	0.0028513788749806885
209136_HY5CNBGXT_TCDM_2_B02_C14_3_2_i_CGGTTA_S10_R1_001	0.000614503835557369	0.0009656488844472941	0.015432824898712212	0.0019664122737835807	0.00690000021068703	0.016170229501381053	3.5114504888992515e-05	5.2671757333488766e-05	0.0	0.0	0.00015801527200046632	0.0	6.14503835557369e-05	8.778626222248129e-06	8.778626222248129e-06	6.14503835557369e-05	1.7557252444496257e-05	0.00010534351466697753	0.00017557252444496256	0.00016679389822271446	0.0004564885635569027	0.00017557252444496256	0.00043893131111240644	0.0007988549862245796	0.0006847328453353541	0.00028969466533418825	0.0013255725595594675	0.001983969526228077	0.0012026717924479937	0.0014660305791154376	0.00136068706444846	0.001975190900005829	0.0014133588217819489	0.0013255725595594675	0.002510687099562965	0.0005881679568906246	0.0011412214088922568	0.001703053487116137	0.0017996183755608665	0.002054198536006062	0.0018698473853388513	0.0019664122737835807	0.0011236641564477605	0.002115648919561799	0.002054198536006062	0.002510687099562965	0.0015625954675601668	0.002493129847118469
209137_HY5CNBGXT_TCDM_2_C02_X4_32_3_i_TTAACT_S11_R1_001	0.0004779746303015602	0.0008165399934318319	0.01535493499843762	0.002330126322720106	0.0070700414065439105	0.016749027670150504	3.9831219191796677e-05	3.9831219191796677e-05	0.0	1.9915609595898338e-05	0.0002389873151507801	0.0	4.978902398974585e-05	2.987341439384751e-05	0.0	7.966243838359335e-05	1.9915609595898338e-05	6.970463358564419e-05	8.962024318154253e-05	0.00017924048636308506	0.0004281856063118143	0.00021907170555488173	0.0005377214590892552	0.0008165399934318319	0.0009161180414113238	0.0002987341439384751	0.0014339238909046805	0.0019616875451959866	0.0011551053565621039	0.0014837129148944264	0.0013741770621169855	0.0020612655931754784	0.0017326580348431557	0.001115274137370307	0.0027881853434257677	0.0005576370686851535	0.0011451475517641546	0.0019816031547918852	0.0017227002300452064	0.001762531449237003	0.0014637973052985282	0.0022006748603467666	0.0013841348669149348	0.00228033729873036	0.0021907170555488173	0.0023599997371139534	0.0013741770621169855	0.002589029247466784
209138_HY5CNBGXT_TCDM_2_D02_X4_32_3_o_ATGAAC_S12_R1_001	0.00046645855151932077	0.0010821838395248242	0.014665456859767447	0.00223900104729274	0.006194569564176581	0.016755191170574002	7.463336824309132e-05	7.463336824309132e-05	3.731668412154566e-05	1.865834206077283e-05	0.00026121678885081967	9.329171030386415e-06	1.865834206077283e-05	0.0	0.0	2.798751309115925e-05	3.731668412154566e-05	5.59750261823185e-05	0.00013060839442540983	0.00019591259163811474	0.0003918251832762295	0.00014926673648618264	0.0005970669459447306	0.0007463336824309133	0.001007550471281733	0.00019591259163811474	0.0015113257069225994	0.0021177218238977165	0.0010915130105552107	0.0014646798517706672	0.001697909127530328	0.0021363801659584894	0.0015579715620745315	0.0012221214049806205	0.002668142914690515	0.0006437128010966627	0.0010821838395248242	0.001772542495773419	0.001660592443408782	0.001903150890198829	0.0015766299041353041	0.0021083926528673302	0.0010448671554032787	0.001903150890198829	0.002192355192140808	0.002425584467900468	0.001501996535892213	0.0020897343108065573
209139_HY5CNBGXT_TCDM_2_E02_A04_3_2_o_CCTAAG_S13_R1_001	0.00041835202769251363	0.0007769394800003826	0.01541926044923836	0.0026894058923090164	0.006753397018464864	0.014881379270776556	0.00017929372615393442	0.0	0.0	2.98822876923224e-05	0.0002390583015385792	0.0	2.98822876923224e-05	0.0	0.0	2.98822876923224e-05	2.98822876923224e-05	2.98822876923224e-05	5.97645753846448e-05	0.00020917601384625681	0.0003884697400001913	8.964686307696721e-05	0.0004781166030771584	0.0006872926169234153	0.0005976457538464481	5.97645753846448e-05	0.0009861154938466394	0.0013745852338468306	0.0006872926169234153	0.0009861154938466394	0.0010757623569236066	0.0015538789600007652	0.0013447029461545082	0.0008665863430773498	0.0016734081107700545	0.0003884697400001913	0.0009562332061543168	0.0011952915076928962	0.0013447029461545082	0.0014941143846161201	0.001045880069231284	0.001255056083077541	0.001045880069231284	0.0013148206584621858	0.0015837612476930875	0.0022710538646165024	0.001045880069231284	0.0015538789600007652
209140_HY5CNBGXT_TCDM_2_F02_X4_32_1_i_CCGACC_S14_R1_001	0.0003786581533094302	0.0011359744599282906	0.014662485158704048	0.002292985483929327	0.006142676709241867	0.016177117771941765	4.207312814549224e-05	2.103656407274612e-05	0.0	2.103656407274612e-05	0.00025243876887295343	1.051828203637306e-05	3.155484610911918e-05	1.051828203637306e-05	0.0	5.2591410181865306e-05	2.103656407274612e-05	8.414625629098448e-05	0.00015777423054559592	0.00017881079461834202	0.0004943592557095338	0.00016829251258196896	0.0005259141018186531	0.0005890237940368914	0.0007257614605097412	0.00028399361498207266	0.0012621938443647673	0.0019038090485835242	0.0011044196138191714	0.0011464927419646636	0.0013463401006557517	0.0018932907665471508	0.0014725594850922286	0.0011254561778919175	0.0025349059707659074	0.0005048775377459069	0.001220120716219275	0.001861735920438032	0.0016198154336014511	0.0021036564072746122	0.0015882605874923323	0.001872254202474405	0.0012096024341829018	0.0020721015611654932	0.0021983209456019697	0.0023140220480020735	0.0014935960491649746	0.002650607073166011
209141_HY5CNBGXT_TCDM_2_G02_A04_3_2_i_GGCTGC_S15_R1_001	0.0005770032162586684	0.0009830425165888424	0.015066195091198564	0.00226527188605255	0.005791402652077746	0.016476647397608644	0.0	2.1370489491061793e-05	0.0	1.0685244745530896e-05	0.00022439013965614883	1.0685244745530896e-05	1.0685244745530896e-05	3.205573423659269e-05	1.0685244745530896e-05	4.2740978982123585e-05	0.0	6.411146847318538e-05	0.00012822293694637077	0.00018164916067402523	0.00036329832134805045	0.00016027867118296343	0.00045946552405782854	0.0007265966426961009	0.0007693376216782246	0.0002885016081293342	0.0012715441247181766	0.001880603075213438	0.0011112654535352132	0.0012501736352271149	0.001357026082682424	0.0019981407674142778	0.0013677113274279547	0.0012181179009905223	0.002468291536217637	0.0004915212582944212	0.000940301537606719	0.0014852490196287946	0.0016241572013206962	0.001966085033177685	0.0012501736352271149	0.0019233440541955615	0.0010792097192986207	0.0019340292989410922	0.0019767702779232158	0.002254586641307019	0.0013249703484458312	0.0024148653124899827
209142_HY5CNBGXT_TCDM_2_H02_A04_3_1_o_TACCTT_S16_R1_001	0.0005069140256915292	0.0010326026449271892	0.014794379712775002	0.002121529070486771	0.00709679635968141	0.016765712034908727	0.00011264756126478429	9.387296772065357e-05	0.0	3.754918708826143e-05	0.0002816189031619607	1.8774593544130715e-05	1.8774593544130715e-05	0.0	0.0	4.6936483860326784e-05	5.6323780632392145e-05	9.387296772065357e-05	0.00020652052898543786	0.0002722316063898954	0.0004224283547429411	0.00016897134189717644	0.00052568861923566	0.0009575042707506665	0.0008448567094858822	0.00026284430961783	0.0015395166706187186	0.0019243958382733981	0.0012485104706846926	0.0014550309996701305	0.001501967483530457	0.0020933671801705747	0.001595840451251111	0.0013329961416332808	0.002834963625163738	0.0004975267289194639	0.0011264756126478429	0.0017178753092879603	0.0019619450253616595	0.0019901069156778558	0.0016146150447952413	0.0018868466511851368	0.0012485104706846926	0.002074592586626444	0.0020839798833985094	0.0025439574252297116	0.0013893199222656729	0.0024406971607369926
209143_HY5CNBGXT_TCDM_2_A03_C14_3_3_o_TCTTAA_S17_R1_001	0.0003127255655299809	0.0007427232181337047	0.014659010884217855	0.0022086243065554904	0.0068799624416595795	0.017121724712766455	3.909069569124761e-05	1.9545347845623806e-05	0.0	2.9318021768435713e-05	0.00015636278276499044	0.0	3.909069569124761e-05	9.772673922811903e-06	0.0	8.795406530530712e-05	3.909069569124761e-05	6.840871745968332e-05	4.886336961405952e-05	0.00012704476099655474	0.000302952891607169	0.00018568080453342618	0.0003909069569124762	0.0006938598485196451	0.0009284040226671308	0.00018568080453342618	0.0013486290013480426	0.0018861260671026974	0.0010749941315093094	0.0011629481968146165	0.0011629481968146165	0.0016320365451095878	0.0014756737623445974	0.0010261307618952497	0.0024627138285485996	0.0006352238049827737	0.001114084827200557	0.0019447621106395687	0.0017688539800289544	0.001622263871186776	0.001690672588646459	0.001934989436716757	0.0012997656317339833	0.001934989436716757	0.0019447621106395687	0.0022770330240151735	0.0013584016752708546	0.0024431684807029756
209144_HY5CNBGXT_TCDM_2_B03_C14_3_1_i_GTCAGG_S18_R1_001	0.0006651576322807046	0.0008465642592663513	0.01398846656978209	0.0022171921076023487	0.005563136560893166	0.015540501045103735	4.0312583774588155e-05	4.0312583774588155e-05	2.0156291887294077e-05	1.0078145943647039e-05	0.0002821880864221171	1.0078145943647039e-05	2.0156291887294077e-05	1.0078145943647039e-05	1.0078145943647039e-05	0.00011085960538011742	4.0312583774588155e-05	6.0468875661882236e-05	8.062516754917631e-05	0.00017132848104199966	0.00041320398368952866	9.070331349282335e-05	0.0005542980269005872	0.0008465642592663513	0.0009171112808718805	0.00017132848104199966	0.001541956329377997	0.0020257073346730547	0.0012396119510685857	0.0014310967239978794	0.0015016437456034089	0.002297817275151525	0.0014512530158851736	0.0011791430754067036	0.0026908649669537595	0.0006752357782243517	0.0010985179078575272	0.0018644569995747023	0.0017032066644763495	0.0017435192482509378	0.0016628940807017615	0.0022171921076023487	0.001290002680786821	0.001834222561743761	0.0021869576697714074	0.0026707086750664653	0.0015318781834343501	0.0020760980643912902
209145_HY5CNBGXT_TCDM_2_C03_A04_3_3_o_ATACTG_S19_R1_001	0.0001462376346940014	0.0013892575295930134	0.015208714008176145	0.0025591586071450245	0.007531238186741072	0.017987229067362172	0.0	0.0	7.31188173470007e-05	0.0	0.0003290346780615031	0.0	3.655940867350035e-05	0.0	0.0	7.31188173470007e-05	7.31188173470007e-05	3.655940867350035e-05	7.31188173470007e-05	0.00021935645204100213	0.0002924752693880028	0.00018279704336750176	0.0005849505387760056	0.0009871040341845095	0.0008408663994905081	0.0003290346780615031	0.0018645298423485177	0.002412920972451023	0.0013892575295930134	0.0019010892510220182	0.0012795793035725123	0.002376361563777523	0.0019376486596955186	0.0015354951642870148	0.00314410914592103	0.0006580693561230063	0.0009871040341845095	0.001754851616328017	0.0019376486596955186	0.001754851616328017	0.001645173390307516	0.002303242746430522	0.0012064604862255116	0.001645173390307516	0.002412920972451023	0.002741955650512526	0.001352698120919513	0.0020473268857160195
209146_HY5CNBGXT_TCDM_2_D03_A27_3_3_i_TATGTC_S20_R1_001	0.0004552793901156469	0.0008511745119553398	0.014826272312896502	0.002315986462762204	0.006651038046906841	0.01571703633703581	0.0	5.938426827595395e-05	1.979475609198465e-05	9.897378045992325e-06	0.0002771265852877851	9.897378045992325e-06	4.948689022996162e-05	2.9692134137976974e-05	9.897378045992325e-06	6.928164632194627e-05	9.897378045992325e-06	0.00010887115850591555	0.00013856329264389254	0.00020784493896583878	0.00038599774379370063	9.897378045992324e-05	0.0005641505486215625	0.0009501482924152632	0.0008709692680473244	0.0002474344511498081	0.0013559407923009483	0.002048757255520411	0.001128301097243125	0.0015142988410368255	0.0014252224386228946	0.00195968085310648	0.0017518359141406414	0.0012371722557490406	0.002632702560233958	0.0005047662803456085	0.0010887115850591557	0.0018903992067845338	0.0019794756091984647	0.0018013228043706028	0.0016429647556347256	0.002028962499428426	0.0012074801216110636	0.0018903992067845338	0.0019101939628765185	0.0024248576212681193	0.001464811950806864	0.0022961917066702192
209147_HY5CNBGXT_TCDM_2_E03_C14_3_3_i_GAGTCC_S21_R1_001	0.0	0.002187689143957238	0.018230742866310316	0.002187689143957238	0.0029169188586096505	0.015313824007700665	0.0	0.0	0.0	0.0	0.0	0.0	0.0	0.0	0.0	0.0	0.0	0.0	0.0	0.0003646148573262063	0.0003646148573262063	0.0003646148573262063	0.0	0.0003646148573262063	0.0007292297146524126	0.0003646148573262063	0.0003646148573262063	0.0007292297146524126	0.0003646148573262063	0.001093844571978619	0.0007292297146524126	0.0007292297146524126	0.0003646148573262063	0.0003646148573262063	0.002187689143957238	0.0007292297146524126	0.0007292297146524126	0.001093844571978619	0.0007292297146524126	0.002187689143957238	0.001093844571978619	0.001093844571978619	0.0007292297146524126	0.0007292297146524126	0.0014584594293048253	0.0014584594293048253	0.0007292297146524126	0.0007292297146524126
209148_HY5CNBGXT_TCDM_2_F03_A03_3_1_i_GGAGGT_S22_R1_001	0.0005421089372079388	0.000875714437028209	0.013177417242900667	0.001709728186578884	0.007089116871180738	0.01622156742876063	0.0	8.34013749550675e-05	4.170068747753375e-05	0.0	0.00010425171869383437	0.0	4.170068747753375e-05	2.0850343738766877e-05	0.0	2.0850343738766877e-05	4.170068747753375e-05	0.0001876530936489019	6.255103121630063e-05	0.00012510206243260125	0.0004795579059916382	0.00022935378112643565	0.0003544558435590369	0.0005838096246854726	0.0007297620308568407	0.0002502041248652025	0.0011050682181546446	0.0018348302490114852	0.0012718709680647796	0.001355272343019847	0.001209319936848479	0.0019599323114440864	0.001751428874056418	0.0013135716555423133	0.0025437419361295593	0.0007714627183343745	0.001188469593109712	0.0017722792177951845	0.001688877842840117	0.00166802749910135	0.0015220750929299822	0.0021267350613542214	0.001188469593109712	0.001709728186578884	0.0022935378112643565	0.0023352384987418906	0.0013969730304973808	0.0019182316239665527
209149_HY5CNBGXT_TCDM_2_G03_A03_3_3_i_CACACT_S23_R1_001	0.0005218222031333417	0.0007626632199641146	0.014932143043507928	0.0024886905072513217	0.006261866437600099	0.01778209507600541	4.014016947179551e-05	0.0	0.0	4.014016947179551e-05	0.00014049059315128428	2.0070084735897755e-05	0.0	0.0	0.0	4.014016947179551e-05	2.0070084735897755e-05	6.021025420769327e-05	0.00012042050841538653	0.00016056067788718204	0.0003612615252461596	0.00028098118630256856	0.0005017521183974438	0.0006021025420769326	0.0010035042367948876	0.00020070084735897755	0.001404905931512843	0.0020872888125333666	0.001143994829946172	0.0012443452536256608	0.0015052563551923317	0.0021876392362128556	0.0015855366941359226	0.0009232238978512967	0.0031510033035359476	0.0007425931352282169	0.0013246255925692518	0.0017260272872872068	0.0016658170330795135	0.0020270785583256733	0.0015855366941359226	0.0020872888125333666	0.0014450461009846384	0.0020070084735897753	0.002448550337779526	0.002528830676723117	0.0012844854230974563	0.0022478494904205485
209150_HY5CNBGXT_TCDM_2_H03_X4_32_1_o_CCGCAA_S24_R1_001	0.0004367801554443602	0.0010064934016761344	0.014926487051272483	0.0017091397386953225	0.0062098743839263375	0.015970961336030737	3.798088308211828e-05	7.596176616423656e-05	3.798088308211828e-05	1.899044154105914e-05	0.0002943518438864166	1.899044154105914e-05	4.7476103852647847e-05	9.49522077052957e-06	9.49522077052957e-06	3.798088308211828e-05	2.8485662311588707e-05	7.596176616423656e-05	0.00013293309078741397	0.00019939963618112095	0.0005222371423791263	0.0002563709608042984	0.0005792084670023037	0.0008450746485771316	0.0007691128824128951	0.00028485662311588707	0.0015097401025142014	0.0020224820241227983	0.0011869025963161962	0.0014907496609731423	0.0014717592194320834	0.0020984437902870348	0.0016426731933016155	0.0012248834793983144	0.002734623581912516	0.0005697132462317741	0.0011584169340046074	0.001804091946400618	0.0018420728294827366	0.00197500592027015	0.0017851015048595592	0.00197500592027015	0.0013957974532678467	0.001899044154105914	0.0018515680502532658	0.002753614023453575	0.0017091397386953225	0.002335824309550274
209151_HY5CNBGXT_TCDM_2_A04_A04_3_3_i_TTTATG_S25_R1_001	0.000666960850479635	0.0010635321669810395	0.015592463126077954	0.002036934489302669	0.0076970887339136256	0.01681822901344593	5.4077906795646076e-05	3.605193786376406e-05	3.605193786376406e-05	2.7038953397823038e-05	0.0002072986427166433	0.0	9.012984465941014e-06	1.802596893188203e-05	0.0	6.309089126158708e-05	9.012984465941014e-06	4.5064922329705064e-05	9.012984465941013e-05	0.0001982856582507023	0.0003334804252398175	0.00017124670485287925	0.0004867011611608147	0.000730051741741222	0.0009012984465941012	0.00024335058058040735	0.0012798437941636239	0.001910752706779495	0.0010274802291172756	0.001342934685425211	0.0013158957320273878	0.0018927267378476128	0.0013789866232889751	0.0012167529029020368	0.0024335058058040735	0.0004596622077629917	0.0009824153067875703	0.0016313501883353234	0.0016674021261990875	0.0019197656912454358	0.001360960654357093	0.0018927267378476128	0.001306882747561447	0.002036934489302669	0.002244233132019312	0.002325349992212781	0.001469116467948385	0.0024695577436678376
209152_HY5CNBGXT_TCDM_2_B04_X4_32_2_o_AACGCC_S26_R1_001	0.0	0.0	0.014122584029374975	0.002017512004196425	0.010087560020982125	0.010087560020982125	0.0	0.0	0.0	0.0	0.0	0.0	0.0	0.0	0.0	0.0	0.0	0.0	0.0	0.0	0.0	0.0010087560020982124	0.0010087560020982124	0.0010087560020982124	0.0010087560020982124	0.0	0.002017512004196425	0.002017512004196425	0.0010087560020982124	0.0030262680062946375	0.002017512004196425	0.002017512004196425	0.002017512004196425	0.0010087560020982124	0.005043780010491062	0.002017512004196425	0.00403502400839285	0.005043780010491062	0.0010087560020982124	0.005043780010491062	0.002017512004196425	0.002017512004196425	0.005043780010491062	0.0030262680062946375	0.0030262680062946375	0.002017512004196425	0.002017512004196425	0.002017512004196425
209153_HY5CNBGXT_TCDM_2_C04_A27_3_1_o_CAAGCA_S27_R1_001	0.00028263874547589584	0.001111712398871857	0.014188465022889968	0.0018277305540774593	0.00646300597988215	0.01595966782787225	0.0	1.8842583031726386e-05	3.768516606345277e-05	2.8263874547589583e-05	0.00023553228789657983	0.0	6.594904061104236e-05	9.421291515863193e-06	0.0	2.8263874547589583e-05	9.421291515863193e-06	6.594904061104236e-05	0.00011305549819035833	0.00020726841334899027	0.0005087497418566125	0.0001601619557696743	0.00047106457579315967	0.000725439446721466	0.0009515504431021826	0.00028263874547589584	0.0016769898898236484	0.002157475757132671	0.0012436104800939416	0.0015450918086015637	0.0013566659782842999	0.002232846089259577	0.001554513100117427	0.0013566659782842999	0.0029582855359810427	0.0004899071588248861	0.00112113369038772	0.0016769898898236484	0.0015450918086015637	0.0018842583031726387	0.0015262492255698375	0.0024024293365451145	0.001215346605546352	0.0020444202589423133	0.002336480295934072	0.002807544871727232	0.0014791427679905214	0.0021103692995533556
209154_HY5CNBGXT_TCDM_2_D04_A27_3_3_o_GCTCGA_S28_R1_001	0.0006573619022816065	0.0008893719854398205	0.015351333835635162	0.002648781782722944	0.006186935550885708	0.01585402234914463	3.866834719303568e-05	3.866834719303568e-05	1.933417359651784e-05	2.9001260394776758e-05	0.00017400756236866054	9.66708679825892e-06	9.66708679825892e-06	9.66708679825892e-06	0.0	6.766960758781244e-05	9.66708679825892e-06	6.766960758781244e-05	0.00010633795478084812	0.00017400756236866054	0.00042535181912339246	0.00012567212837736596	0.00042535181912339246	0.0006863631626763833	0.0008217023778520081	0.00019334173596517837	0.001421061759344061	0.0017400756236866052	0.0011503833289928113	0.001334057978159731	0.0012760554573701772	0.001904416099257007	0.001556400974519686	0.0011697175025893293	0.0025714450883368724	0.0004930214267112048	0.00107304663460674	0.0016917401896953108	0.001778743970879641	0.0016240705821074985	0.0013437250649579898	0.0018850819256604893	0.0014693971933353556	0.0018754148388622303	0.002107424922020444	0.0025521109147403544	0.0015757351481162037	0.002378103352371694
209155_HY5CNBGXT_TCDM_2_E04_A27_3_2_o_GCGAAT_S29_R1_001	0.000466009881980587	0.00078739600748444	0.015265840961433023	0.0022175642659765867	0.006283098753600328	0.015892543906165537	3.213861255038531e-05	1.6069306275192655e-05	1.6069306275192655e-05	8.034653137596327e-06	0.0001767623690271192	0.0	2.410395941278898e-05	1.6069306275192655e-05	1.6069306275192655e-05	4.017326568798164e-05	4.820791882557796e-05	7.231187823836695e-05	0.00010445049078875227	0.0002169356347151008	0.00044994057570539435	0.00013658910333913757	0.0004740445351181833	0.0007150841292460731	0.0007954306606220364	0.0002410395941278898	0.001349821727116183	0.001839935568509559	0.0011168167861258895	0.0014301682584921462	0.0012935791551530087	0.002032767243811871	0.0016471038932072473	0.0011409207455386784	0.002546985044618036	0.0005222524539437612	0.0010445049078875225	0.0017595890371335954	0.001767623690271192	0.0018479702216471553	0.0016310345869320543	0.0020247325906742747	0.0012453712363274308	0.002040801896949467	0.0020809751626374487	0.0023139801036277424	0.0014864108304553207	0.002378257328728513
209156_HY5CNBGXT_TCDM_2_F04_X5_66_3_o_TGGATT_S30_R1_001	0.0005352232801977303	0.0009130279485725989	0.01412044948051071	0.0020307000925149183	0.006092100277544754	0.016796565881499362	1.5741861182286185e-05	3.148372236457237e-05	0.0	2.361279177342928e-05	0.00014954768123171878	0.0	3.935465295571547e-05	7.870930591143093e-06	0.0	5.509651413800165e-05	2.361279177342928e-05	5.509651413800165e-05	7.870930591143093e-05	0.00012593488945828948	0.0004643849048774426	0.00017316047300514807	0.0003778046683748685	0.0008500605038434542	0.0008107058508877387	0.0002754825706900083	0.0014797349511349017	0.0020543128842883474	0.0012357361028094657	0.0015977989100020482	0.0013695419228588982	0.002117280329017492	0.001511218673499474	0.001267219825174038	0.0027233419845355106	0.000669029100247163	0.0011334140051246055	0.0018417977583274838	0.0017158628688691943	0.0018339268277363407	0.0017001210076869084	0.0023927628997075004	0.0012750907557651813	0.002022829161923775	0.002164505912564351	0.0024714722056189313	0.0016292826323666201	0.002361279177342928
209157_HY5CNBGXT_TCDM_2_G04_C17_3_1_i_ACCTAC_S31_R1_001	0.0002544990431744902	0.0009816391665301764	0.014651873485617079	0.0019450998299764607	0.005980727514600519	0.017415005954368686	5.4535509251676465e-05	7.271401233556862e-05	1.8178503083892156e-05	1.8178503083892156e-05	0.0001636065277550294	2.7267754625838232e-05	1.8178503083892156e-05	1.8178503083892156e-05	0.0	8.18032638775147e-05	2.7267754625838232e-05	9.089251541946078e-05	0.00013633877312919118	0.00019087428238086763	0.0004271948224714656	0.00019996353392281373	0.0005726228471426029	0.0008998359026526617	0.0007907648841493088	0.0002454097916325441	0.0013815662343758038	0.0021268848608153824	0.001054353178865745	0.0013724769828338578	0.0016996900383439168	0.002090527854647598	0.0015724405167566713	0.0010725316819496372	0.002808578726461338	0.0006362476079362255	0.0011361564427432597	0.0017633147991375393	0.0017269577929697548	0.0021450633638992744	0.0018269395599311616	0.002208688124692897	0.001281584467414397	0.0022904913885704115	0.0024268301616996025	0.0026267936956224165	0.00164515452909224	0.0026177044440804705
209158_HY5CNBGXT_TCDM_2_H04_C17_3_1_o_CGAAGG_S32_R1_001	0.0004582805057640947	0.0009452035431384452	0.014120768083856167	0.002062262275938426	0.006129501764594767	0.016455134410092023	2.864253161025592e-05	1.432126580512796e-05	0.0	2.1481898707691938e-05	0.00019333708836922743	7.16063290256398e-06	3.5803164512819894e-05	3.5803164512819894e-05	7.16063290256398e-06	3.5803164512819894e-05	2.864253161025592e-05	5.728506322051184e-05	8.592759483076775e-05	0.00018617645546666344	0.000350871012225635	0.00014321265805127957	0.00047976240447178664	0.0007661877205743458	0.0009094003786256254	0.0002148189870769194	0.0014392872134153596	0.001990655946912786	0.0010454524037743409	0.001446447846317924	0.0012889139224615163	0.0020336197443281702	0.0014965722766358718	0.0013175564540717723	0.0026565948068512364	0.0006444569612307581	0.000981006707651265	0.0016469455675897152	0.001682748732102535	0.0017471944282256109	0.0018188007572512508	0.002040780377230734	0.0012101469605333124	0.0019763346811076583	0.0021410292378666296	0.002420293921066625	0.0015395360740512556	0.0022054749339897057
209159_HY5CNBGXT_TCDM_2_A05_C17_3_2_i_AGATAG_S33_R1_001	0.0006282956965171856	0.0009329239130103665	0.014317526175179502	0.0021323975154522662	0.006892213398158218	0.017249572758926367	3.807852706164761e-05	5.7117790592471415e-05	0.0	2.8558895296235707e-05	0.00022847116236988566	0.0	0.0	9.519631765411903e-06	0.0	0.00010471594941953094	9.519631765411903e-06	3.807852706164761e-05	0.00010471594941953094	0.00020943189883906188	0.000390304902381888	0.00013327484471576664	0.0006092564329863618	0.000780609804763776	0.0010852380212569568	0.00021895153060447374	0.0012946699200960187	0.002179995674279326	0.001075718389491545	0.0014850625554042568	0.0014469840283426092	0.0022180742013409734	0.0015326607142313162	0.0014469840283426092	0.0027511735802040397	0.0006568545918134213	0.0009519631765411903	0.001970563775440264	0.0018563281942553212	0.0017896907718974377	0.00175161224483579	0.002275191991933445	0.0010852380212569568	0.0020657600930943827	0.0024560649954762713	0.0026178987354882736	0.0017420926130703783	0.0021704760425139136
209160_HY5CNBGXT_TCDM_2_B05_C17_3_2_o_TTGGTA_S34_R1_001	0.0005701438822457931	0.001066720811943742	0.014216813579870905	0.0023357507433940557	0.0065474587767581395	0.017692852087756547	1.8391738136961066e-05	0.0	1.8391738136961066e-05	2.75876072054416e-05	0.00022989672671201332	0.0	4.5979345342402666e-05	0.0	0.0	6.437108347936373e-05	2.75876072054416e-05	4.5979345342402666e-05	5.51752144108832e-05	0.0001655256432326496	0.00043220584621858507	0.0001103504288217664	0.0004965769296979488	0.0008276282161632481	0.0009471745140534949	0.00021150498857505225	0.001480534920025366	0.002087462278545081	0.0011402877644915862	0.0015081225272308074	0.0014345555746829632	0.0019863077187917953	0.00155410187257321	0.0011954629789024693	0.002657606160790874	0.0005977314894512346	0.0009287827759165339	0.0016092770869840932	0.0015632977416416905	0.001811586206490665	0.0016000812179156128	0.002151833362024445	0.0013517927530666384	0.0021610292310929253	0.0023357507433940557	0.0023357507433940557	0.0014161638365460022	0.0024093176959419
209161_HY5CNBGXT_TCDM_2_C05_X5_66_2_i_GTTACC_S35_R1_001	0.0005562576100510982	0.0010727825336699752	0.014840158382434656	0.0023044958130688355	0.006555893261316515	0.016409599496507398	1.986634321611065e-05	0.0	1.986634321611065e-05	1.986634321611065e-05	0.0002781288050255491	9.933171608055324e-06	1.986634321611065e-05	9.933171608055324e-06	9.933171608055324e-06	6.953220125638727e-05	0.0	3.97326864322213e-05	9.933171608055324e-05	0.00019866343216110648	0.00045692589397054495	0.00020859660376916186	0.0005860571248752643	0.0008045869002524814	0.0009833839891974772	0.00021852977537721715	0.001311178652263303	0.001986634321611065	0.0010131835040216432	0.0012615127942230263	0.001370777681911635	0.0019965674932191204	0.0014899757412082987	0.0012118469361827497	0.0028210207366877126	0.0005661907816591535	0.0010727825336699752	0.0019171021203546778	0.0017780377178419034	0.0020958992092996735	0.0016290401437210735	0.0021753645821641163	0.0013509113386955243	0.0022349636118124483	0.0024336270439735547	0.002602490961310495	0.0014502430547760775	0.002622357304526606
209162_HY5CNBGXT_TCDM_2_D05_X5_66_1_i_CGCAAC_S36_R1_001	0.00039350447779988275	0.0010868218910663426	0.014672095529395628	0.0021736437821326853	0.006520931346398057	0.015983777122061903	1.873830846666108e-05	3.747661693332216e-05	1.873830846666108e-05	2.810746269999162e-05	0.0001405373134999581	0.0	9.36915423333054e-06	9.36915423333054e-06	0.0	1.873830846666108e-05	0.0	8.432238809997487e-05	3.747661693332216e-05	0.0001592756219666192	0.0002810746269999162	0.00010306069656663596	0.0004497194031998659	0.0008994388063997318	0.0006652099505664684	0.0002810746269999162	0.0013023124384329452	0.001873830846666108	0.001021237811433029	0.0014896955230995562	0.0013116815926662757	0.001817615921266125	0.001592756219666192	0.001143036816466326	0.0026046248768658905	0.0004028736320332133	0.0010868218910663426	0.0015552796027328698	0.0017051860704661585	0.0017426626873994807	0.0015178029857995476	0.0018550925381994473	0.0010493452741330205	0.0019487840805327524	0.002089321394032711	0.0024734567175992627	0.0014241114434662423	0.00241724179219928
209163_HY5CNBGXT_TCDM_2_E05_C17_3_3_o_TGGCGA_S37_R1_001	0.0005953436191070905	0.0011024881835316489	0.015059988587042326	0.002182926603392665	0.006460580755495463	0.01695626826271676	0.0	2.204976367063298e-05	2.204976367063298e-05	3.307464550594947e-05	0.0002094727548710133	1.102488183531649e-05	3.307464550594947e-05	1.102488183531649e-05	1.102488183531649e-05	7.717417284721541e-05	1.102488183531649e-05	5.512440917658245e-05	8.819905468253191e-05	0.0002204976367063298	0.000496119682589242	0.00026459716404759575	0.0005953436191070905	0.0008268661376487367	0.0009591647196725345	0.00028664692771822873	0.001532458575108992	0.002149851957886715	0.0012347867655554466	0.00144425952042646	0.0014663092840970931	0.002006528494027601	0.0017309064481446888	0.0013009360565673458	0.0028333946316763375	0.000606368500942407	0.0011576125927082314	0.0018521801483331703	0.001830130384662537	0.002094727548710133	0.001686806920803423	0.00210575243054545	0.0014663092840970931	0.0020837026668748164	0.0023593247127577286	0.002855444395346971	0.0016096327479562073	0.0026018721131346916
209164_HY5CNBGXT_TCDM_2_F05_A03_3_2_o_ACCGTG_S38_R1_001	0.00038848190014266997	0.0011654457004280098	0.014004772500143254	0.0021949227358060855	0.006623616397432523	0.01631623980599214	3.8848190014267e-05	0.0	1.94240950071335e-05	3.8848190014267e-05	0.00018452890256776824	9.71204750356675e-06	9.71204750356675e-06	9.71204750356675e-06	0.0	7.7696380028534e-05	1.94240950071335e-05	7.7696380028534e-05	0.00011654457004280098	0.00016510480756063475	0.00037876985263910325	9.712047503566749e-05	0.0004856023751783375	0.0006798433252496724	0.0006798433252496724	0.00013596866504993449	0.001320838460485078	0.0019229854057062166	0.001048901130385209	0.001398534840513612	0.0010683252253923423	0.0018938492631955161	0.001388822793010045	0.0012140059379458436	0.002428011875891687	0.00044675418516407044	0.0009809167978602417	0.0017384565031384482	0.0016121998855920803	0.0016219119330956472	0.0014082468880171786	0.0016801842181170476	0.001204293890442277	0.0016898962656206142	0.0017675926456491486	0.0023308914008560197	0.0014568071255350124	0.0019229854057062166
209165_HY5CNBGXT_TCDM_2_G05_X5_66_3_i_CAACAG_S39_R1_001	0.000553304387001518	0.0008512375184638737	0.015003061262925776	0.0025111506794684275	0.006511967016248635	0.016875783803546297	0.0	0.0	0.0	2.1280937961596846e-05	0.0002979331314623558	3.192140694239527e-05	3.192140694239527e-05	0.0	0.0	8.512375184638739e-05	4.256187592319369e-05	0.00011704515878878266	0.00012768562776958108	0.00022344984859676688	0.0006171472008863085	0.0001808879726735732	0.0006277876698671069	0.0007980351735598817	0.0008618779874446722	0.0002979331314623558	0.0014896656573117793	0.0019578462924669097	0.0012981372156574075	0.0015641489401773683	0.001585429878138965	0.002138734265140483	0.0016811940989661508	0.0013939014364845934	0.0025324316174300246	0.0006065067319055101	0.001159811118907028	0.001968486761447708	0.002064250982274894	0.002117453327178886	0.001734396443870143	0.002138734265140483	0.0013726204985229965	0.001936565354505313	0.0021919366100444752	0.0028835670937963722	0.0015960703471197635	0.0022770603618908624
209166_HY5CNBGXT_TCDM_2_H05_X5_66_1_o_GATTGT_S40_R1_001	0.0005861360405003258	0.000837337200714751	0.014653401012508144	0.001674674401429502	0.006280029005360633	0.017081678894580923	8.373372007147511e-05	0.0	0.0	0.0	0.0002512011602144253	4.1866860035737555e-05	0.0	4.1866860035737555e-05	0.0	0.0	0.0	0.0	8.373372007147511e-05	0.00012560058010721266	0.00037680174032163794	8.373372007147511e-05	0.00037680174032163794	0.0005024023204288507	0.0006280029005360633	0.00016746744014295022	0.0011722720810006515	0.0019258755616439272	0.0009629377808219636	0.0014653401012508142	0.0010048046408577013	0.0023026773019655653	0.001590940681358027	0.0011722720810006515	0.0025538784621799908	0.0005442691804645882	0.0008792040607504885	0.001590940681358027	0.0015072069612865517	0.001590940681358027	0.001590940681358027	0.0022189435818940903	0.001214138941036389	0.0020933430017868776	0.0023864110220370403	0.002428277882072778	0.0014653401012508142	0.0020933430017868776
209167_HY5CNBGXT_TCDM_2_A06_X5_66_2_o_CTCTCG_S41_R1_001	0.0004592164371564143	0.0009368015317990851	0.015117405111189159	0.0020756582959469924	0.006557610722593596	0.01640321113522712	1.836865748625657e-05	1.836865748625657e-05	0.0	2.7552986229384854e-05	0.00014694925989005257	5.510597245876971e-05	2.7552986229384854e-05	0.0	9.184328743128286e-06	0.00011021194491753942	9.184328743128286e-06	8.265895868815457e-05	0.00014694925989005257	0.00015613358863318086	0.0003306358347526183	0.00012858060240379597	0.0005235067383583123	0.000707193313220878	0.0009184328743128286	0.0002020552323488223	0.0012766216952948318	0.001901156049827555	0.0010745664629460095	0.00128580602403796	0.001359280653982986	0.0020664739672038644	0.001515414242616167	0.0010286448192303678	0.002773667280424742	0.0005418753958445689	0.0010194604904872396	0.0018552344061119135	0.001643994845019963	0.0017909441049100156	0.0015613358863318084	0.002185870240864532	0.001221515722836062	0.00219505456960766	0.0022960821857820717	0.00246140010315838	0.0013409119964967297	0.002443031445672124
209168_HY5CNBGXT_TCDM_2_B06_A27_3_2_i_TGACAC_S42_R1_001	0.0004839293656697868	0.0008358779952478137	0.014759845652928498	0.002023704620073654	0.00642306248979899	0.01579369475231395	6.599036804588002e-05	2.1996789348626675e-05	0.0	6.599036804588002e-05	0.00015397752544038672	1.0998394674313337e-05	3.299518402294001e-05	2.1996789348626675e-05	0.0	7.698876272019336e-05	0.0	6.599036804588002e-05	5.499197337156669e-05	0.00014297913076607337	0.0004619325763211602	0.00015397752544038672	0.0005169245496927269	0.0008028828112248737	0.0007588892325276202	0.0002309662881605801	0.0013198073609176006	0.0018697270946332672	0.0009788571260138871	0.0015947672277754337	0.0014187929129864205	0.001979711041376401	0.0016057656224497474	0.001242818598197407	0.0023976500390003076	0.0004509341816468468	0.001077842678082707	0.0016827543851699407	0.001770741542564447	0.001990709436050714	0.0015617720437524937	0.001979711041376401	0.001242818598197407	0.001924719068004834	0.0021116917774681608	0.002518632380417754	0.0015507736490781806	0.002353656460303054
209169_HY5CNBGXT_TCDM_2_C06_C64_3_1_o_AAGACA_S43_R1_001	0.0004375088247518629	0.0009346779437880707	0.014338357393004235	0.0021278838294749697	0.006383651488424909	0.0159292985739201	5.9660294284344934e-05	1.9886764761448314e-05	0.0	0.0	0.00018892426523375898	0.0	1.9886764761448314e-05	9.943382380724157e-06	0.0	4.971691190362079e-05	3.977352952289663e-05	1.9886764761448314e-05	0.00012926397094941404	0.00018892426523375898	0.00037784853046751797	0.00016903750047231068	0.0005568294133205528	0.0007159235314121393	0.0006264330899856218	0.00021875441237593146	0.0014815639747278993	0.0019886764761448314	0.0009645080909302432	0.0012230360328290713	0.0011832625033061748	0.0017997522109110724	0.0015014507394893477	0.0010539985323567605	0.00265488309565335	0.00036790514808679377	0.0008153573552193808	0.0014119602980628301	0.0017798654461496238	0.0018096955932917964	0.0013423566213977612	0.0017500352990074517	0.001083828679498933	0.001839525740433969	0.001909129417099038	0.002356581624231625	0.0012329794152097955	0.002286977947566556
209170_HY5CNBGXT_TCDM_2_D06_X9_35_2_i_ACAGAT_S44_R1_001	0.0005087678239789644	0.0008947296214802477	0.014122693044933321	0.0020175275778476173	0.006385913376839415	0.01654372613835046	5.263115420472045e-05	5.263115420472045e-05	0.0	0.0	0.00019298089875064166	0.0	4.385929517060038e-05	0.0	0.0	5.263115420472045e-05	2.6315577102360225e-05	5.263115420472045e-05	7.894673130708067e-05	0.00013157788551180114	0.00037718993846716324	0.00019298089875064166	0.0004999959649448443	0.0007105205817637261	0.0008684140443778875	0.000236840193921242	0.001517531612902773	0.0017982311019946154	0.0010263075069920488	0.0012017446876744504	0.0014210411635274523	0.0018245466790969757	0.0015613909080733734	0.0011403416744356098	0.0026140139921677825	0.0005964864143201652	0.0011491135334697298	0.001894721551369936	0.001771915524892255	0.0018859496923358161	0.0014736723177321727	0.001973668282677017	0.0014824441767662929	0.002192964758530019	0.0020613868730182177	0.002543839119894822	0.001412269304493332	0.0025964702740995426
209171_HY5CNBGXT_TCDM_2_E06_C64_3_1_i_TAGGCT_S45_R1_001	0.00048200345424332606	0.0008951492721661768	0.013805956082255268	0.002306730816735917	0.006851334813887277	0.01633647421703273	6.885763632047515e-05	6.885763632047515e-05	0.0	1.7214409080118787e-05	0.0002754305452819006	2.5821613620178177e-05	1.7214409080118787e-05	8.607204540059393e-06	0.0	6.025043178041576e-05	8.607204540059393e-06	3.4428818160237574e-05	0.00012050086356083151	0.00019796570442136605	0.0004561818406231478	9.467924994065332e-05	0.00056807549964392	0.0007316123859050485	0.0008090772267655829	0.0002323945225816036	0.0016267616580712253	0.001971049839673601	0.0012480446583086119	0.0014374031581899187	0.0013857599309495623	0.0022895164076557986	0.0013857599309495623	0.0013685455218694436	0.0027887342709792436	0.0004561818406231478	0.0008693276585459988	0.0018075129534124725	0.0015923328399109877	0.001816120157952532	0.0013513311127893246	0.0020657290896142545	0.0012824734764688495	0.0019194066124332445	0.0020657290896142545	0.002823163089139481	0.0015234752035905126	0.002237873180415442
209172_HY5CNBGXT_TCDM_2_F06_C14_3_1_o_CTCCAT_S46_R1_001	0.000534589953123359	0.000776017673888747	0.014675356455096081	0.00225907367287613	0.006759976181430863	0.0168654507791821	1.724483719752771e-05	3.448967439505542e-05	0.0	4.311209299381928e-05	0.00017244837197527712	0.0	4.311209299381928e-05	0.0	8.622418598763855e-06	1.724483719752771e-05	0.0	3.448967439505542e-05	4.311209299381928e-05	0.00024142772076538797	0.00048285544153077594	0.00013795869758022168	0.0004397433485369566	0.0007673952552899831	0.0009312212086664964	0.00019831562777156868	0.001483055998987383	0.002172849486888492	0.0013623421386046893	0.001483055998987383	0.0013450973014071613	0.002207339161283547	0.00154341292917873	0.0012330058596232312	0.0027850412074007253	0.0006639262321048169	0.001017445394654135	0.0017417285569502987	0.0015865250221725495	0.0021987167426847833	0.001552035347777494	0.0023021857658699495	0.0012761179526170506	0.0020090235335119785	0.002172849486888492	0.002681572184215559	0.0014140766501972723	0.002569480742431629
209173_HY5CNBGXT_TCDM_2_G06_X9_35_2_o_GCATGG_S47_R1_001	0.00039195674887928367	0.0010265533899219334	0.014166436780922682	0.0017731376735015214	0.006271307982068539	0.0166674941309143	0.0	3.73292141789794e-05	0.0	1.86646070894897e-05	0.00017731376735015213	9.33230354474485e-06	4.666151772372424e-05	9.33230354474485e-06	0.0	4.666151772372424e-05	9.33230354474485e-06	6.532612481321394e-05	0.00012131994608168303	0.0001493168567159176	0.00046661517723724244	0.00011198764253693819	0.0005786028197741807	0.000867904229661271	0.0008959011402955055	0.00025197219570811095	0.0014371747458907067	0.002034442172754377	0.0011385410324588716	0.001371848621077493	0.0014931685671591758	0.002127765208201826	0.001670482334509328	0.0013905132281669824	0.0027530295456997308	0.0005132766949609667	0.0011292087289141268	0.001735808459322542	0.0019037899231279494	0.0019131222266726942	0.0015398300848829	0.0020251098692096324	0.0012038671572720855	0.0020157775656648876	0.00213709751174657	0.0025663834748048332	0.0015025008707039208	0.0022024236365597843
209174_HY5CNBGXT_TCDM_2_H06_C64_3_2_o_AATAGC_S48_R1_001	0.0004926657955487805	0.0010489013711683713	0.014255523180879226	0.0018912009571066088	0.006229838446939417	0.016861884163782453	9.535467010621556e-05	4.767733505310778e-05	0.0	3.1784890035405185e-05	0.00019070934021243112	1.5892445017702592e-05	4.767733505310778e-05	7.946222508851296e-06	0.0	7.151600257966167e-05	7.946222508851296e-06	7.946222508851298e-05	7.946222508851298e-05	0.00016687067268587725	0.0004290960154779701	0.00011919333763276945	0.0005165044630753344	0.0007946222508851298	0.0007787298058674271	0.00024633289777439024	0.0014382662741020849	0.001954770737177419	0.0011283635962568842	0.00147005116413749	0.0013508578265047206	0.0019865556272128243	0.0015971907242791107	0.0012475569338896537	0.0026301996504297796	0.0005482893531107395	0.0010886324837126276	0.0017958462870003933	0.0019150396246331626	0.001970663182195122	0.001605136946787962	0.0021534262998987017	0.0013270191589781666	0.0018355773995446497	0.0021136951873544454	0.002614307205412077	0.00147005116413749	0.002161372522407553
209175_HY5CNBGXT_TCDM_2_A07_X9_35_1_i_GTGCCA_S49_R1_001	0.0005852232480385455	0.0008328176991317763	0.014022849366462071	0.002363401578617203	0.00596477541270056	0.015508416073021456	4.501717292604196e-05	0.0	2.250858646302098e-05	1.125429323151049e-05	0.00016881439847265736	0.0	3.376287969453147e-05	3.376287969453147e-05	0.0	2.250858646302098e-05	1.125429323151049e-05	4.501717292604196e-05	0.0001350515187781259	0.00019132298493567833	0.00022508586463020983	9.003434585208392e-05	0.00046142602249193005	0.0006527490074276084	0.0008665805788263077	0.00014630581200963637	0.0012942437216237064	0.002093298541060951	0.0012042093757716225	0.0014630581200963638	0.0012492265486976645	0.0021383157139869932	0.0015643467591799581	0.001102920736688028	0.002847336187572154	0.000528951781880993	0.0010466492705304756	0.0017444154508841259	0.0015643467591799581	0.001924484142588294	0.0012717351351606856	0.00207078995459793	0.0014067866539388112	0.0021720785936815245	0.001980755608745846	0.0022396043530705876	0.0014630581200963638	0.002768556134951581
209176_HY5CNBGXT_TCDM_2_B07_C64_3_3_i_TCGAGG_S50_R1_001	0.0006265337022920692	0.0010906327410269351	0.014549504864338049	0.0016011416836352879	0.006195722167110462	0.016197056451846825	0.0	2.3204951936743303e-05	0.0	1.1602475968371651e-05	0.0001392297116204598	1.1602475968371651e-05	2.3204951936743303e-05	1.1602475968371651e-05	2.3204951936743303e-05	8.121733177860156e-05	2.3204951936743303e-05	6.96148558102299e-05	8.121733177860156e-05	0.00015083218758883145	0.00029006189920929127	0.0001392297116204598	0.000464099038734866	0.000696148558102299	0.0010790302650585636	0.00018563961549394642	0.0012066575007106516	0.0021348555781803835	0.0009514030294064753	0.0011370426449004217	0.0014735144479831996	0.002030433294465039	0.0014155020681413414	0.0009514030294064753	0.00259895461691525	0.0005685213224502108	0.000696148558102299	0.0016127441596036592	0.001728768919287376	0.002065240722370154	0.001531526827825058	0.0022276753859273566	0.0012530674045841384	0.0024133150014213033	0.002552544713041763	0.0023088927177059584	0.0015431293037934295	0.003016643751776629
209177_HY5CNBGXT_TCDM_2_C07_C17_3_3_i_CACTAA_S51_R1_001	0.0006171564557445335	0.0006171564557445335	0.015511198921045941	0.002324622649971076	0.0065007146671757525	0.015737489621485603	2.0571881858151115e-05	2.0571881858151115e-05	0.0	3.085782278722667e-05	0.00017486099579428448	0.0	3.085782278722667e-05	1.0285940929075558e-05	0.0	8.228752743260446e-05	1.0285940929075558e-05	7.200158650352891e-05	0.00010285940929075557	0.00015428911393613337	0.00045258140087932455	0.00016457505486520892	0.0004114376371630223	0.0007611596287515912	0.0005760126920282313	0.00026743446415596447	0.0013577442026379736	0.001861755308162676	0.0011520253840564625	0.0013680301435670492	0.001234312911489067	0.001861755308162676	0.0014914614347159559	0.0011520253840564625	0.0026640587006305696	0.0004937251645956267	0.0010800237975529335	0.0017486099579428448	0.0015428911393613335	0.001861755308162676	0.001512033316574107	0.0018926131309499024	0.0011520253840564625	0.001974900658382507	0.0017794677807300714	0.002386338295545529	0.001563463021219485	0.00222176324068032
209178_HY5CNBGXT_TCDM_2_D07_X9_35_1_o_GGTATA_S52_R1_001	0.0005122940977956625	0.0009605514333668674	0.013639830353809517	0.0027535807756516864	0.006467712984670239	0.017033778751705777	0.0	0.0	0.0	0.0	0.00028816543001006017	0.0	0.0	0.0	0.0	3.2018381112228904e-05	3.2018381112228904e-05	0.00012807352444891562	3.2018381112228904e-05	0.00025614704889783123	0.00022412866778560237	0.00012807352444891562	0.0005443124789078915	0.0012807352444891562	0.0007684411466934937	9.605514333668672e-05	0.0016329374367236745	0.0024333969645293973	0.0011846801011524697	0.001793029342284819	0.0017289925800603608	0.002465415345641626	0.0015689006744992163	0.0016009190556114455	0.003265874873447349	0.0005122940977956625	0.0008324779089179516	0.0016649558178359032	0.0019531212478459635	0.002145231534519337	0.0015689006744992163	0.0023693602023049393	0.001024588195591325	0.002497433726753855	0.0022092682967437944	0.0026895440134272284	0.0015048639122747587	0.0030097278245495174
209179_HY5CNBGXT_TCDM_2_E07_X2_24_3_i_CGCCTG_S53_R1_001	0.0005145816232229543	0.0007432845668776007	0.014579812657983703	0.002325146593822238	0.005698515012728272	0.015361214382137079	0.0	1.9058578637887198e-05	3.8117157275774396e-05	2.8587867956830797e-05	0.00016199791842204118	1.9058578637887198e-05	2.8587867956830797e-05	9.529289318943599e-06	9.529289318943599e-06	6.670502523260518e-05	1.9058578637887198e-05	0.00013341005046521036	7.623431455154879e-05	0.00017152720774098477	0.0004383473086714055	0.00020964436501675916	0.00044787659799034907	0.0007623431455154879	0.0007718724348344314	0.00020011507569781553	0.0016771549201340732	0.0019630335997023814	0.0009815167998511907	0.001496098423074145	0.001143514718273232	0.0018582114171940016	0.0016485670521772426	0.001143514718273232	0.0028111403490883612	0.0005145816232229543	0.0012292783221437241	0.0017248013667287912	0.0015723327376256937	0.001705742788090904	0.001257866190100555	0.0018486821278750581	0.0013817469512468219	0.001829623549237171	0.0019630335997023814	0.002296558725865407	0.0012292783221437241	0.002115502228805479
209180_HY5CNBGXT_TCDM_2_F07_X2_24_2_o_AATGAA_S54_R1_001	0.0005072322870258435	0.0009581054310488155	0.013281971367676716	0.0020852882911062453	0.006143146587312994	0.016719879090851878	0.0	1.8786381000957166e-05	0.0	2.817957150143575e-05	0.00018786381000957168	9.393190500478583e-06	4.696595250239292e-05	9.393190500478583e-06	0.0	7.514552400382866e-05	1.8786381000957166e-05	5.63591430028715e-05	4.696595250239292e-05	0.0001596842385081359	0.00036633442951866473	0.00012211147650622158	0.0005260186680268006	0.0006950960970354152	0.0007796348115397224	0.0002160433815110074	0.0015404832420784877	0.0018316721475933237	0.0009768918120497726	0.0013056534795665231	0.001239901146063173	0.0016719879090851878	0.0016250219565827947	0.0011083964790564726	0.0025549478161301744	0.0004039071915205791	0.0011741488125598229	0.001709560671087102	0.0015592696230794449	0.0017471334330890164	0.001531090051578009	0.001690774290086145	0.0013620126225693946	0.0018598517190947595	0.002075895100605767	0.00238587038712156	0.0013714058130698732	0.00225436572011486
209181_HY5CNBGXT_TCDM_2_G07_X2_24_1_o_ACAACG_S55_R1_001	0.0004307861971179173	0.0009231132795383941	0.015031361235150184	0.0022308570922177856	0.007000275703166156	0.01556984398154758	3.0770442651279805e-05	1.5385221325639903e-05	1.5385221325639903e-05	4.6155663976919705e-05	0.00015385221325639903	1.5385221325639903e-05	1.5385221325639903e-05	7.692610662819951e-06	0.0	8.461871729101946e-05	2.3077831988459852e-05	0.00012308177060511922	6.923349596537956e-05	0.00013846699193075911	0.0004307861971179173	0.00010769654927947933	0.00045386402910637714	0.0007384906236307153	0.0006000236316999562	0.00020000787723331874	0.001430825583284511	0.0018231487270883285	0.000938498500864034	0.0014846738579242505	0.0012154324847255522	0.001707759567146029	0.0015000590792498903	0.0011461989887601727	0.0026385654573472432	0.000469249250432017	0.0012077398740627323	0.001761607841785769	0.0016077556285293696	0.0016539112925062895	0.0014539034152729708	0.001738530009797309	0.0012077398740627323	0.001707759567146029	0.0019077674443793479	0.002392401916137005	0.0013769773086447713	0.0020923901002870265
209182_HY5CNBGXT_TCDM_2_H07_X10_39_2_i_ATATCC_S56_R1_001	0.0006071514223147077	0.0009821567125679093	0.0140001975027862	0.0024107482944848687	0.006053656828373115	0.016178799665209565	3.571478954792398e-05	1.785739477396199e-05	0.0	1.785739477396199e-05	0.0002500035268354679	1.785739477396199e-05	1.785739477396199e-05	0.0	0.0	6.250088170886697e-05	5.357218432188597e-05	7.142957909584796e-05	0.00013393046080471493	0.0003303618033182968	0.0004642922641230117	0.00015178785557867693	0.0005535792379928216	0.0007857253700543276	0.0008214401596022515	0.0001964313425135819	0.00152680725317375	0.0019196699382009138	0.0009464419230199854	0.0013839480949820542	0.0012500176341773393	0.002017885609457705	0.00152680725317375	0.0011785880550814912	0.0025714648474505267	0.00045536356673603074	0.0009642993177939474	0.001714309898300351	0.0018303829643311039	0.001714309898300351	0.0016964525035263892	0.0016964525035263892	0.0010893010812116815	0.0018928838460399709	0.001803596872170161	0.0022411030441322295	0.001535735950560731	0.0023214613206150587
209183_HY5CNBGXT_TCDM_2_A08_X2_24_3_o_AGTACT_S57_R1_001	0.0005418775624035232	0.000987421335935309	0.014967862445946207	0.0020952599079602898	0.0062376128294450005	0.015569948626394567	2.4083447217934366e-05	3.6125170826901545e-05	0.0	3.0104309022417954e-05	0.00024083447217934363	1.8062585413450772e-05	1.8062585413450772e-05	1.8062585413450772e-05	1.2041723608967183e-05	3.6125170826901545e-05	1.8062585413450772e-05	8.429206526277027e-05	0.00011439637428518823	0.00019868843954795853	0.0004033977409004006	0.00013847982150312258	0.0004876898061631709	0.0007345451401469981	0.0007947537581918341	0.0002348136103748601	0.0014028608004446768	0.0019929052572840687	0.001149984604656366	0.0013607147678132917	0.0014389859712715784	0.0019507592246526837	0.0014088816622491605	0.0012041723608967184	0.0026853043647996817	0.0005117732533811052	0.0009512961651084074	0.0016798204434509219	0.0016015492399926352	0.001926675777434749	0.0015232780365343486	0.002004946980893036	0.0011560054664608494	0.002016988704502003	0.0019808635336751013	0.0024264073072068873	0.001445006833076062	0.002504678510665174
209184_HY5CNBGXT_TCDM_2_B08_X2_24_2_i_ATAAGA_S58_R1_001	0.00032024882052359403	0.0009180466188343029	0.014987644800504199	0.0021349921368239598	0.0062982268036306825	0.015756241969760824	0.0	2.13499213682396e-05	0.0	3.2024882052359406e-05	0.00025619905641887525	1.06749606841198e-05	1.06749606841198e-05	0.0	0.0	7.47247247888386e-05	2.13499213682396e-05	6.404976410471881e-05	5.3374803420599e-05	0.0002241741743665158	0.000426998427364792	0.0001921492923141564	0.0005444229948901099	0.0009073716581501829	0.0009287215795184227	0.0001814743316300366	0.0014838195350926522	0.0021136422154557203	0.0010781710290960998	0.0016439439453544494	0.0013557200068832146	0.002102967254771601	0.00159056914193385	0.001398419849619694	0.0028715644240282262	0.0005337480342059899	0.0009180466188343029	0.0017400185915115276	0.0018040683556162461	0.002006892608614522	0.0017827184342480067	0.0021243171761398403	0.001174245675253178	0.002241741743665158	0.002337816389822236	0.0026367152889775905	0.0018040683556162461	0.0025833404855569917
209185_HY5CNBGXT_TCDM_2_C08_X10_39_3_o_GGTGAG_S59_R1_001	0.0002971256657348145	0.0009706105080670609	0.014935516797603344	0.0020402629047123933	0.006358489246725031	0.016005169194248676	5.9425133146962905e-05	1.9808377715654304e-05	1.9808377715654304e-05	5.9425133146962905e-05	0.0002674130991613331	9.904188857827152e-06	3.961675543130861e-05	1.9808377715654304e-05	0.0	2.9712566573481452e-05	9.904188857827152e-06	8.913769972044436e-05	0.00014856283286740726	0.00023770053258785162	0.0006140597091852834	0.0002277963437300245	0.0006437722757587648	0.0007329099754792092	0.0009408979414935795	0.00025750891030350596	0.0015351492729632084	0.0021888257375798008	0.001188502662939258	0.0014856283286740729	0.0015945744061101714	0.0022779634373002447	0.0016440953503993072	0.0012776403626597026	0.0029019273353433554	0.0005051136317491847	0.0008913769972044437	0.0018718916941293316	0.0016738079169727887	0.0020699754712858744	0.0018520833164136774	0.0021194964155750104	0.0013172571180910112	0.002149208982148492	0.0020600712824280477	0.002614705858466368	0.001446011573242764	0.0025156639698880965
209186_HY5CNBGXT_TCDM_2_D08_X10_39_2_o_TTCCGC_S60_R1_001	0.00045000927919133695	0.0012600259817357434	0.014472298418793397	0.0023220478806272983	0.006696138074367094	0.01589432774103802	0.0	7.200148467061391e-05	0.0	1.8000371167653477e-05	0.00022500463959566848	1.8000371167653477e-05	2.7000556751480214e-05	9.000185583826739e-06	0.0	5.400111350296043e-05	1.8000371167653477e-05	3.6000742335306954e-05	0.00010800222700592086	0.00020700426842801498	0.00036900760893689627	0.0001620033405088813	0.0005130105782781241	0.0007830161457929262	0.0006750139187870054	0.0002610053819309754	0.001476030435747585	0.001926039714938922	0.0010980226412268621	0.0014040289510769712	0.0011880244970651295	0.00207004268428015	0.0015750324771696793	0.0011610239403136492	0.0025650528913906206	0.00045000927919133695	0.001206024868232783	0.0017280356320947337	0.0016650343330079467	0.0016920348897594268	0.0015660322915858524	0.0020160415707771895	0.00124202561056809	0.0019530402716904022	0.0018990391581874418	0.002313047695043472	0.0016110332195049862	0.002304047509459645
209187_HY5CNBGXT_TCDM_2_E08_X2_24_1_i_GAAGTG_S61_R1_001	0.0005185644276962042	0.000894076599476214	0.015127776063137545	0.0020384946468057683	0.005954550152511586	0.016147023386540428	1.7881531989524282e-05	0.0001072891919371457	0.0	3.5763063979048564e-05	0.0002235191498690535	8.940765994762141e-06	8.940765994762141e-06	8.940765994762141e-06	0.0	6.2585361963335e-05	0.0	8.046689395285929e-05	0.00013411148992143214	0.00024140068185857783	0.00025034144785334	8.940765994762142e-05	0.000563268257670015	0.0007331428115704956	0.0008672543014919277	0.0001966968518847671	0.0015109894531148019	0.0021189615407586275	0.00112653651534003	0.001385818729188132	0.0015467525170938506	0.0022441322646852974	0.0015199302191095641	0.0011622995793190785	0.0027984597563605502	0.0005275051936909663	0.0010192473234028842	0.0018507385609157633	0.001886501624894812	0.001958027752852909	0.0016629824750257582	0.00225307303068006	0.0013768779631933698	0.0020474354128005305	0.0021189615407586275	0.002574940606491497	0.0015378117510990886	0.002342480690627681
209188_HY5CNBGXT_TCDM_2_F08_X10_39_3_i_CAATGC_S62_R1_001	0.0004806516559795373	0.0007882687158064413	0.014246515083233486	0.002114867286309964	0.006421506123886618	0.01574614824988964	1.9226066239181493e-05	1.9226066239181493e-05	1.9226066239181493e-05	0.0	0.0001826476292722242	1.9226066239181493e-05	9.613033119590747e-06	0.0	0.0	2.883909935877224e-05	9.613033119590747e-06	7.690426495672597e-05	8.651729807631672e-05	0.0001441954967938612	0.0003652952585444484	0.0001826476292722242	0.000528716821577491	0.0008651729807631672	0.0008651729807631672	0.00015380852991345195	0.0014707940672973841	0.0019995108888748755	0.0011151118418725266	0.0014611810341777936	0.001403502835460249	0.0019995108888748755	0.0014611810341777936	0.001365050702981886	0.0025955189422895014	0.0005191037884579002	0.0010285945437962097	0.001941832690157331	0.001816863259602651	0.0016918938290479712	0.0015476983322541102	0.0021340933525491454	0.0011727900405900712	0.001970671789516103	0.0018649284252006048	0.002499388611093594	0.0015765374316128826	0.0021533194187883273
209189_HY5CNBGXT_TCDM_2_G08_X5_36_3_i_ACGTCT_S63_R1_001	0.00035941751770174064	0.0010269071934335447	0.015882831258438826	0.001968238787414294	0.006640666517536921	0.017269155969574106	6.846047956223631e-05	0.0	3.4230239781118154e-05	1.7115119890559077e-05	0.00017115119890559078	1.7115119890559077e-05	2.567267983583862e-05	8.557559945279539e-06	0.0	2.567267983583862e-05	0.0	3.4230239781118154e-05	7.701803950751584e-05	0.00016259363896031125	0.0004278779972639769	0.00011124827928863401	0.0005819140762790086	0.000778737955020438	0.0007188350354034813	0.00013692095912447262	0.001463342750642801	0.0020538143868670893	0.0011295979127768992	0.0014890154304786397	0.0013948822710805647	0.0019853539073048532	0.001463342750642801	0.0012921915517372104	0.002815437221996968	0.0005904716362242882	0.001146713032667458	0.0016259363896031125	0.001745742228837026	0.0018484329481803805	0.0016430515094936716	0.0021565051062104436	0.0012494037520108126	0.0023019836252801957	0.002319098745170755	0.0022591958255537984	0.0014719003105880806	0.0027384191824894526
209190_HY5CNBGXT_TCDM_2_H08_C64_4_2_i_CAGGAC_S64_R1_001	0.00043957802934441024	0.0009852611002547128	0.015127547354680053	0.0023797845036921525	0.005820619423043226	0.01711322741827032	1.5157863080841734e-05	1.5157863080841734e-05	0.0	4.5473589242525205e-05	0.00021221008313178428	7.578931540420867e-06	1.5157863080841734e-05	2.2736794621262603e-05	0.0	2.2736794621262603e-05	7.578931540420867e-06	0.00010610504156589214	0.00015157863080841736	0.0001364207677275756	0.00044715696088483116	0.00014399969926799647	0.0005381041393698816	0.0006896827701782989	0.0007654720855825076	0.0001894732885105217	0.001371786608816177	0.0019174696797264795	0.0009018928533100832	0.0013414708826544935	0.001303576224952389	0.0019629432689690046	0.001720417459675537	0.001144418662603551	0.002751152149172775	0.0005381041393698816	0.0009549453740930292	0.0015233652396245943	0.001826522501241429	0.0019326275428073214	0.001887153953564796	0.0019250486112669001	0.0011671554572248136	0.002159995489019947	0.002159995489019947	0.0024101002298538357	0.0014778916503820692	0.0025010474083388863
209191_HY5CNBGXT_TCDM_2_A09_C64_4_3_i_AAGCTC_S65_R1_001	0.00047291419007051847	0.0009107976993950726	0.01429251774435345	0.0025747550348283786	0.006235461172781652	0.01623672052575447	1.7515340372982167e-05	3.5030680745964334e-05	0.0	8.757670186491084e-06	0.00020142641428929495	0.0	4.378835093245542e-05	0.0	0.0	0.00012260738261087517	2.6273010559473252e-05	7.006136149192867e-05	0.00011384971242438408	0.00016639573354333058	0.00038533748820560764	0.00020142641428929495	0.0005604908919354293	0.0008582516782761261	0.0012435891664817338	0.00028024544596771467	0.0014275002403980467	0.0022507212379282086	0.0012260738261087516	0.0015063192720764663	0.0016376843248738326	0.0022507212379282086	0.0016289266546873416	0.001357438878906118	0.0029776078634069685	0.0008057056571571798	0.0009020400292085816	0.0019442027814010204	0.0019442027814010204	0.0021368715255038243	0.001567622963381904	0.002478420662776977	0.001366196549092609	0.0024083593012850482	0.0024696629925904856	0.002811212129863638	0.0016639573354333057	0.0027674237789311823
209192_HY5CNBGXT_TCDM_2_B09_X5_36_2_i_GACGAT_S66_R1_001	0.00031492824438683707	0.0011337416797926134	0.014171770997407667	0.0023777082451206196	0.005857665345595169	0.016549479242528288	3.1492824438683707e-05	1.5746412219341853e-05	3.1492824438683707e-05	4.723923665802556e-05	0.00020470335885144412	7.873206109670927e-06	2.361961832901278e-05	0.0	7.873206109670927e-06	7.085885498703834e-05	1.5746412219341853e-05	8.660526720638019e-05	6.298564887736741e-05	0.00023619618329012777	0.00044089954214157195	0.0001810837405224313	0.0005589976337866358	0.0006928421376510415	0.001078629237024917	0.00025194259550946965	0.0013463182447537286	0.002235990535146543	0.0012124737408893227	0.0014486699241794505	0.0016218804585922107	0.002259610153475556	0.0016455000769212236	0.0012518397714376772	0.0028658470239202173	0.0007007153437607125	0.0008896722903928148	0.0016927393135792491	0.0019053158785403645	0.001960428321308061	0.0017006125196889202	0.002338342214572265	0.0012597129775473483	0.00212576564961115	0.0024328206878883162	0.0024485671001076583	0.0016218804585922107	0.0023462154206819364
209193_HY5CNBGXT_TCDM_2_C09_C64_4_1_i_TCGTTC_S67_R1_001	0.0004266260746177537	0.0007039330231192936	0.013865347425076995	0.0023891060178594208	0.005610132881223461	0.015891821279511328	2.1331303730887683e-05	2.1331303730887683e-05	4.2662607461775366e-05	2.1331303730887683e-05	0.0001493191261162138	1.0665651865443841e-05	4.2662607461775366e-05	0.0	2.1331303730887683e-05	7.46595630581069e-05	1.0665651865443841e-05	9.599086678899459e-05	0.00011732217051988227	0.00017065042984710146	0.0002666412966360961	0.0001493191261162138	0.00044795737834864134	0.0007785925861774005	0.0008319208455046198	0.00019198173357798918	0.0013758690906422557	0.002154461676819656	0.0011305590977370471	0.0013438721350459242	0.001557185172354801	0.002079802113761549	0.0014825256092966942	0.0013225408313150364	0.002741072529419068	0.0006932673712538498	0.001013236927217165	0.0018024951652600095	0.0016638416910092395	0.0018024951652600095	0.0015678508242202448	0.002218455588012319	0.0011412247496024911	0.0020051425507034426	0.0025490907958410783	0.0024211029734557523	0.0015145225648930255	0.0027304068775536234
209194_HY5CNBGXT_TCDM_2_D09_C14_4_3_o_CCAATT_S68_R1_001	0.0003966833161020958	0.0008962104548973274	0.014427519126379925	0.0021597202765558546	0.006170629361588155	0.017072074567060565	1.4691974670447989e-05	7.345987335223995e-05	1.4691974670447989e-05	1.4691974670447989e-05	0.0002497635693976158	0.0	1.4691974670447989e-05	0.0	7.3459873352239944e-06	3.6729936676119975e-05	4.407592401134397e-05	7.345987335223995e-05	0.00011753579736358391	0.00016895770871015186	0.0004334132527782157	0.00017630369604537587	0.0004995271387952316	0.0009770163155847914	0.0008447885435507594	0.0002497635693976158	0.001498581416385695	0.0021303363272149583	0.001292893770999423	0.0015206193783913668	0.0015279653657265908	0.0022258341625728704	0.0015646953024027108	0.001373699631686887	0.00285024308606691	0.0006097169488235916	0.001131282049624495	0.0017556909731185348	0.0017997668971298788	0.0019319946691639105	0.0017263070237776388	0.0022919480485898863	0.001204741922976735	0.0022111421879024225	0.0022405261372433183	0.002659247415351086	0.0015132733910561429	0.0025123276686466064
209195_HY5CNBGXT_TCDM_2_E09_C64_4_2_o_AGTTGA_S69_R1_001	0.0005470215965645827	0.0011852134592232628	0.014374511954169314	0.002628742672379801	0.0063211384491907345	0.01639545285258847	3.039008869803238e-05	3.039008869803238e-05	0.0	2.2792566523524284e-05	0.0002963033648058157	1.519504434901619e-05	2.2792566523524284e-05	0.0	0.0	3.798761087254047e-05	3.039008869803238e-05	4.558513304704857e-05	0.0001367553991411457	0.00024312070958425904	0.0005166315078665504	0.0001671454878391781	0.0006685819513567124	0.0008889100944174471	0.0009268977052899875	0.0002279256652352428	0.0014359316909820297	0.002157696297560299	0.0012307985922703113	0.0013523589470624407	0.0014739193018545704	0.002157696297560299	0.001679052400566289	0.0011776159370487547	0.0025983525836817682	0.0005926067296116314	0.0012763837253173599	0.0018234053218819425	0.0019601607210230883	0.0020969161201642343	0.001762625144485878	0.0022640616080034123	0.0014663217796800623	0.0020817210758152177	0.002248866563654396	0.0028414732932660275	0.0016258697453447324	0.0025527674506347197
209196_HY5CNBGXT_TCDM_2_F09_C64_4_1_o_AACCGA_S70_R1_001	0.0005608099130485799	0.0008627844816131999	0.013912399766012848	0.0023942269364766295	0.006104200207413389	0.01568110795331991	2.1569612040329997e-05	2.1569612040329997e-05	4.3139224080659994e-05	0.0	0.000183341702342805	0.0	2.1569612040329997e-05	0.0	1.0784806020164999e-05	7.549364214115499e-05	1.0784806020164999e-05	9.7063254181485e-05	0.00012941767224198	0.00019412650836297	0.0004206074347864349	9.7063254181485e-05	0.000528455494988085	0.0009598477357946848	0.0009274933177341899	0.00021569612040329996	0.0014343792006819448	0.002156961204033	0.0011647590501778198	0.001585366484964255	0.0015637968729239247	0.0021893156220934946	0.0015206576488432648	0.0013157463344601297	0.0028040495652428997	0.0005931643311090749	0.00103534137793584	0.0017579233812868946	0.0019196954715893697	0.002059897949851515	0.0015098728428230997	0.002297163682295145	0.0011647590501778198	0.00220010042811366	0.0019951891137305246	0.0027069863110614147	0.0015745816789440898	0.0030197456856461994
209197_HY5CNBGXT_TCDM_2_G09_X5_36_1_i_CAGATG_S71_R1_001	0.0003633879384275477	0.0011756668596185369	0.013637735571575025	0.0024154610024889936	0.006134843431100365	0.015604305591300577	0.0	8.550304433589358e-05	2.1375761083973396e-05	0.0	0.00025650913300768075	0.0	2.1375761083973396e-05	0.0	1.0687880541986698e-05	4.275152216794679e-05	1.0687880541986698e-05	4.275152216794679e-05	8.550304433589358e-05	0.00019238184975576054	0.0003954515800535078	0.00021375761083973396	0.0005237061465573482	0.0008657183239009226	0.0010046607709467495	0.0003099485357176142	0.0015069911564201243	0.002116200347313366	0.0013146093066643638	0.0014963032758781377	0.0016138699618399913	0.0022123912721912467	0.001517679036962111	0.0014749275147941643	0.002746785299290581	0.0008015910406490023	0.0010901638152826432	0.0018703790948476722	0.0017848760505117787	0.002084136705687406	0.0017528124088858183	0.0023513337192370737	0.0013573608288323105	0.0022337670332752196	0.002650594374412701	0.002746785299290581	0.0017314366478018452	0.0027360974187485947
209198_HY5CNBGXT_TCDM_2_H09_X5_36_2_o_GTAGAA_S72_R1_001	0.0005710294240658961	0.0009568601160023126	0.013920771365065901	0.0018056876382624284	0.006312190120079771	0.015973390646167637	4.629968303236996e-05	4.629968303236996e-05	0.0	2.314984151618498e-05	0.00030094793971040474	0.0	6.173291070982661e-05	0.0	7.716613838728327e-06	5.401629687109829e-05	7.716613838728327e-06	8.488275222601159e-05	0.00013118243525838153	0.0002546482566780348	0.0003935473057751447	0.00016976550445202317	0.0006096124932595378	0.000779377997711561	0.0009491435021635841	0.00030094793971040474	0.0013118243525838155	0.0020603358949404633	0.001034026254389596	0.0013041077387450873	0.0013812738771323706	0.002145218647166475	0.0016127722922942202	0.001203791758841619	0.0028397138926520246	0.0005941792655820812	0.0011883585311641624	0.0018519873212947983	0.0020063195980693648	0.0019908863703919084	0.0016667885891653185	0.002145218647166475	0.0011960751450028906	0.0022069515578763015	0.0022609678547473996	0.002438449973038151	0.0015973390646167637	0.0026545151605225446
209199_HY5CNBGXT_TCDM_2_A10_A03_4_2_i_GACATC_S73_R1_001	0.000504413873600945	0.0009583863598417956	0.013938636707172783	0.0021521658606973655	0.0058512009337709624	0.016225312934163735	5.0441387360094515e-05	0.0	0.0	2.5220693680047257e-05	0.00018495175365367987	2.5220693680047257e-05	2.5220693680047257e-05	1.6813795786698168e-05	8.406897893349084e-06	5.884828525344359e-05	5.0441387360094515e-05	5.884828525344359e-05	0.00012610346840023626	0.0002269862431204253	0.00036990350730735973	0.00018495175365367987	0.0005632621588543887	0.0007229932188280212	0.0008827242788016538	0.00028583452837386886	0.0013703243566159007	0.001975621004937035	0.0010676760324553336	0.0013030691734691082	0.0014712071313360898	0.0020344692901904785	0.0015720899060562789	0.0010508622366686357	0.0027238349174451035	0.0004791931799208978	0.0010340484408819374	0.0017234140681365623	0.0017654485576033077	0.001984027902830384	0.0015300554165895335	0.0020092485965104313	0.0013535105608292026	0.0019588072091503367	0.0019672141070436857	0.0024464072869645834	0.001580496803949628	0.002337117614351046
209200_HY5CNBGXT_TCDM_2_B10_A03_4_3_o_CGATCT_S74_R1_001	0.0004313860907566491	0.0011503629086843977	0.013640017345829288	0.002054219479793567	0.005998320880997217	0.016495382422742347	0.0	2.0542194797935673e-05	0.0	1.0271097398967837e-05	0.00020542194797935673	4.108438959587135e-05	1.0271097398967837e-05	0.0	0.0	3.081329219690351e-05	1.0271097398967837e-05	9.243987659071053e-05	8.21687791917427e-05	0.00020542194797935673	0.0003697595063628421	0.00012325316878761405	0.0005546392595442631	0.0007600612075236198	0.0007189768179277485	0.00010271097398967836	0.0012428027852751083	0.0021261171615863422	0.0009757542529019444	0.001324971564466851	0.0012428027852751083	0.0018693397266121463	0.0014071403436585936	0.001078465226891623	0.0027731962977213163	0.00047247048035252046	0.0008730432789122661	0.0015303935124462075	0.001766628752622468	0.0018077131422183394	0.0015920200968400147	0.0019823217980007926	0.0010476519346947193	0.0021980148433791173	0.002208285940778085	0.0021055749667884065	0.0014276825384565294	0.0027321119081254444
209201_HY5CNBGXT_TCDM_2_C10_A27_4_1_i_CGTCGC_S75_R1_001	0.00040440813379694117	0.0009152394606983405	0.014728969925657014	0.002171033139330947	0.0060022680910914415	0.015665494024976245	4.2569277241783274e-05	4.2569277241783274e-05	0.0	1.0642319310445819e-05	0.0002767003020715913	0.0	3.192695793133746e-05	0.0	1.0642319310445819e-05	1.0642319310445819e-05	2.1284638620891637e-05	7.449623517312074e-05	0.00010642319310445819	0.00024477334414025383	0.0006066122006954118	0.0001702771089671331	0.0005746852427640743	0.0008833125027670031	0.0008407432255252197	0.0002660579827611455	0.0014367131069101856	0.002171033139330947	0.0012238667207012692	0.0015537786193250897	0.0013622168717370648	0.002351952567608526	0.0014792823841519689	0.0014367131069101856	0.0030330610034770586	0.0005746852427640743	0.0012025820820803777	0.0017985519634653438	0.0017772673248444518	0.002192317777951839	0.0017772673248444518	0.002171033139330947	0.0013090052751848357	0.0020539676269160432	0.002373237206229418	0.0027776453400263587	0.0014473554262206315	0.00246901808002343
209202_HY5CNBGXT_TCDM_2_D10_A27_4_1_o_ATGGCG_S76_R1_001	0.0004059292735895649	0.0010824780629055065	0.013530975786318828	0.002232611004742607	0.004938806162006373	0.01447814409136115	6.765487893159416e-05	0.0	0.0	3.382743946579708e-05	0.00016913719732898538	3.382743946579708e-05	0.0	0.0	0.0	6.765487893159416e-05	6.765487893159416e-05	0.00010148231839739123	6.765487893159416e-05	0.00013530975786318832	0.00037210183412376784	0.00027061951572637664	0.0006088939103843474	0.0006427213498501444	0.0004735841525211591	0.00016913719732898538	0.0015560622154266656	0.0019619914890162305	0.0009471683050423182	0.0011839603813028976	0.0016237170943582597	0.0015898896548924625	0.001319270139166086	0.0009471683050423182	0.002841504915126954	0.00037210183412376784	0.000913340865576521	0.0012854426997002887	0.0012516152602344917	0.0020973012468794186	0.0012177878207686949	0.0017251994127556508	0.0012854426997002887	0.0019958189284820273	0.002300265883674201	0.0025032305204689834	0.0011163055023713036	0.002706195157263766
209203_HY5CNBGXT_TCDM_2_E10_A27_4_2_o_ATTGGT_S77_R1_001	0.0005634975760706899	0.0008600752476868424	0.014398845956964208	0.0021798458863787214	0.006406077706908896	0.016979071700024734	5.9315534323230515e-05	0.0	0.0	1.4828883580807629e-05	0.00020760437013130683	1.4828883580807629e-05	3.707220895201907e-05	7.414441790403814e-06	0.0	4.4486650742422886e-05	2.2243325371211443e-05	5.9315534323230515e-05	8.897330148484577e-05	0.00023726213729292206	0.00041520874026261366	0.00017053216117928773	0.0005412542506994784	0.000800759713363612	0.0007414441790403814	0.0002150188119217106	0.0015125461252423781	0.0019722415162474146	0.0011269951521413798	0.0013716717312247057	0.0014235728237575324	0.0019277548655049915	0.0014532305909191476	0.001201139570045418	0.0028842178564670836	0.0006079842268131128	0.001201139570045418	0.001794294913277723	0.0016904927282120697	0.0019648270744570106	0.0014828883580807629	0.0020463859341514528	0.0014606450327095514	0.0019277548655049915	0.002068629259522664	0.002394864698300432	0.00143840170733834	0.0022539903042827596
209204_HY5CNBGXT_TCDM_2_F10_X4_24_1_o_GCCACA_S78_R1_001	0.00033081511355311476	0.0009759045849816886	0.014340835172527523	0.0022495427721611807	0.006483976225641049	0.015912206961904818	4.962226703296722e-05	3.308151135531147e-05	3.308151135531147e-05	8.270377838827868e-06	0.00019848906813186887	0.0	4.1351889194139345e-05	1.6540755677655736e-05	0.0	4.962226703296722e-05	2.481113351648361e-05	4.962226703296722e-05	0.00012405566758241803	0.00016540755677655738	0.00033908549139194264	0.00013232604542124589	0.0005458449373626394	0.0007774155168498197	0.0008104970282051311	0.00022330020164835248	0.0012157455423076966	0.0019435387921245494	0.0010089860963370001	0.001505208766666672	0.0014142346104395655	0.002034512948351656	0.001447316121794877	0.0011743936531135573	0.0028863618657509263	0.000570656070879123	0.001075149119047623	0.0017202385904761968	0.001711968212637369	0.001827753502380959	0.0016044533007326064	0.0019518091699633772	0.0012322862979853525	0.0021585686159340737	0.0022247316386446968	0.0020593240818681394	0.0014142346104395655	0.002266083527838836
209205_HY5CNBGXT_TCDM_2_G10_A27_4_2_i_CATCTA_S79_R1_001	0.0005114134701193894	0.0009476190769859276	0.0145752838984026	0.0019253212992729957	0.006513000957696931	0.01666606249683187	1.5041572650570279e-05	3.0083145301140558e-05	0.0	1.5041572650570279e-05	0.00018049887180684334	0.0	1.5041572650570279e-05	7.5207863252851396e-06	0.0	8.272864957813654e-05	1.5041572650570279e-05	6.0166290602281117e-05	9.777022222870681e-05	0.00015041572650570278	0.00039108088891482725	0.00022562358975855419	0.0005565381880711003	0.0007520786325285139	0.0008423280684319356	0.000270748307710265	0.0015793651283098793	0.0020155707351764175	0.0012183673846961926	0.0015041572650570279	0.0014515117607800318	0.0019027589402971401	0.001669614564213301	0.0013537415385513252	0.002760128581379646	0.0005339758290952449	0.0009325775043353573	0.0017072184958397266	0.0019704460172247063	0.002068216239453413	0.0017147392821650117	0.0019328420855982806	0.001240929743672048	0.002263756683910827	0.002384089265115389	0.002436734769392385	0.0016169690599363048	0.0026172336411992283
209206_HY5CNBGXT_TCDM_2_H10_A27_4_3_i_AACAAG_S80_R1_001	0.0005355689716433061	0.0011476477963785132	0.014506268146224405	0.0020657660334813237	0.006166694159207211	0.016694449944652773	7.650985309190088e-05	6.12078824735207e-05	1.5301970618380176e-05	2.2952955927570265e-05	0.0002448315298940828	1.5301970618380176e-05	3.825492654595044e-05	0.0	7.650985309190088e-06	4.590591185514053e-05	3.060394123676035e-05	7.650985309190088e-05	6.12078824735207e-05	0.00020657660334813237	0.0003289923682951738	0.0001377177355654216	0.0005814748834984467	0.0008339573987017197	0.0007804005015373889	0.00015301970618380176	0.001461338194055307	0.0021805308131191753	0.0010940908992141828	0.001484291149982877	0.0012394596200887944	0.0018362364742056212	0.001392479326272596	0.0011170438551417528	0.002953280329347374	0.0005814748834984467	0.0012012046935428438	0.0017979815476596706	0.0016220088855482986	0.0018591894301331915	0.0015761029736931582	0.0020657660334813237	0.001216506664161224	0.002058115048172134	0.0019203973126067123	0.0022034837690467456	0.0014460362234369267	0.0023718054458489275
209207_HY5CNBGXT_TCDM_2_A11_X4_24_2_o_GCAGCC_S81_R1_001	0.0006336715085623982	0.00121453705807793	0.01527852415089338	0.0020946363755257056	0.006319113099275027	0.017021120799439977	1.7601986348955508e-05	1.7601986348955508e-05	0.0	3.5203972697911015e-05	0.00018482085666403282	1.7601986348955508e-05	4.4004965872388764e-05	8.800993174477754e-06	8.800993174477754e-06	5.280595904686651e-05	1.7601986348955508e-05	5.280595904686651e-05	0.00014081589079164406	0.00021122383618746605	0.00039604469285149896	0.0001320148976171663	0.0006336715085623982	0.0008624973310988198	0.0008624973310988198	0.00018482085666403282	0.0014697658601377848	0.0019098155188616724	0.0010297162014138972	0.001320148976171663	0.0015489747987080848	0.002041830416478839	0.0016105817509294287	0.0011177261331586747	0.0027635118567860147	0.000501656610945232	0.0011705320922055411	0.0018658105529892838	0.0017425966485465952	0.002217850279968394	0.0014081589079164404	0.0020242284301298834	0.0014873678464867404	0.0019978254506064497	0.00207703438917675	0.0027371088772625814	0.001716193669023162	0.0025522880205985487
209208_HY5CNBGXT_TCDM_2_B11_X4_24_1_i_ACTCTT_S82_R1_001	0.00048461150772332283	0.0009865305692939072	0.0144864225701579	0.0021288291232131685	0.006092258954236059	0.01642486860105119	3.461510769452306e-05	5.192266154178459e-05	3.461510769452306e-05	8.653776923630765e-06	0.0001644217615489845	8.653776923630765e-06	3.461510769452306e-05	0.0	0.0	3.461510769452306e-05	1.730755384726153e-05	3.461510769452306e-05	0.00010384532308356918	0.0001730755384726153	0.00037211240771612287	0.00015576798462535376	0.0005192266154178459	0.0008307625846685535	0.0008480701385158148	0.00025095953078529216	0.001540372292406276	0.0021288291232131685	0.001220182546231938	0.0014971034077881223	0.0015230647385590147	0.002440365092463876	0.001626910061642584	0.0014538345231699685	0.002847092607874522	0.0006663408231195689	0.001324027869315507	0.0019124847001223987	0.0018346007078097219	0.002102867792442276	0.001661525169337107	0.002570171746318337	0.0015144109616353838	0.0023192122155330447	0.0025528641924710753	0.0026134406309364913	0.001652871392413476	0.0025961330770892296
209209_HY5CNBGXT_TCDM_2_C11_X5_36_3_o_TGCTAT_S83_R1_001	0.0	0.002090781743293818	0.010453908716469089	0.008363126973175272	0.008363126973175272	0.025089380919525808	0.0	0.0	0.0	0.0	0.0	0.0	0.0	0.0	0.0	0.0	0.0	0.0	0.0	0.0	0.0	0.0	0.0	0.001045390871646909	0.0	0.0	0.002090781743293818	0.001045390871646909	0.001045390871646909	0.001045390871646909	0.001045390871646909	0.001045390871646909	0.001045390871646909	0.002090781743293818	0.003136172614940726	0.0	0.003136172614940726	0.001045390871646909	0.002090781743293818	0.003136172614940726	0.002090781743293818	0.001045390871646909	0.001045390871646909	0.0	0.002090781743293818	0.003136172614940726	0.002090781743293818	0.0
209210_HY5CNBGXT_TCDM_2_D11_X4_24_2_i_AAGTGG_S84_R1_001	0.00047155878901988216	0.0009431175780397643	0.01549713656642613	0.002486400887559379	0.0056801399586485805	0.016761771500615814	2.1434490409994645e-05	4.286898081998929e-05	4.286898081998929e-05	3.2151735614991966e-05	0.0001929104136899518	0.0	2.1434490409994645e-05	1.0717245204997323e-05	0.0	6.430347122998393e-05	1.0717245204997323e-05	9.64552068449759e-05	7.502071643498126e-05	0.00017147592327995716	0.0003536690917649116	0.00021434490409994646	0.00047155878901988216	0.0008573796163997858	0.0006859036931198286	0.00025721388491993573	0.0014146763670596465	0.0020041248533344993	0.0012539176889846868	0.0014575453478796359	0.0013182211602146708	0.00212201455058947	0.0017147592327995717	0.0011681797273447082	0.002893656205349277	0.0005144277698398715	0.0011788969725497055	0.0018219316848495449	0.0019719731177195074	0.0020148420985394966	0.0015754350451346066	0.002250621493049438	0.0012753521793946814	0.002229187002639443	0.0021434490409994646	0.002422097416329395	0.0013932418766496519	0.002464966397149384
209211_HY5CNBGXT_TCDM_2_E11_X4_24_3_o_CTCATA_S85_R1_001	0.0005267780603259211	0.0009306412399091274	0.015627749123002327	0.0020017566292385	0.0059877106190379704	0.01694469427381713	3.5118537355061406e-05	1.7559268677530703e-05	5.2677806032592116e-05	2.6338903016296058e-05	0.0002019315897916031	2.6338903016296058e-05	1.7559268677530703e-05	8.779634338765351e-06	0.0	8.779634338765351e-05	8.779634338765351e-06	6.145744037135747e-05	0.00010535561206518423	0.00021071122413036846	0.0004565409856157983	0.00014047414942024562	0.0004916595229708597	0.0007550485531338202	0.0007374892844562895	0.0001580334180977763	0.0015013174719288752	0.0020280955322547964	0.0011150135610231997	0.001422300762879987	0.0012467080761046799	0.0019139602858508466	0.0015803341809777632	0.0013081655164760373	0.0027304662793560244	0.0004916595229708597	0.0011501320983782612	0.0016681305243654166	0.0017295879647367743	0.001817384308124428	0.0013345044194923335	0.001992976994899735	0.001299385882137272	0.001747147233414305	0.0021422307786587457	0.002642669935968371	0.001422300762879987	0.0022827049280789917
209212_HY5CNBGXT_TCDM_2_F11_BLANK_AATCCG_S86_R1_001	0.0	0.0	0.010944511327569224	0.0	0.0	0.010944511327569224	0.0	0.0	0.0	0.0	0.0	0.0	0.0	0.0	0.0	0.0	0.0	0.0	0.0	0.0	0.0	0.0	0.0	0.0	0.0	0.0	0.0	0.0	0.0	0.002736127831892306	0.0	0.005472255663784612	0.0	0.0	0.005472255663784612	0.0	0.0	0.002736127831892306	0.0	0.0	0.002736127831892306	0.002736127831892306	0.002736127831892306	0.0	0.0	0.0	0.002736127831892306	0.0
209213_HY5CNBGXT_TCDM_2_G11_A03_4_1_i_GGCCAA_S87_R1_001	0.0004029698068827646	0.0009469790461744968	0.015232258700168502	0.002397670350952449	0.006084844083929746	0.01698517736010853	0.0	0.0	0.0	1.0074245172069115e-05	0.00023170763895758963	0.0	4.029698068827646e-05	0.0	0.0	0.00010074245172069115	2.014849034413823e-05	0.00012089094206482939	7.05197162044838e-05	0.00016118792275310583	0.0004331925423989719	0.00022163339378552052	0.000614528955496216	0.0008260881041096674	0.0008160138589375983	0.0002014849034413823	0.0016521762082193348	0.0019141065826931316	0.0011283154592717408	0.001561508001670713	0.0014506913047779525	0.001924180827865201	0.001551433756498644	0.0011988351754762246	0.0029215310999000433	0.000523860748947594	0.0010880184785834646	0.001783141395456233	0.001762992905112095	0.0017025474340796806	0.001581656492014851	0.0019745520537255467	0.0013902458337455377	0.001833512621316579	0.0022163339378552054	0.0022667051637155506	0.0013499488530572615	0.002538709783361417
209214_HY5CNBGXT_TCDM_2_H11_X8_37_2_i_AGACCA_S88_R1_001	0.0007207587715892028	0.000774815679458393	0.014126871923148375	0.0022163332226367988	0.006342677189984985	0.015622446374195971	1.801896928973007e-05	3.603793857946014e-05	1.801896928973007e-05	3.603793857946014e-05	0.0002342466007664909	0.0	9.009484644865035e-06	0.0	0.0	6.306639251405524e-05	1.801896928973007e-05	4.504742322432518e-05	9.009484644865036e-05	0.0001531612389627056	0.000513540624757307	0.0001801896928973007	0.000495521655467577	0.0007928346487481231	0.0007117492869443378	0.00019820866218703078	0.001576659812851381	0.001991096106515173	0.0011802424884773195	0.0014865649664027307	0.0014415175431784057	0.0020721814683189585	0.0014955744510475957	0.0012252899117016448	0.0026217600316557252	0.00042344577830865667	0.0012342993963465098	0.0016937831132346267	0.0015135934203373259	0.001747840021103817	0.0017658589903935468	0.002063171983674093	0.0014775554817578658	0.0019100107447113876	0.0020361435297394977	0.0024145418848238297	0.0014415175431784057	0.002270390130505989
209215_HY5CNBGXT_TCDM_2_A12_X4_24_3_i_CGCGGA_S89_R1_001	0.0004180016895916571	0.001095452703757446	0.014903922311647357	0.002291802367071499	0.006140300681587789	0.01650385981318784	2.8827702730459103e-05	2.8827702730459103e-05	0.0	3.6034628413073884e-05	0.0002162077704784433	7.206925682614776e-06	2.162077704784433e-05	7.206925682614776e-06	0.0	5.765540546091821e-05	1.4413851365229552e-05	3.6034628413073884e-05	6.4862331143533e-05	0.00023062162184367283	0.00040358783822642746	0.00014413851365229554	0.0005909679059744117	0.0007999687507702402	0.0009224864873746913	0.00018738006774798418	0.0015062474676664883	0.0020107322654495225	0.001066625001026987	0.0015062474676664883	0.001326074325601119	0.0019026283802103011	0.0015134543933491029	0.0011459011835357495	0.002774666387806689	0.0004684501693699605	0.0009657280414703801	0.0016287652042709395	0.0015566959474447918	0.0019098353058929157	0.0013981435824272665	0.0019602837856712192	0.0013693158796968074	0.0020828015222756706	0.0019026283802103011	0.0024287339550411796	0.001419764359475111	0.0023062162184367286
209216_HY5CNBGXT_TCDM_2_B12_X8_37_3_o_CCTGCT_S90_R1_001	0.0003797620121889139	0.0011031182258820832	0.014394788652494068	0.0023870755051874585	0.006618709355292499	0.016203179186726993	3.616781068465846e-05	0.0	0.0	1.808390534232923e-05	0.0002622166274637739	9.041952671164616e-06	3.616781068465846e-05	9.041952671164616e-06	0.0	6.329366869815232e-05	2.7125858013493847e-05	0.00010850343205397539	8.137757404048155e-05	0.00018083905342329231	0.00046113958622939544	3.616781068465846e-05	0.0005153913022563831	0.0006691044976661816	0.0008409015984183094	0.00021700686410795078	0.0013110831373188694	0.0016727612441654542	0.0010940762732109185	0.0014376704747151741	0.0013924607113593509	0.0016637192914942893	0.0016727612441654542	0.0011212021312244124	0.0024865369845702696	0.00042497177554473695	0.0009222791724587909	0.0015913836701249725	0.0017993485815617585	0.001862642250259911	0.0015190480487556556	0.001971145682313886	0.0013110831373188694	0.002052523256354368	0.002079649114367862	0.0025227047952549276	0.0013472509480035278	0.002441327221214446
209217_HY5CNBGXT_TCDM_2_C12_X8_37_2_o_GCGCTG_S91_R1_001	0.0005616430305214876	0.001002933983074085	0.015565535417309798	0.0021462787237785416	0.0069804205221956316	0.016227471846138694	0.0	4.0117359322963394e-05	0.0	1.0029339830740849e-05	0.00016046943729185358	0.0	0.0	3.0088019492222547e-05	0.0	9.026405847666764e-05	3.0088019492222547e-05	5.014669915370425e-05	6.0176038984445095e-05	0.00018052811695333528	0.0004412909525525974	0.00019055745678407614	0.000531555011029265	0.0006719657686596369	0.0009527872839203808	0.00015044009746111275	0.0013940782364729781	0.0023669242000548406	0.0011032273813814935	0.0013539608771500147	0.001454254275457423	0.0020158973059789106	0.0016448117322414994	0.0012636968186733471	0.0029686845898992914	0.0005516136906907467	0.0010430513423970483	0.002066044005132615	0.0015846356932570542	0.002116190704286319	0.0018654572085177977	0.002116190704286319	0.0013740195568114962	0.0022766601415781726	0.00271795109413077	0.0024170708992085448	0.00165484107207224	0.002667804394977066
209218_HY5CNBGXT_TCDM_2_D12_X8_37_1_o_GAACCT_S92_R1_001	0.00032963099555153273	0.0008337725181597594	0.013514870817612844	0.002171686558927745	0.006088478388422428	0.016307039250519944	1.9390058561854868e-05	0.0	3.8780117123709736e-05	2.9085087842782304e-05	0.00014542543921391152	9.695029280927434e-06	1.9390058561854868e-05	9.695029280927434e-06	0.0	4.8475146404637165e-05	3.8780117123709736e-05	6.786520496649204e-05	6.786520496649204e-05	0.00020359561489947614	0.00040719122979895227	0.00019390058561854866	0.0005623116982937912	0.0007756023424741946	0.0009695029280927434	0.00019390058561854866	0.0013573040993298407	0.001968090944028269	0.0010955383087448	0.0014445593628581877	0.001541509655667462	0.002103821353961253	0.0016869350948813735	0.0011537084844303648	0.002811558491468956	0.0005720067275747186	0.0009888929866545982	0.0018420555633762124	0.0017644953291287933	0.001987481002590124	0.0016190698899148817	0.0020941263246803256	0.0011537084844303648	0.0020650412368375436	0.0020553462075566164	0.0023946722323890763	0.0015124245678246797	0.002481927495917423
209219_HY5CNBGXT_TCDM_2_E12_X8_37_3_i_TTCGAG_S93_R1_001	0.0005283918529826664	0.0010718806160505518	0.014175998570020677	0.0022343426926124178	0.006310508415621558	0.016712279464337475	3.0193820170438076e-05	1.5096910085219038e-05	0.0	7.548455042609519e-06	0.00014342064580958087	2.2645365127828557e-05	1.5096910085219038e-05	1.5096910085219038e-05	0.0	6.793609538348566e-05	2.2645365127828557e-05	4.5290730255657114e-05	9.812991555392375e-05	0.0001585175558947999	0.0003623258420452569	0.00018116292102262846	0.0003849712071730855	0.0006416186786218091	0.0007171032290479043	0.00017361446598001894	0.0014417549131384181	0.0021437612321011036	0.0010718806160505518	0.0014040126379253706	0.0012303981719453516	0.0018418230303967227	0.0013134311774140564	0.0012530435370731801	0.0028155737308933507	0.0004831011227270092	0.0009586537904114089	0.0014794971883514657	0.0014568518232236372	0.0015474332837349513	0.0014870456433940752	0.0019550498560358654	0.0011020744362209896	0.0018871137606523798	0.0019852436762063034	0.0021362127770584937	0.0013285280874992752	0.002068276681675008
209220_HY5CNBGXT_TCDM_2_F12_C14_4_1_i_AGAATC_S94_R1_001	0.0005745230620738654	0.0010054153586292647	0.014315199630007146	0.0022661743004024695	0.006447425474384491	0.016581373930409617	6.383589578598505e-05	4.787692183948879e-05	3.1917947892992525e-05	3.1917947892992525e-05	0.00015958973946496264	7.979486973248131e-06	5.585640881273692e-05	7.979486973248131e-06	7.979486973248131e-06	4.787692183948879e-05	2.3938460919744395e-05	0.00015958973946496264	8.777435670572945e-05	0.00015161025249171451	0.0004548307574751435	0.0001755487134114589	0.0003830153747159103	0.0008378461321910537	0.0008059281842980613	0.00020746666130445142	0.0013485332984789343	0.0020108307172585294	0.0011809640720407235	0.0014442871421579118	0.001388430733345175	0.0018751794387133107	0.0013485332984789343	0.0012607589417732048	0.0024497025007871763	0.0005585640881273692	0.000909661514950287	0.0015320614988636413	0.0015958973946496263	0.0017155896992483482	0.001571958933729882	0.0019789127693655368	0.001093189715334994	0.0018751794387133107	0.0021544614827769958	0.002361928144081447	0.0014442871421579118	0.0022182973785629806
209221_HY5CNBGXT_TCDM_2_G12_X8_37_1_i_AGGCAT_S95_R1_001	0.0003013833279479003	0.001054841647817651	0.014014324749577365	0.002238847579041545	0.005984611797822591	0.015693460433858525	2.1527380567707165e-05	0.0	2.1527380567707165e-05	1.0763690283853583e-05	0.00013992797369009657	2.1527380567707165e-05	2.1527380567707165e-05	1.0763690283853583e-05	0.0	7.534583198697507e-05	1.0763690283853583e-05	3.229107085156075e-05	0.0001184005931223894	0.000129164283406243	0.0005597118947603863	0.00010763690283853581	0.00045207499192185044	0.0008610952227082865	0.0009041499838437009	0.00032291070851560744	0.001334697595197844	0.0019267005608097913	0.0013454612854816978	0.0014638618786040872	0.0013024065243462835	0.002109683295635302	0.0015069166397395015	0.0011947696215077476	0.0026155767389764205	0.0005489482044765327	0.0011409511700884796	0.001571498781442623	0.001732954135700427	0.0021957928179061306	0.0013562249757655513	0.0020773922247837415	0.0011517148603723334	0.001980519012229059	0.0018944094899582303	0.0026371041195441276	0.0014746255688879407	0.002260374959609252
209222_HY5CNBGXT_TCDM_2_H12_C14_4_1_o_ACACGC_S96_R1_001	0.0005118484928461175	0.0008477490662763822	0.013739932979837968	0.002127370298391676	0.006206162975759175	0.01677903340611179	1.5995265401441172e-05	4.798579620432352e-05	4.798579620432352e-05	1.5995265401441172e-05	0.00027191951182449996	0.0	7.997632700720586e-06	0.0	7.997632700720586e-06	2.399289810216176e-05	2.399289810216176e-05	2.399289810216176e-05	0.0001199644905108088	0.00019994081751801464	0.0004478674312403528	0.0001839455521165735	0.0005358413909482793	0.0007997632700720586	0.0009117301278821468	0.00027991714452522054	0.0016555099690491613	0.002167358461895279	0.0011916472724073674	0.001415580988027544	0.0012796212321152939	0.0020793845021873526	0.0016715052344506028	0.0012076425378088086	0.002927133568463735	0.0005918248198533235	0.0013276070283196172	0.002031398705983029	0.0017434839287570878	0.001983412909778706	0.0016954981325527645	0.0022553324216032056	0.001415580988027544	0.0021513631964938376	0.0020154034405815875	0.002631221158537073	0.0014635667842318675	0.0024472756064204994
