"","Extr.Set.Date","tube_ID","Phytoene","Phytofluene","Zeta.Carotene","Beta.Carotene","Violaxanthin.peak.1","Violaxanthin.peak.2","Lutein","sample_weight_g","date_extracted","technician","note","timept","harvest_date","plant","root","layer","empty_tube_weight_g","raw_fresh_weight_g","fresh_weight_g","greenhouse_notes","dry_date_out","dry_weight_g","Drying_notes","originaltubelabel","sampleID","genotypeID","block","dry_matter","total_carotenoids","total_violaxanthin","genotype.category"
"1","6112024","2",NA,NA,NA,NA,NA,NA,NA,0.254,"6/11/24","SV","spilled during dry down","6MAP","5/29/23","102","1","outer",NA,16.89,16.89,"","",9.933,"","102_X1_34_rt1_o","102_X10_39_rt1_o","X10_39","1",32.01,NA,NA,"Hybrid"
"2","6112024","3",2.34165322580645,1.56459677419355,0.948951612903226,30.7885483870968,0.826048387096774,1.25939516129032,0.283346774193548,0.248,"6/11/24","KG","","6MAP","5/29/23","102","2","inner",NA,NA,NA,"forgot to weigh","",8.157,"","102_X1_34_rt2_i","102_X10_39_rt2_i","X10_39","1",NA,38.0125403225806,2.0854435483871,"Hybrid"
"3","6112024","4",0.991314741035856,0.647011952191235,0.434422310756972,20.2364541832669,0.465617529880478,0.731354581673307,0.21605577689243,0.251,"6/11/24","KG","","6MAP","5/29/23","102","2","outer",NA,NA,NA,"forgot to weigh","",9.4,"","102_X1_34_rt2_o","102_X10_39_rt2_o","X10_39","1",NA,23.7222310756972,1.19697211155378,"Hybrid"
"4","6112024","6",0.861439688715953,0.556770428015564,0.439494163424125,18.568093385214,0.359494163424124,0.506342412451362,0.289338521400778,0.257,"6/11/24","SV","","6MAP","5/29/23","102","3","outer",NA,19.66,19.66,"","",10.775,"","102_X1_34_rt3_o","102_X10_39_rt3_o","X10_39","1",31.67,21.5809727626459,0.865836575875486,"Hybrid"
"5","6112024","7",4.50964705882353,3.09494117647059,1.64941176470588,37.0107058823529,0.854980392156863,1.09396078431373,0.0945098039215686,0.255,"6/11/24","SV","","6MAP","5/29/23","103","1","inner",NA,12.2,12.2,"","",8.09,"","103_A04_rt1_i","103_A04_rt1_i","A04","1",25.85,48.3081568627451,1.94894117647059,"African"
"6","6112024","8",1.081484375,0.6749609375,0.4323828125,13.3429296875,0.8759765625,1.2230078125,0,0.256,"6/11/24","SV","","6MAP","5/29/23","103","1","outer",NA,18.775,18.775,"","",10.192,"","103_A04_rt1_o","103_A04_rt1_o","A04","1",29.17,17.6307421875,2.098984375,"African"
"7","6112024","9",3.70407114624506,2.67652173913043,1.42711462450593,31.9234387351779,0.829367588932806,0.788418972332016,0.117391304347826,0.253,"6/11/24","KG","","6MAP","5/29/23","103","2","inner",NA,9.303,9.303,"","",7.567,"","103_A04_rt2_i","103_A04_rt2_i","A04","1",34.39,41.4663241106719,1.61778656126482,"African"
"8","6112024","10",1.01496062992126,0.65988188976378,0.387834645669291,10.9885826771654,0.553897637795276,0.764763779527559,0,0.254,"6/11/24","SV","","6MAP","5/29/23","103","2","outer",NA,12.31,12.31,"","",8.541,"","103_A04_rt2_o","103_A04_rt2_o","A04","1",33.33,14.3699212598425,1.31866141732283,"African"
"9","6112024","12",0.730699588477366,0.464444444444444,0.259218106995885,10.4758024691358,0.696666666666667,0.924197530864198,0,0.243,"6/11/24","SV","","6MAP","5/29/23","103","3","outer",NA,13.788,13.788,"","",8.691,"","103_A04_rt3_o","103_A04_rt3_o","A04","1",28.52,13.5510288065844,1.62086419753086,"African"
"10","6112024","13",0.718293650793651,0.358611111111111,0.190555555555556,17.3364285714286,0.606666666666667,0.917896825396825,0.51984126984127,0.252,"6/11/24","SV","","6MAP","5/29/23","109","1","inner",NA,12.162,12.162,"","",8.631,"","109_X11_68_rt1_i","109_X11_68_rt1_i","X11_68","1",35.86,20.6482936507937,1.52456349206349,"Hybrid"
"11","6112024","16",0.131098039215686,0.0666666666666667,0.0322352941176471,11.0466666666667,0.54443137254902,0.841098039215686,0.526666666666667,0.255,"6/11/24","KG","","6MAP","5/29/23","109","2","outer",NA,17.21,17.21,"","",9.894,"","109_X11_68_rt2_o","109_X11_68_rt2_o","X11_68","1",30.67,13.188862745098,1.38552941176471,"Hybrid"
"12","6112024","17",0.390866141732283,0.246850393700787,0.253346456692913,25.2014960629921,0.847755905511811,0.729724409448819,1.10866141732283,0.254,"6/11/24","SV","","6MAP","5/29/23","109","3","inner",NA,11.82,11.82,"","",8.408,"","109_X11_68_rt3_i","109_X11_68_rt3_i","X11_68","1",33.91,28.7787007874016,1.57748031496063,"Hybrid"
"13","6112024","21",2.78657142857143,2.49771428571429,1.68502040816327,37.8895918367347,0.322081632653061,0.443591836734694,0,0.245,"6/11/24","KG","","6MAP","5/29/23","111","2","inner",NA,10.28,10.28,"","",7.793,"","111_A03_rt2_i","111_A03_rt2_i","A03","1",31.36,45.6245714285714,0.765673469387755,"African"
"14","6112024","22",1.32637450199203,1.14462151394422,0.864661354581673,32.7718326693227,0.31605577689243,0.48199203187251,0,0.251,"6/11/24","KG","","6MAP","5/29/23","111","2","outer",NA,16.8,16.8,"","",9.527,"","111_A03_rt2_o","111_A03_rt2_o","A03","1",28.3,36.9055378486056,0.79804780876494,"African"
"15","6112024","24",1.57398406374502,1.03988047808765,0.61605577689243,26.8945418326693,0.232669322709163,0.286175298804781,0,0.251,"6/11/24","SV","","6MAP","5/29/23","111","3","outer",NA,14.95,14.95,"","",9.12,"","111_A03_rt3_o","111_A03_rt3_o","A03","1",29.7,30.6433067729084,0.518844621513944,"African"
"16","6112024","26",0.150238095238095,0.0941666666666667,0.0773412698412698,14.8738492063492,0.765674603174603,1.02464285714286,0.105396825396825,0.252,"6/11/24","SV","","6MAP","5/29/23","114","1","outer",NA,17.897,17.897,"","",10.288,"","114_X2_45_rt1_o","114_X2_45_rt1_o","X2_45","1",32.3,17.0913095238095,1.79031746031746,"Hybrid"
"17","6112024","27",0.304375,0.180390625,0.1239453125,15.254609375,0.630859375,0.8145703125,0.2291015625,0.256,"6/11/24","SV","","6MAP","5/29/23","114","2","inner",NA,10.76,10.76,"","",8.078,"","114_X2_45_rt2_i","114_X2_45_rt2_i","X2_45","1",34.63,17.5378515625,1.4454296875,"Hybrid"
"18","6112024","28",0.423968253968254,0.238968253968254,0.205912698412698,23.1624603174603,0.525277777777778,0.800555555555556,0.376626984126984,0.252,"6/11/24","KG","","6MAP","5/29/23","114","2","outer",NA,16.13,16.13,"","",9.62,"","114_X2_45_rt2_o","114_X2_45_rt2_o","X2_45","1",31.28,25.7337698412698,1.32583333333333,"Hybrid"
"19","6112024","30",0.0986904761904762,0.051031746031746,0.0487698412698413,10.3580555555556,0.341428571428571,0.408333333333333,0,0.252,"6/11/24","SV","","6MAP","5/29/23","114","3","outer",NA,19.02,19.02,"","",10.837,"","114_X2_45_rt3_o","114_X2_45_rt3_o","X2_45","1",33.81,11.3063095238095,0.749761904761905,"Hybrid"
"20","6112024","32",0.356178861788618,0.223048780487805,0.119918699186992,10.5168699186992,1.13922764227642,1.63930894308943,0.100731707317073,0.246,"6/11/24","KG","","6MAP","5/29/23","201","1","outer",NA,16.052,16.052,"","",10,"","201_X5_66_rt1_o","201_X5_66_rt1_o","X5_66","2",35.58,14.0952845528455,2.77853658536585,"Hybrid"
"21","6112024","33",0.3859765625,0.2484375,0.132890625,10.3599609375,1.4630078125,2.1655859375,0.099375,0.256,"6/11/24","KG","","6MAP","5/29/23","201","2","inner",NA,8.505,8.505,"","",7.402,"","201_X5_66_rt2_i","201_X5_66_rt2_i","X5_66","2",40.31,14.855234375,3.62859375,"Hybrid"
"22","6112024","34",0.193643724696356,0.122793522267206,0.068502024291498,7.65773279352227,1.01315789473684,1.45716599190283,0.250323886639676,0.247,"6/11/24","KG","","6MAP","5/29/23","201","2","outer",NA,12.656,12.656,"","",8.968,"","201_X5_66_rt2_o","201_X5_66_rt2_o","X5_66","2",38.52,10.7633198380567,2.47032388663968,"Hybrid"
"23","6112024","35",0.7354296875,0.4435546875,0.2309765625,12.00109375,0.952578125,1.614453125,0.1114453125,0.256,"6/11/24","KG","","6MAP","5/29/23","201","3","inner",NA,11.05,11.05,"","",8.323,"","201_X5_66_rt3_i","201_X5_66_rt3_i","X5_66","2",37.92,16.08953125,2.56703125,"Hybrid"
"24","6112024","37",1.13296296296296,0.650699588477366,0.451728395061728,16.4045679012346,1.12440329218107,1.77633744855967,0.471234567901235,0.243,"6/11/24","KG","","6MAP","5/29/23","206","1","inner",NA,10.998,10.998,"","",8.599,"","206_C17_rt1_i","206_C17_rt1_i","C17","2",44.74,22.0119341563786,2.90074074074074,"Latin American"
"25","6112024","40",0.317510204081633,0.180571428571429,0.101510204081633,13.1671020408163,0.830897959183673,0.944204081632653,1.48359183673469,0.245,"6/11/24","KG","","6MAP","5/29/23","206","2","outer",NA,13.77,13.77,"","",8.827,"","206_C17_rt2_o","206_C17_rt2_o","C17","2",30.51,17.025387755102,1.77510204081633,"Latin American"
"26","6112024","41",0.674549019607843,0.378745098039216,0.210666666666667,17.8340784313725,1.29560784313725,2.11313725490196,0.984549019607843,0.255,"6/11/24","SV","","6MAP","5/29/23","206","3","inner",NA,11.044,11.044,"","",8.225,"","206_C17_rt3_i","206_C17_rt3_i","C17","2",35.74,23.4913333333333,3.40874509803922,"Latin American"
"27","6112024","46",1.99,1.01576131687243,0.621399176954733,26.7915637860082,0.378477366255144,0.506666666666667,0.529835390946502,0.243,"6/11/24","SV","","6MAP","5/29/23","214","2","outer",NA,12.641,12.641,"","",8.5,"","214_X4_46_rt2_o","214_X4_46_rt2_o","X4_46","2",30.8,31.8337037037037,0.885144032921811,"Hybrid"
"28","6112024","S1",0.95377756921633,0.505818864382919,0.0672454246832473,14.0790708587518,0.581135617081183,0.899953073674331,0.147958704833412,0.2131,"6/11/24","KG","",NA,NA,NA,NA,NA,NA,NA,NA,NA,NA,NA,NA,NA,NA,"standard",NA,NA,17.2349601126232,1.48108869075551,NA
"29","6112024","S2",0.959263754045308,0.521521035598705,0.0648867313915858,13.5568365695793,0.54037216828479,0.773988673139159,0.140412621359223,0.2472,"6/11/24","SV","",NA,NA,NA,NA,NA,NA,NA,NA,NA,NA,NA,NA,NA,NA,"standard",NA,NA,16.5572815533981,1.31436084142395,NA
"30","6112024","S3",0.80158201498751,0.419941715237302,0.0494171523730225,13.1573272273106,0.53601165695254,0.645961698584513,0.148209825145712,0.2402,"6/11/24","SV","",NA,NA,NA,NA,NA,NA,NA,NA,NA,NA,NA,NA,NA,NA,"standard",NA,NA,15.7584512905912,1.18197335553705,NA
"31","6132024","1",5.4594,3.57188,2.30592,46.38656,0.8726,1.13232,0.26188,0.25,"6/13/24","KG","","6MAP","5/29/23","102","1","inner",6.657157895,11.505,11.505,"real genotype is X10_39 (listed correctly in genotypeID column)","",8.252,"","102_X1_34_rt1_i","102_X10_39_rt1_i","X10_39","1",32.9,59.99056,2.00492,"Hybrid"
"32","6132024","5",2.85565217391304,2.02845849802372,1.82806324110672,42.9781027667984,0.604545454545454,0.837193675889328,0.300592885375494,0.253,"6/13/24","KG","","6MAP","5/29/23","102","3","inner",NA,13.44,13.44,"","",9.127,"","102_X1_34_rt3_i","102_X10_39_rt3_i","X10_39","1",36.41,51.4326086956522,1.44173913043478,"Hybrid"
"33","6132024","11",3.50796875,2.442578125,1.059296875,35.17109375,0.770859375,1.09890625,0.114765625,0.256,"6/13/24","KG","","6MAP","5/29/23","103","3","inner",NA,9.148,9.148,"","",7.522,"","103_A04_rt3_i","103_A04_rt3_i","A04","1",34.73,44.16546875,1.869765625,"African"
"34","6132024","14",0.112921810699588,0.0635390946502058,0.0494238683127572,11.3074897119342,0.57283950617284,0.833991769547325,0.419917695473251,0.243,"6/13/24","KG","","6MAP","5/29/23","109","1","outer",NA,16.53,16.53,"","",8.739,"","109_X11_68_rt1_o","109_X11_68_rt1_o","X11_68","1",21.09,13.3601234567901,1.40683127572016,"Hybrid"
"35","6132024","15",0.633684210526316,0.332388663967611,0.163076923076923,22.806032388664,0.974777327935223,1.34080971659919,0.82417004048583,0.247,"6/13/24","KG","","6MAP","5/29/23","109","2","inner",NA,12.26,12.26,"","",8.743,"","109_X11_68_rt2_i","109_X11_68_rt2_i","X11_68","1",37.23,27.0749392712551,2.31558704453441,"Hybrid"
"36","6132024","18",0.0967307692307692,0.0472692307692308,0.0615769230769231,12.4480384615385,0.557384615384615,0.670615384615385,0.483730769230769,0.26,"6/13/24","KG","","6MAP","5/29/23","109","3","outer",NA,16.36,16.36,"","",9.192,"","109_X11_68_rt3_o","109_X11_68_rt3_o","X11_68","1",26.13,14.3653461538462,1.228,"Hybrid"
"37","6132024","19",3.13469879518072,2.94,1.87951807228916,37.9460240963855,0.704819277108434,0.977831325301205,0,0.249,"6/13/24","KG","","6MAP","5/29/23","111","1","inner",NA,14.897,14.897,"","",9.24,"","111_A03_rt1_i","111_A03_rt1_i","A03","1",31.35,47.5828915662651,1.68265060240964,"African"
"38","6132024","20",1.34716049382716,1.28633744855967,1.14600823045268,34.0169547325103,0.487654320987654,0.528559670781893,0,0.243,"6/13/24","KG","","6MAP","5/29/23","111","1","outer",NA,17.77,17.77,"","",10.316,"","111_A03_rt1_o","111_A03_rt1_o","A03","1",32.93,38.8126748971193,1.01621399176955,"African"
"39","6132024","23",3.27793522267207,2.49789473684211,1.4285020242915,36.2046153846154,0.504372469635628,0.559271255060729,0,0.247,"6/13/24","KG","","6MAP","5/29/23","111","3","inner",NA,12.135,12.135,"","",8.672,"","111_A03_rt3_i","111_A03_rt3_i","A03","1",36.78,44.4725910931174,1.06364372469636,"African"
"40","6132024","25",0.229385245901639,0.159262295081967,0.0998360655737705,11.4454918032787,1.1730737704918,2.01811475409836,0.136680327868852,0.244,"6/13/24","KG","","6MAP","5/29/23","114","1","inner",NA,11.034,11.034,"","",8.053,"","114_X2_45_rt1_i","114_X2_45_rt1_i","X2_45","1",31.89,15.2618442622951,3.19118852459016,"Hybrid"
"41","6132024","29",0.328821138211382,0.19520325203252,0.146422764227642,15.3862195121951,0.857520325203252,1.07711382113821,0.125487804878049,0.246,"6/13/24","KG","","6MAP","5/29/23","114","3","inner",NA,11.749,11.749,"","",NA,"","114_X2_45_rt3_i","114_X2_45_rt3_i","X2_45","1",NA,18.1167886178862,1.93463414634146,"Hybrid"
"42","6132024","31",1.32491935483871,0.829112903225806,0.413951612903226,17.6096774193548,1.45778225806452,2.13625,0.102016129032258,0.248,"6/13/24","KG","","6MAP","5/29/23","201","1","inner",NA,11.01,11.01,"","",8.026,"","201_X5_66_rt1_i","201_X5_66_rt1_i","X5_66","2",31.45,23.8737096774194,3.59403225806452,"Hybrid"
"43","6132024","36",0.273134920634921,0.174761904761905,0.0995238095238095,8.57638888888889,0.991904761904762,1.26043650793651,0.208333333333333,0.252,"6/13/24","KG","","6MAP","5/29/23","201","3","outer",NA,12.84,12.84,"","",8.942,"","201_X5_66_rt3_o","201_X5_66_rt3_o","X5_66","2",36.96,11.5844841269841,2.25234126984127,"Hybrid"
"44","6132024","39",0.930122950819672,0.503975409836066,0.321639344262295,24.3341393442623,1.56180327868852,1.88,2.31893442622951,0.244,"6/13/24","KG","","6MAP","5/29/23","206","2","inner",NA,12.598,12.598,"","",8.84,"","206_C17_rt2_i","206_C17_rt2_i","C17","2",36.74,31.8506147540984,3.44180327868852,"Latin American"
"45","6132024","42",0.391713147410359,0.223505976095618,0.133625498007968,15.2509561752988,0.937768924302789,0.925099601593625,1.67972111553785,0.251,"6/13/24","KG","","6MAP","5/29/23","206","3","outer",NA,13.004,13.004,"","",8.67,"","206_C17_rt3_o","206_C17_rt3_o","C17","2",31.72,19.542390438247,1.86286852589641,"Latin American"
"46","6132024","43",4.20307086614173,2.42574803149606,1.63913385826772,43.2138188976378,0.649488188976378,0.948188976377953,0.345472440944882,0.254,"6/13/24","KG","","6MAP","5/29/23","214","1","inner",NA,12.75,12.75,"","",8.544,"","214_X4_46_rt1_i","214_X4_46_rt1_i","X4_46","2",30.97,53.4249212598425,1.59767716535433,"Hybrid"
"47","6132024","44",1.77688,1.12,0.84948,35.26816,0.52548,0.63348,0.1492,0.25,"6/13/24","KG","","6MAP","5/29/23","214","1","outer",NA,17.415,17.415,"","",10.06,"","214_X4_46_rt1_o","214_X4_46_rt1_o","X4_46","2",31.63,40.32268,1.15896,"Hybrid"
"48","6132024","47",3.96914979757085,1.88380566801619,1.00315789473684,34.7402024291498,0.636842105263158,0.826113360323887,0.616801619433198,0.247,"6/13/24","KG","","6MAP","5/29/23","214","3","inner",NA,10.34,10.34,"","",7.888,"","214_X4_46_rt3_i","214_X4_46_rt3_i","X4_46","2",33.42,43.6760728744939,1.46295546558704,"Hybrid"
"49","6132024","48",2.60547619047619,1.24904761904762,0.630357142857143,30.8863492063492,0.501944444444444,0.691071428571429,0.566150793650794,0.252,"6/13/24","KG","","6MAP","5/29/23","214","3","outer",NA,12.022,12.022,"","",8.238,"","214_X4_46_rt3_o","214_X4_46_rt3_o","X4_46","2",29.47,37.1303968253968,1.19301587301587,"Hybrid"
"50","6132024","281",1.13177419354839,0.587862903225806,0.397782258064516,39.1290322580645,1.72072580645161,2.37008064516129,6.76084677419355,0.248,"6/13/24","SV","","8MAP","7/6/23","211","3","inner",NA,2.102,8.754,"","7/14/23",7.377,"","211_C14_rt3_i","211_C14_rt3_i","C14","2",34.33,52.0981048387097,4.0908064516129,"Latin American"
"51","6132024","283",0.0856126482213439,0.0563636363636364,0.0379446640316206,5.36628458498024,0.449723320158103,0.62201581027668,0.334861660079051,0.253,"6/13/24","SV","","8MAP","7/6/23","212","1","inner",NA,2.96,9.612,"","7/14/23",7.671,"","212_X8_37_rt1_i","212_X8_37_rt1_i","X8_37","2",34.31,6.95280632411067,1.07173913043478,"Hybrid"
"52","6132024","285",0.0871314741035857,0.0562948207171315,0.0361354581673307,6.05151394422311,0.563067729083665,0.805298804780876,0.363346613545817,0.251,"6/13/24","SV","","8MAP","7/6/23","212","2","inner",NA,4.05,10.702,"","7/14/23",7.963,"","212_X8_37_rt2_i","212_X8_37_rt2_i","X8_37","2",32.29,7.96278884462151,1.36836653386454,"Hybrid"
"53","6132024","288",0,0,0,4.51714285714286,0.488040816326531,0.545836734693878,0.437142857142857,0.245,"6/13/24","SV","","8MAP","7/6/23","212","3","outer",NA,8.85,15.502,"","7/14/23",9.483,"","212_X8_37_rt3_o","212_X8_37_rt3_o","X8_37","2",31.95,5.98816326530612,1.03387755102041,"Hybrid"
"54","6132024","289",2.08416326530612,1.16032653061224,0.686326530612245,30.1684897959184,0.808244897959184,0.996367346938776,0.61065306122449,0.245,"6/13/24","SV","","8MAP","7/6/23","213","1","inner",NA,8.014,14.666,"","7/14/23",9.233,"","213_X4_42_rt1_i","213_X4_42_rt1_i","X4_42","2",32.16,36.5145714285714,1.80461224489796,"Hybrid"
"55","6132024","294",0.76672,0.41472,0.3344,30.2038,0.957,1.2232,1.34752,0.25,"6/13/24","SV","slight yellow color visible in tissue chunk remaining after 4th extraction","8MAP","7/6/23","213","3","outer",NA,9.165,15.817,"","7/14/23",9.399,"","213_X4_42_rt3_o","213_X4_42_rt3_o","X4_42","2",29.93,35.24736,2.1802,"Hybrid"
"56","6132024","300",2.3201968503937,1.27866141732283,1.01122047244095,33.7427165354331,0.414685039370079,0.455826771653543,0.419015748031496,0.254,"6/13/24","SV","","8MAP","7/6/23","219","3","outer",NA,8.47,15.122,"","7/14/23",8.565,"","219_X2_24_rt3_o","219_X2_24_rt3_o","X2_24","2",22.54,39.6423228346457,0.870511811023622,"Hybrid"
"57","6132024","302",0.0593359375,0.026875,0,11.559609375,0.35609375,0.5050390625,0.1657421875,0.256,"6/13/24","SV","","8MAP","7/6/23","301","1","outer",NA,5.827,12.479,"","7/14/23",8.075,"","301_X2_45_rt1_o","301_X2_45_rt1_o","X2_45","3",24.36,12.6726953125,0.8611328125,"Hybrid"
"58","6132024","304",0.629755102040816,0.391918367346939,0.271836734693878,14.8388979591837,0.528938775510204,0.74530612244898,0.237877551020408,0.245,"6/13/24","SV","","8MAP","7/6/23","301","2","outer",NA,4.366,11.018,"","7/14/23",7.952,"","301_X2_45_rt2_o","301_X2_45_rt2_o","X2_45","3",29.7,17.6445306122449,1.27424489795918,"Hybrid"
"59","6132024","310",1.103125,0.5359375,0.1808984375,14.0315234375,0.4611328125,0.5917578125,0.3081640625,0.256,"6/13/24","SV","","8MAP","7/6/23","303","2","outer",NA,2.192,8.844,"","7/14/23",7.326,"","303_X11_68_rt2_o","303_X11_68_rt2_o","X11_68","3",30.59,17.2125390625,1.052890625,"Hybrid"
"60","6132024","319",1.99412698412698,1.08603174603175,0.667460317460317,33.7677777777778,1.0397619047619,1.28142857142857,0.629404761904762,0.252,"6/13/24","SV","","8MAP","7/6/23","314","1","inner",NA,5.952,12.604,"","7/14/23",8.576,"","314_X5_66_rt1_i","314_X5_66_rt1_i","X5_66","3",32.27,40.465992063492,2.32119047619048,"Hybrid"
"61","6132024","320",0.538203125,0.2943359375,0.2567578125,32.411328125,0.7508984375,0.8969921875,0.786328125,0.256,"6/13/24","SV","","8MAP","7/6/23","314","1","outer",NA,14.956,21.608,"","7/14/23",11.496,"","314_X5_66_rt1_o","314_X5_66_rt1_o","X5_66","3",32.37,35.93484375,1.647890625,"Hybrid"
"62","6132024","324",0.692749003984064,0.382948207171315,0.404462151394422,36.2241035856574,0.88207171314741,0.997171314741036,1.98573705179283,0.251,"6/13/24","SV","","8MAP","7/6/23","314","3","outer",NA,7.25,13.902,"","7/14/23",8.954,"","314_X5_66_rt3_o","314_X5_66_rt3_o","X5_66","3",31.7,41.5692430278885,1.87924302788845,"Hybrid"
"63","6132024","328",1.22737704918033,0.808196721311475,0.776844262295082,22.5075819672131,0.508606557377049,0.603811475409836,0,0.244,"6/13/24","SV","","8MAP","7/6/23","318","2","outer",NA,6.608,13.26,"","7/14/23",8.664,"","318_A04_rt2_o","318_A04_rt2_o","A04","3",30.4,26.4324180327869,1.11241803278689,"African"
"64","6132024","331",5.60863453815261,3.05654618473896,2.1114859437751,47.4020080321285,0.749236947791165,0.903574297188755,1.05574297188755,0.249,"6/13/24","SV","","8MAP","7/6/23","405","1","inner",NA,6.675,13.327,"real genotype is X10_39 (corrected in GID column)","7/14/23",8.558,"","405_X1_34_rt1_i","405_X10_39_rt1_i","X10_39","4",28.5,60.8872289156626,1.65281124497992,"Hybrid"
"65","6132024","334",1.2201976284585,0.775889328063241,1.02513833992095,37.0016600790514,0.307747035573122,0.374940711462451,0.333754940711462,0.253,"6/13/24","SV","","8MAP","7/6/23","405","2","outer",NA,11.208,17.86,"","7/14/23",10.47,"","405_X1_34_rt2_o","405_X10_39_rt2_o","X10_39","4",34.04,41.0393280632411,0.682687747035573,"Hybrid"
"66","6132024","336",1.34280155642023,0.86431906614786,1.12891050583658,36.1001945525292,0.250272373540856,0.287743190661479,0.348365758754864,0.257,"6/13/24","SV","","8MAP","7/6/23","405","3","outer",NA,10.139,16.791,"","7/14/23",10.025,"","405_X1_34_rt3_o","405_X10_39_rt3_o","X10_39","4",33.23,40.3226070038911,0.538015564202335,"Hybrid"
"67","6132024","339",8.74106557377049,4.55594262295082,2.77364754098361,46.1014754098361,0.710204918032787,0.79422131147541,0.671024590163934,0.244,"6/13/24","SV","","8MAP","7/6/23","408","2","inner",NA,2.824,9.476,"","7/14/23",7.546,"","408_X4_46_rt2_i","408_X4_46_rt2_i","X4_46","4",31.54,64.3475819672131,1.5044262295082,"Hybrid"
"68","6132024","341",5.74405737704918,3.21344262295082,1.64036885245902,32.9122540983607,0.409262295081967,0.413688524590164,1.10975409836066,0.244,"6/13/24","SV","","8MAP","7/6/23","408","3","inner",NA,3.599,10.251,"","7/14/23",7.772,"","408_X4_46_rt3_i","408_X4_46_rt3_i","X4_46","4",31.02,45.4428278688525,0.822950819672131,"Hybrid"
"69","6132024","345",0.886188524590164,0.526188524590164,0.340901639344262,30.5436885245902,2.17040983606557,2.37475409836066,4.2519262295082,0.244,"6/13/24","SV","","8MAP","7/6/23","411","2","inner",NA,1.756,8.408,"","7/14/23",7.184,"","411_C17_rt2_i","411_C17_rt2_i","C17","4",30.1,41.0940573770492,4.54516393442623,"Latin American"
"70","6132024","346",0.699488188976378,0.388385826771654,0.256417322834646,25.3553937007874,1.43976377952756,1.25736220472441,5.71177165354331,0.254,"6/13/24","SV","","8MAP","7/6/23","411","2","outer",NA,5.836,12.488,"","7/14/23",8.534,"","411_C17_rt2_o","411_C17_rt2_o","C17","4",32.19,35.1085826771654,2.69712598425197,"Latin American"
"71","6132024","347",0.883212851405622,0.511204819277108,0.295863453815261,20.1852610441767,1.70004016064257,2.26566265060241,2.20582329317269,0.249,"6/13/24","SV","","8MAP","7/6/23","411","3","inner",NA,3.125,9.777,"","7/14/23",7.637,"","411_C17_rt3_i","411_C17_rt3_i","C17","4",31.41,28.0470682730924,3.96570281124498,"Latin American"
"72","6132024","359",2.35817813765182,1.98748987854251,1.69311740890688,31.9888663967611,0.357449392712551,0.287732793522267,0,0.247,"6/13/24","SV","","8MAP","7/6/23","420","3","inner",NA,3.781,10.433,"","7/14/23",7.886,"","420_A03_rt3_i","420_A03_rt3_i","A03","4",32.55,38.6728340080972,0.645182186234818,"African"
"73","6132024","S4",0.980121703853955,0.53841784989858,0.076105476673428,13.3139148073022,0.565841784989858,0.822718052738337,0.139716024340771,0.2465,"6/13/24","KG","",NA,NA,NA,NA,NA,NA,NA,NA,NA,NA,NA,NA,NA,NA,"standard",NA,NA,16.4368356997972,1.38855983772819,NA
"74","6132024","S5",0.935556464811784,0.531342062193126,0.0697626841243863,13.906464811784,0.6069558101473,0.756914893617021,0.145335515548282,0.2444,"6/13/24","SV","",NA,NA,NA,NA,NA,NA,NA,NA,NA,NA,NA,NA,NA,NA,"standard",NA,NA,16.9523322422259,1.36387070376432,NA
"75","6202024","102",0.44116,0.24796,0.11916,11.43636,0.8018,1.20856,0.19536,0.25,"6/20/24","KG","","6MAP","5/30/23","404","3","outer",NA,21.211,21.211,"","7/14/23",11.42,"","404_X10_52_rt3_o","404_X4_32_rt3_o","X4_32","4",32.73,14.45036,2.01036,"Hybrid"
"76","6202024","110",0.354509803921569,0.229294117647059,0.244509803921569,24.2211764705882,0.68556862745098,1.05760784313725,0.147411764705882,0.255,"6/20/24","SV","","6MAP","5/30/23","417","1","outer",NA,19.974,19.974,"","7/14/23",10.963,"","417_X1_54_rt1_o","417_X1_54_rt1_o","X1_54","4",32.33,26.9400784313725,1.74317647058824,"Hybrid"
"77","6202024","121",4.791640625,2.906875,1.290625,41.9507421875,0.9440234375,1.2344921875,0.18703125,0.256,"6/20/24","SV","","7MAP","6/20/23","101","1","inner",NA,11.484,11.484,"","6/28/23",8.203,"","101_X2_24_rt1_i","101_X2_24_rt1_i","X2_24","1",32.03,53.3054296875,2.178515625,"Hybrid"
"78","6202024","126",2.84846456692913,1.72822834645669,0.930826771653543,31.4214960629921,0.707007874015748,1.08688976377953,0.252874015748031,0.254,"6/20/24","SV","","7MAP","6/20/23","101","3","outer",NA,15.346,15.346,"","6/28/23",9.537,"","101_X2_24_rt3_o","101_X2_24_rt3_o","X2_24","1",33.15,38.9757874015748,1.79389763779528,"Hybrid"
"79","6202024","128",0.0290551181102362,0,0,5.70448818897638,0.656417322834646,0.58003937007874,1.38066929133858,0.254,"6/20/24","SV","","7MAP","6/20/23","108","1","outer",NA,17.956,17.956,"","6/28/23",10.888,"","108_X8_37_rt1_o","108_X8_37_rt1_o","X8_37","1",37.45,8.35066929133858,1.23645669291339,"Hybrid"
"80","6202024","130",0.13588,0.07704,0,5.35644,0.39376,0.69124,0.77576,0.25,"6/20/24","SV","","7MAP","6/20/23","108","2","outer",NA,18.97,18.97,"","6/28/23",10.819,"","108_X8_37_rt2_o","108_X8_37_rt2_o","X8_37","1",33.8,7.43012,1.085,"Hybrid"
"81","6202024","131",0,0,0,4.37854901960784,0.350156862745098,0.58321568627451,0.267294117647059,0.255,"6/20/24","SV","","7MAP","6/20/23","108","3","inner",NA,9.795,9.795,"","6/28/23",7.768,"","108_X8_37_rt3_i","108_X8_37_rt3_i","X8_37","1",35.4,5.57921568627451,0.933372549019608,"Hybrid"
"82","6202024","132",0,0,0,5.62083003952569,0.344466403162055,0.547865612648221,0.504110671936759,0.253,"6/20/24","SV","","7MAP","6/20/23","108","3","outer",NA,15.897,15.897,"","6/28/23",10.302,"","108_X8_37_rt3_o","108_X8_37_rt3_o","X8_37","1",39.45,7.01727272727273,0.892332015810277,"Hybrid"
"83","6202024","133",4.2307874015748,2.56267716535433,2.00732283464567,60.9779921259843,0.723464566929134,0.925590551181102,0.595393700787402,0.254,"6/20/24","SV","","7MAP","6/20/23","110","1","inner",NA,9.74,9.74,"","6/28/23",7.342,"","110_X4_42_rt1_i","110_X4_42_rt1_i","X4_42","1",22.22,72.0232283464567,1.64905511811024,"Hybrid"
"84","6202024","134",1.12192913385827,0.637047244094488,0.665551181102362,50.8227559055118,0.796535433070866,1.22334645669291,1.21488188976378,0.254,"6/20/24","SV","still appeared wet after long dry down","7MAP","6/20/23","110","1","outer",NA,19.88,19.88,"","6/28/23",10.715,"","110_X4_42_rt1_o","110_X4_42_rt1_o","X4_42","1",30.69,56.4820472440945,2.01988188976378,"Hybrid"
"85","6202024","144",1.01119047619048,0.548174603174603,0.376666666666667,30.6490079365079,1.64678571428571,1.93603174603175,4.71170634920635,0.252,"6/20/24","SV","","7MAP","6/20/23","113","3","outer",NA,13.92,13.92,"","6/28/23",8.614,"","113_C17_rt3_o","113_C17_rt3_o","C17","1",26.94,40.8795634920635,3.58281746031746,"Latin American"
"86","6202024","145",6.79079365079365,3.66253968253968,2.72904761904762,72.9340079365079,0.535357142857143,0.639722222222222,0.181468253968254,0.252,"6/20/24","SV","","7MAP","6/20/23","116","1","inner",NA,12.74,12.74,"","6/28/23",7.966,"","116_X8_41.5_rt1_i","116_X8_41.5_rt1_i","X8_41.5","1",21.52,87.4729365079365,1.17507936507937,"Hybrid"
"87","6202024","146",2.35580392156863,1.43976470588235,1.50329411764706,46.6089019607843,0.476941176470588,0.700941176470588,0,0.255,"6/20/24","SV","","7MAP","6/20/23","116","1","outer",NA,22.66,22.66,"","6/28/23",11.8,"","116_X8_41.5_rt1_o","116_X8_41.5_rt1_o","X8_41.5","1",32.14,53.0856470588235,1.17788235294118,"Hybrid"
"88","6202024","147",3.81822834645669,2.37952755905512,2.54547244094488,73.976968503937,0.542952755905512,0.699015748031496,0.652874015748031,0.254,"6/20/24","SV","","7MAP","6/20/23","116","2","inner",NA,12.197,12.197,"","6/28/23",8.101,"","116_X8_41.5_rt2_i","116_X8_41.5_rt2_i","X8_41.5","1",26.06,84.6150393700787,1.24196850393701,"Hybrid"
"89","6202024","148",1.68317269076305,0.991244979919679,1.06493975903614,43.7598393574297,0.642409638554217,0.880722891566265,0.324658634538153,0.249,"6/20/24","SV","","7MAP","6/20/23","116","2","outer",NA,15.117,15.117,"","6/28/23",8.97,"","116_X8_41.5_rt2_o","116_X8_41.5_rt2_o","X8_41.5","1",27.34,49.3469879518072,1.52313253012048,"Hybrid"
"90","6202024","150",4.76794466403162,3.15889328063241,4.92482213438735,94.4936758893281,0.569249011857707,0.852252964426877,0.291778656126482,0.253,"6/20/24","SV","","7MAP","6/20/23","116","3","outer",NA,17.053,17.053,"","6/28/23",9.606,"","116_X8_41.5_rt3_o","116_X8_41.5_rt3_o","X8_41.5","1",28.37,109.058616600791,1.42150197628458,"Hybrid"
"91","6202024","151",0.0516929133858268,0,0,3.15090551181102,0.319212598425197,0.385826771653543,0.175708661417323,0.254,"6/20/24","SV","","7MAP","6/20/23","203","1","inner",NA,10.293,10.293,"","6/28/23",7.84,"","203_X11_57_rt1_i","203_X11_57_rt1_i","X11_57","2",32.54,4.08334645669291,0.70503937007874,"Hybrid"
"92","6202024","152",0,0,0,3.09838056680162,0.187044534412955,0.278137651821862,0.12995951417004,0.247,"6/20/24","SV","","7MAP","6/20/23","203","1","outer",NA,16.734,16.734,"","6/28/23",9.951,"","203_X11_57_rt1_o","203_X11_57_rt1_o","X11_57","2",32.69,3.69352226720648,0.465182186234818,"Hybrid"
"93","6202024","153",0.107058823529412,0,0,4.17294117647059,0.408235294117647,0.518823529411765,0.265882352941176,0.255,"6/20/24","SV","","7MAP","6/20/23","203","2","inner",NA,10.59,10.59,"","6/28/23",7.892,"","203_X11_57_rt2_i","203_X11_57_rt2_i","X11_57","2",31.4,5.47294117647059,0.927058823529412,"Hybrid"
"94","6202024","154",0,0,0,3.58120481927711,0.238433734939759,0.337871485943775,0.183333333333333,0.249,"6/20/24","SV","","7MAP","6/20/23","203","2","outer",NA,16.53,16.53,"","6/28/23",9.92,"","203_X11_57_rt2_o","203_X11_57_rt2_o","X11_57","2",33.05,4.34084337349398,0.576305220883534,"Hybrid"
"95","6202024","155",0.0556031128404669,0,0,2.47128404669261,0.263579766536965,0.312529182879377,0.196848249027237,0.257,"6/20/24","SV","","7MAP","6/20/23","203","3","inner",NA,8.99,8.99,"","6/28/23",7.477,"","203_X11_57_rt3_i","203_X11_57_rt3_i","X11_57","2",35.15,3.29984435797665,0.576108949416342,"Hybrid"
"96","6202024","156",0,0,0,1.6207421875,0.1791015625,0.28046875,0.1441796875,0.256,"6/20/24","SV","","7MAP","6/20/23","203","3","outer",NA,11.247,11.247,"","6/28/23",8.051,"","203_X11_57_rt3_o","203_X11_57_rt3_o","X11_57","2",30.37,2.2244921875,0.4595703125,"Hybrid"
"97","6202024","157",0.932862745098039,0.555176470588235,0.408196078431373,29.5185490196078,0.854823529411765,1.41454901960784,0.316588235294118,0.255,"6/20/24","SV","","7MAP","6/20/23","204","1","inner",NA,10.514,10.514,"","6/28/23",7.811,"","204_X2_45_rt1_i","204_X2_45_rt1_i","X2_45","2",29.92,34.0007450980392,2.26937254901961,"Hybrid"
"98","6202024","161",0.957301587301587,0.556111111111111,0.286388888888889,18.6720634920635,0.708769841269841,1.12777777777778,0.147103174603175,0.252,"6/20/24","SV","","7MAP","6/20/23","204","3","inner",NA,8.402,8.402,"","6/28/23",7.148,"","204_X2_45_rt3_i","204_X2_45_rt3_i","X2_45","2",28.14,22.4555158730159,1.83654761904762,"Hybrid"
"99","6202024","162",0.272283464566929,0.162047244094488,0.0959055118110236,12.5647244094488,0.53244094488189,0.80251968503937,0,0.254,"6/20/24","SV","","7MAP","6/20/23","204","3","outer",NA,12.145,12.145,"","6/28/23",8.373,"","204_X2_45_rt3_o","204_X2_45_rt3_o","X2_45","2",31.27,14.4299212598425,1.33496062992126,"Hybrid"
"100","6202024","163",1.71274590163934,0.911598360655738,0.491516393442623,28.8255737704918,1.45725409836066,2.2194262295082,3.30315573770492,0.244,"6/20/24","SV","","7MAP","6/20/23","208","1","inner",NA,11.395,11.395,"real genotype is X4_32 (corrected in genotypeID column)","6/28/23",8.299,"","208_X10_52_rt1_i","208_X4_32_rt2_i","X4_32","2",34.66,38.9212704918033,3.67668032786885,"Hybrid"
"101","6202024","164",0.465381526104418,0.216184738955823,0.164979919678715,22.3434939759036,0.72140562248996,1.09008032128514,1.68293172690763,0.249,"6/20/24","SV","","7MAP","6/20/23","208","1","outer",NA,14.86,14.86,"","6/28/23",9.313,"","208_X10_52_rt1_o","208_X4_32_rt2_o","X4_32","2",32.38,26.6844578313253,1.8114859437751,"Hybrid"
"102","6202024","167",2.11269387755102,0.960816326530612,0.456408163265306,33.7366530612245,1.86812244897959,2.48722448979592,3.78869387755102,0.245,"6/20/24","SV","little sample left ","7MAP","6/20/23","208","3","inner",NA,7.812,7.812,"","6/28/23",7.076,"","208_X10_52_rt3_i","208_X4_32_rt3_i","X4_32","2",36.28,45.410612244898,4.35534693877551,"Hybrid"
"103","6202024","279",0.6390234375,0.30546875,0.217890625,27.9818359375,1.002890625,1.637421875,1.0365625,0.256,"6/20/24","KG","","8MAP","7/6/23","211","2","inner",NA,7.087,13.739,"","7/14/23",8.867,"","211_C14_rt2_i","211_C14_rt2_i","C14","2",31.21,32.82109375,2.6403125,"Latin American"
"104","6202024","280",0.86520325203252,0.415853658536585,0.191747967479675,31.5124796747968,0.993414634146341,1.57447154471545,0.656138211382114,0.246,"6/20/24","KG","","8MAP","7/6/23","211","2","outer",NA,5.35,12.002,"","7/14/23",8.402,"","211_C14_rt2_o","211_C14_rt2_o","C14","2",32.65,36.2093089430894,2.56788617886179,"Latin American"
"105","6202024","286",0,0,0,6.23643137254902,0.395450980392157,0.565529411764706,0.73121568627451,0.255,"6/20/24","KG","","8MAP","7/6/23","212","2","outer",NA,9.635,16.287,"","7/14/23",10.111,"","212_X8_37_rt2_o","212_X8_37_rt2_o","X8_37","2",35.87,7.92862745098039,0.960980392156863,"Hybrid"
"106","6202024","290",0.575901639344262,0.284918032786885,0.300696721311475,33.9359836065574,0.929918032786885,1.33004098360656,0.335860655737705,0.244,"6/20/24","SV","","8MAP","7/6/23","213","1","outer",NA,12.754,19.406,"","7/14/23",10.657,"","213_X4_42_rt1_o","213_X4_42_rt1_o","X4_42","2",31.38,37.6933196721312,2.25995901639344,"Hybrid"
"107","6202024","323",1.08333333333333,0.608293650793651,0.507261904761905,42.9700793650794,0.89202380952381,1.06400793650794,2.13980158730159,0.252,"6/20/24","KG","still appeared wet after long dry down","8MAP","7/6/23","314","3","inner",NA,3.423,10.075,"","7/14/23",7.891,"","314_X5_66_rt3_i","314_X5_66_rt3_i","X5_66","3",36.1,49.2648015873016,1.95603174603175,"Hybrid"
"108","6202024","325",3.87239215686275,2.35890196078431,1.26282352941176,30.9058039215686,0.634078431372549,0.753019607843137,0.167803921568627,0.255,"6/20/24","KG","","8MAP","7/6/23","318","1","inner",NA,4.028,10.68,"","7/14/23",7.716,"","318_A04_rt1_i","318_A04_rt1_i","A04","3",26.32,39.9548235294118,1.38709803921569,"African"
"109","6202024","326",1.1550612244898,0.719224489795918,0.492285714285714,24.8168571428571,0.633959183673469,0.894489795918367,0,0.245,"6/20/24","KG","","8MAP","7/6/23","318","1","outer",NA,10.77,17.422,"","7/14/23",9.638,"","318_A04_rt1_o","318_A04_rt1_o","A04","3",27.69,28.7118775510204,1.52844897959184,"African"
"110","6202024","329",6.86205533596838,4.04695652173913,1.97683794466403,37.4247035573123,0.470158102766798,0.490790513833992,0.361225296442688,0.253,"6/20/24","SV","","8MAP","7/6/23","318","3","inner",NA,2.495,9.147,"","7/14/23",7.298,"","318_A04_rt3_i","318_A04_rt3_i","A04","3",25.74,51.6327272727273,0.96094861660079,"African"
"111","6202024","330",2.94297959183673,1.75857142857143,1.2125306122449,25.7662040816327,0.577551020408163,0.662,0,0.245,"6/20/24","KG","","8MAP","7/6/23","318","3","outer",NA,6.725,13.377,"","7/14/23",8.414,"","318_A04_rt3_o","318_A04_rt3_o","A04","3",26.15,32.9198367346939,1.23955102040816,"African"
"112","6202024","332",1.52365079365079,1.02996031746032,1.33261904761905,44.7348015873016,0.322222222222222,0.40047619047619,0.363650793650794,0.252,"6/20/24","KG","","8MAP","7/6/23","405","1","outer",NA,16.61,23.262,"","7/14/23",12.231,"","405_X1_34_rt1_o","405_X10_39_rt1_o","X10_39","4",33.57,49.707380952381,0.722698412698413,"Hybrid"
"113","6202024","333",5.73092,3.44212,2.67732,49.95444,0.58832,0.7004,0.8192,0.25,"6/20/24","KG","","8MAP","7/6/23","405","2","inner",NA,7.157,13.809,"","7/14/23",8.948,"","405_X1_34_rt2_i","405_X10_39_rt2_i","X10_39","4",32.03,63.91272,1.28872,"Hybrid"
"114","6202024","335",4.9599609375,2.8384765625,2.301796875,43.148203125,0.44546875,0.5618359375,0.4496875,0.256,"6/20/24","KG","","8MAP","7/6/23","405","3","inner",NA,4.309,10.961,"","7/14/23",8.056,"","405_X1_34_rt3_i","405_X10_39_rt3_i","X10_39","4",32.5,54.7054296875,1.0073046875,"Hybrid"
"115","6202024","337",6.46149193548387,3.68310483870968,2.67931451612903,46.3452822580645,0.394112903225806,0.470322580645161,0.990725806451613,0.248,"6/20/24","KG","","8MAP","7/6/23","408","1","inner",NA,5.845,12.497,"","7/14/23",8.272,"","408_X4_46_rt1_i","408_X4_46_rt1_i","X4_46","4",27.65,61.0243548387097,0.864435483870968,"Hybrid"
"116","6202024","340",3.36060728744939,1.85647773279352,1.67858299595142,56.8613360323887,0.427651821862348,0.588421052631579,0.65,0.247,"6/20/24","KG","","8MAP","7/6/23","408","2","outer",NA,7.12,13.772,"","7/14/23",9.016,"","408_X4_46_rt2_o","408_X4_46_rt2_o","X4_46","4",33.16,65.4230769230769,1.01607287449393,"Hybrid"
"117","6202024","343",1.38203187250996,0.730637450199203,0.450557768924303,34.9125896414343,2.06059760956175,2.77386454183267,6.4390438247012,0.251,"6/20/24","KG","still appeared wet after long dry down","8MAP","7/6/23","411","1","inner",NA,4.107,10.759,"was in tube labeled 414_x8_41.5; label has been hand-corrected to 411_C17_rt1_i","7/14/23",7.766,"it's not hand changed for the dry weight? this must be a different tube (this note was moved and is now correct)","414_X8_41.5_rt1_i","411_C17_rt1_i","C17","4",27.04,48.7493227091633,4.83446215139442,"Latin American"
"118","6202024","348",0.365381526104418,0.213815261044177,0.165140562248996,16.0323694779116,0.839357429718876,0.99433734939759,3.08590361445783,0.249,"6/20/24","KG","","8MAP","7/6/23","411","3","outer",NA,5.523,12.175,"","7/14/23",8.299,"","411_C17_rt3_o","411_C17_rt3_o","C17","4",29.76,21.6963052208835,1.83369477911647,"Latin American"
"119","6202024","349",9.69813492063492,5.86230158730159,7.24821428571429,101.686706349206,0.435436507936508,0.534722222222222,0.129880952380952,0.252,"6/20/24","KG","","8MAP","7/6/23","414","1","inner",NA,11.814,18.466,"label hand changed","7/14/23",9.511,"weight comes from label picture","414_411_C17_rt1_i","414_X8_41.5_rt1_i","X8_41.5","4",24.17,125.595396825397,0.97015873015873,"Hybrid"
"120","6202024","350",0.661611570247934,0.442809917355372,0.740619834710744,20.1918595041322,0,0.133347107438017,0,0.242,"6/20/24","KG","pink","8MAP","7/6/23","414","1","outer",NA,16.78,23.432,"label hand changed","7/14/23",13.205,"<when I took the dry weight it wasn't labed 414_x8_41.5—the label read 411_C17_rt1_o but the 411 was changed to 414 and the C17 was crossed out (this is in the correct spot)","414_411_C17_rt1_o ","414_X8_41.5_rt1_o","X8_41.5","4",39.03,22.1702479338843,0.133347107438017,"Hybrid"
"121","6202024","351",6.42284552845528,3.96191056910569,4.61418699186992,99.3688211382114,0.326138211382114,0.408821138211382,0.516788617886179,0.246,"6/20/24","KG","still appeared wet after long dry down","8MAP","7/6/23","414","2","inner",NA,6.296,12.948,"handwritten label","7/14/23",7.98,"","414_X8_41.5_rt2_i","414_X8_41.5_rt2_i","X8_41.5","4",21.03,115.619512195122,0.734959349593496,"Hybrid"
"122","6202024","353",5.05765625,3.009375,3.0535546875,68.7977734375,0.3415625,0.5969140625,0.4062109375,0.256,"6/20/24","KG","","8MAP","7/6/23","414","3","inner",NA,3.778,10.43,"","7/14/23",7.523,"handwritten for the dry weight but nothing was written here before","414_X8_41.5_rt3_i","414_X8_41.5_rt3_i","X8_41.5","4",22.95,81.263046875,0.9384765625,"Hybrid"
"123","6202024","355",4.76893700787402,3.85503937007874,2.53240157480315,40.1260236220472,0.270669291338583,0.293661417322835,0,0.254,"6/20/24","KG","","8MAP","7/6/23","420","1","inner",NA,3.788,10.44,"","7/14/23",7.732,"","420_A03_rt1_i","420_A03_rt1_i","A03","4",28.42,51.8467322834646,0.564330708661417,"African"
"124","6202024","356",1.17276,0.69484,0.49184,NA,0.20996,0.29696,0,0.25,"6/20/24","KG","","8MAP","7/6/23","420","1","outer",NA,6.999,13.651,"","7/14/23",8.409,"","420_A03_rt1_o","420_A03_rt1_o","A03","4",25.05,2.86636,0.50692,"African"
"125","6202024","357",3.82509960159363,3.00505976095618,2.3004780876494,37.23796812749,0.254661354581673,0.343147410358566,0,0.251,"6/20/24","KG","","8MAP","7/6/23","420","2","inner",NA,4.643,11.295,"","7/14/23",8.041,"","420_A03_rt2_i","420_A03_rt2_i","A03","4",29.84,46.9664143426295,0.597808764940239,"African"
"126","6202024","358",NA,NA,NA,NA,NA,NA,NA,0.25,"6/20/24","SV","","8MAP","7/6/23","420","2","outer",NA,12.678,19.33,"","7/14/23",9.921,"","420_A03_rt2_o","420_A03_rt2_o","A03","4",25.76,NA,NA,"African"
"127","6202024","360",0.943305785123967,0.680743801652893,0.611818181818182,21.841694214876,0.344545454545455,0.477603305785124,0,0.242,"6/20/24","KG","","8MAP","7/6/23","420","3","outer",NA,7.905,14.557,"","7/14/23",8.763,"","420_A03_rt3_o","420_A03_rt3_o","A03","4",26.66,24.8997107438017,0.822148760330578,"African"
"128","6202024","S6",0.893282219788244,0.447133990507484,0.0629061701350858,12.2621759766338,0.45009127418766,0.680029207740051,0.131690397955458,0.2739,"6/20/24","KG","",NA,NA,NA,NA,NA,NA,NA,NA,NA,NA,NA,NA,NA,NA,"standard",NA,NA,14.9273092369478,1.13012048192771,NA
"129","6202024","S7",1.05918039373242,0.545038167938931,0.069867416633186,14.2743672157493,0.532462836480514,0.77175572519084,0.183206106870229,0.2489,"6/20/24","SV","",NA,NA,NA,NA,NA,NA,NA,NA,NA,NA,NA,NA,NA,NA,"standard",NA,NA,17.4358778625954,1.30421856167135,NA
"130","6252024","61",0.19,0.0957707509881423,0.0478656126482213,8.07667984189723,0.238498023715415,0.288181818181818,0.216363636363636,0.253,"6/25/24","KG","","7MAP","6/20/23","310","1","inner",NA,13.24,13.24,"plant 310 was harvested at timepoint 2 because of accidental pruning at timepoint 1","",7.851,"","310_C14_rt1_i","310_C14_rt1_i","C14","3",18.14,9.15335968379447,0.526679841897233,"Latin American"
"131","6252024","62",0.319799196787149,0.141726907630522,0.11714859437751,23.8744979919679,0.735622489959839,1.00269076305221,1.00502008032129,0.249,"6/25/24","KG","still appeared wet after long dry down","7MAP","6/20/23","310","1","outer",NA,10.18,10.18,"","",8.807,"","310_C14_rt1_o","310_C14_rt1_o","C14","3",61.03,27.1965060240964,1.73831325301205,"Latin American"
"132","6252024","63",0.296809338521401,0.150583657587549,0.103346303501946,17.1885214007782,0.60568093385214,0.827704280155642,0.496848249027237,0.257,"6/25/24","KG","","7MAP","6/20/23","310","2","inner",NA,8.97,8.97,"","",7.504,"","310_C14_rt2_i","310_C14_rt2_i","C14","3",36.62,19.6694941634241,1.43338521400778,"Latin American"
"133","6252024","64",0.12568,0.05492,0.06712,11.71568,0.36356,0.50144,0.28672,0.25,"6/25/24","KG","","7MAP","6/20/23","310","2","outer",NA,12.31,12.31,"","",8.515,"","310_C14_rt2_o","310_C14_rt2_o","C14","3",32.87,13.11512,0.865,"Latin American"
"134","6252024","65",0.331927710843374,0.186425702811245,0.136867469879518,27.3398393574297,1.28562248995984,1.79321285140562,1.5259437751004,0.249,"6/25/24","KG","","7MAP","6/20/23","310","3","inner",NA,9.14,9.14,"","",7.449,"","310_C14_rt3_i","310_C14_rt3_i","C14","3",31.9,32.5998393574297,3.07883534136546,"Latin American"
"135","6252024","66",0.122222222222222,0,0.0711111111111111,17.5677777777778,0.816666666666667,1.00333333333333,0.67,0.252,"6/25/24","KG","","7MAP","6/20/23","310","3","outer",NA,11.01,11.01,"","",7.869,"","310_C14_rt3_o","310_C14_rt3_o","C14","3",27.84,20.2511111111111,1.82,"Latin American"
"136","6252024","122",2.48697211155379,1.32398406374502,0.580956175298805,24.2738645418327,0.578844621513944,0.769362549800797,0.109442231075697,0.251,"6/25/24","KG","","7MAP","6/20/23","101","1","outer",NA,16.585,16.585,"","6/28/23",9.879,"","101_X2_24_rt1_o","101_X2_24_rt1_o","X2_24","1",32.45,30.1234262948207,1.34820717131474,"Hybrid"
"137","6252024","123",2.88498007968127,2.06207171314741,1.36836653386454,40.1567330677291,0.55390438247012,0.71808764940239,0.187450199203187,0.251,"6/25/24","KG","","7MAP","6/20/23","101","2","inner",NA,12.13,12.13,"","6/28/23",8.26,"","101_X2_24_rt2_i","101_X2_24_rt2_i","X2_24","1",29.29,47.931593625498,1.27199203187251,"Hybrid"
"138","6252024","124",1.6383064516129,0.99,0.677943548387097,25.5776612903226,0.470282258064516,0.652701612903226,0.15383064516129,0.248,"6/25/24","KG","","7MAP","6/20/23","101","2","outer",NA,16.01,16.01,"","6/28/23",9.546,"","101_X2_24_rt2_o","101_X2_24_rt2_o","X2_24","1",30.89,30.1607258064516,1.12298387096774,"Hybrid"
"139","6252024","125",3.23440329218107,2.09423868312757,1.08555555555556,34.9319341563786,0.668724279835391,0.928395061728395,0.298683127572016,0.243,"6/25/24","KG","","7MAP","6/20/23","101","3","inner",NA,10.523,10.523,"","6/28/23",7.781,"","101_X2_24_rt3_i","101_X2_24_rt3_i","X2_24","1",29.07,43.2419341563786,1.59711934156379,"Hybrid"
"140","6252024","127",0,0,0,5.6327734375,0.4776953125,0.6581640625,1.3746875,0.256,"6/25/24","KG","still appeared wet after long dry down","7MAP","6/20/23","108","1","inner",NA,14.028,14.028,"","6/28/23",9.329,"","108_X8_37_rt1_i","108_X8_37_rt1_i","X8_37","1",36.25,8.1433203125,1.135859375,"Hybrid"
"141","6252024","129",0.0807905138339921,0.0581818181818182,0.0226086956521739,3.30233201581028,0.422213438735178,0.611778656126482,0.463162055335968,0.253,"6/25/24","KG","","7MAP","6/20/23","108","2","inner",NA,10.024,10.024,"","6/28/23",7.491,"","108_X8_37_rt2_i","108_X8_37_rt2_i","X8_37","1",24.77,4.96106719367589,1.03399209486166,"Hybrid"
"142","6252024","135",1.6827027027027,0.891660231660232,0.398571428571429,21.579111969112,0.59988416988417,0.749343629343629,0.19011583011583,0.259,"6/25/24","KG","","7MAP","6/20/23","110","2","inner",NA,8.16,8.16,"","6/28/23",7.094,"","110_X4_42_rt2_i","110_X4_42_rt2_i","X4_42","1",29.08,26.09138996139,1.3492277992278,"Hybrid"
"143","6252024","136",0.53140562248996,0.283333333333333,0.221887550200803,30.4589156626506,0.641767068273092,0.828393574297189,0.381204819277108,0.249,"6/25/24","KG","","7MAP","6/20/23","110","2","outer",NA,17.38,17.38,"","6/28/23",10.182,"","110_X4_42_rt2_o","110_X4_42_rt2_o","X4_42","1",32.87,33.3469076305221,1.47016064257028,"Hybrid"
"144","6252024","137",1.75706349206349,0.969365079365079,0.515714285714286,26.0578174603175,0.504801587301587,0.661468253968254,0.393849206349206,0.252,"6/25/24","KG","","7MAP","6/20/23","110","3","inner",NA,10.074,10.074,"","6/28/23",7.735,"","110_X4_42_rt3_i","110_X4_42_rt3_i","X4_42","1",31.55,30.8600793650794,1.16626984126984,"Hybrid"
"145","6252024","138",0.831497975708502,0.478097165991903,0.414048582995951,26.762024291498,0.64161943319838,0.91497975708502,0.369433198380567,0.247,"6/25/24","KG","","7MAP","6/20/23","110","3","outer",NA,21.08,21.08,"","6/28/23",11.424,"","110_X4_42_rt3_o","110_X4_42_rt3_o","X4_42","1",33.05,30.4117004048583,1.5565991902834,"Hybrid"
"146","6252024","139",0.882283464566929,0.499606299212598,0.301889763779528,26.0709448818898,1.51476377952756,2.25566929133858,1.57003937007874,0.254,"6/25/24","KG","","7MAP","6/20/23","113","1","inner",NA,11.8,11.8,"","6/28/23",8.021,"","113_C17_rt1_i","113_C17_rt1_i","C17","1",26.52,33.0951968503937,3.77043307086614,"Latin American"
"147","6252024","140",0.76408560311284,0.414747081712062,0.272801556420233,23.182607003891,1.21984435797665,1.43610894941634,1.8220233463035,0.257,"6/25/24","KG","still appeared wet after long dry down","7MAP","6/20/23","113","1","outer",NA,17.68,17.68,"","6/28/23",9.232,"","113_C17_rt1_o","113_C17_rt1_o","C17","1",23.36,29.1122178988327,2.655953307393,"Latin American"
"148","6252024","141",0.598196078431372,0.337490196078431,0.210941176470588,19.0400784313725,1.30129411764706,1.7761568627451,1.64419607843137,0.255,"6/25/24","KG","","7MAP","6/20/23","113","2","inner",NA,10.264,10.264,"","6/28/23",7.755,"","113_C17_rt2_i","113_C17_rt2_i","C17","1",30.44,24.9083529411765,3.07745098039216,"Latin American"
"149","6252024","142",0.556422764227642,0.303373983739837,0.214959349593496,21.1783739837398,0.961910569105691,1.14634146341463,2.50609756097561,0.246,"6/25/24","KG","","7MAP","6/20/23","113","2","outer",NA,16.98,16.98,"","6/28/23",9.592,"","113_C17_rt2_o","113_C17_rt2_o","C17","1",28.43,26.8674796747967,2.10825203252033,"Latin American"
"150","6252024","143",0.968884297520661,0.536074380165289,0.341694214876033,25.9603719008264,1.25892561983471,1.70537190082645,3.60818181818182,0.242,"6/25/24","KG","","7MAP","6/20/23","113","3","inner",NA,8.729,8.729,"","6/28/23",7.223,"","113_C17_rt3_i","113_C17_rt3_i","C17","1",27.32,34.3795041322314,2.96429752066116,"Latin American"
"151","6252024","149",6.44082352941177,3.92929411764706,2.78211764705882,63.7827450980392,0.61,0.721882352941177,0.574901960784314,0.255,"6/25/24","KG","","7MAP","6/20/23","116","3","inner",NA,8.68,8.68,"","6/28/23",7.196,"","116_X8_41.5_rt3_i","116_X8_41.5_rt3_i","X8_41.5","1",26.64,78.8417647058824,1.33188235294118,"Hybrid"
"152","6252024","165",0.475243902439024,0.224268292682927,0.0988211382113821,9.37134146341463,1.03987804878049,1.19516260162602,0.602276422764228,0.246,"6/25/24","KG","","7MAP","6/20/23","208","2","inner",NA,10.427,10.427,"root 2 was bigger (corrected in genotypeID column)","6/28/23",7.88,"","208_X10_52_rt2_i","208_X4_32_rt1_i","X4_32","2",32.44,13.0069918699187,2.2350406504065,"Hybrid"
"153","6252024","385",0.306396761133603,0.170931174089069,0.116113360323887,29.2718623481781,0.656356275303644,0.599919028340081,1.85457489878543,0.247,"6/25/24","SV","","9MAP","7/28/23","118","1","inner",NA,8.6666,8.6496,"","",NA,"","118_C14_rt1_i","118_C14_rt1_i","C14","1",NA,32.9761538461538,1.25627530364372,"Latin American"
"154","6252024","409",8.71963709677419,4.70084677419355,3.5520564516129,60.1038709677419,0.32633064516129,0.327661290322581,0.359758064516129,0.248,"6/25/24","SV","","9MAP","7/28/23","218","1","inner",NA,9.7402,9.7232,"","8/7/23",7.177,"","218_X8_41.5_rt1_i","218_X8_41.5_rt1_i","X8_41.5","2",16.96,78.0901612903226,0.653991935483871,"Hybrid"
"155","6252024","414",1.07991967871486,0.533052208835341,0.4685140562249,35.7568273092369,0.382489959839357,0.460843373493976,0.301084337349398,0.249,"6/25/24","SV","","9MAP","7/28/23","218","3","outer",NA,14.4132,14.3962,"","8/7/23",8.445,"","218_X8_41.5_rt3_o","218_X8_41.5_rt3_o","X8_41.5","2",23.1,38.9827309236948,0.843333333333333,"Hybrid"
"156","6252024","415",5.88276679841897,3.21130434782609,2.45723320158103,38.9378656126482,0.486245059288538,0.469762845849802,0.712845849802372,0.253,"6/25/24","SV","","9MAP","7/28/23","220","1","inner",NA,8.5989,8.5819,"real genotype is X10_39","8/7/23",7.174,"","220_X1_34_rt1_i","220_X10_39_rt1_i","X10_39","2",26.86,52.158023715415,0.95600790513834,"Hybrid"
"157","6252024","416",1.4695256916996,0.834822134387352,0.907747035573123,30.1827272727273,0.221581027667984,0.230158102766798,0.211581027667984,0.253,"6/25/24","SV","","9MAP","7/28/23","220","1","outer",NA,14.4457,14.4287,"","8/7/23",8.771,"","220_X1_34_rt1_o","220_X10_39_rt1_o","X10_39","2",27.2,34.0581422924901,0.451739130434783,"Hybrid"
"158","6252024","425",0.654552529182879,0.348287937743191,0.130622568093385,15.5369260700389,0.490933852140078,0.675603112840467,0.825719844357977,0.257,"6/25/24","SV","","9MAP","7/28/23","302","3","inner",NA,10.4619,10.4449,"","8/7/23",8.038,"","302_C17_rt3_i","302_C17_rt3_i","C17","3",36.46,18.6626459143969,1.16653696498054,"Latin American"
"159","6252024","426",0.449166666666667,0.219166666666667,0.113452380952381,20.598253968254,0.5875,0.725833333333333,1.73920634920635,0.252,"6/25/24","SV","","9MAP","7/28/23","302","3","outer",NA,14.0117,13.9947,"","8/7/23",9.358,"","302_C17_rt3_o","302_C17_rt3_o","C17","3",36.81,24.4325793650794,1.31333333333333,"Latin American"
"160","6252024","430",0.323877551020408,0.139265306122449,0.131428571428571,19.2808979591837,0.413061224489796,0.57265306122449,0.719714285714286,0.245,"6/25/24","SV","","9MAP","7/28/23","304","2","outer",NA,16.3962,16.3792,"","8/7/23",10.155,"","304_X5_31_rt2_o","304_X5_31_rt2_o","X5_31","3",35.98,21.5808979591837,0.985714285714286,"Hybrid"
"161","6252024","438",1.37804780876494,0.699123505976096,0.417290836653386,16.4383665338645,0.185298804780876,0.183745019920319,0,0.251,"6/25/24","SV","","9MAP","7/28/23","307","3","outer",NA,14.638,14.621,"","8/7/23",8.795,"","307_A03_rt3_o","307_A03_rt3_o","A03","3",26.85,19.3018725099602,0.369043824701195,"African"
"162","6252024","440",1.05850393700787,0.555354330708661,0.599370078740158,48.5066929133858,0.472874015748031,0.575984251968504,0.646102362204725,0.254,"6/25/24","SV","pink","9MAP","7/28/23","317","1","outer",NA,23.0401,23.0231,"","8/7/23",11.106,"*might (???) be not fully dried","317_X4_42_rt1_o","317_X4_42_rt1_o","X4_42","3",27.18,52.4148818897638,1.04885826771654,"Hybrid"
"163","6252024","442",1.35011764705882,0.718196078431372,0.869843137254902,45.4910980392157,0.38956862745098,0.498117647058823,0.453529411764706,0.255,"6/25/24","SV","","9MAP","7/28/23","317","2","outer",NA,16.0947,16.0777,"","8/7/23",9.301,"","317_X4_42_rt2_o","317_X4_42_rt2_o","X4_42","3",28.07,49.7704705882353,0.887686274509804,"Hybrid"
"164","6252024","444",0.903046875,0.455859375,0.515390625,38.7302734375,0.54734375,0.6112109375,0.3891015625,0.256,"6/25/24","SV","","9MAP","7/28/23","317","3","outer",NA,15.4675,15.4505,"","8/7/23",8.985,"","317_X4_42_rt3_o","317_X4_42_rt3_o","X4_42","3",26.47,42.1522265625,1.1585546875,"Hybrid"
"165","6252024","447",0,0,0,4.56472,0.30668,0.37872,0.60412,0.25,"6/25/24","SV","","9MAP","7/28/23","319","2","inner",NA,11.9961,11.9791,"","8/7/23",8.604,"","319_X8_37_rt2_i","319_X8_37_rt2_i","X8_37","3",36.58,5.85424,0.6854,"Hybrid"
"166","6252024","448",0,0,0,1.42098814229249,0.052094861660079,0.0862845849802371,0.170632411067194,0.253,"6/25/24","SV","","9MAP","7/28/23","319","2","outer",NA,17.1151,17.0981,"","8/7/23",10.404,"","319_X8_37_rt2_o","319_X8_37_rt2_o","X8_37","3",35.89,1.73,0.138379446640316,"Hybrid"
"167","6252024","450",0,0,0,5.80295719844358,0.274669260700389,0.345992217898833,0.179066147859922,0.257,"6/25/24","SV","","9MAP","7/28/23","319","3","outer",NA,14.2276,14.2106,"","8/7/23",9.429,"","319_X8_37_rt3_o","319_X8_37_rt3_o","X8_37","3",36.7,6.60268482490272,0.620661478599222,"Hybrid"
"168","6252024","451",0.303673469387755,0.142816326530612,0,5.09204081632653,0.332244897959184,0.440489795918367,0.115755102040816,0.245,"6/25/24","SV","","9MAP","7/28/23","402","1","inner",NA,13.2686,13.2516,"","8/7/23",8.604,"","402_X11_57_rt1_i","402_X11_57_rt1_i","X11_57","4",29.52,6.42702040816326,0.772734693877551,"Hybrid"
"169","6252024","459",0.389566929133858,0.198897637795276,0.0871259842519685,7.19448818897638,0.333661417322835,0.361614173228346,0,0.254,"6/25/24","SV","","9MAP","7/28/23","403","2","inner",NA,9.9233,9.9063,"","8/7/23",7.8,"","403_A20_rt2_i","403_A20_rt2_i","A20","4",35.18,8.56535433070866,0.695275590551181,"African"
"170","6252024","461",0.690642570281124,0.34859437751004,0.112931726907631,6.05196787148594,0.306024096385542,0.405863453815261,0,0.249,"6/25/24","SV","","9MAP","7/28/23","403","3","inner",NA,9.6831,9.6661,"","8/7/23",7.656,"","403_A20_rt3_i","403_A20_rt3_i","A20","4",33.2,7.91602409638554,0.711887550200803,"African"
"171","6252024","464",1.17529880478088,0.686374501992032,0.689521912350598,26.6949402390438,0.153585657370518,0.189601593625498,0,0.251,"6/25/24","SV","","9MAP","7/28/23","407","1","outer",NA,15.0954,15.0784,"","8/7/23",9.578,"","407_X2_24_rt1_o","407_X2_24_rt1_o","X2_24","4",34.69,29.5893227091633,0.343187250996016,"Hybrid"
"172","6252024","465",2.84082677165354,1.80291338582677,1.27122047244094,34.6836220472441,0.306850393700787,0.366220472440945,0.83996062992126,0.254,"6/25/24","SV","","9MAP","7/28/23","407","2","inner",NA,11.5049,11.4879,"","8/7/23",7.937,"","407_X2_24_rt2_i","407_X2_24_rt2_i","X2_24","4",26.5,42.1116141732283,0.673070866141732,"Hybrid"
"173","6252024","468",2.1509126984127,1.20218253968254,1.00956349206349,28.0398412698413,0.205674603174603,0.239007936507937,0.166587301587302,0.252,"6/25/24","SV","","9MAP","7/28/23","407","3","outer",NA,14.9337,14.9167,"","8/7/23",9.293,"","407_X2_24_rt3_o","407_X2_24_rt3_o","X2_24","4",31.91,33.0137698412698,0.44468253968254,"Hybrid"
"174","6252024","469",0.64760162601626,0.394390243902439,0.340691056910569,27.78,0.400528455284553,0.537113821138211,0.441951219512195,0.246,"6/25/24","SV","","9MAP","7/28/23","409","1","inner",NA,10.19,10.173,"","8/7/23",7.797,"","409_X2_45_rt1_i","409_X2_45_rt1_i","X2_45","4",32.42,30.5422764227642,0.937642276422764,"Hybrid"
"175","6252024","480",3.16988235294118,1.95670588235294,2.3496862745098,50.8427843137255,0.943450980392157,0.842117647058824,2.15525490196078,0.255,"6/25/24","SV","","9MAP","7/28/23","418","3","outer",NA,13.2366,13.2196,"","8/7/23",8.284,"","418_X5_36_rt3_o","418_X5_36_rt3_o","X5_36","4",24.79,62.2598823529412,1.78556862745098,"Hybrid"
"176","6252024","S8",0.724024024024024,0.43028028028028,0.0568068068068068,13.1866366366366,0.485085085085085,0.554954954954955,0.137687687687688,0.1998,"6/25/24","KG","",NA,NA,NA,NA,NA,NA,NA,NA,NA,NA,NA,NA,NA,NA,"standard",NA,NA,15.5754754754755,1.04004004004004,NA
"177","6252024","S9",0.798261205564142,0.409041731066461,0.0534389489953632,14.1638330757342,0.49451313755796,0.628825347758887,0.115996908809892,0.2588,"6/25/24","SV","",NA,NA,NA,NA,NA,NA,NA,NA,NA,NA,NA,NA,NA,NA,"standard",NA,NA,16.6639103554869,1.12333848531685,NA
"178","6272024","410",2.681015625,1.53578125,2.0598046875,49.259140625,0.239765625,0.293359375,0.360546875,0.256,"6/27/24","KG","","9MAP","7/28/23","218","1","outer",NA,21.7382,21.7212,"","8/7/23",10.511,"*might (???) not be fully dried","218_X8_41.5_rt1_o","218_X8_41.5_rt1_o","X8_41.5","2",25.58,56.4294140625,0.533125,"Hybrid"
"179","6272024","413",1.96011904761905,1.01301587301587,0.642222222222222,32.8689682539683,0.329722222222222,0.393730158730159,1.19365079365079,0.252,"6/27/24","KG","","9MAP","7/28/23","218","3","inner",NA,10.0969,10.0799,"","8/7/23",7.446,"","218_X8_41.5_rt3_i","218_X8_41.5_rt3_i","X8_41.5","2",23.05,38.4014285714286,0.723452380952381,"Hybrid"
"180","6272024","422",0.764552529182879,0.351789883268482,0.193540856031128,19.355953307393,0.553891050583658,0.746459143968872,1.64066147859922,0.257,"6/27/24","KG","","9MAP","7/28/23","302","1","outer",NA,12.8269,12.8099,"","8/7/23",8.494,"","302_C17_rt1_o","302_C17_rt1_o","C17","3",29.86,23.6068482490272,1.30035019455253,"Latin American"
"181","6272024","427",0.824484126984127,0.493769841269841,0.267936507936508,15.4731746031746,0.388055555555556,0.42297619047619,0.216865079365079,0.252,"6/27/24","KG","","9MAP","7/28/23","304","1","inner",NA,10.516,10.499,"","8/7/23",7.639,"","304_X5_31_rt1_i","304_X5_31_rt1_i","X5_31","3",25.56,18.0872619047619,0.811031746031746,"Hybrid"
"182","6272024","428",0.565849802371541,0.30102766798419,0.256877470355731,25.3734782608696,0.764466403162055,0.910118577075099,0.378695652173913,0.253,"6/27/24","KG","","9MAP","7/28/23","304","1","outer",NA,19.9203,19.9033,"","8/7/23",10.836,"","304_X5_31_rt1_o","304_X5_31_rt1_o","X5_31","3",31.55,28.5505138339921,1.67458498023715,"Hybrid"
"183","6272024","429",0.58934693877551,0.31734693877551,0.208163265306122,20.2001632653061,0.457959183673469,0.561591836734694,0.602285714285714,0.245,"6/27/24","KG","","9MAP","7/28/23","304","2","inner",NA,10.176,10.159,"","8/7/23",7.72,"","304_X5_31_rt2_i","304_X5_31_rt2_i","X5_31","3",30.35,22.9368571428571,1.01955102040816,"Hybrid"
"184","6272024","432",0.280159362549801,0.136254980079681,0.0790836653386454,15.7097211155378,0.456414342629482,0.562191235059761,0.713705179282868,0.251,"6/27/24","KG","","9MAP","7/28/23","304","3","outer",NA,15.307,15.29,"","8/7/23",9.607,"","304_X5_31_rt3_o","304_X5_31_rt3_o","X5_31","3",34.17,17.9375298804781,1.01860557768924,"Hybrid"
"185","6272024","433",3.61107569721116,2.21812749003984,1.20211155378486,27.538406374502,0.278207171314741,0.294342629482072,0,0.251,"6/27/24","KG","","9MAP","7/28/23","307","1","inner",NA,10.1723,10.1553,"confirmed A03","8/7/23",7.537,"","307_A03_rt1_i","307_A03_rt1_i","A03","3",25.16,35.1422709163347,0.572549800796813,"African"
"186","6272024","436",0.911646586345382,0.377510040160643,0.183734939759036,14.6927710843374,0.190763052208835,0.188755020080321,0,0.249,"6/27/24","KG","","9MAP","7/28/23","307","2","outer",NA,17.2783,17.2613,"","8/7/23",9.627,"","307_A03_rt2_o","307_A03_rt2_o","A03","3",28.01,16.5451807228916,0.379518072289157,"African"
"187","6272024","437",4.33626984126984,2.75857142857143,1.54845238095238,28.3322619047619,0.260119047619048,0.253531746031746,0,0.252,"6/27/24","KG","","9MAP","7/28/23","307","3","inner",NA,10.5362,10.5192,"","8/7/23",7.645,"","307_A03_rt3_i","307_A03_rt3_i","A03","3",25.58,37.4892063492064,0.513650793650794,"African"
"188","6272024","441",5.46434579439252,2.86158878504673,2.37528037383178,67.1064485981308,0.734719626168224,0.896448598130841,1.68855140186916,0.214,"6/27/24","KG","not enough sample","9MAP","7/28/23","317","2","inner",NA,8.0447,8.0277,"","",NA,"","317_X4_42_rt2_i","317_X4_42_rt2_i","X4_42","3",NA,81.1273831775701,1.63116822429907,"Hybrid"
"189","6272024","443",3.3171270718232,1.68055248618785,1.07121546961326,37.3269613259669,0.328618784530387,0.406243093922652,1.03110497237569,0.181,"6/27/24","KG","not enough sample","9MAP","7/28/23","317","3","inner",NA,8.0826,8.0656,"","8/7/23",6.877,"","317_X4_42_rt3_i","317_X4_42_rt3_i","X4_42","3",15.62,45.1618232044199,0.734861878453039,"Hybrid"
"190","6272024","446",0.0606719367588933,0,0,6.44201581027668,0.192055335968379,0.282134387351779,0.54403162055336,0.253,"6/27/24","KG","","9MAP","7/28/23","319","1","outer",NA,17.6264,17.6094,"","8/7/23",10.652,"","319_X8_37_rt1_o","319_X8_37_rt1_o","X8_37","3",36.48,7.52090909090909,0.474189723320158,"Hybrid"
"191","6272024","456",0,0,0,2.92766798418972,0.161304347826087,0.211818181818182,0.0602371541501976,0.253,"6/27/24","KG","","9MAP","7/28/23","402","3","outer",NA,16.3737,16.3567,"","8/7/23",9.951,"","402_X11_57_rt3_o","402_X11_57_rt3_o","X11_57","4",33.96,3.36102766798419,0.373122529644269,"Hybrid"
"192","6272024","458",0.069609375,0,0,6.988984375,0.4244140625,0.4988671875,0,0.256,"6/27/24","KG","","9MAP","7/28/23","403","1","outer",NA,18.4019,18.3849,"","8/7/23",10.032,"","403_A20_rt1_o","403_A20_rt1_o","A20","4",28.78,7.981875,0.92328125,"African"
"193","6272024","462",0.118464566929134,0.0709055118110236,0.0553543307086614,8.54496062992126,0.43992125984252,0.508858267716535,0,0.254,"6/27/24","KG","","9MAP","7/28/23","403","3","outer",NA,20.276,20.259,"","8/7/23",11.426,"","403_A20_rt3_o","403_A20_rt3_o","A20","4",35.06,9.73846456692913,0.948779527559055,"African"
"194","6272024","466",1.22592156862745,0.681372549019608,0.631803921568628,25.193568627451,0.238745098039216,0.29843137254902,0.579450980392157,0.255,"","","","9MAP","7/28/23","407","2","outer",NA,21.0743,21.0573,"","8/7/23",11.3,"*might (???) not be fully dry","407_X2_24_rt2_o","407_X2_24_rt2_o","X2_24","4",32.24,28.8492941176471,0.537176470588235,"Hybrid"
"195","6272024","467",3.71495833333333,2.21129166666667,1.10845833333333,34.8498333333333,0.29925,0.334041666666667,0.68975,0.24,"6/27/24","KG","","9MAP","7/28/23","407","3","inner",NA,8.3788,8.3618,"","8/7/23",7.163,"","407_X2_24_rt3_i","407_X2_24_rt3_i","X2_24","4",29.68,43.2075833333333,0.633291666666667,"Hybrid"
"196","6272024","471",0.605119047619048,0.333730158730159,0.267579365079365,19.0408333333333,0.349087301587302,0.481428571428571,0.190833333333333,0.252,"6/27/24","KG","","9MAP","7/28/23","409","2","inner",NA,10.6441,10.6271,"","8/7/23",8.073,"","409_X2_45_rt2_i","409_X2_45_rt2_i","X2_45","4",35.67,21.2686111111111,0.830515873015873,"Hybrid"
"197","6272024","473",0.682782258064516,0.368024193548387,0.228225806451613,14.1110080645161,0.395604838709677,0.471653225806452,0.260564516129032,0.248,"6/27/24","KG","","9MAP","7/28/23","409","3","inner",NA,9.7305,9.7135,"","8/7/23",7.557,"","409_X2_45_rt3_i","409_X2_45_rt3_i","X2_45","4",29.45,16.5178629032258,0.867258064516129,"Hybrid"
"198","6272024","474",0.256719367588933,0.133201581027668,0.121620553359684,21.9508695652174,0.320395256916996,0.399565217391304,0.0984584980237154,0.253,"6/27/24","KG","","9MAP","7/28/23","409","3","outer",NA,20.8028,20.7858,"","8/7/23",11.519,"","409_X2_45_rt3_o","409_X2_45_rt3_o","X2_45","4",34.41,23.2808300395257,0.7199604743083,"Hybrid"
"199","6272024","476",2.09886274509804,1.31054901960784,1.57933333333333,34.8147843137255,0.478039215686275,0.631372549019608,1.37729411764706,0.255,"6/27/24","KG","","9MAP","7/28/23","418","1","outer",NA,19.5818,19.5648,"","8/7/23",10.486,"*might (???) not be fully dry","418_X5_36_rt1_o","418_X5_36_rt1_o","X5_36","4",29.66,42.2902352941177,1.10941176470588,"Hybrid"
"200","6272024","477",5.89241106719368,4.20786561264822,3.31209486166008,30.689209486166,0.371067193675889,0.449604743083004,0.713675889328063,0.253,"6/27/24","KG","","9MAP","7/28/23","418","2","inner",NA,8.2967,8.2797,"","8/7/23",6.978,"","418_X5_36_rt2_i","418_X5_36_rt2_i","X5_36","4",19.78,45.635928853755,0.820671936758893,"Hybrid"
"201","6272024","S10",0.73381369016984,0.369428718476583,0.0508492022645394,12.6114770972723,0.417550180133814,0.50694801852805,0.123983530622748,0.1943,"6/27/24","KG","",NA,NA,NA,NA,NA,NA,NA,NA,NA,NA,NA,NA,NA,NA,"standard",NA,NA,14.8140504374678,0.924498198661863,NA
"202","7022024","49",0.161857707509881,0.0907114624505929,0.06699604743083,4.6805533596838,0.321660079051383,0.520632411067194,0,0.253,"7/2/24","KG","","6MAP","5/30/23","215","1","inner",NA,10.474,10.474,"","",7.889,"","215_A20_rt1_i","215_A20_rt1_i","A20","2",32.28,5.84241106719368,0.842292490118577,"African"
"203","7022024","50",0,0,0,3.35360465116279,0.324263565891473,0.431356589147287,0,0.258,"7/2/24","SV","","6MAP","5/30/23","215","1","outer",NA,16.46,16.46,"","",9.689,"","215_A20_rt1_o","215_A20_rt1_o","A20","2",30.93,4.10922480620155,0.75562015503876,"African"
"204","7022024","51",0.822421875,0.4519921875,0.243515625,6.226484375,0.173359375,0.4375390625,0,0.256,"7/2/24","SV","","6MAP","5/30/23","215","2","inner",NA,11.61,11.61,"","",8.013,"","215_A20_rt2_i","215_A20_rt2_i","A20","2",27.38,8.3553125,0.6108984375,"African"
"205","7022024","52",0,0,0,3.51040983606557,0.243401639344262,0.321229508196721,0,0.244,"7/2/24","SV","","6MAP","5/30/23","215","2","outer",NA,19.037,19.037,"","",9.945,"","215_A20_rt2_o","215_A20_rt2_o","A20","2",26.56,4.07504098360656,0.564631147540984,"African"
"206","7022024","53",0.120806451612903,0.0604032258064516,0.0668951612903226,4.52810483870968,0.19633064516129,0.421733870967742,0,0.248,"7/2/24","SV","","6MAP","5/30/23","215","3","inner",NA,12.436,12.436,"","",8.656,"","215_A20_rt3_i","215_A20_rt3_i","A20","2",34.59,5.39427419354839,0.618064516129032,"African"
"207","7022024","54",0,0,0,3.2,0.226049382716049,0.340205761316872,0,0.243,"7/2/24","SV","","6MAP","5/30/23","215","3","outer",NA,15.686,15.686,"","",9.082,"","215_A20_rt3_o","215_A20_rt3_o","A20","2",26.86,3.76625514403292,0.566255144032922,"African"
"208","7022024","55",3.48812,1.78092,1.07672,27.24828,0.86912,1.4424,0.71976,0.25,"7/2/24","SV","","6MAP","5/30/23","217","1","inner",NA,12.275,12.275,"","",7.945,"","217_X5_36_rt1_i","217_X5_36_rt1_i","X5_36","2",22.93,36.62532,2.31152,"Hybrid"
"209","7022024","56",0.892109375,0.4470703125,0.310703125,16.3211328125,0.8244140625,1.1289453125,0,0.256,"7/2/24","KG","","6MAP","5/30/23","217","1","outer",NA,18.943,18.943,"","",8.744,"","217_X5_36_rt1_o","217_X5_36_rt1_o","X5_36","2",16.99,19.924375,1.953359375,"Hybrid"
"210","7022024","57",2.6327734375,1.37078125,0.79265625,21.694140625,0.62609375,0.9465234375,0.2165234375,0.256,"7/2/24","KG","","6MAP","5/30/23","217","2","inner",NA,12.7,12.7,"","",8.015,"","217_X5_36_rt2_i","217_X5_36_rt2_i","X5_36","2",22.47,28.2794921875,1.5726171875,"Hybrid"
"211","7022024","58",1.2349609375,0.644921875,0.434765625,16.93,0.5196484375,0.851953125,0.197734375,0.256,"7/2/24","SV","","6MAP","5/30/23","217","2","outer",NA,15.92,15.92,"","",8.812,"","217_X5_36_rt2_o","217_X5_36_rt2_o","X5_36","2",23.26,20.813984375,1.3716015625,"Hybrid"
"212","7022024","60",1.22727626459144,0.652451361867704,0.594980544747082,29.3372762645914,0.972140077821012,1.37249027237354,0.61715953307393,0.257,"7/2/24","KG","","6MAP","5/30/23","217","3","outer",NA,14.276,14.276,"","",9.83,"","217_X5_36_rt3_o","217_X5_36_rt3_o","X5_36","2",41.65,34.7737743190661,2.34463035019455,"Hybrid"
"213","7022024","67",0.242529644268775,0.0904347826086956,0,4.87936758893281,0.608379446640316,0.761501976284585,0.381264822134387,0.253,"7/2/24","SV","","6MAP","5/30/23","311","1","inner",NA,12.126,12.126,"","",8.616,"","311_X11_57_rt1_i","311_X11_57_rt1_i","X11_57","3",35.82,6.96347826086956,1.3698814229249,"Hybrid"
"214","7022024","68",0.101739130434783,0.0411067193675889,0,6.0005533596838,0.655652173913044,0.955731225296443,0.343241106719368,0.253,"7/2/24","KG","","6MAP","5/30/23","311","1","outer",NA,19.68,19.68,"","",10.988,"","311_X11_57_rt1_o","311_X11_57_rt1_o","X11_57","3",33.26,8.09802371541502,1.61138339920949,"Hybrid"
"215","7022024","69",0.0787109375,0,0,3.584375,0.4692578125,0.615546875,0.1745703125,0.256,"7/2/24","SV","","6MAP","5/30/23","311","2","inner",NA,12.07,12.07,"","",8.76,"","311_X11_57_rt2_i","311_X11_57_rt2_i","X11_57","3",38.85,4.9224609375,1.0848046875,"Hybrid"
"216","7022024","70",0,0,0,1.873125,0.2752734375,0.3723046875,0.1044140625,0.256,"7/2/24","KG","","6MAP","5/30/23","311","2","outer",NA,16.646,16.646,"","",9.241,"","311_X11_57_rt2_o","311_X11_57_rt2_o","X11_57","3",25.87,2.6251171875,0.647578125,"Hybrid"
"217","7022024","71",0,0,0,2.57203187250996,0.464183266932271,0.562988047808765,0.124541832669323,0.251,"7/2/24","SV","","6MAP","5/30/23","311","3","inner",NA,10.214,10.214,"","",8.052,"","311_X11_57_rt3_i","311_X11_57_rt3_i","X11_57","3",39.22,3.72374501992032,1.02717131474104,"Hybrid"
"218","7022024","72",0,0,0,2.78311023622047,0.362755905511811,0.494015748031496,0.209803149606299,0.254,"7/2/24","KG","","6MAP","5/30/23","311","3","outer",NA,14.388,14.388,"","",9.74,"","311_X11_57_rt3_o","311_X11_57_rt3_o","X11_57","3",39.88,3.84968503937008,0.856771653543307,"Hybrid"
"219","7022024","73",4.07641129032258,2.15032258064516,1.4308064516129,36.2753225806452,0.844153225806452,1.31762096774194,0.179637096774194,0.248,"7/2/24","KG","","6MAP","5/30/23","315","1","inner",NA,10.83,10.83,"","",7.991,"","315_X8_41.5_rt1_i","315_X8_41.5_rt1_i","X8_41.5","3",31.97,46.2742741935484,2.16177419354839,"Hybrid"
"220","7022024","74",2.11357142857143,1.29484126984127,2.23571428571429,50.3294444444444,0.549603174603175,0.696587301587302,0,0.252,"7/2/24","SV","","6MAP","5/30/23","315","1","outer",NA,17.588,17.588,"","",10.331,"","315_X8_41.5_rt1_o","315_X8_41.5_rt1_o","X8_41.5","3",33.61,57.2197619047619,1.24619047619048,"Hybrid"
"221","7022024","75",1.98905511811024,1.09645669291339,0.930157480314961,33.7063385826772,0.480629921259842,0.723110236220472,0.172716535433071,0.254,"7/2/24","SV","","6MAP","5/30/23","315","2","inner",NA,8.324,8.324,"","",7.234,"","315_X8_41.5_rt2_i","315_X8_41.5_rt2_i","X8_41.5","3",34.61,39.0984645669291,1.20374015748031,"Hybrid"
"222","7022024","76",0.736269230769231,0.397730769230769,0.320884615384615,21.7682307692308,0.320884615384615,0.444461538461538,0.136038461538462,0.26,"7/2/24","KG","","6MAP","5/30/23","315","2","outer",NA,11.58,11.58,"","",8.055,"","315_X8_41.5_rt2_o","315_X8_41.5_rt2_o","X8_41.5","3",28.4,24.1245,0.765346153846154,"Hybrid"
"223","7022024","77",1.99607843137255,1.22874509803922,1.45945098039216,44.1559215686275,0.364862745098039,0.538666666666667,0.21243137254902,0.255,"7/2/24","KG","","6MAP","5/30/23","315","3","inner",NA,10.492,10.492,"","",8.086,"","315_X8_41.5_rt3_i","315_X8_41.5_rt3_i","X8_41.5","3",37.26,49.9561568627451,0.903529411764706,"Hybrid"
"224","7022024","79",2.87143968871595,1.42832684824903,0.895058365758755,32.3833073929961,0.533268482490272,0.792529182879377,0.359805447470817,0.257,"7/2/24","KG","","6MAP","5/30/23","316","1","inner",NA,10.16,10.16,"","",7.979,"","316_X4_67_rt1_i","316_X4_67_rt1_i","X4_67","3",37.74,39.2637354085603,1.32579766536965,"Hybrid"
"225","7022024","80",0.763837209302326,0.456666666666667,0.411627906976744,26.237480620155,0.387054263565891,0.537558139534884,0.27953488372093,0.258,"7/2/24","KG","","6MAP","5/30/23","316","1","outer",NA,14.643,14.643,"","",9.566,"","316_X4_67_rt1_o","316_X4_67_rt1_o","X4_67","3",36.43,29.0737596899225,0.924612403100775,"Hybrid"
"226","7022024","81",2.71657370517928,1.51788844621514,1.27207171314741,35.7854183266932,0.630796812749004,0.938565737051793,0.734661354581673,0.251,"7/2/24","KG","","6MAP","5/30/23","316","2","inner",NA,10.024,10.024,"","",7.931,"","316_X4_67_rt2_i","316_X4_67_rt2_i","X4_67","3",37.84,43.5959760956175,1.5693625498008,"Hybrid"
"227","7022024","82",0.810778210116732,0.509260700389105,0.5515953307393,30.2771206225681,0.484046692607004,0.646420233463035,0.502217898832685,0.257,"7/2/24","KG","","6MAP","5/30/23","316","2","outer",NA,18.179,18.179,"","",10.961,"","316_X4_67_rt2_o","316_X4_67_rt2_o","X4_67","3",37.35,33.781439688716,1.13046692607004,"Hybrid"
"228","7022024","83",3.28266409266409,1.72212355212355,0.823011583011583,27.6413513513514,0.885945945945946,1.14714285714286,0.342934362934363,0.259,"7/2/24","KG","","6MAP","5/30/23","316","3","inner",NA,10.781,10.781,"","",8.232,"","316_X4_67_rt3_i","316_X4_67_rt3_i","X4_67","3",38.19,35.8451737451738,2.0330888030888,"Hybrid"
"229","7022024","84",0.995486381322957,0.521011673151751,0.306536964980545,19.4322178988327,0.725369649805447,0.959066147859922,0.389494163424125,0.257,"7/2/24","SV","","6MAP","5/30/23","316","3","outer",NA,17.153,17.153,"","",10.584,"","316_X4_67_rt3_o","316_X4_67_rt3_o","X4_67","3",37.41,23.3291828793774,1.68443579766537,"Hybrid"
"230","7022024","85",2.47055118110236,1.49263779527559,0.952677165354331,35.1247637795276,0.475866141732284,0.698228346456693,0,0.254,"7/2/24","KG","","6MAP","5/30/23","320","1","inner",NA,10.926,10.926,"","",8.097,"","320_X2_24_rt1_i","320_X2_24_rt1_i","X2_24","3",33.73,41.2147244094488,1.17409448818898,"Hybrid"
"231","7022024","86",1.85428571428571,1.166,1.06073469387755,31.590612244898,0.23934693877551,0.318816326530612,0.151959183673469,0.245,"7/2/24","SV","","6MAP","5/30/23","320","1","outer",NA,19.02,19.02,"","",10.777,"","320_X2_24_rt1_o","320_X2_24_rt1_o","X2_24","3",33.33,36.3817551020408,0.558163265306122,"Hybrid"
"232","7022024","87",3.16570281124498,1.94771084337349,1.24570281124498,33.9558232931727,0.542730923694779,0.694377510040161,0.091566265060241,0.249,"7/2/24","SV","","6MAP","5/30/23","320","2","inner",NA,11.507,11.507,"","",8.368,"","320_X2_24_rt2_i","320_X2_24_rt2_i","X2_24","3",35.28,41.6436144578313,1.23710843373494,"Hybrid"
"233","7022024","88",2.19019607843137,1.34780392156863,1.00988235294118,28.6177254901961,0.201607843137255,0.294117647058824,0.115882352941176,0.255,"7/2/24","KG","","6MAP","5/30/23","320","2","outer",NA,17.618,17.618,"","",10.509,"","320_X2_24_rt2_o","320_X2_24_rt2_o","X2_24","3",35.14,33.7772156862745,0.495725490196078,"Hybrid"
"234","7022024","91",1.56699588477366,0.785679012345679,0.26440329218107,18.4810288065844,0.651275720164609,0.884279835390946,0.100781893004115,0.243,"7/2/24","KG","","6MAP","5/30/23","401","1","inner",NA,12.226,12.226,"","",8.566,"","401_X4_42_rt1_i","401_X4_42_rt1_i","X4_42","4",34.28,22.7344444444444,1.53555555555556,"Hybrid"
"235","7022024","92",0.385193798449612,0.192596899224806,0.0692635658914729,8.47779069767442,0.403604651162791,0.578875968992248,0,0.258,"7/2/24","KG","","6MAP","5/30/23","401","1","outer",NA,17.004,17.004,"","",10.214,"","401_X4_42_rt1_o","401_X4_42_rt1_o","X4_42","4",34.38,10.1073255813953,0.982480620155039,"Hybrid"
"236","7022024","93",0.999397590361446,0.533654618473896,0.241887550200803,19.3913253012048,0.622771084337349,0.750080321285141,0,0.249,"7/2/24","SV","","6MAP","5/30/23","401","2","inner",NA,12.956,12.956,"","",9.037,"","401_X4_42_rt2_i","401_X4_42_rt2_i","X4_42","4",37.78,22.5391164658635,1.37285140562249,"Hybrid"
"237","7022024","94",0.242538461538462,0.127961538461538,0,9.41230769230769,0.435538461538461,0.511884615384615,0,0.26,"7/2/24","KG","","6MAP","5/30/23","401","2","outer",NA,15.983,15.983,"","",9.346,"","401_X4_42_rt2_o","401_X4_42_rt2_o","X4_42","4",28.83,10.7302307692308,0.947423076923077,"Hybrid"
"238","7022024","95",0.584556451612903,0.28241935483871,0.0934677419354839,12.7472983870968,0.552379032258065,0.72991935483871,0,0.248,"7/2/24","SV","","6MAP","5/30/23","401","3","inner",NA,10.557,10.557,"","",8.085,"","401_X4_42_rt3_i","401_X4_42_rt3_i","X4_42","4",36.62,14.9900403225806,1.28229838709677,"Hybrid"
"239","7022024","96",0.179291338582677,0.0876377952755906,0,6.54389763779528,0.48748031496063,0.564055118110236,0,0.254,"7/2/24","KG","","6MAP","5/30/23","401","3","outer",NA,16.856,16.856,"","",10.185,"","401_X4_42_rt3_o","401_X4_42_rt3_o","X4_42","4",34.59,7.86236220472441,1.05153543307087,"Hybrid"
"240","7022024","97",5.36223938223938,2.80648648648649,0.243783783783784,10.7889189189189,0.638185328185328,0.887915057915058,0.275482625482625,0.259,"7/2/24","KG","","6MAP","5/30/23","404","1","inner",NA,11.066,11.066,"real genotype is X4_32 (corrected in genotypeID column)","",8.019,"","404_X10_52_rt1_i","404_X4_32_rt1_i","X4_32","4",30.89,21.0030115830116,1.52610038610039,"Hybrid"
"241","7022024","98",0.668508064516129,0.362298387096774,0.118145161290323,8.2120564516129,0.481451612903226,0.599596774193548,0.28258064516129,0.248,"7/2/24","KG","","6MAP","5/30/23","404","1","outer",NA,17.213,17.213,"","",10.421,"","404_X10_52_rt1_o","404_X4_32_rt1_o","X4_32","4",35.66,10.7246370967742,1.08104838709677,"Hybrid"
"242","7022024","99",3.98945098039216,2.14854901960784,0.398823529411765,21.7186274509804,1.53113725490196,2.34643137254902,0.829803921568627,0.255,"7/2/24","SV","","6MAP","5/30/23","404","2","inner",NA,11.477,11.477,"","",8.249,"","404_X10_52_rt2_i","404_X4_32_rt2_i","X4_32","4",33.03,32.9628235294118,3.87756862745098,"Hybrid"
"243","7022024","103",0,0,0,2.17209302325581,0.522519379844961,0.879961240310077,0.0981007751937984,0.258,"7/2/24","SV","","6MAP","5/30/23","406","1","inner",NA,8.796,8.796,"","",7.487,"","406_X8_37_rt1_i","406_X8_37_rt1_i","X8_37","4",38.8,3.67267441860465,1.40248062015504,"Hybrid"
"244","7022024","105",0,0,0,3.4975,0.523911290322581,0.606854838709677,0.180040322580645,0.248,"7/2/24","SV","","6MAP","5/30/23","406","2","inner",NA,10.713,10.713,"","",8.331,"","406_X8_37_rt2_i","406_X8_37_rt2_i","X8_37","4",41.27,4.8083064516129,1.13076612903226,"Hybrid"
"245","7022024","107",0.050625,0,0,2.4050390625,0.332890625,0.486640625,0.2491796875,0.256,"7/2/24","SV","","6MAP","5/30/23","406","3","inner",NA,10.976,10.976,"","",8.407,"","406_X8_37_rt3_i","406_X8_37_rt3_i","X8_37","4",40.52,3.524375,0.81953125,"Hybrid"
"246","7022024","111",0.681020408163265,0.324,0.128,15.1910204081633,0.727020408163265,0.859020408163265,0.111020408163265,0.245,"7/2/24","SV","","6MAP","5/30/23","417","2","inner",NA,9.368,9.368,"","",7.764,"","417_X1_54_rt2_i","417_X1_54_rt2_i","X1_54","4",40.83,18.0211020408163,1.58604081632653,"Hybrid"
"247","7022024","117",0.52768,0.28716,0.16588,13.92452,0.71324,0.90088,0.1586,0.25,"7/2/24","SV","","6MAP","5/30/23","419","2","inner",NA,11.524,11.524,"","",8.332,"","419_X5_31_rt2_i","419_X5_31_rt2_i","X5_31","4",34.42,16.67796,1.61412,"Hybrid"
"248","7022024","S11",0.748680582906656,0.282237101220953,0.0410397794407247,12.6318235525798,0.51220953131154,0.66589208349744,0.164710515951162,0.2539,"7/2/24","KG","",NA,NA,NA,NA,NA,NA,NA,NA,NA,NA,NA,NA,NA,NA,"standard",NA,NA,15.0465931469082,1.17810161480898,NA
"249","7022024","S12",0.634221707222866,0.302201622247972,0.0288914638856701,10.9319428350715,0.43117033603708,0.398184627269216,0.128968713789108,0.2589,"7/2/24","SV","",NA,NA,NA,NA,NA,NA,NA,NA,NA,NA,NA,NA,NA,NA,"standard",NA,NA,12.8555813055234,0.829354963306296,NA
"250","7082024","59",2.89232558139535,1.53162790697674,0.952403100775194,23.158992248062,0.557945736434108,0.776899224806202,0.278992248062016,0.258,"7/8/24","SV","","6MAP","5/30/23","217","3","inner",NA,11.73,11.73,"","",8.048,"","217_X5_36_rt3_i","217_X5_36_rt3_i","X5_36","2",27.42,30.1491860465116,1.33484496124031,"Hybrid"
"251","7082024","78",0.840566801619433,0.557570850202429,0.728663967611336,30.4108502024291,0.277732793522267,0.384372469635628,0.141497975708502,0.247,"7/8/24","SV","","6MAP","5/30/23","315","3","outer",NA,16.322,16.322,"","",9.729,"","315_X8_41.5_rt3_o","315_X8_41.5_rt3_o","X8_41.5","3",31.78,33.3412550607287,0.662105263157895,"Hybrid"
"252","7082024","89",2.25217898832685,1.36560311284047,0.849805447470817,30.2968093385214,0.487198443579766,0.61284046692607,0,0.257,"7/8/24","SV","","6MAP","5/30/23","320","3","inner",NA,8.934,8.934,"","",7.894,"","320_X2_24_rt3_i","320_X2_24_rt3_i","X2_24","3",54.33,35.8644357976654,1.10003891050584,"Hybrid"
"253","7082024","199",0.364952380952381,0.154142857142857,0,4.37395238095238,0.25952380952381,0.465047619047619,0,0.21,"7/8/24","KG","","7MAP","6/21/23","312","1","inner",NA,10.168,10.168,"","7/26/23",7.826,"","312_A20_rt1_i","312_A20_rt1_i","A20","3",33.3,5.61761904761905,0.724571428571429,"African"
"254","7082024","200",0,0,0,6.22010869565217,0.258695652173913,0.319891304347826,0,0.276,"7/8/24","SV","","7MAP","6/21/23","312","1","outer",NA,19.334,19.334,"","7/26/23",10.507,"","312_A20_rt1_o","312_A20_rt1_o","A20","3",30.37,6.79869565217391,0.578586956521739,"African"
"255","7082024","201",0.133194444444444,0,0,3.99310185185185,0.223194444444444,0.305972222222222,0,0.216,"7/8/24","KG","","7MAP","6/21/23","312","2","inner",NA,10.048,10.048,"","7/26/23",7.793,"","312_A20_rt2_i","312_A20_rt2_i","A20","3",33.5,4.65546296296296,0.529166666666667,"African"
"256","7082024","202",0,0,0,5.28363636363636,0.208484848484848,0.283636363636364,0,0.231,"7/8/24","SV","","7MAP","6/21/23","312","2","outer",NA,13.69,13.69,"","7/26/23",18.664,"","312_A20_rt2_o","312_A20_rt2_o","A20","3",NA,5.77575757575757,0.492121212121212,"African"
"257","7082024","203",0.236205357142857,0.138303571428571,0.0979017857142857,5.875,0.260714285714286,0.391651785714286,0,0.224,"7/8/24","SV","","7MAP","6/21/23","312","3","inner",NA,9.192,9.192,"","7/26/23",7.498,"","312_A20_rt3_i","312_A20_rt3_i","A20","3",33.18,6.99977678571429,0.652366071428572,"African"
"258","7082024","204",0,0,0,5.57242990654206,0.201869158878505,0.28607476635514,0,0.214,"7/8/24","KG","","7MAP","6/21/23","312","3","outer",NA,14.35,14.35,"","7/26/23",8.755,"","312_A20_rt3_o","312_A20_rt3_o","A20","3",27.27,6.0603738317757,0.487943925233645,"African"
"259","7082024","205",0.77112,0.36924,0.1622,18.89348,0.6926,0.82212,0.27848,0.25,"7/8/24","KG","","7MAP","6/21/23","313","1","inner",NA,10.036,10.036,"","7/26/23",8.052,"","313_X1_54_rt1_i","313_X1_54_rt1_i","X1_54","3",41.28,21.98924,1.51472,"Hybrid"
"260","7082024","206",0.344147157190635,0.173846153846154,0.122909698996656,24.1816053511706,0.656688963210702,0.793645484949833,0.374882943143813,0.299,"7/8/24","SV","not well ground but weighed out some","7MAP","6/21/23","313","1","outer",NA,18.222,18.222,"","7/26/23",11.139,"","313_X1_54_rt1_o","313_X1_54_rt1_o","X1_54","3",38.75,26.6477257525084,1.45033444816054,"Hybrid"
"261","7082024","207",1.20652719665272,0.622259414225941,0.289497907949791,25.0270711297071,0.740585774058577,1.15686192468619,0.286317991631799,0.239,"7/8/24","SV","","7MAP","6/21/23","313","2","inner",NA,8.82,8.82,"","7/26/23",7.367,"","313_X1_54_rt2_i","313_X1_54_rt2_i","X1_54","3",32.82,29.3291213389121,1.89744769874477,"Hybrid"
"262","7082024","208",0.506730769230769,0.240384615384615,0.157692307692308,23.8855769230769,0.804807692307692,1.10865384615385,0.190384615384615,0.26,"7/8/24","SV","","7MAP","6/21/23","313","2","outer",NA,15.914,15.914,"","7/26/23",9.725,"","313_X1_54_rt2_o","313_X1_54_rt2_o","X1_54","3",33.14,26.8942307692308,1.91346153846154,"Hybrid"
"263","7082024","209",1.27403041825095,0.558783269961977,0.210266159695817,18.6005323193916,0.54532319391635,0.834296577946768,0.231368821292776,0.263,"7/8/24","SV","","7MAP","6/21/23","313","3","inner",NA,8.908,8.908,"","7/26/23",7.506,"","313_X1_54_rt3_i","313_X1_54_rt3_i","X1_54","3",37.72,22.2546007604563,1.37961977186312,"Hybrid"
"264","7082024","210",0.399961240310077,0.182674418604651,0.107093023255814,19.9713178294574,0.605697674418605,0.681279069767442,0.0997286821705426,0.258,"7/8/24","SV","","7MAP","6/21/23","313","3","outer",NA,14.728,14.728,"","7/26/23",9.341,"","313_X1_54_rt3_o","313_X1_54_rt3_o","X1_54","3",33.25,22.0477519379845,1.28697674418605,"Hybrid"
"265","7082024","212",0.954291497975709,0.670566801619433,0.62834008097166,20.6635627530364,0.592024291497976,0.654858299595142,0,0.247,"7/8/24","KG","","7MAP","6/21/23","410","1","outer",NA,15.8,15.785,"","7/26/23",9.193,"","410_A04_rt1_o","410_A04_rt1_o","A04","4",27.78,24.1636437246964,1.24688259109312,"African"
"266","7082024","213",3.43704225352113,2.10910798122066,1.06093896713615,26.6521126760563,0.388262910798122,0.478028169014085,0,0.213,"7/8/24","KG","","7MAP","6/21/23","410","2","inner",NA,9.14,9.125,"","7/26/23",7.361,"","410_A04_rt2_i","410_A04_rt2_i","A04","4",28.53,34.1254929577465,0.866291079812207,"African"
"267","7082024","215",4.36514619883041,2.83643274853801,1.31888888888889,31.4553216374269,0.39859649122807,0.539883040935672,0,0.171,"7/8/24","KG","","7MAP","6/21/23","410","3","inner",NA,9.59,9.575,"","7/26/23",7.4,"","410_A04_rt3_i","410_A04_rt3_i","A04","4",25.46,40.9142690058479,0.938479532163743,"African"
"268","7082024","216",1.5363768115942,1.0192270531401,0.937487922705314,23.4276811594203,0.437826086956522,0.533526570048309,0,0.207,"7/8/24","SV","","7MAP","6/21/23","410","3","outer",NA,15.776,15.761,"","7/26/23",9.303,"","410_A04_rt3_o","410_A04_rt3_o","A04","4",29.06,27.8921256038647,0.971352657004831,"African"
"269","7082024","217",1.85126168224299,0.85196261682243,0.415093457943925,25.4731775700935,0.600841121495327,0.804579439252336,1.15943925233645,0.214,"7/8/24","KG","","7MAP","6/21/23","412","1","inner",NA,10.589,10.574,"","7/26/23",7.82,"","412_X11_68_rt1_i","412_X11_68_rt1_i","X11_68","4",29.69,31.1563551401869,1.40542056074766,"Hybrid"
"270","7082024","218",0.769004149377593,0.374688796680498,0.242904564315353,22.5913278008299,0.343112033195021,0.64701244813278,0.471618257261411,0.241,"7/8/24","KG","","7MAP","6/21/23","412","1","outer",NA,16.143,16.128,"","7/26/23",9.35,"","412_X11_68_rt1_o","412_X11_68_rt1_o","X11_68","4",28.43,25.4396680497925,0.990124481327801,"Hybrid"
"271","7082024","219",1.51668604651163,0.679011627906977,0.219418604651163,13.2659302325581,0.495174418604651,0.713139534883721,0.514476744186046,0.172,"7/8/24","KG","","7MAP","6/21/23","412","2","inner",NA,9.564,9.549,"","7/26/23",7.557,"","412_X11_68_rt2_i","412_X11_68_rt2_i","X11_68","4",31.12,17.4038372093023,1.20831395348837,"Hybrid"
"272","7082024","221",0.707661290322581,0.307016129032258,0.116491935483871,18.1150403225806,0.712016129032258,0.829596774193548,0.747943548387097,0.248,"7/8/24","KG","","7MAP","6/21/23","412","3","inner",NA,9.503,9.488,"","7/26/23",7.542,"","412_X11_68_rt3_i","412_X11_68_rt3_i","X11_68","4",31.26,21.5357661290323,1.54161290322581,"Hybrid"
"273","7082024","222",0.285912698412698,0.126587301587302,0.0644047619047619,16.8961507936508,0.548928571428571,0.809722222222222,0.624206349206349,0.252,"7/8/24","KG","","7MAP","6/21/23","412","3","outer",NA,15.133,15.118,"","7/26/23",9.249,"","412_X11_68_rt3_o","412_X11_68_rt3_o","X11_68","4",30.63,19.3559126984127,1.35865079365079,"Hybrid"
"274","7082024","224",0.1563671875,0.0781640625,0,12.528125,0.4873046875,0.7175390625,0.1884765625,0.256,"7/8/24","SV","","7MAP","6/21/23","413","1","outer",NA,14.579,14.564,"","7/26/23",9.407,"","413_C14_rt1_o","413_C14_rt1_o","C14","4",34.78,14.1559765625,1.20484375,"Latin American"
"275","7082024","225",0.613265306122449,0.289795918367347,0.119948979591837,17.2422448979592,0.797908163265306,1.00545918367347,0.404336734693878,0.196,"7/8/24","SV","","7MAP","6/21/23","413","2","inner",NA,8.329,8.314,"","7/26/23",7.221,"","413_C14_rt2_i","413_C14_rt2_i","C14","4",34.04,20.4729591836735,1.80336734693878,"Latin American"
"276","7082024","226",0.168813559322034,0,0,16.2223163841808,0.735762711864407,0.903050847457627,0.314463276836158,0.177,"7/8/24","SV","","7MAP","6/21/23","413","2","outer",NA,15.089,15.074,"","7/26/23",9.445,"","413_C14_rt2_o","413_C14_rt2_o","C14","4",33.12,18.344406779661,1.63881355932203,"Latin American"
"277","7082024","227",0.533288888888889,0.232666666666667,0.0771555555555555,11.2766222222222,0.662311111111111,0.850088888888889,0.187733333333333,0.225,"7/8/24","KG","","7MAP","6/21/23","413","3","inner",NA,16.43,16.415,"","7/26/23",7.866,"","413_C14_rt3_i","413_C14_rt3_i","C14","4",12.39,13.8198666666667,1.5124,"Latin American"
"278","7082024","229",1.20948113207547,0.670707547169811,0.343820754716981,21.4074528301887,0.807547169811321,1.01820754716981,0.230047169811321,0.212,"7/8/24","SV","","7MAP","6/21/23","415","1","inner",NA,9.049,9.034,"tare 0.035, have been subtracting 0.02","7/26/23",7.415,"","415_X5_66_rt1_i","415_X5_66_rt1_i","X5_66","4",31.89,25.6872641509434,1.82575471698113,"Hybrid"
"279","7082024","230",0.534957983193277,0.301512605042017,0.228235294117647,21.2346638655462,0.587310924369748,0.726554621848739,0.191596638655462,0.238,"7/8/24","KG","not well ground but weighed out some","7MAP","6/21/23","415","1","outer",NA,20.198,20.183,"","7/26/23",11.174,"","415_X5_66_rt1_o","415_X5_66_rt1_o","X5_66","4",33.39,23.8048319327731,1.31386554621849,"Hybrid"
"280","7082024","231",0.789285714285714,0.529285714285714,0.278571428571429,19.24,0.787959183673469,0.964387755102041,0.224183673469388,0.196,"7/8/24","KG","","7MAP","6/21/23","415","2","inner",NA,9.979,9.964,"","7/26/23",7.403,"","415_X5_66_rt2_i","415_X5_66_rt2_i","X5_66","4",22.56,22.8136734693878,1.75234693877551,"Hybrid"
"281","7082024","232",0.532126696832579,0.295610859728507,0.244932126696833,29.9776923076923,0.73606334841629,1.08357466063348,0.456108597285068,0.221,"7/8/24","SV","","7MAP","6/21/23","415","2","outer",NA,18.14,18.125,"","7/26/23",10.77,"","415_X5_66_rt2_o","415_X5_66_rt2_o","X5_66","4",35.87,33.3261085972851,1.81963800904977,"Hybrid"
"282","7082024","233",0.987471264367816,0.573103448275862,0.271954022988506,20.6005747126437,0.861149425287356,0.997126436781609,0,0.087,"7/8/24","KG","","7MAP","6/21/23","415","3","inner",NA,8.02,8.005,"","7/26/23",7.169,"","415_X5_66_rt3_i","415_X5_66_rt3_i","X5_66","4",37.98,24.2913793103448,1.85827586206897,"Hybrid"
"283","7082024","234",0.40376404494382,0.245112359550562,0.171573033707865,21.669606741573,0.73252808988764,0.91561797752809,0.167247191011236,0.178,"7/8/24","KG","","7MAP","6/21/23","415","3","outer",NA,17.454,17.439,"","7/26/23",10.511,"","415_X5_66_rt3_o","415_X5_66_rt3_o","X5_66","4",35.74,24.3054494382022,1.64814606741573,"Hybrid"
"284","7082024","235",2.99313725490196,1.50039215686275,0.635196078431373,21.9402450980392,0.816862745098039,1.01632352941176,0.296029411764706,0.204,"7/8/24","SV","","7MAP","6/21/23","416","1","inner",NA,9.785,9.77,"","7/26/23",7.732,"","416_X4_67_rt1_i","416_X4_67_rt1_i","X4_67","4",34.53,29.1981862745098,1.8331862745098,"Hybrid"
"285","7082024","236",0.864216216216216,0.519135135135135,0.395027027027027,30.3262702702703,0.685621621621622,0.886918918918919,0.482810810810811,0.185,"7/8/24","SV","","7MAP","6/21/23","416","1","outer",NA,17.699,17.684,"","7/26/23",10.635,"","416_X4_67_rt1_o","416_X4_67_rt1_o","X4_67","4",36.08,34.16,1.57254054054054,"Hybrid"
"286","7082024","237",4.72761261261261,2.49518018018018,1.47671171171171,43.4998648648649,0.723108108108108,0.941756756756757,1.28121621621622,0.222,"7/8/24","SV","","7MAP","6/21/23","416","2","inner",NA,8.973,8.958,"","7/26/23",7.339,"","416_X4_67_rt2_i","416_X4_67_rt2_i","X4_67","4",29.64,55.1454504504504,1.66486486486486,"Hybrid"
"287","7082024","238",1.4085306122449,0.828612244897959,0.699714285714286,43.068,0.806448979591837,1.04808163265306,1.04910204081633,0.245,"7/8/24","KG","","7MAP","6/21/23","416","2","outer",NA,17.46,17.445,"","7/26/23",10.02,"","416_X4_67_rt2_o","416_X4_67_rt2_o","X4_67","4",31.17,48.9084897959184,1.8545306122449,"Hybrid"
"288","7082024","239",2.65793522267206,1.43753036437247,0.623603238866397,23.7548178137652,0.531983805668016,0.600931174089069,0.49085020242915,0.247,"7/8/24","SV","","7MAP","6/21/23","416","3","inner",NA,11.252,11.237,"","7/26/23",8.033,"","416_X4_67_rt3_i","416_X4_67_rt3_i","X4_67","4",30.04,30.0976518218623,1.13291497975708,"Hybrid"
"289","7082024","240",1.148,0.667020408163265,0.483020408163265,25.238,0.627020408163265,0.804,0.564,0.245,"7/8/24","SV","","7MAP","6/21/23","416","3","outer",NA,16.331,16.316,"","7/26/23",9.361,"","416_X4_67_rt3_o","416_X4_67_rt3_o","X4_67","4",27.99,29.5310612244898,1.43102040816327,"Hybrid"
"290","7082024","246",1.30275167785235,0.754429530201342,0.772818791946309,31.998389261745,0.688187919463087,0.925570469798658,1.28805369127517,0.149,"7/8/24","KG","","8MAP","7/6/23","104","3","outer",NA,3.626,10.278,"","6/27/24",7.7355,"","104_X5_36_rt3_o","104_X5_36_rt3_o","X5_36","1",29.78,37.7302013422819,1.61375838926175,"Hybrid"
"291","7082024","327",2.92558823529412,1.91050420168067,1.27302521008403,27.1968487394958,0.31827731092437,0.398991596638655,0.191134453781513,0.238,"7/8/24","SV","","8MAP","7/6/23","318","2","inner",NA,2.035,8.687,"","7/26/23",7.195,"","318_A04_rt2_i","318_A04_rt2_i","A04","3",26.5,34.2143697478992,0.717268907563025,"African"
"292","7082024","421",0.899377990430622,0.454545454545455,0.196363636363636,16.8993779904306,0.654545454545455,0.889712918660287,0.807272727272727,0.209,"7/8/24","KG","","9MAP","7/28/23","302","1","inner",NA,11.1809,11.1639,"","6/27/24",8.1107,"","302_C17_rt1_i","302_C17_rt1_i","C17","3",32.25,20.8011961722488,1.54425837320574,"Latin American"
"293","7082024","431",0.640407239819004,0.358868778280543,0.169638009049774,22.2230769230769,0.604615384615385,0.747692307692308,0.936923076923077,0.221,"7/8/24","KG","","9MAP","7/28/23","304","3","inner",NA,10.628,10.611,"","6/27/24",7.7864,"","304_X5_31_rt3_i","304_X5_31_rt3_i","X5_31","3",28.56,25.681221719457,1.35230769230769,"Hybrid"
"294","7082024","460",0.0652918287937743,0,0,7.74922178988327,0.333852140077821,0.433385214007782,0,0.257,"7/8/24","KG","","9MAP","7/28/23","403","2","outer",NA,13.44,13.423,"","6/27/24",8.8544,"","403_A20_rt2_o","403_A20_rt2_o","A20","4",32.48,8.58175097276265,0.767237354085603,"African"
"295","7082024","472",0,0,0,19.4340573770492,0.29,0.371434426229508,0,0.244,"7/8/24","KG","","9MAP","7/28/23","409","2","outer",NA,17.9582,17.9412,"","6/27/24",10.7414,"","409_X2_45_rt2_o","409_X2_45_rt2_o","X2_45","4",36.2,20.0954918032787,0.661434426229508,"Hybrid"
"296","7082024","S13",0.714136328427576,0.346824167312161,0.0358249419054996,12.5269558481797,0.451200619674671,0.593415956622773,0.170875290472502,0.2582,"7/8/24","KG","",NA,NA,NA,NA,NA,NA,NA,NA,NA,NA,NA,NA,NA,NA,"standard",NA,NA,14.8392331525949,1.04461657629744,NA
"297","7082024","S14",0.716053130929791,0.373130929791271,0.0402277039848197,11.768614800759,0.406299810246679,0.497836812144212,0.119696394686907,0.2635,"7/8/24","SV","",NA,NA,NA,NA,NA,NA,NA,NA,NA,NA,NA,NA,NA,NA,"standard",NA,NA,13.9218595825427,0.904136622390892,NA
"298","7112024","90",0.224194915254237,0.131271186440678,0.0929237288135593,5.57627118644068,0.247457627118644,0.371737288135593,0,0.236,"7/11/24","KG","7/11 batch was dried down 8/2","6MAP","5/30/23","320","3","outer",NA,17.877,17.877,"","",10.732,"","320_X2_24_rt3_o","320_X2_24_rt3_o","X2_24","3",36.32,6.64385593220339,0.619194915254237,"Hybrid"
"299","7112024","159",0.746808510638298,0.324,0.122936170212766,19.1171489361702,0.751404255319149,0.875489361702128,0.78931914893617,0.235,"7/11/24","KG","","7MAP","6/20/23","204","2","inner",NA,10.709,10.709,"","4/10/24",7.925,"","204_X2_45_rt2_i","204_X2_45_rt2_i","X2_45","2",31.29,22.7271063829787,1.62689361702128,"Hybrid"
"300","7112024","160",0.0638022813688213,0,0,7.57243346007605,0.326235741444867,0.423498098859316,0,0.263,"7/11/24","SV","","7MAP","6/20/23","204","2","outer",NA,18.85,18.85,"","4/10/24",10.366,"","204_X2_45_rt2_o","204_X2_45_rt2_o","X2_45","2",30.42,8.38596958174905,0.749733840304182,"Hybrid"
"301","7112024","166",0.174803493449782,0.0873799126637555,0,14.0052401746725,0.544759825327511,0.802139737991266,0.210698689956332,0.229,"7/11/24","KG","","7MAP","6/20/23","208","2","outer",NA,15.851,15.851,"","4/10/24",9.563,"","208_X10_52_rt2_o","208_X4_32_rt1_o","X4_32","2",31.61,15.8250218340611,1.34689956331878,"Hybrid"
"302","7112024","169",0.124545454545455,0,0,3.73380952380952,0.208701298701299,0.286103896103896,0,0.231,"7/11/24","KG","","7MAP","6/20/23","209","1","inner",NA,9.635,9.635,"","4/10/24",7.433,"","209_A03_rt1_i","209_A03_rt1_i","A03","2",26.06,4.35316017316017,0.494805194805195,"African"
"303","7112024","170",2.26988847583643,1.137843866171,0.481710037174721,16.6386988847584,0.619479553903346,0.770743494423792,0.224498141263941,0.269,"7/11/24","SV","","7MAP","6/20/23","209","1","outer",NA,17.054,17.054,"","4/10/24",9.717,"","209_A03_rt1_o","209_A03_rt1_o","A03","2",29.43,22.1428624535316,1.39022304832714,"African"
"304","7112024","171",1.28849246231156,0.714522613065327,0.366281407035176,22.8059296482412,0.860301507537688,1.08472361809045,0.245075376884422,0.199,"7/11/24","SV","","7MAP","6/20/23","209","2","inner",NA,9.694,9.694,"","4/10/24",7.372,"","209_A03_rt2_i","209_A03_rt2_i","A03","2",23.54,27.3653266331658,1.94502512562814,"African"
"305","7112024","173",0.693616236162362,0.350553505535055,0.151439114391144,13.0330996309963,0.50479704797048,0.686162361623616,0.622583025830258,0.271,"7/11/24","KG","","7MAP","6/20/23","209","3","inner",NA,10.289,10.289,"","4/10/24",7.736,"","209_A03_rt3_i","209_A03_rt3_i","A03","2",29.71,16.0422509225092,1.1909594095941,"African"
"306","7112024","174",0.360804195804196,0.16479020979021,0.0966083916083916,18.0160839160839,0.546398601398602,0.61458041958042,0.089965034965035,0.286,"7/11/24","KG","","7MAP","6/20/23","209","3","outer",NA,16.518,16.518,"","4/10/24",9.624,"","209_A03_rt3_o","209_A03_rt3_o","A03","2",30.09,19.8892307692308,1.16097902097902,"African"
"307","7112024","175",0.758333333333333,0.508529411764706,0.267647058823529,18.4854901960784,0.757058823529412,0.926568627450981,0.215392156862745,0.204,"7/11/24","KG","","7MAP","6/20/23","216","1","inner",NA,9.748,9.748,"","4/10/24",7.721,"","216_X5_31_rt1_i","216_X5_31_rt1_i","X5_31","2",34.42,21.9190196078431,1.68362745098039,"Hybrid"
"308","7112024","176",2.44055762081784,1.31996282527881,0.572602230483271,21.8120446096654,0.488475836431227,0.5517843866171,0.450706319702602,0.269,"7/11/24","KG","","7MAP","6/20/23","216","1","outer",NA,14.505,14.505,"","4/10/24",9.246,"","216_X5_31_rt1_o","216_X5_31_rt1_o","X5_31","2",32.99,27.6361338289963,1.04026022304833,"Hybrid"
"309","7112024","178",0.961203703703704,0.637592592592593,0.833240740740741,34.7753703703704,0.317592592592593,0.439537037037037,0.161805555555556,0.216,"7/11/24","SV","","7MAP","6/20/23","216","2","outer",NA,15.908,15.908,"","4/10/24",9.596,"","216_X5_31_rt2_o","216_X5_31_rt2_o","X5_31","2",31.77,38.1263425925926,0.75712962962963,"Hybrid"
"310","7112024","179",1.80225,0.9295,0.4324375,37.3841875,1.10625,1.7280625,0.4276875,0.16,"7/11/24","SV","","7MAP","6/20/23","216","3","inner",NA,9.453,9.453,"","4/10/24",7.336,"","216_X5_31_rt3_i","216_X5_31_rt3_i","X5_31","2",24.28,43.810375,2.8343125,"Hybrid"
"311","7112024","180",1.15270491803279,0.669754098360656,0.485,25.3414344262295,0.629590163934426,0.807295081967213,0.566311475409836,0.244,"7/11/24","KG","","7MAP","6/20/23","216","3","outer",NA,14.65,14.65,"","4/10/24",8.888,"","216_X5_31_rt3_o","216_X5_31_rt3_o","X5_31","2",27.91,29.6520901639344,1.43688524590164,"Hybrid"
"312","7112024","182",0.668953974895398,0.4018410041841,0.305774058577406,23.474309623431,0.53071129707113,0.68652719665272,0.373723849372385,0.239,"7/11/24","KG","","7MAP","6/20/23","305","1","outer",NA,16.964,16.964,"","4/10/24",9.98,"","306_X1_34_rt1_o","305_X10_39_rt1_o","X10_39","3",32.24,26.4418410041841,1.21723849372385,"Hybrid"
"313","7112024","183",2.72423357664234,1.77018248175182,0.823102189781022,19.6308759124088,0.248759124087591,0.336934306569343,0,0.274,"7/11/24","SV","","7MAP","6/20/23","305","2","inner",NA,8.556,8.556,"","4/10/24",7.291,"","306_X1_34_rt2_i","305_X10_39_rt2_i","X10_39","3",33.39,25.5340875912409,0.585693430656934,"Hybrid"
"314","7112024","184",0.951519607843137,0.551029411764706,0.564460784313725,23.3713725490196,0.502647058823529,0.676029411764706,0.94078431372549,0.204,"7/11/24","SV","","7MAP","6/20/23","305","2","outer",NA,16.78,16.78,"","4/10/24",9.873,"","306_X1_34_rt2_o","305_X10_39_rt2_o","X10_39","3",31.77,27.5578431372549,1.17867647058824,"Hybrid"
"315","7112024","187",2.48416309012875,1.5062660944206,0.937339055793991,33.4175107296137,0.537381974248927,0.675965665236052,0,0.233,"7/11/24","SV","","7MAP","6/20/23","308","1","inner",NA,10.067,10.067,"","4/10/24",7.605,"","308_X4_46_rt1_i","308_X4_46_rt1_i","X4_46","3",27.8,39.5586266094421,1.21334763948498,"Hybrid"
"316","7112024","188",2.79423664122137,1.71465648854962,0.862519083969466,21.6675572519084,0.315648854961832,0.388625954198473,0,0.262,"7/11/24","KG","","7MAP","6/20/23","308","1","outer",NA,18.358,18.358,"","4/10/24",10.467,"","308_X4_46_rt1_o","308_X4_46_rt1_o","X4_46","3",32.56,27.7432442748092,0.704274809160305,"Hybrid"
"317","7112024","191",0,0,0,43.1082727272727,0.643272727272727,0.823909090909091,0,0.11,"7/11/24","SV","","7MAP","6/20/23","308","3","inner",NA,8.88,8.88,"weighed frozen","4/10/24",7.342,"","308_X4_46_rt3_i","308_X4_46_rt3_i","X4_46","3",30.81,44.5754545454545,1.46718181818182,"Hybrid"
"318","7112024","192",0.858009259259259,0.418055555555556,0.271018518518519,25.2060648148148,0.382824074074074,0.721898148148148,0.526203703703704,0.216,"7/11/24","KG","","7MAP","6/20/23","308","3","outer",NA,14.095,14.095,"weighed frozen","4/10/24",9.185,"","308_X4_46_rt3_o","308_X4_46_rt3_o","X4_46","3",33.99,28.3840740740741,1.10472222222222,"Hybrid"
"319","7112024","193",6.72775641025641,3.55083333333333,2.10147435897436,61.9036538461538,1.02903846153846,1.34019230769231,1.82326923076923,0.156,"7/11/24","SV","","7MAP","6/20/23","309","1","inner",NA,9.245,9.245,"","4/10/24",7.333,"","309_X5_36_rt1_i","309_X5_36_rt1_i","X5_36","3",26.12,78.476217948718,2.36923076923077,"Hybrid"
"320","7112024","194",0.45109022556391,0.196804511278195,0.0652631578947368,9.5384962406015,0.560225563909775,0.71906015037594,0.158796992481203,0.266,"7/11/24","SV","","7MAP","6/20/23","309","1","outer",NA,17.135,17.135,"","4/10/24",9.401,"","309_X5_36_rt1_o","309_X5_36_rt1_o","X5_36","3",26.19,11.6897368421053,1.27928571428571,"Hybrid"
"321","7112024","195",2.19331034482759,1.45503448275862,1.33834482758621,33.4450344827586,0.625034482758621,0.761655172413793,0,0.145,"7/11/24","SV","","7MAP","6/20/23","309","2","inner",NA,9.656,9.656,"","4/10/24",7.229,"","309_X5_36_rt2_i","309_X5_36_rt2_i","X5_36","3",19.07,39.8184137931035,1.38668965517241,"Hybrid"
"322","7112024","196",0.527,0.25,0.164,24.841,0.837,1.153,0.198,0.25,"7/11/24","KG","","7MAP","6/20/23","309","2","outer",NA,16.002,16.002,"","4/10/24",9.755,"","309_X5_36_rt2_o","309_X5_36_rt2_o","X5_36","3",33.15,27.97,1.99,"Hybrid"
"323","7112024","197",0.931118421052632,0.521776315789474,0.246644736842105,32.3111842105263,0.879078947368421,1.08710526315789,1.36223684210526,0.152,"7/11/24","KG","","7MAP","6/20/23","309","3","inner",NA,9.375,9.375,"","4/10/24",7.133,"","309_X5_36_rt3_i","309_X5_36_rt3_i","X5_36","3",17.51,37.3391447368421,1.96618421052632,"Hybrid"
"324","7112024","198",2.80533834586466,1.48556390977444,0.92375939849624,22.4624812030075,0.541165413533835,0.753533834586466,0.270601503759399,0.266,"7/11/24","SV","","7MAP","6/20/23","309","3","outer",NA,18.644,18.644,"","4/10/24",9.13,"","309_X5_36_rt3_o","309_X5_36_rt3_o","X5_36","3",20.63,29.2424436090226,1.2946992481203,"Hybrid"
"325","7112024","242",0,0,0,8.05985915492958,0.335211267605634,0.414507042253521,0,0.213,"7/11/24","KG","","8MAP","7/6/23","104","1","outer",NA,5.138,11.79,"","4/10/24",8.222,"","104_X5_36_rt1_o","104_X5_36_rt1_o","X5_36","1",30.49,8.80957746478873,0.749718309859155,"Hybrid"
"326","7112024","256",0.10411149825784,0,0,10.0047038327526,0.453763066202091,0.556933797909408,0.193937282229965,0.287,"7/11/24","KG","","8MAP","7/6/23","117","2","outer",NA,7.729,14.381,"","4/10/24",8.907,"","117_A20_rt2_o","119_X11_57_rt2_o","X11_57","1",29.13,11.3134494773519,1.0106968641115,"Hybrid"
"327","7112024","274",0.939083665338646,0.659880478087649,0.618326693227092,20.3342629482072,0.582589641434263,0.644422310756972,0,0.251,"7/11/24","SV","","8MAP","7/6/23","202","2","outer",NA,7.606,14.258,"","4/10/24",9.186,"","202_X4_67_rt2_o","202_X4_67_rt2_o","X4_67","2",33.27,23.7785657370518,1.22701195219124,"Hybrid"
"328","7112024","321",0,0,0,4.88729508196721,0.177049180327869,0.250901639344262,0,0.244,"7/11/24","KG","","8MAP","7/6/23","314","2","inner",NA,3.097,9.749,"","4/10/24",7.306,"","314_X5_66_rt2_i","314_X5_66_rt2_i","X5_66","3",20.99,5.31524590163934,0.427950819672131,"Hybrid"
"329","7112024","322",0.49,0.272208333333333,0.225541666666667,27.6044583333333,0.677791666666667,0.997791666666667,0.42,0.24,"7/11/24","KG","","8MAP","7/6/23","314","2","outer",NA,8.436,15.088,"","4/10/24",9.066,"","314_X5_66_rt2_o","314_X5_66_rt2_o","X5_66","3",28.57,30.6877916666667,1.67558333333333,"Hybrid"
"330","7112024","338",1.48745689655172,0.875043103448276,0.738922413793104,45.4812931034483,0.851637931034483,1.10681034482759,1.10788793103448,0.232,"7/11/24","SV","","8MAP","7/6/23","408","1","outer",NA,8.864,15.516,"","4/10/24",8.922,"","408_X4_46_rt1_o","408_X4_46_rt1_o","X4_46","4",25.57,51.6490517241379,1.95844827586207,"Hybrid"
"331","7112024","342",0.345225225225225,0.145810810810811,0,4.13752252252252,0.245495495495496,0.43990990990991,0,0.222,"7/11/24","SV","","8MAP","7/6/23","408","3","outer",NA,8.798,15.45,"","4/10/24",9.226,"","408_X4_46_rt3_o","408_X4_46_rt3_o","X4_46","4",29.22,5.31396396396396,0.685405405405405,"Hybrid"
"332","7112024","344",0.326018099547511,0.144343891402715,0.0734389140271493,19.2661990950226,0.625927601809955,0.923303167420815,0.711764705882353,0.221,"7/11/24","SV","","8MAP","7/6/23","411","1","outer",NA,9.423,16.075,"note 4/10/24: label hand changed. Former note: in tube labeled 414_x8_41.5; label needs to be corrected","4/10/24",9.244,"","414_X8_41.5_rt1_o","411_C17_rt1_o","C17","4",27.47,22.0709954751131,1.54923076923077,"Latin American"
"333","7112024","352",1.76352631578947,0.773473684210526,0.291052631578947,25.7470526315789,0.754842105263158,1.15484210526316,0.320263157894737,0.19,"7/11/24","SV","","8MAP","7/6/23","414","2","outer",NA,8.287,14.939,"handwritten label","4/10/24",8.985,"","414_X8_41.5_rt2_o","414_X8_41.5_rt2_o","X8_41.5","4",28.11,30.8050526315789,1.90968421052632,"Hybrid"
"334","7112024","354",0.534957983193277,0.301512605042017,0.228235294117647,21.2346638655462,0.587310924369748,0.726554621848739,0.191596638655462,0.238,"7/11/24","SV","","8MAP","7/6/23","414","3","outer",NA,5.824,12.476,"note 4/10/24: handwritten label","4/10/24",8.364,"","414_X8_41.5_rt3_o","414_X8_41.5_rt3_o","X8_41.5","4",29.33,23.8048319327731,1.31386554621849,"Hybrid"
"335","7112024","365",0.48663967611336,0.22995951417004,0.0951821862348178,13.6821052631579,0.633157894736842,0.797854251012146,0.32085020242915,0.247,"7/11/24","KG","","9MAP","7/28/23","105","3","inner",NA,8.993,8.976,"","8/10/23",7.463,"","105_X5_66_rt3_i","105_X5_66_rt3_i","X5_66","1",34.76,16.2457489878543,1.43101214574899,"Hybrid"
"336","7112024","367",0,0,0,5.21589743589744,0.205811965811966,0.28,0,0.234,"7/11/24","KG","","9MAP","7/28/23","106","1","inner",NA,11.0714,11.0544,"","8/10/23",7.773,"","106_X4_46_rt1_i","106_X4_46_rt1_i","X4_46","1",25.38,5.7017094017094,0.485811965811966,"Hybrid"
"337","7112024","371",1.06044715447154,0.474756097560976,0.153414634146341,9.27536585365853,0.346219512195122,0.498617886178862,0.359715447154472,0.246,"7/11/24","KG","","9MAP","7/28/23","106","3","inner",NA,11.3146,11.2976,"","8/10/23",7.982,"","106_X4_46_rt3_i","106_X4_46_rt3_i","X4_46","1",28.55,12.1685365853659,0.844837398373984,"Hybrid"
"338","7112024","386",3.02734782608696,1.97695652173913,1.31730434782609,28.1428260869565,0.329347826086957,0.412869565217391,0.197782608695652,0.23,"7/11/24","KG","","9MAP","7/28/23","118","1","outer",NA,12.6723,12.6553,"","8/10/23",8.361,"","118_C14_rt1_o","118_C14_rt1_o","C14","1",28.41,35.4044347826087,0.742217391304348,"Latin American"
"339","7112024","397",0.830948275862069,0.397887931034483,0.174784482758621,20.3593534482759,0.746336206896552,0.885905172413793,0.300086206896552,0.232,"7/11/24","KG","","9MAP","7/28/23","207","1","inner",NA,11.1676,11.1506,"","8/10/23",7.751,"","207_A04_rt1_i","207_A04_rt1_i","A04","2",24.35,23.6953017241379,1.63224137931034,"African"
"340","7112024","434",0.40511811023622,0.204645669291339,0.144685039370079,28.4657480314961,0.773031496062992,0.934251968503937,0.441299212598425,0.254,"7/11/24","SV","","9MAP","7/28/23","307","1","outer",NA,16.8489,16.8319,"","8/7/23",9.794,"","307_A03_rt1_o","307_A03_rt1_o","A03","3",30.83,31.3687795275591,1.70728346456693,"African"
"341","7112024","457",0.34364,0.19944,0.09464,7.169,0.29968,0.347,0,0.25,"7/11/24","SV","","9MAP","7/28/23","403","1","inner",NA,9.7754,9.7584,"","8/7/23",7.512,"","403_A20_rt1_i","403_A20_rt1_i","A20","4",27.57,8.4534,0.64668,"African"
"342","7112024","463",1.61044715447154,0.741138211382114,0.36109756097561,22.159593495935,0.522682926829268,0.699918699186992,1.00861788617886,0.246,"7/11/24","SV","","9MAP","7/28/23","407","1","inner",NA,9.9618,9.9448,"","8/7/23",7.614,"","407_X2_24_rt1_i","407_X2_24_rt1_i","X2_24","4",29.11,27.1034959349594,1.22260162601626,"Hybrid"
"343","7112024","479",0.284071146245059,0.172450592885376,0.120711462450593,15.2458102766798,0.515375494071146,0.644189723320158,0.117667984189723,0.253,"7/11/24","SV","","9MAP","7/28/23","418","3","inner",NA,9.0936,9.0766,"","8/7/23",7.089,"","418_X5_36_rt3_i","418_X5_36_rt3_i","X5_36","4",17.85,17.1002766798419,1.1595652173913,"Hybrid"
"344","7112024","S15",0.783971088435374,0.380739795918367,0.039328231292517,13.7519557823129,0.495323129251701,0.651445578231293,0.187585034013605,0.2352,"7/11/24","SV","",NA,NA,NA,NA,NA,NA,NA,NA,NA,NA,NA,NA,NA,NA,"standard",NA,NA,16.2903486394558,1.14676870748299,NA
"345","7112024","S16",0.783880348982136,0.408475280432073,0.044038221852929,12.8833818030744,0.444786040714582,0.544993768176153,0.131034482758621,0.2407,"7/11/24","KG","",NA,NA,NA,NA,NA,NA,NA,NA,NA,NA,NA,NA,NA,NA,"standard",NA,NA,15.2405899459909,0.989779808890735,NA
"346","7162024","158",0.253320158102767,0.140474308300395,0.112094861660079,17.4812648221344,0.38,0.537944664031621,0,0.253,"7/16/24","SV","7/16 batch was dried down 8/6","7MAP","6/20/23","204","1","outer",NA,18.96,18.96,"","4/10/24",10.755,"","204_X2_45_rt1_o","204_X2_45_rt1_o","X2_45","2",33.31,18.9050988142292,0.91794466403162,"Hybrid"
"347","7162024","172",2.5065625,2.10234375,1.3609375,28.3027734375,0.1679296875,0.24375,0,0.256,"7/16/24","SV","","7MAP","6/20/23","209","2","outer",NA,20.086,20.086,"","4/10/24",10.76,"","209_A03_rt2_o","209_A03_rt2_o","A03","2",30.55,34.684296875,0.4116796875,"African"
"348","7162024","177",0.587827715355805,0.341760299625468,0.22625468164794,25.6012734082397,0.753258426966292,1.08475655430712,1.06629213483146,0.267,"7/16/24","SV","","7MAP","6/20/23","216","2","inner",NA,10.044,10.044,"","4/10/24",7.602,"","216_X5_31_rt2_i","216_X5_31_rt2_i","X5_31","2",27.9,29.6614232209738,1.83801498127341,"Hybrid"
"349","7162024","181",2.86544502617801,1.53329842931937,0.795759162303665,27.6386387434555,0.409214659685864,0.642879581151832,0.30565445026178,0.191,"7/16/24","SV","","7MAP","6/20/23","305","1","inner",NA,9.946,9.946,"real genotype is X10_39, corrected in GID column (original note: 306 should be labeled X10_39 (according to plant tag) (?) there were two 307s. layout says 306 genotype is X4_32, but there was a second 307 labeled X4_32)","4/10/24",7.833,"","306_X1_34_rt1_i","305_X10_39_rt1_i","X10_39","3",35.76,34.190890052356,1.0520942408377,"Hybrid"
"350","7162024","185",3.61156488549618,2.00400763358779,1.10179389312977,26.9072900763359,0.391106870229008,0.634503816793893,0.432900763358779,0.262,"7/16/24","SV","","7MAP","6/20/23","305","3","inner",NA,9.446,9.446,"","4/10/24",7.636,"","306_X1_34_rt3_i","305_X10_39_rt3_i","X10_39","3",35.1,35.0831679389313,1.0256106870229,"Hybrid"
"351","7162024","186",1.31217592592593,0.865740740740741,0.954861111111111,25.2168055555556,0.191805555555556,0.392962962962963,0.297083333333333,0.216,"7/16/24","SV","","7MAP","6/20/23","305","3","outer",NA,17.321,17.321,"","4/10/24",10.17,"","306_X1_34_rt3_o","305_X10_39_rt3_o","X10_39","3",32.94,29.2314351851852,0.584768518518519,"Hybrid"
"352","7162024","244",1.49475285171103,0.921634980988593,0.983003802281369,31.2988212927757,0.706920152091255,0.877262357414449,0.770874524714829,0.263,"7/16/24","SV","","8MAP","7/6/23","104","2","outer",NA,7.826,14.478,"","4/10/24",8.953,"","104_X5_36_rt2_o","104_X5_36_rt2_o","X5_36","1",29.36,37.0532699619772,1.5841825095057,"Hybrid"
"353","7162024","277",0.793004926108374,0.347586206896552,0.12487684729064,25.8114778325123,0.738965517241379,1.36891625615764,0.491083743842364,0.203,"7/16/24","SV","","8MAP","7/6/23","211","1","inner",NA,6.193,12.845,"","4/10/24",8.672,"","211_C14_rt1_i","211_C14_rt1_i","C14","2",32.56,29.6759113300493,2.10788177339901,"Latin American"
"354","7162024","278",0.381414141414141,0.187373737373737,0.0941919191919192,20.5226262626263,0.714343434343434,1.16328282828283,0.798989898989899,0.198,"7/16/24","SV","","8MAP","7/6/23","211","1","outer",NA,6.934,13.586,"","4/10/24",8.678,"","211_C14_rt1_o","211_C14_rt1_o","C14","2",29.17,23.8622222222222,1.87762626262626,"Latin American"
"355","7162024","282",0.549905660377358,0.25938679245283,0.160801886792453,29.0406603773585,0.716037735849057,1.30768867924528,1.99084905660377,0.212,"7/16/24","SV","","8MAP","7/6/23","211","3","outer",NA,6.593,13.245,"","4/10/24",8.561,"","211_C14_rt3_o","211_C14_rt3_o","C14","2",28.9,34.0253301886792,2.02372641509434,"Latin American"
"356","7162024","284",0,0,0,5.64941176470588,0.306512605042017,0.396008403361345,0.238655462184874,0.238,"7/16/24","SV","","8MAP","7/6/23","212","1","outer",NA,7.334,13.986,"","4/10/24",9.192,"","212_X8_37_rt1_o","212_X8_37_rt1_o","X8_37","2",34.59,6.59058823529412,0.702521008403361,"Hybrid"
"357","7162024","361",0.815473251028807,0.485144032921811,0.294197530864198,27.3461316872428,0.779341563786008,1.07205761316872,0.756502057613169,0.243,"7/16/24","KG","","9MAP","7/28/23","105","1","inner",NA,14.767,14.75,"scale tare = 0.017","8/10/23",9.702,"","105_X5_66_rt1_i","105_X5_66_rt1_i","X5_66","1",37.63,31.5488477366255,1.85139917695473,"Hybrid"
"358","7162024","363",0.978319672131148,0.536803278688525,0.299303278688525,22.1640983606557,0.546475409836066,0.785491803278689,0.595614754098361,0.244,"7/16/24","KG","","9MAP","7/28/23","105","2","inner",NA,10.9422,10.9252,"","8/10/23",8.268,"","105_X5_66_rt2_i","105_X5_66_rt2_i","X5_66","1",37.74,25.906106557377,1.33196721311475,"Hybrid"
"359","7162024","368",2.27254901960784,1.30850980392157,1.22352941176471,44.3196078431373,0.442470588235294,0.654235294117647,2.20588235294118,0.255,"7/16/24","KG","","9MAP","7/28/23","106","1","outer",NA,17.579,17.562,"","8/10/23",10.275,"","106_X4_46_rt1_o","106_X4_46_rt1_o","X4_46","1",33.18,52.4267843137255,1.09670588235294,"Hybrid"
"360","7162024","369",6.61979253112033,3.78356846473029,2.7704979253112,47.8758091286307,0.394190871369295,0.497344398340249,0.760788381742739,0.241,"7/16/24","KG","","9MAP","7/28/23","106","2","inner",NA,15.135,15.118,"","8/10/23",9.027,"","106_X4_46_rt2_i","106_X4_46_rt2_i","X4_46","1",28.01,62.7019917012448,0.891535269709544,"Hybrid"
"361","7162024","372",2.59355648535565,1.45602510460251,1.288410041841,40.8453556485356,0.410292887029289,0.531966527196653,1.83205020920502,0.239,"7/16/24","KG","","9MAP","7/28/23","106","3","outer",NA,18.1614,18.1444,"","8/10/23",10.746,"","106_X4_46_rt3_o","106_X4_46_rt3_o","X4_46","1",35.6,48.9576569037657,0.942259414225942,"Hybrid"
"362","7162024","373",2.00067729083665,1.09163346613546,0.508645418326693,31.5199203187251,1.23637450199203,1.73772908366534,3.78752988047809,0.251,"7/16/24","KG","","9MAP","7/28/23","107","1","inner",NA,13.896,13.879,"real genotype is X4_32 (corrected in GID column)","8/10/23",8.798,"","107_X10_52_rt1_i","107_X4_32_rt1_i","X4_32","1",29.65,41.8825099601594,2.97410358565737,"Hybrid"
"363","7162024","374",0.759921875,0.361953125,0.3068359375,31.5425390625,0.7517578125,0.930703125,1.0694921875,0.256,"7/16/24","SV","","9MAP","7/28/23","107","1","outer",NA,22.2946,22.2776,"","8/10/23",11.958,"","107_X10_52_rt1_o","107_X4_32_rt1_o","X4_32","1",33.94,35.723203125,1.6824609375,"Hybrid"
"364","7162024","375",3.6099173553719,2.04417355371901,0.534338842975207,24.4772314049587,0.955495867768595,1.29785123966942,2.2053305785124,0.242,"7/16/24","KG","","9MAP","7/28/23","107","2","inner",NA,10.0545,10.0375,"","8/10/23",7.661,"","107_X10_52_rt2_i","107_X4_32_rt2_i","X4_32","1",29.7,35.1243388429752,2.25334710743802,"Hybrid"
"365","7162024","377",NA,NA,NA,NA,NA,NA,NA,0.248,"7/16/24","KG","","9MAP","7/28/23","107","3","inner",NA,10.4581,10.4411,"","8/10/23",7.777,"","107_X10_52_rt3_i","107_X4_32_rt3_i","X4_32","1",29.6,NA,NA,"Hybrid"
"366","7162024","378",0.493254901960784,0.215019607843137,0.108901960784314,22.8581568627451,0.485490196078431,0.704705882352941,0.893019607843137,0.255,"7/16/24","KG","","9MAP","7/28/23","107","3","outer",NA,19.7653,19.7483,"","8/10/23",10.948,"","107_X10_52_rt3_o","107_X4_32_rt3_o","X4_32","1",32.78,25.7585490196078,1.19019607843137,"Hybrid"
"367","7162024","379",4.14427983539095,2.07530864197531,1.20707818930041,41.1792592592593,0.537119341563786,0.783168724279835,0.922345679012346,0.243,"7/16/24","KG","","9MAP","7/28/23","112","1","inner",NA,12.4879,12.4709,"","8/10/23",8.517,"","112_X4_67_rt1_i","112_X4_67_rt1_i","X4_67","1",31.99,50.8485596707819,1.32028806584362,"Hybrid"
"368","7162024","381",4.92697580645161,2.55181451612903,1.42633064516129,35.2841935483871,0.353346774193548,0.464516129032258,0.675967741935484,0.248,"7/16/24","KG","","9MAP","7/28/23","112","2","inner",NA,10.2367,10.2197,"","8/10/23",7.745,"","112_X4_67_rt2_i","112_X4_67_rt2_i","X4_67","1",30.54,45.6831451612903,0.817862903225806,"Hybrid"
"369","7162024","382",1.624,0.93896,1.0332,39.56108,0.3756,0.48812,0.32844,0.25,"7/16/24","KG","","9MAP","7/28/23","112","2","outer",NA,20.9616,20.9446,"","8/10/23",11.027,"","112_X4_67_rt2_o","112_X4_67_rt2_o","X4_67","1",30.59,44.3494,0.86372,"Hybrid"
"370","7162024","383",3.3915,1.80104166666667,1.19641666666667,38.97225,0.4875,0.603291666666667,0.910666666666667,0.24,"7/16/24","KG","","9MAP","7/28/23","112","3","inner",NA,11.52,11.503,"","8/10/23",8.122,"","112_X4_67_rt3_i","112_X4_67_rt3_i","X4_67","1",30.23,47.3626666666667,1.09079166666667,"Hybrid"
"371","7162024","387",0.220573770491803,0.143073770491803,0.105491803278689,17.8393032786885,0.525081967213115,0.64733606557377,2.39274590163934,0.244,"7/16/24","SV","","9MAP","7/28/23","118","2","inner",NA,8.4559,8.4389,"","8/10/23",7.181,"","118_C14_rt2_i","118_C14_rt2_i","C14","1",29.41,21.873606557377,1.17241803278689,"Latin American"
"372","7162024","388",0.141244813278008,0.067551867219917,0.0583402489626556,23.4428215767635,0.467510373443983,0.602614107883817,1.3595020746888,0.241,"7/16/24","KG","","9MAP","7/28/23","118","2","outer",NA,10.145,10.128,"","8/10/23",7.534,"","118_C14_rt2_o","118_C14_rt2_o","C14","1",25.27,26.1395850622407,1.0701244813278,"Latin American"
"373","7162024","389",0.367913385826772,0.214133858267717,0.14744094488189,23.9057874015748,0.455669291338583,0.630472440944882,1.88937007874016,0.254,"7/16/24","KG","","9MAP","7/28/23","118","3","inner",NA,8.8293,8.8123,"","8/10/23",7.261,"","118_C14_rt3_i","118_C14_rt3_i","C14","1",28.02,27.6107874015748,1.08614173228346,"Latin American"
"374","7162024","390",0.198980392156863,0.0837254901960784,0.0629803921568627,24.1859215686275,0.405803921568627,0.547490196078431,1.06137254901961,0.255,"7/16/24","KG","","9MAP","7/28/23","118","3","outer",NA,9.7362,9.7192,"","8/10/23",7.403,"","118_C14_rt3_o","118_C14_rt3_o","C14","1",24.36,26.5462745098039,0.953294117647059,"Latin American"
"375","7162024","391",2.89219123505976,1.40924302788845,0.369282868525896,24.1274103585657,0,0.781274900398406,0.59996015936255,0.251,"7/16/24","SV","","9MAP","7/28/23","205","1","inner",NA,11.2239,11.2069,"plant 205 was missing tag; we are assuming the one left was 205","8/10/23",8.158,"","205_X1_54_rt1_i","205_X1_54_rt1_i","X1_54","2",32.99,30.1793625498008,0.781274900398406,"Hybrid"
"376","7162024","392",0.7330859375,0.34171875,0.1467578125,20.8144140625,0.52515625,0.7359375,0.4812890625,0.256,"7/16/24","KG","","9MAP","7/28/23","205","1","outer",NA,15.0368,15.0198,"","8/10/23",9.437,"","205_X1_54_rt1_o","205_X1_54_rt1_o","X1_54","2",33.24,23.778359375,1.26109375,"Hybrid"
"377","7162024","394",1.09083665338645,0.57195219123506,0.306613545816733,25.8970517928287,0.604382470119522,0.741474103585657,0.355258964143426,0.251,"7/16/24","KG","","9MAP","7/28/23","205","2","outer",NA,18.7151,18.6981,"","8/10/23",11.166,"","205_X1_54_rt2_o","205_X1_54_rt2_o","X1_54","2",37.45,29.5675697211155,1.34585657370518,"Hybrid"
"378","7162024","395",7.18481171548117,3.64205020920502,0.708870292887029,22.7065271966527,0.59020920502092,0.751380753138075,0.569330543933054,0.239,"7/16/24","KG","","9MAP","7/28/23","205","3","inner",NA,10.0672,10.0502,"","8/10/23",7.553,"","205_X1_54_rt3_i","205_X1_54_rt3_i","X1_54","2",26.41,36.153179916318,1.341589958159,"Hybrid"
"379","7162024","398",0.923196721311475,0.538729508196721,0.368114754098361,21.7605737704918,0.700368852459016,0.875040983606557,0,0.244,"7/16/24","SV","","9MAP","7/28/23","207","1","outer",NA,16.5829,16.5659,"","8/10/23",9.386,"","207_A04_rt1_o","207_A04_rt1_o","A04","2",27.54,25.1660245901639,1.57540983606557,"African"
"380","7162024","399",3.77450592885376,2.15438735177866,1.03371541501976,24.0042687747036,0.702094861660079,0.894664031620553,0.217312252964427,0.253,"7/16/24","SV","","9MAP","7/28/23","207","2","inner",NA,12.8192,12.8022,"","8/10/23",8.226,"","207_A04_rt2_i","207_A04_rt2_i","A04","2",25.53,32.7809486166008,1.59675889328063,"African"
"381","7162024","400",1.30137795275591,0.740551181102362,0.560826771653543,25.7994881889764,0.67992125984252,0.900787401574803,0,0.254,"7/16/24","SV","","9MAP","7/28/23","207","2","outer",NA,17.0128,16.9958,"","8/10/23",9.691,"","207_A04_rt2_o","207_A04_rt2_o","A04","2",29.35,29.9829527559055,1.58070866141732,"African"
"382","7162024","401",3.45691056910569,2.06361788617886,1.2230081300813,26.9526016260163,0.771341463414634,1.00943089430894,0.160894308943089,0.246,"7/16/24","SV","","9MAP","7/28/23","207","3","inner",NA,11.267,11.25,"","8/10/23",7.846,"","207_A04_rt3_i","207_A04_rt3_i","A04","2",25.89,35.6378048780488,1.78077235772358,"African"
"383","7162024","402",1.11147540983607,0.662704918032787,0.605081967213115,29.2411475409836,0.596885245901639,0.802540983606557,0,0.244,"7/16/24","KG","","9MAP","7/28/23","207","3","outer",NA,16.0732,16.0562,"","8/10/23",9.454,"","207_A04_rt3_o","207_A04_rt3_o","A04","2",29.76,33.0198360655738,1.3994262295082,"African"
"384","7162024","403",1.38135135135135,0.663359073359073,0.315019305019305,NA,0.508841698841699,0.657374517374517,1.08096525096525,0.259,"7/16/24","KG","","9MAP","7/28/23","210","1","inner",NA,13.1182,13.1012,"","8/10/23",8.447,"","210_X11_68_rt1_i","210_X11_68_rt1_i","X11_68","2",27.78,4.6069111969112,1.16621621621622,"Hybrid"
"385","7162024","405",1.3391015625,0.663515625,0.2512109375,15.719140625,0.418671875,0.5265625,0.912578125,0.256,"7/16/24","SV","","9MAP","7/28/23","210","2","inner",NA,12.9012,12.8842,"","8/10/23",8.258,"","210_X11_68_rt2_i","210_X11_68_rt2_i","X11_68","2",25.71,19.83078125,0.945234375,"Hybrid"
"386","7162024","406",0.682995951417004,0.308259109311741,0.166882591093117,13.0987449392713,0.659028340080972,0.91165991902834,1.1419028340081,0.247,"7/16/24","SV","","9MAP","7/28/23","210","2","outer",NA,14.362,14.345,"","8/10/23",8.887,"","210_X11_68_rt2_o","210_X11_68_rt2_o","X11_68","2",29.01,16.9694736842105,1.57068825910931,"Hybrid"
"387","7162024","407",1.43116465863454,0.671325301204819,0.247510040160643,15.34859437751,0.412289156626506,0.564136546184739,0.839718875502008,0.249,"7/16/24","KG","","9MAP","7/28/23","210","3","inner",NA,11.4778,11.4608,"","8/10/23",7.706,"","210_X11_68_rt3_i","210_X11_68_rt3_i","X11_68","2",21.84,19.5147389558233,0.976425702811245,"Hybrid"
"388","7162024","408",0.61,0.282936507936508,0.121706349206349,12.8424206349206,0.645753968253968,0.912698412698413,0.788730158730159,0.252,"7/16/24","KG","","9MAP","7/28/23","210","3","outer",NA,16.2924,16.2754,"","8/10/23",9.761,"","210_X11_68_rt3_o","210_X11_68_rt3_o","X11_68","2",32.27,16.204246031746,1.55845238095238,"Hybrid"
"389","7162024","411",8.9597628458498,5.28462450592885,4.9203557312253,73.4557707509882,0.401106719367589,0.520632411067194,1.22656126482213,0.253,"7/16/24","SV","","9MAP","7/28/23","218","2","inner",NA,10.9113,10.8943,"","8/10/23",7.507,"","218_X8_41.5_rt2_i","218_X8_41.5_rt2_i","X8_41.5","2",20.06,94.768814229249,0.921739130434783,"Hybrid"
"390","7162024","418",1.29125490196078,0.78078431372549,0.934627450980392,38.1132156862745,0.30843137254902,0.444313725490196,0.623333333333333,0.255,"7/16/24","SV","","9MAP","7/28/23","220","2","outer",NA,17.0199,17.0029,"","8/10/23",9.61,"","220_X1_34_rt2_o","220_X10_39_rt2_o","X10_39","2",28.54,42.4959607843137,0.752745098039216,"Hybrid"
"391","7162024","424",0.89201646090535,0.448683127572017,0.280411522633745,16.7281069958848,0.959506172839506,1.33312757201646,0.553251028806584,0.243,"7/16/24","SV","","9MAP","7/28/23","302","2","outer",NA,14.1505,14.1335,"","8/10/23",8.515,"","302_C17_rt2_o","302_C17_rt2_o","C17","3",24.85,21.1951028806584,2.29263374485597,"Latin American"
"392","7162024","S17",0.798364825581395,0.396220930232558,0.0440406976744186,12.3113735465116,0.486264534883721,0.6203125,0.126162790697674,0.2752,"7/16/24","KG","",NA,NA,NA,NA,NA,NA,NA,NA,NA,NA,NA,NA,NA,NA,"standard",NA,NA,14.7827398255814,1.10657703488372,NA
"393","7162024","S18",0.764495530012771,0.384589186888038,0.041166453810132,12.5667943805875,0.474712643678161,0.619199659429544,0.143720732226479,0.2349,"7/16/24","SV","",NA,NA,NA,NA,NA,NA,NA,NA,NA,NA,NA,NA,NA,NA,"standard",NA,NA,14.9946785866326,1.09391230310771,NA
"394","8072024","241",5.68799180327869,4.2047131147541,5.91495901639344,45.4618442622951,0.34844262295082,0.495409836065574,0.384098360655738,0.244,"8/7/24","SV","","8MAP","7/6/23","104","1","inner",NA,3.126,9.778,"scale tared to empty tube, read 0.005 with empty tube, wrote down number as is on the scale, added avg empty tube weight to the raw reading","6/27/24",7.4902,"","104_X5_36_rt1_i","104_X5_36_rt1_i","X5_36","1",26.7,62.4974590163934,0.843852459016393,"Hybrid"
"395","8072024","245",6.71153225806452,4.44237903225806,5.27625,75.1420967741936,0.706854838709677,0.757016129032258,2.29899193548387,0.248,"8/7/24","SV","","8MAP","7/6/23","104","3","inner",NA,2.201,8.853,"","6/27/24",7.2894,"","104_X5_36_rt3_i","104_X5_36_rt3_i","X5_36","1",28.8,95.3351209677419,1.46387096774194,"Hybrid"
"396","8072024","247",3.49975,1.60566666666667,0.402458333333333,24.588375,1.16275,1.51975,0.895791666666667,0.24,"8/7/24","SV","","8MAP","7/6/23","115","1","inner",NA,5.583,12.235,"","6/27/24",8.2863,"","115_X1_54_rt1_i","115_X1_54_rt1_i","X1_54","1",29.21,33.6745416666667,2.6825,"Hybrid"
"397","8072024","248",0.640200803212851,0.297228915662651,0.160883534136546,21.9395983935743,0.776586345381526,1.11955823293173,0.267028112449799,0.249,"8/7/24","SV","","8MAP","7/6/23","115","1","outer",NA,7.867,14.519,"","6/27/24",8.7346,"","115_X1_54_rt1_o","115_X1_54_rt1_o","X1_54","1",26.43,25.2010843373494,1.89614457831325,"Hybrid"
"398","8072024","249",2.92709803921569,1.23803921568627,0.259843137254902,18.7305098039216,0.564823529411765,1.05827450980392,0.833411764705882,0.255,"8/7/24","SV","","8MAP","7/6/23","115","2","inner",NA,3.22,9.872,"","6/27/24",7.5754,"","115_X1_54_rt2_i","115_X1_54_rt2_i","X1_54","1",28.57,25.612,1.62309803921569,"Hybrid"
"399","8072024","250",0.873517786561265,0.325889328063241,0.130197628458498,24.1594861660079,0.690434782608696,0.986086956521739,0.424150197628459,0.253,"8/7/24","SV","","8MAP","7/6/23","115","2","outer",NA,5.87,12.522,"","6/27/24",8.1864,"","115_X1_54_rt2_o","115_X1_54_rt2_o","X1_54","1",26.08,27.5897628458498,1.67652173913043,"Hybrid"
"400","8072024","252",0.844274193548387,0.358709677419355,0.176411290322581,19.5925806451613,0.777903225806452,1.31048387096774,0.299072580645161,0.248,"8/7/24","SV","","8MAP","7/6/23","115","3","outer",NA,8.108,14.76,"","6/27/24",8.6394,"","115_X1_54_rt3_o","115_X1_54_rt3_o","X1_54","1",24.47,23.359435483871,2.08838709677419,"Hybrid"
"401","8072024","253",0.145619834710744,0,0,3.7002479338843,0.249380165289256,0.370702479338843,0.263595041322314,0.242,"8/7/24","SV","","8MAP","7/6/23","117","1","inner",NA,7.531,14.183,"samples in tubes marked 117 are actually 119 (corrected in GID column)","6/27/24",8.8869,"","117_A20_rt1_i","119_X11_57_rt1_i","X11_57","1",29.63,4.72954545454546,0.620082644628099,"Hybrid"
"402","8072024","254",0,0,0,4.58229838709677,0.263951612903226,0.341129032258065,0.189233870967742,0.248,"8/7/24","SV","","8MAP","7/6/23","117","1","outer",NA,13.981,20.633,"","6/27/24",10.3047,"","117_A20_rt1_o","119_X11_57_rt1_o","X11_57","1",26.1,5.37661290322581,0.60508064516129,"Hybrid"
"403","8072024","255",0.46402390438247,0.173346613545817,0,5.92482071713147,0.397410358565737,0.581354581673307,0.843266932270916,0.251,"8/7/24","SV","","8MAP","7/6/23","117","2","inner",NA,5.211,11.863,"","6/27/24",8.2823,"","117_A20_rt2_i","119_X11_57_rt2_i","X11_57","1",31.22,8.38422310756972,0.978764940239044,"Hybrid"
"404","8072024","257",0.280614754098361,0.0915983606557377,0.0395081967213115,4.97881147540984,0.296598360655738,0.538565573770492,0.249549180327869,0.244,"8/7/24","SV","","8MAP","7/6/23","117","3","inner",NA,4.107,10.759,"","6/27/24",8.0061,"","117_A20_rt3_i","119_X11_57_rt3_i","X11_57","1",32.89,6.47524590163934,0.83516393442623,"Hybrid"
"405","8072024","258",0,0,0,5.16944,0.26972,0.44552,0.25272,0.25,"8/7/24","SV","","8MAP","7/6/23","117","3","outer",NA,7.892,14.544,"","6/27/24",9.1934,"","117_A20_rt3_o","119_X11_57_rt3_o","X11_57","1",32.16,6.1374,0.71524,"Hybrid"
"406","8072024","260",0.452008032128514,0.218192771084337,0.133373493975904,17.1574297188755,1.02502008032129,1.55767068273092,0.462690763052209,0.249,"8/7/24","SV","","8MAP","7/6/23","119","1","outer",NA,5.912,12.564,"","6/27/24",7.919,"","119_X11_57_rt1_o","120_X5_31_rt1_o","X5_31","1",21.36,21.0063855421687,2.58269076305221,"Hybrid"
"407","8072024","261",1.03804166666667,0.545416666666667,0.414583333333333,36.49025,1.17125,1.6095,2.73029166666667,0.24,"8/7/24","SV","","8MAP","7/6/23","119","2","inner",NA,5.015,11.667,"","6/27/24",7.5678,"","119_X11_57_rt2_i","120_X5_31_rt2_i","X5_31","1",18.18,43.9993333333333,2.78075,"Hybrid"
"408","8072024","262",1.09556451612903,0.533991935483871,0.397620967741936,33.6338306451613,1.63262096774194,2.34818548387097,1.50314516129032,0.248,"8/7/24","SV","","8MAP","7/6/23","119","2","outer",NA,6.6208,13.2728,"","6/27/24",7.9282,"","119_X11_57_rt2_o","120_X5_31_rt2_o","X5_31","1",19.21,41.1449596774194,3.9808064516129,"Hybrid"
"409","8072024","263",0.522310756972112,0.311314741035857,0.22203187250996,23.6016733067729,1.01932270916335,1.3891235059761,1.10860557768924,0.251,"8/7/24","SV","","8MAP","7/6/23","119","3","inner",NA,4.996,11.648,"","6/27/24",7.8001,"","119_X11_57_rt3_i","120_X5_31_rt3_i","X5_31","1",22.9,28.1743824701195,2.40844621513944,"Hybrid"
"410","8072024","264",0.335703125,0.180546875,0.12984375,18.1578515625,0.918046875,1.1538671875,0.9049609375,0.256,"8/7/24","SV","","8MAP","7/6/23","119","3","outer",NA,6.142,12.794,"","6/27/24",8.1318,"","119_X11_57_rt3_o","120_X5_31_rt3_o","X5_31","1",24.03,21.7808203125,2.0719140625,"Hybrid"
"411","8072024","266",0,0,0,3.81425702811245,0.208273092369478,0.309437751004016,0.0654618473895582,0.249,"8/7/24","SV","","8MAP","7/6/23","120","1","outer",NA,7.932,14.584,"","6/27/24",9.1233,"","120_X5_31_rt1_o","117_A20_rt1_o","A20","1",31.11,4.3974297188755,0.517710843373494,"African"
"412","8072024","267",0.10093023255814,0,0,4.98317829457364,0.310116279069767,0.584147286821705,0,0.258,"8/7/24","SV","","8MAP","7/6/23","120","2","inner",NA,4.734,11.386,"","6/27/24",8.1646,"","120_X5_31_rt2_i","117_A20_rt2_i","A20","1",31.88,5.97837209302326,0.894263565891473,"African"
"413","8072024","268",0,0,0,4.455,0.31453125,0.432265625,0,0.256,"8/7/24","SV","","8MAP","7/6/23","120","2","outer",NA,6.655,13.307,"","6/27/24",8.3477,"","120_X5_31_rt2_o","117_A20_rt2_o","A20","1",25.42,5.201796875,0.746796875,"African"
"414","8072024","269",0.125830115830116,0,0,3.77088803088803,0.191698841698842,0.285868725868726,0,0.259,"8/7/24","SV","","8MAP","7/6/23","120","3","inner",NA,2.142,8.794,"","6/27/24",7.2909,"","120_X5_31_rt3_i","117_A20_rt3_i","A20","1",29.66,4.37428571428571,0.477567567567568,"African"
"415","8072024","270",0,0,0,3.13983935742972,0.264417670682731,0.36144578313253,0,0.249,"8/7/24","SV","","8MAP","7/6/23","120","3","outer",NA,4.509,11.161,"","",NA,"","120_X5_31_rt3_o","117_A20_rt3_o","A20","1",NA,3.76570281124498,0.625863453815261,"African"
"416","8072024","272",1.15305019305019,0.669189189189189,0.521081081081081,29.1316988416988,0.651351351351351,0.875444015444016,0.415637065637066,0.259,"8/7/24","SV","","8MAP","7/6/23","202","1","outer",NA,9.412,16.064,"","6/27/24",9.8505,"","202_X4_67_rt1_o","202_X4_67_rt1_o","X4_67","2",33.95,33.4174517374517,1.52679536679537,"Hybrid"
"417","8072024","273",3.4590438247012,1.98537848605578,1.45788844621514,36.9141035856574,0.637768924302789,0.968685258964143,0.519243027888446,0.251,"8/7/24","SV","","8MAP","7/6/23","202","2","inner",NA,3.31,9.962,"","6/27/24",7.8388,"","202_X4_67_rt2_i","202_X4_67_rt2_i","X4_67","2",35.76,45.9421115537849,1.60645418326693,"Hybrid"
"418","8072024","275",3.84316326530612,2.14102040816327,0.815408163265306,31.8321428571429,0.782040816326531,1.15183673469388,1.66204081632653,0.098,"8/7/24","SV","little sample left","8MAP","7/6/23","202","3","inner",NA,0.476,7.128,"","6/27/24",6.8333,"","202_X4_67_rt3_i","202_X4_67_rt3_i","X4_67","2",37.43,42.2276530612245,1.93387755102041,"Hybrid"
"419","8072024","276",1.26593625498008,0.660756972111554,0.370796812749004,27.9592430278885,0.620717131474104,0.811832669322709,0.812669322709163,0.251,"8/7/24","SV","","8MAP","7/6/23","202","3","outer",NA,3.223,9.875,"","6/27/24",7.642,"","202_X4_67_rt3_o","202_X4_67_rt3_o","X4_67","2",30.61,32.5019521912351,1.43254980079681,"Hybrid"
"420","8072024","287",0,0,0,4.65921810699589,0.441851851851852,0.572098765432099,0.298847736625514,0.243,"8/7/24","SV","","8MAP","7/6/23","212","3","inner",NA,4.392,11.044,"","6/27/24",7.9632,"","212_X8_37_rt3_i","212_X8_37_rt3_i","X8_37","2",29.77,5.97201646090535,1.01395061728395,"Hybrid"
"421","8072024","292",0.470333333333333,0.239208333333333,0.229333333333333,29.1645,0.973041666666667,1.18979166666667,0.436166666666667,0.24,"8/7/24","SV","","8MAP","7/6/23","213","2","outer",NA,7.618,14.27,"","6/27/24",8.9939,"","213_X4_42_rt2_o","213_X4_42_rt2_o","X4_42","2",30.7,32.702375,2.16283333333333,"Hybrid"
"422","8072024","293",1.90650205761317,0.993621399176955,0.59,31.6555555555556,0.946831275720165,1.48703703703704,0.863868312757202,0.243,"8/7/24","SV","","8MAP","7/6/23","213","3","inner",NA,4.281,10.933,"","6/27/24",7.8048,"","213_X4_42_rt3_i","213_X4_42_rt3_i","X4_42","2",26.84,38.4434156378601,2.4338683127572,"Hybrid"
"423","8072024","296",2.832,1.38282352941176,1.12870588235294,40.3447058823529,0.483529411764706,0.64164705882353,0.813176470588235,0.255,"8/7/24","SV","","8MAP","7/6/23","219","1","outer",NA,11.422,18.074,"","6/27/24",9.4576,"","219_X2_24_rt1_o","219_X2_24_rt1_o","X2_24","2",24.53,47.6265882352941,1.12517647058824,"Hybrid"
"424","8072024","297",5.19372093023256,2.67046511627907,1.59527131782946,35.7678682170543,0.513759689922481,0.742945736434109,0.546007751937984,0.258,"8/7/24","SV","","8MAP","7/6/23","219","2","inner",NA,1.677,8.329,"","6/27/24",7.0215,"","219_X2_24_rt2_i","219_X2_24_rt2_i","X2_24","2",21.8,47.0300387596899,1.25670542635659,"Hybrid"
"425","8072024","298",2.44308,1.23924,0.90552,31.27616,0.48064,0.63056,0.24256,0.25,"8/7/24","SV","","8MAP","7/6/23","219","2","outer",NA,6.052,12.704,"","6/27/24",8.2448,"","219_X2_24_rt2_o","219_X2_24_rt2_o","X2_24","2",26.26,37.21776,1.1112,"Hybrid"
"426","8072024","301",0.33366935483871,0.186370967741935,0.120241935483871,13.735,0.633911290322581,0.800362903225806,0,0.248,"8/7/24","SV","","8MAP","7/6/23","301","1","inner",NA,4.033,10.685,"","6/27/24",8.1197,"","301_X2_45_rt1_i","301_X2_45_rt1_i","X2_45","3",36.31,15.8095564516129,1.43427419354839,"Hybrid"
"427","8072024","306",0.175806451612903,0.101612903225806,0,12.8846774193548,0.471774193548387,0.671774193548387,0.262903225806452,0.248,"8/7/24","SV","","8MAP","7/6/23","301","3","outer",NA,4.634,11.286,"handwritten label","6/27/24",7.9811,"","301_X2_45_rt3_o","301_X2_45_rt3_o","X2_45","3",28.6,14.5685483870968,1.14354838709677,"Hybrid"
"428","8072024","307",0.97150406504065,0.426178861788618,0.156747967479675,15.7278455284553,0.574756097560976,0.818048780487805,0.37719512195122,0.246,"8/7/24","SV","","8MAP","7/6/23","303","1","inner",NA,3.874,10.526,"","6/27/24",7.7941,"","303_X11_68_rt1_i","303_X11_68_rt1_i","X11_68","3",29.39,19.0522764227642,1.39280487804878,"Hybrid"
"429","8072024","308",0,0,0,13.8174900398406,0.545816733067729,0.800836653386454,0.444183266932271,0.251,"8/7/24","SV","","8MAP","7/6/23","303","1","outer",NA,9.222,15.874,"","6/27/24",9.4871,"","303_X11_68_rt1_o","303_X11_68_rt1_o","X11_68","3",30.71,15.6083266932271,1.34665338645418,"Hybrid"
"430","8072024","309",0,0,0,10.6079446640316,0.433873517786561,0.679090909090909,0.232094861660079,0.253,"8/7/24","SV","","8MAP","7/6/23","303","2","inner",NA,4.313,10.965,"","6/27/24",7.9314,"","303_X11_68_rt2_i","303_X11_68_rt2_i","X11_68","3",29.58,11.9530039525692,1.11296442687747,"Hybrid"
"431","8072024","311",0.917125506072874,0.40834008097166,0.143603238866397,16.2,0.469757085020243,0.707975708502024,0.429919028340081,0.247,"8/7/24","SV","","8MAP","7/6/23","303","3","inner",NA,5.354,12.006,"","6/27/24",8.4269,"","303_X11_68_rt3_i","303_X11_68_rt3_i","X11_68","3",33.09,19.2767206477733,1.17773279352227,"Hybrid"
"432","8072024","312",0.123359375,0,0.0276171875,16.0932421875,0.477890625,0.679765625,0.418359375,0.256,"8/7/24","SV","","8MAP","7/6/23","303","3","outer",NA,9.603,16.255,"","6/27/24",9.5674,"","303_X11_68_rt3_o","303_X11_68_rt3_o","X11_68","3",30.32,17.820234375,1.15765625,"Hybrid"
"433","8072024","362",0.251028806584362,0.135802469135802,0.108641975308642,25.4469135802469,0.62798353909465,0.738271604938272,1.29135802469136,0.243,"8/7/24","SV","","9MAP","7/28/23","105","1","outer",NA,15.8485,15.8315,"","8/10/23",9.828,"","105_X5_66_rt1_o","105_X5_66_rt1_o","X5_66","1",34.56,28.6,1.36625514403292,"Hybrid"
"434","8072024","364",0.373400809716599,0.1982995951417,0.156720647773279,27.2022267206478,0.558906882591093,0.610080971659919,0.977894736842105,0.247,"8/7/24","SV","","9MAP","7/28/23","105","2","outer",NA,18.3079,18.2909,"","8/10/23",10.954,"","105_X5_66_rt2_o","105_X5_66_rt2_o","X5_66","1",36.94,30.0775303643725,1.16898785425101,"Hybrid"
"435","8072024","366",0.329752066115702,0.175206611570248,0.142148760330579,23.4884297520661,0.740495867768595,0.934710743801653,1.73801652892562,0.242,"8/7/24","SV","","9MAP","7/28/23","105","3","outer",NA,15.1097,15.0927,"","8/10/23",9.86,"","105_X5_66_rt3_o","105_X5_66_rt3_o","X5_66","1",37.97,27.5487603305785,1.67520661157025,"Hybrid"
"436","8072024","370",1.990703125,1.14015625,1.07515625,43.8334765625,0.4795703125,0.6022265625,0.6007421875,0.256,"8/7/24","SV","","9MAP","7/28/23","106","2","outer",NA,18.6143,18.5973,"","8/10/23",10.624,"","106_X4_46_rt2_o","106_X4_46_rt2_o","X4_46","1",33.22,49.72203125,1.081796875,"Hybrid"
"437","8072024","380",1.29953846153846,0.721346153846154,0.775653846153846,42.5509615384615,0.588769230769231,0.655769230769231,0.377230769230769,0.26,"8/7/24","SV","","9MAP","7/28/23","112","1","outer",NA,16.9352,16.9182,"","8/10/23",9.919,"","112_X4_67_rt1_o","112_X4_67_rt1_o","X4_67","1",31.79,46.9692692307692,1.24453846153846,"Hybrid"
"438","8072024","384",1.2051012145749,0.662145748987854,0.64502024291498,41.5710931174089,0.704615384615385,0.819716599190284,0.635222672064777,0.247,"8/7/24","SV","","9MAP","7/28/23","112","3","outer",NA,13.7808,13.7638,"","8/10/23",8.854,"","112_X4_67_rt3_o","112_X4_67_rt3_o","X4_67","1",30.91,46.2429149797571,1.52433198380567,"Hybrid"
"439","8072024","393",4.2568093385214,2.11906614785992,0.656031128404669,24.020233463035,0.642023346303502,0.868482490272374,0.578210116731517,0.257,"8/7/24","SV","","9MAP","7/28/23","205","2","inner",NA,9.9402,9.9232,"","8/10/23",7.626,"","205_X1_54_rt2_i","205_X1_54_rt2_i","X1_54","2",29.67,33.1408560311284,1.51050583657588,"Hybrid"
"440","8072024","S19",0.572306525037936,0.290402124430956,0.0299696509863429,11.7113429438543,0.462481031866464,0.565402124430956,0.166691957511381,0.2636,"8/7/24","SV","",NA,NA,NA,NA,NA,NA,NA,NA,NA,NA,NA,NA,NA,NA,"standard",NA,NA,13.7985963581184,1.02788315629742,NA
"441","8072024","S20",0.678824546240277,0.345246326707001,0.0340968020743302,11.7846585998271,0.55419187554019,0.651037165082109,0.208038029386344,0.2314,"8/7/24","SV","",NA,NA,NA,NA,NA,NA,NA,NA,NA,NA,NA,NA,NA,NA,"standard",NA,NA,14.2560933448574,1.2052290406223,NA
"442","8152024","38",0.606236162361624,0.292915129151291,0.122435424354244,14.0685608856089,1.09125461254613,1.50062730627306,1.21490774907749,0.271,"8/15/24","SV","","6MAP","5/29/23","206","1","outer",NA,13.355,13.355,"","",8.818,"","206_C17_rt1_o","206_C17_rt1_o","C17","2",32.26,18.8969372693727,2.59188191881919,"Latin American"
"443","8152024","45",7.77155172413793,3.75129310344828,1.87629310344828,49.8400862068966,1.02025862068966,1.5,1.22456896551724,0.232,"8/15/24","SV","","6MAP","5/29/23","214","2","inner",NA,10.128,10.128,"","",7.8,"","214_X4_46_rt2_i","214_X4_46_rt2_i","X4_46","2",32.93,66.9840517241379,2.52025862068966,"Hybrid"
"444","8152024","100",1.28151020408163,0.565632653061225,0.25,26.9460816326531,1.51636734693878,1.95322448979592,0.656530612244898,0.245,"8/15/24","SV","","6MAP","5/30/23","404","2","outer",NA,21.132,21.132,"","4/10/24",11.638,"","404_X10_52_rt2_o","404_X4_32_rt2_o","X4_32","4",34.41,33.1693469387755,3.46959183673469,"Hybrid"
"445","8152024","101",2.60110655737705,1.34032786885246,0.253360655737705,22.5028278688525,1.49090163934426,2.63045081967213,0.418606557377049,0.244,"8/15/24","SV","","6MAP","5/30/23","404","3","inner",NA,13.612,13.612,"","4/10/24",9.182,"","404_X10_52_rt3_i","404_X4_32_rt3_i","X4_32","4",36.3,31.2375819672131,4.12135245901639,"Hybrid"
"446","8152024","104",0,0,0,4.04048148148148,0.423962962962963,0.709444444444444,0.247814814814815,0.27,"8/15/24","SV","","6MAP","5/30/23","406","1","outer",NA,19.861,19.861,"tube broke and replaced","4/10/24",11.617,"","406_X8_37_rt1_o","406_X8_37_rt1_o","X8_37","4",37.56,5.4217037037037,1.13340740740741,"Hybrid"
"447","8152024","106",0,0,0,5.45666666666667,0.403297101449275,0.599021739130435,0.236268115942029,0.276,"8/15/24","SV","","6MAP","5/30/23","406","2","outer",NA,18.708,18.708,"","4/10/24",11.545,"","406_X8_37_rt2_o","406_X8_37_rt2_o","X8_37","4",40.56,6.6952536231884,1.00231884057971,"Hybrid"
"448","8152024","108",0,0,0,4.8162109375,0.535546875,0.5522265625,0.6419140625,0.256,"8/15/24","SV","","6MAP","5/30/23","406","3","outer",NA,18.244,18.244,"","4/10/24",11.535,"","406_X8_37_rt3_o","406_X8_37_rt3_o","X8_37","4",42.1,6.5458984375,1.0877734375,"Hybrid"
"449","8152024","109",2.44497695852535,1.3368202764977,0.42668202764977,33.9153917050691,1.7358064516129,3.18912442396313,0.420829493087558,0.217,"8/15/24","SV","","6MAP","5/30/23","417","1","inner",NA,9.782,9.782,"","4/10/24",7.808,"","417_X1_54_rt1_i","417_X1_54_rt1_i","X1_54","4",36.83,43.4696313364055,4.92493087557604,"Hybrid"
"450","8152024","112",0.251090047393365,0,0,25.2603791469194,0.753222748815166,1.46241706161137,0,0.211,"8/15/24","SV","","6MAP","5/30/23","417","2","outer",NA,13.428,13.428,"","4/10/24",8.924,"","417_X1_54_rt2_o","417_X1_54_rt2_o","X1_54","4",33.48,27.7271090047393,2.21563981042654,"Hybrid"
"451","8152024","113",1.53905213270142,0.759099526066351,0.275876777251185,40.6620853080569,1.45255924170616,2.36521327014218,0,0.211,"8/15/24","SV","","6MAP","5/30/23","417","3","inner",NA,10.894,10.894,"","4/10/24",8.45,"","417_X1_54_rt3_i","417_X1_54_rt3_i","X1_54","4",42.32,47.0538862559242,3.81777251184834,"Hybrid"
"452","8152024","114",0.447785977859779,0.182988929889299,0.118191881918819,32.3922878228782,0.767158671586716,1.44225092250923,0,0.271,"8/15/24","SV","","6MAP","5/30/23","417","3","outer",NA,17.61,17.61,"","4/10/24",10.502,"","417_X1_54_rt3_o","417_X1_54_rt3_o","X1_54","4",35.1,35.3506642066421,2.20940959409594,"Hybrid"
"453","8152024","115",0.750228571428571,0.393885714285714,0.211257142857143,22.2233714285714,1.21034285714286,1.86388571428571,0,0.175,"8/15/24","SV","","6MAP","5/30/23","419","1","inner",NA,10.733,10.733,"","4/10/24",8.225,"","419_X5_31_rt1_i","419_X5_31_rt1_i","X5_31","4",38.47,26.6529714285714,3.07422857142857,"Hybrid"
"454","8152024","116",0.664961832061069,0.29675572519084,0.148969465648855,23.4220992366412,0.987137404580153,1.52851145038168,0.279770992366412,0.262,"8/15/24","SV","","6MAP","5/30/23","419","1","outer",NA,18.437,18.437,"","4/10/24",10.483,"","419_X5_31_rt1_o","419_X5_31_rt1_o","X5_31","4",32.48,27.3282061068702,2.51564885496183,"Hybrid"
"455","8152024","118",0.578166089965398,0.265674740484429,0.124117647058824,17.9588581314879,0.87757785467128,1.31965397923875,0.284186851211073,0.289,"8/15/24","SV","","6MAP","5/30/23","419","2","outer",NA,16.59,16.59,"","4/10/24",9.637,"","419_X5_31_rt2_o","419_X5_31_rt2_o","X5_31","4",30,21.4082352941176,2.19723183391003,"Hybrid"
"456","8152024","119",1.21772727272727,0.6055,0.298681818181818,27.1773181818182,0.841681818181818,1.63318181818182,0.329909090909091,0.22,"8/15/24","SV","","6MAP","5/30/23","419","3","inner",NA,9.972,9.972,"","4/10/24",7.756,"","419_X5_31_rt3_i","419_X5_31_rt3_i","X5_31","4",33.15,32.104,2.47486363636364,"Hybrid"
"457","8152024","120",0.819588014981273,0.379737827715356,0.165505617977528,18.5964419475655,0.79123595505618,1.38749063670412,0.236928838951311,0.267,"8/15/24","SV","","6MAP","5/30/23","419","3","outer",NA,16.536,16.536,"","4/10/24",9.325,"","419_X5_31_rt3_o","419_X5_31_rt3_o","X5_31","4",27.01,22.3769288389513,2.1787265917603,"Hybrid"
"458","8152024","211",8.31061320754717,5.36551886792453,2.80448113207547,53.764858490566,0.688254716981132,0.920849056603774,0,0.212,"8/15/24","SV","","7MAP","6/21/23","410","1","inner",NA,9.417,9.402,"subtract 0.015 from here below","7/26/23",7.462,"","410_A04_rt1_i","410_A04_rt1_i","A04","4",29.33,71.8545754716981,1.60910377358491,"African"
"459","8152024","214",2.0117793594306,1.29270462633452,1.34256227758007,46.9631672597865,0.815729537366548,1.05679715302491,0,0.281,"8/15/24","SV","","7MAP","6/21/23","410","2","outer",NA,16.4,16.385,"","7/26/23",9.696,"","410_A04_rt2_o","410_A04_rt2_o","A04","4",31.24,53.4827402135231,1.87252669039146,"African"
"460","8152024","220",0.624453441295547,0.253684210526316,0.132712550607287,19.1408097165992,0.803967611336032,1.12271255060729,0.593238866396761,0.247,"8/15/24","SV","","7MAP","6/21/23","412","2","outer",NA,15.671,15.656,"","7/26/23",9.306,"","412_X11_68_rt2_o","412_X11_68_rt2_o","X11_68","4",29.44,22.6715789473684,1.92668016194332,"Hybrid"
"461","8152024","223",1.2131914893617,0.542446808510638,0.141276595744681,20.6035106382979,1.27654255319149,1.6225,0.404414893617021,0.188,"8/15/24","SV","","7MAP","6/21/23","413","1","inner",NA,10.482,10.467,"","7/26/23",8.042,"","413_C14_rt1_i","413_C14_rt1_i","C14","4",36.35,25.8038829787234,2.89904255319149,"Latin American"
"462","8152024","228",0.285258215962441,0,0.0996713615023474,21.7240845070423,1.20699530516432,1.70389671361502,0,0.213,"8/15/24","SV","","7MAP","6/21/23","413","3","outer",NA,10.127,10.112,"","7/26/23",9.783,"","413_C14_rt3_o","413_C14_rt3_o","C14","4",90.48,25.0199061032864,2.91089201877934,"Latin American"
"463","8152024","243",8.76282157676349,6.31091286307054,7.99058091286307,82.4629460580913,0.766639004149378,1.00804979253112,1.48410788381743,0.241,"8/15/24","SV","","8MAP","7/6/23","104","2","inner",NA,4.345,10.997,"","6/27/24",7.7798,"","104_X5_36_rt2_i","104_X5_36_rt2_i","X5_36","1",25.87,108.786058091286,1.7746887966805,"Hybrid"
"464","8152024","251",4.61839215686275,2.04392156862745,0.61243137254902,36.1493725490196,1.24752941176471,2.06407843137255,1.30549019607843,0.255,"8/15/24","SV","","8MAP","7/6/23","115","3","inner",NA,5.604,12.256,"","6/27/24",8.2987,"","115_X1_54_rt3_i","115_X1_54_rt3_i","X1_54","1",29.32,48.0412156862745,3.31160784313725,"Hybrid"
"465","8152024","259",1.74964143426295,0.923585657370518,0.66800796812749,49.0831474103586,1.99509960159363,2.74498007968128,1.55350597609562,0.251,"8/15/24","SV","","8MAP","7/6/23","119","1","inner",NA,6.374,13.026,"samples in tubes marked 119 are actually 120 (corrected in GID column); this tube is handwritten","6/27/24",8.0003,"","119_X11_57_rt1_i","120_X5_31_rt1_i","X5_31","1",21.09,58.71796812749,4.7400796812749,"Hybrid"
"466","8152024","265",0.566666666666667,0.283333333333333,0.122142857142857,9.30214285714286,0.183849206349206,0.501190476190476,0,0.252,"8/15/24","SV","","8MAP","7/6/23","120","1","inner",NA,4.456,11.108,"samples in tubes marked 120 are actually 117 (corrected in GID column)","6/27/24",7.9514,"","120_X5_31_rt1_i","117_A20_rt1_i","A20","1",29.08,10.9593253968254,0.685039682539683,"African"
"467","8152024","271",5.8223046875,3.026953125,2.1873828125,55.7317578125,0.9405078125,1.732578125,0.695859375,0.256,"8/15/24","SV","","8MAP","7/6/23","202","1","inner",NA,4.617,11.269,"","6/27/24",8.2023,"","202_X4_67_rt1_i","202_X4_67_rt1_i","X4_67","2",33.51,70.13734375,2.6730859375,"Hybrid"
"468","8152024","291",2.99592,1.5616,0.79448,42.82196,0.89436,1.5378,0.9134,0.25,"8/15/24","SV","","8MAP","7/6/23","213","2","inner",NA,4.745,11.397,"","6/27/24",8.1413,"","213_X4_42_rt2_i","213_X4_42_rt2_i","X4_42","2",31.31,51.51952,2.43216,"Hybrid"
"469","8152024","295",6.52521739130435,3.01332015810277,2.00810276679842,76.948418972332,0.755928853754941,1.13276679841897,0.956521739130435,0.253,"8/15/24","SV","","8MAP","7/6/23","219","1","inner",NA,7.321,13.973,"","6/27/24",8.7111,"","219_X2_24_rt1_i","219_X2_24_rt1_i","X2_24","2",28.08,91.3402766798419,1.88869565217391,"Hybrid"
"470","8152024","299",6.41555102040816,2.90518367346939,1.50314285714286,60.0859183673469,0.724571428571429,0.974897959183674,1.36416326530612,0.245,"8/15/24","SV","","8MAP","7/6/23","219","3","inner",NA,2.892,9.544,"","6/27/24",7.4139,"","219_X2_24_rt3_i","219_X2_24_rt3_i","X2_24","2",26.22,73.9734285714286,1.6994693877551,"Hybrid"
"471","8152024","303",1.25455284552846,0.63979674796748,0.359349593495935,20.0362601626016,0.939024390243902,1.57256097560976,0.266666666666667,0.246,"8/15/24","SV","","8MAP","7/6/23","301","2","inner",NA,1.287,7.939,"","6/27/24",7.0029,"","301_X2_45_rt2_i","301_X2_45_rt2_i","X2_45","3",26.98,25.0682113821138,2.51158536585366,"Hybrid"
"472","8152024","305",1.10433198380567,0.593643724696356,0.380526315789474,33.2991497975708,1.14153846153846,2.18437246963563,0.484939271255061,0.247,"8/15/24","SV","","8MAP","7/6/23","301","3","inner",NA,2,8.652,"","6/27/24",7.1788,"","301_X2_45_rt3_i","301_X2_45_rt3_i","X2_45","3",26.16,39.1885020242915,3.32591093117409,"Hybrid"
"473","8152024","313",4.28230366492147,2.48460732984293,1.06890052356021,60.5453403141361,1.88984293193717,3.17319371727749,5.00774869109948,0.191,"8/15/24","SV","","9MAP","7/28/23","306","1","inner",NA,9.026,9.009,"hand changed label","6/27/24",7.3361,"","307_X4_32_rti_i","306_X4_32_rti_i","X4_32","3",28.87,78.4519371727749,5.06303664921466,"Hybrid"
"474","8152024","314",1.82716535433071,0.779055118110236,0.713464566929134,62.2896062992126,1.64511811023622,2.89535433070866,2.86055118110236,0.254,"8/15/24","SV","","9MAP","7/28/23","306","1","outer",NA,16.5163,16.4993,"no root number or layer written on tube but guessing it goes here by process of elimination","6/27/24",9.9663,"","307_X4_32_rti_o","306_X4_32_rti_o","X4_32","3",33.62,73.0103149606299,4.54047244094488,"Hybrid"
"475","8152024","315",6.48376344086022,3.30424731182796,1.64172043010753,57.5308064516129,1.55059139784946,2.73193548387097,5.2944623655914,0.186,"8/15/24","SV","","9MAP","7/28/23","306","2","inner",NA,10.8235,10.8065,"","6/27/24",7.8061,"","307_X4_32_rt2_i","306_X4_32_rt2_i","X4_32","3",27.69,78.5375268817204,4.28252688172043,"Hybrid"
"476","8152024","316",1.796875,0.788125,0.569779411764706,45.4424264705882,2.28702205882353,3.11378676470588,2.16988970588235,0.272,"8/15/24","SV","","9MAP","7/28/23","306","2","outer",NA,20.4339,20.4169,"","6/27/24",11.0009,"","307_X4_32_rt2_o","306_X4_32_rt2_o","X4_32","3",31.57,56.1679044117647,5.40080882352941,"Hybrid"
"477","8152024","317",4.81457831325301,2.40644578313253,1.1894578313253,62.445,1.71198795180723,3.13524096385542,6.36325301204819,0.166,"8/15/24","SV","","9MAP","7/28/23","306","3","inner",NA,8.1309,8.1139,"","",NA,"","307_X4_32_rt3_i","306_X4_32_rt3_i","X4_32","3",NA,82.0659638554217,4.84722891566265,"Hybrid"
"478","8152024","318",1.63107883817427,0.623941908713693,0.47655601659751,44.0045228215768,1.72809128630705,2.61854771784232,3.49917012448133,0.241,"8/15/24","SV","","9MAP","7/28/23","306","3","outer",NA,13.8116,13.7946,"","6/27/24",9.0184,"","307_X4_32_rt3_o","306_X4_32_rt3_o","X4_32","3",33.08,54.581908713693,4.34663900414938,"Hybrid"
"479","8152024","396",2.57741935483871,1.25584677419355,0.516733870967742,42.6158467741935,0.710040322580645,1.16108870967742,0.639314516129032,0.248,"8/15/24","SV","","9MAP","7/28/23","205","3","outer",NA,20.4888,20.4718,"","8/10/23",11.483,"","205_X1_54_rt3_o","205_X1_54_rt3_o","X1_54","2",34.93,49.4762903225807,1.87112903225806,"Hybrid"
"480","8152024","404",1.59992452830189,0.806075471698113,0.526,39.2849811320755,1.02279245283019,1.23709433962264,1.64377358490566,0.265,"8/15/24","SV","","9MAP","7/28/23","210","1","outer",NA,21.4788,21.4618,"","8/10/23",12.218,"","210_X11_68_rt1_o","210_X11_68_rt1_o","X11_68","2",37.56,46.120641509434,2.25988679245283,"Hybrid"
"481","8152024","412",4.94804,2.94668,3.89904,101.93228,0.35124,0.62232,1.35192,0.25,"8/15/24","SV","","9MAP","7/28/23","218","2","outer",NA,18.9016,18.8846,"may not be fully dry","6/27/24",9.9851,"","218_X8_41.5_rt2_o","218_X8_41.5_rt2_o","X8_41.5","2",27.22,116.05152,0.97356,"Hybrid"
"482","8152024","417",8.15384236453202,3.97778325123153,3.66571428571429,77.1860098522167,0.718866995073892,1.10088669950739,4.00546798029557,0.203,"8/15/24","SV","","9MAP","7/28/23","220","2","inner",NA,10.1601,10.1431,"","6/27/24",7.5363,"","220_X1_34_rt2_i","220_X10_39_rt2_i","X10_39","2",25.22,98.8085714285714,1.81975369458128,"Hybrid"
"483","8152024","419",9.9442718446602,5.15165048543689,3.83660194174757,59.7755825242718,0.674902912621359,1.03533980582524,1.88140776699029,0.206,"8/15/24","SV","","9MAP","7/28/23","220","3","inner",NA,11.8715,11.8545,"","6/27/24",7.9033,"","220_X1_34_rt3_i","220_X10_39_rt3_i","X10_39","2",23.98,82.2997572815534,1.7102427184466,"Hybrid"
"484","8152024","420",2.1911013215859,1.07568281938326,1.22625550660793,52.3767400881057,0.40374449339207,0.625418502202643,0.889559471365639,0.227,"8/15/24","SV","","9MAP","7/28/23","220","3","outer",NA,23.2501,23.2331,"busted tube; replaced in new tube with handwritten label","6/27/24",10.8176,"","220_X1_34_rt3_o","220_X10_39_rt3_o","X10_39","2",25.1,58.7885022026432,1.02916299559471,"Hybrid"
"485","8152024","423",1.02825301204819,0.489819277108434,0.190481927710843,13.9854819277108,1.01078313253012,1.47921686746988,0,0.166,"8/15/24","SV","","9MAP","7/28/23","302","2","inner",NA,10.5839,10.5669,"","6/27/24",7.8709,"","302_C17_rt2_i","302_C17_rt2_i","C17","3",31.05,18.1840361445783,2.49,"Latin American"
"486","8152024","435",5.18352226720648,3.43935222672065,2.41222672064777,49.3632388663968,0.292267206477733,0.45331983805668,0,0.247,"8/15/24","SV","","9MAP","7/28/23","307","2","inner",NA,15.1308,15.1138,"","6/27/24",8.7831,"","307_A03_rt2_i","307_A03_rt2_i","A03","3",25.14,61.1439271255061,0.745587044534413,"African"
"487","8152024","439",4.75375,2.44015,1.64965,70.5734,0.54945,1.0248,1.8813,0.2,"8/15/24","SV","","9MAP","7/28/23","317","1","inner",NA,11.0285,11.0115,"","6/27/24",7.5672,"","317_X4_42_rt1_i","317_X4_42_rt1_i","X4_42","3",20.9,82.8725,1.57425,"Hybrid"
"488","8152024","445",0,0,0,7.25716049382716,0.300987654320988,0.458827160493827,0.679074074074074,0.162,"8/15/24","SV","","9MAP","7/28/23","319","1","inner",NA,8.6979,8.6809,"","6/27/24",7.2724,"","319_X8_37_rt1_i","319_X8_37_rt1_i","X8_37","3",30.41,8.69604938271605,0.759814814814815,"Hybrid"
"489","8152024","449",0,0,0,9.08304347826087,0.450621118012422,0.830496894409938,0.406149068322981,0.161,"8/15/24","SV","","9MAP","7/28/23","319","3","inner",NA,9.5648,9.5478,"","6/27/24",7.5781,"","319_X8_37_rt3_i","319_X8_37_rt3_i","X8_37","3",31.86,10.7703105590062,1.28111801242236,"Hybrid"
"490","8152024","452",0.121074380165289,0,0,7.88801652892562,0.414628099173554,0.683719008264463,0.308223140495868,0.242,"8/15/24","SV","","9MAP","7/28/23","402","1","outer",NA,21.7191,21.7021,"may not be fully dry","6/27/24",12.003,"","402_X11_57_rt1_o","402_X11_57_rt1_o","X11_57","4",35.53,9.41566115702479,1.09834710743802,"Hybrid"
"491","8152024","453",0,0,0,6.83535211267606,0.48018779342723,0.675727699530516,0.486525821596244,0.213,"8/15/24","SV","","9MAP","7/28/23","402","2","inner",NA,9.5872,9.5702,"","6/27/24",7.7515,"","402_X11_57_rt2_i","402_X11_57_rt2_i","X11_57","4",37.57,8.47779342723005,1.15591549295775,"Hybrid"
"492","8152024","454",0,0,0,6.4310460251046,0.343765690376569,0.49581589958159,0.395313807531381,0.239,"8/15/24","SV","","9MAP","7/28/23","402","2","outer",NA,15.9367,15.9197,"","6/27/24",9.7985,"","402_X11_57_rt2_o","402_X11_57_rt2_o","X11_57","4",33.92,7.66594142259414,0.839581589958159,"Hybrid"
"493","8152024","455",0,0,0,8.32479591836735,0.510816326530612,0.882755102040816,0.383520408163265,0.196,"8/15/24","SV","","9MAP","7/28/23","402","3","inner",NA,9.9568,9.9398,"","6/27/24",7.8735,"","402_X11_57_rt3_i","402_X11_57_rt3_i","X11_57","4",37.06,10.101887755102,1.39357142857143,"Hybrid"
"494","8152024","470",0.208927335640138,0,0.0952595155709343,48.4313494809689,0.488546712802768,0.802975778546713,0,0.289,"8/15/24","SV","tissue seems abnormally heavy for volume","9MAP","7/28/23","409","1","outer",NA,19.3035,19.2865,"","6/27/24",11.0441,"","409_X2_45_rt1_o","409_X2_45_rt1_o","X2_45","4",34.74,50.0270588235294,1.29152249134948,"Hybrid"
"495","8152024","475",8.21593625498008,5.4889641434263,4.64633466135458,70.9570119521912,0.797729083665339,1.30438247011952,1.78258964143426,0.251,"8/15/24","SV","","9MAP","7/28/23","418","1","inner",NA,10.1793,10.1623,"","6/27/24",7.3941,"","418_X5_36_rt1_i","418_X5_36_rt1_i","X5_36","4",21.03,93.1929482071713,2.10211155378486,"Hybrid"
"496","8152024","478",2.48283653846154,1.53158653846154,2.40538461538462,52.1642307692308,0.720240384615385,1.09125,2.01399038461538,0.208,"8/15/24","SV","","9MAP","7/28/23","418","2","outer",NA,13.5875,13.5705,"","",NA,"","418_X5_36_rt2_o","418_X5_36_rt2_o","X5_36","4",NA,62.4095192307692,1.81149038461538,"Hybrid"
"497","8152024","S21",0.888859556494192,0.584794086589229,0.0614572333685322,15.4259767687434,0.707761351636748,0.940337909186906,0.239229144667371,0.1894,"8/15/24","SV","",NA,NA,NA,NA,NA,NA,NA,NA,NA,NA,NA,NA,NA,NA,"standard",NA,NA,18.8484160506864,1.64809926082365,NA
"498","8152024","S22",0.946999405822935,0.558764111705288,0.0616755793226382,16.4894236482472,0.687581699346405,0.999643493761141,0.246761734997029,0.1683,"8/15/24","SV","",NA,NA,NA,NA,NA,NA,NA,NA,NA,NA,NA,NA,NA,NA,"standard",NA,NA,19.9908496732026,1.68722519310755,NA
"499",NA,"168",NA,NA,NA,NA,NA,NA,NA,0.255,"6/20/24","SV","","7MAP","6/20/23","208","3","outer",NA,12.528,12.528,"","6/28/23",8.125,"","208_X10_52_rt3_o","208_X4_32_rt3_o","X4_32","2",25,NA,NA,"Hybrid"
"500",NA,"189",NA,NA,NA,NA,NA,NA,NA,0.233,"8/15/24","SV","","7MAP","6/20/23","308","2","inner",NA,8.688,8.688,"","4/10/24",7.179,"","308_X4_46_rt2_i","308_X4_46_rt2_i","X4_46","3",25.7,NA,NA,"Hybrid"
"501",NA,"190",NA,NA,NA,NA,NA,NA,NA,NA,"","","","7MAP","6/20/23","308","2","outer",NA,18.937,18.937,"","",NA,"","308_X4_46_rt2_o","308_X4_46_rt2_o","X4_46","3",NA,NA,NA,"Hybrid"
"502",NA,"376",NA,NA,NA,NA,NA,NA,NA,NA,"","","not grounded enough","9MAP","7/28/23","107","2","outer",NA,22.774,22.757,"","8/10/23",12.481,"","107_X10_52_rt2_o","107_X4_32_rt2_o","X4_32","1",36.17,NA,NA,"Hybrid"
